2025-08-15 14:02:22,511 fastran_init_fastran_init_1 DEBUG    __initialize__(): <fastran.driver.fastran_init.fastran_init object at 0x154124400790>  fastran_000001@fastran_init@1 
2025-08-15 14:02:22,530 fastran_init_fastran_init_1 DEBUG    Running - CompID =  fastran_000001@fastran_init@1
2025-08-15 14:02:22,531 fastran_init_fastran_init_1 DEBUG    _init_event_service(): self.counter = 0 - <fastran.driver.fastran_init.fastran_init object at 0x154124400790>
2025-08-15 14:02:22,533 fastran_driver_fastran_driver_2 DEBUG    __initialize__(): <fastran.driver.fastran_driver.fastran_driver object at 0x15412441c0d0>  fastran_000001@fastran_driver@2 
2025-08-15 14:02:22,542 fastran_driver_fastran_driver_2 DEBUG    Running - CompID =  fastran_000001@fastran_driver@2
2025-08-15 14:02:22,542 fastran_driver_fastran_driver_2 DEBUG    _init_event_service(): self.counter = 0 - <fastran.driver.fastran_driver.fastran_driver object at 0x15412441c0d0>
2025-08-15 14:02:22,576 fastran_eq0_efit_3 DEBUG    __initialize__(): <fastran.equilibrium.efit.efit object at 0x15412441cd00>  fastran_000001@efit@3 
2025-08-15 14:02:22,585 fastran_eq0_efit_3 DEBUG    Running - CompID =  fastran_000001@efit@3
2025-08-15 14:02:22,586 fastran_eq0_efit_3 DEBUG    _init_event_service(): self.counter = 0 - <fastran.equilibrium.efit.efit object at 0x15412441cd00>
2025-08-15 14:02:22,602 fastran_ic_hcd_model_4 DEBUG    __initialize__(): <fastran.heating.hcd_model.hcd_model object at 0x1541243ab700>  fastran_000001@hcd_model@4 
2025-08-15 14:02:22,612 fastran_ic_hcd_model_4 DEBUG    Running - CompID =  fastran_000001@hcd_model@4
2025-08-15 14:02:22,613 fastran_ic_hcd_model_4 DEBUG    _init_event_service(): self.counter = 0 - <fastran.heating.hcd_model.hcd_model object at 0x1541243ab700>
2025-08-15 14:02:22,644 fastran_tr0_fastran_5 DEBUG    __initialize__(): <fastran.solver.fastran.fastran object at 0x1541243b7c40>  fastran_000001@fastran@5 
2025-08-15 14:02:22,654 fastran_tr0_fastran_5 DEBUG    Running - CompID =  fastran_000001@fastran@5
2025-08-15 14:02:22,655 fastran_tr0_fastran_5 DEBUG    _init_event_service(): self.counter = 0 - <fastran.solver.fastran.fastran object at 0x1541243b7c40>
2025-08-15 14:02:22,685 fastran__modeleq_constraint_6 DEBUG    __initialize__(): <fastran.driver.modeleq_constraint.modeleq_constraint object at 0x1541243c2fa0>  fastran_000001@modeleq_constraint@6 
2025-08-15 14:02:22,694 fastran__modeleq_constraint_6 DEBUG    Running - CompID =  fastran_000001@modeleq_constraint@6
2025-08-15 14:02:22,695 fastran__modeleq_constraint_6 DEBUG    _init_event_service(): self.counter = 0 - <fastran.driver.modeleq_constraint.modeleq_constraint object at 0x1541243c2fa0>
2025-08-15 14:02:22,709 fastran_nb_nubeam_7 DEBUG    __initialize__(): <fastran.heating.nubeam.nubeam object at 0x1541243cb940>  fastran_000001@nubeam@7 
2025-08-15 14:02:22,714 fastran_eq_efit_8 DEBUG    __initialize__(): <fastran.equilibrium.efit.efit object at 0x1541243d2310>  fastran_000001@efit@8 
2025-08-15 14:02:22,716 fastran_nb_nubeam_7 DEBUG    Running - CompID =  fastran_000001@nubeam@7
2025-08-15 14:02:22,717 fastran_nb_nubeam_7 DEBUG    _init_event_service(): self.counter = 0 - <fastran.heating.nubeam.nubeam object at 0x1541243cb940>
2025-08-15 14:02:22,720 fastran_tr_fastran_9 DEBUG    __initialize__(): <fastran.solver.fastran.fastran object at 0x1541243d2c40>  fastran_000001@fastran@9 
2025-08-15 14:02:22,723 fastran_eq_efit_8 DEBUG    Running - CompID =  fastran_000001@efit@8
2025-08-15 14:02:22,724 fastran_eq_efit_8 DEBUG    _init_event_service(): self.counter = 0 - <fastran.equilibrium.efit.efit object at 0x1541243d2310>
2025-08-15 14:02:22,729 fastran_tr_fastran_9 DEBUG    Running - CompID =  fastran_000001@fastran@9
2025-08-15 14:02:22,729 fastran_tr_fastran_9 DEBUG    _init_event_service(): self.counter = 0 - <fastran.solver.fastran.fastran object at 0x1541243d2c40>
2025-08-15 14:02:22,787 fastran_ep_far3d_10 DEBUG    __initialize__(): <fastran.stability.far3d.far3d object at 0x1541243d2dc0>  fastran_000001@far3d@10 
2025-08-15 14:02:22,797 fastran_ep_far3d_10 DEBUG    Running - CompID =  fastran_000001@far3d@10
2025-08-15 14:02:22,798 fastran_ep_far3d_10 DEBUG    _init_event_service(): self.counter = 0 - <fastran.stability.far3d.far3d object at 0x1541243d2dc0>
2025-08-15 14:02:23,131 fastran_init_fastran_init_1 DEBUG    Received Message 
2025-08-15 14:02:23,131 fastran_init_fastran_init_1 DEBUG    Calling method init(0)
2025-08-15 14:02:23,164 fastran_init_fastran_init_1 DEBUG    Received Message 
2025-08-15 14:02:23,164 fastran_init_fastran_init_1 DEBUG    Calling method step(0)
2025-08-15 14:02:23,189 fastran_init_fastran_init_1 DEBUG    _invoke_service(): getTopic  ('_IPS_MONITOR',)
2025-08-15 14:02:23,189 fastran_init_fastran_init_1 DEBUG    _get_service_response(REQUEST|fastran_000001@fastran_init@1|FRAMEWORK@Framework@0|0)
2025-08-15 14:02:23,201 fastran_init_fastran_init_1 DEBUG    _get_service_response(REQUEST|fastran_000001@fastran_init@1|FRAMEWORK@Framework@0|0), response = ServiceResponseMessage(sender_id=FRAMEWORK@Framework@0, receiver_id=fastran_000001@fastran_init@1, request_msg_id=REQUEST|fastran_000001@fastran_init@1|FRAMEWORK@Framework@0|0,status=0, args=(<ipsframework.cca_es_spec.Topic object at 0x15412441e310>,), message_id=RESPONSE|FRAMEWORK@Framework@0|fastran_000001@fastran_init@1|8)
2025-08-15 14:02:23,201 fastran_init_fastran_init_1 DEBUG    _invoke_service(): sendEvent  ('_IPS_MONITOR', 'PORTAL_EVENT', {'sim_name': 'fastran_000001', 'real_sim_name': 'fastran_000001', 'portal_data': {'code': 'fastran_init_fastran_init', 'eventtype': 'IPS_STAGE_INPUTS', 'ok': True, 'walltime': '3.91', 'time': '2025-08-15|14:02:23PDT', 'trace': {'timestamp': 1755291743167158, 'duration': 22460, 'localEndpoint': {'serviceName': 'stage_input_files'}, 'name': 'instate', 'id': '55339cced059be1a', 'parentId': '716300f3071b3c32', 'tags': {}}, 'state': 'Running', 'comment': 'Elapsed time = 0.022 Path = /global/homes/y/yashu_gh/FREDA_EP/ips-fastran/examples_new/far3d/example1/input Files = instate'}})
2025-08-15 14:02:23,201 fastran_init_fastran_init_1 DEBUG    _get_service_response(REQUEST|fastran_000001@fastran_init@1|FRAMEWORK@Framework@0|1)
2025-08-15 14:02:23,212 fastran_init_fastran_init_1 DEBUG    _get_service_response(REQUEST|fastran_000001@fastran_init@1|FRAMEWORK@Framework@0|1), response = ServiceResponseMessage(sender_id=FRAMEWORK@Framework@0, receiver_id=fastran_000001@fastran_init@1, request_msg_id=REQUEST|fastran_000001@fastran_init@1|FRAMEWORK@Framework@0|1,status=0, args=(None,), message_id=RESPONSE|FRAMEWORK@Framework@0|fastran_000001@fastran_init@1|9)
2025-08-15 14:02:23,659 fastran_init_fastran_init_1 DEBUG    _invoke_service(): update_state  (['s000001.00001', 'g000001.00001', 'i000001.00001'], '/global/homes/y/yashu_gh/FREDA_EP/ips-fastran/examples_new/far3d/example1/SCAN/work/fastran_init_fastran_init_1', '/global/homes/y/yashu_gh/FREDA_EP/ips-fastran/examples_new/far3d/example1/SCAN/work/plasma_state')
2025-08-15 14:02:23,659 fastran_init_fastran_init_1 DEBUG    _get_service_response(REQUEST|fastran_000001@fastran_init@1|FRAMEWORK@Framework@0|2)
2025-08-15 14:02:23,739 fastran_init_fastran_init_1 DEBUG    _get_service_response(REQUEST|fastran_000001@fastran_init@1|FRAMEWORK@Framework@0|2), response = ServiceResponseMessage(sender_id=FRAMEWORK@Framework@0, receiver_id=fastran_000001@fastran_init@1, request_msg_id=REQUEST|fastran_000001@fastran_init@1|FRAMEWORK@Framework@0|2,status=0, args=(0,), message_id=RESPONSE|FRAMEWORK@Framework@0|fastran_000001@fastran_init@1|10)
2025-08-15 14:02:23,739 fastran_init_fastran_init_1 DEBUG    _invoke_service(): getTopic  ('_IPS_MONITOR',)
2025-08-15 14:02:23,739 fastran_init_fastran_init_1 DEBUG    _get_service_response(REQUEST|fastran_000001@fastran_init@1|FRAMEWORK@Framework@0|3)
2025-08-15 14:02:23,749 fastran_init_fastran_init_1 DEBUG    _get_service_response(REQUEST|fastran_000001@fastran_init@1|FRAMEWORK@Framework@0|3), response = ServiceResponseMessage(sender_id=FRAMEWORK@Framework@0, receiver_id=fastran_000001@fastran_init@1, request_msg_id=REQUEST|fastran_000001@fastran_init@1|FRAMEWORK@Framework@0|3,status=0, args=(<ipsframework.cca_es_spec.Topic object at 0x1541243a35e0>,), message_id=RESPONSE|FRAMEWORK@Framework@0|fastran_000001@fastran_init@1|12)
2025-08-15 14:02:23,749 fastran_init_fastran_init_1 DEBUG    _invoke_service(): sendEvent  ('_IPS_MONITOR', 'PORTAL_EVENT', {'sim_name': 'fastran_000001', 'real_sim_name': 'fastran_000001', 'portal_data': {'code': 'fastran_init_fastran_init', 'eventtype': 'IPS_UPDATE_STATE', 'ok': True, 'walltime': '4.46', 'time': '2025-08-15|14:02:23PDT', 'trace': {'timestamp': 1755291743659396, 'duration': 79680, 'localEndpoint': {'serviceName': 'update_state'}, 'name': "['s000001.00001', 'g000001.00001', 'i000001.00001']", 'id': '7629e189a66153c0', 'parentId': '716300f3071b3c32', 'tags': {}}, 'state': 'Running', 'comment': 'Elapsed time = 0.080   files = s000001.00001 g000001.00001 i000001.00001 Success'}})
2025-08-15 14:02:23,749 fastran_init_fastran_init_1 DEBUG    _get_service_response(REQUEST|fastran_000001@fastran_init@1|FRAMEWORK@Framework@0|4)
2025-08-15 14:02:23,760 fastran_init_fastran_init_1 DEBUG    _get_service_response(REQUEST|fastran_000001@fastran_init@1|FRAMEWORK@Framework@0|4), response = ServiceResponseMessage(sender_id=FRAMEWORK@Framework@0, receiver_id=fastran_000001@fastran_init@1, request_msg_id=REQUEST|fastran_000001@fastran_init@1|FRAMEWORK@Framework@0|4,status=0, args=(None,), message_id=RESPONSE|FRAMEWORK@Framework@0|fastran_000001@fastran_init@1|13)
2025-08-15 14:02:23,769 fastran_init_fastran_init_1 DEBUG    _invoke_service(): getTopic  ('_IPS_MONITOR',)
2025-08-15 14:02:23,769 fastran_init_fastran_init_1 DEBUG    _get_service_response(REQUEST|fastran_000001@fastran_init@1|FRAMEWORK@Framework@0|5)
2025-08-15 14:02:23,779 fastran_init_fastran_init_1 DEBUG    _get_service_response(REQUEST|fastran_000001@fastran_init@1|FRAMEWORK@Framework@0|5), response = ServiceResponseMessage(sender_id=FRAMEWORK@Framework@0, receiver_id=fastran_000001@fastran_init@1, request_msg_id=REQUEST|fastran_000001@fastran_init@1|FRAMEWORK@Framework@0|5,status=0, args=(<ipsframework.cca_es_spec.Topic object at 0x1541243a3760>,), message_id=RESPONSE|FRAMEWORK@Framework@0|fastran_000001@fastran_init@1|14)
2025-08-15 14:02:23,779 fastran_init_fastran_init_1 DEBUG    _invoke_service(): sendEvent  ('_IPS_MONITOR', 'PORTAL_EVENT', {'sim_name': 'fastran_000001', 'real_sim_name': 'fastran_000001', 'portal_data': {'code': 'fastran_init_fastran_init', 'eventtype': 'IPS_STAGE_OUTPUTS', 'ok': True, 'walltime': '4.49', 'time': '2025-08-15|14:02:23PDT', 'trace': {'timestamp': 1755291743760396, 'duration': 8957, 'localEndpoint': {'serviceName': 'stage_output_files'}, 'name': '[]', 'id': 'ed019efe11be26d9', 'parentId': '716300f3071b3c32', 'tags': {}}, 'state': 'Running', 'comment': 'Elapsed time = 0.009 Path = /global/homes/y/yashu_gh/FREDA_EP/ips-fastran/examples_new/far3d/example1/SCAN/simulation_results/0/components/fastran_init_fastran_init_1 Files = []'}})
2025-08-15 14:02:23,779 fastran_init_fastran_init_1 DEBUG    _get_service_response(REQUEST|fastran_000001@fastran_init@1|FRAMEWORK@Framework@0|6)
2025-08-15 14:02:23,790 fastran_init_fastran_init_1 DEBUG    _get_service_response(REQUEST|fastran_000001@fastran_init@1|FRAMEWORK@Framework@0|6), response = ServiceResponseMessage(sender_id=FRAMEWORK@Framework@0, receiver_id=fastran_000001@fastran_init@1, request_msg_id=REQUEST|fastran_000001@fastran_init@1|FRAMEWORK@Framework@0|6,status=0, args=(None,), message_id=RESPONSE|FRAMEWORK@Framework@0|fastran_000001@fastran_init@1|15)
2025-08-15 14:02:23,791 fastran_init_fastran_init_1 DEBUG    Received Message 
2025-08-15 14:02:23,791 fastran_init_fastran_init_1 DEBUG    Calling method finalize(0)
2025-08-15 14:02:23,793 fastran_driver_fastran_driver_2 DEBUG    Received Message 
2025-08-15 14:02:23,794 fastran_driver_fastran_driver_2 DEBUG    Calling method init(0)
2025-08-15 14:02:23,797 fastran_driver_fastran_driver_2 DEBUG    Received Message 
2025-08-15 14:02:23,797 fastran_driver_fastran_driver_2 DEBUG    Calling method step(0)
2025-08-15 14:02:23,797 fastran_driver_fastran_driver_2 DEBUG    _invoke_service(): getTopic  ('_IPS_MONITOR',)
2025-08-15 14:02:23,797 fastran_driver_fastran_driver_2 DEBUG    _get_service_response(REQUEST|fastran_000001@fastran_driver@2|FRAMEWORK@Framework@0|0)
2025-08-15 14:02:23,809 fastran_driver_fastran_driver_2 DEBUG    _get_service_response(REQUEST|fastran_000001@fastran_driver@2|FRAMEWORK@Framework@0|0), response = ServiceResponseMessage(sender_id=FRAMEWORK@Framework@0, receiver_id=fastran_000001@fastran_driver@2, request_msg_id=REQUEST|fastran_000001@fastran_driver@2|FRAMEWORK@Framework@0|0,status=0, args=(<ipsframework.cca_es_spec.Topic object at 0x15412441cbb0>,), message_id=RESPONSE|FRAMEWORK@Framework@0|fastran_000001@fastran_driver@2|16)
2025-08-15 14:02:23,809 fastran_driver_fastran_driver_2 DEBUG    _invoke_service(): sendEvent  ('_IPS_MONITOR', 'PORTAL_EVENT', {'sim_name': 'fastran_000001', 'real_sim_name': 'fastran_000001', 'portal_data': {'code': 'fastran_driver_fastran_driver', 'eventtype': 'IPS_STAGE_INPUTS', 'ok': True, 'walltime': '4.52', 'time': '2025-08-15|14:02:23PDT', 'trace': {'timestamp': 1755291743797401, 'duration': 149, 'localEndpoint': {'serviceName': 'stage_input_files'}, 'name': '', 'id': 'e70cb59b389672bf', 'parentId': '15e0663de819b9fa', 'tags': {}}, 'state': 'Running', 'comment': 'Elapsed time = 0.000 Path = /global/homes/y/yashu_gh/FREDA_EP/ips-fastran/examples_new/far3d/example1/input Files = '}})
2025-08-15 14:02:23,809 fastran_driver_fastran_driver_2 DEBUG    _get_service_response(REQUEST|fastran_000001@fastran_driver@2|FRAMEWORK@Framework@0|1)
2025-08-15 14:02:23,820 fastran_driver_fastran_driver_2 DEBUG    _get_service_response(REQUEST|fastran_000001@fastran_driver@2|FRAMEWORK@Framework@0|1), response = ServiceResponseMessage(sender_id=FRAMEWORK@Framework@0, receiver_id=fastran_000001@fastran_driver@2, request_msg_id=REQUEST|fastran_000001@fastran_driver@2|FRAMEWORK@Framework@0|1,status=0, args=(None,), message_id=RESPONSE|FRAMEWORK@Framework@0|fastran_000001@fastran_driver@2|17)
2025-08-15 14:02:23,821 fastran_driver_fastran_driver_2 DEBUG    _invoke_service(): stage_state  (['s000001.00001', 'g000001.00001', 'i000001.00001'], '/global/homes/y/yashu_gh/FREDA_EP/ips-fastran/examples_new/far3d/example1/SCAN/work/plasma_state', '/global/homes/y/yashu_gh/FREDA_EP/ips-fastran/examples_new/far3d/example1/SCAN/work/fastran_driver_fastran_driver_2')
2025-08-15 14:02:23,821 fastran_driver_fastran_driver_2 DEBUG    _get_service_response(REQUEST|fastran_000001@fastran_driver@2|FRAMEWORK@Framework@0|2)
2025-08-15 14:02:23,876 fastran_driver_fastran_driver_2 DEBUG    _get_service_response(REQUEST|fastran_000001@fastran_driver@2|FRAMEWORK@Framework@0|2), response = ServiceResponseMessage(sender_id=FRAMEWORK@Framework@0, receiver_id=fastran_000001@fastran_driver@2, request_msg_id=REQUEST|fastran_000001@fastran_driver@2|FRAMEWORK@Framework@0|2,status=0, args=(0,), message_id=RESPONSE|FRAMEWORK@Framework@0|fastran_000001@fastran_driver@2|18)
2025-08-15 14:02:23,876 fastran_driver_fastran_driver_2 DEBUG    _invoke_service(): getTopic  ('_IPS_MONITOR',)
2025-08-15 14:02:23,876 fastran_driver_fastran_driver_2 DEBUG    _get_service_response(REQUEST|fastran_000001@fastran_driver@2|FRAMEWORK@Framework@0|3)
2025-08-15 14:02:23,887 fastran_driver_fastran_driver_2 DEBUG    _get_service_response(REQUEST|fastran_000001@fastran_driver@2|FRAMEWORK@Framework@0|3), response = ServiceResponseMessage(sender_id=FRAMEWORK@Framework@0, receiver_id=fastran_000001@fastran_driver@2, request_msg_id=REQUEST|fastran_000001@fastran_driver@2|FRAMEWORK@Framework@0|3,status=0, args=(<ipsframework.cca_es_spec.Topic object at 0x15412441ca90>,), message_id=RESPONSE|FRAMEWORK@Framework@0|fastran_000001@fastran_driver@2|19)
2025-08-15 14:02:23,887 fastran_driver_fastran_driver_2 DEBUG    _invoke_service(): sendEvent  ('_IPS_MONITOR', 'PORTAL_EVENT', {'sim_name': 'fastran_000001', 'real_sim_name': 'fastran_000001', 'portal_data': {'code': 'fastran_driver_fastran_driver', 'eventtype': 'IPS_STAGE_STATE', 'ok': True, 'walltime': '4.60', 'time': '2025-08-15|14:02:23PDT', 'trace': {'timestamp': 1755291743820524, 'duration': 55681, 'localEndpoint': {'serviceName': 'stage_state'}, 'name': "['s000001.00001', 'g000001.00001', 'i000001.00001']", 'id': '71885aecf25d7412', 'parentId': '15e0663de819b9fa', 'tags': {}}, 'state': 'Running', 'comment': 'Elapsed time = 0.056  files = s000001.00001 g000001.00001 i000001.00001 Success'}})
2025-08-15 14:02:23,887 fastran_driver_fastran_driver_2 DEBUG    _get_service_response(REQUEST|fastran_000001@fastran_driver@2|FRAMEWORK@Framework@0|4)
2025-08-15 14:02:23,898 fastran_driver_fastran_driver_2 DEBUG    _get_service_response(REQUEST|fastran_000001@fastran_driver@2|FRAMEWORK@Framework@0|4), response = ServiceResponseMessage(sender_id=FRAMEWORK@Framework@0, receiver_id=fastran_000001@fastran_driver@2, request_msg_id=REQUEST|fastran_000001@fastran_driver@2|FRAMEWORK@Framework@0|4,status=0, args=(None,), message_id=RESPONSE|FRAMEWORK@Framework@0|fastran_000001@fastran_driver@2|20)
2025-08-15 14:02:23,900 fastran_driver_fastran_driver_2 DEBUG    _invoke_service(): get_port  ('INIT',)
2025-08-15 14:02:23,900 fastran_driver_fastran_driver_2 DEBUG    _get_service_response(REQUEST|fastran_000001@fastran_driver@2|FRAMEWORK@Framework@0|5)
2025-08-15 14:02:23,911 fastran_driver_fastran_driver_2 DEBUG    _get_service_response(REQUEST|fastran_000001@fastran_driver@2|FRAMEWORK@Framework@0|5), response = ServiceResponseMessage(sender_id=FRAMEWORK@Framework@0, receiver_id=fastran_000001@fastran_driver@2, request_msg_id=REQUEST|fastran_000001@fastran_driver@2|FRAMEWORK@Framework@0|5,status=0, args=(fastran_000001@fastran_init@1,), message_id=RESPONSE|FRAMEWORK@Framework@0|fastran_000001@fastran_driver@2|21)
2025-08-15 14:02:23,911 fastran_driver_fastran_driver_2 DEBUG    _invoke_service(): get_port  ('EQ0',)
2025-08-15 14:02:23,911 fastran_driver_fastran_driver_2 DEBUG    _get_service_response(REQUEST|fastran_000001@fastran_driver@2|FRAMEWORK@Framework@0|6)
2025-08-15 14:02:23,922 fastran_driver_fastran_driver_2 DEBUG    _get_service_response(REQUEST|fastran_000001@fastran_driver@2|FRAMEWORK@Framework@0|6), response = ServiceResponseMessage(sender_id=FRAMEWORK@Framework@0, receiver_id=fastran_000001@fastran_driver@2, request_msg_id=REQUEST|fastran_000001@fastran_driver@2|FRAMEWORK@Framework@0|6,status=0, args=(fastran_000001@efit@3,), message_id=RESPONSE|FRAMEWORK@Framework@0|fastran_000001@fastran_driver@2|22)
2025-08-15 14:02:23,922 fastran_driver_fastran_driver_2 DEBUG    _invoke_service(): get_port  ('HCD0',)
2025-08-15 14:02:23,923 fastran_driver_fastran_driver_2 DEBUG    _get_service_response(REQUEST|fastran_000001@fastran_driver@2|FRAMEWORK@Framework@0|7)
2025-08-15 14:02:23,933 fastran_driver_fastran_driver_2 DEBUG    _get_service_response(REQUEST|fastran_000001@fastran_driver@2|FRAMEWORK@Framework@0|7), response = ServiceResponseMessage(sender_id=FRAMEWORK@Framework@0, receiver_id=fastran_000001@fastran_driver@2, request_msg_id=REQUEST|fastran_000001@fastran_driver@2|FRAMEWORK@Framework@0|7,status=0, args=(fastran_000001@hcd_model@4,), message_id=RESPONSE|FRAMEWORK@Framework@0|fastran_000001@fastran_driver@2|23)
2025-08-15 14:02:23,933 fastran_driver_fastran_driver_2 DEBUG    _invoke_service(): get_port  ('TR0',)
2025-08-15 14:02:23,933 fastran_driver_fastran_driver_2 DEBUG    _get_service_response(REQUEST|fastran_000001@fastran_driver@2|FRAMEWORK@Framework@0|8)
2025-08-15 14:02:23,944 fastran_driver_fastran_driver_2 DEBUG    _get_service_response(REQUEST|fastran_000001@fastran_driver@2|FRAMEWORK@Framework@0|8), response = ServiceResponseMessage(sender_id=FRAMEWORK@Framework@0, receiver_id=fastran_000001@fastran_driver@2, request_msg_id=REQUEST|fastran_000001@fastran_driver@2|FRAMEWORK@Framework@0|8,status=0, args=(fastran_000001@fastran@5,), message_id=RESPONSE|FRAMEWORK@Framework@0|fastran_000001@fastran_driver@2|24)
2025-08-15 14:02:23,944 fastran_driver_fastran_driver_2 DEBUG    _invoke_service(): get_port  ('BC0',)
2025-08-15 14:02:23,944 fastran_driver_fastran_driver_2 DEBUG    _get_service_response(REQUEST|fastran_000001@fastran_driver@2|FRAMEWORK@Framework@0|9)
2025-08-15 14:02:23,955 fastran_driver_fastran_driver_2 DEBUG    _get_service_response(REQUEST|fastran_000001@fastran_driver@2|FRAMEWORK@Framework@0|9), response = ServiceResponseMessage(sender_id=FRAMEWORK@Framework@0, receiver_id=fastran_000001@fastran_driver@2, request_msg_id=REQUEST|fastran_000001@fastran_driver@2|FRAMEWORK@Framework@0|9,status=0, args=(fastran_000001@modeleq_constraint@6,), message_id=RESPONSE|FRAMEWORK@Framework@0|fastran_000001@fastran_driver@2|25)
2025-08-15 14:02:23,955 fastran_driver_fastran_driver_2 DEBUG    _invoke_service(): get_port  ('NB',)
2025-08-15 14:02:23,955 fastran_driver_fastran_driver_2 DEBUG    _get_service_response(REQUEST|fastran_000001@fastran_driver@2|FRAMEWORK@Framework@0|10)
2025-08-15 14:02:23,966 fastran_driver_fastran_driver_2 DEBUG    _get_service_response(REQUEST|fastran_000001@fastran_driver@2|FRAMEWORK@Framework@0|10), response = ServiceResponseMessage(sender_id=FRAMEWORK@Framework@0, receiver_id=fastran_000001@fastran_driver@2, request_msg_id=REQUEST|fastran_000001@fastran_driver@2|FRAMEWORK@Framework@0|10,status=0, args=(fastran_000001@nubeam@7,), message_id=RESPONSE|FRAMEWORK@Framework@0|fastran_000001@fastran_driver@2|26)
2025-08-15 14:02:23,966 fastran_driver_fastran_driver_2 DEBUG    _invoke_service(): get_port  ('EQ',)
2025-08-15 14:02:23,966 fastran_driver_fastran_driver_2 DEBUG    _get_service_response(REQUEST|fastran_000001@fastran_driver@2|FRAMEWORK@Framework@0|11)
2025-08-15 14:02:23,977 fastran_driver_fastran_driver_2 DEBUG    _get_service_response(REQUEST|fastran_000001@fastran_driver@2|FRAMEWORK@Framework@0|11), response = ServiceResponseMessage(sender_id=FRAMEWORK@Framework@0, receiver_id=fastran_000001@fastran_driver@2, request_msg_id=REQUEST|fastran_000001@fastran_driver@2|FRAMEWORK@Framework@0|11,status=0, args=(fastran_000001@efit@8,), message_id=RESPONSE|FRAMEWORK@Framework@0|fastran_000001@fastran_driver@2|27)
2025-08-15 14:02:23,977 fastran_driver_fastran_driver_2 DEBUG    _invoke_service(): get_port  ('TR',)
2025-08-15 14:02:23,978 fastran_driver_fastran_driver_2 DEBUG    _get_service_response(REQUEST|fastran_000001@fastran_driver@2|FRAMEWORK@Framework@0|12)
2025-08-15 14:02:23,988 fastran_driver_fastran_driver_2 DEBUG    _get_service_response(REQUEST|fastran_000001@fastran_driver@2|FRAMEWORK@Framework@0|12), response = ServiceResponseMessage(sender_id=FRAMEWORK@Framework@0, receiver_id=fastran_000001@fastran_driver@2, request_msg_id=REQUEST|fastran_000001@fastran_driver@2|FRAMEWORK@Framework@0|12,status=0, args=(fastran_000001@fastran@9,), message_id=RESPONSE|FRAMEWORK@Framework@0|fastran_000001@fastran_driver@2|28)
2025-08-15 14:02:23,988 fastran_driver_fastran_driver_2 DEBUG    _invoke_service(): get_port  ('EP',)
2025-08-15 14:02:23,988 fastran_driver_fastran_driver_2 DEBUG    _get_service_response(REQUEST|fastran_000001@fastran_driver@2|FRAMEWORK@Framework@0|13)
2025-08-15 14:02:23,999 fastran_driver_fastran_driver_2 DEBUG    _get_service_response(REQUEST|fastran_000001@fastran_driver@2|FRAMEWORK@Framework@0|13), response = ServiceResponseMessage(sender_id=FRAMEWORK@Framework@0, receiver_id=fastran_000001@fastran_driver@2, request_msg_id=REQUEST|fastran_000001@fastran_driver@2|FRAMEWORK@Framework@0|13,status=0, args=(fastran_000001@far3d@10,), message_id=RESPONSE|FRAMEWORK@Framework@0|fastran_000001@fastran_driver@2|29)
2025-08-15 14:02:24,002 fastran_driver_fastran_driver_2 DEBUG    _invoke_service(): getTopic  ('_IPS_MONITOR',)
2025-08-15 14:02:24,002 fastran_driver_fastran_driver_2 DEBUG    _get_service_response(REQUEST|fastran_000001@fastran_driver@2|FRAMEWORK@Framework@0|14)
2025-08-15 14:02:24,013 fastran_driver_fastran_driver_2 DEBUG    _get_service_response(REQUEST|fastran_000001@fastran_driver@2|FRAMEWORK@Framework@0|14), response = ServiceResponseMessage(sender_id=FRAMEWORK@Framework@0, receiver_id=fastran_000001@fastran_driver@2, request_msg_id=REQUEST|fastran_000001@fastran_driver@2|FRAMEWORK@Framework@0|14,status=0, args=(<ipsframework.cca_es_spec.Topic object at 0x15412441cd90>,), message_id=RESPONSE|FRAMEWORK@Framework@0|fastran_000001@fastran_driver@2|30)
2025-08-15 14:02:24,013 fastran_driver_fastran_driver_2 DEBUG    _invoke_service(): sendEvent  ('_IPS_MONITOR', 'PORTAL_EVENT', {'sim_name': 'fastran_000001', 'real_sim_name': 'fastran_000001', 'portal_data': {'code': 'fastran_driver_fastran_driver', 'eventtype': 'IPS_CALL_BEGIN', 'ok': True, 'walltime': '4.72', 'time': '2025-08-15|14:02:24PDT', 'state': 'Running', 'comment': 'Target = fastran_000001@efit@3:init(0)'}})
2025-08-15 14:02:24,013 fastran_driver_fastran_driver_2 DEBUG    _get_service_response(REQUEST|fastran_000001@fastran_driver@2|FRAMEWORK@Framework@0|15)
2025-08-15 14:02:24,024 fastran_driver_fastran_driver_2 DEBUG    _get_service_response(REQUEST|fastran_000001@fastran_driver@2|FRAMEWORK@Framework@0|15), response = ServiceResponseMessage(sender_id=FRAMEWORK@Framework@0, receiver_id=fastran_000001@fastran_driver@2, request_msg_id=REQUEST|fastran_000001@fastran_driver@2|FRAMEWORK@Framework@0|15,status=0, args=(None,), message_id=RESPONSE|FRAMEWORK@Framework@0|fastran_000001@fastran_driver@2|31)
2025-08-15 14:02:24,024 fastran_driver_fastran_driver_2 DEBUG    _invoke_service(): init_call  ('init', '0')
2025-08-15 14:02:24,024 fastran_driver_fastran_driver_2 DEBUG    _get_service_response(REQUEST|fastran_000001@fastran_driver@2|FRAMEWORK@Framework@0|16)
2025-08-15 14:02:24,026 fastran_eq0_efit_3 DEBUG    Received Message 
2025-08-15 14:02:24,026 fastran_eq0_efit_3 DEBUG    Calling method init(0)
2025-08-15 14:02:24,035 fastran_driver_fastran_driver_2 DEBUG    _get_service_response(REQUEST|fastran_000001@fastran_driver@2|FRAMEWORK@Framework@0|16), response = ServiceResponseMessage(sender_id=FRAMEWORK@Framework@0, receiver_id=fastran_000001@fastran_driver@2, request_msg_id=REQUEST|fastran_000001@fastran_driver@2|FRAMEWORK@Framework@0|16,status=0, args=(11,), message_id=RESPONSE|FRAMEWORK@Framework@0|fastran_000001@fastran_driver@2|32)
2025-08-15 14:02:24,035 fastran_driver_fastran_driver_2 DEBUG    _invoke_service(): wait_call  (11, True)
2025-08-15 14:02:24,036 fastran_driver_fastran_driver_2 DEBUG    _get_service_response(REQUEST|fastran_000001@fastran_driver@2|FRAMEWORK@Framework@0|17)
2025-08-15 14:02:24,042 fastran_eq0_efit_3 DEBUG    _invoke_service(): stage_state  (['s000001.00001', 'g000001.00001', 'i000001.00001'], '/global/homes/y/yashu_gh/FREDA_EP/ips-fastran/examples_new/far3d/example1/SCAN/work/plasma_state', '/global/homes/y/yashu_gh/FREDA_EP/ips-fastran/examples_new/far3d/example1/SCAN/work/fastran_eq0_efit_3')
2025-08-15 14:02:24,043 fastran_eq0_efit_3 DEBUG    _get_service_response(REQUEST|fastran_000001@efit@3|FRAMEWORK@Framework@0|0)
2025-08-15 14:02:24,136 fastran_eq0_efit_3 DEBUG    _get_service_response(REQUEST|fastran_000001@efit@3|FRAMEWORK@Framework@0|0), response = ServiceResponseMessage(sender_id=FRAMEWORK@Framework@0, receiver_id=fastran_000001@efit@3, request_msg_id=REQUEST|fastran_000001@efit@3|FRAMEWORK@Framework@0|0,status=0, args=(0,), message_id=RESPONSE|FRAMEWORK@Framework@0|fastran_000001@efit@3|33)
2025-08-15 14:02:24,136 fastran_eq0_efit_3 DEBUG    _invoke_service(): getTopic  ('_IPS_MONITOR',)
2025-08-15 14:02:24,137 fastran_eq0_efit_3 DEBUG    _get_service_response(REQUEST|fastran_000001@efit@3|FRAMEWORK@Framework@0|1)
2025-08-15 14:02:24,147 fastran_eq0_efit_3 DEBUG    _get_service_response(REQUEST|fastran_000001@efit@3|FRAMEWORK@Framework@0|1), response = ServiceResponseMessage(sender_id=FRAMEWORK@Framework@0, receiver_id=fastran_000001@efit@3, request_msg_id=REQUEST|fastran_000001@efit@3|FRAMEWORK@Framework@0|1,status=0, args=(<ipsframework.cca_es_spec.Topic object at 0x1541243ac520>,), message_id=RESPONSE|FRAMEWORK@Framework@0|fastran_000001@efit@3|34)
2025-08-15 14:02:24,147 fastran_eq0_efit_3 DEBUG    _invoke_service(): sendEvent  ('_IPS_MONITOR', 'PORTAL_EVENT', {'sim_name': 'fastran_000001', 'real_sim_name': 'fastran_000001', 'portal_data': {'code': 'fastran_eq0_efit', 'eventtype': 'IPS_STAGE_STATE', 'ok': True, 'walltime': '4.86', 'time': '2025-08-15|14:02:24PDT', 'trace': {'timestamp': 1755291744042664, 'duration': 94050, 'localEndpoint': {'serviceName': 'stage_state'}, 'name': "['s000001.00001', 'g000001.00001', 'i000001.00001']", 'id': '71885aecf25d7412', 'parentId': '97f6d0c73e3794c4', 'tags': {}}, 'state': 'Running', 'comment': 'Elapsed time = 0.094  files = s000001.00001 g000001.00001 i000001.00001 Success'}})
2025-08-15 14:02:24,147 fastran_eq0_efit_3 DEBUG    _get_service_response(REQUEST|fastran_000001@efit@3|FRAMEWORK@Framework@0|2)
2025-08-15 14:02:24,158 fastran_eq0_efit_3 DEBUG    _get_service_response(REQUEST|fastran_000001@efit@3|FRAMEWORK@Framework@0|2), response = ServiceResponseMessage(sender_id=FRAMEWORK@Framework@0, receiver_id=fastran_000001@efit@3, request_msg_id=REQUEST|fastran_000001@efit@3|FRAMEWORK@Framework@0|2,status=0, args=(None,), message_id=RESPONSE|FRAMEWORK@Framework@0|fastran_000001@efit@3|35)
2025-08-15 14:02:26,027 fastran_eq0_efit_3 DEBUG    _invoke_service(): update_state  (['s000001.00001', 'g000001.00001', 'i000001.00001'], '/global/homes/y/yashu_gh/FREDA_EP/ips-fastran/examples_new/far3d/example1/SCAN/work/fastran_eq0_efit_3', '/global/homes/y/yashu_gh/FREDA_EP/ips-fastran/examples_new/far3d/example1/SCAN/work/plasma_state')
2025-08-15 14:02:26,027 fastran_eq0_efit_3 DEBUG    _get_service_response(REQUEST|fastran_000001@efit@3|FRAMEWORK@Framework@0|3)
2025-08-15 14:02:26,117 fastran_eq0_efit_3 DEBUG    _get_service_response(REQUEST|fastran_000001@efit@3|FRAMEWORK@Framework@0|3), response = ServiceResponseMessage(sender_id=FRAMEWORK@Framework@0, receiver_id=fastran_000001@efit@3, request_msg_id=REQUEST|fastran_000001@efit@3|FRAMEWORK@Framework@0|3,status=0, args=(0,), message_id=RESPONSE|FRAMEWORK@Framework@0|fastran_000001@efit@3|40)
2025-08-15 14:02:26,117 fastran_eq0_efit_3 DEBUG    _invoke_service(): getTopic  ('_IPS_MONITOR',)
2025-08-15 14:02:26,117 fastran_eq0_efit_3 DEBUG    _get_service_response(REQUEST|fastran_000001@efit@3|FRAMEWORK@Framework@0|4)
2025-08-15 14:02:26,128 fastran_eq0_efit_3 DEBUG    _get_service_response(REQUEST|fastran_000001@efit@3|FRAMEWORK@Framework@0|4), response = ServiceResponseMessage(sender_id=FRAMEWORK@Framework@0, receiver_id=fastran_000001@efit@3, request_msg_id=REQUEST|fastran_000001@efit@3|FRAMEWORK@Framework@0|4,status=0, args=(<ipsframework.cca_es_spec.Topic object at 0x1541243acc10>,), message_id=RESPONSE|FRAMEWORK@Framework@0|fastran_000001@efit@3|41)
2025-08-15 14:02:26,128 fastran_eq0_efit_3 DEBUG    _invoke_service(): sendEvent  ('_IPS_MONITOR', 'PORTAL_EVENT', {'sim_name': 'fastran_000001', 'real_sim_name': 'fastran_000001', 'portal_data': {'code': 'fastran_eq0_efit', 'eventtype': 'IPS_UPDATE_STATE', 'ok': True, 'walltime': '6.84', 'time': '2025-08-15|14:02:26PDT', 'trace': {'timestamp': 1755291746027245, 'duration': 90038, 'localEndpoint': {'serviceName': 'update_state'}, 'name': "['s000001.00001', 'g000001.00001', 'i000001.00001']", 'id': '7629e189a66153c0', 'parentId': '97f6d0c73e3794c4', 'tags': {}}, 'state': 'Running', 'comment': 'Elapsed time = 0.090   files = s000001.00001 g000001.00001 i000001.00001 Success'}})
2025-08-15 14:02:26,128 fastran_eq0_efit_3 DEBUG    _get_service_response(REQUEST|fastran_000001@efit@3|FRAMEWORK@Framework@0|5)
2025-08-15 14:02:26,139 fastran_eq0_efit_3 DEBUG    _get_service_response(REQUEST|fastran_000001@efit@3|FRAMEWORK@Framework@0|5), response = ServiceResponseMessage(sender_id=FRAMEWORK@Framework@0, receiver_id=fastran_000001@efit@3, request_msg_id=REQUEST|fastran_000001@efit@3|FRAMEWORK@Framework@0|5,status=0, args=(None,), message_id=RESPONSE|FRAMEWORK@Framework@0|fastran_000001@efit@3|42)
2025-08-15 14:02:26,150 fastran_driver_fastran_driver_2 DEBUG    _get_service_response(REQUEST|fastran_000001@fastran_driver@2|FRAMEWORK@Framework@0|17), response = ServiceResponseMessage(sender_id=FRAMEWORK@Framework@0, receiver_id=fastran_000001@fastran_driver@2, request_msg_id=REQUEST|fastran_000001@fastran_driver@2|FRAMEWORK@Framework@0|17,status=0, args=((None,),), message_id=RESPONSE|FRAMEWORK@Framework@0|fastran_000001@fastran_driver@2|43)
2025-08-15 14:02:26,151 fastran_driver_fastran_driver_2 DEBUG    _invoke_service(): getTopic  ('_IPS_MONITOR',)
2025-08-15 14:02:26,151 fastran_driver_fastran_driver_2 DEBUG    _get_service_response(REQUEST|fastran_000001@fastran_driver@2|FRAMEWORK@Framework@0|18)
2025-08-15 14:02:26,162 fastran_driver_fastran_driver_2 DEBUG    _get_service_response(REQUEST|fastran_000001@fastran_driver@2|FRAMEWORK@Framework@0|18), response = ServiceResponseMessage(sender_id=FRAMEWORK@Framework@0, receiver_id=fastran_000001@fastran_driver@2, request_msg_id=REQUEST|fastran_000001@fastran_driver@2|FRAMEWORK@Framework@0|18,status=0, args=(<ipsframework.cca_es_spec.Topic object at 0x15412441c520>,), message_id=RESPONSE|FRAMEWORK@Framework@0|fastran_000001@fastran_driver@2|44)
2025-08-15 14:02:26,162 fastran_driver_fastran_driver_2 DEBUG    _invoke_service(): sendEvent  ('_IPS_MONITOR', 'PORTAL_EVENT', {'sim_name': 'fastran_000001', 'real_sim_name': 'fastran_000001', 'portal_data': {'code': 'fastran_driver_fastran_driver', 'eventtype': 'IPS_CALL_END', 'ok': True, 'walltime': '6.87', 'time': '2025-08-15|14:02:26PDT', 'trace': {'timestamp': 1755291744035942, 'duration': 2114983, 'localEndpoint': {'serviceName': 'fastran_000001@efit@3'}, 'name': 'init(0)', 'id': '97f6d0c73e3794c4', 'parentId': '15e0663de819b9fa', 'tags': {}}, 'state': 'Running', 'comment': 'Target = fastran_000001@efit@3:init(0)'}})
2025-08-15 14:02:26,162 fastran_driver_fastran_driver_2 DEBUG    _get_service_response(REQUEST|fastran_000001@fastran_driver@2|FRAMEWORK@Framework@0|19)
2025-08-15 14:02:26,172 fastran_driver_fastran_driver_2 DEBUG    _get_service_response(REQUEST|fastran_000001@fastran_driver@2|FRAMEWORK@Framework@0|19), response = ServiceResponseMessage(sender_id=FRAMEWORK@Framework@0, receiver_id=fastran_000001@fastran_driver@2, request_msg_id=REQUEST|fastran_000001@fastran_driver@2|FRAMEWORK@Framework@0|19,status=0, args=(None,), message_id=RESPONSE|FRAMEWORK@Framework@0|fastran_000001@fastran_driver@2|45)
2025-08-15 14:02:26,174 fastran_driver_fastran_driver_2 DEBUG    _invoke_service(): getTopic  ('_IPS_MONITOR',)
2025-08-15 14:02:26,174 fastran_driver_fastran_driver_2 DEBUG    _get_service_response(REQUEST|fastran_000001@fastran_driver@2|FRAMEWORK@Framework@0|20)
2025-08-15 14:02:26,185 fastran_driver_fastran_driver_2 DEBUG    _get_service_response(REQUEST|fastran_000001@fastran_driver@2|FRAMEWORK@Framework@0|20), response = ServiceResponseMessage(sender_id=FRAMEWORK@Framework@0, receiver_id=fastran_000001@fastran_driver@2, request_msg_id=REQUEST|fastran_000001@fastran_driver@2|FRAMEWORK@Framework@0|20,status=0, args=(<ipsframework.cca_es_spec.Topic object at 0x15412441cd00>,), message_id=RESPONSE|FRAMEWORK@Framework@0|fastran_000001@fastran_driver@2|46)
2025-08-15 14:02:26,185 fastran_driver_fastran_driver_2 DEBUG    _invoke_service(): sendEvent  ('_IPS_MONITOR', 'PORTAL_EVENT', {'sim_name': 'fastran_000001', 'real_sim_name': 'fastran_000001', 'portal_data': {'code': 'fastran_driver_fastran_driver', 'eventtype': 'IPS_CALL_BEGIN', 'ok': True, 'walltime': '6.89', 'time': '2025-08-15|14:02:26PDT', 'state': 'Running', 'comment': 'Target = fastran_000001@hcd_model@4:init(0)'}})
2025-08-15 14:02:26,185 fastran_driver_fastran_driver_2 DEBUG    _get_service_response(REQUEST|fastran_000001@fastran_driver@2|FRAMEWORK@Framework@0|21)
2025-08-15 14:02:26,196 fastran_driver_fastran_driver_2 DEBUG    _get_service_response(REQUEST|fastran_000001@fastran_driver@2|FRAMEWORK@Framework@0|21), response = ServiceResponseMessage(sender_id=FRAMEWORK@Framework@0, receiver_id=fastran_000001@fastran_driver@2, request_msg_id=REQUEST|fastran_000001@fastran_driver@2|FRAMEWORK@Framework@0|21,status=0, args=(None,), message_id=RESPONSE|FRAMEWORK@Framework@0|fastran_000001@fastran_driver@2|47)
2025-08-15 14:02:26,196 fastran_driver_fastran_driver_2 DEBUG    _invoke_service(): init_call  ('init', '0')
2025-08-15 14:02:26,196 fastran_driver_fastran_driver_2 DEBUG    _get_service_response(REQUEST|fastran_000001@fastran_driver@2|FRAMEWORK@Framework@0|22)
2025-08-15 14:02:26,197 fastran_ic_hcd_model_4 DEBUG    Received Message 
2025-08-15 14:02:26,197 fastran_ic_hcd_model_4 DEBUG    Calling method init(0)
2025-08-15 14:02:26,207 fastran_driver_fastran_driver_2 DEBUG    _get_service_response(REQUEST|fastran_000001@fastran_driver@2|FRAMEWORK@Framework@0|22), response = ServiceResponseMessage(sender_id=FRAMEWORK@Framework@0, receiver_id=fastran_000001@fastran_driver@2, request_msg_id=REQUEST|fastran_000001@fastran_driver@2|FRAMEWORK@Framework@0|22,status=0, args=(12,), message_id=RESPONSE|FRAMEWORK@Framework@0|fastran_000001@fastran_driver@2|48)
2025-08-15 14:02:26,207 fastran_driver_fastran_driver_2 DEBUG    _invoke_service(): wait_call  (12, True)
2025-08-15 14:02:26,207 fastran_driver_fastran_driver_2 DEBUG    _get_service_response(REQUEST|fastran_000001@fastran_driver@2|FRAMEWORK@Framework@0|23)
2025-08-15 14:02:26,218 fastran_driver_fastran_driver_2 DEBUG    _get_service_response(REQUEST|fastran_000001@fastran_driver@2|FRAMEWORK@Framework@0|23), response = ServiceResponseMessage(sender_id=FRAMEWORK@Framework@0, receiver_id=fastran_000001@fastran_driver@2, request_msg_id=REQUEST|fastran_000001@fastran_driver@2|FRAMEWORK@Framework@0|23,status=0, args=((None,),), message_id=RESPONSE|FRAMEWORK@Framework@0|fastran_000001@fastran_driver@2|49)
2025-08-15 14:02:26,218 fastran_driver_fastran_driver_2 DEBUG    _invoke_service(): getTopic  ('_IPS_MONITOR',)
2025-08-15 14:02:26,218 fastran_driver_fastran_driver_2 DEBUG    _get_service_response(REQUEST|fastran_000001@fastran_driver@2|FRAMEWORK@Framework@0|24)
2025-08-15 14:02:26,229 fastran_driver_fastran_driver_2 DEBUG    _get_service_response(REQUEST|fastran_000001@fastran_driver@2|FRAMEWORK@Framework@0|24), response = ServiceResponseMessage(sender_id=FRAMEWORK@Framework@0, receiver_id=fastran_000001@fastran_driver@2, request_msg_id=REQUEST|fastran_000001@fastran_driver@2|FRAMEWORK@Framework@0|24,status=0, args=(<ipsframework.cca_es_spec.Topic object at 0x15412441ca90>,), message_id=RESPONSE|FRAMEWORK@Framework@0|fastran_000001@fastran_driver@2|50)
2025-08-15 14:02:26,229 fastran_driver_fastran_driver_2 DEBUG    _invoke_service(): sendEvent  ('_IPS_MONITOR', 'PORTAL_EVENT', {'sim_name': 'fastran_000001', 'real_sim_name': 'fastran_000001', 'portal_data': {'code': 'fastran_driver_fastran_driver', 'eventtype': 'IPS_CALL_END', 'ok': True, 'walltime': '6.94', 'time': '2025-08-15|14:02:26PDT', 'trace': {'timestamp': 1755291746207491, 'duration': 10854, 'localEndpoint': {'serviceName': 'fastran_000001@hcd_model@4'}, 'name': 'init(0)', 'id': '235e7790f79000ce', 'parentId': '15e0663de819b9fa', 'tags': {}}, 'state': 'Running', 'comment': 'Target = fastran_000001@hcd_model@4:init(0)'}})
2025-08-15 14:02:26,229 fastran_driver_fastran_driver_2 DEBUG    _get_service_response(REQUEST|fastran_000001@fastran_driver@2|FRAMEWORK@Framework@0|25)
2025-08-15 14:02:26,240 fastran_driver_fastran_driver_2 DEBUG    _get_service_response(REQUEST|fastran_000001@fastran_driver@2|FRAMEWORK@Framework@0|25), response = ServiceResponseMessage(sender_id=FRAMEWORK@Framework@0, receiver_id=fastran_000001@fastran_driver@2, request_msg_id=REQUEST|fastran_000001@fastran_driver@2|FRAMEWORK@Framework@0|25,status=0, args=(None,), message_id=RESPONSE|FRAMEWORK@Framework@0|fastran_000001@fastran_driver@2|51)
2025-08-15 14:02:26,241 fastran_driver_fastran_driver_2 DEBUG    _invoke_service(): getTopic  ('_IPS_MONITOR',)
2025-08-15 14:02:26,241 fastran_driver_fastran_driver_2 DEBUG    _get_service_response(REQUEST|fastran_000001@fastran_driver@2|FRAMEWORK@Framework@0|26)
2025-08-15 14:02:26,252 fastran_driver_fastran_driver_2 DEBUG    _get_service_response(REQUEST|fastran_000001@fastran_driver@2|FRAMEWORK@Framework@0|26), response = ServiceResponseMessage(sender_id=FRAMEWORK@Framework@0, receiver_id=fastran_000001@fastran_driver@2, request_msg_id=REQUEST|fastran_000001@fastran_driver@2|FRAMEWORK@Framework@0|26,status=0, args=(<ipsframework.cca_es_spec.Topic object at 0x15412441cd90>,), message_id=RESPONSE|FRAMEWORK@Framework@0|fastran_000001@fastran_driver@2|52)
2025-08-15 14:02:26,252 fastran_driver_fastran_driver_2 DEBUG    _invoke_service(): sendEvent  ('_IPS_MONITOR', 'PORTAL_EVENT', {'sim_name': 'fastran_000001', 'real_sim_name': 'fastran_000001', 'portal_data': {'code': 'fastran_driver_fastran_driver', 'eventtype': 'IPS_CALL_BEGIN', 'ok': True, 'walltime': '6.96', 'time': '2025-08-15|14:02:26PDT', 'state': 'Running', 'comment': 'Target = fastran_000001@fastran@5:init(0)'}})
2025-08-15 14:02:26,252 fastran_driver_fastran_driver_2 DEBUG    _get_service_response(REQUEST|fastran_000001@fastran_driver@2|FRAMEWORK@Framework@0|27)
2025-08-15 14:02:26,263 fastran_driver_fastran_driver_2 DEBUG    _get_service_response(REQUEST|fastran_000001@fastran_driver@2|FRAMEWORK@Framework@0|27), response = ServiceResponseMessage(sender_id=FRAMEWORK@Framework@0, receiver_id=fastran_000001@fastran_driver@2, request_msg_id=REQUEST|fastran_000001@fastran_driver@2|FRAMEWORK@Framework@0|27,status=0, args=(None,), message_id=RESPONSE|FRAMEWORK@Framework@0|fastran_000001@fastran_driver@2|53)
2025-08-15 14:02:26,263 fastran_driver_fastran_driver_2 DEBUG    _invoke_service(): init_call  ('init', '0')
2025-08-15 14:02:26,263 fastran_driver_fastran_driver_2 DEBUG    _get_service_response(REQUEST|fastran_000001@fastran_driver@2|FRAMEWORK@Framework@0|28)
2025-08-15 14:02:26,264 fastran_tr0_fastran_5 DEBUG    Received Message 
2025-08-15 14:02:26,265 fastran_tr0_fastran_5 DEBUG    Calling method init(0)
2025-08-15 14:02:26,274 fastran_driver_fastran_driver_2 DEBUG    _get_service_response(REQUEST|fastran_000001@fastran_driver@2|FRAMEWORK@Framework@0|28), response = ServiceResponseMessage(sender_id=FRAMEWORK@Framework@0, receiver_id=fastran_000001@fastran_driver@2, request_msg_id=REQUEST|fastran_000001@fastran_driver@2|FRAMEWORK@Framework@0|28,status=0, args=(13,), message_id=RESPONSE|FRAMEWORK@Framework@0|fastran_000001@fastran_driver@2|54)
2025-08-15 14:02:26,274 fastran_driver_fastran_driver_2 DEBUG    _invoke_service(): wait_call  (13, True)
2025-08-15 14:02:26,274 fastran_driver_fastran_driver_2 DEBUG    _get_service_response(REQUEST|fastran_000001@fastran_driver@2|FRAMEWORK@Framework@0|29)
2025-08-15 14:02:26,285 fastran_driver_fastran_driver_2 DEBUG    _get_service_response(REQUEST|fastran_000001@fastran_driver@2|FRAMEWORK@Framework@0|29), response = ServiceResponseMessage(sender_id=FRAMEWORK@Framework@0, receiver_id=fastran_000001@fastran_driver@2, request_msg_id=REQUEST|fastran_000001@fastran_driver@2|FRAMEWORK@Framework@0|29,status=0, args=((None,),), message_id=RESPONSE|FRAMEWORK@Framework@0|fastran_000001@fastran_driver@2|55)
2025-08-15 14:02:26,285 fastran_driver_fastran_driver_2 DEBUG    _invoke_service(): getTopic  ('_IPS_MONITOR',)
2025-08-15 14:02:26,285 fastran_driver_fastran_driver_2 DEBUG    _get_service_response(REQUEST|fastran_000001@fastran_driver@2|FRAMEWORK@Framework@0|30)
2025-08-15 14:02:26,296 fastran_driver_fastran_driver_2 DEBUG    _get_service_response(REQUEST|fastran_000001@fastran_driver@2|FRAMEWORK@Framework@0|30), response = ServiceResponseMessage(sender_id=FRAMEWORK@Framework@0, receiver_id=fastran_000001@fastran_driver@2, request_msg_id=REQUEST|fastran_000001@fastran_driver@2|FRAMEWORK@Framework@0|30,status=0, args=(<ipsframework.cca_es_spec.Topic object at 0x15412441cd00>,), message_id=RESPONSE|FRAMEWORK@Framework@0|fastran_000001@fastran_driver@2|56)
2025-08-15 14:02:26,296 fastran_driver_fastran_driver_2 DEBUG    _invoke_service(): sendEvent  ('_IPS_MONITOR', 'PORTAL_EVENT', {'sim_name': 'fastran_000001', 'real_sim_name': 'fastran_000001', 'portal_data': {'code': 'fastran_driver_fastran_driver', 'eventtype': 'IPS_CALL_END', 'ok': True, 'walltime': '7.01', 'time': '2025-08-15|14:02:26PDT', 'trace': {'timestamp': 1755291746274769, 'duration': 10992, 'localEndpoint': {'serviceName': 'fastran_000001@fastran@5'}, 'name': 'init(0)', 'id': '71c82fc2125b74c2', 'parentId': '15e0663de819b9fa', 'tags': {}}, 'state': 'Running', 'comment': 'Target = fastran_000001@fastran@5:init(0)'}})
2025-08-15 14:02:26,296 fastran_driver_fastran_driver_2 DEBUG    _get_service_response(REQUEST|fastran_000001@fastran_driver@2|FRAMEWORK@Framework@0|31)
2025-08-15 14:02:26,307 fastran_driver_fastran_driver_2 DEBUG    _get_service_response(REQUEST|fastran_000001@fastran_driver@2|FRAMEWORK@Framework@0|31), response = ServiceResponseMessage(sender_id=FRAMEWORK@Framework@0, receiver_id=fastran_000001@fastran_driver@2, request_msg_id=REQUEST|fastran_000001@fastran_driver@2|FRAMEWORK@Framework@0|31,status=0, args=(None,), message_id=RESPONSE|FRAMEWORK@Framework@0|fastran_000001@fastran_driver@2|58)
2025-08-15 14:02:26,309 fastran_driver_fastran_driver_2 DEBUG    _invoke_service(): getTopic  ('_IPS_MONITOR',)
2025-08-15 14:02:26,309 fastran_driver_fastran_driver_2 DEBUG    _get_service_response(REQUEST|fastran_000001@fastran_driver@2|FRAMEWORK@Framework@0|32)
2025-08-15 14:02:26,320 fastran_driver_fastran_driver_2 DEBUG    _get_service_response(REQUEST|fastran_000001@fastran_driver@2|FRAMEWORK@Framework@0|32), response = ServiceResponseMessage(sender_id=FRAMEWORK@Framework@0, receiver_id=fastran_000001@fastran_driver@2, request_msg_id=REQUEST|fastran_000001@fastran_driver@2|FRAMEWORK@Framework@0|32,status=0, args=(<ipsframework.cca_es_spec.Topic object at 0x15412441c520>,), message_id=RESPONSE|FRAMEWORK@Framework@0|fastran_000001@fastran_driver@2|59)
2025-08-15 14:02:26,320 fastran_driver_fastran_driver_2 DEBUG    _invoke_service(): sendEvent  ('_IPS_MONITOR', 'PORTAL_EVENT', {'sim_name': 'fastran_000001', 'real_sim_name': 'fastran_000001', 'portal_data': {'code': 'fastran_driver_fastran_driver', 'eventtype': 'IPS_CALL_BEGIN', 'ok': True, 'walltime': '7.03', 'time': '2025-08-15|14:02:26PDT', 'state': 'Running', 'comment': 'Target = fastran_000001@modeleq_constraint@6:init(0)'}})
2025-08-15 14:02:26,320 fastran_driver_fastran_driver_2 DEBUG    _get_service_response(REQUEST|fastran_000001@fastran_driver@2|FRAMEWORK@Framework@0|33)
2025-08-15 14:02:26,331 fastran_driver_fastran_driver_2 DEBUG    _get_service_response(REQUEST|fastran_000001@fastran_driver@2|FRAMEWORK@Framework@0|33), response = ServiceResponseMessage(sender_id=FRAMEWORK@Framework@0, receiver_id=fastran_000001@fastran_driver@2, request_msg_id=REQUEST|fastran_000001@fastran_driver@2|FRAMEWORK@Framework@0|33,status=0, args=(None,), message_id=RESPONSE|FRAMEWORK@Framework@0|fastran_000001@fastran_driver@2|60)
2025-08-15 14:02:26,331 fastran_driver_fastran_driver_2 DEBUG    _invoke_service(): init_call  ('init', '0')
2025-08-15 14:02:26,331 fastran_driver_fastran_driver_2 DEBUG    _get_service_response(REQUEST|fastran_000001@fastran_driver@2|FRAMEWORK@Framework@0|34)
2025-08-15 14:02:26,332 fastran__modeleq_constraint_6 DEBUG    Received Message 
2025-08-15 14:02:26,333 fastran__modeleq_constraint_6 DEBUG    Calling method init(0)
2025-08-15 14:02:26,342 fastran_driver_fastran_driver_2 DEBUG    _get_service_response(REQUEST|fastran_000001@fastran_driver@2|FRAMEWORK@Framework@0|34), response = ServiceResponseMessage(sender_id=FRAMEWORK@Framework@0, receiver_id=fastran_000001@fastran_driver@2, request_msg_id=REQUEST|fastran_000001@fastran_driver@2|FRAMEWORK@Framework@0|34,status=0, args=(14,), message_id=RESPONSE|FRAMEWORK@Framework@0|fastran_000001@fastran_driver@2|61)
2025-08-15 14:02:26,342 fastran_driver_fastran_driver_2 DEBUG    _invoke_service(): wait_call  (14, True)
2025-08-15 14:02:26,342 fastran_driver_fastran_driver_2 DEBUG    _get_service_response(REQUEST|fastran_000001@fastran_driver@2|FRAMEWORK@Framework@0|35)
2025-08-15 14:02:26,353 fastran_driver_fastran_driver_2 DEBUG    _get_service_response(REQUEST|fastran_000001@fastran_driver@2|FRAMEWORK@Framework@0|35), response = ServiceResponseMessage(sender_id=FRAMEWORK@Framework@0, receiver_id=fastran_000001@fastran_driver@2, request_msg_id=REQUEST|fastran_000001@fastran_driver@2|FRAMEWORK@Framework@0|35,status=0, args=((None,),), message_id=RESPONSE|FRAMEWORK@Framework@0|fastran_000001@fastran_driver@2|62)
2025-08-15 14:02:26,353 fastran_driver_fastran_driver_2 DEBUG    _invoke_service(): getTopic  ('_IPS_MONITOR',)
2025-08-15 14:02:26,353 fastran_driver_fastran_driver_2 DEBUG    _get_service_response(REQUEST|fastran_000001@fastran_driver@2|FRAMEWORK@Framework@0|36)
2025-08-15 14:02:26,364 fastran_driver_fastran_driver_2 DEBUG    _get_service_response(REQUEST|fastran_000001@fastran_driver@2|FRAMEWORK@Framework@0|36), response = ServiceResponseMessage(sender_id=FRAMEWORK@Framework@0, receiver_id=fastran_000001@fastran_driver@2, request_msg_id=REQUEST|fastran_000001@fastran_driver@2|FRAMEWORK@Framework@0|36,status=0, args=(<ipsframework.cca_es_spec.Topic object at 0x15412441cd90>,), message_id=RESPONSE|FRAMEWORK@Framework@0|fastran_000001@fastran_driver@2|63)
2025-08-15 14:02:26,364 fastran_driver_fastran_driver_2 DEBUG    _invoke_service(): sendEvent  ('_IPS_MONITOR', 'PORTAL_EVENT', {'sim_name': 'fastran_000001', 'real_sim_name': 'fastran_000001', 'portal_data': {'code': 'fastran_driver_fastran_driver', 'eventtype': 'IPS_CALL_END', 'ok': True, 'walltime': '7.07', 'time': '2025-08-15|14:02:26PDT', 'trace': {'timestamp': 1755291746342648, 'duration': 11048, 'localEndpoint': {'serviceName': 'fastran_000001@modeleq_constraint@6'}, 'name': 'init(0)', 'id': 'f31a29740aa6d81f', 'parentId': '15e0663de819b9fa', 'tags': {}}, 'state': 'Running', 'comment': 'Target = fastran_000001@modeleq_constraint@6:init(0)'}})
2025-08-15 14:02:26,364 fastran_driver_fastran_driver_2 DEBUG    _get_service_response(REQUEST|fastran_000001@fastran_driver@2|FRAMEWORK@Framework@0|37)
2025-08-15 14:02:26,375 fastran_driver_fastran_driver_2 DEBUG    _get_service_response(REQUEST|fastran_000001@fastran_driver@2|FRAMEWORK@Framework@0|37), response = ServiceResponseMessage(sender_id=FRAMEWORK@Framework@0, receiver_id=fastran_000001@fastran_driver@2, request_msg_id=REQUEST|fastran_000001@fastran_driver@2|FRAMEWORK@Framework@0|37,status=0, args=(None,), message_id=RESPONSE|FRAMEWORK@Framework@0|fastran_000001@fastran_driver@2|64)
2025-08-15 14:02:26,377 fastran_driver_fastran_driver_2 DEBUG    _invoke_service(): getTopic  ('_IPS_MONITOR',)
2025-08-15 14:02:26,377 fastran_driver_fastran_driver_2 DEBUG    _get_service_response(REQUEST|fastran_000001@fastran_driver@2|FRAMEWORK@Framework@0|38)
2025-08-15 14:02:26,388 fastran_driver_fastran_driver_2 DEBUG    _get_service_response(REQUEST|fastran_000001@fastran_driver@2|FRAMEWORK@Framework@0|38), response = ServiceResponseMessage(sender_id=FRAMEWORK@Framework@0, receiver_id=fastran_000001@fastran_driver@2, request_msg_id=REQUEST|fastran_000001@fastran_driver@2|FRAMEWORK@Framework@0|38,status=0, args=(<ipsframework.cca_es_spec.Topic object at 0x15412441ca90>,), message_id=RESPONSE|FRAMEWORK@Framework@0|fastran_000001@fastran_driver@2|65)
2025-08-15 14:02:26,388 fastran_driver_fastran_driver_2 DEBUG    _invoke_service(): sendEvent  ('_IPS_MONITOR', 'PORTAL_EVENT', {'sim_name': 'fastran_000001', 'real_sim_name': 'fastran_000001', 'portal_data': {'code': 'fastran_driver_fastran_driver', 'eventtype': 'IPS_CALL_BEGIN', 'ok': True, 'walltime': '7.10', 'time': '2025-08-15|14:02:26PDT', 'state': 'Running', 'comment': 'Target = fastran_000001@nubeam@7:init(0)'}})
2025-08-15 14:02:26,388 fastran_driver_fastran_driver_2 DEBUG    _get_service_response(REQUEST|fastran_000001@fastran_driver@2|FRAMEWORK@Framework@0|39)
2025-08-15 14:02:26,399 fastran_driver_fastran_driver_2 DEBUG    _get_service_response(REQUEST|fastran_000001@fastran_driver@2|FRAMEWORK@Framework@0|39), response = ServiceResponseMessage(sender_id=FRAMEWORK@Framework@0, receiver_id=fastran_000001@fastran_driver@2, request_msg_id=REQUEST|fastran_000001@fastran_driver@2|FRAMEWORK@Framework@0|39,status=0, args=(None,), message_id=RESPONSE|FRAMEWORK@Framework@0|fastran_000001@fastran_driver@2|66)
2025-08-15 14:02:26,399 fastran_driver_fastran_driver_2 DEBUG    _invoke_service(): init_call  ('init', '0')
2025-08-15 14:02:26,399 fastran_driver_fastran_driver_2 DEBUG    _get_service_response(REQUEST|fastran_000001@fastran_driver@2|FRAMEWORK@Framework@0|40)
2025-08-15 14:02:26,400 fastran_nb_nubeam_7 DEBUG    Received Message 
2025-08-15 14:02:26,400 fastran_nb_nubeam_7 DEBUG    Calling method init(0)
2025-08-15 14:02:26,410 fastran_driver_fastran_driver_2 DEBUG    _get_service_response(REQUEST|fastran_000001@fastran_driver@2|FRAMEWORK@Framework@0|40), response = ServiceResponseMessage(sender_id=FRAMEWORK@Framework@0, receiver_id=fastran_000001@fastran_driver@2, request_msg_id=REQUEST|fastran_000001@fastran_driver@2|FRAMEWORK@Framework@0|40,status=0, args=(15,), message_id=RESPONSE|FRAMEWORK@Framework@0|fastran_000001@fastran_driver@2|67)
2025-08-15 14:02:26,410 fastran_driver_fastran_driver_2 DEBUG    _invoke_service(): wait_call  (15, True)
2025-08-15 14:02:26,410 fastran_driver_fastran_driver_2 DEBUG    _get_service_response(REQUEST|fastran_000001@fastran_driver@2|FRAMEWORK@Framework@0|41)
2025-08-15 14:02:26,424 fastran_nb_nubeam_7 DEBUG    _invoke_service(): getTopic  ('_IPS_MONITOR',)
2025-08-15 14:02:26,425 fastran_nb_nubeam_7 DEBUG    _get_service_response(REQUEST|fastran_000001@nubeam@7|FRAMEWORK@Framework@0|0)
2025-08-15 14:02:26,436 fastran_nb_nubeam_7 DEBUG    _get_service_response(REQUEST|fastran_000001@nubeam@7|FRAMEWORK@Framework@0|0), response = ServiceResponseMessage(sender_id=FRAMEWORK@Framework@0, receiver_id=fastran_000001@nubeam@7, request_msg_id=REQUEST|fastran_000001@nubeam@7|FRAMEWORK@Framework@0|0,status=0, args=(<ipsframework.cca_es_spec.Topic object at 0x1541243d65b0>,), message_id=RESPONSE|FRAMEWORK@Framework@0|fastran_000001@nubeam@7|68)
2025-08-15 14:02:26,436 fastran_nb_nubeam_7 DEBUG    _invoke_service(): sendEvent  ('_IPS_MONITOR', 'PORTAL_EVENT', {'sim_name': 'fastran_000001', 'real_sim_name': 'fastran_000001', 'portal_data': {'code': 'fastran_nb_nubeam', 'eventtype': 'IPS_STAGE_INPUTS', 'ok': True, 'walltime': '7.14', 'time': '2025-08-15|14:02:26PDT', 'trace': {'timestamp': 1755291746401773, 'duration': 22440, 'localEndpoint': {'serviceName': 'stage_input_files'}, 'name': 'innubeam', 'id': '8c427f0b8aacb86c', 'parentId': '8d68a3a9f8735943', 'tags': {}}, 'state': 'Running', 'comment': 'Elapsed time = 0.022 Path = /global/homes/y/yashu_gh/FREDA_EP/ips-fastran/examples_new/far3d/example1/input Files = innubeam'}})
2025-08-15 14:02:26,436 fastran_nb_nubeam_7 DEBUG    _get_service_response(REQUEST|fastran_000001@nubeam@7|FRAMEWORK@Framework@0|1)
2025-08-15 14:02:26,447 fastran_nb_nubeam_7 DEBUG    _get_service_response(REQUEST|fastran_000001@nubeam@7|FRAMEWORK@Framework@0|1), response = ServiceResponseMessage(sender_id=FRAMEWORK@Framework@0, receiver_id=fastran_000001@nubeam@7, request_msg_id=REQUEST|fastran_000001@nubeam@7|FRAMEWORK@Framework@0|1,status=0, args=(None,), message_id=RESPONSE|FRAMEWORK@Framework@0|fastran_000001@nubeam@7|69)
2025-08-15 14:02:26,447 fastran_nb_nubeam_7 DEBUG    _invoke_service(): stage_state  (['s000001.00001', 'g000001.00001', 'i000001.00001'], '/global/homes/y/yashu_gh/FREDA_EP/ips-fastran/examples_new/far3d/example1/SCAN/work/plasma_state', '/global/homes/y/yashu_gh/FREDA_EP/ips-fastran/examples_new/far3d/example1/SCAN/work/fastran_nb_nubeam_7')
2025-08-15 14:02:26,447 fastran_nb_nubeam_7 DEBUG    _get_service_response(REQUEST|fastran_000001@nubeam@7|FRAMEWORK@Framework@0|2)
2025-08-15 14:02:26,508 fastran_nb_nubeam_7 DEBUG    _get_service_response(REQUEST|fastran_000001@nubeam@7|FRAMEWORK@Framework@0|2), response = ServiceResponseMessage(sender_id=FRAMEWORK@Framework@0, receiver_id=fastran_000001@nubeam@7, request_msg_id=REQUEST|fastran_000001@nubeam@7|FRAMEWORK@Framework@0|2,status=0, args=(0,), message_id=RESPONSE|FRAMEWORK@Framework@0|fastran_000001@nubeam@7|70)
2025-08-15 14:02:26,508 fastran_nb_nubeam_7 DEBUG    _invoke_service(): getTopic  ('_IPS_MONITOR',)
2025-08-15 14:02:26,508 fastran_nb_nubeam_7 DEBUG    _get_service_response(REQUEST|fastran_000001@nubeam@7|FRAMEWORK@Framework@0|3)
2025-08-15 14:02:26,518 fastran_nb_nubeam_7 DEBUG    _get_service_response(REQUEST|fastran_000001@nubeam@7|FRAMEWORK@Framework@0|3), response = ServiceResponseMessage(sender_id=FRAMEWORK@Framework@0, receiver_id=fastran_000001@nubeam@7, request_msg_id=REQUEST|fastran_000001@nubeam@7|FRAMEWORK@Framework@0|3,status=0, args=(<ipsframework.cca_es_spec.Topic object at 0x1541243d6520>,), message_id=RESPONSE|FRAMEWORK@Framework@0|fastran_000001@nubeam@7|71)
2025-08-15 14:02:26,519 fastran_nb_nubeam_7 DEBUG    _invoke_service(): sendEvent  ('_IPS_MONITOR', 'PORTAL_EVENT', {'sim_name': 'fastran_000001', 'real_sim_name': 'fastran_000001', 'portal_data': {'code': 'fastran_nb_nubeam', 'eventtype': 'IPS_STAGE_STATE', 'ok': True, 'walltime': '7.23', 'time': '2025-08-15|14:02:26PDT', 'trace': {'timestamp': 1755291746447229, 'duration': 60856, 'localEndpoint': {'serviceName': 'stage_state'}, 'name': "['s000001.00001', 'g000001.00001', 'i000001.00001']", 'id': '71885aecf25d7412', 'parentId': '8d68a3a9f8735943', 'tags': {}}, 'state': 'Running', 'comment': 'Elapsed time = 0.061  files = s000001.00001 g000001.00001 i000001.00001 Success'}})
2025-08-15 14:02:26,519 fastran_nb_nubeam_7 DEBUG    _get_service_response(REQUEST|fastran_000001@nubeam@7|FRAMEWORK@Framework@0|4)
2025-08-15 14:02:26,530 fastran_nb_nubeam_7 DEBUG    _get_service_response(REQUEST|fastran_000001@nubeam@7|FRAMEWORK@Framework@0|4), response = ServiceResponseMessage(sender_id=FRAMEWORK@Framework@0, receiver_id=fastran_000001@nubeam@7, request_msg_id=REQUEST|fastran_000001@nubeam@7|FRAMEWORK@Framework@0|4,status=0, args=(None,), message_id=RESPONSE|FRAMEWORK@Framework@0|fastran_000001@nubeam@7|72)
2025-08-15 14:02:27,134 fastran_nb_nubeam_7 DEBUG    _invoke_service(): update_state  (['s000001.00001', 'g000001.00001', 'i000001.00001'], '/global/homes/y/yashu_gh/FREDA_EP/ips-fastran/examples_new/far3d/example1/SCAN/work/fastran_nb_nubeam_7', '/global/homes/y/yashu_gh/FREDA_EP/ips-fastran/examples_new/far3d/example1/SCAN/work/plasma_state')
2025-08-15 14:02:27,134 fastran_nb_nubeam_7 DEBUG    _get_service_response(REQUEST|fastran_000001@nubeam@7|FRAMEWORK@Framework@0|5)
2025-08-15 14:02:27,197 fastran_nb_nubeam_7 DEBUG    _get_service_response(REQUEST|fastran_000001@nubeam@7|FRAMEWORK@Framework@0|5), response = ServiceResponseMessage(sender_id=FRAMEWORK@Framework@0, receiver_id=fastran_000001@nubeam@7, request_msg_id=REQUEST|fastran_000001@nubeam@7|FRAMEWORK@Framework@0|5,status=0, args=(0,), message_id=RESPONSE|FRAMEWORK@Framework@0|fastran_000001@nubeam@7|74)
2025-08-15 14:02:27,197 fastran_nb_nubeam_7 DEBUG    _invoke_service(): getTopic  ('_IPS_MONITOR',)
2025-08-15 14:02:27,197 fastran_nb_nubeam_7 DEBUG    _get_service_response(REQUEST|fastran_000001@nubeam@7|FRAMEWORK@Framework@0|6)
2025-08-15 14:02:27,207 fastran_nb_nubeam_7 DEBUG    _get_service_response(REQUEST|fastran_000001@nubeam@7|FRAMEWORK@Framework@0|6), response = ServiceResponseMessage(sender_id=FRAMEWORK@Framework@0, receiver_id=fastran_000001@nubeam@7, request_msg_id=REQUEST|fastran_000001@nubeam@7|FRAMEWORK@Framework@0|6,status=0, args=(<ipsframework.cca_es_spec.Topic object at 0x1541243d6ac0>,), message_id=RESPONSE|FRAMEWORK@Framework@0|fastran_000001@nubeam@7|75)
2025-08-15 14:02:27,207 fastran_nb_nubeam_7 DEBUG    _invoke_service(): sendEvent  ('_IPS_MONITOR', 'PORTAL_EVENT', {'sim_name': 'fastran_000001', 'real_sim_name': 'fastran_000001', 'portal_data': {'code': 'fastran_nb_nubeam', 'eventtype': 'IPS_UPDATE_STATE', 'ok': True, 'walltime': '7.92', 'time': '2025-08-15|14:02:27PDT', 'trace': {'timestamp': 1755291747134315, 'duration': 62766, 'localEndpoint': {'serviceName': 'update_state'}, 'name': "['s000001.00001', 'g000001.00001', 'i000001.00001']", 'id': '7629e189a66153c0', 'parentId': '8d68a3a9f8735943', 'tags': {}}, 'state': 'Running', 'comment': 'Elapsed time = 0.063   files = s000001.00001 g000001.00001 i000001.00001 Success'}})
2025-08-15 14:02:27,208 fastran_nb_nubeam_7 DEBUG    _get_service_response(REQUEST|fastran_000001@nubeam@7|FRAMEWORK@Framework@0|7)
2025-08-15 14:02:27,218 fastran_nb_nubeam_7 DEBUG    _get_service_response(REQUEST|fastran_000001@nubeam@7|FRAMEWORK@Framework@0|7), response = ServiceResponseMessage(sender_id=FRAMEWORK@Framework@0, receiver_id=fastran_000001@nubeam@7, request_msg_id=REQUEST|fastran_000001@nubeam@7|FRAMEWORK@Framework@0|7,status=0, args=(None,), message_id=RESPONSE|FRAMEWORK@Framework@0|fastran_000001@nubeam@7|76)
2025-08-15 14:02:27,267 fastran_nb_nubeam_7 DEBUG    _invoke_service(): stage_state  (['s000001.00001', 'g000001.00001', 'i000001.00001'], '/global/homes/y/yashu_gh/FREDA_EP/ips-fastran/examples_new/far3d/example1/SCAN/work/plasma_state', '/global/homes/y/yashu_gh/FREDA_EP/ips-fastran/examples_new/far3d/example1/SCAN/work/fastran_nb_nubeam_7')
2025-08-15 14:02:27,267 fastran_nb_nubeam_7 DEBUG    _get_service_response(REQUEST|fastran_000001@nubeam@7|FRAMEWORK@Framework@0|8)
2025-08-15 14:02:27,329 fastran_nb_nubeam_7 DEBUG    _get_service_response(REQUEST|fastran_000001@nubeam@7|FRAMEWORK@Framework@0|8), response = ServiceResponseMessage(sender_id=FRAMEWORK@Framework@0, receiver_id=fastran_000001@nubeam@7, request_msg_id=REQUEST|fastran_000001@nubeam@7|FRAMEWORK@Framework@0|8,status=0, args=(0,), message_id=RESPONSE|FRAMEWORK@Framework@0|fastran_000001@nubeam@7|77)
2025-08-15 14:02:27,329 fastran_nb_nubeam_7 DEBUG    _invoke_service(): getTopic  ('_IPS_MONITOR',)
2025-08-15 14:02:27,329 fastran_nb_nubeam_7 DEBUG    _get_service_response(REQUEST|fastran_000001@nubeam@7|FRAMEWORK@Framework@0|9)
2025-08-15 14:02:27,339 fastran_nb_nubeam_7 DEBUG    _get_service_response(REQUEST|fastran_000001@nubeam@7|FRAMEWORK@Framework@0|9), response = ServiceResponseMessage(sender_id=FRAMEWORK@Framework@0, receiver_id=fastran_000001@nubeam@7, request_msg_id=REQUEST|fastran_000001@nubeam@7|FRAMEWORK@Framework@0|9,status=0, args=(<ipsframework.cca_es_spec.Topic object at 0x1541243d6070>,), message_id=RESPONSE|FRAMEWORK@Framework@0|fastran_000001@nubeam@7|79)
2025-08-15 14:02:27,339 fastran_nb_nubeam_7 DEBUG    _invoke_service(): sendEvent  ('_IPS_MONITOR', 'PORTAL_EVENT', {'sim_name': 'fastran_000001', 'real_sim_name': 'fastran_000001', 'portal_data': {'code': 'fastran_nb_nubeam', 'eventtype': 'IPS_STAGE_STATE', 'ok': True, 'walltime': '8.05', 'time': '2025-08-15|14:02:27PDT', 'trace': {'timestamp': 1755291747267739, 'duration': 61438, 'localEndpoint': {'serviceName': 'stage_state'}, 'name': "['s000001.00001', 'g000001.00001', 'i000001.00001']", 'id': '71885aecf25d7412', 'parentId': '8d68a3a9f8735943', 'tags': {}}, 'state': 'Running', 'comment': 'Elapsed time = 0.061  files = s000001.00001 g000001.00001 i000001.00001 Success'}})
2025-08-15 14:02:27,339 fastran_nb_nubeam_7 DEBUG    _get_service_response(REQUEST|fastran_000001@nubeam@7|FRAMEWORK@Framework@0|10)
2025-08-15 14:02:27,350 fastran_nb_nubeam_7 DEBUG    _get_service_response(REQUEST|fastran_000001@nubeam@7|FRAMEWORK@Framework@0|10), response = ServiceResponseMessage(sender_id=FRAMEWORK@Framework@0, receiver_id=fastran_000001@nubeam@7, request_msg_id=REQUEST|fastran_000001@nubeam@7|FRAMEWORK@Framework@0|10,status=0, args=(None,), message_id=RESPONSE|FRAMEWORK@Framework@0|fastran_000001@nubeam@7|80)
2025-08-15 14:02:27,353 fastran_nb_nubeam_7 DEBUG    _invoke_service(): init_task  (TaskInit(nproc=1, binary='/global/common/software/atom/perlmutter/binaries/nubeam/default/mpi_nubeam_comp_exec', working_dir='/global/homes/y/yashu_gh/FREDA_EP/ips-fastran/examples_new/far3d/example1/SCAN/work/fastran_nb_nubeam_7', tppn=0, tcpp=0, tgpp=0, block=True, omp=False, wnodes=True, wsocks=True, cmd_args=()),)
2025-08-15 14:02:27,353 fastran_nb_nubeam_7 DEBUG    _get_service_response(REQUEST|fastran_000001@nubeam@7|FRAMEWORK@Framework@0|11)
2025-08-15 14:02:27,365 fastran_nb_nubeam_7 DEBUG    _get_service_response(REQUEST|fastran_000001@nubeam@7|FRAMEWORK@Framework@0|11), response = ServiceResponseMessage(sender_id=FRAMEWORK@Framework@0, receiver_id=fastran_000001@nubeam@7, request_msg_id=REQUEST|fastran_000001@nubeam@7|FRAMEWORK@Framework@0|11,status=0, args=((1, 'srun -N 1 -n 1 -c 128 --threads-per-core=1 --cpu-bind=cores /global/common/software/atom/perlmutter/binaries/nubeam/default/mpi_nubeam_comp_exec ', None, 128),), message_id=RESPONSE|FRAMEWORK@Framework@0|fastran_000001@nubeam@7|81)
2025-08-15 14:02:27,371 fastran_nb_nubeam_7 DEBUG    Launching command : srun -N 1 -n 1 -c 128 --threads-per-core=1 --cpu-bind=cores /global/common/software/atom/perlmutter/binaries/nubeam/default/mpi_nubeam_comp_exec 
2025-08-15 14:02:27,396 fastran_nb_nubeam_7 DEBUG    _invoke_service(): getTopic  ('_IPS_MONITOR',)
2025-08-15 14:02:27,396 fastran_nb_nubeam_7 DEBUG    _get_service_response(REQUEST|fastran_000001@nubeam@7|FRAMEWORK@Framework@0|12)
2025-08-15 14:02:27,407 fastran_nb_nubeam_7 DEBUG    _get_service_response(REQUEST|fastran_000001@nubeam@7|FRAMEWORK@Framework@0|12), response = ServiceResponseMessage(sender_id=FRAMEWORK@Framework@0, receiver_id=fastran_000001@nubeam@7, request_msg_id=REQUEST|fastran_000001@nubeam@7|FRAMEWORK@Framework@0|12,status=0, args=(<ipsframework.cca_es_spec.Topic object at 0x1541243d6d30>,), message_id=RESPONSE|FRAMEWORK@Framework@0|fastran_000001@nubeam@7|82)
2025-08-15 14:02:27,407 fastran_nb_nubeam_7 DEBUG    _invoke_service(): sendEvent  ('_IPS_MONITOR', 'PORTAL_EVENT', {'sim_name': 'fastran_000001', 'real_sim_name': 'fastran_000001', 'portal_data': {'code': 'fastran_nb_nubeam', 'eventtype': 'IPS_LAUNCH_TASK', 'ok': True, 'walltime': '8.12', 'time': '2025-08-15|14:02:27PDT', 'state': 'Running', 'comment': 'task_id = 1 , Tag = None , nproc = 1 , Target = srun -N 1 -n 1 -c 128 --threads-per-core=1 --cpu-bind=cores /global/common/software/atom/perlmutter/binaries/nubeam/default/mpi_nubeam_comp_exec '}})
2025-08-15 14:02:27,407 fastran_nb_nubeam_7 DEBUG    _get_service_response(REQUEST|fastran_000001@nubeam@7|FRAMEWORK@Framework@0|13)
2025-08-15 14:02:27,418 fastran_nb_nubeam_7 DEBUG    _get_service_response(REQUEST|fastran_000001@nubeam@7|FRAMEWORK@Framework@0|13), response = ServiceResponseMessage(sender_id=FRAMEWORK@Framework@0, receiver_id=fastran_000001@nubeam@7, request_msg_id=REQUEST|fastran_000001@nubeam@7|FRAMEWORK@Framework@0|13,status=0, args=(None,), message_id=RESPONSE|FRAMEWORK@Framework@0|fastran_000001@nubeam@7|83)
2025-08-15 14:02:29,849 fastran_nb_nubeam_7 DEBUG    _invoke_service(): getTopic  ('_IPS_MONITOR',)
2025-08-15 14:02:29,850 fastran_nb_nubeam_7 DEBUG    _get_service_response(REQUEST|fastran_000001@nubeam@7|FRAMEWORK@Framework@0|14)
2025-08-15 14:02:29,860 fastran_nb_nubeam_7 DEBUG    _get_service_response(REQUEST|fastran_000001@nubeam@7|FRAMEWORK@Framework@0|14), response = ServiceResponseMessage(sender_id=FRAMEWORK@Framework@0, receiver_id=fastran_000001@nubeam@7, request_msg_id=REQUEST|fastran_000001@nubeam@7|FRAMEWORK@Framework@0|14,status=0, args=(<ipsframework.cca_es_spec.Topic object at 0x1541243d6e20>,), message_id=RESPONSE|FRAMEWORK@Framework@0|fastran_000001@nubeam@7|88)
2025-08-15 14:02:29,860 fastran_nb_nubeam_7 DEBUG    _invoke_service(): sendEvent  ('_IPS_MONITOR', 'PORTAL_EVENT', {'sim_name': 'fastran_000001', 'real_sim_name': 'fastran_000001', 'portal_data': {'code': 'fastran_nb_nubeam', 'eventtype': 'IPS_TASK_END', 'ok': True, 'walltime': '10.57', 'time': '2025-08-15|14:02:29PDT', 'trace': {'timestamp': 1755291747395733, 'duration': 2454051, 'localEndpoint': {'serviceName': '/global/common/software/atom/perlmutter/binaries/nubeam/default/mpi_nubeam_comp_exec'}, 'name': '', 'id': 'b7e242273824cc88', 'parentId': '8d68a3a9f8735943', 'tags': {'procs_requested': '1', 'cores_allocated': '128'}}, 'state': 'Running', 'comment': 'task_id = 1  elapsed time = 2.45 S'}})
2025-08-15 14:02:29,861 fastran_nb_nubeam_7 DEBUG    _get_service_response(REQUEST|fastran_000001@nubeam@7|FRAMEWORK@Framework@0|15)
2025-08-15 14:02:29,871 fastran_nb_nubeam_7 DEBUG    _get_service_response(REQUEST|fastran_000001@nubeam@7|FRAMEWORK@Framework@0|15), response = ServiceResponseMessage(sender_id=FRAMEWORK@Framework@0, receiver_id=fastran_000001@nubeam@7, request_msg_id=REQUEST|fastran_000001@nubeam@7|FRAMEWORK@Framework@0|15,status=0, args=(None,), message_id=RESPONSE|FRAMEWORK@Framework@0|fastran_000001@nubeam@7|89)
2025-08-15 14:02:29,872 fastran_nb_nubeam_7 DEBUG    _invoke_service(): finish_task  (1, 0)
2025-08-15 14:02:29,872 fastran_nb_nubeam_7 DEBUG    _get_service_response(REQUEST|fastran_000001@nubeam@7|FRAMEWORK@Framework@0|16)
2025-08-15 14:02:29,883 fastran_nb_nubeam_7 DEBUG    _get_service_response(REQUEST|fastran_000001@nubeam@7|FRAMEWORK@Framework@0|16), response = ServiceResponseMessage(sender_id=FRAMEWORK@Framework@0, receiver_id=fastran_000001@nubeam@7, request_msg_id=REQUEST|fastran_000001@nubeam@7|FRAMEWORK@Framework@0|16,status=0, args=(0,), message_id=RESPONSE|FRAMEWORK@Framework@0|fastran_000001@nubeam@7|90)
2025-08-15 14:02:29,895 fastran_driver_fastran_driver_2 DEBUG    _get_service_response(REQUEST|fastran_000001@fastran_driver@2|FRAMEWORK@Framework@0|41), response = ServiceResponseMessage(sender_id=FRAMEWORK@Framework@0, receiver_id=fastran_000001@fastran_driver@2, request_msg_id=REQUEST|fastran_000001@fastran_driver@2|FRAMEWORK@Framework@0|41,status=0, args=((None,),), message_id=RESPONSE|FRAMEWORK@Framework@0|fastran_000001@fastran_driver@2|92)
2025-08-15 14:02:29,896 fastran_driver_fastran_driver_2 DEBUG    _invoke_service(): getTopic  ('_IPS_MONITOR',)
2025-08-15 14:02:29,896 fastran_driver_fastran_driver_2 DEBUG    _get_service_response(REQUEST|fastran_000001@fastran_driver@2|FRAMEWORK@Framework@0|42)
2025-08-15 14:02:29,907 fastran_driver_fastran_driver_2 DEBUG    _get_service_response(REQUEST|fastran_000001@fastran_driver@2|FRAMEWORK@Framework@0|42), response = ServiceResponseMessage(sender_id=FRAMEWORK@Framework@0, receiver_id=fastran_000001@fastran_driver@2, request_msg_id=REQUEST|fastran_000001@fastran_driver@2|FRAMEWORK@Framework@0|42,status=0, args=(<ipsframework.cca_es_spec.Topic object at 0x15412441c520>,), message_id=RESPONSE|FRAMEWORK@Framework@0|fastran_000001@fastran_driver@2|93)
2025-08-15 14:02:29,907 fastran_driver_fastran_driver_2 DEBUG    _invoke_service(): sendEvent  ('_IPS_MONITOR', 'PORTAL_EVENT', {'sim_name': 'fastran_000001', 'real_sim_name': 'fastran_000001', 'portal_data': {'code': 'fastran_driver_fastran_driver', 'eventtype': 'IPS_CALL_END', 'ok': True, 'walltime': '10.62', 'time': '2025-08-15|14:02:29PDT', 'trace': {'timestamp': 1755291746410714, 'duration': 3485199, 'localEndpoint': {'serviceName': 'fastran_000001@nubeam@7'}, 'name': 'init(0)', 'id': '8d68a3a9f8735943', 'parentId': '15e0663de819b9fa', 'tags': {}}, 'state': 'Running', 'comment': 'Target = fastran_000001@nubeam@7:init(0)'}})
2025-08-15 14:02:29,907 fastran_driver_fastran_driver_2 DEBUG    _get_service_response(REQUEST|fastran_000001@fastran_driver@2|FRAMEWORK@Framework@0|43)
2025-08-15 14:02:29,918 fastran_driver_fastran_driver_2 DEBUG    _get_service_response(REQUEST|fastran_000001@fastran_driver@2|FRAMEWORK@Framework@0|43), response = ServiceResponseMessage(sender_id=FRAMEWORK@Framework@0, receiver_id=fastran_000001@fastran_driver@2, request_msg_id=REQUEST|fastran_000001@fastran_driver@2|FRAMEWORK@Framework@0|43,status=0, args=(None,), message_id=RESPONSE|FRAMEWORK@Framework@0|fastran_000001@fastran_driver@2|94)
2025-08-15 14:02:29,919 fastran_driver_fastran_driver_2 DEBUG    _invoke_service(): getTopic  ('_IPS_MONITOR',)
2025-08-15 14:02:29,919 fastran_driver_fastran_driver_2 DEBUG    _get_service_response(REQUEST|fastran_000001@fastran_driver@2|FRAMEWORK@Framework@0|44)
2025-08-15 14:02:29,930 fastran_driver_fastran_driver_2 DEBUG    _get_service_response(REQUEST|fastran_000001@fastran_driver@2|FRAMEWORK@Framework@0|44), response = ServiceResponseMessage(sender_id=FRAMEWORK@Framework@0, receiver_id=fastran_000001@fastran_driver@2, request_msg_id=REQUEST|fastran_000001@fastran_driver@2|FRAMEWORK@Framework@0|44,status=0, args=(<ipsframework.cca_es_spec.Topic object at 0x15412441cd00>,), message_id=RESPONSE|FRAMEWORK@Framework@0|fastran_000001@fastran_driver@2|95)
2025-08-15 14:02:29,930 fastran_driver_fastran_driver_2 DEBUG    _invoke_service(): sendEvent  ('_IPS_MONITOR', 'PORTAL_EVENT', {'sim_name': 'fastran_000001', 'real_sim_name': 'fastran_000001', 'portal_data': {'code': 'fastran_driver_fastran_driver', 'eventtype': 'IPS_CALL_BEGIN', 'ok': True, 'walltime': '10.64', 'time': '2025-08-15|14:02:29PDT', 'state': 'Running', 'comment': 'Target = fastran_000001@efit@8:init(0)'}})
2025-08-15 14:02:29,930 fastran_driver_fastran_driver_2 DEBUG    _get_service_response(REQUEST|fastran_000001@fastran_driver@2|FRAMEWORK@Framework@0|45)
2025-08-15 14:02:29,941 fastran_driver_fastran_driver_2 DEBUG    _get_service_response(REQUEST|fastran_000001@fastran_driver@2|FRAMEWORK@Framework@0|45), response = ServiceResponseMessage(sender_id=FRAMEWORK@Framework@0, receiver_id=fastran_000001@fastran_driver@2, request_msg_id=REQUEST|fastran_000001@fastran_driver@2|FRAMEWORK@Framework@0|45,status=0, args=(None,), message_id=RESPONSE|FRAMEWORK@Framework@0|fastran_000001@fastran_driver@2|96)
2025-08-15 14:02:29,941 fastran_driver_fastran_driver_2 DEBUG    _invoke_service(): init_call  ('init', '0')
2025-08-15 14:02:29,941 fastran_driver_fastran_driver_2 DEBUG    _get_service_response(REQUEST|fastran_000001@fastran_driver@2|FRAMEWORK@Framework@0|46)
2025-08-15 14:02:29,942 fastran_eq_efit_8 DEBUG    Received Message 
2025-08-15 14:02:29,942 fastran_eq_efit_8 DEBUG    Calling method init(0)
2025-08-15 14:02:29,952 fastran_driver_fastran_driver_2 DEBUG    _get_service_response(REQUEST|fastran_000001@fastran_driver@2|FRAMEWORK@Framework@0|46), response = ServiceResponseMessage(sender_id=FRAMEWORK@Framework@0, receiver_id=fastran_000001@fastran_driver@2, request_msg_id=REQUEST|fastran_000001@fastran_driver@2|FRAMEWORK@Framework@0|46,status=0, args=(16,), message_id=RESPONSE|FRAMEWORK@Framework@0|fastran_000001@fastran_driver@2|97)
2025-08-15 14:02:29,952 fastran_driver_fastran_driver_2 DEBUG    _invoke_service(): wait_call  (16, True)
2025-08-15 14:02:29,952 fastran_driver_fastran_driver_2 DEBUG    _get_service_response(REQUEST|fastran_000001@fastran_driver@2|FRAMEWORK@Framework@0|47)
2025-08-15 14:02:29,971 fastran_driver_fastran_driver_2 DEBUG    _get_service_response(REQUEST|fastran_000001@fastran_driver@2|FRAMEWORK@Framework@0|47), response = ServiceResponseMessage(sender_id=FRAMEWORK@Framework@0, receiver_id=fastran_000001@fastran_driver@2, request_msg_id=REQUEST|fastran_000001@fastran_driver@2|FRAMEWORK@Framework@0|47,status=0, args=((None,),), message_id=RESPONSE|FRAMEWORK@Framework@0|fastran_000001@fastran_driver@2|98)
2025-08-15 14:02:29,971 fastran_driver_fastran_driver_2 DEBUG    _invoke_service(): getTopic  ('_IPS_MONITOR',)
2025-08-15 14:02:29,972 fastran_driver_fastran_driver_2 DEBUG    _get_service_response(REQUEST|fastran_000001@fastran_driver@2|FRAMEWORK@Framework@0|48)
2025-08-15 14:02:29,982 fastran_driver_fastran_driver_2 DEBUG    _get_service_response(REQUEST|fastran_000001@fastran_driver@2|FRAMEWORK@Framework@0|48), response = ServiceResponseMessage(sender_id=FRAMEWORK@Framework@0, receiver_id=fastran_000001@fastran_driver@2, request_msg_id=REQUEST|fastran_000001@fastran_driver@2|FRAMEWORK@Framework@0|48,status=0, args=(<ipsframework.cca_es_spec.Topic object at 0x15412441ca30>,), message_id=RESPONSE|FRAMEWORK@Framework@0|fastran_000001@fastran_driver@2|99)
2025-08-15 14:02:29,982 fastran_driver_fastran_driver_2 DEBUG    _invoke_service(): sendEvent  ('_IPS_MONITOR', 'PORTAL_EVENT', {'sim_name': 'fastran_000001', 'real_sim_name': 'fastran_000001', 'portal_data': {'code': 'fastran_driver_fastran_driver', 'eventtype': 'IPS_CALL_END', 'ok': True, 'walltime': '10.69', 'time': '2025-08-15|14:02:29PDT', 'trace': {'timestamp': 1755291749952501, 'duration': 19351, 'localEndpoint': {'serviceName': 'fastran_000001@efit@8'}, 'name': 'init(0)', 'id': '0e4b4fb1135b148e', 'parentId': '15e0663de819b9fa', 'tags': {}}, 'state': 'Running', 'comment': 'Target = fastran_000001@efit@8:init(0)'}})
2025-08-15 14:02:29,982 fastran_driver_fastran_driver_2 DEBUG    _get_service_response(REQUEST|fastran_000001@fastran_driver@2|FRAMEWORK@Framework@0|49)
2025-08-15 14:02:29,993 fastran_driver_fastran_driver_2 DEBUG    _get_service_response(REQUEST|fastran_000001@fastran_driver@2|FRAMEWORK@Framework@0|49), response = ServiceResponseMessage(sender_id=FRAMEWORK@Framework@0, receiver_id=fastran_000001@fastran_driver@2, request_msg_id=REQUEST|fastran_000001@fastran_driver@2|FRAMEWORK@Framework@0|49,status=0, args=(None,), message_id=RESPONSE|FRAMEWORK@Framework@0|fastran_000001@fastran_driver@2|100)
2025-08-15 14:02:29,994 fastran_driver_fastran_driver_2 DEBUG    _invoke_service(): getTopic  ('_IPS_MONITOR',)
2025-08-15 14:02:29,994 fastran_driver_fastran_driver_2 DEBUG    _get_service_response(REQUEST|fastran_000001@fastran_driver@2|FRAMEWORK@Framework@0|50)
2025-08-15 14:02:30,005 fastran_driver_fastran_driver_2 DEBUG    _get_service_response(REQUEST|fastran_000001@fastran_driver@2|FRAMEWORK@Framework@0|50), response = ServiceResponseMessage(sender_id=FRAMEWORK@Framework@0, receiver_id=fastran_000001@fastran_driver@2, request_msg_id=REQUEST|fastran_000001@fastran_driver@2|FRAMEWORK@Framework@0|50,status=0, args=(<ipsframework.cca_es_spec.Topic object at 0x15412441ca90>,), message_id=RESPONSE|FRAMEWORK@Framework@0|fastran_000001@fastran_driver@2|101)
2025-08-15 14:02:30,005 fastran_driver_fastran_driver_2 DEBUG    _invoke_service(): sendEvent  ('_IPS_MONITOR', 'PORTAL_EVENT', {'sim_name': 'fastran_000001', 'real_sim_name': 'fastran_000001', 'portal_data': {'code': 'fastran_driver_fastran_driver', 'eventtype': 'IPS_CALL_BEGIN', 'ok': True, 'walltime': '10.71', 'time': '2025-08-15|14:02:29PDT', 'state': 'Running', 'comment': 'Target = fastran_000001@fastran@9:init(0)'}})
2025-08-15 14:02:30,005 fastran_driver_fastran_driver_2 DEBUG    _get_service_response(REQUEST|fastran_000001@fastran_driver@2|FRAMEWORK@Framework@0|51)
2025-08-15 14:02:30,016 fastran_driver_fastran_driver_2 DEBUG    _get_service_response(REQUEST|fastran_000001@fastran_driver@2|FRAMEWORK@Framework@0|51), response = ServiceResponseMessage(sender_id=FRAMEWORK@Framework@0, receiver_id=fastran_000001@fastran_driver@2, request_msg_id=REQUEST|fastran_000001@fastran_driver@2|FRAMEWORK@Framework@0|51,status=0, args=(None,), message_id=RESPONSE|FRAMEWORK@Framework@0|fastran_000001@fastran_driver@2|102)
2025-08-15 14:02:30,016 fastran_driver_fastran_driver_2 DEBUG    _invoke_service(): init_call  ('init', '0')
2025-08-15 14:02:30,016 fastran_driver_fastran_driver_2 DEBUG    _get_service_response(REQUEST|fastran_000001@fastran_driver@2|FRAMEWORK@Framework@0|52)
2025-08-15 14:02:30,017 fastran_tr_fastran_9 DEBUG    Received Message 
2025-08-15 14:02:30,017 fastran_tr_fastran_9 DEBUG    Calling method init(0)
2025-08-15 14:02:30,027 fastran_driver_fastran_driver_2 DEBUG    _get_service_response(REQUEST|fastran_000001@fastran_driver@2|FRAMEWORK@Framework@0|52), response = ServiceResponseMessage(sender_id=FRAMEWORK@Framework@0, receiver_id=fastran_000001@fastran_driver@2, request_msg_id=REQUEST|fastran_000001@fastran_driver@2|FRAMEWORK@Framework@0|52,status=0, args=(17,), message_id=RESPONSE|FRAMEWORK@Framework@0|fastran_000001@fastran_driver@2|103)
2025-08-15 14:02:30,027 fastran_driver_fastran_driver_2 DEBUG    _invoke_service(): wait_call  (17, True)
2025-08-15 14:02:30,027 fastran_driver_fastran_driver_2 DEBUG    _get_service_response(REQUEST|fastran_000001@fastran_driver@2|FRAMEWORK@Framework@0|53)
2025-08-15 14:02:30,038 fastran_driver_fastran_driver_2 DEBUG    _get_service_response(REQUEST|fastran_000001@fastran_driver@2|FRAMEWORK@Framework@0|53), response = ServiceResponseMessage(sender_id=FRAMEWORK@Framework@0, receiver_id=fastran_000001@fastran_driver@2, request_msg_id=REQUEST|fastran_000001@fastran_driver@2|FRAMEWORK@Framework@0|53,status=0, args=((None,),), message_id=RESPONSE|FRAMEWORK@Framework@0|fastran_000001@fastran_driver@2|104)
2025-08-15 14:02:30,038 fastran_driver_fastran_driver_2 DEBUG    _invoke_service(): getTopic  ('_IPS_MONITOR',)
2025-08-15 14:02:30,038 fastran_driver_fastran_driver_2 DEBUG    _get_service_response(REQUEST|fastran_000001@fastran_driver@2|FRAMEWORK@Framework@0|54)
2025-08-15 14:02:30,049 fastran_driver_fastran_driver_2 DEBUG    _get_service_response(REQUEST|fastran_000001@fastran_driver@2|FRAMEWORK@Framework@0|54), response = ServiceResponseMessage(sender_id=FRAMEWORK@Framework@0, receiver_id=fastran_000001@fastran_driver@2, request_msg_id=REQUEST|fastran_000001@fastran_driver@2|FRAMEWORK@Framework@0|54,status=0, args=(<ipsframework.cca_es_spec.Topic object at 0x15412441cd00>,), message_id=RESPONSE|FRAMEWORK@Framework@0|fastran_000001@fastran_driver@2|105)
2025-08-15 14:02:30,049 fastran_driver_fastran_driver_2 DEBUG    _invoke_service(): sendEvent  ('_IPS_MONITOR', 'PORTAL_EVENT', {'sim_name': 'fastran_000001', 'real_sim_name': 'fastran_000001', 'portal_data': {'code': 'fastran_driver_fastran_driver', 'eventtype': 'IPS_CALL_END', 'ok': True, 'walltime': '10.76', 'time': '2025-08-15|14:02:30PDT', 'trace': {'timestamp': 1755291750027903, 'duration': 10934, 'localEndpoint': {'serviceName': 'fastran_000001@fastran@9'}, 'name': 'init(0)', 'id': '1423e7a97aef6cc3', 'parentId': '15e0663de819b9fa', 'tags': {}}, 'state': 'Running', 'comment': 'Target = fastran_000001@fastran@9:init(0)'}})
2025-08-15 14:02:30,049 fastran_driver_fastran_driver_2 DEBUG    _get_service_response(REQUEST|fastran_000001@fastran_driver@2|FRAMEWORK@Framework@0|55)
2025-08-15 14:02:30,060 fastran_driver_fastran_driver_2 DEBUG    _get_service_response(REQUEST|fastran_000001@fastran_driver@2|FRAMEWORK@Framework@0|55), response = ServiceResponseMessage(sender_id=FRAMEWORK@Framework@0, receiver_id=fastran_000001@fastran_driver@2, request_msg_id=REQUEST|fastran_000001@fastran_driver@2|FRAMEWORK@Framework@0|55,status=0, args=(None,), message_id=RESPONSE|FRAMEWORK@Framework@0|fastran_000001@fastran_driver@2|106)
2025-08-15 14:02:30,062 fastran_driver_fastran_driver_2 DEBUG    _invoke_service(): getTopic  ('_IPS_MONITOR',)
2025-08-15 14:02:30,062 fastran_driver_fastran_driver_2 DEBUG    _get_service_response(REQUEST|fastran_000001@fastran_driver@2|FRAMEWORK@Framework@0|56)
2025-08-15 14:02:30,073 fastran_driver_fastran_driver_2 DEBUG    _get_service_response(REQUEST|fastran_000001@fastran_driver@2|FRAMEWORK@Framework@0|56), response = ServiceResponseMessage(sender_id=FRAMEWORK@Framework@0, receiver_id=fastran_000001@fastran_driver@2, request_msg_id=REQUEST|fastran_000001@fastran_driver@2|FRAMEWORK@Framework@0|56,status=0, args=(<ipsframework.cca_es_spec.Topic object at 0x15412441c520>,), message_id=RESPONSE|FRAMEWORK@Framework@0|fastran_000001@fastran_driver@2|107)
2025-08-15 14:02:30,073 fastran_driver_fastran_driver_2 DEBUG    _invoke_service(): sendEvent  ('_IPS_MONITOR', 'PORTAL_EVENT', {'sim_name': 'fastran_000001', 'real_sim_name': 'fastran_000001', 'portal_data': {'code': 'fastran_driver_fastran_driver', 'eventtype': 'IPS_CALL_BEGIN', 'ok': True, 'walltime': '10.78', 'time': '2025-08-15|14:02:30PDT', 'state': 'Running', 'comment': 'Target = fastran_000001@far3d@10:init(0)'}})
2025-08-15 14:02:30,073 fastran_driver_fastran_driver_2 DEBUG    _get_service_response(REQUEST|fastran_000001@fastran_driver@2|FRAMEWORK@Framework@0|57)
2025-08-15 14:02:30,084 fastran_driver_fastran_driver_2 DEBUG    _get_service_response(REQUEST|fastran_000001@fastran_driver@2|FRAMEWORK@Framework@0|57), response = ServiceResponseMessage(sender_id=FRAMEWORK@Framework@0, receiver_id=fastran_000001@fastran_driver@2, request_msg_id=REQUEST|fastran_000001@fastran_driver@2|FRAMEWORK@Framework@0|57,status=0, args=(None,), message_id=RESPONSE|FRAMEWORK@Framework@0|fastran_000001@fastran_driver@2|108)
2025-08-15 14:02:30,084 fastran_driver_fastran_driver_2 DEBUG    _invoke_service(): init_call  ('init', '0')
2025-08-15 14:02:30,084 fastran_driver_fastran_driver_2 DEBUG    _get_service_response(REQUEST|fastran_000001@fastran_driver@2|FRAMEWORK@Framework@0|58)
2025-08-15 14:02:30,085 fastran_ep_far3d_10 DEBUG    Received Message 
2025-08-15 14:02:30,085 fastran_ep_far3d_10 DEBUG    Calling method init(0)
2025-08-15 14:02:30,095 fastran_driver_fastran_driver_2 DEBUG    _get_service_response(REQUEST|fastran_000001@fastran_driver@2|FRAMEWORK@Framework@0|58), response = ServiceResponseMessage(sender_id=FRAMEWORK@Framework@0, receiver_id=fastran_000001@fastran_driver@2, request_msg_id=REQUEST|fastran_000001@fastran_driver@2|FRAMEWORK@Framework@0|58,status=0, args=(18,), message_id=RESPONSE|FRAMEWORK@Framework@0|fastran_000001@fastran_driver@2|109)
2025-08-15 14:02:30,095 fastran_driver_fastran_driver_2 DEBUG    _invoke_service(): wait_call  (18, True)
2025-08-15 14:02:30,095 fastran_driver_fastran_driver_2 DEBUG    _get_service_response(REQUEST|fastran_000001@fastran_driver@2|FRAMEWORK@Framework@0|59)
2025-08-15 14:02:30,106 fastran_driver_fastran_driver_2 DEBUG    _get_service_response(REQUEST|fastran_000001@fastran_driver@2|FRAMEWORK@Framework@0|59), response = ServiceResponseMessage(sender_id=FRAMEWORK@Framework@0, receiver_id=fastran_000001@fastran_driver@2, request_msg_id=REQUEST|fastran_000001@fastran_driver@2|FRAMEWORK@Framework@0|59,status=0, args=((None,),), message_id=RESPONSE|FRAMEWORK@Framework@0|fastran_000001@fastran_driver@2|110)
2025-08-15 14:02:30,106 fastran_driver_fastran_driver_2 DEBUG    _invoke_service(): getTopic  ('_IPS_MONITOR',)
2025-08-15 14:02:30,106 fastran_driver_fastran_driver_2 DEBUG    _get_service_response(REQUEST|fastran_000001@fastran_driver@2|FRAMEWORK@Framework@0|60)
2025-08-15 14:02:30,117 fastran_driver_fastran_driver_2 DEBUG    _get_service_response(REQUEST|fastran_000001@fastran_driver@2|FRAMEWORK@Framework@0|60), response = ServiceResponseMessage(sender_id=FRAMEWORK@Framework@0, receiver_id=fastran_000001@fastran_driver@2, request_msg_id=REQUEST|fastran_000001@fastran_driver@2|FRAMEWORK@Framework@0|60,status=0, args=(<ipsframework.cca_es_spec.Topic object at 0x15412441ca90>,), message_id=RESPONSE|FRAMEWORK@Framework@0|fastran_000001@fastran_driver@2|111)
2025-08-15 14:02:30,117 fastran_driver_fastran_driver_2 DEBUG    _invoke_service(): sendEvent  ('_IPS_MONITOR', 'PORTAL_EVENT', {'sim_name': 'fastran_000001', 'real_sim_name': 'fastran_000001', 'portal_data': {'code': 'fastran_driver_fastran_driver', 'eventtype': 'IPS_CALL_END', 'ok': True, 'walltime': '10.83', 'time': '2025-08-15|14:02:30PDT', 'trace': {'timestamp': 1755291750095690, 'duration': 10887, 'localEndpoint': {'serviceName': 'fastran_000001@far3d@10'}, 'name': 'init(0)', 'id': 'c4f522721a0302b7', 'parentId': '15e0663de819b9fa', 'tags': {}}, 'state': 'Running', 'comment': 'Target = fastran_000001@far3d@10:init(0)'}})
2025-08-15 14:02:30,117 fastran_driver_fastran_driver_2 DEBUG    _get_service_response(REQUEST|fastran_000001@fastran_driver@2|FRAMEWORK@Framework@0|61)
2025-08-15 14:02:30,128 fastran_driver_fastran_driver_2 DEBUG    _get_service_response(REQUEST|fastran_000001@fastran_driver@2|FRAMEWORK@Framework@0|61), response = ServiceResponseMessage(sender_id=FRAMEWORK@Framework@0, receiver_id=fastran_000001@fastran_driver@2, request_msg_id=REQUEST|fastran_000001@fastran_driver@2|FRAMEWORK@Framework@0|61,status=0, args=(None,), message_id=RESPONSE|FRAMEWORK@Framework@0|fastran_000001@fastran_driver@2|112)
2025-08-15 14:02:30,128 fastran_driver_fastran_driver_2 DEBUG    _invoke_service(): stage_state  (['s000001.00001', 'g000001.00001', 'i000001.00001'], '/global/homes/y/yashu_gh/FREDA_EP/ips-fastran/examples_new/far3d/example1/SCAN/work/plasma_state', '/global/homes/y/yashu_gh/FREDA_EP/ips-fastran/examples_new/far3d/example1/SCAN/work/fastran_driver_fastran_driver_2')
2025-08-15 14:02:30,129 fastran_driver_fastran_driver_2 DEBUG    _get_service_response(REQUEST|fastran_000001@fastran_driver@2|FRAMEWORK@Framework@0|62)
2025-08-15 14:02:30,209 fastran_driver_fastran_driver_2 DEBUG    _get_service_response(REQUEST|fastran_000001@fastran_driver@2|FRAMEWORK@Framework@0|62), response = ServiceResponseMessage(sender_id=FRAMEWORK@Framework@0, receiver_id=fastran_000001@fastran_driver@2, request_msg_id=REQUEST|fastran_000001@fastran_driver@2|FRAMEWORK@Framework@0|62,status=0, args=(0,), message_id=RESPONSE|FRAMEWORK@Framework@0|fastran_000001@fastran_driver@2|113)
2025-08-15 14:02:30,209 fastran_driver_fastran_driver_2 DEBUG    _invoke_service(): getTopic  ('_IPS_MONITOR',)
2025-08-15 14:02:30,209 fastran_driver_fastran_driver_2 DEBUG    _get_service_response(REQUEST|fastran_000001@fastran_driver@2|FRAMEWORK@Framework@0|63)
2025-08-15 14:02:30,220 fastran_driver_fastran_driver_2 DEBUG    _get_service_response(REQUEST|fastran_000001@fastran_driver@2|FRAMEWORK@Framework@0|63), response = ServiceResponseMessage(sender_id=FRAMEWORK@Framework@0, receiver_id=fastran_000001@fastran_driver@2, request_msg_id=REQUEST|fastran_000001@fastran_driver@2|FRAMEWORK@Framework@0|63,status=0, args=(<ipsframework.cca_es_spec.Topic object at 0x15412441cd00>,), message_id=RESPONSE|FRAMEWORK@Framework@0|fastran_000001@fastran_driver@2|114)
2025-08-15 14:02:30,220 fastran_driver_fastran_driver_2 DEBUG    _invoke_service(): sendEvent  ('_IPS_MONITOR', 'PORTAL_EVENT', {'sim_name': 'fastran_000001', 'real_sim_name': 'fastran_000001', 'portal_data': {'code': 'fastran_driver_fastran_driver', 'eventtype': 'IPS_STAGE_STATE', 'ok': True, 'walltime': '10.93', 'time': '2025-08-15|14:02:30PDT', 'trace': {'timestamp': 1755291750128849, 'duration': 80794, 'localEndpoint': {'serviceName': 'stage_state'}, 'name': "['s000001.00001', 'g000001.00001', 'i000001.00001']", 'id': '71885aecf25d7412', 'parentId': '15e0663de819b9fa', 'tags': {}}, 'state': 'Running', 'comment': 'Elapsed time = 0.081  files = s000001.00001 g000001.00001 i000001.00001 Success'}})
2025-08-15 14:02:30,220 fastran_driver_fastran_driver_2 DEBUG    _get_service_response(REQUEST|fastran_000001@fastran_driver@2|FRAMEWORK@Framework@0|64)
2025-08-15 14:02:30,231 fastran_driver_fastran_driver_2 DEBUG    _get_service_response(REQUEST|fastran_000001@fastran_driver@2|FRAMEWORK@Framework@0|64), response = ServiceResponseMessage(sender_id=FRAMEWORK@Framework@0, receiver_id=fastran_000001@fastran_driver@2, request_msg_id=REQUEST|fastran_000001@fastran_driver@2|FRAMEWORK@Framework@0|64,status=0, args=(None,), message_id=RESPONSE|FRAMEWORK@Framework@0|fastran_000001@fastran_driver@2|115)
2025-08-15 14:02:30,236 fastran_driver_fastran_driver_2 DEBUG    _invoke_service(): getTopic  ('_IPS_MONITOR',)
2025-08-15 14:02:30,236 fastran_driver_fastran_driver_2 DEBUG    _get_service_response(REQUEST|fastran_000001@fastran_driver@2|FRAMEWORK@Framework@0|65)
2025-08-15 14:02:30,246 fastran_driver_fastran_driver_2 DEBUG    _get_service_response(REQUEST|fastran_000001@fastran_driver@2|FRAMEWORK@Framework@0|65), response = ServiceResponseMessage(sender_id=FRAMEWORK@Framework@0, receiver_id=fastran_000001@fastran_driver@2, request_msg_id=REQUEST|fastran_000001@fastran_driver@2|FRAMEWORK@Framework@0|65,status=0, args=(<ipsframework.cca_es_spec.Topic object at 0x15412441ceb0>,), message_id=RESPONSE|FRAMEWORK@Framework@0|fastran_000001@fastran_driver@2|116)
2025-08-15 14:02:30,246 fastran_driver_fastran_driver_2 DEBUG    _invoke_service(): sendEvent  ('_IPS_MONITOR', 'PORTAL_EVENT', {'sim_name': 'fastran_000001', 'real_sim_name': 'fastran_000001', 'portal_data': {'code': 'fastran_driver_fastran_driver', 'eventtype': 'IPS_STAGE_OUTPUTS', 'ok': True, 'walltime': '10.96', 'time': '2025-08-15|14:02:30PDT', 'trace': {'timestamp': 1755291750231393, 'duration': 4593, 'localEndpoint': {'serviceName': 'stage_output_files'}, 'name': '[]', 'id': 'ed019efe11be26d9', 'parentId': '15e0663de819b9fa', 'tags': {}}, 'state': 'Running', 'comment': 'Elapsed time = 0.005 Path = /global/homes/y/yashu_gh/FREDA_EP/ips-fastran/examples_new/far3d/example1/SCAN/simulation_results/0/components/fastran_driver_fastran_driver_2 Files = []'}})
2025-08-15 14:02:30,246 fastran_driver_fastran_driver_2 DEBUG    _get_service_response(REQUEST|fastran_000001@fastran_driver@2|FRAMEWORK@Framework@0|66)
2025-08-15 14:02:30,257 fastran_driver_fastran_driver_2 DEBUG    _get_service_response(REQUEST|fastran_000001@fastran_driver@2|FRAMEWORK@Framework@0|66), response = ServiceResponseMessage(sender_id=FRAMEWORK@Framework@0, receiver_id=fastran_000001@fastran_driver@2, request_msg_id=REQUEST|fastran_000001@fastran_driver@2|FRAMEWORK@Framework@0|66,status=0, args=(None,), message_id=RESPONSE|FRAMEWORK@Framework@0|fastran_000001@fastran_driver@2|117)
2025-08-15 14:02:30,261 fastran_driver_fastran_driver_2 DEBUG    _invoke_service(): getTopic  ('_IPS_MONITOR',)
2025-08-15 14:02:30,261 fastran_driver_fastran_driver_2 DEBUG    _get_service_response(REQUEST|fastran_000001@fastran_driver@2|FRAMEWORK@Framework@0|67)
2025-08-15 14:02:30,271 fastran_driver_fastran_driver_2 DEBUG    _get_service_response(REQUEST|fastran_000001@fastran_driver@2|FRAMEWORK@Framework@0|67), response = ServiceResponseMessage(sender_id=FRAMEWORK@Framework@0, receiver_id=fastran_000001@fastran_driver@2, request_msg_id=REQUEST|fastran_000001@fastran_driver@2|FRAMEWORK@Framework@0|67,status=0, args=(<ipsframework.cca_es_spec.Topic object at 0x15412441ce50>,), message_id=RESPONSE|FRAMEWORK@Framework@0|fastran_000001@fastran_driver@2|118)
2025-08-15 14:02:30,271 fastran_driver_fastran_driver_2 DEBUG    _invoke_service(): sendEvent  ('_IPS_MONITOR', 'PORTALBRIDGE_UPDATE_TIMESTAMP', {'sim_name': 'fastran_000001', 'real_sim_name': 'fastran_000001', 'portal_data': {'phystimestamp': 'preprocess_0', 'eventtype': 'PORTALBRIDGE_UPDATE_TIMESTAMP'}})
2025-08-15 14:02:30,271 fastran_driver_fastran_driver_2 DEBUG    _get_service_response(REQUEST|fastran_000001@fastran_driver@2|FRAMEWORK@Framework@0|68)
2025-08-15 14:02:30,282 fastran_driver_fastran_driver_2 DEBUG    _get_service_response(REQUEST|fastran_000001@fastran_driver@2|FRAMEWORK@Framework@0|68), response = ServiceResponseMessage(sender_id=FRAMEWORK@Framework@0, receiver_id=fastran_000001@fastran_driver@2, request_msg_id=REQUEST|fastran_000001@fastran_driver@2|FRAMEWORK@Framework@0|68,status=0, args=(None,), message_id=RESPONSE|FRAMEWORK@Framework@0|fastran_000001@fastran_driver@2|119)
2025-08-15 14:02:30,282 fastran_driver_fastran_driver_2 DEBUG    _invoke_service(): getTopic  ('_IPS_MONITOR',)
2025-08-15 14:02:30,282 fastran_driver_fastran_driver_2 DEBUG    _get_service_response(REQUEST|fastran_000001@fastran_driver@2|FRAMEWORK@Framework@0|69)
2025-08-15 14:02:30,293 fastran_driver_fastran_driver_2 DEBUG    _get_service_response(REQUEST|fastran_000001@fastran_driver@2|FRAMEWORK@Framework@0|69), response = ServiceResponseMessage(sender_id=FRAMEWORK@Framework@0, receiver_id=fastran_000001@fastran_driver@2, request_msg_id=REQUEST|fastran_000001@fastran_driver@2|FRAMEWORK@Framework@0|69,status=0, args=(<ipsframework.cca_es_spec.Topic object at 0x15412441ce80>,), message_id=RESPONSE|FRAMEWORK@Framework@0|fastran_000001@fastran_driver@2|120)
2025-08-15 14:02:30,293 fastran_driver_fastran_driver_2 DEBUG    _invoke_service(): sendEvent  ('_IPS_MONITOR', 'PORTAL_EVENT', {'sim_name': 'fastran_000001', 'real_sim_name': 'fastran_000001', 'portal_data': {'code': 'fastran_driver_fastran_driver', 'eventtype': 'IPS_UPDATE_TIME_STAMP', 'ok': True, 'walltime': '11.00', 'time': '2025-08-15|14:02:30PDT', 'state': 'Running', 'comment': 'Timestamp = preprocess_0'}})
2025-08-15 14:02:30,293 fastran_driver_fastran_driver_2 DEBUG    _get_service_response(REQUEST|fastran_000001@fastran_driver@2|FRAMEWORK@Framework@0|70)
2025-08-15 14:02:30,304 fastran_driver_fastran_driver_2 DEBUG    _get_service_response(REQUEST|fastran_000001@fastran_driver@2|FRAMEWORK@Framework@0|70), response = ServiceResponseMessage(sender_id=FRAMEWORK@Framework@0, receiver_id=fastran_000001@fastran_driver@2, request_msg_id=REQUEST|fastran_000001@fastran_driver@2|FRAMEWORK@Framework@0|70,status=0, args=(None,), message_id=RESPONSE|FRAMEWORK@Framework@0|fastran_000001@fastran_driver@2|121)
2025-08-15 14:02:30,305 fastran_driver_fastran_driver_2 DEBUG    _invoke_service(): getTopic  ('_IPS_MONITOR',)
2025-08-15 14:02:30,305 fastran_driver_fastran_driver_2 DEBUG    _get_service_response(REQUEST|fastran_000001@fastran_driver@2|FRAMEWORK@Framework@0|71)
2025-08-15 14:02:30,316 fastran_driver_fastran_driver_2 DEBUG    _get_service_response(REQUEST|fastran_000001@fastran_driver@2|FRAMEWORK@Framework@0|71), response = ServiceResponseMessage(sender_id=FRAMEWORK@Framework@0, receiver_id=fastran_000001@fastran_driver@2, request_msg_id=REQUEST|fastran_000001@fastran_driver@2|FRAMEWORK@Framework@0|71,status=0, args=(<ipsframework.cca_es_spec.Topic object at 0x15412441cee0>,), message_id=RESPONSE|FRAMEWORK@Framework@0|fastran_000001@fastran_driver@2|122)
2025-08-15 14:02:30,316 fastran_driver_fastran_driver_2 DEBUG    _invoke_service(): sendEvent  ('_IPS_MONITOR', 'PORTAL_EVENT', {'sim_name': 'fastran_000001', 'real_sim_name': 'fastran_000001', 'portal_data': {'code': 'fastran_driver_fastran_driver', 'eventtype': 'IPS_CALL_BEGIN', 'ok': True, 'walltime': '11.03', 'time': '2025-08-15|14:02:30PDT', 'state': 'Running', 'comment': 'Target = fastran_000001@efit@3:step(preprocess_0)'}})
2025-08-15 14:02:30,316 fastran_driver_fastran_driver_2 DEBUG    _get_service_response(REQUEST|fastran_000001@fastran_driver@2|FRAMEWORK@Framework@0|72)
2025-08-15 14:02:30,327 fastran_driver_fastran_driver_2 DEBUG    _get_service_response(REQUEST|fastran_000001@fastran_driver@2|FRAMEWORK@Framework@0|72), response = ServiceResponseMessage(sender_id=FRAMEWORK@Framework@0, receiver_id=fastran_000001@fastran_driver@2, request_msg_id=REQUEST|fastran_000001@fastran_driver@2|FRAMEWORK@Framework@0|72,status=0, args=(None,), message_id=RESPONSE|FRAMEWORK@Framework@0|fastran_000001@fastran_driver@2|123)
2025-08-15 14:02:30,327 fastran_driver_fastran_driver_2 DEBUG    _invoke_service(): init_call  ('step', 'preprocess_0')
2025-08-15 14:02:30,327 fastran_driver_fastran_driver_2 DEBUG    _get_service_response(REQUEST|fastran_000001@fastran_driver@2|FRAMEWORK@Framework@0|73)
2025-08-15 14:02:30,328 fastran_eq0_efit_3 DEBUG    Received Message 
2025-08-15 14:02:30,328 fastran_eq0_efit_3 DEBUG    Calling method step(preprocess_0)
2025-08-15 14:02:30,329 fastran_eq0_efit_3 DEBUG    _invoke_service(): stage_state  (['s000001.00001', 'g000001.00001', 'i000001.00001'], '/global/homes/y/yashu_gh/FREDA_EP/ips-fastran/examples_new/far3d/example1/SCAN/work/plasma_state', '/global/homes/y/yashu_gh/FREDA_EP/ips-fastran/examples_new/far3d/example1/SCAN/work/fastran_eq0_efit_3')
2025-08-15 14:02:30,329 fastran_eq0_efit_3 DEBUG    _get_service_response(REQUEST|fastran_000001@efit@3|FRAMEWORK@Framework@0|6)
2025-08-15 14:02:30,338 fastran_driver_fastran_driver_2 DEBUG    _get_service_response(REQUEST|fastran_000001@fastran_driver@2|FRAMEWORK@Framework@0|73), response = ServiceResponseMessage(sender_id=FRAMEWORK@Framework@0, receiver_id=fastran_000001@fastran_driver@2, request_msg_id=REQUEST|fastran_000001@fastran_driver@2|FRAMEWORK@Framework@0|73,status=0, args=(19,), message_id=RESPONSE|FRAMEWORK@Framework@0|fastran_000001@fastran_driver@2|124)
2025-08-15 14:02:30,338 fastran_driver_fastran_driver_2 DEBUG    _invoke_service(): wait_call  (19, True)
2025-08-15 14:02:30,338 fastran_driver_fastran_driver_2 DEBUG    _get_service_response(REQUEST|fastran_000001@fastran_driver@2|FRAMEWORK@Framework@0|74)
2025-08-15 14:02:30,428 fastran_eq0_efit_3 DEBUG    _get_service_response(REQUEST|fastran_000001@efit@3|FRAMEWORK@Framework@0|6), response = ServiceResponseMessage(sender_id=FRAMEWORK@Framework@0, receiver_id=fastran_000001@efit@3, request_msg_id=REQUEST|fastran_000001@efit@3|FRAMEWORK@Framework@0|6,status=0, args=(0,), message_id=RESPONSE|FRAMEWORK@Framework@0|fastran_000001@efit@3|125)
2025-08-15 14:02:30,428 fastran_eq0_efit_3 DEBUG    _invoke_service(): getTopic  ('_IPS_MONITOR',)
2025-08-15 14:02:30,428 fastran_eq0_efit_3 DEBUG    _get_service_response(REQUEST|fastran_000001@efit@3|FRAMEWORK@Framework@0|7)
2025-08-15 14:02:30,439 fastran_eq0_efit_3 DEBUG    _get_service_response(REQUEST|fastran_000001@efit@3|FRAMEWORK@Framework@0|7), response = ServiceResponseMessage(sender_id=FRAMEWORK@Framework@0, receiver_id=fastran_000001@efit@3, request_msg_id=REQUEST|fastran_000001@efit@3|FRAMEWORK@Framework@0|7,status=0, args=(<ipsframework.cca_es_spec.Topic object at 0x1541243ac820>,), message_id=RESPONSE|FRAMEWORK@Framework@0|fastran_000001@efit@3|127)
2025-08-15 14:02:30,439 fastran_eq0_efit_3 DEBUG    _invoke_service(): sendEvent  ('_IPS_MONITOR', 'PORTAL_EVENT', {'sim_name': 'fastran_000001', 'real_sim_name': 'fastran_000001', 'portal_data': {'code': 'fastran_eq0_efit', 'eventtype': 'IPS_STAGE_STATE', 'ok': True, 'walltime': '11.15', 'time': '2025-08-15|14:02:30PDT', 'trace': {'timestamp': 1755291750329375, 'duration': 99335, 'localEndpoint': {'serviceName': 'stage_state'}, 'name': "['s000001.00001', 'g000001.00001', 'i000001.00001']", 'id': '71885aecf25d7412', 'parentId': '5773ed36c2c51b60', 'tags': {}}, 'state': 'Running', 'comment': 'Elapsed time = 0.099  files = s000001.00001 g000001.00001 i000001.00001 Success'}})
2025-08-15 14:02:30,439 fastran_eq0_efit_3 DEBUG    _get_service_response(REQUEST|fastran_000001@efit@3|FRAMEWORK@Framework@0|8)
2025-08-15 14:02:30,450 fastran_eq0_efit_3 DEBUG    _get_service_response(REQUEST|fastran_000001@efit@3|FRAMEWORK@Framework@0|8), response = ServiceResponseMessage(sender_id=FRAMEWORK@Framework@0, receiver_id=fastran_000001@efit@3, request_msg_id=REQUEST|fastran_000001@efit@3|FRAMEWORK@Framework@0|8,status=0, args=(None,), message_id=RESPONSE|FRAMEWORK@Framework@0|fastran_000001@efit@3|128)
2025-08-15 14:02:44,447 fastran_eq0_efit_3 DEBUG    _invoke_service(): update_state  (['s000001.00001', 'g000001.00001', 'i000001.00001'], '/global/homes/y/yashu_gh/FREDA_EP/ips-fastran/examples_new/far3d/example1/SCAN/work/fastran_eq0_efit_3', '/global/homes/y/yashu_gh/FREDA_EP/ips-fastran/examples_new/far3d/example1/SCAN/work/plasma_state')
2025-08-15 14:02:44,450 fastran_eq0_efit_3 DEBUG    _get_service_response(REQUEST|fastran_000001@efit@3|FRAMEWORK@Framework@0|9)
2025-08-15 14:02:44,511 fastran_eq0_efit_3 DEBUG    _get_service_response(REQUEST|fastran_000001@efit@3|FRAMEWORK@Framework@0|9), response = ServiceResponseMessage(sender_id=FRAMEWORK@Framework@0, receiver_id=fastran_000001@efit@3, request_msg_id=REQUEST|fastran_000001@efit@3|FRAMEWORK@Framework@0|9,status=0, args=(0,), message_id=RESPONSE|FRAMEWORK@Framework@0|fastran_000001@efit@3|156)
2025-08-15 14:02:44,511 fastran_eq0_efit_3 DEBUG    _invoke_service(): getTopic  ('_IPS_MONITOR',)
2025-08-15 14:02:44,511 fastran_eq0_efit_3 DEBUG    _get_service_response(REQUEST|fastran_000001@efit@3|FRAMEWORK@Framework@0|10)
2025-08-15 14:02:44,522 fastran_eq0_efit_3 DEBUG    _get_service_response(REQUEST|fastran_000001@efit@3|FRAMEWORK@Framework@0|10), response = ServiceResponseMessage(sender_id=FRAMEWORK@Framework@0, receiver_id=fastran_000001@efit@3, request_msg_id=REQUEST|fastran_000001@efit@3|FRAMEWORK@Framework@0|10,status=0, args=(<ipsframework.cca_es_spec.Topic object at 0x1541243ac3a0>,), message_id=RESPONSE|FRAMEWORK@Framework@0|fastran_000001@efit@3|157)
2025-08-15 14:02:44,522 fastran_eq0_efit_3 DEBUG    _invoke_service(): sendEvent  ('_IPS_MONITOR', 'PORTAL_EVENT', {'sim_name': 'fastran_000001', 'real_sim_name': 'fastran_000001', 'portal_data': {'code': 'fastran_eq0_efit', 'eventtype': 'IPS_UPDATE_STATE', 'ok': True, 'walltime': '25.23', 'time': '2025-08-15|14:02:44PDT', 'trace': {'timestamp': 1755291764445458, 'duration': 65696, 'localEndpoint': {'serviceName': 'update_state'}, 'name': "['s000001.00001', 'g000001.00001', 'i000001.00001']", 'id': '7629e189a66153c0', 'parentId': '5773ed36c2c51b60', 'tags': {}}, 'state': 'Running', 'comment': 'Elapsed time = 0.066   files = s000001.00001 g000001.00001 i000001.00001 Success'}})
2025-08-15 14:02:44,522 fastran_eq0_efit_3 DEBUG    _get_service_response(REQUEST|fastran_000001@efit@3|FRAMEWORK@Framework@0|11)
2025-08-15 14:02:44,533 fastran_eq0_efit_3 DEBUG    _get_service_response(REQUEST|fastran_000001@efit@3|FRAMEWORK@Framework@0|11), response = ServiceResponseMessage(sender_id=FRAMEWORK@Framework@0, receiver_id=fastran_000001@efit@3, request_msg_id=REQUEST|fastran_000001@efit@3|FRAMEWORK@Framework@0|11,status=0, args=(None,), message_id=RESPONSE|FRAMEWORK@Framework@0|fastran_000001@efit@3|158)
2025-08-15 14:02:44,783 fastran_eq0_efit_3 DEBUG    _invoke_service(): getTopic  ('_IPS_MONITOR',)
2025-08-15 14:02:44,784 fastran_eq0_efit_3 DEBUG    _get_service_response(REQUEST|fastran_000001@efit@3|FRAMEWORK@Framework@0|12)
2025-08-15 14:02:44,794 fastran_eq0_efit_3 DEBUG    _get_service_response(REQUEST|fastran_000001@efit@3|FRAMEWORK@Framework@0|12), response = ServiceResponseMessage(sender_id=FRAMEWORK@Framework@0, receiver_id=fastran_000001@efit@3, request_msg_id=REQUEST|fastran_000001@efit@3|FRAMEWORK@Framework@0|12,status=0, args=(<ipsframework.cca_es_spec.Topic object at 0x1541243650a0>,), message_id=RESPONSE|FRAMEWORK@Framework@0|fastran_000001@efit@3|160)
2025-08-15 14:02:44,795 fastran_eq0_efit_3 DEBUG    _invoke_service(): sendEvent  ('_IPS_MONITOR', 'PORTAL_EVENT', {'sim_name': 'fastran_000001', 'real_sim_name': 'fastran_000001', 'portal_data': {'code': 'fastran_eq0_efit', 'eventtype': 'IPS_STAGE_OUTPUTS', 'ok': True, 'walltime': '25.50', 'time': '2025-08-15|14:02:44PDT', 'trace': {'timestamp': 1755291764533383, 'duration': 250478, 'localEndpoint': {'serviceName': 'stage_output_files'}, 'name': "['g*.*', 'a*.*', 'm*.*', 'k*.*', 'efit.log']", 'id': '7f2cccfefec01030', 'parentId': '5773ed36c2c51b60', 'tags': {}}, 'state': 'Running', 'comment': "Elapsed time = 0.250 Path = /global/homes/y/yashu_gh/FREDA_EP/ips-fastran/examples_new/far3d/example1/SCAN/simulation_results/preprocess_0/components/fastran_eq0_efit_3 Files = ['g*.*', 'a*.*', 'm*.*', 'k*.*', 'efit.log']"}})
2025-08-15 14:02:44,795 fastran_eq0_efit_3 DEBUG    _get_service_response(REQUEST|fastran_000001@efit@3|FRAMEWORK@Framework@0|13)
2025-08-15 14:02:44,805 fastran_eq0_efit_3 DEBUG    _get_service_response(REQUEST|fastran_000001@efit@3|FRAMEWORK@Framework@0|13), response = ServiceResponseMessage(sender_id=FRAMEWORK@Framework@0, receiver_id=fastran_000001@efit@3, request_msg_id=REQUEST|fastran_000001@efit@3|FRAMEWORK@Framework@0|13,status=0, args=(None,), message_id=RESPONSE|FRAMEWORK@Framework@0|fastran_000001@efit@3|161)
2025-08-15 14:02:44,819 fastran_driver_fastran_driver_2 DEBUG    _get_service_response(REQUEST|fastran_000001@fastran_driver@2|FRAMEWORK@Framework@0|74), response = ServiceResponseMessage(sender_id=FRAMEWORK@Framework@0, receiver_id=fastran_000001@fastran_driver@2, request_msg_id=REQUEST|fastran_000001@fastran_driver@2|FRAMEWORK@Framework@0|74,status=0, args=((None,),), message_id=RESPONSE|FRAMEWORK@Framework@0|fastran_000001@fastran_driver@2|162)
2025-08-15 14:02:44,819 fastran_driver_fastran_driver_2 DEBUG    _invoke_service(): getTopic  ('_IPS_MONITOR',)
2025-08-15 14:02:44,819 fastran_driver_fastran_driver_2 DEBUG    _get_service_response(REQUEST|fastran_000001@fastran_driver@2|FRAMEWORK@Framework@0|75)
2025-08-15 14:02:44,830 fastran_driver_fastran_driver_2 DEBUG    _get_service_response(REQUEST|fastran_000001@fastran_driver@2|FRAMEWORK@Framework@0|75), response = ServiceResponseMessage(sender_id=FRAMEWORK@Framework@0, receiver_id=fastran_000001@fastran_driver@2, request_msg_id=REQUEST|fastran_000001@fastran_driver@2|FRAMEWORK@Framework@0|75,status=0, args=(<ipsframework.cca_es_spec.Topic object at 0x15412441ce80>,), message_id=RESPONSE|FRAMEWORK@Framework@0|fastran_000001@fastran_driver@2|163)
2025-08-15 14:02:44,830 fastran_driver_fastran_driver_2 DEBUG    _invoke_service(): sendEvent  ('_IPS_MONITOR', 'PORTAL_EVENT', {'sim_name': 'fastran_000001', 'real_sim_name': 'fastran_000001', 'portal_data': {'code': 'fastran_driver_fastran_driver', 'eventtype': 'IPS_CALL_END', 'ok': True, 'walltime': '25.54', 'time': '2025-08-15|14:02:44PDT', 'trace': {'timestamp': 1755291750338384, 'duration': 14480894, 'localEndpoint': {'serviceName': 'fastran_000001@efit@3'}, 'name': 'step(preprocess_0)', 'id': '5773ed36c2c51b60', 'parentId': '15e0663de819b9fa', 'tags': {}}, 'state': 'Running', 'comment': 'Target = fastran_000001@efit@3:step(preprocess_0)'}})
2025-08-15 14:02:44,830 fastran_driver_fastran_driver_2 DEBUG    _get_service_response(REQUEST|fastran_000001@fastran_driver@2|FRAMEWORK@Framework@0|76)
2025-08-15 14:02:44,841 fastran_driver_fastran_driver_2 DEBUG    _get_service_response(REQUEST|fastran_000001@fastran_driver@2|FRAMEWORK@Framework@0|76), response = ServiceResponseMessage(sender_id=FRAMEWORK@Framework@0, receiver_id=fastran_000001@fastran_driver@2, request_msg_id=REQUEST|fastran_000001@fastran_driver@2|FRAMEWORK@Framework@0|76,status=0, args=(None,), message_id=RESPONSE|FRAMEWORK@Framework@0|fastran_000001@fastran_driver@2|164)
2025-08-15 14:02:44,843 fastran_driver_fastran_driver_2 DEBUG    _invoke_service(): getTopic  ('_IPS_MONITOR',)
2025-08-15 14:02:44,843 fastran_driver_fastran_driver_2 DEBUG    _get_service_response(REQUEST|fastran_000001@fastran_driver@2|FRAMEWORK@Framework@0|77)
2025-08-15 14:02:44,853 fastran_driver_fastran_driver_2 DEBUG    _get_service_response(REQUEST|fastran_000001@fastran_driver@2|FRAMEWORK@Framework@0|77), response = ServiceResponseMessage(sender_id=FRAMEWORK@Framework@0, receiver_id=fastran_000001@fastran_driver@2, request_msg_id=REQUEST|fastran_000001@fastran_driver@2|FRAMEWORK@Framework@0|77,status=0, args=(<ipsframework.cca_es_spec.Topic object at 0x15412441ce50>,), message_id=RESPONSE|FRAMEWORK@Framework@0|fastran_000001@fastran_driver@2|165)
2025-08-15 14:02:44,853 fastran_driver_fastran_driver_2 DEBUG    _invoke_service(): sendEvent  ('_IPS_MONITOR', 'PORTAL_EVENT', {'sim_name': 'fastran_000001', 'real_sim_name': 'fastran_000001', 'portal_data': {'code': 'fastran_driver_fastran_driver', 'eventtype': 'IPS_CALL_BEGIN', 'ok': True, 'walltime': '25.56', 'time': '2025-08-15|14:02:44PDT', 'state': 'Running', 'comment': 'Target = fastran_000001@hcd_model@4:step(preprocess_0)'}})
2025-08-15 14:02:44,854 fastran_driver_fastran_driver_2 DEBUG    _get_service_response(REQUEST|fastran_000001@fastran_driver@2|FRAMEWORK@Framework@0|78)
2025-08-15 14:02:44,864 fastran_driver_fastran_driver_2 DEBUG    _get_service_response(REQUEST|fastran_000001@fastran_driver@2|FRAMEWORK@Framework@0|78), response = ServiceResponseMessage(sender_id=FRAMEWORK@Framework@0, receiver_id=fastran_000001@fastran_driver@2, request_msg_id=REQUEST|fastran_000001@fastran_driver@2|FRAMEWORK@Framework@0|78,status=0, args=(None,), message_id=RESPONSE|FRAMEWORK@Framework@0|fastran_000001@fastran_driver@2|166)
2025-08-15 14:02:44,864 fastran_driver_fastran_driver_2 DEBUG    _invoke_service(): init_call  ('step', 'preprocess_0')
2025-08-15 14:02:44,864 fastran_driver_fastran_driver_2 DEBUG    _get_service_response(REQUEST|fastran_000001@fastran_driver@2|FRAMEWORK@Framework@0|79)
2025-08-15 14:02:44,865 fastran_ic_hcd_model_4 DEBUG    Received Message 
2025-08-15 14:02:44,865 fastran_ic_hcd_model_4 DEBUG    Calling method step(preprocess_0)
2025-08-15 14:02:44,867 fastran_ic_hcd_model_4 DEBUG    _invoke_service(): stage_state  (['s000001.00001', 'g000001.00001', 'i000001.00001'], '/global/homes/y/yashu_gh/FREDA_EP/ips-fastran/examples_new/far3d/example1/SCAN/work/plasma_state', '/global/homes/y/yashu_gh/FREDA_EP/ips-fastran/examples_new/far3d/example1/SCAN/work/fastran_ic_hcd_model_4')
2025-08-15 14:02:44,867 fastran_ic_hcd_model_4 DEBUG    _get_service_response(REQUEST|fastran_000001@hcd_model@4|FRAMEWORK@Framework@0|0)
2025-08-15 14:02:44,875 fastran_driver_fastran_driver_2 DEBUG    _get_service_response(REQUEST|fastran_000001@fastran_driver@2|FRAMEWORK@Framework@0|79), response = ServiceResponseMessage(sender_id=FRAMEWORK@Framework@0, receiver_id=fastran_000001@fastran_driver@2, request_msg_id=REQUEST|fastran_000001@fastran_driver@2|FRAMEWORK@Framework@0|79,status=0, args=(20,), message_id=RESPONSE|FRAMEWORK@Framework@0|fastran_000001@fastran_driver@2|167)
2025-08-15 14:02:44,876 fastran_driver_fastran_driver_2 DEBUG    _invoke_service(): wait_call  (20, True)
2025-08-15 14:02:44,876 fastran_driver_fastran_driver_2 DEBUG    _get_service_response(REQUEST|fastran_000001@fastran_driver@2|FRAMEWORK@Framework@0|80)
2025-08-15 14:02:44,939 fastran_ic_hcd_model_4 DEBUG    _get_service_response(REQUEST|fastran_000001@hcd_model@4|FRAMEWORK@Framework@0|0), response = ServiceResponseMessage(sender_id=FRAMEWORK@Framework@0, receiver_id=fastran_000001@hcd_model@4, request_msg_id=REQUEST|fastran_000001@hcd_model@4|FRAMEWORK@Framework@0|0,status=0, args=(0,), message_id=RESPONSE|FRAMEWORK@Framework@0|fastran_000001@hcd_model@4|168)
2025-08-15 14:02:44,940 fastran_ic_hcd_model_4 DEBUG    _invoke_service(): getTopic  ('_IPS_MONITOR',)
2025-08-15 14:02:44,940 fastran_ic_hcd_model_4 DEBUG    _get_service_response(REQUEST|fastran_000001@hcd_model@4|FRAMEWORK@Framework@0|1)
2025-08-15 14:02:44,950 fastran_ic_hcd_model_4 DEBUG    _get_service_response(REQUEST|fastran_000001@hcd_model@4|FRAMEWORK@Framework@0|1), response = ServiceResponseMessage(sender_id=FRAMEWORK@Framework@0, receiver_id=fastran_000001@hcd_model@4, request_msg_id=REQUEST|fastran_000001@hcd_model@4|FRAMEWORK@Framework@0|1,status=0, args=(<ipsframework.cca_es_spec.Topic object at 0x1541243ba190>,), message_id=RESPONSE|FRAMEWORK@Framework@0|fastran_000001@hcd_model@4|169)
2025-08-15 14:02:44,950 fastran_ic_hcd_model_4 DEBUG    _invoke_service(): sendEvent  ('_IPS_MONITOR', 'PORTAL_EVENT', {'sim_name': 'fastran_000001', 'real_sim_name': 'fastran_000001', 'portal_data': {'code': 'fastran_ic_hcd_model', 'eventtype': 'IPS_STAGE_STATE', 'ok': True, 'walltime': '25.66', 'time': '2025-08-15|14:02:44PDT', 'trace': {'timestamp': 1755291764866806, 'duration': 73007, 'localEndpoint': {'serviceName': 'stage_state'}, 'name': "['s000001.00001', 'g000001.00001', 'i000001.00001']", 'id': '71885aecf25d7412', 'parentId': '7a23fa160a870405', 'tags': {}}, 'state': 'Running', 'comment': 'Elapsed time = 0.073  files = s000001.00001 g000001.00001 i000001.00001 Success'}})
2025-08-15 14:02:44,951 fastran_ic_hcd_model_4 DEBUG    _get_service_response(REQUEST|fastran_000001@hcd_model@4|FRAMEWORK@Framework@0|2)
2025-08-15 14:02:44,961 fastran_ic_hcd_model_4 DEBUG    _get_service_response(REQUEST|fastran_000001@hcd_model@4|FRAMEWORK@Framework@0|2), response = ServiceResponseMessage(sender_id=FRAMEWORK@Framework@0, receiver_id=fastran_000001@hcd_model@4, request_msg_id=REQUEST|fastran_000001@hcd_model@4|FRAMEWORK@Framework@0|2,status=0, args=(None,), message_id=RESPONSE|FRAMEWORK@Framework@0|fastran_000001@hcd_model@4|170)
2025-08-15 14:02:44,987 fastran_ic_hcd_model_4 DEBUG    _invoke_service(): getTopic  ('_IPS_MONITOR',)
2025-08-15 14:02:44,987 fastran_ic_hcd_model_4 DEBUG    _get_service_response(REQUEST|fastran_000001@hcd_model@4|FRAMEWORK@Framework@0|3)
2025-08-15 14:02:44,998 fastran_ic_hcd_model_4 DEBUG    _get_service_response(REQUEST|fastran_000001@hcd_model@4|FRAMEWORK@Framework@0|3), response = ServiceResponseMessage(sender_id=FRAMEWORK@Framework@0, receiver_id=fastran_000001@hcd_model@4, request_msg_id=REQUEST|fastran_000001@hcd_model@4|FRAMEWORK@Framework@0|3,status=0, args=(<ipsframework.cca_es_spec.Topic object at 0x1541243ba1f0>,), message_id=RESPONSE|FRAMEWORK@Framework@0|fastran_000001@hcd_model@4|171)
2025-08-15 14:02:44,998 fastran_ic_hcd_model_4 DEBUG    _invoke_service(): sendEvent  ('_IPS_MONITOR', 'PORTAL_EVENT', {'sim_name': 'fastran_000001', 'real_sim_name': 'fastran_000001', 'portal_data': {'code': 'fastran_ic_hcd_model', 'eventtype': 'IPS_STAGE_INPUTS', 'ok': True, 'walltime': '25.71', 'time': '2025-08-15|14:02:44PDT', 'trace': {'timestamp': 1755291764961947, 'duration': 25837, 'localEndpoint': {'serviceName': 'stage_input_files'}, 'name': 'inhcd', 'id': '5ee53c28a9607896', 'parentId': '7a23fa160a870405', 'tags': {}}, 'state': 'Running', 'comment': 'Elapsed time = 0.026 Path = /global/homes/y/yashu_gh/FREDA_EP/ips-fastran/examples_new/far3d/example1/input Files = inhcd'}})
2025-08-15 14:02:44,998 fastran_ic_hcd_model_4 DEBUG    _get_service_response(REQUEST|fastran_000001@hcd_model@4|FRAMEWORK@Framework@0|4)
2025-08-15 14:02:45,009 fastran_ic_hcd_model_4 DEBUG    _get_service_response(REQUEST|fastran_000001@hcd_model@4|FRAMEWORK@Framework@0|4), response = ServiceResponseMessage(sender_id=FRAMEWORK@Framework@0, receiver_id=fastran_000001@hcd_model@4, request_msg_id=REQUEST|fastran_000001@hcd_model@4|FRAMEWORK@Framework@0|4,status=0, args=(None,), message_id=RESPONSE|FRAMEWORK@Framework@0|fastran_000001@hcd_model@4|172)
2025-08-15 14:02:45,126 fastran_ic_hcd_model_4 DEBUG    _invoke_service(): update_state  (['s000001.00001', 'g000001.00001', 'i000001.00001'], '/global/homes/y/yashu_gh/FREDA_EP/ips-fastran/examples_new/far3d/example1/SCAN/work/fastran_ic_hcd_model_4', '/global/homes/y/yashu_gh/FREDA_EP/ips-fastran/examples_new/far3d/example1/SCAN/work/plasma_state')
2025-08-15 14:02:45,126 fastran_ic_hcd_model_4 DEBUG    _get_service_response(REQUEST|fastran_000001@hcd_model@4|FRAMEWORK@Framework@0|5)
2025-08-15 14:02:45,192 fastran_ic_hcd_model_4 DEBUG    _get_service_response(REQUEST|fastran_000001@hcd_model@4|FRAMEWORK@Framework@0|5), response = ServiceResponseMessage(sender_id=FRAMEWORK@Framework@0, receiver_id=fastran_000001@hcd_model@4, request_msg_id=REQUEST|fastran_000001@hcd_model@4|FRAMEWORK@Framework@0|5,status=0, args=(0,), message_id=RESPONSE|FRAMEWORK@Framework@0|fastran_000001@hcd_model@4|173)
2025-08-15 14:02:45,192 fastran_ic_hcd_model_4 DEBUG    _invoke_service(): getTopic  ('_IPS_MONITOR',)
2025-08-15 14:02:45,192 fastran_ic_hcd_model_4 DEBUG    _get_service_response(REQUEST|fastran_000001@hcd_model@4|FRAMEWORK@Framework@0|6)
2025-08-15 14:02:45,203 fastran_ic_hcd_model_4 DEBUG    _get_service_response(REQUEST|fastran_000001@hcd_model@4|FRAMEWORK@Framework@0|6), response = ServiceResponseMessage(sender_id=FRAMEWORK@Framework@0, receiver_id=fastran_000001@hcd_model@4, request_msg_id=REQUEST|fastran_000001@hcd_model@4|FRAMEWORK@Framework@0|6,status=0, args=(<ipsframework.cca_es_spec.Topic object at 0x1541243ba850>,), message_id=RESPONSE|FRAMEWORK@Framework@0|fastran_000001@hcd_model@4|174)
2025-08-15 14:02:45,203 fastran_ic_hcd_model_4 DEBUG    _invoke_service(): sendEvent  ('_IPS_MONITOR', 'PORTAL_EVENT', {'sim_name': 'fastran_000001', 'real_sim_name': 'fastran_000001', 'portal_data': {'code': 'fastran_ic_hcd_model', 'eventtype': 'IPS_UPDATE_STATE', 'ok': True, 'walltime': '25.91', 'time': '2025-08-15|14:02:45PDT', 'trace': {'timestamp': 1755291765126503, 'duration': 65991, 'localEndpoint': {'serviceName': 'update_state'}, 'name': "['s000001.00001', 'g000001.00001', 'i000001.00001']", 'id': '7629e189a66153c0', 'parentId': '7a23fa160a870405', 'tags': {}}, 'state': 'Running', 'comment': 'Elapsed time = 0.066   files = s000001.00001 g000001.00001 i000001.00001 Success'}})
2025-08-15 14:02:45,203 fastran_ic_hcd_model_4 DEBUG    _get_service_response(REQUEST|fastran_000001@hcd_model@4|FRAMEWORK@Framework@0|7)
2025-08-15 14:02:45,214 fastran_ic_hcd_model_4 DEBUG    _get_service_response(REQUEST|fastran_000001@hcd_model@4|FRAMEWORK@Framework@0|7), response = ServiceResponseMessage(sender_id=FRAMEWORK@Framework@0, receiver_id=fastran_000001@hcd_model@4, request_msg_id=REQUEST|fastran_000001@hcd_model@4|FRAMEWORK@Framework@0|7,status=0, args=(None,), message_id=RESPONSE|FRAMEWORK@Framework@0|fastran_000001@hcd_model@4|175)
2025-08-15 14:02:45,217 fastran_ic_hcd_model_4 DEBUG    _invoke_service(): getTopic  ('_IPS_MONITOR',)
2025-08-15 14:02:45,217 fastran_ic_hcd_model_4 DEBUG    _get_service_response(REQUEST|fastran_000001@hcd_model@4|FRAMEWORK@Framework@0|8)
2025-08-15 14:02:45,228 fastran_ic_hcd_model_4 DEBUG    _get_service_response(REQUEST|fastran_000001@hcd_model@4|FRAMEWORK@Framework@0|8), response = ServiceResponseMessage(sender_id=FRAMEWORK@Framework@0, receiver_id=fastran_000001@hcd_model@4, request_msg_id=REQUEST|fastran_000001@hcd_model@4|FRAMEWORK@Framework@0|8,status=0, args=(<ipsframework.cca_es_spec.Topic object at 0x1541243ba400>,), message_id=RESPONSE|FRAMEWORK@Framework@0|fastran_000001@hcd_model@4|176)
2025-08-15 14:02:45,228 fastran_ic_hcd_model_4 DEBUG    _invoke_service(): sendEvent  ('_IPS_MONITOR', 'PORTAL_EVENT', {'sim_name': 'fastran_000001', 'real_sim_name': 'fastran_000001', 'portal_data': {'code': 'fastran_ic_hcd_model', 'eventtype': 'IPS_STAGE_OUTPUTS', 'ok': True, 'walltime': '25.94', 'time': '2025-08-15|14:02:45PDT', 'trace': {'timestamp': 1755291765214054, 'duration': 3728, 'localEndpoint': {'serviceName': 'stage_output_files'}, 'name': '[]', 'id': 'ed019efe11be26d9', 'parentId': '7a23fa160a870405', 'tags': {}}, 'state': 'Running', 'comment': 'Elapsed time = 0.004 Path = /global/homes/y/yashu_gh/FREDA_EP/ips-fastran/examples_new/far3d/example1/SCAN/simulation_results/preprocess_0/components/fastran_ic_hcd_model_4 Files = []'}})
2025-08-15 14:02:45,228 fastran_ic_hcd_model_4 DEBUG    _get_service_response(REQUEST|fastran_000001@hcd_model@4|FRAMEWORK@Framework@0|9)
2025-08-15 14:02:45,239 fastran_ic_hcd_model_4 DEBUG    _get_service_response(REQUEST|fastran_000001@hcd_model@4|FRAMEWORK@Framework@0|9), response = ServiceResponseMessage(sender_id=FRAMEWORK@Framework@0, receiver_id=fastran_000001@hcd_model@4, request_msg_id=REQUEST|fastran_000001@hcd_model@4|FRAMEWORK@Framework@0|9,status=0, args=(None,), message_id=RESPONSE|FRAMEWORK@Framework@0|fastran_000001@hcd_model@4|177)
2025-08-15 14:02:45,249 fastran_driver_fastran_driver_2 DEBUG    _get_service_response(REQUEST|fastran_000001@fastran_driver@2|FRAMEWORK@Framework@0|80), response = ServiceResponseMessage(sender_id=FRAMEWORK@Framework@0, receiver_id=fastran_000001@fastran_driver@2, request_msg_id=REQUEST|fastran_000001@fastran_driver@2|FRAMEWORK@Framework@0|80,status=0, args=((None,),), message_id=RESPONSE|FRAMEWORK@Framework@0|fastran_000001@fastran_driver@2|178)
2025-08-15 14:02:45,250 fastran_driver_fastran_driver_2 DEBUG    _invoke_service(): getTopic  ('_IPS_MONITOR',)
2025-08-15 14:02:45,250 fastran_driver_fastran_driver_2 DEBUG    _get_service_response(REQUEST|fastran_000001@fastran_driver@2|FRAMEWORK@Framework@0|81)
2025-08-15 14:02:45,260 fastran_driver_fastran_driver_2 DEBUG    _get_service_response(REQUEST|fastran_000001@fastran_driver@2|FRAMEWORK@Framework@0|81), response = ServiceResponseMessage(sender_id=FRAMEWORK@Framework@0, receiver_id=fastran_000001@fastran_driver@2, request_msg_id=REQUEST|fastran_000001@fastran_driver@2|FRAMEWORK@Framework@0|81,status=0, args=(<ipsframework.cca_es_spec.Topic object at 0x15412441ce80>,), message_id=RESPONSE|FRAMEWORK@Framework@0|fastran_000001@fastran_driver@2|179)
2025-08-15 14:02:45,260 fastran_driver_fastran_driver_2 DEBUG    _invoke_service(): sendEvent  ('_IPS_MONITOR', 'PORTAL_EVENT', {'sim_name': 'fastran_000001', 'real_sim_name': 'fastran_000001', 'portal_data': {'code': 'fastran_driver_fastran_driver', 'eventtype': 'IPS_CALL_END', 'ok': True, 'walltime': '25.97', 'time': '2025-08-15|14:02:45PDT', 'trace': {'timestamp': 1755291764875990, 'duration': 374017, 'localEndpoint': {'serviceName': 'fastran_000001@hcd_model@4'}, 'name': 'step(preprocess_0)', 'id': '7a23fa160a870405', 'parentId': '15e0663de819b9fa', 'tags': {}}, 'state': 'Running', 'comment': 'Target = fastran_000001@hcd_model@4:step(preprocess_0)'}})
2025-08-15 14:02:45,260 fastran_driver_fastran_driver_2 DEBUG    _get_service_response(REQUEST|fastran_000001@fastran_driver@2|FRAMEWORK@Framework@0|82)
2025-08-15 14:02:45,271 fastran_driver_fastran_driver_2 DEBUG    _get_service_response(REQUEST|fastran_000001@fastran_driver@2|FRAMEWORK@Framework@0|82), response = ServiceResponseMessage(sender_id=FRAMEWORK@Framework@0, receiver_id=fastran_000001@fastran_driver@2, request_msg_id=REQUEST|fastran_000001@fastran_driver@2|FRAMEWORK@Framework@0|82,status=0, args=(None,), message_id=RESPONSE|FRAMEWORK@Framework@0|fastran_000001@fastran_driver@2|181)
2025-08-15 14:02:45,273 fastran_driver_fastran_driver_2 DEBUG    _invoke_service(): getTopic  ('_IPS_MONITOR',)
2025-08-15 14:02:45,273 fastran_driver_fastran_driver_2 DEBUG    _get_service_response(REQUEST|fastran_000001@fastran_driver@2|FRAMEWORK@Framework@0|83)
2025-08-15 14:02:45,284 fastran_driver_fastran_driver_2 DEBUG    _get_service_response(REQUEST|fastran_000001@fastran_driver@2|FRAMEWORK@Framework@0|83), response = ServiceResponseMessage(sender_id=FRAMEWORK@Framework@0, receiver_id=fastran_000001@fastran_driver@2, request_msg_id=REQUEST|fastran_000001@fastran_driver@2|FRAMEWORK@Framework@0|83,status=0, args=(<ipsframework.cca_es_spec.Topic object at 0x15412441cee0>,), message_id=RESPONSE|FRAMEWORK@Framework@0|fastran_000001@fastran_driver@2|182)
2025-08-15 14:02:45,284 fastran_driver_fastran_driver_2 DEBUG    _invoke_service(): sendEvent  ('_IPS_MONITOR', 'PORTAL_EVENT', {'sim_name': 'fastran_000001', 'real_sim_name': 'fastran_000001', 'portal_data': {'code': 'fastran_driver_fastran_driver', 'eventtype': 'IPS_CALL_BEGIN', 'ok': True, 'walltime': '25.99', 'time': '2025-08-15|14:02:45PDT', 'state': 'Running', 'comment': 'Target = fastran_000001@fastran@5:step(preprocess_0)'}})
2025-08-15 14:02:45,284 fastran_driver_fastran_driver_2 DEBUG    _get_service_response(REQUEST|fastran_000001@fastran_driver@2|FRAMEWORK@Framework@0|84)
2025-08-15 14:02:45,295 fastran_driver_fastran_driver_2 DEBUG    _get_service_response(REQUEST|fastran_000001@fastran_driver@2|FRAMEWORK@Framework@0|84), response = ServiceResponseMessage(sender_id=FRAMEWORK@Framework@0, receiver_id=fastran_000001@fastran_driver@2, request_msg_id=REQUEST|fastran_000001@fastran_driver@2|FRAMEWORK@Framework@0|84,status=0, args=(None,), message_id=RESPONSE|FRAMEWORK@Framework@0|fastran_000001@fastran_driver@2|183)
2025-08-15 14:02:45,295 fastran_driver_fastran_driver_2 DEBUG    _invoke_service(): init_call  ('step', 'preprocess_0')
2025-08-15 14:02:45,295 fastran_driver_fastran_driver_2 DEBUG    _get_service_response(REQUEST|fastran_000001@fastran_driver@2|FRAMEWORK@Framework@0|85)
2025-08-15 14:02:45,296 fastran_tr0_fastran_5 DEBUG    Received Message 
2025-08-15 14:02:45,296 fastran_tr0_fastran_5 DEBUG    Calling method step(preprocess_0)
2025-08-15 14:02:45,297 fastran_tr0_fastran_5 DEBUG    _invoke_service(): stage_state  (['s000001.00001', 'g000001.00001', 'i000001.00001'], '/global/homes/y/yashu_gh/FREDA_EP/ips-fastran/examples_new/far3d/example1/SCAN/work/plasma_state', '/global/homes/y/yashu_gh/FREDA_EP/ips-fastran/examples_new/far3d/example1/SCAN/work/fastran_tr0_fastran_5')
2025-08-15 14:02:45,297 fastran_tr0_fastran_5 DEBUG    _get_service_response(REQUEST|fastran_000001@fastran@5|FRAMEWORK@Framework@0|0)
2025-08-15 14:02:45,306 fastran_driver_fastran_driver_2 DEBUG    _get_service_response(REQUEST|fastran_000001@fastran_driver@2|FRAMEWORK@Framework@0|85), response = ServiceResponseMessage(sender_id=FRAMEWORK@Framework@0, receiver_id=fastran_000001@fastran_driver@2, request_msg_id=REQUEST|fastran_000001@fastran_driver@2|FRAMEWORK@Framework@0|85,status=0, args=(21,), message_id=RESPONSE|FRAMEWORK@Framework@0|fastran_000001@fastran_driver@2|184)
2025-08-15 14:02:45,306 fastran_driver_fastran_driver_2 DEBUG    _invoke_service(): wait_call  (21, True)
2025-08-15 14:02:45,306 fastran_driver_fastran_driver_2 DEBUG    _get_service_response(REQUEST|fastran_000001@fastran_driver@2|FRAMEWORK@Framework@0|86)
2025-08-15 14:02:45,372 fastran_tr0_fastran_5 DEBUG    _get_service_response(REQUEST|fastran_000001@fastran@5|FRAMEWORK@Framework@0|0), response = ServiceResponseMessage(sender_id=FRAMEWORK@Framework@0, receiver_id=fastran_000001@fastran@5, request_msg_id=REQUEST|fastran_000001@fastran@5|FRAMEWORK@Framework@0|0,status=0, args=(0,), message_id=RESPONSE|FRAMEWORK@Framework@0|fastran_000001@fastran@5|185)
2025-08-15 14:02:45,372 fastran_tr0_fastran_5 DEBUG    _invoke_service(): getTopic  ('_IPS_MONITOR',)
2025-08-15 14:02:45,372 fastran_tr0_fastran_5 DEBUG    _get_service_response(REQUEST|fastran_000001@fastran@5|FRAMEWORK@Framework@0|1)
2025-08-15 14:02:45,383 fastran_tr0_fastran_5 DEBUG    _get_service_response(REQUEST|fastran_000001@fastran@5|FRAMEWORK@Framework@0|1), response = ServiceResponseMessage(sender_id=FRAMEWORK@Framework@0, receiver_id=fastran_000001@fastran@5, request_msg_id=REQUEST|fastran_000001@fastran@5|FRAMEWORK@Framework@0|1,status=0, args=(<ipsframework.cca_es_spec.Topic object at 0x1541243b7d60>,), message_id=RESPONSE|FRAMEWORK@Framework@0|fastran_000001@fastran@5|186)
2025-08-15 14:02:45,383 fastran_tr0_fastran_5 DEBUG    _invoke_service(): sendEvent  ('_IPS_MONITOR', 'PORTAL_EVENT', {'sim_name': 'fastran_000001', 'real_sim_name': 'fastran_000001', 'portal_data': {'code': 'fastran_tr0_fastran', 'eventtype': 'IPS_STAGE_STATE', 'ok': True, 'walltime': '26.09', 'time': '2025-08-15|14:02:45PDT', 'trace': {'timestamp': 1755291765297550, 'duration': 74667, 'localEndpoint': {'serviceName': 'stage_state'}, 'name': "['s000001.00001', 'g000001.00001', 'i000001.00001']", 'id': '71885aecf25d7412', 'parentId': '65ef2219f8c1237c', 'tags': {}}, 'state': 'Running', 'comment': 'Elapsed time = 0.075  files = s000001.00001 g000001.00001 i000001.00001 Success'}})
2025-08-15 14:02:45,383 fastran_tr0_fastran_5 DEBUG    _get_service_response(REQUEST|fastran_000001@fastran@5|FRAMEWORK@Framework@0|2)
2025-08-15 14:02:45,394 fastran_tr0_fastran_5 DEBUG    _get_service_response(REQUEST|fastran_000001@fastran@5|FRAMEWORK@Framework@0|2), response = ServiceResponseMessage(sender_id=FRAMEWORK@Framework@0, receiver_id=fastran_000001@fastran@5, request_msg_id=REQUEST|fastran_000001@fastran@5|FRAMEWORK@Framework@0|2,status=0, args=(None,), message_id=RESPONSE|FRAMEWORK@Framework@0|fastran_000001@fastran@5|187)
2025-08-15 14:02:45,439 fastran_tr0_fastran_5 DEBUG    _invoke_service(): getTopic  ('_IPS_MONITOR',)
2025-08-15 14:02:45,440 fastran_tr0_fastran_5 DEBUG    _get_service_response(REQUEST|fastran_000001@fastran@5|FRAMEWORK@Framework@0|3)
2025-08-15 14:02:45,450 fastran_tr0_fastran_5 DEBUG    _get_service_response(REQUEST|fastran_000001@fastran@5|FRAMEWORK@Framework@0|3), response = ServiceResponseMessage(sender_id=FRAMEWORK@Framework@0, receiver_id=fastran_000001@fastran@5, request_msg_id=REQUEST|fastran_000001@fastran@5|FRAMEWORK@Framework@0|3,status=0, args=(<ipsframework.cca_es_spec.Topic object at 0x1541243c25e0>,), message_id=RESPONSE|FRAMEWORK@Framework@0|fastran_000001@fastran@5|188)
2025-08-15 14:02:45,450 fastran_tr0_fastran_5 DEBUG    _invoke_service(): sendEvent  ('_IPS_MONITOR', 'PORTAL_EVENT', {'sim_name': 'fastran_000001', 'real_sim_name': 'fastran_000001', 'portal_data': {'code': 'fastran_tr0_fastran', 'eventtype': 'IPS_STAGE_INPUTS', 'ok': True, 'walltime': '26.16', 'time': '2025-08-15|14:02:45PDT', 'trace': {'timestamp': 1755291765396559, 'duration': 43352, 'localEndpoint': {'serviceName': 'stage_input_files'}, 'name': 'infastran0 intglf', 'id': 'dca1af508bf5af99', 'parentId': '65ef2219f8c1237c', 'tags': {}}, 'state': 'Running', 'comment': 'Elapsed time = 0.043 Path = /global/homes/y/yashu_gh/FREDA_EP/ips-fastran/examples_new/far3d/example1/input Files = infastran0 intglf'}})
2025-08-15 14:02:45,450 fastran_tr0_fastran_5 DEBUG    _get_service_response(REQUEST|fastran_000001@fastran@5|FRAMEWORK@Framework@0|4)
2025-08-15 14:02:45,461 fastran_tr0_fastran_5 DEBUG    _get_service_response(REQUEST|fastran_000001@fastran@5|FRAMEWORK@Framework@0|4), response = ServiceResponseMessage(sender_id=FRAMEWORK@Framework@0, receiver_id=fastran_000001@fastran@5, request_msg_id=REQUEST|fastran_000001@fastran@5|FRAMEWORK@Framework@0|4,status=0, args=(None,), message_id=RESPONSE|FRAMEWORK@Framework@0|fastran_000001@fastran@5|189)
2025-08-15 14:02:45,620 fastran_tr0_fastran_5 DEBUG    _invoke_service(): init_task  (TaskInit(nproc=1, binary='/global/common/software/atom/perlmutter/binaries/fastran/default/xfastran_ver1.06', working_dir='/global/homes/y/yashu_gh/FREDA_EP/ips-fastran/examples_new/far3d/example1/SCAN/work/fastran_tr0_fastran_5', tppn=0, tcpp=0, tgpp=0, block=True, omp=False, wnodes=True, wsocks=True, cmd_args=('1', '1')),)
2025-08-15 14:02:45,620 fastran_tr0_fastran_5 DEBUG    _get_service_response(REQUEST|fastran_000001@fastran@5|FRAMEWORK@Framework@0|5)
2025-08-15 14:02:45,631 fastran_tr0_fastran_5 DEBUG    _get_service_response(REQUEST|fastran_000001@fastran@5|FRAMEWORK@Framework@0|5), response = ServiceResponseMessage(sender_id=FRAMEWORK@Framework@0, receiver_id=fastran_000001@fastran@5, request_msg_id=REQUEST|fastran_000001@fastran@5|FRAMEWORK@Framework@0|5,status=0, args=((2, 'srun -N 1 -n 1 -c 128 --threads-per-core=1 --cpu-bind=cores /global/common/software/atom/perlmutter/binaries/fastran/default/xfastran_ver1.06 1 1', None, 128),), message_id=RESPONSE|FRAMEWORK@Framework@0|fastran_000001@fastran@5|190)
2025-08-15 14:02:45,636 fastran_tr0_fastran_5 DEBUG    Launching command : srun -N 1 -n 1 -c 128 --threads-per-core=1 --cpu-bind=cores /global/common/software/atom/perlmutter/binaries/fastran/default/xfastran_ver1.06 1 1
2025-08-15 14:02:45,652 fastran_tr0_fastran_5 DEBUG    _invoke_service(): getTopic  ('_IPS_MONITOR',)
2025-08-15 14:02:45,652 fastran_tr0_fastran_5 DEBUG    _get_service_response(REQUEST|fastran_000001@fastran@5|FRAMEWORK@Framework@0|6)
2025-08-15 14:02:45,663 fastran_tr0_fastran_5 DEBUG    _get_service_response(REQUEST|fastran_000001@fastran@5|FRAMEWORK@Framework@0|6), response = ServiceResponseMessage(sender_id=FRAMEWORK@Framework@0, receiver_id=fastran_000001@fastran@5, request_msg_id=REQUEST|fastran_000001@fastran@5|FRAMEWORK@Framework@0|6,status=0, args=(<ipsframework.cca_es_spec.Topic object at 0x1541243c2970>,), message_id=RESPONSE|FRAMEWORK@Framework@0|fastran_000001@fastran@5|191)
2025-08-15 14:02:45,663 fastran_tr0_fastran_5 DEBUG    _invoke_service(): sendEvent  ('_IPS_MONITOR', 'PORTAL_EVENT', {'sim_name': 'fastran_000001', 'real_sim_name': 'fastran_000001', 'portal_data': {'code': 'fastran_tr0_fastran', 'eventtype': 'IPS_LAUNCH_TASK', 'ok': True, 'walltime': '26.37', 'time': '2025-08-15|14:02:45PDT', 'state': 'Running', 'comment': 'task_id = 2 , Tag = None , nproc = 1 , Target = srun -N 1 -n 1 -c 128 --threads-per-core=1 --cpu-bind=cores /global/common/software/atom/perlmutter/binaries/fastran/default/xfastran_ver1.06 1 1'}})
2025-08-15 14:02:45,663 fastran_tr0_fastran_5 DEBUG    _get_service_response(REQUEST|fastran_000001@fastran@5|FRAMEWORK@Framework@0|7)
2025-08-15 14:02:45,673 fastran_tr0_fastran_5 DEBUG    _get_service_response(REQUEST|fastran_000001@fastran@5|FRAMEWORK@Framework@0|7), response = ServiceResponseMessage(sender_id=FRAMEWORK@Framework@0, receiver_id=fastran_000001@fastran@5, request_msg_id=REQUEST|fastran_000001@fastran@5|FRAMEWORK@Framework@0|7,status=0, args=(None,), message_id=RESPONSE|FRAMEWORK@Framework@0|fastran_000001@fastran@5|192)
2025-08-15 14:02:46,261 fastran_tr0_fastran_5 DEBUG    _invoke_service(): getTopic  ('_IPS_MONITOR',)
2025-08-15 14:02:46,261 fastran_tr0_fastran_5 DEBUG    _get_service_response(REQUEST|fastran_000001@fastran@5|FRAMEWORK@Framework@0|8)
2025-08-15 14:02:46,272 fastran_tr0_fastran_5 DEBUG    _get_service_response(REQUEST|fastran_000001@fastran@5|FRAMEWORK@Framework@0|8), response = ServiceResponseMessage(sender_id=FRAMEWORK@Framework@0, receiver_id=fastran_000001@fastran@5, request_msg_id=REQUEST|fastran_000001@fastran@5|FRAMEWORK@Framework@0|8,status=0, args=(<ipsframework.cca_es_spec.Topic object at 0x1541243c25b0>,), message_id=RESPONSE|FRAMEWORK@Framework@0|fastran_000001@fastran@5|194)
2025-08-15 14:02:46,272 fastran_tr0_fastran_5 DEBUG    _invoke_service(): sendEvent  ('_IPS_MONITOR', 'PORTAL_EVENT', {'sim_name': 'fastran_000001', 'real_sim_name': 'fastran_000001', 'portal_data': {'code': 'fastran_tr0_fastran', 'eventtype': 'IPS_TASK_END', 'ok': True, 'walltime': '26.98', 'time': '2025-08-15|14:02:46PDT', 'trace': {'timestamp': 1755291765651500, 'duration': 610125, 'localEndpoint': {'serviceName': '/global/common/software/atom/perlmutter/binaries/fastran/default/xfastran_ver1.06'}, 'name': '1 1', 'id': 'ad5872ac1ff9571e', 'parentId': '65ef2219f8c1237c', 'tags': {'procs_requested': '1', 'cores_allocated': '128'}}, 'state': 'Running', 'comment': 'task_id = 2  elapsed time = 0.61 S'}})
2025-08-15 14:02:46,272 fastran_tr0_fastran_5 DEBUG    _get_service_response(REQUEST|fastran_000001@fastran@5|FRAMEWORK@Framework@0|9)
2025-08-15 14:02:46,283 fastran_tr0_fastran_5 DEBUG    _get_service_response(REQUEST|fastran_000001@fastran@5|FRAMEWORK@Framework@0|9), response = ServiceResponseMessage(sender_id=FRAMEWORK@Framework@0, receiver_id=fastran_000001@fastran@5, request_msg_id=REQUEST|fastran_000001@fastran@5|FRAMEWORK@Framework@0|9,status=0, args=(None,), message_id=RESPONSE|FRAMEWORK@Framework@0|fastran_000001@fastran@5|195)
2025-08-15 14:02:46,283 fastran_tr0_fastran_5 DEBUG    _invoke_service(): finish_task  (2, 0)
2025-08-15 14:02:46,283 fastran_tr0_fastran_5 DEBUG    _get_service_response(REQUEST|fastran_000001@fastran@5|FRAMEWORK@Framework@0|10)
2025-08-15 14:02:46,294 fastran_tr0_fastran_5 DEBUG    _get_service_response(REQUEST|fastran_000001@fastran@5|FRAMEWORK@Framework@0|10), response = ServiceResponseMessage(sender_id=FRAMEWORK@Framework@0, receiver_id=fastran_000001@fastran@5, request_msg_id=REQUEST|fastran_000001@fastran@5|FRAMEWORK@Framework@0|10,status=0, args=(0,), message_id=RESPONSE|FRAMEWORK@Framework@0|fastran_000001@fastran@5|197)
2025-08-15 14:02:46,480 fastran_tr0_fastran_5 DEBUG    _invoke_service(): update_state  (['s000001.00001', 'g000001.00001', 'i000001.00001'], '/global/homes/y/yashu_gh/FREDA_EP/ips-fastran/examples_new/far3d/example1/SCAN/work/fastran_tr0_fastran_5', '/global/homes/y/yashu_gh/FREDA_EP/ips-fastran/examples_new/far3d/example1/SCAN/work/plasma_state')
2025-08-15 14:02:46,480 fastran_tr0_fastran_5 DEBUG    _get_service_response(REQUEST|fastran_000001@fastran@5|FRAMEWORK@Framework@0|11)
2025-08-15 14:02:46,549 fastran_tr0_fastran_5 DEBUG    _get_service_response(REQUEST|fastran_000001@fastran@5|FRAMEWORK@Framework@0|11), response = ServiceResponseMessage(sender_id=FRAMEWORK@Framework@0, receiver_id=fastran_000001@fastran@5, request_msg_id=REQUEST|fastran_000001@fastran@5|FRAMEWORK@Framework@0|11,status=0, args=(0,), message_id=RESPONSE|FRAMEWORK@Framework@0|fastran_000001@fastran@5|198)
2025-08-15 14:02:46,549 fastran_tr0_fastran_5 DEBUG    _invoke_service(): getTopic  ('_IPS_MONITOR',)
2025-08-15 14:02:46,549 fastran_tr0_fastran_5 DEBUG    _get_service_response(REQUEST|fastran_000001@fastran@5|FRAMEWORK@Framework@0|12)
2025-08-15 14:02:46,560 fastran_tr0_fastran_5 DEBUG    _get_service_response(REQUEST|fastran_000001@fastran@5|FRAMEWORK@Framework@0|12), response = ServiceResponseMessage(sender_id=FRAMEWORK@Framework@0, receiver_id=fastran_000001@fastran@5, request_msg_id=REQUEST|fastran_000001@fastran@5|FRAMEWORK@Framework@0|12,status=0, args=(<ipsframework.cca_es_spec.Topic object at 0x1541243ab7f0>,), message_id=RESPONSE|FRAMEWORK@Framework@0|fastran_000001@fastran@5|199)
2025-08-15 14:02:46,560 fastran_tr0_fastran_5 DEBUG    _invoke_service(): sendEvent  ('_IPS_MONITOR', 'PORTAL_EVENT', {'sim_name': 'fastran_000001', 'real_sim_name': 'fastran_000001', 'portal_data': {'code': 'fastran_tr0_fastran', 'eventtype': 'IPS_UPDATE_STATE', 'ok': True, 'walltime': '27.27', 'time': '2025-08-15|14:02:46PDT', 'trace': {'timestamp': 1755291766479986, 'duration': 69775, 'localEndpoint': {'serviceName': 'update_state'}, 'name': "['s000001.00001', 'g000001.00001', 'i000001.00001']", 'id': '7629e189a66153c0', 'parentId': '65ef2219f8c1237c', 'tags': {}}, 'state': 'Running', 'comment': 'Elapsed time = 0.070   files = s000001.00001 g000001.00001 i000001.00001 Success'}})
2025-08-15 14:02:46,560 fastran_tr0_fastran_5 DEBUG    _get_service_response(REQUEST|fastran_000001@fastran@5|FRAMEWORK@Framework@0|13)
2025-08-15 14:02:46,571 fastran_tr0_fastran_5 DEBUG    _get_service_response(REQUEST|fastran_000001@fastran@5|FRAMEWORK@Framework@0|13), response = ServiceResponseMessage(sender_id=FRAMEWORK@Framework@0, receiver_id=fastran_000001@fastran@5, request_msg_id=REQUEST|fastran_000001@fastran@5|FRAMEWORK@Framework@0|13,status=0, args=(None,), message_id=RESPONSE|FRAMEWORK@Framework@0|fastran_000001@fastran@5|200)
2025-08-15 14:02:46,744 fastran_tr0_fastran_5 DEBUG    _invoke_service(): getTopic  ('_IPS_MONITOR',)
2025-08-15 14:02:46,744 fastran_tr0_fastran_5 DEBUG    _get_service_response(REQUEST|fastran_000001@fastran@5|FRAMEWORK@Framework@0|14)
2025-08-15 14:02:46,755 fastran_tr0_fastran_5 DEBUG    _get_service_response(REQUEST|fastran_000001@fastran@5|FRAMEWORK@Framework@0|14), response = ServiceResponseMessage(sender_id=FRAMEWORK@Framework@0, receiver_id=fastran_000001@fastran@5, request_msg_id=REQUEST|fastran_000001@fastran@5|FRAMEWORK@Framework@0|14,status=0, args=(<ipsframework.cca_es_spec.Topic object at 0x1541243b7dc0>,), message_id=RESPONSE|FRAMEWORK@Framework@0|fastran_000001@fastran@5|201)
2025-08-15 14:02:46,755 fastran_tr0_fastran_5 DEBUG    _invoke_service(): sendEvent  ('_IPS_MONITOR', 'PORTAL_EVENT', {'sim_name': 'fastran_000001', 'real_sim_name': 'fastran_000001', 'portal_data': {'code': 'fastran_tr0_fastran', 'eventtype': 'IPS_STAGE_OUTPUTS', 'ok': True, 'walltime': '27.46', 'time': '2025-08-15|14:02:46PDT', 'trace': {'timestamp': 1755291766571220, 'duration': 172948, 'localEndpoint': {'serviceName': 'stage_output_files'}, 'name': "['fastran.nc', 'inprof', 'inmetric', 'infastran', 'intglf', 'xfastran.log', 'i000001.00001']", 'id': '7349cfaaafc33980', 'parentId': '65ef2219f8c1237c', 'tags': {}}, 'state': 'Running', 'comment': "Elapsed time = 0.173 Path = /global/homes/y/yashu_gh/FREDA_EP/ips-fastran/examples_new/far3d/example1/SCAN/simulation_results/preprocess_0/components/fastran_tr0_fastran_5 Files = ['fastran.nc', 'inprof', 'inmetric', 'infastran', 'intglf', 'xfastran.log', 'i000001.00001']"}})
2025-08-15 14:02:46,755 fastran_tr0_fastran_5 DEBUG    _get_service_response(REQUEST|fastran_000001@fastran@5|FRAMEWORK@Framework@0|15)
2025-08-15 14:02:46,766 fastran_tr0_fastran_5 DEBUG    _get_service_response(REQUEST|fastran_000001@fastran@5|FRAMEWORK@Framework@0|15), response = ServiceResponseMessage(sender_id=FRAMEWORK@Framework@0, receiver_id=fastran_000001@fastran@5, request_msg_id=REQUEST|fastran_000001@fastran@5|FRAMEWORK@Framework@0|15,status=0, args=(None,), message_id=RESPONSE|FRAMEWORK@Framework@0|fastran_000001@fastran@5|202)
2025-08-15 14:02:46,777 fastran_driver_fastran_driver_2 DEBUG    _get_service_response(REQUEST|fastran_000001@fastran_driver@2|FRAMEWORK@Framework@0|86), response = ServiceResponseMessage(sender_id=FRAMEWORK@Framework@0, receiver_id=fastran_000001@fastran_driver@2, request_msg_id=REQUEST|fastran_000001@fastran_driver@2|FRAMEWORK@Framework@0|86,status=0, args=((None,),), message_id=RESPONSE|FRAMEWORK@Framework@0|fastran_000001@fastran_driver@2|203)
2025-08-15 14:02:46,777 fastran_driver_fastran_driver_2 DEBUG    _invoke_service(): getTopic  ('_IPS_MONITOR',)
2025-08-15 14:02:46,778 fastran_driver_fastran_driver_2 DEBUG    _get_service_response(REQUEST|fastran_000001@fastran_driver@2|FRAMEWORK@Framework@0|87)
2025-08-15 14:02:46,788 fastran_driver_fastran_driver_2 DEBUG    _get_service_response(REQUEST|fastran_000001@fastran_driver@2|FRAMEWORK@Framework@0|87), response = ServiceResponseMessage(sender_id=FRAMEWORK@Framework@0, receiver_id=fastran_000001@fastran_driver@2, request_msg_id=REQUEST|fastran_000001@fastran_driver@2|FRAMEWORK@Framework@0|87,status=0, args=(<ipsframework.cca_es_spec.Topic object at 0x15412441ce80>,), message_id=RESPONSE|FRAMEWORK@Framework@0|fastran_000001@fastran_driver@2|204)
2025-08-15 14:02:46,788 fastran_driver_fastran_driver_2 DEBUG    _invoke_service(): sendEvent  ('_IPS_MONITOR', 'PORTAL_EVENT', {'sim_name': 'fastran_000001', 'real_sim_name': 'fastran_000001', 'portal_data': {'code': 'fastran_driver_fastran_driver', 'eventtype': 'IPS_CALL_END', 'ok': True, 'walltime': '27.50', 'time': '2025-08-15|14:02:46PDT', 'trace': {'timestamp': 1755291765306617, 'duration': 1471213, 'localEndpoint': {'serviceName': 'fastran_000001@fastran@5'}, 'name': 'step(preprocess_0)', 'id': '65ef2219f8c1237c', 'parentId': '15e0663de819b9fa', 'tags': {}}, 'state': 'Running', 'comment': 'Target = fastran_000001@fastran@5:step(preprocess_0)'}})
2025-08-15 14:02:46,788 fastran_driver_fastran_driver_2 DEBUG    _get_service_response(REQUEST|fastran_000001@fastran_driver@2|FRAMEWORK@Framework@0|88)
2025-08-15 14:02:46,799 fastran_driver_fastran_driver_2 DEBUG    _get_service_response(REQUEST|fastran_000001@fastran_driver@2|FRAMEWORK@Framework@0|88), response = ServiceResponseMessage(sender_id=FRAMEWORK@Framework@0, receiver_id=fastran_000001@fastran_driver@2, request_msg_id=REQUEST|fastran_000001@fastran_driver@2|FRAMEWORK@Framework@0|88,status=0, args=(None,), message_id=RESPONSE|FRAMEWORK@Framework@0|fastran_000001@fastran_driver@2|205)
2025-08-15 14:02:46,801 fastran_driver_fastran_driver_2 DEBUG    _invoke_service(): getTopic  ('_IPS_MONITOR',)
2025-08-15 14:02:46,801 fastran_driver_fastran_driver_2 DEBUG    _get_service_response(REQUEST|fastran_000001@fastran_driver@2|FRAMEWORK@Framework@0|89)
2025-08-15 14:02:46,812 fastran_driver_fastran_driver_2 DEBUG    _get_service_response(REQUEST|fastran_000001@fastran_driver@2|FRAMEWORK@Framework@0|89), response = ServiceResponseMessage(sender_id=FRAMEWORK@Framework@0, receiver_id=fastran_000001@fastran_driver@2, request_msg_id=REQUEST|fastran_000001@fastran_driver@2|FRAMEWORK@Framework@0|89,status=0, args=(<ipsframework.cca_es_spec.Topic object at 0x15412441ce50>,), message_id=RESPONSE|FRAMEWORK@Framework@0|fastran_000001@fastran_driver@2|207)
2025-08-15 14:02:46,812 fastran_driver_fastran_driver_2 DEBUG    _invoke_service(): sendEvent  ('_IPS_MONITOR', 'PORTAL_EVENT', {'sim_name': 'fastran_000001', 'real_sim_name': 'fastran_000001', 'portal_data': {'code': 'fastran_driver_fastran_driver', 'eventtype': 'IPS_CALL_BEGIN', 'ok': True, 'walltime': '27.52', 'time': '2025-08-15|14:02:46PDT', 'state': 'Running', 'comment': 'Target = fastran_000001@modeleq_constraint@6:step(preprocess_0)'}})
2025-08-15 14:02:46,812 fastran_driver_fastran_driver_2 DEBUG    _get_service_response(REQUEST|fastran_000001@fastran_driver@2|FRAMEWORK@Framework@0|90)
2025-08-15 14:02:46,823 fastran_driver_fastran_driver_2 DEBUG    _get_service_response(REQUEST|fastran_000001@fastran_driver@2|FRAMEWORK@Framework@0|90), response = ServiceResponseMessage(sender_id=FRAMEWORK@Framework@0, receiver_id=fastran_000001@fastran_driver@2, request_msg_id=REQUEST|fastran_000001@fastran_driver@2|FRAMEWORK@Framework@0|90,status=0, args=(None,), message_id=RESPONSE|FRAMEWORK@Framework@0|fastran_000001@fastran_driver@2|208)
2025-08-15 14:02:46,823 fastran_driver_fastran_driver_2 DEBUG    _invoke_service(): init_call  ('step', 'preprocess_0')
2025-08-15 14:02:46,823 fastran_driver_fastran_driver_2 DEBUG    _get_service_response(REQUEST|fastran_000001@fastran_driver@2|FRAMEWORK@Framework@0|91)
2025-08-15 14:02:46,824 fastran__modeleq_constraint_6 DEBUG    Received Message 
2025-08-15 14:02:46,824 fastran__modeleq_constraint_6 DEBUG    Calling method step(preprocess_0)
2025-08-15 14:02:46,825 fastran__modeleq_constraint_6 DEBUG    _invoke_service(): stage_state  (['s000001.00001', 'g000001.00001', 'i000001.00001'], '/global/homes/y/yashu_gh/FREDA_EP/ips-fastran/examples_new/far3d/example1/SCAN/work/plasma_state', '/global/homes/y/yashu_gh/FREDA_EP/ips-fastran/examples_new/far3d/example1/SCAN/work/fastran__modeleq_constraint_6')
2025-08-15 14:02:46,825 fastran__modeleq_constraint_6 DEBUG    _get_service_response(REQUEST|fastran_000001@modeleq_constraint@6|FRAMEWORK@Framework@0|0)
2025-08-15 14:02:46,834 fastran_driver_fastran_driver_2 DEBUG    _get_service_response(REQUEST|fastran_000001@fastran_driver@2|FRAMEWORK@Framework@0|91), response = ServiceResponseMessage(sender_id=FRAMEWORK@Framework@0, receiver_id=fastran_000001@fastran_driver@2, request_msg_id=REQUEST|fastran_000001@fastran_driver@2|FRAMEWORK@Framework@0|91,status=0, args=(22,), message_id=RESPONSE|FRAMEWORK@Framework@0|fastran_000001@fastran_driver@2|209)
2025-08-15 14:02:46,834 fastran_driver_fastran_driver_2 DEBUG    _invoke_service(): wait_call  (22, True)
2025-08-15 14:02:46,834 fastran_driver_fastran_driver_2 DEBUG    _get_service_response(REQUEST|fastran_000001@fastran_driver@2|FRAMEWORK@Framework@0|92)
2025-08-15 14:02:46,906 fastran__modeleq_constraint_6 DEBUG    _get_service_response(REQUEST|fastran_000001@modeleq_constraint@6|FRAMEWORK@Framework@0|0), response = ServiceResponseMessage(sender_id=FRAMEWORK@Framework@0, receiver_id=fastran_000001@modeleq_constraint@6, request_msg_id=REQUEST|fastran_000001@modeleq_constraint@6|FRAMEWORK@Framework@0|0,status=0, args=(0,), message_id=RESPONSE|FRAMEWORK@Framework@0|fastran_000001@modeleq_constraint@6|210)
2025-08-15 14:02:46,906 fastran__modeleq_constraint_6 DEBUG    _invoke_service(): getTopic  ('_IPS_MONITOR',)
2025-08-15 14:02:46,906 fastran__modeleq_constraint_6 DEBUG    _get_service_response(REQUEST|fastran_000001@modeleq_constraint@6|FRAMEWORK@Framework@0|1)
2025-08-15 14:02:46,917 fastran__modeleq_constraint_6 DEBUG    _get_service_response(REQUEST|fastran_000001@modeleq_constraint@6|FRAMEWORK@Framework@0|1), response = ServiceResponseMessage(sender_id=FRAMEWORK@Framework@0, receiver_id=fastran_000001@modeleq_constraint@6, request_msg_id=REQUEST|fastran_000001@modeleq_constraint@6|FRAMEWORK@Framework@0|1,status=0, args=(<ipsframework.cca_es_spec.Topic object at 0x1541243cb790>,), message_id=RESPONSE|FRAMEWORK@Framework@0|fastran_000001@modeleq_constraint@6|211)
2025-08-15 14:02:46,917 fastran__modeleq_constraint_6 DEBUG    _invoke_service(): sendEvent  ('_IPS_MONITOR', 'PORTAL_EVENT', {'sim_name': 'fastran_000001', 'real_sim_name': 'fastran_000001', 'portal_data': {'code': 'fastran__modeleq_constraint', 'eventtype': 'IPS_STAGE_STATE', 'ok': True, 'walltime': '27.63', 'time': '2025-08-15|14:02:46PDT', 'trace': {'timestamp': 1755291766825147, 'duration': 81045, 'localEndpoint': {'serviceName': 'stage_state'}, 'name': "['s000001.00001', 'g000001.00001', 'i000001.00001']", 'id': '71885aecf25d7412', 'parentId': 'e101a026c2c4376b', 'tags': {}}, 'state': 'Running', 'comment': 'Elapsed time = 0.081  files = s000001.00001 g000001.00001 i000001.00001 Success'}})
2025-08-15 14:02:46,917 fastran__modeleq_constraint_6 DEBUG    _get_service_response(REQUEST|fastran_000001@modeleq_constraint@6|FRAMEWORK@Framework@0|2)
2025-08-15 14:02:46,928 fastran__modeleq_constraint_6 DEBUG    _get_service_response(REQUEST|fastran_000001@modeleq_constraint@6|FRAMEWORK@Framework@0|2), response = ServiceResponseMessage(sender_id=FRAMEWORK@Framework@0, receiver_id=fastran_000001@modeleq_constraint@6, request_msg_id=REQUEST|fastran_000001@modeleq_constraint@6|FRAMEWORK@Framework@0|2,status=0, args=(None,), message_id=RESPONSE|FRAMEWORK@Framework@0|fastran_000001@modeleq_constraint@6|212)
2025-08-15 14:02:48,209 fastran__modeleq_constraint_6 DEBUG    _invoke_service(): update_state  (['s000001.00001', 'g000001.00001', 'i000001.00001'], '/global/homes/y/yashu_gh/FREDA_EP/ips-fastran/examples_new/far3d/example1/SCAN/work/fastran__modeleq_constraint_6', '/global/homes/y/yashu_gh/FREDA_EP/ips-fastran/examples_new/far3d/example1/SCAN/work/plasma_state')
2025-08-15 14:02:48,210 fastran__modeleq_constraint_6 DEBUG    _get_service_response(REQUEST|fastran_000001@modeleq_constraint@6|FRAMEWORK@Framework@0|3)
2025-08-15 14:02:48,277 fastran__modeleq_constraint_6 DEBUG    _get_service_response(REQUEST|fastran_000001@modeleq_constraint@6|FRAMEWORK@Framework@0|3), response = ServiceResponseMessage(sender_id=FRAMEWORK@Framework@0, receiver_id=fastran_000001@modeleq_constraint@6, request_msg_id=REQUEST|fastran_000001@modeleq_constraint@6|FRAMEWORK@Framework@0|3,status=0, args=(0,), message_id=RESPONSE|FRAMEWORK@Framework@0|fastran_000001@modeleq_constraint@6|215)
2025-08-15 14:02:48,277 fastran__modeleq_constraint_6 DEBUG    _invoke_service(): getTopic  ('_IPS_MONITOR',)
2025-08-15 14:02:48,278 fastran__modeleq_constraint_6 DEBUG    _get_service_response(REQUEST|fastran_000001@modeleq_constraint@6|FRAMEWORK@Framework@0|4)
2025-08-15 14:02:48,288 fastran__modeleq_constraint_6 DEBUG    _get_service_response(REQUEST|fastran_000001@modeleq_constraint@6|FRAMEWORK@Framework@0|4), response = ServiceResponseMessage(sender_id=FRAMEWORK@Framework@0, receiver_id=fastran_000001@modeleq_constraint@6, request_msg_id=REQUEST|fastran_000001@modeleq_constraint@6|FRAMEWORK@Framework@0|4,status=0, args=(<ipsframework.cca_es_spec.Topic object at 0x1541243cbee0>,), message_id=RESPONSE|FRAMEWORK@Framework@0|fastran_000001@modeleq_constraint@6|216)
2025-08-15 14:02:48,288 fastran__modeleq_constraint_6 DEBUG    _invoke_service(): sendEvent  ('_IPS_MONITOR', 'PORTAL_EVENT', {'sim_name': 'fastran_000001', 'real_sim_name': 'fastran_000001', 'portal_data': {'code': 'fastran__modeleq_constraint', 'eventtype': 'IPS_UPDATE_STATE', 'ok': True, 'walltime': '29.00', 'time': '2025-08-15|14:02:48PDT', 'trace': {'timestamp': 1755291768207882, 'duration': 69687, 'localEndpoint': {'serviceName': 'update_state'}, 'name': "['s000001.00001', 'g000001.00001', 'i000001.00001']", 'id': '7629e189a66153c0', 'parentId': 'e101a026c2c4376b', 'tags': {}}, 'state': 'Running', 'comment': 'Elapsed time = 0.070   files = s000001.00001 g000001.00001 i000001.00001 Success'}})
2025-08-15 14:02:48,288 fastran__modeleq_constraint_6 DEBUG    _get_service_response(REQUEST|fastran_000001@modeleq_constraint@6|FRAMEWORK@Framework@0|5)
2025-08-15 14:02:48,299 fastran__modeleq_constraint_6 DEBUG    _get_service_response(REQUEST|fastran_000001@modeleq_constraint@6|FRAMEWORK@Framework@0|5), response = ServiceResponseMessage(sender_id=FRAMEWORK@Framework@0, receiver_id=fastran_000001@modeleq_constraint@6, request_msg_id=REQUEST|fastran_000001@modeleq_constraint@6|FRAMEWORK@Framework@0|5,status=0, args=(None,), message_id=RESPONSE|FRAMEWORK@Framework@0|fastran_000001@modeleq_constraint@6|217)
2025-08-15 14:02:48,307 fastran__modeleq_constraint_6 DEBUG    _invoke_service(): getTopic  ('_IPS_MONITOR',)
2025-08-15 14:02:48,307 fastran__modeleq_constraint_6 DEBUG    _get_service_response(REQUEST|fastran_000001@modeleq_constraint@6|FRAMEWORK@Framework@0|6)
2025-08-15 14:02:48,318 fastran__modeleq_constraint_6 DEBUG    _get_service_response(REQUEST|fastran_000001@modeleq_constraint@6|FRAMEWORK@Framework@0|6), response = ServiceResponseMessage(sender_id=FRAMEWORK@Framework@0, receiver_id=fastran_000001@modeleq_constraint@6, request_msg_id=REQUEST|fastran_000001@modeleq_constraint@6|FRAMEWORK@Framework@0|6,status=0, args=(<ipsframework.cca_es_spec.Topic object at 0x1541243cbfa0>,), message_id=RESPONSE|FRAMEWORK@Framework@0|fastran_000001@modeleq_constraint@6|218)
2025-08-15 14:02:48,318 fastran__modeleq_constraint_6 DEBUG    _invoke_service(): sendEvent  ('_IPS_MONITOR', 'PORTAL_EVENT', {'sim_name': 'fastran_000001', 'real_sim_name': 'fastran_000001', 'portal_data': {'code': 'fastran__modeleq_constraint', 'eventtype': 'IPS_STAGE_OUTPUTS', 'ok': True, 'walltime': '29.03', 'time': '2025-08-15|14:02:48PDT', 'trace': {'timestamp': 1755291768299474, 'duration': 7695, 'localEndpoint': {'serviceName': 'stage_output_files'}, 'name': '[]', 'id': 'ed019efe11be26d9', 'parentId': 'e101a026c2c4376b', 'tags': {}}, 'state': 'Running', 'comment': 'Elapsed time = 0.008 Path = /global/homes/y/yashu_gh/FREDA_EP/ips-fastran/examples_new/far3d/example1/SCAN/simulation_results/preprocess_0/components/fastran__modeleq_constraint_6 Files = []'}})
2025-08-15 14:02:48,318 fastran__modeleq_constraint_6 DEBUG    _get_service_response(REQUEST|fastran_000001@modeleq_constraint@6|FRAMEWORK@Framework@0|7)
2025-08-15 14:02:48,329 fastran__modeleq_constraint_6 DEBUG    _get_service_response(REQUEST|fastran_000001@modeleq_constraint@6|FRAMEWORK@Framework@0|7), response = ServiceResponseMessage(sender_id=FRAMEWORK@Framework@0, receiver_id=fastran_000001@modeleq_constraint@6, request_msg_id=REQUEST|fastran_000001@modeleq_constraint@6|FRAMEWORK@Framework@0|7,status=0, args=(None,), message_id=RESPONSE|FRAMEWORK@Framework@0|fastran_000001@modeleq_constraint@6|219)
2025-08-15 14:02:48,342 fastran_driver_fastran_driver_2 DEBUG    _get_service_response(REQUEST|fastran_000001@fastran_driver@2|FRAMEWORK@Framework@0|92), response = ServiceResponseMessage(sender_id=FRAMEWORK@Framework@0, receiver_id=fastran_000001@fastran_driver@2, request_msg_id=REQUEST|fastran_000001@fastran_driver@2|FRAMEWORK@Framework@0|92,status=0, args=((None,),), message_id=RESPONSE|FRAMEWORK@Framework@0|fastran_000001@fastran_driver@2|221)
2025-08-15 14:02:48,342 fastran_driver_fastran_driver_2 DEBUG    _invoke_service(): getTopic  ('_IPS_MONITOR',)
2025-08-15 14:02:48,342 fastran_driver_fastran_driver_2 DEBUG    _get_service_response(REQUEST|fastran_000001@fastran_driver@2|FRAMEWORK@Framework@0|93)
2025-08-15 14:02:48,353 fastran_driver_fastran_driver_2 DEBUG    _get_service_response(REQUEST|fastran_000001@fastran_driver@2|FRAMEWORK@Framework@0|93), response = ServiceResponseMessage(sender_id=FRAMEWORK@Framework@0, receiver_id=fastran_000001@fastran_driver@2, request_msg_id=REQUEST|fastran_000001@fastran_driver@2|FRAMEWORK@Framework@0|93,status=0, args=(<ipsframework.cca_es_spec.Topic object at 0x15412441ce80>,), message_id=RESPONSE|FRAMEWORK@Framework@0|fastran_000001@fastran_driver@2|222)
2025-08-15 14:02:48,353 fastran_driver_fastran_driver_2 DEBUG    _invoke_service(): sendEvent  ('_IPS_MONITOR', 'PORTAL_EVENT', {'sim_name': 'fastran_000001', 'real_sim_name': 'fastran_000001', 'portal_data': {'code': 'fastran_driver_fastran_driver', 'eventtype': 'IPS_CALL_END', 'ok': True, 'walltime': '29.06', 'time': '2025-08-15|14:02:48PDT', 'trace': {'timestamp': 1755291766834051, 'duration': 1508052, 'localEndpoint': {'serviceName': 'fastran_000001@modeleq_constraint@6'}, 'name': 'step(preprocess_0)', 'id': 'e101a026c2c4376b', 'parentId': '15e0663de819b9fa', 'tags': {}}, 'state': 'Running', 'comment': 'Target = fastran_000001@modeleq_constraint@6:step(preprocess_0)'}})
2025-08-15 14:02:48,353 fastran_driver_fastran_driver_2 DEBUG    _get_service_response(REQUEST|fastran_000001@fastran_driver@2|FRAMEWORK@Framework@0|94)
2025-08-15 14:02:48,364 fastran_driver_fastran_driver_2 DEBUG    _get_service_response(REQUEST|fastran_000001@fastran_driver@2|FRAMEWORK@Framework@0|94), response = ServiceResponseMessage(sender_id=FRAMEWORK@Framework@0, receiver_id=fastran_000001@fastran_driver@2, request_msg_id=REQUEST|fastran_000001@fastran_driver@2|FRAMEWORK@Framework@0|94,status=0, args=(None,), message_id=RESPONSE|FRAMEWORK@Framework@0|fastran_000001@fastran_driver@2|223)
2025-08-15 14:02:48,367 fastran_driver_fastran_driver_2 DEBUG    _invoke_service(): getTopic  ('_IPS_MONITOR',)
2025-08-15 14:02:48,367 fastran_driver_fastran_driver_2 DEBUG    _get_service_response(REQUEST|fastran_000001@fastran_driver@2|FRAMEWORK@Framework@0|95)
2025-08-15 14:02:48,377 fastran_driver_fastran_driver_2 DEBUG    _get_service_response(REQUEST|fastran_000001@fastran_driver@2|FRAMEWORK@Framework@0|95), response = ServiceResponseMessage(sender_id=FRAMEWORK@Framework@0, receiver_id=fastran_000001@fastran_driver@2, request_msg_id=REQUEST|fastran_000001@fastran_driver@2|FRAMEWORK@Framework@0|95,status=0, args=(<ipsframework.cca_es_spec.Topic object at 0x15412441cf10>,), message_id=RESPONSE|FRAMEWORK@Framework@0|fastran_000001@fastran_driver@2|224)
2025-08-15 14:02:48,377 fastran_driver_fastran_driver_2 DEBUG    _invoke_service(): sendEvent  ('_IPS_MONITOR', 'PORTALBRIDGE_UPDATE_TIMESTAMP', {'sim_name': 'fastran_000001', 'real_sim_name': 'fastran_000001', 'portal_data': {'phystimestamp': 'preprocess_1', 'eventtype': 'PORTALBRIDGE_UPDATE_TIMESTAMP'}})
2025-08-15 14:02:48,377 fastran_driver_fastran_driver_2 DEBUG    _get_service_response(REQUEST|fastran_000001@fastran_driver@2|FRAMEWORK@Framework@0|96)
2025-08-15 14:02:48,388 fastran_driver_fastran_driver_2 DEBUG    _get_service_response(REQUEST|fastran_000001@fastran_driver@2|FRAMEWORK@Framework@0|96), response = ServiceResponseMessage(sender_id=FRAMEWORK@Framework@0, receiver_id=fastran_000001@fastran_driver@2, request_msg_id=REQUEST|fastran_000001@fastran_driver@2|FRAMEWORK@Framework@0|96,status=0, args=(None,), message_id=RESPONSE|FRAMEWORK@Framework@0|fastran_000001@fastran_driver@2|225)
2025-08-15 14:02:48,388 fastran_driver_fastran_driver_2 DEBUG    _invoke_service(): getTopic  ('_IPS_MONITOR',)
2025-08-15 14:02:48,388 fastran_driver_fastran_driver_2 DEBUG    _get_service_response(REQUEST|fastran_000001@fastran_driver@2|FRAMEWORK@Framework@0|97)
2025-08-15 14:02:48,399 fastran_driver_fastran_driver_2 DEBUG    _get_service_response(REQUEST|fastran_000001@fastran_driver@2|FRAMEWORK@Framework@0|97), response = ServiceResponseMessage(sender_id=FRAMEWORK@Framework@0, receiver_id=fastran_000001@fastran_driver@2, request_msg_id=REQUEST|fastran_000001@fastran_driver@2|FRAMEWORK@Framework@0|97,status=0, args=(<ipsframework.cca_es_spec.Topic object at 0x15412441ce20>,), message_id=RESPONSE|FRAMEWORK@Framework@0|fastran_000001@fastran_driver@2|226)
2025-08-15 14:02:48,399 fastran_driver_fastran_driver_2 DEBUG    _invoke_service(): sendEvent  ('_IPS_MONITOR', 'PORTAL_EVENT', {'sim_name': 'fastran_000001', 'real_sim_name': 'fastran_000001', 'portal_data': {'code': 'fastran_driver_fastran_driver', 'eventtype': 'IPS_UPDATE_TIME_STAMP', 'ok': True, 'walltime': '29.11', 'time': '2025-08-15|14:02:48PDT', 'state': 'Running', 'comment': 'Timestamp = preprocess_1'}})
2025-08-15 14:02:48,399 fastran_driver_fastran_driver_2 DEBUG    _get_service_response(REQUEST|fastran_000001@fastran_driver@2|FRAMEWORK@Framework@0|98)
2025-08-15 14:02:48,410 fastran_driver_fastran_driver_2 DEBUG    _get_service_response(REQUEST|fastran_000001@fastran_driver@2|FRAMEWORK@Framework@0|98), response = ServiceResponseMessage(sender_id=FRAMEWORK@Framework@0, receiver_id=fastran_000001@fastran_driver@2, request_msg_id=REQUEST|fastran_000001@fastran_driver@2|FRAMEWORK@Framework@0|98,status=0, args=(None,), message_id=RESPONSE|FRAMEWORK@Framework@0|fastran_000001@fastran_driver@2|227)
2025-08-15 14:02:48,411 fastran_driver_fastran_driver_2 DEBUG    _invoke_service(): getTopic  ('_IPS_MONITOR',)
2025-08-15 14:02:48,411 fastran_driver_fastran_driver_2 DEBUG    _get_service_response(REQUEST|fastran_000001@fastran_driver@2|FRAMEWORK@Framework@0|99)
2025-08-15 14:02:48,421 fastran_driver_fastran_driver_2 DEBUG    _get_service_response(REQUEST|fastran_000001@fastran_driver@2|FRAMEWORK@Framework@0|99), response = ServiceResponseMessage(sender_id=FRAMEWORK@Framework@0, receiver_id=fastran_000001@fastran_driver@2, request_msg_id=REQUEST|fastran_000001@fastran_driver@2|FRAMEWORK@Framework@0|99,status=0, args=(<ipsframework.cca_es_spec.Topic object at 0x15412441ce80>,), message_id=RESPONSE|FRAMEWORK@Framework@0|fastran_000001@fastran_driver@2|228)
2025-08-15 14:02:48,422 fastran_driver_fastran_driver_2 DEBUG    _invoke_service(): sendEvent  ('_IPS_MONITOR', 'PORTAL_EVENT', {'sim_name': 'fastran_000001', 'real_sim_name': 'fastran_000001', 'portal_data': {'code': 'fastran_driver_fastran_driver', 'eventtype': 'IPS_CALL_BEGIN', 'ok': True, 'walltime': '29.13', 'time': '2025-08-15|14:02:48PDT', 'state': 'Running', 'comment': 'Target = fastran_000001@efit@3:step(preprocess_1)'}})
2025-08-15 14:02:48,422 fastran_driver_fastran_driver_2 DEBUG    _get_service_response(REQUEST|fastran_000001@fastran_driver@2|FRAMEWORK@Framework@0|100)
2025-08-15 14:02:48,432 fastran_driver_fastran_driver_2 DEBUG    _get_service_response(REQUEST|fastran_000001@fastran_driver@2|FRAMEWORK@Framework@0|100), response = ServiceResponseMessage(sender_id=FRAMEWORK@Framework@0, receiver_id=fastran_000001@fastran_driver@2, request_msg_id=REQUEST|fastran_000001@fastran_driver@2|FRAMEWORK@Framework@0|100,status=0, args=(None,), message_id=RESPONSE|FRAMEWORK@Framework@0|fastran_000001@fastran_driver@2|229)
2025-08-15 14:02:48,432 fastran_driver_fastran_driver_2 DEBUG    _invoke_service(): init_call  ('step', 'preprocess_1')
2025-08-15 14:02:48,432 fastran_driver_fastran_driver_2 DEBUG    _get_service_response(REQUEST|fastran_000001@fastran_driver@2|FRAMEWORK@Framework@0|101)
2025-08-15 14:02:48,433 fastran_eq0_efit_3 DEBUG    Received Message 
2025-08-15 14:02:48,433 fastran_eq0_efit_3 DEBUG    Calling method step(preprocess_1)
2025-08-15 14:02:48,434 fastran_eq0_efit_3 DEBUG    _invoke_service(): stage_state  (['s000001.00001', 'g000001.00001', 'i000001.00001'], '/global/homes/y/yashu_gh/FREDA_EP/ips-fastran/examples_new/far3d/example1/SCAN/work/plasma_state', '/global/homes/y/yashu_gh/FREDA_EP/ips-fastran/examples_new/far3d/example1/SCAN/work/fastran_eq0_efit_3')
2025-08-15 14:02:48,434 fastran_eq0_efit_3 DEBUG    _get_service_response(REQUEST|fastran_000001@efit@3|FRAMEWORK@Framework@0|14)
2025-08-15 14:02:48,443 fastran_driver_fastran_driver_2 DEBUG    _get_service_response(REQUEST|fastran_000001@fastran_driver@2|FRAMEWORK@Framework@0|101), response = ServiceResponseMessage(sender_id=FRAMEWORK@Framework@0, receiver_id=fastran_000001@fastran_driver@2, request_msg_id=REQUEST|fastran_000001@fastran_driver@2|FRAMEWORK@Framework@0|101,status=0, args=(23,), message_id=RESPONSE|FRAMEWORK@Framework@0|fastran_000001@fastran_driver@2|230)
2025-08-15 14:02:48,443 fastran_driver_fastran_driver_2 DEBUG    _invoke_service(): wait_call  (23, True)
2025-08-15 14:02:48,443 fastran_driver_fastran_driver_2 DEBUG    _get_service_response(REQUEST|fastran_000001@fastran_driver@2|FRAMEWORK@Framework@0|102)
2025-08-15 14:02:48,491 fastran_eq0_efit_3 DEBUG    _get_service_response(REQUEST|fastran_000001@efit@3|FRAMEWORK@Framework@0|14), response = ServiceResponseMessage(sender_id=FRAMEWORK@Framework@0, receiver_id=fastran_000001@efit@3, request_msg_id=REQUEST|fastran_000001@efit@3|FRAMEWORK@Framework@0|14,status=0, args=(0,), message_id=RESPONSE|FRAMEWORK@Framework@0|fastran_000001@efit@3|231)
2025-08-15 14:02:48,491 fastran_eq0_efit_3 DEBUG    _invoke_service(): getTopic  ('_IPS_MONITOR',)
2025-08-15 14:02:48,491 fastran_eq0_efit_3 DEBUG    _get_service_response(REQUEST|fastran_000001@efit@3|FRAMEWORK@Framework@0|15)
2025-08-15 14:02:48,502 fastran_eq0_efit_3 DEBUG    _get_service_response(REQUEST|fastran_000001@efit@3|FRAMEWORK@Framework@0|15), response = ServiceResponseMessage(sender_id=FRAMEWORK@Framework@0, receiver_id=fastran_000001@efit@3, request_msg_id=REQUEST|fastran_000001@efit@3|FRAMEWORK@Framework@0|15,status=0, args=(<ipsframework.cca_es_spec.Topic object at 0x1541243acd60>,), message_id=RESPONSE|FRAMEWORK@Framework@0|fastran_000001@efit@3|232)
2025-08-15 14:02:48,502 fastran_eq0_efit_3 DEBUG    _invoke_service(): sendEvent  ('_IPS_MONITOR', 'PORTAL_EVENT', {'sim_name': 'fastran_000001', 'real_sim_name': 'fastran_000001', 'portal_data': {'code': 'fastran_eq0_efit', 'eventtype': 'IPS_STAGE_STATE', 'ok': True, 'walltime': '29.21', 'time': '2025-08-15|14:02:48PDT', 'trace': {'timestamp': 1755291768434736, 'duration': 56570, 'localEndpoint': {'serviceName': 'stage_state'}, 'name': "['s000001.00001', 'g000001.00001', 'i000001.00001']", 'id': '71885aecf25d7412', 'parentId': '9953aaa3f2ef1fd5', 'tags': {}}, 'state': 'Running', 'comment': 'Elapsed time = 0.057  files = s000001.00001 g000001.00001 i000001.00001 Success'}})
2025-08-15 14:02:48,502 fastran_eq0_efit_3 DEBUG    _get_service_response(REQUEST|fastran_000001@efit@3|FRAMEWORK@Framework@0|16)
2025-08-15 14:02:48,513 fastran_eq0_efit_3 DEBUG    _get_service_response(REQUEST|fastran_000001@efit@3|FRAMEWORK@Framework@0|16), response = ServiceResponseMessage(sender_id=FRAMEWORK@Framework@0, receiver_id=fastran_000001@efit@3, request_msg_id=REQUEST|fastran_000001@efit@3|FRAMEWORK@Framework@0|16,status=0, args=(None,), message_id=RESPONSE|FRAMEWORK@Framework@0|fastran_000001@efit@3|233)
2025-08-15 14:03:04,174 fastran_eq0_efit_3 DEBUG    _invoke_service(): update_state  (['s000001.00001', 'g000001.00001', 'i000001.00001'], '/global/homes/y/yashu_gh/FREDA_EP/ips-fastran/examples_new/far3d/example1/SCAN/work/fastran_eq0_efit_3', '/global/homes/y/yashu_gh/FREDA_EP/ips-fastran/examples_new/far3d/example1/SCAN/work/plasma_state')
2025-08-15 14:03:04,176 fastran_eq0_efit_3 DEBUG    _get_service_response(REQUEST|fastran_000001@efit@3|FRAMEWORK@Framework@0|17)
2025-08-15 14:03:04,253 fastran_eq0_efit_3 DEBUG    _get_service_response(REQUEST|fastran_000001@efit@3|FRAMEWORK@Framework@0|17), response = ServiceResponseMessage(sender_id=FRAMEWORK@Framework@0, receiver_id=fastran_000001@efit@3, request_msg_id=REQUEST|fastran_000001@efit@3|FRAMEWORK@Framework@0|17,status=0, args=(0,), message_id=RESPONSE|FRAMEWORK@Framework@0|fastran_000001@efit@3|264)
2025-08-15 14:03:04,253 fastran_eq0_efit_3 DEBUG    _invoke_service(): getTopic  ('_IPS_MONITOR',)
2025-08-15 14:03:04,253 fastran_eq0_efit_3 DEBUG    _get_service_response(REQUEST|fastran_000001@efit@3|FRAMEWORK@Framework@0|18)
2025-08-15 14:03:04,264 fastran_eq0_efit_3 DEBUG    _get_service_response(REQUEST|fastran_000001@efit@3|FRAMEWORK@Framework@0|18), response = ServiceResponseMessage(sender_id=FRAMEWORK@Framework@0, receiver_id=fastran_000001@efit@3, request_msg_id=REQUEST|fastran_000001@efit@3|FRAMEWORK@Framework@0|18,status=0, args=(<ipsframework.cca_es_spec.Topic object at 0x154124365b20>,), message_id=RESPONSE|FRAMEWORK@Framework@0|fastran_000001@efit@3|266)
2025-08-15 14:03:04,264 fastran_eq0_efit_3 DEBUG    _invoke_service(): sendEvent  ('_IPS_MONITOR', 'PORTAL_EVENT', {'sim_name': 'fastran_000001', 'real_sim_name': 'fastran_000001', 'portal_data': {'code': 'fastran_eq0_efit', 'eventtype': 'IPS_UPDATE_STATE', 'ok': True, 'walltime': '44.97', 'time': '2025-08-15|14:03:04PDT', 'trace': {'timestamp': 1755291784173357, 'duration': 80076, 'localEndpoint': {'serviceName': 'update_state'}, 'name': "['s000001.00001', 'g000001.00001', 'i000001.00001']", 'id': '7629e189a66153c0', 'parentId': '9953aaa3f2ef1fd5', 'tags': {}}, 'state': 'Running', 'comment': 'Elapsed time = 0.080   files = s000001.00001 g000001.00001 i000001.00001 Success'}})
2025-08-15 14:03:04,264 fastran_eq0_efit_3 DEBUG    _get_service_response(REQUEST|fastran_000001@efit@3|FRAMEWORK@Framework@0|19)
2025-08-15 14:03:04,275 fastran_eq0_efit_3 DEBUG    _get_service_response(REQUEST|fastran_000001@efit@3|FRAMEWORK@Framework@0|19), response = ServiceResponseMessage(sender_id=FRAMEWORK@Framework@0, receiver_id=fastran_000001@efit@3, request_msg_id=REQUEST|fastran_000001@efit@3|FRAMEWORK@Framework@0|19,status=0, args=(None,), message_id=RESPONSE|FRAMEWORK@Framework@0|fastran_000001@efit@3|267)
2025-08-15 14:03:04,482 fastran_eq0_efit_3 DEBUG    _invoke_service(): getTopic  ('_IPS_MONITOR',)
2025-08-15 14:03:04,482 fastran_eq0_efit_3 DEBUG    _get_service_response(REQUEST|fastran_000001@efit@3|FRAMEWORK@Framework@0|20)
2025-08-15 14:03:04,493 fastran_eq0_efit_3 DEBUG    _get_service_response(REQUEST|fastran_000001@efit@3|FRAMEWORK@Framework@0|20), response = ServiceResponseMessage(sender_id=FRAMEWORK@Framework@0, receiver_id=fastran_000001@efit@3, request_msg_id=REQUEST|fastran_000001@efit@3|FRAMEWORK@Framework@0|20,status=0, args=(<ipsframework.cca_es_spec.Topic object at 0x154124365550>,), message_id=RESPONSE|FRAMEWORK@Framework@0|fastran_000001@efit@3|268)
2025-08-15 14:03:04,493 fastran_eq0_efit_3 DEBUG    _invoke_service(): sendEvent  ('_IPS_MONITOR', 'PORTAL_EVENT', {'sim_name': 'fastran_000001', 'real_sim_name': 'fastran_000001', 'portal_data': {'code': 'fastran_eq0_efit', 'eventtype': 'IPS_STAGE_OUTPUTS', 'ok': True, 'walltime': '45.20', 'time': '2025-08-15|14:03:04PDT', 'trace': {'timestamp': 1755291784275388, 'duration': 206719, 'localEndpoint': {'serviceName': 'stage_output_files'}, 'name': "['g*.*', 'a*.*', 'm*.*', 'k*.*', 'efit.log']", 'id': '7f2cccfefec01030', 'parentId': '9953aaa3f2ef1fd5', 'tags': {}}, 'state': 'Running', 'comment': "Elapsed time = 0.207 Path = /global/homes/y/yashu_gh/FREDA_EP/ips-fastran/examples_new/far3d/example1/SCAN/simulation_results/preprocess_1/components/fastran_eq0_efit_3 Files = ['g*.*', 'a*.*', 'm*.*', 'k*.*', 'efit.log']"}})
2025-08-15 14:03:04,493 fastran_eq0_efit_3 DEBUG    _get_service_response(REQUEST|fastran_000001@efit@3|FRAMEWORK@Framework@0|21)
2025-08-15 14:03:04,504 fastran_eq0_efit_3 DEBUG    _get_service_response(REQUEST|fastran_000001@efit@3|FRAMEWORK@Framework@0|21), response = ServiceResponseMessage(sender_id=FRAMEWORK@Framework@0, receiver_id=fastran_000001@efit@3, request_msg_id=REQUEST|fastran_000001@efit@3|FRAMEWORK@Framework@0|21,status=0, args=(None,), message_id=RESPONSE|FRAMEWORK@Framework@0|fastran_000001@efit@3|269)
2025-08-15 14:03:04,518 fastran_driver_fastran_driver_2 DEBUG    _get_service_response(REQUEST|fastran_000001@fastran_driver@2|FRAMEWORK@Framework@0|102), response = ServiceResponseMessage(sender_id=FRAMEWORK@Framework@0, receiver_id=fastran_000001@fastran_driver@2, request_msg_id=REQUEST|fastran_000001@fastran_driver@2|FRAMEWORK@Framework@0|102,status=0, args=((None,),), message_id=RESPONSE|FRAMEWORK@Framework@0|fastran_000001@fastran_driver@2|270)
2025-08-15 14:03:04,519 fastran_driver_fastran_driver_2 DEBUG    _invoke_service(): getTopic  ('_IPS_MONITOR',)
2025-08-15 14:03:04,519 fastran_driver_fastran_driver_2 DEBUG    _get_service_response(REQUEST|fastran_000001@fastran_driver@2|FRAMEWORK@Framework@0|103)
2025-08-15 14:03:04,530 fastran_driver_fastran_driver_2 DEBUG    _get_service_response(REQUEST|fastran_000001@fastran_driver@2|FRAMEWORK@Framework@0|103), response = ServiceResponseMessage(sender_id=FRAMEWORK@Framework@0, receiver_id=fastran_000001@fastran_driver@2, request_msg_id=REQUEST|fastran_000001@fastran_driver@2|FRAMEWORK@Framework@0|103,status=0, args=(<ipsframework.cca_es_spec.Topic object at 0x15412441ce20>,), message_id=RESPONSE|FRAMEWORK@Framework@0|fastran_000001@fastran_driver@2|271)
2025-08-15 14:03:04,530 fastran_driver_fastran_driver_2 DEBUG    _invoke_service(): sendEvent  ('_IPS_MONITOR', 'PORTAL_EVENT', {'sim_name': 'fastran_000001', 'real_sim_name': 'fastran_000001', 'portal_data': {'code': 'fastran_driver_fastran_driver', 'eventtype': 'IPS_CALL_END', 'ok': True, 'walltime': '45.24', 'time': '2025-08-15|14:03:04PDT', 'trace': {'timestamp': 1755291768443849, 'duration': 16075104, 'localEndpoint': {'serviceName': 'fastran_000001@efit@3'}, 'name': 'step(preprocess_1)', 'id': '9953aaa3f2ef1fd5', 'parentId': '15e0663de819b9fa', 'tags': {}}, 'state': 'Running', 'comment': 'Target = fastran_000001@efit@3:step(preprocess_1)'}})
2025-08-15 14:03:04,530 fastran_driver_fastran_driver_2 DEBUG    _get_service_response(REQUEST|fastran_000001@fastran_driver@2|FRAMEWORK@Framework@0|104)
2025-08-15 14:03:04,541 fastran_driver_fastran_driver_2 DEBUG    _get_service_response(REQUEST|fastran_000001@fastran_driver@2|FRAMEWORK@Framework@0|104), response = ServiceResponseMessage(sender_id=FRAMEWORK@Framework@0, receiver_id=fastran_000001@fastran_driver@2, request_msg_id=REQUEST|fastran_000001@fastran_driver@2|FRAMEWORK@Framework@0|104,status=0, args=(None,), message_id=RESPONSE|FRAMEWORK@Framework@0|fastran_000001@fastran_driver@2|272)
2025-08-15 14:03:04,542 fastran_driver_fastran_driver_2 DEBUG    _invoke_service(): getTopic  ('_IPS_MONITOR',)
2025-08-15 14:03:04,542 fastran_driver_fastran_driver_2 DEBUG    _get_service_response(REQUEST|fastran_000001@fastran_driver@2|FRAMEWORK@Framework@0|105)
2025-08-15 14:03:04,553 fastran_driver_fastran_driver_2 DEBUG    _get_service_response(REQUEST|fastran_000001@fastran_driver@2|FRAMEWORK@Framework@0|105), response = ServiceResponseMessage(sender_id=FRAMEWORK@Framework@0, receiver_id=fastran_000001@fastran_driver@2, request_msg_id=REQUEST|fastran_000001@fastran_driver@2|FRAMEWORK@Framework@0|105,status=0, args=(<ipsframework.cca_es_spec.Topic object at 0x15412441cf10>,), message_id=RESPONSE|FRAMEWORK@Framework@0|fastran_000001@fastran_driver@2|273)
2025-08-15 14:03:04,553 fastran_driver_fastran_driver_2 DEBUG    _invoke_service(): sendEvent  ('_IPS_MONITOR', 'PORTAL_EVENT', {'sim_name': 'fastran_000001', 'real_sim_name': 'fastran_000001', 'portal_data': {'code': 'fastran_driver_fastran_driver', 'eventtype': 'IPS_CALL_BEGIN', 'ok': True, 'walltime': '45.26', 'time': '2025-08-15|14:03:04PDT', 'state': 'Running', 'comment': 'Target = fastran_000001@hcd_model@4:step(preprocess_1)'}})
2025-08-15 14:03:04,553 fastran_driver_fastran_driver_2 DEBUG    _get_service_response(REQUEST|fastran_000001@fastran_driver@2|FRAMEWORK@Framework@0|106)
2025-08-15 14:03:04,564 fastran_driver_fastran_driver_2 DEBUG    _get_service_response(REQUEST|fastran_000001@fastran_driver@2|FRAMEWORK@Framework@0|106), response = ServiceResponseMessage(sender_id=FRAMEWORK@Framework@0, receiver_id=fastran_000001@fastran_driver@2, request_msg_id=REQUEST|fastran_000001@fastran_driver@2|FRAMEWORK@Framework@0|106,status=0, args=(None,), message_id=RESPONSE|FRAMEWORK@Framework@0|fastran_000001@fastran_driver@2|274)
2025-08-15 14:03:04,564 fastran_driver_fastran_driver_2 DEBUG    _invoke_service(): init_call  ('step', 'preprocess_1')
2025-08-15 14:03:04,564 fastran_driver_fastran_driver_2 DEBUG    _get_service_response(REQUEST|fastran_000001@fastran_driver@2|FRAMEWORK@Framework@0|107)
2025-08-15 14:03:04,565 fastran_ic_hcd_model_4 DEBUG    Received Message 
2025-08-15 14:03:04,565 fastran_ic_hcd_model_4 DEBUG    Calling method step(preprocess_1)
2025-08-15 14:03:04,566 fastran_ic_hcd_model_4 DEBUG    _invoke_service(): stage_state  (['s000001.00001', 'g000001.00001', 'i000001.00001'], '/global/homes/y/yashu_gh/FREDA_EP/ips-fastran/examples_new/far3d/example1/SCAN/work/plasma_state', '/global/homes/y/yashu_gh/FREDA_EP/ips-fastran/examples_new/far3d/example1/SCAN/work/fastran_ic_hcd_model_4')
2025-08-15 14:03:04,566 fastran_ic_hcd_model_4 DEBUG    _get_service_response(REQUEST|fastran_000001@hcd_model@4|FRAMEWORK@Framework@0|10)
2025-08-15 14:03:04,575 fastran_driver_fastran_driver_2 DEBUG    _get_service_response(REQUEST|fastran_000001@fastran_driver@2|FRAMEWORK@Framework@0|107), response = ServiceResponseMessage(sender_id=FRAMEWORK@Framework@0, receiver_id=fastran_000001@fastran_driver@2, request_msg_id=REQUEST|fastran_000001@fastran_driver@2|FRAMEWORK@Framework@0|107,status=0, args=(24,), message_id=RESPONSE|FRAMEWORK@Framework@0|fastran_000001@fastran_driver@2|275)
2025-08-15 14:03:04,575 fastran_driver_fastran_driver_2 DEBUG    _invoke_service(): wait_call  (24, True)
2025-08-15 14:03:04,575 fastran_driver_fastran_driver_2 DEBUG    _get_service_response(REQUEST|fastran_000001@fastran_driver@2|FRAMEWORK@Framework@0|108)
2025-08-15 14:03:04,629 fastran_ic_hcd_model_4 DEBUG    _get_service_response(REQUEST|fastran_000001@hcd_model@4|FRAMEWORK@Framework@0|10), response = ServiceResponseMessage(sender_id=FRAMEWORK@Framework@0, receiver_id=fastran_000001@hcd_model@4, request_msg_id=REQUEST|fastran_000001@hcd_model@4|FRAMEWORK@Framework@0|10,status=0, args=(0,), message_id=RESPONSE|FRAMEWORK@Framework@0|fastran_000001@hcd_model@4|276)
2025-08-15 14:03:04,629 fastran_ic_hcd_model_4 DEBUG    _invoke_service(): getTopic  ('_IPS_MONITOR',)
2025-08-15 14:03:04,629 fastran_ic_hcd_model_4 DEBUG    _get_service_response(REQUEST|fastran_000001@hcd_model@4|FRAMEWORK@Framework@0|11)
2025-08-15 14:03:04,640 fastran_ic_hcd_model_4 DEBUG    _get_service_response(REQUEST|fastran_000001@hcd_model@4|FRAMEWORK@Framework@0|11), response = ServiceResponseMessage(sender_id=FRAMEWORK@Framework@0, receiver_id=fastran_000001@hcd_model@4, request_msg_id=REQUEST|fastran_000001@hcd_model@4|FRAMEWORK@Framework@0|11,status=0, args=(<ipsframework.cca_es_spec.Topic object at 0x1541243ba310>,), message_id=RESPONSE|FRAMEWORK@Framework@0|fastran_000001@hcd_model@4|277)
2025-08-15 14:03:04,640 fastran_ic_hcd_model_4 DEBUG    _invoke_service(): sendEvent  ('_IPS_MONITOR', 'PORTAL_EVENT', {'sim_name': 'fastran_000001', 'real_sim_name': 'fastran_000001', 'portal_data': {'code': 'fastran_ic_hcd_model', 'eventtype': 'IPS_STAGE_STATE', 'ok': True, 'walltime': '45.35', 'time': '2025-08-15|14:03:04PDT', 'trace': {'timestamp': 1755291784566439, 'duration': 63246, 'localEndpoint': {'serviceName': 'stage_state'}, 'name': "['s000001.00001', 'g000001.00001', 'i000001.00001']", 'id': '71885aecf25d7412', 'parentId': 'a80b4d032c8fc6bf', 'tags': {}}, 'state': 'Running', 'comment': 'Elapsed time = 0.063  files = s000001.00001 g000001.00001 i000001.00001 Success'}})
2025-08-15 14:03:04,640 fastran_ic_hcd_model_4 DEBUG    _get_service_response(REQUEST|fastran_000001@hcd_model@4|FRAMEWORK@Framework@0|12)
2025-08-15 14:03:04,651 fastran_ic_hcd_model_4 DEBUG    _get_service_response(REQUEST|fastran_000001@hcd_model@4|FRAMEWORK@Framework@0|12), response = ServiceResponseMessage(sender_id=FRAMEWORK@Framework@0, receiver_id=fastran_000001@hcd_model@4, request_msg_id=REQUEST|fastran_000001@hcd_model@4|FRAMEWORK@Framework@0|12,status=0, args=(None,), message_id=RESPONSE|FRAMEWORK@Framework@0|fastran_000001@hcd_model@4|278)
2025-08-15 14:03:04,669 fastran_ic_hcd_model_4 DEBUG    _invoke_service(): getTopic  ('_IPS_MONITOR',)
2025-08-15 14:03:04,669 fastran_ic_hcd_model_4 DEBUG    _get_service_response(REQUEST|fastran_000001@hcd_model@4|FRAMEWORK@Framework@0|13)
2025-08-15 14:03:04,679 fastran_ic_hcd_model_4 DEBUG    _get_service_response(REQUEST|fastran_000001@hcd_model@4|FRAMEWORK@Framework@0|13), response = ServiceResponseMessage(sender_id=FRAMEWORK@Framework@0, receiver_id=fastran_000001@hcd_model@4, request_msg_id=REQUEST|fastran_000001@hcd_model@4|FRAMEWORK@Framework@0|13,status=0, args=(<ipsframework.cca_es_spec.Topic object at 0x1541243ba5e0>,), message_id=RESPONSE|FRAMEWORK@Framework@0|fastran_000001@hcd_model@4|279)
2025-08-15 14:03:04,680 fastran_ic_hcd_model_4 DEBUG    _invoke_service(): sendEvent  ('_IPS_MONITOR', 'PORTAL_EVENT', {'sim_name': 'fastran_000001', 'real_sim_name': 'fastran_000001', 'portal_data': {'code': 'fastran_ic_hcd_model', 'eventtype': 'IPS_STAGE_INPUTS', 'ok': True, 'walltime': '45.39', 'time': '2025-08-15|14:03:04PDT', 'trace': {'timestamp': 1755291784651201, 'duration': 18180, 'localEndpoint': {'serviceName': 'stage_input_files'}, 'name': 'inhcd', 'id': '5ee53c28a9607896', 'parentId': 'a80b4d032c8fc6bf', 'tags': {}}, 'state': 'Running', 'comment': 'Elapsed time = 0.018 Path = /global/homes/y/yashu_gh/FREDA_EP/ips-fastran/examples_new/far3d/example1/input Files = inhcd'}})
2025-08-15 14:03:04,680 fastran_ic_hcd_model_4 DEBUG    _get_service_response(REQUEST|fastran_000001@hcd_model@4|FRAMEWORK@Framework@0|14)
2025-08-15 14:03:04,690 fastran_ic_hcd_model_4 DEBUG    _get_service_response(REQUEST|fastran_000001@hcd_model@4|FRAMEWORK@Framework@0|14), response = ServiceResponseMessage(sender_id=FRAMEWORK@Framework@0, receiver_id=fastran_000001@hcd_model@4, request_msg_id=REQUEST|fastran_000001@hcd_model@4|FRAMEWORK@Framework@0|14,status=0, args=(None,), message_id=RESPONSE|FRAMEWORK@Framework@0|fastran_000001@hcd_model@4|280)
2025-08-15 14:03:04,814 fastran_ic_hcd_model_4 DEBUG    _invoke_service(): update_state  (['s000001.00001', 'g000001.00001', 'i000001.00001'], '/global/homes/y/yashu_gh/FREDA_EP/ips-fastran/examples_new/far3d/example1/SCAN/work/fastran_ic_hcd_model_4', '/global/homes/y/yashu_gh/FREDA_EP/ips-fastran/examples_new/far3d/example1/SCAN/work/plasma_state')
2025-08-15 14:03:04,814 fastran_ic_hcd_model_4 DEBUG    _get_service_response(REQUEST|fastran_000001@hcd_model@4|FRAMEWORK@Framework@0|15)
2025-08-15 14:03:04,877 fastran_ic_hcd_model_4 DEBUG    _get_service_response(REQUEST|fastran_000001@hcd_model@4|FRAMEWORK@Framework@0|15), response = ServiceResponseMessage(sender_id=FRAMEWORK@Framework@0, receiver_id=fastran_000001@hcd_model@4, request_msg_id=REQUEST|fastran_000001@hcd_model@4|FRAMEWORK@Framework@0|15,status=0, args=(0,), message_id=RESPONSE|FRAMEWORK@Framework@0|fastran_000001@hcd_model@4|282)
2025-08-15 14:03:04,877 fastran_ic_hcd_model_4 DEBUG    _invoke_service(): getTopic  ('_IPS_MONITOR',)
2025-08-15 14:03:04,877 fastran_ic_hcd_model_4 DEBUG    _get_service_response(REQUEST|fastran_000001@hcd_model@4|FRAMEWORK@Framework@0|16)
2025-08-15 14:03:04,888 fastran_ic_hcd_model_4 DEBUG    _get_service_response(REQUEST|fastran_000001@hcd_model@4|FRAMEWORK@Framework@0|16), response = ServiceResponseMessage(sender_id=FRAMEWORK@Framework@0, receiver_id=fastran_000001@hcd_model@4, request_msg_id=REQUEST|fastran_000001@hcd_model@4|FRAMEWORK@Framework@0|16,status=0, args=(<ipsframework.cca_es_spec.Topic object at 0x1541243ba1c0>,), message_id=RESPONSE|FRAMEWORK@Framework@0|fastran_000001@hcd_model@4|283)
2025-08-15 14:03:04,888 fastran_ic_hcd_model_4 DEBUG    _invoke_service(): sendEvent  ('_IPS_MONITOR', 'PORTAL_EVENT', {'sim_name': 'fastran_000001', 'real_sim_name': 'fastran_000001', 'portal_data': {'code': 'fastran_ic_hcd_model', 'eventtype': 'IPS_UPDATE_STATE', 'ok': True, 'walltime': '45.60', 'time': '2025-08-15|14:03:04PDT', 'trace': {'timestamp': 1755291784814027, 'duration': 63420, 'localEndpoint': {'serviceName': 'update_state'}, 'name': "['s000001.00001', 'g000001.00001', 'i000001.00001']", 'id': '7629e189a66153c0', 'parentId': 'a80b4d032c8fc6bf', 'tags': {}}, 'state': 'Running', 'comment': 'Elapsed time = 0.063   files = s000001.00001 g000001.00001 i000001.00001 Success'}})
2025-08-15 14:03:04,888 fastran_ic_hcd_model_4 DEBUG    _get_service_response(REQUEST|fastran_000001@hcd_model@4|FRAMEWORK@Framework@0|17)
2025-08-15 14:03:04,898 fastran_ic_hcd_model_4 DEBUG    _get_service_response(REQUEST|fastran_000001@hcd_model@4|FRAMEWORK@Framework@0|17), response = ServiceResponseMessage(sender_id=FRAMEWORK@Framework@0, receiver_id=fastran_000001@hcd_model@4, request_msg_id=REQUEST|fastran_000001@hcd_model@4|FRAMEWORK@Framework@0|17,status=0, args=(None,), message_id=RESPONSE|FRAMEWORK@Framework@0|fastran_000001@hcd_model@4|284)
2025-08-15 14:03:04,900 fastran_ic_hcd_model_4 DEBUG    _invoke_service(): getTopic  ('_IPS_MONITOR',)
2025-08-15 14:03:04,901 fastran_ic_hcd_model_4 DEBUG    _get_service_response(REQUEST|fastran_000001@hcd_model@4|FRAMEWORK@Framework@0|18)
2025-08-15 14:03:04,911 fastran_ic_hcd_model_4 DEBUG    _get_service_response(REQUEST|fastran_000001@hcd_model@4|FRAMEWORK@Framework@0|18), response = ServiceResponseMessage(sender_id=FRAMEWORK@Framework@0, receiver_id=fastran_000001@hcd_model@4, request_msg_id=REQUEST|fastran_000001@hcd_model@4|FRAMEWORK@Framework@0|18,status=0, args=(<ipsframework.cca_es_spec.Topic object at 0x1541243ba5e0>,), message_id=RESPONSE|FRAMEWORK@Framework@0|fastran_000001@hcd_model@4|285)
2025-08-15 14:03:04,911 fastran_ic_hcd_model_4 DEBUG    _invoke_service(): sendEvent  ('_IPS_MONITOR', 'PORTAL_EVENT', {'sim_name': 'fastran_000001', 'real_sim_name': 'fastran_000001', 'portal_data': {'code': 'fastran_ic_hcd_model', 'eventtype': 'IPS_STAGE_OUTPUTS', 'ok': True, 'walltime': '45.62', 'time': '2025-08-15|14:03:04PDT', 'trace': {'timestamp': 1755291784898822, 'duration': 2118, 'localEndpoint': {'serviceName': 'stage_output_files'}, 'name': '[]', 'id': 'ed019efe11be26d9', 'parentId': 'a80b4d032c8fc6bf', 'tags': {}}, 'state': 'Running', 'comment': 'Elapsed time = 0.002 Path = /global/homes/y/yashu_gh/FREDA_EP/ips-fastran/examples_new/far3d/example1/SCAN/simulation_results/preprocess_1/components/fastran_ic_hcd_model_4 Files = []'}})
2025-08-15 14:03:04,911 fastran_ic_hcd_model_4 DEBUG    _get_service_response(REQUEST|fastran_000001@hcd_model@4|FRAMEWORK@Framework@0|19)
2025-08-15 14:03:04,922 fastran_ic_hcd_model_4 DEBUG    _get_service_response(REQUEST|fastran_000001@hcd_model@4|FRAMEWORK@Framework@0|19), response = ServiceResponseMessage(sender_id=FRAMEWORK@Framework@0, receiver_id=fastran_000001@hcd_model@4, request_msg_id=REQUEST|fastran_000001@hcd_model@4|FRAMEWORK@Framework@0|19,status=0, args=(None,), message_id=RESPONSE|FRAMEWORK@Framework@0|fastran_000001@hcd_model@4|286)
2025-08-15 14:03:04,933 fastran_driver_fastran_driver_2 DEBUG    _get_service_response(REQUEST|fastran_000001@fastran_driver@2|FRAMEWORK@Framework@0|108), response = ServiceResponseMessage(sender_id=FRAMEWORK@Framework@0, receiver_id=fastran_000001@fastran_driver@2, request_msg_id=REQUEST|fastran_000001@fastran_driver@2|FRAMEWORK@Framework@0|108,status=0, args=((None,),), message_id=RESPONSE|FRAMEWORK@Framework@0|fastran_000001@fastran_driver@2|287)
2025-08-15 14:03:04,933 fastran_driver_fastran_driver_2 DEBUG    _invoke_service(): getTopic  ('_IPS_MONITOR',)
2025-08-15 14:03:04,933 fastran_driver_fastran_driver_2 DEBUG    _get_service_response(REQUEST|fastran_000001@fastran_driver@2|FRAMEWORK@Framework@0|109)
2025-08-15 14:03:04,944 fastran_driver_fastran_driver_2 DEBUG    _get_service_response(REQUEST|fastran_000001@fastran_driver@2|FRAMEWORK@Framework@0|109), response = ServiceResponseMessage(sender_id=FRAMEWORK@Framework@0, receiver_id=fastran_000001@fastran_driver@2, request_msg_id=REQUEST|fastran_000001@fastran_driver@2|FRAMEWORK@Framework@0|109,status=0, args=(<ipsframework.cca_es_spec.Topic object at 0x15412441ce20>,), message_id=RESPONSE|FRAMEWORK@Framework@0|fastran_000001@fastran_driver@2|288)
2025-08-15 14:03:04,944 fastran_driver_fastran_driver_2 DEBUG    _invoke_service(): sendEvent  ('_IPS_MONITOR', 'PORTAL_EVENT', {'sim_name': 'fastran_000001', 'real_sim_name': 'fastran_000001', 'portal_data': {'code': 'fastran_driver_fastran_driver', 'eventtype': 'IPS_CALL_END', 'ok': True, 'walltime': '45.65', 'time': '2025-08-15|14:03:04PDT', 'trace': {'timestamp': 1755291784575629, 'duration': 357674, 'localEndpoint': {'serviceName': 'fastran_000001@hcd_model@4'}, 'name': 'step(preprocess_1)', 'id': 'a80b4d032c8fc6bf', 'parentId': '15e0663de819b9fa', 'tags': {}}, 'state': 'Running', 'comment': 'Target = fastran_000001@hcd_model@4:step(preprocess_1)'}})
2025-08-15 14:03:04,944 fastran_driver_fastran_driver_2 DEBUG    _get_service_response(REQUEST|fastran_000001@fastran_driver@2|FRAMEWORK@Framework@0|110)
2025-08-15 14:03:04,955 fastran_driver_fastran_driver_2 DEBUG    _get_service_response(REQUEST|fastran_000001@fastran_driver@2|FRAMEWORK@Framework@0|110), response = ServiceResponseMessage(sender_id=FRAMEWORK@Framework@0, receiver_id=fastran_000001@fastran_driver@2, request_msg_id=REQUEST|fastran_000001@fastran_driver@2|FRAMEWORK@Framework@0|110,status=0, args=(None,), message_id=RESPONSE|FRAMEWORK@Framework@0|fastran_000001@fastran_driver@2|289)
2025-08-15 14:03:04,957 fastran_driver_fastran_driver_2 DEBUG    _invoke_service(): getTopic  ('_IPS_MONITOR',)
2025-08-15 14:03:04,957 fastran_driver_fastran_driver_2 DEBUG    _get_service_response(REQUEST|fastran_000001@fastran_driver@2|FRAMEWORK@Framework@0|111)
2025-08-15 14:03:04,967 fastran_driver_fastran_driver_2 DEBUG    _get_service_response(REQUEST|fastran_000001@fastran_driver@2|FRAMEWORK@Framework@0|111), response = ServiceResponseMessage(sender_id=FRAMEWORK@Framework@0, receiver_id=fastran_000001@fastran_driver@2, request_msg_id=REQUEST|fastran_000001@fastran_driver@2|FRAMEWORK@Framework@0|111,status=0, args=(<ipsframework.cca_es_spec.Topic object at 0x15412441ce80>,), message_id=RESPONSE|FRAMEWORK@Framework@0|fastran_000001@fastran_driver@2|290)
2025-08-15 14:03:04,967 fastran_driver_fastran_driver_2 DEBUG    _invoke_service(): sendEvent  ('_IPS_MONITOR', 'PORTAL_EVENT', {'sim_name': 'fastran_000001', 'real_sim_name': 'fastran_000001', 'portal_data': {'code': 'fastran_driver_fastran_driver', 'eventtype': 'IPS_CALL_BEGIN', 'ok': True, 'walltime': '45.68', 'time': '2025-08-15|14:03:04PDT', 'state': 'Running', 'comment': 'Target = fastran_000001@fastran@5:step(preprocess_1)'}})
2025-08-15 14:03:04,968 fastran_driver_fastran_driver_2 DEBUG    _get_service_response(REQUEST|fastran_000001@fastran_driver@2|FRAMEWORK@Framework@0|112)
2025-08-15 14:03:04,978 fastran_driver_fastran_driver_2 DEBUG    _get_service_response(REQUEST|fastran_000001@fastran_driver@2|FRAMEWORK@Framework@0|112), response = ServiceResponseMessage(sender_id=FRAMEWORK@Framework@0, receiver_id=fastran_000001@fastran_driver@2, request_msg_id=REQUEST|fastran_000001@fastran_driver@2|FRAMEWORK@Framework@0|112,status=0, args=(None,), message_id=RESPONSE|FRAMEWORK@Framework@0|fastran_000001@fastran_driver@2|291)
2025-08-15 14:03:04,978 fastran_driver_fastran_driver_2 DEBUG    _invoke_service(): init_call  ('step', 'preprocess_1')
2025-08-15 14:03:04,978 fastran_driver_fastran_driver_2 DEBUG    _get_service_response(REQUEST|fastran_000001@fastran_driver@2|FRAMEWORK@Framework@0|113)
2025-08-15 14:03:04,979 fastran_tr0_fastran_5 DEBUG    Received Message 
2025-08-15 14:03:04,979 fastran_tr0_fastran_5 DEBUG    Calling method step(preprocess_1)
2025-08-15 14:03:04,980 fastran_tr0_fastran_5 DEBUG    _invoke_service(): stage_state  (['s000001.00001', 'g000001.00001', 'i000001.00001'], '/global/homes/y/yashu_gh/FREDA_EP/ips-fastran/examples_new/far3d/example1/SCAN/work/plasma_state', '/global/homes/y/yashu_gh/FREDA_EP/ips-fastran/examples_new/far3d/example1/SCAN/work/fastran_tr0_fastran_5')
2025-08-15 14:03:04,981 fastran_tr0_fastran_5 DEBUG    _get_service_response(REQUEST|fastran_000001@fastran@5|FRAMEWORK@Framework@0|16)
2025-08-15 14:03:04,989 fastran_driver_fastran_driver_2 DEBUG    _get_service_response(REQUEST|fastran_000001@fastran_driver@2|FRAMEWORK@Framework@0|113), response = ServiceResponseMessage(sender_id=FRAMEWORK@Framework@0, receiver_id=fastran_000001@fastran_driver@2, request_msg_id=REQUEST|fastran_000001@fastran_driver@2|FRAMEWORK@Framework@0|113,status=0, args=(25,), message_id=RESPONSE|FRAMEWORK@Framework@0|fastran_000001@fastran_driver@2|292)
2025-08-15 14:03:04,989 fastran_driver_fastran_driver_2 DEBUG    _invoke_service(): wait_call  (25, True)
2025-08-15 14:03:04,989 fastran_driver_fastran_driver_2 DEBUG    _get_service_response(REQUEST|fastran_000001@fastran_driver@2|FRAMEWORK@Framework@0|114)
2025-08-15 14:03:05,040 fastran_tr0_fastran_5 DEBUG    _get_service_response(REQUEST|fastran_000001@fastran@5|FRAMEWORK@Framework@0|16), response = ServiceResponseMessage(sender_id=FRAMEWORK@Framework@0, receiver_id=fastran_000001@fastran@5, request_msg_id=REQUEST|fastran_000001@fastran@5|FRAMEWORK@Framework@0|16,status=0, args=(0,), message_id=RESPONSE|FRAMEWORK@Framework@0|fastran_000001@fastran@5|293)
2025-08-15 14:03:05,041 fastran_tr0_fastran_5 DEBUG    _invoke_service(): getTopic  ('_IPS_MONITOR',)
2025-08-15 14:03:05,041 fastran_tr0_fastran_5 DEBUG    _get_service_response(REQUEST|fastran_000001@fastran@5|FRAMEWORK@Framework@0|17)
2025-08-15 14:03:05,051 fastran_tr0_fastran_5 DEBUG    _get_service_response(REQUEST|fastran_000001@fastran@5|FRAMEWORK@Framework@0|17), response = ServiceResponseMessage(sender_id=FRAMEWORK@Framework@0, receiver_id=fastran_000001@fastran@5, request_msg_id=REQUEST|fastran_000001@fastran@5|FRAMEWORK@Framework@0|17,status=0, args=(<ipsframework.cca_es_spec.Topic object at 0x1541243b7dc0>,), message_id=RESPONSE|FRAMEWORK@Framework@0|fastran_000001@fastran@5|294)
2025-08-15 14:03:05,051 fastran_tr0_fastran_5 DEBUG    _invoke_service(): sendEvent  ('_IPS_MONITOR', 'PORTAL_EVENT', {'sim_name': 'fastran_000001', 'real_sim_name': 'fastran_000001', 'portal_data': {'code': 'fastran_tr0_fastran', 'eventtype': 'IPS_STAGE_STATE', 'ok': True, 'walltime': '45.76', 'time': '2025-08-15|14:03:05PDT', 'trace': {'timestamp': 1755291784980807, 'duration': 60109, 'localEndpoint': {'serviceName': 'stage_state'}, 'name': "['s000001.00001', 'g000001.00001', 'i000001.00001']", 'id': '71885aecf25d7412', 'parentId': '5f1e6f4c9d246e60', 'tags': {}}, 'state': 'Running', 'comment': 'Elapsed time = 0.060  files = s000001.00001 g000001.00001 i000001.00001 Success'}})
2025-08-15 14:03:05,052 fastran_tr0_fastran_5 DEBUG    _get_service_response(REQUEST|fastran_000001@fastran@5|FRAMEWORK@Framework@0|18)
2025-08-15 14:03:05,062 fastran_tr0_fastran_5 DEBUG    _get_service_response(REQUEST|fastran_000001@fastran@5|FRAMEWORK@Framework@0|18), response = ServiceResponseMessage(sender_id=FRAMEWORK@Framework@0, receiver_id=fastran_000001@fastran@5, request_msg_id=REQUEST|fastran_000001@fastran@5|FRAMEWORK@Framework@0|18,status=0, args=(None,), message_id=RESPONSE|FRAMEWORK@Framework@0|fastran_000001@fastran@5|295)
2025-08-15 14:03:05,102 fastran_tr0_fastran_5 DEBUG    _invoke_service(): getTopic  ('_IPS_MONITOR',)
2025-08-15 14:03:05,102 fastran_tr0_fastran_5 DEBUG    _get_service_response(REQUEST|fastran_000001@fastran@5|FRAMEWORK@Framework@0|19)
2025-08-15 14:03:05,112 fastran_tr0_fastran_5 DEBUG    _get_service_response(REQUEST|fastran_000001@fastran@5|FRAMEWORK@Framework@0|19), response = ServiceResponseMessage(sender_id=FRAMEWORK@Framework@0, receiver_id=fastran_000001@fastran@5, request_msg_id=REQUEST|fastran_000001@fastran@5|FRAMEWORK@Framework@0|19,status=0, args=(<ipsframework.cca_es_spec.Topic object at 0x154124367160>,), message_id=RESPONSE|FRAMEWORK@Framework@0|fastran_000001@fastran@5|296)
2025-08-15 14:03:05,112 fastran_tr0_fastran_5 DEBUG    _invoke_service(): sendEvent  ('_IPS_MONITOR', 'PORTAL_EVENT', {'sim_name': 'fastran_000001', 'real_sim_name': 'fastran_000001', 'portal_data': {'code': 'fastran_tr0_fastran', 'eventtype': 'IPS_STAGE_INPUTS', 'ok': True, 'walltime': '45.82', 'time': '2025-08-15|14:03:05PDT', 'trace': {'timestamp': 1755291785065271, 'duration': 36883, 'localEndpoint': {'serviceName': 'stage_input_files'}, 'name': 'infastran0 intglf', 'id': 'dca1af508bf5af99', 'parentId': '5f1e6f4c9d246e60', 'tags': {}}, 'state': 'Running', 'comment': 'Elapsed time = 0.037 Path = /global/homes/y/yashu_gh/FREDA_EP/ips-fastran/examples_new/far3d/example1/input Files = infastran0 intglf'}})
2025-08-15 14:03:05,112 fastran_tr0_fastran_5 DEBUG    _get_service_response(REQUEST|fastran_000001@fastran@5|FRAMEWORK@Framework@0|20)
2025-08-15 14:03:05,123 fastran_tr0_fastran_5 DEBUG    _get_service_response(REQUEST|fastran_000001@fastran@5|FRAMEWORK@Framework@0|20), response = ServiceResponseMessage(sender_id=FRAMEWORK@Framework@0, receiver_id=fastran_000001@fastran@5, request_msg_id=REQUEST|fastran_000001@fastran@5|FRAMEWORK@Framework@0|20,status=0, args=(None,), message_id=RESPONSE|FRAMEWORK@Framework@0|fastran_000001@fastran@5|297)
2025-08-15 14:03:05,278 fastran_tr0_fastran_5 DEBUG    _invoke_service(): init_task  (TaskInit(nproc=1, binary='/global/common/software/atom/perlmutter/binaries/fastran/default/xfastran_ver1.06', working_dir='/global/homes/y/yashu_gh/FREDA_EP/ips-fastran/examples_new/far3d/example1/SCAN/work/fastran_tr0_fastran_5', tppn=0, tcpp=0, tgpp=0, block=True, omp=False, wnodes=True, wsocks=True, cmd_args=('1', '1')),)
2025-08-15 14:03:05,278 fastran_tr0_fastran_5 DEBUG    _get_service_response(REQUEST|fastran_000001@fastran@5|FRAMEWORK@Framework@0|21)
2025-08-15 14:03:05,289 fastran_tr0_fastran_5 DEBUG    _get_service_response(REQUEST|fastran_000001@fastran@5|FRAMEWORK@Framework@0|21), response = ServiceResponseMessage(sender_id=FRAMEWORK@Framework@0, receiver_id=fastran_000001@fastran@5, request_msg_id=REQUEST|fastran_000001@fastran@5|FRAMEWORK@Framework@0|21,status=0, args=((3, 'srun -N 1 -n 1 -c 128 --threads-per-core=1 --cpu-bind=cores /global/common/software/atom/perlmutter/binaries/fastran/default/xfastran_ver1.06 1 1', None, 128),), message_id=RESPONSE|FRAMEWORK@Framework@0|fastran_000001@fastran@5|299)
2025-08-15 14:03:05,291 fastran_tr0_fastran_5 DEBUG    Launching command : srun -N 1 -n 1 -c 128 --threads-per-core=1 --cpu-bind=cores /global/common/software/atom/perlmutter/binaries/fastran/default/xfastran_ver1.06 1 1
2025-08-15 14:03:05,311 fastran_tr0_fastran_5 DEBUG    _invoke_service(): getTopic  ('_IPS_MONITOR',)
2025-08-15 14:03:05,311 fastran_tr0_fastran_5 DEBUG    _get_service_response(REQUEST|fastran_000001@fastran@5|FRAMEWORK@Framework@0|22)
2025-08-15 14:03:05,322 fastran_tr0_fastran_5 DEBUG    _get_service_response(REQUEST|fastran_000001@fastran@5|FRAMEWORK@Framework@0|22), response = ServiceResponseMessage(sender_id=FRAMEWORK@Framework@0, receiver_id=fastran_000001@fastran@5, request_msg_id=REQUEST|fastran_000001@fastran@5|FRAMEWORK@Framework@0|22,status=0, args=(<ipsframework.cca_es_spec.Topic object at 0x154124367310>,), message_id=RESPONSE|FRAMEWORK@Framework@0|fastran_000001@fastran@5|300)
2025-08-15 14:03:05,322 fastran_tr0_fastran_5 DEBUG    _invoke_service(): sendEvent  ('_IPS_MONITOR', 'PORTAL_EVENT', {'sim_name': 'fastran_000001', 'real_sim_name': 'fastran_000001', 'portal_data': {'code': 'fastran_tr0_fastran', 'eventtype': 'IPS_LAUNCH_TASK', 'ok': True, 'walltime': '46.03', 'time': '2025-08-15|14:03:05PDT', 'state': 'Running', 'comment': 'task_id = 3 , Tag = None , nproc = 1 , Target = srun -N 1 -n 1 -c 128 --threads-per-core=1 --cpu-bind=cores /global/common/software/atom/perlmutter/binaries/fastran/default/xfastran_ver1.06 1 1'}})
2025-08-15 14:03:05,322 fastran_tr0_fastran_5 DEBUG    _get_service_response(REQUEST|fastran_000001@fastran@5|FRAMEWORK@Framework@0|23)
2025-08-15 14:03:05,332 fastran_tr0_fastran_5 DEBUG    _get_service_response(REQUEST|fastran_000001@fastran@5|FRAMEWORK@Framework@0|23), response = ServiceResponseMessage(sender_id=FRAMEWORK@Framework@0, receiver_id=fastran_000001@fastran@5, request_msg_id=REQUEST|fastran_000001@fastran@5|FRAMEWORK@Framework@0|23,status=0, args=(None,), message_id=RESPONSE|FRAMEWORK@Framework@0|fastran_000001@fastran@5|301)
2025-08-15 14:03:05,694 fastran_tr0_fastran_5 DEBUG    _invoke_service(): getTopic  ('_IPS_MONITOR',)
2025-08-15 14:03:05,694 fastran_tr0_fastran_5 DEBUG    _get_service_response(REQUEST|fastran_000001@fastran@5|FRAMEWORK@Framework@0|24)
2025-08-15 14:03:05,705 fastran_tr0_fastran_5 DEBUG    _get_service_response(REQUEST|fastran_000001@fastran@5|FRAMEWORK@Framework@0|24), response = ServiceResponseMessage(sender_id=FRAMEWORK@Framework@0, receiver_id=fastran_000001@fastran@5, request_msg_id=REQUEST|fastran_000001@fastran@5|FRAMEWORK@Framework@0|24,status=0, args=(<ipsframework.cca_es_spec.Topic object at 0x154124367340>,), message_id=RESPONSE|FRAMEWORK@Framework@0|fastran_000001@fastran@5|302)
2025-08-15 14:03:05,705 fastran_tr0_fastran_5 DEBUG    _invoke_service(): sendEvent  ('_IPS_MONITOR', 'PORTAL_EVENT', {'sim_name': 'fastran_000001', 'real_sim_name': 'fastran_000001', 'portal_data': {'code': 'fastran_tr0_fastran', 'eventtype': 'IPS_TASK_END', 'ok': True, 'walltime': '46.41', 'time': '2025-08-15|14:03:05PDT', 'trace': {'timestamp': 1755291785310622, 'duration': 383966, 'localEndpoint': {'serviceName': '/global/common/software/atom/perlmutter/binaries/fastran/default/xfastran_ver1.06'}, 'name': '1 1', 'id': '6b0b0e0917036082', 'parentId': '5f1e6f4c9d246e60', 'tags': {'procs_requested': '1', 'cores_allocated': '128'}}, 'state': 'Running', 'comment': 'task_id = 3  elapsed time = 0.38 S'}})
2025-08-15 14:03:05,706 fastran_tr0_fastran_5 DEBUG    _get_service_response(REQUEST|fastran_000001@fastran@5|FRAMEWORK@Framework@0|25)
2025-08-15 14:03:05,716 fastran_tr0_fastran_5 DEBUG    _get_service_response(REQUEST|fastran_000001@fastran@5|FRAMEWORK@Framework@0|25), response = ServiceResponseMessage(sender_id=FRAMEWORK@Framework@0, receiver_id=fastran_000001@fastran@5, request_msg_id=REQUEST|fastran_000001@fastran@5|FRAMEWORK@Framework@0|25,status=0, args=(None,), message_id=RESPONSE|FRAMEWORK@Framework@0|fastran_000001@fastran@5|303)
2025-08-15 14:03:05,716 fastran_tr0_fastran_5 DEBUG    _invoke_service(): finish_task  (3, 0)
2025-08-15 14:03:05,717 fastran_tr0_fastran_5 DEBUG    _get_service_response(REQUEST|fastran_000001@fastran@5|FRAMEWORK@Framework@0|26)
2025-08-15 14:03:05,728 fastran_tr0_fastran_5 DEBUG    _get_service_response(REQUEST|fastran_000001@fastran@5|FRAMEWORK@Framework@0|26), response = ServiceResponseMessage(sender_id=FRAMEWORK@Framework@0, receiver_id=fastran_000001@fastran@5, request_msg_id=REQUEST|fastran_000001@fastran@5|FRAMEWORK@Framework@0|26,status=0, args=(0,), message_id=RESPONSE|FRAMEWORK@Framework@0|fastran_000001@fastran@5|304)
2025-08-15 14:03:05,920 fastran_tr0_fastran_5 DEBUG    _invoke_service(): update_state  (['s000001.00001', 'g000001.00001', 'i000001.00001'], '/global/homes/y/yashu_gh/FREDA_EP/ips-fastran/examples_new/far3d/example1/SCAN/work/fastran_tr0_fastran_5', '/global/homes/y/yashu_gh/FREDA_EP/ips-fastran/examples_new/far3d/example1/SCAN/work/plasma_state')
2025-08-15 14:03:05,920 fastran_tr0_fastran_5 DEBUG    _get_service_response(REQUEST|fastran_000001@fastran@5|FRAMEWORK@Framework@0|27)
2025-08-15 14:03:05,975 fastran_tr0_fastran_5 DEBUG    _get_service_response(REQUEST|fastran_000001@fastran@5|FRAMEWORK@Framework@0|27), response = ServiceResponseMessage(sender_id=FRAMEWORK@Framework@0, receiver_id=fastran_000001@fastran@5, request_msg_id=REQUEST|fastran_000001@fastran@5|FRAMEWORK@Framework@0|27,status=0, args=(0,), message_id=RESPONSE|FRAMEWORK@Framework@0|fastran_000001@fastran@5|306)
2025-08-15 14:03:05,975 fastran_tr0_fastran_5 DEBUG    _invoke_service(): getTopic  ('_IPS_MONITOR',)
2025-08-15 14:03:05,975 fastran_tr0_fastran_5 DEBUG    _get_service_response(REQUEST|fastran_000001@fastran@5|FRAMEWORK@Framework@0|28)
2025-08-15 14:03:05,986 fastran_tr0_fastran_5 DEBUG    _get_service_response(REQUEST|fastran_000001@fastran@5|FRAMEWORK@Framework@0|28), response = ServiceResponseMessage(sender_id=FRAMEWORK@Framework@0, receiver_id=fastran_000001@fastran@5, request_msg_id=REQUEST|fastran_000001@fastran@5|FRAMEWORK@Framework@0|28,status=0, args=(<ipsframework.cca_es_spec.Topic object at 0x154124367940>,), message_id=RESPONSE|FRAMEWORK@Framework@0|fastran_000001@fastran@5|307)
2025-08-15 14:03:05,986 fastran_tr0_fastran_5 DEBUG    _invoke_service(): sendEvent  ('_IPS_MONITOR', 'PORTAL_EVENT', {'sim_name': 'fastran_000001', 'real_sim_name': 'fastran_000001', 'portal_data': {'code': 'fastran_tr0_fastran', 'eventtype': 'IPS_UPDATE_STATE', 'ok': True, 'walltime': '46.70', 'time': '2025-08-15|14:03:05PDT', 'trace': {'timestamp': 1755291785920473, 'duration': 55240, 'localEndpoint': {'serviceName': 'update_state'}, 'name': "['s000001.00001', 'g000001.00001', 'i000001.00001']", 'id': '7629e189a66153c0', 'parentId': '5f1e6f4c9d246e60', 'tags': {}}, 'state': 'Running', 'comment': 'Elapsed time = 0.055   files = s000001.00001 g000001.00001 i000001.00001 Success'}})
2025-08-15 14:03:05,986 fastran_tr0_fastran_5 DEBUG    _get_service_response(REQUEST|fastran_000001@fastran@5|FRAMEWORK@Framework@0|29)
2025-08-15 14:03:05,997 fastran_tr0_fastran_5 DEBUG    _get_service_response(REQUEST|fastran_000001@fastran@5|FRAMEWORK@Framework@0|29), response = ServiceResponseMessage(sender_id=FRAMEWORK@Framework@0, receiver_id=fastran_000001@fastran@5, request_msg_id=REQUEST|fastran_000001@fastran@5|FRAMEWORK@Framework@0|29,status=0, args=(None,), message_id=RESPONSE|FRAMEWORK@Framework@0|fastran_000001@fastran@5|308)
2025-08-15 14:03:06,183 fastran_tr0_fastran_5 DEBUG    _invoke_service(): getTopic  ('_IPS_MONITOR',)
2025-08-15 14:03:06,183 fastran_tr0_fastran_5 DEBUG    _get_service_response(REQUEST|fastran_000001@fastran@5|FRAMEWORK@Framework@0|30)
2025-08-15 14:03:06,194 fastran_tr0_fastran_5 DEBUG    _get_service_response(REQUEST|fastran_000001@fastran@5|FRAMEWORK@Framework@0|30), response = ServiceResponseMessage(sender_id=FRAMEWORK@Framework@0, receiver_id=fastran_000001@fastran@5, request_msg_id=REQUEST|fastran_000001@fastran@5|FRAMEWORK@Framework@0|30,status=0, args=(<ipsframework.cca_es_spec.Topic object at 0x154124367a90>,), message_id=RESPONSE|FRAMEWORK@Framework@0|fastran_000001@fastran@5|309)
2025-08-15 14:03:06,194 fastran_tr0_fastran_5 DEBUG    _invoke_service(): sendEvent  ('_IPS_MONITOR', 'PORTAL_EVENT', {'sim_name': 'fastran_000001', 'real_sim_name': 'fastran_000001', 'portal_data': {'code': 'fastran_tr0_fastran', 'eventtype': 'IPS_STAGE_OUTPUTS', 'ok': True, 'walltime': '46.90', 'time': '2025-08-15|14:03:06PDT', 'trace': {'timestamp': 1755291785997125, 'duration': 185980, 'localEndpoint': {'serviceName': 'stage_output_files'}, 'name': "['fastran.nc', 'inprof', 'inmetric', 'infastran', 'intglf', 'xfastran.log', 'i000001.00001']", 'id': '7349cfaaafc33980', 'parentId': '5f1e6f4c9d246e60', 'tags': {}}, 'state': 'Running', 'comment': "Elapsed time = 0.186 Path = /global/homes/y/yashu_gh/FREDA_EP/ips-fastran/examples_new/far3d/example1/SCAN/simulation_results/preprocess_1/components/fastran_tr0_fastran_5 Files = ['fastran.nc', 'inprof', 'inmetric', 'infastran', 'intglf', 'xfastran.log', 'i000001.00001']"}})
2025-08-15 14:03:06,194 fastran_tr0_fastran_5 DEBUG    _get_service_response(REQUEST|fastran_000001@fastran@5|FRAMEWORK@Framework@0|31)
2025-08-15 14:03:06,205 fastran_tr0_fastran_5 DEBUG    _get_service_response(REQUEST|fastran_000001@fastran@5|FRAMEWORK@Framework@0|31), response = ServiceResponseMessage(sender_id=FRAMEWORK@Framework@0, receiver_id=fastran_000001@fastran@5, request_msg_id=REQUEST|fastran_000001@fastran@5|FRAMEWORK@Framework@0|31,status=0, args=(None,), message_id=RESPONSE|FRAMEWORK@Framework@0|fastran_000001@fastran@5|310)
2025-08-15 14:03:06,215 fastran_driver_fastran_driver_2 DEBUG    _get_service_response(REQUEST|fastran_000001@fastran_driver@2|FRAMEWORK@Framework@0|114), response = ServiceResponseMessage(sender_id=FRAMEWORK@Framework@0, receiver_id=fastran_000001@fastran_driver@2, request_msg_id=REQUEST|fastran_000001@fastran_driver@2|FRAMEWORK@Framework@0|114,status=0, args=((None,),), message_id=RESPONSE|FRAMEWORK@Framework@0|fastran_000001@fastran_driver@2|311)
2025-08-15 14:03:06,216 fastran_driver_fastran_driver_2 DEBUG    _invoke_service(): getTopic  ('_IPS_MONITOR',)
2025-08-15 14:03:06,216 fastran_driver_fastran_driver_2 DEBUG    _get_service_response(REQUEST|fastran_000001@fastran_driver@2|FRAMEWORK@Framework@0|115)
2025-08-15 14:03:06,227 fastran_driver_fastran_driver_2 DEBUG    _get_service_response(REQUEST|fastran_000001@fastran_driver@2|FRAMEWORK@Framework@0|115), response = ServiceResponseMessage(sender_id=FRAMEWORK@Framework@0, receiver_id=fastran_000001@fastran_driver@2, request_msg_id=REQUEST|fastran_000001@fastran_driver@2|FRAMEWORK@Framework@0|115,status=0, args=(<ipsframework.cca_es_spec.Topic object at 0x15412441ce20>,), message_id=RESPONSE|FRAMEWORK@Framework@0|fastran_000001@fastran_driver@2|312)
2025-08-15 14:03:06,227 fastran_driver_fastran_driver_2 DEBUG    _invoke_service(): sendEvent  ('_IPS_MONITOR', 'PORTAL_EVENT', {'sim_name': 'fastran_000001', 'real_sim_name': 'fastran_000001', 'portal_data': {'code': 'fastran_driver_fastran_driver', 'eventtype': 'IPS_CALL_END', 'ok': True, 'walltime': '46.94', 'time': '2025-08-15|14:03:06PDT', 'trace': {'timestamp': 1755291784989851, 'duration': 1226163, 'localEndpoint': {'serviceName': 'fastran_000001@fastran@5'}, 'name': 'step(preprocess_1)', 'id': '5f1e6f4c9d246e60', 'parentId': '15e0663de819b9fa', 'tags': {}}, 'state': 'Running', 'comment': 'Target = fastran_000001@fastran@5:step(preprocess_1)'}})
2025-08-15 14:03:06,227 fastran_driver_fastran_driver_2 DEBUG    _get_service_response(REQUEST|fastran_000001@fastran_driver@2|FRAMEWORK@Framework@0|116)
2025-08-15 14:03:06,238 fastran_driver_fastran_driver_2 DEBUG    _get_service_response(REQUEST|fastran_000001@fastran_driver@2|FRAMEWORK@Framework@0|116), response = ServiceResponseMessage(sender_id=FRAMEWORK@Framework@0, receiver_id=fastran_000001@fastran_driver@2, request_msg_id=REQUEST|fastran_000001@fastran_driver@2|FRAMEWORK@Framework@0|116,status=0, args=(None,), message_id=RESPONSE|FRAMEWORK@Framework@0|fastran_000001@fastran_driver@2|313)
2025-08-15 14:03:06,239 fastran_driver_fastran_driver_2 DEBUG    _invoke_service(): getTopic  ('_IPS_MONITOR',)
2025-08-15 14:03:06,239 fastran_driver_fastran_driver_2 DEBUG    _get_service_response(REQUEST|fastran_000001@fastran_driver@2|FRAMEWORK@Framework@0|117)
2025-08-15 14:03:06,250 fastran_driver_fastran_driver_2 DEBUG    _get_service_response(REQUEST|fastran_000001@fastran_driver@2|FRAMEWORK@Framework@0|117), response = ServiceResponseMessage(sender_id=FRAMEWORK@Framework@0, receiver_id=fastran_000001@fastran_driver@2, request_msg_id=REQUEST|fastran_000001@fastran_driver@2|FRAMEWORK@Framework@0|117,status=0, args=(<ipsframework.cca_es_spec.Topic object at 0x15412441ce50>,), message_id=RESPONSE|FRAMEWORK@Framework@0|fastran_000001@fastran_driver@2|314)
2025-08-15 14:03:06,250 fastran_driver_fastran_driver_2 DEBUG    _invoke_service(): sendEvent  ('_IPS_MONITOR', 'PORTAL_EVENT', {'sim_name': 'fastran_000001', 'real_sim_name': 'fastran_000001', 'portal_data': {'code': 'fastran_driver_fastran_driver', 'eventtype': 'IPS_CALL_BEGIN', 'ok': True, 'walltime': '46.96', 'time': '2025-08-15|14:03:06PDT', 'state': 'Running', 'comment': 'Target = fastran_000001@modeleq_constraint@6:step(preprocess_1)'}})
2025-08-15 14:03:06,250 fastran_driver_fastran_driver_2 DEBUG    _get_service_response(REQUEST|fastran_000001@fastran_driver@2|FRAMEWORK@Framework@0|118)
2025-08-15 14:03:06,261 fastran_driver_fastran_driver_2 DEBUG    _get_service_response(REQUEST|fastran_000001@fastran_driver@2|FRAMEWORK@Framework@0|118), response = ServiceResponseMessage(sender_id=FRAMEWORK@Framework@0, receiver_id=fastran_000001@fastran_driver@2, request_msg_id=REQUEST|fastran_000001@fastran_driver@2|FRAMEWORK@Framework@0|118,status=0, args=(None,), message_id=RESPONSE|FRAMEWORK@Framework@0|fastran_000001@fastran_driver@2|315)
2025-08-15 14:03:06,261 fastran_driver_fastran_driver_2 DEBUG    _invoke_service(): init_call  ('step', 'preprocess_1')
2025-08-15 14:03:06,261 fastran_driver_fastran_driver_2 DEBUG    _get_service_response(REQUEST|fastran_000001@fastran_driver@2|FRAMEWORK@Framework@0|119)
2025-08-15 14:03:06,262 fastran__modeleq_constraint_6 DEBUG    Received Message 
2025-08-15 14:03:06,262 fastran__modeleq_constraint_6 DEBUG    Calling method step(preprocess_1)
2025-08-15 14:03:06,263 fastran__modeleq_constraint_6 DEBUG    _invoke_service(): stage_state  (['s000001.00001', 'g000001.00001', 'i000001.00001'], '/global/homes/y/yashu_gh/FREDA_EP/ips-fastran/examples_new/far3d/example1/SCAN/work/plasma_state', '/global/homes/y/yashu_gh/FREDA_EP/ips-fastran/examples_new/far3d/example1/SCAN/work/fastran__modeleq_constraint_6')
2025-08-15 14:03:06,263 fastran__modeleq_constraint_6 DEBUG    _get_service_response(REQUEST|fastran_000001@modeleq_constraint@6|FRAMEWORK@Framework@0|8)
2025-08-15 14:03:06,272 fastran_driver_fastran_driver_2 DEBUG    _get_service_response(REQUEST|fastran_000001@fastran_driver@2|FRAMEWORK@Framework@0|119), response = ServiceResponseMessage(sender_id=FRAMEWORK@Framework@0, receiver_id=fastran_000001@fastran_driver@2, request_msg_id=REQUEST|fastran_000001@fastran_driver@2|FRAMEWORK@Framework@0|119,status=0, args=(26,), message_id=RESPONSE|FRAMEWORK@Framework@0|fastran_000001@fastran_driver@2|316)
2025-08-15 14:03:06,272 fastran_driver_fastran_driver_2 DEBUG    _invoke_service(): wait_call  (26, True)
2025-08-15 14:03:06,272 fastran_driver_fastran_driver_2 DEBUG    _get_service_response(REQUEST|fastran_000001@fastran_driver@2|FRAMEWORK@Framework@0|120)
2025-08-15 14:03:06,362 fastran__modeleq_constraint_6 DEBUG    _get_service_response(REQUEST|fastran_000001@modeleq_constraint@6|FRAMEWORK@Framework@0|8), response = ServiceResponseMessage(sender_id=FRAMEWORK@Framework@0, receiver_id=fastran_000001@modeleq_constraint@6, request_msg_id=REQUEST|fastran_000001@modeleq_constraint@6|FRAMEWORK@Framework@0|8,status=0, args=(0,), message_id=RESPONSE|FRAMEWORK@Framework@0|fastran_000001@modeleq_constraint@6|317)
2025-08-15 14:03:06,362 fastran__modeleq_constraint_6 DEBUG    _invoke_service(): getTopic  ('_IPS_MONITOR',)
2025-08-15 14:03:06,362 fastran__modeleq_constraint_6 DEBUG    _get_service_response(REQUEST|fastran_000001@modeleq_constraint@6|FRAMEWORK@Framework@0|9)
2025-08-15 14:03:06,373 fastran__modeleq_constraint_6 DEBUG    _get_service_response(REQUEST|fastran_000001@modeleq_constraint@6|FRAMEWORK@Framework@0|9), response = ServiceResponseMessage(sender_id=FRAMEWORK@Framework@0, receiver_id=fastran_000001@modeleq_constraint@6, request_msg_id=REQUEST|fastran_000001@modeleq_constraint@6|FRAMEWORK@Framework@0|9,status=0, args=(<ipsframework.cca_es_spec.Topic object at 0x1541243cb550>,), message_id=RESPONSE|FRAMEWORK@Framework@0|fastran_000001@modeleq_constraint@6|319)
2025-08-15 14:03:06,373 fastran__modeleq_constraint_6 DEBUG    _invoke_service(): sendEvent  ('_IPS_MONITOR', 'PORTAL_EVENT', {'sim_name': 'fastran_000001', 'real_sim_name': 'fastran_000001', 'portal_data': {'code': 'fastran__modeleq_constraint', 'eventtype': 'IPS_STAGE_STATE', 'ok': True, 'walltime': '47.08', 'time': '2025-08-15|14:03:06PDT', 'trace': {'timestamp': 1755291786263209, 'duration': 99337, 'localEndpoint': {'serviceName': 'stage_state'}, 'name': "['s000001.00001', 'g000001.00001', 'i000001.00001']", 'id': '71885aecf25d7412', 'parentId': 'ab7062fab8edcdcb', 'tags': {}}, 'state': 'Running', 'comment': 'Elapsed time = 0.099  files = s000001.00001 g000001.00001 i000001.00001 Success'}})
2025-08-15 14:03:06,373 fastran__modeleq_constraint_6 DEBUG    _get_service_response(REQUEST|fastran_000001@modeleq_constraint@6|FRAMEWORK@Framework@0|10)
2025-08-15 14:03:06,384 fastran__modeleq_constraint_6 DEBUG    _get_service_response(REQUEST|fastran_000001@modeleq_constraint@6|FRAMEWORK@Framework@0|10), response = ServiceResponseMessage(sender_id=FRAMEWORK@Framework@0, receiver_id=fastran_000001@modeleq_constraint@6, request_msg_id=REQUEST|fastran_000001@modeleq_constraint@6|FRAMEWORK@Framework@0|10,status=0, args=(None,), message_id=RESPONSE|FRAMEWORK@Framework@0|fastran_000001@modeleq_constraint@6|320)
2025-08-15 14:03:07,770 fastran__modeleq_constraint_6 DEBUG    _invoke_service(): update_state  (['s000001.00001', 'g000001.00001', 'i000001.00001'], '/global/homes/y/yashu_gh/FREDA_EP/ips-fastran/examples_new/far3d/example1/SCAN/work/fastran__modeleq_constraint_6', '/global/homes/y/yashu_gh/FREDA_EP/ips-fastran/examples_new/far3d/example1/SCAN/work/plasma_state')
2025-08-15 14:03:07,770 fastran__modeleq_constraint_6 DEBUG    _get_service_response(REQUEST|fastran_000001@modeleq_constraint@6|FRAMEWORK@Framework@0|11)
2025-08-15 14:03:07,853 fastran__modeleq_constraint_6 DEBUG    _get_service_response(REQUEST|fastran_000001@modeleq_constraint@6|FRAMEWORK@Framework@0|11), response = ServiceResponseMessage(sender_id=FRAMEWORK@Framework@0, receiver_id=fastran_000001@modeleq_constraint@6, request_msg_id=REQUEST|fastran_000001@modeleq_constraint@6|FRAMEWORK@Framework@0|11,status=0, args=(0,), message_id=RESPONSE|FRAMEWORK@Framework@0|fastran_000001@modeleq_constraint@6|323)
2025-08-15 14:03:07,853 fastran__modeleq_constraint_6 DEBUG    _invoke_service(): getTopic  ('_IPS_MONITOR',)
2025-08-15 14:03:07,853 fastran__modeleq_constraint_6 DEBUG    _get_service_response(REQUEST|fastran_000001@modeleq_constraint@6|FRAMEWORK@Framework@0|12)
2025-08-15 14:03:07,864 fastran__modeleq_constraint_6 DEBUG    _get_service_response(REQUEST|fastran_000001@modeleq_constraint@6|FRAMEWORK@Framework@0|12), response = ServiceResponseMessage(sender_id=FRAMEWORK@Framework@0, receiver_id=fastran_000001@modeleq_constraint@6, request_msg_id=REQUEST|fastran_000001@modeleq_constraint@6|FRAMEWORK@Framework@0|12,status=0, args=(<ipsframework.cca_es_spec.Topic object at 0x154124397400>,), message_id=RESPONSE|FRAMEWORK@Framework@0|fastran_000001@modeleq_constraint@6|324)
2025-08-15 14:03:07,864 fastran__modeleq_constraint_6 DEBUG    _invoke_service(): sendEvent  ('_IPS_MONITOR', 'PORTAL_EVENT', {'sim_name': 'fastran_000001', 'real_sim_name': 'fastran_000001', 'portal_data': {'code': 'fastran__modeleq_constraint', 'eventtype': 'IPS_UPDATE_STATE', 'ok': True, 'walltime': '48.57', 'time': '2025-08-15|14:03:07PDT', 'trace': {'timestamp': 1755291787770425, 'duration': 83214, 'localEndpoint': {'serviceName': 'update_state'}, 'name': "['s000001.00001', 'g000001.00001', 'i000001.00001']", 'id': '7629e189a66153c0', 'parentId': 'ab7062fab8edcdcb', 'tags': {}}, 'state': 'Running', 'comment': 'Elapsed time = 0.083   files = s000001.00001 g000001.00001 i000001.00001 Success'}})
2025-08-15 14:03:07,864 fastran__modeleq_constraint_6 DEBUG    _get_service_response(REQUEST|fastran_000001@modeleq_constraint@6|FRAMEWORK@Framework@0|13)
2025-08-15 14:03:07,875 fastran__modeleq_constraint_6 DEBUG    _get_service_response(REQUEST|fastran_000001@modeleq_constraint@6|FRAMEWORK@Framework@0|13), response = ServiceResponseMessage(sender_id=FRAMEWORK@Framework@0, receiver_id=fastran_000001@modeleq_constraint@6, request_msg_id=REQUEST|fastran_000001@modeleq_constraint@6|FRAMEWORK@Framework@0|13,status=0, args=(None,), message_id=RESPONSE|FRAMEWORK@Framework@0|fastran_000001@modeleq_constraint@6|325)
2025-08-15 14:03:07,878 fastran__modeleq_constraint_6 DEBUG    _invoke_service(): getTopic  ('_IPS_MONITOR',)
2025-08-15 14:03:07,878 fastran__modeleq_constraint_6 DEBUG    _get_service_response(REQUEST|fastran_000001@modeleq_constraint@6|FRAMEWORK@Framework@0|14)
2025-08-15 14:03:07,888 fastran__modeleq_constraint_6 DEBUG    _get_service_response(REQUEST|fastran_000001@modeleq_constraint@6|FRAMEWORK@Framework@0|14), response = ServiceResponseMessage(sender_id=FRAMEWORK@Framework@0, receiver_id=fastran_000001@modeleq_constraint@6, request_msg_id=REQUEST|fastran_000001@modeleq_constraint@6|FRAMEWORK@Framework@0|14,status=0, args=(<ipsframework.cca_es_spec.Topic object at 0x154124397640>,), message_id=RESPONSE|FRAMEWORK@Framework@0|fastran_000001@modeleq_constraint@6|326)
2025-08-15 14:03:07,889 fastran__modeleq_constraint_6 DEBUG    _invoke_service(): sendEvent  ('_IPS_MONITOR', 'PORTAL_EVENT', {'sim_name': 'fastran_000001', 'real_sim_name': 'fastran_000001', 'portal_data': {'code': 'fastran__modeleq_constraint', 'eventtype': 'IPS_STAGE_OUTPUTS', 'ok': True, 'walltime': '48.60', 'time': '2025-08-15|14:03:07PDT', 'trace': {'timestamp': 1755291787875442, 'duration': 2892, 'localEndpoint': {'serviceName': 'stage_output_files'}, 'name': '[]', 'id': 'ed019efe11be26d9', 'parentId': 'ab7062fab8edcdcb', 'tags': {}}, 'state': 'Running', 'comment': 'Elapsed time = 0.003 Path = /global/homes/y/yashu_gh/FREDA_EP/ips-fastran/examples_new/far3d/example1/SCAN/simulation_results/preprocess_1/components/fastran__modeleq_constraint_6 Files = []'}})
2025-08-15 14:03:07,889 fastran__modeleq_constraint_6 DEBUG    _get_service_response(REQUEST|fastran_000001@modeleq_constraint@6|FRAMEWORK@Framework@0|15)
2025-08-15 14:03:07,899 fastran__modeleq_constraint_6 DEBUG    _get_service_response(REQUEST|fastran_000001@modeleq_constraint@6|FRAMEWORK@Framework@0|15), response = ServiceResponseMessage(sender_id=FRAMEWORK@Framework@0, receiver_id=fastran_000001@modeleq_constraint@6, request_msg_id=REQUEST|fastran_000001@modeleq_constraint@6|FRAMEWORK@Framework@0|15,status=0, args=(None,), message_id=RESPONSE|FRAMEWORK@Framework@0|fastran_000001@modeleq_constraint@6|328)
2025-08-15 14:03:07,911 fastran_driver_fastran_driver_2 DEBUG    _get_service_response(REQUEST|fastran_000001@fastran_driver@2|FRAMEWORK@Framework@0|120), response = ServiceResponseMessage(sender_id=FRAMEWORK@Framework@0, receiver_id=fastran_000001@fastran_driver@2, request_msg_id=REQUEST|fastran_000001@fastran_driver@2|FRAMEWORK@Framework@0|120,status=0, args=((None,),), message_id=RESPONSE|FRAMEWORK@Framework@0|fastran_000001@fastran_driver@2|329)
2025-08-15 14:03:07,911 fastran_driver_fastran_driver_2 DEBUG    _invoke_service(): getTopic  ('_IPS_MONITOR',)
2025-08-15 14:03:07,911 fastran_driver_fastran_driver_2 DEBUG    _get_service_response(REQUEST|fastran_000001@fastran_driver@2|FRAMEWORK@Framework@0|121)
2025-08-15 14:03:07,922 fastran_driver_fastran_driver_2 DEBUG    _get_service_response(REQUEST|fastran_000001@fastran_driver@2|FRAMEWORK@Framework@0|121), response = ServiceResponseMessage(sender_id=FRAMEWORK@Framework@0, receiver_id=fastran_000001@fastran_driver@2, request_msg_id=REQUEST|fastran_000001@fastran_driver@2|FRAMEWORK@Framework@0|121,status=0, args=(<ipsframework.cca_es_spec.Topic object at 0x15412441ce20>,), message_id=RESPONSE|FRAMEWORK@Framework@0|fastran_000001@fastran_driver@2|330)
2025-08-15 14:03:07,922 fastran_driver_fastran_driver_2 DEBUG    _invoke_service(): sendEvent  ('_IPS_MONITOR', 'PORTAL_EVENT', {'sim_name': 'fastran_000001', 'real_sim_name': 'fastran_000001', 'portal_data': {'code': 'fastran_driver_fastran_driver', 'eventtype': 'IPS_CALL_END', 'ok': True, 'walltime': '48.63', 'time': '2025-08-15|14:03:07PDT', 'trace': {'timestamp': 1755291786272432, 'duration': 1639137, 'localEndpoint': {'serviceName': 'fastran_000001@modeleq_constraint@6'}, 'name': 'step(preprocess_1)', 'id': 'ab7062fab8edcdcb', 'parentId': '15e0663de819b9fa', 'tags': {}}, 'state': 'Running', 'comment': 'Target = fastran_000001@modeleq_constraint@6:step(preprocess_1)'}})
2025-08-15 14:03:07,922 fastran_driver_fastran_driver_2 DEBUG    _get_service_response(REQUEST|fastran_000001@fastran_driver@2|FRAMEWORK@Framework@0|122)
2025-08-15 14:03:07,933 fastran_driver_fastran_driver_2 DEBUG    _get_service_response(REQUEST|fastran_000001@fastran_driver@2|FRAMEWORK@Framework@0|122), response = ServiceResponseMessage(sender_id=FRAMEWORK@Framework@0, receiver_id=fastran_000001@fastran_driver@2, request_msg_id=REQUEST|fastran_000001@fastran_driver@2|FRAMEWORK@Framework@0|122,status=0, args=(None,), message_id=RESPONSE|FRAMEWORK@Framework@0|fastran_000001@fastran_driver@2|331)
2025-08-15 14:03:07,936 fastran_driver_fastran_driver_2 DEBUG    _invoke_service(): getTopic  ('_IPS_MONITOR',)
2025-08-15 14:03:07,936 fastran_driver_fastran_driver_2 DEBUG    _get_service_response(REQUEST|fastran_000001@fastran_driver@2|FRAMEWORK@Framework@0|123)
2025-08-15 14:03:07,947 fastran_driver_fastran_driver_2 DEBUG    _get_service_response(REQUEST|fastran_000001@fastran_driver@2|FRAMEWORK@Framework@0|123), response = ServiceResponseMessage(sender_id=FRAMEWORK@Framework@0, receiver_id=fastran_000001@fastran_driver@2, request_msg_id=REQUEST|fastran_000001@fastran_driver@2|FRAMEWORK@Framework@0|123,status=0, args=(<ipsframework.cca_es_spec.Topic object at 0x15412441ce50>,), message_id=RESPONSE|FRAMEWORK@Framework@0|fastran_000001@fastran_driver@2|332)
2025-08-15 14:03:07,947 fastran_driver_fastran_driver_2 DEBUG    _invoke_service(): sendEvent  ('_IPS_MONITOR', 'PORTALBRIDGE_UPDATE_TIMESTAMP', {'sim_name': 'fastran_000001', 'real_sim_name': 'fastran_000001', 'portal_data': {'phystimestamp': 'preprocess_2', 'eventtype': 'PORTALBRIDGE_UPDATE_TIMESTAMP'}})
2025-08-15 14:03:07,947 fastran_driver_fastran_driver_2 DEBUG    _get_service_response(REQUEST|fastran_000001@fastran_driver@2|FRAMEWORK@Framework@0|124)
2025-08-15 14:03:07,957 fastran_driver_fastran_driver_2 DEBUG    _get_service_response(REQUEST|fastran_000001@fastran_driver@2|FRAMEWORK@Framework@0|124), response = ServiceResponseMessage(sender_id=FRAMEWORK@Framework@0, receiver_id=fastran_000001@fastran_driver@2, request_msg_id=REQUEST|fastran_000001@fastran_driver@2|FRAMEWORK@Framework@0|124,status=0, args=(None,), message_id=RESPONSE|FRAMEWORK@Framework@0|fastran_000001@fastran_driver@2|333)
2025-08-15 14:03:07,958 fastran_driver_fastran_driver_2 DEBUG    _invoke_service(): getTopic  ('_IPS_MONITOR',)
2025-08-15 14:03:07,958 fastran_driver_fastran_driver_2 DEBUG    _get_service_response(REQUEST|fastran_000001@fastran_driver@2|FRAMEWORK@Framework@0|125)
2025-08-15 14:03:07,968 fastran_driver_fastran_driver_2 DEBUG    _get_service_response(REQUEST|fastran_000001@fastran_driver@2|FRAMEWORK@Framework@0|125), response = ServiceResponseMessage(sender_id=FRAMEWORK@Framework@0, receiver_id=fastran_000001@fastran_driver@2, request_msg_id=REQUEST|fastran_000001@fastran_driver@2|FRAMEWORK@Framework@0|125,status=0, args=(<ipsframework.cca_es_spec.Topic object at 0x15412441cee0>,), message_id=RESPONSE|FRAMEWORK@Framework@0|fastran_000001@fastran_driver@2|334)
2025-08-15 14:03:07,969 fastran_driver_fastran_driver_2 DEBUG    _invoke_service(): sendEvent  ('_IPS_MONITOR', 'PORTAL_EVENT', {'sim_name': 'fastran_000001', 'real_sim_name': 'fastran_000001', 'portal_data': {'code': 'fastran_driver_fastran_driver', 'eventtype': 'IPS_UPDATE_TIME_STAMP', 'ok': True, 'walltime': '48.68', 'time': '2025-08-15|14:03:07PDT', 'state': 'Running', 'comment': 'Timestamp = preprocess_2'}})
2025-08-15 14:03:07,969 fastran_driver_fastran_driver_2 DEBUG    _get_service_response(REQUEST|fastran_000001@fastran_driver@2|FRAMEWORK@Framework@0|126)
2025-08-15 14:03:07,980 fastran_driver_fastran_driver_2 DEBUG    _get_service_response(REQUEST|fastran_000001@fastran_driver@2|FRAMEWORK@Framework@0|126), response = ServiceResponseMessage(sender_id=FRAMEWORK@Framework@0, receiver_id=fastran_000001@fastran_driver@2, request_msg_id=REQUEST|fastran_000001@fastran_driver@2|FRAMEWORK@Framework@0|126,status=0, args=(None,), message_id=RESPONSE|FRAMEWORK@Framework@0|fastran_000001@fastran_driver@2|335)
2025-08-15 14:03:07,981 fastran_driver_fastran_driver_2 DEBUG    _invoke_service(): getTopic  ('_IPS_MONITOR',)
2025-08-15 14:03:07,981 fastran_driver_fastran_driver_2 DEBUG    _get_service_response(REQUEST|fastran_000001@fastran_driver@2|FRAMEWORK@Framework@0|127)
2025-08-15 14:03:07,991 fastran_driver_fastran_driver_2 DEBUG    _get_service_response(REQUEST|fastran_000001@fastran_driver@2|FRAMEWORK@Framework@0|127), response = ServiceResponseMessage(sender_id=FRAMEWORK@Framework@0, receiver_id=fastran_000001@fastran_driver@2, request_msg_id=REQUEST|fastran_000001@fastran_driver@2|FRAMEWORK@Framework@0|127,status=0, args=(<ipsframework.cca_es_spec.Topic object at 0x15412441ce20>,), message_id=RESPONSE|FRAMEWORK@Framework@0|fastran_000001@fastran_driver@2|336)
2025-08-15 14:03:07,992 fastran_driver_fastran_driver_2 DEBUG    _invoke_service(): sendEvent  ('_IPS_MONITOR', 'PORTAL_EVENT', {'sim_name': 'fastran_000001', 'real_sim_name': 'fastran_000001', 'portal_data': {'code': 'fastran_driver_fastran_driver', 'eventtype': 'IPS_CALL_BEGIN', 'ok': True, 'walltime': '48.70', 'time': '2025-08-15|14:03:07PDT', 'state': 'Running', 'comment': 'Target = fastran_000001@efit@3:step(preprocess_2)'}})
2025-08-15 14:03:07,992 fastran_driver_fastran_driver_2 DEBUG    _get_service_response(REQUEST|fastran_000001@fastran_driver@2|FRAMEWORK@Framework@0|128)
2025-08-15 14:03:08,003 fastran_driver_fastran_driver_2 DEBUG    _get_service_response(REQUEST|fastran_000001@fastran_driver@2|FRAMEWORK@Framework@0|128), response = ServiceResponseMessage(sender_id=FRAMEWORK@Framework@0, receiver_id=fastran_000001@fastran_driver@2, request_msg_id=REQUEST|fastran_000001@fastran_driver@2|FRAMEWORK@Framework@0|128,status=0, args=(None,), message_id=RESPONSE|FRAMEWORK@Framework@0|fastran_000001@fastran_driver@2|337)
2025-08-15 14:03:08,003 fastran_driver_fastran_driver_2 DEBUG    _invoke_service(): init_call  ('step', 'preprocess_2')
2025-08-15 14:03:08,003 fastran_driver_fastran_driver_2 DEBUG    _get_service_response(REQUEST|fastran_000001@fastran_driver@2|FRAMEWORK@Framework@0|129)
2025-08-15 14:03:08,004 fastran_eq0_efit_3 DEBUG    Received Message 
2025-08-15 14:03:08,004 fastran_eq0_efit_3 DEBUG    Calling method step(preprocess_2)
2025-08-15 14:03:08,005 fastran_eq0_efit_3 DEBUG    _invoke_service(): stage_state  (['s000001.00001', 'g000001.00001', 'i000001.00001'], '/global/homes/y/yashu_gh/FREDA_EP/ips-fastran/examples_new/far3d/example1/SCAN/work/plasma_state', '/global/homes/y/yashu_gh/FREDA_EP/ips-fastran/examples_new/far3d/example1/SCAN/work/fastran_eq0_efit_3')
2025-08-15 14:03:08,005 fastran_eq0_efit_3 DEBUG    _get_service_response(REQUEST|fastran_000001@efit@3|FRAMEWORK@Framework@0|22)
2025-08-15 14:03:08,014 fastran_driver_fastran_driver_2 DEBUG    _get_service_response(REQUEST|fastran_000001@fastran_driver@2|FRAMEWORK@Framework@0|129), response = ServiceResponseMessage(sender_id=FRAMEWORK@Framework@0, receiver_id=fastran_000001@fastran_driver@2, request_msg_id=REQUEST|fastran_000001@fastran_driver@2|FRAMEWORK@Framework@0|129,status=0, args=(27,), message_id=RESPONSE|FRAMEWORK@Framework@0|fastran_000001@fastran_driver@2|338)
2025-08-15 14:03:08,014 fastran_driver_fastran_driver_2 DEBUG    _invoke_service(): wait_call  (27, True)
2025-08-15 14:03:08,014 fastran_driver_fastran_driver_2 DEBUG    _get_service_response(REQUEST|fastran_000001@fastran_driver@2|FRAMEWORK@Framework@0|130)
2025-08-15 14:03:08,075 fastran_eq0_efit_3 DEBUG    _get_service_response(REQUEST|fastran_000001@efit@3|FRAMEWORK@Framework@0|22), response = ServiceResponseMessage(sender_id=FRAMEWORK@Framework@0, receiver_id=fastran_000001@efit@3, request_msg_id=REQUEST|fastran_000001@efit@3|FRAMEWORK@Framework@0|22,status=0, args=(0,), message_id=RESPONSE|FRAMEWORK@Framework@0|fastran_000001@efit@3|339)
2025-08-15 14:03:08,075 fastran_eq0_efit_3 DEBUG    _invoke_service(): getTopic  ('_IPS_MONITOR',)
2025-08-15 14:03:08,075 fastran_eq0_efit_3 DEBUG    _get_service_response(REQUEST|fastran_000001@efit@3|FRAMEWORK@Framework@0|23)
2025-08-15 14:03:08,086 fastran_eq0_efit_3 DEBUG    _get_service_response(REQUEST|fastran_000001@efit@3|FRAMEWORK@Framework@0|23), response = ServiceResponseMessage(sender_id=FRAMEWORK@Framework@0, receiver_id=fastran_000001@efit@3, request_msg_id=REQUEST|fastran_000001@efit@3|FRAMEWORK@Framework@0|23,status=0, args=(<ipsframework.cca_es_spec.Topic object at 0x1541243ac4c0>,), message_id=RESPONSE|FRAMEWORK@Framework@0|fastran_000001@efit@3|340)
2025-08-15 14:03:08,086 fastran_eq0_efit_3 DEBUG    _invoke_service(): sendEvent  ('_IPS_MONITOR', 'PORTAL_EVENT', {'sim_name': 'fastran_000001', 'real_sim_name': 'fastran_000001', 'portal_data': {'code': 'fastran_eq0_efit', 'eventtype': 'IPS_STAGE_STATE', 'ok': True, 'walltime': '48.80', 'time': '2025-08-15|14:03:08PDT', 'trace': {'timestamp': 1755291788005311, 'duration': 70388, 'localEndpoint': {'serviceName': 'stage_state'}, 'name': "['s000001.00001', 'g000001.00001', 'i000001.00001']", 'id': '71885aecf25d7412', 'parentId': '62c58d4bc0076d50', 'tags': {}}, 'state': 'Running', 'comment': 'Elapsed time = 0.070  files = s000001.00001 g000001.00001 i000001.00001 Success'}})
2025-08-15 14:03:08,086 fastran_eq0_efit_3 DEBUG    _get_service_response(REQUEST|fastran_000001@efit@3|FRAMEWORK@Framework@0|24)
2025-08-15 14:03:08,097 fastran_eq0_efit_3 DEBUG    _get_service_response(REQUEST|fastran_000001@efit@3|FRAMEWORK@Framework@0|24), response = ServiceResponseMessage(sender_id=FRAMEWORK@Framework@0, receiver_id=fastran_000001@efit@3, request_msg_id=REQUEST|fastran_000001@efit@3|FRAMEWORK@Framework@0|24,status=0, args=(None,), message_id=RESPONSE|FRAMEWORK@Framework@0|fastran_000001@efit@3|341)
2025-08-15 14:03:13,519 fastran_eq0_efit_3 DEBUG    _invoke_service(): update_state  (['s000001.00001', 'g000001.00001', 'i000001.00001'], '/global/homes/y/yashu_gh/FREDA_EP/ips-fastran/examples_new/far3d/example1/SCAN/work/fastran_eq0_efit_3', '/global/homes/y/yashu_gh/FREDA_EP/ips-fastran/examples_new/far3d/example1/SCAN/work/plasma_state')
2025-08-15 14:03:13,520 fastran_eq0_efit_3 DEBUG    _get_service_response(REQUEST|fastran_000001@efit@3|FRAMEWORK@Framework@0|25)
2025-08-15 14:03:13,586 fastran_eq0_efit_3 DEBUG    _get_service_response(REQUEST|fastran_000001@efit@3|FRAMEWORK@Framework@0|25), response = ServiceResponseMessage(sender_id=FRAMEWORK@Framework@0, receiver_id=fastran_000001@efit@3, request_msg_id=REQUEST|fastran_000001@efit@3|FRAMEWORK@Framework@0|25,status=0, args=(0,), message_id=RESPONSE|FRAMEWORK@Framework@0|fastran_000001@efit@3|353)
2025-08-15 14:03:13,586 fastran_eq0_efit_3 DEBUG    _invoke_service(): getTopic  ('_IPS_MONITOR',)
2025-08-15 14:03:13,587 fastran_eq0_efit_3 DEBUG    _get_service_response(REQUEST|fastran_000001@efit@3|FRAMEWORK@Framework@0|26)
2025-08-15 14:03:13,597 fastran_eq0_efit_3 DEBUG    _get_service_response(REQUEST|fastran_000001@efit@3|FRAMEWORK@Framework@0|26), response = ServiceResponseMessage(sender_id=FRAMEWORK@Framework@0, receiver_id=fastran_000001@efit@3, request_msg_id=REQUEST|fastran_000001@efit@3|FRAMEWORK@Framework@0|26,status=0, args=(<ipsframework.cca_es_spec.Topic object at 0x154124365d60>,), message_id=RESPONSE|FRAMEWORK@Framework@0|fastran_000001@efit@3|354)
2025-08-15 14:03:13,597 fastran_eq0_efit_3 DEBUG    _invoke_service(): sendEvent  ('_IPS_MONITOR', 'PORTAL_EVENT', {'sim_name': 'fastran_000001', 'real_sim_name': 'fastran_000001', 'portal_data': {'code': 'fastran_eq0_efit', 'eventtype': 'IPS_UPDATE_STATE', 'ok': True, 'walltime': '54.31', 'time': '2025-08-15|14:03:13PDT', 'trace': {'timestamp': 1755291793517712, 'duration': 68972, 'localEndpoint': {'serviceName': 'update_state'}, 'name': "['s000001.00001', 'g000001.00001', 'i000001.00001']", 'id': '7629e189a66153c0', 'parentId': '62c58d4bc0076d50', 'tags': {}}, 'state': 'Running', 'comment': 'Elapsed time = 0.069   files = s000001.00001 g000001.00001 i000001.00001 Success'}})
2025-08-15 14:03:13,598 fastran_eq0_efit_3 DEBUG    _get_service_response(REQUEST|fastran_000001@efit@3|FRAMEWORK@Framework@0|27)
2025-08-15 14:03:13,608 fastran_eq0_efit_3 DEBUG    _get_service_response(REQUEST|fastran_000001@efit@3|FRAMEWORK@Framework@0|27), response = ServiceResponseMessage(sender_id=FRAMEWORK@Framework@0, receiver_id=fastran_000001@efit@3, request_msg_id=REQUEST|fastran_000001@efit@3|FRAMEWORK@Framework@0|27,status=0, args=(None,), message_id=RESPONSE|FRAMEWORK@Framework@0|fastran_000001@efit@3|355)
2025-08-15 14:03:13,814 fastran_eq0_efit_3 DEBUG    _invoke_service(): getTopic  ('_IPS_MONITOR',)
2025-08-15 14:03:13,814 fastran_eq0_efit_3 DEBUG    _get_service_response(REQUEST|fastran_000001@efit@3|FRAMEWORK@Framework@0|28)
2025-08-15 14:03:13,825 fastran_eq0_efit_3 DEBUG    _get_service_response(REQUEST|fastran_000001@efit@3|FRAMEWORK@Framework@0|28), response = ServiceResponseMessage(sender_id=FRAMEWORK@Framework@0, receiver_id=fastran_000001@efit@3, request_msg_id=REQUEST|fastran_000001@efit@3|FRAMEWORK@Framework@0|28,status=0, args=(<ipsframework.cca_es_spec.Topic object at 0x154124365880>,), message_id=RESPONSE|FRAMEWORK@Framework@0|fastran_000001@efit@3|356)
2025-08-15 14:03:13,825 fastran_eq0_efit_3 DEBUG    _invoke_service(): sendEvent  ('_IPS_MONITOR', 'PORTAL_EVENT', {'sim_name': 'fastran_000001', 'real_sim_name': 'fastran_000001', 'portal_data': {'code': 'fastran_eq0_efit', 'eventtype': 'IPS_STAGE_OUTPUTS', 'ok': True, 'walltime': '54.53', 'time': '2025-08-15|14:03:13PDT', 'trace': {'timestamp': 1755291793608913, 'duration': 205196, 'localEndpoint': {'serviceName': 'stage_output_files'}, 'name': "['g*.*', 'a*.*', 'm*.*', 'k*.*', 'efit.log']", 'id': '7f2cccfefec01030', 'parentId': '62c58d4bc0076d50', 'tags': {}}, 'state': 'Running', 'comment': "Elapsed time = 0.205 Path = /global/homes/y/yashu_gh/FREDA_EP/ips-fastran/examples_new/far3d/example1/SCAN/simulation_results/preprocess_2/components/fastran_eq0_efit_3 Files = ['g*.*', 'a*.*', 'm*.*', 'k*.*', 'efit.log']"}})
2025-08-15 14:03:13,825 fastran_eq0_efit_3 DEBUG    _get_service_response(REQUEST|fastran_000001@efit@3|FRAMEWORK@Framework@0|29)
2025-08-15 14:03:13,836 fastran_eq0_efit_3 DEBUG    _get_service_response(REQUEST|fastran_000001@efit@3|FRAMEWORK@Framework@0|29), response = ServiceResponseMessage(sender_id=FRAMEWORK@Framework@0, receiver_id=fastran_000001@efit@3, request_msg_id=REQUEST|fastran_000001@efit@3|FRAMEWORK@Framework@0|29,status=0, args=(None,), message_id=RESPONSE|FRAMEWORK@Framework@0|fastran_000001@efit@3|357)
2025-08-15 14:03:13,850 fastran_driver_fastran_driver_2 DEBUG    _get_service_response(REQUEST|fastran_000001@fastran_driver@2|FRAMEWORK@Framework@0|130), response = ServiceResponseMessage(sender_id=FRAMEWORK@Framework@0, receiver_id=fastran_000001@fastran_driver@2, request_msg_id=REQUEST|fastran_000001@fastran_driver@2|FRAMEWORK@Framework@0|130,status=0, args=((None,),), message_id=RESPONSE|FRAMEWORK@Framework@0|fastran_000001@fastran_driver@2|358)
2025-08-15 14:03:13,850 fastran_driver_fastran_driver_2 DEBUG    _invoke_service(): getTopic  ('_IPS_MONITOR',)
2025-08-15 14:03:13,851 fastran_driver_fastran_driver_2 DEBUG    _get_service_response(REQUEST|fastran_000001@fastran_driver@2|FRAMEWORK@Framework@0|131)
2025-08-15 14:03:13,862 fastran_driver_fastran_driver_2 DEBUG    _get_service_response(REQUEST|fastran_000001@fastran_driver@2|FRAMEWORK@Framework@0|131), response = ServiceResponseMessage(sender_id=FRAMEWORK@Framework@0, receiver_id=fastran_000001@fastran_driver@2, request_msg_id=REQUEST|fastran_000001@fastran_driver@2|FRAMEWORK@Framework@0|131,status=0, args=(<ipsframework.cca_es_spec.Topic object at 0x15412441cee0>,), message_id=RESPONSE|FRAMEWORK@Framework@0|fastran_000001@fastran_driver@2|359)
2025-08-15 14:03:13,862 fastran_driver_fastran_driver_2 DEBUG    _invoke_service(): sendEvent  ('_IPS_MONITOR', 'PORTAL_EVENT', {'sim_name': 'fastran_000001', 'real_sim_name': 'fastran_000001', 'portal_data': {'code': 'fastran_driver_fastran_driver', 'eventtype': 'IPS_CALL_END', 'ok': True, 'walltime': '54.57', 'time': '2025-08-15|14:03:13PDT', 'trace': {'timestamp': 1755291788014452, 'duration': 5836319, 'localEndpoint': {'serviceName': 'fastran_000001@efit@3'}, 'name': 'step(preprocess_2)', 'id': '62c58d4bc0076d50', 'parentId': '15e0663de819b9fa', 'tags': {}}, 'state': 'Running', 'comment': 'Target = fastran_000001@efit@3:step(preprocess_2)'}})
2025-08-15 14:03:13,862 fastran_driver_fastran_driver_2 DEBUG    _get_service_response(REQUEST|fastran_000001@fastran_driver@2|FRAMEWORK@Framework@0|132)
2025-08-15 14:03:13,873 fastran_driver_fastran_driver_2 DEBUG    _get_service_response(REQUEST|fastran_000001@fastran_driver@2|FRAMEWORK@Framework@0|132), response = ServiceResponseMessage(sender_id=FRAMEWORK@Framework@0, receiver_id=fastran_000001@fastran_driver@2, request_msg_id=REQUEST|fastran_000001@fastran_driver@2|FRAMEWORK@Framework@0|132,status=0, args=(None,), message_id=RESPONSE|FRAMEWORK@Framework@0|fastran_000001@fastran_driver@2|360)
2025-08-15 14:03:13,874 fastran_driver_fastran_driver_2 DEBUG    _invoke_service(): getTopic  ('_IPS_MONITOR',)
2025-08-15 14:03:13,874 fastran_driver_fastran_driver_2 DEBUG    _get_service_response(REQUEST|fastran_000001@fastran_driver@2|FRAMEWORK@Framework@0|133)
2025-08-15 14:03:13,885 fastran_driver_fastran_driver_2 DEBUG    _get_service_response(REQUEST|fastran_000001@fastran_driver@2|FRAMEWORK@Framework@0|133), response = ServiceResponseMessage(sender_id=FRAMEWORK@Framework@0, receiver_id=fastran_000001@fastran_driver@2, request_msg_id=REQUEST|fastran_000001@fastran_driver@2|FRAMEWORK@Framework@0|133,status=0, args=(<ipsframework.cca_es_spec.Topic object at 0x15412441ce50>,), message_id=RESPONSE|FRAMEWORK@Framework@0|fastran_000001@fastran_driver@2|361)
2025-08-15 14:03:13,885 fastran_driver_fastran_driver_2 DEBUG    _invoke_service(): sendEvent  ('_IPS_MONITOR', 'PORTAL_EVENT', {'sim_name': 'fastran_000001', 'real_sim_name': 'fastran_000001', 'portal_data': {'code': 'fastran_driver_fastran_driver', 'eventtype': 'IPS_CALL_BEGIN', 'ok': True, 'walltime': '54.59', 'time': '2025-08-15|14:03:13PDT', 'state': 'Running', 'comment': 'Target = fastran_000001@hcd_model@4:step(preprocess_2)'}})
2025-08-15 14:03:13,885 fastran_driver_fastran_driver_2 DEBUG    _get_service_response(REQUEST|fastran_000001@fastran_driver@2|FRAMEWORK@Framework@0|134)
2025-08-15 14:03:13,895 fastran_driver_fastran_driver_2 DEBUG    _get_service_response(REQUEST|fastran_000001@fastran_driver@2|FRAMEWORK@Framework@0|134), response = ServiceResponseMessage(sender_id=FRAMEWORK@Framework@0, receiver_id=fastran_000001@fastran_driver@2, request_msg_id=REQUEST|fastran_000001@fastran_driver@2|FRAMEWORK@Framework@0|134,status=0, args=(None,), message_id=RESPONSE|FRAMEWORK@Framework@0|fastran_000001@fastran_driver@2|362)
2025-08-15 14:03:13,896 fastran_driver_fastran_driver_2 DEBUG    _invoke_service(): init_call  ('step', 'preprocess_2')
2025-08-15 14:03:13,896 fastran_driver_fastran_driver_2 DEBUG    _get_service_response(REQUEST|fastran_000001@fastran_driver@2|FRAMEWORK@Framework@0|135)
2025-08-15 14:03:13,896 fastran_ic_hcd_model_4 DEBUG    Received Message 
2025-08-15 14:03:13,897 fastran_ic_hcd_model_4 DEBUG    Calling method step(preprocess_2)
2025-08-15 14:03:13,898 fastran_ic_hcd_model_4 DEBUG    _invoke_service(): stage_state  (['s000001.00001', 'g000001.00001', 'i000001.00001'], '/global/homes/y/yashu_gh/FREDA_EP/ips-fastran/examples_new/far3d/example1/SCAN/work/plasma_state', '/global/homes/y/yashu_gh/FREDA_EP/ips-fastran/examples_new/far3d/example1/SCAN/work/fastran_ic_hcd_model_4')
2025-08-15 14:03:13,898 fastran_ic_hcd_model_4 DEBUG    _get_service_response(REQUEST|fastran_000001@hcd_model@4|FRAMEWORK@Framework@0|20)
2025-08-15 14:03:13,907 fastran_driver_fastran_driver_2 DEBUG    _get_service_response(REQUEST|fastran_000001@fastran_driver@2|FRAMEWORK@Framework@0|135), response = ServiceResponseMessage(sender_id=FRAMEWORK@Framework@0, receiver_id=fastran_000001@fastran_driver@2, request_msg_id=REQUEST|fastran_000001@fastran_driver@2|FRAMEWORK@Framework@0|135,status=0, args=(28,), message_id=RESPONSE|FRAMEWORK@Framework@0|fastran_000001@fastran_driver@2|363)
2025-08-15 14:03:13,907 fastran_driver_fastran_driver_2 DEBUG    _invoke_service(): wait_call  (28, True)
2025-08-15 14:03:13,907 fastran_driver_fastran_driver_2 DEBUG    _get_service_response(REQUEST|fastran_000001@fastran_driver@2|FRAMEWORK@Framework@0|136)
2025-08-15 14:03:13,967 fastran_ic_hcd_model_4 DEBUG    _get_service_response(REQUEST|fastran_000001@hcd_model@4|FRAMEWORK@Framework@0|20), response = ServiceResponseMessage(sender_id=FRAMEWORK@Framework@0, receiver_id=fastran_000001@hcd_model@4, request_msg_id=REQUEST|fastran_000001@hcd_model@4|FRAMEWORK@Framework@0|20,status=0, args=(0,), message_id=RESPONSE|FRAMEWORK@Framework@0|fastran_000001@hcd_model@4|364)
2025-08-15 14:03:13,967 fastran_ic_hcd_model_4 DEBUG    _invoke_service(): getTopic  ('_IPS_MONITOR',)
2025-08-15 14:03:13,967 fastran_ic_hcd_model_4 DEBUG    _get_service_response(REQUEST|fastran_000001@hcd_model@4|FRAMEWORK@Framework@0|21)
2025-08-15 14:03:13,978 fastran_ic_hcd_model_4 DEBUG    _get_service_response(REQUEST|fastran_000001@hcd_model@4|FRAMEWORK@Framework@0|21), response = ServiceResponseMessage(sender_id=FRAMEWORK@Framework@0, receiver_id=fastran_000001@hcd_model@4, request_msg_id=REQUEST|fastran_000001@hcd_model@4|FRAMEWORK@Framework@0|21,status=0, args=(<ipsframework.cca_es_spec.Topic object at 0x1541243ba220>,), message_id=RESPONSE|FRAMEWORK@Framework@0|fastran_000001@hcd_model@4|365)
2025-08-15 14:03:13,978 fastran_ic_hcd_model_4 DEBUG    _invoke_service(): sendEvent  ('_IPS_MONITOR', 'PORTAL_EVENT', {'sim_name': 'fastran_000001', 'real_sim_name': 'fastran_000001', 'portal_data': {'code': 'fastran_ic_hcd_model', 'eventtype': 'IPS_STAGE_STATE', 'ok': True, 'walltime': '54.69', 'time': '2025-08-15|14:03:13PDT', 'trace': {'timestamp': 1755291793897907, 'duration': 69391, 'localEndpoint': {'serviceName': 'stage_state'}, 'name': "['s000001.00001', 'g000001.00001', 'i000001.00001']", 'id': '71885aecf25d7412', 'parentId': 'd108d1977b88772c', 'tags': {}}, 'state': 'Running', 'comment': 'Elapsed time = 0.069  files = s000001.00001 g000001.00001 i000001.00001 Success'}})
2025-08-15 14:03:13,978 fastran_ic_hcd_model_4 DEBUG    _get_service_response(REQUEST|fastran_000001@hcd_model@4|FRAMEWORK@Framework@0|22)
2025-08-15 14:03:13,988 fastran_ic_hcd_model_4 DEBUG    _get_service_response(REQUEST|fastran_000001@hcd_model@4|FRAMEWORK@Framework@0|22), response = ServiceResponseMessage(sender_id=FRAMEWORK@Framework@0, receiver_id=fastran_000001@hcd_model@4, request_msg_id=REQUEST|fastran_000001@hcd_model@4|FRAMEWORK@Framework@0|22,status=0, args=(None,), message_id=RESPONSE|FRAMEWORK@Framework@0|fastran_000001@hcd_model@4|366)
2025-08-15 14:03:14,006 fastran_ic_hcd_model_4 DEBUG    _invoke_service(): getTopic  ('_IPS_MONITOR',)
2025-08-15 14:03:14,006 fastran_ic_hcd_model_4 DEBUG    _get_service_response(REQUEST|fastran_000001@hcd_model@4|FRAMEWORK@Framework@0|23)
2025-08-15 14:03:14,016 fastran_ic_hcd_model_4 DEBUG    _get_service_response(REQUEST|fastran_000001@hcd_model@4|FRAMEWORK@Framework@0|23), response = ServiceResponseMessage(sender_id=FRAMEWORK@Framework@0, receiver_id=fastran_000001@hcd_model@4, request_msg_id=REQUEST|fastran_000001@hcd_model@4|FRAMEWORK@Framework@0|23,status=0, args=(<ipsframework.cca_es_spec.Topic object at 0x1541243ba4f0>,), message_id=RESPONSE|FRAMEWORK@Framework@0|fastran_000001@hcd_model@4|367)
2025-08-15 14:03:14,016 fastran_ic_hcd_model_4 DEBUG    _invoke_service(): sendEvent  ('_IPS_MONITOR', 'PORTAL_EVENT', {'sim_name': 'fastran_000001', 'real_sim_name': 'fastran_000001', 'portal_data': {'code': 'fastran_ic_hcd_model', 'eventtype': 'IPS_STAGE_INPUTS', 'ok': True, 'walltime': '54.73', 'time': '2025-08-15|14:03:14PDT', 'trace': {'timestamp': 1755291793989113, 'duration': 17119, 'localEndpoint': {'serviceName': 'stage_input_files'}, 'name': 'inhcd', 'id': '5ee53c28a9607896', 'parentId': 'd108d1977b88772c', 'tags': {}}, 'state': 'Running', 'comment': 'Elapsed time = 0.017 Path = /global/homes/y/yashu_gh/FREDA_EP/ips-fastran/examples_new/far3d/example1/input Files = inhcd'}})
2025-08-15 14:03:14,016 fastran_ic_hcd_model_4 DEBUG    _get_service_response(REQUEST|fastran_000001@hcd_model@4|FRAMEWORK@Framework@0|24)
2025-08-15 14:03:14,027 fastran_ic_hcd_model_4 DEBUG    _get_service_response(REQUEST|fastran_000001@hcd_model@4|FRAMEWORK@Framework@0|24), response = ServiceResponseMessage(sender_id=FRAMEWORK@Framework@0, receiver_id=fastran_000001@hcd_model@4, request_msg_id=REQUEST|fastran_000001@hcd_model@4|FRAMEWORK@Framework@0|24,status=0, args=(None,), message_id=RESPONSE|FRAMEWORK@Framework@0|fastran_000001@hcd_model@4|368)
2025-08-15 14:03:14,149 fastran_ic_hcd_model_4 DEBUG    _invoke_service(): update_state  (['s000001.00001', 'g000001.00001', 'i000001.00001'], '/global/homes/y/yashu_gh/FREDA_EP/ips-fastran/examples_new/far3d/example1/SCAN/work/fastran_ic_hcd_model_4', '/global/homes/y/yashu_gh/FREDA_EP/ips-fastran/examples_new/far3d/example1/SCAN/work/plasma_state')
2025-08-15 14:03:14,149 fastran_ic_hcd_model_4 DEBUG    _get_service_response(REQUEST|fastran_000001@hcd_model@4|FRAMEWORK@Framework@0|25)
2025-08-15 14:03:14,208 fastran_ic_hcd_model_4 DEBUG    _get_service_response(REQUEST|fastran_000001@hcd_model@4|FRAMEWORK@Framework@0|25), response = ServiceResponseMessage(sender_id=FRAMEWORK@Framework@0, receiver_id=fastran_000001@hcd_model@4, request_msg_id=REQUEST|fastran_000001@hcd_model@4|FRAMEWORK@Framework@0|25,status=0, args=(0,), message_id=RESPONSE|FRAMEWORK@Framework@0|fastran_000001@hcd_model@4|370)
2025-08-15 14:03:14,208 fastran_ic_hcd_model_4 DEBUG    _invoke_service(): getTopic  ('_IPS_MONITOR',)
2025-08-15 14:03:14,208 fastran_ic_hcd_model_4 DEBUG    _get_service_response(REQUEST|fastran_000001@hcd_model@4|FRAMEWORK@Framework@0|26)
2025-08-15 14:03:14,219 fastran_ic_hcd_model_4 DEBUG    _get_service_response(REQUEST|fastran_000001@hcd_model@4|FRAMEWORK@Framework@0|26), response = ServiceResponseMessage(sender_id=FRAMEWORK@Framework@0, receiver_id=fastran_000001@hcd_model@4, request_msg_id=REQUEST|fastran_000001@hcd_model@4|FRAMEWORK@Framework@0|26,status=0, args=(<ipsframework.cca_es_spec.Topic object at 0x1541243ba520>,), message_id=RESPONSE|FRAMEWORK@Framework@0|fastran_000001@hcd_model@4|371)
2025-08-15 14:03:14,219 fastran_ic_hcd_model_4 DEBUG    _invoke_service(): sendEvent  ('_IPS_MONITOR', 'PORTAL_EVENT', {'sim_name': 'fastran_000001', 'real_sim_name': 'fastran_000001', 'portal_data': {'code': 'fastran_ic_hcd_model', 'eventtype': 'IPS_UPDATE_STATE', 'ok': True, 'walltime': '54.93', 'time': '2025-08-15|14:03:14PDT', 'trace': {'timestamp': 1755291794149049, 'duration': 59666, 'localEndpoint': {'serviceName': 'update_state'}, 'name': "['s000001.00001', 'g000001.00001', 'i000001.00001']", 'id': '7629e189a66153c0', 'parentId': 'd108d1977b88772c', 'tags': {}}, 'state': 'Running', 'comment': 'Elapsed time = 0.060   files = s000001.00001 g000001.00001 i000001.00001 Success'}})
2025-08-15 14:03:14,219 fastran_ic_hcd_model_4 DEBUG    _get_service_response(REQUEST|fastran_000001@hcd_model@4|FRAMEWORK@Framework@0|27)
2025-08-15 14:03:14,230 fastran_ic_hcd_model_4 DEBUG    _get_service_response(REQUEST|fastran_000001@hcd_model@4|FRAMEWORK@Framework@0|27), response = ServiceResponseMessage(sender_id=FRAMEWORK@Framework@0, receiver_id=fastran_000001@hcd_model@4, request_msg_id=REQUEST|fastran_000001@hcd_model@4|FRAMEWORK@Framework@0|27,status=0, args=(None,), message_id=RESPONSE|FRAMEWORK@Framework@0|fastran_000001@hcd_model@4|372)
2025-08-15 14:03:14,232 fastran_ic_hcd_model_4 DEBUG    _invoke_service(): getTopic  ('_IPS_MONITOR',)
2025-08-15 14:03:14,232 fastran_ic_hcd_model_4 DEBUG    _get_service_response(REQUEST|fastran_000001@hcd_model@4|FRAMEWORK@Framework@0|28)
2025-08-15 14:03:14,242 fastran_ic_hcd_model_4 DEBUG    _get_service_response(REQUEST|fastran_000001@hcd_model@4|FRAMEWORK@Framework@0|28), response = ServiceResponseMessage(sender_id=FRAMEWORK@Framework@0, receiver_id=fastran_000001@hcd_model@4, request_msg_id=REQUEST|fastran_000001@hcd_model@4|FRAMEWORK@Framework@0|28,status=0, args=(<ipsframework.cca_es_spec.Topic object at 0x1541243ba4f0>,), message_id=RESPONSE|FRAMEWORK@Framework@0|fastran_000001@hcd_model@4|373)
2025-08-15 14:03:14,242 fastran_ic_hcd_model_4 DEBUG    _invoke_service(): sendEvent  ('_IPS_MONITOR', 'PORTAL_EVENT', {'sim_name': 'fastran_000001', 'real_sim_name': 'fastran_000001', 'portal_data': {'code': 'fastran_ic_hcd_model', 'eventtype': 'IPS_STAGE_OUTPUTS', 'ok': True, 'walltime': '54.95', 'time': '2025-08-15|14:03:14PDT', 'trace': {'timestamp': 1755291794230359, 'duration': 1965, 'localEndpoint': {'serviceName': 'stage_output_files'}, 'name': '[]', 'id': 'ed019efe11be26d9', 'parentId': 'd108d1977b88772c', 'tags': {}}, 'state': 'Running', 'comment': 'Elapsed time = 0.002 Path = /global/homes/y/yashu_gh/FREDA_EP/ips-fastran/examples_new/far3d/example1/SCAN/simulation_results/preprocess_2/components/fastran_ic_hcd_model_4 Files = []'}})
2025-08-15 14:03:14,243 fastran_ic_hcd_model_4 DEBUG    _get_service_response(REQUEST|fastran_000001@hcd_model@4|FRAMEWORK@Framework@0|29)
2025-08-15 14:03:14,253 fastran_ic_hcd_model_4 DEBUG    _get_service_response(REQUEST|fastran_000001@hcd_model@4|FRAMEWORK@Framework@0|29), response = ServiceResponseMessage(sender_id=FRAMEWORK@Framework@0, receiver_id=fastran_000001@hcd_model@4, request_msg_id=REQUEST|fastran_000001@hcd_model@4|FRAMEWORK@Framework@0|29,status=0, args=(None,), message_id=RESPONSE|FRAMEWORK@Framework@0|fastran_000001@hcd_model@4|374)
2025-08-15 14:03:14,264 fastran_driver_fastran_driver_2 DEBUG    _get_service_response(REQUEST|fastran_000001@fastran_driver@2|FRAMEWORK@Framework@0|136), response = ServiceResponseMessage(sender_id=FRAMEWORK@Framework@0, receiver_id=fastran_000001@fastran_driver@2, request_msg_id=REQUEST|fastran_000001@fastran_driver@2|FRAMEWORK@Framework@0|136,status=0, args=((None,),), message_id=RESPONSE|FRAMEWORK@Framework@0|fastran_000001@fastran_driver@2|375)
2025-08-15 14:03:14,264 fastran_driver_fastran_driver_2 DEBUG    _invoke_service(): getTopic  ('_IPS_MONITOR',)
2025-08-15 14:03:14,264 fastran_driver_fastran_driver_2 DEBUG    _get_service_response(REQUEST|fastran_000001@fastran_driver@2|FRAMEWORK@Framework@0|137)
2025-08-15 14:03:14,275 fastran_driver_fastran_driver_2 DEBUG    _get_service_response(REQUEST|fastran_000001@fastran_driver@2|FRAMEWORK@Framework@0|137), response = ServiceResponseMessage(sender_id=FRAMEWORK@Framework@0, receiver_id=fastran_000001@fastran_driver@2, request_msg_id=REQUEST|fastran_000001@fastran_driver@2|FRAMEWORK@Framework@0|137,status=0, args=(<ipsframework.cca_es_spec.Topic object at 0x15412441cee0>,), message_id=RESPONSE|FRAMEWORK@Framework@0|fastran_000001@fastran_driver@2|376)
2025-08-15 14:03:14,275 fastran_driver_fastran_driver_2 DEBUG    _invoke_service(): sendEvent  ('_IPS_MONITOR', 'PORTAL_EVENT', {'sim_name': 'fastran_000001', 'real_sim_name': 'fastran_000001', 'portal_data': {'code': 'fastran_driver_fastran_driver', 'eventtype': 'IPS_CALL_END', 'ok': True, 'walltime': '54.98', 'time': '2025-08-15|14:03:14PDT', 'trace': {'timestamp': 1755291793907192, 'duration': 357355, 'localEndpoint': {'serviceName': 'fastran_000001@hcd_model@4'}, 'name': 'step(preprocess_2)', 'id': 'd108d1977b88772c', 'parentId': '15e0663de819b9fa', 'tags': {}}, 'state': 'Running', 'comment': 'Target = fastran_000001@hcd_model@4:step(preprocess_2)'}})
2025-08-15 14:03:14,275 fastran_driver_fastran_driver_2 DEBUG    _get_service_response(REQUEST|fastran_000001@fastran_driver@2|FRAMEWORK@Framework@0|138)
2025-08-15 14:03:14,286 fastran_driver_fastran_driver_2 DEBUG    _get_service_response(REQUEST|fastran_000001@fastran_driver@2|FRAMEWORK@Framework@0|138), response = ServiceResponseMessage(sender_id=FRAMEWORK@Framework@0, receiver_id=fastran_000001@fastran_driver@2, request_msg_id=REQUEST|fastran_000001@fastran_driver@2|FRAMEWORK@Framework@0|138,status=0, args=(None,), message_id=RESPONSE|FRAMEWORK@Framework@0|fastran_000001@fastran_driver@2|377)
2025-08-15 14:03:14,288 fastran_driver_fastran_driver_2 DEBUG    _invoke_service(): getTopic  ('_IPS_MONITOR',)
2025-08-15 14:03:14,288 fastran_driver_fastran_driver_2 DEBUG    _get_service_response(REQUEST|fastran_000001@fastran_driver@2|FRAMEWORK@Framework@0|139)
2025-08-15 14:03:14,298 fastran_driver_fastran_driver_2 DEBUG    _get_service_response(REQUEST|fastran_000001@fastran_driver@2|FRAMEWORK@Framework@0|139), response = ServiceResponseMessage(sender_id=FRAMEWORK@Framework@0, receiver_id=fastran_000001@fastran_driver@2, request_msg_id=REQUEST|fastran_000001@fastran_driver@2|FRAMEWORK@Framework@0|139,status=0, args=(<ipsframework.cca_es_spec.Topic object at 0x15412441ce20>,), message_id=RESPONSE|FRAMEWORK@Framework@0|fastran_000001@fastran_driver@2|378)
2025-08-15 14:03:14,298 fastran_driver_fastran_driver_2 DEBUG    _invoke_service(): sendEvent  ('_IPS_MONITOR', 'PORTAL_EVENT', {'sim_name': 'fastran_000001', 'real_sim_name': 'fastran_000001', 'portal_data': {'code': 'fastran_driver_fastran_driver', 'eventtype': 'IPS_CALL_BEGIN', 'ok': True, 'walltime': '55.01', 'time': '2025-08-15|14:03:14PDT', 'state': 'Running', 'comment': 'Target = fastran_000001@fastran@5:step(preprocess_2)'}})
2025-08-15 14:03:14,299 fastran_driver_fastran_driver_2 DEBUG    _get_service_response(REQUEST|fastran_000001@fastran_driver@2|FRAMEWORK@Framework@0|140)
2025-08-15 14:03:14,309 fastran_driver_fastran_driver_2 DEBUG    _get_service_response(REQUEST|fastran_000001@fastran_driver@2|FRAMEWORK@Framework@0|140), response = ServiceResponseMessage(sender_id=FRAMEWORK@Framework@0, receiver_id=fastran_000001@fastran_driver@2, request_msg_id=REQUEST|fastran_000001@fastran_driver@2|FRAMEWORK@Framework@0|140,status=0, args=(None,), message_id=RESPONSE|FRAMEWORK@Framework@0|fastran_000001@fastran_driver@2|379)
2025-08-15 14:03:14,309 fastran_driver_fastran_driver_2 DEBUG    _invoke_service(): init_call  ('step', 'preprocess_2')
2025-08-15 14:03:14,309 fastran_driver_fastran_driver_2 DEBUG    _get_service_response(REQUEST|fastran_000001@fastran_driver@2|FRAMEWORK@Framework@0|141)
2025-08-15 14:03:14,310 fastran_tr0_fastran_5 DEBUG    Received Message 
2025-08-15 14:03:14,310 fastran_tr0_fastran_5 DEBUG    Calling method step(preprocess_2)
2025-08-15 14:03:14,311 fastran_tr0_fastran_5 DEBUG    _invoke_service(): stage_state  (['s000001.00001', 'g000001.00001', 'i000001.00001'], '/global/homes/y/yashu_gh/FREDA_EP/ips-fastran/examples_new/far3d/example1/SCAN/work/plasma_state', '/global/homes/y/yashu_gh/FREDA_EP/ips-fastran/examples_new/far3d/example1/SCAN/work/fastran_tr0_fastran_5')
2025-08-15 14:03:14,311 fastran_tr0_fastran_5 DEBUG    _get_service_response(REQUEST|fastran_000001@fastran@5|FRAMEWORK@Framework@0|32)
2025-08-15 14:03:14,320 fastran_driver_fastran_driver_2 DEBUG    _get_service_response(REQUEST|fastran_000001@fastran_driver@2|FRAMEWORK@Framework@0|141), response = ServiceResponseMessage(sender_id=FRAMEWORK@Framework@0, receiver_id=fastran_000001@fastran_driver@2, request_msg_id=REQUEST|fastran_000001@fastran_driver@2|FRAMEWORK@Framework@0|141,status=0, args=(29,), message_id=RESPONSE|FRAMEWORK@Framework@0|fastran_000001@fastran_driver@2|380)
2025-08-15 14:03:14,320 fastran_driver_fastran_driver_2 DEBUG    _invoke_service(): wait_call  (29, True)
2025-08-15 14:03:14,320 fastran_driver_fastran_driver_2 DEBUG    _get_service_response(REQUEST|fastran_000001@fastran_driver@2|FRAMEWORK@Framework@0|142)
2025-08-15 14:03:14,374 fastran_tr0_fastran_5 DEBUG    _get_service_response(REQUEST|fastran_000001@fastran@5|FRAMEWORK@Framework@0|32), response = ServiceResponseMessage(sender_id=FRAMEWORK@Framework@0, receiver_id=fastran_000001@fastran@5, request_msg_id=REQUEST|fastran_000001@fastran@5|FRAMEWORK@Framework@0|32,status=0, args=(0,), message_id=RESPONSE|FRAMEWORK@Framework@0|fastran_000001@fastran@5|381)
2025-08-15 14:03:14,375 fastran_tr0_fastran_5 DEBUG    _invoke_service(): getTopic  ('_IPS_MONITOR',)
2025-08-15 14:03:14,375 fastran_tr0_fastran_5 DEBUG    _get_service_response(REQUEST|fastran_000001@fastran@5|FRAMEWORK@Framework@0|33)
2025-08-15 14:03:14,385 fastran_tr0_fastran_5 DEBUG    _get_service_response(REQUEST|fastran_000001@fastran@5|FRAMEWORK@Framework@0|33), response = ServiceResponseMessage(sender_id=FRAMEWORK@Framework@0, receiver_id=fastran_000001@fastran@5, request_msg_id=REQUEST|fastran_000001@fastran@5|FRAMEWORK@Framework@0|33,status=0, args=(<ipsframework.cca_es_spec.Topic object at 0x154124367bb0>,), message_id=RESPONSE|FRAMEWORK@Framework@0|fastran_000001@fastran@5|382)
2025-08-15 14:03:14,385 fastran_tr0_fastran_5 DEBUG    _invoke_service(): sendEvent  ('_IPS_MONITOR', 'PORTAL_EVENT', {'sim_name': 'fastran_000001', 'real_sim_name': 'fastran_000001', 'portal_data': {'code': 'fastran_tr0_fastran', 'eventtype': 'IPS_STAGE_STATE', 'ok': True, 'walltime': '55.09', 'time': '2025-08-15|14:03:14PDT', 'trace': {'timestamp': 1755291794311621, 'duration': 63399, 'localEndpoint': {'serviceName': 'stage_state'}, 'name': "['s000001.00001', 'g000001.00001', 'i000001.00001']", 'id': '71885aecf25d7412', 'parentId': '175bcf41af90edcf', 'tags': {}}, 'state': 'Running', 'comment': 'Elapsed time = 0.063  files = s000001.00001 g000001.00001 i000001.00001 Success'}})
2025-08-15 14:03:14,386 fastran_tr0_fastran_5 DEBUG    _get_service_response(REQUEST|fastran_000001@fastran@5|FRAMEWORK@Framework@0|34)
2025-08-15 14:03:14,396 fastran_tr0_fastran_5 DEBUG    _get_service_response(REQUEST|fastran_000001@fastran@5|FRAMEWORK@Framework@0|34), response = ServiceResponseMessage(sender_id=FRAMEWORK@Framework@0, receiver_id=fastran_000001@fastran@5, request_msg_id=REQUEST|fastran_000001@fastran@5|FRAMEWORK@Framework@0|34,status=0, args=(None,), message_id=RESPONSE|FRAMEWORK@Framework@0|fastran_000001@fastran@5|383)
2025-08-15 14:03:14,435 fastran_tr0_fastran_5 DEBUG    _invoke_service(): getTopic  ('_IPS_MONITOR',)
2025-08-15 14:03:14,435 fastran_tr0_fastran_5 DEBUG    _get_service_response(REQUEST|fastran_000001@fastran@5|FRAMEWORK@Framework@0|35)
2025-08-15 14:03:14,446 fastran_tr0_fastran_5 DEBUG    _get_service_response(REQUEST|fastran_000001@fastran@5|FRAMEWORK@Framework@0|35), response = ServiceResponseMessage(sender_id=FRAMEWORK@Framework@0, receiver_id=fastran_000001@fastran@5, request_msg_id=REQUEST|fastran_000001@fastran@5|FRAMEWORK@Framework@0|35,status=0, args=(<ipsframework.cca_es_spec.Topic object at 0x154124367cd0>,), message_id=RESPONSE|FRAMEWORK@Framework@0|fastran_000001@fastran@5|384)
2025-08-15 14:03:14,446 fastran_tr0_fastran_5 DEBUG    _invoke_service(): sendEvent  ('_IPS_MONITOR', 'PORTAL_EVENT', {'sim_name': 'fastran_000001', 'real_sim_name': 'fastran_000001', 'portal_data': {'code': 'fastran_tr0_fastran', 'eventtype': 'IPS_STAGE_INPUTS', 'ok': True, 'walltime': '55.16', 'time': '2025-08-15|14:03:14PDT', 'trace': {'timestamp': 1755291794398825, 'duration': 36635, 'localEndpoint': {'serviceName': 'stage_input_files'}, 'name': 'infastran0 intglf', 'id': 'dca1af508bf5af99', 'parentId': '175bcf41af90edcf', 'tags': {}}, 'state': 'Running', 'comment': 'Elapsed time = 0.037 Path = /global/homes/y/yashu_gh/FREDA_EP/ips-fastran/examples_new/far3d/example1/input Files = infastran0 intglf'}})
2025-08-15 14:03:14,446 fastran_tr0_fastran_5 DEBUG    _get_service_response(REQUEST|fastran_000001@fastran@5|FRAMEWORK@Framework@0|36)
2025-08-15 14:03:14,456 fastran_tr0_fastran_5 DEBUG    _get_service_response(REQUEST|fastran_000001@fastran@5|FRAMEWORK@Framework@0|36), response = ServiceResponseMessage(sender_id=FRAMEWORK@Framework@0, receiver_id=fastran_000001@fastran@5, request_msg_id=REQUEST|fastran_000001@fastran@5|FRAMEWORK@Framework@0|36,status=0, args=(None,), message_id=RESPONSE|FRAMEWORK@Framework@0|fastran_000001@fastran@5|385)
2025-08-15 14:03:14,609 fastran_tr0_fastran_5 DEBUG    _invoke_service(): init_task  (TaskInit(nproc=1, binary='/global/common/software/atom/perlmutter/binaries/fastran/default/xfastran_ver1.06', working_dir='/global/homes/y/yashu_gh/FREDA_EP/ips-fastran/examples_new/far3d/example1/SCAN/work/fastran_tr0_fastran_5', tppn=0, tcpp=0, tgpp=0, block=True, omp=False, wnodes=True, wsocks=True, cmd_args=('1', '1')),)
2025-08-15 14:03:14,609 fastran_tr0_fastran_5 DEBUG    _get_service_response(REQUEST|fastran_000001@fastran@5|FRAMEWORK@Framework@0|37)
2025-08-15 14:03:14,620 fastran_tr0_fastran_5 DEBUG    _get_service_response(REQUEST|fastran_000001@fastran@5|FRAMEWORK@Framework@0|37), response = ServiceResponseMessage(sender_id=FRAMEWORK@Framework@0, receiver_id=fastran_000001@fastran@5, request_msg_id=REQUEST|fastran_000001@fastran@5|FRAMEWORK@Framework@0|37,status=0, args=((4, 'srun -N 1 -n 1 -c 128 --threads-per-core=1 --cpu-bind=cores /global/common/software/atom/perlmutter/binaries/fastran/default/xfastran_ver1.06 1 1', None, 128),), message_id=RESPONSE|FRAMEWORK@Framework@0|fastran_000001@fastran@5|387)
2025-08-15 14:03:14,622 fastran_tr0_fastran_5 DEBUG    Launching command : srun -N 1 -n 1 -c 128 --threads-per-core=1 --cpu-bind=cores /global/common/software/atom/perlmutter/binaries/fastran/default/xfastran_ver1.06 1 1
2025-08-15 14:03:14,643 fastran_tr0_fastran_5 DEBUG    _invoke_service(): getTopic  ('_IPS_MONITOR',)
2025-08-15 14:03:14,643 fastran_tr0_fastran_5 DEBUG    _get_service_response(REQUEST|fastran_000001@fastran@5|FRAMEWORK@Framework@0|38)
2025-08-15 14:03:14,654 fastran_tr0_fastran_5 DEBUG    _get_service_response(REQUEST|fastran_000001@fastran@5|FRAMEWORK@Framework@0|38), response = ServiceResponseMessage(sender_id=FRAMEWORK@Framework@0, receiver_id=fastran_000001@fastran@5, request_msg_id=REQUEST|fastran_000001@fastran@5|FRAMEWORK@Framework@0|38,status=0, args=(<ipsframework.cca_es_spec.Topic object at 0x154124367a00>,), message_id=RESPONSE|FRAMEWORK@Framework@0|fastran_000001@fastran@5|388)
2025-08-15 14:03:14,654 fastran_tr0_fastran_5 DEBUG    _invoke_service(): sendEvent  ('_IPS_MONITOR', 'PORTAL_EVENT', {'sim_name': 'fastran_000001', 'real_sim_name': 'fastran_000001', 'portal_data': {'code': 'fastran_tr0_fastran', 'eventtype': 'IPS_LAUNCH_TASK', 'ok': True, 'walltime': '55.36', 'time': '2025-08-15|14:03:14PDT', 'state': 'Running', 'comment': 'task_id = 4 , Tag = None , nproc = 1 , Target = srun -N 1 -n 1 -c 128 --threads-per-core=1 --cpu-bind=cores /global/common/software/atom/perlmutter/binaries/fastran/default/xfastran_ver1.06 1 1'}})
2025-08-15 14:03:14,654 fastran_tr0_fastran_5 DEBUG    _get_service_response(REQUEST|fastran_000001@fastran@5|FRAMEWORK@Framework@0|39)
2025-08-15 14:03:14,665 fastran_tr0_fastran_5 DEBUG    _get_service_response(REQUEST|fastran_000001@fastran@5|FRAMEWORK@Framework@0|39), response = ServiceResponseMessage(sender_id=FRAMEWORK@Framework@0, receiver_id=fastran_000001@fastran@5, request_msg_id=REQUEST|fastran_000001@fastran@5|FRAMEWORK@Framework@0|39,status=0, args=(None,), message_id=RESPONSE|FRAMEWORK@Framework@0|fastran_000001@fastran@5|389)
2025-08-15 14:03:15,019 fastran_tr0_fastran_5 DEBUG    _invoke_service(): getTopic  ('_IPS_MONITOR',)
2025-08-15 14:03:15,019 fastran_tr0_fastran_5 DEBUG    _get_service_response(REQUEST|fastran_000001@fastran@5|FRAMEWORK@Framework@0|40)
2025-08-15 14:03:15,030 fastran_tr0_fastran_5 DEBUG    _get_service_response(REQUEST|fastran_000001@fastran@5|FRAMEWORK@Framework@0|40), response = ServiceResponseMessage(sender_id=FRAMEWORK@Framework@0, receiver_id=fastran_000001@fastran@5, request_msg_id=REQUEST|fastran_000001@fastran@5|FRAMEWORK@Framework@0|40,status=0, args=(<ipsframework.cca_es_spec.Topic object at 0x154124367eb0>,), message_id=RESPONSE|FRAMEWORK@Framework@0|fastran_000001@fastran@5|390)
2025-08-15 14:03:15,030 fastran_tr0_fastran_5 DEBUG    _invoke_service(): sendEvent  ('_IPS_MONITOR', 'PORTAL_EVENT', {'sim_name': 'fastran_000001', 'real_sim_name': 'fastran_000001', 'portal_data': {'code': 'fastran_tr0_fastran', 'eventtype': 'IPS_TASK_END', 'ok': True, 'walltime': '55.74', 'time': '2025-08-15|14:03:15PDT', 'trace': {'timestamp': 1755291794642334, 'duration': 377387, 'localEndpoint': {'serviceName': '/global/common/software/atom/perlmutter/binaries/fastran/default/xfastran_ver1.06'}, 'name': '1 1', 'id': 'a722be81d1e02171', 'parentId': '175bcf41af90edcf', 'tags': {'procs_requested': '1', 'cores_allocated': '128'}}, 'state': 'Running', 'comment': 'task_id = 4  elapsed time = 0.38 S'}})
2025-08-15 14:03:15,030 fastran_tr0_fastran_5 DEBUG    _get_service_response(REQUEST|fastran_000001@fastran@5|FRAMEWORK@Framework@0|41)
2025-08-15 14:03:15,041 fastran_tr0_fastran_5 DEBUG    _get_service_response(REQUEST|fastran_000001@fastran@5|FRAMEWORK@Framework@0|41), response = ServiceResponseMessage(sender_id=FRAMEWORK@Framework@0, receiver_id=fastran_000001@fastran@5, request_msg_id=REQUEST|fastran_000001@fastran@5|FRAMEWORK@Framework@0|41,status=0, args=(None,), message_id=RESPONSE|FRAMEWORK@Framework@0|fastran_000001@fastran@5|391)
2025-08-15 14:03:15,041 fastran_tr0_fastran_5 DEBUG    _invoke_service(): finish_task  (4, 0)
2025-08-15 14:03:15,041 fastran_tr0_fastran_5 DEBUG    _get_service_response(REQUEST|fastran_000001@fastran@5|FRAMEWORK@Framework@0|42)
2025-08-15 14:03:15,052 fastran_tr0_fastran_5 DEBUG    _get_service_response(REQUEST|fastran_000001@fastran@5|FRAMEWORK@Framework@0|42), response = ServiceResponseMessage(sender_id=FRAMEWORK@Framework@0, receiver_id=fastran_000001@fastran@5, request_msg_id=REQUEST|fastran_000001@fastran@5|FRAMEWORK@Framework@0|42,status=0, args=(0,), message_id=RESPONSE|FRAMEWORK@Framework@0|fastran_000001@fastran@5|392)
2025-08-15 14:03:15,247 fastran_tr0_fastran_5 DEBUG    _invoke_service(): update_state  (['s000001.00001', 'g000001.00001', 'i000001.00001'], '/global/homes/y/yashu_gh/FREDA_EP/ips-fastran/examples_new/far3d/example1/SCAN/work/fastran_tr0_fastran_5', '/global/homes/y/yashu_gh/FREDA_EP/ips-fastran/examples_new/far3d/example1/SCAN/work/plasma_state')
2025-08-15 14:03:15,247 fastran_tr0_fastran_5 DEBUG    _get_service_response(REQUEST|fastran_000001@fastran@5|FRAMEWORK@Framework@0|43)
2025-08-15 14:03:15,305 fastran_tr0_fastran_5 DEBUG    _get_service_response(REQUEST|fastran_000001@fastran@5|FRAMEWORK@Framework@0|43), response = ServiceResponseMessage(sender_id=FRAMEWORK@Framework@0, receiver_id=fastran_000001@fastran@5, request_msg_id=REQUEST|fastran_000001@fastran@5|FRAMEWORK@Framework@0|43,status=0, args=(0,), message_id=RESPONSE|FRAMEWORK@Framework@0|fastran_000001@fastran@5|394)
2025-08-15 14:03:15,305 fastran_tr0_fastran_5 DEBUG    _invoke_service(): getTopic  ('_IPS_MONITOR',)
2025-08-15 14:03:15,305 fastran_tr0_fastran_5 DEBUG    _get_service_response(REQUEST|fastran_000001@fastran@5|FRAMEWORK@Framework@0|44)
2025-08-15 14:03:15,316 fastran_tr0_fastran_5 DEBUG    _get_service_response(REQUEST|fastran_000001@fastran@5|FRAMEWORK@Framework@0|44), response = ServiceResponseMessage(sender_id=FRAMEWORK@Framework@0, receiver_id=fastran_000001@fastran@5, request_msg_id=REQUEST|fastran_000001@fastran@5|FRAMEWORK@Framework@0|44,status=0, args=(<ipsframework.cca_es_spec.Topic object at 0x154124367c40>,), message_id=RESPONSE|FRAMEWORK@Framework@0|fastran_000001@fastran@5|395)
2025-08-15 14:03:15,316 fastran_tr0_fastran_5 DEBUG    _invoke_service(): sendEvent  ('_IPS_MONITOR', 'PORTAL_EVENT', {'sim_name': 'fastran_000001', 'real_sim_name': 'fastran_000001', 'portal_data': {'code': 'fastran_tr0_fastran', 'eventtype': 'IPS_UPDATE_STATE', 'ok': True, 'walltime': '56.03', 'time': '2025-08-15|14:03:15PDT', 'trace': {'timestamp': 1755291795246989, 'duration': 58718, 'localEndpoint': {'serviceName': 'update_state'}, 'name': "['s000001.00001', 'g000001.00001', 'i000001.00001']", 'id': '7629e189a66153c0', 'parentId': '175bcf41af90edcf', 'tags': {}}, 'state': 'Running', 'comment': 'Elapsed time = 0.059   files = s000001.00001 g000001.00001 i000001.00001 Success'}})
2025-08-15 14:03:15,316 fastran_tr0_fastran_5 DEBUG    _get_service_response(REQUEST|fastran_000001@fastran@5|FRAMEWORK@Framework@0|45)
2025-08-15 14:03:15,326 fastran_tr0_fastran_5 DEBUG    _get_service_response(REQUEST|fastran_000001@fastran@5|FRAMEWORK@Framework@0|45), response = ServiceResponseMessage(sender_id=FRAMEWORK@Framework@0, receiver_id=fastran_000001@fastran@5, request_msg_id=REQUEST|fastran_000001@fastran@5|FRAMEWORK@Framework@0|45,status=0, args=(None,), message_id=RESPONSE|FRAMEWORK@Framework@0|fastran_000001@fastran@5|396)
2025-08-15 14:03:15,509 fastran_tr0_fastran_5 DEBUG    _invoke_service(): getTopic  ('_IPS_MONITOR',)
2025-08-15 14:03:15,509 fastran_tr0_fastran_5 DEBUG    _get_service_response(REQUEST|fastran_000001@fastran@5|FRAMEWORK@Framework@0|46)
2025-08-15 14:03:15,519 fastran_tr0_fastran_5 DEBUG    _get_service_response(REQUEST|fastran_000001@fastran@5|FRAMEWORK@Framework@0|46), response = ServiceResponseMessage(sender_id=FRAMEWORK@Framework@0, receiver_id=fastran_000001@fastran@5, request_msg_id=REQUEST|fastran_000001@fastran@5|FRAMEWORK@Framework@0|46,status=0, args=(<ipsframework.cca_es_spec.Topic object at 0x154124367c70>,), message_id=RESPONSE|FRAMEWORK@Framework@0|fastran_000001@fastran@5|397)
2025-08-15 14:03:15,519 fastran_tr0_fastran_5 DEBUG    _invoke_service(): sendEvent  ('_IPS_MONITOR', 'PORTAL_EVENT', {'sim_name': 'fastran_000001', 'real_sim_name': 'fastran_000001', 'portal_data': {'code': 'fastran_tr0_fastran', 'eventtype': 'IPS_STAGE_OUTPUTS', 'ok': True, 'walltime': '56.23', 'time': '2025-08-15|14:03:15PDT', 'trace': {'timestamp': 1755291795326885, 'duration': 182316, 'localEndpoint': {'serviceName': 'stage_output_files'}, 'name': "['fastran.nc', 'inprof', 'inmetric', 'infastran', 'intglf', 'xfastran.log', 'i000001.00001']", 'id': '7349cfaaafc33980', 'parentId': '175bcf41af90edcf', 'tags': {}}, 'state': 'Running', 'comment': "Elapsed time = 0.182 Path = /global/homes/y/yashu_gh/FREDA_EP/ips-fastran/examples_new/far3d/example1/SCAN/simulation_results/preprocess_2/components/fastran_tr0_fastran_5 Files = ['fastran.nc', 'inprof', 'inmetric', 'infastran', 'intglf', 'xfastran.log', 'i000001.00001']"}})
2025-08-15 14:03:15,520 fastran_tr0_fastran_5 DEBUG    _get_service_response(REQUEST|fastran_000001@fastran@5|FRAMEWORK@Framework@0|47)
2025-08-15 14:03:15,531 fastran_tr0_fastran_5 DEBUG    _get_service_response(REQUEST|fastran_000001@fastran@5|FRAMEWORK@Framework@0|47), response = ServiceResponseMessage(sender_id=FRAMEWORK@Framework@0, receiver_id=fastran_000001@fastran@5, request_msg_id=REQUEST|fastran_000001@fastran@5|FRAMEWORK@Framework@0|47,status=0, args=(None,), message_id=RESPONSE|FRAMEWORK@Framework@0|fastran_000001@fastran@5|398)
2025-08-15 14:03:15,541 fastran_driver_fastran_driver_2 DEBUG    _get_service_response(REQUEST|fastran_000001@fastran_driver@2|FRAMEWORK@Framework@0|142), response = ServiceResponseMessage(sender_id=FRAMEWORK@Framework@0, receiver_id=fastran_000001@fastran_driver@2, request_msg_id=REQUEST|fastran_000001@fastran_driver@2|FRAMEWORK@Framework@0|142,status=0, args=((None,),), message_id=RESPONSE|FRAMEWORK@Framework@0|fastran_000001@fastran_driver@2|399)
2025-08-15 14:03:15,542 fastran_driver_fastran_driver_2 DEBUG    _invoke_service(): getTopic  ('_IPS_MONITOR',)
2025-08-15 14:03:15,542 fastran_driver_fastran_driver_2 DEBUG    _get_service_response(REQUEST|fastran_000001@fastran_driver@2|FRAMEWORK@Framework@0|143)
2025-08-15 14:03:15,552 fastran_driver_fastran_driver_2 DEBUG    _get_service_response(REQUEST|fastran_000001@fastran_driver@2|FRAMEWORK@Framework@0|143), response = ServiceResponseMessage(sender_id=FRAMEWORK@Framework@0, receiver_id=fastran_000001@fastran_driver@2, request_msg_id=REQUEST|fastran_000001@fastran_driver@2|FRAMEWORK@Framework@0|143,status=0, args=(<ipsframework.cca_es_spec.Topic object at 0x15412441cee0>,), message_id=RESPONSE|FRAMEWORK@Framework@0|fastran_000001@fastran_driver@2|400)
2025-08-15 14:03:15,552 fastran_driver_fastran_driver_2 DEBUG    _invoke_service(): sendEvent  ('_IPS_MONITOR', 'PORTAL_EVENT', {'sim_name': 'fastran_000001', 'real_sim_name': 'fastran_000001', 'portal_data': {'code': 'fastran_driver_fastran_driver', 'eventtype': 'IPS_CALL_END', 'ok': True, 'walltime': '56.26', 'time': '2025-08-15|14:03:15PDT', 'trace': {'timestamp': 1755291794320866, 'duration': 1221129, 'localEndpoint': {'serviceName': 'fastran_000001@fastran@5'}, 'name': 'step(preprocess_2)', 'id': '175bcf41af90edcf', 'parentId': '15e0663de819b9fa', 'tags': {}}, 'state': 'Running', 'comment': 'Target = fastran_000001@fastran@5:step(preprocess_2)'}})
2025-08-15 14:03:15,552 fastran_driver_fastran_driver_2 DEBUG    _get_service_response(REQUEST|fastran_000001@fastran_driver@2|FRAMEWORK@Framework@0|144)
2025-08-15 14:03:15,563 fastran_driver_fastran_driver_2 DEBUG    _get_service_response(REQUEST|fastran_000001@fastran_driver@2|FRAMEWORK@Framework@0|144), response = ServiceResponseMessage(sender_id=FRAMEWORK@Framework@0, receiver_id=fastran_000001@fastran_driver@2, request_msg_id=REQUEST|fastran_000001@fastran_driver@2|FRAMEWORK@Framework@0|144,status=0, args=(None,), message_id=RESPONSE|FRAMEWORK@Framework@0|fastran_000001@fastran_driver@2|401)
2025-08-15 14:03:15,565 fastran_driver_fastran_driver_2 DEBUG    _invoke_service(): getTopic  ('_IPS_MONITOR',)
2025-08-15 14:03:15,565 fastran_driver_fastran_driver_2 DEBUG    _get_service_response(REQUEST|fastran_000001@fastran_driver@2|FRAMEWORK@Framework@0|145)
2025-08-15 14:03:15,576 fastran_driver_fastran_driver_2 DEBUG    _get_service_response(REQUEST|fastran_000001@fastran_driver@2|FRAMEWORK@Framework@0|145), response = ServiceResponseMessage(sender_id=FRAMEWORK@Framework@0, receiver_id=fastran_000001@fastran_driver@2, request_msg_id=REQUEST|fastran_000001@fastran_driver@2|FRAMEWORK@Framework@0|145,status=0, args=(<ipsframework.cca_es_spec.Topic object at 0x15412441cf10>,), message_id=RESPONSE|FRAMEWORK@Framework@0|fastran_000001@fastran_driver@2|402)
2025-08-15 14:03:15,576 fastran_driver_fastran_driver_2 DEBUG    _invoke_service(): sendEvent  ('_IPS_MONITOR', 'PORTAL_EVENT', {'sim_name': 'fastran_000001', 'real_sim_name': 'fastran_000001', 'portal_data': {'code': 'fastran_driver_fastran_driver', 'eventtype': 'IPS_CALL_BEGIN', 'ok': True, 'walltime': '56.29', 'time': '2025-08-15|14:03:15PDT', 'state': 'Running', 'comment': 'Target = fastran_000001@modeleq_constraint@6:step(preprocess_2)'}})
2025-08-15 14:03:15,576 fastran_driver_fastran_driver_2 DEBUG    _get_service_response(REQUEST|fastran_000001@fastran_driver@2|FRAMEWORK@Framework@0|146)
2025-08-15 14:03:15,587 fastran_driver_fastran_driver_2 DEBUG    _get_service_response(REQUEST|fastran_000001@fastran_driver@2|FRAMEWORK@Framework@0|146), response = ServiceResponseMessage(sender_id=FRAMEWORK@Framework@0, receiver_id=fastran_000001@fastran_driver@2, request_msg_id=REQUEST|fastran_000001@fastran_driver@2|FRAMEWORK@Framework@0|146,status=0, args=(None,), message_id=RESPONSE|FRAMEWORK@Framework@0|fastran_000001@fastran_driver@2|404)
2025-08-15 14:03:15,587 fastran_driver_fastran_driver_2 DEBUG    _invoke_service(): init_call  ('step', 'preprocess_2')
2025-08-15 14:03:15,587 fastran_driver_fastran_driver_2 DEBUG    _get_service_response(REQUEST|fastran_000001@fastran_driver@2|FRAMEWORK@Framework@0|147)
2025-08-15 14:03:15,588 fastran__modeleq_constraint_6 DEBUG    Received Message 
2025-08-15 14:03:15,588 fastran__modeleq_constraint_6 DEBUG    Calling method step(preprocess_2)
2025-08-15 14:03:15,589 fastran__modeleq_constraint_6 DEBUG    _invoke_service(): stage_state  (['s000001.00001', 'g000001.00001', 'i000001.00001'], '/global/homes/y/yashu_gh/FREDA_EP/ips-fastran/examples_new/far3d/example1/SCAN/work/plasma_state', '/global/homes/y/yashu_gh/FREDA_EP/ips-fastran/examples_new/far3d/example1/SCAN/work/fastran__modeleq_constraint_6')
2025-08-15 14:03:15,589 fastran__modeleq_constraint_6 DEBUG    _get_service_response(REQUEST|fastran_000001@modeleq_constraint@6|FRAMEWORK@Framework@0|16)
2025-08-15 14:03:15,598 fastran_driver_fastran_driver_2 DEBUG    _get_service_response(REQUEST|fastran_000001@fastran_driver@2|FRAMEWORK@Framework@0|147), response = ServiceResponseMessage(sender_id=FRAMEWORK@Framework@0, receiver_id=fastran_000001@fastran_driver@2, request_msg_id=REQUEST|fastran_000001@fastran_driver@2|FRAMEWORK@Framework@0|147,status=0, args=(30,), message_id=RESPONSE|FRAMEWORK@Framework@0|fastran_000001@fastran_driver@2|405)
2025-08-15 14:03:15,598 fastran_driver_fastran_driver_2 DEBUG    _invoke_service(): wait_call  (30, True)
2025-08-15 14:03:15,598 fastran_driver_fastran_driver_2 DEBUG    _get_service_response(REQUEST|fastran_000001@fastran_driver@2|FRAMEWORK@Framework@0|148)
2025-08-15 14:03:15,711 fastran__modeleq_constraint_6 DEBUG    _get_service_response(REQUEST|fastran_000001@modeleq_constraint@6|FRAMEWORK@Framework@0|16), response = ServiceResponseMessage(sender_id=FRAMEWORK@Framework@0, receiver_id=fastran_000001@modeleq_constraint@6, request_msg_id=REQUEST|fastran_000001@modeleq_constraint@6|FRAMEWORK@Framework@0|16,status=0, args=(0,), message_id=RESPONSE|FRAMEWORK@Framework@0|fastran_000001@modeleq_constraint@6|406)
2025-08-15 14:03:15,711 fastran__modeleq_constraint_6 DEBUG    _invoke_service(): getTopic  ('_IPS_MONITOR',)
2025-08-15 14:03:15,711 fastran__modeleq_constraint_6 DEBUG    _get_service_response(REQUEST|fastran_000001@modeleq_constraint@6|FRAMEWORK@Framework@0|17)
2025-08-15 14:03:15,722 fastran__modeleq_constraint_6 DEBUG    _get_service_response(REQUEST|fastran_000001@modeleq_constraint@6|FRAMEWORK@Framework@0|17), response = ServiceResponseMessage(sender_id=FRAMEWORK@Framework@0, receiver_id=fastran_000001@modeleq_constraint@6, request_msg_id=REQUEST|fastran_000001@modeleq_constraint@6|FRAMEWORK@Framework@0|17,status=0, args=(<ipsframework.cca_es_spec.Topic object at 0x154124397490>,), message_id=RESPONSE|FRAMEWORK@Framework@0|fastran_000001@modeleq_constraint@6|407)
2025-08-15 14:03:15,722 fastran__modeleq_constraint_6 DEBUG    _invoke_service(): sendEvent  ('_IPS_MONITOR', 'PORTAL_EVENT', {'sim_name': 'fastran_000001', 'real_sim_name': 'fastran_000001', 'portal_data': {'code': 'fastran__modeleq_constraint', 'eventtype': 'IPS_STAGE_STATE', 'ok': True, 'walltime': '56.43', 'time': '2025-08-15|14:03:15PDT', 'trace': {'timestamp': 1755291795588965, 'duration': 122553, 'localEndpoint': {'serviceName': 'stage_state'}, 'name': "['s000001.00001', 'g000001.00001', 'i000001.00001']", 'id': '71885aecf25d7412', 'parentId': 'f8a7037e97779d26', 'tags': {}}, 'state': 'Running', 'comment': 'Elapsed time = 0.123  files = s000001.00001 g000001.00001 i000001.00001 Success'}})
2025-08-15 14:03:15,722 fastran__modeleq_constraint_6 DEBUG    _get_service_response(REQUEST|fastran_000001@modeleq_constraint@6|FRAMEWORK@Framework@0|18)
2025-08-15 14:03:15,733 fastran__modeleq_constraint_6 DEBUG    _get_service_response(REQUEST|fastran_000001@modeleq_constraint@6|FRAMEWORK@Framework@0|18), response = ServiceResponseMessage(sender_id=FRAMEWORK@Framework@0, receiver_id=fastran_000001@modeleq_constraint@6, request_msg_id=REQUEST|fastran_000001@modeleq_constraint@6|FRAMEWORK@Framework@0|18,status=0, args=(None,), message_id=RESPONSE|FRAMEWORK@Framework@0|fastran_000001@modeleq_constraint@6|408)
2025-08-15 14:03:17,310 fastran__modeleq_constraint_6 DEBUG    _invoke_service(): update_state  (['s000001.00001', 'g000001.00001', 'i000001.00001'], '/global/homes/y/yashu_gh/FREDA_EP/ips-fastran/examples_new/far3d/example1/SCAN/work/fastran__modeleq_constraint_6', '/global/homes/y/yashu_gh/FREDA_EP/ips-fastran/examples_new/far3d/example1/SCAN/work/plasma_state')
2025-08-15 14:03:17,310 fastran__modeleq_constraint_6 DEBUG    _get_service_response(REQUEST|fastran_000001@modeleq_constraint@6|FRAMEWORK@Framework@0|19)
2025-08-15 14:03:17,433 fastran__modeleq_constraint_6 DEBUG    _get_service_response(REQUEST|fastran_000001@modeleq_constraint@6|FRAMEWORK@Framework@0|19), response = ServiceResponseMessage(sender_id=FRAMEWORK@Framework@0, receiver_id=fastran_000001@modeleq_constraint@6, request_msg_id=REQUEST|fastran_000001@modeleq_constraint@6|FRAMEWORK@Framework@0|19,status=0, args=(0,), message_id=RESPONSE|FRAMEWORK@Framework@0|fastran_000001@modeleq_constraint@6|412)
2025-08-15 14:03:17,434 fastran__modeleq_constraint_6 DEBUG    _invoke_service(): getTopic  ('_IPS_MONITOR',)
2025-08-15 14:03:17,434 fastran__modeleq_constraint_6 DEBUG    _get_service_response(REQUEST|fastran_000001@modeleq_constraint@6|FRAMEWORK@Framework@0|20)
2025-08-15 14:03:17,444 fastran__modeleq_constraint_6 DEBUG    _get_service_response(REQUEST|fastran_000001@modeleq_constraint@6|FRAMEWORK@Framework@0|20), response = ServiceResponseMessage(sender_id=FRAMEWORK@Framework@0, receiver_id=fastran_000001@modeleq_constraint@6, request_msg_id=REQUEST|fastran_000001@modeleq_constraint@6|FRAMEWORK@Framework@0|20,status=0, args=(<ipsframework.cca_es_spec.Topic object at 0x1541243a30d0>,), message_id=RESPONSE|FRAMEWORK@Framework@0|fastran_000001@modeleq_constraint@6|413)
2025-08-15 14:03:17,445 fastran__modeleq_constraint_6 DEBUG    _invoke_service(): sendEvent  ('_IPS_MONITOR', 'PORTAL_EVENT', {'sim_name': 'fastran_000001', 'real_sim_name': 'fastran_000001', 'portal_data': {'code': 'fastran__modeleq_constraint', 'eventtype': 'IPS_UPDATE_STATE', 'ok': True, 'walltime': '58.15', 'time': '2025-08-15|14:03:17PDT', 'trace': {'timestamp': 1755291797309451, 'duration': 124420, 'localEndpoint': {'serviceName': 'update_state'}, 'name': "['s000001.00001', 'g000001.00001', 'i000001.00001']", 'id': '7629e189a66153c0', 'parentId': 'f8a7037e97779d26', 'tags': {}}, 'state': 'Running', 'comment': 'Elapsed time = 0.124   files = s000001.00001 g000001.00001 i000001.00001 Success'}})
2025-08-15 14:03:17,445 fastran__modeleq_constraint_6 DEBUG    _get_service_response(REQUEST|fastran_000001@modeleq_constraint@6|FRAMEWORK@Framework@0|21)
2025-08-15 14:03:17,455 fastran__modeleq_constraint_6 DEBUG    _get_service_response(REQUEST|fastran_000001@modeleq_constraint@6|FRAMEWORK@Framework@0|21), response = ServiceResponseMessage(sender_id=FRAMEWORK@Framework@0, receiver_id=fastran_000001@modeleq_constraint@6, request_msg_id=REQUEST|fastran_000001@modeleq_constraint@6|FRAMEWORK@Framework@0|21,status=0, args=(None,), message_id=RESPONSE|FRAMEWORK@Framework@0|fastran_000001@modeleq_constraint@6|414)
2025-08-15 14:03:17,458 fastran__modeleq_constraint_6 DEBUG    _invoke_service(): getTopic  ('_IPS_MONITOR',)
2025-08-15 14:03:17,458 fastran__modeleq_constraint_6 DEBUG    _get_service_response(REQUEST|fastran_000001@modeleq_constraint@6|FRAMEWORK@Framework@0|22)
2025-08-15 14:03:17,469 fastran__modeleq_constraint_6 DEBUG    _get_service_response(REQUEST|fastran_000001@modeleq_constraint@6|FRAMEWORK@Framework@0|22), response = ServiceResponseMessage(sender_id=FRAMEWORK@Framework@0, receiver_id=fastran_000001@modeleq_constraint@6, request_msg_id=REQUEST|fastran_000001@modeleq_constraint@6|FRAMEWORK@Framework@0|22,status=0, args=(<ipsframework.cca_es_spec.Topic object at 0x1541243a3220>,), message_id=RESPONSE|FRAMEWORK@Framework@0|fastran_000001@modeleq_constraint@6|415)
2025-08-15 14:03:17,469 fastran__modeleq_constraint_6 DEBUG    _invoke_service(): sendEvent  ('_IPS_MONITOR', 'PORTAL_EVENT', {'sim_name': 'fastran_000001', 'real_sim_name': 'fastran_000001', 'portal_data': {'code': 'fastran__modeleq_constraint', 'eventtype': 'IPS_STAGE_OUTPUTS', 'ok': True, 'walltime': '58.18', 'time': '2025-08-15|14:03:17PDT', 'trace': {'timestamp': 1755291797455771, 'duration': 3051, 'localEndpoint': {'serviceName': 'stage_output_files'}, 'name': '[]', 'id': 'ed019efe11be26d9', 'parentId': 'f8a7037e97779d26', 'tags': {}}, 'state': 'Running', 'comment': 'Elapsed time = 0.003 Path = /global/homes/y/yashu_gh/FREDA_EP/ips-fastran/examples_new/far3d/example1/SCAN/simulation_results/preprocess_2/components/fastran__modeleq_constraint_6 Files = []'}})
2025-08-15 14:03:17,469 fastran__modeleq_constraint_6 DEBUG    _get_service_response(REQUEST|fastran_000001@modeleq_constraint@6|FRAMEWORK@Framework@0|23)
2025-08-15 14:03:17,480 fastran__modeleq_constraint_6 DEBUG    _get_service_response(REQUEST|fastran_000001@modeleq_constraint@6|FRAMEWORK@Framework@0|23), response = ServiceResponseMessage(sender_id=FRAMEWORK@Framework@0, receiver_id=fastran_000001@modeleq_constraint@6, request_msg_id=REQUEST|fastran_000001@modeleq_constraint@6|FRAMEWORK@Framework@0|23,status=0, args=(None,), message_id=RESPONSE|FRAMEWORK@Framework@0|fastran_000001@modeleq_constraint@6|416)
2025-08-15 14:03:17,493 fastran_driver_fastran_driver_2 DEBUG    _get_service_response(REQUEST|fastran_000001@fastran_driver@2|FRAMEWORK@Framework@0|148), response = ServiceResponseMessage(sender_id=FRAMEWORK@Framework@0, receiver_id=fastran_000001@fastran_driver@2, request_msg_id=REQUEST|fastran_000001@fastran_driver@2|FRAMEWORK@Framework@0|148,status=0, args=((None,),), message_id=RESPONSE|FRAMEWORK@Framework@0|fastran_000001@fastran_driver@2|417)
2025-08-15 14:03:17,493 fastran_driver_fastran_driver_2 DEBUG    _invoke_service(): getTopic  ('_IPS_MONITOR',)
2025-08-15 14:03:17,493 fastran_driver_fastran_driver_2 DEBUG    _get_service_response(REQUEST|fastran_000001@fastran_driver@2|FRAMEWORK@Framework@0|149)
2025-08-15 14:03:17,504 fastran_driver_fastran_driver_2 DEBUG    _get_service_response(REQUEST|fastran_000001@fastran_driver@2|FRAMEWORK@Framework@0|149), response = ServiceResponseMessage(sender_id=FRAMEWORK@Framework@0, receiver_id=fastran_000001@fastran_driver@2, request_msg_id=REQUEST|fastran_000001@fastran_driver@2|FRAMEWORK@Framework@0|149,status=0, args=(<ipsframework.cca_es_spec.Topic object at 0x15412441cee0>,), message_id=RESPONSE|FRAMEWORK@Framework@0|fastran_000001@fastran_driver@2|418)
2025-08-15 14:03:17,504 fastran_driver_fastran_driver_2 DEBUG    _invoke_service(): sendEvent  ('_IPS_MONITOR', 'PORTAL_EVENT', {'sim_name': 'fastran_000001', 'real_sim_name': 'fastran_000001', 'portal_data': {'code': 'fastran_driver_fastran_driver', 'eventtype': 'IPS_CALL_END', 'ok': True, 'walltime': '58.21', 'time': '2025-08-15|14:03:17PDT', 'trace': {'timestamp': 1755291795598075, 'duration': 1895259, 'localEndpoint': {'serviceName': 'fastran_000001@modeleq_constraint@6'}, 'name': 'step(preprocess_2)', 'id': 'f8a7037e97779d26', 'parentId': '15e0663de819b9fa', 'tags': {}}, 'state': 'Running', 'comment': 'Target = fastran_000001@modeleq_constraint@6:step(preprocess_2)'}})
2025-08-15 14:03:17,504 fastran_driver_fastran_driver_2 DEBUG    _get_service_response(REQUEST|fastran_000001@fastran_driver@2|FRAMEWORK@Framework@0|150)
2025-08-15 14:03:17,515 fastran_driver_fastran_driver_2 DEBUG    _get_service_response(REQUEST|fastran_000001@fastran_driver@2|FRAMEWORK@Framework@0|150), response = ServiceResponseMessage(sender_id=FRAMEWORK@Framework@0, receiver_id=fastran_000001@fastran_driver@2, request_msg_id=REQUEST|fastran_000001@fastran_driver@2|FRAMEWORK@Framework@0|150,status=0, args=(None,), message_id=RESPONSE|FRAMEWORK@Framework@0|fastran_000001@fastran_driver@2|419)
2025-08-15 14:03:17,518 fastran_driver_fastran_driver_2 DEBUG    _invoke_service(): getTopic  ('_IPS_MONITOR',)
2025-08-15 14:03:17,518 fastran_driver_fastran_driver_2 DEBUG    _get_service_response(REQUEST|fastran_000001@fastran_driver@2|FRAMEWORK@Framework@0|151)
2025-08-15 14:03:17,529 fastran_driver_fastran_driver_2 DEBUG    _get_service_response(REQUEST|fastran_000001@fastran_driver@2|FRAMEWORK@Framework@0|151), response = ServiceResponseMessage(sender_id=FRAMEWORK@Framework@0, receiver_id=fastran_000001@fastran_driver@2, request_msg_id=REQUEST|fastran_000001@fastran_driver@2|FRAMEWORK@Framework@0|151,status=0, args=(<ipsframework.cca_es_spec.Topic object at 0x15412441ce50>,), message_id=RESPONSE|FRAMEWORK@Framework@0|fastran_000001@fastran_driver@2|420)
2025-08-15 14:03:17,529 fastran_driver_fastran_driver_2 DEBUG    _invoke_service(): sendEvent  ('_IPS_MONITOR', 'PORTALBRIDGE_UPDATE_TIMESTAMP', {'sim_name': 'fastran_000001', 'real_sim_name': 'fastran_000001', 'portal_data': {'phystimestamp': 'preprocess_3', 'eventtype': 'PORTALBRIDGE_UPDATE_TIMESTAMP'}})
2025-08-15 14:03:17,529 fastran_driver_fastran_driver_2 DEBUG    _get_service_response(REQUEST|fastran_000001@fastran_driver@2|FRAMEWORK@Framework@0|152)
2025-08-15 14:03:17,540 fastran_driver_fastran_driver_2 DEBUG    _get_service_response(REQUEST|fastran_000001@fastran_driver@2|FRAMEWORK@Framework@0|152), response = ServiceResponseMessage(sender_id=FRAMEWORK@Framework@0, receiver_id=fastran_000001@fastran_driver@2, request_msg_id=REQUEST|fastran_000001@fastran_driver@2|FRAMEWORK@Framework@0|152,status=0, args=(None,), message_id=RESPONSE|FRAMEWORK@Framework@0|fastran_000001@fastran_driver@2|421)
2025-08-15 14:03:17,540 fastran_driver_fastran_driver_2 DEBUG    _invoke_service(): getTopic  ('_IPS_MONITOR',)
2025-08-15 14:03:17,540 fastran_driver_fastran_driver_2 DEBUG    _get_service_response(REQUEST|fastran_000001@fastran_driver@2|FRAMEWORK@Framework@0|153)
2025-08-15 14:03:17,551 fastran_driver_fastran_driver_2 DEBUG    _get_service_response(REQUEST|fastran_000001@fastran_driver@2|FRAMEWORK@Framework@0|153), response = ServiceResponseMessage(sender_id=FRAMEWORK@Framework@0, receiver_id=fastran_000001@fastran_driver@2, request_msg_id=REQUEST|fastran_000001@fastran_driver@2|FRAMEWORK@Framework@0|153,status=0, args=(<ipsframework.cca_es_spec.Topic object at 0x15412441cdf0>,), message_id=RESPONSE|FRAMEWORK@Framework@0|fastran_000001@fastran_driver@2|422)
2025-08-15 14:03:17,551 fastran_driver_fastran_driver_2 DEBUG    _invoke_service(): sendEvent  ('_IPS_MONITOR', 'PORTAL_EVENT', {'sim_name': 'fastran_000001', 'real_sim_name': 'fastran_000001', 'portal_data': {'code': 'fastran_driver_fastran_driver', 'eventtype': 'IPS_UPDATE_TIME_STAMP', 'ok': True, 'walltime': '58.26', 'time': '2025-08-15|14:03:17PDT', 'state': 'Running', 'comment': 'Timestamp = preprocess_3'}})
2025-08-15 14:03:17,551 fastran_driver_fastran_driver_2 DEBUG    _get_service_response(REQUEST|fastran_000001@fastran_driver@2|FRAMEWORK@Framework@0|154)
2025-08-15 14:03:17,562 fastran_driver_fastran_driver_2 DEBUG    _get_service_response(REQUEST|fastran_000001@fastran_driver@2|FRAMEWORK@Framework@0|154), response = ServiceResponseMessage(sender_id=FRAMEWORK@Framework@0, receiver_id=fastran_000001@fastran_driver@2, request_msg_id=REQUEST|fastran_000001@fastran_driver@2|FRAMEWORK@Framework@0|154,status=0, args=(None,), message_id=RESPONSE|FRAMEWORK@Framework@0|fastran_000001@fastran_driver@2|423)
2025-08-15 14:03:17,563 fastran_driver_fastran_driver_2 DEBUG    _invoke_service(): getTopic  ('_IPS_MONITOR',)
2025-08-15 14:03:17,563 fastran_driver_fastran_driver_2 DEBUG    _get_service_response(REQUEST|fastran_000001@fastran_driver@2|FRAMEWORK@Framework@0|155)
2025-08-15 14:03:17,574 fastran_driver_fastran_driver_2 DEBUG    _get_service_response(REQUEST|fastran_000001@fastran_driver@2|FRAMEWORK@Framework@0|155), response = ServiceResponseMessage(sender_id=FRAMEWORK@Framework@0, receiver_id=fastran_000001@fastran_driver@2, request_msg_id=REQUEST|fastran_000001@fastran_driver@2|FRAMEWORK@Framework@0|155,status=0, args=(<ipsframework.cca_es_spec.Topic object at 0x15412441cee0>,), message_id=RESPONSE|FRAMEWORK@Framework@0|fastran_000001@fastran_driver@2|424)
2025-08-15 14:03:17,574 fastran_driver_fastran_driver_2 DEBUG    _invoke_service(): sendEvent  ('_IPS_MONITOR', 'PORTAL_EVENT', {'sim_name': 'fastran_000001', 'real_sim_name': 'fastran_000001', 'portal_data': {'code': 'fastran_driver_fastran_driver', 'eventtype': 'IPS_CALL_BEGIN', 'ok': True, 'walltime': '58.28', 'time': '2025-08-15|14:03:17PDT', 'state': 'Running', 'comment': 'Target = fastran_000001@efit@3:step(preprocess_3)'}})
2025-08-15 14:03:17,574 fastran_driver_fastran_driver_2 DEBUG    _get_service_response(REQUEST|fastran_000001@fastran_driver@2|FRAMEWORK@Framework@0|156)
2025-08-15 14:03:17,585 fastran_driver_fastran_driver_2 DEBUG    _get_service_response(REQUEST|fastran_000001@fastran_driver@2|FRAMEWORK@Framework@0|156), response = ServiceResponseMessage(sender_id=FRAMEWORK@Framework@0, receiver_id=fastran_000001@fastran_driver@2, request_msg_id=REQUEST|fastran_000001@fastran_driver@2|FRAMEWORK@Framework@0|156,status=0, args=(None,), message_id=RESPONSE|FRAMEWORK@Framework@0|fastran_000001@fastran_driver@2|425)
2025-08-15 14:03:17,585 fastran_driver_fastran_driver_2 DEBUG    _invoke_service(): init_call  ('step', 'preprocess_3')
2025-08-15 14:03:17,585 fastran_driver_fastran_driver_2 DEBUG    _get_service_response(REQUEST|fastran_000001@fastran_driver@2|FRAMEWORK@Framework@0|157)
2025-08-15 14:03:17,586 fastran_eq0_efit_3 DEBUG    Received Message 
2025-08-15 14:03:17,586 fastran_eq0_efit_3 DEBUG    Calling method step(preprocess_3)
2025-08-15 14:03:17,587 fastran_eq0_efit_3 DEBUG    _invoke_service(): stage_state  (['s000001.00001', 'g000001.00001', 'i000001.00001'], '/global/homes/y/yashu_gh/FREDA_EP/ips-fastran/examples_new/far3d/example1/SCAN/work/plasma_state', '/global/homes/y/yashu_gh/FREDA_EP/ips-fastran/examples_new/far3d/example1/SCAN/work/fastran_eq0_efit_3')
2025-08-15 14:03:17,587 fastran_eq0_efit_3 DEBUG    _get_service_response(REQUEST|fastran_000001@efit@3|FRAMEWORK@Framework@0|30)
2025-08-15 14:03:17,596 fastran_driver_fastran_driver_2 DEBUG    _get_service_response(REQUEST|fastran_000001@fastran_driver@2|FRAMEWORK@Framework@0|157), response = ServiceResponseMessage(sender_id=FRAMEWORK@Framework@0, receiver_id=fastran_000001@fastran_driver@2, request_msg_id=REQUEST|fastran_000001@fastran_driver@2|FRAMEWORK@Framework@0|157,status=0, args=(31,), message_id=RESPONSE|FRAMEWORK@Framework@0|fastran_000001@fastran_driver@2|426)
2025-08-15 14:03:17,596 fastran_driver_fastran_driver_2 DEBUG    _invoke_service(): wait_call  (31, True)
2025-08-15 14:03:17,596 fastran_driver_fastran_driver_2 DEBUG    _get_service_response(REQUEST|fastran_000001@fastran_driver@2|FRAMEWORK@Framework@0|158)
2025-08-15 14:03:17,692 fastran_eq0_efit_3 DEBUG    _get_service_response(REQUEST|fastran_000001@efit@3|FRAMEWORK@Framework@0|30), response = ServiceResponseMessage(sender_id=FRAMEWORK@Framework@0, receiver_id=fastran_000001@efit@3, request_msg_id=REQUEST|fastran_000001@efit@3|FRAMEWORK@Framework@0|30,status=0, args=(0,), message_id=RESPONSE|FRAMEWORK@Framework@0|fastran_000001@efit@3|427)
2025-08-15 14:03:17,692 fastran_eq0_efit_3 DEBUG    _invoke_service(): getTopic  ('_IPS_MONITOR',)
2025-08-15 14:03:17,692 fastran_eq0_efit_3 DEBUG    _get_service_response(REQUEST|fastran_000001@efit@3|FRAMEWORK@Framework@0|31)
2025-08-15 14:03:17,703 fastran_eq0_efit_3 DEBUG    _get_service_response(REQUEST|fastran_000001@efit@3|FRAMEWORK@Framework@0|31), response = ServiceResponseMessage(sender_id=FRAMEWORK@Framework@0, receiver_id=fastran_000001@efit@3, request_msg_id=REQUEST|fastran_000001@efit@3|FRAMEWORK@Framework@0|31,status=0, args=(<ipsframework.cca_es_spec.Topic object at 0x1541243ac0a0>,), message_id=RESPONSE|FRAMEWORK@Framework@0|fastran_000001@efit@3|429)
2025-08-15 14:03:17,703 fastran_eq0_efit_3 DEBUG    _invoke_service(): sendEvent  ('_IPS_MONITOR', 'PORTAL_EVENT', {'sim_name': 'fastran_000001', 'real_sim_name': 'fastran_000001', 'portal_data': {'code': 'fastran_eq0_efit', 'eventtype': 'IPS_STAGE_STATE', 'ok': True, 'walltime': '58.41', 'time': '2025-08-15|14:03:17PDT', 'trace': {'timestamp': 1755291797587587, 'duration': 104798, 'localEndpoint': {'serviceName': 'stage_state'}, 'name': "['s000001.00001', 'g000001.00001', 'i000001.00001']", 'id': '71885aecf25d7412', 'parentId': 'cd3c7bd67b54862c', 'tags': {}}, 'state': 'Running', 'comment': 'Elapsed time = 0.105  files = s000001.00001 g000001.00001 i000001.00001 Success'}})
2025-08-15 14:03:17,704 fastran_eq0_efit_3 DEBUG    _get_service_response(REQUEST|fastran_000001@efit@3|FRAMEWORK@Framework@0|32)
2025-08-15 14:03:17,715 fastran_eq0_efit_3 DEBUG    _get_service_response(REQUEST|fastran_000001@efit@3|FRAMEWORK@Framework@0|32), response = ServiceResponseMessage(sender_id=FRAMEWORK@Framework@0, receiver_id=fastran_000001@efit@3, request_msg_id=REQUEST|fastran_000001@efit@3|FRAMEWORK@Framework@0|32,status=0, args=(None,), message_id=RESPONSE|FRAMEWORK@Framework@0|fastran_000001@efit@3|430)
2025-08-15 14:03:19,930 fastran_eq0_efit_3 DEBUG    _invoke_service(): update_state  (['s000001.00001', 'g000001.00001', 'i000001.00001'], '/global/homes/y/yashu_gh/FREDA_EP/ips-fastran/examples_new/far3d/example1/SCAN/work/fastran_eq0_efit_3', '/global/homes/y/yashu_gh/FREDA_EP/ips-fastran/examples_new/far3d/example1/SCAN/work/plasma_state')
2025-08-15 14:03:19,930 fastran_eq0_efit_3 DEBUG    _get_service_response(REQUEST|fastran_000001@efit@3|FRAMEWORK@Framework@0|33)
2025-08-15 14:03:20,032 fastran_eq0_efit_3 DEBUG    _get_service_response(REQUEST|fastran_000001@efit@3|FRAMEWORK@Framework@0|33), response = ServiceResponseMessage(sender_id=FRAMEWORK@Framework@0, receiver_id=fastran_000001@efit@3, request_msg_id=REQUEST|fastran_000001@efit@3|FRAMEWORK@Framework@0|33,status=0, args=(0,), message_id=RESPONSE|FRAMEWORK@Framework@0|fastran_000001@efit@3|435)
2025-08-15 14:03:20,032 fastran_eq0_efit_3 DEBUG    _invoke_service(): getTopic  ('_IPS_MONITOR',)
2025-08-15 14:03:20,033 fastran_eq0_efit_3 DEBUG    _get_service_response(REQUEST|fastran_000001@efit@3|FRAMEWORK@Framework@0|34)
2025-08-15 14:03:20,043 fastran_eq0_efit_3 DEBUG    _get_service_response(REQUEST|fastran_000001@efit@3|FRAMEWORK@Framework@0|34), response = ServiceResponseMessage(sender_id=FRAMEWORK@Framework@0, receiver_id=fastran_000001@efit@3, request_msg_id=REQUEST|fastran_000001@efit@3|FRAMEWORK@Framework@0|34,status=0, args=(<ipsframework.cca_es_spec.Topic object at 0x1541243ac9a0>,), message_id=RESPONSE|FRAMEWORK@Framework@0|fastran_000001@efit@3|436)
2025-08-15 14:03:20,043 fastran_eq0_efit_3 DEBUG    _invoke_service(): sendEvent  ('_IPS_MONITOR', 'PORTAL_EVENT', {'sim_name': 'fastran_000001', 'real_sim_name': 'fastran_000001', 'portal_data': {'code': 'fastran_eq0_efit', 'eventtype': 'IPS_UPDATE_STATE', 'ok': True, 'walltime': '60.75', 'time': '2025-08-15|14:03:20PDT', 'trace': {'timestamp': 1755291799930452, 'duration': 102350, 'localEndpoint': {'serviceName': 'update_state'}, 'name': "['s000001.00001', 'g000001.00001', 'i000001.00001']", 'id': '7629e189a66153c0', 'parentId': 'cd3c7bd67b54862c', 'tags': {}}, 'state': 'Running', 'comment': 'Elapsed time = 0.102   files = s000001.00001 g000001.00001 i000001.00001 Success'}})
2025-08-15 14:03:20,043 fastran_eq0_efit_3 DEBUG    _get_service_response(REQUEST|fastran_000001@efit@3|FRAMEWORK@Framework@0|35)
2025-08-15 14:03:20,054 fastran_eq0_efit_3 DEBUG    _get_service_response(REQUEST|fastran_000001@efit@3|FRAMEWORK@Framework@0|35), response = ServiceResponseMessage(sender_id=FRAMEWORK@Framework@0, receiver_id=fastran_000001@efit@3, request_msg_id=REQUEST|fastran_000001@efit@3|FRAMEWORK@Framework@0|35,status=0, args=(None,), message_id=RESPONSE|FRAMEWORK@Framework@0|fastran_000001@efit@3|437)
2025-08-15 14:03:20,313 fastran_eq0_efit_3 DEBUG    _invoke_service(): getTopic  ('_IPS_MONITOR',)
2025-08-15 14:03:20,313 fastran_eq0_efit_3 DEBUG    _get_service_response(REQUEST|fastran_000001@efit@3|FRAMEWORK@Framework@0|36)
2025-08-15 14:03:20,324 fastran_eq0_efit_3 DEBUG    _get_service_response(REQUEST|fastran_000001@efit@3|FRAMEWORK@Framework@0|36), response = ServiceResponseMessage(sender_id=FRAMEWORK@Framework@0, receiver_id=fastran_000001@efit@3, request_msg_id=REQUEST|fastran_000001@efit@3|FRAMEWORK@Framework@0|36,status=0, args=(<ipsframework.cca_es_spec.Topic object at 0x1541243ac100>,), message_id=RESPONSE|FRAMEWORK@Framework@0|fastran_000001@efit@3|439)
2025-08-15 14:03:20,324 fastran_eq0_efit_3 DEBUG    _invoke_service(): sendEvent  ('_IPS_MONITOR', 'PORTAL_EVENT', {'sim_name': 'fastran_000001', 'real_sim_name': 'fastran_000001', 'portal_data': {'code': 'fastran_eq0_efit', 'eventtype': 'IPS_STAGE_OUTPUTS', 'ok': True, 'walltime': '61.03', 'time': '2025-08-15|14:03:20PDT', 'trace': {'timestamp': 1755291800054808, 'duration': 258139, 'localEndpoint': {'serviceName': 'stage_output_files'}, 'name': "['g*.*', 'a*.*', 'm*.*', 'k*.*', 'efit.log']", 'id': '7f2cccfefec01030', 'parentId': 'cd3c7bd67b54862c', 'tags': {}}, 'state': 'Running', 'comment': "Elapsed time = 0.258 Path = /global/homes/y/yashu_gh/FREDA_EP/ips-fastran/examples_new/far3d/example1/SCAN/simulation_results/preprocess_3/components/fastran_eq0_efit_3 Files = ['g*.*', 'a*.*', 'm*.*', 'k*.*', 'efit.log']"}})
2025-08-15 14:03:20,324 fastran_eq0_efit_3 DEBUG    _get_service_response(REQUEST|fastran_000001@efit@3|FRAMEWORK@Framework@0|37)
2025-08-15 14:03:20,335 fastran_eq0_efit_3 DEBUG    _get_service_response(REQUEST|fastran_000001@efit@3|FRAMEWORK@Framework@0|37), response = ServiceResponseMessage(sender_id=FRAMEWORK@Framework@0, receiver_id=fastran_000001@efit@3, request_msg_id=REQUEST|fastran_000001@efit@3|FRAMEWORK@Framework@0|37,status=0, args=(None,), message_id=RESPONSE|FRAMEWORK@Framework@0|fastran_000001@efit@3|440)
2025-08-15 14:03:20,348 fastran_driver_fastran_driver_2 DEBUG    _get_service_response(REQUEST|fastran_000001@fastran_driver@2|FRAMEWORK@Framework@0|158), response = ServiceResponseMessage(sender_id=FRAMEWORK@Framework@0, receiver_id=fastran_000001@fastran_driver@2, request_msg_id=REQUEST|fastran_000001@fastran_driver@2|FRAMEWORK@Framework@0|158,status=0, args=((None,),), message_id=RESPONSE|FRAMEWORK@Framework@0|fastran_000001@fastran_driver@2|441)
2025-08-15 14:03:20,349 fastran_driver_fastran_driver_2 DEBUG    _invoke_service(): getTopic  ('_IPS_MONITOR',)
2025-08-15 14:03:20,349 fastran_driver_fastran_driver_2 DEBUG    _get_service_response(REQUEST|fastran_000001@fastran_driver@2|FRAMEWORK@Framework@0|159)
2025-08-15 14:03:20,360 fastran_driver_fastran_driver_2 DEBUG    _get_service_response(REQUEST|fastran_000001@fastran_driver@2|FRAMEWORK@Framework@0|159), response = ServiceResponseMessage(sender_id=FRAMEWORK@Framework@0, receiver_id=fastran_000001@fastran_driver@2, request_msg_id=REQUEST|fastran_000001@fastran_driver@2|FRAMEWORK@Framework@0|159,status=0, args=(<ipsframework.cca_es_spec.Topic object at 0x15412441cdf0>,), message_id=RESPONSE|FRAMEWORK@Framework@0|fastran_000001@fastran_driver@2|442)
2025-08-15 14:03:20,360 fastran_driver_fastran_driver_2 DEBUG    _invoke_service(): sendEvent  ('_IPS_MONITOR', 'PORTAL_EVENT', {'sim_name': 'fastran_000001', 'real_sim_name': 'fastran_000001', 'portal_data': {'code': 'fastran_driver_fastran_driver', 'eventtype': 'IPS_CALL_END', 'ok': True, 'walltime': '61.07', 'time': '2025-08-15|14:03:20PDT', 'trace': {'timestamp': 1755291797596682, 'duration': 2752390, 'localEndpoint': {'serviceName': 'fastran_000001@efit@3'}, 'name': 'step(preprocess_3)', 'id': 'cd3c7bd67b54862c', 'parentId': '15e0663de819b9fa', 'tags': {}}, 'state': 'Running', 'comment': 'Target = fastran_000001@efit@3:step(preprocess_3)'}})
2025-08-15 14:03:20,360 fastran_driver_fastran_driver_2 DEBUG    _get_service_response(REQUEST|fastran_000001@fastran_driver@2|FRAMEWORK@Framework@0|160)
2025-08-15 14:03:20,371 fastran_driver_fastran_driver_2 DEBUG    _get_service_response(REQUEST|fastran_000001@fastran_driver@2|FRAMEWORK@Framework@0|160), response = ServiceResponseMessage(sender_id=FRAMEWORK@Framework@0, receiver_id=fastran_000001@fastran_driver@2, request_msg_id=REQUEST|fastran_000001@fastran_driver@2|FRAMEWORK@Framework@0|160,status=0, args=(None,), message_id=RESPONSE|FRAMEWORK@Framework@0|fastran_000001@fastran_driver@2|443)
2025-08-15 14:03:20,372 fastran_driver_fastran_driver_2 DEBUG    _invoke_service(): getTopic  ('_IPS_MONITOR',)
2025-08-15 14:03:20,372 fastran_driver_fastran_driver_2 DEBUG    _get_service_response(REQUEST|fastran_000001@fastran_driver@2|FRAMEWORK@Framework@0|161)
2025-08-15 14:03:20,383 fastran_driver_fastran_driver_2 DEBUG    _get_service_response(REQUEST|fastran_000001@fastran_driver@2|FRAMEWORK@Framework@0|161), response = ServiceResponseMessage(sender_id=FRAMEWORK@Framework@0, receiver_id=fastran_000001@fastran_driver@2, request_msg_id=REQUEST|fastran_000001@fastran_driver@2|FRAMEWORK@Framework@0|161,status=0, args=(<ipsframework.cca_es_spec.Topic object at 0x15412441ce50>,), message_id=RESPONSE|FRAMEWORK@Framework@0|fastran_000001@fastran_driver@2|444)
2025-08-15 14:03:20,383 fastran_driver_fastran_driver_2 DEBUG    _invoke_service(): sendEvent  ('_IPS_MONITOR', 'PORTAL_EVENT', {'sim_name': 'fastran_000001', 'real_sim_name': 'fastran_000001', 'portal_data': {'code': 'fastran_driver_fastran_driver', 'eventtype': 'IPS_CALL_BEGIN', 'ok': True, 'walltime': '61.09', 'time': '2025-08-15|14:03:20PDT', 'state': 'Running', 'comment': 'Target = fastran_000001@hcd_model@4:step(preprocess_3)'}})
2025-08-15 14:03:20,383 fastran_driver_fastran_driver_2 DEBUG    _get_service_response(REQUEST|fastran_000001@fastran_driver@2|FRAMEWORK@Framework@0|162)
2025-08-15 14:03:20,394 fastran_driver_fastran_driver_2 DEBUG    _get_service_response(REQUEST|fastran_000001@fastran_driver@2|FRAMEWORK@Framework@0|162), response = ServiceResponseMessage(sender_id=FRAMEWORK@Framework@0, receiver_id=fastran_000001@fastran_driver@2, request_msg_id=REQUEST|fastran_000001@fastran_driver@2|FRAMEWORK@Framework@0|162,status=0, args=(None,), message_id=RESPONSE|FRAMEWORK@Framework@0|fastran_000001@fastran_driver@2|445)
2025-08-15 14:03:20,394 fastran_driver_fastran_driver_2 DEBUG    _invoke_service(): init_call  ('step', 'preprocess_3')
2025-08-15 14:03:20,394 fastran_driver_fastran_driver_2 DEBUG    _get_service_response(REQUEST|fastran_000001@fastran_driver@2|FRAMEWORK@Framework@0|163)
2025-08-15 14:03:20,395 fastran_ic_hcd_model_4 DEBUG    Received Message 
2025-08-15 14:03:20,395 fastran_ic_hcd_model_4 DEBUG    Calling method step(preprocess_3)
2025-08-15 14:03:20,396 fastran_ic_hcd_model_4 DEBUG    _invoke_service(): stage_state  (['s000001.00001', 'g000001.00001', 'i000001.00001'], '/global/homes/y/yashu_gh/FREDA_EP/ips-fastran/examples_new/far3d/example1/SCAN/work/plasma_state', '/global/homes/y/yashu_gh/FREDA_EP/ips-fastran/examples_new/far3d/example1/SCAN/work/fastran_ic_hcd_model_4')
2025-08-15 14:03:20,396 fastran_ic_hcd_model_4 DEBUG    _get_service_response(REQUEST|fastran_000001@hcd_model@4|FRAMEWORK@Framework@0|30)
2025-08-15 14:03:20,405 fastran_driver_fastran_driver_2 DEBUG    _get_service_response(REQUEST|fastran_000001@fastran_driver@2|FRAMEWORK@Framework@0|163), response = ServiceResponseMessage(sender_id=FRAMEWORK@Framework@0, receiver_id=fastran_000001@fastran_driver@2, request_msg_id=REQUEST|fastran_000001@fastran_driver@2|FRAMEWORK@Framework@0|163,status=0, args=(32,), message_id=RESPONSE|FRAMEWORK@Framework@0|fastran_000001@fastran_driver@2|446)
2025-08-15 14:03:20,405 fastran_driver_fastran_driver_2 DEBUG    _invoke_service(): wait_call  (32, True)
2025-08-15 14:03:20,405 fastran_driver_fastran_driver_2 DEBUG    _get_service_response(REQUEST|fastran_000001@fastran_driver@2|FRAMEWORK@Framework@0|164)
2025-08-15 14:03:20,474 fastran_ic_hcd_model_4 DEBUG    _get_service_response(REQUEST|fastran_000001@hcd_model@4|FRAMEWORK@Framework@0|30), response = ServiceResponseMessage(sender_id=FRAMEWORK@Framework@0, receiver_id=fastran_000001@hcd_model@4, request_msg_id=REQUEST|fastran_000001@hcd_model@4|FRAMEWORK@Framework@0|30,status=0, args=(0,), message_id=RESPONSE|FRAMEWORK@Framework@0|fastran_000001@hcd_model@4|447)
2025-08-15 14:03:20,474 fastran_ic_hcd_model_4 DEBUG    _invoke_service(): getTopic  ('_IPS_MONITOR',)
2025-08-15 14:03:20,474 fastran_ic_hcd_model_4 DEBUG    _get_service_response(REQUEST|fastran_000001@hcd_model@4|FRAMEWORK@Framework@0|31)
2025-08-15 14:03:20,485 fastran_ic_hcd_model_4 DEBUG    _get_service_response(REQUEST|fastran_000001@hcd_model@4|FRAMEWORK@Framework@0|31), response = ServiceResponseMessage(sender_id=FRAMEWORK@Framework@0, receiver_id=fastran_000001@hcd_model@4, request_msg_id=REQUEST|fastran_000001@hcd_model@4|FRAMEWORK@Framework@0|31,status=0, args=(<ipsframework.cca_es_spec.Topic object at 0x1541243baa00>,), message_id=RESPONSE|FRAMEWORK@Framework@0|fastran_000001@hcd_model@4|448)
2025-08-15 14:03:20,485 fastran_ic_hcd_model_4 DEBUG    _invoke_service(): sendEvent  ('_IPS_MONITOR', 'PORTAL_EVENT', {'sim_name': 'fastran_000001', 'real_sim_name': 'fastran_000001', 'portal_data': {'code': 'fastran_ic_hcd_model', 'eventtype': 'IPS_STAGE_STATE', 'ok': True, 'walltime': '61.19', 'time': '2025-08-15|14:03:20PDT', 'trace': {'timestamp': 1755291800396452, 'duration': 78335, 'localEndpoint': {'serviceName': 'stage_state'}, 'name': "['s000001.00001', 'g000001.00001', 'i000001.00001']", 'id': '71885aecf25d7412', 'parentId': 'bb7a213877c768dc', 'tags': {}}, 'state': 'Running', 'comment': 'Elapsed time = 0.078  files = s000001.00001 g000001.00001 i000001.00001 Success'}})
2025-08-15 14:03:20,485 fastran_ic_hcd_model_4 DEBUG    _get_service_response(REQUEST|fastran_000001@hcd_model@4|FRAMEWORK@Framework@0|32)
2025-08-15 14:03:20,496 fastran_ic_hcd_model_4 DEBUG    _get_service_response(REQUEST|fastran_000001@hcd_model@4|FRAMEWORK@Framework@0|32), response = ServiceResponseMessage(sender_id=FRAMEWORK@Framework@0, receiver_id=fastran_000001@hcd_model@4, request_msg_id=REQUEST|fastran_000001@hcd_model@4|FRAMEWORK@Framework@0|32,status=0, args=(None,), message_id=RESPONSE|FRAMEWORK@Framework@0|fastran_000001@hcd_model@4|449)
2025-08-15 14:03:20,520 fastran_ic_hcd_model_4 DEBUG    _invoke_service(): getTopic  ('_IPS_MONITOR',)
2025-08-15 14:03:20,520 fastran_ic_hcd_model_4 DEBUG    _get_service_response(REQUEST|fastran_000001@hcd_model@4|FRAMEWORK@Framework@0|33)
2025-08-15 14:03:20,530 fastran_ic_hcd_model_4 DEBUG    _get_service_response(REQUEST|fastran_000001@hcd_model@4|FRAMEWORK@Framework@0|33), response = ServiceResponseMessage(sender_id=FRAMEWORK@Framework@0, receiver_id=fastran_000001@hcd_model@4, request_msg_id=REQUEST|fastran_000001@hcd_model@4|FRAMEWORK@Framework@0|33,status=0, args=(<ipsframework.cca_es_spec.Topic object at 0x1541243bac10>,), message_id=RESPONSE|FRAMEWORK@Framework@0|fastran_000001@hcd_model@4|450)
2025-08-15 14:03:20,530 fastran_ic_hcd_model_4 DEBUG    _invoke_service(): sendEvent  ('_IPS_MONITOR', 'PORTAL_EVENT', {'sim_name': 'fastran_000001', 'real_sim_name': 'fastran_000001', 'portal_data': {'code': 'fastran_ic_hcd_model', 'eventtype': 'IPS_STAGE_INPUTS', 'ok': True, 'walltime': '61.24', 'time': '2025-08-15|14:03:20PDT', 'trace': {'timestamp': 1755291800496575, 'duration': 23387, 'localEndpoint': {'serviceName': 'stage_input_files'}, 'name': 'inhcd', 'id': '5ee53c28a9607896', 'parentId': 'bb7a213877c768dc', 'tags': {}}, 'state': 'Running', 'comment': 'Elapsed time = 0.023 Path = /global/homes/y/yashu_gh/FREDA_EP/ips-fastran/examples_new/far3d/example1/input Files = inhcd'}})
2025-08-15 14:03:20,530 fastran_ic_hcd_model_4 DEBUG    _get_service_response(REQUEST|fastran_000001@hcd_model@4|FRAMEWORK@Framework@0|34)
2025-08-15 14:03:20,541 fastran_ic_hcd_model_4 DEBUG    _get_service_response(REQUEST|fastran_000001@hcd_model@4|FRAMEWORK@Framework@0|34), response = ServiceResponseMessage(sender_id=FRAMEWORK@Framework@0, receiver_id=fastran_000001@hcd_model@4, request_msg_id=REQUEST|fastran_000001@hcd_model@4|FRAMEWORK@Framework@0|34,status=0, args=(None,), message_id=RESPONSE|FRAMEWORK@Framework@0|fastran_000001@hcd_model@4|451)
2025-08-15 14:03:20,664 fastran_ic_hcd_model_4 DEBUG    _invoke_service(): update_state  (['s000001.00001', 'g000001.00001', 'i000001.00001'], '/global/homes/y/yashu_gh/FREDA_EP/ips-fastran/examples_new/far3d/example1/SCAN/work/fastran_ic_hcd_model_4', '/global/homes/y/yashu_gh/FREDA_EP/ips-fastran/examples_new/far3d/example1/SCAN/work/plasma_state')
2025-08-15 14:03:20,664 fastran_ic_hcd_model_4 DEBUG    _get_service_response(REQUEST|fastran_000001@hcd_model@4|FRAMEWORK@Framework@0|35)
2025-08-15 14:03:20,720 fastran_ic_hcd_model_4 DEBUG    _get_service_response(REQUEST|fastran_000001@hcd_model@4|FRAMEWORK@Framework@0|35), response = ServiceResponseMessage(sender_id=FRAMEWORK@Framework@0, receiver_id=fastran_000001@hcd_model@4, request_msg_id=REQUEST|fastran_000001@hcd_model@4|FRAMEWORK@Framework@0|35,status=0, args=(0,), message_id=RESPONSE|FRAMEWORK@Framework@0|fastran_000001@hcd_model@4|452)
2025-08-15 14:03:20,720 fastran_ic_hcd_model_4 DEBUG    _invoke_service(): getTopic  ('_IPS_MONITOR',)
2025-08-15 14:03:20,720 fastran_ic_hcd_model_4 DEBUG    _get_service_response(REQUEST|fastran_000001@hcd_model@4|FRAMEWORK@Framework@0|36)
2025-08-15 14:03:20,731 fastran_ic_hcd_model_4 DEBUG    _get_service_response(REQUEST|fastran_000001@hcd_model@4|FRAMEWORK@Framework@0|36), response = ServiceResponseMessage(sender_id=FRAMEWORK@Framework@0, receiver_id=fastran_000001@hcd_model@4, request_msg_id=REQUEST|fastran_000001@hcd_model@4|FRAMEWORK@Framework@0|36,status=0, args=(<ipsframework.cca_es_spec.Topic object at 0x1541243badc0>,), message_id=RESPONSE|FRAMEWORK@Framework@0|fastran_000001@hcd_model@4|453)
2025-08-15 14:03:20,731 fastran_ic_hcd_model_4 DEBUG    _invoke_service(): sendEvent  ('_IPS_MONITOR', 'PORTAL_EVENT', {'sim_name': 'fastran_000001', 'real_sim_name': 'fastran_000001', 'portal_data': {'code': 'fastran_ic_hcd_model', 'eventtype': 'IPS_UPDATE_STATE', 'ok': True, 'walltime': '61.44', 'time': '2025-08-15|14:03:20PDT', 'trace': {'timestamp': 1755291800664577, 'duration': 56243, 'localEndpoint': {'serviceName': 'update_state'}, 'name': "['s000001.00001', 'g000001.00001', 'i000001.00001']", 'id': '7629e189a66153c0', 'parentId': 'bb7a213877c768dc', 'tags': {}}, 'state': 'Running', 'comment': 'Elapsed time = 0.056   files = s000001.00001 g000001.00001 i000001.00001 Success'}})
2025-08-15 14:03:20,731 fastran_ic_hcd_model_4 DEBUG    _get_service_response(REQUEST|fastran_000001@hcd_model@4|FRAMEWORK@Framework@0|37)
2025-08-15 14:03:20,742 fastran_ic_hcd_model_4 DEBUG    _get_service_response(REQUEST|fastran_000001@hcd_model@4|FRAMEWORK@Framework@0|37), response = ServiceResponseMessage(sender_id=FRAMEWORK@Framework@0, receiver_id=fastran_000001@hcd_model@4, request_msg_id=REQUEST|fastran_000001@hcd_model@4|FRAMEWORK@Framework@0|37,status=0, args=(None,), message_id=RESPONSE|FRAMEWORK@Framework@0|fastran_000001@hcd_model@4|454)
2025-08-15 14:03:20,744 fastran_ic_hcd_model_4 DEBUG    _invoke_service(): getTopic  ('_IPS_MONITOR',)
2025-08-15 14:03:20,744 fastran_ic_hcd_model_4 DEBUG    _get_service_response(REQUEST|fastran_000001@hcd_model@4|FRAMEWORK@Framework@0|38)
2025-08-15 14:03:20,754 fastran_ic_hcd_model_4 DEBUG    _get_service_response(REQUEST|fastran_000001@hcd_model@4|FRAMEWORK@Framework@0|38), response = ServiceResponseMessage(sender_id=FRAMEWORK@Framework@0, receiver_id=fastran_000001@hcd_model@4, request_msg_id=REQUEST|fastran_000001@hcd_model@4|FRAMEWORK@Framework@0|38,status=0, args=(<ipsframework.cca_es_spec.Topic object at 0x1541243bac10>,), message_id=RESPONSE|FRAMEWORK@Framework@0|fastran_000001@hcd_model@4|455)
2025-08-15 14:03:20,755 fastran_ic_hcd_model_4 DEBUG    _invoke_service(): sendEvent  ('_IPS_MONITOR', 'PORTAL_EVENT', {'sim_name': 'fastran_000001', 'real_sim_name': 'fastran_000001', 'portal_data': {'code': 'fastran_ic_hcd_model', 'eventtype': 'IPS_STAGE_OUTPUTS', 'ok': True, 'walltime': '61.46', 'time': '2025-08-15|14:03:20PDT', 'trace': {'timestamp': 1755291800742121, 'duration': 2283, 'localEndpoint': {'serviceName': 'stage_output_files'}, 'name': '[]', 'id': 'ed019efe11be26d9', 'parentId': 'bb7a213877c768dc', 'tags': {}}, 'state': 'Running', 'comment': 'Elapsed time = 0.002 Path = /global/homes/y/yashu_gh/FREDA_EP/ips-fastran/examples_new/far3d/example1/SCAN/simulation_results/preprocess_3/components/fastran_ic_hcd_model_4 Files = []'}})
2025-08-15 14:03:20,755 fastran_ic_hcd_model_4 DEBUG    _get_service_response(REQUEST|fastran_000001@hcd_model@4|FRAMEWORK@Framework@0|39)
2025-08-15 14:03:20,765 fastran_ic_hcd_model_4 DEBUG    _get_service_response(REQUEST|fastran_000001@hcd_model@4|FRAMEWORK@Framework@0|39), response = ServiceResponseMessage(sender_id=FRAMEWORK@Framework@0, receiver_id=fastran_000001@hcd_model@4, request_msg_id=REQUEST|fastran_000001@hcd_model@4|FRAMEWORK@Framework@0|39,status=0, args=(None,), message_id=RESPONSE|FRAMEWORK@Framework@0|fastran_000001@hcd_model@4|457)
2025-08-15 14:03:20,776 fastran_driver_fastran_driver_2 DEBUG    _get_service_response(REQUEST|fastran_000001@fastran_driver@2|FRAMEWORK@Framework@0|164), response = ServiceResponseMessage(sender_id=FRAMEWORK@Framework@0, receiver_id=fastran_000001@fastran_driver@2, request_msg_id=REQUEST|fastran_000001@fastran_driver@2|FRAMEWORK@Framework@0|164,status=0, args=((None,),), message_id=RESPONSE|FRAMEWORK@Framework@0|fastran_000001@fastran_driver@2|458)
2025-08-15 14:03:20,776 fastran_driver_fastran_driver_2 DEBUG    _invoke_service(): getTopic  ('_IPS_MONITOR',)
2025-08-15 14:03:20,776 fastran_driver_fastran_driver_2 DEBUG    _get_service_response(REQUEST|fastran_000001@fastran_driver@2|FRAMEWORK@Framework@0|165)
2025-08-15 14:03:20,787 fastran_driver_fastran_driver_2 DEBUG    _get_service_response(REQUEST|fastran_000001@fastran_driver@2|FRAMEWORK@Framework@0|165), response = ServiceResponseMessage(sender_id=FRAMEWORK@Framework@0, receiver_id=fastran_000001@fastran_driver@2, request_msg_id=REQUEST|fastran_000001@fastran_driver@2|FRAMEWORK@Framework@0|165,status=0, args=(<ipsframework.cca_es_spec.Topic object at 0x15412441cdf0>,), message_id=RESPONSE|FRAMEWORK@Framework@0|fastran_000001@fastran_driver@2|459)
2025-08-15 14:03:20,787 fastran_driver_fastran_driver_2 DEBUG    _invoke_service(): sendEvent  ('_IPS_MONITOR', 'PORTAL_EVENT', {'sim_name': 'fastran_000001', 'real_sim_name': 'fastran_000001', 'portal_data': {'code': 'fastran_driver_fastran_driver', 'eventtype': 'IPS_CALL_END', 'ok': True, 'walltime': '61.50', 'time': '2025-08-15|14:03:20PDT', 'trace': {'timestamp': 1755291800405534, 'duration': 370876, 'localEndpoint': {'serviceName': 'fastran_000001@hcd_model@4'}, 'name': 'step(preprocess_3)', 'id': 'bb7a213877c768dc', 'parentId': '15e0663de819b9fa', 'tags': {}}, 'state': 'Running', 'comment': 'Target = fastran_000001@hcd_model@4:step(preprocess_3)'}})
2025-08-15 14:03:20,787 fastran_driver_fastran_driver_2 DEBUG    _get_service_response(REQUEST|fastran_000001@fastran_driver@2|FRAMEWORK@Framework@0|166)
2025-08-15 14:03:20,798 fastran_driver_fastran_driver_2 DEBUG    _get_service_response(REQUEST|fastran_000001@fastran_driver@2|FRAMEWORK@Framework@0|166), response = ServiceResponseMessage(sender_id=FRAMEWORK@Framework@0, receiver_id=fastran_000001@fastran_driver@2, request_msg_id=REQUEST|fastran_000001@fastran_driver@2|FRAMEWORK@Framework@0|166,status=0, args=(None,), message_id=RESPONSE|FRAMEWORK@Framework@0|fastran_000001@fastran_driver@2|460)
2025-08-15 14:03:20,799 fastran_driver_fastran_driver_2 DEBUG    _invoke_service(): getTopic  ('_IPS_MONITOR',)
2025-08-15 14:03:20,799 fastran_driver_fastran_driver_2 DEBUG    _get_service_response(REQUEST|fastran_000001@fastran_driver@2|FRAMEWORK@Framework@0|167)
2025-08-15 14:03:20,810 fastran_driver_fastran_driver_2 DEBUG    _get_service_response(REQUEST|fastran_000001@fastran_driver@2|FRAMEWORK@Framework@0|167), response = ServiceResponseMessage(sender_id=FRAMEWORK@Framework@0, receiver_id=fastran_000001@fastran_driver@2, request_msg_id=REQUEST|fastran_000001@fastran_driver@2|FRAMEWORK@Framework@0|167,status=0, args=(<ipsframework.cca_es_spec.Topic object at 0x15412441ce80>,), message_id=RESPONSE|FRAMEWORK@Framework@0|fastran_000001@fastran_driver@2|461)
2025-08-15 14:03:20,810 fastran_driver_fastran_driver_2 DEBUG    _invoke_service(): sendEvent  ('_IPS_MONITOR', 'PORTAL_EVENT', {'sim_name': 'fastran_000001', 'real_sim_name': 'fastran_000001', 'portal_data': {'code': 'fastran_driver_fastran_driver', 'eventtype': 'IPS_CALL_BEGIN', 'ok': True, 'walltime': '61.52', 'time': '2025-08-15|14:03:20PDT', 'state': 'Running', 'comment': 'Target = fastran_000001@fastran@5:step(preprocess_3)'}})
2025-08-15 14:03:20,810 fastran_driver_fastran_driver_2 DEBUG    _get_service_response(REQUEST|fastran_000001@fastran_driver@2|FRAMEWORK@Framework@0|168)
2025-08-15 14:03:20,821 fastran_driver_fastran_driver_2 DEBUG    _get_service_response(REQUEST|fastran_000001@fastran_driver@2|FRAMEWORK@Framework@0|168), response = ServiceResponseMessage(sender_id=FRAMEWORK@Framework@0, receiver_id=fastran_000001@fastran_driver@2, request_msg_id=REQUEST|fastran_000001@fastran_driver@2|FRAMEWORK@Framework@0|168,status=0, args=(None,), message_id=RESPONSE|FRAMEWORK@Framework@0|fastran_000001@fastran_driver@2|462)
2025-08-15 14:03:20,821 fastran_driver_fastran_driver_2 DEBUG    _invoke_service(): init_call  ('step', 'preprocess_3')
2025-08-15 14:03:20,821 fastran_driver_fastran_driver_2 DEBUG    _get_service_response(REQUEST|fastran_000001@fastran_driver@2|FRAMEWORK@Framework@0|169)
2025-08-15 14:03:20,821 fastran_tr0_fastran_5 DEBUG    Received Message 
2025-08-15 14:03:20,822 fastran_tr0_fastran_5 DEBUG    Calling method step(preprocess_3)
2025-08-15 14:03:20,822 fastran_tr0_fastran_5 DEBUG    _invoke_service(): stage_state  (['s000001.00001', 'g000001.00001', 'i000001.00001'], '/global/homes/y/yashu_gh/FREDA_EP/ips-fastran/examples_new/far3d/example1/SCAN/work/plasma_state', '/global/homes/y/yashu_gh/FREDA_EP/ips-fastran/examples_new/far3d/example1/SCAN/work/fastran_tr0_fastran_5')
2025-08-15 14:03:20,823 fastran_tr0_fastran_5 DEBUG    _get_service_response(REQUEST|fastran_000001@fastran@5|FRAMEWORK@Framework@0|48)
2025-08-15 14:03:20,831 fastran_driver_fastran_driver_2 DEBUG    _get_service_response(REQUEST|fastran_000001@fastran_driver@2|FRAMEWORK@Framework@0|169), response = ServiceResponseMessage(sender_id=FRAMEWORK@Framework@0, receiver_id=fastran_000001@fastran_driver@2, request_msg_id=REQUEST|fastran_000001@fastran_driver@2|FRAMEWORK@Framework@0|169,status=0, args=(33,), message_id=RESPONSE|FRAMEWORK@Framework@0|fastran_000001@fastran_driver@2|463)
2025-08-15 14:03:20,831 fastran_driver_fastran_driver_2 DEBUG    _invoke_service(): wait_call  (33, True)
2025-08-15 14:03:20,832 fastran_driver_fastran_driver_2 DEBUG    _get_service_response(REQUEST|fastran_000001@fastran_driver@2|FRAMEWORK@Framework@0|170)
2025-08-15 14:03:20,883 fastran_tr0_fastran_5 DEBUG    _get_service_response(REQUEST|fastran_000001@fastran@5|FRAMEWORK@Framework@0|48), response = ServiceResponseMessage(sender_id=FRAMEWORK@Framework@0, receiver_id=fastran_000001@fastran@5, request_msg_id=REQUEST|fastran_000001@fastran@5|FRAMEWORK@Framework@0|48,status=0, args=(0,), message_id=RESPONSE|FRAMEWORK@Framework@0|fastran_000001@fastran@5|464)
2025-08-15 14:03:20,883 fastran_tr0_fastran_5 DEBUG    _invoke_service(): getTopic  ('_IPS_MONITOR',)
2025-08-15 14:03:20,884 fastran_tr0_fastran_5 DEBUG    _get_service_response(REQUEST|fastran_000001@fastran@5|FRAMEWORK@Framework@0|49)
2025-08-15 14:03:20,894 fastran_tr0_fastran_5 DEBUG    _get_service_response(REQUEST|fastran_000001@fastran@5|FRAMEWORK@Framework@0|49), response = ServiceResponseMessage(sender_id=FRAMEWORK@Framework@0, receiver_id=fastran_000001@fastran@5, request_msg_id=REQUEST|fastran_000001@fastran@5|FRAMEWORK@Framework@0|49,status=0, args=(<ipsframework.cca_es_spec.Topic object at 0x154124367c70>,), message_id=RESPONSE|FRAMEWORK@Framework@0|fastran_000001@fastran@5|465)
2025-08-15 14:03:20,894 fastran_tr0_fastran_5 DEBUG    _invoke_service(): sendEvent  ('_IPS_MONITOR', 'PORTAL_EVENT', {'sim_name': 'fastran_000001', 'real_sim_name': 'fastran_000001', 'portal_data': {'code': 'fastran_tr0_fastran', 'eventtype': 'IPS_STAGE_STATE', 'ok': True, 'walltime': '61.60', 'time': '2025-08-15|14:03:20PDT', 'trace': {'timestamp': 1755291800822839, 'duration': 61000, 'localEndpoint': {'serviceName': 'stage_state'}, 'name': "['s000001.00001', 'g000001.00001', 'i000001.00001']", 'id': '71885aecf25d7412', 'parentId': '468433f563d9af24', 'tags': {}}, 'state': 'Running', 'comment': 'Elapsed time = 0.061  files = s000001.00001 g000001.00001 i000001.00001 Success'}})
2025-08-15 14:03:20,894 fastran_tr0_fastran_5 DEBUG    _get_service_response(REQUEST|fastran_000001@fastran@5|FRAMEWORK@Framework@0|50)
2025-08-15 14:03:20,906 fastran_tr0_fastran_5 DEBUG    _get_service_response(REQUEST|fastran_000001@fastran@5|FRAMEWORK@Framework@0|50), response = ServiceResponseMessage(sender_id=FRAMEWORK@Framework@0, receiver_id=fastran_000001@fastran@5, request_msg_id=REQUEST|fastran_000001@fastran@5|FRAMEWORK@Framework@0|50,status=0, args=(None,), message_id=RESPONSE|FRAMEWORK@Framework@0|fastran_000001@fastran@5|466)
2025-08-15 14:03:20,950 fastran_tr0_fastran_5 DEBUG    _invoke_service(): getTopic  ('_IPS_MONITOR',)
2025-08-15 14:03:20,950 fastran_tr0_fastran_5 DEBUG    _get_service_response(REQUEST|fastran_000001@fastran@5|FRAMEWORK@Framework@0|51)
2025-08-15 14:03:20,960 fastran_tr0_fastran_5 DEBUG    _get_service_response(REQUEST|fastran_000001@fastran@5|FRAMEWORK@Framework@0|51), response = ServiceResponseMessage(sender_id=FRAMEWORK@Framework@0, receiver_id=fastran_000001@fastran@5, request_msg_id=REQUEST|fastran_000001@fastran@5|FRAMEWORK@Framework@0|51,status=0, args=(<ipsframework.cca_es_spec.Topic object at 0x1541243b7dc0>,), message_id=RESPONSE|FRAMEWORK@Framework@0|fastran_000001@fastran@5|467)
2025-08-15 14:03:20,960 fastran_tr0_fastran_5 DEBUG    _invoke_service(): sendEvent  ('_IPS_MONITOR', 'PORTAL_EVENT', {'sim_name': 'fastran_000001', 'real_sim_name': 'fastran_000001', 'portal_data': {'code': 'fastran_tr0_fastran', 'eventtype': 'IPS_STAGE_INPUTS', 'ok': True, 'walltime': '61.67', 'time': '2025-08-15|14:03:20PDT', 'trace': {'timestamp': 1755291800908207, 'duration': 42032, 'localEndpoint': {'serviceName': 'stage_input_files'}, 'name': 'infastran0 intglf', 'id': 'dca1af508bf5af99', 'parentId': '468433f563d9af24', 'tags': {}}, 'state': 'Running', 'comment': 'Elapsed time = 0.042 Path = /global/homes/y/yashu_gh/FREDA_EP/ips-fastran/examples_new/far3d/example1/input Files = infastran0 intglf'}})
2025-08-15 14:03:20,960 fastran_tr0_fastran_5 DEBUG    _get_service_response(REQUEST|fastran_000001@fastran@5|FRAMEWORK@Framework@0|52)
2025-08-15 14:03:20,971 fastran_tr0_fastran_5 DEBUG    _get_service_response(REQUEST|fastran_000001@fastran@5|FRAMEWORK@Framework@0|52), response = ServiceResponseMessage(sender_id=FRAMEWORK@Framework@0, receiver_id=fastran_000001@fastran@5, request_msg_id=REQUEST|fastran_000001@fastran@5|FRAMEWORK@Framework@0|52,status=0, args=(None,), message_id=RESPONSE|FRAMEWORK@Framework@0|fastran_000001@fastran@5|468)
2025-08-15 14:03:21,120 fastran_tr0_fastran_5 DEBUG    _invoke_service(): init_task  (TaskInit(nproc=1, binary='/global/common/software/atom/perlmutter/binaries/fastran/default/xfastran_ver1.06', working_dir='/global/homes/y/yashu_gh/FREDA_EP/ips-fastran/examples_new/far3d/example1/SCAN/work/fastran_tr0_fastran_5', tppn=0, tcpp=0, tgpp=0, block=True, omp=False, wnodes=True, wsocks=True, cmd_args=('1', '1')),)
2025-08-15 14:03:21,120 fastran_tr0_fastran_5 DEBUG    _get_service_response(REQUEST|fastran_000001@fastran@5|FRAMEWORK@Framework@0|53)
2025-08-15 14:03:21,131 fastran_tr0_fastran_5 DEBUG    _get_service_response(REQUEST|fastran_000001@fastran@5|FRAMEWORK@Framework@0|53), response = ServiceResponseMessage(sender_id=FRAMEWORK@Framework@0, receiver_id=fastran_000001@fastran@5, request_msg_id=REQUEST|fastran_000001@fastran@5|FRAMEWORK@Framework@0|53,status=0, args=((5, 'srun -N 1 -n 1 -c 128 --threads-per-core=1 --cpu-bind=cores /global/common/software/atom/perlmutter/binaries/fastran/default/xfastran_ver1.06 1 1', None, 128),), message_id=RESPONSE|FRAMEWORK@Framework@0|fastran_000001@fastran@5|469)
2025-08-15 14:03:21,132 fastran_tr0_fastran_5 DEBUG    Launching command : srun -N 1 -n 1 -c 128 --threads-per-core=1 --cpu-bind=cores /global/common/software/atom/perlmutter/binaries/fastran/default/xfastran_ver1.06 1 1
2025-08-15 14:03:21,186 fastran_tr0_fastran_5 DEBUG    _invoke_service(): getTopic  ('_IPS_MONITOR',)
2025-08-15 14:03:21,186 fastran_tr0_fastran_5 DEBUG    _get_service_response(REQUEST|fastran_000001@fastran@5|FRAMEWORK@Framework@0|54)
2025-08-15 14:03:21,197 fastran_tr0_fastran_5 DEBUG    _get_service_response(REQUEST|fastran_000001@fastran@5|FRAMEWORK@Framework@0|54), response = ServiceResponseMessage(sender_id=FRAMEWORK@Framework@0, receiver_id=fastran_000001@fastran@5, request_msg_id=REQUEST|fastran_000001@fastran@5|FRAMEWORK@Framework@0|54,status=0, args=(<ipsframework.cca_es_spec.Topic object at 0x1541243c2730>,), message_id=RESPONSE|FRAMEWORK@Framework@0|fastran_000001@fastran@5|470)
2025-08-15 14:03:21,197 fastran_tr0_fastran_5 DEBUG    _invoke_service(): sendEvent  ('_IPS_MONITOR', 'PORTAL_EVENT', {'sim_name': 'fastran_000001', 'real_sim_name': 'fastran_000001', 'portal_data': {'code': 'fastran_tr0_fastran', 'eventtype': 'IPS_LAUNCH_TASK', 'ok': True, 'walltime': '61.91', 'time': '2025-08-15|14:03:21PDT', 'state': 'Running', 'comment': 'task_id = 5 , Tag = None , nproc = 1 , Target = srun -N 1 -n 1 -c 128 --threads-per-core=1 --cpu-bind=cores /global/common/software/atom/perlmutter/binaries/fastran/default/xfastran_ver1.06 1 1'}})
2025-08-15 14:03:21,197 fastran_tr0_fastran_5 DEBUG    _get_service_response(REQUEST|fastran_000001@fastran@5|FRAMEWORK@Framework@0|55)
2025-08-15 14:03:21,208 fastran_tr0_fastran_5 DEBUG    _get_service_response(REQUEST|fastran_000001@fastran@5|FRAMEWORK@Framework@0|55), response = ServiceResponseMessage(sender_id=FRAMEWORK@Framework@0, receiver_id=fastran_000001@fastran@5, request_msg_id=REQUEST|fastran_000001@fastran@5|FRAMEWORK@Framework@0|55,status=0, args=(None,), message_id=RESPONSE|FRAMEWORK@Framework@0|fastran_000001@fastran@5|471)
2025-08-15 14:03:21,569 fastran_tr0_fastran_5 DEBUG    _invoke_service(): getTopic  ('_IPS_MONITOR',)
2025-08-15 14:03:21,569 fastran_tr0_fastran_5 DEBUG    _get_service_response(REQUEST|fastran_000001@fastran@5|FRAMEWORK@Framework@0|56)
2025-08-15 14:03:21,579 fastran_tr0_fastran_5 DEBUG    _get_service_response(REQUEST|fastran_000001@fastran@5|FRAMEWORK@Framework@0|56), response = ServiceResponseMessage(sender_id=FRAMEWORK@Framework@0, receiver_id=fastran_000001@fastran@5, request_msg_id=REQUEST|fastran_000001@fastran@5|FRAMEWORK@Framework@0|56,status=0, args=(<ipsframework.cca_es_spec.Topic object at 0x1541243c27f0>,), message_id=RESPONSE|FRAMEWORK@Framework@0|fastran_000001@fastran@5|473)
2025-08-15 14:03:21,579 fastran_tr0_fastran_5 DEBUG    _invoke_service(): sendEvent  ('_IPS_MONITOR', 'PORTAL_EVENT', {'sim_name': 'fastran_000001', 'real_sim_name': 'fastran_000001', 'portal_data': {'code': 'fastran_tr0_fastran', 'eventtype': 'IPS_TASK_END', 'ok': True, 'walltime': '62.29', 'time': '2025-08-15|14:03:21PDT', 'trace': {'timestamp': 1755291801185908, 'duration': 382982, 'localEndpoint': {'serviceName': '/global/common/software/atom/perlmutter/binaries/fastran/default/xfastran_ver1.06'}, 'name': '1 1', 'id': 'a22755ba57fb60fe', 'parentId': '468433f563d9af24', 'tags': {'procs_requested': '1', 'cores_allocated': '128'}}, 'state': 'Running', 'comment': 'task_id = 5  elapsed time = 0.38 S'}})
2025-08-15 14:03:21,580 fastran_tr0_fastran_5 DEBUG    _get_service_response(REQUEST|fastran_000001@fastran@5|FRAMEWORK@Framework@0|57)
2025-08-15 14:03:21,590 fastran_tr0_fastran_5 DEBUG    _get_service_response(REQUEST|fastran_000001@fastran@5|FRAMEWORK@Framework@0|57), response = ServiceResponseMessage(sender_id=FRAMEWORK@Framework@0, receiver_id=fastran_000001@fastran@5, request_msg_id=REQUEST|fastran_000001@fastran@5|FRAMEWORK@Framework@0|57,status=0, args=(None,), message_id=RESPONSE|FRAMEWORK@Framework@0|fastran_000001@fastran@5|474)
2025-08-15 14:03:21,590 fastran_tr0_fastran_5 DEBUG    _invoke_service(): finish_task  (5, 0)
2025-08-15 14:03:21,591 fastran_tr0_fastran_5 DEBUG    _get_service_response(REQUEST|fastran_000001@fastran@5|FRAMEWORK@Framework@0|58)
2025-08-15 14:03:21,602 fastran_tr0_fastran_5 DEBUG    _get_service_response(REQUEST|fastran_000001@fastran@5|FRAMEWORK@Framework@0|58), response = ServiceResponseMessage(sender_id=FRAMEWORK@Framework@0, receiver_id=fastran_000001@fastran@5, request_msg_id=REQUEST|fastran_000001@fastran@5|FRAMEWORK@Framework@0|58,status=0, args=(0,), message_id=RESPONSE|FRAMEWORK@Framework@0|fastran_000001@fastran@5|475)
2025-08-15 14:03:21,796 fastran_tr0_fastran_5 DEBUG    _invoke_service(): update_state  (['s000001.00001', 'g000001.00001', 'i000001.00001'], '/global/homes/y/yashu_gh/FREDA_EP/ips-fastran/examples_new/far3d/example1/SCAN/work/fastran_tr0_fastran_5', '/global/homes/y/yashu_gh/FREDA_EP/ips-fastran/examples_new/far3d/example1/SCAN/work/plasma_state')
2025-08-15 14:03:21,796 fastran_tr0_fastran_5 DEBUG    _get_service_response(REQUEST|fastran_000001@fastran@5|FRAMEWORK@Framework@0|59)
2025-08-15 14:03:21,854 fastran_tr0_fastran_5 DEBUG    _get_service_response(REQUEST|fastran_000001@fastran@5|FRAMEWORK@Framework@0|59), response = ServiceResponseMessage(sender_id=FRAMEWORK@Framework@0, receiver_id=fastran_000001@fastran@5, request_msg_id=REQUEST|fastran_000001@fastran@5|FRAMEWORK@Framework@0|59,status=0, args=(0,), message_id=RESPONSE|FRAMEWORK@Framework@0|fastran_000001@fastran@5|477)
2025-08-15 14:03:21,854 fastran_tr0_fastran_5 DEBUG    _invoke_service(): getTopic  ('_IPS_MONITOR',)
2025-08-15 14:03:21,854 fastran_tr0_fastran_5 DEBUG    _get_service_response(REQUEST|fastran_000001@fastran@5|FRAMEWORK@Framework@0|60)
2025-08-15 14:03:21,865 fastran_tr0_fastran_5 DEBUG    _get_service_response(REQUEST|fastran_000001@fastran@5|FRAMEWORK@Framework@0|60), response = ServiceResponseMessage(sender_id=FRAMEWORK@Framework@0, receiver_id=fastran_000001@fastran@5, request_msg_id=REQUEST|fastran_000001@fastran@5|FRAMEWORK@Framework@0|60,status=0, args=(<ipsframework.cca_es_spec.Topic object at 0x1541243a3820>,), message_id=RESPONSE|FRAMEWORK@Framework@0|fastran_000001@fastran@5|478)
2025-08-15 14:03:21,865 fastran_tr0_fastran_5 DEBUG    _invoke_service(): sendEvent  ('_IPS_MONITOR', 'PORTAL_EVENT', {'sim_name': 'fastran_000001', 'real_sim_name': 'fastran_000001', 'portal_data': {'code': 'fastran_tr0_fastran', 'eventtype': 'IPS_UPDATE_STATE', 'ok': True, 'walltime': '62.57', 'time': '2025-08-15|14:03:21PDT', 'trace': {'timestamp': 1755291801795608, 'duration': 58863, 'localEndpoint': {'serviceName': 'update_state'}, 'name': "['s000001.00001', 'g000001.00001', 'i000001.00001']", 'id': '7629e189a66153c0', 'parentId': '468433f563d9af24', 'tags': {}}, 'state': 'Running', 'comment': 'Elapsed time = 0.059   files = s000001.00001 g000001.00001 i000001.00001 Success'}})
2025-08-15 14:03:21,865 fastran_tr0_fastran_5 DEBUG    _get_service_response(REQUEST|fastran_000001@fastran@5|FRAMEWORK@Framework@0|61)
2025-08-15 14:03:21,875 fastran_tr0_fastran_5 DEBUG    _get_service_response(REQUEST|fastran_000001@fastran@5|FRAMEWORK@Framework@0|61), response = ServiceResponseMessage(sender_id=FRAMEWORK@Framework@0, receiver_id=fastran_000001@fastran@5, request_msg_id=REQUEST|fastran_000001@fastran@5|FRAMEWORK@Framework@0|61,status=0, args=(None,), message_id=RESPONSE|FRAMEWORK@Framework@0|fastran_000001@fastran@5|479)
2025-08-15 14:03:22,060 fastran_tr0_fastran_5 DEBUG    _invoke_service(): getTopic  ('_IPS_MONITOR',)
2025-08-15 14:03:22,060 fastran_tr0_fastran_5 DEBUG    _get_service_response(REQUEST|fastran_000001@fastran@5|FRAMEWORK@Framework@0|62)
2025-08-15 14:03:22,070 fastran_tr0_fastran_5 DEBUG    _get_service_response(REQUEST|fastran_000001@fastran@5|FRAMEWORK@Framework@0|62), response = ServiceResponseMessage(sender_id=FRAMEWORK@Framework@0, receiver_id=fastran_000001@fastran@5, request_msg_id=REQUEST|fastran_000001@fastran@5|FRAMEWORK@Framework@0|62,status=0, args=(<ipsframework.cca_es_spec.Topic object at 0x1541243a3970>,), message_id=RESPONSE|FRAMEWORK@Framework@0|fastran_000001@fastran@5|480)
2025-08-15 14:03:22,071 fastran_tr0_fastran_5 DEBUG    _invoke_service(): sendEvent  ('_IPS_MONITOR', 'PORTAL_EVENT', {'sim_name': 'fastran_000001', 'real_sim_name': 'fastran_000001', 'portal_data': {'code': 'fastran_tr0_fastran', 'eventtype': 'IPS_STAGE_OUTPUTS', 'ok': True, 'walltime': '62.78', 'time': '2025-08-15|14:03:22PDT', 'trace': {'timestamp': 1755291801876011, 'duration': 184192, 'localEndpoint': {'serviceName': 'stage_output_files'}, 'name': "['fastran.nc', 'inprof', 'inmetric', 'infastran', 'intglf', 'xfastran.log', 'i000001.00001']", 'id': '7349cfaaafc33980', 'parentId': '468433f563d9af24', 'tags': {}}, 'state': 'Running', 'comment': "Elapsed time = 0.184 Path = /global/homes/y/yashu_gh/FREDA_EP/ips-fastran/examples_new/far3d/example1/SCAN/simulation_results/preprocess_3/components/fastran_tr0_fastran_5 Files = ['fastran.nc', 'inprof', 'inmetric', 'infastran', 'intglf', 'xfastran.log', 'i000001.00001']"}})
2025-08-15 14:03:22,071 fastran_tr0_fastran_5 DEBUG    _get_service_response(REQUEST|fastran_000001@fastran@5|FRAMEWORK@Framework@0|63)
2025-08-15 14:03:22,081 fastran_tr0_fastran_5 DEBUG    _get_service_response(REQUEST|fastran_000001@fastran@5|FRAMEWORK@Framework@0|63), response = ServiceResponseMessage(sender_id=FRAMEWORK@Framework@0, receiver_id=fastran_000001@fastran@5, request_msg_id=REQUEST|fastran_000001@fastran@5|FRAMEWORK@Framework@0|63,status=0, args=(None,), message_id=RESPONSE|FRAMEWORK@Framework@0|fastran_000001@fastran@5|481)
2025-08-15 14:03:22,092 fastran_driver_fastran_driver_2 DEBUG    _get_service_response(REQUEST|fastran_000001@fastran_driver@2|FRAMEWORK@Framework@0|170), response = ServiceResponseMessage(sender_id=FRAMEWORK@Framework@0, receiver_id=fastran_000001@fastran_driver@2, request_msg_id=REQUEST|fastran_000001@fastran_driver@2|FRAMEWORK@Framework@0|170,status=0, args=((None,),), message_id=RESPONSE|FRAMEWORK@Framework@0|fastran_000001@fastran_driver@2|482)
2025-08-15 14:03:22,092 fastran_driver_fastran_driver_2 DEBUG    _invoke_service(): getTopic  ('_IPS_MONITOR',)
2025-08-15 14:03:22,092 fastran_driver_fastran_driver_2 DEBUG    _get_service_response(REQUEST|fastran_000001@fastran_driver@2|FRAMEWORK@Framework@0|171)
2025-08-15 14:03:22,103 fastran_driver_fastran_driver_2 DEBUG    _get_service_response(REQUEST|fastran_000001@fastran_driver@2|FRAMEWORK@Framework@0|171), response = ServiceResponseMessage(sender_id=FRAMEWORK@Framework@0, receiver_id=fastran_000001@fastran_driver@2, request_msg_id=REQUEST|fastran_000001@fastran_driver@2|FRAMEWORK@Framework@0|171,status=0, args=(<ipsframework.cca_es_spec.Topic object at 0x15412441cdf0>,), message_id=RESPONSE|FRAMEWORK@Framework@0|fastran_000001@fastran_driver@2|483)
2025-08-15 14:03:22,103 fastran_driver_fastran_driver_2 DEBUG    _invoke_service(): sendEvent  ('_IPS_MONITOR', 'PORTAL_EVENT', {'sim_name': 'fastran_000001', 'real_sim_name': 'fastran_000001', 'portal_data': {'code': 'fastran_driver_fastran_driver', 'eventtype': 'IPS_CALL_END', 'ok': True, 'walltime': '62.81', 'time': '2025-08-15|14:03:22PDT', 'trace': {'timestamp': 1755291800831919, 'duration': 1260652, 'localEndpoint': {'serviceName': 'fastran_000001@fastran@5'}, 'name': 'step(preprocess_3)', 'id': '468433f563d9af24', 'parentId': '15e0663de819b9fa', 'tags': {}}, 'state': 'Running', 'comment': 'Target = fastran_000001@fastran@5:step(preprocess_3)'}})
2025-08-15 14:03:22,104 fastran_driver_fastran_driver_2 DEBUG    _get_service_response(REQUEST|fastran_000001@fastran_driver@2|FRAMEWORK@Framework@0|172)
2025-08-15 14:03:22,114 fastran_driver_fastran_driver_2 DEBUG    _get_service_response(REQUEST|fastran_000001@fastran_driver@2|FRAMEWORK@Framework@0|172), response = ServiceResponseMessage(sender_id=FRAMEWORK@Framework@0, receiver_id=fastran_000001@fastran_driver@2, request_msg_id=REQUEST|fastran_000001@fastran_driver@2|FRAMEWORK@Framework@0|172,status=0, args=(None,), message_id=RESPONSE|FRAMEWORK@Framework@0|fastran_000001@fastran_driver@2|484)
2025-08-15 14:03:22,116 fastran_driver_fastran_driver_2 DEBUG    _invoke_service(): getTopic  ('_IPS_MONITOR',)
2025-08-15 14:03:22,116 fastran_driver_fastran_driver_2 DEBUG    _get_service_response(REQUEST|fastran_000001@fastran_driver@2|FRAMEWORK@Framework@0|173)
2025-08-15 14:03:22,127 fastran_driver_fastran_driver_2 DEBUG    _get_service_response(REQUEST|fastran_000001@fastran_driver@2|FRAMEWORK@Framework@0|173), response = ServiceResponseMessage(sender_id=FRAMEWORK@Framework@0, receiver_id=fastran_000001@fastran_driver@2, request_msg_id=REQUEST|fastran_000001@fastran_driver@2|FRAMEWORK@Framework@0|173,status=0, args=(<ipsframework.cca_es_spec.Topic object at 0x15412441ce20>,), message_id=RESPONSE|FRAMEWORK@Framework@0|fastran_000001@fastran_driver@2|485)
2025-08-15 14:03:22,127 fastran_driver_fastran_driver_2 DEBUG    _invoke_service(): sendEvent  ('_IPS_MONITOR', 'PORTAL_EVENT', {'sim_name': 'fastran_000001', 'real_sim_name': 'fastran_000001', 'portal_data': {'code': 'fastran_driver_fastran_driver', 'eventtype': 'IPS_CALL_BEGIN', 'ok': True, 'walltime': '62.84', 'time': '2025-08-15|14:03:22PDT', 'state': 'Running', 'comment': 'Target = fastran_000001@modeleq_constraint@6:step(preprocess_3)'}})
2025-08-15 14:03:22,127 fastran_driver_fastran_driver_2 DEBUG    _get_service_response(REQUEST|fastran_000001@fastran_driver@2|FRAMEWORK@Framework@0|174)
2025-08-15 14:03:22,138 fastran_driver_fastran_driver_2 DEBUG    _get_service_response(REQUEST|fastran_000001@fastran_driver@2|FRAMEWORK@Framework@0|174), response = ServiceResponseMessage(sender_id=FRAMEWORK@Framework@0, receiver_id=fastran_000001@fastran_driver@2, request_msg_id=REQUEST|fastran_000001@fastran_driver@2|FRAMEWORK@Framework@0|174,status=0, args=(None,), message_id=RESPONSE|FRAMEWORK@Framework@0|fastran_000001@fastran_driver@2|486)
2025-08-15 14:03:22,138 fastran_driver_fastran_driver_2 DEBUG    _invoke_service(): init_call  ('step', 'preprocess_3')
2025-08-15 14:03:22,138 fastran_driver_fastran_driver_2 DEBUG    _get_service_response(REQUEST|fastran_000001@fastran_driver@2|FRAMEWORK@Framework@0|175)
2025-08-15 14:03:22,139 fastran__modeleq_constraint_6 DEBUG    Received Message 
2025-08-15 14:03:22,139 fastran__modeleq_constraint_6 DEBUG    Calling method step(preprocess_3)
2025-08-15 14:03:22,139 fastran__modeleq_constraint_6 DEBUG    _invoke_service(): stage_state  (['s000001.00001', 'g000001.00001', 'i000001.00001'], '/global/homes/y/yashu_gh/FREDA_EP/ips-fastran/examples_new/far3d/example1/SCAN/work/plasma_state', '/global/homes/y/yashu_gh/FREDA_EP/ips-fastran/examples_new/far3d/example1/SCAN/work/fastran__modeleq_constraint_6')
2025-08-15 14:03:22,140 fastran__modeleq_constraint_6 DEBUG    _get_service_response(REQUEST|fastran_000001@modeleq_constraint@6|FRAMEWORK@Framework@0|24)
2025-08-15 14:03:22,148 fastran_driver_fastran_driver_2 DEBUG    _get_service_response(REQUEST|fastran_000001@fastran_driver@2|FRAMEWORK@Framework@0|175), response = ServiceResponseMessage(sender_id=FRAMEWORK@Framework@0, receiver_id=fastran_000001@fastran_driver@2, request_msg_id=REQUEST|fastran_000001@fastran_driver@2|FRAMEWORK@Framework@0|175,status=0, args=(34,), message_id=RESPONSE|FRAMEWORK@Framework@0|fastran_000001@fastran_driver@2|487)
2025-08-15 14:03:22,149 fastran_driver_fastran_driver_2 DEBUG    _invoke_service(): wait_call  (34, True)
2025-08-15 14:03:22,149 fastran_driver_fastran_driver_2 DEBUG    _get_service_response(REQUEST|fastran_000001@fastran_driver@2|FRAMEWORK@Framework@0|176)
2025-08-15 14:03:22,247 fastran__modeleq_constraint_6 DEBUG    _get_service_response(REQUEST|fastran_000001@modeleq_constraint@6|FRAMEWORK@Framework@0|24), response = ServiceResponseMessage(sender_id=FRAMEWORK@Framework@0, receiver_id=fastran_000001@modeleq_constraint@6, request_msg_id=REQUEST|fastran_000001@modeleq_constraint@6|FRAMEWORK@Framework@0|24,status=0, args=(0,), message_id=RESPONSE|FRAMEWORK@Framework@0|fastran_000001@modeleq_constraint@6|488)
2025-08-15 14:03:22,247 fastran__modeleq_constraint_6 DEBUG    _invoke_service(): getTopic  ('_IPS_MONITOR',)
2025-08-15 14:03:22,247 fastran__modeleq_constraint_6 DEBUG    _get_service_response(REQUEST|fastran_000001@modeleq_constraint@6|FRAMEWORK@Framework@0|25)
2025-08-15 14:03:22,258 fastran__modeleq_constraint_6 DEBUG    _get_service_response(REQUEST|fastran_000001@modeleq_constraint@6|FRAMEWORK@Framework@0|25), response = ServiceResponseMessage(sender_id=FRAMEWORK@Framework@0, receiver_id=fastran_000001@modeleq_constraint@6, request_msg_id=REQUEST|fastran_000001@modeleq_constraint@6|FRAMEWORK@Framework@0|25,status=0, args=(<ipsframework.cca_es_spec.Topic object at 0x154124397fd0>,), message_id=RESPONSE|FRAMEWORK@Framework@0|fastran_000001@modeleq_constraint@6|489)
2025-08-15 14:03:22,258 fastran__modeleq_constraint_6 DEBUG    _invoke_service(): sendEvent  ('_IPS_MONITOR', 'PORTAL_EVENT', {'sim_name': 'fastran_000001', 'real_sim_name': 'fastran_000001', 'portal_data': {'code': 'fastran__modeleq_constraint', 'eventtype': 'IPS_STAGE_STATE', 'ok': True, 'walltime': '62.97', 'time': '2025-08-15|14:03:22PDT', 'trace': {'timestamp': 1755291802139898, 'duration': 107249, 'localEndpoint': {'serviceName': 'stage_state'}, 'name': "['s000001.00001', 'g000001.00001', 'i000001.00001']", 'id': '71885aecf25d7412', 'parentId': '61fd381d793a1e76', 'tags': {}}, 'state': 'Running', 'comment': 'Elapsed time = 0.107  files = s000001.00001 g000001.00001 i000001.00001 Success'}})
2025-08-15 14:03:22,258 fastran__modeleq_constraint_6 DEBUG    _get_service_response(REQUEST|fastran_000001@modeleq_constraint@6|FRAMEWORK@Framework@0|26)
2025-08-15 14:03:22,269 fastran__modeleq_constraint_6 DEBUG    _get_service_response(REQUEST|fastran_000001@modeleq_constraint@6|FRAMEWORK@Framework@0|26), response = ServiceResponseMessage(sender_id=FRAMEWORK@Framework@0, receiver_id=fastran_000001@modeleq_constraint@6, request_msg_id=REQUEST|fastran_000001@modeleq_constraint@6|FRAMEWORK@Framework@0|26,status=0, args=(None,), message_id=RESPONSE|FRAMEWORK@Framework@0|fastran_000001@modeleq_constraint@6|490)
2025-08-15 14:03:24,467 fastran__modeleq_constraint_6 DEBUG    _invoke_service(): update_state  (['s000001.00001', 'g000001.00001', 'i000001.00001'], '/global/homes/y/yashu_gh/FREDA_EP/ips-fastran/examples_new/far3d/example1/SCAN/work/fastran__modeleq_constraint_6', '/global/homes/y/yashu_gh/FREDA_EP/ips-fastran/examples_new/far3d/example1/SCAN/work/plasma_state')
2025-08-15 14:03:24,468 fastran__modeleq_constraint_6 DEBUG    _get_service_response(REQUEST|fastran_000001@modeleq_constraint@6|FRAMEWORK@Framework@0|27)
2025-08-15 14:03:24,651 fastran__modeleq_constraint_6 DEBUG    _get_service_response(REQUEST|fastran_000001@modeleq_constraint@6|FRAMEWORK@Framework@0|27), response = ServiceResponseMessage(sender_id=FRAMEWORK@Framework@0, receiver_id=fastran_000001@modeleq_constraint@6, request_msg_id=REQUEST|fastran_000001@modeleq_constraint@6|FRAMEWORK@Framework@0|27,status=0, args=(0,), message_id=RESPONSE|FRAMEWORK@Framework@0|fastran_000001@modeleq_constraint@6|496)
2025-08-15 14:03:24,651 fastran__modeleq_constraint_6 DEBUG    _invoke_service(): getTopic  ('_IPS_MONITOR',)
2025-08-15 14:03:24,652 fastran__modeleq_constraint_6 DEBUG    _get_service_response(REQUEST|fastran_000001@modeleq_constraint@6|FRAMEWORK@Framework@0|28)
2025-08-15 14:03:24,662 fastran__modeleq_constraint_6 DEBUG    _get_service_response(REQUEST|fastran_000001@modeleq_constraint@6|FRAMEWORK@Framework@0|28), response = ServiceResponseMessage(sender_id=FRAMEWORK@Framework@0, receiver_id=fastran_000001@modeleq_constraint@6, request_msg_id=REQUEST|fastran_000001@modeleq_constraint@6|FRAMEWORK@Framework@0|28,status=0, args=(<ipsframework.cca_es_spec.Topic object at 0x1541243cb670>,), message_id=RESPONSE|FRAMEWORK@Framework@0|fastran_000001@modeleq_constraint@6|497)
2025-08-15 14:03:24,663 fastran__modeleq_constraint_6 DEBUG    _invoke_service(): sendEvent  ('_IPS_MONITOR', 'PORTAL_EVENT', {'sim_name': 'fastran_000001', 'real_sim_name': 'fastran_000001', 'portal_data': {'code': 'fastran__modeleq_constraint', 'eventtype': 'IPS_UPDATE_STATE', 'ok': True, 'walltime': '65.37', 'time': '2025-08-15|14:03:24PDT', 'trace': {'timestamp': 1755291804467673, 'duration': 184196, 'localEndpoint': {'serviceName': 'update_state'}, 'name': "['s000001.00001', 'g000001.00001', 'i000001.00001']", 'id': '7629e189a66153c0', 'parentId': '61fd381d793a1e76', 'tags': {}}, 'state': 'Running', 'comment': 'Elapsed time = 0.184   files = s000001.00001 g000001.00001 i000001.00001 Success'}})
2025-08-15 14:03:24,663 fastran__modeleq_constraint_6 DEBUG    _get_service_response(REQUEST|fastran_000001@modeleq_constraint@6|FRAMEWORK@Framework@0|29)
2025-08-15 14:03:24,674 fastran__modeleq_constraint_6 DEBUG    _get_service_response(REQUEST|fastran_000001@modeleq_constraint@6|FRAMEWORK@Framework@0|29), response = ServiceResponseMessage(sender_id=FRAMEWORK@Framework@0, receiver_id=fastran_000001@modeleq_constraint@6, request_msg_id=REQUEST|fastran_000001@modeleq_constraint@6|FRAMEWORK@Framework@0|29,status=0, args=(None,), message_id=RESPONSE|FRAMEWORK@Framework@0|fastran_000001@modeleq_constraint@6|498)
2025-08-15 14:03:24,677 fastran__modeleq_constraint_6 DEBUG    _invoke_service(): getTopic  ('_IPS_MONITOR',)
2025-08-15 14:03:24,677 fastran__modeleq_constraint_6 DEBUG    _get_service_response(REQUEST|fastran_000001@modeleq_constraint@6|FRAMEWORK@Framework@0|30)
2025-08-15 14:03:24,687 fastran__modeleq_constraint_6 DEBUG    _get_service_response(REQUEST|fastran_000001@modeleq_constraint@6|FRAMEWORK@Framework@0|30), response = ServiceResponseMessage(sender_id=FRAMEWORK@Framework@0, receiver_id=fastran_000001@modeleq_constraint@6, request_msg_id=REQUEST|fastran_000001@modeleq_constraint@6|FRAMEWORK@Framework@0|30,status=0, args=(<ipsframework.cca_es_spec.Topic object at 0x1541243cb8b0>,), message_id=RESPONSE|FRAMEWORK@Framework@0|fastran_000001@modeleq_constraint@6|499)
2025-08-15 14:03:24,687 fastran__modeleq_constraint_6 DEBUG    _invoke_service(): sendEvent  ('_IPS_MONITOR', 'PORTAL_EVENT', {'sim_name': 'fastran_000001', 'real_sim_name': 'fastran_000001', 'portal_data': {'code': 'fastran__modeleq_constraint', 'eventtype': 'IPS_STAGE_OUTPUTS', 'ok': True, 'walltime': '65.40', 'time': '2025-08-15|14:03:24PDT', 'trace': {'timestamp': 1755291804674159, 'duration': 3068, 'localEndpoint': {'serviceName': 'stage_output_files'}, 'name': '[]', 'id': 'ed019efe11be26d9', 'parentId': '61fd381d793a1e76', 'tags': {}}, 'state': 'Running', 'comment': 'Elapsed time = 0.003 Path = /global/homes/y/yashu_gh/FREDA_EP/ips-fastran/examples_new/far3d/example1/SCAN/simulation_results/preprocess_3/components/fastran__modeleq_constraint_6 Files = []'}})
2025-08-15 14:03:24,687 fastran__modeleq_constraint_6 DEBUG    _get_service_response(REQUEST|fastran_000001@modeleq_constraint@6|FRAMEWORK@Framework@0|31)
2025-08-15 14:03:24,698 fastran__modeleq_constraint_6 DEBUG    _get_service_response(REQUEST|fastran_000001@modeleq_constraint@6|FRAMEWORK@Framework@0|31), response = ServiceResponseMessage(sender_id=FRAMEWORK@Framework@0, receiver_id=fastran_000001@modeleq_constraint@6, request_msg_id=REQUEST|fastran_000001@modeleq_constraint@6|FRAMEWORK@Framework@0|31,status=0, args=(None,), message_id=RESPONSE|FRAMEWORK@Framework@0|fastran_000001@modeleq_constraint@6|500)
2025-08-15 14:03:24,710 fastran_driver_fastran_driver_2 DEBUG    _get_service_response(REQUEST|fastran_000001@fastran_driver@2|FRAMEWORK@Framework@0|176), response = ServiceResponseMessage(sender_id=FRAMEWORK@Framework@0, receiver_id=fastran_000001@fastran_driver@2, request_msg_id=REQUEST|fastran_000001@fastran_driver@2|FRAMEWORK@Framework@0|176,status=0, args=((None,),), message_id=RESPONSE|FRAMEWORK@Framework@0|fastran_000001@fastran_driver@2|501)
2025-08-15 14:03:24,710 fastran_driver_fastran_driver_2 DEBUG    _invoke_service(): getTopic  ('_IPS_MONITOR',)
2025-08-15 14:03:24,710 fastran_driver_fastran_driver_2 DEBUG    _get_service_response(REQUEST|fastran_000001@fastran_driver@2|FRAMEWORK@Framework@0|177)
2025-08-15 14:03:24,721 fastran_driver_fastran_driver_2 DEBUG    _get_service_response(REQUEST|fastran_000001@fastran_driver@2|FRAMEWORK@Framework@0|177), response = ServiceResponseMessage(sender_id=FRAMEWORK@Framework@0, receiver_id=fastran_000001@fastran_driver@2, request_msg_id=REQUEST|fastran_000001@fastran_driver@2|FRAMEWORK@Framework@0|177,status=0, args=(<ipsframework.cca_es_spec.Topic object at 0x15412441cdf0>,), message_id=RESPONSE|FRAMEWORK@Framework@0|fastran_000001@fastran_driver@2|502)
2025-08-15 14:03:24,721 fastran_driver_fastran_driver_2 DEBUG    _invoke_service(): sendEvent  ('_IPS_MONITOR', 'PORTAL_EVENT', {'sim_name': 'fastran_000001', 'real_sim_name': 'fastran_000001', 'portal_data': {'code': 'fastran_driver_fastran_driver', 'eventtype': 'IPS_CALL_END', 'ok': True, 'walltime': '65.43', 'time': '2025-08-15|14:03:24PDT', 'trace': {'timestamp': 1755291802149011, 'duration': 2561287, 'localEndpoint': {'serviceName': 'fastran_000001@modeleq_constraint@6'}, 'name': 'step(preprocess_3)', 'id': '61fd381d793a1e76', 'parentId': '15e0663de819b9fa', 'tags': {}}, 'state': 'Running', 'comment': 'Target = fastran_000001@modeleq_constraint@6:step(preprocess_3)'}})
2025-08-15 14:03:24,721 fastran_driver_fastran_driver_2 DEBUG    _get_service_response(REQUEST|fastran_000001@fastran_driver@2|FRAMEWORK@Framework@0|178)
2025-08-15 14:03:24,732 fastran_driver_fastran_driver_2 DEBUG    _get_service_response(REQUEST|fastran_000001@fastran_driver@2|FRAMEWORK@Framework@0|178), response = ServiceResponseMessage(sender_id=FRAMEWORK@Framework@0, receiver_id=fastran_000001@fastran_driver@2, request_msg_id=REQUEST|fastran_000001@fastran_driver@2|FRAMEWORK@Framework@0|178,status=0, args=(None,), message_id=RESPONSE|FRAMEWORK@Framework@0|fastran_000001@fastran_driver@2|503)
2025-08-15 14:03:24,735 fastran_driver_fastran_driver_2 DEBUG    _invoke_service(): getTopic  ('_IPS_MONITOR',)
2025-08-15 14:03:24,735 fastran_driver_fastran_driver_2 DEBUG    _get_service_response(REQUEST|fastran_000001@fastran_driver@2|FRAMEWORK@Framework@0|179)
2025-08-15 14:03:24,745 fastran_driver_fastran_driver_2 DEBUG    _get_service_response(REQUEST|fastran_000001@fastran_driver@2|FRAMEWORK@Framework@0|179), response = ServiceResponseMessage(sender_id=FRAMEWORK@Framework@0, receiver_id=fastran_000001@fastran_driver@2, request_msg_id=REQUEST|fastran_000001@fastran_driver@2|FRAMEWORK@Framework@0|179,status=0, args=(<ipsframework.cca_es_spec.Topic object at 0x15412441cfa0>,), message_id=RESPONSE|FRAMEWORK@Framework@0|fastran_000001@fastran_driver@2|504)
2025-08-15 14:03:24,745 fastran_driver_fastran_driver_2 DEBUG    _invoke_service(): sendEvent  ('_IPS_MONITOR', 'PORTALBRIDGE_UPDATE_TIMESTAMP', {'sim_name': 'fastran_000001', 'real_sim_name': 'fastran_000001', 'portal_data': {'phystimestamp': 'preprocess_4', 'eventtype': 'PORTALBRIDGE_UPDATE_TIMESTAMP'}})
2025-08-15 14:03:24,745 fastran_driver_fastran_driver_2 DEBUG    _get_service_response(REQUEST|fastran_000001@fastran_driver@2|FRAMEWORK@Framework@0|180)
2025-08-15 14:03:24,756 fastran_driver_fastran_driver_2 DEBUG    _get_service_response(REQUEST|fastran_000001@fastran_driver@2|FRAMEWORK@Framework@0|180), response = ServiceResponseMessage(sender_id=FRAMEWORK@Framework@0, receiver_id=fastran_000001@fastran_driver@2, request_msg_id=REQUEST|fastran_000001@fastran_driver@2|FRAMEWORK@Framework@0|180,status=0, args=(None,), message_id=RESPONSE|FRAMEWORK@Framework@0|fastran_000001@fastran_driver@2|505)
2025-08-15 14:03:24,756 fastran_driver_fastran_driver_2 DEBUG    _invoke_service(): getTopic  ('_IPS_MONITOR',)
2025-08-15 14:03:24,757 fastran_driver_fastran_driver_2 DEBUG    _get_service_response(REQUEST|fastran_000001@fastran_driver@2|FRAMEWORK@Framework@0|181)
2025-08-15 14:03:24,767 fastran_driver_fastran_driver_2 DEBUG    _get_service_response(REQUEST|fastran_000001@fastran_driver@2|FRAMEWORK@Framework@0|181), response = ServiceResponseMessage(sender_id=FRAMEWORK@Framework@0, receiver_id=fastran_000001@fastran_driver@2, request_msg_id=REQUEST|fastran_000001@fastran_driver@2|FRAMEWORK@Framework@0|181,status=0, args=(<ipsframework.cca_es_spec.Topic object at 0x15412441cf10>,), message_id=RESPONSE|FRAMEWORK@Framework@0|fastran_000001@fastran_driver@2|506)
2025-08-15 14:03:24,767 fastran_driver_fastran_driver_2 DEBUG    _invoke_service(): sendEvent  ('_IPS_MONITOR', 'PORTAL_EVENT', {'sim_name': 'fastran_000001', 'real_sim_name': 'fastran_000001', 'portal_data': {'code': 'fastran_driver_fastran_driver', 'eventtype': 'IPS_UPDATE_TIME_STAMP', 'ok': True, 'walltime': '65.48', 'time': '2025-08-15|14:03:24PDT', 'state': 'Running', 'comment': 'Timestamp = preprocess_4'}})
2025-08-15 14:03:24,767 fastran_driver_fastran_driver_2 DEBUG    _get_service_response(REQUEST|fastran_000001@fastran_driver@2|FRAMEWORK@Framework@0|182)
2025-08-15 14:03:24,778 fastran_driver_fastran_driver_2 DEBUG    _get_service_response(REQUEST|fastran_000001@fastran_driver@2|FRAMEWORK@Framework@0|182), response = ServiceResponseMessage(sender_id=FRAMEWORK@Framework@0, receiver_id=fastran_000001@fastran_driver@2, request_msg_id=REQUEST|fastran_000001@fastran_driver@2|FRAMEWORK@Framework@0|182,status=0, args=(None,), message_id=RESPONSE|FRAMEWORK@Framework@0|fastran_000001@fastran_driver@2|507)
2025-08-15 14:03:24,779 fastran_driver_fastran_driver_2 DEBUG    _invoke_service(): getTopic  ('_IPS_MONITOR',)
2025-08-15 14:03:24,779 fastran_driver_fastran_driver_2 DEBUG    _get_service_response(REQUEST|fastran_000001@fastran_driver@2|FRAMEWORK@Framework@0|183)
2025-08-15 14:03:24,790 fastran_driver_fastran_driver_2 DEBUG    _get_service_response(REQUEST|fastran_000001@fastran_driver@2|FRAMEWORK@Framework@0|183), response = ServiceResponseMessage(sender_id=FRAMEWORK@Framework@0, receiver_id=fastran_000001@fastran_driver@2, request_msg_id=REQUEST|fastran_000001@fastran_driver@2|FRAMEWORK@Framework@0|183,status=0, args=(<ipsframework.cca_es_spec.Topic object at 0x15412441cdf0>,), message_id=RESPONSE|FRAMEWORK@Framework@0|fastran_000001@fastran_driver@2|508)
2025-08-15 14:03:24,790 fastran_driver_fastran_driver_2 DEBUG    _invoke_service(): sendEvent  ('_IPS_MONITOR', 'PORTAL_EVENT', {'sim_name': 'fastran_000001', 'real_sim_name': 'fastran_000001', 'portal_data': {'code': 'fastran_driver_fastran_driver', 'eventtype': 'IPS_CALL_BEGIN', 'ok': True, 'walltime': '65.50', 'time': '2025-08-15|14:03:24PDT', 'state': 'Running', 'comment': 'Target = fastran_000001@efit@3:step(preprocess_4)'}})
2025-08-15 14:03:24,790 fastran_driver_fastran_driver_2 DEBUG    _get_service_response(REQUEST|fastran_000001@fastran_driver@2|FRAMEWORK@Framework@0|184)
2025-08-15 14:03:24,801 fastran_driver_fastran_driver_2 DEBUG    _get_service_response(REQUEST|fastran_000001@fastran_driver@2|FRAMEWORK@Framework@0|184), response = ServiceResponseMessage(sender_id=FRAMEWORK@Framework@0, receiver_id=fastran_000001@fastran_driver@2, request_msg_id=REQUEST|fastran_000001@fastran_driver@2|FRAMEWORK@Framework@0|184,status=0, args=(None,), message_id=RESPONSE|FRAMEWORK@Framework@0|fastran_000001@fastran_driver@2|509)
2025-08-15 14:03:24,801 fastran_driver_fastran_driver_2 DEBUG    _invoke_service(): init_call  ('step', 'preprocess_4')
2025-08-15 14:03:24,801 fastran_driver_fastran_driver_2 DEBUG    _get_service_response(REQUEST|fastran_000001@fastran_driver@2|FRAMEWORK@Framework@0|185)
2025-08-15 14:03:24,802 fastran_eq0_efit_3 DEBUG    Received Message 
2025-08-15 14:03:24,802 fastran_eq0_efit_3 DEBUG    Calling method step(preprocess_4)
2025-08-15 14:03:24,803 fastran_eq0_efit_3 DEBUG    _invoke_service(): stage_state  (['s000001.00001', 'g000001.00001', 'i000001.00001'], '/global/homes/y/yashu_gh/FREDA_EP/ips-fastran/examples_new/far3d/example1/SCAN/work/plasma_state', '/global/homes/y/yashu_gh/FREDA_EP/ips-fastran/examples_new/far3d/example1/SCAN/work/fastran_eq0_efit_3')
2025-08-15 14:03:24,803 fastran_eq0_efit_3 DEBUG    _get_service_response(REQUEST|fastran_000001@efit@3|FRAMEWORK@Framework@0|38)
2025-08-15 14:03:24,812 fastran_driver_fastran_driver_2 DEBUG    _get_service_response(REQUEST|fastran_000001@fastran_driver@2|FRAMEWORK@Framework@0|185), response = ServiceResponseMessage(sender_id=FRAMEWORK@Framework@0, receiver_id=fastran_000001@fastran_driver@2, request_msg_id=REQUEST|fastran_000001@fastran_driver@2|FRAMEWORK@Framework@0|185,status=0, args=(35,), message_id=RESPONSE|FRAMEWORK@Framework@0|fastran_000001@fastran_driver@2|510)
2025-08-15 14:03:24,812 fastran_driver_fastran_driver_2 DEBUG    _invoke_service(): wait_call  (35, True)
2025-08-15 14:03:24,812 fastran_driver_fastran_driver_2 DEBUG    _get_service_response(REQUEST|fastran_000001@fastran_driver@2|FRAMEWORK@Framework@0|186)
2025-08-15 14:03:24,871 fastran_eq0_efit_3 DEBUG    _get_service_response(REQUEST|fastran_000001@efit@3|FRAMEWORK@Framework@0|38), response = ServiceResponseMessage(sender_id=FRAMEWORK@Framework@0, receiver_id=fastran_000001@efit@3, request_msg_id=REQUEST|fastran_000001@efit@3|FRAMEWORK@Framework@0|38,status=0, args=(0,), message_id=RESPONSE|FRAMEWORK@Framework@0|fastran_000001@efit@3|511)
2025-08-15 14:03:24,871 fastran_eq0_efit_3 DEBUG    _invoke_service(): getTopic  ('_IPS_MONITOR',)
2025-08-15 14:03:24,871 fastran_eq0_efit_3 DEBUG    _get_service_response(REQUEST|fastran_000001@efit@3|FRAMEWORK@Framework@0|39)
2025-08-15 14:03:24,881 fastran_eq0_efit_3 DEBUG    _get_service_response(REQUEST|fastran_000001@efit@3|FRAMEWORK@Framework@0|39), response = ServiceResponseMessage(sender_id=FRAMEWORK@Framework@0, receiver_id=fastran_000001@efit@3, request_msg_id=REQUEST|fastran_000001@efit@3|FRAMEWORK@Framework@0|39,status=0, args=(<ipsframework.cca_es_spec.Topic object at 0x1541243ac580>,), message_id=RESPONSE|FRAMEWORK@Framework@0|fastran_000001@efit@3|513)
2025-08-15 14:03:24,882 fastran_eq0_efit_3 DEBUG    _invoke_service(): sendEvent  ('_IPS_MONITOR', 'PORTAL_EVENT', {'sim_name': 'fastran_000001', 'real_sim_name': 'fastran_000001', 'portal_data': {'code': 'fastran_eq0_efit', 'eventtype': 'IPS_STAGE_STATE', 'ok': True, 'walltime': '65.59', 'time': '2025-08-15|14:03:24PDT', 'trace': {'timestamp': 1755291804803601, 'duration': 67636, 'localEndpoint': {'serviceName': 'stage_state'}, 'name': "['s000001.00001', 'g000001.00001', 'i000001.00001']", 'id': '71885aecf25d7412', 'parentId': '270fb285f29cdbce', 'tags': {}}, 'state': 'Running', 'comment': 'Elapsed time = 0.068  files = s000001.00001 g000001.00001 i000001.00001 Success'}})
2025-08-15 14:03:24,882 fastran_eq0_efit_3 DEBUG    _get_service_response(REQUEST|fastran_000001@efit@3|FRAMEWORK@Framework@0|40)
2025-08-15 14:03:24,892 fastran_eq0_efit_3 DEBUG    _get_service_response(REQUEST|fastran_000001@efit@3|FRAMEWORK@Framework@0|40), response = ServiceResponseMessage(sender_id=FRAMEWORK@Framework@0, receiver_id=fastran_000001@efit@3, request_msg_id=REQUEST|fastran_000001@efit@3|FRAMEWORK@Framework@0|40,status=0, args=(None,), message_id=RESPONSE|FRAMEWORK@Framework@0|fastran_000001@efit@3|514)
2025-08-15 14:03:39,486 fastran_eq0_efit_3 DEBUG    _invoke_service(): update_state  (['s000001.00001', 'g000001.00001', 'i000001.00001'], '/global/homes/y/yashu_gh/FREDA_EP/ips-fastran/examples_new/far3d/example1/SCAN/work/fastran_eq0_efit_3', '/global/homes/y/yashu_gh/FREDA_EP/ips-fastran/examples_new/far3d/example1/SCAN/work/plasma_state')
2025-08-15 14:03:39,488 fastran_eq0_efit_3 DEBUG    _get_service_response(REQUEST|fastran_000001@efit@3|FRAMEWORK@Framework@0|41)
2025-08-15 14:03:39,579 fastran_eq0_efit_3 DEBUG    _get_service_response(REQUEST|fastran_000001@efit@3|FRAMEWORK@Framework@0|41), response = ServiceResponseMessage(sender_id=FRAMEWORK@Framework@0, receiver_id=fastran_000001@efit@3, request_msg_id=REQUEST|fastran_000001@efit@3|FRAMEWORK@Framework@0|41,status=0, args=(0,), message_id=RESPONSE|FRAMEWORK@Framework@0|fastran_000001@efit@3|543)
2025-08-15 14:03:39,580 fastran_eq0_efit_3 DEBUG    _invoke_service(): getTopic  ('_IPS_MONITOR',)
2025-08-15 14:03:39,580 fastran_eq0_efit_3 DEBUG    _get_service_response(REQUEST|fastran_000001@efit@3|FRAMEWORK@Framework@0|42)
2025-08-15 14:03:39,591 fastran_eq0_efit_3 DEBUG    _get_service_response(REQUEST|fastran_000001@efit@3|FRAMEWORK@Framework@0|42), response = ServiceResponseMessage(sender_id=FRAMEWORK@Framework@0, receiver_id=fastran_000001@efit@3, request_msg_id=REQUEST|fastran_000001@efit@3|FRAMEWORK@Framework@0|42,status=0, args=(<ipsframework.cca_es_spec.Topic object at 0x1541243652b0>,), message_id=RESPONSE|FRAMEWORK@Framework@0|fastran_000001@efit@3|544)
2025-08-15 14:03:39,591 fastran_eq0_efit_3 DEBUG    _invoke_service(): sendEvent  ('_IPS_MONITOR', 'PORTAL_EVENT', {'sim_name': 'fastran_000001', 'real_sim_name': 'fastran_000001', 'portal_data': {'code': 'fastran_eq0_efit', 'eventtype': 'IPS_UPDATE_STATE', 'ok': True, 'walltime': '80.30', 'time': '2025-08-15|14:03:39PDT', 'trace': {'timestamp': 1755291819485426, 'duration': 94585, 'localEndpoint': {'serviceName': 'update_state'}, 'name': "['s000001.00001', 'g000001.00001', 'i000001.00001']", 'id': '7629e189a66153c0', 'parentId': '270fb285f29cdbce', 'tags': {}}, 'state': 'Running', 'comment': 'Elapsed time = 0.095   files = s000001.00001 g000001.00001 i000001.00001 Success'}})
2025-08-15 14:03:39,591 fastran_eq0_efit_3 DEBUG    _get_service_response(REQUEST|fastran_000001@efit@3|FRAMEWORK@Framework@0|43)
2025-08-15 14:03:39,602 fastran_eq0_efit_3 DEBUG    _get_service_response(REQUEST|fastran_000001@efit@3|FRAMEWORK@Framework@0|43), response = ServiceResponseMessage(sender_id=FRAMEWORK@Framework@0, receiver_id=fastran_000001@efit@3, request_msg_id=REQUEST|fastran_000001@efit@3|FRAMEWORK@Framework@0|43,status=0, args=(None,), message_id=RESPONSE|FRAMEWORK@Framework@0|fastran_000001@efit@3|545)
2025-08-15 14:03:39,823 fastran_eq0_efit_3 DEBUG    _invoke_service(): getTopic  ('_IPS_MONITOR',)
2025-08-15 14:03:39,823 fastran_eq0_efit_3 DEBUG    _get_service_response(REQUEST|fastran_000001@efit@3|FRAMEWORK@Framework@0|44)
2025-08-15 14:03:39,834 fastran_eq0_efit_3 DEBUG    _get_service_response(REQUEST|fastran_000001@efit@3|FRAMEWORK@Framework@0|44), response = ServiceResponseMessage(sender_id=FRAMEWORK@Framework@0, receiver_id=fastran_000001@efit@3, request_msg_id=REQUEST|fastran_000001@efit@3|FRAMEWORK@Framework@0|44,status=0, args=(<ipsframework.cca_es_spec.Topic object at 0x1541243652b0>,), message_id=RESPONSE|FRAMEWORK@Framework@0|fastran_000001@efit@3|547)
2025-08-15 14:03:39,834 fastran_eq0_efit_3 DEBUG    _invoke_service(): sendEvent  ('_IPS_MONITOR', 'PORTAL_EVENT', {'sim_name': 'fastran_000001', 'real_sim_name': 'fastran_000001', 'portal_data': {'code': 'fastran_eq0_efit', 'eventtype': 'IPS_STAGE_OUTPUTS', 'ok': True, 'walltime': '80.54', 'time': '2025-08-15|14:03:39PDT', 'trace': {'timestamp': 1755291819602152, 'duration': 221489, 'localEndpoint': {'serviceName': 'stage_output_files'}, 'name': "['g*.*', 'a*.*', 'm*.*', 'k*.*', 'efit.log']", 'id': '7f2cccfefec01030', 'parentId': '270fb285f29cdbce', 'tags': {}}, 'state': 'Running', 'comment': "Elapsed time = 0.221 Path = /global/homes/y/yashu_gh/FREDA_EP/ips-fastran/examples_new/far3d/example1/SCAN/simulation_results/preprocess_4/components/fastran_eq0_efit_3 Files = ['g*.*', 'a*.*', 'm*.*', 'k*.*', 'efit.log']"}})
2025-08-15 14:03:39,835 fastran_eq0_efit_3 DEBUG    _get_service_response(REQUEST|fastran_000001@efit@3|FRAMEWORK@Framework@0|45)
2025-08-15 14:03:39,846 fastran_eq0_efit_3 DEBUG    _get_service_response(REQUEST|fastran_000001@efit@3|FRAMEWORK@Framework@0|45), response = ServiceResponseMessage(sender_id=FRAMEWORK@Framework@0, receiver_id=fastran_000001@efit@3, request_msg_id=REQUEST|fastran_000001@efit@3|FRAMEWORK@Framework@0|45,status=0, args=(None,), message_id=RESPONSE|FRAMEWORK@Framework@0|fastran_000001@efit@3|548)
2025-08-15 14:03:39,858 fastran_driver_fastran_driver_2 DEBUG    _get_service_response(REQUEST|fastran_000001@fastran_driver@2|FRAMEWORK@Framework@0|186), response = ServiceResponseMessage(sender_id=FRAMEWORK@Framework@0, receiver_id=fastran_000001@fastran_driver@2, request_msg_id=REQUEST|fastran_000001@fastran_driver@2|FRAMEWORK@Framework@0|186,status=0, args=((None,),), message_id=RESPONSE|FRAMEWORK@Framework@0|fastran_000001@fastran_driver@2|549)
2025-08-15 14:03:39,859 fastran_driver_fastran_driver_2 DEBUG    _invoke_service(): getTopic  ('_IPS_MONITOR',)
2025-08-15 14:03:39,859 fastran_driver_fastran_driver_2 DEBUG    _get_service_response(REQUEST|fastran_000001@fastran_driver@2|FRAMEWORK@Framework@0|187)
2025-08-15 14:03:39,869 fastran_driver_fastran_driver_2 DEBUG    _get_service_response(REQUEST|fastran_000001@fastran_driver@2|FRAMEWORK@Framework@0|187), response = ServiceResponseMessage(sender_id=FRAMEWORK@Framework@0, receiver_id=fastran_000001@fastran_driver@2, request_msg_id=REQUEST|fastran_000001@fastran_driver@2|FRAMEWORK@Framework@0|187,status=0, args=(<ipsframework.cca_es_spec.Topic object at 0x15412441cf10>,), message_id=RESPONSE|FRAMEWORK@Framework@0|fastran_000001@fastran_driver@2|550)
2025-08-15 14:03:39,869 fastran_driver_fastran_driver_2 DEBUG    _invoke_service(): sendEvent  ('_IPS_MONITOR', 'PORTAL_EVENT', {'sim_name': 'fastran_000001', 'real_sim_name': 'fastran_000001', 'portal_data': {'code': 'fastran_driver_fastran_driver', 'eventtype': 'IPS_CALL_END', 'ok': True, 'walltime': '80.58', 'time': '2025-08-15|14:03:39PDT', 'trace': {'timestamp': 1755291804812834, 'duration': 15046115, 'localEndpoint': {'serviceName': 'fastran_000001@efit@3'}, 'name': 'step(preprocess_4)', 'id': '270fb285f29cdbce', 'parentId': '15e0663de819b9fa', 'tags': {}}, 'state': 'Running', 'comment': 'Target = fastran_000001@efit@3:step(preprocess_4)'}})
2025-08-15 14:03:39,869 fastran_driver_fastran_driver_2 DEBUG    _get_service_response(REQUEST|fastran_000001@fastran_driver@2|FRAMEWORK@Framework@0|188)
2025-08-15 14:03:39,880 fastran_driver_fastran_driver_2 DEBUG    _get_service_response(REQUEST|fastran_000001@fastran_driver@2|FRAMEWORK@Framework@0|188), response = ServiceResponseMessage(sender_id=FRAMEWORK@Framework@0, receiver_id=fastran_000001@fastran_driver@2, request_msg_id=REQUEST|fastran_000001@fastran_driver@2|FRAMEWORK@Framework@0|188,status=0, args=(None,), message_id=RESPONSE|FRAMEWORK@Framework@0|fastran_000001@fastran_driver@2|551)
2025-08-15 14:03:39,882 fastran_driver_fastran_driver_2 DEBUG    _invoke_service(): getTopic  ('_IPS_MONITOR',)
2025-08-15 14:03:39,882 fastran_driver_fastran_driver_2 DEBUG    _get_service_response(REQUEST|fastran_000001@fastran_driver@2|FRAMEWORK@Framework@0|189)
2025-08-15 14:03:39,892 fastran_driver_fastran_driver_2 DEBUG    _get_service_response(REQUEST|fastran_000001@fastran_driver@2|FRAMEWORK@Framework@0|189), response = ServiceResponseMessage(sender_id=FRAMEWORK@Framework@0, receiver_id=fastran_000001@fastran_driver@2, request_msg_id=REQUEST|fastran_000001@fastran_driver@2|FRAMEWORK@Framework@0|189,status=0, args=(<ipsframework.cca_es_spec.Topic object at 0x15412441cfa0>,), message_id=RESPONSE|FRAMEWORK@Framework@0|fastran_000001@fastran_driver@2|552)
2025-08-15 14:03:39,892 fastran_driver_fastran_driver_2 DEBUG    _invoke_service(): sendEvent  ('_IPS_MONITOR', 'PORTAL_EVENT', {'sim_name': 'fastran_000001', 'real_sim_name': 'fastran_000001', 'portal_data': {'code': 'fastran_driver_fastran_driver', 'eventtype': 'IPS_CALL_BEGIN', 'ok': True, 'walltime': '80.60', 'time': '2025-08-15|14:03:39PDT', 'state': 'Running', 'comment': 'Target = fastran_000001@hcd_model@4:step(preprocess_4)'}})
2025-08-15 14:03:39,892 fastran_driver_fastran_driver_2 DEBUG    _get_service_response(REQUEST|fastran_000001@fastran_driver@2|FRAMEWORK@Framework@0|190)
2025-08-15 14:03:39,903 fastran_driver_fastran_driver_2 DEBUG    _get_service_response(REQUEST|fastran_000001@fastran_driver@2|FRAMEWORK@Framework@0|190), response = ServiceResponseMessage(sender_id=FRAMEWORK@Framework@0, receiver_id=fastran_000001@fastran_driver@2, request_msg_id=REQUEST|fastran_000001@fastran_driver@2|FRAMEWORK@Framework@0|190,status=0, args=(None,), message_id=RESPONSE|FRAMEWORK@Framework@0|fastran_000001@fastran_driver@2|553)
2025-08-15 14:03:39,903 fastran_driver_fastran_driver_2 DEBUG    _invoke_service(): init_call  ('step', 'preprocess_4')
2025-08-15 14:03:39,903 fastran_driver_fastran_driver_2 DEBUG    _get_service_response(REQUEST|fastran_000001@fastran_driver@2|FRAMEWORK@Framework@0|191)
2025-08-15 14:03:39,904 fastran_ic_hcd_model_4 DEBUG    Received Message 
2025-08-15 14:03:39,904 fastran_ic_hcd_model_4 DEBUG    Calling method step(preprocess_4)
2025-08-15 14:03:39,905 fastran_ic_hcd_model_4 DEBUG    _invoke_service(): stage_state  (['s000001.00001', 'g000001.00001', 'i000001.00001'], '/global/homes/y/yashu_gh/FREDA_EP/ips-fastran/examples_new/far3d/example1/SCAN/work/plasma_state', '/global/homes/y/yashu_gh/FREDA_EP/ips-fastran/examples_new/far3d/example1/SCAN/work/fastran_ic_hcd_model_4')
2025-08-15 14:03:39,905 fastran_ic_hcd_model_4 DEBUG    _get_service_response(REQUEST|fastran_000001@hcd_model@4|FRAMEWORK@Framework@0|40)
2025-08-15 14:03:39,914 fastran_driver_fastran_driver_2 DEBUG    _get_service_response(REQUEST|fastran_000001@fastran_driver@2|FRAMEWORK@Framework@0|191), response = ServiceResponseMessage(sender_id=FRAMEWORK@Framework@0, receiver_id=fastran_000001@fastran_driver@2, request_msg_id=REQUEST|fastran_000001@fastran_driver@2|FRAMEWORK@Framework@0|191,status=0, args=(36,), message_id=RESPONSE|FRAMEWORK@Framework@0|fastran_000001@fastran_driver@2|554)
2025-08-15 14:03:39,915 fastran_driver_fastran_driver_2 DEBUG    _invoke_service(): wait_call  (36, True)
2025-08-15 14:03:39,915 fastran_driver_fastran_driver_2 DEBUG    _get_service_response(REQUEST|fastran_000001@fastran_driver@2|FRAMEWORK@Framework@0|192)
2025-08-15 14:03:39,970 fastran_ic_hcd_model_4 DEBUG    _get_service_response(REQUEST|fastran_000001@hcd_model@4|FRAMEWORK@Framework@0|40), response = ServiceResponseMessage(sender_id=FRAMEWORK@Framework@0, receiver_id=fastran_000001@hcd_model@4, request_msg_id=REQUEST|fastran_000001@hcd_model@4|FRAMEWORK@Framework@0|40,status=0, args=(0,), message_id=RESPONSE|FRAMEWORK@Framework@0|fastran_000001@hcd_model@4|555)
2025-08-15 14:03:39,970 fastran_ic_hcd_model_4 DEBUG    _invoke_service(): getTopic  ('_IPS_MONITOR',)
2025-08-15 14:03:39,970 fastran_ic_hcd_model_4 DEBUG    _get_service_response(REQUEST|fastran_000001@hcd_model@4|FRAMEWORK@Framework@0|41)
2025-08-15 14:03:39,981 fastran_ic_hcd_model_4 DEBUG    _get_service_response(REQUEST|fastran_000001@hcd_model@4|FRAMEWORK@Framework@0|41), response = ServiceResponseMessage(sender_id=FRAMEWORK@Framework@0, receiver_id=fastran_000001@hcd_model@4, request_msg_id=REQUEST|fastran_000001@hcd_model@4|FRAMEWORK@Framework@0|41,status=0, args=(<ipsframework.cca_es_spec.Topic object at 0x1541243bae50>,), message_id=RESPONSE|FRAMEWORK@Framework@0|fastran_000001@hcd_model@4|556)
2025-08-15 14:03:39,981 fastran_ic_hcd_model_4 DEBUG    _invoke_service(): sendEvent  ('_IPS_MONITOR', 'PORTAL_EVENT', {'sim_name': 'fastran_000001', 'real_sim_name': 'fastran_000001', 'portal_data': {'code': 'fastran_ic_hcd_model', 'eventtype': 'IPS_STAGE_STATE', 'ok': True, 'walltime': '80.69', 'time': '2025-08-15|14:03:39PDT', 'trace': {'timestamp': 1755291819905622, 'duration': 64566, 'localEndpoint': {'serviceName': 'stage_state'}, 'name': "['s000001.00001', 'g000001.00001', 'i000001.00001']", 'id': '71885aecf25d7412', 'parentId': '484b69c7de98926b', 'tags': {}}, 'state': 'Running', 'comment': 'Elapsed time = 0.065  files = s000001.00001 g000001.00001 i000001.00001 Success'}})
2025-08-15 14:03:39,981 fastran_ic_hcd_model_4 DEBUG    _get_service_response(REQUEST|fastran_000001@hcd_model@4|FRAMEWORK@Framework@0|42)
2025-08-15 14:03:39,992 fastran_ic_hcd_model_4 DEBUG    _get_service_response(REQUEST|fastran_000001@hcd_model@4|FRAMEWORK@Framework@0|42), response = ServiceResponseMessage(sender_id=FRAMEWORK@Framework@0, receiver_id=fastran_000001@hcd_model@4, request_msg_id=REQUEST|fastran_000001@hcd_model@4|FRAMEWORK@Framework@0|42,status=0, args=(None,), message_id=RESPONSE|FRAMEWORK@Framework@0|fastran_000001@hcd_model@4|557)
2025-08-15 14:03:40,009 fastran_ic_hcd_model_4 DEBUG    _invoke_service(): getTopic  ('_IPS_MONITOR',)
2025-08-15 14:03:40,009 fastran_ic_hcd_model_4 DEBUG    _get_service_response(REQUEST|fastran_000001@hcd_model@4|FRAMEWORK@Framework@0|43)
2025-08-15 14:03:40,019 fastran_ic_hcd_model_4 DEBUG    _get_service_response(REQUEST|fastran_000001@hcd_model@4|FRAMEWORK@Framework@0|43), response = ServiceResponseMessage(sender_id=FRAMEWORK@Framework@0, receiver_id=fastran_000001@hcd_model@4, request_msg_id=REQUEST|fastran_000001@hcd_model@4|FRAMEWORK@Framework@0|43,status=0, args=(<ipsframework.cca_es_spec.Topic object at 0x1541243c4070>,), message_id=RESPONSE|FRAMEWORK@Framework@0|fastran_000001@hcd_model@4|558)
2025-08-15 14:03:40,019 fastran_ic_hcd_model_4 DEBUG    _invoke_service(): sendEvent  ('_IPS_MONITOR', 'PORTAL_EVENT', {'sim_name': 'fastran_000001', 'real_sim_name': 'fastran_000001', 'portal_data': {'code': 'fastran_ic_hcd_model', 'eventtype': 'IPS_STAGE_INPUTS', 'ok': True, 'walltime': '80.73', 'time': '2025-08-15|14:03:40PDT', 'trace': {'timestamp': 1755291819992203, 'duration': 16906, 'localEndpoint': {'serviceName': 'stage_input_files'}, 'name': 'inhcd', 'id': '5ee53c28a9607896', 'parentId': '484b69c7de98926b', 'tags': {}}, 'state': 'Running', 'comment': 'Elapsed time = 0.017 Path = /global/homes/y/yashu_gh/FREDA_EP/ips-fastran/examples_new/far3d/example1/input Files = inhcd'}})
2025-08-15 14:03:40,019 fastran_ic_hcd_model_4 DEBUG    _get_service_response(REQUEST|fastran_000001@hcd_model@4|FRAMEWORK@Framework@0|44)
2025-08-15 14:03:40,030 fastran_ic_hcd_model_4 DEBUG    _get_service_response(REQUEST|fastran_000001@hcd_model@4|FRAMEWORK@Framework@0|44), response = ServiceResponseMessage(sender_id=FRAMEWORK@Framework@0, receiver_id=fastran_000001@hcd_model@4, request_msg_id=REQUEST|fastran_000001@hcd_model@4|FRAMEWORK@Framework@0|44,status=0, args=(None,), message_id=RESPONSE|FRAMEWORK@Framework@0|fastran_000001@hcd_model@4|559)
2025-08-15 14:03:40,153 fastran_ic_hcd_model_4 DEBUG    _invoke_service(): update_state  (['s000001.00001', 'g000001.00001', 'i000001.00001'], '/global/homes/y/yashu_gh/FREDA_EP/ips-fastran/examples_new/far3d/example1/SCAN/work/fastran_ic_hcd_model_4', '/global/homes/y/yashu_gh/FREDA_EP/ips-fastran/examples_new/far3d/example1/SCAN/work/plasma_state')
2025-08-15 14:03:40,153 fastran_ic_hcd_model_4 DEBUG    _get_service_response(REQUEST|fastran_000001@hcd_model@4|FRAMEWORK@Framework@0|45)
2025-08-15 14:03:40,222 fastran_ic_hcd_model_4 DEBUG    _get_service_response(REQUEST|fastran_000001@hcd_model@4|FRAMEWORK@Framework@0|45), response = ServiceResponseMessage(sender_id=FRAMEWORK@Framework@0, receiver_id=fastran_000001@hcd_model@4, request_msg_id=REQUEST|fastran_000001@hcd_model@4|FRAMEWORK@Framework@0|45,status=0, args=(0,), message_id=RESPONSE|FRAMEWORK@Framework@0|fastran_000001@hcd_model@4|560)
2025-08-15 14:03:40,222 fastran_ic_hcd_model_4 DEBUG    _invoke_service(): getTopic  ('_IPS_MONITOR',)
2025-08-15 14:03:40,222 fastran_ic_hcd_model_4 DEBUG    _get_service_response(REQUEST|fastran_000001@hcd_model@4|FRAMEWORK@Framework@0|46)
2025-08-15 14:03:40,232 fastran_ic_hcd_model_4 DEBUG    _get_service_response(REQUEST|fastran_000001@hcd_model@4|FRAMEWORK@Framework@0|46), response = ServiceResponseMessage(sender_id=FRAMEWORK@Framework@0, receiver_id=fastran_000001@hcd_model@4, request_msg_id=REQUEST|fastran_000001@hcd_model@4|FRAMEWORK@Framework@0|46,status=0, args=(<ipsframework.cca_es_spec.Topic object at 0x1541243c4460>,), message_id=RESPONSE|FRAMEWORK@Framework@0|fastran_000001@hcd_model@4|562)
2025-08-15 14:03:40,232 fastran_ic_hcd_model_4 DEBUG    _invoke_service(): sendEvent  ('_IPS_MONITOR', 'PORTAL_EVENT', {'sim_name': 'fastran_000001', 'real_sim_name': 'fastran_000001', 'portal_data': {'code': 'fastran_ic_hcd_model', 'eventtype': 'IPS_UPDATE_STATE', 'ok': True, 'walltime': '80.94', 'time': '2025-08-15|14:03:40PDT', 'trace': {'timestamp': 1755291820153194, 'duration': 69072, 'localEndpoint': {'serviceName': 'update_state'}, 'name': "['s000001.00001', 'g000001.00001', 'i000001.00001']", 'id': '7629e189a66153c0', 'parentId': '484b69c7de98926b', 'tags': {}}, 'state': 'Running', 'comment': 'Elapsed time = 0.069   files = s000001.00001 g000001.00001 i000001.00001 Success'}})
2025-08-15 14:03:40,233 fastran_ic_hcd_model_4 DEBUG    _get_service_response(REQUEST|fastran_000001@hcd_model@4|FRAMEWORK@Framework@0|47)
2025-08-15 14:03:40,243 fastran_ic_hcd_model_4 DEBUG    _get_service_response(REQUEST|fastran_000001@hcd_model@4|FRAMEWORK@Framework@0|47), response = ServiceResponseMessage(sender_id=FRAMEWORK@Framework@0, receiver_id=fastran_000001@hcd_model@4, request_msg_id=REQUEST|fastran_000001@hcd_model@4|FRAMEWORK@Framework@0|47,status=0, args=(None,), message_id=RESPONSE|FRAMEWORK@Framework@0|fastran_000001@hcd_model@4|563)
2025-08-15 14:03:40,245 fastran_ic_hcd_model_4 DEBUG    _invoke_service(): getTopic  ('_IPS_MONITOR',)
2025-08-15 14:03:40,245 fastran_ic_hcd_model_4 DEBUG    _get_service_response(REQUEST|fastran_000001@hcd_model@4|FRAMEWORK@Framework@0|48)
2025-08-15 14:03:40,256 fastran_ic_hcd_model_4 DEBUG    _get_service_response(REQUEST|fastran_000001@hcd_model@4|FRAMEWORK@Framework@0|48), response = ServiceResponseMessage(sender_id=FRAMEWORK@Framework@0, receiver_id=fastran_000001@hcd_model@4, request_msg_id=REQUEST|fastran_000001@hcd_model@4|FRAMEWORK@Framework@0|48,status=0, args=(<ipsframework.cca_es_spec.Topic object at 0x1541243c4040>,), message_id=RESPONSE|FRAMEWORK@Framework@0|fastran_000001@hcd_model@4|564)
2025-08-15 14:03:40,256 fastran_ic_hcd_model_4 DEBUG    _invoke_service(): sendEvent  ('_IPS_MONITOR', 'PORTAL_EVENT', {'sim_name': 'fastran_000001', 'real_sim_name': 'fastran_000001', 'portal_data': {'code': 'fastran_ic_hcd_model', 'eventtype': 'IPS_STAGE_OUTPUTS', 'ok': True, 'walltime': '80.97', 'time': '2025-08-15|14:03:40PDT', 'trace': {'timestamp': 1755291820243746, 'duration': 1826, 'localEndpoint': {'serviceName': 'stage_output_files'}, 'name': '[]', 'id': 'ed019efe11be26d9', 'parentId': '484b69c7de98926b', 'tags': {}}, 'state': 'Running', 'comment': 'Elapsed time = 0.002 Path = /global/homes/y/yashu_gh/FREDA_EP/ips-fastran/examples_new/far3d/example1/SCAN/simulation_results/preprocess_4/components/fastran_ic_hcd_model_4 Files = []'}})
2025-08-15 14:03:40,256 fastran_ic_hcd_model_4 DEBUG    _get_service_response(REQUEST|fastran_000001@hcd_model@4|FRAMEWORK@Framework@0|49)
2025-08-15 14:03:40,267 fastran_ic_hcd_model_4 DEBUG    _get_service_response(REQUEST|fastran_000001@hcd_model@4|FRAMEWORK@Framework@0|49), response = ServiceResponseMessage(sender_id=FRAMEWORK@Framework@0, receiver_id=fastran_000001@hcd_model@4, request_msg_id=REQUEST|fastran_000001@hcd_model@4|FRAMEWORK@Framework@0|49,status=0, args=(None,), message_id=RESPONSE|FRAMEWORK@Framework@0|fastran_000001@hcd_model@4|565)
2025-08-15 14:03:40,278 fastran_driver_fastran_driver_2 DEBUG    _get_service_response(REQUEST|fastran_000001@fastran_driver@2|FRAMEWORK@Framework@0|192), response = ServiceResponseMessage(sender_id=FRAMEWORK@Framework@0, receiver_id=fastran_000001@fastran_driver@2, request_msg_id=REQUEST|fastran_000001@fastran_driver@2|FRAMEWORK@Framework@0|192,status=0, args=((None,),), message_id=RESPONSE|FRAMEWORK@Framework@0|fastran_000001@fastran_driver@2|566)
2025-08-15 14:03:40,278 fastran_driver_fastran_driver_2 DEBUG    _invoke_service(): getTopic  ('_IPS_MONITOR',)
2025-08-15 14:03:40,278 fastran_driver_fastran_driver_2 DEBUG    _get_service_response(REQUEST|fastran_000001@fastran_driver@2|FRAMEWORK@Framework@0|193)
2025-08-15 14:03:40,289 fastran_driver_fastran_driver_2 DEBUG    _get_service_response(REQUEST|fastran_000001@fastran_driver@2|FRAMEWORK@Framework@0|193), response = ServiceResponseMessage(sender_id=FRAMEWORK@Framework@0, receiver_id=fastran_000001@fastran_driver@2, request_msg_id=REQUEST|fastran_000001@fastran_driver@2|FRAMEWORK@Framework@0|193,status=0, args=(<ipsframework.cca_es_spec.Topic object at 0x15412441cf10>,), message_id=RESPONSE|FRAMEWORK@Framework@0|fastran_000001@fastran_driver@2|567)
2025-08-15 14:03:40,289 fastran_driver_fastran_driver_2 DEBUG    _invoke_service(): sendEvent  ('_IPS_MONITOR', 'PORTAL_EVENT', {'sim_name': 'fastran_000001', 'real_sim_name': 'fastran_000001', 'portal_data': {'code': 'fastran_driver_fastran_driver', 'eventtype': 'IPS_CALL_END', 'ok': True, 'walltime': '81.00', 'time': '2025-08-15|14:03:40PDT', 'trace': {'timestamp': 1755291819915047, 'duration': 363367, 'localEndpoint': {'serviceName': 'fastran_000001@hcd_model@4'}, 'name': 'step(preprocess_4)', 'id': '484b69c7de98926b', 'parentId': '15e0663de819b9fa', 'tags': {}}, 'state': 'Running', 'comment': 'Target = fastran_000001@hcd_model@4:step(preprocess_4)'}})
2025-08-15 14:03:40,289 fastran_driver_fastran_driver_2 DEBUG    _get_service_response(REQUEST|fastran_000001@fastran_driver@2|FRAMEWORK@Framework@0|194)
2025-08-15 14:03:40,300 fastran_driver_fastran_driver_2 DEBUG    _get_service_response(REQUEST|fastran_000001@fastran_driver@2|FRAMEWORK@Framework@0|194), response = ServiceResponseMessage(sender_id=FRAMEWORK@Framework@0, receiver_id=fastran_000001@fastran_driver@2, request_msg_id=REQUEST|fastran_000001@fastran_driver@2|FRAMEWORK@Framework@0|194,status=0, args=(None,), message_id=RESPONSE|FRAMEWORK@Framework@0|fastran_000001@fastran_driver@2|568)
2025-08-15 14:03:40,302 fastran_driver_fastran_driver_2 DEBUG    _invoke_service(): getTopic  ('_IPS_MONITOR',)
2025-08-15 14:03:40,302 fastran_driver_fastran_driver_2 DEBUG    _get_service_response(REQUEST|fastran_000001@fastran_driver@2|FRAMEWORK@Framework@0|195)
2025-08-15 14:03:40,312 fastran_driver_fastran_driver_2 DEBUG    _get_service_response(REQUEST|fastran_000001@fastran_driver@2|FRAMEWORK@Framework@0|195), response = ServiceResponseMessage(sender_id=FRAMEWORK@Framework@0, receiver_id=fastran_000001@fastran_driver@2, request_msg_id=REQUEST|fastran_000001@fastran_driver@2|FRAMEWORK@Framework@0|195,status=0, args=(<ipsframework.cca_es_spec.Topic object at 0x15412441ce20>,), message_id=RESPONSE|FRAMEWORK@Framework@0|fastran_000001@fastran_driver@2|569)
2025-08-15 14:03:40,312 fastran_driver_fastran_driver_2 DEBUG    _invoke_service(): sendEvent  ('_IPS_MONITOR', 'PORTAL_EVENT', {'sim_name': 'fastran_000001', 'real_sim_name': 'fastran_000001', 'portal_data': {'code': 'fastran_driver_fastran_driver', 'eventtype': 'IPS_CALL_BEGIN', 'ok': True, 'walltime': '81.02', 'time': '2025-08-15|14:03:40PDT', 'state': 'Running', 'comment': 'Target = fastran_000001@fastran@5:step(preprocess_4)'}})
2025-08-15 14:03:40,313 fastran_driver_fastran_driver_2 DEBUG    _get_service_response(REQUEST|fastran_000001@fastran_driver@2|FRAMEWORK@Framework@0|196)
2025-08-15 14:03:40,323 fastran_driver_fastran_driver_2 DEBUG    _get_service_response(REQUEST|fastran_000001@fastran_driver@2|FRAMEWORK@Framework@0|196), response = ServiceResponseMessage(sender_id=FRAMEWORK@Framework@0, receiver_id=fastran_000001@fastran_driver@2, request_msg_id=REQUEST|fastran_000001@fastran_driver@2|FRAMEWORK@Framework@0|196,status=0, args=(None,), message_id=RESPONSE|FRAMEWORK@Framework@0|fastran_000001@fastran_driver@2|570)
2025-08-15 14:03:40,324 fastran_driver_fastran_driver_2 DEBUG    _invoke_service(): init_call  ('step', 'preprocess_4')
2025-08-15 14:03:40,324 fastran_tr0_fastran_5 DEBUG    Received Message 
2025-08-15 14:03:40,324 fastran_driver_fastran_driver_2 DEBUG    _get_service_response(REQUEST|fastran_000001@fastran_driver@2|FRAMEWORK@Framework@0|197)
2025-08-15 14:03:40,325 fastran_tr0_fastran_5 DEBUG    Calling method step(preprocess_4)
2025-08-15 14:03:40,325 fastran_tr0_fastran_5 DEBUG    _invoke_service(): stage_state  (['s000001.00001', 'g000001.00001', 'i000001.00001'], '/global/homes/y/yashu_gh/FREDA_EP/ips-fastran/examples_new/far3d/example1/SCAN/work/plasma_state', '/global/homes/y/yashu_gh/FREDA_EP/ips-fastran/examples_new/far3d/example1/SCAN/work/fastran_tr0_fastran_5')
2025-08-15 14:03:40,325 fastran_tr0_fastran_5 DEBUG    _get_service_response(REQUEST|fastran_000001@fastran@5|FRAMEWORK@Framework@0|64)
2025-08-15 14:03:40,335 fastran_driver_fastran_driver_2 DEBUG    _get_service_response(REQUEST|fastran_000001@fastran_driver@2|FRAMEWORK@Framework@0|197), response = ServiceResponseMessage(sender_id=FRAMEWORK@Framework@0, receiver_id=fastran_000001@fastran_driver@2, request_msg_id=REQUEST|fastran_000001@fastran_driver@2|FRAMEWORK@Framework@0|197,status=0, args=(37,), message_id=RESPONSE|FRAMEWORK@Framework@0|fastran_000001@fastran_driver@2|571)
2025-08-15 14:03:40,335 fastran_driver_fastran_driver_2 DEBUG    _invoke_service(): wait_call  (37, True)
2025-08-15 14:03:40,335 fastran_driver_fastran_driver_2 DEBUG    _get_service_response(REQUEST|fastran_000001@fastran_driver@2|FRAMEWORK@Framework@0|198)
2025-08-15 14:03:40,391 fastran_tr0_fastran_5 DEBUG    _get_service_response(REQUEST|fastran_000001@fastran@5|FRAMEWORK@Framework@0|64), response = ServiceResponseMessage(sender_id=FRAMEWORK@Framework@0, receiver_id=fastran_000001@fastran@5, request_msg_id=REQUEST|fastran_000001@fastran@5|FRAMEWORK@Framework@0|64,status=0, args=(0,), message_id=RESPONSE|FRAMEWORK@Framework@0|fastran_000001@fastran@5|572)
2025-08-15 14:03:40,391 fastran_tr0_fastran_5 DEBUG    _invoke_service(): getTopic  ('_IPS_MONITOR',)
2025-08-15 14:03:40,391 fastran_tr0_fastran_5 DEBUG    _get_service_response(REQUEST|fastran_000001@fastran@5|FRAMEWORK@Framework@0|65)
2025-08-15 14:03:40,402 fastran_tr0_fastran_5 DEBUG    _get_service_response(REQUEST|fastran_000001@fastran@5|FRAMEWORK@Framework@0|65), response = ServiceResponseMessage(sender_id=FRAMEWORK@Framework@0, receiver_id=fastran_000001@fastran@5, request_msg_id=REQUEST|fastran_000001@fastran@5|FRAMEWORK@Framework@0|65,status=0, args=(<ipsframework.cca_es_spec.Topic object at 0x1541243a3a90>,), message_id=RESPONSE|FRAMEWORK@Framework@0|fastran_000001@fastran@5|573)
2025-08-15 14:03:40,402 fastran_tr0_fastran_5 DEBUG    _invoke_service(): sendEvent  ('_IPS_MONITOR', 'PORTAL_EVENT', {'sim_name': 'fastran_000001', 'real_sim_name': 'fastran_000001', 'portal_data': {'code': 'fastran_tr0_fastran', 'eventtype': 'IPS_STAGE_STATE', 'ok': True, 'walltime': '81.11', 'time': '2025-08-15|14:03:40PDT', 'trace': {'timestamp': 1755291820325816, 'duration': 65809, 'localEndpoint': {'serviceName': 'stage_state'}, 'name': "['s000001.00001', 'g000001.00001', 'i000001.00001']", 'id': '71885aecf25d7412', 'parentId': 'f4680116cd7d39a1', 'tags': {}}, 'state': 'Running', 'comment': 'Elapsed time = 0.066  files = s000001.00001 g000001.00001 i000001.00001 Success'}})
2025-08-15 14:03:40,402 fastran_tr0_fastran_5 DEBUG    _get_service_response(REQUEST|fastran_000001@fastran@5|FRAMEWORK@Framework@0|66)
2025-08-15 14:03:40,413 fastran_tr0_fastran_5 DEBUG    _get_service_response(REQUEST|fastran_000001@fastran@5|FRAMEWORK@Framework@0|66), response = ServiceResponseMessage(sender_id=FRAMEWORK@Framework@0, receiver_id=fastran_000001@fastran@5, request_msg_id=REQUEST|fastran_000001@fastran@5|FRAMEWORK@Framework@0|66,status=0, args=(None,), message_id=RESPONSE|FRAMEWORK@Framework@0|fastran_000001@fastran@5|574)
2025-08-15 14:03:40,458 fastran_tr0_fastran_5 DEBUG    _invoke_service(): getTopic  ('_IPS_MONITOR',)
2025-08-15 14:03:40,458 fastran_tr0_fastran_5 DEBUG    _get_service_response(REQUEST|fastran_000001@fastran@5|FRAMEWORK@Framework@0|67)
2025-08-15 14:03:40,468 fastran_tr0_fastran_5 DEBUG    _get_service_response(REQUEST|fastran_000001@fastran@5|FRAMEWORK@Framework@0|67), response = ServiceResponseMessage(sender_id=FRAMEWORK@Framework@0, receiver_id=fastran_000001@fastran@5, request_msg_id=REQUEST|fastran_000001@fastran@5|FRAMEWORK@Framework@0|67,status=0, args=(<ipsframework.cca_es_spec.Topic object at 0x1541243a3bb0>,), message_id=RESPONSE|FRAMEWORK@Framework@0|fastran_000001@fastran@5|575)
2025-08-15 14:03:40,468 fastran_tr0_fastran_5 DEBUG    _invoke_service(): sendEvent  ('_IPS_MONITOR', 'PORTAL_EVENT', {'sim_name': 'fastran_000001', 'real_sim_name': 'fastran_000001', 'portal_data': {'code': 'fastran_tr0_fastran', 'eventtype': 'IPS_STAGE_INPUTS', 'ok': True, 'walltime': '81.18', 'time': '2025-08-15|14:03:40PDT', 'trace': {'timestamp': 1755291820415205, 'duration': 42967, 'localEndpoint': {'serviceName': 'stage_input_files'}, 'name': 'infastran0 intglf', 'id': 'dca1af508bf5af99', 'parentId': 'f4680116cd7d39a1', 'tags': {}}, 'state': 'Running', 'comment': 'Elapsed time = 0.043 Path = /global/homes/y/yashu_gh/FREDA_EP/ips-fastran/examples_new/far3d/example1/input Files = infastran0 intglf'}})
2025-08-15 14:03:40,468 fastran_tr0_fastran_5 DEBUG    _get_service_response(REQUEST|fastran_000001@fastran@5|FRAMEWORK@Framework@0|68)
2025-08-15 14:03:40,479 fastran_tr0_fastran_5 DEBUG    _get_service_response(REQUEST|fastran_000001@fastran@5|FRAMEWORK@Framework@0|68), response = ServiceResponseMessage(sender_id=FRAMEWORK@Framework@0, receiver_id=fastran_000001@fastran@5, request_msg_id=REQUEST|fastran_000001@fastran@5|FRAMEWORK@Framework@0|68,status=0, args=(None,), message_id=RESPONSE|FRAMEWORK@Framework@0|fastran_000001@fastran@5|576)
2025-08-15 14:03:40,631 fastran_tr0_fastran_5 DEBUG    _invoke_service(): init_task  (TaskInit(nproc=1, binary='/global/common/software/atom/perlmutter/binaries/fastran/default/xfastran_ver1.06', working_dir='/global/homes/y/yashu_gh/FREDA_EP/ips-fastran/examples_new/far3d/example1/SCAN/work/fastran_tr0_fastran_5', tppn=0, tcpp=0, tgpp=0, block=True, omp=False, wnodes=True, wsocks=True, cmd_args=('1', '1')),)
2025-08-15 14:03:40,631 fastran_tr0_fastran_5 DEBUG    _get_service_response(REQUEST|fastran_000001@fastran@5|FRAMEWORK@Framework@0|69)
2025-08-15 14:03:40,642 fastran_tr0_fastran_5 DEBUG    _get_service_response(REQUEST|fastran_000001@fastran@5|FRAMEWORK@Framework@0|69), response = ServiceResponseMessage(sender_id=FRAMEWORK@Framework@0, receiver_id=fastran_000001@fastran@5, request_msg_id=REQUEST|fastran_000001@fastran@5|FRAMEWORK@Framework@0|69,status=0, args=((6, 'srun -N 1 -n 1 -c 128 --threads-per-core=1 --cpu-bind=cores /global/common/software/atom/perlmutter/binaries/fastran/default/xfastran_ver1.06 1 1', None, 128),), message_id=RESPONSE|FRAMEWORK@Framework@0|fastran_000001@fastran@5|577)
2025-08-15 14:03:40,644 fastran_tr0_fastran_5 DEBUG    Launching command : srun -N 1 -n 1 -c 128 --threads-per-core=1 --cpu-bind=cores /global/common/software/atom/perlmutter/binaries/fastran/default/xfastran_ver1.06 1 1
2025-08-15 14:03:40,661 fastran_tr0_fastran_5 DEBUG    _invoke_service(): getTopic  ('_IPS_MONITOR',)
2025-08-15 14:03:40,661 fastran_tr0_fastran_5 DEBUG    _get_service_response(REQUEST|fastran_000001@fastran@5|FRAMEWORK@Framework@0|70)
2025-08-15 14:03:40,672 fastran_tr0_fastran_5 DEBUG    _get_service_response(REQUEST|fastran_000001@fastran@5|FRAMEWORK@Framework@0|70), response = ServiceResponseMessage(sender_id=FRAMEWORK@Framework@0, receiver_id=fastran_000001@fastran@5, request_msg_id=REQUEST|fastran_000001@fastran@5|FRAMEWORK@Framework@0|70,status=0, args=(<ipsframework.cca_es_spec.Topic object at 0x1541243a3d60>,), message_id=RESPONSE|FRAMEWORK@Framework@0|fastran_000001@fastran@5|578)
2025-08-15 14:03:40,672 fastran_tr0_fastran_5 DEBUG    _invoke_service(): sendEvent  ('_IPS_MONITOR', 'PORTAL_EVENT', {'sim_name': 'fastran_000001', 'real_sim_name': 'fastran_000001', 'portal_data': {'code': 'fastran_tr0_fastran', 'eventtype': 'IPS_LAUNCH_TASK', 'ok': True, 'walltime': '81.38', 'time': '2025-08-15|14:03:40PDT', 'state': 'Running', 'comment': 'task_id = 6 , Tag = None , nproc = 1 , Target = srun -N 1 -n 1 -c 128 --threads-per-core=1 --cpu-bind=cores /global/common/software/atom/perlmutter/binaries/fastran/default/xfastran_ver1.06 1 1'}})
2025-08-15 14:03:40,672 fastran_tr0_fastran_5 DEBUG    _get_service_response(REQUEST|fastran_000001@fastran@5|FRAMEWORK@Framework@0|71)
2025-08-15 14:03:40,682 fastran_tr0_fastran_5 DEBUG    _get_service_response(REQUEST|fastran_000001@fastran@5|FRAMEWORK@Framework@0|71), response = ServiceResponseMessage(sender_id=FRAMEWORK@Framework@0, receiver_id=fastran_000001@fastran@5, request_msg_id=REQUEST|fastran_000001@fastran@5|FRAMEWORK@Framework@0|71,status=0, args=(None,), message_id=RESPONSE|FRAMEWORK@Framework@0|fastran_000001@fastran@5|579)
2025-08-15 14:03:41,038 fastran_tr0_fastran_5 DEBUG    _invoke_service(): getTopic  ('_IPS_MONITOR',)
2025-08-15 14:03:41,038 fastran_tr0_fastran_5 DEBUG    _get_service_response(REQUEST|fastran_000001@fastran@5|FRAMEWORK@Framework@0|72)
2025-08-15 14:03:41,049 fastran_tr0_fastran_5 DEBUG    _get_service_response(REQUEST|fastran_000001@fastran@5|FRAMEWORK@Framework@0|72), response = ServiceResponseMessage(sender_id=FRAMEWORK@Framework@0, receiver_id=fastran_000001@fastran@5, request_msg_id=REQUEST|fastran_000001@fastran@5|FRAMEWORK@Framework@0|72,status=0, args=(<ipsframework.cca_es_spec.Topic object at 0x1541243a38e0>,), message_id=RESPONSE|FRAMEWORK@Framework@0|fastran_000001@fastran@5|581)
2025-08-15 14:03:41,049 fastran_tr0_fastran_5 DEBUG    _invoke_service(): sendEvent  ('_IPS_MONITOR', 'PORTAL_EVENT', {'sim_name': 'fastran_000001', 'real_sim_name': 'fastran_000001', 'portal_data': {'code': 'fastran_tr0_fastran', 'eventtype': 'IPS_TASK_END', 'ok': True, 'walltime': '81.76', 'time': '2025-08-15|14:03:41PDT', 'trace': {'timestamp': 1755291820659976, 'duration': 378634, 'localEndpoint': {'serviceName': '/global/common/software/atom/perlmutter/binaries/fastran/default/xfastran_ver1.06'}, 'name': '1 1', 'id': 'cf76b6b2b45a9367', 'parentId': 'f4680116cd7d39a1', 'tags': {'procs_requested': '1', 'cores_allocated': '128'}}, 'state': 'Running', 'comment': 'task_id = 6  elapsed time = 0.38 S'}})
2025-08-15 14:03:41,049 fastran_tr0_fastran_5 DEBUG    _get_service_response(REQUEST|fastran_000001@fastran@5|FRAMEWORK@Framework@0|73)
2025-08-15 14:03:41,060 fastran_tr0_fastran_5 DEBUG    _get_service_response(REQUEST|fastran_000001@fastran@5|FRAMEWORK@Framework@0|73), response = ServiceResponseMessage(sender_id=FRAMEWORK@Framework@0, receiver_id=fastran_000001@fastran@5, request_msg_id=REQUEST|fastran_000001@fastran@5|FRAMEWORK@Framework@0|73,status=0, args=(None,), message_id=RESPONSE|FRAMEWORK@Framework@0|fastran_000001@fastran@5|582)
2025-08-15 14:03:41,060 fastran_tr0_fastran_5 DEBUG    _invoke_service(): finish_task  (6, 0)
2025-08-15 14:03:41,060 fastran_tr0_fastran_5 DEBUG    _get_service_response(REQUEST|fastran_000001@fastran@5|FRAMEWORK@Framework@0|74)
2025-08-15 14:03:41,071 fastran_tr0_fastran_5 DEBUG    _get_service_response(REQUEST|fastran_000001@fastran@5|FRAMEWORK@Framework@0|74), response = ServiceResponseMessage(sender_id=FRAMEWORK@Framework@0, receiver_id=fastran_000001@fastran@5, request_msg_id=REQUEST|fastran_000001@fastran@5|FRAMEWORK@Framework@0|74,status=0, args=(0,), message_id=RESPONSE|FRAMEWORK@Framework@0|fastran_000001@fastran@5|583)
2025-08-15 14:03:41,268 fastran_tr0_fastran_5 DEBUG    _invoke_service(): update_state  (['s000001.00001', 'g000001.00001', 'i000001.00001'], '/global/homes/y/yashu_gh/FREDA_EP/ips-fastran/examples_new/far3d/example1/SCAN/work/fastran_tr0_fastran_5', '/global/homes/y/yashu_gh/FREDA_EP/ips-fastran/examples_new/far3d/example1/SCAN/work/plasma_state')
2025-08-15 14:03:41,269 fastran_tr0_fastran_5 DEBUG    _get_service_response(REQUEST|fastran_000001@fastran@5|FRAMEWORK@Framework@0|75)
2025-08-15 14:03:41,332 fastran_tr0_fastran_5 DEBUG    _get_service_response(REQUEST|fastran_000001@fastran@5|FRAMEWORK@Framework@0|75), response = ServiceResponseMessage(sender_id=FRAMEWORK@Framework@0, receiver_id=fastran_000001@fastran@5, request_msg_id=REQUEST|fastran_000001@fastran@5|FRAMEWORK@Framework@0|75,status=0, args=(0,), message_id=RESPONSE|FRAMEWORK@Framework@0|fastran_000001@fastran@5|585)
2025-08-15 14:03:41,332 fastran_tr0_fastran_5 DEBUG    _invoke_service(): getTopic  ('_IPS_MONITOR',)
2025-08-15 14:03:41,332 fastran_tr0_fastran_5 DEBUG    _get_service_response(REQUEST|fastran_000001@fastran@5|FRAMEWORK@Framework@0|76)
2025-08-15 14:03:41,342 fastran_tr0_fastran_5 DEBUG    _get_service_response(REQUEST|fastran_000001@fastran@5|FRAMEWORK@Framework@0|76), response = ServiceResponseMessage(sender_id=FRAMEWORK@Framework@0, receiver_id=fastran_000001@fastran@5, request_msg_id=REQUEST|fastran_000001@fastran@5|FRAMEWORK@Framework@0|76,status=0, args=(<ipsframework.cca_es_spec.Topic object at 0x1541243a38b0>,), message_id=RESPONSE|FRAMEWORK@Framework@0|fastran_000001@fastran@5|586)
2025-08-15 14:03:41,342 fastran_tr0_fastran_5 DEBUG    _invoke_service(): sendEvent  ('_IPS_MONITOR', 'PORTAL_EVENT', {'sim_name': 'fastran_000001', 'real_sim_name': 'fastran_000001', 'portal_data': {'code': 'fastran_tr0_fastran', 'eventtype': 'IPS_UPDATE_STATE', 'ok': True, 'walltime': '82.05', 'time': '2025-08-15|14:03:41PDT', 'trace': {'timestamp': 1755291821268849, 'duration': 63356, 'localEndpoint': {'serviceName': 'update_state'}, 'name': "['s000001.00001', 'g000001.00001', 'i000001.00001']", 'id': '7629e189a66153c0', 'parentId': 'f4680116cd7d39a1', 'tags': {}}, 'state': 'Running', 'comment': 'Elapsed time = 0.063   files = s000001.00001 g000001.00001 i000001.00001 Success'}})
2025-08-15 14:03:41,343 fastran_tr0_fastran_5 DEBUG    _get_service_response(REQUEST|fastran_000001@fastran@5|FRAMEWORK@Framework@0|77)
2025-08-15 14:03:41,353 fastran_tr0_fastran_5 DEBUG    _get_service_response(REQUEST|fastran_000001@fastran@5|FRAMEWORK@Framework@0|77), response = ServiceResponseMessage(sender_id=FRAMEWORK@Framework@0, receiver_id=fastran_000001@fastran@5, request_msg_id=REQUEST|fastran_000001@fastran@5|FRAMEWORK@Framework@0|77,status=0, args=(None,), message_id=RESPONSE|FRAMEWORK@Framework@0|fastran_000001@fastran@5|587)
2025-08-15 14:03:41,529 fastran_tr0_fastran_5 DEBUG    _invoke_service(): getTopic  ('_IPS_MONITOR',)
2025-08-15 14:03:41,529 fastran_tr0_fastran_5 DEBUG    _get_service_response(REQUEST|fastran_000001@fastran@5|FRAMEWORK@Framework@0|78)
2025-08-15 14:03:41,539 fastran_tr0_fastran_5 DEBUG    _get_service_response(REQUEST|fastran_000001@fastran@5|FRAMEWORK@Framework@0|78), response = ServiceResponseMessage(sender_id=FRAMEWORK@Framework@0, receiver_id=fastran_000001@fastran@5, request_msg_id=REQUEST|fastran_000001@fastran@5|FRAMEWORK@Framework@0|78,status=0, args=(<ipsframework.cca_es_spec.Topic object at 0x1541243a39a0>,), message_id=RESPONSE|FRAMEWORK@Framework@0|fastran_000001@fastran@5|588)
2025-08-15 14:03:41,539 fastran_tr0_fastran_5 DEBUG    _invoke_service(): sendEvent  ('_IPS_MONITOR', 'PORTAL_EVENT', {'sim_name': 'fastran_000001', 'real_sim_name': 'fastran_000001', 'portal_data': {'code': 'fastran_tr0_fastran', 'eventtype': 'IPS_STAGE_OUTPUTS', 'ok': True, 'walltime': '82.25', 'time': '2025-08-15|14:03:41PDT', 'trace': {'timestamp': 1755291821353874, 'duration': 175198, 'localEndpoint': {'serviceName': 'stage_output_files'}, 'name': "['fastran.nc', 'inprof', 'inmetric', 'infastran', 'intglf', 'xfastran.log', 'i000001.00001']", 'id': '7349cfaaafc33980', 'parentId': 'f4680116cd7d39a1', 'tags': {}}, 'state': 'Running', 'comment': "Elapsed time = 0.175 Path = /global/homes/y/yashu_gh/FREDA_EP/ips-fastran/examples_new/far3d/example1/SCAN/simulation_results/preprocess_4/components/fastran_tr0_fastran_5 Files = ['fastran.nc', 'inprof', 'inmetric', 'infastran', 'intglf', 'xfastran.log', 'i000001.00001']"}})
2025-08-15 14:03:41,539 fastran_tr0_fastran_5 DEBUG    _get_service_response(REQUEST|fastran_000001@fastran@5|FRAMEWORK@Framework@0|79)
2025-08-15 14:03:41,550 fastran_tr0_fastran_5 DEBUG    _get_service_response(REQUEST|fastran_000001@fastran@5|FRAMEWORK@Framework@0|79), response = ServiceResponseMessage(sender_id=FRAMEWORK@Framework@0, receiver_id=fastran_000001@fastran@5, request_msg_id=REQUEST|fastran_000001@fastran@5|FRAMEWORK@Framework@0|79,status=0, args=(None,), message_id=RESPONSE|FRAMEWORK@Framework@0|fastran_000001@fastran@5|589)
2025-08-15 14:03:41,561 fastran_driver_fastran_driver_2 DEBUG    _get_service_response(REQUEST|fastran_000001@fastran_driver@2|FRAMEWORK@Framework@0|198), response = ServiceResponseMessage(sender_id=FRAMEWORK@Framework@0, receiver_id=fastran_000001@fastran_driver@2, request_msg_id=REQUEST|fastran_000001@fastran_driver@2|FRAMEWORK@Framework@0|198,status=0, args=((None,),), message_id=RESPONSE|FRAMEWORK@Framework@0|fastran_000001@fastran_driver@2|590)
2025-08-15 14:03:41,561 fastran_driver_fastran_driver_2 DEBUG    _invoke_service(): getTopic  ('_IPS_MONITOR',)
2025-08-15 14:03:41,561 fastran_driver_fastran_driver_2 DEBUG    _get_service_response(REQUEST|fastran_000001@fastran_driver@2|FRAMEWORK@Framework@0|199)
2025-08-15 14:03:41,572 fastran_driver_fastran_driver_2 DEBUG    _get_service_response(REQUEST|fastran_000001@fastran_driver@2|FRAMEWORK@Framework@0|199), response = ServiceResponseMessage(sender_id=FRAMEWORK@Framework@0, receiver_id=fastran_000001@fastran_driver@2, request_msg_id=REQUEST|fastran_000001@fastran_driver@2|FRAMEWORK@Framework@0|199,status=0, args=(<ipsframework.cca_es_spec.Topic object at 0x15412441cf10>,), message_id=RESPONSE|FRAMEWORK@Framework@0|fastran_000001@fastran_driver@2|591)
2025-08-15 14:03:41,572 fastran_driver_fastran_driver_2 DEBUG    _invoke_service(): sendEvent  ('_IPS_MONITOR', 'PORTAL_EVENT', {'sim_name': 'fastran_000001', 'real_sim_name': 'fastran_000001', 'portal_data': {'code': 'fastran_driver_fastran_driver', 'eventtype': 'IPS_CALL_END', 'ok': True, 'walltime': '82.28', 'time': '2025-08-15|14:03:41PDT', 'trace': {'timestamp': 1755291820335105, 'duration': 1226312, 'localEndpoint': {'serviceName': 'fastran_000001@fastran@5'}, 'name': 'step(preprocess_4)', 'id': 'f4680116cd7d39a1', 'parentId': '15e0663de819b9fa', 'tags': {}}, 'state': 'Running', 'comment': 'Target = fastran_000001@fastran@5:step(preprocess_4)'}})
2025-08-15 14:03:41,572 fastran_driver_fastran_driver_2 DEBUG    _get_service_response(REQUEST|fastran_000001@fastran_driver@2|FRAMEWORK@Framework@0|200)
2025-08-15 14:03:41,583 fastran_driver_fastran_driver_2 DEBUG    _get_service_response(REQUEST|fastran_000001@fastran_driver@2|FRAMEWORK@Framework@0|200), response = ServiceResponseMessage(sender_id=FRAMEWORK@Framework@0, receiver_id=fastran_000001@fastran_driver@2, request_msg_id=REQUEST|fastran_000001@fastran_driver@2|FRAMEWORK@Framework@0|200,status=0, args=(None,), message_id=RESPONSE|FRAMEWORK@Framework@0|fastran_000001@fastran_driver@2|592)
2025-08-15 14:03:41,584 fastran_driver_fastran_driver_2 DEBUG    _invoke_service(): getTopic  ('_IPS_MONITOR',)
2025-08-15 14:03:41,584 fastran_driver_fastran_driver_2 DEBUG    _get_service_response(REQUEST|fastran_000001@fastran_driver@2|FRAMEWORK@Framework@0|201)
2025-08-15 14:03:41,595 fastran_driver_fastran_driver_2 DEBUG    _get_service_response(REQUEST|fastran_000001@fastran_driver@2|FRAMEWORK@Framework@0|201), response = ServiceResponseMessage(sender_id=FRAMEWORK@Framework@0, receiver_id=fastran_000001@fastran_driver@2, request_msg_id=REQUEST|fastran_000001@fastran_driver@2|FRAMEWORK@Framework@0|201,status=0, args=(<ipsframework.cca_es_spec.Topic object at 0x15412441ce50>,), message_id=RESPONSE|FRAMEWORK@Framework@0|fastran_000001@fastran_driver@2|593)
2025-08-15 14:03:41,595 fastran_driver_fastran_driver_2 DEBUG    _invoke_service(): sendEvent  ('_IPS_MONITOR', 'PORTAL_EVENT', {'sim_name': 'fastran_000001', 'real_sim_name': 'fastran_000001', 'portal_data': {'code': 'fastran_driver_fastran_driver', 'eventtype': 'IPS_CALL_BEGIN', 'ok': True, 'walltime': '82.30', 'time': '2025-08-15|14:03:41PDT', 'state': 'Running', 'comment': 'Target = fastran_000001@modeleq_constraint@6:step(preprocess_4)'}})
2025-08-15 14:03:41,595 fastran_driver_fastran_driver_2 DEBUG    _get_service_response(REQUEST|fastran_000001@fastran_driver@2|FRAMEWORK@Framework@0|202)
2025-08-15 14:03:41,606 fastran_driver_fastran_driver_2 DEBUG    _get_service_response(REQUEST|fastran_000001@fastran_driver@2|FRAMEWORK@Framework@0|202), response = ServiceResponseMessage(sender_id=FRAMEWORK@Framework@0, receiver_id=fastran_000001@fastran_driver@2, request_msg_id=REQUEST|fastran_000001@fastran_driver@2|FRAMEWORK@Framework@0|202,status=0, args=(None,), message_id=RESPONSE|FRAMEWORK@Framework@0|fastran_000001@fastran_driver@2|594)
2025-08-15 14:03:41,606 fastran_driver_fastran_driver_2 DEBUG    _invoke_service(): init_call  ('step', 'preprocess_4')
2025-08-15 14:03:41,607 fastran__modeleq_constraint_6 DEBUG    Received Message 
2025-08-15 14:03:41,606 fastran_driver_fastran_driver_2 DEBUG    _get_service_response(REQUEST|fastran_000001@fastran_driver@2|FRAMEWORK@Framework@0|203)
2025-08-15 14:03:41,607 fastran__modeleq_constraint_6 DEBUG    Calling method step(preprocess_4)
2025-08-15 14:03:41,608 fastran__modeleq_constraint_6 DEBUG    _invoke_service(): stage_state  (['s000001.00001', 'g000001.00001', 'i000001.00001'], '/global/homes/y/yashu_gh/FREDA_EP/ips-fastran/examples_new/far3d/example1/SCAN/work/plasma_state', '/global/homes/y/yashu_gh/FREDA_EP/ips-fastran/examples_new/far3d/example1/SCAN/work/fastran__modeleq_constraint_6')
2025-08-15 14:03:41,608 fastran__modeleq_constraint_6 DEBUG    _get_service_response(REQUEST|fastran_000001@modeleq_constraint@6|FRAMEWORK@Framework@0|32)
2025-08-15 14:03:41,617 fastran_driver_fastran_driver_2 DEBUG    _get_service_response(REQUEST|fastran_000001@fastran_driver@2|FRAMEWORK@Framework@0|203), response = ServiceResponseMessage(sender_id=FRAMEWORK@Framework@0, receiver_id=fastran_000001@fastran_driver@2, request_msg_id=REQUEST|fastran_000001@fastran_driver@2|FRAMEWORK@Framework@0|203,status=0, args=(38,), message_id=RESPONSE|FRAMEWORK@Framework@0|fastran_000001@fastran_driver@2|595)
2025-08-15 14:03:41,617 fastran_driver_fastran_driver_2 DEBUG    _invoke_service(): wait_call  (38, True)
2025-08-15 14:03:41,617 fastran_driver_fastran_driver_2 DEBUG    _get_service_response(REQUEST|fastran_000001@fastran_driver@2|FRAMEWORK@Framework@0|204)
2025-08-15 14:03:41,731 fastran__modeleq_constraint_6 DEBUG    _get_service_response(REQUEST|fastran_000001@modeleq_constraint@6|FRAMEWORK@Framework@0|32), response = ServiceResponseMessage(sender_id=FRAMEWORK@Framework@0, receiver_id=fastran_000001@modeleq_constraint@6, request_msg_id=REQUEST|fastran_000001@modeleq_constraint@6|FRAMEWORK@Framework@0|32,status=0, args=(0,), message_id=RESPONSE|FRAMEWORK@Framework@0|fastran_000001@modeleq_constraint@6|596)
2025-08-15 14:03:41,731 fastran__modeleq_constraint_6 DEBUG    _invoke_service(): getTopic  ('_IPS_MONITOR',)
2025-08-15 14:03:41,731 fastran__modeleq_constraint_6 DEBUG    _get_service_response(REQUEST|fastran_000001@modeleq_constraint@6|FRAMEWORK@Framework@0|33)
2025-08-15 14:03:41,741 fastran__modeleq_constraint_6 DEBUG    _get_service_response(REQUEST|fastran_000001@modeleq_constraint@6|FRAMEWORK@Framework@0|33), response = ServiceResponseMessage(sender_id=FRAMEWORK@Framework@0, receiver_id=fastran_000001@modeleq_constraint@6, request_msg_id=REQUEST|fastran_000001@modeleq_constraint@6|FRAMEWORK@Framework@0|33,status=0, args=(<ipsframework.cca_es_spec.Topic object at 0x1541243cb1c0>,), message_id=RESPONSE|FRAMEWORK@Framework@0|fastran_000001@modeleq_constraint@6|597)
2025-08-15 14:03:41,741 fastran__modeleq_constraint_6 DEBUG    _invoke_service(): sendEvent  ('_IPS_MONITOR', 'PORTAL_EVENT', {'sim_name': 'fastran_000001', 'real_sim_name': 'fastran_000001', 'portal_data': {'code': 'fastran__modeleq_constraint', 'eventtype': 'IPS_STAGE_STATE', 'ok': True, 'walltime': '82.45', 'time': '2025-08-15|14:03:41PDT', 'trace': {'timestamp': 1755291821608385, 'duration': 122839, 'localEndpoint': {'serviceName': 'stage_state'}, 'name': "['s000001.00001', 'g000001.00001', 'i000001.00001']", 'id': '71885aecf25d7412', 'parentId': '759b2f3ad1575351', 'tags': {}}, 'state': 'Running', 'comment': 'Elapsed time = 0.123  files = s000001.00001 g000001.00001 i000001.00001 Success'}})
2025-08-15 14:03:41,741 fastran__modeleq_constraint_6 DEBUG    _get_service_response(REQUEST|fastran_000001@modeleq_constraint@6|FRAMEWORK@Framework@0|34)
2025-08-15 14:03:41,752 fastran__modeleq_constraint_6 DEBUG    _get_service_response(REQUEST|fastran_000001@modeleq_constraint@6|FRAMEWORK@Framework@0|34), response = ServiceResponseMessage(sender_id=FRAMEWORK@Framework@0, receiver_id=fastran_000001@modeleq_constraint@6, request_msg_id=REQUEST|fastran_000001@modeleq_constraint@6|FRAMEWORK@Framework@0|34,status=0, args=(None,), message_id=RESPONSE|FRAMEWORK@Framework@0|fastran_000001@modeleq_constraint@6|598)
2025-08-15 14:03:41,887 fastran__modeleq_constraint_6 ERROR    Uncaught Exception in component method.
Traceback (most recent call last):
  File "/global/common/software/atom/perlmutter/cesol/conda/v0.16.2/lib/python3.8/site-packages/ipsframework/component.py", line 139, in __run__
    retval = method(*self.args, **keywords)
  File "/global/homes/y/yashu_gh/FREDA_EP/ips-fastran/src/fastran/driver/modeleq_constraint.py", line 25, in step
    update_state(cur_instate_file, nmax_iter=100)
  File "/global/homes/y/yashu_gh/FREDA_EP/ips-fastran/src/fastran/driver/modeleq_constraint_io.py", line 186, in update_state
    print('Temperature scale: %5.3f %5.3f %5.3f %5.3f' % (te[0], ti[0], betan_th_target/betan_th, tscale))
UnboundLocalError: local variable 'te' referenced before assignment
2025-08-15 14:03:41,906 fastran_driver_fastran_driver_2 DEBUG    _get_service_response(REQUEST|fastran_000001@fastran_driver@2|FRAMEWORK@Framework@0|204), response = ServiceResponseMessage(sender_id=FRAMEWORK@Framework@0, receiver_id=fastran_000001@fastran_driver@2, request_msg_id=REQUEST|fastran_000001@fastran_driver@2|FRAMEWORK@Framework@0|204,status=1, args=(Exception(UnboundLocalError("local variable 'te' referenced before assignment")),), message_id=RESPONSE|FRAMEWORK@Framework@0|fastran_000001@fastran_driver@2|600)
2025-08-15 14:03:41,906 fastran_driver_fastran_driver_2 DEBUG    ###### Raising local variable 'te' referenced before assignment
2025-08-15 14:03:41,906 fastran_driver_fastran_driver_2 DEBUG    _invoke_service(): getTopic  ('_IPS_MONITOR',)
2025-08-15 14:03:41,906 fastran_driver_fastran_driver_2 DEBUG    _get_service_response(REQUEST|fastran_000001@fastran_driver@2|FRAMEWORK@Framework@0|205)
2025-08-15 14:03:41,917 fastran_driver_fastran_driver_2 DEBUG    _get_service_response(REQUEST|fastran_000001@fastran_driver@2|FRAMEWORK@Framework@0|205), response = ServiceResponseMessage(sender_id=FRAMEWORK@Framework@0, receiver_id=fastran_000001@fastran_driver@2, request_msg_id=REQUEST|fastran_000001@fastran_driver@2|FRAMEWORK@Framework@0|205,status=0, args=(<ipsframework.cca_es_spec.Topic object at 0x1541243b0790>,), message_id=RESPONSE|FRAMEWORK@Framework@0|fastran_000001@fastran_driver@2|601)
2025-08-15 14:03:41,917 fastran_driver_fastran_driver_2 DEBUG    _invoke_service(): sendEvent  ('_IPS_MONITOR', 'PORTAL_EVENT', {'sim_name': 'fastran_000001', 'real_sim_name': 'fastran_000001', 'portal_data': {'code': 'fastran_driver_fastran_driver', 'eventtype': 'IPS_CALL_END', 'ok': False, 'walltime': '82.63', 'time': '2025-08-15|14:03:41PDT', 'trace': {'timestamp': 1755291821617567, 'duration': 288914, 'localEndpoint': {'serviceName': 'fastran_000001@modeleq_constraint@6'}, 'name': 'step(preprocess_4)', 'id': '759b2f3ad1575351', 'parentId': '15e0663de819b9fa', 'tags': {}}, 'state': 'Running', 'comment': 'Error: "local variable \'te\' referenced before assignment" Target = fastran_000001@modeleq_constraint@6:step(preprocess_4)'}})
2025-08-15 14:03:41,917 fastran_driver_fastran_driver_2 DEBUG    _get_service_response(REQUEST|fastran_000001@fastran_driver@2|FRAMEWORK@Framework@0|206)
2025-08-15 14:03:41,928 fastran_driver_fastran_driver_2 DEBUG    _get_service_response(REQUEST|fastran_000001@fastran_driver@2|FRAMEWORK@Framework@0|206), response = ServiceResponseMessage(sender_id=FRAMEWORK@Framework@0, receiver_id=fastran_000001@fastran_driver@2, request_msg_id=REQUEST|fastran_000001@fastran_driver@2|FRAMEWORK@Framework@0|206,status=0, args=(None,), message_id=RESPONSE|FRAMEWORK@Framework@0|fastran_000001@fastran_driver@2|602)
2025-08-15 14:03:41,928 fastran_driver_fastran_driver_2 ERROR    BC0 step failed
Traceback (most recent call last):
  File "/global/homes/y/yashu_gh/FREDA_EP/ips-fastran/src/fastran/driver/fastran_driver.py", line 202, in component_call
    self.services.call(comp, mode, time)
  File "/global/common/software/atom/perlmutter/cesol/conda/v0.16.2/lib/python3.8/site-packages/ipsframework/services.py", line 527, in call
    retval = self.wait_call(call_id, block=True)
  File "/global/common/software/atom/perlmutter/cesol/conda/v0.16.2/lib/python3.8/site-packages/ipsframework/services.py", line 553, in wait_call
    response = self._get_service_response(msg_id, block=True)
  File "/global/common/software/atom/perlmutter/cesol/conda/v0.16.2/lib/python3.8/site-packages/ipsframework/services.py", line 389, in _get_service_response
    raise response.args[0]
  File "/global/common/software/atom/perlmutter/cesol/conda/v0.16.2/lib/python3.8/site-packages/ipsframework/ips.py", line 260, in _dispatch_service_request
    ret_val = handler(msg)
  File "/global/common/software/atom/perlmutter/cesol/conda/v0.16.2/lib/python3.8/site-packages/ipsframework/taskManager.py", line 66, in process_service_request
    retval = method(msg)
  File "/global/common/software/atom/perlmutter/cesol/conda/v0.16.2/lib/python3.8/site-packages/ipsframework/taskManager.py", line 184, in wait_call
    raise Exception(response_msg.args[0])
Exception: local variable 'te' referenced before assignment
2025-08-15 14:03:41,937 fastran_driver_fastran_driver_2 ERROR    Uncaught Exception in component method.
Traceback (most recent call last):
  File "/global/homes/y/yashu_gh/FREDA_EP/ips-fastran/src/fastran/driver/fastran_driver.py", line 202, in component_call
    self.services.call(comp, mode, time)
  File "/global/common/software/atom/perlmutter/cesol/conda/v0.16.2/lib/python3.8/site-packages/ipsframework/services.py", line 527, in call
    retval = self.wait_call(call_id, block=True)
  File "/global/common/software/atom/perlmutter/cesol/conda/v0.16.2/lib/python3.8/site-packages/ipsframework/services.py", line 553, in wait_call
    response = self._get_service_response(msg_id, block=True)
  File "/global/common/software/atom/perlmutter/cesol/conda/v0.16.2/lib/python3.8/site-packages/ipsframework/services.py", line 389, in _get_service_response
    raise response.args[0]
  File "/global/common/software/atom/perlmutter/cesol/conda/v0.16.2/lib/python3.8/site-packages/ipsframework/ips.py", line 260, in _dispatch_service_request
    ret_val = handler(msg)
  File "/global/common/software/atom/perlmutter/cesol/conda/v0.16.2/lib/python3.8/site-packages/ipsframework/taskManager.py", line 66, in process_service_request
    retval = method(msg)
  File "/global/common/software/atom/perlmutter/cesol/conda/v0.16.2/lib/python3.8/site-packages/ipsframework/taskManager.py", line 184, in wait_call
    raise Exception(response_msg.args[0])
Exception: local variable 'te' referenced before assignment

During handling of the above exception, another exception occurred:

Traceback (most recent call last):
  File "/global/common/software/atom/perlmutter/cesol/conda/v0.16.2/lib/python3.8/site-packages/ipsframework/component.py", line 139, in __run__
    retval = method(*self.args, **keywords)
  File "/global/homes/y/yashu_gh/FREDA_EP/ips-fastran/src/fastran/driver/fastran_driver.py", line 112, in step
    self.component_call(
  File "/global/homes/y/yashu_gh/FREDA_EP/ips-fastran/src/fastran/driver/fastran_driver.py", line 205, in component_call
    raise Exception('component call')
Exception: component call
2025-08-15 14:03:41,941 fastran_eq0_efit_3 DEBUG    Received Message 
2025-08-15 14:03:41,941 fastran_ic_hcd_model_4 DEBUG    Received Message 
2025-08-15 14:03:41,941 fastran_driver_fastran_driver_2 DEBUG    Received Message 
2025-08-15 14:03:41,941 fastran_eq0_efit_3 DEBUG    Calling method terminate(1)
2025-08-15 14:03:41,941 fastran_eq_efit_8 DEBUG    Received Message 
2025-08-15 14:03:41,941 fastran_ic_hcd_model_4 DEBUG    Calling method terminate(1)
2025-08-15 14:03:41,941 fastran_nb_nubeam_7 DEBUG    Received Message 
2025-08-15 14:03:41,942 fastran_tr0_fastran_5 DEBUG    Received Message 
2025-08-15 14:03:41,942 fastran__modeleq_constraint_6 DEBUG    Received Message 
2025-08-15 14:03:41,942 fastran_ep_far3d_10 DEBUG    Received Message 
2025-08-15 14:03:41,942 fastran_tr_fastran_9 DEBUG    Received Message 
2025-08-15 14:03:41,941 fastran_driver_fastran_driver_2 DEBUG    Calling method terminate(1)
2025-08-15 14:03:41,941 fastran_eq0_efit_3 DEBUG    Calling self.sys_exit(1)
2025-08-15 14:03:41,941 fastran_eq_efit_8 DEBUG    Calling method terminate(1)
2025-08-15 14:03:41,941 fastran_ic_hcd_model_4 DEBUG    Calling self.sys_exit(1)
2025-08-15 14:03:41,942 fastran_nb_nubeam_7 DEBUG    Calling method terminate(1)
2025-08-15 14:03:41,942 fastran_tr0_fastran_5 DEBUG    Calling method terminate(1)
2025-08-15 14:03:41,942 fastran__modeleq_constraint_6 DEBUG    Calling method terminate(1)
2025-08-15 14:03:41,942 fastran_ep_far3d_10 DEBUG    Calling method terminate(1)
2025-08-15 14:03:41,942 fastran_tr_fastran_9 DEBUG    Calling method terminate(1)
2025-08-15 14:03:41,941 fastran_driver_fastran_driver_2 DEBUG    Calling self.sys_exit(1)
2025-08-15 14:03:41,941 fastran_eq_efit_8 DEBUG    Calling self.sys_exit(1)
2025-08-15 14:03:41,942 fastran_nb_nubeam_7 DEBUG    Calling self.sys_exit(1)
2025-08-15 14:03:41,942 fastran_tr0_fastran_5 DEBUG    Calling self.sys_exit(1)
2025-08-15 14:03:41,942 fastran__modeleq_constraint_6 DEBUG    Calling self.sys_exit(1)
2025-08-15 14:03:41,942 fastran_ep_far3d_10 DEBUG    Calling self.sys_exit(1)
2025-08-15 14:03:41,942 fastran_tr_fastran_9 DEBUG    Calling self.sys_exit(1)
