&INSTATE
  DENSITY_MODEL = 1 
  MODEL_SHAPE = 2 
  NBDRY = 61 
  USE_INPED = 0 
  NRHO = 101 
  R0 = 4.0 
  A0 = 1.33 
  KAPPA = 2.0 
  DELTA = 0.6 
  B0 = 7.0 
  IP = 8.1 
  N_ION = 2 
  Z_ION = 1 1 
  A_ION = 2 3 
  F_ION = 0.5 0.5 
  N_IMP = 3 
  Z_IMP = 2 4 18 
  A_IMP = 4 9 40 
  F_IMP = 0.0 0.02 0.0005 
  N_MIN = 0 
  Z_MIN = 1 
  A_MIN = 1 
  N_BEAM = 1 
  Z_BEAM = 1 
  A_BEAM = 2 
  N_FUSION = 1 
  Z_FUSION = 2 
  A_FUSION = 4 
  NE_AXIS = 26.24 
  NE_PED = 14.56 
  NE_SEP = 7.28 
  NE_ALPHA = 1.5 
  NE_BETA = 1.1 
  NE_FIT = 1 
  NE_XMID = 0.952724 
  NE_XWID = 0.094552 
  TE_AXIS = 15.954018450199523 
  TE_PED = 3.274687 
  TE_SEP = 0.075 
  TE_ALPHA = 1.5 
  TE_BETA = 1.5 
  TE_FIT = 1 
  TE_XMID = 0.952724 
  TE_XWID = 0.094552 
  TI_AXIS = 13.85799015139445 
  TI_PED = 3.274687 
  TI_SEP = 0.075 
  TI_ALPHA = 1.5 
  TI_BETA = 1.5 
  TI_FIT = 1 
  TI_XMID = 0.952724 
  TI_XWID = 0.094552 
  ZEFF_AXIS = 1.7 
  OMEGA_AXIS = 5000.0 
  OMEGA_SEP = 0.0 
  OMEGA_ALPHA = 1.5 
  OMEGA_BETA = 1.5 
  JPAR_AXIS = 1.0 
  JPAR_SEP = 0.05 
  JPAR_ALPHA = 2.0 
  JPAR_BETA = 1.0 
  NBEAM_AXIS = 0.0 
  NBEAM_SEP = 0.0 
  NBEAM_ALPHA = 1.5 
  NBEAM_BETA = 1.5 
  TBEAMI = 20.0 20.0 20.0 20.0 20.0 20.0 20.0 20.0 20.0 20.0 20.0 20.0  
    20.0 20.0 20.0 20.0 20.0 20.0 20.0 20.0 20.0 20.0 20.0 20.0 20.0  
    20.0 20.0 20.0 20.0 20.0 20.0 20.0 20.0 20.0 20.0 20.0 20.0 20.0  
    20.0 20.0 20.0 20.0 20.0 20.0 20.0 20.0 20.0 20.0 20.0 20.0 20.0  
    20.0 20.0 20.0 20.0 20.0 20.0 20.0 20.0 20.0 20.0 20.0 20.0 20.0  
    20.0 20.0 20.0 20.0 20.0 20.0 20.0 20.0 20.0 20.0 20.0 20.0 20.0  
    20.0 20.0 20.0 20.0 20.0 20.0 20.0 20.0 20.0 20.0 20.0 20.0 20.0  
    20.0 20.0 20.0 20.0 20.0 20.0 20.0 20.0 20.0 20.0 20.0 
  BETAN_PED = -1.0 
  XMID = -1.0 
  XWID = -1.0 
  PRESSURE_MODEL = 'full' 
  H98_TARGET = 1.3 
  BETAN_TARGET = 2.5939534537885547 
  BETAN_BEAM_TARGET = 0.0 
  CURRENT_MODEL = 'broad' 
  RHO_JBDRY = 0.85 
  RHO_JPEAK = 0.65 
  JAXIS = 0.6 
  JAXIS_PRIME = 1.0 
  JBDRY_PRIME = -1.0 
  NE = 26.29700715 26.259569 26.21921796 26.17599177 26.12992816  
    26.08106485 26.02943957 25.97509004 25.91805399 25.85836915  
    25.79607324 25.73120399 25.66379913 25.59389638 25.52153347  
    25.44674812 25.36957806 25.29006102 25.20823473 25.1241369  
    25.03780527 24.94927756 24.85859151 24.76578482 24.67089524  
    24.57396049 24.47501829 24.37410637 24.27126245 24.16652427  
    24.05992955 23.95151602 23.84132139 23.72938341 23.61573979  
    23.50042826 23.38348655 23.26495238 23.14486348 23.02325758  
    22.90017239 22.775645659999995 22.6497151 22.52241845 22.39379342  
    22.26387774 22.13270914 22.00032534 21.86676407 21.73206306  
    21.59626002 21.45939267 21.32149875 21.18261595 21.04278199  
    20.90203457 20.76041139 20.6179501 20.47468835 20.33066373  
    20.1859138 20.04047597 19.89438756 19.74768564 19.60040699  
    19.4525879 19.30426396 19.15546969 19.00623803 18.856599559999996  
    18.70658132 18.55620507 18.40548469 18.2544223 18.10300248  
    17.9511836 17.79888504 17.64596797 17.49220697 17.33724783  
    17.18054504 17.02126972 16.858174579999996 16.68939767 16.51218108  
    16.32247618 16.11440843 15.87959384 15.60635717 15.27904067  
    14.87786104 14.38018836 13.76451827 13.01819378 12.148060709999989  
    11.18933425999999 10.20477403 9.269579145 8.448151539 7.776638048  
    7.260124812 
  TE = 15.95401845 15.89980724 15.84066283 15.77668986 15.70799298  
    15.63467683 15.55684604 15.47460526 15.38805912 15.29731227  
    15.20246934 15.10363499 15.00091383 14.89441053 14.78422971  
    14.67047602 14.5532541 14.43266859 14.30882413 14.18182535  
    14.0517769 13.91878342 13.78294955 13.64437993 13.5031792 13.359452  
    13.21330297 13.06483675 12.91415798 12.7613713 12.60658135  
    12.44989277 12.29141021 12.13123829 11.96948167 11.806244979999999  
    11.64163286 11.47574995 11.3087009 11.14059034 10.97152291  
    10.801603259999998 10.63093602 10.45962584 10.28777734 10.11549519  
    9.942884005 9.770048436999998 9.597093124 9.424122706 9.251241823  
    9.078555115 8.906167222 8.734182784 8.56270644 8.391842829  
    8.221696589 8.052372355999998 7.883974765 7.716608449 7.550378032  
    7.385388135 7.221743362 7.0595483 6.898907503 6.739925477  
    6.582706649 6.427355323 6.27397561 6.122671314999998  
    5.973545760999998 5.826701514 5.68223994 5.540260523 5.400859772  
    5.264129514 5.130154191 4.999006602 4.870741198 4.745383502  
    4.62291345 4.503239163 4.386155756999998 4.271280839999999  
    4.157954108 4.045082572 3.930905976 3.812651431 3.686050707  
    3.544729605 3.37959302 3.178597529 2.927775539 2.614837255  
    2.236195642999995 1.805327947999995 1.355707196 0.9316276317  
    0.5704614965 0.2897011444 0.08692455346 
  TI = 13.85799015 13.81307495 13.76407818 13.7110864 13.65418615  
    13.59346401 13.52900653 13.46090028 13.3892318 13.31408766  
    13.23555442 13.15371864 13.06866688 12.98048569 12.88926163  
    12.79508127 12.69803117 12.59819787 12.49566795 12.39052796  
    12.28286446 12.172764 12.06031316 11.94559848 11.82870653  
    11.70972387 11.58873705 11.46583263 11.34109718 11.21461724  
    11.08647939 10.95677018 10.82557617 10.69298392 10.55907999  
    10.423950929999998 10.28768331 10.15036368 10.01207861 9.872914655  
    9.73295837 9.592296317 9.451015054 9.309201142 9.166941138  
    9.024321603 8.881429095 8.738350174 8.595171398 8.451979327  
    8.308860519 8.165901534 8.023188929 7.880809263 7.738849094  
    7.59739498 7.456533475 7.316351133999999 7.176934508 7.038370145  
    6.900744583 6.764144352 6.628655964 6.494365903 6.361360613  
    6.229726473 6.099549759 5.970916588 5.843912829 5.718623962999999  
    5.595134861999998 5.473529452 5.353890176 5.236297159 5.12082691  
    5.007550277 4.896529266 4.787812054 4.681425207 4.577361503  
    4.475560921 4.37588099 4.278050645999999 4.181598723999999  
    4.085743903 3.989227279 3.89006262 3.785176134 3.669917228  
    3.53746771 3.378305964 3.180161083 2.929334642 2.614595472  
    2.234130504999995 1.803071375999995 1.35516675 0.9332678667  
    0.5728499665 0.2905628896 0.08444092439 
  OMEGA = 5000.0 4992.501875 4978.801804 4961.079526 4940.12016  
    4916.382264 4890.178959 4861.74318 4831.258024 4798.873089  
    4764.714177 4728.889466 4691.493659 4652.610886 4612.316799  
    4570.680145 4527.763951 4483.626454 4438.321832 4391.900796  
    4344.411068 4295.897774 4246.403778 4195.969955 4144.635428  
    4092.437767 4039.413164 3985.596584 3931.021896 3875.721988  
    3819.72887 3763.073767 3705.787199 3647.899055 3589.43866  
    3530.4348369999993 3470.91596 3410.910006 3350.444605 3289.54708  
    3228.244492 3166.5636739999995 3104.531273 3042.173783 2979.517575  
    2916.588934 2853.414088 2790.0192379999994 2726.430588 2662.674375  
    2598.776897 2534.764544 2470.663824 2406.501396 2342.304099  
    2278.098979 2213.913327 2149.7747069999996 2085.710992 2021.750397  
    1957.921519 1894.253376 1830.775447 1767.517715 1704.510722  
    1641.785608 1579.374179 1517.308956 1455.623246 1394.3512129999992  
    1333.5279519999992 1273.18958 1213.373329 1154.117653 1095.462349  
    1037.448686 980.1195629 923.5196753 867.6957162 812.6966008  
    758.5737302 705.3812976 653.1766491999995 602.0207127999994  
    551.9785103 503.1197796 455.5197357 409.2600162 364.4298727  
    321.1276991 279.4630303 239.55922 201.557126 165.620359  
    131.94307479999964 100.76217029999968 72.37775876 47.19105135  
    25.78549737 9.151104569 0.0 
  ZEFF = 1.492646976691263 1.4919870860437676 1.491269039730629  
    1.4904940628935144 1.4896633954383212 1.4887782953032649  
    1.4878400400433076 1.4868499301121678 1.485809290973475  
    1.4847194755980182 1.483581867310431 1.4823978819813786  
    1.481168970441181 1.4798966210727564 1.4785823620530885  
    1.4772277634927093 1.4758344395703673 1.4744040504318203  
    1.4729383039474098 1.4714389570974173 1.4699078178075435  
    1.4683467454124632 1.466757652043534 1.4651425024760558  
    1.4635033148662586 1.461842160298784 1.4601611617447336  
    1.458462493702878 1.456748380107473 1.4550210924444338  
    1.4532829469296378 1.4515363017570855 1.449783552810268  
    1.4480271297802154 1.4462694910025529 1.4445131176384602  
    1.4427605077266434 1.441014169178179 1.4392766122216774  
    1.4375503417152393 1.4358378477985294 1.4341415974357972  
    1.4324640243261566 1.430807519147665 1.42917441903269  
    1.42756699707223 1.4259874515826902 1.4244378953012824  
    1.422920344739714 1.4214367097301812 1.4199887832369074  
    1.4185782317698015 1.4172065863295886 1.4158752340442868  
    1.41458541081393 1.413338194813854 1.412134501214858  
    1.4109750779839363 1.409860503127216 1.4087911831705358  
    1.407767353092875 1.4067890776179695 1.40585625404187  
    1.404968616315909 1.4041257405618148 1.4033270517783893  
    1.402571831742393 1.4018592278729922 1.4011882629977688  
    1.4005578457474066 1.399966781401236 1.3994137829049533  
    1.3988974817811655 1.3984164385252023 1.3979691520707718  
    1.3975540676916212 1.3971695826496846 1.396814048464786  
    1.3964857685040108 1.3961829888879904 1.395903880089804  
    1.3956465056536194 1.3954087734790546 1.3951883644310457  
    1.3949826339663773 1.3947884877433414 1.394602248605252  
    1.3944195730862599 1.394235562481337 1.3940453682904974  
    1.3938457811451883 1.3936382647248107 1.3934329370187017  
    1.3932502704962573 1.3931144869265937 1.39303744689909  
    1.3930075936632969 1.3930007625853766 1.3930000243920562  
    1.3930000000739307 1.393 
  J_OH = 0.0 0.0 0.0 0.0 0.0 0.0 0.0 0.0 0.0 0.0 0.0 0.0 0.0 0.0 0.0  
    0.0 0.0 0.0 0.0 0.0 0.0 0.0 0.0 0.0 0.0 0.0 0.0 0.0 0.0 0.0 0.0 0.0  
    0.0 0.0 0.0 0.0 0.0 0.0 0.0 0.0 0.0 0.0 0.0 0.0 0.0 0.0 0.0 0.0 0.0  
    0.0 0.0 0.0 0.0 0.0 0.0 0.0 0.0 0.0 0.0 0.0 0.0 0.0 0.0 0.0 0.0 0.0  
    0.0 0.0 0.0 0.0 0.0 0.0 0.0 0.0 0.0 0.0 0.0 0.0 0.0 0.0 0.0 0.0 0.0  
    0.0 0.0 0.0 0.0 0.0 0.0 0.0 0.0 0.0 0.0 0.0 0.0 0.0 0.0 0.0 0.0 0.0  
    0.0 
  J_BS = 0.37265783327314933 0.558986749909724 0.8186885672211452  
    0.9258723842378188 0.9757632103657292 0.9989853726413069  
    1.0083969666581947 1.010141404450795 1.0074498892401378  
    1.002171300381641 0.9954513276409784 0.9880423936816312  
    0.9804483541366806 0.9729615513146828 0.9656411822949791  
    0.958364214412774 0.9510068496268855 0.9435543855483304  
    0.9360358946739773 0.9284625178199819 0.920828852552788  
    0.9131204871383783 0.9053225674912544 0.8974263959416884  
    0.8894272936545985 0.8813192161848382 0.8730948818779878  
    0.8647477328208837 0.8562738900272794 0.8476741992928822  
    0.838948281116984 0.8300911344422653 0.8211013591497524  
    0.8119812575972742 0.8027313592729185 0.7933519007036598  
    0.7838451352419622 0.7742151616017126 0.7644664822793279  
    0.7546038714141861 0.7446321805056852 0.7345564766552227  
    0.7243825548325324 0.7141158985092638 0.7037623282147512  
    0.6933279912853674 0.6828183932851024 0.6722394360450856  
    0.661597056194787 0.6508968628706906 0.6401447607851287  
    0.6293463331216986 0.6185069183730885 0.6076318892052033  
    0.5967267421729885 0.5857968216483558 0.5748468636973657  
    0.5638815861333821 0.5529056433396351 0.5419235579148107  
    0.5309406717799643 0.5199626166488387 0.5089936975810025  
    0.49803512815973205 0.48708536074728953 0.47615283972943345  
    0.465281550874048 0.454557975823046 0.4440774837183521  
    0.43391608658928715 0.42413054482958945 0.4147569260892414  
    0.40581631959237535 0.39732588480021597 0.38930109493468307  
    0.3817613638555153 0.37473940868447564 0.36829097924000714  
    0.3625103489732153 0.3575536500304314 0.3536731285362942  
    0.3512662590150575 0.35095263462320175 0.35369790378900345  
    0.36097963899703955 0.37496229081666954 0.3986707178078055  
    0.4362126139981071 0.49277714157486296 0.5737165941491704  
    0.68204736025765 0.8137172714420271 0.9513281221466743  
    1.0608602741979536 1.0986689317102294 1.0323277603543406  
    0.8636848035273852 0.6316262975862824 0.39339647126239624  
    0.19099072298588426 0.012416435038296258 
  J_NB = 0.0 0.0 0.0 0.0 0.0 0.0 0.0 0.0 0.0 0.0 0.0 0.0 0.0 0.0 0.0  
    0.0 0.0 0.0 0.0 0.0 0.0 0.0 0.0 0.0 0.0 0.0 0.0 0.0 0.0 0.0 0.0 0.0  
    0.0 0.0 0.0 0.0 0.0 0.0 0.0 0.0 0.0 0.0 0.0 0.0 0.0 0.0 0.0 0.0 0.0  
    0.0 0.0 0.0 0.0 0.0 0.0 0.0 0.0 0.0 0.0 0.0 0.0 0.0 0.0 0.0 0.0 0.0  
    0.0 0.0 0.0 0.0 0.0 0.0 0.0 0.0 0.0 0.0 0.0 0.0 0.0 0.0 0.0 0.0 0.0  
    0.0 0.0 0.0 0.0 0.0 0.0 0.0 0.0 0.0 0.0 0.0 0.0 0.0 0.0 0.0 0.0 0.0  
    0.0 
  J_EC = 0.0 0.0 0.0 0.0 0.0 0.0 0.0 0.0 0.0 0.0 0.0 0.0 0.0 0.0 0.0  
    0.0 0.0 0.0 0.0 0.0 0.0 0.0 0.0 0.0 0.0 0.0 0.0 0.0 0.0 0.0 0.0 0.0  
    0.0 0.0 0.0 0.0 0.0 0.0 0.0 0.0 0.0 0.0 0.0 0.0 0.0 0.0 0.0 0.0 0.0  
    0.0 0.0 0.0 0.0 0.0 0.0 0.0 0.0 0.0 0.0 0.0 0.0 0.0 0.0 0.0 0.0 0.0  
    0.0 0.0 0.0 0.0 0.0 0.0 0.0 0.0 0.0 0.0 0.0 0.0 0.0 0.0 0.0 0.0 0.0  
    0.0 0.0 0.0 0.0 0.0 0.0 0.0 0.0 0.0 0.0 0.0 0.0 0.0 0.0 0.0 0.0 0.0  
    0.0 
  J_IC = 0.0 0.0 0.0 0.0 0.0 0.0 0.0 0.0 0.0 0.0 0.0 0.0 0.0 0.0 0.0  
    0.0 0.0 0.0 0.0 0.0 0.0 0.0 0.0 0.0 0.0 0.0 0.0 0.0 0.0 0.0 0.0 0.0  
    0.0 0.0 0.0 0.0 0.0 0.0 0.0 0.0 0.0 0.0 0.0 0.0 0.0 0.0 0.0 0.0 0.0  
    0.0 0.0 0.0 0.0 0.0 0.0 0.0 0.0 0.0 0.0 0.0 0.0 0.0 0.0 0.0 0.0 0.0  
    0.0 0.0 0.0 0.0 0.0 0.0 0.0 0.0 0.0 0.0 0.0 0.0 0.0 0.0 0.0 0.0 0.0  
    0.0 0.0 0.0 0.0 0.0 0.0 0.0 0.0 0.0 0.0 0.0 0.0 0.0 0.0 0.0 0.0 0.0  
    0.0 
  J_LH = 0.0 0.0 0.0 0.0 0.0 0.0 0.0 0.0 0.0 0.0 0.0 0.0 0.0 0.0 0.0  
    0.0 0.0 0.0 0.0 0.0 0.0 0.0 0.0 0.0 0.0 0.0 0.0 0.0 0.0 0.0 0.0 0.0  
    0.0 0.0 0.0 0.0 0.0 0.0 0.0 0.0 0.0 0.0 0.0 0.0 0.0 0.0 0.0 0.0 0.0  
    0.0 0.0 0.0 0.0 0.0 0.0 0.0 0.0 0.0 0.0 0.0 0.0 0.0 0.0 0.0 0.0 0.0  
    0.0 0.0 0.0 0.0 0.0 0.0 0.0 0.0 0.0 0.0 0.0 0.0 0.0 0.0 0.0 0.0 0.0  
    0.0 0.0 0.0 0.0 0.0 0.0 0.0 0.0 0.0 0.0 0.0 0.0 0.0 0.0 0.0 0.0 0.0  
    0.0 
  PE_NB = 0.0 0.0 0.0 0.0 0.0 0.0 0.0 0.0 0.0 0.0 0.0 0.0 0.0 0.0 0.0  
    0.0 0.0 0.0 0.0 0.0 0.0 0.0 0.0 0.0 0.0 0.0 0.0 0.0 0.0 0.0 0.0 0.0  
    0.0 0.0 0.0 0.0 0.0 0.0 0.0 0.0 0.0 0.0 0.0 0.0 0.0 0.0 0.0 0.0 0.0  
    0.0 0.0 0.0 0.0 0.0 0.0 0.0 0.0 0.0 0.0 0.0 0.0 0.0 0.0 0.0 0.0 0.0  
    0.0 0.0 0.0 0.0 0.0 0.0 0.0 0.0 0.0 0.0 0.0 0.0 0.0 0.0 0.0 0.0 0.0  
    0.0 0.0 0.0 0.0 0.0 0.0 0.0 0.0 0.0 0.0 0.0 0.0 0.0 0.0 0.0 0.0 0.0  
    0.0 
  PE_EC = 0.0 0.0 0.0 0.0 0.0 0.0 0.0 0.0 0.0 0.0 0.0 0.0 0.0 0.0 0.0  
    0.0 0.0 0.0 0.0 0.0 0.0 0.0 0.0 0.0 0.0 0.0 0.0 0.0 0.0 0.0 0.0 0.0  
    0.0 0.0 0.0 0.0 0.0 0.0 0.0 0.0 0.0 0.0 0.0 0.0 0.0 0.0 0.0 0.0 0.0  
    0.0 0.0 0.0 0.0 0.0 0.0 0.0 0.0 0.0 0.0 0.0 0.0 0.0 0.0 0.0 0.0 0.0  
    0.0 0.0 0.0 0.0 0.0 0.0 0.0 0.0 0.0 0.0 0.0 0.0 0.0 0.0 0.0 0.0 0.0  
    0.0 0.0 0.0 0.0 0.0 0.0 0.0 0.0 0.0 0.0 0.0 0.0 0.0 0.0 0.0 0.0 0.0  
    0.0 
  PE_IC = 0.5936086177825928 0.5932789268064643 0.5922909521360434  
    0.590647982449999 0.5883554786093759 0.5854210434177123  
    0.5818543796139541 0.577667236422982 0.5728733450757985  
    0.5674883437945858 0.5615296928161005 0.5550165800995094  
    0.5479698184310879 0.5404117346976106 0.5323660521522189  
    0.5238577665406611 0.5149130169916694 0.505558952602668  
    0.49582359567081924 0.48573570252955345 0.47532462295226957  
    0.46462015907791787 0.45365242479797546 0.4424517065211532  
    0.4310483262014744 0.4194725074775685 0.4077542457266969  
    0.39592318278674077 0.38400848704379986 0.37203873952284616  
    0.36004182655478045 0.34804483952598114 0.33607398214678297  
    0.3241544856040197 0.3123105318905795 0.3005651855325758  
    0.2889403338629576 0.2774566359198527 0.26613347997929127  
    0.2549889496658189 0.24403979852140723 0.23330143285352242  
    0.22278790262764533 0.21251190011833807 0.2024847659864288  
    0.19271650240829827 0.18321579284677575 0.17399002802191973  
    0.16504533761402404 0.15638662721055374 0.1480176199933273  
    0.13994090265199544 0.13215797500458135 0.12466930280531646  
    0.11747437322399776 0.11057175248931483 0.10395914520074083  
    0.09763345482930799 0.09159084494654351 0.0858268007426506  
    0.08033619041930136 0.07511332606878324 0.07015202367932022  
    0.06544566193580025 0.060987239515509085 0.05676943060944884  
    0.052784638431058774 0.049025046505348155 0.04548266756229115  
    0.04214938988854998 0.03901702102094227 0.0360773286933232  
    0.03332207897552378 0.030743071568507863 0.02833217224384118  
    0.026081342437796407 0.02398266603086465 0.022028373362046726  
    0.020210862544020904 0.018522718160117857 0.016956727436984505  
    0.015505893997916988 0.01416344931113338 0.0129228619548002  
    0.011777844826499118 0.010722360429104795 0.009750624367841066  
    0.008857107194689127 0.00803653473645058 0.0072838870417306235  
    0.006594396080017618 0.0059635423230110654 0.005387050334504566  
    0.004860883490577509 0.004381237946698162 0.003944535962697855  
    0.003547418690541606 0.003186738523490224 0.002859551098711629  
    0.0025631070387374514 0.0022948435104503417 
  PE_LH = 0.0 0.0 0.0 0.0 0.0 0.0 0.0 0.0 0.0 0.0 0.0 0.0 0.0 0.0 0.0  
    0.0 0.0 0.0 0.0 0.0 0.0 0.0 0.0 0.0 0.0 0.0 0.0 0.0 0.0 0.0 0.0 0.0  
    0.0 0.0 0.0 0.0 0.0 0.0 0.0 0.0 0.0 0.0 0.0 0.0 0.0 0.0 0.0 0.0 0.0  
    0.0 0.0 0.0 0.0 0.0 0.0 0.0 0.0 0.0 0.0 0.0 0.0 0.0 0.0 0.0 0.0 0.0  
    0.0 0.0 0.0 0.0 0.0 0.0 0.0 0.0 0.0 0.0 0.0 0.0 0.0 0.0 0.0 0.0 0.0  
    0.0 0.0 0.0 0.0 0.0 0.0 0.0 0.0 0.0 0.0 0.0 0.0 0.0 0.0 0.0 0.0 0.0  
    0.0 
  PE_FUS = 1.0880535682886883 1.080726919643089 1.0727732567989967  
    1.064204583107441 1.055033060279959 1.0452710515015178  
    1.0349311498584925 1.02402621849097 1.0125694225433979  
    1.0005742711536727 0.9880546481838816 0.9750248492670442  
    0.9614996170965245 0.9474941713740525 0.9330242472114122  
    0.9181061237255512 0.9027566531926413 0.8869932866524499  
    0.8708341068989578 0.8542978414440666 0.8374038901362058  
    0.8201723365065009 0.8026239679156211 0.7847802718379459  
    0.7666634541044363 0.7482964282174556 0.7297028108448144  
    0.71090691265865 0.6919337187202375 0.6728088599997876  
    0.6535585876204401 0.6342097262142802 0.6147896298731675  
    0.5953261290324767 0.5758474623351393 0.5563822075308824  
    0.5369592037115231 0.5176074582714328 0.4983560564460745  
    0.4792340535475625 0.4602703650323161 0.4414936524841802  
    0.42293219661229 0.40461377259179093 0.3865655159791445  
    0.3688137905845469 0.35138405237182085 0.33430071378650994  
    0.3175870108891156 0.3012648732624041 0.2853547982009115  
    0.2698757338834073 0.25484496962132264 0.2402780354972234  
    0.22618861681211094 0.21258847918686666 0.19948740969055778  
    0.18689317326052005 0.17481148715141726 0.16324601138078626  
    0.15219835824692549 0.14166811824748557 0.13165290606606594  
    0.12214842091031787 0.11314852549184999 0.1046453381861999  
    0.09662933951893238 0.0890894898257617 0.08201335661408216  
    0.07538724867649416 0.06919635414785966 0.06342488002224007  
    0.05805618872726561 0.05307292805325165 0.04845714964390577  
    0.044190408911422924 0.04025384044652178 0.03662819657966903  
    0.03329383805125975 0.03023065722741274 0.027417910976693414  
    0.024833933481214075 0.022455692914532234 0.020258158245224412  
    0.01821346463747597 0.016289941100743725 0.01445125944361691  
    0.012656400033649618 0.010861974714157058 0.00902976075053569  
    0.007143397886416604 0.005236172655980632 0.0034203180484183244  
    0.0018840832276478424 0.0008116249541252104 0.0002471019650402309  
    4.621774978128573e-05 4.263075729156821e-06 1.2551782583080372e-07  
    3.52884993560798e-10 1.4018763006984712e-16 
  PE_IONIZATION = 0.0 0.0 0.0 0.0 0.0 0.0 0.0 0.0 0.0 0.0 0.0 0.0 0.0  
    0.0 0.0 0.0 0.0 0.0 0.0 0.0 0.0 0.0 0.0 0.0 0.0 0.0 0.0 0.0 0.0 0.0  
    0.0 0.0 0.0 0.0 0.0 0.0 0.0 0.0 0.0 0.0 0.0 0.0 0.0 0.0 0.0 0.0 0.0  
    0.0 0.0 0.0 0.0 0.0 0.0 0.0 0.0 0.0 0.0 0.0 0.0 0.0 0.0 0.0 0.0 0.0  
    0.0 0.0 0.0 0.0 0.0 0.0 0.0 0.0 0.0 0.0 0.0 0.0 0.0 0.0 0.0 0.0 0.0  
    0.0 0.0 0.0 0.0 0.0 0.0 0.0 0.0 0.0 0.0 0.0 0.0 0.0 0.0 0.0 0.0 0.0  
    0.0 0.0 0.0 
  P_RAD = -0.2085383997146203 -0.20749995170323265 -0.20637857213512215  
    -0.20517651269349435 -0.2038960653709168 -0.20253955909314028  
    -0.20110935660811433 -0.19960785115478819 -0.19803746318494914  
    -0.19640063733219792 -0.19469983874003866 -0.1929375505491733  
    -0.19111627009655016 -0.18923850635276607 -0.18730677649218205  
    -0.18532360306527118 -0.18329151101713537 -0.18121302462067324  
    -0.1790906646377233 -0.17692694497287798 -0.17472437079493827  
    -0.17248543477924053 -0.17021261502850124 -0.16790837140040293  
    -0.16557514418587194 -0.16321535029787496 -0.16083138111481768  
    -0.1584256001132153 -0.15600034012940664 -0.15355790130180472  
    -0.15110054829593053 -0.1486305083504012 -0.1461499688219502  
    -0.14366107559377292 -0.14116593048338938 -0.1386665896634976  
    -0.1361650618816532 -0.13366330655752864 -0.13116323256034512  
    -0.12866669644579645 -0.1261755011311486 -0.12369139543100743  
    -0.12121607198165138 -0.11875116742604785 -0.11629826080362987  
    -0.11385887406311887 -0.11143447093081393 -0.10902645720576999  
    -0.10663618073066526 -0.10426493162265692 -0.10191394249755714  
    -0.0995843893820125 -0.09727739258612529 -0.0949940170233713  
    -0.09273527408500913 -0.09050212247303821 -0.08829546981080069  
    -0.08611617378102282 -0.08396504425618422 -0.08184284458158181  
    -0.07975029367348958 -0.07768806705439976 -0.0756567993021948  
    -0.0736570848912065 -0.0716894799715627 -0.06975450301111366  
    -0.06785263541188682 -0.06598432106605295 -0.06414996505230877  
    -0.06234993063227912 -0.060584533829687794 -0.058854034735647105  
    -0.05715862379652559 -0.0554984009010305 -0.053873343784199765  
    -0.052283260541153356 -0.05072771978000657 -0.0492059459949409  
    -0.047716666176624824 -0.046257883250488525 -0.044826543147797465  
    -0.043418048641976806 -0.04202555349291238 -0.040638949680904236  
    -0.03924344160037367 -0.03781759969069731 -0.03633084254810016  
    -0.03474049699127448 -0.03298908377487185 -0.03100352621113282  
    -0.028699770854947477 -0.02599845303853247 -0.022857436255886272  
    -0.019319836545294948 -0.015556293474368713 -0.011857683510512149  
    -0.008546607034172912 -0.005845788321758563 -0.0037996028099431876  
    -0.0022943544413729887 -0.001095370501826832 
  PI_NB = 0.0 0.0 0.0 0.0 0.0 0.0 0.0 0.0 0.0 0.0 0.0 0.0 0.0 0.0 0.0  
    0.0 0.0 0.0 0.0 0.0 0.0 0.0 0.0 0.0 0.0 0.0 0.0 0.0 0.0 0.0 0.0 0.0  
    0.0 0.0 0.0 0.0 0.0 0.0 0.0 0.0 0.0 0.0 0.0 0.0 0.0 0.0 0.0 0.0 0.0  
    0.0 0.0 0.0 0.0 0.0 0.0 0.0 0.0 0.0 0.0 0.0 0.0 0.0 0.0 0.0 0.0 0.0  
    0.0 0.0 0.0 0.0 0.0 0.0 0.0 0.0 0.0 0.0 0.0 0.0 0.0 0.0 0.0 0.0 0.0  
    0.0 0.0 0.0 0.0 0.0 0.0 0.0 0.0 0.0 0.0 0.0 0.0 0.0 0.0 0.0 0.0 0.0  
    0.0 
  PI_IC = 0.1582956314086914 0.15820771381505716 0.15794425390294492  
    0.15750612865333308 0.15689479429583356 0.15611227824472326  
    0.15516116789705445 0.15404459637946186 0.15276622535354625  
    0.15133022501188956 0.14974125141762681 0.14800442135986916  
    0.1461252849149568 0.14410979591936282 0.14196428057392504  
    0.13969540441084297 0.13731013786444515 0.13481572069404482  
    0.13221962551221847 0.1295295206745476 0.12675323278727188  
    0.12389870908744477 0.12097397994612678 0.11798712173897419  
    0.11494622032039317 0.1118593353273516 0.10873446552711917  
    0.10557951540979754 0.10240226321167996 0.09921033053942564  
    0.09601115374794146 0.09281195720692831 0.08961972857247547  
    0.08644119616107193 0.08328280850415454 0.08015071614202021  
    0.0770507556967887 0.07398843624529405 0.07096892799447767  
    0.06799705324421838 0.0650772796057086 0.06221371542760598  
    0.05941010736737209 0.05666984003155682 0.053995937596381015  
    0.05139106730887954 0.0488575447591402 0.04639734080584526  
    0.04401209003040641 0.041703100589481 0.039471365331553945  
    0.03731757404053212 0.03524212666788836 0.033245147414751056  
    0.031326499526399404 0.02948580066381729 0.027722438720197553  
    0.02603558795448213 0.02442422531907827 0.022887146864706828  
    0.021422984111813696 0.02003022028500886 0.018707206314485393  
    0.017452176516213398 0.016263263870802423 0.015138514829186357  
    0.014075903581615673 0.013073345734759509 0.012128711349944307  
    0.011239837303613328 0.010404538938917938 0.009620620984886188  
    0.008885887726806341 0.008198152418268764 0.007555245931690981  
    0.006955024650079042 0.006395377608230573 0.005874232896545793  
    0.005389563345072241 0.004939391509364762 0.004521793983195868  
    0.004134905066111197 0.0037769198163022347 0.0034460965212800535  
    0.003140758620399765 0.0028592961144279453 0.002600166498090951  
    0.0023618952519171006 0.002143075929720155 0.001942369877794833  
    0.0017585056213380314 0.0015902779528029509 0.0014365467558678845  
    0.0012962355974873358 0.0011683301191195098 0.001051876256719428  
    0.0009459783174777616 0.000849796939597393 0.0007625469596564343  
    0.000683495210329987 0.0006119582694534244 
  PI_LH = 0.0 0.0 0.0 0.0 0.0 0.0 0.0 0.0 0.0 0.0 0.0 0.0 0.0 0.0 0.0  
    0.0 0.0 0.0 0.0 0.0 0.0 0.0 0.0 0.0 0.0 0.0 0.0 0.0 0.0 0.0 0.0 0.0  
    0.0 0.0 0.0 0.0 0.0 0.0 0.0 0.0 0.0 0.0 0.0 0.0 0.0 0.0 0.0 0.0 0.0  
    0.0 0.0 0.0 0.0 0.0 0.0 0.0 0.0 0.0 0.0 0.0 0.0 0.0 0.0 0.0 0.0 0.0  
    0.0 0.0 0.0 0.0 0.0 0.0 0.0 0.0 0.0 0.0 0.0 0.0 0.0 0.0 0.0 0.0 0.0  
    0.0 0.0 0.0 0.0 0.0 0.0 0.0 0.0 0.0 0.0 0.0 0.0 0.0 0.0 0.0 0.0 0.0  
    0.0 
  PI_FUS = 0.41214478193886556 0.4081761519975141 0.4038782075546039  
    0.39926207259229224 0.3943391596582148 0.38912116344380016  
    0.38362004983348974 0.3778480494595527 0.3718176466445398  
    0.36554157331093706 0.35903279681845696 0.35230451168356475  
    0.345370127150656 0.3382432568051355 0.3309377054586097  
    0.32346745636962376 0.31584665539104595 0.3080895943672801  
    0.3002106960337702 0.2922244915310964 0.28414560292552116  
    0.27598871850179824 0.26776857123625947 0.25949990889364194  
    0.25119747079809573 0.2428759549928923 0.23454998731453458  
    0.22623408890994331 0.21794264061238797 0.2096898449975014  
    0.2014896896492479 0.19335590498072042 0.18530192389346894  
    0.17734083928958536 0.16948536024234337 0.16174776775747557  
    0.1541398716538102 0.14667296485389314 0.1393577813911546  
    0.13220445216659815 0.1252224642333488 0.11842062223134985  
    0.11180700992560826 0.10538895738791713 0.09917300913388792  
    0.09316489869598928 0.08736952512149031 0.081790936280894  
    0.07643231642383688 0.07129597984895333 0.06638337019813946  
    0.061695066485443366 0.05723079511076643 0.05298944807715537  
    0.048969108242675294 0.045167080157189295 0.04157992714928545  
    0.03820351388067306 0.0350330543204262 0.032063163981448185  
    0.029287916353696816 0.026700902329231366 0.024295292514403318  
    0.02206390072889921 0.019999248764537687 0.01809363080940483  
    0.01633917716707647 0.014727916234628043 0.013251834070698661  
    0.01190293072782224 0.010673272677205303 0.009555040805383266  
    0.008540573257603403 0.007622402697869057 0.0067932874364009  
    0.0060462357619433605 0.005374523079409363 0.004771700761801778  
    0.0042315960280140666 0.0037483012330421744 0.0033161509187298126  
    0.002929684515289407 0.002583592450842354 0.002272644610291616  
    0.0019916041182091995 0.0017351402239229 0.0014977792965587245  
    0.0012739848069367912 0.001058548464462554 0.0008475926607013351  
    0.0006405058726174805 0.0004426693883374077 0.000267265647529366  
    0.00013216360851107202 4.9068409914993285e-05  
    1.2202570907981967e-05 1.743809580671546e-06 1.1331845652132215e-07  
    2.1172204022605733e-09 3.191882948001759e-12 4.2556518744115665e-19 
  PI_IONIZATION = 0.0 0.0 0.0 0.0 0.0 0.0 0.0 0.0 0.0 0.0 0.0 0.0 0.0  
    0.0 0.0 0.0 0.0 0.0 0.0 0.0 0.0 0.0 0.0 0.0 0.0 0.0 0.0 0.0 0.0 0.0  
    0.0 0.0 0.0 0.0 0.0 0.0 0.0 0.0 0.0 0.0 0.0 0.0 0.0 0.0 0.0 0.0 0.0  
    0.0 0.0 0.0 0.0 0.0 0.0 0.0 0.0 0.0 0.0 0.0 0.0 0.0 0.0 0.0 0.0 0.0  
    0.0 0.0 0.0 0.0 0.0 0.0 0.0 0.0 0.0 0.0 0.0 0.0 0.0 0.0 0.0 0.0 0.0  
    0.0 0.0 0.0 0.0 0.0 0.0 0.0 0.0 0.0 0.0 0.0 0.0 0.0 0.0 0.0 0.0 0.0  
    0.0 0.0 0.0 
  PI_CX = 0.0 0.0 0.0 0.0 0.0 0.0 0.0 0.0 0.0 0.0 0.0 0.0 0.0 0.0 0.0  
    0.0 0.0 0.0 0.0 0.0 0.0 0.0 0.0 0.0 0.0 0.0 0.0 0.0 0.0 0.0 0.0 0.0  
    0.0 0.0 0.0 0.0 0.0 0.0 0.0 0.0 0.0 0.0 0.0 0.0 0.0 0.0 0.0 0.0 0.0  
    0.0 0.0 0.0 0.0 0.0 0.0 0.0 0.0 0.0 0.0 0.0 0.0 0.0 0.0 0.0 0.0 0.0  
    0.0 0.0 0.0 0.0 0.0 0.0 0.0 0.0 0.0 0.0 0.0 0.0 0.0 0.0 0.0 0.0 0.0  
    0.0 0.0 0.0 0.0 0.0 0.0 0.0 0.0 0.0 0.0 0.0 0.0 0.0 0.0 0.0 0.0 0.0  
    0.0 
  P_OHM = 0.0 0.0 0.0 0.0 0.0 0.0 0.0 0.0 0.0 0.0 0.0 0.0 0.0 0.0 0.0  
    0.0 0.0 0.0 0.0 0.0 0.0 0.0 0.0 0.0 0.0 0.0 0.0 0.0 0.0 0.0 0.0 0.0  
    0.0 0.0 0.0 0.0 0.0 0.0 0.0 0.0 0.0 0.0 0.0 0.0 0.0 0.0 0.0 0.0 0.0  
    0.0 0.0 0.0 0.0 0.0 0.0 0.0 0.0 0.0 0.0 0.0 0.0 0.0 0.0 0.0 0.0 0.0  
    0.0 0.0 0.0 0.0 0.0 0.0 0.0 0.0 0.0 0.0 0.0 0.0 0.0 0.0 0.0 0.0 0.0  
    0.0 0.0 0.0 0.0 0.0 0.0 0.0 0.0 0.0 0.0 0.0 0.0 0.0 0.0 0.0 0.0 0.0  
    0.0 
  P_EI = 0.0 0.0 0.0 0.0 0.0 0.0 0.0 0.0 0.0 0.0 0.0 0.0 0.0 0.0 0.0  
    0.0 0.0 0.0 0.0 0.0 0.0 0.0 0.0 0.0 0.0 0.0 0.0 0.0 0.0 0.0 0.0 0.0  
    0.0 0.0 0.0 0.0 0.0 0.0 0.0 0.0 0.0 0.0 0.0 0.0 0.0 0.0 0.0 0.0 0.0  
    0.0 0.0 0.0 0.0 0.0 0.0 0.0 0.0 0.0 0.0 0.0 0.0 0.0 0.0 0.0 0.0 0.0  
    0.0 0.0 0.0 0.0 0.0 0.0 0.0 0.0 0.0 0.0 0.0 0.0 0.0 0.0 0.0 0.0 0.0  
    0.0 0.0 0.0 0.0 0.0 0.0 0.0 0.0 0.0 0.0 0.0 0.0 0.0 0.0 0.0 0.0 0.0  
    0.0 
  TORQUE_NB = 0.0 0.0 0.0 0.0 0.0 0.0 0.0 0.0 0.0 0.0 0.0 0.0 0.0 0.0  
    0.0 0.0 0.0 0.0 0.0 0.0 0.0 0.0 0.0 0.0 0.0 0.0 0.0 0.0 0.0 0.0 0.0  
    0.0 0.0 0.0 0.0 0.0 0.0 0.0 0.0 0.0 0.0 0.0 0.0 0.0 0.0 0.0 0.0 0.0  
    0.0 0.0 0.0 0.0 0.0 0.0 0.0 0.0 0.0 0.0 0.0 0.0 0.0 0.0 0.0 0.0 0.0  
    0.0 0.0 0.0 0.0 0.0 0.0 0.0 0.0 0.0 0.0 0.0 0.0 0.0 0.0 0.0 0.0 0.0  
    0.0 0.0 0.0 0.0 0.0 0.0 0.0 0.0 0.0 0.0 0.0 0.0 0.0 0.0 0.0 0.0 0.0  
    0.0 0.0 
  TORQUE_IN = 0.0 0.0 0.0 0.0 0.0 0.0 0.0 0.0 0.0 0.0 0.0 0.0 0.0 0.0  
    0.0 0.0 0.0 0.0 0.0 0.0 0.0 0.0 0.0 0.0 0.0 0.0 0.0 0.0 0.0 0.0 0.0  
    0.0 0.0 0.0 0.0 0.0 0.0 0.0 0.0 0.0 0.0 0.0 0.0 0.0 0.0 0.0 0.0 0.0  
    0.0 0.0 0.0 0.0 0.0 0.0 0.0 0.0 0.0 0.0 0.0 0.0 0.0 0.0 0.0 0.0 0.0  
    0.0 0.0 0.0 0.0 0.0 0.0 0.0 0.0 0.0 0.0 0.0 0.0 0.0 0.0 0.0 0.0 0.0  
    0.0 0.0 0.0 0.0 0.0 0.0 0.0 0.0 0.0 0.0 0.0 0.0 0.0 0.0 0.0 0.0 0.0  
    0.0 0.0 
  SE_NB = 0.0 0.0 0.0 0.0 0.0 0.0 0.0 0.0 0.0 0.0 0.0 0.0 0.0 0.0 0.0  
    0.0 0.0 0.0 0.0 0.0 0.0 0.0 0.0 0.0 0.0 0.0 0.0 0.0 0.0 0.0 0.0 0.0  
    0.0 0.0 0.0 0.0 0.0 0.0 0.0 0.0 0.0 0.0 0.0 0.0 0.0 0.0 0.0 0.0 0.0  
    0.0 0.0 0.0 0.0 0.0 0.0 0.0 0.0 0.0 0.0 0.0 0.0 0.0 0.0 0.0 0.0 0.0  
    0.0 0.0 0.0 0.0 0.0 0.0 0.0 0.0 0.0 0.0 0.0 0.0 0.0 0.0 0.0 0.0 0.0  
    0.0 0.0 0.0 0.0 0.0 0.0 0.0 0.0 0.0 0.0 0.0 0.0 0.0 0.0 0.0 0.0 0.0  
    0.0 
  SE_IONIZATION = 0.0 0.0 0.0 0.0 0.0 0.0 0.0 0.0 0.0 0.0 0.0 0.0 0.0  
    0.0 0.0 0.0 0.0 0.0 0.0 0.0 0.0 0.0 0.0 0.0 0.0 0.0 0.0 0.0 0.0 0.0  
    0.0 0.0 0.0 0.0 0.0 0.0 0.0 0.0 0.0 0.0 0.0 0.0 0.0 0.0 0.0 0.0 0.0  
    0.0 0.0 0.0 0.0 0.0 0.0 0.0 0.0 0.0 0.0 0.0 0.0 0.0 0.0 0.0 0.0 0.0  
    0.0 0.0 0.0 0.0 0.0 0.0 0.0 0.0 0.0 0.0 0.0 0.0 0.0 0.0 0.0 0.0 0.0  
    0.0 0.0 0.0 0.0 0.0 0.0 0.0 0.0 0.0 0.0 0.0 0.0 0.0 0.0 0.0 0.0 0.0  
    0.0 0.0 0.0 
  SI_NB = 0.0 0.0 0.0 0.0 0.0 0.0 0.0 0.0 0.0 0.0 0.0 0.0 0.0 0.0 0.0  
    0.0 0.0 0.0 0.0 0.0 0.0 0.0 0.0 0.0 0.0 0.0 0.0 0.0 0.0 0.0 0.0 0.0  
    0.0 0.0 0.0 0.0 0.0 0.0 0.0 0.0 0.0 0.0 0.0 0.0 0.0 0.0 0.0 0.0 0.0  
    0.0 0.0 0.0 0.0 0.0 0.0 0.0 0.0 0.0 0.0 0.0 0.0 0.0 0.0 0.0 0.0 0.0  
    0.0 0.0 0.0 0.0 0.0 0.0 0.0 0.0 0.0 0.0 0.0 0.0 0.0 0.0 0.0 0.0 0.0  
    0.0 0.0 0.0 0.0 0.0 0.0 0.0 0.0 0.0 0.0 0.0 0.0 0.0 0.0 0.0 0.0 0.0  
    0.0 
  SI_IONIZATION = 0.0 0.0 0.0 0.0 0.0 0.0 0.0 0.0 0.0 0.0 0.0 0.0 0.0  
    0.0 0.0 0.0 0.0 0.0 0.0 0.0 0.0 0.0 0.0 0.0 0.0 0.0 0.0 0.0 0.0 0.0  
    0.0 0.0 0.0 0.0 0.0 0.0 0.0 0.0 0.0 0.0 0.0 0.0 0.0 0.0 0.0 0.0 0.0  
    0.0 0.0 0.0 0.0 0.0 0.0 0.0 0.0 0.0 0.0 0.0 0.0 0.0 0.0 0.0 0.0 0.0  
    0.0 0.0 0.0 0.0 0.0 0.0 0.0 0.0 0.0 0.0 0.0 0.0 0.0 0.0 0.0 0.0 0.0  
    0.0 0.0 0.0 0.0 0.0 0.0 0.0 0.0 0.0 0.0 0.0 0.0 0.0 0.0 0.0 0.0 0.0  
    0.0 0.0 0.0 
  SE_PELLET = 0.0 0.0 0.0 0.0 0.0 0.0 0.0 0.0 0.0 0.0 0.0 0.0 0.0 0.0  
    0.0 0.0 0.0 0.0 0.0 0.0 0.0 0.0 0.0 0.0 0.0 0.0 0.0 0.0 0.0 0.0 0.0  
    0.0 0.0 0.0 0.0 0.0 0.0 0.0 0.0 0.0 0.0 0.0 0.0 0.0 0.0 0.0 0.0 0.0  
    0.0 0.0 0.0 0.0 0.0 0.0 0.0 0.0 0.0 0.0 0.0 0.0 0.0 0.0 0.0 0.0 0.0  
    0.0 0.0 0.0 0.0 0.0 0.0 0.0 0.0 0.0 0.0 0.0 0.0 0.0 0.0 0.0 0.0 0.0  
    0.0 0.0 0.0 0.0 0.0 0.0 0.0 0.0 0.0 0.0 0.0 0.0 0.0 0.0 0.0 0.0 0.0  
    0.0 0.0 
  Q = 0.0 0.0 0.0 0.0 0.0 0.0 0.0 0.0 0.0 0.0 0.0 0.0 0.0 0.0 0.0 0.0  
    0.0 0.0 0.0 0.0 0.0 0.0 0.0 0.0 0.0 0.0 0.0 0.0 0.0 0.0 0.0 0.0 0.0  
    0.0 0.0 0.0 0.0 0.0 0.0 0.0 0.0 0.0 0.0 0.0 0.0 0.0 0.0 0.0 0.0 0.0  
    0.0 0.0 0.0 0.0 0.0 0.0 0.0 0.0 0.0 0.0 0.0 0.0 0.0 0.0 0.0 0.0 0.0  
    0.0 0.0 0.0 0.0 0.0 0.0 0.0 0.0 0.0 0.0 0.0 0.0 0.0 0.0 0.0 0.0 0.0  
    0.0 0.0 0.0 0.0 0.0 0.0 0.0 0.0 0.0 0.0 0.0 0.0 0.0 0.0 0.0 0.0 0.0 
  PSIPOL = 0.0 0.0 0.0 0.0 0.0 0.0 0.0 0.0 0.0 0.0 0.0 0.0 0.0 0.0 0.0  
    0.0 0.0 0.0 0.0 0.0 0.0 0.0 0.0 0.0 0.0 0.0 0.0 0.0 0.0 0.0 0.0 0.0  
    0.0 0.0 0.0 0.0 0.0 0.0 0.0 0.0 0.0 0.0 0.0 0.0 0.0 0.0 0.0 0.0 0.0  
    0.0 0.0 0.0 0.0 0.0 0.0 0.0 0.0 0.0 0.0 0.0 0.0 0.0 0.0 0.0 0.0 0.0  
    0.0 0.0 0.0 0.0 0.0 0.0 0.0 0.0 0.0 0.0 0.0 0.0 0.0 0.0 0.0 0.0 0.0  
    0.0 0.0 0.0 0.0 0.0 0.0 0.0 0.0 0.0 0.0 0.0 0.0 0.0 0.0 0.0 0.0 0.0  
    0.0 
  PSI = 0.0 0.0 0.0 0.0 0.0 0.0 0.0 0.0 0.0 0.0 0.0 0.0 0.0 0.0 0.0 0.0  
    0.0 0.0 0.0 0.0 0.0 0.0 0.0 0.0 0.0 0.0 0.0 0.0 0.0 0.0 0.0 0.0 0.0  
    0.0 0.0 0.0 0.0 0.0 0.0 0.0 0.0 0.0 0.0 0.0 0.0 0.0 0.0 0.0 0.0 0.0  
    0.0 0.0 0.0 0.0 0.0 0.0 0.0 0.0 0.0 0.0 0.0 0.0 0.0 0.0 0.0 0.0 0.0  
    0.0 0.0 0.0 0.0 0.0 0.0 0.0 0.0 0.0 0.0 0.0 0.0 0.0 0.0 0.0 0.0 0.0  
    0.0 0.0 0.0 0.0 0.0 0.0 0.0 0.0 0.0 0.0 0.0 0.0 0.0 0.0 0.0 0.0 0.0 
  DENSITY_BEAM = 0.0 0.0 0.0 0.0 0.0 0.0 0.0 0.0 0.0 0.0 0.0 0.0 0.0  
    0.0 0.0 0.0 0.0 0.0 0.0 0.0 0.0 0.0 0.0 0.0 0.0 0.0 0.0 0.0 0.0 0.0  
    0.0 0.0 0.0 0.0 0.0 0.0 0.0 0.0 0.0 0.0 0.0 0.0 0.0 0.0 0.0 0.0 0.0  
    0.0 0.0 0.0 0.0 0.0 0.0 0.0 0.0 0.0 0.0 0.0 0.0 0.0 0.0 0.0 0.0 0.0  
    0.0 0.0 0.0 0.0 0.0 0.0 0.0 0.0 0.0 0.0 0.0 0.0 0.0 0.0 0.0 0.0 0.0  
    0.0 0.0 0.0 0.0 0.0 0.0 0.0 0.0 0.0 0.0 0.0 0.0 0.0 0.0 0.0 0.0 0.0  
    0.0 0.0 0.0 
  WBEAM = 0.0 0.0 0.0 0.0 0.0 0.0 0.0 0.0 0.0 0.0 0.0 0.0 0.0 0.0 0.0  
    0.0 0.0 0.0 0.0 0.0 0.0 0.0 0.0 0.0 0.0 0.0 0.0 0.0 0.0 0.0 0.0 0.0  
    0.0 0.0 0.0 0.0 0.0 0.0 0.0 0.0 0.0 0.0 0.0 0.0 0.0 0.0 0.0 0.0 0.0  
    0.0 0.0 0.0 0.0 0.0 0.0 0.0 0.0 0.0 0.0 0.0 0.0 0.0 0.0 0.0 0.0 0.0  
    0.0 0.0 0.0 0.0 0.0 0.0 0.0 0.0 0.0 0.0 0.0 0.0 0.0 0.0 0.0 0.0 0.0  
    0.0 0.0 0.0 0.0 0.0 0.0 0.0 0.0 0.0 0.0 0.0 0.0 0.0 0.0 0.0 0.0 0.0  
    0.0 
  TBEAM = 0.0 0.0 0.0 0.0 0.0 0.0 0.0 0.0 0.0 0.0 0.0 0.0 0.0 0.0 0.0  
    0.0 0.0 0.0 0.0 0.0 0.0 0.0 0.0 0.0 0.0 0.0 0.0 0.0 0.0 0.0 0.0 0.0  
    0.0 0.0 0.0 0.0 0.0 0.0 0.0 0.0 0.0 0.0 0.0 0.0 0.0 0.0 0.0 0.0 0.0  
    0.0 0.0 0.0 0.0 0.0 0.0 0.0 0.0 0.0 0.0 0.0 0.0 0.0 0.0 0.0 0.0 0.0  
    0.0 0.0 0.0 0.0 0.0 0.0 0.0 0.0 0.0 0.0 0.0 0.0 0.0 0.0 0.0 0.0 0.0  
    0.0 0.0 0.0 0.0 0.0 0.0 0.0 0.0 0.0 0.0 0.0 0.0 0.0 0.0 0.0 0.0 0.0  
    0.0 
  DENSITY_ALPHA = 0.0 0.0 0.0 0.0 0.0 0.0 0.0 0.0 0.0 0.0 0.0 0.0 0.0  
    0.0 0.0 0.0 0.0 0.0 0.0 0.0 0.0 0.0 0.0 0.0 0.0 0.0 0.0 0.0 0.0 0.0  
    0.0 0.0 0.0 0.0 0.0 0.0 0.0 0.0 0.0 0.0 0.0 0.0 0.0 0.0 0.0 0.0 0.0  
    0.0 0.0 0.0 0.0 0.0 0.0 0.0 0.0 0.0 0.0 0.0 0.0 0.0 0.0 0.0 0.0 0.0  
    0.0 0.0 0.0 0.0 0.0 0.0 0.0 0.0 0.0 0.0 0.0 0.0 0.0 0.0 0.0 0.0 0.0  
    0.0 0.0 0.0 0.0 0.0 0.0 0.0 0.0 0.0 0.0 0.0 0.0 0.0 0.0 0.0 0.0 0.0  
    0.0 0.0 0.0 
  WALPHA = 0.0 0.0 0.0 0.0 0.0 0.0 0.0 0.0 0.0 0.0 0.0 0.0 0.0 0.0 0.0  
    0.0 0.0 0.0 0.0 0.0 0.0 0.0 0.0 0.0 0.0 0.0 0.0 0.0 0.0 0.0 0.0 0.0  
    0.0 0.0 0.0 0.0 0.0 0.0 0.0 0.0 0.0 0.0 0.0 0.0 0.0 0.0 0.0 0.0 0.0  
    0.0 0.0 0.0 0.0 0.0 0.0 0.0 0.0 0.0 0.0 0.0 0.0 0.0 0.0 0.0 0.0 0.0  
    0.0 0.0 0.0 0.0 0.0 0.0 0.0 0.0 0.0 0.0 0.0 0.0 0.0 0.0 0.0 0.0 0.0  
    0.0 0.0 0.0 0.0 0.0 0.0 0.0 0.0 0.0 0.0 0.0 0.0 0.0 0.0 0.0 0.0 0.0  
    0.0 
  TALPHA = 0.0 0.0 0.0 0.0 0.0 0.0 0.0 0.0 0.0 0.0 0.0 0.0 0.0 0.0 0.0  
    0.0 0.0 0.0 0.0 0.0 0.0 0.0 0.0 0.0 0.0 0.0 0.0 0.0 0.0 0.0 0.0 0.0  
    0.0 0.0 0.0 0.0 0.0 0.0 0.0 0.0 0.0 0.0 0.0 0.0 0.0 0.0 0.0 0.0 0.0  
    0.0 0.0 0.0 0.0 0.0 0.0 0.0 0.0 0.0 0.0 0.0 0.0 0.0 0.0 0.0 0.0 0.0  
    0.0 0.0 0.0 0.0 0.0 0.0 0.0 0.0 0.0 0.0 0.0 0.0 0.0 0.0 0.0 0.0 0.0  
    0.0 0.0 0.0 0.0 0.0 0.0 0.0 0.0 0.0 0.0 0.0 0.0 0.0 0.0 0.0 0.0 0.0  
    0.0 
  CHIE = 0.0 0.0 0.0 0.0 0.0 0.0 0.0 0.0 0.0 0.0 0.0 0.0 0.0 0.0 0.0  
    0.0 0.0 0.0 0.0 0.0 0.0 0.0 0.0 0.0 0.0 0.0 0.0 0.0 0.0 0.0 0.0 0.0  
    0.0 0.0 0.0 0.0 0.0 0.0 0.0 0.0 0.0 0.0 0.0 0.0 0.0 0.0 0.0 0.0 0.0  
    0.0 0.0 0.0 0.0 0.0 0.0 0.0 0.0 0.0 0.0 0.0 0.0 0.0 0.0 0.0 0.0 0.0  
    0.0 0.0 0.0 0.0 0.0 0.0 0.0 0.0 0.0 0.0 0.0 0.0 0.0 0.0 0.0 0.0 0.0  
    0.0 0.0 0.0 0.0 0.0 0.0 0.0 0.0 0.0 0.0 0.0 0.0 0.0 0.0 0.0 0.0 0.0  
    0.0 
  CHII = 0.0 0.0 0.0 0.0 0.0 0.0 0.0 0.0 0.0 0.0 0.0 0.0 0.0 0.0 0.0  
    0.0 0.0 0.0 0.0 0.0 0.0 0.0 0.0 0.0 0.0 0.0 0.0 0.0 0.0 0.0 0.0 0.0  
    0.0 0.0 0.0 0.0 0.0 0.0 0.0 0.0 0.0 0.0 0.0 0.0 0.0 0.0 0.0 0.0 0.0  
    0.0 0.0 0.0 0.0 0.0 0.0 0.0 0.0 0.0 0.0 0.0 0.0 0.0 0.0 0.0 0.0 0.0  
    0.0 0.0 0.0 0.0 0.0 0.0 0.0 0.0 0.0 0.0 0.0 0.0 0.0 0.0 0.0 0.0 0.0  
    0.0 0.0 0.0 0.0 0.0 0.0 0.0 0.0 0.0 0.0 0.0 0.0 0.0 0.0 0.0 0.0 0.0  
    0.0 
  P_EQ = 0.0 0.0 0.0 0.0 0.0 0.0 0.0 0.0 0.0 0.0 0.0 0.0 0.0 0.0 0.0  
    0.0 0.0 0.0 0.0 0.0 0.0 0.0 0.0 0.0 0.0 0.0 0.0 0.0 0.0 0.0 0.0 0.0  
    0.0 0.0 0.0 0.0 0.0 0.0 0.0 0.0 0.0 0.0 0.0 0.0 0.0 0.0 0.0 0.0 0.0  
    0.0 0.0 0.0 0.0 0.0 0.0 0.0 0.0 0.0 0.0 0.0 0.0 0.0 0.0 0.0 0.0 0.0  
    0.0 0.0 0.0 0.0 0.0 0.0 0.0 0.0 0.0 0.0 0.0 0.0 0.0 0.0 0.0 0.0 0.0  
    0.0 0.0 0.0 0.0 0.0 0.0 0.0 0.0 0.0 0.0 0.0 0.0 0.0 0.0 0.0 0.0 0.0  
    0.0 
  J_TOT = 0.6632731773105746 0.6632731773105746 0.6668175412328337  
    0.6739974143832352 0.6813548227440086 0.6888802555123668  
    0.6965642018605191 0.7043971509856807 0.7123695920850661  
    0.7204720143058764 0.7286949068703381 0.7370287589756643  
    0.7454640597440535 0.7539912983977308 0.7626009641589115  
    0.771283546149778 0.7800295335425562 0.7888294155844808  
    0.797673681447749 0.8065528202795813 0.8154573213021769  
    0.8243776736877538 0.8333043665835014 0.8422278892116748  
    0.8511387307944636 0.860027380479057 0.868884327412704  
    0.8777000608176083 0.8864650698909856 0.8951698437800355  
    0.9038048716569704 0.9123606427439942 0.9208276462633733  
    0.9291963713622642 0.9374573071878822 0.9456009429624455  
    0.9536177678831961 0.9614982710972892 0.9692329417769461  
    0.9768122691444572 0.9842267423969289 0.9914668507066438  
    0.9985230832958523 1.0053859293866914 1.0120458779013313  
    1.0184934179369853 1.024719039240924 1.0307132310105755  
    1.0364664819428435 1.0419692812349854 1.047212118084213  
    1.0521854819377576 1.056879862243207 1.0612857476972364  
    1.0653936272470341 1.0691939903399836 1.0726773264234437  
    1.0758341246946772 1.0786548741007214 1.081130063838835  
    1.0832501831060468 1.085005721099697 1.0863871672671634  
    1.087385010555729 1.087989739912073 1.0870721688894274  
    1.0814183193630442 1.0682006134853617 1.047139945418547  
    1.0191541654490788 0.9851611239151403 0.9460786709536786  
    0.9028246566769336 0.856316931296891 0.8074733450250534  
    0.7572117480247662 0.7064499904575632 0.656105922535468  
    0.60709739447111 0.560342256426271 0.5167583585877042  
    0.4772635511432105 0.4427756842803243 0.4142126082105685  
    0.3924921731211618 0.3858217220849235 0.4034616621392786  
    0.4422130285787519 0.4999961830537222 0.5815298901963886  
    0.68864457961499 0.8157365462028072 0.9446340561602071  
    1.0431269911374017 1.0728154470072369 1.0069957028180796  
    0.8481087050653926 0.6303078591813929 0.40247109426140426  
    0.19698987216793268 0.006454973910576256 
  RBDRY = 5.33 5.318342593343686 5.283498094361539 5.225848266676087  
    5.146024733863454 5.044902059253285 4.923588164029888  
    4.783412188615895 4.62590993033165 4.452807016878383 4.266  
    4.0675355764653025 3.859588164029888 3.644436078060192  
    3.4244365698335666 3.202 3.1463908575416086 3.091390980484952  
    3.037602958992528 2.9856161058836745 2.936 2.889298245780404  
    2.8460225174170874 2.8066469528460263 2.771602958992528  
    2.7412744851866786 2.7159938165341364 2.6960379333309783  
    2.6816254764096152 2.6729143516640788 2.67 2.6729143516640783  
    2.6816254764096152 2.6960379333309783 2.715993816534136  
    2.7412744851866786 2.7716029589925277 2.806646952846026  
    2.8460225174170874 2.889298245780404 2.936 2.985616105883674  
    3.0376029589925277 3.091390980484952 3.1463908575416077  
    3.2020000000000004 3.4244365698335653 3.64443607806019  
    3.8595881640298875 4.067535576465302 4.265999999999998  
    4.452807016878382 4.625909930331649 4.783412188615894  
    4.923588164029888 5.044902059253285 5.146024733863454  
    5.225848266676087 5.283498094361539 5.318342593343686 5.33 
  ZBDRY = 0.0 0.23535113765686597 0.4652724865098506 0.6905906201336312  
    0.9102913102803188 1.1231657674595437 1.3279956054538342  
    1.5236213693222256 1.7089805745491784 1.8831339788886716  
    2.0452858176211626 2.194800069633431 2.3312135259246296  
    2.454245888084394 2.5638068553907556 2.66 2.5169520006434856  
    2.3666218923483946 2.2094269832145708 2.045820686161913  
    1.8762930788893706 1.701371539188396 1.521621722665165  
    1.3376493633547748 1.1501037994334113 0.9596850412410337  
    0.7671584243735222 0.5733871841793019 0.37941544064214977  
    0.18674733587679238 0.0 -0.18674733587679165 -0.3794154406421486  
    -0.5733871841793005 -0.7671584243735206 -0.9596850412410403  
    -1.1501037994334022 -1.3376493633547701 -1.521621722665163  
    -1.7013715391883915 -1.876293078889371 -2.0458206861619135  
    -2.209426983214567 -2.366621892348393 -2.5169520006434807 -2.66  
    -2.5638068553907565 -2.4542458880843947 -2.33121352592463  
    -2.1948000696334318 -2.045285817621164 -1.8831339788886723  
    -1.7089805745491797 -1.5236213693222267 -1.3279956054538342  
    -1.1231657674595437 -0.9102913102803188 -0.6905906201336312  
    -0.4652724865098506 -0.23535113765686597 0.0 
  NLIM = 5 
  RLIM = 5.38 2.62 2.62 5.38 5.38 
  ZLIM = 2.71 2.71 -2.71 -2.71 2.71 
  RHO = 0.0 0.01 0.02 0.03 0.04 0.05 0.06 0.07 0.08 0.09 0.1 0.11 0.12  
    0.13 0.14 0.15 0.16 0.17 0.18 0.19 0.2 0.21 0.22 0.23 0.24 0.25  
    0.26 0.27 0.28 0.29 0.3 0.31 0.32 0.33 0.34 0.35 0.36 0.37 0.38  
    0.39 0.4 0.41 0.42 0.43 0.44 0.45 0.46 0.47 0.48 0.49 0.5 0.51 0.52  
    0.53 0.54 0.55 0.56 0.57 0.58 0.59 0.6 0.61 0.62 0.63 0.64 0.65  
    0.66 0.67 0.68 0.69 0.7 0.71 0.72 0.73 0.74 0.75 0.76 0.77 0.78  
    0.79 0.8 0.81 0.82 0.83 0.84 0.85 0.86 0.87 0.88 0.89 0.9 0.91 0.92  
    0.93 0.94 0.95 0.96 0.97 0.98 0.99 1.0 
  MODEL_PROFILE_NE = 'ped' 
  MODEL_PROFILE_TE = 'ped' 
  MODEL_PROFILE_TI = 'ped' 
  MODEL_PROFILE_DENSITY_BEAM = 'parab' 
  MODEL_PROFILE_J_TOT = 'parab' 
  MODEL_PROFILE_OMEGA = 'parab' 
  MODEL_PROFILE_ZEFF = 'const' 
  MODEL_PROFILE_TBEAMI = 'const' 
  MODEL_PROFILE_DENSITY_ALPHA = 'zero' 
  MODEL_PROFILE_WALPHA = 'zero' 
  MODEL_PROFILE_WBEAM = 'derived' 
  J_TOT_AXIS = 1.0 
  J_TOT_SEP = 0.05 
  J_TOT_ALPHA = 2.0 
  J_TOT_BETA = 1.0 
  DENSITY_BEAM_AXIS = 0.0 
  DENSITY_BEAM_SEP = 0.0 
  DENSITY_BEAM_ALPHA = 1.5 
  DENSITY_BEAM_BETA = 1.5 
  TBEAMI_AXIS = 20.0 
  DENSITY_ION_0 = 10.668078127561985 10.661554571462371  
    10.654585095071369 10.647162357272752 10.639278487627497  
    10.630925073661547 10.622093178573174 10.612773320764365  
    10.602955485332926 10.592629118696014 10.581783119142075  
    10.5704058486766 10.558485130264314 10.546008243335875  
    10.532961936795228 10.519332427505047 10.505105415961603  
    10.49026609326205 10.474799154602806 10.458688809745627  
    10.441918817482042 10.4244724963109 10.406332761361535  
    10.38748213916084 10.367902834250899 10.34757673958072  
    10.326485500055002 10.304610559155295 10.28193321379958  
    10.258434687079841 10.234096181928267 10.208898962466806  
    10.18282442703718 10.155854213001719 10.127970255213986  
    10.099154909674215 10.069391041951432 10.038662129342201  
    10.006952379046185 9.974246831396512 9.94053147394355  
    9.905793375587956 9.870020774206543 9.833203220574946  
    9.795331669356713 9.756398612242469 9.716398177695242  
    9.67532623005347 9.633180474226803 9.589960539292393  
    9.545668048906165 9.500306701508777 9.453882330540951  
    9.40640291646175 9.357878649483942 9.308321921089716  
    9.257747329663546 9.2061716400918 9.153613769948029  
    9.100094711545506 9.04563747760653 8.990266965009306  
    8.934009883340613 8.876894572743828 8.818950862406638  
    8.760209847216515 8.700703650512068 8.64046510829605  
    8.57952738487108 8.517923464182452 8.455685459849558  
    8.392843673955612 8.329425270978602 8.265452379549487  
    8.200939343509656 8.135888677170438 8.070285174596743  
    8.004087121812175 7.937213382774169 7.869524252969387  
    7.800793144383179 7.730664914187121 7.658594759273212  
    7.5837593965667 7.50492967640591 7.420291625695543  
    7.327203395649285 7.2218838721020004 7.099054376240202  
    6.951616912872182 6.770573996545818 6.545586614496838  
    6.266758487233158 5.928158231881154 5.532746256337614  
    5.096532252494537 4.648235824855996 4.22228976612475  
    3.8481329229806063 3.5422586305765345 3.3069868518659997 
  DENSITY_ION_1 = 10.668078127561985 10.661554571462371  
    10.654585095071369 10.647162357272752 10.639278487627497  
    10.630925073661547 10.622093178573174 10.612773320764365  
    10.602955485332926 10.592629118696014 10.581783119142075  
    10.5704058486766 10.558485130264314 10.546008243335875  
    10.532961936795228 10.519332427505047 10.505105415961603  
    10.49026609326205 10.474799154602806 10.458688809745627  
    10.441918817482042 10.4244724963109 10.406332761361535  
    10.38748213916084 10.367902834250899 10.34757673958072  
    10.326485500055002 10.304610559155295 10.28193321379958  
    10.258434687079841 10.234096181928267 10.208898962466806  
    10.18282442703718 10.155854213001719 10.127970255213986  
    10.099154909674215 10.069391041951432 10.038662129342201  
    10.006952379046185 9.974246831396512 9.94053147394355  
    9.905793375587956 9.870020774206543 9.833203220574946  
    9.795331669356713 9.756398612242469 9.716398177695242  
    9.67532623005347 9.633180474226803 9.589960539292393  
    9.545668048906165 9.500306701508777 9.453882330540951  
    9.40640291646175 9.357878649483942 9.308321921089716  
    9.257747329663546 9.2061716400918 9.153613769948029  
    9.100094711545506 9.04563747760653 8.990266965009306  
    8.934009883340613 8.876894572743828 8.818950862406638  
    8.760209847216515 8.700703650512068 8.64046510829605  
    8.57952738487108 8.517923464182452 8.455685459849558  
    8.392843673955612 8.329425270978602 8.265452379549487  
    8.200939343509656 8.135888677170438 8.070285174596743  
    8.004087121812175 7.937213382774169 7.869524252969387  
    7.800793144383179 7.730664914187121 7.658594759273212  
    7.5837593965667 7.50492967640591 7.420291625695543  
    7.327203395649285 7.2218838721020004 7.099054376240202  
    6.951616912872182 6.770573996545818 6.545586614496838  
    6.266758487233158 5.928158231881154 5.532746256337614  
    5.096532252494537 4.648235824855996 4.22228976612475  
    3.8481329229806063 3.5422586305765345 3.3069868518659997 
  DENSITY_IMP_0 = 1.3102086292630144 1.2996791080376284  
    1.2882686857086312 1.2760018939622475 1.262903789252503  
    1.2489999655134512 1.2343165455618268 1.2188801924556338  
    1.2027181071120745 1.1858580291289873 1.1683282416779242  
    1.1501575687683994 1.1313753734506875 1.1120115577541243  
    1.0920965587897729 1.0716613411549538 1.0507373903683954  
    1.029356701347949 1.0075517649121954 0.9853555482043705  
    0.9628014830029574 0.9399234322691008 0.9167556714434643  
    0.8933328463491598 0.8696899475691016 0.8458622636142809  
    0.8218853310399987 0.7977948923797052 0.773626832175419  
    0.7494171179051596 0.7252017280967339 0.7010165846431933  
    0.6768974661078193 0.6528799302532812 0.6289992191310141  
    0.605290162755786 0.5817870815735684 0.558523679747799  
    0.535532936093815 0.5128469962934875 0.4904970497014516  
    0.4685132225420408 0.4469244538434583 0.42575838340005234  
    0.40504123345328796 0.3847976983275321 0.36505083557475726  
    0.3458219623165309 0.32713055965819615 0.30899418453760663  
    0.29142839020383415 0.27444665967622167 0.2580603500840472  
    0.24227864876324817 0.22710854696105864 0.21255482554528454  
    0.19862005848145434 0.18530463045820147 0.17260677347697206  
    0.16052261746949678 0.14904625829347073 0.1381698393256921  
    0.12788365023938633 0.11817623627617241 0.10903452153836167  
    0.10044394123348649 0.09238858326793097 0.08485133549895083  
    0.07781403779391843 0.0712576353975466 0.0651623314104422  
    0.05950773542938752 0.054273005316397456 0.04943697810051459  
    0.04497828613034243 0.0408754526295612 0.03710696112325717  
    0.03365128852282332 0.03048689206083234 0.027592133595613282  
    0.02494512133681967 0.02252344327287848 0.020303761916786726  
    0.018261242118300786 0.01636880553409051 0.014596274294456158  
    0.012909644215715648 0.011271122017999576 0.009641314694797412  
    0.00798611231281884 0.0062917071741822 0.004589183483161033  
    0.002979584751841122 0.0016290349088463477 0.0006953970673808348  
    0.00020950293545872285 3.8745809003613716e-05 3.534422750454552e-06  
    1.030338932873314e-07 2.874656064838632e-10 1.1467968344403823e-16 
  DENSITY_IMP_1 = 0.525940143 0.52519138 0.5243843592 0.5235198354  
    0.5225985632 0.521621297 0.5205887914 0.5195018008000001  
    0.5183610798 0.5171673830000001 0.5159214648 0.5146240798  
    0.5132759826000001 0.5118779276000001 0.5104306694 0.5089349624  
    0.5073915612 0.5058012204 0.5041646946 0.502482738 0.5007561054  
    0.4989855512 0.4971718302 0.4953156964 0.49341790480000003  
    0.49147920980000004 0.48950036580000006 0.4874821274 0.485425249  
    0.4833304854 0.481198591 0.4790303204 0.4768264278  
    0.47458766820000003 0.4723147958 0.4700085652 0.46766973100000003  
    0.4652990476 0.46289726960000005 0.4604651516 0.4580034478  
    0.4555129131999999 0.452994302 0.450448369 0.44787586840000004  
    0.44527755480000003 0.4426541828 0.44000650680000003 0.4373352814  
    0.4346412612 0.4319252004 0.4291878534 0.426429975 0.423652319  
    0.42085563980000007 0.41804069140000005 0.41520822780000005  
    0.41235900200000003 0.409493767 0.4066132746 0.40371827600000004  
    0.4008095194 0.3978877512 0.3949537128 0.3920081398 0.389051758  
    0.3860852792 0.38310939380000003 0.3801247606 0.3771319911999999  
    0.37413162640000003 0.3711241014 0.3681096938 0.36508844600000007  
    0.36206004960000004 0.359023672 0.35597770079999996 0.3529193594  
    0.34984413940000003 0.3467449566 0.34361090079999995  
    0.34042539439999997 0.3371634915999999 0.33378795340000006  
    0.33024362160000004 0.32644952359999996 0.32228816860000004  
    0.3175918768 0.31212714340000003 0.30558081340000004 0.2975572208  
    0.2876037672 0.2752903654 0.2603638756 0.24296121419999978  
    0.2237866851999998 0.2040954806 0.1853915829 0.16896303078  
    0.15553276096 0.14520249624 
  DENSITY_IMP_2 = 0.013148503575 0.0131297845 0.013109608980000001  
    0.013087995885 0.01306496408 0.013040532425000001 0.013014719785  
    0.012987545020000001 0.012959026995000001 0.012929184575  
    0.01289803662 0.012865601995 0.012831899565 0.01279694819  
    0.012760766735000002 0.012723374059999999 0.01268478903  
    0.01264503051 0.012604117365 0.01256206845 0.012518902635  
    0.01247463878 0.012429295755 0.01238289241 0.01233544762  
    0.012286980245 0.012237509145 0.012187053185 0.012135631224999999  
    0.012083262135 0.012029964775 0.01197575801 0.011920660695000002  
    0.011864691705000001 0.011807869895 0.01175021413  
    0.011691743275000001 0.011632476190000001 0.011572431740000002  
    0.01151162879 0.011450086195 0.011387822829999998  
    0.011324857550000001 0.011261209225 0.011196896710000001  
    0.011131938870000002 0.011066354569999999 0.01100016267  
    0.010933382035 0.01086603153 0.01079813001 0.010729696335  
    0.010660749375 0.010591307975 0.010521390995000001  
    0.010451017285000001 0.010380205695 0.01030897505  
    0.010237344175000001 0.010165331865 0.010092956900000002  
    0.010020237985 0.009947193779999999 0.009873842820000001  
    0.009800203495 0.009726293950000001 0.00965213198 0.009577734845  
    0.009503119015 0.009428299779999998 0.009353290660000001  
    0.009278102535 0.009202742345 0.009127211150000002 0.00905150124  
    0.0089755918 0.00889944252 0.008822983985000001  
    0.008746103485000002 0.008668623915 0.00859027252 0.00851063486  
    0.008429087289999998 0.008344698835 0.00825609054 0.00816123809  
    0.008057204215 0.00793979692 0.007803178585000001 0.007639520335  
    0.00743893052 0.00719009418 0.006882259135 0.006509096890000001  
    0.006074030354999994 0.005594667129999995 0.005102387014999999  
    0.0046347895725 0.0042240757695 0.003888319024 0.003630062406 
  DENSITY_TH = 23.185453530961983 23.16110941546237 23.134932844031365  
    23.106934439792752 23.0771242917875 23.045511942261545  
    23.01210641389318 22.976916179804363 22.939949184572924  
    22.901212834096015 22.860713981382077 22.8184589479166  
    22.774453516144316 22.728702920215873 22.68121186851523  
    22.631984532625047 22.581024572521603 22.52833513878205  
    22.47391888608281 22.417777974145626 22.359914126002046  
    22.3003286148709 22.23902232012153 22.175995713480837  
    22.111248968490898 22.044781932820722 21.976594206095  
    21.906685191275294 21.835054139999578 21.761700239599843  
    21.686622647728267 21.609820587986803 21.531293408677183  
    21.45104071616172 21.369062395253987 21.285358761434217  
    21.199930639751436 21.112779462222203 21.023907395526184  
    20.93331743947651 20.841013531583553 20.74700070974795  
    20.651285161806545 20.553874402774944 20.454777337276717  
    20.35400441648247 20.25156772833524 20.14748109189347  
    20.0417601715468 19.934422555852393 19.82548781842616  
    19.714977612428775 19.60291573554095 19.48932810866175  
    19.37424287672394 19.25769037640972 19.139703151303546  
    19.020315887691797 18.89956542454803 18.77749064702551  
    18.65413244640653 18.529533526729303 18.40373836190061  
    18.276792937383828 18.14874458964664 18.019641687616517  
    17.889533295472066 17.75846868073605 17.62649668715108  
    17.493664854742452 17.360018168169557 17.225597287275612  
    17.0904359834186 16.95455739434949 16.817968523989652  
    16.680652070770435 16.542554453636743 16.403567875532172  
    16.263503900494168 16.122054220049385 15.978732583423177  
    15.832789300907121 15.683085859353211 15.527912687486701  
    15.36472787048591 15.189790287375542 14.997661808329285  
    14.780570539942001 14.527680389160201 14.224440271792183  
    13.852435851585817 13.390556273856838 12.818669183753158  
    12.124818471161154 11.315223154297607 10.422655360254533  
    9.505708263135995 8.63460943914475 7.869453055544605  
    7.243938341424534 6.762806262377999 
  NI = 21.33615625512397 21.323109142924743 21.309170190142737  
    21.294324714545503 21.278556975254993 21.261850147323095  
    21.244186357146347 21.22554664152873 21.20591097066585  
    21.185258237392027 21.16356623828415 21.1408116973532  
    21.11697026052863 21.09201648667175 21.065923873590457  
    21.038664855010094 21.010210831923207 20.9805321865241  
    20.949598309205612 20.917377619491255 20.883837634964085  
    20.8489449926218 20.81266552272307 20.77496427832168  
    20.735805668501797 20.69515347916144 20.652971000110004  
    20.60922111831059 20.56386642759916 20.516869374159683  
    20.468192363856534 20.417797924933613 20.36564885407436  
    20.311708426003438 20.255940510427973 20.19830981934843  
    20.138782083902864 20.077324258684403 20.01390475809237  
    19.948493662793023 19.8810629478871 19.811586751175913  
    19.740041548413085 19.666406441149892 19.590663338713426  
    19.512797224484938 19.432796355390483 19.35065246010694  
    19.266360948453606 19.179921078584787 19.09133609781233  
    19.000613403017553 18.907764661081902 18.8128058329235  
    18.715757298967883 18.616643842179432 18.515494659327093  
    18.4123432801836 18.307227539896058 18.20018942309101  
    18.09127495521306 17.980533930018613 17.868019766681225  
    17.753789145487655 17.637901724813275 17.52041969443303  
    17.401407301024136 17.2809302165921 17.15905476974216  
    17.035846928364904 16.911370919699117 16.785687347911225  
    16.658850541957204 16.530904759098973 16.401878687019313  
    16.271777354340877 16.140570349193485 16.00817424362435  
    15.874426765548337 15.739048505938774 15.601586288766358  
    15.461329828374241 15.317189518546424 15.1675187931334  
    15.00985935281182 14.840583251391086 14.65440679129857  
    14.443767744204001 14.198108752480405 13.903233825744364  
    13.541147993091636 13.091173228993677 12.533516974466316  
    11.856316463762308 11.065492512675227 10.193064504989074  
    9.296471649711991 8.4445795322495 7.6962658459612125  
    7.084517261153069 6.613973703731999 
  NZ = 1.8492972758380146 1.8380002725376283 1.8257626538886311  
    1.8126097252472475 1.798567316532503 1.7836617949384512  
    1.7679200567468267 1.751369538275634 1.7340382139070745  
    1.7159545967039873 1.697147743097924 1.6776472505633995  
    1.6574832556156878 1.6366864335441245 1.615287994924773  
    1.5933196776149539 1.5708137405983953 1.547802952257949  
    1.5243205768771955 1.5004003546543705 1.4760764910379576  
    1.451383622249101 1.4263567973984643 1.4010314351591597  
    1.3754432999891015 1.349628453659281 1.3236232059849988  
    1.2974640729647051 1.2711877124004192 1.2448308654401596  
    1.2184302838717338 1.1920226630531932 1.1656445546028193  
    1.1393322901582812 1.113121884826014 1.087048942085786  
    1.0611485558485685 1.035455203537799 1.0100026374338151  
    0.9848237766834875 0.9599505836964516 0.9354139585720407  
    0.9112436133934583 0.8874679616250523 0.864113998563288  
    0.8412071919975321 0.8187713729447573 0.796828631786531  
    0.7753992230931962 0.7545014772676066 0.7341517206138342  
    0.7143642094112216 0.6951510744590472 0.6765222757382481  
    0.6584855777560588 0.6410465342302846 0.6242084919764543  
    0.6079726075082015 0.5923378846519721 0.5773012239344968  
    0.5628574911934708 0.5489995967106921 0.5357185952193863  
    0.5230037918961725 0.5108428648333616 0.49922199318348653  
    0.488125994447931 0.47753846414395085 0.46744191740891844  
    0.4578179263775465 0.44864724847044224 0.43990993936438755  
    0.4315854414613975 0.4236526352505146 0.41608983697034246  
    0.40887471642956125 0.40198410444325716 0.39539363190782334  
    0.38907713494583235 0.3830057141106133 0.3771462946568196  
    0.3714594725328784 0.3658963408067867 0.3603938943533008  
    0.35486851767409056 0.3492070359844561 0.3432550170307157  
    0.3368027957379996 0.32957163667979744 0.32120644604781884  
    0.3112878584941822 0.29938304486316103 0.28515220928684115  
    0.2685020073988464 0.2497306416223806 0.22959085526545853  
    0.2092366134240036 0.19002990689525043 0.1731872095833933  
    0.1594210802714656 0.14883255864600012 
  DENSITY_HE = 1.3025602443021178 1.2920712229676021 1.2807049568321247  
    1.2684859664740777 1.255439300686799 1.2415905471108417  
    1.2269658246308206 1.2115917910868454 1.1954956387712634  
    1.1787051040307368 1.1612484606876854 1.1431545229267224  
    1.1244526428845127 1.1051727053494016 1.0853451278713944  
    1.0650008525243935 1.0441713356218714 1.0228885340650749  
    1.0011849003298898 0.9790933531070336 0.9566472665174476  
    0.9338804390709627 0.9108270743029196 0.8875217336531289  
    0.8639993161850215 0.8402950053600756 0.81644422452569  
    0.7924825885901514 0.7684458454751443 0.7443698095920536  
    0.7202903010703625 0.6962430638320694 0.6722636901205425  
    0.6483875374885916 0.624649634197196 0.6010845859114544  
    0.5777264785590845 0.554608768332362 0.5317641798302255  
    0.5092245899209982 0.4870209153946348 0.4651830013264327  
    0.44373950079882596 0.42271776353607116 0.4021437193152791  
    0.38204177019092317 0.3624346824499751 0.34334348586912955  
    0.32478737977373323 0.306783647134041 0.28934757719806925  
    0.27249240116839146 0.2562292383423662 0.24056705450643176  
    0.22551263740935074 0.21107058436725384 0.19724330670684997  
    0.1840310495396988 0.1714319288511014 0.15944198310477584  
    0.14805524169867187 0.13726380700227242 0.12705795284533977  
    0.11742623338266353 0.10835560595572463 0.09983156225670461  
    0.09183826855634442 0.08435871172574537 0.07737484948321852  
    0.07086776198601803 0.06481780214431268 0.05920474243204268  
    0.05400791424253571 0.04920633665005181 0.044778830448024165  
    0.0407041113310068 0.036960857276101766 0.03352773939871956  
    0.030383406937623324 0.027506409353882103 0.02487503580925241  
    0.02246704637812159 0.02025926411750183 0.018226999989466062  
    0.01634330391740555 0.014578104901850884 0.012897481693699479  
    0.011263700496523477 0.009637412807121458 0.00798456211814829  
    0.006291448056882112 0.004589372458373248 0.0029797264301213147  
    0.0016290174005247312 0.0006953308216905098 0.00020947443161966744  
    3.874410490323397e-05 3.5353043572921407e-06 1.0310508964684913e-07  
    2.876430789704052e-10 1.1358898904713262e-16 
  BETAN_TH_TARGET = 2.5939534537885547 
  BETAN_TH = 2.5929761896518646 
  PMHD = 1186836.4517579896 1181392.0573984517 1175484.8267715517  
    1169126.2688701483 1162328.022764828 1155101.8467254972  
    1147459.6089199372 1139413.2760567686 1130974.9043420858  
    1122156.6292023372 1112970.6551296616 1103429.2472146843  
    1093544.7215071456 1083329.4355415755 1072795.7804318774  
    1061956.1714779607 1050823.0406511698 1039408.8280510374  
    1027725.9739974255 1015786.9105740694 1003604.0560650872  
    991189.8058082728 978556.526604898 965716.5476508815  
    952682.1572945829 939465.5934859284 926079.0387966596  
    912534.6145451666 898844.3742517665 885020.2989722864  
    871074.2902669883 857018.1657793747 842863.6529538628  
    828622.3858734515 814305.8973581492 799925.6161273106  
    785492.8610865783 771018.8361417977 756514.6260445074  
    741991.1911528647 727459.3621118094 712929.8368204826  
    698413.1731040758 683919.7859903286 669459.9409281121  
    655043.7503004174 640681.1677130413 626381.9825505185  
    612155.8153050487 598012.1119421343 583960.1379548392  
    570008.9737107375 556167.5091404633 542444.4363075976  
    528848.2458997816 515387.2202963924 502069.4284730653  
    488902.71924804826 475894.7170438992 463052.81511225476  
    450384.1710442412 437895.6990561025 425594.0665723915  
    413485.68615675013 401576.71037126175 389873.0234696625  
    378380.23314585094 367103.65915414697 356048.3190933831  
    345218.90850955155 334619.7723824894 324254.8641681498  
    314127.6854450842 304241.19624532247 294597.68120159843  
    285198.5480179774 276044.0269544628 267132.715630221  
    258460.89717764466 250021.51298051432 241802.61809551597  
    233785.06669904976 225939.05535666703 218219.0002329866  
    210556.04146126818 202847.30611056503 194941.08091040113  
    186617.6512864849 177567.61588993753 167374.66266293527  
    155520.36893376237 141445.31732126558 124715.04575315607  
    105318.60962320643 84017.09129039258 62467.12147272715  
    42799.84158070408 26744.107753833745 14942.432464143174  
    6981.06839860349 1925.8294328277839 
/

&INMETRIC
  IP = 8100000.004 
  BCENTR = 7.0 
  RMAJOR = 4.364140559931086 4.364034079575605 4.363721544731846  
    4.363204667262389 4.362482441074939 4.36156126588371  
    4.360442670068336 4.359132809815316 4.357635818150771  
    4.355956931600158 4.354101573268972 4.352074824974741  
    4.349881713436925 4.34752792683212 4.345018847715332  
    4.342360625449053 4.339558954165459 4.336620380886214  
    4.333551928327664 4.330359869072867 4.327050937562222  
    4.323631934143732 4.3201098579650985 4.316491388057129  
    4.3127836426591735 4.308993317946759 4.305127085682646  
    4.3011917947988 4.297193820203985 4.293139437235023  
    4.289035035370029 4.284886765844023 4.280700709827769  
    4.276482783409727 4.272238028961356 4.267970983675845  
    4.263685837181633 4.259386309808325 4.25507581666895  
    4.250757551369051 4.246434387407225 4.2421089572757555  
    4.237783722773414 4.233460867511537 4.229142436408155  
    4.224830393135384 4.220526404383391 4.216232094305404  
    4.211948954953594 4.207678340873214 4.203421498863504  
    4.1991795976420505 4.194953707627264 4.190744803645674  
    4.186553756915097 4.182381490470947 4.178228707284852  
    4.174096087892041 4.169984338500511 4.16589400321217  
    4.1618256214433895 4.157779749759395 4.153756892309298  
    4.149757439521432 4.145781675694412 4.141829778108833  
    4.137901929365983 4.133998676813597 4.1301189967110545  
    4.126261469398383 4.122424330561626 4.118605888784251  
    4.114803930241428 4.111016299767982 4.10724096716761  
    4.103475994677533 4.099719664964068 4.095970609175797  
    4.092227865728446 4.088491130181499 4.084760413962046  
    4.081036437418554 4.077320570342073 4.073615026913447  
    4.069921436017568 4.066241390600355 4.062577571728568  
    4.0589336314348525 4.055309801779335 4.051704326249841  
    4.048112326892247 4.044523494666818 4.040915792696486  
    4.037263302893633 4.033546647773294 4.0297573456798546  
    4.025912283760878 4.0220602678432735 4.01826237058505  
    4.014610477971377 4.011278319117022 
  AMINOR = 1.3391011086422657 
  KAPPA = 1.8917581305715259 1.8907577425972446 1.887756578674401  
    1.8857184706931527 1.882760514008897 1.8791705736582809  
    1.8750073032551857 1.870315589999978 1.8652386147735347  
    1.8598551330262518 1.8542656764827905 1.8485811750632943  
    1.842875270628581 1.8372169909512341 1.8316571839208893  
    1.8261984845625783 1.8208125953059737 1.8154954586319727  
    1.8102467087958523 1.8050666563176043 1.7999619673824958  
    1.794936839653286 1.7899984483478295 1.7851532412269588  
    1.780405300545529 1.7757621704636195 1.7712290388515035  
    1.7668113675527743 1.762515090986635 1.7583438862376257  
    1.7543025586209424 1.750394738951703 1.746625388327217  
    1.7429977182457508 1.7395118631623816 1.7361683305362041  
    1.7329656095930257 1.7299029241683666 1.7269786883893818  
    1.7241903227276507 1.7215363727818014 1.7190141363167117  
    1.716621485016524 1.71435622326947 1.7122157339919826  
    1.7101981602029235 1.708300919746526 1.7065221489738465  
    1.7048598731048719 1.7033117765872816 1.7018764889369578  
    1.700551995368924 1.699336678328577 1.69822929810962  
    1.6972281084613567 1.6963321033954906 1.695539995592148  
    1.6948507090213822 1.6942636311856356 1.6937777957368911  
    1.693392572943586 1.6931069409358126 1.6929204889833183  
    1.6928342010138397 1.6928486736078425 1.6929624302506092  
    1.693172099797428 1.6934803470474789 1.6939020604400086  
    1.6944485567660414 1.6951380197521122 1.6959926212510783  
    1.697033412053561 1.698286716580723 1.6997787740508539  
    1.7015375031375677 1.703593824440136 1.7059805405277957  
    1.7087314992808362 1.711886064939226 1.7154838232378133  
    1.719571280109108 1.7241956348794532 1.7294089837680207  
    1.7352744976355141 1.7418670992237526 1.7492567862203898  
    1.757477229750571 1.766552711344989 1.7764697266917762  
    1.7871734261008159 1.798512405225357 1.8102938460174673  
    1.8222773263399863 1.8343473917799502 1.846576516980144  
    1.8593871358922167 1.8735048350701717 1.8902819350365776  
    1.9119429392306704 1.9452893003263954 
  DELTA = 0.0 0.008746525894292987 0.017553995333991552  
    0.026248316424784326 0.03468481965836948 0.04291575977344082  
    0.05086386376812845 0.058520394549963384 0.06585894573726168  
    0.07286615718797258 0.07955882347933851 0.08595544820436063  
    0.09208586629519552 0.09797019856199451 0.10360773345809593  
    0.10900004494404066 0.11414863118971108 0.11905582966834387  
    0.12372283732956628 0.1281624386023752 0.1323857827718818  
    0.13640281294468393 0.14022345070873013 0.1438575183032609  
    0.14731666580192534 0.15060928401871893 0.15374459911099447  
    0.1567336557184026 0.15958722603677358 0.16231410518120573  
    0.16492156271134017 0.16742073261723456 0.16982329961525044  
    0.1721369745151041 0.17436930712445617 0.1765310012429411  
    0.17863166409873601 0.18068105841804358 0.18268638748219695  
    0.18465475596121245 0.18659267021834197 0.18850611014370042  
    0.19040033613833787 0.19228035507739547 0.19415039628837388  
    0.19601420094058633 0.1978764300530441 0.19973963483340673  
    0.20160732990685445 0.20348232380562117 0.20536690170579686  
    0.20726415200735743 0.20917556631161371 0.2111039401025644  
    0.2130512620478869 0.21501912739963175 0.2170094812728013  
    0.21902357384755408 0.2210645528559738 0.22313362016437938  
    0.22523198690525975 0.22736113619962425 0.22954206723155202  
    0.23177692768013616 0.23404945064837887 0.23636234935166517  
    0.23871994195046217 0.24112249863800378 0.2435887857375981  
    0.24614145167282903 0.24880478860809807 0.2516063009139245  
    0.25457476855467465 0.2577414478969114 0.2611386216484197  
    0.26480361349892145 0.2687751033104423 0.2730901783818728  
    0.2777949388130375 0.2829330746887748 0.28855924974575686  
    0.2947424741304852 0.3015319301042834 0.30900346229191006  
    0.3172466724056525 0.32638415011405064 0.33650526342689674  
    0.347633753857268 0.3597081810937617 0.3725681665643555  
    0.385947169443471 0.3994856162653711 0.41278763138629837  
    0.425666181455012 0.438122348388558 0.45032392526204607  
    0.4629131380252398 0.4765659774905624 0.49250893028217546  
    0.5129247141201139 0.5459355084058403 
  NRHO = 101 
  RHOB = 1.8322495207404765 
  RHO = 0.0 0.01 0.02 0.03 0.04 0.05 0.06 0.07 0.08 0.09 0.1 0.11 0.12  
    0.13 0.14 0.15 0.16 0.17000000000000004 0.18 0.19 0.2 0.21 0.22  
    0.23 0.24 0.25 0.26 0.27 0.28 0.29 0.3 0.31 0.32 0.33  
    0.3400000000000001 0.35 0.36 0.37 0.38 0.39 0.4 0.41 0.42 0.43 0.44  
    0.45 0.46 0.47000000000000003 0.48 0.49 0.5 0.51 0.52 0.53 0.54  
    0.55 0.56 0.57 0.58 0.59 0.6 0.61 0.62 0.63 0.64 0.65 0.66  
    0.6700000000000002 0.6800000000000002 0.69 0.7 0.71 0.72 0.73 0.74  
    0.75 0.76 0.77 0.78 0.79 0.8 0.81 0.82 0.83 0.84 0.85 0.86 0.87  
    0.88 0.89 0.9 0.91 0.92 0.93 0.9400000000000001 0.95 0.96 0.97 0.98  
    0.99 1.0 
  VOLP = 0.0 3.4886803695540642 6.974499202080898 10.454649033742784  
    13.926374172297203 17.38708728265621 20.83426979510351  
    24.265616948573626 27.67892037813976 31.07213006680414  
    34.44333002906833 37.79069633975921 41.11253572731697  
    44.407281611076435 47.67356341603002 50.91025966571258  
    54.11643354435347 57.29129689075313 60.4341506906774  
    63.544407294541095 66.62167891611153 69.66575219782958  
    72.67648022984518 75.65384766468748 78.59798274659259  
    81.50906780331826 84.38739613867797 87.23334960574714  
    90.04729704259114 92.82968906037328 95.58124162532997  
    98.30283214900327 100.99509430871555 103.65825756717345  
    106.29252024692804 108.89819256182086 111.47555993009404  
    114.02491847069135 116.54658292558359 119.04086361057131  
    121.5080421063142 123.9484199005835 126.36229792081485  
    128.74995170083727 131.11167409699195 133.44774175951898  
    135.7584176509711 138.0439741913568 140.3046523431746  
    142.54070255407012 144.75235628931756 146.9398471103652  
    149.1033894157349 151.24314843940417 153.35936332202516  
    155.45223974874582 157.52188038378392 159.5684596148594  
    161.5921122922462 163.59291963877172 165.57108839794302  
    167.5268800971137 169.46035857875535 171.3712019743735  
    173.25934972785353 175.12493061788823 176.9671584332854  
    178.78254491590135 180.5648480497108 182.3086898461736  
    184.01067812058162 185.66665707073992 187.27239130783653  
    188.82476538130612 190.32069466727665 191.75746801461173  
    193.13284769542628 194.445128609463 195.69301059725186  
    196.87562661788604 197.99270042838774 199.0431087274642  
    200.02606949875693 200.9410170063157 201.7834696305225  
    202.55468336964134 203.2702943869081 203.94058787743833  
    204.55907660913905 205.10454342145286 205.55591809357676  
    205.9022855031883 206.13455572002053 206.25652866237752  
    206.28907599037058 206.2359280392676 206.11366038767312  
    205.89201538895702 205.54522472166695 204.61218098612056  
    202.75392443108225 
  IPOL = 0.9869897780357142 0.986997772586901 0.9870217437646693  
    0.9870616543940329 0.9871174374747977 0.9871889914663086  
    0.9872761718475063 0.9873787824593778 0.9874965649871589  
    0.9876291883443948 0.9877762455776483 0.987937256639067  
    0.9881116614905632 0.988298812711665 0.9884979332002019  
    0.9887081787117604 0.9889287072060946 0.9891586543307042  
    0.9893971009330345 0.9896431551410738 0.989895869066579  
    0.9901542870108924 0.9904174332926218 0.9906843445113449  
    0.9909540527699607 0.9912256082756353 0.991498077081193  
    0.9917705265787025 0.9920420873786857 0.9923119371208884  
    0.9925791370099666 0.9928425913211785 0.99310154711749  
    0.9933556976738815 0.9936046974353576 0.9938481927772483  
    0.9940858609325853 0.994317390318997 0.99454248271643  
    0.9947608574408443 0.9949722495039082 0.995176408958174  
    0.995373096682941 0.9955620967605514 0.9957432041424206  
    0.9959162296396386 0.996081004151753 0.9962373656759537  
    0.9963851788908704 0.9965243140797412 0.9966546684203877  
    0.9967761430331573 0.9968886643793449 0.9969921706981215  
    0.9970866153050046 0.9971719725078108 0.9972482277395978  
    0.9973153811757005 0.9973734534902872 0.9974224809871591  
    0.9974625084324353 0.9974936021220059 0.9975158461464719  
    0.9975293361130773 0.9975341774035573 0.9975305301351589  
    0.9975191720495127 0.9975019356439483 0.9974811813605036  
    0.9974591736645466 0.9974380006735013 0.9974195448919778  
    0.9974054435502552 0.9973970707208493 0.9973955199182389  
    0.9974015834756537 0.9974157632186038 0.9974382658322722  
    0.9974690421118613 0.9975077950466285 0.9975540568105117  
    0.9976072382137553 0.9976667455886541 0.9977320717645805  
    0.997803095142429 0.9978798754922489 0.9979607878071778  
    0.9980451519643442 0.9981357276446792 0.9982368290258206  
    0.9983539096072586 0.9984931562382269 0.9986600038578106  
    0.998855858707929 0.9990741816558965 0.999298822689408  
    0.99950797065318 0.9996842454585988 0.9998217561870797  
    0.9999242561482343 0.9999963941717145 
  G11 = 0.0 3.8103234596995734 7.621714230427915 11.438075016077445  
    15.263049314584867 19.095909104136595 22.937573759837196  
    26.78757321947435 30.64510730510179 34.512701851514805  
    38.38673894461518 42.26952582915515 46.17409100077381  
    50.10112941641429 54.05352131872386 58.034095916743  
    62.02862752092781 66.04963018825181 70.08567583746229  
    74.13067015024856 78.19523224864628 82.27289537890891  
    86.36594767179061 90.4685375118629 94.5819876043016  
    98.70148106169971 102.82781754684983 106.95859600488349  
    111.09139362805178 115.22469477684277 119.35593302996998  
    123.48407753781963 127.60797223526173 131.72712433165736  
    135.84287381220702 139.9558590720466 144.06623817463316  
    148.17455545811515 152.28141855247554 156.3874669644821  
    160.4940725368095 164.60201270318186 168.7080256797932  
    172.8140617293687 176.92658838788276 181.03780243399956  
    185.1514587652273 189.27142662432775 193.39217310551018  
    197.51966469403195 201.6523547518741 205.78897505560948  
    209.93541925128645 214.08638819954012 218.2461416445377  
    222.41826920233854 226.59472052815406 230.78449080473305  
    234.98863894752782 239.20348834966708 243.43089019996356  
    247.67250228759144 251.93126663170017 256.20860008988353  
    260.5050054939147 264.82238914606415 269.1678469313084  
    273.5647076032018 278.0503176080185 282.656829560701  
    287.408982445572 292.33338347130905 297.4576392867496  
    302.8077523776334 308.4102657823643 314.29342053430094  
    320.4876198921185 327.0236027947699 333.93433863012234  
    341.2555964309708 349.0259192159011 357.29444020871665  
    366.11442507761257 375.54865591455956 385.6781158403207  
    396.54089598602405 408.0388981067176 420.0217077682509  
    432.41975406196434 445.21659525488764 458.2552515681475  
    471.32628316659077 484.2205296285443 496.9223491485939  
    509.9599075141746 524.3033108741533 541.532934933697  
    563.3448820180462 594.1553428945792 642.8693073772248  
    731.3531825844783 
  G22 = 0.0 0.020270533270680183 0.04054698174289269 0.0608502914651386  
    0.08120029270403076 0.10159397315395631 0.12203696735571999  
    0.14252828437970574 0.1630649067020952 0.1836619332424202  
    0.20430180712402557 0.22499835725449457 0.2458226804823211  
    0.2667803307103172 0.2878891698644111 0.3091677056668216  
    0.330543943138264 0.35208828416377536 0.3737431652530739  
    0.3954796572412449 0.41735835102269125 0.43934931637749874  
    0.46146875937037724 0.4836898522292689 0.5060243487270574  
    0.5284507355430695 0.5509779259596941 0.5735976481069388  
    0.5963008619903923 0.6190837028303962 0.6419379808180209  
    0.6648640922803578 0.6878596918119815 0.7109233783079328  
    0.7340632487521654 0.7572844603433038 0.780589537464134  
    0.8039829485045058 0.8274698514168957 0.8510555354748794  
    0.8747489204069621 0.8985560820652474 0.9224609633892581  
    0.9464758313924397 0.9706378735682869 0.9949060152259795  
    1.0193026264533784 1.043850622900244 1.0685212646842996  
    1.0933492200952217 1.1183275325057673 1.1434510721502937  
    1.168754160460557 1.1942087441600484 1.2198407581723778  
    1.2456719239778635 1.271658554308199 1.2978528976801627  
    1.3242624410620627 1.3508680646274067 1.3776826550654802  
    1.4047184006396536 1.4319930562511456 1.4595130434631096  
    1.4872831772666617 1.5153185057415688 1.5436528400383818  
    1.5723796865926316 1.6016540370073182 1.6316155970050235  
    1.662373347578023 1.694047171955043 1.7267642146311226  
    1.7606489769535638 1.7958325658664926 1.8324588808415143  
    1.8706867746313274 1.9106820117304428 1.952629857874398  
    1.996737814115386 2.043229368978799 2.092382626394528  
    2.1445112366577943 2.199979224628418 2.2592382548880616  
    2.322561314237917 2.389650528949067 2.4598869689503813  
    2.532857946708363 2.608263441108843 2.684928639795394  
    2.7614969247159094 2.8367433303630625 2.910592682500844  
    2.986148202871546 3.0690710705976167 3.1687048979979804  
    3.2945829643734923 3.473088886436125 3.753269864339945  
    4.2717500200150225 
  G33 = 0.8400836316626523 0.8401931934247192 0.8405176668812775  
    0.8410547351243256 0.8418021953377756 0.8427525425939378  
    0.8439016424075851 0.845241485045671 0.846766301579594  
    0.8484697559366916 0.8503458983674088 0.8523899916771824  
    0.8545972725548519 0.856963076783572 0.8594816166278081  
    0.8621453933101962 0.8649466334807283 0.8678778719643883  
    0.8709327061630959 0.8741051274197589 0.8773882844550224  
    0.8807748913169882 0.8842585746448445 0.8878328597436529  
    0.8914910112749801 0.8952269831566502 0.8990346527682673  
    0.902908026797875 0.906842142465493 0.9108319695060615  
    0.9148707671632681 0.918951273314036 0.9230689863382735  
    0.9272231204084646 0.9314133305156714 0.9356384161506459  
    0.9398975167389403 0.9441897803263269 0.9485143119171482  
    0.9528703318352727 0.9572573609559378 0.9616748192149066  
    0.9661221803083989 0.9705991422114071 0.975105305545729  
    0.9796404131330689 0.9842043147793386 0.9887968104460463  
    0.9934179153222581 0.998067579493906 1.0027458742438267  
    1.0074528463311365 1.0121886597247722 1.0169537856302482  
    1.0217481787289713 1.0265719924162902 1.0314260404079976  
    1.036310627264105 1.0412262803560457 1.0461738376046128  
    1.051153303954291 1.0561643135208203 1.0612077304547676  
    1.0662867769674218 1.0714029630474968 1.0765565560325392  
    1.0817527856057627 1.0870120061290236 1.0923701276452535  
    1.0978572109828004 1.1034911093658402 1.1092942714884513  
    1.1152897300245805 1.121494105902211 1.1279242638828104  
    1.134595403427277 1.1415205692518764 1.148710382153172  
    1.1561738252768443 1.1639181151832925 1.171947710706935  
    1.1802727631733956 1.188902007759816 1.197843385224723  
    1.2071284336747001 1.2167549346887647 1.2266364742861389  
    1.2367168810041187 1.2470369439384785 1.2577267192779014  
    1.2689173592944623 1.2806801807573152 1.293079288472423  
    1.306105960103974 1.3196537549779588 1.3337364662712696  
    1.3482928610309637 1.3635633029480505 1.3797548458257687  
    1.400046218957619 1.4270461871454847 
  GRADRHO = 1.0681046925109368 1.0226442159020144 1.022767098692286  
    1.023077497072354 1.023673384587032 1.0243309958647542  
    1.0250734520592282 1.0258751066121847 1.026695830190062  
    1.0275834206292263 1.0284649397084846 1.029370277965195  
    1.0304448546460983 1.0316628205473146 1.033038071766674  
    1.0346003690734042 1.0362248332580943 1.038013259432942  
    1.0398678611401277 1.0417494605099191 1.04373988054136  
    1.0457992860739829 1.0479445375345091 1.0501438965086836  
    1.0524107337039859 1.05472035683337 1.0570827189544003  
    1.0594885944514745 1.061928026660776 1.0643976529849923  
    1.066890519401184 1.069406913647376 1.071942548076249  
    1.0744932917677625 1.0770616366340462 1.0796478222125423  
    1.082250929509743 1.0848703797672068 1.08750697969934  
    1.0901612737646842 1.0928353301488798 1.0955301530874912  
    1.098232688445571 1.1009480199121249 1.1036948298521485  
    1.1064461718972594 1.1092127248942767 1.1120037325835779  
    1.1148010830980541 1.117620731153447 1.120455912812993  
    1.1233019366435815 1.12617299149823 1.1290527394801182  
    1.1319515046410502 1.1348763020462476 1.1378049010230673  
    1.1407585895899355 1.143737558563798 1.1467313873942266  
    1.1497432508161436 1.1527753266770882 1.1558317470684965  
    1.1589127186552308 1.1620197589117223 1.1651581443138423  
    1.1683342007379118 1.1715652327488575 1.174893282191356  
    1.1783590705478528 1.181981455570301 1.18578727595585  
    1.1898068139498061 1.1940589152321643 1.1985645022905815  
    1.2033437120873687 1.2084131835451042 1.2137869370427103  
    1.219479051026564 1.225503336094184 1.2318681172454395  
    1.2385896075987566 1.2456919681375964 1.2531962597643826  
    1.2611540090941258 1.2695461042311502 1.278307133954134  
    1.2874248511474773 1.296941136190308 1.3070209147845668  
    1.3177595301512597 1.3292503789669312 1.3416420462780918  
    1.354782861222285 1.3685283216999702 1.382888961441082  
    1.398277011200524 1.4138927310872518 1.4337148825797073  
    1.4519569040420028 1.4781131417478912 
  AREA = 0.0 3.5769078941733063 7.148393544405938 10.716548822619004  
    14.277837884904129 17.83029407011589 21.372751020294903  
    24.903622894850376 28.42227992264069 31.92794529688103  
    35.42018703655857 38.89902641986656 42.36415544234028  
    45.815094719849796 49.25161693328835 52.673069938554555  
    56.07884752593666 59.46855931616319 62.84156279641587  
    66.1979550477237 69.53737030406074 72.85971563509942  
    76.16475824020654 79.45247984048365 82.72280427706313  
    85.9757761387415 89.21146473386145 92.42994766266202  
    95.63138127508401 98.81593087101835 101.98380465068045  
    105.1352429261388 108.27050704649524 111.38987547845  
    114.49359657386226 117.5819155021161 120.6550648117889  
    123.71327107032263 126.75675927549354 129.78573648163115  
    132.80040981272614 135.80097039319404 138.78761862083724  
    141.7605825391162 144.72002812566478 147.66612829123235  
    150.59911684961367 153.51913438748443 156.42638677957459  
    159.32105220763066 162.20329692099384 165.07331301039986  
    167.93127147259122 170.77733421146905 173.61170698418073  
    176.4345224206188 179.2459756698399 182.04624920430763  
    184.8354889624692 187.61387298661558 190.38157748486628  
    193.13878062095972 195.88565671274668 198.62238517683338  
    201.3491384965284 204.06606028992192 206.77329287024776  
    209.47104509850732 212.15964497545585 214.83944541320574  
    217.51084205788476 220.1743388080399 222.83043729970538  
    225.4797110150796 228.12282357610974 230.7605144897107  
    233.3936498607067 236.02325444676643 238.65052533411296  
    241.27689064233707 243.904047647237 246.5340307052337  
    249.16924801548836 251.81249884159985 254.46717142161833  
    257.13724245569927 259.8274061400262 262.54163478232266  
    265.28312019889165 268.05373817593346 270.85307263141704  
    273.6765823491257 276.5157828075672 279.35970830215354  
    282.2024347073375 285.0480115130764 287.9202042858383  
    290.86720945619595 293.9834087480765 297.45560350918  
    301.9137662244994 
  RMINOR = 0.0 0.01402836235689131 0.028070307547216622  
    0.042120688150618424 0.05619014919410947 0.07028284336840995  
    0.08440347363751854 0.09855614142744074 0.11274363742067983  
    0.12696721886608886 0.14122757812455689 0.15552432142319317  
    0.16985465978325687 0.18421499010681552 0.1986023009011153  
    0.213012887092356 0.22744587568682295 0.24190042623782304  
    0.25637434995234987 0.27086797336082213 0.28537889284759554  
    0.2999059735241816 0.31444686199818017 0.3289998828117999  
    0.3435630704710708 0.35813441927953193 0.3727118240253622  
    0.3872931984987893 0.4018764185760093 0.4164594581779508  
    0.43104034467831887 0.4456168550752633 0.4601867991639188  
    0.4747481049010325 0.4892989073704992 0.5038374600217126  
    0.5183621217209482 0.5328712799842885 0.5473634141564094  
    0.5618371680933223 0.5762911521327281 0.5907240343839733  
    0.6051346767087644 0.6195220460016939 0.6338849525964401  
    0.6482222979407879 0.6625333216929297 0.6768168792593214  
    0.6910721890212053 0.7052984108006684 0.7194946243216582  
    0.7336601146943986 0.7477941231507064 0.7618958000320626  
    0.7759646132720428 0.7899996599665182 0.8040003341976398  
    0.8179660365168004 0.8318959564456971 0.8457894489115516  
    0.8596459135351657 0.8734647554886317 0.8872452717026247  
    0.900986706655283 0.9146883298692228 0.9283495730168283  
    0.9419697642949187 0.9555473462942112 0.9690797453599878  
    0.9825625088556678 0.9959907852681686 1.0093586055695498  
    1.0226593918920335 1.0358859367919886 1.0490305357050769  
    1.0620850169398002 1.0750407332624048 1.0878885832287204  
    1.1006192037475893 1.1132228218712261 1.1256894039111982  
    1.1380085661757673 1.1501700468521465 1.1621631296582793  
    1.1739765978357646 1.1855999516779936 1.1970244393426244  
    1.2082458550867652 1.2192663482380983 1.2300949380480233  
    1.2407507497078418 1.25126208859191 1.2616564802747676  
    1.2719644523599283 1.282201332155129 1.2923557661688856  
    1.3023898059729673 1.312238084233349 1.321793939695957  
    1.3308729050883747 1.3391011086422657 
  SHIFT = 0.3641405599310863 0.36403407957560496 0.36372154473184626  
    0.363204667262389 0.3624824410749392 0.36156126588370974  
    0.36044267006833586 0.3591328098153159 0.3576358181507713  
    0.35595693160015784 0.35410157326897185 0.35207482497474096  
    0.3498817134369254 0.34752792683211986 0.3450188477153322  
    0.34236062544905277 0.3395589541654589 0.33662038088621404  
    0.33355192832766356 0.33035986907286663 0.32705093756222237  
    0.3236319341437319 0.3201098579650985 0.31649138805712873  
    0.31278364265917347 0.30899331794675877 0.30512708568264557  
    0.3011917947988003 0.29719382020398477 0.29313943723502334  
    0.28903503537002884 0.28488676584402306 0.2807007098277694  
    0.276482783409727 0.27223802896135574 0.2679709836758448  
    0.2636858371816331 0.2593863098083249 0.25507581666894996  
    0.250757551369051 0.24643438740722523 0.24210895727575554  
    0.23778372277341386 0.23346086751153727 0.22914243640815535  
    0.22483039313538367 0.22052640438339122 0.21623209430540413  
    0.211948954953594 0.20767834087321368 0.2034214988635039  
    0.1991795976420505 0.19495370762726427 0.19074480364567403  
    0.1865537569150968 0.18238149047094687 0.17822870728485185  
    0.17409608789204079 0.16998433850051065 0.16589400321216985  
    0.16182562144338952 0.15777974975939468 0.153756892309298  
    0.14975743952143183 0.14578167569441192 0.1418297781088329  
    0.13790192936598267 0.13399867681359723 0.13011899671105454  
    0.1262614693983828 0.12242433056162572 0.11860588878425116  
    0.1148039302414281 0.11101629976798222 0.10724096716761  
    0.10347599467753277 0.09971966496406814 0.09597060917579725  
    0.09222786572844566 0.08849113018149879 0.08476041396204614  
    0.08103643741855393 0.0773205703420734 0.07361502691344679  
    0.06992143601756773 0.06624139060035539 0.0625775717285677  
    0.05893363143485253 0.055309801779334755 0.05170432624984134  
    0.048112326892247204 0.0445234946668176 0.040915792696486264  
    0.03726330289363311 0.03354664777329397 0.029757345679854552  
    0.02591228376087784 0.02206026784327353 0.01826237058504976  
    0.014610477971377378 0.011278319117021596 
  PMHD = 1119756.223 1119449.7021480377 1118529.7440405148  
    1116995.1633843782 1114844.217365175 1112074.8540952315  
    1108685.148808082 1104673.8081018832 1100040.8288146197  
    1094788.261946834 1088920.8104960644 1082446.3115044069  
    1075376.7739764499 1067728.5127528533 1059520.3169049316  
    1050772.7682374807 1041506.1079626981 1031741.0253055209  
    1021500.7588511753 1010808.0259448244 999688.2407918168  
    988166.8899569219 976270.7139992415 964026.4356417278  
    951461.4989907807 938603.2767638608 925479.1584539497  
    912116.9236435755 898542.8709254849 884782.216958363  
    870864.7278054714 856826.5277928374 842692.2845250408  
    828471.4418133723 814175.047470144 799814.980971591  
    785402.2764285596 770948.1444234296 756463.6145433723  
    741959.5883078162 727446.8518855855 712936.0631515362  
    698437.759067363 683962.2564623894 669519.7943560211  
    655120.5213749075 640774.2191449227 626490.7696286495  
    612279.6891167422 598150.40546772 584112.1781155571  
    570174.0334834203 556344.8579918563 542633.3382469976  
    529047.873764463 515596.8350567576 502288.1948421192  
    489129.80876342795 476129.3393436238 463294.126767362  
    450631.3191071826 438147.8391553975 425850.375054105  
    413745.34116512164 401838.89956968994 390136.9289223523  
    378644.9433065536 367368.1105859354 356311.3624169007  
    345479.2912923131 334876.2389148412 324506.1847157079  
    314372.68262791063 304478.77539459587 294826.85877024435  
    285418.4699893046 276253.99616299826 267332.2356301855  
    258649.69376562096 250199.5896373833 241970.36139349433  
    233943.28321836976 226089.2527271996 218363.36533743716  
    210698.1034943176 202991.99664732933 195096.13477880327  
    186793.607653776 177779.16003276376 167642.20939030443  
    155869.66809354158 141907.61426773047 125317.71391080228  
    106073.26324421068 84899.77433799813 63397.62191488871  
    43670.01947495311 27454.208544304096 15454.240786870647  
    7305.469376618061 2162.9189000405872 
  QMHD = 3.8740287902019057 3.8716091622766067 3.864427595811842  
    3.8527147333709424 3.8368521538745988 3.817366497507807  
    3.7949202315791344 3.7702965540157063 3.7443771121729763  
    3.7181100282303987 3.6924650455674364 3.6683754605367054  
    3.6466686369359933 3.6278877067539876 3.611790700623011  
    3.5973412624894787 3.5835992853289165 3.570583439023985  
    3.558343364967497 3.5468582651892246 3.5360482447880766  
    3.525807850235381 3.5160468730212444 3.506720567079108  
    3.4978001246059067 3.4892520594935315 3.4810345444512536  
    3.4731185671239126 3.465484459560941 3.4581433266991595  
    3.4510885963650275 3.444241051769204 3.437610868225083  
    3.4312664166450526 3.4252356516839506 3.419537613788851  
    3.414189094339184 3.4092192807531307 3.4046445899084516  
    3.4004803870033053 3.396748030106556 3.393452161974139  
    3.3906166062312084 3.38824723410886 3.386356119945683  
    3.3849644257032554 3.3840722255712605 3.3836970903078254  
    3.3838514633030887 3.384541219813204 3.3857842761442773  
    3.3875889189654815 3.3899666384830507 3.3929309876655167  
    3.396491931753232 3.4006675322560014 3.405467309189039  
    3.410903810390009 3.4169942669772233 3.4237487899828727  
    3.431187697200271 3.439333942940565 3.4482092480222026  
    3.4578301701857344 3.4681620162340487 3.4791822259153653  
    3.491172215140294 3.504981245200932 3.5216804490335276  
    3.542044025514946 3.566872252266514 3.596752113608704  
    3.632185034836328 3.673674510974454 3.7216545353726516  
    3.7765264364616766 3.8387018896532568 3.90856646981662  
    3.9865040285058653 4.072914159460876 4.168180695309312  
    4.272738482025354 4.386856043237633 4.510907104670566  
    4.645580429543334 4.791261552961588 4.945961289522264  
    5.105195494242814 5.2660917594350245 5.424083016419009  
    5.571904497198817 5.7021696614553665 5.808651985736265  
    5.893595514063268 5.972029076914678 6.064325986195343  
    6.200174755542073 6.413590839034405 6.7532346711059414  
    7.312185465578267 8.515333379022941 
  ER = 0.0 0.0 0.0 0.0 0.0 0.0 0.0 0.0 0.0 0.0 0.0 0.0 0.0 0.0 0.0 0.0  
    0.0 0.0 0.0 0.0 0.0 0.0 0.0 0.0 0.0 0.0 0.0 0.0 0.0 0.0 0.0 0.0 0.0  
    0.0 0.0 0.0 0.0 0.0 0.0 0.0 0.0 0.0 0.0 0.0 0.0 0.0 0.0 0.0 0.0 0.0  
    0.0 0.0 0.0 0.0 0.0 0.0 0.0 0.0 0.0 0.0 0.0 0.0 0.0 0.0 0.0 0.0 0.0  
    0.0 0.0 0.0 0.0 0.0 0.0 0.0 0.0 0.0 0.0 0.0 0.0 0.0 0.0 0.0 0.0 0.0  
    0.0 0.0 0.0 0.0 0.0 0.0 0.0 0.0 0.0 0.0 0.0 0.0 0.0 0.0 0.0 0.0 0.0 
  NC1 = 0.9985000641731319 0.9298498654101244 0.9044904789400151  
    0.8864631848328972 0.8722015917351428 0.8603119180426593  
    0.8500847677037991 0.8410919436830817 0.8330551772368439  
    0.8257828192138247 0.819133716259976 0.813003909352748  
    0.8073140945123265 0.8020019518343725 0.797015410892713  
    0.7923120827715543 0.7878534981335835 0.7836062542064459  
    0.7795445035148705 0.7756446716907295 0.7718870232309245  
    0.7682531745771308 0.7647287140654511 0.7613004441190814  
    0.7579567435791181 0.7546877443826701 0.7514847834243601  
    0.748340386860734 0.7452486403531663 0.742204285271466  
    0.7392010184332147 0.7362327483919981 0.7332962998724745  
    0.7303922573643101 0.7275211992980108 0.7246825155533415  
    0.7218759448926402 0.7191009957133965 0.7163571637033465  
    0.7136439239458778 0.7109608290732194 0.7083074559755055  
    0.7056831750042762 0.7030875674359668 0.700520154668483  
    0.6979804065875762 0.6954679218707231 0.6929822038069994  
    0.6905228215876125 0.6880893885304299 0.6856814372167548  
    0.6832985921606538 0.6809404733970548 0.6786068133681447  
    0.6762970873018761 0.674010928251636 0.6717482104294135  
    0.6695085042379829 0.6672915672298253 0.6650972907498811  
    0.6629251419209283 0.6607743977171449 0.6586448661813883  
    0.6565372681248498 0.654451998885205 0.6523890288901648  
    0.6503478857320092 0.6483332695509577 0.6463535650536101  
    0.6444154606398508 0.6425211258935405 0.6406742547663941  
    0.6388794872614276 0.6371381474586503 0.6354521824324899  
    0.6338228744515686 0.6322504183517335 0.6307346301598938  
    0.6292745874385327 0.6278692614638612 0.6265166948201617  
    0.6252165639244387 0.6239683849326 0.6227717469734735  
    0.6216340161397176 0.6205525371005001 0.6195133917835948  
    0.6185238783786522 0.6176105287645908 0.61682218781376  
    0.6162150342425058 0.615826614014717 0.6156891527422573  
    0.6157690440083327 0.6159577632334493 0.6161438620582345  
    0.6161861524636855 0.6159579223544472 0.6154735138397566  
    0.6145364698030171 0.6133546525173023 
  HFAC1 = 1.0000000000002953 0.9968231560607183 0.993716807228302  
    0.9906800350073609 0.987707639803162 0.9847944249215553  
    0.9819358976778588 0.9791264468483825 0.9763616240104791  
    0.9736372281314398 0.9709494811059663 0.9682954708654006  
    0.9656728228042416 0.9630795808899181 0.9605129361687386  
    0.9579695011912038 0.9554450190928062 0.9529356574219123  
    0.9504387078388393 0.9479509382491886 0.9454694960606838  
    0.9429910781498587 0.9405133133006158 0.9380336214243477  
    0.9355495411670356 0.9330590035090028 0.9305599869873619  
    0.928050686995593 0.9255298405435485 0.9229961521397254  
    0.9204475495375173 0.9178818339078783 0.9152982784390353  
    0.9126980632152516 0.9100824039289837 0.9074519279994389  
    0.9048073459169348 0.9021492928987171 0.8994783014956002  
    0.8967948900250614 0.8940996827523802 0.8913931958683193  
    0.8886758969765183 0.8859482854334894 0.883210835024812  
    0.8804640545975202 0.877708359539767 0.8749442426868169  
    0.8721721733389289 0.8693925888380609 0.8666059772506176  
    0.8638127511169088 0.8610133792984428 0.8582084651697648  
    0.8553982658918666 0.8525832642979405 0.8497640968539245  
    0.846941158838167 0.844115025399772 0.8412863078500411  
    0.8384552419515824 0.8356219271846262 0.832787023199358  
    0.8299521296342198 0.827118081948391 0.8242852050803842  
    0.8214554428234025 0.8186376885156554 0.8158465506168489  
    0.8130939741492799 0.8103872733544041 0.8077354422229079  
    0.8051477029962893 0.8026307857543693 0.8001915740625285  
    0.7978363919111722 0.7955709128227368 0.7934001256397374  
    0.7913284666221497 0.7893601362234541 0.7874986605882609  
    0.7857501177604796 0.7841199235462762 0.7826139345233388  
    0.7812463565919595 0.7800191229780675 0.7789014914950527  
    0.7778721192613547 0.7769425723258014 0.776149526158813  
    0.7755225507110223 0.7750640487133348 0.7747693695811051  
    0.774615495629851 0.7745649204803137 0.7746343996675337  
    0.7748380007885705 0.7753237663657302 0.7762125507879677  
    0.7787398184053418 0.7838484615594534 
  HFAC2 = 1.0000000000000056 0.993661541187994 0.9874935276732678  
    0.9814926527896519 0.9756472730503405 0.9699458794300372  
    0.9643785232063905 0.9589331987973089 0.9536002890794627  
    0.9483707894744697 0.9432365804196416 0.9381913006428072  
    0.9332296859448723 0.9283473125820274 0.9235381902684442  
    0.9187953495241232 0.9141102490623981 0.9094751951783457  
    0.9048846985691662 0.9003323620401665 0.8958125513338925  
    0.891318863836545 0.8868466877822551 0.8823910850894616  
    0.8779473872159238 0.8735116856914068 0.8690802212794473  
    0.8646496617758862 0.8602177022055489 0.8557820207216387  
    0.8513388859585009 0.8468843709781698 0.8424172650035794  
    0.8379398500031544 0.8334544358452103 0.8289622367840254  
    0.8244646208938606 0.8199627831517456 0.8154577396231084  
    0.8109504660575967 0.8064420975545242 0.8019335858062174  
    0.7974257668156535 0.7929195359898469 0.7884157271135159  
    0.7839152115122772 0.7794187154055705 0.7749270569735134  
    0.7704410207580762 0.7659613294480447 0.7614887606324533  
    0.7570239793203387 0.7525677166729507 0.7481209202992538  
    0.7436839610817685 0.7392575504072008 0.734842673457651  
    0.7304398882006733 0.7260500255204229 0.721673996686807  
    0.7173120628269387 0.7129642336222852 0.7086314201589062  
    0.7043160771789626 0.7000194807431841 0.6957420820948927  
    0.6914865991032851 0.6872662236764207 0.6831030825076914  
    0.6790150624042826 0.6750120073882548 0.6711065533961215  
    0.6673117035305116 0.6636359796271499 0.6600882177433886  
    0.6566762022661503 0.6534063941948725 0.6502841364247379  
    0.6473138414743331 0.6444994765367649 0.641843671226946  
    0.639352847087999 0.6370326642656802 0.634889002631015  
    0.6329413648367535 0.6311901893037855 0.6295916794027371  
    0.62812190569339 0.6268049230990965 0.6257054471303461  
    0.624882269779987 0.6243539071341252 0.6241297072216578  
    0.6241684779683921 0.6243779536052071 0.624733889020352  
    0.6251943220230728 0.6258821903020094 0.6269548112492356  
    0.6298333253039472 0.635837354281881 
  PSI = 0.0 0.0003036460153745867 0.0012157038038529634  
    0.002739541994319204 0.004880578980693313 0.007646084834669326  
    0.011044808715522592 0.015086541186101256 0.019781516395917652  
    0.025139684067285364 0.03117012290301768 0.03788051544529411  
    0.04527601029109349 0.05335891875062914 0.06213049413535102  
    0.07159153054768586 0.08174458362623979 0.09259307726528515  
    0.10413888854446685 0.11638566852184873 0.12933502514820702  
    0.14298938953052065 0.1573504424532671 0.17242045115766041  
    0.18820121807295542 0.2046946890433901 0.22190272072701572  
    0.2398269939719646 0.2584693097586648 0.27783133198455956  
    0.2979144820702848 0.3187203077057834 0.34025035026057565  
    0.36250579283144546 0.38548736480426204 0.4091954394321904  
    0.4336300764064618 0.45879095365440126 0.4846773317571409  
    0.51128808588947 0.5386216270294859 0.5666759235729336  
    0.5954486905834486 0.6249374118853435 0.6551387475939419  
    0.686048912829923 0.7176643793396639 0.7499802896185869  
    0.7829920335647038 0.8166942464786655 0.8510811369224063  
    0.8861465604736919 0.9218839720531826 0.9582860044839447  
    0.9953455940027813 1.0330542009092327 1.0714035509767592  
    1.1103849510457249 1.1499886151280645 1.190204698016539  
    1.231022979345834 1.2724325866810318 1.3144220033638865  
    1.3569791097940729 1.4000917875833525 1.4437481527656657  
    1.4879344123613476 1.532629226170314 1.5777976111895982  
    1.6233924112977824 1.6693559241635616 1.7156214630171178  
    1.762115822909021 1.8087604288001882 1.8554725222320507  
    1.902166944647922 1.948757148217386 1.9951563424398564  
    2.041278748938107 2.087040565877351 2.132360913257134  
    2.1771625263868124 2.221373047388544 2.264926539778361  
    2.307761097582663 2.3498198621884905 2.391061214540758  
    2.431481373624692 2.4711072062372073 2.5099907381021147  
    2.5482195002543206 2.5859247204918603 2.6232645239308763  
    2.6604013896806045 2.6974309098293325 2.7343346777843385  
    2.77094339663886 2.8069187376270044 2.841758855223865  
    2.8747091271088716 2.904398006828999 
  VOL = 0.0 0.032076744660427814 0.12821650994588202 0.2883271685583303  
    0.5122279978010372 0.7996732331960953 1.150397583678683  
    1.5640806438856631 2.040405897568193 2.5790197996399886  
    3.1795600747314126 3.841686893655732 4.5649819574741635  
    5.348940812258069 6.193074076052734 7.096794062270367  
    8.059543836136138 9.080780800062524 10.159834932410316  
    11.29623825228473 12.489346773092706 13.738586815815257  
    15.043308276630766 16.40291847678614 17.816788183821586  
    19.284314741498473 20.804894267426214 22.37791684099235  
    24.002793647004026 25.67894235358431 27.405794792191113  
    29.18279180279042 31.009380405703034 32.88502456319728  
    34.8091929065823 36.78135778395835 38.80099811538535  
    40.86759921890233 42.98065207957336 45.139650681167346  
    47.34409270041395 49.593475038644996 51.887312120479564  
    54.22514129552093 56.606465832350025 59.03079920291004  
    61.49771089199439 64.00670075732681 66.55733277447308  
    69.1491465517104 71.78168768322789 74.45451651549527  
    77.16719706227155 79.91927120489939 82.71034053567769  
    85.53993649640165 88.40765002416563 91.31307276527374  
    94.25575683192486 97.2352860837774 100.25125177560548  
    103.30324649764515 106.39085814670906 109.51366854073467  
    112.67126447927336 115.86322709414671 119.08912158266713  
    122.34848527830363 125.64077878400624 128.96533648950407  
    132.32141336558297 135.70821115952396 139.12484070374117  
    142.57034876910723 146.0437299296019 149.54392191600962  
    153.06981701570146 156.62027205870976 160.1941193729808  
    163.79016562148024 167.4072072864298 171.04404080003582  
    174.69943285647233 178.37212765658631 182.0608260877065  
    185.7641804465422 189.48111803724575 193.2107321469041  
    196.95214329206482 200.70422619043433 204.46540011990066  
    208.2339513832993 212.00766485422133 215.78418254093447  
    219.56166835332814 223.33844917427643 227.11264255654197  
    230.88255183012274 234.64659205993553 238.39818262785747  
    242.14810884451657 
  GR2I = 0.0524777344647561 0.0524845743814283 0.05250491171520717  
    0.052538595605271396 0.05258544350784648 0.052645031994817654  
    0.05271706513258782 0.05280106110288262 0.052896650346813866  
    0.05300343512826697 0.053121041687919535 0.0532491775166446  
    0.05338753667665595 0.05353582625929943 0.05369368971234123  
    0.053860651261765924 0.05403622182700191 0.054219934867712996  
    0.054411385867518036 0.0546102014981144 0.054815948795612364  
    0.055028171142468676 0.05524647011446629 0.05547043535841735  
    0.05569964721935429 0.05593372617618165 0.05617228673195518  
    0.05641495380788097 0.056661414816767126 0.05691135465549155  
    0.05716435035524476 0.05741994580357464 0.05767786053118408  
    0.057938046253027176 0.05820048022099783 0.058465086518310234  
    0.05873181273057743 0.05900060532184598 0.05927140706020637  
    0.05954417004375096 0.05981886428617339 0.060095453232591946  
    0.060373904790847865 0.06065419979666269 0.06093631290193004  
    0.06122022896624565 0.061505938618616626 0.06179342921986915  
    0.062082702479163254 0.062373754865371875 0.06266659148356916  
    0.06296121443570321 0.06325763614736629 0.06355588479004484  
    0.06385595769819741 0.06415786550988681 0.0644616580089612  
    0.06476735560871402 0.06507499236969833 0.06538461764788014  
    0.06569623126934193 0.06600981204708589 0.06632542160967247  
    0.0666432631726468 0.06696340941267856 0.06728588610270517  
    0.06761109361643984 0.06794034206967758 0.0682758536675052  
    0.06861948656226997 0.06897235553071418 0.06933585538152678  
    0.06971141306460144 0.07010005984323989 0.07050283358476032  
    0.07092067580173027 0.07135439403872804 0.07180464167401666  
    0.07227196421219537 0.07275680900728147 0.07325945518598967  
    0.07378052169907368 0.07432053736859676 0.07488002328614832  
    0.07546096354215126 0.07606312015907965 0.07668096615936243  
    0.0773111270441086 0.07795639341083709 0.07862485812808673  
    0.07932469396915437 0.08006022671920468 0.08083538789187338  
    0.0816497995895495 0.0824966718333522 0.08337670743376085  
    0.08428634028157808 0.08524069106809962 0.08625226324755106  
    0.08752121591148374 0.08921088129964913 
  BP2 = -2.0683899037976516e-11 6.293193038686695e-05  
    0.0002528049161796275 0.0005729469726603043 0.0010288220127137038  
    0.0016274368425754915 0.002377176941067205 0.003287072738245911  
    0.00436597293289509 0.005622316058349952 0.007062476151020292  
    0.0086910133202025 0.010510495361458538 0.012522088522224806  
    0.014729530003705804 0.017141328019981472 0.0197672308309933  
    0.022614261442555517 0.02568774894817949 0.02899240581619722  
    0.03253490759909994 0.036321501175770265 0.04035908989799708  
    0.044653642675712035 0.049211079973211724 0.05403727600985775  
    0.059138353006190414 0.06452015652759968 0.07018875775192157  
    0.0761482223609562 0.08240313454685122 0.08896064363419498  
    0.09582505321276358 0.10299849043644826 0.11048427319168752  
    0.11828576590913542 0.1264055102198327 0.13484515051217016  
    0.14360615259754894 0.1526892912039557 0.16209487654385413  
    0.17182312773815767 0.1818728347150227 0.19224316870361235  
    0.20293217007037612 0.21393667138314498 0.22525430762530618  
    0.23688109267798296 0.24881199864197612 0.26104266547509525  
    0.27356650106787583 0.2863769655405335 0.2994670887364137  
    0.3128289334358243 0.32645326186167267 0.34032988122525154  
    0.35444926862125925 0.3688006172109013 0.38337148325669546  
    0.3981505006850412 0.413122637533597 0.4282705999610599  
    0.44357834091537995 0.45903317809284516 0.4746345564606784  
    0.4903750084584573 0.5061717347192172 0.52179317031122  
    0.5369594494226888 0.5514197644002863 0.564919378640873  
    0.5772522315344446 0.5882531029877072 0.5977676058319972  
    0.6056802172258173 0.6119127486821725 0.6164127642771717  
    0.6191611840636995 0.6201721790730588 0.6194895002424516  
    0.6171797540552291 0.6133467150962559 0.6081558132308658  
    0.6017604631829414 0.5942876608507817 0.5858729680450594  
    0.5770767092239524 0.5687212610640486 0.5614135600712018  
    0.5559471154619047 0.5534093333573864 0.5547619209769934  
    0.5606621056840524 0.5705283880301337 0.5822345217053169  
    0.5926566291106781 0.5979069601672222 0.5932895812742345  
    0.5771521772309569 0.5382406523326466 0.47160141068467 
/





























