  EFITD    01/01/2017    #000001     1ms           3 129 129
 4.000000000E+00 7.529411765E+00 4.000000000E+00 1.976470588E+00 0.000000000E+00
 4.246084094E+00-3.354546871E-04-7.076019632E+00-3.125499186E+00 7.000000000E+00
 8.100000004E+06-7.076019632E+00 0.000000000E+00 4.246084094E+00 0.000000000E+00
-3.354546871E-04 0.000000000E+00-3.125499186E+00 0.000000000E+00 0.000000000E+00
 2.778177871E+01 2.778833820E+01 2.779455544E+01 2.780044318E+01 2.780601386E+01
 2.781127959E+01 2.781625247E+01 2.782094428E+01 2.782536705E+01 2.782953221E+01
 2.783345155E+01 2.783713619E+01 2.784059839E+01 2.784384779E+01 2.784688645E+01
 2.784972433E+01 2.785238136E+01 2.785487402E+01 2.785721573E+01 2.785941892E+01
 2.786149413E+01 2.786345075E+01 2.786529744E+01 2.786704175E+01 2.786869046E+01
 2.787024965E+01 2.787172508E+01 2.787312204E+01 2.787444504E+01 2.787569861E+01
 2.787688680E+01 2.787801331E+01 2.787908159E+01 2.788009494E+01 2.788105633E+01
 2.788196880E+01 2.788283482E+01 2.788365695E+01 2.788443774E+01 2.788517916E+01
 2.788588353E+01 2.788655281E+01 2.788718891E+01 2.788779362E+01 2.788836869E+01
 2.788891585E+01 2.788943656E+01 2.788993249E+01 2.789040495E+01 2.789085526E+01
 2.789128498E+01 2.789169526E+01 2.789208726E+01 2.789246238E+01 2.789282160E+01
 2.789316600E+01 2.789349673E+01 2.789381486E+01 2.789412129E+01 2.789441711E+01
 2.789470312E+01 2.789498032E+01 2.789524953E+01 2.789551166E+01 2.789576761E+01
 2.789601805E+01 2.789626395E+01 2.789650591E+01 2.789674473E+01 2.789698125E+01
 2.789721604E+01 2.789744992E+01 2.789768355E+01 2.789791760E+01 2.789815280E+01
 2.789838965E+01 2.789862896E+01 2.789887125E+01 2.789911715E+01 2.789936734E+01
 2.789962231E+01 2.789988279E+01 2.790014936E+01 2.790042253E+01 2.790070294E+01
 2.790099118E+01 2.790128789E+01 2.790159359E+01 2.790190892E+01 2.790223462E+01
 2.790257120E+01 2.790291947E+01 2.790328018E+01 2.790365398E+01 2.790404186E+01
 2.790444473E+01 2.790486374E+01 2.790530005E+01 2.790575529E+01 2.790623105E+01
 2.790672953E+01 2.790725338E+01 2.790780580E+01 2.790839084E+01 2.790901359E+01
 2.790968065E+01 2.791040049E+01 2.791118392E+01 2.791204508E+01 2.791300260E+01
 2.791408068E+01 2.791531104E+01 2.791673500E+01 2.791840668E+01 2.792039551E+01
 2.792279000E+01 2.792570002E+01 2.792925594E+01 2.793360286E+01 2.793888193E+01
 2.794519502E+01 2.795254700E+01 2.796076698E+01 2.796945916E+01 2.797802189E+01
 2.798572395E+01 2.799204388E+01 2.799683106E+01 2.800000000E+01
 1.267324510E+06 1.247809463E+06 1.228739362E+06 1.210101832E+06 1.191884476E+06
 1.174074920E+06 1.156660787E+06 1.139629688E+06 1.122969258E+06 1.106667109E+06
 1.090710779E+06 1.075088304E+06 1.059786108E+06 1.044793760E+06 1.030110461E+06
 1.015725330E+06 1.001614484E+06 9.877584714E+05 9.741412256E+05 9.607483128E+05
 9.475672454E+05 9.345868858E+05 9.217972757E+05 9.091895818E+05 8.967559715E+05
 8.844892931E+05 8.723829354E+05 8.604309595E+05 8.486280404E+05 8.369692046E+05
 8.254498130E+05 8.140656711E+05 8.028129154E+05 7.916879028E+05 7.806872533E+05
 7.698078580E+05 7.590468112E+05 7.484013714E+05 7.378689635E+05 7.274472037E+05
 7.171338785E+05 7.069268490E+05 6.968240804E+05 6.868237268E+05 6.769240546E+05
 6.671233625E+05 6.574200395E+05 6.478126009E+05 6.382996625E+05 6.288798878E+05
 6.195519808E+05 6.103147188E+05 6.011669627E+05 5.921076382E+05 5.831357333E+05
 5.742502729E+05 5.654503090E+05 5.567349350E+05 5.481033156E+05 5.395546726E+05
 5.310882579E+05 5.227033607E+05 5.143992964E+05 5.061754084E+05 4.980310731E+05
 4.899657122E+05 4.819787870E+05 4.740697840E+05 4.662382205E+05 4.584836422E+05
 4.508056105E+05 4.432037113E+05 4.356775526E+05 4.282267792E+05 4.208510628E+05
 4.135500959E+05 4.063235955E+05 3.991712982E+05 3.920929604E+05 3.850883516E+05
 3.781572489E+05 3.712994575E+05 3.645148061E+05 3.578031328E+05 3.511642894E+05
 3.445981399E+05 3.381045423E+05 3.316833471E+05 3.253343914E+05 3.190575085E+05
 3.128525123E+05 3.067191823E+05 3.006572356E+05 2.946663057E+05 2.887459174E+05
 2.828954509E+05 2.771140965E+05 2.714007859E+05 2.657541203E+05 2.601722375E+05
 2.546526619E+05 2.491921239E+05 2.437863129E+05 2.384295324E+05 2.331142305E+05
 2.278304294E+05 2.225649470E+05 2.173003012E+05 2.120132404E+05 2.066728664E+05
 2.012381723E+05 1.956548109E+05 1.898509337E+05 1.837320280E+05 1.771747941E+05
 1.700206508E+05 1.620705160E+05 1.530838694E+05 1.427880678E+05 1.309084233E+05
 1.172315641E+05 1.017110582E+05 8.461879335E+04 6.665183276E+04 4.891935507E+04
 3.281914748E+04 1.939767349E+04 9.025787468E+03 1.953285408E+03
 6.061543670E+00 5.748946980E+00 5.447881390E+00 5.157899460E+00 4.878734035E+00
 4.610333000E+00 4.352583935E+00 4.105404625E+00 3.868652445E+00 3.642317700E+00
 3.426330540E+00 3.219871973E+00 3.025881267E+00 2.836797155E+00 2.646304055E+00
 2.474942039E+00 2.320475819E+00 2.178581258E+00 2.048586894E+00 1.928702990E+00
 1.817820350E+00 1.715029011E+00 1.619468631E+00 1.530333049E+00 1.446943159E+00
 1.368946544E+00 1.295881482E+00 1.227214387E+00 1.162571018E+00 1.101791866E+00
 1.044529987E+00 9.904762070E-01 9.394524160E-01 8.912968400E-01 8.457820245E-01
 8.027367635E-01 7.620311055E-01 7.235418260E-01 6.871528440E-01 6.526940665E-01
 6.200894105E-01 5.893009990E-01 5.602038470E-01 5.326608980E-01 5.066449535E-01
 4.821245275E-01 4.590042660E-01 4.371964730E-01 4.166514135E-01 3.973441185E-01
 3.792375580E-01 3.622683820E-01 3.463853887E-01 3.315427902E-01 3.177062595E-01
 3.048557498E-01 2.929741258E-01 2.820180219E-01 2.719407229E-01 2.627128703E-01
 2.543193181E-01 2.467340523E-01 2.399422480E-01 2.339283111E-01 2.286656463E-01
 2.241224101E-01 2.202847962E-01 2.171366155E-01 2.146588591E-01 2.128378903E-01
 2.116682578E-01 2.111365379E-01 2.112256272E-01 2.119190469E-01 2.132033439E-01
 2.150705750E-01 2.175107665E-01 2.205132723E-01 2.240730450E-01 2.281926388E-01
 2.328626713E-01 2.380720157E-01 2.438161502E-01 2.500954218E-01 2.569050092E-01
 2.642494043E-01 2.721411108E-01 2.805935769E-01 2.896167103E-01 2.992237804E-01
 3.094354970E-01 3.202861911E-01 3.318259955E-01 3.441164185E-01 3.572333345E-01
 3.712756775E-01 3.863728610E-01 4.026914955E-01 4.204480000E-01 4.399391150E-01
 4.615491230E-01 4.857647375E-01 5.132206170E-01 5.447707125E-01 5.815294030E-01
 6.249437075E-01 6.769198625E-01 7.400263150E-01 8.176615300E-01 9.142890925E-01
 1.035768017E+00 1.189777967E+00 1.386257764E+00 1.637870563E+00 1.960347564E+00
 2.372246674E+00 2.893481727E+00 3.541902630E+00 4.325912115E+00 5.230867845E+00
 6.200195190E+00 7.115176530E+00 7.776496000E+00 7.975364670E+00 7.546625485E+00
 6.419246505E+00 5.043474170E+00 3.640809025E+00 2.108727191E+00
-6.396112525E+05-6.249942405E+05-6.107783609E+05-5.969636006E+05-5.835499903E+05
-5.705375037E+05-5.579260186E+05-5.457162635E+05-5.339060211E+05-5.224991130E+05
-5.114964244E+05-5.008648223E+05-4.907416816E+05-4.807863583E+05-4.707146941E+05
-4.614646100E+05-4.529406787E+05-4.449509710E+05-4.374681488E+05-4.304139010E+05
-4.237401973E+05-4.174077647E+05-4.113792329E+05-4.056193379E+05-4.000984343E+05
-3.948017936E+05-3.897093892E+05-3.847976432E+05-3.800502438E+05-3.754608351E+05
-3.710140939E+05-3.666963671E+05-3.625000873E+05-3.584183820E+05-3.544411595E+05
-3.505609178E+05-3.467720658E+05-3.430692867E+05-3.394475275E+05-3.358990780E+05
-3.324207255E+05-3.290110488E+05-3.256643727E+05-3.223744032E+05-3.191401149E+05
-3.159602680E+05-3.128305069E+05-3.097467538E+05-3.067067872E+05-3.037096021E+05
-3.007535553E+05-2.978356579E+05-2.949535391E+05-2.921050615E+05-2.892886201E+05
-2.865033069E+05-2.837483671E+05-2.810216824E+05-2.783209508E+05-2.756447450E+05
-2.729923315E+05-2.703623803E+05-2.677541448E+05-2.651668346E+05-2.625990603E+05
-2.600491346E+05-2.575162930E+05-2.549996387E+05-2.524981157E+05-2.500109270E+05
-2.475376748E+05-2.450775305E+05-2.426294659E+05-2.401924779E+05-2.377657036E+05
-2.353485201E+05-2.329402094E+05-2.305400205E+05-2.281474620E+05-2.257623892E+05
-2.233840638E+05-2.210116411E+05-2.186445782E+05-2.162825588E+05-2.139250247E+05
-2.115718970E+05-2.092235007E+05-2.068802022E+05-2.045421857E+05-2.022098001E+05
-1.998838040E+05-1.975657330E+05-1.952580186E+05-1.929637361E+05-1.906868446E+05
-1.884326701E+05-1.862083360E+05-1.840232097E+05-1.818897298E+05-1.798251464E+05
-1.778520646E+05-1.759994884E+05-1.743056394E+05-1.728223088E+05-1.716176799E+05
-1.707810057E+05-1.704306170E+05-1.707268291E+05-1.718830994E+05-1.741816175E+05
-1.779951463E+05-1.838155563E+05-1.922849615E+05-2.042298175E+05-2.206893437E+05
-2.429104979E+05-2.722709139E+05-3.100780200E+05-3.571063084E+05-4.127134899E+05
-4.735687191E+05-5.321847155E+05-5.754211983E+05-5.888663907E+05-5.602263315E+05
-4.830926959E+05-3.866401379E+05-2.854745532E+05-1.728348153E+05
-2.228850807E+00-2.316183311E+00-2.406393904E+00-2.499559535E+00-2.595728955E+00
-2.694911272E+00-2.797064786E+00-2.902089279E+00-3.009823862E+00-3.120051684E+00
-3.232509121E+00-3.346895806E+00-3.462880565E+00-3.580100985E+00-3.698604814E+00
-3.807209954E+00-3.899263568E+00-3.969160830E+00-4.024981572E+00-4.093999189E+00
-4.181892700E+00-4.291497547E+00-4.427131504E+00-4.576587385E+00-4.700319812E+00
-4.802381963E+00-4.885783383E+00-4.952515347E+00-5.003770093E+00-5.040148817E+00
-5.061839651E+00-5.068760883E+00-5.060619200E+00-5.036864213E+00-4.996597888E+00
-4.938478278E+00-4.860596695E+00-4.760289340E+00-4.633854303E+00-4.476200603E+00
-4.280642306E+00-4.085529005E+00-3.913531884E+00-3.759166489E+00-3.618264501E+00
-3.487764426E+00-3.365402334E+00-3.249462394E+00-3.138602682E+00-3.031737379E+00
-2.927955485E+00-2.826462616E+00-2.726536545E+00-2.627490256E+00-2.528638281E+00
-2.429263394E+00-2.328583028E+00-2.225723023E+00-2.120430796E+00-2.022504042E+00
-1.931006066E+00-1.846202214E+00-1.768473615E+00-1.695831566E+00-1.628982686E+00
-1.568749968E+00-1.513470506E+00-1.464233277E+00-1.422299128E+00-1.386391969E+00
-1.358094512E+00-1.335905423E+00-1.309591779E+00-1.279896670E+00-1.247391555E+00
-1.212533735E+00-1.175683800E+00-1.137127160E+00-1.097092280E+00-1.055764690E+00
-1.013297505E+00-9.698192794E-01-9.254399266E-01-8.802552260E-01-8.343502569E-01
-7.878020822E-01-7.406818239E-01-6.930563158E-01-6.449894115E-01-5.965430228E-01
-5.477779554E-01-4.987545827E-01-4.495333594E-01-4.001752443E-01-3.507419942E-01
-3.012963873E-01-2.519023546E-01-2.026250287E-01-1.535307332E-01-1.046868833E-01
-5.616183729E-02-8.024671607E-03 3.965510076E-02 8.680786984E-02 1.333643182E-01
 1.792558589E-01 2.244151073E-01 2.687763870E-01 3.122762453E-01 3.548539870E-01
 3.964521957E-01 4.370172412E-01 4.764997642E-01 5.148551001E-01 5.520436808E-01
 5.880313445E-01 6.227896028E-01 6.562958057E-01 6.885332462E-01 7.194911779E-01
 7.491647427E-01 7.775548282E-01 8.046678561E-01 8.305154893E-01 8.551142934E-01
 8.784853509E-01 9.006538228E-01 9.216485077E-01 9.415013525E-01-2.280249196E+00
-2.371588490E+00-2.466345974E+00-2.564692709E+00-2.666773888E+00-2.772685797E+00
-2.882448916E+00-2.995985215E+00-3.113111676E+00-3.233558666E+00-3.357007081E+00
-3.483129312E+00-3.611847696E+00-3.735617113E+00-3.843371092E+00-3.933016221E+00
-4.006691585E+00-4.060734220E+00-4.100030311E+00-4.153636418E+00-4.225893664E+00
-4.318525415E+00-4.435215366E+00-4.565718812E+00-4.673720451E+00-4.763704797E+00
-4.837898848E+00-4.897519936E+00-4.943208185E+00-4.975205733E+00-4.993480199E+00
-4.997828202E+00-4.987912249E+00-4.963210824E+00-4.922937329E+00-4.865968471E+00
-4.790767098E+00-4.695260648E+00-4.576608371E+00-4.430658361E+00-4.250435286E+00
-4.070450627E+00-3.910161536E+00-3.764138669E+00-3.629102439E+00-3.502757331E+00
-3.383368800E+00-3.269568003E+00-3.160238544E+00-3.054441639E+00-2.951361935E+00
-2.850265929E+00-2.750467593E+00-2.651298181E+00-2.552078215E+00-2.452091590E+00
-2.350565276E+00-2.246661481E+00-2.140505459E+00-2.041121193E+00-1.948600028E+00
-1.862910800E+00-1.783967399E+00-1.710602483E+00-1.643178930E+00-1.582019441E+00
-1.526320948E+00-1.476843198E+00-1.434331558E+00-1.398383600E+00-1.370194789E+00
-1.347587184E+00-1.321099298E+00-1.291061152E+00-1.258018586E+00-1.222434101E+00
-1.184686495E+00-1.145081559E+00-1.103865852E+00-1.061239588E+00-1.017367385E+00
-9.723867302E-01-9.264145340E-01-8.795521625E-01-8.318893204E-01-7.835070411E-01
-7.344800371E-01-6.848785409E-01-6.347697738E-01-5.842191183E-01-5.332910616E-01
-4.820499493E-01-4.305605963E-01-3.788887529E-01-3.271014740E-01-2.752673722E-01
-2.234567922E-01-1.717418826E-01-1.201965818E-01-6.889653027E-02-1.791888798E-02
 3.265792460E-02 8.275456523E-02 1.322911849E-01 1.811879109E-01 2.293653949E-01
 2.767454156E-01 3.232515186E-01 3.688096889E-01 4.133490447E-01 4.568025102E-01
 4.991074931E-01 5.402065074E-01 5.800477520E-01 6.185856169E-01 6.557811075E-01
 6.916021799E-01 7.260239576E-01 7.590288637E-01 7.906066145E-01 8.207541215E-01
 8.494752853E-01 8.767806876E-01 9.026871983E-01 9.272175081E-01 9.503995994E-01
 9.722661791E-01 9.928540656E-01 1.012203577E+00-2.325198439E+00-2.419997622E+00
-2.518786118E+00-2.621886226E+00-2.729621564E+00-2.842277733E+00-2.960032905E+00
-3.082864158E+00-3.210487673E+00-3.342417608E+00-3.478135604E+00-3.615624363E+00
-3.731671109E+00-3.836362430E+00-3.925800476E+00-3.997207568E+00-4.053184238E+00
-4.090310533E+00-4.114220421E+00-4.151057686E+00-4.203323726E+00-4.269481390E+00
-4.347080105E+00-4.428954779E+00-4.505409680E+00-4.572792775E+00-4.629928161E+00
-4.676312631E+00-4.711650995E+00-4.735690846E+00-4.748150051E+00-4.748680579E+00
-4.736848496E+00-4.712122112E+00-4.673866051E+00-4.621343302E+00-4.553733747E+00
-4.470191222E+00-4.370000188E+00-4.253052772E+00-4.121739496E+00-3.985763532E+00
-3.853448689E+00-3.726704316E+00-3.605574417E+00-3.489586267E+00-3.378113558E+00
-3.270501943E+00-3.166114920E+00-3.064347457E+00-2.964624847E+00-2.866394259E+00
-2.769111931E+00-2.672226931E+00-2.575160407E+00-2.477279111E+00-2.377861246E+00
-2.276060842E+00-2.171940875E+00-2.074308227E+00-1.983226533E+00-1.898583947E+00
-1.820261268E+00-1.747180014E+00-1.679683840E+00-1.618063347E+00-1.561578827E+00
-1.510935173E+00-1.466820334E+00-1.428912079E+00-1.398437238E+00-1.373318087E+00
-1.344340362E+00-1.311920433E+00-1.276641698E+00-1.238953258E+00-1.199201108E+00
-1.157656192E+00-1.114534770E+00-1.070012753E+00-1.024235925E+00-9.773274300E-01
-9.293933387E-01-8.805268997E-01-8.308118068E-01-7.803247684E-01-7.291375325E-01
-6.773185293E-01-6.249341916E-01-5.720500316E-01-5.187315383E-01-4.650449021E-01
-4.110576197E-01-3.568389700E-01-3.024603947E-01-2.479957733E-01-1.935216096E-01
-1.391171147E-01-8.486419936E-02-3.084736806E-02 2.284648974E-02 7.612840670E-02
 1.289077479E-01 1.810927198E-01 2.325909755E-01 2.833103034E-01 3.331593990E-01
 3.820486992E-01 4.298912548E-01 4.766036316E-01 5.221068249E-01 5.663271377E-01
 6.091970231E-01 6.506558558E-01 6.906506062E-01 7.291364105E-01 7.660770024E-01
 8.014450134E-01 8.352221071E-01 8.673989824E-01 8.979752033E-01 9.269589082E-01
 9.543663643E-01 9.802214325E-01 1.004554909E+00 1.027403818E+00 1.048810628E+00
 1.068822455E+00 1.087490239E+00-2.362319211E+00-2.459629481E+00-2.561427502E+00
-2.668243394E+00-2.780699823E+00-2.899506458E+00-3.025393063E+00-3.158781711E+00
-3.298989473E+00-3.441473606E+00-3.571091380E+00-3.687363521E+00-3.788046483E+00
-3.873943197E+00-3.942808432E+00-3.995212166E+00-4.033685484E+00-4.054709705E+00
-4.069428772E+00-4.096176717E+00-4.133566425E+00-4.179082469E+00-4.229962422E+00
-4.282885290E+00-4.334435111E+00-4.381825799E+00-4.423110608E+00-4.456985395E+00
-4.482548756E+00-4.499133224E+00-4.506201199E+00-4.503283928E+00-4.489948913E+00
-4.465787529E+00-4.430421650E+00-4.383532152E+00-4.324919665E+00-4.254616161E+00
-4.173076324E+00-4.081466505E+00-3.981943325E+00-3.877494120E+00-3.771061664E+00
-3.664755546E+00-3.559778896E+00-3.456694502E+00-3.355674901E+00-3.256665932E+00
-3.159483997E+00-3.063872000E+00-2.969530718E+00-2.876135081E+00-2.783341085E+00
-2.690786068E+00-2.598082118E+00-2.504799197E+00-2.410422203E+00-2.314223446E+00
-2.215694527E+00-2.123448653E+00-2.036365553E+00-1.954653647E+00-1.878673549E+00
-1.806801393E+00-1.739725275E+00-1.678121876E+00-1.620550431E+00-1.567922832E+00
-1.521191356E+00-1.479200744E+00-1.443463745E+00-1.412950140E+00-1.378741567E+00
-1.341833372E+00-1.302717007E+00-1.261687807E+00-1.218956949E+00-1.174690106E+00
-1.129023919E+00-1.082074537E+00-1.033942824E+00-9.847179806E-01-9.344802915E-01
-8.833033021E-01-8.312556136E-01-7.784023873E-01-7.248066242E-01-6.705302519E-01
-6.156350796E-01-5.601836064E-01-5.042397401E-01-4.478694154E-01-3.911411247E-01
-3.341263640E-01-2.769000066E-01-2.195405805E-01-1.621304689E-01-1.047560066E-01
-4.750748044E-02 9.520985639E-03 6.623166176E-02 1.225235696E-01 1.782929717E-01
 2.334339906E-01 2.878393664E-01 3.414013201E-01 3.940125547E-01 4.455673329E-01
 4.959626242E-01 5.450993204E-01 5.928834306E-01 6.392272866E-01 6.840506768E-01
 7.272818785E-01 7.688585960E-01 8.087287048E-01 8.468508540E-01 8.831948404E-01
 9.177417927E-01 9.504841323E-01 9.814253298E-01 1.010579470E+00 1.037970623E+00
 1.063632074E+00 1.087605424E+00 1.109939600E+00 1.130689793E+00 1.149916382E+00
 1.167683853E+00-2.390540324E+00-2.488945965E+00-2.592059599E+00-2.700583956E+00
-2.815427787E+00-2.937801855E+00-3.069432839E+00-3.213234270E+00-3.357851034E+00
-3.486773091E+00-3.600959319E+00-3.702076930E+00-3.780748017E+00-3.845731928E+00
-3.894806375E+00-3.924136753E+00-3.941272850E+00-3.958685091E+00-3.979861791E+00
-4.005749758E+00-4.036333063E+00-4.070743242E+00-4.107569888E+00-4.145098336E+00
-4.181528022E+00-4.215173093E+00-4.244587491E+00-4.268596241E+00-4.286266450E+00
-4.296858026E+00-4.299777487E+00-4.294543540E+00-4.280766824E+00-4.258143967E+00
-4.226466336E+00-4.185644448E+00-4.135749979E+00-4.077074613E+00-4.010198173E+00
-3.936041830E+00-3.855859673E+00-3.771122954E+00-3.683313636E+00-3.593722995E+00
-3.503344072E+00-3.412864078E+00-3.322711809E+00-3.233118940E+00-3.144175264E+00
-3.055871983E+00-2.968133702E+00-2.880841774E+00-2.793851820E+00-2.707008415E+00
-2.620160340E+00-2.533182671E+00-2.446022120E+00-2.358829888E+00-2.272414060E+00
-2.188395981E+00-2.107734937E+00-2.030719338E+00-1.957434774E+00-1.887904197E+00
-1.822131937E+00-1.760118373E+00-1.701862861E+00-1.647358323E+00-1.596569753E+00
-1.549375307E+00-1.505369559E+00-1.463266988E+00-1.421225320E+00-1.378373191E+00
-1.334434322E+00-1.289318713E+00-1.243007976E+00-1.195516583E+00-1.146875396E+00
-1.097123676E+00-1.046304946E+00-9.944648407E-01-9.416500897E-01-8.879081182E-01
-8.332870552E-01-7.778359560E-01-7.216051643E-01-6.646467543E-01-6.070150035E-01
-5.487668902E-01-4.899625730E-01-4.306658743E-01-3.709447266E-01-3.108715831E-01
-2.505237819E-01-1.899838572E-01-1.293397586E-01-6.868499812E-02-8.118679640E-03
 5.225459211E-02 1.123249455E-01 1.719776333E-01 2.310935936E-01 2.895501954E-01
 3.472221539E-01 4.039826417E-01 4.597045542E-01 5.142619302E-01 5.675314710E-01
 6.193941639E-01 6.697369140E-01 7.184541780E-01 7.654495098E-01 8.106370104E-01
 8.539425758E-01 8.953049625E-01 9.346765647E-01 9.720239452E-01 1.007328052E+00
 1.040584129E+00 1.071801348E+00 1.101002161E+00 1.128221389E+00 1.153505129E+00
 1.176909483E+00 1.198499163E+00 1.218346051E+00 1.236527718E+00 1.253125988E+00
-2.409562710E+00-2.507312609E+00-2.609502417E+00-2.716844883E+00-2.830271527E+00
-2.950991192E+00-3.080543975E+00-3.220757686E+00-3.358016941E+00-3.474758145E+00
-3.572553755E+00-3.652775906E+00-3.713509999E+00-3.756388985E+00-3.781535388E+00
-3.803556836E+00-3.825704410E+00-3.848637902E+00-3.872897296E+00-3.898789603E+00
-3.926282231E+00-3.954979635E+00-3.984178868E+00-4.012965038E+00-4.040316078E+00
-4.065198098E+00-4.086637359E+00-4.103762779E+00-4.115822718E+00-4.122184667E+00
-4.122327419E+00-4.115832310E+00-4.102377835E+00-4.081739839E+00-4.053798320E+00
-4.018550854E+00-3.976130951E+00-3.926828163E+00-3.871102873E+00-3.809586001E+00
-3.743053428E+00-3.672371643E+00-3.598423449E+00-3.522034004E+00-3.443916736E+00
-3.364647264E+00-3.284662251E+00-3.204273553E+00-3.123689514E+00-3.043037752E+00
-2.962386533E+00-2.881764360E+00-2.801178306E+00-2.720632653E+00-2.640150383E+00
-2.559801273E+00-2.479740631E+00-2.400255801E+00-2.321787884E+00-2.244864811E+00
-2.169962021E+00-2.097419660E+00-2.027449849E+00-1.960173135E+00-1.895647538E+00
-1.833883884E+00-1.774848940E+00-1.718456876E+00-1.664547135E+00-1.612846544E+00
-1.562924987E+00-1.514193018E+00-1.466006814E+00-1.417820700E+00-1.369250615E+00
-1.320050141E+00-1.270067337E+00-1.219211437E+00-1.167431308E+00-1.114701976E+00
-1.061016198E+00-1.006379143E+00-9.508050065E-01-8.943148902E-01-8.369355114E-01
-7.786984567E-01-7.196398278E-01-6.598001365E-01-5.992244017E-01-5.379623665E-01
-4.760687986E-01-4.136038680E-01-3.506335344E-01-2.872299779E-01-2.234719917E-01
-1.594453606E-01-9.524317503E-02-3.096607352E-02 3.327763358E-02 9.737197434E-02
 1.611934951E-01 2.246116421E-01 2.874893606E-01 3.496839585E-01 4.110482043E-01
 4.714317138E-01 5.306825738E-01 5.886491950E-01 6.451823635E-01 7.001374170E-01
 7.533764988E-01 8.047708030E-01 8.542027336E-01 9.015679192E-01 9.467769614E-01
 9.897569110E-01 1.030452355E+00 1.068826128E+00 1.104859575E+00 1.138552395E+00
 1.169922068E+00 1.199002874E+00 1.225844585E+00 1.250510858E+00 1.273077418E+00
 1.293630108E+00 1.312262853E+00 1.329075653E+00 1.344172641E+00-2.420298743E+00
-2.515662209E+00-2.614636822E+00-2.717782912E+00-2.825851576E+00-2.939811615E+00
-3.060860227E+00-3.190414134E+00-3.313756111E+00-3.414610289E+00-3.494114129E+00
-3.553970107E+00-3.591801594E+00-3.623554215E+00-3.653165367E+00-3.681198173E+00
-3.708192518E+00-3.734598475E+00-3.760744565E+00-3.786801307E+00-3.812753838E+00
-3.838395754E+00-3.863347687E+00-3.887094943E+00-3.909034987E+00-3.928525487E+00
-3.944926298E+00-3.957631361E+00-3.966090131E+00-3.969819983E+00-3.968412872E+00
-3.961538610E+00-3.948947737E+00-3.930474848E+00-3.906043734E+00-3.875673345E+00
-3.839484343E+00-3.797703189E+00-3.750661755E+00-3.698788781E+00-3.642591424E+00
-3.582627438E+00-3.519471297E+00-3.453680462E+00-3.385767247E+00-3.316180407E+00
-3.245296731E+00-3.173421487E+00-3.100794738E+00-3.027601536E+00-2.953983975E+00
-2.880054015E+00-2.805907051E+00-2.731635975E+00-2.657345929E+00-2.583169589E+00
-2.509280670E+00-2.435901331E+00-2.363295801E+00-2.291747023E+00-2.221523449E+00
-2.152851114E+00-2.085900343E+00-2.020784415E+00-1.957563283E+00-1.896247050E+00
-1.836796080E+00-1.779117531E+00-1.723058815E+00-1.668401359E+00-1.614861282E+00
-1.562105018E+00-1.509781803E+00-1.457561766E+00-1.405163169E+00-1.352361974E+00
-1.298988413E+00-1.244918028E+00-1.190062059E+00-1.134359227E+00-1.077769286E+00
-1.020268251E+00-9.618449395E-01-9.024984997E-01-8.422367349E-01-7.810749844E-01
-7.190354192E-01-6.561466965E-01-5.924438345E-01-5.279682984E-01-4.627682270E-01
-3.968987812E-01-3.304225705E-01-2.634101453E-01-1.959405199E-01-1.281016986E-01
-5.999116379E-02 8.283681547E-03 7.660519302E-02 1.448453066E-01 2.128655626E-01
 2.805173838E-01 3.476426403E-01 4.140745761E-01 4.796390951E-01 5.441564509E-01
 6.074433240E-01 6.693152631E-01 7.295894350E-01 7.880876202E-01 8.446393326E-01
 8.990849799E-01 9.512789041E-01 1.001092233E+00 1.048415371E+00 1.093160068E+00
 1.135260969E+00 1.174676571E+00 1.211389564E+00 1.245406551E+00 1.276757145E+00
 1.305492505E+00 1.331683377E+00 1.355417747E+00 1.376798190E+00 1.395939078E+00
 1.412963711E+00 1.428001533E+00 1.441185500E+00-2.425071009E+00-2.516768412E+00
-2.610712152E+00-2.707192401E+00-2.806683358E+00-2.909862292E+00-3.017642624E+00
-3.131246356E+00-3.237125691E+00-3.316035078E+00-3.373067571E+00-3.418612042E+00
-3.459735031E+00-3.497148670E+00-3.531581055E+00-3.563631405E+00-3.593784711E+00
-3.622416000E+00-3.649787075E+00-3.676040302E+00-3.701194998E+00-3.725150364E+00
-3.747696778E+00-3.768534959E+00-3.787300230E+00-3.803588556E+00-3.816981567E+00
-3.827068233E+00-3.833462212E+00-3.835815278E+00-3.833826754E+00-3.827250804E+00
-3.815901716E+00-3.799658383E+00-3.778468138E+00-3.752349719E+00-3.721394992E+00
-3.685768509E+00-3.645703803E+00-3.601495756E+00-3.553488623E+00-3.502060471E+00
-3.447605354E+00-3.390515582E+00-3.331166046E+00-3.269902414E+00-3.207033830E+00
-3.142830062E+00-3.077522455E+00-3.011307900E+00-2.944354727E+00-2.876809988E+00
-2.808807540E+00-2.740476321E+00-2.671948327E+00-2.603365572E+00-2.534884490E+00
-2.466676606E+00-2.398924086E+00-2.331810314E+00-2.265507942E+00-2.200167374E+00
-2.135908149E+00-2.072813996E+00-2.010930353E+00-1.950263499E+00-1.890779656E+00
-1.832404428E+00-1.775022589E+00-1.718479840E+00-1.662588073E+00-1.607135207E+00
-1.551898894E+00-1.496661342E+00-1.441221740E+00-1.385404071E+00-1.329060144E+00
-1.272069056E+00-1.214334693E+00-1.155782473E+00-1.096356085E+00-1.036014591E+00
-9.747300493E-01-9.124856133E-01-8.492741426E-01-7.850971776E-01-7.199643023E-01
-6.538927682E-01-5.869073819E-01-5.190406040E-01-4.503328147E-01-3.808327455E-01
-3.105980299E-01-2.396958602E-01-1.682037361E-01-9.621023729E-02-2.381583560E-02
 4.886633904E-02 1.217098125E-01 1.945742322E-01 2.673050519E-01 3.397335336E-01
 4.116771250E-01 4.829403377E-01 5.533161462E-01 6.225880066E-01 6.905324830E-01
 7.569224556E-01 8.215308803E-01 8.841349254E-01 9.445203958E-01 1.002486223E+00
 1.057848844E+00 1.110446290E+00 1.160141771E+00 1.206826659E+00 1.250422675E+00
 1.290883238E+00 1.328193915E+00 1.362371906E+00 1.393464672E+00 1.421547686E+00
 1.446721492E+00 1.469108191E+00 1.488847536E+00 1.506092839E+00 1.521006891E+00
 1.533758048E+00 1.544516656E+00-2.427588916E+00-2.515238721E+00-2.603209102E+00
-2.691421561E+00-2.780056113E+00-2.869451181E+00-2.959958923E+00-3.052107408E+00
-3.131917736E+00-3.194184368E+00-3.249156371E+00-3.298217583E+00-3.342478394E+00
-3.382782389E+00-3.419792304E+00-3.454034212E+00-3.485921387E+00-3.515766752E+00
-3.543788938E+00-3.570115643E+00-3.594786956E+00-3.617760927E+00-3.638921952E+00
-3.658092554E+00-3.675047532E+00-3.689529403E+00-3.701263942E+00-3.709974558E+00
-3.715395261E+00-3.717281298E+00-3.715418107E+00-3.709628249E+00-3.699776900E+00
-3.685776221E+00-3.667588216E+00-3.645226660E+00-3.618757475E+00-3.588297215E+00
-3.554009907E+00-3.516101298E+00-3.474811355E+00-3.430404925E+00-3.383161522E+00
-3.333365160E+00-3.281294926E+00-3.227217547E+00-3.171381846E+00-3.114015776E+00
-3.055325489E+00-2.995496388E+00-2.934695618E+00-2.873075563E+00-2.810778004E+00
-2.747938408E+00-2.684689664E+00-2.621165279E+00-2.557500739E+00-2.493833215E+00
-2.430299122E+00-2.367029741E+00-2.304145869E+00-2.241752277E+00-2.179932811E+00
-2.118746669E+00-2.058225976E+00-1.998374203E+00-1.939165636E+00-1.880545501E+00
-1.822431315E+00-1.764715349E+00-1.707268907E+00-1.649948179E+00-1.592601300E+00
-1.535075705E+00-1.477224719E+00-1.418912616E+00-1.360017792E+00-1.300434217E+00
-1.240071555E+00-1.178854442E+00-1.116721320E+00-1.053623136E+00-9.895220714E-01
-9.243904576E-01-8.582098901E-01-7.909705661E-01-7.226708714E-01-6.533171812E-01
-5.829238810E-01-5.115135839E-01-4.391175416E-01-3.657762328E-01-2.915401293E-01
-2.164706101E-01-1.406410239E-01-6.413785567E-02 1.293800385E-02 9.046996581E-02
 1.683244725E-01 2.463498403E-01 3.243753146E-01 4.022104916E-01 4.796452047E-01
 5.564500922E-01 6.323779499E-01 7.071659906E-01 7.805391225E-01 8.522141833E-01
 9.219051001E-01 9.893287532E-01 1.054211349E+00 1.116294931E+00 1.175343796E+00
 1.231150437E+00 1.283540794E+00 1.332378543E+00 1.377568276E+00 1.419057422E+00
 1.456836826E+00 1.490939940E+00 1.521440672E+00 1.548449956E+00 1.572111258E+00
 1.592595219E+00 1.610093768E+00 1.624814042E+00 1.636972443E+00 1.646789080E+00
 1.654482900E+00-2.432923798E+00-2.517779900E+00-2.600022876E+00-2.679112432E+00
-2.755375383E+00-2.829635762E+00-2.902149096E+00-2.971821680E+00-3.036480734E+00
-3.095134688E+00-3.148294868E+00-3.196691967E+00-3.240973492E+00-3.281684949E+00
-3.319280152E+00-3.354131471E+00-3.386537218E+00-3.416726372E+00-3.444861819E+00
-3.471043020E+00-3.495309196E+00-3.517643546E+00-3.537979142E+00-3.556206289E+00
-3.572181345E+00-3.585736291E+00-3.596688670E+00-3.604851242E+00-3.610040988E+00
-3.612087178E+00-3.610838262E+00-3.606167687E+00-3.597978588E+00-3.586207233E+00
-3.570825583E+00-3.551842572E+00-3.529304238E+00-3.503292606E+00-3.473923222E+00
-3.441341453E+00-3.405717625E+00-3.367241226E+00-3.326114826E+00-3.282547718E+00
-3.236750143E+00-3.188928332E+00-3.139280554E+00-3.087994610E+00-3.035246292E+00
-2.981199278E+00-2.926005678E+00-2.869807527E+00-2.812738489E+00-2.754925736E+00
-2.696491635E+00-2.637554987E+00-2.578231358E+00-2.518632631E+00-2.458865614E+00
-2.399029769E+00-2.339214425E+00-2.279495947E+00-2.219934890E+00-2.160573785E+00
-2.101435480E+00-2.042522007E+00-1.983814358E+00-1.925272883E+00-1.866838423E+00
-1.808434409E+00-1.749969700E+00-1.691342192E+00-1.632442893E+00-1.573160117E+00
-1.513383374E+00-1.453006662E+00-1.391930941E+00-1.330065756E+00-1.267330136E+00
-1.203652866E+00-1.138972376E+00-1.073236388E+00-1.006401448E+00-9.384324595E-01
-8.693022848E-01-7.989914538E-01-7.274880205E-01-6.547875862E-01-5.808934954E-01
-5.058172310E-01-4.295789899E-01-3.522084947E-01-2.737459917E-01-1.942434931E-01
-1.137662402E-01-3.239436999E-02 4.977519385E-02 1.326266999E-01 2.160234181E-01
 2.998054812E-01 3.837878635E-01 4.677586738E-01 5.514780285E-01 6.346777420E-01
 7.170621904E-01 7.983105849E-01 8.780808681E-01 9.560153221E-01 1.031747769E+00
 1.104912102E+00 1.175151678E+00 1.242129053E+00 1.305535505E+00 1.365099816E+00
 1.420595953E+00 1.471849314E+00 1.518741311E+00 1.561212164E+00 1.599261725E+00
 1.632948271E+00 1.662385245E+00 1.687735995E+00 1.709206808E+00 1.727038578E+00
 1.741497694E+00 1.752866768E+00 1.761435750E+00 1.767493993E+00 1.771323566E+00
-2.448251308E+00-2.535478574E+00-2.613526143E+00-2.682223164E+00-2.740384900E+00
-2.797963712E+00-2.855761913E+00-2.912342181E+00-2.966716089E+00-3.018226904E+00
-3.066590616E+00-3.111796393E+00-3.153977356E+00-3.193324526E+00-3.230040257E+00
-3.264314118E+00-3.296310154E+00-3.326159936E+00-3.353959092E+00-3.379765772E+00
-3.403600922E+00-3.425449990E+00-3.445265988E+00-3.462973769E+00-3.478475286E+00
-3.491655477E+00-3.502388623E+00-3.510544742E+00-3.515995654E+00-3.518620775E+00
-3.518312116E+00-3.514978740E+00-3.508550309E+00-3.498979870E+00-3.486245857E+00
-3.470353077E+00-3.451332880E+00-3.429242508E+00-3.404163402E+00-3.376198920E+00
-3.345471081E+00-3.312117055E+00-3.276285251E+00-3.238131269E+00-3.197814253E+00
-3.155493367E+00-3.111325179E+00-3.065461412E+00-3.018047607E+00-2.969222350E+00
-2.919117038E+00-2.867856188E+00-2.815557904E+00-2.762334516E+00-2.708293082E+00
-2.653535798E+00-2.598159743E+00-2.542256648E+00-2.485911754E+00-2.429202646E+00
-2.372197708E+00-2.314954411E+00-2.257517827E+00-2.199919289E+00-2.142175363E+00
-2.084287291E+00-2.026240830E+00-1.968006721E+00-1.909541520E+00-1.850789091E+00
-1.791682445E+00-1.732146051E+00-1.672098322E+00-1.611454213E+00-1.550127681E+00
-1.488033870E+00-1.425090928E+00-1.361221397E+00-1.296353181E+00-1.230420141E+00
-1.163362418E+00-1.095126532E+00-1.025665369E+00-9.549380933E-01-8.829100969E-01
-8.095529589E-01-7.348445273E-01-6.587691087E-01-5.813178281E-01-5.024891452E-01
-4.222895939E-01-3.407347690E-01-2.578505545E-01-1.736746776E-01-8.825858588E-02
-1.669680996E-03 8.600605642E-02 1.746610632E-01 2.641628318E-01 3.543502699E-01
 4.450299266E-01 5.359723242E-01 6.269087729E-01 7.175291239E-01 8.074810984E-01
 8.963717799E-01 9.837718790E-01 1.069223039E+00 1.152248189E+00 1.232364384E+00
 1.309097293E+00 1.381996186E+00 1.450648396E+00 1.514692352E+00 1.573828707E+00
 1.627829222E+00 1.676543304E+00 1.719902079E+00 1.757919811E+00 1.790692396E+00
 1.818392707E+00 1.841262656E+00 1.859602258E+00 1.873756297E+00 1.884099671E+00
 1.891022670E+00 1.894917364E+00 1.896166051E+00 1.895132264E+00-2.454484360E+00
-2.541692210E+00-2.615960806E+00-2.676867394E+00-2.723858680E+00-2.769799704E+00
-2.816883535E+00-2.863988952E+00-2.910316435E+00-2.955284144E+00-2.998506242E+00
-3.039759524E+00-3.078940844E+00-3.116026060E+00-3.151037008E+00-3.184017403E+00
-3.215016484E+00-3.244077907E+00-3.271232598E+00-3.296494527E+00-3.319858444E+00
-3.341299430E+00-3.360773711E+00-3.378220617E+00-3.393565431E+00-3.406722757E+00
-3.417600496E+00-3.426103892E+00-3.432139510E+00-3.435619203E+00-3.436463640E+00
-3.434605448E+00-3.429991784E+00-3.422586530E+00-3.412371665E+00-3.399348177E+00
-3.383536219E+00-3.364974796E+00-3.343720645E+00-3.319846818E+00-3.293440628E+00
-3.264601403E+00-3.233437849E+00-3.200065628E+00-3.164604645E+00-3.127176900E+00
-3.087904371E+00-3.046907391E+00-3.004303385E+00-2.960205963E+00-2.914724371E+00
-2.867963208E+00-2.820022345E+00-2.770996844E+00-2.720977024E+00-2.670048221E+00
-2.618290677E+00-2.565778915E+00-2.512581182E+00-2.458758555E+00-2.404364108E+00
-2.349441827E+00-2.294025738E+00-2.238139192E+00-2.181794162E+00-2.124991095E+00
-2.067718771E+00-2.009954655E+00-1.951665611E+00-1.892808784E+00-1.833332875E+00
-1.773179621E+00-1.712285378E+00-1.650582789E+00-1.588002392E+00-1.524474101E+00
-1.459928516E+00-1.394297983E+00-1.327517437E+00-1.259525015E+00-1.190262487E+00
-1.119675522E+00-1.047713861E+00-9.743314281E-01-8.994864127E-01-8.231413957E-01
-7.452635211E-01-6.658247657E-01-5.848023496E-01-5.021793102E-01-4.179452980E-01
-3.320976158E-01-2.446425960E-01-1.555973361E-01-6.499188997E-02 2.712800346E-02
 1.206975793E-01 2.156289999E-01 3.118065390E-01 4.090809611E-01 5.072631781E-01
 6.061173661E-01 7.053539779E-01 8.046234029E-01 9.035113827E-01 1.001537592E+00
 1.098158930E+00 1.192778699E+00 1.284761995E+00 1.373456362E+00 1.458215624E+00
 1.538424203E+00 1.613519596E+00 1.683011478E+00 1.746497010E+00 1.803672607E+00
 1.854342663E+00 1.898425493E+00 1.935956326E+00 1.967086577E+00 1.992078292E+00
 2.011292803E+00 2.025173459E+00 2.034223233E+00 2.038979707E+00 2.039990322E+00
 2.037790685E+00 2.032887546E+00 2.025747469E+00-2.447965921E+00-2.532546112E+00
-2.603225805E+00-2.659065110E+00-2.701507568E+00-2.740696949E+00-2.780690037E+00
-2.821065030E+00-2.861290430E+00-2.900920371E+00-2.939605287E+00-2.977086669E+00
-3.013183803E+00-3.047776922E+00-3.080790453E+00-3.112178181E+00-3.141911042E+00
-3.169967875E+00-3.196328451E+00-3.220968722E+00-3.243857725E+00-3.264955909E+00
-3.284214696E+00-3.301576944E+00-3.316978184E+00-3.330348368E+00-3.341614251E+00
-3.350701694E+00-3.357538287E+00-3.362055898E+00-3.364193044E+00-3.363897019E+00
-3.361125774E+00-3.355849334E+00-3.348050898E+00-3.337727521E+00-3.324890267E+00
-3.309564036E+00-3.291786904E+00-3.271609251E+00-3.249092388E+00-3.224307098E+00
-3.197331994E+00-3.168251795E+00-3.137155596E+00-3.104135244E+00-3.069283925E+00
-3.032694824E+00-2.994460097E+00-2.954670024E+00-2.913412304E+00-2.870771618E+00
-2.826829290E+00-2.781662868E+00-2.735345965E+00-2.687947914E+00-2.639533318E+00
-2.590161799E+00-2.539887305E+00-2.488757600E+00-2.436813647E+00-2.384089008E+00
-2.330609201E+00-2.276391338E+00-2.221443654E+00-2.165765509E+00-2.109347214E+00
-2.052170439E+00-1.994208559E+00-1.935427297E+00-1.875785586E+00-1.815236475E+00
-1.753728182E+00-1.691205172E+00-1.627609216E+00-1.562880401E+00-1.496958030E+00
-1.429781401E+00-1.361290453E+00-1.291426270E+00-1.220131457E+00-1.147350421E+00
-1.073029554E+00-9.971173824E-01-9.195646644E-01-8.403245248E-01-7.593525999E-01
-6.766072711E-01-5.920499994E-01-5.056458071E-01-4.173639657E-01-3.271789304E-01
-2.350716108E-01-1.410310646E-01-4.505671970E-02 5.283871997E-02 1.526255151E-01
 2.542520603E-01 3.576387430E-01 4.626702037E-01 5.691857885E-01 6.769680332E-01
 7.857293614E-01 8.950977063E-01 1.004602730E+00 1.113665561E+00 1.221596211E+00
 1.327602997E+00 1.430816504E+00 1.530326533E+00 1.625226049E+00 1.714654143E+00
 1.797831790E+00 1.874088019E+00 1.942877680E+00 2.003793647E+00 2.056576224E+00
 2.101121608E+00 2.137489287E+00 2.165906536E+00 2.186766226E+00 2.200613592E+00
 2.208118948E+00 2.210037210E+00 2.207160612E+00 2.200273019E+00 2.190113437E+00
 2.177352180E+00 2.162579147E+00-2.436971358E+00-2.519663535E+00-2.587313279E+00
-2.639328288E+00-2.676038361E+00-2.710228803E+00-2.745302475E+00-2.780847186E+00
-2.816508044E+00-2.851960792E+00-2.886923394E+00-2.921160340E+00-2.954481077E+00
-2.986734965E+00-3.017804113E+00-3.047596094E+00-3.076036673E+00-3.103063784E+00
-3.128622378E+00-3.152660581E+00-3.175126812E+00-3.195967881E+00-3.215128078E+00
-3.232548786E+00-3.248168853E+00-3.261925417E+00-3.273754981E+00-3.283594879E+00
-3.291384770E+00-3.297068188E+00-3.300594134E+00-3.301918389E+00-3.301004775E+00
-3.297826126E+00-3.292365060E+00-3.284614389E+00-3.274577309E+00-3.262267269E+00
-3.247707579E+00-3.230930812E+00-3.211977971E+00-3.190897536E+00-3.167744269E+00
-3.142578217E+00-3.115463444E+00-3.086466876E+00-3.055657362E+00-3.023104601E+00
-2.988878292E+00-2.953047438E+00-2.915679762E+00-2.876841049E+00-2.836594857E+00
-2.795002010E+00-2.752120233E+00-2.708003839E+00-2.662703289E+00-2.616264833E+00
-2.568730037E+00-2.520135369E+00-2.470511696E+00-2.419883956E+00-2.368270635E+00
-2.315683574E+00-2.262127693E+00-2.207600842E+00-2.152093893E+00-2.095590843E+00
-2.038069077E+00-1.979499801E+00-1.919848618E+00-1.859075990E+00-1.797138031E+00
-1.733987133E+00-1.669572674E+00-1.603841666E+00-1.536739364E+00-1.468209781E+00
-1.398196133E+00-1.326641190E+00-1.253487527E+00-1.178677717E+00-1.102154430E+00
-1.023860502E+00-9.437389594E-01-8.617330303E-01-7.777861625E-01-6.918420847E-01
-6.038449345E-01-5.137394735E-01-4.214714765E-01-3.269883017E-01-2.302397622E-01
-1.311793788E-01-2.976614699E-02 7.403298378E-02 1.802396735E-01 2.888594538E-01
 3.998752161E-01 5.132383103E-01 6.288563947E-01 7.465770835E-01 8.661662480E-01
 9.872802655E-01 1.109432798E+00 1.231959953E+00 1.353993512E+00 1.474458243E+00
 1.592109198E+00 1.705610397E+00 1.813633414E+00 1.914944206E+00 2.008459087E+00
 2.093270680E+00 2.168655341E+00 2.234074367E+00 2.289177359E+00 2.333812711E+00
 2.368046248E+00 2.392185251E+00 2.406798538E+00 2.412715801E+00 2.410988075E+00
 2.402804460E+00 2.389384612E+00 2.371881608E+00 2.351319416E+00 2.328567313E+00
 2.304340764E+00-2.420547236E+00-2.501226669E+00-2.566301614E+00-2.615340136E+00
-2.647968913E+00-2.678593705E+00-2.710084288E+00-2.742070364E+00-2.774301910E+00
-2.806538184E+00-2.838555380E+00-2.870151917E+00-2.901150746E+00-2.931398904E+00
-2.960765439E+00-2.989138372E+00-3.016421088E+00-3.042528966E+00-3.067386184E+00
-3.090922945E+00-3.113073464E+00-3.133774223E+00-3.152963059E+00-3.170578508E+00
-3.186559707E+00-3.200846605E+00-3.213380471E+00-3.224104626E+00-3.232965260E+00
-3.239912302E+00-3.244900429E+00-3.247889821E+00-3.248846918E+00-3.247745132E+00
-3.244565146E+00-3.239295352E+00-3.231931817E+00-3.222478242E+00-3.210945672E+00
-3.197352127E+00-3.181722043E+00-3.164085608E+00-3.144478071E+00-3.122939056E+00
-3.099511640E+00-3.074241669E+00-3.047177044E+00-3.018366865E+00-2.987860972E+00
-2.955709143E+00-2.921960753E+00-2.886664205E+00-2.849866489E+00-2.811612772E+00
-2.771946112E+00-2.730906967E+00-2.688532891E+00-2.644858143E+00-2.599913318E+00
-2.553724983E+00-2.506315344E+00-2.457701841E+00-2.407896913E+00-2.356907751E+00
-2.304736097E+00-2.251378154E+00-2.196824543E+00-2.141060401E+00-2.084065539E+00
-2.025814610E+00-1.966277561E+00-1.905419786E+00-1.843202713E+00-1.779584122E+00
-1.714518586E+00-1.647957870E+00-1.579851284E+00-1.510145997E+00-1.438787286E+00
-1.365718703E+00-1.290882198E+00-1.214218151E+00-1.135665353E+00-1.055160915E+00
-9.726401370E-01-8.880363330E-01-8.012806234E-01-7.123017215E-01-6.210257229E-01
-5.273759095E-01-4.312726372E-01-3.326332878E-01-2.313724058E-01-1.274020424E-01
-2.063245999E-02 8.902666289E-02 2.016642740E-01 3.173648800E-01 4.362038131E-01
 5.582399820E-01 6.835047931E-01 8.119850854E-01 9.435967931E-01 1.078144137E+00
 1.215257250E+00 1.354301394E+00 1.494262382E+00 1.633651782E+00 1.770533026E+00
 1.902741643E+00 2.028194300E+00 2.145094843E+00 2.251986674E+00 2.347720980E+00
 2.431406644E+00 2.502371219E+00 2.560142583E+00 2.604455906E+00 2.635290901E+00
 2.652945163E+00 2.658140529E+00 2.652123145E+00 2.636654627E+00 2.613798159E+00
 2.585580340E+00 2.553741124E+00 2.519656869E+00 2.484371482E+00 2.448660302E+00
-2.397862566E+00-2.475925442E+00-2.538755349E+00-2.585456889E+00-2.617665570E+00
-2.645939524E+00-2.674744567E+00-2.704064753E+00-2.733714718E+00-2.763506292E+00
-2.793256786E+00-2.822793531E+00-2.851956800E+00-2.880601149E+00-2.908595491E+00
-2.935822206E+00-2.962175690E+00-2.987560781E+00-3.011890804E+00-3.035086004E+00
-3.057072108E+00-3.077779067E+00-3.097140185E+00-3.115091596E+00-3.131571853E+00
-3.146521916E+00-3.159885318E+00-3.171608365E+00-3.181640620E+00-3.189935344E+00
-3.196449985E+00-3.201146602E+00-3.203992352E+00-3.204959756E+00-3.204026920E+00
-3.201177702E+00-3.196401619E+00-3.189693808E+00-3.181054752E+00-3.170490032E+00
-3.158009918E+00-3.143629080E+00-3.127366040E+00-3.109242793E+00-3.089284335E+00
-3.067518123E+00-3.043973572E+00-3.018681550E+00-2.991673971E+00-2.962983272E+00
-2.932642065E+00-2.900682710E+00-2.867137005E+00-2.832035740E+00-2.795408368E+00
-2.757282716E+00-2.717684612E+00-2.676637503E+00-2.634162181E+00-2.590276473E+00
-2.544994893E+00-2.498328329E+00-2.450283895E+00-2.400864592E+00-2.350069221E+00
-2.297892180E+00-2.244323529E+00-2.189348814E+00-2.132949237E+00-2.075101741E+00
-2.015779120E+00-1.954950234E+00-1.892580182E+00-1.828630577E+00-1.763059696E+00
-1.695822711E+00-1.626871852E+00-1.556156531E+00-1.483623413E+00-1.409216435E+00
-1.332876767E+00-1.254542680E+00-1.174149374E+00-1.091628708E+00-1.006908874E+00
-9.199139823E-01-8.305635892E-01-7.387721426E-01-6.444483469E-01-5.474944753E-01
-4.478055928E-01-3.452687344E-01-2.397620255E-01-1.311537581E-01-1.930148508E-02
 9.594883510E-02 2.147635402E-01 3.373216523E-01 4.638146597E-01 5.944452357E-01
 7.294239812E-01 8.689625528E-01 1.013259906E+00 1.162474646E+00 1.316667636E+00
 1.475675908E+00 1.638821716E+00 1.804293544E+00 1.968494599E+00 2.126937415E+00
 2.276040592E+00 2.413418494E+00 2.537450995E+00 2.646962270E+00 2.741045176E+00
 2.818966425E+00 2.880118251E+00 2.924004675E+00 2.950268850E+00 2.958792844E+00
 2.949958951E+00 2.925245279E+00 2.888001636E+00 2.842817542E+00 2.793494311E+00
 2.742464515E+00 2.691230134E+00 2.640739972E+00 2.591601038E+00-2.374765318E+00
-2.451411471E+00-2.512389794E+00-2.557100639E+00-2.586237013E+00-2.612286469E+00
-2.639055922E+00-2.666384639E+00-2.694118843E+00-2.722100842E+00-2.750173487E+00
-2.778184008E+00-2.805986749E+00-2.833445021E+00-2.860431828E+00-2.886830190E+00
-2.912532562E+00-2.937440180E+00-2.961462107E+00-2.984514148E+00-3.006518079E+00
-3.027400595E+00-3.047092792E+00-3.065529522E+00-3.082649091E+00-3.098393074E+00
-3.112706228E+00-3.125536545E+00-3.136835408E+00-3.146557763E+00-3.154662339E+00
-3.161111795E+00-3.165872938E+00-3.168916839E+00-3.170218771E+00-3.169758273E+00
-3.167518970E+00-3.163488327E+00-3.157657487E+00-3.150020985E+00-3.140576479E+00
-3.129324664E+00-3.116269049E+00-3.101415873E+00-3.084773835E+00-3.066353827E+00
-3.046168637E+00-3.024232507E+00-3.000560919E+00-2.975170383E+00-2.948078087E+00
-2.919301644E+00-2.888858824E+00-2.856767181E+00-2.823043729E+00-2.787704783E+00
-2.750765459E+00-2.712239513E+00-2.672138998E+00-2.630473913E+00-2.587251989E+00
-2.542478400E+00-2.496155549E+00-2.448282757E+00-2.398856149E+00-2.347868498E+00
-2.295309088E+00-2.241163637E+00-2.185414262E+00-2.128039491E+00-2.069014251E+00
-2.008309999E+00-1.945894646E+00-1.881732778E+00-1.815785583E+00-1.748010987E+00
-1.678363614E+00-1.606794789E+00-1.533252457E+00-1.457681058E+00-1.380021330E+00
-1.300210054E+00-1.218179698E+00-1.133857993E+00-1.047167386E+00-9.580244219E-01
-8.663389644E-01-7.720133143E-01-6.749411588E-01-5.750063529E-01-4.720814920E-01
-3.660262525E-01-2.566854386E-01-1.438867017E-01-2.743782918E-02 9.287647571E-02
 2.172984645E-01 3.461020493E-01 4.795986104E-01 6.181443098E-01 7.621495421E-01
 9.120916019E-01 1.068532508E+00 1.232145867E+00 1.403761379E+00 1.584449820E+00
 1.775727270E+00 1.980350167E+00 2.191689071E+00 2.388720072E+00 2.570059873E+00
 2.733057135E+00 2.876774876E+00 3.002275682E+00 3.109461697E+00 3.197272352E+00
 3.263284066E+00 3.306623648E+00 3.328108833E+00 3.327048437E+00 3.301315333E+00
 3.246323856E+00 3.164251012E+00 3.083559624E+00 3.005315707E+00 2.930248307E+00
 2.858773318E+00 2.791100747E+00 2.727299734E+00-2.349179383E+00-2.424557359E+00
-2.483956269E+00-2.527026275E+00-2.553140025E+00-2.577498862E+00-2.602764357E+00
-2.628657459E+00-2.655037586E+00-2.681760786E+00-2.708682253E+00-2.735659798E+00
-2.762556404E+00-2.789241993E+00-2.815594237E+00-2.841499042E+00-2.866850397E+00
-2.891550001E+00-2.915506646E+00-2.938635635E+00-2.960858024E+00-2.982100102E+00
-3.002292714E+00-3.021370965E+00-3.039273700E+00-3.055943466E+00-3.071326162E+00
-3.085371117E+00-3.098030954E+00-3.109261705E+00-3.119022796E+00-3.127277060E+00
-3.133990704E+00-3.139133365E+00-3.142677797E+00-3.144599837E+00-3.144877996E+00
-3.143493110E+00-3.140427972E+00-3.135666926E+00-3.129195709E+00-3.121001689E+00
-3.111073993E+00-3.099403826E+00-3.085984695E+00-3.070812318E+00-3.053883983E+00
-3.035198275E+00-3.014755194E+00-2.992556194E+00-2.968604122E+00-2.942902912E+00
-2.915457293E+00-2.886272631E+00-2.855354566E+00-2.822708872E+00-2.788341033E+00
-2.752256086E+00-2.714458256E+00-2.674950682E+00-2.633735225E+00-2.590812078E+00
-2.546179574E+00-2.499833974E+00-2.451769212E+00-2.401976648E+00-2.350445021E+00
-2.297160208E+00-2.242105174E+00-2.185259826E+00-2.126600969E+00-2.066102270E+00
-2.003734198E+00-1.939463947E+00-1.873255440E+00-1.805069175E+00-1.734862187E+00
-1.662587887E+00-1.588195865E+00-1.511631661E+00-1.432836447E+00-1.351746639E+00
-1.268293416E+00-1.182402153E+00-1.093991703E+00-1.002973583E+00-9.092509777E-01
-8.127175596E-01-7.132561107E-01-6.107368642E-01-5.050155435E-01-3.959310198E-01
-2.833024866E-01-1.669260558E-01-4.657057370E-02 7.802751261E-02 2.071705932E-01
 3.412080601E-01 4.805468376E-01 6.256653287E-01 7.771322860E-01 9.356333140E-01
 1.102009521E+00 1.277316706E+00 1.462920825E+00 1.660659011E+00 1.873105934E+00
 2.103887853E+00 2.358827873E+00 2.596913927E+00 2.807883037E+00 2.996949578E+00
 3.164689071E+00 3.311112194E+00 3.431347662E+00 3.525394624E+00 3.596880136E+00
 3.645085788E+00 3.668667776E+00 3.660854652E+00 3.619756407E+00 3.545795405E+00
 3.433539510E+00 3.313472778E+00 3.204026048E+00 3.103658004E+00 3.011357196E+00
 2.926390062E+00 2.848149963E+00-2.317451139E+00-2.390674860E+00-2.448611723E+00
-2.490428551E+00-2.517761143E+00-2.541309725E+00-2.565556620E+00-2.590522079E+00
-2.616066082E+00-2.642043048E+00-2.668308462E+00-2.694722190E+00-2.721150624E+00
-2.747467660E+00-2.773555211E+00-2.799303217E+00-2.824609190E+00-2.849377952E+00
-2.873520908E+00-2.896955571E+00-2.919604955E+00-2.941397055E+00-2.962264437E+00
-2.982143759E+00-3.000975552E+00-3.018703950E+00-3.035276443E+00-3.050643870E+00
-3.064760172E+00-3.077582486E+00-3.089070954E+00-3.099188720E+00-3.107901777E+00
-3.115178812E+00-3.120990973E+00-3.125311538E+00-3.128115258E+00-3.129377874E+00
-3.129075087E+00-3.127181725E+00-3.123671106E+00-3.118516471E+00-3.111691582E+00
-3.103171947E+00-3.092936310E+00-3.080967502E+00-3.067248161E+00-3.051761080E+00
-3.034490466E+00-3.015423087E+00-2.994548437E+00-2.971857741E+00-2.947343576E+00
-2.920999936E+00-2.892822073E+00-2.862806170E+00-2.830949088E+00-2.797248036E+00
-2.761700399E+00-2.724303405E+00-2.685053877E+00-2.643947900E+00-2.600980554E+00
-2.556145694E+00-2.509435648E+00-2.460840922E+00-2.410350120E+00-2.357949583E+00
-2.303623325E+00-2.247352819E+00-2.189116830E+00-2.128891349E+00-2.066649442E+00
-2.002361055E+00-1.935992961E+00-1.867508557E+00-1.796867683E+00-1.724026398E+00
-1.648936709E+00-1.571546257E+00-1.491797909E+00-1.409629291E+00-1.324972225E+00
-1.237752045E+00-1.147886797E+00-1.055286290E+00-9.598509539E-01-8.614705143E-01
-7.600223831E-01-6.553697711E-01-5.473594145E-01-4.358188567E-01-3.205531480E-01
-2.013408498E-01-7.792913417E-02 4.997227588E-02 1.826986517E-01 3.206397600E-01
 4.642519518E-01 6.140736969E-01 7.707457727E-01 9.350376659E-01 1.107882177E+00
 1.290420167E+00 1.484055717E+00 1.690515455E+00 1.911888582E+00 2.150596233E+00
 2.409216770E+00 2.678809606E+00 2.920282226E+00 3.134817896E+00 3.322972102E+00
 3.483816019E+00 3.616349030E+00 3.722561963E+00 3.802993271E+00 3.856663806E+00
 3.880982862E+00 3.873240698E+00 3.833541445E+00 3.760253140E+00 3.650230367E+00
 3.504864424E+00 3.369309874E+00 3.246997871E+00 3.136450500E+00 3.036405124E+00
 2.945752033E+00-2.285364689E+00-2.357435081E+00-2.414143607E+00-2.454885428E+00
-2.480588866E+00-2.503324886E+00-2.527048094E+00-2.551612078E+00-2.576849417E+00
-2.602596260E+00-2.628697434E+00-2.655008637E+00-2.681396670E+00-2.707738876E+00
-2.733922267E+00-2.759842497E+00-2.785402990E+00-2.810514068E+00-2.835092293E+00
-2.859059731E+00-2.882343524E+00-2.904875308E+00-2.926590926E+00-2.947430018E+00
-2.967335770E+00-2.986254740E+00-3.004136645E+00-3.020934223E+00-3.036603178E+00
-3.051102004E+00-3.064392044E+00-3.076437160E+00-3.087203848E+00-3.096660872E+00
-3.104779089E+00-3.111531023E+00-3.116890242E+00-3.120830394E+00-3.123323480E+00
-3.124336634E+00-3.123826026E+00-3.121748155E+00-3.118057697E+00-3.112709019E+00
-3.105663017E+00-3.096905160E+00-3.086402156E+00-3.074116221E+00-3.060012185E+00
-3.044061525E+00-3.026243875E+00-3.006538967E+00-2.984927385E+00-2.961392116E+00
-2.935919189E+00-2.908496318E+00-2.879112518E+00-2.847758118E+00-2.814424631E+00
-2.779104424E+00-2.741790228E+00-2.702474934E+00-2.661151333E+00-2.617811693E+00
-2.572447546E+00-2.525049320E+00-2.475606068E+00-2.424105193E+00-2.370532260E+00
-2.314870682E+00-2.257101625E+00-2.197203792E+00-2.135153138E+00-2.070922862E+00
-2.004483028E+00-1.935800509E+00-1.864838621E+00-1.791556939E+00-1.715910936E+00
-1.637851625E+00-1.557325129E+00-1.474272155E+00-1.388627402E+00-1.300318847E+00
-1.209266914E+00-1.115383484E+00-1.018570736E+00-9.187197794E-01-8.157090350E-01
-7.094023089E-01-5.996465080E-01-4.862689041E-01-3.690738577E-01-2.478388531E-01
-1.223097244E-01 7.805189199E-03 1.428421583E-01 2.831908006E-01 4.293048069E-01
 5.817150851E-01 7.410457755E-01 9.080334292E-01 1.083549253E+00 1.268623364E+00
 1.464468025E+00 1.672493793E+00 1.894309153E+00 2.131693597E+00 2.386540839E+00
 2.661161952E+00 2.928190220E+00 3.163548144E+00 3.365027947E+00 3.537870494E+00
 3.683578115E+00 3.802559803E+00 3.892412598E+00 3.949843718E+00 3.978730649E+00
 3.978897448E+00 3.949007012E+00 3.884698840E+00 3.781116435E+00 3.640610342E+00
 3.485654970E+00 3.346757008E+00 3.222574799E+00 3.111531527E+00 3.012132631E+00
-2.250696988E+00-2.321735546E+00-2.377359319E+00-2.417267496E+00-2.440530729E+00
-2.462975103E+00-2.486796825E+00-2.511585409E+00-2.537114414E+00-2.563186251E+00
-2.589630419E+00-2.616299363E+00-2.643063817E+00-2.669808797E+00-2.696430597E+00
-2.722834500E+00-2.748933135E+00-2.774645409E+00-2.799895538E+00-2.824612465E+00
-2.848729320E+00-2.872183089E+00-2.894914245E+00-2.916866536E+00-2.937986771E+00
-2.958224687E+00-2.977532789E+00-2.995866317E+00-3.013183106E+00-3.029443529E+00
-3.044610442E+00-3.058649176E+00-3.071527336E+00-3.083214807E+00-3.093683629E+00
-3.102907837E+00-3.110863286E+00-3.117527615E+00-3.122880169E+00-3.126902383E+00
-3.129492219E+00-3.130597783E+00-3.130148814E+00-3.128054821E+00-3.124194967E+00
-3.118711560E+00-3.111503837E+00-3.102488864E+00-3.091597367E+00-3.078780963E+00
-3.064037539E+00-3.047333301E+00-3.028630754E+00-3.007900271E+00-2.985123134E+00
-2.960280100E+00-2.933352296E+00-2.904323621E+00-2.873181188E+00-2.839913738E+00
-2.804510984E+00-2.766963624E+00-2.727263150E+00-2.685401484E+00-2.641370389E+00
-2.595161127E+00-2.546764105E+00-2.496168551E+00-2.443362275E+00-2.388331347E+00
-2.331059856E+00-2.271529763E+00-2.209720606E+00-2.145609345E+00-2.079170054E+00
-2.010373783E+00-1.939188249E+00-1.865577518E+00-1.789501755E+00-1.710916765E+00
-1.629773600E+00-1.546018047E+00-1.459590036E+00-1.370422970E+00-1.278442928E+00
-1.183567743E+00-1.085705929E+00-9.847554154E-01-8.806020772E-01-7.731180044E-01
-6.621594610E-01-5.475644811E-01-4.291500376E-01-3.067086749E-01-1.800045177E-01
-4.876854871E-02 8.730701877E-02 2.285753802E-01 3.754429606E-01 5.283785323E-01
 6.879236601E-01 8.547043599E-01 1.029443623E+00 1.212973998E+00 1.406249100E+00
 1.610352587E+00 1.826503592E+00 2.056058970E+00 2.300514569E+00 2.561506018E+00
 2.837606829E+00 3.084962549E+00 3.299152977E+00 3.483242843E+00 3.638397509E+00
 3.764510826E+00 3.859769307E+00 3.925929683E+00 3.964530289E+00 3.975012966E+00
 3.955441528E+00 3.902233467E+00 3.815631114E+00 3.695584825E+00 3.541387779E+00
 3.391990203E+00 3.260076274E+00 3.143611504E+00 3.040609949E+00-2.207073918E+00
-2.275498187E+00-2.329892634E+00-2.369576482E+00-2.395966375E+00-2.419555532E+00
-2.444408817E+00-2.470252429E+00-2.496783640E+00-2.523781821E+00-2.551081143E+00
-2.578550035E+00-2.606078491E+00-2.633570597E+00-2.660940141E+00-2.688107970E+00
-2.715000390E+00-2.741548091E+00-2.767685539E+00-2.793350494E+00-2.818483701E+00
-2.843028734E+00-2.866931801E+00-2.890141572E+00-2.912609218E+00-2.934288194E+00
-2.955134320E+00-2.975105683E+00-2.994162619E+00-3.012267690E+00-3.029385708E+00
-3.045483654E+00-3.060530776E+00-3.074498572E+00-3.087360803E+00-3.099093539E+00
-3.109675485E+00-3.119088271E+00-3.127317520E+00-3.134297038E+00-3.139978887E+00
-3.144301215E+00-3.147189381E+00-3.148559463E+00-3.148326007E+00-3.146420321E+00
-3.142745985E+00-3.137190358E+00-3.129624642E+00-3.119892365E+00-3.108285406E+00
-3.094657409E+00-3.078911430E+00-3.060994840E+00-3.040924944E+00-3.018672191E+00
-2.994201625E+00-2.967488792E+00-2.938522588E+00-2.907290167E+00-2.873778198E+00
-2.837975790E+00-2.799874901E+00-2.759468634E+00-2.716750361E+00-2.671713437E+00
-2.624350729E+00-2.574654198E+00-2.522614735E+00-2.468221838E+00-2.411463300E+00
-2.352325033E+00-2.290790818E+00-2.226842093E+00-2.160457697E+00-2.091613700E+00
-2.020283089E+00-1.946435599E+00-1.870037213E+00-1.791050004E+00-1.709431606E+00
-1.625134810E+00-1.538107035E+00-1.448289734E+00-1.355617715E+00-1.260018362E+00
-1.161410725E+00-1.059704502E+00-9.547988296E-01-8.465809165E-01-7.349244620E-01
-6.196878151E-01-5.007118873E-01-3.778177229E-01-2.508037354E-01-1.194425349E-01
 1.652265326E-02 1.573820175E-01 3.034636260E-01 4.551382812E-01 6.128246876E-01
 7.769947720E-01 9.481790251E-01 1.126971802E+00 1.314036873E+00 1.510114383E+00
 1.716032192E+00 1.932727572E+00 2.161290024E+00 2.403040648E+00 2.659732440E+00
 2.914460570E+00 3.136406533E+00 3.326483516E+00 3.483075831E+00 3.610381464E+00
 3.711456271E+00 3.787086383E+00 3.836395895E+00 3.855409212E+00 3.846444271E+00
 3.810705556E+00 3.747343823E+00 3.653795203E+00 3.524283480E+00 3.372593296E+00
 3.240573702E+00 3.126177891E+00 3.026453168E+00-2.159456072E+00-2.224751646E+00
-2.277726832E+00-2.318080781E+00-2.346282419E+00-2.372589785E+00-2.399974851E+00
-2.427925381E+00-2.456206602E+00-2.484690489E+00-2.513287441E+00-2.541923729E+00
-2.570533160E+00-2.599053475E+00-2.627424955E+00-2.655589622E+00-2.683491031E+00
-2.711074151E+00-2.738285345E+00-2.765072432E+00-2.791384700E+00-2.817172991E+00
-2.842389791E+00-2.866989196E+00-2.890927026E+00-2.914160825E+00-2.936649921E+00
-2.958355482E+00-2.979240460E+00-2.999269761E+00-3.018410212E+00-3.036630635E+00
-3.053901927E+00-3.070197055E+00-3.085491352E+00-3.099762361E+00-3.112990143E+00
-3.125157005E+00-3.136247078E+00-3.146215349E+00-3.155016282E+00-3.162585215E+00
-3.168842140E+00-3.173695208E+00-3.177044241E+00-3.178783283E+00-3.178798010E+00
-3.176968496E+00-3.173174854E+00-3.167308631E+00-3.159298364E+00-3.149029224E+00
-3.136363884E+00-3.121138317E+00-3.103819416E+00-3.084220094E+00-3.062232770E+00
-3.037815103E+00-3.011011197E+00-2.981802082E+00-2.950161384E+00-2.916074804E+00
-2.879541179E+00-2.840557583E+00-2.799120335E+00-2.755226411E+00-2.708872266E+00
-2.660053597E+00-2.608765329E+00-2.555001201E+00-2.498753542E+00-2.440012952E+00
-2.378768155E+00-2.315005741E+00-2.248710054E+00-2.179862976E+00-2.108443734E+00
-2.034428631E+00-1.957790752E+00-1.878499648E+00-1.796521068E+00-1.711816509E+00
-1.624342832E+00-1.534051802E+00-1.440889551E+00-1.344796002E+00-1.245704210E+00
-1.143539614E+00-1.038219220E+00-9.296506790E-01-8.177312493E-01-7.023466752E-01
-5.833699491E-01-4.606599684E-01-3.340601212E-01-2.033967958E-01-6.847789462E-02
 7.090858120E-02 2.149957852E-01 3.640389384E-01 5.183157354E-01 6.781259815E-01
 8.437902893E-01 1.015647653E+00 1.194052069E+00 1.379368964E+00 1.571973510E+00
 1.772255944E+00 1.980646444E+00 2.197693492E+00 2.424300244E+00 2.661694184E+00
 2.878243491E+00 3.060529498E+00 3.212644933E+00 3.339707983E+00 3.443353830E+00
 3.523776418E+00 3.578630317E+00 3.607987145E+00 3.614602837E+00 3.598581761E+00
 3.558990749E+00 3.492428083E+00 3.398026248E+00 3.276947873E+00 3.156481990E+00
 3.055467349E+00 2.968358167E+00-2.103321401E+00-2.161700955E+00-2.212615477E+00
-2.255445168E+00-2.291538718E+00-2.324067510E+00-2.355278655E+00-2.385955726E+00
-2.416367253E+00-2.446618995E+00-2.476749921E+00-2.506765824E+00-2.536653916E+00
-2.566390090E+00-2.595943170E+00-2.625277287E+00-2.654353611E+00-2.683131488E+00
-2.711569121E+00-2.739624307E+00-2.767254765E+00-2.794418583E+00-2.821074408E+00
-2.847181705E+00-2.872700944E+00-2.897593700E+00-2.921822788E+00-2.945352360E+00
-2.968148042E+00-2.990176930E+00-3.011407809E+00-3.031811147E+00-3.051359217E+00
-3.070026342E+00-3.087789038E+00-3.104626262E+00-3.120519798E+00-3.135454436E+00
-3.149429091E+00-3.162416866E+00-3.174367189E+00-3.185208925E+00-3.194854043E+00
-3.203200484E+00-3.210134835E+00-3.215535095E+00-3.219273124E+00-3.221217797E+00
-3.221238743E+00-3.219209644E+00-3.215009586E+00-3.208516648E+00-3.199613365E+00
-3.188201340E+00-3.174234320E+00-3.157604219E+00-3.138183593E+00-3.115839302E+00
-3.091201104E+00-3.064045096E+00-3.034263347E+00-3.001834251E+00-2.966817044E+00
-2.929208703E+00-2.889003610E+00-2.846206453E+00-2.800818162E+00-2.752838292E+00
-2.702266824E+00-2.649102865E+00-2.593344169E+00-2.534986704E+00-2.474024601E+00
-2.410450165E+00-2.344253882E+00-2.275424147E+00-2.203947239E+00-2.129806920E+00
-2.052984338E+00-1.973457691E+00-1.891202010E+00-1.806188863E+00-1.718386095E+00
-1.627757490E+00-1.534262440E+00-1.437855597E+00-1.338486459E+00-1.236098973E+00
-1.130631090E+00-1.022014318E+00-9.101732648E-01-7.950252180E-01-6.764797403E-01
-5.544383745E-01-4.287944667E-01-2.994332130E-01-1.662320120E-01-2.906127305E-02
 1.122141314E-01 2.577325359E-01 4.076319466E-01 5.620448836E-01 7.210910572E-01
 8.848671322E-01 1.053432546E+00 1.226789710E+00 1.404855717E+00 1.587419843E+00
 1.774073675E+00 1.964078776E+00 2.156051369E+00 2.346834824E+00 2.527477608E+00
 2.689226342E+00 2.830516318E+00 2.951359610E+00 3.051942450E+00 3.132441423E+00
 3.192994552E+00 3.233718140E+00 3.254750190E+00 3.256304916E+00 3.238739615E+00
 3.202675518E+00 3.149294051E+00 3.081315922E+00 3.006994990E+00 2.936667593E+00
 2.872425498E+00-2.060392421E+00-2.116889329E+00-2.166679549E+00-2.209434309E+00
-2.245856980E+00-2.280199939E+00-2.313592739E+00-2.346297049E+00-2.378525146E+00
-2.410416042E+00-2.442052011E+00-2.473476808E+00-2.504708648E+00-2.535748440E+00
-2.566585218E+00-2.597199837E+00-2.627567242E+00-2.657658386E+00-2.687441356E+00
-2.716882417E+00-2.745946610E+00-2.774598303E+00-2.802801705E+00-2.830521124E+00
-2.857721196E+00-2.884367197E+00-2.910425160E+00-2.935862007E+00-2.960645727E+00
-2.984745434E+00-3.008131538E+00-3.030775767E+00-3.052651441E+00-3.073733464E+00
-3.093998721E+00-3.113426497E+00-3.131999565E+00-3.149743330E+00-3.166659709E+00
-3.182718785E+00-3.197863820E+00-3.212016202E+00-3.225078599E+00-3.236935621E+00
-3.247456316E+00-3.256499831E+00-3.263921866E+00-3.269579823E+00-3.273335873E+00
-3.275058444E+00-3.274621993E+00-3.271905509E+00-3.266791779E+00-3.259167253E+00
-3.248920260E+00-3.235931167E+00-3.220084853E+00-3.201297085E+00-3.179553254E+00
-3.154764263E+00-3.126848728E+00-3.095799809E+00-3.062243873E+00-3.025966143E+00
-2.986912634E+00-2.945146400E+00-2.900663837E+00-2.853462154E+00-2.803550710E+00
-2.750935978E+00-2.695622375E+00-2.637611336E+00-2.576902356E+00-2.513493575E+00
-2.447381990E+00-2.378563222E+00-2.307031244E+00-2.232778112E+00-2.155793808E+00
-2.076065988E+00-1.993579867E+00-1.908318040E+00-1.820260303E+00-1.729383561E+00
-1.635661661E+00-1.539065242E+00-1.439561620E+00-1.337114674E+00-1.231684774E+00
-1.123228768E+00-1.011700042E+00-8.970486920E-01-7.792218610E-01-6.581642699E-01
-5.338190602E-01-4.061289996E-01-2.750382179E-01-1.404946153E-01-2.453175084E-03
 1.391195432E-01 2.842393415E-01 4.328962536E-01 5.850436379E-01 7.405834907E-01
 8.993464864E-01 1.061064344E+00 1.225330673E+00 1.391543653E+00 1.558819447E+00
 1.725859747E+00 1.890763233E+00 2.050852017E+00 2.202833362E+00 2.343579654E+00
 2.470857287E+00 2.583344042E+00 2.680321489E+00 2.761431521E+00 2.826547798E+00
 2.875723781E+00 2.909189207E+00 2.927384401E+00 2.931034671E+00 2.921277417E+00
 2.899854181E+00 2.869314107E+00 2.832929705E+00 2.793943726E+00 2.754704177E+00
-2.022650184E+00-2.078173254E+00-2.127322245E+00-2.169804969E+00-2.206537965E+00
-2.241513356E+00-2.275917819E+00-2.309849904E+00-2.343393420E+00-2.376622561E+00
-2.409593636E+00-2.442344102E+00-2.474894926E+00-2.507253606E+00-2.539417215E+00
-2.571374652E+00-2.603108767E+00-2.634597702E+00-2.665816230E+00-2.696736562E+00
-2.727329207E+00-2.757563452E+00-2.787407867E+00-2.816830732E+00-2.845800191E+00
-2.874284639E+00-2.902252861E+00-2.929674162E+00-2.956518566E+00-2.982756872E+00
-3.008360770E+00-3.033302937E+00-3.057557060E+00-3.081097910E+00-3.103901110E+00
-3.125942400E+00-3.147257899E+00-3.167885102E+00-3.187821354E+00-3.207030729E+00
-3.225451590E+00-3.242997107E+00-3.259549487E+00-3.274963826E+00-3.289080592E+00
-3.301736224E+00-3.312770298E+00-3.322030275E+00-3.329373619E+00-3.334668313E+00
-3.337792144E+00-3.338631078E+00-3.337077534E+00-3.333028036E+00-3.326380565E+00
-3.317031026E+00-3.304871914E+00-3.289791385E+00-3.271669611E+00-3.250366010E+00
-3.225743100E+00-3.197725002E+00-3.166324523E+00-3.131499460E+00-3.093305755E+00
-3.052517002E+00-3.008884786E+00-2.962363765E+00-2.913026292E+00-2.860883413E+00
-2.805948615E+00-2.748225946E+00-2.687717384E+00-2.624426591E+00-2.558357655E+00
-2.489514259E+00-2.417898959E+00-2.343512842E+00-2.266355286E+00-2.186423947E+00
-2.103714699E+00-2.018221553E+00-1.929936758E+00-1.838850792E+00-1.744952363E+00
-1.648228501E+00-1.548664646E+00-1.446244806E+00-1.340951788E+00-1.232767522E+00
-1.121673536E+00-1.007651579E+00-8.906844897E-01-7.707573196E-01-6.478588437E-01
-5.219835087E-01-3.931339748E-01-2.613243934E-01-1.265846086E-01 1.103443552E-02
 1.514538114E-01 2.945578046E-01 4.401826926E-01 5.881024161E-01 7.380102926E-01
 8.894957124E-01 1.042014685E+00 1.194853526E+00 1.347086877E+00 1.497536771E+00
 1.644751422E+00 1.787038464E+00 1.922586708E+00 2.049660379E+00 2.166780233E+00
 2.272812435E+00 2.366966107E+00 2.448748700E+00 2.517920753E+00 2.574467266E+00
 2.618590112E+00 2.650719502E+00 2.671541193E+00 2.682030458E+00 2.683474057E+00
 2.677443302E+00 2.665678439E+00 2.649889152E+00 2.631555333E+00-1.989466251E+00
-2.044410931E+00-2.093173232E+00-2.135441024E+00-2.171284919E+00-2.206608886E+00
-2.241671145E+00-2.276460864E+00-2.311006682E+00-2.345338752E+00-2.379483075E+00
-2.413458605E+00-2.447276191E+00-2.480938876E+00-2.514442649E+00-2.547777570E+00
-2.580928736E+00-2.613877296E+00-2.646601293E+00-2.679076352E+00-2.711276352E+00
-2.743173855E+00-2.774740551E+00-2.805947607E+00-2.836765918E+00-2.867166322E+00
-2.897119812E+00-2.926597708E+00-2.955571643E+00-2.984013869E+00-3.011897121E+00
-3.039194796E+00-3.065881063E+00-3.091931042E+00-3.117321927E+00-3.142035812E+00
-3.166186693E+00-3.189803153E+00-3.212876122E+00-3.235369229E+00-3.257211651E+00
-3.278282397E+00-3.298420540E+00-3.317444166E+00-3.335165337E+00-3.351400454E+00
-3.365977118E+00-3.378737387E+00-3.389537927E+00-3.398248698E+00-3.404751189E+00
-3.408936385E+00-3.410702943E+00-3.409955391E+00-3.406602406E+00-3.400554987E+00
-3.391724639E+00-3.380020736E+00-3.365346527E+00-3.347593694E+00-3.326638572E+00
-3.302340966E+00-3.274541229E+00-3.243062912E+00-3.207792194E+00-3.168794278E+00
-3.126103560E+00-3.079938652E+00-3.031070068E+00-2.979286597E+00-2.924652861E+00
-2.867149077E+00-2.806766525E+00-2.743518807E+00-2.677420108E+00-2.608484554E+00
-2.536724545E+00-2.462150760E+00-2.384772324E+00-2.304596930E+00-2.221631031E+00
-2.135880072E+00-2.047348626E+00-1.956040529E+00-1.861959122E+00-1.765107453E+00
-1.665488515E+00-1.563105619E+00-1.457962841E+00-1.350065585E+00-1.239421322E+00
-1.126040511E+00-1.009937784E+00-8.911334024E-01-7.696551001E-01-6.455403507E-01
-5.188391958E-01-3.896177096E-01-2.579622774E-01-1.239848109E-01 1.217088182E-02
 1.503213962E-01 2.902344670E-01 4.316179596E-01 5.741070065E-01 7.172494029E-01
 8.604898516E-01 1.003154554E+00 1.144439206E+00 1.283405646E+00 1.418994390E+00
 1.550059950E+00 1.675430218E+00 1.793980551E+00 1.904704528E+00 2.006764883E+00
 2.099519136E+00 2.182525495E+00 2.255538644E+00 2.318503862E+00 2.371553553E+00
 2.415007208E+00 2.449372316E+00 2.475340504E+00 2.493771441E+00 2.505655823E+00
 2.512054608E+00 2.514022494E+00 2.512534289E+00-1.957112125E+00-2.011516435E+00
-2.059945816E+00-2.102164700E+00-2.138894519E+00-2.174592058E+00-2.210188410E+00
-2.245684097E+00-2.281082278E+00-2.316388185E+00-2.351606469E+00-2.386739377E+00
-2.421785669E+00-2.456740055E+00-2.491593254E+00-2.526332302E+00-2.560940961E+00
-2.595400183E+00-2.629688634E+00-2.663783197E+00-2.697659302E+00-2.731291333E+00
-2.764652878E+00-2.797717080E+00-2.830456753E+00-2.862844595E+00-2.894853343E+00
-2.926455887E+00-2.957625293E+00-2.988334937E+00-3.018558447E+00-3.048269664E+00
-3.077442118E+00-3.106048138E+00-3.134055851E+00-3.161584501E+00-3.188714098E+00
-3.215474599E+00-3.241864842E+00-3.267838165E+00-3.293273307E+00-3.317992908E+00
-3.341789381E+00-3.364445819E+00-3.385752637E+00-3.405516800E+00-3.423564534E+00
-3.439740473E+00-3.453905276E+00-3.465932933E+00-3.475708246E+00-3.483124662E+00
-3.488082716E+00-3.490488739E+00-3.490253713E+00-3.487292496E+00-3.481522868E+00
-3.472864570E+00-3.461237866E+00-3.446561738E+00-3.428751355E+00-3.407714287E+00
-3.383343900E+00-3.355509498E+00-3.324047961E+00-3.288755560E+00-3.249392714E+00
-3.205798788E+00-3.158081633E+00-3.106361545E+00-3.052033658E+00-2.994714829E+00
-2.934346422E+00-2.871029082E+00-2.804789511E+00-2.735657957E+00-2.663656606E+00
-2.588805340E+00-2.511122217E+00-2.430624252E+00-2.347327856E+00-2.261249268E+00
-2.172404706E+00-2.080810776E+00-1.986484628E+00-1.889444368E+00-1.789709329E+00
-1.687300584E+00-1.582241492E+00-1.474558402E+00-1.364281536E+00-1.251446047E+00
-1.136093334E+00-1.018272605E+00-8.980427792E-01-7.754747460E-01-6.506540750E-01
-5.236842112E-01-3.946902594E-01-2.638234040E-01-1.312660104E-01 2.762502206E-03
 1.379991020E-01 2.741299482E-01 4.107828302E-01 5.475197237E-01 6.838303003E-01
 8.191276858E-01 9.527482879E-01 1.083957892E+00 1.211966064E+00 1.335949828E+00
 1.455085477E+00 1.568584828E+00 1.675730579E+00 1.775905922E+00 1.868615650E+00
 1.953498884E+00 2.030335244E+00 2.099046644E+00 2.159696581E+00 2.212487026E+00
 2.257752446E+00 2.295948806E+00 2.327635853E+00 2.353451233E+00 2.374077254E+00
 2.390203878E+00 2.402493475E+00-1.927100417E+00-1.981089193E+00-2.029322090E+00
-2.071546710E+00-2.108725013E+00-2.144786824E+00-2.180887660E+00-2.217042984E+00
-2.253241752E+00-2.289473733E+00-2.325728869E+00-2.361996291E+00-2.398263712E+00
-2.434517124E+00-2.470740579E+00-2.506916210E+00-2.543024468E+00-2.579044269E+00
-2.614953193E+00-2.650727815E+00-2.686343834E+00-2.721776332E+00-2.756999964E+00
-2.791989055E+00-2.826717755E+00-2.861160158E+00-2.895290336E+00-2.929082500E+00
-2.962510954E+00-2.995550237E+00-3.028175313E+00-3.060361788E+00-3.092086525E+00
-3.123328692E+00-3.154071878E+00-3.184548667E+00-3.214824767E+00-3.244937207E+00
-3.274872365E+00-3.304514754E+00-3.333670796E+00-3.362103701E+00-3.389564822E+00
-3.415817952E+00-3.440649960E+00-3.463872443E+00-3.485319493E+00-3.504843477E+00
-3.522311311E+00-3.537601093E+00-3.550599837E+00-3.561201489E+00-3.569305794E+00
-3.574817434E+00-3.577645337E+00-3.577702325E+00-3.574904786E+00-3.569172324E+00
-3.560427585E+00-3.548595637E+00-3.533603565E+00-3.515379208E+00-3.493849185E+00
-3.468935502E+00-3.440549838E+00-3.408583817E+00-3.372893758E+00-3.333284435E+00
-3.289497356E+00-3.241254461E+00-3.188526314E+00-3.131531510E+00-3.070753799E+00
-3.007207596E+00-2.940657487E+00-2.871190203E+00-2.798817315E+00-2.723566375E+00
-2.645461276E+00-2.564526782E+00-2.480788006E+00-2.394270873E+00-2.305002378E+00
-2.213010868E+00-2.118326281E+00-2.020980435E+00-1.921007500E+00-1.818444322E+00
-1.713331119E+00-1.605712189E+00-1.495636831E+00-1.383160438E+00-1.268345790E+00
-1.151264571E+00-1.031999139E+00-9.106445716E-01-7.873110184E-01-6.621263958E-01
-5.352394217E-01-4.068230140E-01-2.770780227E-01-1.462372496E-01-1.456961297E-02
 1.176156920E-01 2.499653727E-01 3.820789838E-01 5.135072266E-01 6.437523696E-01
 7.722716197E-01 8.984842026E-01 1.021782697E+00 1.141548471E+00 1.257170467E+00
 1.368065702E+00 1.473699501E+00 1.573603631E+00 1.667390943E+00 1.754766032E+00
 1.835531999E+00 1.909593706E+00 1.976957963E+00 2.037730752E+00 2.092111305E+00
 2.140382821E+00 2.182899377E+00 2.220069290E+00 2.252335831E+00 2.280156786E+00
 2.303985019E+00-1.899523656E+00-1.953373805E+00-2.001521772E+00-2.043749046E+00
-2.080242115E+00-2.116617176E+00-2.153244703E+00-2.190074644E+00-2.227084966E+00
-2.264254065E+00-2.301560335E+00-2.338981976E+00-2.376496861E+00-2.414082549E+00
-2.451716119E+00-2.489374201E+00-2.527033096E+00-2.564668700E+00-2.602256637E+00
-2.639772335E+00-2.677191051E+00-2.714487942E+00-2.751638129E+00-2.788616750E+00
-2.825398926E+00-2.861959834E+00-2.898274710E+00-2.934318790E+00-2.970067369E+00
-3.005495682E+00-3.040579023E+00-3.075292803E+00-3.109613246E+00-3.143519637E+00
-3.177224758E+00-3.210861498E+00-3.244519338E+00-3.278234555E+00-3.311909913E+00
-3.345339200E+00-3.378254682E+00-3.410374577E+00-3.441435529E+00-3.471204974E+00
-3.499481525E+00-3.526090148E+00-3.550876271E+00-3.573700689E+00-3.594435668E+00
-3.612962018E+00-3.629167275E+00-3.642944302E+00-3.654190555E+00-3.662807444E+00
-3.668700136E+00-3.671777326E+00-3.671951158E+00-3.669137304E+00-3.663254920E+00
-3.654226771E+00-3.641979145E+00-3.626441954E+00-3.607548291E+00-3.585233938E+00
-3.559435978E+00-3.530090486E+00-3.497127994E+00-3.460465666E+00-3.419992606E+00
-3.375544670E+00-3.326868598E+00-3.273582738E+00-3.215341284E+00-3.152337370E+00
-3.085105456E+00-3.015199590E+00-2.942297279E+00-2.866503120E+00-2.787831026E+00
-2.706315197E+00-2.621987762E+00-2.534883521E+00-2.445039253E+00-2.352494137E+00
-2.257289816E+00-2.159470663E+00-2.059083939E+00-1.956180277E+00-1.850814198E+00
-1.743044806E+00-1.632936732E+00-1.520561173E+00-1.405997100E+00-1.289332629E+00
-1.170666570E+00-1.050110134E+00-9.277888651E-01-8.038447452E-01-6.784384673E-01
-5.517518918E-01-4.239905581E-01-2.953862442E-01-1.661993793E-01-3.672117860E-02
 9.272476105E-02 2.217816966E-01 3.500601506E-01 4.771398887E-01 6.025737888E-01
 7.258938768E-01 8.466195914E-01 9.642680615E-01 1.078365920E+00 1.188461911E+00
 1.294139352E+00 1.395027644E+00 1.490812080E+00 1.581241498E+00 1.666133592E+00
 1.745377791E+00 1.818935777E+00 1.886839653E+00 1.949187795E+00 2.006138400E+00
 2.057901002E+00 2.104726012E+00 2.146893296E+00 2.184700116E+00 2.218449669E+00
-1.871368771E+00-1.924971878E+00-1.973058444E+00-2.015420681E+00-2.052715421E+00
-2.089550032E+00-2.126766295E+00-2.164330475E+00-2.202210929E+00-2.240375258E+00
-2.278790909E+00-2.317425600E+00-2.356247707E+00-2.395226439E+00-2.434331917E+00
-2.473535172E+00-2.512808108E+00-2.552123421E+00-2.591454566E+00-2.630775538E+00
-2.670060991E+00-2.709285988E+00-2.748425996E+00-2.787456853E+00-2.826354646E+00
-2.865095640E+00-2.903656233E+00-2.942012861E+00-2.980141808E+00-3.018019006E+00
-3.055619538E+00-3.092916410E+00-3.129877437E+00-3.166676664E+00-3.203512127E+00
-3.240526655E+00-3.277819264E+00-3.315328742E+00-3.352843859E+00-3.390066671E+00
-3.426680653E+00-3.462394314E+00-3.496955809E+00-3.530151408E+00-3.561797880E+00
-3.591734666E+00-3.619817329E+00-3.645912941E+00-3.669896947E+00-3.691651009E+00
-3.711061713E+00-3.728019754E+00-3.742419388E+00-3.754158267E+00-3.763137140E+00
-3.769260014E+00-3.772434109E+00-3.772570040E+00-3.769581927E+00-3.763387610E+00
-3.753908883E+00-3.741071765E+00-3.724806613E+00-3.705048360E+00-3.681736509E+00
-3.654814829E+00-3.624230710E+00-3.589933307E+00-3.551869642E+00-3.509976875E+00
-3.464166956E+00-3.414298588E+00-3.360135078E+00-3.301289096E+00-3.237257630E+00
-3.167996055E+00-3.094132249E+00-3.017686358E+00-2.938268418E+00-2.856001395E+00
-2.770907787E+00-2.683033420E+00-2.592423754E+00-2.499128277E+00-2.403199773E+00
-2.304694203E+00-2.203670727E+00-2.100191853E+00-1.994323853E+00-1.886137552E+00
-1.775709315E+00-1.663121989E+00-1.548466051E+00-1.431840780E+00-1.313355540E+00
-1.193131138E+00-1.071301313E+00-9.480142920E-01-8.234344210E-01-6.977438259E-01
-5.711440252E-01-4.438574533E-01-3.161287372E-01-1.882256339E-01-6.043944844E-02
 6.691523922E-02 1.935017323E-01 3.189634320E-01 4.429272487E-01 5.650082718E-01
 6.848156659E-01 8.019596147E-01 9.160590430E-01 1.026749695E+00 1.133692134E+00
 1.236579194E+00 1.335142505E+00 1.429157762E+00 1.518448530E+00 1.602888515E+00
 1.682402195E+00 1.756963865E+00 1.826595141E+00 1.891361027E+00 1.951364722E+00
 2.006741437E+00 2.057651599E+00 2.104273866E+00 2.146798289E+00-1.843601462E+00
-1.896968539E+00-1.945055770E+00-1.987628094E+00-2.025668758E+00-2.063064609E+00
-2.100967773E+00-2.139368562E+00-2.178223048E+00-2.217485675E+00-2.257111197E+00
-2.297055823E+00-2.337277833E+00-2.377737988E+00-2.418399568E+00-2.459228238E+00
-2.500191909E+00-2.541260390E+00-2.582405296E+00-2.623599632E+00-2.664817647E+00
-2.706034655E+00-2.747226743E+00-2.788370718E+00-2.829443870E+00-2.870423875E+00
-2.911288722E+00-2.952016457E+00-2.992585260E+00-3.032973487E+00-3.073160210E+00
-3.113127042E+00-3.152864138E+00-3.192720579E+00-3.232888739E+00-3.273531640E+00
-3.314647887E+00-3.356034619E+00-3.397367075E+00-3.438291914E+00-3.478487106E+00
-3.517680227E+00-3.555644855E+00-3.592189797E+00-3.627148814E+00-3.660372800E+00
-3.691724274E+00-3.721073835E+00-3.748298051E+00-3.773277946E+00-3.795898226E+00
-3.816046754E+00-3.833614322E+00-3.848494549E+00-3.860583826E+00-3.869781409E+00
-3.875989619E+00-3.879113877E+00-3.879063012E+00-3.875749498E+00-3.869089702E+00
-3.859004219E+00-3.845418192E+00-3.828261614E+00-3.807469744E+00-3.782983308E+00
-3.754748709E+00-3.722717949E+00-3.686848050E+00-3.647099560E+00-3.603433395E+00
-3.555804388E+00-3.504148767E+00-3.448357904E+00-3.388227798E+00-3.323378829E+00
-3.253204531E+00-3.177432249E+00-3.096774151E+00-3.013620042E+00-2.927543527E+00
-2.838685459E+00-2.747084457E+00-2.652803244E+00-2.555905669E+00-2.456459707E+00
-2.354535889E+00-2.250206920E+00-2.143548197E+00-2.034639106E+00-1.923564164E+00
-1.810414102E+00-1.695286845E+00-1.578288485E+00-1.459534243E+00-1.339149505E+00
-1.217270864E+00-1.094047248E+00-9.696410037E-01-8.442290018E-01-7.180036144E-01
-5.911735723E-01-4.639645808E-01-3.366196177E-01-2.093988197E-01-8.257883820E-02
 4.354841511E-02 1.686777172E-01 2.924932299E-01 4.146719333E-01 5.348877572E-01
 6.528162776E-01 7.681398137E-01 8.805526907E-01 9.897664329E-01 1.095514624E+00
 1.197557208E+00 1.295684045E+00 1.389717586E+00 1.479514576E+00 1.564966753E+00
 1.646000557E+00 1.722575893E+00 1.794684055E+00 1.862344943E+00 1.925603736E+00
 1.984527244E+00 2.039200219E+00 2.089721675E+00-1.816631478E+00-1.869969443E+00
-1.918121010E+00-1.960904332E+00-1.998624343E+00-2.036618444E+00-2.075354419E+00
-2.114747823E+00-2.154733993E+00-2.195248656E+00-2.236230134E+00-2.277620974E+00
-2.319368626E+00-2.361425420E+00-2.403748418E+00-2.446298846E+00-2.489041611E+00
-2.531944800E+00-2.574979095E+00-2.618117426E+00-2.661334525E+00-2.704606577E+00
-2.747910970E+00-2.791226040E+00-2.834530821E+00-2.877804850E+00-2.921028053E+00
-2.964180393E+00-3.007241642E+00-3.050190657E+00-3.093003917E+00-3.135651037E+00
-3.178402347E+00-3.221539632E+00-3.265297392E+00-3.309769725E+00-3.354787892E+00
-3.400009965E+00-3.445044390E+00-3.489534646E+00-3.533184806E+00-3.575754145E+00
-3.617042829E+00-3.656878923E+00-3.695108786E+00-3.731590810E+00-3.766191408E+00
-3.798782594E+00-3.829240587E+00-3.857444861E+00-3.883277680E+00-3.906623867E+00
-3.927370685E+00-3.945407801E+00-3.960627419E+00-3.972924263E+00-3.982195925E+00
-3.988342904E+00-3.991268913E+00-3.990881099E+00-3.987090383E+00-3.979811759E+00
-3.968964675E+00-3.954473329E+00-3.936267147E+00-3.914281237E+00-3.888456673E+00
-3.858740922E+00-3.825088177E+00-3.787459452E+00-3.745822367E+00-3.700150336E+00
-3.650420340E+00-3.596607576E+00-3.538673406E+00-3.476538965E+00-3.410028520E+00
-3.338768734E+00-3.262070707E+00-3.179487624E+00-3.091873705E+00-3.001842718E+00
-2.908977725E+00-2.813436357E+00-2.715283181E+00-2.614603300E+00-2.511480675E+00
-2.405995607E+00-2.298228606E+00-2.188263480E+00-2.076189149E+00-1.962100794E+00
-1.846100558E+00-1.728297983E+00-1.608810707E+00-1.487765056E+00-1.365296750E+00
-1.241551639E+00-1.116686430E+00-9.908693733E-01-8.642808637E-01-7.371139012E-01
-6.095743624E-01-4.818810154E-01-3.542652313E-01-2.269703175E-01-1.002504602E-01
 2.563080471E-02 1.504025478E-01 2.737888540E-01 3.955116127E-01 5.152936188E-01
 6.328618693E-01 7.479509340E-01 8.603062511E-01 9.696872221E-01 1.075869958E+00
 1.178649593E+00 1.277842094E+00 1.373285508E+00 1.464840656E+00 1.552391294E+00
 1.635843800E+00 1.715126446E+00 1.790188367E+00 1.860998344E+00 1.927543477E+00
 1.989827906E+00 2.047871576E+00-1.787646924E+00-1.840757131E+00-1.888973096E+00
-1.932116087E+00-1.970747679E+00-2.009612318E+00-2.049409619E+00-2.090031826E+00
-2.131380753E+00-2.173364340E+00-2.215899809E+00-2.258914455E+00-2.302345188E+00
-2.346137536E+00-2.390244338E+00-2.434624609E+00-2.479242425E+00-2.524065988E+00
-2.569066871E+00-2.614219380E+00-2.659499953E+00-2.704886848E+00-2.750359624E+00
-2.795898959E+00-2.841486370E+00-2.887104008E+00-2.932734494E+00-2.978360853E+00
-3.023966729E+00-3.069537127E+00-3.115061057E+00-3.160539297E+00-3.206452457E+00
-3.253082843E+00-3.300638237E+00-3.349020435E+00-3.397888399E+00-3.446812498E+00
-3.495396161E+00-3.543315031E+00-3.590311026E+00-3.636174192E+00-3.680726320E+00
-3.723809193E+00-3.765277309E+00-3.804993323E+00-3.842825334E+00-3.878645356E+00
-3.912328368E+00-3.943751828E+00-3.972795405E+00-3.999340858E+00-4.023272003E+00
-4.044474765E+00-4.062837379E+00-4.078250381E+00-4.090606868E+00-4.099802707E+00
-4.105736789E+00-4.108311219E+00-4.107431671E+00-4.103007709E+00-4.094953146E+00
-4.083186403E+00-4.067630959E+00-4.048215720E+00-4.024875637E+00-3.997552017E+00
-3.966193160E+00-3.930754810E+00-3.891200653E+00-3.847502710E+00-3.799641467E+00
-3.747605415E+00-3.691389224E+00-3.630988709E+00-3.566388872E+00-3.497536078E+00
-3.424273700E+00-3.346215862E+00-3.262573428E+00-3.172797988E+00-3.078059300E+00
-2.980980974E+00-2.881225423E+00-2.778971477E+00-2.674325381E+00-2.567361409E+00
-2.458154220E+00-2.346785296E+00-2.233344371E+00-2.117928758E+00-2.000642901E+00
-1.881597849E+00-1.760911499E+00-1.638708755E+00-1.515121994E+00-1.390291538E+00
-1.264366142E+00-1.137503449E+00-1.009870365E+00-8.816433401E-01-7.530084839E-01
-6.241615156E-01-4.953074920E-01-3.666602926E-01-2.384418497E-01-1.108811006E-01
 1.578731123E-02 1.413245883E-01 2.654895261E-01 3.880404086E-01 5.087369896E-01
 6.273424764E-01 7.436254378E-01 8.573615773E-01 9.683352969E-01 1.076341028E+00
 1.181184282E+00 1.282682473E+00 1.380665483E+00 1.474976094E+00 1.565470284E+00
 1.652017515E+00 1.734501058E+00 1.812818455E+00 1.886882135E+00 1.956620216E+00
 2.021977487E+00-1.756593862E+00-1.809278250E+00-1.857561626E+00-1.901240217E+00
-1.941257362E+00-1.981370549E+00-2.022604997E+00-2.064821614E+00-2.107867516E+00
-2.151614134E+00-2.195956601E+00-2.240810140E+00-2.286105924E+00-2.331787720E+00
-2.377808985E+00-2.424130616E+00-2.470719399E+00-2.517546657E+00-2.564587219E+00
-2.611818763E+00-2.659221135E+00-2.706775909E+00-2.754465954E+00-2.802275247E+00
-2.850188498E+00-2.898191001E+00-2.946268338E+00-2.994406035E+00-3.042588861E+00
-3.090798815E+00-3.139010029E+00-3.187576794E+00-3.236877993E+00-3.287239626E+00
-3.338695197E+00-3.390940233E+00-3.443513943E+00-3.495973503E+00-3.547958981E+00
-3.599190339E+00-3.649445010E+00-3.698537343E+00-3.746304219E+00-3.792596357E+00
-3.837272963E+00-3.880198707E+00-3.921242018E+00-3.960274057E+00-3.997168155E+00
-4.031799601E+00-4.064045409E+00-4.093784412E+00-4.120897171E+00-4.145266162E+00
-4.166775878E+00-4.185312925E+00-4.200766289E+00-4.213027499E+00-4.221990871E+00
-4.227553763E+00-4.229616908E+00-4.228084678E+00-4.222865478E+00-4.213872130E+00
-4.201022281E+00-4.184238810E+00-4.163450408E+00-4.138591989E+00-4.109605284E+00
-4.076439430E+00-4.039051621E+00-3.997407676E+00-3.951482696E+00-3.901261606E+00
-3.846739424E+00-3.787920880E+00-3.724818685E+00-3.657448418E+00-3.585815524E+00
-3.509883612E+00-3.429496698E+00-3.344215964E+00-3.253094237E+00-3.155630732E+00
-3.053593675E+00-2.949347543E+00-2.842875983E+00-2.734132257E+00-2.623161882E+00
-2.510039751E+00-2.394858215E+00-2.277719197E+00-2.158730552E+00-2.038004842E+00
-1.915659241E+00-1.791815843E+00-1.666602068E+00-1.540151074E+00-1.412602153E+00
-1.284101084E+00-1.154800425E+00-1.024859724E+00-8.944456299E-01-7.637318638E-01
-6.328990851E-01-5.021345780E-01-3.716318118E-01-2.415898364E-01-1.122125653E-01
 1.629205793E-02 1.437129668E-01 2.698369127E-01 3.944493974E-01 5.173355532E-01
 6.382809235E-01 7.570721384E-01 8.734974289E-01 9.873470256E-01 1.098413457E+00
 1.206491785E+00 1.311379888E+00 1.412878866E+00 1.510793696E+00 1.604934228E+00
 1.695116626E+00 1.781165327E+00 1.862915501E+00 1.940215994E+00 2.012932653E+00
-1.723476549E+00-1.775573070E+00-1.823914704E+00-1.868381698E+00-1.909209461E+00
-1.951163161E+00-1.994490148E+00-2.038864471E+00-2.084066799E+00-2.129943355E+00
-2.176384252E+00-2.223308725E+00-2.270655640E+00-2.318377445E+00-2.366436180E+00
-2.414800861E+00-2.463445619E+00-2.512348462E+00-2.561490361E+00-2.610854497E+00
-2.660425852E+00-2.710190707E+00-2.760136390E+00-2.810251062E+00-2.860523502E+00
-2.910942976E+00-2.961499349E+00-3.012183283E+00-3.062987258E+00-3.113908736E+00
-3.164958840E+00-3.216733805E+00-3.269621174E+00-3.323833979E+00-3.379156127E+00
-3.435114292E+00-3.491213736E+00-3.547049088E+00-3.602311302E+00-3.656761343E+00
-3.710204235E+00-3.762471302E+00-3.813409329E+00-3.862874303E+00-3.910727873E+00
-3.956835366E+00-4.001064689E+00-4.043285783E+00-4.083370176E+00-4.121190948E+00
-4.156622652E+00-4.189541293E+00-4.219824465E+00-4.247351410E+00-4.272003172E+00
-4.293662752E+00-4.312215280E+00-4.327548216E+00-4.339551651E+00-4.348118430E+00
-4.353144615E+00-4.354529675E+00-4.352176822E+00-4.345993531E+00-4.335891790E+00
-4.321788626E+00-4.303606608E+00-4.281274253E+00-4.254726707E+00-4.223906264E+00
-4.188762990E+00-4.149255397E+00-4.105351164E+00-4.057027795E+00-4.004273276E+00
-3.947086677E+00-3.885478306E+00-3.819469246E+00-3.749089201E+00-3.674370107E+00
-3.595329808E+00-3.511930306E+00-3.423971338E+00-3.330854907E+00-3.231310973E+00
-3.125094610E+00-3.016927297E+00-2.906206848E+00-2.793174317E+00-2.677940559E+00
-2.560628601E+00-2.441358270E+00-2.320245113E+00-2.197403493E+00-2.072948919E+00
-1.946999261E+00-1.819675557E+00-1.691102440E+00-1.561408552E+00-1.430726840E+00
-1.299194836E+00-1.166954882E+00-1.034154283E+00-9.009453852E-01-7.674855884E-01
-6.339372515E-01-5.004675588E-01-3.672483158E-01-2.344557212E-01-1.022701366E-01
 2.912413296E-02 1.595389740E-01 2.887825168E-01 4.166590594E-01 5.429688324E-01
 6.675076219E-01 7.900662262E-01 9.104298203E-01 1.028377288E+00 1.143680602E+00
 1.256104442E+00 1.365406202E+00 1.471336563E+00 1.573640880E+00 1.672061500E+00
 1.766341164E+00 1.856227470E+00 1.941478339E+00 2.021868238E+00-1.684355283E+00
-1.734593379E+00-1.782850325E+00-1.829095778E+00-1.873139940E+00-1.918526867E+00
-1.965043120E+00-2.012325276E+00-2.060203145E+00-2.108577592E+00-2.157384537E+00
-2.206579413E+00-2.256129395E+00-2.306009196E+00-2.356198624E+00-2.406681152E+00
-2.457442788E+00-2.508471576E+00-2.559756977E+00-2.611289630E+00-2.663061010E+00
-2.715063269E+00-2.767289024E+00-2.819731280E+00-2.872383197E+00-2.925238090E+00
-2.978289002E+00-3.031528183E+00-3.084945246E+00-3.138521860E+00-3.192664036E+00
-3.247858547E+00-3.304511693E+00-3.362581716E+00-3.421629725E+00-3.481111006E+00
-3.540563048E+00-3.599637913E+00-3.658074320E+00-3.715665146E+00-3.772234912E+00
-3.827626082E+00-3.881691446E+00-3.934289940E+00-3.985284219E+00-4.034539532E+00
-4.081922857E+00-4.127302699E+00-4.170548806E+00-4.211532183E+00-4.250124980E+00
-4.286200722E+00-4.319634195E+00-4.350301694E+00-4.378081104E+00-4.402852075E+00
-4.424496152E+00-4.442897055E+00-4.457940844E+00-4.469516180E+00-4.477514685E+00
-4.481831122E+00-4.482363839E+00-4.479015059E+00-4.471691383E+00-4.460304161E+00
-4.444769935E+00-4.425011042E+00-4.400956058E+00-4.372540418E+00-4.339707075E+00
-4.302407045E+00-4.260600177E+00-4.214255856E+00-4.163353639E+00-4.107884089E+00
-4.047849356E+00-3.983263743E+00-3.914153871E+00-3.840558051E+00-3.762523873E+00
-3.680100999E+00-3.593322101E+00-3.502152125E+00-3.406353564E+00-3.305195823E+00
-3.197430547E+00-3.083839585E+00-2.968317010E+00-2.850503862E+00-2.730608365E+00
-2.608771665E+00-2.485106148E+00-2.359719803E+00-2.232721705E+00-2.104222943E+00
-1.974336504E+00-1.843177228E+00-1.710861972E+00-1.577509908E+00-1.443242787E+00
-1.308185241E+00-1.172465001E+00-1.036213096E+00-8.995639950E-01-7.626557104E-01
-6.256299170E-01-4.886320615E-01-3.518115322E-01-2.153219067E-01-7.932131394E-02
 5.602703676E-02 1.905541397E-01 3.240842367E-01 4.564336078E-01 5.874090992E-01
 7.168063964E-01 8.444081030E-01 9.699817182E-01 1.093277670E+00 1.214027627E+00
 1.331943374E+00 1.446716616E+00 1.558020095E+00 1.665510378E+00 1.768832626E+00
 1.867627421E+00 1.961539554E+00 2.050228363E+00-1.639433296E+00-1.685967174E+00
-1.733964305E+00-1.783434889E+00-1.834117623E+00-1.884842260E+00-1.935465638E+00
-1.986159906E+00-2.037018040E+00-2.088088180E+00-2.139396698E+00-2.190958688E+00
-2.242782890E+00-2.294874264E+00-2.347235485E+00-2.399867792E+00-2.452771438E+00
-2.505946151E+00-2.559391136E+00-2.613105406E+00-2.667087720E+00-2.721336664E+00
-2.775850669E+00-2.830628008E+00-2.885666862E+00-2.940965351E+00-2.996522040E+00
-3.052337104E+00-3.108415756E+00-3.164777257E+00-3.222097152E+00-3.280875372E+00
-3.341330549E+00-3.403134727E+00-3.465710289E+00-3.528525412E+00-3.591179433E+00
-3.653380086E+00-3.714903701E+00-3.775565885E+00-3.835204006E+00-3.893667540E+00
-3.950812808E+00-4.006500177E+00-4.060592554E+00-4.112954608E+00-4.163452249E+00
-4.211952551E+00-4.258323554E+00-4.302434270E+00-4.344154793E+00-4.383356227E+00
-4.419910896E+00-4.453692363E+00-4.484575646E+00-4.512437254E+00-4.537155460E+00
-4.558610494E+00-4.576684639E+00-4.591262660E+00-4.602231917E+00-4.609482735E+00
-4.612908734E+00-4.612407233E+00-4.607879546E+00-4.599231460E+00-4.586373763E+00
-4.569222630E+00-4.547700221E+00-4.521735250E+00-4.491263576E+00-4.456228833E+00
-4.416583062E+00-4.372287488E+00-4.323313201E+00-4.269641910E+00-4.211266754E+00
-4.148193063E+00-4.080439225E+00-4.008037348E+00-3.931033841E+00-3.849489315E+00
-3.763476570E+00-3.673072902E+00-3.578334951E+00-3.479221675E+00-3.375368997E+00
-3.265618298E+00-3.148846303E+00-3.027683308E+00-2.904675994E+00-2.779849630E+00
-2.653227255E+00-2.524890195E+00-2.394938300E+00-2.263476188E+00-2.130608844E+00
-1.996440692E+00-1.861075888E+00-1.724618760E+00-1.587174315E+00-1.448848649E+00
-1.309749297E+00-1.169985497E+00-1.029668427E+00-8.889114464E-01-7.478303518E-01
-6.065437160E-01-4.651733224E-01-3.238447582E-01-1.826882193E-01-4.183955341E-02
 9.855836612E-02 2.383539084E-01 3.773845290E-01 5.154741636E-01 6.524301392E-01
 7.880396424E-01 9.220658084E-01 1.054243618E+00 1.184275864E+00 1.311829639E+00
 1.436533931E+00 1.557979098E+00 1.675719044E+00 1.789276885E+00 1.898154579E+00
 2.001846513E+00 2.099856396E+00-1.600040152E+00-1.644145523E+00-1.692064328E+00
-1.743879022E+00-1.799124130E+00-1.853955670E+00-1.908112183E+00-1.961921129E+00
-2.015589514E+00-2.069250071E+00-2.122990538E+00-2.176870851E+00-2.230933232E+00
-2.285208238E+00-2.339718599E+00-2.394481639E+00-2.449510727E+00-2.504816559E+00
-2.560407701E+00-2.616291244E+00-2.672473060E+00-2.728958129E+00-2.785750655E+00
-2.842854107E+00-2.900271178E+00-2.958003438E+00-3.016050597E+00-3.074408817E+00
-3.133067383E+00-3.192431665E+00-3.253104603E+00-3.315580412E+00-3.379765772E+00
-3.445110525E+00-3.511009154E+00-3.576990796E+00-3.642719507E+00-3.707948249E+00
-3.772480421E+00-3.836146918E+00-3.898793381E+00-3.960273534E+00-4.020445611E+00
-4.079170563E+00-4.136311084E+00-4.191731028E+00-4.245295261E+00-4.296869459E+00
-4.346320055E+00-4.393514336E+00-4.438320421E+00-4.480607319E+00-4.520245069E+00
-4.557104792E+00-4.591058832E+00-4.621980869E+00-4.649746154E+00-4.674231621E+00
-4.695316105E+00-4.712880612E+00-4.726808567E+00-4.736986035E+00-4.743302176E+00
-4.745649487E+00-4.743924221E+00-4.738026821E+00-4.727862394E+00-4.713341129E+00
-4.694378890E+00-4.670897761E+00-4.642826627E+00-4.610101797E+00-4.572667657E+00
-4.530477392E+00-4.483493683E+00-4.431689459E+00-4.375048753E+00-4.313567496E+00
-4.247254466E+00-4.176132199E+00-4.100238093E+00-4.019625298E+00-3.934363341E+00
-3.844537520E+00-3.750244293E+00-3.651575626E+00-3.548570156E+00-3.441069069E+00
-3.328330179E+00-3.208559374E+00-3.082326887E+00-2.954406610E+00-2.824517904E+00
-2.692857157E+00-2.559564426E+00-2.424753088E+00-2.288523264E+00-2.150968197E+00
-2.012177564E+00-1.872239023E+00-1.731239353E+00-1.589264934E+00-1.446402135E+00
-1.302737582E+00-1.158358372E+00-1.013352313E+00-8.678082126E-01-7.218162785E-01
-5.754686785E-01-4.288603006E-01-2.820898018E-01-1.352609835E-01 1.151538128E-02
 1.581192189E-01 3.044181974E-01 4.502640509E-01 5.954880700E-01 7.398957021E-01
 8.832602112E-01 1.025315458E+00 1.165748039E+00 1.304189249E+00 1.440207746E+00
 1.573304254E+00 1.702910117E+00 1.828391864E+00 1.949063568E+00 2.064207803E+00
 2.173104028E+00-1.569080205E+00-1.612380130E+00-1.660417920E+00-1.713352023E+00
-1.770923383E+00-1.828031915E+00-1.884586912E+00-1.940791167E+00-1.996796864E+00
-2.052724548E+00-2.108667424E+00-2.164697284E+00-2.220869664E+00-2.277228083E+00
-2.333807053E+00-2.390634458E+00-2.447733104E+00-2.505122021E+00-2.562817309E+00
-2.620832806E+00-2.679180620E+00-2.737871565E+00-2.796915369E+00-2.856320944E+00
-2.916096584E+00-2.976249904E+00-3.036787474E+00-3.097713439E+00-3.159025049E+00
-3.221442184E+00-3.285589797E+00-3.351736280E+00-3.419473027E+00-3.488139258E+00
-3.557173597E+00-3.626177940E+00-3.694871048E+00-3.763038937E+00-3.830503571E+00
-3.897105844E+00-3.962696512E+00-4.027131779E+00-4.090270829E+00-4.151974729E+00
-4.212105669E+00-4.270526691E+00-4.327101611E+00-4.381694790E+00-4.434171305E+00
-4.484396794E+00-4.532237653E+00-4.577561030E+00-4.620234871E+00-4.660128089E+00
-4.697110624E+00-4.731053581E+00-4.761829417E+00-4.789312028E+00-4.813377030E+00
-4.833901921E+00-4.850766389E+00-4.863852523E+00-4.873045146E+00-4.878232180E+00
-4.879304997E+00-4.876158824E+00-4.868693248E+00-4.856812626E+00-4.840426638E+00
-4.819450821E+00-4.793807239E+00-4.763424952E+00-4.728240792E+00-4.688199997E+00
-4.643256916E+00-4.593375817E+00-4.538531568E+00-4.478710585E+00-4.413911590E+00
-4.344146674E+00-4.269442151E+00-4.189839585E+00-4.105396778E+00-4.016188274E+00
-3.922305320E+00-3.823853193E+00-3.720942594E+00-3.613662793E+00-3.501998270E+00
-3.385568418E+00-3.263021990E+00-3.132979158E+00-2.999104880E+00-2.863604645E+00
-2.726552958E+00-2.588023839E+00-2.448089606E+00-2.306820750E+00-2.164286217E+00
-2.020553594E+00-1.875689303E+00-1.729758691E+00-1.582826039E+00-1.434954576E+00
-1.286206502E+00-1.136643062E+00-9.863247020E-01-8.353113719E-01-6.836629979E-01
-5.314402054E-01-3.787053578E-01-2.255239867E-01-7.196674713E-02 8.188800554E-02
 2.359508147E-01 3.901167433E-01 5.442597487E-01 6.982255596E-01 8.518227684E-01
 1.004811833E+00 1.156891818E+00 1.307684955E+00 1.456719709E+00 1.603414001E+00
 1.747062071E+00 1.886830282E+00 2.021768484E+00 2.150842071E+00 2.272984252E+00
-1.545441685E+00-1.588628313E+00-1.636935037E+00-1.690522619E+00-1.748394096E+00
-1.806910484E+00-1.865137800E+00-1.923144588E+00-1.981022633E+00-2.038856545E+00
-2.096720570E+00-2.154678206E+00-2.212783109E+00-2.271080484E+00-2.329608545E+00
-2.388399748E+00-2.447481918E+00-2.506879161E+00-2.566612637E+00-2.626701082E+00
-2.687161453E+00-2.748009154E+00-2.809258660E+00-2.870923767E+00-2.933018331E+00
-2.995557271E+00-3.058558918E+00-3.122050826E+00-3.186084637E+00-3.251650037E+00
-3.319330087E+00-3.389024742E+00-3.460094516E+00-3.531876169E+00-3.603884263E+00
-3.675786945E+00-3.747344424E+00-3.818365929E+00-3.888685846E+00-3.958151385E+00
-4.026616501E+00-4.093938771E+00-4.159977788E+00-4.224594406E+00-4.287650231E+00
-4.349007532E+00-4.408529118E+00-4.466078226E+00-4.521518613E+00-4.574714583E+00
-4.625530959E+00-4.673833188E+00-4.719487430E+00-4.762360565E+00-4.802320401E+00
-4.839235679E+00-4.872976299E+00-4.903413423E+00-4.930419626E+00-4.953869190E+00
-4.973638256E+00-4.989605154E+00-5.001650619E+00-5.009658154E+00-5.013514442E+00
-5.013109711E+00-5.008338123E+00-4.999098375E+00-4.985294065E+00-4.966834353E+00
-4.943634522E+00-4.915616520E+00-4.882709719E+00-4.844851471E+00-4.801987947E+00
-4.754074716E+00-4.701077672E+00-4.642973642E+00-4.579751385E+00-4.511412318E+00
-4.437971438E+00-4.359458275E+00-4.275917747E+00-4.187411006E+00-4.094016338E+00
-3.995829271E+00-3.892962037E+00-3.785539175E+00-3.673682275E+00-3.557456446E+00
-3.436686884E+00-3.310396188E+00-3.176380011E+00-3.036759862E+00-2.895672376E+00
-2.753156543E+00-2.609257063E+00-2.464020830E+00-2.317495145E+00-2.169726898E+00
-2.020761821E+00-1.870644075E+00-1.719415819E+00-1.567116787E+00-1.413784020E+00
-1.259451632E+00-1.104150684E+00-9.479092136E-01-7.907524296E-01-6.327031452E-01
-4.737825008E-01-3.140110962E-01-1.534106095E-01 7.993915264E-03 1.701709105E-01
 3.330779975E-01 4.966561929E-01 6.608221287E-01 8.254576255E-01 9.903957431E-01
 1.155402200E+00 1.320150815E+00 1.484191696E+00 1.646911807E+00 1.807490551E+00
 1.964860006E+00 2.117690788E+00 2.264432451E+00 2.403424451E+00-1.525361976E+00
-1.568528568E+00-1.617131978E+00-1.671327361E+00-1.730317444E+00-1.789939196E+00
-1.849438109E+00-1.908861397E+00-1.968263779E+00-2.027701190E+00-2.087227601E+00
-2.146893257E+00-2.206743983E+00-2.266820958E+00-2.327160977E+00-2.387796886E+00
-2.448758118E+00-2.510071064E+00-2.571759637E+00-2.633845655E+00-2.696349174E+00
-2.759288872E+00-2.822682267E+00-2.886545888E+00-2.950895352E+00-3.015744573E+00
-3.081103510E+00-3.146971039E+00-3.213968509E+00-3.282862190E+00-3.354053362E+00
-3.427108598E+00-3.501293639E+00-3.576009904E+00-3.650851676E+00-3.725540620E+00
-3.799867114E+00-3.873656318E+00-3.946750774E+00-4.019001838E+00-4.090265345E+00
-4.160399571E+00-4.229264224E+00-4.296719770E+00-4.362627255E+00-4.426848230E+00
-4.489244573E+00-4.549678533E+00-4.608012764E+00-4.664110309E+00-4.717834655E+00
-4.769049774E+00-4.817620221E+00-4.863411111E+00-4.906288335E+00-4.946118500E+00
-4.982769201E+00-5.016109082E+00-5.046008006E+00-5.072337190E+00-5.094969542E+00
-5.113779806E+00-5.128644842E+00-5.139444006E+00-5.146059466E+00-5.148376567E+00
-5.146284299E+00-5.139675795E+00-5.128448725E+00-5.112506010E+00-5.091756227E+00
-5.066114389E+00-5.035502425E+00-4.999850015E+00-4.959095172E+00-4.913184997E+00
-4.862076393E+00-4.805736905E+00-4.744145392E+00-4.677292883E+00-4.605183369E+00
-4.527834638E+00-4.445279147E+00-4.357564855E+00-4.264756055E+00-4.166934248E+00
-4.064198799E+00-3.956666727E+00-3.844470262E+00-3.727746129E+00-3.606597298E+00
-3.480957946E+00-3.350136889E+00-3.211931117E+00-3.066657118E+00-2.919984592E+00
-2.771943477E+00-2.622562954E+00-2.471872050E+00-2.319899056E+00-2.166670790E+00
-2.012211745E+00-1.856543147E+00-1.699682326E+00-1.541641914E+00-1.382429277E+00
-1.222046002E+00-1.060487511E+00-8.977427936E-01-7.337943278E-01-5.686181888E-01
-4.021844720E-01-2.344580736E-01-6.539998638E-02 1.050306863E-01 2.768737661E-01
 4.501636830E-01 6.249232396E-01 8.011546641E-01 9.788266024E-01 1.157855099E+00
 1.338075247E+00 1.519198192E+00 1.700744909E+00 1.881944450E+00 2.061586209E+00
 2.237848340E+00 2.408232177E+00 2.569829207E+00-1.508599182E+00-1.551893073E+00
-1.600787580E+00-1.655578009E+00-1.715977167E+00-1.776514599E+00-1.837053560E+00
-1.897647352E+00-1.958330270E+00-2.019140011E+00-2.080115679E+00-2.141296202E+00
-2.202719230E+00-2.264420496E+00-2.326433481E+00-2.388789384E+00-2.451517174E+00
-2.514643765E+00-2.578194192E+00-2.642191864E+00-2.706658774E+00-2.771615770E+00
-2.837082696E+00-2.903078929E+00-2.969623903E+00-3.036738779E+00-3.104450181E+00
-3.172799828E+00-3.242720072E+00-3.314948949E+00-3.389497913E+00-3.465681417E+00
-3.542774060E+00-3.620263275E+00-3.697811455E+00-3.775179950E+00-3.852180221E+00
-3.928648105E+00-4.004431529E+00-4.079384371E+00-4.153363607E+00-4.226227823E+00
-4.297836573E+00-4.368049954E+00-4.436728490E+00-4.503732994E+00-4.568924590E+00
-4.632164634E+00-4.693314851E+00-4.752237179E+00-4.808794001E+00-4.862847953E+00
-4.914262212E+00-4.962900382E+00-5.008626591E+00-5.051305644E+00-5.090803045E+00
-5.126985188E+00-5.159719397E+00-5.188874159E+00-5.214319377E+00-5.235926425E+00
-5.253568576E+00-5.267121215E+00-5.276462209E+00-5.281472233E+00-5.282035294E+00
-5.278039084E+00-5.269375574E+00-5.255941484E+00-5.237638940E+00-5.214376036E+00
-5.186067493E+00-5.152635377E+00-5.114009697E+00-5.070129260E+00-5.020942231E+00
-4.966407028E+00-4.906492997E+00-4.841181127E+00-4.770464889E+00-4.694351006E+00
-4.612860155E+00-4.526027873E+00-4.433905276E+00-4.336559953E+00-4.234076736E+00
-4.126558403E+00-4.014125808E+00-3.896916277E+00-3.775076224E+00-3.648733597E+00
-3.517897038E+00-3.382082990E+00-3.239306126E+00-3.088360587E+00-2.936064440E+00
-2.782427859E+00-2.627463128E+00-2.471182765E+00-2.313597642E+00-2.154715430E+00
-1.994539230E+00-1.833066288E+00-1.670286895E+00-1.506183371E+00-1.340729133E+00
-1.173887821E+00-1.005612474E+00-8.358447574E-01-6.645142475E-01-4.915378143E-01
-3.168191164E-01-1.402482922E-01 3.829806691E-02 2.189565140E-01 4.018757279E-01
 5.872145487E-01 7.751386007E-01 9.658147214E-01 1.159401854E+00 1.356035964E+00
 1.555804099E+00 1.758696796E+00 1.964511798E+00 2.172630237E+00 2.381404224E+00
 2.586595433E+00 2.780974591E+00-1.496621943E+00-1.540235810E+00-1.589561149E+00
-1.644776341E+00-1.704884699E+00-1.766146749E+00-1.827579387E+00-1.889178873E+00
-1.950968266E+00-2.012974954E+00-2.075228797E+00-2.137760955E+00-2.200602837E+00
-2.263785448E+00-2.327338937E+00-2.391292255E+00-2.455673188E+00-2.520508166E+00
-2.585822439E+00-2.651640091E+00-2.717984144E+00-2.784876551E+00-2.852338201E+00
-2.920388742E+00-2.989046040E+00-3.058325074E+00-3.128235474E+00-3.199226151E+00
-3.272170298E+00-3.347675504E+00-3.425369904E+00-3.504451457E+00-3.584264905E+00
-3.664381315E+00-3.744516017E+00-3.824458768E+00-3.904035291E+00-3.983088573E+00
-4.061469874E+00-4.139034680E+00-4.215640490E+00-4.291145988E+00-4.365410455E+00
-4.438293642E+00-4.509655488E+00-4.579356246E+00-4.647256324E+00-4.713216399E+00
-4.777097304E+00-4.838760125E+00-4.898066198E+00-4.954877171E+00-5.009054962E+00
-5.060461857E+00-5.108960551E+00-5.154414181E+00-5.196686508E+00-5.235641833E+00
-5.271145271E+00-5.303062868E+00-5.331261697E+00-5.355610109E+00-5.375977988E+00
-5.392236997E+00-5.404260933E+00-5.411926054E+00-5.415111504E+00-5.413699820E+00
-5.407577354E+00-5.396634857E+00-5.380768100E+00-5.359878433E+00-5.333873506E+00
-5.302667942E+00-5.266183961E+00-5.224352213E+00-5.177112454E+00-5.124414264E+00
-5.066217805E+00-5.002494552E+00-4.933228036E+00-4.858414574E+00-4.778063992E+00
-4.692200393E+00-4.600862920E+00-4.504106469E+00-4.402002599E+00-4.294640233E+00
-4.182126505E+00-4.064587098E+00-3.942165556E+00-3.815018195E+00-3.683293348E+00
-3.547049262E+00-3.405930386E+00-3.258123870E+00-3.101527718E+00-2.943582605E+00
-2.784291341E+00-2.623656891E+00-2.461679740E+00-2.298355682E+00-2.133673904E+00
-1.967615438E+00-1.800151627E+00-1.631242931E+00-1.460837513E+00-1.288869969E+00
-1.115259941E+00-9.399106231E-01-7.627071413E-01-5.835147565E-01-4.021768664E-01
-2.185127809E-01-3.231520556E-02 1.566526033E-01 3.486601080E-01 5.440133235E-01
 7.430594657E-01 9.461928484E-01 1.153862878E+00 1.366585883E+00 1.584964371E+00
 1.809722304E+00 2.041778931E+00 2.282433583E+00 2.533970314E+00 2.798956113E+00
 3.040355236E+00-1.486269370E+00-1.530151418E+00-1.579869814E+00-1.635596288E+00
-1.696473012E+00-1.758444684E+00-1.820668956E+00-1.883153242E+00-1.945916446E+00
-2.008981185E+00-2.072372681E+00-2.136117655E+00-2.200243585E+00-2.264778179E+00
-2.329748933E+00-2.395182821E+00-2.461106292E+00-2.527545041E+00-2.594524102E+00
-2.662067892E+00-2.730200127E+00-2.798943983E+00-2.868321938E+00-2.938355557E+00
-3.009064974E+00-3.080467552E+00-3.152575361E+00-3.226174591E+00-3.302156360E+00
-3.380783964E+00-3.461383582E+00-3.543149085E+00-3.625515668E+00-3.708124329E+00
-3.790729445E+00-3.873140382E+00-3.955192435E+00-4.036733104E+00-4.117615803E+00
-4.197696830E+00-4.276833938E+00-4.354885691E+00-4.431711103E+00-4.507169475E+00
-4.581120304E+00-4.653423319E+00-4.723938345E+00-4.792525401E+00-4.859044681E+00
-4.923356496E+00-4.985321406E+00-5.044800111E+00-5.101653578E+00-5.155742951E+00
-5.206929741E+00-5.255075693E+00-5.300042976E+00-5.341694187E+00-5.379892484E+00
-5.414501666E+00-5.445386325E+00-5.472412042E+00-5.495445578E+00-5.514355189E+00
-5.529010796E+00-5.539284490E+00-5.545050824E+00-5.546187294E+00-5.542574887E+00
-5.534098561E+00-5.520647864E+00-5.502117619E+00-5.478408556E+00-5.449427994E+00
-5.415090597E+00-5.375319145E+00-5.330045179E+00-5.279209813E+00-5.222764487E+00
-5.160671648E+00-5.092905506E+00-5.019452709E+00-4.940313140E+00-4.855500540E+00
-4.765043294E+00-4.668985080E+00-4.567385752E+00-4.460322104E+00-4.347888714E+00
-4.230198862E+00-4.107385185E+00-3.979599676E+00-3.847009929E+00-3.709782007E+00
-3.568008745E+00-3.421410724E+00-3.268266361E+00-3.105994270E+00-2.942357387E+00
-2.777358638E+00-2.610995911E+00-2.443259576E+00-2.274130489E+00-2.103578303E+00
-1.931559991E+00-1.758018450E+00-1.582881004E+00-1.406057816E+00-1.227440079E+00
-1.046897924E+00-8.642780017E-01-6.794006170E-01-4.920563510E-01-3.020020512E-01
-1.089560194E-01 8.740780501E-02 2.874669741E-01 4.916594273E-01 7.004948210E-01
 9.145694314E-01 1.134586407E+00 1.361384557E+00 1.595981175E+00 1.839638785E+00
 2.093972191E+00 2.361116645E+00 2.643945575E+00 2.943879347E+00 3.221430519E+00
-1.477550728E+00-1.521807253E+00-1.571794891E+00-1.628156636E+00-1.690466305E+00
-1.753102615E+00-1.816033514E+00-1.879301713E+00-1.942926898E+00-2.006931236E+00
-2.071338754E+00-2.136174430E+00-2.201463842E+00-2.267232645E+00-2.333506475E+00
-2.400310735E+00-2.467670577E+00-2.535610901E+00-2.604156354E+00-2.673331372E+00
-2.743160388E+00-2.813667837E+00-2.884878483E+00-2.956817808E+00-3.029512551E+00
-3.102991449E+00-3.177285525E+00-3.253493891E+00-3.332452360E+00-3.413991945E+00
-3.497262782E+00-3.581521176E+00-3.666289578E+00-3.751263300E+00-3.836224484E+00
-3.920995967E+00-4.005419319E+00-4.089344949E+00-4.172627471E+00-4.255123590E+00
-4.336691078E+00-4.417188288E+00-4.496473902E+00-4.574406835E+00-4.650846195E+00
-4.725651208E+00-4.798681235E+00-4.869795809E+00-4.938854505E+00-5.005717091E+00
-5.070243449E+00-5.132293581E+00-5.191727640E+00-5.248405918E+00-5.302188900E+00
-5.352937185E+00-5.400511684E+00-5.444773503E+00-5.485584113E+00-5.522805395E+00
-5.556299790E+00-5.585930358E+00-5.611561074E+00-5.633056974E+00-5.650284512E+00
-5.663111806E+00-5.671409049E+00-5.675048972E+00-5.673907366E+00-5.667863590E+00
-5.656801168E+00-5.640608565E+00-5.619179729E+00-5.592414945E+00-5.560221495E+00
-5.522514486E+00-5.479217611E+00-5.430263884E+00-5.375596393E+00-5.315169099E+00
-5.248947491E+00-5.176909343E+00-5.099045431E+00-5.015360136E+00-4.925872271E+00
-4.830615671E+00-4.729640017E+00-4.623011599E+00-4.510814184E+00-4.393149968E+00
-4.270140581E+00-4.141928194E+00-4.008675671E+00-3.870564053E+00-3.727777365E+00
-3.580435532E+00-3.428298743E+00-3.269631889E+00-3.101630552E+00-2.932266458E+00
-2.761543579E+00-2.589453816E+00-2.415975330E+00-2.241071344E+00-2.064689210E+00
-1.886759152E+00-1.707192941E+00-1.525882321E+00-1.342696961E+00-1.157482052E+00
-9.700553088E-01-7.802033880E-01-5.876775039E-01-3.921881600E-01-1.933987417E-01
 9.082276523E-03 2.157108761E-01 4.270192435E-01 6.436303419E-01 8.662761146E-01
 1.095820308E+00 1.333287196E+00 1.579897336E+00 1.837110697E+00 2.106674134E+00
 2.390661741E+00 2.691480565E+00 3.011376089E+00 3.311974981E+00-1.473070414E+00
-1.517708493E+00-1.568267147E+00-1.624929317E+00-1.686733454E+00-1.749884493E+00
-1.813434713E+00-1.877387971E+00-1.941768493E+00-2.006601669E+00-2.071912919E+00
-2.137727355E+00-2.204069664E+00-2.270964202E+00-2.338435037E+00-2.406506098E+00
-2.475201260E+00-2.544544374E+00-2.614559430E+00-2.685270552E+00-2.756702156E+00
-2.828879103E+00-2.901827087E+00-2.975573467E+00-3.050149055E+00-3.125592913E+00
-3.202113503E+00-3.280974466E+00-3.362791784E+00-3.447016327E+00-3.532746979E+00
-3.619329741E+00-3.706361473E+00-3.793578179E+00-3.880781766E+00-3.967804255E+00
-4.054491383E+00-4.140695399E+00-4.226271596E+00-4.311076794E+00-4.394968651E+00
-4.477805246E+00-4.559444972E+00-4.639746356E+00-4.718568138E+00-4.795769176E+00
-4.871208424E+00-4.944744969E+00-5.016238018E+00-5.085546815E+00-5.152530799E+00
-5.217049387E+00-5.278962173E+00-5.338128731E+00-5.394408789E+00-5.447662096E+00
-5.497748476E+00-5.544527911E+00-5.587860460E+00-5.627606392E+00-5.663626270E+00
-5.695781005E+00-5.723932089E+00-5.747941711E+00-5.767673069E+00-5.782990599E+00
-5.793760465E+00-5.799850882E+00-5.801132603E+00-5.797479621E+00-5.788769683E+00
-5.774884977E+00-5.755712922E+00-5.731146904E+00-5.701087034E+00-5.665441057E+00
-5.624125013E+00-5.577064183E+00-5.524193769E+00-5.465459729E+00-5.400819452E+00
-5.330242516E+00-5.253711385E+00-5.171222087E+00-5.082784911E+00-4.988425027E+00
-4.888183302E+00-4.782117016E+00-4.670300634E+00-4.552826818E+00-4.429807510E+00
-4.301374979E+00-4.167683214E+00-4.028908529E+00-3.885247543E+00-3.736902826E+00
-3.584014940E+00-3.426346707E+00-3.262017149E+00-3.088265716E+00-2.913203225E+00
-2.736828938E+00-2.559121988E+00-2.380042552E+00-2.199531958E+00-2.017512174E+00
-1.833884750E+00-1.648529570E+00-1.461302886E+00-1.272034846E+00-1.080526313E+00
-8.865449251E-01-6.898202812E-01-4.900380819E-01-2.868330541E-01-7.978034613E-02
 1.316148419E-01 3.479298176E-01 5.698394810E-01 7.981342740E-01 1.033741150E+00
 1.277747243E+00 1.531424989E+00 1.796255760E+00 2.073946397E+00 2.366429960E+00
 2.675839978E+00 3.005202757E+00 3.323874788E+00-1.469508082E+00-1.514566131E+00
-1.565557342E+00-1.622660042E+00-1.684985027E+00-1.748610661E+00-1.812672433E+00
-1.877196466E+00-1.942217752E+00-2.007767593E+00-2.073873810E+00-2.140561517E+00
-2.207854198E+00-2.275774350E+00-2.344344102E+00-2.413585506E+00-2.483520825E+00
-2.554172615E+00-2.625563798E+00-2.697717783E+00-2.770658325E+00-2.844409395E+00
-2.918994768E+00-2.994436961E+00-3.070754788E+00-3.147958035E+00-3.226812255E+00
-3.308368252E+00-3.392895330E+00-3.479591333E+00-3.567596844E+00-3.656353240E+00
-3.745518339E+00-3.834858704E+00-3.924190525E+00-4.013352213E+00-4.102192415E+00
-4.190564484E+00-4.278324080E+00-4.365327986E+00-4.451433664E+00-4.536498904E+00
-4.620381788E+00-4.702940573E+00-4.784033611E+00-4.863519449E+00-4.941256750E+00
-5.017104255E+00-5.090920858E+00-5.162565514E+00-5.231897215E+00-5.298775109E+00
-5.363058303E+00-5.424605927E+00-5.483277146E+00-5.538931109E+00-5.591426865E+00
-5.640623485E+00-5.686379961E+00-5.728555286E+00-5.767008490E+00-5.801598663E+00
-5.832185127E+00-5.858627610E+00-5.880786364E+00-5.898522533E+00-5.911698461E+00
-5.920178062E+00-5.923827460E+00-5.922515413E+00-5.916114012E+00-5.904499438E+00
-5.887552695E+00-5.865160446E+00-5.837215864E+00-5.803619469E+00-5.764279992E+00
-5.719115255E+00-5.668053002E+00-5.611031632E+00-5.548000997E+00-5.478923175E+00
-5.403773093E+00-5.322539261E+00-5.235224429E+00-5.141846212E+00-5.042437821E+00
-4.937048747E+00-4.825745570E+00-4.708612811E+00-4.585753907E+00-4.457292407E+00
-4.323373232E+00-4.184164111E+00-4.039856412E+00-3.890663344E+00-3.736804778E+00
-3.578431798E+00-3.415261188E+00-3.245091488E+00-3.065685451E+00-2.885093918E+00
-2.703291875E+00-2.520235917E+00-2.335862931E+00-2.150089403E+00-1.962811103E+00
-1.773902168E+00-1.583213739E+00-1.390571505E+00-1.195772670E+00-9.985820498E-01
-7.987273296E-01-5.958933395E-01-3.897151496E-01-1.797697752E-01 3.443380183E-02
 2.534666167E-01 4.779940244E-01 7.087926065E-01 9.467698151E-01 1.192986048E+00
 1.448678194E+00 1.715282265E+00 1.994450716E+00 2.288057379E+00 2.598180573E+00
 2.927499599E+00 3.248217974E+00-1.466793944E+00-1.512630798E+00-1.563600733E+00
-1.621535665E+00-1.685175613E+00-1.749146025E+00-1.813556468E+00-1.878502873E+00
-1.944034439E+00-2.010185727E+00-2.076982682E+00-2.144446696E+00-2.212597224E+00
-2.281453021E+00-2.351033021E+00-2.421356659E+00-2.492444066E+00-2.564316230E+00
-2.636994929E+00-2.710502951E+00-2.784863898E+00-2.860102397E+00-2.936244008E+00
-3.013314793E+00-3.091340194E+00-3.170341138E+00-3.251414004E+00-3.335540324E+00
-3.422550237E+00-3.511498040E+00-3.601603087E+00-3.692389279E+00-3.783560437E+00
-3.874905041E+00-3.966249237E+00-4.057435820E+00-4.148315275E+00-4.238741614E+00
-4.328570633E+00-4.417659017E+00-4.505863939E+00-4.593042937E+00-4.679053802E+00
-4.763754461E+00-4.847003034E+00-4.928657777E+00-5.008577121E+00-5.086619574E+00
-5.162643798E+00-5.236508515E+00-5.308072562E+00-5.377194815E+00-5.443734131E+00
-5.507549406E+00-5.568499477E+00-5.626443045E+00-5.681238735E+00-5.732744977E+00
-5.780820047E+00-5.825321949E+00-5.866108531E+00-5.903037470E+00-5.935966303E+00
-5.964752609E+00-5.989254101E+00-6.009328958E+00-6.024836017E+00-6.035635297E+00
-6.041588368E+00-6.042559067E+00-6.038414060E+00-6.029023615E+00-6.014262480E+00
-5.994010768E+00-5.968154812E+00-5.936588116E+00-5.899212340E+00-5.855938137E+00
-5.806686118E+00-5.751387610E+00-5.689985451E+00-5.622434801E+00-5.548703826E+00
-5.468774289E+00-5.382642298E+00-5.290318896E+00-5.191830727E+00-5.087220673E+00
-4.976548570E+00-4.859892064E+00-4.737347399E+00-4.609030530E+00-4.475078259E+00
-4.335649594E+00-4.190927225E+00-4.041118311E+00-3.886452105E+00-3.727161830E+00
-3.563392659E+00-3.394740792E+00-3.218450118E+00-3.033726270E+00-2.847978475E+00
-2.661163812E+00-2.473216631E+00-2.284048864E+00-2.093552695E+00-1.901601586E+00
-1.708049133E+00-1.512726921E+00-1.315441527E+00-1.115970905E+00-9.140601511E-01
-7.094165104E-01-5.017034807E-01-2.905337608E-01-7.546081113E-02 1.440313728E-01
 3.685406912E-01 5.987621711E-01 8.355067828E-01 1.079724810E+00 1.332535027E+00
 1.595260835E+00 1.869473324E+00 2.157036911E+00 2.460142530E+00 2.781265074E+00
 3.095372213E+00-1.469024840E+00-1.515377589E+00-1.567278511E+00-1.624887119E+00
-1.687439414E+00-1.751323894E+00-1.815819232E+00-1.881005489E+00-1.946917354E+00
-2.013569581E+00-2.080971839E+00-2.149133702E+00-2.218066156E+00-2.287781932E+00
-2.358295563E+00-2.429623247E+00-2.501782716E+00-2.574793210E+00-2.648675289E+00
-2.723450926E+00-2.799143588E+00-2.875778754E+00-2.953384833E+00-3.031995851E+00
-3.111657381E+00-3.192440889E+00-3.275712482E+00-3.362257556E+00-3.451522486E+00
-3.542522234E+00-3.634566198E+00-3.727245307E+00-3.820297348E+00-3.913526400E+00
-4.006765412E+00-4.099860161E+00-4.192662275E+00-4.285026098E+00-4.376807385E+00
-4.467862630E+00-4.558048750E+00-4.647223015E+00-4.735242884E+00-4.821966054E+00
-4.907250411E+00-4.990954018E+00-5.072935092E+00-5.153051986E+00-5.231163228E+00
-5.307127441E+00-5.380803347E+00-5.452049744E+00-5.520725431E+00-5.586689207E+00
-5.649799754E+00-5.709915657E+00-5.766895308E+00-5.820596828E+00-5.870878046E+00
-5.917596365E+00-5.960608842E+00-5.999772083E+00-6.034942253E+00-6.065975206E+00
-6.092726541E+00-6.115051784E+00-6.132806691E+00-6.145847618E+00-6.154031970E+00
-6.157218815E+00-6.155269550E+00-6.148048747E+00-6.135425010E+00-6.117271942E+00
-6.093469171E+00-6.063903380E+00-6.028469235E+00-5.987070547E+00-5.939621069E+00
-5.886045442E+00-5.826280014E+00-5.760273628E+00-5.687988304E+00-5.609399862E+00
-5.524498649E+00-5.433290054E+00-5.335795139E+00-5.232051264E+00-5.122112703E+00
-5.006051366E+00-4.883957647E+00-4.755941163E+00-4.622131953E+00-4.482681528E+00
-4.337764340E+00-4.187579122E+00-4.032349545E+00-3.872320883E+00-3.707736844E+00
-3.538718652E+00-3.364639881E+00-3.181978713E+00-2.992437547E+00-2.802095485E+00
-2.610883233E+00-2.418697589E+00-2.225423820E+00-2.030937738E+00-1.835102824E+00
-1.637766565E+00-1.438757075E+00-1.237879756E+00-1.034913939E+00-8.296092058E-01
-6.216812271E-01-4.108069373E-01-1.966187709E-01 2.130225603E-02 2.434351624E-01
 4.703299438E-01 7.026221138E-01 9.410529127E-01 1.186499041E+00 1.440018947E+00
 1.702928390E+00 1.976926513E+00 2.264294796E+00 2.567983435E+00 2.867786082E+00
-1.472956610E+00-1.520859599E+00-1.573286817E+00-1.630394559E+00-1.691418100E+00
-1.754541288E+00-1.818885420E+00-1.884223152E+00-1.950468606E+00-2.017583172E+00
-2.085549810E+00-2.154363230E+00-2.224025467E+00-2.294543477E+00-2.365927878E+00
-2.438192158E+00-2.511352108E+00-2.585425420E+00-2.660431471E+00-2.736390995E+00
-2.813325830E+00-2.891258491E+00-2.970211535E+00-3.050205849E+00-3.131257033E+00
-3.213941188E+00-3.299440360E+00-3.388258472E+00-3.479579513E+00-3.572458516E+00
-3.666296030E+00-3.760737744E+00-3.855547507E+00-3.950540869E+00-4.045555740E+00
-4.140439931E+00-4.235045749E+00-4.329227693E+00-4.422841381E+00-4.515743017E+00
-4.607789307E+00-4.698837188E+00-4.788743909E+00-4.877366893E+00-4.964563834E+00
-5.050192601E+00-5.134111294E+00-5.216178190E+00-5.296251737E+00-5.374190541E+00
-5.449853343E+00-5.523098959E+00-5.593786248E+00-5.661774084E+00-5.726921248E+00
-5.789086383E+00-5.848127900E+00-5.903903920E+00-5.956272097E+00-6.005089661E+00
-6.050213182E+00-6.091498630E+00-6.128801257E+00-6.161975579E+00-6.190875532E+00
-6.215354450E+00-6.235265356E+00-6.250461354E+00-6.260795911E+00-6.266123604E+00
-6.266300770E+00-6.261186361E+00-6.250642898E+00-6.234537589E+00-6.212743377E+00
-6.185140163E+00-6.151615831E+00-6.112067430E+00-6.066402181E+00-6.014538411E+00
-5.956406400E+00-5.891949237E+00-5.821123441E+00-5.743899673E+00-5.660263305E+00
-5.570214956E+00-5.473771136E+00-5.370964689E+00-5.261845453E+00-5.146480900E+00
-5.024956714E+00-4.897377708E+00-4.763868592E+00-4.624575084E+00-4.479665085E+00
-4.329329985E+00-4.173786071E+00-4.013274860E+00-3.848058060E+00-3.678385636E+00
-3.504322929E+00-3.324838627E+00-3.135649893E+00-2.942031289E+00-2.747922732E+00
-2.553126383E+00-2.357512822E+00-2.160970320E+00-1.963384706E+00-1.764631223E+00
-1.564570742E+00-1.363047545E+00-1.159887579E+00-9.548967579E-01-7.478592064E-01
-5.385353415E-01-3.266598201E-01-1.119392844E-01 1.059501603E-01 3.273659026E-01
 5.527026071E-01 7.823976540E-01 1.016940071E+00 1.256887218E+00 1.502899955E+00
 1.755827500E+00 2.016956476E+00 2.288933304E+00 2.559272819E+00-1.472005273E+00
-1.520327212E+00-1.572843973E+00-1.630765546E+00-1.693524787E+00-1.757179320E+00
-1.821876829E+00-1.887595215E+00-1.954282129E+00-2.021904435E+00-2.090444501E+00
-2.159895294E+00-2.230257046E+00-2.301535222E+00-2.373739297E+00-2.446881827E+00
-2.520977965E+00-2.596044977E+00-2.672101910E+00-2.749169304E+00-2.827268725E+00
-2.906422361E+00-2.986652263E+00-3.067979358E+00-3.150422480E+00-3.234866256E+00
-3.322477035E+00-3.413361334E+00-3.506536188E+00-3.601129160E+00-3.696619585E+00
-3.792695471E+00-3.889139815E+00-3.985776476E+00-4.082446796E+00-4.178999922E+00
-4.275288531E+00-4.371167081E+00-4.466490998E+00-4.561116213E+00-4.654899142E+00
-4.747696451E+00-4.839365118E+00-4.929762372E+00-5.018745733E+00-5.106172913E+00
-5.191901918E+00-5.275791003E+00-5.357698580E+00-5.437483330E+00-5.515004053E+00
-5.590119740E+00-5.662689423E+00-5.732572210E+00-5.799627114E+00-5.863713049E+00
-5.924688698E+00-5.982412393E+00-6.036742043E+00-6.087534896E+00-6.134647560E+00
-6.177935715E+00-6.217254148E+00-6.252456562E+00-6.283395632E+00-6.309923026E+00
-6.331889462E+00-6.349145116E+00-6.361539950E+00-6.368924277E+00-6.371149492E+00
-6.368069085E+00-6.359539529E+00-6.345421619E+00-6.325581633E+00-6.299892670E+00
-6.268235889E+00-6.230501694E+00-6.186591009E+00-6.136416113E+00-6.079901689E+00
-6.016985572E+00-5.947619457E+00-5.871769492E+00-5.789416919E+00-5.700558483E+00
-5.605207070E+00-5.503392075E+00-5.395159983E+00-5.280574973E+00-5.159719416E+00
-5.032694655E+00-4.899621777E+00-4.760642430E+00-4.615919964E+00-4.465640631E+00
-4.310014829E+00-4.149278281E+00-3.983691552E+00-3.813530959E+00-3.639037711E+00
-3.460142010E+00-3.275041102E+00-3.079560933E+00-2.883268183E+00-2.686327111E+00
-2.488774419E+00-2.290582087E+00-2.091687294E+00-1.892006151E+00-1.691439872E+00
-1.489877508E+00-1.287197272E+00-1.083267325E+00-8.779465844E-01-6.710858145E-01
-4.625293356E-01-2.521176639E-01-3.969154591E-02 1.749019316E-01 3.918000451E-01
 6.111100645E-01 8.328862851E-01 1.057091342E+00 1.283525534E+00 1.511682187E+00
 1.740402664E+00 1.966944601E+00 2.185401783E+00-1.472397147E+00-1.520501073E+00
-1.573640310E+00-1.631959109E+00-1.694830063E+00-1.759265572E+00-1.824616661E+00
-1.890905700E+00-1.958141963E+00-2.026326361E+00-2.095458962E+00-2.165542012E+00
-2.236580783E+00-2.308583549E+00-2.381561509E+00-2.455528304E+00-2.530499981E+00
-2.606494558E+00-2.683531994E+00-2.761633935E+00-2.840823516E+00-2.921124977E+00
-3.002563258E+00-3.085162871E+00-3.168946680E+00-3.255075900E+00-3.344647261E+00
-3.437380529E+00-3.532217343E+00-3.628367444E+00-3.725374209E+00-3.822957096E+00
-3.920912858E+00-4.019071034E+00-4.117275250E+00-4.215375410E+00-4.313224327E+00
-4.410676302E+00-4.507586491E+00-4.603810555E+00-4.699204579E+00-4.793624977E+00
-4.886928496E+00-4.978972169E+00-5.069613343E+00-5.158709614E+00-5.246118948E+00
-5.331699524E+00-5.415309869E+00-5.496808722E+00-5.576055059E+00-5.652908083E+00
-5.727227117E+00-5.798871599E+00-5.867700927E+00-5.933574483E+00-5.996351413E+00
-6.055890555E+00-6.112050242E+00-6.164688208E+00-6.213661351E+00-6.258825603E+00
-6.300035693E+00-6.337144994E+00-6.370005464E+00-6.398467571E+00-6.422380249E+00
-6.441591214E+00-6.455947230E+00-6.465294638E+00-6.469480144E+00-6.468351773E+00
-6.461760050E+00-6.449559258E+00-6.431608952E+00-6.407775333E+00-6.377932778E+00
-6.341965199E+00-6.299767261E+00-6.251245547E+00-6.196319507E+00-6.134922192E+00
-6.067001110E+00-5.992518630E+00-5.911452584E+00-5.823796792E+00-5.729561387E+00
-5.628773304E+00-5.521476761E+00-5.407733747E+00-5.287624617E+00-5.161248603E+00
-5.028724662E+00-4.890192191E+00-4.745812138E+00-4.595768025E+00-4.440267399E+00
-4.279543349E+00-4.113855781E+00-3.943490566E+00-3.768746306E+00-3.589854597E+00
-3.406524257E+00-3.215787579E+00-3.016737498E+00-2.817532747E+00-2.618151103E+00
-2.418541370E+00-2.218642937E+00-2.018390657E+00-1.817716128E+00-1.616548433E+00
-1.414815172E+00-1.212443994E+00-1.009364821E+00-8.055129968E-01-6.008336518E-01
-3.952877367E-01-1.888604197E-01 1.842716012E-02 2.265012526E-01 4.352115222E-01
 6.442958699E-01 8.533278721E-01 1.061637443E+00 1.268193676E+00 1.471450398E+00
 1.669215208E+00 1.858726773E+00-1.472508631E+00-1.520859268E+00-1.574341450E+00
-1.633110194E+00-1.696454083E+00-1.761453618E+00-1.827372115E+00-1.894218404E+00
-1.962009722E+00-2.030758984E+00-2.100476794E+00-2.171173345E+00-2.242859585E+00
-2.315547856E+00-2.389252149E+00-2.463988277E+00-2.539773949E+00-2.616628717E+00
-2.694574129E+00-2.773633766E+00-2.853833439E+00-2.935201478E+00-3.017768847E+00
-3.101568681E+00-3.186633165E+00-3.274379643E+00-3.365743720E+00-3.460122923E+00
-3.556449298E+00-3.654011723E+00-3.752404169E+00-3.851369481E+00-3.950714334E+00
-4.050272199E+00-4.149888177E+00-4.249412579E+00-4.348698215E+00-4.447599156E+00
-4.545970267E+00-4.643666937E+00-4.740544941E+00-4.836460462E+00-4.931269993E+00
-5.024830375E+00-5.116998818E+00-5.207632842E+00-5.296590314E+00-5.383729473E+00
-5.468908864E+00-5.551987402E+00-5.632824255E+00-5.711278898E+00-5.787211023E+00
-5.860480454E+00-5.930947153E+00-5.998471062E+00-6.062911947E+00-6.124129365E+00
-6.181982422E+00-6.236329531E+00-6.287028346E+00-6.333935361E+00-6.376905769E+00
-6.415793118E+00-6.450449193E+00-6.480723762E+00-6.506464540E+00-6.527517265E+00
-6.543725913E+00-6.554933160E+00-6.560981237E+00-6.561712861E+00-6.556972529E+00
-6.546608014E+00-6.530471972E+00-6.508423590E+00-6.480330367E+00-6.446069606E+00
-6.405529869E+00-6.358612216E+00-6.305231194E+00-6.245315632E+00-6.178809354E+00
-6.105671668E+00-6.025877849E+00-5.939419488E+00-5.846304916E+00-5.746559538E+00
-5.640226292E+00-5.527366062E+00-5.408058179E+00-5.282401057E+00-5.150512842E+00
-5.012532174E+00-4.868619228E+00-4.718956786E+00-4.563751643E+00-4.403236285E+00
-4.237670929E+00-4.067345049E+00-3.892575579E+00-3.713683967E+00-3.530853985E+00
-3.343300722E+00-3.146532166E+00-2.945164053E+00-2.744155696E+00-2.543362832E+00
-2.342709833E+00-2.142145794E+00-1.941630120E+00-1.741128468E+00-1.540612603E+00
-1.340062084E+00-1.139467237E+00-9.388332819E-01-7.381858574E-01-5.375782801E-01
-3.371010201E-01-1.368941297E-01 6.283652883E-02 2.617981243E-01 4.595836291E-01
 6.556378115E-01 8.492174663E-01 1.039351474E+00 1.224815057E+00 1.404143299E+00
 1.575708931E+00-1.472179886E+00-1.520807341E+00-1.574513903E+00-1.633772825E+00
-1.698331300E+00-1.763827063E+00-1.830227303E+00-1.897571091E+00-1.965874981E+00
-2.035154209E+00-2.105423280E+00-2.176696515E+00-2.248988620E+00-2.322315098E+00
-2.396692515E+00-2.472138796E+00-2.548673298E+00-2.626317027E+00-2.705092750E+00
-2.785025387E+00-2.866142646E+00-2.948476365E+00-3.032065453E+00-3.116962713E+00
-3.203250691E+00-3.292551178E+00-3.385550048E+00-3.481400753E+00-3.579066884E+00
-3.677909539E+00-3.777563457E+00-3.877789738E+00-3.978402574E+00-4.079238538E+00
-4.180143853E+00-4.280969140E+00-4.381567095E+00-4.481791612E+00-4.581497287E+00
-4.680539217E+00-4.778772905E+00-4.876054284E+00-4.972239651E+00-5.067185675E+00
-5.160749370E+00-5.252788219E+00-5.343160030E+00-5.431723062E+00-5.518335975E+00
-5.602857763E+00-5.685147884E+00-5.765066084E+00-5.842472462E+00-5.917227347E+00
-5.989191280E+00-6.058224844E+00-6.124188659E+00-6.186943111E+00-6.246348260E+00
-6.302263563E+00-6.354547662E+00-6.403058040E+00-6.447650801E+00-6.488180191E+00
-6.524498322E+00-6.556454887E+00-6.583896883E+00-6.606668576E+00-6.624611538E+00
-6.637565171E+00-6.645367444E+00-6.647855936E+00-6.644869257E+00-6.636248648E+00
-6.621839751E+00-6.601494602E+00-6.575073550E+00-6.542447098E+00-6.503497741E+00
-6.458121116E+00-6.406227136E+00-6.347740872E+00-6.282603067E+00-6.210770627E+00
-6.132216966E+00-6.046932318E+00-5.954923989E+00-5.856216722E+00-5.750853052E+00
-5.638893608E+00-5.520417741E+00-5.395523945E+00-5.264330633E+00-5.126976778E+00
-4.983622959E+00-4.834452426E+00-4.679672379E+00-4.519515731E+00-4.354242873E+00
-4.184143862E+00-4.009539330E+00-3.830773863E+00-3.648167726E+00-3.461729542E+00
-3.269562112E+00-3.067283485E+00-2.865191344E+00-2.663512828E+00-2.462313799E+00
-2.261609121E+00-2.061400808E+00-1.861691928E+00-1.662492724E+00-1.463824709E+00
-1.265724574E+00-1.068248714E+00-8.714787413E-01-6.755282287E-01-4.805509514E-01
-2.867508736E-01-9.439404781E-02 9.617754666E-02 2.845306480E-01 4.701249974E-01
 6.522997600E-01 8.302663377E-01 1.003113477E+00 1.169830718E+00 1.329352665E+00
-1.473744348E+00-1.522625380E+00-1.576737252E+00-1.636231541E+00-1.700478274E+00
-1.766340161E+00-1.833157671E+00-1.900940373E+00-1.969703599E+00-2.039463089E+00
-2.110234901E+00-2.182035446E+00-2.254881661E+00-2.328791217E+00-2.403782580E+00
-2.479875322E+00-2.557090001E+00-2.635448399E+00-2.714973475E+00-2.795689279E+00
-2.877620709E+00-2.960792819E+00-3.045228922E+00-3.130945855E+00-3.218552758E+00
-3.309387064E+00-3.403885902E+00-3.501057799E+00-3.599928900E+00-3.699927073E+00
-3.800721550E+00-3.902088526E+00-4.003848587E+00-4.105840922E+00-4.207912761E+00
-4.309914959E+00-4.411700191E+00-4.513122179E+00-4.614035264E+00-4.714294273E+00
-4.813754497E+00-4.912271615E+00-5.009701713E+00-5.105901265E+00-5.200727208E+00
-5.294036869E+00-5.385688078E+00-5.475539070E+00-5.563448587E+00-5.649275815E+00
-5.732880385E+00-5.814122414E+00-5.892862367E+00-5.968961116E+00-6.042279803E+00
-6.112679806E+00-6.180022577E+00-6.244169531E+00-6.304981830E+00-6.362320172E+00
-6.416044498E+00-6.466013666E+00-6.512085041E+00-6.554114068E+00-6.591953791E+00
-6.625454328E+00-6.654462367E+00-6.678821204E+00-6.698370436E+00-6.712946228E+00
-6.722382480E+00-6.726512044E+00-6.725168122E+00-6.718185774E+00-6.705403881E+00
-6.686667153E+00-6.661828227E+00-6.630750494E+00-6.593310251E+00-6.549397511E+00
-6.498917852E+00-6.441792911E+00-6.377960913E+00-6.307377060E+00-6.230013622E+00
-6.145860213E+00-6.054923906E+00-5.957229561E+00-5.852819964E+00-5.741756385E+00
-5.624118832E+00-5.500006710E+00-5.369539363E+00-5.232856985E+00-5.090121337E+00
-4.941516908E+00-4.787252197E+00-4.627561201E+00-4.462705204E+00-4.292974882E+00
-4.118692089E+00-3.940209121E+00-3.757892770E+00-3.572022104E+00-3.382176446E+00
-3.184487145E+00-2.980538923E+00-2.777776952E+00-2.576015521E+00-2.375199657E+00
-2.175324670E+00-1.976409453E+00-1.778488727E+00-1.581612530E+00-1.385848455E+00
-1.191285291E+00-9.980375767E-01-8.062509451E-01-6.161082176E-01-4.278361788E-01
-2.417128911E-01-5.807515751E-02 1.226745198E-01 3.000625736E-01 4.735421484E-01
 6.424959621E-01 8.062461725E-01 9.640725381E-01 1.115238661E+00-1.474960556E+00
-1.524127841E+00-1.578522545E+00-1.638305960E+00-1.702737399E+00-1.768930531E+00
-1.836111892E+00-1.904278638E+00-1.973446084E+00-2.043630691E+00-2.114849611E+00
-2.187120692E+00-2.260462497E+00-2.334894190E+00-2.410435787E+00-2.487108042E+00
-2.564932656E+00-2.643932108E+00-2.724129824E+00-2.805549852E+00-2.888216878E+00
-2.972155646E+00-3.057390688E+00-3.143945819E+00-3.232666173E+00-3.324862306E+00
-3.420667745E+00-3.518993572E+00-3.618928421E+00-3.719953913E+00-3.821765730E+00
-3.924151596E+00-4.026936999E+00-4.129963087E+00-4.233077863E+00-4.336132376E+00
-4.438979264E+00-4.541472053E+00-4.643464814E+00-4.744812199E+00-4.845369248E+00
-4.944991369E+00-5.043534472E+00-5.140854896E+00-5.236809384E+00-5.331255225E+00
-5.424050151E+00-5.515052437E+00-5.604120883E+00-5.691114810E+00-5.775894101E+00
-5.858319125E+00-5.938250793E+00-6.015550461E+00-6.090079950E+00-6.161701373E+00
-6.230277132E+00-6.295669689E+00-6.357741464E+00-6.416354572E+00-6.471370483E+00
-6.522649741E+00-6.570051416E+00-6.613432620E+00-6.652647792E+00-6.687548155E+00
-6.717980687E+00-6.743786843E+00-6.764804011E+00-6.780865780E+00-6.791802754E+00
-6.797443621E+00-6.797616581E+00-6.792151078E+00-6.780879770E+00-6.763640645E+00
-6.740279441E+00-6.710652147E+00-6.674627095E+00-6.632087538E+00-6.582935136E+00
-6.527088352E+00-6.464483529E+00-6.395074785E+00-6.318834021E+00-6.235750987E+00
-6.145833221E+00-6.049106300E+00-5.945614037E+00-5.835418768E+00-5.718601819E+00
-5.595264008E+00-5.465526270E+00-5.329530347E+00-5.187439823E+00-5.039441027E+00
-4.885744260E+00-4.726585323E+00-4.562227125E+00-4.392961642E+00-4.219112006E+00
-4.041033420E+00-3.859107867E+00-3.673703532E+00-3.484931892E+00-3.291242134E+00
-3.087432576E+00-2.884294397E+00-2.682212138E+00-2.481347424E+00-2.281784875E+00
-2.083586807E+00-1.886814871E+00-1.691540036E+00-1.497848370E+00-1.305845442E+00
-1.115660378E+00-9.274498771E-01-7.414023153E-01-5.577418145E-01-3.767321154E-01
-1.986798868E-01-2.393698937E-02 1.470989671E-01 3.139865473E-01 4.762456462E-01
 6.333664720E-01 7.848225451E-01 9.300872872E-01-1.475519655E+00-1.524864254E+00
-1.579471150E+00-1.639580626E+00-1.705015816E+00-1.771544349E+00-1.839038814E+00
-1.907534991E+00-1.977049752E+00-2.047600800E+00-2.119206682E+00-2.191886660E+00
-2.265660711E+00-2.340549356E+00-2.416573833E+00-2.493756055E+00-2.572118677E+00
-2.651685143E+00-2.732479599E+00-2.814526962E+00-2.897852850E+00-2.982483460E+00
-3.068445553E+00-3.155766566E+00-3.245482228E+00-3.338871859E+00-3.435794198E+00
-3.535110256E+00-3.635967806E+00-3.737890965E+00-3.840595255E+00-3.943876772E+00
-4.047564454E+00-4.151500822E+00-4.255534309E+00-4.359516039E+00-4.463298494E+00
-4.566734990E+00-4.669679421E+00-4.771986131E+00-4.873509946E+00-4.974106060E+00
-5.073630190E+00-5.171938480E+00-5.268887560E+00-5.364334599E+00-5.458137273E+00
-5.550153877E+00-5.640243228E+00-5.728264803E+00-5.814078621E+00-5.897545381E+00
-5.978526342E+00-6.056883383E+00-6.132478907E+00-6.205175820E+00-6.274837417E+00
-6.341327322E+00-6.404509235E+00-6.464246799E+00-6.520403269E+00-6.572841127E+00
-6.621421592E+00-6.666003889E+00-6.706444938E+00-6.742596097E+00-6.774303219E+00
-6.801407122E+00-6.823743740E+00-6.841144451E+00-6.853436936E+00-6.860446275E+00
-6.861996255E+00-6.857911278E+00-6.848018287E+00-6.832149088E+00-6.810142832E+00
-6.781848667E+00-6.747128260E+00-6.705858508E+00-6.657933398E+00-6.603267419E+00
-6.541795928E+00-6.473472828E+00-6.398270428E+00-6.316179291E+00-6.227208158E+00
-6.131383942E+00-6.028751909E+00-5.919375964E+00-5.803339139E+00-5.680743958E+00
-5.551713235E+00-5.416390707E+00-5.274941954E+00-5.127555399E+00-4.974443629E+00
-4.815844634E+00-4.652023648E+00-4.483275031E+00-4.309924473E+00-4.132331247E+00
-3.950887875E+00-3.766005232E+00-3.578012612E+00-3.386546170E+00-3.187695615E+00
-2.982863311E+00-2.779937448E+00-2.578776166E+00-2.379358790E+00-2.181713882E+00
-1.985894923E+00-1.791973573E+00-1.600039061E+00-1.410199776E+00-1.222585538E+00
-1.037349982E+00-8.546728836E-01-6.747621990E-01-4.978556664E-01-3.242217021E-01
-1.541592979E-01 1.200341369E-02 1.739123021E-01 3.311923419E-01 4.834548479E-01
 6.303067696E-01 7.713617282E-01-1.477486952E+00-1.527077492E+00-1.581946817E+00
-1.642245096E+00-1.707388573E+00-1.774142763E+00-1.841895620E+00-1.910663324E+00
-1.980464628E+00-2.051319239E+00-2.123247576E+00-2.196270569E+00-2.270409570E+00
-2.345686417E+00-2.422123394E+00-2.499743424E+00-2.578570051E+00-2.658627554E+00
-2.739941046E+00-2.822536454E+00-2.906440595E+00-2.991681199E+00-3.078287020E+00
-3.166287900E+00-3.256884681E+00-3.351297600E+00-3.449158181E+00-3.549309996E+00
-3.650953426E+00-3.753645954E+00-3.857118007E+00-3.961171704E+00-4.065638309E+00
-4.170361157E+00-4.275188855E+00-4.379972432E+00-4.484564194E+00-4.588817243E+00
-4.692585165E+00-4.795722090E+00-4.898082572E+00-4.999521630E+00-5.099894752E+00
-5.199057924E+00-5.296867621E+00-5.393180897E+00-5.487855408E+00-5.580749370E+00
-5.671721661E+00-5.760631834E+00-5.847340102E+00-5.931707358E+00-6.013595247E+00
-6.092866057E+00-6.169382771E+00-6.243009033E+00-6.313609046E+00-6.381047521E+00
-6.445189534E+00-6.505900316E+00-6.563045041E+00-6.616488437E+00-6.666094206E+00
-6.711724866E+00-6.753237434E+00-6.790483208E+00-6.823308180E+00-6.851552603E+00
-6.875051269E+00-6.893633774E+00-6.907125376E+00-6.915347997E+00-6.918121683E+00
-6.915266381E+00-6.906603994E+00-6.891960750E+00-6.871169830E+00-6.844074181E+00
-6.810529193E+00-6.770405639E+00-6.723592042E+00-6.669996999E+00-6.609551026E+00
-6.542209185E+00-6.467945201E+00-6.386751247E+00-6.298637863E+00-6.203633805E+00
-6.101786217E+00-5.993160886E+00-5.877842702E+00-5.755936127E+00-5.627565932E+00
-5.492877852E+00-5.352039518E+00-5.205241564E+00-5.052698727E+00-4.894651283E+00
-4.731366832E+00-4.563142115E+00-4.390305517E+00-4.213219430E+00-4.032281996E+00
-3.847921683E+00-3.660551070E+00-3.470280199E+00-3.275255064E+00-3.070444210E+00
-2.867241680E+00-2.665919142E+00-2.466607488E+00-2.269388219E+00-2.074331170E+00
-1.881511067E+00-1.691014985E+00-1.502946432E+00-1.317427688E+00-1.134601413E+00
-9.546317462E-01-7.777049916E-01-6.040298043E-01-4.338367571E-01-2.673771194E-01
-1.049206995E-01 5.324742599E-02 2.068313650E-01 3.555300736E-01 4.990441143E-01
 6.370833121E-01-1.479278754E+00-1.529107948E+00-1.584177034E+00-1.644649562E+00
-1.709772104E+00-1.776700114E+00-1.844650177E+00-1.913624313E+00-1.983644673E+00
-2.054734057E+00-2.126915286E+00-2.200211109E+00-2.274644293E+00-2.350237608E+00
-2.427014209E+00-2.504997619E+00-2.584212061E+00-2.664682472E+00-2.746434682E+00
-2.829495491E+00-2.913892800E+00-2.999655676E+00-3.086814502E+00-3.175401057E+00
-3.266756861E+00-3.362024642E+00-3.460657074E+00-3.561499684E+00-3.663797481E+00
-3.767133893E+00-3.871250430E+00-3.975953572E+00-4.081076152E+00-4.186461952E+00
-4.291959538E+00-4.397419823E+00-4.502694785E+00-4.607637293E+00-4.712100681E+00
-4.815938826E+00-4.919006051E+00-5.021157163E+00-5.122247413E+00-5.222132656E+00
-5.320669229E+00-5.417714071E+00-5.513124758E+00-5.606759471E+00-5.698477104E+00
-5.788137251E+00-5.875600280E+00-5.960727275E+00-6.043380174E+00-6.123421633E+00
-6.200715178E+00-6.275125110E+00-6.346516468E+00-6.414755026E+00-6.479707178E+00
-6.541239823E+00-6.599220111E+00-6.653515269E+00-6.703992274E+00-6.750514691E+00
-6.792939690E+00-6.831119308E+00-6.864899574E+00-6.894120471E+00-6.918615898E+00
-6.938214057E+00-6.952738209E+00-6.962007682E+00-6.965839380E+00-6.964049434E+00
-6.956455427E+00-6.942878760E+00-6.923147441E+00-6.897098837E+00-6.864582776E+00
-6.825464451E+00-6.779627211E+00-6.726974965E+00-6.667434156E+00-6.600955568E+00
-6.527515773E+00-6.447109539E+00-6.359749791E+00-6.265467493E+00-6.164311961E+00
-6.056351015E+00-5.941671463E+00-5.820379707E+00-5.692602356E+00-5.558487026E+00
-5.418203228E+00-5.271943416E+00-5.119924208E+00-4.962387817E+00-4.799603646E+00
-4.631870256E+00-4.459517797E+00-4.282910635E+00-4.102449763E+00-3.918571826E+00
-3.731726702E+00-3.542230821E+00-3.349371471E+00-3.148090749E+00-2.943711095E+00
-2.741829196E+00-2.542401725E+00-2.345428487E+00-2.150937581E+00-1.958979792E+00
-1.769626190E+00-1.582967203E+00-1.399112179E+00-1.218189092E+00-1.040344247E+00
-8.657418107E-01-6.945630375E-01-5.270050887E-01-3.632793071E-01-2.036088731E-01
-4.822576938E-02 1.026329662E-01 2.487296872E-01 3.898311801E-01 5.257141473E-01
-1.480410547E+00-1.530344401E+00-1.585559257E+00-1.646222098E+00-1.712118533E+00
-1.779207881E+00-1.847280317E+00-1.916382985E+00-1.986544543E+00-2.057792064E+00
-2.130151078E+00-2.203645808E+00-2.278299756E+00-2.354136042E+00-2.431177935E+00
-2.509449057E+00-2.588973766E+00-2.669777193E+00-2.751885594E+00-2.835326311E+00
-2.920127983E+00-3.006320684E+00-3.093935958E+00-3.183006981E+00-3.274992078E+00
-3.370950054E+00-3.470198931E+00-3.571595535E+00-3.674421146E+00-3.778278940E+00
-3.882918621E+00-3.988149830E+00-4.093806367E+00-4.199732266E+00-4.305776017E+00
-4.411788221E+00-4.517620664E+00-4.623125904E+00-4.728157044E+00-4.832567726E+00
-4.936212042E+00-5.038944584E+00-5.140620451E+00-5.241095341E+00-5.340225417E+00
-5.437867560E+00-5.533879230E+00-5.628118588E+00-5.720444529E+00-5.810716664E+00
-5.898795441E+00-5.984542156E+00-6.067818923E+00-6.148488764E+00-6.226415632E+00
-6.301464410E+00-6.373500872E+00-6.442391820E+00-6.508004830E+00-6.570208448E+00
-6.628871839E+00-6.683864711E+00-6.735056927E+00-6.782311588E+00-6.825487006E+00
-6.864435684E+00-6.899003922E+00-6.929031491E+00-6.954351648E+00-6.974791532E+00
-6.990172833E+00-7.000312844E+00-7.005025874E+00-7.004124952E+00-6.997424116E+00
-6.984740775E+00-6.965898500E+00-6.940730007E+00-6.909080338E+00-6.870809860E+00
-6.825797370E+00-6.773942669E+00-6.715168653E+00-6.649422793E+00-6.576680169E+00
-6.496939114E+00-6.410215518E+00-6.316542943E+00-6.215972891E+00-6.108575239E+00
-5.994438655E+00-5.873671264E+00-5.746401284E+00-5.612777921E+00-5.472972177E+00
-5.327177921E+00-5.175613069E+00-5.018521035E+00-4.856172172E+00-4.688865816E+00
-4.516932562E+00-4.340736778E+00-4.160679552E+00-3.977199446E+00-3.790760933E+00
-3.601769885E+00-3.410051308E+00-3.212169146E+00-3.007138226E+00-2.804926740E+00
-2.605459178E+00-2.408706763E+00-2.214676548E+00-2.023403917E+00-1.834947669E+00
-1.649387085E+00-1.466819799E+00-1.287360404E+00-1.111139240E+00-9.383012412E-01
-7.690046339E-01-6.034193985E-01-4.417253841E-01-2.841100280E-01-1.307656419E-01
 1.811372762E-02 1.623358461E-01 3.017141570E-01 4.360718740E-01-1.482758753E+00
-1.532911082E+00-1.588279330E+00-1.649007792E+00-1.714580167E+00-1.781675865E+00
-1.849766451E+00-1.918898442E+00-1.989109323E+00-2.060430361E+00-2.132888161E+00
-2.206506555E+00-2.281307964E+00-2.357314322E+00-2.434547875E+00-2.513031469E+00
-2.592788858E+00-2.673844944E+00-2.756225866E+00-2.839959158E+00-2.925073869E+00
-3.011600554E+00-3.099571574E+00-3.189021013E+00-3.281499665E+00-3.377987471E+00
-3.477705974E+00-3.579526143E+00-3.682757104E+00-3.787016471E+00-3.892059914E+00
-3.997699186E+00-4.103768806E+00-4.210112864E+00-4.316579676E+00-4.423019671E+00
-4.529284360E+00-4.635226071E+00-4.740697672E+00-4.845552595E+00-4.949644736E+00
-5.052828515E+00-5.154958893E+00-5.255891394E+00-5.355482104E+00-5.453587767E+00
-5.550065788E+00-5.644774287E+00-5.737572138E+00-5.828318995E+00-5.916875341E+00
-6.003102591E+00-6.086863051E+00-6.168019994E+00-6.246437744E+00-6.321981647E+00
-6.394518118E+00-6.463914771E+00-6.530040327E+00-6.592764667E+00-6.651958954E+00
-6.707495588E+00-6.759244819E+00-6.807070602E+00-6.850831947E+00-6.890381860E+00
-6.925566854E+00-6.956226602E+00-6.982193918E+00-7.003295183E+00-7.019350926E+00
-7.030176811E+00-7.035585229E+00-7.035386846E+00-7.029392908E+00-7.017417608E+00
-6.999281030E+00-6.974812208E+00-6.943852269E+00-6.906257744E+00-6.861903651E+00
-6.810686361E+00-6.752525885E+00-6.687367657E+00-6.615182940E+00-6.535973052E+00
-6.449756886E+00-6.356570599E+00-6.256467828E+00-6.149520327E+00-6.035818372E+00
-5.915471543E+00-5.788609376E+00-5.655382217E+00-5.515962118E+00-5.370543837E+00
-5.219346026E+00-5.062612432E+00-4.900613520E+00-4.733648163E+00-4.562045774E+00
-4.386168880E+00-4.206415779E+00-4.023222552E+00-3.837057102E+00-3.648366400E+00
-3.457241326E+00-3.261487939E+00-3.056372244E+00-2.854181143E+00-2.654855673E+00
-2.458378239E+00-2.264761999E+00-2.074044504E+00-1.886283644E+00-1.701554948E+00
-1.519949758E+00-1.341573743E+00-1.166545605E+00-9.949958060E-01-8.270651646E-01
-6.629032786E-01-5.026667020E-01-3.465168329E-01-1.946175402E-01-4.713249049E-02
 9.577774619E-02 2.339587707E-01 3.672655363E-01-1.485405085E+00-1.535854277E+00
-1.591343119E+00-1.652026640E+00-1.717193233E+00-1.784110344E+00-1.852061649E+00
-1.921094911E+00-1.991252379E+00-2.062561578E+00-2.135043211E+00-2.208715513E+00
-2.283596465E+00-2.359704689E+00-2.437059989E+00-2.515683485E+00-2.595597772E+00
-2.676827031E+00-2.759396938E+00-2.843334873E+00-2.928669902E+00-3.015432833E+00
-3.103656396E+00-3.193375139E+00-3.286207250E+00-3.383068512E+00-3.483116271E+00
-3.585234287E+00-3.688751255E+00-3.793294633E+00-3.898624064E+00-4.004552734E+00
-4.110915588E+00-4.217556717E+00-4.324324302E+00-4.431068556E+00-4.537640819E+00
-4.643893204E+00-4.749678406E+00-4.854849680E+00-4.959260789E+00-5.062766035E+00
-5.165220205E+00-5.266478727E+00-5.366397628E+00-5.464833556E+00-5.561643837E+00
-5.656686572E+00-5.749820598E+00-5.840905586E+00-5.929802098E+00-6.016371588E+00
-6.100476496E+00-6.181980291E+00-6.260747527E+00-6.336643939E+00-6.409536446E+00
-6.479293243E+00-6.545783942E+00-6.608879588E+00-6.668452756E+00-6.724378231E+00
-6.776525761E+00-6.824760285E+00-6.868941340E+00-6.908922336E+00-6.944549924E+00
-6.975663776E+00-7.002096435E+00-7.023673719E+00-7.040215305E+00-7.051535851E+00
-7.057446350E+00-7.057755862E+00-7.052273578E+00-7.040811444E+00-7.023186945E+00
-6.999226328E+00-6.968767928E+00-6.931665448E+00-6.887791075E+00-6.837038624E+00
-6.779325838E+00-6.714596329E+00-6.642820257E+00-6.563997913E+00-6.478151289E+00
-6.385318907E+00-6.285556244E+00-6.178936526E+00-6.065551369E+00-5.945511358E+00
-5.818946979E+00-5.686009373E+00-5.546871192E+00-5.401727640E+00-5.250797506E+00
-5.094324379E+00-4.932578068E+00-4.765856089E+00-4.594485489E+00-4.418825019E+00
-4.239267355E+00-4.056240501E+00-3.870203153E+00-3.681604299E+00-3.490632673E+00
-3.295730680E+00-3.091039170E+00-2.889161844E+00-2.690123446E+00-2.493955853E+00
-2.300701597E+00-2.110415109E+00-1.923163090E+00-1.739024320E+00-1.558089258E+00
-1.380459432E+00-1.206246637E+00-1.035571947E+00-8.685645149E-01-7.053601437E-01
-5.460996296E-01-3.909268675E-01-2.399867482E-01-9.342284523E-02 4.862503175E-02
 1.860234130E-01 3.186477761E-01-1.487942941E+00-1.538818202E+00-1.594406542E+00
-1.654821731E+00-1.719978181E+00-1.786402178E+00-1.853990458E+00-1.922798462E+00
-1.992823305E+00-2.064061099E+00-2.136513318E+00-2.210186646E+00-2.285091781E+00
-2.361242829E+00-2.438656551E+00-2.517352091E+00-2.597350727E+00-2.678675690E+00
-2.761352152E+00-2.845407125E+00-2.930869539E+00-3.017770184E+00-3.106141846E+00
-3.196019327E+00-3.289061816E+00-3.386143319E+00-3.486384579E+00-3.588677976E+00
-3.692363798E+00-3.797075214E+00-3.902574176E+00-4.008674644E+00-4.115211776E+00
-4.222029625E+00-4.328976293E+00-4.435901841E+00-4.542657470E+00-4.649095158E+00
-4.755067524E+00-4.860427648E+00-4.965029235E+00-5.068726469E+00-5.171374101E+00
-5.272827441E+00-5.372942478E+00-5.471575781E+00-5.568584698E+00-5.663827250E+00
-5.757162275E+00-5.848449445E+00-5.937549359E+00-6.024323471E+00-6.108634358E+00
-6.190345586E+00-6.269321844E+00-6.345429118E+00-6.418534580E+00-6.488506909E+00
-6.555216202E+00-6.618534298E+00-6.678334702E+00-6.734493401E+00-6.786880102E+00
-6.835360174E+00-6.879793539E+00-6.920033841E+00-6.955927864E+00-6.987315244E+00
-7.014028407E+00-7.035892783E+00-7.052727604E+00-7.064346945E+00-7.070560988E+00
-7.071177821E+00-7.066005475E+00-7.054854442E+00-7.037540617E+00-7.013888601E+00
-6.983734965E+00-6.946931668E+00-6.903349212E+00-6.852879784E+00-6.795439751E+00
-6.730971640E+00-6.659445088E+00-6.580858602E+00-6.495236617E+00-6.402619186E+00
-6.303063045E+00-6.196642408E+00-6.083449628E+00-5.963595967E+00-5.837212435E+00
-5.704450599E+00-5.565483402E+00-5.420506165E+00-5.269737617E+00-5.113420980E+00
-4.951825210E+00-4.785246408E+00-4.614009337E+00-4.438469063E+00-4.259012761E+00
-4.076060316E+00-3.890059590E+00-3.701451048E+00-3.510455994E+00-3.315814508E+00
-3.111537185E+00-2.909968789E+00-2.711186907E+00-2.515260617E+00-2.322257412E+00
-2.132247745E+00-1.945307906E+00-1.761521549E+00-1.580980616E+00-1.403785480E+00
-1.230044685E+00-1.059874317E+00-8.933970231E-01-7.307407873E-01-5.720374093E-01
-4.174208047E-01-2.670250655E-01-1.209823953E-01 2.057910962E-02 1.575377273E-01
 2.897804097E-01-1.491616347E+00-1.543363889E+00-1.599065552E+00-1.658861041E+00
-1.722164006E+00-1.787805412E+00-1.855064481E+00-1.923697676E+00-1.993617168E+00
-2.064787491E+00-2.137195917E+00-2.210841808E+00-2.285731712E+00-2.361877160E+00
-2.439293226E+00-2.517997932E+00-2.598011740E+00-2.679357320E+00-2.762059399E+00
-2.846144717E+00-2.931641952E+00-3.018581797E+00-3.106996883E+00-3.196921993E+00
-3.290030287E+00-3.387180966E+00-3.487482740E+00-3.589831015E+00-3.693569949E+00
-3.798334516E+00-3.903887385E+00-4.010042768E+00-4.116635823E+00-4.223510583E+00
-4.330515092E+00-4.437499352E+00-4.544314508E+00-4.650812479E+00-4.756845805E+00
-4.862267549E+00-4.966931374E+00-5.070691391E+00-5.173402367E+00-5.274919574E+00
-5.375098943E+00-5.473797082E+00-5.570871261E+00-5.666179540E+00-5.759580739E+00
-5.850934527E+00-5.940101487E+00-6.026943147E+00-6.111322048E+00-6.193101813E+00
-6.272147228E+00-6.348324299E+00-6.421500332E+00-6.491544125E+00-6.558326004E+00
-6.621718004E+00-6.681594037E+00-6.737830381E+00-6.790296781E+00-6.838858760E+00
-6.883376338E+00-6.923703255E+00-6.959686356E+00-6.991165235E+00-7.017972280E+00
-7.039932825E+00-7.056865946E+00-7.068585487E+00-7.074901434E+00-7.075621489E+00
-7.070553276E+00-7.059506860E+00-7.042297614E+00-7.018749498E+00-6.988698522E+00
-6.951996064E+00-6.908512025E+00-6.858138068E+00-6.800790057E+00-6.736410151E+00
-6.664967773E+00-6.586460753E+00-6.500914320E+00-6.408369069E+00-6.308882181E+00
-6.202528144E+00-6.089399579E+00-5.969607945E+00-5.843284424E+00-5.710580681E+00
-5.571669736E+00-5.426746909E+00-5.276030854E+00-5.119764579E+00-4.958216709E+00
-4.791682727E+00-4.620486425E+00-4.444981437E+00-4.265552651E+00-4.082616772E+00
-3.896617307E+00-3.707990743E+00-3.516966237E+00-3.322371430E+00-3.118246450E+00
-2.916793057E+00-2.718104534E+00-2.522262264E+00-2.329342633E+00-2.139422217E+00
-1.952581085E+00-1.768905098E+00-1.588487071E+00-1.411427290E+00-1.237833460E+00
-1.067820188E+00-9.015081348E-01-7.390228346E-01-5.804932659E-01-4.260501916E-01
-2.758243028E-01-1.299442079E-01 1.146568272E-02 1.482873449E-01 2.804113365E-01
-1.489667126E+00-1.540693797E+00-1.596308081E+00-1.656641152E+00-1.721140634E+00
-1.787416700E+00-1.854891430E+00-1.923589705E+00-1.993514004E+00-2.064662101E+00
-2.137035125E+00-2.210638793E+00-2.285482774E+00-2.361580069E+00-2.438946549E+00
-2.517600545E+00-2.597562597E+00-2.678855336E+00-2.761503372E+00-2.845533232E+00
-2.930973420E+00-3.017854378E+00-3.106208523E+00-3.196070367E+00-3.289099660E+00
-3.386169381E+00-3.486399828E+00-3.588683383E+00-3.692360291E+00-3.797063626E+00
-3.902555225E+00-4.008648969E+00-4.115179920E+00-4.221992053E+00-4.328933412E+00
-4.435854018E+00-4.542605016E+00-4.649038364E+00-4.755006602E+00-4.860362851E+00
-4.964960756E+00-5.068654502E+00-5.171298801E+00-5.272749002E+00-5.372861035E+00
-5.471491510E+00-5.568497733E+00-5.663737766E+00-5.757070408E+00-5.848355369E+00
-5.937453210E+00-6.024225442E+00-6.108534585E+00-6.190244244E+00-6.269219106E+00
-6.345325140E+00-6.418429556E+00-6.488400974E+00-6.555109550E+00-6.618427084E+00
-6.678227062E+00-6.734385489E+00-6.786772055E+00-6.835252127E+00-6.879685628E+00
-6.919926201E+00-6.955820612E+00-6.987208515E+00-7.013922317E+00-7.035787449E+00
-7.052623142E+00-7.064243452E+00-7.070458580E+00-7.071076576E+00-7.065905470E+00
-7.054755773E+00-7.037443344E+00-7.013792761E+00-6.983640598E+00-6.946838774E+00
-6.903257791E+00-6.852789797E+00-6.795351139E+00-6.730884269E+00-6.659358821E+00
-6.580773246E+00-6.495151920E+00-6.402534857E+00-6.302978716E+00-6.196557672E+00
-6.083363981E+00-5.963508905E+00-5.837123377E+00-5.704358887E+00-5.565388338E+00
-5.420407031E+00-5.269633619E+00-5.113311266E+00-4.951708927E+00-4.785122685E+00
-4.613877243E+00-4.438327726E+00-4.258861290E+00-4.075897935E+00-3.889885661E+00
-3.701265027E+00-3.510257185E+00-3.315599499E+00-3.111301869E+00-2.909713340E+00
-2.710911053E+00-2.514963759E+00-2.321938754E+00-2.131906455E+00-1.944943111E+00
-1.761132504E+00-1.580566658E+00-1.403346112E+00-1.229579606E+00-1.059383445E+00
-8.928805248E-01-7.301990909E-01-5.714712338E-01-4.168311635E-01-2.664132839E-01
-1.203501098E-01 2.122995150E-02 1.582048747E-01 2.904613212E-01-1.487868647E+00
-1.538535385E+00-1.594058668E+00-1.654573909E+00-1.719567821E+00-1.786162599E+00
-1.853835675E+00-1.922633731E+00-1.992588609E+00-2.063721630E+00-2.136049351E+00
-2.209586865E+00-2.284349558E+00-2.360353940E+00-2.437617935E+00-2.516161132E+00
-2.596004711E+00-2.677171635E+00-2.759686549E+00-2.843575906E+00-2.928867936E+00
-3.015592753E+00-3.103782367E+00-3.193470862E+00-3.286277318E+00-3.383115696E+00
-3.483142450E+00-3.585241359E+00-3.688741024E+00-3.793268687E+00-3.898583817E+00
-4.004499369E+00-4.110850151E+00-4.217480100E+00-4.324237298E+00-4.430971826E+00
-4.537534981E+00-4.643778782E+00-4.749555884E+00-4.854719466E+00-4.959123289E+00
-5.062621578E+00-5.165069160E+00-5.266321403E+00-5.366234336E+00-5.464664606E+00
-5.561469539E+00-5.656507197E+00-5.749636476E+00-5.840717046E+00-5.929609412E+00
-6.016175084E+00-6.100276504E+00-6.181777140E+00-6.260541567E+00-6.336435499E+00
-6.409325874E+00-6.479080869E+00-6.545570096E+00-6.608664598E+00-6.668236933E+00
-6.724161827E+00-6.776309104E+00-6.824543648E+00-6.868724994E+00-6.908706552E+00
-6.944334973E+00-6.975449891E+00-7.001883867E+00-7.023462721E+00-7.040006090E+00
-7.051328651E+00-7.057241379E+00-7.057553312E+00-7.052073644E+00-7.040614262E+00
-7.022992651E+00-6.999035017E+00-6.968579698E+00-6.931480318E+00-6.887609046E+00
-6.836859599E+00-6.779149700E+00-6.714422865E+00-6.642649157E+00-6.563828808E+00
-6.477983696E+00-6.385152205E+00-6.285389716E+00-6.178769379E+00-6.065382613E+00
-5.945339947E+00-5.818771770E+00-5.685829049E+00-5.546684396E+00-5.401532880E+00
-5.250593193E+00-5.094108847E+00-4.932349553E+00-4.765612770E+00-4.594225506E+00
-4.418546511E+00-4.238968482E+00-4.055919499E+00-3.869858433E+00-3.681234389E+00
-3.490235460E+00-3.295297503E+00-3.090567491E+00-2.888651565E+00-2.689573445E+00
-2.493364482E+00-2.300066879E+00-2.109735067E+00-1.922435808E+00-1.738248084E+00
-1.557262624E+00-1.379581294E+00-1.205316291E+00-1.034589147E+00-8.675295167E-01
-7.042737514E-01-5.449632307E-01-3.897424637E-01-2.387569766E-01-9.215099164E-02
 4.993504053E-02 1.873670198E-01 3.200198226E-01-1.485938732E+00-1.536407788E+00
-1.591780999E+00-1.652323002E+00-1.717880754E+00-1.784548814E+00-1.852259282E+00
-1.921063671E+00-1.990990439E+00-2.062063759E+00-2.134304786E+00-2.207733052E+00
-2.282367449E+00-2.358226967E+00-2.435331333E+00-2.513701163E+00-2.593358353E+00
-2.674326118E+00-2.756629104E+00-2.840293531E+00-2.925347261E+00-3.011819864E+00
-3.099742713E+00-3.189149135E+00-3.281591164E+00-3.378046300E+00-3.477734826E+00
-3.579527751E+00-3.682734026E+00-3.786970934E+00-3.891993857E+00-3.997614275E+00
-4.103666494E+00-4.209994392E+00-4.316446129E+00-4.422871997E+00-4.529123394E+00
-4.635052529E+00-4.740512213E+00-4.845355820E+00-4.949437168E+00-5.052610677E+00
-5.154731250E+00-5.255654392E+00-5.355236208E+00-5.453333403E+00-5.549803402E+00
-5.644504304E+00-5.737295006E+00-5.828035158E+00-5.916585284E+00-6.002806779E+00
-6.086561968E+00-6.167714145E+00-6.246127612E+00-6.321667756E+00-6.394200972E+00
-6.463594893E+00-6.529718201E+00-6.592440817E+00-6.651633805E+00-6.707169625E+00
-6.758918469E+00-6.806744310E+00-6.850506140E+00-6.890056944E+00-6.925243255E+00
-6.955904689E+00-6.981874098E+00-7.002977844E+00-7.019036415E+00-7.029865498E+00
-7.035277442E+00-7.035082896E+00-7.029093085E+00-7.017122184E+00-6.998990217E+00
-6.974526201E+00-6.943571183E+00-6.905981658E+00-6.861632565E+00-6.810420158E+00
-6.752264390E+00-6.687110561E+00-6.614929835E+00-6.535723377E+00-6.449509904E+00
-6.356325401E+00-6.256223385E+00-6.149275361E+00-6.035571507E+00-5.915221190E+00
-5.788353791E+00-5.655119482E+00-5.515690179E+00-5.370260465E+00-5.219048800E+00
-5.062298851E+00-4.900280891E+00-4.733293697E+00-4.561666602E+00-4.385762018E+00
-4.205978262E+00-4.022751358E+00-3.836549207E+00-3.647818549E+00-3.456648017E+00
-3.260830356E+00-3.055663853E+00-2.853419253E+00-2.654036736E+00-2.457498400E+00
-2.263817459E+00-2.073031601E+00-1.885199052E+00-1.700395715E+00-1.518713414E+00
-1.340258365E+00-1.165149905E+00-9.935192042E-01-8.255078608E-01-6.612663269E-01
-5.009520653E-01-3.447274372E-01-1.927573105E-01-4.520637107E-02 9.776378580E-02
 2.359977558E-01 3.693495347E-01-1.485283799E+00-1.535639788E+00-1.590929870E+00
-1.651304280E+00-1.716096038E+00-1.782656009E+00-1.850290939E+00-1.919008438E+00
-1.988830738E+00-2.059779424E+00-2.131875142E+00-2.205137888E+00-2.279587446E+00
-2.355243679E+00-2.432126951E+00-2.510258325E+00-2.589659892E+00-2.670354768E+00
-2.752367349E+00-2.835723427E+00-2.920450148E+00-3.006576307E+00-3.094132288E+00
-3.183150295E+00-3.275089874E+00-3.371007255E+00-3.470218948E+00-3.571581738E+00
-3.674376656E+00-3.778206450E+00-3.882820496E+00-3.988028025E+00-4.093662646E+00
-4.199568083E+00-4.305592651E+00-4.411586776E+00-4.517402148E+00-4.622891170E+00
-4.727906865E+00-4.832302782E+00-4.935933010E+00-5.038652047E+00-5.140315009E+00
-5.240777536E+00-5.339895831E+00-5.437526716E+00-5.533527671E+00-5.627756894E+00
-5.720073262E+00-5.810336426E+00-5.898406832E+00-5.984145797E+00-6.067415452E+00
-6.148078840E+00-6.225999914E+00-6.301043576E+00-6.373075640E+00-6.441962848E+00
-6.507572817E+00-6.569774051E+00-6.628435737E+00-6.683427524E+00-6.734619255E+00
-6.781874032E+00-6.825050167E+00-6.864000144E+00-6.898570262E+00-6.928600271E+00
-6.953923413E+00-6.974366824E+00-6.989752194E+00-6.999896778E+00-7.004614846E+00
-7.003719446E+00-6.997024559E+00-6.984347535E+00-6.965511925E+00-6.940350389E+00
-6.908707870E+00-6.870444678E+00-6.825439493E+00-6.773592000E+00-6.714824980E+00
-6.649085747E+00-6.576349226E+00-6.496613539E+00-6.409894342E+00-6.316224983E+00
-6.215656753E+00-6.108259313E+00-5.994121082E+00-5.873349971E+00-5.746073985E+00
-5.612442057E+00-5.472624977E+00-5.326816401E+00-5.175234071E+00-5.018121110E+00
-4.855747754E+00-4.688413127E+00-4.516447648E+00-4.340215552E+00-4.160117788E+00
-3.976592728E+00-3.790104570E+00-3.601058104E+00-3.409272772E+00-3.211288803E+00
-3.006201689E+00-2.803924728E+00-2.604383707E+00-2.407550799E+00-2.213433794E+00
-2.022068675E+00-1.833514842E+00-1.647852210E+00-1.465179101E+00-1.285610879E+00
-1.109278755E+00-9.363286325E-01-7.669198198E-01-6.012234776E-01-4.394207264E-01
-2.817003654E-01-1.282561261E-01 2.071648188E-02 1.650237469E-01 3.044776543E-01
 4.389000097E-01-1.483807860E+00-1.533971937E+00-1.589096157E+00-1.649324196E+00
-1.714071183E+00-1.780491826E+00-1.847974141E+00-1.916530089E+00-1.986178024E+00
-2.056936639E+00-2.128824770E+00-2.201861365E+00-2.276065589E+00-2.351456936E+00
-2.428055499E+00-2.505882090E+00-2.584958372E+00-2.665307037E+00-2.746951859E+00
-2.829917816E+00-2.914231125E+00-2.999919419E+00-3.087011723E+00-3.175538655E+00
-3.266842760E+00-3.362064269E+00-3.460654400E+00-3.561458566E+00-3.663721367E+00
-3.767025788E+00-3.871112833E+00-3.975788653E+00-4.080885694E+00-4.186247543E+00
-4.291722555E+00-4.397161390E+00-4.502415967E+00-4.607338981E+00-4.711783709E+00
-4.815603931E+00-4.918653910E+00-5.020788454E+00-5.121862776E+00-5.221732731E+00
-5.320254616E+00-5.417285428E+00-5.512682727E+00-5.606304709E+00-5.698010309E+00
-5.787659139E+00-5.875111568E+00-5.960228758E+00-6.042872609E+00-6.122905852E+00
-6.200192033E+00-6.274595416E+00-6.345981116E+00-6.414214887E+00-6.479163145E+00
-6.540692728E+00-6.598670846E+00-6.652964648E+00-6.703441091E+00-6.749963740E+00
-6.792389766E+00-6.830571147E+00-6.864353990E+00-6.893578201E+00-6.918077697E+00
-6.937680642E+00-6.952210298E+00-6.961485971E+00-6.965324529E+00-6.963542082E+00
-6.955956194E+00-6.942388188E+00-6.922665996E+00-6.896626965E+00-6.864120767E+00
-6.825012537E+00-6.779185470E+00-6.726543338E+00-6.667012412E+00-6.600543319E+00
-6.527112379E+00-6.446714109E+00-6.359361143E+00-6.265084233E+00-6.163932343E+00
-6.055973082E+00-5.941292930E+00-5.819998035E+00-5.692214696E+00-5.558090201E+00
-5.417793827E+00-5.271517719E+00-5.119478223E+00-4.961917262E+00-4.799103986E+00
-4.631336745E+00-4.458945473E+00-4.282294306E+00-4.101784061E+00-3.917851189E+00
-3.730945182E+00-3.541380628E+00-3.348434314E+00-3.147025741E+00-2.942578131E+00
-2.740613996E+00-2.541093204E+00-2.344017190E+00-2.149415098E+00-1.957338469E+00
-1.767859088E+00-1.581068137E+00-1.397075790E+00-1.216010965E+00-1.038021052E+00
-8.632714453E-01-6.919447856E-01-5.242397758E-01-3.603694406E-01-2.005587798E-01
-4.504170472E-02 1.059427459E-01 2.521548817E-01 3.933594533E-01 5.293311853E-01
-1.481634374E+00-1.531657190E+00-1.586458148E+00-1.646615195E+00-1.711820551E+00
-1.778063228E+00-1.845333726E+00-1.913667404E+00-1.983080274E+00-2.053588731E+00
-2.125209708E+00-2.197960567E+00-2.271859214E+00-2.346924191E+00-2.423174644E+00
-2.500630608E+00-2.579312952E+00-2.659243516E+00-2.740445182E+00-2.822941902E+00
-2.906758691E+00-2.991921708E+00-3.078458237E+00-3.166396878E+00-3.256938918E+00
-3.351302425E+00-3.449117916E+00-3.549228747E+00-3.650834799E+00-3.753492991E+00
-3.856933149E+00-3.960957063E+00-4.065395610E+00-4.170091892E+00-4.274894322E+00
-4.379653716E+00-4.484222284E+00-4.588452952E+00-4.692199289E+00-4.795315363E+00
-4.897655673E+00-4.999075219E+00-5.099429467E+00-5.198574425E+00-5.296366585E+00
-5.392663023E+00-5.487321392E+00-5.580199989E+00-5.671157689E+00-5.760054104E+00
-5.846749467E+00-5.931104728E+00-6.012981553E+00-6.092242267E+00-6.168749913E+00
-6.242368113E+00-6.312961132E+00-6.380393678E+00-6.444530846E+00-6.505237869E+00
-6.562379900E+00-6.615821650E+00-6.665426818E+00-6.711057846E+00-6.752571790E+00
-6.789819947E+00-6.822648291E+00-6.850897074E+00-6.874401069E+00-6.892989871E+00
-6.906488700E+00-6.914719480E+00-6.917502215E+00-6.914656814E+00-6.906005124E+00
-6.891373331E+00-6.870594561E+00-6.843511624E+00-6.809979831E+00-6.769869802E+00
-6.723069924E+00-6.669488581E+00-6.609056172E+00-6.541727449E+00-6.467475828E+00
-6.386293268E+00-6.298189921E+00-6.203194253E+00-6.101353080E+00-5.992731856E+00
-5.877415125E+00-5.755507001E+00-5.627131884E+00-5.492435142E+00-5.351584078E+00
-5.204768936E+00-5.052204105E+00-4.894129572E+00-4.730812567E+00-4.562549561E+00
-4.389668648E+00-4.212532025E+00-4.031537642E+00-3.847113772E+00-3.659672451E+00
-3.469320526E+00-3.274184786E+00-3.069268443E+00-2.865961451E+00-2.664528365E+00
-2.465097464E+00-2.267749376E+00-2.072553877E+00-1.879585932E+00-1.688933139E+00
-1.500699677E+00-1.315008688E+00-1.132003875E+00-9.518506331E-01-7.747367338E-01
-6.008725282E-01-4.304905149E-01-2.638441143E-01-1.012054948E-01 5.713772487E-02
 2.108869683E-01 3.597384194E-01 5.033898422E-01 6.415483219E-01-1.480946954E+00
-1.530710596E+00-1.585412936E+00-1.645202305E+00-1.709428382E+00-1.775386280E+00
-1.842394871E+00-1.910454746E+00-1.979579615E+00-2.049783928E+00-2.121082799E+00
-2.193491884E+00-2.267027557E+00-2.341706909E+00-2.417547884E+00-2.494569334E+00
-2.572791084E+00-2.652233982E+00-2.732919906E+00-2.814871662E+00-2.898113008E+00
-2.982668473E+00-3.068563366E+00-3.155823787E+00-3.245485154E+00-3.338824927E+00
-3.435701672E+00-3.534976418E+00-3.635796144E+00-3.737684269E+00-3.840355754E+00
-3.943606287E+00-4.047264437E+00-4.151172515E+00-4.255178757E+00-4.359134134E+00
-4.462891012E+00-4.566302646E+00-4.669222857E+00-4.771505985E+00-4.873006799E+00
-4.973580531E+00-5.073082882E+00-5.171370051E+00-5.268298669E+00-5.363725982E+00
-5.457509705E+00-5.549508172E+00-5.639580257E+00-5.727585478E+00-5.813383950E+00
-5.896836390E+00-5.977804116E+00-6.056149066E+00-6.131733661E+00-6.204420866E+00
-6.274074015E+00-6.340556731E+00-6.403732772E+00-6.463465783E+00-6.519618979E+00
-6.572054879E+00-6.620634666E+00-6.665217564E+00-6.705660454E+00-6.741814713E+00
-6.773526176E+00-6.800635679E+00-6.822979117E+00-6.840387889E+00-6.852689675E+00
-6.859709459E+00-6.861271064E+00-6.857198857E+00-6.847319682E+00-6.831465287E+00
-6.809474746E+00-6.781197110E+00-6.746493910E+00-6.705241869E+00-6.657334779E+00
-6.602686976E+00-6.541233525E+00-6.472928019E+00-6.397742458E+00-6.315667075E+00
-6.226710262E+00-6.130898544E+00-6.028276800E+00-5.918908567E+00-5.802876412E+00
-5.680282511E+00-5.551249210E+00-5.415919823E+00-5.274459502E+00-5.127056224E+00
-4.973922170E+00-4.815294904E+00-4.651439272E+00-4.482649246E+00-4.309250245E+00
-4.131601212E+00-3.950094439E+00-3.765140371E+00-3.577066812E+00-3.385501334E+00
-3.186502253E+00-2.981571125E+00-2.778529329E+00-2.577238414E+00-2.377678713E+00
-2.179879117E+00-1.983893320E+00-1.789793234E+00-1.597668531E+00-1.407628235E+00
-1.219803014E+00-1.034347609E+00-8.514431679E-01-6.712993237E-01-4.941558104E-01
-3.202833713E-01-1.499836771E-01 1.641214412E-02 1.785466567E-01 3.360412792E-01
 4.885035831E-01 6.355366929E-01 7.767504318E-01-1.479354056E+00-1.528861966E+00
-1.583305180E+00-1.642829144E+00-1.706813775E+00-1.772483395E+00-1.839187363E+00
-1.906928391E+00-1.975718638E+00-2.045570771E+00-2.116497988E+00-2.188514007E+00
-2.261633381E+00-2.335871457E+00-2.411244667E+00-2.487770508E+00-2.565467640E+00
-2.644355964E+00-2.724456426E+00-2.805791059E+00-2.888382630E+00-2.972254314E+00
-3.057429190E+00-3.143929852E+00-3.232599961E+00-3.324748484E+00-3.420510093E+00
-3.518796274E+00-3.618694693E+00-3.719686101E+00-3.821465558E+00-3.923820343E+00
-4.026575673E+00-4.129572520E+00-4.232658696E+00-4.335685190E+00-4.438504523E+00
-4.540970203E+00-4.642936321E+00-4.744257489E+00-4.844788747E+00-4.944385619E+00
-5.042903997E+00-5.140200296E+00-5.236131319E+00-5.330554411E+00-5.423327402E+00
-5.514308606E+00-5.603356938E+00-5.690331779E+00-5.775093069E+00-5.857501254E+00
-5.937417343E+00-6.014702729E+00-6.089219275E+00-6.160829188E+00-6.229394890E+00
-6.294778882E+00-6.356843643E+00-6.415451286E+00-6.470463302E+00-6.521740235E+00
-6.569141174E+00-6.612523211E+00-6.651740767E+00-6.686645063E+00-6.717083059E+00
-6.742896269E+00-6.763922021E+00-6.779993943E+00-6.790942583E+00-6.796596626E+00
-6.796784274E+00-6.791334893E+00-6.780081063E+00-6.762860714E+00-6.739519507E+00
-6.709913257E+00-6.673910159E+00-6.631393331E+00-6.582264202E+00-6.526440922E+00
-6.463859546E+00-6.394473899E+00-6.318255516E+00-6.235193738E+00-6.145295737E+00
-6.048586644E+00-5.945109844E+00-5.834927228E+00-5.718119637E+00-5.594787388E+00
-5.465050929E+00-5.329051518E+00-5.186952177E+00-5.038938732E+00-4.885220999E+00
-4.726034256E+00-4.561640927E+00-4.392332562E+00-4.218431867E+00-4.040293736E+00
-3.858299878E+00-3.672817996E+00-3.483957027E+00-3.290149689E+00-3.086212512E+00
-2.882944371E+00-2.680722306E+00-2.479704977E+00-2.279975687E+00-2.081596172E+00
-1.884627813E+00-1.689141614E+00-1.495223878E+00-1.302980663E+00-1.112541850E+00
-9.240652061E-01-7.377405199E-01-5.537937196E-01-3.724907898E-01-1.941411236E-01
-1.909980835E-02 1.522318078E-01 3.194080487E-01 4.819441190E-01 6.393251801E-01
 7.910194876E-01 9.364951463E-01-1.476657445E+00-1.526234243E+00-1.580060726E+00
-1.639606781E+00-1.704013540E+00-1.769384433E+00-1.835745179E+00-1.903127514E+00
-1.971542433E+00-2.041000570E+00-2.111512747E+00-2.183090242E+00-2.255745224E+00
-2.329490907E+00-2.404341844E+00-2.480314040E+00-2.557424974E+00-2.635693752E+00
-2.715140952E+00-2.795788587E+00-2.877659812E+00-2.960778209E+00-3.045165849E+00
-3.130838525E+00-3.218402857E+00-3.309194591E+00-3.403653395E+00-3.500789096E+00
-3.599626752E+00-3.699593165E+00-3.800356833E+00-3.901693600E+00-4.003423820E+00
-4.105386527E+00-4.207428855E+00-4.309401639E+00-4.411157592E+00-4.512550358E+00
-4.613434378E+00-4.713664534E+00-4.813096177E+00-4.911585044E+00-5.008987316E+00
-5.105159565E+00-5.199958826E+00-5.293242522E+00-5.384868579E+00-5.474695349E+00
-5.562581653E+00-5.648386771E+00-5.731970472E+00-5.813192911E+00-5.891914669E+00
-5.967996714E+00-6.041300269E+00-6.111686746E+00-6.179017678E+00-6.243154536E+00
-6.303958522E+00-6.361290392E+00-6.415010107E+00-6.464976543E+00-6.511047103E+00
-6.553077196E+00-6.590919903E+00-6.624425323E+00-6.653440163E+00-6.677807701E+00
-6.697367571E+00-6.711955900E+00-6.721406608E+00-6.725552545E+00-6.724226818E+00
-6.717264487E+00-6.704504374E+00-6.685791073E+00-6.660977104E+00-6.629925744E+00
-6.592513113E+00-6.548628994E+00-6.498178710E+00-6.441083590E+00-6.377281570E+00
-6.306727421E+00-6.229393069E+00-6.145267698E+00-6.054357957E+00-5.956688183E+00
-5.852300734E+00-5.741256280E+00-5.623634364E+00-5.499533791E+00-5.369073343E+00
-5.232392631E+00-5.089652778E+00-4.941037711E+00-4.786755289E+00-4.627038890E+00
-4.462149215E+00-4.292376340E+00-4.118041597E+00-3.939496778E+00-3.757107975E+00
-3.571152651E+00-3.381201949E+00-3.183359103E+00-2.979297855E+00-2.776401174E+00
-2.574486469E+00-2.373499369E+00-2.173435125E+00-1.974312302E+00-1.776165299E+00
-1.579044018E+00-1.383016055E+00-1.188170447E+00-9.946222724E-01-8.025180509E-01
-6.120418987E-01-4.234223887E-01-2.369399394E-01-5.293436410E-02 1.281880928E-01
 3.059493284E-01 4.797971372E-01 6.491080797E-01 8.131974776E-01 9.713377495E-01
 1.122784927E+00-1.476179455E+00-1.525113349E+00-1.578951098E+00-1.637837619E+00
-1.701149276E+00-1.766122559E+00-1.832103063E+00-1.899091864E+00-1.967097661E+00
-2.036127970E+00-2.106189880E+00-2.177291045E+00-2.249440244E+00-2.322647920E+00
-2.396926339E+00-2.472289783E+00-2.548754547E+00-2.626339039E+00-2.705063878E+00
-2.784952161E+00-2.866030046E+00-2.948328091E+00-3.031884122E+00-3.116749913E+00
-3.203007120E+00-3.292273174E+00-3.385237630E+00-3.481056944E+00-3.578693797E+00
-3.677507947E+00-3.777133459E+00-3.877330965E+00-3.977914599E+00-4.078720858E+00
-4.179595964E+00-4.280390558E+00-4.380957431E+00-4.481150577E+00-4.580824667E+00
-4.679834915E+00-4.778036980E+00-4.875286890E+00-4.971441080E+00-5.066356332E+00
-5.159889838E+00-5.251899175E+00-5.342242309E+00-5.430777630E+00-5.517363900E+00
-5.601860285E+00-5.684126339E+00-5.764021927E+00-5.841407242E+00-5.916142729E+00
-5.988089030E+00-6.057106840E+00-6.123056819E+00-6.185799471E+00-6.245194854E+00
-6.301102561E+00-6.353381215E+00-6.401888415E+00-6.446480208E+00-6.487010915E+00
-6.523332670E+00-6.555295183E+00-6.582745453E+00-6.605527726E+00-6.623483651E+00
-6.636452592E+00-6.644272479E+00-6.646780949E+00-6.643816534E+00-6.635220437E+00
-6.620838242E+00-6.600521869E+00-6.574131529E+00-6.541537611E+00-6.502622339E+00
-6.457281154E+00-6.405423662E+00-6.346974621E+00-6.281874428E+00-6.210079560E+00
-6.131563045E+00-6.046314613E+00-5.954341104E+00-5.855666760E+00-5.750333511E+00
-5.638401487E+00-5.519949337E+00-5.395075015E+00-5.263896216E+00-5.126551255E+00
-4.983200033E+00-4.834025044E+00-4.679232828E+00-4.519055485E+00-4.353752728E+00
-4.183613877E+00-4.008958829E+00-3.830131491E+00-3.647451100E+00-3.460922967E+00
-3.268633248E+00-3.066230162E+00-2.864003504E+00-2.662174292E+00-2.460805772E+00
-2.259911352E+00-2.059492061E+00-1.859550126E+00-1.660095096E+00-1.461147927E+00
-1.262744918E+00-1.064942298E+00-8.678217921E-01-6.714974475E-01-4.761239596E-01
-2.819067787E-01-8.911413373E-02 1.019089796E-01 2.907252673E-01 4.767892570E-01
 6.594335632E-01 8.378616235E-01 1.011152864E+00 1.178286381E+00 1.338185698E+00
-1.474650095E+00-1.523273124E+00-1.576766261E+00-1.635275493E+00-1.698161678E+00
-1.762722458E+00-1.828287188E+00-1.894854836E+00-1.962429315E+00-2.031011062E+00
-2.100600091E+00-2.171198012E+00-2.242808894E+00-2.315439635E+00-2.389100019E+00
-2.463802469E+00-2.539561963E+00-2.616395939E+00-2.694324183E+00-2.773368900E+00
-2.853554776E+00-2.934909193E+00-3.017462397E+00-3.101246884E+00-3.186294298E+00
-3.274016515E+00-3.365352825E+00-3.459705985E+00-3.556007673E+00-3.653545257E+00
-3.751911892E+00-3.850850076E+00-3.950166386E+00-4.049694392E+00-4.149279269E+00
-4.248771504E+00-4.348024025E+00-4.446891114E+00-4.545227792E+00-4.642889603E+00
-4.739732554E+00-4.835612963E+00-4.930387538E+00-5.023913293E+00-5.116047593E+00
-5.206648152E+00-5.295573013E+00-5.382680567E+00-5.467829517E+00-5.550878951E+00
-5.631688172E+00-5.710116792E+00-5.786024637E+00-5.859271687E+00-5.929717982E+00
-5.997223599E+00-6.061648401E+00-6.122852061E+00-6.180693725E+00-6.235031958E+00
-6.285724399E+00-6.332627654E+00-6.375596919E+00-6.414485857E+00-6.449146234E+00
-6.479427895E+00-6.505178555E+00-6.526243972E+00-6.542468122E+00-6.553693758E+00
-6.559763053E+00-6.560518704E+00-6.555805229E+00-6.545470322E+00-6.529366544E+00
-6.507353002E+00-6.479297021E+00-6.445075731E+00-6.404577500E+00-6.357703078E+00
-6.304366740E+00-6.244496966E+00-6.178037174E+00-6.104946284E+00-6.025199087E+00
-5.938786649E+00-5.845716800E+00-5.746014381E+00-5.639721711E+00-5.526899034E+00
-5.407625041E+00-5.281997392E+00-5.150133534E+00-5.012171372E+00-4.868270245E+00
-4.718612105E+00-4.563402951E+00-4.402874397E+00-4.237285730E+00-4.066925534E+00
-3.892109772E+00-3.713158729E+00-3.530254029E+00-3.342602350E+00-3.145695887E+00
-2.944218292E+00-2.743075457E+00-2.542124922E+00-2.341290940E+00-2.140521833E+00
-1.939775978E+00-1.739017910E+00-1.538218260E+00-1.337355519E+00-1.136419045E+00
-9.354132631E-01-7.343632471E-01-5.333220534E-01-3.323803286E-01-1.316788503E-01
 6.857505481E-02 2.680861221E-01 4.664436271E-01 6.630870090E-01 8.572656739E-01
 1.047998612E+00 1.234048393E+00 1.413934802E+00 1.586013485E+00-1.472346336E+00
-1.520735847E+00-1.573706220E+00-1.631921564E+00-1.695060258E+00-1.759172752E+00
-1.824288030E+00-1.890428551E+00-1.957577254E+00-2.025715399E+00-2.094829456E+00
-2.164912390E+00-2.235963001E+00-2.307985066E+00-2.380986453E+00-2.454978478E+00
-2.529975305E+00-2.605993736E+00-2.683052739E+00-2.761173204E+00-2.840377763E+00
-2.920690309E+00-3.002135469E+00-3.084737639E+00-3.168519549E+00-3.254636019E+00
-3.344186588E+00-3.436898871E+00-3.531715261E+00-3.627843834E+00-3.724827037E+00
-3.822383978E+00-3.920311430E+00-4.018439087E+00-4.116610826E+00-4.214676747E+00
-4.312489971E+00-4.409905013E+00-4.506777301E+00-4.602962765E+00-4.698317705E+00
-4.792698807E+00-4.885963048E+00-4.977967657E+00-5.068570212E+00-5.157628543E+00
-5.245000808E+00-5.330545401E+00-5.414121021E+00-5.495586585E+00-5.574801279E+00
-5.651624462E+00-5.725915612E+00-5.797534303E+00-5.866340127E+00-5.932192543E+00
-5.994950851E+00-6.054474007E+00-6.110620460E+00-6.163248039E+00-6.212213741E+00
-6.257373536E+00-6.298582270E+00-6.335693392E+00-6.368558882E+00-6.397029282E+00
-6.420953567E+00-6.440179510E+00-6.454553857E+00-6.463923026E+00-6.468133683E+00
-6.467033893E+00-6.460474084E+00-6.448308559E+00-6.430396717E+00-6.406604681E+00
-6.376806674E+00-6.340886394E+00-6.298738295E+00-6.250268667E+00-6.195396612E+00
-6.134054890E+00-6.066190505E+00-5.991765420E+00-5.910757002E+00-5.823158489E+00
-5.728979433E+00-5.628246206E+00-5.521002331E+00-5.407309154E+00-5.287246220E+00
-5.160912042E+00-5.028424761E+00-4.889922965E+00-4.745566669E+00-4.595538502E+00
-4.440045066E+00-4.279318439E+00-4.113617520E+00-3.943227095E+00-3.768444526E+00
-3.589499801E+00-3.406097650E+00-3.215256335E+00-3.016104969E+00-2.816780584E+00
-2.617257700E+00-2.417483106E+00-2.217394486E+00-2.016925046E+00-1.816004673E+00
-1.614560721E+00-1.412519031E+00-1.209805489E+00-1.006348289E+00-8.020811211E-01
-5.969475812E-01-3.909072811E-01-1.839443427E-01 2.392072961E-02 2.326142145E-01
 4.419849412E-01 6.517687405E-01 8.615352941E-01 1.070607965E+00 1.277945363E+00
 1.481985250E+00 1.680512156E+00 1.870735521E+00-1.471896517E+00-1.520092674E+00
-1.572820457E+00-1.630221327E+00-1.691826512E+00-1.755284548E+00-1.819993113E+00
-1.885794204E+00-1.952592460E+00-2.020336648E+00-2.089000360E+00-2.158571756E+00
-2.229048357E+00-2.300433979E+00-2.372737129E+00-2.445969802E+00-2.520146918E+00
-2.595285664E+00-2.671405185E+00-2.748526176E+00-2.826670475E+00-2.905860559E+00
-2.986118790E+00-3.067466541E+00-3.149923092E+00-3.234365918E+00-3.321962824E+00
-3.412830206E+00-3.505987698E+00-3.600561370E+00-3.696029453E+00-3.792079549E+00
-3.888494826E+00-3.985099341E+00-4.081734821E+00-4.178250743E+00-4.274500152E+00
-4.370337855E+00-4.465619588E+00-4.560201650E+00-4.653940709E+00-4.746693780E+00
-4.838318073E+00-4.928671167E+00-5.017610754E+00-5.104994879E+00-5.190681758E+00
-5.274529860E+00-5.356397849E+00-5.436144620E+00-5.513629185E+00-5.588710691E+00
-5.661248421E+00-5.731101600E+00-5.798129453E+00-5.862191031E+00-5.923145190E+00
-5.980850400E+00-6.035164664E+00-6.085945426E+00-6.133049331E+00-6.176332235E+00
-6.215648963E+00-6.250853373E+00-6.281798179E+00-6.308335125E+00-6.330315009E+00
-6.347588064E+00-6.360004271E+00-6.367414001E+00-6.369668670E+00-6.366621727E+00
-6.358129666E+00-6.344053204E+00-6.324258522E+00-6.298618602E+00-6.267014430E+00
-6.229336255E+00-6.185484709E+00-6.135371781E+00-6.078921863E+00-6.016072346E+00
-5.946774516E+00-5.870994076E+00-5.788711707E+00-5.699923610E+00-5.604642032E+00
-5.502895748E+00-5.394730508E+00-5.280209752E+00-5.159415078E+00-5.032447015E+00
-4.899425700E+00-4.760491947E+00-4.615808138E+00-4.465559499E+00-4.309955380E+00
-4.149230458E+00-3.983644116E+00-3.813471529E+00-3.638952587E+00-3.460015767E+00
-3.274853589E+00-3.079292908E+00-2.882901877E+00-2.685842295E+00-2.488148304E+00
-2.289789464E+00-2.090700667E+00-1.890795731E+00-1.689973538E+00-1.488120738E+00
-1.285113060E+00-1.080816118E+00-8.750861954E-01-6.677713664E-01-4.587132185E-01
-2.477495302E-01-3.471834151E-02 1.805358548E-01 3.981527200E-01 6.182415366E-01
 8.408580014E-01 1.065965100E+00 1.293361692E+00 1.522536299E+00 1.752318427E+00
 1.979936775E+00 2.199422206E+00-1.467758297E+00-1.514817230E+00-1.566982523E+00
-1.624399743E+00-1.686509704E+00-1.750404644E+00-1.815269508E+00-1.881027358E+00
-1.947632758E+00-2.015063230E+00-2.083310159E+00-2.152373312E+00-2.222258231E+00
-2.292974508E+00-2.364534893E+00-2.436954597E+00-2.510250981E+00-2.584443153E+00
-2.659551748E+00-2.735598624E+00-2.812606724E+00-2.890599590E+00-2.969600651E+00
-3.049631820E+00-3.130709783E+00-3.213403607E+00-3.298895784E+00-3.387699751E+00
-3.479004689E+00-3.571864781E+00-3.665679352E+00-3.760093802E+00-3.854872136E+00
-3.949830270E+00-4.044806561E+00-4.139649284E+00-4.234211194E+00-4.328347214E+00
-4.421913351E+00-4.514766253E+00-4.606762937E+00-4.697760709E+00-4.787617146E+00
-4.876190001E+00-4.963337260E+00-5.048917099E+00-5.132787873E+00-5.214808147E+00
-5.294836603E+00-5.372732100E+00-5.448353608E+00-5.521560180E+00-5.592210904E+00
-5.660164830E+00-5.725280952E+00-5.787418087E+00-5.846434840E+00-5.902189467E+00
-5.954539837E+00-6.003343294E+00-6.048456565E+00-6.089735734E+00-6.127036191E+00
-6.160212567E+00-6.189118915E+00-6.213608645E+00-6.233534898E+00-6.248750815E+00
-6.259109982E+00-6.264466973E+00-6.264678165E+00-6.259602511E+00-6.249102530E+00
-6.233045373E+00-6.211303887E+00-6.183757855E+00-6.150295006E+00-6.110812197E+00
-6.065216357E+00-6.013425542E+00-5.955369683E+00-5.890991463E+00-5.820246973E+00
-5.743106353E+00-5.659554411E+00-5.569591225E+00-5.473232626E+00-5.370510740E+00
-5.261474729E+00-5.146191172E+00-5.024744999E+00-4.897240072E+00-4.763800230E+00
-4.624570162E+00-4.479716764E+00-4.329430358E+00-4.173926129E+00-4.013444371E+00
-3.848245650E+00-3.678578613E+00-3.504507593E+00-3.325001124E+00-3.135772745E+00
-2.942087347E+00-2.747892058E+00-2.552986848E+00-2.357239895E+00-2.160536891E+00
-1.962761033E+00-1.763784789E+00-1.563466176E+00-1.361646447E+00-1.158148361E+00
-9.527744684E-01-7.453053157E-01-5.354975275E-01-3.230817224E-01-1.077602433E-01
 1.107953918E-01 3.329474710E-01 5.590959081E-01 7.896837384E-01 1.025206136E+00
 1.266227283E+00 1.513415905E+00 1.767631032E+00 2.030173736E+00 2.303719377E+00
 2.575649273E+00-1.461354086E+00-1.506670071E+00-1.558191596E+00-1.616035585E+00
-1.680566001E+00-1.745478167E+00-1.810774835E+00-1.876625696E+00-1.943099588E+00
-2.010234500E+00-2.078055654E+00-2.146583280E+00-2.215836058E+00-2.285832512E+00
-2.356591748E+00-2.428133725E+00-2.500479349E+00-2.573650538E+00-2.647670253E+00
-2.722562561E+00-2.798352767E+00-2.875067922E+00-2.952737849E+00-3.031397561E+00
-3.111093370E+00-3.191896875E+00-3.275168119E+00-3.361700152E+00-3.450947488E+00
-3.541925824E+00-3.633943648E+00-3.726591599E+00-3.819607696E+00-3.912796443E+00
-4.005991352E+00-4.099038724E+00-4.191790729E+00-4.284102176E+00-4.375829284E+00
-4.466828994E+00-4.556958630E+00-4.646075867E+00-4.734038536E+00-4.820704678E+00
-4.905932551E+00-4.989580507E+00-5.071507053E+00-5.151570893E+00-5.229630824E+00
-5.305545722E+00-5.379174599E+00-5.450376468E+00-5.519010397E+00-5.584935380E+00
-5.648010370E+00-5.708094165E+00-5.765045331E+00-5.818722203E+00-5.868982765E+00
-5.915684653E+00-5.958685077E+00-5.997840781E+00-6.033008102E+00-6.064043031E+00
-6.090801304E+00-6.113138580E+00-6.130910713E+00-6.143974195E+00-6.152186469E+00
-6.155406682E+00-6.153496269E+00-6.146319859E+00-6.133745979E+00-6.115648252E+00
-6.091906209E+00-6.062406397E+00-6.027043347E+00-5.985720656E+00-5.938351826E+00
-5.884861188E+00-5.825184758E+00-5.759270956E+00-5.687081318E+00-5.608591214E+00
-5.523790356E+00-5.432683549E+00-5.335291158E+00-5.231649808E+00-5.121812997E+00
-5.005851820E+00-4.883855704E+00-4.755933392E+00-4.622213880E+00-4.482847687E+00
-4.338008163E+00-4.187892955E+00-4.032724551E+00-3.872747045E+00-3.708202981E+00
-3.539212925E+00-3.365152601E+00-3.182505055E+00-2.992934145E+00-2.802544590E+00
-2.611264343E+00-2.418987607E+00-2.225596858E+00-2.030965099E+00-1.834952804E+00
-1.637404336E+00-1.438144456E+00-1.236974999E+00-1.033671470E+00-8.279793287E-01
-6.196097988E-01-4.082349736E-01-1.934820222E-01 2.507383103E-02 2.479179817E-01
 4.756075194E-01 7.087859059E-01 9.482034054E-01 1.194747134E+00 1.449487824E+00
 1.713756213E+00 1.989270444E+00 2.278337212E+00 2.583938959E+00 2.885652969E+00
-1.460429449E+00-1.505023933E+00-1.556062428E+00-1.613737064E+00-1.677319303E+00
-1.742277697E+00-1.807586683E+00-1.873316922E+00-1.939530973E+00-2.006277044E+00
-2.073593093E+00-2.141510552E+00-2.210057091E+00-2.279258345E+00-2.349138981E+00
-2.419723338E+00-2.491035792E+00-2.563101010E+00-2.635944105E+00-2.709590655E+00
-2.784066934E+00-2.859399781E+00-2.935616595E+00-3.012744891E+00-3.090811023E+00
-3.169836246E+00-3.250910508E+00-3.335020628E+00-3.422006882E+00-3.510926549E+00
-3.600998597E+00-3.691746616E+00-3.782874621E+00-3.874171518E+00-3.965463978E+00
-4.056595413E+00-4.147416814E+00-4.237782735E+00-4.327549475E+00-4.416574187E+00
-4.504714505E+00-4.591828396E+00-4.677774018E+00-4.762409744E+00-4.845594024E+00
-4.927185481E+00-5.007042857E+00-5.085025027E+00-5.160990907E+00-5.234799565E+00
-5.306310112E+00-5.375381675E+00-5.441873401E+00-5.505644437E+00-5.566553874E+00
-5.624460664E+00-5.679223646E+00-5.730701500E+00-5.778752678E+00-5.823235435E+00
-5.864007795E+00-5.900927626E+00-5.933852681E+00-5.962640673E+00-5.987149509E+00
-6.007237503E+00-6.022763648E+00-6.033588061E+00-6.039572446E+00-6.040580717E+00
-6.036479579E+00-6.027139399E+00-6.012434884E+00-5.992246129E+00-5.966459388E+00
-5.934968069E+00-5.897673716E+00-5.854486749E+00-5.805327527E+00-5.750127067E+00
-5.688827898E+00-5.621384753E+00-5.547765293E+00-5.467950779E+00-5.381936756E+00
-5.289733589E+00-5.191367225E+00-5.086879751E+00-4.976330209E+00-4.859795333E+00
-4.737370439E+00-4.609170433E+00-4.475331111E+00-4.336010378E+00-4.191389777E+00
-4.041675347E+00-3.887095175E+00-3.727881536E+00-3.564179391E+00-3.395588717E+00
-3.219367433E+00-3.034658990E+00-2.848910768E+00-2.662077096E+00-2.474089669E+00
-2.284857666E+00-2.094270444E+00-1.902198393E+00-1.708491918E+00-1.512979140E+00
-1.315462923E+00-1.115717217E+00-9.134827718E-01-7.084621077E-01-5.003135510E-01
-2.886441212E-01-7.300100183E-02 1.471387899E-01 3.723809561E-01 6.034293176E-01
 8.411048044E-01 1.086369095E+00 1.340354088E+00 1.604398427E+00 1.880091003E+00
 2.169317110E+00 2.474291947E+00 2.797517650E+00 3.113693785E+00-1.461535555E+00
-1.505631978E+00-1.556214405E+00-1.613507575E+00-1.676564832E+00-1.741223839E+00
-1.806231596E+00-1.871598977E+00-1.937367802E+00-2.003577534E+00-2.070264291E+00
-2.137461171E+00-2.205198984E+00-2.273506931E+00-2.342413110E+00-2.411944977E+00
-2.482129603E+00-2.552993863E+00-2.624564673E+00-2.696868947E+00-2.769933736E+00
-2.843785954E+00-2.918452033E+00-2.993956698E+00-3.070319867E+00-3.147549797E+00
-3.226397700E+00-3.307926937E+00-3.392418129E+00-3.479074118E+00-3.567035604E+00
-3.655743402E+00-3.744855272E+00-3.834138010E+00-3.923408269E+00-4.012505024E+00
-4.101277406E+00-4.189579349E+00-4.277266998E+00-4.364197658E+00-4.450229257E+00
-4.535220069E+00-4.619028545E+00-4.701513367E+00-4.782533296E+00-4.861947244E+00
-4.939614206E+00-5.015393309E+00-5.089143759E+00-5.160724800E+00-5.229995773E+00
-5.296816116E+00-5.361045190E+00-5.422542491E+00-5.481167380E+00-5.536779313E+00
-5.589237594E+00-5.638401545E+00-5.684130408E+00-5.726283430E+00-5.764719834E+00
-5.799298981E+00-5.829880407E+00-5.856324014E+00-5.878490267E+00-5.896240504E+00
-5.909437204E+00-5.917944496E+00-5.921628579E+00-5.920358347E+00-5.914005990E+00
-5.902447745E+00-5.885564617E+00-5.863243308E+00-5.835376894E+00-5.801865835E+00
-5.762618729E+00-5.717553204E+00-5.666596770E+00-5.609687516E+00-5.546774965E+00
-5.477820789E+00-5.402799430E+00-5.321698854E+00-5.234521232E+00-5.141283499E+00
-5.042018131E+00-4.936773824E+00-4.825616266E+00-4.708629030E+00-4.585914563E+00
-4.457595311E+00-4.323815051E+00-4.184740349E+00-4.040561373E+00-3.891490129E+00
-3.737745500E+00-3.579478533E+00-3.416410486E+00-3.246358987E+00-3.067024994E+00
-2.886489190E+00-2.704725224E+00-2.521687809E+00-2.337311510E+00-2.151510234E+00
-1.964176883E+00-1.775182530E+00-1.584374923E+00-1.391576114E+00-1.196579337E+00
-9.991451037E-01-7.989964008E-01-5.958129165E-01-3.892240722E-01-1.788006407E-01
 3.595532783E-02 2.556226090E-01 4.808752534E-01 7.124996689E-01 9.514144609E-01
 1.198692746E+00 1.455585935E+00 1.723546608E+00 2.004246026E+00 2.299579039E+00
 2.611647139E+00 2.943159117E+00 3.266020800E+00-1.463964442E+00-1.507468742E+00
-1.557592030E+00-1.614480519E+00-1.678141265E+00-1.742416571E+00-1.806935723E+00
-1.871759465E+00-1.936917436E+00-2.002440830E+00-2.068361492E+00-2.134711125E+00
-2.201521005E+00-2.268821766E+00-2.336643444E+00-2.405015549E+00-2.473967070E+00
-2.543526588E+00-2.613722472E+00-2.684582876E+00-2.756136053E+00-2.828410641E+00
-2.901436327E+00-2.975245315E+00-3.049875682E+00-3.125379338E+00-3.201841583E+00
-3.280649066E+00-3.362411527E+00-3.446580050E+00-3.532252454E+00-3.618773462E+00
-3.705739408E+00-3.792886278E+00-3.880016368E+00-3.966962123E+00-4.053569844E+00
-4.139692302E+00-4.225185331E+00-4.309906259E+00-4.393713224E+00-4.476464772E+00
-4.558019704E+00-4.638237030E+00-4.716975839E+00-4.794095377E+00-4.869454984E+00
-4.942914118E+00-5.014332293E+00-5.083569163E+00-5.150484396E+00-5.214937819E+00
-5.276789257E+00-5.335898691E+00-5.392126062E+00-5.445331449E+00-5.495374987E+00
-5.542116908E+00-5.585417581E+00-5.625137528E+00-5.661137583E+00-5.693278929E+00
-5.721423308E+00-5.745433124E+00-5.765171826E+00-5.780504083E+00-5.791296252E+00
-5.797416703E+00-5.798736404E+00-5.795129481E+00-5.786473761E+00-5.772651565E+00
-5.753550334E+00-5.729063491E+00-5.699091128E+00-5.663540894E+00-5.622328750E+00
-5.575379784E+00-5.522628985E+00-5.464022021E+00-5.399515950E+00-5.329079983E+00
-5.252696061E+00-5.170359726E+00-5.082080628E+00-4.987883261E+00-4.887807754E+00
-4.781910475E+00-4.670265038E+00-4.552963078E+00-4.430115413E+00-4.301853149E+00
-4.168329035E+00-4.029718068E+00-3.886215510E+00-3.738022865E+00-3.585280482E+00
-3.427755931E+00-3.263589838E+00-3.089969957E+00-2.915023903E+00-2.738750048E+00
-2.561126109E+00-2.382110425E+00-2.201642093E+00-2.019640543E+00-1.836004476E+00
-1.650610621E+00-1.463311782E+00-1.273934354E+00-1.082275100E+00-8.880971986E-01
-6.911253758E-01-4.910400014E-01-2.874699408E-01-7.998387862E-02 1.319201644E-01
 3.488275053E-01 5.714220352E-01 8.005043588E-01 1.037012972E+00 1.282048179E+00
 1.536897474E+00 1.803059417E+00 2.082260363E+00 2.376455122E+00 2.687801113E+00
 3.019357891E+00 3.340153736E+00-1.470530802E+00-1.513731152E+00-1.563445382E+00
-1.619863662E+00-1.682288208E+00-1.745968866E+00-1.809871735E+00-1.874014511E+00
-1.938420758E+00-2.003117830E+00-2.068135574E+00-2.133505284E+00-2.199258837E+00
-2.265428166E+00-2.332044952E+00-2.399140335E+00-2.466744814E+00-2.534888249E+00
-2.603599862E+00-2.672908291E+00-2.742841749E+00-2.813428199E+00-2.884695504E+00
-2.956671684E+00-3.029384875E+00-3.102862339E+00-3.177125974E+00-3.253285993E+00
-3.332183831E+00-3.413655906E+00-3.496854776E+00-3.581037096E+00-3.665725334E+00
-3.750615037E+00-3.835488753E+00-3.920169841E+00-4.004500396E+00-4.088331369E+00
-4.171517954E+00-4.253917323E+00-4.335387751E+00-4.415788036E+00-4.494977326E+00
-4.572814962E+00-4.649160440E+00-4.723873392E+00-4.796813547E+00-4.867840789E+00
-4.936815078E+00-5.003596531E+00-5.068045362E+00-5.130021918E+00-5.189386685E+00
-5.246000282E+00-5.299723504E+00-5.350417340E+00-5.397942951E+00-5.442161791E+00
-5.482935643E+00-5.520126696E+00-5.553597683E+00-5.583211975E+00-5.608833816E+00
-5.630328573E+00-5.647562931E+00-5.660405243E+00-5.668725971E+00-5.672398098E+00
-5.671297572E+00-5.665303925E+00-5.654300875E+00-5.638176983E+00-5.616826275E+00
-5.590149077E+00-5.558052706E+00-5.520452233E+00-5.477271214E+00-5.428442566E+00
-5.373909165E+00-5.313624720E+00-5.247554389E+00-5.175675599E+00-5.097978621E+00
-5.014467352E+00-4.925159967E+00-4.830089639E+00-4.729305257E+00-4.622872219E+00
-4.510873343E+00-4.393409719E+00-4.270601835E+00-4.142590525E+00-4.009537276E+00
-3.871621639E+00-3.729026358E+00-3.581871147E+00-3.429921290E+00-3.271465124E+00
-3.103651358E+00-2.934463499E+00-2.763904299E+00-2.591964263E+00-2.418619809E+00
-2.243832202E+00-2.067546450E+00-1.889690144E+00-1.710172209E+00-1.528881181E+00
-1.345683251E+00-1.160419808E+00-9.729044512E-01-7.829193473E-01-5.902108490E-01
-3.944841522E-01-1.953968529E-01 7.448931053E-03 2.145161791E-01 4.263448388E-01
 6.435665445E-01 8.669229882E-01 1.097288993E+00 1.335701517E+00 1.583395803E+00
 1.841848937E+00 2.112827837E+00 2.398430026E+00 2.701089448E+00 3.023076523E+00
 3.325606796E+00-1.479339271E+00-1.522283183E+00-1.571600387E+00-1.627516560E+00
-1.689047662E+00-1.752055682E+00-1.815239417E+00-1.878581559E+00-1.942105462E+00
-2.005839546E+00-2.069815419E+00-2.134066602E+00-2.198627394E+00-2.263532208E+00
-2.328814934E+00-2.394508631E+00-2.460645329E+00-2.527255895E+00-2.594370054E+00
-2.662016407E+00-2.730222469E+00-2.799014729E+00-2.868418436E+00-2.938457423E+00
-3.009153392E+00-3.080524637E+00-3.152583867E+00-3.226120645E+00-3.302028180E+00
-3.380572714E+00-3.461083507E+00-3.542755787E+00-3.625025271E+00-3.707533365E+00
-3.790034909E+00-3.872339795E+00-3.954283859E+00-4.035715164E+00-4.116487626E+00
-4.196458048E+00-4.275484648E+00-4.353426436E+00-4.430142890E+00-4.505493680E+00
-4.579338749E+00-4.651538173E+00-4.721952166E+00-4.790441154E+00-4.856865622E+00
-4.921086306E+00-4.982964078E+00-5.042360042E+00-5.099135457E+00-5.153151875E+00
-5.204271136E+00-5.252355333E+00-5.297266984E+00-5.338869074E+00-5.377025052E+00
-5.411599103E+00-5.442456130E+00-5.469462101E+00-5.492484089E+00-5.511390638E+00
-5.526052019E+00-5.536340615E+00-5.542131247E+00-5.543301686E+00-5.539733168E+00
-5.531310846E+00-5.517924482E+00-5.499469033E+00-5.475845365E+00-5.446960894E+00
-5.412730303E+00-5.373076374E+00-5.327930588E+00-5.277233963E+00-5.220937744E+00
-5.159004185E+00-5.091407186E+00-5.018133066E+00-4.939181243E+00-4.854564972E+00
-4.764312019E+00-4.668465423E+00-4.567084224E+00-4.460244343E+00-4.348039352E+00
-4.230581348E+00-4.108001785E+00-3.980451147E+00-3.848095554E+00-3.711099654E+00
-3.569556050E+00-3.423191020E+00-3.270308075E+00-3.108274710E+00-2.944870314E+00
-2.780096418E+00-2.613949340E+00-2.446417725E+00-2.277480451E+00-2.107104985E+00
-1.935245905E+00-1.761843393E+00-1.586821838E+00-1.410088198E+00-1.231530181E+00
-1.051014150E+00-8.683826854E-01-6.834517093E-01-4.960070793E-01-3.058005525E-01
-1.125449420E-01 8.409175319E-02 2.844935330E-01 4.891053642E-01 6.984446358E-01
 9.131161791E-01 1.133832742E+00 1.361444058E+00 1.596980132E+00 1.841718672E+00
 2.097293301E+00 2.365863469E+00 2.650334633E+00 2.952143300E+00 3.231379045E+00
-1.489831648E+00-1.532354667E+00-1.581275000E+00-1.636735501E+00-1.698569358E+00
-1.760929661E+00-1.823291416E+00-1.885708823E+00-1.948212310E+00-2.010836897E+00
-2.073620590E+00-2.136602763E+00-2.199822829E+00-2.263319369E+00-2.327129664E+00
-2.391289174E+00-2.455831576E+00-2.520788689E+00-2.586190450E+00-2.652065207E+00
-2.718439624E+00-2.785338851E+00-2.852786549E+00-2.920804576E+00-2.989412695E+00
-3.058627416E+00-3.128459765E+00-3.199363070E+00-3.272211687E+00-3.347613556E+00
-3.425198417E+00-3.504166167E+00-3.583862616E+00-3.663859313E+00-3.743872113E+00
-3.823691219E+00-3.903142876E+00-3.982070516E+00-4.060325904E+00-4.137764972E+00
-4.214245664E+00-4.289627109E+00-4.363768958E+00-4.436531366E+00-4.507774644E+00
-4.577359430E+00-4.645146519E+00-4.710996919E+00-4.774771831E+00-4.836332709E+00
-4.895541296E+00-4.952259549E+00-5.006349774E+00-5.057674666E+00-5.106097246E+00
-5.151481080E+00-5.193690275E+00-5.232589542E+00-5.268044401E+00-5.299921248E+00
-5.328087543E+00-5.352412044E+00-5.372764983E+00-5.389018430E+00-5.401046494E+00
-5.408725819E+00-5.411935878E+00-5.410559480E+00-5.404483286E+00-5.393598320E+00
-5.377800545E+00-5.356991585E+00-5.331079183E+00-5.299978101E+00-5.263610655E+00
-5.221907532E+00-5.174808451E+00-5.122262915E+00-5.064230987E+00-5.000683931E+00
-4.931605044E+00-4.856990314E+00-4.776849179E+00-4.691205279E+00-4.600097174E+00
-4.503579120E+00-4.401721902E+00-4.294613589E+00-4.182360271E+00-4.065086505E+00
-3.942934480E+00-3.816059156E+00-3.684607488E+00-3.548637860E+00-3.407801522E+00
-3.260311416E+00-3.103998771E+00-2.946337379E+00-2.787328246E+00-2.626972576E+00
-2.465268991E+00-2.302211272E+00-2.137786494E+00-1.971973343E+00-1.804740680E+00
-1.636046203E+00-1.465835113E+00-1.294038802E+00-1.120573456E+00-9.453385733E-01
-7.682153168E-01-5.890647305E-01-4.077257262E-01-2.240128567E-01-3.771378907E-02
 1.514135460E-01 3.436442442E-01 5.392902757E-01 7.387051712E-01 9.422899469E-01
 1.150501185E+00 1.363862950E+00 1.582986255E+00 1.808604692E+00 2.041649027E+00
 2.283434046E+00 2.536269511E+00 2.802751053E+00 3.045446217E+00-1.504812536E+00
-1.547197833E+00-1.595777878E+00-1.650722611E+00-1.711413411E+00-1.772935348E+00
-1.834345198E+00-1.895686327E+00-1.957003438E+00-2.018345412E+00-2.079762530E+00
-2.141304321E+00-2.203018278E+00-2.264948969E+00-2.327137821E+00-2.389623067E+00
-2.452439817E+00-2.515620354E+00-2.579194403E+00-2.643189439E+00-2.707630907E+00
-2.772542638E+00-2.837947053E+00-2.903865642E+00-2.970319718E+00-3.037332011E+00
-3.104930696E+00-3.173159042E+00-3.242955020E+00-3.315055873E+00-3.389471444E+00
-3.465517642E+00-3.542470613E+00-3.619818646E+00-3.697224559E+00-3.774450090E+00
-3.851307048E+00-3.927631715E+00-4.003272388E+00-4.078083330E+00-4.151921907E+00
-4.224647053E+00-4.296118710E+00-4.366197304E+00-4.434743726E+00-4.501619139E+00
-4.566684997E+00-4.629803042E+00-4.690835330E+00-4.749644205E+00-4.806092360E+00
-4.860042896E+00-4.911359300E+00-4.959905603E+00-5.005546339E+00-5.048146740E+00
-5.087572717E+00-5.123691070E+00-5.156369570E+00-5.185477168E+00-5.210884136E+00
-5.232462311E+00-5.250085415E+00-5.263629218E+00-5.272972014E+00-5.277994884E+00
-5.278582187E+00-5.274622018E+00-5.266006641E+00-5.252633104E+00-5.234403826E+00
-5.211227131E+00-5.183017954E+00-5.149698497E+00-5.111198962E+00-5.067458137E+00
-5.018424304E+00-4.964055823E+00-4.904321902E+00-4.839203455E+00-4.768693738E+00
-4.692799186E+00-4.611540144E+00-4.524951704E+00-4.433084498E+00-4.336005514E+00
-4.233798848E+00-4.126566483E+00-4.014428285E+00-3.897520496E+00-3.775988307E+00
-3.649958796E+00-3.519441495E+00-3.383962109E+00-3.241561705E+00-3.090937304E+00
-2.938970414E+00-2.785668554E+00-2.631041838E+00-2.475100653E+00-2.317853855E+00
-2.159306984E+00-1.999460913E+00-1.838310504E+00-1.675843508E+00-1.512039485E+00
-1.346868890E+00-1.180292177E+00-1.012258986E+00-8.427073558E-01-6.715630295E-01
-4.987388388E-01-3.241342065E-01-1.476348697E-01 3.088712999E-02 2.115730187E-01
 3.945762325E-01 5.800603975E-01 7.681959028E-01 9.591542345E-01 1.153098746E+00
 1.350169392E+00 1.550456491E+00 1.753952592E+00 1.960455150E+00 2.169340304E+00
 2.378943887E+00 2.584983214E+00 2.780152244E+00-1.523457563E+00-1.565850755E+00
-1.614132783E+00-1.668514288E+00-1.728002892E+00-1.788519540E+00-1.848790809E+00
-1.908845446E+00-1.968755571E+00-2.028594342E+00-2.088431427E+00-2.148330945E+00
-2.208350583E+00-2.268541630E+00-2.328949451E+00-2.389614115E+00-2.450571103E+00
-2.511851922E+00-2.573484767E+00-2.635495098E+00-2.697905993E+00-2.760738671E+00
-2.824012781E+00-2.887746652E+00-2.951957356E+00-3.016660028E+00-3.081865614E+00
-3.147573592E+00-3.214412944E+00-3.283149785E+00-3.354181464E+00-3.427073932E+00
-3.501094713E+00-3.575646466E+00-3.650324036E+00-3.724849340E+00-3.799012988E+00
-3.872640432E+00-3.945574464E+00-4.017666693E+00-4.088773284E+00-4.158752842E+00
-4.227465287E+00-4.294771435E+00-4.360532681E+00-4.424610826E+00-4.486868100E+00
-4.547167098E+00-4.605370824E+00-4.661342669E+00-4.714946508E+00-4.766046740E+00
-4.814508249E+00-4.860196634E+00-4.902978192E+00-4.942719997E+00-4.979290090E+00
-5.012557578E+00-5.042392789E+00-5.068667466E+00-5.091254979E+00-5.110030538E+00
-5.124871507E+00-5.135657727E+00-5.142271812E+00-5.144599590E+00-5.142530478E+00
-5.135957996E+00-5.124780280E+00-5.108900520E+00-5.088227704E+00-5.062677093E+00
-5.032170909E+00-4.996639006E+00-4.956019571E+00-4.910259820E+00-4.859316756E+00
-4.803157921E+00-4.741762137E+00-4.675120335E+00-4.603236352E+00-4.526127801E+00
-4.443826810E+00-4.356380969E+00-4.263854184E+00-4.166327394E+00-4.063899344E+00
-3.956686336E+00-3.844819767E+00-3.728435452E+00-3.607635895E+00-3.482357132E+00
-3.351919723E+00-3.214143136E+00-3.069228545E+00-2.922928894E+00-2.775272047E+00
-2.626285248E+00-2.475995568E+00-2.324429417E+00-2.171611637E+00-2.017564648E+00
-1.862307539E+00-1.705855287E+00-1.548217996E+00-1.389400306E+00-1.229400866E+00
-1.068211944E+00-9.058191679E-01-7.422014469E-01-5.773311106E-01-4.111743419E-01
-2.436919911E-01-7.484092252E-02 9.542393024E-02 2.671465351E-01 4.403653611E-01
 6.151070500E-01 7.913773218E-01 9.691478181E-01 1.148336827E+00 1.328780601E+00
 1.510189878E+00 1.692082926E+00 1.873682670E+00 2.053767349E+00 2.230497129E+00
 2.401347723E+00 2.563380313E+00-1.545368352E+00-1.587712169E+00-1.635733147E+00
-1.689552879E+00-1.748893285E+00-1.808257753E+00-1.867088966E+00-1.925538592E+00
-1.983729680E+00-2.041772905E+00-2.099763696E+00-2.157782311E+00-2.215895682E+00
-2.274159438E+00-2.332620028E+00-2.391316515E+00-2.450282015E+00-2.509544878E+00
-2.569129691E+00-2.629058024E+00-2.689349038E+00-2.750020000E+00-2.811086857E+00
-2.872564587E+00-2.934467994E+00-2.996812794E+00-3.059618054E+00-3.122912064E+00
-3.186747529E+00-3.252121891E+00-3.319613982E+00-3.389119438E+00-3.459999394E+00
-3.531592216E+00-3.603413243E+00-3.675130835E+00-3.746505334E+00-3.817346032E+00
-3.887487408E+00-3.956776847E+00-4.025068498E+00-4.092220113E+00-4.158091518E+00
-4.222543779E+00-4.285438812E+00-4.346639139E+00-4.406007859E+00-4.463408537E+00
-4.518705262E+00-4.571762704E+00-4.622446057E+00-4.670621190E+00-4.716154674E+00
-4.758913833E+00-4.798766959E+00-4.835583258E+00-4.869233154E+00-4.899588293E+00
-4.926521813E+00-4.949908537E+00-4.969625129E+00-4.985550483E+00-4.997565855E+00
-5.005555330E+00-5.009406115E+00-5.009008941E+00-5.004258513E+00-4.995053954E+00
-4.981299366E+00-4.962904316E+00-4.939784435E+00-4.911862060E+00-4.879066832E+00
-4.841336415E+00-4.798617116E+00-4.750864734E+00-4.698045224E+00-4.640135527E+00
-4.577124346E+00-4.509013096E+00-4.435816678E+00-4.357564429E+00-4.274301052E+00
-4.186087469E+00-4.093001498E+00-3.995138320E+00-3.892609625E+00-3.785539388E+00
-3.674048736E+00-3.558202873E+00-3.437830137E+00-3.311966649E+00-3.178410621E+00
-3.039190920E+00-2.898520025E+00-2.756436282E+00-2.612983311E+00-2.468206685E+00
-2.322152310E+00-2.174865489E+00-2.026390267E+00-1.876769004E+00-1.726041795E+00
-1.574246164E+00-1.421416714E+00-1.267584884E+00-1.112778833E+00-9.570234635E-01
-8.003406217E-01-6.427495491E-01-4.842676443E-01-3.249116066E-01-1.646991199E-01
-3.651192269E-03 1.582046168E-01 3.208298209E-01 4.841691056E-01 6.481424266E-01
 8.126344141E-01 9.774802480E-01 1.142446817E+00 1.307207864E+00 1.471311805E+00
 1.634141829E+00 1.794870988E+00 1.952421999E+00 2.105452869E+00 2.252397916E+00
 2.391579599E+00-1.573719958E+00-1.616531067E+00-1.664405932E+00-1.717451238E+00
-1.775240498E+00-1.832870759E+00-1.889726106E+00-1.946066096E+00-2.002091906E+00
-2.057958300E+00-2.113782084E+00-2.169651463E+00-2.225633578E+00-2.281780321E+00
-2.338132404E+00-2.394722284E+00-2.451576255E+00-2.508715942E+00-2.566159463E+00
-2.623922165E+00-2.682017282E+00-2.740456440E+00-2.799249949E+00-2.858407089E+00
-2.917936368E+00-2.977845498E+00-3.038140988E+00-3.098826909E+00-3.159900316E+00
-3.222090990E+00-3.286021171E+00-3.351952238E+00-3.419473918E+00-3.487926962E+00
-3.556751253E+00-3.625549035E+00-3.694038992E+00-3.762007045E+00-3.829275136E+00
-3.895684102E+00-3.961084778E+00-4.025333462E+00-4.088289456E+00-4.149813982E+00
-4.209769442E+00-4.268019150E+00-4.324427098E+00-4.378858012E+00-4.431177243E+00
-4.481250835E+00-4.528945531E+00-4.574128927E+00-4.616669395E+00-4.656436352E+00
-4.693300202E+00-4.727132631E+00-4.757806583E+00-4.785196590E+00-4.809178832E+00
-4.829631427E+00-4.846434644E+00-4.859471211E+00-4.868626591E+00-4.873789307E+00
-4.874851349E+00-4.871708567E+00-4.864261071E+00-4.852413797E+00-4.836076949E+00
-4.815166588E+00-4.789605127E+00-4.759322109E+00-4.724254657E+00-4.684348340E+00
-4.639557777E+00-4.589847352E+00-4.535192166E+00-4.475578674E+00-4.411005694E+00
-4.341485279E+00-4.267043684E+00-4.187722397E+00-4.103579006E+00-4.014687862E+00
-3.921139862E+00-3.823039895E+00-3.720498217E+00-3.613603809E+00-3.502341749E+00
-3.386336199E+00-3.264251762E+00-3.134691266E+00-3.001250610E+00-2.866206552E+00
-2.729631272E+00-2.591597589E+00-2.452176889E+00-2.311438812E+00-2.169451316E+00
-2.026280806E+00-1.881992411E+00-1.736649883E+00-1.590315719E+00-1.443051099E+00
-1.294915905E+00-1.145968785E+00-9.962673082E-01-8.458682691E-01-6.948281733E-01
-5.432039801E-01-3.910541813E-01-2.384402666E-01-8.542873711E-02 6.790623945E-02
 2.214793547E-01 3.751896720E-01 5.289148902E-01 6.825040808E-01 8.357686264E-01
 9.884710464E-01 1.140311537E+00 1.290912327E+00 1.439800485E+00 1.586390960E+00
 1.729973243E+00 1.869707113E+00 2.004634112E+00 2.133709907E+00 2.255857224E+00
-1.609609027E+00-1.653801791E+00-1.701724388E+00-1.753452904E+00-1.808363863E+00
-1.863101607E+00-1.917006279E+00-1.970468958E+00-2.023744955E+00-2.076991596E+00
-2.130309971E+00-2.183767726E+00-2.237411676E+00-2.291275363E+00-2.345383261E+00
-2.399753816E+00-2.454401057E+00-2.509335914E+00-2.564567067E+00-2.620101376E+00
-2.675944498E+00-2.732100949E+00-2.788574450E+00-2.845367906E+00-2.902483333E+00
-2.959921622E+00-3.017681630E+00-3.075758591E+00-3.134140451E+00-3.193243549E+00
-3.253667801E+00-3.315902015E+00-3.379848066E+00-3.444956185E+00-3.510622464E+00
-3.576376559E+00-3.641882569E+00-3.706893085E+00-3.771211275E+00-3.834667839E+00
-3.897108304E+00-3.958386353E+00-4.018360241E+00-4.076891034E+00-4.133841522E+00
-4.189075756E+00-4.242458832E+00-4.293856659E+00-4.343136039E+00-4.390164587E+00
-4.434810810E+00-4.476944183E+00-4.516435189E+00-4.553155474E+00-4.586977904E+00
-4.617776800E+00-4.645427992E+00-4.669809035E+00-4.690799444E+00-4.708280919E+00
-4.722137547E+00-4.732256147E+00-4.738526558E+00-4.740841974E+00-4.739099385E+00
-4.733199892E+00-4.723049282E+00-4.708558361E+00-4.689643615E+00-4.666227671E+00
-4.638239898E+00-4.605617088E+00-4.568303997E+00-4.526254159E+00-4.479430505E+00
-4.427806198E+00-4.371365445E+00-4.310104255E+00-4.244031502E+00-4.173169761E+00
-4.097556390E+00-4.017244465E+00-3.932303374E+00-3.842818145E+00-3.748884830E+00
-3.650594793E+00-3.547985877E+00-3.440899111E+00-3.328595859E+00-3.209291405E+00
-3.083525985E+00-2.956095194E+00-2.826708919E+00-2.695568662E+00-2.562816786E+00
-2.428567696E+00-2.292921880E+00-2.155972562E+00-2.017808994E+00-1.878518252E+00
-1.738186188E+00-1.596897975E+00-1.454738479E+00-1.311792495E+00-1.168144956E+00
-1.023881154E+00-8.790870273E-01-7.338495662E-01-5.882573733E-01-4.424014630E-01
-2.963763319E-01-1.502813940E-01-4.222868094E-03 1.416838144E-01 2.873109570E-01
 4.325148122E-01 5.771309484E-01 7.209687214E-01 8.638047687E-01 1.005375650E+00
 1.145369821E+00 1.283419436E+00 1.419092880E+00 1.551889348E+00 1.681237358E+00
 1.806499326E+00 1.926984037E+00 2.041967820E+00 2.150723289E+00-1.654913027E+00
-1.702653502E+00-1.751031768E+00-1.799983521E+00-1.849373442E+00-1.898837205E+00
-1.948371358E+00-1.998097013E+00-2.048076509E+00-2.098338912E+00-2.148898270E+00
-2.199761074E+00-2.250929902E+00-2.302404966E+00-2.354185221E+00-2.406268747E+00
-2.458653163E+00-2.511335792E+00-2.564313788E+00-2.617584166E+00-2.671143845E+00
-2.724989744E+00-2.779118627E+00-2.833527219E+00-2.888212169E+00-2.943170220E+00
-2.998398525E+00-3.053896055E+00-3.109667017E+00-3.165730361E+00-3.222769597E+00
-3.281280257E+00-3.341473417E+00-3.403019278E+00-3.465341561E+00-3.527909489E+00
-3.590322400E+00-3.652287582E+00-3.713580919E+00-3.774017553E+00-3.833434580E+00
-3.891681304E+00-3.948613946E+00-4.004092855E+00-4.057981016E+00-4.110143194E+00
-4.160445534E+00-4.208755319E+00-4.254940902E+00-4.298871682E+00-4.340418101E+00
-4.379451787E+00-4.415845547E+00-4.449473489E+00-4.480211230E+00-4.507935958E+00
-4.532526605E+00-4.553864078E+00-4.571831474E+00-4.586314295E+00-4.597200675E+00
-4.604381774E+00-4.607752044E+00-4.607209561E+00-4.602656490E+00-4.593999394E+00
-4.581149835E+00-4.564024706E+00-4.542546884E+00-4.516645722E+00-4.486257603E+00
-4.451326663E+00-4.411805428E+00-4.367655435E+00-4.318848083E+00-4.265365254E+00
-4.207200244E+00-4.144358497E+00-4.076858442E+00-4.004732185E+00-3.928026156E+00
-3.846800869E+00-3.761128911E+00-3.671087053E+00-3.576730871E+00-3.478017326E+00
-3.374579687E+00-3.265261273E+00-3.148953284E+00-3.028275707E+00-2.905775997E+00
-2.781480161E+00-2.655411003E+00-2.527650956E+00-2.398301149E+00-2.267467225E+00
-2.135254868E+00-2.001768985E+00-1.867113922E+00-1.731393831E+00-1.594713271E+00
-1.457177546E+00-1.318893028E+00-1.179967393E+00-1.040509851E+00-9.006313376E-01
-7.604447801E-01-6.200654140E-01-4.796112365E-01-3.392036147E-01-1.989681201E-01
-5.903564064E-02 8.045619308E-02 2.193611751E-01 3.575222727E-01 4.947688883E-01
 6.309136507E-01 7.657487222E-01 8.990417572E-01 1.030531631E+00 1.159924268E+00
 1.286888989E+00 1.411056012E+00 1.532015838E+00 1.649321400E+00 1.762493747E+00
 1.871031775E+00 1.974425949E+00 2.072175325E+00-1.704368493E+00-1.756889645E+00
-1.805996008E+00-1.851802478E+00-1.893571157E+00-1.936746891E+00-1.981507158E+00
-2.027301653E+00-2.073880147E+00-2.121097176E+00-2.168859266E+00-2.217101871E+00
-2.265777943E+00-2.314851499E+00-2.364294131E+00-2.414082588E+00-2.464197395E+00
-2.514621888E+00-2.565341456E+00-2.616343136E+00-2.667615128E+00-2.719146638E+00
-2.770927610E+00-2.822948471E+00-2.875200094E+00-2.927673567E+00-2.980359859E+00
-3.033249262E+00-3.086329376E+00-3.139579698E+00-3.193415153E+00-3.248318018E+00
-3.304688916E+00-3.362481691E+00-3.421257896E+00-3.480474176E+00-3.539668424E+00
-3.598492219E+00-3.656683543E+00-3.714034693E+00-3.770369608E+00-3.825530403E+00
-3.879369694E+00-3.931746242E+00-3.982522721E+00-4.031564421E+00-4.078738530E+00
-4.123913730E+00-4.166960097E+00-4.207748947E+00-4.246152952E+00-4.282046026E+00
-4.315303574E+00-4.345802491E+00-4.373421304E+00-4.398040376E+00-4.419542051E+00
-4.437810801E+00-4.452733581E+00-4.464199900E+00-4.472102295E+00-4.476336437E+00
-4.476801625E+00-4.473401030E+00-4.466042184E+00-4.454637348E+00-4.439103975E+00
-4.419365215E+00-4.395350497E+00-4.366995972E+00-4.334245235E+00-4.297049880E+00
-4.255370203E+00-4.209175920E+00-4.158446857E+00-4.103173713E+00-4.043358718E+00
-3.979016133E+00-3.910172543E+00-3.836866159E+00-3.759144302E+00-3.677056246E+00
-3.590633694E+00-3.499839460E+00-3.404431466E+00-3.303672429E+00-3.196322522E+00
-3.083207017E+00-2.968181642E+00-2.850889409E+00-2.731540039E+00-2.610276030E+00
-2.487211031E+00-2.362454289E+00-2.236116293E+00-2.108309451E+00-1.979147853E+00
-1.848747311E+00-1.717225390E+00-1.584701663E+00-1.451297961E+00-1.317138612E+00
-1.182350627E+00-1.047063833E+00-9.114109810E-01-7.755278143E-01-6.395531369E-01
-5.036289196E-01-3.679004601E-01-2.325166350E-01-9.763029866E-02 3.660113475E-02
 1.700148992E-01 3.024418217E-01 4.337049963E-01 5.636181619E-01 6.919838325E-01
 8.185912039E-01 9.432139565E-01 1.065608126E+00 1.185510249E+00 1.302636098E+00
 1.416680373E+00 1.527317725E+00 1.634205514E+00 1.736988576E+00 1.835306098E+00
 1.928800517E+00 2.017127983E+00-1.744697056E+00-1.798904926E+00-1.848281781E+00
-1.892571977E+00-1.932412854E+00-1.972218871E+00-2.013565279E+00-2.056182984E+00
-2.099819870E+00-2.144291621E+00-2.189463546E+00-2.235235156E+00-2.281529716E+00
-2.328287158E+00-2.375459214E+00-2.423006334E+00-2.470895383E+00-2.519098090E+00
-2.567589904E+00-2.616349085E+00-2.665356216E+00-2.714593606E+00-2.764044938E+00
-2.813694984E+00-2.863529462E+00-2.913534788E+00-2.963698115E+00-3.014007701E+00
-3.064453799E+00-3.115031914E+00-3.165751889E+00-3.217214843E+00-3.269802990E+00
-3.323723219E+00-3.378758237E+00-3.434436169E+00-3.490263266E+00-3.545833907E+00
-3.600838173E+00-3.655036116E+00-3.708232028E+00-3.760256648E+00-3.810956374E+00
-3.860186962E+00-3.907809963E+00-3.953690704E+00-3.997697248E+00-4.039699709E+00
-4.079569927E+00-4.117181348E+00-4.152408972E+00-4.185129365E+00-4.215220703E+00
-4.242562907E+00-4.267037755E+00-4.288529044E+00-4.306922757E+00-4.322107283E+00
-4.333973625E+00-4.342415712E+00-4.347330555E+00-4.348618729E+00-4.346184531E+00
-4.339936520E+00-4.329787770E+00-4.315656412E+00-4.297466024E+00-4.275146187E+00
-4.248632977E+00-4.217869561E+00-4.182806740E+00-4.143403707E+00-4.099628584E+00
-4.051459186E+00-3.998883635E+00-3.941900980E+00-3.880521376E+00-3.814765556E+00
-3.744662721E+00-3.670243934E+00-3.591525470E+00-3.508466328E+00-3.420860296E+00
-3.328100075E+00-3.228918843E+00-3.123153406E+00-3.015456318E+00-2.905233165E+00
-2.792724554E+00-2.678042231E+00-2.561310696E+00-2.442651463E+00-2.322181860E+00
-2.200018151E+00-2.076277664E+00-1.951080149E+00-1.824548355E+00-1.696808549E+00
-1.567990740E+00-1.438228981E+00-1.307661571E+00-1.176431208E+00-1.044685069E+00
-9.125748199E-01-7.802565318E-01-6.478905390E-01-5.156412374E-01-3.836768266E-01
-2.521690561E-01-1.212929913E-01 8.773188360E-03 1.378482727E-01 2.657479922E-01
 3.922848210E-01 5.172676091E-01 6.405010173E-01 7.617847922E-01 8.809129218E-01
 9.976727358E-01 1.111844088E+00 1.223198769E+00 1.331500314E+00 1.436504453E+00
 1.537960350E+00 1.635612877E+00 1.729205973E+00 1.818487153E+00 1.903213028E+00
 1.983155671E+00-1.780310035E+00-1.835433521E+00-1.884864071E+00-1.928388010E+00
-1.966403784E+00-2.004227812E+00-2.043395413E+00-2.083729326E+00-2.125063023E+00
-2.167252280E+00-2.210176531E+00-2.253736335E+00-2.297849821E+00-2.342449132E+00
-2.387477511E+00-2.432886923E+00-2.478636172E+00-2.524689487E+00-2.571015341E+00
-2.617585619E+00-2.664374956E+00-2.711360100E+00-2.758519579E+00-2.805833320E+00
-2.853282314E+00-2.900848365E+00-2.948513880E+00-2.996261437E+00-3.044072958E+00
-3.091927787E+00-3.139797284E+00-3.188040742E+00-3.237031538E+00-3.287090558E+00
-3.338248302E+00-3.390201381E+00-3.442490810E+00-3.494674148E+00-3.546390788E+00
-3.597359585E+00-3.647356927E+00-3.696196329E+00-3.743714112E+00-3.789760626E+00
-3.834194843E+00-3.876881395E+00-3.917688808E+00-3.956488399E+00-3.993153827E+00
-4.027560770E+00-4.059586724E+00-4.089111087E+00-4.116015114E+00-4.140182001E+00
-4.161497074E+00-4.179847828E+00-4.195124202E+00-4.207218788E+00-4.216026967E+00
-4.221447264E+00-4.223381570E+00-4.221735518E+00-4.216418735E+00-4.207345340E+00
-4.194434259E+00-4.177609630E+00-4.156801387E+00-4.131945700E+00-4.102985464E+00
-4.069870901E+00-4.032560097E+00-3.991019646E+00-3.945225113E+00-3.895161617E+00
-3.840824022E+00-3.782216631E+00-3.719351322E+00-3.652242239E+00-3.580892465E+00
-3.505261093E+00-3.425183729E+00-3.340207178E+00-3.249374693E+00-3.152263156E+00
-3.050696925E+00-2.946931211E+00-2.840957722E+00-2.732735242E+00-2.622312814E+00
-2.509768064E+00-2.395195842E+00-2.278700573E+00-2.160392609E+00-2.040387051E+00
-1.918803689E+00-1.795767180E+00-1.671407492E+00-1.545860228E+00-1.419266957E+00
-1.291775489E+00-1.163540083E+00-1.034721557E+00-9.054872894E-01-7.760110884E-01
-6.464729232E-01-5.170585121E-01-3.879587648E-01-2.593690923E-01-1.314886176E-01
-4.519306090E-03 1.213349452E-01 2.458692053E-01 3.688783518E-01 4.901578173E-01
 6.095041860E-01 7.267156448E-01 8.415922447E-01 9.539360111E-01 1.063550952E+00
 1.170243002E+00 1.273820027E+00 1.374091964E+00 1.470871271E+00 1.563973745E+00
 1.653219856E+00 1.738436651E+00 1.819460218E+00 1.896138708E+00 1.968335784E+00
-1.812476983E+00-1.868176527E+00-1.917582159E+00-1.960624352E+00-1.996935275E+00
-2.033467950E+00-2.071156241E+00-2.109831953E+00-2.149389713E+00-2.189728761E+00
-2.230756338E+00-2.272389296E+00-2.314554253E+00-2.357186840E+00-2.400230630E+00
-2.443635978E+00-2.487358956E+00-2.531360385E+00-2.575605074E+00-2.620060994E+00
-2.664698846E+00-2.709491463E+00-2.754413539E+00-2.799441143E+00-2.844551585E+00
-2.889723064E+00-2.934934577E+00-2.980165816E+00-3.025397326E+00-3.070611242E+00
-3.115794018E+00-3.160944396E+00-3.206543491E+00-3.252867873E+00-3.300120925E+00
-3.348204365E+00-3.396779540E+00-3.445418408E+00-3.493724338E+00-3.541371967E+00
-3.588101990E+00-3.633703372E+00-3.677997046E+00-3.720824238E+00-3.762039153E+00
-3.801504233E+00-3.839087673E+00-3.874661644E+00-3.908101415E+00-3.939284869E+00
-3.968092180E+00-3.994405747E+00-4.018110101E+00-4.039092042E+00-4.057240673E+00
-4.072447521E+00-4.084606826E+00-4.093615618E+00-4.099374007E+00-4.101785417E+00
-4.100756897E+00-4.096199427E+00-4.088028233E+00-4.076163247E+00-4.060529403E+00
-4.041057157E+00-4.017682912E+00-3.990349525E+00-3.959006752E+00-3.923611748E+00
-3.884129423E+00-3.840532725E+00-3.792802569E+00-3.740927230E+00-3.684900432E+00
-3.624716147E+00-3.560356102E+00-3.491760869E+00-3.418763358E+00-3.340960736E+00
-3.257550616E+00-3.168060407E+00-3.073746951E+00-2.977099283E+00-2.877801536E+00
-2.776029384E+00-2.671889827E+00-2.565459230E+00-2.456814851E+00-2.346040941E+00
-2.233230104E+00-2.118482732E+00-2.001906350E+00-1.883615366E+00-1.763731035E+00
-1.642381766E+00-1.519703470E+00-1.395840000E+00-1.270943547E+00-1.145175017E+00
-1.018704291E+00-8.917103729E-01-7.643813572E-01-6.369142251E-01-5.095143743E-01
-3.823949478E-01-2.557758669E-01-1.298826257E-01-4.944860554E-03 1.188053033E-01
 2.411350389E-01 3.618126981E-01 4.806096894E-01 5.973023073E-01 7.116733976E-01
 8.235138325E-01 9.326237113E-01 1.038813297E+00 1.141903662E+00 1.241727072E+00
 1.338127173E+00 1.430959030E+00 1.520089119E+00 1.605395356E+00 1.686767267E+00
 1.764106336E+00 1.837326636E+00 1.906355715E+00 1.971135765E+00-1.840401358E+00
-1.896019397E+00-1.945360457E+00-1.988092003E+00-2.024969417E+00-2.060766788E+00
-2.097375887E+00-2.134792955E+00-2.172950367E+00-2.211777957E+00-2.251206879E+00
-2.291171676E+00-2.331611272E+00-2.372469473E+00-2.413694793E+00-2.455240263E+00
-2.497062923E+00-2.539123380E+00-2.581385301E+00-2.623815009E+00-2.666381074E+00
-2.709053927E+00-2.751805606E+00-2.794609487E+00-2.837439972E+00-2.880272338E+00
-2.923082497E+00-2.965846790E+00-3.008541539E+00-3.051142483E+00-3.093623114E+00
-3.135950220E+00-3.178394035E+00-3.221230915E+00-3.264690073E+00-3.308864055E+00
-3.353586062E+00-3.398517149E+00-3.443267098E+00-3.487479078E+00-3.530856097E+00
-3.573156094E+00-3.614178167E+00-3.653749628E+00-3.691716310E+00-3.727936316E+00
-3.762276039E+00-3.794607648E+00-3.824807654E+00-3.852755936E+00-3.878335341E+00
-3.901431369E+00-3.921932078E+00-3.939728044E+00-3.954712482E+00-3.966781257E+00
-3.975833182E+00-3.981770093E+00-3.984497118E+00-3.983922934E+00-3.979959994E+00
-3.972524958E+00-3.961538882E+00-3.946927668E+00-3.928622469E+00-3.906560078E+00
-3.880683291E+00-3.850941420E+00-3.817290516E+00-3.779693473E+00-3.738119693E+00
-3.692543870E+00-3.642943023E+00-3.589290469E+00-3.531543463E+00-3.469615504E+00
-3.403318073E+00-3.332258433E+00-3.255736080E+00-3.173386162E+00-3.086162170E+00
-2.996517777E+00-2.904063928E+00-2.808955291E+00-2.711258466E+00-2.611059875E+00
-2.508445243E+00-2.403497096E+00-2.296298602E+00-2.186936551E+00-2.075503120E+00
-1.962097093E+00-1.846824372E+00-1.729798591E+00-1.611141702E+00-1.490984574E+00
-1.369467663E+00-1.246741684E+00-1.122968267E+00-9.983205453E-01-8.729836066E-01
-7.471548155E-01-6.210438619E-01-4.948725639E-01-3.688743039E-01-2.432931006E-01
-1.183822409E-01 5.597507322E-03 1.283801182E-01 2.496969080E-01 3.692794513E-01
 4.868627056E-01 6.021882239E-01 7.150073237E-01 8.250840667E-01 9.321979136E-01
 1.036145982E+00 1.136744775E+00 1.233831386E+00 1.327264136E+00 1.416922673E+00
 1.502707598E+00 1.584539668E+00 1.662358704E+00 1.736122305E+00 1.805804482E+00
 1.871394349E+00 1.932894956E+00 1.990322353E+00-1.867950506E+00-1.923815656E+00
-1.973121284E+00-2.015592130E+00-2.051750536E+00-2.086847596E+00-2.122619175E+00
-2.159037758E+00-2.196055889E+00-2.233623034E+00-2.271687803E+00-2.310199217E+00
-2.349107881E+00-2.388366478E+00-2.427930129E+00-2.467756399E+00-2.507805293E+00
-2.548039103E+00-2.588422156E+00-2.628920620E+00-2.669502309E+00-2.710136471E+00
-2.750793536E+00-2.791445021E+00-2.832063352E+00-2.872621653E+00-2.913093628E+00
-2.953453506E+00-2.993675806E+00-3.033735610E+00-3.073608889E+00-3.113274522E+00
-3.152720185E+00-3.192290793E+00-3.232173741E+00-3.272527690E+00-3.313352155E+00
-3.354447338E+00-3.395491637E+00-3.436132988E+00-3.476048974E+00-3.514966126E+00
-3.552656781E+00-3.588928775E+00-3.623615136E+00-3.656566370E+00-3.687644800E+00
-3.716721163E+00-3.743672277E+00-3.768379574E+00-3.790728360E+00-3.810607236E+00
-3.827907845E+00-3.842524775E+00-3.854355540E+00-3.863300678E+00-3.869263864E+00
-3.872152030E+00-3.871875654E+00-3.868348913E+00-3.861489979E+00-3.851221343E+00
-3.837470010E+00-3.820167889E+00-3.799252025E+00-3.774664963E+00-3.746354832E+00
-3.714275455E+00-3.678385830E+00-3.638648811E+00-3.595027853E+00-3.547479513E+00
-3.495938275E+00-3.440286134E+00-3.380303023E+00-3.315587563E+00-3.245530788E+00
-3.169957392E+00-3.089667576E+00-3.006867837E+00-2.921164875E+00-2.832696172E+00
-2.741503078E+00-2.647650140E+00-2.551203219E+00-2.452232443E+00-2.350810746E+00
-2.247013487E+00-2.140919084E+00-2.032610278E+00-1.922175337E+00-1.809709062E+00
-1.695313876E+00-1.579100770E+00-1.461190274E+00-1.341713497E+00-1.220813157E+00
-1.098644648E+00-9.753770954E-01-8.511943167E-01-7.262956894E-01-6.008967961E-01
-4.752297946E-01-3.495434101E-01-2.241024451E-01-9.918672235E-02 2.491064006E-02
 1.478856414E-01 2.694265470E-01 3.892177146E-01 5.069439936E-01 6.222955626E-01
 7.349729611E-01 8.446921063E-01 9.511890444E-01 1.054224185E+00 1.153585845E+00
 1.249092971E+00 1.340596903E+00 1.427982175E+00 1.511166344E+00 1.590098891E+00
 1.664759288E+00 1.735154350E+00 1.801315054E+00 1.863293028E+00 1.921156922E+00
 1.974988894E+00 2.024881426E+00-1.895282625E+00-1.951570934E+00-2.000853647E+00
-2.043118785E+00-2.077827507E+00-2.112316202E+00-2.147411635E+00-2.183008858E+00
-2.219071754E+00-2.255562633E+00-2.292442450E+00-2.329671502E+00-2.367210143E+00
-2.405019289E+00-2.443060612E+00-2.481296772E+00-2.519691535E+00-2.558209730E+00
-2.596817273E+00-2.635481107E+00-2.674169085E+00-2.712850010E+00-2.751493478E+00
-2.790069824E+00-2.828550001E+00-2.866905564E+00-2.905108551E+00-2.943131291E+00
-2.980946386E+00-3.018526358E+00-3.055843111E+00-3.092866901E+00-3.129563023E+00
-3.166100581E+00-3.202673077E+00-3.239418552E+00-3.276433467E+00-3.313659070E+00
-3.350887773E+00-3.387824830E+00-3.424154995E+00-3.459586641E+00-3.493867031E+00
-3.526781390E+00-3.558145711E+00-3.587798796E+00-3.615595975E+00-3.641404282E+00
-3.665099374E+00-3.686563322E+00-3.705683272E+00-3.722350674E+00-3.736460698E+00
-3.747911981E+00-3.756606552E+00-3.762449697E+00-3.765350226E+00-3.765220399E+00
-3.761976216E+00-3.755537495E+00-3.745828161E+00-3.732776382E+00-3.716314630E+00
-3.696379909E+00-3.672913467E+00-3.645860507E+00-3.615169290E+00-3.580789224E+00
-3.542667253E+00-3.500740731E+00-3.454923294E+00-3.405076435E+00-3.350962298E+00
-3.292165243E+00-3.228195203E+00-3.159119590E+00-3.085622012E+00-3.009515648E+00
-2.930448435E+00-2.848539715E+00-2.763815532E+00-2.676324019E+00-2.586113096E+00
-2.493234713E+00-2.397744055E+00-2.299699720E+00-2.199163618E+00-2.096201243E+00
-1.990882198E+00-1.883281064E+00-1.773478269E+00-1.661561275E+00-1.547625679E+00
-1.431776454E+00-1.314129274E+00-1.194811917E+00-1.073965760E+00-9.517473451E-01
-8.283299856E-01-7.039053354E-01-5.786848922E-01-4.529013118E-01-3.268093904E-01
-2.006866342E-01-7.483315131E-02 5.042922212E-02 1.747588051E-01 2.977970732E-01
 4.191728722E-01 5.385078356E-01 6.554228587E-01 7.695454060E-01 8.805172518E-01
 9.880022489E-01 1.091693663E+00 1.191320685E+00 1.286653779E+00 1.377508666E+00
 1.463748799E+00 1.545286286E+00 1.622081258E+00 1.694139721E+00 1.761510009E+00
 1.824277960E+00 1.882561111E+00 1.936502187E+00 1.986262334E+00 2.032014508E+00
 2.073937464E+00-1.920166849E+00-1.976269899E+00-2.025577356E+00-2.067748689E+00
-2.103501260E+00-2.137698541E+00-2.172234710E+00-2.207135654E+00-2.242375020E+00
-2.277924343E+00-2.313753938E+00-2.349833168E+00-2.386130740E+00-2.422614740E+00
-2.459253021E+00-2.496013165E+00-2.532862716E+00-2.569769293E+00-2.606700615E+00
-2.643624689E+00-2.680509816E+00-2.717324700E+00-2.754038358E+00-2.790620310E+00
-2.827040443E+00-2.863269129E+00-2.899277091E+00-2.935035474E+00-2.970515776E+00
-3.005689744E+00-3.040529514E+00-3.075007590E+00-3.109097581E+00-3.142776368E+00
-3.176249390E+00-3.209645774E+00-3.243050666E+00-3.276499679E+00-3.309898873E+00
-3.343045777E+00-3.375675853E+00-3.407508869E+00-3.438281664E+00-3.467761168E+00
-3.495745337E+00-3.522058478E+00-3.546545689E+00-3.569067629E+00-3.589496681E+00
-3.607714024E+00-3.623607676E+00-3.637071258E+00-3.648003039E+00-3.656305514E+00
-3.661885033E+00-3.664651684E+00-3.664519261E+00-3.661405254E+00-3.655230896E+00
-3.645921196E+00-3.633404925E+00-3.617614417E+00-3.598485165E+00-3.575954931E+00
-3.549962212E+00-3.520443003E+00-3.487325766E+00-3.450521869E+00-3.409908556E+00
-3.365307385E+00-3.316457520E+00-3.263010422E+00-3.204794043E+00-3.141990721E+00
-3.075157124E+00-3.005605124E+00-2.933054082E+00-2.857605824E+00-2.779279748E+00
-2.698113852E+00-2.614143790E+00-2.527407482E+00-2.437944595E+00-2.345797060E+00
-2.251009174E+00-2.153628061E+00-2.053703909E+00-1.951290469E+00-1.846445690E+00
-1.739232558E+00-1.629720047E+00-1.517984272E+00-1.404109790E+00-1.288191057E+00
-1.170334071E+00-1.050658184E+00-9.292980999E-01-8.064060631E-01-6.821541758E-01
-5.567368529E-01-4.303732792E-01-3.033098120E-01-1.758221372E-01-4.821696866E-02
 7.916698084E-02 2.059590807E-01 3.317582848E-01 4.561364028E-01 5.786434134E-01
 6.988149334E-01 8.161817254E-01 9.302808185E-01 1.040667579E+00 1.146927869E+00
 1.248689457E+00 1.345631916E+00 1.437494531E+00 1.524081944E+00 1.605267461E+00
 1.680994052E+00 1.751273064E+00 1.816180697E+00 1.875852259E+00 1.930474322E+00
 1.980275062E+00 2.025513257E+00 2.066466735E+00 2.103421174E+00 2.136659887E+00
-1.946407114E+00-2.002760321E+00-2.052141799E+00-2.094241592E+00-2.129650062E+00
-2.163480282E+00-2.197538262E+00-2.231831383E+00-2.266339900E+00-2.301043333E+00
-2.335920462E+00-2.370948947E+00-2.406105069E+00-2.441363696E+00-2.476698242E+00
-2.512080806E+00-2.547482320E+00-2.582872866E+00-2.618221772E+00-2.653497896E+00
-2.688669849E+00-2.723706084E+00-2.758575114E+00-2.793245586E+00-2.827686400E+00
-2.861866824E+00-2.895756454E+00-2.929325373E+00-2.962544108E+00-2.995383787E+00
-3.027816158E+00-3.059813957E+00-3.091351374E+00-3.122405080E+00-3.152956180E+00
-3.183227978E+00-3.213283798E+00-3.243157589E+00-3.272836329E+00-3.302208174E+00
-3.331083131E+00-3.359227588E+00-3.386394718E+00-3.412349033E+00-3.436877381E+00
-3.459791167E+00-3.480924172E+00-3.500128684E+00-3.517271640E+00-3.532231469E+00
-3.544895529E+00-3.555158411E+00-3.562920612E+00-3.568087668E+00-3.570569592E+00
-3.570280484E+00-3.567138206E+00-3.561064202E+00-3.551983134E+00-3.539822530E+00
-3.524511956E+00-3.505981653E+00-3.484160293E+00-3.458971319E+00-3.430326137E+00
-3.398112651E+00-3.362181733E+00-3.322327870E+00-3.278259493E+00-3.229683311E+00
-3.176590602E+00-3.119131463E+00-3.059133877E+00-2.996113143E+00-2.929990339E+00
-2.860896105E+00-2.788869118E+00-2.713950846E+00-2.636173763E+00-2.555568352E+00
-2.472163967E+00-2.385989927E+00-2.297076130E+00-2.205453561E+00-2.111154735E+00
-2.014214065E+00-1.914668422E+00-1.812557617E+00-1.707925160E+00-1.600819079E+00
-1.491292950E+00-1.379407103E+00-1.265230047E+00-1.148840136E+00-1.030327475E+00
-9.097961522E-01-7.873667607E-01-6.631792656E-01-5.373962220E-01-4.102063208E-01
-2.818282237E-01-1.525145952E-01-2.255615900E-02 1.077144771E-01 2.379196235E-01
 3.676344736E-01 4.963869356E-01 6.236601102E-01 7.488982273E-01 8.715165927E-01
 9.909156285E-01 1.106498377E+00 1.217690117E+00 1.323958195E+00 1.424830191E+00
 1.519908967E+00 1.608883908E+00 1.691538319E+00 1.767753316E+00 1.837508673E+00
 1.900880788E+00 1.958037713E+00 2.009230879E+00 2.054783391E+00 2.095074597E+00
 2.130521880E+00 2.161561071E+00 2.188627170E+00 2.212137539E+00-1.974222372E+00
-2.031242967E+00-2.080697110E+00-2.122746871E+00-2.156681630E+00-2.190120684E+00
-2.223756938E+00-2.257499380E+00-2.291334948E+00-2.325252540E+00-2.359240664E+00
-2.393286126E+00-2.427373190E+00-2.461483255E+00-2.495594832E+00-2.529683815E+00
-2.563723754E+00-2.597686300E+00-2.631541672E+00-2.665258884E+00-2.698806217E+00
-2.732151466E+00-2.765262192E+00-2.798105902E+00-2.830650273E+00-2.862863255E+00
-2.894713226E+00-2.926169008E+00-2.957200061E+00-2.987776390E+00-3.017868581E+00
-3.047447743E+00-3.076484963E+00-3.104950403E+00-3.132810442E+00-3.160174367E+00
-3.187119648E+00-3.213674674E+00-3.239836324E+00-3.265559139E+00-3.290725403E+00
-3.315161013E+00-3.338661268E+00-3.361011410E+00-3.382003059E+00-3.401443856E+00
-3.419160260E+00-3.434997138E+00-3.448815302E+00-3.460489016E+00-3.469903333E+00
-3.476952144E+00-3.481536393E+00-3.483562876E+00-3.482943194E+00-3.479592864E+00
-3.473430519E+00-3.464376908E+00-3.452353689E+00-3.437281473E+00-3.419077171E+00
-3.397649188E+00-3.372889979E+00-3.344669312E+00-3.312825445E+00-3.277147128E+00
-3.237427491E+00-3.193647098E+00-3.145860883E+00-3.094231034E+00-3.039940875E+00
-2.982695698E+00-2.922573226E+00-2.859547028E+00-2.793606060E+00-2.724769600E+00
-2.653059023E+00-2.578496496E+00-2.501102945E+00-2.420898273E+00-2.337901467E+00
-2.252131053E+00-2.163605401E+00-2.072343111E+00-1.978363330E+00-1.881686221E+00
-1.782333299E+00-1.680328084E+00-1.575696714E+00-1.468468764E+00-1.358678261E+00
-1.246364872E+00-1.131575386E+00-1.014365472E+00-8.948017899E-01-7.729645082E-01
-6.489502915E-01-5.228758270E-01-3.948819576E-01-2.651384778E-01-1.338496432E-01
-1.260384739E-03 1.323368420E-01 2.665947704E-01 4.011040149E-01 5.353864382E-01
 6.688903704E-01 8.009892916E-01 9.309860620E-01 1.058124794E+00 1.181611626E+00
 1.300643891E+00 1.414444624E+00 1.522297520E+00 1.623577272E+00 1.717772074E+00
 1.804497784E+00 1.883505165E+00 1.954682500E+00 2.018055336E+00 2.073784113E+00
 2.122159045E+00 2.163590887E+00 2.198595538E+00 2.227770782E+00 2.251765581E+00
 2.271244725E+00 2.286853669E+00 2.299189423E+00-2.000758912E+00-2.057672584E+00
-2.107368457E+00-2.149511363E+00-2.184764584E+00-2.218082162E+00-2.251330331E+00
-2.284543698E+00-2.317723834E+00-2.350875039E+00-2.384000299E+00-2.417098314E+00
-2.450162284E+00-2.483179864E+00-2.516133617E+00-2.549001683E+00-2.581758738E+00
-2.614376509E+00-2.646824673E+00-2.679071236E+00-2.711083142E+00-2.742826597E+00
-2.774267516E+00-2.805371679E+00-2.836105060E+00-2.866433963E+00-2.896325232E+00
-2.925746314E+00-2.954665392E+00-2.983051521E+00-3.010874608E+00-3.038105509E+00
-3.064716089E+00-3.090679413E+00-3.115970447E+00-3.140568050E+00-3.164572866E+00
-3.188017044E+00-3.210891939E+00-3.233160213E+00-3.254752050E+00-3.275549442E+00
-3.295394389E+00-3.314107612E+00-3.331503363E+00-3.347399826E+00-3.361625860E+00
-3.374024396E+00-3.384452700E+00-3.392781179E+00-3.398891496E+00-3.402674693E+00
-3.404029215E+00-3.402859242E+00-3.399072866E+00-3.392580296E+00-3.383291853E+00
-3.371115438E+00-3.355953060E+00-3.337696304E+00-3.316223947E+00-3.291399051E+00
-3.263055648E+00-3.231042251E+00-3.195351532E+00-3.155938112E+00-3.112766026E+00
-3.067042007E+00-3.018408487E+00-2.966784412E+00-2.912277055E+00-2.854904706E+00
-2.794686763E+00-2.731630375E+00-2.665740407E+00-2.597024628E+00-2.525492263E+00
-2.451152864E+00-2.374015538E+00-2.294088617E+00-2.211379446E+00-2.125894478E+00
-2.037639291E+00-1.946618810E+00-1.852837514E+00-1.756299626E+00-1.657009506E+00
-1.554972046E+00-1.450193209E+00-1.342680700E+00-1.232444832E+00-1.119499600E+00
-1.003864047E+00-8.855639427E-01-7.646338979E-01-6.411199568E-01-5.150828050E-01
-3.866017240E-01-2.557794167E-01-1.227478975E-01 1.232436347E-02 1.492238327E-01
 2.876816556E-01 4.273616147E-01 5.678463305E-01 7.086221592E-01 8.490639604E-01
 9.884222760E-01 1.125817468E+00 1.260247462E+00 1.390616258E+00 1.515786263E+00
 1.634648059E+00 1.746191465E+00 1.849560439E+00 1.944083637E+00 2.029283859E+00
 2.104875488E+00 2.170758655E+00 2.227015073E+00 2.273907399E+00 2.311880166E+00
 2.341557918E+00 2.363733124E+00 2.379335770E+00 2.389379787E+00 2.394891156E+00
 2.396833949E+00 2.396053747E+00-2.030080803E+00-2.087378937E+00-2.137313323E+00
-2.179568753E+00-2.214774771E+00-2.247884606E+00-2.280737442E+00-2.313384105E+00
-2.345861838E+00-2.378208368E+00-2.410450707E+00-2.442602536E+00-2.474665326E+00
-2.506630513E+00-2.538481628E+00-2.570196133E+00-2.601746862E+00-2.633103316E+00
-2.664232457E+00-2.695099560E+00-2.725668778E+00-2.755903604E+00-2.785767300E+00
-2.815223125E+00-2.844234768E+00-2.872766342E+00-2.900782735E+00-2.928249708E+00
-2.955133971E+00-2.981403416E+00-3.007027098E+00-3.031975485E+00-3.056220579E+00
-3.079736141E+00-3.102498203E+00-3.124485547E+00-3.145680424E+00-3.166164216E+00
-3.185930143E+00-3.204940244E+00-3.223131582E+00-3.240417716E+00-3.256682926E+00
-3.271785157E+00-3.285567455E+00-3.297868639E+00-3.308530458E+00-3.317402098E+00
-3.324342475E+00-3.329220365E+00-3.331913617E+00-3.332307632E+00-3.330293628E+00
-3.325766425E+00-3.318621639E+00-3.308752404E+00-3.296047593E+00-3.280390516E+00
-3.261656753E+00-3.239711012E+00-3.214448830E+00-3.185868678E+00-3.153875820E+00
-3.118363992E+00-3.080378300E+00-3.039597104E+00-2.995926192E+00-2.949460725E+00
-2.900197002E+00-2.848130314E+00-2.793275156E+00-2.735642610E+00-2.675241010E+00
-2.612075239E+00-2.546147931E+00-2.477460617E+00-2.406014035E+00-2.331807970E+00
-2.254841008E+00-2.175110378E+00-2.092611662E+00-2.007338854E+00-1.919284177E+00
-1.828438163E+00-1.734789619E+00-1.638325744E+00-1.539032242E+00-1.436893540E+00
-1.331893081E+00-1.224013739E+00-1.113238407E+00-9.995507665E-01-8.829363258E-01
-7.633837841E-01-6.408868244E-01-5.154464155E-01-3.870738195E-01-2.557944360E-01
-1.216527316E-01 1.528144843E-02 1.549048313E-01 2.970704471E-01 4.415745271E-01
 5.881397733E-01 7.363940260E-01 8.858432316E-01 1.035837811E+00 1.185532979E+00
 1.333847698E+00 1.479437011E+00 1.620707948E+00 1.755915631E+00 1.883340280E+00
 2.001474801E+00 2.109135421E+00 2.205476736E+00 2.289953880E+00 2.362276368E+00
 2.422376014E+00 2.470394483E+00 2.506690466E+00 2.531862796E+00 2.546783056E+00
 2.552622228E+00 2.550839956E+00 2.543095214E+00 2.531067731E+00 2.516254763E+00
 2.499842868E+00-2.062819662E+00-2.120822137E+00-2.170898422E+00-2.213345240E+00
-2.247362837E+00-2.280248692E+00-2.312578345E+00-2.344459397E+00-2.376058065E+00
-2.407475034E+00-2.438762466E+00-2.469941193E+00-2.501011679E+00-2.531960864E+00
-2.562766483E+00-2.593399801E+00-2.623827701E+00-2.654013988E+00-2.683920352E+00
-2.713507206E+00-2.742734226E+00-2.771560875E+00-2.799946655E+00-2.827851513E+00
-2.855236017E+00-2.882061644E+00-2.908290804E+00-2.933887145E+00-2.958815593E+00
-2.983042453E+00-3.006535635E+00-3.029264620E+00-3.051200692E+00-3.072316974E+00
-3.092588412E+00-3.111991696E+00-3.130504365E+00-3.148148609E+00-3.164927856E+00
-3.180812866E+00-3.195747388E+00-3.209653293E+00-3.222434082E+00-3.233976147E+00
-3.244151095E+00-3.252820961E+00-3.259844388E+00-3.265081666E+00-3.268397603E+00
-3.269662311E+00-3.268750131E+00-3.265538948E+00-3.259909882E+00-3.251747291E+00
-3.240937761E+00-3.227362818E+00-3.210911452E+00-3.191499275E+00-3.169091834E+00
-3.143583660E+00-3.114867383E+00-3.083743590E+00-3.049954799E+00-3.013417686E+00
-2.974211272E+00-2.932326159E+00-2.887750314E+00-2.840489899E+00-2.790546851E+00
-2.737921675E+00-2.682616230E+00-2.624631795E+00-2.563968332E+00-2.500623903E+00
-2.434594671E+00-2.365875075E+00-2.294457772E+00-2.220333536E+00-2.143491150E+00
-2.063917262E+00-1.981596042E+00-1.896509128E+00-1.808635410E+00-1.717950836E+00
-1.624428276E+00-1.528037381E+00-1.428744469E+00-1.326512440E+00-1.221300749E+00
-1.113065442E+00-1.001759312E+00-8.873321630E-01-7.697313027E-01-6.489022671E-01
-5.247899012E-01-3.973399178E-01-2.665010547E-01-1.322280569E-01 5.514257625E-03
 1.467455315E-01 2.914625121E-01 4.396291936E-01 5.911635698E-01 7.459196667E-01
 9.036628113E-01 1.064034803E+00 1.226503354E+00 1.390286219E+00 1.554235057E+00
 1.716664661E+00 1.875164443E+00 2.026635776E+00 2.167922419E+00 2.296623480E+00
 2.411268327E+00 2.511043972E+00 2.595531947E+00 2.664559873E+00 2.718136468E+00
 2.756438627E+00 2.779835911E+00 2.788952692E+00 2.784777689E+00 2.768835341E+00
 2.743394502E+00 2.711496941E+00 2.676381589E+00 2.640569531E+00 2.605561664E+00
-2.099340808E+00-2.158046015E+00-2.208545827E+00-2.250337716E+00-2.285046633E+00
-2.316726704E+00-2.347537943E+00-2.378035291E+00-2.408399790E+00-2.438697204E+00
-2.468944064E+00-2.499131648E+00-2.529236822E+00-2.559227593E+00-2.589066176E+00
-2.618711084E+00-2.648118447E+00-2.677242846E+00-2.706038104E+00-2.734457736E+00
-2.762455410E+00-2.789985243E+00-2.817002084E+00-2.843461697E+00-2.869320985E+00
-2.894538115E+00-2.919072703E+00-2.942885821E+00-2.965940266E+00-2.988200518E+00
-3.009632880E+00-3.030205653E+00-3.049889091E+00-3.068655660E+00-3.086480111E+00
-3.103339696E+00-3.119214649E+00-3.134089315E+00-3.147957899E+00-3.160794358E+00
-3.172548933E+00-3.183151438E+00-3.192514851E+00-3.200538450E+00-3.207110738E+00
-3.212112235E+00-3.215418347E+00-3.216902948E+00-3.216442159E+00-3.213916191E+00
-3.209202541E+00-3.202178475E+00-3.192727729E+00-3.180753863E+00-3.166209365E+00
-3.148995120E+00-3.129004457E+00-3.106143862E+00-3.080955294E+00-3.053247153E+00
-3.022953827E+00-2.990133351E+00-2.954774486E+00-2.916863939E+00-2.876403881E+00
-2.833392122E+00-2.787824825E+00-2.739699355E+00-2.689012689E+00-2.635761127E+00
-2.579940269E+00-2.521544689E+00-2.460567510E+00-2.397000011E+00-2.330831516E+00
-2.262049176E+00-2.190637802E+00-2.116579701E+00-2.039854469E+00-1.960438738E+00
-1.878305898E+00-1.793425820E+00-1.705764544E+00-1.615283941E+00-1.521941364E+00
-1.425689266E+00-1.326474800E+00-1.224239396E+00-1.118918338E+00-1.010440315E+00
-8.987270140E-01-7.836927189E-01-6.652440030E-01-5.432795239E-01-4.176900194E-01
-2.883585639E-01-1.551612441E-01-1.796839487E-02 1.233533652E-01 2.689380158E-01
 4.189155532E-01 5.734054428E-01 7.325074594E-01 8.962889581E-01 1.064767181E+00
 1.237884168E+00 1.415469614E+00 1.597181385E+00 1.782397261E+00 1.969973522E+00
 2.157479504E+00 2.337884958E+00 2.501223898E+00 2.644878140E+00 2.768724814E+00
 2.872919402E+00 2.957629827E+00 3.023001185E+00 3.069155920E+00 3.096215972E+00
 3.104352327E+00 3.093859554E+00 3.065264462E+00 3.019544919E+00 2.958796739E+00
 2.889235690E+00 2.821909990E+00 2.760388720E+00 2.704591037E+00-2.146763100E+00
-2.210117916E+00-2.261597553E+00-2.300722098E+00-2.329391715E+00-2.356711557E+00
-2.384856266E+00-2.413493736E+00-2.442430253E+00-2.471552985E+00-2.500780180E+00
-2.530042583E+00-2.559276346E+00-2.588420316E+00-2.617414713E+00-2.646200844E+00
-2.674720869E+00-2.702917935E+00-2.730736138E+00-2.758120797E+00-2.785018489E+00
-2.811377127E+00-2.837146215E+00-2.862276767E+00-2.886721581E+00-2.910435139E+00
-2.933373882E+00-2.955496111E+00-2.976762120E+00-2.997134358E+00-3.016577287E+00
-3.035057675E+00-3.052544498E+00-3.069009099E+00-3.084425298E+00-3.098769495E+00
-3.112020722E+00-3.124160709E+00-3.135173157E+00-3.145010090E+00-3.153626959E+00
-3.160960053E+00-3.166930292E+00-3.171446915E+00-3.174411059E+00-3.175718688E+00
-3.175258752E+00-3.172918126E+00-3.168593279E+00-3.162217456E+00-3.153685672E+00
-3.142878292E+00-3.129667446E+00-3.113911585E+00-3.096033885E+00-3.075863228E+00
-3.053305168E+00-3.028326940E+00-3.000970979E+00-2.971227518E+00-2.939084720E+00
-2.904542234E+00-2.867596089E+00-2.828240994E+00-2.786472590E+00-2.742286109E+00
-2.695676069E+00-2.646636404E+00-2.595160216E+00-2.541239521E+00-2.484865057E+00
-2.426025974E+00-2.364709655E+00-2.300901356E+00-2.234584025E+00-2.165738012E+00
-2.094340880E+00-2.020367147E+00-1.943787981E+00-1.864570892E+00-1.782679403E+00
-1.698072628E+00-1.610704850E+00-1.520525021E+00-1.427476206E+00-1.331494969E+00
-1.232510668E+00-1.130444688E+00-1.025209567E+00-9.167080269E-01-8.048319128E-01
-6.894610209E-01-5.704618212E-01-4.476861113E-01-3.209695884E-01-1.901304073E-01
-5.496778572E-02 8.473925813E-02 2.292328803E-01 3.787769390E-01 5.336568385E-01
 6.941785016E-01 8.606662768E-01 1.033459850E+00 1.212910697E+00 1.399379718E+00
 1.593240041E+00 1.794894754E+00 2.004835208E+00 2.223816523E+00 2.453203045E+00
 2.671955903E+00 2.858845614E+00 3.017274943E+00 3.147493331E+00 3.253564598E+00
 3.337510012E+00 3.399575006E+00 3.438360994E+00 3.451491986E+00 3.441553614E+00
 3.409414691E+00 3.354381107E+00 3.273958907E+00 3.164262270E+00 3.043719576E+00
 2.943911222E+00 2.858614464E+00 2.784255803E+00-2.188555978E+00-2.254371383E+00
-2.306801819E+00-2.345313426E+00-2.370130630E+00-2.395562322E+00-2.422119712E+00
-2.449434981E+00-2.477281069E+00-2.505486060E+00-2.533914934E+00-2.562456022E+00
-2.591012496E+00-2.619497215E+00-2.647829650E+00-2.675934190E+00-2.703739003E+00
-2.731175419E+00-2.758177611E+00-2.784682256E+00-2.810628548E+00-2.835957988E+00
-2.860614400E+00-2.884543878E+00-2.907694879E+00-2.930018107E+00-2.951466591E+00
-2.971995726E+00-2.991563250E+00-3.010129343E+00-3.027656548E+00-3.044109910E+00
-3.059456913E+00-3.073667563E+00-3.086714419E+00-3.098572681E+00-3.109220451E+00
-3.118639089E+00-3.126814314E+00-3.133678577E+00-3.139184734E+00-3.143271784E+00
-3.145865960E+00-3.146884230E+00-3.146241586E+00-3.143868349E+00-3.139664202E+00
-3.133505365E+00-3.125234378E+00-3.115127947E+00-3.103044911E+00-3.088884138E+00
-3.072573121E+00-3.054073318E+00-3.033405927E+00-3.010548161E+00-2.985472484E+00
-2.958161246E+00-2.928608999E+00-2.896809506E+00-2.862756584E+00-2.826445273E+00
-2.787870555E+00-2.747027042E+00-2.703908844E+00-2.658509412E+00-2.610821226E+00
-2.560835626E+00-2.508542652E+00-2.453930735E+00-2.396986583E+00-2.337694926E+00
-2.276038228E+00-2.211996473E+00-2.145547009E+00-2.076664161E+00-2.005319075E+00
-1.931479341E+00-1.855108727E+00-1.776166787E+00-1.694608443E+00-1.610383501E+00
-1.523436111E+00-1.433704127E+00-1.341118380E+00-1.245601850E+00-1.147068695E+00
-1.045423139E+00-9.405581963E-01-8.323541902E-01-7.206770428E-01-6.053763194E-01
-4.862829603E-01-3.632066776E-01-2.359330032E-01-1.042199008E-01 3.220602262E-02
 1.736537486E-01 3.204724653E-01 4.730565063E-01 6.318504958E-01 7.973545273E-01
 9.701293044E-01 1.150801397E+00 1.340069501E+00 1.538714004E+00 1.747614871E+00
 1.967787023E+00 2.200447297E+00 2.447136443E+00 2.701426785E+00 2.923903197E+00
 3.115884141E+00 3.279371878E+00 3.413097165E+00 3.517522497E+00 3.596647261E+00
 3.651264507E+00 3.681122563E+00 3.682696454E+00 3.654806303E+00 3.599875787E+00
 3.517150746E+00 3.404726270E+00 3.259574871E+00 3.128970527E+00 3.016152210E+00
 2.918212861E+00 2.832566500E+00-2.221409511E+00-2.288515610E+00-2.341789437E+00
-2.380721799E+00-2.407024786E+00-2.432144100E+00-2.458188053E+00-2.484967504E+00
-2.512307150E+00-2.540048969E+00-2.568052631E+00-2.596193057E+00-2.624357473E+00
-2.652442868E+00-2.680354043E+00-2.708002057E+00-2.735303374E+00-2.762178995E+00
-2.788553988E+00-2.814357102E+00-2.839520518E+00-2.863979574E+00-2.887672709E+00
-2.910541190E+00-2.932529251E+00-2.953583817E+00-2.973654624E+00-2.992694140E+00
-3.010657583E+00-3.027502868E+00-3.043190638E+00-3.057684233E+00-3.070949606E+00
-3.082955327E+00-3.093672468E+00-3.103074422E+00-3.111136814E+00-3.117837379E+00
-3.123155906E+00-3.127074453E+00-3.129492567E+00-3.130359637E+00-3.129607300E+00
-3.127147718E+00-3.122863776E+00-3.116900396E+00-3.109161952E+00-3.099574190E+00
-3.088085722E+00-3.074691006E+00-3.059354370E+00-3.042034926E+00-3.022697196E+00
-3.001316415E+00-2.977878884E+00-2.952370981E+00-2.924779801E+00-2.895095111E+00
-2.863309821E+00-2.829418215E+00-2.793415349E+00-2.755296498E+00-2.715056739E+00
-2.672690569E+00-2.628191593E+00-2.581552216E+00-2.532763524E+00-2.481814956E+00
-2.428694131E+00-2.373386671E+00-2.315875989E+00-2.256143037E+00-2.194166228E+00
-2.129921071E+00-2.063380069E+00-1.994512412E+00-1.923283714E+00-1.849655746E+00
-1.773586061E+00-1.695027621E+00-1.613928326E+00-1.530230490E+00-1.443870214E+00
-1.354776663E+00-1.262871223E+00-1.168066494E+00-1.070265140E+00-9.693585215E-01
-8.652250799E-01-7.577284603E-01-6.467152734E-01-5.320124673E-01-4.134241990E-01
-2.907281293E-01-1.636710303E-01-3.196355618E-02 1.047259379E-01 2.467786918E-01
 3.946340675E-01 5.487993586E-01 7.098608520E-01 8.784957952E-01 1.055484688E+00
 1.241722809E+00 1.438229621E+00 1.646154925E+00 1.866781625E+00 2.101526940E+00
 2.351944794E+00 2.618939637E+00 2.870097990E+00 3.088253237E+00 3.274142079E+00
 3.431334040E+00 3.561270084E+00 3.664125071E+00 3.738104055E+00 3.782596307E+00
 3.799605910E+00 3.788847109E+00 3.748771048E+00 3.675860559E+00 3.568065830E+00
 3.426311208E+00 3.278815075E+00 3.148839269E+00 3.034308747E+00 2.933280233E+00
 2.843920354E+00-2.251365152E+00-2.319552922E+00-2.373822192E+00-2.413572155E+00
-2.441268709E+00-2.466793451E+00-2.493027377E+00-2.519912144E+00-2.547308158E+00
-2.575076717E+00-2.603084545E+00-2.631205420E+00-2.659320598E+00-2.687318660E+00
-2.715095048E+00-2.742551441E+00-2.769595313E+00-2.796139410E+00-2.822101262E+00
-2.847402857E+00-2.871970309E+00-2.895733570E+00-2.918626156E+00-2.940585074E+00
-2.961550563E+00-2.981466120E+00-3.000278342E+00-3.017936944E+00-3.034394743E+00
-3.049607579E+00-3.063534372E+00-3.076137008E+00-3.087380277E+00-3.097231743E+00
-3.105661448E+00-3.112641586E+00-3.118145902E+00-3.122148662E+00-3.124622951E+00
-3.125537553E+00-3.124850729E+00-3.122521672E+00-3.118508197E+00-3.112768603E+00
-3.105268324E+00-3.095998212E+00-3.084931527E+00-3.072038718E+00-3.057294461E+00
-3.040680230E+00-3.022177152E+00-3.001766605E+00-2.979432255E+00-2.955161487E+00
-2.928945271E+00-2.900776767E+00-2.870650588E+00-2.838562724E+00-2.804510248E+00
-2.768490738E+00-2.730501888E+00-2.690540927E+00-2.648604407E+00-2.604687657E+00
-2.558784631E+00-2.510887599E+00-2.460986890E+00-2.409070685E+00-2.355124897E+00
-2.299132919E+00-2.241075471E+00-2.180930502E+00-2.118672919E+00-2.054274508E+00
-1.987703704E+00-1.918925370E+00-1.847900609E+00-1.774586438E+00-1.698935485E+00
-1.620895612E+00-1.540409449E+00-1.457413864E+00-1.371839321E+00-1.283609116E+00
-1.192638493E+00-1.098833570E+00-1.002090084E+00-9.022919003E-01-7.993092374E-01
-6.929965528E-01-5.831900108E-01-4.697044548E-01-3.523297492E-01-2.308263496E-01
-1.049199217E-01 2.570523549E-02 1.614142471E-01 3.026315590E-01 4.498530768E-01
 6.036609891E-01 7.647416078E-01 9.339062682E-01 1.112114559E+00 1.300497479E+00
 1.500375489E+00 1.713262938E+00 1.940848853E+00 2.184948493E+00 2.447495986E+00
 2.712521431E+00 2.949042760E+00 3.157148875E+00 3.333274940E+00 3.480402693E+00
 3.601435125E+00 3.696654347E+00 3.765186644E+00 3.801915242E+00 3.808534248E+00
 3.786235726E+00 3.733587723E+00 3.647965797E+00 3.522585749E+00 3.370314754E+00
 3.233683183E+00 3.111692570E+00 3.002799233E+00 2.905530857E+00 2.818516100E+00
-2.281379311E+00-2.351159031E+00-2.406638134E+00-2.447308783E+00-2.473808603E+00
-2.499983992E+00-2.526917201E+00-2.554423278E+00-2.582374195E+00-2.610639352E+00
-2.639088399E+00-2.667593891E+00-2.696032880E+00-2.724287922E+00-2.752247599E+00
-2.779806555E+00-2.806865445E+00-2.833330619E+00-2.859113755E+00-2.884131513E+00
-2.908305182E+00-2.931560296E+00-2.953826400E+00-2.975036739E+00-2.995128221E+00
-3.014041165E+00-3.031719377E+00-3.048110015E+00-3.063163668E+00-3.076834372E+00
-3.089079557E+00-3.099860100E+00-3.109140249E+00-3.116887510E+00-3.123072332E+00
-3.127667936E+00-3.130649655E+00-3.131994334E+00-3.131679493E+00-3.129682289E+00
-3.125979081E+00-3.120546674E+00-3.113363114E+00-3.104408753E+00-3.093667875E+00
-3.081129495E+00-3.066783051E+00-3.050618776E+00-3.032628592E+00-3.012806530E+00
-2.991147997E+00-2.967649642E+00-2.942309506E+00-2.915127280E+00-2.886104030E+00
-2.855241927E+00-2.822543798E+00-2.788012783E+00-2.751651964E+00-2.713463975E+00
-2.673450619E+00-2.631612573E+00-2.587948908E+00-2.542456911E+00-2.495131718E+00
-2.445966198E+00-2.394950566E+00-2.342072421E+00-2.287316454E+00-2.230664316E+00
-2.172094594E+00-2.111582641E+00-2.049100476E+00-1.984616670E+00-1.918096256E+00
-1.849500519E+00-1.778786887E+00-1.705908677E+00-1.630814830E+00-1.553449588E+00
-1.473752083E+00-1.391655849E+00-1.307088218E+00-1.219969611E+00-1.130212672E+00
-1.037721242E+00-9.423891385E-01-8.440986826E-01-7.427189644E-01-6.381037464E-01
-5.300889525E-01-4.184896199E-01-3.030962234E-01-1.836701454E-01-5.993811222E-02
 6.841473921E-02 2.017535679E-01 3.405048725E-01 4.851706704E-01 6.363468482E-01
 7.947471538E-01 9.612346577E-01 1.136862635E+00 1.322925807E+00 1.521018110E+00
 1.733079455E+00 1.961388219E+00 2.208439504E+00 2.473522732E+00 2.715935242E+00
 2.930194206E+00 3.118852083E+00 3.282563839E+00 3.420823111E+00 3.531739657E+00
 3.615969625E+00 3.674606605E+00 3.706775931E+00 3.710265700E+00 3.681282231E+00
 3.618543377E+00 3.521042785E+00 3.387440019E+00 3.254248050E+00 3.134302967E+00
 3.026085913E+00 2.928328399E+00 2.839921586E+00 2.759876504E+00-2.306062173E+00
-2.377110071E+00-2.433904592E+00-2.475914300E+00-2.504666367E+00-2.532090148E+00
-2.560167676E+00-2.588758079E+00-2.617730561E+00-2.646950140E+00-2.676280886E+00
-2.705588806E+00-2.734743975E+00-2.763621993E+00-2.792104814E+00-2.820081096E+00
-2.847446068E+00-2.874101409E+00-2.899954652E+00-2.924918754E+00-2.948911693E+00
-2.971855862E+00-2.993677783E+00-3.014307853E+00-3.033680133E+00-3.051732188E+00
-3.068405210E+00-3.083643953E+00-3.097396855E+00-3.109616172E+00-3.120258109E+00
-3.129282848E+00-3.136654657E+00-3.142341816E+00-3.146316576E+00-3.148554929E+00
-3.149036316E+00-3.147743278E+00-3.144661030E+00-3.139777074E+00-3.133081082E+00
-3.124564936E+00-3.114223015E+00-3.102052374E+00-3.088052994E+00-3.072227568E+00
-3.054580786E+00-3.035119023E+00-3.013850126E+00-2.990783358E+00-2.965929046E+00
-2.939298372E+00-2.910903233E+00-2.880756011E+00-2.848869359E+00-2.815255911E+00
-2.779927895E+00-2.742896858E+00-2.704173246E+00-2.663766048E+00-2.621682533E+00
-2.577927834E+00-2.532504645E+00-2.485413063E+00-2.436650220E+00-2.386210129E+00
-2.334083527E+00-2.280257799E+00-2.224716786E+00-2.167440781E+00-2.108406453E+00
-2.047586887E+00-1.984951469E+00-1.920465914E+00-1.854092257E+00-1.785788753E+00
-1.715509817E+00-1.643205900E+00-1.568823314E+00-1.492303996E+00-1.413585193E+00
-1.332599067E+00-1.249272206E+00-1.163525014E+00-1.075270965E+00-9.844157298E-01
-8.908560938E-01-7.944787045E-01-6.951585462E-01-5.927571341E-01-4.871203521E-01
-3.780758480E-01-2.654298793E-01-1.489634728E-01-2.842768789E-02 9.646228631E-02
 2.260345924E-01 3.606702962E-01 5.008159970E-01 6.470007958E-01 7.998598995E-01
 9.601687200E-01 1.128894420E+00 1.307278056E+00 1.496971954E+00 1.700270928E+00
 1.920428404E+00 2.162021279E+00 2.401727922E+00 2.617560758E+00 2.805978223E+00
 2.972619012E+00 3.118662594E+00 3.244102439E+00 3.346729453E+00 3.421461511E+00
 3.472860172E+00 3.500797176E+00 3.503783682E+00 3.477419424E+00 3.413849387E+00
 3.313947615E+00 3.196314015E+00 3.089361514E+00 2.991519380E+00 2.901702782E+00
 2.819152717E+00 2.743257971E+00 2.673478502E+00-2.328361063E+00-2.400708916E+00
-2.459045608E+00-2.502731247E+00-2.534240006E+00-2.563376166E+00-2.593045606E+00
-2.623190251E+00-2.653662660E+00-2.684310821E+00-2.714983203E+00-2.745532172E+00
-2.775816352E+00-2.805702156E+00-2.835064410E+00-2.863786500E+00-2.891759914E+00
-2.918883640E+00-2.945063253E+00-2.970210217E+00-2.994240999E+00-3.017076462E+00
-3.038641423E+00-3.058864166E+00-3.077676446E+00-3.095013329E+00-3.110813312E+00
-3.125018555E+00-3.137575111E+00-3.148433240E+00-3.157547657E+00-3.164877844E+00
-3.170388282E+00-3.174048570E+00-3.175833498E+00-3.175722990E+00-3.173702029E+00
-3.169760365E+00-3.163892321E+00-3.156096462E+00-3.146375327E+00-3.134735253E+00
-3.121186140E+00-3.105741185E+00-3.088416703E+00-3.069231704E+00-3.048207405E+00
-3.025366788E+00-3.000734306E+00-2.974335305E+00-2.946195906E+00-2.916342403E+00
-2.884801168E+00-2.851598148E+00-2.816758630E+00-2.780306835E+00-2.742265666E+00
-2.702656188E+00-2.661497448E+00-2.618805935E+00-2.574595446E+00-2.528876562E+00
-2.481656567E+00-2.432938990E+00-2.382723576E+00-2.331006046E+00-2.277777949E+00
-2.223026671E+00-2.166735355E+00-2.108882937E+00-2.049444227E+00-1.988389965E+00
-1.925686891E+00-1.861297896E+00-1.795182081E+00-1.727294850E+00-1.657587961E+00
-1.586009511E+00-1.512503921E+00-1.437011807E+00-1.359469820E+00-1.279810380E+00
-1.197961342E+00-1.113845546E+00-1.027380273E+00-9.384765774E-01-8.470384908E-01
-7.529620581E-01-6.561342389E-01-5.564315792E-01-4.537186754E-01-3.478463718E-01
-2.386496194E-01-1.259449758E-01-9.527602145E-03 1.108323223E-01 2.353939518E-01
 3.644511197E-01 4.983390433E-01 6.374429154E-01 7.822093176E-01 9.331620554E-01
 1.090925593E+00 1.256262870E+00 1.430144717E+00 1.613905632E+00 1.809761818E+00
 2.017769794E+00 2.212095084E+00 2.391798599E+00 2.555871100E+00 2.702416008E+00
 2.829418001E+00 2.937684952E+00 3.027674239E+00 3.098721982E+00 3.148914724E+00
 3.176034826E+00 3.180484753E+00 3.161850918E+00 3.117791048E+00 3.043533711E+00
 2.966237066E+00 2.891098397E+00 2.818907557E+00 2.750127911E+00 2.685002527E+00
 2.623625442E+00 2.565986386E+00-2.351124482E+00-2.425484866E+00-2.485688161E+00
-2.531203759E+00-2.562918109E+00-2.593993575E+00-2.625761212E+00-2.657991034E+00
-2.690498782E+00-2.723100509E+00-2.755617597E+00-2.787880864E+00-2.819733024E+00
-2.851029642E+00-2.881639125E+00-2.911441725E+00-2.940328249E+00-2.968198442E+00
-2.994959427E+00-3.020524202E+00-3.044810433E+00-3.067739488E+00-3.089235795E+00
-3.109226419E+00-3.127641041E+00-3.144411975E+00-3.159474561E+00-3.172767546E+00
-3.184233691E+00-3.193820310E+00-3.201479851E+00-3.207170497E+00-3.210856576E+00
-3.212508925E+00-3.212105163E+00-3.209629846E+00-3.205074314E+00-3.198436706E+00
-3.189721556E+00-3.178939560E+00-3.166107053E+00-3.151245603E+00-3.134381503E+00
-3.115545196E+00-3.094770727E+00-3.072095087E+00-3.047557592E+00-3.021199380E+00
-2.993062655E+00-2.963190298E+00-2.931625307E+00-2.898410311E+00-2.863587186E+00
-2.827196565E+00-2.789277531E+00-2.749867134E+00-2.709000039E+00-2.666708141E+00
-2.623020119E+00-2.577961163E+00-2.531552509E+00-2.483811230E+00-2.434749766E+00
-2.384375906E+00-2.332692363E+00-2.279696830E+00-2.225381772E+00-2.169734572E+00
-2.112737462E+00-2.054367731E+00-1.994597885E+00-1.933395877E+00-1.870725358E+00
-1.806545924E+00-1.740813394E+00-1.673480054E+00-1.604494873E+00-1.533803679E+00
-1.461349277E+00-1.387071505E+00-1.310907226E+00-1.232790245E+00-1.152651137E+00
-1.070417011E+00-9.860111911E-01-8.993528072E-01-8.103563167E-01-7.189309434E-01
-6.249800399E-01-5.284003704E-01-4.290813398E-01-3.269041506E-01-2.217409212E-01
-1.134538007E-01-1.894111795E-03 1.130983807E-01 2.316959444E-01 3.540828554E-01
 4.804544667E-01 6.110146300E-01 7.459701055E-01 8.855192493E-01 1.029829410E+00
 1.178990458E+00 1.332914141E+00 1.491103610E+00 1.652139855E+00 1.812955865E+00
 1.969227986E+00 2.117188648E+00 2.254282054E+00 2.378794217E+00 2.489500579E+00
 2.585468534E+00 2.665951037E+00 2.730330555E+00 2.778097954E+00 2.808867803E+00
 2.822453442E+00 2.819070151E+00 2.799819754E+00 2.767482001E+00 2.726394918E+00
 2.680549655E+00 2.632591565E+00 2.584150713E+00 2.536250502E+00 2.489544584E+00
 2.444447765E+00-2.369055062E+00-2.445286040E+00-2.507628806E+00-2.555524656E+00
-2.590198887E+00-2.623968728E+00-2.658476471E+00-2.693447037E+00-2.728635673E+00
-2.763806561E+00-2.798740407E+00-2.833239023E+00-2.867126929E+00-2.900250561E+00
-2.932476197E+00-2.963686915E+00-2.993779261E+00-3.022660089E+00-3.050243693E+00
-3.076449387E+00-3.101199662E+00-3.124418929E+00-3.146032720E+00-3.165967325E+00
-3.184149982E+00-3.200509287E+00-3.214975889E+00-3.227483325E+00-3.237969140E+00
-3.246375787E+00-3.252651682E+00-3.256752219E+00-3.258640446E+00-3.258287820E+00
-3.255674655E+00-3.250790331E+00-3.243633395E+00-3.234211424E+00-3.222540675E+00
-3.208645583E+00-3.192558120E+00-3.174317080E+00-3.153967164E+00-3.131558231E+00
-3.107144266E+00-3.080782508E+00-3.052532620E+00-3.022455776E+00-2.990613982E+00
-2.957069265E+00-2.921883128E+00-2.885116008E+00-2.846826657E+00-2.807071754E+00
-2.765905417E+00-2.723378824E+00-2.679539698E+00-2.634431931E+00-2.588095167E+00
-2.540564304E+00-2.491869185E+00-2.442034087E+00-2.391077556E+00-2.339011972E+00
-2.285843460E+00-2.231571709E+00-2.176189976E+00-2.119685201E+00-2.062038123E+00
-2.003223590E+00-1.943210890E+00-1.881964203E+00-1.819442988E+00-1.755602521E+00
-1.690394367E+00-1.623766840E+00-1.555665430E+00-1.486033195E+00-1.414811062E+00
-1.341938072E+00-1.267351554E+00-1.190987210E+00-1.112779143E+00-1.032659811E+00
-9.505599358E-01-8.664083560E-01-7.801318630E-01-6.916550195E-01-6.008999856E-01
-5.077864042E-01-4.122313273E-01-3.141493116E-01-2.134526868E-01-1.100521260E-01
-3.857680507E-03 1.052195456E-01 2.172647289E-01 3.323552042E-01 4.505541329E-01
 5.719008197E-01 6.963958226E-01 8.239779621E-01 9.544887175E-01 1.087617479E+00
 1.222820492E+00 1.359213489E+00 1.495468143E+00 1.629799021E+00 1.760133512E+00
 1.884408935E+00 2.000807568E+00 2.107838915E+00 2.204321431E+00 2.289334411E+00
 2.362176363E+00 2.422342084E+00 2.469523150E+00 2.503636393E+00 2.524886455E+00
 2.533862674E+00 2.531644318E+00 2.519828764E+00 2.500373163E+00 2.475277373E+00
 2.446305957E+00 2.414875909E+00 2.382069849E+00 2.348694702E+00 2.315343078E+00
-2.382582181E+00-2.460671275E+00-2.525522995E+00-2.576449531E+00-2.615814314E+00
-2.653209913E+00-2.691337503E+00-2.729921678E+00-2.768616999E+00-2.807108531E+00
-2.845122436E+00-2.882428531E+00-2.918838046E+00-2.954198267E+00-2.988385725E+00
-3.021299327E+00-3.052853700E+00-3.082973639E+00-3.111589426E+00-3.138633492E+00
-3.164037882E+00-3.187732800E+00-3.209645929E+00-3.229702417E+00-3.247825509E+00
-3.263937561E+00-3.277961415E+00-3.289822001E+00-3.299448014E+00-3.306773628E+00
-3.311740169E+00-3.314297528E+00-3.314405459E+00-3.312034702E+00-3.307167507E+00
-3.299798295E+00-3.289933594E+00-3.277591892E+00-3.262803203E+00-3.245608219E+00
-3.226057417E+00-3.204209938E+00-3.180132244E+00-3.153896864E+00-3.125581055E+00
-3.095265503E+00-3.063033085E+00-3.028967801E+00-2.993153785E+00-2.955674381E+00
-2.916611552E+00-2.876045074E+00-2.834052244E+00-2.790707139E+00-2.746080371E+00
-2.700238558E+00-2.653243900E+00-2.605153639E+00-2.556019684E+00-2.505887981E+00
-2.454798096E+00-2.402782621E+00-2.349866904E+00-2.296068537E+00-2.241397210E+00
-2.185854491E+00-2.129433988E+00-2.072121379E+00-2.013894768E+00-1.954725168E+00
-1.894577020E+00-1.833408944E+00-1.771174398E+00-1.707822505E+00-1.643298821E+00
-1.577546084E+00-1.510504914E+00-1.442114440E+00-1.372312819E+00-1.301037687E+00
-1.228226493E+00-1.153816757E+00-1.077746252E+00-9.999531333E-01-9.203760152E-01
-8.389540460E-01-7.556269916E-01-6.703353545E-01-5.830205924E-01-4.936254226E-01
-4.020943488E-01-3.083743997E-01-2.124162314E-01-1.141756946E-01-1.361602784E-02
 8.928907986E-02 1.945512567E-01 3.021616183E-01 4.120827762E-01 5.242379253E-01
 6.384960758E-01 7.546523784E-01 8.724026541E-01 9.913123062E-01 1.110782326E+00
 1.230020259E+00 1.348030411E+00 1.463639793E+00 1.575565883E+00 1.682510344E+00
 1.783248347E+00 1.876690587E+00 1.961914561E+00 2.038174992E+00 2.104905445E+00
 2.161720720E+00 2.208424972E+00 2.245028122E+00 2.271768432E+00 2.289134071E+00
 2.297869121E+00 2.298945542E+00 2.293491684E+00 2.282690931E+00 2.267682137E+00
 2.249490120E+00 2.228992900E+00 2.206917525E+00 2.183851900E+00-2.394153719E+00
-2.474739385E+00-2.542620047E+00-2.597219039E+00-2.639450035E+00-2.681514212E+00
-2.724574394E+00-2.768009583E+00-2.811308241E+00-2.854048158E+00-2.895897694E+00
-2.936608163E+00-2.976000579E+00-3.013950228E+00-3.050371175E+00-3.085202749E+00
-3.118398464E+00-3.149917570E+00-3.179718774E+00-3.207756094E+00-3.233976263E+00
-3.258317428E+00-3.280709116E+00-3.301073002E+00-3.319324429E+00-3.335374552E+00
-3.349132725E+00-3.360509232E+00-3.369418018E+00-3.375779347E+00-3.379522356E+00
-3.380587286E+00-3.378927322E+00-3.374510162E+00-3.367319045E+00-3.357353312E+00
-3.344628601E+00-3.329176496E+00-3.311043734E+00-3.290291064E+00-3.266991828E+00
-3.241230162E+00-3.213099172E+00-3.182698962E+00-3.150134691E+00-3.115514832E+00
-3.078949409E+00-3.040548620E+00-3.000421636E+00-2.958675554E+00-2.915414721E+00
-2.870740149E+00-2.824748977E+00-2.777534137E+00-2.729184086E+00-2.679782281E+00
-2.629406832E+00-2.578129957E+00-2.526017423E+00-2.473127826E+00-2.419511953E+00
-2.365212086E+00-2.310261379E+00-2.254683336E+00-2.198491366E+00-2.141688764E+00
-2.084268554E+00-2.026213877E+00-1.967498361E+00-1.908086938E+00-1.847936660E+00
-1.786997753E+00-1.725214776E+00-1.662527810E+00-1.598873645E+00-1.534186913E+00
-1.468401126E+00-1.401449584E+00-1.333266145E+00-1.263785842E+00-1.192945387E+00
-1.120683524E+00-1.046941321E+00-9.716623867E-01-8.947930508E-01-8.162825506E-01
-7.360832687E-01-6.541510309E-01-5.704455327E-01-4.849309381E-01-3.975767028E-01
-3.083586848E-01-2.172606577E-01-1.242762931E-01-2.941177647E-02 6.731079939E-02
 1.658490510E-01 2.661347042E-01 3.680665165E-01 4.715014832E-01 5.762441545E-01
 6.820341401E-01 7.885323242E-01 8.953071909E-01 1.001823729E+00 1.107438752E+00
 1.211406918E+00 1.312900551E+00 1.411042818E+00 1.504949395E+00 1.593771010E+00
 1.676730150E+00 1.753148663E+00 1.822466724E+00 1.884255685E+00 1.938227684E+00
 1.984243970E+00 2.022322516E+00 2.052643222E+00 2.075547881E+00 2.091530203E+00
 2.101212758E+00 2.105310447E+00 2.104585567E+00 2.099802256E+00 2.091688709E+00
 2.080910879E+00 2.068058549E+00 2.053641107E+00-2.397334287E+00-2.479793550E+00
-2.551191903E+00-2.611004806E+00-2.659569071E+00-2.708709110E+00-2.758823278E+00
-2.808910646E+00-2.858256606E+00-2.906339853E+00-2.952807161E+00-2.997446311E+00
-3.040150264E+00-3.080881331E+00-3.119641392E+00-3.156450134E+00-3.191329976E+00
-3.224296053E+00-3.255349855E+00-3.284475493E+00-3.311638032E+00-3.336783311E+00
-3.359839247E+00-3.380718082E+00-3.399319480E+00-3.415534347E+00-3.429248902E+00
-3.440349013E+00-3.448724462E+00-3.454272900E+00-3.456903718E+00-3.456541113E+00
-3.453126857E+00-3.446622447E+00-3.437010444E+00-3.424295286E+00-3.408503441E+00
-3.389682790E+00-3.367901367E+00-3.343245691E+00-3.315818442E+00-3.285735765E+00
-3.253124562E+00-3.218119524E+00-3.180860302E+00-3.141488969E+00-3.100147754E+00
-3.056977179E+00-3.012114707E+00-2.965693633E+00-2.917842525E+00-2.868684833E+00
-2.818338702E+00-2.766916866E+00-2.714526638E+00-2.661269650E+00-2.607241528E+00
-2.552531330E+00-2.497220750E+00-2.441383344E+00-2.385083308E+00-2.328374569E+00
-2.271299756E+00-2.213889273E+00-2.156160792E+00-2.098118807E+00-2.039754657E+00
-1.981046931E+00-1.921962058E+00-1.862455447E+00-1.802472802E+00-1.741951717E+00
-1.680823427E+00-1.619014620E+00-1.556449211E+00-1.493050013E+00-1.428740196E+00
-1.363444556E+00-1.297090501E+00-1.229608833E+00-1.160934306E+00-1.091006027E+00
-1.019767716E+00-9.471679073E-01-8.731601113E-01-7.977029965E-01-7.207606262E-01
-6.423027970E-01-5.623055239E-01-4.807517066E-01-3.976320382E-01-3.129461932E-01
-2.267043815E-01-1.389293044E-01-4.965861988E-02 4.105200739E-02 1.331251978E-01
 2.264574060E-01 3.209136930E-01 4.163217669E-01 5.124654231E-01 6.090777722E-01
 7.058348842E-01 8.023508260E-01 8.981754353E-01 9.927963003E-01 1.085646226E+00
 1.176116757E+00 1.263577125E+00 1.347396842E+00 1.426969410E+00 1.501734702E+00
 1.571198344E+00 1.634947456E+00 1.692662838E+00 1.744128107E+00 1.789236121E+00
 1.827992624E+00 1.860516500E+00 1.887035624E+00 1.907877302E+00 1.923452823E+00
 1.934236830E+00 1.940743441E+00 1.943501916E+00 1.943034655E+00 1.939839690E+00
 1.934378194E+00 1.927067227E+00-2.387162710E+00-2.468921218E+00-2.544215718E+00
-2.612528257E+00-2.674786015E+00-2.735676327E+00-2.796069653E+00-2.855218345E+00
-2.912346037E+00-2.966877442E+00-3.018542965E+00-3.067316659E+00-3.113304188E+00
-3.156663051E+00-3.197558882E+00-3.236142630E+00-3.272538774E+00-3.306838967E+00
-3.339098998E+00-3.369337700E+00-3.397537478E+00-3.423646461E+00-3.447581810E+00
-3.469234336E+00-3.488474076E+00-3.505156554E+00-3.519129309E+00-3.530238663E+00
-3.538335914E+00-3.543283408E+00-3.544959648E+00-3.543263934E+00-3.538119839E+00
-3.529478206E+00-3.517318920E+00-3.501651961E+00-3.482517362E+00-3.459984299E+00
-3.434149174E+00-3.405132919E+00-3.373077356E+00-3.338141282E+00-3.300495970E+00
-3.260320853E+00-3.217799297E+00-3.173114940E+00-3.126448551E+00-3.077975803E+00
-3.027865666E+00-2.976279513E+00-2.923371003E+00-2.869286203E+00-2.814164144E+00
-2.758137326E+00-2.701332244E+00-2.643869655E+00-2.585864371E+00-2.527424689E+00
-2.468651372E+00-2.409636266E+00-2.350460581E+00-2.291193165E+00-2.231888855E+00
-2.172586948E+00-2.113310154E+00-2.054063956E+00-1.994836418E+00-1.935598717E+00
-1.876306002E+00-1.816899038E+00-1.757306221E+00-1.697446023E+00-1.637229704E+00
-1.576564078E+00-1.515354212E+00-1.453505843E+00-1.390927442E+00-1.327531834E+00
-1.263237407E+00-1.197968912E+00-1.131657960E+00-1.064243251E+00-9.956706854E-01
-9.258933387E-01-8.548714646E-01-7.825725057E-01-7.089712039E-01-6.340498270E-01
-5.577985567E-01-4.802160637E-01-4.013103197E-01-3.210996537E-01-2.396140944E-01
-1.568970486E-01-7.300732130E-02 1.197849392E-02 9.796323881E-02 1.848260541E-01
 2.724189448E-01 3.605631696E-01 4.490456653E-01 5.376158253E-01 6.259830851E-01
 7.138158666E-01 8.007424789E-01 8.863545774E-01 9.702135504E-01 1.051859872E+00
 1.130825052E+00 1.206645390E+00 1.278876503E+00 1.347107547E+00 1.410974260E+00
 1.470170224E+00 1.524456030E+00 1.573666171E+00 1.617713593E+00 1.656591709E+00
 1.690373665E+00 1.719208567E+00 1.743314573E+00 1.762968933E+00 1.778495557E+00
 1.790251019E+00 1.798610172E+00 1.803952628E+00 1.806651007E+00 1.807061607E+00
 1.805517656E+00-2.376590801E+00-2.458340028E+00-2.538351975E+00-2.616314206E+00
-2.692471377E+00-2.767282417E+00-2.840766915E+00-2.911962176E+00-2.978915272E+00
-3.040507947E+00-3.097109163E+00-3.149370165E+00-3.197872191E+00-3.243099593E+00
-3.285448111E+00-3.325234251E+00-3.362702107E+00-3.398027856E+00-3.431322956E+00
-3.462636878E+00-3.491960473E+00-3.519230381E+00-3.544335297E+00-3.567123557E+00
-3.587412338E+00-3.604997578E+00-3.619664230E+00-3.631196296E+00-3.639386054E+00
-3.644042328E+00-3.644997700E+00-3.642114242E+00-3.635288501E+00-3.624454865E+00
-3.609588163E+00-3.590704789E+00-3.567862757E+00-3.541160252E+00-3.510732720E+00
-3.476748839E+00-3.439404803E+00-3.398918159E+00-3.355520698E+00-3.309451726E+00
-3.260951521E+00-3.210256000E+00-3.157592418E+00-3.103176598E+00-3.047211419E+00
-2.989886621E+00-2.931379488E+00-2.871856390E+00-2.811474574E+00-2.750384039E+00
-2.688729260E+00-2.626650237E+00-2.564282785E+00-2.501757913E+00-2.439200293E+00
-2.376725821E+00-2.314438785E+00-2.252428706E+00-2.190767474E+00-2.129506807E+00
-2.068676371E+00-2.008282657E+00-1.948308498E+00-1.888713657E+00-1.829436068E+00
-1.770394134E+00-1.711489817E+00-1.652612479E+00-1.593643185E+00-1.534459137E+00
-1.474937840E+00-1.414960704E+00-1.354415866E+00-1.293200185E+00-1.231220451E+00
-1.168393966E+00-1.104648637E+00-1.039922781E+00-9.741647438E-01-9.073324758E-01
-8.393931480E-01-7.703228429E-01-7.001064019E-01-6.287374151E-01-5.562184053E-01
-4.825612197E-01-4.077876111E-01-3.319300595E-01-2.550328089E-01-1.771531448E-01
-9.836288484E-02-1.875009459E-02 6.157902577E-02 1.424981243E-01 2.238586397E-01
 3.054878322E-01 3.871870655E-01 4.687305838E-01 5.498650212E-01 6.303099532E-01
 7.097597653E-01 7.878870569E-01 8.643476916E-01 9.387874414E-01 1.010849972E+00
 1.080185818E+00 1.146461783E+00 1.209370280E+00 1.268638064E+00 1.324033969E+00
 1.375375320E+00 1.422532790E+00 1.465433549E+00 1.504062525E+00 1.538461728E+00
 1.568727568E+00 1.595006211E+00 1.617487200E+00 1.636395650E+00 1.651983564E+00
 1.664520807E+00 1.674286372E+00 1.681560433E+00 1.686617549E+00 1.689721232E+00
-2.374211925E+00-2.459229963E+00-2.544869542E+00-2.631114425E+00-2.718119958E+00
-2.806134383E+00-2.895398655E+00-2.986266406E+00-3.069005727E+00-3.134696983E+00
-3.193525041E+00-3.246991535E+00-3.296113979E+00-3.341652249E+00-3.384192775E+00
-3.424190281E+00-3.461990165E+00-3.497839911E+00-3.531894907E+00-3.564221730E+00
-3.594801547E+00-3.623535787E+00-3.650254956E+00-3.674730619E+00-3.696690021E+00
-3.715831945E+00-3.731842771E+00-3.744411302E+00-3.753241979E+00-3.758065866E+00
-3.758649738E+00-3.754803217E+00-3.746384324E+00-3.733303887E+00-3.715528615E+00
-3.693082826E+00-3.666048739E+00-3.634564783E+00-3.598821824E+00-3.559056786E+00
-3.515544205E+00-3.468585821E+00-3.418499266E+00-3.365606743E+00-3.310224894E+00
-3.252656448E+00-3.193184603E+00-3.132069633E+00-3.069548269E+00-3.005834879E+00
-2.941124302E+00-2.875595737E+00-2.809417069E+00-2.742749301E+00-2.675750397E+00
-2.608578087E+00-2.541391225E+00-2.474349071E+00-2.407608601E+00-2.341320257E+00
-2.275622278E+00-2.210635150E+00-2.146456340E+00-2.083156149E+00-2.020774746E+00
-1.959320288E+00-1.898768234E+00-1.839061631E+00-1.780112675E+00-1.721805758E+00
-1.664002118E+00-1.606546038E+00-1.549272094E+00-1.492012678E+00-1.434604853E+00
-1.376895840E+00-1.318746763E+00-1.260034710E+00-1.200653397E+00-1.140512856E+00
-1.079538527E+00-1.017670086E+00-9.548602107E-01-8.910734339E-01-8.262851873E-01
-7.604810328E-01-6.936561437E-01-6.258150134E-01-5.569713785E-01-4.871483754E-01
-4.163788927E-01-3.447061146E-01-2.721842486E-01-1.988794154E-01-1.248706662E-01
-5.025111538E-02 2.487086979E-02 1.003704790E-01 1.761053452E-01 2.519146087E-01
 3.276182804E-01 4.030170486E-01 4.778926624E-01 5.520090771E-01 6.251144340E-01
 6.969440083E-01 7.672241129E-01 8.356768911E-01 9.020258829E-01 9.660020966E-01
 1.027350331E+00 1.085835448E+00 1.141248280E+00 1.193410888E+00 1.242180992E+00
 1.287455314E+00 1.329171744E+00 1.367310234E+00 1.401892337E+00 1.432979429E+00
 1.460669683E+00 1.485093932E+00 1.506410661E+00 1.524800402E+00 1.540459855E+00
 1.553596060E+00 1.564420916E+00 1.573146272E+00 1.579979747E+00-2.373859532E+00
-2.462884864E+00-2.554166976E+00-2.647981799E+00-2.744749218E+00-2.845049268E+00
-2.949654555E+00-3.059599103E+00-3.166707435E+00-3.248229057E+00-3.311323909E+00
-3.362102848E+00-3.409037514E+00-3.452682926E+00-3.493682425E+00-3.532553963E+00
-3.569703936E+00-3.605430580E+00-3.639920941E+00-3.673244817E+00-3.705351574E+00
-3.736073019E+00-3.765135120E+00-3.792177345E+00-3.816777525E+00-3.838478804E+00
-3.856815239E+00-3.871334295E+00-3.881614616E+00-3.887279491E+00-3.888006716E+00
-3.883535687E+00-3.873672886E+00-3.858296526E+00-3.837360567E+00-3.810897932E+00
-3.779022325E+00-3.741927635E+00-3.699883842E+00-3.653228343E+00-3.602352595E+00
-3.547684601E+00-3.489669221E+00-3.428748468E+00-3.365344473E+00-3.299846621E+00
-3.232603914E+00-3.163922317E+00-3.094066192E+00-3.023262970E+00-2.951709968E+00
-2.879582414E+00-2.807042203E+00-2.734246583E+00-2.661356169E+00-2.588541326E+00
-2.515985982E+00-2.443887319E+00-2.372451026E+00-2.301882248E+00-2.232374079E+00
-2.164096282E+00-2.097186048E+00-2.031741833E+00-1.967819673E+00-1.905431284E+00
-1.844542824E+00-1.785074614E+00-1.726901897E+00-1.669857834E+00-1.613739880E+00
-1.558320094E+00-1.503358561E+00-1.448617660E+00-1.393874447E+00-1.338929204E+00
-1.283609718E+00-1.227772041E+00-1.171298959E+00-1.114097313E+00-1.056094957E+00
-9.972378328E-01-9.374874198E-01-8.768186107E-01-8.152180468E-01-7.526828700E-01
-6.892198430E-01-6.248447950E-01-5.595823446E-01-4.934658555E-01-4.265376066E-01
-3.588491142E-01-2.904616158E-01-2.214466461E-01-1.518867011E-01-8.187594073E-02
-1.152088355E-02 5.905895194E-02 1.297305262E-01 2.003469506E-01 2.707474242E-01
 3.407575410E-01 4.101900149E-01 4.788459374E-01 5.465165893E-01 6.129858610E-01
 6.780332288E-01 7.414372949E-01 8.029797157E-01 8.624494525E-01 9.196471200E-01
 9.743892883E-01 1.026512517E+00 1.075876984E+00 1.122369515E+00 1.165905909E+00
 1.206432454E+00 1.243926572E+00 1.278396552E+00 1.309880411E+00 1.338443913E+00
 1.364177879E+00 1.387194891E+00 1.407625582E+00 1.425614706E+00 1.441317157E+00
 1.454894126E+00 1.466509541E+00 1.476326915E+00-2.371101891E+00-2.463676692E+00
-2.559699504E+00-2.659675336E+00-2.764270450E+00-2.874336900E+00-2.990925412E+00
-3.115274594E+00-3.237631474E+00-3.339727981E+00-3.424189099E+00-3.488933528E+00
-3.535674907E+00-3.574870527E+00-3.612380219E+00-3.648583405E+00-3.683932543E+00
-3.718789074E+00-3.753393761E+00-3.787832385E+00-3.822008894E+00-3.855638774E+00
-3.888266718E+00-3.919304457E+00-3.948079330E+00-3.973884227E+00-3.996021240E+00
-4.013834743E+00-4.026733113E+00-4.034201188E+00-4.035806469E+00-4.031202262E+00
-4.020130306E+00-4.002424617E+00-3.978016853E+00-3.946943480E+00-3.909352889E+00
-3.865510237E+00-3.815796963E+00-3.760701121E+00-3.700796603E+00-3.636711637E+00
-3.569091114E+00-3.498559056E+00-3.425687845E+00-3.350978594E+00-3.274852794E+00
-3.197653481E+00-3.119653271E+00-3.041066107E+00-2.962061171E+00-2.882777437E+00
-2.803338782E+00-2.723869066E+00-2.644507242E+00-2.565421678E+00-2.486821163E+00
-2.408958646E+00-2.332123333E+00-2.256619308E+00-2.182737093E+00-2.110728185E+00
-2.040789495E+00-1.973057921E+00-1.907610082E+00-1.844463437E+00-1.783575717E+00
-1.724842023E+00-1.668090699E+00-1.613081118E+00-1.559508650E+00-1.507021794E+00
-1.455251348E+00-1.403843420E+00-1.352485054E+00-1.300916607E+00-1.248932546E+00
-1.196375695E+00-1.143129213E+00-1.089108737E+00-1.034255668E+00-9.785318195E-01
-9.219153293E-01-8.643976130E-01-8.059811510E-01-7.466779435E-01-6.865084567E-01
-6.255009852E-01-5.636913127E-01-5.011225999E-01-4.378454871E-01-3.739182976E-01
-3.094073846E-01-2.443875189E-01-1.789423157E-01-1.131646694E-01-4.715713921E-02
 1.896774086E-02 8.508728205E-02 1.510686337E-01 2.167690029E-01 2.820361464E-01
 3.467091939E-01 4.106198043E-01 4.735937265E-01 5.354527197E-01 5.960168437E-01
 6.551070613E-01 7.125480944E-01 7.681714275E-01 8.218183715E-01 8.733430569E-01
 9.226152460E-01 9.695228515E-01 1.013974037E+00 1.055898854E+00 1.095250316E+00
 1.132004869E+00 1.166162269E+00 1.197744850E+00 1.226796228E+00 1.253379517E+00
 1.277575129E+00 1.299478272E+00 1.319196261E+00 1.336845748E+00 1.352550002E+00
 1.366436307E+00 1.378633574E+00-2.362673096E+00-2.457614082E+00-2.556742801E+00
-2.660696493E+00-2.770300778E+00-2.886621013E+00-3.011013116E+00-3.145118156E+00
-3.280260999E+00-3.396546588E+00-3.497629475E+00-3.581831192E+00-3.649586289E+00
-3.702812080E+00-3.737308933E+00-3.769126738E+00-3.801305830E+00-3.834356603E+00
-3.868709038E+00-3.904570992E+00-3.941822018E+00-3.979982511E+00-4.018262270E+00
-4.055655427E+00-4.091049810E+00-4.123328462E+00-4.151446004E+00-4.174472933E+00
-4.191611723E+00-4.202194987E+00-4.205675842E+00-4.201617857E+00-4.189689218E+00
-4.169663269E+00-4.141426500E+00-4.104994024E+00-4.060530663E+00-4.008373968E+00
-3.949050940E+00-3.883277525E+00-3.811929320E+00-3.735979369E+00-3.656414394E+00
-3.574152332E+00-3.489983518E+00-3.404543776E+00-3.318315092E+00-3.231642904E+00
-3.144761016E+00-3.057817644E+00-2.970899986E+00-2.884056794E+00-2.797319693E+00
-2.710724839E+00-2.624337069E+00-2.538278768E+00-2.452763668E+00-2.368126876E+00
-2.284825810E+00-2.203381988E+00-2.124283383E+00-2.047914264E+00-1.974541785E+00
-1.904333225E+00-1.837377100E+00-1.773696011E+00-1.713249134E+00-1.655923550E+00
-1.601514353E+00-1.549696421E+00-1.500002310E+00-1.451839739E+00-1.404574326E+00
-1.357637957E+00-1.310589980E+00-1.263117878E+00-1.215010701E+00-1.166130688E+00
-1.116391250E+00-1.065741488E+00-1.014155663E+00-9.616261132E-01-9.081584913E-01
-8.537685979E-01-7.984802940E-01-7.423241761E-01-6.853367740E-01-6.275601226E-01
-5.690416011E-01-5.098339676E-01-4.499955183E-01-3.895903374E-01-3.286885993E-01
-2.673668999E-01-2.057085785E-01-1.438040044E-01-8.175080379E-02-1.965399621E-02
 4.237399067E-02 1.042134618E-01 1.657377763E-01 2.268138799E-01 2.873030704E-01
 3.470620172E-01 4.059440252E-01 4.638005570E-01 5.204829780E-01 5.758445005E-01
 6.297422605E-01 6.820394920E-01 7.326077110E-01 7.813288349E-01 8.280971729E-01
 8.728211815E-01 9.154249758E-01 9.558494652E-01 9.940531399E-01 1.030012424E+00
 1.063721635E+00 1.095192506E+00 1.124453337E+00 1.151547800E+00 1.176533434E+00
 1.199479942E+00 1.220467312E+00 1.239583861E+00 1.256924282E+00 1.272587740E+00
 1.286676063E+00-2.346493553E+00-2.442237354E+00-2.542426527E+00-2.647691975E+00
-2.758842287E+00-2.876943109E+00-3.003489157E+00-3.140907887E+00-3.282540083E+00
-3.410152864E+00-3.526039709E+00-3.627826956E+00-3.714010685E+00-3.786796210E+00
-3.844298347E+00-3.887283851E+00-3.916885702E+00-3.946485888E+00-3.979732991E+00
-4.017461315E+00-4.059608581E+00-4.105247244E+00-4.152866563E+00-4.200621329E+00
-4.246574774E+00-4.288922981E+00-4.326130370E+00-4.356959067E+00-4.380433240E+00
-4.395782860E+00-4.402392545E+00-4.399764324E+00-4.387496022E+00-4.365275784E+00
-4.332892709E+00-4.290265257E+00-4.237489132E+00-4.174904559E+00-4.103174198E+00
-4.023343543E+00-3.936829570E+00-3.845285517E+00-3.750363773E+00-3.653491020E+00
-3.555754239E+00-3.457899200E+00-3.360387660E+00-3.263467433E+00-3.167234475E+00
-3.071681171E+00-2.976732454E+00-2.882272700E+00-2.788167452E+00-2.694283413E+00
-2.600511975E+00-2.506805412E+00-2.413244739E+00-2.320182757E+00-2.228467565E+00
-2.139335136E+00-2.053749833E+00-1.972209492E+00-1.894947274E+00-1.822073657E+00
-1.753639754E+00-1.689662887E+00-1.630131859E+00-1.574995439E+00-1.524126984E+00
-1.477241007E+00-1.433710816E+00-1.392345284E+00-1.351701978E+00-1.310791750E+00
-1.269117188E+00-1.226442669E+00-1.182660966E+00-1.137731852E+00-1.091652294E+00
-1.044440777E+00-9.961285988E-01-9.467548540E-01-8.963635660E-01-8.450020731E-01
-7.927201863E-01-7.395698674E-01-6.856051826E-01-6.308824767E-01-5.754606505E-01
-5.194015269E-01-4.627702267E-01-4.056355776E-01-3.480704958E-01-2.901523408E-01
-2.319632368E-01-1.735903037E-01-1.151258413E-01-5.666738959E-02 1.682314360E-03
 5.981551388E-02 1.176197618E-01 1.749784121E-01 2.317712828E-01 2.878755009E-01
 3.431665157E-01 3.975192864E-01 4.508096111E-01 5.029155842E-01 5.537191272E-01
 6.031075792E-01 6.509752689E-01 6.972250411E-01 7.417696830E-01 7.845331781E-01
 8.254517833E-01 8.644748562E-01 9.015654156E-01 9.367004318E-01 9.698708091E-01
 1.001081090E+00 1.030348881E+00 1.057704048E+00 1.083187677E+00 1.106850878E+00
 1.128753470E+00 1.148962584E+00 1.167551228E+00 1.184596889E+00 1.200180174E+00
-2.321701403E+00-2.416663839E+00-2.515905102E+00-2.619912061E+00-2.729255181E+00
-2.844586289E+00-2.966590544E+00-3.095737453E+00-3.231590469E+00-3.370620410E+00
-3.501217564E+00-3.618563646E+00-3.723374486E+00-3.818226394E+00-3.892851801E+00
-3.956827053E+00-4.008450702E+00-4.044590273E+00-4.074803862E+00-4.115250995E+00
-4.166190513E+00-4.225052540E+00-4.288913254E+00-4.354169705E+00-4.417118453E+00
-4.474790469E+00-4.525152742E+00-4.566865979E+00-4.599014901E+00-4.620924717E+00
-4.632049999E+00-4.631910502E+00-4.620057221E+00-4.596060562E+00-4.559518644E+00
-4.510090001E+00-4.447562281E+00-4.371978732E+00-4.283857403E+00-4.184525630E+00
-4.076443034E+00-3.962997381E+00-3.847467211E+00-3.732147380E+00-3.618315056E+00
-3.506548958E+00-3.397009528E+00-3.289617592E+00-3.184159206E+00-3.080345669E+00
-2.977847377E+00-2.876312091E+00-2.775374048E+00-2.674657273E+00-2.573774630E+00
-2.472321290E+00-2.369854621E+00-2.265808598E+00-2.158924091E+00-2.060336091E+00
-1.966571571E+00-1.878526117E+00-1.798464092E+00-1.722478637E+00-1.651794951E+00
-1.588999076E+00-1.530220208E+00-1.476859841E+00-1.431811184E+00-1.391285290E+00
-1.357098522E+00-1.330363665E+00-1.299366157E+00-1.265888791E+00-1.230251738E+00
-1.192663897E+00-1.153293451E+00-1.112285568E+00-1.069768884E+00-1.025858780E+00
-9.806595947E-01-9.342664664E-01-8.867669506E-01-8.382425262E-01-7.887699618E-01
-7.384225534E-01-6.872712504E-01-6.353856576E-01-5.828349340E-01-5.296885874E-01
-4.760171837E-01-4.218929570E-01-3.673903427E-01-3.125864155E-01-2.575612515E-01
-2.023981938E-01-1.471840187E-01-9.200900180E-02-3.696687792E-02 1.784532417E-02
 7.232756734E-02 1.263772220E-01 1.798896140E-01 2.327587023E-01 2.848778790E-01
 3.361408913E-01 3.864428507E-01 4.356813235E-01 4.837574843E-01 5.305772725E-01
 5.760525511E-01 6.201022151E-01 6.626532260E-01 7.036415230E-01 7.430127958E-01
 7.807231028E-01 8.167392742E-01 8.510391424E-01 8.836115482E-01 9.144561545E-01
 9.435830547E-01 9.710122170E-01 9.967727635E-01 1.020902121E+00 1.043445082E+00
 1.064452786E+00 1.083981682E+00 1.102092471E+00 1.118849080E+00-2.288491369E+00
-2.381369520E+00-2.478111341E+00-2.579027081E+00-2.684432955E+00-2.794618923E+00
-2.909790190E+00-3.029984637E+00-3.155011709E+00-3.284491170E+00-3.417958140E+00
-3.552503817E+00-3.674259540E+00-3.784257201E+00-3.880390541E+00-3.963228376E+00
-4.031900498E+00-4.085026071E+00-4.126364651E+00-4.178579070E+00-4.246421384E+00
-4.328549453E+00-4.422502184E+00-4.520005761E+00-4.610259313E+00-4.689684617E+00
-4.757218893E+00-4.812441636E+00-4.855115186E+00-4.885022635E+00-4.901897354E+00
-4.905387975E+00-4.895039117E+00-4.870279579E+00-4.830416086E+00-4.774634835E+00
-4.702020410E+00-4.611615289E+00-4.502587939E+00-4.374759394E+00-4.230843560E+00
-4.082401957E+00-3.938462619E+00-3.800792354E+00-3.669297999E+00-3.543390428E+00
-3.422342494E+00-3.305411200E+00-3.191880908E+00-3.081074580E+00-2.972350483E+00
-2.865091765E+00-2.758691707E+00-2.652534735E+00-2.545971424E+00-2.438282010E+00
-2.328618566E+00-2.215916667E+00-2.099749744E+00-1.992255438E+00-1.892380781E+00
-1.800260533E+00-1.716420121E+00-1.638571152E+00-1.567485965E+00-1.504225452E+00
-1.446863714E+00-1.396588230E+00-1.354955181E+00-1.320533216E+00-1.295256761E+00
-1.277519687E+00-1.254632832E+00-1.227636703E+00-1.197303884E+00-1.164183052E+00
-1.128680415E+00-1.091109712E+00-1.051721250E+00-1.010719699E+00-9.682758536E-01
-9.245348736E-01-8.796223466E-01-8.336488753E-01-7.867136418E-01-7.389072149E-01
-6.903137904E-01-6.410130104E-01-5.910814358E-01-5.405937658E-01-4.896238292E-01
-4.382454104E-01-3.865329080E-01-3.345618774E-01-2.824094378E-01-2.301545821E-01
-1.778783645E-01-1.256639886E-01-7.359678990E-02-2.176411302E-02 2.974491873E-02
 8.083973689E-02 1.314287650E-01 1.814199524E-01 2.307214010E-01 2.792420700E-01
 3.268925534E-01 3.735858979E-01 4.192384678E-01 4.637708053E-01 5.071084883E-01
 5.491829489E-01 5.899322267E-01 6.293016393E-01 6.672443637E-01 7.037218685E-01
 7.387042469E-01 7.721703682E-01 8.041079200E-01 8.345132711E-01 8.633912155E-01
 8.907545827E-01 9.166237226E-01 9.410259009E-01 9.639946206E-01 9.855688745E-01
 1.005792373E+00 1.024712758E+00 1.042380812E+00-2.247746331E+00-2.337634857E+00
-2.430897489E+00-2.527713254E+00-2.628242594E+00-2.732607875E+00-2.840869866E+00
-2.953007095E+00-3.068908725E+00-3.188389492E+00-3.311223302E+00-3.437182300E+00
-3.566119471E+00-3.694783482E+00-3.806939449E+00-3.906792138E+00-3.992766594E+00
-4.062353027E+00-4.119718497E+00-4.189462466E+00-4.278602414E+00-4.389360512E+00
-4.526131289E+00-4.674666367E+00-4.798108601E+00-4.901317725E+00-4.986813157E+00
-5.056028673E+00-5.109764761E+00-5.148358682E+00-5.171762458E+00-5.179629741E+00
-5.171457675E+00-5.146649675E+00-5.104392462E+00-5.043495640E+00-4.962278181E+00
-4.858432382E+00-4.728760817E+00-4.568556617E+00-4.369967557E+00-4.174810987E+00
-4.000971776E+00-3.842608388E+00-3.696124634E+00-3.558991194E+00-3.429294962E+00
-3.305524498E+00-3.186444238E+00-3.071010682E+00-2.958311787E+00-2.847519953E+00
-2.737852750E+00-2.628537611E+00-2.518777882E+00-2.407719729E+00-2.294423067E+00
-2.177846860E+00-2.058134749E+00-1.946818801E+00-1.844170980E+00-1.750075021E+00
-1.664470857E+00-1.585941142E+00-1.514883176E+00-1.451758806E+00-1.395611350E+00
-1.347334598E+00-1.307924740E+00-1.276944042E+00-1.255861571E+00-1.242036091E+00
-1.223336428E+00-1.200159851E+00-1.173226616E+00-1.143137125E+00-1.110377607E+00
-1.075338153E+00-1.038332357E+00-9.996145116E-01-9.593934107E-01-9.178430538E-01
-8.751108587E-01-8.313239219E-01-7.865938541E-01-7.410204864E-01-6.946947983E-01
-6.477011931E-01-6.001193146E-01-5.520254992E-01-5.034939305E-01-4.545975731E-01
-4.054089016E-01-3.560004930E-01-3.064454613E-01-2.568177769E-01-2.071924778E-01
-1.576457730E-01-1.082550535E-01-5.909880224E-02-1.025641922E-02 3.819203953E-02
 8.616620615E-02 1.335858185E-01 1.803712067E-01 2.264438381E-01 2.717269069E-01
 3.161459654E-01 3.596295662E-01 4.021099203E-01 4.435235228E-01 4.838117752E-01
 5.229215455E-01 5.608056579E-01 5.974233331E-01 6.327405160E-01 6.667301190E-01
 6.993721509E-01 7.306537509E-01 7.605691117E-01 7.891192952E-01 8.163119535E-01
 8.421609683E-01 8.666860113E-01 8.899120443E-01 9.118687704E-01 9.325900512E-01
 9.521133157E-01 9.704789498E-01-2.200643510E+00-2.286984833E+00-2.376226763E+00
-2.468464789E+00-2.563773165E+00-2.662195026E+00-2.763733044E+00-2.868342652E+00
-2.975930608E+00-3.086359759E+00-3.199458793E+00-3.315033628E+00-3.432876462E+00
-3.552771106E+00-3.674731549E+00-3.791529819E+00-3.894387344E+00-3.979064285E+00
-4.051725351E+00-4.136307344E+00-4.240790439E+00-4.368485243E+00-4.524289664E+00
-4.691771867E+00-4.830888966E+00-4.946102242E+00-5.040717459E+00-5.116945666E+00
-5.176141329E+00-5.219001946E+00-5.245702417E+00-5.256021182E+00-5.249496407E+00
-5.225489788E+00-5.183059790E+00-5.120778818E+00-5.036569719E+00-4.927498771E+00
-4.789469235E+00-4.616844255E+00-4.402250588E+00-4.191500905E+00-4.005585691E+00
-3.838572609E+00-3.685958037E+00-3.544430012E+00-3.411532382E+00-3.285395347E+00
-3.164547540E+00-3.047788161E+00-2.934098123E+00-2.822575557E+00-2.712385558E+00
-2.602717891E+00-2.492748462E+00-2.381603092E+00-2.268326428E+00-2.151865475E+00
-2.032331266E+00-1.921312929E+00-1.819006748E+00-1.725317492E+00-1.640214895E+00
-1.562220662E+00-1.491756231E+00-1.429316659E+00-1.373883883E+00-1.326376928E+00
-1.287827487E+00-1.257735629E+00-1.237597206E+00-1.224813971E+00-1.207192510E+00
-1.185157085E+00-1.159428703E+00-1.130608090E+00-1.099181603E+00-1.065539359E+00
-1.029994948E+00-9.928025999E-01-9.541709747E-01-9.142738251E-01-8.732581752E-01
-8.312505464E-01-7.883617451E-01-7.446905442E-01-7.003265653E-01-6.553525157E-01
-6.098459643E-01-5.638807535E-01-5.175281176E-01-4.708575684E-01-4.239376061E-01
-3.768362561E-01-3.296214915E-01-2.823615239E-01-2.351250065E-01-1.879811352E-01
-1.409996583E-01-9.425082112E-02-4.780522411E-02-1.733616681E-03 4.389337492E-02
 8.900557647E-02 1.335336461E-01 1.774094973E-01 2.205667563E-01 2.629412432E-01
 3.044714633E-01 3.450991067E-01 3.847695261E-01 4.234321974E-01 4.610411482E-01
 4.975553320E-01 5.329389495E-01 5.671617063E-01 6.001989993E-01 6.320320152E-01
 6.626477752E-01 6.920390768E-01 7.202043640E-01 7.471475452E-01 7.728777102E-01
 7.974088260E-01 8.207593592E-01 8.429518685E-01 8.640125617E-01 8.839708512E-01
 9.028588858E-01
 1.698174490E+00 1.697626350E+00 1.706248710E+00 1.718501940E+00 1.728360570E+00
 1.737571730E+00 1.746883110E+00 1.756994920E+00 1.766394350E+00 1.776589750E+00
 1.786412590E+00 1.796567160E+00 1.806976100E+00 1.816989130E+00 1.827555970E+00
 1.837881200E+00 1.848304960E+00 1.859052780E+00 1.869636990E+00 1.880299630E+00
 1.891352430E+00 1.902150550E+00 1.913233800E+00 1.924527460E+00 1.935739000E+00
 1.947100620E+00 1.958625390E+00 1.970321340E+00 1.982022240E+00 1.993905260E+00
 2.005987880E+00 2.018133370E+00 2.030381290E+00 2.042871770E+00 2.055501150E+00
 2.068228330E+00 2.081090210E+00 2.094211200E+00 2.107468860E+00 2.120838390E+00
 2.134384300E+00 2.148186430E+00 2.162165250E+00 2.176270720E+00 2.190591130E+00
 2.205148240E+00 2.219916510E+00 2.234851140E+00 2.249999420E+00 2.265401350E+00
 2.281062050E+00 2.296909160E+00 2.313002720E+00 2.329370640E+00 2.346012640E+00
 2.362889400E+00 2.380029450E+00 2.397459040E+00 2.415215980E+00 2.433253860E+00
 2.451570130E+00 2.470229320E+00 2.489223770E+00 2.508566090E+00 2.528225990E+00
 2.548253860E+00 2.568674430E+00 2.589485500E+00 2.610680170E+00 2.632277940E+00
 2.654311160E+00 2.676803710E+00 2.699746510E+00 2.723160270E+00 2.747049820E+00
 2.771488200E+00 2.796439510E+00 2.821935340E+00 2.848018760E+00 2.874678620E+00
 2.901981710E+00 2.929914740E+00 2.958545720E+00 2.987859000E+00 3.017914260E+00
 3.048746020E+00 3.080360590E+00 3.112853860E+00 3.146166350E+00 3.180457550E+00
 3.215699150E+00 3.251988180E+00 3.289312310E+00 3.327776130E+00 3.367473830E+00
 3.408394810E+00 3.450667850E+00 3.494308640E+00 3.539568570E+00 3.586340090E+00
 3.634851320E+00 3.685163230E+00 3.737569720E+00 3.791965580E+00 3.848663690E+00
 3.907823390E+00 3.969751540E+00 4.034359850E+00 4.102323880E+00 4.173772540E+00
 4.249144990E+00 4.328780400E+00 4.413802640E+00 4.504315780E+00 4.601610720E+00
 4.706858200E+00 4.820936790E+00 4.946151120E+00 5.084532120E+00 5.238969640E+00
 5.414796130E+00 5.616557670E+00 5.852932270E+00 6.134963570E+00 6.478129770E+00
 6.908961040E+00 7.491757890E+00 8.437058240E+00 1.432067710E+01
   90    6
 2.670416212E+00 0.000000000E+00 2.674998024E+00 2.352941176E-01 2.688578635E+00
 4.705882353E-01 2.704148659E+00 6.470588235E-01 2.726470588E+00 8.390175976E-01
 2.757720588E+00 1.058384532E+00 2.787666141E+00 1.235294118E+00 2.820220588E+00
 1.405485002E+00 2.851470588E+00 1.550071984E+00 2.889197882E+00 1.705882353E+00
 2.937538282E+00 1.882352941E+00 2.976470588E+00 2.011549518E+00 3.030820871E+00
 2.176470588E+00 3.071782376E+00 2.294117647E+00 3.132720588E+00 2.462387976E+00
 3.183326635E+00 2.595908259E+00 3.202682659E+00 2.641992212E+00 3.320220588E+00
 2.594792682E+00 3.413970588E+00 2.556641012E+00 3.507720588E+00 2.516399200E+00
 3.609647388E+00 2.470588235E+00 3.726470588E+00 2.414453082E+00 3.820220588E+00
 2.364687365E+00 3.913970588E+00 2.310154158E+00 4.007720588E+00 2.250661372E+00
 4.101470588E+00 2.185847141E+00 4.191732588E+00 2.117647059E+00 4.265410353E+00
 2.058823529E+00 4.351470588E+00 1.985314129E+00 4.445220588E+00 1.899253169E+00
 4.521807788E+00 1.823529412E+00 4.601470588E+00 1.740001760E+00 4.683524094E+00
 1.647058824E+00 4.757720588E+00 1.556626369E+00 4.822362565E+00 1.470588235E+00
 4.901826306E+00 1.352941176E+00 4.972163106E+00 1.235294118E+00 5.034893624E+00
 1.117647059E+00 5.091273176E+00 1.000000000E+00 5.142110259E+00 8.823529412E-01
 5.195220588E+00 7.446953576E-01 5.248562706E+00 5.882352941E-01 5.288970588E+00
 4.475184376E-01 5.323503976E+00 2.941176471E-01 5.349291953E+00 5.882352941E-02
 5.340931929E+00-1.764705882E-01 5.311813341E+00-3.529411765E-01 5.266752047E+00
-5.294117647E-01 5.226470588E+00-6.565703953E-01 5.165601553E+00-8.235294118E-01
 5.117187506E+00-9.411764706E-01 5.063515765E+00-1.058823529E+00 5.003955600E+00
-1.176470588E+00 4.937522400E+00-1.294117647E+00 4.862848612E+00-1.411764706E+00
 4.788970588E+00-1.515342595E+00 4.726470588E+00-1.595827835E+00 4.632720588E+00
-1.705735315E+00 4.570220588E+00-1.774839080E+00 4.476470588E+00-1.870749802E+00
 4.402823741E+00-1.941176471E+00 4.320220588E+00-2.016342868E+00 4.226470588E+00
-2.095356054E+00 4.132720588E+00-2.168105235E+00 4.039348824E+00-2.235294118E+00
 3.950092682E+00-2.294117647E+00 3.852782965E+00-2.352941176E+00 3.757720588E+00
-2.405084071E+00 3.663970588E+00-2.452439176E+00 3.570220588E+00-2.495995459E+00
 3.476470588E+00-2.535722800E+00 3.351470588E+00-2.584944824E+00 3.257720588E+00
-2.621822494E+00 3.198122447E+00-2.649333953E+00 3.133813318E+00-2.470588235E+00
 3.090610165E+00-2.352941176E+00 3.038970588E+00-2.206388864E+00 2.991153976E+00
-2.058823529E+00 2.945220588E+00-1.908746344E+00 2.905242565E+00-1.764705882E+00
 2.860967906E+00-1.588235294E+00 2.821925718E+00-1.411764706E+00 2.788970588E+00
-1.241948447E+00 2.757720588E+00-1.058948755E+00 2.731842753E+00-8.823529412E-01
 2.710282400E+00-7.058823529E-01 2.693251506E+00-5.294117647E-01 2.677633176E+00
-2.941176471E-01 2.670716894E+00-5.882352941E-02 2.670416212E+00 0.000000000E+00
 5.380000000E+00 2.710000000E+00 2.620000000E+00 2.710000000E+00 2.620000000E+00
-2.710000000E+00 5.380000000E+00-2.710000000E+00 5.380000000E+00 2.710000000E+00
 5.380000000E+00 2.710000000E+00
    0 7.000000000E+00    0
