&INSTATE
  DENSITY_MODEL = 1 
  MODEL_SHAPE = 2 
  NBDRY = 61 
  USE_INPED = 0 
  R0 = 4.0 
  A0 = 1.33 
  KAPPA = 2.0 
  DELTA = 0.6 
  B0 = 7.0 
  IP = 8.1 
  N_ION = 2 
  Z_ION = 1 1 
  A_ION = 2 3 
  F_ION = 0.5 0.5 
  N_IMP = 3 
  Z_IMP = 2 4 18 
  A_IMP = 4 9 40 
  F_IMP = 0.0 0.02 0.0005 
  N_MIN = 0 
  Z_MIN = 1 
  A_MIN = 1 
  N_BEAM = 1 
  Z_BEAM = 1 
  A_BEAM = 2 
  N_FUSION = 1 
  Z_FUSION = 2 
  A_FUSION = 4 
  NRHO = 101 
  NE_AXIS = 26.24 
  NE_PED = 14.56 
  NE_SEP = 7.28 
  NE_ALPHA = 1.5 
  NE_BETA = 1.1 
  NE_FIT = 1 
  NE_XMID = 0.952724 
  NE_XWID = 0.094552 
  TE_AXIS = 16.87664833148893 
  TE_PED = 3.274687 
  TE_SEP = 0.075 
  TE_ALPHA = 1.5 
  TE_BETA = 1.5 
  TE_FIT = 1 
  TE_XMID = 0.952724 
  TE_XWID = 0.094552 
  TI_AXIS = 14.672826225059778 
  TI_PED = 3.274687 
  TI_SEP = 0.075 
  TI_ALPHA = 1.5 
  TI_BETA = 1.5 
  TI_FIT = 1 
  TI_XMID = 0.952724 
  TI_XWID = 0.094552 
  ZEFF_AXIS = 1.7 
  OMEGA_AXIS = 5000.0 
  OMEGA_SEP = 0.0 
  OMEGA_ALPHA = 1.5 
  OMEGA_BETA = 1.5 
  JPAR_AXIS = 1.0 
  JPAR_SEP = 0.05 
  JPAR_ALPHA = 2.0 
  JPAR_BETA = 1.0 
  NBEAM_AXIS = 0.0 
  NBEAM_SEP = 0.0 
  NBEAM_ALPHA = 1.5 
  NBEAM_BETA = 1.5 
  TBEAMI = 20.0 20.0 20.0 20.0 20.0 20.0 20.0 20.0 20.0 20.0 20.0 20.0  
    20.0 20.0 20.0 20.0 20.0 20.0 20.0 20.0 20.0 20.0 20.0 20.0 20.0  
    20.0 20.0 20.0 20.0 20.0 20.0 20.0 20.0 20.0 20.0 20.0 20.0 20.0  
    20.0 20.0 20.0 20.0 20.0 20.0 20.0 20.0 20.0 20.0 20.0 20.0 20.0  
    20.0 20.0 20.0 20.0 20.0 20.0 20.0 20.0 20.0 20.0 20.0 20.0 20.0  
    20.0 20.0 20.0 20.0 20.0 20.0 20.0 20.0 20.0 20.0 20.0 20.0 20.0  
    20.0 20.0 20.0 20.0 20.0 20.0 20.0 20.0 20.0 20.0 20.0 20.0 20.0  
    20.0 20.0 20.0 20.0 20.0 20.0 20.0 20.0 20.0 20.0 20.0 
  BETAN_PED = -1.0 
  XMID = -1.0 
  XWID = -1.0 
  PRESSURE_MODEL = 'full' 
  H98_TARGET = 1.3 
  BETAN_TARGET = 2.6862572565902054 
  BETAN_BEAM_TARGET = 0.0 
  CURRENT_MODEL = 'broad' 
  RHO_JBDRY = 0.85 
  RHO_JPEAK = 0.65 
  JAXIS = 0.6 
  JAXIS_PRIME = 1.0 
  JBDRY_PRIME = -1.0 
  NE = 26.29700715 26.259569 26.21921796 26.17599177 26.12992816  
    26.08106485 26.02943957 25.97509004 25.91805399 25.85836915  
    25.79607324 25.73120399 25.66379913 25.59389638 25.52153347  
    25.44674812 25.36957806 25.29006102 25.20823473 25.1241369  
    25.03780527 24.94927756 24.85859151 24.76578482 24.67089524  
    24.57396049 24.47501829 24.37410637 24.27126245 24.16652427  
    24.05992955 23.95151602 23.84132139 23.72938341 23.61573979  
    23.50042826 23.38348655 23.26495238 23.14486348 23.02325758  
    22.90017239 22.775645659999995 22.6497151 22.52241845 22.39379342  
    22.26387774 22.13270914 22.00032534 21.86676407 21.73206306  
    21.59626002 21.45939267 21.32149875 21.18261595 21.04278199  
    20.90203457 20.76041139 20.6179501 20.47468835 20.33066373  
    20.1859138 20.04047597 19.89438756 19.74768564 19.60040699  
    19.4525879 19.30426396 19.15546969 19.00623803 18.856599559999996  
    18.70658132 18.55620507 18.40548469 18.2544223 18.10300248  
    17.9511836 17.79888504 17.64596797 17.49220697 17.33724783  
    17.18054504 17.02126972 16.858174579999996 16.68939767 16.51218108  
    16.32247618 16.11440843 15.87959384 15.60635717 15.27904067  
    14.87786104 14.38018836 13.76451827 13.01819378 12.148060709999989  
    11.18933425999999 10.20477403 9.269579145 8.448151539 7.776638048  
    7.260124812 
  TE = 16.87664833 16.81835183 16.75474676 16.68594575 16.6120614  
    16.53320634 16.44949316 16.36103449 16.26794294 16.17033112  
    16.06831165 15.96199713 15.85150018 15.73693342 15.61840945  
    15.49604088 15.36994035 15.24022044 15.10699378 14.97037299  
    14.83047066 14.68739943 14.54127189 14.39220066 14.24029836  
    14.0856776 13.92845099 13.76873115 13.60663068 13.4422622  
    13.27573832 13.10717166 12.93667483 12.76436044 12.59034111  
    12.414729439999999 12.23763806 12.05917956 11.87946658 11.69861171  
    11.51672758 11.33392679 11.15032196 10.9660257 10.78115063  
    10.59580935 10.41011448 10.224178639999998 10.03811443 9.852034473  
    9.666051376 9.480277753 9.294826217 9.109809381 8.925339856  
    8.741530256 8.55849319 8.376341267999997 8.1951871 8.015143291  
    7.836322441 7.658837146 7.482799989 7.308323536 7.135520326  
    6.964502855 6.795383551 6.628274731 6.463288542 6.300536858999998  
    6.140131124999998 5.9821821 5.826799467 5.674091195 5.524162551  
    5.377114518 5.233041298 5.092026367 4.954136213 4.819410444  
    4.68784612 4.559373009 4.433814515999999 4.310826240999998  
    4.189799801 4.069713701 3.948905662 3.824734384 3.693100866  
    3.547830973 3.380028039 3.17776638 2.926978929 2.614913177  
    2.237166952999995 1.806424312999995 1.356001739 0.9308756968  
    0.5693386136 0.2892900635 0.08807942995 
  TI = 14.67282623 14.62429485 14.57135101 14.51408828 14.45260025  
    14.3869805 14.31732261 14.24372017 14.16626676 14.08505597  
    14.00018137 13.91173655 13.8198151 13.7245106 13.62591662  
    13.52412676 13.4192346 13.31133372 13.2005177 13.08688013  
    12.9705146 12.85151467 12.72997395 12.605986 12.47964442  
    12.35104279 12.22027469 12.0874337 11.95261341 11.8159074  
    11.67740926 11.53721257 11.3954109 11.25209785 11.107367  
    10.96131193 10.81402623 10.66560347 10.51613724 10.36572113  
    10.21444872 10.06241359 9.909709322 9.756429504 9.602667717  
    9.448517545 9.294072572 9.139426378999998 8.984672552 8.829904672  
    8.675216324 8.52070109 8.366452553 8.212564296 8.059129901  
    7.906242949 7.753997022 7.602485697999998 7.451802553 7.30204116  
    7.153295086 7.005657886 6.859223103 6.714084254 6.570334818  
    6.428068218 6.287377782 6.148356694 6.011097914 5.875694043999999  
    5.742237130999999 5.610818348 5.481527503 5.354452258 5.229676915  
    5.107280504 4.987333794 4.869894596 4.755000398 4.642656828  
    4.532819562 4.425366024 4.320051175999999 4.216438754999999  
    4.113794963 4.010925942 3.905933827 3.79586208 3.676208365  
    3.540325348 3.378853301 3.17960345 2.928766172 2.614698143  
    2.234909432999995 1.803911500999995 1.35535744 0.9326420559  
    0.571947849 0.2902394252 0.08538351654 
  OMEGA = 5000.0 4992.501875 4978.801804 4961.079526 4940.12016  
    4916.382264 4890.178959 4861.74318 4831.258024 4798.873089  
    4764.714177 4728.889466 4691.493659 4652.610886 4612.316799  
    4570.680145 4527.763951 4483.626454 4438.321832 4391.900796  
    4344.411068 4295.897774 4246.403778 4195.969955 4144.635428  
    4092.437767 4039.413164 3985.596584 3931.021896 3875.721988  
    3819.72887 3763.073767 3705.787199 3647.899055 3589.43866  
    3530.4348369999993 3470.91596 3410.910006 3350.444605 3289.54708  
    3228.244492 3166.5636739999995 3104.531273 3042.173783 2979.517575  
    2916.588934 2853.414088 2790.0192379999994 2726.430588 2662.674375  
    2598.776897 2534.764544 2470.663824 2406.501396 2342.304099  
    2278.098979 2213.913327 2149.7747069999996 2085.710992 2021.750397  
    1957.921519 1894.253376 1830.775447 1767.517715 1704.510722  
    1641.785608 1579.374179 1517.308956 1455.623246 1394.3512129999992  
    1333.5279519999992 1273.18958 1213.373329 1154.117653 1095.462349  
    1037.448686 980.1195629 923.5196753 867.6957162 812.6966008  
    758.5737302 705.3812976 653.1766491999995 602.0207127999994  
    551.9785103 503.1197796 455.5197357 409.2600162 364.4298727  
    321.1276991 279.4630303 239.55922 201.557126 165.620359  
    131.94307479999964 100.76217029999968 72.37775876 47.19105135  
    25.78549737 9.151104569 0.0 
  ZEFF = 1.5061236636234019 1.5054172229860563 1.5046479847073042  
    1.5038171097840325 1.5029257665492728 1.5019751343942358  
    1.50096640636616 1.4999007932777182 1.4987795266291588  
    1.497603862605933 1.4963750847210853 1.495094508300625  
    1.4937634830181932 1.4923833971486065 1.4909556807353759  
    1.4894818085702874 1.4879633042841043 1.4864017431993424  
    1.4847987550968824 1.4831560279459162 1.4814753100447222  
    1.4797584129259926 1.4780072137193463 1.4762236571644343  
    1.4744097571720023 1.4725675988038096 1.4706993386536067  
    1.468807205417496 1.4668935005810828 1.4649605972906086  
    1.4630109392534467 1.4610470392958457 1.4590714768274116  
    1.4570868944453392 1.455095994203248 1.4531015324832905  
    1.4511063147204173 1.4491131884647925 1.447125035950741  
    1.4451447660098664 1.4431753042725768 1.4412195836321045  
    1.439280532239175 1.4373610624556732 1.4354640578109292  
    1.4335923597098887 1.431748753551349 1.4299359544232804  
    1.428156592372399 1.4264131976471124 1.4247081858338528  
    1.4230438432723844 1.421422312917734 1.4198455806119175  
    1.4183154623998768 1.4168335927413407 1.4154014139567923  
    1.4140201671223265 1.4126908845622443 1.4114143841013942  
    1.4101912651817707 1.4090219069695653 1.4079064685384939  
    1.4068448911067466 1.4058369023687154 1.404882022782687  
    1.403979573805552 1.4031286878833058 1.4023283200025873  
    1.4015772605894739 1.4008741494670853 1.4002174905402844  
    1.3996056668275956 1.3990369554159827 1.3985095417562325  
    1.398021532691363 1.3975709673734027 1.39715582502819  
    1.3967740281852938 1.396423439485522 1.3961018495591697  
    1.3958069526370565 1.395536305614338 1.3952872656921362  
    1.39505690243702 1.3948418847696957 1.3946383581465727  
    1.3944418641304452 1.3942474345800862 1.3940501384597987  
    1.393846546817655 1.3936375884538867 1.3934324194346623  
    1.3932503305304187 1.3931147536768054 1.3930375729431053  
    1.393007602332316 1.3930007579972776 1.393000023983939  
    1.3930000000728198 1.393 
  J_OH = 0.0 0.0 0.0 0.0 0.0 0.0 0.0 0.0 0.0 0.0 0.0 0.0 0.0 0.0 0.0  
    0.0 0.0 0.0 0.0 0.0 0.0 0.0 0.0 0.0 0.0 0.0 0.0 0.0 0.0 0.0 0.0 0.0  
    0.0 0.0 0.0 0.0 0.0 0.0 0.0 0.0 0.0 0.0 0.0 0.0 0.0 0.0 0.0 0.0 0.0  
    0.0 0.0 0.0 0.0 0.0 0.0 0.0 0.0 0.0 0.0 0.0 0.0 0.0 0.0 0.0 0.0 0.0  
    0.0 0.0 0.0 0.0 0.0 0.0 0.0 0.0 0.0 0.0 0.0 0.0 0.0 0.0 0.0 0.0 0.0  
    0.0 0.0 0.0 0.0 0.0 0.0 0.0 0.0 0.0 0.0 0.0 0.0 0.0 0.0 0.0 0.0 0.0  
    0.0 
  J_BS = 0.4117612992027546 0.6176419488041319 0.8926711092375132  
    0.9903511856271083 1.0306005210267273 1.0461782657743437  
    1.049934989935441 1.0476362209845642 1.0421403739896142  
    1.035000070977293 1.0271292030063317 1.0191039651910054  
    1.011285846112386 1.0038343108094456 0.9966925812398266  
    0.9896819479212388 0.9826786661680148 0.9756594992116766  
    0.9686257856306097 0.9615657273910894 0.9544542029182075  
    0.947261043086804 0.9399653658993802 0.9325532020337115  
    0.9250100842513739 0.9173240064266892 0.9094848047772537  
    0.9014823796146296 0.8933116782960813 0.8849718567444762  
    0.8764583164646997 0.8677662506559787 0.858896528565898  
    0.849850871600883 0.8406296436624727 0.8312344264315317  
    0.8216693562086009 0.8119403653561523 0.8020535242988005  
    0.7920150764618459 0.7818316633884197 0.771510407282742  
    0.7610588720541758 0.7504843397189633 0.7397943755443384  
    0.7289965414228081 0.7180980934619361 0.7071068181299232  
    0.6960300548942074 0.6848748873037553 0.6736486522195152  
    0.662358153432721 0.6510101156683156 0.6396112422582538  
    0.6281681931133271 0.6166873884629708 0.6051745209223706  
    0.5936353102268075 0.5820754523358358 0.5705003896650634  
    0.5589162082775756 0.5473292189594364 0.5357446697490456  
    0.5241646874479403 0.512587602842536 0.5010207624058246  
    0.4895082027626331 0.4781412525560854 0.46702410762877045  
    0.45624177271122074 0.44585869102016007 0.4359153063563451  
    0.42643450886392603 0.41743412173978794 0.40892842199504165  
    0.4009342165630163 0.39348060224739523 0.3866186554655281  
    0.38043644715880587 0.3750813043411079 0.3707933536329341  
    0.36795327910642794 0.3671564077605736 0.3693338634718115  
    0.3759169542090307 0.38902021674311327 0.41163243330383104  
    0.4478493836870914 0.5029076967141066 0.582355811821388  
    0.6896480007523296 0.8213635087104845 0.9605420815282919  
    1.072702698953996 1.112566827295129 1.0457842060512823  
    0.8736565969649183 0.6365950562519758 0.39425833455515835  
    0.19038991709526612 0.011953944074701572 
  J_NB = 0.0 0.0 0.0 0.0 0.0 0.0 0.0 0.0 0.0 0.0 0.0 0.0 0.0 0.0 0.0  
    0.0 0.0 0.0 0.0 0.0 0.0 0.0 0.0 0.0 0.0 0.0 0.0 0.0 0.0 0.0 0.0 0.0  
    0.0 0.0 0.0 0.0 0.0 0.0 0.0 0.0 0.0 0.0 0.0 0.0 0.0 0.0 0.0 0.0 0.0  
    0.0 0.0 0.0 0.0 0.0 0.0 0.0 0.0 0.0 0.0 0.0 0.0 0.0 0.0 0.0 0.0 0.0  
    0.0 0.0 0.0 0.0 0.0 0.0 0.0 0.0 0.0 0.0 0.0 0.0 0.0 0.0 0.0 0.0 0.0  
    0.0 0.0 0.0 0.0 0.0 0.0 0.0 0.0 0.0 0.0 0.0 0.0 0.0 0.0 0.0 0.0 0.0  
    0.0 
  J_EC = 0.0 0.0 0.0 0.0 0.0 0.0 0.0 0.0 0.0 0.0 0.0 0.0 0.0 0.0 0.0  
    0.0 0.0 0.0 0.0 0.0 0.0 0.0 0.0 0.0 0.0 0.0 0.0 0.0 0.0 0.0 0.0 0.0  
    0.0 0.0 0.0 0.0 0.0 0.0 0.0 0.0 0.0 0.0 0.0 0.0 0.0 0.0 0.0 0.0 0.0  
    0.0 0.0 0.0 0.0 0.0 0.0 0.0 0.0 0.0 0.0 0.0 0.0 0.0 0.0 0.0 0.0 0.0  
    0.0 0.0 0.0 0.0 0.0 0.0 0.0 0.0 0.0 0.0 0.0 0.0 0.0 0.0 0.0 0.0 0.0  
    0.0 0.0 0.0 0.0 0.0 0.0 0.0 0.0 0.0 0.0 0.0 0.0 0.0 0.0 0.0 0.0 0.0  
    0.0 
  J_IC = 0.0 0.0 0.0 0.0 0.0 0.0 0.0 0.0 0.0 0.0 0.0 0.0 0.0 0.0 0.0  
    0.0 0.0 0.0 0.0 0.0 0.0 0.0 0.0 0.0 0.0 0.0 0.0 0.0 0.0 0.0 0.0 0.0  
    0.0 0.0 0.0 0.0 0.0 0.0 0.0 0.0 0.0 0.0 0.0 0.0 0.0 0.0 0.0 0.0 0.0  
    0.0 0.0 0.0 0.0 0.0 0.0 0.0 0.0 0.0 0.0 0.0 0.0 0.0 0.0 0.0 0.0 0.0  
    0.0 0.0 0.0 0.0 0.0 0.0 0.0 0.0 0.0 0.0 0.0 0.0 0.0 0.0 0.0 0.0 0.0  
    0.0 0.0 0.0 0.0 0.0 0.0 0.0 0.0 0.0 0.0 0.0 0.0 0.0 0.0 0.0 0.0 0.0  
    0.0 
  J_LH = 0.0 0.0 0.0 0.0 0.0 0.0 0.0 0.0 0.0 0.0 0.0 0.0 0.0 0.0 0.0  
    0.0 0.0 0.0 0.0 0.0 0.0 0.0 0.0 0.0 0.0 0.0 0.0 0.0 0.0 0.0 0.0 0.0  
    0.0 0.0 0.0 0.0 0.0 0.0 0.0 0.0 0.0 0.0 0.0 0.0 0.0 0.0 0.0 0.0 0.0  
    0.0 0.0 0.0 0.0 0.0 0.0 0.0 0.0 0.0 0.0 0.0 0.0 0.0 0.0 0.0 0.0 0.0  
    0.0 0.0 0.0 0.0 0.0 0.0 0.0 0.0 0.0 0.0 0.0 0.0 0.0 0.0 0.0 0.0 0.0  
    0.0 0.0 0.0 0.0 0.0 0.0 0.0 0.0 0.0 0.0 0.0 0.0 0.0 0.0 0.0 0.0 0.0  
    0.0 
  PE_NB = 0.0 0.0 0.0 0.0 0.0 0.0 0.0 0.0 0.0 0.0 0.0 0.0 0.0 0.0 0.0  
    0.0 0.0 0.0 0.0 0.0 0.0 0.0 0.0 0.0 0.0 0.0 0.0 0.0 0.0 0.0 0.0 0.0  
    0.0 0.0 0.0 0.0 0.0 0.0 0.0 0.0 0.0 0.0 0.0 0.0 0.0 0.0 0.0 0.0 0.0  
    0.0 0.0 0.0 0.0 0.0 0.0 0.0 0.0 0.0 0.0 0.0 0.0 0.0 0.0 0.0 0.0 0.0  
    0.0 0.0 0.0 0.0 0.0 0.0 0.0 0.0 0.0 0.0 0.0 0.0 0.0 0.0 0.0 0.0 0.0  
    0.0 0.0 0.0 0.0 0.0 0.0 0.0 0.0 0.0 0.0 0.0 0.0 0.0 0.0 0.0 0.0 0.0  
    0.0 
  PE_EC = 0.0 0.0 0.0 0.0 0.0 0.0 0.0 0.0 0.0 0.0 0.0 0.0 0.0 0.0 0.0  
    0.0 0.0 0.0 0.0 0.0 0.0 0.0 0.0 0.0 0.0 0.0 0.0 0.0 0.0 0.0 0.0 0.0  
    0.0 0.0 0.0 0.0 0.0 0.0 0.0 0.0 0.0 0.0 0.0 0.0 0.0 0.0 0.0 0.0 0.0  
    0.0 0.0 0.0 0.0 0.0 0.0 0.0 0.0 0.0 0.0 0.0 0.0 0.0 0.0 0.0 0.0 0.0  
    0.0 0.0 0.0 0.0 0.0 0.0 0.0 0.0 0.0 0.0 0.0 0.0 0.0 0.0 0.0 0.0 0.0  
    0.0 0.0 0.0 0.0 0.0 0.0 0.0 0.0 0.0 0.0 0.0 0.0 0.0 0.0 0.0 0.0 0.0  
    0.0 
  PE_IC = 0.591498613357544 0.5911700942805385 0.5901856314036865  
    0.5885485017159237 0.5862641466674562 0.5833401420373678  
    0.57978615607585 0.5756138962447155 0.5708370449667841  
    0.5654711848775824 0.5595337141507905 0.5530437525412438  
    0.5460220388553773 0.5384908206181963 0.5304737367576362  
    0.5219956941711158 0.513082739074839 0.5037619240637304  
    0.49406117182862996 0.4840091364874868 0.4736350634888129  
    0.4629686490387217 0.45203989998771665 0.44087899509031625  
    0.4295161485200039 0.41798147648433553 0.4063048677408623  
    0.3945158587644244 0.3826435142609831 0.3707163136631692  
    0.35876204417885904 0.3468077008970669 0.3348793943860419  
    0.32300226614740396 0.31120041221822703 0.29949681514088844  
    0.28791328444897957 0.27647040574729065 0.2651874983954868  
    0.25408258173918197 0.2431723497692451 0.23247215403083618  
    0.22199599454829894 0.21175651848102253 0.20176502617902456  
    0.19203148426556912 0.18256454533778638 0.17337157384513915  
    0.16445867767973912 0.15583074499195432 0.1474914857294115  
    0.13944347738727467 0.13168821445240672 0.12422616102349798  
    0.11705680609321992 0.11017872098665679 0.10358961846237026  
    0.0972864129981227 0.09126528180217228 0.08552172611278548  
    0.08005063237280688 0.07484633289240837 0.06990266564111919  
    0.06521303283954381 0.06077045805143614 0.0565676415076651  
    0.052597013424736966 0.048850785111618916 0.04532099768934029  
    0.04199956827795719 0.03887833353470944 0.035949090455355555  
    0.03320363437754469 0.03063379415051576 0.02823146445925904  
    0.02598863531342794 0.02389741873166165 0.02195007267051672  
    0.02013902226386925 0.018456878453430692 0.016896454103925367  
    0.015450777707536705 0.014113104791486612 0.012876927150129103  
    0.011735980028790683 0.010684247390859339 0.009715965402410298  
    0.008825624270058187 0.008007968567853987 0.007257996188011185  
    0.0065709560481640745 0.005942344684847517 0.005367901859055836  
    0.004843605295201779 0.0043656646696637845 0.003930514959486772  
    0.0035348092557889476 0.0031754111401190803 0.002849386715494833  
    0.002553996377214697 0.0022866864018491685 
  PE_LH = 0.0 0.0 0.0 0.0 0.0 0.0 0.0 0.0 0.0 0.0 0.0 0.0 0.0 0.0 0.0  
    0.0 0.0 0.0 0.0 0.0 0.0 0.0 0.0 0.0 0.0 0.0 0.0 0.0 0.0 0.0 0.0 0.0  
    0.0 0.0 0.0 0.0 0.0 0.0 0.0 0.0 0.0 0.0 0.0 0.0 0.0 0.0 0.0 0.0 0.0  
    0.0 0.0 0.0 0.0 0.0 0.0 0.0 0.0 0.0 0.0 0.0 0.0 0.0 0.0 0.0 0.0 0.0  
    0.0 0.0 0.0 0.0 0.0 0.0 0.0 0.0 0.0 0.0 0.0 0.0 0.0 0.0 0.0 0.0 0.0  
    0.0 0.0 0.0 0.0 0.0 0.0 0.0 0.0 0.0 0.0 0.0 0.0 0.0 0.0 0.0 0.0 0.0  
    0.0 
  PE_FUS = 1.1682873629960941 1.160821404604902 1.1527126521324411  
    1.143971864896788 1.1346098888473752 1.124637694003162  
    1.1140664211893638 1.10290742327481 1.0911723090080583  
    1.078872987979173 1.0660217100258644 1.0526311159061912  
    1.0387142771328481 1.0242847377612767 1.0093565589582532  
    0.9939443637821166 0.9780633732126378 0.9617294489324378  
    0.9449591293500992 0.9277696664173949 0.9101790616664557  
    0.8922060886053287 0.8738703341963896 0.8551922053572527  
    0.8361929657606981 0.8168947384147854 0.7973205194753102  
    0.7774941824363332 0.7574404758700102 0.7371850125022626  
    0.7167542524447177 0.6961754768280588 0.6754767523245537  
    0.6546868956978031 0.6338354104734092 0.6129524299127493  
    0.592068643208814 0.5712152084735345 0.5504236629418866  
    0.5297258161842827 0.5091536318451602 0.48873910679755467  
    0.46851413273717185 0.44851035647047555 0.42875902487036327  
    0.40929083066258143 0.39013574829667236 0.3713228673272262  
    0.35288022616149023 0.3348346426929185 0.3172115496024801  
    0.30003483371666057 0.2833266828218652 0.26710743915621415  
    0.2513954685467666 0.23620704003060466 0.2215562235630567  
    0.20745480356458518 0.19391221503795714 0.18093549836676254  
    0.16852927810169052 0.15669576208542144 0.14543476768248492  
    0.13474376694492252 0.12461795708422649 0.11505035063887194  
    0.10603188573362964 0.0975515539597229 0.08959654368641015  
    0.08215239511754367 0.07520316468335457 0.06873159438190513  
    0.0627192823251667 0.05714684895217433 0.051994093986178526  
    0.047240136555385864 0.04286353170735048 0.0388423508760537  
    0.035154214956447494 0.03177626157704728 0.028685023526002617  
    0.025856190702100917 0.023264220842908138 0.020881767559004616  
    0.018678913913469843 0.016622271304798677 0.014674185268383362  
    0.01279270182070551 0.010933748637806535 0.009058250587817283  
    0.007148016454461804 0.005232477302141662 0.003417561045580528  
    0.0018844065170712813 0.0008129244667624238 0.0002476727003900807  
    4.62533830433961e-05 4.245191663891733e-06 1.2405348188718446e-07  
    3.49190330117581e-10 1.6468646749972078e-16 
  PE_IONIZATION = 0.0 0.0 0.0 0.0 0.0 0.0 0.0 0.0 0.0 0.0 0.0 0.0 0.0  
    0.0 0.0 0.0 0.0 0.0 0.0 0.0 0.0 0.0 0.0 0.0 0.0 0.0 0.0 0.0 0.0 0.0  
    0.0 0.0 0.0 0.0 0.0 0.0 0.0 0.0 0.0 0.0 0.0 0.0 0.0 0.0 0.0 0.0 0.0  
    0.0 0.0 0.0 0.0 0.0 0.0 0.0 0.0 0.0 0.0 0.0 0.0 0.0 0.0 0.0 0.0 0.0  
    0.0 0.0 0.0 0.0 0.0 0.0 0.0 0.0 0.0 0.0 0.0 0.0 0.0 0.0 0.0 0.0 0.0  
    0.0 0.0 0.0 0.0 0.0 0.0 0.0 0.0 0.0 0.0 0.0 0.0 0.0 0.0 0.0 0.0 0.0  
    0.0 0.0 0.0 
  P_RAD = -0.21586129597713752 -0.2147759752490943 -0.21360386537261183  
    -0.21234731898204745 -0.21100873061253003 -0.20959053363266877  
    -0.20809519677809785 -0.20652522100305656 -0.20488313608846945  
    -0.20317149735714823 -0.2013928822813845 -0.1995498874677215  
    -0.19764512552770155 -0.19568122162593782 -0.19366081055228823  
    -0.1915865335639112 -0.18946103568301823 -0.18728696198456313  
    -0.18506695527771932 -0.1828036524847067 -0.18049968232421917  
    -0.1781576621030266 -0.17578019494915534 -0.1733698664492201  
    -0.17092924310582222 -0.16846086827727316 -0.16596725999216577  
    -0.16345090847626503 -0.1609142730856851 -0.15835978035689366  
    -0.15578982079374862 -0.15320674691309183 -0.15061287034480456  
    -0.1480104604021109 -0.14540174080406784 -0.14278888815259574  
    -0.14017402991553934 -0.1375592419186805 -0.13494654731249833  
    -0.13233791413627555 -0.12973525400788383 -0.12714042099468495  
    -0.12455520968480673 -0.12198135470307948 -0.11942052918933062  
    -0.11687434443613794 -0.11434434931221815 -0.11183202967810855  
    -0.10933880833564509 -0.10686604520299021 -0.10441503718623663  
    -0.10198701909805663 -0.09958316441529581 -0.09720458554818294  
    -0.09485233573939 -0.09252740996383675 -0.09023074661644546  
    -0.08796322882894228 -0.08572568680881003 -0.08351889934257849  
    -0.08134359623727035 -0.07920045964704589 -0.07709012694438766  
    -0.07501319192799659 -0.07297020707369462 -0.0709616846151745  
    -0.06898809765432118 -0.06704988018545978 -0.0651474263113264  
    -0.06328108774430534 -0.06145116889801049 -0.05965791871751416  
    -0.05790151758761814 -0.056182056979099976 -0.05449950867166509  
    -0.052853678141795785 -0.05124413596522951 -0.049670114937648675  
    -0.04813035909126219 -0.046622900795943376 -0.04514473309730184  
    -0.043691331444430416 -0.04225595911913405 -0.0408286706671019  
    -0.0393949080958752 -0.03793358281347382 -0.03641458973433779  
    -0.034795894006598875 -0.033020815230356895 -0.031017161153489493  
    -0.028701629340649955 -0.025995045109630573 -0.02285432058216983  
    -0.019320117621423855 -0.015559673686279678 -0.011861284259386045  
    -0.008547535444409983 -0.005843428706959456 -0.0037958614430599474  
    -0.0022927260389157536 -0.0011026230186818023 
  PI_NB = 0.0 0.0 0.0 0.0 0.0 0.0 0.0 0.0 0.0 0.0 0.0 0.0 0.0 0.0 0.0  
    0.0 0.0 0.0 0.0 0.0 0.0 0.0 0.0 0.0 0.0 0.0 0.0 0.0 0.0 0.0 0.0 0.0  
    0.0 0.0 0.0 0.0 0.0 0.0 0.0 0.0 0.0 0.0 0.0 0.0 0.0 0.0 0.0 0.0 0.0  
    0.0 0.0 0.0 0.0 0.0 0.0 0.0 0.0 0.0 0.0 0.0 0.0 0.0 0.0 0.0 0.0 0.0  
    0.0 0.0 0.0 0.0 0.0 0.0 0.0 0.0 0.0 0.0 0.0 0.0 0.0 0.0 0.0 0.0 0.0  
    0.0 0.0 0.0 0.0 0.0 0.0 0.0 0.0 0.0 0.0 0.0 0.0 0.0 0.0 0.0 0.0 0.0  
    0.0 
  PI_IC = 0.15773296356201172 0.15764535847481026 0.15738283504098308  
    0.1569462671242463 0.15633710577798832 0.15555737120996477  
    0.15460964162022667 0.1534970389985908 0.15222321199114244  
    0.15079231596735532 0.1492089904402108 0.14747833401099836  
    0.1456058770281006 0.14359755216485234 0.14145966313536965  
    0.1391988517789642 0.1368220637532904 0.13433651308366146  
    0.131749645820968 0.1290691030633298 0.12630268359701677  
    0.12345830641032579 0.12054397333005777 0.11756773202408433  
    0.11453763960533438 0.11146172706248948 0.10834796473089661  
    0.10520422900384652 0.10203827046959549 0.09885768364351179  
    0.09566987844769574 0.09248205357255118 0.08930117183627785  
    0.08613393763930773 0.0829867765915272 0.07986581737090359  
    0.07677687585306121 0.07372544153261083 0.07071666623879648  
    0.06775535513044853 0.06484595993846536 0.061992574408222985  
    0.05919893187954638 0.056468404928272674 0.05380400698107322  
    0.05120839580415177 0.048683878756743036 0.046232419692037105  
    0.04385564738126377 0.04155486533118782 0.0393310628611764  
    0.037184927303273246 0.03511685718730846 0.0331269762729328  
    0.031215148291525312 0.029380992263108478 0.02762389825663207  
    0.025943043466166053 0.024337408480579276 0.022805793630076128  
    0.021346835299415168 0.019959022104642232 0.018640710837631785  
    0.017390142090545017 0.01620545548038297 0.015084704402044026  
    0.014025870246596524 0.013026876029765044 0.012085599383824077  
    0.011199884874121917 0.01036755560925585 0.009586424121428148  
    0.008854302500678585 0.00816901177347087 0.007528390522469077  
    0.00693030275024745 0.0063726449951097735 0.005853352712137792  
    0.005370405937031799 0.004921834254248184 0.004505721094380098  
    0.004120207388676455 0.0037634946110630964 0.0034338472400344275  
    0.0031295946743441824 0.0028491326375624905 0.0025909241073094127  
    0.00235349980534885 0.002135458284761063 0.001935465650136316  
    0.0017522549461770865 0.0015846252492926712 0.0014314404957482228  
    0.0012916280787204743 0.0011641772452436758 0.0010481373225298058  
    0.0009426158015437194 0.0008467763040317548 0.0007598364574652888  
    0.0006810657005905859 0.0006097830404931116 
  PI_LH = 0.0 0.0 0.0 0.0 0.0 0.0 0.0 0.0 0.0 0.0 0.0 0.0 0.0 0.0 0.0  
    0.0 0.0 0.0 0.0 0.0 0.0 0.0 0.0 0.0 0.0 0.0 0.0 0.0 0.0 0.0 0.0 0.0  
    0.0 0.0 0.0 0.0 0.0 0.0 0.0 0.0 0.0 0.0 0.0 0.0 0.0 0.0 0.0 0.0 0.0  
    0.0 0.0 0.0 0.0 0.0 0.0 0.0 0.0 0.0 0.0 0.0 0.0 0.0 0.0 0.0 0.0 0.0  
    0.0 0.0 0.0 0.0 0.0 0.0 0.0 0.0 0.0 0.0 0.0 0.0 0.0 0.0 0.0 0.0 0.0  
    0.0 0.0 0.0 0.0 0.0 0.0 0.0 0.0 0.0 0.0 0.0 0.0 0.0 0.0 0.0 0.0 0.0  
    0.0 
  PI_FUS = 0.46431188441357535 0.45998503748629416 0.4552969373555832  
    0.45025912029146653 0.44488341269525444 0.4391819258769549  
    0.43316705074238265 0.4268514542025291 0.4202480727315742  
    0.4133701079878523 0.4062310198001929 0.39884452164381956  
    0.3912245733972847 0.38338537262721206 0.37534134618295245  
    0.36710714213544604 0.35869761765857383 0.3501278257244966  
    0.3414130031702532 0.33256855409721464 0.3236100331023295  
    0.3145531249634117 0.30541362591433724 0.2962074161826269  
    0.2869504394253452 0.2776586704038387 0.26834808619856887  
    0.2590346336607996 0.2497341935848936 0.2404625432533839  
    0.23123531571311914 0.22206795723821895 0.21297568167333492  
    0.20397342605676083 0.19507579871689298 0.1862970301863424  
    0.17765092197670973 0.169150791879888 0.1608094233051251  
    0.1526390099800648 0.1446511034196543 0.1368565613741824  
    0.1292654970929806 0.12188723194401885 0.11473024943367317  
    0.10780215432011862 0.10110963546439991 0.09465843333203094  
    0.0884533137426132 0.08249804760253299 0.07679539732281002  
    0.07134711098716238 0.06615392408331158 0.06121556870326528  
    0.056530791871742384 0.05209738130616608 0.047912199680884504  
    0.0439712263422773 0.040269607056767256 0.036801710090970156  
    0.033561188917997996 0.030541049793803243 0.02773372458329778  
    0.025131146259617824 0.022724827374721986 0.020505939481490775  
    0.018465392766047726 0.016593914647371148 0.014882126316379802  
    0.013320615982420276 0.011900008015426889 0.010611026968243235  
    0.009444555731450971 0.008391686934690758 0.007443767053576725  
    0.006592432371188834 0.005829636344825657 0.005147667292507135  
    0.004539155723001775 0.003997069984532451 0.0035146986246570333  
    0.003085617784769884 0.0027036416213564755 0.0023627551020293635  
    0.0020570320925148602 0.0017805519100203065 0.0015273507931306415  
    0.0012914933063315397 0.001067434486766547 0.0008509569621173548  
    0.0006409964139005718 0.0004422497515580212 0.00026698293281314815  
    0.00013218983310841318 4.916667328832929e-05 1.2237593687740962e-05  
    1.7455022259768155e-06 1.1275965128500672e-07 2.088758678783939e-09  
    3.154391878603506e-12 5.058745417268794e-19 
  PI_IONIZATION = 0.0 0.0 0.0 0.0 0.0 0.0 0.0 0.0 0.0 0.0 0.0 0.0 0.0  
    0.0 0.0 0.0 0.0 0.0 0.0 0.0 0.0 0.0 0.0 0.0 0.0 0.0 0.0 0.0 0.0 0.0  
    0.0 0.0 0.0 0.0 0.0 0.0 0.0 0.0 0.0 0.0 0.0 0.0 0.0 0.0 0.0 0.0 0.0  
    0.0 0.0 0.0 0.0 0.0 0.0 0.0 0.0 0.0 0.0 0.0 0.0 0.0 0.0 0.0 0.0 0.0  
    0.0 0.0 0.0 0.0 0.0 0.0 0.0 0.0 0.0 0.0 0.0 0.0 0.0 0.0 0.0 0.0 0.0  
    0.0 0.0 0.0 0.0 0.0 0.0 0.0 0.0 0.0 0.0 0.0 0.0 0.0 0.0 0.0 0.0 0.0  
    0.0 0.0 0.0 
  PI_CX = 0.0 0.0 0.0 0.0 0.0 0.0 0.0 0.0 0.0 0.0 0.0 0.0 0.0 0.0 0.0  
    0.0 0.0 0.0 0.0 0.0 0.0 0.0 0.0 0.0 0.0 0.0 0.0 0.0 0.0 0.0 0.0 0.0  
    0.0 0.0 0.0 0.0 0.0 0.0 0.0 0.0 0.0 0.0 0.0 0.0 0.0 0.0 0.0 0.0 0.0  
    0.0 0.0 0.0 0.0 0.0 0.0 0.0 0.0 0.0 0.0 0.0 0.0 0.0 0.0 0.0 0.0 0.0  
    0.0 0.0 0.0 0.0 0.0 0.0 0.0 0.0 0.0 0.0 0.0 0.0 0.0 0.0 0.0 0.0 0.0  
    0.0 0.0 0.0 0.0 0.0 0.0 0.0 0.0 0.0 0.0 0.0 0.0 0.0 0.0 0.0 0.0 0.0  
    0.0 
  P_OHM = 0.0 0.0 0.0 0.0 0.0 0.0 0.0 0.0 0.0 0.0 0.0 0.0 0.0 0.0 0.0  
    0.0 0.0 0.0 0.0 0.0 0.0 0.0 0.0 0.0 0.0 0.0 0.0 0.0 0.0 0.0 0.0 0.0  
    0.0 0.0 0.0 0.0 0.0 0.0 0.0 0.0 0.0 0.0 0.0 0.0 0.0 0.0 0.0 0.0 0.0  
    0.0 0.0 0.0 0.0 0.0 0.0 0.0 0.0 0.0 0.0 0.0 0.0 0.0 0.0 0.0 0.0 0.0  
    0.0 0.0 0.0 0.0 0.0 0.0 0.0 0.0 0.0 0.0 0.0 0.0 0.0 0.0 0.0 0.0 0.0  
    0.0 0.0 0.0 0.0 0.0 0.0 0.0 0.0 0.0 0.0 0.0 0.0 0.0 0.0 0.0 0.0 0.0  
    0.0 
  P_EI = 0.0 0.0 0.0 0.0 0.0 0.0 0.0 0.0 0.0 0.0 0.0 0.0 0.0 0.0 0.0  
    0.0 0.0 0.0 0.0 0.0 0.0 0.0 0.0 0.0 0.0 0.0 0.0 0.0 0.0 0.0 0.0 0.0  
    0.0 0.0 0.0 0.0 0.0 0.0 0.0 0.0 0.0 0.0 0.0 0.0 0.0 0.0 0.0 0.0 0.0  
    0.0 0.0 0.0 0.0 0.0 0.0 0.0 0.0 0.0 0.0 0.0 0.0 0.0 0.0 0.0 0.0 0.0  
    0.0 0.0 0.0 0.0 0.0 0.0 0.0 0.0 0.0 0.0 0.0 0.0 0.0 0.0 0.0 0.0 0.0  
    0.0 0.0 0.0 0.0 0.0 0.0 0.0 0.0 0.0 0.0 0.0 0.0 0.0 0.0 0.0 0.0 0.0  
    0.0 
  TORQUE_NB = 0.0 0.0 0.0 0.0 0.0 0.0 0.0 0.0 0.0 0.0 0.0 0.0 0.0 0.0  
    0.0 0.0 0.0 0.0 0.0 0.0 0.0 0.0 0.0 0.0 0.0 0.0 0.0 0.0 0.0 0.0 0.0  
    0.0 0.0 0.0 0.0 0.0 0.0 0.0 0.0 0.0 0.0 0.0 0.0 0.0 0.0 0.0 0.0 0.0  
    0.0 0.0 0.0 0.0 0.0 0.0 0.0 0.0 0.0 0.0 0.0 0.0 0.0 0.0 0.0 0.0 0.0  
    0.0 0.0 0.0 0.0 0.0 0.0 0.0 0.0 0.0 0.0 0.0 0.0 0.0 0.0 0.0 0.0 0.0  
    0.0 0.0 0.0 0.0 0.0 0.0 0.0 0.0 0.0 0.0 0.0 0.0 0.0 0.0 0.0 0.0 0.0  
    0.0 0.0 
  TORQUE_IN = 0.0 0.0 0.0 0.0 0.0 0.0 0.0 0.0 0.0 0.0 0.0 0.0 0.0 0.0  
    0.0 0.0 0.0 0.0 0.0 0.0 0.0 0.0 0.0 0.0 0.0 0.0 0.0 0.0 0.0 0.0 0.0  
    0.0 0.0 0.0 0.0 0.0 0.0 0.0 0.0 0.0 0.0 0.0 0.0 0.0 0.0 0.0 0.0 0.0  
    0.0 0.0 0.0 0.0 0.0 0.0 0.0 0.0 0.0 0.0 0.0 0.0 0.0 0.0 0.0 0.0 0.0  
    0.0 0.0 0.0 0.0 0.0 0.0 0.0 0.0 0.0 0.0 0.0 0.0 0.0 0.0 0.0 0.0 0.0  
    0.0 0.0 0.0 0.0 0.0 0.0 0.0 0.0 0.0 0.0 0.0 0.0 0.0 0.0 0.0 0.0 0.0  
    0.0 0.0 
  SE_NB = 0.0 0.0 0.0 0.0 0.0 0.0 0.0 0.0 0.0 0.0 0.0 0.0 0.0 0.0 0.0  
    0.0 0.0 0.0 0.0 0.0 0.0 0.0 0.0 0.0 0.0 0.0 0.0 0.0 0.0 0.0 0.0 0.0  
    0.0 0.0 0.0 0.0 0.0 0.0 0.0 0.0 0.0 0.0 0.0 0.0 0.0 0.0 0.0 0.0 0.0  
    0.0 0.0 0.0 0.0 0.0 0.0 0.0 0.0 0.0 0.0 0.0 0.0 0.0 0.0 0.0 0.0 0.0  
    0.0 0.0 0.0 0.0 0.0 0.0 0.0 0.0 0.0 0.0 0.0 0.0 0.0 0.0 0.0 0.0 0.0  
    0.0 0.0 0.0 0.0 0.0 0.0 0.0 0.0 0.0 0.0 0.0 0.0 0.0 0.0 0.0 0.0 0.0  
    0.0 
  SE_IONIZATION = 0.0 0.0 0.0 0.0 0.0 0.0 0.0 0.0 0.0 0.0 0.0 0.0 0.0  
    0.0 0.0 0.0 0.0 0.0 0.0 0.0 0.0 0.0 0.0 0.0 0.0 0.0 0.0 0.0 0.0 0.0  
    0.0 0.0 0.0 0.0 0.0 0.0 0.0 0.0 0.0 0.0 0.0 0.0 0.0 0.0 0.0 0.0 0.0  
    0.0 0.0 0.0 0.0 0.0 0.0 0.0 0.0 0.0 0.0 0.0 0.0 0.0 0.0 0.0 0.0 0.0  
    0.0 0.0 0.0 0.0 0.0 0.0 0.0 0.0 0.0 0.0 0.0 0.0 0.0 0.0 0.0 0.0 0.0  
    0.0 0.0 0.0 0.0 0.0 0.0 0.0 0.0 0.0 0.0 0.0 0.0 0.0 0.0 0.0 0.0 0.0  
    0.0 0.0 0.0 
  SI_NB = 0.0 0.0 0.0 0.0 0.0 0.0 0.0 0.0 0.0 0.0 0.0 0.0 0.0 0.0 0.0  
    0.0 0.0 0.0 0.0 0.0 0.0 0.0 0.0 0.0 0.0 0.0 0.0 0.0 0.0 0.0 0.0 0.0  
    0.0 0.0 0.0 0.0 0.0 0.0 0.0 0.0 0.0 0.0 0.0 0.0 0.0 0.0 0.0 0.0 0.0  
    0.0 0.0 0.0 0.0 0.0 0.0 0.0 0.0 0.0 0.0 0.0 0.0 0.0 0.0 0.0 0.0 0.0  
    0.0 0.0 0.0 0.0 0.0 0.0 0.0 0.0 0.0 0.0 0.0 0.0 0.0 0.0 0.0 0.0 0.0  
    0.0 0.0 0.0 0.0 0.0 0.0 0.0 0.0 0.0 0.0 0.0 0.0 0.0 0.0 0.0 0.0 0.0  
    0.0 
  SI_IONIZATION = 0.0 0.0 0.0 0.0 0.0 0.0 0.0 0.0 0.0 0.0 0.0 0.0 0.0  
    0.0 0.0 0.0 0.0 0.0 0.0 0.0 0.0 0.0 0.0 0.0 0.0 0.0 0.0 0.0 0.0 0.0  
    0.0 0.0 0.0 0.0 0.0 0.0 0.0 0.0 0.0 0.0 0.0 0.0 0.0 0.0 0.0 0.0 0.0  
    0.0 0.0 0.0 0.0 0.0 0.0 0.0 0.0 0.0 0.0 0.0 0.0 0.0 0.0 0.0 0.0 0.0  
    0.0 0.0 0.0 0.0 0.0 0.0 0.0 0.0 0.0 0.0 0.0 0.0 0.0 0.0 0.0 0.0 0.0  
    0.0 0.0 0.0 0.0 0.0 0.0 0.0 0.0 0.0 0.0 0.0 0.0 0.0 0.0 0.0 0.0 0.0  
    0.0 0.0 0.0 
  SE_PELLET = 0.0 0.0 0.0 0.0 0.0 0.0 0.0 0.0 0.0 0.0 0.0 0.0 0.0 0.0  
    0.0 0.0 0.0 0.0 0.0 0.0 0.0 0.0 0.0 0.0 0.0 0.0 0.0 0.0 0.0 0.0 0.0  
    0.0 0.0 0.0 0.0 0.0 0.0 0.0 0.0 0.0 0.0 0.0 0.0 0.0 0.0 0.0 0.0 0.0  
    0.0 0.0 0.0 0.0 0.0 0.0 0.0 0.0 0.0 0.0 0.0 0.0 0.0 0.0 0.0 0.0 0.0  
    0.0 0.0 0.0 0.0 0.0 0.0 0.0 0.0 0.0 0.0 0.0 0.0 0.0 0.0 0.0 0.0 0.0  
    0.0 0.0 0.0 0.0 0.0 0.0 0.0 0.0 0.0 0.0 0.0 0.0 0.0 0.0 0.0 0.0 0.0  
    0.0 0.0 
  Q = 0.0 0.0 0.0 0.0 0.0 0.0 0.0 0.0 0.0 0.0 0.0 0.0 0.0 0.0 0.0 0.0  
    0.0 0.0 0.0 0.0 0.0 0.0 0.0 0.0 0.0 0.0 0.0 0.0 0.0 0.0 0.0 0.0 0.0  
    0.0 0.0 0.0 0.0 0.0 0.0 0.0 0.0 0.0 0.0 0.0 0.0 0.0 0.0 0.0 0.0 0.0  
    0.0 0.0 0.0 0.0 0.0 0.0 0.0 0.0 0.0 0.0 0.0 0.0 0.0 0.0 0.0 0.0 0.0  
    0.0 0.0 0.0 0.0 0.0 0.0 0.0 0.0 0.0 0.0 0.0 0.0 0.0 0.0 0.0 0.0 0.0  
    0.0 0.0 0.0 0.0 0.0 0.0 0.0 0.0 0.0 0.0 0.0 0.0 0.0 0.0 0.0 0.0 0.0 
  PSIPOL = 0.0 0.0 0.0 0.0 0.0 0.0 0.0 0.0 0.0 0.0 0.0 0.0 0.0 0.0 0.0  
    0.0 0.0 0.0 0.0 0.0 0.0 0.0 0.0 0.0 0.0 0.0 0.0 0.0 0.0 0.0 0.0 0.0  
    0.0 0.0 0.0 0.0 0.0 0.0 0.0 0.0 0.0 0.0 0.0 0.0 0.0 0.0 0.0 0.0 0.0  
    0.0 0.0 0.0 0.0 0.0 0.0 0.0 0.0 0.0 0.0 0.0 0.0 0.0 0.0 0.0 0.0 0.0  
    0.0 0.0 0.0 0.0 0.0 0.0 0.0 0.0 0.0 0.0 0.0 0.0 0.0 0.0 0.0 0.0 0.0  
    0.0 0.0 0.0 0.0 0.0 0.0 0.0 0.0 0.0 0.0 0.0 0.0 0.0 0.0 0.0 0.0 0.0  
    0.0 
  PSI = 0.0 0.0 0.0 0.0 0.0 0.0 0.0 0.0 0.0 0.0 0.0 0.0 0.0 0.0 0.0 0.0  
    0.0 0.0 0.0 0.0 0.0 0.0 0.0 0.0 0.0 0.0 0.0 0.0 0.0 0.0 0.0 0.0 0.0  
    0.0 0.0 0.0 0.0 0.0 0.0 0.0 0.0 0.0 0.0 0.0 0.0 0.0 0.0 0.0 0.0 0.0  
    0.0 0.0 0.0 0.0 0.0 0.0 0.0 0.0 0.0 0.0 0.0 0.0 0.0 0.0 0.0 0.0 0.0  
    0.0 0.0 0.0 0.0 0.0 0.0 0.0 0.0 0.0 0.0 0.0 0.0 0.0 0.0 0.0 0.0 0.0  
    0.0 0.0 0.0 0.0 0.0 0.0 0.0 0.0 0.0 0.0 0.0 0.0 0.0 0.0 0.0 0.0 0.0 
  DENSITY_BEAM = 0.0 0.0 0.0 0.0 0.0 0.0 0.0 0.0 0.0 0.0 0.0 0.0 0.0  
    0.0 0.0 0.0 0.0 0.0 0.0 0.0 0.0 0.0 0.0 0.0 0.0 0.0 0.0 0.0 0.0 0.0  
    0.0 0.0 0.0 0.0 0.0 0.0 0.0 0.0 0.0 0.0 0.0 0.0 0.0 0.0 0.0 0.0 0.0  
    0.0 0.0 0.0 0.0 0.0 0.0 0.0 0.0 0.0 0.0 0.0 0.0 0.0 0.0 0.0 0.0 0.0  
    0.0 0.0 0.0 0.0 0.0 0.0 0.0 0.0 0.0 0.0 0.0 0.0 0.0 0.0 0.0 0.0 0.0  
    0.0 0.0 0.0 0.0 0.0 0.0 0.0 0.0 0.0 0.0 0.0 0.0 0.0 0.0 0.0 0.0 0.0  
    0.0 0.0 0.0 
  WBEAM = 0.0 0.0 0.0 0.0 0.0 0.0 0.0 0.0 0.0 0.0 0.0 0.0 0.0 0.0 0.0  
    0.0 0.0 0.0 0.0 0.0 0.0 0.0 0.0 0.0 0.0 0.0 0.0 0.0 0.0 0.0 0.0 0.0  
    0.0 0.0 0.0 0.0 0.0 0.0 0.0 0.0 0.0 0.0 0.0 0.0 0.0 0.0 0.0 0.0 0.0  
    0.0 0.0 0.0 0.0 0.0 0.0 0.0 0.0 0.0 0.0 0.0 0.0 0.0 0.0 0.0 0.0 0.0  
    0.0 0.0 0.0 0.0 0.0 0.0 0.0 0.0 0.0 0.0 0.0 0.0 0.0 0.0 0.0 0.0 0.0  
    0.0 0.0 0.0 0.0 0.0 0.0 0.0 0.0 0.0 0.0 0.0 0.0 0.0 0.0 0.0 0.0 0.0  
    0.0 
  TBEAM = 0.0 0.0 0.0 0.0 0.0 0.0 0.0 0.0 0.0 0.0 0.0 0.0 0.0 0.0 0.0  
    0.0 0.0 0.0 0.0 0.0 0.0 0.0 0.0 0.0 0.0 0.0 0.0 0.0 0.0 0.0 0.0 0.0  
    0.0 0.0 0.0 0.0 0.0 0.0 0.0 0.0 0.0 0.0 0.0 0.0 0.0 0.0 0.0 0.0 0.0  
    0.0 0.0 0.0 0.0 0.0 0.0 0.0 0.0 0.0 0.0 0.0 0.0 0.0 0.0 0.0 0.0 0.0  
    0.0 0.0 0.0 0.0 0.0 0.0 0.0 0.0 0.0 0.0 0.0 0.0 0.0 0.0 0.0 0.0 0.0  
    0.0 0.0 0.0 0.0 0.0 0.0 0.0 0.0 0.0 0.0 0.0 0.0 0.0 0.0 0.0 0.0 0.0  
    0.0 
  DENSITY_ALPHA = 0.0 0.0 0.0 0.0 0.0 0.0 0.0 0.0 0.0 0.0 0.0 0.0 0.0  
    0.0 0.0 0.0 0.0 0.0 0.0 0.0 0.0 0.0 0.0 0.0 0.0 0.0 0.0 0.0 0.0 0.0  
    0.0 0.0 0.0 0.0 0.0 0.0 0.0 0.0 0.0 0.0 0.0 0.0 0.0 0.0 0.0 0.0 0.0  
    0.0 0.0 0.0 0.0 0.0 0.0 0.0 0.0 0.0 0.0 0.0 0.0 0.0 0.0 0.0 0.0 0.0  
    0.0 0.0 0.0 0.0 0.0 0.0 0.0 0.0 0.0 0.0 0.0 0.0 0.0 0.0 0.0 0.0 0.0  
    0.0 0.0 0.0 0.0 0.0 0.0 0.0 0.0 0.0 0.0 0.0 0.0 0.0 0.0 0.0 0.0 0.0  
    0.0 0.0 0.0 
  WALPHA = 0.0 0.0 0.0 0.0 0.0 0.0 0.0 0.0 0.0 0.0 0.0 0.0 0.0 0.0 0.0  
    0.0 0.0 0.0 0.0 0.0 0.0 0.0 0.0 0.0 0.0 0.0 0.0 0.0 0.0 0.0 0.0 0.0  
    0.0 0.0 0.0 0.0 0.0 0.0 0.0 0.0 0.0 0.0 0.0 0.0 0.0 0.0 0.0 0.0 0.0  
    0.0 0.0 0.0 0.0 0.0 0.0 0.0 0.0 0.0 0.0 0.0 0.0 0.0 0.0 0.0 0.0 0.0  
    0.0 0.0 0.0 0.0 0.0 0.0 0.0 0.0 0.0 0.0 0.0 0.0 0.0 0.0 0.0 0.0 0.0  
    0.0 0.0 0.0 0.0 0.0 0.0 0.0 0.0 0.0 0.0 0.0 0.0 0.0 0.0 0.0 0.0 0.0  
    0.0 
  TALPHA = 0.0 0.0 0.0 0.0 0.0 0.0 0.0 0.0 0.0 0.0 0.0 0.0 0.0 0.0 0.0  
    0.0 0.0 0.0 0.0 0.0 0.0 0.0 0.0 0.0 0.0 0.0 0.0 0.0 0.0 0.0 0.0 0.0  
    0.0 0.0 0.0 0.0 0.0 0.0 0.0 0.0 0.0 0.0 0.0 0.0 0.0 0.0 0.0 0.0 0.0  
    0.0 0.0 0.0 0.0 0.0 0.0 0.0 0.0 0.0 0.0 0.0 0.0 0.0 0.0 0.0 0.0 0.0  
    0.0 0.0 0.0 0.0 0.0 0.0 0.0 0.0 0.0 0.0 0.0 0.0 0.0 0.0 0.0 0.0 0.0  
    0.0 0.0 0.0 0.0 0.0 0.0 0.0 0.0 0.0 0.0 0.0 0.0 0.0 0.0 0.0 0.0 0.0  
    0.0 
  CHIE = 0.0 0.0 0.0 0.0 0.0 0.0 0.0 0.0 0.0 0.0 0.0 0.0 0.0 0.0 0.0  
    0.0 0.0 0.0 0.0 0.0 0.0 0.0 0.0 0.0 0.0 0.0 0.0 0.0 0.0 0.0 0.0 0.0  
    0.0 0.0 0.0 0.0 0.0 0.0 0.0 0.0 0.0 0.0 0.0 0.0 0.0 0.0 0.0 0.0 0.0  
    0.0 0.0 0.0 0.0 0.0 0.0 0.0 0.0 0.0 0.0 0.0 0.0 0.0 0.0 0.0 0.0 0.0  
    0.0 0.0 0.0 0.0 0.0 0.0 0.0 0.0 0.0 0.0 0.0 0.0 0.0 0.0 0.0 0.0 0.0  
    0.0 0.0 0.0 0.0 0.0 0.0 0.0 0.0 0.0 0.0 0.0 0.0 0.0 0.0 0.0 0.0 0.0  
    0.0 
  CHII = 0.0 0.0 0.0 0.0 0.0 0.0 0.0 0.0 0.0 0.0 0.0 0.0 0.0 0.0 0.0  
    0.0 0.0 0.0 0.0 0.0 0.0 0.0 0.0 0.0 0.0 0.0 0.0 0.0 0.0 0.0 0.0 0.0  
    0.0 0.0 0.0 0.0 0.0 0.0 0.0 0.0 0.0 0.0 0.0 0.0 0.0 0.0 0.0 0.0 0.0  
    0.0 0.0 0.0 0.0 0.0 0.0 0.0 0.0 0.0 0.0 0.0 0.0 0.0 0.0 0.0 0.0 0.0  
    0.0 0.0 0.0 0.0 0.0 0.0 0.0 0.0 0.0 0.0 0.0 0.0 0.0 0.0 0.0 0.0 0.0  
    0.0 0.0 0.0 0.0 0.0 0.0 0.0 0.0 0.0 0.0 0.0 0.0 0.0 0.0 0.0 0.0 0.0  
    0.0 
  P_EQ = 0.0 0.0 0.0 0.0 0.0 0.0 0.0 0.0 0.0 0.0 0.0 0.0 0.0 0.0 0.0  
    0.0 0.0 0.0 0.0 0.0 0.0 0.0 0.0 0.0 0.0 0.0 0.0 0.0 0.0 0.0 0.0 0.0  
    0.0 0.0 0.0 0.0 0.0 0.0 0.0 0.0 0.0 0.0 0.0 0.0 0.0 0.0 0.0 0.0 0.0  
    0.0 0.0 0.0 0.0 0.0 0.0 0.0 0.0 0.0 0.0 0.0 0.0 0.0 0.0 0.0 0.0 0.0  
    0.0 0.0 0.0 0.0 0.0 0.0 0.0 0.0 0.0 0.0 0.0 0.0 0.0 0.0 0.0 0.0 0.0  
    0.0 0.0 0.0 0.0 0.0 0.0 0.0 0.0 0.0 0.0 0.0 0.0 0.0 0.0 0.0 0.0 0.0  
    0.0 
  J_TOT = 0.6667682944792914 0.6667682944792914 0.670331335406526  
    0.6775490428672438 0.6849452210925598 0.6925103091365776  
    0.7002347460534029 0.7081089709221915 0.7161234227719988  
    0.7242685406819759 0.7325347637813748 0.7409125311243069  
    0.7493922817147748 0.7579644546319313 0.7666194890050277  
    0.7753478238631216 0.7841398982352747 0.7929861512507324  
    0.8018770219636062 0.8108029494029478 0.8197543726729585  
    0.8287217308277375 0.8376954629464468 0.8466660081082582  
    0.8556238053421978 0.8645592937274209 0.8734629123430966  
    0.8823251002433246 0.8911362964822194 0.899886940138932  
    0.9085674703176336 0.9171683260724793 0.9256799464324929  
    0.9340927705019064 0.9423972373598378 0.9505837860103152  
    0.9586428555325042 0.9665648850556106 0.9743403136087094  
    0.9819595802459559 0.9894131240714834 0.9966913841644109  
    1.0037847995038232 1.010683809118734 1.0173788521885228  
    1.023860367867485 1.0301187953097541 1.0361445731687056  
    1.0419281403483573 1.0474599365038282 1.052730400789395  
    1.0577299721089604 1.062449089366333 1.0668781914653074  
    1.0710077175600796 1.0748281068049645 1.0783297983545437  
    1.0815032313627582 1.0843388447335034 1.0868270773708417  
    1.0889583686791597 1.0907231575628011 1.0921118829251986  
    1.0931149841709398 1.093722900204287 1.0927657051958264  
    1.0869129483843492 1.0732346894677156 1.0514421259281712  
    1.022486922599112 0.9873207442879645 0.9468952553263423  
    0.9021621202963352 0.8540730039062868 0.80357957076385  
    0.7516334855006004 0.6991864127494776 0.6471900170927679  
    0.5965959631377113 0.5483559155173477 0.5034215388384953  
    0.462744497734147 0.4272764568365472 0.3979690807526574  
    0.37577403406549664 0.36758527455751977 0.38089540880130746  
    0.412931867693959 0.4625366591558565 0.5350018379299264  
    0.6340486565235584 0.757868768396572 0.8934225541250831  
    1.0121536256721617 1.0734415917999185 1.0408583535571816  
    0.9033630263425594 0.6878013711441364 0.4473502492241833  
    0.22044916582935 0.004772207122705763 
  RBDRY = 5.33 5.318342593343686 5.283498094361539 5.225848266676087  
    5.146024733863454 5.044902059253285 4.923588164029888  
    4.783412188615895 4.62590993033165 4.452807016878383 4.266  
    4.0675355764653025 3.859588164029888 3.644436078060192  
    3.4244365698335666 3.202 3.1463908575416086 3.091390980484952  
    3.037602958992528 2.9856161058836745 2.936 2.889298245780404  
    2.8460225174170874 2.8066469528460263 2.771602958992528  
    2.7412744851866786 2.7159938165341364 2.6960379333309783  
    2.6816254764096152 2.6729143516640788 2.67 2.6729143516640783  
    2.6816254764096152 2.6960379333309783 2.715993816534136  
    2.7412744851866786 2.7716029589925277 2.806646952846026  
    2.8460225174170874 2.889298245780404 2.936 2.985616105883674  
    3.0376029589925277 3.091390980484952 3.1463908575416077  
    3.2020000000000004 3.4244365698335653 3.64443607806019  
    3.8595881640298875 4.067535576465302 4.265999999999998  
    4.452807016878382 4.625909930331649 4.783412188615894  
    4.923588164029888 5.044902059253285 5.146024733863454  
    5.225848266676087 5.283498094361539 5.318342593343686 5.33 
  ZBDRY = 0.0 0.23535113765686597 0.4652724865098506 0.6905906201336312  
    0.9102913102803188 1.1231657674595437 1.3279956054538342  
    1.5236213693222256 1.7089805745491784 1.8831339788886716  
    2.0452858176211626 2.194800069633431 2.3312135259246296  
    2.454245888084394 2.5638068553907556 2.66 2.5169520006434856  
    2.3666218923483946 2.2094269832145708 2.045820686161913  
    1.8762930788893706 1.701371539188396 1.521621722665165  
    1.3376493633547748 1.1501037994334113 0.9596850412410337  
    0.7671584243735222 0.5733871841793019 0.37941544064214977  
    0.18674733587679238 0.0 -0.18674733587679165 -0.3794154406421486  
    -0.5733871841793005 -0.7671584243735206 -0.9596850412410403  
    -1.1501037994334022 -1.3376493633547701 -1.521621722665163  
    -1.7013715391883915 -1.876293078889371 -2.0458206861619135  
    -2.209426983214567 -2.366621892348393 -2.5169520006434807 -2.66  
    -2.5638068553907565 -2.4542458880843947 -2.33121352592463  
    -2.1948000696334318 -2.045285817621164 -1.8831339788886723  
    -1.7089805745491797 -1.5236213693222267 -1.3279956054538342  
    -1.1231657674595437 -0.9102913102803188 -0.6905906201336312  
    -0.4652724865098506 -0.23535113765686597 0.0 
  NLIM = 5 
  RLIM = 5.38 2.62 2.62 5.38 5.38 
  ZLIM = 2.71 2.71 -2.71 -2.71 2.71 
  RHO = 0.0 0.01 0.02 0.03 0.04 0.05 0.06 0.07 0.08 0.09 0.1 0.11 0.12  
    0.13 0.14 0.15 0.16 0.17 0.18 0.19 0.2 0.21 0.22 0.23 0.24 0.25  
    0.26 0.27 0.28 0.29 0.3 0.31 0.32 0.33 0.34 0.35 0.36 0.37 0.38  
    0.39 0.4 0.41 0.42 0.43 0.44 0.45 0.46 0.47 0.48 0.49 0.5 0.51 0.52  
    0.53 0.54 0.55 0.56 0.57 0.58 0.59 0.6 0.61 0.62 0.63 0.64 0.65  
    0.66 0.67 0.68 0.69 0.7 0.71 0.72 0.73 0.74 0.75 0.76 0.77 0.78  
    0.79 0.8 0.81 0.82 0.83 0.84 0.85 0.86 0.87 0.88 0.89 0.9 0.91 0.92  
    0.93 0.94 0.95 0.96 0.97 0.98 0.99 1.0 
  MODEL_PROFILE_NE = 'ped' 
  MODEL_PROFILE_TE = 'ped' 
  MODEL_PROFILE_TI = 'ped' 
  MODEL_PROFILE_DENSITY_BEAM = 'parab' 
  MODEL_PROFILE_J_TOT = 'parab' 
  MODEL_PROFILE_OMEGA = 'parab' 
  MODEL_PROFILE_ZEFF = 'const' 
  MODEL_PROFILE_TBEAMI = 'const' 
  MODEL_PROFILE_DENSITY_ALPHA = 'zero' 
  MODEL_PROFILE_WALPHA = 'zero' 
  MODEL_PROFILE_WBEAM = 'derived' 
  J_TOT_AXIS = 1.0 
  J_TOT_SEP = 0.05 
  J_TOT_ALPHA = 2.0 
  J_TOT_BETA = 1.0 
  DENSITY_BEAM_AXIS = 0.0 
  DENSITY_BEAM_SEP = 0.0 
  DENSITY_BEAM_ALPHA = 1.5 
  DENSITY_BEAM_BETA = 1.5 
  TBEAMI_AXIS = 20.0 
  DENSITY_ION_0 = 10.490879861255607 10.485219767604635  
    10.479192357862223 10.472790374393986 10.466006085447285  
    10.458831265588234 10.451257199085985 10.443274647851922  
    10.434873851339413 10.426044500934953 10.416775732491844  
    10.40705610777393 10.396873609805967 10.38621561683309  
    10.37506890335274 10.363419628234922 10.351253325894438  
    10.338554902167132 10.325308636313 10.311498163713289  
    10.297106508433686 10.28211606620216 10.266508632178752  
    10.250265392876083 10.233366986467848 10.215793488550514  
    10.197524463761038 10.178539007305757 10.158815772998654  
    10.138333044531404 10.117068776941375 10.095000671205995  
    10.07210623626787 10.048362898330172 10.023748053792373  
    9.99823919621019 9.971814009157528 9.944450480328321  
    9.916127031175002 9.886822638043007 9.856516964863644  
    9.825190522791228 9.792824793103167 9.759402398218372  
    9.724907233613557 9.689324643690469 9.652641567325222  
    9.614846685342211 9.575930578428794 9.535885864678352  
    9.494707326094813 9.45239204613598 9.40893952595121  
    9.364351753196491 9.318633318316673 9.271791456931597  
    9.223836103414655 9.174779892139107 9.12463818105111  
    9.073429003534752 9.021173037363916 8.967893483526423  
    8.913616002452128 8.858368530371974 8.802181128486142  
    8.745085742144994 8.687115938324666 8.628306556920933  
    8.568693287470404 8.508312115451265 8.44719858259407  
    8.385386792106846 8.322908026463722 8.259788790865192  
    8.196048005601629 8.13169290215197 8.066713074319606  
    8.001071632666818 7.934692233771114 7.867439877169251  
    7.799092532690692 7.729299408496698 7.657519779772624  
    7.5829340953285005 7.5043165091880155 7.419855839850169  
    7.326912453700755 7.221706885738033 7.098961736133484  
    6.951580471066803 6.770568300761537 6.545591476948474  
    6.266762049380643 5.928157841112979 5.532744636088731  
    5.096531547320228 4.648235780623307 4.222289787389621  
    3.848132924704524 3.542258630580854 3.3069868518659997 
  DENSITY_ION_1 = 10.490879861255607 10.485219767604635  
    10.479192357862223 10.472790374393986 10.466006085447285  
    10.458831265588234 10.451257199085985 10.443274647851922  
    10.434873851339413 10.426044500934953 10.416775732491844  
    10.40705610777393 10.396873609805967 10.38621561683309  
    10.37506890335274 10.363419628234922 10.351253325894438  
    10.338554902167132 10.325308636313 10.311498163713289  
    10.297106508433686 10.28211606620216 10.266508632178752  
    10.250265392876083 10.233366986467848 10.215793488550514  
    10.197524463761038 10.178539007305757 10.158815772998654  
    10.138333044531404 10.117068776941375 10.095000671205995  
    10.07210623626787 10.048362898330172 10.023748053792373  
    9.99823919621019 9.971814009157528 9.944450480328321  
    9.916127031175002 9.886822638043007 9.856516964863644  
    9.825190522791228 9.792824793103167 9.759402398218372  
    9.724907233613557 9.689324643690469 9.652641567325222  
    9.614846685342211 9.575930578428794 9.535885864678352  
    9.494707326094813 9.45239204613598 9.40893952595121  
    9.364351753196491 9.318633318316673 9.271791456931597  
    9.223836103414655 9.174779892139107 9.12463818105111  
    9.073429003534752 9.021173037363916 8.967893483526423  
    8.913616002452128 8.858368530371974 8.802181128486142  
    8.745085742144994 8.687115938324666 8.628306556920933  
    8.568693287470404 8.508312115451265 8.44719858259407  
    8.385386792106846 8.322908026463722 8.259788790865192  
    8.196048005601629 8.13169290215197 8.066713074319606  
    8.001071632666818 7.934692233771114 7.867439877169251  
    7.799092532690692 7.729299408496698 7.657519779772624  
    7.5829340953285005 7.5043165091880155 7.419855839850169  
    7.326912453700755 7.221706885738033 7.098961736133484  
    6.951580471066803 6.770568300761537 6.545591476948474  
    6.266762049380643 5.928157841112979 5.532744636088731  
    5.096531547320228 4.648235780623307 4.222289787389621  
    3.848132924704524 3.542258630580854 3.3069868518659997 
  DENSITY_IMP_0 = 1.4874068955693933 1.476013911895365  
    1.4636614229177782 1.4503738768410133 1.4361761914327156  
    1.4210937735867657 1.405152525049016 1.3883788653680766  
    1.3707997411055874 1.3524426468900472 1.333335628328156  
    1.313507309671071 1.2929868939090357 1.2718041842569108  
    1.2499895922322617 1.227574140425078 1.2045894804355592  
    1.181067892442869 1.157042283201999 1.1325461942367112  
    1.1076137920513147 1.0822798623778407 1.0565798006262468  
    1.0305495926339179 1.0042257953521518 0.9776455146444887  
    0.9508463673339627 0.9238664442292437 0.8967442729763444  
    0.8695187604535961 0.8422291330836261 0.8149148759040061  
    0.7876156568771288 0.7603712449248274 0.7332214205526268  
    0.7062058762198116 0.6793641143674722 0.6527353287616798  
    0.6263582839649993 0.6002711896469918 0.574511558781357  
    0.5491160753387704 0.5241204349468355 0.49955920575662716  
    0.47546566919644456 0.451871666879532 0.4288074459447765  
    0.4063015070277888 0.38438045545620464 0.36306885915164744  
    0.3423891130151848 0.32236131504901855 0.303003154673788  
    0.2843298120285082 0.266353878128327 0.24908528970340277  
    0.2325312847303463 0.21669637841089381 0.20158236237389043  
    0.18718832548025005 0.17351069853608445 0.16054332080857647  
    0.14827753112787045 0.13670227864802778 0.12580425545885768  
    0.11556804630500823 0.10597629545533574 0.0970098868740677  
    0.088648135194594 0.08086898412873514 0.07364920866593255  
    0.06696461727815274 0.060790249831277385 0.055100566784808735  
    0.04986962403837089 0.04507122764803055 0.040679061400392263  
    0.03666677766818143 0.03300804106388629 0.029676509395749597  
    0.02664573302930768 0.02388894896330158 0.021378741417373694  
    0.01908654335650158 0.016981972751985274 0.015032060139830845  
    0.01320058616424585 0.01144810838196685 0.009733954801515898  
    0.008022554118197314 0.006297402958463039 0.004584321031525797  
    0.0029760226043569417 0.0016294256770206846 0.0006970173162633465  
    0.00021020810976769328 3.8790041692292745e-05  
    3.5131578789390508e-06 1.0130997568605033e-07  
    2.8314611602682527e-10 1.4427767162096884e-16 
  DENSITY_IMP_1 = 0.525940143 0.52519138 0.5243843592 0.5235198354  
    0.5225985632 0.521621297 0.5205887914 0.5195018008000001  
    0.5183610798 0.5171673830000001 0.5159214648 0.5146240798  
    0.5132759826000001 0.5118779276000001 0.5104306694 0.5089349624  
    0.5073915612 0.5058012204 0.5041646946 0.502482738 0.5007561054  
    0.4989855512 0.4971718302 0.4953156964 0.49341790480000003  
    0.49147920980000004 0.48950036580000006 0.4874821274 0.485425249  
    0.4833304854 0.481198591 0.4790303204 0.4768264278  
    0.47458766820000003 0.4723147958 0.4700085652 0.46766973100000003  
    0.4652990476 0.46289726960000005 0.4604651516 0.4580034478  
    0.4555129131999999 0.452994302 0.450448369 0.44787586840000004  
    0.44527755480000003 0.4426541828 0.44000650680000003 0.4373352814  
    0.4346412612 0.4319252004 0.4291878534 0.426429975 0.423652319  
    0.42085563980000007 0.41804069140000005 0.41520822780000005  
    0.41235900200000003 0.409493767 0.4066132746 0.40371827600000004  
    0.4008095194 0.3978877512 0.3949537128 0.3920081398 0.389051758  
    0.3860852792 0.38310939380000003 0.3801247606 0.3771319911999999  
    0.37413162640000003 0.3711241014 0.3681096938 0.36508844600000007  
    0.36206004960000004 0.359023672 0.35597770079999996 0.3529193594  
    0.34984413940000003 0.3467449566 0.34361090079999995  
    0.34042539439999997 0.3371634915999999 0.33378795340000006  
    0.33024362160000004 0.32644952359999996 0.32228816860000004  
    0.3175918768 0.31212714340000003 0.30558081340000004 0.2975572208  
    0.2876037672 0.2752903654 0.2603638756 0.24296121419999978  
    0.2237866851999998 0.2040954806 0.1853915829 0.16896303078  
    0.15553276096 0.14520249624 
  DENSITY_IMP_2 = 0.013148503575 0.0131297845 0.013109608980000001  
    0.013087995885 0.01306496408 0.013040532425000001 0.013014719785  
    0.012987545020000001 0.012959026995000001 0.012929184575  
    0.01289803662 0.012865601995 0.012831899565 0.01279694819  
    0.012760766735000002 0.012723374059999999 0.01268478903  
    0.01264503051 0.012604117365 0.01256206845 0.012518902635  
    0.01247463878 0.012429295755 0.01238289241 0.01233544762  
    0.012286980245 0.012237509145 0.012187053185 0.012135631224999999  
    0.012083262135 0.012029964775 0.01197575801 0.011920660695000002  
    0.011864691705000001 0.011807869895 0.01175021413  
    0.011691743275000001 0.011632476190000001 0.011572431740000002  
    0.01151162879 0.011450086195 0.011387822829999998  
    0.011324857550000001 0.011261209225 0.011196896710000001  
    0.011131938870000002 0.011066354569999999 0.01100016267  
    0.010933382035 0.01086603153 0.01079813001 0.010729696335  
    0.010660749375 0.010591307975 0.010521390995000001  
    0.010451017285000001 0.010380205695 0.01030897505  
    0.010237344175000001 0.010165331865 0.010092956900000002  
    0.010020237985 0.009947193779999999 0.009873842820000001  
    0.009800203495 0.009726293950000001 0.00965213198 0.009577734845  
    0.009503119015 0.009428299779999998 0.009353290660000001  
    0.009278102535 0.009202742345 0.009127211150000002 0.00905150124  
    0.0089755918 0.00889944252 0.008822983985000001  
    0.008746103485000002 0.008668623915 0.00859027252 0.00851063486  
    0.008429087289999998 0.008344698835 0.00825609054 0.00816123809  
    0.008057204215 0.00793979692 0.007803178585000001 0.007639520335  
    0.00743893052 0.00719009418 0.006882259135 0.006509096890000001  
    0.006074030354999994 0.005594667129999995 0.005102387014999999  
    0.0046347895725 0.0042240757695 0.003888319024 0.003630062406 
  DENSITY_TH = 23.008255264655606 22.98477461160463 22.95954010682222  
    22.932562456913985 22.903851889607285 22.87341813418823  
    22.84127043440599 22.80741750689192 22.771867550579415  
    22.734628216334954 22.69570659473185 22.65510920701393  
    22.61284199568597 22.568910293713092 22.523318835072743  
    22.47607173335492 22.427172482454434 22.376623947687133  
    22.324428367793 22.270587328113287 22.215101816953688  
    22.157972184762162 22.099198190938747 22.03877896719608  
    21.97671312070785 21.91299868179052 21.84763316980104  
    21.780613639425756 21.711936699198652 21.641598597051402  
    21.569595242741375 21.495922296725993 21.42057521790787  
    21.343549401490172 21.264840193832374 21.18444304797019  
    21.102353606957532 21.01856781320832 20.933082047655002  
    20.84589324612301 20.756999022503646 20.666397856951225  
    20.57408918070317 20.48007358041837 20.38435290153356  
    20.286930447930473 20.18781111796522 20.08700154718221  
    19.984510275748793 19.88034788123835 19.774527095614808  
    19.66706295705598 19.55797293095121 19.447276945396492  
    19.33499754555667 19.221159912251597 19.105791925054657  
    18.988924139739105 18.87058983565111 18.750824939014755  
    18.629668006163914 18.50716004524642 18.383344481012127  
    18.258266895011975 18.131974855726142 18.004517582544995  
    17.87594558328467 17.746310129360936 17.615662589750404  
    17.484053506011264 17.35153129091407 17.218140405426844  
    17.083918738903723 16.948893805665193 16.813077186081628  
    16.67645629575197 16.538982353359607 16.400552386386817  
    16.260982751491113 16.11996984424925 15.97703197173069  
    15.831423795216699 15.682010879852623 15.527087386248501  
    15.364114703268015 15.189354501530168 14.997370866380756  
    14.780393553578033 14.527587749053485 14.224403829986803  
    13.852430155801537 13.390561136308476 12.818672745900644  
    12.124818080392977 11.315221534048725 10.422654655080224  
    9.505708218903306 8.634609460409619 7.869453057268523  
    7.243938341428854 6.762806262377999 
  NI = 20.981759722511214 20.97043953520927 20.958384715724446  
    20.94558074878797 20.93201217089457 20.917662531176468  
    20.90251439817197 20.886549295703844 20.869747702678826  
    20.852089001869906 20.83355146498369 20.81411221554786  
    20.793747219611934 20.77243123366618 20.75013780670548  
    20.726839256469844 20.702506651788877 20.677109804334265  
    20.650617272626 20.622996327426577 20.59421301686737  
    20.56423213240432 20.533017264357504 20.500530785752165  
    20.466733972935696 20.431586977101027 20.395048927522076  
    20.357078014611513 20.31763154599731 20.276666089062807  
    20.23413755388275 20.19000134241199 20.14421247253574  
    20.096725796660344 20.047496107584745 19.99647839242038  
    19.943628018315056 19.888900960656642 19.832254062350003  
    19.773645276086015 19.71303392972729 19.650381045582456  
    19.585649586206333 19.518804796436743 19.449814467227114  
    19.378649287380938 19.305283134650445 19.229693370684423  
    19.15186115685759 19.071771729356705 18.989414652189627  
    18.90478409227196 18.81787905190242 18.728703506392982  
    18.637266636633345 18.543582913863194 18.44767220682931  
    18.349559784278213 18.24927636210222 18.146858007069504  
    18.04234607472783 17.935786967052845 17.827232004904257  
    17.71673706074395 17.604362256972284 17.490171484289988  
    17.374231876649333 17.256613113841865 17.13738657494081  
    17.01662423090253 16.89439716518814 16.770773584213693  
    16.645816052927444 16.519577581730385 16.392096011203257  
    16.26338580430394 16.133426148639213 16.002143265333636  
    15.869384467542227 15.734879754338502 15.598185065381385  
    15.458598816993396 15.315039559545248 15.165868190657001  
    15.008633018376031 14.839711679700338 14.65382490740151  
    14.443413771476067 14.197923472266968 13.903160942133606  
    13.541136601523075 13.091182953896949 12.533524098761285  
    11.856315682225958 11.065489272177462 10.193063094640456  
    9.296471561246614 8.444579574779242 7.696265849409048  
    7.084517261161708 6.613973703731999 
  NZ = 2.0264955421443935 2.0143350763953647 2.001155391097778  
    1.9869817081260133 1.9718397187127155 1.9557556030117658  
    1.938756036234016 1.9208682111880768 1.9021198479005874  
    1.8825392144650472 1.862155129748156 1.8409969914660709  
    1.819094776074036 1.796479060046911 1.7731810283672618  
    1.749232476885078 1.7246658306655591 1.699514143352869  
    1.673811095166999 1.6475910006867112 1.6208888000863149  
    1.5937400523578407 1.566180926581247 1.538248181443918  
    1.5099791477721518 1.4814117046894888 1.4525842422789628  
    1.4235356248142437 1.3943051532013444 1.364932507988596  
    1.335457688858626 1.305920954314006 1.2763627453721287  
    1.2468236048298276 1.2173440862476268 1.1879646555498118  
    1.1587255886424723 1.1296668525516798 1.1008279853049994  
    1.0722479700369918 1.0439650927763569 1.0160168113687702  
    0.9884395944968355 0.9612687839816272 0.9345384343064447  
    0.908281160549532 0.8825279833147766 0.8573081764977888  
    0.8326491188912047 0.8085761518816474 0.7851124434251848  
    0.7622788647840185 0.7400938790487881 0.7185734390035081  
    0.6977309089233271 0.6775769983884028 0.6581197182253463  
    0.6393643554608938 0.6213134735488904 0.6039669319452501  
    0.5873219314360845 0.5713730781935764 0.5561124761078704  
    0.5415298342680278 0.5276125987538577 0.5143460982550083  
    0.5017137066353358 0.48969701551906775 0.47827601480959403  
    0.46742927510873505 0.4571341257259326 0.44736682121315274  
    0.43810268597627744 0.4293162239348088 0.42098117487837095  
    0.4130704914480306 0.4055562047203923 0.39840912105318144  
    0.3915982839488863 0.3850900899107496 0.3788469063493076  
    0.3728249782233015 0.36697132030737356 0.3612191955915016  
    0.3554816848919853 0.3496428218298308 0.3435459589792459  
    0.3369797821019669 0.32966427678651594 0.3212428878531973  
    0.31129355427846306 0.2993781824115258 0.28514864713935695  
    0.2685023981670207 0.2497322618712631 0.2295915604397675  
    0.20923665765669228 0.19002988563037893 0.1731872078594757  
    0.1594210802671461 0.14883255864600015 
  DENSITY_HE = 1.4285755276932812 1.4174534245548926 1.4053966222596963  
    1.3924296554228057 1.3785775551569106 1.363865854280015  
    1.3483206010440396 1.3319683692414974 1.3148362676881176  
    1.296951952688414 1.2783436325652744 1.2590400849220447  
    1.2390706610736215 1.2184652908861575 1.197254490377933  
    1.1754693699886696 1.1531416308091396 1.1303035663407284  
    1.1069880594606767 1.0832285762415192 1.059059159154872  
    1.0345144054081223 1.009629464779633 0.9844399985543641  
    0.9589821732270325 0.9332926139040467 0.9074083724132029  
    0.8813668849283783 0.8552059227009999 0.8289635354557776  
    0.8026779889881877 0.7763876948346495 0.7501311317761965  
    0.7239467710994021 0.6978729736174265 0.6719478977174811  
    0.6462093940108443 0.6206948886534002 0.5954412711189544  
    0.5704847664932844 0.5458608036562209 0.521603885361379  
    0.49774744720356817 0.47432372138000156 0.4513635915136954  
    0.4288964552318019 0.4069500839373976 0.3855504865686432  
    0.36472178075019634 0.3444860677774287 0.3248633181938452  
    0.3058712678431684 0.28752532665392067 0.269838498951839  
    0.2528213236731749 0.23648182831540915 0.22082550339111465  
    0.20585529423312776 0.19157161583606613 0.17797238578524402  
    0.16505307963055316 0.15280680404938718 0.14122439353405203  
    0.13029452169099318 0.1200038326272326 0.11033708621316163  
    0.1012773170534812 0.09280600429610693 0.08490324985646042  
    0.07754796128889097 0.07071803695629544 0.06439054938663823  
    0.05854192346415248 0.053148104532259044 0.04818471226792728  
    0.04362717376334722 0.0394508302263791 0.03563100657263329  
    0.03214303439303403 0.028962212507344084 0.026063685318985712  
    0.02342221541318879 0.021011820805741377 0.018805251018859586  
    0.016773295030794104 0.014883980372920224 0.013101888656551867  
    0.011388185328269497 0.00970267790979027 0.008010329963179425  
    0.006295579880503913 0.004586045512471024 0.002977269504248135  
    0.0016292998355341573 0.0006964601326315953 0.00020996379439836325  
    3.8774257512047004e-05 3.5204059751042464e-06  
    1.0189918367409074e-07 2.846282007627006e-10 1.3344431222462817e-16 
  BETAN_TH_TARGET = 2.6862572565902054 
  BETAN_TH = 2.6860789530762084 
  PMHD = 1251805.1598762562 1246001.623588411 1239704.295871232  
    1232925.4961503767 1225677.682871067 1217973.4417068649  
    1209825.4752691842 1201246.5907141778 1192249.689807432  
    1182847.757500135 1173053.851153482 1162881.0908296632  
    1152342.6490063907 1141451.7400434082 1130221.6115443094  
    1118665.534200956 1106796.793339388 1094628.6796994784  
    1082174.4809001007 1069447.4720073433 1056460.9097370117  
    1043228.0223558495 1029762.0037594188 1016076.0036240667  
    1002183.1240768482 988096.4093641193 973828.8406331649  
    959393.3299253315 944802.7130623996 930069.7450349679  
    915207.0927063846 900227.3303888752 885142.933393953  
    869966.2751638801 854709.6192293804 839385.1166589214  
    824004.8004921617 808580.5808447769 793124.2410644457  
    777647.432826798 762161.6711210406 746678.331706573  
    731208.6441619571 715763.6895700615 700354.3940992359  
    684991.5259864243 669685.6901489182 654447.3230256197  
    639286.6882038875 624213.8709478237 609238.7723317954  
    594371.1046403566 579620.3859590109 564995.9324683426  
    550506.8546945209 536162.0500672411 521970.19728100736  
    507939.7487862923 494078.925796853 480395.71053040965  
    466897.8407323912 453592.800760441 440487.8170730571  
    427589.8488437959 414905.5816139607 402441.4177041844  
    390203.4667785559 378197.533338707 366429.10156205436  
    354903.3146776484 343624.9460618586 332598.35839768016  
    321827.4441667962 311315.53788940655 301065.28575941874  
    291078.44990984764 281355.6171949119 271895.7583638247  
    262695.56824696175 253748.47171450453 245043.1286763004  
    236561.19265432615 228273.96016764233 220137.39849009592  
    212084.85617394792 204016.5918827657 195785.25303753288  
    187176.9815032498 177889.74982354132 167515.4867964694  
    155542.85276896102 141414.2326901536 124685.82277487857  
    105322.18562216057 84050.10795936546 62500.79975973232  
    42807.560553663214 26724.285035756046 14915.862565358799  
    6972.193345113802 1949.4735359973863 
/

&INMETRIC
  IP = 8100000.004 
  BCENTR = 7.0 
  RMAJOR = 4.372641194745603 4.372543466536937 4.372239253669637  
    4.3717305721781425 4.371023754961311 4.370118834575511  
    4.369021206899074 4.367734233715531 4.366262592038206  
    4.364610898493684 4.362783982506862 4.360786207314795  
    4.35862263071547 4.356298525583487 4.353818416019793  
    4.351187860266197 4.348412632168869 4.345498965260913  
    4.3424531801289765 4.3392810735953 4.335989106221438  
    4.332583778659387 4.329071535437926 4.3254590057498685  
    4.321752757000874 4.317959177554512 4.314084900511132  
    4.310136234706775 4.306119537843463 4.302040992477673  
    4.297906421718853 4.293722130621536 4.2894943371238625  
    4.285228444250708 4.280929389399258 4.276601761997113  
    4.272249685473202 4.267876973420074 4.263487257896839  
    4.259083845466313 4.25466977420113 4.2502479150010775  
    4.245820938851983 4.2413913257034626 4.236961393065304  
    4.232533278763486 4.228109012127554 4.223690426164364  
    4.219279326155721 4.214877292561403 4.210485857569553  
    4.2061064566586 4.20174038733217 4.197388840038322  
    4.193053041197414 4.188733979949493 4.18443264162507  
    4.180149992776767 4.175886830815413 4.171643904920527  
    4.167422018638668 4.163221869643513 4.159044069738986  
    4.154889126398616 4.150757520802321 4.1466496867362554  
    4.142566028176031 4.1385070813116585 4.134471781705152  
    4.130458822954695 4.126466579960941 4.1224933265577794  
    4.1185367143293865 4.114594672861853 4.110665054360671  
    4.106745864795326 4.102835285456296 4.098931910058931  
    4.095034747765241 4.091143513781205 4.087258383883244  
    4.083380404247542 4.079511188917612 4.07565272331882  
    4.071806682152028 4.067975104198638 4.064160855104445  
    4.060368401596859 4.056600484659657 4.052857801466376  
    4.049137923408518 4.0454297726934465 4.041708932715879  
    4.037949026443075 4.034128033919125 4.0302352373120325  
    4.026288825818149 4.022337425670227 4.018440630013256  
    4.014693345641092 4.01128221339063 
  AMINOR = 1.3390798359498053 
  KAPPA = 1.876211583667701 1.8753906650350787 1.8729279091372117  
    1.8711184387234325 1.868502395106889 1.8653225188316653  
    1.8616414608750562 1.8574899041970212 1.853012060390827  
    1.8482693575029119 1.8433566515805881 1.8383804712346914  
    1.833395040406527 1.8284554020281536 1.8236005508703692  
    1.8188271064636699 1.814105978502488 1.809426862723488  
    1.8047918461328576 1.8002052803122794 1.7956688783294363  
    1.79118666955552 1.7867640264333393 1.7824055097762528  
    1.7781165987309226 1.7739041559482864 1.769772364758479  
    1.7657270692248321 1.7617741198401597 1.7579170377349655  
    1.754161766801512 1.750513916917092 1.7469782572995636  
    1.7435573962070094 1.7402525473703307 1.7370652369643118  
    1.7339953932442436 1.731043556192418 1.7282091239402462  
    1.7254912140275014 1.7228896546337338 1.7204027998929863  
    1.7180300828199697 1.715770563702739 1.7136227326620437  
    1.711585941702216 1.7096587659623452 1.7078402447991905  
    1.706129378768497 1.704524930620058 1.7030262611136595  
    1.7016320652056014 1.7003416352030511 1.699154268525884  
    1.6980688592555246 1.697085033194527 1.6962019582755643  
    1.695419068181123 1.6947361802295142 1.6941527030377672  
    1.6936682744415412 1.693282187604955 1.6929945430993019  
    1.6928067025750761 1.6927193555455582 1.6927307529042774  
    1.6928368771907456 1.693041331794526 1.6933593376817662  
    1.6938009180990186 1.6943842604358164 1.695131916634339  
    1.6960650027204787 1.6972100810609656 1.6985934599495403  
    1.7002433472751133 1.7021909385035332 1.7044693189391569  
    1.7071126369544318 1.7101606412733221 1.7136530835125792  
    1.7176366904892828 1.7221594761166807 1.7272754856385113  
    1.7330491315913554 1.7395547654172747 1.7468678367291237  
    1.7550339541413478 1.764094149885749 1.774059486910529  
    1.7849105990742513 1.7965367442856137 1.808771604225827  
    1.821358731043962 1.8341075337963513 1.8469881084080813  
    1.860330854534324 1.8748006596703604 1.8917341124283198  
    1.913328354818437 1.9466175546766464 
  DELTA = 0.0 0.008835236948004442 0.017163621777362588  
    0.02539954744873952 0.0335310534967882 0.041435469078511096  
    0.049110162030008765 0.05653158627033259 0.06369652237290661  
    0.07059164831947301 0.07722047696880147 0.08357861583750964  
    0.08969047064470906 0.09557983491212026 0.10124273119599293  
    0.10667338440949262 0.11187397931899376 0.11684819246934763  
    0.12159736886675328 0.1261300558255318 0.13045393187345253  
    0.13457700343980766 0.1385068051882824 0.14225247822920115  
    0.1458248077162918 0.14923141233431889 0.1524801205505295  
    0.15557876732554493 0.158538004775486 0.1613671341569526  
    0.16407151148040727 0.1666606027446246 0.16914584307669273  
    0.1715363222046862 0.17384051664444905 0.17606776772379676  
    0.17822709967765268 0.18032826958520004 0.18237890994191203  
    0.18438635176965693 0.18635702189712247 0.1882971266676896  
    0.1902120118551242 0.19210717349597536 0.19398724731467804  
    0.19585596033344452 0.19771792692295712 0.19957627696597396  
    0.20143500792512872 0.20329697206540712 0.20516459172562276  
    0.20704131431249143 0.2089289147330954 0.2108303043491895  
    0.2127473240802356 0.21468225784878983 0.21663711200663435  
    0.2186131869553707 0.22061380335076264 0.22264021233759984  
    0.22469383503120238 0.22679625807953208 0.22894083816013344  
    0.23111933003840873 0.23333329729331453 0.23558552335523705  
    0.2378797135909507 0.24021699924471931 0.24261469449216913  
    0.24509528173255762 0.24768494287017512 0.25041030546782495  
    0.25330157304567724 0.2563906296029276 0.25971027765437865  
    0.2632991368730281 0.2671966231592208 0.2714405234740922  
    0.2760790991850868 0.28115744575830703 0.28673061436118574  
    0.29286987965368666 0.2996285442323831 0.307085164033596  
    0.3153286412821027 0.32447876478342685 0.33463832429777957  
    0.34584691528441885 0.35806424985815144 0.3711664736214938  
    0.3849111957582232 0.39895502752222445 0.4128687204297924  
    0.42640372921611147 0.43945835841973185 0.45214013594787145  
    0.46502096166616974 0.4787886409269959 0.49482931936286567  
    0.5157953271928921 0.5515840123318722 
  NRHO = 101 
  RHOB = 1.8321448931118285 
  RHO = 0.0 0.01 0.02 0.030000000000000002 0.04 0.05  
    0.060000000000000005 0.07 0.08 0.09 0.1 0.11 0.12000000000000001  
    0.13 0.14 0.15 0.16 0.17 0.18 0.19 0.2 0.21 0.22 0.23  
    0.24000000000000002 0.25 0.26 0.27 0.28 0.29 0.3 0.31 0.32 0.33  
    0.34 0.35 0.36 0.37 0.38 0.39 0.4 0.41 0.42 0.43 0.44 0.45 0.46  
    0.47 0.48000000000000004 0.49 0.5 0.51 0.52 0.53 0.54 0.55 0.56  
    0.57 0.58 0.59 0.6 0.61 0.62 0.63 0.64 0.65 0.66 0.67 0.68 0.69 0.7  
    0.71 0.72 0.73 0.74 0.75 0.76 0.77 0.78 0.79 0.8 0.81 0.82 0.83  
    0.84 0.85 0.86 0.87 0.88 0.89 0.9 0.91 0.92 0.93 0.94 0.95  
    0.9600000000000001 0.97 0.98 0.9899999999999999 1.0 
  VOLP = 0.0 3.506760428626706 7.010698944313236 10.5090166189647  
    13.99903312970233 17.478105462144967 20.94378845259722  
    24.393712370597562 27.825676448093834 31.23759143507017  
    34.62748681445051 37.99349300474205 41.333878399558344  
    44.647023188746104 47.931492826939945 51.18612836233242  
    54.409929780988016 57.601995350209926 60.76154697524197  
    63.88792747907765 66.98071030142202 70.03957834486359  
    73.06431806805344 76.05486627223259 79.0112482139742  
    81.9336182770408 84.82220105249 87.67728833454377 90.4992415545311  
    93.28847578360877 96.04570159825649 98.77175040381837  
    101.46703227857328 104.13170383993756 106.76605264053231  
    109.37040607925904 111.94506286217839 114.49037153931867  
    117.00669205933913 119.49434833992476 121.95368245512793  
    124.38504692553208 126.78877801964961 129.16521869253873  
    131.51471729057627 133.83757883075506 136.13414106022287  
    138.40472845352204 140.64963798732072 142.86916571370173  
    145.06360596858494 147.2332444512344 149.3783313975424  
    151.49910302458284 153.59586222357737 155.6688253084037  
    157.71817122692875 159.74411751583258 161.74682763706073  
    163.72646081089425 165.6832611148536 167.6175132137545  
    169.52932485109352 171.41841444979136 173.28473288974547  
    175.12855183790202 176.94919912979654 178.7432867257458  
    180.50425268612767 182.22644683595104 183.9063518493408  
    185.53951731087596 187.12163421168003 188.64941514635535  
    190.119658062251 191.52951999317042 192.8767133248786  
    194.1595563591936 195.3769419885789 196.52818909497873  
    197.61315577780246 198.63101736410266 199.5809346636846  
    200.46229582706636 201.27204084425395 202.0120526835197  
    202.6966452862068 203.33498232187046 203.91876247783642  
    204.4259306292826 204.8340253241565 205.13060510013037  
    205.3075087772878 205.37896299912592 205.38366870133595  
    205.34011054307143 205.2640025468667 205.10733653775216  
    204.8306575303515 203.95732792070547 202.1541429771139 
  IPOL = 0.986020145093471 0.9860285090014365 0.9860535838587557  
    0.9860953191971055 0.9861536261408284 0.9862283728353369  
    0.9863193771972983 0.9864263978972239 0.9865491272380741  
    0.9866871799977616 0.9868401000444872 0.9870073513089306  
    0.987188331892014 0.9873823316957772 0.9875885274623564  
    0.9878060598287574 0.9880340683940563 0.98827165843764  
    0.9885179068702805 0.9887719078130659 0.989032698277182  
    0.9892993209024229 0.9895708120752995 0.9898462216194688  
    0.9901246007737026 0.9904050205675805 0.9906865679535275  
    0.9909683571459547 0.9912495586444579 0.991529350860703  
    0.9918067103711046 0.9920807002656662 0.9923508069447481  
    0.9926167127740331 0.9928780297354398 0.9931343896404439  
    0.9933854465428891 0.993630860566689 0.993870304283667  
    0.9941034662937115 0.9943300469953724 0.9945497633993579  
    0.9947623470946834 0.9949675400728977 0.9951651056593608  
    0.9953548152019736 0.9955364646672716 0.9957098584778045  
    0.9958748194511311 0.9960311901399715 0.9961788226112647  
    0.9963175925485978 0.9964473888613896 0.9965681160300839  
    0.996679698082292 0.996782074072851 0.9968752025270322  
    0.9969590550085905 0.9970336260994284 0.9970989199221467  
    0.9971549639254502 0.9972017981274197 0.9972394845004195  
    0.9972680976041499 0.9972877292744893 0.9972984972677175  
    0.9973010402435329 0.9972970676654809 0.9972889269869222  
    0.9972789400718198 0.9972692553415219 0.9972618176904615  
    0.9972583355498457 0.9972602639543515 0.9972687748924438  
    0.9972847240385834 0.9973086604911536 0.9973408250609108  
    0.997381167805989 0.9974293895031612 0.9974849790207561  
    0.9975472959209664 0.9976156586777335 0.9976894535073495  
    0.9977683746737354 0.9978523665521957 0.9979402097689157  
    0.9980315585736504 0.9981290339906365 0.9982368108856775  
    0.9983600775396997 0.9985047428381821 0.9986758214680325  
    0.9988743284975496 0.999093534150967 0.9993169531444301  
    0.9995227922921053 0.9996943698410721 0.999826985475802  
    0.9999256483824674 0.9999961942145505 
  G11 = 0.0 3.8015518501685275 7.605210345976909 11.412582702561366  
    15.229136138018333 19.054307422297633 22.888624386901288  
    26.732544149488447 30.586725536461778 34.45122101087748  
    38.32611086911541 42.21347735440359 46.123591520493086  
    50.061665155512436 54.02611635519668 58.01638501768322  
    62.02548576617071 66.06319771516453 70.11591315138557  
    74.18425743565857 78.27643000824276 82.38391948527209  
    86.50849835450961 90.64630091442818 94.79857943178382  
    98.95941435835627 103.12709628937303 107.3032830051179  
    111.4857075563359 115.66963664907729 119.8538943393213  
    124.03645087774832 128.21636695862523 132.39400994711156  
    136.57001422333533 140.7444849404529 144.91778151145093  
    149.09007625337088 153.26200401531298 157.43378299492926  
    161.6031456772722 165.77120987611144 169.94247720879622  
    174.11491214010272 178.2837458573802 182.45751391859176  
    186.6326995317895 190.80750084517842 194.98811993652635  
    199.17025324814452 203.35601819184933 207.54806604490662  
    211.74223801648967 215.9445096679656 220.15409381815147  
    224.36667701827088 228.5921837356852 232.82634292593914  
    237.06700480513402 241.32073940261864 245.5885435356621  
    249.86739814847098 254.1595418302947 258.46839595889605  
    262.7953443851954 267.14108991776106 271.512467157505  
    275.9335152680325 280.44366123137473 285.07667046045503  
    289.8592390176375 294.8200954964041 299.98802067802  
    305.39053586188555 311.055593354301 317.0132935701077  
    323.2954913073906 329.93374896430925 336.96184493231783  
    344.4165421450557 352.3376636248269 360.7762137222421  
    369.78829978292396 379.4416848282649 389.8151081392425  
    400.94152063455965 412.74763660541015 425.1239822097464  
    438.0434893833137 451.5257027297585 465.514439950501  
    479.69932680747957 493.8133785151529 507.5901490310853  
    521.1812389256665 535.4084487333564 552.0069456505148  
    573.0476983061428 603.1564414587947 653.3459270025055  
    750.1048674789771 
  G22 = 0.0 0.02014531125057059 0.04030188184536269 0.06047861085277607  
    0.08070498288795208 0.10097843735757486 0.12130294225790925  
    0.14168185417347762 0.1621200469873705 0.18261922627473212  
    0.2031812496572409 0.22381857083066325 0.24458741299985048  
    0.265517095721855 0.28660150854846833 0.307841153724796  
    0.32920259186859996 0.35074093534992057 0.372387083887813  
    0.39414780159910234 0.41607078815312226 0.43811493918392924  
    0.46029369898605405 0.4825910160112702 0.5050177811554648  
    0.52754706647189 0.5501743304579417 0.5729126750568087  
    0.5957544334893057 0.6186786839019711 0.6416847323320021  
    0.6647678630574918 0.6879259086903823 0.7111618606413076  
    0.734481060683918 0.7578862182619402 0.7813811494927916  
    0.8049689647238913 0.8286554429362266 0.8524436255618012  
    0.8763232551429583 0.9003026405740585 0.9244080523940934  
    0.948630520693043 0.9729462268015818 0.9974034402585047  
    1.0219850274467015 1.04668316513905 1.0715336423060298  
    1.0965147215218216 1.1216399693809451 1.1469259772484248  
    1.1723513097067078 1.1979509575815854 1.223722775788232  
    1.2496442915777752 1.2757724511793171 1.3020852876074613  
    1.32857217443201 1.3552718997736448 1.3821925639360297  
    1.4093196962773302 1.4366668645999583 1.464251774315319  
    1.492084274453592 1.5201741072517796 1.548554025358982  
    1.5773198097798389 1.6066328543977169 1.6366388356592234  
    1.667454546637795 1.6992064655229222 1.7320267065450567  
    1.7660453271269285 1.8013980900127595 1.8382362098654397  
    1.8767241711638047 1.9170302752961697 1.9593433956392372  
    2.0038763471299728 2.0508575051723366 2.1005739220251676  
    2.153350168853138 2.2095701725846086 2.2696871528574047  
    2.333959473810957 2.4022087509480707 2.4740444291798487  
    2.5492919418604028 2.627818641438134 2.7090709043872345  
    2.7911013603256167 2.872390069822013 2.9516389651588533  
    3.03003405661197 3.112563602211036 3.209332026152398  
    3.3316020538698146 3.506447239386702 3.794552377646657  
    4.359176206600495 
  G33 = 0.8368204767876348 0.8369240136637994 0.8372392420051228  
    0.8377634029155177 0.8384903081027358 0.8394179844296279  
    0.840538998138777 0.8418487333338118 0.8433409660203012  
    0.8450104102976124 0.8468521616997348 0.8488619989622587  
    0.8510353890645526 0.8533681724472887 0.8558551671562687  
    0.8584889251627321 0.8612621666685433 0.8641686225748445  
    0.8672023777898258 0.8703577359112481 0.8736277624325214  
    0.8770059542218837 0.880486178709041 0.8840619909786023  
    0.8877273387551229 0.891475982300938 0.8953020954881675  
    0.8992001796738573 0.9031649149236683 0.9071912737218957  
    0.9112723559269893 0.9154009848478138 0.9195742464400241  
    0.9237916300662784 0.9280516933556521 0.9323528429288104  
    0.936693909188943 0.9410734599067395 0.9454901267501324  
    0.9499429567452939 0.9544309591365778 0.9589531447595168  
    0.9635087324646664 0.9680969568130088 0.9727170661388174  
    0.9773686733176133 0.9820511766504042 0.9867641021059899  
    0.9915071907732457 0.9962801928723066 1.001082876753969  
    1.0059150662635585 1.0107768211639272 1.0156682823874472  
    1.0205891240560594 1.0255395847660238 1.0305201216565063  
    1.0355309082266382 1.0405724349392245 1.0456451943288894  
    1.0507490924537182 1.0558837730236628 1.0610499583802324  
    1.0662507621346533 1.0714877542186507 1.0767604760160379  
    1.0820736584554085 1.087447230963797 1.0929191582942683  
    1.098521209491937 1.1042720495262672 1.1101959822621725  
    1.116316576890472 1.1226515939915835 1.1292187500125572  
    1.1360342247386033 1.1431115851456441 1.1504615853433342  
    1.158092394881996 1.1660104710055827 1.1742198660251961  
    1.1827293927816085 1.1915485864271604 1.200686163868529  
    1.210165815340621 1.2199819411778123 1.2300554132701773  
    1.240336236409634 1.2508768113238664 1.2618137393823277  
    1.2732887236994264 1.2853848060915138 1.2981633606761782  
    1.311552273152535 1.3253305385798784 1.3394132219718122  
    1.353736438446736 1.368650255573586 1.3844468223984254  
    1.404425835487381 1.431166500935601 
  GRADRHO = 1.0632416589729505 1.0192937920688914 1.019481458633851  
    1.019760907074391 1.0203455536813328 1.021004402693176  
    1.0217494273610546 1.0225642686855358 1.0234294391901673  
    1.024346080118292 1.0252909412998352 1.026281320578345  
    1.0274306197259258 1.028762056618976 1.0302384176457657  
    1.0318599741881027 1.0335686719289068 1.0354386574178651  
    1.0373534327114666 1.0393251998123403 1.0414175156064323  
    1.043574449688943 1.045810952218506 1.0481082621304356  
    1.0504774553947143 1.0528898549153256 1.0553428556055824  
    1.0578481749131499 1.0603981313732653 1.062974018079542  
    1.0655755954134363 1.0681999809485871 1.070843704485739  
    1.0735064835636672 1.0761893178899498 1.078891422966416  
    1.0816130606796042 1.0843533088162303 1.087113812086057  
    1.0898933750243303 1.092682628659899 1.0954849680516836  
    1.0983129502345863 1.1011583186086915 1.1040049710420348  
    1.1068775294360087 1.10976370242979 1.1126565985404013  
    1.115572771279069 1.1184981066942183 1.1214369224286922  
    1.1243951547569289 1.127359357994928 1.1303441503762837  
    1.1333459217866138 1.1363514275567999 1.139384556335324  
    1.1424324834259327 1.1454879527583206 1.1485659378618052  
    1.151667061839133 1.1547821319940046 1.157913472751123  
    1.1610657922071999 1.1642429977373603 1.167448709928915  
    1.1706894752443964 1.1739814435505573 1.1773680163590305  
    1.1808926268087379 1.1845747830476574 1.1884426842727962  
    1.1925281085295285 1.1968508856397986 1.2014326096183991  
    1.2062948787424606 1.211454831395221 1.2169258891298345  
    1.2227210710105538 1.2288541284184233 1.2353326132399634  
    1.2421710850581986 1.2493936136339119 1.2570212489293004  
    1.2651020187178714 1.2736143283903631 1.2824963773755766  
    1.2917503242317998 1.3014378150638797 1.3116925387298373  
    1.3227359562670105 1.334532279507546 1.3473050430609166  
    1.3609106146912986 1.3749852823959974 1.389451560779215  
    1.404756210169779 1.4202127222650869 1.4398738810842135  
    1.459763707074769 1.4936487897050428 
  AREA = 0.0 3.5825792684790065 7.159991423502201 10.734262558708025  
    14.30224028914358 17.862013190515817 21.41250673952891  
    24.952229881331146 28.480530960219617 31.996641901613927  
    35.5001821134455 38.99099546194967 42.46883325565808  
    45.93303426847695 49.38323052447586 52.818792709081876  
    56.23913562176617 59.64367870247112 63.031864845879106  
    66.4036903985924 69.75867477105994 73.09663106409094  
    76.41729832058778 79.72058242117978 83.00633940837005  
    86.27453827791139 89.52520681241084 92.7583892066476  
    95.97413104591534 99.172549466586 102.35380951275204  
    105.51811338343676 108.6656850735205 111.79674551131757  
    114.91149708687465 118.0101525627028 121.09291338592507  
    124.15998079128664 127.21155769750631 130.24783327105726  
    133.26901831446392 136.27533211828865 139.26696254277704  
    142.24408971031374 145.20692814485022 148.1556966445389  
    151.09054774958054 154.01172254503985 156.9193943099683  
    159.81376067307207 162.6950236347167 165.5633739019615  
    168.4189963665646 171.26211184326007 174.0928694394271  
    176.91149864318513 179.71817964127075 182.51308294040936  
    185.29642038152352 188.06838838929042 190.82915325302278  
    193.57890773519028 196.31785540071166 199.04620387875704  
    201.76414092126043 204.47182140810864 207.16939609674586  
    209.8570767046262 212.535206642415 215.2041289496209  
    217.8642370687111 220.51603691959286 223.1600243656497  
    225.796764438519 228.4269133013905 231.05119717000414  
    233.6704696386258 236.28574386841476 238.8982074584723  
    241.50928673417081 244.12067657907548 246.73441813223934  
    249.35294638755235 251.9790940861787 254.61630382195844  
    257.26860073388525 259.94084026961383 262.63751139052107  
    265.3627196820773 268.1197636158694 270.91026390818547  
    273.7318308994478 276.5781139009233 279.4377789577009  
    282.3021055838827 285.1702798215645 288.06148838896985  
    291.0209594455805 294.1429506503884 297.616101440425  
    302.09480679252334 
  RMINOR = 0.0 0.014106141196568611 0.028221117532935658  
    0.0423450542745889 0.056485815859414146 0.07064700794764267  
    0.08483272934331554 0.09904673254358753 0.11329060848200312  
    0.12756579503186938 0.14187255826855427 0.15620949460990552  
    0.17057483966985298 0.1849644814314111 0.1993757089010324  
    0.21380583669238495 0.22825439442186202 0.24272071514165106  
    0.25720320358249626 0.27170178439973247 0.28621454573436855  
    0.30074030441940947 0.31527729296621443 0.3298242888526548  
    0.3443793706121585 0.35894084827172357 0.37350720214906596  
    0.38807663283239036 0.4026470596404237 0.41721688742846075  
    0.43178430213858876 0.44634715388155066 0.46090361373393907  
    0.47545198254468435 0.48999057128471213 0.5045177579154014  
    0.5190319490020125 0.5335316081759258 0.5480153420131375  
    0.5624817410997711 0.5769294839942649 0.5913574740038592  
    0.6057644449128543 0.6201490758582886 0.6345104111240496  
    0.6488474616399058 0.6631589551647215 0.6774441683386478  
    0.6917020207716325 0.705931594845981 0.7201320395668478  
    0.7343025009665674 0.7484420904921452 0.762550124391731  
    0.7766256531923441 0.7906680644820496 0.8046765306109542  
    0.8186502597511776 0.8325886083285332 0.8464908805531846  
    0.8603563187285777 0.8741842274129994 0.8879738785439022  
    0.9017245297468763 0.9154354181729254 0.9291059328661491  
    0.9427356603894521 0.9563229217733002 0.9698648650287824  
    0.9833571926945079 0.9967952458731277 1.0101727972318886  
    1.02348323014282 1.0367192496969135 1.049873049778858  
    1.0629362722640188 1.0759001128922627 1.0887552930671847  
    1.1014922868355932 1.114101115078066 1.126571666614417  
    1.1388935026122278 1.1510562902474801 1.1630487688444586  
    1.174859232367311 1.1864767118204131 1.1978918880013667  
    1.2090991531844815 1.2200991185393602 1.230898474547665  
    1.2415126026159191 1.251962921549996 1.2622735445560045  
    1.2724759808422446 1.2825956545320834 1.2926347526048416  
    1.30257022838143 1.3123430028510616 1.3218483149867721  
    1.3308942455460016 1.3390798359498053 
  SHIFT = 0.3726411947456034 0.3725434665369374 0.37223925366963684  
    0.37173057217814254 0.37102375496131135 0.37011883457551065  
    0.3690212068990739 0.36773423371553093 0.3662625920382059  
    0.3646108984936838 0.36278398250686195 0.3607862073147947  
    0.3586226307154696 0.35629852558348674 0.35381841601979325  
    0.3511878602661973 0.348412632168869 0.34549896526091306  
    0.3424531801289765 0.33928107359530024 0.3359891062214384  
    0.33258377865938726 0.3290715354379259 0.3254590057498685  
    0.3217527570008736 0.31795917755451164 0.3140849005111317  
    0.31013623470677487 0.3061195378434629 0.30204099247767324  
    0.29790642171885295 0.2937221306215356 0.2894943371238625  
    0.28522844425070826 0.28092938939925816 0.27660176199711284  
    0.27224968547320216 0.26787697342007366 0.2634872578968386  
    0.25908384546631336 0.2546697742011297 0.25024791500107746  
    0.24582093885198297 0.24139132570346256 0.23696139306530384  
    0.23253327876348617 0.22810901212755397 0.22369042616436374  
    0.21927932615572132 0.2148772925614031 0.2104858575695534  
    0.20610645665859995 0.20174038733216992 0.1973888400383217  
    0.1930530411974143 0.18873397994949315 0.18443264162506967  
    0.1801499927767667 0.17588683081541312 0.1716439049205274  
    0.16742201863866768 0.16322186964351282 0.15904406973898588  
    0.15488912639861585 0.15075752080232085 0.14664968673625545  
    0.1425660281760308 0.13850708131165845 0.13447178170515173  
    0.13045882295469458 0.12646657996094124 0.12249332655777945  
    0.1185367143293865 0.11459467286185276 0.11066505436067064  
    0.1067458647953261 0.10283528545629572 0.09893191005893076  
    0.0950347477652409 0.09114351378120489 0.0872583838832437  
    0.08338040424754212 0.07951118891761233 0.07565272331881978  
    0.07180668215202779 0.06797510419863784 0.06416085510444525  
    0.0603684015968593 0.056600484659656836 0.05285780146637631  
    0.049137923408517636 0.0454297726934465 0.04170893271587861  
    0.03794902644307463 0.03412803391912522 0.03023523731203248  
    0.026288825818149064 0.02233742567022734 0.0184406300132558  
    0.014693345641092037 0.01128221339063007 
  PMHD = 1174455.203 1174126.1864087372 1173138.8629172232  
    1171492.420405745 1169185.7492518406 1166217.7133010956  
    1162587.5837195085 1158295.610933302 1153343.6115916145  
    1147735.8416846269 1141479.2463479526 1134584.521473082  
    1127066.2434293798 1118943.4290765687 1110237.035561862  
    1100969.2339534662 1091161.7358136994 1080837.392048809  
    1070020.8861815748 1058736.6221957447 1047011.4989098206  
    1034872.081344216 1022345.7984450583 1009460.0724016592  
    996242.8098783715 982721.5302067939 968923.7316384644  
    954876.7317942575 940606.2990303198 926138.0216336618  
    911505.078701552 896739.714796162 881859.6355461489  
    866874.2881598187 851796.3781317229 836638.1979412285  
    821411.6967560534 806129.0076947946 790802.1235847322  
    775443.0233037606 760063.5548543583 744675.330584977  
    729289.9737453077 713919.1402782563 698574.1774223337  
    683266.1816871006 668006.464357386 652805.7836056448  
    637675.0001721677 622624.7207958811 607665.3029083231  
    592807.0199853107 578059.8922765577 563433.6247895715  
    548938.0342209785 534582.2437144214 520375.5299605593  
    506326.8415567387 492444.6864240069 478737.45858829655  
    465213.4090246159 451880.35681999195 438745.83378835605  
    425817.1354856973 413101.2530789138 400604.80562231125  
    388334.2298452548 376296.08149240614 364497.1806756198  
    352944.1555343795 341643.1356566631 330599.74546773854  
    319818.83584898495 309304.45545735746 299059.67259789165  
    289086.355430185 279384.9913907486 269954.29657627264  
    260790.67744784415 251887.27110656386 243232.55280475176  
    234808.2255943197 226585.99568936139 218522.88782912155  
    210554.33249162877 202584.48339109888 194472.09376603796  
    186011.48082782098 176912.980955807 166783.06492593305  
    155125.3090633019 141385.0643076109 125094.36647154947  
    106152.65970819125 85181.96616404757 63724.179682825976  
    43906.30854558668 27558.702071011405 15471.439970414482  
    7302.528729325164 2199.032813564059 
  QMHD = 3.657569630534409 3.655584698797935 3.649700960861289  
    3.6401302102742426 3.6272219052848844 3.6114565673801633  
    3.593435433791212 3.57386482494592 3.553533086543868  
    3.5332796644879227 3.5139515467595284 3.496351868482267  
    3.481173267300341 3.4687447051827522 3.458622902437153  
    3.4497340887664727 3.441527838425277 3.4340359046757465  
    3.4272588810671327 3.4211519964549186 3.41561464128615  
    3.4105034693542082 3.4057581172963696 3.4013405247505384  
    3.3971842396199574 3.393248559641722 3.389499843332797  
    3.3858956442839356 3.3824137304173427 3.379079078408031  
    3.375833046702072 3.3726203713275336 3.369488591525486  
    3.3664875559946514 3.363632255335538 3.360943683930821  
    3.3584432249741942 3.356162384101369 3.3541186924853843  
    3.3523347556664853 3.35083148142245 3.3496246366678397  
    3.348739657713853 3.3481923174984587 3.347998660466553  
    3.348183887705247 3.348755641803613 3.349739695032497  
    3.3511507500650364 3.3530032744026035 3.3553194506787647  
    3.3581113047526183 3.361397779234352 3.3651962461246683  
    3.3695217343806068 3.3743970670332555 3.3798341127064737  
    3.385851021251359 3.3924689285492824 3.3997007986857417  
    3.4075707235613377 3.416102736743197 3.425322813158046  
    3.4352551859571667 3.4458673124014805 3.457123314702062  
    3.469280501955731 3.4831659173581593 3.4999064972831517  
    3.5203018441297194 3.5452172174529717 3.575264393068102  
    3.610970625302243 3.6528704965353667 3.701412654356634  
    3.75701721093439 3.8201101846822825 3.891095009866698  
    3.970375383986345 4.058366080845957 4.155463740343382  
    4.262126833589037 4.378642029373582 4.505385968443636  
    4.6429923348762 4.791883279052008 4.950694704884275  
    5.115967119868755 5.285523968242587 5.455816235170276  
    5.620106279253664 5.770747194187963 5.898649395824262  
    6.001298071099113 6.087866758274893 6.177618024978269  
    6.300532534944679 6.497766674603048 6.822678419940777  
    7.374236651846911 8.627471517129644 
  ER = 0.0 0.0 0.0 0.0 0.0 0.0 0.0 0.0 0.0 0.0 0.0 0.0 0.0 0.0 0.0 0.0  
    0.0 0.0 0.0 0.0 0.0 0.0 0.0 0.0 0.0 0.0 0.0 0.0 0.0 0.0 0.0 0.0 0.0  
    0.0 0.0 0.0 0.0 0.0 0.0 0.0 0.0 0.0 0.0 0.0 0.0 0.0 0.0 0.0 0.0 0.0  
    0.0 0.0 0.0 0.0 0.0 0.0 0.0 0.0 0.0 0.0 0.0 0.0 0.0 0.0 0.0 0.0 0.0  
    0.0 0.0 0.0 0.0 0.0 0.0 0.0 0.0 0.0 0.0 0.0 0.0 0.0 0.0 0.0 0.0 0.0  
    0.0 0.0 0.0 0.0 0.0 0.0 0.0 0.0 0.0 0.0 0.0 0.0 0.0 0.0 0.0 0.0 0.0 
  NC1 = 0.9985000643997597 0.9297120443676066 0.9042973462784213  
    0.8862176579397562 0.8719012782084481 0.859965885107407  
    0.8496933195726407 0.8406616118632173 0.8325909615616086  
    0.8252905319359013 0.8186199959655698 0.8124755782149522  
    0.8067770943019558 0.8014629488517971 0.7964807284103078  
    0.7917862306581394 0.787341009607021 0.7831128984040521  
    0.7790749322695671 0.775203855130857 0.7714789912846824  
    0.7678825145973055 0.7643993992068884 0.7610157512055106  
    0.7577201852721922 0.7545020223254459 0.751352436869291  
    0.7482636810133202 0.7452292985213556 0.7422436981855034  
    0.7392995708459763 0.7363907794395915 0.7335156652310135  
    0.7306744146717218 0.7278660792215292 0.7250896682075731  
    0.7223445229415391 0.7196296133829764 0.716944080590758  
    0.7142872452007799 0.7116583695931329 0.7090567532824367  
    0.7064817119128763 0.7039327524254426 0.7014092457250003  
    0.698910689430754 0.6964366941290234 0.6939866308553136  
    0.691560187501833 0.6891570002609958 0.6867766366255174  
    0.6844187883313817 0.6820831581608716 0.6797694797230395  
    0.6774773802781079 0.6752065369639203 0.6729568777508026  
    0.6707281630129418 0.6685201707789398 0.666332773664611  
    0.6641656113496829 0.6620180946929469 0.6598901002401415  
    0.6577823861098668 0.6556953661005571 0.6536292049982894  
    0.6515834738397901 0.6495625186899756 0.6475755873473319  
    0.6456303768802683 0.643728760271025 0.6418751518922585  
    0.6400743494990481 0.6383278885843383 0.6366379459232978  
    0.6350059619975352 0.6334322125124037 0.6319164241519047  
    0.6304573018245654 0.6290535624363475 0.6277029862901267  
    0.6264048181113263 0.6251588101798116 0.6239645033625278  
    0.6228270089467977 0.6217434902286608 0.6206996115729068  
    0.6196998721206655 0.6187714616194501 0.617961487609946  
    0.6173283899762152 0.6169166276991404 0.6167680883564712  
    0.6168573880794656 0.6170685715519844 0.6172710392080665  
    0.6173106826006782 0.6170642969050101 0.6165511557840403  
    0.6155721531313011 0.614349538237436 
  HFAC1 = 0.9999999999952633 0.9968102688208736 0.9936906177971507  
    0.9906387516168065 0.9876494804211816 0.984719584270782  
    0.9818436821398705 0.9790176384308614 0.9762371539080507  
    0.9734984891038603 0.970798438721336 0.9681344773921028  
    0.9655041207160941 0.9629057235964072 0.9603365529789832  
    0.9577928297313728 0.9552704749780889 0.9527661895554147  
    0.9502771693991833 0.9478003008980679 0.9453324367746984  
    0.9428705758570703 0.9404121461888234 0.9379543763673156  
    0.9354949657131355 0.9330314956401904 0.9305618710638949  
    0.9280842641453164 0.9255970971358807 0.923098894660658  
    0.9205872222707844 0.9180598054246691 0.915516637191097  
    0.9129587441111775 0.9103865849093521 0.9078004898056325  
    0.9052009117275395 0.9025881148895322 0.8999623458097232  
    0.8973240158568664 0.8946734559699543 0.892010920669065  
    0.8893367906483467 0.8866514403147233 0.8839551350752054  
    0.881248302692923 0.8785313356355714 0.87580450154012  
    0.8730682766138527 0.8703230556582418 0.8675692241100644  
    0.864807181059944 0.8620374222317712 0.8592603986073984  
    0.856476443036095 0.8536860062966601 0.8508896883333013  
    0.8480879621123361 0.8452813642292761 0.842470415047671  
    0.8396554281775321 0.8368365752343536 0.8340145161446575  
    0.8311908532505802 0.8283664479297971 0.8255414640749245  
    0.8227176830168316 0.8199038029677288 0.817115345800646  
    0.8143649358666089 0.8116600762644381 0.8090105589775619  
    0.8064257362754645 0.8039127307359639 0.8014787330974756  
    0.7991303907448734 0.7968735528175046 0.7947132132335579  
    0.7926535044507378 0.790698359704062 0.7888511836508372  
    0.7871177275574188 0.7855038846207113 0.7840159935367752  
    0.7826654390727493 0.7814531037148317 0.7803519130909635  
    0.7793438582301901 0.7784460235995204 0.7776998822923352  
    0.7771400453010893 0.7767744078152032 0.7765948067481659  
    0.7765518488587129 0.7765650595819191 0.7766147123332156  
    0.7767141272630377 0.7770515298082737 0.777775003351677  
    0.7801635553252679 0.7851558588941085 
  HFAC2 = 1.0000000000000022 0.9936358850418683 0.9874416158862304  
    0.9814111583849008 0.9755329015744131 0.9697992445365077  
    0.9641984715801375 0.9587214562002577 0.9533588363946485  
    0.9481024720918853 0.9429453105316098 0.9378816827618318  
    0.9329060721327427 0.9280146089226061 0.9232014039312813  
    0.9184586906868021 0.9137782269007519 0.9091532902776596  
    0.9045781510161834 0.9000465916461189 0.8955523873714241  
    0.8910896589135732 0.8866533806254218 0.8822382180242051  
    0.8778397598113333 0.8734534226690037 0.8690752825690394  
    0.8647019282562872 0.8603304584516247 0.8559581961123283  
    0.8515807107546324 0.847193928344364 0.8427979482919808  
    0.8383947462769719 0.8339852330335197 0.8295700794881505  
    0.825150178242808 0.8207260591888837 0.8162982316525389  
    0.8118674757686649 0.8074344205858697 0.8029995699660818  
    0.7985636124619634 0.7941272378915069 0.789690938712141  
    0.7852554656719563 0.7808215138315976 0.7763895454787163  
    0.7719603767281047 0.7675346766212999 0.7631130790700276  
    0.7586962484176151 0.7542849807101039 0.7498800063335457  
    0.7454818402129374 0.7410911694772024 0.736708947757297  
    0.7323358849540094 0.7279727772911867 0.7236204193042814  
    0.7192792271753025 0.7149493517950773 0.7106317210779638  
    0.7063288168645283 0.7020419991642017 0.6977715186935193  
    0.6935199112400151 0.689300022748775 0.6851354898613837  
    0.6810454121022342 0.6770398632800293 0.6731327213217277  
    0.6693372228736623 0.6656624903570131 0.6621178121626201  
    0.6587114483605088 0.6554500964061291 0.6523390719113094  
    0.6493822529910039 0.6465831718653083 0.6439442190523573  
    0.6414711952163198 0.6391704210193522 0.6370483107725132  
    0.6351200792759671 0.6333848858856523 0.6318031148331996  
    0.6303539514705226 0.6290685438178366 0.6280162555259465  
    0.6272632173608118 0.6268370302653056 0.6267467632771561  
    0.6269228748626311 0.6272174015713633 0.6275543918038293  
    0.627885873707647 0.628385046190111 0.6292448941608563  
    0.6319430744853176 0.6378070248121708 
  PSI = 0.0 0.00032589747169603847 0.0013045936491933182  
    0.0029390985756432213 0.005234219451238473 0.008196333409880635  
    0.011833011692644443 0.016152505035924854 0.02116320684081927  
    0.026872821955642397 0.033288102392796705 0.040413766665922383  
    0.048252204884473494 0.056802970172444366 0.06606499601048349  
    0.07603734397842307 0.0867207619200362 0.09811586447377087  
    0.11022253547454587 0.1230417238147695 0.13657262340795712  
    0.15081542970575273 0.16576990285106608 0.18143623577012624  
    0.19781432286869766 0.21490423805820638 0.2327063018570304  
    0.2512208683104652 0.2704481496637257 0.29038847601074563  
    0.3110422160383176 0.3324100671163929 0.35449268867501904  
    0.3772903842844075 0.4008032477014549 0.4250311657590768  
    0.44997379703335505 0.47563050359561443 0.5020003381099726  
    0.529082078167585 0.5568742874648915 0.5853752231285132  
    0.6145825998521031 0.6444937571718403 0.6751060879589966  
    0.7064162969204969 0.7384204889298711 0.7711150805955103  
    0.8044952416748283 0.838556423349262 0.8732931520944931  
    0.9086999371218667 0.9447703698814252 0.9814982579296123  
    1.0188761406065616 1.0568967645545895 1.0955521885276025  
    1.1348337094719825 1.1747325268910291 1.2152393709556617  
    1.2563442018128304 1.2980364634437938 1.3403051709922114  
    1.3831387421546926 1.4265253248231362 1.4704533738262346  
    1.514909949022895 1.559875179618777 1.6053159928380927  
    1.651186480043583 1.697429408763 1.7439777948994175  
    1.7907576732835908 1.837689037127184 1.8846872143261015  
    1.9316647279090629 1.978532434118516 2.0252007994176653  
    2.071581248611454 2.117587194642116 2.1631350743276356  
    2.20814517323628 2.2525428069643842 2.296260055023471  
    2.3392337316188856 2.3814062752068095 2.422732947203322  
    2.4631990245525737 2.5028150929555575 2.541613229287076  
    2.5796564735018883 2.6170495229623425 2.653938619583828  
    2.6904914544921237 2.726848335080838 2.7630602670053523  
    2.799036881335878 2.8344922948967395 2.8689436881667127  
    2.9016162831526824 2.931069646514217 
  VOL = 0.0 0.03214514427508352 0.1284871587970589 0.28894248756231083  
    0.513346409120382 0.8014660993421892 1.1530537106818235  
    1.567807537246685 2.045420323011454 2.585549275977674  
    3.187853954740543 3.8519751227152605 4.577514511061308  
    5.363961356160459 6.2108153826877555 7.117521661815257  
    8.083550818978846 9.10832390269076 10.191225849583518  
    11.331761604037563 12.529276117824747 13.783181467627617  
    15.092837935464562 16.457643110057067 17.876961927771177  
    19.350170988998478 20.876665237897626 22.455837115769803  
    24.0870637535466 25.76974537658407 27.50329741356998  
    29.28714173075091 31.1207101905 33.003442720375816  
    34.93478107957115 36.91417283591406 38.941070091051955  
    41.014930104159916 43.13521621504944 45.30139607923298  
    47.512953499142924 49.769377665935004 52.07014736000198  
    54.414748244175335 56.80269968232294 59.23350705403938  
    61.706662417964004 64.22171585316 66.77816363222666  
    69.37555594775904 72.01341196860258 74.69128949051213  
    77.40871160403935 80.1652582357501 82.9604518067446  
    85.79387233050403 88.66508727813417 91.57364215208045  
    94.51911926824633 97.50110233465061 100.51915668799529  
    103.57285976657207 106.66180200003943 109.78557291093072  
    112.9437539486888 116.13592237750942 119.36164576982898  
    122.6204684190252 125.91185838534743 129.23515289904128  
    132.58961291201047 135.97444108906922 139.38874555663824  
    142.83156841493604 146.3018960359438 149.79865314354026  
    153.32071612572113 156.86692518702682 160.4360962430953  
    164.0270212549337 167.63848414570816 171.26927232986145  
    174.9181462991749 178.5838447420432 182.26506938181774  
    185.96048181662408 189.66900901357837 193.38971152993756  
    197.12165204484273 200.86369721215453 204.61427743618526  
    208.3714168742273 212.13319702262086 215.89687407256835  
    219.66097690457917 223.42408818554517 227.1850764991522  
    230.94242054235343 234.69481803636458 238.43453151907477  
    242.16639131344357 
  GR2I = 0.052394024426367876 0.0524004146122926 0.052419735932479575  
    0.05245183770306432 0.052496404567387446 0.05255325653775498  
    0.05262200001862079 0.05270232612210977 0.05279388181823996  
    0.05289634787399561 0.05300942790061905 0.05313287297572607  
    0.053266416843025924 0.05340980731506473 0.053562720864399595  
    0.05372470964228988 0.05389534619018875 0.054074251546801  
    0.05426106960768273 0.05445545126215709 0.054656979617988224  
    0.05486525974866539 0.05507992335736701 0.05530057902745855  
    0.05552685494033807 0.05575837718088106 0.05599478946180665  
    0.05623575773057728 0.05648096389740681 0.05673008852720803  
    0.0569826969194019 0.0572383733484849 0.05749695867887766  
    0.05775841300697182 0.05802264139867881 0.05828954276978694  
    0.05855904066545312 0.05883104467209621 0.059105468206156225  
    0.05938224757928541 0.059661319655063105 0.0599426195904576  
    0.060226094718581924 0.060511695834827066 0.0607993732657081  
    0.06108909731814227 0.061380830232576955 0.06167453811106772  
    0.06197020175358084 0.06226780424105799 0.0625673248719778  
    0.062868753473343 0.06317208923906929 0.0634773381898529  
    0.0637844785220936 0.0640935217337502 0.06440449617884145  
    0.06471740723367767 0.06503228408312453 0.06534915901722367  
    0.06566802113891539 0.06598884755133774 0.06631168457489789  
    0.06663672093066042 0.0669640531353553 0.06729365773588172  
    0.06762580835593501 0.0679617244495968 0.06830372689162176  
    0.06865373497493527 0.06901289391562451 0.06938271983184739  
    0.06976466746750523 0.0701598413053037 0.07056937242919614  
    0.07099427604295176 0.07143540693608912 0.07189345208714375  
    0.07236894756687895 0.07286230203841979 0.07337375716866437  
    0.07390385435725405 0.07445318073631974 0.07502230638090318  
    0.07561277021155872 0.07622424347231445 0.07685197042477765  
    0.0774928911541023 0.0781498077925368 0.07883088981877762  
    0.07954483811480881 0.0802973698997442 0.08109292351358519  
    0.08192753895346505 0.08278831186215138 0.0836698434821972  
    0.0845669019410778 0.08550047408449894 0.08648944808171662  
    0.08773669998425845 0.08940318870246307 
  BP2 = 3.822222538474307e-10 6.978100569199341e-05  
    0.00028021592743243673 0.0006345042552808877 0.0011380394048288167  
    0.0017976080973411968 0.0026210977914260525 0.003616977224247364  
    0.0047931997464516485 0.006156906556931574 0.00771315986431631  
    0.009464777435191252 0.01141262564393486 0.01355757718246764  
    0.01590297722931666 0.018456935615226655 0.021227770216384556  
    0.02422041689698773 0.027439022066275243 0.0308876794130839  
    0.03457236375469108 0.038498954682012254 0.04267328024250361  
    0.047100508056651336 0.05178658879096787 0.05673707116368121  
    0.061957678597281074 0.06745466884120077 0.07323361864198574  
    0.07929833806688436 0.08565526607130636 0.09231147022456554  
    0.09927004716742971 0.10653434227059222 0.11410874239544455  
    0.12199700192149265 0.13020227250068217 0.13872654264635997  
    0.1475718934240433 0.15673993002977937 0.1662315978502349  
    0.1760475861446693 0.18618736427072946 0.19665041987985177  
    0.2074353522859198 0.2185396935626116 0.22996172890530175  
    0.24169710565060853 0.25374193735533623 0.2660918135805872  
    0.27874046980361555 0.291681784675653 0.3049090534960186  
    0.318414049873482 0.33218799685888456 0.3462205046879845  
    0.3605025463500269 0.3750228268834519 0.3897689812064584  
    0.4047293801587486 0.4198886269425657 0.4352297429481453  
    0.4507362146450049 0.46639409827449896 0.4822025459578967  
    0.49815745398669264 0.5141803039080131 0.5300418051152889  
    0.545449428674118 0.5601341684828753 0.5738236815393662  
    0.5862983762100882 0.5973842391199611 0.6069153465037829  
    0.614771491228062 0.6208722213466018 0.6251647600393682  
    0.6276303951264097 0.6282843945079009 0.6271751593546497  
    0.6243774962596405 0.6200013412027587 0.6142234796375519  
    0.6072153003820802 0.599120843320037 0.5900756655891755  
    0.5805337422875994 0.5711753166082048 0.5625476718332365  
    0.5553570166018744 0.550646671877729 0.5494312755641175  
    0.5526736273572865 0.5603723347972789 0.5709811426297904  
    0.5817538248658565 0.5887448388797338 0.5866056856916941  
    0.5728955119750196 0.5358051499061105 0.47033780856631324 
/









