  EFITD    01/01/2017    #000001     1ms           3 129 129
 4.000000000E+00 7.529411765E+00 4.000000000E+00 1.976470588E+00 0.000000000E+00
 4.201354471E+00-2.233959016E-05-6.226380927E+00-3.492588255E+00 7.000000000E+00
 8.100000004E+06-6.226380927E+00 0.000000000E+00 4.201354471E+00 0.000000000E+00
-2.233959016E-05 0.000000000E+00-3.492588255E+00 0.000000000E+00 0.000000000E+00
 2.800000000E+01 2.800000000E+01 2.800000000E+01 2.800000000E+01 2.800000000E+01
 2.800000000E+01 2.800000000E+01 2.800000000E+01 2.800000000E+01 2.800000000E+01
 2.800000000E+01 2.800000000E+01 2.800000000E+01 2.800000000E+01 2.800000000E+01
 2.800000000E+01 2.800000000E+01 2.800000000E+01 2.800000000E+01 2.800000000E+01
 2.800000000E+01 2.800000000E+01 2.800000000E+01 2.800000000E+01 2.800000000E+01
 2.800000000E+01 2.800000000E+01 2.800000000E+01 2.800000000E+01 2.800000000E+01
 2.800000000E+01 2.800000000E+01 2.800000000E+01 2.800000000E+01 2.800000000E+01
 2.800000000E+01 2.800000000E+01 2.800000000E+01 2.800000000E+01 2.800000000E+01
 2.800000000E+01 2.800000000E+01 2.800000000E+01 2.800000000E+01 2.800000000E+01
 2.800000000E+01 2.800000000E+01 2.800000000E+01 2.800000000E+01 2.800000000E+01
 2.800000000E+01 2.800000000E+01 2.800000000E+01 2.800000000E+01 2.800000000E+01
 2.800000000E+01 2.800000000E+01 2.800000000E+01 2.800000000E+01 2.800000000E+01
 2.800000000E+01 2.800000000E+01 2.800000000E+01 2.800000000E+01 2.800000000E+01
 2.800000000E+01 2.800000000E+01 2.800000000E+01 2.800000000E+01 2.800000000E+01
 2.800000000E+01 2.800000000E+01 2.800000000E+01 2.800000000E+01 2.800000000E+01
 2.800000000E+01 2.800000000E+01 2.800000000E+01 2.800000000E+01 2.800000000E+01
 2.800000000E+01 2.800000000E+01 2.800000000E+01 2.800000000E+01 2.800000000E+01
 2.800000000E+01 2.800000000E+01 2.800000000E+01 2.800000000E+01 2.800000000E+01
 2.800000000E+01 2.800000000E+01 2.800000000E+01 2.800000000E+01 2.800000000E+01
 2.800000000E+01 2.800000000E+01 2.800000000E+01 2.800000000E+01 2.800000000E+01
 2.800000000E+01 2.800000000E+01 2.800000000E+01 2.800000000E+01 2.800000000E+01
 2.800000000E+01 2.800000000E+01 2.800000000E+01 2.800000000E+01 2.800000000E+01
 2.800000000E+01 2.800000000E+01 2.800000000E+01 2.800000000E+01 2.800000000E+01
 2.800000000E+01 2.800000000E+01 2.800000000E+01 2.800000000E+01 2.800000000E+01
 2.800000000E+01 2.800000000E+01 2.800000000E+01 2.800000000E+01 2.800000000E+01
 2.800000000E+01 2.800000000E+01 2.800000000E+01 2.800000000E+01
 5.753932984E+05 5.708980384E+05 5.664027784E+05 5.619075184E+05 5.574122584E+05
 5.529169972E+05 5.484217372E+05 5.439264771E+05 5.394312171E+05 5.349359572E+05
 5.304406972E+05 5.259454372E+05 5.214501772E+05 5.169549159E+05 5.124596559E+05
 5.079643959E+05 5.034691359E+05 4.989738759E+05 4.944786159E+05 4.899833559E+05
 4.854880959E+05 4.809928359E+05 4.764975747E+05 4.720023147E+05 4.675070547E+05
 4.630117947E+05 4.585165347E+05 4.540212747E+05 4.495260147E+05 4.450307547E+05
 4.405354935E+05 4.360402335E+05 4.315449735E+05 4.270497135E+05 4.225544535E+05
 4.180591935E+05 4.135639335E+05 4.090686735E+05 4.045734135E+05 4.000781522E+05
 3.955828922E+05 3.910876323E+05 3.865923723E+05 3.820971123E+05 3.776018522E+05
 3.731065922E+05 3.686113323E+05 3.641160710E+05 3.596208110E+05 3.551255510E+05
 3.506302910E+05 3.461350310E+05 3.416397710E+05 3.371445110E+05 3.326492510E+05
 3.281539910E+05 3.236587298E+05 3.191634698E+05 3.146682098E+05 3.101729498E+05
 3.056776898E+05 3.011824298E+05 2.966871698E+05 2.921919098E+05 2.876966486E+05
 2.832013886E+05 2.787061286E+05 2.742108686E+05 2.697156086E+05 2.652203486E+05
 2.607250886E+05 2.562298286E+05 2.517345686E+05 2.472393073E+05 2.427440474E+05
 2.382487873E+05 2.337535274E+05 2.292582673E+05 2.247630073E+05 2.202677473E+05
 2.157724874E+05 2.112772273E+05 2.067819661E+05 2.022867061E+05 1.977914461E+05
 1.932961861E+05 1.888009261E+05 1.843056661E+05 1.798104061E+05 1.753151461E+05
 1.708198849E+05 1.663246249E+05 1.618293649E+05 1.573341049E+05 1.528388449E+05
 1.483435849E+05 1.438483249E+05 1.393530649E+05 1.348578049E+05 1.303625437E+05
 1.258672837E+05 1.213720239E+05 1.168767637E+05 1.123815036E+05 1.078862434E+05
 1.033909833E+05 9.889572318E+04 9.440046306E+04 8.990520282E+04 8.540994269E+04
 8.091468257E+04 7.641942245E+04 7.192416233E+04 6.742890220E+04 6.293364196E+04
 5.843838184E+04 5.394312171E+04 4.944786159E+04 4.495260147E+04 4.045734135E+04
 3.596208110E+04 3.146682098E+04 2.697156086E+04 2.247630074E+04 1.798104061E+04
 1.348578049E+04 8.990520282E+03 4.495260147E+03 0.000000000E+00
 0.000000000E+00 0.000000000E+00 0.000000000E+00 0.000000000E+00 0.000000000E+00
 0.000000000E+00 0.000000000E+00 0.000000000E+00 0.000000000E+00 0.000000000E+00
 0.000000000E+00 0.000000000E+00 0.000000000E+00 0.000000000E+00 0.000000000E+00
 0.000000000E+00 0.000000000E+00 0.000000000E+00 0.000000000E+00 0.000000000E+00
 0.000000000E+00 0.000000000E+00 0.000000000E+00 0.000000000E+00 0.000000000E+00
 0.000000000E+00 0.000000000E+00 0.000000000E+00 0.000000000E+00 0.000000000E+00
 0.000000000E+00 0.000000000E+00 0.000000000E+00 0.000000000E+00 0.000000000E+00
 0.000000000E+00 0.000000000E+00 0.000000000E+00 0.000000000E+00 0.000000000E+00
 0.000000000E+00 0.000000000E+00 0.000000000E+00 0.000000000E+00 0.000000000E+00
 0.000000000E+00 0.000000000E+00 0.000000000E+00 0.000000000E+00 0.000000000E+00
 0.000000000E+00 0.000000000E+00 0.000000000E+00 0.000000000E+00 0.000000000E+00
 0.000000000E+00 0.000000000E+00 0.000000000E+00 0.000000000E+00 0.000000000E+00
 0.000000000E+00 0.000000000E+00 0.000000000E+00 0.000000000E+00 0.000000000E+00
 0.000000000E+00 0.000000000E+00 0.000000000E+00 0.000000000E+00 0.000000000E+00
 0.000000000E+00 0.000000000E+00 0.000000000E+00 0.000000000E+00 0.000000000E+00
 0.000000000E+00 0.000000000E+00 0.000000000E+00 0.000000000E+00 0.000000000E+00
 0.000000000E+00 0.000000000E+00 0.000000000E+00 0.000000000E+00 0.000000000E+00
 0.000000000E+00 0.000000000E+00 0.000000000E+00 0.000000000E+00 0.000000000E+00
 0.000000000E+00 0.000000000E+00 0.000000000E+00 0.000000000E+00 0.000000000E+00
 0.000000000E+00 0.000000000E+00 0.000000000E+00 0.000000000E+00 0.000000000E+00
 0.000000000E+00 0.000000000E+00 0.000000000E+00 0.000000000E+00 0.000000000E+00
 0.000000000E+00 0.000000000E+00 0.000000000E+00 0.000000000E+00 0.000000000E+00
 0.000000000E+00 0.000000000E+00 0.000000000E+00 0.000000000E+00 0.000000000E+00
 0.000000000E+00 0.000000000E+00 0.000000000E+00 0.000000000E+00 0.000000000E+00
 0.000000000E+00 0.000000000E+00 0.000000000E+00 0.000000000E+00 0.000000000E+00
 0.000000000E+00 0.000000000E+00 0.000000000E+00 0.000000000E+00
-2.104743728E+05-2.104743728E+05-2.104743728E+05-2.104743728E+05-2.104743728E+05
-2.104743728E+05-2.104743728E+05-2.104743728E+05-2.104743728E+05-2.104743728E+05
-2.104743728E+05-2.104743728E+05-2.104743728E+05-2.104743728E+05-2.104743728E+05
-2.104743728E+05-2.104743728E+05-2.104743728E+05-2.104743728E+05-2.104743728E+05
-2.104743728E+05-2.104743728E+05-2.104743728E+05-2.104743728E+05-2.104743728E+05
-2.104743728E+05-2.104743728E+05-2.104743728E+05-2.104743728E+05-2.104743728E+05
-2.104743728E+05-2.104743728E+05-2.104743728E+05-2.104743728E+05-2.104743728E+05
-2.104743728E+05-2.104743728E+05-2.104743728E+05-2.104743728E+05-2.104743728E+05
-2.104743728E+05-2.104743728E+05-2.104743728E+05-2.104743728E+05-2.104743728E+05
-2.104743728E+05-2.104743728E+05-2.104743728E+05-2.104743728E+05-2.104743728E+05
-2.104743728E+05-2.104743728E+05-2.104743728E+05-2.104743728E+05-2.104743728E+05
-2.104743728E+05-2.104743728E+05-2.104743728E+05-2.104743728E+05-2.104743728E+05
-2.104743728E+05-2.104743728E+05-2.104743728E+05-2.104743728E+05-2.104743728E+05
-2.104743728E+05-2.104743728E+05-2.104743728E+05-2.104743728E+05-2.104743728E+05
-2.104743728E+05-2.104743728E+05-2.104743728E+05-2.104743728E+05-2.104743728E+05
-2.104743728E+05-2.104743728E+05-2.104743728E+05-2.104743728E+05-2.104743728E+05
-2.104743728E+05-2.104743728E+05-2.104743728E+05-2.104743728E+05-2.104743728E+05
-2.104743728E+05-2.104743728E+05-2.104743728E+05-2.104743728E+05-2.104743728E+05
-2.104743728E+05-2.104743728E+05-2.104743728E+05-2.104743728E+05-2.104743728E+05
-2.104743728E+05-2.104743728E+05-2.104743728E+05-2.104743728E+05-2.104743728E+05
-2.104743728E+05-2.104743728E+05-2.104743728E+05-2.104743728E+05-2.104743728E+05
-2.104743728E+05-2.104743728E+05-2.104743728E+05-2.104743728E+05-2.104743728E+05
-2.104743728E+05-2.104743728E+05-2.104743728E+05-2.104743728E+05-2.104743728E+05
-2.104743728E+05-2.104743728E+05-2.104743728E+05-2.104743728E+05-2.104743728E+05
-2.104743728E+05-2.104743728E+05-2.104743728E+05-2.104743728E+05-2.104743728E+05
-2.104743728E+05-2.104743728E+05-2.104743728E+05-2.104743728E+05
-2.008384949E+00-2.088886364E+00-2.172631186E+00-2.259938248E+00-2.351195964E+00
-2.446878979E+00-2.547566242E+00-2.653958956E+00-2.766897741E+00-2.887378776E+00
-3.016572404E+00-3.155848900E+00-3.306817730E+00-3.471386829E+00-3.651522513E+00
-3.857827230E+00-4.098242633E+00-4.380819466E+00-4.704884412E+00-5.057569254E+00
-5.444255397E+00-5.875968523E+00-6.367124197E+00-6.885696869E+00-7.323336772E+00
-7.692490051E+00-8.002481965E+00-8.259637046E+00-8.467923679E+00-8.629558979E+00
-8.745522693E+00-8.815970771E+00-8.840408590E+00-8.817573844E+00-8.745192313E+00
-8.619715283E+00-8.435982868E+00-8.186703480E+00-7.861669772E+00-7.446784936E+00
-6.923490785E+00-6.398276997E+00-5.934054804E+00-5.515500747E+00-5.130906408E+00
-4.771592078E+00-4.431040750E+00-4.104195936E+00-3.786965993E+00-3.475880664E+00
-3.167844468E+00-2.859946779E+00-2.549300711E+00-2.232890035E+00-1.907408139E+00
-1.569077109E+00-1.213451103E+00-8.352605863E-01-4.336109570E-01-8.037953451E-02
 2.304942832E-01 4.964342818E-01 7.140944210E-01 8.973748756E-01 1.040683406E+00
 1.137631278E+00 1.199899438E+00 1.219251201E+00 1.186238385E+00 1.109842187E+00
 9.783420764E-01 8.024100019E-01 6.560633960E-01 5.337488354E-01 4.311810569E-01
 3.449252800E-01 2.722699828E-01 2.110702317E-01 1.596150202E-01 1.165253616E-01
 8.067790948E-02 5.114784299E-02 2.716592554E-02 8.085954713E-03-6.640137431E-03
-1.748150946E-02-2.484339549E-02-2.907888980E-02-3.049829603E-02-2.937660382E-02
-2.595951134E-02-2.046831139E-02-1.310387451E-02-4.049912598E-03 6.524338848E-03
 1.846191345E-02 3.161629824E-02 4.584994419E-02 6.103305193E-02 7.704259197E-02
 9.376152490E-02 1.110781960E-01 1.288858809E-01 1.470824611E-01 1.655702139E-01
 1.842556986E-01 2.030497276E-01 2.218673979E-01 2.406281924E-01 2.592560983E-01
 2.776797727E-01 2.958327114E-01 3.136534190E-01 3.310855679E-01 3.480781498E-01
 3.645855662E-01 3.805677182E-01 3.959900194E-01 4.108233808E-01 4.250441273E-01
 4.386338857E-01 4.515793882E-01 4.638722680E-01 4.755087715E-01 4.864894666E-01
 4.968188952E-01 5.065052210E-01 5.155598417E-01 5.239970129E-01-1.997388584E+00
-2.075188008E+00-2.155736916E+00-2.239271070E+00-2.326091920E+00-2.416590671E+00
-2.511276808E+00-2.610805376E+00-2.715995078E+00-2.827831709E+00-2.947462165E+00
-3.076191709E+00-3.215331015E+00-3.371853766E+00-3.555587848E+00-3.770211820E+00
-4.016814079E+00-4.301346262E+00-4.624413827E+00-4.970261398E+00-5.342905550E+00
-5.751277877E+00-6.209119828E+00-6.690818826E+00-7.097770419E+00-7.444215892E+00
-7.737761323E+00-7.982926862E+00-8.182411361E+00-8.337638148E+00-8.449133257E+00
-8.516839621E+00-8.540239347E+00-8.518230242E+00-8.448912163E+00-8.329396653E+00
-8.155599084E+00-7.921905736E+00-7.620530749E+00-7.240009702E+00-6.761000758E+00
-6.279349758E+00-5.849053974E+00-5.454951958E+00-5.087809273E+00-4.741075313E+00
-4.409700952E+00-4.089585866E+00-3.777251098E+00-3.469613082E+00-3.163810162E+00
-2.857056075E+00-2.546504412E+00-2.229113271E+00-1.901505090E+00-1.559827771E+00
-1.199643477E+00-8.159023183E-01-4.104172354E-01-4.943108722E-02 2.656779051E-01
 5.344954569E-01 7.570713982E-01 9.413539543E-01 1.084245620E+00 1.182985828E+00
 1.243018824E+00 1.258492906E+00 1.223694690E+00 1.141265705E+00 1.002289163E+00
 8.223387239E-01 6.698325481E-01 5.422075657E-01 4.353592731E-01 3.458103183E-01
 2.707126035E-01 2.077692274E-01 1.551343806E-01 1.113196502E-01 7.511616426E-02
 4.553318824E-02 2.175076681E-02 3.083457312E-03-1.104746681E-02-2.113542873E-02
-2.760516415E-02-3.082572163E-02-3.112072072E-02-2.877651421E-02-2.404873437E-02
-1.716758022E-02-8.342113963E-03 2.236229320E-03 1.439076639E-02 2.795720573E-02
 4.278171253E-02 5.871932842E-02 7.563269063E-02 9.339100836E-02 1.118692600E-01
 1.309475843E-01 1.505108415E-01 1.704483235E-01 1.906535945E-01 2.110244454E-01
 2.314629437E-01 2.518755657E-01 2.721733877E-01 2.922723283E-01 3.120934179E-01
 3.315630774E-01 3.506134054E-01 3.691824280E-01 3.872143272E-01 4.046596313E-01
 4.214753268E-01 4.376249246E-01 4.530784482E-01 4.678123543E-01 4.818093722E-01
 4.950582824E-01 5.075536185E-01 5.192953226E-01 5.302883474E-01 5.405422032E-01
 5.500705063E-01 5.588904734E-01 5.670224407E-01-1.981643283E+00-2.056168257E+00
-2.132797010E+00-2.211620731E+00-2.292770389E+00-2.376450840E+00-2.462997581E+00
-2.552952280E+00-2.647114729E+00-2.746510408E+00-2.852279391E+00-2.966756994E+00
-3.107813262E+00-3.269245586E+00-3.455182851E+00-3.669122868E+00-3.910852894E+00
-4.184741085E+00-4.488742336E+00-4.805950732E+00-5.136375167E+00-5.481725597E+00
-5.839667928E+00-6.193650419E+00-6.519299875E+00-6.808459402E+00-7.059430649E+00
-7.272069392E+00-7.446568609E+00-7.583053107E+00-7.681417437E+00-7.741254793E+00
-7.761823535E+00-7.742030887E+00-7.680429163E+00-7.575231206E+00-7.424369221E+00
-7.225658472E+00-6.977236736E+00-6.678891214E+00-6.337311812E+00-5.979462007E+00
-5.628437498E+00-5.289480019E+00-4.962608969E+00-4.646362184E+00-4.338798829E+00
-4.037839269E+00-3.741381819E+00-3.447325644E+00-3.153548191E+00-2.857855635E+00
-2.557911922E+00-2.251144543E+00-1.934618424E+00-1.604864120E+00-1.257649291E+00
-8.877358339E-01-4.963855928E-01-1.481892584E-01 1.557371506E-01 4.156123341E-01
 6.317635020E-01 8.115239302E-01 9.519583469E-01 1.050556514E+00 1.112316533E+00
 1.131794317E+00 1.103699886E+00 1.030097922E+00 9.018469852E-01 7.337953412E-01
 5.925683909E-01 4.749760371E-01 3.766397929E-01 2.941773844E-01 2.249761284E-01
 1.669892777E-01 1.185881981E-01 7.845849888E-02 4.552600396E-02 1.890281955E-02
-2.152749132E-03-1.826647985E-02-2.997142904E-02-3.772591064E-02-4.192758231E-02
-4.292458829E-02-4.102445520E-02-3.650125168E-02-2.960139460E-02-2.054838945E-02
-9.546720507E-03 3.214943316E-03 1.756109962E-02 3.332722516E-02 5.035797423E-02
 6.850570511E-02 8.762928947E-02 1.075931709E-01 1.282666419E-01 1.495233185E-01
 1.712407931E-01 1.933004448E-01 2.155873971E-01 2.379905963E-01 2.604030131E-01
 2.827219158E-01 3.048492346E-01 3.266919726E-01 3.481626458E-01 3.691797345E-01
 3.896681290E-01 4.095595286E-01 4.287928061E-01 4.473142965E-01 4.650779983E-01
 4.820456902E-01 4.981869403E-01 5.134790173E-01 5.279066907E-01 5.414619383E-01
 5.541435665E-01 5.659567394E-01 5.769124496E-01 5.870269409E-01 5.963210826E-01
 6.048197453E-01 6.125511499E-01-1.962821702E+00-2.033885567E+00-2.106345963E+00
-2.180092750E+00-2.254981240E+00-2.330839034E+00-2.407517780E+00-2.485134284E+00
-2.564653276E+00-2.649893124E+00-2.752429298E+00-2.873224515E+00-3.014573165E+00
-3.176597055E+00-3.361663626E+00-3.570094561E+00-3.800735405E+00-4.056687900E+00
-4.330085074E+00-4.607239576E+00-4.887726040E+00-5.170092263E+00-5.450298203E+00
-5.721806394E+00-5.977216853E+00-6.210456620E+00-6.417468468E+00-6.595736019E+00
-6.743669282E+00-6.860173794E+00-6.944390585E+00-6.995549415E+00-7.012895172E+00
-6.995667557E+00-6.943129713E+00-6.854656050E+00-6.729907175E+00-6.569144991E+00
-6.373767831E+00-6.147115504E+00-5.895244828E+00-5.626487477E+00-5.349018851E+00
-5.068666981E+00-4.788707480E+00-4.510600241E+00-4.234680277E+00-3.960607402E+00
-3.687630364E+00-3.414734633E+00-3.140719385E+00-2.864230179E+00-2.583760844E+00
-2.297628573E+00-2.003914289E+00-1.700334269E+00-1.383928382E+00-1.050136326E+00
-6.959337121E-01-3.843917354E-01-1.079488860E-01 1.313650560E-01 3.304580249E-01
 5.006666862E-01 6.365970093E-01 7.329703875E-01 7.998938851E-01 8.304421990E-01
 8.174240011E-01 7.689568518E-01 6.738347770E-01 5.393161462E-01 4.298848197E-01
 3.381546203E-01 2.604148836E-01 1.943983516E-01 1.384690193E-01 9.134188678E-02
 5.196359673E-02 1.945084855E-02-6.947024988E-03-2.787380448E-02-4.388561495E-02
-5.546601210E-02-6.303814763E-02-6.697473487E-02-6.760628678E-02-6.522797201E-02
-6.010534353E-02-5.247914882E-02-4.256938048E-02-3.057869633E-02-1.669531544E-02
-1.095468847E-03 1.605452738E-02 3.459652581E-02 5.437908814E-02 7.525628208E-02
 9.708670898E-02 1.197327468E-01 1.430599919E-01 1.669368884E-01 1.912345364E-01
 2.158266644E-01 2.405897655E-01 2.654033617E-01 2.901504108E-01 3.147178123E-01
 3.389970076E-01 3.628846292E-01 3.862831945E-01 4.091018090E-01 4.312568390E-01
 4.526725354E-01 4.732815856E-01 4.930255560E-01 5.118552149E-01 5.297307269E-01
 5.466216930E-01 5.625070483E-01 5.773748003E-01 5.912216432E-01 6.040524368E-01
 6.158795845E-01 6.267223006E-01 6.366058530E-01 6.455607219E-01 6.536217650E-01
 6.608273877E-01-1.942681041E+00-2.010573949E+00-2.079263665E+00-2.148454785E+00
-2.217726940E+00-2.286465525E+00-2.353705500E+00-2.417642115E+00-2.486866931E+00
-2.573736670E+00-2.677916144E+00-2.798557176E+00-2.942831972E+00-3.104692900E+00
-3.286016520E+00-3.489745547E+00-3.710371964E+00-3.938541057E+00-4.171026239E+00
-4.405866967E+00-4.641008468E+00-4.874026115E+00-5.101837060E+00-5.320746428E+00
-5.526819975E+00-5.716361024E+00-5.886234118E+00-6.033950588E+00-6.157595255E+00
-6.255699427E+00-6.327122738E+00-6.370967230E+00-6.386529824E+00-6.373293188E+00
-6.330956141E+00-6.259507233E+00-6.159345284E+00-6.031446516E+00-5.877556734E+00
-5.700341091E+00-5.503362253E+00-5.290760365E+00-5.066679931E+00-4.834710956E+00
-4.597590215E+00-4.357179967E+00-4.114599186E+00-3.870393572E+00-3.624688941E+00
-3.377312100E+00-3.127882093E+00-2.875879806E+00-2.620706447E+00-2.361743147E+00
-2.098430140E+00-1.830406001E+00-1.557822822E+00-1.282301000E+00-1.010204088E+00
-7.537702408E-01-5.204119878E-01-3.126506275E-01-1.315116430E-01 2.245882771E-02
 1.488745331E-01 2.474015028E-01 3.177362375E-01 3.596442580E-01 3.731152401E-01
 3.587895759E-01 3.193846450E-01 2.640201152E-01 2.058728116E-01 1.510982864E-01
 1.015560442E-01 5.777419161E-02 1.978107862E-02-1.261337997E-02-3.969792817E-02
-6.180144866E-02-7.926232404E-02-9.241211518E-02-1.015671583E-01-1.070247162E-01
-1.090617829E-01-1.079354243E-01-1.038839748E-01-9.712867662E-02-8.787551178E-02
-7.631707632E-02-6.263440448E-02-4.699869506E-02-2.957291075E-02-1.051323483E-02
 1.002961804E-02 3.190924529E-02 5.498255363E-02 7.910891291E-02 1.041494730E-01
 1.299666424E-01 1.564237405E-01 1.833848207E-01 2.107146724E-01 2.382790040E-01
 2.659447887E-01 2.935807964E-01 3.210582680E-01 3.482517188E-01 3.750398691E-01
 4.013066439E-01 4.269422134E-01 4.518440454E-01 4.759179125E-01 4.990788363E-01
 5.212519026E-01 5.423729381E-01 5.623890026E-01 5.812586871E-01 5.989521952E-01
 6.154512213E-01 6.307485960E-01 6.448477528E-01 6.577620116E-01 6.695137027E-01
 6.801331881E-01 6.896577921E-01 6.981306890E-01 7.055997810E-01 7.121165882E-01
-1.922678860E+00-1.988103222E+00-2.054003266E+00-2.120012443E+00-2.185625453E+00
-2.250153924E+00-2.312682884E+00-2.372096792E+00-2.438511028E+00-2.524904399E+00
-2.630322442E+00-2.753924692E+00-2.897211621E+00-3.059031914E+00-3.239229916E+00
-3.426974082E+00-3.619496307E+00-3.815653940E+00-4.014057949E+00-4.213076523E+00
-4.410846026E+00-4.605258436E+00-4.793959485E+00-4.974404700E+00-5.143982370E+00
-5.300166563E+00-5.440648822E+00-5.563416711E+00-5.666778140E+00-5.749348764E+00
-5.810024415E+00-5.847954765E+00-5.862528213E+00-5.853373492E+00-5.820380210E+00
-5.763737644E+00-5.683987889E+00-5.582083178E+00-5.459428548E+00-5.317882464E+00
-5.159687211E+00-4.987318940E+00-4.803282516E+00-4.609907347E+00-4.409198309E+00
-4.202765392E+00-3.991822170E+00-3.777228717E+00-3.559555264E+00-3.339152266E+00
-3.116220529E+00-2.890881664E+00-2.663253774E+00-2.433542685E+00-2.202164443E+00
-1.969924014E+00-1.738277536E+00-1.509655681E+00-1.287612048E+00-1.076329334E+00
-8.796050951E-01-7.002468883E-01-5.401224745E-01-4.004227391E-01-2.818707372E-01
-1.848322126E-01-1.093379478E-01-5.502139709E-02-2.095800872E-02-5.390430386E-03
-5.406845478E-03-1.692364064E-02-3.544632174E-02-5.717545899E-02-7.946665487E-02
-1.006563883E-01-1.197485638E-01-1.361725492E-01-1.496262142E-01-1.599775371E-01
-1.672025730E-01-1.713457777E-01-1.724943114E-01-1.707612773E-01-1.662747840E-01
-1.591708641E-01-1.495889740E-01-1.376692368E-01-1.235508633E-01-1.073713725E-01
-8.926634735E-02-6.936954774E-02-4.781325265E-02-2.472873907E-02-2.468335059E-04
 2.550151621E-02 5.238469057E-02 8.026990317E-02 1.090227908E-01 1.385071196E-01
 1.685846309E-01 1.991150513E-01 2.299562937E-01 2.609648462E-01 2.919963839E-01
 3.229065954E-01 3.535521943E-01 3.837921323E-01 4.134889575E-01 4.425102871E-01
 4.707303516E-01 4.980315258E-01 5.243058403E-01 5.494563452E-01 5.733983449E-01
 5.960603784E-01 6.173849711E-01 6.373290746E-01 6.558642065E-01 6.729762738E-01
 6.886650904E-01 7.029436080E-01 7.158368930E-01 7.273809074E-01 7.376211120E-01
 7.466109916E-01 7.544105204E-01 7.610846392E-01 7.667017899E-01-1.903611511E+00
-1.967445171E+00-2.031772197E+00-2.096272609E+00-2.160511914E+00-2.223916432E+00
-2.285756515E+00-2.345141221E+00-2.412897675E+00-2.500960116E+00-2.608561791E+00
-2.734472656E+00-2.880360581E+00-3.034482599E+00-3.193716390E+00-3.357253985E+00
-3.524132357E+00-3.693246621E+00-3.863338057E+00-4.032991568E+00-4.200640435E+00
-4.364578303E+00-4.522983275E+00-4.673959856E+00-4.815597943E+00-4.946040235E+00
-5.063545772E+00-5.166539015E+00-5.253641008E+00-5.323684509E+00-5.375718721E+00
-5.409010140E+00-5.423044282E+00-5.417531828E+00-5.392420227E+00-5.347909838E+00
-5.284470965E+00-5.202856003E+00-5.104098104E+00-4.989488368E+00-4.860525406E+00
-4.718839012E+00-4.566097597E+00-4.403915745E+00-4.233778696E+00-4.056993459E+00
-3.874669473E+00-3.687724440E+00-3.496908800E+00-3.302842912E+00-3.106062884E+00
-2.907073511E+00-2.706408673E+00-2.504701246E+00-2.302763444E+00-2.101675001E+00
-1.902864095E+00-1.708145929E+00-1.519666284E+00-1.339722910E+00-1.170517813E+00
-1.013950095E+00-8.715148061E-01-7.442904000E-01-6.329635529E-01-5.378516435E-01
-4.589031845E-01-3.956708291E-01-3.472632122E-01-3.122990929E-01-2.889114776E-01
-2.748604886E-01-2.677683657E-01-2.653952329E-01-2.658360343E-01-2.675893963E-01
-2.695320518E-01-2.708531305E-01-2.709836551E-01-2.695358555E-01-2.662554356E-01
-2.609855914E-01-2.536404125E-01-2.441854364E-01-2.326234865E-01-2.189844404E-01
-2.033178669E-01-1.856877624E-01-1.661688750E-01-1.448441467E-01-1.218030228E-01
-9.714038372E-02-7.095593841E-02-4.335395424E-02-1.444322355E-02 1.566281168E-02
 4.684584199E-02 7.898243972E-02 1.119438283E-01 1.455957219E-01 1.797982844E-01
 2.144062583E-01 2.492692947E-01 2.842325478E-01 3.191375261E-01 3.538232382E-01
 3.881276484E-01 4.218893741E-01 4.549496407E-01 4.871544055E-01 5.183565921E-01
 5.484183397E-01 5.772131967E-01 6.046281420E-01 6.305653849E-01 6.549438223E-01
 6.777001315E-01 6.987894311E-01 7.181854788E-01 7.358804246E-01 7.518840911E-01
 7.662228620E-01 7.789381852E-01 7.900848089E-01 7.997287859E-01 8.079453733E-01
 8.148168891E-01 8.204306198E-01 8.248768512E-01-1.885454988E+00-1.948464349E+00
-2.012286076E+00-2.076731690E+00-2.141527352E+00-2.206287903E+00-2.270469755E+00
-2.333293500E+00-2.404688133E+00-2.498680354E+00-2.611542754E+00-2.735631779E+00
-2.865643917E+00-3.000807881E+00-3.140237456E+00-3.283019997E+00-3.428187867E+00
-3.574698245E+00-3.721421171E+00-3.867135767E+00-4.010534115E+00-4.150232626E+00
-4.284791460E+00-4.412741927E+00-4.532620080E+00-4.643003734E+00-4.742548346E+00
-4.830018699E+00-4.904313705E+00-4.964484639E+00-5.009747734E+00-5.039492977E+00
-5.053291300E+00-5.050901088E+00-5.032274577E+00-4.997563355E+00-4.947121152E+00
-4.881501359E+00-4.801446356E+00-4.707866112E+00-4.601805387E+00-4.484401135E+00
-4.356834375E+00-4.220282425E+00-4.075877899E+00-3.924678635E+00-3.767651419E+00
-3.605668997E+00-3.439519167E+00-3.269923690E+00-3.097565069E+00-2.923119197E+00
-2.747292529E+00-2.570862029E+00-2.394714533E+00-2.219879956E+00-2.047549683E+00
-1.879068693E+00-1.715892919E+00-1.559513204E+00-1.411361179E+00-1.272720016E+00
-1.144657616E+00-1.027986458E+00-9.232434962E-01-8.306801487E-01-7.502550065E-01
-6.816270976E-01-6.241535554E-01-5.769010616E-01-5.386830090E-01-5.081299748E-01
-4.837883463E-01-4.642269902E-01-4.481266763E-01-4.343359535E-01-4.218922458E-01
-4.100171571E-01-3.980972858E-01-3.856594746E-01-3.723458990E-01-3.578916227E-01
-3.421055812E-01-3.248550370E-01-3.060531493E-01-2.856492316E-01-2.636211684E-01
-2.399696304E-01-2.147136770E-01-1.878875030E-01-1.595380605E-01-1.297233921E-01
-9.851151795E-02-6.597975612E-02-3.221438154E-02 2.689464158E-03 3.862768543E-02
 7.548703909E-02 1.131449035E-01 1.514690806E-01 1.903177040E-01 2.295393282E-01
 2.689732783E-01 3.084503098E-01 3.477936756E-01 3.868206104E-01 4.253442466E-01
 4.631759864E-01 5.001282317E-01 5.360174303E-01 5.706673082E-01 6.039121462E-01
 6.356000000E-01 6.655956734E-01 6.937833412E-01 7.200687181E-01 7.443806414E-01
 7.666720401E-01 7.869202256E-01 8.051264922E-01 8.213150574E-01 8.355313880E-01
 8.478399748E-01 8.583217273E-01 8.670710453E-01 8.741927784E-01 8.797991748E-01
 8.840069722E-01 8.869347297E-01-1.867430777E+00-1.930020011E+00-1.993968205E+00
-2.059276722E+00-2.125898876E+00-2.193769481E+00-2.262830561E+00-2.332847419E+00
-2.414058018E+00-2.510242107E+00-2.613866716E+00-2.723772161E+00-2.838922267E+00
-2.958394024E+00-3.081307455E+00-3.206784814E+00-3.333924559E+00-3.461784941E+00
-3.589375225E+00-3.715652997E+00-3.839527554E+00-3.959868396E+00-4.075519034E+00
-4.185314804E+00-4.288104025E+00-4.382770920E+00-4.468258389E+00-4.543589240E+00
-4.607884817E+00-4.660380399E+00-4.700437509E+00-4.727553503E+00-4.741369091E+00
-4.741673835E+00-4.728409761E+00-4.701672938E+00-4.661711726E+00-4.608921262E+00
-4.543832927E+00-4.467098317E+00-4.379468102E+00-4.281766685E+00-4.174864681E+00
-4.059652064E+00-3.937014234E+00-3.807813611E+00-3.672877852E+00-3.532995433E+00
-3.388918167E+00-3.241369891E+00-3.091060213E+00-2.938701846E+00-2.785029882E+00
-2.630820977E+00-2.476909821E+00-2.324199507E+00-2.173662381E+00-2.026327853E+00
-1.883256158E+00-1.745500043E+00-1.614059308E+00-1.489835268E+00-1.373591005E+00
-1.265920644E+00-1.167227972E+00-1.077713098E+00-9.973657221E-01-9.259647997E-01
-8.630858740E-01-8.081183881E-01-7.602950973E-01-7.187335928E-01-6.824865387E-01
-6.505940969E-01-6.221309091E-01-5.962418552E-01-5.721642037E-01-5.492371624E-01
-5.269017135E-01-5.046941713E-01-4.822363848E-01-4.592247156E-01-4.354191485E-01
-4.106332753E-01-3.847255109E-01-3.575915964E-01-3.291584025E-01-2.993788698E-01
-2.682279900E-01-2.356996518E-01-2.018042702E-01-1.665670375E-01-1.300267341E-01
-9.223499319E-02-5.325594710E-02-1.316618715E-02 2.794503067E-02 6.997540573E-02
 1.128091128E-01 1.563163102E-01 2.003527308E-01 2.447594693E-01 2.893630857E-01
 3.339761484E-01 3.783983441E-01 4.224182215E-01 4.658156753E-01 5.083651186E-01
 5.498393212E-01 5.900137774E-01 6.286714068E-01 6.656073965E-01 7.006339278E-01
 7.335845777E-01 7.643181780E-01 7.927219942E-01 8.187140512E-01 8.422445420E-01
 8.632962422E-01 8.818838901E-01 8.980525802E-01 9.118752152E-01 9.234491499E-01
 9.328922206E-01 9.403383720E-01 9.459331402E-01 9.498292365E-01 9.521824379E-01
 9.531479380E-01-1.848201185E+00-1.910173742E+00-1.974266010E+00-2.040668620E+00
-2.109432183E+00-2.180594115E+00-2.254511073E+00-2.332222776E+00-2.415352916E+00
-2.504553379E+00-2.599306251E+00-2.698868689E+00-2.802494907E+00-2.909447543E+00
-3.018986043E+00-3.130354696E+00-3.242773185E+00-3.355430710E+00-3.467483183E+00
-3.578053904E+00-3.686237785E+00-3.791108385E+00-3.891728177E+00-3.987160974E+00
-4.076486497E+00-4.158815507E+00-4.233305545E+00-4.299175709E+00-4.355720440E+00
-4.402321412E+00-4.438457650E+00-4.463713766E+00-4.477786275E+00-4.480487820E+00
-4.471749727E+00-4.451622029E+00-4.420271214E+00-4.377975111E+00-4.325114677E+00
-4.262162926E+00-4.189671178E+00-4.108253127E+00-4.018568429E+00-3.921306253E+00
-3.817170669E+00-3.706868728E+00-3.591102156E+00-3.470562776E+00-3.345932025E+00
-3.217883936E+00-3.087090782E+00-2.954230918E+00-2.819996922E+00-2.685103347E+00
-2.550292125E+00-2.416333846E+00-2.284023983E+00-2.154172637E+00-2.027587834E+00
-1.905053720E+00-1.787305466E+00-1.675003523E+00-1.568709878E+00-1.468868023E+00
-1.375787757E+00-1.289635258E+00-1.210428531E+00-1.138038489E+00-1.072195999E+00
-1.012505225E+00-9.584632507E-01-9.094851158E-01-8.649324033E-01-8.241427164E-01
-7.864571017E-01-7.512430267E-01-7.179114489E-01-6.859277348E-01-6.548170239E-01
-6.241652185E-01-5.936168233E-01-5.628708778E-01-5.316758336E-01-4.998241362E-01
-4.671469019E-01-4.335089982E-01-3.988046821E-01-3.629538192E-01-3.258987568E-01
-2.876017752E-01-2.480431214E-01-2.072195554E-01-1.651433983E-01-1.218420081E-01
-7.735767181E-02-3.174785426E-02 1.491423211E-02 6.253879330E-02 1.110184242E-01
 1.602269748E-01 2.100184335E-01 2.602259795E-01 3.106613952E-01 3.611150641E-01
 4.113567604E-01 4.611374779E-01 5.101924277E-01 5.582452642E-01 6.050135034E-01
 6.502148722E-01 6.935743139E-01 7.348312210E-01 7.737465027E-01 8.101091125E-01
 8.437417340E-01 8.745054134E-01 9.023029589E-01 9.270809979E-01 9.488305976E-01
 9.675863657E-01 9.834240280E-01 9.964565379E-01 1.006828904E+00 1.014712030E+00
 1.020295959E+00 1.023782992E+00 1.025381127E+00 1.025298162E+00 1.023736746E+00
-1.825950029E+00-1.886041034E+00-1.949730007E+00-2.017142458E+00-2.088673622E+00
-2.162281844E+00-2.238041531E+00-2.316574691E+00-2.398366198E+00-2.483671928E+00
-2.572457293E+00-2.664457212E+00-2.759262093E+00-2.856374793E+00-2.955239693E+00
-3.055256836E+00-3.155788792E+00-3.256164936E+00-3.355684997E+00-3.453623416E+00
-3.549234812E+00-3.641760822E+00-3.730438489E+00-3.814509700E+00-3.893231845E+00
-3.965888822E+00-4.031802140E+00-4.090341846E+00-4.140936587E+00-4.183082788E+00
-4.216352388E+00-4.240399446E+00-4.254965008E+00-4.259880645E+00-4.255070071E+00
-4.240549232E+00-4.216424316E+00-4.182888008E+00-4.140213741E+00-4.088748133E+00
-4.028902018E+00-3.961140352E+00-3.885971687E+00-3.803937772E+00-3.715604050E+00
-3.621551565E+00-3.522370663E+00-3.418656938E+00-3.311009010E+00-3.200028482E+00
-3.086321121E+00-2.970499111E+00-2.853183413E+00-2.735005509E+00-2.616607654E+00
-2.498640864E+00-2.381760047E+00-2.266616025E+00-2.153844271E+00-2.044051524E+00
-1.937800554E+00-1.835594845E+00-1.737864000E+00-1.644951218E+00-1.557103489E+00
-1.474465142E+00-1.397075070E+00-1.324867875E+00-1.257679009E+00-1.195253827E+00
-1.137260213E+00-1.083304097E+00-1.032946802E+00-9.857229597E-01-9.411576307E-01
-8.987814948E-01-8.581432559E-01-8.188189359E-01-7.804180540E-01-7.425870602E-01
-7.050105041E-01-6.674105210E-01-6.295451618E-01-5.912060078E-01-5.522154478E-01
-5.124238572E-01-4.717069063E-01-4.299630879E-01-3.871115682E-01-3.430903964E-01
-2.978551098E-01-2.513777489E-01-2.036462846E-01-1.546644648E-01-1.044520976E-01
-5.304574771E-02-4.998616736E-04 5.311170331E-02 1.076937831E-01 1.631277132E-01
 2.192689572E-01 2.759447590E-01 3.329520731E-01 3.900561702E-01 4.469903433E-01
 5.034571992E-01 5.591319574E-01 6.136679895E-01 6.667045722E-01 7.178764925E-01
 7.668248194E-01 8.132080711E-01 8.567129539E-01 8.970640523E-01 9.340320861E-01
 9.674405215E-01 9.971704216E-01 1.023163477E+00 1.045423068E+00 1.064013161E+00
 1.079054866E+00 1.090720572E+00 1.099225854E+00 1.104819601E+00 1.107773187E+00
 1.108369556E+00 1.106893163E+00 1.103621413E+00 1.098818008E+00-1.804920066E+00
-1.863487722E+00-1.926405131E+00-1.993827740E+00-2.065958239E+00-2.140010547E+00
-2.215596963E+00-2.293061221E+00-2.372634896E+00-2.454430259E+00-2.538426345E+00
-2.624474414E+00-2.712317138E+00-2.801610862E+00-2.891944482E+00-2.982853700E+00
-3.073831242E+00-3.164334721E+00-3.253793152E+00-3.341613069E+00-3.427184711E+00
-3.509888709E+00-3.589103247E+00-3.664211900E+00-3.734611690E+00-3.799721514E+00
-3.858990480E+00-3.911906043E+00-3.958001658E+00-3.996863585E+00-4.028137027E+00
-4.051531095E+00-4.066822757E+00-4.073859496E+00-4.072560761E+00-4.062918084E+00
-4.044993841E+00-4.018918710E+00-3.984887878E+00-3.943156039E+00-3.894031579E+00
-3.837870032E+00-3.775067156E+00-3.706052116E+00-3.631281013E+00-3.551230990E+00
-3.466395466E+00-3.377280205E+00-3.284400639E+00-3.188280089E+00-3.089448634E+00
-2.988442538E+00-2.885803588E+00-2.782078004E+00-2.677814511E+00-2.573561093E+00
-2.469860390E+00-2.367243297E+00-2.266221215E+00-2.167277121E+00-2.070855875E+00
-1.977354613E+00-1.887113578E+00-1.800408251E+00-1.717443173E+00-1.638347898E+00
-1.563175350E+00-1.491902749E+00-1.424435108E+00-1.360611193E+00-1.300211649E+00
-1.242968844E+00-1.188577860E+00-1.136707900E+00-1.087013456E+00-1.039144598E+00
-9.927558893E-01-9.475136753E-01-9.031016022E-01-8.592244648E-01-8.156105428E-01
-7.720127001E-01-7.282084847E-01-6.839995385E-01-6.392105157E-01-5.936877534E-01
-5.472978107E-01-4.999260446E-01-4.514753019E-01-4.018648089E-01-3.510293071E-01
-2.989185226E-01-2.454969661E-01-1.907441572E-01-1.346552809E-01-7.724236742E-02
-1.853602046E-02 4.141223621E-02 1.025269592E-01 1.647051218E-01 2.278118406E-01
 2.916756473E-01 3.560836443E-01 4.207770785E-01 4.854481844E-01 5.497393390E-01
 6.132456662E-01 6.755219776E-01 7.360942884E-01 7.944752089E-01 8.501816623E-01
 9.027529741E-01 9.517675535E-01 9.968570909E-01 1.037717937E+00 1.074119849E+00
 1.105912468E+00 1.133029764E+00 1.155492256E+00 1.173406499E+00 1.186960989E+00
 1.196417794E+00 1.202099746E+00 1.204373917E+00 1.203633117E+00 1.200277562E+00
 1.194698799E+00 1.187267208E+00 1.178323506E+00-1.786113009E+00-1.843598505E+00
-1.905503003E+00-1.972062536E+00-2.042982408E+00-2.116018170E+00-2.190280332E+00
-2.265863765E+00-2.342856595E+00-2.421284595E+00-2.501100136E+00-2.582179648E+00
-2.664327172E+00-2.747281929E+00-2.830727026E+00-2.914298073E+00-2.997591078E+00
-3.080169376E+00-3.161570084E+00-3.241310151E+00-3.318892338E+00-3.393811230E+00
-3.465559477E+00-3.533634201E+00-3.597543493E+00-3.656813002E+00-3.710992343E+00
-3.759661304E+00-3.802435731E+00-3.838972767E+00-3.868975532E+00-3.892196949E+00
-3.908442898E+00-3.917574386E+00-3.919508692E+00-3.914219792E+00-3.901737664E+00
-3.882146752E+00-3.855583646E+00-3.822233940E+00-3.782328496E+00-3.736139327E+00
-3.683974959E+00-3.626175867E+00-3.563109907E+00-3.495167936E+00-3.422759781E+00
-3.346310907E+00-3.266259236E+00-3.183052828E+00-3.097147529E+00-3.009005021E+00
-2.919090860E+00-2.827872053E+00-2.735814370E+00-2.643378851E+00-2.551017644E+00
-2.459169021E+00-2.368251665E+00-2.278658428E+00-2.190749976E+00-2.104848399E+00
-2.021231311E+00-1.940126801E+00-1.861709441E+00-1.786097840E+00-1.713353565E+00
-1.643481857E+00-1.576433976E+00-1.512111109E+00-1.450369655E+00-1.391027635E+00
-1.333871834E+00-1.278665312E+00-1.225154895E+00-1.173078282E+00-1.122170448E+00
-1.072169179E+00-1.022819596E+00-9.738776498E-01-9.251126464E-01-8.763089002E-01
-8.272666309E-01-7.778022901E-01-7.277484108E-01-6.769531690E-01-6.252797387E-01
-5.726055554E-01-5.188216091E-01-4.638317910E-01-4.075524188E-01-3.499119909E-01
-2.908512091E-01-2.303234134E-01-1.682954527E-01-1.047491398E-01-3.968339936E-02
 2.688272055E-02 9.490600756E-02 1.643138116E-01 2.349973711E-01 3.068036443E-01
 3.795257733E-01 4.528927200E-01 5.265592958E-01 6.000987864E-01 6.730012102E-01
 7.446804565E-01 8.144921492E-01 8.817611125E-01 9.458139823E-01 1.006011095E+00
 1.061773023E+00 1.112600013E+00 1.158085178E+00 1.197923572E+00 1.231919226E+00
 1.259991416E+00 1.282180174E+00 1.298649642E+00 1.309686500E+00 1.315690165E+00
 1.317152585E+00 1.314628391E+00 1.308699854E+00 1.299943093E+00 1.288901110E+00
 1.276066135E+00 1.261870941E+00-1.768007982E+00-1.824177648E+00-1.884857751E+00
-1.950176806E+00-2.020053102E+00-2.091607867E+00-2.164051676E+00-2.237431596E+00
-2.311757567E+00-2.387002558E+00-2.463095338E+00-2.539916855E+00-2.617299884E+00
-2.695030984E+00-2.772854417E+00-2.850476675E+00-2.927571546E+00-3.003785260E+00
-3.078741589E+00-3.152046868E+00-3.223295261E+00-3.292073744E+00-3.357967374E+00
-3.420564523E+00-3.479462087E+00-3.534270760E+00-3.584619992E+00-3.630162854E+00
-3.670580515E+00-3.705586367E+00-3.734929553E+00-3.758398010E+00-3.775820889E+00
-3.787070300E+00-3.792062361E+00-3.790757716E+00-3.783161248E+00-3.769321439E+00
-3.749328974E+00-3.723315114E+00-3.691449564E+00-3.653937954E+00-3.611019128E+00
-3.562961924E+00-3.510061960E+00-3.452638107E+00-3.391029212E+00-3.325590810E+00
-3.256692091E+00-3.184713102E+00-3.110042062E+00-3.033072756E+00-2.954202007E+00
-2.873826854E+00-2.792341661E+00-2.710134862E+00-2.627585243E+00-2.545058024E+00
-2.462900540E+00-2.381437805E+00-2.300967975E+00-2.221757990E+00-2.144039737E+00
-2.068006561E+00-1.993810785E+00-1.921561945E+00-1.851326259E+00-1.783127048E+00
-1.716946308E+00-1.652727302E+00-1.590378040E+00-1.529775520E+00-1.470770482E+00
-1.413192463E+00-1.356854918E+00-1.301560187E+00-1.247104113E+00-1.193280176E+00
-1.139883042E+00-1.086711488E+00-1.033570683E+00-9.802738865E-01-9.266435972E-01
-8.725122281E-01-8.177224288E-01-7.621270724E-01-7.055890597E-01-6.479809644E-01
-5.891846248E-01-5.290907322E-01-4.675984905E-01-4.046154203E-01-3.400573608E-01
-2.738488050E-01-2.059236147E-01-1.362263197E-01-6.471415322E-02 8.639910724E-03
 8.384276440E-02 1.608749609E-01 2.396820850E-01 3.201629539E-01 4.021538522E-01
 4.854082519E-01 5.695724424E-01 6.541599637E-01 7.385319684E-01 8.218953860E-01
 9.033306732E-01 9.818501451E-01 1.056471040E+00 1.126279863E+00 1.190473896E+00
 1.248380450E+00 1.299462454E+00 1.343319383E+00 1.379689831E+00 1.408459250E+00
 1.429673836E+00 1.443558331E+00 1.450530879E+00 1.451202581E+00 1.446348303E+00
 1.436845000E+00 1.423592219E+00 1.407440243E+00 1.389143801E+00 1.369343209E+00
 1.348564934E+00-1.751218252E+00-1.806106602E+00-1.865470270E+00-1.929380215E+00
-1.997888050E+00-2.067726386E+00-2.138199615E+00-2.209322328E+00-2.281063153E+00
-2.353366226E+00-2.426146945E+00-2.499288913E+00-2.572642771E+00-2.646026469E+00
-2.719226724E+00-2.792001669E+00-2.864083745E+00-2.935183322E+00-3.004992496E+00
-3.073188947E+00-3.139440125E+00-3.203407297E+00-3.264749833E+00-3.323129426E+00
-3.378214184E+00-3.429682912E+00-3.477228889E+00-3.520563743E+00-3.559420922E+00
-3.593558754E+00-3.622763258E+00-3.646850447E+00-3.665668133E+00-3.679097282E+00
-3.687052944E+00-3.689484642E+00-3.686376429E+00-3.677746732E+00-3.663647870E+00
-3.644165547E+00-3.619418159E+00-3.589556072E+00-3.554760288E+00-3.515240584E+00
-3.471232994E+00-3.422996842E+00-3.370811565E+00-3.314973617E+00-3.255793379E+00
-3.193592202E+00-3.128699480E+00-3.061449952E+00-2.992180878E+00-2.921229362E+00
-2.848929487E+00-2.775609345E+00-2.701588003E+00-2.627172257E+00-2.552653367E+00
-2.478303679E+00-2.404373428E+00-2.331087604E+00-2.258643272E+00-2.187207230E+00
-2.116914190E+00-2.047865725E+00-1.980129772E+00-1.913740923E+00-1.848701540E+00
-1.784983380E+00-1.722529975E+00-1.661259447E+00-1.601067733E+00-1.541832037E+00
-1.483414372E+00-1.425665060E+00-1.368426059E+00-1.311534027E+00-1.254823027E+00
-1.198126856E+00-1.141280938E+00-1.084123836E+00-1.026498337E+00-9.682522096E-01
-9.092386248E-01-8.493163228E-01-7.883495588E-01-7.262078779E-01-6.627657783E-01
-5.979022862E-01-5.315005401E-01-4.634473733E-01-3.936330065E-01-3.219508983E-01
-2.482978478E-01-1.725744873E-01-9.468635192E-02-1.454577823E-02 6.792493104E-02
 1.527884658E-01 2.400845952E-01 3.298178209E-01 4.219381251E-01 5.163110071E-01
 6.126715228E-01 7.105572983E-01 8.092239134E-01 9.075748958E-01 1.004181186E+00
 1.097444215E+00 1.185824687E+00 1.267995132E+00 1.342878750E+00 1.409626007E+00
 1.467577593E+00 1.516235604E+00 1.555250067E+00 1.584424104E+00 1.603741531E+00
 1.613421201E+00 1.613995716E+00 1.606385477E+00 1.591892208E+00 1.572040673E+00
 1.548328492E+00 1.522041122E+00 1.494194905E+00 1.465560177E+00 1.436708492E+00
-1.736337637E+00-1.790146047E+00-1.848198721E+00-1.910655693E+00-1.977103504E+00
-2.045121763E+00-2.113644061E+00-2.182594943E+00-2.251921877E+00-2.321555920E+00
-2.391408169E+00-2.461367612E+00-2.531299909E+00-2.601047153E+00-2.670428440E+00
-2.739241279E+00-2.807263510E+00-2.874255690E+00-2.939963823E+00-3.004122345E+00
-3.066457301E+00-3.126689545E+00-3.184538165E+00-3.239723801E+00-3.291971878E+00
-3.341016000E+00-3.386600872E+00-3.428485326E+00-3.466444974E+00-3.500274536E+00
-3.529789946E+00-3.554830007E+00-3.575257625E+00-3.590960858E+00-3.601853284E+00
-3.607874331E+00-3.608989215E+00-3.605188985E+00-3.596490635E+00-3.582937628E+00
-3.564601038E+00-3.541581163E+00-3.514008778E+00-3.482044404E+00-3.445875574E+00
-3.405713517E+00-3.361789733E+00-3.314352656E+00-3.263664479E+00-3.209997916E+00
-3.153633199E+00-3.094855444E+00-3.033951859E+00-2.971209188E+00-2.906911228E+00
-2.841336235E+00-2.774754386E+00-2.707425276E+00-2.639595228E+00-2.571494829E+00
-2.503336570E+00-2.435312479E+00-2.367592241E+00-2.300321475E+00-2.233620437E+00
-2.167583242E+00-2.102277534E+00-2.037744587E+00-1.974000039E+00-1.911035016E+00
-1.848817637E+00-1.787295000E+00-1.726395345E+00-1.666030428E+00-1.606097998E+00
-1.546484265E+00-1.487066302E+00-1.427714268E+00-1.368293447E+00-1.308666023E+00
-1.248692571E+00-1.188233278E+00-1.127148844E+00-1.065301138E+00-1.002553560E+00
-9.387711820E-01-8.738206594E-01-8.075699698E-01-7.398879552E-01-6.706437459E-01
-5.997060482E-01-5.269423474E-01-4.522180111E-01-3.753953644E-01-2.963327449E-01
-2.148835934E-01-1.308956572E-01-4.421043529E-02 4.533692587E-02 1.379169269E-01
 2.337035444E-01 3.328693733E-01 4.355756365E-01 5.419519363E-01 6.520539529E-01
 7.657702987E-01 8.826073907E-01 1.001231549E+00 1.118987024E+00 1.232558109E+00
 1.339298684E+00 1.437446766E+00 1.525806151E+00 1.603508844E+00 1.669885125E+00
 1.724393510E+00 1.766584977E+00 1.796092910E+00 1.812653281E+00 1.816178657E+00
 1.806951473E+00 1.786064853E+00 1.755996697E+00 1.720142114E+00 1.681312842E+00
 1.641307713E+00 1.601236833E+00 1.561800920E+00 1.523447712E+00-1.722440414E+00
-1.775009321E+00-1.831788089E+00-1.892860984E+00-1.958016844E+00-2.024395563E+00
-2.091072631E+00-2.158001874E+00-2.225123803E+00-2.292366646E+00-2.359644116E+00
-2.426853882E+00-2.493876426E+00-2.560574752E+00-2.626794538E+00-2.692364997E+00
-2.757100163E+00-2.820800551E+00-2.883255239E+00-2.944244025E+00-3.003539964E+00
-3.060911828E+00-3.116126821E+00-3.168953113E+00-3.219162538E+00-3.266533035E+00
-3.310851183E+00-3.351914298E+00-3.389532540E+00-3.423530682E+00-3.453749503E+00
-3.480046987E+00-3.502298984E+00-3.520399579E+00-3.534261149E+00-3.543813838E+00
-3.549005096E+00-3.549798979E+00-3.546176050E+00-3.538134392E+00-3.525693013E+00
-3.508898671E+00-3.487835230E+00-3.462624476E+00-3.433418015E+00-3.400391366E+00
-3.363740199E+00-3.323676869E+00-3.280426558E+00-3.234223787E+00-3.185309511E+00
-3.133928368E+00-3.080326389E+00-3.024748656E+00-2.967437307E+00-2.908629401E+00
-2.848554907E+00-2.787434782E+00-2.725478824E+00-2.662883942E+00-2.599832147E+00
-2.536488958E+00-2.473001893E+00-2.409499153E+00-2.346088725E+00-2.282857730E+00
-2.219872069E+00-2.157176620E+00-2.094795527E+00-2.032732955E+00-1.970974198E+00
-1.909486952E+00-1.848222773E+00-1.787118759E+00-1.726099258E+00-1.665077608E+00
-1.603957850E+00-1.542636340E+00-1.481003237E+00-1.418943804E+00-1.356339553E+00
-1.293069128E+00-1.229009011E+00-1.164033970E+00-1.098017303E+00-1.030830840E+00
-9.623447463E-01-8.924271109E-01-8.209433008E-01-7.477551374E-01-6.727198267E-01
-5.956886721E-01-5.165055363E-01-4.350049946E-01-3.510101974E-01-2.643302873E-01
-1.747573735E-01-8.206284122E-02 1.400712198E-02 1.137371278E-01 2.174497614E-01
 3.255151297E-01 4.383642137E-01 5.565088980E-01 6.805750610E-01 8.113655878E-01
 9.500116144E-01 1.098560960E+00 1.252115250E+00 1.395123847E+00 1.526568540E+00
 1.644492090E+00 1.748205119E+00 1.838497215E+00 1.915298791E+00 1.977827377E+00
 2.024291507E+00 2.054046536E+00 2.067698716E+00 2.064737420E+00 2.043589243E+00
 2.000861262E+00 1.938164534E+00 1.876560298E+00 1.816837097E+00 1.759534014E+00
 1.704958278E+00 1.653264635E+00 1.604503521E+00-1.710340319E+00-1.761775085E+00
-1.817372430E+00-1.877154877E+00-1.941202660E+00-2.006045351E+00-2.071014536E+00
-2.136092620E+00-2.201221821E+00-2.266334882E+00-2.331353614E+00-2.396187275E+00
-2.460731906E+00-2.524869791E+00-2.588469611E+00-2.651387122E+00-2.713466010E+00
-2.774539261E+00-2.834430699E+00-2.892956783E+00-2.949928451E+00-3.005153190E+00
-3.058437152E+00-3.109587125E+00-3.158412673E+00-3.204728122E+00-3.248354408E+00
-3.289120800E+00-3.326866428E+00-3.361441603E+00-3.392708728E+00-3.420543053E+00
-3.444832792E+00-3.465479003E+00-3.482394724E+00-3.495503704E+00-3.504738259E+00
-3.510036595E+00-3.511339767E+00-3.508589140E+00-3.501728172E+00-3.490717893E+00
-3.475593727E+00-3.456468371E+00-3.433478937E+00-3.406779338E+00-3.376542071E+00
-3.342957243E+00-3.306225409E+00-3.266553498E+00-3.224152390E+00-3.179234674E+00
-3.132012839E+00-3.082697514E+00-3.031496133E+00-2.978611341E+00-2.924239643E+00
-2.868569869E+00-2.811781780E+00-2.754044520E+00-2.695515181E+00-2.636337481E+00
-2.576640648E+00-2.516538251E+00-2.456127679E+00-2.395489387E+00-2.334686815E+00
-2.273766217E+00-2.212757008E+00-2.151672208E+00-2.090509085E+00-2.029250104E+00
-1.967863892E+00-1.906306378E+00-1.844521997E+00-1.782444894E+00-1.720000139E+00
-1.657104861E+00-1.593669319E+00-1.529597833E+00-1.464789584E+00-1.399139257E+00
-1.332537494E+00-1.264871165E+00-1.196023453E+00-1.125873702E+00-1.054297091E+00
-9.811640424E-01-9.063394098E-01-8.296814032E-01-7.510402137E-01-6.702563092E-01
-5.871583278E-01-5.015605102E-01-4.132595397E-01-3.220306334E-01-2.276226710E-01
-1.297520411E-01-2.809470782E-02 7.772422475E-02 1.881446221E-01 3.036910500E-01
 4.250015034E-01 5.528713318E-01 6.883239864E-01 8.327302893E-01 9.880056282E-01
 1.156842447E+00 1.343557769E+00 1.517811591E+00 1.672016167E+00 1.810035616E+00
 1.932300825E+00 2.038824089E+00 2.126004675E+00 2.193845323E+00 2.245032734E+00
 2.279037794E+00 2.294868257E+00 2.287515264E+00 2.255581700E+00 2.199381301E+00
 2.114895419E+00 2.024681763E+00 1.942378893E+00 1.866846624E+00 1.797336730E+00
 1.733306429E+00 1.674306734E+00-1.701170552E+00-1.751828150E+00-1.806386948E+00
-1.864974439E+00-1.927163026E+00-1.990491961E+00-2.053889019E+00-2.117275884E+00
-2.180603183E+00-2.243814704E+00-2.306844836E+00-2.369617309E+00-2.432044346E+00
-2.494026483E+00-2.555452883E+00-2.616201819E+00-2.676141680E+00-2.735132042E+00
-2.793025035E+00-2.849666807E+00-2.904899026E+00-2.958560628E+00-3.010489428E+00
-3.060523762E+00-3.108504213E+00-3.154275164E+00-3.197686248E+00-3.238593705E+00
-3.276861664E+00-3.312362931E+00-3.344979851E+00-3.374604567E+00-3.401138995E+00
-3.424494328E+00-3.444589647E+00-3.461349904E+00-3.474702184E+00-3.484569985E+00
-3.490863358E+00-3.493461254E+00-3.492176819E+00-3.486685467E+00-3.476966890E+00
-3.463313199E+00-3.445874469E+00-3.424777564E+00-3.400175194E+00-3.372260919E+00
-3.341225370E+00-3.307256158E+00-3.270542035E+00-3.231269990E+00-3.189624379E+00
-3.145786552E+00-3.099934082E+00-3.052239967E+00-3.002872014E+00-2.951991906E+00
-2.899754156E+00-2.846304869E+00-2.791780479E+00-2.736306608E+00-2.679997154E+00
-2.622953365E+00-2.565263250E+00-2.507001160E+00-2.448227455E+00-2.388988504E+00
-2.329316803E+00-2.269231264E+00-2.208737603E+00-2.147829038E+00-2.086486871E+00
-2.024681260E+00-1.962372133E+00-1.899509910E+00-1.836036408E+00-1.771885602E+00
-1.706984375E+00-1.641253154E+00-1.574606461E+00-1.506953315E+00-1.438197509E+00
-1.368237711E+00-1.296967406E+00-1.224274645E+00-1.150041576E+00-1.074143761E+00
-9.964492443E-01-9.168173237E-01-8.350970043E-01-7.511250682E-01-6.647236894E-01
-5.756974763E-01-4.838298347E-01-3.888784592E-01-2.905696764E-01-1.885913630E-01
-8.258391812E-02 2.787132130E-02 1.432671012E-01 2.641898824E-01 3.913455383E-01
 5.255925556E-01 6.679829379E-01 8.198061965E-01 9.826190561E-01 1.158222850E+00
 1.348534330E+00 1.546945821E+00 1.724537697E+00 1.882192029E+00 2.020325661E+00
 2.138256565E+00 2.235249010E+00 2.312780274E+00 2.371252509E+00 2.409944460E+00
 2.426941990E+00 2.420242569E+00 2.389925428E+00 2.334784922E+00 2.252495228E+00
 2.144087269E+00 2.042974774E+00 1.951697680E+00 1.869163198E+00 1.794437670E+00
 1.726700452E+00-1.693928080E+00-1.743757633E+00-1.797401963E+00-1.854935577E+00
-1.916091516E+00-1.978107958E+00-2.040039909E+00-2.101857630E+00-2.163530663E+00
-2.225020678E+00-2.286279117E+00-2.347246123E+00-2.407850331E+00-2.468009174E+00
-2.527629525E+00-2.586608648E+00-2.644835239E+00-2.702190536E+00-2.758549594E+00
-2.813782569E+00-2.867756105E+00-2.920334621E+00-2.971381799E+00-3.020761882E+00
-3.068341091E+00-3.113988880E+00-3.157579125E+00-3.198991300E+00-3.238111388E+00
-3.274832739E+00-3.309056703E+00-3.340692905E+00-3.369659380E+00-3.395882184E+00
-3.419294563E+00-3.439835441E+00-3.457447286E+00-3.472073304E+00-3.483654666E+00
-3.492128938E+00-3.497430704E+00-3.497386350E+00-3.491901741E+00-3.483061124E+00
-3.470603527E+00-3.454455045E+00-3.434696017E+00-3.411679338E+00-3.385585451E+00
-3.356567839E+00-3.324802973E+00-3.290455518E+00-3.253682392E+00-3.214638242E+00
-3.173473243E+00-3.130332916E+00-3.085358987E+00-3.038689691E+00-2.990458345E+00
-2.940791925E+00-2.889809893E+00-2.837622893E+00-2.784332033E+00-2.730028019E+00
-2.674790704E+00-2.618688703E+00-2.561779139E+00-2.504107607E+00-2.445708249E+00
-2.386603853E+00-2.326806181E+00-2.266316357E+00-2.205125351E+00-2.143214386E+00
-2.080555560E+00-2.017112424E+00-1.952840487E+00-1.887687805E+00-1.821595411E+00
-1.754497800E+00-1.686323245E+00-1.616994045E+00-1.546426653E+00-1.474531669E+00
-1.401213687E+00-1.326370971E+00-1.249894949E+00-1.171669495E+00-1.091569976E+00
-1.009462030E+00-9.252000257E-01-8.386251574E-01-7.495631062E-01-6.578211585E-01
-5.631846967E-01-4.654128880E-01-3.642334037E-01-2.593359225E-01-1.503641702E-01
-3.690612761E-02 8.151785988E-02 2.054693365E-01 3.356082655E-01 4.727110347E-01
 6.176877063E-01 7.715940526E-01 9.356313279E-01 1.111126422E+00 1.299489908E+00
 1.502440368E+00 1.699735311E+00 1.873565465E+00 2.022303624E+00 2.149833664E+00
 2.257272628E+00 2.344927956E+00 2.411025957E+00 2.453134043E+00 2.474124974E+00
 2.473871773E+00 2.451387889E+00 2.403449351E+00 2.326464775E+00 2.222175549E+00
 2.107213633E+00 2.004154314E+00 1.912006229E+00 1.829603797E+00 1.755842133E+00
-1.689403067E+00-1.738566606E+00-1.791442850E+00-1.848036716E+00-1.908503925E+00
-1.969254979E+00-2.029756255E+00-2.090056221E+00-2.150156371E+00-2.210043469E+00
-2.269688758E+00-2.329048720E+00-2.388066442E+00-2.446673251E+00-2.504790187E+00
-2.562329431E+00-2.619195610E+00-2.675287051E+00-2.730496985E+00-2.784714790E+00
-2.837827109E+00-2.889719053E+00-2.940275369E+00-2.989381594E+00-3.036925207E+00
-3.082796648E+00-3.126890408E+00-3.169105979E+00-3.209348722E+00-3.247530666E+00
-3.283571219E+00-3.317397700E+00-3.348945813E+00-3.378159812E+00-3.404992512E+00
-3.429404753E+00-3.451364291E+00-3.470843939E+00-3.487821395E+00-3.502290400E+00
-3.512203291E+00-3.517568789E+00-3.518496819E+00-3.515278660E+00-3.507944947E+00
-3.496343588E+00-3.480069891E+00-3.461214322E+00-3.439427997E+00-3.414653597E+00
-3.387177769E+00-3.357128808E+00-3.324615906E+00-3.289774915E+00-3.252728938E+00
-3.213592321E+00-3.172480125E+00-3.129511325E+00-3.084802998E+00-3.038467261E+00
-2.990610145E+00-2.941330320E+00-2.890718179E+00-2.838855493E+00-2.785814851E+00
-2.731659557E+00-2.676443421E+00-2.620210721E+00-2.562996180E+00-2.504825182E+00
-2.445713869E+00-2.385669370E+00-2.324690195E+00-2.262766403E+00-2.199880069E+00
-2.136005636E+00-2.071110239E+00-2.005154021E+00-1.938090533E+00-1.869866965E+00
-1.800424336E+00-1.729697640E+00-1.657615887E+00-1.584102031E+00-1.509072781E+00
-1.432438279E+00-1.354101613E+00-1.273958157E+00-1.191894726E+00-1.107788477E+00
-1.021505586E+00-9.328995820E-01-8.418093678E-01-7.480567992E-01-6.514437932E-01
-5.517488651E-01-4.487229813E-01-3.420846558E-01-2.315141517E-01-1.166467147E-01
 2.935176249E-03 1.277104793E-01 2.582288819E-01 3.951201611E-01 5.391027397E-01
 6.909903712E-01 8.516962143E-01 1.022234526E+00 1.203721663E+00 1.397376708E+00
 1.602152216E+00 1.785605160E+00 1.944471646E+00 2.081025785E+00 2.196135781E+00
 2.289728407E+00 2.360466696E+00 2.409655062E+00 2.438435922E+00 2.446400033E+00
 2.432118134E+00 2.392942433E+00 2.329055095E+00 2.240421976E+00 2.126522414E+00
 2.016180072E+00 1.918782647E+00 1.832826412E+00 1.756843394E+00-1.689355191E+00
-1.738426263E+00-1.790745794E+00-1.846400659E+00-1.905038593E+00-1.964296615E+00
-2.023259480E+00-2.081978677E+00-2.140499743E+00-2.198835233E+00-2.256971449E+00
-2.314874810E+00-2.372496562E+00-2.429776075E+00-2.486643203E+00-2.543020147E+00
-2.598822887E+00-2.653962425E+00-2.708345885E+00-2.761877583E+00-2.814460091E+00
-2.865995051E+00-2.916384374E+00-2.965531039E+00-3.013340080E+00-3.059719513E+00
-3.104581268E+00-3.147841965E+00-3.189423806E+00-3.229255385E+00-3.267272526E+00
-3.303419034E+00-3.337647726E+00-3.369921611E+00-3.400215131E+00-3.428515457E+00
-3.454821952E+00-3.479138217E+00-3.501439316E+00-3.519686287E+00-3.533834464E+00
-3.543878500E+00-3.549853196E+00-3.551821392E+00-3.549821611E+00-3.543873965E+00
-3.534025968E+00-3.520482804E+00-3.503117379E+00-3.481485935E+00-3.457768036E+00
-3.431558990E+00-3.402758325E+00-3.371622984E+00-3.338233924E+00-3.302641002E+00
-3.264920991E+00-3.225194358E+00-3.183572213E+00-3.140155936E+00-3.095042317E+00
-3.048320626E+00-3.000072111E+00-2.950370522E+00-2.899281819E+00-2.846864230E+00
-2.793168078E+00-2.738235875E+00-2.682102309E+00-2.624794408E+00-2.566331532E+00
-2.506725597E+00-2.445981196E+00-2.384095809E+00-2.321059942E+00-2.256857453E+00
-2.191465633E+00-2.124855532E+00-2.056992019E+00-1.987834093E+00-1.917334935E+00
-1.845441943E+00-1.772096792E+00-1.697235322E+00-1.620787381E+00-1.542676538E+00
-1.462819705E+00-1.381126611E+00-1.297499133E+00-1.211830476E+00-1.124004153E+00
-1.033892778E+00-9.413566148E-01-8.462418860E-01-7.483787875E-01-6.475792100E-01
-5.436341143E-01-4.363105852E-01-3.253485326E-01-2.104571092E-01-9.131088429E-02
 3.245411327E-02 1.612443594E-01 2.955127770E-01 4.357628722E-01 5.825539109E-01
 7.365093356E-01 8.983328631E-01 1.068840192E+00 1.249017747E+00 1.440170955E+00
 1.629798666E+00 1.795103586E+00 1.936768113E+00 2.053602915E+00 2.148720078E+00
 2.224386173E+00 2.281187826E+00 2.318481481E+00 2.333329561E+00 2.327451189E+00
 2.301741221E+00 2.255574569E+00 2.187057116E+00 2.091917495E+00 1.980358364E+00
 1.883348713E+00 1.799376118E+00 1.726257653E+00-1.693122637E+00-1.742519059E+00
-1.794508401E+00-1.849081717E+00-1.906155909E+00-1.963516412E+00-2.020581381E+00
-2.077512997E+00-2.134371579E+00-2.191163776E+00-2.247867128E+00-2.304441351E+00
-2.360834145E+00-2.416984454E+00-2.472824534E+00-2.528281392E+00-2.583277946E+00
-2.637733838E+00-2.691566386E+00-2.744691338E+00-2.797023610E+00-2.848478154E+00
-2.898970641E+00-2.948418331E+00-2.996740711E+00-3.043860429E+00-3.089703986E+00
-3.134202439E+00-3.177292230E+00-3.218915945E+00-3.259023048E+00-3.297570832E+00
-3.334525581E+00-3.369864565E+00-3.403580033E+00-3.435687701E+00-3.466246959E+00
-3.495408039E+00-3.520980933E+00-3.542833121E+00-3.560904883E+00-3.575174904E+00
-3.585647039E+00-3.592340648E+00-3.595280919E+00-3.594497888E+00-3.590032149E+00
-3.581937088E+00-3.570242079E+00-3.554994926E+00-3.536402635E+00-3.514316177E+00
-3.488248061E+00-3.460468399E+00-3.430499446E+00-3.398121254E+00-3.363313379E+00
-3.326386513E+00-3.287446497E+00-3.246565683E+00-3.203841578E+00-3.159355527E+00
-3.113177713E+00-3.065374195E+00-3.016004498E+00-2.965121426E+00-2.912771560E+00
-2.858995322E+00-2.803826815E+00-2.747294060E+00-2.689418931E+00-2.630217301E+00
-2.569699031E+00-2.507868036E+00-2.444722417E+00-2.380254422E+00-2.314450644E+00
-2.247292091E+00-2.178754311E+00-2.108807502E+00-2.037416590E+00-1.964541271E+00
-1.890136047E+00-1.814150097E+00-1.736527243E+00-1.657205727E+00-1.576117975E+00
-1.493190263E+00-1.408342293E+00-1.321486688E+00-1.232528392E+00-1.141363952E+00
-1.047880733E+00-9.519560138E-01-8.534560249E-01-7.522349049E-01-6.481336681E-01
-5.409791795E-01-4.305832714E-01-3.167420767E-01-1.992357556E-01-7.782874729E-02
 4.772924238E-02 1.777014677E-01 3.123616501E-01 4.519913467E-01 5.968787167E-01
 7.473224842E-01 9.036503499E-01 1.066277034E+00 1.235879149E+00 1.413372817E+00
 1.575359094E+00 1.711915603E+00 1.826077279E+00 1.921637382E+00 1.999811543E+00
 2.060748573E+00 2.102717860E+00 2.125777033E+00 2.131969625E+00 2.121376866E+00
 2.093311972E+00 2.045261279E+00 1.976586057E+00 1.888149584E+00 1.800147384E+00
 1.726521922E+00 1.663171911E+00-1.702454911E+00-1.753624804E+00-1.805640482E+00
-1.858528207E+00-1.912214524E+00-1.966493171E+00-2.021162076E+00-2.076112125E+00
-2.131269509E+00-2.186568869E+00-2.241946203E+00-2.297336714E+00-2.352673899E+00
-2.407889434E+00-2.462913019E+00-2.517672628E+00-2.572094824E+00-2.626104983E+00
-2.679627767E+00-2.732587626E+00-2.784909260E+00-2.836518143E+00-2.887341146E+00
-2.937307136E+00-2.986347557E+00-3.034397127E+00-3.081394381E+00-3.127282447E+00
-3.172009570E+00-3.215529766E+00-3.257803275E+00-3.298796864E+00-3.338483637E+00
-3.376841797E+00-3.413851363E+00-3.449486779E+00-3.483702101E+00-3.516404570E+00
-3.545383214E+00-3.570731798E+00-3.592481500E+00-3.610643172E+00-3.625224584E+00
-3.636236316E+00-3.643693423E+00-3.647616078E+00-3.648030381E+00-3.644967936E+00
-3.638463837E+00-3.628561874E+00-3.615318455E+00-3.598767258E+00-3.578971433E+00
-3.556187087E+00-3.530354577E+00-3.501198342E+00-3.468141619E+00-3.433587023E+00
-3.397023325E+00-3.358286729E+00-3.317621331E+00-3.275082801E+00-3.230704681E+00
-3.184553725E+00-3.136683743E+00-3.087139690E+00-3.035964410E+00-2.983196075E+00
-2.928867723E+00-2.873007898E+00-2.815640664E+00-2.756785420E+00-2.696456911E+00
-2.634665154E+00-2.571415305E+00-2.506707576E+00-2.440537240E+00-2.372894743E+00
-2.303765727E+00-2.233131183E+00-2.160967529E+00-2.087246630E+00-2.011935815E+00
-1.934997945E+00-1.856391298E+00-1.776069566E+00-1.693981741E+00-1.610071998E+00
-1.524279531E+00-1.436538390E+00-1.346777280E+00-1.254919372E+00-1.160882124E+00
-1.064577155E+00-9.659102004E-01-8.647812169E-01-7.610847031E-01-6.547103585E-01
-5.455441813E-01-4.334702381E-01-3.183733005E-01-2.001426765E-01-7.867764471E-02
 4.610496781E-02 1.742602850E-01 3.058007347E-01 4.406751244E-01 5.787371911E-01
 7.196939172E-01 8.630076136E-01 1.007662628E+00 1.151330996E+00 1.287396392E+00
 1.409388660E+00 1.516156591E+00 1.607715386E+00 1.684208729E+00 1.745772831E+00
 1.792515029E+00 1.824526292E+00 1.841913344E+00 1.844839036E+00 1.833571776E+00
 1.808575074E+00 1.770726677E+00 1.722043128E+00 1.668635069E+00 1.618153834E+00
 1.572149986E+00-1.712450434E+00-1.765135490E+00-1.817189412E+00-1.868570701E+00
-1.919384225E+00-1.971040933E+00-2.023582788E+00-2.076762887E+00-2.130413929E+00
-2.184412230E+00-2.238657531E+00-2.293062519E+00-2.347547225E+00-2.402035767E+00
-2.456454765E+00-2.510732155E+00-2.564796919E+00-2.618578699E+00-2.672007989E+00
-2.725016155E+00-2.777535803E+00-2.829501033E+00-2.880847878E+00-2.931514779E+00
-2.981443003E+00-3.030577248E+00-3.078866068E+00-3.126262549E+00-3.172724897E+00
-3.218217049E+00-3.262709282E+00-3.306178788E+00-3.348609988E+00-3.389993736E+00
-3.430323967E+00-3.469585993E+00-3.507720617E+00-3.542712285E+00-3.574444307E+00
-3.602862118E+00-3.627935740E+00-3.649647269E+00-3.667986765E+00-3.682950818E+00
-3.694541752E+00-3.702767319E+00-3.707640404E+00-3.709178583E+00-3.707403828E+00
-3.702342688E+00-3.694025545E+00-3.682484255E+00-3.667756371E+00-3.649884659E+00
-3.628865611E+00-3.604663264E+00-3.577267579E+00-3.546852487E+00-3.513192612E+00
-3.475684354E+00-3.436834771E+00-3.396081110E+00-3.353224814E+00-3.308496490E+00
-3.261930087E+00-3.213537910E+00-3.163368653E+00-3.111459289E+00-3.057839289E+00
-3.002537952E+00-2.945581592E+00-2.886993113E+00-2.826792338E+00-2.764995640E+00
-2.701615325E+00-2.636659374E+00-2.570131394E+00-2.502030782E+00-2.432352830E+00
-2.361088955E+00-2.288226696E+00-2.213749874E+00-2.137638627E+00-2.059869431E+00
-1.980415158E+00-1.899245203E+00-1.816325447E+00-1.731618415E+00-1.645083337E+00
-1.556676281E+00-1.466350333E+00-1.374055838E+00-1.279740756E+00-1.183351155E+00
-1.084831915E+00-9.841276922E-01-8.811842796E-01-7.759504302E-01-6.683803635E-01
-5.584371330E-01-4.460971433E-01-3.313561913E-01-2.142375626E-01-9.480290729E-02
 2.683296329E-02 1.504816363E-01 2.758521110E-01 4.025083864E-01 5.298053891E-01
 6.567909678E-01 7.820663878E-01 9.036578973E-01 1.019136447E+00 1.126194776E+00
 1.223186832E+00 1.309140601E+00 1.383530520E+00 1.446097365E+00 1.496753085E+00
 1.535542371E+00 1.562640087E+00 1.578376662E+00 1.583293131E+00 1.578235209E+00
 1.564495431E+00 1.543963680E+00 1.519064888E+00 1.492201756E+00 1.465114742E+00
-1.719393632E+00-1.772603914E+00-1.824606459E+00-1.875310921E+00-1.925041293E+00
-1.975350646E+00-2.026553849E+00-2.078496872E+00-2.131037215E+00-2.184053849E+00
-2.237442699E+00-2.291111839E+00-2.344977813E+00-2.398963111E+00-2.452994314E+00
-2.507001102E+00-2.560915480E+00-2.614671372E+00-2.668204523E+00-2.721452385E+00
-2.774354383E+00-2.826851903E+00-2.878888750E+00-2.930411327E+00-2.981369060E+00
-3.031714843E+00-3.081405406E+00-3.130401880E+00-3.178670392E+00-3.226182807E+00
-3.272917733E+00-3.318862148E+00-3.364014367E+00-3.408390336E+00-3.452039100E+00
-3.495082948E+00-3.535384830E+00-3.572774364E+00-3.607145982E+00-3.638431264E+00
-3.666584130E+00-3.691572609E+00-3.713374533E+00-3.731975117E+00-3.747365583E+00
-3.759542328E+00-3.768506339E+00-3.774262616E+00-3.776819607E+00-3.776188706E+00
-3.772383399E+00-3.765418123E+00-3.755307100E+00-3.742061415E+00-3.725683372E+00
-3.706169484E+00-3.683519983E+00-3.657743397E+00-3.628813816E+00-3.596722270E+00
-3.561644451E+00-3.523330937E+00-3.481132515E+00-3.437664017E+00-3.392316515E+00
-3.344864130E+00-3.295532161E+00-3.244341204E+00-3.191290931E+00-3.136421337E+00
-3.079762572E+00-3.021339302E+00-2.961178096E+00-2.899303424E+00-2.835735693E+00
-2.770490635E+00-2.703579588E+00-2.635010145E+00-2.564786688E+00-2.492910513E+00
-2.419380033E+00-2.344190713E+00-2.267335150E+00-2.188803211E+00-2.108582087E+00
-2.026656529E+00-1.943009019E+00-1.857620029E+00-1.770468310E+00-1.681531311E+00
-1.590785606E+00-1.498207481E+00-1.403773675E+00-1.307462308E+00-1.209254063E+00
-1.109133727E+00-1.007092120E+00-9.031285791E-01-7.972541343E-01-6.894955433E-01
-5.799004293E-01-4.685438306E-01-3.555365359E-01-2.410357038E-01-1.252584207E-01
-8.498959809E-03 1.088494129E-01 2.262675582E-01 3.430793921E-01 4.584216019E-01
 5.712279361E-01 6.802538090E-01 7.841663975E-01 8.816883745E-01 9.717319178E-01
 1.053464515E+00 1.126307102E+00 1.189901132E+00 1.244074995E+00 1.288822956E+00
 1.324299446E+00 1.350827654E+00 1.368919558E+00 1.379301197E+00 1.382928807E+00
 1.380968997E+00 1.374713155E+00 1.365429847E+00 1.354217398E+00-1.724909851E+00
-1.778378184E+00-1.830360878E+00-1.880737666E+00-1.929507952E+00-1.979118226E+00
-2.029582093E+00-2.080784424E+00-2.132624089E+00-2.185005132E+00-2.237838109E+00
-2.291039853E+00-2.344532700E+00-2.398243599E+00-2.452103236E+00-2.506045420E+00
-2.560006671E+00-2.613925855E+00-2.667744122E+00-2.721404756E+00-2.774853345E+00
-2.828037824E+00-2.880908722E+00-2.933419283E+00-2.985525810E+00-3.037187942E+00
-3.088368938E+00-3.139036053E+00-3.189160897E+00-3.238719889E+00-3.287694544E+00
-3.336071510E+00-3.383841041E+00-3.430990599E+00-3.477483524E+00-3.523194657E+00
-3.565958137E+00-3.605822154E+00-3.642776224E+00-3.676791089E+00-3.707834311E+00
-3.735875817E+00-3.760889835E+00-3.782855186E+00-3.801755167E+00-3.817577124E+00
-3.830312183E+00-3.839954666E+00-3.846501570E+00-3.849952100E+00-3.850306857E+00
-3.847567081E+00-3.841733644E+00-3.832806004E+00-3.820781273E+00-3.805654608E+00
-3.787420601E+00-3.766073304E+00-3.741603900E+00-3.714006848E+00-3.683283233E+00
-3.649395696E+00-3.612323134E+00-3.572237210E+00-3.528863136E+00-3.481507172E+00
-3.432898707E+00-3.382387269E+00-3.329726187E+00-3.275144304E+00-3.218659720E+00
-3.160272938E+00-3.100031161E+00-3.037973744E+00-2.974131554E+00-2.908526663E+00
-2.841175637E+00-2.772092642E+00-2.701290176E+00-2.628779109E+00-2.554568412E+00
-2.478664947E+00-2.401073459E+00-2.321796623E+00-2.240835311E+00-2.158188883E+00
-2.073855441E+00-1.987832291E+00-1.900116414E+00-1.810705000E+00-1.719596087E+00
-1.626789372E+00-1.532287161E+00-1.436095544E+00-1.338225823E+00-1.238696273E+00
-1.137534288E+00-1.034779020E+00-9.304845849E-01-8.247239925E-01-7.175938824E-01
-6.092202796E-01-4.997654815E-01-3.894362309E-01-2.784932648E-01-1.672621426E-01
-5.614492451E-02 5.436841287E-02 1.636910821E-01 2.711369924E-01 3.759300172E-01
 4.772301340E-01 5.741773514E-01 6.659465298E-01 7.517997481E-01 8.311239845E-01
 9.034500966E-01 9.684571599E-01 1.025969418E+00 1.075951857E+00 1.118507720E+00
 1.153878442E+00 1.182444296E+00 1.204721642E+00 1.221350930E+00 1.233069342E+00
 1.240665857E+00 1.244924631E+00 1.246570468E+00-1.728506266E+00-1.782084679E+00
-1.834058560E+00-1.884331471E+00-1.933192672E+00-1.982502389E+00-2.032601810E+00
-2.083424019E+00-2.134896797E+00-2.186946840E+00-2.239501639E+00-2.292490757E+00
-2.345846181E+00-2.399502630E+00-2.453397359E+00-2.507470126E+00-2.561663128E+00
-2.615920830E+00-2.670190024E+00-2.724419823E+00-2.778561689E+00-2.832569600E+00
-2.886400094E+00-2.940012556E+00-2.993369260E+00-3.046435615E+00-3.099180368E+00
-3.151575673E+00-3.203597387E+00-3.255225434E+00-3.306444487E+00-3.357246331E+00
-3.407635828E+00-3.457646851E+00-3.507383435E+00-3.554724905E+00-3.599481965E+00
-3.641561799E+00-3.680905830E+00-3.717468637E+00-3.751211233E+00-3.782099167E+00
-3.810101821E+00-3.835192379E+00-3.857347452E+00-3.876546984E+00-3.892773885E+00
-3.906013661E+00-3.916254007E+00-3.923484401E+00-3.927695504E+00-3.928878616E+00
-3.927025152E+00-3.922126101E+00-3.914171601E+00-3.903150976E+00-3.889052675E+00
-3.871864396E+00-3.851572864E+00-3.828164302E+00-3.801623809E+00-3.771932687E+00
-3.739074871E+00-3.703040518E+00-3.663779228E+00-3.621257478E+00-3.575644335E+00
-3.526641719E+00-3.473514616E+00-3.419116352E+00-3.362764617E+00-3.304209118E+00
-3.243710884E+00-3.181326613E+00-3.117098062E+00-3.051041896E+00-2.983169082E+00
-2.913497196E+00-2.842047028E+00-2.768839817E+00-2.693895715E+00-2.617233071E+00
-2.538868299E+00-2.458816163E+00-2.377090209E+00-2.293703089E+00-2.208667167E+00
-2.121994920E+00-2.033699624E+00-1.943795906E+00-1.852300575E+00-1.759233427E+00
-1.664618313E+00-1.568484386E+00-1.470867560E+00-1.371812249E+00-1.271373447E+00
-1.169619151E+00-1.066633213E+00-9.625186699E-01-8.574015756E-01-7.514353819E-01
-6.448058381E-01-5.377363532E-01-4.304936249E-01-3.233931676E-01-2.168041492E-01
-1.111525431E-01-6.921276789E-03 9.535426876E-02 1.950969002E-01 2.917051258E-01
 3.845766904E-01 4.731353946E-01 5.568572606E-01 6.352924282E-01 7.080807903E-01
 7.749614082E-01 8.357770516E-01 8.904755922E-01 9.391094084E-01 9.818331435E-01
 1.018899224E+00 1.050649802E+00 1.077503604E+00 1.099936785E+00 1.118458336E+00
 1.133582721E+00 1.145803787E+00-1.731505549E+00-1.785180510E+00-1.837213606E+00
-1.887497195E+00-1.936428453E+00-1.985657049E+00-2.035639898E+00-2.086339837E+00
-2.137702513E+00-2.189670455E+00-2.242184911E+00-2.295186876E+00-2.348618104E+00
-2.402421509E+00-2.456541594E+00-2.510924725E+00-2.565519164E+00-2.620275286E+00
-2.675145636E+00-2.730085008E+00-2.785050558E+00-2.840001943E+00-2.894901359E+00
-2.949713791E+00-3.004407034E+00-3.058951828E+00-3.113321860E+00-3.167493664E+00
-3.221446292E+00-3.275160349E+00-3.328616127E+00-3.381789503E+00-3.434644163E+00
-3.487116628E+00-3.539091313E+00-3.588451206E+00-3.635243372E+00-3.679456980E+00
-3.721060853E+00-3.760017495E+00-3.796288598E+00-3.829837307E+00-3.860629149E+00
-3.888632327E+00-3.913817813E+00-3.936159178E+00-3.955632509E+00-3.972215989E+00
-3.985889716E+00-3.996635244E+00-4.004435269E+00-4.009273204E+00-4.011132792E+00
-4.009997774E+00-4.005851624E+00-3.998677365E+00-3.988457365E+00-3.975173331E+00
-3.958806101E+00-3.939335521E+00-3.916740316E+00-3.890997639E+00-3.862083579E+00
-3.829972424E+00-3.794633963E+00-3.756040119E+00-3.714168919E+00-3.668955255E+00
-3.620351460E+00-3.568522336E+00-3.513146203E+00-3.453453846E+00-3.392460042E+00
-3.329564213E+00-3.264855225E+00-3.198274577E+00-3.129784194E+00-3.059417500E+00
-2.987212767E+00-2.913207643E+00-2.837435748E+00-2.759927078E+00-2.680708878E+00
-2.599806627E+00-2.517244839E+00-2.433047831E+00-2.347240310E+00-2.259847989E+00
-2.170898151E+00-2.080420307E+00-1.988446954E+00-1.895014442E+00-1.800163909E+00
-1.703942535E+00-1.606404870E+00-1.507614417E+00-1.407645446E+00-1.306585038E+00
-1.204535414E+00-1.101616494E+00-9.979687258E-01-8.937560994E-01-7.891692883E-01
-6.844287582E-01-5.797876407E-01-4.755340199E-01-3.719922154E-01-2.695225085E-01
-1.685186573E-01-6.940267552E-02 2.738352933E-02 1.213895834E-01 2.121705232E-01
 2.993019560E-01 3.823950486E-01 4.611099062E-01 5.351664376E-01 6.043522248E-01
 6.685275233E-01 7.276276853E-01 7.816632828E-01 8.307180562E-01 8.749445658E-01
 9.145572703E-01 9.498228750E-01 9.810480313E-01 1.008565040E+00 1.032716755E+00
 1.053842205E+00-1.734393005E+00-1.788256826E+00-1.840414296E+00-1.890770267E+00
-1.939394442E+00-1.988662505E+00-2.038708078E+00-2.089479712E+00-2.140933307E+00
-2.193021716E+00-2.245695743E+00-2.298905257E+00-2.352599898E+00-2.406729866E+00
-2.461246389E+00-2.516101993E+00-2.571250948E+00-2.626649287E+00-2.682255156E+00
-2.738028850E+00-2.793932933E+00-2.849932468E+00-2.905995037E+00-2.962090934E+00
-3.018193284E+00-3.074278156E+00-3.130324720E+00-3.186315302E+00-3.242235372E+00
-3.298073204E+00-3.353818704E+00-3.409459626E+00-3.464970217E+00-3.520277251E+00
-3.573462428E+00-3.624386832E+00-3.672966483E+00-3.719138096E+00-3.762847433E+00
-3.804045315E+00-3.842686167E+00-3.878727574E+00-3.912129985E+00-3.942856584E+00
-3.970873055E+00-3.996147463E+00-4.018650026E+00-4.038352822E+00-4.055229575E+00
-4.069255327E+00-4.080406187E+00-4.088658998E+00-4.093991031E+00-4.096379770E+00
-4.095802621E+00-4.092236720E+00-4.085658812E+00-4.076044930E+00-4.063370425E+00
-4.047609583E+00-4.028735626E+00-4.006720360E+00-3.981534060E+00-3.953145044E+00
-3.921519344E+00-3.886620745E+00-3.848409755E+00-3.806839696E+00-3.761861910E+00
-3.713425979E+00-3.661419845E+00-3.605714223E+00-3.546322561E+00-3.482564235E+00
-3.417546743E+00-3.350540689E+00-3.281278610E+00-3.210047657E+00-3.136922256E+00
-3.061968969E+00-2.985233118E+00-2.906753129E+00-2.826563590E+00-2.744697655E+00
-2.661188324E+00-2.576069312E+00-2.489375635E+00-2.401144069E+00-2.311413700E+00
-2.220226361E+00-2.127627319E+00-2.033665946E+00-1.938396692E+00-1.841880056E+00
-1.744183826E+00-1.645384398E+00-1.545568278E+00-1.444833716E+00-1.343292468E+00
-1.241071676E+00-1.138315794E+00-1.035188533E+00-9.318747064E-01-8.285818480E-01
-7.255414372E-01-6.230094967E-01-5.212663230E-01-4.206150505E-01-3.213788069E-01
-2.238962721E-01-1.285155731E-01-3.558670192E-02 5.454722630E-02 1.415592787E-01
 2.251479341E-01 3.050455834E-01 3.810257846E-01 4.529089329E-01 5.205661719E-01
 5.839215374E-01 6.429523330E-01 6.976877716E-01 7.482059103E-01 7.946288891E-01
 8.371166046E-01 8.758590536E-01 9.110677863E-01 9.429670508E-01 9.717853174E-01
-1.736192927E+00-1.790192802E+00-1.842504429E+00-1.893036357E+00-1.942060642E+00
-1.991527709E+00-2.041778970E+00-2.092778655E+00-2.144488493E+00-2.196867289E+00
-2.249871792E+00-2.303457747E+00-2.357580623E+00-2.412196280E+00-2.467261487E+00
-2.522734195E+00-2.578574043E+00-2.634742353E+00-2.691202502E+00-2.747919942E+00
-2.804862408E+00-2.862000022E+00-2.919305384E+00-2.976753808E+00-3.034323397E+00
-3.091995297E+00-3.149753968E+00-3.207587726E+00-3.265489749E+00-3.323460271E+00
-3.381512138E+00-3.439684900E+00-3.498082746E+00-3.554677896E+00-3.609292371E+00
-3.661801730E+00-3.712113545E+00-3.760153949E+00-3.805860083E+00-3.849176161E+00
-3.890051374E+00-3.928438619E+00-3.964293985E+00-3.997576238E+00-4.028246585E+00
-4.056268385E+00-4.081606873E+00-4.104229033E+00-4.124103258E+00-4.141199128E+00
-4.155487247E+00-4.166938898E+00-4.175525830E+00-4.181220080E+00-4.183993727E+00
-4.183818674E+00-4.180666475E+00-4.174508199E+00-4.165314162E+00-4.153053824E+00
-4.137695563E+00-4.119206475E+00-4.097552166E+00-4.072696479E+00-4.044601163E+00
-4.013225661E+00-3.978526530E+00-3.940456858E+00-3.898966342E+00-3.854000570E+00
-3.805498893E+00-3.753406394E+00-3.697693642E+00-3.638349143E+00-3.575578007E+00
-3.509052274E+00-3.437960274E+00-3.365565431E+00-3.291250195E+00-3.215156562E+00
-3.137290500E+00-3.057688011E+00-2.976382251E+00-2.893409550E+00-2.808808335E+00
-2.722619607E+00-2.634886926E+00-2.545656565E+00-2.454977586E+00-2.362902057E+00
-2.269485395E+00-2.174786973E+00-2.078870948E+00-1.981807039E+00-1.883671667E+00
-1.784549004E+00-1.684532194E+00-1.583724604E+00-1.482241125E+00-1.380209472E+00
-1.277771459E+00-1.175084181E+00-1.072321023E+00-9.696723870E-01-8.673460653E-01
-7.655670536E-01-6.645767427E-01-5.646312988E-01-4.659991693E-01-3.689576471E-01
-2.737885226E-01-1.807729650E-01-9.018581464E-02-2.289620941E-03 8.267127192E-02
 1.644762349E-01 2.429331718E-01 3.178824169E-01 3.891995543E-01 4.567970826E-01
 5.206248944E-01 5.806695554E-01 6.369524659E-01 6.895269459E-01 7.384743853E-01
 7.838996767E-01 8.259261827E-01 8.646905415E-01 9.003376670E-01-1.737538878E+00
-1.791682215E+00-1.844193868E+00-1.894970471E+00-1.944424656E+00-1.994203153E+00
-2.044784368E+00-2.096148963E+00-2.148260567E+00-2.201080019E+00-2.254566782E+00
-2.308679698E+00-2.363377902E+00-2.418621262E+00-2.474370851E+00-2.530589232E+00
-2.587240692E+00-2.644291419E+00-2.701709594E+00-2.759465534E+00-2.817531817E+00
-2.875883294E+00-2.934497273E+00-2.993353583E+00-3.052434727E+00-3.111725938E+00
-3.171215358E+00-3.230893899E+00-3.290754721E+00-3.350790965E+00-3.410988949E+00
-3.471307441E+00-3.531617542E+00-3.589867909E+00-3.646084061E+00-3.700233639E+00
-3.752264343E+00-3.802118818E+00-3.849740133E+00-3.895073664E+00-3.938067421E+00
-3.978672169E+00-4.016841168E+00-4.052529949E+00-4.085696172E+00-4.116299358E+00
-4.144300695E+00-4.169662901E+00-4.192349916E+00-4.212326782E+00-4.229559435E+00
-4.244014430E+00-4.255658826E+00-4.264459953E+00-4.270385218E+00-4.273401932E+00
-4.273477135E+00-4.270577439E+00-4.264668819E+00-4.255716454E+00-4.243684631E+00
-4.228536457E+00-4.210233719E+00-4.188736695E+00-4.164004033E+00-4.135992388E+00
-4.104656473E+00-4.069948778E+00-4.031819870E+00-3.990218633E+00-3.945093309E+00
-3.896394140E+00-3.844075781E+00-3.788095255E+00-3.728407045E+00-3.664897057E+00
-3.597431571E+00-3.526033567E+00-3.449992426E+00-3.372706729E+00-3.293553152E+00
-3.212682370E+00-3.130104711E+00-3.045863311E+00-2.960000720E+00-2.872564916E+00
-2.783607812E+00-2.693184844E+00-2.601354417E+00-2.508177451E+00-2.413717542E+00
-2.318041426E+00-2.221219828E+00-2.123328185E+00-2.024447707E+00-1.924666252E+00
-1.824079280E+00-1.722790846E+00-1.620914501E+00-1.518574197E+00-1.415905093E+00
-1.313054251E+00-1.210181142E+00-1.107457926E+00-1.005069394E+00-9.032125462E-01
-8.020956850E-01-7.019370012E-01-6.029626109E-01-5.054040304E-01-4.094951363E-01
-3.154687064E-01-2.235526608E-01-1.339661767E-01-4.691584955E-02 3.740789110E-02
 1.188339647E-01 1.972132662E-01 2.724206403E-01 3.443561437E-01 4.129455540E-01
 4.781401572E-01 5.399158306E-01 5.982714967E-01 6.532270696E-01 7.048209819E-01
 7.531074954E-01 7.981539341E-01 8.400379986E-01-1.738772217E+00-1.793154625E+00
-1.845911386E+00-1.896961800E+00-1.946430832E+00-1.996585924E+00-2.047617813E+00
-2.099480091E+00-2.152133132E+00-2.205535914E+00-2.259647183E+00-2.314426500E+00
-2.369834740E+00-2.425834508E+00-2.482390264E+00-2.539468526E+00-2.597037882E+00
-2.655068958E+00-2.713534605E+00-2.772409749E+00-2.831671546E+00-2.891299435E+00
-2.951275106E+00-3.011582630E+00-3.072208579E+00-3.133142140E+00-3.194375446E+00
-3.255904177E+00-3.317729204E+00-3.379860952E+00-3.442331646E+00-3.505230381E+00
-3.566550884E+00-3.626096479E+00-3.683759679E+00-3.739464022E+00-3.793144246E+00
-3.844740011E+00-3.894193863E+00-3.941450752E+00-3.986457816E+00-4.029164346E+00
-4.069521589E+00-4.107482671E+00-4.143002464E+00-4.176037445E+00-4.206545489E+00
-4.234485769E+00-4.259818580E+00-4.282505110E+00-4.302507380E+00-4.319787953E+00
-4.334309857E+00-4.346036354E+00-4.354930879E+00-4.360956692E+00-4.364076919E+00
-4.364254298E+00-4.361451023E+00-4.355628612E+00-4.346747787E+00-4.334768282E+00
-4.319648728E+00-4.301346513E+00-4.279817633E+00-4.255016648E+00-4.226896529E+00
-4.195408756E+00-4.160503316E+00-4.122128958E+00-4.080233420E+00-4.034763707E+00
-3.985665736E+00-3.932882597E+00-3.876351100E+00-3.815996374E+00-3.751739920E+00
-3.683511496E+00-3.611221174E+00-3.534927045E+00-3.453921766E+00-3.371718126E+00
-3.287688905E+00-3.202002627E+00-3.114684656E+00-3.025795643E+00-2.935396897E+00
-2.843555424E+00-2.750340343E+00-2.655821102E+00-2.560067612E+00-2.463151435E+00
-2.365146765E+00-2.266131615E+00-2.166188725E+00-2.065406281E+00-1.963878862E+00
-1.861707986E+00-1.759002851E+00-1.655880883E+00-1.552468266E+00-1.448900332E+00
-1.345321805E+00-1.241886866E+00-1.138758969E+00-1.036110388E+00-9.341214671E-01
-8.329795125E-01-7.328773713E-01-6.340116695E-01-5.365807574E-01-4.407824410E-01
-3.468115344E-01-2.548573952E-01-1.651014681E-01-7.771502215E-02 7.142894580E-03
 8.932716083E-02 1.687079156E-01 2.451714821E-01 3.186208825E-01 3.889759477E-01
 4.561730876E-01 5.201647469E-01 5.809186430E-01 6.384168523E-01 6.926548210E-01
 7.436404144E-01 7.913930134E-01-1.738826448E+00-1.793373482E+00-1.846391378E+00
-1.897800850E+00-1.947837653E+00-1.998519261E+00-2.050138918E+00-2.102644750E+00
-2.155987754E+00-2.210120260E+00-2.264997392E+00-2.320577489E+00-2.376822262E+00
-2.433696501E+00-2.491167964E+00-2.549207062E+00-2.607786646E+00-2.666881974E+00
-2.726470450E+00-2.786531690E+00-2.847047402E+00-2.908001464E+00-2.969379809E+00
-3.031170519E+00-3.093363770E+00-3.155951792E+00-3.218928579E+00-3.282288994E+00
-3.346026469E+00-3.410125755E+00-3.474542516E+00-3.539144543E+00-3.601916028E+00
-3.662875884E+00-3.721991906E+00-3.779214469E+00-3.834488310E+00-3.887757041E+00
-3.938964758E+00-3.988056684E+00-4.034979510E+00-4.079681462E+00-4.122112313E+00
-4.162223330E+00-4.199967194E+00-4.235297904E+00-4.268170621E+00-4.298541630E+00
-4.326368147E+00-4.351608161E+00-4.374220360E+00-4.394163956E+00-4.411398527E+00
-4.425883867E+00-4.437579922E+00-4.446446544E+00-4.452443427E+00-4.455529918E+00
-4.455664997E+00-4.452806962E+00-4.446913514E+00-4.437941442E+00-4.425846682E+00
-4.410584105E+00-4.392107419E+00-4.370369207E+00-4.345320756E+00-4.316912130E+00
-4.285092078E+00-4.249808183E+00-4.211006732E+00-4.168632714E+00-4.122629451E+00
-4.072938131E+00-4.019497080E+00-3.962241749E+00-3.901106549E+00-3.836027361E+00
-3.766942040E+00-3.693797456E+00-3.616518657E+00-3.535181835E+00-3.449075848E+00
-3.361829611E+00-3.272817553E+00-3.182236022E+00-3.090138170E+00-2.996614992E+00
-2.901752969E+00-2.805629143E+00-2.708316141E+00-2.609886181E+00-2.510413304E+00
-2.409974824E+00-2.308652028E+00-2.206530951E+00-2.103702801E+00-2.000264349E+00
-1.896318451E+00-1.791974294E+00-1.687347781E+00-1.582561730E+00-1.477746019E+00
-1.373037566E+00-1.268580180E+00-1.164524207E+00-1.061025987E+00-9.582471081E-01
-8.563534669E-01-7.555141370E-01-6.559000853E-01-5.576827859E-01-4.610327599E-01
-3.661181099E-01-2.731031098E-01-1.821468969E-01-9.340231358E-02-7.014925318E-03
 7.687776556E-02 1.581469172E-01 2.366727806E-01 3.123450032E-01 3.850628518E-01
 4.547354223E-01 5.212818732E-01 5.846317570E-01 6.447254616E-01 7.015148078E-01
 7.549637578E-01-1.737790399E+00-1.792430628E+00-1.845724943E+00-1.897583398E+00
-1.948406430E+00-1.999794666E+00-2.052184758E+00-2.105516601E+00-2.159722915E+00
-2.214745337E+00-2.270534145E+00-2.327047001E+00-2.384247397E+00-2.442103554E+00
-2.500587493E+00-2.559674411E+00-2.619342120E+00-2.679570896E+00-2.740343161E+00
-2.801643377E+00-2.863457979E+00-2.925775361E+00-2.988585794E+00-3.051881489E+00
-3.115656615E+00-3.179907430E+00-3.244632753E+00-3.309835413E+00-3.375526300E+00
-3.441736302E+00-3.508550754E+00-3.574002799E+00-3.637896047E+00-3.700121813E+00
-3.760602860E+00-3.819273653E+00-3.876073367E+00-3.930943660E+00-3.983827715E+00
-4.034670192E+00-4.083416991E+00-4.130015366E+00-4.174413833E+00-4.216562068E+00
-4.256411009E+00-4.293912581E+00-4.329019776E+00-4.361686417E+00-4.391867181E+00
-4.419517365E+00-4.444592847E+00-4.467049990E+00-4.486845428E+00-4.503936008E+00
-4.518278655E+00-4.529830292E+00-4.538547632E+00-4.544387153E+00-4.547304947E+00
-4.547256601E+00-4.544197102E+00-4.538080758E+00-4.528861085E+00-4.516490704E+00
-4.500921329E+00-4.482103643E+00-4.459987325E+00-4.434520908E+00-4.405651862E+00
-4.373326511E+00-4.337490076E+00-4.298086519E+00-4.255058541E+00-4.208347507E+00
-4.157893445E+00-4.103635452E+00-4.045512432E+00-3.983464006E+00-3.917431557E+00
-3.847359261E+00-3.773194024E+00-3.694892401E+00-3.612389888E+00-3.525780113E+00
-3.434352944E+00-3.341868634E+00-3.247729437E+00-3.152200819E+00-3.055403540E+00
-2.957404471E+00-2.858264725E+00-2.758048985E+00-2.656826428E+00-2.554670588E+00
-2.451659305E+00-2.347874641E+00-2.243402959E+00-2.138334984E+00-2.032765935E+00
-1.926795784E+00-1.820529380E+00-1.714076653E+00-1.607552721E+00-1.501077909E+00
-1.394777678E+00-1.288782442E+00-1.183227253E+00-1.078251403E+00-9.739978909E-01
-8.706128321E-01-7.682447895E-01-6.670440853E-01-5.671621171E-01-4.687507012E-01
-3.719614929E-01-2.769454868E-01-1.838526321E-01-9.283152437E-02-4.029194129E-03
 8.240908263E-02 1.663399908E-01 2.476224800E-01 3.261182381E-01 4.016924374E-01
 4.742147839E-01 5.435609500E-01 6.096143956E-01 6.722685171E-01 7.314290970E-01
-1.735772648E+00-1.790455805E+00-1.844035029E+00-1.896455750E+00-1.947821085E+00
-2.000168529E+00-2.053611480E+00-2.108017359E+00-2.163296219E+00-2.219383416E+00
-2.276230740E+00-2.333800853E+00-2.392063640E+00-2.450994126E+00-2.510571034E+00
-2.570775994E+00-2.631593080E+00-2.693008318E+00-2.755009678E+00-2.817586848E+00
-2.880731228E+00-2.944435839E+00-3.008695413E+00-3.073506170E+00-3.138865844E+00
-3.204773193E+00-3.271227056E+00-3.338223731E+00-3.405749810E+00-3.473762140E+00
-3.542130311E+00-3.608879172E+00-3.674024302E+00-3.737531247E+00-3.799348639E+00
-3.859419781E+00-3.917686890E+00-3.974092396E+00-4.028579601E+00-4.081092778E+00
-4.131577243E+00-4.179979380E+00-4.226246638E+00-4.270327435E+00-4.312171197E+00
-4.351728202E+00-4.388949561E+00-4.423787103E+00-4.456193354E+00-4.486121362E+00
-4.513524642E+00-4.538357096E+00-4.560572858E+00-4.580126256E+00-4.596971676E+00
-4.611063427E+00-4.622355701E+00-4.630802458E+00-4.636357290E+00-4.638973420E+00
-4.638603471E+00-4.635199524E+00-4.628712980E+00-4.619094466E+00-4.606293835E+00
-4.590260047E+00-4.570941171E+00-4.548284385E+00-4.522235839E+00-4.492740736E+00
-4.459743327E+00-4.423186818E+00-4.383013484E+00-4.339164651E+00-4.291580908E+00
-4.240202264E+00-4.184968592E+00-4.125820094E+00-4.062697689E+00-3.995543516E+00
-3.924301439E+00-3.848917689E+00-3.769340758E+00-3.685529337E+00-3.597423394E+00
-3.505137080E+00-3.407995003E+00-3.310017287E+00-3.211034148E+00-3.110931455E+00
-3.009725581E+00-2.907470472E+00-2.804230810E+00-2.700076855E+00-2.595083095E+00
-2.489327618E+00-2.382891635E+00-2.275859338E+00-2.168317713E+00-2.060356825E+00
-1.952069935E+00-1.843553778E+00-1.734908661E+00-1.626238640E+00-1.517651555E+00
-1.409259019E+00-1.301176339E+00-1.193522396E+00-1.086419488E+00-9.799931599E-01
-8.743720579E-01-7.696878223E-01-6.660750372E-01-5.636712922E-01-4.626173331E-01
-3.630573475E-01-2.651393420E-01-1.690156034E-01-7.484319372E-02 1.721561380E-02
 1.069930534E-01 1.943158707E-01 2.790057597E-01 3.608803698E-01 4.397550289E-01
 5.154452277E-01 5.877699098E-01 6.565554945E-01 7.216404443E-01-1.731216286E+00
-1.785438065E+00-1.839253420E+00-1.892643900E+00-1.945545586E+00-1.999498602E+00
-2.054438536E+00-2.110226511E+00-2.166797653E+00-2.224112548E+00-2.282143972E+00
-2.340871482E+00-2.400278685E+00-2.460351939E+00-2.521079637E+00-2.582451723E+00
-2.644459593E+00-2.707095884E+00-2.770354511E+00-2.834230669E+00-2.898720830E+00
-2.963822904E+00-3.029536210E+00-3.095861661E+00-3.162801891E+00-3.230361647E+00
-3.298548991E+00-3.367378804E+00-3.436883892E+00-3.507148138E+00-3.576245356E+00
-3.643980437E+00-3.710243823E+00-3.774956725E+00-3.838051887E+00-3.899466893E+00
-3.959141733E+00-4.017017907E+00-4.073038098E+00-4.127146093E+00-4.179286588E+00
-4.229405271E+00-4.277448639E+00-4.323364125E+00-4.367099853E+00-4.408604747E+00
-4.447828349E+00-4.484720858E+00-4.519232961E+00-4.551315806E+00-4.580920894E+00
-4.608000091E+00-4.632505362E+00-4.654388902E+00-4.673602832E+00-4.690099308E+00
-4.703830275E+00-4.714747524E+00-4.722802494E+00-4.727946259E+00-4.730129445E+00
-4.729302118E+00-4.725413780E+00-4.718413276E+00-4.708248734E+00-4.694867543E+00
-4.678216302E+00-4.658240792E+00-4.634885963E+00-4.608095873E+00-4.577813805E+00
-4.543982131E+00-4.506542450E+00-4.465435601E+00-4.420601769E+00-4.371980612E+00
-4.319511421E+00-4.263133218E+00-4.202784866E+00-4.138405057E+00-4.069931881E+00
-3.997302032E+00-3.920448872E+00-3.839298497E+00-3.753759427E+00-3.663708327E+00
-3.568907535E+00-3.469076471E+00-3.368302572E+00-3.266028066E+00-3.162555607E+00
-3.058024069E+00-2.952512357E+00-2.846091895E+00-2.738836238E+00-2.630821210E+00
-2.522123756E+00-2.412821522E+00-2.302992869E+00-2.192717243E+00-2.082075640E+00
-1.971150956E+00-1.860028339E+00-1.748795417E+00-1.637542513E+00-1.526362764E+00
-1.415352228E+00-1.304609986E+00-1.194238280E+00-1.084342682E+00-9.750323679E-01
-8.664204803E-01-7.586246580E-01-6.517677212E-01-5.459785475E-01-4.413931433E-01
-3.381559089E-01-2.364210248E-01-1.363539493E-01-3.813284017E-02 5.805019953E-02
 1.519883066E-01 2.434597171E-01 3.322285899E-01 4.180470649E-01 5.006587629E-01
 5.798038206E-01 6.552253473E-01 7.266770300E-01-1.724386728E+00-1.777464814E+00
-1.831457879E+00-1.886359994E+00-1.942112205E+00-1.998381702E+00-2.055160529E+00
-2.112524158E+00-2.170511073E+00-2.229140069E+00-2.288420371E+00-2.348356299E+00
-2.408949442E+00-2.470199898E+00-2.532107006E+00-2.594669819E+00-2.657887385E+00
-2.721759125E+00-2.786284883E+00-2.851465260E+00-2.917301630E+00-2.983796496E+00
-3.050953517E+00-3.118777713E+00-3.187275325E+00-3.256453152E+00-3.326315922E+00
-3.396858386E+00-3.468043338E+00-3.539741960E+00-3.610016902E+00-3.678878029E+00
-3.746286876E+00-3.812189129E+00-3.876526037E+00-3.939238054E+00-4.000266156E+00
-4.059552155E+00-4.117038693E+00-4.172669326E+00-4.226388421E+00-4.278141063E+00
-4.327873113E+00-4.375531089E+00-4.421062170E+00-4.464414115E+00-4.505535186E+00
-4.544374170E+00-4.580880221E+00-4.615002920E+00-4.646692080E+00-4.675897747E+00
-4.702570120E+00-4.726659480E+00-4.748116083E+00-4.766890151E+00-4.782931748E+00
-4.796190707E+00-4.806616609E+00-4.814158646E+00-4.818765664E+00-4.820385924E+00
-4.818967264E+00-4.814456880E+00-4.806801351E+00-4.795946574E+00-4.781837772E+00
-4.764419408E+00-4.743635192E+00-4.719428097E+00-4.691740321E+00-4.660513307E+00
-4.625687759E+00-4.587203668E+00-4.545000401E+00-4.499016670E+00-4.449190660E+00
-4.395459978E+00-4.337761686E+00-4.276032130E+00-4.210206649E+00-4.140219264E+00
-4.066001960E+00-3.987484302E+00-3.904593722E+00-3.817259610E+00-3.725427322E+00
-3.629113057E+00-3.528511848E+00-3.422977774E+00-3.316736280E+00-3.209641163E+00
-3.101598638E+00-2.992646782E+00-2.882858278E+00-2.772310383E+00-2.661077467E+00
-2.549230372E+00-2.436837520E+00-2.323966303E+00-2.210684000E+00-2.097058527E+00
-1.983159023E+00-1.869056085E+00-1.754822065E+00-1.640531295E+00-1.526260268E+00
-1.412087881E+00-1.298095746E+00-1.184368613E+00-1.070994925E+00-9.580675806E-01
-8.456849127E-01-7.339519532E-01-6.229819851E-01-5.128984543E-01-4.038372238E-01
-2.959491527E-01-1.894029611E-01-8.438824471E-02 1.888157716E-02 1.201666798E-01
 2.191990754E-01 3.156822292E-01 4.092926663E-01 4.996841362E-01 5.864947103E-01
 6.693567748E-01 7.479094165E-01-1.719804544E+00-1.772304060E+00-1.826557435E+00
-1.882587235E+00-1.940248141E+00-1.998302179E+00-2.056679233E+00-2.115498707E+00
-2.174837296E+00-2.234744642E+00-2.295253495E+00-2.356386234E+00-2.418158613E+00
-2.480582104E+00-2.543665484E+00-2.607415729E+00-2.671838788E+00-2.736940047E+00
-2.802724758E+00-2.869198231E+00-2.936366259E+00-3.004235333E+00-3.072813069E+00
-3.142108902E+00-3.212135275E+00-3.282910245E+00-3.354462801E+00-3.426844913E+00
-3.500158156E+00-3.572502871E+00-3.643671585E+00-3.713545653E+00-3.782040958E+00
-3.849087452E+00-3.914621268E+00-3.978581484E+00-4.040908902E+00-4.101545470E+00
-4.160433965E+00-4.217517885E+00-4.272741403E+00-4.326049296E+00-4.377386879E+00
-4.426700014E+00-4.473935064E+00-4.519038879E+00-4.561958635E+00-4.602641957E+00
-4.641036758E+00-4.677091225E+00-4.710753716E+00-4.741972806E+00-4.770697104E+00
-4.796875302E+00-4.820456011E+00-4.841387803E+00-4.859619078E+00-4.875097982E+00
-4.887772468E+00-4.897590062E+00-4.904497982E+00-4.908442979E+00-4.909371300E+00
-4.907228670E+00-4.901960233E+00-4.893510530E+00-4.881823466E+00-4.866842245E+00
-4.848509395E+00-4.826766727E+00-4.801555391E+00-4.772815745E+00-4.740487488E+00
-4.704509619E+00-4.664820462E+00-4.621357642E+00-4.574058162E+00-4.522858350E+00
-4.467693855E+00-4.408499588E+00-4.345209686E+00-4.277757376E+00-4.206075109E+00
-4.130094619E+00-4.049747737E+00-3.964967264E+00-3.875688033E+00-3.781843640E+00
-3.683341694E+00-3.579971604E+00-3.471477301E+00-3.362146215E+00-3.251432974E+00
-3.139688346E+00-3.027091026E+00-2.913746425E+00-2.799728293E+00-2.685096507E+00
-2.569904972E+00-2.454205290E+00-2.338048501E+00-2.221485761E+00-2.104568961E+00
-1.987350807E+00-1.869885007E+00-1.752226391E+00-1.634431104E+00-1.516556823E+00
-1.398663133E+00-1.280812042E+00-1.163068705E+00-1.045502407E+00-9.281878757E-01
-8.112069528E-01-6.946507560E-01-5.786223563E-01-4.632400706E-01-3.486414226E-01
-2.349877910E-01-1.224696980E-01-1.131259374E-02 9.821725326E-02 2.058073633E-01
 3.110951491E-01 4.136668786E-01 5.130610073E-01 6.087773002E-01 7.002922231E-01
 7.870798547E-01-1.718232367E+00-1.770733378E+00-1.825322540E+00-1.882049139E+00
-1.940830541E+00-2.000011438E+00-2.059569066E+00-2.119576670E+00-2.180090619E+00
-2.241156138E+00-2.302808728E+00-2.365076194E+00-2.427980548E+00-2.491539579E+00
-2.555768014E+00-2.620678447E+00-2.686281943E+00-2.752588598E+00-2.819607887E+00
-2.887348994E+00-2.955820969E+00-3.025032919E+00-3.094994126E+00-3.165714084E+00
-3.237202657E+00-3.309470212E+00-3.382528529E+00-3.456393265E+00-3.531092537E+00
-3.604582577E+00-3.676823217E+00-3.747762001E+00-3.817342718E+00-3.885507953E+00
-3.952200155E+00-4.017361755E+00-4.080935493E+00-4.142864382E+00-4.203091839E+00
-4.261561633E+00-4.318217957E+00-4.373005354E+00-4.425868850E+00-4.476753783E+00
-4.525605857E+00-4.572371128E+00-4.616995958E+00-4.659426945E+00-4.699610937E+00
-4.737494937E+00-4.773026143E+00-4.806151790E+00-4.836819172E+00-4.864975585E+00
-4.890568244E+00-4.913544249E+00-4.933850547E+00-4.951433869E+00-4.966240637E+00
-4.978216983E+00-4.987308689E+00-4.993461055E+00-4.996618990E+00-4.996726862E+00
-4.993728479E+00-4.987567142E+00-4.978185495E+00-4.965525542E+00-4.949528667E+00
-4.930135576E+00-4.907286278E+00-4.880920083E+00-4.850975624E+00-4.817390796E+00
-4.780102857E+00-4.739048269E+00-4.694162893E+00-4.645381816E+00-4.592639466E+00
-4.535869572E+00-4.475005149E+00-4.409978704E+00-4.340722245E+00-4.267167640E+00
-4.189247128E+00-4.106894012E+00-4.020043632E+00-3.928634599E+00-3.832612097E+00
-3.731941517E+00-3.626666226E+00-3.517022585E+00-3.402384424E+00-3.287208952E+00
-3.171427363E+00-3.055025008E+00-2.938011206E+00-2.820406536E+00-2.702237487E+00
-2.583533763E+00-2.464327125E+00-2.344650591E+00-2.224538012E+00-2.104023707E+00
-1.983142281E+00-1.861928568E+00-1.740417507E+00-1.618644352E+00-1.496644903E+00
-1.374455958E+00-1.252116033E+00-1.129666348E+00-1.007152232E+00-8.846249738E-01
-7.621442948E-01-6.397815471E-01-5.176238156E-01-3.957791513E-01-2.743831012E-01
-1.536067796E-01-3.366661830E-02 8.516430181E-02 2.025437841E-01 3.180482040E-01
 4.311628424E-01 5.412787989E-01 6.477013636E-01 7.496736025E-01 8.464147922E-01
-1.719228045E+00-1.771975846E+00-1.826954836E+00-1.884216144E+00-1.943436014E+00
-2.003432476E+00-2.063905462E+00-2.124882156E+00-2.186397691E+00-2.248485066E+00
-2.311173733E+00-2.374489639E+00-2.438455377E+00-2.503090693E+00-2.568413163E+00
-2.634438519E+00-2.701181160E+00-2.768654533E+00-2.836871349E+00-2.905843817E+00
-2.975583737E+00-3.046102444E+00-3.117410577E+00-3.189517417E+00-3.262429340E+00
-3.336146403E+00-3.410653976E+00-3.485901797E+00-3.561748216E+00-3.636283499E+00
-3.709537642E+00-3.781494037E+00-3.852114746E+00-3.921351945E+00-3.989153140E+00
-4.055463690E+00-4.120227981E+00-4.183389974E+00-4.244893630E+00-4.304682990E+00
-4.362702264E+00-4.418895881E+00-4.473208556E+00-4.525585240E+00-4.575971075E+00
-4.624311516E+00-4.670552130E+00-4.714638740E+00-4.756517265E+00-4.796133738E+00
-4.833434273E+00-4.868365038E+00-4.900872147E+00-4.930901711E+00-4.958399707E+00
-4.983312014E+00-5.005584260E+00-5.025161918E+00-5.041990151E+00-5.056013772E+00
-5.067177284E+00-5.075424767E+00-5.080699831E+00-5.082945644E+00-5.082104830E+00
-5.078119471E+00-5.070931106E+00-5.060480576E+00-5.046708199E+00-5.029553539E+00
-5.008955557E+00-4.984852498E+00-4.957181910E+00-4.925880603E+00-4.890884692E+00
-4.852129572E+00-4.809549827E+00-4.763079380E+00-4.712651361E+00-4.658198201E+00
-4.599651615E+00-4.536942718E+00-4.470002082E+00-4.398759947E+00-4.323146500E+00
-4.243092194E+00-4.158528241E+00-4.069387111E+00-3.975603504E+00-3.877114967E+00
-3.773859997E+00-3.665756415E+00-3.552617581E+00-3.434258984E+00-3.315347712E+00
-3.195857334E+00-3.075777774E+00-2.955110001E+00-2.833862057E+00-2.712046419E+00
-2.589678242E+00-2.466773996E+00-2.343350655E+00-2.219424902E+00-2.095012706E+00
-1.970128889E+00-1.844786850E+00-1.718998538E+00-1.592774400E+00-1.466123653E+00
-1.339054731E+00-1.211576062E+00-1.083697204E+00-9.554304864E-01-8.267932972E-01
-6.978112061E-01-5.685222098E-01-4.389824246E-01-3.092737462E-01-1.795140897E-01
-4.987105268E-02 7.942003651E-02 2.080327297E-01 3.355204598E-01 4.612838801E-01
 5.845416299E-01 7.043199059E-01 8.194822608E-01 9.288110976E-01-1.721524955E+00
-1.774559089E+00-1.829938977E+00-1.887714638E+00-1.947627391E+00-2.008324144E+00
-2.069562585E+00-2.131362209E+00-2.193745725E+00-2.256736675E+00-2.320358295E+00
-2.384632866E+00-2.449581395E+00-2.515223510E+00-2.581577619E+00-2.648661027E+00
-2.716490145E+00-2.785080689E+00-2.854447909E+00-2.924606627E+00-2.995571532E+00
-3.067357041E+00-3.139977473E+00-3.213447109E+00-3.287780908E+00-3.362997570E+00
-3.439129725E+00-3.516255889E+00-3.592528645E+00-3.667757417E+00-3.741838752E+00
-3.814700836E+00-3.886283001E+00-3.956528025E+00-4.025379715E+00-4.092781974E+00
-4.158678685E+00-4.223013733E+00-4.285731039E+00-4.346774585E+00-4.406088507E+00
-4.463617035E+00-4.519304617E+00-4.573095834E+00-4.624935363E+00-4.674768116E+00
-4.722539062E+00-4.768193265E+00-4.811675909E+00-4.852932155E+00-4.891907244E+00
-4.928546358E+00-4.962794641E+00-4.994597176E+00-5.023898837E+00-5.050644437E+00
-5.074778500E+00-5.096245334E+00-5.114988999E+00-5.130953185E+00-5.144081232E+00
-5.154316094E+00-5.161600280E+00-5.165875831E+00-5.167084307E+00-5.165166704E+00
-5.160063457E+00-5.151714400E+00-5.140058785E+00-5.125035147E+00-5.106581442E+00
-5.084634829E+00-5.059131848E+00-5.030008244E+00-4.997199045E+00-4.960638466E+00
-4.920259967E+00-4.875996191E+00-4.827778951E+00-4.775539244E+00-4.719207217E+00
-4.658712199E+00-4.593982691E+00-4.524946375E+00-4.451530181E+00-4.373660069E+00
-4.291261069E+00-4.204256756E+00-4.112568440E+00-4.016113323E+00-3.914800855E+00
-3.808526129E+00-3.697162882E+00-3.580576598E+00-3.458633498E+00-3.336094453E+00
-3.212949426E+00-3.089193650E+00-2.964826350E+00-2.839849251E+00-2.714265415E+00
-2.588078096E+00-2.461289774E+00-2.333901401E+00-2.205911579E+00-2.077316066E+00
-1.948107170E+00-1.818273371E+00-1.687799002E+00-1.556664114E+00-1.424844476E+00
-1.292311806E+00-1.159034314E+00-1.024977601E+00-8.901061104E-01-7.543852797E-01
-6.177847045E-01-4.802826882E-01-3.418728304E-01-2.025735687E-01-6.244216327E-02
 7.840445655E-02 2.197580794E-01 3.612705135E-01 5.023787419E-01 6.421962788E-01
 7.793869797E-01 9.121167884E-01 1.038250105E+00-1.725023992E+00-1.778396889E+00
-1.834175693E+00-1.892456551E+00-1.953147150E+00-2.014469030E+00-2.076381099E+00
-2.138905041E+00-2.202057248E+00-2.265855801E+00-2.330319784E+00-2.395468653E+00
-2.461321747E+00-2.527898093E+00-2.595216197E+00-2.663294098E+00-2.732149431E+00
-2.801799480E+00-2.872261334E+00-2.943552125E+00-3.015689057E+00-3.088689611E+00
-3.162571302E+00-3.237350776E+00-3.313041074E+00-3.389643474E+00-3.467126024E+00
-3.545366336E+00-3.622508681E+00-3.698559781E+00-3.773481096E+00-3.847219881E+00
-3.919719554E+00-3.990922876E+00-4.060772722E+00-4.129212221E+00-4.196184753E+00
-4.261633929E+00-4.325503441E+00-4.387737152E+00-4.448279003E+00-4.507073074E+00
-4.564063499E+00-4.619194530E+00-4.672410497E+00-4.723655787E+00-4.772874826E+00
-4.820012119E+00-4.865012111E+00-4.907819305E+00-4.948378129E+00-4.986632969E+00
-5.022528097E+00-5.056007648E+00-5.087015643E+00-5.115495887E+00-5.141391953E+00
-5.164647164E+00-5.185204570E+00-5.203006854E+00-5.217996368E+00-5.230115059E+00
-5.239304426E+00-5.245505525E+00-5.248658907E+00-5.248704598E+00-5.245582065E+00
-5.239230192E+00-5.229587225E+00-5.216590788E+00-5.200177846E+00-5.180284612E+00
-5.156846597E+00-5.129798577E+00-5.099074516E+00-5.064607582E+00-5.026330051E+00
-4.984173387E+00-4.938068102E+00-4.887943743E+00-4.833728864E+00-4.775350995E+00
-4.712736465E+00-4.645810458E+00-4.574496706E+00-4.498717370E+00-4.418392598E+00
-4.333440055E+00-4.243774018E+00-4.149304266E+00-4.049934552E+00-3.945561016E+00
-3.836071870E+00-3.721349844E+00-3.601274973E+00-3.475726558E+00-3.349536371E+00
-3.222698832E+00-3.095209271E+00-2.967063192E+00-2.838255499E+00-2.708779546E+00
-2.578626303E+00-2.447783388E+00-2.316234292E+00-2.183957428E+00-2.050925437E+00
-1.917104378E+00-1.782453004E+00-1.646922139E+00-1.510454059E+00-1.372981976E+00
-1.234429625E+00-1.094711001E+00-9.537303167E-01-8.113822696E-01-6.675527920E-01
-5.221204684E-01-3.749590217E-01-2.259414076E-01-7.494649240E-02 7.812984244E-02
 2.333556332E-01 3.907278292E-01 5.501014807E-01 7.110251308E-01 8.722903945E-01
 1.030783557E+00 1.181190958E+00-1.730197699E+00-1.783974229E+00-1.840195613E+00
-1.898920269E+00-1.959825373E+00-2.021696479E+00-2.084217630E+00-2.147392800E+00
-2.211235552E+00-2.275761658E+00-2.340988269E+00-2.406933481E+00-2.473615781E+00
-2.541053830E+00-2.609266228E+00-2.678271502E+00-2.748087961E+00-2.818733918E+00
-2.890227723E+00-2.962588172E+00-3.035834738E+00-3.109988465E+00-3.185073168E+00
-3.261117874E+00-3.338161725E+00-3.416264246E+00-3.495528681E+00-3.574138536E+00
-3.651888567E+00-3.728659801E+00-3.804367131E+00-3.878940025E+00-3.952314810E+00
-4.024431164E+00-4.095230627E+00-4.164655707E+00-4.232649531E+00-4.299155499E+00
-4.364117282E+00-4.427478608E+00-4.489183322E+00-4.549175308E+00-4.607398527E+00
-4.663796941E+00-4.718314491E+00-4.770895197E+00-4.821483020E+00-4.870021902E+00
-4.916455765E+00-4.960728435E+00-5.002783698E+00-5.042565226E+00-5.080016515E+00
-5.115080944E+00-5.147701719E+00-5.177821813E+00-5.205383947E+00-5.230330591E+00
-5.252603884E+00-5.272145655E+00-5.288897348E+00-5.302800036E+00-5.313794328E+00
-5.321820368E+00-5.326817855E+00-5.328725924E+00-5.327483170E+00-5.323027585E+00
-5.315296581E+00-5.304226893E+00-5.289754574E+00-5.271815003E+00-5.250342782E+00
-5.225271756E+00-5.196534959E+00-5.164064551E+00-5.127791801E+00-5.087647067E+00
-5.043559662E+00-4.995457871E+00-4.943268836E+00-4.886918497E+00-4.826331399E+00
-4.761430693E+00-4.692137747E+00-4.618372125E+00-4.540051028E+00-4.457089044E+00
-4.369397539E+00-4.276884144E+00-4.179452069E+00-4.076999856E+00-3.969421356E+00
-3.856606392E+00-3.738441741E+00-3.614811820E+00-3.485599164E+00-3.355699258E+00
-3.225105979E+00-3.093811518E+00-2.961805702E+00-2.829075219E+00-2.695602552E+00
-2.561365088E+00-2.426333974E+00-2.290473110E+00-2.153738026E+00-2.016074718E+00
-1.877418610E+00-1.737693297E+00-1.596809289E+00-1.454662646E+00-1.311133484E+00
-1.166084309E+00-1.019358160E+00-8.707765149E-01-7.201368753E-01-5.672099516E-01
-4.117362389E-01-2.534216850E-01-9.193180648E-02 7.311700999E-02 2.421716764E-01
 4.157683435E-01 5.945867026E-01 7.795859250E-01 9.724493262E-01 1.175068249E+00
 1.360206495E+00-1.736024640E+00-1.790189160E+00-1.846837725E+00-1.906026754E+00
-1.967479158E+00-2.029878544E+00-2.092955975E+00-2.156720385E+00-2.221185570E+00
-2.286367322E+00-2.352282887E+00-2.418950442E+00-2.486388664E+00-2.554616468E+00
-2.623652803E+00-2.693516543E+00-2.764226425E+00-2.835801168E+00-2.908259433E+00
-2.981620091E+00-3.055902386E+00-3.131126430E+00-3.207313907E+00-3.284489212E+00
-3.362681451E+00-3.441927264E+00-3.522272828E+00-3.601747834E+00-3.680295624E+00
-3.757852814E+00-3.834357088E+00-3.909748183E+00-3.983967463E+00-4.056957417E+00
-4.128661154E+00-4.199022151E+00-4.267984097E+00-4.335490779E+00-4.401486043E+00
-4.465913694E+00-4.528717597E+00-4.589841539E+00-4.649229268E+00-4.706824551E+00
-4.762571039E+00-4.816412404E+00-4.868292180E+00-4.918153882E+00-4.965940930E+00
-5.011596587E+00-5.055064078E+00-5.096286394E+00-5.135206472E+00-5.171766954E+00
-5.205910347E+00-5.237578890E+00-5.266714566E+00-5.293259109E+00-5.317153863E+00
-5.338339922E+00-5.356757896E+00-5.372348102E+00-5.385050356E+00-5.394804064E+00
-5.401548072E+00-5.405220781E+00-5.405760008E+00-5.403102973E+00-5.397186292E+00
-5.387945963E+00-5.375317246E+00-5.359234763E+00-5.339632321E+00-5.316442954E+00
-5.289598860E+00-5.259031385E+00-5.224670909E+00-5.186446860E+00-5.144287579E+00
-5.098120327E+00-5.047871120E+00-4.993464678E+00-4.934824307E+00-4.871871684E+00
-4.804526782E+00-4.732707596E+00-4.656329874E+00-4.575306904E+00-4.489549163E+00
-4.398964008E+00-4.303455485E+00-4.202924091E+00-4.097266876E+00-3.986377614E+00
-3.870146998E+00-3.748462951E+00-3.621210624E+00-3.488272340E+00-3.354604972E+00
-3.220199817E+00-3.085044573E+00-2.949122439E+00-2.812410956E+00-2.674880847E+00
-2.536494655E+00-2.397205409E+00-2.256955289E+00-2.115674148E+00-1.973278007E+00
-1.829667466E+00-1.684725859E+00-1.538317105E+00-1.390283240E+00-1.240441481E+00
-1.088580696E+00-9.344571474E-01-7.777892570E-01-6.182510779E-01-4.554639668E-01
-2.889856437E-01-1.182952772E-01 5.722765816E-02 2.383349013E-01 4.259584698E-01
 6.212894170E-01 8.259015020E-01 1.041911335E+00 1.270366728E+00 1.482228115E+00
-1.742529678E+00-1.797118363E+00-1.854149784E+00-1.913833740E+00-1.976034370E+00
-2.038926923E+00-2.102508161E+00-2.166800811E+00-2.231821365E+00-2.297587900E+00
-2.364119563E+00-2.431436019E+00-2.499557113E+00-2.568502646E+00-2.638292210E+00
-2.708945124E+00-2.780480396E+00-2.852916745E+00-2.926272598E+00-3.000565938E+00
-3.075814281E+00-3.152034331E+00-3.229241356E+00-3.307448379E+00-3.386664933E+00
-3.466897334E+00-3.548155524E+00-3.628465570E+00-3.707802242E+00-3.786130256E+00
-3.863406381E+00-3.939582212E+00-4.014606361E+00-4.088425619E+00-4.160985672E+00
-4.232231624E+00-4.302108094E+00-4.370559510E+00-4.437529968E+00-4.502963527E+00
-4.566804030E+00-4.628995228E+00-4.689480750E+00-4.748204152E+00-4.805108853E+00
-4.860138192E+00-4.913235377E+00-4.964343496E+00-5.013405522E+00-5.060364293E+00
-5.105162472E+00-5.147742566E+00-5.188046871E+00-5.226017506E+00-5.261596321E+00
-5.294724933E+00-5.325344687E+00-5.353396637E+00-5.378821470E+00-5.401559601E+00
-5.421550981E+00-5.438735211E+00-5.453051446E+00-5.464438397E+00-5.472834270E+00
-5.478176728E+00-5.480402951E+00-5.479449478E+00-5.475252307E+00-5.467746699E+00
-5.456867333E+00-5.442548113E+00-5.424722190E+00-5.403321974E+00-5.378278967E+00
-5.349523820E+00-5.316986251E+00-5.280594951E+00-5.240277547E+00-5.195960523E+00
-5.147569140E+00-5.095027325E+00-5.038257547E+00-4.977180750E+00-4.911716091E+00
-4.841780889E+00-4.767290425E+00-4.688157697E+00-4.604293260E+00-4.515605110E+00
-4.421998455E+00-4.323375693E+00-4.219636371E+00-4.110677171E+00-3.996391964E+00
-3.876671831E+00-3.751404908E+00-3.620476172E+00-3.483767053E+00-3.346295967E+00
-3.208051654E+00-3.069017606E+00-2.929170608E+00-2.788479192E+00-2.646901871E+00
-2.504385553E+00-2.360863773E+00-2.216255225E+00-2.070462035E+00-1.923367995E+00
-1.774836300E+00-1.624707051E+00-1.472794067E+00-1.318881072E+00-1.162717050E+00
-1.004010539E+00-8.424226588E-01-6.775584883E-01-5.089563624E-01-3.360745129E-01
-1.582742665E-01 2.520105296E-02 2.152524318E-01 4.129568781E-01 6.196023385E-01
 8.367173711E-01 1.066075383E+00 1.309330832E+00 1.538263390E+00-1.750600928E+00
-1.805619828E+00-1.863127819E+00-1.923184620E+00-1.985481298E+00-2.048790131E+00
-2.112813284E+00-2.177564786E+00-2.243066533E+00-2.309341351E+00-2.376412105E+00
-2.444301176E+00-2.513030325E+00-2.582620595E+00-2.653092390E+00-2.724465495E+00
-2.796759170E+00-2.869992152E+00-2.944182696E+00-3.019348435E+00-3.095506148E+00
-3.172671028E+00-3.250855167E+00-3.330063853E+00-3.410286566E+00-3.491474727E+00
-3.573486320E+00-3.654487064E+00-3.734502771E+00-3.813518151E+00-3.891498752E+00
-3.968400742E+00-4.044175311E+00-4.118770934E+00-4.192134442E+00-4.264211673E+00
-4.334947792E+00-4.404287457E+00-4.472175056E+00-4.538554627E+00-4.603370054E+00
-4.666564988E+00-4.728082965E+00-4.787867286E+00-4.845861176E+00-4.902007668E+00
-4.956249675E+00-5.008529938E+00-5.058791023E+00-5.106975341E+00-5.153025129E+00
-5.196882392E+00-5.238488958E+00-5.277786406E+00-5.314716061E+00-5.349219017E+00
-5.381236019E+00-5.410707579E+00-5.437573802E+00-5.461774483E+00-5.483249030E+00
-5.501936424E+00-5.517775258E+00-5.530703643E+00-5.540659203E+00-5.547579039E+00
-5.551399751E+00-5.552057334E+00-5.549487186E+00-5.543624102E+00-5.534402123E+00
-5.521754688E+00-5.505614422E+00-5.485913196E+00-5.462582007E+00-5.435551001E+00
-5.404749392E+00-5.370105390E+00-5.331546134E+00-5.288997664E+00-5.242384756E+00
-5.191630948E+00-5.136658325E+00-5.077387499E+00-5.013737473E+00-4.945625428E+00
-4.872966785E+00-4.795674887E+00-4.713660969E+00-4.626834035E+00-4.535100803E+00
-4.438365570E+00-4.336530228E+00-4.229494289E+00-4.117154724E+00-3.999406082E+00
-3.876140296E+00-3.747246394E+00-3.612610284E+00-3.472113976E+00-3.330839715E+00
-3.188775989E+00-3.045904274E+00-2.902196687E+00-2.757613561E+00-2.612101107E+00
-2.465589567E+00-2.317991917E+00-2.169202552E+00-2.019095579E+00-1.867522770E+00
-1.714310919E+00-1.559258447E+00-1.402131248E+00-1.242657565E+00-1.080521746E+00
-9.153566519E-01-7.467344570E-01-5.741555715E-01-3.970354580E-01-2.146892172E-01
-2.631418472E-02 1.690285421E-01 3.724314782E-01 5.851529212E-01 8.086174721E-01
 1.044397171E+00 1.294720566E+00 1.537052340E+00-1.759224725E+00-1.814695690E+00
-1.872630730E+00-1.933087255E+00-1.995782450E+00-2.059452687E+00-2.123834123E+00
-2.188955225E+00-2.254848042E+00-2.321542840E+00-2.389067524E+00-2.457447767E+00
-2.526707172E+00-2.596867867E+00-2.667950721E+00-2.739975673E+00-2.812962004E+00
-2.886928451E+00-2.961893423E+00-3.037875114E+00-3.114891798E+00-3.192962599E+00
-3.272109376E+00-3.352361096E+00-3.433764770E+00-3.516410790E+00-3.598516072E+00
-3.679880623E+00-3.760394226E+00-3.839982433E+00-3.918584692E+00-3.996145487E+00
-4.072610735E+00-4.147926511E+00-4.222038616E+00-4.294892388E+00-4.366432794E+00
-4.436604360E+00-4.505351374E+00-4.572617819E+00-4.638347441E+00-4.702483756E+00
-4.764970107E+00-4.825749619E+00-4.884765268E+00-4.941959831E+00-4.997275914E+00
-5.050655928E+00-5.102042109E+00-5.151376501E+00-5.198600913E+00-5.243656963E+00
-5.286486054E+00-5.327029298E+00-5.365227557E+00-5.401021459E+00-5.434351264E+00
-5.465156961E+00-5.493378209E+00-5.518954281E+00-5.541824061E+00-5.561926065E+00
-5.579198383E+00-5.593578621E+00-5.605003900E+00-5.613410896E+00-5.618735701E+00
-5.620913869E+00-5.619880368E+00-5.615569492E+00-5.607914951E+00-5.596849738E+00
-5.582306073E+00-5.564215496E+00-5.542508637E+00-5.517115311E+00-5.487964443E+00
-5.454983950E+00-5.418100742E+00-5.377240642E+00-5.332328293E+00-5.283287117E+00
-5.230039178E+00-5.172505185E+00-5.110604296E+00-5.044254120E+00-4.973370502E+00
-4.897867601E+00-4.817657639E+00-4.732650956E+00-4.642755881E+00-4.547878704E+00
-4.447923762E+00-4.342793276E+00-4.232387590E+00-4.116605013E+00-3.995341974E+00
-3.868492925E+00-3.735950322E+00-3.597604221E+00-3.453341614E+00-3.308314325E+00
-3.162516252E+00-3.015931834E+00-2.868531153E+00-2.720265572E+00-2.571066555E+00
-2.420845780E+00-2.269495084E+00-2.116885821E+00-1.962867219E+00-1.807264038E+00
-1.649873292E+00-1.490460301E+00-1.328753673E+00-1.164439275E+00-9.971529318E-01
-8.264716382E-01-6.519030494E-01-4.728730491E-01-2.887113193E-01-9.863509619E-02
 9.826814350E-02 3.030573257E-01 5.169505232E-01 7.413285600E-01 9.777226350E-01
 1.228105911E+00 1.472036836E+00-1.768489028E+00-1.824551920E+00-1.882762998E+00
-1.943716072E+00-2.007014461E+00-2.070934702E+00-2.135545273E+00-2.200911283E+00
-2.267080166E+00-2.334090716E+00-2.401975039E+00-2.470760363E+00-2.540470655E+00
-2.611127618E+00-2.682751463E+00-2.755361451E+00-2.828976202E+00-2.903613913E+00
-2.979292507E+00-3.056029617E+00-3.133842450E+00-3.212747632E+00-3.292760897E+00
-3.373897088E+00-3.456172055E+00-3.539610350E+00-3.622296675E+00-3.704188130E+00
-3.785231853E+00-3.865373066E+00-3.944556930E+00-4.022728861E+00-4.099834331E+00
-4.175818638E+00-4.250626907E+00-4.324203989E+00-4.396494428E+00-4.467442513E+00
-4.536992285E+00-4.605087491E+00-4.671671704E+00-4.736688266E+00-4.800080266E+00
-4.861790638E+00-4.921762123E+00-4.979937229E+00-5.036258289E+00-5.090667424E+00
-5.143106541E+00-5.193517373E+00-5.241841381E+00-5.288019795E+00-5.331993650E+00
-5.373703690E+00-5.413090350E+00-5.450093833E+00-5.484654048E+00-5.516710502E+00
-5.546202447E+00-5.573068747E+00-5.597247881E+00-5.618677918E+00-5.637296523E+00
-5.653040933E+00-5.665847862E+00-5.675653597E+00-5.682393866E+00-5.686003870E+00
-5.686418192E+00-5.683570873E+00-5.677395294E+00-5.667824138E+00-5.654789451E+00
-5.638222442E+00-5.618053644E+00-5.594212662E+00-5.566628302E+00-5.535228404E+00
-5.499939878E+00-5.460688529E+00-5.417399134E+00-5.369995269E+00-5.318399311E+00
-5.262532277E+00-5.202313888E+00-5.137662372E+00-5.068494408E+00-4.994725143E+00
-4.916268058E+00-4.833034929E+00-4.744935806E+00-4.651878998E+00-4.553771145E+00
-4.450517143E+00-4.342020418E+00-4.228182998E+00-4.108905827E+00-3.984089113E+00
-3.853632966E+00-3.717437808E+00-3.575405143E+00-3.427437215E+00-3.278769093E+00
-3.129414090E+00-2.979367419E+00-2.828589337E+00-2.677011579E+00-2.524544119E+00
-2.371078425E+00-2.216488158E+00-2.060627911E+00-1.903331087E+00-1.744406902E+00
-1.583636851E+00-1.420770330E+00-1.255519475E+00-1.087552924E+00-9.164883073E-01
-7.418830898E-01-5.632233542E-01-3.799099759E-01-1.912414101E-01 3.607759754E-03
 2.056134037E-01 4.159335164E-01 6.359417976E-01 8.672520318E-01 1.111686847E+00
 1.350837493E+00-1.779915888E+00-1.836545611E+00-1.895343313E+00-1.956353451E+00
-2.019363720E+00-2.083263731E+00-2.147889243E+00-2.213326173E+00-2.279631239E+00
-2.346843001E+00-2.414990253E+00-2.484096424E+00-2.554181896E+00-2.625265351E+00
-2.697364537E+00-2.770496758E+00-2.844679222E+00-2.919929174E+00-2.996264033E+00
-3.073701182E+00-3.152257594E+00-3.231948230E+00-3.312782447E+00-3.394754782E+00
-3.477822353E+00-3.561849423E+00-3.645042151E+00-3.727418887E+00-3.808955701E+00
-3.889610505E+00-3.969333442E+00-4.048071477E+00-4.125770159E+00-4.202374478E+00
-4.277829033E+00-4.352078231E+00-4.425066190E+00-4.496736908E+00-4.567034096E+00
-4.635901268E+00-4.703281785E+00-4.769118738E+00-4.833355020E+00-4.895933315E+00
-4.956796149E+00-5.015885761E+00-5.073144249E+00-5.128513445E+00-5.181935003E+00
-5.233350309E+00-5.282700551E+00-5.329926649E+00-5.374969290E+00-5.417768869E+00
-5.458265511E+00-5.496399070E+00-5.532109049E+00-5.565334663E+00-5.596014776E+00
-5.624087906E+00-5.649492180E+00-5.672165340E+00-5.692044720E+00-5.709067208E+00
-5.723169248E+00-5.734286799E+00-5.742355294E+00-5.747309705E+00-5.749084363E+00
-5.747613093E+00-5.742829085E+00-5.734664886E+00-5.723052365E+00-5.707922677E+00
-5.689206275E+00-5.666832803E+00-5.640731067E+00-5.610829044E+00-5.577053738E+00
-5.539331286E+00-5.497586696E+00-5.451743972E+00-5.401725993E+00-5.347454417E+00
-5.288849661E+00-5.225830846E+00-5.158315696E+00-5.086220579E+00-5.009460274E+00
-4.927948166E+00-4.841595992E+00-4.750313996E+00-4.654010854E+00-4.552593769E+00
-4.445968587E+00-4.334040030E+00-4.216712163E+00-4.093889146E+00-3.965476496E+00
-3.831383313E+00-3.691525833E+00-3.545832590E+00-3.394250588E+00-3.242145132E+00
-3.089595842E+00-2.936548249E+00-2.782909904E+00-2.628576869E+00-2.473437860E+00
-2.317372410E+00-2.160247803E+00-2.001915961E+00-1.842210456E+00-1.680943557E+00
-1.517902939E+00-1.352848025E+00-1.185505684E+00-1.015565090E+00-8.426713628E-01
-6.664174937E-01-4.863336509E-01-3.018722843E-01-1.123862692E-01 8.290515059E-02
 2.849719474E-01 4.950660235E-01 7.148675640E-01 9.465485492E-01 1.175249476E+00
-1.792792431E+00-1.850510418E+00-1.909776470E+00-1.970618588E+00-2.032914209E+00
-2.096294215E+00-2.160640985E+00-2.225963745E+00-2.292276562E+00-2.359592205E+00
-2.427922901E+00-2.497280897E+00-2.567678826E+00-2.639129730E+00-2.711647230E+00
-2.785245666E+00-2.859940133E+00-2.935746713E+00-3.012682671E+00-3.090767037E+00
-3.170021550E+00-3.250472507E+00-3.332154979E+00-3.415121924E+00-3.499466062E+00
-3.583441976E+00-3.666847020E+00-3.749564484E+00-3.831512772E+00-3.912624761E+00
-3.992839529E+00-4.072098907E+00-4.150345943E+00-4.227524213E+00-4.303577542E+00
-4.378449736E+00-4.452084543E+00-4.524425594E+00-4.595416388E+00-4.665000166E+00
-4.733120019E+00-4.799718862E+00-4.864739377E+00-4.928124014E+00-4.989815048E+00
-5.049754541E+00-5.107884324E+00-5.164145974E+00-5.218480913E+00-5.270830256E+00
-5.321134940E+00-5.369335554E+00-5.415372554E+00-5.459186004E+00-5.500715779E+00
-5.539901401E+00-5.576682104E+00-5.610996792E+00-5.642784039E+00-5.671982090E+00
-5.698528783E+00-5.722361570E+00-5.743417550E+00-5.761633343E+00-5.776945157E+00
-5.789288739E+00-5.798599349E+00-5.804811745E+00-5.807860161E+00-5.807678248E+00
-5.804199136E+00-5.797355316E+00-5.787078638E+00-5.773300313E+00-5.755950835E+00
-5.734959961E+00-5.710256753E+00-5.681769379E+00-5.649425212E+00-5.613150757E+00
-5.572871546E+00-5.528512163E+00-5.479996147E+00-5.427246026E+00-5.370183131E+00
-5.308727626E+00-5.242798497E+00-5.172313390E+00-5.097188673E+00-5.017339261E+00
-4.932678693E+00-4.843119017E+00-4.748570729E+00-4.648942835E+00-4.544142749E+00
-4.434076357E+00-4.318648169E+00-4.197761647E+00-4.071320061E+00-3.939228734E+00
-3.801400371E+00-3.657768606E+00-3.508322239E+00-3.353192512E+00-3.198341893E+00
-3.043358599E+00-2.888032136E+00-2.732229362E+00-2.575842696E+00-2.418768277E+00
-2.260896700E+00-2.102108565E+00-1.942272008E+00-1.781241084E+00-1.618854104E+00
-1.454932202E+00-1.289277728E+00-1.121672551E+00-9.518761780E-01-7.796235496E-01
-6.046222552E-01-4.265485121E-01-2.450405893E-01-5.968653174E-02 1.300017110E-01
 3.246506951E-01 5.252086610E-01 7.336239540E-01 9.407157384E-01-1.805921873E+00
-1.864710687E+00-1.924483035E+00-1.985056687E+00-2.046456811E+00-2.109237520E+00
-2.173247961E+00-2.238410704E+00-2.304690386E+00-2.372070671E+00-2.440545630E+00
-2.510115535E+00-2.580784687E+00-2.652560158E+00-2.725451230E+00-2.799468833E+00
-2.874625406E+00-2.950934882E+00-3.028412703E+00-3.107076174E+00-3.186945138E+00
-3.268043001E+00-3.350398267E+00-3.434046417E+00-3.519029691E+00-3.603457869E+00
-3.687267275E+00-3.770389237E+00-3.852757971E+00-3.934311352E+00-4.014989913E+00
-4.094735715E+00-4.173491809E+00-4.251201614E+00-4.327808781E+00-4.403256941E+00
-4.477489669E+00-4.550450383E+00-4.622082367E+00-4.692328709E+00-4.761132285E+00
-4.828435817E+00-4.894181774E+00-4.958312412E+00-5.020769833E+00-5.081495845E+00
-5.140432086E+00-5.197519939E+00-5.252700537E+00-5.305914818E+00-5.357103449E+00
-5.406206826E+00-5.453165093E+00-5.497918123E+00-5.540405517E+00-5.580566566E+00
-5.618340271E+00-5.653665265E+00-5.686479909E+00-5.716722195E+00-5.744329730E+00
-5.769239828E+00-5.791389301E+00-5.810714649E+00-5.827151889E+00-5.840636631E+00
-5.851104000E+00-5.858488675E+00-5.862724814E+00-5.863746068E+00-5.861485528E+00
-5.855875723E+00-5.846848620E+00-5.834335527E+00-5.818267170E+00-5.798573539E+00
-5.775183967E+00-5.748027067E+00-5.717030660E+00-5.682121772E+00-5.643226594E+00
-5.600270466E+00-5.553177799E+00-5.501872053E+00-5.446275698E+00-5.386310143E+00
-5.321895726E+00-5.252951646E+00-5.179395859E+00-5.101145121E+00-5.018114812E+00
-4.930218937E+00-4.837369910E+00-4.739478519E+00-4.636453633E+00-4.528201797E+00
-4.414626724E+00-4.295628061E+00-4.171099175E+00-4.040922544E+00-3.904959776E+00
-3.763029190E+00-3.614854179E+00-3.459939964E+00-3.304267424E+00-3.148108072E+00
-2.991574896E+00-2.834690644E+00-2.677428866E+00-2.519735502E+00-2.361539823E+00
-2.202759554E+00-2.043303391E+00-1.883072281E+00-1.721960279E+00-1.559855505E+00
-1.396641416E+00-1.232198752E+00-1.066408475E+00-8.991562704E-01-7.303393583E-01
-5.598770538E-01-3.877276573E-01-2.139169035E-01-3.858993581E-02 1.378823147E-01
 3.146493877E-01 4.896959956E-01 6.586798710E-01-1.816820244E+00-1.876313488E+00
-1.936427058E+00-1.997154702E+00-2.058592437E+00-2.121225550E+00-2.185122480E+00
-2.250238486E+00-2.316541071E+00-2.384009600E+00-2.452632523E+00-2.522404900E+00
-2.593326555E+00-2.665400958E+00-2.738634289E+00-2.813034843E+00-2.888612695E+00
-2.965379219E+00-3.043346973E+00-3.122529365E+00-3.202940617E+00-3.284595767E+00
-3.367510995E+00-3.451704418E+00-3.537197428E+00-3.622083953E+00-3.706318824E+00
-3.789852745E+00-3.872633785E+00-3.954608465E+00-4.035722353E+00-4.115920476E+00
-4.195147474E+00-4.273347637E+00-4.350464985E+00-4.426443344E+00-4.501226287E+00
-4.574757193E+00-4.646979192E+00-4.717835275E+00-4.787268125E+00-4.855220307E+00
-4.921634098E+00-4.986451637E+00-5.049614754E+00-5.111065124E+00-5.170744188E+00
-5.228593118E+00-5.284552872E+00-5.338564174E+00-5.390567480E+00-5.440503009E+00
-5.488310693E+00-5.533930173E+00-5.577300875E+00-5.618361877E+00-5.657051947E+00
-5.693309583E+00-5.727072933E+00-5.758279795E+00-5.786867640E+00-5.812773589E+00
-5.835934336E+00-5.856286267E+00-5.873765282E+00-5.888306912E+00-5.899846245E+00
-5.908317902E+00-5.913656058E+00-5.915794406E+00-5.914666112E+00-5.910203842E+00
-5.902339698E+00-5.891005279E+00-5.876131524E+00-5.857648811E+00-5.835486879E+00
-5.809574807E+00-5.779841016E+00-5.746213210E+00-5.708618336E+00-5.666982608E+00
-5.621231441E+00-5.571289401E+00-5.517080219E+00-5.458526716E+00-5.395550743E+00
-5.328073204E+00-5.256013935E+00-5.179291668E+00-5.097823992E+00-5.011527178E+00
-4.920316102E+00-4.824104130E+00-4.722802765E+00-4.616321478E+00-4.504567103E+00
-4.387443355E+00-4.264849860E+00-4.136681284E+00-4.002826693E+00-3.863171161E+00
-3.717605304E+00-3.566059247E+00-3.408608853E+00-3.250883380E+00-3.093074275E+00
-2.935213725E+00-2.777278630E+00-2.619226090E+00-2.461005395E+00-2.302562483E+00
-2.143841954E+00-1.984788603E+00-1.825349013E+00-1.665473962E+00-1.505121503E+00
-1.344261400E+00-1.182881268E+00-1.020995199E+00-8.586559776E-01-6.959727203E-01
-5.331367380E-01-3.704602007E-01-2.084344783E-01-4.781632122E-02 1.102585515E-01
 2.641791222E-01 4.119159349E-01-1.826362218E+00-1.886308187E+00-1.946766929E+00
-2.007726901E+00-2.069315255E+00-2.132034519E+00-2.195999637E+00-2.261193520E+00
-2.327599289E+00-2.395204271E+00-2.464000407E+00-2.533983781E+00-2.605154181E+00
-2.677514300E+00-2.751069448E+00-2.825826832E+00-2.901795250E+00-2.978984565E+00
-3.057405104E+00-3.137066848E+00-3.217978342E+00-3.300145146E+00-3.383568191E+00
-3.468243795E+00-3.554171028E+00-3.639454630E+00-3.724066076E+00-3.807970120E+00
-3.891124714E+00-3.973482713E+00-4.054993619E+00-4.135604747E+00-4.215261996E+00
-4.293910353E+00-4.371494187E+00-4.447957439E+00-4.523243684E+00-4.597296205E+00
-4.670058071E+00-4.741472080E+00-4.811480819E+00-4.880026680E+00-4.947051801E+00
-5.012498109E+00-5.076307338E+00-5.138420969E+00-5.198780269E+00-5.257326234E+00
-5.313999707E+00-5.368741179E+00-5.421490951E+00-5.472189088E+00-5.520775327E+00
-5.567189174E+00-5.611369841E+00-5.653256252E+00-5.692787059E+00-5.729900584E+00
-5.764534801E+00-5.796627413E+00-5.826115773E+00-5.852936847E+00-5.877027311E+00
-5.898323413E+00-5.916761035E+00-5.932275671E+00-5.944802406E+00-5.954275920E+00
-5.960630428E+00-5.963799698E+00-5.963717093E+00-5.960315452E+00-5.953527109E+00
-5.943283934E+00-5.929517254E+00-5.912157874E+00-5.891136017E+00-5.866381323E+00
-5.837822912E+00-5.805389224E+00-5.769008078E+00-5.728606674E+00-5.684111516E+00
-5.635448407E+00-5.582542475E+00-5.525318032E+00-5.463698674E+00-5.397607125E+00
-5.326965334E+00-5.251694281E+00-5.171714015E+00-5.086943540E+00-4.997300794E+00
-4.902702397E+00-4.803063729E+00-4.698298580E+00-4.588319250E+00-4.473036332E+00
-4.352359103E+00-4.226196393E+00-4.094458990E+00-3.957065121E+00-3.813952432E+00
-3.665102010E+00-3.510583341E+00-3.350629340E+00-3.191448836E+00-3.032712050E+00
-2.874273478E+00-2.716058131E+00-2.558019737E+00-2.400125451E+00-2.242350605E+00
-2.084678071E+00-1.927099254E+00-1.769616940E+00-1.612248999E+00-1.455033684E+00
-1.298036560E+00-1.141359607E+00-9.851531704E-01-8.296315128E-01-6.750928529E-01
-5.219443745E-01-3.707314945E-01-2.221672304E-01-7.715115117E-02 6.324057019E-02
 1.978123635E-01-1.834864535E+00-1.895173212E+00-1.955960734E+00-2.017158677E+00
-2.078819599E+00-2.141709071E+00-2.205832365E+00-2.271180335E+00-2.337747399E+00
-2.405529160E+00-2.474523117E+00-2.544728999E+00-2.616148764E+00-2.688786519E+00
-2.762648407E+00-2.837742237E+00-2.914077309E+00-2.991664069E+00-3.070513445E+00
-3.150635920E+00-3.232039632E+00-3.314726209E+00-3.398681428E+00-3.483853340E+00
-3.570099172E+00-3.655658123E+00-3.740546818E+00-3.824743903E+00-3.908210779E+00
-3.990900651E+00-4.072762555E+00-4.153743225E+00-4.233788133E+00-4.312841880E+00
-4.390848562E+00-4.467751870E+00-4.543495203E+00-4.618021650E+00-4.691274087E+00
-4.763195197E+00-4.833727410E+00-4.902812925E+00-4.970393802E+00-5.036411776E+00
-5.100808462E+00-5.163525188E+00-5.224503084E+00-5.283683012E+00-5.341005639E+00
-5.396411361E+00-5.449840302E+00-5.501232393E+00-5.550527236E+00-5.597664180E+00
-5.642582342E+00-5.685220490E+00-5.725517160E+00-5.763410519E+00-5.798838502E+00
-5.831738696E+00-5.862048357E+00-5.889704412E+00-5.914643441E+00-5.936801691E+00
-5.956115026E+00-5.972518995E+00-5.985948687E+00-5.996338857E+00-6.003623856E+00
-6.007737628E+00-6.008613650E+00-6.006185052E+00-6.000384479E+00-5.991144091E+00
-5.978395682E+00-5.962070500E+00-5.942099330E+00-5.918412473E+00-5.890939745E+00
-5.859610419E+00-5.824353265E+00-5.785096509E+00-5.741767856E+00-5.694294428E+00
-5.642602765E+00-5.586618887E+00-5.526268133E+00-5.461475300E+00-5.392164507E+00
-5.318259194E+00-5.239682165E+00-5.156355444E+00-5.068200321E+00-4.975137215E+00
-4.877085691E+00-4.773964424E+00-4.665691039E+00-4.552182237E+00-4.433353628E+00
-4.309119798E+00-4.179393686E+00-4.044084878E+00-3.903093639E+00-3.756293727E+00
-3.603485500E+00-3.444273916E+00-3.284923707E+00-3.125854370E+00-2.967203540E+00
-2.809013810E+00-2.651298104E+00-2.494063145E+00-2.337318486E+00-2.181080966E+00
-2.025378101E+00-1.870251635E+00-1.715761536E+00-1.561991099E+00-1.409053001E+00
-1.257096687E+00-1.106317148E+00-9.569651228E-01-8.093584122E-01-6.638934574E-01
-5.210553309E-01-3.814230417E-01-2.456657741E-01-1.145256626E-01 1.121477809E-02
-1.842074741E+00-1.902693849E+00-1.963743745E+00-2.025211651E+00-2.087218397E+00
-2.150320340E+00-2.214638704E+00-2.280176454E+00-2.346935042E+00-2.414916000E+00
-2.484121614E+00-2.554555313E+00-2.626221866E+00-2.699127588E+00-2.773280385E+00
-2.848689772E+00-2.925366909E+00-3.003324761E+00-3.082578364E+00-3.163145525E+00
-3.245048393E+00-3.328317215E+00-3.412999117E+00-3.499179474E+00-3.585147186E+00
-3.670698812E+00-3.755716462E+00-3.840117725E+00-3.923835147E+00-4.006807731E+00
-4.088977093E+00-4.170286051E+00-4.250677772E+00-4.330095596E+00-4.408482807E+00
-4.485782533E+00-4.561937805E+00-4.636891480E+00-4.710586220E+00-4.782964534E+00
-4.853968678E+00-4.923540753E+00-4.991622646E+00-5.058156053E+00-5.123082375E+00
-5.186342882E+00-5.247878549E+00-5.307630162E+00-5.365538231E+00-5.421543037E+00
-5.475584645E+00-5.527602793E+00-5.577537024E+00-5.625326572E+00-5.670910417E+00
-5.714227269E+00-5.755215549E+00-5.793813365E+00-5.829958555E+00-5.863588628E+00
-5.894640822E+00-5.923052025E+00-5.948758796E+00-5.971697403E+00-5.991803729E+00
-6.009013323E+00-6.023261448E+00-6.034482898E+00-6.042612199E+00-6.047583469E+00
-6.049330455E+00-6.047786502E+00-6.042884603E+00-6.034557326E+00-6.022736869E+00
-6.007355026E+00-5.988343161E+00-5.965632274E+00-5.939152878E+00-5.908835175E+00
-5.874608866E+00-5.836403283E+00-5.794147330E+00-5.747769487E+00-5.697197844E+00
-5.642360028E+00-5.583183336E+00-5.519594561E+00-5.451520185E+00-5.378886209E+00
-5.301618262E+00-5.219641547E+00-5.132880883E+00-5.041260678E+00-4.944704916E+00
-4.843137174E+00-4.736480620E+00-4.624657999E+00-4.507591665E+00-4.385203549E+00
-4.257415250E+00-4.124148446E+00-3.985326597E+00-3.840881340E+00-3.690773398E+00
-3.535057395E+00-3.374073265E+00-3.214211421E+00-3.055227325E+00-2.897047632E+00
-2.739661356E+00-2.583082876E+00-2.427340191E+00-2.272472579E+00-2.118531679E+00
-1.965584111E+00-1.813714882E+00-1.663031450E+00-1.513668296E+00-1.365791999E+00
-1.219606673E+00-1.075359507E+00-9.333459136E-01-7.939135037E-01-6.574637254E-01
-5.244497913E-01-3.953694115E-01-2.707514508E-01-1.511366392E-01-1.848472559E+00
-1.909351317E+00-1.970650735E+00-2.032356127E+00-2.094608886E+00-2.157923900E+00
-2.222445763E+00-2.288183563E+00-2.355142860E+00-2.423329060E+00-2.492747881E+00
-2.563405716E+00-2.635309813E+00-2.708468562E+00-2.782891651E+00-2.858590184E+00
-2.935576833E+00-3.013866190E+00-3.093475034E+00-3.174422937E+00-3.256733210E+00
-3.340433891E+00-3.425559084E+00-3.512148066E+00-3.598349777E+00-3.684096415E+00
-3.769315064E+00-3.853936161E+00-3.937894345E+00-4.021127493E+00-4.103575635E+00
-4.185180113E+00-4.265883070E+00-4.345627051E+00-4.424354738E+00-4.502008949E+00
-4.578532388E+00-4.653867715E+00-4.727957439E+00-4.800743914E+00-4.872169298E+00
-4.942175596E+00-5.010704598E+00-5.077697863E+00-5.143096756E+00-5.206842428E+00
-5.268875759E+00-5.329137456E+00-5.387567934E+00-5.444107394E+00-5.498695767E+00
-5.551272753E+00-5.601777758E+00-5.650149996E+00-5.696328332E+00-5.740251399E+00
-5.781857558E+00-5.821084861E+00-5.857871106E+00-5.892153783E+00-5.923870051E+00
-5.952956819E+00-5.979350685E+00-6.002987917E+00-6.023804454E+00-6.041735945E+00
-6.056717708E+00-6.068684734E+00-6.077571682E+00-6.083312883E+00-6.085842320E+00
-6.085093644E+00-6.081000199E+00-6.073494959E+00-6.062510569E+00-6.047979363E+00
-6.029833290E+00-6.008004025E+00-5.982422896E+00-5.953020919E+00-5.919728803E+00
-5.882476925E+00-5.841195449E+00-5.795814192E+00-5.746262718E+00-5.692470397E+00
-5.634366328E+00-5.571879416E+00-5.504938430E+00-5.433471928E+00-5.357408388E+00
-5.276676230E+00-5.191203798E+00-5.100919435E+00-5.005751601E+00-4.905628775E+00
-4.800479648E+00-4.690233069E+00-4.574818076E+00-4.454163731E+00-4.328198824E+00
-4.196851017E+00-4.060044664E+00-3.917695513E+00-3.769696291E+00-3.615877041E+00
-3.455892501E+00-3.296146397E+00-3.137127053E+00-2.979033356E+00-2.821962871E+00
-2.665979172E+00-2.511137603E+00-2.357496313E+00-2.205122134E+00-2.054094824E+00
-1.904510495E+00-1.756484965E+00-1.610156938E+00-1.465691157E+00-1.323281325E+00
-1.183152609E+00-1.045563325E+00-9.108053730E-01-7.792028365E-01-6.511082060E-01
-5.268957666E-01-4.069520465E-01-2.916636238E-01-1.854163587E+00-1.915281006E+00
-1.976808022E+00-2.038716080E+00-2.101048711E+00-2.164557478E+00-2.229275981E+00
-2.295208908E+00-2.362364166E+00-2.430749525E+00-2.500372988E+00-2.571243003E+00
-2.643368678E+00-2.716759972E+00-2.791427873E+00-2.867384490E+00-2.944643311E+00
-3.023219255E+00-3.103128930E+00-3.184390743E+00-3.267025099E+00-3.351054223E+00
-3.436501697E+00-3.523390716E+00-3.609853766E+00-3.695837581E+00-3.781284280E+00
-3.866134259E+00-3.950327837E+00-4.033805816E+00-4.116509639E+00-4.198381271E+00
-4.279363064E+00-4.359397586E+00-4.438427538E+00-4.516395640E+00-4.593244556E+00
-4.668916872E+00-4.743355056E+00-4.816501384E+00-4.888297996E+00-4.958686837E+00
-5.027609603E+00-5.095007812E+00-5.160822790E+00-5.224995612E+00-5.287467081E+00
-5.348177844E+00-5.407068257E+00-5.464078447E+00-5.519148266E+00-5.572217373E+00
-5.623225118E+00-5.672110580E+00-5.718812662E+00-5.763269899E+00-5.805420595E+00
-5.845202801E+00-5.882554259E+00-5.917412457E+00-5.949714555E+00-5.979397481E+00
-6.006397852E+00-6.030651956E+00-6.052095867E+00-6.070665273E+00-6.086295629E+00
-6.098922060E+00-6.108479438E+00-6.114902270E+00-6.118124808E+00-6.118081035E+00
-6.114704623E+00-6.107928913E+00-6.097687037E+00-6.083911851E+00-6.066535884E+00
-6.045491471E+00-6.020710716E+00-5.992125448E+00-5.959667305E+00-5.923267751E+00
-5.882858093E+00-5.838369464E+00-5.789732883E+00-5.736879308E+00-5.679739640E+00
-5.618244781E+00-5.552325689E+00-5.481913381E+00-5.406939109E+00-5.327334275E+00
-5.243030655E+00-5.153960407E+00-5.060056216E+00-4.961251366E+00-4.857479975E+00
-4.748677071E+00-4.634778729E+00-4.515722439E+00-4.391447181E+00-4.261894068E+00
-4.127007372E+00-3.986737448E+00-3.841048817E+00-3.689943261E+00-3.533526037E+00
-3.372196199E+00-3.212474569E+00-3.054161968E+00-2.897223867E+00-2.741681968E+00
-2.587579676E+00-2.434972952E+00-2.283929423E+00-2.134529774E+00-1.986869846E+00
-1.841062635E+00-1.697240193E+00-1.555555184E+00-1.416182120E+00-1.279318043E+00
-1.145182458E+00-1.014016278E+00-8.860795128E-01-7.616475128E-01-6.410056509E-01
-5.244424822E-01-4.122416302E-01-1.858817820E+00-1.920124322E+00-1.981835660E+00
-2.043938981E+00-2.106549384E+00-2.170244889E+00-2.235145033E+00-2.301259388E+00
-2.368597160E+00-2.437167513E+00-2.506979826E+00-2.578043884E+00-2.650369976E+00
-2.723969129E+00-2.798853124E+00-2.875034691E+00-2.952527510E+00-3.031346328E+00
-3.111506995E+00-3.193026408E+00-3.275922433E+00-3.360213633E+00-3.445918765E+00
-3.533056006E+00-3.619754799E+00-3.705964028E+00-3.791630173E+00-3.876698029E+00
-3.961111441E+00-4.044813846E+00-4.127748451E+00-4.209858403E+00-4.291086790E+00
-4.371376722E+00-4.450671172E+00-4.528913093E+00-4.606045284E+00-4.682010428E+00
-4.756751031E+00-4.830209409E+00-4.902327682E+00-4.973047795E+00-5.042311482E+00
-5.110060205E+00-5.176235230E+00-5.240777633E+00-5.303628177E+00-5.364727471E+00
-5.424015795E+00-5.481433235E+00-5.536919643E+00-5.590414563E+00-5.641857345E+00
-5.691187028E+00-5.738342439E+00-5.783262112E+00-5.825884313E+00-5.866147092E+00
-5.903988152E+00-5.939344983E+00-5.972154801E+00-6.002354497E+00-6.029880764E+00
-6.054669949E+00-6.076658184E+00-6.095781273E+00-6.111974788E+00-6.125174007E+00
-6.135313979E+00-6.142329423E+00-6.146154882E+00-6.146724551E+00-6.143972471E+00
-6.137832410E+00-6.128237866E+00-6.115122201E+00-6.098418544E+00-6.078059812E+00
-6.053978824E+00-6.026108185E+00-5.994380426E+00-5.958727978E+00-5.919083233E+00
-5.875378527E+00-5.827546234E+00-5.775518804E+00-5.719228767E+00-5.658608883E+00
-5.593592089E+00-5.524111707E+00-5.450101409E+00-5.371495449E+00-5.288228623E+00
-5.200236559E+00-5.107455779E+00-5.009823925E+00-4.907280000E+00-4.799764554E+00
-4.687220172E+00-4.569591629E+00-4.446826549E+00-4.318875637E+00-4.185692911E+00
-4.047234887E+00-3.903456554E+00-3.754298306E+00-3.599645857E+00-3.439214248E+00
-3.279547978E+00-3.121187709E+00-2.964353664E+00-2.809148501E+00-2.655636476E+00
-2.503875023E+00-2.353927427E+00-2.205868349E+00-2.059786303E+00-1.915785109E+00
-1.773984653E+00-1.634521327E+00-1.497548107E+00-1.363234192E+00-1.231764048E+00
-1.103335803E+00-9.781588169E-01-8.564503934E-01-7.384316083E-01-6.243223266E-01
-5.143355751E-01-1.862730796E+00-1.924191343E+00-1.986063136E+00-2.048331009E+00
-2.111140028E+00-2.175000606E+00-2.240063015E+00-2.306340313E+00-2.373842190E+00
-2.442578430E+00-2.512559170E+00-2.583794909E+00-2.656296753E+00-2.730076365E+00
-2.805146051E+00-2.881518832E+00-2.959208465E+00-3.038229406E+00-3.118596847E+00
-3.200326580E+00-3.283434940E+00-3.367938572E+00-3.453854140E+00-3.541198037E+00
-3.628098818E+00-3.714505830E+00-3.800366987E+00-3.885629002E+00-3.970237600E+00
-4.054137846E+00-4.137274322E+00-4.219591222E+00-4.301032448E+00-4.381541691E+00
-4.461062408E+00-4.539537863E+00-4.616911087E+00-4.693124936E+00-4.768122035E+00
-4.841844794E+00-4.914235433E+00-4.985235875E+00-5.054787895E+00-5.122832972E+00
-5.189312374E+00-5.254167136E+00-5.317338043E+00-5.378765644E+00-5.438390220E+00
-5.496151817E+00-5.551990231E+00-5.605845024E+00-5.657655488E+00-5.707360642E+00
-5.754899275E+00-5.800209921E+00-5.843230826E+00-5.883900022E+00-5.922155230E+00
-5.957933940E+00-5.991173351E+00-6.021810466E+00-6.049781963E+00-6.075024263E+00
-6.097473578E+00-6.117065827E+00-6.133736678E+00-6.147421586E+00-6.158055715E+00
-6.165574035E+00-6.169911283E+00-6.171001965E+00-6.168780393E+00-6.163180684E+00
-6.154136742E+00-6.141582375E+00-6.125451197E+00-6.105676725E+00-6.082192360E+00
-6.054931444E+00-6.023827300E+00-5.988813212E+00-5.949822525E+00-5.906788675E+00
-5.859645201E+00-5.808325871E+00-5.752764706E+00-5.692895997E+00-5.628654502E+00
-5.559975482E+00-5.486794779E+00-5.409048972E+00-5.326675529E+00-5.239612930E+00
-5.147800949E+00-5.051180778E+00-4.949695369E+00-4.843289808E+00-4.731911718E+00
-4.615511920E+00-4.494045149E+00-4.367471275E+00-4.235757046E+00-4.098879114E+00
-3.956829669E+00-3.809628379E+00-3.657350350E+00-3.500196911E+00-3.338712230E+00
-3.179573077E+00-3.022531502E+00-2.867488448E+00-2.714417176E+00-2.563331230E+00
-2.414270372E+00-2.267294303E+00-2.122479601E+00-1.979918192E+00-1.839716433E+00
-1.701994296E+00-1.566884666E+00-1.434532290E+00-1.305092440E+00-1.178729134E+00
-1.055612870E+00-9.359178580E-01-8.198187200E-01-7.074867950E-01-5.990860817E-01
-1.865998964E+00-1.927601388E+00-1.989608014E+00-2.052003136E+00-2.114837810E+00
-2.178831898E+00-2.244036011E+00-2.310456061E+00-2.378101329E+00-2.446981697E+00
-2.517107590E+00-2.588490015E+00-2.661140617E+00-2.735071546E+00-2.810295513E+00
-2.886825791E+00-2.964676158E+00-3.043860913E+00-3.124394843E+00-3.206293118E+00
-3.289571242E+00-3.374244889E+00-3.460329833E+00-3.547841730E+00-3.634908806E+00
-3.721480562E+00-3.807505514E+00-3.892931228E+00-3.977704435E+00-4.061771189E+00
-4.145076963E+00-4.227566727E+00-4.309185060E+00-4.389876158E+00-4.469583922E+00
-4.548251928E+00-4.625823496E+00-4.702241658E+00-4.777449232E+00-4.851388725E+00
-4.924002414E+00-4.995232340E+00-5.065020277E+00-5.133307762E+00-5.200036064E+00
-5.265146217E+00-5.328579006E+00-5.390274962E+00-5.450174364E+00-5.508217260E+00
-5.564343424E+00-5.618492363E+00-5.670603385E+00-5.720615493E+00-5.768467455E+00
-5.814097785E+00-5.857444731E+00-5.898446322E+00-5.937040302E+00-5.973164158E+00
-6.006755128E+00-6.037750237E+00-6.066086198E+00-6.091699513E+00-6.114526450E+00
-6.134503026E+00-6.151565024E+00-6.165647997E+00-6.176687302E+00-6.184618084E+00
-6.189375236E+00-6.190893534E+00-6.189107540E+00-6.183951665E+00-6.175360199E+00
-6.163267300E+00-6.147607006E+00-6.128313320E+00-6.105320185E+00-6.078561545E+00
-6.047971380E+00-6.013483731E+00-5.975032756E+00-5.932552783E+00-5.885978378E+00
-5.835244374E+00-5.780285993E+00-5.721038904E+00-5.657439278E+00-5.589423983E+00
-5.516930588E+00-5.439897589E+00-5.358264509E+00-5.271972055E+00-5.180962425E+00
-5.085179366E+00-4.984568662E+00-4.879078284E+00-4.768658976E+00-4.653264698E+00
-4.532853381E+00-4.407387881E+00-4.276837232E+00-4.141178491E+00-4.000399142E+00
-3.854499862E+00-3.703496424E+00-3.547414522E+00-3.386256656E+00-3.227282693E+00
-3.070446051E+00-2.915719214E+00-2.763099372E+00-2.612606367E+00-2.464279380E+00
-2.318174159E+00-2.174361082E+00-2.032923684E+00-1.893957547E+00-1.757569200E+00
-1.623875120E+00-1.493000481E+00-1.365077745E+00-1.240244942E+00-1.118643659E+00
-1.000416709E+00-8.857055316E-01-7.746473354E-01-6.673720902E-01-1.868302443E+00
-1.929991826E+00-1.992096739E+00-2.054605431E+00-2.117621940E+00-2.181740700E+00
-2.247068518E+00-2.313612000E+00-2.381379557E+00-2.450380897E+00-2.520626812E+00
-2.592128930E+00-2.664899496E+00-2.738951203E+00-2.814297226E+00-2.890951111E+00
-2.968926790E+00-3.048238544E+00-3.128900963E+00-3.210928911E+00-3.294337500E+00
-3.379141982E+00-3.465357683E+00-3.552999970E+00-3.640196930E+00-3.726898165E+00
-3.813052498E+00-3.898607884E+00-3.983511654E+00-4.067710425E+00-4.151150212E+00
-4.233776545E+00-4.315534433E+00-4.396368534E+00-4.476223023E+00-4.555041841E+00
-4.632768484E+00-4.709346198E+00-4.784717935E+00-4.858826320E+00-4.931613725E+00
-5.003022270E+00-5.072993747E+00-5.141469772E+00-5.208391593E+00-5.273700285E+00
-5.337336651E+00-5.399241201E+00-5.459354237E+00-5.517615745E+00-5.573965542E+00
-5.628343111E+00-5.680687745E+00-5.730938444E+00-5.779033976E+00-5.824912839E+00
-5.868513296E+00-5.909773359E+00-5.948630790E+00-5.985023098E+00-6.018887538E+00
-6.050161154E+00-6.078780720E+00-6.104682774E+00-6.127803662E+00-6.148079460E+00
-6.165446068E+00-6.179839114E+00-6.191194093E+00-6.199446264E+00-6.204530735E+00
-6.206382455E+00-6.204936183E+00-6.200126597E+00-6.191888241E+00-6.180155563E+00
-6.164863009E+00-6.145944911E+00-6.123335676E+00-6.096969713E+00-6.066781528E+00
-6.032705761E+00-5.994677188E+00-5.952630876E+00-5.906502145E+00-5.856226702E+00
-5.801740717E+00-5.742980866E+00-5.679884446E+00-5.612389506E+00-5.540434912E+00
-5.463960576E+00-5.382907493E+00-5.297217902E+00-5.206835626E+00-5.111706043E+00
-5.011776523E+00-4.906996531E+00-4.797318032E+00-4.682695720E+00-4.563087452E+00
-4.438454530E+00-4.308762096E+00-4.173979319E+00-4.034079111E+00-3.889036980E+00
-3.738827792E+00-3.583418956E+00-3.422758289E+00-3.264178768E+00-3.107707327E+00
-2.953368111E+00-2.801190417E+00-2.651212418E+00-2.503482635E+00-2.358060246E+00
-2.215014757E+00-2.074425556E+00-1.936381237E+00-1.800978829E+00-1.668322777E+00
-1.538523871E+00-1.411697892E+00-1.287964096E+00-1.167443448E+00-1.050256676E+00
-9.365221542E-01-8.263536274E-01-7.198578926E-01-1.869808371E+00-1.931536684E+00
-1.993710295E+00-2.056315524E+00-2.119490868E+00-2.183728662E+00-2.249169254E+00
-2.315819718E+00-2.383688210E+00-2.452785545E+00-2.523123967E+00-2.594716363E+00
-2.667575986E+00-2.741716324E+00-2.817151134E+00-2.893894289E+00-2.971959975E+00
-3.051362530E+00-3.132116507E+00-3.214236709E+00-3.297738018E+00-3.382635510E+00
-3.468944376E+00-3.556679809E+00-3.643969877E+00-3.730764257E+00-3.817011892E+00
-3.902661024E+00-3.987659258E+00-4.071953520E+00-4.155490212E+00-4.238215156E+00
-4.320073727E+00-4.401010799E+00-4.480970835E+00-4.559897932E+00-4.637735839E+00
-4.714427898E+00-4.789917176E+00-4.864146417E+00-4.937058068E+00-5.008594289E+00
-5.078696949E+00-5.147307626E+00-5.214367704E+00-5.279818179E+00-5.343599911E+00
-5.405653395E+00-5.465918929E+00-5.524336540E+00-5.580845985E+00-5.635386788E+00
-5.687898220E+00-5.738319264E+00-5.786588706E+00-5.832645044E+00-5.876426522E+00
-5.917871192E+00-5.956916775E+00-5.993500839E+00-6.027560639E+00-6.059033221E+00
-6.087855433E+00-6.113963834E+00-6.137294810E+00-6.157784493E+00-6.175368842E+00
-6.189983601E+00-6.201564304E+00-6.210046367E+00-6.215364991E+00-6.217455264E+00
-6.216252097E+00-6.211690364E+00-6.203704783E+00-6.192230054E+00-6.177200836E+00
-6.158551770E+00-6.136217556E+00-6.110132949E+00-6.080232844E+00-6.046452269E+00
-6.008726483E+00-5.966991020E+00-5.921181819E+00-5.871235128E+00-5.817087779E+00
-5.758677143E+00-5.695941293E+00-5.628819092E+00-5.557250278E+00-5.481175635E+00
-5.400537069E+00-5.315277824E+00-5.225342599E+00-5.130677680E+00-5.031231136E+00
-4.926952974E+00-4.817795275E+00-4.703712288E+00-4.584660512E+00-4.460598693E+00
-4.331487438E+00-4.197288941E+00-4.057965824E+00-3.913479759E+00-3.763788969E+00
-3.608845127E+00-3.448589907E+00-3.290372003E+00-3.134242569E+00-2.980249331E+00
-2.828440443E+00-2.678867543E+00-2.531587718E+00-2.386664523E+00-2.244168570E+00
-2.104177619E+00-1.966776271E+00-1.832055453E+00-1.700111733E+00-1.571046266E+00
-1.444963673E+00-1.321970673E+00-1.202174559E+00-1.085681528E+00-9.725948758E-01
-8.630131302E-01-7.570281406E-01-1.870595442E+00-1.932307351E+00-1.994518090E+00
-2.057220980E+00-2.120446181E+00-2.184817174E+00-2.250368681E+00-2.317107388E+00
-2.385049766E+00-2.454212401E+00-2.524610970E+00-2.596260490E+00-2.669175513E+00
-2.743370378E+00-2.818859366E+00-2.895656720E+00-2.973776797E+00-3.053234054E+00
-3.134043100E+00-3.216218644E+00-3.299775585E+00-3.384728902E+00-3.471093691E+00
-3.558885143E+00-3.646231308E+00-3.733081882E+00-3.819385904E+00-3.905091754E+00
-3.990147131E+00-4.074499214E+00-4.158094541E+00-4.240879128E+00-4.322798505E+00
-4.403797719E+00-4.483821409E+00-4.562813769E+00-4.640718624E+00-4.717479471E+00
-4.793039419E+00-4.867341284E+00-4.940327576E+00-5.011940454E+00-5.082121844E+00
-5.150813362E+00-5.217956374E+00-5.283491934E+00-5.347360864E+00-5.409503696E+00
-5.469860709E+00-5.528371950E+00-5.584977157E+00-5.639615873E+00-5.692227349E+00
-5.742750588E+00-5.791124338E+00-5.837287134E+00-5.881177221E+00-5.922732631E+00
-5.961891106E+00-5.998590212E+00-6.032767225E+00-6.064359228E+00-6.093303031E+00
-6.119535272E+00-6.142992316E+00-6.163610372E+00-6.181325420E+00-6.196073262E+00
-6.207789470E+00-6.216409536E+00-6.221868722E+00-6.224102192E+00-6.223044994E+00
-6.218632039E+00-6.210798201E+00-6.199478314E+00-6.184607175E+00-6.166119579E+00
-6.143950400E+00-6.118034627E+00-6.088307308E+00-6.054703762E+00-6.017159502E+00
-5.975610350E+00-5.929992518E+00-5.880242641E+00-5.826297880E+00-5.768095994E+00
-5.705575463E+00-5.638675576E+00-5.567336518E+00-5.491499535E+00-5.411107020E+00
-5.326102624E+00-5.236431433E+00-5.142040100E+00-5.042876869E+00-4.938891826E+00
-4.830036797E+00-4.716265473E+00-4.597533265E+00-4.473797041E+00-4.345014829E+00
-4.211145085E+00-4.072145722E+00-3.927972850E+00-3.778579228E+00-3.623912595E+00
-3.463914472E+00-3.305938472E+00-3.150044122E+00-2.996288313E+00-2.844727626E+00
-2.695420368E+00-2.548428235E+00-2.403817498E+00-2.261659734E+00-2.122032008E+00
-1.985016866E+00-1.850701983E+00-1.719179482E+00-1.590545108E+00-1.464897162E+00
-1.342335275E+00-1.222959017E+00-1.106866396E+00-9.941522541E-01-8.849066054E-01
-7.792129747E-01-1.870458407E+00-1.932048404E+00-1.994259056E+00-2.057078597E+00
-2.120628230E+00-2.185136393E+00-2.250749074E+00-2.317525044E+00-2.385495131E+00
-2.454680941E+00-2.525100379E+00-2.596769489E+00-2.669703424E+00-2.743916853E+00
-2.819424249E+00-2.896239992E+00-2.974378497E+00-3.053854278E+00-3.134681927E+00
-3.216876188E+00-3.300451906E+00-3.385424058E+00-3.471807701E+00-3.559618046E+00
-3.646983122E+00-3.733852648E+00-3.820175679E+00-3.905900634E+00-3.990975272E+00
-4.075346810E+00-4.158961863E+00-4.241766505E+00-4.323706287E+00-4.404726370E+00
-4.484771374E+00-4.563785592E+00-4.641712866E+00-4.718496714E+00-4.794080282E+00
-4.868406389E+00-4.941417581E+00-5.013056055E+00-5.083263720E+00-5.151982212E+00
-5.219152875E+00-5.284716803E+00-5.348614799E+00-5.410787413E+00-5.471174926E+00
-5.529717365E+00-5.586354505E+00-5.641025852E+00-5.693670677E+00-5.744227961E+00
-5.792636493E+00-5.838834768E+00-5.882761052E+00-5.924353356E+00-5.963549462E+00
-6.000286915E+00-6.034502992E+00-6.066134776E+00-6.095119098E+00-6.121392592E+00
-6.144891646E+00-6.165552448E+00-6.183311017E+00-6.198103136E+00-6.209864454E+00
-6.218530425E+00-6.224036329E+00-6.226317390E+00-6.225308653E+00-6.220945052E+00
-6.213161536E+00-6.201892922E+00-6.187074062E+00-6.168639812E+00-6.146525063E+00
-6.120664864E+00-6.090994320E+00-6.057448808E+00-6.019963881E+00-5.978475457E+00
-5.932919806E+00-5.883233603E+00-5.829354104E+00-5.771219147E+00-5.708767289E+00
-5.641937857E+00-5.570671095E+00-5.494908327E+00-5.414591945E+00-5.329665619E+00
-5.240074455E+00-5.145765010E+00-5.046685489E+00-4.942785802E+00-4.834017603E+00
-4.720334347E+00-4.601691139E+00-4.478044554E+00-4.349352291E+00-4.215572457E+00
-4.076662810E+00-3.932579383E+00-3.783275070E+00-3.628698076E+00-3.468790522E+00
-3.310906970E+00-3.155107956E+00-3.001451416E+00-2.849994882E+00-2.700797531E+00
-2.553921622E+00-2.409433755E+00-2.267405489E+00-2.127913617E+00-1.991039986E+00
-1.856871307E+00-1.725498378E+00-1.597015315E+00-1.471518507E+00-1.349105419E+00
-1.229873248E+00-1.113917470E+00-1.001330299E+00-8.921991075E-01-7.866048197E-01
-1.870568130E+00-1.932288177E+00-1.994498945E+00-2.057189783E+00-2.120478444E+00
-2.184830621E+00-2.250368313E+00-2.317099812E+00-2.385038489E+00-2.454199283E+00
-2.524597057E+00-2.596246422E+00-2.669161678E+00-2.743357046E+00-2.818846655E+00
-2.895644725E+00-2.973765597E+00-3.053223648E+00-3.134033509E+00-3.216209846E+00
-3.299767543E+00-3.384721597E+00-3.471087084E+00-3.558879175E+00-3.646225940E+00
-3.733077077E+00-3.819381603E+00-3.905087898E+00-3.990143701E+00-4.074496152E+00
-4.158091828E+00-4.240876706E+00-4.322796354E+00-4.403795801E+00-4.483819704E+00
-4.562812238E+00-4.640717268E+00-4.717478231E+00-4.793038295E+00-4.867340257E+00
-4.940326627E+00-5.011939563E+00-5.082121010E+00-5.150812587E+00-5.217955637E+00
-5.283491217E+00-5.347360166E+00-5.409503017E+00-5.469860050E+00-5.528371291E+00
-5.584976518E+00-5.639615233E+00-5.692226710E+00-5.742749949E+00-5.791123718E+00
-5.837286494E+00-5.881176581E+00-5.922731972E+00-5.961890428E+00-5.998589514E+00
-6.032766489E+00-6.064358433E+00-6.093302179E+00-6.119534322E+00-6.142991269E+00
-6.163609190E+00-6.181324064E+00-6.196071654E+00-6.207787590E+00-6.216407308E+00
-6.221866068E+00-6.224098995E+00-6.223041138E+00-6.218627408E+00-6.210792639E+00
-6.199471629E+00-6.184599134E+00-6.166109929E+00-6.143938871E+00-6.118020830E+00
-6.088290857E+00-6.054684172E+00-6.017136210E+00-5.975582718E+00-5.929959790E+00
-5.880203945E+00-5.826252188E+00-5.768042145E+00-5.705512061E+00-5.638601052E+00
-5.567248991E+00-5.491396875E+00-5.410986707E+00-5.325961791E+00-5.236266824E+00
-5.141847936E+00-5.042652985E+00-4.938631590E+00-4.829735250E+00-4.715917498E+00
-4.597133921E+00-4.473342143E+00-4.344501722E+00-4.210573711E+00-4.071519917E+00
-3.927301586E+00-3.777877309E+00-3.623199942E+00-3.463213329E+00-3.305269127E+00
-3.149421960E+00-2.995723081E+00-2.844223859E+00-2.694978666E+00-2.548046486E+00
-2.403491942E+00-2.261385780E+00-2.121804753E+00-1.984831543E+00-1.850554065E+00
-1.719064873E+00-1.590460154E+00-1.464838662E+00-1.342300458E+00-1.222945521E+00
-1.106872226E+00-9.941757451E-01-8.849463925E-01-7.792679496E-01-1.869842102E+00
-1.931581153E+00-1.993755560E+00-2.056353697E+00-2.119486644E+00-2.183713896E+00
-2.249148094E+00-2.315794082E+00-2.383659900E+00-2.452755956E+00-2.523094126E+00
-2.594686967E+00-2.667547540E+00-2.741689157E+00-2.817125420E+00-2.893870184E+00
-2.971937536E+00-3.051341758E+00-3.132097420E+00-3.214219230E+00-3.297722090E+00
-3.382621074E+00-3.468931316E+00-3.556668047E+00-3.643959316E+00-3.730754801E+00
-3.817003444E+00-3.902653506E+00-3.987652554E+00-4.071947571E+00-4.155484922E+00
-4.238210466E+00-4.320069561E+00-4.401007078E+00-4.480967521E+00-4.559894987E+00
-4.637733185E+00-4.714425495E+00-4.789914987E+00-4.864144421E+00-4.937056227E+00
-5.008592565E+00-5.078695341E+00-5.147306115E+00-5.214366231E+00-5.279816783E+00
-5.343598555E+00-5.405652058E+00-5.465917630E+00-5.524335261E+00-5.580844725E+00
-5.635385528E+00-5.687896961E+00-5.738318024E+00-5.786587466E+00-5.832643784E+00
-5.876425262E+00-5.917869893E+00-5.956915457E+00-5.993499482E+00-6.027559206E+00
-6.059031729E+00-6.087853805E+00-6.113962051E+00-6.137292833E+00-6.157782245E+00
-6.175366264E+00-6.189980598E+00-6.201560778E+00-6.210042181E+00-6.215359992E+00
-6.217449257E+00-6.216244869E+00-6.211681664E+00-6.203694300E+00-6.192217420E+00
-6.177185644E+00-6.158533517E+00-6.136195660E+00-6.110106752E+00-6.080201531E+00
-6.046414929E+00-6.008682071E+00-5.966938295E+00-5.921119308E+00-5.871161165E+00
-5.817000426E+00-5.758574115E+00-5.695819953E+00-5.628676340E+00-5.557082530E+00
-5.480978724E+00-5.400306170E+00-5.315007338E+00-5.225026035E+00-5.130307576E+00
-5.030799006E+00-4.926449246E+00-4.817209329E+00-4.703032692E+00-4.583875543E+00
-4.459697113E+00-4.330460177E+00-4.196131369E+00-4.056681331E+00-3.912084022E+00
-3.762314134E+00-3.607340936E+00-3.447116274E+00-3.288979560E+00-3.132964955E+00
-2.979103851E+00-2.827431997E+00-2.677992858E+00-2.530838713E+00-2.386030793E+00
-2.243638915E+00-2.103740994E+00-1.966422347E+00-1.831774847E+00-1.699896079E+00
-1.570888249E+00-1.444856961E+00-1.321909847E+00-1.202155025E+00-1.085699430E+00
-9.726470198E-01-8.630969093E-01-7.571414621E-01-1.868343511E+00-1.930032412E+00
-1.992145008E+00-2.054645096E+00-2.117575513E+00-2.181691056E+00-2.247018331E+00
-2.313561484E+00-2.381329235E+00-2.450331369E+00-2.520578680E+00-2.592082638E+00
-2.664855394E+00-2.738909542E+00-2.814258181E+00-2.890914760E+00-2.968893152E+00
-3.048207579E+00-3.128872615E+00-3.210903062E+00-3.294314054E+00-3.379120764E+00
-3.465338577E+00-3.552982821E+00-3.640181564E+00-3.726884465E+00-3.813040291E+00
-3.898597033E+00-3.983502024E+00-4.067701880E+00-4.151142655E+00-4.233769841E+00
-4.315528484E+00-4.396363244E+00-4.476218334E+00-4.555037636E+00-4.632764706E+00
-4.709342788E+00-4.784714815E+00-4.858823452E+00-4.931611089E+00-5.003019809E+00
-5.072991441E+00-5.141467563E+00-5.208389481E+00-5.273698251E+00-5.337334655E+00
-5.399239244E+00-5.459352299E+00-5.517613846E+00-5.573963662E+00-5.628341251E+00
-5.680685885E+00-5.730936603E+00-5.779032116E+00-5.824910979E+00-5.868511435E+00
-5.909771480E+00-5.948628891E+00-5.985021140E+00-6.018885522E+00-6.050159023E+00
-6.078778453E+00-6.104680332E+00-6.127800949E+00-6.148076418E+00-6.165442580E+00
-6.179835084E+00-6.191189345E+00-6.199440645E+00-6.204524030E+00-6.206374375E+00
-6.204926455E+00-6.200114854E+00-6.191874037E+00-6.180138433E+00-6.164842314E+00
-6.145919992E+00-6.123305719E+00-6.096933769E+00-6.066738491E+00-6.032654334E+00
-5.994615878E+00-5.952557940E+00-5.906415568E+00-5.856124138E+00-5.801619416E+00
-5.742837630E+00-5.679715554E+00-5.612190657E+00-5.540201069E+00-5.463685866E+00
-5.382585038E+00-5.296839718E+00-5.206392354E+00-5.111186793E+00-5.011168584E+00
-4.906285157E+00-4.796486209E+00-4.681724033E+00-4.561954101E+00-4.437135914E+00
-4.307234226E+00-4.172220900E+00-4.032077838E+00-3.886800778E+00-3.736402740E+00
-3.580910931E+00-3.420333916E+00-3.261946093E+00-3.105715433E+00-2.951627770E+00
-2.799691709E+00-2.649935947E+00-2.502405730E+00-2.357160216E+00-2.214270442E+00
-2.073817946E+00-1.935893558E+00-1.800596488E+00-1.668033195E+00-1.538316274E+00
-1.411563111E+00-1.287894371E+00-1.167432271E+00-1.050298635E+00-9.366128044E-01
-8.264893761E-01-7.200358931E-01-1.865809087E+00-1.927394550E+00-1.989396241E+00
-2.051799579E+00-2.114744897E+00-2.178748518E+00-2.243955615E+00-2.310378475E+00
-2.378026688E+00-2.446910215E+00-2.517039538E+00-2.588425664E+00-2.661080122E+00
-2.735015003E+00-2.810243001E+00-2.886777271E+00-2.964631552E+00-3.043820125E+00
-3.124357697E+00-3.206259441E+00-3.289540819E+00-3.374217528E+00-3.460305301E+00
-3.547819815E+00-3.634889254E+00-3.721463181E+00-3.807490109E+00-3.892917586E+00
-3.977692363E+00-4.061760531E+00-4.145067546E+00-4.227558414E+00-4.309177697E+00
-4.389869628E+00-4.469578109E+00-4.548246735E+00-4.625818826E+00-4.702237434E+00
-4.777445376E+00-4.851385179E+00-4.923999120E+00-4.995229260E+00-5.065017351E+00
-5.133304952E+00-5.200033351E+00-5.265143582E+00-5.328576410E+00-5.390272404E+00
-5.450171845E+00-5.508214760E+00-5.564340944E+00-5.618489902E+00-5.670600925E+00
-5.720613033E+00-5.768465013E+00-5.814095344E+00-5.857442309E+00-5.898443900E+00
-5.937037860E+00-5.973161678E+00-6.006752609E+00-6.037747621E+00-6.066083446E+00
-6.091696587E+00-6.114523272E+00-6.134499518E+00-6.151561052E+00-6.165643444E+00
-6.176681974E+00-6.184611767E+00-6.189367698E+00-6.190884446E+00-6.189096554E+00
-6.183938353E+00-6.175344019E+00-6.163247651E+00-6.147583192E+00-6.128284487E+00
-6.105285365E+00-6.078519593E+00-6.047920961E+00-6.013423275E+00-5.974960460E+00
-5.932466536E+00-5.885875718E+00-5.835122472E+00-5.780141536E+00-5.720868036E+00
-5.657237542E+00-5.589186148E+00-5.516650588E+00-5.439568332E+00-5.357877683E+00
-5.271517932E+00-5.180429495E+00-5.084554123E+00-4.983835023E+00-4.878217104E+00
-4.767647294E+00-4.652074785E+00-4.531451560E+00-4.405733071E+00-4.274879402E+00
-4.138857766E+00-3.997647972E+00-3.851255446E+00-3.699743261E+00-3.543312144E+00
-3.382501614E+00-3.224040410E+00-3.067706663E+00-2.913424125E+00-2.761183939E+00
-2.611012692E+00-2.462958652E+00-2.317086112E+00-2.173472484E+00-2.032207059E+00
-1.893390013E+00-1.757131643E+00-1.623551490E+00-1.492777304E+00-1.364943705E+00
-1.240190568E+00-1.118661073E+00-1.000499428E+00-8.858482871E-01-7.748459261E-01
-6.676232628E-01-1.862635699E+00-1.924095668E+00-1.985965921E+00-2.048233096E+00
-2.111021769E+00-2.174885196E+00-2.239952720E+00-2.306235230E+00-2.373742436E+00
-2.442484180E+00-2.512470538E+00-2.583712014E+00-2.656219612E+00-2.730004961E+00
-2.805080304E+00-2.881458588E+00-2.959153511E+00-3.038179510E+00-3.118551737E+00
-3.200285946E+00-3.283398491E+00-3.367905979E+00-3.453825093E+00-3.541172227E+00
-3.628075934E+00-3.714485600E+00-3.800349160E+00-3.885613287E+00-3.970223765E+00
-4.054125697E+00-4.137263626E+00-4.219581805E+00-4.301024155E+00-4.381534347E+00
-4.461055878E+00-4.539532030E+00-4.616905835E+00-4.693120169E+00-4.768117675E+00
-4.841840764E+00-4.914231654E+00-4.985232310E+00-5.054784484E+00-5.122829678E+00
-5.189309157E+00-5.254163997E+00-5.317334943E+00-5.378762544E+00-5.438387139E+00
-5.496148736E+00-5.551987170E+00-5.605841963E+00-5.657652426E+00-5.707357600E+00
-5.754896252E+00-5.800206918E+00-5.843227862E+00-5.883897057E+00-5.922152285E+00
-5.957931015E+00-5.991170425E+00-6.021807521E+00-6.049778940E+00-6.075021124E+00
-6.097470264E+00-6.117062242E+00-6.133732706E+00-6.147417071E+00-6.158050502E+00
-6.165567911E+00-6.169903958E+00-6.170993110E+00-6.168769619E+00-6.163167527E+00
-6.154120639E+00-6.141562669E+00-6.125427111E+00-6.105647330E+00-6.082156590E+00
-6.054888039E+00-6.023774768E+00-5.988749869E+00-5.949746372E+00-5.906697390E+00
-5.859536108E+00-5.808195851E+00-5.752610134E+00-5.692712689E+00-5.628437575E+00
-5.559719278E+00-5.486492709E+00-5.408693362E+00-5.326257428E+00-5.239121816E+00
-5.147224440E+00-5.050504205E+00-4.948901273E+00-4.842357127E+00-4.730814776E+00
-4.614218843E+00-4.492515380E+00-4.365651585E+00-4.233574306E+00-4.096226904E+00
-3.953541307E+00-3.805420086E+00-3.651694931E+00-3.492032130E+00-3.333049254E+00
-3.175366605E+00-3.019261954E+00-2.864875981E+00-2.712297431E+00-2.561599145E+00
-2.412853689E+00-2.266140238E+00-2.121547792E+00-1.979176764E+00-1.839139558E+00
-1.701560762E+00-1.566576850E+00-1.434335476E+00-1.304994324E+00-1.178719463E+00
-1.055683163E+00-9.360611831E-01-8.200295242E-01-7.077607435E-01-5.994199327E-01
-1.858794564E+00-1.920082169E+00-1.981814848E+00-2.043896817E+00-2.106399851E+00
-2.170097758E+00-2.235004819E+00-2.301126519E+00-2.368471945E+00-2.437050184E+00
-2.506870500E+00-2.577942561E+00-2.650276579E+00-2.723883463E+00-2.798774956E+00
-2.874963693E+00-2.952463333E+00-3.031288545E+00-3.111455181E+00-3.192980116E+00
-3.275881237E+00-3.360177069E+00-3.445886425E+00-3.533027482E+00-3.619729705E+00
-3.705942035E+00-3.791610893E+00-3.876681152E+00-3.961096714E+00-4.044800980E+00
-4.127737193E+00-4.209848540E+00-4.291078129E+00-4.371369069E+00-4.450664390E+00
-4.528907028E+00-4.606039820E+00-4.682005448E+00-4.756746439E+00-4.830205107E+00
-4.902323632E+00-4.973043920E+00-5.042307723E+00-5.110056523E+00-5.176231607E+00
-5.240774029E+00-5.303624592E+00-5.364723867E+00-5.424012172E+00-5.481429611E+00
-5.536915981E+00-5.590410901E+00-5.641853683E+00-5.691183385E+00-5.738338815E+00
-5.783258527E+00-5.825880806E+00-5.866143624E+00-5.903984761E+00-5.939341689E+00
-5.972151565E+00-6.002351338E+00-6.029877644E+00-6.054666848E+00-6.076655026E+00
-6.095777999E+00-6.111971300E+00-6.125170190E+00-6.135309658E+00-6.142324385E+00
-6.146148875E+00-6.146717265E+00-6.143963518E+00-6.137821326E+00-6.128224108E+00
-6.115105091E+00-6.098397287E+00-6.078033517E+00-6.053946367E+00-6.026068307E+00
-5.994331635E+00-5.958668529E+00-5.919011092E+00-5.875291349E+00-5.827441287E+00
-5.775392930E+00-5.719078322E+00-5.658429644E+00-5.593379172E+00-5.523859455E+00
-5.449803330E+00-5.371143947E+00-5.287814940E+00-5.199750522E+00-5.106885509E+00
-5.009155529E+00-4.906497163E+00-4.798848014E+00-4.686146967E+00-4.568334264E+00
-4.445351792E+00-4.317143087E+00-4.183653503E+00-4.044829949E+00-3.900620086E+00
-3.750969193E+00-3.595810516E+00-3.435034206E+00-3.275721802E+00-3.117882760E+00
-2.961561860E+00-2.806812758E+00-2.653693451E+00-2.502267726E+00-2.352607687E+00
-2.204796152E+00-2.058928437E+00-1.915113836E+00-1.773476663E+00-1.634156918E+00
-1.497310580E+00-1.363109388E+00-1.231740011E+00-1.103402515E+00-9.783079958E-01
-8.566753293E-01-7.387270190E-01-6.246842417E-01-5.147612100E-01-1.853859892E+00
-1.914959506E+00-1.976476188E+00-2.038395718E+00-2.100854378E+00-2.164377290E+00
-2.229104880E+00-2.295047574E+00-2.362213121E+00-2.430609099E+00-2.500243297E+00
-2.571123950E+00-2.643260030E+00-2.716661343E+00-2.791338796E+00-2.867304424E+00
-2.944571635E+00-3.023155388E+00-3.103072213E+00-3.184340595E+00-3.266980880E+00
-3.351015410E+00-3.436467709E+00-3.523361030E+00-3.609827898E+00-3.695815103E+00
-3.781264786E+00-3.866117362E+00-3.950313207E+00-4.033793143E+00-4.116498652E+00
-4.198371718E+00-4.279354713E+00-4.359390262E+00-4.438421046E+00-4.516389808E+00
-4.593239286E+00-4.668912028E+00-4.743350541E+00-4.816497121E+00-4.888293907E+00
-4.958682826E+00-5.027605650E+00-5.095003898E+00-5.160818857E+00-5.224991621E+00
-5.287463051E+00-5.348173755E+00-5.407064111E+00-5.464074242E+00-5.519144022E+00
-5.572213091E+00-5.623220797E+00-5.672106298E+00-5.718808399E+00-5.763265694E+00
-5.805416487E+00-5.845198810E+00-5.882550403E+00-5.917408756E+00-5.949711048E+00
-5.979394187E+00-6.006394752E+00-6.030649049E+00-6.052093116E+00-6.070662657E+00
-6.086293091E+00-6.098919482E+00-6.108476706E+00-6.114899208E+00-6.118121224E+00
-6.118076637E+00-6.114699062E+00-6.107921802E+00-6.097677871E+00-6.083900011E+00
-6.066520653E+00-6.045471978E+00-6.020685932E+00-5.992094173E+00-5.959628144E+00
-5.923219075E+00-5.882797946E+00-5.838295637E+00-5.789642779E+00-5.736769982E+00
-5.679607643E+00-5.618086159E+00-5.552135909E+00-5.481687250E+00-5.406670619E+00
-5.327016606E+00-5.242655958E+00-5.153519731E+00-5.059539311E+00-4.960646566E+00
-4.856773968E+00-4.747854724E+00-4.633822990E+00-4.514614162E+00-4.390165381E+00
-4.260416462E+00-4.125311870E+00-3.984805293E+00-3.838870824E+00-3.687530979E+00
-3.530929633E+00-3.369525813E+00-3.209901224E+00-3.051797857E+00-2.895121871E+00
-2.739856155E+00-2.586022760E+00-2.433667416E+00-2.282853738E+00-2.133661755E+00
-1.986188177E+00-1.840547619E+00-1.696873963E+00-1.555321774E+00-1.416067421E+00
-1.279309718E+00-1.145269868E+00-1.014190401E+00-8.863328789E-01-7.619741478E-01
-6.414010129E-01-5.249033932E-01-4.127661932E-01-1.848264593E+00-1.909136018E+00
-1.970431540E+00-2.032137611E+00-2.094384072E+00-2.157707942E+00-2.222241567E+00
-2.287992349E+00-2.354965403E+00-2.423165730E+00-2.492598696E+00-2.563270347E+00
-2.635187756E+00-2.708359139E+00-2.782794048E+00-2.858503529E+00-2.935500235E+00
-3.013798776E+00-3.093415934E+00-3.174371336E+00-3.256688293E+00-3.340394962E+00
-3.425525426E+00-3.512119059E+00-3.598324858E+00-3.684075042E+00-3.769296792E+00
-3.853920543E+00-3.937880994E+00-4.021116080E+00-4.103565849E+00-4.185171704E+00
-4.265875784E+00-4.345620656E+00-4.424349099E+00-4.502003873E+00-4.578527737E+00
-4.653863394E+00-4.727953312E+00-4.800739922E+00-4.872165365E+00-4.942171662E+00
-5.010700606E+00-5.077693794E+00-5.143092570E+00-5.206838126E+00-5.268871322E+00
-5.329132883E+00-5.387563225E+00-5.444102569E+00-5.498690846E+00-5.551267754E+00
-5.601772739E+00-5.650144958E+00-5.696323333E+00-5.740246478E+00-5.781852772E+00
-5.821080249E+00-5.857866707E+00-5.892149655E+00-5.923866234E+00-5.952953390E+00
-5.979347643E+00-6.002985301E+00-6.023802284E+00-6.041734239E+00-6.056716429E+00
-6.068683862E+00-6.077571139E+00-6.083312554E+00-6.085842068E+00-6.085093296E+00
-6.080999482E+00-6.073493564E+00-6.062508089E+00-6.047975275E+00-6.029827012E+00
-6.007994840E+00-5.982409913E+00-5.953003092E+00-5.919704911E+00-5.882445534E+00
-5.841154873E+00-5.795762475E+00-5.746197611E+00-5.692389265E+00-5.634266187E+00
-5.571756836E+00-5.504789459E+00-5.433292108E+00-5.357192681E+00-5.276418901E+00
-5.190898394E+00-5.100558768E+00-5.005327610E+00-4.905132623E+00-4.799901608E+00
-4.689562696E+00-4.574044327E+00-4.453275347E+00-4.327184933E+00-4.195702203E+00
-4.058754630E+00-3.916263540E+00-3.768130713E+00-3.614199521E+00-3.454142046E+00
-3.294380014E+00-3.135412097E+00-2.977427610E+00-2.820506386E+00-2.664694680E+00
-2.510034209E+00-2.356573592E+00-2.204373633E+00-2.053510486E+00-1.904078456E+00
-1.756192670E+00-1.609991862E+00-1.465641276E+00-1.323335430E+00-1.183300505E+00
-1.045795975E+00-9.111150123E-01-7.795830533E-01-6.515540008E-01-5.274035936E-01
-4.075198206E-01-2.922906959E-01-1.842010544E+00-1.902549509E+00-1.963656083E+00
-2.025065857E+00-2.086952639E+00-2.150063225E+00-2.214397691E+00-2.279953326E+00
-2.346730671E+00-2.414730580E+00-2.483954776E+00-2.554406264E+00-2.626089558E+00
-2.699010821E+00-2.773177880E+00-2.848600191E+00-2.925288994E+00-3.003257290E+00
-3.082520194E+00-3.163095571E+00-3.245005666E+00-3.328280825E+00-3.412968249E+00
-3.499153373E+00-3.585125212E+00-3.670680365E+00-3.755701019E+00-3.840104800E+00
-3.923824374E+00-4.006798721E+00-4.088969517E+00-4.170279637E+00-4.250672307E+00
-4.330090848E+00-4.408478583E+00-4.485778696E+00-4.561934220E+00-4.636888030E+00
-4.710582810E+00-4.782961066E+00-4.853965113E+00-4.923537033E+00-4.991618752E+00
-5.058151925E+00-5.123078015E+00-5.186338270E+00-5.247873686E+00-5.307625066E+00
-5.365532922E+00-5.421537534E+00-5.475578967E+00-5.527596999E+00-5.577531134E+00
-5.625320662E+00-5.670904526E+00-5.714221475E+00-5.755209910E+00-5.793807958E+00
-5.829953439E+00-5.863583920E+00-5.894636579E+00-5.923048324E+00-5.948755715E+00
-5.971695020E+00-5.991802120E+00-6.009012587E+00-6.023261583E+00-6.034483964E+00
-6.042614215E+00-6.047586394E+00-6.049334253E+00-6.047791095E+00-6.042889835E+00
-6.034563042E+00-6.022742779E+00-6.007360800E+00-5.988348374E+00-5.965636382E+00
-5.939155242E+00-5.908834981E+00-5.874605165E+00-5.836394931E+00-5.794132991E+00
-5.747747610E+00-5.697166588E+00-5.642317301E+00-5.583126716E+00-5.519521315E+00
-5.451427175E+00-5.378769888E+00-5.301474677E+00-5.219466320E+00-5.132669149E+00
-5.041007109E+00-4.944403756E+00-4.842782300E+00-4.736065678E+00-4.624176534E+00
-4.507037420E+00-4.384570904E+00-4.256699806E+00-4.123347820E+00-3.984441545E+00
-3.839917035E+00-3.689740847E+00-3.533974619E+00-3.372965705E+00-3.213110740E+00
-3.054167781E+00-2.896060985E+00-2.738773165E+00-2.582311103E+00-2.426695455E+00
-2.271959278E+00-2.118149348E+00-1.965328700E+00-1.813579949E+00-1.663008984E+00
-1.513749450E+00-1.365967628E+00-1.219867755E+00-1.075697491E+00-9.337530026E-01
-7.943829077E-01-6.579898851E-01-5.250285639E-01-3.959982392E-01-2.714294558E-01
-1.518646710E-01-1.834406822E+00-1.894699107E+00-1.955461539E+00-2.016681999E+00
-2.078486912E+00-2.141402292E+00-2.205549498E+00-2.270923278E+00-2.337516637E+00
-2.405324091E+00-2.474342444E+00-2.544570940E+00-2.616011361E+00-2.688667756E+00
-2.762546289E+00-2.837654865E+00-2.914002940E+00-2.991601074E+00-3.070460352E+00
-3.150591430E+00-3.232002544E+00-3.314695477E+00-3.398656122E+00-3.483832645E+00
-3.570082372E+00-3.655644559E+00-3.740535947E+00-3.824735242E+00-3.908203920E+00
-3.990895225E+00-4.072758234E+00-4.153739737E+00-4.233785246E+00-4.312839399E+00
-4.390846334E+00-4.467749758E+00-4.543493052E+00-4.618019383E+00-4.691271646E+00
-4.763192504E+00-4.833724388E+00-4.902809572E+00-4.970390062E+00-5.036407648E+00
-5.100803947E+00-5.163520266E+00-5.224497774E+00-5.283677354E+00-5.340999632E+00
-5.396405044E+00-5.449833752E+00-5.501225611E+00-5.550520318E+00-5.597657185E+00
-5.642575347E+00-5.685213572E+00-5.725510397E+00-5.763404047E+00-5.798832418E+00
-5.831733096E+00-5.862043377E+00-5.889700169E+00-5.914640069E+00-5.936799327E+00
-5.956113824E+00-5.972519053E+00-5.985950159E+00-5.996341860E+00-6.003628487E+00
-6.007743983E+00-6.008621827E+00-6.006195089E+00-6.000396376E+00-5.991157849E+00
-5.978411203E+00-5.962087629E+00-5.942117893E+00-5.918432180E+00-5.890960208E+00
-5.859631153E+00-5.824373650E+00-5.785115809E+00-5.741785140E+00-5.694308592E+00
-5.642612570E+00-5.586622801E+00-5.526264451E+00-5.461462026E+00-5.392139413E+00
-5.318219781E+00-5.239625661E+00-5.156278768E+00-5.068100161E+00-4.975010062E+00
-4.876927864E+00-4.773772144E+00-4.665460626E+00-4.551910239E+00-4.433037160E+00
-4.308756728E+00-4.178983219E+00-4.043627945E+00-3.902593514E+00-3.755756573E+00
-3.602920869E+00-3.443694926E+00-3.284346790E+00-3.125298361E+00-2.966688108E+00
-2.808557517E+00-2.650916781E+00-2.493768941E+00-2.337119502E+00-2.180981445E+00
-2.025378857E+00-1.870350627E+00-1.715954484E+00-1.562272058E+00-1.409414883E+00
-1.257531716E+00-1.106817282E+00-9.575224410E-01-8.099654774E-01-6.645436775E-01
-5.217433171E-01-3.821449689E-01-2.464196949E-01-1.153117704E-01 1.039399622E-02
-1.825969854E+00-1.885888220E+00-1.946336310E+00-2.007303975E+00-2.068913761E+00
-2.131666392E+00-2.195669664E+00-2.260902649E+00-2.327346068E+00-2.394985929E+00
-2.463813553E+00-2.533824927E+00-2.605019917E+00-2.677401487E+00-2.750975178E+00
-2.825748548E+00-2.901730685E+00-2.978931704E+00-3.057362184E+00-3.137032338E+00
-3.217950923E+00-3.300123637E+00-3.383551604E+00-3.468231239E+00-3.554161785E+00
-3.639448042E+00-3.724061600E+00-3.807967272E+00-3.891123106E+00-3.973481996E+00
-4.054993522E+00-4.135605019E+00-4.215262422E+00-4.293910779E+00-4.371494478E+00
-4.447957459E+00-4.523243336E+00-4.597295449E+00-4.670056811E+00-4.741470298E+00
-4.811478475E+00-4.880023754E+00-4.947048274E+00-5.012493982E+00-5.076302630E+00
-5.138415679E+00-5.198774436E+00-5.257319898E+00-5.313992866E+00-5.368733913E+00
-5.421483316E+00-5.472181124E+00-5.520767131E+00-5.567180822E+00-5.611361431E+00
-5.653247900E+00-5.692778862E+00-5.729892678E+00-5.764527322E+00-5.796620534E+00
-5.826109630E+00-5.852931635E+00-5.877023222E+00-5.898320623E+00-5.916759756E+00
-5.932276116E+00-5.944804808E+00-5.954280473E+00-5.960637384E+00-5.963809290E+00
-5.963729514E+00-5.960330915E+00-5.953545808E+00-5.943306024E+00-5.929542890E+00
-5.912187153E+00-5.891168977E+00-5.866418004E+00-5.837863236E+00-5.805433055E+00
-5.769055222E+00-5.728656803E+00-5.684164183E+00-5.635503089E+00-5.582598475E+00
-5.525374536E+00-5.463754674E+00-5.397661498E+00-5.327016742E+00-5.251741271E+00
-5.171754920E+00-5.086976617E+00-4.997324125E+00-4.902714062E+00-4.803061752E+00
-4.698281121E+00-4.588284623E+00-4.472983239E+00-4.352286768E+00-4.226104797E+00
-4.094349140E+00-3.956939286E+00-3.813814466E+00-3.664957456E+00-3.510439640E+00
-3.350495734E+00-3.191336042E+00-3.032631731E+00-2.874237437E+00-2.716077431E+00
-2.558103950E+00-2.400281960E+00-2.242584390E+00-2.084991535E+00-1.927492384E+00
-1.770087489E+00-1.612792807E+00-1.455645007E+00-1.298708405E+00-1.142084096E+00
-9.859218837E-01-8.304358685E-01-6.759244994E-01-5.227956482E-01-3.715959272E-01
-2.230401367E-01-7.803025041E-02 6.235456473E-02 1.969153442E-01-1.816462815E+00
-1.875889438E+00-1.936014094E+00-1.996734295E+00-2.058091131E+00-2.120783441E+00
-2.184745982E+00-2.249922425E+00-2.316278046E+00-2.383792111E+00-2.452453691E+00
-2.522258680E+00-2.593207773E+00-2.665305157E+00-2.738557730E+00-2.812974347E+00
-2.888565550E+00-2.965343139E+00-3.043320000E+00-3.122509852E+00-3.202927189E+00
-3.284587222E+00-3.367506325E+00-3.451702771E+00-3.537198107E+00-3.622086336E+00
-3.706322447E+00-3.789857163E+00-3.872638669E+00-3.954613503E+00-4.035727333E+00
-4.115925224E+00-4.195151815E+00-4.273351435E+00-4.350468163E+00-4.426445805E+00
-4.501227992E+00-4.574758104E+00-4.646979289E+00-4.717834500E+00-4.787266497E+00
-4.855217827E+00-4.921630785E+00-4.986447471E+00-5.049609794E+00-5.111059388E+00
-5.170737697E+00-5.228585929E+00-5.284545024E+00-5.338555745E+00-5.390558527E+00
-5.440493592E+00-5.488300908E+00-5.533920155E+00-5.577290702E+00-5.618351665E+00
-5.657041871E+00-5.693299779E+00-5.727063554E+00-5.758271056E+00-5.786859754E+00
-5.812766768E+00-5.835928853E+00-5.856282353E+00-5.873763228E+00-5.888307009E+00
-5.899848822E+00-5.908323308E+00-5.913664623E+00-5.915806497E+00-5.914682118E+00
-5.910224130E+00-5.902364675E+00-5.891035313E+00-5.876166984E+00-5.857690084E+00
-5.835534314E+00-5.809628753E+00-5.779901763E+00-5.746281010E+00-5.708693423E+00
-5.667065135E+00-5.621321506E+00-5.571387042E+00-5.517185398E+00-5.458639258E+00
-5.395670475E+00-5.328199795E+00-5.256146979E+00-5.179430699E+00-5.097968448E+00
-5.011676460E+00-4.920469608E+00-4.824261221E+00-4.722962937E+00-4.616484324E+00
-4.504732487E+00-4.387611433E+00-4.265021251E+00-4.136857190E+00-4.003008994E+00
-3.863362608E+00-3.717809520E+00-3.566280883E+00-3.408853509E+00-3.251157470E+00
-3.093384853E+00-2.935568036E+00-2.777683767E+00-2.619688448E+00-2.461530264E+00
-2.303153680E+00-2.144501553E+00-1.985516778E+00-1.826144091E+00-1.666332396E+00
-1.506038046E+00-1.345229258E+00-1.183892311E+00-1.022040177E+00-8.597247967E-01
-6.970547391E-01-5.342211344E-01-3.715364354E-01-2.094929326E-01-4.884916410E-02
 1.092561577E-01 2.632075416E-01 4.109697520E-01-1.805043127E+00-1.863744859E+00
-1.923432860E+00-1.984123211E+00-2.045803956E+00-2.108731117E+00-2.172852221E+00
-2.238100728E+00-2.304447435E+00-2.371880678E+00-2.440397841E+00-2.510001617E+00
-2.580698032E+00-2.652495535E+00-2.725404357E+00-2.799436241E+00-2.874604285E+00
-2.950922848E+00-3.028407839E+00-3.107076872E+00-3.186950098E+00-3.268051100E+00
-3.350408634E+00-3.434058275E+00-3.519042461E+00-3.603471064E+00-3.687280509E+00
-3.770402162E+00-3.852770353E+00-3.934322998E+00-4.015000648E+00-4.094745462E+00
-4.173500451E+00-4.251209113E+00-4.327815098E+00-4.403262037E+00-4.477493545E+00
-4.550453038E+00-4.622083820E+00-4.692328941E+00-4.761131355E+00-4.828433725E+00
-4.894178558E+00-4.958308130E+00-5.020764484E+00-5.081489489E+00-5.140424761E+00
-5.197511704E+00-5.252691469E+00-5.305904955E+00-5.357092869E+00-5.406195626E+00
-5.453153370E+00-5.497906012E+00-5.540393116E+00-5.580554029E+00-5.618327734E+00
-5.653652941E+00-5.686467992E+00-5.716710898E+00-5.744319325E+00-5.769230566E+00
-5.791381511E+00-5.810708642E+00-5.827148033E+00-5.840635313E+00-5.851105666E+00
-5.858493752E+00-5.862733805E+00-5.863759457E+00-5.861503878E+00-5.855899596E+00
-5.846878616E+00-5.834372285E+00-5.818311291E+00-5.798625722E+00-5.775244869E+00
-5.748097367E+00-5.717111037E+00-5.682212922E+00-5.643329215E+00-5.600385218E+00
-5.553305320E+00-5.502012983E+00-5.446430657E+00-5.386479693E+00-5.322080429E+00
-5.253152006E+00-5.179612379E+00-5.101378248E+00-5.018365049E+00-4.930486710E+00
-4.837655743E+00-4.739782973E+00-4.636777329E+00-4.528545567E+00-4.414991557E+00
-4.296015178E+00-4.171510145E+00-4.041359305E+00-3.905424692E+00-3.763525110E+00
-3.615384415E+00-3.460508354E+00-3.304878173E+00-3.148765655E+00-2.992283887E+00
-2.835455499E+00-2.678253578E+00-2.520623383E+00-2.362493179E+00-2.203779471E+00
-2.044389481E+00-1.884222577E+00-1.723171167E+00-1.561121687E+00-1.397955928E+00
-1.233553016E+00-1.067792388E+00-9.005583012E-01-7.317466810E-01-5.612757149E-01
-3.891027770E-01-2.152529744E-01-3.987125049E-02 1.366709064E-01 3.135209799E-01
 4.886580889E-01 6.577273672E-01-1.792036173E+00-1.849530776E+00-1.908731696E+00
-1.969665019E+00-2.032258428E+00-2.095844451E+00-2.160317135E+00-2.225727538E+00
-2.292104628E+00-2.359468753E+00-2.427836634E+00-2.497223444E+00-2.567643715E+00
-2.639111961E+00-2.711642851E+00-2.785251499E+00-2.859953639E+00-2.935765838E+00
-3.012705769E+00-3.090792770E+00-3.170048833E+00-3.250500526E+00-3.332183017E+00
-3.415149459E+00-3.499492667E+00-3.583467361E+00-3.666870931E+00-3.749586788E+00
-3.831533312E+00-3.912643480E+00-3.992856388E+00-4.072113904E+00-4.150359062E+00
-4.227535510E+00-4.303587017E+00-4.378457428E+00-4.452090530E+00-4.524429935E+00
-4.595419081E+00-4.665001309E+00-4.733119651E+00-4.799717041E+00-4.864736122E+00
-4.928119402E+00-4.989809138E+00-5.049747372E+00-5.107875953E+00-5.164136479E+00
-5.218470334E+00-5.270818688E+00-5.321122422E+00-5.369322223E+00-5.415358486E+00
-5.459171336E+00-5.500700645E+00-5.539885938E+00-5.576666505E+00-5.610981251E+00
-5.642768789E+00-5.671967383E+00-5.698514909E+00-5.722348858E+00-5.743406331E+00
-5.761624042E+00-5.776938201E+00-5.789284612E+00-5.798598574E+00-5.804814884E+00
-5.807867834E+00-5.807691153E+00-5.804217952E+00-5.797380817E+00-5.787111657E+00
-5.773341683E+00-5.756001487E+00-5.735020883E+00-5.710328913E+00-5.681853844E+00
-5.649523067E+00-5.613263125E+00-5.572999590E+00-5.528657085E+00-5.480159186E+00
-5.427428424E+00-5.370386145E+00-5.308952556E+00-5.243046660E+00-5.172586143E+00
-5.097487333E+00-5.017665224E+00-4.933033392E+00-4.843503887E+00-4.748987319E+00
-4.649392714E+00-4.544627585E+00-4.434597971E+00-4.319208479E+00-4.198362746E+00
-4.071964255E+00-3.939918522E+00-3.802138428E+00-3.658557857E+00-3.509165785E+00
-3.354093570E+00-3.199303718E+00-3.044384426E+00-2.889124911E+00-2.733391662E+00
-2.577076518E+00-2.420074821E+00-2.262276141E+00-2.103559875E+00-1.943792825E+00
-1.782827541E+00-1.620500729E+00-1.456631837E+00-1.291021481E+00-1.123449751E+00
-9.536743516E-01-7.814284083E-01-6.064176734E-01-4.283165019E-01-2.467612601E-01
-6.133801049E-02 1.284434340E-01 3.232121113E-01 5.239196418E-01 7.325206591E-01
 9.398073680E-01-1.779585201E+00-1.836097998E+00-1.894819102E+00-1.955776902E+00
-2.019098195E+00-2.083074320E+00-2.147757808E+00-2.213242502E+00-2.279585276E+00
-2.346826181E+00-2.414995718E+00-2.484118649E+00-2.554216523E+00-2.625308853E+00
-2.697414123E+00-2.770550220E+00-2.844734776E+00-2.919985426E+00-2.996319859E+00
-3.073755748E+00-3.152310262E+00-3.231998513E+00-3.312830018E+00-3.394799388E+00
-3.477863859E+00-3.561887751E+00-3.645077282E+00-3.727450860E+00-3.808984573E+00
-3.889636354E+00-3.969356385E+00-4.048091590E+00-4.125787599E+00-4.202389340E+00
-4.277841453E+00-4.352088307E+00-4.425074057E+00-4.496742663E+00-4.567037816E+00
-4.635903070E+00-4.703281747E+00-4.769116916E+00-4.833351513E+00-4.895928180E+00
-4.956789426E+00-5.015877545E+00-5.073134580E+00-5.128502400E+00-5.181922621E+00
-5.233336687E+00-5.282685766E+00-5.329910779E+00-5.374952451E+00-5.417751158E+00
-5.458247084E+00-5.496380061E+00-5.532089672E+00-5.565315111E+00-5.595995302E+00
-5.624068781E+00-5.649473733E+00-5.672147939E+00-5.692028753E+00-5.709053140E+00
-5.723157564E+00-5.734278079E+00-5.742350159E+00-5.747308833E+00-5.749088529E+00
-5.747623111E+00-5.742845827E+00-5.734689301E+00-5.723085520E+00-5.707965675E+00
-5.689260318E+00-5.666899131E+00-5.640811056E+00-5.610924108E+00-5.577165409E+00
-5.539461093E+00-5.497736327E+00-5.451915170E+00-5.401920559E+00-5.347674212E+00
-5.289096642E+00-5.226107028E+00-5.158623172E+00-5.086561462E+00-5.009836792E+00
-4.928362585E+00-4.842050657E+00-4.750811291E+00-4.654553279E+00-4.553183862E+00
-4.446608963E+00-4.334733423E+00-4.217461362E+00-4.094697019E+00-3.966346007E+00
-3.832317506E+00-3.692527748E+00-3.546905329E+00-3.395397174E+00-3.243368490E+00
-3.090898724E+00-2.937933057E+00-2.784378655E+00-2.630130976E+00-2.475078021E+00
-2.319098392E+00-2.162058289E+00-2.003808432E+00-1.844181019E+00-1.682986775E+00
-1.520011730E+00-1.355013536E+00-1.187717190E+00-1.017809877E+00-8.449346251E-01
-6.686822112E-01-4.885804388E-01-3.040792230E-01-1.145286535E-01 8.085514289E-02
 2.830457606E-01 4.932995026E-01 7.133021702E-01 9.452327565E-01 1.174187908E+00
-1.769310030E+00-1.825245305E+00-1.883536592E+00-1.944236504E+00-2.007152872E+00
-2.071044435E+00-2.135651015E+00-2.201019098E+00-2.267191759E+00-2.334205738E+00
-2.402092194E+00-2.470878176E+00-2.540587615E+00-2.611242428E+00-2.682862998E+00
-2.755468819E+00-2.829078707E+00-2.903711070E+00-2.979383986E+00-3.056115186E+00
-3.133922051E+00-3.212821284E+00-3.292828659E+00-3.373959134E+00-3.456228559E+00
-3.539661545E+00-3.622342793E+00-3.704229442E+00-3.785268631E+00-3.865405561E+00
-3.944585434E+00-4.022753606E+00-4.099855568E+00-4.175836581E+00-4.250641788E+00
-4.324215983E+00-4.396503729E+00-4.467449276E+00-4.536996645E+00-4.605089603E+00
-4.671671665E+00-4.736686154E+00-4.800076197E+00-4.861784689E+00-4.921754353E+00
-4.979927715E+00-5.036247070E+00-5.090654558E+00-5.143092105E+00-5.193501406E+00
-5.241823961E+00-5.288001019E+00-5.331973575E+00-5.373682433E+00-5.413068047E+00
-5.450070638E+00-5.484630118E+00-5.516686087E+00-5.546177780E+00-5.573044119E+00
-5.597223601E+00-5.618654414E+00-5.637274220E+00-5.653020335E+00-5.665829531E+00
-5.675638173E+00-5.682382065E+00-5.685996468E+00-5.686416080E+00-5.683575001E+00
-5.677406727E+00-5.667844039E+00-5.654819039E+00-5.638263114E+00-5.618106835E+00
-5.594279978E+00-5.566711430E+00-5.535329146E+00-5.500060152E+00-5.460830389E+00
-5.417564731E+00-5.370186890E+00-5.318619338E+00-5.262783230E+00-5.202598383E+00
-5.137983142E+00-5.068854320E+00-4.995127142E+00-4.916715206E+00-4.833530383E+00
-4.745482804E+00-4.652480911E+00-4.554431363E+00-4.451239194E+00-4.342807848E+00
-4.229039430E+00-4.109834923E+00-3.985094574E+00-3.854718417E+00-3.718606929E+00
-3.576661442E+00-3.428784141E+00-3.280209863E+00-3.130951648E+00-2.981004363E+00
-2.830327779E+00-2.678853030E+00-2.526489354E+00-2.373127405E+00-2.218639817E+00
-2.062880022E+00-1.905680122E+00-1.746847886E+00-1.586163212E+00-1.423373755E+00
-1.258189768E+00-1.090277862E+00-9.192534865E-01-7.446717484E-01-5.660161904E-01
-3.826849251E-01-1.939733774E-01 9.472199330E-04 2.030564825E-01 4.135166378E-01
 6.337062001E-01 8.652444241E-01 1.109959960E+00 1.349389673E+00-1.759998628E+00
-1.815457972E+00-1.873323993E+00-1.933659627E+00-1.996207255E+00-2.059819109E+00
-2.124160725E+00-2.189251502E+00-2.255120233E+00-2.321794995E+00-2.389302201E+00
-2.457666555E+00-2.526911156E+00-2.597057802E+00-2.668127170E+00-2.740139139E+00
-2.813112991E+00-2.887067463E+00-2.962020963E+00-3.037991707E+00-3.114998024E+00
-3.193059020E+00-3.272196554E+00-3.352439632E+00-3.433835225E+00-3.516473727E+00
-3.598572033E+00-3.679930131E+00-3.760437785E+00-3.840020490E+00-3.918617711E+00
-3.996173855E+00-4.072634821E+00-4.147946663E+00-4.222055145E+00-4.294905564E+00
-4.366442851E+00-4.436611529E+00-4.505355851E+00-4.572619756E+00-4.638346956E+00
-4.702481005E+00-4.764965165E+00-4.825742566E+00-4.884756180E+00-4.941948747E+00
-4.997262893E+00-5.050641008E+00-5.102025329E+00-5.151357899E+00-5.198580548E+00
-5.243634893E+00-5.286462336E+00-5.327004011E+00-5.365200817E+00-5.400993401E+00
-5.434322043E+00-5.465126790E+00-5.493347302E+00-5.518922929E+00-5.541792631E+00
-5.561894945E+00-5.579168019E+00-5.593549556E+00-5.604976753E+00-5.613386345E+00
-5.618714541E+00-5.620896972E+00-5.619868722E+00-5.615564202E+00-5.607917218E+00
-5.596860880E+00-5.582327582E+00-5.564248941E+00-5.542555762E+00-5.517178015E+00
-5.488044722E+00-5.455084014E+00-5.418222934E+00-5.377387444E+00-5.332502378E+00
-5.283491313E+00-5.230276471E+00-5.172778732E+00-5.110917412E+00-5.044610273E+00
-4.973773334E+00-4.898320872E+00-4.818165301E+00-4.733217060E+00-4.643384592E+00
-4.548574345E+00-4.448690710E+00-4.343636047E+00-4.233310718E+00-4.117613071E+00
-3.996439535E+00-3.869684601E+00-3.737240590E+00-3.598997459E+00-3.454842065E+00
-3.309925963E+00-3.164242757E+00-3.017776482E+00-2.870496753E+00-2.722354314E+00
-2.573279931E+00-2.423184429E+00-2.271958716E+00-2.119473041E+00-1.965575372E+00
-1.810089073E+00-1.652809657E+00-1.493500753E+00-1.331889138E+00-1.167658693E+00
-1.000443089E+00-8.298169774E-01-6.552854804E-01-4.762717163E-01-2.921023421E-01
-1.019912702E-01 9.497768794E-02 2.998675095E-01 5.139007419E-01 7.384631001E-01
 9.750910633E-01 1.225764324E+00 1.469980919E+00-1.751315186E+00-1.806286596E+00
-1.863721186E+00-1.923660527E+00-1.986110475E+00-2.049364006E+00-2.113327031E+00
-2.178027319E+00-2.243485060E+00-2.309721492E+00-2.376758259E+00-2.444616792E+00
-2.513318192E+00-2.582883039E+00-2.653331388E+00-2.724682790E+00-2.796956332E+00
-2.870170655E+00-2.944343895E+00-3.019493628E+00-3.095636537E+00-3.172787756E+00
-3.250959338E+00-3.330156515E+00-3.410368667E+00-3.491547217E+00-3.573550032E+00
-3.654542774E+00-3.734551233E+00-3.813560025E+00-3.891534657E+00-3.968431242E+00
-4.044200908E+00-4.118792075E+00-4.192151532E+00-4.264225044E+00-4.334957752E+00
-4.404294278E+00-4.472178951E+00-4.538555809E+00-4.603368659E+00-4.666561152E+00
-4.728076764E+00-4.787858818E+00-4.845850480E+00-4.901994801E+00-4.956234638E+00
-5.008512750E+00-5.058771704E+00-5.106953910E+00-5.153001567E+00-5.196856736E+00
-5.238461248E+00-5.277756662E+00-5.314684379E+00-5.349185475E+00-5.381200772E+00
-5.410670763E+00-5.437535629E+00-5.461735244E+00-5.483209016E+00-5.501896061E+00
-5.517734992E+00-5.530663997E+00-5.540620817E+00-5.547542669E+00-5.551366209E+00
-5.552027590E+00-5.549462306E+00-5.543605268E+00-5.534390710E+00-5.521752188E+00
-5.505622464E+00-5.485933600E+00-5.462616770E+00-5.435602292E+00-5.404819576E+00
-5.370197005E+00-5.331661952E+00-5.289140609E+00-5.242558026E+00-5.191837896E+00
-5.136902555E+00-5.077672808E+00-5.014067853E+00-4.946005143E+00-4.873400252E+00
-4.796166738E+00-4.714216028E+00-4.627457301E+00-4.535797451E+00-4.439140889E+00
-4.337389683E+00-4.230443383E+00-4.118199095E+00-4.000551369E+00-3.877392138E+00
-3.748610392E+00-3.614091939E+00-3.473718619E+00-3.332572460E+00-3.190641661E+00
-3.047907272E+00-2.904340963E+00-2.759902508E+00-2.614537379E+00-2.468175042E+00
-2.320727585E+00-2.172088296E+00-2.022130140E+00-1.870703547E+00-1.717633856E+00
-1.562717888E+00-1.405719780E+00-1.246365876E+00-1.084338456E+00-9.192681473E-01
-7.507246934E-01-5.782058752E-01-4.011242776E-01-2.187918585E-01-3.040248836E-02
 1.649865582E-01 3.684720244E-01 5.813168767E-01 8.049508091E-01 1.040951326E+00
 1.291554326E+00 1.534157890E+00-1.743962760E+00-1.798531212E+00-1.855542537E+00
-1.915050645E+00-1.976864197E+00-2.039665910E+00-2.103174367E+00-2.167402220E+00
-2.232364758E+00-2.298079150E+00-2.364563707E+00-2.431837437E+00-2.499919601E+00
-2.568829597E+00-2.638586646E+00-2.709209758E+00-2.780717766E+00-2.853129176E+00
-2.926462203E+00-3.000734732E+00-3.075964144E+00-3.152166948E+00-3.229358375E+00
-3.307551253E+00-3.386755056E+00-3.466975967E+00-3.548223828E+00-3.628524592E+00
-3.707852952E+00-3.786173545E+00-3.863443003E+00-3.939612886E+00-4.014631707E+00
-4.088446159E+00-4.161001910E+00-4.232243967E+00-4.302116911E+00-4.370565071E+00
-4.437532565E+00-4.502963333E+00-4.566801201E+00-4.628989880E+00-4.689472980E+00
-4.748194018E+00-4.805096374E+00-4.860123369E+00-4.913218209E+00-4.964323964E+00
-5.013383588E+00-5.060339917E+00-5.105135615E+00-5.147713190E+00-5.188014956E+00
-5.225983034E+00-5.261559311E+00-5.294685423E+00-5.325302754E+00-5.353352399E+00
-5.378775100E+00-5.401511294E+00-5.421501027E+00-5.438683978E+00-5.452999361E+00
-5.464385982E+00-5.472782145E+00-5.478125650E+00-5.480353772E+00-5.479403206E+00
-5.475210046E+00-5.467709785E+00-5.456837182E+00-5.442526353E+00-5.424710641E+00
-5.403322652E+00-5.378294082E+00-5.349555831E+00-5.317037794E+00-5.280668952E+00
-5.240377146E+00-5.196089110E+00-5.147730397E+00-5.095225165E+00-5.038496158E+00
-4.977464587E+00-4.912049902E+00-4.842169672E+00-4.767739433E+00-4.688672432E+00
-4.604879516E+00-4.516268855E+00-4.422745910E+00-4.324213271E+00-4.220570602E+00
-4.111714760E+00-3.997539731E+00-3.877936598E+00-3.752793534E+00-3.621995496E+00
-3.485423743E+00-3.348096551E+00-3.210002392E+00-3.071124426E+00-2.931438995E+00
-2.790914107E+00-2.649507615E+00-2.507165691E+00-2.363820999E+00-2.219391225E+00
-2.073777390E+00-1.926862008E+00-1.778506901E+00-1.628550638E+00-1.476805372E+00
-1.323053024E+00-1.167040620E+00-1.008474595E+00-8.470138024E-01-6.822608800E-01
-5.137515280E-01-3.409411125E-01-1.631878437E-01 2.026839081E-02 2.103323939E-01
 4.080854574E-01 6.148203765E-01 8.320712003E-01 1.061617479E+00 1.305119374E+00
 1.534273049E+00-1.737367036E+00-1.791546820E+00-1.848132809E+00-1.907188665E+00
-1.968442688E+00-2.030746738E+00-2.093743385E+00-2.157433561E+00-2.221830519E+00
-2.286949606E+00-2.352807621E+00-2.419422392E+00-2.486812230E+00-2.554995737E+00
-2.623991593E+00-2.693818400E+00-2.764494663E+00-2.836038868E+00-2.908469442E+00
-2.981805085E+00-3.056064825E+00-3.131268581E+00-3.207437863E+00-3.284596891E+00
-3.362774616E+00-3.442007485E+00-3.522341597E+00-3.601806411E+00-3.680345210E+00
-3.757894455E+00-3.834391715E+00-3.909776609E+00-3.983990425E+00-4.056975535E+00
-4.128674951E+00-4.199032111E+00-4.267990588E+00-4.335494131E+00-4.401486489E+00
-4.465911466E+00-4.528712811E+00-4.589834292E+00-4.649219637E+00-4.706812556E+00
-4.762556662E+00-4.816395604E+00-4.868272900E+00-4.918132044E+00-4.965916418E+00
-5.011569343E+00-5.055033946E+00-5.096253298E+00-5.135170295E+00-5.171727618E+00
-5.205867795E+00-5.237533082E+00-5.266665503E+00-5.293206810E+00-5.317098444E+00
-5.338281481E+00-5.356696703E+00-5.372284410E+00-5.384984570E+00-5.394736631E+00
-5.401479612E+00-5.405152011E+00-5.405691762E+00-5.403036257E+00-5.397122270E+00
-5.387885952E+00-5.375262796E+00-5.359187579E+00-5.339594361E+00-5.316416388E+00
-5.289586109E+00-5.259035106E+00-5.224694084E+00-5.186492687E+00-5.144359604E+00
-5.098222367E+00-5.048007302E+00-4.993639499E+00-4.935042533E+00-4.872138450E+00
-4.804847552E+00-4.733088144E+00-4.656776343E+00-4.575825727E+00-4.490147084E+00
-4.399648100E+00-4.304233071E+00-4.203802729E+00-4.098254394E+00-3.987481976E+00
-3.871376363E+00-3.749825534E+00-3.622714680E+00-3.489926104E+00-3.356416601E+00
-3.222177257E+00-3.087195554E+00-2.951454306E+00-2.814930608E+00-2.677594580E+00
-2.539408127E+00-2.400323485E+00-2.260281863E+00-2.119212069E+00-1.977028961E+00
-1.833631809E+00-1.688902487E+00-1.542703327E+00-1.394874649E+00-1.245231818E+00
-1.093561718E+00-9.396184930E-01-7.831183120E-01-6.237328424E-01-4.610808908E-01
-2.947174569E-01-1.241187959E-01 5.133879718E-02 2.324105683E-01 4.200325149E-01
 6.154003679E-01 8.200936180E-01 1.036236130E+00 1.264879695E+00 1.476898857E+00
-1.731346941E+00-1.785092175E+00-1.841248289E+00-1.899855593E+00-1.960869260E+00
-2.022664678E+00-2.085099369E+00-2.148192941E+00-2.211959192E+00-2.276413893E+00
-2.341574156E+00-2.407457982E+00-2.474083759E+00-2.541469974E+00-2.609635073E+00
-2.678597290E+00-2.748374743E+00-2.818985473E+00-2.890447596E+00-2.962779618E+00
-3.036000800E+00-3.110131934E+00-3.185196581E+00-3.261223538E+00-3.338251731E+00
-3.416340476E+00-3.495592839E+00-3.574192172E+00-3.651932999E+00-3.728696230E+00
-3.804396584E+00-3.878963452E+00-3.952332985E+00-4.024444767E+00-4.095240219E+00
-4.164661791E+00-4.232652476E+00-4.299155635E+00-4.364114821E+00-4.427473744E+00
-4.489176152E+00-4.549165910E+00-4.607386920E+00-4.663783067E+00-4.718298292E+00
-4.770876576E+00-4.821461841E+00-4.869998010E+00-4.916428985E+00-4.960698613E+00
-5.002750602E+00-5.042528662E+00-5.079976307E+00-5.115036919E+00-5.147653702E+00
-5.177769650E+00-5.205327540E+00-5.230269844E+00-5.252538815E+00-5.272076285E+00
-5.288823812E+00-5.302722508E+00-5.313713080E+00-5.321735845E+00-5.326730541E+00
-5.328636460E+00-5.327392349E+00-5.322936396E+00-5.315206148E+00-5.304138552E+00
-5.289669896E+00-5.271735751E+00-5.250270990E+00-5.225209730E+00-5.196485257E+00
-5.164030040E+00-5.127775698E+00-5.087652861E+00-5.043591228E+00-4.995519452E+00
-4.943365044E+00-4.887054292E+00-4.826512208E+00-4.761662251E+00-4.692426292E+00
-4.618724227E+00-4.540473722E+00-4.457589749E+00-4.369984047E+00-4.277564651E+00
-4.180235100E+00-4.077894287E+00-3.970436352E+00-3.857751388E+00-3.739726389E+00
-3.616245904E+00-3.487192587E+00-3.357461940E+00-3.227047765E+00-3.095942115E+00
-2.964134624E+00-2.831611574E+00-2.698355001E+00-2.564341730E+00-2.429542192E+00
-2.293919455E+00-2.157428058E+00-2.020012913E+00-1.881608204E+00-1.742136118E+00
-1.601505649E+00-1.459611209E+00-1.316331134E+00-1.171526024E+00-1.025036911E+00
-8.766831449E-01-7.262600122E-01-5.735359131E-01-4.182489498E-01-2.601025935E-01
-9.875979792E-02 6.616569996E-02 2.351235881E-01 4.086529797E-01 5.874368590E-01
 7.724384299E-01 9.653470826E-01 1.168060739E+00 1.353262764E+00-1.726671975E+00
-1.780061583E+00-1.835800198E+00-1.893935213E+00-1.954295518E+00-2.015515261E+00
-2.077334862E+00-2.139770096E+00-2.202837838E+00-2.266556653E+00-2.330946035E+00
-2.396025650E+00-2.461814954E+00-2.528332878E+00-2.595597830E+00-2.663627637E+00
-2.732439662E+00-2.802050898E+00-2.872478145E+00-2.943738184E+00-3.015847931E+00
-3.088824534E+00-3.162685201E+00-3.237446325E+00-3.313120637E+00-3.389709201E+00
-3.467179795E+00-3.545409857E+00-3.622543405E+00-3.698587006E+00-3.773501927E+00
-3.847235305E+00-3.919730386E+00-3.990929794E+00-4.060776307E+00-4.129212919E+00
-4.196182951E+00-4.261629899E+00-4.325497376E+00-4.387729168E+00-4.448269179E+00
-4.507061390E+00-4.564049916E+00-4.619178951E+00-4.672392767E+00-4.723635712E+00
-4.772852213E+00-4.819986696E+00-4.864983646E+00-4.907787488E+00-4.948342669E+00
-4.986593536E+00-5.022484401E+00-5.055959380E+00-5.086962511E+00-5.115437619E+00
-5.141328299E+00-5.164577929E+00-5.185129581E+00-5.202926032E+00-5.217909675E+00
-5.230022552E+00-5.239206262E+00-5.245401974E+00-5.248550336E+00-5.248591571E+00
-5.245465260E+00-5.239110480E+00-5.229465691E+00-5.216468731E+00-5.200056758E+00
-5.180166275E+00-5.156733085E+00-5.129692255E+00-5.098978037E+00-5.064523970E+00
-5.026262716E+00-4.984126068E+00-4.938044966E+00-4.887949381E+00-4.833768335E+00
-4.775429744E+00-4.712860498E+00-4.645986190E+00-4.574731073E+00-4.499017794E+00
-4.418767023E+00-4.333896872E+00-4.244322179E+00-4.149953168E+00-4.050694021E+00
-3.946441340E+00-3.837083745E+00-3.722504296E+00-3.602583338E+00-3.477200462E+00
-3.351187557E+00-3.224539197E+00-3.097250693E+00-2.969317492E+00-2.840734264E+00
-2.711494073E+00-2.581587463E+00-2.451001470E+00-2.319718848E+00-2.187717199E+00
-2.054968113E+00-1.921436499E+00-1.787079807E+00-1.651847397E+00-1.515679938E+00
-1.378508907E+00-1.240256173E+00-1.100833754E+00-9.601437874E-01-8.180788174E-01
-6.745225578E-01-5.293513492E-01-3.824366552E-01-2.336491914E-01-8.286565974E-02
 7.002011853E-02 2.250780446E-01 3.823066190E-01 5.415619147E-01 7.023924498E-01
 8.635874209E-01 1.022024871E+00 1.172376178E+00-1.723113137E+00-1.776189065E+00
-1.831520148E+00-1.889164480E+00-1.948846447E+00-2.009432498E+00-2.070570760E+00
-2.132272645E+00-2.194562162E+00-2.257464017E+00-2.321002295E+00-2.385199765E+00
-2.450077664E+00-2.515655582E+00-2.581951754E+00-2.648983230E+00-2.716766057E+00
-2.785315560E+00-2.854646563E+00-2.924773503E+00-2.995710660E+00-3.067472064E+00
-3.140071684E+00-3.213523416E+00-3.287841907E+00-3.363045567E+00-3.439166754E+00
-3.516283715E+00-3.592548797E+00-3.667771253E+00-3.741847355E+00-3.814705196E+00
-3.886283892E+00-3.956526126E+00-4.025375529E+00-4.092775928E+00-4.158671089E+00
-4.223004800E+00-4.285720866E+00-4.346763250E+00-4.406075970E+00-4.463603239E+00
-4.519289406E+00-4.573078995E+00-4.624916684E+00-4.674747325E+00-4.722515809E+00
-4.768167203E+00-4.811646649E+00-4.852899311E+00-4.891870370E+00-4.928505027E+00
-4.962748407E+00-4.994545575E+00-5.023841442E+00-5.050580783E+00-5.074708199E+00
-5.096168019E+00-5.114904321E+00-5.130860853E+00-5.143981052E+00-5.154207950E+00
-5.161484113E+00-5.165751759E+00-5.166952523E+00-5.165027557E+00-5.159917489E+00
-5.151562367E+00-5.139901578E+00-5.124873968E+00-5.106417686E+00-5.084470259E+00
-5.058968440E+00-5.029848382E+00-4.997045403E+00-4.960494165E+00-4.920128531E+00
-4.875881536E+00-4.827685514E+00-4.775471909E+00-4.719171388E+00-4.658713846E+00
-4.594028285E+00-4.525043028E+00-4.451685509E+00-4.373882345E+00-4.291559167E+00
-4.204640133E+00-4.113047172E+00-4.016698107E+00-3.915502948E+00-3.809357331E+00
-3.698135557E+00-3.581703574E+00-3.459928028E+00-3.337570179E+00-3.214620280E+00
-3.091073797E+00-2.966930012E+00-2.842190729E+00-2.716858854E+00-2.590937390E+00
-2.464428429E+00-2.337332399E+00-2.209647186E+00-2.081367676E+00-1.952485110E+00
-1.822986786E+00-1.692855631E+00-1.562070144E+00-1.430604376E+00-1.298428184E+00
-1.165507784E+00-1.031806666E+00-8.972870738E-01-7.619121855E-01-6.256492999E-01
-4.884744399E-01-3.503789727E-01-2.113792064E-01-7.153045055E-02 6.905206203E-02
 2.101614389E-01 3.514502624E-01 4.923555111E-01 6.319895696E-01 7.690136520E-01
 9.015893968E-01 1.027575815E+00-1.720570415E+00-1.773320702E+00-1.828254762E+00
-1.885405043E+00-1.944694444E+00-2.004595028E+00-2.064954716E+00-2.125819410E+00
-2.187227441E+00-2.249213763E+00-2.311809071E+00-2.375039756E+00-2.438928490E+00
-2.503494862E+00-2.568756003E+00-2.634727142E+00-2.701422173E+00-2.768853963E+00
-2.837034680E+00-2.905975970E+00-2.975689149E+00-3.046185088E+00-3.117473960E+00
-3.189564620E+00-3.262463095E+00-3.336169074E+00-3.410667618E+00-3.485908191E+00
-3.561748894E+00-3.636279720E+00-3.709530472E+00-3.781484368E+00-3.852103294E+00
-3.921339272E+00-3.989139693E+00-4.055449777E+00-4.120213777E+00-4.183375635E+00
-4.244879156E+00-4.304668321E+00-4.362687286E+00-4.418880399E+00-4.473192338E+00
-4.525567956E+00-4.575952396E+00-4.624291015E+00-4.670529401E+00-4.714613298E+00
-4.756488567E+00-4.796101262E+00-4.833397456E+00-4.868323261E+00-4.900824808E+00
-4.930848191E+00-4.958339385E+00-4.983244252E+00-5.005508476E+00-5.025077492E+00
-5.041896540E+00-5.055910491E+00-5.067063870E+00-5.075300869E+00-5.080565179E+00
-5.082800083E+00-5.081948321E+00-5.077952169E+00-5.070753282E+00-5.060292753E+00
-5.046511075E+00-5.029348122E+00-5.008743087E+00-4.984634544E+00-4.956960352E+00
-4.925657727E+00-4.890663153E+00-4.851912451E+00-4.809340689E+00-4.762882275E+00
-4.712470882E+00-4.658039463E+00-4.599520335E+00-4.536845232E+00-4.469945384E+00
-4.398751693E+00-4.323195059E+00-4.243206635E+00-4.158718350E+00-4.069663449E+00
-3.975977329E+00-3.877598331E+00-3.774465630E+00-3.666497824E+00-3.553508891E+00
-3.435315039E+00-3.316583917E+00-3.197289617E+00-3.077422547E+00-2.956984006E+00
-2.835982325E+00-2.714430120E+00-2.592342505E+00-2.469735853E+00-2.346626790E+00
-2.223031535E+00-2.098965376E+00-1.974442226E+00-1.849474445E+00-1.724072692E+00
-1.598245927E+00-1.472001686E+00-1.345346535E+00-1.218286860E+00-1.090830020E+00
-9.629860238E-01-8.347698345E-01-7.062045442E-01-5.773256404E-01-4.481867648E-01
-3.188674278E-01-1.894832982E-01-6.019995253E-02 6.874899953E-02 1.970384221E-01
 3.242225470E-01 4.497021869E-01 5.726953957E-01 6.922269965E-01 8.071584609E-01
 9.162696302E-01-1.719950024E+00-1.772527279E+00-1.827099256E+00-1.883692889E+00
-1.942190217E+00-2.001230300E+00-2.060646959E+00-2.120517935E+00-2.180904304E+00
-2.241853484E+00-2.303401534E+00-2.365576086E+00-2.428398475E+00-2.491885694E+00
-2.556051599E+00-2.620907873E+00-2.686464747E+00-2.752731543E+00-2.819716961E+00
-2.887429545E+00-2.955877666E+00-3.025069910E+00-3.095015015E+00-3.165722010E+00
-3.237200293E+00-3.309459903E+00-3.382512233E+00-3.456372667E+00-3.531069013E+00
-3.604557271E+00-3.676797057E+00-3.747735726E+00-3.817316889E+00-3.885482995E+00
-3.952176321E+00-4.017339219E+00-4.080914334E+00-4.142844559E+00-4.203073257E+00
-4.261544078E+00-4.318201176E+00-4.372989057E+00-4.425852651E+00-4.476737254E+00
-4.525588515E+00-4.572352468E+00-4.616975380E+00-4.659403828E+00-4.699584642E+00
-4.737464767E+00-4.772991341E+00-4.806111601E+00-4.836772803E+00-4.864922201E+00
-4.890507012E+00-4.913474317E+00-4.933771100E+00-4.951344036E+00-4.966139624E+00
-4.978104033E+00-4.987183048E+00-4.993322101E+00-4.996466123E+00-4.996559618E+00
-4.993546547E+00-4.987370328E+00-4.977973761E+00-4.965299120E+00-4.949287983E+00
-4.929881309E+00-4.907019416E+00-4.880641943E+00-4.850687873E+00-4.817095527E+00
-4.779802549E+00-4.738745946E+00-4.693862024E+00-4.645086450E+00-4.592354253E+00
-4.535599765E+00-4.474756714E+00-4.409758270E+00-4.340537212E+00-4.267026187E+00
-4.189158264E+00-4.106867582E+00-4.020090311E+00-3.928766015E+00-3.832840786E+00
-3.732280869E+00-3.627130580E+00-3.517627211E+00-3.403145423E+00-3.288143338E+00
-3.172552886E+00-3.056360191E+00-2.939575253E+00-2.822219211E+00-2.704318981E+00
-2.585904598E+00-2.467008014E+00-2.347662228E+00-2.227900880E+00-2.107757918E+00
-1.987267311E+00-1.866463018E+00-1.745378897E+00-1.624048848E+00-1.502507062E+00
-1.380788499E+00-1.258929588E+00-1.136969263E+00-1.014950358E+00-8.929215192E-01
-7.709396916E-01-6.490733733E-01-5.274067696E-01-4.060450752E-01-2.851210663E-01
-1.648032497E-01-4.530567186E-02 7.310066826E-02 1.900752785E-01 3.051957913E-01
 4.179482394E-01 5.277239330E-01 6.338278422E-01 7.355022386E-01 8.319652343E-01
-1.721596407E+00-1.774274855E+00-1.828545988E+00-1.884425436E+00-1.941743864E+00
-1.999578436E+00-2.057758057E+00-2.116401702E+00-2.175587134E+00-2.235362231E+00
-2.295757398E+00-2.356792670E+00-2.418481747E+00-2.480834298E+00-2.543857511E+00
-2.607557046E+00-2.671937650E+00-2.737003701E+00-2.802759463E+00-2.869209470E+00
-2.936358779E+00-3.004213224E+00-3.072779837E+00-3.142067532E+00-3.212088285E+00
-3.282859729E+00-3.354410522E+00-3.426792304E+00-3.500106342E+00-3.572452761E+00
-3.643623859E+00-3.713500814E+00-3.781999336E+00-3.849049240E+00-3.914586525E+00
-3.978550190E+00-4.040880961E+00-4.101520648E+00-4.160411972E+00-4.217498392E+00
-4.272724003E+00-4.326033522E+00-4.377372230E+00-4.426685927E+00-4.473920919E+00
-4.519023997E+00-4.561942339E+00-4.602623452E+00-4.641015230E+00-4.677065802E+00
-4.710723507E+00-4.741936822E+00-4.770654378E+00-4.796824767E+00-4.820396620E+00
-4.841318453E+00-4.859538624E+00-4.875005340E+00-4.887666475E+00-4.897469653E+00
-4.904362090E+00-4.908290597E+00-4.909201478E+00-4.907040556E+00-4.901753129E+00
-4.893283837E+00-4.881576775E+00-4.866575344E+00-4.848222322E+00-4.826459812E+00
-4.801229196E+00-4.772471239E+00-4.740126007E+00-4.704132927E+00-4.664430788E+00
-4.620957736E+00-4.573651319E+00-4.522448504E+00-4.467285578E+00-4.408098170E+00
-4.344821154E+00-4.277388590E+00-4.205733741E+00-4.129789293E+00-4.049487967E+00
-3.964763629E+00-3.875552064E+00-3.781787989E+00-3.683380061E+00-3.580118851E+00
-3.471749395E+00-3.362560266E+00-3.252007178E+00-3.140442060E+00-3.028044615E+00
-2.914921320E+00-2.801146799E+00-2.686781758E+00-2.571880880E+00-2.456496291E+00
-2.340679397E+00-2.224481625E+00-2.107954829E+00-1.991151424E+00-1.874124603E+00
-1.756928398E+00-1.639617826E+00-1.522249145E+00-1.404880197E+00-1.287570935E+00
-1.170384165E+00-1.053386535E+00-9.366498788E-01-8.202529351E-01-7.042835388E-01
-5.888413583E-01-4.740412479E-01-3.600172781E-01-2.469274444E-01-1.349590406E-01
-2.433450896E-02 8.468259233E-02 1.917821315E-01 2.966034555E-01 3.987342965E-01
 4.977141085E-01 5.930431701E-01 6.841980208E-01 7.706524271E-01-1.726100198E+00
-1.779535313E+00-1.833635913E+00-1.888371144E+00-1.943722912E+00-1.999635870E+00
-2.056144889E+00-2.113297655E+00-2.171115466E+00-2.229606516E+00-2.288773268E+00
-2.348615294E+00-2.409130754E+00-2.470317149E+00-2.532171745E+00-2.594691870E+00
-2.657875197E+00-2.721719906E+00-2.786224833E+00-2.851389630E+00-2.917214918E+00
-2.983702458E+00-3.050855294E+00-3.118677921E+00-3.187176113E+00-3.256356227E+00
-3.326222621E+00-3.396769755E+00-3.467960152E+00-3.539664742E+00-3.609945982E+00
-3.678813581E+00-3.746228900E+00-3.812137567E+00-3.876480656E+00-3.939198602E+00
-4.000232266E+00-4.059523399E+00-4.117014608E+00-4.172649406E+00-4.226372066E+00
-4.278127693E+00-4.327862048E+00-4.375521633E+00-4.421053567E+00-4.464405550E+00
-4.505525808E+00-4.544363048E+00-4.580866406E+00-4.614985365E+00-4.646669700E+00
-4.675869359E+00-4.702534525E+00-4.726615377E+00-4.748062137E+00-4.766825005E+00
-4.782853949E+00-4.796098821E+00-4.806509163E+00-4.814034167E+00-4.818622660E+00
-4.820223001E+00-4.818783006E+00-4.814250010E+00-4.806570627E+00-4.795690951E+00
-4.781556318E+00-4.764111427E+00-4.743300199E+00-4.719065880E+00-4.691350976E+00
-4.660097279E+00-4.625245921E+00-4.586737337E+00-4.544511361E+00-4.498507283E+00
-4.448663911E+00-4.394919491E+00-4.337211820E+00-4.275478001E+00-4.209654264E+00
-4.139675463E+00-4.065474610E+00-3.986982298E+00-3.904127003E+00-3.816839300E+00
-3.725065725E+00-3.628823756E+00-3.528309725E+00-3.422879067E+00-3.316758583E+00
-3.209803485E+00-3.101921403E+00-2.993151828E+00-2.883568781E+00-2.773250931E+00
-2.662273871E+00-2.550709606E+00-2.438627679E+00-2.326096318E+00-2.213183538E+00
-2.099957797E+00-1.986488407E+00-1.872845948E+00-1.759102411E+00-1.645331398E+00
-1.531608307E+00-1.418010546E+00-1.304617831E+00-1.191512608E+00-1.078780624E+00
-9.665116966E-01-8.548007361E-01-7.437490370E-01-6.334659098E-01-5.240706306E-01
-4.156947859E-01-3.084849290E-01-2.026055294E-01-9.824206727E-02 4.395917182E-03
 1.050721735E-01 2.035219045E-01 2.994513268E-01 3.925392199E-01 4.824410871E-01
 5.687962242E-01 6.512377365E-01 7.294049683E-01-1.732078318E+00-1.786740637E+00
-1.840774897E+00-1.894214403E+00-1.946816069E+00-2.000428260E+00-2.055122898E+00
-2.110721752E+00-2.167143283E+00-2.224338215E+00-2.282272966E+00-2.340922580E+00
-2.400267388E+00-2.460291211E+00-2.520980388E+00-2.582323214E+00-2.644309633E+00
-2.706931062E+00-2.770180407E+00-2.834051895E+00-2.898541243E+00-2.963645622E+00
-3.029363734E+00-3.095695967E+00-3.162644509E+00-3.230213702E+00-3.298411239E+00
-3.367251729E+00-3.436767726E+00-3.507042920E+00-3.576150931E+00-3.643896573E+00
-3.710170151E+00-3.774892761E+00-3.837997127E+00-3.899420736E+00-3.959103579E+00
-4.016987098E+00-4.073013954E+00-4.127127878E+00-4.179273586E+00-4.229396706E+00
-4.277443737E+00-4.323361993E+00-4.367099640E+00-4.408605503E+00-4.447829104E+00
-4.484720529E+00-4.519230422E+00-4.551309857E+00-4.580910275E+00-4.607983408E+00
-4.632481179E+00-4.654355651E+00-4.673558943E+00-4.690043056E+00-4.703759917E+00
-4.714661218E+00-4.722698361E+00-4.727822400E+00-4.729983903E+00-4.729132974E+00
-4.725219117E+00-4.718191253E+00-4.707997567E+00-4.694585547E+00-4.677901965E+00
-4.657892758E+00-4.634503109E+00-4.607677345E+00-4.577359023E+00-4.543490920E+00
-4.506015023E+00-4.464872656E+00-4.420004507E+00-4.371350835E+00-4.318851552E+00
-4.262446414E+00-4.202075081E+00-4.137677077E+00-4.069191402E+00-3.996555798E+00
-3.919704673E+00-3.838565284E+00-3.753047394E+00-3.663029002E+00-3.568273805E+00
-3.468502713E+00-3.367804695E+00-3.265623607E+00-3.162263748E+00-3.057865719E+00
-2.952510187E+00-2.846270320E+00-2.739221475E+00-2.631441221E+00-2.523008208E+00
-2.414001689E+00-2.304501556E+00-2.194588592E+00-2.084344938E+00-1.973854419E+00
-1.863202771E+00-1.752477930E+00-1.641770096E+00-1.531171858E+00-1.420778256E+00
-1.310686850E+00-1.200997832E+00-1.091814189E+00-9.832419698E-01-8.753906804E-01
-7.683738375E-01-6.623097135E-01-5.573222699E-01-4.535423200E-01-3.511088833E-01
-2.501706796E-01-1.508877262E-01-5.343289024E-02 4.200677154E-02 1.352290870E-01
 2.260165367E-01 3.141369993E-01 3.993457506E-01 4.813889226E-01 5.600085240E-01
 6.349488944E-01 7.059643527E-01-1.735132434E+00-1.790039326E+00-1.843869948E+00
-1.896533644E+00-1.948243856E+00-2.000489628E+00-2.053803178E+00-2.108093996E+00
-2.163275698E+00-2.219283158E+00-2.276066616E+00-2.333586851E+00-2.391811950E+00
-2.450715230E+00-2.510273943E+00-2.570468401E+00-2.631281379E+00-2.692697916E+00
-2.754704972E+00-2.817291405E+00-2.880447837E+00-2.944166691E+00-3.008442018E+00
-3.073269653E+00-3.138646824E+00-3.204571961E+00-3.271043612E+00-3.338057824E+00
-3.405600994E+00-3.473629813E+00-3.542013777E+00-3.608777636E+00-3.673936911E+00
-3.737457129E+00-3.799286846E+00-3.859369439E+00-3.917647070E+00-3.974062187E+00
-4.028558112E+00-4.081079098E+00-4.131570480E+00-4.179978605E+00-4.226250940E+00
-4.270335864E+00-4.312182746E+00-4.351741824E+00-4.388964152E+00-4.423801500E+00
-4.456206278E+00-4.486131457E+00-4.513530455E+00-4.538357038E+00-4.560565262E+00
-4.580109340E+00-4.596943482E+00-4.611021960E+00-4.622298810E+00-4.630727895E+00
-4.636262729E+00-4.638856421E+00-4.638461592E+00-4.635030264E+00-4.628513802E+00
-4.618862871E+00-4.606027341E+00-4.589956271E+00-4.570597866E+00-4.547899399E+00
-4.521807275E+00-4.492266926E+00-4.459222896E+00-4.422618757E+00-4.382397174E+00
-4.338499994E+00-4.290868274E+00-4.239442699E+00-4.184163801E+00-4.124972518E+00
-4.061810602E+00-3.994621124E+00-3.923348955E+00-3.847941428E+00-3.768348221E+00
-3.684529282E+00-3.596426012E+00-3.504154037E+00-3.407039516E+00-3.309104332E+00
-3.210180468E+00-3.110155690E+00-3.009048349E+00-2.906914483E+00-2.803820944E+00
-2.699840163E+00-2.595048875E+00-2.489527435E+00-2.383359341E+00-2.276630898E+00
-2.169431242E+00-2.061852374E+00-1.953989320E+00-1.845940252E+00-1.737806676E+00
-1.629693404E+00-1.521708571E+00-1.413963553E+00-1.306572828E+00-1.199653795E+00
-1.093326576E+00-9.877138256E-01-8.829405694E-01-7.791341135E-01-6.764240407E-01
-5.749423192E-01-4.748235524E-01-3.762053628E-01-2.792288955E-01-1.840394251E-01
-9.078699673E-02 3.729880310E-04 8.927933625E-02 1.757649276E-01 2.596570234E-01
 3.407781700E-01 4.189478298E-01 4.939848185E-01 5.657105642E-01 6.339531272E-01
 6.985517974E-01-1.736651792E+00-1.791569641E+00-1.845138311E+00-1.897281178E+00
-1.948128368E+00-1.999468393E+00-2.051814538E+00-2.105102084E+00-2.159268889E+00
-2.214259358E+00-2.270024817E+00-2.326522965E+00-2.383716811E+00-2.441573802E+00
-2.500065027E+00-2.559164714E+00-2.618849785E+00-2.679099604E+00-2.739895723E+00
-2.801221904E+00-2.863063906E+00-2.925409500E+00-2.988248476E+00-3.051572617E+00
-3.115375704E+00-3.179653744E+00-3.244405304E+00-3.309633019E+00-3.375347662E+00
-3.441580102E+00-3.508415560E+00-3.573887194E+00-3.637798638E+00-3.700041204E+00
-3.760537752E+00-3.819222749E+00-3.876035466E+00-3.930917578E+00-3.983812368E+00
-4.034664476E+00-4.083419898E+00-4.130025869E+00-4.174430884E+00-4.216584681E+00
-4.256438098E+00-4.293943042E+00-4.329052407E+00-4.361719978E+00-4.391900277E+00
-4.419548543E+00-4.444620498E+00-4.467072332E+00-4.486860562E+00-4.503941860E+00
-4.518273035E+00-4.529810779E+00-4.538511687E+00-4.544332083E+00-4.547227884E+00
-4.547154599E+00-4.544067081E+00-4.537919540E+00-4.528665434E+00-4.516257365E+00
-4.500647026E+00-4.481785160E+00-4.459621464E+00-4.434104648E+00-4.405182353E+00
-4.372801099E+00-4.336906397E+00-4.297442538E+00-4.254352631E+00-4.207578486E+00
-4.157060711E+00-4.102739026E+00-4.044552972E+00-3.982443042E+00-3.916351416E+00
-3.846223294E+00-3.772006630E+00-3.693659181E+00-3.611117700E+00-3.524477251E+00
-3.433029212E+00-3.340535504E+00-3.246400183E+00-3.150890652E+00-3.054129686E+00
-2.956186422E+00-2.857124282E+00-2.757010428E+00-2.655916631E+00-2.553919161E+00
-2.451098627E+00-2.347539997E+00-2.243332543E+00-2.138569874E+00-2.033350098E+00
-1.927775901E+00-1.821954693E+00-1.715998697E+00-1.610024971E+00-1.504155332E+00
-1.398516182E+00-1.293238221E+00-1.188456043E+00-1.084307637E+00-9.809337893E-01
-8.784774314E-01-7.770829478E-01-6.768954948E-01-5.780603410E-01-4.807223075E-01
-3.850252794E-01-2.911118610E-01-1.991231588E-01-1.091986676E-01-2.147627283E-02
 6.390772958E-02 1.468186253E-01 2.271233855E-01 3.046909619E-01 3.793928789E-01
 4.511041672E-01 5.197047233E-01 5.850810804E-01 6.471285689E-01 7.057537985E-01
-1.736990648E+00-1.791822871E+00-1.845119294E+00-1.896851459E+00-1.946889354E+00
-1.997570381E+00-2.049201334E+00-2.101716332E+00-2.155069528E+00-2.209215502E+00
-2.264110597E+00-2.319713694E+00-2.375986408E+00-2.432893182E+00-2.490401113E+00
-2.548479914E+00-2.607101664E+00-2.666240803E+00-2.725874098E+00-2.785980448E+00
-2.846540999E+00-2.907539106E+00-2.968960274E+00-3.030792238E+00-3.093024902E+00
-3.155650303E+00-3.218662278E+00-3.282055654E+00-3.345823803E+00-3.409951496E+00
-3.474394475E+00-3.539020567E+00-3.601814104E+00-3.662794112E+00-3.721928523E+00
-3.779167809E+00-3.834456880E+00-3.887739427E+00-3.938959662E+00-3.988062904E+00
-4.034995942E+00-4.079707020E+00-4.122145971E+00-4.162264022E+00-4.200013855E+00
-4.235349409E+00-4.268225788E+00-4.298599181E+00-4.326426646E+00-4.351666040E+00
-4.374275914E+00-4.394215247E+00-4.411443444E+00-4.425920102E+00-4.437604919E+00
-4.446457550E+00-4.452437459E+00-4.455503798E+00-4.455615313E+00-4.452730131E+00
-4.446805738E+00-4.437798846E+00-4.425665176E+00-4.410359563E+00-4.391835635E+00
-4.370045957E+00-4.344941855E+00-4.316473431E+00-4.284589608E+00-4.249238107E+00
-4.210365484E+00-4.167917038E+00-4.121836479E+00-4.072065403E+00-4.018542696E+00
-3.961204412E+00-3.899985716E+00-3.834823225E+00-3.765655726E+00-3.692431075E+00
-3.615075485E+00-3.533666367E+00-3.447493935E+00-3.360188675E+00-3.271126605E+00
-3.180505913E+00-3.088381747E+00-2.994847253E+00-2.899991217E+00-2.803893240E+00
-2.706628642E+00-2.608272529E+00-2.508902079E+00-2.408597844E+00-2.307444598E+00
-2.205531981E+00-2.102954882E+00-1.999813907E+00-1.896215721E+00-1.792273288E+00
-1.688106151E+00-1.583840540E+00-1.479609383E+00-1.375552173E+00-1.271814657E+00
-1.168548332E+00-1.065909755E+00-9.640596562E-01-8.631618519E-01-7.633820266E-01
-6.648863859E-01-5.678402403E-01-4.724065866E-01-3.787447380E-01-2.870090472E-01
-1.973478096E-01-1.099023342E-01-2.480625121E-02 5.781498306E-02 1.378443699E-01
 2.151734951E-01 2.897025464E-01 3.613402752E-01 4.300039911E-01 4.956196252E-01
 5.581219596E-01 6.174550195E-01 6.735726776E-01 7.264394408E-01-1.735809096E+00
-1.790349765E+00-1.843379378E+00-1.894780278E+00-1.944799585E+00-1.995037417E+00
-2.046120094E+00-2.098032985E+00-2.150738325E+00-2.204196042E+00-2.258365423E+00
-2.313206087E+00-2.368678621E+00-2.424745104E+00-2.481369359E+00-2.538517127E+00
-2.596156221E+00-2.654256590E+00-2.712790309E+00-2.771731781E+00-2.831057639E+00
-2.890746818E+00-2.950780736E+00-3.011143194E+00-3.071820609E+00-3.132802090E+00
-3.194079731E+00-3.255649271E+00-3.317511696E+00-3.379677547E+00-3.442179264E+00
-3.505106096E+00-3.566452003E+00-3.626020559E+00-3.683704493E+00-3.739427554E+00
-3.793124734E+00-3.844735864E+00-3.894203668E+00-3.941473248E+00-3.986491900E+00
-4.029208952E+00-4.069575748E+00-4.107545395E+00-4.143072803E+00-4.176114353E+00
-4.206627842E+00-4.234572346E+00-4.259907986E+00-4.282595776E+00-4.302597484E+00
-4.319875499E+00-4.334392540E+00-4.346111654E+00-4.354995909E+00-4.361008332E+00
-4.364111740E+00-4.364268559E+00-4.361440714E+00-4.355589470E+00-4.346675258E+00
-4.334657600E+00-4.319494931E+00-4.301144429E+00-4.279562010E+00-4.254702098E+00
-4.226517666E+00-4.194960174E+00-4.159979707E+00-4.121525127E+00-4.079544349E+00
-4.033984667E+00-3.984792329E+00-3.931910871E+00-3.875277586E+00-3.814818203E+00
-3.750454884E+00-3.682118239E+00-3.609719211E+00-3.533316938E+00-3.452205201E+00
-3.369898068E+00-3.285769772E+00-3.199990425E+00-3.112587117E+00-3.023622475E+00
-2.933159958E+00-2.841268880E+00-2.748020974E+00-2.653488498E+00-2.557744465E+00
-2.460863729E+00-2.362924166E+00-2.264007665E+00-2.164201113E+00-2.063597171E+00
-1.962295070E+00-1.860401221E+00-1.758029856E+00-1.655303512E+00-1.552353455E+00
-1.449319956E+00-1.346352374E+00-1.243609048E+00-1.141256900E+00-1.039470762E+00
-9.384323781E-01-8.383290782E-01-7.393521204E-01-6.416947455E-01-5.455500003E-01
-4.511083934E-01-3.585554765E-01-2.680694693E-01-1.798190283E-01-9.396123175E-02
-1.063990643E-02 7.001568426E-02 1.478917335E-01 2.228903629E-01 2.949296833E-01
 3.639434981E-01 4.298806768E-01 4.927043039E-01 5.523906832E-01 6.089282580E-01
 6.623165904E-01 7.125654273E-01 7.596939499E-01-1.734328892E+00-1.788703912E+00
-1.841498390E+00-1.892613520E+00-1.942216163E+00-1.992064321E+00-2.042727812E+00
-2.094179100E+00-2.146381661E+00-2.199296022E+00-2.252881066E+00-2.307094918E+00
-2.361895801E+00-2.417242635E+00-2.473095466E+00-2.529415887E+00-2.586167313E+00
-2.643315100E+00-2.700826732E+00-2.758671961E+00-2.816822846E+00-2.875253924E+00
-2.933942273E+00-2.992867604E+00-3.052012363E+00-3.111361899E+00-3.170904451E+00
-3.230631183E+00-3.290535449E+00-3.350610718E+00-3.410843660E+00-3.471193348E+00
-3.531531294E+00-3.589806502E+00-3.646044842E+00-3.700214300E+00-3.752262909E+00
-3.802133603E+00-3.849769722E+00-3.895116836E+00-3.938123170E+00-3.978739601E+00
-4.016919491E+00-4.052618425E+00-4.085794026E+00-4.116405777E+00-4.144414768E+00
-4.169783543E+00-4.192475848E+00-4.212456531E+00-4.229691219E+00-4.244146195E+00
-4.255788169E+00-4.264584102E+00-4.270501035E+00-4.273505929E+00-4.273565398E+00
-4.270645666E+00-4.264712340E+00-4.255730231E+00-4.243663278E+00-4.228474217E+00
-4.210124587E+00-4.188574411E+00-4.163782068E+00-4.135704075E+00-4.104294992E+00
-4.069507308E+00-4.031291513E+00-3.989596587E+00-3.944370929E+00-3.895564952E+00
-3.843133625E+00-3.787034336E+00-3.727222015E+00-3.663583131E+00-3.595984659E+00
-3.524450317E+00-3.448270358E+00-3.370844371E+00-3.291550212E+00-3.210539817E+00
-3.127824969E+00-3.043450408E+00-2.957460529E+00-2.869905343E+00-2.780838970E+00
-2.690319369E+00-2.598407751E+00-2.505168080E+00-2.410667383E+00-2.314976152E+00
-2.218169224E+00-2.120326585E+00-2.021534389E+00-1.921885809E+00-1.821482109E+00
-1.720433486E+00-1.618860002E+00-1.516892394E+00-1.414672787E+00-1.312355243E+00
-1.210106087E+00-1.108103941E+00-1.006539396E+00-9.056142389E-01-8.055402004E-01
-7.065371416E-01-6.088307289E-01-5.126495546E-01-4.182218547E-01-3.257718848E-01
-2.355161345E-01-1.476595769E-01-6.239209655E-02 2.011468340E-02 9.971006638E-02
 1.762663084E-01 2.496799452E-01 3.198723798E-01 3.867897426E-01 4.504020435E-01
 5.107017060E-01 5.677015424E-01 6.214323507E-01 6.719402292E-01 7.192838228E-01
 7.635316512E-01 8.047596747E-01-1.732498518E+00-1.786781257E+00-1.839369854E+00
-1.890254011E+00-1.939240781E+00-1.988787527E+00-2.039152318E+00-2.090275087E+00
-2.142115817E+00-2.194631590E+00-2.247777392E+00-2.301507183E+00-2.355774671E+00
-2.410534068E+00-2.465740651E+00-2.521351073E+00-2.577323828E+00-2.633619291E+00
-2.690200102E+00-2.747031131E+00-2.804079745E+00-2.861315795E+00-2.918711823E+00
-2.976243161E+00-3.033888069E+00-3.091627945E+00-3.149447596E+00-3.207335726E+00
-3.265285979E+00-3.323299092E+00-3.381388435E+00-3.439594060E+00-3.498020739E+00
-3.554641215E+00-3.609277993E+00-3.661807175E+00-3.712136720E+00-3.760193207E+00
-3.805914126E+00-3.849244000E+00-3.890132255E+00-3.928531997E+00-3.964399435E+00
-3.997693412E+00-4.028375095E+00-4.056407784E+00-4.081756601E+00-4.104388352E+00
-4.124271142E+00-4.141374317E+00-4.155668075E+00-4.167123330E+00-4.175711444E+00
-4.181403950E+00-4.184172482E+00-4.183988437E+00-4.180822868E+00-4.174646320E+00
-4.165428623E+00-4.153138754E+00-4.137744606E+00-4.119212850E+00-4.097508645E+00
-4.072595485E+00-4.044434829E+00-4.012985791E+00-3.978204753E+00-3.940044609E+00
-3.898454998E+00-3.853381470E+00-3.804763433E+00-3.752546126E+00-3.696700349E+00
-3.637214882E+00-3.574295239E+00-3.507613985E+00-3.436360050E+00-3.363797575E+00
-3.289309824E+00-3.213039762E+00-3.134994442E+00-3.055211164E+00-2.973724460E+00
-2.890572288E+00-2.805794876E+00-2.719435242E+00-2.631539250E+00-2.542155770E+00
-2.451336753E+00-2.359137481E+00-2.265617074E+00-2.170838973E+00-2.074871909E+00
-1.977790716E+00-1.879677485E+00-1.780622685E+00-1.680726388E+00-1.580099538E+00
-1.478865246E+00-1.377160049E+00-1.275135103E+00-1.172957218E+00-1.070809672E+00
-9.688926480E-01-8.674232194E-01-7.666347120E-01-6.667753143E-01-5.681058585E-01
-4.708966619E-01-3.754234826E-01-2.819626624E-01-1.907856559E-01-1.021532162E-01
-1.630957380E-02 6.652307161E-02 1.461494315E-01 2.224051452E-01 2.951597561E-01
 3.643185780E-01 4.298233572E-01 4.916518004E-01 5.498159427E-01 6.043594602E-01
 6.553540349E-01 7.028949617E-01 7.470962383E-01 7.880854616E-01 8.259988257E-01
 8.609765846E-01-1.729424232E+00-1.783420480E+00-1.835847357E+00-1.886583928E+00
-1.935858076E+00-1.985288030E+00-2.035484086E+00-2.086421027E+00-2.138051826E+00
-2.190325907E+00-2.243190818E+00-2.296593271E+00-2.350480191E+00-2.404799319E+00
-2.459499828E+00-2.514532540E+00-2.569850309E+00-2.625408219E+00-2.681163582E+00
-2.737076191E+00-2.793108396E+00-2.849225124E+00-2.905394112E+00-2.961585888E+00
-3.017773982E+00-3.073934967E+00-3.130048595E+00-3.186097852E+00-3.242068922E+00
-3.297950799E+00-3.353734162E+00-3.409407521E+00-3.464945880E+00-3.520276767E+00
-3.573482541E+00-3.624424966E+00-3.673020662E+00-3.719206884E+00-3.762929863E+00
-3.804140806E+00-3.842794505E+00-3.878848758E+00-3.912264191E+00-3.943004044E+00
-3.971034021E+00-3.996322109E+00-4.018838334E+00-4.038554558E+00-4.055444177E+00
-4.069481885E+00-4.080643325E+00-4.088904836E+00-4.094243167E+00-4.096635239E+00
-4.096057819E+00-4.092487460E+00-4.085900174E+00-4.076271449E+00-4.063575900E+00
-4.047787233E+00-4.028878048E+00-4.006819571E+00-3.981581514E+00-3.953131712E+00
-3.921435731E+00-3.886457008E+00-3.848155682E+00-3.806484803E+00-3.761395540E+00
-3.712837359E+00-3.660698201E+00-3.604848781E+00-3.545302740E+00-3.481379651E+00
-3.416187338E+00-3.348996853E+00-3.279541254E+00-3.208108313E+00-3.134773232E+00
-3.059603424E+00-2.982645221E+00-2.903938267E+00-2.823518430E+00-2.741420396E+00
-2.657678907E+00-2.572329597E+00-2.485409730E+00-2.396958602E+00-2.307018223E+00
-2.215633683E+00-2.122854007E+00-2.028732869E+00-1.933329529E+00-1.836710071E+00
-1.738948563E+00-1.640128533E+00-1.540344534E+00-1.439703851E+00-1.338328316E+00
-1.236356215E+00-1.133944194E+00-1.031269116E+00-9.285297276E-01-8.259479762E-01
-7.237697813E-01-6.222649990E-01-5.217263272E-01-4.224668639E-01-3.248161470E-01
-2.291145439E-01-1.357061413E-01-4.493038951E-02 4.288694873E-02 1.274429307E-01
 2.084659914E-01 2.857233725E-01 3.590270644E-01 4.282380282E-01 4.932686793E-01
 5.540836194E-01 6.106986776E-01 6.631782309E-01 7.116308861E-01 7.562035668E-01
 7.970742406E-01 8.344436471E-01 8.685265918E-01 8.995434765E-01 9.277126857E-01
-1.726190273E+00-1.780050313E+00-1.832362696E+00-1.883017695E+00-1.932196196E+00
-1.981591779E+00-2.031772603E+00-2.082692609E+00-2.134291416E+00-2.186505855E+00
-2.239271806E+00-2.292525675E+00-2.346205240E+00-2.400250201E+00-2.454602483E+00
-2.509206417E+00-2.564008830E+00-2.618959034E+00-2.674008913E+00-2.729112933E+00
-2.784228210E+00-2.839314616E+00-2.894334732E+00-2.949254126E+00-3.004041309E+00
-3.058667817E+00-3.113108266E+00-3.167340158E+00-3.221343574E+00-3.275100163E+00
-3.328591228E+00-3.381793727E+00-3.434672318E+00-3.487164548E+00-3.539155684E+00
-3.588529567E+00-3.635334096E+00-3.679559117E+00-3.721174015E+00-3.760141838E+00
-3.796424684E+00-3.829986026E+00-3.860791549E+00-3.888809570E+00-3.914011023E+00
-3.936369439E+00-3.955860617E+00-3.972462466E+00-3.986154680E+00-3.996918345E+00
-4.004735576E+00-4.009589149E+00-4.011462165E+00-4.010337592E+00-4.006198184E+00
-3.999026096E+00-3.988802937E+00-3.975509564E+00-3.959125999E+00-3.939631294E+00
-3.917003361E+00-3.891218655E+00-3.862252509E+00-3.830078591E+00-3.794666090E+00
-3.755986406E+00-3.714017080E+00-3.668692656E+00-3.619965157E+00-3.567999172E+00
-3.512472847E+00-3.452616985E+00-3.391446383E+00-3.328360620E+00-3.263448792E+00
-3.196652728E+00-3.127934760E+00-3.057328933E+00-2.984874060E+00-2.910608642E+00
-2.834567134E+00-2.756780556E+00-2.677277356E+00-2.596084313E+00-2.513227546E+00
-2.428733099E+00-2.342627751E+00-2.254939521E+00-2.165698406E+00-2.074937074E+00
-1.982691626E+00-1.889002613E+00-1.793916101E+00-1.697484959E+00-1.599770366E+00
-1.500843517E+00-1.400787600E+00-1.299699999E+00-1.197694772E+00-1.094905375E+00
-9.914875862E-01-8.876225957E-01-7.835200839E-01-6.794211413E-01-5.756007067E-01
-4.723691150E-01-3.700722660E-01-2.690897719E-01-1.698305199E-01-7.272521888E-02
 2.178413642E-02 1.132574091E-01 2.012710417E-01 2.854329534E-01 3.653961691E-01
 4.408701304E-01 5.116291358E-01 5.775178716E-01 6.384543568E-01 6.944305481E-01
 7.455108183E-01 7.918281993E-01 8.335781952E-01 8.710098915E-01 9.044144399E-01
 9.341113619E-01 9.604337434E-01 9.837137940E-01 1.004270231E+00-1.722583351E+00
-1.776434391E+00-1.828663613E+00-1.879322862E+00-1.928146562E+00-1.977656703E+00
-2.028023684E+00-2.079143197E+00-2.130932462E+00-2.183308933E+00-2.236192349E+00
-2.289505918E+00-2.343176706E+00-2.397135612E+00-2.451317085E+00-2.505658884E+00
-2.560101833E+00-2.614589619E+00-2.669068725E+00-2.723488227E+00-2.777800011E+00
-2.831958580E+00-2.885921362E+00-2.939648692E+00-2.993104006E+00-3.046253916E+00
-3.099068484E+00-3.151521262E+00-3.203589500E+00-3.255254480E+00-3.306502309E+00
-3.357326126E+00-3.407732094E+00-3.457755363E+00-3.507501113E+00-3.554849752E+00
-3.599612955E+00-3.641698796E+00-3.681049434E+00-3.717620089E+00-3.751372277E+00
-3.782271895E+00-3.810288617E+00-3.835395665E+00-3.857569650E+00-3.876790381E+00
-3.893040437E+00-3.906304938E+00-3.916571114E+00-3.923827784E+00-3.928064891E+00
-3.929272980E+00-3.927442574E+00-3.922563754E+00-3.914625686E+00-3.903616687E+00
-3.889524161E+00-3.872334796E+00-3.852034273E+00-3.828607806E+00-3.802039527E+00
-3.772309785E+00-3.739401589E+00-3.703304338E+00-3.663966799E+00-3.621354829E+00
-3.575636836E+00-3.526514256E+00-3.473251629E+00-3.418701990E+00-3.362182779E+00
-3.303443546E+00-3.242745301E+00-3.180144742E+00-3.115683859E+00-3.049379471E+00
-2.981242896E+00-2.911292172E+00-2.839548537E+00-2.766033907E+00-2.690769132E+00
-2.613773376E+00-2.535064019E+00-2.454656933E+00-2.372566920E+00-2.288808089E+00
-2.203394486E+00-2.116340587E+00-2.027661971E+00-1.937375969E+00-1.845502607E+00
-1.752065497E+00-1.657093037E+00-1.560619797E+00-1.462688163E+00-1.363350292E+00
-1.262670411E+00-1.160727531E+00-1.057618593E+00-9.534621387E-01-8.484024900E-01
-7.426144576E-01-6.363085318E-01-5.297363851E-01-4.231964025E-01-3.170386810E-01
-2.116686566E-01-1.075480988E-01-5.191963092E-03 9.484051934E-02 1.919614416E-01
 2.855761196E-01 3.751090126E-01 4.600299839E-01 5.398770801E-01 6.142734425E-01
 6.829379316E-01 7.456905763E-01 8.024545268E-01 8.532558588E-01 8.982217680E-01
 9.375767563E-01 9.716356908E-01 1.000792162E+00 1.025501066E+00 1.046255528E+00
 1.063560291E+00 1.077905356E+00 1.089744010E+00-1.717209347E+00-1.770737804E+00
-1.822970748E+00-1.873798086E+00-1.923399396E+00-1.973361406E+00-2.024204155E+00
-2.075819607E+00-2.128089581E+00-2.180904595E+00-2.234165110E+00-2.287780615E+00
-2.341668252E+00-2.395751385E+00-2.449958281E+00-2.504221293E+00-2.558476127E+00
-2.612661514E+00-2.666718799E+00-2.720591942E+00-2.774227463E+00-2.827574478E+00
-2.880584853E+00-2.933213401E+00-2.985418093E+00-3.037160310E+00-3.088405116E+00
-3.139121583E+00-3.189283244E+00-3.238868280E+00-3.287860064E+00-3.336246951E+00
-3.384020880E+00-3.431170846E+00-3.477661697E+00-3.523369614E+00-3.566129916E+00
-3.605991878E+00-3.642945949E+00-3.676963604E+00-3.708013008E+00-3.736064551E+00
-3.761092695E+00-3.783076376E+00-3.801998835E+00-3.817847203E+00-3.830612219E+00
-3.840287662E+00-3.846869929E+00-3.850357392E+00-3.850749780E+00-3.848047305E+00
-3.842249794E+00-3.833355502E+00-3.821360340E+00-3.806258226E+00-3.788042433E+00
-3.766705755E+00-3.742238057E+00-3.714632595E+00-3.683889157E+00-3.649969260E+00
-3.612850677E+00-3.572704025E+00-3.529253586E+00-3.481804747E+00-3.433086162E+00
-3.382446660E+00-3.329639028E+00-3.274891704E+00-3.218222397E+00-3.159631438E+00
-3.099165835E+00-3.036864944E+00-2.972759671E+00-2.906872241E+00-2.839219435E+00
-2.769815729E+00-2.698674007E+00-2.625805586E+00-2.551219942E+00-2.474924554E+00
-2.396924828E+00-2.317224233E+00-2.235824531E+00-2.152726073E+00-2.067928161E+00
-1.981429534E+00-1.893228799E+00-1.803325175E+00-1.711719140E+00-1.618413380E+00
-1.523413873E+00-1.426731249E+00-1.328382422E+00-1.228392623E+00-1.126797873E+00
-1.023647989E+00-9.190102857E-01-8.129740357E-01-7.056558876E-01-5.972063632E-01
-4.878176102E-01-3.777324692E-01-2.672548728E-01-1.567612133E-01-4.671180900E-02
 6.233945326E-02 1.697406939E-01 2.747478549E-01 3.765461082E-01 4.742891651E-01
 5.671516922E-01 6.543826907E-01 7.353467601E-01 8.095470314E-01 8.766322682E-01
 9.363949664E-01 9.887669143E-01 1.033816145E+00 1.071746370E+00 1.102897720E+00
 1.127745321E+00 1.146890252E+00 1.161036662E+00 1.170951505E+00 1.177410568E+00
 1.181142877E+00 1.182788138E+00-1.710754688E+00-1.763975242E+00-1.816230791E+00
-1.867432227E+00-1.917695317E+00-1.968509520E+00-2.020279543E+00-2.072814364E+00
-2.125946215E+00-2.179538621E+00-2.233478093E+00-2.287666909E+00-2.342018126E+00
-2.396452180E+00-2.450894721E+00-2.505275197E+00-2.559525924E+00-2.613581697E+00
-2.667379366E+00-2.720857932E+00-2.773958450E+00-2.826624299E+00-2.878801340E+00
-2.930438184E+00-2.981486602E+00-3.031901794E+00-3.081642931E+00-3.130673547E+00
-3.178962154E+00-3.226482940E+00-3.273216819E+00-3.319152922E+00-3.364291673E+00
-3.408650940E+00-3.452281567E+00-3.495307471E+00-3.535593116E+00-3.572969318E+00
-3.607331712E+00-3.638612692E+00-3.666766934E+00-3.691762951E+00-3.713578884E+00
-3.732199989E+00-3.747617409E+00-3.759827250E+00-3.768829957E+00-3.774629871E+00
-3.777234588E+00-3.776654533E+00-3.772902010E+00-3.765990234E+00-3.755932033E+00
-3.742737077E+00-3.726406101E+00-3.706934048E+00-3.684319601E+00-3.658569658E+00
-3.629656703E+00-3.597570234E+00-3.562484412E+00-3.524148382E+00-3.481911554E+00
-3.438387482E+00-3.392966096E+00-3.345420448E+00-3.295974948E+00-3.244649301E+00
-3.191442558E+00-3.136394170E+00-3.079533805E+00-3.020885877E+00-2.960476700E+00
-2.898330652E+00-2.834468155E+00-2.768904983E+00-2.701652606E+00-2.632718854E+00
-2.562108338E+00-2.489822646E+00-2.415860482E+00-2.340217678E+00-2.262887200E+00
-2.183859283E+00-2.103121583E+00-2.020659297E+00-1.936455426E+00-1.850491103E+00
-1.762745873E+00-1.673198166E+00-1.581825842E+00-1.488606860E+00-1.393520172E+00
-1.296546811E+00-1.197671330E+00-1.096883589E+00-9.941810912E-01-8.895719111E-01
-7.830784667E-01-6.747422909E-01-5.646301284E-01-4.528416767E-01-3.395194740E-01
-2.248614738E-01-1.091371066E-01 7.292390242E-03 1.239487053E-01 2.402066151E-01
 3.552631493E-01 4.681167909E-01 5.775794251E-01 6.823485423E-01 7.811402253E-01
 8.728300814E-01 9.565363643E-01 1.031631302E+00 1.097712643E+00 1.154569015E+00
 1.202155749E+00 1.240585666E+00 1.270134337E+00 1.291257506E+00 1.304615609E+00
 1.311093757E+00 1.311793677E+00 1.307966655E+00 1.300879262E+00 1.291660776E+00
 1.281206760E+00-1.702272911E+00-1.754849193E+00-1.807079829E+00-1.859124805E+00
-1.910425996E+00-1.962940872E+00-2.016374154E+00-2.070406810E+00-2.124859175E+00
-2.179603922E+00-2.234539884E+00-2.289579920E+00-2.344644778E+00-2.399659720E+00
-2.454552664E+00-2.509253251E+00-2.563692324E+00-2.617801655E+00-2.671514026E+00
-2.724763341E+00-2.777484822E+00-2.829615435E+00-2.881094104E+00-2.931862270E+00
-2.981864282E+00-3.031047881E+00-3.079364758E+00-3.126771026E+00-3.173227928E+00
-3.218702292E+00-3.263167222E+00-3.306602624E+00-3.348995419E+00-3.390338843E+00
-3.430629041E+00-3.469853262E+00-3.507954093E+00-3.542917451E+00-3.574627945E+00
-3.603032075E+00-3.628100698E+00-3.649816451E+00-3.668169725E+00-3.683157127E+00
-3.694780828E+00-3.703048133E+00-3.707971250E+00-3.709566862E+00-3.707855898E+00
-3.702863604E+00-3.694618951E+00-3.683152185E+00-3.668499156E+00-3.650700825E+00
-3.629751767E+00-3.605614062E+00-3.578275734E+00-3.547908717E+00-3.514285619E+00
-3.476800944E+00-3.437959925E+00-3.397198010E+00-3.354314992E+00-3.309539911E+00
-3.262905320E+00-3.214422264E+00-3.164138334E+00-3.112089531E+00-3.058304515E+00
-3.002811964E+00-2.945637689E+00-2.886804185E+00-2.826331084E+00-2.764234583E+00
-2.700526987E+00-2.635216299E+00-2.568306220E+00-2.499796285E+00-2.429681940E+00
-2.357954738E+00-2.284602392E+00-2.209608800E+00-2.132954120E+00-2.054614829E+00
-1.974563740E+00-1.892770066E+00-1.809199483E+00-1.723814237E+00-1.636573252E+00
-1.547432293E+00-1.456344206E+00-1.363259233E+00-1.268125476E+00-1.170889533E+00
-1.071497402E+00-9.698957088E-01-8.660334001E-01-7.598640388E-01-6.513489013E-01
-5.404611253E-01-4.271912778E-01-3.115547812E-01-1.936018951E-01-7.343123181E-02
 4.879165016E-02 1.728080678E-01 2.982282151E-01 4.244741694E-01 5.506926159E-01
 6.756265678E-01 7.974737124E-01 9.139144930E-01 1.022585729E+00 1.121691442E+00
 1.210134248E+00 1.287310578E+00 1.352912929E+00 1.406818415E+00 1.449039969E+00
 1.479716519E+00 1.499131535E+00 1.507759643E+00 1.506348924E+00 1.496049714E+00
 1.478571393E+00 1.456203739E+00 1.431384483E+00 1.406011712E+00 1.381216869E+00
-1.689711869E+00-1.740148209E+00-1.792314195E+00-1.846206543E+00-1.901479149E+00
-1.957268615E+00-2.013228678E+00-2.069313686E+00-2.125486743E+00-2.181701500E+00
-2.237905174E+00-2.294040252E+00-2.350045697E+00-2.405857467E+00-2.461409118E+00
-2.516632230E+00-2.571456811E+00-2.625811709E+00-2.679625190E+00-2.732825248E+00
-2.785340343E+00-2.837099709E+00-2.888034073E+00-2.938076197E+00-2.987161437E+00
-3.035228388E+00-3.082219499E+00-3.128081678E+00-3.172766868E+00-3.216232673E+00
-3.258442799E+00-3.299367230E+00-3.338982173E+00-3.377268675E+00-3.414209356E+00
-3.449781041E+00-3.483939801E+00-3.516594660E+00-3.545535964E+00-3.570858873E+00
-3.592595516E+00-3.610757362E+00-3.625352473E+00-3.636391410E+00-3.643888938E+00
-3.647864628E+00-3.648343651E+00-3.645356526E+00-3.638936949E+00-3.629127106E+00
-3.615981561E+00-3.599532036E+00-3.579839529E+00-3.557157882E+00-3.531425088E+00
-3.502363181E+00-3.469392919E+00-3.434914455E+00-3.398414159E+00-3.359725871E+00
-3.319091438E+00-3.276564321E+00-3.232176086E+00-3.185991607E+00-3.138063028E+00
-3.088433794E+00-3.037145487E+00-2.984235117E+00-2.929734832E+00-2.873672496E+00
-2.816071593E+00-2.756951153E+00-2.696325708E+00-2.634205199E+00-2.570594721E+00
-2.505494624E+00-2.438900277E+00-2.370802242E+00-2.301186336E+00-2.230033628E+00
-2.157320515E+00-2.083018765E+00-2.007095516E+00-1.929513166E+00-1.850229463E+00
-1.769197296E+00-1.686364634E+00-1.601674377E+00-1.515064200E+00-1.426466371E+00
-1.335807568E+00-1.243008714E+00-1.147984847E+00-1.050645060E+00-9.508925855E-01
-8.486250561E-01-7.437350699E-01-6.361111812E-01-5.256394580E-01-4.122058657E-01
-2.956997395E-01-1.760187163E-01-5.307563698E-02 7.319188219E-02 2.028081506E-01
 3.357405495E-01 4.718716335E-01 6.109544329E-01 7.525311391E-01 8.957517185E-01
 1.038798841E+00 1.176399104E+00 1.301073037E+00 1.410861297E+00 1.505678943E+00
 1.585649809E+00 1.650906775E+00 1.701565201E+00 1.737723153E+00 1.759478004E+00
 1.766963669E+00 1.760406658E+00 1.740207671E+00 1.707106033E+00 1.662680731E+00
 1.611605863E+00 1.562185975E+00 1.517106154E+00 1.476309109E+00-1.679286601E+00
-1.728012123E+00-1.780273745E+00-1.836126771E+00-1.894965475E+00-1.953956360E+00
-2.012489653E+00-2.070728529E+00-2.128754469E+00-2.186590901E+00-2.244227709E+00
-2.301633813E+00-2.358764141E+00-2.415563740E+00-2.471970195E+00-2.527915493E+00
-2.583327319E+00-2.638129985E+00-2.692245536E+00-2.745594392E+00-2.798096271E+00
-2.849670915E+00-2.900238876E+00-2.949722239E+00-2.998045415E+00-3.045135795E+00
-3.090924631E+00-3.135347629E+00-3.178345747E+00-3.219865891E+00-3.259861653E+00
-3.298294220E+00-3.335133558E+00-3.370360349E+00-3.403969921E+00-3.435980819E+00
-3.466454915E+00-3.495544745E+00-3.521059972E+00-3.542871488E+00-3.560920424E+00
-3.575185988E+00-3.585672269E+00-3.592398508E+00-3.595389412E+00-3.594674201E+00
-3.590292327E+00-3.582295701E+00-3.570711917E+00-3.555586782E+00-3.537124997E+00
-3.515175051E+00-3.489246779E+00-3.461607485E+00-3.431776440E+00-3.399530729E+00
-3.364846848E+00-3.328032487E+00-3.289190461E+00-3.248390275E+00-3.205726627E+00
-3.161278264E+00-3.115112911E+00-3.067294394E+00-3.017880304E+00-2.966921622E+00
-2.914463496E+00-2.860545049E+00-2.805199455E+00-2.748453957E+00-2.690329929E+00
-2.630842912E+00-2.570002652E+00-2.507813102E+00-2.444272460E+00-2.379373246E+00
-2.313102264E+00-2.245440797E+00-2.176364603E+00-2.105843997E+00-2.033843887E+00
-1.960323792E+00-1.885237764E+00-1.808534326E+00-1.730156284E+00-1.650040523E+00
-1.568117691E+00-1.484311831E+00-1.398539906E+00-1.310711246E+00-1.220726888E+00
-1.128478834E+00-1.033849205E+00-9.367093182E-01-8.369187017E-01-7.343240742E-01
-6.287583599E-01-5.200397719E-01-4.079711264E-01-2.923394605E-01-1.729161693E-01
-4.945778818E-02 7.829242962E-02 2.106021957E-01 3.477475250E-01 4.900109713E-01
 6.376837387E-01 7.910790181E-01 9.505758076E-01 1.116750797E+00 1.290637906E+00
 1.456438838E+00 1.598211673E+00 1.718520513E+00 1.817559923E+00 1.898389873E+00
 1.962535405E+00 2.010186967E+00 2.040299524E+00 2.051093340E+00 2.044516208E+00
 2.021225594E+00 1.980704576E+00 1.921083660E+00 1.839447366E+00 1.749644850E+00
 1.675406283E+00 1.612059709E+00 1.556923355E+00-1.674814369E+00-1.723174624E+00
-1.775828303E+00-1.832866037E+00-1.894168718E+00-1.955153733E+00-2.015647994E+00
-2.075757329E+00-2.135532678E+00-2.194993478E+00-2.254133470E+00-2.312926048E+00
-2.371329030E+00-2.429287867E+00-2.486738287E+00-2.543608166E+00-2.599819125E+00
-2.655287784E+00-2.709927003E+00-2.763646854E+00-2.816355720E+00-2.867961154E+00
-2.918370979E+00-2.967494101E+00-3.015241445E+00-3.061526879E+00-3.106267992E+00
-3.149387003E+00-3.190811540E+00-3.230475333E+00-3.268319106E+00-3.304291297E+00
-3.338349102E+00-3.370459444E+00-3.400600426E+00-3.428762400E+00-3.454947554E+00
-3.479161857E+00-3.501382134E+00-3.519571167E+00-3.533685415E+00-3.543720227E+00
-3.549710619E+00-3.551719158E+00-3.549783729E+00-3.543923358E+00-3.534184028E+00
-3.520769082E+00-3.503549199E+00-3.482078043E+00-3.458532368E+00-3.432504324E+00
-3.403890126E+00-3.372943150E+00-3.339740750E+00-3.304329044E+00-3.266781044E+00
-3.227213478E+00-3.185733755E+00-3.142439709E+00-3.097424758E+00-3.050774937E+00
-3.002568626E+00-2.952876861E+00-2.901763316E+00-2.849284127E+00-2.795487970E+00
-2.740415961E+00-2.684101838E+00-2.626571837E+00-2.567844966E+00-2.507932949E+00
-2.446840496E+00-2.384565318E+00-2.321098367E+00-2.256423986E+00-2.190520008E+00
-2.123357968E+00-2.054903239E+00-1.985115109E+00-1.913946858E+00-1.841345778E+00
-1.767253088E+00-1.691603814E+00-1.614326531E+00-1.535343032E+00-1.454567867E+00
-1.371907726E+00-1.287260701E+00-1.200515343E+00-1.111549546E+00-1.020229204E+00
-9.264066262E-01-8.299186746E-01-7.305846112E-01-6.282036285E-01-5.225520288E-01
-4.133800927E-01-3.004086187E-01-1.833252297E-01-6.178050602E-02 6.461590829E-02
 1.962991756E-01 3.337532374E-01 4.775155208E-01 6.281841622E-01 7.864314561E-01
 9.530304678E-01 1.128905374E+00 1.315223113E+00 1.507163336E+00 1.675121375E+00
 1.820095595E+00 1.943597678E+00 2.044680933E+00 2.123699278E+00 2.183663593E+00
 2.225175405E+00 2.248050959E+00 2.249646940E+00 2.229081531E+00 2.188180061E+00
 2.126380011E+00 2.042254021E+00 1.933531023E+00 1.835731756E+00 1.751292744E+00
 1.678032714E+00 1.614011404E+00-1.676619245E+00-1.725330764E+00-1.778637249E+00
-1.836626257E+00-1.898688512E+00-1.961121763E+00-2.023204700E+00-2.084948343E+00
-2.146355114E+00-2.207414801E+00-2.268102796E+00-2.328380440E+00-2.388196133E+00
-2.447486782E+00-2.506179258E+00-2.564191790E+00-2.621435242E+00-2.677814433E+00
-2.733229243E+00-2.787575809E+00-2.840747770E+00-2.892637235E+00-2.943136078E+00
-2.992136930E+00-3.039534303E+00-3.085225594E+00-3.129112136E+00-3.171100025E+00
-3.211100999E+00-3.249033229E+00-3.284821899E+00-3.318399809E+00-3.349707646E+00
-3.378694370E+00-3.405316944E+00-3.429539947E+00-3.451334353E+00-3.470675707E+00
-3.487543914E+00-3.501934422E+00-3.511800828E+00-3.517152451E+00-3.518099394E+00
-3.514932526E+00-3.507681514E+00-3.496192853E+00-3.480059970E+00-3.461370909E+00
-3.439774035E+00-3.415208772E+00-3.387958242E+00-3.358146826E+00-3.325879568E+00
-3.291287942E+00-3.254490516E+00-3.215596985E+00-3.174717780E+00-3.131967206E+00
-3.087457785E+00-3.041297315E+00-2.993587621E+00-2.944423516E+00-2.893891848E+00
-2.842071211E+00-2.789031441E+00-2.734833536E+00-2.679529390E+00-2.623161824E+00
-2.565764615E+00-2.507362525E+00-2.447971502E+00-2.387598851E+00-2.326243469E+00
-2.263896149E+00-2.200539842E+00-2.136149899E+00-2.070694522E+00-2.004134821E+00
-1.936425240E+00-1.867513681E+00-1.797341619E+00-1.725844191E+00-1.652950146E+00
-1.578581704E+00-1.502654278E+00-1.425076068E+00-1.345747479E+00-1.264560349E+00
-1.181396985E+00-1.096128919E+00-1.008615407E+00-9.187015823E-01-8.262162046E-01
-7.309689747E-01-6.327472864E-01-5.313123413E-01-4.263945354E-01-3.176879903E-01
-2.048441478E-01-8.746439175E-02 3.490828091E-02 1.627982739E-01 2.968066522E-01
 4.376198303E-01 5.860166912E-01 7.428732202E-01 9.091646408E-01 1.085966364E+00
 1.274455784E+00 1.475321738E+00 1.664220283E+00 1.828262054E+00 1.968008078E+00
 2.086147189E+00 2.183768520E+00 2.261009534E+00 2.316527313E+00 2.349868260E+00
 2.362542959E+00 2.354341226E+00 2.324103571E+00 2.269191444E+00 2.188068332E+00
 2.081432086E+00 1.970486475E+00 1.872711161E+00 1.786549772E+00 1.710544642E+00
 1.643320490E+00-1.682318290E+00-1.731704620E+00-1.785830056E+00-1.844812525E+00
-1.907795246E+00-1.971559776E+00-2.035118904E+00-2.098420238E+00-2.161433008E+00
-2.224120183E+00-2.286435781E+00-2.348323552E+00-2.409716545E+00-2.470537428E+00
-2.530698926E+00-2.590104714E+00-2.648650389E+00-2.706224473E+00-2.762709716E+00
-2.817984235E+00-2.871922835E+00-2.924398303E+00-2.975282693E+00-3.024448736E+00
-3.071770984E+00-3.117127147E+00-3.160399181E+00-3.201474367E+00-3.240246248E+00
-3.276615322E+00-3.310489702E+00-3.341785409E+00-3.370426328E+00-3.396343884E+00
-3.419476147E+00-3.439766322E+00-3.457160562E+00-3.471605190E+00-3.483043859E+00
-3.491415956E+00-3.496657381E+00-3.496595219E+00-3.491135374E+00-3.482361337E+00
-3.470010876E+00-3.454008285E+00-3.434431460E+00-3.411630314E+00-3.385781780E+00
-3.357035410E+00-3.325563120E+00-3.291524828E+00-3.255072238E+00-3.216354574E+00
-3.175516371E+00-3.132697337E+00-3.088033462E+00-3.041657149E+00-2.993696133E+00
-2.944272006E+00-2.893499053E+00-2.841483230E+00-2.788321326E+00-2.734100246E+00
-2.678896628E+00-2.622776412E+00-2.565794630E+00-2.507995441E+00-2.449412058E+00
-2.390066940E+00-2.329972042E+00-2.269129107E+00-2.207530096E+00-2.145157567E+00
-2.081985188E+00-2.017978195E+00-1.953093863E+00-1.887281911E+00-1.820484991E+00
-1.752638954E+00-1.683673131E+00-1.613510489E+00-1.542067671E+00-1.469254902E+00
-1.394975742E+00-1.319126676E+00-1.241596484E+00-1.162265419E+00-1.081004100E+00
-9.976721235E-01-9.121163330E-01-8.241686411E-01-7.336433952E-01-6.403341005E-01
-5.440094228E-01-4.444082627E-01-3.412337038E-01-2.341455704E-01-1.227512732E-01
-6.594645705E-03 1.148575015E-01 2.422311352E-01 3.762624944E-01 5.178155488E-01
 6.678956050E-01 8.276527073E-01 9.983672327E-01 1.181413568E+00 1.378254628E+00
 1.576901105E+00 1.754084200E+00 1.909878413E+00 2.041612598E+00 2.151533487E+00
 2.241828216E+00 2.312714295E+00 2.363540379E+00 2.390466962E+00 2.394771075E+00
 2.377352363E+00 2.337138608E+00 2.272161323E+00 2.177326544E+00 2.062304249E+00
 1.959050461E+00 1.866817316E+00 1.784447082E+00 1.710835433E+00 1.644953729E+00
-1.690633772E+00-1.740759847E+00-1.795850843E+00-1.855995581E+00-1.920916143E+00
-1.986122605E+00-2.051189761E+00-2.116091765E+00-2.180778799E+00-2.245194959E+00
-2.309276302E+00-2.372949503E+00-2.436130893E+00-2.498726259E+00-2.560630848E+00
-2.621730007E+00-2.681899856E+00-2.741008379E+00-2.798916642E+00-2.855480091E+00
-2.910550123E+00-2.963975518E+00-3.015604050E+00-3.065284053E+00-3.112866051E+00
-3.158204155E+00-3.201157492E+00-3.241591527E+00-3.279379164E+00-3.314401642E+00
-3.346549149E+00-3.375721196E+00-3.401826516E+00-3.424782428E+00-3.444513611E+00
-3.460949824E+00-3.474022394E+00-3.483658289E+00-3.489770331E+00-3.492239504E+00
-3.490880313E+00-3.485368711E+00-3.475684277E+00-3.462118151E+00-3.444818801E+00
-3.423910765E+00-3.399543673E+00-3.371907421E+00-3.341188224E+00-3.307568770E+00
-3.271232288E+00-3.232359801E+00-3.191129210E+00-3.147715084E+00-3.102288000E+00
-3.055013749E+00-3.006052891E+00-2.955559958E+00-2.903682430E+00-2.850559687E+00
-2.796321827E+00-2.741088678E+00-2.684968869E+00-2.628059073E+00-2.570443521E+00
-2.512193484E+00-2.453367073E+00-2.394009243E+00-2.334151812E+00-2.273813769E+00
-2.213001586E+00-2.151709838E+00-2.089921705E+00-2.027609594E+00-1.964736011E+00
-1.901254084E+00-1.837108455E+00-1.772235842E+00-1.706565716E+00-1.640020823E+00
-1.572517636E+00-1.503966664E+00-1.434272632E+00-1.363334496E+00-1.291045297E+00
-1.217291815E+00-1.141953990E+00-1.064904144E+00-9.860058915E-01-9.051127618E-01
-8.220664496E-01-7.366946278E-01-6.488082394E-01-5.581981312E-01-4.646308722E-01
-3.678435338E-01-2.675371051E-01-1.633681575E-01-5.493812548E-02 5.822054513E-02
 1.766624978E-01 3.010531729E-01 4.321996000E-01 5.710889863E-01 7.189321777E-01
 8.771988797E-01 1.047612081E+00 1.232056665E+00 1.430008189E+00 1.610894938E+00
 1.770605473E+00 1.911064677E+00 2.032771167E+00 2.135350455E+00 2.217387820E+00
 2.279381157E+00 2.322156592E+00 2.345060980E+00 2.346436177E+00 2.323435272E+00
 2.275097952E+00 2.200670793E+00 2.099149129E+00 1.997967651E+00 1.906772159E+00
 1.824423215E+00 1.749969276E+00 1.682578519E+00 1.621509085E+00-1.702993247E+00
-1.754177581E+00-1.810417807E+00-1.871811407E+00-1.937795496E+00-2.004486943E+00
-2.071167015E+00-2.137786669E+00-2.204285700E+00-2.270596385E+00-2.336641642E+00
-2.402333498E+00-2.467572199E+00-2.532245592E+00-2.596229293E+00-2.659387062E+00
-2.721571593E+00-2.782625758E+00-2.842383939E+00-2.900673700E+00-2.957317506E+00
-3.012134588E+00-3.064942956E+00-3.115561260E+00-3.163810821E+00-3.209517420E+00
-3.252513174E+00-3.292638143E+00-3.329741727E+00-3.363683986E+00-3.394336448E+00
-3.421582832E+00-3.445319158E+00-3.465453522E+00-3.481905296E+00-3.494603731E+00
-3.503485874E+00-3.508493805E+00-3.509571640E+00-3.506662992E+00-3.499712656E+00
-3.488682148E+00-3.473606561E+00-3.454597351E+00-3.431789539E+00-3.405334151E+00
-3.375399864E+00-3.342172216E+00-3.305846411E+00-3.266623275E+00-3.224706907E+00
-3.180302491E+00-3.133614497E+00-3.084845201E+00-3.034193240E+00-2.981852288E+00
-2.928009780E+00-2.872845536E+00-2.816530541E+00-2.759225509E+00-2.701079624E+00
-2.642229398E+00-2.582797547E+00-2.522892177E+00-2.462606084E+00-2.402016293E+00
-2.341183803E+00-2.280153570E+00-2.218954774E+00-2.157601135E+00-2.096091588E+00
-2.034411017E+00-1.972531134E+00-1.910411510E+00-1.848000531E+00-1.785236547E+00
-1.722048885E+00-1.658358852E+00-1.594080671E+00-1.529122279E+00-1.463386030E+00
-1.396769226E+00-1.329164480E+00-1.260459915E+00-1.190539154E+00-1.119281123E+00
-1.046559604E+00-9.722426010E-01-8.961913979E-01-8.182593719E-01-7.382904612E-01
-6.561172626E-01-5.715586752E-01-4.844169938E-01-3.944743009E-01-3.014879596E-01
-2.051849359E-01-1.052544820E-01-1.338568386E-03 1.069809785E-01 2.202003206E-01
 3.389193284E-01 4.638804374E-01 5.960304504E-01 7.366238566E-01 8.873966561E-01
 1.050803953E+00 1.230294168E+00 1.408354320E+00 1.568472884E+00 1.707996192E+00
 1.831167115E+00 1.938877575E+00 2.031127848E+00 2.106262854E+00 2.160468471E+00
 2.197175540E+00 2.216290937E+00 2.216698981E+00 2.195096255E+00 2.145583438E+00
 2.068819122E+00 1.978779338E+00 1.896812408E+00 1.821739480E+00 1.752746531E+00
 1.689264167E+00 1.630833856E+00 1.577050394E+00-1.718170429E+00-1.770609889E+00
-1.828144530E+00-1.890909159E+00-1.958040039E+00-2.026330217E+00-2.094763302E+00
-2.163258239E+00-2.231752091E+00-2.300171981E+00-2.368432570E+00-2.436434339E+00
-2.504062497E+00-2.571186500E+00-2.637660147E+00-2.703322201E+00-2.767997570E+00
-2.831498663E+00-2.893627311E+00-2.954176720E+00-3.012933799E+00-3.069681448E+00
-3.124200994E+00-3.176274774E+00-3.225688476E+00-3.272233622E+00-3.315709871E+00
-3.355927134E+00-3.392707507E+00-3.425887003E+00-3.455316922E+00-3.480864955E+00
-3.502415848E+00-3.519871707E+00-3.533152000E+00-3.542193093E+00-3.546947707E+00
-3.547384216E+00-3.543486519E+00-3.535255120E+00-3.522710403E+00-3.505899513E+00
-3.484905772E+00-3.459849356E+00-3.430879278E+00-3.398167449E+00-3.361904969E+00
-3.322298649E+00-3.279567103E+00-3.233937431E+00-3.185642256E+00-3.134917107E+00
-3.081998154E+00-3.027120053E+00-2.970513993E+00-2.912405777E+00-2.853013979E+00
-2.792548125E+00-2.731207003E+00-2.669176792E+00-2.606629558E+00-2.543721755E+00
-2.480592839E+00-2.417364246E+00-2.354138522E+00-2.290998754E+00-2.228008385E+00
-2.165211206E+00-2.102631787E+00-2.040276019E+00-1.978132161E+00-1.916171873E+00
-1.854351584E+00-1.792613890E+00-1.730889093E+00-1.669096726E+00-1.607147060E+00
-1.544942529E+00-1.482379060E+00-1.419347227E+00-1.355733263E+00-1.291419864E+00
-1.226286789E+00-1.160211263E+00-1.093068160E+00-1.024729981E+00-9.550665929E-01
-8.839448044E-01-8.112276709E-01-7.367736130E-01-6.604352908E-01-5.820582198E-01
-5.014791164E-01-4.185239001E-01-3.330053312E-01-2.447201841E-01-1.534458124E-01
-5.893598776E-02 3.908429857E-02 1.409254521E-01 2.469420025E-01 3.575446591E-01
 4.732180498E-01 5.945492891E-01 7.222802472E-01 8.574247139E-01 1.001657727E+00
 1.155030639E+00 1.298141652E+00 1.430292227E+00 1.550730317E+00 1.658036457E+00
 1.750701335E+00 1.829336115E+00 1.894288089E+00 1.945061642E+00 1.980221929E+00
 1.998105132E+00 1.999015626E+00 1.982644346E+00 1.947232872E+00 1.889197512E+00
 1.828943355E+00 1.770375819E+00 1.714088843E+00 1.660430848E+00 1.609584610E+00
 1.561620823E+00 1.516531632E+00-1.734948405E+00-1.788612382E+00-1.847550396E+00
-1.911867746E+00-1.981210804E+00-2.051304997E+00-2.121636385E+00-2.192176930E+00
-2.262870884E+00-2.333647715E+00-2.404419391E+00-2.475078176E+00-2.545495366E+00
-2.615520944E+00-2.684984003E+00-2.753693910E+00-2.821441916E+00-2.888003283E+00
-2.953139731E+00-3.016602109E+00-3.078133320E+00-3.137471289E+00-3.194352136E+00
-3.248513282E+00-3.299696700E+00-3.347651864E+00-3.392138846E+00-3.432931087E+00
-3.469817976E+00-3.502607197E+00-3.531126660E+00-3.555226231E+00-3.574778912E+00
-3.589681694E+00-3.599856197E+00-3.605248745E+00-3.605830389E+00-3.601596944E+00
-3.592569027E+00-3.578792659E+00-3.560340349E+00-3.537312703E+00-3.509839665E+00
-3.478079759E+00-3.442217417E+00-3.402459510E+00-3.359032091E+00-3.312176969E+00
-3.262148468E+00-3.209210292E+00-3.153632656E+00-3.095689456E+00-3.035655809E+00
-2.973805475E+00-2.910408631E+00-2.845729329E+00-2.780023347E+00-2.713535787E+00
-2.646498807E+00-2.579129392E+00-2.511627264E+00-2.444172900E+00-2.376925813E+00
-2.310023156E+00-2.243578613E+00-2.177681650E+00-2.112397315E+00-2.047766378E+00
-1.983805871E+00-1.920510158E+00-1.857852245E+00-1.795785474E+00-1.734245442E+00
-1.673152074E+00-1.612411800E+00-1.551919740E+00-1.491561818E+00-1.431216762E+00
-1.370757934E+00-1.310054924E+00-1.248974927E+00-1.187383860E+00-1.125147218E+00
-1.062130677E+00-9.982004689E-01-9.332235197E-01-8.670673869E-01-7.996000227E-01
-7.306893642E-01-6.602027842E-01-5.880064293E-01-5.139644559E-01-4.379381874E-01
-3.597852637E-01-2.793587612E-01-1.965064338E-01-1.110701047E-01-2.288547253E-02
 6.821742815E-02 1.624125012E-01 2.598735942E-01 3.607662035E-01 4.652306691E-01
 5.733474353E-01 6.850616008E-01 8.000098962E-01 9.171349852E-01 1.034140254E+00
 1.147783956E+00 1.255241215E+00 1.354596812E+00 1.444567207E+00 1.524235973E+00
 1.592905448E+00 1.650016840E+00 1.695108238E+00 1.727798746E+00 1.747800058E+00
 1.754972881E+00 1.749479615E+00 1.732148498E+00 1.705068160E+00 1.671497805E+00
 1.634435856E+00 1.595869433E+00 1.557022760E+00 1.518664165E+00 1.481284017E+00
 1.445193199E+00-1.754668435E+00-1.809781994E+00-1.870235265E+00-1.936151462E+00
-2.007077514E+00-2.079015696E+00-2.151358801E+00-2.224096620E+00-2.297192819E+00
-2.370589481E+00-2.444202837E+00-2.517920404E+00-2.591599856E+00-2.665069163E+00
-2.738127887E+00-2.810549257E+00-2.882082882E+00-2.952457713E+00-3.021385517E+00
-3.088564357E+00-3.153682378E+00-3.216421619E+00-3.276461952E+00-3.333485143E+00
-3.387178796E+00-3.437240393E+00-3.483381099E+00-3.525329401E+00-3.562834558E+00
-3.595669664E+00-3.623634358E+00-3.646557096E+00-3.664296947E+00-3.676744933E+00
-3.683824961E+00-3.685494167E+00-3.681743020E+00-3.672595100E+00-3.658106660E+00
-3.638366118E+00-3.613493359E+00-3.583638868E+00-3.548982638E+00-3.509732083E+00
-3.466119554E+00-3.418399338E+00-3.366844498E+00-3.311743676E+00-3.253398051E+00
-3.192118278E+00-3.128221678E+00-3.062029445E+00-2.993864036E+00-2.924046511E+00
-2.852893860E+00-2.780716332E+00-2.707814563E+00-2.634476866E+00-2.560976130E+00
-2.487567067E+00-2.414483385E+00-2.341935056E+00-2.270106123E+00-2.199152612E+00
-2.129201055E+00-2.060347582E+00-1.992657611E+00-1.926166001E+00-1.860878117E+00
-1.796771223E+00-1.733796555E+00-1.671881771E+00-1.610933754E+00-1.550841629E+00
-1.491479868E+00-1.432711377E+00-1.374390450E+00-1.316365519E+00-1.258481602E+00
-1.200582436E+00-1.142512260E+00-1.084117231E+00-1.025246512E+00-9.657530361E-01
-9.054939881E-01-8.443310458E-01-7.821304235E-01-7.187627516E-01-6.541028689E-01
-5.880295269E-01-5.204251139E-01-4.511754170E-01-3.801694981E-01-3.072997965E-01
-2.324625514E-01-1.555587265E-01-7.649567524E-02 4.810072332E-03 8.842836044E-02
 1.744084092E-01 2.627678931E-01 3.534759161E-01 4.464264794E-01 5.413975576E-01
 6.379903881E-01 7.355489763E-01 8.330824518E-01 9.292553985E-01 1.022515665E+00
 1.111317686E+00 1.194299161E+00 1.270342983E+00 1.338563522E+00 1.398270621E+00
 1.448938363E+00 1.490187890E+00 1.521787816E+00 1.543675728E+00 1.556005126E+00
 1.559218347E+00 1.554125601E+00 1.541926175E+00 1.524089530E+00 1.502117060E+00
 1.477333276E+00 1.450801501E+00 1.423333706E+00 1.395534690E+00 1.367848199E+00
-1.776800110E+00-1.833520950E+00-1.895544936E+00-1.963050314E+00-2.035235942E+00
-2.108987341E+00-2.183373769E+00-2.258396853E+00-2.334060119E+00-2.410333069E+00
-2.487144645E+00-2.564380252E+00-2.641881675E+00-2.719448806E+00-2.796842937E+00
-2.873790716E+00-2.949988327E+00-3.025106068E+00-3.098792747E+00-3.170680277E+00
-3.240388379E+00-3.307529337E+00-3.371712913E+00-3.432551410E+00-3.489664628E+00
-3.542685099E+00-3.591262851E+00-3.635070295E+00-3.673806638E+00-3.707201880E+00
-3.735020432E+00-3.757064105E+00-3.773174530E+00-3.783234862E+00-3.787170926E+00
-3.784951660E+00-3.776588883E+00-3.762136601E+00-3.741689722E+00-3.715382356E+00
-3.683385642E+00-3.645905365E+00-3.603179031E+00-3.555472864E+00-3.503078275E+00
-3.446308498E+00-3.385495153E+00-3.320984858E+00-3.253136246E+00-3.182316922E+00
-3.108900844E+00-3.033265713E+00-2.955790314E+00-2.876851978E+00-2.796823734E+00
-2.716071347E+00-2.634950037E+00-2.553800999E+00-2.472947599E+00-2.392691615E+00
-2.313309309E+00-2.235047837E+00-2.158121896E+00-2.082710862E+00-2.008956692E+00
-1.936962472E+00-1.866792029E+00-1.798470298E+00-1.731984726E+00-1.667287500E+00
-1.604298564E+00-1.542909279E+00-1.482986528E+00-1.424377106E+00-1.366912195E+00
-1.310411721E+00-1.254688462E+00-1.199551753E+00-1.144810738E+00-1.090277080E+00
-1.035767152E+00-9.811037038E-01-9.261170693E-01-8.706459554E-01-8.145378871E-01
-7.576493918E-01-6.998459651E-01-6.410019305E-01-5.810002325E-01-5.197322447E-01
-4.570976515E-01-3.930045199E-01-3.273695823E-01-2.601189091E-01-1.911890644E-01
-1.205289229E-01-4.810241185E-02 2.610752554E-02 1.020933078E-01 1.798148680E-01
 2.591888770E-01 3.400742480E-01 4.222532714E-01 5.054084775E-01 5.890973229E-01
 6.727305558E-01 7.555650331E-01 8.367233547E-01 9.152449096E-01 9.901564138E-01
 1.060539111E+00 1.125575467E+00 1.184572753E+00 1.236970920E+00 1.282343948E+00
 1.320401600E+00 1.350995669E+00 1.374132277E+00 1.389988899E+00 1.398930633E+00
 1.401514684E+00 1.398469346E+00 1.390640350E+00 1.378914651E+00 1.364145769E+00
 1.347101431E+00 1.328439071E+00 1.308702700E+00 1.288331725E+00-1.800123166E+00
-1.858363300E+00-1.921923666E+00-1.990966779E+00-2.065176429E+00-2.140632534E+00
-2.216921896E+00-2.294182325E+00-2.372491621E+00-2.451866389E+00-2.532255745E+00
-2.613540656E+00-2.695537484E+00-2.778004382E+00-2.860648581E+00-2.943133520E+00
-3.025085451E+00-3.106099410E+00-3.185744761E+00-3.263570674E+00-3.339111535E+00
-3.411892739E+00-3.481436523E+00-3.547268282E+00-3.608922868E+00-3.665951078E+00
-3.717926073E+00-3.764449556E+00-3.805157564E+00-3.839725763E+00-3.867874154E+00
-3.889370907E+00-3.904035504E+00-3.911740949E+00-3.912414965E+00-3.906040440E+00
-3.892654657E+00-3.872347992E+00-3.845261373E+00-3.811583341E+00-3.771546267E+00
-3.725422167E+00-3.673518131E+00-3.616171748E+00-3.553746358E+00-3.486626716E+00
-3.415214837E+00-3.339926422E+00-3.261187671E+00-3.179432612E+00-3.095100778E+00
-3.008635015E+00-2.920479311E+00-2.831076667E+00-2.740866248E+00-2.650280357E+00
-2.559740681E+00-2.469653927E+00-2.380406940E+00-2.292361415E+00-2.205848526E+00
-2.121163524E+00-2.038560889E+00-1.958250048E+00-1.880392148E+00-1.805097892E+00
-1.732426838E+00-1.662387988E+00-1.594941838E+00-1.530003735E+00-1.467448409E+00
-1.407115449E+00-1.348815432E+00-1.292336384E+00-1.237450282E+00-1.183919251E+00
-1.131501257E+00-1.079955084E+00-1.029044507E+00-9.785416069E-01-9.282292731E-01
-8.779029489E-01-8.273717171E-01-7.764588734E-01-7.250020545E-01-6.728530931E-01
-6.198776706E-01-5.659548869E-01-5.109768249E-01-4.548481974E-01-3.974861592E-01
-3.388203441E-01-2.787932252E-01-2.173608938E-01-1.544943409E-01-9.018139452E-02
-2.442944000E-02 4.273088177E-02 1.112408220E-01 1.810073273E-01 2.518953846E-01
 3.237189597E-01 3.962309376E-01 4.691130929E-01 5.419679981E-01 6.143156905E-01
 6.855983792E-01 7.551954893E-01 8.224487183E-01 8.866934646E-01 9.472908922E-01
 1.003655592E+00 1.055276399E+00 1.101730723E+00 1.142694234E+00 1.177948162E+00
 1.207385595E+00 1.231017183E+00 1.248975166E+00 1.261513302E+00 1.268999452E+00
 1.271898217E+00 1.270743579E+00 1.266105083E+00 1.258553727E+00 1.248633442E+00
 1.236841469E+00 1.223617856E+00 1.209342257E+00-1.826213651E+00-1.886236655E+00
-1.951248246E+00-2.021418688E+00-2.096647809E+00-2.173176847E+00-2.250886264E+00
-2.330089196E+00-2.410977475E+00-2.493632952E+00-2.578022685E+00-2.664004388E+00
-2.751341542E+00-2.839721013E+00-2.928768396E+00-3.018059543E+00-3.107128919E+00
-3.195476282E+00-3.282572210E+00-3.367863698E+00-3.450779914E+00-3.530738574E+00
-3.607152958E+00-3.679439521E+00-3.747026096E+00-3.809360199E+00-3.865917409E+00
-3.916209536E+00-3.959792360E+00-3.996272426E+00-4.025313290E+00-4.046640531E+00
-4.060045691E+00-4.065389021E+00-4.062601035E+00-4.051682547E+00-4.032703585E+00
-4.005800913E+00-3.971174118E+00-3.929080894E+00-3.879831026E+00-3.823780025E+00
-3.761322120E+00-3.692883474E+00-3.618915593E+00-3.539889439E+00-3.456290392E+00
-3.368614195E+00-3.277363939E+00-3.183047945E+00-3.086178370E+00-2.987270143E+00
-2.886840033E+00-2.785405354E+00-2.683481982E+00-2.581581417E+00-2.480206594E+00
-2.379846417E+00-2.280969251E+00-2.184015347E+00-2.089388775E+00-1.997449487E+00
-1.908505690E+00-1.822807263E+00-1.740540678E+00-1.661825634E+00-1.586713747E+00
-1.515189400E+00-1.447172761E+00-1.382524867E+00-1.321054527E+00-1.262526670E+00
-1.206671650E+00-1.153194977E+00-1.101786903E+00-1.052131346E+00-1.003913798E+00
-9.568279131E-01-9.105806890E-01-8.648962610E-01-8.195184185E-01-7.742120216E-01
-7.287635552E-01-6.829809877E-01-6.366931975E-01-5.897490854E-01-5.420165553E-01
-4.933814990E-01-4.437468368E-01-3.930317448E-01-3.411711117E-01-2.881152991E-01
-2.338302458E-01-1.782979966E-01-1.215176869E-01-6.350706799E-02-4.304612534E-03
 5.602774306E-02 1.174012021E-01 1.796960883E-01 2.427573298E-01 3.063897171E-01
 3.703534403E-01 4.343606187E-01 4.980738727E-01 5.611079900E-01 6.230357276E-01
 6.833981044E-01 7.417187734E-01 7.975211051E-01 8.503460872E-01 8.997692302E-01
 9.454151925E-01 9.869696670E-01 1.024188587E+00 1.056905033E+00 1.085034092E+00
 1.108575636E+00 1.127614525E+00 1.142317525E+00 1.152926128E+00 1.159744969E+00
 1.163126346E+00 1.163452268E+00 1.161116204E+00 1.156506559E+00 1.149993474E+00
 1.141919524E+00 1.132594214E+00-1.856170499E+00-1.918806045E+00-1.985143922E+00
-2.055374084E+00-2.129242619E+00-2.205321215E+00-2.283426702E+00-2.363910561E+00
-2.447109509E+00-2.533204587E+00-2.622150530E+00-2.713710317E+00-2.807521517E+00
-2.903142331E+00-3.000075560E+00-3.097779864E+00-3.195675247E+00-3.293146444E+00
-3.389546104E+00-3.484198680E+00-3.576405761E+00-3.665452853E+00-3.750617691E+00
-3.831179815E+00-3.906431278E+00-3.975687776E+00-4.038299981E+00-4.093664468E+00
-4.141234046E+00-4.180526882E+00-4.211134505E+00-4.232728357E+00-4.245064808E+00
-4.247988725E+00-4.241435233E+00-4.225429736E+00-4.200086190E+00-4.165603250E+00
-4.122258707E+00-4.070401913E+00-4.010445019E+00-3.942852747E+00-3.868132102E+00
-3.786821827E+00-3.699483026E+00-3.606690909E+00-3.509028363E+00-3.407081525E+00
-3.301437254E+00-3.192682444E+00-3.081404612E+00-2.968193287E+00-2.853641606E+00
-2.738347430E+00-2.622913099E+00-2.507943394E+00-2.394041176E+00-2.281800473E+00
-2.171797290E+00-2.064578217E+00-1.960648205E+00-1.860457655E+00-1.764390580E+00
-1.672754073E+00-1.585770149E+00-1.503570349E+00-1.426193469E+00-1.353586617E+00
-1.285609666E+00-1.222042964E+00-1.162598002E+00-1.106930418E+00-1.054654522E+00
-1.005358346E+00-9.586181401E-01-9.140114718E-01-8.711281929E-01-8.295789833E-01
-7.890013891E-01-7.490635842E-01-7.094661722E-01-6.699424902E-01-6.302577783E-01
-5.902076421E-01-5.496160866E-01-5.083333904E-01-4.662339779E-01-4.232144446E-01
-3.791918311E-01-3.341021755E-01-2.878994317E-01-2.405547394E-01-1.920561010E-01
-1.424084554E-01-9.163416725E-02-3.977393528E-02 1.311189304E-02 6.694162976E-02
 1.216102329E-01 1.769870804E-01 2.329137002E-01 2.892017049E-01 3.456312811E-01
 4.019506419E-01 4.578769370E-01 5.130990253E-01 5.672824280E-01 6.200764977E-01
 6.711234896E-01 7.200690087E-01 7.665729841E-01 8.103204302E-01 8.510312985E-01
 8.884689785E-01 9.224472266E-01 9.528353727E-01 9.795617622E-01 1.002615294E+00
 1.022044876E+00 1.037956615E+00 1.050508621E+00 1.059903548E+00 1.066379242E+00
 1.070198235E+00 1.071636951E+00 1.070975521E+00 1.068488985E+00 1.064440257E+00
 1.059075067E+00-1.885417634E+00-1.950414118E+00-2.017750165E+00-2.087551374E+00
-2.159788216E+00-2.234406666E+00-2.311582417E+00-2.391991305E+00-2.476834173E+00
-2.566714173E+00-2.661238259E+00-2.759779424E+00-2.861696847E+00-2.966348930E+00
-3.073083109E+00-3.181225038E+00-3.290069893E+00-3.398876944E+00-3.506867111E+00
-3.613223707E+00-3.717096770E+00-3.817610259E+00-3.913872592E+00-4.004989359E+00
-4.090078084E+00-4.168283964E+00-4.238795637E+00-4.300860418E+00-4.353798167E+00
-4.397013406E+00-4.430005506E+00-4.452377138E+00-4.463840415E+00-4.464221564E+00
-4.453463266E+00-4.431624933E+00-4.398880531E+00-4.355513511E+00-4.301908761E+00
-4.238541642E+00-4.165964169E+00-4.084789572E+00-3.995675648E+00-3.899308678E+00
-3.796388778E+00-3.687618137E+00-3.573692435E+00-3.455296111E+00-3.333101340E+00
-3.207770065E+00-3.079958746E+00-2.950324482E+00-2.819531812E+00-2.688258569E+00
-2.557199851E+00-2.427068465E+00-2.298591250E+00-2.172500138E+00-2.049518480E+00
-1.930343251E+00-1.815624726E+00-1.705945562E+00-1.601801203E+00-1.503583099E+00
-1.411565765E+00-1.325898225E+00-1.246600192E+00-1.173563175E+00-1.106556766E+00
-1.045240192E+00-9.891788883E-01-9.378652764E-01-8.907422704E-01-8.472275170E-01
-8.067361957E-01-7.687006353E-01-7.325855028E-01-6.978982657E-01-6.641952083E-01
-6.310837085E-01-5.982217498E-01-5.653154929E-01-5.321157398E-01-4.984138334E-01
-4.640374680E-01-4.288466533E-01-3.927300540E-01-3.556017614E-01-3.173985614E-01
-2.780777196E-01-2.376152490E-01-1.960046563E-01-1.532561266E-01-1.093961426E-01
-6.446745849E-02-1.852943062E-02 2.834136806E-02 7.605030627E-02 1.244837128E-01
 1.735078637E-01 2.229680866E-01 2.726881614E-01 3.224702198E-01 3.720953910E-01
 4.213253805E-01 4.699051828E-01 5.175669999E-01 5.640353290E-01 6.090330574E-01
 6.522882558E-01 6.935413107E-01 7.325519726E-01 7.691059552E-01 8.030207720E-01
 8.341505772E-01 8.623898309E-01 8.876756601E-01 9.099888310E-01 9.293532415E-01
 9.458338923E-01 9.595334184E-01 9.705872778E-01 9.791578918E-01 9.854281129E-01
 9.895944412E-01 9.918604570E-01 9.924308393E-01 9.915062541E-01 9.892792698E-01
-1.910835246E+00-1.977122882E+00-2.045107327E+00-2.114788825E+00-2.186113176E+00
-2.258999676E+00-2.333369866E+00-2.409043015E+00-2.492145736E+00-2.588240108E+00
-2.690796454E+00-2.798695122E+00-2.911055131E+00-3.027083527E+00-3.146013420E+00
-3.267067961E+00-3.389437146E+00-3.512262954E+00-3.634630995E+00-3.755568246E+00
-3.874046458E+00-3.988991070E+00-4.099295374E+00-4.203839062E+00-4.301510173E+00
-4.391228471E+00-4.471968961E+00-4.542783402E+00-4.602819258E+00-4.651335139E+00
-4.687713301E+00-4.711469296E+00-4.722259507E+00-4.719886754E+00-4.704304086E+00
-4.675616390E+00-4.634078826E+00-4.580091397E+00-4.514188543E+00-4.437023255E+00
-4.349346051E+00-4.251979839E+00-4.145792736E+00-4.031671344E+00-3.910497478E+00
-3.783129799E+00-3.650392360E+00-3.513070071E+00-3.371910735E+00-3.227632742E+00
-3.080937235E+00-2.932523070E+00-2.783103114E+00-2.633419648E+00-2.484257138E+00
-2.336449168E+00-2.190877672E+00-2.048461805E+00-1.910136649E+00-1.776822721E+00
-1.649390332E+00-1.528623278E+00-1.415186127E+00-1.309597805E+00-1.212212321E+00
-1.123206376E+00-1.042573359E+00-9.701237199E-01-9.054925445E-01-8.481555745E-01
-7.974545309E-01-7.526312144E-01-7.128676490E-01-6.773277354E-01-6.451952454E-01
-6.157040119E-01-5.881583540E-01-5.619438588E-01-5.365302837E-01-5.114688053E-01
-4.863858084E-01-4.609749810E-01-4.349889135E-01-4.082309877E-01-3.805479767E-01
-3.518235596E-01-3.219727964E-01-2.909375421E-01-2.586827222E-01-2.251933871E-01
-1.904724375E-01-1.545389519E-01-1.174270207E-01-7.918501129E-02-3.987519607E-02
 4.263272152E-04 4.162949509E-02 8.362999405E-02 1.263089167E-01 1.695324569E-01
 2.131517498E-01 2.570029799E-01 3.009078810E-01 3.446747469E-01 3.881000554E-01
 4.309707779E-01 4.730673846E-01 5.141675170E-01 5.540501938E-01 5.925004216E-01
 6.293139574E-01 6.643020327E-01 6.972958026E-01 7.281503009E-01 7.567477608E-01
 7.830001248E-01 8.068506702E-01 8.282746638E-01 8.472790040E-01 8.639008853E-01
 8.782054981E-01 8.902829232E-01 9.002443446E-01 9.082178242E-01 9.143438871E-01
 9.187711114E-01 9.216520169E-01 9.231393459E-01 9.233829226E-01-1.934056762E+00
-2.001436609E+00-2.070108266E+00-2.139940111E+00-2.210728161E+00-2.282178367E+00
-2.353874159E+00-2.425219767E+00-2.501394882E+00-2.596724437E+00-2.706643330E+00
-2.827190519E+00-2.952849152E+00-3.083007529E+00-3.216900468E+00-3.353726334E+00
-3.492620285E+00-3.632634566E+00-3.772726123E+00-3.911752111E+00-4.048473049E+00
-4.181564587E+00-4.309637808E+00-4.431268025E+00-4.545030068E+00-4.649536396E+00
-4.743473993E+00-4.825636379E+00-4.894948606E+00-4.950485473E+00-4.991483964E+00
-5.017352050E+00-5.027675931E+00-5.022226530E+00-5.000966159E+00-4.964054156E+00
-4.911849871E+00-4.844910339E+00-4.763979682E+00-4.669967831E+00-4.563917686E+00
-4.446962848E+00-4.320279784E+00-4.185040772E+00-4.042373738E+00-3.893333284E+00
-3.738885091E+00-3.579903668E+00-3.417181445E+00-3.251446848E+00-3.083389395E+00
-2.913689224E+00-2.743049550E+00-2.572229669E+00-2.402075452E+00-2.233542832E+00
-2.067707455E+00-1.905754333E+00-1.748942658E+00-1.598548277E+00-1.455793707E+00
-1.321779791E+00-1.197430462E+00-1.083454822E+00-9.803242206E-01-8.882590716E-01
-8.072211576E-01-7.369101542E-01-6.767670242E-01-6.259900241E-01-5.835698884E-01
-5.483472390E-01-5.190875994E-01-4.945612872E-01-4.736125824E-01-4.552073163E-01
-4.384563114E-01-4.226189417E-01-4.070937052E-01-3.914021603E-01-3.751707424E-01
-3.581131308E-01-3.400144501E-01-3.207177996E-01-3.001130995E-01-2.781280653E-01
-2.547210167E-01-2.298752468E-01-2.035946464E-01-1.759004006E-01-1.468285065E-01
-1.164279876E-01-8.475964833E-02-5.189525968E-02-1.791708033E-02 1.708237649E-02
 5.300040612E-02 8.972408379E-02 1.271302197E-01 1.650853725E-01 2.034460022E-01
 2.420588354E-01 2.807615283E-01 3.193836684E-01 3.577481968E-01 3.956732376E-01
 4.329743707E-01 4.694672648E-01 5.049706505E-01 5.393094804E-01 5.723181902E-01
 6.038438979E-01 6.337494248E-01 6.619159889E-01 6.882454508E-01 7.126620496E-01
 7.351134998E-01 7.555714527E-01 7.740312772E-01 7.905111743E-01 8.050506674E-01
 8.177085509E-01 8.285603994E-01 8.376957550E-01 8.452151540E-01 8.512271164E-01
 8.558452407E-01 8.591855167E-01 8.613639225E-01-1.956122281E+00-2.024850519E+00
-2.094669323E+00-2.165357658E+00-2.236603958E+00-2.307987042E+00-2.378961907E+00
-2.448859208E+00-2.523919612E+00-2.615724055E+00-2.722655939E+00-2.846015665E+00
-2.984649284E+00-3.131811433E+00-3.283546649E+00-3.439217309E+00-3.597972407E+00
-3.758815684E+00-3.920589260E+00-4.081966572E+00-4.241454107E+00-4.397403662E+00
-4.548039225E+00-4.691502835E+00-4.825917154E+00-4.949455441E+00-5.060406090E+00
-5.157221758E+00-5.238549918E+00-5.303247203E+00-5.350383779E+00-5.379243679E+00
-5.389326721E+00-5.380354746E+00-5.352283574E+00-5.305319455E+00-5.239936548E+00
-5.156889188E+00-5.057210796E+00-4.942190749E+00-4.813323646E+00-4.672232634E+00
-4.520577174E+00-4.359961752E+00-4.191862134E+00-4.017579147E+00-3.838221611E+00
-3.654714048E+00-3.467822478E+00-3.278191945E+00-3.086391480E+00-2.892964554E+00
-2.698484556E+00-2.503615117E+00-2.309174610E+00-2.116199192E+00-1.925991537E+00
-1.740131465E+00-1.560421859E+00-1.388762340E+00-1.226983326E+00-1.076698333E+00
-9.392136595E-01-8.154944484E-01-7.061623291E-01-6.114996966E-01-5.314454973E-01
-4.655781093E-01-4.130912626E-01-3.727810306E-01-3.430733406E-01-3.221201423E-01
-3.079634217E-01-2.987209298E-01-2.927302223E-01-2.886179272E-01-2.853037697E-01
-2.819674893E-01-2.780029354E-01-2.729729592E-01-2.665706710E-01-2.585882547E-01
-2.488927111E-01-2.374073553E-01-2.240978779E-01-2.089619111E-01-1.920213095E-01
-1.733164561E-01-1.529021270E-01-1.308445236E-01-1.072191920E-01-8.210960974E-02
-5.560627001E-02-2.780613691E-02 1.187636246E-03 3.126581149E-02 6.231306525E-02
 9.420794818E-02 1.268228671E-01 1.600241417E-01 1.936721922E-01 2.276219037E-01
 2.617232083E-01 2.958219261E-01 3.297608714E-01 3.633812426E-01 3.965242807E-01
 4.290331662E-01 4.607550871E-01 4.915434453E-01 5.212600913E-01 5.497775100E-01
 5.769808897E-01 6.027699380E-01 6.270604302E-01 6.497853755E-01 6.708957808E-01
 6.903609642E-01 7.081684197E-01 7.243232221E-01 7.388470256E-01 7.517766835E-01
 7.631625666E-01 7.730666511E-01 7.815604656E-01 7.887229993E-01 7.946386068E-01
 7.993950569E-01 8.030816997E-01-1.977542901E+00-2.048133129E+00-2.119853957E+00
-2.192459953E+00-2.265600642E+00-2.338786655E+00-2.411354807E+00-2.482467444E+00
-2.557785525E+00-2.650030992E+00-2.757072531E+00-2.880109143E+00-3.018962403E+00
-3.172451059E+00-3.343148612E+00-3.520732770E+00-3.702887089E+00-3.888634962E+00
-4.076721774E+00-4.265625974E+00-4.453559319E+00-4.638457988E+00-4.817992050E+00
-4.989633697E+00-5.150789005E+00-5.298954948E+00-5.431851106E+00-5.547495427E+00
-5.644225235E+00-5.720682442E+00-5.775784659E+00-5.808698513E+00-5.818824902E+00
-5.805801027E+00-5.769521650E+00-5.710178624E+00-5.628314937E+00-5.524882801E+00
-5.401286655E+00-5.259383294E+00-5.101410239E+00-4.929833254E+00-4.747139862E+00
-4.555636681E+00-4.357305201E+00-4.153737354E+00-3.946139521E+00-3.735379471E+00
-3.522052916E+00-3.306555460E+00-3.089154430E+00-2.870060534E+00-2.649503914E+00
-2.427822314E+00-2.205571626E+00-1.983669805E+00-1.763572720E+00-1.547433785E+00
-1.338100869E+00-1.138783481E+00-9.524976365E-01-7.816682937E-01-6.280507737E-01
-4.928278799E-01-3.767268836E-01-2.800921074E-01-2.028982641E-01-1.447014232E-01
-1.045266799E-01-8.070891313E-02-7.076804058E-02-7.150753666E-02-7.948077636E-02
-9.160188432E-02-1.054905242E-01-1.194754695E-01-1.324443742E-01-1.436834719E-01
-1.527528467E-01-1.593985387E-01-1.634924811E-01-1.649916959E-01-1.639105271E-01
-1.603016847E-01-1.542432936E-01-1.458300697E-01-1.351673488E-01-1.223671116E-01
-1.075454002E-01-9.082071183E-02-7.231307767E-02-5.214361503E-02-3.043440468E-02
-7.308579920E-03 1.710945503E-02 4.269374195E-02 6.931647543E-02 9.684774148E-02
 1.251553289E-01 1.541046444E-01 1.835587645E-01 2.133786486E-01 2.434235283E-01
 2.735515089E-01 3.036203446E-01 3.334884329E-01 3.630159831E-01 3.920663358E-01
 4.205074084E-01 4.482132030E-01 4.750653484E-01 5.009545863E-01 5.257821747E-01
 5.494611391E-01 5.719173019E-01 5.930900880E-01 6.129330370E-01 6.314140136E-01
 6.485151095E-01 6.642322478E-01 6.785744814E-01 6.915630613E-01 7.032302602E-01
 7.136180529E-01 7.227766688E-01 7.307630981E-01 7.376395823E-01 7.434721528E-01
 7.483292634E-01-1.998213354E+00-2.071239660E+00-2.145694682E+00-2.221397188E+00
-2.298074848E+00-2.375314815E+00-2.452455300E+00-2.528267615E+00-2.607266505E+00
-2.701274054E+00-2.809191693E+00-2.932864108E+00-3.073578466E+00-3.230256371E+00
-3.404338320E+00-3.595491723E+00-3.802985384E+00-4.018108086E+00-4.237882915E+00
-4.460529091E+00-4.684040340E+00-4.905968825E+00-5.123187845E+00-5.331965301E+00
-5.528355344E+00-5.708680518E+00-5.869845301E+00-6.009406621E+00-6.125490184E+00
-6.216659502E+00-6.281797152E+00-6.320020194E+00-6.330633996E+00-6.313124424E+00
-6.267189426E+00-6.192813578E+00-6.090390489E+00-5.960892097E+00-5.806064053E+00
-5.628577188E+00-5.432000833E+00-5.220469049E+00-4.998094347E+00-4.768411394E+00
-4.534095361E+00-4.296958574E+00-4.058092667E+00-3.818043397E+00-3.576965993E+00
-3.334747972E+00-3.091103947E+00-2.845651743E+00-2.597981976E+00-2.347735803E+00
-2.094714162E+00-1.839065241E+00-1.581658131E+00-1.324881840E+00-1.073902087E+00
-8.360531297E-01-6.171188257E-01-4.202325647E-01-2.470160136E-01-9.837974026E-02
 2.511927474E-02 1.231329145E-01 1.954915006E-01 2.422682076E-01 2.639780163E-01
 2.620475588E-01 2.398429658E-01 2.039280595E-01 1.622987227E-01 1.204101934E-01
 8.096016401E-02 4.518534763E-02 1.361363715E-02-1.358953256E-02-3.645276828E-02
-5.510998154E-02-6.975072637E-02-8.059138425E-02-8.785820758E-02-9.177741506E-02
-9.256959726E-02-9.044680003E-02-8.561127114E-02-7.825523942E-02-6.856131582E-02
-5.670325808E-02-4.284692753E-02-2.715132833E-02-9.769659103E-03 9.149674907E-03
 2.946211756E-02 5.102611217E-02 7.370236075E-02 9.735320988E-02 1.218421730E-01
 1.470336004E-01 1.727925052E-01 1.989845558E-01 2.254762278E-01 2.521351402E-01
 2.788305262E-01 3.054338882E-01 3.318197647E-01 3.578666184E-01 3.834578123E-01
 4.084826253E-01 4.328372947E-01 4.564260255E-01 4.791619286E-01 5.009678655E-01
 5.217771380E-01 5.415340349E-01 5.601941572E-01 5.777245581E-01 5.941036687E-01
 6.093210001E-01 6.233766649E-01 6.362807042E-01 6.480522646E-01 6.587186621E-01
 6.683143319E-01 6.768797567E-01 6.844603488E-01 6.911053611E-01 6.968668426E-01
-2.017396144E+00-2.093275117E+00-2.171085392E+00-2.250793390E+00-2.332342740E+00
-2.415658630E+00-2.500681279E+00-2.587526040E+00-2.676921572E+00-2.771590696E+00
-2.879395269E+00-3.003968567E+00-3.145506533E+00-3.303077163E+00-3.483871283E+00
-3.682583020E+00-3.900966317E+00-4.141540631E+00-4.398532615E+00-4.661427696E+00
-4.928655917E+00-5.198571673E+00-5.466947372E+00-5.727067720E+00-5.971468172E+00
-6.194152908E+00-6.391184316E+00-6.560142109E+00-6.699498497E+00-6.808194904E+00
-6.885390729E+00-6.930322688E+00-6.942235283E+00-6.920362322E+00-6.863956390E+00
-6.772376567E+00-6.645263756E+00-6.482858253E+00-6.286545351E+00-6.059685766E+00
-5.808417215E+00-5.541149426E+00-5.265995499E+00-4.988606048E+00-4.712084113E+00
-4.437773849E+00-4.165952407E+00-3.896269409E+00-3.628003172E+00-3.360205224E+00
-3.091779242E+00-2.821520761E+00-2.548133315E+00-2.270228277E+00-1.986310331E+00
-1.694737871E+00-1.393608840E+00-1.080280182E+00-7.481582619E-01-4.604881860E-01
-1.981170674E-01 3.351146303E-02 2.212684363E-01 3.868476687E-01 5.230350259E-01
 6.149688908E-01 6.842152044E-01 7.226361611E-01 7.137041127E-01 6.785854896E-01
 6.068621176E-01 4.921005367E-01 4.002061179E-01 3.210018610E-01 2.525736105E-01
 1.936508145E-01 1.432086066E-01 1.003680383E-01 6.435962943E-02 3.450512645E-02
 1.020529118E-02-9.070002951E-03-2.379049918E-02-3.437342201E-02-4.119054848E-02
-4.457451338E-02-4.482437647E-02-4.221050555E-02-3.697883286E-02-2.935455087E-02
-1.954531358E-02-7.743999588E-03 5.868906381E-03 2.112327150E-02 3.785757091E-02
 5.591741395E-02 7.515431150E-02 9.542466929E-02 1.165889867E-01 1.385112534E-01
 1.610585289E-01 1.841007007E-01 2.075104047E-01 2.311631111E-01 2.549373395E-01
 2.787150170E-01 3.023819463E-01 3.258283576E-01 3.489495388E-01 3.716464919E-01
 3.938266270E-01 4.154044172E-01 4.363020282E-01 4.564498671E-01 4.757870469E-01
 4.942617260E-01 5.118313326E-01 5.284626253E-01 5.441316327E-01 5.588234264E-01
 5.725317730E-01 5.852586392E-01 5.970136030E-01 6.078131624E-01 6.176799826E-01
 6.266420850E-01 6.347320310E-01 6.419860869E-01 6.484434237E-01-2.033864252E+00
-2.112679272E+00-2.193999488E+00-2.277950270E+00-2.364691828E+00-2.454444753E+00
-2.547533359E+00-2.644445002E+00-2.745877492E+00-2.852725008E+00-2.966024460E+00
-3.088456446E+00-3.229727510E+00-3.390297996E+00-3.572768202E+00-3.778238442E+00
-4.008919765E+00-4.267555377E+00-4.553834024E+00-4.855613044E+00-5.171800806E+00
-5.503985558E+00-5.849759826E+00-6.191389046E+00-6.504222273E+00-6.781022832E+00
-7.020437171E+00-7.222443219E+00-7.387273600E+00-7.515058702E+00-7.605684335E+00
-7.658729473E+00-7.673436352E+00-7.648695087E+00-7.583038497E+00-7.474654062E+00
-7.321436376E+00-7.121139142E+00-6.871794511E+00-6.573019242E+00-6.231563272E+00
-5.876056166E+00-5.528822973E+00-5.194175363E+00-4.871784468E+00-4.560054848E+00
-4.257006198E+00-3.960569016E+00-3.668683161E+00-3.379314284E+00-3.090430707E+00
-2.799957545E+00-2.505712327E+00-2.205318580E+00-1.896083371E+00-1.574808953E+00
-1.237481115E+00-8.787835557E-01-4.969256014E-01-1.608929689E-01 1.347524475E-01
 3.888003673E-01 5.978801536E-01 7.745237188E-01 9.140403981E-01 1.010143558E+00
 1.073414455E+00 1.096906724E+00 1.071619089E+00 1.005416495E+00 8.872082442E-01
 7.258853199E-01 5.928445929E-01 4.820920152E-01 3.891616507E-01 3.108670585E-01
 2.448418358E-01 1.892575049E-01 1.426597963E-01 1.038682809E-01 7.191023983E-02
 4.597436709E-02 2.537689741E-02 9.536062040E-03-2.047583709E-03-9.806549713E-03
-1.411859335E-02-1.531645945E-02-1.369573439E-02-9.521226012E-03-3.032180050E-03
 5.553432260E-03 1.603537501E-02 2.822821880E-02 4.195891557E-02 5.706479408E-02
 7.339191206E-02 9.079371441E-02 1.091299589E-01 1.282658765E-01 1.480715418E-01
 1.684214322E-01 1.891941553E-01 2.102723286E-01 2.315425974E-01 2.528957597E-01
 2.742270046E-01 2.954362198E-01 3.164283682E-01 3.371138865E-01 3.574091255E-01
 3.772367665E-01 3.965262203E-01 4.152139823E-01 4.332439225E-01 4.505675031E-01
 4.671438984E-01 4.829400316E-01 4.979304933E-01 5.120973791E-01 5.254300044E-01
 5.379245558E-01 5.495836415E-01 5.604157797E-01 5.704348346E-01 5.796594104E-01
 5.881122383E-01 5.958195242E-01 6.028103394E-01-2.046188806E+00-2.127644410E+00
-2.212118763E+00-2.299852606E+00-2.391143167E+00-2.486363765E+00-2.585987416E+00
-2.690610472E+00-2.800970621E+00-2.917953963E+00-3.042594887E+00-3.176078483E+00
-3.319723347E+00-3.477033819E+00-3.659984792E+00-3.868047250E+00-4.104819338E+00
-4.375132617E+00-4.680486956E+00-5.010737520E+00-5.368645107E+00-5.763061401E+00
-6.207725545E+00-6.669673420E+00-7.059478007E+00-7.390631333E+00-7.670529506E+00
-7.903648379E+00-8.092716161E+00-8.239173736E+00-8.343397273E+00-8.404935111E+00
-8.422875225E+00-8.396013401E+00-8.322557755E+00-8.199738613E+00-8.023532501E+00
-7.788329013E+00-7.486282046E+00-7.105776637E+00-6.627378306E+00-6.154619815E+00
-5.731737132E+00-5.344177448E+00-4.982909996E+00-4.641503089E+00-4.315001251E+00
-3.999385096E+00-3.691248042E+00-3.387573296E+00-3.085562990E+00-2.782494633E+00
-2.475587989E+00-2.161871125E+00-1.838037873E+00-1.500298529E+00-1.144244762E+00
-7.647890140E-01-3.634309044E-01-5.800463452E-03 3.060244188E-01 5.722124219E-01
 7.926656473E-01 9.749827527E-01 1.116570327E+00 1.214505883E+00 1.273896030E+00
 1.289442740E+00 1.255296674E+00 1.173716996E+00 1.036234491E+00 8.575750574E-01
 7.059893356E-01 5.791103992E-01 4.727683330E-01 3.834864149E-01 3.084485891E-01
 2.453975457E-01 1.925236675E-01 1.483680226E-01 1.117445040E-01 8.167949331E-02
 5.736572102E-02 3.812705725E-02 2.339154937E-02 1.267064059E-02 5.543024534E-03
 1.641994600E-03 6.454465129E-04 2.267912667E-03 6.254166771E-03 1.237405438E-02
 2.041829041E-02 3.019502812E-02 4.152704900E-02 5.424946228E-02 6.820782154E-02
 8.325659341E-02 9.925792374E-02 1.160806568E-01 1.335995746E-01 1.516948276E-01
 1.702515325E-01 1.891595145E-01 2.083131773E-01 2.276114788E-01 2.469579983E-01
 2.662610763E-01 2.854340075E-01 3.043952722E-01 3.230687881E-01 3.413841675E-01
 3.592769522E-01 3.766888424E-01 3.935678585E-01 4.098684703E-01 4.255516675E-01
 4.405849451E-01 4.549422367E-01 4.686037758E-01 4.815558743E-01 4.937906458E-01
 5.053056758E-01 5.161036269E-01 5.261918079E-01 5.355817271E-01 5.442885954E-01
 5.523308504E-01 5.597296576E-01-2.053041113E+00-2.136535718E+00-2.223429581E+00
-2.314029190E+00-2.408701628E+00-2.507888789E+00-2.612123139E+00-2.722044066E+00
-2.838414120E+00-2.962135308E+00-3.094267851E+00-3.236055433E+00-3.388962561E+00
-3.554729226E+00-3.735300354E+00-3.937645038E+00-4.170331820E+00-4.439927679E+00
-4.747654480E+00-5.085276194E+00-5.457120554E+00-5.873968490E+00-6.349936731E+00
-6.845871200E+00-7.263821038E+00-7.615800241E+00-7.910778129E+00-8.154871045E+00
-8.351961805E+00-8.504215903E+00-8.612431001E+00-8.676361511E+00-8.695115194E+00
-8.667318383E+00-8.590807947E+00-8.462182691E+00-8.276401451E+00-8.026272994E+00
-7.701698156E+00-7.288736814E+00-6.769121572E+00-6.256262314E+00-5.802071039E+00
-5.391757237E+00-5.014031773E+00-4.660514663E+00-4.324896471E+00-4.002262179E+00
-3.688613774E+00-3.380537913E+00-3.074965464E+00-2.768984293E+00-2.459679067E+00
-2.143979745E+00-1.818507809E+00-1.479419074E+00-1.122262706E+00-7.419158896E-01
-3.397176094E-01 1.836336828E-02 3.306639596E-01 5.972260504E-01 8.177784133E-01
 1.000260285E+00 1.141940848E+00 1.239710406E+00 1.299022802E+00 1.314439646E+00
 1.279913974E+00 1.198058708E+00 1.060256958E+00 8.809958231E-01 7.288805448E-01
 6.013956941E-01 4.943707496E-01 4.043305702E-01 3.284615920E-01 2.645091192E-01
 2.106659330E-01 1.654752185E-01 1.277527322E-01 9.652654951E-02 7.099099344E-02
 5.047149572E-02 3.439769403E-02 2.228270616E-02 1.370703125E-02 8.305945055E-03
 5.759544000E-03 5.784819009E-03 8.129297589E-03 1.256590931E-02 1.888881577E-02
 2.691000786E-02 3.645652125E-02 4.736815283E-02 5.949559208E-02 7.269889229E-02
 8.684623236E-02 1.018129204E-01 1.174806064E-01 1.337366730E-01 1.504737802E-01
 1.675895423E-01 1.849863188E-01 2.025711020E-01 2.202554776E-01 2.379556651E-01
 2.555925880E-01 2.730919892E-01 2.903845741E-01 3.074061442E-01 3.240977406E-01
 3.404057719E-01 3.562821052E-01 3.716841301E-01 3.865747898E-01 4.009225517E-01
 4.147013362E-01 4.278903981E-01 4.404741561E-01 4.524419704E-01 4.637878862E-01
 4.745103341E-01 4.846118001E-01 4.940984656E-01 5.029798408E-01 5.112683834E-01
 5.189791087E-01
 3.194653330E+00 3.210343120E+00 3.219899540E+00 3.235864870E+00 3.245897060E+00
 3.256626060E+00 3.267478040E+00 3.279108410E+00 3.290036140E+00 3.301675580E+00
 3.313276050E+00 3.325178220E+00 3.337022720E+00 3.349118790E+00 3.360901000E+00
 3.373339570E+00 3.385343550E+00 3.397967730E+00 3.410163190E+00 3.422559970E+00
 3.435425160E+00 3.447821700E+00 3.460636580E+00 3.473529550E+00 3.486259610E+00
 3.499413600E+00 3.512489120E+00 3.525561910E+00 3.538814730E+00 3.552258610E+00
 3.565572800E+00 3.579168910E+00 3.592953390E+00 3.606576270E+00 3.620403110E+00
 3.634444100E+00 3.648488680E+00 3.662601650E+00 3.676913180E+00 3.691336810E+00
 3.705834570E+00 3.720420880E+00 3.735273780E+00 3.750091180E+00 3.765084530E+00
 3.780220360E+00 3.795569320E+00 3.810905900E+00 3.826440750E+00 3.842144920E+00
 3.858021350E+00 3.873948180E+00 3.890071290E+00 3.906372040E+00 3.922863430E+00
 3.939434220E+00 3.956145580E+00 3.973123220E+00 3.990310700E+00 4.007559410E+00
 4.024973100E+00 4.042653390E+00 4.060582270E+00 4.078587590E+00 4.096824920E+00
 4.115290510E+00 4.134003680E+00 4.152898180E+00 4.171957640E+00 4.191290780E+00
 4.210929820E+00 4.230739380E+00 4.250778590E+00 4.271081210E+00 4.291737890E+00
 4.312609460E+00 4.333729130E+00 4.355164590E+00 4.376918440E+00 4.399016020E+00
 4.421350990E+00 4.444010670E+00 4.467040170E+00 4.490513590E+00 4.514244980E+00
 4.538379570E+00 4.562930230E+00 4.587902650E+00 4.613315480E+00 4.639096780E+00
 4.665415090E+00 4.692233720E+00 4.719561820E+00 4.747374160E+00 4.775713940E+00
 4.804743240E+00 4.834363260E+00 4.864619700E+00 4.895513730E+00 4.927251650E+00
 4.959778900E+00 4.993076610E+00 5.027286580E+00 5.062421630E+00 5.098681910E+00
 5.135816390E+00 5.174233650E+00 5.213790090E+00 5.254808040E+00 5.297207930E+00
 5.341404720E+00 5.387516280E+00 5.435775790E+00 5.486553960E+00 5.540054440E+00
 5.596591120E+00 5.656475600E+00 5.720301060E+00 5.788438170E+00 5.862202140E+00
 5.942917360E+00 6.031506730E+00 6.132437880E+00 6.246710610E+00 6.382959860E+00
 6.554832600E+00 6.785682590E+00 7.143460710E+00 8.796797790E+00
   90    6
 2.671584565E+00 0.000000000E+00 2.675717624E+00 2.352941176E-01 2.688393953E+00
 4.705882353E-01 2.704301765E+00 6.470588235E-01 2.726470588E+00 8.406367294E-01
 2.757720588E+00 1.054917285E+00 2.788028047E+00 1.235294118E+00 2.820220588E+00
 1.397638993E+00 2.851470588E+00 1.542044951E+00 2.891664871E+00 1.705882353E+00
 2.939309153E+00 1.882352941E+00 2.976470588E+00 2.008569261E+00 3.029988282E+00
 2.176470588E+00 3.070220588E+00 2.298982179E+00 3.130204400E+00 2.470588235E+00
 3.176258565E+00 2.588235294E+00 3.213636094E+00 2.691103576E+00 3.320220588E+00
 2.627479741E+00 3.413970588E+00 2.573951647E+00 3.507720588E+00 2.520509718E+00
 3.601470588E+00 2.468019718E+00 3.703903318E+00 2.411764706E+00 3.806547059E+00
 2.352941176E+00 3.905616706E+00 2.294117647E+00 4.000214000E+00 2.235294118E+00
 4.089765106E+00 2.176470588E+00 4.174031412E+00 2.117647059E+00 4.257720588E+00
 2.054360736E+00 4.351470588E+00 1.979052899E+00 4.445220588E+00 1.896876466E+00
 4.522394612E+00 1.823529412E+00 4.601470588E+00 1.743043254E+00 4.687484212E+00
 1.647058824E+00 4.757720588E+00 1.561927247E+00 4.826887788E+00 1.470588235E+00
 4.905431718E+00 1.352941176E+00 4.975015294E+00 1.235294118E+00 5.037190682E+00
 1.117647059E+00 5.093154824E+00 1.000000000E+00 5.143797318E+00 8.823529412E-01
 5.195220588E+00 7.465236212E-01 5.248004141E+00 5.882352941E-01 5.288970588E+00
 4.406657812E-01 5.320220588E+00 2.927751200E-01 5.345612847E+00 5.882352941E-02
 5.337768541E+00-1.764705882E-01 5.309704376E+00-3.529411765E-01 5.265845412E+00
-5.294117647E-01 5.226470588E+00-6.570848894E-01 5.167016376E+00-8.235294118E-01
 5.118831341E+00-9.411764706E-01 5.065529953E+00-1.058823529E+00 5.006561647E+00
-1.176470588E+00 4.940870682E+00-1.294117647E+00 4.867157835E+00-1.411764706E+00
 4.788970588E+00-1.521176948E+00 4.726470588E+00-1.601199720E+00 4.636559882E+00
-1.705882353E+00 4.570220588E+00-1.776394358E+00 4.476470588E+00-1.868142148E+00
 4.396212918E+00-1.941176471E+00 4.320220588E+00-2.005881845E+00 4.226470588E+00
-2.079131986E+00 4.132720588E+00-2.147301692E+00 4.038970588E+00-2.210443755E+00
 3.945220588E+00-2.269841127E+00 3.851470588E+00-2.326374744E+00 3.757720588E+00
-2.380803882E+00 3.663970588E+00-2.433650588E+00 3.570220588E+00-2.485595765E+00
 3.476470588E+00-2.538569176E+00 3.382720588E+00-2.592646306E+00 3.281559247E+00
-2.647058824E+00 3.215040565E+00-2.690075459E+00 3.163970588E+00-2.564991341E+00
 3.110549012E+00-2.411764706E+00 3.068855365E+00-2.294117647E+00 3.011379741E+00
-2.117647059E+00 2.973859059E+00-2.000000000E+00 2.922996988E+00-1.823529412E+00
 2.882720588E+00-1.671629976E+00 2.848505718E+00-1.529411765E+00 2.810879812E+00
-1.352941176E+00 2.777663835E+00-1.176470588E+00 2.748945106E+00-1.000000000E+00
 2.724149906E+00-8.235294118E-01 2.698608118E+00-5.882352941E-01 2.684363271E+00
-4.117647059E-01 2.673899012E+00-1.764705882E-01 2.671584565E+00 0.000000000E+00
 5.380000000E+00 2.710000000E+00 2.620000000E+00 2.710000000E+00 2.620000000E+00
-2.710000000E+00 5.380000000E+00-2.710000000E+00 5.380000000E+00 2.710000000E+00
 5.380000000E+00 2.710000000E+00
    0 7.000000000E+00    0
