  EFITD    01/01/2017    #000001     1ms           3 129 129
 4.000000000E+00 7.529411765E+00 4.000000000E+00 1.976470588E+00 0.000000000E+00
 4.366427482E+00-9.454406471E-05-6.090479798E+00-3.183879070E+00 7.000000000E+00
 8.100000004E+06-6.090479798E+00 0.000000000E+00 4.366427482E+00 0.000000000E+00
-9.454406471E-05 0.000000000E+00-3.183879070E+00 0.000000000E+00 0.000000000E+00
 2.763257964E+01 2.764892241E+01 2.766431393E+01 2.767888867E+01 2.769271145E+01
 2.770582426E+01 2.771826705E+01 2.773007481E+01 2.774127942E+01 2.775191086E+01
 2.776199745E+01 2.777156529E+01 2.778064108E+01 2.778924721E+01 2.779739521E+01
 2.780510608E+01 2.781241342E+01 2.781934548E+01 2.782592655E+01 2.783217871E+01
 2.783812129E+01 2.784377202E+01 2.784914662E+01 2.785425975E+01 2.785912434E+01
 2.786375274E+01 2.786815582E+01 2.787234388E+01 2.787632639E+01 2.788011224E+01
 2.788370958E+01 2.788712599E+01 2.789036880E+01 2.789344452E+01 2.789635965E+01
 2.789911995E+01 2.790173112E+01 2.790419858E+01 2.790652711E+01 2.790872156E+01
 2.791078648E+01 2.791272614E+01 2.791454458E+01 2.791624574E+01 2.791783326E+01
 2.791931084E+01 2.792068168E+01 2.792194926E+01 2.792311645E+01 2.792418646E+01
 2.792516201E+01 2.792604599E+01 2.792684102E+01 2.792754959E+01 2.792817424E+01
 2.792871727E+01 2.792918108E+01 2.792956789E+01 2.792987985E+01 2.793011900E+01
 2.793028749E+01 2.793038706E+01 2.793041951E+01 2.793038714E+01 2.793029392E+01
 2.793014593E+01 2.792995141E+01 2.792971942E+01 2.792945960E+01 2.792918059E+01
 2.792889062E+01 2.792859720E+01 2.792830748E+01 2.792802806E+01 2.792776502E+01
 2.792752389E+01 2.792730986E+01 2.792712745E+01 2.792698102E+01 2.792687429E+01
 2.792681055E+01 2.792679293E+01 2.792682381E+01 2.792690542E+01 2.792703958E+01
 2.792722775E+01 2.792747111E+01 2.792777021E+01 2.792812573E+01 2.792853774E+01
 2.792900608E+01 2.792953034E+01 2.793011002E+01 2.793074439E+01 2.793143236E+01
 2.793217305E+01 2.793296545E+01 2.793380882E+01 2.793470276E+01 2.793564669E+01
 2.793664102E+01 2.793768839E+01 2.793879299E+01 2.793995474E+01 2.794116673E+01
 2.794242121E+01 2.794371605E+01 2.794506104E+01 2.794647586E+01 2.794798374E+01
 2.794961186E+01 2.795139340E+01 2.795336584E+01 2.795556952E+01 2.795804406E+01
 2.796082232E+01 2.796391978E+01 2.796732375E+01 2.797098624E+01 2.797482084E+01
 2.797870592E+01 2.798249975E+01 2.798606868E+01 2.798931116E+01 2.799216824E+01
 2.799463536E+01 2.799674327E+01 2.799852193E+01 2.800000000E+01
 1.128127366E+06 1.105265760E+06 1.083079323E+06 1.061549439E+06 1.040657487E+06
 1.020384848E+06 1.000712906E+06 9.816230319E+05 9.630966280E+05 9.451150613E+05
 9.276596088E+05 9.107121907E+05 8.942526386E+05 8.782648598E+05 8.627453079E+05
 8.476774233E+05 8.330277462E+05 8.187683984E+05 8.048757640E+05 7.913283359E+05
 7.781072245E+05 7.651954329E+05 7.525776328E+05 7.402399338E+05 7.281696756E+05
 7.163552819E+05 7.047861761E+05 6.934526599E+05 6.823457258E+05 6.714569703E+05
 6.607786330E+05 6.503035527E+05 6.400249929E+05 6.299365985E+05 6.200324589E+05
 6.103070589E+05 6.007551447E+05 5.913717574E+05 5.821522690E+05 5.730922878E+05
 5.641875998E+05 5.554342337E+05 5.468284654E+05 5.383667252E+05 5.300455624E+05
 5.218617012E+05 5.138120596E+05 5.058937049E+05 4.981037903E+05 4.904395667E+05
 4.828984141E+05 4.754778418E+05 4.681754710E+05 4.609889975E+05 4.539162064E+05
 4.469549578E+05 4.401031824E+05 4.333588800E+05 4.267201309E+05 4.201850842E+05
 4.137519624E+05 4.074190591E+05 4.011847462E+05 3.950474545E+05 3.890056284E+05
 3.830576936E+05 3.772019804E+05 3.714366576E+05 3.657597429E+05 3.601691590E+05
 3.546627669E+05 3.492383799E+05 3.438937894E+05 3.386267733E+05 3.334351130E+05
 3.283166257E+05 3.232691712E+05 3.182906438E+05 3.133789745E+05 3.085321272E+05
 3.037481053E+05 2.990249512E+05 2.943607380E+05 2.897535681E+05 2.852015539E+05
 2.807028002E+05 2.762554071E+05 2.718574390E+05 2.675068882E+05 2.632016625E+05
 2.589395433E+05 2.547181149E+05 2.505347031E+05 2.463863251E+05 2.422695522E+05
 2.381803441E+05 2.341139383E+05 2.300646726E+05 2.260256124E+05 2.219881643E+05
 2.179416953E+05 2.138729264E+05 2.097649857E+05 2.055965018E+05 2.013407477E+05
 1.969643984E+05 1.924256632E+05 1.876721352E+05 1.826388074E+05 1.772459801E+05
 1.713974283E+05 1.649804838E+05 1.578700412E+05 1.499365002E+05 1.410592437E+05
 1.311493134E+05 1.201812139E+05 1.082258189E+05 9.547326122E+04 8.223895082E+04
 6.894688239E+04 5.608156587E+04 4.410906500E+04 3.340021214E+04 2.418811561E+04
 1.655280319E+04 1.041860323E+04 5.606851252E+03 1.925005400E+03
 2.052063146E+01 1.926534617E+01 1.822650151E+01 1.729476966E+01 1.641114496E+01
 1.557919031E+01 1.479070023E+01 1.404159092E+01 1.332938355E+01 1.265173192E+01
 1.200688415E+01 1.139198963E+01 1.081101472E+01 1.024964129E+01 9.695871465E+00
 9.185032115E+00 8.712547095E+00 8.270288040E+00 7.856569735E+00 7.467698000E+00
 7.101190495E+00 6.754903400E+00 6.426932750E+00 6.115667985E+00 5.819708405E+00
 5.537793205E+00 5.268757200E+00 5.011628370E+00 4.765638500E+00 4.530026550E+00
 4.303988500E+00 4.086893650E+00 3.878270060E+00 3.677613695E+00 3.484348357E+00
 3.298094954E+00 3.118525546E+00 2.945230858E+00 2.777832407E+00 2.616105170E+00
 2.459782038E+00 2.308541554E+00 2.162124954E+00 2.020375518E+00 1.883108384E+00
 1.750085760E+00 1.621081518E+00 1.495961096E+00 1.374604574E+00 1.256866167E+00
 1.142580439E+00 1.031594827E+00 9.238006750E-01 8.190887005E-01 7.173518100E-01
 6.184980515E-01 5.224428020E-01 4.290603765E-01 3.382736147E-01 2.500791657E-01
 1.643445219E-01 8.058548155E-02-8.330873285E-04-7.868136325E-02-1.506181236E-01
-2.134144561E-01-2.652171298E-01-3.052960355E-01-3.339921399E-01-3.523105495E-01
-3.610111890E-01-3.606830990E-01-3.519311845E-01-3.353935343E-01-3.116828488E-01
-2.814031815E-01-2.451298731E-01-2.034130165E-01-1.567875249E-01-1.057771481E-01
-5.088515075E-02 7.394905000E-03 6.857971190E-02 1.322061009E-01 1.978381811E-01
 2.650383533E-01 3.333828635E-01 4.024775475E-01 4.719523165E-01 5.414321360E-01
 6.105930635E-01 6.791540455E-01 7.468572335E-01 8.134946085E-01 8.789777185E-01
 9.432302110E-01 1.006307379E+00 1.068600456E+00 1.130609168E+00 1.191949465E+00
 1.254571402E+00 1.322583682E+00 1.395507946E+00 1.463186701E+00 1.519499331E+00
 1.567664840E+00 1.618999008E+00 1.691353839E+00 1.790957970E+00 1.920647680E+00
 2.087254831E+00 2.298274625E+00 2.557812009E+00 2.867857149E+00 3.225264858E+00
 3.616236575E+00 4.012126055E+00 4.372283720E+00 4.649858325E+00 4.797414615E+00
 4.775690850E+00 4.573838850E+00 4.222579340E+00 3.770307135E+00 3.273145144E+00
 2.809797767E+00 2.387573766E+00 1.998540173E+00 1.646397690E+00
-1.021843959E+06-9.917010254E+05-9.623780387E+05-9.338749739E+05-9.061918879E+05
-8.793287364E+05-8.532852919E+05-8.280628566E+05-8.036575047E+05-7.800759817E+05
-7.573198616E+05-7.353306481E+05-7.143508232E+05-6.937791195E+05-6.731115319E+05
-6.539982596E+05-6.362778227E+05-6.196198831E+05-6.039793557E+05-5.892156225E+05
-5.752390214E+05-5.619720692E+05-5.493456664E+05-5.373019597E+05-5.257907661E+05
-5.147666065E+05-5.041869227E+05-4.940169762E+05-4.842305815E+05-4.748008633E+05
-4.656978419E+05-4.568990607E+05-4.483890665E+05-4.401502429E+05-4.321607192E+05
-4.244077854E+05-4.168808023E+05-4.095646772E+05-4.024453545E+05-3.955161022E+05
-3.887677972E+05-3.821882729E+05-3.757681610E+05-3.695029768E+05-3.633866468E+05
-3.574102269E+05-3.515651136E+05-3.458471041E+05-3.402526581E+05-3.347767745E+05
-3.294132756E+05-3.241564690E+05-3.190027892E+05-3.139486057E+05-3.089902517E+05
-3.041244789E+05-2.993483991E+05-2.946586293E+05-2.900518297E+05-2.855249158E+05
-2.810748298E+05-2.766981420E+05-2.723914057E+05-2.681530032E+05-2.639831343E+05
-2.598835836E+05-2.558606743E+05-2.519223579E+05-2.480741637E+05-2.443187145E+05
-2.406589356E+05-2.370960843E+05-2.336308604E+05-2.302636534E+05-2.269937900E+05
-2.238190120E+05-2.207375638E+05-2.177481173E+05-2.148491583E+05-2.120388383E+05
-2.093156660E+05-2.066780451E+05-2.041244015E+05-2.016538317E+05-1.992666386E+05
-1.969628209E+05-1.947430652E+05-1.926097453E+05-1.905667151E+05-1.886177417E+05
-1.867700315E+05-1.850339656E+05-1.834217079E+05-1.819483165E+05-1.806380820E+05
-1.795205111E+05-1.786297595E+05-1.780109327E+05-1.777308155E+05-1.778690919E+05
-1.785251616E+05-1.798333484E+05-1.819750726E+05-1.851657817E+05-1.896614548E+05
-1.957871791E+05-2.039638151E+05-2.147049488E+05-2.286074169E+05-2.463679883E+05
-2.687454995E+05-2.964293682E+05-3.298256894E+05-3.689240561E+05-4.129437668E+05
-4.598771942E+05-5.061425094E+05-5.468336011E+05-5.763529314E+05-5.892641492E+05
-5.814399963E+05-5.516778068E+05-5.028049185E+05-4.403814989E+05-3.709775181E+05
-3.015056207E+05-2.387664507E+05-1.850304949E+05-1.392495244E+05
-2.497106541E+00-2.607935134E+00-2.723357586E+00-2.843498533E+00-2.968434920E+00
-3.098178801E+00-3.232661367E+00-3.371721614E+00-3.515103801E+00-3.662464565E+00
-3.813387142E+00-3.967396346E+00-4.123967734E+00-4.282527219E+00-4.443097957E+00
-4.589242087E+00-4.711154494E+00-4.800559792E+00-4.869228833E+00-4.957048266E+00
-5.072242630E+00-5.218845979E+00-5.403035618E+00-5.607156548E+00-5.774123435E+00
-5.909740089E+00-6.018306165E+00-6.102653326E+00-6.164460662E+00-6.204554763E+00
-6.223165578E+00-6.220132781E+00-6.194989284E+00-6.146895089E+00-6.074506253E+00
-5.975835280E+00-5.848073392E+00-5.687317990E+00-5.488163601E+00-5.243194585E+00
-4.942686882E+00-4.641867302E+00-4.373336761E+00-4.129070729E+00-3.902927208E+00
-3.690341520E+00-3.487876000E+00-3.292854876E+00-3.103106375E+00-2.916783834E+00
-2.732237345E+00-2.547914566E+00-2.362276581E+00-2.173717896E+00-1.980482145E+00
-1.780567398E+00-1.571623101E+00-1.350868582E+00-1.117815556E+00-9.100882920E-01
-7.244953475E-01-5.623696042E-01-4.254482109E-01-3.064373907E-01-2.082528058E-01
-1.342283069E-01-7.823551599E-02-4.457815416E-02-3.819544487E-02-5.437599709E-02
-9.925115665E-02-1.672261453E-01-2.195325893E-01-2.590752163E-01-2.880956875E-01
-3.083913606E-01-3.213819402E-01-3.281915576E-01-3.297182746E-01-3.266874790E-01
-3.196919300E-01-3.092216991E-01-2.956866987E-01-2.794337664E-01-2.607597467E-01
-2.399215964E-01-2.171442688E-01-1.926269169E-01-1.665478283E-01-1.390683586E-01
-1.103361069E-01-8.048748448E-02-4.964979958E-02-1.794295475E-02 1.451917710E-02
 4.762763997E-02 8.127750633E-02 1.153671806E-01 1.497978683E-01 1.844731914E-01
 2.192989337E-01 2.541829033E-01 2.890348947E-01 3.237667516E-01 3.582924994E-01
 3.925285586E-01 4.263940180E-01 4.598109445E-01 4.927047341E-01 5.250044955E-01
 5.566434220E-01 5.875591831E-01 6.176942732E-01 6.469963565E-01 6.754185520E-01
 7.029196830E-01 7.294644484E-01 7.550235518E-01 7.795737367E-01 8.030977749E-01
 8.255843502E-01 8.470279128E-01 8.674284260E-01 8.867910887E-01 9.051259848E-01
 9.224476994E-01 9.387748947E-01 9.541298757E-01 9.685381235E-01-2.538787574E+00
-2.654961453E+00-2.776621027E+00-2.904032014E+00-3.037413453E+00-3.176903853E+00
-3.322521932E+00-3.474133988E+00-3.631445099E+00-3.794026896E+00-3.961373052E+00
-4.132960036E+00-4.308626746E+00-4.477265572E+00-4.622605570E+00-4.741522597E+00
-4.837091867E+00-4.903882234E+00-4.948985913E+00-5.014908531E+00-5.107925403E+00
-5.230456639E+00-5.387754923E+00-5.564987308E+00-5.709720664E+00-5.828375421E+00
-5.924118292E+00-5.998661287E+00-6.052884731E+00-6.087095266E+00-6.101203313E+00
-6.094871961E+00-6.067569365E+00-6.018496487E+00-5.946469384E+00-5.849815380E+00
-5.726260913E+00-5.572755535E+00-5.385135111E+00-5.157337478E+00-4.879219911E+00
-4.600471308E+00-4.349054483E+00-4.117021564E+00-3.899508767E+00-3.693051358E+00
-3.494968855E+00-3.303077395E+00-3.115519172E+00-2.930644570E+00-2.746921495E+00
-2.562858815E+00-2.376935502E+00-2.187529589E+00-1.992844930E+00-1.790838304E+00
-1.579161211E+00-1.355145992E+00-1.119720481E+00-9.075564042E-01-7.193565046E-01
-5.553199385E-01-4.154039870E-01-2.954306372E-01-1.970077713E-01-1.215679325E-01
-6.624782735E-02-3.410105196E-02-2.810984836E-02-4.688198835E-02-9.507953451E-02
-1.645397464E-01-2.194258037E-01-2.610755635E-01-2.916352828E-01-3.129239250E-01
-3.264320958E-01-3.333629484E-01-3.346846453E-01-3.311794677E-01-3.234846356E-01
-3.121245066E-01-2.975354350E-01-2.800848061E-01-2.600856598E-01-2.378079471E-01
-2.134872963E-01-1.873318666E-01-1.595277761E-01-1.302434200E-01-9.963293733E-02
-6.783901251E-02-3.499514370E-02-1.227487630E-03 3.334364498E-02 6.860258394E-02
 1.044373372E-01 1.407388421E-01 1.774003995E-01 2.143172745E-01 2.513864415E-01
 2.885064736E-01 3.255775455E-01 3.625015485E-01 3.991823178E-01 4.355259302E-01
 4.714410884E-01 5.068395720E-01 5.416367145E-01 5.757519280E-01 6.091092349E-01
 6.416377882E-01 6.732723762E-01 7.039538771E-01 7.336296722E-01 7.622539734E-01
 7.897880786E-01 8.162005290E-01 8.414671845E-01 8.655711734E-01 8.885027762E-01
 9.102591851E-01 9.308441960E-01 9.502678076E-01 9.685457697E-01 9.856990599E-01
 1.001753334E+00 1.016738337E+00 1.030687319E+00-2.568398262E+00-2.689073669E+00
-2.816201827E+00-2.950274392E+00-3.091772595E+00-3.241109636E+00-3.398529531E+00
-3.563970873E+00-3.736980839E+00-3.916802943E+00-4.102627142E+00-4.291442516E+00
-4.449174073E+00-4.590543767E+00-4.709778832E+00-4.802747842E+00-4.873200628E+00
-4.916064695E+00-4.939536252E+00-4.981869268E+00-5.046674347E+00-5.131653553E+00
-5.233202790E+00-5.340926251E+00-5.440784152E+00-5.527458704E+00-5.599206912E+00
-5.655258320E+00-5.695143922E+00-5.718457149E+00-5.724748603E+00-5.713473420E+00
-5.683961730E+00-5.635401107E+00-5.566827286E+00-5.477126544E+00-5.365061844E+00
-5.229354118E+00-5.068907626E+00-4.883496722E+00-4.676492161E+00-4.461803585E+00
-4.251340490E+00-4.047747219E+00-3.850962367E+00-3.660160581E+00-3.474272825E+00
-3.292162123E+00-3.112683673E+00-2.934696277E+00-2.757050035E+00-2.578560072E+00
-2.397969334E+00-2.213898865E+00-2.024781827E+00-1.828773206E+00-1.623630166E+00
-1.406584716E+00-1.178274445E+00-9.725043070E-01-7.898383158E-01-6.301427922E-01
-4.932284949E-01-3.752382602E-01-2.776938619E-01-2.018956451E-01-1.452129032E-01
-1.104847406E-01-1.004706721E-01-1.140796170E-01-1.560903641E-01-2.187191806E-01
-2.670672689E-01-3.028000396E-01-3.282064451E-01-3.450549055E-01-3.547120221E-01
-3.582492844E-01-3.565205102E-01-3.502163053E-01-3.399028861E-01-3.260503773E-01
-3.090538638E-01-2.892493340E-01-2.669258776E-01-2.423351945E-01-2.156990309E-01
-1.872151056E-01-1.570618360E-01-1.254021638E-01-9.238666251E-02-5.815608061E-02
-2.284342680E-02 1.342431485E-02 5.052478215E-02 8.833909412E-02 1.267509389E-01
 1.656458652E-01 2.049107568E-01 2.444334757E-01 2.841026627E-01 3.238076897E-01
 3.634387482E-01 4.028870685E-01 4.420452603E-01 4.808077725E-01 5.190714253E-01
 5.567360526E-01 5.937051696E-01 6.298867134E-01 6.651937716E-01 6.995453168E-01
 7.328669135E-01 7.650913520E-01 7.961592219E-01 8.260193694E-01 8.546292617E-01
 8.819552039E-01 9.079724318E-01 9.326650621E-01 9.560259136E-01 9.780561896E-01
 9.987650381E-01 1.018169028E+00 1.036291508E+00 1.053161925E+00 1.068815068E+00
 1.083290320E+00 1.096630859E+00-2.583443853E+00-2.707167928E+00-2.838247419E+00
-2.977484579E+00-3.125798951E+00-3.284219579E+00-3.453788335E+00-3.635081747E+00
-3.827045522E+00-4.022960418E+00-4.200567615E+00-4.359093907E+00-4.495179546E+00
-4.609929863E+00-4.699985033E+00-4.766113592E+00-4.811961373E+00-4.832312878E+00
-4.843445212E+00-4.872179433E+00-4.916445979E+00-4.972536548E+00-5.036401390E+00
-5.103193152E+00-5.167933085E+00-5.226554931E+00-5.276206159E+00-5.314963158E+00
-5.341484739E+00-5.354767997E+00-5.353997522E+00-5.338457096E+00-5.307481888E+00
-5.260440338E+00-5.196742992E+00-5.115883158E+00-5.017523906E+00-4.901658336E+00
-4.768885030E+00-4.620823781E+00-4.460516631E+00-4.292196714E+00-4.120024346E+00
-3.946948033E+00-3.774597008E+00-3.603663015E+00-3.434258538E+00-3.266149619E+00
-3.098892579E+00-2.931910287E+00-2.764531673E+00-2.596008374E+00-2.425515269E+00
-2.252137176E+00-2.074837301E+00-1.892389966E+00-1.703216997E+00-1.504903959E+00
-1.295842380E+00-1.109040201E+00-9.405157603E-01-7.913118115E-01-6.630287477E-01
-5.497117556E-01-4.541692778E-01-3.791504938E-01-3.193481248E-01-2.783760523E-01
-2.599886151E-01-2.599238605E-01-2.840408864E-01-3.285299662E-01-3.596129639E-01
-3.811519493E-01-3.950852745E-01-4.025965777E-01-4.045401575E-01-4.015877833E-01
-3.942912545E-01-3.831147183E-01-3.684543233E-01-3.506517819E-01-3.300045199E-01
-3.067736581E-01-2.811904844E-01-2.534617550E-01-2.237741262E-01-1.922978447E-01
-1.591898513E-01-1.245964150E-01-8.865535499E-02-5.149793406E-02-1.325046310E-02
 2.596433644E-02 6.602619001E-02 1.068163211E-01 1.482166833E-01 1.901093627E-01
 2.323761448E-01 2.748982450E-01 3.175561946E-01 3.602298940E-01 4.027988172E-01
 4.451423665E-01 4.871403920E-01 5.286738267E-01 5.696254660E-01 6.098808393E-01
 6.493291693E-01 6.878643834E-01 7.253861525E-01 7.618009121E-01 7.970228543E-01
 8.309748249E-01 8.635891203E-01 8.948081417E-01 9.245849016E-01 9.528833235E-01
 9.796783759E-01 1.004956001E+00 1.028712846E+00 1.050955833E+00 1.071701546E+00
 1.090975483E+00 1.108811198E+00 1.125249349E+00 1.140336702E+00 1.154125102E+00
 1.166670447E+00-2.581738450E+00-2.706341899E+00-2.838858633E+00-2.980352437E+00
-3.132160318E+00-3.296033932E+00-3.474456385E+00-3.671630137E+00-3.870833240E+00
-4.047780684E+00-4.203783372E+00-4.341190107E+00-4.446166311E+00-4.531461307E+00
-4.593737182E+00-4.627299823E+00-4.643145323E+00-4.659488274E+00-4.681388227E+00
-4.710188756E+00-4.745831942E+00-4.787020814E+00-4.831674090E+00-4.877272855E+00
-4.921176313E+00-4.960911471E+00-4.994353237E+00-5.019768983E+00-5.035776534E+00
-5.041272595E+00-5.035365583E+00-5.017325658E+00-4.986555131E+00-4.942579397E+00
-4.885059122E+00-4.813825146E+00-4.728938583E+00-4.630775098E+00-4.520122896E+00
-4.398258757E+00-4.266935308E+00-4.128213600E+00-3.984164354E+00-3.836576916E+00
-3.686803269E+00-3.535746370E+00-3.383927676E+00-3.231574987E+00-3.078701672E+00
-2.925169107E+00-2.770733741E+00-2.615082981E+00-2.457865462E+00-2.298721813E+00
-2.137325996E+00-1.973457866E+00-1.807168197E+00-1.639278432E+00-1.473095732E+00
-1.315005372E+00-1.168866863E+00-1.035979505E+00-9.168605464E-01-8.117774688E-01
-7.209152365E-01-6.444326262E-01-5.824736177E-01-5.351471806E-01-5.024460174E-01
-4.840231646E-01-4.784450298E-01-4.809262018E-01-4.845576332E-01-4.861085348E-01
-4.845991740E-01-4.797483009E-01-4.715376429E-01-4.600646264E-01-4.454797016E-01
-4.279557708E-01-4.076722123E-01-3.848064125E-01-3.595294716E-01-3.320042837E-01
-3.023850331E-01-2.708174824E-01-2.374397500E-01-2.023832947E-01-1.657740258E-01
-1.277334434E-01-8.837973752E-02-4.782884991E-02-6.195456390E-03 3.640613307E-02
 7.986117041E-02 1.240537690E-01 1.688663161E-01 2.141790107E-01 2.598695385E-01
 3.058128900E-01 3.518813462E-01 3.979446325E-01 4.438702577E-01 4.895240349E-01
 5.347707947E-01 5.794752770E-01 6.235032036E-01 6.667224728E-01 7.090045074E-01
 7.502256540E-01 7.902686400E-01 8.290240174E-01 8.663915463E-01 9.022814793E-01
 9.366156800E-01 9.693285509E-01 1.000367743E+00 1.029694578E+00 1.057284236E+00
 1.083125633E+00 1.107221046E+00 1.129585475E+00 1.150245790E+00 1.169239664E+00
 1.186614383E+00 1.202425520E+00 1.216735576E+00 1.229612590E+00 1.241128771E+00
-2.562017943E+00-2.684785484E+00-2.815408022E+00-2.954977578E+00-3.104857702E+00
-3.266771820E+00-3.442890502E+00-3.635778375E+00-3.825352656E+00-3.985738613E+00
-4.119106334E+00-4.227339161E+00-4.307513761E+00-4.361916830E+00-4.390633107E+00
-4.414985957E+00-4.439666920E+00-4.465580291E+00-4.493464280E+00-4.523724839E+00
-4.556278763E+00-4.590518926E+00-4.625394699E+00-4.659550223E+00-4.691476172E+00
-4.719647485E+00-4.742627075E+00-4.759127136E+00-4.768032880E+00-4.768402112E+00
-4.759453428E+00-4.740553390E+00-4.711208382E+00-4.671064753E+00-4.619918209E+00
-4.557732922E+00-4.484667842E+00-4.401105320E+00-4.307672208E+00-4.205239197E+00
-4.094883815E+00-3.977811707E+00-3.855249390E+00-3.728337675E+00-3.598053636E+00
-3.465173619E+00-3.330272003E+00-3.193743228E+00-3.055834469E+00-2.916681813E+00
-2.776346569E+00-2.634851601E+00-2.492220783E+00-2.348526411E+00-2.203953071E+00
-2.058891098E+00-1.914073759E+00-1.770746372E+00-1.630743985E+00-1.496232621E+00
-1.369178022E+00-1.251028817E+00-1.142742741E+00-1.044924286E+00-9.579341282E-01
-8.819469705E-01-8.169632296E-01-7.627763410E-01-7.188885965E-01-6.843672299E-01
-6.576759441E-01-6.366658525E-01-6.189739837E-01-6.026024883E-01-5.861595707E-01
-5.687683056E-01-5.499025315E-01-5.292601835E-01-5.066811540E-01-4.820958383E-01
-4.554927419E-01-4.268977816E-01-3.963609603E-01-3.639476972E-01-3.297332415E-01
-2.937991247E-01-2.562309550E-01-2.171171698E-01-1.765483843E-01-1.346172046E-01
-9.141830256E-02-4.704869821E-02-1.608159666E-03 4.480032961E-02 9.207007668E-02
 1.400901966E-01 1.887451719E-01 2.379144866E-01 2.874723610E-01 3.372876338E-01
 3.872237852E-01 4.371391798E-01 4.868875122E-01 5.363184894E-01 5.852787779E-01
 6.336131839E-01 6.811660955E-01 7.277831327E-01 7.733129794E-01 8.176093495E-01
 8.605330336E-01 9.019539258E-01 9.417529960E-01 9.798241096E-01 1.016075624E+00
 1.050431719E+00 1.082833376E+00 1.113239004E+00 1.141624660E+00 1.167983875E+00
 1.192327083E+00 1.214680704E+00 1.235085879E+00 1.253596976E+00 1.270279858E+00
 1.285210064E+00 1.298470888E+00 1.310151498E+00 1.320345108E+00-2.524469420E+00
-2.642613763E+00-2.767904579E+00-2.901233932E+00-3.043680028E+00-3.196555823E+00
-3.361446544E+00-3.540223579E+00-3.711103820E+00-3.850026915E+00-3.958468318E+00
-4.038753581E+00-4.087253088E+00-4.127209107E+00-4.164285642E+00-4.199218403E+00
-4.232723765E+00-4.265398835E+00-4.297673553E+00-4.329755720E+00-4.361589647E+00
-4.392845960E+00-4.422947626E+00-4.451123920E+00-4.476478569E+00-4.498059147E+00
-4.514917337E+00-4.526154871E+00-4.530954187E+00-4.528596238E+00-4.518469772E+00
-4.500076136E+00-4.473032902E+00-4.437078829E+00-4.392080853E+00-4.338042829E+00
-4.275114621E+00-4.203598242E+00-4.123946962E+00-4.036753179E+00-3.942721952E+00
-3.842630962E+00-3.737282134E+00-3.627453326E+00-3.513858837E+00-3.397123698E+00
-3.277773475E+00-3.156237063E+00-3.032859239E+00-2.907919809E+00-2.781657442E+00
-2.654296991E+00-2.526081019E+00-2.397306073E+00-2.268364717E+00-2.139791430E+00
-2.012304949E+00-1.886828305E+00-1.764459155E+00-1.646376184E+00-1.533709280E+00
-1.427430986E+00-1.328303458E+00-1.236871857E+00-1.153477302E+00-1.078268606E+00
-1.011202475E+00-9.520293506E-01-9.002681630E-01-8.551823247E-01-8.157818660E-01
-7.808825633E-01-7.492290167E-01-7.196390934E-01-6.911070896E-01-6.628398320E-01
-6.342433273E-01-6.048884064E-01-5.744738743E-01-5.427947964E-01-5.097176058E-01
-4.751613622E-01-4.390839474E-01-4.014720221E-01-3.623337791E-01-3.216937536E-01
-2.795891731E-01-2.360674264E-01-1.911843792E-01-1.450033014E-01-9.759426624E-02
-4.903389376E-02 5.946511433E-04 5.120147704E-02 1.026896607E-01 1.549548698E-01
 2.078849633E-01 2.613596133E-01 3.152500042E-01 3.694186549E-01 4.237194037E-01
 4.779976324E-01 5.320907607E-01 5.858290525E-01 6.390367723E-01 6.915337127E-01
 7.431370887E-01 7.936637572E-01 8.429327510E-01 8.907680130E-01 9.370012797E-01
 9.814749702E-01 1.024045006E+00 1.064583413E+00 1.102980631E+00 1.139147398E+00
 1.173016173E+00 1.204542001E+00 1.233702809E+00 1.260499123E+00 1.284953201E+00
 1.307107655E+00 1.327023610E+00 1.344778489E+00 1.360463552E+00 1.374181250E+00
 1.386042556E+00 1.396164364E+00 1.404667007E+00-2.470812700E+00-2.581992058E+00
-2.699152138E+00-2.822837246E+00-2.953655455E+00-3.092340307E+00-3.239869691E+00
-3.397645855E+00-3.545451053E+00-3.654767006E+00-3.732797406E+00-3.794556590E+00
-3.850232061E+00-3.900733035E+00-3.947018954E+00-3.989881664E+00-4.029962588E+00
-4.067755729E+00-4.103600127E+00-4.137669016E+00-4.169962763E+00-4.200311740E+00
-4.228391806E+00-4.253751338E+00-4.275845644E+00-4.294074400E+00-4.307817323E+00
-4.316465409E+00-4.319445830E+00-4.316241002E+00-4.306402345E+00-4.289560432E+00
-4.265432764E+00-4.233830123E+00-4.194662018E+00-4.147941063E+00-4.093785459E+00
-4.032418489E+00-3.964163325E+00-3.889432255E+00-3.808709824E+00-3.722530765E+00
-3.631454962E+00-3.536042782E+00-3.436833511E+00-3.334329852E+00-3.228989376E+00
-3.121222879E+00-3.011399089E+00-2.899854530E+00-2.786907297E+00-2.672874109E+00
-2.558089669E+00-2.442927413E+00-2.327820033E+00-2.213276781E+00-2.099892961E+00
-1.988345805E+00-1.879371963E+00-1.773727690E+00-1.672139462E+00-1.575257180E+00
-1.483619136E+00-1.397630948E+00-1.317554979E+00-1.243505076E+00-1.175442719E+00
-1.113173470E+00-1.056345738E+00-1.004456758E+00-9.568720523E-01-9.128623383E-01
-8.716551839E-01-8.324908999E-01-7.946693835E-01-7.575794190E-01-7.207097785E-01
-6.836468064E-01-6.460644468E-01-6.077113625E-01-5.683979887E-01-5.279848891E-01
-4.863729362E-01-4.434953232E-01-3.993112399E-01-3.538009680E-01-3.069621534E-01
-2.588070306E-01-2.093604277E-01-1.586583875E-01-1.067472855E-01-5.368336177E-02
 4.674354937E-04 5.562934588E-02 1.117164978E-01 1.686324692E-01 2.262697594E-01
 2.845092401E-01 3.432196266E-01 4.022570704E-01 4.614649326E-01 5.206738024E-01
 5.797018967E-01 6.383558666E-01 6.964321257E-01 7.537187053E-01 8.099977035E-01
 8.650482652E-01 9.186500565E-01 9.705871073E-01 1.020651921E+00 1.068649628E+00
 1.114402054E+00 1.157751505E+00 1.198564094E+00 1.236732494E+00 1.272177965E+00
 1.304851592E+00 1.334734682E+00 1.361838283E+00 1.386201867E+00 1.407891249E+00
 1.426995813E+00 1.443625232E+00 1.457905820E+00 1.469976705E+00 1.479986019E+00
 1.488087238E+00 1.494435846E+00-2.403857279E+00-2.506503031E+00-2.613873614E+00
-2.726099048E+00-2.843130522E+00-2.964741517E+00-3.090594386E+00-3.220704147E+00
-3.334002746E+00-3.422441027E+00-3.500738638E+00-3.570707828E+00-3.633818259E+00
-3.691189057E+00-3.743703164E+00-3.792064338E+00-3.836826824E+00-3.878409653E+00
-3.917103037E+00-3.953071275E+00-3.986356105E+00-4.016883604E+00-4.044475579E+00
-4.068866021E+00-4.089720905E+00-4.106660460E+00-4.119281096E+00-4.127176321E+00
-4.129955084E+00-4.127257240E+00-4.118766322E+00-4.104219576E+00-4.083416042E+00
-4.056222616E+00-4.022578572E+00-3.982498325E+00-3.936072058E+00-3.883464011E+00
-3.824907911E+00-3.760699397E+00-3.691185376E+00-3.616751358E+00-3.537807480E+00
-3.454774613E+00-3.368072255E+00-3.278108952E+00-3.185276415E+00-3.089947170E+00
-2.992476069E+00-2.893204792E+00-2.792469008E+00-2.690607546E+00-2.587972374E+00
-2.484938633E+00-2.381913224E+00-2.279340213E+00-2.177701201E+00-2.077508850E+00
-1.979293240E+00-1.883581561E+00-1.790874433E+00-1.701621926E+00-1.616202731E+00
-1.534908025E+00-1.457930252E+00-1.385356101E+00-1.317162948E+00-1.253218673E+00
-1.193285472E+00-1.137028906E+00-1.084033314E+00-1.033823538E+00-9.858912543E-01
-9.397224244E-01-8.948219305E-01-8.507323264E-01-8.070454862E-01-7.634076393E-01
-7.195193619E-01-6.751322796E-01-6.300440288E-01-5.840926048E-01-5.371507889E-01
-4.891210771E-01-4.399312584E-01-3.895307255E-01-3.378874771E-01-2.849857788E-01
-2.308243945E-01-1.754153394E-01-1.187830734E-01-6.096409791E-02-2.006888974E-03
 5.802786851E-02 1.190667952E-01 1.810231203E-01 2.437958275E-01 3.072687001E-01
 3.713093428E-01 4.357682494E-01 5.004780709E-01 5.652531469E-01 6.298894920E-01
 6.941653813E-01 7.578426422E-01 8.206688039E-01 8.823801606E-01 9.427057478E-01
 1.001372136E+00 1.058108928E+00 1.112654660E+00 1.164762899E+00 1.214208188E+00
 1.260791604E+00 1.304345615E+00 1.344738088E+00 1.381875238E+00 1.415703400E+00
 1.446209568E+00 1.473420629E+00 1.497401352E+00 1.518251183E+00 1.536100046E+00
 1.551103343E+00 1.563436471E+00 1.573289144E+00 1.580859838E+00 1.586350628E+00
 1.589962621E+00-2.326633860E+00-2.419860509E+00-2.517101409E+00-2.618217974E+00
-2.722486854E+00-2.828569340E+00-2.934565907E+00-3.037607206E+00-3.133875895E+00
-3.221576875E+00-3.301256543E+00-3.373856493E+00-3.440239242E+00-3.501144667E+00
-3.557196055E+00-3.608909711E+00-3.656702358E+00-3.700895776E+00-3.741719931E+00
-3.779315792E+00-3.813739109E+00-3.844965871E+00-3.872900454E+00-3.897385902E+00
-3.918216371E+00-3.935150926E+00-3.947927704E+00-3.956277846E+00-3.959938483E+00
-3.958664415E+00-3.952238076E+00-3.940478057E+00-3.923245907E+00-3.900451369E+00
-3.872056133E+00-3.838075992E+00-3.798581188E+00-3.753695172E+00-3.703591469E+00
-3.648488709E+00-3.588644202E+00-3.524346320E+00-3.455906298E+00-3.383650118E+00
-3.307911280E+00-3.229024817E+00-3.147323142E+00-3.063133982E+00-2.976780277E+00
-2.888581769E+00-2.798858143E+00-2.707933171E+00-2.616139095E+00-2.523820653E+00
-2.431337855E+00-2.339066887E+00-2.247397891E+00-2.156729686E+00-2.067460997E+00
-1.979979056E+00-1.894646326E+00-1.811787065E+00-1.731674853E+00-1.654522060E+00
-1.580471863E+00-1.509593017E+00-1.441877447E+00-1.377240794E+00-1.315526073E+00
-1.256510657E+00-1.199916538E+00-1.145423424E+00-1.092683715E+00-1.041337943E+00
-9.910291457E-01-9.414149129E-01-8.921763684E-01-8.430239128E-01-7.937001030E-01
-7.439802201E-01-6.936712462E-01-6.426098203E-01-5.906597016E-01-5.377090760E-01
-4.836679715E-01-4.284659056E-01-3.720498663E-01-3.143826610E-01-2.554416554E-01
-1.952178796E-01-1.337155180E-01-7.095175469E-02-6.956958245E-03 5.822479648E-02
 1.245348947E-01 1.918990543E-01 2.602259369E-01 3.294055388E-01 3.993074381E-01
 4.697789813E-01 5.406435748E-01 6.116992252E-01 6.827175958E-01 7.534438267E-01
 8.235973927E-01 8.928742893E-01 9.609507106E-01 1.027488308E+00 1.092140930E+00
 1.154562592E+00 1.214416236E+00 1.271382825E+00 1.325170211E+00 1.375521330E+00
 1.422221360E+00 1.465103534E+00 1.504053420E+00 1.539011509E+00 1.569973994E+00
 1.596991638E+00 1.620166721E+00 1.639648158E+00 1.655624983E+00 1.668318598E+00
 1.677974273E+00 1.684852499E+00 1.689220712E+00 1.691345902E+00 1.691488359E+00
-2.241073204E+00-2.323561960E+00-2.411250015E+00-2.503690746E+00-2.600617193E+00
-2.697190685E+00-2.791782300E+00-2.883371502E+00-2.970799903E+00-3.053237193E+00
-3.130341946E+00-3.202146619E+00-3.268880966E+00-3.330852019E+00-3.388379017E+00
-3.441759826E+00-3.491253284E+00-3.537069655E+00-3.579365855E+00-3.618243457E+00
-3.653749182E+00-3.685877390E+00-3.714574619E+00-3.739745727E+00-3.761261625E+00
-3.778967798E+00-3.792693630E+00-3.802261608E+00-3.807496310E+00-3.808232817E+00
-3.804324075E+00-3.795647563E+00-3.782110502E+00-3.763654162E+00-3.740256936E+00
-3.711936089E+00-3.678748318E+00-3.640789174E+00-3.598191059E+00-3.551120288E+00
-3.499773229E+00-3.444371576E+00-3.385157583E+00-3.322388985E+00-3.256334602E+00
-3.187270383E+00-3.115476543E+00-3.041235599E+00-2.964831660E+00-2.886550403E+00
-2.806680064E+00-2.725512637E+00-2.643345271E+00-2.560481276E+00-2.477230320E+00
-2.393907416E+00-2.310830447E+00-2.228315900E+00-2.146673074E+00-2.066197005E+00
-1.987160543E+00-1.909806161E+00-1.834338488E+00-1.760917574E+00-1.689653790E+00
-1.620604410E+00-1.553772136E+00-1.489105661E+00-1.426502341E+00-1.365812918E+00
-1.306848112E+00-1.249386717E+00-1.193184703E+00-1.137984555E+00-1.083524278E+00
-1.029545322E+00-9.757991183E-01-9.220519576E-01-8.680882707E-01-8.137124684E-01
-7.587496271E-01-7.030453033E-01-6.464647673E-01-5.888918959E-01-5.302279158E-01
-4.703901390E-01-4.093108091E-01-3.469361334E-01-2.832255302E-01-2.181511604E-01
-1.516977613E-01-8.386279419E-02-1.465694389E-02 5.589501221E-02 1.277529475E-01
 2.008597226E-01 2.751391012E-01 3.504932612E-01 4.267999230E-01 5.039091715E-01
 5.816401343E-01 6.597777248E-01 7.380697940E-01 8.162251574E-01 8.939130621E-01
 9.707646602E-01 1.046377025E+00 1.120320041E+00 1.192146069E+00 1.261401953E+00
 1.327642547E+00 1.390444703E+00 1.449420746E+00 1.504230663E+00 1.554592445E+00
 1.600290396E+00 1.641181228E+00 1.677197851E+00 1.708350703E+00 1.734726353E+00
 1.756483155E+00 1.773843872E+00 1.787085465E+00 1.796526685E+00 1.802514419E+00
 1.805409960E+00 1.805576342E+00 1.803367566E+00 1.799120216E+00-2.158195181E+00
-2.232081212E+00-2.311780994E+00-2.396968581E+00-2.487247790E+00-2.576923477E+00
-2.664316457E+00-2.748986383E+00-2.830426621E+00-2.908205913E+00-2.982035538E+00
-3.051778984E+00-3.117422746E+00-3.179035206E+00-3.236729777E+00-3.290636637E+00
-3.340883189E+00-3.387580872E+00-3.430816631E+00-3.470648036E+00-3.507101033E+00
-3.540169846E+00-3.569818727E+00-3.595985201E+00-3.618584340E+00-3.637514220E+00
-3.652661600E+00-3.663908105E+00-3.671136271E+00-3.674235358E+00-3.673106716E+00
-3.667668592E+00-3.657860125E+00-3.643644651E+00-3.625012094E+00-3.601980515E+00
-3.574596883E+00-3.542936711E+00-3.507103222E+00-3.467225564E+00-3.423456487E+00
-3.375969553E+00-3.324956188E+00-3.270622605E+00-3.213186835E+00-3.152876210E+00
-3.089925138E+00-3.024573564E+00-2.957065758E+00-2.887649727E+00-2.816576911E+00
-2.744102040E+00-2.670482987E+00-2.595980316E+00-2.520856354E+00-2.445373664E+00
-2.369792576E+00-2.294367958E+00-2.219345069E+00-2.144955017E+00-2.071409597E+00
-1.998896185E+00-1.927573070E+00-1.857565191E+00-1.788960901E+00-1.721809823E+00
-1.656121958E+00-1.591868132E+00-1.528981806E+00-1.467362154E+00-1.406878304E+00
-1.347374457E+00-1.288675624E+00-1.230593575E+00-1.172932678E+00-1.115495269E+00
-1.058086321E+00-1.000517257E+00-9.426088543E-01-8.841932894E-01-8.251153841E-01
-7.652332451E-01-7.044183845E-01-6.425555100E-01-5.795421010E-01-5.152878599E-01
-4.497141891E-01-3.827537044E-01-3.143499020E-01-2.444570170E-01-1.730401147E-01
-1.000754838E-01-2.555137907E-02 5.053083402E-02 1.281550592E-01 2.072883056E-01
 2.878778998E-01 3.698480044E-01 4.530953819E-01 5.374843765E-01 6.228411887E-01
 7.089476257E-01 7.955347327E-01 8.822770101E-01 9.687882400E-01 1.054620250E+00
 1.139266064E+00 1.222168510E+00 1.302734608E+00 1.380354867E+00 1.454425513E+00
 1.524371185E+00 1.589665892E+00 1.649850842E+00 1.704548710E+00 1.753474629E+00
 1.796444313E+00 1.833379621E+00 1.864311341E+00 1.889378522E+00 1.908823301E+00
 1.922980367E+00 1.932260807E+00 1.937131317E+00 1.938090882E+00 1.935647724E+00
 1.930299013E+00 1.922515173E+00 1.912729168E+00-2.081850729E+00-2.149437129E+00
-2.222730879E+00-2.301683903E+00-2.385265918E+00-2.469037035E+00-2.550871696E+00
-2.630369722E+00-2.707209531E+00-2.781109320E+00-2.851847493E+00-2.919271726E+00
-2.983295421E+00-3.043885755E+00-3.101048307E+00-3.154811970E+00-3.205216019E+00
-3.252299851E+00-3.296095358E+00-3.336621744E+00-3.373882303E+00-3.407863103E+00
-3.438533044E+00-3.465845135E+00-3.489738785E+00-3.510142898E+00-3.526979366E+00
-3.540167056E+00-3.549625785E+00-3.555280216E+00-3.557063651E+00-3.554921390E+00
-3.548813689E+00-3.538718206E+00-3.524631862E+00-3.506572152E+00-3.484577794E+00
-3.458708933E+00-3.429046585E+00-3.395691842E+00-3.358764435E+00-3.318401224E+00
-3.274754223E+00-3.227988797E+00-3.178281725E+00-3.125819394E+00-3.070796197E+00
-3.013413171E+00-2.953876839E+00-2.892398217E+00-2.829191986E+00-2.764475770E+00
-2.698469190E+00-2.631392933E+00-2.563467316E+00-2.494910663E+00-2.425937149E+00
-2.356754206E+00-2.287559579E+00-2.218538068E+00-2.149858176E+00-2.081668700E+00
-2.014095690E+00-1.947239731E+00-1.881173856E+00-1.815942164E+00-1.751559269E+00
-1.688010622E+00-1.625253691E+00-1.563219983E+00-1.501817764E+00-1.440935376E+00
-1.380444938E+00-1.320206251E+00-1.260070680E+00-1.199884839E+00-1.139493922E+00
-1.078744569E+00-1.017487222E+00-9.555779330E-01-8.928796878E-01-8.292632770E-01
-7.646077871E-01-6.988008094E-01-6.317384376E-01-5.633251250E-01-4.934734824E-01
-4.221041021E-01-3.491454129E-01-2.745337082E-01-1.982133273E-01-1.201371093E-01
-4.026718347E-02 4.142383305E-02 1.249511008E-01 2.103151618E-01 2.974987172E-01
 3.864623809E-01 4.771391718E-01 5.694275206E-01 6.631825326E-01 7.582054234E-01
 8.542312645E-01 9.509157082E-01 1.047822243E+00 1.144412749E+00 1.240045136E+00
 1.333982224E+00 1.425414098E+00 1.513492602E+00 1.597372293E+00 1.676250531E+00
 1.749400800E+00 1.816197137E+00 1.876130680E+00 1.928821064E+00 1.974025229E+00
 2.011645254E+00 2.041735352E+00 2.064505960E+00 2.080321813E+00 2.089689586E+00
 2.093232371E+00 2.091652183E+00 2.085685761E+00 2.076062035E+00 2.063468216E+00
 2.048527513E+00 2.031788163E+00-2.010306621E+00-2.072474527E+00-2.140526929E+00
-2.214357988E+00-2.293472850E+00-2.372547117E+00-2.449863042E+00-2.525178508E+00
-2.598251009E+00-2.668864412E+00-2.736836476E+00-2.802022879E+00-2.864316949E+00
-2.923645791E+00-2.979963964E+00-3.033245988E+00-3.083479092E+00-3.130656651E+00
-3.174772734E+00-3.215818060E+00-3.253776972E+00-3.288625888E+00-3.320332545E+00
-3.348856329E+00-3.374149301E+00-3.396157863E+00-3.414824775E+00-3.430091654E+00
-3.441901511E+00-3.450201312E+00-3.454944531E+00-3.456093481E+00-3.453621381E+00
-3.447514145E+00-3.437771792E+00-3.424409437E+00-3.407457946E+00-3.386964252E+00
-3.362991156E+00-3.335616999E+00-3.304934948E+00-3.271052061E+00-3.234088263E+00
-3.194175145E+00-3.151454760E+00-3.106078406E+00-3.058205381E+00-3.008001885E+00
-2.955639889E+00-2.901296172E+00-2.845151211E+00-2.787388238E+00-2.728192033E+00
-2.667747745E+00-2.606239457E+00-2.543848579E+00-2.480751983E+00-2.417119881E+00
-2.353113761E+00-2.288883795E+00-2.224566633E+00-2.160283089E+00-2.096135942E+00
-2.032208202E+00-1.968561722E+00-1.905236238E+00-1.842249056E+00-1.779595186E+00
-1.717248146E+00-1.655161266E+00-1.593269452E+00-1.531491366E+00-1.469731847E+00
-1.407884517E+00-1.345834399E+00-1.283460462E+00-1.220637982E+00-1.157240651E+00
-1.093142377E+00-1.028218753E+00-9.623482071E-01-8.954128293E-01-8.272989403E-01
-7.578974021E-01-6.871037600E-01-6.148182489E-01-5.409456861E-01-4.653953653E-01
-3.880809262E-01-3.089203106E-01-2.278358372E-01-1.447544574E-01-5.960827784E-02
 2.766453869E-02 1.171183864E-01 2.087981489E-01 3.027362248E-01 3.989483211E-01
 4.974275726E-01 5.981364263E-01 7.009954785E-01 8.058683759E-01 9.125417296E-01
 1.020699378E+00 1.129891534E+00 1.239502419E+00 1.348725402E+00 1.456560570E+00
 1.561849520E+00 1.663348727E+00 1.759821414E+00 1.850118478E+00 1.933230688E+00
 2.008312847E+00 2.074690810E+00 2.131862508E+00 2.179501301E+00 2.217465522E+00
 2.245816036E+00 2.264838558E+00 2.275062394E+00 2.277259803E+00 2.272409215E+00
 2.261617666E+00 2.246020543E+00 2.226691319E+00 2.204583042E+00 2.180504747E+00
 2.155122098E+00-1.944732695E+00-2.002514657E+00-2.066256803E+00-2.135852905E+00
-2.211155369E+00-2.286302854E+00-2.359878754E+00-2.431720185E+00-2.501631051E+00
-2.569433448E+00-2.634971197E+00-2.698111701E+00-2.758745943E+00-2.816786979E+00
-2.872166987E+00-2.924833611E+00-2.974745927E+00-3.021870547E+00-3.066178192E+00
-3.107640689E+00-3.146228875E+00-3.181911048E+00-3.214652213E+00-3.244413849E+00
-3.271154256E+00-3.294829448E+00-3.315394237E+00-3.332803707E+00-3.347014763E+00
-3.357987798E+00-3.365688321E+00-3.370088526E+00-3.371168706E+00-3.368918436E+00
-3.363337600E+00-3.354437204E+00-3.342239842E+00-3.326780044E+00-3.308104393E+00
-3.286271388E+00-3.261351233E+00-3.233425448E+00-3.202586287E+00-3.168936216E+00
-3.132587139E+00-3.093659601E+00-3.052281938E+00-3.008589343E+00-2.962722920E+00
-2.914828639E+00-2.865056363E+00-2.813558627E+00-2.760489597E+00-2.706003671E+00
-2.650254237E+00-2.593392050E+00-2.535563718E+00-2.476910035E+00-2.417564122E+00
-2.357649702E+00-2.297279377E+00-2.236552919E+00-2.175555762E+00-2.114357819E+00
-2.053012415E+00-1.991555612E+00-1.930006069E+00-1.868364987E+00-1.806616680E+00
-1.744729379E+00-1.682656404E+00-1.620337573E+00-1.557700825E+00-1.494663946E+00
-1.431136358E+00-1.367020868E+00-1.302215309E+00-1.236614076E+00-1.170109420E+00
-1.102592582E+00-1.033954663E+00-9.640873055E-01-8.928831408E-01-8.202360518E-01
-7.460412778E-01-6.701953622E-01-5.925960033E-01-5.131418043E-01-4.317320000E-01
-3.482661509E-01-2.626438638E-01-1.747646022E-01-8.452760410E-02 8.167963457E-03
 1.034225428E-01 2.013352401E-01 3.020021733E-01 4.055137747E-01 5.119505409E-01
 6.213764205E-01 7.338286118E-01 8.493018054E-01 9.677237420E-01 1.088917310E+00
 1.212542517E+00 1.338012011E+00 1.464384415E+00 1.590276085E+00 1.713885491E+00
 1.833198425E+00 1.946275931E+00 2.051446295E+00 2.147353833E+00 2.232929390E+00
 2.307343682E+00 2.369970923E+00 2.420371795E+00 2.458299994E+00 2.483736822E+00
 2.496959701E+00 2.498641135E+00 2.489941932E+00 2.472503048E+00 2.448246289E+00
 2.419059361E+00 2.386562832E+00 2.352038561E+00 2.316458699E+00 2.280545085E+00
-1.885847366E+00-1.940292205E+00-2.000483718E+00-2.066541608E+00-2.137597916E+00
-2.209335563E+00-2.279784997E+00-2.348708246E+00-2.415940839E+00-2.481332426E+00
-2.544747524E+00-2.606066322E+00-2.665184786E+00-2.722013819E+00-2.776477869E+00
-2.828513030E+00-2.878064775E+00-2.925085689E+00-2.969533431E+00-3.011368706E+00
-3.050553844E+00-3.087051621E+00-3.120824601E+00-3.151834707E+00-3.180043341E+00
-3.205411729E+00-3.227901445E+00-3.247475344E+00-3.264098314E+00-3.277738403E+00
-3.288367784E+00-3.295963690E+00-3.300509340E+00-3.301994677E+00-3.300417046E+00
-3.295781758E+00-3.288102394E+00-3.277401124E+00-3.263708949E+00-3.247065788E+00
-3.227520587E+00-3.205131399E+00-3.179965367E+00-3.152098547E+00-3.121615693E+00
-3.088609893E+00-3.053181813E+00-3.015439150E+00-2.975495668E+00-2.933470206E+00
-2.889485810E+00-2.843668451E+00-2.796145960E+00-2.747046729E+00-2.696498475E+00
-2.644626799E+00-2.591553835E+00-2.537396836E+00-2.482266677E+00-2.426266541E+00
-2.369490428E+00-2.312022084E+00-2.253933672E+00-2.195284988E+00-2.136122674E+00
-2.076479729E+00-2.016375181E+00-1.955814300E+00-1.894788686E+00-1.833276906E+00
-1.771245210E+00-1.708648455E+00-1.645431175E+00-1.581528728E+00-1.516868504E+00
-1.451371108E+00-1.384951496E+00-1.317520020E+00-1.248983360E+00-1.179245295E+00
-1.108207324E+00-1.035769115E+00-9.618287925E-01-8.862830389E-01-8.090270627E-01
-7.299543922E-01-6.489565484E-01-5.659225794E-01-4.807384739E-01-3.932864828E-01
-3.034443380E-01-2.110843790E-01-1.160726397E-01-1.826787018E-02 8.247943142E-02
 1.863279414E-01 2.934462879E-01 4.040135308E-01 5.182190860E-01 6.362616274E-01
 7.583461694E-01 8.846777650E-01 1.015448775E+00 1.150813198E+00 1.290833294E+00
 1.435362177E+00 1.583772873E+00 1.734381745E+00 1.883841632E+00 2.027975300E+00
 2.163449124E+00 2.288043156E+00 2.400250278E+00 2.498976941E+00 2.583379715E+00
 2.652776911E+00 2.706603588E+00 2.744398821E+00 2.765831048E+00 2.770791253E+00
 2.759636208E+00 2.733743474E+00 2.696233976E+00 2.651383480E+00 2.602733392E+00
 2.552550068E+00 2.502232770E+00 2.452665464E+00 2.404413655E+00-1.831550636E+00
-1.882872367E+00-1.940081052E+00-2.003218378E+00-2.071819947E+00-2.140867095E+00
-2.208688075E+00-2.275143352E+00-2.340095795E+00-2.403417902E+00-2.464992634E+00
-2.524713708E+00-2.582485633E+00-2.638223266E+00-2.691851095E+00-2.743302228E+00
-2.792517102E+00-2.839442331E+00-2.884029318E+00-2.926233165E+00-2.966011690E+00
-3.003324626E+00-3.038133044E+00-3.070399100E+00-3.100085863E+00-3.127157522E+00
-3.151579529E+00-3.173319078E+00-3.192345611E+00-3.208631244E+00-3.222151446E+00
-3.232885464E+00-3.240816828E+00-3.245933736E+00-3.248229348E+00-3.247702076E+00
-3.244355718E+00-3.238199632E+00-3.229248991E+00-3.217524994E+00-3.203055446E+00
-3.185875228E+00-3.166026967E+00-3.143561473E+00-3.118538076E+00-3.091024540E+00
-3.061096725E+00-3.028837838E+00-2.994337730E+00-2.957691853E+00-2.919000233E+00
-2.878366419E+00-2.835896194E+00-2.791696460E+00-2.745873888E+00-2.698533678E+00
-2.649778372E+00-2.599706563E+00-2.548411629E+00-2.495980670E+00-2.442493326E+00
-2.388020866E+00-2.332625240E+00-2.276358339E+00-2.219261514E+00-2.161365052E+00
-2.102688019E+00-2.043238226E+00-1.983012338E+00-1.921996247E+00-1.860165481E+00
-1.797485834E+00-1.733914045E+00-1.669398553E+00-1.603880291E+00-1.537293464E+00
-1.469566310E+00-1.400621790E+00-1.330378188E+00-1.258749607E+00-1.185646345E+00
-1.110975118E+00-1.034639153E+00-9.565381276E-01-8.765679264E-01-7.946202721E-01
-7.105821534E-01-6.243351136E-01-5.357543136E-01-4.447074306E-01-3.510533232E-01
-2.546404446E-01-1.553049829E-01-5.286866525E-02 5.286383607E-02 1.621079858E-01
 2.751030752E-01 3.921166912E-01 5.134502151E-01 6.394457099E-01 7.704948191E-01
 9.070506350E-01 1.049644383E+00 1.198910501E+00 1.355628189E+00 1.520800613E+00
 1.695845219E+00 1.883334413E+00 2.077096756E+00 2.257551253E+00 2.423412731E+00
 2.572214478E+00 2.703086439E+00 2.817020997E+00 2.913929326E+00 2.992825517E+00
 3.051453777E+00 3.089002397E+00 3.106234702E+00 3.102508163E+00 3.075842533E+00
 3.021967161E+00 2.942911051E+00 2.865189600E+00 2.789796626E+00 2.717411975E+00
 2.648423696E+00 2.583027903E+00 2.521289453E+00-1.782653507E+00-1.831360861E+00
-1.886074871E+00-1.946768866E+00-2.013517921E+00-2.080288097E+00-2.145881226E+00
-2.210234430E+00-2.273234605E+00-2.334775136E+00-2.394756678E+00-2.453087189E+00
-2.509681758E+00-2.564462508E+00-2.617358131E+00-2.668303502E+00-2.717239053E+00
-2.764110104E+00-2.808866215E+00-2.851460531E+00-2.891849165E+00-2.929990785E+00
-2.965846112E+00-2.999377769E+00-3.030550140E+00-3.059329315E+00-3.085683186E+00
-3.109581583E+00-3.130996507E+00-3.149902339E+00-3.166276003E+00-3.180097190E+00
-3.191348404E+00-3.200015092E+00-3.206085511E+00-3.209550652E+00-3.210404061E+00
-3.208641727E+00-3.204262004E+00-3.197265996E+00-3.187658392E+00-3.175448997E+00
-3.160654397E+00-3.143299435E+00-3.123418253E+00-3.101054896E+00-3.076262882E+00
-3.049104102E+00-3.019647792E+00-2.987969716E+00-2.954151006E+00-2.918276902E+00
-2.880435474E+00-2.840716379E+00-2.799209606E+00-2.756004365E+00-2.711187759E+00
-2.664843826E+00-2.617052360E+00-2.567888003E+00-2.517419311E+00-2.465707884E+00
-2.412807745E+00-2.358764703E+00-2.303615845E+00-2.247389248E+00-2.190103748E+00
-2.131768878E+00-2.072384927E+00-2.011943139E+00-1.950425899E+00-1.887807240E+00
-1.824053160E+00-1.759122164E+00-1.692965734E+00-1.625528847E+00-1.556750429E+00
-1.486563792E+00-1.414896979E+00-1.341673029E+00-1.266810150E+00-1.190221752E+00
-1.111816360E+00-1.031497375E+00-9.491626893E-01-8.647041132E-01-7.780066145E-01
-6.889473575E-01-5.973944902E-01-5.032056739E-01-4.062262729E-01-3.062871925E-01
-2.032022298E-01-9.676487349E-02 1.325561248E-02 1.271190368E-01 2.451203186E-01
 3.675971513E-01 4.949398782E-01 6.276045273E-01 7.661304678E-01 9.111651488E-01
 1.063500158E+00 1.224126421E+00 1.394323185E+00 1.575808055E+00 1.770985176E+00
 1.983237830E+00 2.217995352E+00 2.437057412E+00 2.630867637E+00 2.804287197E+00
 2.957855668E+00 3.091586167E+00 3.200943762E+00 3.285930350E+00 3.349927170E+00
 3.392267278E+00 3.411701002E+00 3.401922298E+00 3.361172318E+00 3.289846165E+00
 3.182885080E+00 3.068687748E+00 2.964424681E+00 2.868661193E+00 2.780456116E+00
 2.699127026E+00 2.624109581E+00-1.740486156E+00-1.787398885E+00-1.840069299E+00
-1.898679378E+00-1.962454602E+00-2.027121232E+00-2.090802765E+00-2.153344282E+00
-2.214654691E+00-2.274648460E+00-2.333244321E+00-2.390365116E+00-2.445937694E+00
-2.499892919E+00-2.552165819E+00-2.602695413E+00-2.651424714E+00-2.698300415E+00
-2.743272717E+00-2.786295037E+00-2.827323679E+00-2.866317583E+00-2.903238112E+00
-2.938048817E+00-2.970715457E+00-3.001205752E+00-3.029489492E+00-3.055538464E+00
-3.079326469E+00-3.100829423E+00-3.120025118E+00-3.136893345E+00-3.151415521E+00
-3.163574516E+00-3.173354151E+00-3.180738633E+00-3.185711801E+00-3.188256293E+00
-3.188352656E+00-3.185978837E+00-3.181111042E+00-3.173728363E+00-3.163816382E+00
-3.151370314E+00-3.136397581E+00-3.118919806E+00-3.098972684E+00-3.076600296E+00
-3.051854652E+00-3.024795704E+00-2.995490322E+00-2.964010029E+00-2.930429503E+00
-2.894825459E+00-2.857275444E+00-2.817856617E+00-2.776644551E+00-2.733712238E+00
-2.689129204E+00-2.642960653E+00-2.595266674E+00-2.546101600E+00-2.495513331E+00
-2.443542929E+00-2.390224205E+00-2.335583455E+00-2.279639261E+00-2.222402397E+00
-2.163875887E+00-2.104055001E+00-2.042927532E+00-1.980473910E+00-1.916667485E+00
-1.851474850E+00-1.784856097E+00-1.716765128E+00-1.647149916E+00-1.575952732E+00
-1.503110320E+00-1.428553972E+00-1.352209555E+00-1.273997386E+00-1.193832024E+00
-1.111621892E+00-1.027268773E+00-9.406671114E-01-8.517031222E-01-7.602536728E-01
-6.661849057E-01-5.693505390E-01-4.695898137E-01-3.667249833E-01-2.605582746E-01
-1.508681428E-01-3.740471635E-02 8.011587701E-02 2.020185642E-01 3.286782054E-01
 4.605309010E-01 5.980884988E-01 7.419574342E-01 8.928633780E-01 1.051683509E+00
 1.219488240E+00 1.397592636E+00 1.587611729E+00 1.791497837E+00 2.011512055E+00
 2.250061534E+00 2.498822602E+00 2.721383266E+00 2.918850079E+00 3.091744421E+00
 3.239204764E+00 3.360302478E+00 3.456895269E+00 3.529487798E+00 3.577170693E+00
 3.597533224E+00 3.588053586E+00 3.548831051E+00 3.478347474E+00 3.373674754E+00
 3.236110735E+00 3.107720814E+00 2.991702824E+00 2.886681431E+00 2.791481780E+00
 2.705071261E+00-1.702681374E+00-1.747820484E+00-1.798777990E+00-1.855665790E+00
-1.918000727E+00-1.980998876E+00-2.043005738E+00-2.103948601E+00-2.163764197E+00
-2.222390248E+00-2.279764534E+00-2.335824991E+00-2.390510057E+00-2.443759507E+00
-2.495514862E+00-2.545719986E+00-2.594321320E+00-2.641268097E+00-2.686512338E+00
-2.730008855E+00-2.771715233E+00-2.811591574E+00-2.849600576E+00-2.885707225E+00
-2.919878871E+00-2.952085071E+00-2.982297478E+00-3.010489835E+00-3.036637785E+00
-3.060718871E+00-3.082712221E+00-3.102598306E+00-3.120358541E+00-3.135974771E+00
-3.149428432E+00-3.160699507E+00-3.169765152E+00-3.176597578E+00-3.181161171E+00
-3.183407817E+00-3.183268651E+00-3.180679397E+00-3.175583939E+00-3.167938815E+00
-3.157718428E+00-3.144922370E+00-3.129589434E+00-3.111747427E+00-3.091431286E+00
-3.068689104E+00-3.043581417E+00-3.016171452E+00-2.986524529E+00-2.954708507E+00
-2.920792969E+00-2.884846976E+00-2.846937921E+00-2.807130873E+00-2.765487936E+00
-2.722067435E+00-2.676923278E+00-2.630104274E+00-2.581653772E+00-2.531609246E+00
-2.480001932E+00-2.426856750E+00-2.372192069E+00-2.316019671E+00-2.258344709E+00
-2.199165827E+00-2.138475139E+00-2.076258364E+00-2.012495020E+00-1.947158522E+00
-1.880216383E+00-1.811630312E+00-1.741356375E+00-1.669345072E+00-1.595541377E+00
-1.519884707E+00-1.442308822E+00-1.362741619E+00-1.281104836E+00-1.197313614E+00
-1.111275915E+00-1.022891797E+00-9.320524706E-01-8.386391593E-01-7.425216894E-01
-6.435567881E-01-5.415860122E-01-4.364332523E-01-3.279017063E-01-2.157702167E-01
-9.978882118E-02 2.032668875E-02 1.449014023E-01 2.743094466E-01 4.089839939E-01
 5.494295349E-01 6.962368194E-01 8.501007471E-01 1.011841131E+00 1.182425308E+00
 1.362989815E+00 1.554855467E+00 1.759527040E+00 1.978668230E+00 2.214048747E+00
 2.467826796E+00 2.714513888E+00 2.931685395E+00 3.117289082E+00 3.276211192E+00
 3.409855172E+00 3.518605661E+00 3.600227696E+00 3.651657127E+00 3.676509152E+00
 3.674622765E+00 3.644755078E+00 3.582846710E+00 3.484375961E+00 3.351534776E+00
 3.205261246E+00 3.073975776E+00 2.956430419E+00 2.851157957E+00 2.756767671E+00
-1.669921422E+00-1.713588699E+00-1.763138474E+00-1.818580425E+00-1.880162525E+00
-1.941666472E+00-2.002129730E+00-2.061594987E+00-2.120034940E+00-2.177413218E+00
-2.233685893E+00-2.288803748E+00-2.342714406E+00-2.395364307E+00-2.446700030E+00
-2.496669296E+00-2.545221567E+00-2.592308537E+00-2.637884340E+00-2.681905650E+00
-2.724331715E+00-2.765124421E+00-2.804248152E+00-2.841669833E+00-2.877358729E+00
-2.911286533E+00-2.943427122E+00-2.973756509E+00-3.002252758E+00-3.028895718E+00
-3.053666785E+00-3.076548598E+00-3.097524531E+00-3.116578037E+00-3.133691831E+00
-3.148846710E+00-3.162020061E+00-3.173183922E+00-3.182302699E+00-3.189330854E+00
-3.194064094E+00-3.196382862E+00-3.196173550E+00-3.193335939E+00-3.187786455E+00
-3.179453791E+00-3.168558245E+00-3.155046860E+00-3.138916709E+00-3.120206353E+00
-3.099005373E+00-3.075370331E+00-3.049355715E+00-3.021023571E+00-2.990443269E+00
-2.957679762E+00-2.922794397E+00-2.885846566E+00-2.846893606E+00-2.805989229E+00
-2.763182965E+00-2.718519671E+00-2.672039244E+00-2.623776332E+00-2.573760213E+00
-2.522014663E+00-2.468557877E+00-2.413402508E+00-2.356555532E+00-2.298018403E+00
-2.237786992E+00-2.175851690E+00-2.112197381E+00-2.046803643E+00-1.979644645E+00
-1.910689382E+00-1.839901514E+00-1.767239505E+00-1.692656515E+00-1.616100314E+00
-1.537513127E+00-1.456831379E+00-1.373985367E+00-1.288898819E+00-1.201488328E+00
-1.111662652E+00-1.019321840E+00-9.243561794E-01-8.266449224E-01-7.260547557E-01
-6.224379712E-01-5.156302796E-01-4.054482101E-01-2.916860064E-01-1.741119353E-01
-5.246388717E-02 7.355585157E-02 2.042867889E-01 3.401175192E-01 4.814942278E-01
 6.289304310E-01 7.830178627E-01 9.444381456E-01 1.113974543E+00 1.292522696E+00
 1.481099000E+00 1.680845705E+00 1.893032991E+00 2.119060210E+00 2.360456659E+00
 2.615898740E+00 2.844539009E+00 3.042264545E+00 3.211934896E+00 3.354639947E+00
 3.470284927E+00 3.557184352E+00 3.616978439E+00 3.651103734E+00 3.659043604E+00
 3.638997581E+00 3.587631338E+00 3.505173509E+00 3.391580473E+00 3.246196354E+00
 3.105307466E+00 2.980731978E+00 2.870576703E+00 2.772993564E+00-1.644458292E+00
-1.687561854E+00-1.736070977E+00-1.790154938E+00-1.849167389E+00-1.908956002E+00
-1.967845852E+00-2.025835809E+00-2.082937672E+00-2.139134292E+00-2.194390461E+00
-2.248661127E+00-2.301896393E+00-2.354044562E+00-2.405054012E+00-2.454874151E+00
-2.503456244E+00-2.550753766E+00-2.596722655E+00-2.641321423E+00-2.684511200E+00
-2.726255848E+00-2.766521844E+00-2.805278242E+00-2.842496714E+00-2.878151372E+00
-2.912218788E+00-2.944677841E+00-2.975509600E+00-3.004697188E+00-3.032225528E+00
-3.058081077E+00-3.082251355E+00-3.104724523E+00-3.125488509E+00-3.144530118E+00
-3.161833633E+00-3.177378884E+00-3.191137949E+00-3.202932808E+00-3.212578198E+00
-3.219890848E+00-3.224698516E+00-3.226850447E+00-3.226227549E+00-3.222751751E+00
-3.216399491E+00-3.207148039E+00-3.194988017E+00-3.179916479E+00-3.162349570E+00
-3.142227316E+00-3.119559020E+00-3.094402037E+00-3.066866837E+00-3.037011455E+00
-3.004885262E+00-2.970541954E+00-2.934039469E+00-2.895429174E+00-2.854757246E+00
-2.812065791E+00-2.767391898E+00-2.720767770E+00-2.672220866E+00-2.621773896E+00
-2.569444861E+00-2.515247053E+00-2.459189116E+00-2.401275001E+00-2.341503992E+00
-2.279870721E+00-2.216365152E+00-2.150972556E+00-2.083673578E+00-2.014444091E+00
-1.943255322E+00-1.870073660E+00-1.794860687E+00-1.717572973E+00-1.638161921E+00
-1.556573524E+00-1.472748052E+00-1.386619655E+00-1.298115873E+00-1.207157042E+00
-1.113655564E+00-1.017515059E+00-9.186293345E-01-8.168811828E-01-7.121409821E-01
-6.042650334E-01-4.930936570E-01-3.784489766E-01-2.601323549E-01-1.379214767E-01
-1.156701170E-02 1.192111243E-01 2.547279286E-01 3.953378325E-01 5.414395247E-01
 6.934809102E-01 8.519640958E-01 1.017450347E+00 1.190565251E+00 1.372005240E+00
 1.562548142E+00 1.763073429E+00 1.974602107E+00 2.198370627E+00 2.436017594E+00
 2.671800653E+00 2.877015947E+00 3.052519056E+00 3.196809567E+00 3.313802577E+00
 3.406349049E+00 3.475185392E+00 3.519499568E+00 3.535591856E+00 3.525625116E+00
 3.490724753E+00 3.430102931E+00 3.341374322E+00 3.219160988E+00 3.076306752E+00
 2.951798619E+00 2.843732260E+00 2.749359336E+00-1.624137940E+00-1.667122709E+00
-1.714933916E+00-1.767606667E+00-1.824863327E+00-1.882640193E+00-1.939682987E+00
-1.996086148E+00-2.051842732E+00-2.106909315E+00-2.161231369E+00-2.214751576E+00
-2.267412814E+00-2.319159449E+00-2.369938098E+00-2.419697799E+00-2.468390342E+00
-2.515970306E+00-2.562395100E+00-2.607625021E+00-2.651623194E+00-2.694355593E+00
-2.735790981E+00-2.775900933E+00-2.814659676E+00-2.852044230E+00-2.888034190E+00
-2.922611767E+00-2.955761752E+00-2.987471278E+00-3.017729918E+00-3.046529343E+00
-3.073863233E+00-3.099726920E+00-3.124117033E+00-3.147031128E+00-3.168467192E+00
-3.188423790E+00-3.206795084E+00-3.223373428E+00-3.237929902E+00-3.250229323E+00
-3.260047092E+00-3.267189107E+00-3.271502967E+00-3.272878184E+00-3.271241143E+00
-3.266545727E+00-3.258775001E+00-3.247951363E+00-3.234155851E+00-3.217439037E+00
-3.197841788E+00-3.175399992E+00-3.150639718E+00-3.123455516E+00-3.093838995E+00
-3.061838270E+00-3.027550012E+00-2.991018461E+00-2.952282118E+00-2.911383302E+00
-2.868356080E+00-2.823229168E+00-2.776028163E+00-2.726774497E+00-2.675485647E+00
-2.622175410E+00-2.566853805E+00-2.509527206E+00-2.450198131E+00-2.388865381E+00
-2.325523801E+00-2.260164302E+00-2.192773805E+00-2.123335181E+00-2.051827172E+00
-1.978224318E+00-1.902496933E+00-1.824610893E+00-1.744527515E+00-1.662203332E+00
-1.577589847E+00-1.490633217E+00-1.401273890E+00-1.309446148E+00-1.215077614E+00
-1.118088631E+00-1.018391587E+00-9.158901129E-01-8.104781971E-01-7.020391809E-01
-5.904446500E-01-4.755532343E-01-3.572092985E-01-2.352415989E-01-1.094619122E-01
 2.033627599E-02 1.543789224E-01 2.929122746E-01 4.362032396E-01 5.845390585E-01
 7.382260825E-01 8.975875186E-01 1.062960301E+00 1.234691753E+00 1.413138032E+00
 1.598669096E+00 1.791691872E+00 1.992723300E+00 2.202610466E+00 2.422502411E+00
 2.622937921E+00 2.791422021E+00 2.931772321E+00 3.048761456E+00 3.143917296E+00
 3.217424988E+00 3.267103964E+00 3.293025046E+00 3.297759488E+00 3.281408302E+00
 3.243105813E+00 3.179686646E+00 3.090345932E+00 2.976169857E+00 2.862582383E+00
 2.767135480E+00 2.684665578E+00-1.610411947E+00-1.654909307E+00-1.702500434E+00
-1.753358128E+00-1.806845699E+00-1.861582986E+00-1.916574509E+00-1.971422450E+00
-2.025939051E+00-2.080003660E+00-2.133524003E+00-2.186422882E+00-2.238632340E+00
-2.290091109E+00-2.340743128E+00-2.390536603E+00-2.439423673E+00-2.487359983E+00
-2.534304551E+00-2.580219590E+00-2.625070397E+00-2.668825290E+00-2.711455571E+00
-2.752935469E+00-2.793242137E+00-2.832355618E+00-2.870258840E+00-2.906937678E+00
-2.942380911E+00-2.976580285E+00-3.009530511E+00-3.041229340E+00-3.071677586E+00
-3.100879087E+00-3.128840700E+00-3.155572078E+00-3.181084844E+00-3.205390743E+00
-3.228273622E+00-3.249479311E+00-3.268712404E+00-3.285674882E+00-3.300119820E+00
-3.311857052E+00-3.320746848E+00-3.326693777E+00-3.329635851E+00-3.329532512E+00
-3.326355801E+00-3.320085874E+00-3.310709013E+00-3.298212448E+00-3.282595017E+00
-3.263890126E+00-3.242212332E+00-3.217662649E+00-3.190320407E+00-3.160258231E+00
-3.127968999E+00-3.093323446E+00-3.056318511E+00-3.017039607E+00-2.975506713E+00
-2.931737636E+00-2.885759136E+00-2.837590804E+00-2.787248471E+00-2.734746300E+00
-2.680095745E+00-2.623305428E+00-2.564381279E+00-2.503326300E+00-2.440140396E+00
-2.374820194E+00-2.307358970E+00-2.237746572E+00-2.165969453E+00-2.092010544E+00
-2.015849226E+00-1.937461122E+00-1.856818097E+00-1.773888011E+00-1.688634570E+00
-1.601017129E+00-1.510990458E+00-1.418504485E+00-1.323504016E+00-1.225928412E+00
-1.125711260E+00-1.022780004E+00-9.170555950E-01-8.084521248E-01-6.968765060E-01
-5.822282331E-01-4.643992512E-01-3.432740144E-01-2.187298536E-01-9.063773212E-02
 4.113637633E-02 1.767293145E-01 3.162774356E-01 4.599117929E-01 6.077513221E-01
 7.598932963E-01 9.164001160E-01 1.077280873E+00 1.242464993E+00 1.411762649E+00
 1.584799676E+00 1.760894306E+00 1.938763444E+00 2.115472257E+00 2.282687637E+00
 2.432260828E+00 2.562739471E+00 2.674139981E+00 2.766640819E+00 2.840411325E+00
 2.895584695E+00 2.932273802E+00 2.950611554E+00 2.950801702E+00 2.933181060E+00
 2.898332202E+00 2.847359374E+00 2.782800520E+00 2.712347851E+00 2.645633248E+00
 2.584608246E+00-1.594711609E+00-1.638883062E+00-1.686092064E+00-1.736407899E+00
-1.789446665E+00-1.843154692E+00-1.896977484E+00-1.950763934E+00-2.004372230E+00
-2.057685160E+00-2.110606497E+00-2.163055128E+00-2.214960714E+00-2.266261016E+00
-2.316900072E+00-2.366827056E+00-2.415995637E+00-2.464363419E+00-2.511891588E+00
-2.558544761E+00-2.604290774E+00-2.649100637E+00-2.692948404E+00-2.735811153E+00
-2.777669021E+00-2.818505248E+00-2.858306134E+00-2.897061196E+00-2.934763225E+00
-2.971408482E+00-3.006996850E+00-3.041532089E+00-3.075022201E+00-3.107479801E+00
-3.138922871E+00-3.169375709E+00-3.198870696E+00-3.227300598E+00-3.254389154E+00
-3.279779884E+00-3.303102624E+00-3.324052127E+00-3.342392515E+00-3.357966638E+00
-3.370685284E+00-3.380507743E+00-3.387421708E+00-3.391426599E+00-3.392521487E+00
-3.390696603E+00-3.385927903E+00-3.378173860E+00-3.367376731E+00-3.353468307E+00
-3.336380789E+00-3.316054397E+00-3.292462857E+00-3.265646143E+00-3.235754466E+00
-3.202945132E+00-3.167310453E+00-3.129524908E+00-3.089368626E+00-3.046809769E+00
-3.001932783E+00-2.954743637E+00-2.905248706E+00-2.853466339E+00-2.799409462E+00
-2.743088615E+00-2.684513680E+00-2.623692565E+00-2.560630635E+00-2.495330430E+00
-2.427791582E+00-2.358011048E+00-2.285983053E+00-2.211699111E+00-2.135147945E+00
-2.056315349E+00-1.975184158E+00-1.891734053E+00-1.805941586E+00-1.717780003E+00
-1.627219206E+00-1.534225673E+00-1.438762404E+00-1.340788871E+00-1.240261021E+00
-1.137131299E+00-1.031348770E+00-9.228593188E-01-8.116059945E-01-6.975295552E-01
-5.805692747E-01-4.606640958E-01-3.377542669E-01-2.117836116E-01-8.270262785E-02
 4.952731150E-02 1.849283010E-01 3.234983178E-01 4.652010549E-01 6.099522403E-01
 7.576010264E-01 9.079042552E-01 1.060489986E+00 1.214804088E+00 1.370029587E+00
 1.524963277E+00 1.677840090E+00 1.826171398E+00 1.966895712E+00 2.097105226E+00
 2.214724778E+00 2.318528102E+00 2.407851280E+00 2.482365869E+00 2.541959228E+00
 2.586686040E+00 2.616765055E+00 2.632611039E+00 2.634904094E+00 2.624707986E+00
 2.603649157E+00 2.574106115E+00 2.539131073E+00 2.501748263E+00 2.464148313E+00
-1.580717757E+00-1.624526679E+00-1.671369187E+00-1.721313762E+00-1.773863871E+00
-1.827062154E+00-1.880299287E+00-1.933487098E+00-1.986541965E+00-2.039381434E+00
-2.091928675E+00-2.144113738E+00-2.195873453E+00-2.247150619E+00-2.297893381E+00
-2.348054577E+00-2.397591189E+00-2.446464017E+00-2.494637406E+00-2.542079037E+00
-2.588759745E+00-2.634653528E+00-2.679737403E+00-2.723991452E+00-2.767398835E+00
-2.809945852E+00-2.851622021E+00-2.892420210E+00-2.932336817E+00-2.971372053E+00
-3.009530143E+00-3.046819826E+00-3.083254763E+00-3.118854273E+00-3.153643972E+00
-3.187656667E+00-3.220902666E+00-3.253113517E+00-3.283893694E+00-3.312797445E+00
-3.339446179E+00-3.363551931E+00-3.384936994E+00-3.403518065E+00-3.419278228E+00
-3.432237927E+00-3.442432116E+00-3.449894475E+00-3.454648332E+00-3.456702098E+00
-3.456046898E+00-3.452655333E+00-3.446480432E+00-3.437454491E+00-3.425487485E+00
-3.410464875E+00-3.392249974E+00-3.370693423E+00-3.345655958E+00-3.317042381E+00
-3.284862920E+00-3.249294414E+00-3.210568786E+00-3.168863881E+00-3.125012296E+00
-3.078726010E+00-3.029960783E+00-2.978800927E+00-2.925250162E+00-2.869314591E+00
-2.811012623E+00-2.750358984E+00-2.687365611E+00-2.622040758E+00-2.554390046E+00
-2.484417174E+00-2.412124216E+00-2.337511444E+00-2.260577210E+00-2.181317755E+00
-2.099727111E+00-2.015797082E+00-1.929517260E+00-1.840874979E+00-1.749855452E+00
-1.656441852E+00-1.560615449E+00-1.462355810E+00-1.361641060E+00-1.258448236E+00
-1.152753774E+00-1.044534129E+00-9.337666112E-01-8.204304861E-01-7.045083895E-01
-5.859881797E-01-4.648653243E-01-3.411459795E-01-2.148509235E-01-8.602059704E-02
 4.527845044E-02 1.789453632E-01 3.148345055E-01 4.527421149E-01 5.923892490E-01
 7.334000839E-01 8.752744581E-01 1.017354052E+00 1.158783275E+00 1.298471132E+00
 1.435071457E+00 1.567013888E+00 1.692617269E+00 1.810270608E+00 1.918601771E+00
 2.016560310E+00 2.103415089E+00 2.178712883E+00 2.242235970E+00 2.293975707E+00
 2.334125246E+00 2.363090422E+00 2.381514848E+00 2.390311731E+00 2.390684257E+00
 2.384100479E+00 2.372185617E+00 2.356536233E+00 2.338534558E+00-1.568259846E+00
-1.611758507E+00-1.658305356E+00-1.707988197E+00-1.760717094E+00-1.813615640E+00
-1.866512463E+00-1.919366724E+00-1.972119156E+00-2.024709376E+00-2.077078251E+00
-2.129169489E+00-2.180930251E+00-2.232311549E+00-2.283268100E+00-2.333758300E+00
-2.383743997E+00-2.433190331E+00-2.482065600E+00-2.530341127E+00-2.577991255E+00
-2.624993160E+00-2.671327037E+00-2.716975970E+00-2.761926007E+00-2.806166317E+00
-2.849689246E+00-2.892490511E+00-2.934569376E+00-2.975929019E+00-3.016576764E+00
-3.056524664E+00-3.095790024E+00-3.134396249E+00-3.172373938E+00-3.209762832E+00
-3.246408089E+00-3.281903098E+00-3.315729500E+00-3.347430170E+00-3.376657016E+00
-3.403204601E+00-3.426991773E+00-3.448022893E+00-3.466346674E+00-3.482024368E+00
-3.495111278E+00-3.505647939E+00-3.513657276E+00-3.519144734E+00-3.522099654E+00
-3.522496905E+00-3.520298101E+00-3.515452008E+00-3.507893985E+00-3.497544177E+00
-3.484304324E+00-3.468053318E+00-3.448641722E+00-3.425886248E+00-3.399571964E+00
-3.369472720E+00-3.335401002E+00-3.297318580E+00-3.255459413E+00-3.210174674E+00
-3.161783640E+00-3.111178688E+00-3.058058657E+00-3.002390879E+00-2.944258325E+00
-2.883679889E+00-2.820676731E+00-2.755259352E+00-2.687436221E+00-2.617217182E+00
-2.544612426E+00-2.469631565E+00-2.392283009E+00-2.312573713E+00-2.230509066E+00
-2.146092902E+00-2.059327646E+00-1.970214497E+00-1.878753541E+00-1.784944128E+00
-1.688785073E+00-1.590275081E+00-1.489413202E+00-1.386199412E+00-1.280635320E+00
-1.172725087E+00-1.062476542E+00-9.499025733E-01-8.350228770E-01-7.178660889E-01
-5.984724360E-01-4.768969999E-01-3.532137102E-01-2.275202278E-01-9.994389254E-02
 2.935108642E-02 1.601549900E-01 2.922023225E-01 4.251598129E-01 5.586128161E-01
 6.920506140E-01 8.248520601E-01 9.562744044E-01 1.085450143E+00 1.211398710E+00
 1.333059377E+00 1.449346545E+00 1.559218780E+00 1.661744703E+00 1.756150447E+00
 1.841843519E+00 1.918418260E+00 1.985651992E+00 2.043499410E+00 2.092089467E+00
 2.131725279E+00 2.162884822E+00 2.186217600E+00 2.202529354E+00 2.212747765E+00
 2.217865661E+00 2.218869940E+00 2.216672687E+00-1.558763718E+00-1.602116789E+00
-1.648505228E+00-1.697987586E+00-1.750166936E+00-1.802861390E+00-1.855578154E+00
-1.908271263E+00-1.960894430E+00-2.013400902E+00-2.065744567E+00-2.117880606E+00
-2.169766253E+00-2.221361088E+00-2.272627266E+00-2.323529561E+00-2.374035457E+00
-2.424115114E+00-2.473741307E+00-2.522889426E+00-2.571537498E+00-2.619666145E+00
-2.667258685E+00-2.714301107E+00-2.760782192E+00-2.806693628E+00-2.852030123E+00
-2.896789528E+00-2.940973179E+00-2.984585999E+00-3.027636977E+00-3.070139446E+00
-3.112111640E+00-3.153577121E+00-3.194565343E+00-3.235065201E+00-3.274703687E+00
-3.312919696E+00-3.349180122E+00-3.383068803E+00-3.414343388E+00-3.442919142E+00
-3.468818987E+00-3.492116014E+00-3.512892460E+00-3.531217539E+00-3.547138688E+00
-3.560680205E+00-3.571845675E+00-3.580621224E+00-3.586979103E+00-3.590880617E+00
-3.592278583E+00-3.591119111E+00-3.587342677E+00-3.580884443E+00-3.571673741E+00
-3.559632424E+00-3.544671510E+00-3.526685570E+00-3.505544543E+00-3.481082251E+00
-3.453082386E+00-3.421270472E+00-3.385328025E+00-3.344961481E+00-3.300089940E+00
-3.251053473E+00-3.198422444E+00-3.142672371E+00-3.084588628E+00-3.023957893E+00
-2.960856473E+00-2.895266522E+00-2.827186721E+00-2.756637262E+00-2.683639383E+00
-2.608214223E+00-2.530381257E+00-2.450158428E+00-2.367562245E+00-2.282608172E+00
-2.195310876E+00-2.105684620E+00-2.013743491E+00-1.919501903E+00-1.822974891E+00
-1.724178677E+00-1.623131227E+00-1.519852946E+00-1.414367534E+00-1.306703002E+00
-1.196892902E+00-1.084977836E+00-9.710072197E-01-8.550414314E-01-7.371543471E-01
-6.174363438E-01-4.959978461E-01-3.729734574E-01-2.485267502E-01-1.228557261E-01
 3.801032670E-03 1.311576610E-01 2.588739516E-01 3.865484097E-01 5.137122001E-01
 6.398251884E-01 7.642757749E-01 8.863865672E-01 1.005427790E+00 1.120639344E+00
 1.231260422E+00 1.336563291E+00 1.435886216E+00 1.528661035E+00 1.614432820E+00
 1.692871720E+00 1.763778674E+00 1.827087141E+00 1.882862325E+00 1.931298349E+00
 1.972712562E+00 2.007535416E+00 2.036293819E+00 2.059587067E+00 2.078055790E+00
 2.092347513E+00 2.103083837E+00-1.551207084E+00-1.594505939E+00-1.640812405E+00
-1.690199220E+00-1.742159277E+00-1.794766571E+00-1.847423845E+00-1.900080444E+00
-1.952699286E+00-2.005243640E+00-2.057677351E+00-2.109965210E+00-2.162073365E+00
-2.213969495E+00-2.265623023E+00-2.317005329E+00-2.368089711E+00-2.418851540E+00
-2.469268244E+00-2.519319455E+00-2.568986959E+00-2.618254771E+00-2.667109268E+00
-2.715539192E+00-2.763535745E+00-2.811092786E+00-2.858206826E+00-2.904877265E+00
-2.951106621E+00-2.996900592E+00-3.042268460E+00-3.087223361E+00-3.131782696E+00
-3.175968789E+00-3.219809949E+00-3.263086419E+00-3.305241553E+00-3.345668864E+00
-3.383876947E+00-3.419573110E+00-3.452658976E+00-3.483170527E+00-3.511202868E+00
-3.536857185E+00-3.560213893E+00-3.581323471E+00-3.600206884E+00-3.616860161E+00
-3.631259466E+00-3.643365581E+00-3.653127582E+00-3.660486118E+00-3.665376448E+00
-3.667730793E+00-3.667480149E+00-3.664555380E+00-3.658887967E+00-3.650410206E+00
-3.639054472E+00-3.624751549E+00-3.607427338E+00-3.586997783E+00-3.563361365E+00
-3.536388161E+00-3.505901799E+00-3.471653711E+00-3.433299098E+00-3.390404241E+00
-3.342558965E+00-3.289694597E+00-3.232362281E+00-3.171354563E+00-3.108165307E+00
-3.042355192E+00-2.973896044E+00-2.902890990E+00-2.829376496E+00-2.753390561E+00
-2.674963491E+00-2.594123460E+00-2.510896997E+00-2.425310007E+00-2.337388282E+00
-2.247157904E+00-2.154645672E+00-2.059879585E+00-1.962889193E+00-1.863706237E+00
-1.762365155E+00-1.658903882E+00-1.553364679E+00-1.445795168E+00-1.336249548E+00
-1.224790010E+00-1.111488407E+00-9.964281794E-01-8.797065713E-01-7.614371660E-01
-6.417527316E-01-5.208084213E-01-3.987852681E-01-2.758939385E-01-1.523786554E-01
-2.852106295E-02 9.535618574E-02 2.188865741E-01 3.416581334E-01 4.632138242E-01
 5.830546652E-01 7.006463388E-01 8.154297210E-01 9.268352839E-01 1.034300571E+00
 1.137289289E+00 1.235310162E+00 1.327933807E+00 1.414806367E+00 1.495659425E+00
 1.570316296E+00 1.638695038E+00 1.700808610E+00 1.756762248E+00 1.806747968E+00
 1.851035834E+00 1.889961761E+00 1.923911999E+00 1.953305113E+00 1.978572913E+00
 2.000142350E+00-1.545280998E+00-1.588522252E+00-1.634817625E+00-1.684229068E+00
-1.736625276E+00-1.789277429E+00-1.841967539E+00-1.894679558E+00-1.947384750E+00
-2.000054824E+00-2.052662289E+00-2.105180388E+00-2.157583347E+00-2.209846403E+00
-2.261945974E+00-2.313859718E+00-2.365566688E+00-2.417047372E+00-2.468283845E+00
-2.519259831E+00-2.569960778E+00-2.620373974E+00-2.670488645E+00-2.720296014E+00
-2.769789473E+00-2.818964584E+00-2.867819294E+00-2.916353971E+00-2.964571618E+00
-3.012477913E+00-3.060081362E+00-3.107393495E+00-3.154428806E+00-3.201204811E+00
-3.247681943E+00-3.293375754E+00-3.337626992E+00-3.379869478E+00-3.419744540E+00
-3.457124714E+00-3.492050771E+00-3.524637171E+00-3.555003898E+00-3.583242527E+00
-3.609406483E+00-3.633513882E+00-3.655553390E+00-3.675489680E+00-3.693269467E+00
-3.708828050E+00-3.722090439E+00-3.732973642E+00-3.741390965E+00-3.747255308E+00
-3.750481606E+00-3.750988512E+00-3.748699585E+00-3.743543787E+00-3.735455585E+00
-3.724374270E+00-3.710242137E+00-3.693001830E+00-3.672592930E+00-3.648950990E+00
-3.622005456E+00-3.591665276E+00-3.557799925E+00-3.520213849E+00-3.478607690E+00
-3.432535502E+00-3.381424806E+00-3.324838317E+00-3.263068709E+00-3.197082107E+00
-3.127824116E+00-3.056182638E+00-2.981967194E+00-2.905264750E+00-2.826097143E+00
-2.744500376E+00-2.660507798E+00-2.574153880E+00-2.485473830E+00-2.394504136E+00
-2.301282815E+00-2.205849882E+00-2.108247579E+00-2.008521016E+00-1.906718645E+00
-1.802892932E+00-1.697101181E+00-1.589406471E+00-1.479878757E+00-1.368596140E+00
-1.255646320E+00-1.141128221E+00-1.025153804E+00-9.078500728E-01-7.893612210E-01
-6.698509428E-01-5.495048172E-01-4.285326967E-01-3.071709907E-01-1.856846618E-01
-6.436873204E-02 5.645099765E-02 1.764183225E-01 2.951484631E-01 4.122316761E-01
 5.272388606E-01 6.397292637E-01 7.492600435E-01 8.553972814E-01 9.577277091E-01
 1.055870321E+00 1.149487093E+00 1.238292092E+00 1.322058617E+00 1.400624111E+00
 1.473892835E+00 1.541836323E+00 1.604491650E+00 1.661957529E+00 1.714388298E+00
 1.761985905E+00 1.804990239E+00 1.843668313E+00 1.878303082E+00 1.909182730E+00
-1.542182959E+00-1.585530155E+00-1.631912383E+00-1.681391350E+00-1.733615123E+00
-1.786341653E+00-1.839131084E+00-1.891962959E+00-1.944816307E+00-1.997671122E+00
-2.050508188E+00-2.103308902E+00-2.156055167E+00-2.208729484E+00-2.261314860E+00
-2.313794979E+00-2.366154358E+00-2.418378350E+00-2.470453370E+00-2.522367037E+00
-2.574108169E+00-2.625667078E+00-2.677035568E+00-2.728207070E+00-2.779176797E+00
-2.829941785E+00-2.880500988E+00-2.930855413E+00-2.981008141E+00-3.030964424E+00
-3.080731720E+00-3.130319682E+00-3.179740418E+00-3.229008966E+00-3.277845888E+00
-3.325586721E+00-3.371593725E+00-3.415424866E+00-3.456902710E+00-3.496059887E+00
-3.533026475E+00-3.567941797E+00-3.600910585E+00-3.631991961E+00-3.661203828E+00
-3.688529426E+00-3.713928216E+00-3.737339839E+00-3.758681594E+00-3.777854657E+00
-3.794751098E+00-3.809261104E+00-3.821278046E+00-3.830699377E+00-3.837427089E+00
-3.841368404E+00-3.842436376E+00-3.840550397E+00-3.835636620E+00-3.827627864E+00
-3.816463518E+00-3.802089694E+00-3.784459887E+00-3.763536775E+00-3.739290112E+00
-3.711685988E+00-3.680675028E+00-3.646185946E+00-3.608129819E+00-3.566370309E+00
-3.520676246E+00-3.470657240E+00-3.415694054E+00-3.355023421E+00-3.288377415E+00
-3.216724368E+00-3.141448955E+00-3.063904244E+00-2.983821221E+00-2.901304058E+00
-2.816379322E+00-2.729091095E+00-2.639482511E+00-2.547599300E+00-2.453489478E+00
-2.357203563E+00-2.258794976E+00-2.158320221E+00-2.055839466E+00-1.951416983E+00
-1.845121852E+00-1.737028817E+00-1.627219238E+00-1.515782176E+00-1.402815597E+00
-1.288427704E+00-1.172738358E+00-1.055880581E+00-9.380021237E-01-8.192670483E-01
-6.998572775E-01-5.799740238E-01-4.598390143E-01-3.396953761E-01-2.198080454E-01
-1.004635109E-01 1.803124538E-02 1.353508159E-01 2.511545395E-01 3.650908509E-01
 4.768027726E-01 5.859343887E-01 6.921380302E-01 7.950818071E-01 8.944570508E-01
 9.899852651E-01 1.081424175E+00 1.168572637E+00 1.251274173E+00 1.329419053E+00
 1.402944862E+00 1.471835577E+00 1.536119210E+00 1.595864087E+00 1.651173975E+00
 1.702182267E+00 1.749045588E+00 1.791937206E+00 1.831040687E+00-1.541219229E+00
-1.584763800E+00-1.631299003E+00-1.680904059E+00-1.733074922E+00-1.785918043E+00
-1.838848453E+00-1.891837284E+00-1.944872424E+00-1.997943042E+00-2.051038832E+00
-2.104149561E+00-2.157264922E+00-2.210374372E+00-2.263467294E+00-2.316533010E+00
-2.369561019E+00-2.422541146E+00-2.475463743E+00-2.528319837E+00-2.581101309E+00
-2.633801069E+00-2.686413185E+00-2.738932988E+00-2.791357204E+00-2.843684050E+00
-2.895913254E+00-2.948046270E+00-3.000086140E+00-3.052037572E+00-3.103906749E+00
-3.155701091E+00-3.207428581E+00-3.259029907E+00-3.309927009E+00-3.359423394E+00
-3.406985066E+00-3.452361866E+00-3.495560053E+00-3.536718948E+00-3.575997968E+00
-3.613518259E+00-3.649348783E+00-3.683510992E+00-3.715990295E+00-3.746745475E+00
-3.775698173E+00-3.802739158E+00-3.827744844E+00-3.850591624E+00-3.871156529E+00
-3.889316651E+00-3.904951637E+00-3.917945672E+00-3.928188421E+00-3.935575848E+00
-3.940010621E+00-3.941402754E+00-3.939669719E+00-3.934736855E+00-3.926537506E+00
-3.915013210E+00-3.900114109E+00-3.881798970E+00-3.860034483E+00-3.834793248E+00
-3.806051355E+00-3.773791460E+00-3.738007906E+00-3.698682226E+00-3.655750591E+00
-3.609104664E+00-3.558566544E+00-3.503798447E+00-3.444192706E+00-3.378832858E+00
-3.307026693E+00-3.229546314E+00-3.148130860E+00-3.064553650E+00-2.978496473E+00
-2.890078810E+00-2.799339064E+00-2.706333528E+00-2.611119034E+00-2.513755845E+00
-2.414307305E+00-2.312839936E+00-2.209423690E+00-2.104132296E+00-1.997043787E+00
-1.888241269E+00-1.777813758E+00-1.665857119E+00-1.552475066E+00-1.437780222E+00
-1.321895188E+00-1.204953672E+00-1.087101577E+00-9.684980651E-01-8.493165262E-01
-7.297453902E-01-6.099887372E-01-4.902665833E-01-3.708147834E-01-2.518844443E-01
-1.337407523E-01-1.666116278E-02 9.906711643E-02 2.131503294E-01 3.252920249E-01
 4.351974331E-01 5.425782256E-01 6.471574176E-01 7.486742156E-01 8.468885367E-01
 9.415850134E-01 1.032576301E+00 1.119705558E+00 1.202848002E+00 1.281911539E+00
 1.356836454E+00 1.427594215E+00 1.494185483E+00 1.556637455E+00 1.615000701E+00
 1.669345696E+00 1.719759254E+00 1.766341098E+00-1.541969220E+00-1.585695322E+00
-1.632436731E+00-1.682251378E+00-1.734963465E+00-1.787988522E+00-1.841071818E+00
-1.894222828E+00-1.947441758E+00-2.000729149E+00-2.054084980E+00-2.107508166E+00
-2.160996208E+00-2.214545384E+00-2.268150871E+00-2.321807048E+00-2.375507754E+00
-2.429246613E+00-2.483017232E+00-2.536813545E+00-2.590629932E+00-2.644461511E+00
-2.698304155E+00-2.752154743E+00-2.806011222E+00-2.859872739E+00-2.913739662E+00
-2.967613736E+00-3.021498118E+00-3.075397478E+00-3.129317979E+00-3.183266868E+00
-3.237250655E+00-3.290944462E+00-3.343626530E+00-3.394673204E+00-3.443736742E+00
-3.490771316E+00-3.535914060E+00-3.579343920E+00-3.621202215E+00-3.661572072E+00
-3.700483275E+00-3.737929835E+00-3.773862090E+00-3.808178386E+00-3.840748916E+00
-3.871440675E+00-3.900116473E+00-3.926636698E+00-3.950862898E+00-3.972659145E+00
-3.991893730E+00-4.008440412E+00-4.022179480E+00-4.032998273E+00-4.040791554E+00
-4.045461780E+00-4.046919214E+00-4.045082007E+00-4.039876352E+00-4.031236579E+00
-4.019105409E+00-4.003434167E+00-3.984182763E+00-3.961319765E+00-3.934822328E+00
-3.904676656E+00-3.870877478E+00-3.833424543E+00-3.792317539E+00-3.747562979E+00
-3.699161675E+00-3.647040149E+00-3.591045691E+00-3.530894231E+00-3.466014860E+00
-3.395404421E+00-3.318031158E+00-3.234478693E+00-3.146820828E+00-3.057095671E+00
-2.964985010E+00-2.870617318E+00-2.774048360E+00-2.675349251E+00-2.574592772E+00
-2.471854824E+00-2.367213979E+00-2.260751469E+00-2.152551718E+00-2.042703300E+00
-1.931299616E+00-1.818439921E+00-1.704230068E+00-1.588783367E+00-1.472221394E+00
-1.354674790E+00-1.236284023E+00-1.117200081E+00-9.975850754E-01-8.776126887E-01
-7.574684479E-01-6.373497500E-01-5.174655914E-01-3.980359552E-01-2.792908113E-01
-1.614686981E-01-4.481488108E-02 7.042089755E-02 1.839870317E-01 2.956329542E-01
 4.051122198E-01 5.121856615E-01 6.166244736E-01 7.182130912E-01 8.167517705E-01
 9.120587286E-01 1.003971829E+00 1.092349719E+00 1.177072450E+00 1.258041597E+00
 1.335179893E+00 1.408430504E+00 1.477755984E+00 1.543137050E+00 1.604571240E+00
 1.662071604E+00 1.715665483E+00-1.545555983E+00-1.589628777E+00-1.636648933E+00
-1.686676890E+00-1.739417108E+00-1.792571053E+00-1.845774771E+00-1.899050319E+00
-1.952415449E+00-2.005885664E+00-2.059473013E+00-2.113185849E+00-2.167029210E+00
-2.221005265E+00-2.275113938E+00-2.329353503E+00-2.383721093E+00-2.438213104E+00
-2.492825642E+00-2.547554713E+00-2.602396579E+00-2.657347983E+00-2.712406195E+00
-2.767569257E+00-2.822836025E+00-2.878206287E+00-2.933680797E+00-2.989261398E+00
-3.044951092E+00-3.100754569E+00-3.156679385E+00-3.212740017E+00-3.268862170E+00
-3.324401575E+00-3.378662630E+00-3.431183228E+00-3.481834956E+00-3.530734292E+00
-3.578076208E+00-3.624025680E+00-3.668684576E+00-3.712095815E+00-3.754262865E+00
-3.795125852E+00-3.834563687E+00-3.872438929E+00-3.908607197E+00-3.942917370E+00
-3.975216058E+00-4.005350046E+00-4.033168714E+00-4.058526076E+00-4.081282170E+00
-4.101304011E+00-4.118466287E+00-4.132651571E+00-4.143750325E+00-4.151660858E+00
-4.156288938E+00-4.157547737E+00-4.155357575E+00-4.149645904E+00-4.140347424E+00
-4.127404410E+00-4.110766965E+00-4.090393777E+00-4.066252507E+00-4.038320695E+00
-4.006585960E+00-3.971046035E+00-3.931708282E+00-3.888589271E+00-3.841711109E+00
-3.791093697E+00-3.736759048E+00-3.678704797E+00-3.616804684E+00-3.550802599E+00
-3.480142768E+00-3.403734411E+00-3.320277785E+00-3.230333550E+00-3.136355920E+00
-3.040390657E+00-2.942179330E+00-2.841852830E+00-2.739488144E+00-2.635172177E+00
-2.528992263E+00-2.421035017E+00-2.311388432E+00-2.200143424E+00-2.087394904E+00
-1.973242605E+00-1.857791652E+00-1.741153261E+00-1.623445255E+00-1.504792641E+00
-1.385328103E+00-1.265192463E+00-1.144535059E+00-1.023513998E+00-9.022962854E-01
-7.810577600E-01-6.599828476E-01-5.392640623E-01-4.191012853E-01-2.997007748E-01
-1.812739249E-01-6.403581495E-02 5.179644933E-02 1.660055255E-01 2.783757016E-01
 3.886947734E-01 4.967558419E-01 6.023589929E-01 7.053127665E-01 8.054354029E-01
 9.025558406E-01 9.965144465E-01 1.087163549E+00 1.174367772E+00 1.258004278E+00
 1.337962933E+00 1.414146536E+00 1.486471109E+00 1.554866343E+00 1.619276195E+00
 1.679659650E+00-1.551778433E+00-1.596348770E+00-1.643708347E+00-1.693933598E+00
-1.746548096E+00-1.799725681E+00-1.852945906E+00-1.906245211E+00-1.959667507E+00
-2.013246525E+00-2.067006331E+00-2.120963164E+00-2.175127158E+00-2.229504030E+00
-2.284096280E+00-2.338904177E+00-2.393926502E+00-2.449161124E+00-2.504605426E+00
-2.560256714E+00-2.616112374E+00-2.672170156E+00-2.728428318E+00-2.784885678E+00
-2.841541808E+00-2.898396902E+00-2.955451853E+00-3.012708036E+00-3.070166923E+00
-3.127828651E+00-3.185688471E+00-3.243874893E+00-3.301920288E+00-3.359093381E+00
-3.414818749E+00-3.468855222E+00-3.521270466E+00-3.572266334E+00-3.622033766E+00
-3.670697979E+00-3.718319158E+00-3.764911759E+00-3.810409550E+00-3.854681038E+00
-3.897582464E+00-3.938957802E+00-3.978643839E+00-4.016473583E+00-4.052279887E+00
-4.085898450E+00-4.117170090E+00-4.145942619E+00-4.172071967E+00-4.195422804E+00
-4.215868792E+00-4.233292349E+00-4.247584130E+00-4.258642464E+00-4.266372576E+00
-4.270685971E+00-4.271499831E+00-4.268736803E+00-4.262324745E+00-4.252197057E+00
-4.238293052E+00-4.220558782E+00-4.198948033E+00-4.173423388E+00-4.143957583E+00
-4.110534536E+00-4.073150370E+00-4.031814037E+00-3.986547087E+00-3.937382439E+00
-3.884362704E+00-3.827533769E+00-3.766933456E+00-3.702597788E+00-3.634450032E+00
-3.562232664E+00-3.485363441E+00-3.402608288E+00-3.312455012E+00-3.215772833E+00
-3.115419283E+00-3.013159582E+00-2.908848227E+00-2.802616789E+00-2.694565157E+00
-2.584778281E+00-2.473341885E+00-2.360345589E+00-2.245883062E+00-2.130052197E+00
-2.012955383E+00-1.894699700E+00-1.775397387E+00-1.655166079E+00-1.534129160E+00
-1.412416060E+00-1.290162507E+00-1.167510702E+00-1.044609413E+00-9.216139253E-01
-7.986859089E-01-6.759930965E-01-5.537088612E-01-4.320116318E-01-3.110841855E-01
-1.911128498E-01-7.228662126E-02 4.520374992E-02 1.611666678E-01 2.754105500E-01
 3.877446065E-01 4.979794923E-01 6.059278400E-01 7.114046597E-01 8.142276257E-01
 9.142173193E-01 1.011197482E+00 1.104995352E+00 1.195442221E+00 1.282374271E+00
 1.365633802E+00 1.445070891E+00 1.520545511E+00 1.591930054E+00 1.659112202E+00
-1.560392416E+00-1.605575198E+00-1.653330432E+00-1.703698811E+00-1.756540740E+00
-1.809541903E+00-1.862547552E+00-1.915679036E+00-1.969010206E+00-2.022587189E+00
-2.076438126E+00-2.130579798E+00-2.185021642E+00-2.239768307E+00-2.294821345E+00
-2.350180349E+00-2.405843729E+00-2.461809257E+00-2.518074414E+00-2.574636778E+00
-2.631494198E+00-2.688644969E+00-2.746087870E+00-2.803822378E+00-2.861848590E+00
-2.920167300E+00-2.978780116E+00-3.037689655E+00-3.096900296E+00-3.156420642E+00
-3.216269877E+00-3.276397833E+00-3.336119313E+00-3.394757340E+00-3.451928321E+00
-3.507609528E+00-3.561990004E+00-3.615285107E+00-3.667647646E+00-3.719158848E+00
-3.769848266E+00-3.819650713E+00-3.868429910E+00-3.916035491E+00-3.962301625E+00
-4.007053221E+00-4.050110109E+00-4.091291463E+00-4.130419399E+00-4.167321985E+00
-4.201835521E+00-4.233805979E+00-4.263089929E+00-4.289554619E+00-4.313077680E+00
-4.333546300E+00-4.350856210E+00-4.364910350E+00-4.375617686E+00-4.382891970E+00
-4.386650732E+00-4.386814702E+00-4.383307242E+00-4.376054563E+00-4.364985902E+00
-4.350034522E+00-4.331138688E+00-4.308243175E+00-4.281301110E+00-4.250275637E+00
-4.215142032E+00-4.175889423E+00-4.132522228E+00-4.085061221E+00-4.033543527E+00
-3.978021426E+00-3.918559230E+00-3.855228385E+00-3.788093318E+00-3.717205088E+00
-3.642525697E+00-3.563774738E+00-3.480277013E+00-3.390546237E+00-3.292978134E+00
-3.189270533E+00-3.082516066E+00-2.973988221E+00-2.863739568E+00-2.751797021E+00
-2.638233614E+00-2.523136678E+00-2.406598256E+00-2.288713644E+00-2.169581337E+00
-2.049303297E+00-1.927984971E+00-1.805735531E+00-1.682668073E+00-1.558899812E+00
-1.434552306E+00-1.309751621E+00-1.184628455E+00-1.059318183E+00-9.339608401E-01
-8.087010148E-01-6.836876883E-01-5.590740158E-01-4.350170821E-01-3.116776246E-01
-1.892198136E-01-6.781104720E-02 5.237814226E-02 1.711740800E-01 2.883998004E-01
 4.038747593E-01 5.174143931E-01 6.288296039E-01 7.379261686E-01 8.445042253E-01
 9.483579344E-01 1.049275457E+00 1.147039472E+00 1.241428356E+00 1.332218210E+00
 1.419185823E+00 1.502112593E+00 1.580789305E+00 1.655021599E+00-1.573004098E+00
-1.619407924E+00-1.667667628E+00-1.717787659E+00-1.769815333E+00-1.821991720E+00
-1.874360372E+00-1.927051795E+00-1.980115917E+00-2.033575745E+00-2.087441583E+00
-2.141717152E+00-2.196402450E+00-2.251495385E+00-2.306992742E+00-2.362890740E+00
-2.419185525E+00-2.475873337E+00-2.532950765E+00-2.590414962E+00-2.648263621E+00
-2.706495192E+00-2.765108803E+00-2.824104357E+00-2.883482436E+00-2.943244221E+00
-3.003391128E+00-3.063924202E+00-3.124842746E+00-3.186140850E+00-3.247977949E+00
-3.309877035E+00-3.371109451E+00-3.431149705E+00-3.489844797E+00-3.547339455E+00
-3.603865680E+00-3.659607518E+00-3.714671718E+00-3.769107438E+00-3.822861082E+00
-3.875794724E+00-3.927752531E+00-3.978560091E+00-4.028031015E+00-4.075972072E+00
-4.122188562E+00-4.166488670E+00-4.208687363E+00-4.248609201E+00-4.286090408E+00
-4.320979997E+00-4.353140177E+00-4.382445830E+00-4.408783579E+00-4.432050339E+00
-4.452151452E+00-4.468998810E+00-4.482508916E+00-4.492601298E+00-4.499197071E+00
-4.502217893E+00-4.501585403E+00-4.497221008E+00-4.489046073E+00-4.476982646E+00
-4.460954574E+00-4.440888864E+00-4.416717772E+00-4.388380822E+00-4.355827441E+00
-4.319019435E+00-4.277933863E+00-4.232565298E+00-4.182927887E+00-4.129056429E+00
-4.071006345E+00-4.008852003E+00-3.942682635E+00-3.872595361E+00-3.798680282E+00
-3.721002062E+00-3.639528573E+00-3.553915637E+00-3.463279347E+00-3.365715333E+00
-3.259915114E+00-3.148880601E+00-3.036317171E+00-2.921938934E+00-2.805920149E+00
-2.688379831E+00-2.569413625E+00-2.449114212E+00-2.327575784E+00-2.204894549E+00
-2.081168673E+00-1.956498179E+00-1.830985092E+00-1.704733737E+00-1.577850923E+00
-1.450446209E+00-1.322632103E+00-1.194524211E+00-1.066241335E+00-9.379055615E-01
-8.096423186E-01-6.815804471E-01-5.538523161E-01-4.265940000E-01-2.999455588E-01
-1.740514577E-01-4.906116421E-02 7.487005124E-02 1.975800836E-01 3.188987200E-01
 4.386461495E-01 5.566312764E-01 6.726499507E-01 7.864832318E-01 8.978958965E-01
 1.006635431E+00 1.112431858E+00 1.214998691E+00 1.314035392E+00 1.409231567E+00
 1.500272990E+00 1.586849352E+00 1.668663407E+00-1.589144523E+00-1.637545728E+00
-1.686417164E+00-1.735754270E+00-1.785590715E+00-1.836229397E+00-1.887646080E+00
-1.939739917E+00-1.992452736E+00-2.045748925E+00-2.099604047E+00-2.153999870E+00
-2.208921918E+00-2.264358314E+00-2.320299020E+00-2.376735607E+00-2.433660925E+00
-2.491069024E+00-2.548955158E+00-2.607315568E+00-2.666147657E+00-2.725449855E+00
-2.785221658E+00-2.845463571E+00-2.906177143E+00-2.967364933E+00-3.029030486E+00
-3.091178375E+00-3.153814375E+00-3.216945888E+00-3.280576828E+00-3.344022270E+00
-3.406631239E+00-3.468082674E+00-3.528426821E+00-3.587891787E+00-3.646693182E+00
-3.704968410E+00-3.762789437E+00-3.820127139E+00-3.876845741E+00-3.932785846E+00
-3.987765891E+00-4.041588905E+00-4.094048969E+00-4.144937118E+00-4.194047045E+00
-4.241179648E+00-4.286146912E+00-4.328774558E+00-4.368903712E+00-4.406391604E+00
-4.441111255E+00-4.472950336E+00-4.501809287E+00-4.527599031E+00-4.550238300E+00
-4.569650923E+00-4.585763286E+00-4.598502414E+00-4.607794403E+00-4.613563352E+00
-4.615730785E+00-4.614215452E+00-4.608933606E+00-4.599799327E+00-4.586725420E+00
-4.569624531E+00-4.548410763E+00-4.523001761E+00-4.493320985E+00-4.459300520E+00
-4.420884869E+00-4.378034483E+00-4.330729152E+00-4.278970929E+00-4.222786497E+00
-4.162228233E+00-4.097373780E+00-4.028323493E+00-3.955194682E+00-3.878112039E+00
-3.797189578E+00-3.712503994E+00-3.623989426E+00-3.531175413E+00-3.432806162E+00
-3.326556548E+00-3.212669697E+00-3.095216072E+00-2.976301409E+00-2.855962621E+00
-2.734226566E+00-2.611167206E+00-2.486872493E+00-2.361433442E+00-2.234940952E+00
-2.107485437E+00-1.979157019E+00-1.850046223E+00-1.720244284E+00-1.589843589E+00
-1.458937962E+00-1.327622891E+00-1.195995730E+00-1.064155885E+00-9.322050309E-01
-8.002473691E-01-6.683899997E-01-5.367434093E-01-4.054221517E-01-2.745457376E-01
-1.442398224E-01-1.463770957E-02 1.141177747E-01 2.418719911E-01 3.684557747E-01
 4.936823236E-01 6.173437481E-01 7.392074311E-01 8.590124612E-01 9.764665124E-01
 1.091243704E+00 1.202984121E+00 1.311295729E+00 1.415759373E+00 1.515937308E+00
 1.611385221E+00 1.701667156E+00-1.603723623E+00-1.653516178E+00-1.702941681E+00
-1.751967592E+00-1.800727858E+00-1.850467228E+00-1.901239210E+00-1.952905381E+00
-2.005372595E+00-2.058577188E+00-2.112474010E+00-2.167029985E+00-2.222219903E+00
-2.278024233E+00-2.334427413E+00-2.391417005E+00-2.448983087E+00-2.507117810E+00
-2.565815111E+00-2.625070591E+00-2.684881343E+00-2.745245913E+00-2.806164166E+00
-2.867637381E+00-2.929668136E+00-2.992260421E+00-3.055419759E+00-3.119153766E+00
-3.183473331E+00-3.248396379E+00-3.313647521E+00-3.378493254E+00-3.442436806E+00
-3.505378364E+00-3.567504570E+00-3.629056476E+00-3.690206926E+00-3.751052844E+00
-3.811602466E+00-3.871730073E+00-3.931274893E+00-3.990049993E+00-4.047849395E+00
-4.104454931E+00-4.159643455E+00-4.213193464E+00-4.264890843E+00-4.314533661E+00
-4.361935878E+00-4.406929669E+00-4.449366702E+00-4.489118156E+00-4.526073506E+00
-4.560138480E+00-4.591231773E+00-4.619281844E+00-4.644223352E+00-4.665993129E+00
-4.684526824E+00-4.699756479E+00-4.711610051E+00-4.720011485E+00-4.724880695E+00
-4.726133990E+00-4.723684291E+00-4.717441511E+00-4.707313185E+00-4.693204925E+00
-4.675021085E+00-4.652665226E+00-4.626040772E+00-4.595053492E+00-4.559616091E+00
-4.519653271E+00-4.475105445E+00-4.425932426E+00-4.372118693E+00-4.313677035E+00
-4.250651031E+00-4.183115748E+00-4.111176617E+00-4.034965229E+00-3.954631369E+00
-3.870329705E+00-3.782195568E+00-3.690310865E+00-3.594503313E+00-3.494033326E+00
-3.386938790E+00-3.270921943E+00-3.148965240E+00-3.025718638E+00-2.900937675E+00
-2.774795698E+00-2.647413448E+00-2.518887712E+00-2.389303770E+00-2.258741088E+00
-2.127276147E+00-1.994983956E+00-1.861938851E+00-1.728215021E+00-1.593886785E+00
-1.459028850E+00-1.323716484E+00-1.188025707E+00-1.052033542E+00-9.158183419E-01
-7.794602680E-01-6.430419330E-01-5.066493077E-01-3.703729182E-01-2.343094372E-01
-9.856371286E-02 3.674861744E-02 1.714978982E-01 3.055364786E-01 4.386939316E-01
 5.707714469E-01 7.015354347E-01 8.307105553E-01 9.579725918E-01 1.082941930E+00
 1.205178856E+00 1.324182269E+00 1.439393702E+00 1.550208279E+00 1.655993288E+00
 1.756113363E+00-1.615925581E+00-1.666522666E+00-1.716447755E+00-1.765643238E+00
-1.814184402E+00-1.863748603E+00-1.914348457E+00-1.965898912E+00-2.018332817E+00
-2.071595366E+00-2.125642749E+00-2.180440183E+00-2.235959900E+00-2.292179773E+00
-2.349081993E+00-2.406652318E+00-2.464879452E+00-2.523754635E+00-2.583271222E+00
-2.643424581E+00-2.704211903E+00-2.765632025E+00-2.827685392E+00-2.890374040E+00
-2.953701437E+00-3.017672484E+00-3.082293074E+00-3.147569329E+00-3.213504872E+00
-3.280156149E+00-3.346873891E+00-3.413027136E+00-3.478327012E+00-3.542861199E+00
-3.606875225E+00-3.670580244E+00-3.734103078E+00-3.797495756E+00-3.860658253E+00
-3.923430591E+00-3.985623455E+00-4.047023928E+00-4.107402973E+00-4.166523723E+00
-4.224149196E+00-4.280049345E+00-4.334007089E+00-4.385822998E+00-4.435318898E+00
-4.482339812E+00-4.526754574E+00-4.568455120E+00-4.607353902E+00-4.643381124E+00
-4.676479488E+00-4.706596094E+00-4.733675873E+00-4.757659704E+00-4.778484302E+00
-4.796082215E+00-4.810381650E+00-4.821306184E+00-4.828774840E+00-4.832702184E+00
-4.832998480E+00-4.829570098E+00-4.822319920E+00-4.811147939E+00-4.795951787E+00
-4.776627737E+00-4.753071482E+00-4.725179684E+00-4.692851194E+00-4.655987092E+00
-4.614491131E+00-4.568276075E+00-4.517275964E+00-4.461452432E+00-4.400797863E+00
-4.335340567E+00-4.265147028E+00-4.190322037E+00-4.111005653E+00-4.027366707E+00
-3.939591183E+00-3.847862893E+00-3.752326602E+00-3.653031297E+00-3.549570367E+00
-3.440621282E+00-3.323366408E+00-3.198064199E+00-3.069609500E+00-2.939945938E+00
-2.809124687E+00-2.677203743E+00-2.544242245E+00-2.410298635E+00-2.275430367E+00
-2.139693982E+00-2.003145093E+00-1.865838529E+00-1.727828354E+00-1.589167839E+00
-1.449909492E+00-1.310105122E+00-1.169805958E+00-1.029062906E+00-8.879269489E-01
-7.464497658E-01-6.046846322E-01-4.626876645E-01-3.205195266E-01-1.782477060E-01
-3.594948988E-02 1.062841550E-01 2.483436166E-01 3.900943413E-01 5.313689226E-01
 6.719573741E-01 8.115953564E-01 9.499505027E-01 1.086607355E+00 1.221052515E+00
 1.352662956E+00 1.480702298E+00 1.604330874E+00 1.722634180E+00 1.834669217E+00
-1.626117955E+00-1.677279921E+00-1.727665863E+00-1.777218641E+00-1.826262771E+00
-1.875997340E+00-1.926722285E+00-1.978404177E+00-2.031001916E+00-2.084477401E+00
-2.138796897E+00-2.193931377E+00-2.249856271E+00-2.306551039E+00-2.363998746E+00
-2.422185594E+00-2.481100540E+00-2.540735017E+00-2.601082768E+00-2.662139491E+00
-2.723902937E+00-2.786372584E+00-2.849549730E+00-2.913437437E+00-2.978040548E+00
-3.043365924E+00-3.109423098E+00-3.176225982E+00-3.243798256E+00-3.311963936E+00
-3.379998821E+00-3.447414392E+00-3.514128296E+00-3.580344673E+00-3.646307150E+00
-3.712181500E+00-3.778058912E+00-3.843890264E+00-3.909519183E+00-3.974758215E+00
-4.039390566E+00-4.103178538E+00-4.165872728E+00-4.227221019E+00-4.286976952E+00
-4.344906995E+00-4.400796836E+00-4.454456075E+00-4.505721498E+00-4.554458743E+00
-4.600562090E+00-4.643953138E+00-4.684576158E+00-4.722385982E+00-4.757336745E+00
-4.789378918E+00-4.818459660E+00-4.844522156E+00-4.867505215E+00-4.887342992E+00
-4.903964703E+00-4.917294408E+00-4.927250976E+00-4.933747983E+00-4.936693913E+00
-4.935992343E+00-4.931542358E+00-4.923239051E+00-4.910974179E+00-4.894636944E+00
-4.874114998E+00-4.849295507E+00-4.820066298E+00-4.786317093E+00-4.747940797E+00
-4.704835582E+00-4.656905686E+00-4.604060598E+00-4.546226685E+00-4.483367693E+00
-4.415489240E+00-4.342641940E+00-4.264923397E+00-4.182476321E+00-4.095482646E+00
-4.004153021E+00-3.908709257E+00-3.809355820E+00-3.706222926E+00-3.599190436E+00
-3.487372949E+00-3.368259981E+00-3.239619687E+00-3.106245301E+00-2.971772734E+00
-2.836241844E+00-2.699691657E+00-2.562160889E+00-2.423687751E+00-2.284309893E+00
-2.144064017E+00-2.002985484E+00-1.861108030E+00-1.718463459E+00-1.575081316E+00
-1.430988739E+00-1.286210323E+00-1.140768127E+00-9.946818378E-01-8.479691333E-01
-7.006463059E-01-5.527292390E-01-4.042348238E-01-2.551829683E-01-1.055993734E-01
 4.448067986E-02 1.950072091E-01 3.459086439E-01 4.970825855E-01 6.483834475E-01
 7.996059637E-01 9.504634181E-01 1.100559410E+00 1.249352871E+00 1.396118646E+00
 1.539912214E+00 1.679557102E+00 1.813680817E+00 1.940813140E+00-1.635494178E+00
-1.687188435E+00-1.738033649E+00-1.787976117E+00-1.837276827E+00-1.887312475E+00
-1.938327671E+00-1.990300418E+00-2.043206060E+00-2.097019715E+00-2.151717647E+00
-2.207278057E+00-2.263681528E+00-2.320911145E+00-2.378952548E+00-2.437793802E+00
-2.497425315E+00-2.557839723E+00-2.619031776E+00-2.680998159E+00-2.743737536E+00
-2.807250334E+00-2.871538799E+00-2.936606923E+00-3.002460210E+00-3.069105500E+00
-3.136549594E+00-3.204795671E+00-3.273988340E+00-3.343531408E+00-3.412792615E+00
-3.481475084E+00-3.549668919E+00-3.617625171E+00-3.685553520E+00-3.753578716E+00
-3.821723236E+00-3.889847604E+00-3.957770256E+00-4.025274342E+00-4.092116581E+00
-4.158037243E+00-4.222770084E+00-4.286052235E+00-4.347632916E+00-4.407281190E+00
-4.464792376E+00-4.519992720E+00-4.572742666E+00-4.622937849E+00-4.670508997E+00
-4.715412102E+00-4.757609188E+00-4.797059851E+00-4.833721248E+00-4.867547322E+00
-4.898488329E+00-4.926490442E+00-4.951495178E+00-4.973439001E+00-4.992253005E+00
-5.007862588E+00-5.020187258E+00-5.029140515E+00-5.034629891E+00-5.036557066E+00
-5.034818159E+00-5.029304233E+00-5.019901774E+00-5.006493572E+00-4.988959546E+00
-4.967177910E+00-4.941026278E+00-4.910383078E+00-4.875128908E+00-4.835148144E+00
-4.790330414E+00-4.740572069E+00-4.685778491E+00-4.625863878E+00-4.560754945E+00
-4.490421833E+00-4.414890893E+00-4.334244808E+00-4.248622184E+00-4.158212161E+00
-4.063243873E+00-3.963969185E+00-3.860635098E+00-3.753435848E+00-3.642417689E+00
-3.526987253E+00-3.405109511E+00-3.273398325E+00-3.135127989E+00-2.995844673E+00
-2.855565525E+00-2.714309556E+00-2.572096626E+00-2.428946597E+00-2.284878400E+00
-2.139909146E+00-1.994053309E+00-1.847322136E+00-1.699722909E+00-1.551258473E+00
-1.401926751E+00-1.251720398E+00-1.100626552E+00-9.486267228E-01-7.956968963E-01
-6.418078616E-01-4.869258907E-01-3.310138666E-01-1.740330412E-01-1.594564962E-02
 1.432812772E-01 3.036704055E-01 4.652261619E-01 6.279232119E-01 7.916895925E-01
 9.563815640E-01 1.121745458E+00 1.287358932E+00 1.452540669E+00 1.616219296E+00
 1.776781151E+00 1.932012043E+00 2.079334159E+00-1.644052170E+00-1.696228252E+00
-1.747538023E+00-1.797882955E+00-1.847356891E+00-1.897772907E+00-1.949173379E+00
-2.001537118E+00-2.054849099E+00-2.109093199E+00-2.164253102E+00-2.220313132E+00
-2.277258738E+00-2.335076858E+00-2.393756197E+00-2.453287297E+00-2.513662563E+00
-2.574876376E+00-2.636924938E+00-2.699806331E+00-2.763520476E+00-2.828069021E+00
-2.893455474E+00-2.959685163E+00-3.026765722E+00-3.094708061E+00-3.163529329E+00
-3.233261110E+00-3.303867887E+00-3.374642740E+00-3.445073165E+00-3.515050533E+00
-3.584773691E+00-3.654488653E+00-3.724361210E+00-3.794477337E+00-3.864749916E+00
-3.935005307E+00-4.005031446E+00-4.074583853E+00-4.143395588E+00-4.211188354E+00
-4.277683626E+00-4.342612933E+00-4.405727278E+00-4.466805237E+00-4.525659532E+00
-4.582142062E+00-4.636146796E+00-4.687610583E+00-4.736496936E+00-4.782773185E+00
-4.826404703E+00-4.867355003E+00-4.905584963E+00-4.941052340E+00-4.973711153E+00
-5.003511059E+00-5.030396949E+00-5.054308388E+00-5.075179064E+00-5.092936587E+00
-5.107502012E+00-5.118789636E+00-5.126707009E+00-5.131154862E+00-5.132027261E+00
-5.129212089E+00-5.122591397E+00-5.112042256E+00-5.097437553E+00-5.078647034E+00
-5.055538624E+00-5.027979687E+00-4.995838633E+00-4.958986428E+00-4.917298245E+00
-4.870655264E+00-4.818946298E+00-4.762069481E+00-4.699933993E+00-4.632461608E+00
-4.559587684E+00-4.481299936E+00-4.397657619E+00-4.308788197E+00-4.214882378E+00
-4.116183114E+00-4.012967867E+00-3.905521481E+00-3.794092042E+00-3.678804144E+00
-3.559304853E+00-3.433941683E+00-3.298943646E+00-3.155844113E+00-3.011766190E+00
-2.866712393E+00-2.720687568E+00-2.573697082E+00-2.425745082E+00-2.276833099E+00
-2.126958846E+00-1.976115114E+00-1.824288769E+00-1.671459924E+00-1.517601039E+00
-1.362676165E+00-1.206640197E+00-1.049438151E+00-8.910045113E-01-7.312626530E-01
-5.701243601E-01-4.074895341E-01-2.432461420E-01-7.727055150E-02 9.057159070E-02
 2.604236285E-01 4.324349163E-01 6.067558940E-01 7.835300089E-01 9.628803485E-01
 1.144886623E+00 1.329542945E+00 1.516672396E+00 1.705728433E+00 1.895251502E+00
 2.081483571E+00 2.258012700E+00-1.651206368E+00-1.703795997E+00-1.755523040E+00
-1.806329491E+00-1.856546439E+00-1.907414378E+00-1.959258436E+00-2.012078256E+00
-2.065864357E+00-2.120605869E+00-2.176291300E+00-2.232909276E+00-2.290448985E+00
-2.348900603E+00-2.408255643E+00-2.468507051E+00-2.529649362E+00-2.591678857E+00
-2.654593462E+00-2.718392866E+00-2.783078389E+00-2.848653033E+00-2.915121235E+00
-2.982488576E+00-3.050761024E+00-3.119943289E+00-3.190034710E+00-3.261278937E+00
-3.333183925E+00-3.405099610E+00-3.476681929E+00-3.547986555E+00-3.619260778E+00
-3.690718909E+00-3.762489614E+00-3.834579034E+00-3.906828800E+00-3.979038048E+00
-4.050966270E+00-4.122343618E+00-4.192882826E+00-4.262291435E+00-4.330283554E+00
-4.396591023E+00-4.460973293E+00-4.523225974E+00-4.583187925E+00-4.640746353E+00
-4.695838998E+00-4.748434004E+00-4.798503158E+00-4.846017163E+00-4.890945536E+00
-4.933255784E+00-4.972913008E+00-5.009879111E+00-5.044112280E+00-5.075566317E+00
-5.104190087E+00-5.129926854E+00-5.152713797E+00-5.172481506E+00-5.189153481E+00
-5.202645838E+00-5.212867098E+00-5.219718029E+00-5.223091690E+00-5.222873755E+00
-5.218942788E+00-5.211170956E+00-5.199424850E+00-5.183566502E+00-5.163454616E+00
-5.138945974E+00-5.109896991E+00-5.076165459E+00-5.037612230E+00-4.994103117E+00
-4.945510774E+00-4.891716399E+00-4.832611615E+00-4.768100197E+00-4.698099596E+00
-4.622542439E+00-4.541380670E+00-4.454637929E+00-4.362423582E+00-4.264925179E+00
-4.162396329E+00-4.055137495E+00-3.943467682E+00-3.827680299E+00-3.707960670E+00
-3.584133625E+00-3.454793758E+00-3.316091989E+00-3.168204515E+00-3.019333708E+00
-2.869476293E+00-2.718628900E+00-2.566785907E+00-2.413937589E+00-2.260068598E+00
-2.105156631E+00-1.949171208E+00-1.792072488E+00-1.633810138E+00-1.474322115E+00
-1.313533429E+00-1.151354778E+00-9.876810685E-01-8.223897943E-01-6.553392230E-01
-4.863663867E-01-3.152848346E-01-1.418820654E-01 3.408338096E-02 2.128853564E-01
 3.948342375E-01 5.802821769E-01 7.696302159E-01 9.633387696E-01 1.161944746E+00
 1.366092837E+00 1.576601030E+00 1.794624615E+00 2.022192612E+00 2.261585171E+00
 2.479942619E+00-1.657896071E+00-1.710908030E+00-1.763059657E+00-1.814296910E+00
-1.864906317E+00-1.916234494E+00-1.968560985E+00-2.021882752E+00-2.076192656E+00
-2.131482289E+00-2.187742718E+00-2.244965049E+00-2.303140891E+00-2.362262765E+00
-2.422324354E+00-2.483320736E+00-2.545248443E+00-2.608105614E+00-2.671892017E+00
-2.736609066E+00-2.802259920E+00-2.868849384E+00-2.936384125E+00-3.004872609E+00
-3.074325282E+00-3.144754486E+00-3.216173727E+00-3.288730001E+00-3.361776169E+00
-3.434754478E+00-3.507485010E+00-3.580134392E+00-3.652951095E+00-3.726108642E+00
-3.799696983E+00-3.873617002E+00-3.947681808E+00-4.021660559E+00-4.095285988E+00
-4.168266156E+00-4.240297484E+00-4.311078073E+00-4.380320194E+00-4.447762215E+00
-4.513179012E+00-4.576391250E+00-4.637272764E+00-4.695755618E+00-4.751809738E+00
-4.805410729E+00-4.856533885E+00-4.905153957E+00-4.951244554E+00-4.994777539E+00
-5.035722375E+00-5.074045520E+00-5.109709711E+00-5.142673384E+00-5.172889899E+00
-5.200306937E+00-5.224865863E+00-5.246501066E+00-5.265139416E+00-5.280699839E+00
-5.293092853E+00-5.302220329E+00-5.307975424E+00-5.310242688E+00-5.308898223E+00
-5.303810342E+00-5.294840208E+00-5.281842898E+00-5.264668551E+00-5.243163853E+00
-5.217173730E+00-5.186542951E+00-5.151118262E+00-5.110750187E+00-5.065295142E+00
-5.014617390E+00-4.958590979E+00-4.897101661E+00-4.830048598E+00-4.757346026E+00
-4.678924750E+00-4.594732548E+00-4.504754093E+00-4.409073849E+00-4.307872529E+00
-4.201412808E+00-4.090017666E+00-3.974039651E+00-3.853815596E+00-3.729587502E+00
-3.601291289E+00-3.467667344E+00-3.324820936E+00-3.172142981E+00-3.018463015E+00
-2.863776675E+00-2.708074915E+00-2.551342018E+00-2.393554228E+00-2.234678314E+00
-2.074670367E+00-1.913474539E+00-1.751021653E+00-1.587227796E+00-1.421992615E+00
-1.255197430E+00-1.086703008E+00-9.163469916E-01-7.439408476E-01-5.692662754E-01
-3.920709069E-01-2.120631117E-01-2.890565021E-02 1.577922336E-01 3.484848997E-01
 5.437035330E-01 7.440741373E-01 9.503430821E-01 1.163415122E+00 1.384412602E+00
 1.614770477E+00 1.856385514E+00 2.111809489E+00 2.382304875E+00 2.632836396E+00
-1.663997502E+00-1.717383025E+00-1.769990861E+00-1.821612387E+00-1.872392073E+00
-1.924196828E+00-1.977037487E+00-2.030899197E+00-2.085774392E+00-2.141654699E+00
-2.198531651E+00-2.256397168E+00-2.315244100E+00-2.375066361E+00-2.435859283E+00
-2.497619668E+00-2.560345830E+00-2.624037730E+00-2.688696919E+00-2.754326574E+00
-2.820931579E+00-2.888518522E+00-2.957096025E+00-3.026675211E+00-3.097271214E+00
-3.168906704E+00-3.241620670E+00-3.315368349E+00-3.389461522E+00-3.463464457E+00
-3.537349578E+00-3.611343269E+00-3.685669647E+00-3.760466774E+00-3.835750771E+00
-3.911355983E+00-3.987068778E+00-4.062631012E+00-4.137751601E+00-4.212120163E+00
-4.285421257E+00-4.357348490E+00-4.427617988E+00-4.495980869E+00-4.562234566E+00
-4.626232567E+00-4.687892811E+00-4.747183150E+00-4.804082154E+00-4.858568700E+00
-4.910621979E+00-4.960220772E+00-5.007342931E+00-5.051964720E+00-5.094060230E+00
-5.133600687E+00-5.170553749E+00-5.204882796E+00-5.236546262E+00-5.265496808E+00
-5.291680626E+00-5.315036734E+00-5.335496285E+00-5.352981907E+00-5.367407255E+00
-5.378676451E+00-5.386683909E+00-5.391314179E+00-5.392442181E+00-5.389933401E+00
-5.383644639E+00-5.373424949E+00-5.359116717E+00-5.340557212E+00-5.317580199E+00
-5.290017949E+00-5.257703197E+00-5.220471297E+00-5.178162522E+00-5.130624122E+00
-5.077712590E+00-5.019295637E+00-4.955254192E+00-4.885484122E+00-4.809897938E+00
-4.728426134E+00-4.641018931E+00-4.547646934E+00-4.448363333E+00-4.343340235E+00
-4.232849600E+00-4.117238181E+00-3.996893290E+00-3.872194195E+00-3.743430857E+00
-3.610604554E+00-3.472510143E+00-3.325109423E+00-3.167620507E+00-3.009125373E+00
-2.849617957E+00-2.689081808E+00-2.527489254E+00-2.364800321E+00-2.200961916E+00
-2.035906624E+00-1.869551369E+00-1.701795896E+00-1.532520867E+00-1.361585618E+00
-1.188825430E+00-1.014048279E+00-8.370309071E-01-6.575141021E-01-4.751969755E-01
-2.897300174E-01-1.007066129E-01 9.234741600E-02 2.899867493E-01 4.928627355E-01
 7.017436617E-01 9.175402430E-01 1.141337364E+00 1.374432349E+00 1.618377088E+00
 1.875013850E+00 2.146480388E+00 2.434771023E+00 2.705838848E+00-1.668511681E+00
-1.722248413E+00-1.775198613E+00-1.827308277E+00-1.878900120E+00-1.931234383E+00
-1.984624304E+00-2.039066109E+00-2.094548855E+00-2.151061633E+00-2.208594425E+00
-2.267138588E+00-2.326687225E+00-2.387235142E+00-2.448778967E+00-2.511317035E+00
-2.574849462E+00-2.639377952E+00-2.704905916E+00-2.771438237E+00-2.838981309E+00
-2.907542788E+00-2.977131275E+00-3.047755665E+00-3.119423380E+00-3.192136706E+00
-3.266167543E+00-3.341025185E+00-3.416103261E+00-3.491114253E+00-3.566155028E+00
-3.641471754E+00-3.717254538E+00-3.793609860E+00-3.870454533E+00-3.947594610E+00
-4.024787956E+00-4.101751255E+00-4.178172944E+00-4.253728202E+00-4.328094206E+00
-4.400965146E+00-4.472066486E+00-4.541168257E+00-4.608097152E+00-4.672747485E+00
-4.735078024E+00-4.795069041E+00-4.852702071E+00-4.907959654E+00-4.960824739E+00
-5.011280138E+00-5.059307967E+00-5.104888963E+00-5.148001949E+00-5.188623070E+00
-5.226725121E+00-5.262276808E+00-5.295241954E+00-5.325578724E+00-5.353238771E+00
-5.378166464E+00-5.400298071E+00-5.419560927E+00-5.435872836E+00-5.449141367E+00
-5.459263397E+00-5.466124889E+00-5.469600687E+00-5.469554840E+00-5.465840955E+00
-5.458303103E+00-5.446776869E+00-5.431090843E+00-5.411068343E+00-5.386529453E+00
-5.357293229E+00-5.323180006E+00-5.284013877E+00-5.239625138E+00-5.189852648E+00
-5.134546060E+00-5.073568086E+00-5.006796379E+00-4.934125392E+00-4.855467851E+00
-4.770756340E+00-4.679944280E+00-4.583006768E+00-4.479972310E+00-4.371004371E+00
-4.256386226E+00-4.136490594E+00-4.011740673E+00-3.882556365E+00-3.749267142E+00
-3.611904471E+00-3.469216645E+00-3.316863665E+00-3.154579831E+00-2.991322934E+00
-2.827079139E+00-2.661819787E+00-2.495501376E+00-2.328065251E+00-2.159436753E+00
-1.989524130E+00-1.818216987E+00-1.645384555E+00-1.470873249E+00-1.294503809E+00
-1.116067717E+00-9.353228919E-01-7.519884468E-01-5.657383743E-01-3.761938973E-01
-1.829142380E-01 1.461453821E-02 2.169929273E-01 4.249239250E-01 6.392316484E-01
 8.608823380E-01 1.091006669E+00 1.330920706E+00 1.582140612E+00 1.846383255E+00
 2.125543480E+00 2.422308213E+00 2.709489021E+00-1.672384436E+00-1.726430154E+00
-1.779750541E+00-1.832295438E+00-1.884362687E+00-1.937251128E+00-1.991241528E+00
-2.046317586E+00-2.102460280E+00-2.159653293E+00-2.217883565E+00-2.277141273E+00
-2.337419596E+00-2.398714328E+00-2.461023590E+00-2.524347596E+00-2.588688399E+00
-2.654049855E+00-2.720437428E+00-2.787858134E+00-2.856320498E+00-2.925834500E+00
-2.996411358E+00-3.068063377E+00-3.140803560E+00-3.214645547E+00-3.289792471E+00
-3.365625229E+00-3.441617481E+00-3.517615294E+00-3.593795156E+00-3.670393952E+00
-3.747567687E+00-3.825368933E+00-3.903640908E+00-3.982165794E+00-4.060675817E+00
-4.138865381E+00-4.216405965E+00-4.292962325E+00-4.368208692E+00-4.441844681E+00
-4.513610309E+00-4.583300235E+00-4.650776631E+00-4.715977489E+00-4.778881921E+00
-4.839473127E+00-4.897735992E+00-4.953656545E+00-5.007221398E+00-5.058417334E+00
-5.107230655E+00-5.153646594E+00-5.197648662E+00-5.239218024E+00-5.278332764E+00
-5.314967073E+00-5.349090508E+00-5.380667106E+00-5.409654508E+00-5.436003070E+00
-5.459654931E+00-5.480543067E+00-5.498590472E+00-5.513709348E+00-5.525800329E+00
-5.534752075E+00-5.540440880E+00-5.542730641E+00-5.541473199E+00-5.536508847E+00
-5.527667493E+00-5.514769957E+00-5.497629849E+00-5.476055607E+00-5.449852897E+00
-5.418827250E+00-5.382786638E+00-5.341544304E+00-5.294921359E+00-5.242749415E+00
-5.184872853E+00-5.121151150E+00-5.051460817E+00-4.975697080E+00-4.893775493E+00
-4.805633237E+00-4.711230239E+00-4.610550262E+00-4.503613863E+00-4.390578347E+00
-4.271742007E+00-4.147506821E+00-4.018332997E+00-3.884678630E+00-3.746903051E+00
-3.605031934E+00-3.457640166E+00-3.299918278E+00-3.132960227E+00-2.965109121E+00
-2.796334771E+00-2.626591117E+00-2.455816540E+00-2.283932717E+00-2.110843945E+00
-1.936435853E+00-1.760574019E+00-1.583101677E+00-1.403836961E+00-1.222569412E+00
-1.039055742E+00-8.530147333E-01-6.641210945E-01-4.719980830E-01-2.762086275E-01
-7.624469196E-02 1.284854323E-01 3.386721456E-01 5.551219679E-01 7.787771435E-01
 1.010736536E+00 1.252275709E+00 1.504862316E+00 1.770160432E+00 2.050015640E+00
 2.346806804E+00 2.635871441E+00-1.675446260E+00-1.729635540E+00-1.783453511E+00
-1.836304462E+00-1.888604230E+00-1.942122862E+00-1.996804886E+00-2.052599217E+00
-2.109473495E+00-2.167404875E+00-2.226378068E+00-2.286383502E+00-2.347415906E+00
-2.409473304E+00-2.472556354E+00-2.536667809E+00-2.601812318E+00-2.667996238E+00
-2.735227455E+00-2.803515405E+00-2.872871134E+00-2.943307410E+00-3.014838884E+00
-3.087482433E+00-3.161257221E+00-3.236183767E+00-3.312336094E+00-3.389056908E+00
-3.465916210E+00-3.542880169E+00-3.620167765E+00-3.697991682E+00-3.776481088E+00
-3.855605367E+00-3.935171272E+00-4.014934804E+00-4.094604803E+00-4.173856584E+00
-4.252348354E+00-4.329738378E+00-4.405702165E+00-4.479949135E+00-4.552238605E+00
-4.622394727E+00-4.690320692E+00-4.755985885E+00-4.819374494E+00-4.880472684E+00
-4.939268382E+00-4.995750951E+00-5.049910566E+00-5.101737830E+00-5.151223073E+00
-5.198355928E+00-5.243124576E+00-5.285515181E+00-5.325511098E+00-5.363092136E+00
-5.398233744E+00-5.430906120E+00-5.461073301E+00-5.488692113E+00-5.513711266E+00
-5.536070187E+00-5.555698090E+00-5.572512855E+00-5.586420252E+00-5.597313008E+00
-5.605070345E+00-5.609557611E+00-5.610626281E+00-5.608114381E+00-5.601847419E+00
-5.591639568E+00-5.577295585E+00-5.558612900E+00-5.535384293E+00-5.507400570E+00
-5.474453678E+00-5.436339709E+00-5.392861929E+00-5.343833619E+00-5.289080830E+00
-5.228444747E+00-5.161783994E+00-5.088976437E+00-5.009920927E+00-4.924538677E+00
-4.832774422E+00-4.734597547E+00-4.630002801E+00-4.519016091E+00-4.401795690E+00
-4.278661049E+00-4.150047767E+00-4.016454361E+00-3.878373708E+00-3.736182887E+00
-3.589853279E+00-3.437615593E+00-3.274118071E+00-3.102767914E+00-2.930641857E+00
-2.757690256E+00-2.583851568E+00-2.409046580E+00-2.233178967E+00-2.056135607E+00
-1.877785551E+00-1.697978267E+00-1.516540974E+00-1.333275523E+00-1.147954648E+00
-9.603175327E-01-7.700645783E-01-5.768511421E-01-3.802800293E-01-1.798924111E-01
 2.484321354E-02 2.345445462E-01 4.499321802E-01 6.718503579E-01 9.012928545E-01
 1.139435046E+00 1.387672121E+00 1.647659585E+00 1.921342673E+00 2.210918657E+00
 2.494177470E+00-1.676076082E+00-1.730410727E+00-1.784379722E+00-1.837948333E+00
-1.891347356E+00-1.945725891E+00-2.001269713E+00-2.057909761E+00-2.115606638E+00
-2.174339651E+00-2.234098569E+00-2.294879264E+00-2.356681678E+00-2.419508465E+00
-2.483364374E+00-2.548255895E+00-2.614190876E+00-2.681178561E+00-2.749229412E+00
-2.818355230E+00-2.888569174E+00-2.959886104E+00-3.032323228E+00-3.105901705E+00
-3.180650350E+00-3.256614699E+00-3.333684961E+00-3.411229846E+00-3.488924091E+00
-3.566831117E+00-3.645184592E+00-3.724168446E+00-3.803881113E+00-3.884208559E+00
-3.964936977E+00-4.045798400E+00-4.126480758E+00-4.206643402E+00-4.285934635E+00
-4.364009913E+00-4.440549725E+00-4.515277287E+00-4.587975228E+00-4.658501608E+00
-4.726798860E+00-4.792849658E+00-4.856640363E+00-4.918159851E+00-4.977399015E+00
-5.034350298E+00-5.089007305E+00-5.141364205E+00-5.191415261E+00-5.239154273E+00
-5.284573974E+00-5.327665354E+00-5.368417038E+00-5.406814397E+00-5.442838868E+00
-5.476466907E+00-5.507669196E+00-5.536409481E+00-5.562643504E+00-5.586317863E+00
-5.607368806E+00-5.625721091E+00-5.641286727E+00-5.653964003E+00-5.663636598E+00
-5.670172883E+00-5.673425689E+00-5.673232421E+00-5.669415624E+00-5.661784219E+00
-5.650135192E+00-5.634255801E+00-5.613926367E+00-5.588923336E+00-5.559022610E+00
-5.524003020E+00-5.483649711E+00-5.437757439E+00-5.386133597E+00-5.328600999E+00
-5.265000307E+00-5.195192122E+00-5.119058765E+00-5.036505852E+00-4.947463410E+00
-4.851886931E+00-4.749758220E+00-4.641085976E+00-4.525909304E+00-4.404398702E+00
-4.276903366E+00-4.143897882E+00-4.005920335E+00-3.863493713E+00-3.716996880E+00
-3.566271834E+00-3.408964520E+00-3.239460271E+00-3.064162270E+00-2.888223311E+00
-2.711601869E+00-2.534215474E+00-2.355965943E+00-2.176744163E+00-1.996429046E+00
-1.814884861E+00-1.631958569E+00-1.447476959E+00-1.261243696E+00-1.073036065E+00
-8.826012792E-01-6.896521592E-01-4.938620390E-01-2.948585846E-01-9.221617138E-02
 1.145538569E-01 3.260160758E-01 5.428289273E-01 7.657710990E-01 9.957825924E-01
 1.234031783E+00 1.482027265E+00 1.741794415E+00 2.015952003E+00 2.286571828E+00
-1.674947118E+00-1.728877095E+00-1.783085313E+00-1.837553946E+00-1.892429685E+00
-1.948117943E+00-2.004765005E+00-2.062382843E+00-2.120976689E+00-2.180552919E+00
-2.241119012E+00-2.302683222E+00-2.365254483E+00-2.428842425E+00-2.493457279E+00
-2.559109954E+00-2.625812078E+00-2.693575934E+00-2.762414602E+00-2.832341783E+00
-2.903371834E+00-2.975519405E+00-3.048798757E+00-3.123222311E+00-3.198796850E+00
-3.275809154E+00-3.353749974E+00-3.432078394E+00-3.510583012E+00-3.589403147E+00
-3.668770959E+00-3.748844042E+00-3.829673376E+00-3.911088249E+00-3.992853810E+00
-4.074680720E+00-4.156238945E+00-4.237175028E+00-4.317130646E+00-4.395761661E+00
-4.472756913E+00-4.547856653E+00-4.620869996E+00-4.691692111E+00-4.760292615E+00
-4.826657614E+00-4.890775889E+00-4.952638857E+00-5.012240083E+00-5.069574937E+00
-5.124640144E+00-5.177433204E+00-5.227952122E+00-5.276194610E+00-5.322157744E+00
-5.365837182E+00-5.407226549E+00-5.446316739E+00-5.483095020E+00-5.517544205E+00
-5.549641700E+00-5.579358303E+00-5.606657237E+00-5.631492753E+00-5.653808927E+00
-5.673538192E+00-5.690600017E+00-5.704899549E+00-5.716326417E+00-5.724753719E+00
-5.730037426E+00-5.732016105E+00-5.730511178E+00-5.725327903E+00-5.716256853E+00
-5.703076216E+00-5.685554572E+00-5.663454298E+00-5.636535291E+00-5.604558904E+00
-5.567291834E+00-5.524509927E+00-5.476001583E+00-5.421570979E+00-5.361040656E+00
-5.294253952E+00-5.221076891E+00-5.141399743E+00-5.055138311E+00-4.962234912E+00
-4.862659161E+00-4.756408559E+00-4.643508858E+00-4.524017453E+00-4.398131139E+00
-4.266239397E+00-4.128861475E+00-3.986575048E+00-3.839925232E+00-3.689267540E+00
-3.534192999E+00-3.371416559E+00-3.196177522E+00-3.017405661E+00-2.838299504E+00
-2.658683109E+00-2.478439203E+00-2.297466541E+00-2.115662541E+00-1.932915776E+00
-1.749102522E+00-1.564084517E+00-1.377707346E+00-1.189798855E+00-1.000167540E+00
-8.086008291E-01-6.148632291E-01-4.186943319E-01-2.198065514E-01-1.788251806E-02
 1.874282972E-01 3.965143964E-01 6.098101844E-01 8.278107726E-01 1.051103175E+00
 1.280441604E+00 1.516968454E+00 1.763032735E+00 2.007557157E+00-1.673272807E+00
-1.726805904E+00-1.781190727E+00-1.836586874E+00-1.892997242E+00-1.949998051E+00
-2.007745387E+00-2.066330203E+00-2.125805226E+00-2.186205586E+00-2.247557287E+00
-2.309881257E+00-2.373195632E+00-2.437516961E+00-2.502860880E+00-2.569242699E+00
-2.636677686E+00-2.705181246E+00-2.774769113E+00-2.845457331E+00-2.917262411E+00
-2.990201074E+00-3.064290159E+00-3.139546389E+00-3.215986428E+00-3.293852936E+00
-3.372548651E+00-3.451591139E+00-3.530862763E+00-3.610548554E+00-3.690866156E+00
-3.771951754E+00-3.853789727E+00-3.936178749E+00-4.018862012E+00-4.101530937E+00
-4.183840318E+00-4.265426718E+00-4.345928055E+00-4.425003466E+00-4.502352855E+00
-4.577736044E+00-4.650991136E+00-4.722048878E+00-4.790891635E+00-4.857507181E+00
-4.921886447E+00-4.984023156E+00-5.043913354E+00-5.101555064E+00-5.156947842E+00
-5.210092385E+00-5.260990010E+00-5.309642190E+00-5.356049952E+00-5.400213373E+00
-5.442130904E+00-5.481798630E+00-5.519209536E+00-5.554352637E+00-5.587211925E+00
-5.617765409E+00-5.645983925E+00-5.671829727E+00-5.695255167E+00-5.716201124E+00
-5.734595399E+00-5.750351183E+00-5.763365409E+00-5.773517473E+00-5.780668304E+00
-5.784659554E+00-5.785313630E+00-5.782434126E+00-5.775807098E+00-5.765203100E+00
-5.750380094E+00-5.731086757E+00-5.707066943E+00-5.678064291E+00-5.643826569E+00
-5.604110129E+00-5.558683898E+00-5.507332925E+00-5.449861462E+00-5.386095540E+00
-5.315884969E+00-5.239105035E+00-5.155657846E+00-5.065473179E+00-4.968509334E+00
-4.864753522E+00-4.754222311E+00-4.636961702E+00-4.513052363E+00-4.382733910E+00
-4.246447446E+00-4.104761129E+00-3.958287801E+00-3.807576570E+00-3.652908426E+00
-3.493404324E+00-3.324333503E+00-3.143949403E+00-2.962994860E+00-2.781573636E+00
-2.599701060E+00-2.417345722E+00-2.234449780E+00-2.050938613E+00-1.866725096E+00
-1.681711577E+00-1.495790829E+00-1.308846665E+00-1.120754597E+00-9.313827939E-01
-7.405935900E-01-5.482458267E-01-3.541984266E-01-1.583158251E-01 3.952377669E-02
 2.394156567E-01 4.414081954E-01 6.454685273E-01 8.514198397E-01 1.058813026E+00
 1.266620560E+00 1.472409742E+00 1.670940646E+00-1.673210229E+00-1.726672402E+00
-1.781339885E+00-1.837229714E+00-1.894279747E+00-1.952111325E+00-2.010690890E+00
-2.070078386E+00-2.130323535E+00-2.191465866E+00-2.253537467E+00-2.316565157E+00
-2.380572266E+00-2.445579759E+00-2.511607189E+00-2.578673157E+00-2.646795820E+00
-2.715993218E+00-2.786283469E+00-2.857685057E+00-2.930216916E+00-3.003898558E+00
-3.078750115E+00-3.154792224E+00-3.232045774E+00-3.310669658E+00-3.390038788E+00
-3.469737619E+00-3.549730325E+00-3.630226392E+00-3.711423291E+00-3.793436570E+00
-3.876179709E+00-3.959433747E+00-4.042922151E+00-4.126319269E+00-4.209267147E+00
-4.291394887E+00-4.372339128E+00-4.451764567E+00-4.529384191E+00-4.604979269E+00
-4.678418754E+00-4.749660908E+00-4.818692147E+00-4.885502104E+00-4.950083629E+00
-5.012432518E+00-5.072547026E+00-5.130427560E+00-5.186076310E+00-5.239496745E+00
-5.290693282E+00-5.339670746E+00-5.386433924E+00-5.430986904E+00-5.473332612E+00
-5.513472075E+00-5.551403665E+00-5.587122267E+00-5.620618406E+00-5.651877121E+00
-5.680876828E+00-5.707587917E+00-5.731971286E+00-5.753976747E+00-5.773541055E+00
-5.790586253E+00-5.805017821E+00-5.816722538E+00-5.825567438E+00-5.831399286E+00
-5.834043900E+00-5.833306076E+00-5.828970107E+00-5.820801392E+00-5.808548592E+00
-5.791947228E+00-5.770724797E+00-5.744607230E+00-5.713322453E+00-5.676606430E+00
-5.634207842E+00-5.585892089E+00-5.531444742E+00-5.470674356E+00-5.403414693E+00
-5.329526433E+00-5.248898447E+00-5.161448789E+00-5.067125257E+00-4.965905916E+00
-4.857799233E+00-4.742844313E+00-4.621110796E+00-4.492710663E+00-4.357945985E+00
-4.217321711E+00-4.071460119E+00-3.921007322E+00-3.766504504E+00-3.608113348E+00
-3.444199236E+00-3.268657160E+00-3.085498154E+00-2.902230538E+00-2.718853035E+00
-2.535331134E+00-2.351617611E+00-2.167658948E+00-1.983397556E+00-1.798772938E+00
-1.613722837E+00-1.428184726E+00-1.242097842E+00-1.055406013E+00-8.680615341E-01
-6.800305686E-01-4.913005893E-01-3.018908302E-01-1.118670630E-01 7.863712260E-02
 2.693890967E-01 4.600105351E-01 6.499070253E-01 8.381640855E-01 1.023410142E+00
 1.203700290E+00 1.376584896E+00-1.673904125E+00-1.727485353E+00-1.782396583E+00
-1.838660461E+00-1.896188047E+00-1.954583657E+00-2.013772401E+00-2.073789268E+00
-2.134669871E+00-2.196446979E+00-2.259150140E+00-2.322805999E+00-2.387438912E+00
-2.453071377E+00-2.519724709E+00-2.587419291E+00-2.656175103E+00-2.726011851E+00
-2.796949434E+00-2.869008141E+00-2.942209016E+00-3.016574264E+00-3.092127662E+00
-3.168894671E+00-3.246901179E+00-3.326201597E+00-3.406178511E+00-3.486485224E+00
-3.567153030E+00-3.648400988E+00-3.730405392E+00-3.813254350E+00-3.896804626E+00
-3.980821484E+00-4.065010992E+00-4.149032869E+00-4.232518754E+00-4.315092595E+00
-4.396391787E+00-4.476088313E+00-4.553909827E+00-4.629660039E+00-4.703238613E+00
-4.774620651E+00-4.843793924E+00-4.910749713E+00-4.975482671E+00-5.037990336E+00
-5.098272961E+00-5.156333102E+00-5.212175236E+00-5.265805351E+00-5.317230635E+00
-5.366458956E+00-5.413498414E+00-5.458356817E+00-5.501041160E+00-5.541557024E+00
-5.579907801E+00-5.616093935E+00-5.650112113E+00-5.681954159E+00-5.711605907E+00
-5.739045849E+00-5.764243582E+00-5.787157929E+00-5.807735604E+00-5.825907372E+00
-5.841586500E+00-5.854668042E+00-5.865027131E+00-5.872517644E+00-5.876970981E+00
-5.878195560E+00-5.875976681E+00-5.870077439E+00-5.860240700E+00-5.846192161E+00
-5.827644922E+00-5.804304897E+00-5.775876933E+00-5.742075701E+00-5.702628642E+00
-5.657280695E+00-5.605798248E+00-5.547972221E+00-5.483620432E+00-5.412589296E+00
-5.334755089E+00-5.250024880E+00-5.158336972E+00-5.059661271E+00-4.953999463E+00
-4.841384994E+00-4.721883067E+00-4.595590453E+00-4.462665617E+00-4.323494087E+00
-4.178655610E+00-4.028829470E+00-3.874689044E+00-3.716743117E+00-3.554855740E+00
-3.386073968E+00-3.204500944E+00-3.019412437E+00-2.834672700E+00-2.650170896E+00
-2.465847729E+00-2.281662973E+00-2.097584365E+00-1.913584654E+00-1.729641475E+00
-1.545739052E+00-1.361870807E+00-1.178043085E+00-9.942800853E-01-8.106303175E-01
-6.271750538E-01-4.440393564E-01-2.614065041E-01-7.953678217E-02 1.012083475E-01
 2.803360581E-01 4.571868543E-01 6.308991275E-01 8.003863073E-01 9.643488332E-01
 1.121343182E+00-1.675003190E+00-1.728747392E+00-1.783877041E+00-1.840462553E+00
-1.898476406E+00-1.957305877E+00-2.016965448E+00-2.077482846E+00-2.138883842E+00
-2.201194248E+00-2.264439175E+00-2.328642749E+00-2.393828144E+00-2.460017509E+00
-2.527232352E+00-2.595493561E+00-2.664821697E+00-2.735237201E+00-2.806760595E+00
-2.879412806E+00-2.953215612E+00-3.028192520E+00-3.104370541E+00-3.181784534E+00
-3.260487186E+00-3.340399554E+00-3.420933639E+00-3.501806920E+00-3.583103632E+00
-3.665043297E+00-3.747783239E+00-3.831376047E+00-3.915639945E+00-4.000324113E+00
-4.085119236E+00-4.169672667E+00-4.253607792E+00-4.336545343E+00-4.418125096E+00
-4.498027660E+00-4.575996149E+00-4.651857179E+00-4.725538123E+00-4.797022104E+00
-4.866297960E+00-4.933358444E+00-4.998199624E+00-5.060820722E+00-5.121223698E+00
-5.179412949E+00-5.235394967E+00-5.289178026E+00-5.340771698E+00-5.390186525E+00
-5.437433570E+00-5.482523994E+00-5.525468476E+00-5.566276664E+00-5.604956543E+00
-5.641513769E+00-5.675950746E+00-5.708265769E+00-5.738451803E+00-5.766495266E+00
-5.792374378E+00-5.816057902E+00-5.837499934E+00-5.856639242E+00-5.873398336E+00
-5.887681495E+00-5.899372880E+00-5.908334857E+00-5.914406381E+00-5.917401780E+00
-5.917110057E+00-5.913295023E+00-5.905696520E+00-5.894033057E+00-5.878005877E+00
-5.857304498E+00-5.831613810E+00-5.800622151E+00-5.764028767E+00-5.721557863E+00
-5.672955812E+00-5.617995784E+00-5.556479823E+00-5.488240567E+00-5.413142397E+00
-5.331082187E+00-5.241989694E+00-5.145827812E+00-5.042592529E+00-4.932312911E+00
-4.815050926E+00-4.690901309E+00-4.559990943E+00-4.422551576E+00-4.279068241E+00
-4.130199178E+00-3.976671651E+00-3.819157138E+00-3.658049478E+00-3.492520376E+00
-3.317430292E+00-3.131464039E+00-2.945784742E+00-2.760540966E+00-2.575777744E+00
-2.391507302E+00-2.207734079E+00-2.024464138E+00-1.841709785E+00-1.659492945E+00
-1.477848642E+00-1.296829034E+00-1.116508336E+00-9.369888473E-01-7.584082848E-01
-5.809486776E-01-4.048469367E-01-2.304071615E-01-5.801428260E-02 1.118519895E-01
 2.786050923E-01 4.415452191E-01 5.998638577E-01 7.526645586E-01 8.990022356E-01
-1.676648055E+00-1.730562716E+00-1.785924502E+00-1.842758720E+00-1.900982044E+00
-1.960154087E+00-2.020193877E+00-2.081119048E+00-2.142949636E+00-2.205706666E+00
-2.269411588E+00-2.334085968E+00-2.399751142E+00-2.466428249E+00-2.534138179E+00
-2.602901489E+00-2.672738644E+00-2.743669871E+00-2.815715325E+00-2.888894884E+00
-2.963228083E+00-3.038733232E+00-3.115425988E+00-3.193315109E+00-3.272738300E+00
-3.353236382E+00-3.434290608E+00-3.515690793E+00-3.597566339E+00-3.680133979E+00
-3.763536814E+00-3.847785035E+00-3.932673343E+00-4.017935493E+00-4.103248781E+00
-4.188250154E+00-4.272556662E+00-4.355787349E+00-4.437585542E+00-4.517641224E+00
-4.595713265E+00-4.671651222E+00-4.745404288E+00-4.816958646E+00-4.886304376E+00
-4.953435374E+00-5.018349082E+00-5.081046024E+00-5.141529705E+00-5.199806115E+00
-5.255883507E+00-5.309772036E+00-5.361483405E+00-5.411030519E+00-5.458427039E+00
-5.503687015E+00-5.546824376E+00-5.587852496E+00-5.626783463E+00-5.663627646E+00
-5.698392775E+00-5.731083134E+00-5.761698566E+00-5.790233027E+00-5.816674037E+00
-5.840996562E+00-5.863162060E+00-5.883118115E+00-5.900796269E+00-5.916110234E+00
-5.928953863E+00-5.939199034E+00-5.946693772E+00-5.951260349E+00-5.952693891E+00
-5.950761678E+00-5.945203590E+00-5.935733874E+00-5.922044761E+00-5.903811878E+00
-5.880701434E+00-5.852378688E+00-5.818517581E+00-5.778809821E+00-5.732977871E+00
-5.680777345E+00-5.621994920E+00-5.556450098E+00-5.483996194E+00-5.404520839E+00
-5.317946311E+00-5.224229498E+00-5.123361852E+00-5.015369069E+00-4.900310984E+00
-4.778281248E+00-4.649407170E+00-4.513852271E+00-4.371959103E+00-4.224320083E+00
-4.071667823E+00-3.914759679E+00-3.754224382E+00-3.590216853E+00-3.420608432E+00
-3.238588008E+00-3.051474472E+00-2.865362851E+00-2.680150234E+00-2.495812786E+00
-2.312358046E+00-2.129809284E+00-1.948201788E+00-1.767583370E+00-1.588016803E+00
-1.409583255E+00-1.232386388E+00-1.056557158E+00-8.822592374E-01-7.096950785E-01
-5.391124030E-01-3.708108634E-01-2.051482239E-01-4.254514140E-02 1.165128456E-01
 2.714778406E-01 4.217483297E-01 5.666852974E-01 7.056354776E-01-1.678392029E+00
-1.732480536E+00-1.788042395E+00-1.845105050E+00-1.903568721E+00-1.963027449E+00
-2.023381381E+00-2.084643385E+00-2.146830397E+00-2.209960592E+00-2.274053057E+00
-2.339127325E+00-2.405203275E+00-2.472300944E+00-2.540440426E+00-2.609641816E+00
-2.679925188E+00-2.751310500E+00-2.823817691E+00-2.897466489E+00-2.972276365E+00
-3.048266331E+00-3.125454812E+00-3.203859831E+00-3.283814480E+00-3.364785345E+00
-3.446282940E+00-3.528148875E+00-3.610540241E+00-3.693665226E+00-3.777655015E+00
-3.862473564E+00-3.947901138E+00-4.033657891E+00-4.119409470E+00-4.204784183E+00
-4.289394234E+00-4.372858126E+00-4.454823485E+00-4.534990004E+00-4.613131997E+00
-4.689120994E+00-4.762921456E+00-4.834520750E+00-4.903909963E+00-4.971084113E+00
-5.036041633E+00-5.098784324E+00-5.159316875E+00-5.217646669E+00-5.273783452E+00
-5.327739006E+00-5.379526876E+00-5.429161924E+00-5.476660097E+00-5.522037943E+00
-5.565312263E+00-5.606499604E+00-5.645615837E+00-5.682675455E+00-5.717691034E+00
-5.750672476E+00-5.781625866E+00-5.810553237E+00-5.837447964E+00-5.862290649E+00
-5.885050464E+00-5.905683053E+00-5.924128659E+00-5.940310275E+00-5.954131560E+00
-5.965474641E+00-5.974197619E+00-5.980132263E+00-5.983081855E+00-5.982819701E+00
-5.979088512E+00-5.971601351E+00-5.960044404E+00-5.944082001E+00-5.923363745E+00
-5.897533755E+00-5.866241013E+00-5.829150159E+00-5.785952244E+00-5.736375696E+00
-5.680193104E+00-5.617211765E+00-5.547275031E+00-5.470262455E+00-5.386089960E+00
-5.294709547E+00-5.196109107E+00-5.090311970E+00-4.977376653E+00-4.857396460E+00
-4.730499142E+00-4.596846674E+00-4.456666350E+00-4.310443200E+00-4.158875712E+00
-4.002756471E+00-3.842840662E+00-3.679635114E+00-3.512593683E+00-3.337075499E+00
-3.149713044E+00-2.963142533E+00-2.777607383E+00-2.593218624E+00-2.410042392E+00
-2.228133057E+00-2.047547164E+00-1.868350166E+00-1.690620952E+00-1.514455546E+00
-1.339970602E+00-1.167306975E+00-9.966333583E-01-8.281499272E-01-6.620917766E-01
-4.987318940E-01-3.383831759E-01-1.813989427E-01-2.817125246E-02 1.208736594E-01
 2.652833415E-01 4.045906408E-01 5.383284185E-01-1.680108229E+00-1.734347713E+00
-1.790083738E+00-1.847355591E+00-1.906144459E+00-1.965850101E+00-2.026464424E+00
-2.088004393E+00-2.150485570E+00-2.213924714E+00-2.278339480E+00-2.343748274E+00
-2.410169971E+00-2.477623812E+00-2.546129251E+00-2.615705976E+00-2.686373694E+00
-2.758152246E+00-2.831061553E+00-2.905121553E+00-2.980352263E+00-3.056773777E+00
-3.134406480E+00-3.213271416E+00-3.293669453E+00-3.375035070E+00-3.456909628E+00
-3.539180061E+00-3.622021558E+00-3.705631787E+00-3.790130245E+00-3.875437758E+00
-3.961324338E+00-4.047498513E+00-4.133615934E+00-4.219297813E+00-4.304152695E+00
-4.387799372E+00-4.469890217E+00-4.550134381E+00-4.628320864E+00-4.704341271E+00
-4.778169694E+00-4.849794101E+00-4.919206450E+00-4.986402574E+00-5.051381893E+00
-5.114147120E+00-5.174704028E+00-5.233061143E+00-5.289229453E+00-5.343222134E+00
-5.395054223E+00-5.444742287E+00-5.492304172E+00-5.537758616E+00-5.581124803E+00
-5.622422148E+00-5.661669661E+00-5.698885594E+00-5.734086846E+00-5.767288374E+00
-5.798502212E+00-5.827737002E+00-5.854989625E+00-5.880246981E+00-5.903484869E+00
-5.924666143E+00-5.943739103E+00-5.960635563E+00-5.975268828E+00-5.987531045E+00
-5.997290760E+00-6.004390475E+00-6.008643704E+00-6.009832260E+00-6.007704299E+00
-6.001974220E+00-5.992324509E+00-5.978410505E+00-5.959867975E+00-5.936322029E+00
-5.907398107E+00-5.872734572E+00-5.831994533E+00-5.784876966E+00-5.731127837E+00
-5.670544382E+00-5.602961354E+00-5.528251715E+00-5.446326253E+00-5.357133290E+00
-5.260658176E+00-5.156922826E+00-5.045985237E+00-4.927939098E+00-4.802913323E+00
-4.671071864E+00-4.532613415E+00-4.387892072E+00-4.237540559E+00-4.082351421E+00
-3.923150281E+00-3.760635161E+00-3.595031283E+00-3.424266801E+00-3.241238397E+00
-3.053390040E+00-2.867185622E+00-2.682559590E+00-2.499518378E+00-2.318098511E+00
-2.138353528E+00-1.960350959E+00-1.784173025E+00-1.609918459E+00-1.437704606E+00
-1.267669655E+00-1.099974693E+00-9.348055604E-01-7.723742896E-01-6.129199225E-01
-4.567084496E-01-3.040315397E-01-1.552037870E-01-1.055819336E-02 1.295602374E-01
 2.648027316E-01 3.948265351E-01-1.682038927E+00-1.736429061E+00-1.792329896E+00
-1.849768061E+00-1.908666282E+00-1.968567690E+00-2.029394134E+00-2.091159228E+00
-2.153878181E+00-2.217567291E+00-2.282243823E+00-2.347925622E+00-2.414631117E+00
-2.482379122E+00-2.551188725E+00-2.621079244E+00-2.692070231E+00-2.764181373E+00
-2.837432590E+00-2.911843994E+00-2.987435895E+00-3.064228966E+00-3.142244329E+00
-3.221503610E+00-3.302272371E+00-3.383967264E+00-3.466159917E+00-3.548776174E+00
-3.632002909E+00-3.716027325E+00-3.800956537E+00-3.886675815E+00-3.972946508E+00
-4.059467167E+00-4.145885088E+00-4.231815751E+00-4.316865005E+00-4.400652496E+00
-4.482835344E+00-4.563131709E+00-4.641344100E+00-4.717381345E+00-4.791223197E+00
-4.862858087E+00-4.932278633E+00-4.999481365E+00-5.064466419E+00-5.127237381E+00
-5.187800858E+00-5.246166325E+00-5.302345777E+00-5.356353514E+00-5.408205852E+00
-5.457920772E+00-5.505517691E+00-5.551017110E+00-5.594440363E+00-5.635809132E+00
-5.675145257E+00-5.712470187E+00-5.747804598E+00-5.781167751E+00-5.812577725E+00
-5.842046378E+00-5.869574641E+00-5.895154704E+00-5.918767986E+00-5.940383618E+00
-5.959956974E+00-5.977427851E+00-5.992718098E+00-6.005729417E+00-6.016341727E+00
-6.024409448E+00-6.029756866E+00-6.032175098E+00-6.031419815E+00-6.027209700E+00
-6.019227103E+00-6.007121318E+00-5.990514934E+00-5.969015255E+00-5.942226948E+00
-5.909763709E+00-5.871262217E+00-5.826394591E+00-5.774878815E+00-5.716491684E+00
-5.651061711E+00-5.578456878E+00-5.498584368E+00-5.411390062E+00-5.316857761E+00
-5.215008797E+00-5.105901304E+00-4.989629821E+00-4.866324778E+00-4.736152293E+00
-4.599313852E+00-4.456076083E+00-4.306978486E+00-4.152785625E+00-3.994355153E+00
-3.832494962E+00-3.667729650E+00-3.499356620E+00-3.322078428E+00-3.133929260E+00
-2.947345243E+00-2.762515499E+00-2.579536138E+00-2.398472947E+00-2.219387098E+00
-2.042346217E+00-1.867429706E+00-1.694731608E+00-1.524362477E+00-1.356450683E+00
-1.191143379E+00-1.028607114E+00-8.690280379E-01-7.126115294E-01-5.595811568E-01
-4.101767726E-01-2.646516363E-01-1.232684847E-01 1.370547872E-02 1.460045752E-01
 2.733714253E-01-1.683922275E+00-1.738450477E+00-1.794490012E+00-1.852069568E+00
-1.911087695E+00-1.971143864E+00-2.032135596E+00-2.094074677E+00-2.156976958E+00
-2.220859278E+00-2.285739114E+00-2.351634469E+00-2.418563751E+00-2.486545561E+00
-2.555598851E+00-2.625742707E+00-2.696996507E+00-2.769379801E+00-2.842912393E+00
-2.917614397E+00-2.993506237E+00-3.070608664E+00-3.148942918E+00-3.228530738E+00
-3.309602829E+00-3.391566851E+00-3.474022453E+00-3.556927410E+00-3.640475690E+00
-3.724844999E+00-3.810129686E+00-3.896187734E+00-3.982772706E+00-4.069574760E+00
-4.156234372E+00-4.242362392E+00-4.327562846E+00-4.411456543E+00-4.493705041E+00
-4.574034619E+00-4.652259934E+00-4.728303767E+00-4.802148913E+00-4.873784249E+00
-4.943202896E+00-5.010401946E+00-5.075382176E+00-5.138147770E+00-5.198706054E+00
-5.257067219E+00-5.313244133E+00-5.367251986E+00-5.419108083E+00-5.468831568E+00
-5.516443156E+00-5.561964819E+00-5.605419560E+00-5.646831056E+00-5.686223413E+00
-5.723620775E+00-5.759047092E+00-5.792525326E+00-5.824078381E+00-5.853719781E+00
-5.881454469E+00-5.907278704E+00-5.931178478E+00-5.953128133E+00-5.973088974E+00
-5.991007347E+00-6.006812484E+00-6.020416163E+00-6.031709212E+00-6.040555720E+00
-6.046790206E+00-6.050216534E+00-6.050602334E+00-6.047672855E+00-6.041109539E+00
-6.030555516E+00-6.015625063E+00-5.995910292E+00-5.970994381E+00-5.940469323E+00
-5.903947693E+00-5.861077019E+00-5.811551704E+00-5.755121395E+00-5.691605672E+00
-5.620869204E+00-5.542817140E+00-5.457394043E+00-5.364583228E+00-5.264405990E+00
-5.156921121E+00-5.042224227E+00-4.920447363E+00-4.791758588E+00-4.656361885E+00
-4.514498306E+00-4.366602422E+00-4.213391654E+00-4.055730203E+00-3.894491206E+00
-3.730373439E+00-3.563421201E+00-3.390620199E+00-3.205032208E+00-3.017456778E+00
-2.832143264E+00-2.649054248E+00-2.468193373E+00-2.289589996E+00-2.113293218E+00
-1.939369600E+00-1.767902218E+00-1.598990330E+00-1.432749275E+00-1.269310256E+00
-1.108820013E+00-9.514401918E-01-7.973463502E-01-6.467264598E-01-4.997788556E-01
-3.567095654E-01-2.177290018E-01-8.304802635E-02 4.712650314E-02 1.725966044E-01
-1.685672482E+00-1.740308002E+00-1.796461127E+00-1.854161006E+00-1.913384187E+00
-1.973558995E+00-2.034666544E+00-2.096726325E+00-2.159756127E+00-2.223774203E+00
-2.288798981E+00-2.354849024E+00-2.421942896E+00-2.490099236E+00-2.559336822E+00
-2.629674527E+00-2.701131496E+00-2.773727028E+00-2.847480772E+00-2.922412628E+00
-2.998542865E+00-3.075892197E+00-3.154481705E+00-3.234332997E+00-3.315644396E+00
-3.397821005E+00-3.480486635E+00-3.563624158E+00-3.647431529E+00-3.732078358E+00
-3.817646630E+00-3.903974389E+00-3.990808396E+00-4.077831989E+00-4.164680199E+00
-4.250960329E+00-4.336275109E+00-4.420246566E+00-4.502540291E+00-4.582889536E+00
-4.661119289E+00-4.737163064E+00-4.811005226E+00-4.882634962E+00-4.952045877E+00
-5.019235471E+00-5.084204966E+00-5.146959070E+00-5.207505611E+00-5.265855402E+00
-5.322021929E+00-5.376021102E+00-5.427871017E+00-5.477591731E+00-5.525204927E+00
-5.570733799E+00-5.614202646E+00-5.655636756E+00-5.695062054E+00-5.732504894E+00
-5.767991823E+00-5.801549116E+00-5.833202602E+00-5.862967319E+00-5.890851327E+00
-5.916853988E+00-5.940964836E+00-5.963162151E+00-5.983411809E+00-6.001664961E+00
-6.017857642E+00-6.031909785E+00-6.043718422E+00-6.053154480E+00-6.060066973E+00
-6.064278289E+00-6.065573033E+00-6.063686976E+00-6.058301694E+00-6.049049118E+00
-6.035526320E+00-6.017314035E+00-5.993982167E+00-5.965101340E+00-5.930264069E+00
-5.889096376E+00-5.841271640E+00-5.786520944E+00-5.724642223E+00-5.655500166E+00
-5.578999167E+00-5.495083574E+00-5.403736858E+00-5.304980897E+00-5.198875313E+00
-5.085516839E+00-4.965038865E+00-4.837610962E+00-4.703438605E+00-4.562762652E+00
-4.415935302E+00-4.263614760E+00-4.106652689E+00-3.945954372E+00-3.782315435E+00
-3.616107648E+00-3.445676338E+00-3.263780722E+00-3.075705614E+00-2.890110298E+00
-2.706967026E+00-2.526272271E+00-2.348045199E+00-2.172324949E+00-1.999168667E+00
-1.828649872E+00-1.660857320E+00-1.495894129E+00-1.333876938E+00-1.174935031E+00
-1.019209260E+00-8.668507521E-01-7.180192634E-01-5.728811898E-01-4.316071762E-01
-2.943693326E-01-1.613381092E-01-3.267886026E-02 9.145177351E-02-1.687562029E+00
-1.742311696E+00-1.798562231E+00-1.856339239E+00-1.915576975E+00-1.975809556E+00
-2.036975042E+00-2.099095474E+00-2.162192224E+00-2.226285774E+00-2.291395831E+00
-2.357541442E+00-2.424741268E+00-2.493013794E+00-2.562377428E+00-2.632850696E+00
-2.704452335E+00-2.777201257E+00-2.851116722E+00-2.926218381E+00-3.002526170E+00
-3.080060573E+00-3.158842400E+00-3.238893044E+00-3.320382829E+00-3.402718311E+00
-3.485542641E+00-3.568857484E+00-3.652862638E+00-3.737721356E+00-3.823504656E+00
-3.910036651E+00-3.997058519E+00-4.084248349E+00-4.171236947E+00-4.257629038E+00
-4.343026500E+00-4.427052465E+00-4.509375817E+00-4.589735507E+00-4.667964775E+00
-4.744004889E+00-4.817840947E+00-4.889462505E+00-4.958863383E+00-5.026041467E+00
-5.090998309E+00-5.153738945E+00-5.214271612E+00-5.272607568E+00-5.328760764E+00
-5.382747651E+00-5.434586929E+00-5.484299291E+00-5.531907217E+00-5.577434732E+00
-5.620907222E+00-5.662351098E+00-5.701793758E+00-5.739263203E+00-5.774787994E+00
-5.808397160E+00-5.840117846E+00-5.869966718E+00-5.897953929E+00-5.924081069E+00
-5.948340133E+00-5.970712191E+00-5.991166162E+00-6.009656606E+00-6.026124792E+00
-6.040494644E+00-6.052665071E+00-6.062516343E+00-6.069914156E+00-6.074700412E+00
-6.076677542E+00-6.075593680E+00-6.071133988E+00-6.062922275E+00-6.050535928E+00
-6.033532390E+00-6.011471588E+00-5.983912786E+00-5.950430774E+00-5.910635275E+00
-5.864182732E+00-5.810788360E+00-5.750232828E+00-5.682376116E+00-5.607122967E+00
-5.524418389E+00-5.434246588E+00-5.336630275E+00-5.231630024E+00-5.119343610E+00
-4.999905473E+00-4.873486325E+00-4.740292709E+00-4.600566857E+00-4.454615413E+00
-4.303034478E+00-4.146653683E+00-3.986391139E+00-3.823098763E+00-3.657305705E+00
-3.488133406E+00-3.309641312E+00-3.121310948E+00-2.935605996E+00-2.752493398E+00
-2.571968891E+00-2.394050788E+00-2.218776252E+00-2.046198785E+00-1.876386619E+00
-1.709421404E+00-1.545397175E+00-1.384419333E+00-1.226603598E+00-1.072074807E+00
-9.209655480E-01-7.734145506E-01-6.295648180E-01-4.895615258E-01-3.535496462E-01
-2.216713882E-01-9.406345713E-02 2.914576039E-02-1.689485336E+00-1.744356837E+00
-1.800683403E+00-1.858491364E+00-1.917690186E+00-1.977904634E+00-2.039052352E+00
-2.101161235E+00-2.164257152E+00-2.228362386E+00-2.293496897E+00-2.359679344E+00
-2.426927729E+00-2.495259723E+00-2.564692980E+00-2.635245345E+00-2.706934840E+00
-2.779779834E+00-2.853799064E+00-2.929011715E+00-3.005437337E+00-3.083096025E+00
-3.162008338E+00-3.242195300E+00-3.323805417E+00-3.406248404E+00-3.489181401E+00
-3.572619037E+00-3.656761866E+00-3.741768412E+00-3.827701052E+00-3.914374868E+00
-4.001526835E+00-4.088831261E+00-4.175916066E+00-4.262384097E+00-4.347836706E+00
-4.431897938E+00-4.514239117E+00-4.594603361E+00-4.672829935E+00-4.748865224E+00
-4.822694713E+00-4.894308152E+00-4.963699593E+00-5.030867098E+00-5.095812448E+00
-5.158540936E+00-5.219061085E+00-5.277384426E+00-5.333525240E+00-5.387500346E+00
-5.439328830E+00-5.489031873E+00-5.536632493E+00-5.582155319E+00-5.625626414E+00
-5.667073080E+00-5.706523665E+00-5.744007372E+00-5.779554137E+00-5.813195042E+00
-5.844957738E+00-5.874860169E+00-5.902913785E+00-5.929121669E+00-5.953477329E+00
-5.975963654E+00-5.996551172E+00-6.015196750E+00-6.031844639E+00-6.046419366E+00
-6.058821622E+00-6.068941287E+00-6.076658882E+00-6.081832410E+00-6.084279319E+00
-6.083759120E+00-6.079961990E+00-6.072507945E+00-6.060960086E+00-6.044853188E+00
-6.023728205E+00-5.997140878E+00-5.964654406E+00-5.925866926E+00-5.880422616E+00
-5.828024908E+00-5.768444648E+00-5.701532282E+00-5.627194007E+00-5.545375895E+00
-5.456063122E+00-5.359279291E+00-5.255085808E+00-5.143581224E+00-5.024900714E+00
-4.899215535E+00-4.766732634E+00-4.627694226E+00-4.482387421E+00-4.331355092E+00
-4.175403540E+00-4.015452407E+00-3.852382829E+00-3.686811601E+00-3.518282818E+00
-3.342000321E+00-3.153752388E+00-2.968131435E+00-2.785139809E+00-2.604795026E+00
-2.427128360E+00-2.252183837E+00-2.080017630E+00-1.910697393E+00-1.744301628E+00
-1.580919024E+00-1.420647651E+00-1.263594014E+00-1.109871937E+00-9.596012675E-01
-8.129063648E-01-6.699144089E-01-5.307535039E-01-3.955506190E-01-2.644293938E-01
-1.375078547E-01-1.489609003E-02-1.691447991E+00-1.746474343E+00-1.802859210E+00
-1.860620615E+00-1.919769984E+00-1.979845199E+00-2.040869426E+00-2.102881558E+00
-2.165905102E+00-2.229958812E+00-2.295059491E+00-2.361223278E+00-2.428466140E+00
-2.496804141E+00-2.566253597E+00-2.636831230E+00-2.708554190E+00-2.781440069E+00
-2.855506948E+00-2.930773428E+00-3.007258635E+00-3.084982217E+00-3.163964327E+00
-3.244225716E+00-3.325900709E+00-3.408401749E+00-3.491394563E+00-3.574901318E+00
-3.659122682E+00-3.744214295E+00-3.830232930E+00-3.916988498E+00-4.004215416E+00
-4.091585666E+00-4.178725426E+00-4.265236454E+00-4.350719756E+00-4.434799978E+00
-4.517149896E+00-4.597515186E+00-4.675738757E+00-4.751769899E+00-4.825594234E+00
-4.897201628E+00-4.966586267E+00-5.033746292E+00-5.098683660E+00-5.161403737E+00
-5.221915225E+00-5.280229846E+00-5.336362018E+00-5.390328811E+00-5.442149545E+00
-5.491845650E+00-5.539440457E+00-5.584958962E+00-5.628427654E+00-5.669874320E+00
-5.709327889E+00-5.746818281E+00-5.782376227E+00-5.816034029E+00-5.847819532E+00
-5.877751416E+00-5.905841907E+00-5.932094843E+00-5.956504565E+00-5.979054893E+00
-5.999717149E+00-6.018449420E+00-6.035197237E+00-6.049884468E+00-6.062413799E+00
-6.072682145E+00-6.080579715E+00-6.085975073E+00-6.088695491E+00-6.088508288E+00
-6.085107828E+00-6.078112828E+00-6.067078464E+00-6.051524861E+00-6.030976581E+00
-6.004984501E+00-5.973107731E+00-5.934937085E+00-5.890109744E+00-5.838322184E+00
-5.779339361E+00-5.713003892E+00-5.639223776E+00-5.557945841E+00-5.469156019E+00
-5.372878513E+00-5.269175272E+00-5.158145312E+00-5.039924158E+00-4.914683297E+00
-4.782629619E+00-4.644004952E+00-4.499089412E+00-4.348391164E+00-4.192698840E+00
-4.032929367E+00-3.869976266E+00-3.704497041E+00-3.536242251E+00-3.361060590E+00
-3.173025630E+00-2.987557002E+00-2.804700318E+00-2.624500089E+00-2.447004039E+00
-2.272265882E+00-2.100346812E+00-1.931316288E+00-1.765252280E+00-1.602241117E+00
-1.442377012E+00-1.285761325E+00-1.132501591E+00-9.827103186E-01-8.365035964E-01
-6.939995147E-01-5.553164274E-01-4.205710721E-01-2.898765940E-01-1.633405119E-01
-4.106266406E-02-1.693765085E+00-1.749088742E+00-1.805525713E+00-1.863090799E+00
-1.921766810E+00-1.981518145E+00-2.042319767E+00-2.104165780E+00-2.167060155E+00
-2.231011167E+00-2.296029376E+00-2.362126699E+00-2.429316216E+00-2.497611820E+00
-2.567028238E+00-2.637580913E+00-2.709285929E+00-2.782160066E+00-2.856220687E+00
-2.931485791E+00-3.007974001E+00-3.085704520E+00-3.164697132E+00-3.244972241E+00
-3.326658646E+00-3.409169938E+00-3.492174727E+00-3.575697719E+00-3.659939391E+00
-3.745054314E+00-3.831097152E+00-3.917876069E+00-4.005124515E+00-4.092513678E+00
-4.179669074E+00-4.266192058E+00-4.351683538E+00-4.435768293E+00-4.518119588E+00
-4.598483909E+00-4.676705387E+00-4.752734203E+00-4.826556000E+00-4.898160700E+00
-4.967542453E+00-5.034699474E+00-5.099633702E+00-5.162350583E+00-5.222858854E+00
-5.281170220E+00-5.337299253E+00-5.391263003E+00-5.443080908E+00-5.492774475E+00
-5.540367131E+00-5.585884008E+00-5.629351673E+00-5.670798145E+00-5.710252490E+00
-5.747744878E+00-5.783306311E+00-5.816969500E+00-5.848762289E+00-5.878703668E+00
-5.906806037E+00-5.933073525E+00-5.957500725E+00-5.980071690E+00-6.000758012E+00
-6.019518187E+00-6.036297957E+00-6.051020919E+00-6.063590574E+00-6.073906394E+00
-6.081861940E+00-6.087329401E+00-6.090139438E+00-6.090062162E+00-6.086793487E+00
-6.079951953E+00-6.069090181E+00-6.053723413E+00-6.033370048E+00-6.007578309E+00
-5.975906608E+00-5.937943219E+00-5.893323078E+00-5.841740393E+00-5.782958026E+00
-5.716815826E+00-5.643222370E+00-5.562124855E+00-5.473509409E+00-5.377400465E+00
-5.273860147E+00-5.162987588E+00-5.044918447E+00-4.919824194E+00-4.787911679E+00
-4.649422536E+00-4.504635194E+00-4.354045963E+00-4.198436980E+00-4.038723565E+00
-3.875802358E+00-3.710342336E+00-3.542154107E+00-3.367286375E+00-3.179348883E+00
-2.993946815E+00-2.811143322E+00-2.630994190E+00-2.453554295E+00-2.278881672E+00
-2.107039878E+00-1.938099504E+00-1.772138614E+00-1.609243008E+00-1.449505775E+00
-1.293026705E+00-1.139911360E+00-9.902699253E-01-8.442158660E-01-7.018643911E-01
-5.633307560E-01-4.287284584E-01-2.981673282E-01-1.717515588E-01-4.957776188E-02
-1.695337664E+00-1.750821227E+00-1.807272572E+00-1.864700434E+00-1.923124037E+00
-1.982627100E+00-2.043217938E+00-2.104885797E+00-2.167627693E+00-2.231446262E+00
-2.296347859E+00-2.362341359E+00-2.429437478E+00-2.497648385E+00-2.566987391E+00
-2.637468758E+00-2.709107698E+00-2.781920197E+00-2.855922976E+00-2.931133475E+00
-3.007569813E+00-3.085250804E+00-3.164195884E+00-3.244425127E+00-3.326070937E+00
-3.408545780E+00-3.491515632E+00-3.575002680E+00-3.659207167E+00-3.744284324E+00
-3.830290422E+00-3.917035081E+00-4.004252484E+00-4.091614461E+00-4.178747012E+00
-4.265251781E+00-4.350729697E+00-4.434805287E+00-4.517151272E+00-4.597513210E+00
-4.675733990E+00-4.751762768E+00-4.825585127E+00-4.897190912E+00-4.966574215E+00
-5.033733154E+00-5.098669650E+00-5.161389030E+00-5.221900014E+00-5.280214228E+00
-5.336346148E+00-5.390312786E+00-5.442133442E+00-5.491829547E+00-5.539424432E+00
-5.584943092E+00-5.628411978E+00-5.669858876E+00-5.709312717E+00-5.746803399E+00
-5.782361694E+00-5.816019845E+00-5.847805716E+00-5.877737988E+00-5.905828866E+00
-5.932082190E+00-5.956492318E+00-5.979043034E+00-5.999705678E+00-6.018438336E+00
-6.035186502E+00-6.049874082E+00-6.062403743E+00-6.072672340E+00-6.080570123E+00
-6.085965558E+00-6.088685938E+00-6.088498561E+00-6.085097733E+00-6.078102209E+00
-6.067067167E+00-6.051512711E+00-6.030963424E+00-6.004970162E+00-5.973092017E+00
-5.934919801E+00-5.890090599E+00-5.838300927E+00-5.779315682E+00-5.712977500E+00
-5.639194264E+00-5.557912822E+00-5.469119009E+00-5.372837008E+00-5.269128747E+00
-5.158093168E+00-5.039865755E+00-4.914617976E+00-4.782556684E+00-4.643923684E+00
-4.498999075E+00-4.348291197E+00-4.192588836E+00-4.032808958E+00-3.869845044E+00
-3.704354425E+00-3.536086187E+00-3.360883502E+00-3.172833331E+00-2.987349453E+00
-2.804477016E+00-2.624260316E+00-2.446746962E+00-2.271990688E+00-2.100052706E+00
-1.931002582E+00-1.764918392E+00-1.601886615E+00-1.442001632E+00-1.285364991E+00
-1.132084430E+00-9.822726776E-01-8.360460609E-01-6.935229121E-01-5.548218370E-01
-4.200598289E-01-2.893502851E-01-1.628009693E-01-4.051195540E-02-1.696095231E+00
-1.751616856E+00-1.808045502E+00-1.865387574E+00-1.923670279E+00-1.983013713E+00
-2.043439186E+00-2.104944974E+00-2.167531873E+00-2.231203369E+00-2.295965470E+00
-2.361826275E+00-2.428795610E+00-2.496884731E+00-2.566106156E+00-2.636473431E+00
-2.708001088E+00-2.780704531E+00-2.854600000E+00-2.929704468E+00-3.006035684E+00
-3.083612058E+00-3.162452734E+00-3.242577572E+00-3.324131399E+00-3.406523792E+00
-3.489412454E+00-3.572812053E+00-3.656922328E+00-3.741900952E+00-3.827809448E+00
-3.914462239E+00-4.001595875E+00-4.088884354E+00-4.175955286E+00-4.262411322E+00
-4.347853583E+00-4.431905960E+00-4.514239601E+00-4.594597470E+00-4.672818677E+00
-4.748849489E+00-4.822675239E+00-4.894285578E+00-4.963674500E+00-5.030839931E+00
-5.095783654E+00-5.158510843E+00-5.219030024E+00-5.277352648E+00-5.333492958E+00
-5.387467773E+00-5.439296141E+00-5.488999222E+00-5.536600017E+00-5.582123114E+00
-5.625594597E+00-5.667041747E+00-5.706492894E+00-5.743977201E+00-5.779524626E+00
-5.813166248E+00-5.844929680E+00-5.874832866E+00-5.902887278E+00-5.929095956E+00
-5.953452410E+00-5.975939510E+00-5.996527803E+00-6.015174118E+00-6.031822724E+00
-6.046398148E+00-6.058801005E+00-6.068921232E+00-6.076639194E+00-6.081812936E+00
-6.084259806E+00-6.083739278E+00-6.079941528E+00-6.072486513E+00-6.060937395E+00
-6.044828927E+00-6.023702084E+00-5.997112548E+00-5.964623480E+00-5.925832977E+00
-5.880385160E+00-5.827983402E+00-5.768398511E+00-5.701480855E+00-5.627136554E+00
-5.545311582E+00-5.455991020E+00-5.359198430E+00-5.254995064E+00-5.143479435E+00
-5.024786602E+00-4.899087762E+00-4.766589805E+00-4.627534848E+00-4.482210062E+00
-4.331158646E+00-4.175187078E+00-4.015215056E+00-3.852123660E+00-3.686529024E+00
-3.517971698E+00-3.341643568E+00-3.153367790E+00-2.967717791E+00-2.784695433E+00
-2.604318037E+00-2.426616822E+00-2.251635870E+00-2.079431529E+00-1.910071654E+00
-1.743635003E+00-1.580210573E+00-1.419896777E+00-1.262800500E+00-1.109035991E+00
-9.587235402E-01-8.119879939E-01-6.689570278E-01-5.297592656E-01-3.945222012E-01
-2.633699978E-01-1.364211923E-01-1.378635922E-02-1.696189377E+00-1.751688297E+00
-1.808065218E+00-1.865320283E+00-1.923468536E+00-1.982677558E+00-2.042955900E+00
-2.104307020E+00-2.166735762E+00-2.230248133E+00-2.294851457E+00-2.360554455E+00
-2.427367106E+00-2.495300551E+00-2.564367075E+00-2.634579914E+00-2.705953309E+00
-2.778502259E+00-2.852242691E+00-2.927191230E+00-3.003365318E+00-3.080783128E+00
-3.159463535E+00-3.239426187E+00-3.320836487E+00-3.403100584E+00-3.485862306E+00
-3.569123416E+00-3.653082646E+00-3.737901971E+00-3.823651206E+00-3.910153611E+00
-3.997149708E+00-4.084317118E+00-4.171286281E+00-4.257661553E+00-4.343044559E+00
-4.427058162E+00-4.509371031E+00-4.589721904E+00-4.667943770E+00-4.743977702E+00
-4.817808626E+00-4.889425921E+00-4.958823349E+00-5.025998624E+00-5.090953218E+00
-5.153692111E+00-5.214223460E+00-5.272558466E+00-5.328711023E+00-5.382697561E+00
-5.434536722E+00-5.484249163E+00-5.531857379E+00-5.577385359E+00-5.620858430E+00
-5.662303042E+00-5.701746516E+00-5.739216891E+00-5.774742671E+00-5.808352902E+00
-5.840074674E+00-5.869924689E+00-5.897913063E+00-5.924041384E+00-5.948301630E+00
-5.970674890E+00-5.991130004E+00-6.009621572E+00-6.026090804E+00-6.040461664E+00
-6.052633021E+00-6.062485088E+00-6.069883521E+00-6.074670126E+00-6.076647275E+00
-6.075563045E+00-6.071102577E+00-6.062889683E+00-6.050501747E+00-6.033496194E+00
-6.011432949E+00-5.983871183E+00-5.950385664E+00-5.910586018E+00-5.864128631E+00
-5.810728620E+00-5.750166577E+00-5.682302386E+00-5.607040673E+00-5.524326270E+00
-5.434143289E+00-5.336514284E+00-5.231499693E+00-5.119197176E+00-4.999741038E+00
-4.873301874E+00-4.740086090E+00-4.600335823E+00-4.454357833E+00-4.302748664E+00
-4.146338126E+00-3.986044346E+00-3.822718893E+00-3.656889678E+00-3.487671319E+00
-3.309105107E+00-3.120737655E+00-2.934991624E+00-2.751834071E+00-2.571260908E+00
-2.393290718E+00-2.217960900E+00-2.045325301E+00-1.875452508E+00-1.708424612E+00
-1.544336111E+00-1.383292939E+00-1.225411398E+00-1.070816975E+00-9.196429539E-01
-7.720288025E-01-6.281183147E-01-4.880574724E-01-3.519920789E-01-2.200651745E-01
-9.241427767E-02 3.083144584E-02-1.695644747E+00-1.751079395E+00-1.807372473E+00
-1.864528270E+00-1.922583796E+00-1.981656847E+00-2.041784280E+00-2.102973949E+00
-2.165233354E+00-2.228570516E+00-2.292994234E+00-2.358514137E+00-2.425140825E+00
-2.492885749E+00-2.561761331E+00-2.631780786E+00-2.702958220E+00-2.775308534E+00
-2.848847385E+00-2.923591225E+00-2.999557240E+00-3.076763394E+00-3.155228365E+00
-3.234971648E+00-3.316185949E+00-3.398275399E+00-3.480864567E+00-3.563936479E+00
-3.647687773E+00-3.732286547E+00-3.817813351E+00-3.904105127E+00-3.990907839E+00
-4.077904285E+00-4.164728972E+00-4.250988853E+00-4.336286270E+00-4.420242943E+00
-4.502524169E+00-4.582862951E+00-4.661083945E+00-4.737120435E+00-4.810956551E+00
-4.882581345E+00-4.951988210E+00-5.019174549E+00-5.084141487E+00-5.146893575E+00
-5.207438644E+00-5.265787369E+00-5.321953218E+00-5.375952042E+00-5.427801918E+00
-5.477522826E+00-5.525136448E+00-5.570665940E+00-5.614135601E+00-5.655570680E+00
-5.694997082E+00-5.732441124E+00-5.767929370E+00-5.801488078E+00-5.833142998E+00
-5.862909226E+00-5.890794765E+00-5.916799015E+00-5.940911433E+00-5.963110317E+00
-5.983361525E+00-6.001616188E+00-6.017810303E+00-6.031863803E+00-6.043673661E+00
-6.053110804E+00-6.060024149E+00-6.064236028E+00-6.065530984E+00-6.063644714E+00
-6.058258754E+00-6.049005055E+00-6.035480648E+00-6.017266251E+00-5.993931729E+00
-5.965047588E+00-5.930206325E+00-5.889033827E+00-5.841203374E+00-5.786445935E+00
-5.724559385E+00-5.655408202E+00-5.578896623E+00-5.494968822E+00-5.403608078E+00
-5.304836091E+00-5.198712293E+00-5.085333260E+00-4.964832169E+00-4.837378455E+00
-4.703177420E+00-4.562469727E+00-4.415607925E+00-4.263250624E+00-4.106249625E+00
-3.945510112E+00-3.781827053E+00-3.615569952E+00-3.445071906E+00-3.263078165E+00
-3.074956977E+00-2.889308141E+00-2.706104955E+00-2.525344609E+00-2.347046810E+00
-2.171251242E+00-1.998015474E+00-1.827413553E+00-1.659534814E+00-1.494483008E+00
-1.332375487E+00-1.173342331E+00-1.017525271E+00-8.650763950E-01-7.161565019E-01
-5.709330873E-01-4.295779474E-01-2.922643837E-01-1.591640396E-01-3.044345362E-02
 9.373959538E-02-1.694603920E+00-1.749945678E+00-1.806130061E+00-1.863161204E+00
-1.921072941E+00-1.979991903E+00-2.039952711E+00-2.100964401E+00-2.163035983E+00
-2.226176778E+00-2.290396725E+00-2.355706328E+00-2.422116786E+00-2.489640017E+00
-2.558288673E+00-2.628076144E+00-2.699016576E+00-2.771124772E+00-2.844416332E+00
-2.918907474E+00-2.994615192E+00-3.071557254E+00-3.149752127E+00-3.229219189E+00
-3.310183330E+00-3.392050602E+00-3.474421370E+00-3.557253528E+00-3.640739665E+00
-3.725055765E+00-3.810294644E+00-3.896312988E+00-3.982863527E+00-4.069635798E+00
-4.156269716E+00-4.242375684E+00-4.327557323E+00-4.411435092E+00-4.493670220E+00
-4.573988675E+00-4.652204728E+00-4.728240908E+00-4.802079756E+00-4.873709918E+00
-4.943124379E+00-5.010320097E+00-5.075297711E+00-5.138061309E+00-5.198618120E+00
-5.256978278E+00-5.313154591E+00-5.367162192E+00-5.419018347E+00-5.468742181E+00
-5.516354350E+00-5.561876828E+00-5.605332576E+00-5.646745273E+00-5.686138987E+00
-5.723537841E+00-5.758965766E+00-5.792445725E+00-5.824000581E+00-5.853643823E+00
-5.881380429E+00-5.907206602E+00-5.931108371E+00-5.953059983E+00-5.973022782E+00
-5.990943073E+00-6.006750051E+00-6.020355474E+00-6.031650112E+00-6.040498073E+00
-6.046733761E+00-6.050161038E+00-6.050547399E+00-6.047618096E+00-6.041054527E+00
-6.030499767E+00-6.015568094E+00-5.995851540E+00-5.970933207E+00-5.940405010E+00
-5.903879408E+00-5.861003851E+00-5.811472606E+00-5.755035147E+00-5.691510898E+00
-5.620764374E+00-5.542700451E+00-5.457263480E+00-5.364436543E+00-5.264240742E+00
-5.156734577E+00-5.042013442E+00-4.920209160E+00-4.791489575E+00-4.656058439E+00
-4.514156687E+00-4.366219297E+00-4.212964116E+00-4.055255385E+00-3.893965968E+00
-3.729793597E+00-3.562777570E+00-3.389883092E+00-3.204194785E+00-3.016558201E+00
-2.831174851E+00-2.648008307E+00-2.467062851E+00-2.288368343E+00-2.111974408E+00
-1.937948053E+00-1.766372980E+00-1.597349106E+00-1.430992535E+00-1.267435347E+00
-1.106825281E+00-9.493251145E-01-7.951116498E-01-6.443742273E-01-4.973126583E-01
-3.541345323E-01-2.150518840E-01-8.027723239E-02 4.998091828E-02 1.755229830E-01
-1.693105816E+00-1.748323833E+00-1.804378546E+00-1.861255843E+00-1.918978117E+00
-1.977720241E+00-2.037492567E+00-2.098303839E+00-2.160163920E+00-2.223083020E+00
-2.287071817E+00-2.352141511E+00-2.418303845E+00-2.485571142E+00-2.553956385E+00
-2.623473138E+00-2.694135624E+00-2.765958646E+00-2.838957669E+00-2.913148756E+00
-2.988548648E+00-3.065174727E+00-3.143045207E+00-3.222179194E+00-3.302836770E+00
-3.384432335E+00-3.466538024E+00-3.549079698E+00-3.632242818E+00-3.716212861E+00
-3.801095394E+00-3.886774309E+00-3.973010123E+00-4.059500728E+00-4.145892858E+00
-4.231801509E+00-4.316832102E+00-4.400603956E+00-4.482773802E+00-4.563059433E+00
-4.641263045E+00-4.717293044E+00-4.791129005E+00-4.862759089E+00-4.932175779E+00
-4.999375449E+00-5.064358159E+00-5.127127358E+00-5.187689575E+00-5.246054209E+00
-5.302233235E+00-5.356240894E+00-5.408093445E+00-5.457808869E+00-5.505406544E+00
-5.550906951E+00-5.594331405E+00-5.635701570E+00-5.675039264E+00-5.712365918E+00
-5.747702209E+00-5.781067377E+00-5.812479424E+00-5.841950267E+00-5.869480778E+00
-5.895063167E+00-5.918678793E+00-5.940296828E+00-5.959872567E+00-5.977345827E+00
-5.992638381E+00-6.005651947E+00-6.016266370E+00-6.024336047E+00-6.029685210E+00
-6.032104952E+00-6.031350871E+00-6.027141628E+00-6.019159535E+00-6.007053808E+00
-5.990446979E+00-5.968946311E+00-5.942156376E+00-5.909690735E+00-5.871186026E+00
-5.826314156E+00-5.774792955E+00-5.716399042E+00-5.650960736E+00-5.578345730E+00
-5.498460994E+00-5.411252058E+00-5.316702530E+00-5.214833395E+00-5.105702513E+00
-4.989404116E+00-4.866068379E+00-4.735861113E+00-4.598983491E+00-4.455702220E+00
-4.306557246E+00-4.152313365E+00-3.993828152E+00-3.831908938E+00-3.667078538E+00
-3.498624628E+00-3.321221182E+00-3.132993168E+00-2.946326198E+00-2.761406660E+00
-2.578329774E+00-2.397161093E+00-2.217961888E+00-2.040800036E+00-1.865755430E+00
-1.692922649E+00-1.522412964E+00-1.354355590E+00-1.188898701E+00-1.026210043E+00
-8.664771352E-01-7.099069193E-01-5.567247073E-01-4.071722621E-01-2.615049033E-01
-1.199875433E-01 1.711037010E-02 1.495208937E-01 2.769844271E-01-1.691099121E+00
-1.746171429E+00-1.802060510E+00-1.858769548E+00-1.916334880E+00-1.974877689E+00
-2.034436208E+00-2.095020980E+00-2.156642430E+00-2.219311352E+00-2.283038945E+00
-2.347836952E+00-2.413717561E+00-2.480693503E+00-2.548777993E+00-2.617984828E+00
-2.688328307E+00-2.759823294E+00-2.832485116E+00-2.906329603E+00-2.981373033E+00
-3.057632224E+00-3.135124579E+00-3.213868504E+00-3.294160141E+00-3.375431255E+00
-3.457223325E+00-3.539423167E+00-3.622204576E+00-3.705763513E+00-3.790218082E+00
-3.875487790E+00-3.961341855E+00-4.047488185E+00-4.133581869E+00-4.219243673E+00
-4.304081736E+00-4.387714480E+00-4.469793932E+00-4.550028891E+00-4.628207972E+00
-4.704222372E+00-4.778045932E+00-4.849666464E+00-4.919075731E+00-4.986269473E+00
-5.051246951E+00-5.114010860E+00-5.174566876E+00-5.232923488E+00-5.289091624E+00
-5.343084421E+00-5.394916897E+00-5.444605600E+00-5.492168376E+00-5.537623925E+00
-5.580991449E+00-5.622290306E+00-5.661539543E+00-5.698757395E+00-5.733960720E+00
-5.767164457E+00-5.798380639E+00-5.827617891E+00-5.854873071E+00-5.880133102E+00
-5.903373722E+00-5.924557805E+00-5.943633633E+00-5.960532941E+00-5.975169074E+00
-5.987434140E+00-5.997196645E+00-6.004299015E+00-6.008554801E+00-6.009745741E+00
-6.007619950E+00-6.001891790E+00-5.992243707E+00-5.978330981E+00-5.959789343E+00
-5.936243784E+00-5.907319668E+00-5.872655242E+00-5.831913439E+00-5.784793082E+00
-5.731039961E+00-5.670451023E+00-5.602860786E+00-5.528141904E+00-5.446204875E+00
-5.356997669E+00-5.260505329E+00-5.156749401E+00-5.045787552E+00-4.927713063E+00
-4.802654541E+00-4.670775588E+00-4.532274547E+00-4.387505788E+00-4.237102345E+00
-4.081856761E+00-3.922594447E+00-3.760012437E+00-3.594332213E+00-3.423464044E+00
-3.240299206E+00-3.052368360E+00-2.866068490E+00-2.681335981E+00-2.498177924E+00
-2.316631136E+00-2.136749370E+00-1.958600407E+00-1.782266898E+00-1.607848069E+00
-1.435461984E+00-1.265247725E+00-1.097367499E+00-9.320084999E-01-7.693843798E-01
-6.097360628E-01-4.533317038E-01-3.004653976E-01-1.514544194E-01-6.634646951E-03
 1.336458858E-01 2.690353066E-01 3.991877802E-01-1.688719190E+00-1.743620381E+00
-1.799324467E+00-1.855834344E+00-1.913184893E+00-1.971500191E+00-2.030817367E+00
-2.091147136E+00-2.152500310E+00-2.214888127E+00-2.278322273E+00-2.342814896E+00
-2.408378591E+00-2.475026400E+00-2.542771848E+00-2.611628963E+00-2.681612183E+00
-2.752736446E+00-2.825017080E+00-2.898469664E+00-2.973109990E+00-3.048953813E+00
-3.126016615E+00-3.204313896E+00-3.284174915E+00-3.365063485E+00-3.446489810E+00
-3.528294979E+00-3.610634801E+00-3.693715898E+00-3.777668230E+00-3.862454710E+00
-3.947854884E+00-4.033588404E+00-4.119320393E+00-4.204678810E+00-4.289275452E+00
-4.372728493E+00-4.454685268E+00-4.534845082E+00-4.612981882E+00-4.688966848E+00
-4.762764113E+00-4.834360889E+00-4.903748183E+00-4.970920880E+00-5.035877354E+00
-5.098619327E+00-5.159151452E+00-5.217481091E+00-5.273617952E+00-5.327573816E+00
-5.379362209E+00-5.428997974E+00-5.476497077E+00-5.521876066E+00-5.565151743E+00
-5.606340653E+00-5.645458630E+00-5.682520224E+00-5.717537974E+00-5.750521761E+00
-5.781477669E+00-5.810407715E+00-5.837305251E+00-5.862150901E+00-5.884913835E+00
-5.905549642E+00-5.923998580E+00-5.940183626E+00-5.954008437E+00-5.965355064E+00
-5.974081666E+00-5.980019914E+00-5.982973110E+00-5.982714522E+00-5.978986821E+00
-5.971503051E+00-5.959949359E+00-5.943990037E+00-5.923274591E+00-5.897447062E+00
-5.866156335E+00-5.829066876E+00-5.785869561E+00-5.736292645E+00-5.680108426E+00
-5.617123986E+00-5.547182253E+00-5.470162547E+00-5.385980382E+00-5.294587394E+00
-5.195971064E+00-5.090154336E+00-4.977195283E+00-4.857186799E+00-4.730256172E+00
-4.596564988E+00-4.456340349E+00-4.310067477E+00-4.158444938E+00-4.002265182E+00
-3.842282851E+00-3.679003147E+00-3.511871477E+00-3.336219610E+00-3.148755831E+00
-2.962079405E+00-2.776429271E+00-2.591914754E+00-2.408601176E+00-2.226542580E+00
-2.045795372E+00-1.866425044E+00-1.688510746E+00-1.512148890E+00-1.337456753E+00
-1.164576048E+00-9.936766165E-01-8.249600839E-01-6.586633617E-01-4.950616346E-01
-3.344704055E-01-1.772460222E-01-2.378397431E-02 1.254857057E-01 2.701064781E-01
 4.096069232E-01 5.435155920E-01-1.686012185E+00-1.740705159E+00-1.796213822E+00
-1.852486117E+00-1.909566538E+00-1.967625301E+00-2.026671875E+00-2.086716122E+00
-2.147769260E+00-2.209842992E+00-2.272949470E+00-2.337101248E+00-2.402311272E+00
-2.468592930E+00-2.535960000E+00-2.604426743E+00-2.674007887E+00-2.744718583E+00
-2.816574469E+00-2.889591474E+00-2.963785564E+00-3.039171970E+00-3.115763635E+00
-3.193566915E+00-3.272916822E+00-3.353351754E+00-3.434352266E+00-3.515707186E+00
-3.597544540E+00-3.680079781E+00-3.763455023E+00-3.847679875E+00-3.932548476E+00
-4.017794176E+00-4.103093899E+00-4.188084324E+00-4.272382209E+00-4.355606309E+00
-4.437399657E+00-4.517451947E+00-4.595521741E+00-4.671458206E+00-4.745210167E+00
-4.816763770E+00-4.886108977E+00-4.953239665E+00-5.018153179E+00-5.080850082E+00
-5.141333821E+00-5.199610386E+00-5.255688050E+00-5.309576985E+00-5.361288878E+00
-5.410836670E+00-5.458234043E+00-5.503495026E+00-5.546633628E+00-5.587663142E+00
-5.626595776E+00-5.663441838E+00-5.698209080E+00-5.730901763E+00-5.761519773E+00
-5.790057024E+00-5.816501019E+00-5.840826760E+00-5.862995687E+00-5.882955366E+00
-5.900637376E+00-5.915955410E+00-5.928803283E+00-5.939052891E+00-5.946552241E+00
-5.951123604E+00-5.952562087E+00-5.950634990E+00-5.945082154E+00-5.935617785E+00
-5.921934118E+00-5.903706699E+00-5.880601680E+00-5.852284244E+00-5.818428155E+00
-5.778724969E+00-5.732896991E+00-5.680699527E+00-5.621918981E+00-5.556374547E+00
-5.483919150E+00-5.404440075E+00-5.317859172E+00-5.224132902E+00-5.123252255E+00
-5.015242458E+00-4.900162826E+00-4.778106563E+00-4.649200415E+00-4.513607421E+00
-4.371670112E+00-4.223980828E+00-4.071271986E+00-3.914300576E+00-3.753694320E+00
-3.589604592E+00-3.419886497E+00-3.237725201E+00-3.050513578E+00-2.864287981E+00
-2.678947009E+00-2.494467081E+00-2.310855540E+00-2.128135388E+00-1.946341658E+00
-1.765522010E+00-1.585739242E+00-1.407074711E+00-1.229632500E+00-1.053544267E+00
-8.789747211E-01-7.061277467E-01-5.352529606E-01-3.666524371E-01-2.006869617E-01
-3.778085614E-02 1.215760076E-01 2.768307527E-01 4.273763239E-01 5.725677487E-01
 7.117456299E-01-1.682882746E+00-1.737374899E+00-1.792638135E+00-1.848674352E+00
-1.905518245E+00-1.963293653E+00-2.022038525E+00-2.081764579E+00-2.142483712E+00
-2.204208269E+00-2.266950940E+00-2.330724689E+00-2.395542848E+00-2.461419001E+00
-2.528367136E+00-2.596401730E+00-2.665537722E+00-2.735790710E+00-2.807176991E+00
-2.879713849E+00-2.953419906E+00-3.028315914E+00-3.104426502E+00-3.181784457E+00
-3.260440681E+00-3.340315225E+00-3.420818810E+00-3.501667347E+00-3.582943538E+00
-3.664865918E+00-3.747591230E+00-3.831171851E+00-3.915425827E+00-4.000102129E+00
-4.084891244E+00-4.169440316E+00-4.253372631E+00-4.336308670E+00-4.417888036E+00
-4.497791103E+00-4.575760678E+00-4.651623103E+00-4.725305326E+00-4.796790450E+00
-4.866067313E+00-4.933128612E+00-4.997970489E+00-5.060592111E+00-5.120995513E+00
-5.179185093E+00-5.235167441E+00-5.288950790E+00-5.340544792E+00-5.389960025E+00
-5.437207612E+00-5.482298716E+00-5.525244050E+00-5.566053304E+00-5.604734500E+00
-5.641293315E+00-5.675732152E+00-5.708049307E+00-5.738237802E+00-5.766284017E+00
-5.792166190E+00-5.815853066E+00-5.837298799E+00-5.856442137E+00-5.873205611E+00
-5.887493478E+00-5.899189960E+00-5.908157381E+00-5.914234738E+00-5.917236376E+00
-5.916951280E+00-5.913143280E+00-5.905552219E+00-5.893896603E+00-5.877877639E+00
-5.857184806E+00-5.831502934E+00-5.800520227E+00-5.763935776E+00-5.721473650E+00
-5.672879931E+00-5.617927518E+00-5.556418145E+00-5.488184064E+00-5.413089284E+00
-5.331030237E+00-5.241936213E+00-5.145769642E+00-5.042525968E+00-4.932233736E+00
-4.814954331E+00-4.690781888E+00-4.559842707E+00-4.422368094E+00-4.278842865E+00
-4.129924952E+00-3.976341193E+00-3.818762347E+00-3.657580551E+00-3.491959815E+00
-3.316738527E+00-3.130668102E+00-2.944874403E+00-2.759502776E+00-2.574596725E+00
-2.390167527E+00-2.206218804E+00-2.022755964E+00-1.839790700E+00-1.657344468E+00
-1.475451943E+00-1.294165112E+00-1.113558250E+00-9.337340091E-01-7.548308246E-01
-5.770318923E-01-4.005758633E-01-2.257692590E-01-5.300025323E-02 1.172472310E-01
 2.843813334E-01 4.476957999E-01 6.063745534E-01 7.595126804E-01 9.061560941E-01
-1.679512895E+00-1.733771462E+00-1.788780957E+00-1.844542496E+00-1.901091664E+00
-1.958550782E+00-2.016959848E+00-2.076331978E+00-2.136680271E+00-2.198018118E+00
-2.260358829E+00-2.323715853E+00-2.388102638E+00-2.453532883E+00-2.520020540E+00
-2.587579967E+00-2.656226084E+00-2.725974414E+00-2.796841232E+00-2.868843842E+00
-2.942000750E+00-3.016331953E+00-3.091859405E+00-3.168606979E+00-3.246599225E+00
-3.325891776E+00-3.405865783E+00-3.486172340E+00-3.566840786E+00-3.648089520E+00
-3.730094641E+00-3.812944471E+00-3.896496180E+00-3.980515034E+00-4.064707062E+00
-4.148732000E+00-4.232221470E+00-4.314799341E+00-4.396102893E+00-4.475803992E+00
-4.553630079E+00-4.629384554E+00-4.702966829E+00-4.774351870E+00-4.843527546E+00
-4.910485157E+00-4.975219433E+00-5.037727989E+00-5.098011156E+00-5.156071549E+00
-5.211913702E+00-5.265543740E+00-5.316968869E+00-5.366197016E+00-5.413236357E+00
-5.458094779E+00-5.500779336E+00-5.541295607E+00-5.579647062E+00-5.615834203E+00
-5.649853738E+00-5.681697509E+00-5.711351369E+00-5.738793849E+00-5.763994527E+00
-5.786912285E+00-5.807493816E+00-5.825669943E+00-5.841353974E+00-5.854440941E+00
-5.864806037E+00-5.872303178E+00-5.876763781E+00-5.877996304E+00-5.875786068E+00
-5.869896224E+00-5.860069619E+00-5.846031970E+00-5.827496376E+00-5.804168714E+00
-5.775753694E+00-5.741965968E+00-5.702532725E+00-5.657198749E+00-5.605730118E+00
-5.547917462E+00-5.483578228E+00-5.412558466E+00-5.334734046E+00-5.250011491E+00
-5.158328620E+00-5.059654799E+00-4.953991150E+00-4.841370480E+00-4.721857354E+00
-4.595547881E+00-4.462599851E+00-4.323398287E+00-4.178522411E+00-4.028651045E+00
-3.874456925E+00-3.716447790E+00-3.554484125E+00-3.385599790E+00-3.203908933E+00
-3.018717456E+00-2.833858007E+00-2.649219651E+00-2.464742397E+00-2.280385049E+00
-2.096114356E+00-1.911902009E+00-1.727724675E+00-1.543565627E+00-1.359417447E+00
-1.175285779E+00-9.911943070E-01-8.071912858E-01-6.233580764E-01-4.398202854E-01
-2.567623349E-01-7.444644534E-02 1.067629593E-01 2.863687579E-01 4.637054790E-01
 6.379035106E-01 8.078660083E-01 9.722809988E-01 1.129691079E+00-1.675949320E+00
-1.729957443E+00-1.784699297E+00-1.840153487E+00-1.896344252E+00-1.953448833E+00
-2.011482234E+00-2.070459419E+00-2.130395967E+00-2.191306663E+00-2.253205517E+00
-2.316105996E+00-2.380021412E+00-2.444965096E+00-2.510950574E+00-2.577991779E+00
-2.646103087E+00-2.715299477E+00-2.785596626E+00-2.857010945E+00-2.929559720E+00
-3.003261069E+00-3.078134018E+00-3.154198217E+00-3.231473819E+00-3.310122621E+00
-3.389519150E+00-3.469245091E+00-3.549261999E+00-3.629778799E+00-3.710993370E+00
-3.793021666E+00-3.875778447E+00-3.959044925E+00-4.042544800E+00-4.125952615E+00
-4.208910549E+00-4.291047803E+00-4.372001055E+00-4.451434904E+00-4.529062278E+00
-4.604664255E+00-4.678109534E+00-4.749356241E+00-4.818390909E+00-4.885203289E+00
-4.949786403E+00-5.012136125E+00-5.072250846E+00-5.130131109E+00-5.185779200E+00
-5.239198704E+00-5.290394137E+00-5.339370439E+00-5.386132454E+00-5.430684407E+00
-5.473029262E+00-5.513168125E+00-5.551099405E+00-5.586818104E+00-5.620314765E+00
-5.651574469E+00-5.680575668E+00-5.707288811E+00-5.731674815E+00-5.753683552E+00
-5.773251773E+00-5.790301603E+00-5.804738538E+00-5.816449398E+00-5.825301312E+00
-5.831141104E+00-5.833794633E+00-5.833066729E+00-5.828741785E+00-5.820585221E+00
-5.808345772E+00-5.791758920E+00-5.770552224E+00-5.744451554E+00-5.713184739E+00
-5.676487629E+00-5.634108728E+00-5.585813185E+00-5.531386300E+00-5.470636318E+00
-5.403396595E+00-5.329527402E+00-5.248917165E+00-5.161483358E+00-5.067173293E+00
-4.965964376E+00-4.857864476E+00-4.742911997E+00-4.621175903E+00-4.492767322E+00
-4.357987568E+00-4.217340855E+00-4.071448822E+00-3.920956961E+00-3.766405642E+00
-3.607955192E+00-3.443965664E+00-3.268322865E+00-3.085069783E+00-2.901693500E+00
-2.718190898E+00-2.534525974E+00-2.350650090E+00-2.166508274E+00-1.982041484E+00
-1.797187677E+00-1.611883109E+00-1.426063741E+00-1.239667328E+00-1.052636278E+00
-8.649215812E-01-6.764882392E-01-4.873228125E-01-2.974439554E-01-1.069173561E-01
 8.412277816E-02 2.754421852E-01 4.666594287E-01 6.571748158E-01 8.460653774E-01
 1.031946505E+00 1.212854553E+00 1.386316123E+00-1.672161438E+00-1.725918264E+00
-1.780362880E+00-1.835492700E+00-1.891346073E+00-1.948048825E+00-2.005652789E+00
-2.064184531E+00-2.123663255E+00-2.184104230E+00-2.245520747E+00-2.307925365E+00
-2.371330309E+00-2.435747922E+00-2.501190821E+00-2.567672025E+00-2.635205080E+00
-2.703804111E+00-2.773483845E+00-2.844259668E+00-2.916147488E+00-2.989163679E+00
-3.063324789E+00-3.138647347E+00-3.215147939E+00-3.293073082E+00-3.371827316E+00
-3.450925088E+00-3.530245522E+00-3.609972819E+00-3.690325514E+00-3.771440623E+00
-3.853304446E+00-3.935716216E+00-4.018419593E+00-4.101106461E+00-4.183431906E+00
-4.265032722E+00-4.345547062E+00-4.424634079E+00-4.501993719E+00-4.577385725E+00
-4.650648044E+00-4.721711250E+00-4.790557844E+00-4.857175812E+00-4.921556280E+00
-4.983693143E+00-5.043582644E+00-5.101222959E+00-5.156613819E+00-5.209756036E+00
-5.260651084E+00-5.309300531E+00-5.355705581E+00-5.399866406E+00-5.441781534E+00
-5.481447167E+00-5.518856368E+00-5.553998190E+00-5.586856781E+00-5.617410167E+00
-5.645629226E+00-5.671476307E+00-5.694903820E+00-5.715852645E+00-5.734250718E+00
-5.750011250E+00-5.763031269E+00-5.773190231E+00-5.780349143E+00-5.784349752E+00
-5.785014563E+00-5.782147247E+00-5.775533957E+00-5.764945307E+00-5.750139333E+00
-5.730864772E+00-5.706865420E+00-5.677884936E+00-5.643670990E+00-5.603979779E+00
-5.558580075E+00-5.507256675E+00-5.449813542E+00-5.386076357E+00-5.315894541E+00
-5.239142956E+00-5.155723147E+00-5.065564407E+00-4.968624376E+00-4.864889647E+00
-4.754376089E+00-4.637128966E+00-4.513228113E+00-4.382912122E+00-4.246621104E+00
-4.104922483E+00-3.958428382E+00-3.807687272E+00-3.652979560E+00-3.493425426E+00
-3.324290176E+00-3.143826959E+00-2.962779696E+00-2.781250251E+00-2.599252091E+00
-2.416751947E+00-2.233690137E+00-2.049990082E+00-1.865562736E+00-1.680308397E+00
-1.494117751E+00-1.306872448E+00-1.118445779E+00-9.287036454E-01-7.375060775E-01
-5.447096050E-01-3.501708756E-01-1.537521349E-01 4.467043208E-02 2.451938181E-01
 4.478676075E-01 6.526592955E-01 8.593909611E-01 1.067609651E+00 1.276278239E+00
 1.482940517E+00 1.682305336E+00-1.668498414E+00-1.722091743E+00-1.776241166E+00
-1.830942090E+00-1.886244202E+00-1.942405672E+00-1.999496471E+00-2.057524891E+00
-2.116500177E+00-2.176431707E+00-2.237328974E+00-2.299201785E+00-2.362060313E+00
-2.425915233E+00-2.490777766E+00-2.556659731E+00-2.623573608E+00-2.691532515E+00
-2.760550345E+00-2.830641592E+00-2.901821312E+00-2.974104872E+00-3.047507250E+00
-3.122041448E+00-3.197714771E+00-3.274818148E+00-3.352847463E+00-3.431258430E+00
-3.509835867E+00-3.588717758E+00-3.668137442E+00-3.748254007E+00-3.829120448E+00
-3.910567430E+00-3.992360758E+00-4.074211773E+00-4.155790965E+00-4.236745282E+00
-4.316716731E+00-4.395361406E+00-4.472368285E+00-4.547477655E+00-4.620498613E+00
-4.691326192E+00-4.759930029E+00-4.826296579E+00-4.890414854E+00-4.952276484E+00
-5.011875308E+00-5.069206887E+00-5.124268122E+00-5.177056764E+00-5.227570915E+00
-5.275808501E+00-5.321766713E+00-5.365441365E+00-5.406826217E+00-5.445912260E+00
-5.482686879E+00-5.517132983E+00-5.549228055E+00-5.578943031E+00-5.606241171E+00
-5.631076842E+00-5.653394179E+00-5.673125691E+00-5.690190945E+00-5.704495206E+00
-5.715928138E+00-5.724363017E+00-5.729655909E+00-5.731645478E+00-5.730153282E+00
-5.724984695E+00-5.715930406E+00-5.702768720E+00-5.685268274E+00-5.663191524E+00
-5.636298367E+00-5.604350115E+00-5.567113409E+00-5.524363958E+00-5.475890010E+00
-5.421495446E+00-5.361002541E+00-5.294254300E+00-5.221116304E+00-5.141478356E+00
-5.055255737E+00-4.962390181E+00-4.862850646E+00-4.756633974E+00-4.643765160E+00
-4.524300747E+00-4.398436291E+00-4.266560185E+00-4.129190732E+00-3.986904789E+00
-3.840246970E+00-3.689572460E+00-3.534473910E+00-3.371670497E+00-3.196384064E+00
-3.017541475E+00-2.838350195E+00-2.658632340E+00-2.478268587E+00-2.297155576E+00
-2.115188479E+00-1.932253597E+00-1.748224763E+00-1.562961188E+00-1.376305772E+00
-1.188083531E+00-9.980999596E-01-8.061393055E-01-6.119626965E-01-4.153061304E-01
-2.158781999E-01-1.335745207E-02 1.926110023E-01 4.024203560E-01 6.165101057E-01
 8.353810018E-01 1.059626540E+00 1.290009007E+00 1.527682628E+00 1.775020077E+00
 2.020835338E+00-1.664689619E+00-1.718112404E+00-1.771949504E+00-1.826197092E+00
-1.880826047E+00-1.936413996E+00-1.992962898E+00-2.050460520E+00-2.108905376E+00
-2.168300177E+00-2.228650118E+00-2.289961882E+00-2.352243338E+00-2.415503302E+00
-2.479751405E+00-2.544998109E+00-2.611254713E+00-2.678533384E+00-2.746847164E+00
-2.816210120E+00-2.886637445E+00-2.958145860E+00-3.030754239E+00-3.104485254E+00
-3.179369210E+00-3.255453096E+00-3.332638051E+00-3.410289589E+00-3.488078239E+00
-3.566065254E+00-3.644485581E+00-3.723525143E+00-3.803284316E+00-3.883651427E+00
-3.964413542E+00-4.045303565E+00-4.126010107E+00-4.206193135E+00-4.285501439E+00
-4.363590824E+00-4.440142107E+00-4.514878641E+00-4.587583150E+00-4.658113678E+00
-4.726412615E+00-4.792462967E+00-4.856251366E+00-4.917767017E+00-4.977001085E+00
-5.033946284E+00-5.088596432E+00-5.140945929E+00-5.190989235E+00-5.238720360E+00
-5.284132194E+00-5.327215920E+00-5.367960280E+00-5.406350799E+00-5.442369030E+00
-5.475991585E+00-5.507189243E+00-5.535925846E+00-5.562157254E+00-5.585830198E+00
-5.606881024E+00-5.625234588E+00-5.640803034E+00-5.653484767E+00-5.663163601E+00
-5.669708044E+00-5.672971081E+00-5.672790273E+00-5.668988318E+00-5.661374295E+00
-5.649745304E+00-5.633888778E+00-5.613585135E+00-5.588610860E+00-5.558741913E+00
-5.523757124E+00-5.483441542E+00-5.437589846E+00-5.386009235E+00-5.328522289E+00
-5.264969362E+00-5.195210704E+00-5.119128233E+00-5.036627037E+00-4.947636603E+00
-4.852111823E+00-4.750033860E+00-4.641410621E+00-4.526280396E+00-4.404812346E+00
-4.277354408E+00-4.144380064E+00-4.006426563E+00-3.864016296E+00-3.717528105E+00
-3.566806663E+00-3.409507294E+00-3.240004188E+00-3.064661988E+00-2.888666602E+00
-2.711974201E+00-2.534500008E+00-2.356143516E+00-2.176793226E+00-1.996325495E+00
-1.814601982E+00-1.631466800E+00-1.446743739E+00-1.260233249E+00-1.071709162E+00
-8.809149564E-01-6.875594140E-01-4.913114677E-01-2.917939720E-01-8.857599621E-02
 1.188369919E-01 3.310161453E-01 5.486273572E-01 7.724578904E-01 1.003457854E+00
 1.242807911E+00 1.492032231E+00 1.753176787E+00 2.028886704E+00 2.301057653E+00
-1.660134775E+00-1.713262651E+00-1.766752704E+00-1.820593071E+00-1.874855081E+00
-1.929956508E+00-1.985995103E+00-2.042968961E+00-2.100877495E+00-2.159722314E+00
-2.219506829E+00-2.280235903E+00-2.341915679E+00-2.404553365E+00-2.468157099E+00
-2.532736028E+00-2.598300169E+00-2.664860529E+00-2.732429082E+00-2.801018871E+00
-2.870644136E+00-2.941320476E+00-3.013065118E+00-3.085897207E+00-3.159838018E+00
-3.234909816E+00-3.311197318E+00-3.388043637E+00-3.465014533E+00-3.542073207E+00
-3.619439416E+00-3.697328363E+00-3.775871095E+00-3.855040019E+00-3.934643109E+00
-4.014437373E+00-4.094132562E+00-4.173404747E+00-4.251912756E+00-4.329315374E+00
-4.405288520E+00-4.479541963E+00-4.551835211E+00-4.621992534E+00-4.689917085E+00
-4.755578442E+00-4.818961199E+00-4.880051831E+00-4.938838616E+00-4.995311167E+00
-5.049459989E+00-5.101275898E+00-5.150749475E+00-5.197870569E+00-5.242627571E+00
-5.285006801E+00-5.324991809E+00-5.362562577E+00-5.397694691E+00-5.430358522E+00
-5.460518203E+00-5.488130738E+00-5.513144949E+00-5.535500401E+00-5.555126444E+00
-5.571941132E+00-5.585850370E+00-5.596747039E+00-5.604510538E+00-5.609006389E+00
-5.610086239E+00-5.607588349E+00-5.601338361E+00-5.591150682E+00-5.576830223E+00
-5.558174588E+00-5.534976656E+00-5.507027385E+00-5.474118743E+00-5.436046843E+00
-5.392614909E+00-5.343636127E+00-5.288936374E+00-5.228356620E+00-5.161755200E+00
-5.089009611E+00-5.010018259E+00-4.924701891E+00-4.833004681E+00-4.734895336E+00
-4.630367925E+00-4.519447485E+00-4.402290893E+00-4.279216263E+00-4.150657974E+00
-4.017113592E+00-3.879075433E+00-3.736920673E+00-3.590623870E+00-3.438428233E+00
-3.274985780E+00-3.103624462E+00-2.931476839E+00-2.758491075E+00-2.584603325E+00
-2.409732047E+00-2.233778478E+00-2.056626876E+00-1.878143608E+00-1.698175184E+00
-1.516545692E+00-1.333053606E+00-1.147468002E+00-9.595240980E-01-7.689179676E-01
-5.753002212E-01-3.782684280E-01-1.773579612E-01 2.796915892E-02 2.383379087E-01
 4.544771189E-01 6.772404238E-01 9.076324033E-01 1.146840951E+00 1.396275870E+00
 1.657609766E+00 1.932807747E+00 2.224089354E+00 2.509026209E+00-1.655227625E+00
-1.708019689E+00-1.761143113E+00-1.814582031E+00-1.868427273E+00-1.923062976E+00
-1.978607870E+00-2.035065636E+00-2.092437520E+00-2.150725575E+00-2.209932786E+00
-2.270063183E+00-2.331121708E+00-2.393114347E+00-2.456047922E+00-2.519930262E+00
-2.584770104E+00-2.650577138E+00-2.717362040E+00-2.785136418E+00-2.853912983E+00
-2.923705337E+00-2.994527994E+00-3.066396244E+00-3.139325702E+00-3.213332396E+00
-3.288628174E+00-3.364598394E+00-3.440713246E+00-3.516815327E+00-3.593081204E+00
-3.669750320E+00-3.746981005E+00-3.824828562E+00-3.903138109E+00-3.981693030E+00
-4.060226538E+00-4.138433949E+00-4.215987496E+00-4.292552595E+00-4.367804039E+00
-4.441441849E+00-4.513206430E+00-4.582892656E+00-4.650362793E+00-4.715554912E+00
-4.778448454E+00-4.839027006E+00-4.897275823E+00-4.953181224E+00-5.006730187E+00
-5.057909711E+00-5.106706406E+00-5.153105680E+00-5.197091355E+00-5.238644750E+00
-5.277744144E+00-5.314363939E+00-5.348473849E+00-5.380038084E+00-5.409014442E+00
-5.435353470E+00-5.458997426E+00-5.479879496E+00-5.497922812E+00-5.513039770E+00
-5.525131217E+00-5.534085965E+00-5.539780545E+00-5.542079084E+00-5.540833597E+00
-5.535884670E+00-5.527062403E+00-5.514187867E+00-5.497074848E+00-5.475532017E+00
-5.449365174E+00-5.418380006E+00-5.382384562E+00-5.341192125E+00-5.294623784E+00
-5.242511075E+00-5.184698284E+00-5.121044615E+00-5.051426345E+00-4.975738314E+00
-4.893895671E+00-4.805835089E+00-4.711515917E+00-4.610921257E+00-4.504070718E+00
-4.391120269E+00-4.272366765E+00-4.148210909E+00-4.019111862E+00-3.885527098E+00
-3.747816083E+00-3.606007845E+00-3.458691571E+00-3.301074184E+00-3.134145741E+00
-2.966314555E+00-2.797548983E+00-2.627801163E+00-2.457007344E+00-2.285087034E+00
-2.111941952E+00-1.937455158E+00-1.761489293E+00-1.583884507E+00-1.404455571E+00
-1.222988389E+00-1.039235711E+00-8.529119994E-01-6.636872244E-01-4.711794231E-01
-2.749457442E-01-7.447170793E-02 1.308416137E-01 3.416927604E-01 5.588974704E-01
 7.834084811E-01 1.016336611E+00 1.258971047E+00 1.512794869E+00 1.779489422E+00
 2.060919266E+00 2.359487355E+00 2.650288806E+00-1.650102600E+00-1.702551820E+00
-1.755294287E+00-1.808320283E+00-1.861632822E+00-1.915797503E+00-1.970852044E+00
-2.026795075E+00-2.083628429E+00-2.141354237E+00-2.199975114E+00-2.259494375E+00
-2.319915972E+00-2.381244711E+00-2.443486212E+00-2.506646965E+00-2.570734411E+00
-2.635756883E+00-2.701723662E+00-2.768645038E+00-2.836532191E+00-2.905397096E+00
-2.975252252E+00-3.046109982E+00-3.117980808E+00-3.190869672E+00-3.265055003E+00
-3.340054311E+00-3.415258455E+00-3.490376758E+00-3.565505409E+00-3.640892900E+00
-3.716731956E+00-3.793131341E+00-3.870010447E+00-3.947176529E+00-4.024388612E+00
-4.101364332E+00-4.177793016E+00-4.253350599E+00-4.327714898E+00-4.400580703E+00
-4.471673924E+00-4.540764961E+00-4.607680717E+00-4.672315646E+00-4.734628648E+00
-4.794600404E+00-4.852212817E+00-4.907448794E+00-4.960291596E+00-5.010724343E+00
-5.058729403E+00-5.104287826E+00-5.147378624E+00-5.187978179E+00-5.226059535E+00
-5.261591554E+00-5.294538292E+00-5.324858068E+00-5.352502768E+00-5.377416936E+00
-5.399536994E+00-5.418790549E+00-5.435095540E+00-5.448359790E+00-5.458480404E+00
-5.465343563E+00-5.468824379E+00-5.468787156E+00-5.465085769E+00-5.457564543E+00
-5.446059352E+00-5.430399059E+00-5.410407233E+00-5.385904172E+00-5.356709163E+00
-5.322642696E+00-5.283529002E+00-5.239198433E+00-5.189489869E+00-5.134252941E+00
-5.073350248E+00-5.006659266E+00-4.934074140E+00-4.855507322E+00-4.770890934E+00
-4.680177910E+00-4.583342768E+00-4.480413005E+00-4.371550807E+00-4.257038035E+00
-4.137246032E+00-4.012596853E+00-3.883509722E+00-3.750314206E+00-3.613045320E+00
-3.470466763E+00-3.318262871E+00-3.156052496E+00-2.992860900E+00-2.828673124E+00
-2.663459037E+00-2.497173412E+00-2.329755618E+00-2.161128747E+00-1.991198491E+00
-1.819851829E+00-1.646954987E+00-1.472351190E+00-1.295857693E+00-1.117262203E+00
-9.363185215E-01-7.527412689E-01-5.661995100E-01-3.763090500E-01-1.826231114E-01
 1.537892429E-02 2.183050325E-01 4.268666444E-01 6.418974287E-01 8.643745077E-01
 1.095440966E+00 1.336427017E+00 1.588864840E+00 1.854489199E+00 2.135214466E+00
 2.433754807E+00 2.722654486E+00-1.644569261E+00-1.696637127E+00-1.748981992E+00
-1.801589072E+00-1.854524717E+00-1.908225181E+00-1.962787831E+00-2.018214345E+00
-2.074506203E+00-2.131664977E+00-2.189692468E+00-2.248590943E+00-2.308363230E+00
-2.369012858E+00-2.430544069E+00-2.492962037E+00-2.556272750E+00-2.620483203E+00
-2.685601340E+00-2.751636210E+00-2.818597949E+00-2.886497968E+00-2.955349174E+00
-3.025166583E+00-3.095968875E+00-3.167781899E+00-3.240647704E+00-3.314531546E+00
-3.388745226E+00-3.462850433E+00-3.536818527E+00-3.610877617E+00-3.685254453E+00
-3.760089229E+00-3.835400509E+00-3.911024111E+00-3.986747543E+00-4.062313730E+00
-4.137432460E+00-4.211794220E+00-4.285084307E+00-4.356996988E+00-4.427248949E+00
-4.495591795E+00-4.561823344E+00-4.625797260E+00-4.687431596E+00-4.746694439E+00
-4.803564745E+00-4.858021799E+00-4.910045082E+00-4.959613686E+00-5.006705772E+00
-5.051297855E+00-5.093364318E+00-5.132876581E+00-5.169802555E+00-5.204105849E+00
-5.235745093E+00-5.264673163E+00-5.290836479E+00-5.314174275E+00-5.334617918E+00
-5.352090287E+00-5.366505229E+00-5.377767158E+00-5.385770740E+00-5.390400836E+00
-5.391532598E+00-5.389031859E+00-5.382755751E+00-5.372553578E+00-5.358268094E+00
-5.339736880E+00-5.316793990E+00-5.289271967E+00-5.257003779E+00-5.219825069E+00
-5.177576188E+00-5.130104562E+00-5.077266721E+00-5.018930397E+00-4.954976460E+00
-4.885300601E+00-4.809815100E+00-4.728450162E+00-4.641155599E+00-4.547901492E+00
-4.448740102E+00-4.343842336E+00-4.233478776E+00-4.117994763E+00-3.997776404E+00
-3.873202176E+00-3.744562134E+00-3.611861434E+00-3.473911305E+00-3.326701392E+00
-3.169329088E+00-3.010945121E+00-2.851542419E+00-2.691103233E+00-2.529598342E+00
-2.366986026E+00-2.203211120E+00-2.038203942E+00-1.871878917E+00-1.704133051E+00
-1.534844020E+00-1.363867920E+00-1.191036523E+00-1.016153993E+00-8.389929495E-01
-6.592896916E-01-4.767384404E-01-2.909843419E-01-1.016148992E-01 9.185056482E-02
 2.899739701E-01 4.934147851E-01 7.029504947E-01 9.195023222E-01 1.144167281E+00
 1.378256801E+00 1.623339281E+00 1.881276223E+00 2.154227397E+00 2.444207643E+00
 2.716835175E+00-1.638865998E+00-1.690538929E+00-1.742475683E+00-1.794657128E+00
-1.847174628E+00-1.900407478E+00-1.954476307E+00-2.009384889E+00-2.065133528E+00
-2.121722497E+00-2.179152260E+00-2.237423593E+00-2.296537794E+00-2.356496858E+00
-2.417303518E+00-2.478961301E+00-2.541474740E+00-2.604849282E+00-2.669091435E+00
-2.734208778E+00-2.800210029E+00-2.867105071E+00-2.934905104E+00-3.003622782E+00
-3.073272230E+00-3.143869143E+00-3.215429993E+00-3.288108576E+00-3.361260756E+00
-3.434327637E+00-3.507128626E+00-3.579831565E+00-3.652687294E+00-3.725871446E+00
-3.799475754E+00-3.873402807E+00-3.947466779E+00-4.021437877E+00-4.095049722E+00
-4.168011250E+00-4.240019673E+00-4.310773833E+00-4.379986655E+00-4.447397071E+00
-4.512780462E+00-4.575957802E+00-4.636803139E+00-4.695248615E+00-4.751264426E+00
-4.804826547E+00-4.855910580E+00-4.904491626E+00-4.950543565E+00-4.994038552E+00
-5.034946300E+00-5.073233520E+00-5.108863219E+00-5.141794010E+00-5.171979521E+00
-5.199367687E+00-5.223900066E+00-5.245511319E+00-5.264128587E+00-5.279670990E+00
-5.292049373E+00-5.301165902E+00-5.306914040E+00-5.309178610E+00-5.307836122E+00
-5.302755178E+00-5.293797329E+00-5.280818021E+00-5.263667759E+00-5.242193600E+00
-5.216240778E+00-5.185654430E+00-5.150281594E+00-5.109973046E+00-5.064585453E+00
-5.013983214E+00-4.958040551E+00-4.896643236E+00-4.829690411E+00-4.757096216E+00
-4.678791280E+00-4.594723111E+00-4.504875975E+00-4.409333581E+00-4.308275535E+00
-4.201963197E+00-4.090718170E+00-3.974891781E+00-3.854819953E+00-3.730744900E+00
-3.602607192E+00-3.469164462E+00-3.326549747E+00-3.174027837E+00-3.020502635E+00
-2.865968581E+00-2.710415289E+00-2.553825570E+00-2.396173982E+00-2.237425395E+00
-2.077533827E+00-1.916441129E+00-1.754075601E+00-1.590350582E+00-1.425162745E+00
-1.258390182E+00-1.089890193E+00-9.194966776E-01-7.470170788E-01-5.722287684E-01
-3.948747145E-01-2.146582544E-01-3.123669498E-02 1.557866521E-01 3.468726442E-01
 5.425596429E-01 7.434816747E-01 9.503942107E-01 1.164212546E+00 1.386071593E+00
 1.617421806E+00 1.860179859E+00 2.116923723E+00 2.388929248E+00 2.640816648E+00
-1.633109264E+00-1.684395899E+00-1.735917957E+00-1.787662705E+00-1.839645718E+00
-1.892400951E+00-1.945976883E+00-2.000369392E+00-2.055576731E+00-2.111597174E+00
-2.168429093E+00-2.226071250E+00-2.284523042E+00-2.343784529E+00-2.403856601E+00
-2.464741080E+00-2.526440775E+00-2.588959504E+00-2.652302151E+00-2.716474682E+00
-2.781484191E+00-2.847338815E+00-2.914047643E+00-2.981620498E+00-3.050067128E+00
-3.119395593E+00-3.189608277E+00-3.260953052E+00-3.332941478E+00-3.404923626E+00
-3.476555862E+00-3.547895327E+00-3.619191291E+00-3.690659848E+00-3.762431075E+00
-3.834512454E+00-3.906746563E+00-3.978933509E+00-4.050833594E+00-4.122177866E+00
-4.192679812E+00-4.262047748E+00-4.329996540E+00-4.396258646E+00-4.460594101E+00
-4.522798959E+00-4.582712390E+00-4.640221794E+00-4.695264949E+00-4.747810234E+00
-4.797829763E+00-4.845294569E+00-4.890174422E+00-4.932437176E+00-4.972048108E+00
-5.008969451E+00-5.043159582E+00-5.074572617E+00-5.103157594E+00-5.128858087E+00
-5.151611507E+00-5.171348717E+00-5.187993506E+00-5.201462300E+00-5.211663892E+00
-5.218499399E+00-5.221862228E+00-5.221638422E+00-5.217706912E+00-5.209940293E+00
-5.198205542E+00-5.182365118E+00-5.162278131E+00-5.137801772E+00-5.108792900E+00
-5.075109636E+00-5.036613240E+00-4.993169835E+00-4.944652346E+00-4.890942223E+00
-4.831931283E+00-4.767523416E+00-4.697636133E+00-4.622201982E+00-4.541172889E+00
-4.454572299E+00-4.362508977E+00-4.265169506E+00-4.162806292E+00-4.055718519E+00
-3.944224011E+00-3.828615305E+00-3.709077976E+00-3.585442785E+00-3.456322907E+00
-3.317892205E+00-3.170195480E+00-3.021519297E+00-2.871858948E+00-2.721209570E+00
-2.569563972E+00-2.416910821E+00-2.263233005E+00-2.108506245E+00-1.952697968E+00
-1.795765994E+00-1.637657478E+00-1.478307647E+00-1.317638558E+00-1.155557743E+00
-9.919567208E-01-8.267093669E-01-6.596701002E-01-4.906718760E-01-3.195239222E-01
-1.460091788E-01 3.011863618E-02 2.091384603E-01 3.913660490E-01 5.771592545E-01
 7.669251970E-01 9.611308271E-01 1.160320207E+00 1.365146088E+00 1.576436061E+00
 1.795358163E+00 2.023962599E+00 2.264552958E+00 2.483946599E+00-1.627108969E+00
-1.677979966E+00-1.729078627E+00-1.780388536E+00-1.831965160E+00-1.884255954E+00
-1.937346020E+00-1.991230561E+00-2.045904911E+00-2.101364307E+00-2.157604352E+00
-2.214621168E+00-2.272411696E+00-2.330973744E+00-2.390306170E+00-2.450408839E+00
-2.511282757E+00-2.572929999E+00-2.635353799E+00-2.698558577E+00-2.762549855E+00
-2.827334433E+00-2.892920335E+00-2.959317074E+00-3.026535947E+00-3.094591255E+00
-3.163503247E+00-3.233306239E+00-3.303966555E+00-3.374778090E+00-3.445230140E+00
-3.515216556E+00-3.584938184E+00-3.654642334E+00-3.724495765E+00-3.794585248E+00
-3.864824227E+00-3.935039817E+00-4.005020731E+00-4.074523203E+00-4.143281069E+00
-4.211016828E+00-4.277452651E+00-4.342320803E+00-4.405372908E+00-4.466388086E+00
-4.525179521E+00-4.581599366E+00-4.635541783E+00-4.686943543E+00-4.735768412E+00
-4.781983992E+00-4.825555906E+00-4.866447958E+00-4.904621298E+00-4.940033935E+00
-4.972640100E+00-5.002389780E+00-5.029228080E+00-5.053094835E+00-5.073924044E+00
-5.091643568E+00-5.106174793E+00-5.117432363E+00-5.125324138E+00-5.129751219E+00
-5.130608116E+00-5.127783062E+00-5.121158572E+00-5.110612144E+00-5.096017129E+00
-5.077243759E+00-5.054160404E+00-5.026634931E+00-4.994536177E+00-4.957735574E+00
-4.916108720E+00-4.869537182E+00-4.817910162E+00-4.761126046E+00-4.699094342E+00
-4.631736961E+00-4.558989511E+00-4.480840039E+00-4.397347720E+00-4.308639516E+00
-4.214905340E+00-4.116387117E+00-4.013361165E+00-3.906111341E+00-3.794885071E+00
-3.679807300E+00-3.560532202E+00-3.435427970E+00-3.300734619E+00-3.157856684E+00
-3.014009619E+00-2.869194317E+00-2.723414090E+00-2.576672717E+00-2.428972775E+00
-2.280314167E+00-2.130692806E+00-1.980099504E+00-1.828519051E+00-1.675929234E+00
-1.522300016E+00-1.367592752E+00-1.211759424E+00-1.054741946E+00-8.964715026E-01
-7.368679779E-01-5.758394973E-01-4.132821451E-01-2.490799372E-01-8.310517174E-02
 8.478063884E-02 2.547250162E-01 4.268814699E-01 6.014045049E-01 7.784414381E-01
 9.581188778E-01 1.140519462E+00 1.325639197E+00 1.513301173E+00 1.702955005E+00
 1.893128065E+00 2.080026389E+00 2.257175684E+00-1.621006046E+00-1.671447411E+00
-1.722118489E+00-1.772997904E+00-1.824173730E+00-1.876015442E+00-1.928636384E+00
-1.982031117E+00-2.036190422E+00-2.091105320E+00-2.146767635E+00-2.203170253E+00
-2.260307208E+00-2.318173888E+00-2.376766920E+00-2.436084194E+00-2.496124817E+00
-2.556889176E+00-2.618378804E+00-2.680596509E+00-2.743546245E+00-2.807233224E+00
-2.871663956E+00-2.936846173E+00-3.002788886E+00-3.069502073E+00-3.136995560E+00
-3.205275391E+00-3.274486314E+00-3.344030873E+00-3.413279388E+00-3.481938799E+00
-3.550102173E+00-3.618021608E+00-3.685907095E+00-3.753883751E+00-3.821973918E+00
-3.890038508E+00-3.957896518E+00-4.025331737E+00-4.092101583E+00-4.157947003E+00
-4.222602530E+00-4.285805971E+00-4.347307225E+00-4.406875994E+00-4.464308083E+00
-4.519430201E+00-4.572103026E+00-4.622222347E+00-4.669718835E+00-4.714548540E+00
-4.756673716E+00-4.796054273E+00-4.832647560E+00-4.866407770E+00-4.897285473E+00
-4.925227070E+00-4.950174353E+00-4.972064075E+00-4.990827621E+00-5.006390718E+00
-5.018673204E+00-5.027588947E+00-5.033045866E+00-5.034946029E+00-5.033186001E+00
-5.027657290E+00-5.018246887E+00-5.004838026E+00-4.987311189E+00-4.965545074E+00
-4.939417857E+00-4.908808471E+00-4.873598054E+00-4.833671507E+00-4.788918904E+00
-4.739237099E+00-4.684531958E+00-4.624717913E+00-4.559722336E+00-4.489516086E+00
-4.414125844E+00-4.333634273E+00-4.248179629E+00-4.157950394E+00-4.063174812E+00
-3.964103875E+00-3.860983712E+00-3.754008230E+00-3.643224961E+00-3.528048055E+00
-3.406465021E+00-3.275080166E+00-3.137060376E+00-2.998041617E+00-2.858039446E+00
-2.717071441E+00-2.575156105E+00-2.432311945E+00-2.288556418E+00-2.143905027E+00
-1.998370619E+00-1.851962498E+00-1.704685912E+00-1.556541443E+00-1.407524548E+00
-1.257625212E+00-1.106827699E+00-9.551104531E-01-8.024462140E-01-6.488023624E-01
-4.941416379E-01-3.384232925E-01-1.816048989E-01-2.364501409E-02 1.354929359E-01
 2.958350638E-01 4.573889716E-01 6.201320947E-01 7.839946190E-01 9.488340739E-01
 1.114396772E+00 1.280258455E+00 1.445733101E+00 1.609740520E+00 1.770652612E+00
 1.926234558E+00 2.073884061E+00-1.614901341E+00-1.664920099E+00-1.715163231E+00
-1.765616251E+00-1.816300311E+00-1.867712027E+00-1.919896922E+00-1.972835762E+00
-2.026512111E+00-2.080911189E+00-2.136020130E+00-2.191828180E+00-2.248326464E+00
-2.305507947E+00-2.363367206E+00-2.421900266E+00-2.481104531E+00-2.540978724E+00
-2.601522785E+00-2.662737916E+00-2.724626461E+00-2.787192025E+00-2.850439510E+00
-2.914375098E+00-2.979006538E+00-3.044343366E+00-3.110397827E+00-3.177186818E+00
-3.244737235E+00-3.312867183E+00-3.380852617E+00-3.448209165E+00-3.514859106E+00
-3.581008457E+00-3.646900711E+00-3.712701235E+00-3.778501118E+00-3.844250505E+00
-3.909793467E+00-3.974942976E+00-4.039482801E+00-4.103175864E+00-4.165773401E+00
-4.227024030E+00-4.286681916E+00-4.344514239E+00-4.400307233E+00-4.453871001E+00
-4.505042716E+00-4.553688307E+00-4.599702151E+00-4.643005827E+00-4.683543529E+00
-4.721270245E+00-4.756140321E+00-4.788104520E+00-4.817110195E+00-4.843100861E+00
-4.866015557E+00-4.885788789E+00-4.902350043E+00-4.915623767E+00-4.925529160E+00
-4.931980205E+00-4.934885772E+00-4.934149943E+00-4.929672249E+00-4.921348285E+00
-4.909070314E+00-4.892728100E+00-4.872209835E+00-4.847403289E+00-4.818196886E+00
-4.784480894E+00-4.746148836E+00-4.703099504E+00-4.655237642E+00-4.602473221E+00
-4.544733636E+00-4.481983640E+00-4.414229453E+00-4.341522018E+00-4.263959034E+00
-4.181682884E+00-4.094875037E+00-4.003745442E+00-3.908515098E+00-3.809387870E+00
-3.706493761E+00-3.599714801E+00-3.488173808E+00-3.369380853E+00-3.241070068E+00
-3.107977367E+00-2.973802569E+00-2.838585046E+00-2.702363186E+00-2.565174851E+00
-2.427057381E+00-2.288047399E+00-2.148180385E+00-2.007490345E+00-1.866009505E+00
-1.723767881E+00-1.580793070E+00-1.437110014E+00-1.292740881E+00-1.147705080E+00
-1.002019419E+00-8.556984936E-01-7.087553307E-01-5.612023917E-01-4.130530295E-01
-2.643235596E-01-1.150360830E-01 3.477764628E-02 1.850710082E-01 3.357755233E-01
 4.867914752E-01 6.379753940E-01 7.891233625E-01 9.399489821E-01 1.090054847E+00
 1.238897160E+00 1.385745931E+00 1.529649305E+00 1.669420854E+00 1.803675845E+00
 1.930930524E+00-1.608566146E+00-1.658118438E+00-1.707929454E+00-1.757985019E+00
-1.808317451E+00-1.859365810E+00-1.911177158E+00-1.963718710E+00-2.016963626E+00
-2.070890192E+00-2.125481104E+00-2.180722566E+00-2.236603610E+00-2.293115457E+00
-2.350251153E+00-2.408005329E+00-2.466374032E+00-2.525354530E+00-2.584945331E+00
-2.645146048E+00-2.705957495E+00-2.767381511E+00-2.829421121E+00-2.892080490E+00
-2.955364850E+00-3.019280673E+00-3.083835574E+00-3.149038447E+00-3.214899349E+00
-3.281482865E+00-3.348119397E+00-3.414178605E+00-3.479378475E+00-3.543811629E+00
-3.607724448E+00-3.671327369E+00-3.734746594E+00-3.798033415E+00-3.861087051E+00
-3.923747873E+00-3.985826915E+00-4.047111745E+00-4.107373869E+00-4.166377019E+00
-4.223884872E+00-4.279668022E+00-4.333509968E+00-4.385211881E+00-4.434596014E+00
-4.481507756E+00-4.525816235E+00-4.567413520E+00-4.606212102E+00-4.642142167E+00
-4.675146281E+00-4.705171756E+00-4.732163737E+00-4.756063394E+00-4.776807731E+00
-4.794329628E+00-4.808557600E+00-4.819415612E+00-4.826823056E+00-4.830694943E+00
-4.830941982E+00-4.827471048E+00-4.820185525E+00-4.808985913E+00-4.793770461E+00
-4.774435967E+00-4.750878801E+00-4.722996266E+00-4.690687889E+00-4.653855275E+00
-4.612402815E+00-4.566244282E+00-4.515314995E+00-4.459577517E+00-4.399025066E+00
-4.333686533E+00-4.263628808E+00-4.188956703E+00-4.109810159E+00-4.026357603E+00
-3.938784396E+00-3.847273769E+00-3.751969791E+00-3.652921293E+00-3.549723291E+00
-3.441061686E+00-3.324132291E+00-3.199154843E+00-3.071012039E+00-2.941677713E+00
-2.811203372E+00-2.679647280E+00-2.547068501E+00-2.413525301E+00-2.279074707E+00
-2.143772584E+00-2.007673730E+00-1.870831880E+00-1.733299783E+00-1.595129132E+00
-1.456370600E+00-1.317073873E+00-1.177287789E+00-1.037060588E+00-8.964403111E-01
-7.554754641E-01-6.142159194E-01-4.727142145E-01-3.310273066E-01-1.892188984E-01
-4.736250226E-02 9.445460241E-02 2.361263001E-01 3.775212252E-01 5.184747211E-01
 6.587789542E-01 7.981709880E-01 9.363188994E-01 1.072806550E+00 1.207118537E+00
 1.338628356E+00 1.466594624E+00 1.590171227E+00 1.708436040E+00 1.820437726E+00
-1.601953358E+00-1.650956999E+00-1.700327242E+00-1.750052435E+00-1.800178383E+00
-1.850995729E+00-1.902548189E+00-1.954785276E+00-2.007671269E+00-2.061181343E+00
-2.115297379E+00-2.170005426E+00-2.225294361E+00-2.281155136E+00-2.337580310E+00
-2.394563779E+00-2.452100620E+00-2.510186979E+00-2.568820083E+00-2.627998170E+00
-2.687720465E+00-2.747987200E+00-2.808799499E+00-2.870159435E+00-2.932069799E+00
-2.994533749E+00-3.057554270E+00-3.121132368E+00-3.185263626E+00-3.250143327E+00
-3.315301478E+00-3.380023430E+00-3.443829171E+00-3.506631175E+00-3.568620734E+00
-3.630038666E+00-3.691056537E+00-3.751770555E+00-3.812187308E+00-3.872180515E+00
-3.931589520E+00-3.990227720E+00-4.047889448E+00-4.104357038E+00-4.159407887E+00
-4.212821093E+00-4.264383103E+00-4.313892567E+00-4.361163950E+00-4.406029891E+00
-4.448342386E+00-4.487972869E+00-4.524811045E+00-4.558762702E+00-4.589746610E+00
-4.617691250E+00-4.642531300E+00-4.664203668E+00-4.682644235E+00-4.697785395E+00
-4.709555491E+00-4.717878815E+00-4.722675748E+00-4.723863026E+00-4.721354071E+00
-4.715059361E+00-4.704886912E+00-4.690742979E+00-4.672532476E+00-4.650159565E+00
-4.623528271E+00-4.592545273E+00-4.557124343E+00-4.517191325E+00-4.472687621E+00
-4.423574090E+00-4.369836102E+00-4.311487242E+00-4.248571629E+00-4.181164720E+00
-4.109372022E+00-4.033325030E+00-3.953173140E+00-3.869070538E+00-3.781151798E+00
-3.689498497E+00-3.593935989E+00-3.493725345E+00-3.386909996E+00-3.271202815E+00
-3.149567250E+00-3.026661938E+00-2.902238231E+00-2.776471939E+00-2.649485390E+00
-2.521376321E+00-2.392230633E+00-2.262128158E+00-2.131145398E+00-1.999357168E+00
-1.866837350E+00-1.733659345E+00-1.599896437E+00-1.465621970E+00-1.330909523E+00
-1.195833082E+00-1.060467295E+00-9.248877899E-01-7.891716620E-01-6.533981467E-01
-5.176495504E-01-3.820124853E-01-2.465795197E-01-1.114512843E-01 2.326084576E-02
 1.574314157E-01 2.909168086E-01 4.235503516E-01 5.551365628E-01 6.854446389E-01
 8.142013290E-01 9.410836778E-01 1.065712387E+00 1.187647010E+00 1.306384606E+00
 1.421363787E+00 1.531975746E+00 1.637583017E+00 1.737544908E+00-1.594927265E+00
-1.643170025E+00-1.692071158E+00-1.741634398E+00-1.791848635E+00-1.842706306E+00
-1.894173370E+00-1.946218439E+00-1.998822048E+00-2.051970311E+00-2.105652028E+00
-2.159857470E+00-2.214578015E+00-2.269805816E+00-2.325533838E+00-2.381755803E+00
-2.438466170E+00-2.495660210E+00-2.553333952E+00-2.611484332E+00-2.670109143E+00
-2.729207048E+00-2.788777639E+00-2.848821401E+00-2.909339767E+00-2.970335181E+00
-3.031811399E+00-3.093774489E+00-3.156235397E+00-3.219217298E+00-3.282691922E+00
-3.345962292E+00-3.408384775E+00-3.469650170E+00-3.529816047E+00-3.589110998E+00
-3.647748327E+00-3.705863286E+00-3.763526447E+00-3.820706516E+00-3.877267253E+00
-3.933049221E+00-3.987870954E+00-4.041535851E+00-4.093838320E+00-4.144569921E+00
-4.193524869E+00-4.240504626E+00-4.285321658E+00-4.327802154E+00-4.367787684E+00
-4.405135828E+00-4.439719898E+00-4.471427737E+00-4.500159981E+00-4.525827629E+00
-4.548349608E+00-4.567649805E+00-4.583654799E+00-4.596291828E+00-4.605487280E+00
-4.611165564E+00-4.613248590E+00-4.611655612E+00-4.606303388E+00-4.597106599E+00
-4.583978707E+00-4.566833077E+00-4.545584681E+00-4.520152097E+00-4.490459657E+00
-4.456440490E+00-4.418040147E+00-4.375220144E+00-4.327961221E+00-4.276266342E+00
-4.220162810E+00-4.159703582E+00-4.094966613E+00-4.026052277E+00-3.953077747E+00
-3.876167308E+00-3.795434201E+00-3.710954868E+00-3.622659280E+00-3.530074538E+00
-3.431940952E+00-3.325943455E+00-3.212358073E+00-3.095238162E+00-2.976675815E+00
-2.856709824E+00-2.735368017E+00-2.612725730E+00-2.488872313E+00-2.363899922E+00
-2.237900484E+00-2.110965149E+00-1.983184562E+00-1.854649481E+00-1.725451084E+00
-1.595681381E+00-1.465433471E+00-1.334801742E+00-1.203882047E+00-1.072771865E+00
-9.415704999E-01-8.103793387E-01-6.793022179E-01-5.484459366E-01-4.179209506E-01
-2.878423349E-01-1.583309995E-01-2.951529334E-02 9.846703729E-02 2.254664501E-01
 3.513187767E-01 4.758419792E-01 5.988325644E-01 7.200618140E-01 8.392720814E-01
 9.561735540E-01 1.070442007E+00 1.181718261E+00 1.289610052E+00 1.393697053E+00
 1.493539455E+00 1.588690118E+00 1.678709634E+00-1.587994626E+00-1.635306894E+00
-1.683721927E+00-1.733215506E+00-1.783865965E+00-1.834947129E+00-1.886413963E+00
-1.938318292E+00-1.990675889E+00-2.043490846E+00-2.096761824E+00-2.150484736E+00
-2.204653943E+00-2.259263128E+00-2.314305722E+00-2.369775253E+00-2.425665481E+00
-2.481970671E+00-2.538685650E+00-2.595805979E+00-2.653327939E+00-2.711248681E+00
-2.769566209E+00-2.828279399E+00-2.887388039E+00-2.946892806E+00-3.006795037E+00
-3.067096437E+00-3.127797725E+00-3.188894926E+00-3.250533370E+00-3.312216944E+00
-3.373220089E+00-3.433029290E+00-3.491502862E+00-3.548789235E+00-3.605118414E+00
-3.660671053E+00-3.715551363E+00-3.769806566E+00-3.823380875E+00-3.876135859E+00
-3.927915513E+00-3.978545539E+00-4.027839704E+00-4.075605224E+00-4.121647745E+00
-4.165775978E+00-4.207805373E+00-4.247560994E+00-4.284879491E+00-4.319610303E+00
-4.351615989E+00-4.380771720E+00-4.406964412E+00-4.430091192E+00-4.450057594E+00
-4.466775687E+00-4.480162264E+00-4.490137085E+00-4.496621575E+00-4.499537780E+00
-4.498807765E+00-4.494353439E+00-4.486096811E+00-4.473960642E+00-4.457869478E+00
-4.437751294E+00-4.413539181E+00-4.385173727E+00-4.352605290E+00-4.315796742E+00
-4.274726071E+00-4.229388800E+00-4.179799870E+00-4.125994644E+00-4.068029005E+00
-4.005977517E+00-3.939929315E+00-3.869981207E+00-3.796222425E+00-3.718717340E+00
-3.637428282E+00-3.552006561E+00-3.461559042E+00-3.364178394E+00-3.258613337E+00
-3.147896764E+00-3.035667435E+00-2.921644246E+00-2.806002754E+00-2.688863640E+00
-2.570324235E+00-2.450478926E+00-2.329423571E+00-2.207255986E+00-2.084075731E+00
-1.959984091E+00-1.835084135E+00-1.709480931E+00-1.583281735E+00-1.456596208E+00
-1.329536549E+00-1.202217613E+00-1.074756966E+00-9.472749157E-01-8.198945545E-01
-6.927417993E-01-5.659454929E-01-4.396375994E-01-3.139534995E-01-1.890324560E-01
-6.501828418E-02 5.793976792E-02 1.796858771E-01 3.000562489E-01 4.188774829E-01
 5.359647361E-01 6.511198051E-01 7.641292235E-01 8.747626259E-01 9.827716144E-01
 1.087889462E+00 1.189831998E+00 1.288300015E+00 1.382983454E+00 1.473567471E+00
 1.559740258E+00 1.641202301E+00-1.582898951E+00-1.629673201E+00-1.677683557E+00
-1.726950598E+00-1.777376608E+00-1.828373246E+00-1.879718346E+00-1.931428257E+00
-1.983517694E+00-2.035993395E+00-2.088856407E+00-2.142104152E+00-2.195731671E+00
-2.249732626E+00-2.304099887E+00-2.358825974E+00-2.413903446E+00-2.469325154E+00
-2.525084354E+00-2.581175001E+00-2.637591726E+00-2.694329976E+00-2.751386187E+00
-2.808757606E+00-2.866442605E+00-2.924440487E+00-2.982751698E+00-3.041378040E+00
-3.100323272E+00-3.159595087E+00-3.219210884E+00-3.279097284E+00-3.338559325E+00
-3.396929965E+00-3.453839781E+00-3.509274995E+00-3.563425329E+00-3.616502594E+00
-3.668655898E+00-3.719963795E+00-3.770453686E+00-3.820058350E+00-3.868640947E+00
-3.916050973E+00-3.962122599E+00-4.006680947E+00-4.049546137E+00-4.090537769E+00
-4.129478406E+00-4.166196598E+00-4.200529093E+00-4.232322367E+00-4.261433356E+00
-4.287729716E+00-4.311089448E+00-4.331400066E+00-4.348557594E+00-4.362465320E+00
-4.373032540E+00-4.380173354E+00-4.383805738E+00-4.383850829E+00-4.380232590E+00
-4.372877813E+00-4.361716451E+00-4.346682486E+00-4.327715073E+00-4.304759878E+00
-4.277770920E+00-4.246712371E+00-4.211560396E+00-4.172304997E+00-4.128951463E+00
-4.081521207E+00-4.030051859E+00-3.974595970E+00-3.915217852E+00-3.851988639E+00
-3.784971637E+00-3.714217982E+00-3.639682176E+00-3.561078212E+00-3.477717988E+00
-3.388101439E+00-3.290673182E+00-3.187216205E+00-3.080780066E+00-2.972584113E+00
-2.862685625E+00-2.751115158E+00-2.637948634E+00-2.523275864E+00-2.407191255E+00
-2.289792371E+00-2.171179914E+00-2.051457960E+00-1.930734016E+00-1.809119107E+00
-1.686728012E+00-1.563679369E+00-1.440095839E+00-1.316104218E+00-1.191835480E+00
-1.067424753E+00-9.430112249E-01-8.187379762E-01-6.947517556E-01-5.712027109E-01
-4.482441077E-01-3.260320562E-01-2.047252864E-01-8.448500457E-02 3.452514713E-02
 1.521389694E-01 2.681874317E-01 3.824982281E-01 4.948951596E-01 6.051974295E-01
 7.132188484E-01 8.187671330E-01 9.216433572E-01 1.021641786E+00 1.118550222E+00
 1.212151087E+00 1.302223372E+00 1.388545568E+00 1.470899600E+00 1.549075670E+00
 1.622877808E+00-1.579205648E+00-1.625562571E+00-1.673227525E+00-1.722213112E+00
-1.772451245E+00-1.823236476E+00-1.874351434E+00-1.925799707E+00-1.977583341E+00
-2.029701650E+00-2.082151172E+00-2.134926173E+00-2.188019269E+00-2.241421838E+00
-2.295124637E+00-2.349118093E+00-2.403392673E+00-2.457939114E+00-2.512748639E+00
-2.567813188E+00-2.623125434E+00-2.678679023E+00-2.734468509E+00-2.790489572E+00
-2.846738898E+00-2.903214259E+00-2.959914472E+00-3.016839131E+00-3.073988255E+00
-3.131361010E+00-3.188952379E+00-3.246875001E+00-3.304642004E+00-3.361523743E+00
-3.416957174E+00-3.470714054E+00-3.522867610E+00-3.573618123E+00-3.623152371E+00
-3.671591887E+00-3.718994220E+00-3.765371773E+00-3.810656473E+00-3.854716304E+00
-3.897407352E+00-3.938573592E+00-3.978052003E+00-4.015675922E+00-4.051278591E+00
-4.084696155E+00-4.115769916E+00-4.144348149E+00-4.170287291E+00-4.193452496E+00
-4.213717869E+00-4.230966237E+00-4.245088739E+00-4.255984130E+00-4.263558082E+00
-4.267722621E+00-4.268395455E+00-4.265499751E+00-4.258964086E+00-4.248722500E+00
-4.234715078E+00-4.216888670E+00-4.195197893E+00-4.169606203E+00-4.140087189E+00
-4.106625581E+00-4.069218317E+00-4.027874990E+00-3.982617669E+00-3.933479607E+00
-3.880503568E+00-3.823734876E+00-3.763210774E+00-3.698966101E+00-3.630915211E+00
-3.558794691E+00-3.482006696E+00-3.399298203E+00-3.309198292E+00-3.212694151E+00
-3.112615970E+00-3.010641423E+00-2.906637603E+00-2.800735906E+00-2.693037772E+00
-2.583630417E+00-2.472602162E+00-2.360045243E+00-2.246056080E+00-2.130735377E+00
-2.014188274E+00-1.896524678E+00-1.777859581E+00-1.658313281E+00-1.538011684E+00
-1.417086515E+00-1.295675498E+00-1.173922437E+00-1.051977201E+00-9.299955867E-01
-8.081390480E-01-6.865742810E-01-5.654726940E-01-4.450097240E-01-3.253640750E-01
-2.067168595E-01-8.925072316E-02 2.685104296E-02 1.414053343E-01 2.542299723E-01
 3.651443183E-01 4.739697210E-01 5.805298190E-01 6.846506790E-01 7.861608113E-01
 8.848911385E-01 9.806749860E-01 1.073348183E+00 1.162749404E+00 1.248720850E+00
 1.331109356E+00 1.409767995E+00 1.484558188E+00 1.555352290E+00 1.622036549E+00
-1.576862713E+00-1.622879403E+00-1.670247581E+00-1.718958741E+00-1.769041709E+00
-1.819577355E+00-1.870424055E+00-1.921581994E+00-1.973042788E+00-2.024797290E+00
-2.076835338E+00-2.129145791E+00-2.181716711E+00-2.234535582E+00-2.287589575E+00
-2.340865921E+00-2.394352083E+00-2.448036008E+00-2.501906303E+00-2.555952426E+00
-2.610164786E+00-2.664534915E+00-2.719055488E+00-2.773720363E+00-2.828524714E+00
-2.883464997E+00-2.938538962E+00-2.993745700E+00-3.049085772E+00-3.104561736E+00
-3.160179773E+00-3.215954727E+00-3.271796105E+00-3.327037392E+00-3.380990079E+00
-3.433206378E+00-3.483569019E+00-3.532197403E+00-3.579283831E+00-3.624989152E+00
-3.669411762E+00-3.712592083E+00-3.754531684E+00-3.795169218E+00-3.834383034E+00
-3.872035554E+00-3.907982497E+00-3.942072894E+00-3.974153705E+00-4.004072122E+00
-4.031678029E+00-4.056825924E+00-4.079376388E+00-4.099196997E+00-4.116162962E+00
-4.130157381E+00-4.141071336E+00-4.148803637E+00-4.153260675E+00-4.154356221E+00
-4.152011217E+00-4.146153791E+00-4.136719399E+00-4.123650995E+00-4.106899496E+00
-4.086424307E+00-4.062193882E+00-4.034186500E+00-4.002390494E+00-3.966804122E+00
-3.927435269E+00-3.884300891E+00-3.837422923E+00-3.786820587E+00-3.732517057E+00
-3.674503828E+00-3.612648011E+00-3.546685495E+00-3.476042231E+00-3.399607211E+00
-3.316123612E+00-3.226284111E+00-3.132538696E+00-3.036806735E+00-2.938850004E+00
-2.838798718E+00-2.736731956E+00-2.632738483E+00-2.526907842E+00-2.419329110E+00
-2.310093088E+00-2.199293658E+00-2.087028947E+00-1.973402040E+00-1.858521547E+00
-1.742502292E+00-1.625465756E+00-1.507540608E+00-1.388863137E+00-1.269577620E+00
-1.149836598E+00-1.029801005E+00-9.096401603E-01-7.895315482E-01-6.696603956E-01
-5.502190167E-01-4.314059017E-01-3.134245766E-01-1.964822317E-01-8.078816902E-02
 3.344790633E-02 1.460176604E-01 2.567159247E-01 3.653424246E-01 4.717033661E-01
 5.756128407E-01 6.768939621E-01 7.753797592E-01 8.709137749E-01 9.633504172E-01
 1.052555109E+00 1.138404282E+00 1.220785299E+00 1.299596401E+00 1.374746752E+00
 1.446156634E+00 1.513757887E+00 1.577494573E+00 1.637323880E+00-1.576071274E+00
-1.621874126E+00-1.668996174E+00-1.717460433E+00-1.767147816E+00-1.817418197E+00
-1.868003074E+00-1.918878158E+00-1.970026752E+00-2.021432097E+00-2.073077118E+00
-2.124944512E+00-2.177016722E+00-2.229276252E+00-2.281705777E+00-2.334288343E+00
-2.387007654E+00-2.439848188E+00-2.492795433E+00-2.545835920E+00-2.598957500E+00
-2.652149284E+00-2.705401835E+00-2.758707228E+00-2.812059028E+00-2.865452335E+00
-2.918883815E+00-2.972351568E+00-3.025854956E+00-3.079394192E+00-3.132969082E+00
-3.186576022E+00-3.240310599E+00-3.293721946E+00-3.346096401E+00-3.396826239E+00
-3.445579994E+00-3.492321044E+00-3.537187682E+00-3.580355640E+00-3.621962322E+00
-3.662087601E+00-3.700758876E+00-3.737968493E+00-3.773665547E+00-3.807747942E+00
-3.840085830E+00-3.870546226E+00-3.898992249E+00-3.925284675E+00-3.949285462E+00
-3.970859239E+00-3.989874862E+00-4.006206729E+00-4.019735709E+00-4.030349763E+00
-4.037944332E+00-4.042422530E+00-4.043695300E+00-4.041681489E+00-4.036307989E+00
-4.027509904E+00-4.015230713E+00-3.999422417E+00-3.980045642E+00-3.957069558E+00
-3.930471922E+00-3.900239576E+00-3.866367560E+00-3.828855446E+00-3.787702635E+00
-3.742917226E+00-3.694495945E+00-3.642358511E+00-3.586348609E+00-3.526170311E+00
-3.461232382E+00-3.390515059E+00-3.313042721E+00-3.229534087E+00-3.142064664E+00
-3.052520025E+00-2.960609260E+00-2.866458727E+00-2.770126577E+00-2.671685824E+00
-2.571211419E+00-2.468781606E+00-2.364477575E+00-2.258383405E+00-2.150586738E+00
-2.041179518E+00-1.930259003E+00-1.817928428E+00-1.704297962E+00-1.589485456E+00
-1.473617242E+00-1.356828864E+00-1.239265777E+00-1.121083945E+00-1.002450311E+00
-8.835431062E-01-7.645519208E-01-6.456775236E-01-5.271313367E-01-4.091345700E-01
-2.919169298E-01-1.757149497E-01-6.076989049E-02 5.267469636E-02 1.643757108E-01
 2.740934417E-01 3.815945838E-01 4.866552169E-01 5.890635989E-01 6.886226660E-01
 7.851521312E-01 8.784901157E-01 9.684942574E-01 1.055042283E+00 1.138032078E+00
 1.217381283E+00 1.293026506E+00 1.364922210E+00 1.433039438E+00 1.497364429E+00
 1.557897280E+00 1.614650748E+00 1.667649231E+00-1.576417550E+00-1.622012388E+00
-1.668937434E+00-1.717205720E+00-1.766725286E+00-1.816790880E+00-1.867150334E+00
-1.917778269E+00-1.968650954E+00-2.019744443E+00-2.071034707E+00-2.122497797E+00
-2.174109954E+00-2.225847928E+00-2.277689066E+00-2.329611646E+00-2.381594934E+00
-2.433619399E+00-2.485666904E+00-2.537720725E+00-2.589765749E+00-2.641788548E+00
-2.693777417E+00-2.745722475E+00-2.797615679E+00-2.849450945E+00-2.901224069E+00
-2.952932900E+00-3.004577262E+00-3.056159114E+00-3.107682951E+00-3.159156872E+00
-3.210595934E+00-3.261907823E+00-3.312495064E+00-3.361668122E+00-3.408906331E+00
-3.453971507E+00-3.496875297E+00-3.537756227E+00-3.576770148E+00-3.614034408E+00
-3.649614967E+00-3.683531106E+00-3.715766644E+00-3.746279300E+00-3.774990345E+00
-3.801790743E+00-3.826557121E+00-3.849166084E+00-3.869495150E+00-3.887421952E+00
-3.902826738E+00-3.915594331E+00-3.925615056E+00-3.932785556E+00-3.937009254E+00
-3.938196822E+00-3.936266489E+00-3.931144291E+00-3.922764307E+00-3.911068872E+00
-3.896008883E+00-3.877543862E+00-3.855640866E+00-3.830272556E+00-3.801414943E+00
-3.769052000E+00-3.733178342E+00-3.693771103E+00-3.650761282E+00-3.604038370E+00
-3.553416307E+00-3.498543128E+00-3.438791128E+00-3.373240260E+00-3.301277799E+00
-3.223799358E+00-3.142528902E+00-3.059081733E+00-2.973171067E+00-2.884913129E+00
-2.794348883E+00-2.701536401E+00-2.606534533E+00-2.509405749E+00-2.410215682E+00
-2.309033525E+00-2.205932119E+00-2.100988390E+00-1.994283956E+00-1.885905859E+00
-1.775947472E+00-1.664509429E+00-1.551700642E+00-1.437639344E+00-1.322454169E+00
-1.206285217E+00-1.089285103E+00-9.716199100E-01-8.534700385E-01-7.350308271E-01
-6.165129348E-01-4.981423302E-01-3.801598599E-01-2.628202464E-01-1.463904943E-01
-3.114762068E-02 8.262428559E-02 1.946376460E-01 3.046055164E-01 4.122461082E-01
 5.172875017E-01 6.194723410E-01 7.185622774E-01 8.143419239E-01 9.066221769E-01
 9.952427291E-01 1.080073723E+00 1.161016462E+00 1.238003229E+00 1.310996218E+00
 1.379985666E+00 1.444987331E+00 1.506039447E+00 1.563199358E+00 1.616540052E+00
 1.666146782E+00 1.712114010E+00-1.577954246E+00-1.623373011E+00-1.670160174E+00
-1.718292066E+00-1.767810519E+00-1.817736393E+00-1.867930228E+00-1.918371284E+00
-1.969028634E+00-2.019870763E+00-2.070866126E+00-2.121983430E+00-2.173192019E+00
-2.224462190E+00-2.275765340E+00-2.327074303E+00-2.378363424E+00-2.429608734E+00
-2.480788083E+00-2.531881165E+00-2.582869747E+00-2.633737550E+00-2.684470469E+00
-2.735056587E+00-2.785486156E+00-2.835751795E+00-2.885848504E+00-2.935773647E+00
-2.985527186E+00-3.035111679E+00-3.084532435E+00-3.133797495E+00-3.182917284E+00
-3.231902771E+00-3.280442815E+00-3.327868227E+00-3.373550721E+00-3.417061326E+00
-3.458231925E+00-3.497098076E+00-3.533788172E+00-3.568438046E+00-3.601148963E+00
-3.631977409E+00-3.660939330E+00-3.688016687E+00-3.713167895E+00-3.736332208E+00
-3.757427039E+00-3.776354051E+00-3.793006010E+00-3.807273686E+00-3.819050912E+00
-3.828235726E+00-3.834730835E+00-3.838444177E+00-3.839289545E+00-3.837187084E+00
-3.832063549E+00-3.823852340E+00-3.812493428E+00-3.797933603E+00-3.780127385E+00
-3.759038619E+00-3.734636667E+00-3.706885528E+00-3.675732883E+00-3.641105777E+00
-3.602913041E+00-3.561011206E+00-3.515157475E+00-3.464944659E+00-3.409738154E+00
-3.348798585E+00-3.281961152E+00-3.210284736E+00-3.135111228E+00-3.057649489E+00
-2.977662287E+00-2.895249993E+00-2.810441927E+00-2.723283759E+00-2.633820388E+00
-2.542099421E+00-2.448170893E+00-2.352087546E+00-2.253905207E+00-2.153683131E+00
-2.051484565E+00-1.947377193E+00-1.841434014E+00-1.733734114E+00-1.624363754E+00
-1.513417467E+00-1.400999315E+00-1.287224255E+00-1.172219568E+00-1.056126381E+00
-9.391011983E-01-8.213174273E-01-7.029667947E-01-5.842606087E-01-4.654307034E-01
-3.467299701E-01-2.284322896E-01-1.108317073E-01 5.759313974E-03 1.210126995E-01
 2.345886990E-01 3.461409489E-01 4.553225290E-01 5.617927867E-01 6.652245774E-01
 7.653115230E-01 8.617748617E-01 9.543695383E-01 1.042889180E+00 1.127169823E+00
 1.207092196E+00 1.282582566E+00 1.353612113E+00 1.420194898E+00 1.482384489E+00
 1.540269422E+00 1.593967708E+00 1.643620689E+00 1.689386664E+00 1.731434632E+00
 1.769938612E+00-1.581025156E+00-1.626406868E+00-1.673119080E+00-1.721177943E+00
-1.770458753E+00-1.820296802E+00-1.870408131E+00-1.920747864E+00-1.971276172E+00
-2.021952626E+00-2.072736836E+00-2.123589118E+00-2.174470912E+00-2.225345246E+00
-2.276176949E+00-2.326932889E+00-2.377582060E+00-2.428095784E+00-2.478447612E+00
-2.528613556E+00-2.578571950E+00-2.628303651E+00-2.677791994E+00-2.727022815E+00
-2.775984642E+00-2.824668581E+00-2.873068606E+00-2.921181481E+00-2.969006992E+00
-3.016547989E+00-3.063810594E+00-3.110804244E+00-3.157541766E+00-3.204039438E+00
-3.250235349E+00-3.295629899E+00-3.339567693E+00-3.381492102E+00-3.421055289E+00
-3.458136376E+00-3.492777453E+00-3.525090945E+00-3.555193619E+00-3.583174126E+00
-3.609083524E+00-3.632938361E+00-3.654726237E+00-3.674411225E+00-3.691939748E+00
-3.707246990E+00-3.720258251E+00-3.730891197E+00-3.739059834E+00-3.744677855E+00
-3.747660988E+00-3.747928703E+00-3.745405312E+00-3.740020437E+00-3.731709049E+00
-3.720410574E+00-3.706067095E+00-3.688620615E+00-3.668009979E+00-3.644170779E+00
-3.617030970E+00-3.586495953E+00-3.552429506E+00-3.514627684E+00-3.472779175E+00
-3.426424584E+00-3.374992828E+00-3.318098087E+00-3.256124108E+00-3.190092338E+00
-3.120887208E+00-3.049280512E+00-2.975110120E+00-2.898459122E+00-2.819351759E+00
-2.737825235E+00-2.653914253E+00-2.567654721E+00-2.479083397E+00-2.388238453E+00
-2.295159787E+00-2.199889448E+00-2.102472100E+00-2.002955507E+00-1.901391185E+00
-1.797835122E+00-1.692348643E+00-1.584999436E+00-1.475862741E+00-1.365022695E+00
-1.252573877E+00-1.138623019E+00-1.023290907E+00-9.067144412E-01-7.890488457E-01
-6.704699812E-01-5.511766710E-01-4.313929675E-01-3.113701866E-01-1.913885052E-01
-7.175789251E-02 4.718196543E-02 1.650630593E-01 2.814921074E-01 3.960555181E-01
 5.083263720E-01 6.178732949E-01 7.242708612E-01 8.271108637E-01 9.260136767E-01
 1.020638915E+00 1.110694678E+00 1.195944929E+00 1.276214753E+00 1.351393440E+00
 1.421435387E+00 1.486358879E+00 1.546242758E+00 1.601221027E+00 1.651475474E+00
 1.697226594E+00 1.738723288E+00 1.776232004E+00 1.810026162E+00 1.840376675E+00
-1.585166994E+00-1.630519611E+00-1.677228442E+00-1.725303118E+00-1.774630191E+00
-1.824505167E+00-1.874646205E+00-1.925000479E+00-1.975516612E+00-2.026142666E+00
-2.076827316E+00-2.127520745E+00-2.178175341E+00-2.228745976E+00-2.279190389E+00
-2.329469146E+00-2.379545741E+00-2.429386613E+00-2.478961049E+00-2.528241204E+00
-2.577202140E+00-2.625821650E+00-2.674080473E+00-2.721962159E+00-2.769453221E+00
-2.816543175E+00-2.863224639E+00-2.909493467E+00-2.955348902E+00-3.000793794E+00
-3.045834788E+00-3.090482599E+00-3.134752382E+00-3.178664113E+00-3.222243120E+00
-3.265245597E+00-3.307107516E+00-3.347229985E+00-3.385131192E+00-3.420526931E+00
-3.453323302E+00-3.483556637E+00-3.511320003E+00-3.536711856E+00-3.559810093E+00
-3.580663272E+00-3.599291023E+00-3.615688540E+00-3.629831582E+00-3.641680756E+00
-3.651185331E+00-3.658286287E+00-3.662919347E+00-3.665017215E+00-3.664511374E+00
-3.661333210E+00-3.655414610E+00-3.646688105E+00-3.635086048E+00-3.620538682E+00
-3.602970785E+00-3.582296321E+00-3.558410887E+00-3.531179986E+00-3.500420465E+00
-3.465874588E+00-3.427188277E+00-3.383928684E+00-3.335720376E+00-3.282570718E+00
-3.225092299E+00-3.164070552E+00-3.100830624E+00-3.034981464E+00-2.966503773E+00
-2.895491045E+00-2.821978799E+00-2.746004296E+00-2.667598134E+00-2.586789010E+00
-2.503604304E+00-2.418070951E+00-2.330215884E+00-2.240066580E+00-2.147651408E+00
-2.053000149E+00-1.956144507E+00-1.857118600E+00-1.755959758E+00-1.652709241E+00
-1.547413220E+00-1.440123907E+00-1.330900877E+00-1.219812623E+00-1.106938360E+00
-9.923701190E-01-8.762151206E-01-7.585984853E-01-6.396662549E-01-5.195887316E-01
-3.985640817E-01-2.768221260E-01-1.546281351E-01-3.228643532E-02 8.985660285E-02
 2.114106497E-01 3.319412460E-01 4.509721196E-01 5.679907291E-01 6.824575408E-01
 7.938191660E-01 9.015247042E-01 1.005044076E+00 1.103886556E+00 1.197617730E+00
 1.285873570E+00 1.368370917E+00 1.444914383E+00 1.515399981E+00 1.579815882E+00
 1.638240505E+00 1.690837837E+00 1.737849707E+00 1.779584728E+00 1.816403932E+00
 1.848703726E+00 1.876897449E+00 1.901397382E+00 1.922599038E+00-1.590338030E+00
-1.635671747E+00-1.682464436E+00-1.730662537E+00-1.780313408E+00-1.830376471E+00
-1.880698902E+00-1.931224464E+00-1.981885071E+00-2.032613030E+00-2.083342984E+00
-2.134013024E+00-2.184565271E+00-2.234945971E+00-2.285105558E+00-2.334998419E+00
-2.384582776E+00-2.433820418E+00-2.482676639E+00-2.531119992E+00-2.579122281E+00
-2.626658453E+00-2.673706572E+00-2.720247862E+00-2.766266685E+00-2.811750660E+00
-2.856690738E+00-2.901081415E+00-2.944920830E+00-2.988211098E+00-3.030958552E+00
-3.073174181E+00-3.114874126E+00-3.156080244E+00-3.196820844E+00-3.237067502E+00
-3.276437691E+00-3.314369262E+00-3.350335970E+00-3.383929885E+00-3.414914956E+00
-3.443209334E+00-3.468835806E+00-3.491865680E+00-3.512378907E+00-3.530442646E+00
-3.546102688E+00-3.559382264E+00-3.570284224E+00-3.578794383E+00-3.584884819E+00
-3.588516913E+00-3.589643540E+00-3.588210948E+00-3.584159668E+00-3.577424689E+00
-3.567934918E+00-3.555611294E+00-3.540363095E+00-3.522082234E+00-3.500634641E+00
-3.475848673E+00-3.447501802E+00-3.415314475E+00-3.378971153E+00-3.338203734E+00
-3.292981409E+00-3.243689143E+00-3.190921719E+00-3.135121323E+00-3.076961603E+00
-3.016260354E+00-2.953089331E+00-2.887435435E+00-2.819300352E+00-2.748704349E+00
-2.675668645E+00-2.600214361E+00-2.522361146E+00-2.442127253E+00-2.359529733E+00
-2.274584631E+00-2.187307488E+00-2.097713475E+00-2.005817863E+00-1.911636412E+00
-1.815185827E+00-1.716484298E+00-1.615552164E+00-1.512412689E+00-1.407093030E+00
-1.299625362E+00-1.190048276E+00-1.078408442E+00-9.647625899E-01-8.491798862E-01
-7.317447452E-01-6.125601409E-01-4.917514901E-01-3.694711535E-01-2.459035997E-01
-1.212712340E-01 4.159192567E-03 1.300697558E-01 2.560845160E-01 3.817633163E-01
 5.065973013E-01 6.300076792E-01 7.513496728E-01 8.699236019E-01 9.849943087E-01
 1.095818400E+00 1.201676502E+00 1.301905930E+00 1.395929019E+00 1.483274174E+00
 1.563589076E+00 1.636647443E+00 1.702351470E+00 1.760731569E+00 1.811944102E+00
 1.856266646E+00 1.894089314E+00 1.925900284E+00 1.952264094E+00 1.973792936E+00
 1.991113522E+00 2.004834259E+00 2.015517954E+00-1.596823611E+00-1.642292222E+00
-1.689242668E+00-1.737684800E+00-1.787475039E+00-1.837894618E+00-1.888611336E+00
-1.939525102E+00-1.990541528E+00-2.041571015E+00-2.092530743E+00-2.143345260E+00
-2.193946298E+00-2.244272025E+00-2.294266461E+00-2.343878740E+00-2.393062688E+00
-2.441776255E+00-2.489981307E+00-2.537643333E+00-2.584731272E+00-2.631217376E+00
-2.677077229E+00-2.722289633E+00-2.766836684E+00-2.810703848E+00-2.853880003E+00
-2.896357689E+00-2.938133185E+00-2.979206879E+00-3.019583596E+00-3.059273005E+00
-3.098290181E+00-3.136656518E+00-3.174400537E+00-3.211559521E+00-3.247962021E+00
-3.283196000E+00-3.316746801E+00-3.348163480E+00-3.377104512E+00-3.403369035E+00
-3.426877719E+00-3.447634671E+00-3.465687114E+00-3.481094458E+00-3.493910242E+00
-3.504173589E+00-3.511906317E+00-3.517113057E+00-3.519782475E+00-3.519888913E+00
-3.517393367E+00-3.512243828E+00-3.504374608E+00-3.493704321E+00-3.480132556E+00
-3.463535455E+00-3.443760188E+00-3.420620465E+00-3.393900811E+00-3.363381896E+00
-3.328897852E+00-3.290445733E+00-3.248288197E+00-3.202806721E+00-3.154302156E+00
-3.103551430E+00-3.050292853E+00-2.994502087E+00-2.936252883E+00-2.875563707E+00
-2.812455291E+00-2.746938779E+00-2.679023374E+00-2.608719327E+00-2.536037005E+00
-2.460986134E+00-2.383575242E+00-2.303811438E+00-2.221700285E+00-2.137245929E+00
-2.050451200E+00-1.961317725E+00-1.869846269E+00-1.776036909E+00-1.679889477E+00
-1.581403937E+00-1.480580942E+00-1.377422496E+00-1.271932782E+00-1.164119212E+00
-1.053993709E+00-9.415743134E-01-8.268871698E-01-7.099689785E-01-5.908700194E-01
-4.696578450E-01-3.464218306E-01-2.212786848E-01-9.437914599E-02 3.408396208E-02
 1.638661286E-01 2.946598893E-01 4.260819236E-01 5.576589307E-01 6.888133838E-01
 8.188515438E-01 9.469579751E-01 1.072202775E+00 1.193568223E+00 1.309997682E+00
 1.420460807E+00 1.524019947E+00 1.619881465E+00 1.707424287E+00 1.786208709E+00
 1.855974028E+00 1.916633023E+00 1.968268138E+00 2.011130752E+00 2.045642156E+00
 2.072391690E+00 2.092125489E+00 2.105718046E+00 2.114122076E+00 2.118301362E+00
 2.119161592E+00 2.117497384E+00-1.603889088E+00-1.649442649E+00-1.696653046E+00
-1.745530568E+00-1.795904221E+00-1.847000398E+00-1.898430752E+00-1.950042871E+00
-2.001701766E+00-2.053289857E+00-2.104706383E+00-2.155864457E+00-2.206688352E+00
-2.257111158E+00-2.307073099E+00-2.356520227E+00-2.405403673E+00-2.453678929E+00
-2.501305475E+00-2.548246419E+00-2.594468412E+00-2.639941381E+00-2.684638566E+00
-2.728536443E+00-2.771614685E+00-2.813856357E+00-2.855247875E+00-2.895779164E+00
-2.935443887E+00-2.974239601E+00-3.012168130E+00-3.049235906E+00-3.085454478E+00
-3.120841226E+00-3.155420083E+00-3.189222594E+00-3.222247073E+00-3.254220244E+00
-3.284743867E+00-3.313376609E+00-3.339744974E+00-3.363565921E+00-3.384664977E+00
-3.402960138E+00-3.418434217E+00-3.431106397E+00-3.441010065E+00-3.448177193E+00
-3.452629522E+00-3.454373990E+00-3.453400230E+00-3.449679311E+00-3.443162655E+00
-3.433780911E+00-3.421442386E+00-3.406031361E+00-3.387411516E+00-3.365436922E+00
-3.339978043E+00-3.310957351E+00-3.278408891E+00-3.242527502E+00-3.203565066E+00
-3.161693943E+00-3.117644014E+00-3.071163529E+00-3.022217379E+00-2.970881307E+00
-2.917160526E+00-2.861062458E+00-2.802604775E+00-2.741801874E+00-2.678665459E+00
-2.613203842E+00-2.545422721E+00-2.475325893E+00-2.402915452E+00-2.328191610E+00
-2.251152642E+00-2.171794674E+00-2.090111621E+00-2.006095170E+00-1.919734785E+00
-1.831017735E+00-1.739929196E+00-1.646452380E+00-1.550568706E+00-1.452258043E+00
-1.351499045E+00-1.248269573E+00-1.142547282E+00-1.034310389E+00-9.235386608E-01
-8.102147316E-01-6.943257893E-01-5.758657708E-01-4.548381716E-01-3.312596775E-01
-2.051647798E-01-7.661168806E-02 5.431012443E-02 1.874703205E-01 3.226854361E-01
 4.597032424E-01 5.981827939E-01 7.376691596E-01 8.775619903E-01 1.017078410E+00
 1.155214683E+00 1.290720311E+00 1.422112933E+00 1.547768120E+00 1.666084827E+00
 1.775660694E+00 1.875395464E+00 1.964505035E+00 2.042486120E+00 2.109073066E+00
 2.164207779E+00 2.208028340E+00 2.240875421E+00 2.263314021E+00 2.276163909E+00
 2.280524507E+00 2.277764830E+00 2.269440014E+00 2.257124374E+00 2.242221456E+00
 2.225844130E+00-1.611002417E+00-1.656473348E+00-1.704052847E+00-1.753689232E+00
-1.805291056E+00-1.857608265E+00-1.910268076E+00-1.963029232E+00-2.015706669E+00
-2.068164194E+00-2.120295911E+00-2.172014818E+00-2.223246408E+00-2.273924994E+00
-2.323991513E+00-2.373392213E+00-2.422077799E+00-2.470002987E+00-2.517125999E+00
-2.563408526E+00-2.608815419E+00-2.653314685E+00-2.696877453E+00-2.739477874E+00
-2.781093237E+00-2.821703914E+00-2.861293531E+00-2.899848949E+00-2.937360424E+00
-2.973821772E+00-3.009230572E+00-3.043588354E+00-3.076900991E+00-3.109179139E+00
-3.140438746E+00-3.170702134E+00-3.199999493E+00-3.228213592E+00-3.255065689E+00
-3.280199128E+00-3.303247701E+00-3.323910306E+00-3.341954649E+00-3.357225965E+00
-3.369635992E+00-3.379143745E+00-3.385735934E+00-3.389410580E+00-3.390165069E+00
-3.387988044E+00-3.382854026E+00-3.374720559E+00-3.363529938E+00-3.349215970E+00
-3.331716047E+00-3.310979266E+00-3.286992626E+00-3.259810419E+00-3.229599853E+00
-3.196518793E+00-3.160667399E+00-3.122638788E+00-3.082241705E+00-3.039452221E+00
-2.994347206E+00-2.946934389E+00-2.897221774E+00-2.845227576E+00-2.790964933E+00
-2.734444637E+00-2.675676551E+00-2.614668543E+00-2.551425902E+00-2.485951051E+00
-2.418243601E+00-2.348300299E+00-2.276115253E+00-2.201679665E+00-2.124981929E+00
-2.046007455E+00-1.964738530E+00-1.881154325E+00-1.795230704E+00-1.706940209E+00
-1.616251968E+00-1.523131633E+00-1.427541348E+00-1.329439727E+00-1.228781887E+00
-1.125519548E+00-1.019601200E+00-9.109724255E-01-7.995763748E-01-6.853544808E-01
-5.682475114E-01-4.481970347E-01-3.251474713E-01-1.990488977E-01-6.986085686E-02
 6.244251283E-02 1.978655906E-01 3.363820556E-01 4.779224897E-01 6.223575851E-01
 7.694750262E-01 9.189469301E-01 1.070282592E+00 1.222757568E+00 1.375305141E+00
 1.526356701E+00 1.673665547E+00 1.814341812E+00 1.945441628E+00 2.064727034E+00
 2.170829362E+00 2.262994472E+00 2.340836855E+00 2.404200817E+00 2.453099900E+00
 2.487704548E+00 2.508365235E+00 2.515670367E+00 2.510548770E+00 2.494429722E+00
 2.469438201E+00 2.438421215E+00 2.404409993E+00 2.369764498E+00 2.335891125E+00
-1.617143410E+00-1.661872862E+00-1.709834653E+00-1.761129833E+00-1.815031370E+00
-1.869801414E+00-1.924551097E+00-1.979039709E+00-2.033146871E+00-2.086784446E+00
-2.139878181E+00-2.192361653E+00-2.244173589E+00-2.295256789E+00-2.345557481E+00
-2.395025033E+00-2.443611776E+00-2.491272872E+00-2.537966331E+00-2.583652894E+00
-2.628296172E+00-2.671862466E+00-2.714320969E+00-2.755643621E+00-2.795805193E+00
-2.834783363E+00-2.872558677E+00-2.909114605E+00-2.944437642E+00-2.978517226E+00
-3.011345918E+00-3.042919358E+00-3.073236266E+00-3.102298541E+00-3.130111009E+00
-3.156681304E+00-3.182018940E+00-3.206133296E+00-3.228799945E+00-3.249764174E+00
-3.268731743E+00-3.285407748E+00-3.299548484E+00-3.310966594E+00-3.319524401E+00
-3.325127637E+00-3.327714857E+00-3.327245813E+00-3.323693127E+00-3.317038079E+00
-3.307268966E+00-3.294376623E+00-3.278365390E+00-3.259277296E+00-3.237236199E+00
-3.212347765E+00-3.184695197E+00-3.154363272E+00-3.121787026E+00-3.086856221E+00
-3.049573882E+00-3.010019338E+00-2.968213885E+00-2.924176745E+00-2.877934561E+00
-2.829507349E+00-2.778911388E+00-2.726161190E+00-2.671268401E+00-2.614241857E+00
-2.555087585E+00-2.493808587E+00-2.430404747E+00-2.364872540E+00-2.297205104E+00
-2.227391997E+00-2.155419344E+00-2.081269589E+00-2.004921514E+00-1.926350028E+00
-1.845526127E+00-1.762416636E+00-1.676984069E+00-1.589186406E+00-1.498976859E+00
-1.406303600E+00-1.311109475E+00-1.213331691E+00-1.112901471E+00-1.009743724E+00
-9.037766948E-01-7.949116523E-01-6.830526444E-01-5.680963424E-01-4.499320659E-01
-3.284420559E-01-2.035021185E-01-7.498281199E-02 5.724864770E-02 1.933254551E-01
 3.333769251E-01 4.775223707E-01 6.258625282E-01 7.784676728E-01 9.353610649E-01
 1.096495517E+00 1.261718665E+00 1.430717382E+00 1.602916607E+00 1.777253698E+00
 1.951463023E+00 2.118979931E+00 2.270495682E+00 2.403568966E+00 2.518090497E+00
 2.614210951E+00 2.692092573E+00 2.751876022E+00 2.793680720E+00 2.817625409E+00
 2.823874525E+00 2.812707815E+00 2.784621974E+00 2.740535053E+00 2.682409824E+00
 2.616059474E+00 2.551813639E+00 2.493011372E+00 2.439580338E+00-1.623551944E+00
-1.666698582E+00-1.715094863E+00-1.768858279E+00-1.827035123E+00-1.885310541E+00
-1.942646782E+00-1.999176205E+00-2.054948349E+00-2.109960288E+00-2.164184855E+00
-2.217583316E+00-2.270111355E+00-2.321722253E+00-2.372368692E+00-2.422003798E+00
-2.470581938E+00-2.518059067E+00-2.564393080E+00-2.609544078E+00-2.653474372E+00
-2.696148756E+00-2.737534461E+00-2.777601221E+00-2.816321345E+00-2.853669741E+00
-2.889623873E+00-2.924163762E+00-2.957272028E+00-2.988933711E+00-3.019136313E+00
-3.047869525E+00-3.075125113E+00-3.100896526E+00-3.125178630E+00-3.147967200E+00
-3.169258497E+00-3.189049381E+00-3.207227330E+00-3.223583186E+00-3.237887970E+00
-3.249908263E+00-3.259422527E+00-3.266240208E+00-3.270212100E+00-3.271230602E+00
-3.269225008E+00-3.264152919E+00-3.256002342E+00-3.244800927E+00-3.230632017E+00
-3.213549594E+00-3.193601871E+00-3.170837290E+00-3.145738245E+00-3.118214109E+00
-3.088263624E+00-3.055937149E+00-3.021325874E+00-2.984474309E+00-2.945421691E+00
-2.904210071E+00-2.860873744E+00-2.815441855E+00-2.767940349E+00-2.718391026E+00
-2.666811731E+00-2.613216554E+00-2.557615839E+00-2.500016119E+00-2.440420086E+00
-2.378826558E+00-2.315230361E+00-2.249622331E+00-2.181989135E+00-2.112313276E+00
-2.040573052E+00-1.966742361E+00-1.890790718E+00-1.812682990E+00-1.732379282E+00
-1.649834682E+00-1.564998977E+00-1.477816327E+00-1.388224853E+00-1.296156175E+00
-1.201534861E+00-1.104277781E+00-1.004293383E+00-9.014808673E-01-7.957292368E-01
-6.869162724E-01-5.749073860E-01-4.595543870E-01-3.406941952E-01-2.181475098E-01
-9.171753207E-02 3.881120111E-02 1.736737181E-01 3.131250929E-01 4.574403056E-01
 6.069132656E-01 7.618548659E-01 9.225900963E-01 1.089454734E+00 1.262793129E+00
 1.442960842E+00 1.630341213E+00 1.825399863E+00 2.028848745E+00 2.241969010E+00
 2.445102810E+00 2.618414012E+00 2.765088379E+00 2.885364269E+00 2.983044952E+00
 3.060024490E+00 3.116536958E+00 3.151279823E+00 3.162036745E+00 3.151228609E+00
 3.119671485E+00 3.066720540E+00 2.990048537E+00 2.886027200E+00 2.771883679E+00
 2.677137221E+00 2.595974832E+00 2.525059416E+00-1.637444092E+00-1.680540053E+00
-1.729695086E+00-1.785052909E+00-1.846416502E+00-1.906961175E+00-1.966376346E+00
-2.024767333E+00-2.082170375E+00-2.138591576E+00-2.194015958E+00-2.248414824E+00
-2.301751122E+00-2.353982943E+00-2.405065871E+00-2.454954663E+00-2.503604266E+00
-2.550970461E+00-2.597010502E+00-2.641683311E+00-2.684949802E+00-2.726773005E+00
-2.767118156E+00-2.805952781E+00-2.843246727E+00-2.878972149E+00-2.913103549E+00
-2.945617711E+00-2.976493630E+00-3.005712376E+00-3.033256916E+00-3.059111826E+00
-3.083262920E+00-3.105696656E+00-3.126399449E+00-3.145356670E+00-3.162551034E+00
-3.177960742E+00-3.191555817E+00-3.203153030E+00-3.212566397E+00-3.219615383E+00
-3.224131579E+00-3.225968631E+00-3.225012000E+00-3.221188130E+00-3.214477140E+00
-3.204861630E+00-3.192339313E+00-3.176916720E+00-3.158985869E+00-3.138495023E+00
-3.115458541E+00-3.089935873E+00-3.062034037E+00-3.031812019E+00-2.999320897E+00
-2.964615275E+00-2.927752994E+00-2.888785655E+00-2.847759707E+00-2.804717545E+00
-2.759696664E+00-2.712729619E+00-2.663844274E+00-2.613063784E+00-2.560406538E+00
-2.505886198E+00-2.449511696E+00-2.391287294E+00-2.331212471E+00-2.269281954E+00
-2.205485766E+00-2.139809063E+00-2.072232255E+00-2.002730868E+00-1.931275591E+00
-1.857832087E+00-1.782360974E+00-1.704817623E+00-1.625151959E+00-1.543308184E+00
-1.459224424E+00-1.372832300E+00-1.284056379E+00-1.192813529E+00-1.099012128E+00
-1.002551138E+00-9.033189888E-01-8.011922848E-01-6.960342718E-01-5.876930638E-01
-4.759995698E-01-3.607651067E-01-2.417786630E-01-1.188037582E-01 8.425083059E-03
 1.402062726E-01 2.768754713E-01 4.188102015E-01 5.664346597E-01 7.202245589E-01
 8.807119341E-01 1.048490079E+00 1.224219389E+00 1.408636318E+00 1.602570114E+00
 1.806975880E+00 2.022997190E+00 2.252080091E+00 2.488222868E+00 2.694592401E+00
 2.872426292E+00 3.023601082E+00 3.146935424E+00 3.242866311E+00 3.315136210E+00
 3.364490754E+00 3.390698871E+00 3.390470026E+00 3.362705304E+00 3.309673614E+00
 3.230673581E+00 3.123928144E+00 2.986610873E+00 2.862908540E+00 2.755851189E+00
 2.662724468E+00 2.581113846E+00-1.660185239E+00-1.704150473E+00-1.754421328E+00
-1.811121739E+00-1.873334009E+00-1.935556105E+00-1.996693409E+00-2.056737210E+00
-2.115673431E+00-2.173480042E+00-2.230126812E+00-2.285576714E+00-2.339787776E+00
-2.392714868E+00-2.444311272E+00-2.494529727E+00-2.543323399E+00-2.590646325E+00
-2.636453976E+00-2.680703529E+00-2.723353963E+00-2.764366328E+00-2.803703731E+00
-2.841331391E+00-2.877216714E+00-2.911329298E+00-2.943640853E+00-2.974125218E+00
-3.002758289E+00-3.029517841E+00-3.054383352E+00-3.077335679E+00-3.098356606E+00
-3.117428230E+00-3.134532122E+00-3.149648149E+00-3.162752983E+00-3.173817846E+00
-3.182805788E+00-3.189667745E+00-3.194187042E+00-3.196256523E+00-3.195769168E+00
-3.192629874E+00-3.186760396E+00-3.178096149E+00-3.166851640E+00-3.152978735E+00
-3.136478364E+00-3.117391549E+00-3.095806862E+00-3.071782358E+00-3.045374309E+00
-3.016646173E+00-2.985667903E+00-2.952505381E+00-2.917220886E+00-2.879874660E+00
-2.840524642E+00-2.799225185E+00-2.756026300E+00-2.710973370E+00-2.664106815E+00
-2.615461785E+00-2.565068044E+00-2.512949910E+00-2.459126062E+00-2.403609561E+00
-2.346407887E+00-2.287522821E+00-2.226950547E+00-2.164681666E+00-2.100701240E+00
-2.034988767E+00-1.967518339E+00-1.898258578E+00-1.827172660E+00-1.754218292E+00
-1.679347625E+00-1.602507130E+00-1.523637399E+00-1.442672845E+00-1.359541337E+00
-1.274163702E+00-1.186453088E+00-1.096314197E+00-1.003642332E+00-9.083222245E-01
-8.102266486E-01-7.092147302E-01-6.051299408E-01-4.977976822E-01-3.870224216E-01
-2.725842630E-01-1.542348566E-01-3.169253381E-02 9.536345974E-02 2.272997816E-01
 3.645369625E-01 5.075585849E-01 6.569216260E-01 8.132676617E-01 9.773343612E-01
 1.149966274E+00 1.332123660E+00 1.524888222E+00 1.729465736E+00 1.947187200E+00
 2.179511028E+00 2.427288415E+00 2.660230162E+00 2.862297093E+00 3.034182796E+00
 3.179228241E+00 3.298784811E+00 3.393020274E+00 3.460261199E+00 3.499940764E+00
 3.513935823E+00 3.501982923E+00 3.462637846E+00 3.392616648E+00 3.290006549E+00
 3.155674408E+00 3.015996844E+00 2.892717669E+00 2.783899981E+00 2.687729747E+00
 2.602495596E+00-1.688880222E+00-1.734169819E+00-1.785819206E+00-1.843982874E+00
-1.907370359E+00-1.971195989E+00-2.033977356E+00-2.095620161E+00-2.156070397E+00
-2.215275826E+00-2.273183953E+00-2.329741608E+00-2.384895136E+00-2.438590882E+00
-2.490775712E+00-2.541397484E+00-2.590405448E+00-2.637750580E+00-2.683385639E+00
-2.727265417E+00-2.769346666E+00-2.809588227E+00-2.847950979E+00-2.884397833E+00
-2.918893794E+00-2.951405960E+00-2.981903463E+00-3.010357586E+00-3.036741589E+00
-3.061030765E+00-3.083202192E+00-3.103234574E+00-3.121107895E+00-3.136802796E+00
-3.150300036E+00-3.161579482E+00-3.170618890E+00-3.177392603E+00-3.181869794E+00
-3.184013024E+00-3.183639181E+00-3.180800407E+00-3.175433301E+00-3.167492947E+00
-3.156955006E+00-3.143821146E+00-3.128131612E+00-3.109916595E+00-3.089213550E+00
-3.066072742E+00-3.040556429E+00-3.012729545E+00-2.982659114E+00-2.950414547E+00
-2.916066743E+00-2.879685946E+00-2.841340692E+00-2.801097038E+00-2.759017979E+00
-2.715162616E+00-2.669585592E+00-2.622336396E+00-2.573459015E+00-2.522991543E+00
-2.470965896E+00-2.417407554E+00-2.362335527E+00-2.305762195E+00-2.247693276E+00
-2.188127936E+00-2.127058774E+00-2.064471914E+00-2.000347147E+00-1.934658082E+00
-1.867372216E+00-1.798451090E+00-1.727850372E+00-1.655519908E+00-1.581403722E+00
-1.505439957E+00-1.427560720E+00-1.347691842E+00-1.265752522E+00-1.181654828E+00
-1.095303060E+00-1.006592922E+00-9.154104991E-01-8.216309846E-01-7.251171278E-01
-6.257173487E-01-5.232634361E-01-4.175677727E-01-3.084199477E-01-1.955826547E-01
-7.878666469E-02 4.227530666E-02 1.679561365E-01 2.986635502E-01 4.348714821E-01
 5.771339460E-01 7.261017260E-01 8.825419463E-01 1.047359790E+00 1.221620177E+00
 1.406564659E+00 1.603615581E+00 1.814358149E+00 2.040495194E+00 2.283840269E+00
 2.529472952E+00 2.748441575E+00 2.940834226E+00 3.103323748E+00 3.238701423E+00
 3.349684645E+00 3.436541071E+00 3.498457830E+00 3.530656221E+00 3.534722907E+00
 3.511775269E+00 3.460477932E+00 3.378380847E+00 3.259145996E+00 3.114801907E+00
 2.985101276E+00 2.869113069E+00 2.765396612E+00 2.672577697E+00 2.589376424E+00
-1.722156130E+00-1.768912551E+00-1.822217174E+00-1.882164211E+00-1.948306057E+00
-2.013965902E+00-2.078486563E+00-2.141809988E+00-2.203853783E+00-2.264540111E+00
-2.323795087E+00-2.381548313E+00-2.437732435E+00-2.492283217E+00-2.545139369E+00
-2.596242489E+00-2.645537138E+00-2.692970552E+00-2.738492565E+00-2.782055488E+00
-2.823613824E+00-2.863124304E+00-2.900545558E+00-2.935838309E+00-2.968965138E+00
-2.999890644E+00-3.028581498E+00-3.055006464E+00-3.079136592E+00-3.100945124E+00
-3.120407643E+00-3.137501963E+00-3.152207970E+00-3.164507391E+00-3.174383311E+00
-3.181819665E+00-3.186800390E+00-3.189308357E+00-3.189324014E+00-3.186823217E+00
-3.181773625E+00-3.174166558E+00-3.163993528E+00-3.151253664E+00-3.135957700E+00
-3.118130264E+00-3.097809976E+00-3.075043729E+00-3.049886358E+00-3.022400396E+00
-2.992655134E+00-2.960724340E+00-2.926684711E+00-2.890614860E+00-2.852593999E+00
-2.812700722E+00-2.771011939E+00-2.727601824E+00-2.682540911E+00-2.635895352E+00
-2.587726032E+00-2.538088078E+00-2.487030145E+00-2.434594012E+00-2.380814248E+00
-2.325717844E+00-2.269324177E+00-2.211644778E+00-2.152683424E+00-2.092436163E+00
-2.030891466E+00-1.968030439E+00-1.903827001E+00-1.838248158E+00-1.771254285E+00
-1.702799350E+00-1.632831167E+00-1.561291568E+00-1.488116533E+00-1.413236247E+00
-1.336575063E+00-1.258051340E+00-1.177577179E+00-1.095058005E+00-1.010391977E+00
-9.234692227E-01-8.341708515E-01-7.423677243E-01-6.479189149E-01-5.506698536E-01
-4.504500194E-01-3.470701556E-01-2.403188379E-01-1.299582649E-01-1.571904989E-02
 1.027062662E-01 2.256713713E-01 3.535865287E-01 4.869318588E-01 6.262745157E-01
 7.722911635E-01 9.257973907E-01 1.087785975E+00 1.259474807E+00 1.442360917E+00
 1.638264210E+00 1.849320480E+00 2.077867676E+00 2.323247217E+00 2.547422251E+00
 2.745273196E+00 2.919190226E+00 3.069789727E+00 3.196602464E+00 3.297865462E+00
 3.374195535E+00 3.426618065E+00 3.454318649E+00 3.455232883E+00 3.425817808E+00
 3.364877639E+00 3.271474173E+00 3.144356866E+00 3.017653999E+00 2.903364567E+00
 2.800070785E+00 2.706588783E+00 2.621883687E+00 2.545032659E+00-1.762597878E+00
-1.811403463E+00-1.866748077E+00-1.928716183E+00-1.996417420E+00-2.064053852E+00
-2.130517791E+00-2.195704058E+00-2.259505866E+00-2.321823325E+00-2.382563230E+00
-2.441638871E+00-2.498969713E+00-2.554481060E+00-2.608103754E+00-2.659773558E+00
-2.709430793E+00-2.757019690E+00-2.802487873E+00-2.845785833E+00-2.886866444E+00
-2.925684675E+00-2.962197315E+00-2.996362837E+00-3.028141384E+00-3.057494898E+00
-3.084387261E+00-3.108784543E+00-3.130655294E+00-3.149970740E+00-3.166705207E+00
-3.180836119E+00-3.192344332E+00-3.201214035E+00-3.207432806E+00-3.210991402E+00
-3.211883527E+00-3.210105653E+00-3.205656772E+00-3.198538707E+00-3.188757271E+00
-3.176326143E+00-3.161266134E+00-3.143606156E+00-3.123384363E+00-3.100648556E+00
-3.075455997E+00-3.047872083E+00-3.017969498E+00-2.985827164E+00-2.951529179E+00
-2.915163516E+00-2.876820684E+00-2.836592570E+00-2.794571100E+00-2.750847153E+00
-2.705509320E+00-2.658642862E+00-2.610328678E+00-2.560642358E+00-2.509653293E+00
-2.457423895E+00-2.404008944E+00-2.349455023E+00-2.293799994E+00-2.237072847E+00
-2.179293287E+00-2.120471817E+00-2.060609794E+00-1.999699427E+00-1.937724227E+00
-1.874659182E+00-1.810471257E+00-1.745119772E+00-1.678556878E+00-1.610728000E+00
-1.541572275E+00-1.471022917E+00-1.399007539E+00-1.325448374E+00-1.250262402E+00
-1.173361346E+00-1.094651548E+00-1.014033690E+00-9.314023416E-01-8.466453417E-01
-7.596429686E-01-6.702668698E-01-5.783787601E-01-4.838287845E-01-3.864535430E-01
-2.860736767E-01-1.824909253E-01-7.548451657E-02 3.519327751E-02 1.498226938E-01
 2.687234912E-01 3.922639654E-01 5.208727767E-01 6.550548631E-01 7.954135576E-01
 9.426824952E-01 1.097773860E+00 1.261855191E+00 1.436477832E+00 1.623793083E+00
 1.826847692E+00 2.049924916E+00 2.271232711E+00 2.470225514E+00 2.643597619E+00
 2.796623239E+00 2.930408460E+00 3.044950685E+00 3.138188457E+00 3.205374854E+00
 3.250776050E+00 3.274274735E+00 3.274481838E+00 3.247286940E+00 3.185350572E+00
 3.089491535E+00 2.977095718E+00 2.874720412E+00 2.780899039E+00 2.694619103E+00
 2.615172484E+00 2.541989030E+00 2.474565088E+00-1.808849233E+00-1.860182056E+00
-1.917966658E+00-1.982312105E+00-2.051851994E+00-2.121758868E+00-2.190456761E+00
-2.257768878E+00-2.323565060E+00-2.387724725E+00-2.450136609E+00-2.510699039E+00
-2.569319646E+00-2.625915009E+00-2.680409907E+00-2.732736424E+00-2.782832842E+00
-2.830642522E+00-2.876112875E+00-2.919194256E+00-2.959839269E+00-2.998002087E+00
-3.033638046E+00-3.066703469E+00-3.097155765E+00-3.124953564E+00-3.150057163E+00
-3.172428988E+00-3.192034084E+00-3.208840886E+00-3.222821625E+00-3.233953030E+00
-3.242216711E+00-3.247599629E+00-3.250094419E+00-3.249699474E+00-3.246419289E+00
-3.240264404E+00-3.231251679E+00-3.219404637E+00-3.204753893E+00-3.187338087E+00
-3.167204053E+00-3.144407053E+00-3.119011015E+00-3.091088271E+00-3.060719122E+00
-3.027991172E+00-2.992998361E+00-2.955840036E+00-2.916619787E+00-2.875444401E+00
-2.832422566E+00-2.787663665E+00-2.741276559E+00-2.693368288E+00-2.644042887E+00
-2.593400130E+00-2.541534480E+00-2.488533794E+00-2.434478505E+00-2.379440504E+00
-2.323482417E+00-2.266656872E+00-2.209006035E+00-2.150561140E+00-2.091342303E+00
-2.031358552E+00-1.970607931E+00-1.909077714E+00-1.846744962E+00-1.783576976E+00
-1.719531962E+00-1.654559735E+00-1.588602437E+00-1.521595269E+00-1.453467188E+00
-1.384141552E+00-1.313536674E+00-1.241566284E+00-1.168139859E+00-1.093162839E+00
-1.016536687E+00-9.381587842E-01-8.579222051E-01-7.757152767E-01-6.914210073E-01
-6.049162959E-01-5.160709725E-01-4.247465949E-01-3.307950306E-01-2.340567493E-01
-1.343587958E-01-3.151240313E-02 7.468987037E-02 1.844775557E-01 2.981064102E-01
 4.158634951E-01 5.380734965E-01 6.651068496E-01 7.973904623E-01 9.354225990E-01
 1.079794831E+00 1.231227465E+00 1.390634463E+00 1.559269104E+00 1.739208207E+00
 1.930509590E+00 2.109032064E+00 2.273902090E+00 2.424180183E+00 2.558097188E+00
 2.673772745E+00 2.771964753E+00 2.853103385E+00 2.916570549E+00 2.960580116E+00
 2.983061403E+00 2.984392460E+00 2.964188396E+00 2.920261647E+00 2.848154032E+00
 2.773249808E+00 2.700407624E+00 2.630366835E+00 2.563561431E+00 2.500219424E+00
 2.440429484E+00 2.384182619E+00-1.859559795E+00-1.913658696E+00-1.974330245E+00
-2.041597755E+00-2.114804889E+00-2.187498857E+00-2.258802765E+00-2.328577738E+00
-2.396670270E+00-2.462938287E+00-2.527252601E+00-2.589497570E+00-2.649571075E+00
-2.707383983E+00-2.762858804E+00-2.815928125E+00-2.866532534E+00-2.914618688E+00
-2.960137406E+00-3.003042010E+00-3.043287039E+00-3.080827269E+00-3.115617221E+00
-3.147610931E+00-3.176762187E+00-3.203025024E+00-3.226354353E+00-3.246706904E+00
-3.264042237E+00-3.278323806E+00-3.289519970E+00-3.297605013E+00-3.302560064E+00
-3.304373882E+00-3.303043485E+00-3.298574608E+00-3.290982170E+00-3.280290375E+00
-3.266532977E+00-3.249753343E+00-3.230004507E+00-3.207349135E+00-3.181859485E+00
-3.153617019E+00-3.122712072E+00-3.089243255E+00-3.053316814E+00-3.015045716E+00
-2.974548783E+00-2.931949564E+00-2.887375347E+00-2.840955978E+00-2.792822583E+00
-2.743106383E+00-2.691937401E+00-2.639443059E+00-2.585746926E+00-2.530967222E+00
-2.475215599E+00-2.418595704E+00-2.361201943E+00-2.303118356E+00-2.244417567E+00
-2.185159878E+00-2.125392667E+00-2.065149844E+00-2.004451773E+00-1.943305140E+00
-1.881703346E+00-1.819626926E+00-1.757044248E+00-1.693912380E+00-1.630178065E+00
-1.565778798E+00-1.500643934E+00-1.434695800E+00-1.367850757E+00-1.300020197E+00
-1.231111408E+00-1.161028330E+00-1.089672144E+00-1.016941718E+00-9.427338854E-01
-8.669435629E-01-7.894637146E-01-7.101851734E-01-6.289963192E-01-5.457826212E-01
-4.604260764E-01-3.728045312E-01-2.827909121E-01-1.902523722E-01-9.504939701E-02
 2.965127917E-03 1.039468144E-01 2.080605630E-01 3.154811098E-01 4.263931131E-01
 5.409903911E-01 6.594736022E-01 7.820451175E-01 9.088985420E-01 1.040197669E+00
 1.176033125E+00 1.316328383E+00 1.460624406E+00 1.607599728E+00 1.754392109E+00
 1.896964371E+00 2.031798627E+00 2.156509290E+00 2.269497118E+00 2.369620080E+00
 2.456008781E+00 2.527966940E+00 2.584919172E+00 2.626391222E+00 2.652024263E+00
 2.661645102E+00 2.655456036E+00 2.634487892E+00 2.601339574E+00 2.560066334E+00
 2.514399070E+00 2.466810812E+00 2.418825556E+00 2.371400221E+00 2.325146062E+00
 2.280451028E+00-1.917139782E+00-1.974750536E+00-2.038901287E+00-2.109584138E+00
-2.185930818E+00-2.261828878E+00-2.336193273E+00-2.408845135E+00-2.479602375E+00
-2.548298001E+00-2.614783081E+00-2.678928543E+00-2.740625583E+00-2.799784545E+00
-2.856332473E+00-2.910209996E+00-2.961367682E+00-3.009762513E+00-3.055354788E+00
-3.098105536E+00-3.137974475E+00-3.174918876E+00-3.208892855E+00-3.239847427E+00
-3.267730970E+00-3.292490217E+00-3.314071474E+00-3.332422267E+00-3.347492855E+00
-3.359238051E+00-3.367618887E+00-3.372604166E+00-3.374171934E+00-3.372310641E+00
-3.367020210E+00-3.358312695E+00-3.346212800E+00-3.330758176E+00-3.311999319E+00
-3.289999516E+00-3.264834472E+00-3.236591715E+00-3.205370087E+00-3.171278876E+00
-3.134436961E+00-3.094971920E+00-3.053018948E+00-3.008719848E+00-2.962221943E+00
-2.913676938E+00-2.863239831E+00-2.811067673E+00-2.757318428E+00-2.702149572E+00
-2.645716822E+00-2.588172637E+00-2.529664709E+00-2.470334317E+00-2.410314718E+00
-2.349729500E+00-2.288690934E+00-2.227298483E+00-2.165637445E+00-2.103777849E+00
-2.041773467E+00-1.979661309E+00-1.917461427E+00-1.855176884E+00-1.792794320E+00
-1.730284681E+00-1.667604295E+00-1.604696180E+00-1.541491526E+00-1.477911320E+00
-1.413867978E+00-1.349267003E+00-1.284008535E+00-1.217988784E+00-1.151101315E+00
-1.083238114E+00-1.014290490E+00-9.441497475E-01-8.727076739E-01-7.998568534E-01
-7.254908047E-01-6.495040094E-01-5.717918076E-01-4.922502486E-01-4.107758660E-01
-3.272654843E-01-2.416160421E-01-1.537245302E-01-6.348810220E-02 2.919554788E-02
 1.244273840E-01 2.223056125E-01 3.229233451E-01 4.263648864E-01 5.326999632E-01
 6.419747900E-01 7.541982843E-01 8.693206796E-01 9.872003579E-01 1.107552770E+00
 1.229874759E+00 1.353344300E+00 1.476723773E+00 1.598347844E+00 1.716282342E+00
 1.828601988E+00 1.933610101E+00 2.029915574E+00 2.116415731E+00 2.192251474E+00
 2.256768415E+00 2.309495419E+00 2.350145063E+00 2.378640382E+00 2.395173229E+00
 2.400294943E+00 2.395014588E+00 2.380825467E+00 2.359557016E+00 2.333078472E+00
 2.303039161E+00 2.270763474E+00 2.237263208E+00 2.203292426E+00 2.169404889E+00
-1.981158060E+00-2.043095610E+00-2.111431111E+00-2.186160166E+00-2.265805963E+00
-2.345456410E+00-2.423434646E+00-2.499468288E+00-2.573335911E+00-2.644835917E+00
-2.713793561E+00-2.780065938E+00-2.843542926E+00-2.904144324E+00-2.961814577E+00
-3.016516055E+00-3.068222425E+00-3.116912507E+00-3.162565431E+00-3.205156648E+00
-3.244655444E+00-3.281023374E+00-3.314213935E+00-3.344172947E+00-3.370839779E+00
-3.394149052E+00-3.414033005E+00-3.430423875E+00-3.443256576E+00-3.452471405E+00
-3.458016548E+00-3.459850538E+00-3.457944194E+00-3.452282574E+00-3.442866165E+00
-3.429711997E+00-3.412854118E+00-3.392343856E+00-3.368249517E+00-3.340655895E+00
-3.309663480E+00-3.275387294E+00-3.237955790E+00-3.197509334E+00-3.154198992E+00
-3.108184936E+00-3.059635145E+00-3.008724169E+00-2.955631731E+00-2.900541644E+00
-2.843640684E+00-2.785117351E+00-2.725160767E+00-2.663959394E+00-2.601699582E+00
-2.538564000E+00-2.474729871E+00-2.410367095E+00-2.345636113E+00-2.280685783E+00
-2.215651258E+00-2.150651864E+00-2.085789273E+00-2.021145838E+00-1.956783372E+00
-1.892742367E+00-1.829041653E+00-1.765678622E+00-1.702629922E+00-1.639852672E+00
-1.577286089E+00-1.514853464E+00-1.452464410E+00-1.390017246E+00-1.327401429E+00
-1.264499933E+00-1.201191472E+00-1.137352520E+00-1.072859051E+00-1.007588005E+00
-9.414184609E-01-8.742325152E-01-8.059159178E-01-7.363584941E-01-6.654543770E-01
-5.931021232E-01-5.192047383E-01-4.436696808E-01-3.664088778E-01-2.873388329E-01
-2.063808673E-01-1.234615940E-01-3.851369636E-02 4.852283853E-02 1.376988953E-01
 2.290535853E-01 3.226104949E-01 4.183724191E-01 5.163140783E-01 6.163720628E-01
 7.184311909E-01 8.223062322E-01 9.277182411E-01 1.034265593E+00 1.141392308E+00
 1.248361010E+00 1.354243834E+00 1.457946754E+00 1.558272963E+00 1.654010530E+00
 1.744015923E+00 1.827272009E+00 1.902917338E+00 1.970255867E+00 2.028758602E+00
 2.078065730E+00 2.117994311E+00 2.148553628E+00 2.169966245E+00 2.182688282E+00
 2.187414934E+00 2.185054273E+00 2.176660590E+00 2.163339469E+00 2.146154909E+00
 2.126064241E+00 2.103887582E+00 2.080303928E+00 2.055862137E+00-2.049993802E+00
-2.116922173E+00-2.190283471E+00-2.269950854E+00-2.355032468E+00-2.439259122E+00
-2.521530273E+00-2.601578920E+00-2.679115803E+00-2.753874738E+00-2.825637672E+00
-2.894246934E+00-2.959604534E+00-3.021662184E+00-3.080407521E+00-3.135849924E+00
-3.188008266E+00-3.236901207E+00-3.282539851E+00-3.324922898E+00-3.364033725E+00
-3.399839194E+00-3.432289916E+00-3.461321730E+00-3.486858156E+00-3.508813528E+00
-3.527096792E+00-3.541615421E+00-3.552279507E+00-3.559005824E+00-3.561721611E+00
-3.560367903E+00-3.554902574E+00-3.545302760E+00-3.531566638E+00-3.513714671E+00
-3.491790245E+00-3.465859590E+00-3.436011261E+00-3.402355048E+00-3.365020410E+00
-3.324154671E+00-3.279921027E+00-3.232496235E+00-3.182068681E+00-3.128836166E+00
-3.073004205E+00-3.014784415E+00-2.954393085E+00-2.892050029E+00-2.827977639E+00
-2.762399914E+00-2.695541437E+00-2.627626342E+00-2.558876983E+00-2.489512166E+00
-2.419745254E+00-2.349781702E+00-2.279816484E+00-2.210031009E+00-2.140590215E+00
-2.071639565E+00-2.003302281E+00-1.935676944E+00-1.868835682E+00-1.802822959E+00
-1.737655112E+00-1.673320663E+00-1.609781418E+00-1.546974308E+00-1.484813864E+00
-1.423195237E+00-1.361997571E+00-1.301087557E+00-1.240323030E+00-1.179556380E+00
-1.118637694E+00-1.057417512E+00-9.957491222E-01-9.334904033E-01-8.705052230E-01
-8.066644227E-01-7.418464554E-01-6.759377534E-01-6.088328933E-01-5.404346192E-01
-4.706538234E-01-3.994095170E-01-3.266288864E-01-2.522474832E-01-1.762096159E-01
-9.846904050E-02-1.899000857E-02 6.225119997E-02 1.452641424E-01 2.300413207E-01
 3.165543391E-01 4.047489116E-01 4.945384493E-01 5.857960260E-01 6.783445694E-01
 7.719453199E-01 8.662850940E-01 9.609635964E-01 1.055483171E+00 1.149244508E+00
 1.241552352E+00 1.331634092E+00 1.418670828E+00 1.501836374E+00 1.580337058E+00
 1.653446071E+00 1.720529293E+00 1.781063059E+00 1.834646182E+00 1.881008962E+00
 1.920021005E+00 1.951698281E+00 1.976208125E+00 1.993869052E+00 2.005141639E+00
 2.010606774E+00 2.010931690E+00 2.006827859E+00 1.999008534E+00 1.988153273E+00
 1.974883540E+00 1.959749589E+00 1.943226469E+00-2.125819682E+00-2.199162552E+00
-2.278657769E+00-2.364084761E+00-2.454699970E+00-2.544221511E+00-2.631652296E+00
-2.716605730E+00-2.798602190E+00-2.877213168E+00-2.952136866E+00-3.023214430E+00
-3.090405556E+00-3.153750043E+00-3.213332086E+00-3.269252736E+00-3.321610605E+00
-3.370488858E+00-3.415946945E+00-3.458015909E+00-3.496696213E+00-3.531957844E+00
-3.563742300E+00-3.591965816E+00-3.616524006E+00-3.637297215E+00-3.654156529E+00
-3.666969891E+00-3.675608385E+00-3.679952047E+00-3.679895330E+00-3.675351812E+00
-3.666258419E+00-3.652578472E+00-3.634304238E+00-3.611458253E+00-3.584093979E+00
-3.552295435E+00-3.516175958E+00-3.475876343E+00-3.431562226E+00-3.383421060E+00
-3.331658768E+00-3.276496462E+00-3.218167192E+00-3.156913055E+00-3.092982738E+00
-3.026629694E+00-2.958110671E+00-2.887684839E+00-2.815613265E+00-2.742158511E+00
-2.667584260E+00-2.592154779E+00-2.516133907E+00-2.439783449E+00-2.363360985E+00
-2.287116830E+00-2.211290447E+00-2.136106203E+00-2.061768994E+00-1.988459665E+00
-1.916330853E+00-1.845503318E+00-1.776063039E+00-1.708059348E+00-1.641504174E+00
-1.576372484E+00-1.512603942E+00-1.450105702E+00-1.388756235E+00-1.328409945E+00
-1.268902326E+00-1.210055358E+00-1.151682825E+00-1.093595285E+00-1.035604448E+00
-9.775268675E-01-9.191868291E-01-8.604184952E-01-8.010673506E-01-7.409910486E-01
-6.800598107E-01-6.181564554E-01-5.551762317E-01-4.910265071E-01-4.256264518E-01
-3.589067651E-01-2.908095269E-01-2.212882475E-01-1.503081519E-01-7.784677988E-02
-3.894954107E-03 7.154181642E-02 1.484414241E-01 2.267626621E-01 3.064420664E-01
 3.873900257E-01 4.694861343E-01 5.525738322E-01 6.364544612E-01 7.208810843E-01
 8.055526909E-01 8.901096778E-01 9.741318666E-01 1.057140450E+00 1.138605039E+00
 1.217956370E+00 1.294604078E+00 1.367957846E+00 1.437449620E+00 1.502554552E+00
 1.562809153E+00 1.617826019E+00 1.667305255E+00 1.711043024E+00 1.748937562E+00
 1.780992601E+00 1.807317624E+00 1.828123984E+00 1.843715973E+00 1.854476400E+00
 1.860847305E+00 1.863307648E+00 1.862350564E+00 1.858462827E+00 1.852108408E+00
 1.843716901E+00 1.833676688E+00-2.209478159E+00-2.291689143E+00-2.378723026E+00
-2.470342436E+00-2.565429351E+00-2.660831145E+00-2.754885257E+00-2.846424756E+00
-2.934282478E+00-3.017593096E+00-3.095958489E+00-3.169354588E+00-3.237961041E+00
-3.302039690E+00-3.361867862E+00-3.417703776E+00-3.469768352E+00-3.518235596E+00
-3.563227682E+00-3.604813049E+00-3.643006948E+00-3.677774015E+00-3.709033060E+00
-3.736663208E+00-3.760511864E+00-3.780403336E+00-3.796148307E+00-3.807553104E+00
-3.814428916E+00-3.816600166E+00-3.813912030E+00-3.806237046E+00-3.793480460E+00
-3.775584410E+00-3.752530992E+00-3.724343925E+00-3.691088974E+00-3.652873140E+00
-3.609842469E+00-3.562178854E+00-3.510095657E+00-3.453832864E+00-3.393651737E+00
-3.329829428E+00-3.262654192E+00-3.192421046E+00-3.119428612E+00-3.043976789E+00
-2.966365711E+00-2.886895433E+00-2.805866513E+00-2.723580908E+00-2.640342992E+00
-2.556460205E+00-2.472243084E+00-2.388004066E+00-2.304055280E+00-2.220704570E+00
-2.138250383E+00-2.056975626E+00-1.977140612E+00-1.898976081E+00-1.822676482E+00
-1.748394125E+00-1.676234638E+00-1.606253929E+00-1.538456917E+00-1.472798086E+00
-1.409183950E+00-1.347477323E+00-1.287503245E+00-1.229056187E+00-1.171908146E+00
-1.115816992E+00-1.060534553E+00-1.005813898E+00-9.514154704E-01-8.971118577E-01
-8.426912069E-01-7.879593570E-01-7.327409329E-01-6.768795958E-01-6.202377118E-01
-5.626956443E-01-5.041508415E-01-4.445168853E-01-3.837225857E-01-3.217112221E-01
-2.584399864E-01-1.938796792E-01-1.280146905E-01-6.084330107E-02 7.621658790E-03
 7.735178425E-02 1.483016716E-01 2.204070826E-01 2.935826973E-01 3.677194890E-01
 4.426817594E-01 5.183039909E-01 5.943876875E-01 6.706985271E-01 7.469642392E-01
 8.228737215E-01 8.980779972E-01 9.721935206E-01 1.044808211E+00 1.115490256E+00
 1.183799331E+00 1.249299495E+00 1.311572795E+00 1.370232592E+00 1.424935773E+00
 1.475393300E+00 1.521378775E+00 1.562734917E+00 1.599377804E+00 1.631298776E+00
 1.658563748E+00 1.681309693E+00 1.699738177E+00 1.714106068E+00 1.724713900E+00
 1.731892795E+00 1.735991040E+00 1.737361412E+00 1.736350223E+00 1.733288579E+00
 1.728486087E+00-2.292429041E+00-2.384323510E+00-2.480131527E+00-2.579682998E+00
-2.682315070E+00-2.786878173E+00-2.891728194E+00-2.994332072E+00-3.091100498E+00
-3.179972498E+00-3.261297152E+00-3.335933370E+00-3.404681547E+00-3.468226143E+00
-3.527138898E+00-3.581887540E+00-3.632842502E+00-3.680281478E+00-3.724392368E+00
-3.765276185E+00-3.802950912E+00-3.837357080E+00-3.868365907E+00-3.895789882E+00
-3.919395297E+00-3.938916161E+00-3.954068579E+00-3.964564819E+00-3.970126491E+00
-3.970496188E+00-3.965447682E+00-3.954794408E+00-3.938396329E+00-3.916165182E+00
-3.888068199E+00-3.854130126E+00-3.814433547E+00-3.769117340E+00-3.718373279E+00
-3.662440653E+00-3.601599385E+00-3.536161874E+00-3.466464274E+00-3.392857835E+00
-3.315701171E+00-3.235353844E+00-3.152171928E+00-3.066505492E+00-2.978698112E+00
-2.889088288E+00-2.798012000E+00-2.705806353E+00-2.612813237E+00-2.519382818E+00
-2.425875646E+00-2.332662967E+00-2.240124692E+00-2.148644390E+00-2.058601758E+00
-1.970362597E+00-1.884267611E+00-1.800620661E+00-1.719677911E+00-1.641638450E+00
-1.566637069E+00-1.494739500E+00-1.425940252E+00-1.360163232E+00-1.297265206E+00
-1.237042232E+00-1.179238862E+00-1.123559697E+00-1.069682463E+00-1.017271503E+00
-9.659904800E-01-9.155133046E-01-8.655326167E-01-8.157656667E-01-7.659576972E-01
-7.158833052E-01-6.653462505E-01-6.141782289E-01-5.622370353E-01-5.094044612E-01
-4.555841536E-01-4.006996194E-01-3.446924692E-01-2.875209531E-01-2.291588460E-01
-1.695946589E-01-1.088312253E-01-4.688560897E-02 1.621063606E-02 8.041088695E-02
 1.456525652E-01 2.118559718E-01 2.789228797E-01 3.467349578E-01 4.151520955E-01
 4.840107767E-01 5.531226458E-01 6.222735114E-01 6.912230076E-01 7.597052042E-01
 8.274304435E-01 8.940885824E-01 9.593537669E-01 1.022890683E+00 1.084362063E+00
 1.143437099E+00 1.199800250E+00 1.253159989E+00 1.303256981E+00 1.349871317E+00
 1.392828524E+00 1.432004103E+00 1.467326475E+00 1.498778158E+00 1.526395149E+00
 1.550264395E+00 1.570519467E+00 1.587334587E+00 1.600917337E+00 1.611500525E+00
 1.619333760E+00 1.624675284E+00 1.627784528E+00 1.628915765E+00 1.628313029E+00
-2.367042685E+00-2.467690943E+00-2.572918062E+00-2.682835715E+00-2.797401212E+00
-2.916417683E+00-3.039577572E+00-3.166803895E+00-3.282724127E+00-3.373331042E+00
-3.453924169E+00-3.526602073E+00-3.592777661E+00-3.653510281E+00-3.709624936E+00
-3.761769578E+00-3.810444642E+00-3.856017578E+00-3.898729243E+00-3.938697005E+00
-3.975918345E+00-4.010277755E+00-4.041558289E+00-4.069458090E+00-4.093610444E+00
-4.113606203E+00-4.129016047E+00-4.139411546E+00-4.144383707E+00-4.143558588E+00
-4.136610073E+00-4.123270098E+00-4.103336579E+00-4.076679765E+00-4.043246621E+00
-4.003063637E+00-3.956237464E+00-3.902952844E+00-3.843467881E+00-3.778105708E+00
-3.707243347E+00-3.631298143E+00-3.550712922E+00-3.465941401E+00-3.377435358E+00
-3.285634674E+00-3.190960919E+00-3.093815006E+00-2.994578336E+00-2.893617099E+00
-2.791289074E+00-2.687951887E+00-2.583972152E+00-2.479733965E+00-2.375646048E+00
-2.272145492E+00-2.169697367E+00-2.068788526E+00-1.969915662E+00-1.873568377E+00
-1.780209324E+00-1.690253960E+00-1.604052349E+00-1.521874432E+00-1.443899289E+00
-1.370208225E+00-1.300781415E+00-1.235498089E+00-1.174140744E+00-1.116404035E+00
-1.061908873E+00-1.010221380E+00-9.608752365E-01-9.133948556E-01-8.673165442E-01
-8.222053373E-01-7.776663826E-01-7.333510073E-01-6.889584006E-01-6.442341575E-01
-5.989669412E-01-5.529841902E-01-5.061476078E-01-4.583488078E-01-4.095053965E-01
-3.595576053E-01-3.084654782E-01-2.562066270E-01-2.027745176E-01-1.481772231E-01
-9.243661373E-02-3.558793082E-02 2.232030890E-02 8.122611363E-02 1.410535728E-01
 2.017122190E-01 2.630962547E-01 3.250837088E-01 3.875356257E-01 4.502953567E-01
 5.131881118E-01 5.760208966E-01 6.385829534E-01 7.006469046E-01 7.619706657E-01
 8.223002311E-01 8.813733619E-01 9.389240911E-01 9.946879397E-01 1.048407602E+00
 1.099838872E+00 1.148756496E+00 1.194959703E+00 1.238277125E+00 1.278570918E+00
 1.315739893E+00 1.349721539E+00 1.380492846E+00 1.408069865E+00 1.432506051E+00
 1.453889414E+00 1.472338655E+00 1.487998476E+00 1.501034324E+00 1.511626906E+00
 1.519966723E+00 1.526248940E+00 1.530668801E+00 1.533417702E+00-2.431680017E+00
-2.540329880E+00-2.654709046E+00-2.775315297E+00-2.902703361E+00-3.037538804E+00
-3.180701370E+00-3.333445943E+00-3.482963792E+00-3.594201127E+00-3.677876036E+00
-3.743145547E+00-3.802813877E+00-3.857614973E+00-3.908445689E+00-3.956035574E+00
-4.000964839E+00-4.043667803E+00-4.084426328E+00-4.123359369E+00-4.160416371E+00
-4.195379961E+00-4.227881412E+00-4.257427457E+00-4.283435194E+00-4.305269846E+00
-4.322280999E+00-4.333834226E+00-4.339336158E+00-4.338253653E+00-4.330127588E+00
-4.314582918E+00-4.291336601E+00-4.260203972E+00-4.221104540E+00-4.174066478E+00
-4.119229301E+00-4.056843286E+00-3.987264022E+00-3.910940866E+00-3.828398882E+00
-3.740215546E+00-3.646994109E+00-3.549337647E+00-3.447826602E+00-3.343002702E+00
-3.235360335E+00-3.125345138E+00-3.013358992E+00-2.899770104E+00-2.784926680E+00
-2.669173459E+00-2.552869558E+00-2.436406824E+00-2.320226646E+00-2.204833027E+00
-2.090797844E+00-1.978755039E+00-1.869381044E+00-1.763362658E+00-1.661358139E+00
-1.563959141E+00-1.471659941E+00-1.384836330E+00-1.303732832E+00-1.228455345E+00
-1.158966850E+00-1.095085453E+00-1.036486264E+00-9.827103051E-01-9.331840639E-01
-8.872514436E-01-8.442154920E-01-8.033828576E-01-7.641022951E-01-7.257911643E-01
-6.879485152E-01-6.501571399E-01-6.120783859E-01-5.734433135E-01-5.340426882E-01
-4.937172858E-01-4.523492507E-01-4.098547571E-01-3.661779931E-01-3.212863507E-01
-2.751666574E-01-2.278223100E-01-1.792711485E-01-1.295439300E-01-7.868332221E-02
-2.674329315E-02 2.621116545E-02 8.010405248E-02 1.348481792E-01 1.903448516E-01
 2.464834826E-01 3.031411900E-01 3.601824742E-01 4.174590107E-01 4.748096919E-01
 5.320609644E-01 5.890275651E-01 6.455137071E-01 7.013148141E-01 7.562197700E-01
 8.100137246E-01 8.624813860E-01 9.134106984E-01 9.625967928E-01 1.009846060E+00
 1.054980138E+00 1.097839686E+00 1.138287757E+00 1.176212612E+00 1.211529890E+00
 1.244183999E+00 1.274148710E+00 1.301426891E+00 1.326049440E+00 1.348073407E+00
 1.367579478E+00 1.384668874E+00 1.399459881E+00 1.412084157E+00 1.422683005E+00
 1.431403779E+00 1.438396536E+00 1.443811075E+00-2.483620094E+00-2.598841702E+00
-2.720865140E+00-2.850509617E+00-2.988763521E+00-3.136830253E+00-3.296165929E+00
-3.468484227E+00-3.638684678E+00-3.778653772E+00-3.892234154E+00-3.976092817E+00
-4.032719784E+00-4.077994118E+00-4.120787264E+00-4.161612698E+00-4.201115776E+00
-4.239822879E+00-4.278096244E+00-4.316081470E+00-4.353666151E+00-4.390468324E+00
-4.425860711E+00-4.459024241E+00-4.489017163E+00-4.514845758E+00-4.535525996E+00
-4.550130156E+00-4.557817619E+00-4.557852382E+00-4.549611992E+00-4.532591945E+00
-4.506409406E+00-4.470808424E+00-4.425667405E+00-4.371008731E+00-4.307008617E+00
-4.234003801E+00-4.152490743E+00-4.063112573E+00-3.966630716E+00-3.863881993E+00
-3.755727197E+00-3.643000244E+00-3.526466995E+00-3.406799355E+00-3.284565539E+00
-3.160234339E+00-3.034189055E+00-2.906748208E+00-2.778190461E+00-2.648782309E+00
-2.518808963E+00-2.388607607E+00-2.258603239E+00-2.129343593E+00-2.001526112E+00
-1.876003852E+00-1.753755267E+00-1.635813888E+00-1.523175994E+00-1.416718387E+00
-1.317148138E+00-1.224983651E+00-1.140553341E+00-1.063997965E+00-9.952682721E-01
-9.341154602E-01-8.800777700E-01-8.324732531E-01-7.904150635E-01-7.528649650E-01
-7.187245611E-01-6.869386201E-01-6.565752185E-01-6.268643062E-01-5.971999920E-01
-5.671222060E-01-5.362912374E-01-5.044627228E-01-4.714662032E-01-4.371878824E-01
-4.015572642E-01-3.645370109E-01-3.261153373E-01-2.863004050E-01-2.451162184E-01
-2.025996775E-01-1.587985226E-01-1.137699344E-01-6.757965830E-02-2.030150154E-02
 2.798287834E-02 7.718397841E-02 1.272043178E-01 1.779382251E-01 2.292716017E-01
 2.810817185E-01 3.332370898E-01 3.855975026E-01 4.380142195E-01 4.903304329E-01
 5.423820221E-01 5.939986115E-01 6.450049985E-01 6.952229268E-01 7.444731867E-01
 7.925780257E-01 8.393637761E-01 8.846636390E-01 9.283205201E-01 9.701897844E-01
 1.010141876E+00 1.048064621E+00 1.083865188E+00 1.117471584E+00 1.148833631E+00
 1.177923393E+00 1.204735030E+00 1.229284109E+00 1.251606358E+00 1.271755995E+00
 1.289803646E+00 1.305833998E+00 1.319943270E+00 1.332236607E+00 1.342825523E+00
 1.351825467E+00 1.359353576E+00-2.520295482E+00-2.639938107E+00-2.767042973E+00
-2.902614109E+00-3.047901284E+00-3.204481237E+00-3.374342201E+00-3.559884695E+00
-3.747723460E+00-3.907314450E+00-4.044118090E+00-4.155447931E+00-4.241857791E+00
-4.306180631E+00-4.341911790E+00-4.373520127E+00-4.405603089E+00-4.438910378E+00
-4.474091787E+00-4.511483588E+00-4.550948880E+00-4.591830915E+00-4.633024902E+00
-4.673115942E+00-4.710535704E+00-4.743706054E+00-4.771146364E+00-4.791535635E+00
-4.803735225E+00-4.806786450E+00-4.799897403E+00-4.782429027E+00-4.753886641E+00
-4.713920603E+00-4.662336949E+00-4.599118278E+00-4.524452587E+00-4.438764390E+00
-4.342737606E+00-4.237314738E+00-4.123656285E+00-4.003055499E+00-3.876823264E+00
-3.746175167E+00-3.612151006E+00-3.475578633E+00-3.337075828E+00-3.197075964E+00
-3.055864581E+00-2.913619136E+00-2.770448529E+00-2.626432767E+00-2.481664938E+00
-2.336300100E+00-2.190616642E+00-2.045096011E+00-1.900520617E+00-1.758062324E+00
-1.619280739E+00-1.485937988E+00-1.359689900E+00-1.241864820E+00-1.133419852E+00
-1.034994833E+00-9.469773678E-01-8.695431604E-01-8.026634184E-01-7.460775596E-01
-6.992307208E-01-6.611851870E-01-6.305510129E-01-6.055408257E-01-5.842292100E-01
-5.648924836E-01-5.462004897E-01-5.272186270E-01-5.073243325E-01-4.861179870E-01
-4.633535975E-01-4.388899975E-01-4.126575242E-01-3.846354167E-01-3.548364894E-01
-3.232967062E-01-2.900681199E-01-2.552141093E-01-2.188062228E-01-1.809221387E-01
-1.416444189E-01-1.010598045E-01-5.925890663E-02-1.633616138E-02 2.761003964E-02
 7.247710729E-02 1.181579590E-01 1.645407139E-01 2.115084210E-01 2.589388554E-01
 3.067044216E-01 3.546721924E-01 4.027041190E-01 4.506574442E-01 4.983853296E-01
 5.457377282E-01 5.925624866E-01 6.387066959E-01 6.840182549E-01 7.283476185E-01
 7.715496925E-01 8.134857963E-01 8.540256612E-01 8.930493619E-01 9.304491325E-01
 9.661309741E-01 1.000016012E+00 1.032041546E+00 1.062161729E+00 1.090347895E+00
 1.116588464E+00 1.140888492E+00 1.163268844E+00 1.183765057E+00 1.202425914E+00
 1.219311832E+00 1.234493087E+00 1.248047978E+00 1.260060974E+00 1.270620921E+00
 1.279819351E+00-2.540108340E+00-2.661605262E+00-2.790637149E+00-2.928186422E+00
-3.075481091E+00-3.234117406E+00-3.406325273E+00-3.595742580E+00-3.792101833E+00
-3.967432872E+00-4.125142242E+00-4.261500537E+00-4.374110336E+00-4.466249888E+00
-4.534951017E+00-4.581310007E+00-4.606996393E+00-4.632424249E+00-4.663151507E+00
-4.700466671E+00-4.744330851E+00-4.793435023E+00-4.845633921E+00-4.898314206E+00
-4.948738098E+00-4.994354768E+00-5.032987056E+00-5.062871698E+00-5.082609489E+00
-5.091087599E+00-5.087408554E+00-5.070838212E+00-5.040775687E+00-4.996745038E+00
-4.938409315E+00-4.865609005E+00-4.778427178E+00-4.677281431E+00-4.563030270E+00
-4.437055460E+00-4.301246043E+00-4.157812061E+00-4.008958597E+00-3.856576473E+00
-3.702085437E+00-3.546431635E+00-3.390165979E+00-3.233540548E+00-3.076594347E+00
-2.919221132E+00-2.761221628E+00-2.602345520E+00-2.442329899E+00-2.280942162E+00
-2.118040739E+00-1.953679053E+00-1.788313204E+00-1.623246360E+00-1.461327559E+00
-1.306613418E+00-1.162299602E+00-1.030108934E+00-9.109246763E-01-8.052357988E-01
-7.133357722E-01-6.354030389E-01-5.715179075E-01-5.216267053E-01-4.854311170E-01
-4.621268526E-01-4.498319673E-01-4.448870898E-01-4.428374433E-01-4.406424507E-01
-4.367963978E-01-4.306073320E-01-4.217787615E-01-4.102170597E-01-3.959378561E-01
-3.790167507E-01-3.595617597E-01-3.376973755E-01-3.135552349E-01-2.872687051E-01
-2.589698879E-01-2.287881124E-01-1.968493727E-01-1.632763306E-01-1.281886782E-01
-9.170370821E-02-5.393698209E-02-1.500304662E-02 2.498385492E-02 6.590910621E-02
 1.076571002E-01 1.501107020E-01 1.931508089E-01 2.366560271E-01 2.805024750E-01
 3.245637439E-01 3.687109990E-01 4.128132739E-01 4.567379261E-01 5.003512861E-01
 5.435194790E-01 5.861094109E-01 6.279899120E-01 6.690330018E-01 7.091152343E-01
 7.481191006E-01 7.859344396E-01 8.224597924E-01 8.576036775E-01 8.912857146E-01
 9.234375720E-01 9.540037091E-01 9.829418544E-01 1.010223231E+00 1.035832523E+00
 1.059767553E+00 1.082038734E+00 1.102668265E+00 1.121689160E+00 1.139144100E+00
 1.155084180E+00 1.169567578E+00 1.182658220E+00 1.194424428E+00 1.204937655E+00
-2.542842729E+00-2.663679665E+00-2.791565819E+00-2.927254361E+00-3.071608797E+00
-3.225599806E+00-3.390232908E+00-3.566169484E+00-3.752673686E+00-3.944271815E+00
-4.123129149E+00-4.281788581E+00-4.421250226E+00-4.545356806E+00-4.638315023E+00
-4.714671178E+00-4.771734810E+00-4.804637154E+00-4.827928814E+00-4.866284628E+00
-4.920126555E+00-4.985647272E+00-5.058641199E+00-5.134012335E+00-5.206553320E+00
-5.272083474E+00-5.327721160E+00-5.371547477E+00-5.402233694E+00-5.418787275E+00
-5.420397846E+00-5.406347756E+00-5.375964424E+00-5.328603073E+00-5.263657373E+00
-5.180603405E+00-5.079093271E+00-4.959127997E+00-4.821357630E+00-4.667539640E+00
-4.500981514E+00-4.326259421E+00-4.147792925E+00-3.968643170E+00-3.790464792E+00
-3.613942580E+00-3.439174350E+00-3.265914187E+00-3.093713857E+00-2.922002724E+00
-2.750131089E+00-2.577391920E+00-2.403029467E+00-2.226239037E+00-2.046158693E+00
-1.861846977E+00-1.672219405E+00-1.475780969E+00-1.268840954E+00-1.086553636E+00
-9.182458256E-01-7.669259701E-01-6.398782760E-01-5.250201290E-01-4.263483731E-01
-3.521144534E-01-2.903103325E-01-2.454499745E-01-2.267147831E-01-2.223222187E-01
-2.380578428E-01-2.774920584E-01-3.039623225E-01-3.231233929E-01-3.360354738E-01
-3.434019870E-01-3.457909257E-01-3.436903928E-01-3.375289104E-01-3.276856354E-01
-3.144972111E-01-2.982633401E-01-2.792517199E-01-2.577024974E-01-2.338322920E-01
-2.078377916E-01-1.798989424E-01-1.501817731E-01-1.188408509E-01-8.602143917E-02
-5.186136902E-02-1.649266256E-02 1.995707073E-02 5.736343898E-02 9.560426284E-02
 1.345587441E-01 1.741068033E-01 2.141285797E-01 2.545040894E-01 2.951130475E-01
 3.358348388E-01 3.765486583E-01 4.171337921E-01 4.574700573E-01 4.974383734E-01
 5.369214641E-01 5.758046707E-01 6.139768518E-01 6.513313359E-01 6.877669221E-01
 7.231888656E-01 7.575098414E-01 7.906508352E-01 8.225419283E-01 8.531229819E-01
 8.823441345E-01 9.101661534E-01 9.365605965E-01 9.615097824E-01 9.850065763E-01
 1.007054005E+00 1.027664689E+00 1.046860150E+00 1.064670000E+00 1.081131030E+00
 1.096286238E+00 1.110183847E+00 1.122876288E+00 1.134419235E+00-2.529600900E+00
-2.647742898E+00-2.772127696E+00-2.903231660E+00-3.041527516E+00-3.187434915E+00
-3.341231319E+00-3.502926339E+00-3.672169171E+00-3.848308819E+00-4.030555588E+00
-4.214374793E+00-4.378467950E+00-4.524308595E+00-4.648564360E+00-4.751983629E+00
-4.833105597E+00-4.889679355E+00-4.927304999E+00-4.980479925E+00-5.056332197E+00
-5.152732534E+00-5.266078007E+00-5.384833060E+00-5.494026453E+00-5.588627388E+00
-5.667076161E+00-5.728707862E+00-5.773118245E+00-5.799938641E+00-5.808737171E+00
-5.798969143E+00-5.769949323E+00-5.720834455E+00-5.650613749E+00-5.558110159E+00
-5.442005127E+00-5.300919637E+00-5.133643820E+00-4.939858959E+00-4.723211875E+00
-4.499489298E+00-4.280990494E+00-4.070034716E+00-3.866374381E+00-3.669065046E+00
-3.476953539E+00-3.288841343E+00-3.103538718E+00-2.919873464E+00-2.736677642E+00
-2.552761783E+00-2.366878987E+00-2.177676476E+00-1.983627485E+00-1.782926241E+00
-1.573314625E+00-1.351811874E+00-1.117399655E+00-9.084260958E-01-7.218469835E-01
-5.583171632E-01-4.196942884E-01-2.989923961E-01-1.988057008E-01-1.226172109E-01
-6.452931970E-02-2.839418826E-02-1.920798467E-02-3.258715358E-02-7.469214234E-02
-1.405708944E-01-1.905073723E-01-2.278306228E-01-2.550209074E-01-2.738480105E-01
-2.856268083E-01-2.913742259E-01-2.919003217E-01-2.878641691E-01-2.798106851E-01
-2.681964363E-01-2.534085356E-01-2.357789179E-01-2.155953495E-01-1.931100485E-01
-1.685465385E-01-1.421051318E-01-1.139673645E-01-8.429960911E-02-5.325603178E-02
-2.098102453E-02 1.238879121E-02 4.672291637E-02 8.189562599E-02 1.177848767E-01
 1.542714429E-01 1.912382508E-01 2.285699003E-01 2.661523510E-01 3.038727767E-01
 3.416195496E-01 3.792823806E-01 4.167525794E-01 4.539234242E-01 4.906906408E-01
 5.269529719E-01 5.626127875E-01 5.975767751E-01 6.317566347E-01 6.650697733E-01
 6.974399784E-01 7.287980581E-01 7.590823815E-01 7.882393608E-01 8.162238068E-01
 8.429991701E-01 8.685376581E-01 8.928202134E-01 9.158363568E-01 9.375839064E-01
 9.580685882E-01 9.773035167E-01 9.953086154E-01 1.012109945E+00 1.027738989E+00
 1.042231911E+00 1.055628798E+00 1.067972909E+00-2.502338704E+00-2.616389719E+00
-2.735805940E+00-2.860858184E+00-2.991778956E+00-3.128732227E+00-3.271777367E+00
-3.420837528E+00-3.575688883E+00-3.735983380E+00-3.901300224E+00-4.071204864E+00
-4.245374591E+00-4.418727493E+00-4.566316404E+00-4.694423554E+00-4.800470483E+00
-4.880417381E+00-4.940388770E+00-5.017685589E+00-5.122637785E+00-5.258090857E+00
-5.429897927E+00-5.618344030E+00-5.772698167E+00-5.899523150E+00-6.002183571E+00
-6.082564905E+00-6.141691391E+00-6.179957451E+00-6.197232889E+00-6.192980667E+00
-6.166450425E+00-6.116763698E+00-6.042744003E+00-5.942695662E+00-5.814246990E+00
-5.654162599E+00-5.457981074E+00-5.219163087E+00-4.926843900E+00-4.638343197E+00
-4.378112534E+00-4.138016061E+00-3.912985118E+00-3.699396952E+00-3.494451640E+00
-3.295871997E+00-3.101724008E+00-2.910292698E+00-2.719987064E+00-2.529260094E+00
-2.336534641E+00-2.140128864E+00-1.938176703E+00-1.728544889E+00-1.508757637E+00
-1.275962872E+00-1.030973649E+00-8.102730026E-01-6.149982549E-01-4.450384603E-01
-3.004321348E-01-1.769382098E-01-7.598546738E-02 8.131821445E-04 5.630944069E-02
 8.756699809E-02 9.134184900E-02 6.889879798E-02 1.553458621E-02-6.055423507E-02
-1.214023209E-01-1.683221104E-01-2.036299477E-01-2.292577489E-01-2.467711250E-01
-2.574260977E-01-2.622308977E-01-2.619999607E-01-2.573972664E-01-2.489699504E-01
-2.371740078E-01-2.223939181E-01-2.049577057E-01-1.851485320E-01-1.632137331E-01
-1.393718992E-01-1.138184783E-01-8.673024299E-02-5.826887837E-02-2.858387654E-02
 2.185117093E-03 3.390640197E-02 6.645468302E-02 9.970983327E-02 1.335559139E-01
 1.678804135E-01 2.025736792E-01 2.375285207E-01 2.726399684E-01 3.078051607E-01
 3.429233711E-01 3.778961287E-01 4.126274469E-01 4.470241390E-01 4.809961863E-01
 5.144571803E-01 5.473247837E-01 5.795212280E-01 6.109737985E-01 6.416153088E-01
 6.713845484E-01 7.002266682E-01 7.280935161E-01 7.549438865E-01 7.807436949E-01
 8.054660479E-01 8.290912329E-01 8.516065988E-01 8.730063535E-01 8.932912703E-01
 9.124683153E-01 9.305502173E-01 9.475549603E-01 9.635052659E-01 9.784280180E-01
 9.923536833E-01 1.005315738E+00-2.463320133E+00-2.572435920E+00-2.686096252E+00
-2.804441091E+00-2.927569860E+00-3.055525965E+00-3.188282162E+00-3.325729821E+00
-3.467676374E+00-3.613852205E+00-3.763924900E+00-3.917515596E+00-4.074211250E+00
-4.233570372E+00-4.395484451E+00-4.548748972E+00-4.679756864E+00-4.781796634E+00
-4.864002386E+00-4.962591374E+00-5.089259964E+00-5.248389428E+00-5.446570212E+00
-5.661131073E+00-5.837000720E+00-5.980220913E+00-6.095255745E+00-6.185072808E+00
-6.251468385E+00-6.295340199E+00-6.316870765E+00-6.315699513E+00-6.291136498E+00
-6.242248925E+00-6.167686649E+00-6.065430165E+00-5.932565243E+00-5.764998051E+00
-5.557033215E+00-5.300855015E+00-4.986256645E+00-4.676043153E+00-4.398929943E+00
-4.146656299E+00-3.912907610E+00-3.692986251E+00-3.483346356E+00-3.281218406E+00
-3.084344263E+00-2.890792451E+00-2.698824645E+00-2.506791480E+00-2.313043455E+00
-2.115846644E+00-1.913297068E+00-1.703233224E+00-1.483157613E+00-1.250200339E+00
-1.005086773E+00-7.844899070E-01-5.893178118E-01-4.195314370E-01-2.752669982E-01
-1.520952362E-01-5.152251864E-02 2.473300902E-02 7.971511776E-02 1.104084252E-01
 1.134580507E-01 9.032464213E-02 3.622193976E-02-4.078714522E-02-1.025408166E-01
-1.504348360E-01-1.867865583E-01-2.135276435E-01-2.322228792E-01-2.441273282E-01
-2.502483103E-01-2.513994358E-01-2.482438998E-01-2.413280567E-01-2.311070588E-01
-2.179644460E-01-2.022271341E-01-1.841769855E-01-1.640597900E-01-1.420923034E-01
-1.184678105E-01-9.336055037E-02-6.692926383E-02-3.932005102E-02-1.066868055E-02
 1.889754017E-02 4.925825282E-02 8.029883211E-02 1.119094187E-01 1.439841613E-01
 1.764206411E-01 2.091194552E-01 2.419839349E-01 2.749199939E-01 3.078360750E-01
 3.406431964E-01 3.732550812E-01 4.055883554E-01 4.375627936E-01 4.691016274E-01
 5.001318591E-01 5.305846126E-01 5.603954782E-01 5.895048440E-01 6.178582176E-01
 6.454064933E-01 6.721061907E-01 6.979196368E-01 7.228150782E-01 7.467667374E-01
 7.697547936E-01 7.917653030E-01 8.127900321E-01 8.328262527E-01 8.518764626E-01
 8.699480540E-01 8.870529459E-01 9.032071787E-01 9.184304803E-01 9.327458320E-01
 9.461789996E-01
 3.924963840E+00 3.727758630E+00 3.652798670E+00 3.604371250E+00 3.572635440E+00
 3.549638270E+00 3.530513560E+00 3.512909510E+00 3.499934890E+00 3.487248880E+00
 3.476560100E+00 3.466526270E+00 3.457467610E+00 3.449096750E+00 3.441650350E+00
 3.434387720E+00 3.428043570E+00 3.421813800E+00 3.416384970E+00 3.411320940E+00
 3.406524900E+00 3.402595460E+00 3.398811890E+00 3.395266500E+00 3.392451200E+00
 3.389809370E+00 3.387424440E+00 3.385582960E+00 3.383946410E+00 3.382555720E+00
 3.381541140E+00 3.380836770E+00 3.380323570E+00 3.380000000E+00 3.380184190E+00
 3.380523750E+00 3.380941000E+00 3.381689240E+00 3.382834970E+00 3.384091570E+00
 3.385467140E+00 3.387087310E+00 3.389085650E+00 3.391199760E+00 3.393456450E+00
 3.395929790E+00 3.398691750E+00 3.401592650E+00 3.404695950E+00 3.407916580E+00
 3.411409000E+00 3.415133330E+00 3.418951630E+00 3.422914610E+00 3.427139160E+00
 3.431559170E+00 3.436153690E+00 3.440899600E+00 3.445747250E+00 3.450886260E+00
 3.456218300E+00 3.461675630E+00 3.467247650E+00 3.472928910E+00 3.478902000E+00
 3.485138860E+00 3.491698960E+00 3.498778830E+00 3.506494250E+00 3.515050980E+00
 3.524446240E+00 3.534758400E+00 3.546084180E+00 3.558510340E+00 3.572119270E+00
 3.586960720E+00 3.603056710E+00 3.620438040E+00 3.639239170E+00 3.659471260E+00
 3.681204150E+00 3.704488860E+00 3.729341140E+00 3.755862800E+00 3.784104160E+00
 3.814087240E+00 3.845973060E+00 3.879758010E+00 3.915495810E+00 3.953348940E+00
 3.993218920E+00 4.035463180E+00 4.080049720E+00 4.126967230E+00 4.176517020E+00
 4.228508400E+00 4.283526450E+00 4.341428410E+00 4.402145010E+00 4.466036480E+00
 4.533248090E+00 4.604308680E+00 4.678980300E+00 4.757473390E+00 4.839874160E+00
 4.925334830E+00 5.013283530E+00 5.102922620E+00 5.194607520E+00 5.286800690E+00
 5.378990590E+00 5.469351840E+00 5.556418580E+00 5.637903930E+00 5.712283690E+00
 5.778277300E+00 5.835909680E+00 5.886600690E+00 5.933751680E+00 5.982084580E+00
 6.036790170E+00 6.105768330E+00 6.196159670E+00 6.317444040E+00 6.481992910E+00
 6.712682410E+00 7.052535860E+00 7.643786730E+00 1.052371220E+01
   90    6
 2.671490118E+00 0.000000000E+00 2.675250894E+00 2.352941176E-01 2.687118212E+00
 4.705882353E-01 2.701393600E+00 6.470588235E-01 2.726470588E+00 8.674620612E-01
 2.754781012E+00 1.058823529E+00 2.786480400E+00 1.235294118E+00 2.820220588E+00
 1.397468581E+00 2.851470588E+00 1.531945468E+00 2.895520376E+00 1.705882353E+00
 2.943726659E+00 1.882352941E+00 2.977169788E+00 2.000000000E+00 3.029146588E+00
 2.176470588E+00 3.070220588E+00 2.310663101E+00 3.124768565E+00 2.470588235E+00
 3.179770118E+00 2.618982659E+00 3.195569671E+00 2.657847741E+00 3.320220588E+00
 2.608399153E+00 3.413970588E+00 2.567038471E+00 3.507720588E+00 2.523262376E+00
 3.614633271E+00 2.470588235E+00 3.726470588E+00 2.412180659E+00 3.820220588E+00
 2.359649176E+00 3.913970588E+00 2.303597301E+00 4.007720588E+00 2.243691784E+00
 4.101470588E+00 2.179360306E+00 4.185007671E+00 2.117647059E+00 4.260465624E+00
 2.058823529E+00 4.351470588E+00 1.982688501E+00 4.445220588E+00 1.898062278E+00
 4.521811553E+00 1.823529412E+00 4.601470588E+00 1.741118840E+00 4.685026612E+00
 1.647058824E+00 4.757720588E+00 1.558558499E+00 4.823913129E+00 1.470588235E+00
 4.903339647E+00 1.352941176E+00 4.973546988E+00 1.235294118E+00 5.036054682E+00
 1.117647059E+00 5.092135082E+00 1.000000000E+00 5.142699459E+00 8.823529412E-01
 5.195220588E+00 7.457180941E-01 5.248761412E+00 5.882352941E-01 5.288970588E+00
 4.479326541E-01 5.323581718E+00 2.941176471E-01 5.349612706E+00 5.882352941E-02
 5.341066282E+00-1.764705882E-01 5.311902047E+00-3.529411765E-01 5.266835153E+00
-5.294117647E-01 5.226470588E+00-6.571859412E-01 5.166096941E+00-8.235294118E-01
 5.117903459E+00-9.411764706E-01 5.064552776E+00-1.058823529E+00 5.005290988E+00
-1.176470588E+00 4.939069012E+00-1.294117647E+00 4.864499318E+00-1.411764706E+00
 4.788970588E+00-1.517590454E+00 4.726470588E+00-1.597793821E+00 4.634259529E+00
-1.705882353E+00 4.570220588E+00-1.775358096E+00 4.476470588E+00-1.869740059E+00
 4.400197694E+00-1.941176471E+00 4.320220588E+00-2.011985551E+00 4.226470588E+00
-2.088844292E+00 4.132720588E+00-2.159930101E+00 4.038970588E+00-2.225839544E+00
 3.945220588E+00-2.287180245E+00 3.851470588E+00-2.344583033E+00 3.757720588E+00
-2.398505529E+00 3.663970588E+00-2.449150047E+00 3.570220588E+00-2.496730706E+00
 3.476470588E+00-2.540925176E+00 3.365621059E+00-2.588235294E+00 3.257720588E+00
-2.634570353E+00 3.195856024E+00-2.659670918E+00 3.132720588E+00-2.494077835E+00
 3.085729153E+00-2.352941176E+00 3.038970588E+00-2.204441271E+00 2.996235318E+00
-2.058823529E+00 2.945652682E+00-1.882352941E+00 2.913065835E+00-1.764705882E+00
 2.866419012E+00-1.588235294E+00 2.823821976E+00-1.411764706E+00 2.788970588E+00
-1.248657459E+00 2.757720588E+00-1.079393793E+00 2.727854024E+00-8.823529412E-01
 2.707040871E+00-7.058823529E-01 2.691488588E+00-5.294117647E-01 2.677740894E+00
-2.941176471E-01 2.671776706E+00-5.882352941E-02 2.671490118E+00 0.000000000E+00
 5.380000000E+00 2.710000000E+00 2.620000000E+00 2.710000000E+00 2.620000000E+00
-2.710000000E+00 5.380000000E+00-2.710000000E+00 5.380000000E+00 2.710000000E+00
 5.380000000E+00 2.710000000E+00
    0 7.000000000E+00    0
