2026-02-12 12:34:16,240 fastran_init_fastran_init_1 DEBUG    __initialize__(): <fastran.driver.fastran_init.fastran_init object at 0x14e1e9e9a640>  fastran_000001@fastran_init@1 
2026-02-12 12:34:16,245 fastran_init_fastran_init_1 DEBUG    Running - CompID =  fastran_000001@fastran_init@1
2026-02-12 12:34:16,246 fastran_init_fastran_init_1 DEBUG    _init_event_service(): self.counter = 0 - <fastran.driver.fastran_init.fastran_init object at 0x14e1e9e9a640>
2026-02-12 12:34:16,246 fastran_driver_fastran_driver_2 DEBUG    __initialize__(): <fastran.driver.fastran_driver.fastran_driver object at 0x14e1e9e9af40>  fastran_000001@fastran_driver@2 
2026-02-12 12:34:16,251 fastran_driver_fastran_driver_2 DEBUG    Running - CompID =  fastran_000001@fastran_driver@2
2026-02-12 12:34:16,252 fastran_driver_fastran_driver_2 DEBUG    _init_event_service(): self.counter = 0 - <fastran.driver.fastran_driver.fastran_driver object at 0x14e1e9e9af40>
2026-02-12 12:34:16,259 fastran_eq0_efit_3 DEBUG    __initialize__(): <fastran.equilibrium.efit.efit object at 0x14e1e9e3abb0>  fastran_000001@efit@3 
2026-02-12 12:34:16,264 fastran_eq0_efit_3 DEBUG    Running - CompID =  fastran_000001@efit@3
2026-02-12 12:34:16,265 fastran_eq0_efit_3 DEBUG    _init_event_service(): self.counter = 0 - <fastran.equilibrium.efit.efit object at 0x14e1e9e3abb0>
2026-02-12 12:34:16,271 fastran_tr0_fastran_4 DEBUG    __initialize__(): <fastran.solver.fastran.fastran object at 0x14e1e9e45d30>  fastran_000001@fastran@4 
2026-02-12 12:34:16,276 fastran_tr0_fastran_4 DEBUG    Running - CompID =  fastran_000001@fastran@4
2026-02-12 12:34:16,278 fastran_tr0_fastran_4 DEBUG    _init_event_service(): self.counter = 0 - <fastran.solver.fastran.fastran object at 0x14e1e9e45d30>
2026-02-12 12:34:16,281 fastran_pre_constraint_current_5 DEBUG    __initialize__(): <fastran.constraint.constraint_current.constraint_current object at 0x14e1e9e4fbe0>  fastran_000001@constraint_current@5 
2026-02-12 12:34:16,286 fastran_pre_constraint_current_5 DEBUG    Running - CompID =  fastran_000001@constraint_current@5
2026-02-12 12:34:16,287 fastran_pre_constraint_current_5 DEBUG    _init_event_service(): self.counter = 0 - <fastran.constraint.constraint_current.constraint_current object at 0x14e1e9e4fbe0>
2026-02-12 12:34:16,292 fastran_ec_toray_6 DEBUG    __initialize__(): <fastran.heating.toray.toray object at 0x14e1e9e45fa0>  fastran_000001@toray@6 
2026-02-12 12:34:16,297 fastran_ec_toray_6 DEBUG    Running - CompID =  fastran_000001@toray@6
2026-02-12 12:34:16,298 fastran_ec_toray_6 DEBUG    _init_event_service(): self.counter = 0 - <fastran.heating.toray.toray object at 0x14e1e9e45fa0>
2026-02-12 12:34:16,300 fastran_nb_nubeam_7 DEBUG    __initialize__(): <fastran.heating.nubeam.nubeam object at 0x14e1e9e63a30>  fastran_000001@nubeam@7 
2026-02-12 12:34:16,304 fastran_eq_efit_8 DEBUG    __initialize__(): <fastran.equilibrium.efit.efit object at 0x14e1e9e6b400>  fastran_000001@efit@8 
2026-02-12 12:34:16,305 fastran_nb_nubeam_7 DEBUG    Running - CompID =  fastran_000001@nubeam@7
2026-02-12 12:34:16,305 fastran_nb_nubeam_7 DEBUG    _init_event_service(): self.counter = 0 - <fastran.heating.nubeam.nubeam object at 0x14e1e9e63a30>
2026-02-12 12:34:16,309 fastran_tr_fastran_9 DEBUG    __initialize__(): <fastran.solver.fastran.fastran object at 0x14e1e9e6bd30>  fastran_000001@fastran@9 
2026-02-12 12:34:16,309 fastran_eq_efit_8 DEBUG    Running - CompID =  fastran_000001@efit@8
2026-02-12 12:34:16,310 fastran_eq_efit_8 DEBUG    _init_event_service(): self.counter = 0 - <fastran.equilibrium.efit.efit object at 0x14e1e9e6b400>
2026-02-12 12:34:16,314 fastran_tr_fastran_9 DEBUG    Running - CompID =  fastran_000001@fastran@9
2026-02-12 12:34:16,315 fastran_tr_fastran_9 DEBUG    _init_event_service(): self.counter = 0 - <fastran.solver.fastran.fastran object at 0x14e1e9e6bd30>
2026-02-12 12:34:18,649 fastran_ep_far3d_10 DEBUG    __initialize__(): <fastran.stability.far3d.far3d object at 0x14e1066c68e0>  fastran_000001@far3d@10 
2026-02-12 12:34:18,657 fastran_ep_far3d_10 DEBUG    Running - CompID =  fastran_000001@far3d@10
2026-02-12 12:34:18,658 fastran_ep_far3d_10 DEBUG    _init_event_service(): self.counter = 0 - <fastran.stability.far3d.far3d object at 0x14e1066c68e0>
2026-02-12 12:34:19,017 fastran_init_fastran_init_1 DEBUG    Received Message 
2026-02-12 12:34:19,017 fastran_init_fastran_init_1 DEBUG    Calling method init(0)
2026-02-12 12:34:19,023 fastran_init_fastran_init_1 DEBUG    Received Message 
2026-02-12 12:34:19,023 fastran_init_fastran_init_1 DEBUG    Calling method step(0)
2026-02-12 12:34:19,028 fastran_init_fastran_init_1 DEBUG    _invoke_service(): getTopic  ('_IPS_MONITOR',)
2026-02-12 12:34:19,029 fastran_init_fastran_init_1 DEBUG    _get_service_response(REQUEST|fastran_000001@fastran_init@1|FRAMEWORK@Framework@0|0)
2026-02-12 12:34:19,039 fastran_init_fastran_init_1 DEBUG    _get_service_response(REQUEST|fastran_000001@fastran_init@1|FRAMEWORK@Framework@0|0), response = ServiceResponseMessage(sender_id=FRAMEWORK@Framework@0, receiver_id=fastran_000001@fastran_init@1, request_msg_id=REQUEST|fastran_000001@fastran_init@1|FRAMEWORK@Framework@0|0,status=0, args=(<ipsframework.cca_es_spec.Topic object at 0x14e1e9e3a160>,), message_id=RESPONSE|FRAMEWORK@Framework@0|fastran_000001@fastran_init@1|8)
2026-02-12 12:34:19,040 fastran_init_fastran_init_1 DEBUG    _invoke_service(): sendEvent  ('_IPS_MONITOR', 'PORTAL_EVENT', {'sim_name': 'fastran_000001', 'real_sim_name': 'fastran_000001', 'portal_data': {'code': 'fastran_init_fastran_init', 'eventtype': 'IPS_STAGE_INPUTS', 'ok': True, 'walltime': '6.23', 'time': '2026-02-12|12:34:19PST', 'trace': {'timestamp': 1770928459023810, 'duration': 4914, 'localEndpoint': {'serviceName': 'stage_input_files'}, 'name': 'instate', 'id': '55339cced059be1a', 'parentId': '716300f3071b3c32', 'tags': {}}, 'state': 'Running', 'comment': 'Elapsed time = 0.005 Path = /pscratch/sd/y/yashu_gh/FREDA_KSTAR_2/ips-fastran/examples/far3d/example1/input Files = instate'}})
2026-02-12 12:34:19,040 fastran_init_fastran_init_1 DEBUG    _get_service_response(REQUEST|fastran_000001@fastran_init@1|FRAMEWORK@Framework@0|1)
2026-02-12 12:34:19,050 fastran_init_fastran_init_1 DEBUG    _get_service_response(REQUEST|fastran_000001@fastran_init@1|FRAMEWORK@Framework@0|1), response = ServiceResponseMessage(sender_id=FRAMEWORK@Framework@0, receiver_id=fastran_000001@fastran_init@1, request_msg_id=REQUEST|fastran_000001@fastran_init@1|FRAMEWORK@Framework@0|1,status=0, args=(None,), message_id=RESPONSE|FRAMEWORK@Framework@0|fastran_000001@fastran_init@1|9)
2026-02-12 12:34:19,552 fastran_init_fastran_init_1 DEBUG    _invoke_service(): update_state  (['s000001.00001', 'g000001.00001', 'i000001.00001'], '/pscratch/sd/y/yashu_gh/FREDA_KSTAR_2/ips-fastran/examples/far3d/example1/SCAN/work/fastran_init_fastran_init_1', '/pscratch/sd/y/yashu_gh/FREDA_KSTAR_2/ips-fastran/examples/far3d/example1/SCAN/work/plasma_state')
2026-02-12 12:34:19,552 fastran_init_fastran_init_1 DEBUG    _get_service_response(REQUEST|fastran_000001@fastran_init@1|FRAMEWORK@Framework@0|2)
2026-02-12 12:34:19,573 fastran_init_fastran_init_1 DEBUG    _get_service_response(REQUEST|fastran_000001@fastran_init@1|FRAMEWORK@Framework@0|2), response = ServiceResponseMessage(sender_id=FRAMEWORK@Framework@0, receiver_id=fastran_000001@fastran_init@1, request_msg_id=REQUEST|fastran_000001@fastran_init@1|FRAMEWORK@Framework@0|2,status=0, args=(0,), message_id=RESPONSE|FRAMEWORK@Framework@0|fastran_000001@fastran_init@1|11)
2026-02-12 12:34:19,573 fastran_init_fastran_init_1 DEBUG    _invoke_service(): getTopic  ('_IPS_MONITOR',)
2026-02-12 12:34:19,573 fastran_init_fastran_init_1 DEBUG    _get_service_response(REQUEST|fastran_000001@fastran_init@1|FRAMEWORK@Framework@0|3)
2026-02-12 12:34:19,584 fastran_init_fastran_init_1 DEBUG    _get_service_response(REQUEST|fastran_000001@fastran_init@1|FRAMEWORK@Framework@0|3), response = ServiceResponseMessage(sender_id=FRAMEWORK@Framework@0, receiver_id=fastran_000001@fastran_init@1, request_msg_id=REQUEST|fastran_000001@fastran_init@1|FRAMEWORK@Framework@0|3,status=0, args=(<ipsframework.cca_es_spec.Topic object at 0x14e1e1dc8490>,), message_id=RESPONSE|FRAMEWORK@Framework@0|fastran_000001@fastran_init@1|12)
2026-02-12 12:34:19,584 fastran_init_fastran_init_1 DEBUG    _invoke_service(): sendEvent  ('_IPS_MONITOR', 'PORTAL_EVENT', {'sim_name': 'fastran_000001', 'real_sim_name': 'fastran_000001', 'portal_data': {'code': 'fastran_init_fastran_init', 'eventtype': 'IPS_UPDATE_STATE', 'ok': True, 'walltime': '6.77', 'time': '2026-02-12|12:34:19PST', 'trace': {'timestamp': 1770928459552449, 'duration': 21044, 'localEndpoint': {'serviceName': 'update_state'}, 'name': "['s000001.00001', 'g000001.00001', 'i000001.00001']", 'id': '7629e189a66153c0', 'parentId': '716300f3071b3c32', 'tags': {}}, 'state': 'Running', 'comment': 'Elapsed time = 0.021   files = s000001.00001 g000001.00001 i000001.00001 Success'}})
2026-02-12 12:34:19,584 fastran_init_fastran_init_1 DEBUG    _get_service_response(REQUEST|fastran_000001@fastran_init@1|FRAMEWORK@Framework@0|4)
2026-02-12 12:34:19,595 fastran_init_fastran_init_1 DEBUG    _get_service_response(REQUEST|fastran_000001@fastran_init@1|FRAMEWORK@Framework@0|4), response = ServiceResponseMessage(sender_id=FRAMEWORK@Framework@0, receiver_id=fastran_000001@fastran_init@1, request_msg_id=REQUEST|fastran_000001@fastran_init@1|FRAMEWORK@Framework@0|4,status=0, args=(None,), message_id=RESPONSE|FRAMEWORK@Framework@0|fastran_000001@fastran_init@1|13)
2026-02-12 12:34:19,596 fastran_init_fastran_init_1 DEBUG    _invoke_service(): getTopic  ('_IPS_MONITOR',)
2026-02-12 12:34:19,596 fastran_init_fastran_init_1 DEBUG    _get_service_response(REQUEST|fastran_000001@fastran_init@1|FRAMEWORK@Framework@0|5)
2026-02-12 12:34:19,607 fastran_init_fastran_init_1 DEBUG    _get_service_response(REQUEST|fastran_000001@fastran_init@1|FRAMEWORK@Framework@0|5), response = ServiceResponseMessage(sender_id=FRAMEWORK@Framework@0, receiver_id=fastran_000001@fastran_init@1, request_msg_id=REQUEST|fastran_000001@fastran_init@1|FRAMEWORK@Framework@0|5,status=0, args=(<ipsframework.cca_es_spec.Topic object at 0x14e1e1dc8610>,), message_id=RESPONSE|FRAMEWORK@Framework@0|fastran_000001@fastran_init@1|14)
2026-02-12 12:34:19,607 fastran_init_fastran_init_1 DEBUG    _invoke_service(): sendEvent  ('_IPS_MONITOR', 'PORTAL_EVENT', {'sim_name': 'fastran_000001', 'real_sim_name': 'fastran_000001', 'portal_data': {'code': 'fastran_init_fastran_init', 'eventtype': 'IPS_STAGE_OUTPUTS', 'ok': True, 'walltime': '6.79', 'time': '2026-02-12|12:34:19PST', 'trace': {'timestamp': 1770928459595061, 'duration': 1784, 'localEndpoint': {'serviceName': 'stage_output_files'}, 'name': '[]', 'id': 'ed019efe11be26d9', 'parentId': '716300f3071b3c32', 'tags': {}}, 'state': 'Running', 'comment': 'Elapsed time = 0.002 Path = /pscratch/sd/y/yashu_gh/FREDA_KSTAR_2/ips-fastran/examples/far3d/example1/SCAN/simulation_results/0/components/fastran_init_fastran_init_1 Files = []'}})
2026-02-12 12:34:19,607 fastran_init_fastran_init_1 DEBUG    _get_service_response(REQUEST|fastran_000001@fastran_init@1|FRAMEWORK@Framework@0|6)
2026-02-12 12:34:19,618 fastran_init_fastran_init_1 DEBUG    _get_service_response(REQUEST|fastran_000001@fastran_init@1|FRAMEWORK@Framework@0|6), response = ServiceResponseMessage(sender_id=FRAMEWORK@Framework@0, receiver_id=fastran_000001@fastran_init@1, request_msg_id=REQUEST|fastran_000001@fastran_init@1|FRAMEWORK@Framework@0|6,status=0, args=(None,), message_id=RESPONSE|FRAMEWORK@Framework@0|fastran_000001@fastran_init@1|15)
2026-02-12 12:34:19,619 fastran_init_fastran_init_1 DEBUG    Received Message 
2026-02-12 12:34:19,619 fastran_init_fastran_init_1 DEBUG    Calling method finalize(0)
2026-02-12 12:34:19,620 fastran_driver_fastran_driver_2 DEBUG    Received Message 
2026-02-12 12:34:19,620 fastran_driver_fastran_driver_2 DEBUG    Calling method init(0)
2026-02-12 12:34:19,622 fastran_driver_fastran_driver_2 DEBUG    Received Message 
2026-02-12 12:34:19,622 fastran_driver_fastran_driver_2 DEBUG    Calling method step(0)
2026-02-12 12:34:19,623 fastran_driver_fastran_driver_2 DEBUG    _invoke_service(): getTopic  ('_IPS_MONITOR',)
2026-02-12 12:34:19,623 fastran_driver_fastran_driver_2 DEBUG    _get_service_response(REQUEST|fastran_000001@fastran_driver@2|FRAMEWORK@Framework@0|0)
2026-02-12 12:34:19,634 fastran_driver_fastran_driver_2 DEBUG    _get_service_response(REQUEST|fastran_000001@fastran_driver@2|FRAMEWORK@Framework@0|0), response = ServiceResponseMessage(sender_id=FRAMEWORK@Framework@0, receiver_id=fastran_000001@fastran_driver@2, request_msg_id=REQUEST|fastran_000001@fastran_driver@2|FRAMEWORK@Framework@0|0,status=0, args=(<ipsframework.cca_es_spec.Topic object at 0x14e1e9e3aa60>,), message_id=RESPONSE|FRAMEWORK@Framework@0|fastran_000001@fastran_driver@2|16)
2026-02-12 12:34:19,635 fastran_driver_fastran_driver_2 DEBUG    _invoke_service(): sendEvent  ('_IPS_MONITOR', 'PORTAL_EVENT', {'sim_name': 'fastran_000001', 'real_sim_name': 'fastran_000001', 'portal_data': {'code': 'fastran_driver_fastran_driver', 'eventtype': 'IPS_STAGE_INPUTS', 'ok': True, 'walltime': '6.82', 'time': '2026-02-12|12:34:19PST', 'trace': {'timestamp': 1770928459622952, 'duration': 153, 'localEndpoint': {'serviceName': 'stage_input_files'}, 'name': '', 'id': 'e70cb59b389672bf', 'parentId': '15e0663de819b9fa', 'tags': {}}, 'state': 'Running', 'comment': 'Elapsed time = 0.000 Path = /pscratch/sd/y/yashu_gh/FREDA_KSTAR_2/ips-fastran/examples/far3d/example1/input Files = '}})
2026-02-12 12:34:19,635 fastran_driver_fastran_driver_2 DEBUG    _get_service_response(REQUEST|fastran_000001@fastran_driver@2|FRAMEWORK@Framework@0|1)
2026-02-12 12:34:19,646 fastran_driver_fastran_driver_2 DEBUG    _get_service_response(REQUEST|fastran_000001@fastran_driver@2|FRAMEWORK@Framework@0|1), response = ServiceResponseMessage(sender_id=FRAMEWORK@Framework@0, receiver_id=fastran_000001@fastran_driver@2, request_msg_id=REQUEST|fastran_000001@fastran_driver@2|FRAMEWORK@Framework@0|1,status=0, args=(None,), message_id=RESPONSE|FRAMEWORK@Framework@0|fastran_000001@fastran_driver@2|17)
2026-02-12 12:34:19,646 fastran_driver_fastran_driver_2 DEBUG    _invoke_service(): stage_state  (['s000001.00001', 'g000001.00001', 'i000001.00001'], '/pscratch/sd/y/yashu_gh/FREDA_KSTAR_2/ips-fastran/examples/far3d/example1/SCAN/work/plasma_state', '/pscratch/sd/y/yashu_gh/FREDA_KSTAR_2/ips-fastran/examples/far3d/example1/SCAN/work/fastran_driver_fastran_driver_2')
2026-02-12 12:34:19,646 fastran_driver_fastran_driver_2 DEBUG    _get_service_response(REQUEST|fastran_000001@fastran_driver@2|FRAMEWORK@Framework@0|2)
2026-02-12 12:34:19,667 fastran_driver_fastran_driver_2 DEBUG    _get_service_response(REQUEST|fastran_000001@fastran_driver@2|FRAMEWORK@Framework@0|2), response = ServiceResponseMessage(sender_id=FRAMEWORK@Framework@0, receiver_id=fastran_000001@fastran_driver@2, request_msg_id=REQUEST|fastran_000001@fastran_driver@2|FRAMEWORK@Framework@0|2,status=0, args=(0,), message_id=RESPONSE|FRAMEWORK@Framework@0|fastran_000001@fastran_driver@2|18)
2026-02-12 12:34:19,668 fastran_driver_fastran_driver_2 DEBUG    _invoke_service(): getTopic  ('_IPS_MONITOR',)
2026-02-12 12:34:19,668 fastran_driver_fastran_driver_2 DEBUG    _get_service_response(REQUEST|fastran_000001@fastran_driver@2|FRAMEWORK@Framework@0|3)
2026-02-12 12:34:19,678 fastran_driver_fastran_driver_2 DEBUG    _get_service_response(REQUEST|fastran_000001@fastran_driver@2|FRAMEWORK@Framework@0|3), response = ServiceResponseMessage(sender_id=FRAMEWORK@Framework@0, receiver_id=fastran_000001@fastran_driver@2, request_msg_id=REQUEST|fastran_000001@fastran_driver@2|FRAMEWORK@Framework@0|3,status=0, args=(<ipsframework.cca_es_spec.Topic object at 0x14e1e9e3a940>,), message_id=RESPONSE|FRAMEWORK@Framework@0|fastran_000001@fastran_driver@2|19)
2026-02-12 12:34:19,678 fastran_driver_fastran_driver_2 DEBUG    _invoke_service(): sendEvent  ('_IPS_MONITOR', 'PORTAL_EVENT', {'sim_name': 'fastran_000001', 'real_sim_name': 'fastran_000001', 'portal_data': {'code': 'fastran_driver_fastran_driver', 'eventtype': 'IPS_STAGE_STATE', 'ok': True, 'walltime': '6.87', 'time': '2026-02-12|12:34:19PST', 'trace': {'timestamp': 1770928459646158, 'duration': 21866, 'localEndpoint': {'serviceName': 'stage_state'}, 'name': "['s000001.00001', 'g000001.00001', 'i000001.00001']", 'id': '71885aecf25d7412', 'parentId': '15e0663de819b9fa', 'tags': {}}, 'state': 'Running', 'comment': 'Elapsed time = 0.022  files = s000001.00001 g000001.00001 i000001.00001 Success'}})
2026-02-12 12:34:19,678 fastran_driver_fastran_driver_2 DEBUG    _get_service_response(REQUEST|fastran_000001@fastran_driver@2|FRAMEWORK@Framework@0|4)
2026-02-12 12:34:19,689 fastran_driver_fastran_driver_2 DEBUG    _get_service_response(REQUEST|fastran_000001@fastran_driver@2|FRAMEWORK@Framework@0|4), response = ServiceResponseMessage(sender_id=FRAMEWORK@Framework@0, receiver_id=fastran_000001@fastran_driver@2, request_msg_id=REQUEST|fastran_000001@fastran_driver@2|FRAMEWORK@Framework@0|4,status=0, args=(None,), message_id=RESPONSE|FRAMEWORK@Framework@0|fastran_000001@fastran_driver@2|20)
2026-02-12 12:34:19,689 fastran_driver_fastran_driver_2 DEBUG    _invoke_service(): get_port  ('INIT',)
2026-02-12 12:34:19,689 fastran_driver_fastran_driver_2 DEBUG    _get_service_response(REQUEST|fastran_000001@fastran_driver@2|FRAMEWORK@Framework@0|5)
2026-02-12 12:34:19,700 fastran_driver_fastran_driver_2 DEBUG    _get_service_response(REQUEST|fastran_000001@fastran_driver@2|FRAMEWORK@Framework@0|5), response = ServiceResponseMessage(sender_id=FRAMEWORK@Framework@0, receiver_id=fastran_000001@fastran_driver@2, request_msg_id=REQUEST|fastran_000001@fastran_driver@2|FRAMEWORK@Framework@0|5,status=0, args=(fastran_000001@fastran_init@1,), message_id=RESPONSE|FRAMEWORK@Framework@0|fastran_000001@fastran_driver@2|21)
2026-02-12 12:34:19,700 fastran_driver_fastran_driver_2 DEBUG    _invoke_service(): get_port  ('EQ0',)
2026-02-12 12:34:19,700 fastran_driver_fastran_driver_2 DEBUG    _get_service_response(REQUEST|fastran_000001@fastran_driver@2|FRAMEWORK@Framework@0|6)
2026-02-12 12:34:19,711 fastran_driver_fastran_driver_2 DEBUG    _get_service_response(REQUEST|fastran_000001@fastran_driver@2|FRAMEWORK@Framework@0|6), response = ServiceResponseMessage(sender_id=FRAMEWORK@Framework@0, receiver_id=fastran_000001@fastran_driver@2, request_msg_id=REQUEST|fastran_000001@fastran_driver@2|FRAMEWORK@Framework@0|6,status=0, args=(fastran_000001@efit@3,), message_id=RESPONSE|FRAMEWORK@Framework@0|fastran_000001@fastran_driver@2|22)
2026-02-12 12:34:19,711 fastran_driver_fastran_driver_2 DEBUG    _invoke_service(): get_port  ('TR0',)
2026-02-12 12:34:19,711 fastran_driver_fastran_driver_2 DEBUG    _get_service_response(REQUEST|fastran_000001@fastran_driver@2|FRAMEWORK@Framework@0|7)
2026-02-12 12:34:19,722 fastran_driver_fastran_driver_2 DEBUG    _get_service_response(REQUEST|fastran_000001@fastran_driver@2|FRAMEWORK@Framework@0|7), response = ServiceResponseMessage(sender_id=FRAMEWORK@Framework@0, receiver_id=fastran_000001@fastran_driver@2, request_msg_id=REQUEST|fastran_000001@fastran_driver@2|FRAMEWORK@Framework@0|7,status=0, args=(fastran_000001@fastran@4,), message_id=RESPONSE|FRAMEWORK@Framework@0|fastran_000001@fastran_driver@2|23)
2026-02-12 12:34:19,722 fastran_driver_fastran_driver_2 DEBUG    _invoke_service(): get_port  ('BC0',)
2026-02-12 12:34:19,722 fastran_driver_fastran_driver_2 DEBUG    _get_service_response(REQUEST|fastran_000001@fastran_driver@2|FRAMEWORK@Framework@0|8)
2026-02-12 12:34:19,733 fastran_driver_fastran_driver_2 DEBUG    _get_service_response(REQUEST|fastran_000001@fastran_driver@2|FRAMEWORK@Framework@0|8), response = ServiceResponseMessage(sender_id=FRAMEWORK@Framework@0, receiver_id=fastran_000001@fastran_driver@2, request_msg_id=REQUEST|fastran_000001@fastran_driver@2|FRAMEWORK@Framework@0|8,status=0, args=(fastran_000001@constraint_current@5,), message_id=RESPONSE|FRAMEWORK@Framework@0|fastran_000001@fastran_driver@2|24)
2026-02-12 12:34:19,733 fastran_driver_fastran_driver_2 DEBUG    _invoke_service(): get_port  ('EC',)
2026-02-12 12:34:19,733 fastran_driver_fastran_driver_2 DEBUG    _get_service_response(REQUEST|fastran_000001@fastran_driver@2|FRAMEWORK@Framework@0|9)
2026-02-12 12:34:19,744 fastran_driver_fastran_driver_2 DEBUG    _get_service_response(REQUEST|fastran_000001@fastran_driver@2|FRAMEWORK@Framework@0|9), response = ServiceResponseMessage(sender_id=FRAMEWORK@Framework@0, receiver_id=fastran_000001@fastran_driver@2, request_msg_id=REQUEST|fastran_000001@fastran_driver@2|FRAMEWORK@Framework@0|9,status=0, args=(fastran_000001@toray@6,), message_id=RESPONSE|FRAMEWORK@Framework@0|fastran_000001@fastran_driver@2|25)
2026-02-12 12:34:19,744 fastran_driver_fastran_driver_2 DEBUG    _invoke_service(): get_port  ('NB',)
2026-02-12 12:34:19,744 fastran_driver_fastran_driver_2 DEBUG    _get_service_response(REQUEST|fastran_000001@fastran_driver@2|FRAMEWORK@Framework@0|10)
2026-02-12 12:34:19,755 fastran_driver_fastran_driver_2 DEBUG    _get_service_response(REQUEST|fastran_000001@fastran_driver@2|FRAMEWORK@Framework@0|10), response = ServiceResponseMessage(sender_id=FRAMEWORK@Framework@0, receiver_id=fastran_000001@fastran_driver@2, request_msg_id=REQUEST|fastran_000001@fastran_driver@2|FRAMEWORK@Framework@0|10,status=0, args=(fastran_000001@nubeam@7,), message_id=RESPONSE|FRAMEWORK@Framework@0|fastran_000001@fastran_driver@2|26)
2026-02-12 12:34:19,755 fastran_driver_fastran_driver_2 DEBUG    _invoke_service(): get_port  ('EQ',)
2026-02-12 12:34:19,755 fastran_driver_fastran_driver_2 DEBUG    _get_service_response(REQUEST|fastran_000001@fastran_driver@2|FRAMEWORK@Framework@0|11)
2026-02-12 12:34:19,766 fastran_driver_fastran_driver_2 DEBUG    _get_service_response(REQUEST|fastran_000001@fastran_driver@2|FRAMEWORK@Framework@0|11), response = ServiceResponseMessage(sender_id=FRAMEWORK@Framework@0, receiver_id=fastran_000001@fastran_driver@2, request_msg_id=REQUEST|fastran_000001@fastran_driver@2|FRAMEWORK@Framework@0|11,status=0, args=(fastran_000001@efit@8,), message_id=RESPONSE|FRAMEWORK@Framework@0|fastran_000001@fastran_driver@2|27)
2026-02-12 12:34:19,766 fastran_driver_fastran_driver_2 DEBUG    _invoke_service(): get_port  ('TR',)
2026-02-12 12:34:19,766 fastran_driver_fastran_driver_2 DEBUG    _get_service_response(REQUEST|fastran_000001@fastran_driver@2|FRAMEWORK@Framework@0|12)
2026-02-12 12:34:19,777 fastran_driver_fastran_driver_2 DEBUG    _get_service_response(REQUEST|fastran_000001@fastran_driver@2|FRAMEWORK@Framework@0|12), response = ServiceResponseMessage(sender_id=FRAMEWORK@Framework@0, receiver_id=fastran_000001@fastran_driver@2, request_msg_id=REQUEST|fastran_000001@fastran_driver@2|FRAMEWORK@Framework@0|12,status=0, args=(fastran_000001@fastran@9,), message_id=RESPONSE|FRAMEWORK@Framework@0|fastran_000001@fastran_driver@2|28)
2026-02-12 12:34:19,777 fastran_driver_fastran_driver_2 DEBUG    _invoke_service(): get_port  ('EP',)
2026-02-12 12:34:19,777 fastran_driver_fastran_driver_2 DEBUG    _get_service_response(REQUEST|fastran_000001@fastran_driver@2|FRAMEWORK@Framework@0|13)
2026-02-12 12:34:19,788 fastran_driver_fastran_driver_2 DEBUG    _get_service_response(REQUEST|fastran_000001@fastran_driver@2|FRAMEWORK@Framework@0|13), response = ServiceResponseMessage(sender_id=FRAMEWORK@Framework@0, receiver_id=fastran_000001@fastran_driver@2, request_msg_id=REQUEST|fastran_000001@fastran_driver@2|FRAMEWORK@Framework@0|13,status=0, args=(fastran_000001@far3d@10,), message_id=RESPONSE|FRAMEWORK@Framework@0|fastran_000001@fastran_driver@2|29)
2026-02-12 12:34:19,788 fastran_driver_fastran_driver_2 DEBUG    _invoke_service(): getTopic  ('_IPS_MONITOR',)
2026-02-12 12:34:19,789 fastran_driver_fastran_driver_2 DEBUG    _get_service_response(REQUEST|fastran_000001@fastran_driver@2|FRAMEWORK@Framework@0|14)
2026-02-12 12:34:19,799 fastran_driver_fastran_driver_2 DEBUG    _get_service_response(REQUEST|fastran_000001@fastran_driver@2|FRAMEWORK@Framework@0|14), response = ServiceResponseMessage(sender_id=FRAMEWORK@Framework@0, receiver_id=fastran_000001@fastran_driver@2, request_msg_id=REQUEST|fastran_000001@fastran_driver@2|FRAMEWORK@Framework@0|14,status=0, args=(<ipsframework.cca_es_spec.Topic object at 0x14e1e9e3ac40>,), message_id=RESPONSE|FRAMEWORK@Framework@0|fastran_000001@fastran_driver@2|30)
2026-02-12 12:34:19,799 fastran_driver_fastran_driver_2 DEBUG    _invoke_service(): sendEvent  ('_IPS_MONITOR', 'PORTAL_EVENT', {'sim_name': 'fastran_000001', 'real_sim_name': 'fastran_000001', 'portal_data': {'code': 'fastran_driver_fastran_driver', 'eventtype': 'IPS_CALL_BEGIN', 'ok': True, 'walltime': '6.99', 'time': '2026-02-12|12:34:19PST', 'state': 'Running', 'comment': 'Target = fastran_000001@efit@3:init(0)'}})
2026-02-12 12:34:19,800 fastran_driver_fastran_driver_2 DEBUG    _get_service_response(REQUEST|fastran_000001@fastran_driver@2|FRAMEWORK@Framework@0|15)
2026-02-12 12:34:19,810 fastran_driver_fastran_driver_2 DEBUG    _get_service_response(REQUEST|fastran_000001@fastran_driver@2|FRAMEWORK@Framework@0|15), response = ServiceResponseMessage(sender_id=FRAMEWORK@Framework@0, receiver_id=fastran_000001@fastran_driver@2, request_msg_id=REQUEST|fastran_000001@fastran_driver@2|FRAMEWORK@Framework@0|15,status=0, args=(None,), message_id=RESPONSE|FRAMEWORK@Framework@0|fastran_000001@fastran_driver@2|31)
2026-02-12 12:34:19,811 fastran_driver_fastran_driver_2 DEBUG    _invoke_service(): init_call  ('init', '0')
2026-02-12 12:34:19,811 fastran_driver_fastran_driver_2 DEBUG    _get_service_response(REQUEST|fastran_000001@fastran_driver@2|FRAMEWORK@Framework@0|16)
2026-02-12 12:34:19,812 fastran_eq0_efit_3 DEBUG    Received Message 
2026-02-12 12:34:19,812 fastran_eq0_efit_3 DEBUG    Calling method init(0)
2026-02-12 12:34:19,815 fastran_eq0_efit_3 DEBUG    _invoke_service(): stage_state  (['s000001.00001', 'g000001.00001', 'i000001.00001'], '/pscratch/sd/y/yashu_gh/FREDA_KSTAR_2/ips-fastran/examples/far3d/example1/SCAN/work/plasma_state', '/pscratch/sd/y/yashu_gh/FREDA_KSTAR_2/ips-fastran/examples/far3d/example1/SCAN/work/fastran_eq0_efit_3')
2026-02-12 12:34:19,816 fastran_eq0_efit_3 DEBUG    _get_service_response(REQUEST|fastran_000001@efit@3|FRAMEWORK@Framework@0|0)
2026-02-12 12:34:19,822 fastran_driver_fastran_driver_2 DEBUG    _get_service_response(REQUEST|fastran_000001@fastran_driver@2|FRAMEWORK@Framework@0|16), response = ServiceResponseMessage(sender_id=FRAMEWORK@Framework@0, receiver_id=fastran_000001@fastran_driver@2, request_msg_id=REQUEST|fastran_000001@fastran_driver@2|FRAMEWORK@Framework@0|16,status=0, args=(11,), message_id=RESPONSE|FRAMEWORK@Framework@0|fastran_000001@fastran_driver@2|32)
2026-02-12 12:34:19,822 fastran_driver_fastran_driver_2 DEBUG    _invoke_service(): wait_call  (11, True)
2026-02-12 12:34:19,822 fastran_driver_fastran_driver_2 DEBUG    _get_service_response(REQUEST|fastran_000001@fastran_driver@2|FRAMEWORK@Framework@0|17)
2026-02-12 12:34:19,836 fastran_eq0_efit_3 DEBUG    _get_service_response(REQUEST|fastran_000001@efit@3|FRAMEWORK@Framework@0|0), response = ServiceResponseMessage(sender_id=FRAMEWORK@Framework@0, receiver_id=fastran_000001@efit@3, request_msg_id=REQUEST|fastran_000001@efit@3|FRAMEWORK@Framework@0|0,status=0, args=(0,), message_id=RESPONSE|FRAMEWORK@Framework@0|fastran_000001@efit@3|33)
2026-02-12 12:34:19,836 fastran_eq0_efit_3 DEBUG    _invoke_service(): getTopic  ('_IPS_MONITOR',)
2026-02-12 12:34:19,836 fastran_eq0_efit_3 DEBUG    _get_service_response(REQUEST|fastran_000001@efit@3|FRAMEWORK@Framework@0|1)
2026-02-12 12:34:19,847 fastran_eq0_efit_3 DEBUG    _get_service_response(REQUEST|fastran_000001@efit@3|FRAMEWORK@Framework@0|1), response = ServiceResponseMessage(sender_id=FRAMEWORK@Framework@0, receiver_id=fastran_000001@efit@3, request_msg_id=REQUEST|fastran_000001@efit@3|FRAMEWORK@Framework@0|1,status=0, args=(<ipsframework.cca_es_spec.Topic object at 0x14e1e9e453d0>,), message_id=RESPONSE|FRAMEWORK@Framework@0|fastran_000001@efit@3|34)
2026-02-12 12:34:19,847 fastran_eq0_efit_3 DEBUG    _invoke_service(): sendEvent  ('_IPS_MONITOR', 'PORTAL_EVENT', {'sim_name': 'fastran_000001', 'real_sim_name': 'fastran_000001', 'portal_data': {'code': 'fastran_eq0_efit', 'eventtype': 'IPS_STAGE_STATE', 'ok': True, 'walltime': '7.03', 'time': '2026-02-12|12:34:19PST', 'trace': {'timestamp': 1770928459815446, 'duration': 21005, 'localEndpoint': {'serviceName': 'stage_state'}, 'name': "['s000001.00001', 'g000001.00001', 'i000001.00001']", 'id': '71885aecf25d7412', 'parentId': '97f6d0c73e3794c4', 'tags': {}}, 'state': 'Running', 'comment': 'Elapsed time = 0.021  files = s000001.00001 g000001.00001 i000001.00001 Success'}})
2026-02-12 12:34:19,847 fastran_eq0_efit_3 DEBUG    _get_service_response(REQUEST|fastran_000001@efit@3|FRAMEWORK@Framework@0|2)
2026-02-12 12:34:19,858 fastran_eq0_efit_3 DEBUG    _get_service_response(REQUEST|fastran_000001@efit@3|FRAMEWORK@Framework@0|2), response = ServiceResponseMessage(sender_id=FRAMEWORK@Framework@0, receiver_id=fastran_000001@efit@3, request_msg_id=REQUEST|fastran_000001@efit@3|FRAMEWORK@Framework@0|2,status=0, args=(None,), message_id=RESPONSE|FRAMEWORK@Framework@0|fastran_000001@efit@3|35)
2026-02-12 12:34:21,555 fastran_eq0_efit_3 DEBUG    _invoke_service(): update_state  (['s000001.00001', 'g000001.00001', 'i000001.00001'], '/pscratch/sd/y/yashu_gh/FREDA_KSTAR_2/ips-fastran/examples/far3d/example1/SCAN/work/fastran_eq0_efit_3', '/pscratch/sd/y/yashu_gh/FREDA_KSTAR_2/ips-fastran/examples/far3d/example1/SCAN/work/plasma_state')
2026-02-12 12:34:21,556 fastran_eq0_efit_3 DEBUG    _get_service_response(REQUEST|fastran_000001@efit@3|FRAMEWORK@Framework@0|3)
2026-02-12 12:34:21,576 fastran_eq0_efit_3 DEBUG    _get_service_response(REQUEST|fastran_000001@efit@3|FRAMEWORK@Framework@0|3), response = ServiceResponseMessage(sender_id=FRAMEWORK@Framework@0, receiver_id=fastran_000001@efit@3, request_msg_id=REQUEST|fastran_000001@efit@3|FRAMEWORK@Framework@0|3,status=0, args=(0,), message_id=RESPONSE|FRAMEWORK@Framework@0|fastran_000001@efit@3|39)
2026-02-12 12:34:21,576 fastran_eq0_efit_3 DEBUG    _invoke_service(): getTopic  ('_IPS_MONITOR',)
2026-02-12 12:34:21,576 fastran_eq0_efit_3 DEBUG    _get_service_response(REQUEST|fastran_000001@efit@3|FRAMEWORK@Framework@0|4)
2026-02-12 12:34:21,586 fastran_eq0_efit_3 DEBUG    _get_service_response(REQUEST|fastran_000001@efit@3|FRAMEWORK@Framework@0|4), response = ServiceResponseMessage(sender_id=FRAMEWORK@Framework@0, receiver_id=fastran_000001@efit@3, request_msg_id=REQUEST|fastran_000001@efit@3|FRAMEWORK@Framework@0|4,status=0, args=(<ipsframework.cca_es_spec.Topic object at 0x14e1e9e45be0>,), message_id=RESPONSE|FRAMEWORK@Framework@0|fastran_000001@efit@3|40)
2026-02-12 12:34:21,586 fastran_eq0_efit_3 DEBUG    _invoke_service(): sendEvent  ('_IPS_MONITOR', 'PORTAL_EVENT', {'sim_name': 'fastran_000001', 'real_sim_name': 'fastran_000001', 'portal_data': {'code': 'fastran_eq0_efit', 'eventtype': 'IPS_UPDATE_STATE', 'ok': True, 'walltime': '8.77', 'time': '2026-02-12|12:34:21PST', 'trace': {'timestamp': 1770928461555564, 'duration': 20607, 'localEndpoint': {'serviceName': 'update_state'}, 'name': "['s000001.00001', 'g000001.00001', 'i000001.00001']", 'id': '7629e189a66153c0', 'parentId': '97f6d0c73e3794c4', 'tags': {}}, 'state': 'Running', 'comment': 'Elapsed time = 0.021   files = s000001.00001 g000001.00001 i000001.00001 Success'}})
2026-02-12 12:34:21,587 fastran_eq0_efit_3 DEBUG    _get_service_response(REQUEST|fastran_000001@efit@3|FRAMEWORK@Framework@0|5)
2026-02-12 12:34:21,597 fastran_eq0_efit_3 DEBUG    _get_service_response(REQUEST|fastran_000001@efit@3|FRAMEWORK@Framework@0|5), response = ServiceResponseMessage(sender_id=FRAMEWORK@Framework@0, receiver_id=fastran_000001@efit@3, request_msg_id=REQUEST|fastran_000001@efit@3|FRAMEWORK@Framework@0|5,status=0, args=(None,), message_id=RESPONSE|FRAMEWORK@Framework@0|fastran_000001@efit@3|41)
2026-02-12 12:34:21,608 fastran_driver_fastran_driver_2 DEBUG    _get_service_response(REQUEST|fastran_000001@fastran_driver@2|FRAMEWORK@Framework@0|17), response = ServiceResponseMessage(sender_id=FRAMEWORK@Framework@0, receiver_id=fastran_000001@fastran_driver@2, request_msg_id=REQUEST|fastran_000001@fastran_driver@2|FRAMEWORK@Framework@0|17,status=0, args=((None,),), message_id=RESPONSE|FRAMEWORK@Framework@0|fastran_000001@fastran_driver@2|43)
2026-02-12 12:34:21,608 fastran_driver_fastran_driver_2 DEBUG    _invoke_service(): getTopic  ('_IPS_MONITOR',)
2026-02-12 12:34:21,608 fastran_driver_fastran_driver_2 DEBUG    _get_service_response(REQUEST|fastran_000001@fastran_driver@2|FRAMEWORK@Framework@0|18)
2026-02-12 12:34:21,619 fastran_driver_fastran_driver_2 DEBUG    _get_service_response(REQUEST|fastran_000001@fastran_driver@2|FRAMEWORK@Framework@0|18), response = ServiceResponseMessage(sender_id=FRAMEWORK@Framework@0, receiver_id=fastran_000001@fastran_driver@2, request_msg_id=REQUEST|fastran_000001@fastran_driver@2|FRAMEWORK@Framework@0|18,status=0, args=(<ipsframework.cca_es_spec.Topic object at 0x14e1e9e3a3d0>,), message_id=RESPONSE|FRAMEWORK@Framework@0|fastran_000001@fastran_driver@2|44)
2026-02-12 12:34:21,619 fastran_driver_fastran_driver_2 DEBUG    _invoke_service(): sendEvent  ('_IPS_MONITOR', 'PORTAL_EVENT', {'sim_name': 'fastran_000001', 'real_sim_name': 'fastran_000001', 'portal_data': {'code': 'fastran_driver_fastran_driver', 'eventtype': 'IPS_CALL_END', 'ok': True, 'walltime': '8.81', 'time': '2026-02-12|12:34:21PST', 'trace': {'timestamp': 1770928459822571, 'duration': 1786140, 'localEndpoint': {'serviceName': 'fastran_000001@efit@3'}, 'name': 'init(0)', 'id': '97f6d0c73e3794c4', 'parentId': '15e0663de819b9fa', 'tags': {}}, 'state': 'Running', 'comment': 'Target = fastran_000001@efit@3:init(0)'}})
2026-02-12 12:34:21,620 fastran_driver_fastran_driver_2 DEBUG    _get_service_response(REQUEST|fastran_000001@fastran_driver@2|FRAMEWORK@Framework@0|19)
2026-02-12 12:34:21,630 fastran_driver_fastran_driver_2 DEBUG    _get_service_response(REQUEST|fastran_000001@fastran_driver@2|FRAMEWORK@Framework@0|19), response = ServiceResponseMessage(sender_id=FRAMEWORK@Framework@0, receiver_id=fastran_000001@fastran_driver@2, request_msg_id=REQUEST|fastran_000001@fastran_driver@2|FRAMEWORK@Framework@0|19,status=0, args=(None,), message_id=RESPONSE|FRAMEWORK@Framework@0|fastran_000001@fastran_driver@2|45)
2026-02-12 12:34:21,631 fastran_driver_fastran_driver_2 DEBUG    _invoke_service(): getTopic  ('_IPS_MONITOR',)
2026-02-12 12:34:21,631 fastran_driver_fastran_driver_2 DEBUG    _get_service_response(REQUEST|fastran_000001@fastran_driver@2|FRAMEWORK@Framework@0|20)
2026-02-12 12:34:21,641 fastran_driver_fastran_driver_2 DEBUG    _get_service_response(REQUEST|fastran_000001@fastran_driver@2|FRAMEWORK@Framework@0|20), response = ServiceResponseMessage(sender_id=FRAMEWORK@Framework@0, receiver_id=fastran_000001@fastran_driver@2, request_msg_id=REQUEST|fastran_000001@fastran_driver@2|FRAMEWORK@Framework@0|20,status=0, args=(<ipsframework.cca_es_spec.Topic object at 0x14e1e9e3abb0>,), message_id=RESPONSE|FRAMEWORK@Framework@0|fastran_000001@fastran_driver@2|46)
2026-02-12 12:34:21,642 fastran_driver_fastran_driver_2 DEBUG    _invoke_service(): sendEvent  ('_IPS_MONITOR', 'PORTAL_EVENT', {'sim_name': 'fastran_000001', 'real_sim_name': 'fastran_000001', 'portal_data': {'code': 'fastran_driver_fastran_driver', 'eventtype': 'IPS_CALL_BEGIN', 'ok': True, 'walltime': '8.83', 'time': '2026-02-12|12:34:21PST', 'state': 'Running', 'comment': 'Target = fastran_000001@fastran@4:init(0)'}})
2026-02-12 12:34:21,642 fastran_driver_fastran_driver_2 DEBUG    _get_service_response(REQUEST|fastran_000001@fastran_driver@2|FRAMEWORK@Framework@0|21)
2026-02-12 12:34:21,653 fastran_driver_fastran_driver_2 DEBUG    _get_service_response(REQUEST|fastran_000001@fastran_driver@2|FRAMEWORK@Framework@0|21), response = ServiceResponseMessage(sender_id=FRAMEWORK@Framework@0, receiver_id=fastran_000001@fastran_driver@2, request_msg_id=REQUEST|fastran_000001@fastran_driver@2|FRAMEWORK@Framework@0|21,status=0, args=(None,), message_id=RESPONSE|FRAMEWORK@Framework@0|fastran_000001@fastran_driver@2|47)
2026-02-12 12:34:21,653 fastran_driver_fastran_driver_2 DEBUG    _invoke_service(): init_call  ('init', '0')
2026-02-12 12:34:21,653 fastran_driver_fastran_driver_2 DEBUG    _get_service_response(REQUEST|fastran_000001@fastran_driver@2|FRAMEWORK@Framework@0|22)
2026-02-12 12:34:21,654 fastran_tr0_fastran_4 DEBUG    Received Message 
2026-02-12 12:34:21,654 fastran_tr0_fastran_4 DEBUG    Calling method init(0)
2026-02-12 12:34:21,664 fastran_driver_fastran_driver_2 DEBUG    _get_service_response(REQUEST|fastran_000001@fastran_driver@2|FRAMEWORK@Framework@0|22), response = ServiceResponseMessage(sender_id=FRAMEWORK@Framework@0, receiver_id=fastran_000001@fastran_driver@2, request_msg_id=REQUEST|fastran_000001@fastran_driver@2|FRAMEWORK@Framework@0|22,status=0, args=(12,), message_id=RESPONSE|FRAMEWORK@Framework@0|fastran_000001@fastran_driver@2|48)
2026-02-12 12:34:21,664 fastran_driver_fastran_driver_2 DEBUG    _invoke_service(): wait_call  (12, True)
2026-02-12 12:34:21,664 fastran_driver_fastran_driver_2 DEBUG    _get_service_response(REQUEST|fastran_000001@fastran_driver@2|FRAMEWORK@Framework@0|23)
2026-02-12 12:34:21,675 fastran_driver_fastran_driver_2 DEBUG    _get_service_response(REQUEST|fastran_000001@fastran_driver@2|FRAMEWORK@Framework@0|23), response = ServiceResponseMessage(sender_id=FRAMEWORK@Framework@0, receiver_id=fastran_000001@fastran_driver@2, request_msg_id=REQUEST|fastran_000001@fastran_driver@2|FRAMEWORK@Framework@0|23,status=0, args=((None,),), message_id=RESPONSE|FRAMEWORK@Framework@0|fastran_000001@fastran_driver@2|49)
2026-02-12 12:34:21,675 fastran_driver_fastran_driver_2 DEBUG    _invoke_service(): getTopic  ('_IPS_MONITOR',)
2026-02-12 12:34:21,675 fastran_driver_fastran_driver_2 DEBUG    _get_service_response(REQUEST|fastran_000001@fastran_driver@2|FRAMEWORK@Framework@0|24)
2026-02-12 12:34:21,686 fastran_driver_fastran_driver_2 DEBUG    _get_service_response(REQUEST|fastran_000001@fastran_driver@2|FRAMEWORK@Framework@0|24), response = ServiceResponseMessage(sender_id=FRAMEWORK@Framework@0, receiver_id=fastran_000001@fastran_driver@2, request_msg_id=REQUEST|fastran_000001@fastran_driver@2|FRAMEWORK@Framework@0|24,status=0, args=(<ipsframework.cca_es_spec.Topic object at 0x14e1e9e3a940>,), message_id=RESPONSE|FRAMEWORK@Framework@0|fastran_000001@fastran_driver@2|50)
2026-02-12 12:34:21,686 fastran_driver_fastran_driver_2 DEBUG    _invoke_service(): sendEvent  ('_IPS_MONITOR', 'PORTAL_EVENT', {'sim_name': 'fastran_000001', 'real_sim_name': 'fastran_000001', 'portal_data': {'code': 'fastran_driver_fastran_driver', 'eventtype': 'IPS_CALL_END', 'ok': True, 'walltime': '8.87', 'time': '2026-02-12|12:34:21PST', 'trace': {'timestamp': 1770928461664571, 'duration': 10957, 'localEndpoint': {'serviceName': 'fastran_000001@fastran@4'}, 'name': 'init(0)', 'id': '14d67020cb1d0674', 'parentId': '15e0663de819b9fa', 'tags': {}}, 'state': 'Running', 'comment': 'Target = fastran_000001@fastran@4:init(0)'}})
2026-02-12 12:34:21,686 fastran_driver_fastran_driver_2 DEBUG    _get_service_response(REQUEST|fastran_000001@fastran_driver@2|FRAMEWORK@Framework@0|25)
2026-02-12 12:34:21,697 fastran_driver_fastran_driver_2 DEBUG    _get_service_response(REQUEST|fastran_000001@fastran_driver@2|FRAMEWORK@Framework@0|25), response = ServiceResponseMessage(sender_id=FRAMEWORK@Framework@0, receiver_id=fastran_000001@fastran_driver@2, request_msg_id=REQUEST|fastran_000001@fastran_driver@2|FRAMEWORK@Framework@0|25,status=0, args=(None,), message_id=RESPONSE|FRAMEWORK@Framework@0|fastran_000001@fastran_driver@2|51)
2026-02-12 12:34:21,697 fastran_driver_fastran_driver_2 DEBUG    _invoke_service(): getTopic  ('_IPS_MONITOR',)
2026-02-12 12:34:21,697 fastran_driver_fastran_driver_2 DEBUG    _get_service_response(REQUEST|fastran_000001@fastran_driver@2|FRAMEWORK@Framework@0|26)
2026-02-12 12:34:21,708 fastran_driver_fastran_driver_2 DEBUG    _get_service_response(REQUEST|fastran_000001@fastran_driver@2|FRAMEWORK@Framework@0|26), response = ServiceResponseMessage(sender_id=FRAMEWORK@Framework@0, receiver_id=fastran_000001@fastran_driver@2, request_msg_id=REQUEST|fastran_000001@fastran_driver@2|FRAMEWORK@Framework@0|26,status=0, args=(<ipsframework.cca_es_spec.Topic object at 0x14e1e9e3ac40>,), message_id=RESPONSE|FRAMEWORK@Framework@0|fastran_000001@fastran_driver@2|52)
2026-02-12 12:34:21,708 fastran_driver_fastran_driver_2 DEBUG    _invoke_service(): sendEvent  ('_IPS_MONITOR', 'PORTAL_EVENT', {'sim_name': 'fastran_000001', 'real_sim_name': 'fastran_000001', 'portal_data': {'code': 'fastran_driver_fastran_driver', 'eventtype': 'IPS_CALL_BEGIN', 'ok': True, 'walltime': '8.90', 'time': '2026-02-12|12:34:21PST', 'state': 'Running', 'comment': 'Target = fastran_000001@constraint_current@5:init(0)'}})
2026-02-12 12:34:21,708 fastran_driver_fastran_driver_2 DEBUG    _get_service_response(REQUEST|fastran_000001@fastran_driver@2|FRAMEWORK@Framework@0|27)
2026-02-12 12:34:21,719 fastran_driver_fastran_driver_2 DEBUG    _get_service_response(REQUEST|fastran_000001@fastran_driver@2|FRAMEWORK@Framework@0|27), response = ServiceResponseMessage(sender_id=FRAMEWORK@Framework@0, receiver_id=fastran_000001@fastran_driver@2, request_msg_id=REQUEST|fastran_000001@fastran_driver@2|FRAMEWORK@Framework@0|27,status=0, args=(None,), message_id=RESPONSE|FRAMEWORK@Framework@0|fastran_000001@fastran_driver@2|53)
2026-02-12 12:34:21,719 fastran_driver_fastran_driver_2 DEBUG    _invoke_service(): init_call  ('init', '0')
2026-02-12 12:34:21,719 fastran_driver_fastran_driver_2 DEBUG    _get_service_response(REQUEST|fastran_000001@fastran_driver@2|FRAMEWORK@Framework@0|28)
2026-02-12 12:34:21,721 fastran_pre_constraint_current_5 DEBUG    Received Message 
2026-02-12 12:34:21,721 fastran_pre_constraint_current_5 DEBUG    Calling method init(0)
2026-02-12 12:34:21,731 fastran_driver_fastran_driver_2 DEBUG    _get_service_response(REQUEST|fastran_000001@fastran_driver@2|FRAMEWORK@Framework@0|28), response = ServiceResponseMessage(sender_id=FRAMEWORK@Framework@0, receiver_id=fastran_000001@fastran_driver@2, request_msg_id=REQUEST|fastran_000001@fastran_driver@2|FRAMEWORK@Framework@0|28,status=0, args=(13,), message_id=RESPONSE|FRAMEWORK@Framework@0|fastran_000001@fastran_driver@2|54)
2026-02-12 12:34:21,731 fastran_driver_fastran_driver_2 DEBUG    _invoke_service(): wait_call  (13, True)
2026-02-12 12:34:21,731 fastran_driver_fastran_driver_2 DEBUG    _get_service_response(REQUEST|fastran_000001@fastran_driver@2|FRAMEWORK@Framework@0|29)
2026-02-12 12:34:21,742 fastran_driver_fastran_driver_2 DEBUG    _get_service_response(REQUEST|fastran_000001@fastran_driver@2|FRAMEWORK@Framework@0|29), response = ServiceResponseMessage(sender_id=FRAMEWORK@Framework@0, receiver_id=fastran_000001@fastran_driver@2, request_msg_id=REQUEST|fastran_000001@fastran_driver@2|FRAMEWORK@Framework@0|29,status=0, args=((None,),), message_id=RESPONSE|FRAMEWORK@Framework@0|fastran_000001@fastran_driver@2|55)
2026-02-12 12:34:21,742 fastran_driver_fastran_driver_2 DEBUG    _invoke_service(): getTopic  ('_IPS_MONITOR',)
2026-02-12 12:34:21,742 fastran_driver_fastran_driver_2 DEBUG    _get_service_response(REQUEST|fastran_000001@fastran_driver@2|FRAMEWORK@Framework@0|30)
2026-02-12 12:34:21,753 fastran_driver_fastran_driver_2 DEBUG    _get_service_response(REQUEST|fastran_000001@fastran_driver@2|FRAMEWORK@Framework@0|30), response = ServiceResponseMessage(sender_id=FRAMEWORK@Framework@0, receiver_id=fastran_000001@fastran_driver@2, request_msg_id=REQUEST|fastran_000001@fastran_driver@2|FRAMEWORK@Framework@0|30,status=0, args=(<ipsframework.cca_es_spec.Topic object at 0x14e1e9e3abb0>,), message_id=RESPONSE|FRAMEWORK@Framework@0|fastran_000001@fastran_driver@2|56)
2026-02-12 12:34:21,753 fastran_driver_fastran_driver_2 DEBUG    _invoke_service(): sendEvent  ('_IPS_MONITOR', 'PORTAL_EVENT', {'sim_name': 'fastran_000001', 'real_sim_name': 'fastran_000001', 'portal_data': {'code': 'fastran_driver_fastran_driver', 'eventtype': 'IPS_CALL_END', 'ok': True, 'walltime': '8.94', 'time': '2026-02-12|12:34:21PST', 'trace': {'timestamp': 1770928461731296, 'duration': 10944, 'localEndpoint': {'serviceName': 'fastran_000001@constraint_current@5'}, 'name': 'init(0)', 'id': '6f8797e2cd06d3e5', 'parentId': '15e0663de819b9fa', 'tags': {}}, 'state': 'Running', 'comment': 'Target = fastran_000001@constraint_current@5:init(0)'}})
2026-02-12 12:34:21,753 fastran_driver_fastran_driver_2 DEBUG    _get_service_response(REQUEST|fastran_000001@fastran_driver@2|FRAMEWORK@Framework@0|31)
2026-02-12 12:34:21,764 fastran_driver_fastran_driver_2 DEBUG    _get_service_response(REQUEST|fastran_000001@fastran_driver@2|FRAMEWORK@Framework@0|31), response = ServiceResponseMessage(sender_id=FRAMEWORK@Framework@0, receiver_id=fastran_000001@fastran_driver@2, request_msg_id=REQUEST|fastran_000001@fastran_driver@2|FRAMEWORK@Framework@0|31,status=0, args=(None,), message_id=RESPONSE|FRAMEWORK@Framework@0|fastran_000001@fastran_driver@2|57)
2026-02-12 12:34:21,764 fastran_driver_fastran_driver_2 DEBUG    _invoke_service(): getTopic  ('_IPS_MONITOR',)
2026-02-12 12:34:21,764 fastran_driver_fastran_driver_2 DEBUG    _get_service_response(REQUEST|fastran_000001@fastran_driver@2|FRAMEWORK@Framework@0|32)
2026-02-12 12:34:21,775 fastran_driver_fastran_driver_2 DEBUG    _get_service_response(REQUEST|fastran_000001@fastran_driver@2|FRAMEWORK@Framework@0|32), response = ServiceResponseMessage(sender_id=FRAMEWORK@Framework@0, receiver_id=fastran_000001@fastran_driver@2, request_msg_id=REQUEST|fastran_000001@fastran_driver@2|FRAMEWORK@Framework@0|32,status=0, args=(<ipsframework.cca_es_spec.Topic object at 0x14e1e9e3a3d0>,), message_id=RESPONSE|FRAMEWORK@Framework@0|fastran_000001@fastran_driver@2|58)
2026-02-12 12:34:21,775 fastran_driver_fastran_driver_2 DEBUG    _invoke_service(): sendEvent  ('_IPS_MONITOR', 'PORTAL_EVENT', {'sim_name': 'fastran_000001', 'real_sim_name': 'fastran_000001', 'portal_data': {'code': 'fastran_driver_fastran_driver', 'eventtype': 'IPS_CALL_BEGIN', 'ok': True, 'walltime': '8.96', 'time': '2026-02-12|12:34:21PST', 'state': 'Running', 'comment': 'Target = fastran_000001@toray@6:init(0)'}})
2026-02-12 12:34:21,775 fastran_driver_fastran_driver_2 DEBUG    _get_service_response(REQUEST|fastran_000001@fastran_driver@2|FRAMEWORK@Framework@0|33)
2026-02-12 12:34:21,786 fastran_driver_fastran_driver_2 DEBUG    _get_service_response(REQUEST|fastran_000001@fastran_driver@2|FRAMEWORK@Framework@0|33), response = ServiceResponseMessage(sender_id=FRAMEWORK@Framework@0, receiver_id=fastran_000001@fastran_driver@2, request_msg_id=REQUEST|fastran_000001@fastran_driver@2|FRAMEWORK@Framework@0|33,status=0, args=(None,), message_id=RESPONSE|FRAMEWORK@Framework@0|fastran_000001@fastran_driver@2|59)
2026-02-12 12:34:21,786 fastran_driver_fastran_driver_2 DEBUG    _invoke_service(): init_call  ('init', '0')
2026-02-12 12:34:21,786 fastran_driver_fastran_driver_2 DEBUG    _get_service_response(REQUEST|fastran_000001@fastran_driver@2|FRAMEWORK@Framework@0|34)
2026-02-12 12:34:21,787 fastran_ec_toray_6 DEBUG    Received Message 
2026-02-12 12:34:21,787 fastran_ec_toray_6 DEBUG    Calling method init(0)
2026-02-12 12:34:21,797 fastran_driver_fastran_driver_2 DEBUG    _get_service_response(REQUEST|fastran_000001@fastran_driver@2|FRAMEWORK@Framework@0|34), response = ServiceResponseMessage(sender_id=FRAMEWORK@Framework@0, receiver_id=fastran_000001@fastran_driver@2, request_msg_id=REQUEST|fastran_000001@fastran_driver@2|FRAMEWORK@Framework@0|34,status=0, args=(14,), message_id=RESPONSE|FRAMEWORK@Framework@0|fastran_000001@fastran_driver@2|60)
2026-02-12 12:34:21,797 fastran_driver_fastran_driver_2 DEBUG    _invoke_service(): wait_call  (14, True)
2026-02-12 12:34:21,798 fastran_driver_fastran_driver_2 DEBUG    _get_service_response(REQUEST|fastran_000001@fastran_driver@2|FRAMEWORK@Framework@0|35)
2026-02-12 12:34:21,808 fastran_driver_fastran_driver_2 DEBUG    _get_service_response(REQUEST|fastran_000001@fastran_driver@2|FRAMEWORK@Framework@0|35), response = ServiceResponseMessage(sender_id=FRAMEWORK@Framework@0, receiver_id=fastran_000001@fastran_driver@2, request_msg_id=REQUEST|fastran_000001@fastran_driver@2|FRAMEWORK@Framework@0|35,status=0, args=((None,),), message_id=RESPONSE|FRAMEWORK@Framework@0|fastran_000001@fastran_driver@2|61)
2026-02-12 12:34:21,809 fastran_driver_fastran_driver_2 DEBUG    _invoke_service(): getTopic  ('_IPS_MONITOR',)
2026-02-12 12:34:21,809 fastran_driver_fastran_driver_2 DEBUG    _get_service_response(REQUEST|fastran_000001@fastran_driver@2|FRAMEWORK@Framework@0|36)
2026-02-12 12:34:21,819 fastran_driver_fastran_driver_2 DEBUG    _get_service_response(REQUEST|fastran_000001@fastran_driver@2|FRAMEWORK@Framework@0|36), response = ServiceResponseMessage(sender_id=FRAMEWORK@Framework@0, receiver_id=fastran_000001@fastran_driver@2, request_msg_id=REQUEST|fastran_000001@fastran_driver@2|FRAMEWORK@Framework@0|36,status=0, args=(<ipsframework.cca_es_spec.Topic object at 0x14e1e9e3ac40>,), message_id=RESPONSE|FRAMEWORK@Framework@0|fastran_000001@fastran_driver@2|62)
2026-02-12 12:34:21,819 fastran_driver_fastran_driver_2 DEBUG    _invoke_service(): sendEvent  ('_IPS_MONITOR', 'PORTAL_EVENT', {'sim_name': 'fastran_000001', 'real_sim_name': 'fastran_000001', 'portal_data': {'code': 'fastran_driver_fastran_driver', 'eventtype': 'IPS_CALL_END', 'ok': True, 'walltime': '9.01', 'time': '2026-02-12|12:34:21PST', 'trace': {'timestamp': 1770928461797972, 'duration': 10955, 'localEndpoint': {'serviceName': 'fastran_000001@toray@6'}, 'name': 'init(0)', 'id': '7a82da0f6e851902', 'parentId': '15e0663de819b9fa', 'tags': {}}, 'state': 'Running', 'comment': 'Target = fastran_000001@toray@6:init(0)'}})
2026-02-12 12:34:21,819 fastran_driver_fastran_driver_2 DEBUG    _get_service_response(REQUEST|fastran_000001@fastran_driver@2|FRAMEWORK@Framework@0|37)
2026-02-12 12:34:21,830 fastran_driver_fastran_driver_2 DEBUG    _get_service_response(REQUEST|fastran_000001@fastran_driver@2|FRAMEWORK@Framework@0|37), response = ServiceResponseMessage(sender_id=FRAMEWORK@Framework@0, receiver_id=fastran_000001@fastran_driver@2, request_msg_id=REQUEST|fastran_000001@fastran_driver@2|FRAMEWORK@Framework@0|37,status=0, args=(None,), message_id=RESPONSE|FRAMEWORK@Framework@0|fastran_000001@fastran_driver@2|63)
2026-02-12 12:34:21,831 fastran_driver_fastran_driver_2 DEBUG    _invoke_service(): getTopic  ('_IPS_MONITOR',)
2026-02-12 12:34:21,831 fastran_driver_fastran_driver_2 DEBUG    _get_service_response(REQUEST|fastran_000001@fastran_driver@2|FRAMEWORK@Framework@0|38)
2026-02-12 12:34:21,842 fastran_driver_fastran_driver_2 DEBUG    _get_service_response(REQUEST|fastran_000001@fastran_driver@2|FRAMEWORK@Framework@0|38), response = ServiceResponseMessage(sender_id=FRAMEWORK@Framework@0, receiver_id=fastran_000001@fastran_driver@2, request_msg_id=REQUEST|fastran_000001@fastran_driver@2|FRAMEWORK@Framework@0|38,status=0, args=(<ipsframework.cca_es_spec.Topic object at 0x14e1e9e3a940>,), message_id=RESPONSE|FRAMEWORK@Framework@0|fastran_000001@fastran_driver@2|64)
2026-02-12 12:34:21,842 fastran_driver_fastran_driver_2 DEBUG    _invoke_service(): sendEvent  ('_IPS_MONITOR', 'PORTAL_EVENT', {'sim_name': 'fastran_000001', 'real_sim_name': 'fastran_000001', 'portal_data': {'code': 'fastran_driver_fastran_driver', 'eventtype': 'IPS_CALL_BEGIN', 'ok': True, 'walltime': '9.03', 'time': '2026-02-12|12:34:21PST', 'state': 'Running', 'comment': 'Target = fastran_000001@nubeam@7:init(0)'}})
2026-02-12 12:34:21,842 fastran_driver_fastran_driver_2 DEBUG    _get_service_response(REQUEST|fastran_000001@fastran_driver@2|FRAMEWORK@Framework@0|39)
2026-02-12 12:34:21,853 fastran_driver_fastran_driver_2 DEBUG    _get_service_response(REQUEST|fastran_000001@fastran_driver@2|FRAMEWORK@Framework@0|39), response = ServiceResponseMessage(sender_id=FRAMEWORK@Framework@0, receiver_id=fastran_000001@fastran_driver@2, request_msg_id=REQUEST|fastran_000001@fastran_driver@2|FRAMEWORK@Framework@0|39,status=0, args=(None,), message_id=RESPONSE|FRAMEWORK@Framework@0|fastran_000001@fastran_driver@2|65)
2026-02-12 12:34:21,853 fastran_driver_fastran_driver_2 DEBUG    _invoke_service(): init_call  ('init', '0')
2026-02-12 12:34:21,853 fastran_driver_fastran_driver_2 DEBUG    _get_service_response(REQUEST|fastran_000001@fastran_driver@2|FRAMEWORK@Framework@0|40)
2026-02-12 12:34:21,854 fastran_nb_nubeam_7 DEBUG    Received Message 
2026-02-12 12:34:21,854 fastran_nb_nubeam_7 DEBUG    Calling method init(0)
2026-02-12 12:34:21,861 fastran_nb_nubeam_7 DEBUG    _invoke_service(): getTopic  ('_IPS_MONITOR',)
2026-02-12 12:34:21,861 fastran_nb_nubeam_7 DEBUG    _get_service_response(REQUEST|fastran_000001@nubeam@7|FRAMEWORK@Framework@0|0)
2026-02-12 12:34:21,864 fastran_driver_fastran_driver_2 DEBUG    _get_service_response(REQUEST|fastran_000001@fastran_driver@2|FRAMEWORK@Framework@0|40), response = ServiceResponseMessage(sender_id=FRAMEWORK@Framework@0, receiver_id=fastran_000001@fastran_driver@2, request_msg_id=REQUEST|fastran_000001@fastran_driver@2|FRAMEWORK@Framework@0|40,status=0, args=(15,), message_id=RESPONSE|FRAMEWORK@Framework@0|fastran_000001@fastran_driver@2|66)
2026-02-12 12:34:21,864 fastran_driver_fastran_driver_2 DEBUG    _invoke_service(): wait_call  (15, True)
2026-02-12 12:34:21,865 fastran_driver_fastran_driver_2 DEBUG    _get_service_response(REQUEST|fastran_000001@fastran_driver@2|FRAMEWORK@Framework@0|41)
2026-02-12 12:34:21,873 fastran_nb_nubeam_7 DEBUG    _get_service_response(REQUEST|fastran_000001@nubeam@7|FRAMEWORK@Framework@0|0), response = ServiceResponseMessage(sender_id=FRAMEWORK@Framework@0, receiver_id=fastran_000001@nubeam@7, request_msg_id=REQUEST|fastran_000001@nubeam@7|FRAMEWORK@Framework@0|0,status=0, args=(<ipsframework.cca_es_spec.Topic object at 0x14e1e9e6e6a0>,), message_id=RESPONSE|FRAMEWORK@Framework@0|fastran_000001@nubeam@7|67)
2026-02-12 12:34:21,873 fastran_nb_nubeam_7 DEBUG    _invoke_service(): sendEvent  ('_IPS_MONITOR', 'PORTAL_EVENT', {'sim_name': 'fastran_000001', 'real_sim_name': 'fastran_000001', 'portal_data': {'code': 'fastran_nb_nubeam', 'eventtype': 'IPS_STAGE_INPUTS', 'ok': True, 'walltime': '9.06', 'time': '2026-02-12|12:34:21PST', 'trace': {'timestamp': 1770928461855202, 'duration': 5930, 'localEndpoint': {'serviceName': 'stage_input_files'}, 'name': 'innubeam', 'id': '8c427f0b8aacb86c', 'parentId': '8d68a3a9f8735943', 'tags': {}}, 'state': 'Running', 'comment': 'Elapsed time = 0.006 Path = /pscratch/sd/y/yashu_gh/FREDA_KSTAR_2/ips-fastran/examples/far3d/example1/input Files = innubeam'}})
2026-02-12 12:34:21,874 fastran_nb_nubeam_7 DEBUG    _get_service_response(REQUEST|fastran_000001@nubeam@7|FRAMEWORK@Framework@0|1)
2026-02-12 12:34:21,884 fastran_nb_nubeam_7 DEBUG    _get_service_response(REQUEST|fastran_000001@nubeam@7|FRAMEWORK@Framework@0|1), response = ServiceResponseMessage(sender_id=FRAMEWORK@Framework@0, receiver_id=fastran_000001@nubeam@7, request_msg_id=REQUEST|fastran_000001@nubeam@7|FRAMEWORK@Framework@0|1,status=0, args=(None,), message_id=RESPONSE|FRAMEWORK@Framework@0|fastran_000001@nubeam@7|68)
2026-02-12 12:34:21,885 fastran_nb_nubeam_7 DEBUG    _invoke_service(): stage_state  (['s000001.00001', 'g000001.00001', 'i000001.00001'], '/pscratch/sd/y/yashu_gh/FREDA_KSTAR_2/ips-fastran/examples/far3d/example1/SCAN/work/plasma_state', '/pscratch/sd/y/yashu_gh/FREDA_KSTAR_2/ips-fastran/examples/far3d/example1/SCAN/work/fastran_nb_nubeam_7')
2026-02-12 12:34:21,885 fastran_nb_nubeam_7 DEBUG    _get_service_response(REQUEST|fastran_000001@nubeam@7|FRAMEWORK@Framework@0|2)
2026-02-12 12:34:21,906 fastran_nb_nubeam_7 DEBUG    _get_service_response(REQUEST|fastran_000001@nubeam@7|FRAMEWORK@Framework@0|2), response = ServiceResponseMessage(sender_id=FRAMEWORK@Framework@0, receiver_id=fastran_000001@nubeam@7, request_msg_id=REQUEST|fastran_000001@nubeam@7|FRAMEWORK@Framework@0|2,status=0, args=(0,), message_id=RESPONSE|FRAMEWORK@Framework@0|fastran_000001@nubeam@7|69)
2026-02-12 12:34:21,906 fastran_nb_nubeam_7 DEBUG    _invoke_service(): getTopic  ('_IPS_MONITOR',)
2026-02-12 12:34:21,906 fastran_nb_nubeam_7 DEBUG    _get_service_response(REQUEST|fastran_000001@nubeam@7|FRAMEWORK@Framework@0|3)
2026-02-12 12:34:21,917 fastran_nb_nubeam_7 DEBUG    _get_service_response(REQUEST|fastran_000001@nubeam@7|FRAMEWORK@Framework@0|3), response = ServiceResponseMessage(sender_id=FRAMEWORK@Framework@0, receiver_id=fastran_000001@nubeam@7, request_msg_id=REQUEST|fastran_000001@nubeam@7|FRAMEWORK@Framework@0|3,status=0, args=(<ipsframework.cca_es_spec.Topic object at 0x14e1e9e6e070>,), message_id=RESPONSE|FRAMEWORK@Framework@0|fastran_000001@nubeam@7|70)
2026-02-12 12:34:21,917 fastran_nb_nubeam_7 DEBUG    _invoke_service(): sendEvent  ('_IPS_MONITOR', 'PORTAL_EVENT', {'sim_name': 'fastran_000001', 'real_sim_name': 'fastran_000001', 'portal_data': {'code': 'fastran_nb_nubeam', 'eventtype': 'IPS_STAGE_STATE', 'ok': True, 'walltime': '9.10', 'time': '2026-02-12|12:34:21PST', 'trace': {'timestamp': 1770928461884909, 'duration': 21733, 'localEndpoint': {'serviceName': 'stage_state'}, 'name': "['s000001.00001', 'g000001.00001', 'i000001.00001']", 'id': '71885aecf25d7412', 'parentId': '8d68a3a9f8735943', 'tags': {}}, 'state': 'Running', 'comment': 'Elapsed time = 0.022  files = s000001.00001 g000001.00001 i000001.00001 Success'}})
2026-02-12 12:34:21,917 fastran_nb_nubeam_7 DEBUG    _get_service_response(REQUEST|fastran_000001@nubeam@7|FRAMEWORK@Framework@0|4)
2026-02-12 12:34:21,928 fastran_nb_nubeam_7 DEBUG    _get_service_response(REQUEST|fastran_000001@nubeam@7|FRAMEWORK@Framework@0|4), response = ServiceResponseMessage(sender_id=FRAMEWORK@Framework@0, receiver_id=fastran_000001@nubeam@7, request_msg_id=REQUEST|fastran_000001@nubeam@7|FRAMEWORK@Framework@0|4,status=0, args=(None,), message_id=RESPONSE|FRAMEWORK@Framework@0|fastran_000001@nubeam@7|71)
2026-02-12 12:34:22,401 fastran_nb_nubeam_7 DEBUG    _invoke_service(): update_state  (['s000001.00001', 'g000001.00001', 'i000001.00001'], '/pscratch/sd/y/yashu_gh/FREDA_KSTAR_2/ips-fastran/examples/far3d/example1/SCAN/work/fastran_nb_nubeam_7', '/pscratch/sd/y/yashu_gh/FREDA_KSTAR_2/ips-fastran/examples/far3d/example1/SCAN/work/plasma_state')
2026-02-12 12:34:22,401 fastran_nb_nubeam_7 DEBUG    _get_service_response(REQUEST|fastran_000001@nubeam@7|FRAMEWORK@Framework@0|5)
2026-02-12 12:34:22,422 fastran_nb_nubeam_7 DEBUG    _get_service_response(REQUEST|fastran_000001@nubeam@7|FRAMEWORK@Framework@0|5), response = ServiceResponseMessage(sender_id=FRAMEWORK@Framework@0, receiver_id=fastran_000001@nubeam@7, request_msg_id=REQUEST|fastran_000001@nubeam@7|FRAMEWORK@Framework@0|5,status=0, args=(0,), message_id=RESPONSE|FRAMEWORK@Framework@0|fastran_000001@nubeam@7|73)
2026-02-12 12:34:22,422 fastran_nb_nubeam_7 DEBUG    _invoke_service(): getTopic  ('_IPS_MONITOR',)
2026-02-12 12:34:22,422 fastran_nb_nubeam_7 DEBUG    _get_service_response(REQUEST|fastran_000001@nubeam@7|FRAMEWORK@Framework@0|6)
2026-02-12 12:34:22,433 fastran_nb_nubeam_7 DEBUG    _get_service_response(REQUEST|fastran_000001@nubeam@7|FRAMEWORK@Framework@0|6), response = ServiceResponseMessage(sender_id=FRAMEWORK@Framework@0, receiver_id=fastran_000001@nubeam@7, request_msg_id=REQUEST|fastran_000001@nubeam@7|FRAMEWORK@Framework@0|6,status=0, args=(<ipsframework.cca_es_spec.Topic object at 0x14e1e9e6e580>,), message_id=RESPONSE|FRAMEWORK@Framework@0|fastran_000001@nubeam@7|74)
2026-02-12 12:34:22,433 fastran_nb_nubeam_7 DEBUG    _invoke_service(): sendEvent  ('_IPS_MONITOR', 'PORTAL_EVENT', {'sim_name': 'fastran_000001', 'real_sim_name': 'fastran_000001', 'portal_data': {'code': 'fastran_nb_nubeam', 'eventtype': 'IPS_UPDATE_STATE', 'ok': True, 'walltime': '9.62', 'time': '2026-02-12|12:34:22PST', 'trace': {'timestamp': 1770928462401080, 'duration': 21573, 'localEndpoint': {'serviceName': 'update_state'}, 'name': "['s000001.00001', 'g000001.00001', 'i000001.00001']", 'id': '7629e189a66153c0', 'parentId': '8d68a3a9f8735943', 'tags': {}}, 'state': 'Running', 'comment': 'Elapsed time = 0.022   files = s000001.00001 g000001.00001 i000001.00001 Success'}})
2026-02-12 12:34:22,433 fastran_nb_nubeam_7 DEBUG    _get_service_response(REQUEST|fastran_000001@nubeam@7|FRAMEWORK@Framework@0|7)
2026-02-12 12:34:22,444 fastran_nb_nubeam_7 DEBUG    _get_service_response(REQUEST|fastran_000001@nubeam@7|FRAMEWORK@Framework@0|7), response = ServiceResponseMessage(sender_id=FRAMEWORK@Framework@0, receiver_id=fastran_000001@nubeam@7, request_msg_id=REQUEST|fastran_000001@nubeam@7|FRAMEWORK@Framework@0|7,status=0, args=(None,), message_id=RESPONSE|FRAMEWORK@Framework@0|fastran_000001@nubeam@7|75)
2026-02-12 12:34:22,450 fastran_nb_nubeam_7 DEBUG    _invoke_service(): stage_state  (['s000001.00001', 'g000001.00001', 'i000001.00001'], '/pscratch/sd/y/yashu_gh/FREDA_KSTAR_2/ips-fastran/examples/far3d/example1/SCAN/work/plasma_state', '/pscratch/sd/y/yashu_gh/FREDA_KSTAR_2/ips-fastran/examples/far3d/example1/SCAN/work/fastran_nb_nubeam_7')
2026-02-12 12:34:22,450 fastran_nb_nubeam_7 DEBUG    _get_service_response(REQUEST|fastran_000001@nubeam@7|FRAMEWORK@Framework@0|8)
2026-02-12 12:34:22,470 fastran_nb_nubeam_7 DEBUG    _get_service_response(REQUEST|fastran_000001@nubeam@7|FRAMEWORK@Framework@0|8), response = ServiceResponseMessage(sender_id=FRAMEWORK@Framework@0, receiver_id=fastran_000001@nubeam@7, request_msg_id=REQUEST|fastran_000001@nubeam@7|FRAMEWORK@Framework@0|8,status=0, args=(0,), message_id=RESPONSE|FRAMEWORK@Framework@0|fastran_000001@nubeam@7|76)
2026-02-12 12:34:22,470 fastran_nb_nubeam_7 DEBUG    _invoke_service(): getTopic  ('_IPS_MONITOR',)
2026-02-12 12:34:22,470 fastran_nb_nubeam_7 DEBUG    _get_service_response(REQUEST|fastran_000001@nubeam@7|FRAMEWORK@Framework@0|9)
2026-02-12 12:34:22,481 fastran_nb_nubeam_7 DEBUG    _get_service_response(REQUEST|fastran_000001@nubeam@7|FRAMEWORK@Framework@0|9), response = ServiceResponseMessage(sender_id=FRAMEWORK@Framework@0, receiver_id=fastran_000001@nubeam@7, request_msg_id=REQUEST|fastran_000001@nubeam@7|FRAMEWORK@Framework@0|9,status=0, args=(<ipsframework.cca_es_spec.Topic object at 0x14e1e1dcb130>,), message_id=RESPONSE|FRAMEWORK@Framework@0|fastran_000001@nubeam@7|77)
2026-02-12 12:34:22,481 fastran_nb_nubeam_7 DEBUG    _invoke_service(): sendEvent  ('_IPS_MONITOR', 'PORTAL_EVENT', {'sim_name': 'fastran_000001', 'real_sim_name': 'fastran_000001', 'portal_data': {'code': 'fastran_nb_nubeam', 'eventtype': 'IPS_STAGE_STATE', 'ok': True, 'walltime': '9.67', 'time': '2026-02-12|12:34:22PST', 'trace': {'timestamp': 1770928462449965, 'duration': 20497, 'localEndpoint': {'serviceName': 'stage_state'}, 'name': "['s000001.00001', 'g000001.00001', 'i000001.00001']", 'id': '71885aecf25d7412', 'parentId': '8d68a3a9f8735943', 'tags': {}}, 'state': 'Running', 'comment': 'Elapsed time = 0.020  files = s000001.00001 g000001.00001 i000001.00001 Success'}})
2026-02-12 12:34:22,481 fastran_nb_nubeam_7 DEBUG    _get_service_response(REQUEST|fastran_000001@nubeam@7|FRAMEWORK@Framework@0|10)
2026-02-12 12:34:22,491 fastran_nb_nubeam_7 DEBUG    _get_service_response(REQUEST|fastran_000001@nubeam@7|FRAMEWORK@Framework@0|10), response = ServiceResponseMessage(sender_id=FRAMEWORK@Framework@0, receiver_id=fastran_000001@nubeam@7, request_msg_id=REQUEST|fastran_000001@nubeam@7|FRAMEWORK@Framework@0|10,status=0, args=(None,), message_id=RESPONSE|FRAMEWORK@Framework@0|fastran_000001@nubeam@7|78)
2026-02-12 12:34:22,495 fastran_nb_nubeam_7 DEBUG    _invoke_service(): init_task  (TaskInit(nproc=1, binary='/global/common/software/atom/perlmutter/binaries/nubeam/default/mpi_nubeam_comp_exec', working_dir='/pscratch/sd/y/yashu_gh/FREDA_KSTAR_2/ips-fastran/examples/far3d/example1/SCAN/work/fastran_nb_nubeam_7', tppn=0, tcpp=0, tgpp=0, block=True, omp=False, wnodes=True, wsocks=True, cmd_args=()),)
2026-02-12 12:34:22,495 fastran_nb_nubeam_7 DEBUG    _get_service_response(REQUEST|fastran_000001@nubeam@7|FRAMEWORK@Framework@0|11)
2026-02-12 12:34:22,505 fastran_nb_nubeam_7 DEBUG    _get_service_response(REQUEST|fastran_000001@nubeam@7|FRAMEWORK@Framework@0|11), response = ServiceResponseMessage(sender_id=FRAMEWORK@Framework@0, receiver_id=fastran_000001@nubeam@7, request_msg_id=REQUEST|fastran_000001@nubeam@7|FRAMEWORK@Framework@0|11,status=0, args=((1, 'srun -N 1 -n 1 -c 128 --threads-per-core=1 --cpu-bind=cores /global/common/software/atom/perlmutter/binaries/nubeam/default/mpi_nubeam_comp_exec ', None, 128),), message_id=RESPONSE|FRAMEWORK@Framework@0|fastran_000001@nubeam@7|79)
2026-02-12 12:34:22,507 fastran_nb_nubeam_7 DEBUG    Launching command : srun -N 1 -n 1 -c 128 --threads-per-core=1 --cpu-bind=cores /global/common/software/atom/perlmutter/binaries/nubeam/default/mpi_nubeam_comp_exec 
2026-02-12 12:34:22,534 fastran_nb_nubeam_7 DEBUG    _invoke_service(): getTopic  ('_IPS_MONITOR',)
2026-02-12 12:34:22,535 fastran_nb_nubeam_7 DEBUG    _get_service_response(REQUEST|fastran_000001@nubeam@7|FRAMEWORK@Framework@0|12)
2026-02-12 12:34:22,546 fastran_nb_nubeam_7 DEBUG    _get_service_response(REQUEST|fastran_000001@nubeam@7|FRAMEWORK@Framework@0|12), response = ServiceResponseMessage(sender_id=FRAMEWORK@Framework@0, receiver_id=fastran_000001@nubeam@7, request_msg_id=REQUEST|fastran_000001@nubeam@7|FRAMEWORK@Framework@0|12,status=0, args=(<ipsframework.cca_es_spec.Topic object at 0x14e1e1dcb370>,), message_id=RESPONSE|FRAMEWORK@Framework@0|fastran_000001@nubeam@7|80)
2026-02-12 12:34:22,546 fastran_nb_nubeam_7 DEBUG    _invoke_service(): sendEvent  ('_IPS_MONITOR', 'PORTAL_EVENT', {'sim_name': 'fastran_000001', 'real_sim_name': 'fastran_000001', 'portal_data': {'code': 'fastran_nb_nubeam', 'eventtype': 'IPS_LAUNCH_TASK', 'ok': True, 'walltime': '9.73', 'time': '2026-02-12|12:34:22PST', 'state': 'Running', 'comment': 'task_id = 1 , Tag = None , nproc = 1 , Target = srun -N 1 -n 1 -c 128 --threads-per-core=1 --cpu-bind=cores /global/common/software/atom/perlmutter/binaries/nubeam/default/mpi_nubeam_comp_exec '}})
2026-02-12 12:34:22,546 fastran_nb_nubeam_7 DEBUG    _get_service_response(REQUEST|fastran_000001@nubeam@7|FRAMEWORK@Framework@0|13)
2026-02-12 12:34:22,556 fastran_nb_nubeam_7 DEBUG    _get_service_response(REQUEST|fastran_000001@nubeam@7|FRAMEWORK@Framework@0|13), response = ServiceResponseMessage(sender_id=FRAMEWORK@Framework@0, receiver_id=fastran_000001@nubeam@7, request_msg_id=REQUEST|fastran_000001@nubeam@7|FRAMEWORK@Framework@0|13,status=0, args=(None,), message_id=RESPONSE|FRAMEWORK@Framework@0|fastran_000001@nubeam@7|81)
2026-02-12 12:34:23,715 fastran_nb_nubeam_7 DEBUG    _invoke_service(): getTopic  ('_IPS_MONITOR',)
2026-02-12 12:34:23,715 fastran_nb_nubeam_7 DEBUG    _get_service_response(REQUEST|fastran_000001@nubeam@7|FRAMEWORK@Framework@0|14)
2026-02-12 12:34:23,726 fastran_nb_nubeam_7 DEBUG    _get_service_response(REQUEST|fastran_000001@nubeam@7|FRAMEWORK@Framework@0|14), response = ServiceResponseMessage(sender_id=FRAMEWORK@Framework@0, receiver_id=fastran_000001@nubeam@7, request_msg_id=REQUEST|fastran_000001@nubeam@7|FRAMEWORK@Framework@0|14,status=0, args=(<ipsframework.cca_es_spec.Topic object at 0x14e1e1dcb430>,), message_id=RESPONSE|FRAMEWORK@Framework@0|fastran_000001@nubeam@7|85)
2026-02-12 12:34:23,726 fastran_nb_nubeam_7 DEBUG    _invoke_service(): sendEvent  ('_IPS_MONITOR', 'PORTAL_EVENT', {'sim_name': 'fastran_000001', 'real_sim_name': 'fastran_000001', 'portal_data': {'code': 'fastran_nb_nubeam', 'eventtype': 'IPS_TASK_END', 'ok': True, 'walltime': '10.91', 'time': '2026-02-12|12:34:23PST', 'trace': {'timestamp': 1770928462534552, 'duration': 1180937, 'localEndpoint': {'serviceName': '/global/common/software/atom/perlmutter/binaries/nubeam/default/mpi_nubeam_comp_exec'}, 'name': '', 'id': 'b7e242273824cc88', 'parentId': '8d68a3a9f8735943', 'tags': {'procs_requested': '1', 'cores_allocated': '128'}}, 'state': 'Running', 'comment': 'task_id = 1  elapsed time = 1.18 S'}})
2026-02-12 12:34:23,726 fastran_nb_nubeam_7 DEBUG    _get_service_response(REQUEST|fastran_000001@nubeam@7|FRAMEWORK@Framework@0|15)
2026-02-12 12:34:23,737 fastran_nb_nubeam_7 DEBUG    _get_service_response(REQUEST|fastran_000001@nubeam@7|FRAMEWORK@Framework@0|15), response = ServiceResponseMessage(sender_id=FRAMEWORK@Framework@0, receiver_id=fastran_000001@nubeam@7, request_msg_id=REQUEST|fastran_000001@nubeam@7|FRAMEWORK@Framework@0|15,status=0, args=(None,), message_id=RESPONSE|FRAMEWORK@Framework@0|fastran_000001@nubeam@7|86)
2026-02-12 12:34:23,737 fastran_nb_nubeam_7 DEBUG    _invoke_service(): finish_task  (1, 0)
2026-02-12 12:34:23,738 fastran_nb_nubeam_7 DEBUG    _get_service_response(REQUEST|fastran_000001@nubeam@7|FRAMEWORK@Framework@0|16)
2026-02-12 12:34:23,749 fastran_nb_nubeam_7 DEBUG    _get_service_response(REQUEST|fastran_000001@nubeam@7|FRAMEWORK@Framework@0|16), response = ServiceResponseMessage(sender_id=FRAMEWORK@Framework@0, receiver_id=fastran_000001@nubeam@7, request_msg_id=REQUEST|fastran_000001@nubeam@7|FRAMEWORK@Framework@0|16,status=0, args=(0,), message_id=RESPONSE|FRAMEWORK@Framework@0|fastran_000001@nubeam@7|87)
2026-02-12 12:34:23,761 fastran_driver_fastran_driver_2 DEBUG    _get_service_response(REQUEST|fastran_000001@fastran_driver@2|FRAMEWORK@Framework@0|41), response = ServiceResponseMessage(sender_id=FRAMEWORK@Framework@0, receiver_id=fastran_000001@fastran_driver@2, request_msg_id=REQUEST|fastran_000001@fastran_driver@2|FRAMEWORK@Framework@0|41,status=0, args=((None,),), message_id=RESPONSE|FRAMEWORK@Framework@0|fastran_000001@fastran_driver@2|88)
2026-02-12 12:34:23,761 fastran_driver_fastran_driver_2 DEBUG    _invoke_service(): getTopic  ('_IPS_MONITOR',)
2026-02-12 12:34:23,761 fastran_driver_fastran_driver_2 DEBUG    _get_service_response(REQUEST|fastran_000001@fastran_driver@2|FRAMEWORK@Framework@0|42)
2026-02-12 12:34:23,772 fastran_driver_fastran_driver_2 DEBUG    _get_service_response(REQUEST|fastran_000001@fastran_driver@2|FRAMEWORK@Framework@0|42), response = ServiceResponseMessage(sender_id=FRAMEWORK@Framework@0, receiver_id=fastran_000001@fastran_driver@2, request_msg_id=REQUEST|fastran_000001@fastran_driver@2|FRAMEWORK@Framework@0|42,status=0, args=(<ipsframework.cca_es_spec.Topic object at 0x14e1e9e3a3d0>,), message_id=RESPONSE|FRAMEWORK@Framework@0|fastran_000001@fastran_driver@2|89)
2026-02-12 12:34:23,772 fastran_driver_fastran_driver_2 DEBUG    _invoke_service(): sendEvent  ('_IPS_MONITOR', 'PORTAL_EVENT', {'sim_name': 'fastran_000001', 'real_sim_name': 'fastran_000001', 'portal_data': {'code': 'fastran_driver_fastran_driver', 'eventtype': 'IPS_CALL_END', 'ok': True, 'walltime': '10.96', 'time': '2026-02-12|12:34:23PST', 'trace': {'timestamp': 1770928461864938, 'duration': 1896672, 'localEndpoint': {'serviceName': 'fastran_000001@nubeam@7'}, 'name': 'init(0)', 'id': '8d68a3a9f8735943', 'parentId': '15e0663de819b9fa', 'tags': {}}, 'state': 'Running', 'comment': 'Target = fastran_000001@nubeam@7:init(0)'}})
2026-02-12 12:34:23,772 fastran_driver_fastran_driver_2 DEBUG    _get_service_response(REQUEST|fastran_000001@fastran_driver@2|FRAMEWORK@Framework@0|43)
2026-02-12 12:34:23,783 fastran_driver_fastran_driver_2 DEBUG    _get_service_response(REQUEST|fastran_000001@fastran_driver@2|FRAMEWORK@Framework@0|43), response = ServiceResponseMessage(sender_id=FRAMEWORK@Framework@0, receiver_id=fastran_000001@fastran_driver@2, request_msg_id=REQUEST|fastran_000001@fastran_driver@2|FRAMEWORK@Framework@0|43,status=0, args=(None,), message_id=RESPONSE|FRAMEWORK@Framework@0|fastran_000001@fastran_driver@2|90)
2026-02-12 12:34:23,783 fastran_driver_fastran_driver_2 DEBUG    _invoke_service(): getTopic  ('_IPS_MONITOR',)
2026-02-12 12:34:23,783 fastran_driver_fastran_driver_2 DEBUG    _get_service_response(REQUEST|fastran_000001@fastran_driver@2|FRAMEWORK@Framework@0|44)
2026-02-12 12:34:23,794 fastran_driver_fastran_driver_2 DEBUG    _get_service_response(REQUEST|fastran_000001@fastran_driver@2|FRAMEWORK@Framework@0|44), response = ServiceResponseMessage(sender_id=FRAMEWORK@Framework@0, receiver_id=fastran_000001@fastran_driver@2, request_msg_id=REQUEST|fastran_000001@fastran_driver@2|FRAMEWORK@Framework@0|44,status=0, args=(<ipsframework.cca_es_spec.Topic object at 0x14e1e9e3abb0>,), message_id=RESPONSE|FRAMEWORK@Framework@0|fastran_000001@fastran_driver@2|91)
2026-02-12 12:34:23,794 fastran_driver_fastran_driver_2 DEBUG    _invoke_service(): sendEvent  ('_IPS_MONITOR', 'PORTAL_EVENT', {'sim_name': 'fastran_000001', 'real_sim_name': 'fastran_000001', 'portal_data': {'code': 'fastran_driver_fastran_driver', 'eventtype': 'IPS_CALL_BEGIN', 'ok': True, 'walltime': '10.98', 'time': '2026-02-12|12:34:23PST', 'state': 'Running', 'comment': 'Target = fastran_000001@efit@8:init(0)'}})
2026-02-12 12:34:23,794 fastran_driver_fastran_driver_2 DEBUG    _get_service_response(REQUEST|fastran_000001@fastran_driver@2|FRAMEWORK@Framework@0|45)
2026-02-12 12:34:23,805 fastran_driver_fastran_driver_2 DEBUG    _get_service_response(REQUEST|fastran_000001@fastran_driver@2|FRAMEWORK@Framework@0|45), response = ServiceResponseMessage(sender_id=FRAMEWORK@Framework@0, receiver_id=fastran_000001@fastran_driver@2, request_msg_id=REQUEST|fastran_000001@fastran_driver@2|FRAMEWORK@Framework@0|45,status=0, args=(None,), message_id=RESPONSE|FRAMEWORK@Framework@0|fastran_000001@fastran_driver@2|92)
2026-02-12 12:34:23,805 fastran_driver_fastran_driver_2 DEBUG    _invoke_service(): init_call  ('init', '0')
2026-02-12 12:34:23,805 fastran_driver_fastran_driver_2 DEBUG    _get_service_response(REQUEST|fastran_000001@fastran_driver@2|FRAMEWORK@Framework@0|46)
2026-02-12 12:34:23,807 fastran_eq_efit_8 DEBUG    Received Message 
2026-02-12 12:34:23,807 fastran_eq_efit_8 DEBUG    Calling method init(0)
2026-02-12 12:34:23,817 fastran_driver_fastran_driver_2 DEBUG    _get_service_response(REQUEST|fastran_000001@fastran_driver@2|FRAMEWORK@Framework@0|46), response = ServiceResponseMessage(sender_id=FRAMEWORK@Framework@0, receiver_id=fastran_000001@fastran_driver@2, request_msg_id=REQUEST|fastran_000001@fastran_driver@2|FRAMEWORK@Framework@0|46,status=0, args=(16,), message_id=RESPONSE|FRAMEWORK@Framework@0|fastran_000001@fastran_driver@2|93)
2026-02-12 12:34:23,817 fastran_driver_fastran_driver_2 DEBUG    _invoke_service(): wait_call  (16, True)
2026-02-12 12:34:23,817 fastran_driver_fastran_driver_2 DEBUG    _get_service_response(REQUEST|fastran_000001@fastran_driver@2|FRAMEWORK@Framework@0|47)
2026-02-12 12:34:23,828 fastran_driver_fastran_driver_2 DEBUG    _get_service_response(REQUEST|fastran_000001@fastran_driver@2|FRAMEWORK@Framework@0|47), response = ServiceResponseMessage(sender_id=FRAMEWORK@Framework@0, receiver_id=fastran_000001@fastran_driver@2, request_msg_id=REQUEST|fastran_000001@fastran_driver@2|FRAMEWORK@Framework@0|47,status=0, args=((None,),), message_id=RESPONSE|FRAMEWORK@Framework@0|fastran_000001@fastran_driver@2|94)
2026-02-12 12:34:23,828 fastran_driver_fastran_driver_2 DEBUG    _invoke_service(): getTopic  ('_IPS_MONITOR',)
2026-02-12 12:34:23,828 fastran_driver_fastran_driver_2 DEBUG    _get_service_response(REQUEST|fastran_000001@fastran_driver@2|FRAMEWORK@Framework@0|48)
2026-02-12 12:34:23,839 fastran_driver_fastran_driver_2 DEBUG    _get_service_response(REQUEST|fastran_000001@fastran_driver@2|FRAMEWORK@Framework@0|48), response = ServiceResponseMessage(sender_id=FRAMEWORK@Framework@0, receiver_id=fastran_000001@fastran_driver@2, request_msg_id=REQUEST|fastran_000001@fastran_driver@2|FRAMEWORK@Framework@0|48,status=0, args=(<ipsframework.cca_es_spec.Topic object at 0x14e1e9e3a940>,), message_id=RESPONSE|FRAMEWORK@Framework@0|fastran_000001@fastran_driver@2|95)
2026-02-12 12:34:23,839 fastran_driver_fastran_driver_2 DEBUG    _invoke_service(): sendEvent  ('_IPS_MONITOR', 'PORTAL_EVENT', {'sim_name': 'fastran_000001', 'real_sim_name': 'fastran_000001', 'portal_data': {'code': 'fastran_driver_fastran_driver', 'eventtype': 'IPS_CALL_END', 'ok': True, 'walltime': '11.03', 'time': '2026-02-12|12:34:23PST', 'trace': {'timestamp': 1770928463817358, 'duration': 10747, 'localEndpoint': {'serviceName': 'fastran_000001@efit@8'}, 'name': 'init(0)', 'id': '0e4b4fb1135b148e', 'parentId': '15e0663de819b9fa', 'tags': {}}, 'state': 'Running', 'comment': 'Target = fastran_000001@efit@8:init(0)'}})
2026-02-12 12:34:23,839 fastran_driver_fastran_driver_2 DEBUG    _get_service_response(REQUEST|fastran_000001@fastran_driver@2|FRAMEWORK@Framework@0|49)
2026-02-12 12:34:23,850 fastran_driver_fastran_driver_2 DEBUG    _get_service_response(REQUEST|fastran_000001@fastran_driver@2|FRAMEWORK@Framework@0|49), response = ServiceResponseMessage(sender_id=FRAMEWORK@Framework@0, receiver_id=fastran_000001@fastran_driver@2, request_msg_id=REQUEST|fastran_000001@fastran_driver@2|FRAMEWORK@Framework@0|49,status=0, args=(None,), message_id=RESPONSE|FRAMEWORK@Framework@0|fastran_000001@fastran_driver@2|96)
2026-02-12 12:34:23,850 fastran_driver_fastran_driver_2 DEBUG    _invoke_service(): getTopic  ('_IPS_MONITOR',)
2026-02-12 12:34:23,850 fastran_driver_fastran_driver_2 DEBUG    _get_service_response(REQUEST|fastran_000001@fastran_driver@2|FRAMEWORK@Framework@0|50)
2026-02-12 12:34:23,861 fastran_driver_fastran_driver_2 DEBUG    _get_service_response(REQUEST|fastran_000001@fastran_driver@2|FRAMEWORK@Framework@0|50), response = ServiceResponseMessage(sender_id=FRAMEWORK@Framework@0, receiver_id=fastran_000001@fastran_driver@2, request_msg_id=REQUEST|fastran_000001@fastran_driver@2|FRAMEWORK@Framework@0|50,status=0, args=(<ipsframework.cca_es_spec.Topic object at 0x14e1e9e3ac40>,), message_id=RESPONSE|FRAMEWORK@Framework@0|fastran_000001@fastran_driver@2|97)
2026-02-12 12:34:23,861 fastran_driver_fastran_driver_2 DEBUG    _invoke_service(): sendEvent  ('_IPS_MONITOR', 'PORTAL_EVENT', {'sim_name': 'fastran_000001', 'real_sim_name': 'fastran_000001', 'portal_data': {'code': 'fastran_driver_fastran_driver', 'eventtype': 'IPS_CALL_BEGIN', 'ok': True, 'walltime': '11.05', 'time': '2026-02-12|12:34:23PST', 'state': 'Running', 'comment': 'Target = fastran_000001@fastran@9:init(0)'}})
2026-02-12 12:34:23,861 fastran_driver_fastran_driver_2 DEBUG    _get_service_response(REQUEST|fastran_000001@fastran_driver@2|FRAMEWORK@Framework@0|51)
2026-02-12 12:34:23,872 fastran_driver_fastran_driver_2 DEBUG    _get_service_response(REQUEST|fastran_000001@fastran_driver@2|FRAMEWORK@Framework@0|51), response = ServiceResponseMessage(sender_id=FRAMEWORK@Framework@0, receiver_id=fastran_000001@fastran_driver@2, request_msg_id=REQUEST|fastran_000001@fastran_driver@2|FRAMEWORK@Framework@0|51,status=0, args=(None,), message_id=RESPONSE|FRAMEWORK@Framework@0|fastran_000001@fastran_driver@2|98)
2026-02-12 12:34:23,872 fastran_driver_fastran_driver_2 DEBUG    _invoke_service(): init_call  ('init', '0')
2026-02-12 12:34:23,872 fastran_driver_fastran_driver_2 DEBUG    _get_service_response(REQUEST|fastran_000001@fastran_driver@2|FRAMEWORK@Framework@0|52)
2026-02-12 12:34:23,873 fastran_tr_fastran_9 DEBUG    Received Message 
2026-02-12 12:34:23,873 fastran_tr_fastran_9 DEBUG    Calling method init(0)
2026-02-12 12:34:23,883 fastran_driver_fastran_driver_2 DEBUG    _get_service_response(REQUEST|fastran_000001@fastran_driver@2|FRAMEWORK@Framework@0|52), response = ServiceResponseMessage(sender_id=FRAMEWORK@Framework@0, receiver_id=fastran_000001@fastran_driver@2, request_msg_id=REQUEST|fastran_000001@fastran_driver@2|FRAMEWORK@Framework@0|52,status=0, args=(17,), message_id=RESPONSE|FRAMEWORK@Framework@0|fastran_000001@fastran_driver@2|99)
2026-02-12 12:34:23,883 fastran_driver_fastran_driver_2 DEBUG    _invoke_service(): wait_call  (17, True)
2026-02-12 12:34:23,883 fastran_driver_fastran_driver_2 DEBUG    _get_service_response(REQUEST|fastran_000001@fastran_driver@2|FRAMEWORK@Framework@0|53)
2026-02-12 12:34:23,894 fastran_driver_fastran_driver_2 DEBUG    _get_service_response(REQUEST|fastran_000001@fastran_driver@2|FRAMEWORK@Framework@0|53), response = ServiceResponseMessage(sender_id=FRAMEWORK@Framework@0, receiver_id=fastran_000001@fastran_driver@2, request_msg_id=REQUEST|fastran_000001@fastran_driver@2|FRAMEWORK@Framework@0|53,status=0, args=((None,),), message_id=RESPONSE|FRAMEWORK@Framework@0|fastran_000001@fastran_driver@2|100)
2026-02-12 12:34:23,894 fastran_driver_fastran_driver_2 DEBUG    _invoke_service(): getTopic  ('_IPS_MONITOR',)
2026-02-12 12:34:23,894 fastran_driver_fastran_driver_2 DEBUG    _get_service_response(REQUEST|fastran_000001@fastran_driver@2|FRAMEWORK@Framework@0|54)
2026-02-12 12:34:23,905 fastran_driver_fastran_driver_2 DEBUG    _get_service_response(REQUEST|fastran_000001@fastran_driver@2|FRAMEWORK@Framework@0|54), response = ServiceResponseMessage(sender_id=FRAMEWORK@Framework@0, receiver_id=fastran_000001@fastran_driver@2, request_msg_id=REQUEST|fastran_000001@fastran_driver@2|FRAMEWORK@Framework@0|54,status=0, args=(<ipsframework.cca_es_spec.Topic object at 0x14e1e9e3abb0>,), message_id=RESPONSE|FRAMEWORK@Framework@0|fastran_000001@fastran_driver@2|101)
2026-02-12 12:34:23,905 fastran_driver_fastran_driver_2 DEBUG    _invoke_service(): sendEvent  ('_IPS_MONITOR', 'PORTAL_EVENT', {'sim_name': 'fastran_000001', 'real_sim_name': 'fastran_000001', 'portal_data': {'code': 'fastran_driver_fastran_driver', 'eventtype': 'IPS_CALL_END', 'ok': True, 'walltime': '11.09', 'time': '2026-02-12|12:34:23PST', 'trace': {'timestamp': 1770928463883647, 'duration': 11028, 'localEndpoint': {'serviceName': 'fastran_000001@fastran@9'}, 'name': 'init(0)', 'id': '1423e7a97aef6cc3', 'parentId': '15e0663de819b9fa', 'tags': {}}, 'state': 'Running', 'comment': 'Target = fastran_000001@fastran@9:init(0)'}})
2026-02-12 12:34:23,905 fastran_driver_fastran_driver_2 DEBUG    _get_service_response(REQUEST|fastran_000001@fastran_driver@2|FRAMEWORK@Framework@0|55)
2026-02-12 12:34:23,916 fastran_driver_fastran_driver_2 DEBUG    _get_service_response(REQUEST|fastran_000001@fastran_driver@2|FRAMEWORK@Framework@0|55), response = ServiceResponseMessage(sender_id=FRAMEWORK@Framework@0, receiver_id=fastran_000001@fastran_driver@2, request_msg_id=REQUEST|fastran_000001@fastran_driver@2|FRAMEWORK@Framework@0|55,status=0, args=(None,), message_id=RESPONSE|FRAMEWORK@Framework@0|fastran_000001@fastran_driver@2|102)
2026-02-12 12:34:23,917 fastran_driver_fastran_driver_2 DEBUG    _invoke_service(): getTopic  ('_IPS_MONITOR',)
2026-02-12 12:34:23,917 fastran_driver_fastran_driver_2 DEBUG    _get_service_response(REQUEST|fastran_000001@fastran_driver@2|FRAMEWORK@Framework@0|56)
2026-02-12 12:34:23,928 fastran_driver_fastran_driver_2 DEBUG    _get_service_response(REQUEST|fastran_000001@fastran_driver@2|FRAMEWORK@Framework@0|56), response = ServiceResponseMessage(sender_id=FRAMEWORK@Framework@0, receiver_id=fastran_000001@fastran_driver@2, request_msg_id=REQUEST|fastran_000001@fastran_driver@2|FRAMEWORK@Framework@0|56,status=0, args=(<ipsframework.cca_es_spec.Topic object at 0x14e1e9e3a3d0>,), message_id=RESPONSE|FRAMEWORK@Framework@0|fastran_000001@fastran_driver@2|103)
2026-02-12 12:34:23,928 fastran_driver_fastran_driver_2 DEBUG    _invoke_service(): sendEvent  ('_IPS_MONITOR', 'PORTAL_EVENT', {'sim_name': 'fastran_000001', 'real_sim_name': 'fastran_000001', 'portal_data': {'code': 'fastran_driver_fastran_driver', 'eventtype': 'IPS_CALL_BEGIN', 'ok': True, 'walltime': '11.11', 'time': '2026-02-12|12:34:23PST', 'state': 'Running', 'comment': 'Target = fastran_000001@far3d@10:init(0)'}})
2026-02-12 12:34:23,928 fastran_driver_fastran_driver_2 DEBUG    _get_service_response(REQUEST|fastran_000001@fastran_driver@2|FRAMEWORK@Framework@0|57)
2026-02-12 12:34:23,938 fastran_driver_fastran_driver_2 DEBUG    _get_service_response(REQUEST|fastran_000001@fastran_driver@2|FRAMEWORK@Framework@0|57), response = ServiceResponseMessage(sender_id=FRAMEWORK@Framework@0, receiver_id=fastran_000001@fastran_driver@2, request_msg_id=REQUEST|fastran_000001@fastran_driver@2|FRAMEWORK@Framework@0|57,status=0, args=(None,), message_id=RESPONSE|FRAMEWORK@Framework@0|fastran_000001@fastran_driver@2|104)
2026-02-12 12:34:23,939 fastran_driver_fastran_driver_2 DEBUG    _invoke_service(): init_call  ('init', '0')
2026-02-12 12:34:23,939 fastran_driver_fastran_driver_2 DEBUG    _get_service_response(REQUEST|fastran_000001@fastran_driver@2|FRAMEWORK@Framework@0|58)
2026-02-12 12:34:23,940 fastran_ep_far3d_10 DEBUG    Received Message 
2026-02-12 12:34:23,940 fastran_ep_far3d_10 DEBUG    Calling method init(0)
2026-02-12 12:34:23,950 fastran_driver_fastran_driver_2 DEBUG    _get_service_response(REQUEST|fastran_000001@fastran_driver@2|FRAMEWORK@Framework@0|58), response = ServiceResponseMessage(sender_id=FRAMEWORK@Framework@0, receiver_id=fastran_000001@fastran_driver@2, request_msg_id=REQUEST|fastran_000001@fastran_driver@2|FRAMEWORK@Framework@0|58,status=0, args=(18,), message_id=RESPONSE|FRAMEWORK@Framework@0|fastran_000001@fastran_driver@2|105)
2026-02-12 12:34:23,950 fastran_driver_fastran_driver_2 DEBUG    _invoke_service(): wait_call  (18, True)
2026-02-12 12:34:23,950 fastran_driver_fastran_driver_2 DEBUG    _get_service_response(REQUEST|fastran_000001@fastran_driver@2|FRAMEWORK@Framework@0|59)
2026-02-12 12:34:23,961 fastran_driver_fastran_driver_2 DEBUG    _get_service_response(REQUEST|fastran_000001@fastran_driver@2|FRAMEWORK@Framework@0|59), response = ServiceResponseMessage(sender_id=FRAMEWORK@Framework@0, receiver_id=fastran_000001@fastran_driver@2, request_msg_id=REQUEST|fastran_000001@fastran_driver@2|FRAMEWORK@Framework@0|59,status=0, args=((None,),), message_id=RESPONSE|FRAMEWORK@Framework@0|fastran_000001@fastran_driver@2|106)
2026-02-12 12:34:23,961 fastran_driver_fastran_driver_2 DEBUG    _invoke_service(): getTopic  ('_IPS_MONITOR',)
2026-02-12 12:34:23,961 fastran_driver_fastran_driver_2 DEBUG    _get_service_response(REQUEST|fastran_000001@fastran_driver@2|FRAMEWORK@Framework@0|60)
2026-02-12 12:34:23,972 fastran_driver_fastran_driver_2 DEBUG    _get_service_response(REQUEST|fastran_000001@fastran_driver@2|FRAMEWORK@Framework@0|60), response = ServiceResponseMessage(sender_id=FRAMEWORK@Framework@0, receiver_id=fastran_000001@fastran_driver@2, request_msg_id=REQUEST|fastran_000001@fastran_driver@2|FRAMEWORK@Framework@0|60,status=0, args=(<ipsframework.cca_es_spec.Topic object at 0x14e1e9e3ac40>,), message_id=RESPONSE|FRAMEWORK@Framework@0|fastran_000001@fastran_driver@2|107)
2026-02-12 12:34:23,972 fastran_driver_fastran_driver_2 DEBUG    _invoke_service(): sendEvent  ('_IPS_MONITOR', 'PORTAL_EVENT', {'sim_name': 'fastran_000001', 'real_sim_name': 'fastran_000001', 'portal_data': {'code': 'fastran_driver_fastran_driver', 'eventtype': 'IPS_CALL_END', 'ok': True, 'walltime': '11.16', 'time': '2026-02-12|12:34:23PST', 'trace': {'timestamp': 1770928463950513, 'duration': 11056, 'localEndpoint': {'serviceName': 'fastran_000001@far3d@10'}, 'name': 'init(0)', 'id': 'c4f522721a0302b7', 'parentId': '15e0663de819b9fa', 'tags': {}}, 'state': 'Running', 'comment': 'Target = fastran_000001@far3d@10:init(0)'}})
2026-02-12 12:34:23,972 fastran_driver_fastran_driver_2 DEBUG    _get_service_response(REQUEST|fastran_000001@fastran_driver@2|FRAMEWORK@Framework@0|61)
2026-02-12 12:34:23,983 fastran_driver_fastran_driver_2 DEBUG    _get_service_response(REQUEST|fastran_000001@fastran_driver@2|FRAMEWORK@Framework@0|61), response = ServiceResponseMessage(sender_id=FRAMEWORK@Framework@0, receiver_id=fastran_000001@fastran_driver@2, request_msg_id=REQUEST|fastran_000001@fastran_driver@2|FRAMEWORK@Framework@0|61,status=0, args=(None,), message_id=RESPONSE|FRAMEWORK@Framework@0|fastran_000001@fastran_driver@2|108)
2026-02-12 12:34:23,983 fastran_driver_fastran_driver_2 DEBUG    _invoke_service(): stage_state  (['s000001.00001', 'g000001.00001', 'i000001.00001'], '/pscratch/sd/y/yashu_gh/FREDA_KSTAR_2/ips-fastran/examples/far3d/example1/SCAN/work/plasma_state', '/pscratch/sd/y/yashu_gh/FREDA_KSTAR_2/ips-fastran/examples/far3d/example1/SCAN/work/fastran_driver_fastran_driver_2')
2026-02-12 12:34:23,984 fastran_driver_fastran_driver_2 DEBUG    _get_service_response(REQUEST|fastran_000001@fastran_driver@2|FRAMEWORK@Framework@0|62)
2026-02-12 12:34:24,004 fastran_driver_fastran_driver_2 DEBUG    _get_service_response(REQUEST|fastran_000001@fastran_driver@2|FRAMEWORK@Framework@0|62), response = ServiceResponseMessage(sender_id=FRAMEWORK@Framework@0, receiver_id=fastran_000001@fastran_driver@2, request_msg_id=REQUEST|fastran_000001@fastran_driver@2|FRAMEWORK@Framework@0|62,status=0, args=(0,), message_id=RESPONSE|FRAMEWORK@Framework@0|fastran_000001@fastran_driver@2|109)
2026-02-12 12:34:24,005 fastran_driver_fastran_driver_2 DEBUG    _invoke_service(): getTopic  ('_IPS_MONITOR',)
2026-02-12 12:34:24,005 fastran_driver_fastran_driver_2 DEBUG    _get_service_response(REQUEST|fastran_000001@fastran_driver@2|FRAMEWORK@Framework@0|63)
2026-02-12 12:34:24,015 fastran_driver_fastran_driver_2 DEBUG    _get_service_response(REQUEST|fastran_000001@fastran_driver@2|FRAMEWORK@Framework@0|63), response = ServiceResponseMessage(sender_id=FRAMEWORK@Framework@0, receiver_id=fastran_000001@fastran_driver@2, request_msg_id=REQUEST|fastran_000001@fastran_driver@2|FRAMEWORK@Framework@0|63,status=0, args=(<ipsframework.cca_es_spec.Topic object at 0x14e1e9e3abb0>,), message_id=RESPONSE|FRAMEWORK@Framework@0|fastran_000001@fastran_driver@2|110)
2026-02-12 12:34:24,015 fastran_driver_fastran_driver_2 DEBUG    _invoke_service(): sendEvent  ('_IPS_MONITOR', 'PORTAL_EVENT', {'sim_name': 'fastran_000001', 'real_sim_name': 'fastran_000001', 'portal_data': {'code': 'fastran_driver_fastran_driver', 'eventtype': 'IPS_STAGE_STATE', 'ok': True, 'walltime': '11.20', 'time': '2026-02-12|12:34:24PST', 'trace': {'timestamp': 1770928463983830, 'duration': 21166, 'localEndpoint': {'serviceName': 'stage_state'}, 'name': "['s000001.00001', 'g000001.00001', 'i000001.00001']", 'id': '71885aecf25d7412', 'parentId': '15e0663de819b9fa', 'tags': {}}, 'state': 'Running', 'comment': 'Elapsed time = 0.021  files = s000001.00001 g000001.00001 i000001.00001 Success'}})
2026-02-12 12:34:24,015 fastran_driver_fastran_driver_2 DEBUG    _get_service_response(REQUEST|fastran_000001@fastran_driver@2|FRAMEWORK@Framework@0|64)
2026-02-12 12:34:24,026 fastran_driver_fastran_driver_2 DEBUG    _get_service_response(REQUEST|fastran_000001@fastran_driver@2|FRAMEWORK@Framework@0|64), response = ServiceResponseMessage(sender_id=FRAMEWORK@Framework@0, receiver_id=fastran_000001@fastran_driver@2, request_msg_id=REQUEST|fastran_000001@fastran_driver@2|FRAMEWORK@Framework@0|64,status=0, args=(None,), message_id=RESPONSE|FRAMEWORK@Framework@0|fastran_000001@fastran_driver@2|111)
2026-02-12 12:34:24,028 fastran_driver_fastran_driver_2 DEBUG    _invoke_service(): getTopic  ('_IPS_MONITOR',)
2026-02-12 12:34:24,028 fastran_driver_fastran_driver_2 DEBUG    _get_service_response(REQUEST|fastran_000001@fastran_driver@2|FRAMEWORK@Framework@0|65)
2026-02-12 12:34:24,038 fastran_driver_fastran_driver_2 DEBUG    _get_service_response(REQUEST|fastran_000001@fastran_driver@2|FRAMEWORK@Framework@0|65), response = ServiceResponseMessage(sender_id=FRAMEWORK@Framework@0, receiver_id=fastran_000001@fastran_driver@2, request_msg_id=REQUEST|fastran_000001@fastran_driver@2|FRAMEWORK@Framework@0|65,status=0, args=(<ipsframework.cca_es_spec.Topic object at 0x14e1e9e3ad60>,), message_id=RESPONSE|FRAMEWORK@Framework@0|fastran_000001@fastran_driver@2|112)
2026-02-12 12:34:24,038 fastran_driver_fastran_driver_2 DEBUG    _invoke_service(): sendEvent  ('_IPS_MONITOR', 'PORTAL_EVENT', {'sim_name': 'fastran_000001', 'real_sim_name': 'fastran_000001', 'portal_data': {'code': 'fastran_driver_fastran_driver', 'eventtype': 'IPS_STAGE_OUTPUTS', 'ok': True, 'walltime': '11.23', 'time': '2026-02-12|12:34:24PST', 'trace': {'timestamp': 1770928464026647, 'duration': 1305, 'localEndpoint': {'serviceName': 'stage_output_files'}, 'name': '[]', 'id': 'ed019efe11be26d9', 'parentId': '15e0663de819b9fa', 'tags': {}}, 'state': 'Running', 'comment': 'Elapsed time = 0.001 Path = /pscratch/sd/y/yashu_gh/FREDA_KSTAR_2/ips-fastran/examples/far3d/example1/SCAN/simulation_results/0/components/fastran_driver_fastran_driver_2 Files = []'}})
2026-02-12 12:34:24,038 fastran_driver_fastran_driver_2 DEBUG    _get_service_response(REQUEST|fastran_000001@fastran_driver@2|FRAMEWORK@Framework@0|66)
2026-02-12 12:34:24,049 fastran_driver_fastran_driver_2 DEBUG    _get_service_response(REQUEST|fastran_000001@fastran_driver@2|FRAMEWORK@Framework@0|66), response = ServiceResponseMessage(sender_id=FRAMEWORK@Framework@0, receiver_id=fastran_000001@fastran_driver@2, request_msg_id=REQUEST|fastran_000001@fastran_driver@2|FRAMEWORK@Framework@0|66,status=0, args=(None,), message_id=RESPONSE|FRAMEWORK@Framework@0|fastran_000001@fastran_driver@2|113)
2026-02-12 12:34:24,049 fastran_driver_fastran_driver_2 DEBUG    _invoke_service(): getTopic  ('_IPS_MONITOR',)
2026-02-12 12:34:24,050 fastran_driver_fastran_driver_2 DEBUG    _get_service_response(REQUEST|fastran_000001@fastran_driver@2|FRAMEWORK@Framework@0|67)
2026-02-12 12:34:24,060 fastran_driver_fastran_driver_2 DEBUG    _get_service_response(REQUEST|fastran_000001@fastran_driver@2|FRAMEWORK@Framework@0|67), response = ServiceResponseMessage(sender_id=FRAMEWORK@Framework@0, receiver_id=fastran_000001@fastran_driver@2, request_msg_id=REQUEST|fastran_000001@fastran_driver@2|FRAMEWORK@Framework@0|67,status=0, args=(<ipsframework.cca_es_spec.Topic object at 0x14e1e9e3ac40>,), message_id=RESPONSE|FRAMEWORK@Framework@0|fastran_000001@fastran_driver@2|114)
2026-02-12 12:34:24,060 fastran_driver_fastran_driver_2 DEBUG    _invoke_service(): sendEvent  ('_IPS_MONITOR', 'PORTALBRIDGE_UPDATE_TIMESTAMP', {'sim_name': 'fastran_000001', 'real_sim_name': 'fastran_000001', 'portal_data': {'phystimestamp': 'preprocess_0', 'eventtype': 'PORTALBRIDGE_UPDATE_TIMESTAMP'}})
2026-02-12 12:34:24,060 fastran_driver_fastran_driver_2 DEBUG    _get_service_response(REQUEST|fastran_000001@fastran_driver@2|FRAMEWORK@Framework@0|68)
2026-02-12 12:34:24,071 fastran_driver_fastran_driver_2 DEBUG    _get_service_response(REQUEST|fastran_000001@fastran_driver@2|FRAMEWORK@Framework@0|68), response = ServiceResponseMessage(sender_id=FRAMEWORK@Framework@0, receiver_id=fastran_000001@fastran_driver@2, request_msg_id=REQUEST|fastran_000001@fastran_driver@2|FRAMEWORK@Framework@0|68,status=0, args=(None,), message_id=RESPONSE|FRAMEWORK@Framework@0|fastran_000001@fastran_driver@2|115)
2026-02-12 12:34:24,071 fastran_driver_fastran_driver_2 DEBUG    _invoke_service(): getTopic  ('_IPS_MONITOR',)
2026-02-12 12:34:24,072 fastran_driver_fastran_driver_2 DEBUG    _get_service_response(REQUEST|fastran_000001@fastran_driver@2|FRAMEWORK@Framework@0|69)
2026-02-12 12:34:24,082 fastran_driver_fastran_driver_2 DEBUG    _get_service_response(REQUEST|fastran_000001@fastran_driver@2|FRAMEWORK@Framework@0|69), response = ServiceResponseMessage(sender_id=FRAMEWORK@Framework@0, receiver_id=fastran_000001@fastran_driver@2, request_msg_id=REQUEST|fastran_000001@fastran_driver@2|FRAMEWORK@Framework@0|69,status=0, args=(<ipsframework.cca_es_spec.Topic object at 0x14e1e9e3ad30>,), message_id=RESPONSE|FRAMEWORK@Framework@0|fastran_000001@fastran_driver@2|116)
2026-02-12 12:34:24,082 fastran_driver_fastran_driver_2 DEBUG    _invoke_service(): sendEvent  ('_IPS_MONITOR', 'PORTAL_EVENT', {'sim_name': 'fastran_000001', 'real_sim_name': 'fastran_000001', 'portal_data': {'code': 'fastran_driver_fastran_driver', 'eventtype': 'IPS_UPDATE_TIME_STAMP', 'ok': True, 'walltime': '11.27', 'time': '2026-02-12|12:34:24PST', 'state': 'Running', 'comment': 'Timestamp = preprocess_0'}})
2026-02-12 12:34:24,083 fastran_driver_fastran_driver_2 DEBUG    _get_service_response(REQUEST|fastran_000001@fastran_driver@2|FRAMEWORK@Framework@0|70)
2026-02-12 12:34:24,094 fastran_driver_fastran_driver_2 DEBUG    _get_service_response(REQUEST|fastran_000001@fastran_driver@2|FRAMEWORK@Framework@0|70), response = ServiceResponseMessage(sender_id=FRAMEWORK@Framework@0, receiver_id=fastran_000001@fastran_driver@2, request_msg_id=REQUEST|fastran_000001@fastran_driver@2|FRAMEWORK@Framework@0|70,status=0, args=(None,), message_id=RESPONSE|FRAMEWORK@Framework@0|fastran_000001@fastran_driver@2|117)
2026-02-12 12:34:24,094 fastran_driver_fastran_driver_2 DEBUG    _invoke_service(): getTopic  ('_IPS_MONITOR',)
2026-02-12 12:34:24,094 fastran_driver_fastran_driver_2 DEBUG    _get_service_response(REQUEST|fastran_000001@fastran_driver@2|FRAMEWORK@Framework@0|71)
2026-02-12 12:34:24,105 fastran_driver_fastran_driver_2 DEBUG    _get_service_response(REQUEST|fastran_000001@fastran_driver@2|FRAMEWORK@Framework@0|71), response = ServiceResponseMessage(sender_id=FRAMEWORK@Framework@0, receiver_id=fastran_000001@fastran_driver@2, request_msg_id=REQUEST|fastran_000001@fastran_driver@2|FRAMEWORK@Framework@0|71,status=0, args=(<ipsframework.cca_es_spec.Topic object at 0x14e1e9e3ad90>,), message_id=RESPONSE|FRAMEWORK@Framework@0|fastran_000001@fastran_driver@2|118)
2026-02-12 12:34:24,105 fastran_driver_fastran_driver_2 DEBUG    _invoke_service(): sendEvent  ('_IPS_MONITOR', 'PORTAL_EVENT', {'sim_name': 'fastran_000001', 'real_sim_name': 'fastran_000001', 'portal_data': {'code': 'fastran_driver_fastran_driver', 'eventtype': 'IPS_CALL_BEGIN', 'ok': True, 'walltime': '11.29', 'time': '2026-02-12|12:34:24PST', 'state': 'Running', 'comment': 'Target = fastran_000001@efit@3:step(preprocess_0)'}})
2026-02-12 12:34:24,105 fastran_driver_fastran_driver_2 DEBUG    _get_service_response(REQUEST|fastran_000001@fastran_driver@2|FRAMEWORK@Framework@0|72)
2026-02-12 12:34:24,116 fastran_driver_fastran_driver_2 DEBUG    _get_service_response(REQUEST|fastran_000001@fastran_driver@2|FRAMEWORK@Framework@0|72), response = ServiceResponseMessage(sender_id=FRAMEWORK@Framework@0, receiver_id=fastran_000001@fastran_driver@2, request_msg_id=REQUEST|fastran_000001@fastran_driver@2|FRAMEWORK@Framework@0|72,status=0, args=(None,), message_id=RESPONSE|FRAMEWORK@Framework@0|fastran_000001@fastran_driver@2|119)
2026-02-12 12:34:24,116 fastran_driver_fastran_driver_2 DEBUG    _invoke_service(): init_call  ('step', 'preprocess_0')
2026-02-12 12:34:24,116 fastran_driver_fastran_driver_2 DEBUG    _get_service_response(REQUEST|fastran_000001@fastran_driver@2|FRAMEWORK@Framework@0|73)
2026-02-12 12:34:24,117 fastran_eq0_efit_3 DEBUG    Received Message 
2026-02-12 12:34:24,117 fastran_eq0_efit_3 DEBUG    Calling method step(preprocess_0)
2026-02-12 12:34:24,117 fastran_eq0_efit_3 DEBUG    _invoke_service(): stage_state  (['s000001.00001', 'g000001.00001', 'i000001.00001'], '/pscratch/sd/y/yashu_gh/FREDA_KSTAR_2/ips-fastran/examples/far3d/example1/SCAN/work/plasma_state', '/pscratch/sd/y/yashu_gh/FREDA_KSTAR_2/ips-fastran/examples/far3d/example1/SCAN/work/fastran_eq0_efit_3')
2026-02-12 12:34:24,117 fastran_eq0_efit_3 DEBUG    _get_service_response(REQUEST|fastran_000001@efit@3|FRAMEWORK@Framework@0|6)
2026-02-12 12:34:24,127 fastran_driver_fastran_driver_2 DEBUG    _get_service_response(REQUEST|fastran_000001@fastran_driver@2|FRAMEWORK@Framework@0|73), response = ServiceResponseMessage(sender_id=FRAMEWORK@Framework@0, receiver_id=fastran_000001@fastran_driver@2, request_msg_id=REQUEST|fastran_000001@fastran_driver@2|FRAMEWORK@Framework@0|73,status=0, args=(19,), message_id=RESPONSE|FRAMEWORK@Framework@0|fastran_000001@fastran_driver@2|120)
2026-02-12 12:34:24,127 fastran_driver_fastran_driver_2 DEBUG    _invoke_service(): wait_call  (19, True)
2026-02-12 12:34:24,127 fastran_driver_fastran_driver_2 DEBUG    _get_service_response(REQUEST|fastran_000001@fastran_driver@2|FRAMEWORK@Framework@0|74)
2026-02-12 12:34:24,138 fastran_eq0_efit_3 DEBUG    _get_service_response(REQUEST|fastran_000001@efit@3|FRAMEWORK@Framework@0|6), response = ServiceResponseMessage(sender_id=FRAMEWORK@Framework@0, receiver_id=fastran_000001@efit@3, request_msg_id=REQUEST|fastran_000001@efit@3|FRAMEWORK@Framework@0|6,status=0, args=(0,), message_id=RESPONSE|FRAMEWORK@Framework@0|fastran_000001@efit@3|121)
2026-02-12 12:34:24,138 fastran_eq0_efit_3 DEBUG    _invoke_service(): getTopic  ('_IPS_MONITOR',)
2026-02-12 12:34:24,139 fastran_eq0_efit_3 DEBUG    _get_service_response(REQUEST|fastran_000001@efit@3|FRAMEWORK@Framework@0|7)
2026-02-12 12:34:24,149 fastran_eq0_efit_3 DEBUG    _get_service_response(REQUEST|fastran_000001@efit@3|FRAMEWORK@Framework@0|7), response = ServiceResponseMessage(sender_id=FRAMEWORK@Framework@0, receiver_id=fastran_000001@efit@3, request_msg_id=REQUEST|fastran_000001@efit@3|FRAMEWORK@Framework@0|7,status=0, args=(<ipsframework.cca_es_spec.Topic object at 0x14e1e9e456d0>,), message_id=RESPONSE|FRAMEWORK@Framework@0|fastran_000001@efit@3|122)
2026-02-12 12:34:24,149 fastran_eq0_efit_3 DEBUG    _invoke_service(): sendEvent  ('_IPS_MONITOR', 'PORTAL_EVENT', {'sim_name': 'fastran_000001', 'real_sim_name': 'fastran_000001', 'portal_data': {'code': 'fastran_eq0_efit', 'eventtype': 'IPS_STAGE_STATE', 'ok': True, 'walltime': '11.34', 'time': '2026-02-12|12:34:24PST', 'trace': {'timestamp': 1770928464117558, 'duration': 21294, 'localEndpoint': {'serviceName': 'stage_state'}, 'name': "['s000001.00001', 'g000001.00001', 'i000001.00001']", 'id': '71885aecf25d7412', 'parentId': '5773ed36c2c51b60', 'tags': {}}, 'state': 'Running', 'comment': 'Elapsed time = 0.021  files = s000001.00001 g000001.00001 i000001.00001 Success'}})
2026-02-12 12:34:24,149 fastran_eq0_efit_3 DEBUG    _get_service_response(REQUEST|fastran_000001@efit@3|FRAMEWORK@Framework@0|8)
2026-02-12 12:34:24,160 fastran_eq0_efit_3 DEBUG    _get_service_response(REQUEST|fastran_000001@efit@3|FRAMEWORK@Framework@0|8), response = ServiceResponseMessage(sender_id=FRAMEWORK@Framework@0, receiver_id=fastran_000001@efit@3, request_msg_id=REQUEST|fastran_000001@efit@3|FRAMEWORK@Framework@0|8,status=0, args=(None,), message_id=RESPONSE|FRAMEWORK@Framework@0|fastran_000001@efit@3|124)
2026-02-12 12:34:40,893 fastran_eq0_efit_3 DEBUG    _invoke_service(): update_state  (['s000001.00001', 'g000001.00001', 'i000001.00001'], '/pscratch/sd/y/yashu_gh/FREDA_KSTAR_2/ips-fastran/examples/far3d/example1/SCAN/work/fastran_eq0_efit_3', '/pscratch/sd/y/yashu_gh/FREDA_KSTAR_2/ips-fastran/examples/far3d/example1/SCAN/work/plasma_state')
2026-02-12 12:34:40,896 fastran_eq0_efit_3 DEBUG    _get_service_response(REQUEST|fastran_000001@efit@3|FRAMEWORK@Framework@0|9)
2026-02-12 12:34:40,918 fastran_eq0_efit_3 DEBUG    _get_service_response(REQUEST|fastran_000001@efit@3|FRAMEWORK@Framework@0|9), response = ServiceResponseMessage(sender_id=FRAMEWORK@Framework@0, receiver_id=fastran_000001@efit@3, request_msg_id=REQUEST|fastran_000001@efit@3|FRAMEWORK@Framework@0|9,status=0, args=(0,), message_id=RESPONSE|FRAMEWORK@Framework@0|fastran_000001@efit@3|157)
2026-02-12 12:34:40,918 fastran_eq0_efit_3 DEBUG    _invoke_service(): getTopic  ('_IPS_MONITOR',)
2026-02-12 12:34:40,918 fastran_eq0_efit_3 DEBUG    _get_service_response(REQUEST|fastran_000001@efit@3|FRAMEWORK@Framework@0|10)
2026-02-12 12:34:40,929 fastran_eq0_efit_3 DEBUG    _get_service_response(REQUEST|fastran_000001@efit@3|FRAMEWORK@Framework@0|10), response = ServiceResponseMessage(sender_id=FRAMEWORK@Framework@0, receiver_id=fastran_000001@efit@3, request_msg_id=REQUEST|fastran_000001@efit@3|FRAMEWORK@Framework@0|10,status=0, args=(<ipsframework.cca_es_spec.Topic object at 0x14e1e9e45550>,), message_id=RESPONSE|FRAMEWORK@Framework@0|fastran_000001@efit@3|158)
2026-02-12 12:34:40,929 fastran_eq0_efit_3 DEBUG    _invoke_service(): sendEvent  ('_IPS_MONITOR', 'PORTAL_EVENT', {'sim_name': 'fastran_000001', 'real_sim_name': 'fastran_000001', 'portal_data': {'code': 'fastran_eq0_efit', 'eventtype': 'IPS_UPDATE_STATE', 'ok': True, 'walltime': '28.12', 'time': '2026-02-12|12:34:40PST', 'trace': {'timestamp': 1770928480891574, 'duration': 26680, 'localEndpoint': {'serviceName': 'update_state'}, 'name': "['s000001.00001', 'g000001.00001', 'i000001.00001']", 'id': '7629e189a66153c0', 'parentId': '5773ed36c2c51b60', 'tags': {}}, 'state': 'Running', 'comment': 'Elapsed time = 0.027   files = s000001.00001 g000001.00001 i000001.00001 Success'}})
2026-02-12 12:34:40,929 fastran_eq0_efit_3 DEBUG    _get_service_response(REQUEST|fastran_000001@efit@3|FRAMEWORK@Framework@0|11)
2026-02-12 12:34:40,940 fastran_eq0_efit_3 DEBUG    _get_service_response(REQUEST|fastran_000001@efit@3|FRAMEWORK@Framework@0|11), response = ServiceResponseMessage(sender_id=FRAMEWORK@Framework@0, receiver_id=fastran_000001@efit@3, request_msg_id=REQUEST|fastran_000001@efit@3|FRAMEWORK@Framework@0|11,status=0, args=(None,), message_id=RESPONSE|FRAMEWORK@Framework@0|fastran_000001@efit@3|159)
2026-02-12 12:34:40,963 fastran_eq0_efit_3 DEBUG    _invoke_service(): getTopic  ('_IPS_MONITOR',)
2026-02-12 12:34:40,963 fastran_eq0_efit_3 DEBUG    _get_service_response(REQUEST|fastran_000001@efit@3|FRAMEWORK@Framework@0|12)
2026-02-12 12:34:40,974 fastran_eq0_efit_3 DEBUG    _get_service_response(REQUEST|fastran_000001@efit@3|FRAMEWORK@Framework@0|12), response = ServiceResponseMessage(sender_id=FRAMEWORK@Framework@0, receiver_id=fastran_000001@efit@3, request_msg_id=REQUEST|fastran_000001@efit@3|FRAMEWORK@Framework@0|12,status=0, args=(<ipsframework.cca_es_spec.Topic object at 0x14e1e9e455e0>,), message_id=RESPONSE|FRAMEWORK@Framework@0|fastran_000001@efit@3|160)
2026-02-12 12:34:40,974 fastran_eq0_efit_3 DEBUG    _invoke_service(): sendEvent  ('_IPS_MONITOR', 'PORTAL_EVENT', {'sim_name': 'fastran_000001', 'real_sim_name': 'fastran_000001', 'portal_data': {'code': 'fastran_eq0_efit', 'eventtype': 'IPS_STAGE_OUTPUTS', 'ok': True, 'walltime': '28.16', 'time': '2026-02-12|12:34:40PST', 'trace': {'timestamp': 1770928480940539, 'duration': 23302, 'localEndpoint': {'serviceName': 'stage_output_files'}, 'name': "['g*.*', 'a*.*', 'm*.*', 'k*.*', 'efit.log']", 'id': '7f2cccfefec01030', 'parentId': '5773ed36c2c51b60', 'tags': {}}, 'state': 'Running', 'comment': "Elapsed time = 0.023 Path = /pscratch/sd/y/yashu_gh/FREDA_KSTAR_2/ips-fastran/examples/far3d/example1/SCAN/simulation_results/preprocess_0/components/fastran_eq0_efit_3 Files = ['g*.*', 'a*.*', 'm*.*', 'k*.*', 'efit.log']"}})
2026-02-12 12:34:40,974 fastran_eq0_efit_3 DEBUG    _get_service_response(REQUEST|fastran_000001@efit@3|FRAMEWORK@Framework@0|13)
2026-02-12 12:34:40,985 fastran_eq0_efit_3 DEBUG    _get_service_response(REQUEST|fastran_000001@efit@3|FRAMEWORK@Framework@0|13), response = ServiceResponseMessage(sender_id=FRAMEWORK@Framework@0, receiver_id=fastran_000001@efit@3, request_msg_id=REQUEST|fastran_000001@efit@3|FRAMEWORK@Framework@0|13,status=0, args=(None,), message_id=RESPONSE|FRAMEWORK@Framework@0|fastran_000001@efit@3|161)
2026-02-12 12:34:40,997 fastran_driver_fastran_driver_2 DEBUG    _get_service_response(REQUEST|fastran_000001@fastran_driver@2|FRAMEWORK@Framework@0|74), response = ServiceResponseMessage(sender_id=FRAMEWORK@Framework@0, receiver_id=fastran_000001@fastran_driver@2, request_msg_id=REQUEST|fastran_000001@fastran_driver@2|FRAMEWORK@Framework@0|74,status=0, args=((None,),), message_id=RESPONSE|FRAMEWORK@Framework@0|fastran_000001@fastran_driver@2|162)
2026-02-12 12:34:40,997 fastran_driver_fastran_driver_2 DEBUG    _invoke_service(): getTopic  ('_IPS_MONITOR',)
2026-02-12 12:34:40,997 fastran_driver_fastran_driver_2 DEBUG    _get_service_response(REQUEST|fastran_000001@fastran_driver@2|FRAMEWORK@Framework@0|75)
2026-02-12 12:34:41,008 fastran_driver_fastran_driver_2 DEBUG    _get_service_response(REQUEST|fastran_000001@fastran_driver@2|FRAMEWORK@Framework@0|75), response = ServiceResponseMessage(sender_id=FRAMEWORK@Framework@0, receiver_id=fastran_000001@fastran_driver@2, request_msg_id=REQUEST|fastran_000001@fastran_driver@2|FRAMEWORK@Framework@0|75,status=0, args=(<ipsframework.cca_es_spec.Topic object at 0x14e1e9e3ad30>,), message_id=RESPONSE|FRAMEWORK@Framework@0|fastran_000001@fastran_driver@2|163)
2026-02-12 12:34:41,008 fastran_driver_fastran_driver_2 DEBUG    _invoke_service(): sendEvent  ('_IPS_MONITOR', 'PORTAL_EVENT', {'sim_name': 'fastran_000001', 'real_sim_name': 'fastran_000001', 'portal_data': {'code': 'fastran_driver_fastran_driver', 'eventtype': 'IPS_CALL_END', 'ok': True, 'walltime': '28.20', 'time': '2026-02-12|12:34:40PST', 'trace': {'timestamp': 1770928464127482, 'duration': 16870277, 'localEndpoint': {'serviceName': 'fastran_000001@efit@3'}, 'name': 'step(preprocess_0)', 'id': '5773ed36c2c51b60', 'parentId': '15e0663de819b9fa', 'tags': {}}, 'state': 'Running', 'comment': 'Target = fastran_000001@efit@3:step(preprocess_0)'}})
2026-02-12 12:34:41,008 fastran_driver_fastran_driver_2 DEBUG    _get_service_response(REQUEST|fastran_000001@fastran_driver@2|FRAMEWORK@Framework@0|76)
2026-02-12 12:34:41,019 fastran_driver_fastran_driver_2 DEBUG    _get_service_response(REQUEST|fastran_000001@fastran_driver@2|FRAMEWORK@Framework@0|76), response = ServiceResponseMessage(sender_id=FRAMEWORK@Framework@0, receiver_id=fastran_000001@fastran_driver@2, request_msg_id=REQUEST|fastran_000001@fastran_driver@2|FRAMEWORK@Framework@0|76,status=0, args=(None,), message_id=RESPONSE|FRAMEWORK@Framework@0|fastran_000001@fastran_driver@2|164)
2026-02-12 12:34:41,019 fastran_driver_fastran_driver_2 DEBUG    _invoke_service(): getTopic  ('_IPS_MONITOR',)
2026-02-12 12:34:41,019 fastran_driver_fastran_driver_2 DEBUG    _get_service_response(REQUEST|fastran_000001@fastran_driver@2|FRAMEWORK@Framework@0|77)
2026-02-12 12:34:41,030 fastran_driver_fastran_driver_2 DEBUG    _get_service_response(REQUEST|fastran_000001@fastran_driver@2|FRAMEWORK@Framework@0|77), response = ServiceResponseMessage(sender_id=FRAMEWORK@Framework@0, receiver_id=fastran_000001@fastran_driver@2, request_msg_id=REQUEST|fastran_000001@fastran_driver@2|FRAMEWORK@Framework@0|77,status=0, args=(<ipsframework.cca_es_spec.Topic object at 0x14e1e9e3ac40>,), message_id=RESPONSE|FRAMEWORK@Framework@0|fastran_000001@fastran_driver@2|165)
2026-02-12 12:34:41,030 fastran_driver_fastran_driver_2 DEBUG    _invoke_service(): sendEvent  ('_IPS_MONITOR', 'PORTAL_EVENT', {'sim_name': 'fastran_000001', 'real_sim_name': 'fastran_000001', 'portal_data': {'code': 'fastran_driver_fastran_driver', 'eventtype': 'IPS_CALL_BEGIN', 'ok': True, 'walltime': '28.22', 'time': '2026-02-12|12:34:41PST', 'state': 'Running', 'comment': 'Target = fastran_000001@fastran@4:step(preprocess_0)'}})
2026-02-12 12:34:41,030 fastran_driver_fastran_driver_2 DEBUG    _get_service_response(REQUEST|fastran_000001@fastran_driver@2|FRAMEWORK@Framework@0|78)
2026-02-12 12:34:41,041 fastran_driver_fastran_driver_2 DEBUG    _get_service_response(REQUEST|fastran_000001@fastran_driver@2|FRAMEWORK@Framework@0|78), response = ServiceResponseMessage(sender_id=FRAMEWORK@Framework@0, receiver_id=fastran_000001@fastran_driver@2, request_msg_id=REQUEST|fastran_000001@fastran_driver@2|FRAMEWORK@Framework@0|78,status=0, args=(None,), message_id=RESPONSE|FRAMEWORK@Framework@0|fastran_000001@fastran_driver@2|167)
2026-02-12 12:34:41,041 fastran_driver_fastran_driver_2 DEBUG    _invoke_service(): init_call  ('step', 'preprocess_0')
2026-02-12 12:34:41,041 fastran_driver_fastran_driver_2 DEBUG    _get_service_response(REQUEST|fastran_000001@fastran_driver@2|FRAMEWORK@Framework@0|79)
2026-02-12 12:34:41,042 fastran_tr0_fastran_4 DEBUG    Received Message 
2026-02-12 12:34:41,042 fastran_tr0_fastran_4 DEBUG    Calling method step(preprocess_0)
2026-02-12 12:34:41,042 fastran_tr0_fastran_4 DEBUG    _invoke_service(): stage_state  (['s000001.00001', 'g000001.00001', 'i000001.00001'], '/pscratch/sd/y/yashu_gh/FREDA_KSTAR_2/ips-fastran/examples/far3d/example1/SCAN/work/plasma_state', '/pscratch/sd/y/yashu_gh/FREDA_KSTAR_2/ips-fastran/examples/far3d/example1/SCAN/work/fastran_tr0_fastran_4')
2026-02-12 12:34:41,042 fastran_tr0_fastran_4 DEBUG    _get_service_response(REQUEST|fastran_000001@fastran@4|FRAMEWORK@Framework@0|0)
2026-02-12 12:34:41,052 fastran_driver_fastran_driver_2 DEBUG    _get_service_response(REQUEST|fastran_000001@fastran_driver@2|FRAMEWORK@Framework@0|79), response = ServiceResponseMessage(sender_id=FRAMEWORK@Framework@0, receiver_id=fastran_000001@fastran_driver@2, request_msg_id=REQUEST|fastran_000001@fastran_driver@2|FRAMEWORK@Framework@0|79,status=0, args=(20,), message_id=RESPONSE|FRAMEWORK@Framework@0|fastran_000001@fastran_driver@2|168)
2026-02-12 12:34:41,052 fastran_driver_fastran_driver_2 DEBUG    _invoke_service(): wait_call  (20, True)
2026-02-12 12:34:41,052 fastran_driver_fastran_driver_2 DEBUG    _get_service_response(REQUEST|fastran_000001@fastran_driver@2|FRAMEWORK@Framework@0|80)
2026-02-12 12:34:41,063 fastran_tr0_fastran_4 DEBUG    _get_service_response(REQUEST|fastran_000001@fastran@4|FRAMEWORK@Framework@0|0), response = ServiceResponseMessage(sender_id=FRAMEWORK@Framework@0, receiver_id=fastran_000001@fastran@4, request_msg_id=REQUEST|fastran_000001@fastran@4|FRAMEWORK@Framework@0|0,status=0, args=(0,), message_id=RESPONSE|FRAMEWORK@Framework@0|fastran_000001@fastran@4|169)
2026-02-12 12:34:41,063 fastran_tr0_fastran_4 DEBUG    _invoke_service(): getTopic  ('_IPS_MONITOR',)
2026-02-12 12:34:41,063 fastran_tr0_fastran_4 DEBUG    _get_service_response(REQUEST|fastran_000001@fastran@4|FRAMEWORK@Framework@0|1)
2026-02-12 12:34:41,074 fastran_tr0_fastran_4 DEBUG    _get_service_response(REQUEST|fastran_000001@fastran@4|FRAMEWORK@Framework@0|1), response = ServiceResponseMessage(sender_id=FRAMEWORK@Framework@0, receiver_id=fastran_000001@fastran@4, request_msg_id=REQUEST|fastran_000001@fastran@4|FRAMEWORK@Framework@0|1,status=0, args=(<ipsframework.cca_es_spec.Topic object at 0x14e1e9e4f940>,), message_id=RESPONSE|FRAMEWORK@Framework@0|fastran_000001@fastran@4|170)
2026-02-12 12:34:41,074 fastran_tr0_fastran_4 DEBUG    _invoke_service(): sendEvent  ('_IPS_MONITOR', 'PORTAL_EVENT', {'sim_name': 'fastran_000001', 'real_sim_name': 'fastran_000001', 'portal_data': {'code': 'fastran_tr0_fastran', 'eventtype': 'IPS_STAGE_STATE', 'ok': True, 'walltime': '28.26', 'time': '2026-02-12|12:34:41PST', 'trace': {'timestamp': 1770928481042418, 'duration': 20926, 'localEndpoint': {'serviceName': 'stage_state'}, 'name': "['s000001.00001', 'g000001.00001', 'i000001.00001']", 'id': '71885aecf25d7412', 'parentId': '8d0163169000a163', 'tags': {}}, 'state': 'Running', 'comment': 'Elapsed time = 0.021  files = s000001.00001 g000001.00001 i000001.00001 Success'}})
2026-02-12 12:34:41,074 fastran_tr0_fastran_4 DEBUG    _get_service_response(REQUEST|fastran_000001@fastran@4|FRAMEWORK@Framework@0|2)
2026-02-12 12:34:41,085 fastran_tr0_fastran_4 DEBUG    _get_service_response(REQUEST|fastran_000001@fastran@4|FRAMEWORK@Framework@0|2), response = ServiceResponseMessage(sender_id=FRAMEWORK@Framework@0, receiver_id=fastran_000001@fastran@4, request_msg_id=REQUEST|fastran_000001@fastran@4|FRAMEWORK@Framework@0|2,status=0, args=(None,), message_id=RESPONSE|FRAMEWORK@Framework@0|fastran_000001@fastran@4|171)
2026-02-12 12:34:41,093 fastran_tr0_fastran_4 DEBUG    _invoke_service(): getTopic  ('_IPS_MONITOR',)
2026-02-12 12:34:41,093 fastran_tr0_fastran_4 DEBUG    _get_service_response(REQUEST|fastran_000001@fastran@4|FRAMEWORK@Framework@0|3)
2026-02-12 12:34:41,104 fastran_tr0_fastran_4 DEBUG    _get_service_response(REQUEST|fastran_000001@fastran@4|FRAMEWORK@Framework@0|3), response = ServiceResponseMessage(sender_id=FRAMEWORK@Framework@0, receiver_id=fastran_000001@fastran@4, request_msg_id=REQUEST|fastran_000001@fastran@4|FRAMEWORK@Framework@0|3,status=0, args=(<ipsframework.cca_es_spec.Topic object at 0x14e1e9e4f940>,), message_id=RESPONSE|FRAMEWORK@Framework@0|fastran_000001@fastran@4|172)
2026-02-12 12:34:41,104 fastran_tr0_fastran_4 DEBUG    _invoke_service(): sendEvent  ('_IPS_MONITOR', 'PORTAL_EVENT', {'sim_name': 'fastran_000001', 'real_sim_name': 'fastran_000001', 'portal_data': {'code': 'fastran_tr0_fastran', 'eventtype': 'IPS_STAGE_INPUTS', 'ok': True, 'walltime': '28.29', 'time': '2026-02-12|12:34:41PST', 'trace': {'timestamp': 1770928481085257, 'duration': 8209, 'localEndpoint': {'serviceName': 'stage_input_files'}, 'name': 'infastran0 intglf', 'id': 'dca1af508bf5af99', 'parentId': '8d0163169000a163', 'tags': {}}, 'state': 'Running', 'comment': 'Elapsed time = 0.008 Path = /pscratch/sd/y/yashu_gh/FREDA_KSTAR_2/ips-fastran/examples/far3d/example1/input Files = infastran0 intglf'}})
2026-02-12 12:34:41,104 fastran_tr0_fastran_4 DEBUG    _get_service_response(REQUEST|fastran_000001@fastran@4|FRAMEWORK@Framework@0|4)
2026-02-12 12:34:41,114 fastran_tr0_fastran_4 DEBUG    _get_service_response(REQUEST|fastran_000001@fastran@4|FRAMEWORK@Framework@0|4), response = ServiceResponseMessage(sender_id=FRAMEWORK@Framework@0, receiver_id=fastran_000001@fastran@4, request_msg_id=REQUEST|fastran_000001@fastran@4|FRAMEWORK@Framework@0|4,status=0, args=(None,), message_id=RESPONSE|FRAMEWORK@Framework@0|fastran_000001@fastran@4|173)
2026-02-12 12:34:41,242 fastran_tr0_fastran_4 DEBUG    _invoke_service(): init_task  (TaskInit(nproc=1, binary='/global/common/software/atom/perlmutter/binaries/fastran/default/xfastran_ver1.00_ser', working_dir='/pscratch/sd/y/yashu_gh/FREDA_KSTAR_2/ips-fastran/examples/far3d/example1/SCAN/work/fastran_tr0_fastran_4', tppn=0, tcpp=0, tgpp=0, block=True, omp=False, wnodes=True, wsocks=True, cmd_args=('1', '1')),)
2026-02-12 12:34:41,242 fastran_tr0_fastran_4 DEBUG    _get_service_response(REQUEST|fastran_000001@fastran@4|FRAMEWORK@Framework@0|5)
2026-02-12 12:34:41,253 fastran_tr0_fastran_4 DEBUG    _get_service_response(REQUEST|fastran_000001@fastran@4|FRAMEWORK@Framework@0|5), response = ServiceResponseMessage(sender_id=FRAMEWORK@Framework@0, receiver_id=fastran_000001@fastran@4, request_msg_id=REQUEST|fastran_000001@fastran@4|FRAMEWORK@Framework@0|5,status=0, args=((2, 'srun -N 1 -n 1 -c 128 --threads-per-core=1 --cpu-bind=cores /global/common/software/atom/perlmutter/binaries/fastran/default/xfastran_ver1.00_ser 1 1', None, 128),), message_id=RESPONSE|FRAMEWORK@Framework@0|fastran_000001@fastran@4|174)
2026-02-12 12:34:41,254 fastran_tr0_fastran_4 DEBUG    Launching command : srun -N 1 -n 1 -c 128 --threads-per-core=1 --cpu-bind=cores /global/common/software/atom/perlmutter/binaries/fastran/default/xfastran_ver1.00_ser 1 1
2026-02-12 12:34:41,268 fastran_tr0_fastran_4 DEBUG    _invoke_service(): getTopic  ('_IPS_MONITOR',)
2026-02-12 12:34:41,268 fastran_tr0_fastran_4 DEBUG    _get_service_response(REQUEST|fastran_000001@fastran@4|FRAMEWORK@Framework@0|6)
2026-02-12 12:34:41,279 fastran_tr0_fastran_4 DEBUG    _get_service_response(REQUEST|fastran_000001@fastran@4|FRAMEWORK@Framework@0|6), response = ServiceResponseMessage(sender_id=FRAMEWORK@Framework@0, receiver_id=fastran_000001@fastran@4, request_msg_id=REQUEST|fastran_000001@fastran@4|FRAMEWORK@Framework@0|6,status=0, args=(<ipsframework.cca_es_spec.Topic object at 0x14e1e9e4f9d0>,), message_id=RESPONSE|FRAMEWORK@Framework@0|fastran_000001@fastran@4|175)
2026-02-12 12:34:41,279 fastran_tr0_fastran_4 DEBUG    _invoke_service(): sendEvent  ('_IPS_MONITOR', 'PORTAL_EVENT', {'sim_name': 'fastran_000001', 'real_sim_name': 'fastran_000001', 'portal_data': {'code': 'fastran_tr0_fastran', 'eventtype': 'IPS_LAUNCH_TASK', 'ok': True, 'walltime': '28.47', 'time': '2026-02-12|12:34:41PST', 'state': 'Running', 'comment': 'task_id = 2 , Tag = None , nproc = 1 , Target = srun -N 1 -n 1 -c 128 --threads-per-core=1 --cpu-bind=cores /global/common/software/atom/perlmutter/binaries/fastran/default/xfastran_ver1.00_ser 1 1'}})
2026-02-12 12:34:41,279 fastran_tr0_fastran_4 DEBUG    _get_service_response(REQUEST|fastran_000001@fastran@4|FRAMEWORK@Framework@0|7)
2026-02-12 12:34:41,290 fastran_tr0_fastran_4 DEBUG    _get_service_response(REQUEST|fastran_000001@fastran@4|FRAMEWORK@Framework@0|7), response = ServiceResponseMessage(sender_id=FRAMEWORK@Framework@0, receiver_id=fastran_000001@fastran@4, request_msg_id=REQUEST|fastran_000001@fastran@4|FRAMEWORK@Framework@0|7,status=0, args=(None,), message_id=RESPONSE|FRAMEWORK@Framework@0|fastran_000001@fastran@4|176)
2026-02-12 12:34:41,732 fastran_tr0_fastran_4 DEBUG    _invoke_service(): getTopic  ('_IPS_MONITOR',)
2026-02-12 12:34:41,732 fastran_tr0_fastran_4 DEBUG    _get_service_response(REQUEST|fastran_000001@fastran@4|FRAMEWORK@Framework@0|8)
2026-02-12 12:34:41,742 fastran_tr0_fastran_4 DEBUG    _get_service_response(REQUEST|fastran_000001@fastran@4|FRAMEWORK@Framework@0|8), response = ServiceResponseMessage(sender_id=FRAMEWORK@Framework@0, receiver_id=fastran_000001@fastran@4, request_msg_id=REQUEST|fastran_000001@fastran@4|FRAMEWORK@Framework@0|8,status=0, args=(<ipsframework.cca_es_spec.Topic object at 0x14e1e9e4fe80>,), message_id=RESPONSE|FRAMEWORK@Framework@0|fastran_000001@fastran@4|178)
2026-02-12 12:34:41,742 fastran_tr0_fastran_4 DEBUG    _invoke_service(): sendEvent  ('_IPS_MONITOR', 'PORTAL_EVENT', {'sim_name': 'fastran_000001', 'real_sim_name': 'fastran_000001', 'portal_data': {'code': 'fastran_tr0_fastran', 'eventtype': 'IPS_TASK_END', 'ok': True, 'walltime': '28.93', 'time': '2026-02-12|12:34:41PST', 'trace': {'timestamp': 1770928481268304, 'duration': 463715, 'localEndpoint': {'serviceName': '/global/common/software/atom/perlmutter/binaries/fastran/default/xfastran_ver1.00_ser'}, 'name': '1 1', 'id': 'e1f4382dc949b230', 'parentId': '8d0163169000a163', 'tags': {'procs_requested': '1', 'cores_allocated': '128'}}, 'state': 'Running', 'comment': 'task_id = 2  elapsed time = 0.46 S'}})
2026-02-12 12:34:41,743 fastran_tr0_fastran_4 DEBUG    _get_service_response(REQUEST|fastran_000001@fastran@4|FRAMEWORK@Framework@0|9)
2026-02-12 12:34:41,754 fastran_tr0_fastran_4 DEBUG    _get_service_response(REQUEST|fastran_000001@fastran@4|FRAMEWORK@Framework@0|9), response = ServiceResponseMessage(sender_id=FRAMEWORK@Framework@0, receiver_id=fastran_000001@fastran@4, request_msg_id=REQUEST|fastran_000001@fastran@4|FRAMEWORK@Framework@0|9,status=0, args=(None,), message_id=RESPONSE|FRAMEWORK@Framework@0|fastran_000001@fastran@4|179)
2026-02-12 12:34:41,754 fastran_tr0_fastran_4 DEBUG    _invoke_service(): finish_task  (2, 0)
2026-02-12 12:34:41,754 fastran_tr0_fastran_4 DEBUG    _get_service_response(REQUEST|fastran_000001@fastran@4|FRAMEWORK@Framework@0|10)
2026-02-12 12:34:41,765 fastran_tr0_fastran_4 DEBUG    _get_service_response(REQUEST|fastran_000001@fastran@4|FRAMEWORK@Framework@0|10), response = ServiceResponseMessage(sender_id=FRAMEWORK@Framework@0, receiver_id=fastran_000001@fastran@4, request_msg_id=REQUEST|fastran_000001@fastran@4|FRAMEWORK@Framework@0|10,status=0, args=(0,), message_id=RESPONSE|FRAMEWORK@Framework@0|fastran_000001@fastran@4|180)
2026-02-12 12:34:41,931 fastran_tr0_fastran_4 DEBUG    _invoke_service(): update_state  (['s000001.00001', 'g000001.00001', 'i000001.00001'], '/pscratch/sd/y/yashu_gh/FREDA_KSTAR_2/ips-fastran/examples/far3d/example1/SCAN/work/fastran_tr0_fastran_4', '/pscratch/sd/y/yashu_gh/FREDA_KSTAR_2/ips-fastran/examples/far3d/example1/SCAN/work/plasma_state')
2026-02-12 12:34:41,931 fastran_tr0_fastran_4 DEBUG    _get_service_response(REQUEST|fastran_000001@fastran@4|FRAMEWORK@Framework@0|11)
2026-02-12 12:34:41,952 fastran_tr0_fastran_4 DEBUG    _get_service_response(REQUEST|fastran_000001@fastran@4|FRAMEWORK@Framework@0|11), response = ServiceResponseMessage(sender_id=FRAMEWORK@Framework@0, receiver_id=fastran_000001@fastran@4, request_msg_id=REQUEST|fastran_000001@fastran@4|FRAMEWORK@Framework@0|11,status=0, args=(0,), message_id=RESPONSE|FRAMEWORK@Framework@0|fastran_000001@fastran@4|181)
2026-02-12 12:34:41,952 fastran_tr0_fastran_4 DEBUG    _invoke_service(): getTopic  ('_IPS_MONITOR',)
2026-02-12 12:34:41,952 fastran_tr0_fastran_4 DEBUG    _get_service_response(REQUEST|fastran_000001@fastran@4|FRAMEWORK@Framework@0|12)
2026-02-12 12:34:41,962 fastran_tr0_fastran_4 DEBUG    _get_service_response(REQUEST|fastran_000001@fastran@4|FRAMEWORK@Framework@0|12), response = ServiceResponseMessage(sender_id=FRAMEWORK@Framework@0, receiver_id=fastran_000001@fastran@4, request_msg_id=REQUEST|fastran_000001@fastran@4|FRAMEWORK@Framework@0|12,status=0, args=(<ipsframework.cca_es_spec.Topic object at 0x14e1e9e45ee0>,), message_id=RESPONSE|FRAMEWORK@Framework@0|fastran_000001@fastran@4|182)
2026-02-12 12:34:41,963 fastran_tr0_fastran_4 DEBUG    _invoke_service(): sendEvent  ('_IPS_MONITOR', 'PORTAL_EVENT', {'sim_name': 'fastran_000001', 'real_sim_name': 'fastran_000001', 'portal_data': {'code': 'fastran_tr0_fastran', 'eventtype': 'IPS_UPDATE_STATE', 'ok': True, 'walltime': '29.15', 'time': '2026-02-12|12:34:41PST', 'trace': {'timestamp': 1770928481931241, 'duration': 20919, 'localEndpoint': {'serviceName': 'update_state'}, 'name': "['s000001.00001', 'g000001.00001', 'i000001.00001']", 'id': '7629e189a66153c0', 'parentId': '8d0163169000a163', 'tags': {}}, 'state': 'Running', 'comment': 'Elapsed time = 0.021   files = s000001.00001 g000001.00001 i000001.00001 Success'}})
2026-02-12 12:34:41,963 fastran_tr0_fastran_4 DEBUG    _get_service_response(REQUEST|fastran_000001@fastran@4|FRAMEWORK@Framework@0|13)
2026-02-12 12:34:41,973 fastran_tr0_fastran_4 DEBUG    _get_service_response(REQUEST|fastran_000001@fastran@4|FRAMEWORK@Framework@0|13), response = ServiceResponseMessage(sender_id=FRAMEWORK@Framework@0, receiver_id=fastran_000001@fastran@4, request_msg_id=REQUEST|fastran_000001@fastran@4|FRAMEWORK@Framework@0|13,status=0, args=(None,), message_id=RESPONSE|FRAMEWORK@Framework@0|fastran_000001@fastran@4|183)
2026-02-12 12:34:41,996 fastran_tr0_fastran_4 DEBUG    _invoke_service(): getTopic  ('_IPS_MONITOR',)
2026-02-12 12:34:41,996 fastran_tr0_fastran_4 DEBUG    _get_service_response(REQUEST|fastran_000001@fastran@4|FRAMEWORK@Framework@0|14)
2026-02-12 12:34:42,006 fastran_tr0_fastran_4 DEBUG    _get_service_response(REQUEST|fastran_000001@fastran@4|FRAMEWORK@Framework@0|14), response = ServiceResponseMessage(sender_id=FRAMEWORK@Framework@0, receiver_id=fastran_000001@fastran@4, request_msg_id=REQUEST|fastran_000001@fastran@4|FRAMEWORK@Framework@0|14,status=0, args=(<ipsframework.cca_es_spec.Topic object at 0x14e1e9e641f0>,), message_id=RESPONSE|FRAMEWORK@Framework@0|fastran_000001@fastran@4|184)
2026-02-12 12:34:42,006 fastran_tr0_fastran_4 DEBUG    _invoke_service(): sendEvent  ('_IPS_MONITOR', 'PORTAL_EVENT', {'sim_name': 'fastran_000001', 'real_sim_name': 'fastran_000001', 'portal_data': {'code': 'fastran_tr0_fastran', 'eventtype': 'IPS_STAGE_OUTPUTS', 'ok': True, 'walltime': '29.19', 'time': '2026-02-12|12:34:41PST', 'trace': {'timestamp': 1770928481973955, 'duration': 22070, 'localEndpoint': {'serviceName': 'stage_output_files'}, 'name': "['fastran.nc', 'inprof', 'inmetric', 'infastran', 'intglf', 'xfastran.log', 'i000001.00001']", 'id': '7349cfaaafc33980', 'parentId': '8d0163169000a163', 'tags': {}}, 'state': 'Running', 'comment': "Elapsed time = 0.022 Path = /pscratch/sd/y/yashu_gh/FREDA_KSTAR_2/ips-fastran/examples/far3d/example1/SCAN/simulation_results/preprocess_0/components/fastran_tr0_fastran_4 Files = ['fastran.nc', 'inprof', 'inmetric', 'infastran', 'intglf', 'xfastran.log', 'i000001.00001']"}})
2026-02-12 12:34:42,006 fastran_tr0_fastran_4 DEBUG    _get_service_response(REQUEST|fastran_000001@fastran@4|FRAMEWORK@Framework@0|15)
2026-02-12 12:34:42,017 fastran_tr0_fastran_4 DEBUG    _get_service_response(REQUEST|fastran_000001@fastran@4|FRAMEWORK@Framework@0|15), response = ServiceResponseMessage(sender_id=FRAMEWORK@Framework@0, receiver_id=fastran_000001@fastran@4, request_msg_id=REQUEST|fastran_000001@fastran@4|FRAMEWORK@Framework@0|15,status=0, args=(None,), message_id=RESPONSE|FRAMEWORK@Framework@0|fastran_000001@fastran@4|185)
2026-02-12 12:34:42,028 fastran_driver_fastran_driver_2 DEBUG    _get_service_response(REQUEST|fastran_000001@fastran_driver@2|FRAMEWORK@Framework@0|80), response = ServiceResponseMessage(sender_id=FRAMEWORK@Framework@0, receiver_id=fastran_000001@fastran_driver@2, request_msg_id=REQUEST|fastran_000001@fastran_driver@2|FRAMEWORK@Framework@0|80,status=0, args=((None,),), message_id=RESPONSE|FRAMEWORK@Framework@0|fastran_000001@fastran_driver@2|186)
2026-02-12 12:34:42,028 fastran_driver_fastran_driver_2 DEBUG    _invoke_service(): getTopic  ('_IPS_MONITOR',)
2026-02-12 12:34:42,028 fastran_driver_fastran_driver_2 DEBUG    _get_service_response(REQUEST|fastran_000001@fastran_driver@2|FRAMEWORK@Framework@0|81)
2026-02-12 12:34:42,039 fastran_driver_fastran_driver_2 DEBUG    _get_service_response(REQUEST|fastran_000001@fastran_driver@2|FRAMEWORK@Framework@0|81), response = ServiceResponseMessage(sender_id=FRAMEWORK@Framework@0, receiver_id=fastran_000001@fastran_driver@2, request_msg_id=REQUEST|fastran_000001@fastran_driver@2|FRAMEWORK@Framework@0|81,status=0, args=(<ipsframework.cca_es_spec.Topic object at 0x14e1e9e3ad30>,), message_id=RESPONSE|FRAMEWORK@Framework@0|fastran_000001@fastran_driver@2|187)
2026-02-12 12:34:42,039 fastran_driver_fastran_driver_2 DEBUG    _invoke_service(): sendEvent  ('_IPS_MONITOR', 'PORTAL_EVENT', {'sim_name': 'fastran_000001', 'real_sim_name': 'fastran_000001', 'portal_data': {'code': 'fastran_driver_fastran_driver', 'eventtype': 'IPS_CALL_END', 'ok': True, 'walltime': '29.23', 'time': '2026-02-12|12:34:42PST', 'trace': {'timestamp': 1770928481052273, 'duration': 975946, 'localEndpoint': {'serviceName': 'fastran_000001@fastran@4'}, 'name': 'step(preprocess_0)', 'id': '8d0163169000a163', 'parentId': '15e0663de819b9fa', 'tags': {}}, 'state': 'Running', 'comment': 'Target = fastran_000001@fastran@4:step(preprocess_0)'}})
2026-02-12 12:34:42,039 fastran_driver_fastran_driver_2 DEBUG    _get_service_response(REQUEST|fastran_000001@fastran_driver@2|FRAMEWORK@Framework@0|82)
2026-02-12 12:34:42,050 fastran_driver_fastran_driver_2 DEBUG    _get_service_response(REQUEST|fastran_000001@fastran_driver@2|FRAMEWORK@Framework@0|82), response = ServiceResponseMessage(sender_id=FRAMEWORK@Framework@0, receiver_id=fastran_000001@fastran_driver@2, request_msg_id=REQUEST|fastran_000001@fastran_driver@2|FRAMEWORK@Framework@0|82,status=0, args=(None,), message_id=RESPONSE|FRAMEWORK@Framework@0|fastran_000001@fastran_driver@2|188)
2026-02-12 12:34:42,050 fastran_driver_fastran_driver_2 DEBUG    _invoke_service(): getTopic  ('_IPS_MONITOR',)
2026-02-12 12:34:42,050 fastran_driver_fastran_driver_2 DEBUG    _get_service_response(REQUEST|fastran_000001@fastran_driver@2|FRAMEWORK@Framework@0|83)
2026-02-12 12:34:42,061 fastran_driver_fastran_driver_2 DEBUG    _get_service_response(REQUEST|fastran_000001@fastran_driver@2|FRAMEWORK@Framework@0|83), response = ServiceResponseMessage(sender_id=FRAMEWORK@Framework@0, receiver_id=fastran_000001@fastran_driver@2, request_msg_id=REQUEST|fastran_000001@fastran_driver@2|FRAMEWORK@Framework@0|83,status=0, args=(<ipsframework.cca_es_spec.Topic object at 0x14e1e9e3ad90>,), message_id=RESPONSE|FRAMEWORK@Framework@0|fastran_000001@fastran_driver@2|190)
2026-02-12 12:34:42,061 fastran_driver_fastran_driver_2 DEBUG    _invoke_service(): sendEvent  ('_IPS_MONITOR', 'PORTAL_EVENT', {'sim_name': 'fastran_000001', 'real_sim_name': 'fastran_000001', 'portal_data': {'code': 'fastran_driver_fastran_driver', 'eventtype': 'IPS_CALL_BEGIN', 'ok': True, 'walltime': '29.25', 'time': '2026-02-12|12:34:42PST', 'state': 'Running', 'comment': 'Target = fastran_000001@constraint_current@5:step(preprocess_0)'}})
2026-02-12 12:34:42,061 fastran_driver_fastran_driver_2 DEBUG    _get_service_response(REQUEST|fastran_000001@fastran_driver@2|FRAMEWORK@Framework@0|84)
2026-02-12 12:34:42,072 fastran_driver_fastran_driver_2 DEBUG    _get_service_response(REQUEST|fastran_000001@fastran_driver@2|FRAMEWORK@Framework@0|84), response = ServiceResponseMessage(sender_id=FRAMEWORK@Framework@0, receiver_id=fastran_000001@fastran_driver@2, request_msg_id=REQUEST|fastran_000001@fastran_driver@2|FRAMEWORK@Framework@0|84,status=0, args=(None,), message_id=RESPONSE|FRAMEWORK@Framework@0|fastran_000001@fastran_driver@2|191)
2026-02-12 12:34:42,072 fastran_driver_fastran_driver_2 DEBUG    _invoke_service(): init_call  ('step', 'preprocess_0')
2026-02-12 12:34:42,072 fastran_driver_fastran_driver_2 DEBUG    _get_service_response(REQUEST|fastran_000001@fastran_driver@2|FRAMEWORK@Framework@0|85)
2026-02-12 12:34:42,073 fastran_pre_constraint_current_5 DEBUG    Received Message 
2026-02-12 12:34:42,073 fastran_pre_constraint_current_5 DEBUG    Calling method step(preprocess_0)
2026-02-12 12:34:42,074 fastran_pre_constraint_current_5 DEBUG    _invoke_service(): stage_state  (['s000001.00001', 'g000001.00001', 'i000001.00001'], '/pscratch/sd/y/yashu_gh/FREDA_KSTAR_2/ips-fastran/examples/far3d/example1/SCAN/work/plasma_state', '/pscratch/sd/y/yashu_gh/FREDA_KSTAR_2/ips-fastran/examples/far3d/example1/SCAN/work/fastran_pre_constraint_current_5')
2026-02-12 12:34:42,074 fastran_pre_constraint_current_5 DEBUG    _get_service_response(REQUEST|fastran_000001@constraint_current@5|FRAMEWORK@Framework@0|0)
2026-02-12 12:34:42,083 fastran_driver_fastran_driver_2 DEBUG    _get_service_response(REQUEST|fastran_000001@fastran_driver@2|FRAMEWORK@Framework@0|85), response = ServiceResponseMessage(sender_id=FRAMEWORK@Framework@0, receiver_id=fastran_000001@fastran_driver@2, request_msg_id=REQUEST|fastran_000001@fastran_driver@2|FRAMEWORK@Framework@0|85,status=0, args=(21,), message_id=RESPONSE|FRAMEWORK@Framework@0|fastran_000001@fastran_driver@2|192)
2026-02-12 12:34:42,083 fastran_driver_fastran_driver_2 DEBUG    _invoke_service(): wait_call  (21, True)
2026-02-12 12:34:42,083 fastran_driver_fastran_driver_2 DEBUG    _get_service_response(REQUEST|fastran_000001@fastran_driver@2|FRAMEWORK@Framework@0|86)
2026-02-12 12:34:42,097 fastran_pre_constraint_current_5 DEBUG    _get_service_response(REQUEST|fastran_000001@constraint_current@5|FRAMEWORK@Framework@0|0), response = ServiceResponseMessage(sender_id=FRAMEWORK@Framework@0, receiver_id=fastran_000001@constraint_current@5, request_msg_id=REQUEST|fastran_000001@constraint_current@5|FRAMEWORK@Framework@0|0,status=0, args=(0,), message_id=RESPONSE|FRAMEWORK@Framework@0|fastran_000001@constraint_current@5|193)
2026-02-12 12:34:42,097 fastran_pre_constraint_current_5 DEBUG    _invoke_service(): getTopic  ('_IPS_MONITOR',)
2026-02-12 12:34:42,097 fastran_pre_constraint_current_5 DEBUG    _get_service_response(REQUEST|fastran_000001@constraint_current@5|FRAMEWORK@Framework@0|1)
2026-02-12 12:34:42,108 fastran_pre_constraint_current_5 DEBUG    _get_service_response(REQUEST|fastran_000001@constraint_current@5|FRAMEWORK@Framework@0|1), response = ServiceResponseMessage(sender_id=FRAMEWORK@Framework@0, receiver_id=fastran_000001@constraint_current@5, request_msg_id=REQUEST|fastran_000001@constraint_current@5|FRAMEWORK@Framework@0|1,status=0, args=(<ipsframework.cca_es_spec.Topic object at 0x14e1e9e45ee0>,), message_id=RESPONSE|FRAMEWORK@Framework@0|fastran_000001@constraint_current@5|194)
2026-02-12 12:34:42,108 fastran_pre_constraint_current_5 DEBUG    _invoke_service(): sendEvent  ('_IPS_MONITOR', 'PORTAL_EVENT', {'sim_name': 'fastran_000001', 'real_sim_name': 'fastran_000001', 'portal_data': {'code': 'fastran_pre_constraint_current', 'eventtype': 'IPS_STAGE_STATE', 'ok': True, 'walltime': '29.29', 'time': '2026-02-12|12:34:42PST', 'trace': {'timestamp': 1770928482073849, 'duration': 23505, 'localEndpoint': {'serviceName': 'stage_state'}, 'name': "['s000001.00001', 'g000001.00001', 'i000001.00001']", 'id': '71885aecf25d7412', 'parentId': '78bbaa021265804f', 'tags': {}}, 'state': 'Running', 'comment': 'Elapsed time = 0.024  files = s000001.00001 g000001.00001 i000001.00001 Success'}})
2026-02-12 12:34:42,108 fastran_pre_constraint_current_5 DEBUG    _get_service_response(REQUEST|fastran_000001@constraint_current@5|FRAMEWORK@Framework@0|2)
2026-02-12 12:34:42,119 fastran_pre_constraint_current_5 DEBUG    _get_service_response(REQUEST|fastran_000001@constraint_current@5|FRAMEWORK@Framework@0|2), response = ServiceResponseMessage(sender_id=FRAMEWORK@Framework@0, receiver_id=fastran_000001@constraint_current@5, request_msg_id=REQUEST|fastran_000001@constraint_current@5|FRAMEWORK@Framework@0|2,status=0, args=(None,), message_id=RESPONSE|FRAMEWORK@Framework@0|fastran_000001@constraint_current@5|195)
2026-02-12 12:34:42,119 fastran_pre_constraint_current_5 DEBUG    _invoke_service(): getTopic  ('_IPS_MONITOR',)
2026-02-12 12:34:42,119 fastran_pre_constraint_current_5 DEBUG    _get_service_response(REQUEST|fastran_000001@constraint_current@5|FRAMEWORK@Framework@0|3)
2026-02-12 12:34:42,130 fastran_pre_constraint_current_5 DEBUG    _get_service_response(REQUEST|fastran_000001@constraint_current@5|FRAMEWORK@Framework@0|3), response = ServiceResponseMessage(sender_id=FRAMEWORK@Framework@0, receiver_id=fastran_000001@constraint_current@5, request_msg_id=REQUEST|fastran_000001@constraint_current@5|FRAMEWORK@Framework@0|3,status=0, args=(<ipsframework.cca_es_spec.Topic object at 0x14e1e9e5b520>,), message_id=RESPONSE|FRAMEWORK@Framework@0|fastran_000001@constraint_current@5|196)
2026-02-12 12:34:42,130 fastran_pre_constraint_current_5 DEBUG    _invoke_service(): sendEvent  ('_IPS_MONITOR', 'PORTAL_EVENT', {'sim_name': 'fastran_000001', 'real_sim_name': 'fastran_000001', 'portal_data': {'code': 'fastran_pre_constraint_current', 'eventtype': 'IPS_STAGE_INPUTS', 'ok': True, 'walltime': '29.32', 'time': '2026-02-12|12:34:42PST', 'trace': {'timestamp': 1770928482119547, 'duration': 187, 'localEndpoint': {'serviceName': 'stage_input_files'}, 'name': '', 'id': 'e70cb59b389672bf', 'parentId': '78bbaa021265804f', 'tags': {}}, 'state': 'Running', 'comment': 'Elapsed time = 0.000 Path = /pscratch/sd/y/yashu_gh/FREDA_KSTAR_2/ips-fastran/examples/far3d/example1/input Files = '}})
2026-02-12 12:34:42,130 fastran_pre_constraint_current_5 DEBUG    _get_service_response(REQUEST|fastran_000001@constraint_current@5|FRAMEWORK@Framework@0|4)
2026-02-12 12:34:42,141 fastran_pre_constraint_current_5 DEBUG    _get_service_response(REQUEST|fastran_000001@constraint_current@5|FRAMEWORK@Framework@0|4), response = ServiceResponseMessage(sender_id=FRAMEWORK@Framework@0, receiver_id=fastran_000001@constraint_current@5, request_msg_id=REQUEST|fastran_000001@constraint_current@5|FRAMEWORK@Framework@0|4,status=0, args=(None,), message_id=RESPONSE|FRAMEWORK@Framework@0|fastran_000001@constraint_current@5|197)
2026-02-12 12:34:42,263 fastran_pre_constraint_current_5 DEBUG    _invoke_service(): update_state  (['s000001.00001', 'g000001.00001', 'i000001.00001'], '/pscratch/sd/y/yashu_gh/FREDA_KSTAR_2/ips-fastran/examples/far3d/example1/SCAN/work/fastran_pre_constraint_current_5', '/pscratch/sd/y/yashu_gh/FREDA_KSTAR_2/ips-fastran/examples/far3d/example1/SCAN/work/plasma_state')
2026-02-12 12:34:42,263 fastran_pre_constraint_current_5 DEBUG    _get_service_response(REQUEST|fastran_000001@constraint_current@5|FRAMEWORK@Framework@0|5)
2026-02-12 12:34:42,284 fastran_pre_constraint_current_5 DEBUG    _get_service_response(REQUEST|fastran_000001@constraint_current@5|FRAMEWORK@Framework@0|5), response = ServiceResponseMessage(sender_id=FRAMEWORK@Framework@0, receiver_id=fastran_000001@constraint_current@5, request_msg_id=REQUEST|fastran_000001@constraint_current@5|FRAMEWORK@Framework@0|5,status=0, args=(0,), message_id=RESPONSE|FRAMEWORK@Framework@0|fastran_000001@constraint_current@5|198)
2026-02-12 12:34:42,284 fastran_pre_constraint_current_5 DEBUG    _invoke_service(): getTopic  ('_IPS_MONITOR',)
2026-02-12 12:34:42,284 fastran_pre_constraint_current_5 DEBUG    _get_service_response(REQUEST|fastran_000001@constraint_current@5|FRAMEWORK@Framework@0|6)
2026-02-12 12:34:42,294 fastran_pre_constraint_current_5 DEBUG    _get_service_response(REQUEST|fastran_000001@constraint_current@5|FRAMEWORK@Framework@0|6), response = ServiceResponseMessage(sender_id=FRAMEWORK@Framework@0, receiver_id=fastran_000001@constraint_current@5, request_msg_id=REQUEST|fastran_000001@constraint_current@5|FRAMEWORK@Framework@0|6,status=0, args=(<ipsframework.cca_es_spec.Topic object at 0x14e1e9e5b6a0>,), message_id=RESPONSE|FRAMEWORK@Framework@0|fastran_000001@constraint_current@5|199)
2026-02-12 12:34:42,295 fastran_pre_constraint_current_5 DEBUG    _invoke_service(): sendEvent  ('_IPS_MONITOR', 'PORTAL_EVENT', {'sim_name': 'fastran_000001', 'real_sim_name': 'fastran_000001', 'portal_data': {'code': 'fastran_pre_constraint_current', 'eventtype': 'IPS_UPDATE_STATE', 'ok': True, 'walltime': '29.48', 'time': '2026-02-12|12:34:42PST', 'trace': {'timestamp': 1770928482263096, 'duration': 21309, 'localEndpoint': {'serviceName': 'update_state'}, 'name': "['s000001.00001', 'g000001.00001', 'i000001.00001']", 'id': '7629e189a66153c0', 'parentId': '78bbaa021265804f', 'tags': {}}, 'state': 'Running', 'comment': 'Elapsed time = 0.021   files = s000001.00001 g000001.00001 i000001.00001 Success'}})
2026-02-12 12:34:42,295 fastran_pre_constraint_current_5 DEBUG    _get_service_response(REQUEST|fastran_000001@constraint_current@5|FRAMEWORK@Framework@0|7)
2026-02-12 12:34:42,305 fastran_pre_constraint_current_5 DEBUG    _get_service_response(REQUEST|fastran_000001@constraint_current@5|FRAMEWORK@Framework@0|7), response = ServiceResponseMessage(sender_id=FRAMEWORK@Framework@0, receiver_id=fastran_000001@constraint_current@5, request_msg_id=REQUEST|fastran_000001@constraint_current@5|FRAMEWORK@Framework@0|7,status=0, args=(None,), message_id=RESPONSE|FRAMEWORK@Framework@0|fastran_000001@constraint_current@5|200)
2026-02-12 12:34:42,307 fastran_pre_constraint_current_5 DEBUG    _invoke_service(): getTopic  ('_IPS_MONITOR',)
2026-02-12 12:34:42,307 fastran_pre_constraint_current_5 DEBUG    _get_service_response(REQUEST|fastran_000001@constraint_current@5|FRAMEWORK@Framework@0|8)
2026-02-12 12:34:42,317 fastran_pre_constraint_current_5 DEBUG    _get_service_response(REQUEST|fastran_000001@constraint_current@5|FRAMEWORK@Framework@0|8), response = ServiceResponseMessage(sender_id=FRAMEWORK@Framework@0, receiver_id=fastran_000001@constraint_current@5, request_msg_id=REQUEST|fastran_000001@constraint_current@5|FRAMEWORK@Framework@0|8,status=0, args=(<ipsframework.cca_es_spec.Topic object at 0x14e1e9e5b760>,), message_id=RESPONSE|FRAMEWORK@Framework@0|fastran_000001@constraint_current@5|201)
2026-02-12 12:34:42,317 fastran_pre_constraint_current_5 DEBUG    _invoke_service(): sendEvent  ('_IPS_MONITOR', 'PORTAL_EVENT', {'sim_name': 'fastran_000001', 'real_sim_name': 'fastran_000001', 'portal_data': {'code': 'fastran_pre_constraint_current', 'eventtype': 'IPS_STAGE_OUTPUTS', 'ok': True, 'walltime': '29.50', 'time': '2026-02-12|12:34:42PST', 'trace': {'timestamp': 1770928482305780, 'duration': 1364, 'localEndpoint': {'serviceName': 'stage_output_files'}, 'name': '[]', 'id': 'ed019efe11be26d9', 'parentId': '78bbaa021265804f', 'tags': {}}, 'state': 'Running', 'comment': 'Elapsed time = 0.001 Path = /pscratch/sd/y/yashu_gh/FREDA_KSTAR_2/ips-fastran/examples/far3d/example1/SCAN/simulation_results/preprocess_0/components/fastran_pre_constraint_current_5 Files = []'}})
2026-02-12 12:34:42,317 fastran_pre_constraint_current_5 DEBUG    _get_service_response(REQUEST|fastran_000001@constraint_current@5|FRAMEWORK@Framework@0|9)
2026-02-12 12:34:42,328 fastran_pre_constraint_current_5 DEBUG    _get_service_response(REQUEST|fastran_000001@constraint_current@5|FRAMEWORK@Framework@0|9), response = ServiceResponseMessage(sender_id=FRAMEWORK@Framework@0, receiver_id=fastran_000001@constraint_current@5, request_msg_id=REQUEST|fastran_000001@constraint_current@5|FRAMEWORK@Framework@0|9,status=0, args=(None,), message_id=RESPONSE|FRAMEWORK@Framework@0|fastran_000001@constraint_current@5|202)
2026-02-12 12:34:42,339 fastran_driver_fastran_driver_2 DEBUG    _get_service_response(REQUEST|fastran_000001@fastran_driver@2|FRAMEWORK@Framework@0|86), response = ServiceResponseMessage(sender_id=FRAMEWORK@Framework@0, receiver_id=fastran_000001@fastran_driver@2, request_msg_id=REQUEST|fastran_000001@fastran_driver@2|FRAMEWORK@Framework@0|86,status=0, args=((None,),), message_id=RESPONSE|FRAMEWORK@Framework@0|fastran_000001@fastran_driver@2|203)
2026-02-12 12:34:42,339 fastran_driver_fastran_driver_2 DEBUG    _invoke_service(): getTopic  ('_IPS_MONITOR',)
2026-02-12 12:34:42,339 fastran_driver_fastran_driver_2 DEBUG    _get_service_response(REQUEST|fastran_000001@fastran_driver@2|FRAMEWORK@Framework@0|87)
2026-02-12 12:34:42,350 fastran_driver_fastran_driver_2 DEBUG    _get_service_response(REQUEST|fastran_000001@fastran_driver@2|FRAMEWORK@Framework@0|87), response = ServiceResponseMessage(sender_id=FRAMEWORK@Framework@0, receiver_id=fastran_000001@fastran_driver@2, request_msg_id=REQUEST|fastran_000001@fastran_driver@2|FRAMEWORK@Framework@0|87,status=0, args=(<ipsframework.cca_es_spec.Topic object at 0x14e1e9e3ad30>,), message_id=RESPONSE|FRAMEWORK@Framework@0|fastran_000001@fastran_driver@2|204)
2026-02-12 12:34:42,350 fastran_driver_fastran_driver_2 DEBUG    _invoke_service(): sendEvent  ('_IPS_MONITOR', 'PORTAL_EVENT', {'sim_name': 'fastran_000001', 'real_sim_name': 'fastran_000001', 'portal_data': {'code': 'fastran_driver_fastran_driver', 'eventtype': 'IPS_CALL_END', 'ok': True, 'walltime': '29.54', 'time': '2026-02-12|12:34:42PST', 'trace': {'timestamp': 1770928482083763, 'duration': 255340, 'localEndpoint': {'serviceName': 'fastran_000001@constraint_current@5'}, 'name': 'step(preprocess_0)', 'id': '78bbaa021265804f', 'parentId': '15e0663de819b9fa', 'tags': {}}, 'state': 'Running', 'comment': 'Target = fastran_000001@constraint_current@5:step(preprocess_0)'}})
2026-02-12 12:34:42,350 fastran_driver_fastran_driver_2 DEBUG    _get_service_response(REQUEST|fastran_000001@fastran_driver@2|FRAMEWORK@Framework@0|88)
2026-02-12 12:34:42,361 fastran_driver_fastran_driver_2 DEBUG    _get_service_response(REQUEST|fastran_000001@fastran_driver@2|FRAMEWORK@Framework@0|88), response = ServiceResponseMessage(sender_id=FRAMEWORK@Framework@0, receiver_id=fastran_000001@fastran_driver@2, request_msg_id=REQUEST|fastran_000001@fastran_driver@2|FRAMEWORK@Framework@0|88,status=0, args=(None,), message_id=RESPONSE|FRAMEWORK@Framework@0|fastran_000001@fastran_driver@2|205)
2026-02-12 12:34:42,361 fastran_driver_fastran_driver_2 DEBUG    _invoke_service(): getTopic  ('_IPS_MONITOR',)
2026-02-12 12:34:42,361 fastran_driver_fastran_driver_2 DEBUG    _get_service_response(REQUEST|fastran_000001@fastran_driver@2|FRAMEWORK@Framework@0|89)
2026-02-12 12:34:42,372 fastran_driver_fastran_driver_2 DEBUG    _get_service_response(REQUEST|fastran_000001@fastran_driver@2|FRAMEWORK@Framework@0|89), response = ServiceResponseMessage(sender_id=FRAMEWORK@Framework@0, receiver_id=fastran_000001@fastran_driver@2, request_msg_id=REQUEST|fastran_000001@fastran_driver@2|FRAMEWORK@Framework@0|89,status=0, args=(<ipsframework.cca_es_spec.Topic object at 0x14e1e9e3aca0>,), message_id=RESPONSE|FRAMEWORK@Framework@0|fastran_000001@fastran_driver@2|206)
2026-02-12 12:34:42,372 fastran_driver_fastran_driver_2 DEBUG    _invoke_service(): sendEvent  ('_IPS_MONITOR', 'PORTALBRIDGE_UPDATE_TIMESTAMP', {'sim_name': 'fastran_000001', 'real_sim_name': 'fastran_000001', 'portal_data': {'phystimestamp': 'preprocess_1', 'eventtype': 'PORTALBRIDGE_UPDATE_TIMESTAMP'}})
2026-02-12 12:34:42,372 fastran_driver_fastran_driver_2 DEBUG    _get_service_response(REQUEST|fastran_000001@fastran_driver@2|FRAMEWORK@Framework@0|90)
2026-02-12 12:34:42,383 fastran_driver_fastran_driver_2 DEBUG    _get_service_response(REQUEST|fastran_000001@fastran_driver@2|FRAMEWORK@Framework@0|90), response = ServiceResponseMessage(sender_id=FRAMEWORK@Framework@0, receiver_id=fastran_000001@fastran_driver@2, request_msg_id=REQUEST|fastran_000001@fastran_driver@2|FRAMEWORK@Framework@0|90,status=0, args=(None,), message_id=RESPONSE|FRAMEWORK@Framework@0|fastran_000001@fastran_driver@2|207)
2026-02-12 12:34:42,383 fastran_driver_fastran_driver_2 DEBUG    _invoke_service(): getTopic  ('_IPS_MONITOR',)
2026-02-12 12:34:42,383 fastran_driver_fastran_driver_2 DEBUG    _get_service_response(REQUEST|fastran_000001@fastran_driver@2|FRAMEWORK@Framework@0|91)
2026-02-12 12:34:42,394 fastran_driver_fastran_driver_2 DEBUG    _get_service_response(REQUEST|fastran_000001@fastran_driver@2|FRAMEWORK@Framework@0|91), response = ServiceResponseMessage(sender_id=FRAMEWORK@Framework@0, receiver_id=fastran_000001@fastran_driver@2, request_msg_id=REQUEST|fastran_000001@fastran_driver@2|FRAMEWORK@Framework@0|91,status=0, args=(<ipsframework.cca_es_spec.Topic object at 0x14e1e9e3adc0>,), message_id=RESPONSE|FRAMEWORK@Framework@0|fastran_000001@fastran_driver@2|208)
2026-02-12 12:34:42,394 fastran_driver_fastran_driver_2 DEBUG    _invoke_service(): sendEvent  ('_IPS_MONITOR', 'PORTAL_EVENT', {'sim_name': 'fastran_000001', 'real_sim_name': 'fastran_000001', 'portal_data': {'code': 'fastran_driver_fastran_driver', 'eventtype': 'IPS_UPDATE_TIME_STAMP', 'ok': True, 'walltime': '29.58', 'time': '2026-02-12|12:34:42PST', 'state': 'Running', 'comment': 'Timestamp = preprocess_1'}})
2026-02-12 12:34:42,394 fastran_driver_fastran_driver_2 DEBUG    _get_service_response(REQUEST|fastran_000001@fastran_driver@2|FRAMEWORK@Framework@0|92)
2026-02-12 12:34:42,405 fastran_driver_fastran_driver_2 DEBUG    _get_service_response(REQUEST|fastran_000001@fastran_driver@2|FRAMEWORK@Framework@0|92), response = ServiceResponseMessage(sender_id=FRAMEWORK@Framework@0, receiver_id=fastran_000001@fastran_driver@2, request_msg_id=REQUEST|fastran_000001@fastran_driver@2|FRAMEWORK@Framework@0|92,status=0, args=(None,), message_id=RESPONSE|FRAMEWORK@Framework@0|fastran_000001@fastran_driver@2|209)
2026-02-12 12:34:42,405 fastran_driver_fastran_driver_2 DEBUG    _invoke_service(): getTopic  ('_IPS_MONITOR',)
2026-02-12 12:34:42,405 fastran_driver_fastran_driver_2 DEBUG    _get_service_response(REQUEST|fastran_000001@fastran_driver@2|FRAMEWORK@Framework@0|93)
2026-02-12 12:34:42,416 fastran_driver_fastran_driver_2 DEBUG    _get_service_response(REQUEST|fastran_000001@fastran_driver@2|FRAMEWORK@Framework@0|93), response = ServiceResponseMessage(sender_id=FRAMEWORK@Framework@0, receiver_id=fastran_000001@fastran_driver@2, request_msg_id=REQUEST|fastran_000001@fastran_driver@2|FRAMEWORK@Framework@0|93,status=0, args=(<ipsframework.cca_es_spec.Topic object at 0x14e1e9e3ad30>,), message_id=RESPONSE|FRAMEWORK@Framework@0|fastran_000001@fastran_driver@2|210)
2026-02-12 12:34:42,416 fastran_driver_fastran_driver_2 DEBUG    _invoke_service(): sendEvent  ('_IPS_MONITOR', 'PORTAL_EVENT', {'sim_name': 'fastran_000001', 'real_sim_name': 'fastran_000001', 'portal_data': {'code': 'fastran_driver_fastran_driver', 'eventtype': 'IPS_CALL_BEGIN', 'ok': True, 'walltime': '29.60', 'time': '2026-02-12|12:34:42PST', 'state': 'Running', 'comment': 'Target = fastran_000001@efit@3:step(preprocess_1)'}})
2026-02-12 12:34:42,416 fastran_driver_fastran_driver_2 DEBUG    _get_service_response(REQUEST|fastran_000001@fastran_driver@2|FRAMEWORK@Framework@0|94)
2026-02-12 12:34:42,427 fastran_driver_fastran_driver_2 DEBUG    _get_service_response(REQUEST|fastran_000001@fastran_driver@2|FRAMEWORK@Framework@0|94), response = ServiceResponseMessage(sender_id=FRAMEWORK@Framework@0, receiver_id=fastran_000001@fastran_driver@2, request_msg_id=REQUEST|fastran_000001@fastran_driver@2|FRAMEWORK@Framework@0|94,status=0, args=(None,), message_id=RESPONSE|FRAMEWORK@Framework@0|fastran_000001@fastran_driver@2|211)
2026-02-12 12:34:42,427 fastran_driver_fastran_driver_2 DEBUG    _invoke_service(): init_call  ('step', 'preprocess_1')
2026-02-12 12:34:42,427 fastran_driver_fastran_driver_2 DEBUG    _get_service_response(REQUEST|fastran_000001@fastran_driver@2|FRAMEWORK@Framework@0|95)
2026-02-12 12:34:42,427 fastran_eq0_efit_3 DEBUG    Received Message 
2026-02-12 12:34:42,428 fastran_eq0_efit_3 DEBUG    Calling method step(preprocess_1)
2026-02-12 12:34:42,428 fastran_eq0_efit_3 DEBUG    _invoke_service(): stage_state  (['s000001.00001', 'g000001.00001', 'i000001.00001'], '/pscratch/sd/y/yashu_gh/FREDA_KSTAR_2/ips-fastran/examples/far3d/example1/SCAN/work/plasma_state', '/pscratch/sd/y/yashu_gh/FREDA_KSTAR_2/ips-fastran/examples/far3d/example1/SCAN/work/fastran_eq0_efit_3')
2026-02-12 12:34:42,428 fastran_eq0_efit_3 DEBUG    _get_service_response(REQUEST|fastran_000001@efit@3|FRAMEWORK@Framework@0|14)
2026-02-12 12:34:42,438 fastran_driver_fastran_driver_2 DEBUG    _get_service_response(REQUEST|fastran_000001@fastran_driver@2|FRAMEWORK@Framework@0|95), response = ServiceResponseMessage(sender_id=FRAMEWORK@Framework@0, receiver_id=fastran_000001@fastran_driver@2, request_msg_id=REQUEST|fastran_000001@fastran_driver@2|FRAMEWORK@Framework@0|95,status=0, args=(22,), message_id=RESPONSE|FRAMEWORK@Framework@0|fastran_000001@fastran_driver@2|212)
2026-02-12 12:34:42,438 fastran_driver_fastran_driver_2 DEBUG    _invoke_service(): wait_call  (22, True)
2026-02-12 12:34:42,438 fastran_driver_fastran_driver_2 DEBUG    _get_service_response(REQUEST|fastran_000001@fastran_driver@2|FRAMEWORK@Framework@0|96)
2026-02-12 12:34:42,450 fastran_eq0_efit_3 DEBUG    _get_service_response(REQUEST|fastran_000001@efit@3|FRAMEWORK@Framework@0|14), response = ServiceResponseMessage(sender_id=FRAMEWORK@Framework@0, receiver_id=fastran_000001@efit@3, request_msg_id=REQUEST|fastran_000001@efit@3|FRAMEWORK@Framework@0|14,status=0, args=(0,), message_id=RESPONSE|FRAMEWORK@Framework@0|fastran_000001@efit@3|213)
2026-02-12 12:34:42,450 fastran_eq0_efit_3 DEBUG    _invoke_service(): getTopic  ('_IPS_MONITOR',)
2026-02-12 12:34:42,450 fastran_eq0_efit_3 DEBUG    _get_service_response(REQUEST|fastran_000001@efit@3|FRAMEWORK@Framework@0|15)
2026-02-12 12:34:42,460 fastran_eq0_efit_3 DEBUG    _get_service_response(REQUEST|fastran_000001@efit@3|FRAMEWORK@Framework@0|15), response = ServiceResponseMessage(sender_id=FRAMEWORK@Framework@0, receiver_id=fastran_000001@efit@3, request_msg_id=REQUEST|fastran_000001@efit@3|FRAMEWORK@Framework@0|15,status=0, args=(<ipsframework.cca_es_spec.Topic object at 0x14e1e9e45370>,), message_id=RESPONSE|FRAMEWORK@Framework@0|fastran_000001@efit@3|214)
2026-02-12 12:34:42,460 fastran_eq0_efit_3 DEBUG    _invoke_service(): sendEvent  ('_IPS_MONITOR', 'PORTAL_EVENT', {'sim_name': 'fastran_000001', 'real_sim_name': 'fastran_000001', 'portal_data': {'code': 'fastran_eq0_efit', 'eventtype': 'IPS_STAGE_STATE', 'ok': True, 'walltime': '29.65', 'time': '2026-02-12|12:34:42PST', 'trace': {'timestamp': 1770928482428574, 'duration': 21512, 'localEndpoint': {'serviceName': 'stage_state'}, 'name': "['s000001.00001', 'g000001.00001', 'i000001.00001']", 'id': '71885aecf25d7412', 'parentId': '80849624274e6c9c', 'tags': {}}, 'state': 'Running', 'comment': 'Elapsed time = 0.022  files = s000001.00001 g000001.00001 i000001.00001 Success'}})
2026-02-12 12:34:42,461 fastran_eq0_efit_3 DEBUG    _get_service_response(REQUEST|fastran_000001@efit@3|FRAMEWORK@Framework@0|16)
2026-02-12 12:34:42,471 fastran_eq0_efit_3 DEBUG    _get_service_response(REQUEST|fastran_000001@efit@3|FRAMEWORK@Framework@0|16), response = ServiceResponseMessage(sender_id=FRAMEWORK@Framework@0, receiver_id=fastran_000001@efit@3, request_msg_id=REQUEST|fastran_000001@efit@3|FRAMEWORK@Framework@0|16,status=0, args=(None,), message_id=RESPONSE|FRAMEWORK@Framework@0|fastran_000001@efit@3|215)
2026-02-12 12:34:44,349 fastran_eq0_efit_3 DEBUG    _invoke_service(): update_state  (['s000001.00001', 'g000001.00001', 'i000001.00001'], '/pscratch/sd/y/yashu_gh/FREDA_KSTAR_2/ips-fastran/examples/far3d/example1/SCAN/work/fastran_eq0_efit_3', '/pscratch/sd/y/yashu_gh/FREDA_KSTAR_2/ips-fastran/examples/far3d/example1/SCAN/work/plasma_state')
2026-02-12 12:34:44,350 fastran_eq0_efit_3 DEBUG    _get_service_response(REQUEST|fastran_000001@efit@3|FRAMEWORK@Framework@0|17)
2026-02-12 12:34:44,371 fastran_eq0_efit_3 DEBUG    _get_service_response(REQUEST|fastran_000001@efit@3|FRAMEWORK@Framework@0|17), response = ServiceResponseMessage(sender_id=FRAMEWORK@Framework@0, receiver_id=fastran_000001@efit@3, request_msg_id=REQUEST|fastran_000001@efit@3|FRAMEWORK@Framework@0|17,status=0, args=(0,), message_id=RESPONSE|FRAMEWORK@Framework@0|fastran_000001@efit@3|220)
2026-02-12 12:34:44,371 fastran_eq0_efit_3 DEBUG    _invoke_service(): getTopic  ('_IPS_MONITOR',)
2026-02-12 12:34:44,372 fastran_eq0_efit_3 DEBUG    _get_service_response(REQUEST|fastran_000001@efit@3|FRAMEWORK@Framework@0|18)
2026-02-12 12:34:44,382 fastran_eq0_efit_3 DEBUG    _get_service_response(REQUEST|fastran_000001@efit@3|FRAMEWORK@Framework@0|18), response = ServiceResponseMessage(sender_id=FRAMEWORK@Framework@0, receiver_id=fastran_000001@efit@3, request_msg_id=REQUEST|fastran_000001@efit@3|FRAMEWORK@Framework@0|18,status=0, args=(<ipsframework.cca_es_spec.Topic object at 0x14e1e1e0c070>,), message_id=RESPONSE|FRAMEWORK@Framework@0|fastran_000001@efit@3|221)
2026-02-12 12:34:44,382 fastran_eq0_efit_3 DEBUG    _invoke_service(): sendEvent  ('_IPS_MONITOR', 'PORTAL_EVENT', {'sim_name': 'fastran_000001', 'real_sim_name': 'fastran_000001', 'portal_data': {'code': 'fastran_eq0_efit', 'eventtype': 'IPS_UPDATE_STATE', 'ok': True, 'walltime': '31.57', 'time': '2026-02-12|12:34:44PST', 'trace': {'timestamp': 1770928484349624, 'duration': 22223, 'localEndpoint': {'serviceName': 'update_state'}, 'name': "['s000001.00001', 'g000001.00001', 'i000001.00001']", 'id': '7629e189a66153c0', 'parentId': '80849624274e6c9c', 'tags': {}}, 'state': 'Running', 'comment': 'Elapsed time = 0.022   files = s000001.00001 g000001.00001 i000001.00001 Success'}})
2026-02-12 12:34:44,382 fastran_eq0_efit_3 DEBUG    _get_service_response(REQUEST|fastran_000001@efit@3|FRAMEWORK@Framework@0|19)
2026-02-12 12:34:44,393 fastran_eq0_efit_3 DEBUG    _get_service_response(REQUEST|fastran_000001@efit@3|FRAMEWORK@Framework@0|19), response = ServiceResponseMessage(sender_id=FRAMEWORK@Framework@0, receiver_id=fastran_000001@efit@3, request_msg_id=REQUEST|fastran_000001@efit@3|FRAMEWORK@Framework@0|19,status=0, args=(None,), message_id=RESPONSE|FRAMEWORK@Framework@0|fastran_000001@efit@3|222)
2026-02-12 12:34:44,414 fastran_eq0_efit_3 DEBUG    _invoke_service(): getTopic  ('_IPS_MONITOR',)
2026-02-12 12:34:44,414 fastran_eq0_efit_3 DEBUG    _get_service_response(REQUEST|fastran_000001@efit@3|FRAMEWORK@Framework@0|20)
2026-02-12 12:34:44,425 fastran_eq0_efit_3 DEBUG    _get_service_response(REQUEST|fastran_000001@efit@3|FRAMEWORK@Framework@0|20), response = ServiceResponseMessage(sender_id=FRAMEWORK@Framework@0, receiver_id=fastran_000001@efit@3, request_msg_id=REQUEST|fastran_000001@efit@3|FRAMEWORK@Framework@0|20,status=0, args=(<ipsframework.cca_es_spec.Topic object at 0x14e1e1e0c160>,), message_id=RESPONSE|FRAMEWORK@Framework@0|fastran_000001@efit@3|223)
2026-02-12 12:34:44,425 fastran_eq0_efit_3 DEBUG    _invoke_service(): sendEvent  ('_IPS_MONITOR', 'PORTAL_EVENT', {'sim_name': 'fastran_000001', 'real_sim_name': 'fastran_000001', 'portal_data': {'code': 'fastran_eq0_efit', 'eventtype': 'IPS_STAGE_OUTPUTS', 'ok': True, 'walltime': '31.61', 'time': '2026-02-12|12:34:44PST', 'trace': {'timestamp': 1770928484393580, 'duration': 21124, 'localEndpoint': {'serviceName': 'stage_output_files'}, 'name': "['g*.*', 'a*.*', 'm*.*', 'k*.*', 'efit.log']", 'id': '7f2cccfefec01030', 'parentId': '80849624274e6c9c', 'tags': {}}, 'state': 'Running', 'comment': "Elapsed time = 0.021 Path = /pscratch/sd/y/yashu_gh/FREDA_KSTAR_2/ips-fastran/examples/far3d/example1/SCAN/simulation_results/preprocess_1/components/fastran_eq0_efit_3 Files = ['g*.*', 'a*.*', 'm*.*', 'k*.*', 'efit.log']"}})
2026-02-12 12:34:44,425 fastran_eq0_efit_3 DEBUG    _get_service_response(REQUEST|fastran_000001@efit@3|FRAMEWORK@Framework@0|21)
2026-02-12 12:34:44,435 fastran_eq0_efit_3 DEBUG    _get_service_response(REQUEST|fastran_000001@efit@3|FRAMEWORK@Framework@0|21), response = ServiceResponseMessage(sender_id=FRAMEWORK@Framework@0, receiver_id=fastran_000001@efit@3, request_msg_id=REQUEST|fastran_000001@efit@3|FRAMEWORK@Framework@0|21,status=0, args=(None,), message_id=RESPONSE|FRAMEWORK@Framework@0|fastran_000001@efit@3|224)
2026-02-12 12:34:44,447 fastran_driver_fastran_driver_2 DEBUG    _get_service_response(REQUEST|fastran_000001@fastran_driver@2|FRAMEWORK@Framework@0|96), response = ServiceResponseMessage(sender_id=FRAMEWORK@Framework@0, receiver_id=fastran_000001@fastran_driver@2, request_msg_id=REQUEST|fastran_000001@fastran_driver@2|FRAMEWORK@Framework@0|96,status=0, args=((None,),), message_id=RESPONSE|FRAMEWORK@Framework@0|fastran_000001@fastran_driver@2|225)
2026-02-12 12:34:44,447 fastran_driver_fastran_driver_2 DEBUG    _invoke_service(): getTopic  ('_IPS_MONITOR',)
2026-02-12 12:34:44,448 fastran_driver_fastran_driver_2 DEBUG    _get_service_response(REQUEST|fastran_000001@fastran_driver@2|FRAMEWORK@Framework@0|97)
2026-02-12 12:34:44,458 fastran_driver_fastran_driver_2 DEBUG    _get_service_response(REQUEST|fastran_000001@fastran_driver@2|FRAMEWORK@Framework@0|97), response = ServiceResponseMessage(sender_id=FRAMEWORK@Framework@0, receiver_id=fastran_000001@fastran_driver@2, request_msg_id=REQUEST|fastran_000001@fastran_driver@2|FRAMEWORK@Framework@0|97,status=0, args=(<ipsframework.cca_es_spec.Topic object at 0x14e1e9e3adc0>,), message_id=RESPONSE|FRAMEWORK@Framework@0|fastran_000001@fastran_driver@2|226)
2026-02-12 12:34:44,458 fastran_driver_fastran_driver_2 DEBUG    _invoke_service(): sendEvent  ('_IPS_MONITOR', 'PORTAL_EVENT', {'sim_name': 'fastran_000001', 'real_sim_name': 'fastran_000001', 'portal_data': {'code': 'fastran_driver_fastran_driver', 'eventtype': 'IPS_CALL_END', 'ok': True, 'walltime': '31.65', 'time': '2026-02-12|12:34:44PST', 'trace': {'timestamp': 1770928482438102, 'duration': 2009776, 'localEndpoint': {'serviceName': 'fastran_000001@efit@3'}, 'name': 'step(preprocess_1)', 'id': '80849624274e6c9c', 'parentId': '15e0663de819b9fa', 'tags': {}}, 'state': 'Running', 'comment': 'Target = fastran_000001@efit@3:step(preprocess_1)'}})
2026-02-12 12:34:44,458 fastran_driver_fastran_driver_2 DEBUG    _get_service_response(REQUEST|fastran_000001@fastran_driver@2|FRAMEWORK@Framework@0|98)
2026-02-12 12:34:44,469 fastran_driver_fastran_driver_2 DEBUG    _get_service_response(REQUEST|fastran_000001@fastran_driver@2|FRAMEWORK@Framework@0|98), response = ServiceResponseMessage(sender_id=FRAMEWORK@Framework@0, receiver_id=fastran_000001@fastran_driver@2, request_msg_id=REQUEST|fastran_000001@fastran_driver@2|FRAMEWORK@Framework@0|98,status=0, args=(None,), message_id=RESPONSE|FRAMEWORK@Framework@0|fastran_000001@fastran_driver@2|227)
2026-02-12 12:34:44,469 fastran_driver_fastran_driver_2 DEBUG    _invoke_service(): getTopic  ('_IPS_MONITOR',)
2026-02-12 12:34:44,469 fastran_driver_fastran_driver_2 DEBUG    _get_service_response(REQUEST|fastran_000001@fastran_driver@2|FRAMEWORK@Framework@0|99)
2026-02-12 12:34:44,480 fastran_driver_fastran_driver_2 DEBUG    _get_service_response(REQUEST|fastran_000001@fastran_driver@2|FRAMEWORK@Framework@0|99), response = ServiceResponseMessage(sender_id=FRAMEWORK@Framework@0, receiver_id=fastran_000001@fastran_driver@2, request_msg_id=REQUEST|fastran_000001@fastran_driver@2|FRAMEWORK@Framework@0|99,status=0, args=(<ipsframework.cca_es_spec.Topic object at 0x14e1e9e3aca0>,), message_id=RESPONSE|FRAMEWORK@Framework@0|fastran_000001@fastran_driver@2|228)
2026-02-12 12:34:44,480 fastran_driver_fastran_driver_2 DEBUG    _invoke_service(): sendEvent  ('_IPS_MONITOR', 'PORTAL_EVENT', {'sim_name': 'fastran_000001', 'real_sim_name': 'fastran_000001', 'portal_data': {'code': 'fastran_driver_fastran_driver', 'eventtype': 'IPS_CALL_BEGIN', 'ok': True, 'walltime': '31.67', 'time': '2026-02-12|12:34:44PST', 'state': 'Running', 'comment': 'Target = fastran_000001@fastran@4:step(preprocess_1)'}})
2026-02-12 12:34:44,480 fastran_driver_fastran_driver_2 DEBUG    _get_service_response(REQUEST|fastran_000001@fastran_driver@2|FRAMEWORK@Framework@0|100)
2026-02-12 12:34:44,491 fastran_driver_fastran_driver_2 DEBUG    _get_service_response(REQUEST|fastran_000001@fastran_driver@2|FRAMEWORK@Framework@0|100), response = ServiceResponseMessage(sender_id=FRAMEWORK@Framework@0, receiver_id=fastran_000001@fastran_driver@2, request_msg_id=REQUEST|fastran_000001@fastran_driver@2|FRAMEWORK@Framework@0|100,status=0, args=(None,), message_id=RESPONSE|FRAMEWORK@Framework@0|fastran_000001@fastran_driver@2|229)
2026-02-12 12:34:44,491 fastran_driver_fastran_driver_2 DEBUG    _invoke_service(): init_call  ('step', 'preprocess_1')
2026-02-12 12:34:44,491 fastran_driver_fastran_driver_2 DEBUG    _get_service_response(REQUEST|fastran_000001@fastran_driver@2|FRAMEWORK@Framework@0|101)
2026-02-12 12:34:44,491 fastran_tr0_fastran_4 DEBUG    Received Message 
2026-02-12 12:34:44,492 fastran_tr0_fastran_4 DEBUG    Calling method step(preprocess_1)
2026-02-12 12:34:44,492 fastran_tr0_fastran_4 DEBUG    _invoke_service(): stage_state  (['s000001.00001', 'g000001.00001', 'i000001.00001'], '/pscratch/sd/y/yashu_gh/FREDA_KSTAR_2/ips-fastran/examples/far3d/example1/SCAN/work/plasma_state', '/pscratch/sd/y/yashu_gh/FREDA_KSTAR_2/ips-fastran/examples/far3d/example1/SCAN/work/fastran_tr0_fastran_4')
2026-02-12 12:34:44,492 fastran_tr0_fastran_4 DEBUG    _get_service_response(REQUEST|fastran_000001@fastran@4|FRAMEWORK@Framework@0|16)
2026-02-12 12:34:44,501 fastran_driver_fastran_driver_2 DEBUG    _get_service_response(REQUEST|fastran_000001@fastran_driver@2|FRAMEWORK@Framework@0|101), response = ServiceResponseMessage(sender_id=FRAMEWORK@Framework@0, receiver_id=fastran_000001@fastran_driver@2, request_msg_id=REQUEST|fastran_000001@fastran_driver@2|FRAMEWORK@Framework@0|101,status=0, args=(23,), message_id=RESPONSE|FRAMEWORK@Framework@0|fastran_000001@fastran_driver@2|230)
2026-02-12 12:34:44,501 fastran_driver_fastran_driver_2 DEBUG    _invoke_service(): wait_call  (23, True)
2026-02-12 12:34:44,502 fastran_driver_fastran_driver_2 DEBUG    _get_service_response(REQUEST|fastran_000001@fastran_driver@2|FRAMEWORK@Framework@0|102)
2026-02-12 12:34:44,512 fastran_tr0_fastran_4 DEBUG    _get_service_response(REQUEST|fastran_000001@fastran@4|FRAMEWORK@Framework@0|16), response = ServiceResponseMessage(sender_id=FRAMEWORK@Framework@0, receiver_id=fastran_000001@fastran@4, request_msg_id=REQUEST|fastran_000001@fastran@4|FRAMEWORK@Framework@0|16,status=0, args=(0,), message_id=RESPONSE|FRAMEWORK@Framework@0|fastran_000001@fastran@4|231)
2026-02-12 12:34:44,512 fastran_tr0_fastran_4 DEBUG    _invoke_service(): getTopic  ('_IPS_MONITOR',)
2026-02-12 12:34:44,512 fastran_tr0_fastran_4 DEBUG    _get_service_response(REQUEST|fastran_000001@fastran@4|FRAMEWORK@Framework@0|17)
2026-02-12 12:34:44,522 fastran_tr0_fastran_4 DEBUG    _get_service_response(REQUEST|fastran_000001@fastran@4|FRAMEWORK@Framework@0|17), response = ServiceResponseMessage(sender_id=FRAMEWORK@Framework@0, receiver_id=fastran_000001@fastran@4, request_msg_id=REQUEST|fastran_000001@fastran@4|FRAMEWORK@Framework@0|17,status=0, args=(<ipsframework.cca_es_spec.Topic object at 0x14e1e9e641f0>,), message_id=RESPONSE|FRAMEWORK@Framework@0|fastran_000001@fastran@4|232)
2026-02-12 12:34:44,522 fastran_tr0_fastran_4 DEBUG    _invoke_service(): sendEvent  ('_IPS_MONITOR', 'PORTAL_EVENT', {'sim_name': 'fastran_000001', 'real_sim_name': 'fastran_000001', 'portal_data': {'code': 'fastran_tr0_fastran', 'eventtype': 'IPS_STAGE_STATE', 'ok': True, 'walltime': '31.71', 'time': '2026-02-12|12:34:44PST', 'trace': {'timestamp': 1770928484492195, 'duration': 19903, 'localEndpoint': {'serviceName': 'stage_state'}, 'name': "['s000001.00001', 'g000001.00001', 'i000001.00001']", 'id': '71885aecf25d7412', 'parentId': 'cf09db06a155dee3', 'tags': {}}, 'state': 'Running', 'comment': 'Elapsed time = 0.020  files = s000001.00001 g000001.00001 i000001.00001 Success'}})
2026-02-12 12:34:44,522 fastran_tr0_fastran_4 DEBUG    _get_service_response(REQUEST|fastran_000001@fastran@4|FRAMEWORK@Framework@0|18)
2026-02-12 12:34:44,533 fastran_tr0_fastran_4 DEBUG    _get_service_response(REQUEST|fastran_000001@fastran@4|FRAMEWORK@Framework@0|18), response = ServiceResponseMessage(sender_id=FRAMEWORK@Framework@0, receiver_id=fastran_000001@fastran@4, request_msg_id=REQUEST|fastran_000001@fastran@4|FRAMEWORK@Framework@0|18,status=0, args=(None,), message_id=RESPONSE|FRAMEWORK@Framework@0|fastran_000001@fastran@4|233)
2026-02-12 12:34:44,541 fastran_tr0_fastran_4 DEBUG    _invoke_service(): getTopic  ('_IPS_MONITOR',)
2026-02-12 12:34:44,541 fastran_tr0_fastran_4 DEBUG    _get_service_response(REQUEST|fastran_000001@fastran@4|FRAMEWORK@Framework@0|19)
2026-02-12 12:34:44,551 fastran_tr0_fastran_4 DEBUG    _get_service_response(REQUEST|fastran_000001@fastran@4|FRAMEWORK@Framework@0|19), response = ServiceResponseMessage(sender_id=FRAMEWORK@Framework@0, receiver_id=fastran_000001@fastran@4, request_msg_id=REQUEST|fastran_000001@fastran@4|FRAMEWORK@Framework@0|19,status=0, args=(<ipsframework.cca_es_spec.Topic object at 0x14e1e9e642b0>,), message_id=RESPONSE|FRAMEWORK@Framework@0|fastran_000001@fastran@4|234)
2026-02-12 12:34:44,551 fastran_tr0_fastran_4 DEBUG    _invoke_service(): sendEvent  ('_IPS_MONITOR', 'PORTAL_EVENT', {'sim_name': 'fastran_000001', 'real_sim_name': 'fastran_000001', 'portal_data': {'code': 'fastran_tr0_fastran', 'eventtype': 'IPS_STAGE_INPUTS', 'ok': True, 'walltime': '31.74', 'time': '2026-02-12|12:34:44PST', 'trace': {'timestamp': 1770928484533806, 'duration': 7217, 'localEndpoint': {'serviceName': 'stage_input_files'}, 'name': 'infastran0 intglf', 'id': 'dca1af508bf5af99', 'parentId': 'cf09db06a155dee3', 'tags': {}}, 'state': 'Running', 'comment': 'Elapsed time = 0.007 Path = /pscratch/sd/y/yashu_gh/FREDA_KSTAR_2/ips-fastran/examples/far3d/example1/input Files = infastran0 intglf'}})
2026-02-12 12:34:44,551 fastran_tr0_fastran_4 DEBUG    _get_service_response(REQUEST|fastran_000001@fastran@4|FRAMEWORK@Framework@0|20)
2026-02-12 12:34:44,562 fastran_tr0_fastran_4 DEBUG    _get_service_response(REQUEST|fastran_000001@fastran@4|FRAMEWORK@Framework@0|20), response = ServiceResponseMessage(sender_id=FRAMEWORK@Framework@0, receiver_id=fastran_000001@fastran@4, request_msg_id=REQUEST|fastran_000001@fastran@4|FRAMEWORK@Framework@0|20,status=0, args=(None,), message_id=RESPONSE|FRAMEWORK@Framework@0|fastran_000001@fastran@4|235)
2026-02-12 12:34:44,679 fastran_tr0_fastran_4 DEBUG    _invoke_service(): init_task  (TaskInit(nproc=1, binary='/global/common/software/atom/perlmutter/binaries/fastran/default/xfastran_ver1.00_ser', working_dir='/pscratch/sd/y/yashu_gh/FREDA_KSTAR_2/ips-fastran/examples/far3d/example1/SCAN/work/fastran_tr0_fastran_4', tppn=0, tcpp=0, tgpp=0, block=True, omp=False, wnodes=True, wsocks=True, cmd_args=('1', '1')),)
2026-02-12 12:34:44,679 fastran_tr0_fastran_4 DEBUG    _get_service_response(REQUEST|fastran_000001@fastran@4|FRAMEWORK@Framework@0|21)
2026-02-12 12:34:44,690 fastran_tr0_fastran_4 DEBUG    _get_service_response(REQUEST|fastran_000001@fastran@4|FRAMEWORK@Framework@0|21), response = ServiceResponseMessage(sender_id=FRAMEWORK@Framework@0, receiver_id=fastran_000001@fastran@4, request_msg_id=REQUEST|fastran_000001@fastran@4|FRAMEWORK@Framework@0|21,status=0, args=((3, 'srun -N 1 -n 1 -c 128 --threads-per-core=1 --cpu-bind=cores /global/common/software/atom/perlmutter/binaries/fastran/default/xfastran_ver1.00_ser 1 1', None, 128),), message_id=RESPONSE|FRAMEWORK@Framework@0|fastran_000001@fastran@4|237)
2026-02-12 12:34:44,691 fastran_tr0_fastran_4 DEBUG    Launching command : srun -N 1 -n 1 -c 128 --threads-per-core=1 --cpu-bind=cores /global/common/software/atom/perlmutter/binaries/fastran/default/xfastran_ver1.00_ser 1 1
2026-02-12 12:34:44,704 fastran_tr0_fastran_4 DEBUG    _invoke_service(): getTopic  ('_IPS_MONITOR',)
2026-02-12 12:34:44,705 fastran_tr0_fastran_4 DEBUG    _get_service_response(REQUEST|fastran_000001@fastran@4|FRAMEWORK@Framework@0|22)
2026-02-12 12:34:44,715 fastran_tr0_fastran_4 DEBUG    _get_service_response(REQUEST|fastran_000001@fastran@4|FRAMEWORK@Framework@0|22), response = ServiceResponseMessage(sender_id=FRAMEWORK@Framework@0, receiver_id=fastran_000001@fastran@4, request_msg_id=REQUEST|fastran_000001@fastran@4|FRAMEWORK@Framework@0|22,status=0, args=(<ipsframework.cca_es_spec.Topic object at 0x14e1e9e4fcd0>,), message_id=RESPONSE|FRAMEWORK@Framework@0|fastran_000001@fastran@4|238)
2026-02-12 12:34:44,716 fastran_tr0_fastran_4 DEBUG    _invoke_service(): sendEvent  ('_IPS_MONITOR', 'PORTAL_EVENT', {'sim_name': 'fastran_000001', 'real_sim_name': 'fastran_000001', 'portal_data': {'code': 'fastran_tr0_fastran', 'eventtype': 'IPS_LAUNCH_TASK', 'ok': True, 'walltime': '31.90', 'time': '2026-02-12|12:34:44PST', 'state': 'Running', 'comment': 'task_id = 3 , Tag = None , nproc = 1 , Target = srun -N 1 -n 1 -c 128 --threads-per-core=1 --cpu-bind=cores /global/common/software/atom/perlmutter/binaries/fastran/default/xfastran_ver1.00_ser 1 1'}})
2026-02-12 12:34:44,716 fastran_tr0_fastran_4 DEBUG    _get_service_response(REQUEST|fastran_000001@fastran@4|FRAMEWORK@Framework@0|23)
2026-02-12 12:34:44,726 fastran_tr0_fastran_4 DEBUG    _get_service_response(REQUEST|fastran_000001@fastran@4|FRAMEWORK@Framework@0|23), response = ServiceResponseMessage(sender_id=FRAMEWORK@Framework@0, receiver_id=fastran_000001@fastran@4, request_msg_id=REQUEST|fastran_000001@fastran@4|FRAMEWORK@Framework@0|23,status=0, args=(None,), message_id=RESPONSE|FRAMEWORK@Framework@0|fastran_000001@fastran@4|239)
2026-02-12 12:34:45,014 fastran_tr0_fastran_4 DEBUG    _invoke_service(): getTopic  ('_IPS_MONITOR',)
2026-02-12 12:34:45,014 fastran_tr0_fastran_4 DEBUG    _get_service_response(REQUEST|fastran_000001@fastran@4|FRAMEWORK@Framework@0|24)
2026-02-12 12:34:45,025 fastran_tr0_fastran_4 DEBUG    _get_service_response(REQUEST|fastran_000001@fastran@4|FRAMEWORK@Framework@0|24), response = ServiceResponseMessage(sender_id=FRAMEWORK@Framework@0, receiver_id=fastran_000001@fastran@4, request_msg_id=REQUEST|fastran_000001@fastran@4|FRAMEWORK@Framework@0|24,status=0, args=(<ipsframework.cca_es_spec.Topic object at 0x14e1e9e4f790>,), message_id=RESPONSE|FRAMEWORK@Framework@0|fastran_000001@fastran@4|240)
2026-02-12 12:34:45,025 fastran_tr0_fastran_4 DEBUG    _invoke_service(): sendEvent  ('_IPS_MONITOR', 'PORTAL_EVENT', {'sim_name': 'fastran_000001', 'real_sim_name': 'fastran_000001', 'portal_data': {'code': 'fastran_tr0_fastran', 'eventtype': 'IPS_TASK_END', 'ok': True, 'walltime': '32.21', 'time': '2026-02-12|12:34:45PST', 'trace': {'timestamp': 1770928484704749, 'duration': 309433, 'localEndpoint': {'serviceName': '/global/common/software/atom/perlmutter/binaries/fastran/default/xfastran_ver1.00_ser'}, 'name': '1 1', 'id': 'f29113f53bc8e028', 'parentId': 'cf09db06a155dee3', 'tags': {'procs_requested': '1', 'cores_allocated': '128'}}, 'state': 'Running', 'comment': 'task_id = 3  elapsed time = 0.31 S'}})
2026-02-12 12:34:45,025 fastran_tr0_fastran_4 DEBUG    _get_service_response(REQUEST|fastran_000001@fastran@4|FRAMEWORK@Framework@0|25)
2026-02-12 12:34:45,036 fastran_tr0_fastran_4 DEBUG    _get_service_response(REQUEST|fastran_000001@fastran@4|FRAMEWORK@Framework@0|25), response = ServiceResponseMessage(sender_id=FRAMEWORK@Framework@0, receiver_id=fastran_000001@fastran@4, request_msg_id=REQUEST|fastran_000001@fastran@4|FRAMEWORK@Framework@0|25,status=0, args=(None,), message_id=RESPONSE|FRAMEWORK@Framework@0|fastran_000001@fastran@4|241)
2026-02-12 12:34:45,036 fastran_tr0_fastran_4 DEBUG    _invoke_service(): finish_task  (3, 0)
2026-02-12 12:34:45,036 fastran_tr0_fastran_4 DEBUG    _get_service_response(REQUEST|fastran_000001@fastran@4|FRAMEWORK@Framework@0|26)
2026-02-12 12:34:45,047 fastran_tr0_fastran_4 DEBUG    _get_service_response(REQUEST|fastran_000001@fastran@4|FRAMEWORK@Framework@0|26), response = ServiceResponseMessage(sender_id=FRAMEWORK@Framework@0, receiver_id=fastran_000001@fastran@4, request_msg_id=REQUEST|fastran_000001@fastran@4|FRAMEWORK@Framework@0|26,status=0, args=(0,), message_id=RESPONSE|FRAMEWORK@Framework@0|fastran_000001@fastran@4|242)
2026-02-12 12:34:45,211 fastran_tr0_fastran_4 DEBUG    _invoke_service(): update_state  (['s000001.00001', 'g000001.00001', 'i000001.00001'], '/pscratch/sd/y/yashu_gh/FREDA_KSTAR_2/ips-fastran/examples/far3d/example1/SCAN/work/fastran_tr0_fastran_4', '/pscratch/sd/y/yashu_gh/FREDA_KSTAR_2/ips-fastran/examples/far3d/example1/SCAN/work/plasma_state')
2026-02-12 12:34:45,211 fastran_tr0_fastran_4 DEBUG    _get_service_response(REQUEST|fastran_000001@fastran@4|FRAMEWORK@Framework@0|27)
2026-02-12 12:34:45,232 fastran_tr0_fastran_4 DEBUG    _get_service_response(REQUEST|fastran_000001@fastran@4|FRAMEWORK@Framework@0|27), response = ServiceResponseMessage(sender_id=FRAMEWORK@Framework@0, receiver_id=fastran_000001@fastran@4, request_msg_id=REQUEST|fastran_000001@fastran@4|FRAMEWORK@Framework@0|27,status=0, args=(0,), message_id=RESPONSE|FRAMEWORK@Framework@0|fastran_000001@fastran@4|244)
2026-02-12 12:34:45,232 fastran_tr0_fastran_4 DEBUG    _invoke_service(): getTopic  ('_IPS_MONITOR',)
2026-02-12 12:34:45,232 fastran_tr0_fastran_4 DEBUG    _get_service_response(REQUEST|fastran_000001@fastran@4|FRAMEWORK@Framework@0|28)
2026-02-12 12:34:45,242 fastran_tr0_fastran_4 DEBUG    _get_service_response(REQUEST|fastran_000001@fastran@4|FRAMEWORK@Framework@0|28), response = ServiceResponseMessage(sender_id=FRAMEWORK@Framework@0, receiver_id=fastran_000001@fastran@4, request_msg_id=REQUEST|fastran_000001@fastran@4|FRAMEWORK@Framework@0|28,status=0, args=(<ipsframework.cca_es_spec.Topic object at 0x14e1e9e64670>,), message_id=RESPONSE|FRAMEWORK@Framework@0|fastran_000001@fastran@4|245)
2026-02-12 12:34:45,243 fastran_tr0_fastran_4 DEBUG    _invoke_service(): sendEvent  ('_IPS_MONITOR', 'PORTAL_EVENT', {'sim_name': 'fastran_000001', 'real_sim_name': 'fastran_000001', 'portal_data': {'code': 'fastran_tr0_fastran', 'eventtype': 'IPS_UPDATE_STATE', 'ok': True, 'walltime': '32.43', 'time': '2026-02-12|12:34:45PST', 'trace': {'timestamp': 1770928485211095, 'duration': 21250, 'localEndpoint': {'serviceName': 'update_state'}, 'name': "['s000001.00001', 'g000001.00001', 'i000001.00001']", 'id': '7629e189a66153c0', 'parentId': 'cf09db06a155dee3', 'tags': {}}, 'state': 'Running', 'comment': 'Elapsed time = 0.021   files = s000001.00001 g000001.00001 i000001.00001 Success'}})
2026-02-12 12:34:45,243 fastran_tr0_fastran_4 DEBUG    _get_service_response(REQUEST|fastran_000001@fastran@4|FRAMEWORK@Framework@0|29)
2026-02-12 12:34:45,253 fastran_tr0_fastran_4 DEBUG    _get_service_response(REQUEST|fastran_000001@fastran@4|FRAMEWORK@Framework@0|29), response = ServiceResponseMessage(sender_id=FRAMEWORK@Framework@0, receiver_id=fastran_000001@fastran@4, request_msg_id=REQUEST|fastran_000001@fastran@4|FRAMEWORK@Framework@0|29,status=0, args=(None,), message_id=RESPONSE|FRAMEWORK@Framework@0|fastran_000001@fastran@4|246)
2026-02-12 12:34:45,274 fastran_tr0_fastran_4 DEBUG    _invoke_service(): getTopic  ('_IPS_MONITOR',)
2026-02-12 12:34:45,274 fastran_tr0_fastran_4 DEBUG    _get_service_response(REQUEST|fastran_000001@fastran@4|FRAMEWORK@Framework@0|30)
2026-02-12 12:34:45,285 fastran_tr0_fastran_4 DEBUG    _get_service_response(REQUEST|fastran_000001@fastran@4|FRAMEWORK@Framework@0|30), response = ServiceResponseMessage(sender_id=FRAMEWORK@Framework@0, receiver_id=fastran_000001@fastran@4, request_msg_id=REQUEST|fastran_000001@fastran@4|FRAMEWORK@Framework@0|30,status=0, args=(<ipsframework.cca_es_spec.Topic object at 0x14e1e9e647c0>,), message_id=RESPONSE|FRAMEWORK@Framework@0|fastran_000001@fastran@4|247)
2026-02-12 12:34:45,285 fastran_tr0_fastran_4 DEBUG    _invoke_service(): sendEvent  ('_IPS_MONITOR', 'PORTAL_EVENT', {'sim_name': 'fastran_000001', 'real_sim_name': 'fastran_000001', 'portal_data': {'code': 'fastran_tr0_fastran', 'eventtype': 'IPS_STAGE_OUTPUTS', 'ok': True, 'walltime': '32.47', 'time': '2026-02-12|12:34:45PST', 'trace': {'timestamp': 1770928485253752, 'duration': 21096, 'localEndpoint': {'serviceName': 'stage_output_files'}, 'name': "['fastran.nc', 'inprof', 'inmetric', 'infastran', 'intglf', 'xfastran.log', 'i000001.00001']", 'id': '7349cfaaafc33980', 'parentId': 'cf09db06a155dee3', 'tags': {}}, 'state': 'Running', 'comment': "Elapsed time = 0.021 Path = /pscratch/sd/y/yashu_gh/FREDA_KSTAR_2/ips-fastran/examples/far3d/example1/SCAN/simulation_results/preprocess_1/components/fastran_tr0_fastran_4 Files = ['fastran.nc', 'inprof', 'inmetric', 'infastran', 'intglf', 'xfastran.log', 'i000001.00001']"}})
2026-02-12 12:34:45,285 fastran_tr0_fastran_4 DEBUG    _get_service_response(REQUEST|fastran_000001@fastran@4|FRAMEWORK@Framework@0|31)
2026-02-12 12:34:45,296 fastran_tr0_fastran_4 DEBUG    _get_service_response(REQUEST|fastran_000001@fastran@4|FRAMEWORK@Framework@0|31), response = ServiceResponseMessage(sender_id=FRAMEWORK@Framework@0, receiver_id=fastran_000001@fastran@4, request_msg_id=REQUEST|fastran_000001@fastran@4|FRAMEWORK@Framework@0|31,status=0, args=(None,), message_id=RESPONSE|FRAMEWORK@Framework@0|fastran_000001@fastran@4|248)
2026-02-12 12:34:45,306 fastran_driver_fastran_driver_2 DEBUG    _get_service_response(REQUEST|fastran_000001@fastran_driver@2|FRAMEWORK@Framework@0|102), response = ServiceResponseMessage(sender_id=FRAMEWORK@Framework@0, receiver_id=fastran_000001@fastran_driver@2, request_msg_id=REQUEST|fastran_000001@fastran_driver@2|FRAMEWORK@Framework@0|102,status=0, args=((None,),), message_id=RESPONSE|FRAMEWORK@Framework@0|fastran_000001@fastran_driver@2|249)
2026-02-12 12:34:45,306 fastran_driver_fastran_driver_2 DEBUG    _invoke_service(): getTopic  ('_IPS_MONITOR',)
2026-02-12 12:34:45,307 fastran_driver_fastran_driver_2 DEBUG    _get_service_response(REQUEST|fastran_000001@fastran_driver@2|FRAMEWORK@Framework@0|103)
2026-02-12 12:34:45,317 fastran_driver_fastran_driver_2 DEBUG    _get_service_response(REQUEST|fastran_000001@fastran_driver@2|FRAMEWORK@Framework@0|103), response = ServiceResponseMessage(sender_id=FRAMEWORK@Framework@0, receiver_id=fastran_000001@fastran_driver@2, request_msg_id=REQUEST|fastran_000001@fastran_driver@2|FRAMEWORK@Framework@0|103,status=0, args=(<ipsframework.cca_es_spec.Topic object at 0x14e1e9e3adc0>,), message_id=RESPONSE|FRAMEWORK@Framework@0|fastran_000001@fastran_driver@2|250)
2026-02-12 12:34:45,317 fastran_driver_fastran_driver_2 DEBUG    _invoke_service(): sendEvent  ('_IPS_MONITOR', 'PORTAL_EVENT', {'sim_name': 'fastran_000001', 'real_sim_name': 'fastran_000001', 'portal_data': {'code': 'fastran_driver_fastran_driver', 'eventtype': 'IPS_CALL_END', 'ok': True, 'walltime': '32.50', 'time': '2026-02-12|12:34:45PST', 'trace': {'timestamp': 1770928484501978, 'duration': 804953, 'localEndpoint': {'serviceName': 'fastran_000001@fastran@4'}, 'name': 'step(preprocess_1)', 'id': 'cf09db06a155dee3', 'parentId': '15e0663de819b9fa', 'tags': {}}, 'state': 'Running', 'comment': 'Target = fastran_000001@fastran@4:step(preprocess_1)'}})
2026-02-12 12:34:45,317 fastran_driver_fastran_driver_2 DEBUG    _get_service_response(REQUEST|fastran_000001@fastran_driver@2|FRAMEWORK@Framework@0|104)
2026-02-12 12:34:45,328 fastran_driver_fastran_driver_2 DEBUG    _get_service_response(REQUEST|fastran_000001@fastran_driver@2|FRAMEWORK@Framework@0|104), response = ServiceResponseMessage(sender_id=FRAMEWORK@Framework@0, receiver_id=fastran_000001@fastran_driver@2, request_msg_id=REQUEST|fastran_000001@fastran_driver@2|FRAMEWORK@Framework@0|104,status=0, args=(None,), message_id=RESPONSE|FRAMEWORK@Framework@0|fastran_000001@fastran_driver@2|251)
2026-02-12 12:34:45,328 fastran_driver_fastran_driver_2 DEBUG    _invoke_service(): getTopic  ('_IPS_MONITOR',)
2026-02-12 12:34:45,328 fastran_driver_fastran_driver_2 DEBUG    _get_service_response(REQUEST|fastran_000001@fastran_driver@2|FRAMEWORK@Framework@0|105)
2026-02-12 12:34:45,339 fastran_driver_fastran_driver_2 DEBUG    _get_service_response(REQUEST|fastran_000001@fastran_driver@2|FRAMEWORK@Framework@0|105), response = ServiceResponseMessage(sender_id=FRAMEWORK@Framework@0, receiver_id=fastran_000001@fastran_driver@2, request_msg_id=REQUEST|fastran_000001@fastran_driver@2|FRAMEWORK@Framework@0|105,status=0, args=(<ipsframework.cca_es_spec.Topic object at 0x14e1e9e3ad90>,), message_id=RESPONSE|FRAMEWORK@Framework@0|fastran_000001@fastran_driver@2|252)
2026-02-12 12:34:45,339 fastran_driver_fastran_driver_2 DEBUG    _invoke_service(): sendEvent  ('_IPS_MONITOR', 'PORTAL_EVENT', {'sim_name': 'fastran_000001', 'real_sim_name': 'fastran_000001', 'portal_data': {'code': 'fastran_driver_fastran_driver', 'eventtype': 'IPS_CALL_BEGIN', 'ok': True, 'walltime': '32.53', 'time': '2026-02-12|12:34:45PST', 'state': 'Running', 'comment': 'Target = fastran_000001@constraint_current@5:step(preprocess_1)'}})
2026-02-12 12:34:45,339 fastran_driver_fastran_driver_2 DEBUG    _get_service_response(REQUEST|fastran_000001@fastran_driver@2|FRAMEWORK@Framework@0|106)
2026-02-12 12:34:45,350 fastran_driver_fastran_driver_2 DEBUG    _get_service_response(REQUEST|fastran_000001@fastran_driver@2|FRAMEWORK@Framework@0|106), response = ServiceResponseMessage(sender_id=FRAMEWORK@Framework@0, receiver_id=fastran_000001@fastran_driver@2, request_msg_id=REQUEST|fastran_000001@fastran_driver@2|FRAMEWORK@Framework@0|106,status=0, args=(None,), message_id=RESPONSE|FRAMEWORK@Framework@0|fastran_000001@fastran_driver@2|253)
2026-02-12 12:34:45,350 fastran_driver_fastran_driver_2 DEBUG    _invoke_service(): init_call  ('step', 'preprocess_1')
2026-02-12 12:34:45,350 fastran_driver_fastran_driver_2 DEBUG    _get_service_response(REQUEST|fastran_000001@fastran_driver@2|FRAMEWORK@Framework@0|107)
2026-02-12 12:34:45,351 fastran_pre_constraint_current_5 DEBUG    Received Message 
2026-02-12 12:34:45,351 fastran_pre_constraint_current_5 DEBUG    Calling method step(preprocess_1)
2026-02-12 12:34:45,351 fastran_pre_constraint_current_5 DEBUG    _invoke_service(): stage_state  (['s000001.00001', 'g000001.00001', 'i000001.00001'], '/pscratch/sd/y/yashu_gh/FREDA_KSTAR_2/ips-fastran/examples/far3d/example1/SCAN/work/plasma_state', '/pscratch/sd/y/yashu_gh/FREDA_KSTAR_2/ips-fastran/examples/far3d/example1/SCAN/work/fastran_pre_constraint_current_5')
2026-02-12 12:34:45,351 fastran_pre_constraint_current_5 DEBUG    _get_service_response(REQUEST|fastran_000001@constraint_current@5|FRAMEWORK@Framework@0|10)
2026-02-12 12:34:45,361 fastran_driver_fastran_driver_2 DEBUG    _get_service_response(REQUEST|fastran_000001@fastran_driver@2|FRAMEWORK@Framework@0|107), response = ServiceResponseMessage(sender_id=FRAMEWORK@Framework@0, receiver_id=fastran_000001@fastran_driver@2, request_msg_id=REQUEST|fastran_000001@fastran_driver@2|FRAMEWORK@Framework@0|107,status=0, args=(24,), message_id=RESPONSE|FRAMEWORK@Framework@0|fastran_000001@fastran_driver@2|254)
2026-02-12 12:34:45,361 fastran_driver_fastran_driver_2 DEBUG    _invoke_service(): wait_call  (24, True)
2026-02-12 12:34:45,361 fastran_driver_fastran_driver_2 DEBUG    _get_service_response(REQUEST|fastran_000001@fastran_driver@2|FRAMEWORK@Framework@0|108)
2026-02-12 12:34:45,372 fastran_pre_constraint_current_5 DEBUG    _get_service_response(REQUEST|fastran_000001@constraint_current@5|FRAMEWORK@Framework@0|10), response = ServiceResponseMessage(sender_id=FRAMEWORK@Framework@0, receiver_id=fastran_000001@constraint_current@5, request_msg_id=REQUEST|fastran_000001@constraint_current@5|FRAMEWORK@Framework@0|10,status=0, args=(0,), message_id=RESPONSE|FRAMEWORK@Framework@0|fastran_000001@constraint_current@5|255)
2026-02-12 12:34:45,372 fastran_pre_constraint_current_5 DEBUG    _invoke_service(): getTopic  ('_IPS_MONITOR',)
2026-02-12 12:34:45,372 fastran_pre_constraint_current_5 DEBUG    _get_service_response(REQUEST|fastran_000001@constraint_current@5|FRAMEWORK@Framework@0|11)
2026-02-12 12:34:45,382 fastran_pre_constraint_current_5 DEBUG    _get_service_response(REQUEST|fastran_000001@constraint_current@5|FRAMEWORK@Framework@0|11), response = ServiceResponseMessage(sender_id=FRAMEWORK@Framework@0, receiver_id=fastran_000001@constraint_current@5, request_msg_id=REQUEST|fastran_000001@constraint_current@5|FRAMEWORK@Framework@0|11,status=0, args=(<ipsframework.cca_es_spec.Topic object at 0x14e1e9e5b430>,), message_id=RESPONSE|FRAMEWORK@Framework@0|fastran_000001@constraint_current@5|256)
2026-02-12 12:34:45,382 fastran_pre_constraint_current_5 DEBUG    _invoke_service(): sendEvent  ('_IPS_MONITOR', 'PORTAL_EVENT', {'sim_name': 'fastran_000001', 'real_sim_name': 'fastran_000001', 'portal_data': {'code': 'fastran_pre_constraint_current', 'eventtype': 'IPS_STAGE_STATE', 'ok': True, 'walltime': '32.57', 'time': '2026-02-12|12:34:45PST', 'trace': {'timestamp': 1770928485351406, 'duration': 20872, 'localEndpoint': {'serviceName': 'stage_state'}, 'name': "['s000001.00001', 'g000001.00001', 'i000001.00001']", 'id': '71885aecf25d7412', 'parentId': '7a90be15c175bea4', 'tags': {}}, 'state': 'Running', 'comment': 'Elapsed time = 0.021  files = s000001.00001 g000001.00001 i000001.00001 Success'}})
2026-02-12 12:34:45,382 fastran_pre_constraint_current_5 DEBUG    _get_service_response(REQUEST|fastran_000001@constraint_current@5|FRAMEWORK@Framework@0|12)
2026-02-12 12:34:45,393 fastran_pre_constraint_current_5 DEBUG    _get_service_response(REQUEST|fastran_000001@constraint_current@5|FRAMEWORK@Framework@0|12), response = ServiceResponseMessage(sender_id=FRAMEWORK@Framework@0, receiver_id=fastran_000001@constraint_current@5, request_msg_id=REQUEST|fastran_000001@constraint_current@5|FRAMEWORK@Framework@0|12,status=0, args=(None,), message_id=RESPONSE|FRAMEWORK@Framework@0|fastran_000001@constraint_current@5|257)
2026-02-12 12:34:45,393 fastran_pre_constraint_current_5 DEBUG    _invoke_service(): getTopic  ('_IPS_MONITOR',)
2026-02-12 12:34:45,393 fastran_pre_constraint_current_5 DEBUG    _get_service_response(REQUEST|fastran_000001@constraint_current@5|FRAMEWORK@Framework@0|13)
2026-02-12 12:34:45,404 fastran_pre_constraint_current_5 DEBUG    _get_service_response(REQUEST|fastran_000001@constraint_current@5|FRAMEWORK@Framework@0|13), response = ServiceResponseMessage(sender_id=FRAMEWORK@Framework@0, receiver_id=fastran_000001@constraint_current@5, request_msg_id=REQUEST|fastran_000001@constraint_current@5|FRAMEWORK@Framework@0|13,status=0, args=(<ipsframework.cca_es_spec.Topic object at 0x14e1e9e5b9a0>,), message_id=RESPONSE|FRAMEWORK@Framework@0|fastran_000001@constraint_current@5|258)
2026-02-12 12:34:45,404 fastran_pre_constraint_current_5 DEBUG    _invoke_service(): sendEvent  ('_IPS_MONITOR', 'PORTAL_EVENT', {'sim_name': 'fastran_000001', 'real_sim_name': 'fastran_000001', 'portal_data': {'code': 'fastran_pre_constraint_current', 'eventtype': 'IPS_STAGE_INPUTS', 'ok': True, 'walltime': '32.59', 'time': '2026-02-12|12:34:45PST', 'trace': {'timestamp': 1770928485393599, 'duration': 81, 'localEndpoint': {'serviceName': 'stage_input_files'}, 'name': '', 'id': 'e70cb59b389672bf', 'parentId': '7a90be15c175bea4', 'tags': {}}, 'state': 'Running', 'comment': 'Elapsed time = 0.000 Path = /pscratch/sd/y/yashu_gh/FREDA_KSTAR_2/ips-fastran/examples/far3d/example1/input Files = '}})
2026-02-12 12:34:45,404 fastran_pre_constraint_current_5 DEBUG    _get_service_response(REQUEST|fastran_000001@constraint_current@5|FRAMEWORK@Framework@0|14)
2026-02-12 12:34:45,415 fastran_pre_constraint_current_5 DEBUG    _get_service_response(REQUEST|fastran_000001@constraint_current@5|FRAMEWORK@Framework@0|14), response = ServiceResponseMessage(sender_id=FRAMEWORK@Framework@0, receiver_id=fastran_000001@constraint_current@5, request_msg_id=REQUEST|fastran_000001@constraint_current@5|FRAMEWORK@Framework@0|14,status=0, args=(None,), message_id=RESPONSE|FRAMEWORK@Framework@0|fastran_000001@constraint_current@5|259)
2026-02-12 12:34:45,521 fastran_pre_constraint_current_5 DEBUG    _invoke_service(): update_state  (['s000001.00001', 'g000001.00001', 'i000001.00001'], '/pscratch/sd/y/yashu_gh/FREDA_KSTAR_2/ips-fastran/examples/far3d/example1/SCAN/work/fastran_pre_constraint_current_5', '/pscratch/sd/y/yashu_gh/FREDA_KSTAR_2/ips-fastran/examples/far3d/example1/SCAN/work/plasma_state')
2026-02-12 12:34:45,522 fastran_pre_constraint_current_5 DEBUG    _get_service_response(REQUEST|fastran_000001@constraint_current@5|FRAMEWORK@Framework@0|15)
2026-02-12 12:34:45,542 fastran_pre_constraint_current_5 DEBUG    _get_service_response(REQUEST|fastran_000001@constraint_current@5|FRAMEWORK@Framework@0|15), response = ServiceResponseMessage(sender_id=FRAMEWORK@Framework@0, receiver_id=fastran_000001@constraint_current@5, request_msg_id=REQUEST|fastran_000001@constraint_current@5|FRAMEWORK@Framework@0|15,status=0, args=(0,), message_id=RESPONSE|FRAMEWORK@Framework@0|fastran_000001@constraint_current@5|260)
2026-02-12 12:34:45,542 fastran_pre_constraint_current_5 DEBUG    _invoke_service(): getTopic  ('_IPS_MONITOR',)
2026-02-12 12:34:45,543 fastran_pre_constraint_current_5 DEBUG    _get_service_response(REQUEST|fastran_000001@constraint_current@5|FRAMEWORK@Framework@0|16)
2026-02-12 12:34:45,553 fastran_pre_constraint_current_5 DEBUG    _get_service_response(REQUEST|fastran_000001@constraint_current@5|FRAMEWORK@Framework@0|16), response = ServiceResponseMessage(sender_id=FRAMEWORK@Framework@0, receiver_id=fastran_000001@constraint_current@5, request_msg_id=REQUEST|fastran_000001@constraint_current@5|FRAMEWORK@Framework@0|16,status=0, args=(<ipsframework.cca_es_spec.Topic object at 0x14e1e9e5b880>,), message_id=RESPONSE|FRAMEWORK@Framework@0|fastran_000001@constraint_current@5|261)
2026-02-12 12:34:45,553 fastran_pre_constraint_current_5 DEBUG    _invoke_service(): sendEvent  ('_IPS_MONITOR', 'PORTAL_EVENT', {'sim_name': 'fastran_000001', 'real_sim_name': 'fastran_000001', 'portal_data': {'code': 'fastran_pre_constraint_current', 'eventtype': 'IPS_UPDATE_STATE', 'ok': True, 'walltime': '32.74', 'time': '2026-02-12|12:34:45PST', 'trace': {'timestamp': 1770928485521726, 'duration': 21127, 'localEndpoint': {'serviceName': 'update_state'}, 'name': "['s000001.00001', 'g000001.00001', 'i000001.00001']", 'id': '7629e189a66153c0', 'parentId': '7a90be15c175bea4', 'tags': {}}, 'state': 'Running', 'comment': 'Elapsed time = 0.021   files = s000001.00001 g000001.00001 i000001.00001 Success'}})
2026-02-12 12:34:45,553 fastran_pre_constraint_current_5 DEBUG    _get_service_response(REQUEST|fastran_000001@constraint_current@5|FRAMEWORK@Framework@0|17)
2026-02-12 12:34:45,564 fastran_pre_constraint_current_5 DEBUG    _get_service_response(REQUEST|fastran_000001@constraint_current@5|FRAMEWORK@Framework@0|17), response = ServiceResponseMessage(sender_id=FRAMEWORK@Framework@0, receiver_id=fastran_000001@constraint_current@5, request_msg_id=REQUEST|fastran_000001@constraint_current@5|FRAMEWORK@Framework@0|17,status=0, args=(None,), message_id=RESPONSE|FRAMEWORK@Framework@0|fastran_000001@constraint_current@5|262)
2026-02-12 12:34:45,564 fastran_pre_constraint_current_5 DEBUG    _invoke_service(): getTopic  ('_IPS_MONITOR',)
2026-02-12 12:34:45,564 fastran_pre_constraint_current_5 DEBUG    _get_service_response(REQUEST|fastran_000001@constraint_current@5|FRAMEWORK@Framework@0|18)
2026-02-12 12:34:45,574 fastran_pre_constraint_current_5 DEBUG    _get_service_response(REQUEST|fastran_000001@constraint_current@5|FRAMEWORK@Framework@0|18), response = ServiceResponseMessage(sender_id=FRAMEWORK@Framework@0, receiver_id=fastran_000001@constraint_current@5, request_msg_id=REQUEST|fastran_000001@constraint_current@5|FRAMEWORK@Framework@0|18,status=0, args=(<ipsframework.cca_es_spec.Topic object at 0x14e1e9e5bb20>,), message_id=RESPONSE|FRAMEWORK@Framework@0|fastran_000001@constraint_current@5|263)
2026-02-12 12:34:45,574 fastran_pre_constraint_current_5 DEBUG    _invoke_service(): sendEvent  ('_IPS_MONITOR', 'PORTAL_EVENT', {'sim_name': 'fastran_000001', 'real_sim_name': 'fastran_000001', 'portal_data': {'code': 'fastran_pre_constraint_current', 'eventtype': 'IPS_STAGE_OUTPUTS', 'ok': True, 'walltime': '32.76', 'time': '2026-02-12|12:34:45PST', 'trace': {'timestamp': 1770928485564137, 'duration': 143, 'localEndpoint': {'serviceName': 'stage_output_files'}, 'name': '[]', 'id': 'ed019efe11be26d9', 'parentId': '7a90be15c175bea4', 'tags': {}}, 'state': 'Running', 'comment': 'Elapsed time = 0.000 Path = /pscratch/sd/y/yashu_gh/FREDA_KSTAR_2/ips-fastran/examples/far3d/example1/SCAN/simulation_results/preprocess_1/components/fastran_pre_constraint_current_5 Files = []'}})
2026-02-12 12:34:45,574 fastran_pre_constraint_current_5 DEBUG    _get_service_response(REQUEST|fastran_000001@constraint_current@5|FRAMEWORK@Framework@0|19)
2026-02-12 12:34:45,585 fastran_pre_constraint_current_5 DEBUG    _get_service_response(REQUEST|fastran_000001@constraint_current@5|FRAMEWORK@Framework@0|19), response = ServiceResponseMessage(sender_id=FRAMEWORK@Framework@0, receiver_id=fastran_000001@constraint_current@5, request_msg_id=REQUEST|fastran_000001@constraint_current@5|FRAMEWORK@Framework@0|19,status=0, args=(None,), message_id=RESPONSE|FRAMEWORK@Framework@0|fastran_000001@constraint_current@5|264)
2026-02-12 12:34:45,596 fastran_driver_fastran_driver_2 DEBUG    _get_service_response(REQUEST|fastran_000001@fastran_driver@2|FRAMEWORK@Framework@0|108), response = ServiceResponseMessage(sender_id=FRAMEWORK@Framework@0, receiver_id=fastran_000001@fastran_driver@2, request_msg_id=REQUEST|fastran_000001@fastran_driver@2|FRAMEWORK@Framework@0|108,status=0, args=((None,),), message_id=RESPONSE|FRAMEWORK@Framework@0|fastran_000001@fastran_driver@2|265)
2026-02-12 12:34:45,596 fastran_driver_fastran_driver_2 DEBUG    _invoke_service(): getTopic  ('_IPS_MONITOR',)
2026-02-12 12:34:45,596 fastran_driver_fastran_driver_2 DEBUG    _get_service_response(REQUEST|fastran_000001@fastran_driver@2|FRAMEWORK@Framework@0|109)
2026-02-12 12:34:45,607 fastran_driver_fastran_driver_2 DEBUG    _get_service_response(REQUEST|fastran_000001@fastran_driver@2|FRAMEWORK@Framework@0|109), response = ServiceResponseMessage(sender_id=FRAMEWORK@Framework@0, receiver_id=fastran_000001@fastran_driver@2, request_msg_id=REQUEST|fastran_000001@fastran_driver@2|FRAMEWORK@Framework@0|109,status=0, args=(<ipsframework.cca_es_spec.Topic object at 0x14e1e9e3adc0>,), message_id=RESPONSE|FRAMEWORK@Framework@0|fastran_000001@fastran_driver@2|266)
2026-02-12 12:34:45,607 fastran_driver_fastran_driver_2 DEBUG    _invoke_service(): sendEvent  ('_IPS_MONITOR', 'PORTAL_EVENT', {'sim_name': 'fastran_000001', 'real_sim_name': 'fastran_000001', 'portal_data': {'code': 'fastran_driver_fastran_driver', 'eventtype': 'IPS_CALL_END', 'ok': True, 'walltime': '32.79', 'time': '2026-02-12|12:34:45PST', 'trace': {'timestamp': 1770928485361340, 'duration': 235175, 'localEndpoint': {'serviceName': 'fastran_000001@constraint_current@5'}, 'name': 'step(preprocess_1)', 'id': '7a90be15c175bea4', 'parentId': '15e0663de819b9fa', 'tags': {}}, 'state': 'Running', 'comment': 'Target = fastran_000001@constraint_current@5:step(preprocess_1)'}})
2026-02-12 12:34:45,607 fastran_driver_fastran_driver_2 DEBUG    _get_service_response(REQUEST|fastran_000001@fastran_driver@2|FRAMEWORK@Framework@0|110)
2026-02-12 12:34:45,618 fastran_driver_fastran_driver_2 DEBUG    _get_service_response(REQUEST|fastran_000001@fastran_driver@2|FRAMEWORK@Framework@0|110), response = ServiceResponseMessage(sender_id=FRAMEWORK@Framework@0, receiver_id=fastran_000001@fastran_driver@2, request_msg_id=REQUEST|fastran_000001@fastran_driver@2|FRAMEWORK@Framework@0|110,status=0, args=(None,), message_id=RESPONSE|FRAMEWORK@Framework@0|fastran_000001@fastran_driver@2|267)
2026-02-12 12:34:45,618 fastran_driver_fastran_driver_2 DEBUG    _invoke_service(): getTopic  ('_IPS_MONITOR',)
2026-02-12 12:34:45,618 fastran_driver_fastran_driver_2 DEBUG    _get_service_response(REQUEST|fastran_000001@fastran_driver@2|FRAMEWORK@Framework@0|111)
2026-02-12 12:34:45,629 fastran_driver_fastran_driver_2 DEBUG    _get_service_response(REQUEST|fastran_000001@fastran_driver@2|FRAMEWORK@Framework@0|111), response = ServiceResponseMessage(sender_id=FRAMEWORK@Framework@0, receiver_id=fastran_000001@fastran_driver@2, request_msg_id=REQUEST|fastran_000001@fastran_driver@2|FRAMEWORK@Framework@0|111,status=0, args=(<ipsframework.cca_es_spec.Topic object at 0x14e1e9e3ad30>,), message_id=RESPONSE|FRAMEWORK@Framework@0|fastran_000001@fastran_driver@2|268)
2026-02-12 12:34:45,629 fastran_driver_fastran_driver_2 DEBUG    _invoke_service(): sendEvent  ('_IPS_MONITOR', 'PORTALBRIDGE_UPDATE_TIMESTAMP', {'sim_name': 'fastran_000001', 'real_sim_name': 'fastran_000001', 'portal_data': {'phystimestamp': 'preprocess_2', 'eventtype': 'PORTALBRIDGE_UPDATE_TIMESTAMP'}})
2026-02-12 12:34:45,629 fastran_driver_fastran_driver_2 DEBUG    _get_service_response(REQUEST|fastran_000001@fastran_driver@2|FRAMEWORK@Framework@0|112)
2026-02-12 12:34:45,640 fastran_driver_fastran_driver_2 DEBUG    _get_service_response(REQUEST|fastran_000001@fastran_driver@2|FRAMEWORK@Framework@0|112), response = ServiceResponseMessage(sender_id=FRAMEWORK@Framework@0, receiver_id=fastran_000001@fastran_driver@2, request_msg_id=REQUEST|fastran_000001@fastran_driver@2|FRAMEWORK@Framework@0|112,status=0, args=(None,), message_id=RESPONSE|FRAMEWORK@Framework@0|fastran_000001@fastran_driver@2|269)
2026-02-12 12:34:45,640 fastran_driver_fastran_driver_2 DEBUG    _invoke_service(): getTopic  ('_IPS_MONITOR',)
2026-02-12 12:34:45,641 fastran_driver_fastran_driver_2 DEBUG    _get_service_response(REQUEST|fastran_000001@fastran_driver@2|FRAMEWORK@Framework@0|113)
2026-02-12 12:34:45,651 fastran_driver_fastran_driver_2 DEBUG    _get_service_response(REQUEST|fastran_000001@fastran_driver@2|FRAMEWORK@Framework@0|113), response = ServiceResponseMessage(sender_id=FRAMEWORK@Framework@0, receiver_id=fastran_000001@fastran_driver@2, request_msg_id=REQUEST|fastran_000001@fastran_driver@2|FRAMEWORK@Framework@0|113,status=0, args=(<ipsframework.cca_es_spec.Topic object at 0x14e1e9e3ac40>,), message_id=RESPONSE|FRAMEWORK@Framework@0|fastran_000001@fastran_driver@2|271)
2026-02-12 12:34:45,652 fastran_driver_fastran_driver_2 DEBUG    _invoke_service(): sendEvent  ('_IPS_MONITOR', 'PORTAL_EVENT', {'sim_name': 'fastran_000001', 'real_sim_name': 'fastran_000001', 'portal_data': {'code': 'fastran_driver_fastran_driver', 'eventtype': 'IPS_UPDATE_TIME_STAMP', 'ok': True, 'walltime': '32.84', 'time': '2026-02-12|12:34:45PST', 'state': 'Running', 'comment': 'Timestamp = preprocess_2'}})
2026-02-12 12:34:45,652 fastran_driver_fastran_driver_2 DEBUG    _get_service_response(REQUEST|fastran_000001@fastran_driver@2|FRAMEWORK@Framework@0|114)
2026-02-12 12:34:45,662 fastran_driver_fastran_driver_2 DEBUG    _get_service_response(REQUEST|fastran_000001@fastran_driver@2|FRAMEWORK@Framework@0|114), response = ServiceResponseMessage(sender_id=FRAMEWORK@Framework@0, receiver_id=fastran_000001@fastran_driver@2, request_msg_id=REQUEST|fastran_000001@fastran_driver@2|FRAMEWORK@Framework@0|114,status=0, args=(None,), message_id=RESPONSE|FRAMEWORK@Framework@0|fastran_000001@fastran_driver@2|272)
2026-02-12 12:34:45,662 fastran_driver_fastran_driver_2 DEBUG    _invoke_service(): getTopic  ('_IPS_MONITOR',)
2026-02-12 12:34:45,663 fastran_driver_fastran_driver_2 DEBUG    _get_service_response(REQUEST|fastran_000001@fastran_driver@2|FRAMEWORK@Framework@0|115)
2026-02-12 12:34:45,673 fastran_driver_fastran_driver_2 DEBUG    _get_service_response(REQUEST|fastran_000001@fastran_driver@2|FRAMEWORK@Framework@0|115), response = ServiceResponseMessage(sender_id=FRAMEWORK@Framework@0, receiver_id=fastran_000001@fastran_driver@2, request_msg_id=REQUEST|fastran_000001@fastran_driver@2|FRAMEWORK@Framework@0|115,status=0, args=(<ipsframework.cca_es_spec.Topic object at 0x14e1e9e3adc0>,), message_id=RESPONSE|FRAMEWORK@Framework@0|fastran_000001@fastran_driver@2|273)
2026-02-12 12:34:45,673 fastran_driver_fastran_driver_2 DEBUG    _invoke_service(): sendEvent  ('_IPS_MONITOR', 'PORTAL_EVENT', {'sim_name': 'fastran_000001', 'real_sim_name': 'fastran_000001', 'portal_data': {'code': 'fastran_driver_fastran_driver', 'eventtype': 'IPS_CALL_BEGIN', 'ok': True, 'walltime': '32.86', 'time': '2026-02-12|12:34:45PST', 'state': 'Running', 'comment': 'Target = fastran_000001@efit@3:step(preprocess_2)'}})
2026-02-12 12:34:45,674 fastran_driver_fastran_driver_2 DEBUG    _get_service_response(REQUEST|fastran_000001@fastran_driver@2|FRAMEWORK@Framework@0|116)
2026-02-12 12:34:45,684 fastran_driver_fastran_driver_2 DEBUG    _get_service_response(REQUEST|fastran_000001@fastran_driver@2|FRAMEWORK@Framework@0|116), response = ServiceResponseMessage(sender_id=FRAMEWORK@Framework@0, receiver_id=fastran_000001@fastran_driver@2, request_msg_id=REQUEST|fastran_000001@fastran_driver@2|FRAMEWORK@Framework@0|116,status=0, args=(None,), message_id=RESPONSE|FRAMEWORK@Framework@0|fastran_000001@fastran_driver@2|274)
2026-02-12 12:34:45,685 fastran_driver_fastran_driver_2 DEBUG    _invoke_service(): init_call  ('step', 'preprocess_2')
2026-02-12 12:34:45,685 fastran_driver_fastran_driver_2 DEBUG    _get_service_response(REQUEST|fastran_000001@fastran_driver@2|FRAMEWORK@Framework@0|117)
2026-02-12 12:34:45,685 fastran_eq0_efit_3 DEBUG    Received Message 
2026-02-12 12:34:45,686 fastran_eq0_efit_3 DEBUG    Calling method step(preprocess_2)
2026-02-12 12:34:45,686 fastran_eq0_efit_3 DEBUG    _invoke_service(): stage_state  (['s000001.00001', 'g000001.00001', 'i000001.00001'], '/pscratch/sd/y/yashu_gh/FREDA_KSTAR_2/ips-fastran/examples/far3d/example1/SCAN/work/plasma_state', '/pscratch/sd/y/yashu_gh/FREDA_KSTAR_2/ips-fastran/examples/far3d/example1/SCAN/work/fastran_eq0_efit_3')
2026-02-12 12:34:45,686 fastran_eq0_efit_3 DEBUG    _get_service_response(REQUEST|fastran_000001@efit@3|FRAMEWORK@Framework@0|22)
2026-02-12 12:34:45,696 fastran_driver_fastran_driver_2 DEBUG    _get_service_response(REQUEST|fastran_000001@fastran_driver@2|FRAMEWORK@Framework@0|117), response = ServiceResponseMessage(sender_id=FRAMEWORK@Framework@0, receiver_id=fastran_000001@fastran_driver@2, request_msg_id=REQUEST|fastran_000001@fastran_driver@2|FRAMEWORK@Framework@0|117,status=0, args=(25,), message_id=RESPONSE|FRAMEWORK@Framework@0|fastran_000001@fastran_driver@2|275)
2026-02-12 12:34:45,696 fastran_driver_fastran_driver_2 DEBUG    _invoke_service(): wait_call  (25, True)
2026-02-12 12:34:45,696 fastran_driver_fastran_driver_2 DEBUG    _get_service_response(REQUEST|fastran_000001@fastran_driver@2|FRAMEWORK@Framework@0|118)
2026-02-12 12:34:45,707 fastran_eq0_efit_3 DEBUG    _get_service_response(REQUEST|fastran_000001@efit@3|FRAMEWORK@Framework@0|22), response = ServiceResponseMessage(sender_id=FRAMEWORK@Framework@0, receiver_id=fastran_000001@efit@3, request_msg_id=REQUEST|fastran_000001@efit@3|FRAMEWORK@Framework@0|22,status=0, args=(0,), message_id=RESPONSE|FRAMEWORK@Framework@0|fastran_000001@efit@3|276)
2026-02-12 12:34:45,708 fastran_eq0_efit_3 DEBUG    _invoke_service(): getTopic  ('_IPS_MONITOR',)
2026-02-12 12:34:45,708 fastran_eq0_efit_3 DEBUG    _get_service_response(REQUEST|fastran_000001@efit@3|FRAMEWORK@Framework@0|23)
2026-02-12 12:34:45,718 fastran_eq0_efit_3 DEBUG    _get_service_response(REQUEST|fastran_000001@efit@3|FRAMEWORK@Framework@0|23), response = ServiceResponseMessage(sender_id=FRAMEWORK@Framework@0, receiver_id=fastran_000001@efit@3, request_msg_id=REQUEST|fastran_000001@efit@3|FRAMEWORK@Framework@0|23,status=0, args=(<ipsframework.cca_es_spec.Topic object at 0x14e1e9e455e0>,), message_id=RESPONSE|FRAMEWORK@Framework@0|fastran_000001@efit@3|277)
2026-02-12 12:34:45,718 fastran_eq0_efit_3 DEBUG    _invoke_service(): sendEvent  ('_IPS_MONITOR', 'PORTAL_EVENT', {'sim_name': 'fastran_000001', 'real_sim_name': 'fastran_000001', 'portal_data': {'code': 'fastran_eq0_efit', 'eventtype': 'IPS_STAGE_STATE', 'ok': True, 'walltime': '32.91', 'time': '2026-02-12|12:34:45PST', 'trace': {'timestamp': 1770928485686202, 'duration': 21824, 'localEndpoint': {'serviceName': 'stage_state'}, 'name': "['s000001.00001', 'g000001.00001', 'i000001.00001']", 'id': '71885aecf25d7412', 'parentId': '9cb1d8ad0d953ee3', 'tags': {}}, 'state': 'Running', 'comment': 'Elapsed time = 0.022  files = s000001.00001 g000001.00001 i000001.00001 Success'}})
2026-02-12 12:34:45,718 fastran_eq0_efit_3 DEBUG    _get_service_response(REQUEST|fastran_000001@efit@3|FRAMEWORK@Framework@0|24)
2026-02-12 12:34:45,729 fastran_eq0_efit_3 DEBUG    _get_service_response(REQUEST|fastran_000001@efit@3|FRAMEWORK@Framework@0|24), response = ServiceResponseMessage(sender_id=FRAMEWORK@Framework@0, receiver_id=fastran_000001@efit@3, request_msg_id=REQUEST|fastran_000001@efit@3|FRAMEWORK@Framework@0|24,status=0, args=(None,), message_id=RESPONSE|FRAMEWORK@Framework@0|fastran_000001@efit@3|278)
2026-02-12 12:34:48,091 fastran_eq0_efit_3 DEBUG    _invoke_service(): update_state  (['s000001.00001', 'g000001.00001', 'i000001.00001'], '/pscratch/sd/y/yashu_gh/FREDA_KSTAR_2/ips-fastran/examples/far3d/example1/SCAN/work/fastran_eq0_efit_3', '/pscratch/sd/y/yashu_gh/FREDA_KSTAR_2/ips-fastran/examples/far3d/example1/SCAN/work/plasma_state')
2026-02-12 12:34:48,091 fastran_eq0_efit_3 DEBUG    _get_service_response(REQUEST|fastran_000001@efit@3|FRAMEWORK@Framework@0|25)
2026-02-12 12:34:48,112 fastran_eq0_efit_3 DEBUG    _get_service_response(REQUEST|fastran_000001@efit@3|FRAMEWORK@Framework@0|25), response = ServiceResponseMessage(sender_id=FRAMEWORK@Framework@0, receiver_id=fastran_000001@efit@3, request_msg_id=REQUEST|fastran_000001@efit@3|FRAMEWORK@Framework@0|25,status=0, args=(0,), message_id=RESPONSE|FRAMEWORK@Framework@0|fastran_000001@efit@3|283)
2026-02-12 12:34:48,112 fastran_eq0_efit_3 DEBUG    _invoke_service(): getTopic  ('_IPS_MONITOR',)
2026-02-12 12:34:48,112 fastran_eq0_efit_3 DEBUG    _get_service_response(REQUEST|fastran_000001@efit@3|FRAMEWORK@Framework@0|26)
2026-02-12 12:34:48,123 fastran_eq0_efit_3 DEBUG    _get_service_response(REQUEST|fastran_000001@efit@3|FRAMEWORK@Framework@0|26), response = ServiceResponseMessage(sender_id=FRAMEWORK@Framework@0, receiver_id=fastran_000001@efit@3, request_msg_id=REQUEST|fastran_000001@efit@3|FRAMEWORK@Framework@0|26,status=0, args=(<ipsframework.cca_es_spec.Topic object at 0x14e1e1e0c370>,), message_id=RESPONSE|FRAMEWORK@Framework@0|fastran_000001@efit@3|284)
2026-02-12 12:34:48,123 fastran_eq0_efit_3 DEBUG    _invoke_service(): sendEvent  ('_IPS_MONITOR', 'PORTAL_EVENT', {'sim_name': 'fastran_000001', 'real_sim_name': 'fastran_000001', 'portal_data': {'code': 'fastran_eq0_efit', 'eventtype': 'IPS_UPDATE_STATE', 'ok': True, 'walltime': '35.31', 'time': '2026-02-12|12:34:48PST', 'trace': {'timestamp': 1770928488090627, 'duration': 21688, 'localEndpoint': {'serviceName': 'update_state'}, 'name': "['s000001.00001', 'g000001.00001', 'i000001.00001']", 'id': '7629e189a66153c0', 'parentId': '9cb1d8ad0d953ee3', 'tags': {}}, 'state': 'Running', 'comment': 'Elapsed time = 0.022   files = s000001.00001 g000001.00001 i000001.00001 Success'}})
2026-02-12 12:34:48,123 fastran_eq0_efit_3 DEBUG    _get_service_response(REQUEST|fastran_000001@efit@3|FRAMEWORK@Framework@0|27)
2026-02-12 12:34:48,133 fastran_eq0_efit_3 DEBUG    _get_service_response(REQUEST|fastran_000001@efit@3|FRAMEWORK@Framework@0|27), response = ServiceResponseMessage(sender_id=FRAMEWORK@Framework@0, receiver_id=fastran_000001@efit@3, request_msg_id=REQUEST|fastran_000001@efit@3|FRAMEWORK@Framework@0|27,status=0, args=(None,), message_id=RESPONSE|FRAMEWORK@Framework@0|fastran_000001@efit@3|285)
2026-02-12 12:34:48,154 fastran_eq0_efit_3 DEBUG    _invoke_service(): getTopic  ('_IPS_MONITOR',)
2026-02-12 12:34:48,155 fastran_eq0_efit_3 DEBUG    _get_service_response(REQUEST|fastran_000001@efit@3|FRAMEWORK@Framework@0|28)
2026-02-12 12:34:48,165 fastran_eq0_efit_3 DEBUG    _get_service_response(REQUEST|fastran_000001@efit@3|FRAMEWORK@Framework@0|28), response = ServiceResponseMessage(sender_id=FRAMEWORK@Framework@0, receiver_id=fastran_000001@efit@3, request_msg_id=REQUEST|fastran_000001@efit@3|FRAMEWORK@Framework@0|28,status=0, args=(<ipsframework.cca_es_spec.Topic object at 0x14e1e1e0c8b0>,), message_id=RESPONSE|FRAMEWORK@Framework@0|fastran_000001@efit@3|286)
2026-02-12 12:34:48,165 fastran_eq0_efit_3 DEBUG    _invoke_service(): sendEvent  ('_IPS_MONITOR', 'PORTAL_EVENT', {'sim_name': 'fastran_000001', 'real_sim_name': 'fastran_000001', 'portal_data': {'code': 'fastran_eq0_efit', 'eventtype': 'IPS_STAGE_OUTPUTS', 'ok': True, 'walltime': '35.35', 'time': '2026-02-12|12:34:48PST', 'trace': {'timestamp': 1770928488133839, 'duration': 21111, 'localEndpoint': {'serviceName': 'stage_output_files'}, 'name': "['g*.*', 'a*.*', 'm*.*', 'k*.*', 'efit.log']", 'id': '7f2cccfefec01030', 'parentId': '9cb1d8ad0d953ee3', 'tags': {}}, 'state': 'Running', 'comment': "Elapsed time = 0.021 Path = /pscratch/sd/y/yashu_gh/FREDA_KSTAR_2/ips-fastran/examples/far3d/example1/SCAN/simulation_results/preprocess_2/components/fastran_eq0_efit_3 Files = ['g*.*', 'a*.*', 'm*.*', 'k*.*', 'efit.log']"}})
2026-02-12 12:34:48,165 fastran_eq0_efit_3 DEBUG    _get_service_response(REQUEST|fastran_000001@efit@3|FRAMEWORK@Framework@0|29)
2026-02-12 12:34:48,176 fastran_eq0_efit_3 DEBUG    _get_service_response(REQUEST|fastran_000001@efit@3|FRAMEWORK@Framework@0|29), response = ServiceResponseMessage(sender_id=FRAMEWORK@Framework@0, receiver_id=fastran_000001@efit@3, request_msg_id=REQUEST|fastran_000001@efit@3|FRAMEWORK@Framework@0|29,status=0, args=(None,), message_id=RESPONSE|FRAMEWORK@Framework@0|fastran_000001@efit@3|287)
2026-02-12 12:34:48,188 fastran_driver_fastran_driver_2 DEBUG    _get_service_response(REQUEST|fastran_000001@fastran_driver@2|FRAMEWORK@Framework@0|118), response = ServiceResponseMessage(sender_id=FRAMEWORK@Framework@0, receiver_id=fastran_000001@fastran_driver@2, request_msg_id=REQUEST|fastran_000001@fastran_driver@2|FRAMEWORK@Framework@0|118,status=0, args=((None,),), message_id=RESPONSE|FRAMEWORK@Framework@0|fastran_000001@fastran_driver@2|288)
2026-02-12 12:34:48,188 fastran_driver_fastran_driver_2 DEBUG    _invoke_service(): getTopic  ('_IPS_MONITOR',)
2026-02-12 12:34:48,188 fastran_driver_fastran_driver_2 DEBUG    _get_service_response(REQUEST|fastran_000001@fastran_driver@2|FRAMEWORK@Framework@0|119)
2026-02-12 12:34:48,199 fastran_driver_fastran_driver_2 DEBUG    _get_service_response(REQUEST|fastran_000001@fastran_driver@2|FRAMEWORK@Framework@0|119), response = ServiceResponseMessage(sender_id=FRAMEWORK@Framework@0, receiver_id=fastran_000001@fastran_driver@2, request_msg_id=REQUEST|fastran_000001@fastran_driver@2|FRAMEWORK@Framework@0|119,status=0, args=(<ipsframework.cca_es_spec.Topic object at 0x14e1e9e3ac40>,), message_id=RESPONSE|FRAMEWORK@Framework@0|fastran_000001@fastran_driver@2|289)
2026-02-12 12:34:48,199 fastran_driver_fastran_driver_2 DEBUG    _invoke_service(): sendEvent  ('_IPS_MONITOR', 'PORTAL_EVENT', {'sim_name': 'fastran_000001', 'real_sim_name': 'fastran_000001', 'portal_data': {'code': 'fastran_driver_fastran_driver', 'eventtype': 'IPS_CALL_END', 'ok': True, 'walltime': '35.39', 'time': '2026-02-12|12:34:48PST', 'trace': {'timestamp': 1770928485696094, 'duration': 2492299, 'localEndpoint': {'serviceName': 'fastran_000001@efit@3'}, 'name': 'step(preprocess_2)', 'id': '9cb1d8ad0d953ee3', 'parentId': '15e0663de819b9fa', 'tags': {}}, 'state': 'Running', 'comment': 'Target = fastran_000001@efit@3:step(preprocess_2)'}})
2026-02-12 12:34:48,199 fastran_driver_fastran_driver_2 DEBUG    _get_service_response(REQUEST|fastran_000001@fastran_driver@2|FRAMEWORK@Framework@0|120)
2026-02-12 12:34:48,209 fastran_driver_fastran_driver_2 DEBUG    _get_service_response(REQUEST|fastran_000001@fastran_driver@2|FRAMEWORK@Framework@0|120), response = ServiceResponseMessage(sender_id=FRAMEWORK@Framework@0, receiver_id=fastran_000001@fastran_driver@2, request_msg_id=REQUEST|fastran_000001@fastran_driver@2|FRAMEWORK@Framework@0|120,status=0, args=(None,), message_id=RESPONSE|FRAMEWORK@Framework@0|fastran_000001@fastran_driver@2|291)
2026-02-12 12:34:48,210 fastran_driver_fastran_driver_2 DEBUG    _invoke_service(): getTopic  ('_IPS_MONITOR',)
2026-02-12 12:34:48,210 fastran_driver_fastran_driver_2 DEBUG    _get_service_response(REQUEST|fastran_000001@fastran_driver@2|FRAMEWORK@Framework@0|121)
2026-02-12 12:34:48,220 fastran_driver_fastran_driver_2 DEBUG    _get_service_response(REQUEST|fastran_000001@fastran_driver@2|FRAMEWORK@Framework@0|121), response = ServiceResponseMessage(sender_id=FRAMEWORK@Framework@0, receiver_id=fastran_000001@fastran_driver@2, request_msg_id=REQUEST|fastran_000001@fastran_driver@2|FRAMEWORK@Framework@0|121,status=0, args=(<ipsframework.cca_es_spec.Topic object at 0x14e1e9e3ad30>,), message_id=RESPONSE|FRAMEWORK@Framework@0|fastran_000001@fastran_driver@2|292)
2026-02-12 12:34:48,220 fastran_driver_fastran_driver_2 DEBUG    _invoke_service(): sendEvent  ('_IPS_MONITOR', 'PORTAL_EVENT', {'sim_name': 'fastran_000001', 'real_sim_name': 'fastran_000001', 'portal_data': {'code': 'fastran_driver_fastran_driver', 'eventtype': 'IPS_CALL_BEGIN', 'ok': True, 'walltime': '35.41', 'time': '2026-02-12|12:34:48PST', 'state': 'Running', 'comment': 'Target = fastran_000001@fastran@4:step(preprocess_2)'}})
2026-02-12 12:34:48,220 fastran_driver_fastran_driver_2 DEBUG    _get_service_response(REQUEST|fastran_000001@fastran_driver@2|FRAMEWORK@Framework@0|122)
2026-02-12 12:34:48,231 fastran_driver_fastran_driver_2 DEBUG    _get_service_response(REQUEST|fastran_000001@fastran_driver@2|FRAMEWORK@Framework@0|122), response = ServiceResponseMessage(sender_id=FRAMEWORK@Framework@0, receiver_id=fastran_000001@fastran_driver@2, request_msg_id=REQUEST|fastran_000001@fastran_driver@2|FRAMEWORK@Framework@0|122,status=0, args=(None,), message_id=RESPONSE|FRAMEWORK@Framework@0|fastran_000001@fastran_driver@2|293)
2026-02-12 12:34:48,231 fastran_driver_fastran_driver_2 DEBUG    _invoke_service(): init_call  ('step', 'preprocess_2')
2026-02-12 12:34:48,231 fastran_driver_fastran_driver_2 DEBUG    _get_service_response(REQUEST|fastran_000001@fastran_driver@2|FRAMEWORK@Framework@0|123)
2026-02-12 12:34:48,232 fastran_tr0_fastran_4 DEBUG    Received Message 
2026-02-12 12:34:48,232 fastran_tr0_fastran_4 DEBUG    Calling method step(preprocess_2)
2026-02-12 12:34:48,232 fastran_tr0_fastran_4 DEBUG    _invoke_service(): stage_state  (['s000001.00001', 'g000001.00001', 'i000001.00001'], '/pscratch/sd/y/yashu_gh/FREDA_KSTAR_2/ips-fastran/examples/far3d/example1/SCAN/work/plasma_state', '/pscratch/sd/y/yashu_gh/FREDA_KSTAR_2/ips-fastran/examples/far3d/example1/SCAN/work/fastran_tr0_fastran_4')
2026-02-12 12:34:48,232 fastran_tr0_fastran_4 DEBUG    _get_service_response(REQUEST|fastran_000001@fastran@4|FRAMEWORK@Framework@0|32)
2026-02-12 12:34:48,242 fastran_driver_fastran_driver_2 DEBUG    _get_service_response(REQUEST|fastran_000001@fastran_driver@2|FRAMEWORK@Framework@0|123), response = ServiceResponseMessage(sender_id=FRAMEWORK@Framework@0, receiver_id=fastran_000001@fastran_driver@2, request_msg_id=REQUEST|fastran_000001@fastran_driver@2|FRAMEWORK@Framework@0|123,status=0, args=(26,), message_id=RESPONSE|FRAMEWORK@Framework@0|fastran_000001@fastran_driver@2|294)
2026-02-12 12:34:48,242 fastran_driver_fastran_driver_2 DEBUG    _invoke_service(): wait_call  (26, True)
2026-02-12 12:34:48,242 fastran_driver_fastran_driver_2 DEBUG    _get_service_response(REQUEST|fastran_000001@fastran_driver@2|FRAMEWORK@Framework@0|124)
2026-02-12 12:34:48,255 fastran_tr0_fastran_4 DEBUG    _get_service_response(REQUEST|fastran_000001@fastran@4|FRAMEWORK@Framework@0|32), response = ServiceResponseMessage(sender_id=FRAMEWORK@Framework@0, receiver_id=fastran_000001@fastran@4, request_msg_id=REQUEST|fastran_000001@fastran@4|FRAMEWORK@Framework@0|32,status=0, args=(0,), message_id=RESPONSE|FRAMEWORK@Framework@0|fastran_000001@fastran@4|295)
2026-02-12 12:34:48,255 fastran_tr0_fastran_4 DEBUG    _invoke_service(): getTopic  ('_IPS_MONITOR',)
2026-02-12 12:34:48,255 fastran_tr0_fastran_4 DEBUG    _get_service_response(REQUEST|fastran_000001@fastran@4|FRAMEWORK@Framework@0|33)
2026-02-12 12:34:48,265 fastran_tr0_fastran_4 DEBUG    _get_service_response(REQUEST|fastran_000001@fastran@4|FRAMEWORK@Framework@0|33), response = ServiceResponseMessage(sender_id=FRAMEWORK@Framework@0, receiver_id=fastran_000001@fastran@4, request_msg_id=REQUEST|fastran_000001@fastran@4|FRAMEWORK@Framework@0|33,status=0, args=(<ipsframework.cca_es_spec.Topic object at 0x14e1e9e648e0>,), message_id=RESPONSE|FRAMEWORK@Framework@0|fastran_000001@fastran@4|296)
2026-02-12 12:34:48,265 fastran_tr0_fastran_4 DEBUG    _invoke_service(): sendEvent  ('_IPS_MONITOR', 'PORTAL_EVENT', {'sim_name': 'fastran_000001', 'real_sim_name': 'fastran_000001', 'portal_data': {'code': 'fastran_tr0_fastran', 'eventtype': 'IPS_STAGE_STATE', 'ok': True, 'walltime': '35.45', 'time': '2026-02-12|12:34:48PST', 'trace': {'timestamp': 1770928488232583, 'duration': 22605, 'localEndpoint': {'serviceName': 'stage_state'}, 'name': "['s000001.00001', 'g000001.00001', 'i000001.00001']", 'id': '71885aecf25d7412', 'parentId': '14763cc9e6b7d148', 'tags': {}}, 'state': 'Running', 'comment': 'Elapsed time = 0.023  files = s000001.00001 g000001.00001 i000001.00001 Success'}})
2026-02-12 12:34:48,265 fastran_tr0_fastran_4 DEBUG    _get_service_response(REQUEST|fastran_000001@fastran@4|FRAMEWORK@Framework@0|34)
2026-02-12 12:34:48,276 fastran_tr0_fastran_4 DEBUG    _get_service_response(REQUEST|fastran_000001@fastran@4|FRAMEWORK@Framework@0|34), response = ServiceResponseMessage(sender_id=FRAMEWORK@Framework@0, receiver_id=fastran_000001@fastran@4, request_msg_id=REQUEST|fastran_000001@fastran@4|FRAMEWORK@Framework@0|34,status=0, args=(None,), message_id=RESPONSE|FRAMEWORK@Framework@0|fastran_000001@fastran@4|297)
2026-02-12 12:34:48,288 fastran_tr0_fastran_4 DEBUG    _invoke_service(): getTopic  ('_IPS_MONITOR',)
2026-02-12 12:34:48,288 fastran_tr0_fastran_4 DEBUG    _get_service_response(REQUEST|fastran_000001@fastran@4|FRAMEWORK@Framework@0|35)
2026-02-12 12:34:48,298 fastran_tr0_fastran_4 DEBUG    _get_service_response(REQUEST|fastran_000001@fastran@4|FRAMEWORK@Framework@0|35), response = ServiceResponseMessage(sender_id=FRAMEWORK@Framework@0, receiver_id=fastran_000001@fastran@4, request_msg_id=REQUEST|fastran_000001@fastran@4|FRAMEWORK@Framework@0|35,status=0, args=(<ipsframework.cca_es_spec.Topic object at 0x14e1e9e64a00>,), message_id=RESPONSE|FRAMEWORK@Framework@0|fastran_000001@fastran@4|298)
2026-02-12 12:34:48,299 fastran_tr0_fastran_4 DEBUG    _invoke_service(): sendEvent  ('_IPS_MONITOR', 'PORTAL_EVENT', {'sim_name': 'fastran_000001', 'real_sim_name': 'fastran_000001', 'portal_data': {'code': 'fastran_tr0_fastran', 'eventtype': 'IPS_STAGE_INPUTS', 'ok': True, 'walltime': '35.49', 'time': '2026-02-12|12:34:48PST', 'trace': {'timestamp': 1770928488276947, 'duration': 11489, 'localEndpoint': {'serviceName': 'stage_input_files'}, 'name': 'infastran0 intglf', 'id': 'dca1af508bf5af99', 'parentId': '14763cc9e6b7d148', 'tags': {}}, 'state': 'Running', 'comment': 'Elapsed time = 0.011 Path = /pscratch/sd/y/yashu_gh/FREDA_KSTAR_2/ips-fastran/examples/far3d/example1/input Files = infastran0 intglf'}})
2026-02-12 12:34:48,299 fastran_tr0_fastran_4 DEBUG    _get_service_response(REQUEST|fastran_000001@fastran@4|FRAMEWORK@Framework@0|36)
2026-02-12 12:34:48,309 fastran_tr0_fastran_4 DEBUG    _get_service_response(REQUEST|fastran_000001@fastran@4|FRAMEWORK@Framework@0|36), response = ServiceResponseMessage(sender_id=FRAMEWORK@Framework@0, receiver_id=fastran_000001@fastran@4, request_msg_id=REQUEST|fastran_000001@fastran@4|FRAMEWORK@Framework@0|36,status=0, args=(None,), message_id=RESPONSE|FRAMEWORK@Framework@0|fastran_000001@fastran@4|299)
2026-02-12 12:34:48,433 fastran_tr0_fastran_4 DEBUG    _invoke_service(): init_task  (TaskInit(nproc=1, binary='/global/common/software/atom/perlmutter/binaries/fastran/default/xfastran_ver1.00_ser', working_dir='/pscratch/sd/y/yashu_gh/FREDA_KSTAR_2/ips-fastran/examples/far3d/example1/SCAN/work/fastran_tr0_fastran_4', tppn=0, tcpp=0, tgpp=0, block=True, omp=False, wnodes=True, wsocks=True, cmd_args=('1', '1')),)
2026-02-12 12:34:48,433 fastran_tr0_fastran_4 DEBUG    _get_service_response(REQUEST|fastran_000001@fastran@4|FRAMEWORK@Framework@0|37)
2026-02-12 12:34:48,444 fastran_tr0_fastran_4 DEBUG    _get_service_response(REQUEST|fastran_000001@fastran@4|FRAMEWORK@Framework@0|37), response = ServiceResponseMessage(sender_id=FRAMEWORK@Framework@0, receiver_id=fastran_000001@fastran@4, request_msg_id=REQUEST|fastran_000001@fastran@4|FRAMEWORK@Framework@0|37,status=0, args=((4, 'srun -N 1 -n 1 -c 128 --threads-per-core=1 --cpu-bind=cores /global/common/software/atom/perlmutter/binaries/fastran/default/xfastran_ver1.00_ser 1 1', None, 128),), message_id=RESPONSE|FRAMEWORK@Framework@0|fastran_000001@fastran@4|300)
2026-02-12 12:34:48,445 fastran_tr0_fastran_4 DEBUG    Launching command : srun -N 1 -n 1 -c 128 --threads-per-core=1 --cpu-bind=cores /global/common/software/atom/perlmutter/binaries/fastran/default/xfastran_ver1.00_ser 1 1
2026-02-12 12:34:48,459 fastran_tr0_fastran_4 DEBUG    _invoke_service(): getTopic  ('_IPS_MONITOR',)
2026-02-12 12:34:48,460 fastran_tr0_fastran_4 DEBUG    _get_service_response(REQUEST|fastran_000001@fastran@4|FRAMEWORK@Framework@0|38)
2026-02-12 12:34:48,470 fastran_tr0_fastran_4 DEBUG    _get_service_response(REQUEST|fastran_000001@fastran@4|FRAMEWORK@Framework@0|38), response = ServiceResponseMessage(sender_id=FRAMEWORK@Framework@0, receiver_id=fastran_000001@fastran@4, request_msg_id=REQUEST|fastran_000001@fastran@4|FRAMEWORK@Framework@0|38,status=0, args=(<ipsframework.cca_es_spec.Topic object at 0x14e1e9e64d30>,), message_id=RESPONSE|FRAMEWORK@Framework@0|fastran_000001@fastran@4|301)
2026-02-12 12:34:48,471 fastran_tr0_fastran_4 DEBUG    _invoke_service(): sendEvent  ('_IPS_MONITOR', 'PORTAL_EVENT', {'sim_name': 'fastran_000001', 'real_sim_name': 'fastran_000001', 'portal_data': {'code': 'fastran_tr0_fastran', 'eventtype': 'IPS_LAUNCH_TASK', 'ok': True, 'walltime': '35.66', 'time': '2026-02-12|12:34:48PST', 'state': 'Running', 'comment': 'task_id = 4 , Tag = None , nproc = 1 , Target = srun -N 1 -n 1 -c 128 --threads-per-core=1 --cpu-bind=cores /global/common/software/atom/perlmutter/binaries/fastran/default/xfastran_ver1.00_ser 1 1'}})
2026-02-12 12:34:48,471 fastran_tr0_fastran_4 DEBUG    _get_service_response(REQUEST|fastran_000001@fastran@4|FRAMEWORK@Framework@0|39)
2026-02-12 12:34:48,481 fastran_tr0_fastran_4 DEBUG    _get_service_response(REQUEST|fastran_000001@fastran@4|FRAMEWORK@Framework@0|39), response = ServiceResponseMessage(sender_id=FRAMEWORK@Framework@0, receiver_id=fastran_000001@fastran@4, request_msg_id=REQUEST|fastran_000001@fastran@4|FRAMEWORK@Framework@0|39,status=0, args=(None,), message_id=RESPONSE|FRAMEWORK@Framework@0|fastran_000001@fastran@4|302)
2026-02-12 12:34:48,856 fastran_tr0_fastran_4 DEBUG    _invoke_service(): getTopic  ('_IPS_MONITOR',)
2026-02-12 12:34:48,856 fastran_tr0_fastran_4 DEBUG    _get_service_response(REQUEST|fastran_000001@fastran@4|FRAMEWORK@Framework@0|40)
2026-02-12 12:34:48,867 fastran_tr0_fastran_4 DEBUG    _get_service_response(REQUEST|fastran_000001@fastran@4|FRAMEWORK@Framework@0|40), response = ServiceResponseMessage(sender_id=FRAMEWORK@Framework@0, receiver_id=fastran_000001@fastran@4, request_msg_id=REQUEST|fastran_000001@fastran@4|FRAMEWORK@Framework@0|40,status=0, args=(<ipsframework.cca_es_spec.Topic object at 0x14e1e9e64730>,), message_id=RESPONSE|FRAMEWORK@Framework@0|fastran_000001@fastran@4|304)
2026-02-12 12:34:48,867 fastran_tr0_fastran_4 DEBUG    _invoke_service(): sendEvent  ('_IPS_MONITOR', 'PORTAL_EVENT', {'sim_name': 'fastran_000001', 'real_sim_name': 'fastran_000001', 'portal_data': {'code': 'fastran_tr0_fastran', 'eventtype': 'IPS_TASK_END', 'ok': True, 'walltime': '36.05', 'time': '2026-02-12|12:34:48PST', 'trace': {'timestamp': 1770928488459566, 'duration': 396603, 'localEndpoint': {'serviceName': '/global/common/software/atom/perlmutter/binaries/fastran/default/xfastran_ver1.00_ser'}, 'name': '1 1', 'id': '48194739040fa275', 'parentId': '14763cc9e6b7d148', 'tags': {'procs_requested': '1', 'cores_allocated': '128'}}, 'state': 'Running', 'comment': 'task_id = 4  elapsed time = 0.40 S'}})
2026-02-12 12:34:48,867 fastran_tr0_fastran_4 DEBUG    _get_service_response(REQUEST|fastran_000001@fastran@4|FRAMEWORK@Framework@0|41)
2026-02-12 12:34:48,878 fastran_tr0_fastran_4 DEBUG    _get_service_response(REQUEST|fastran_000001@fastran@4|FRAMEWORK@Framework@0|41), response = ServiceResponseMessage(sender_id=FRAMEWORK@Framework@0, receiver_id=fastran_000001@fastran@4, request_msg_id=REQUEST|fastran_000001@fastran@4|FRAMEWORK@Framework@0|41,status=0, args=(None,), message_id=RESPONSE|FRAMEWORK@Framework@0|fastran_000001@fastran@4|305)
2026-02-12 12:34:48,878 fastran_tr0_fastran_4 DEBUG    _invoke_service(): finish_task  (4, 0)
2026-02-12 12:34:48,878 fastran_tr0_fastran_4 DEBUG    _get_service_response(REQUEST|fastran_000001@fastran@4|FRAMEWORK@Framework@0|42)
2026-02-12 12:34:48,889 fastran_tr0_fastran_4 DEBUG    _get_service_response(REQUEST|fastran_000001@fastran@4|FRAMEWORK@Framework@0|42), response = ServiceResponseMessage(sender_id=FRAMEWORK@Framework@0, receiver_id=fastran_000001@fastran@4, request_msg_id=REQUEST|fastran_000001@fastran@4|FRAMEWORK@Framework@0|42,status=0, args=(0,), message_id=RESPONSE|FRAMEWORK@Framework@0|fastran_000001@fastran@4|306)
2026-02-12 12:34:49,049 fastran_tr0_fastran_4 DEBUG    _invoke_service(): update_state  (['s000001.00001', 'g000001.00001', 'i000001.00001'], '/pscratch/sd/y/yashu_gh/FREDA_KSTAR_2/ips-fastran/examples/far3d/example1/SCAN/work/fastran_tr0_fastran_4', '/pscratch/sd/y/yashu_gh/FREDA_KSTAR_2/ips-fastran/examples/far3d/example1/SCAN/work/plasma_state')
2026-02-12 12:34:49,050 fastran_tr0_fastran_4 DEBUG    _get_service_response(REQUEST|fastran_000001@fastran@4|FRAMEWORK@Framework@0|43)
2026-02-12 12:34:49,070 fastran_tr0_fastran_4 DEBUG    _get_service_response(REQUEST|fastran_000001@fastran@4|FRAMEWORK@Framework@0|43), response = ServiceResponseMessage(sender_id=FRAMEWORK@Framework@0, receiver_id=fastran_000001@fastran@4, request_msg_id=REQUEST|fastran_000001@fastran@4|FRAMEWORK@Framework@0|43,status=0, args=(0,), message_id=RESPONSE|FRAMEWORK@Framework@0|fastran_000001@fastran@4|307)
2026-02-12 12:34:49,070 fastran_tr0_fastran_4 DEBUG    _invoke_service(): getTopic  ('_IPS_MONITOR',)
2026-02-12 12:34:49,070 fastran_tr0_fastran_4 DEBUG    _get_service_response(REQUEST|fastran_000001@fastran@4|FRAMEWORK@Framework@0|44)
2026-02-12 12:34:49,081 fastran_tr0_fastran_4 DEBUG    _get_service_response(REQUEST|fastran_000001@fastran@4|FRAMEWORK@Framework@0|44), response = ServiceResponseMessage(sender_id=FRAMEWORK@Framework@0, receiver_id=fastran_000001@fastran@4, request_msg_id=REQUEST|fastran_000001@fastran@4|FRAMEWORK@Framework@0|44,status=0, args=(<ipsframework.cca_es_spec.Topic object at 0x14e1e9e643a0>,), message_id=RESPONSE|FRAMEWORK@Framework@0|fastran_000001@fastran@4|308)
2026-02-12 12:34:49,081 fastran_tr0_fastran_4 DEBUG    _invoke_service(): sendEvent  ('_IPS_MONITOR', 'PORTAL_EVENT', {'sim_name': 'fastran_000001', 'real_sim_name': 'fastran_000001', 'portal_data': {'code': 'fastran_tr0_fastran', 'eventtype': 'IPS_UPDATE_STATE', 'ok': True, 'walltime': '36.27', 'time': '2026-02-12|12:34:49PST', 'trace': {'timestamp': 1770928489049882, 'duration': 20678, 'localEndpoint': {'serviceName': 'update_state'}, 'name': "['s000001.00001', 'g000001.00001', 'i000001.00001']", 'id': '7629e189a66153c0', 'parentId': '14763cc9e6b7d148', 'tags': {}}, 'state': 'Running', 'comment': 'Elapsed time = 0.021   files = s000001.00001 g000001.00001 i000001.00001 Success'}})
2026-02-12 12:34:49,081 fastran_tr0_fastran_4 DEBUG    _get_service_response(REQUEST|fastran_000001@fastran@4|FRAMEWORK@Framework@0|45)
2026-02-12 12:34:49,092 fastran_tr0_fastran_4 DEBUG    _get_service_response(REQUEST|fastran_000001@fastran@4|FRAMEWORK@Framework@0|45), response = ServiceResponseMessage(sender_id=FRAMEWORK@Framework@0, receiver_id=fastran_000001@fastran@4, request_msg_id=REQUEST|fastran_000001@fastran@4|FRAMEWORK@Framework@0|45,status=0, args=(None,), message_id=RESPONSE|FRAMEWORK@Framework@0|fastran_000001@fastran@4|309)
2026-02-12 12:34:49,113 fastran_tr0_fastran_4 DEBUG    _invoke_service(): getTopic  ('_IPS_MONITOR',)
2026-02-12 12:34:49,113 fastran_tr0_fastran_4 DEBUG    _get_service_response(REQUEST|fastran_000001@fastran@4|FRAMEWORK@Framework@0|46)
2026-02-12 12:34:49,123 fastran_tr0_fastran_4 DEBUG    _get_service_response(REQUEST|fastran_000001@fastran@4|FRAMEWORK@Framework@0|46), response = ServiceResponseMessage(sender_id=FRAMEWORK@Framework@0, receiver_id=fastran_000001@fastran@4, request_msg_id=REQUEST|fastran_000001@fastran@4|FRAMEWORK@Framework@0|46,status=0, args=(<ipsframework.cca_es_spec.Topic object at 0x14e1e9e641f0>,), message_id=RESPONSE|FRAMEWORK@Framework@0|fastran_000001@fastran@4|310)
2026-02-12 12:34:49,123 fastran_tr0_fastran_4 DEBUG    _invoke_service(): sendEvent  ('_IPS_MONITOR', 'PORTAL_EVENT', {'sim_name': 'fastran_000001', 'real_sim_name': 'fastran_000001', 'portal_data': {'code': 'fastran_tr0_fastran', 'eventtype': 'IPS_STAGE_OUTPUTS', 'ok': True, 'walltime': '36.31', 'time': '2026-02-12|12:34:49PST', 'trace': {'timestamp': 1770928489092093, 'duration': 21185, 'localEndpoint': {'serviceName': 'stage_output_files'}, 'name': "['fastran.nc', 'inprof', 'inmetric', 'infastran', 'intglf', 'xfastran.log', 'i000001.00001']", 'id': '7349cfaaafc33980', 'parentId': '14763cc9e6b7d148', 'tags': {}}, 'state': 'Running', 'comment': "Elapsed time = 0.021 Path = /pscratch/sd/y/yashu_gh/FREDA_KSTAR_2/ips-fastran/examples/far3d/example1/SCAN/simulation_results/preprocess_2/components/fastran_tr0_fastran_4 Files = ['fastran.nc', 'inprof', 'inmetric', 'infastran', 'intglf', 'xfastran.log', 'i000001.00001']"}})
2026-02-12 12:34:49,123 fastran_tr0_fastran_4 DEBUG    _get_service_response(REQUEST|fastran_000001@fastran@4|FRAMEWORK@Framework@0|47)
2026-02-12 12:34:49,134 fastran_tr0_fastran_4 DEBUG    _get_service_response(REQUEST|fastran_000001@fastran@4|FRAMEWORK@Framework@0|47), response = ServiceResponseMessage(sender_id=FRAMEWORK@Framework@0, receiver_id=fastran_000001@fastran@4, request_msg_id=REQUEST|fastran_000001@fastran@4|FRAMEWORK@Framework@0|47,status=0, args=(None,), message_id=RESPONSE|FRAMEWORK@Framework@0|fastran_000001@fastran@4|311)
2026-02-12 12:34:49,145 fastran_driver_fastran_driver_2 DEBUG    _get_service_response(REQUEST|fastran_000001@fastran_driver@2|FRAMEWORK@Framework@0|124), response = ServiceResponseMessage(sender_id=FRAMEWORK@Framework@0, receiver_id=fastran_000001@fastran_driver@2, request_msg_id=REQUEST|fastran_000001@fastran_driver@2|FRAMEWORK@Framework@0|124,status=0, args=((None,),), message_id=RESPONSE|FRAMEWORK@Framework@0|fastran_000001@fastran_driver@2|312)
2026-02-12 12:34:49,145 fastran_driver_fastran_driver_2 DEBUG    _invoke_service(): getTopic  ('_IPS_MONITOR',)
2026-02-12 12:34:49,145 fastran_driver_fastran_driver_2 DEBUG    _get_service_response(REQUEST|fastran_000001@fastran_driver@2|FRAMEWORK@Framework@0|125)
2026-02-12 12:34:49,156 fastran_driver_fastran_driver_2 DEBUG    _get_service_response(REQUEST|fastran_000001@fastran_driver@2|FRAMEWORK@Framework@0|125), response = ServiceResponseMessage(sender_id=FRAMEWORK@Framework@0, receiver_id=fastran_000001@fastran_driver@2, request_msg_id=REQUEST|fastran_000001@fastran_driver@2|FRAMEWORK@Framework@0|125,status=0, args=(<ipsframework.cca_es_spec.Topic object at 0x14e1e9e3ac40>,), message_id=RESPONSE|FRAMEWORK@Framework@0|fastran_000001@fastran_driver@2|313)
2026-02-12 12:34:49,156 fastran_driver_fastran_driver_2 DEBUG    _invoke_service(): sendEvent  ('_IPS_MONITOR', 'PORTAL_EVENT', {'sim_name': 'fastran_000001', 'real_sim_name': 'fastran_000001', 'portal_data': {'code': 'fastran_driver_fastran_driver', 'eventtype': 'IPS_CALL_END', 'ok': True, 'walltime': '36.34', 'time': '2026-02-12|12:34:49PST', 'trace': {'timestamp': 1770928488242312, 'duration': 903304, 'localEndpoint': {'serviceName': 'fastran_000001@fastran@4'}, 'name': 'step(preprocess_2)', 'id': '14763cc9e6b7d148', 'parentId': '15e0663de819b9fa', 'tags': {}}, 'state': 'Running', 'comment': 'Target = fastran_000001@fastran@4:step(preprocess_2)'}})
2026-02-12 12:34:49,156 fastran_driver_fastran_driver_2 DEBUG    _get_service_response(REQUEST|fastran_000001@fastran_driver@2|FRAMEWORK@Framework@0|126)
2026-02-12 12:34:49,167 fastran_driver_fastran_driver_2 DEBUG    _get_service_response(REQUEST|fastran_000001@fastran_driver@2|FRAMEWORK@Framework@0|126), response = ServiceResponseMessage(sender_id=FRAMEWORK@Framework@0, receiver_id=fastran_000001@fastran_driver@2, request_msg_id=REQUEST|fastran_000001@fastran_driver@2|FRAMEWORK@Framework@0|126,status=0, args=(None,), message_id=RESPONSE|FRAMEWORK@Framework@0|fastran_000001@fastran_driver@2|314)
2026-02-12 12:34:49,167 fastran_driver_fastran_driver_2 DEBUG    _invoke_service(): getTopic  ('_IPS_MONITOR',)
2026-02-12 12:34:49,167 fastran_driver_fastran_driver_2 DEBUG    _get_service_response(REQUEST|fastran_000001@fastran_driver@2|FRAMEWORK@Framework@0|127)
2026-02-12 12:34:49,178 fastran_driver_fastran_driver_2 DEBUG    _get_service_response(REQUEST|fastran_000001@fastran_driver@2|FRAMEWORK@Framework@0|127), response = ServiceResponseMessage(sender_id=FRAMEWORK@Framework@0, receiver_id=fastran_000001@fastran_driver@2, request_msg_id=REQUEST|fastran_000001@fastran_driver@2|FRAMEWORK@Framework@0|127,status=0, args=(<ipsframework.cca_es_spec.Topic object at 0x14e1e9e3adf0>,), message_id=RESPONSE|FRAMEWORK@Framework@0|fastran_000001@fastran_driver@2|315)
2026-02-12 12:34:49,178 fastran_driver_fastran_driver_2 DEBUG    _invoke_service(): sendEvent  ('_IPS_MONITOR', 'PORTAL_EVENT', {'sim_name': 'fastran_000001', 'real_sim_name': 'fastran_000001', 'portal_data': {'code': 'fastran_driver_fastran_driver', 'eventtype': 'IPS_CALL_BEGIN', 'ok': True, 'walltime': '36.36', 'time': '2026-02-12|12:34:49PST', 'state': 'Running', 'comment': 'Target = fastran_000001@constraint_current@5:step(preprocess_2)'}})
2026-02-12 12:34:49,178 fastran_driver_fastran_driver_2 DEBUG    _get_service_response(REQUEST|fastran_000001@fastran_driver@2|FRAMEWORK@Framework@0|128)
2026-02-12 12:34:49,189 fastran_driver_fastran_driver_2 DEBUG    _get_service_response(REQUEST|fastran_000001@fastran_driver@2|FRAMEWORK@Framework@0|128), response = ServiceResponseMessage(sender_id=FRAMEWORK@Framework@0, receiver_id=fastran_000001@fastran_driver@2, request_msg_id=REQUEST|fastran_000001@fastran_driver@2|FRAMEWORK@Framework@0|128,status=0, args=(None,), message_id=RESPONSE|FRAMEWORK@Framework@0|fastran_000001@fastran_driver@2|316)
2026-02-12 12:34:49,189 fastran_driver_fastran_driver_2 DEBUG    _invoke_service(): init_call  ('step', 'preprocess_2')
2026-02-12 12:34:49,189 fastran_driver_fastran_driver_2 DEBUG    _get_service_response(REQUEST|fastran_000001@fastran_driver@2|FRAMEWORK@Framework@0|129)
2026-02-12 12:34:49,190 fastran_pre_constraint_current_5 DEBUG    Received Message 
2026-02-12 12:34:49,190 fastran_pre_constraint_current_5 DEBUG    Calling method step(preprocess_2)
2026-02-12 12:34:49,190 fastran_pre_constraint_current_5 DEBUG    _invoke_service(): stage_state  (['s000001.00001', 'g000001.00001', 'i000001.00001'], '/pscratch/sd/y/yashu_gh/FREDA_KSTAR_2/ips-fastran/examples/far3d/example1/SCAN/work/plasma_state', '/pscratch/sd/y/yashu_gh/FREDA_KSTAR_2/ips-fastran/examples/far3d/example1/SCAN/work/fastran_pre_constraint_current_5')
2026-02-12 12:34:49,190 fastran_pre_constraint_current_5 DEBUG    _get_service_response(REQUEST|fastran_000001@constraint_current@5|FRAMEWORK@Framework@0|20)
2026-02-12 12:34:49,200 fastran_driver_fastran_driver_2 DEBUG    _get_service_response(REQUEST|fastran_000001@fastran_driver@2|FRAMEWORK@Framework@0|129), response = ServiceResponseMessage(sender_id=FRAMEWORK@Framework@0, receiver_id=fastran_000001@fastran_driver@2, request_msg_id=REQUEST|fastran_000001@fastran_driver@2|FRAMEWORK@Framework@0|129,status=0, args=(27,), message_id=RESPONSE|FRAMEWORK@Framework@0|fastran_000001@fastran_driver@2|317)
2026-02-12 12:34:49,200 fastran_driver_fastran_driver_2 DEBUG    _invoke_service(): wait_call  (27, True)
2026-02-12 12:34:49,200 fastran_driver_fastran_driver_2 DEBUG    _get_service_response(REQUEST|fastran_000001@fastran_driver@2|FRAMEWORK@Framework@0|130)
2026-02-12 12:34:49,212 fastran_pre_constraint_current_5 DEBUG    _get_service_response(REQUEST|fastran_000001@constraint_current@5|FRAMEWORK@Framework@0|20), response = ServiceResponseMessage(sender_id=FRAMEWORK@Framework@0, receiver_id=fastran_000001@constraint_current@5, request_msg_id=REQUEST|fastran_000001@constraint_current@5|FRAMEWORK@Framework@0|20,status=0, args=(0,), message_id=RESPONSE|FRAMEWORK@Framework@0|fastran_000001@constraint_current@5|318)
2026-02-12 12:34:49,212 fastran_pre_constraint_current_5 DEBUG    _invoke_service(): getTopic  ('_IPS_MONITOR',)
2026-02-12 12:34:49,212 fastran_pre_constraint_current_5 DEBUG    _get_service_response(REQUEST|fastran_000001@constraint_current@5|FRAMEWORK@Framework@0|21)
2026-02-12 12:34:49,223 fastran_pre_constraint_current_5 DEBUG    _get_service_response(REQUEST|fastran_000001@constraint_current@5|FRAMEWORK@Framework@0|21), response = ServiceResponseMessage(sender_id=FRAMEWORK@Framework@0, receiver_id=fastran_000001@constraint_current@5, request_msg_id=REQUEST|fastran_000001@constraint_current@5|FRAMEWORK@Framework@0|21,status=0, args=(<ipsframework.cca_es_spec.Topic object at 0x14e1e9e5b850>,), message_id=RESPONSE|FRAMEWORK@Framework@0|fastran_000001@constraint_current@5|319)
2026-02-12 12:34:49,223 fastran_pre_constraint_current_5 DEBUG    _invoke_service(): sendEvent  ('_IPS_MONITOR', 'PORTAL_EVENT', {'sim_name': 'fastran_000001', 'real_sim_name': 'fastran_000001', 'portal_data': {'code': 'fastran_pre_constraint_current', 'eventtype': 'IPS_STAGE_STATE', 'ok': True, 'walltime': '36.41', 'time': '2026-02-12|12:34:49PST', 'trace': {'timestamp': 1770928489190693, 'duration': 21774, 'localEndpoint': {'serviceName': 'stage_state'}, 'name': "['s000001.00001', 'g000001.00001', 'i000001.00001']", 'id': '71885aecf25d7412', 'parentId': 'b5ebd7bcee8d8cf3', 'tags': {}}, 'state': 'Running', 'comment': 'Elapsed time = 0.022  files = s000001.00001 g000001.00001 i000001.00001 Success'}})
2026-02-12 12:34:49,223 fastran_pre_constraint_current_5 DEBUG    _get_service_response(REQUEST|fastran_000001@constraint_current@5|FRAMEWORK@Framework@0|22)
2026-02-12 12:34:49,233 fastran_pre_constraint_current_5 DEBUG    _get_service_response(REQUEST|fastran_000001@constraint_current@5|FRAMEWORK@Framework@0|22), response = ServiceResponseMessage(sender_id=FRAMEWORK@Framework@0, receiver_id=fastran_000001@constraint_current@5, request_msg_id=REQUEST|fastran_000001@constraint_current@5|FRAMEWORK@Framework@0|22,status=0, args=(None,), message_id=RESPONSE|FRAMEWORK@Framework@0|fastran_000001@constraint_current@5|321)
2026-02-12 12:34:49,234 fastran_pre_constraint_current_5 DEBUG    _invoke_service(): getTopic  ('_IPS_MONITOR',)
2026-02-12 12:34:49,234 fastran_pre_constraint_current_5 DEBUG    _get_service_response(REQUEST|fastran_000001@constraint_current@5|FRAMEWORK@Framework@0|23)
2026-02-12 12:34:49,244 fastran_pre_constraint_current_5 DEBUG    _get_service_response(REQUEST|fastran_000001@constraint_current@5|FRAMEWORK@Framework@0|23), response = ServiceResponseMessage(sender_id=FRAMEWORK@Framework@0, receiver_id=fastran_000001@constraint_current@5, request_msg_id=REQUEST|fastran_000001@constraint_current@5|FRAMEWORK@Framework@0|23,status=0, args=(<ipsframework.cca_es_spec.Topic object at 0x14e1e9e5bd60>,), message_id=RESPONSE|FRAMEWORK@Framework@0|fastran_000001@constraint_current@5|322)
2026-02-12 12:34:49,245 fastran_pre_constraint_current_5 DEBUG    _invoke_service(): sendEvent  ('_IPS_MONITOR', 'PORTAL_EVENT', {'sim_name': 'fastran_000001', 'real_sim_name': 'fastran_000001', 'portal_data': {'code': 'fastran_pre_constraint_current', 'eventtype': 'IPS_STAGE_INPUTS', 'ok': True, 'walltime': '36.43', 'time': '2026-02-12|12:34:49PST', 'trace': {'timestamp': 1770928489234001, 'duration': 81, 'localEndpoint': {'serviceName': 'stage_input_files'}, 'name': '', 'id': 'e70cb59b389672bf', 'parentId': 'b5ebd7bcee8d8cf3', 'tags': {}}, 'state': 'Running', 'comment': 'Elapsed time = 0.000 Path = /pscratch/sd/y/yashu_gh/FREDA_KSTAR_2/ips-fastran/examples/far3d/example1/input Files = '}})
2026-02-12 12:34:49,245 fastran_pre_constraint_current_5 DEBUG    _get_service_response(REQUEST|fastran_000001@constraint_current@5|FRAMEWORK@Framework@0|24)
2026-02-12 12:34:49,256 fastran_pre_constraint_current_5 DEBUG    _get_service_response(REQUEST|fastran_000001@constraint_current@5|FRAMEWORK@Framework@0|24), response = ServiceResponseMessage(sender_id=FRAMEWORK@Framework@0, receiver_id=fastran_000001@constraint_current@5, request_msg_id=REQUEST|fastran_000001@constraint_current@5|FRAMEWORK@Framework@0|24,status=0, args=(None,), message_id=RESPONSE|FRAMEWORK@Framework@0|fastran_000001@constraint_current@5|323)
2026-02-12 12:34:49,362 fastran_pre_constraint_current_5 DEBUG    _invoke_service(): update_state  (['s000001.00001', 'g000001.00001', 'i000001.00001'], '/pscratch/sd/y/yashu_gh/FREDA_KSTAR_2/ips-fastran/examples/far3d/example1/SCAN/work/fastran_pre_constraint_current_5', '/pscratch/sd/y/yashu_gh/FREDA_KSTAR_2/ips-fastran/examples/far3d/example1/SCAN/work/plasma_state')
2026-02-12 12:34:49,362 fastran_pre_constraint_current_5 DEBUG    _get_service_response(REQUEST|fastran_000001@constraint_current@5|FRAMEWORK@Framework@0|25)
2026-02-12 12:34:49,383 fastran_pre_constraint_current_5 DEBUG    _get_service_response(REQUEST|fastran_000001@constraint_current@5|FRAMEWORK@Framework@0|25), response = ServiceResponseMessage(sender_id=FRAMEWORK@Framework@0, receiver_id=fastran_000001@constraint_current@5, request_msg_id=REQUEST|fastran_000001@constraint_current@5|FRAMEWORK@Framework@0|25,status=0, args=(0,), message_id=RESPONSE|FRAMEWORK@Framework@0|fastran_000001@constraint_current@5|324)
2026-02-12 12:34:49,383 fastran_pre_constraint_current_5 DEBUG    _invoke_service(): getTopic  ('_IPS_MONITOR',)
2026-02-12 12:34:49,383 fastran_pre_constraint_current_5 DEBUG    _get_service_response(REQUEST|fastran_000001@constraint_current@5|FRAMEWORK@Framework@0|26)
2026-02-12 12:34:49,394 fastran_pre_constraint_current_5 DEBUG    _get_service_response(REQUEST|fastran_000001@constraint_current@5|FRAMEWORK@Framework@0|26), response = ServiceResponseMessage(sender_id=FRAMEWORK@Framework@0, receiver_id=fastran_000001@constraint_current@5, request_msg_id=REQUEST|fastran_000001@constraint_current@5|FRAMEWORK@Framework@0|26,status=0, args=(<ipsframework.cca_es_spec.Topic object at 0x14e1e9e5bdc0>,), message_id=RESPONSE|FRAMEWORK@Framework@0|fastran_000001@constraint_current@5|325)
2026-02-12 12:34:49,394 fastran_pre_constraint_current_5 DEBUG    _invoke_service(): sendEvent  ('_IPS_MONITOR', 'PORTAL_EVENT', {'sim_name': 'fastran_000001', 'real_sim_name': 'fastran_000001', 'portal_data': {'code': 'fastran_pre_constraint_current', 'eventtype': 'IPS_UPDATE_STATE', 'ok': True, 'walltime': '36.58', 'time': '2026-02-12|12:34:49PST', 'trace': {'timestamp': 1770928489362533, 'duration': 20937, 'localEndpoint': {'serviceName': 'update_state'}, 'name': "['s000001.00001', 'g000001.00001', 'i000001.00001']", 'id': '7629e189a66153c0', 'parentId': 'b5ebd7bcee8d8cf3', 'tags': {}}, 'state': 'Running', 'comment': 'Elapsed time = 0.021   files = s000001.00001 g000001.00001 i000001.00001 Success'}})
2026-02-12 12:34:49,394 fastran_pre_constraint_current_5 DEBUG    _get_service_response(REQUEST|fastran_000001@constraint_current@5|FRAMEWORK@Framework@0|27)
2026-02-12 12:34:49,405 fastran_pre_constraint_current_5 DEBUG    _get_service_response(REQUEST|fastran_000001@constraint_current@5|FRAMEWORK@Framework@0|27), response = ServiceResponseMessage(sender_id=FRAMEWORK@Framework@0, receiver_id=fastran_000001@constraint_current@5, request_msg_id=REQUEST|fastran_000001@constraint_current@5|FRAMEWORK@Framework@0|27,status=0, args=(None,), message_id=RESPONSE|FRAMEWORK@Framework@0|fastran_000001@constraint_current@5|326)
2026-02-12 12:34:49,405 fastran_pre_constraint_current_5 DEBUG    _invoke_service(): getTopic  ('_IPS_MONITOR',)
2026-02-12 12:34:49,405 fastran_pre_constraint_current_5 DEBUG    _get_service_response(REQUEST|fastran_000001@constraint_current@5|FRAMEWORK@Framework@0|28)
2026-02-12 12:34:49,416 fastran_pre_constraint_current_5 DEBUG    _get_service_response(REQUEST|fastran_000001@constraint_current@5|FRAMEWORK@Framework@0|28), response = ServiceResponseMessage(sender_id=FRAMEWORK@Framework@0, receiver_id=fastran_000001@constraint_current@5, request_msg_id=REQUEST|fastran_000001@constraint_current@5|FRAMEWORK@Framework@0|28,status=0, args=(<ipsframework.cca_es_spec.Topic object at 0x14e1e9e5bee0>,), message_id=RESPONSE|FRAMEWORK@Framework@0|fastran_000001@constraint_current@5|327)
2026-02-12 12:34:49,416 fastran_pre_constraint_current_5 DEBUG    _invoke_service(): sendEvent  ('_IPS_MONITOR', 'PORTAL_EVENT', {'sim_name': 'fastran_000001', 'real_sim_name': 'fastran_000001', 'portal_data': {'code': 'fastran_pre_constraint_current', 'eventtype': 'IPS_STAGE_OUTPUTS', 'ok': True, 'walltime': '36.60', 'time': '2026-02-12|12:34:49PST', 'trace': {'timestamp': 1770928489405107, 'duration': 252, 'localEndpoint': {'serviceName': 'stage_output_files'}, 'name': '[]', 'id': 'ed019efe11be26d9', 'parentId': 'b5ebd7bcee8d8cf3', 'tags': {}}, 'state': 'Running', 'comment': 'Elapsed time = 0.000 Path = /pscratch/sd/y/yashu_gh/FREDA_KSTAR_2/ips-fastran/examples/far3d/example1/SCAN/simulation_results/preprocess_2/components/fastran_pre_constraint_current_5 Files = []'}})
2026-02-12 12:34:49,416 fastran_pre_constraint_current_5 DEBUG    _get_service_response(REQUEST|fastran_000001@constraint_current@5|FRAMEWORK@Framework@0|29)
2026-02-12 12:34:49,426 fastran_pre_constraint_current_5 DEBUG    _get_service_response(REQUEST|fastran_000001@constraint_current@5|FRAMEWORK@Framework@0|29), response = ServiceResponseMessage(sender_id=FRAMEWORK@Framework@0, receiver_id=fastran_000001@constraint_current@5, request_msg_id=REQUEST|fastran_000001@constraint_current@5|FRAMEWORK@Framework@0|29,status=0, args=(None,), message_id=RESPONSE|FRAMEWORK@Framework@0|fastran_000001@constraint_current@5|328)
2026-02-12 12:34:49,437 fastran_driver_fastran_driver_2 DEBUG    _get_service_response(REQUEST|fastran_000001@fastran_driver@2|FRAMEWORK@Framework@0|130), response = ServiceResponseMessage(sender_id=FRAMEWORK@Framework@0, receiver_id=fastran_000001@fastran_driver@2, request_msg_id=REQUEST|fastran_000001@fastran_driver@2|FRAMEWORK@Framework@0|130,status=0, args=((None,),), message_id=RESPONSE|FRAMEWORK@Framework@0|fastran_000001@fastran_driver@2|329)
2026-02-12 12:34:49,437 fastran_driver_fastran_driver_2 DEBUG    _invoke_service(): getTopic  ('_IPS_MONITOR',)
2026-02-12 12:34:49,438 fastran_driver_fastran_driver_2 DEBUG    _get_service_response(REQUEST|fastran_000001@fastran_driver@2|FRAMEWORK@Framework@0|131)
2026-02-12 12:34:49,448 fastran_driver_fastran_driver_2 DEBUG    _get_service_response(REQUEST|fastran_000001@fastran_driver@2|FRAMEWORK@Framework@0|131), response = ServiceResponseMessage(sender_id=FRAMEWORK@Framework@0, receiver_id=fastran_000001@fastran_driver@2, request_msg_id=REQUEST|fastran_000001@fastran_driver@2|FRAMEWORK@Framework@0|131,status=0, args=(<ipsframework.cca_es_spec.Topic object at 0x14e1e9e3ac40>,), message_id=RESPONSE|FRAMEWORK@Framework@0|fastran_000001@fastran_driver@2|330)
2026-02-12 12:34:49,448 fastran_driver_fastran_driver_2 DEBUG    _invoke_service(): sendEvent  ('_IPS_MONITOR', 'PORTAL_EVENT', {'sim_name': 'fastran_000001', 'real_sim_name': 'fastran_000001', 'portal_data': {'code': 'fastran_driver_fastran_driver', 'eventtype': 'IPS_CALL_END', 'ok': True, 'walltime': '36.64', 'time': '2026-02-12|12:34:49PST', 'trace': {'timestamp': 1770928489200501, 'duration': 237348, 'localEndpoint': {'serviceName': 'fastran_000001@constraint_current@5'}, 'name': 'step(preprocess_2)', 'id': 'b5ebd7bcee8d8cf3', 'parentId': '15e0663de819b9fa', 'tags': {}}, 'state': 'Running', 'comment': 'Target = fastran_000001@constraint_current@5:step(preprocess_2)'}})
2026-02-12 12:34:49,449 fastran_driver_fastran_driver_2 DEBUG    _get_service_response(REQUEST|fastran_000001@fastran_driver@2|FRAMEWORK@Framework@0|132)
2026-02-12 12:34:49,460 fastran_driver_fastran_driver_2 DEBUG    _get_service_response(REQUEST|fastran_000001@fastran_driver@2|FRAMEWORK@Framework@0|132), response = ServiceResponseMessage(sender_id=FRAMEWORK@Framework@0, receiver_id=fastran_000001@fastran_driver@2, request_msg_id=REQUEST|fastran_000001@fastran_driver@2|FRAMEWORK@Framework@0|132,status=0, args=(None,), message_id=RESPONSE|FRAMEWORK@Framework@0|fastran_000001@fastran_driver@2|331)
2026-02-12 12:34:49,460 fastran_driver_fastran_driver_2 DEBUG    _invoke_service(): getTopic  ('_IPS_MONITOR',)
2026-02-12 12:34:49,460 fastran_driver_fastran_driver_2 DEBUG    _get_service_response(REQUEST|fastran_000001@fastran_driver@2|FRAMEWORK@Framework@0|133)
2026-02-12 12:34:49,471 fastran_driver_fastran_driver_2 DEBUG    _get_service_response(REQUEST|fastran_000001@fastran_driver@2|FRAMEWORK@Framework@0|133), response = ServiceResponseMessage(sender_id=FRAMEWORK@Framework@0, receiver_id=fastran_000001@fastran_driver@2, request_msg_id=REQUEST|fastran_000001@fastran_driver@2|FRAMEWORK@Framework@0|133,status=0, args=(<ipsframework.cca_es_spec.Topic object at 0x14e1e9e3adc0>,), message_id=RESPONSE|FRAMEWORK@Framework@0|fastran_000001@fastran_driver@2|332)
2026-02-12 12:34:49,471 fastran_driver_fastran_driver_2 DEBUG    _invoke_service(): sendEvent  ('_IPS_MONITOR', 'PORTALBRIDGE_UPDATE_TIMESTAMP', {'sim_name': 'fastran_000001', 'real_sim_name': 'fastran_000001', 'portal_data': {'phystimestamp': 'preprocess_3', 'eventtype': 'PORTALBRIDGE_UPDATE_TIMESTAMP'}})
2026-02-12 12:34:49,471 fastran_driver_fastran_driver_2 DEBUG    _get_service_response(REQUEST|fastran_000001@fastran_driver@2|FRAMEWORK@Framework@0|134)
2026-02-12 12:34:49,482 fastran_driver_fastran_driver_2 DEBUG    _get_service_response(REQUEST|fastran_000001@fastran_driver@2|FRAMEWORK@Framework@0|134), response = ServiceResponseMessage(sender_id=FRAMEWORK@Framework@0, receiver_id=fastran_000001@fastran_driver@2, request_msg_id=REQUEST|fastran_000001@fastran_driver@2|FRAMEWORK@Framework@0|134,status=0, args=(None,), message_id=RESPONSE|FRAMEWORK@Framework@0|fastran_000001@fastran_driver@2|333)
2026-02-12 12:34:49,482 fastran_driver_fastran_driver_2 DEBUG    _invoke_service(): getTopic  ('_IPS_MONITOR',)
2026-02-12 12:34:49,482 fastran_driver_fastran_driver_2 DEBUG    _get_service_response(REQUEST|fastran_000001@fastran_driver@2|FRAMEWORK@Framework@0|135)
2026-02-12 12:34:49,493 fastran_driver_fastran_driver_2 DEBUG    _get_service_response(REQUEST|fastran_000001@fastran_driver@2|FRAMEWORK@Framework@0|135), response = ServiceResponseMessage(sender_id=FRAMEWORK@Framework@0, receiver_id=fastran_000001@fastran_driver@2, request_msg_id=REQUEST|fastran_000001@fastran_driver@2|FRAMEWORK@Framework@0|135,status=0, args=(<ipsframework.cca_es_spec.Topic object at 0x14e1e9e3ad30>,), message_id=RESPONSE|FRAMEWORK@Framework@0|fastran_000001@fastran_driver@2|334)
2026-02-12 12:34:49,493 fastran_driver_fastran_driver_2 DEBUG    _invoke_service(): sendEvent  ('_IPS_MONITOR', 'PORTAL_EVENT', {'sim_name': 'fastran_000001', 'real_sim_name': 'fastran_000001', 'portal_data': {'code': 'fastran_driver_fastran_driver', 'eventtype': 'IPS_UPDATE_TIME_STAMP', 'ok': True, 'walltime': '36.68', 'time': '2026-02-12|12:34:49PST', 'state': 'Running', 'comment': 'Timestamp = preprocess_3'}})
2026-02-12 12:34:49,493 fastran_driver_fastran_driver_2 DEBUG    _get_service_response(REQUEST|fastran_000001@fastran_driver@2|FRAMEWORK@Framework@0|136)
2026-02-12 12:34:49,504 fastran_driver_fastran_driver_2 DEBUG    _get_service_response(REQUEST|fastran_000001@fastran_driver@2|FRAMEWORK@Framework@0|136), response = ServiceResponseMessage(sender_id=FRAMEWORK@Framework@0, receiver_id=fastran_000001@fastran_driver@2, request_msg_id=REQUEST|fastran_000001@fastran_driver@2|FRAMEWORK@Framework@0|136,status=0, args=(None,), message_id=RESPONSE|FRAMEWORK@Framework@0|fastran_000001@fastran_driver@2|335)
2026-02-12 12:34:49,504 fastran_driver_fastran_driver_2 DEBUG    _invoke_service(): getTopic  ('_IPS_MONITOR',)
2026-02-12 12:34:49,504 fastran_driver_fastran_driver_2 DEBUG    _get_service_response(REQUEST|fastran_000001@fastran_driver@2|FRAMEWORK@Framework@0|137)
2026-02-12 12:34:49,515 fastran_driver_fastran_driver_2 DEBUG    _get_service_response(REQUEST|fastran_000001@fastran_driver@2|FRAMEWORK@Framework@0|137), response = ServiceResponseMessage(sender_id=FRAMEWORK@Framework@0, receiver_id=fastran_000001@fastran_driver@2, request_msg_id=REQUEST|fastran_000001@fastran_driver@2|FRAMEWORK@Framework@0|137,status=0, args=(<ipsframework.cca_es_spec.Topic object at 0x14e1e9e3ac40>,), message_id=RESPONSE|FRAMEWORK@Framework@0|fastran_000001@fastran_driver@2|336)
2026-02-12 12:34:49,515 fastran_driver_fastran_driver_2 DEBUG    _invoke_service(): sendEvent  ('_IPS_MONITOR', 'PORTAL_EVENT', {'sim_name': 'fastran_000001', 'real_sim_name': 'fastran_000001', 'portal_data': {'code': 'fastran_driver_fastran_driver', 'eventtype': 'IPS_CALL_BEGIN', 'ok': True, 'walltime': '36.70', 'time': '2026-02-12|12:34:49PST', 'state': 'Running', 'comment': 'Target = fastran_000001@efit@3:step(preprocess_3)'}})
2026-02-12 12:34:49,515 fastran_driver_fastran_driver_2 DEBUG    _get_service_response(REQUEST|fastran_000001@fastran_driver@2|FRAMEWORK@Framework@0|138)
2026-02-12 12:34:49,526 fastran_driver_fastran_driver_2 DEBUG    _get_service_response(REQUEST|fastran_000001@fastran_driver@2|FRAMEWORK@Framework@0|138), response = ServiceResponseMessage(sender_id=FRAMEWORK@Framework@0, receiver_id=fastran_000001@fastran_driver@2, request_msg_id=REQUEST|fastran_000001@fastran_driver@2|FRAMEWORK@Framework@0|138,status=0, args=(None,), message_id=RESPONSE|FRAMEWORK@Framework@0|fastran_000001@fastran_driver@2|337)
2026-02-12 12:34:49,526 fastran_driver_fastran_driver_2 DEBUG    _invoke_service(): init_call  ('step', 'preprocess_3')
2026-02-12 12:34:49,526 fastran_driver_fastran_driver_2 DEBUG    _get_service_response(REQUEST|fastran_000001@fastran_driver@2|FRAMEWORK@Framework@0|139)
2026-02-12 12:34:49,527 fastran_eq0_efit_3 DEBUG    Received Message 
2026-02-12 12:34:49,527 fastran_eq0_efit_3 DEBUG    Calling method step(preprocess_3)
2026-02-12 12:34:49,528 fastran_eq0_efit_3 DEBUG    _invoke_service(): stage_state  (['s000001.00001', 'g000001.00001', 'i000001.00001'], '/pscratch/sd/y/yashu_gh/FREDA_KSTAR_2/ips-fastran/examples/far3d/example1/SCAN/work/plasma_state', '/pscratch/sd/y/yashu_gh/FREDA_KSTAR_2/ips-fastran/examples/far3d/example1/SCAN/work/fastran_eq0_efit_3')
2026-02-12 12:34:49,528 fastran_eq0_efit_3 DEBUG    _get_service_response(REQUEST|fastran_000001@efit@3|FRAMEWORK@Framework@0|30)
2026-02-12 12:34:49,537 fastran_driver_fastran_driver_2 DEBUG    _get_service_response(REQUEST|fastran_000001@fastran_driver@2|FRAMEWORK@Framework@0|139), response = ServiceResponseMessage(sender_id=FRAMEWORK@Framework@0, receiver_id=fastran_000001@fastran_driver@2, request_msg_id=REQUEST|fastran_000001@fastran_driver@2|FRAMEWORK@Framework@0|139,status=0, args=(28,), message_id=RESPONSE|FRAMEWORK@Framework@0|fastran_000001@fastran_driver@2|338)
2026-02-12 12:34:49,537 fastran_driver_fastran_driver_2 DEBUG    _invoke_service(): wait_call  (28, True)
2026-02-12 12:34:49,537 fastran_driver_fastran_driver_2 DEBUG    _get_service_response(REQUEST|fastran_000001@fastran_driver@2|FRAMEWORK@Framework@0|140)
2026-02-12 12:34:49,549 fastran_eq0_efit_3 DEBUG    _get_service_response(REQUEST|fastran_000001@efit@3|FRAMEWORK@Framework@0|30), response = ServiceResponseMessage(sender_id=FRAMEWORK@Framework@0, receiver_id=fastran_000001@efit@3, request_msg_id=REQUEST|fastran_000001@efit@3|FRAMEWORK@Framework@0|30,status=0, args=(0,), message_id=RESPONSE|FRAMEWORK@Framework@0|fastran_000001@efit@3|339)
2026-02-12 12:34:49,549 fastran_eq0_efit_3 DEBUG    _invoke_service(): getTopic  ('_IPS_MONITOR',)
2026-02-12 12:34:49,549 fastran_eq0_efit_3 DEBUG    _get_service_response(REQUEST|fastran_000001@efit@3|FRAMEWORK@Framework@0|31)
2026-02-12 12:34:49,560 fastran_eq0_efit_3 DEBUG    _get_service_response(REQUEST|fastran_000001@efit@3|FRAMEWORK@Framework@0|31), response = ServiceResponseMessage(sender_id=FRAMEWORK@Framework@0, receiver_id=fastran_000001@efit@3, request_msg_id=REQUEST|fastran_000001@efit@3|FRAMEWORK@Framework@0|31,status=0, args=(<ipsframework.cca_es_spec.Topic object at 0x14e1e9e453a0>,), message_id=RESPONSE|FRAMEWORK@Framework@0|fastran_000001@efit@3|340)
2026-02-12 12:34:49,560 fastran_eq0_efit_3 DEBUG    _invoke_service(): sendEvent  ('_IPS_MONITOR', 'PORTAL_EVENT', {'sim_name': 'fastran_000001', 'real_sim_name': 'fastran_000001', 'portal_data': {'code': 'fastran_eq0_efit', 'eventtype': 'IPS_STAGE_STATE', 'ok': True, 'walltime': '36.75', 'time': '2026-02-12|12:34:49PST', 'trace': {'timestamp': 1770928489527881, 'duration': 21595, 'localEndpoint': {'serviceName': 'stage_state'}, 'name': "['s000001.00001', 'g000001.00001', 'i000001.00001']", 'id': '71885aecf25d7412', 'parentId': '629527e40cbbaabb', 'tags': {}}, 'state': 'Running', 'comment': 'Elapsed time = 0.022  files = s000001.00001 g000001.00001 i000001.00001 Success'}})
2026-02-12 12:34:49,560 fastran_eq0_efit_3 DEBUG    _get_service_response(REQUEST|fastran_000001@efit@3|FRAMEWORK@Framework@0|32)
2026-02-12 12:34:49,570 fastran_eq0_efit_3 DEBUG    _get_service_response(REQUEST|fastran_000001@efit@3|FRAMEWORK@Framework@0|32), response = ServiceResponseMessage(sender_id=FRAMEWORK@Framework@0, receiver_id=fastran_000001@efit@3, request_msg_id=REQUEST|fastran_000001@efit@3|FRAMEWORK@Framework@0|32,status=0, args=(None,), message_id=RESPONSE|FRAMEWORK@Framework@0|fastran_000001@efit@3|341)
2026-02-12 12:34:51,494 fastran_eq0_efit_3 DEBUG    _invoke_service(): update_state  (['s000001.00001', 'g000001.00001', 'i000001.00001'], '/pscratch/sd/y/yashu_gh/FREDA_KSTAR_2/ips-fastran/examples/far3d/example1/SCAN/work/fastran_eq0_efit_3', '/pscratch/sd/y/yashu_gh/FREDA_KSTAR_2/ips-fastran/examples/far3d/example1/SCAN/work/plasma_state')
2026-02-12 12:34:51,494 fastran_eq0_efit_3 DEBUG    _get_service_response(REQUEST|fastran_000001@efit@3|FRAMEWORK@Framework@0|33)
2026-02-12 12:34:51,516 fastran_eq0_efit_3 DEBUG    _get_service_response(REQUEST|fastran_000001@efit@3|FRAMEWORK@Framework@0|33), response = ServiceResponseMessage(sender_id=FRAMEWORK@Framework@0, receiver_id=fastran_000001@efit@3, request_msg_id=REQUEST|fastran_000001@efit@3|FRAMEWORK@Framework@0|33,status=0, args=(0,), message_id=RESPONSE|FRAMEWORK@Framework@0|fastran_000001@efit@3|346)
2026-02-12 12:34:51,516 fastran_eq0_efit_3 DEBUG    _invoke_service(): getTopic  ('_IPS_MONITOR',)
2026-02-12 12:34:51,516 fastran_eq0_efit_3 DEBUG    _get_service_response(REQUEST|fastran_000001@efit@3|FRAMEWORK@Framework@0|34)
2026-02-12 12:34:51,527 fastran_eq0_efit_3 DEBUG    _get_service_response(REQUEST|fastran_000001@efit@3|FRAMEWORK@Framework@0|34), response = ServiceResponseMessage(sender_id=FRAMEWORK@Framework@0, receiver_id=fastran_000001@efit@3, request_msg_id=REQUEST|fastran_000001@efit@3|FRAMEWORK@Framework@0|34,status=0, args=(<ipsframework.cca_es_spec.Topic object at 0x14e1e9e45a00>,), message_id=RESPONSE|FRAMEWORK@Framework@0|fastran_000001@efit@3|347)
2026-02-12 12:34:51,527 fastran_eq0_efit_3 DEBUG    _invoke_service(): sendEvent  ('_IPS_MONITOR', 'PORTAL_EVENT', {'sim_name': 'fastran_000001', 'real_sim_name': 'fastran_000001', 'portal_data': {'code': 'fastran_eq0_efit', 'eventtype': 'IPS_UPDATE_STATE', 'ok': True, 'walltime': '38.71', 'time': '2026-02-12|12:34:51PST', 'trace': {'timestamp': 1770928491493719, 'duration': 22842, 'localEndpoint': {'serviceName': 'update_state'}, 'name': "['s000001.00001', 'g000001.00001', 'i000001.00001']", 'id': '7629e189a66153c0', 'parentId': '629527e40cbbaabb', 'tags': {}}, 'state': 'Running', 'comment': 'Elapsed time = 0.023   files = s000001.00001 g000001.00001 i000001.00001 Success'}})
2026-02-12 12:34:51,527 fastran_eq0_efit_3 DEBUG    _get_service_response(REQUEST|fastran_000001@efit@3|FRAMEWORK@Framework@0|35)
2026-02-12 12:34:51,537 fastran_eq0_efit_3 DEBUG    _get_service_response(REQUEST|fastran_000001@efit@3|FRAMEWORK@Framework@0|35), response = ServiceResponseMessage(sender_id=FRAMEWORK@Framework@0, receiver_id=fastran_000001@efit@3, request_msg_id=REQUEST|fastran_000001@efit@3|FRAMEWORK@Framework@0|35,status=0, args=(None,), message_id=RESPONSE|FRAMEWORK@Framework@0|fastran_000001@efit@3|348)
2026-02-12 12:34:51,559 fastran_eq0_efit_3 DEBUG    _invoke_service(): getTopic  ('_IPS_MONITOR',)
2026-02-12 12:34:51,559 fastran_eq0_efit_3 DEBUG    _get_service_response(REQUEST|fastran_000001@efit@3|FRAMEWORK@Framework@0|36)
2026-02-12 12:34:51,570 fastran_eq0_efit_3 DEBUG    _get_service_response(REQUEST|fastran_000001@efit@3|FRAMEWORK@Framework@0|36), response = ServiceResponseMessage(sender_id=FRAMEWORK@Framework@0, receiver_id=fastran_000001@efit@3, request_msg_id=REQUEST|fastran_000001@efit@3|FRAMEWORK@Framework@0|36,status=0, args=(<ipsframework.cca_es_spec.Topic object at 0x14e1e9e45ee0>,), message_id=RESPONSE|FRAMEWORK@Framework@0|fastran_000001@efit@3|349)
2026-02-12 12:34:51,570 fastran_eq0_efit_3 DEBUG    _invoke_service(): sendEvent  ('_IPS_MONITOR', 'PORTAL_EVENT', {'sim_name': 'fastran_000001', 'real_sim_name': 'fastran_000001', 'portal_data': {'code': 'fastran_eq0_efit', 'eventtype': 'IPS_STAGE_OUTPUTS', 'ok': True, 'walltime': '38.76', 'time': '2026-02-12|12:34:51PST', 'trace': {'timestamp': 1770928491538066, 'duration': 21516, 'localEndpoint': {'serviceName': 'stage_output_files'}, 'name': "['g*.*', 'a*.*', 'm*.*', 'k*.*', 'efit.log']", 'id': '7f2cccfefec01030', 'parentId': '629527e40cbbaabb', 'tags': {}}, 'state': 'Running', 'comment': "Elapsed time = 0.022 Path = /pscratch/sd/y/yashu_gh/FREDA_KSTAR_2/ips-fastran/examples/far3d/example1/SCAN/simulation_results/preprocess_3/components/fastran_eq0_efit_3 Files = ['g*.*', 'a*.*', 'm*.*', 'k*.*', 'efit.log']"}})
2026-02-12 12:34:51,570 fastran_eq0_efit_3 DEBUG    _get_service_response(REQUEST|fastran_000001@efit@3|FRAMEWORK@Framework@0|37)
2026-02-12 12:34:51,581 fastran_eq0_efit_3 DEBUG    _get_service_response(REQUEST|fastran_000001@efit@3|FRAMEWORK@Framework@0|37), response = ServiceResponseMessage(sender_id=FRAMEWORK@Framework@0, receiver_id=fastran_000001@efit@3, request_msg_id=REQUEST|fastran_000001@efit@3|FRAMEWORK@Framework@0|37,status=0, args=(None,), message_id=RESPONSE|FRAMEWORK@Framework@0|fastran_000001@efit@3|350)
2026-02-12 12:34:51,593 fastran_driver_fastran_driver_2 DEBUG    _get_service_response(REQUEST|fastran_000001@fastran_driver@2|FRAMEWORK@Framework@0|140), response = ServiceResponseMessage(sender_id=FRAMEWORK@Framework@0, receiver_id=fastran_000001@fastran_driver@2, request_msg_id=REQUEST|fastran_000001@fastran_driver@2|FRAMEWORK@Framework@0|140,status=0, args=((None,),), message_id=RESPONSE|FRAMEWORK@Framework@0|fastran_000001@fastran_driver@2|351)
2026-02-12 12:34:51,593 fastran_driver_fastran_driver_2 DEBUG    _invoke_service(): getTopic  ('_IPS_MONITOR',)
2026-02-12 12:34:51,593 fastran_driver_fastran_driver_2 DEBUG    _get_service_response(REQUEST|fastran_000001@fastran_driver@2|FRAMEWORK@Framework@0|141)
2026-02-12 12:34:51,604 fastran_driver_fastran_driver_2 DEBUG    _get_service_response(REQUEST|fastran_000001@fastran_driver@2|FRAMEWORK@Framework@0|141), response = ServiceResponseMessage(sender_id=FRAMEWORK@Framework@0, receiver_id=fastran_000001@fastran_driver@2, request_msg_id=REQUEST|fastran_000001@fastran_driver@2|FRAMEWORK@Framework@0|141,status=0, args=(<ipsframework.cca_es_spec.Topic object at 0x14e1e9e3ad30>,), message_id=RESPONSE|FRAMEWORK@Framework@0|fastran_000001@fastran_driver@2|352)
2026-02-12 12:34:51,604 fastran_driver_fastran_driver_2 DEBUG    _invoke_service(): sendEvent  ('_IPS_MONITOR', 'PORTAL_EVENT', {'sim_name': 'fastran_000001', 'real_sim_name': 'fastran_000001', 'portal_data': {'code': 'fastran_driver_fastran_driver', 'eventtype': 'IPS_CALL_END', 'ok': True, 'walltime': '38.79', 'time': '2026-02-12|12:34:51PST', 'trace': {'timestamp': 1770928489537685, 'duration': 2055613, 'localEndpoint': {'serviceName': 'fastran_000001@efit@3'}, 'name': 'step(preprocess_3)', 'id': '629527e40cbbaabb', 'parentId': '15e0663de819b9fa', 'tags': {}}, 'state': 'Running', 'comment': 'Target = fastran_000001@efit@3:step(preprocess_3)'}})
2026-02-12 12:34:51,604 fastran_driver_fastran_driver_2 DEBUG    _get_service_response(REQUEST|fastran_000001@fastran_driver@2|FRAMEWORK@Framework@0|142)
2026-02-12 12:34:51,615 fastran_driver_fastran_driver_2 DEBUG    _get_service_response(REQUEST|fastran_000001@fastran_driver@2|FRAMEWORK@Framework@0|142), response = ServiceResponseMessage(sender_id=FRAMEWORK@Framework@0, receiver_id=fastran_000001@fastran_driver@2, request_msg_id=REQUEST|fastran_000001@fastran_driver@2|FRAMEWORK@Framework@0|142,status=0, args=(None,), message_id=RESPONSE|FRAMEWORK@Framework@0|fastran_000001@fastran_driver@2|353)
2026-02-12 12:34:51,615 fastran_driver_fastran_driver_2 DEBUG    _invoke_service(): getTopic  ('_IPS_MONITOR',)
2026-02-12 12:34:51,615 fastran_driver_fastran_driver_2 DEBUG    _get_service_response(REQUEST|fastran_000001@fastran_driver@2|FRAMEWORK@Framework@0|143)
2026-02-12 12:34:51,625 fastran_driver_fastran_driver_2 DEBUG    _get_service_response(REQUEST|fastran_000001@fastran_driver@2|FRAMEWORK@Framework@0|143), response = ServiceResponseMessage(sender_id=FRAMEWORK@Framework@0, receiver_id=fastran_000001@fastran_driver@2, request_msg_id=REQUEST|fastran_000001@fastran_driver@2|FRAMEWORK@Framework@0|143,status=0, args=(<ipsframework.cca_es_spec.Topic object at 0x14e1e9e3adc0>,), message_id=RESPONSE|FRAMEWORK@Framework@0|fastran_000001@fastran_driver@2|354)
2026-02-12 12:34:51,626 fastran_driver_fastran_driver_2 DEBUG    _invoke_service(): sendEvent  ('_IPS_MONITOR', 'PORTAL_EVENT', {'sim_name': 'fastran_000001', 'real_sim_name': 'fastran_000001', 'portal_data': {'code': 'fastran_driver_fastran_driver', 'eventtype': 'IPS_CALL_BEGIN', 'ok': True, 'walltime': '38.81', 'time': '2026-02-12|12:34:51PST', 'state': 'Running', 'comment': 'Target = fastran_000001@fastran@4:step(preprocess_3)'}})
2026-02-12 12:34:51,626 fastran_driver_fastran_driver_2 DEBUG    _get_service_response(REQUEST|fastran_000001@fastran_driver@2|FRAMEWORK@Framework@0|144)
2026-02-12 12:34:51,636 fastran_driver_fastran_driver_2 DEBUG    _get_service_response(REQUEST|fastran_000001@fastran_driver@2|FRAMEWORK@Framework@0|144), response = ServiceResponseMessage(sender_id=FRAMEWORK@Framework@0, receiver_id=fastran_000001@fastran_driver@2, request_msg_id=REQUEST|fastran_000001@fastran_driver@2|FRAMEWORK@Framework@0|144,status=0, args=(None,), message_id=RESPONSE|FRAMEWORK@Framework@0|fastran_000001@fastran_driver@2|355)
2026-02-12 12:34:51,636 fastran_driver_fastran_driver_2 DEBUG    _invoke_service(): init_call  ('step', 'preprocess_3')
2026-02-12 12:34:51,636 fastran_driver_fastran_driver_2 DEBUG    _get_service_response(REQUEST|fastran_000001@fastran_driver@2|FRAMEWORK@Framework@0|145)
2026-02-12 12:34:51,637 fastran_tr0_fastran_4 DEBUG    Received Message 
2026-02-12 12:34:51,637 fastran_tr0_fastran_4 DEBUG    Calling method step(preprocess_3)
2026-02-12 12:34:51,637 fastran_tr0_fastran_4 DEBUG    _invoke_service(): stage_state  (['s000001.00001', 'g000001.00001', 'i000001.00001'], '/pscratch/sd/y/yashu_gh/FREDA_KSTAR_2/ips-fastran/examples/far3d/example1/SCAN/work/plasma_state', '/pscratch/sd/y/yashu_gh/FREDA_KSTAR_2/ips-fastran/examples/far3d/example1/SCAN/work/fastran_tr0_fastran_4')
2026-02-12 12:34:51,638 fastran_tr0_fastran_4 DEBUG    _get_service_response(REQUEST|fastran_000001@fastran@4|FRAMEWORK@Framework@0|48)
2026-02-12 12:34:51,647 fastran_driver_fastran_driver_2 DEBUG    _get_service_response(REQUEST|fastran_000001@fastran_driver@2|FRAMEWORK@Framework@0|145), response = ServiceResponseMessage(sender_id=FRAMEWORK@Framework@0, receiver_id=fastran_000001@fastran_driver@2, request_msg_id=REQUEST|fastran_000001@fastran_driver@2|FRAMEWORK@Framework@0|145,status=0, args=(29,), message_id=RESPONSE|FRAMEWORK@Framework@0|fastran_000001@fastran_driver@2|356)
2026-02-12 12:34:51,647 fastran_driver_fastran_driver_2 DEBUG    _invoke_service(): wait_call  (29, True)
2026-02-12 12:34:51,647 fastran_driver_fastran_driver_2 DEBUG    _get_service_response(REQUEST|fastran_000001@fastran_driver@2|FRAMEWORK@Framework@0|146)
2026-02-12 12:34:51,658 fastran_tr0_fastran_4 DEBUG    _get_service_response(REQUEST|fastran_000001@fastran@4|FRAMEWORK@Framework@0|48), response = ServiceResponseMessage(sender_id=FRAMEWORK@Framework@0, receiver_id=fastran_000001@fastran@4, request_msg_id=REQUEST|fastran_000001@fastran@4|FRAMEWORK@Framework@0|48,status=0, args=(0,), message_id=RESPONSE|FRAMEWORK@Framework@0|fastran_000001@fastran@4|357)
2026-02-12 12:34:51,658 fastran_tr0_fastran_4 DEBUG    _invoke_service(): getTopic  ('_IPS_MONITOR',)
2026-02-12 12:34:51,658 fastran_tr0_fastran_4 DEBUG    _get_service_response(REQUEST|fastran_000001@fastran@4|FRAMEWORK@Framework@0|49)
2026-02-12 12:34:51,669 fastran_tr0_fastran_4 DEBUG    _get_service_response(REQUEST|fastran_000001@fastran@4|FRAMEWORK@Framework@0|49), response = ServiceResponseMessage(sender_id=FRAMEWORK@Framework@0, receiver_id=fastran_000001@fastran@4, request_msg_id=REQUEST|fastran_000001@fastran@4|FRAMEWORK@Framework@0|49,status=0, args=(<ipsframework.cca_es_spec.Topic object at 0x14e1e9e64400>,), message_id=RESPONSE|FRAMEWORK@Framework@0|fastran_000001@fastran@4|358)
2026-02-12 12:34:51,669 fastran_tr0_fastran_4 DEBUG    _invoke_service(): sendEvent  ('_IPS_MONITOR', 'PORTAL_EVENT', {'sim_name': 'fastran_000001', 'real_sim_name': 'fastran_000001', 'portal_data': {'code': 'fastran_tr0_fastran', 'eventtype': 'IPS_STAGE_STATE', 'ok': True, 'walltime': '38.86', 'time': '2026-02-12|12:34:51PST', 'trace': {'timestamp': 1770928491637830, 'duration': 20673, 'localEndpoint': {'serviceName': 'stage_state'}, 'name': "['s000001.00001', 'g000001.00001', 'i000001.00001']", 'id': '71885aecf25d7412', 'parentId': '5fc89af0852fdd61', 'tags': {}}, 'state': 'Running', 'comment': 'Elapsed time = 0.021  files = s000001.00001 g000001.00001 i000001.00001 Success'}})
2026-02-12 12:34:51,669 fastran_tr0_fastran_4 DEBUG    _get_service_response(REQUEST|fastran_000001@fastran@4|FRAMEWORK@Framework@0|50)
2026-02-12 12:34:51,679 fastran_tr0_fastran_4 DEBUG    _get_service_response(REQUEST|fastran_000001@fastran@4|FRAMEWORK@Framework@0|50), response = ServiceResponseMessage(sender_id=FRAMEWORK@Framework@0, receiver_id=fastran_000001@fastran@4, request_msg_id=REQUEST|fastran_000001@fastran@4|FRAMEWORK@Framework@0|50,status=0, args=(None,), message_id=RESPONSE|FRAMEWORK@Framework@0|fastran_000001@fastran@4|359)
2026-02-12 12:34:51,687 fastran_tr0_fastran_4 DEBUG    _invoke_service(): getTopic  ('_IPS_MONITOR',)
2026-02-12 12:34:51,688 fastran_tr0_fastran_4 DEBUG    _get_service_response(REQUEST|fastran_000001@fastran@4|FRAMEWORK@Framework@0|51)
2026-02-12 12:34:51,698 fastran_tr0_fastran_4 DEBUG    _get_service_response(REQUEST|fastran_000001@fastran@4|FRAMEWORK@Framework@0|51), response = ServiceResponseMessage(sender_id=FRAMEWORK@Framework@0, receiver_id=fastran_000001@fastran@4, request_msg_id=REQUEST|fastran_000001@fastran@4|FRAMEWORK@Framework@0|51,status=0, args=(<ipsframework.cca_es_spec.Topic object at 0x14e1e9e648b0>,), message_id=RESPONSE|FRAMEWORK@Framework@0|fastran_000001@fastran@4|360)
2026-02-12 12:34:51,698 fastran_tr0_fastran_4 DEBUG    _invoke_service(): sendEvent  ('_IPS_MONITOR', 'PORTAL_EVENT', {'sim_name': 'fastran_000001', 'real_sim_name': 'fastran_000001', 'portal_data': {'code': 'fastran_tr0_fastran', 'eventtype': 'IPS_STAGE_INPUTS', 'ok': True, 'walltime': '38.89', 'time': '2026-02-12|12:34:51PST', 'trace': {'timestamp': 1770928491680155, 'duration': 7789, 'localEndpoint': {'serviceName': 'stage_input_files'}, 'name': 'infastran0 intglf', 'id': 'dca1af508bf5af99', 'parentId': '5fc89af0852fdd61', 'tags': {}}, 'state': 'Running', 'comment': 'Elapsed time = 0.008 Path = /pscratch/sd/y/yashu_gh/FREDA_KSTAR_2/ips-fastran/examples/far3d/example1/input Files = infastran0 intglf'}})
2026-02-12 12:34:51,698 fastran_tr0_fastran_4 DEBUG    _get_service_response(REQUEST|fastran_000001@fastran@4|FRAMEWORK@Framework@0|52)
2026-02-12 12:34:51,709 fastran_tr0_fastran_4 DEBUG    _get_service_response(REQUEST|fastran_000001@fastran@4|FRAMEWORK@Framework@0|52), response = ServiceResponseMessage(sender_id=FRAMEWORK@Framework@0, receiver_id=fastran_000001@fastran@4, request_msg_id=REQUEST|fastran_000001@fastran@4|FRAMEWORK@Framework@0|52,status=0, args=(None,), message_id=RESPONSE|FRAMEWORK@Framework@0|fastran_000001@fastran@4|361)
2026-02-12 12:34:51,847 fastran_tr0_fastran_4 DEBUG    _invoke_service(): init_task  (TaskInit(nproc=1, binary='/global/common/software/atom/perlmutter/binaries/fastran/default/xfastran_ver1.00_ser', working_dir='/pscratch/sd/y/yashu_gh/FREDA_KSTAR_2/ips-fastran/examples/far3d/example1/SCAN/work/fastran_tr0_fastran_4', tppn=0, tcpp=0, tgpp=0, block=True, omp=False, wnodes=True, wsocks=True, cmd_args=('1', '1')),)
2026-02-12 12:34:51,847 fastran_tr0_fastran_4 DEBUG    _get_service_response(REQUEST|fastran_000001@fastran@4|FRAMEWORK@Framework@0|53)
2026-02-12 12:34:51,857 fastran_tr0_fastran_4 DEBUG    _get_service_response(REQUEST|fastran_000001@fastran@4|FRAMEWORK@Framework@0|53), response = ServiceResponseMessage(sender_id=FRAMEWORK@Framework@0, receiver_id=fastran_000001@fastran@4, request_msg_id=REQUEST|fastran_000001@fastran@4|FRAMEWORK@Framework@0|53,status=0, args=((5, 'srun -N 1 -n 1 -c 128 --threads-per-core=1 --cpu-bind=cores /global/common/software/atom/perlmutter/binaries/fastran/default/xfastran_ver1.00_ser 1 1', None, 128),), message_id=RESPONSE|FRAMEWORK@Framework@0|fastran_000001@fastran@4|363)
2026-02-12 12:34:51,859 fastran_tr0_fastran_4 DEBUG    Launching command : srun -N 1 -n 1 -c 128 --threads-per-core=1 --cpu-bind=cores /global/common/software/atom/perlmutter/binaries/fastran/default/xfastran_ver1.00_ser 1 1
2026-02-12 12:34:51,873 fastran_tr0_fastran_4 DEBUG    _invoke_service(): getTopic  ('_IPS_MONITOR',)
2026-02-12 12:34:51,874 fastran_tr0_fastran_4 DEBUG    _get_service_response(REQUEST|fastran_000001@fastran@4|FRAMEWORK@Framework@0|54)
2026-02-12 12:34:51,884 fastran_tr0_fastran_4 DEBUG    _get_service_response(REQUEST|fastran_000001@fastran@4|FRAMEWORK@Framework@0|54), response = ServiceResponseMessage(sender_id=FRAMEWORK@Framework@0, receiver_id=fastran_000001@fastran@4, request_msg_id=REQUEST|fastran_000001@fastran@4|FRAMEWORK@Framework@0|54,status=0, args=(<ipsframework.cca_es_spec.Topic object at 0x14e1e9e61460>,), message_id=RESPONSE|FRAMEWORK@Framework@0|fastran_000001@fastran@4|364)
2026-02-12 12:34:51,884 fastran_tr0_fastran_4 DEBUG    _invoke_service(): sendEvent  ('_IPS_MONITOR', 'PORTAL_EVENT', {'sim_name': 'fastran_000001', 'real_sim_name': 'fastran_000001', 'portal_data': {'code': 'fastran_tr0_fastran', 'eventtype': 'IPS_LAUNCH_TASK', 'ok': True, 'walltime': '39.07', 'time': '2026-02-12|12:34:51PST', 'state': 'Running', 'comment': 'task_id = 5 , Tag = None , nproc = 1 , Target = srun -N 1 -n 1 -c 128 --threads-per-core=1 --cpu-bind=cores /global/common/software/atom/perlmutter/binaries/fastran/default/xfastran_ver1.00_ser 1 1'}})
2026-02-12 12:34:51,884 fastran_tr0_fastran_4 DEBUG    _get_service_response(REQUEST|fastran_000001@fastran@4|FRAMEWORK@Framework@0|55)
2026-02-12 12:34:51,895 fastran_tr0_fastran_4 DEBUG    _get_service_response(REQUEST|fastran_000001@fastran@4|FRAMEWORK@Framework@0|55), response = ServiceResponseMessage(sender_id=FRAMEWORK@Framework@0, receiver_id=fastran_000001@fastran@4, request_msg_id=REQUEST|fastran_000001@fastran@4|FRAMEWORK@Framework@0|55,status=0, args=(None,), message_id=RESPONSE|FRAMEWORK@Framework@0|fastran_000001@fastran@4|365)
2026-02-12 12:34:52,158 fastran_tr0_fastran_4 DEBUG    _invoke_service(): getTopic  ('_IPS_MONITOR',)
2026-02-12 12:34:52,158 fastran_tr0_fastran_4 DEBUG    _get_service_response(REQUEST|fastran_000001@fastran@4|FRAMEWORK@Framework@0|56)
2026-02-12 12:34:52,169 fastran_tr0_fastran_4 DEBUG    _get_service_response(REQUEST|fastran_000001@fastran@4|FRAMEWORK@Framework@0|56), response = ServiceResponseMessage(sender_id=FRAMEWORK@Framework@0, receiver_id=fastran_000001@fastran@4, request_msg_id=REQUEST|fastran_000001@fastran@4|FRAMEWORK@Framework@0|56,status=0, args=(<ipsframework.cca_es_spec.Topic object at 0x14e1e9e61250>,), message_id=RESPONSE|FRAMEWORK@Framework@0|fastran_000001@fastran@4|366)
2026-02-12 12:34:52,169 fastran_tr0_fastran_4 DEBUG    _invoke_service(): sendEvent  ('_IPS_MONITOR', 'PORTAL_EVENT', {'sim_name': 'fastran_000001', 'real_sim_name': 'fastran_000001', 'portal_data': {'code': 'fastran_tr0_fastran', 'eventtype': 'IPS_TASK_END', 'ok': True, 'walltime': '39.36', 'time': '2026-02-12|12:34:52PST', 'trace': {'timestamp': 1770928491873352, 'duration': 284651, 'localEndpoint': {'serviceName': '/global/common/software/atom/perlmutter/binaries/fastran/default/xfastran_ver1.00_ser'}, 'name': '1 1', 'id': 'b306097b51b8e13a', 'parentId': '5fc89af0852fdd61', 'tags': {'procs_requested': '1', 'cores_allocated': '128'}}, 'state': 'Running', 'comment': 'task_id = 5  elapsed time = 0.28 S'}})
2026-02-12 12:34:52,169 fastran_tr0_fastran_4 DEBUG    _get_service_response(REQUEST|fastran_000001@fastran@4|FRAMEWORK@Framework@0|57)
2026-02-12 12:34:52,180 fastran_tr0_fastran_4 DEBUG    _get_service_response(REQUEST|fastran_000001@fastran@4|FRAMEWORK@Framework@0|57), response = ServiceResponseMessage(sender_id=FRAMEWORK@Framework@0, receiver_id=fastran_000001@fastran@4, request_msg_id=REQUEST|fastran_000001@fastran@4|FRAMEWORK@Framework@0|57,status=0, args=(None,), message_id=RESPONSE|FRAMEWORK@Framework@0|fastran_000001@fastran@4|367)
2026-02-12 12:34:52,180 fastran_tr0_fastran_4 DEBUG    _invoke_service(): finish_task  (5, 0)
2026-02-12 12:34:52,180 fastran_tr0_fastran_4 DEBUG    _get_service_response(REQUEST|fastran_000001@fastran@4|FRAMEWORK@Framework@0|58)
2026-02-12 12:34:52,190 fastran_tr0_fastran_4 DEBUG    _get_service_response(REQUEST|fastran_000001@fastran@4|FRAMEWORK@Framework@0|58), response = ServiceResponseMessage(sender_id=FRAMEWORK@Framework@0, receiver_id=fastran_000001@fastran@4, request_msg_id=REQUEST|fastran_000001@fastran@4|FRAMEWORK@Framework@0|58,status=0, args=(0,), message_id=RESPONSE|FRAMEWORK@Framework@0|fastran_000001@fastran@4|368)
2026-02-12 12:34:52,353 fastran_tr0_fastran_4 DEBUG    _invoke_service(): update_state  (['s000001.00001', 'g000001.00001', 'i000001.00001'], '/pscratch/sd/y/yashu_gh/FREDA_KSTAR_2/ips-fastran/examples/far3d/example1/SCAN/work/fastran_tr0_fastran_4', '/pscratch/sd/y/yashu_gh/FREDA_KSTAR_2/ips-fastran/examples/far3d/example1/SCAN/work/plasma_state')
2026-02-12 12:34:52,353 fastran_tr0_fastran_4 DEBUG    _get_service_response(REQUEST|fastran_000001@fastran@4|FRAMEWORK@Framework@0|59)
2026-02-12 12:34:52,374 fastran_tr0_fastran_4 DEBUG    _get_service_response(REQUEST|fastran_000001@fastran@4|FRAMEWORK@Framework@0|59), response = ServiceResponseMessage(sender_id=FRAMEWORK@Framework@0, receiver_id=fastran_000001@fastran@4, request_msg_id=REQUEST|fastran_000001@fastran@4|FRAMEWORK@Framework@0|59,status=0, args=(0,), message_id=RESPONSE|FRAMEWORK@Framework@0|fastran_000001@fastran@4|370)
2026-02-12 12:34:52,374 fastran_tr0_fastran_4 DEBUG    _invoke_service(): getTopic  ('_IPS_MONITOR',)
2026-02-12 12:34:52,374 fastran_tr0_fastran_4 DEBUG    _get_service_response(REQUEST|fastran_000001@fastran@4|FRAMEWORK@Framework@0|60)
2026-02-12 12:34:52,385 fastran_tr0_fastran_4 DEBUG    _get_service_response(REQUEST|fastran_000001@fastran@4|FRAMEWORK@Framework@0|60), response = ServiceResponseMessage(sender_id=FRAMEWORK@Framework@0, receiver_id=fastran_000001@fastran@4, request_msg_id=REQUEST|fastran_000001@fastran@4|FRAMEWORK@Framework@0|60,status=0, args=(<ipsframework.cca_es_spec.Topic object at 0x14e1e9e61970>,), message_id=RESPONSE|FRAMEWORK@Framework@0|fastran_000001@fastran@4|371)
2026-02-12 12:34:52,385 fastran_tr0_fastran_4 DEBUG    _invoke_service(): sendEvent  ('_IPS_MONITOR', 'PORTAL_EVENT', {'sim_name': 'fastran_000001', 'real_sim_name': 'fastran_000001', 'portal_data': {'code': 'fastran_tr0_fastran', 'eventtype': 'IPS_UPDATE_STATE', 'ok': True, 'walltime': '39.57', 'time': '2026-02-12|12:34:52PST', 'trace': {'timestamp': 1770928492353514, 'duration': 21034, 'localEndpoint': {'serviceName': 'update_state'}, 'name': "['s000001.00001', 'g000001.00001', 'i000001.00001']", 'id': '7629e189a66153c0', 'parentId': '5fc89af0852fdd61', 'tags': {}}, 'state': 'Running', 'comment': 'Elapsed time = 0.021   files = s000001.00001 g000001.00001 i000001.00001 Success'}})
2026-02-12 12:34:52,385 fastran_tr0_fastran_4 DEBUG    _get_service_response(REQUEST|fastran_000001@fastran@4|FRAMEWORK@Framework@0|61)
2026-02-12 12:34:52,395 fastran_tr0_fastran_4 DEBUG    _get_service_response(REQUEST|fastran_000001@fastran@4|FRAMEWORK@Framework@0|61), response = ServiceResponseMessage(sender_id=FRAMEWORK@Framework@0, receiver_id=fastran_000001@fastran@4, request_msg_id=REQUEST|fastran_000001@fastran@4|FRAMEWORK@Framework@0|61,status=0, args=(None,), message_id=RESPONSE|FRAMEWORK@Framework@0|fastran_000001@fastran@4|372)
2026-02-12 12:34:52,417 fastran_tr0_fastran_4 DEBUG    _invoke_service(): getTopic  ('_IPS_MONITOR',)
2026-02-12 12:34:52,417 fastran_tr0_fastran_4 DEBUG    _get_service_response(REQUEST|fastran_000001@fastran@4|FRAMEWORK@Framework@0|62)
2026-02-12 12:34:52,427 fastran_tr0_fastran_4 DEBUG    _get_service_response(REQUEST|fastran_000001@fastran@4|FRAMEWORK@Framework@0|62), response = ServiceResponseMessage(sender_id=FRAMEWORK@Framework@0, receiver_id=fastran_000001@fastran@4, request_msg_id=REQUEST|fastran_000001@fastran@4|FRAMEWORK@Framework@0|62,status=0, args=(<ipsframework.cca_es_spec.Topic object at 0x14e1e9e61ac0>,), message_id=RESPONSE|FRAMEWORK@Framework@0|fastran_000001@fastran@4|373)
2026-02-12 12:34:52,427 fastran_tr0_fastran_4 DEBUG    _invoke_service(): sendEvent  ('_IPS_MONITOR', 'PORTAL_EVENT', {'sim_name': 'fastran_000001', 'real_sim_name': 'fastran_000001', 'portal_data': {'code': 'fastran_tr0_fastran', 'eventtype': 'IPS_STAGE_OUTPUTS', 'ok': True, 'walltime': '39.61', 'time': '2026-02-12|12:34:52PST', 'trace': {'timestamp': 1770928492396008, 'duration': 21003, 'localEndpoint': {'serviceName': 'stage_output_files'}, 'name': "['fastran.nc', 'inprof', 'inmetric', 'infastran', 'intglf', 'xfastran.log', 'i000001.00001']", 'id': '7349cfaaafc33980', 'parentId': '5fc89af0852fdd61', 'tags': {}}, 'state': 'Running', 'comment': "Elapsed time = 0.021 Path = /pscratch/sd/y/yashu_gh/FREDA_KSTAR_2/ips-fastran/examples/far3d/example1/SCAN/simulation_results/preprocess_3/components/fastran_tr0_fastran_4 Files = ['fastran.nc', 'inprof', 'inmetric', 'infastran', 'intglf', 'xfastran.log', 'i000001.00001']"}})
2026-02-12 12:34:52,427 fastran_tr0_fastran_4 DEBUG    _get_service_response(REQUEST|fastran_000001@fastran@4|FRAMEWORK@Framework@0|63)
2026-02-12 12:34:52,438 fastran_tr0_fastran_4 DEBUG    _get_service_response(REQUEST|fastran_000001@fastran@4|FRAMEWORK@Framework@0|63), response = ServiceResponseMessage(sender_id=FRAMEWORK@Framework@0, receiver_id=fastran_000001@fastran@4, request_msg_id=REQUEST|fastran_000001@fastran@4|FRAMEWORK@Framework@0|63,status=0, args=(None,), message_id=RESPONSE|FRAMEWORK@Framework@0|fastran_000001@fastran@4|374)
2026-02-12 12:34:52,448 fastran_driver_fastran_driver_2 DEBUG    _get_service_response(REQUEST|fastran_000001@fastran_driver@2|FRAMEWORK@Framework@0|146), response = ServiceResponseMessage(sender_id=FRAMEWORK@Framework@0, receiver_id=fastran_000001@fastran_driver@2, request_msg_id=REQUEST|fastran_000001@fastran_driver@2|FRAMEWORK@Framework@0|146,status=0, args=((None,),), message_id=RESPONSE|FRAMEWORK@Framework@0|fastran_000001@fastran_driver@2|375)
2026-02-12 12:34:52,449 fastran_driver_fastran_driver_2 DEBUG    _invoke_service(): getTopic  ('_IPS_MONITOR',)
2026-02-12 12:34:52,449 fastran_driver_fastran_driver_2 DEBUG    _get_service_response(REQUEST|fastran_000001@fastran_driver@2|FRAMEWORK@Framework@0|147)
2026-02-12 12:34:52,459 fastran_driver_fastran_driver_2 DEBUG    _get_service_response(REQUEST|fastran_000001@fastran_driver@2|FRAMEWORK@Framework@0|147), response = ServiceResponseMessage(sender_id=FRAMEWORK@Framework@0, receiver_id=fastran_000001@fastran_driver@2, request_msg_id=REQUEST|fastran_000001@fastran_driver@2|FRAMEWORK@Framework@0|147,status=0, args=(<ipsframework.cca_es_spec.Topic object at 0x14e1e9e3ad30>,), message_id=RESPONSE|FRAMEWORK@Framework@0|fastran_000001@fastran_driver@2|376)
2026-02-12 12:34:52,459 fastran_driver_fastran_driver_2 DEBUG    _invoke_service(): sendEvent  ('_IPS_MONITOR', 'PORTAL_EVENT', {'sim_name': 'fastran_000001', 'real_sim_name': 'fastran_000001', 'portal_data': {'code': 'fastran_driver_fastran_driver', 'eventtype': 'IPS_CALL_END', 'ok': True, 'walltime': '39.65', 'time': '2026-02-12|12:34:52PST', 'trace': {'timestamp': 1770928491647546, 'duration': 801382, 'localEndpoint': {'serviceName': 'fastran_000001@fastran@4'}, 'name': 'step(preprocess_3)', 'id': '5fc89af0852fdd61', 'parentId': '15e0663de819b9fa', 'tags': {}}, 'state': 'Running', 'comment': 'Target = fastran_000001@fastran@4:step(preprocess_3)'}})
2026-02-12 12:34:52,460 fastran_driver_fastran_driver_2 DEBUG    _get_service_response(REQUEST|fastran_000001@fastran_driver@2|FRAMEWORK@Framework@0|148)
2026-02-12 12:34:52,470 fastran_driver_fastran_driver_2 DEBUG    _get_service_response(REQUEST|fastran_000001@fastran_driver@2|FRAMEWORK@Framework@0|148), response = ServiceResponseMessage(sender_id=FRAMEWORK@Framework@0, receiver_id=fastran_000001@fastran_driver@2, request_msg_id=REQUEST|fastran_000001@fastran_driver@2|FRAMEWORK@Framework@0|148,status=0, args=(None,), message_id=RESPONSE|FRAMEWORK@Framework@0|fastran_000001@fastran_driver@2|377)
2026-02-12 12:34:52,471 fastran_driver_fastran_driver_2 DEBUG    _invoke_service(): getTopic  ('_IPS_MONITOR',)
2026-02-12 12:34:52,471 fastran_driver_fastran_driver_2 DEBUG    _get_service_response(REQUEST|fastran_000001@fastran_driver@2|FRAMEWORK@Framework@0|149)
2026-02-12 12:34:52,482 fastran_driver_fastran_driver_2 DEBUG    _get_service_response(REQUEST|fastran_000001@fastran_driver@2|FRAMEWORK@Framework@0|149), response = ServiceResponseMessage(sender_id=FRAMEWORK@Framework@0, receiver_id=fastran_000001@fastran_driver@2, request_msg_id=REQUEST|fastran_000001@fastran_driver@2|FRAMEWORK@Framework@0|149,status=0, args=(<ipsframework.cca_es_spec.Topic object at 0x14e1e9e3ad90>,), message_id=RESPONSE|FRAMEWORK@Framework@0|fastran_000001@fastran_driver@2|378)
2026-02-12 12:34:52,482 fastran_driver_fastran_driver_2 DEBUG    _invoke_service(): sendEvent  ('_IPS_MONITOR', 'PORTAL_EVENT', {'sim_name': 'fastran_000001', 'real_sim_name': 'fastran_000001', 'portal_data': {'code': 'fastran_driver_fastran_driver', 'eventtype': 'IPS_CALL_BEGIN', 'ok': True, 'walltime': '39.67', 'time': '2026-02-12|12:34:52PST', 'state': 'Running', 'comment': 'Target = fastran_000001@constraint_current@5:step(preprocess_3)'}})
2026-02-12 12:34:52,482 fastran_driver_fastran_driver_2 DEBUG    _get_service_response(REQUEST|fastran_000001@fastran_driver@2|FRAMEWORK@Framework@0|150)
2026-02-12 12:34:52,493 fastran_driver_fastran_driver_2 DEBUG    _get_service_response(REQUEST|fastran_000001@fastran_driver@2|FRAMEWORK@Framework@0|150), response = ServiceResponseMessage(sender_id=FRAMEWORK@Framework@0, receiver_id=fastran_000001@fastran_driver@2, request_msg_id=REQUEST|fastran_000001@fastran_driver@2|FRAMEWORK@Framework@0|150,status=0, args=(None,), message_id=RESPONSE|FRAMEWORK@Framework@0|fastran_000001@fastran_driver@2|379)
2026-02-12 12:34:52,493 fastran_driver_fastran_driver_2 DEBUG    _invoke_service(): init_call  ('step', 'preprocess_3')
2026-02-12 12:34:52,493 fastran_driver_fastran_driver_2 DEBUG    _get_service_response(REQUEST|fastran_000001@fastran_driver@2|FRAMEWORK@Framework@0|151)
2026-02-12 12:34:52,494 fastran_pre_constraint_current_5 DEBUG    Received Message 
2026-02-12 12:34:52,494 fastran_pre_constraint_current_5 DEBUG    Calling method step(preprocess_3)
2026-02-12 12:34:52,494 fastran_pre_constraint_current_5 DEBUG    _invoke_service(): stage_state  (['s000001.00001', 'g000001.00001', 'i000001.00001'], '/pscratch/sd/y/yashu_gh/FREDA_KSTAR_2/ips-fastran/examples/far3d/example1/SCAN/work/plasma_state', '/pscratch/sd/y/yashu_gh/FREDA_KSTAR_2/ips-fastran/examples/far3d/example1/SCAN/work/fastran_pre_constraint_current_5')
2026-02-12 12:34:52,494 fastran_pre_constraint_current_5 DEBUG    _get_service_response(REQUEST|fastran_000001@constraint_current@5|FRAMEWORK@Framework@0|30)
2026-02-12 12:34:52,504 fastran_driver_fastran_driver_2 DEBUG    _get_service_response(REQUEST|fastran_000001@fastran_driver@2|FRAMEWORK@Framework@0|151), response = ServiceResponseMessage(sender_id=FRAMEWORK@Framework@0, receiver_id=fastran_000001@fastran_driver@2, request_msg_id=REQUEST|fastran_000001@fastran_driver@2|FRAMEWORK@Framework@0|151,status=0, args=(30,), message_id=RESPONSE|FRAMEWORK@Framework@0|fastran_000001@fastran_driver@2|380)
2026-02-12 12:34:52,504 fastran_driver_fastran_driver_2 DEBUG    _invoke_service(): wait_call  (30, True)
2026-02-12 12:34:52,504 fastran_driver_fastran_driver_2 DEBUG    _get_service_response(REQUEST|fastran_000001@fastran_driver@2|FRAMEWORK@Framework@0|152)
2026-02-12 12:34:52,515 fastran_pre_constraint_current_5 DEBUG    _get_service_response(REQUEST|fastran_000001@constraint_current@5|FRAMEWORK@Framework@0|30), response = ServiceResponseMessage(sender_id=FRAMEWORK@Framework@0, receiver_id=fastran_000001@constraint_current@5, request_msg_id=REQUEST|fastran_000001@constraint_current@5|FRAMEWORK@Framework@0|30,status=0, args=(0,), message_id=RESPONSE|FRAMEWORK@Framework@0|fastran_000001@constraint_current@5|381)
2026-02-12 12:34:52,516 fastran_pre_constraint_current_5 DEBUG    _invoke_service(): getTopic  ('_IPS_MONITOR',)
2026-02-12 12:34:52,516 fastran_pre_constraint_current_5 DEBUG    _get_service_response(REQUEST|fastran_000001@constraint_current@5|FRAMEWORK@Framework@0|31)
2026-02-12 12:34:52,526 fastran_pre_constraint_current_5 DEBUG    _get_service_response(REQUEST|fastran_000001@constraint_current@5|FRAMEWORK@Framework@0|31), response = ServiceResponseMessage(sender_id=FRAMEWORK@Framework@0, receiver_id=fastran_000001@constraint_current@5, request_msg_id=REQUEST|fastran_000001@constraint_current@5|FRAMEWORK@Framework@0|31,status=0, args=(<ipsframework.cca_es_spec.Topic object at 0x14e1e9e5be20>,), message_id=RESPONSE|FRAMEWORK@Framework@0|fastran_000001@constraint_current@5|382)
2026-02-12 12:34:52,526 fastran_pre_constraint_current_5 DEBUG    _invoke_service(): sendEvent  ('_IPS_MONITOR', 'PORTAL_EVENT', {'sim_name': 'fastran_000001', 'real_sim_name': 'fastran_000001', 'portal_data': {'code': 'fastran_pre_constraint_current', 'eventtype': 'IPS_STAGE_STATE', 'ok': True, 'walltime': '39.71', 'time': '2026-02-12|12:34:52PST', 'trace': {'timestamp': 1770928492494292, 'duration': 21679, 'localEndpoint': {'serviceName': 'stage_state'}, 'name': "['s000001.00001', 'g000001.00001', 'i000001.00001']", 'id': '71885aecf25d7412', 'parentId': '00e3a2b69a22ae25', 'tags': {}}, 'state': 'Running', 'comment': 'Elapsed time = 0.022  files = s000001.00001 g000001.00001 i000001.00001 Success'}})
2026-02-12 12:34:52,526 fastran_pre_constraint_current_5 DEBUG    _get_service_response(REQUEST|fastran_000001@constraint_current@5|FRAMEWORK@Framework@0|32)
2026-02-12 12:34:52,537 fastran_pre_constraint_current_5 DEBUG    _get_service_response(REQUEST|fastran_000001@constraint_current@5|FRAMEWORK@Framework@0|32), response = ServiceResponseMessage(sender_id=FRAMEWORK@Framework@0, receiver_id=fastran_000001@constraint_current@5, request_msg_id=REQUEST|fastran_000001@constraint_current@5|FRAMEWORK@Framework@0|32,status=0, args=(None,), message_id=RESPONSE|FRAMEWORK@Framework@0|fastran_000001@constraint_current@5|383)
2026-02-12 12:34:52,537 fastran_pre_constraint_current_5 DEBUG    _invoke_service(): getTopic  ('_IPS_MONITOR',)
2026-02-12 12:34:52,537 fastran_pre_constraint_current_5 DEBUG    _get_service_response(REQUEST|fastran_000001@constraint_current@5|FRAMEWORK@Framework@0|33)
2026-02-12 12:34:52,547 fastran_pre_constraint_current_5 DEBUG    _get_service_response(REQUEST|fastran_000001@constraint_current@5|FRAMEWORK@Framework@0|33), response = ServiceResponseMessage(sender_id=FRAMEWORK@Framework@0, receiver_id=fastran_000001@constraint_current@5, request_msg_id=REQUEST|fastran_000001@constraint_current@5|FRAMEWORK@Framework@0|33,status=0, args=(<ipsframework.cca_es_spec.Topic object at 0x14e1e9e68160>,), message_id=RESPONSE|FRAMEWORK@Framework@0|fastran_000001@constraint_current@5|384)
2026-02-12 12:34:52,548 fastran_pre_constraint_current_5 DEBUG    _invoke_service(): sendEvent  ('_IPS_MONITOR', 'PORTAL_EVENT', {'sim_name': 'fastran_000001', 'real_sim_name': 'fastran_000001', 'portal_data': {'code': 'fastran_pre_constraint_current', 'eventtype': 'IPS_STAGE_INPUTS', 'ok': True, 'walltime': '39.73', 'time': '2026-02-12|12:34:52PST', 'trace': {'timestamp': 1770928492537269, 'duration': 55, 'localEndpoint': {'serviceName': 'stage_input_files'}, 'name': '', 'id': 'e70cb59b389672bf', 'parentId': '00e3a2b69a22ae25', 'tags': {}}, 'state': 'Running', 'comment': 'Elapsed time = 0.000 Path = /pscratch/sd/y/yashu_gh/FREDA_KSTAR_2/ips-fastran/examples/far3d/example1/input Files = '}})
2026-02-12 12:34:52,548 fastran_pre_constraint_current_5 DEBUG    _get_service_response(REQUEST|fastran_000001@constraint_current@5|FRAMEWORK@Framework@0|34)
2026-02-12 12:34:52,559 fastran_pre_constraint_current_5 DEBUG    _get_service_response(REQUEST|fastran_000001@constraint_current@5|FRAMEWORK@Framework@0|34), response = ServiceResponseMessage(sender_id=FRAMEWORK@Framework@0, receiver_id=fastran_000001@constraint_current@5, request_msg_id=REQUEST|fastran_000001@constraint_current@5|FRAMEWORK@Framework@0|34,status=0, args=(None,), message_id=RESPONSE|FRAMEWORK@Framework@0|fastran_000001@constraint_current@5|385)
2026-02-12 12:34:52,665 fastran_pre_constraint_current_5 DEBUG    _invoke_service(): update_state  (['s000001.00001', 'g000001.00001', 'i000001.00001'], '/pscratch/sd/y/yashu_gh/FREDA_KSTAR_2/ips-fastran/examples/far3d/example1/SCAN/work/fastran_pre_constraint_current_5', '/pscratch/sd/y/yashu_gh/FREDA_KSTAR_2/ips-fastran/examples/far3d/example1/SCAN/work/plasma_state')
2026-02-12 12:34:52,665 fastran_pre_constraint_current_5 DEBUG    _get_service_response(REQUEST|fastran_000001@constraint_current@5|FRAMEWORK@Framework@0|35)
2026-02-12 12:34:52,686 fastran_pre_constraint_current_5 DEBUG    _get_service_response(REQUEST|fastran_000001@constraint_current@5|FRAMEWORK@Framework@0|35), response = ServiceResponseMessage(sender_id=FRAMEWORK@Framework@0, receiver_id=fastran_000001@constraint_current@5, request_msg_id=REQUEST|fastran_000001@constraint_current@5|FRAMEWORK@Framework@0|35,status=0, args=(0,), message_id=RESPONSE|FRAMEWORK@Framework@0|fastran_000001@constraint_current@5|386)
2026-02-12 12:34:52,686 fastran_pre_constraint_current_5 DEBUG    _invoke_service(): getTopic  ('_IPS_MONITOR',)
2026-02-12 12:34:52,686 fastran_pre_constraint_current_5 DEBUG    _get_service_response(REQUEST|fastran_000001@constraint_current@5|FRAMEWORK@Framework@0|36)
2026-02-12 12:34:52,697 fastran_pre_constraint_current_5 DEBUG    _get_service_response(REQUEST|fastran_000001@constraint_current@5|FRAMEWORK@Framework@0|36), response = ServiceResponseMessage(sender_id=FRAMEWORK@Framework@0, receiver_id=fastran_000001@constraint_current@5, request_msg_id=REQUEST|fastran_000001@constraint_current@5|FRAMEWORK@Framework@0|36,status=0, args=(<ipsframework.cca_es_spec.Topic object at 0x14e1e9e681c0>,), message_id=RESPONSE|FRAMEWORK@Framework@0|fastran_000001@constraint_current@5|387)
2026-02-12 12:34:52,697 fastran_pre_constraint_current_5 DEBUG    _invoke_service(): sendEvent  ('_IPS_MONITOR', 'PORTAL_EVENT', {'sim_name': 'fastran_000001', 'real_sim_name': 'fastran_000001', 'portal_data': {'code': 'fastran_pre_constraint_current', 'eventtype': 'IPS_UPDATE_STATE', 'ok': True, 'walltime': '39.88', 'time': '2026-02-12|12:34:52PST', 'trace': {'timestamp': 1770928492665658, 'duration': 21002, 'localEndpoint': {'serviceName': 'update_state'}, 'name': "['s000001.00001', 'g000001.00001', 'i000001.00001']", 'id': '7629e189a66153c0', 'parentId': '00e3a2b69a22ae25', 'tags': {}}, 'state': 'Running', 'comment': 'Elapsed time = 0.021   files = s000001.00001 g000001.00001 i000001.00001 Success'}})
2026-02-12 12:34:52,697 fastran_pre_constraint_current_5 DEBUG    _get_service_response(REQUEST|fastran_000001@constraint_current@5|FRAMEWORK@Framework@0|37)
2026-02-12 12:34:52,708 fastran_pre_constraint_current_5 DEBUG    _get_service_response(REQUEST|fastran_000001@constraint_current@5|FRAMEWORK@Framework@0|37), response = ServiceResponseMessage(sender_id=FRAMEWORK@Framework@0, receiver_id=fastran_000001@constraint_current@5, request_msg_id=REQUEST|fastran_000001@constraint_current@5|FRAMEWORK@Framework@0|37,status=0, args=(None,), message_id=RESPONSE|FRAMEWORK@Framework@0|fastran_000001@constraint_current@5|388)
2026-02-12 12:34:52,708 fastran_pre_constraint_current_5 DEBUG    _invoke_service(): getTopic  ('_IPS_MONITOR',)
2026-02-12 12:34:52,708 fastran_pre_constraint_current_5 DEBUG    _get_service_response(REQUEST|fastran_000001@constraint_current@5|FRAMEWORK@Framework@0|38)
2026-02-12 12:34:52,719 fastran_pre_constraint_current_5 DEBUG    _get_service_response(REQUEST|fastran_000001@constraint_current@5|FRAMEWORK@Framework@0|38), response = ServiceResponseMessage(sender_id=FRAMEWORK@Framework@0, receiver_id=fastran_000001@constraint_current@5, request_msg_id=REQUEST|fastran_000001@constraint_current@5|FRAMEWORK@Framework@0|38,status=0, args=(<ipsframework.cca_es_spec.Topic object at 0x14e1e9e682e0>,), message_id=RESPONSE|FRAMEWORK@Framework@0|fastran_000001@constraint_current@5|389)
2026-02-12 12:34:52,719 fastran_pre_constraint_current_5 DEBUG    _invoke_service(): sendEvent  ('_IPS_MONITOR', 'PORTAL_EVENT', {'sim_name': 'fastran_000001', 'real_sim_name': 'fastran_000001', 'portal_data': {'code': 'fastran_pre_constraint_current', 'eventtype': 'IPS_STAGE_OUTPUTS', 'ok': True, 'walltime': '39.91', 'time': '2026-02-12|12:34:52PST', 'trace': {'timestamp': 1770928492708405, 'duration': 193, 'localEndpoint': {'serviceName': 'stage_output_files'}, 'name': '[]', 'id': 'ed019efe11be26d9', 'parentId': '00e3a2b69a22ae25', 'tags': {}}, 'state': 'Running', 'comment': 'Elapsed time = 0.000 Path = /pscratch/sd/y/yashu_gh/FREDA_KSTAR_2/ips-fastran/examples/far3d/example1/SCAN/simulation_results/preprocess_3/components/fastran_pre_constraint_current_5 Files = []'}})
2026-02-12 12:34:52,719 fastran_pre_constraint_current_5 DEBUG    _get_service_response(REQUEST|fastran_000001@constraint_current@5|FRAMEWORK@Framework@0|39)
2026-02-12 12:34:52,730 fastran_pre_constraint_current_5 DEBUG    _get_service_response(REQUEST|fastran_000001@constraint_current@5|FRAMEWORK@Framework@0|39), response = ServiceResponseMessage(sender_id=FRAMEWORK@Framework@0, receiver_id=fastran_000001@constraint_current@5, request_msg_id=REQUEST|fastran_000001@constraint_current@5|FRAMEWORK@Framework@0|39,status=0, args=(None,), message_id=RESPONSE|FRAMEWORK@Framework@0|fastran_000001@constraint_current@5|390)
2026-02-12 12:34:52,741 fastran_driver_fastran_driver_2 DEBUG    _get_service_response(REQUEST|fastran_000001@fastran_driver@2|FRAMEWORK@Framework@0|152), response = ServiceResponseMessage(sender_id=FRAMEWORK@Framework@0, receiver_id=fastran_000001@fastran_driver@2, request_msg_id=REQUEST|fastran_000001@fastran_driver@2|FRAMEWORK@Framework@0|152,status=0, args=((None,),), message_id=RESPONSE|FRAMEWORK@Framework@0|fastran_000001@fastran_driver@2|391)
2026-02-12 12:34:52,741 fastran_driver_fastran_driver_2 DEBUG    _invoke_service(): getTopic  ('_IPS_MONITOR',)
2026-02-12 12:34:52,741 fastran_driver_fastran_driver_2 DEBUG    _get_service_response(REQUEST|fastran_000001@fastran_driver@2|FRAMEWORK@Framework@0|153)
2026-02-12 12:34:52,752 fastran_driver_fastran_driver_2 DEBUG    _get_service_response(REQUEST|fastran_000001@fastran_driver@2|FRAMEWORK@Framework@0|153), response = ServiceResponseMessage(sender_id=FRAMEWORK@Framework@0, receiver_id=fastran_000001@fastran_driver@2, request_msg_id=REQUEST|fastran_000001@fastran_driver@2|FRAMEWORK@Framework@0|153,status=0, args=(<ipsframework.cca_es_spec.Topic object at 0x14e1e9e3ad30>,), message_id=RESPONSE|FRAMEWORK@Framework@0|fastran_000001@fastran_driver@2|392)
2026-02-12 12:34:52,752 fastran_driver_fastran_driver_2 DEBUG    _invoke_service(): sendEvent  ('_IPS_MONITOR', 'PORTAL_EVENT', {'sim_name': 'fastran_000001', 'real_sim_name': 'fastran_000001', 'portal_data': {'code': 'fastran_driver_fastran_driver', 'eventtype': 'IPS_CALL_END', 'ok': True, 'walltime': '39.94', 'time': '2026-02-12|12:34:52PST', 'trace': {'timestamp': 1770928492504262, 'duration': 236845, 'localEndpoint': {'serviceName': 'fastran_000001@constraint_current@5'}, 'name': 'step(preprocess_3)', 'id': '00e3a2b69a22ae25', 'parentId': '15e0663de819b9fa', 'tags': {}}, 'state': 'Running', 'comment': 'Target = fastran_000001@constraint_current@5:step(preprocess_3)'}})
2026-02-12 12:34:52,752 fastran_driver_fastran_driver_2 DEBUG    _get_service_response(REQUEST|fastran_000001@fastran_driver@2|FRAMEWORK@Framework@0|154)
2026-02-12 12:34:52,763 fastran_driver_fastran_driver_2 DEBUG    _get_service_response(REQUEST|fastran_000001@fastran_driver@2|FRAMEWORK@Framework@0|154), response = ServiceResponseMessage(sender_id=FRAMEWORK@Framework@0, receiver_id=fastran_000001@fastran_driver@2, request_msg_id=REQUEST|fastran_000001@fastran_driver@2|FRAMEWORK@Framework@0|154,status=0, args=(None,), message_id=RESPONSE|FRAMEWORK@Framework@0|fastran_000001@fastran_driver@2|393)
2026-02-12 12:34:52,763 fastran_driver_fastran_driver_2 DEBUG    _invoke_service(): getTopic  ('_IPS_MONITOR',)
2026-02-12 12:34:52,763 fastran_driver_fastran_driver_2 DEBUG    _get_service_response(REQUEST|fastran_000001@fastran_driver@2|FRAMEWORK@Framework@0|155)
2026-02-12 12:34:52,774 fastran_driver_fastran_driver_2 DEBUG    _get_service_response(REQUEST|fastran_000001@fastran_driver@2|FRAMEWORK@Framework@0|155), response = ServiceResponseMessage(sender_id=FRAMEWORK@Framework@0, receiver_id=fastran_000001@fastran_driver@2, request_msg_id=REQUEST|fastran_000001@fastran_driver@2|FRAMEWORK@Framework@0|155,status=0, args=(<ipsframework.cca_es_spec.Topic object at 0x14e1e9e3aca0>,), message_id=RESPONSE|FRAMEWORK@Framework@0|fastran_000001@fastran_driver@2|394)
2026-02-12 12:34:52,774 fastran_driver_fastran_driver_2 DEBUG    _invoke_service(): sendEvent  ('_IPS_MONITOR', 'PORTALBRIDGE_UPDATE_TIMESTAMP', {'sim_name': 'fastran_000001', 'real_sim_name': 'fastran_000001', 'portal_data': {'phystimestamp': 'preprocess_4', 'eventtype': 'PORTALBRIDGE_UPDATE_TIMESTAMP'}})
2026-02-12 12:34:52,774 fastran_driver_fastran_driver_2 DEBUG    _get_service_response(REQUEST|fastran_000001@fastran_driver@2|FRAMEWORK@Framework@0|156)
2026-02-12 12:34:52,785 fastran_driver_fastran_driver_2 DEBUG    _get_service_response(REQUEST|fastran_000001@fastran_driver@2|FRAMEWORK@Framework@0|156), response = ServiceResponseMessage(sender_id=FRAMEWORK@Framework@0, receiver_id=fastran_000001@fastran_driver@2, request_msg_id=REQUEST|fastran_000001@fastran_driver@2|FRAMEWORK@Framework@0|156,status=0, args=(None,), message_id=RESPONSE|FRAMEWORK@Framework@0|fastran_000001@fastran_driver@2|395)
2026-02-12 12:34:52,785 fastran_driver_fastran_driver_2 DEBUG    _invoke_service(): getTopic  ('_IPS_MONITOR',)
2026-02-12 12:34:52,785 fastran_driver_fastran_driver_2 DEBUG    _get_service_response(REQUEST|fastran_000001@fastran_driver@2|FRAMEWORK@Framework@0|157)
2026-02-12 12:34:52,796 fastran_driver_fastran_driver_2 DEBUG    _get_service_response(REQUEST|fastran_000001@fastran_driver@2|FRAMEWORK@Framework@0|157), response = ServiceResponseMessage(sender_id=FRAMEWORK@Framework@0, receiver_id=fastran_000001@fastran_driver@2, request_msg_id=REQUEST|fastran_000001@fastran_driver@2|FRAMEWORK@Framework@0|157,status=0, args=(<ipsframework.cca_es_spec.Topic object at 0x14e1e9e3acd0>,), message_id=RESPONSE|FRAMEWORK@Framework@0|fastran_000001@fastran_driver@2|396)
2026-02-12 12:34:52,796 fastran_driver_fastran_driver_2 DEBUG    _invoke_service(): sendEvent  ('_IPS_MONITOR', 'PORTAL_EVENT', {'sim_name': 'fastran_000001', 'real_sim_name': 'fastran_000001', 'portal_data': {'code': 'fastran_driver_fastran_driver', 'eventtype': 'IPS_UPDATE_TIME_STAMP', 'ok': True, 'walltime': '39.98', 'time': '2026-02-12|12:34:52PST', 'state': 'Running', 'comment': 'Timestamp = preprocess_4'}})
2026-02-12 12:34:52,796 fastran_driver_fastran_driver_2 DEBUG    _get_service_response(REQUEST|fastran_000001@fastran_driver@2|FRAMEWORK@Framework@0|158)
2026-02-12 12:34:52,807 fastran_driver_fastran_driver_2 DEBUG    _get_service_response(REQUEST|fastran_000001@fastran_driver@2|FRAMEWORK@Framework@0|158), response = ServiceResponseMessage(sender_id=FRAMEWORK@Framework@0, receiver_id=fastran_000001@fastran_driver@2, request_msg_id=REQUEST|fastran_000001@fastran_driver@2|FRAMEWORK@Framework@0|158,status=0, args=(None,), message_id=RESPONSE|FRAMEWORK@Framework@0|fastran_000001@fastran_driver@2|397)
2026-02-12 12:34:52,807 fastran_driver_fastran_driver_2 DEBUG    _invoke_service(): getTopic  ('_IPS_MONITOR',)
2026-02-12 12:34:52,808 fastran_driver_fastran_driver_2 DEBUG    _get_service_response(REQUEST|fastran_000001@fastran_driver@2|FRAMEWORK@Framework@0|159)
2026-02-12 12:34:52,818 fastran_driver_fastran_driver_2 DEBUG    _get_service_response(REQUEST|fastran_000001@fastran_driver@2|FRAMEWORK@Framework@0|159), response = ServiceResponseMessage(sender_id=FRAMEWORK@Framework@0, receiver_id=fastran_000001@fastran_driver@2, request_msg_id=REQUEST|fastran_000001@fastran_driver@2|FRAMEWORK@Framework@0|159,status=0, args=(<ipsframework.cca_es_spec.Topic object at 0x14e1e9e3ad30>,), message_id=RESPONSE|FRAMEWORK@Framework@0|fastran_000001@fastran_driver@2|399)
2026-02-12 12:34:52,818 fastran_driver_fastran_driver_2 DEBUG    _invoke_service(): sendEvent  ('_IPS_MONITOR', 'PORTAL_EVENT', {'sim_name': 'fastran_000001', 'real_sim_name': 'fastran_000001', 'portal_data': {'code': 'fastran_driver_fastran_driver', 'eventtype': 'IPS_CALL_BEGIN', 'ok': True, 'walltime': '40.01', 'time': '2026-02-12|12:34:52PST', 'state': 'Running', 'comment': 'Target = fastran_000001@efit@3:step(preprocess_4)'}})
2026-02-12 12:34:52,818 fastran_driver_fastran_driver_2 DEBUG    _get_service_response(REQUEST|fastran_000001@fastran_driver@2|FRAMEWORK@Framework@0|160)
2026-02-12 12:34:52,829 fastran_driver_fastran_driver_2 DEBUG    _get_service_response(REQUEST|fastran_000001@fastran_driver@2|FRAMEWORK@Framework@0|160), response = ServiceResponseMessage(sender_id=FRAMEWORK@Framework@0, receiver_id=fastran_000001@fastran_driver@2, request_msg_id=REQUEST|fastran_000001@fastran_driver@2|FRAMEWORK@Framework@0|160,status=0, args=(None,), message_id=RESPONSE|FRAMEWORK@Framework@0|fastran_000001@fastran_driver@2|400)
2026-02-12 12:34:52,829 fastran_driver_fastran_driver_2 DEBUG    _invoke_service(): init_call  ('step', 'preprocess_4')
2026-02-12 12:34:52,829 fastran_driver_fastran_driver_2 DEBUG    _get_service_response(REQUEST|fastran_000001@fastran_driver@2|FRAMEWORK@Framework@0|161)
2026-02-12 12:34:52,830 fastran_eq0_efit_3 DEBUG    Received Message 
2026-02-12 12:34:52,830 fastran_eq0_efit_3 DEBUG    Calling method step(preprocess_4)
2026-02-12 12:34:52,831 fastran_eq0_efit_3 DEBUG    _invoke_service(): stage_state  (['s000001.00001', 'g000001.00001', 'i000001.00001'], '/pscratch/sd/y/yashu_gh/FREDA_KSTAR_2/ips-fastran/examples/far3d/example1/SCAN/work/plasma_state', '/pscratch/sd/y/yashu_gh/FREDA_KSTAR_2/ips-fastran/examples/far3d/example1/SCAN/work/fastran_eq0_efit_3')
2026-02-12 12:34:52,831 fastran_eq0_efit_3 DEBUG    _get_service_response(REQUEST|fastran_000001@efit@3|FRAMEWORK@Framework@0|38)
2026-02-12 12:34:52,840 fastran_driver_fastran_driver_2 DEBUG    _get_service_response(REQUEST|fastran_000001@fastran_driver@2|FRAMEWORK@Framework@0|161), response = ServiceResponseMessage(sender_id=FRAMEWORK@Framework@0, receiver_id=fastran_000001@fastran_driver@2, request_msg_id=REQUEST|fastran_000001@fastran_driver@2|FRAMEWORK@Framework@0|161,status=0, args=(31,), message_id=RESPONSE|FRAMEWORK@Framework@0|fastran_000001@fastran_driver@2|401)
2026-02-12 12:34:52,840 fastran_driver_fastran_driver_2 DEBUG    _invoke_service(): wait_call  (31, True)
2026-02-12 12:34:52,840 fastran_driver_fastran_driver_2 DEBUG    _get_service_response(REQUEST|fastran_000001@fastran_driver@2|FRAMEWORK@Framework@0|162)
2026-02-12 12:34:52,859 fastran_eq0_efit_3 DEBUG    _get_service_response(REQUEST|fastran_000001@efit@3|FRAMEWORK@Framework@0|38), response = ServiceResponseMessage(sender_id=FRAMEWORK@Framework@0, receiver_id=fastran_000001@efit@3, request_msg_id=REQUEST|fastran_000001@efit@3|FRAMEWORK@Framework@0|38,status=0, args=(0,), message_id=RESPONSE|FRAMEWORK@Framework@0|fastran_000001@efit@3|402)
2026-02-12 12:34:52,859 fastran_eq0_efit_3 DEBUG    _invoke_service(): getTopic  ('_IPS_MONITOR',)
2026-02-12 12:34:52,859 fastran_eq0_efit_3 DEBUG    _get_service_response(REQUEST|fastran_000001@efit@3|FRAMEWORK@Framework@0|39)
2026-02-12 12:34:52,870 fastran_eq0_efit_3 DEBUG    _get_service_response(REQUEST|fastran_000001@efit@3|FRAMEWORK@Framework@0|39), response = ServiceResponseMessage(sender_id=FRAMEWORK@Framework@0, receiver_id=fastran_000001@efit@3, request_msg_id=REQUEST|fastran_000001@efit@3|FRAMEWORK@Framework@0|39,status=0, args=(<ipsframework.cca_es_spec.Topic object at 0x14e1e9e45f70>,), message_id=RESPONSE|FRAMEWORK@Framework@0|fastran_000001@efit@3|403)
2026-02-12 12:34:52,870 fastran_eq0_efit_3 DEBUG    _invoke_service(): sendEvent  ('_IPS_MONITOR', 'PORTAL_EVENT', {'sim_name': 'fastran_000001', 'real_sim_name': 'fastran_000001', 'portal_data': {'code': 'fastran_eq0_efit', 'eventtype': 'IPS_STAGE_STATE', 'ok': True, 'walltime': '40.06', 'time': '2026-02-12|12:34:52PST', 'trace': {'timestamp': 1770928492831169, 'duration': 28427, 'localEndpoint': {'serviceName': 'stage_state'}, 'name': "['s000001.00001', 'g000001.00001', 'i000001.00001']", 'id': '71885aecf25d7412', 'parentId': 'a4e3696001d19633', 'tags': {}}, 'state': 'Running', 'comment': 'Elapsed time = 0.028  files = s000001.00001 g000001.00001 i000001.00001 Success'}})
2026-02-12 12:34:52,870 fastran_eq0_efit_3 DEBUG    _get_service_response(REQUEST|fastran_000001@efit@3|FRAMEWORK@Framework@0|40)
2026-02-12 12:34:52,881 fastran_eq0_efit_3 DEBUG    _get_service_response(REQUEST|fastran_000001@efit@3|FRAMEWORK@Framework@0|40), response = ServiceResponseMessage(sender_id=FRAMEWORK@Framework@0, receiver_id=fastran_000001@efit@3, request_msg_id=REQUEST|fastran_000001@efit@3|FRAMEWORK@Framework@0|40,status=0, args=(None,), message_id=RESPONSE|FRAMEWORK@Framework@0|fastran_000001@efit@3|404)
2026-02-12 12:34:54,790 fastran_eq0_efit_3 DEBUG    _invoke_service(): update_state  (['s000001.00001', 'g000001.00001', 'i000001.00001'], '/pscratch/sd/y/yashu_gh/FREDA_KSTAR_2/ips-fastran/examples/far3d/example1/SCAN/work/fastran_eq0_efit_3', '/pscratch/sd/y/yashu_gh/FREDA_KSTAR_2/ips-fastran/examples/far3d/example1/SCAN/work/plasma_state')
2026-02-12 12:34:54,791 fastran_eq0_efit_3 DEBUG    _get_service_response(REQUEST|fastran_000001@efit@3|FRAMEWORK@Framework@0|41)
2026-02-12 12:34:54,812 fastran_eq0_efit_3 DEBUG    _get_service_response(REQUEST|fastran_000001@efit@3|FRAMEWORK@Framework@0|41), response = ServiceResponseMessage(sender_id=FRAMEWORK@Framework@0, receiver_id=fastran_000001@efit@3, request_msg_id=REQUEST|fastran_000001@efit@3|FRAMEWORK@Framework@0|41,status=0, args=(0,), message_id=RESPONSE|FRAMEWORK@Framework@0|fastran_000001@efit@3|408)
2026-02-12 12:34:54,813 fastran_eq0_efit_3 DEBUG    _invoke_service(): getTopic  ('_IPS_MONITOR',)
2026-02-12 12:34:54,813 fastran_eq0_efit_3 DEBUG    _get_service_response(REQUEST|fastran_000001@efit@3|FRAMEWORK@Framework@0|42)
2026-02-12 12:34:54,823 fastran_eq0_efit_3 DEBUG    _get_service_response(REQUEST|fastran_000001@efit@3|FRAMEWORK@Framework@0|42), response = ServiceResponseMessage(sender_id=FRAMEWORK@Framework@0, receiver_id=fastran_000001@efit@3, request_msg_id=REQUEST|fastran_000001@efit@3|FRAMEWORK@Framework@0|42,status=0, args=(<ipsframework.cca_es_spec.Topic object at 0x14e1e9e45460>,), message_id=RESPONSE|FRAMEWORK@Framework@0|fastran_000001@efit@3|409)
2026-02-12 12:34:54,823 fastran_eq0_efit_3 DEBUG    _invoke_service(): sendEvent  ('_IPS_MONITOR', 'PORTAL_EVENT', {'sim_name': 'fastran_000001', 'real_sim_name': 'fastran_000001', 'portal_data': {'code': 'fastran_eq0_efit', 'eventtype': 'IPS_UPDATE_STATE', 'ok': True, 'walltime': '42.01', 'time': '2026-02-12|12:34:54PST', 'trace': {'timestamp': 1770928494790330, 'duration': 22566, 'localEndpoint': {'serviceName': 'update_state'}, 'name': "['s000001.00001', 'g000001.00001', 'i000001.00001']", 'id': '7629e189a66153c0', 'parentId': 'a4e3696001d19633', 'tags': {}}, 'state': 'Running', 'comment': 'Elapsed time = 0.023   files = s000001.00001 g000001.00001 i000001.00001 Success'}})
2026-02-12 12:34:54,823 fastran_eq0_efit_3 DEBUG    _get_service_response(REQUEST|fastran_000001@efit@3|FRAMEWORK@Framework@0|43)
2026-02-12 12:34:54,834 fastran_eq0_efit_3 DEBUG    _get_service_response(REQUEST|fastran_000001@efit@3|FRAMEWORK@Framework@0|43), response = ServiceResponseMessage(sender_id=FRAMEWORK@Framework@0, receiver_id=fastran_000001@efit@3, request_msg_id=REQUEST|fastran_000001@efit@3|FRAMEWORK@Framework@0|43,status=0, args=(None,), message_id=RESPONSE|FRAMEWORK@Framework@0|fastran_000001@efit@3|410)
2026-02-12 12:34:54,857 fastran_eq0_efit_3 DEBUG    _invoke_service(): getTopic  ('_IPS_MONITOR',)
2026-02-12 12:34:54,857 fastran_eq0_efit_3 DEBUG    _get_service_response(REQUEST|fastran_000001@efit@3|FRAMEWORK@Framework@0|44)
2026-02-12 12:34:54,867 fastran_eq0_efit_3 DEBUG    _get_service_response(REQUEST|fastran_000001@efit@3|FRAMEWORK@Framework@0|44), response = ServiceResponseMessage(sender_id=FRAMEWORK@Framework@0, receiver_id=fastran_000001@efit@3, request_msg_id=REQUEST|fastran_000001@efit@3|FRAMEWORK@Framework@0|44,status=0, args=(<ipsframework.cca_es_spec.Topic object at 0x14e1e9e45ee0>,), message_id=RESPONSE|FRAMEWORK@Framework@0|fastran_000001@efit@3|412)
2026-02-12 12:34:54,867 fastran_eq0_efit_3 DEBUG    _invoke_service(): sendEvent  ('_IPS_MONITOR', 'PORTAL_EVENT', {'sim_name': 'fastran_000001', 'real_sim_name': 'fastran_000001', 'portal_data': {'code': 'fastran_eq0_efit', 'eventtype': 'IPS_STAGE_OUTPUTS', 'ok': True, 'walltime': '42.05', 'time': '2026-02-12|12:34:54PST', 'trace': {'timestamp': 1770928494834164, 'duration': 22780, 'localEndpoint': {'serviceName': 'stage_output_files'}, 'name': "['g*.*', 'a*.*', 'm*.*', 'k*.*', 'efit.log']", 'id': '7f2cccfefec01030', 'parentId': 'a4e3696001d19633', 'tags': {}}, 'state': 'Running', 'comment': "Elapsed time = 0.023 Path = /pscratch/sd/y/yashu_gh/FREDA_KSTAR_2/ips-fastran/examples/far3d/example1/SCAN/simulation_results/preprocess_4/components/fastran_eq0_efit_3 Files = ['g*.*', 'a*.*', 'm*.*', 'k*.*', 'efit.log']"}})
2026-02-12 12:34:54,867 fastran_eq0_efit_3 DEBUG    _get_service_response(REQUEST|fastran_000001@efit@3|FRAMEWORK@Framework@0|45)
2026-02-12 12:34:54,878 fastran_eq0_efit_3 DEBUG    _get_service_response(REQUEST|fastran_000001@efit@3|FRAMEWORK@Framework@0|45), response = ServiceResponseMessage(sender_id=FRAMEWORK@Framework@0, receiver_id=fastran_000001@efit@3, request_msg_id=REQUEST|fastran_000001@efit@3|FRAMEWORK@Framework@0|45,status=0, args=(None,), message_id=RESPONSE|FRAMEWORK@Framework@0|fastran_000001@efit@3|413)
2026-02-12 12:34:54,890 fastran_driver_fastran_driver_2 DEBUG    _get_service_response(REQUEST|fastran_000001@fastran_driver@2|FRAMEWORK@Framework@0|162), response = ServiceResponseMessage(sender_id=FRAMEWORK@Framework@0, receiver_id=fastran_000001@fastran_driver@2, request_msg_id=REQUEST|fastran_000001@fastran_driver@2|FRAMEWORK@Framework@0|162,status=0, args=((None,),), message_id=RESPONSE|FRAMEWORK@Framework@0|fastran_000001@fastran_driver@2|414)
2026-02-12 12:34:54,890 fastran_driver_fastran_driver_2 DEBUG    _invoke_service(): getTopic  ('_IPS_MONITOR',)
2026-02-12 12:34:54,890 fastran_driver_fastran_driver_2 DEBUG    _get_service_response(REQUEST|fastran_000001@fastran_driver@2|FRAMEWORK@Framework@0|163)
2026-02-12 12:34:54,901 fastran_driver_fastran_driver_2 DEBUG    _get_service_response(REQUEST|fastran_000001@fastran_driver@2|FRAMEWORK@Framework@0|163), response = ServiceResponseMessage(sender_id=FRAMEWORK@Framework@0, receiver_id=fastran_000001@fastran_driver@2, request_msg_id=REQUEST|fastran_000001@fastran_driver@2|FRAMEWORK@Framework@0|163,status=0, args=(<ipsframework.cca_es_spec.Topic object at 0x14e1e9e3acd0>,), message_id=RESPONSE|FRAMEWORK@Framework@0|fastran_000001@fastran_driver@2|415)
2026-02-12 12:34:54,901 fastran_driver_fastran_driver_2 DEBUG    _invoke_service(): sendEvent  ('_IPS_MONITOR', 'PORTAL_EVENT', {'sim_name': 'fastran_000001', 'real_sim_name': 'fastran_000001', 'portal_data': {'code': 'fastran_driver_fastran_driver', 'eventtype': 'IPS_CALL_END', 'ok': True, 'walltime': '42.09', 'time': '2026-02-12|12:34:54PST', 'trace': {'timestamp': 1770928492840837, 'duration': 2049917, 'localEndpoint': {'serviceName': 'fastran_000001@efit@3'}, 'name': 'step(preprocess_4)', 'id': 'a4e3696001d19633', 'parentId': '15e0663de819b9fa', 'tags': {}}, 'state': 'Running', 'comment': 'Target = fastran_000001@efit@3:step(preprocess_4)'}})
2026-02-12 12:34:54,901 fastran_driver_fastran_driver_2 DEBUG    _get_service_response(REQUEST|fastran_000001@fastran_driver@2|FRAMEWORK@Framework@0|164)
2026-02-12 12:34:54,912 fastran_driver_fastran_driver_2 DEBUG    _get_service_response(REQUEST|fastran_000001@fastran_driver@2|FRAMEWORK@Framework@0|164), response = ServiceResponseMessage(sender_id=FRAMEWORK@Framework@0, receiver_id=fastran_000001@fastran_driver@2, request_msg_id=REQUEST|fastran_000001@fastran_driver@2|FRAMEWORK@Framework@0|164,status=0, args=(None,), message_id=RESPONSE|FRAMEWORK@Framework@0|fastran_000001@fastran_driver@2|416)
2026-02-12 12:34:54,912 fastran_driver_fastran_driver_2 DEBUG    _invoke_service(): getTopic  ('_IPS_MONITOR',)
2026-02-12 12:34:54,912 fastran_driver_fastran_driver_2 DEBUG    _get_service_response(REQUEST|fastran_000001@fastran_driver@2|FRAMEWORK@Framework@0|165)
2026-02-12 12:34:54,923 fastran_driver_fastran_driver_2 DEBUG    _get_service_response(REQUEST|fastran_000001@fastran_driver@2|FRAMEWORK@Framework@0|165), response = ServiceResponseMessage(sender_id=FRAMEWORK@Framework@0, receiver_id=fastran_000001@fastran_driver@2, request_msg_id=REQUEST|fastran_000001@fastran_driver@2|FRAMEWORK@Framework@0|165,status=0, args=(<ipsframework.cca_es_spec.Topic object at 0x14e1e9e3aca0>,), message_id=RESPONSE|FRAMEWORK@Framework@0|fastran_000001@fastran_driver@2|417)
2026-02-12 12:34:54,923 fastran_driver_fastran_driver_2 DEBUG    _invoke_service(): sendEvent  ('_IPS_MONITOR', 'PORTAL_EVENT', {'sim_name': 'fastran_000001', 'real_sim_name': 'fastran_000001', 'portal_data': {'code': 'fastran_driver_fastran_driver', 'eventtype': 'IPS_CALL_BEGIN', 'ok': True, 'walltime': '42.11', 'time': '2026-02-12|12:34:54PST', 'state': 'Running', 'comment': 'Target = fastran_000001@fastran@4:step(preprocess_4)'}})
2026-02-12 12:34:54,923 fastran_driver_fastran_driver_2 DEBUG    _get_service_response(REQUEST|fastran_000001@fastran_driver@2|FRAMEWORK@Framework@0|166)
2026-02-12 12:34:54,934 fastran_driver_fastran_driver_2 DEBUG    _get_service_response(REQUEST|fastran_000001@fastran_driver@2|FRAMEWORK@Framework@0|166), response = ServiceResponseMessage(sender_id=FRAMEWORK@Framework@0, receiver_id=fastran_000001@fastran_driver@2, request_msg_id=REQUEST|fastran_000001@fastran_driver@2|FRAMEWORK@Framework@0|166,status=0, args=(None,), message_id=RESPONSE|FRAMEWORK@Framework@0|fastran_000001@fastran_driver@2|418)
2026-02-12 12:34:54,934 fastran_driver_fastran_driver_2 DEBUG    _invoke_service(): init_call  ('step', 'preprocess_4')
2026-02-12 12:34:54,934 fastran_driver_fastran_driver_2 DEBUG    _get_service_response(REQUEST|fastran_000001@fastran_driver@2|FRAMEWORK@Framework@0|167)
2026-02-12 12:34:54,935 fastran_tr0_fastran_4 DEBUG    Received Message 
2026-02-12 12:34:54,935 fastran_tr0_fastran_4 DEBUG    Calling method step(preprocess_4)
2026-02-12 12:34:54,935 fastran_tr0_fastran_4 DEBUG    _invoke_service(): stage_state  (['s000001.00001', 'g000001.00001', 'i000001.00001'], '/pscratch/sd/y/yashu_gh/FREDA_KSTAR_2/ips-fastran/examples/far3d/example1/SCAN/work/plasma_state', '/pscratch/sd/y/yashu_gh/FREDA_KSTAR_2/ips-fastran/examples/far3d/example1/SCAN/work/fastran_tr0_fastran_4')
2026-02-12 12:34:54,935 fastran_tr0_fastran_4 DEBUG    _get_service_response(REQUEST|fastran_000001@fastran@4|FRAMEWORK@Framework@0|64)
2026-02-12 12:34:54,945 fastran_driver_fastran_driver_2 DEBUG    _get_service_response(REQUEST|fastran_000001@fastran_driver@2|FRAMEWORK@Framework@0|167), response = ServiceResponseMessage(sender_id=FRAMEWORK@Framework@0, receiver_id=fastran_000001@fastran_driver@2, request_msg_id=REQUEST|fastran_000001@fastran_driver@2|FRAMEWORK@Framework@0|167,status=0, args=(32,), message_id=RESPONSE|FRAMEWORK@Framework@0|fastran_000001@fastran_driver@2|419)
2026-02-12 12:34:54,945 fastran_driver_fastran_driver_2 DEBUG    _invoke_service(): wait_call  (32, True)
2026-02-12 12:34:54,945 fastran_driver_fastran_driver_2 DEBUG    _get_service_response(REQUEST|fastran_000001@fastran_driver@2|FRAMEWORK@Framework@0|168)
2026-02-12 12:34:54,956 fastran_tr0_fastran_4 DEBUG    _get_service_response(REQUEST|fastran_000001@fastran@4|FRAMEWORK@Framework@0|64), response = ServiceResponseMessage(sender_id=FRAMEWORK@Framework@0, receiver_id=fastran_000001@fastran@4, request_msg_id=REQUEST|fastran_000001@fastran@4|FRAMEWORK@Framework@0|64,status=0, args=(0,), message_id=RESPONSE|FRAMEWORK@Framework@0|fastran_000001@fastran@4|420)
2026-02-12 12:34:54,956 fastran_tr0_fastran_4 DEBUG    _invoke_service(): getTopic  ('_IPS_MONITOR',)
2026-02-12 12:34:54,956 fastran_tr0_fastran_4 DEBUG    _get_service_response(REQUEST|fastran_000001@fastran@4|FRAMEWORK@Framework@0|65)
2026-02-12 12:34:54,967 fastran_tr0_fastran_4 DEBUG    _get_service_response(REQUEST|fastran_000001@fastran@4|FRAMEWORK@Framework@0|65), response = ServiceResponseMessage(sender_id=FRAMEWORK@Framework@0, receiver_id=fastran_000001@fastran@4, request_msg_id=REQUEST|fastran_000001@fastran@4|FRAMEWORK@Framework@0|65,status=0, args=(<ipsframework.cca_es_spec.Topic object at 0x14e1e9e61be0>,), message_id=RESPONSE|FRAMEWORK@Framework@0|fastran_000001@fastran@4|421)
2026-02-12 12:34:54,967 fastran_tr0_fastran_4 DEBUG    _invoke_service(): sendEvent  ('_IPS_MONITOR', 'PORTAL_EVENT', {'sim_name': 'fastran_000001', 'real_sim_name': 'fastran_000001', 'portal_data': {'code': 'fastran_tr0_fastran', 'eventtype': 'IPS_STAGE_STATE', 'ok': True, 'walltime': '42.15', 'time': '2026-02-12|12:34:54PST', 'trace': {'timestamp': 1770928494935594, 'duration': 20908, 'localEndpoint': {'serviceName': 'stage_state'}, 'name': "['s000001.00001', 'g000001.00001', 'i000001.00001']", 'id': '71885aecf25d7412', 'parentId': 'b69e82a46482bbeb', 'tags': {}}, 'state': 'Running', 'comment': 'Elapsed time = 0.021  files = s000001.00001 g000001.00001 i000001.00001 Success'}})
2026-02-12 12:34:54,967 fastran_tr0_fastran_4 DEBUG    _get_service_response(REQUEST|fastran_000001@fastran@4|FRAMEWORK@Framework@0|66)
2026-02-12 12:34:54,977 fastran_tr0_fastran_4 DEBUG    _get_service_response(REQUEST|fastran_000001@fastran@4|FRAMEWORK@Framework@0|66), response = ServiceResponseMessage(sender_id=FRAMEWORK@Framework@0, receiver_id=fastran_000001@fastran@4, request_msg_id=REQUEST|fastran_000001@fastran@4|FRAMEWORK@Framework@0|66,status=0, args=(None,), message_id=RESPONSE|FRAMEWORK@Framework@0|fastran_000001@fastran@4|422)
2026-02-12 12:34:54,986 fastran_tr0_fastran_4 DEBUG    _invoke_service(): getTopic  ('_IPS_MONITOR',)
2026-02-12 12:34:54,986 fastran_tr0_fastran_4 DEBUG    _get_service_response(REQUEST|fastran_000001@fastran@4|FRAMEWORK@Framework@0|67)
2026-02-12 12:34:54,997 fastran_tr0_fastran_4 DEBUG    _get_service_response(REQUEST|fastran_000001@fastran@4|FRAMEWORK@Framework@0|67), response = ServiceResponseMessage(sender_id=FRAMEWORK@Framework@0, receiver_id=fastran_000001@fastran@4, request_msg_id=REQUEST|fastran_000001@fastran@4|FRAMEWORK@Framework@0|67,status=0, args=(<ipsframework.cca_es_spec.Topic object at 0x14e1e9e61d00>,), message_id=RESPONSE|FRAMEWORK@Framework@0|fastran_000001@fastran@4|423)
2026-02-12 12:34:54,997 fastran_tr0_fastran_4 DEBUG    _invoke_service(): sendEvent  ('_IPS_MONITOR', 'PORTAL_EVENT', {'sim_name': 'fastran_000001', 'real_sim_name': 'fastran_000001', 'portal_data': {'code': 'fastran_tr0_fastran', 'eventtype': 'IPS_STAGE_INPUTS', 'ok': True, 'walltime': '42.18', 'time': '2026-02-12|12:34:54PST', 'trace': {'timestamp': 1770928494978232, 'duration': 8586, 'localEndpoint': {'serviceName': 'stage_input_files'}, 'name': 'infastran0 intglf', 'id': 'dca1af508bf5af99', 'parentId': 'b69e82a46482bbeb', 'tags': {}}, 'state': 'Running', 'comment': 'Elapsed time = 0.009 Path = /pscratch/sd/y/yashu_gh/FREDA_KSTAR_2/ips-fastran/examples/far3d/example1/input Files = infastran0 intglf'}})
2026-02-12 12:34:54,997 fastran_tr0_fastran_4 DEBUG    _get_service_response(REQUEST|fastran_000001@fastran@4|FRAMEWORK@Framework@0|68)
2026-02-12 12:34:55,008 fastran_tr0_fastran_4 DEBUG    _get_service_response(REQUEST|fastran_000001@fastran@4|FRAMEWORK@Framework@0|68), response = ServiceResponseMessage(sender_id=FRAMEWORK@Framework@0, receiver_id=fastran_000001@fastran@4, request_msg_id=REQUEST|fastran_000001@fastran@4|FRAMEWORK@Framework@0|68,status=0, args=(None,), message_id=RESPONSE|FRAMEWORK@Framework@0|fastran_000001@fastran@4|424)
2026-02-12 12:34:55,129 fastran_tr0_fastran_4 DEBUG    _invoke_service(): init_task  (TaskInit(nproc=1, binary='/global/common/software/atom/perlmutter/binaries/fastran/default/xfastran_ver1.00_ser', working_dir='/pscratch/sd/y/yashu_gh/FREDA_KSTAR_2/ips-fastran/examples/far3d/example1/SCAN/work/fastran_tr0_fastran_4', tppn=0, tcpp=0, tgpp=0, block=True, omp=False, wnodes=True, wsocks=True, cmd_args=('1', '1')),)
2026-02-12 12:34:55,129 fastran_tr0_fastran_4 DEBUG    _get_service_response(REQUEST|fastran_000001@fastran@4|FRAMEWORK@Framework@0|69)
2026-02-12 12:34:55,141 fastran_tr0_fastran_4 DEBUG    _get_service_response(REQUEST|fastran_000001@fastran@4|FRAMEWORK@Framework@0|69), response = ServiceResponseMessage(sender_id=FRAMEWORK@Framework@0, receiver_id=fastran_000001@fastran@4, request_msg_id=REQUEST|fastran_000001@fastran@4|FRAMEWORK@Framework@0|69,status=0, args=((6, 'srun -N 1 -n 1 -c 128 --threads-per-core=1 --cpu-bind=cores /global/common/software/atom/perlmutter/binaries/fastran/default/xfastran_ver1.00_ser 1 1', None, 128),), message_id=RESPONSE|FRAMEWORK@Framework@0|fastran_000001@fastran@4|425)
2026-02-12 12:34:55,143 fastran_tr0_fastran_4 DEBUG    Launching command : srun -N 1 -n 1 -c 128 --threads-per-core=1 --cpu-bind=cores /global/common/software/atom/perlmutter/binaries/fastran/default/xfastran_ver1.00_ser 1 1
2026-02-12 12:34:55,156 fastran_tr0_fastran_4 DEBUG    _invoke_service(): getTopic  ('_IPS_MONITOR',)
2026-02-12 12:34:55,156 fastran_tr0_fastran_4 DEBUG    _get_service_response(REQUEST|fastran_000001@fastran@4|FRAMEWORK@Framework@0|70)
2026-02-12 12:34:55,167 fastran_tr0_fastran_4 DEBUG    _get_service_response(REQUEST|fastran_000001@fastran@4|FRAMEWORK@Framework@0|70), response = ServiceResponseMessage(sender_id=FRAMEWORK@Framework@0, receiver_id=fastran_000001@fastran@4, request_msg_id=REQUEST|fastran_000001@fastran@4|FRAMEWORK@Framework@0|70,status=0, args=(<ipsframework.cca_es_spec.Topic object at 0x14e1e9e61a30>,), message_id=RESPONSE|FRAMEWORK@Framework@0|fastran_000001@fastran@4|426)
2026-02-12 12:34:55,167 fastran_tr0_fastran_4 DEBUG    _invoke_service(): sendEvent  ('_IPS_MONITOR', 'PORTAL_EVENT', {'sim_name': 'fastran_000001', 'real_sim_name': 'fastran_000001', 'portal_data': {'code': 'fastran_tr0_fastran', 'eventtype': 'IPS_LAUNCH_TASK', 'ok': True, 'walltime': '42.35', 'time': '2026-02-12|12:34:55PST', 'state': 'Running', 'comment': 'task_id = 6 , Tag = None , nproc = 1 , Target = srun -N 1 -n 1 -c 128 --threads-per-core=1 --cpu-bind=cores /global/common/software/atom/perlmutter/binaries/fastran/default/xfastran_ver1.00_ser 1 1'}})
2026-02-12 12:34:55,167 fastran_tr0_fastran_4 DEBUG    _get_service_response(REQUEST|fastran_000001@fastran@4|FRAMEWORK@Framework@0|71)
2026-02-12 12:34:55,178 fastran_tr0_fastran_4 DEBUG    _get_service_response(REQUEST|fastran_000001@fastran@4|FRAMEWORK@Framework@0|71), response = ServiceResponseMessage(sender_id=FRAMEWORK@Framework@0, receiver_id=fastran_000001@fastran@4, request_msg_id=REQUEST|fastran_000001@fastran@4|FRAMEWORK@Framework@0|71,status=0, args=(None,), message_id=RESPONSE|FRAMEWORK@Framework@0|fastran_000001@fastran@4|427)
2026-02-12 12:34:55,442 fastran_tr0_fastran_4 DEBUG    _invoke_service(): getTopic  ('_IPS_MONITOR',)
2026-02-12 12:34:55,442 fastran_tr0_fastran_4 DEBUG    _get_service_response(REQUEST|fastran_000001@fastran@4|FRAMEWORK@Framework@0|72)
2026-02-12 12:34:55,453 fastran_tr0_fastran_4 DEBUG    _get_service_response(REQUEST|fastran_000001@fastran@4|FRAMEWORK@Framework@0|72), response = ServiceResponseMessage(sender_id=FRAMEWORK@Framework@0, receiver_id=fastran_000001@fastran@4, request_msg_id=REQUEST|fastran_000001@fastran@4|FRAMEWORK@Framework@0|72,status=0, args=(<ipsframework.cca_es_spec.Topic object at 0x14e1e9e61ee0>,), message_id=RESPONSE|FRAMEWORK@Framework@0|fastran_000001@fastran@4|429)
2026-02-12 12:34:55,453 fastran_tr0_fastran_4 DEBUG    _invoke_service(): sendEvent  ('_IPS_MONITOR', 'PORTAL_EVENT', {'sim_name': 'fastran_000001', 'real_sim_name': 'fastran_000001', 'portal_data': {'code': 'fastran_tr0_fastran', 'eventtype': 'IPS_TASK_END', 'ok': True, 'walltime': '42.64', 'time': '2026-02-12|12:34:55PST', 'trace': {'timestamp': 1770928495156135, 'duration': 286305, 'localEndpoint': {'serviceName': '/global/common/software/atom/perlmutter/binaries/fastran/default/xfastran_ver1.00_ser'}, 'name': '1 1', 'id': '52b8dbf72cf75066', 'parentId': 'b69e82a46482bbeb', 'tags': {'procs_requested': '1', 'cores_allocated': '128'}}, 'state': 'Running', 'comment': 'task_id = 6  elapsed time = 0.29 S'}})
2026-02-12 12:34:55,453 fastran_tr0_fastran_4 DEBUG    _get_service_response(REQUEST|fastran_000001@fastran@4|FRAMEWORK@Framework@0|73)
2026-02-12 12:34:55,465 fastran_tr0_fastran_4 DEBUG    _get_service_response(REQUEST|fastran_000001@fastran@4|FRAMEWORK@Framework@0|73), response = ServiceResponseMessage(sender_id=FRAMEWORK@Framework@0, receiver_id=fastran_000001@fastran@4, request_msg_id=REQUEST|fastran_000001@fastran@4|FRAMEWORK@Framework@0|73,status=0, args=(None,), message_id=RESPONSE|FRAMEWORK@Framework@0|fastran_000001@fastran@4|430)
2026-02-12 12:34:55,465 fastran_tr0_fastran_4 DEBUG    _invoke_service(): finish_task  (6, 0)
2026-02-12 12:34:55,465 fastran_tr0_fastran_4 DEBUG    _get_service_response(REQUEST|fastran_000001@fastran@4|FRAMEWORK@Framework@0|74)
2026-02-12 12:34:55,476 fastran_tr0_fastran_4 DEBUG    _get_service_response(REQUEST|fastran_000001@fastran@4|FRAMEWORK@Framework@0|74), response = ServiceResponseMessage(sender_id=FRAMEWORK@Framework@0, receiver_id=fastran_000001@fastran@4, request_msg_id=REQUEST|fastran_000001@fastran@4|FRAMEWORK@Framework@0|74,status=0, args=(0,), message_id=RESPONSE|FRAMEWORK@Framework@0|fastran_000001@fastran@4|431)
2026-02-12 12:34:55,640 fastran_tr0_fastran_4 DEBUG    _invoke_service(): update_state  (['s000001.00001', 'g000001.00001', 'i000001.00001'], '/pscratch/sd/y/yashu_gh/FREDA_KSTAR_2/ips-fastran/examples/far3d/example1/SCAN/work/fastran_tr0_fastran_4', '/pscratch/sd/y/yashu_gh/FREDA_KSTAR_2/ips-fastran/examples/far3d/example1/SCAN/work/plasma_state')
2026-02-12 12:34:55,640 fastran_tr0_fastran_4 DEBUG    _get_service_response(REQUEST|fastran_000001@fastran@4|FRAMEWORK@Framework@0|75)
2026-02-12 12:34:55,661 fastran_tr0_fastran_4 DEBUG    _get_service_response(REQUEST|fastran_000001@fastran@4|FRAMEWORK@Framework@0|75), response = ServiceResponseMessage(sender_id=FRAMEWORK@Framework@0, receiver_id=fastran_000001@fastran@4, request_msg_id=REQUEST|fastran_000001@fastran@4|FRAMEWORK@Framework@0|75,status=0, args=(0,), message_id=RESPONSE|FRAMEWORK@Framework@0|fastran_000001@fastran@4|432)
2026-02-12 12:34:55,661 fastran_tr0_fastran_4 DEBUG    _invoke_service(): getTopic  ('_IPS_MONITOR',)
2026-02-12 12:34:55,661 fastran_tr0_fastran_4 DEBUG    _get_service_response(REQUEST|fastran_000001@fastran@4|FRAMEWORK@Framework@0|76)
2026-02-12 12:34:55,672 fastran_tr0_fastran_4 DEBUG    _get_service_response(REQUEST|fastran_000001@fastran@4|FRAMEWORK@Framework@0|76), response = ServiceResponseMessage(sender_id=FRAMEWORK@Framework@0, receiver_id=fastran_000001@fastran@4, request_msg_id=REQUEST|fastran_000001@fastran@4|FRAMEWORK@Framework@0|76,status=0, args=(<ipsframework.cca_es_spec.Topic object at 0x14e1e9e61dc0>,), message_id=RESPONSE|FRAMEWORK@Framework@0|fastran_000001@fastran@4|433)
2026-02-12 12:34:55,672 fastran_tr0_fastran_4 DEBUG    _invoke_service(): sendEvent  ('_IPS_MONITOR', 'PORTAL_EVENT', {'sim_name': 'fastran_000001', 'real_sim_name': 'fastran_000001', 'portal_data': {'code': 'fastran_tr0_fastran', 'eventtype': 'IPS_UPDATE_STATE', 'ok': True, 'walltime': '42.86', 'time': '2026-02-12|12:34:55PST', 'trace': {'timestamp': 1770928495640393, 'duration': 21140, 'localEndpoint': {'serviceName': 'update_state'}, 'name': "['s000001.00001', 'g000001.00001', 'i000001.00001']", 'id': '7629e189a66153c0', 'parentId': 'b69e82a46482bbeb', 'tags': {}}, 'state': 'Running', 'comment': 'Elapsed time = 0.021   files = s000001.00001 g000001.00001 i000001.00001 Success'}})
2026-02-12 12:34:55,672 fastran_tr0_fastran_4 DEBUG    _get_service_response(REQUEST|fastran_000001@fastran@4|FRAMEWORK@Framework@0|77)
2026-02-12 12:34:55,682 fastran_tr0_fastran_4 DEBUG    _get_service_response(REQUEST|fastran_000001@fastran@4|FRAMEWORK@Framework@0|77), response = ServiceResponseMessage(sender_id=FRAMEWORK@Framework@0, receiver_id=fastran_000001@fastran@4, request_msg_id=REQUEST|fastran_000001@fastran@4|FRAMEWORK@Framework@0|77,status=0, args=(None,), message_id=RESPONSE|FRAMEWORK@Framework@0|fastran_000001@fastran@4|434)
2026-02-12 12:34:55,704 fastran_tr0_fastran_4 DEBUG    _invoke_service(): getTopic  ('_IPS_MONITOR',)
2026-02-12 12:34:55,704 fastran_tr0_fastran_4 DEBUG    _get_service_response(REQUEST|fastran_000001@fastran@4|FRAMEWORK@Framework@0|78)
2026-02-12 12:34:55,714 fastran_tr0_fastran_4 DEBUG    _get_service_response(REQUEST|fastran_000001@fastran@4|FRAMEWORK@Framework@0|78), response = ServiceResponseMessage(sender_id=FRAMEWORK@Framework@0, receiver_id=fastran_000001@fastran@4, request_msg_id=REQUEST|fastran_000001@fastran@4|FRAMEWORK@Framework@0|78,status=0, args=(<ipsframework.cca_es_spec.Topic object at 0x14e1e9e61b20>,), message_id=RESPONSE|FRAMEWORK@Framework@0|fastran_000001@fastran@4|435)
2026-02-12 12:34:55,714 fastran_tr0_fastran_4 DEBUG    _invoke_service(): sendEvent  ('_IPS_MONITOR', 'PORTAL_EVENT', {'sim_name': 'fastran_000001', 'real_sim_name': 'fastran_000001', 'portal_data': {'code': 'fastran_tr0_fastran', 'eventtype': 'IPS_STAGE_OUTPUTS', 'ok': True, 'walltime': '42.90', 'time': '2026-02-12|12:34:55PST', 'trace': {'timestamp': 1770928495682699, 'duration': 21399, 'localEndpoint': {'serviceName': 'stage_output_files'}, 'name': "['fastran.nc', 'inprof', 'inmetric', 'infastran', 'intglf', 'xfastran.log', 'i000001.00001']", 'id': '7349cfaaafc33980', 'parentId': 'b69e82a46482bbeb', 'tags': {}}, 'state': 'Running', 'comment': "Elapsed time = 0.021 Path = /pscratch/sd/y/yashu_gh/FREDA_KSTAR_2/ips-fastran/examples/far3d/example1/SCAN/simulation_results/preprocess_4/components/fastran_tr0_fastran_4 Files = ['fastran.nc', 'inprof', 'inmetric', 'infastran', 'intglf', 'xfastran.log', 'i000001.00001']"}})
2026-02-12 12:34:55,714 fastran_tr0_fastran_4 DEBUG    _get_service_response(REQUEST|fastran_000001@fastran@4|FRAMEWORK@Framework@0|79)
2026-02-12 12:34:55,725 fastran_tr0_fastran_4 DEBUG    _get_service_response(REQUEST|fastran_000001@fastran@4|FRAMEWORK@Framework@0|79), response = ServiceResponseMessage(sender_id=FRAMEWORK@Framework@0, receiver_id=fastran_000001@fastran@4, request_msg_id=REQUEST|fastran_000001@fastran@4|FRAMEWORK@Framework@0|79,status=0, args=(None,), message_id=RESPONSE|FRAMEWORK@Framework@0|fastran_000001@fastran@4|436)
2026-02-12 12:34:55,736 fastran_driver_fastran_driver_2 DEBUG    _get_service_response(REQUEST|fastran_000001@fastran_driver@2|FRAMEWORK@Framework@0|168), response = ServiceResponseMessage(sender_id=FRAMEWORK@Framework@0, receiver_id=fastran_000001@fastran_driver@2, request_msg_id=REQUEST|fastran_000001@fastran_driver@2|FRAMEWORK@Framework@0|168,status=0, args=((None,),), message_id=RESPONSE|FRAMEWORK@Framework@0|fastran_000001@fastran_driver@2|437)
2026-02-12 12:34:55,736 fastran_driver_fastran_driver_2 DEBUG    _invoke_service(): getTopic  ('_IPS_MONITOR',)
2026-02-12 12:34:55,736 fastran_driver_fastran_driver_2 DEBUG    _get_service_response(REQUEST|fastran_000001@fastran_driver@2|FRAMEWORK@Framework@0|169)
2026-02-12 12:34:55,746 fastran_driver_fastran_driver_2 DEBUG    _get_service_response(REQUEST|fastran_000001@fastran_driver@2|FRAMEWORK@Framework@0|169), response = ServiceResponseMessage(sender_id=FRAMEWORK@Framework@0, receiver_id=fastran_000001@fastran_driver@2, request_msg_id=REQUEST|fastran_000001@fastran_driver@2|FRAMEWORK@Framework@0|169,status=0, args=(<ipsframework.cca_es_spec.Topic object at 0x14e1e9e3acd0>,), message_id=RESPONSE|FRAMEWORK@Framework@0|fastran_000001@fastran_driver@2|438)
2026-02-12 12:34:55,747 fastran_driver_fastran_driver_2 DEBUG    _invoke_service(): sendEvent  ('_IPS_MONITOR', 'PORTAL_EVENT', {'sim_name': 'fastran_000001', 'real_sim_name': 'fastran_000001', 'portal_data': {'code': 'fastran_driver_fastran_driver', 'eventtype': 'IPS_CALL_END', 'ok': True, 'walltime': '42.93', 'time': '2026-02-12|12:34:55PST', 'trace': {'timestamp': 1770928494945221, 'duration': 791036, 'localEndpoint': {'serviceName': 'fastran_000001@fastran@4'}, 'name': 'step(preprocess_4)', 'id': 'b69e82a46482bbeb', 'parentId': '15e0663de819b9fa', 'tags': {}}, 'state': 'Running', 'comment': 'Target = fastran_000001@fastran@4:step(preprocess_4)'}})
2026-02-12 12:34:55,747 fastran_driver_fastran_driver_2 DEBUG    _get_service_response(REQUEST|fastran_000001@fastran_driver@2|FRAMEWORK@Framework@0|170)
2026-02-12 12:34:55,757 fastran_driver_fastran_driver_2 DEBUG    _get_service_response(REQUEST|fastran_000001@fastran_driver@2|FRAMEWORK@Framework@0|170), response = ServiceResponseMessage(sender_id=FRAMEWORK@Framework@0, receiver_id=fastran_000001@fastran_driver@2, request_msg_id=REQUEST|fastran_000001@fastran_driver@2|FRAMEWORK@Framework@0|170,status=0, args=(None,), message_id=RESPONSE|FRAMEWORK@Framework@0|fastran_000001@fastran_driver@2|439)
2026-02-12 12:34:55,758 fastran_driver_fastran_driver_2 DEBUG    _invoke_service(): getTopic  ('_IPS_MONITOR',)
2026-02-12 12:34:55,758 fastran_driver_fastran_driver_2 DEBUG    _get_service_response(REQUEST|fastran_000001@fastran_driver@2|FRAMEWORK@Framework@0|171)
2026-02-12 12:34:55,768 fastran_driver_fastran_driver_2 DEBUG    _get_service_response(REQUEST|fastran_000001@fastran_driver@2|FRAMEWORK@Framework@0|171), response = ServiceResponseMessage(sender_id=FRAMEWORK@Framework@0, receiver_id=fastran_000001@fastran_driver@2, request_msg_id=REQUEST|fastran_000001@fastran_driver@2|FRAMEWORK@Framework@0|171,status=0, args=(<ipsframework.cca_es_spec.Topic object at 0x14e1e9e3ad30>,), message_id=RESPONSE|FRAMEWORK@Framework@0|fastran_000001@fastran_driver@2|440)
2026-02-12 12:34:55,769 fastran_driver_fastran_driver_2 DEBUG    _invoke_service(): sendEvent  ('_IPS_MONITOR', 'PORTAL_EVENT', {'sim_name': 'fastran_000001', 'real_sim_name': 'fastran_000001', 'portal_data': {'code': 'fastran_driver_fastran_driver', 'eventtype': 'IPS_CALL_BEGIN', 'ok': True, 'walltime': '42.96', 'time': '2026-02-12|12:34:55PST', 'state': 'Running', 'comment': 'Target = fastran_000001@constraint_current@5:step(preprocess_4)'}})
2026-02-12 12:34:55,769 fastran_driver_fastran_driver_2 DEBUG    _get_service_response(REQUEST|fastran_000001@fastran_driver@2|FRAMEWORK@Framework@0|172)
2026-02-12 12:34:55,779 fastran_driver_fastran_driver_2 DEBUG    _get_service_response(REQUEST|fastran_000001@fastran_driver@2|FRAMEWORK@Framework@0|172), response = ServiceResponseMessage(sender_id=FRAMEWORK@Framework@0, receiver_id=fastran_000001@fastran_driver@2, request_msg_id=REQUEST|fastran_000001@fastran_driver@2|FRAMEWORK@Framework@0|172,status=0, args=(None,), message_id=RESPONSE|FRAMEWORK@Framework@0|fastran_000001@fastran_driver@2|441)
2026-02-12 12:34:55,780 fastran_driver_fastran_driver_2 DEBUG    _invoke_service(): init_call  ('step', 'preprocess_4')
2026-02-12 12:34:55,780 fastran_driver_fastran_driver_2 DEBUG    _get_service_response(REQUEST|fastran_000001@fastran_driver@2|FRAMEWORK@Framework@0|173)
2026-02-12 12:34:55,780 fastran_pre_constraint_current_5 DEBUG    Received Message 
2026-02-12 12:34:55,780 fastran_pre_constraint_current_5 DEBUG    Calling method step(preprocess_4)
2026-02-12 12:34:55,781 fastran_pre_constraint_current_5 DEBUG    _invoke_service(): stage_state  (['s000001.00001', 'g000001.00001', 'i000001.00001'], '/pscratch/sd/y/yashu_gh/FREDA_KSTAR_2/ips-fastran/examples/far3d/example1/SCAN/work/plasma_state', '/pscratch/sd/y/yashu_gh/FREDA_KSTAR_2/ips-fastran/examples/far3d/example1/SCAN/work/fastran_pre_constraint_current_5')
2026-02-12 12:34:55,781 fastran_pre_constraint_current_5 DEBUG    _get_service_response(REQUEST|fastran_000001@constraint_current@5|FRAMEWORK@Framework@0|40)
2026-02-12 12:34:55,790 fastran_driver_fastran_driver_2 DEBUG    _get_service_response(REQUEST|fastran_000001@fastran_driver@2|FRAMEWORK@Framework@0|173), response = ServiceResponseMessage(sender_id=FRAMEWORK@Framework@0, receiver_id=fastran_000001@fastran_driver@2, request_msg_id=REQUEST|fastran_000001@fastran_driver@2|FRAMEWORK@Framework@0|173,status=0, args=(33,), message_id=RESPONSE|FRAMEWORK@Framework@0|fastran_000001@fastran_driver@2|442)
2026-02-12 12:34:55,790 fastran_driver_fastran_driver_2 DEBUG    _invoke_service(): wait_call  (33, True)
2026-02-12 12:34:55,790 fastran_driver_fastran_driver_2 DEBUG    _get_service_response(REQUEST|fastran_000001@fastran_driver@2|FRAMEWORK@Framework@0|174)
2026-02-12 12:34:55,802 fastran_pre_constraint_current_5 DEBUG    _get_service_response(REQUEST|fastran_000001@constraint_current@5|FRAMEWORK@Framework@0|40), response = ServiceResponseMessage(sender_id=FRAMEWORK@Framework@0, receiver_id=fastran_000001@constraint_current@5, request_msg_id=REQUEST|fastran_000001@constraint_current@5|FRAMEWORK@Framework@0|40,status=0, args=(0,), message_id=RESPONSE|FRAMEWORK@Framework@0|fastran_000001@constraint_current@5|443)
2026-02-12 12:34:55,803 fastran_pre_constraint_current_5 DEBUG    _invoke_service(): getTopic  ('_IPS_MONITOR',)
2026-02-12 12:34:55,803 fastran_pre_constraint_current_5 DEBUG    _get_service_response(REQUEST|fastran_000001@constraint_current@5|FRAMEWORK@Framework@0|41)
2026-02-12 12:34:55,813 fastran_pre_constraint_current_5 DEBUG    _get_service_response(REQUEST|fastran_000001@constraint_current@5|FRAMEWORK@Framework@0|41), response = ServiceResponseMessage(sender_id=FRAMEWORK@Framework@0, receiver_id=fastran_000001@constraint_current@5, request_msg_id=REQUEST|fastran_000001@constraint_current@5|FRAMEWORK@Framework@0|41,status=0, args=(<ipsframework.cca_es_spec.Topic object at 0x14e1e9e68220>,), message_id=RESPONSE|FRAMEWORK@Framework@0|fastran_000001@constraint_current@5|444)
2026-02-12 12:34:55,813 fastran_pre_constraint_current_5 DEBUG    _invoke_service(): sendEvent  ('_IPS_MONITOR', 'PORTAL_EVENT', {'sim_name': 'fastran_000001', 'real_sim_name': 'fastran_000001', 'portal_data': {'code': 'fastran_pre_constraint_current', 'eventtype': 'IPS_STAGE_STATE', 'ok': True, 'walltime': '43.00', 'time': '2026-02-12|12:34:55PST', 'trace': {'timestamp': 1770928495781009, 'duration': 21938, 'localEndpoint': {'serviceName': 'stage_state'}, 'name': "['s000001.00001', 'g000001.00001', 'i000001.00001']", 'id': '71885aecf25d7412', 'parentId': 'dddf9bbec5a0e6bf', 'tags': {}}, 'state': 'Running', 'comment': 'Elapsed time = 0.022  files = s000001.00001 g000001.00001 i000001.00001 Success'}})
2026-02-12 12:34:55,813 fastran_pre_constraint_current_5 DEBUG    _get_service_response(REQUEST|fastran_000001@constraint_current@5|FRAMEWORK@Framework@0|42)
2026-02-12 12:34:55,824 fastran_pre_constraint_current_5 DEBUG    _get_service_response(REQUEST|fastran_000001@constraint_current@5|FRAMEWORK@Framework@0|42), response = ServiceResponseMessage(sender_id=FRAMEWORK@Framework@0, receiver_id=fastran_000001@constraint_current@5, request_msg_id=REQUEST|fastran_000001@constraint_current@5|FRAMEWORK@Framework@0|42,status=0, args=(None,), message_id=RESPONSE|FRAMEWORK@Framework@0|fastran_000001@constraint_current@5|445)
2026-02-12 12:34:55,824 fastran_pre_constraint_current_5 DEBUG    _invoke_service(): getTopic  ('_IPS_MONITOR',)
2026-02-12 12:34:55,824 fastran_pre_constraint_current_5 DEBUG    _get_service_response(REQUEST|fastran_000001@constraint_current@5|FRAMEWORK@Framework@0|43)
2026-02-12 12:34:55,835 fastran_pre_constraint_current_5 DEBUG    _get_service_response(REQUEST|fastran_000001@constraint_current@5|FRAMEWORK@Framework@0|43), response = ServiceResponseMessage(sender_id=FRAMEWORK@Framework@0, receiver_id=fastran_000001@constraint_current@5, request_msg_id=REQUEST|fastran_000001@constraint_current@5|FRAMEWORK@Framework@0|43,status=0, args=(<ipsframework.cca_es_spec.Topic object at 0x14e1e9e68520>,), message_id=RESPONSE|FRAMEWORK@Framework@0|fastran_000001@constraint_current@5|446)
2026-02-12 12:34:55,835 fastran_pre_constraint_current_5 DEBUG    _invoke_service(): sendEvent  ('_IPS_MONITOR', 'PORTAL_EVENT', {'sim_name': 'fastran_000001', 'real_sim_name': 'fastran_000001', 'portal_data': {'code': 'fastran_pre_constraint_current', 'eventtype': 'IPS_STAGE_INPUTS', 'ok': True, 'walltime': '43.02', 'time': '2026-02-12|12:34:55PST', 'trace': {'timestamp': 1770928495824610, 'duration': 58, 'localEndpoint': {'serviceName': 'stage_input_files'}, 'name': '', 'id': 'e70cb59b389672bf', 'parentId': 'dddf9bbec5a0e6bf', 'tags': {}}, 'state': 'Running', 'comment': 'Elapsed time = 0.000 Path = /pscratch/sd/y/yashu_gh/FREDA_KSTAR_2/ips-fastran/examples/far3d/example1/input Files = '}})
2026-02-12 12:34:55,835 fastran_pre_constraint_current_5 DEBUG    _get_service_response(REQUEST|fastran_000001@constraint_current@5|FRAMEWORK@Framework@0|44)
2026-02-12 12:34:55,846 fastran_pre_constraint_current_5 DEBUG    _get_service_response(REQUEST|fastran_000001@constraint_current@5|FRAMEWORK@Framework@0|44), response = ServiceResponseMessage(sender_id=FRAMEWORK@Framework@0, receiver_id=fastran_000001@constraint_current@5, request_msg_id=REQUEST|fastran_000001@constraint_current@5|FRAMEWORK@Framework@0|44,status=0, args=(None,), message_id=RESPONSE|FRAMEWORK@Framework@0|fastran_000001@constraint_current@5|447)
2026-02-12 12:34:55,951 fastran_pre_constraint_current_5 DEBUG    _invoke_service(): update_state  (['s000001.00001', 'g000001.00001', 'i000001.00001'], '/pscratch/sd/y/yashu_gh/FREDA_KSTAR_2/ips-fastran/examples/far3d/example1/SCAN/work/fastran_pre_constraint_current_5', '/pscratch/sd/y/yashu_gh/FREDA_KSTAR_2/ips-fastran/examples/far3d/example1/SCAN/work/plasma_state')
2026-02-12 12:34:55,951 fastran_pre_constraint_current_5 DEBUG    _get_service_response(REQUEST|fastran_000001@constraint_current@5|FRAMEWORK@Framework@0|45)
2026-02-12 12:34:55,973 fastran_pre_constraint_current_5 DEBUG    _get_service_response(REQUEST|fastran_000001@constraint_current@5|FRAMEWORK@Framework@0|45), response = ServiceResponseMessage(sender_id=FRAMEWORK@Framework@0, receiver_id=fastran_000001@constraint_current@5, request_msg_id=REQUEST|fastran_000001@constraint_current@5|FRAMEWORK@Framework@0|45,status=0, args=(0,), message_id=RESPONSE|FRAMEWORK@Framework@0|fastran_000001@constraint_current@5|449)
2026-02-12 12:34:55,973 fastran_pre_constraint_current_5 DEBUG    _invoke_service(): getTopic  ('_IPS_MONITOR',)
2026-02-12 12:34:55,973 fastran_pre_constraint_current_5 DEBUG    _get_service_response(REQUEST|fastran_000001@constraint_current@5|FRAMEWORK@Framework@0|46)
2026-02-12 12:34:55,984 fastran_pre_constraint_current_5 DEBUG    _get_service_response(REQUEST|fastran_000001@constraint_current@5|FRAMEWORK@Framework@0|46), response = ServiceResponseMessage(sender_id=FRAMEWORK@Framework@0, receiver_id=fastran_000001@constraint_current@5, request_msg_id=REQUEST|fastran_000001@constraint_current@5|FRAMEWORK@Framework@0|46,status=0, args=(<ipsframework.cca_es_spec.Topic object at 0x14e1e9e68580>,), message_id=RESPONSE|FRAMEWORK@Framework@0|fastran_000001@constraint_current@5|450)
2026-02-12 12:34:55,984 fastran_pre_constraint_current_5 DEBUG    _invoke_service(): sendEvent  ('_IPS_MONITOR', 'PORTAL_EVENT', {'sim_name': 'fastran_000001', 'real_sim_name': 'fastran_000001', 'portal_data': {'code': 'fastran_pre_constraint_current', 'eventtype': 'IPS_UPDATE_STATE', 'ok': True, 'walltime': '43.17', 'time': '2026-02-12|12:34:55PST', 'trace': {'timestamp': 1770928495951626, 'duration': 21833, 'localEndpoint': {'serviceName': 'update_state'}, 'name': "['s000001.00001', 'g000001.00001', 'i000001.00001']", 'id': '7629e189a66153c0', 'parentId': 'dddf9bbec5a0e6bf', 'tags': {}}, 'state': 'Running', 'comment': 'Elapsed time = 0.022   files = s000001.00001 g000001.00001 i000001.00001 Success'}})
2026-02-12 12:34:55,984 fastran_pre_constraint_current_5 DEBUG    _get_service_response(REQUEST|fastran_000001@constraint_current@5|FRAMEWORK@Framework@0|47)
2026-02-12 12:34:55,994 fastran_pre_constraint_current_5 DEBUG    _get_service_response(REQUEST|fastran_000001@constraint_current@5|FRAMEWORK@Framework@0|47), response = ServiceResponseMessage(sender_id=FRAMEWORK@Framework@0, receiver_id=fastran_000001@constraint_current@5, request_msg_id=REQUEST|fastran_000001@constraint_current@5|FRAMEWORK@Framework@0|47,status=0, args=(None,), message_id=RESPONSE|FRAMEWORK@Framework@0|fastran_000001@constraint_current@5|451)
2026-02-12 12:34:55,995 fastran_pre_constraint_current_5 DEBUG    _invoke_service(): getTopic  ('_IPS_MONITOR',)
2026-02-12 12:34:55,995 fastran_pre_constraint_current_5 DEBUG    _get_service_response(REQUEST|fastran_000001@constraint_current@5|FRAMEWORK@Framework@0|48)
2026-02-12 12:34:56,005 fastran_pre_constraint_current_5 DEBUG    _get_service_response(REQUEST|fastran_000001@constraint_current@5|FRAMEWORK@Framework@0|48), response = ServiceResponseMessage(sender_id=FRAMEWORK@Framework@0, receiver_id=fastran_000001@constraint_current@5, request_msg_id=REQUEST|fastran_000001@constraint_current@5|FRAMEWORK@Framework@0|48,status=0, args=(<ipsframework.cca_es_spec.Topic object at 0x14e1e9e686a0>,), message_id=RESPONSE|FRAMEWORK@Framework@0|fastran_000001@constraint_current@5|452)
2026-02-12 12:34:56,005 fastran_pre_constraint_current_5 DEBUG    _invoke_service(): sendEvent  ('_IPS_MONITOR', 'PORTAL_EVENT', {'sim_name': 'fastran_000001', 'real_sim_name': 'fastran_000001', 'portal_data': {'code': 'fastran_pre_constraint_current', 'eventtype': 'IPS_STAGE_OUTPUTS', 'ok': True, 'walltime': '43.19', 'time': '2026-02-12|12:34:55PST', 'trace': {'timestamp': 1770928495994798, 'duration': 241, 'localEndpoint': {'serviceName': 'stage_output_files'}, 'name': '[]', 'id': 'ed019efe11be26d9', 'parentId': 'dddf9bbec5a0e6bf', 'tags': {}}, 'state': 'Running', 'comment': 'Elapsed time = 0.000 Path = /pscratch/sd/y/yashu_gh/FREDA_KSTAR_2/ips-fastran/examples/far3d/example1/SCAN/simulation_results/preprocess_4/components/fastran_pre_constraint_current_5 Files = []'}})
2026-02-12 12:34:56,005 fastran_pre_constraint_current_5 DEBUG    _get_service_response(REQUEST|fastran_000001@constraint_current@5|FRAMEWORK@Framework@0|49)
2026-02-12 12:34:56,016 fastran_pre_constraint_current_5 DEBUG    _get_service_response(REQUEST|fastran_000001@constraint_current@5|FRAMEWORK@Framework@0|49), response = ServiceResponseMessage(sender_id=FRAMEWORK@Framework@0, receiver_id=fastran_000001@constraint_current@5, request_msg_id=REQUEST|fastran_000001@constraint_current@5|FRAMEWORK@Framework@0|49,status=0, args=(None,), message_id=RESPONSE|FRAMEWORK@Framework@0|fastran_000001@constraint_current@5|453)
2026-02-12 12:34:56,027 fastran_driver_fastran_driver_2 DEBUG    _get_service_response(REQUEST|fastran_000001@fastran_driver@2|FRAMEWORK@Framework@0|174), response = ServiceResponseMessage(sender_id=FRAMEWORK@Framework@0, receiver_id=fastran_000001@fastran_driver@2, request_msg_id=REQUEST|fastran_000001@fastran_driver@2|FRAMEWORK@Framework@0|174,status=0, args=((None,),), message_id=RESPONSE|FRAMEWORK@Framework@0|fastran_000001@fastran_driver@2|454)
2026-02-12 12:34:56,027 fastran_driver_fastran_driver_2 DEBUG    _invoke_service(): getTopic  ('_IPS_MONITOR',)
2026-02-12 12:34:56,027 fastran_driver_fastran_driver_2 DEBUG    _get_service_response(REQUEST|fastran_000001@fastran_driver@2|FRAMEWORK@Framework@0|175)
2026-02-12 12:34:56,038 fastran_driver_fastran_driver_2 DEBUG    _get_service_response(REQUEST|fastran_000001@fastran_driver@2|FRAMEWORK@Framework@0|175), response = ServiceResponseMessage(sender_id=FRAMEWORK@Framework@0, receiver_id=fastran_000001@fastran_driver@2, request_msg_id=REQUEST|fastran_000001@fastran_driver@2|FRAMEWORK@Framework@0|175,status=0, args=(<ipsframework.cca_es_spec.Topic object at 0x14e1e9e3acd0>,), message_id=RESPONSE|FRAMEWORK@Framework@0|fastran_000001@fastran_driver@2|455)
2026-02-12 12:34:56,038 fastran_driver_fastran_driver_2 DEBUG    _invoke_service(): sendEvent  ('_IPS_MONITOR', 'PORTAL_EVENT', {'sim_name': 'fastran_000001', 'real_sim_name': 'fastran_000001', 'portal_data': {'code': 'fastran_driver_fastran_driver', 'eventtype': 'IPS_CALL_END', 'ok': True, 'walltime': '43.22', 'time': '2026-02-12|12:34:56PST', 'trace': {'timestamp': 1770928495790912, 'duration': 236246, 'localEndpoint': {'serviceName': 'fastran_000001@constraint_current@5'}, 'name': 'step(preprocess_4)', 'id': 'dddf9bbec5a0e6bf', 'parentId': '15e0663de819b9fa', 'tags': {}}, 'state': 'Running', 'comment': 'Target = fastran_000001@constraint_current@5:step(preprocess_4)'}})
2026-02-12 12:34:56,038 fastran_driver_fastran_driver_2 DEBUG    _get_service_response(REQUEST|fastran_000001@fastran_driver@2|FRAMEWORK@Framework@0|176)
2026-02-12 12:34:56,049 fastran_driver_fastran_driver_2 DEBUG    _get_service_response(REQUEST|fastran_000001@fastran_driver@2|FRAMEWORK@Framework@0|176), response = ServiceResponseMessage(sender_id=FRAMEWORK@Framework@0, receiver_id=fastran_000001@fastran_driver@2, request_msg_id=REQUEST|fastran_000001@fastran_driver@2|FRAMEWORK@Framework@0|176,status=0, args=(None,), message_id=RESPONSE|FRAMEWORK@Framework@0|fastran_000001@fastran_driver@2|456)
2026-02-12 12:34:56,049 fastran_driver_fastran_driver_2 DEBUG    _invoke_service(): getTopic  ('_IPS_MONITOR',)
2026-02-12 12:34:56,049 fastran_driver_fastran_driver_2 DEBUG    _get_service_response(REQUEST|fastran_000001@fastran_driver@2|FRAMEWORK@Framework@0|177)
2026-02-12 12:34:56,060 fastran_driver_fastran_driver_2 DEBUG    _get_service_response(REQUEST|fastran_000001@fastran_driver@2|FRAMEWORK@Framework@0|177), response = ServiceResponseMessage(sender_id=FRAMEWORK@Framework@0, receiver_id=fastran_000001@fastran_driver@2, request_msg_id=REQUEST|fastran_000001@fastran_driver@2|FRAMEWORK@Framework@0|177,status=0, args=(<ipsframework.cca_es_spec.Topic object at 0x14e1e9e3adc0>,), message_id=RESPONSE|FRAMEWORK@Framework@0|fastran_000001@fastran_driver@2|457)
2026-02-12 12:34:56,060 fastran_driver_fastran_driver_2 DEBUG    _invoke_service(): sendEvent  ('_IPS_MONITOR', 'PORTALBRIDGE_UPDATE_TIMESTAMP', {'sim_name': 'fastran_000001', 'real_sim_name': 'fastran_000001', 'portal_data': {'phystimestamp': 'preprocess_5', 'eventtype': 'PORTALBRIDGE_UPDATE_TIMESTAMP'}})
2026-02-12 12:34:56,060 fastran_driver_fastran_driver_2 DEBUG    _get_service_response(REQUEST|fastran_000001@fastran_driver@2|FRAMEWORK@Framework@0|178)
2026-02-12 12:34:56,071 fastran_driver_fastran_driver_2 DEBUG    _get_service_response(REQUEST|fastran_000001@fastran_driver@2|FRAMEWORK@Framework@0|178), response = ServiceResponseMessage(sender_id=FRAMEWORK@Framework@0, receiver_id=fastran_000001@fastran_driver@2, request_msg_id=REQUEST|fastran_000001@fastran_driver@2|FRAMEWORK@Framework@0|178,status=0, args=(None,), message_id=RESPONSE|FRAMEWORK@Framework@0|fastran_000001@fastran_driver@2|458)
2026-02-12 12:34:56,071 fastran_driver_fastran_driver_2 DEBUG    _invoke_service(): getTopic  ('_IPS_MONITOR',)
2026-02-12 12:34:56,071 fastran_driver_fastran_driver_2 DEBUG    _get_service_response(REQUEST|fastran_000001@fastran_driver@2|FRAMEWORK@Framework@0|179)
2026-02-12 12:34:56,082 fastran_driver_fastran_driver_2 DEBUG    _get_service_response(REQUEST|fastran_000001@fastran_driver@2|FRAMEWORK@Framework@0|179), response = ServiceResponseMessage(sender_id=FRAMEWORK@Framework@0, receiver_id=fastran_000001@fastran_driver@2, request_msg_id=REQUEST|fastran_000001@fastran_driver@2|FRAMEWORK@Framework@0|179,status=0, args=(<ipsframework.cca_es_spec.Topic object at 0x14e1e9e3ad90>,), message_id=RESPONSE|FRAMEWORK@Framework@0|fastran_000001@fastran_driver@2|459)
2026-02-12 12:34:56,082 fastran_driver_fastran_driver_2 DEBUG    _invoke_service(): sendEvent  ('_IPS_MONITOR', 'PORTAL_EVENT', {'sim_name': 'fastran_000001', 'real_sim_name': 'fastran_000001', 'portal_data': {'code': 'fastran_driver_fastran_driver', 'eventtype': 'IPS_UPDATE_TIME_STAMP', 'ok': True, 'walltime': '43.27', 'time': '2026-02-12|12:34:56PST', 'state': 'Running', 'comment': 'Timestamp = preprocess_5'}})
2026-02-12 12:34:56,082 fastran_driver_fastran_driver_2 DEBUG    _get_service_response(REQUEST|fastran_000001@fastran_driver@2|FRAMEWORK@Framework@0|180)
2026-02-12 12:34:56,093 fastran_driver_fastran_driver_2 DEBUG    _get_service_response(REQUEST|fastran_000001@fastran_driver@2|FRAMEWORK@Framework@0|180), response = ServiceResponseMessage(sender_id=FRAMEWORK@Framework@0, receiver_id=fastran_000001@fastran_driver@2, request_msg_id=REQUEST|fastran_000001@fastran_driver@2|FRAMEWORK@Framework@0|180,status=0, args=(None,), message_id=RESPONSE|FRAMEWORK@Framework@0|fastran_000001@fastran_driver@2|460)
2026-02-12 12:34:56,093 fastran_driver_fastran_driver_2 DEBUG    _invoke_service(): getTopic  ('_IPS_MONITOR',)
2026-02-12 12:34:56,093 fastran_driver_fastran_driver_2 DEBUG    _get_service_response(REQUEST|fastran_000001@fastran_driver@2|FRAMEWORK@Framework@0|181)
2026-02-12 12:34:56,104 fastran_driver_fastran_driver_2 DEBUG    _get_service_response(REQUEST|fastran_000001@fastran_driver@2|FRAMEWORK@Framework@0|181), response = ServiceResponseMessage(sender_id=FRAMEWORK@Framework@0, receiver_id=fastran_000001@fastran_driver@2, request_msg_id=REQUEST|fastran_000001@fastran_driver@2|FRAMEWORK@Framework@0|181,status=0, args=(<ipsframework.cca_es_spec.Topic object at 0x14e1e9e3acd0>,), message_id=RESPONSE|FRAMEWORK@Framework@0|fastran_000001@fastran_driver@2|461)
2026-02-12 12:34:56,104 fastran_driver_fastran_driver_2 DEBUG    _invoke_service(): sendEvent  ('_IPS_MONITOR', 'PORTAL_EVENT', {'sim_name': 'fastran_000001', 'real_sim_name': 'fastran_000001', 'portal_data': {'code': 'fastran_driver_fastran_driver', 'eventtype': 'IPS_CALL_BEGIN', 'ok': True, 'walltime': '43.29', 'time': '2026-02-12|12:34:56PST', 'state': 'Running', 'comment': 'Target = fastran_000001@efit@3:step(preprocess_5)'}})
2026-02-12 12:34:56,104 fastran_driver_fastran_driver_2 DEBUG    _get_service_response(REQUEST|fastran_000001@fastran_driver@2|FRAMEWORK@Framework@0|182)
2026-02-12 12:34:56,115 fastran_driver_fastran_driver_2 DEBUG    _get_service_response(REQUEST|fastran_000001@fastran_driver@2|FRAMEWORK@Framework@0|182), response = ServiceResponseMessage(sender_id=FRAMEWORK@Framework@0, receiver_id=fastran_000001@fastran_driver@2, request_msg_id=REQUEST|fastran_000001@fastran_driver@2|FRAMEWORK@Framework@0|182,status=0, args=(None,), message_id=RESPONSE|FRAMEWORK@Framework@0|fastran_000001@fastran_driver@2|462)
2026-02-12 12:34:56,115 fastran_driver_fastran_driver_2 DEBUG    _invoke_service(): init_call  ('step', 'preprocess_5')
2026-02-12 12:34:56,115 fastran_driver_fastran_driver_2 DEBUG    _get_service_response(REQUEST|fastran_000001@fastran_driver@2|FRAMEWORK@Framework@0|183)
2026-02-12 12:34:56,116 fastran_eq0_efit_3 DEBUG    Received Message 
2026-02-12 12:34:56,116 fastran_eq0_efit_3 DEBUG    Calling method step(preprocess_5)
2026-02-12 12:34:56,116 fastran_eq0_efit_3 DEBUG    _invoke_service(): stage_state  (['s000001.00001', 'g000001.00001', 'i000001.00001'], '/pscratch/sd/y/yashu_gh/FREDA_KSTAR_2/ips-fastran/examples/far3d/example1/SCAN/work/plasma_state', '/pscratch/sd/y/yashu_gh/FREDA_KSTAR_2/ips-fastran/examples/far3d/example1/SCAN/work/fastran_eq0_efit_3')
2026-02-12 12:34:56,116 fastran_eq0_efit_3 DEBUG    _get_service_response(REQUEST|fastran_000001@efit@3|FRAMEWORK@Framework@0|46)
2026-02-12 12:34:56,126 fastran_driver_fastran_driver_2 DEBUG    _get_service_response(REQUEST|fastran_000001@fastran_driver@2|FRAMEWORK@Framework@0|183), response = ServiceResponseMessage(sender_id=FRAMEWORK@Framework@0, receiver_id=fastran_000001@fastran_driver@2, request_msg_id=REQUEST|fastran_000001@fastran_driver@2|FRAMEWORK@Framework@0|183,status=0, args=(34,), message_id=RESPONSE|FRAMEWORK@Framework@0|fastran_000001@fastran_driver@2|463)
2026-02-12 12:34:56,126 fastran_driver_fastran_driver_2 DEBUG    _invoke_service(): wait_call  (34, True)
2026-02-12 12:34:56,126 fastran_driver_fastran_driver_2 DEBUG    _get_service_response(REQUEST|fastran_000001@fastran_driver@2|FRAMEWORK@Framework@0|184)
2026-02-12 12:34:56,138 fastran_eq0_efit_3 DEBUG    _get_service_response(REQUEST|fastran_000001@efit@3|FRAMEWORK@Framework@0|46), response = ServiceResponseMessage(sender_id=FRAMEWORK@Framework@0, receiver_id=fastran_000001@efit@3, request_msg_id=REQUEST|fastran_000001@efit@3|FRAMEWORK@Framework@0|46,status=0, args=(0,), message_id=RESPONSE|FRAMEWORK@Framework@0|fastran_000001@efit@3|464)
2026-02-12 12:34:56,138 fastran_eq0_efit_3 DEBUG    _invoke_service(): getTopic  ('_IPS_MONITOR',)
2026-02-12 12:34:56,138 fastran_eq0_efit_3 DEBUG    _get_service_response(REQUEST|fastran_000001@efit@3|FRAMEWORK@Framework@0|47)
2026-02-12 12:34:56,149 fastran_eq0_efit_3 DEBUG    _get_service_response(REQUEST|fastran_000001@efit@3|FRAMEWORK@Framework@0|47), response = ServiceResponseMessage(sender_id=FRAMEWORK@Framework@0, receiver_id=fastran_000001@efit@3, request_msg_id=REQUEST|fastran_000001@efit@3|FRAMEWORK@Framework@0|47,status=0, args=(<ipsframework.cca_es_spec.Topic object at 0x14e1e9e45be0>,), message_id=RESPONSE|FRAMEWORK@Framework@0|fastran_000001@efit@3|465)
2026-02-12 12:34:56,149 fastran_eq0_efit_3 DEBUG    _invoke_service(): sendEvent  ('_IPS_MONITOR', 'PORTAL_EVENT', {'sim_name': 'fastran_000001', 'real_sim_name': 'fastran_000001', 'portal_data': {'code': 'fastran_eq0_efit', 'eventtype': 'IPS_STAGE_STATE', 'ok': True, 'walltime': '43.34', 'time': '2026-02-12|12:34:56PST', 'trace': {'timestamp': 1770928496116547, 'duration': 22026, 'localEndpoint': {'serviceName': 'stage_state'}, 'name': "['s000001.00001', 'g000001.00001', 'i000001.00001']", 'id': '71885aecf25d7412', 'parentId': '5320aa41f34fd9b7', 'tags': {}}, 'state': 'Running', 'comment': 'Elapsed time = 0.022  files = s000001.00001 g000001.00001 i000001.00001 Success'}})
2026-02-12 12:34:56,149 fastran_eq0_efit_3 DEBUG    _get_service_response(REQUEST|fastran_000001@efit@3|FRAMEWORK@Framework@0|48)
2026-02-12 12:34:56,159 fastran_eq0_efit_3 DEBUG    _get_service_response(REQUEST|fastran_000001@efit@3|FRAMEWORK@Framework@0|48), response = ServiceResponseMessage(sender_id=FRAMEWORK@Framework@0, receiver_id=fastran_000001@efit@3, request_msg_id=REQUEST|fastran_000001@efit@3|FRAMEWORK@Framework@0|48,status=0, args=(None,), message_id=RESPONSE|FRAMEWORK@Framework@0|fastran_000001@efit@3|466)
2026-02-12 12:34:58,059 fastran_eq0_efit_3 DEBUG    _invoke_service(): update_state  (['s000001.00001', 'g000001.00001', 'i000001.00001'], '/pscratch/sd/y/yashu_gh/FREDA_KSTAR_2/ips-fastran/examples/far3d/example1/SCAN/work/fastran_eq0_efit_3', '/pscratch/sd/y/yashu_gh/FREDA_KSTAR_2/ips-fastran/examples/far3d/example1/SCAN/work/plasma_state')
2026-02-12 12:34:58,060 fastran_eq0_efit_3 DEBUG    _get_service_response(REQUEST|fastran_000001@efit@3|FRAMEWORK@Framework@0|49)
2026-02-12 12:34:58,081 fastran_eq0_efit_3 DEBUG    _get_service_response(REQUEST|fastran_000001@efit@3|FRAMEWORK@Framework@0|49), response = ServiceResponseMessage(sender_id=FRAMEWORK@Framework@0, receiver_id=fastran_000001@efit@3, request_msg_id=REQUEST|fastran_000001@efit@3|FRAMEWORK@Framework@0|49,status=0, args=(0,), message_id=RESPONSE|FRAMEWORK@Framework@0|fastran_000001@efit@3|471)
2026-02-12 12:34:58,082 fastran_eq0_efit_3 DEBUG    _invoke_service(): getTopic  ('_IPS_MONITOR',)
2026-02-12 12:34:58,082 fastran_eq0_efit_3 DEBUG    _get_service_response(REQUEST|fastran_000001@efit@3|FRAMEWORK@Framework@0|50)
2026-02-12 12:34:58,092 fastran_eq0_efit_3 DEBUG    _get_service_response(REQUEST|fastran_000001@efit@3|FRAMEWORK@Framework@0|50), response = ServiceResponseMessage(sender_id=FRAMEWORK@Framework@0, receiver_id=fastran_000001@efit@3, request_msg_id=REQUEST|fastran_000001@efit@3|FRAMEWORK@Framework@0|50,status=0, args=(<ipsframework.cca_es_spec.Topic object at 0x14e1e1e0c2e0>,), message_id=RESPONSE|FRAMEWORK@Framework@0|fastran_000001@efit@3|472)
2026-02-12 12:34:58,092 fastran_eq0_efit_3 DEBUG    _invoke_service(): sendEvent  ('_IPS_MONITOR', 'PORTAL_EVENT', {'sim_name': 'fastran_000001', 'real_sim_name': 'fastran_000001', 'portal_data': {'code': 'fastran_eq0_efit', 'eventtype': 'IPS_UPDATE_STATE', 'ok': True, 'walltime': '45.28', 'time': '2026-02-12|12:34:58PST', 'trace': {'timestamp': 1770928498059302, 'duration': 22721, 'localEndpoint': {'serviceName': 'update_state'}, 'name': "['s000001.00001', 'g000001.00001', 'i000001.00001']", 'id': '7629e189a66153c0', 'parentId': '5320aa41f34fd9b7', 'tags': {}}, 'state': 'Running', 'comment': 'Elapsed time = 0.023   files = s000001.00001 g000001.00001 i000001.00001 Success'}})
2026-02-12 12:34:58,093 fastran_eq0_efit_3 DEBUG    _get_service_response(REQUEST|fastran_000001@efit@3|FRAMEWORK@Framework@0|51)
2026-02-12 12:34:58,103 fastran_eq0_efit_3 DEBUG    _get_service_response(REQUEST|fastran_000001@efit@3|FRAMEWORK@Framework@0|51), response = ServiceResponseMessage(sender_id=FRAMEWORK@Framework@0, receiver_id=fastran_000001@efit@3, request_msg_id=REQUEST|fastran_000001@efit@3|FRAMEWORK@Framework@0|51,status=0, args=(None,), message_id=RESPONSE|FRAMEWORK@Framework@0|fastran_000001@efit@3|473)
2026-02-12 12:34:58,124 fastran_eq0_efit_3 DEBUG    _invoke_service(): getTopic  ('_IPS_MONITOR',)
2026-02-12 12:34:58,124 fastran_eq0_efit_3 DEBUG    _get_service_response(REQUEST|fastran_000001@efit@3|FRAMEWORK@Framework@0|52)
2026-02-12 12:34:58,135 fastran_eq0_efit_3 DEBUG    _get_service_response(REQUEST|fastran_000001@efit@3|FRAMEWORK@Framework@0|52), response = ServiceResponseMessage(sender_id=FRAMEWORK@Framework@0, receiver_id=fastran_000001@efit@3, request_msg_id=REQUEST|fastran_000001@efit@3|FRAMEWORK@Framework@0|52,status=0, args=(<ipsframework.cca_es_spec.Topic object at 0x14e1e1e0cd30>,), message_id=RESPONSE|FRAMEWORK@Framework@0|fastran_000001@efit@3|474)
2026-02-12 12:34:58,135 fastran_eq0_efit_3 DEBUG    _invoke_service(): sendEvent  ('_IPS_MONITOR', 'PORTAL_EVENT', {'sim_name': 'fastran_000001', 'real_sim_name': 'fastran_000001', 'portal_data': {'code': 'fastran_eq0_efit', 'eventtype': 'IPS_STAGE_OUTPUTS', 'ok': True, 'walltime': '45.32', 'time': '2026-02-12|12:34:58PST', 'trace': {'timestamp': 1770928498103719, 'duration': 21081, 'localEndpoint': {'serviceName': 'stage_output_files'}, 'name': "['g*.*', 'a*.*', 'm*.*', 'k*.*', 'efit.log']", 'id': '7f2cccfefec01030', 'parentId': '5320aa41f34fd9b7', 'tags': {}}, 'state': 'Running', 'comment': "Elapsed time = 0.021 Path = /pscratch/sd/y/yashu_gh/FREDA_KSTAR_2/ips-fastran/examples/far3d/example1/SCAN/simulation_results/preprocess_5/components/fastran_eq0_efit_3 Files = ['g*.*', 'a*.*', 'm*.*', 'k*.*', 'efit.log']"}})
2026-02-12 12:34:58,135 fastran_eq0_efit_3 DEBUG    _get_service_response(REQUEST|fastran_000001@efit@3|FRAMEWORK@Framework@0|53)
2026-02-12 12:34:58,146 fastran_eq0_efit_3 DEBUG    _get_service_response(REQUEST|fastran_000001@efit@3|FRAMEWORK@Framework@0|53), response = ServiceResponseMessage(sender_id=FRAMEWORK@Framework@0, receiver_id=fastran_000001@efit@3, request_msg_id=REQUEST|fastran_000001@efit@3|FRAMEWORK@Framework@0|53,status=0, args=(None,), message_id=RESPONSE|FRAMEWORK@Framework@0|fastran_000001@efit@3|475)
2026-02-12 12:34:58,157 fastran_driver_fastran_driver_2 DEBUG    _get_service_response(REQUEST|fastran_000001@fastran_driver@2|FRAMEWORK@Framework@0|184), response = ServiceResponseMessage(sender_id=FRAMEWORK@Framework@0, receiver_id=fastran_000001@fastran_driver@2, request_msg_id=REQUEST|fastran_000001@fastran_driver@2|FRAMEWORK@Framework@0|184,status=0, args=((None,),), message_id=RESPONSE|FRAMEWORK@Framework@0|fastran_000001@fastran_driver@2|476)
2026-02-12 12:34:58,158 fastran_driver_fastran_driver_2 DEBUG    _invoke_service(): getTopic  ('_IPS_MONITOR',)
2026-02-12 12:34:58,158 fastran_driver_fastran_driver_2 DEBUG    _get_service_response(REQUEST|fastran_000001@fastran_driver@2|FRAMEWORK@Framework@0|185)
2026-02-12 12:34:58,168 fastran_driver_fastran_driver_2 DEBUG    _get_service_response(REQUEST|fastran_000001@fastran_driver@2|FRAMEWORK@Framework@0|185), response = ServiceResponseMessage(sender_id=FRAMEWORK@Framework@0, receiver_id=fastran_000001@fastran_driver@2, request_msg_id=REQUEST|fastran_000001@fastran_driver@2|FRAMEWORK@Framework@0|185,status=0, args=(<ipsframework.cca_es_spec.Topic object at 0x14e1e9e3ad90>,), message_id=RESPONSE|FRAMEWORK@Framework@0|fastran_000001@fastran_driver@2|477)
2026-02-12 12:34:58,168 fastran_driver_fastran_driver_2 DEBUG    _invoke_service(): sendEvent  ('_IPS_MONITOR', 'PORTAL_EVENT', {'sim_name': 'fastran_000001', 'real_sim_name': 'fastran_000001', 'portal_data': {'code': 'fastran_driver_fastran_driver', 'eventtype': 'IPS_CALL_END', 'ok': True, 'walltime': '45.36', 'time': '2026-02-12|12:34:58PST', 'trace': {'timestamp': 1770928496126313, 'duration': 2031726, 'localEndpoint': {'serviceName': 'fastran_000001@efit@3'}, 'name': 'step(preprocess_5)', 'id': '5320aa41f34fd9b7', 'parentId': '15e0663de819b9fa', 'tags': {}}, 'state': 'Running', 'comment': 'Target = fastran_000001@efit@3:step(preprocess_5)'}})
2026-02-12 12:34:58,168 fastran_driver_fastran_driver_2 DEBUG    _get_service_response(REQUEST|fastran_000001@fastran_driver@2|FRAMEWORK@Framework@0|186)
2026-02-12 12:34:58,179 fastran_driver_fastran_driver_2 DEBUG    _get_service_response(REQUEST|fastran_000001@fastran_driver@2|FRAMEWORK@Framework@0|186), response = ServiceResponseMessage(sender_id=FRAMEWORK@Framework@0, receiver_id=fastran_000001@fastran_driver@2, request_msg_id=REQUEST|fastran_000001@fastran_driver@2|FRAMEWORK@Framework@0|186,status=0, args=(None,), message_id=RESPONSE|FRAMEWORK@Framework@0|fastran_000001@fastran_driver@2|478)
2026-02-12 12:34:58,179 fastran_driver_fastran_driver_2 DEBUG    _invoke_service(): getTopic  ('_IPS_MONITOR',)
2026-02-12 12:34:58,179 fastran_driver_fastran_driver_2 DEBUG    _get_service_response(REQUEST|fastran_000001@fastran_driver@2|FRAMEWORK@Framework@0|187)
2026-02-12 12:34:58,190 fastran_driver_fastran_driver_2 DEBUG    _get_service_response(REQUEST|fastran_000001@fastran_driver@2|FRAMEWORK@Framework@0|187), response = ServiceResponseMessage(sender_id=FRAMEWORK@Framework@0, receiver_id=fastran_000001@fastran_driver@2, request_msg_id=REQUEST|fastran_000001@fastran_driver@2|FRAMEWORK@Framework@0|187,status=0, args=(<ipsframework.cca_es_spec.Topic object at 0x14e1e9e3adc0>,), message_id=RESPONSE|FRAMEWORK@Framework@0|fastran_000001@fastran_driver@2|479)
2026-02-12 12:34:58,190 fastran_driver_fastran_driver_2 DEBUG    _invoke_service(): sendEvent  ('_IPS_MONITOR', 'PORTAL_EVENT', {'sim_name': 'fastran_000001', 'real_sim_name': 'fastran_000001', 'portal_data': {'code': 'fastran_driver_fastran_driver', 'eventtype': 'IPS_CALL_BEGIN', 'ok': True, 'walltime': '45.38', 'time': '2026-02-12|12:34:58PST', 'state': 'Running', 'comment': 'Target = fastran_000001@fastran@4:step(preprocess_5)'}})
2026-02-12 12:34:58,190 fastran_driver_fastran_driver_2 DEBUG    _get_service_response(REQUEST|fastran_000001@fastran_driver@2|FRAMEWORK@Framework@0|188)
2026-02-12 12:34:58,200 fastran_driver_fastran_driver_2 DEBUG    _get_service_response(REQUEST|fastran_000001@fastran_driver@2|FRAMEWORK@Framework@0|188), response = ServiceResponseMessage(sender_id=FRAMEWORK@Framework@0, receiver_id=fastran_000001@fastran_driver@2, request_msg_id=REQUEST|fastran_000001@fastran_driver@2|FRAMEWORK@Framework@0|188,status=0, args=(None,), message_id=RESPONSE|FRAMEWORK@Framework@0|fastran_000001@fastran_driver@2|480)
2026-02-12 12:34:58,200 fastran_driver_fastran_driver_2 DEBUG    _invoke_service(): init_call  ('step', 'preprocess_5')
2026-02-12 12:34:58,201 fastran_driver_fastran_driver_2 DEBUG    _get_service_response(REQUEST|fastran_000001@fastran_driver@2|FRAMEWORK@Framework@0|189)
2026-02-12 12:34:58,201 fastran_tr0_fastran_4 DEBUG    Received Message 
2026-02-12 12:34:58,201 fastran_tr0_fastran_4 DEBUG    Calling method step(preprocess_5)
2026-02-12 12:34:58,202 fastran_tr0_fastran_4 DEBUG    _invoke_service(): stage_state  (['s000001.00001', 'g000001.00001', 'i000001.00001'], '/pscratch/sd/y/yashu_gh/FREDA_KSTAR_2/ips-fastran/examples/far3d/example1/SCAN/work/plasma_state', '/pscratch/sd/y/yashu_gh/FREDA_KSTAR_2/ips-fastran/examples/far3d/example1/SCAN/work/fastran_tr0_fastran_4')
2026-02-12 12:34:58,202 fastran_tr0_fastran_4 DEBUG    _get_service_response(REQUEST|fastran_000001@fastran@4|FRAMEWORK@Framework@0|80)
2026-02-12 12:34:58,211 fastran_driver_fastran_driver_2 DEBUG    _get_service_response(REQUEST|fastran_000001@fastran_driver@2|FRAMEWORK@Framework@0|189), response = ServiceResponseMessage(sender_id=FRAMEWORK@Framework@0, receiver_id=fastran_000001@fastran_driver@2, request_msg_id=REQUEST|fastran_000001@fastran_driver@2|FRAMEWORK@Framework@0|189,status=0, args=(35,), message_id=RESPONSE|FRAMEWORK@Framework@0|fastran_000001@fastran_driver@2|481)
2026-02-12 12:34:58,211 fastran_driver_fastran_driver_2 DEBUG    _invoke_service(): wait_call  (35, True)
2026-02-12 12:34:58,211 fastran_driver_fastran_driver_2 DEBUG    _get_service_response(REQUEST|fastran_000001@fastran_driver@2|FRAMEWORK@Framework@0|190)
2026-02-12 12:34:58,222 fastran_tr0_fastran_4 DEBUG    _get_service_response(REQUEST|fastran_000001@fastran@4|FRAMEWORK@Framework@0|80), response = ServiceResponseMessage(sender_id=FRAMEWORK@Framework@0, receiver_id=fastran_000001@fastran@4, request_msg_id=REQUEST|fastran_000001@fastran@4|FRAMEWORK@Framework@0|80,status=0, args=(0,), message_id=RESPONSE|FRAMEWORK@Framework@0|fastran_000001@fastran@4|482)
2026-02-12 12:34:58,222 fastran_tr0_fastran_4 DEBUG    _invoke_service(): getTopic  ('_IPS_MONITOR',)
2026-02-12 12:34:58,223 fastran_tr0_fastran_4 DEBUG    _get_service_response(REQUEST|fastran_000001@fastran@4|FRAMEWORK@Framework@0|81)
2026-02-12 12:34:58,233 fastran_tr0_fastran_4 DEBUG    _get_service_response(REQUEST|fastran_000001@fastran@4|FRAMEWORK@Framework@0|81), response = ServiceResponseMessage(sender_id=FRAMEWORK@Framework@0, receiver_id=fastran_000001@fastran@4, request_msg_id=REQUEST|fastran_000001@fastran@4|FRAMEWORK@Framework@0|81,status=0, args=(<ipsframework.cca_es_spec.Topic object at 0x14e1e9e61ac0>,), message_id=RESPONSE|FRAMEWORK@Framework@0|fastran_000001@fastran@4|483)
2026-02-12 12:34:58,233 fastran_tr0_fastran_4 DEBUG    _invoke_service(): sendEvent  ('_IPS_MONITOR', 'PORTAL_EVENT', {'sim_name': 'fastran_000001', 'real_sim_name': 'fastran_000001', 'portal_data': {'code': 'fastran_tr0_fastran', 'eventtype': 'IPS_STAGE_STATE', 'ok': True, 'walltime': '45.42', 'time': '2026-02-12|12:34:58PST', 'trace': {'timestamp': 1770928498201905, 'duration': 20854, 'localEndpoint': {'serviceName': 'stage_state'}, 'name': "['s000001.00001', 'g000001.00001', 'i000001.00001']", 'id': '71885aecf25d7412', 'parentId': '0747d9be1d81fb85', 'tags': {}}, 'state': 'Running', 'comment': 'Elapsed time = 0.021  files = s000001.00001 g000001.00001 i000001.00001 Success'}})
2026-02-12 12:34:58,233 fastran_tr0_fastran_4 DEBUG    _get_service_response(REQUEST|fastran_000001@fastran@4|FRAMEWORK@Framework@0|82)
2026-02-12 12:34:58,244 fastran_tr0_fastran_4 DEBUG    _get_service_response(REQUEST|fastran_000001@fastran@4|FRAMEWORK@Framework@0|82), response = ServiceResponseMessage(sender_id=FRAMEWORK@Framework@0, receiver_id=fastran_000001@fastran@4, request_msg_id=REQUEST|fastran_000001@fastran@4|FRAMEWORK@Framework@0|82,status=0, args=(None,), message_id=RESPONSE|FRAMEWORK@Framework@0|fastran_000001@fastran@4|484)
2026-02-12 12:34:58,253 fastran_tr0_fastran_4 DEBUG    _invoke_service(): getTopic  ('_IPS_MONITOR',)
2026-02-12 12:34:58,253 fastran_tr0_fastran_4 DEBUG    _get_service_response(REQUEST|fastran_000001@fastran@4|FRAMEWORK@Framework@0|83)
2026-02-12 12:34:58,264 fastran_tr0_fastran_4 DEBUG    _get_service_response(REQUEST|fastran_000001@fastran@4|FRAMEWORK@Framework@0|83), response = ServiceResponseMessage(sender_id=FRAMEWORK@Framework@0, receiver_id=fastran_000001@fastran@4, request_msg_id=REQUEST|fastran_000001@fastran@4|FRAMEWORK@Framework@0|83,status=0, args=(<ipsframework.cca_es_spec.Topic object at 0x14e1e9e64970>,), message_id=RESPONSE|FRAMEWORK@Framework@0|fastran_000001@fastran@4|485)
2026-02-12 12:34:58,264 fastran_tr0_fastran_4 DEBUG    _invoke_service(): sendEvent  ('_IPS_MONITOR', 'PORTAL_EVENT', {'sim_name': 'fastran_000001', 'real_sim_name': 'fastran_000001', 'portal_data': {'code': 'fastran_tr0_fastran', 'eventtype': 'IPS_STAGE_INPUTS', 'ok': True, 'walltime': '45.45', 'time': '2026-02-12|12:34:58PST', 'trace': {'timestamp': 1770928498244526, 'duration': 9101, 'localEndpoint': {'serviceName': 'stage_input_files'}, 'name': 'infastran0 intglf', 'id': 'dca1af508bf5af99', 'parentId': '0747d9be1d81fb85', 'tags': {}}, 'state': 'Running', 'comment': 'Elapsed time = 0.009 Path = /pscratch/sd/y/yashu_gh/FREDA_KSTAR_2/ips-fastran/examples/far3d/example1/input Files = infastran0 intglf'}})
2026-02-12 12:34:58,264 fastran_tr0_fastran_4 DEBUG    _get_service_response(REQUEST|fastran_000001@fastran@4|FRAMEWORK@Framework@0|84)
2026-02-12 12:34:58,274 fastran_tr0_fastran_4 DEBUG    _get_service_response(REQUEST|fastran_000001@fastran@4|FRAMEWORK@Framework@0|84), response = ServiceResponseMessage(sender_id=FRAMEWORK@Framework@0, receiver_id=fastran_000001@fastran@4, request_msg_id=REQUEST|fastran_000001@fastran@4|FRAMEWORK@Framework@0|84,status=0, args=(None,), message_id=RESPONSE|FRAMEWORK@Framework@0|fastran_000001@fastran@4|486)
2026-02-12 12:34:58,410 fastran_tr0_fastran_4 DEBUG    _invoke_service(): init_task  (TaskInit(nproc=1, binary='/global/common/software/atom/perlmutter/binaries/fastran/default/xfastran_ver1.00_ser', working_dir='/pscratch/sd/y/yashu_gh/FREDA_KSTAR_2/ips-fastran/examples/far3d/example1/SCAN/work/fastran_tr0_fastran_4', tppn=0, tcpp=0, tgpp=0, block=True, omp=False, wnodes=True, wsocks=True, cmd_args=('1', '1')),)
2026-02-12 12:34:58,410 fastran_tr0_fastran_4 DEBUG    _get_service_response(REQUEST|fastran_000001@fastran@4|FRAMEWORK@Framework@0|85)
2026-02-12 12:34:58,421 fastran_tr0_fastran_4 DEBUG    _get_service_response(REQUEST|fastran_000001@fastran@4|FRAMEWORK@Framework@0|85), response = ServiceResponseMessage(sender_id=FRAMEWORK@Framework@0, receiver_id=fastran_000001@fastran@4, request_msg_id=REQUEST|fastran_000001@fastran@4|FRAMEWORK@Framework@0|85,status=0, args=((7, 'srun -N 1 -n 1 -c 128 --threads-per-core=1 --cpu-bind=cores /global/common/software/atom/perlmutter/binaries/fastran/default/xfastran_ver1.00_ser 1 1', None, 128),), message_id=RESPONSE|FRAMEWORK@Framework@0|fastran_000001@fastran@4|487)
2026-02-12 12:34:58,422 fastran_tr0_fastran_4 DEBUG    Launching command : srun -N 1 -n 1 -c 128 --threads-per-core=1 --cpu-bind=cores /global/common/software/atom/perlmutter/binaries/fastran/default/xfastran_ver1.00_ser 1 1
2026-02-12 12:34:58,436 fastran_tr0_fastran_4 DEBUG    _invoke_service(): getTopic  ('_IPS_MONITOR',)
2026-02-12 12:34:58,436 fastran_tr0_fastran_4 DEBUG    _get_service_response(REQUEST|fastran_000001@fastran@4|FRAMEWORK@Framework@0|86)
2026-02-12 12:34:58,447 fastran_tr0_fastran_4 DEBUG    _get_service_response(REQUEST|fastran_000001@fastran@4|FRAMEWORK@Framework@0|86), response = ServiceResponseMessage(sender_id=FRAMEWORK@Framework@0, receiver_id=fastran_000001@fastran@4, request_msg_id=REQUEST|fastran_000001@fastran@4|FRAMEWORK@Framework@0|86,status=0, args=(<ipsframework.cca_es_spec.Topic object at 0x14e1e9e64ac0>,), message_id=RESPONSE|FRAMEWORK@Framework@0|fastran_000001@fastran@4|489)
2026-02-12 12:34:58,447 fastran_tr0_fastran_4 DEBUG    _invoke_service(): sendEvent  ('_IPS_MONITOR', 'PORTAL_EVENT', {'sim_name': 'fastran_000001', 'real_sim_name': 'fastran_000001', 'portal_data': {'code': 'fastran_tr0_fastran', 'eventtype': 'IPS_LAUNCH_TASK', 'ok': True, 'walltime': '45.63', 'time': '2026-02-12|12:34:58PST', 'state': 'Running', 'comment': 'task_id = 7 , Tag = None , nproc = 1 , Target = srun -N 1 -n 1 -c 128 --threads-per-core=1 --cpu-bind=cores /global/common/software/atom/perlmutter/binaries/fastran/default/xfastran_ver1.00_ser 1 1'}})
2026-02-12 12:34:58,447 fastran_tr0_fastran_4 DEBUG    _get_service_response(REQUEST|fastran_000001@fastran@4|FRAMEWORK@Framework@0|87)
2026-02-12 12:34:58,458 fastran_tr0_fastran_4 DEBUG    _get_service_response(REQUEST|fastran_000001@fastran@4|FRAMEWORK@Framework@0|87), response = ServiceResponseMessage(sender_id=FRAMEWORK@Framework@0, receiver_id=fastran_000001@fastran@4, request_msg_id=REQUEST|fastran_000001@fastran@4|FRAMEWORK@Framework@0|87,status=0, args=(None,), message_id=RESPONSE|FRAMEWORK@Framework@0|fastran_000001@fastran@4|490)
2026-02-12 12:34:58,745 fastran_tr0_fastran_4 DEBUG    _invoke_service(): getTopic  ('_IPS_MONITOR',)
2026-02-12 12:34:58,745 fastran_tr0_fastran_4 DEBUG    _get_service_response(REQUEST|fastran_000001@fastran@4|FRAMEWORK@Framework@0|88)
2026-02-12 12:34:58,756 fastran_tr0_fastran_4 DEBUG    _get_service_response(REQUEST|fastran_000001@fastran@4|FRAMEWORK@Framework@0|88), response = ServiceResponseMessage(sender_id=FRAMEWORK@Framework@0, receiver_id=fastran_000001@fastran@4, request_msg_id=REQUEST|fastran_000001@fastran@4|FRAMEWORK@Framework@0|88,status=0, args=(<ipsframework.cca_es_spec.Topic object at 0x14e1e9e64910>,), message_id=RESPONSE|FRAMEWORK@Framework@0|fastran_000001@fastran@4|491)
2026-02-12 12:34:58,756 fastran_tr0_fastran_4 DEBUG    _invoke_service(): sendEvent  ('_IPS_MONITOR', 'PORTAL_EVENT', {'sim_name': 'fastran_000001', 'real_sim_name': 'fastran_000001', 'portal_data': {'code': 'fastran_tr0_fastran', 'eventtype': 'IPS_TASK_END', 'ok': True, 'walltime': '45.94', 'time': '2026-02-12|12:34:58PST', 'trace': {'timestamp': 1770928498436071, 'duration': 309511, 'localEndpoint': {'serviceName': '/global/common/software/atom/perlmutter/binaries/fastran/default/xfastran_ver1.00_ser'}, 'name': '1 1', 'id': '16a0e31e2444aee1', 'parentId': '0747d9be1d81fb85', 'tags': {'procs_requested': '1', 'cores_allocated': '128'}}, 'state': 'Running', 'comment': 'task_id = 7  elapsed time = 0.31 S'}})
2026-02-12 12:34:58,756 fastran_tr0_fastran_4 DEBUG    _get_service_response(REQUEST|fastran_000001@fastran@4|FRAMEWORK@Framework@0|89)
2026-02-12 12:34:58,767 fastran_tr0_fastran_4 DEBUG    _get_service_response(REQUEST|fastran_000001@fastran@4|FRAMEWORK@Framework@0|89), response = ServiceResponseMessage(sender_id=FRAMEWORK@Framework@0, receiver_id=fastran_000001@fastran@4, request_msg_id=REQUEST|fastran_000001@fastran@4|FRAMEWORK@Framework@0|89,status=0, args=(None,), message_id=RESPONSE|FRAMEWORK@Framework@0|fastran_000001@fastran@4|492)
2026-02-12 12:34:58,767 fastran_tr0_fastran_4 DEBUG    _invoke_service(): finish_task  (7, 0)
2026-02-12 12:34:58,767 fastran_tr0_fastran_4 DEBUG    _get_service_response(REQUEST|fastran_000001@fastran@4|FRAMEWORK@Framework@0|90)
2026-02-12 12:34:58,778 fastran_tr0_fastran_4 DEBUG    _get_service_response(REQUEST|fastran_000001@fastran@4|FRAMEWORK@Framework@0|90), response = ServiceResponseMessage(sender_id=FRAMEWORK@Framework@0, receiver_id=fastran_000001@fastran@4, request_msg_id=REQUEST|fastran_000001@fastran@4|FRAMEWORK@Framework@0|90,status=0, args=(0,), message_id=RESPONSE|FRAMEWORK@Framework@0|fastran_000001@fastran@4|493)
2026-02-12 12:34:58,947 fastran_tr0_fastran_4 DEBUG    _invoke_service(): update_state  (['s000001.00001', 'g000001.00001', 'i000001.00001'], '/pscratch/sd/y/yashu_gh/FREDA_KSTAR_2/ips-fastran/examples/far3d/example1/SCAN/work/fastran_tr0_fastran_4', '/pscratch/sd/y/yashu_gh/FREDA_KSTAR_2/ips-fastran/examples/far3d/example1/SCAN/work/plasma_state')
2026-02-12 12:34:58,947 fastran_tr0_fastran_4 DEBUG    _get_service_response(REQUEST|fastran_000001@fastran@4|FRAMEWORK@Framework@0|91)
2026-02-12 12:34:58,968 fastran_tr0_fastran_4 DEBUG    _get_service_response(REQUEST|fastran_000001@fastran@4|FRAMEWORK@Framework@0|91), response = ServiceResponseMessage(sender_id=FRAMEWORK@Framework@0, receiver_id=fastran_000001@fastran@4, request_msg_id=REQUEST|fastran_000001@fastran@4|FRAMEWORK@Framework@0|91,status=0, args=(0,), message_id=RESPONSE|FRAMEWORK@Framework@0|fastran_000001@fastran@4|495)
2026-02-12 12:34:58,968 fastran_tr0_fastran_4 DEBUG    _invoke_service(): getTopic  ('_IPS_MONITOR',)
2026-02-12 12:34:58,968 fastran_tr0_fastran_4 DEBUG    _get_service_response(REQUEST|fastran_000001@fastran@4|FRAMEWORK@Framework@0|92)
2026-02-12 12:34:58,978 fastran_tr0_fastran_4 DEBUG    _get_service_response(REQUEST|fastran_000001@fastran@4|FRAMEWORK@Framework@0|92), response = ServiceResponseMessage(sender_id=FRAMEWORK@Framework@0, receiver_id=fastran_000001@fastran@4, request_msg_id=REQUEST|fastran_000001@fastran@4|FRAMEWORK@Framework@0|92,status=0, args=(<ipsframework.cca_es_spec.Topic object at 0x14e1e1e1d850>,), message_id=RESPONSE|FRAMEWORK@Framework@0|fastran_000001@fastran@4|496)
2026-02-12 12:34:58,978 fastran_tr0_fastran_4 DEBUG    _invoke_service(): sendEvent  ('_IPS_MONITOR', 'PORTAL_EVENT', {'sim_name': 'fastran_000001', 'real_sim_name': 'fastran_000001', 'portal_data': {'code': 'fastran_tr0_fastran', 'eventtype': 'IPS_UPDATE_STATE', 'ok': True, 'walltime': '46.17', 'time': '2026-02-12|12:34:58PST', 'trace': {'timestamp': 1770928498947142, 'duration': 20942, 'localEndpoint': {'serviceName': 'update_state'}, 'name': "['s000001.00001', 'g000001.00001', 'i000001.00001']", 'id': '7629e189a66153c0', 'parentId': '0747d9be1d81fb85', 'tags': {}}, 'state': 'Running', 'comment': 'Elapsed time = 0.021   files = s000001.00001 g000001.00001 i000001.00001 Success'}})
2026-02-12 12:34:58,978 fastran_tr0_fastran_4 DEBUG    _get_service_response(REQUEST|fastran_000001@fastran@4|FRAMEWORK@Framework@0|93)
2026-02-12 12:34:58,989 fastran_tr0_fastran_4 DEBUG    _get_service_response(REQUEST|fastran_000001@fastran@4|FRAMEWORK@Framework@0|93), response = ServiceResponseMessage(sender_id=FRAMEWORK@Framework@0, receiver_id=fastran_000001@fastran@4, request_msg_id=REQUEST|fastran_000001@fastran@4|FRAMEWORK@Framework@0|93,status=0, args=(None,), message_id=RESPONSE|FRAMEWORK@Framework@0|fastran_000001@fastran@4|497)
2026-02-12 12:34:59,011 fastran_tr0_fastran_4 DEBUG    _invoke_service(): getTopic  ('_IPS_MONITOR',)
2026-02-12 12:34:59,011 fastran_tr0_fastran_4 DEBUG    _get_service_response(REQUEST|fastran_000001@fastran@4|FRAMEWORK@Framework@0|94)
2026-02-12 12:34:59,021 fastran_tr0_fastran_4 DEBUG    _get_service_response(REQUEST|fastran_000001@fastran@4|FRAMEWORK@Framework@0|94), response = ServiceResponseMessage(sender_id=FRAMEWORK@Framework@0, receiver_id=fastran_000001@fastran@4, request_msg_id=REQUEST|fastran_000001@fastran@4|FRAMEWORK@Framework@0|94,status=0, args=(<ipsframework.cca_es_spec.Topic object at 0x14e1e1e1d9a0>,), message_id=RESPONSE|FRAMEWORK@Framework@0|fastran_000001@fastran@4|498)
2026-02-12 12:34:59,021 fastran_tr0_fastran_4 DEBUG    _invoke_service(): sendEvent  ('_IPS_MONITOR', 'PORTAL_EVENT', {'sim_name': 'fastran_000001', 'real_sim_name': 'fastran_000001', 'portal_data': {'code': 'fastran_tr0_fastran', 'eventtype': 'IPS_STAGE_OUTPUTS', 'ok': True, 'walltime': '46.21', 'time': '2026-02-12|12:34:59PST', 'trace': {'timestamp': 1770928498989532, 'duration': 21749, 'localEndpoint': {'serviceName': 'stage_output_files'}, 'name': "['fastran.nc', 'inprof', 'inmetric', 'infastran', 'intglf', 'xfastran.log', 'i000001.00001']", 'id': '7349cfaaafc33980', 'parentId': '0747d9be1d81fb85', 'tags': {}}, 'state': 'Running', 'comment': "Elapsed time = 0.022 Path = /pscratch/sd/y/yashu_gh/FREDA_KSTAR_2/ips-fastran/examples/far3d/example1/SCAN/simulation_results/preprocess_5/components/fastran_tr0_fastran_4 Files = ['fastran.nc', 'inprof', 'inmetric', 'infastran', 'intglf', 'xfastran.log', 'i000001.00001']"}})
2026-02-12 12:34:59,021 fastran_tr0_fastran_4 DEBUG    _get_service_response(REQUEST|fastran_000001@fastran@4|FRAMEWORK@Framework@0|95)
2026-02-12 12:34:59,032 fastran_tr0_fastran_4 DEBUG    _get_service_response(REQUEST|fastran_000001@fastran@4|FRAMEWORK@Framework@0|95), response = ServiceResponseMessage(sender_id=FRAMEWORK@Framework@0, receiver_id=fastran_000001@fastran@4, request_msg_id=REQUEST|fastran_000001@fastran@4|FRAMEWORK@Framework@0|95,status=0, args=(None,), message_id=RESPONSE|FRAMEWORK@Framework@0|fastran_000001@fastran@4|499)
2026-02-12 12:34:59,043 fastran_driver_fastran_driver_2 DEBUG    _get_service_response(REQUEST|fastran_000001@fastran_driver@2|FRAMEWORK@Framework@0|190), response = ServiceResponseMessage(sender_id=FRAMEWORK@Framework@0, receiver_id=fastran_000001@fastran_driver@2, request_msg_id=REQUEST|fastran_000001@fastran_driver@2|FRAMEWORK@Framework@0|190,status=0, args=((None,),), message_id=RESPONSE|FRAMEWORK@Framework@0|fastran_000001@fastran_driver@2|500)
2026-02-12 12:34:59,043 fastran_driver_fastran_driver_2 DEBUG    _invoke_service(): getTopic  ('_IPS_MONITOR',)
2026-02-12 12:34:59,043 fastran_driver_fastran_driver_2 DEBUG    _get_service_response(REQUEST|fastran_000001@fastran_driver@2|FRAMEWORK@Framework@0|191)
2026-02-12 12:34:59,054 fastran_driver_fastran_driver_2 DEBUG    _get_service_response(REQUEST|fastran_000001@fastran_driver@2|FRAMEWORK@Framework@0|191), response = ServiceResponseMessage(sender_id=FRAMEWORK@Framework@0, receiver_id=fastran_000001@fastran_driver@2, request_msg_id=REQUEST|fastran_000001@fastran_driver@2|FRAMEWORK@Framework@0|191,status=0, args=(<ipsframework.cca_es_spec.Topic object at 0x14e1e9e3ad90>,), message_id=RESPONSE|FRAMEWORK@Framework@0|fastran_000001@fastran_driver@2|501)
2026-02-12 12:34:59,054 fastran_driver_fastran_driver_2 DEBUG    _invoke_service(): sendEvent  ('_IPS_MONITOR', 'PORTAL_EVENT', {'sim_name': 'fastran_000001', 'real_sim_name': 'fastran_000001', 'portal_data': {'code': 'fastran_driver_fastran_driver', 'eventtype': 'IPS_CALL_END', 'ok': True, 'walltime': '46.24', 'time': '2026-02-12|12:34:59PST', 'trace': {'timestamp': 1770928498211480, 'duration': 831843, 'localEndpoint': {'serviceName': 'fastran_000001@fastran@4'}, 'name': 'step(preprocess_5)', 'id': '0747d9be1d81fb85', 'parentId': '15e0663de819b9fa', 'tags': {}}, 'state': 'Running', 'comment': 'Target = fastran_000001@fastran@4:step(preprocess_5)'}})
2026-02-12 12:34:59,054 fastran_driver_fastran_driver_2 DEBUG    _get_service_response(REQUEST|fastran_000001@fastran_driver@2|FRAMEWORK@Framework@0|192)
2026-02-12 12:34:59,065 fastran_driver_fastran_driver_2 DEBUG    _get_service_response(REQUEST|fastran_000001@fastran_driver@2|FRAMEWORK@Framework@0|192), response = ServiceResponseMessage(sender_id=FRAMEWORK@Framework@0, receiver_id=fastran_000001@fastran_driver@2, request_msg_id=REQUEST|fastran_000001@fastran_driver@2|FRAMEWORK@Framework@0|192,status=0, args=(None,), message_id=RESPONSE|FRAMEWORK@Framework@0|fastran_000001@fastran_driver@2|502)
2026-02-12 12:34:59,065 fastran_driver_fastran_driver_2 DEBUG    _invoke_service(): getTopic  ('_IPS_MONITOR',)
2026-02-12 12:34:59,065 fastran_driver_fastran_driver_2 DEBUG    _get_service_response(REQUEST|fastran_000001@fastran_driver@2|FRAMEWORK@Framework@0|193)
2026-02-12 12:34:59,076 fastran_driver_fastran_driver_2 DEBUG    _get_service_response(REQUEST|fastran_000001@fastran_driver@2|FRAMEWORK@Framework@0|193), response = ServiceResponseMessage(sender_id=FRAMEWORK@Framework@0, receiver_id=fastran_000001@fastran_driver@2, request_msg_id=REQUEST|fastran_000001@fastran_driver@2|FRAMEWORK@Framework@0|193,status=0, args=(<ipsframework.cca_es_spec.Topic object at 0x14e1e9e3adf0>,), message_id=RESPONSE|FRAMEWORK@Framework@0|fastran_000001@fastran_driver@2|503)
2026-02-12 12:34:59,076 fastran_driver_fastran_driver_2 DEBUG    _invoke_service(): sendEvent  ('_IPS_MONITOR', 'PORTAL_EVENT', {'sim_name': 'fastran_000001', 'real_sim_name': 'fastran_000001', 'portal_data': {'code': 'fastran_driver_fastran_driver', 'eventtype': 'IPS_CALL_BEGIN', 'ok': True, 'walltime': '46.26', 'time': '2026-02-12|12:34:59PST', 'state': 'Running', 'comment': 'Target = fastran_000001@constraint_current@5:step(preprocess_5)'}})
2026-02-12 12:34:59,076 fastran_driver_fastran_driver_2 DEBUG    _get_service_response(REQUEST|fastran_000001@fastran_driver@2|FRAMEWORK@Framework@0|194)
2026-02-12 12:34:59,087 fastran_driver_fastran_driver_2 DEBUG    _get_service_response(REQUEST|fastran_000001@fastran_driver@2|FRAMEWORK@Framework@0|194), response = ServiceResponseMessage(sender_id=FRAMEWORK@Framework@0, receiver_id=fastran_000001@fastran_driver@2, request_msg_id=REQUEST|fastran_000001@fastran_driver@2|FRAMEWORK@Framework@0|194,status=0, args=(None,), message_id=RESPONSE|FRAMEWORK@Framework@0|fastran_000001@fastran_driver@2|504)
2026-02-12 12:34:59,087 fastran_driver_fastran_driver_2 DEBUG    _invoke_service(): init_call  ('step', 'preprocess_5')
2026-02-12 12:34:59,087 fastran_driver_fastran_driver_2 DEBUG    _get_service_response(REQUEST|fastran_000001@fastran_driver@2|FRAMEWORK@Framework@0|195)
2026-02-12 12:34:59,087 fastran_pre_constraint_current_5 DEBUG    Received Message 
2026-02-12 12:34:59,088 fastran_pre_constraint_current_5 DEBUG    Calling method step(preprocess_5)
2026-02-12 12:34:59,088 fastran_pre_constraint_current_5 DEBUG    _invoke_service(): stage_state  (['s000001.00001', 'g000001.00001', 'i000001.00001'], '/pscratch/sd/y/yashu_gh/FREDA_KSTAR_2/ips-fastran/examples/far3d/example1/SCAN/work/plasma_state', '/pscratch/sd/y/yashu_gh/FREDA_KSTAR_2/ips-fastran/examples/far3d/example1/SCAN/work/fastran_pre_constraint_current_5')
2026-02-12 12:34:59,088 fastran_pre_constraint_current_5 DEBUG    _get_service_response(REQUEST|fastran_000001@constraint_current@5|FRAMEWORK@Framework@0|50)
2026-02-12 12:34:59,098 fastran_driver_fastran_driver_2 DEBUG    _get_service_response(REQUEST|fastran_000001@fastran_driver@2|FRAMEWORK@Framework@0|195), response = ServiceResponseMessage(sender_id=FRAMEWORK@Framework@0, receiver_id=fastran_000001@fastran_driver@2, request_msg_id=REQUEST|fastran_000001@fastran_driver@2|FRAMEWORK@Framework@0|195,status=0, args=(36,), message_id=RESPONSE|FRAMEWORK@Framework@0|fastran_000001@fastran_driver@2|505)
2026-02-12 12:34:59,098 fastran_driver_fastran_driver_2 DEBUG    _invoke_service(): wait_call  (36, True)
2026-02-12 12:34:59,098 fastran_driver_fastran_driver_2 DEBUG    _get_service_response(REQUEST|fastran_000001@fastran_driver@2|FRAMEWORK@Framework@0|196)
2026-02-12 12:34:59,109 fastran_pre_constraint_current_5 DEBUG    _get_service_response(REQUEST|fastran_000001@constraint_current@5|FRAMEWORK@Framework@0|50), response = ServiceResponseMessage(sender_id=FRAMEWORK@Framework@0, receiver_id=fastran_000001@constraint_current@5, request_msg_id=REQUEST|fastran_000001@constraint_current@5|FRAMEWORK@Framework@0|50,status=0, args=(0,), message_id=RESPONSE|FRAMEWORK@Framework@0|fastran_000001@constraint_current@5|506)
2026-02-12 12:34:59,110 fastran_pre_constraint_current_5 DEBUG    _invoke_service(): getTopic  ('_IPS_MONITOR',)
2026-02-12 12:34:59,110 fastran_pre_constraint_current_5 DEBUG    _get_service_response(REQUEST|fastran_000001@constraint_current@5|FRAMEWORK@Framework@0|51)
2026-02-12 12:34:59,120 fastran_pre_constraint_current_5 DEBUG    _get_service_response(REQUEST|fastran_000001@constraint_current@5|FRAMEWORK@Framework@0|51), response = ServiceResponseMessage(sender_id=FRAMEWORK@Framework@0, receiver_id=fastran_000001@constraint_current@5, request_msg_id=REQUEST|fastran_000001@constraint_current@5|FRAMEWORK@Framework@0|51,status=0, args=(<ipsframework.cca_es_spec.Topic object at 0x14e1e9e685e0>,), message_id=RESPONSE|FRAMEWORK@Framework@0|fastran_000001@constraint_current@5|507)
2026-02-12 12:34:59,120 fastran_pre_constraint_current_5 DEBUG    _invoke_service(): sendEvent  ('_IPS_MONITOR', 'PORTAL_EVENT', {'sim_name': 'fastran_000001', 'real_sim_name': 'fastran_000001', 'portal_data': {'code': 'fastran_pre_constraint_current', 'eventtype': 'IPS_STAGE_STATE', 'ok': True, 'walltime': '46.31', 'time': '2026-02-12|12:34:59PST', 'trace': {'timestamp': 1770928499088194, 'duration': 21830, 'localEndpoint': {'serviceName': 'stage_state'}, 'name': "['s000001.00001', 'g000001.00001', 'i000001.00001']", 'id': '71885aecf25d7412', 'parentId': '1a5526fa10e48d10', 'tags': {}}, 'state': 'Running', 'comment': 'Elapsed time = 0.022  files = s000001.00001 g000001.00001 i000001.00001 Success'}})
2026-02-12 12:34:59,120 fastran_pre_constraint_current_5 DEBUG    _get_service_response(REQUEST|fastran_000001@constraint_current@5|FRAMEWORK@Framework@0|52)
2026-02-12 12:34:59,131 fastran_pre_constraint_current_5 DEBUG    _get_service_response(REQUEST|fastran_000001@constraint_current@5|FRAMEWORK@Framework@0|52), response = ServiceResponseMessage(sender_id=FRAMEWORK@Framework@0, receiver_id=fastran_000001@constraint_current@5, request_msg_id=REQUEST|fastran_000001@constraint_current@5|FRAMEWORK@Framework@0|52,status=0, args=(None,), message_id=RESPONSE|FRAMEWORK@Framework@0|fastran_000001@constraint_current@5|508)
2026-02-12 12:34:59,131 fastran_pre_constraint_current_5 DEBUG    _invoke_service(): getTopic  ('_IPS_MONITOR',)
2026-02-12 12:34:59,132 fastran_pre_constraint_current_5 DEBUG    _get_service_response(REQUEST|fastran_000001@constraint_current@5|FRAMEWORK@Framework@0|53)
2026-02-12 12:34:59,142 fastran_pre_constraint_current_5 DEBUG    _get_service_response(REQUEST|fastran_000001@constraint_current@5|FRAMEWORK@Framework@0|53), response = ServiceResponseMessage(sender_id=FRAMEWORK@Framework@0, receiver_id=fastran_000001@constraint_current@5, request_msg_id=REQUEST|fastran_000001@constraint_current@5|FRAMEWORK@Framework@0|53,status=0, args=(<ipsframework.cca_es_spec.Topic object at 0x14e1e9e688e0>,), message_id=RESPONSE|FRAMEWORK@Framework@0|fastran_000001@constraint_current@5|509)
2026-02-12 12:34:59,142 fastran_pre_constraint_current_5 DEBUG    _invoke_service(): sendEvent  ('_IPS_MONITOR', 'PORTAL_EVENT', {'sim_name': 'fastran_000001', 'real_sim_name': 'fastran_000001', 'portal_data': {'code': 'fastran_pre_constraint_current', 'eventtype': 'IPS_STAGE_INPUTS', 'ok': True, 'walltime': '46.33', 'time': '2026-02-12|12:34:59PST', 'trace': {'timestamp': 1770928499131712, 'duration': 110, 'localEndpoint': {'serviceName': 'stage_input_files'}, 'name': '', 'id': 'e70cb59b389672bf', 'parentId': '1a5526fa10e48d10', 'tags': {}}, 'state': 'Running', 'comment': 'Elapsed time = 0.000 Path = /pscratch/sd/y/yashu_gh/FREDA_KSTAR_2/ips-fastran/examples/far3d/example1/input Files = '}})
2026-02-12 12:34:59,142 fastran_pre_constraint_current_5 DEBUG    _get_service_response(REQUEST|fastran_000001@constraint_current@5|FRAMEWORK@Framework@0|54)
2026-02-12 12:34:59,153 fastran_pre_constraint_current_5 DEBUG    _get_service_response(REQUEST|fastran_000001@constraint_current@5|FRAMEWORK@Framework@0|54), response = ServiceResponseMessage(sender_id=FRAMEWORK@Framework@0, receiver_id=fastran_000001@constraint_current@5, request_msg_id=REQUEST|fastran_000001@constraint_current@5|FRAMEWORK@Framework@0|54,status=0, args=(None,), message_id=RESPONSE|FRAMEWORK@Framework@0|fastran_000001@constraint_current@5|510)
2026-02-12 12:34:59,259 fastran_pre_constraint_current_5 DEBUG    _invoke_service(): update_state  (['s000001.00001', 'g000001.00001', 'i000001.00001'], '/pscratch/sd/y/yashu_gh/FREDA_KSTAR_2/ips-fastran/examples/far3d/example1/SCAN/work/fastran_pre_constraint_current_5', '/pscratch/sd/y/yashu_gh/FREDA_KSTAR_2/ips-fastran/examples/far3d/example1/SCAN/work/plasma_state')
2026-02-12 12:34:59,259 fastran_pre_constraint_current_5 DEBUG    _get_service_response(REQUEST|fastran_000001@constraint_current@5|FRAMEWORK@Framework@0|55)
2026-02-12 12:34:59,280 fastran_pre_constraint_current_5 DEBUG    _get_service_response(REQUEST|fastran_000001@constraint_current@5|FRAMEWORK@Framework@0|55), response = ServiceResponseMessage(sender_id=FRAMEWORK@Framework@0, receiver_id=fastran_000001@constraint_current@5, request_msg_id=REQUEST|fastran_000001@constraint_current@5|FRAMEWORK@Framework@0|55,status=0, args=(0,), message_id=RESPONSE|FRAMEWORK@Framework@0|fastran_000001@constraint_current@5|511)
2026-02-12 12:34:59,280 fastran_pre_constraint_current_5 DEBUG    _invoke_service(): getTopic  ('_IPS_MONITOR',)
2026-02-12 12:34:59,280 fastran_pre_constraint_current_5 DEBUG    _get_service_response(REQUEST|fastran_000001@constraint_current@5|FRAMEWORK@Framework@0|56)
2026-02-12 12:34:59,291 fastran_pre_constraint_current_5 DEBUG    _get_service_response(REQUEST|fastran_000001@constraint_current@5|FRAMEWORK@Framework@0|56), response = ServiceResponseMessage(sender_id=FRAMEWORK@Framework@0, receiver_id=fastran_000001@constraint_current@5, request_msg_id=REQUEST|fastran_000001@constraint_current@5|FRAMEWORK@Framework@0|56,status=0, args=(<ipsframework.cca_es_spec.Topic object at 0x14e1e9e68940>,), message_id=RESPONSE|FRAMEWORK@Framework@0|fastran_000001@constraint_current@5|512)
2026-02-12 12:34:59,291 fastran_pre_constraint_current_5 DEBUG    _invoke_service(): sendEvent  ('_IPS_MONITOR', 'PORTAL_EVENT', {'sim_name': 'fastran_000001', 'real_sim_name': 'fastran_000001', 'portal_data': {'code': 'fastran_pre_constraint_current', 'eventtype': 'IPS_UPDATE_STATE', 'ok': True, 'walltime': '46.48', 'time': '2026-02-12|12:34:59PST', 'trace': {'timestamp': 1770928499259338, 'duration': 21320, 'localEndpoint': {'serviceName': 'update_state'}, 'name': "['s000001.00001', 'g000001.00001', 'i000001.00001']", 'id': '7629e189a66153c0', 'parentId': '1a5526fa10e48d10', 'tags': {}}, 'state': 'Running', 'comment': 'Elapsed time = 0.021   files = s000001.00001 g000001.00001 i000001.00001 Success'}})
2026-02-12 12:34:59,291 fastran_pre_constraint_current_5 DEBUG    _get_service_response(REQUEST|fastran_000001@constraint_current@5|FRAMEWORK@Framework@0|57)
2026-02-12 12:34:59,302 fastran_pre_constraint_current_5 DEBUG    _get_service_response(REQUEST|fastran_000001@constraint_current@5|FRAMEWORK@Framework@0|57), response = ServiceResponseMessage(sender_id=FRAMEWORK@Framework@0, receiver_id=fastran_000001@constraint_current@5, request_msg_id=REQUEST|fastran_000001@constraint_current@5|FRAMEWORK@Framework@0|57,status=0, args=(None,), message_id=RESPONSE|FRAMEWORK@Framework@0|fastran_000001@constraint_current@5|513)
2026-02-12 12:34:59,302 fastran_pre_constraint_current_5 DEBUG    _invoke_service(): getTopic  ('_IPS_MONITOR',)
2026-02-12 12:34:59,302 fastran_pre_constraint_current_5 DEBUG    _get_service_response(REQUEST|fastran_000001@constraint_current@5|FRAMEWORK@Framework@0|58)
2026-02-12 12:34:59,312 fastran_pre_constraint_current_5 DEBUG    _get_service_response(REQUEST|fastran_000001@constraint_current@5|FRAMEWORK@Framework@0|58), response = ServiceResponseMessage(sender_id=FRAMEWORK@Framework@0, receiver_id=fastran_000001@constraint_current@5, request_msg_id=REQUEST|fastran_000001@constraint_current@5|FRAMEWORK@Framework@0|58,status=0, args=(<ipsframework.cca_es_spec.Topic object at 0x14e1e9e68a60>,), message_id=RESPONSE|FRAMEWORK@Framework@0|fastran_000001@constraint_current@5|514)
2026-02-12 12:34:59,313 fastran_pre_constraint_current_5 DEBUG    _invoke_service(): sendEvent  ('_IPS_MONITOR', 'PORTAL_EVENT', {'sim_name': 'fastran_000001', 'real_sim_name': 'fastran_000001', 'portal_data': {'code': 'fastran_pre_constraint_current', 'eventtype': 'IPS_STAGE_OUTPUTS', 'ok': True, 'walltime': '46.50', 'time': '2026-02-12|12:34:59PST', 'trace': {'timestamp': 1770928499302103, 'duration': 231, 'localEndpoint': {'serviceName': 'stage_output_files'}, 'name': '[]', 'id': 'ed019efe11be26d9', 'parentId': '1a5526fa10e48d10', 'tags': {}}, 'state': 'Running', 'comment': 'Elapsed time = 0.000 Path = /pscratch/sd/y/yashu_gh/FREDA_KSTAR_2/ips-fastran/examples/far3d/example1/SCAN/simulation_results/preprocess_5/components/fastran_pre_constraint_current_5 Files = []'}})
2026-02-12 12:34:59,313 fastran_pre_constraint_current_5 DEBUG    _get_service_response(REQUEST|fastran_000001@constraint_current@5|FRAMEWORK@Framework@0|59)
2026-02-12 12:34:59,323 fastran_pre_constraint_current_5 DEBUG    _get_service_response(REQUEST|fastran_000001@constraint_current@5|FRAMEWORK@Framework@0|59), response = ServiceResponseMessage(sender_id=FRAMEWORK@Framework@0, receiver_id=fastran_000001@constraint_current@5, request_msg_id=REQUEST|fastran_000001@constraint_current@5|FRAMEWORK@Framework@0|59,status=0, args=(None,), message_id=RESPONSE|FRAMEWORK@Framework@0|fastran_000001@constraint_current@5|515)
2026-02-12 12:34:59,334 fastran_driver_fastran_driver_2 DEBUG    _get_service_response(REQUEST|fastran_000001@fastran_driver@2|FRAMEWORK@Framework@0|196), response = ServiceResponseMessage(sender_id=FRAMEWORK@Framework@0, receiver_id=fastran_000001@fastran_driver@2, request_msg_id=REQUEST|fastran_000001@fastran_driver@2|FRAMEWORK@Framework@0|196,status=0, args=((None,),), message_id=RESPONSE|FRAMEWORK@Framework@0|fastran_000001@fastran_driver@2|516)
2026-02-12 12:34:59,334 fastran_driver_fastran_driver_2 DEBUG    _invoke_service(): getTopic  ('_IPS_MONITOR',)
2026-02-12 12:34:59,334 fastran_driver_fastran_driver_2 DEBUG    _get_service_response(REQUEST|fastran_000001@fastran_driver@2|FRAMEWORK@Framework@0|197)
2026-02-12 12:34:59,345 fastran_driver_fastran_driver_2 DEBUG    _get_service_response(REQUEST|fastran_000001@fastran_driver@2|FRAMEWORK@Framework@0|197), response = ServiceResponseMessage(sender_id=FRAMEWORK@Framework@0, receiver_id=fastran_000001@fastran_driver@2, request_msg_id=REQUEST|fastran_000001@fastran_driver@2|FRAMEWORK@Framework@0|197,status=0, args=(<ipsframework.cca_es_spec.Topic object at 0x14e1e9e3ad90>,), message_id=RESPONSE|FRAMEWORK@Framework@0|fastran_000001@fastran_driver@2|517)
2026-02-12 12:34:59,345 fastran_driver_fastran_driver_2 DEBUG    _invoke_service(): sendEvent  ('_IPS_MONITOR', 'PORTAL_EVENT', {'sim_name': 'fastran_000001', 'real_sim_name': 'fastran_000001', 'portal_data': {'code': 'fastran_driver_fastran_driver', 'eventtype': 'IPS_CALL_END', 'ok': True, 'walltime': '46.53', 'time': '2026-02-12|12:34:59PST', 'trace': {'timestamp': 1770928499098126, 'duration': 236466, 'localEndpoint': {'serviceName': 'fastran_000001@constraint_current@5'}, 'name': 'step(preprocess_5)', 'id': '1a5526fa10e48d10', 'parentId': '15e0663de819b9fa', 'tags': {}}, 'state': 'Running', 'comment': 'Target = fastran_000001@constraint_current@5:step(preprocess_5)'}})
2026-02-12 12:34:59,345 fastran_driver_fastran_driver_2 DEBUG    _get_service_response(REQUEST|fastran_000001@fastran_driver@2|FRAMEWORK@Framework@0|198)
2026-02-12 12:34:59,356 fastran_driver_fastran_driver_2 DEBUG    _get_service_response(REQUEST|fastran_000001@fastran_driver@2|FRAMEWORK@Framework@0|198), response = ServiceResponseMessage(sender_id=FRAMEWORK@Framework@0, receiver_id=fastran_000001@fastran_driver@2, request_msg_id=REQUEST|fastran_000001@fastran_driver@2|FRAMEWORK@Framework@0|198,status=0, args=(None,), message_id=RESPONSE|FRAMEWORK@Framework@0|fastran_000001@fastran_driver@2|518)
2026-02-12 12:34:59,357 fastran_driver_fastran_driver_2 DEBUG    _invoke_service(): getTopic  ('_IPS_MONITOR',)
2026-02-12 12:34:59,357 fastran_driver_fastran_driver_2 DEBUG    _get_service_response(REQUEST|fastran_000001@fastran_driver@2|FRAMEWORK@Framework@0|199)
2026-02-12 12:34:59,367 fastran_driver_fastran_driver_2 DEBUG    _get_service_response(REQUEST|fastran_000001@fastran_driver@2|FRAMEWORK@Framework@0|199), response = ServiceResponseMessage(sender_id=FRAMEWORK@Framework@0, receiver_id=fastran_000001@fastran_driver@2, request_msg_id=REQUEST|fastran_000001@fastran_driver@2|FRAMEWORK@Framework@0|199,status=0, args=(<ipsframework.cca_es_spec.Topic object at 0x14e1e9e3ac40>,), message_id=RESPONSE|FRAMEWORK@Framework@0|fastran_000001@fastran_driver@2|519)
2026-02-12 12:34:59,368 fastran_driver_fastran_driver_2 DEBUG    _invoke_service(): sendEvent  ('_IPS_MONITOR', 'PORTALBRIDGE_UPDATE_TIMESTAMP', {'sim_name': 'fastran_000001', 'real_sim_name': 'fastran_000001', 'portal_data': {'phystimestamp': 'preprocess_6', 'eventtype': 'PORTALBRIDGE_UPDATE_TIMESTAMP'}})
2026-02-12 12:34:59,368 fastran_driver_fastran_driver_2 DEBUG    _get_service_response(REQUEST|fastran_000001@fastran_driver@2|FRAMEWORK@Framework@0|200)
2026-02-12 12:34:59,378 fastran_driver_fastran_driver_2 DEBUG    _get_service_response(REQUEST|fastran_000001@fastran_driver@2|FRAMEWORK@Framework@0|200), response = ServiceResponseMessage(sender_id=FRAMEWORK@Framework@0, receiver_id=fastran_000001@fastran_driver@2, request_msg_id=REQUEST|fastran_000001@fastran_driver@2|FRAMEWORK@Framework@0|200,status=0, args=(None,), message_id=RESPONSE|FRAMEWORK@Framework@0|fastran_000001@fastran_driver@2|520)
2026-02-12 12:34:59,379 fastran_driver_fastran_driver_2 DEBUG    _invoke_service(): getTopic  ('_IPS_MONITOR',)
2026-02-12 12:34:59,379 fastran_driver_fastran_driver_2 DEBUG    _get_service_response(REQUEST|fastran_000001@fastran_driver@2|FRAMEWORK@Framework@0|201)
2026-02-12 12:34:59,389 fastran_driver_fastran_driver_2 DEBUG    _get_service_response(REQUEST|fastran_000001@fastran_driver@2|FRAMEWORK@Framework@0|201), response = ServiceResponseMessage(sender_id=FRAMEWORK@Framework@0, receiver_id=fastran_000001@fastran_driver@2, request_msg_id=REQUEST|fastran_000001@fastran_driver@2|FRAMEWORK@Framework@0|201,status=0, args=(<ipsframework.cca_es_spec.Topic object at 0x14e1e9e3aca0>,), message_id=RESPONSE|FRAMEWORK@Framework@0|fastran_000001@fastran_driver@2|521)
2026-02-12 12:34:59,390 fastran_driver_fastran_driver_2 DEBUG    _invoke_service(): sendEvent  ('_IPS_MONITOR', 'PORTAL_EVENT', {'sim_name': 'fastran_000001', 'real_sim_name': 'fastran_000001', 'portal_data': {'code': 'fastran_driver_fastran_driver', 'eventtype': 'IPS_UPDATE_TIME_STAMP', 'ok': True, 'walltime': '46.58', 'time': '2026-02-12|12:34:59PST', 'state': 'Running', 'comment': 'Timestamp = preprocess_6'}})
2026-02-12 12:34:59,390 fastran_driver_fastran_driver_2 DEBUG    _get_service_response(REQUEST|fastran_000001@fastran_driver@2|FRAMEWORK@Framework@0|202)
2026-02-12 12:34:59,401 fastran_driver_fastran_driver_2 DEBUG    _get_service_response(REQUEST|fastran_000001@fastran_driver@2|FRAMEWORK@Framework@0|202), response = ServiceResponseMessage(sender_id=FRAMEWORK@Framework@0, receiver_id=fastran_000001@fastran_driver@2, request_msg_id=REQUEST|fastran_000001@fastran_driver@2|FRAMEWORK@Framework@0|202,status=0, args=(None,), message_id=RESPONSE|FRAMEWORK@Framework@0|fastran_000001@fastran_driver@2|522)
2026-02-12 12:34:59,401 fastran_driver_fastran_driver_2 DEBUG    _invoke_service(): getTopic  ('_IPS_MONITOR',)
2026-02-12 12:34:59,401 fastran_driver_fastran_driver_2 DEBUG    _get_service_response(REQUEST|fastran_000001@fastran_driver@2|FRAMEWORK@Framework@0|203)
2026-02-12 12:34:59,412 fastran_driver_fastran_driver_2 DEBUG    _get_service_response(REQUEST|fastran_000001@fastran_driver@2|FRAMEWORK@Framework@0|203), response = ServiceResponseMessage(sender_id=FRAMEWORK@Framework@0, receiver_id=fastran_000001@fastran_driver@2, request_msg_id=REQUEST|fastran_000001@fastran_driver@2|FRAMEWORK@Framework@0|203,status=0, args=(<ipsframework.cca_es_spec.Topic object at 0x14e1e9e3ad90>,), message_id=RESPONSE|FRAMEWORK@Framework@0|fastran_000001@fastran_driver@2|523)
2026-02-12 12:34:59,412 fastran_driver_fastran_driver_2 DEBUG    _invoke_service(): sendEvent  ('_IPS_MONITOR', 'PORTAL_EVENT', {'sim_name': 'fastran_000001', 'real_sim_name': 'fastran_000001', 'portal_data': {'code': 'fastran_driver_fastran_driver', 'eventtype': 'IPS_CALL_BEGIN', 'ok': True, 'walltime': '46.60', 'time': '2026-02-12|12:34:59PST', 'state': 'Running', 'comment': 'Target = fastran_000001@efit@3:step(preprocess_6)'}})
2026-02-12 12:34:59,412 fastran_driver_fastran_driver_2 DEBUG    _get_service_response(REQUEST|fastran_000001@fastran_driver@2|FRAMEWORK@Framework@0|204)
2026-02-12 12:34:59,423 fastran_driver_fastran_driver_2 DEBUG    _get_service_response(REQUEST|fastran_000001@fastran_driver@2|FRAMEWORK@Framework@0|204), response = ServiceResponseMessage(sender_id=FRAMEWORK@Framework@0, receiver_id=fastran_000001@fastran_driver@2, request_msg_id=REQUEST|fastran_000001@fastran_driver@2|FRAMEWORK@Framework@0|204,status=0, args=(None,), message_id=RESPONSE|FRAMEWORK@Framework@0|fastran_000001@fastran_driver@2|524)
2026-02-12 12:34:59,423 fastran_driver_fastran_driver_2 DEBUG    _invoke_service(): init_call  ('step', 'preprocess_6')
2026-02-12 12:34:59,423 fastran_driver_fastran_driver_2 DEBUG    _get_service_response(REQUEST|fastran_000001@fastran_driver@2|FRAMEWORK@Framework@0|205)
2026-02-12 12:34:59,424 fastran_eq0_efit_3 DEBUG    Received Message 
2026-02-12 12:34:59,424 fastran_eq0_efit_3 DEBUG    Calling method step(preprocess_6)
2026-02-12 12:34:59,424 fastran_eq0_efit_3 DEBUG    _invoke_service(): stage_state  (['s000001.00001', 'g000001.00001', 'i000001.00001'], '/pscratch/sd/y/yashu_gh/FREDA_KSTAR_2/ips-fastran/examples/far3d/example1/SCAN/work/plasma_state', '/pscratch/sd/y/yashu_gh/FREDA_KSTAR_2/ips-fastran/examples/far3d/example1/SCAN/work/fastran_eq0_efit_3')
2026-02-12 12:34:59,424 fastran_eq0_efit_3 DEBUG    _get_service_response(REQUEST|fastran_000001@efit@3|FRAMEWORK@Framework@0|54)
2026-02-12 12:34:59,434 fastran_driver_fastran_driver_2 DEBUG    _get_service_response(REQUEST|fastran_000001@fastran_driver@2|FRAMEWORK@Framework@0|205), response = ServiceResponseMessage(sender_id=FRAMEWORK@Framework@0, receiver_id=fastran_000001@fastran_driver@2, request_msg_id=REQUEST|fastran_000001@fastran_driver@2|FRAMEWORK@Framework@0|205,status=0, args=(37,), message_id=RESPONSE|FRAMEWORK@Framework@0|fastran_000001@fastran_driver@2|525)
2026-02-12 12:34:59,434 fastran_driver_fastran_driver_2 DEBUG    _invoke_service(): wait_call  (37, True)
2026-02-12 12:34:59,434 fastran_driver_fastran_driver_2 DEBUG    _get_service_response(REQUEST|fastran_000001@fastran_driver@2|FRAMEWORK@Framework@0|206)
2026-02-12 12:34:59,446 fastran_eq0_efit_3 DEBUG    _get_service_response(REQUEST|fastran_000001@efit@3|FRAMEWORK@Framework@0|54), response = ServiceResponseMessage(sender_id=FRAMEWORK@Framework@0, receiver_id=fastran_000001@efit@3, request_msg_id=REQUEST|fastran_000001@efit@3|FRAMEWORK@Framework@0|54,status=0, args=(0,), message_id=RESPONSE|FRAMEWORK@Framework@0|fastran_000001@efit@3|526)
2026-02-12 12:34:59,446 fastran_eq0_efit_3 DEBUG    _invoke_service(): getTopic  ('_IPS_MONITOR',)
2026-02-12 12:34:59,447 fastran_eq0_efit_3 DEBUG    _get_service_response(REQUEST|fastran_000001@efit@3|FRAMEWORK@Framework@0|55)
2026-02-12 12:34:59,457 fastran_eq0_efit_3 DEBUG    _get_service_response(REQUEST|fastran_000001@efit@3|FRAMEWORK@Framework@0|55), response = ServiceResponseMessage(sender_id=FRAMEWORK@Framework@0, receiver_id=fastran_000001@efit@3, request_msg_id=REQUEST|fastran_000001@efit@3|FRAMEWORK@Framework@0|55,status=0, args=(<ipsframework.cca_es_spec.Topic object at 0x14e1e9e45ee0>,), message_id=RESPONSE|FRAMEWORK@Framework@0|fastran_000001@efit@3|527)
2026-02-12 12:34:59,457 fastran_eq0_efit_3 DEBUG    _invoke_service(): sendEvent  ('_IPS_MONITOR', 'PORTAL_EVENT', {'sim_name': 'fastran_000001', 'real_sim_name': 'fastran_000001', 'portal_data': {'code': 'fastran_eq0_efit', 'eventtype': 'IPS_STAGE_STATE', 'ok': True, 'walltime': '46.64', 'time': '2026-02-12|12:34:59PST', 'trace': {'timestamp': 1770928499424426, 'duration': 22450, 'localEndpoint': {'serviceName': 'stage_state'}, 'name': "['s000001.00001', 'g000001.00001', 'i000001.00001']", 'id': '71885aecf25d7412', 'parentId': '8b289638ecd07d2b', 'tags': {}}, 'state': 'Running', 'comment': 'Elapsed time = 0.022  files = s000001.00001 g000001.00001 i000001.00001 Success'}})
2026-02-12 12:34:59,457 fastran_eq0_efit_3 DEBUG    _get_service_response(REQUEST|fastran_000001@efit@3|FRAMEWORK@Framework@0|56)
2026-02-12 12:34:59,468 fastran_eq0_efit_3 DEBUG    _get_service_response(REQUEST|fastran_000001@efit@3|FRAMEWORK@Framework@0|56), response = ServiceResponseMessage(sender_id=FRAMEWORK@Framework@0, receiver_id=fastran_000001@efit@3, request_msg_id=REQUEST|fastran_000001@efit@3|FRAMEWORK@Framework@0|56,status=0, args=(None,), message_id=RESPONSE|FRAMEWORK@Framework@0|fastran_000001@efit@3|529)
2026-02-12 12:35:01,372 fastran_eq0_efit_3 DEBUG    _invoke_service(): update_state  (['s000001.00001', 'g000001.00001', 'i000001.00001'], '/pscratch/sd/y/yashu_gh/FREDA_KSTAR_2/ips-fastran/examples/far3d/example1/SCAN/work/fastran_eq0_efit_3', '/pscratch/sd/y/yashu_gh/FREDA_KSTAR_2/ips-fastran/examples/far3d/example1/SCAN/work/plasma_state')
2026-02-12 12:35:01,374 fastran_eq0_efit_3 DEBUG    _get_service_response(REQUEST|fastran_000001@efit@3|FRAMEWORK@Framework@0|57)
2026-02-12 12:35:01,396 fastran_eq0_efit_3 DEBUG    _get_service_response(REQUEST|fastran_000001@efit@3|FRAMEWORK@Framework@0|57), response = ServiceResponseMessage(sender_id=FRAMEWORK@Framework@0, receiver_id=fastran_000001@efit@3, request_msg_id=REQUEST|fastran_000001@efit@3|FRAMEWORK@Framework@0|57,status=0, args=(0,), message_id=RESPONSE|FRAMEWORK@Framework@0|fastran_000001@efit@3|533)
2026-02-12 12:35:01,396 fastran_eq0_efit_3 DEBUG    _invoke_service(): getTopic  ('_IPS_MONITOR',)
2026-02-12 12:35:01,396 fastran_eq0_efit_3 DEBUG    _get_service_response(REQUEST|fastran_000001@efit@3|FRAMEWORK@Framework@0|58)
2026-02-12 12:35:01,407 fastran_eq0_efit_3 DEBUG    _get_service_response(REQUEST|fastran_000001@efit@3|FRAMEWORK@Framework@0|58), response = ServiceResponseMessage(sender_id=FRAMEWORK@Framework@0, receiver_id=fastran_000001@efit@3, request_msg_id=REQUEST|fastran_000001@efit@3|FRAMEWORK@Framework@0|58,status=0, args=(<ipsframework.cca_es_spec.Topic object at 0x14e1e1e0c4f0>,), message_id=RESPONSE|FRAMEWORK@Framework@0|fastran_000001@efit@3|534)
2026-02-12 12:35:01,407 fastran_eq0_efit_3 DEBUG    _invoke_service(): sendEvent  ('_IPS_MONITOR', 'PORTAL_EVENT', {'sim_name': 'fastran_000001', 'real_sim_name': 'fastran_000001', 'portal_data': {'code': 'fastran_eq0_efit', 'eventtype': 'IPS_UPDATE_STATE', 'ok': True, 'walltime': '48.59', 'time': '2026-02-12|12:35:01PST', 'trace': {'timestamp': 1770928501371685, 'duration': 24710, 'localEndpoint': {'serviceName': 'update_state'}, 'name': "['s000001.00001', 'g000001.00001', 'i000001.00001']", 'id': '7629e189a66153c0', 'parentId': '8b289638ecd07d2b', 'tags': {}}, 'state': 'Running', 'comment': 'Elapsed time = 0.025   files = s000001.00001 g000001.00001 i000001.00001 Success'}})
2026-02-12 12:35:01,407 fastran_eq0_efit_3 DEBUG    _get_service_response(REQUEST|fastran_000001@efit@3|FRAMEWORK@Framework@0|59)
2026-02-12 12:35:01,418 fastran_eq0_efit_3 DEBUG    _get_service_response(REQUEST|fastran_000001@efit@3|FRAMEWORK@Framework@0|59), response = ServiceResponseMessage(sender_id=FRAMEWORK@Framework@0, receiver_id=fastran_000001@efit@3, request_msg_id=REQUEST|fastran_000001@efit@3|FRAMEWORK@Framework@0|59,status=0, args=(None,), message_id=RESPONSE|FRAMEWORK@Framework@0|fastran_000001@efit@3|535)
2026-02-12 12:35:01,439 fastran_eq0_efit_3 DEBUG    _invoke_service(): getTopic  ('_IPS_MONITOR',)
2026-02-12 12:35:01,439 fastran_eq0_efit_3 DEBUG    _get_service_response(REQUEST|fastran_000001@efit@3|FRAMEWORK@Framework@0|60)
2026-02-12 12:35:01,450 fastran_eq0_efit_3 DEBUG    _get_service_response(REQUEST|fastran_000001@efit@3|FRAMEWORK@Framework@0|60), response = ServiceResponseMessage(sender_id=FRAMEWORK@Framework@0, receiver_id=fastran_000001@efit@3, request_msg_id=REQUEST|fastran_000001@efit@3|FRAMEWORK@Framework@0|60,status=0, args=(<ipsframework.cca_es_spec.Topic object at 0x14e1e1e0cc40>,), message_id=RESPONSE|FRAMEWORK@Framework@0|fastran_000001@efit@3|536)
2026-02-12 12:35:01,450 fastran_eq0_efit_3 DEBUG    _invoke_service(): sendEvent  ('_IPS_MONITOR', 'PORTAL_EVENT', {'sim_name': 'fastran_000001', 'real_sim_name': 'fastran_000001', 'portal_data': {'code': 'fastran_eq0_efit', 'eventtype': 'IPS_STAGE_OUTPUTS', 'ok': True, 'walltime': '48.64', 'time': '2026-02-12|12:35:01PST', 'trace': {'timestamp': 1770928501418575, 'duration': 21168, 'localEndpoint': {'serviceName': 'stage_output_files'}, 'name': "['g*.*', 'a*.*', 'm*.*', 'k*.*', 'efit.log']", 'id': '7f2cccfefec01030', 'parentId': '8b289638ecd07d2b', 'tags': {}}, 'state': 'Running', 'comment': "Elapsed time = 0.021 Path = /pscratch/sd/y/yashu_gh/FREDA_KSTAR_2/ips-fastran/examples/far3d/example1/SCAN/simulation_results/preprocess_6/components/fastran_eq0_efit_3 Files = ['g*.*', 'a*.*', 'm*.*', 'k*.*', 'efit.log']"}})
2026-02-12 12:35:01,450 fastran_eq0_efit_3 DEBUG    _get_service_response(REQUEST|fastran_000001@efit@3|FRAMEWORK@Framework@0|61)
2026-02-12 12:35:01,460 fastran_eq0_efit_3 DEBUG    _get_service_response(REQUEST|fastran_000001@efit@3|FRAMEWORK@Framework@0|61), response = ServiceResponseMessage(sender_id=FRAMEWORK@Framework@0, receiver_id=fastran_000001@efit@3, request_msg_id=REQUEST|fastran_000001@efit@3|FRAMEWORK@Framework@0|61,status=0, args=(None,), message_id=RESPONSE|FRAMEWORK@Framework@0|fastran_000001@efit@3|537)
2026-02-12 12:35:01,473 fastran_driver_fastran_driver_2 DEBUG    _get_service_response(REQUEST|fastran_000001@fastran_driver@2|FRAMEWORK@Framework@0|206), response = ServiceResponseMessage(sender_id=FRAMEWORK@Framework@0, receiver_id=fastran_000001@fastran_driver@2, request_msg_id=REQUEST|fastran_000001@fastran_driver@2|FRAMEWORK@Framework@0|206,status=0, args=((None,),), message_id=RESPONSE|FRAMEWORK@Framework@0|fastran_000001@fastran_driver@2|538)
2026-02-12 12:35:01,473 fastran_driver_fastran_driver_2 DEBUG    _invoke_service(): getTopic  ('_IPS_MONITOR',)
2026-02-12 12:35:01,473 fastran_driver_fastran_driver_2 DEBUG    _get_service_response(REQUEST|fastran_000001@fastran_driver@2|FRAMEWORK@Framework@0|207)
2026-02-12 12:35:01,484 fastran_driver_fastran_driver_2 DEBUG    _get_service_response(REQUEST|fastran_000001@fastran_driver@2|FRAMEWORK@Framework@0|207), response = ServiceResponseMessage(sender_id=FRAMEWORK@Framework@0, receiver_id=fastran_000001@fastran_driver@2, request_msg_id=REQUEST|fastran_000001@fastran_driver@2|FRAMEWORK@Framework@0|207,status=0, args=(<ipsframework.cca_es_spec.Topic object at 0x14e1e9e3aca0>,), message_id=RESPONSE|FRAMEWORK@Framework@0|fastran_000001@fastran_driver@2|539)
2026-02-12 12:35:01,484 fastran_driver_fastran_driver_2 DEBUG    _invoke_service(): sendEvent  ('_IPS_MONITOR', 'PORTAL_EVENT', {'sim_name': 'fastran_000001', 'real_sim_name': 'fastran_000001', 'portal_data': {'code': 'fastran_driver_fastran_driver', 'eventtype': 'IPS_CALL_END', 'ok': True, 'walltime': '48.67', 'time': '2026-02-12|12:35:01PST', 'trace': {'timestamp': 1770928499434219, 'duration': 2038986, 'localEndpoint': {'serviceName': 'fastran_000001@efit@3'}, 'name': 'step(preprocess_6)', 'id': '8b289638ecd07d2b', 'parentId': '15e0663de819b9fa', 'tags': {}}, 'state': 'Running', 'comment': 'Target = fastran_000001@efit@3:step(preprocess_6)'}})
2026-02-12 12:35:01,484 fastran_driver_fastran_driver_2 DEBUG    _get_service_response(REQUEST|fastran_000001@fastran_driver@2|FRAMEWORK@Framework@0|208)
2026-02-12 12:35:01,494 fastran_driver_fastran_driver_2 DEBUG    _get_service_response(REQUEST|fastran_000001@fastran_driver@2|FRAMEWORK@Framework@0|208), response = ServiceResponseMessage(sender_id=FRAMEWORK@Framework@0, receiver_id=fastran_000001@fastran_driver@2, request_msg_id=REQUEST|fastran_000001@fastran_driver@2|FRAMEWORK@Framework@0|208,status=0, args=(None,), message_id=RESPONSE|FRAMEWORK@Framework@0|fastran_000001@fastran_driver@2|540)
2026-02-12 12:35:01,495 fastran_driver_fastran_driver_2 DEBUG    _invoke_service(): getTopic  ('_IPS_MONITOR',)
2026-02-12 12:35:01,495 fastran_driver_fastran_driver_2 DEBUG    _get_service_response(REQUEST|fastran_000001@fastran_driver@2|FRAMEWORK@Framework@0|209)
2026-02-12 12:35:01,505 fastran_driver_fastran_driver_2 DEBUG    _get_service_response(REQUEST|fastran_000001@fastran_driver@2|FRAMEWORK@Framework@0|209), response = ServiceResponseMessage(sender_id=FRAMEWORK@Framework@0, receiver_id=fastran_000001@fastran_driver@2, request_msg_id=REQUEST|fastran_000001@fastran_driver@2|FRAMEWORK@Framework@0|209,status=0, args=(<ipsframework.cca_es_spec.Topic object at 0x14e1e9e3ac40>,), message_id=RESPONSE|FRAMEWORK@Framework@0|fastran_000001@fastran_driver@2|541)
2026-02-12 12:35:01,505 fastran_driver_fastran_driver_2 DEBUG    _invoke_service(): sendEvent  ('_IPS_MONITOR', 'PORTAL_EVENT', {'sim_name': 'fastran_000001', 'real_sim_name': 'fastran_000001', 'portal_data': {'code': 'fastran_driver_fastran_driver', 'eventtype': 'IPS_CALL_BEGIN', 'ok': True, 'walltime': '48.69', 'time': '2026-02-12|12:35:01PST', 'state': 'Running', 'comment': 'Target = fastran_000001@fastran@4:step(preprocess_6)'}})
2026-02-12 12:35:01,505 fastran_driver_fastran_driver_2 DEBUG    _get_service_response(REQUEST|fastran_000001@fastran_driver@2|FRAMEWORK@Framework@0|210)
2026-02-12 12:35:01,516 fastran_driver_fastran_driver_2 DEBUG    _get_service_response(REQUEST|fastran_000001@fastran_driver@2|FRAMEWORK@Framework@0|210), response = ServiceResponseMessage(sender_id=FRAMEWORK@Framework@0, receiver_id=fastran_000001@fastran_driver@2, request_msg_id=REQUEST|fastran_000001@fastran_driver@2|FRAMEWORK@Framework@0|210,status=0, args=(None,), message_id=RESPONSE|FRAMEWORK@Framework@0|fastran_000001@fastran_driver@2|543)
2026-02-12 12:35:01,516 fastran_driver_fastran_driver_2 DEBUG    _invoke_service(): init_call  ('step', 'preprocess_6')
2026-02-12 12:35:01,516 fastran_driver_fastran_driver_2 DEBUG    _get_service_response(REQUEST|fastran_000001@fastran_driver@2|FRAMEWORK@Framework@0|211)
2026-02-12 12:35:01,516 fastran_tr0_fastran_4 DEBUG    Received Message 
2026-02-12 12:35:01,517 fastran_tr0_fastran_4 DEBUG    Calling method step(preprocess_6)
2026-02-12 12:35:01,517 fastran_tr0_fastran_4 DEBUG    _invoke_service(): stage_state  (['s000001.00001', 'g000001.00001', 'i000001.00001'], '/pscratch/sd/y/yashu_gh/FREDA_KSTAR_2/ips-fastran/examples/far3d/example1/SCAN/work/plasma_state', '/pscratch/sd/y/yashu_gh/FREDA_KSTAR_2/ips-fastran/examples/far3d/example1/SCAN/work/fastran_tr0_fastran_4')
2026-02-12 12:35:01,517 fastran_tr0_fastran_4 DEBUG    _get_service_response(REQUEST|fastran_000001@fastran@4|FRAMEWORK@Framework@0|96)
2026-02-12 12:35:01,526 fastran_driver_fastran_driver_2 DEBUG    _get_service_response(REQUEST|fastran_000001@fastran_driver@2|FRAMEWORK@Framework@0|211), response = ServiceResponseMessage(sender_id=FRAMEWORK@Framework@0, receiver_id=fastran_000001@fastran_driver@2, request_msg_id=REQUEST|fastran_000001@fastran_driver@2|FRAMEWORK@Framework@0|211,status=0, args=(38,), message_id=RESPONSE|FRAMEWORK@Framework@0|fastran_000001@fastran_driver@2|544)
2026-02-12 12:35:01,527 fastran_driver_fastran_driver_2 DEBUG    _invoke_service(): wait_call  (38, True)
2026-02-12 12:35:01,527 fastran_driver_fastran_driver_2 DEBUG    _get_service_response(REQUEST|fastran_000001@fastran_driver@2|FRAMEWORK@Framework@0|212)
2026-02-12 12:35:01,537 fastran_tr0_fastran_4 DEBUG    _get_service_response(REQUEST|fastran_000001@fastran@4|FRAMEWORK@Framework@0|96), response = ServiceResponseMessage(sender_id=FRAMEWORK@Framework@0, receiver_id=fastran_000001@fastran@4, request_msg_id=REQUEST|fastran_000001@fastran@4|FRAMEWORK@Framework@0|96,status=0, args=(0,), message_id=RESPONSE|FRAMEWORK@Framework@0|fastran_000001@fastran@4|545)
2026-02-12 12:35:01,537 fastran_tr0_fastran_4 DEBUG    _invoke_service(): getTopic  ('_IPS_MONITOR',)
2026-02-12 12:35:01,538 fastran_tr0_fastran_4 DEBUG    _get_service_response(REQUEST|fastran_000001@fastran@4|FRAMEWORK@Framework@0|97)
2026-02-12 12:35:01,548 fastran_tr0_fastran_4 DEBUG    _get_service_response(REQUEST|fastran_000001@fastran@4|FRAMEWORK@Framework@0|97), response = ServiceResponseMessage(sender_id=FRAMEWORK@Framework@0, receiver_id=fastran_000001@fastran@4, request_msg_id=REQUEST|fastran_000001@fastran@4|FRAMEWORK@Framework@0|97,status=0, args=(<ipsframework.cca_es_spec.Topic object at 0x14e1e1e1dac0>,), message_id=RESPONSE|FRAMEWORK@Framework@0|fastran_000001@fastran@4|546)
2026-02-12 12:35:01,548 fastran_tr0_fastran_4 DEBUG    _invoke_service(): sendEvent  ('_IPS_MONITOR', 'PORTAL_EVENT', {'sim_name': 'fastran_000001', 'real_sim_name': 'fastran_000001', 'portal_data': {'code': 'fastran_tr0_fastran', 'eventtype': 'IPS_STAGE_STATE', 'ok': True, 'walltime': '48.74', 'time': '2026-02-12|12:35:01PST', 'trace': {'timestamp': 1770928501517169, 'duration': 20679, 'localEndpoint': {'serviceName': 'stage_state'}, 'name': "['s000001.00001', 'g000001.00001', 'i000001.00001']", 'id': '71885aecf25d7412', 'parentId': '1f760a3afa934ec2', 'tags': {}}, 'state': 'Running', 'comment': 'Elapsed time = 0.021  files = s000001.00001 g000001.00001 i000001.00001 Success'}})
2026-02-12 12:35:01,548 fastran_tr0_fastran_4 DEBUG    _get_service_response(REQUEST|fastran_000001@fastran@4|FRAMEWORK@Framework@0|98)
2026-02-12 12:35:01,559 fastran_tr0_fastran_4 DEBUG    _get_service_response(REQUEST|fastran_000001@fastran@4|FRAMEWORK@Framework@0|98), response = ServiceResponseMessage(sender_id=FRAMEWORK@Framework@0, receiver_id=fastran_000001@fastran@4, request_msg_id=REQUEST|fastran_000001@fastran@4|FRAMEWORK@Framework@0|98,status=0, args=(None,), message_id=RESPONSE|FRAMEWORK@Framework@0|fastran_000001@fastran@4|547)
2026-02-12 12:35:01,568 fastran_tr0_fastran_4 DEBUG    _invoke_service(): getTopic  ('_IPS_MONITOR',)
2026-02-12 12:35:01,568 fastran_tr0_fastran_4 DEBUG    _get_service_response(REQUEST|fastran_000001@fastran@4|FRAMEWORK@Framework@0|99)
2026-02-12 12:35:01,579 fastran_tr0_fastran_4 DEBUG    _get_service_response(REQUEST|fastran_000001@fastran@4|FRAMEWORK@Framework@0|99), response = ServiceResponseMessage(sender_id=FRAMEWORK@Framework@0, receiver_id=fastran_000001@fastran@4, request_msg_id=REQUEST|fastran_000001@fastran@4|FRAMEWORK@Framework@0|99,status=0, args=(<ipsframework.cca_es_spec.Topic object at 0x14e1e1e1dbe0>,), message_id=RESPONSE|FRAMEWORK@Framework@0|fastran_000001@fastran@4|548)
2026-02-12 12:35:01,579 fastran_tr0_fastran_4 DEBUG    _invoke_service(): sendEvent  ('_IPS_MONITOR', 'PORTAL_EVENT', {'sim_name': 'fastran_000001', 'real_sim_name': 'fastran_000001', 'portal_data': {'code': 'fastran_tr0_fastran', 'eventtype': 'IPS_STAGE_INPUTS', 'ok': True, 'walltime': '48.77', 'time': '2026-02-12|12:35:01PST', 'trace': {'timestamp': 1770928501559470, 'duration': 8786, 'localEndpoint': {'serviceName': 'stage_input_files'}, 'name': 'infastran0 intglf', 'id': 'dca1af508bf5af99', 'parentId': '1f760a3afa934ec2', 'tags': {}}, 'state': 'Running', 'comment': 'Elapsed time = 0.009 Path = /pscratch/sd/y/yashu_gh/FREDA_KSTAR_2/ips-fastran/examples/far3d/example1/input Files = infastran0 intglf'}})
2026-02-12 12:35:01,579 fastran_tr0_fastran_4 DEBUG    _get_service_response(REQUEST|fastran_000001@fastran@4|FRAMEWORK@Framework@0|100)
2026-02-12 12:35:01,589 fastran_tr0_fastran_4 DEBUG    _get_service_response(REQUEST|fastran_000001@fastran@4|FRAMEWORK@Framework@0|100), response = ServiceResponseMessage(sender_id=FRAMEWORK@Framework@0, receiver_id=fastran_000001@fastran@4, request_msg_id=REQUEST|fastran_000001@fastran@4|FRAMEWORK@Framework@0|100,status=0, args=(None,), message_id=RESPONSE|FRAMEWORK@Framework@0|fastran_000001@fastran@4|549)
2026-02-12 12:35:01,714 fastran_tr0_fastran_4 DEBUG    _invoke_service(): init_task  (TaskInit(nproc=1, binary='/global/common/software/atom/perlmutter/binaries/fastran/default/xfastran_ver1.00_ser', working_dir='/pscratch/sd/y/yashu_gh/FREDA_KSTAR_2/ips-fastran/examples/far3d/example1/SCAN/work/fastran_tr0_fastran_4', tppn=0, tcpp=0, tgpp=0, block=True, omp=False, wnodes=True, wsocks=True, cmd_args=('1', '1')),)
2026-02-12 12:35:01,714 fastran_tr0_fastran_4 DEBUG    _get_service_response(REQUEST|fastran_000001@fastran@4|FRAMEWORK@Framework@0|101)
2026-02-12 12:35:01,725 fastran_tr0_fastran_4 DEBUG    _get_service_response(REQUEST|fastran_000001@fastran@4|FRAMEWORK@Framework@0|101), response = ServiceResponseMessage(sender_id=FRAMEWORK@Framework@0, receiver_id=fastran_000001@fastran@4, request_msg_id=REQUEST|fastran_000001@fastran@4|FRAMEWORK@Framework@0|101,status=0, args=((8, 'srun -N 1 -n 1 -c 128 --threads-per-core=1 --cpu-bind=cores /global/common/software/atom/perlmutter/binaries/fastran/default/xfastran_ver1.00_ser 1 1', None, 128),), message_id=RESPONSE|FRAMEWORK@Framework@0|fastran_000001@fastran@4|550)
2026-02-12 12:35:01,727 fastran_tr0_fastran_4 DEBUG    Launching command : srun -N 1 -n 1 -c 128 --threads-per-core=1 --cpu-bind=cores /global/common/software/atom/perlmutter/binaries/fastran/default/xfastran_ver1.00_ser 1 1
2026-02-12 12:35:01,740 fastran_tr0_fastran_4 DEBUG    _invoke_service(): getTopic  ('_IPS_MONITOR',)
2026-02-12 12:35:01,741 fastran_tr0_fastran_4 DEBUG    _get_service_response(REQUEST|fastran_000001@fastran@4|FRAMEWORK@Framework@0|102)
2026-02-12 12:35:01,752 fastran_tr0_fastran_4 DEBUG    _get_service_response(REQUEST|fastran_000001@fastran@4|FRAMEWORK@Framework@0|102), response = ServiceResponseMessage(sender_id=FRAMEWORK@Framework@0, receiver_id=fastran_000001@fastran@4, request_msg_id=REQUEST|fastran_000001@fastran@4|FRAMEWORK@Framework@0|102,status=0, args=(<ipsframework.cca_es_spec.Topic object at 0x14e1e1e1df10>,), message_id=RESPONSE|FRAMEWORK@Framework@0|fastran_000001@fastran@4|551)
2026-02-12 12:35:01,752 fastran_tr0_fastran_4 DEBUG    _invoke_service(): sendEvent  ('_IPS_MONITOR', 'PORTAL_EVENT', {'sim_name': 'fastran_000001', 'real_sim_name': 'fastran_000001', 'portal_data': {'code': 'fastran_tr0_fastran', 'eventtype': 'IPS_LAUNCH_TASK', 'ok': True, 'walltime': '48.94', 'time': '2026-02-12|12:35:01PST', 'state': 'Running', 'comment': 'task_id = 8 , Tag = None , nproc = 1 , Target = srun -N 1 -n 1 -c 128 --threads-per-core=1 --cpu-bind=cores /global/common/software/atom/perlmutter/binaries/fastran/default/xfastran_ver1.00_ser 1 1'}})
2026-02-12 12:35:01,752 fastran_tr0_fastran_4 DEBUG    _get_service_response(REQUEST|fastran_000001@fastran@4|FRAMEWORK@Framework@0|103)
2026-02-12 12:35:01,762 fastran_tr0_fastran_4 DEBUG    _get_service_response(REQUEST|fastran_000001@fastran@4|FRAMEWORK@Framework@0|103), response = ServiceResponseMessage(sender_id=FRAMEWORK@Framework@0, receiver_id=fastran_000001@fastran@4, request_msg_id=REQUEST|fastran_000001@fastran@4|FRAMEWORK@Framework@0|103,status=0, args=(None,), message_id=RESPONSE|FRAMEWORK@Framework@0|fastran_000001@fastran@4|552)
2026-02-12 12:35:02,032 fastran_tr0_fastran_4 DEBUG    _invoke_service(): getTopic  ('_IPS_MONITOR',)
2026-02-12 12:35:02,032 fastran_tr0_fastran_4 DEBUG    _get_service_response(REQUEST|fastran_000001@fastran@4|FRAMEWORK@Framework@0|104)
2026-02-12 12:35:02,043 fastran_tr0_fastran_4 DEBUG    _get_service_response(REQUEST|fastran_000001@fastran@4|FRAMEWORK@Framework@0|104), response = ServiceResponseMessage(sender_id=FRAMEWORK@Framework@0, receiver_id=fastran_000001@fastran@4, request_msg_id=REQUEST|fastran_000001@fastran@4|FRAMEWORK@Framework@0|104,status=0, args=(<ipsframework.cca_es_spec.Topic object at 0x14e1e1e1d910>,), message_id=RESPONSE|FRAMEWORK@Framework@0|fastran_000001@fastran@4|554)
2026-02-12 12:35:02,043 fastran_tr0_fastran_4 DEBUG    _invoke_service(): sendEvent  ('_IPS_MONITOR', 'PORTAL_EVENT', {'sim_name': 'fastran_000001', 'real_sim_name': 'fastran_000001', 'portal_data': {'code': 'fastran_tr0_fastran', 'eventtype': 'IPS_TASK_END', 'ok': True, 'walltime': '49.23', 'time': '2026-02-12|12:35:02PST', 'trace': {'timestamp': 1770928501740624, 'duration': 291693, 'localEndpoint': {'serviceName': '/global/common/software/atom/perlmutter/binaries/fastran/default/xfastran_ver1.00_ser'}, 'name': '1 1', 'id': '308d6634dd05466a', 'parentId': '1f760a3afa934ec2', 'tags': {'procs_requested': '1', 'cores_allocated': '128'}}, 'state': 'Running', 'comment': 'task_id = 8  elapsed time = 0.29 S'}})
2026-02-12 12:35:02,043 fastran_tr0_fastran_4 DEBUG    _get_service_response(REQUEST|fastran_000001@fastran@4|FRAMEWORK@Framework@0|105)
2026-02-12 12:35:02,054 fastran_tr0_fastran_4 DEBUG    _get_service_response(REQUEST|fastran_000001@fastran@4|FRAMEWORK@Framework@0|105), response = ServiceResponseMessage(sender_id=FRAMEWORK@Framework@0, receiver_id=fastran_000001@fastran@4, request_msg_id=REQUEST|fastran_000001@fastran@4|FRAMEWORK@Framework@0|105,status=0, args=(None,), message_id=RESPONSE|FRAMEWORK@Framework@0|fastran_000001@fastran@4|555)
2026-02-12 12:35:02,054 fastran_tr0_fastran_4 DEBUG    _invoke_service(): finish_task  (8, 0)
2026-02-12 12:35:02,054 fastran_tr0_fastran_4 DEBUG    _get_service_response(REQUEST|fastran_000001@fastran@4|FRAMEWORK@Framework@0|106)
2026-02-12 12:35:02,064 fastran_tr0_fastran_4 DEBUG    _get_service_response(REQUEST|fastran_000001@fastran@4|FRAMEWORK@Framework@0|106), response = ServiceResponseMessage(sender_id=FRAMEWORK@Framework@0, receiver_id=fastran_000001@fastran@4, request_msg_id=REQUEST|fastran_000001@fastran@4|FRAMEWORK@Framework@0|106,status=0, args=(0,), message_id=RESPONSE|FRAMEWORK@Framework@0|fastran_000001@fastran@4|556)
2026-02-12 12:35:02,235 fastran_tr0_fastran_4 DEBUG    _invoke_service(): update_state  (['s000001.00001', 'g000001.00001', 'i000001.00001'], '/pscratch/sd/y/yashu_gh/FREDA_KSTAR_2/ips-fastran/examples/far3d/example1/SCAN/work/fastran_tr0_fastran_4', '/pscratch/sd/y/yashu_gh/FREDA_KSTAR_2/ips-fastran/examples/far3d/example1/SCAN/work/plasma_state')
2026-02-12 12:35:02,235 fastran_tr0_fastran_4 DEBUG    _get_service_response(REQUEST|fastran_000001@fastran@4|FRAMEWORK@Framework@0|107)
2026-02-12 12:35:02,255 fastran_tr0_fastran_4 DEBUG    _get_service_response(REQUEST|fastran_000001@fastran@4|FRAMEWORK@Framework@0|107), response = ServiceResponseMessage(sender_id=FRAMEWORK@Framework@0, receiver_id=fastran_000001@fastran@4, request_msg_id=REQUEST|fastran_000001@fastran@4|FRAMEWORK@Framework@0|107,status=0, args=(0,), message_id=RESPONSE|FRAMEWORK@Framework@0|fastran_000001@fastran@4|557)
2026-02-12 12:35:02,255 fastran_tr0_fastran_4 DEBUG    _invoke_service(): getTopic  ('_IPS_MONITOR',)
2026-02-12 12:35:02,255 fastran_tr0_fastran_4 DEBUG    _get_service_response(REQUEST|fastran_000001@fastran@4|FRAMEWORK@Framework@0|108)
2026-02-12 12:35:02,266 fastran_tr0_fastran_4 DEBUG    _get_service_response(REQUEST|fastran_000001@fastran@4|FRAMEWORK@Framework@0|108), response = ServiceResponseMessage(sender_id=FRAMEWORK@Framework@0, receiver_id=fastran_000001@fastran@4, request_msg_id=REQUEST|fastran_000001@fastran@4|FRAMEWORK@Framework@0|108,status=0, args=(<ipsframework.cca_es_spec.Topic object at 0x14e1e1e1d940>,), message_id=RESPONSE|FRAMEWORK@Framework@0|fastran_000001@fastran@4|558)
2026-02-12 12:35:02,266 fastran_tr0_fastran_4 DEBUG    _invoke_service(): sendEvent  ('_IPS_MONITOR', 'PORTAL_EVENT', {'sim_name': 'fastran_000001', 'real_sim_name': 'fastran_000001', 'portal_data': {'code': 'fastran_tr0_fastran', 'eventtype': 'IPS_UPDATE_STATE', 'ok': True, 'walltime': '49.45', 'time': '2026-02-12|12:35:02PST', 'trace': {'timestamp': 1770928502235198, 'duration': 20325, 'localEndpoint': {'serviceName': 'update_state'}, 'name': "['s000001.00001', 'g000001.00001', 'i000001.00001']", 'id': '7629e189a66153c0', 'parentId': '1f760a3afa934ec2', 'tags': {}}, 'state': 'Running', 'comment': 'Elapsed time = 0.020   files = s000001.00001 g000001.00001 i000001.00001 Success'}})
2026-02-12 12:35:02,266 fastran_tr0_fastran_4 DEBUG    _get_service_response(REQUEST|fastran_000001@fastran@4|FRAMEWORK@Framework@0|109)
2026-02-12 12:35:02,276 fastran_tr0_fastran_4 DEBUG    _get_service_response(REQUEST|fastran_000001@fastran@4|FRAMEWORK@Framework@0|109), response = ServiceResponseMessage(sender_id=FRAMEWORK@Framework@0, receiver_id=fastran_000001@fastran@4, request_msg_id=REQUEST|fastran_000001@fastran@4|FRAMEWORK@Framework@0|109,status=0, args=(None,), message_id=RESPONSE|FRAMEWORK@Framework@0|fastran_000001@fastran@4|559)
2026-02-12 12:35:02,297 fastran_tr0_fastran_4 DEBUG    _invoke_service(): getTopic  ('_IPS_MONITOR',)
2026-02-12 12:35:02,297 fastran_tr0_fastran_4 DEBUG    _get_service_response(REQUEST|fastran_000001@fastran@4|FRAMEWORK@Framework@0|110)
2026-02-12 12:35:02,308 fastran_tr0_fastran_4 DEBUG    _get_service_response(REQUEST|fastran_000001@fastran@4|FRAMEWORK@Framework@0|110), response = ServiceResponseMessage(sender_id=FRAMEWORK@Framework@0, receiver_id=fastran_000001@fastran@4, request_msg_id=REQUEST|fastran_000001@fastran@4|FRAMEWORK@Framework@0|110,status=0, args=(<ipsframework.cca_es_spec.Topic object at 0x14e1e1e1da60>,), message_id=RESPONSE|FRAMEWORK@Framework@0|fastran_000001@fastran@4|560)
2026-02-12 12:35:02,308 fastran_tr0_fastran_4 DEBUG    _invoke_service(): sendEvent  ('_IPS_MONITOR', 'PORTAL_EVENT', {'sim_name': 'fastran_000001', 'real_sim_name': 'fastran_000001', 'portal_data': {'code': 'fastran_tr0_fastran', 'eventtype': 'IPS_STAGE_OUTPUTS', 'ok': True, 'walltime': '49.50', 'time': '2026-02-12|12:35:02PST', 'trace': {'timestamp': 1770928502276848, 'duration': 20816, 'localEndpoint': {'serviceName': 'stage_output_files'}, 'name': "['fastran.nc', 'inprof', 'inmetric', 'infastran', 'intglf', 'xfastran.log', 'i000001.00001']", 'id': '7349cfaaafc33980', 'parentId': '1f760a3afa934ec2', 'tags': {}}, 'state': 'Running', 'comment': "Elapsed time = 0.021 Path = /pscratch/sd/y/yashu_gh/FREDA_KSTAR_2/ips-fastran/examples/far3d/example1/SCAN/simulation_results/preprocess_6/components/fastran_tr0_fastran_4 Files = ['fastran.nc', 'inprof', 'inmetric', 'infastran', 'intglf', 'xfastran.log', 'i000001.00001']"}})
2026-02-12 12:35:02,308 fastran_tr0_fastran_4 DEBUG    _get_service_response(REQUEST|fastran_000001@fastran@4|FRAMEWORK@Framework@0|111)
2026-02-12 12:35:02,318 fastran_tr0_fastran_4 DEBUG    _get_service_response(REQUEST|fastran_000001@fastran@4|FRAMEWORK@Framework@0|111), response = ServiceResponseMessage(sender_id=FRAMEWORK@Framework@0, receiver_id=fastran_000001@fastran@4, request_msg_id=REQUEST|fastran_000001@fastran@4|FRAMEWORK@Framework@0|111,status=0, args=(None,), message_id=RESPONSE|FRAMEWORK@Framework@0|fastran_000001@fastran@4|561)
2026-02-12 12:35:02,329 fastran_driver_fastran_driver_2 DEBUG    _get_service_response(REQUEST|fastran_000001@fastran_driver@2|FRAMEWORK@Framework@0|212), response = ServiceResponseMessage(sender_id=FRAMEWORK@Framework@0, receiver_id=fastran_000001@fastran_driver@2, request_msg_id=REQUEST|fastran_000001@fastran_driver@2|FRAMEWORK@Framework@0|212,status=0, args=((None,),), message_id=RESPONSE|FRAMEWORK@Framework@0|fastran_000001@fastran_driver@2|562)
2026-02-12 12:35:02,329 fastran_driver_fastran_driver_2 DEBUG    _invoke_service(): getTopic  ('_IPS_MONITOR',)
2026-02-12 12:35:02,329 fastran_driver_fastran_driver_2 DEBUG    _get_service_response(REQUEST|fastran_000001@fastran_driver@2|FRAMEWORK@Framework@0|213)
2026-02-12 12:35:02,339 fastran_driver_fastran_driver_2 DEBUG    _get_service_response(REQUEST|fastran_000001@fastran_driver@2|FRAMEWORK@Framework@0|213), response = ServiceResponseMessage(sender_id=FRAMEWORK@Framework@0, receiver_id=fastran_000001@fastran_driver@2, request_msg_id=REQUEST|fastran_000001@fastran_driver@2|FRAMEWORK@Framework@0|213,status=0, args=(<ipsframework.cca_es_spec.Topic object at 0x14e1e9e3aca0>,), message_id=RESPONSE|FRAMEWORK@Framework@0|fastran_000001@fastran_driver@2|563)
2026-02-12 12:35:02,339 fastran_driver_fastran_driver_2 DEBUG    _invoke_service(): sendEvent  ('_IPS_MONITOR', 'PORTAL_EVENT', {'sim_name': 'fastran_000001', 'real_sim_name': 'fastran_000001', 'portal_data': {'code': 'fastran_driver_fastran_driver', 'eventtype': 'IPS_CALL_END', 'ok': True, 'walltime': '49.53', 'time': '2026-02-12|12:35:02PST', 'trace': {'timestamp': 1770928501527011, 'duration': 802330, 'localEndpoint': {'serviceName': 'fastran_000001@fastran@4'}, 'name': 'step(preprocess_6)', 'id': '1f760a3afa934ec2', 'parentId': '15e0663de819b9fa', 'tags': {}}, 'state': 'Running', 'comment': 'Target = fastran_000001@fastran@4:step(preprocess_6)'}})
2026-02-12 12:35:02,339 fastran_driver_fastran_driver_2 DEBUG    _get_service_response(REQUEST|fastran_000001@fastran_driver@2|FRAMEWORK@Framework@0|214)
2026-02-12 12:35:02,350 fastran_driver_fastran_driver_2 DEBUG    _get_service_response(REQUEST|fastran_000001@fastran_driver@2|FRAMEWORK@Framework@0|214), response = ServiceResponseMessage(sender_id=FRAMEWORK@Framework@0, receiver_id=fastran_000001@fastran_driver@2, request_msg_id=REQUEST|fastran_000001@fastran_driver@2|FRAMEWORK@Framework@0|214,status=0, args=(None,), message_id=RESPONSE|FRAMEWORK@Framework@0|fastran_000001@fastran_driver@2|564)
2026-02-12 12:35:02,350 fastran_driver_fastran_driver_2 DEBUG    _invoke_service(): getTopic  ('_IPS_MONITOR',)
2026-02-12 12:35:02,350 fastran_driver_fastran_driver_2 DEBUG    _get_service_response(REQUEST|fastran_000001@fastran_driver@2|FRAMEWORK@Framework@0|215)
2026-02-12 12:35:02,361 fastran_driver_fastran_driver_2 DEBUG    _get_service_response(REQUEST|fastran_000001@fastran_driver@2|FRAMEWORK@Framework@0|215), response = ServiceResponseMessage(sender_id=FRAMEWORK@Framework@0, receiver_id=fastran_000001@fastran_driver@2, request_msg_id=REQUEST|fastran_000001@fastran_driver@2|FRAMEWORK@Framework@0|215,status=0, args=(<ipsframework.cca_es_spec.Topic object at 0x14e1e9e3acd0>,), message_id=RESPONSE|FRAMEWORK@Framework@0|fastran_000001@fastran_driver@2|565)
2026-02-12 12:35:02,361 fastran_driver_fastran_driver_2 DEBUG    _invoke_service(): sendEvent  ('_IPS_MONITOR', 'PORTAL_EVENT', {'sim_name': 'fastran_000001', 'real_sim_name': 'fastran_000001', 'portal_data': {'code': 'fastran_driver_fastran_driver', 'eventtype': 'IPS_CALL_BEGIN', 'ok': True, 'walltime': '49.55', 'time': '2026-02-12|12:35:02PST', 'state': 'Running', 'comment': 'Target = fastran_000001@constraint_current@5:step(preprocess_6)'}})
2026-02-12 12:35:02,361 fastran_driver_fastran_driver_2 DEBUG    _get_service_response(REQUEST|fastran_000001@fastran_driver@2|FRAMEWORK@Framework@0|216)
2026-02-12 12:35:02,372 fastran_driver_fastran_driver_2 DEBUG    _get_service_response(REQUEST|fastran_000001@fastran_driver@2|FRAMEWORK@Framework@0|216), response = ServiceResponseMessage(sender_id=FRAMEWORK@Framework@0, receiver_id=fastran_000001@fastran_driver@2, request_msg_id=REQUEST|fastran_000001@fastran_driver@2|FRAMEWORK@Framework@0|216,status=0, args=(None,), message_id=RESPONSE|FRAMEWORK@Framework@0|fastran_000001@fastran_driver@2|566)
2026-02-12 12:35:02,372 fastran_driver_fastran_driver_2 DEBUG    _invoke_service(): init_call  ('step', 'preprocess_6')
2026-02-12 12:35:02,372 fastran_driver_fastran_driver_2 DEBUG    _get_service_response(REQUEST|fastran_000001@fastran_driver@2|FRAMEWORK@Framework@0|217)
2026-02-12 12:35:02,373 fastran_pre_constraint_current_5 DEBUG    Received Message 
2026-02-12 12:35:02,373 fastran_pre_constraint_current_5 DEBUG    Calling method step(preprocess_6)
2026-02-12 12:35:02,373 fastran_pre_constraint_current_5 DEBUG    _invoke_service(): stage_state  (['s000001.00001', 'g000001.00001', 'i000001.00001'], '/pscratch/sd/y/yashu_gh/FREDA_KSTAR_2/ips-fastran/examples/far3d/example1/SCAN/work/plasma_state', '/pscratch/sd/y/yashu_gh/FREDA_KSTAR_2/ips-fastran/examples/far3d/example1/SCAN/work/fastran_pre_constraint_current_5')
2026-02-12 12:35:02,373 fastran_pre_constraint_current_5 DEBUG    _get_service_response(REQUEST|fastran_000001@constraint_current@5|FRAMEWORK@Framework@0|60)
2026-02-12 12:35:02,383 fastran_driver_fastran_driver_2 DEBUG    _get_service_response(REQUEST|fastran_000001@fastran_driver@2|FRAMEWORK@Framework@0|217), response = ServiceResponseMessage(sender_id=FRAMEWORK@Framework@0, receiver_id=fastran_000001@fastran_driver@2, request_msg_id=REQUEST|fastran_000001@fastran_driver@2|FRAMEWORK@Framework@0|217,status=0, args=(39,), message_id=RESPONSE|FRAMEWORK@Framework@0|fastran_000001@fastran_driver@2|567)
2026-02-12 12:35:02,383 fastran_driver_fastran_driver_2 DEBUG    _invoke_service(): wait_call  (39, True)
2026-02-12 12:35:02,383 fastran_driver_fastran_driver_2 DEBUG    _get_service_response(REQUEST|fastran_000001@fastran_driver@2|FRAMEWORK@Framework@0|218)
2026-02-12 12:35:02,395 fastran_pre_constraint_current_5 DEBUG    _get_service_response(REQUEST|fastran_000001@constraint_current@5|FRAMEWORK@Framework@0|60), response = ServiceResponseMessage(sender_id=FRAMEWORK@Framework@0, receiver_id=fastran_000001@constraint_current@5, request_msg_id=REQUEST|fastran_000001@constraint_current@5|FRAMEWORK@Framework@0|60,status=0, args=(0,), message_id=RESPONSE|FRAMEWORK@Framework@0|fastran_000001@constraint_current@5|568)
2026-02-12 12:35:02,395 fastran_pre_constraint_current_5 DEBUG    _invoke_service(): getTopic  ('_IPS_MONITOR',)
2026-02-12 12:35:02,395 fastran_pre_constraint_current_5 DEBUG    _get_service_response(REQUEST|fastran_000001@constraint_current@5|FRAMEWORK@Framework@0|61)
2026-02-12 12:35:02,406 fastran_pre_constraint_current_5 DEBUG    _get_service_response(REQUEST|fastran_000001@constraint_current@5|FRAMEWORK@Framework@0|61), response = ServiceResponseMessage(sender_id=FRAMEWORK@Framework@0, receiver_id=fastran_000001@constraint_current@5, request_msg_id=REQUEST|fastran_000001@constraint_current@5|FRAMEWORK@Framework@0|61,status=0, args=(<ipsframework.cca_es_spec.Topic object at 0x14e1e9e689a0>,), message_id=RESPONSE|FRAMEWORK@Framework@0|fastran_000001@constraint_current@5|569)
2026-02-12 12:35:02,406 fastran_pre_constraint_current_5 DEBUG    _invoke_service(): sendEvent  ('_IPS_MONITOR', 'PORTAL_EVENT', {'sim_name': 'fastran_000001', 'real_sim_name': 'fastran_000001', 'portal_data': {'code': 'fastran_pre_constraint_current', 'eventtype': 'IPS_STAGE_STATE', 'ok': True, 'walltime': '49.59', 'time': '2026-02-12|12:35:02PST', 'trace': {'timestamp': 1770928502373579, 'duration': 21984, 'localEndpoint': {'serviceName': 'stage_state'}, 'name': "['s000001.00001', 'g000001.00001', 'i000001.00001']", 'id': '71885aecf25d7412', 'parentId': '46cfe1f9113af4a2', 'tags': {}}, 'state': 'Running', 'comment': 'Elapsed time = 0.022  files = s000001.00001 g000001.00001 i000001.00001 Success'}})
2026-02-12 12:35:02,406 fastran_pre_constraint_current_5 DEBUG    _get_service_response(REQUEST|fastran_000001@constraint_current@5|FRAMEWORK@Framework@0|62)
2026-02-12 12:35:02,417 fastran_pre_constraint_current_5 DEBUG    _get_service_response(REQUEST|fastran_000001@constraint_current@5|FRAMEWORK@Framework@0|62), response = ServiceResponseMessage(sender_id=FRAMEWORK@Framework@0, receiver_id=fastran_000001@constraint_current@5, request_msg_id=REQUEST|fastran_000001@constraint_current@5|FRAMEWORK@Framework@0|62,status=0, args=(None,), message_id=RESPONSE|FRAMEWORK@Framework@0|fastran_000001@constraint_current@5|570)
2026-02-12 12:35:02,417 fastran_pre_constraint_current_5 DEBUG    _invoke_service(): getTopic  ('_IPS_MONITOR',)
2026-02-12 12:35:02,417 fastran_pre_constraint_current_5 DEBUG    _get_service_response(REQUEST|fastran_000001@constraint_current@5|FRAMEWORK@Framework@0|63)
2026-02-12 12:35:02,427 fastran_pre_constraint_current_5 DEBUG    _get_service_response(REQUEST|fastran_000001@constraint_current@5|FRAMEWORK@Framework@0|63), response = ServiceResponseMessage(sender_id=FRAMEWORK@Framework@0, receiver_id=fastran_000001@constraint_current@5, request_msg_id=REQUEST|fastran_000001@constraint_current@5|FRAMEWORK@Framework@0|63,status=0, args=(<ipsframework.cca_es_spec.Topic object at 0x14e1e9e68ca0>,), message_id=RESPONSE|FRAMEWORK@Framework@0|fastran_000001@constraint_current@5|571)
2026-02-12 12:35:02,428 fastran_pre_constraint_current_5 DEBUG    _invoke_service(): sendEvent  ('_IPS_MONITOR', 'PORTAL_EVENT', {'sim_name': 'fastran_000001', 'real_sim_name': 'fastran_000001', 'portal_data': {'code': 'fastran_pre_constraint_current', 'eventtype': 'IPS_STAGE_INPUTS', 'ok': True, 'walltime': '49.61', 'time': '2026-02-12|12:35:02PST', 'trace': {'timestamp': 1770928502417269, 'duration': 74, 'localEndpoint': {'serviceName': 'stage_input_files'}, 'name': '', 'id': 'e70cb59b389672bf', 'parentId': '46cfe1f9113af4a2', 'tags': {}}, 'state': 'Running', 'comment': 'Elapsed time = 0.000 Path = /pscratch/sd/y/yashu_gh/FREDA_KSTAR_2/ips-fastran/examples/far3d/example1/input Files = '}})
2026-02-12 12:35:02,428 fastran_pre_constraint_current_5 DEBUG    _get_service_response(REQUEST|fastran_000001@constraint_current@5|FRAMEWORK@Framework@0|64)
2026-02-12 12:35:02,438 fastran_pre_constraint_current_5 DEBUG    _get_service_response(REQUEST|fastran_000001@constraint_current@5|FRAMEWORK@Framework@0|64), response = ServiceResponseMessage(sender_id=FRAMEWORK@Framework@0, receiver_id=fastran_000001@constraint_current@5, request_msg_id=REQUEST|fastran_000001@constraint_current@5|FRAMEWORK@Framework@0|64,status=0, args=(None,), message_id=RESPONSE|FRAMEWORK@Framework@0|fastran_000001@constraint_current@5|572)
2026-02-12 12:35:02,543 fastran_pre_constraint_current_5 DEBUG    _invoke_service(): update_state  (['s000001.00001', 'g000001.00001', 'i000001.00001'], '/pscratch/sd/y/yashu_gh/FREDA_KSTAR_2/ips-fastran/examples/far3d/example1/SCAN/work/fastran_pre_constraint_current_5', '/pscratch/sd/y/yashu_gh/FREDA_KSTAR_2/ips-fastran/examples/far3d/example1/SCAN/work/plasma_state')
2026-02-12 12:35:02,543 fastran_pre_constraint_current_5 DEBUG    _get_service_response(REQUEST|fastran_000001@constraint_current@5|FRAMEWORK@Framework@0|65)
2026-02-12 12:35:02,565 fastran_pre_constraint_current_5 DEBUG    _get_service_response(REQUEST|fastran_000001@constraint_current@5|FRAMEWORK@Framework@0|65), response = ServiceResponseMessage(sender_id=FRAMEWORK@Framework@0, receiver_id=fastran_000001@constraint_current@5, request_msg_id=REQUEST|fastran_000001@constraint_current@5|FRAMEWORK@Framework@0|65,status=0, args=(0,), message_id=RESPONSE|FRAMEWORK@Framework@0|fastran_000001@constraint_current@5|574)
2026-02-12 12:35:02,565 fastran_pre_constraint_current_5 DEBUG    _invoke_service(): getTopic  ('_IPS_MONITOR',)
2026-02-12 12:35:02,565 fastran_pre_constraint_current_5 DEBUG    _get_service_response(REQUEST|fastran_000001@constraint_current@5|FRAMEWORK@Framework@0|66)
2026-02-12 12:35:02,576 fastran_pre_constraint_current_5 DEBUG    _get_service_response(REQUEST|fastran_000001@constraint_current@5|FRAMEWORK@Framework@0|66), response = ServiceResponseMessage(sender_id=FRAMEWORK@Framework@0, receiver_id=fastran_000001@constraint_current@5, request_msg_id=REQUEST|fastran_000001@constraint_current@5|FRAMEWORK@Framework@0|66,status=0, args=(<ipsframework.cca_es_spec.Topic object at 0x14e1e9e68d00>,), message_id=RESPONSE|FRAMEWORK@Framework@0|fastran_000001@constraint_current@5|575)
2026-02-12 12:35:02,576 fastran_pre_constraint_current_5 DEBUG    _invoke_service(): sendEvent  ('_IPS_MONITOR', 'PORTAL_EVENT', {'sim_name': 'fastran_000001', 'real_sim_name': 'fastran_000001', 'portal_data': {'code': 'fastran_pre_constraint_current', 'eventtype': 'IPS_UPDATE_STATE', 'ok': True, 'walltime': '49.76', 'time': '2026-02-12|12:35:02PST', 'trace': {'timestamp': 1770928502543539, 'duration': 21989, 'localEndpoint': {'serviceName': 'update_state'}, 'name': "['s000001.00001', 'g000001.00001', 'i000001.00001']", 'id': '7629e189a66153c0', 'parentId': '46cfe1f9113af4a2', 'tags': {}}, 'state': 'Running', 'comment': 'Elapsed time = 0.022   files = s000001.00001 g000001.00001 i000001.00001 Success'}})
2026-02-12 12:35:02,576 fastran_pre_constraint_current_5 DEBUG    _get_service_response(REQUEST|fastran_000001@constraint_current@5|FRAMEWORK@Framework@0|67)
2026-02-12 12:35:02,586 fastran_pre_constraint_current_5 DEBUG    _get_service_response(REQUEST|fastran_000001@constraint_current@5|FRAMEWORK@Framework@0|67), response = ServiceResponseMessage(sender_id=FRAMEWORK@Framework@0, receiver_id=fastran_000001@constraint_current@5, request_msg_id=REQUEST|fastran_000001@constraint_current@5|FRAMEWORK@Framework@0|67,status=0, args=(None,), message_id=RESPONSE|FRAMEWORK@Framework@0|fastran_000001@constraint_current@5|576)
2026-02-12 12:35:02,587 fastran_pre_constraint_current_5 DEBUG    _invoke_service(): getTopic  ('_IPS_MONITOR',)
2026-02-12 12:35:02,587 fastran_pre_constraint_current_5 DEBUG    _get_service_response(REQUEST|fastran_000001@constraint_current@5|FRAMEWORK@Framework@0|68)
2026-02-12 12:35:02,597 fastran_pre_constraint_current_5 DEBUG    _get_service_response(REQUEST|fastran_000001@constraint_current@5|FRAMEWORK@Framework@0|68), response = ServiceResponseMessage(sender_id=FRAMEWORK@Framework@0, receiver_id=fastran_000001@constraint_current@5, request_msg_id=REQUEST|fastran_000001@constraint_current@5|FRAMEWORK@Framework@0|68,status=0, args=(<ipsframework.cca_es_spec.Topic object at 0x14e1e9e68e20>,), message_id=RESPONSE|FRAMEWORK@Framework@0|fastran_000001@constraint_current@5|577)
2026-02-12 12:35:02,597 fastran_pre_constraint_current_5 DEBUG    _invoke_service(): sendEvent  ('_IPS_MONITOR', 'PORTAL_EVENT', {'sim_name': 'fastran_000001', 'real_sim_name': 'fastran_000001', 'portal_data': {'code': 'fastran_pre_constraint_current', 'eventtype': 'IPS_STAGE_OUTPUTS', 'ok': True, 'walltime': '49.78', 'time': '2026-02-12|12:35:02PST', 'trace': {'timestamp': 1770928502586859, 'duration': 238, 'localEndpoint': {'serviceName': 'stage_output_files'}, 'name': '[]', 'id': 'ed019efe11be26d9', 'parentId': '46cfe1f9113af4a2', 'tags': {}}, 'state': 'Running', 'comment': 'Elapsed time = 0.000 Path = /pscratch/sd/y/yashu_gh/FREDA_KSTAR_2/ips-fastran/examples/far3d/example1/SCAN/simulation_results/preprocess_6/components/fastran_pre_constraint_current_5 Files = []'}})
2026-02-12 12:35:02,597 fastran_pre_constraint_current_5 DEBUG    _get_service_response(REQUEST|fastran_000001@constraint_current@5|FRAMEWORK@Framework@0|69)
2026-02-12 12:35:02,608 fastran_pre_constraint_current_5 DEBUG    _get_service_response(REQUEST|fastran_000001@constraint_current@5|FRAMEWORK@Framework@0|69), response = ServiceResponseMessage(sender_id=FRAMEWORK@Framework@0, receiver_id=fastran_000001@constraint_current@5, request_msg_id=REQUEST|fastran_000001@constraint_current@5|FRAMEWORK@Framework@0|69,status=0, args=(None,), message_id=RESPONSE|FRAMEWORK@Framework@0|fastran_000001@constraint_current@5|578)
2026-02-12 12:35:02,619 fastran_driver_fastran_driver_2 DEBUG    _get_service_response(REQUEST|fastran_000001@fastran_driver@2|FRAMEWORK@Framework@0|218), response = ServiceResponseMessage(sender_id=FRAMEWORK@Framework@0, receiver_id=fastran_000001@fastran_driver@2, request_msg_id=REQUEST|fastran_000001@fastran_driver@2|FRAMEWORK@Framework@0|218,status=0, args=((None,),), message_id=RESPONSE|FRAMEWORK@Framework@0|fastran_000001@fastran_driver@2|579)
2026-02-12 12:35:02,619 fastran_driver_fastran_driver_2 DEBUG    _invoke_service(): getTopic  ('_IPS_MONITOR',)
2026-02-12 12:35:02,619 fastran_driver_fastran_driver_2 DEBUG    _get_service_response(REQUEST|fastran_000001@fastran_driver@2|FRAMEWORK@Framework@0|219)
2026-02-12 12:35:02,630 fastran_driver_fastran_driver_2 DEBUG    _get_service_response(REQUEST|fastran_000001@fastran_driver@2|FRAMEWORK@Framework@0|219), response = ServiceResponseMessage(sender_id=FRAMEWORK@Framework@0, receiver_id=fastran_000001@fastran_driver@2, request_msg_id=REQUEST|fastran_000001@fastran_driver@2|FRAMEWORK@Framework@0|219,status=0, args=(<ipsframework.cca_es_spec.Topic object at 0x14e1e9e3aca0>,), message_id=RESPONSE|FRAMEWORK@Framework@0|fastran_000001@fastran_driver@2|580)
2026-02-12 12:35:02,630 fastran_driver_fastran_driver_2 DEBUG    _invoke_service(): sendEvent  ('_IPS_MONITOR', 'PORTAL_EVENT', {'sim_name': 'fastran_000001', 'real_sim_name': 'fastran_000001', 'portal_data': {'code': 'fastran_driver_fastran_driver', 'eventtype': 'IPS_CALL_END', 'ok': True, 'walltime': '49.82', 'time': '2026-02-12|12:35:02PST', 'trace': {'timestamp': 1770928502383511, 'duration': 235922, 'localEndpoint': {'serviceName': 'fastran_000001@constraint_current@5'}, 'name': 'step(preprocess_6)', 'id': '46cfe1f9113af4a2', 'parentId': '15e0663de819b9fa', 'tags': {}}, 'state': 'Running', 'comment': 'Target = fastran_000001@constraint_current@5:step(preprocess_6)'}})
2026-02-12 12:35:02,630 fastran_driver_fastran_driver_2 DEBUG    _get_service_response(REQUEST|fastran_000001@fastran_driver@2|FRAMEWORK@Framework@0|220)
2026-02-12 12:35:02,641 fastran_driver_fastran_driver_2 DEBUG    _get_service_response(REQUEST|fastran_000001@fastran_driver@2|FRAMEWORK@Framework@0|220), response = ServiceResponseMessage(sender_id=FRAMEWORK@Framework@0, receiver_id=fastran_000001@fastran_driver@2, request_msg_id=REQUEST|fastran_000001@fastran_driver@2|FRAMEWORK@Framework@0|220,status=0, args=(None,), message_id=RESPONSE|FRAMEWORK@Framework@0|fastran_000001@fastran_driver@2|581)
2026-02-12 12:35:02,641 fastran_driver_fastran_driver_2 DEBUG    _invoke_service(): getTopic  ('_IPS_MONITOR',)
2026-02-12 12:35:02,641 fastran_driver_fastran_driver_2 DEBUG    _get_service_response(REQUEST|fastran_000001@fastran_driver@2|FRAMEWORK@Framework@0|221)
2026-02-12 12:35:02,652 fastran_driver_fastran_driver_2 DEBUG    _get_service_response(REQUEST|fastran_000001@fastran_driver@2|FRAMEWORK@Framework@0|221), response = ServiceResponseMessage(sender_id=FRAMEWORK@Framework@0, receiver_id=fastran_000001@fastran_driver@2, request_msg_id=REQUEST|fastran_000001@fastran_driver@2|FRAMEWORK@Framework@0|221,status=0, args=(<ipsframework.cca_es_spec.Topic object at 0x14e1e9e3ad90>,), message_id=RESPONSE|FRAMEWORK@Framework@0|fastran_000001@fastran_driver@2|582)
2026-02-12 12:35:02,652 fastran_driver_fastran_driver_2 DEBUG    _invoke_service(): sendEvent  ('_IPS_MONITOR', 'PORTALBRIDGE_UPDATE_TIMESTAMP', {'sim_name': 'fastran_000001', 'real_sim_name': 'fastran_000001', 'portal_data': {'phystimestamp': 'preprocess_7', 'eventtype': 'PORTALBRIDGE_UPDATE_TIMESTAMP'}})
2026-02-12 12:35:02,652 fastran_driver_fastran_driver_2 DEBUG    _get_service_response(REQUEST|fastran_000001@fastran_driver@2|FRAMEWORK@Framework@0|222)
2026-02-12 12:35:02,663 fastran_driver_fastran_driver_2 DEBUG    _get_service_response(REQUEST|fastran_000001@fastran_driver@2|FRAMEWORK@Framework@0|222), response = ServiceResponseMessage(sender_id=FRAMEWORK@Framework@0, receiver_id=fastran_000001@fastran_driver@2, request_msg_id=REQUEST|fastran_000001@fastran_driver@2|FRAMEWORK@Framework@0|222,status=0, args=(None,), message_id=RESPONSE|FRAMEWORK@Framework@0|fastran_000001@fastran_driver@2|583)
2026-02-12 12:35:02,663 fastran_driver_fastran_driver_2 DEBUG    _invoke_service(): getTopic  ('_IPS_MONITOR',)
2026-02-12 12:35:02,663 fastran_driver_fastran_driver_2 DEBUG    _get_service_response(REQUEST|fastran_000001@fastran_driver@2|FRAMEWORK@Framework@0|223)
2026-02-12 12:35:02,674 fastran_driver_fastran_driver_2 DEBUG    _get_service_response(REQUEST|fastran_000001@fastran_driver@2|FRAMEWORK@Framework@0|223), response = ServiceResponseMessage(sender_id=FRAMEWORK@Framework@0, receiver_id=fastran_000001@fastran_driver@2, request_msg_id=REQUEST|fastran_000001@fastran_driver@2|FRAMEWORK@Framework@0|223,status=0, args=(<ipsframework.cca_es_spec.Topic object at 0x14e1e9e3ad30>,), message_id=RESPONSE|FRAMEWORK@Framework@0|fastran_000001@fastran_driver@2|584)
2026-02-12 12:35:02,674 fastran_driver_fastran_driver_2 DEBUG    _invoke_service(): sendEvent  ('_IPS_MONITOR', 'PORTAL_EVENT', {'sim_name': 'fastran_000001', 'real_sim_name': 'fastran_000001', 'portal_data': {'code': 'fastran_driver_fastran_driver', 'eventtype': 'IPS_UPDATE_TIME_STAMP', 'ok': True, 'walltime': '49.86', 'time': '2026-02-12|12:35:02PST', 'state': 'Running', 'comment': 'Timestamp = preprocess_7'}})
2026-02-12 12:35:02,674 fastran_driver_fastran_driver_2 DEBUG    _get_service_response(REQUEST|fastran_000001@fastran_driver@2|FRAMEWORK@Framework@0|224)
2026-02-12 12:35:02,685 fastran_driver_fastran_driver_2 DEBUG    _get_service_response(REQUEST|fastran_000001@fastran_driver@2|FRAMEWORK@Framework@0|224), response = ServiceResponseMessage(sender_id=FRAMEWORK@Framework@0, receiver_id=fastran_000001@fastran_driver@2, request_msg_id=REQUEST|fastran_000001@fastran_driver@2|FRAMEWORK@Framework@0|224,status=0, args=(None,), message_id=RESPONSE|FRAMEWORK@Framework@0|fastran_000001@fastran_driver@2|585)
2026-02-12 12:35:02,685 fastran_driver_fastran_driver_2 DEBUG    _invoke_service(): getTopic  ('_IPS_MONITOR',)
2026-02-12 12:35:02,685 fastran_driver_fastran_driver_2 DEBUG    _get_service_response(REQUEST|fastran_000001@fastran_driver@2|FRAMEWORK@Framework@0|225)
2026-02-12 12:35:02,696 fastran_driver_fastran_driver_2 DEBUG    _get_service_response(REQUEST|fastran_000001@fastran_driver@2|FRAMEWORK@Framework@0|225), response = ServiceResponseMessage(sender_id=FRAMEWORK@Framework@0, receiver_id=fastran_000001@fastran_driver@2, request_msg_id=REQUEST|fastran_000001@fastran_driver@2|FRAMEWORK@Framework@0|225,status=0, args=(<ipsframework.cca_es_spec.Topic object at 0x14e1e9e3aca0>,), message_id=RESPONSE|FRAMEWORK@Framework@0|fastran_000001@fastran_driver@2|586)
2026-02-12 12:35:02,696 fastran_driver_fastran_driver_2 DEBUG    _invoke_service(): sendEvent  ('_IPS_MONITOR', 'PORTAL_EVENT', {'sim_name': 'fastran_000001', 'real_sim_name': 'fastran_000001', 'portal_data': {'code': 'fastran_driver_fastran_driver', 'eventtype': 'IPS_CALL_BEGIN', 'ok': True, 'walltime': '49.88', 'time': '2026-02-12|12:35:02PST', 'state': 'Running', 'comment': 'Target = fastran_000001@efit@3:step(preprocess_7)'}})
2026-02-12 12:35:02,696 fastran_driver_fastran_driver_2 DEBUG    _get_service_response(REQUEST|fastran_000001@fastran_driver@2|FRAMEWORK@Framework@0|226)
2026-02-12 12:35:02,707 fastran_driver_fastran_driver_2 DEBUG    _get_service_response(REQUEST|fastran_000001@fastran_driver@2|FRAMEWORK@Framework@0|226), response = ServiceResponseMessage(sender_id=FRAMEWORK@Framework@0, receiver_id=fastran_000001@fastran_driver@2, request_msg_id=REQUEST|fastran_000001@fastran_driver@2|FRAMEWORK@Framework@0|226,status=0, args=(None,), message_id=RESPONSE|FRAMEWORK@Framework@0|fastran_000001@fastran_driver@2|587)
2026-02-12 12:35:02,707 fastran_driver_fastran_driver_2 DEBUG    _invoke_service(): init_call  ('step', 'preprocess_7')
2026-02-12 12:35:02,707 fastran_driver_fastran_driver_2 DEBUG    _get_service_response(REQUEST|fastran_000001@fastran_driver@2|FRAMEWORK@Framework@0|227)
2026-02-12 12:35:02,708 fastran_eq0_efit_3 DEBUG    Received Message 
2026-02-12 12:35:02,708 fastran_eq0_efit_3 DEBUG    Calling method step(preprocess_7)
2026-02-12 12:35:02,709 fastran_eq0_efit_3 DEBUG    _invoke_service(): stage_state  (['s000001.00001', 'g000001.00001', 'i000001.00001'], '/pscratch/sd/y/yashu_gh/FREDA_KSTAR_2/ips-fastran/examples/far3d/example1/SCAN/work/plasma_state', '/pscratch/sd/y/yashu_gh/FREDA_KSTAR_2/ips-fastran/examples/far3d/example1/SCAN/work/fastran_eq0_efit_3')
2026-02-12 12:35:02,709 fastran_eq0_efit_3 DEBUG    _get_service_response(REQUEST|fastran_000001@efit@3|FRAMEWORK@Framework@0|62)
2026-02-12 12:35:02,718 fastran_driver_fastran_driver_2 DEBUG    _get_service_response(REQUEST|fastran_000001@fastran_driver@2|FRAMEWORK@Framework@0|227), response = ServiceResponseMessage(sender_id=FRAMEWORK@Framework@0, receiver_id=fastran_000001@fastran_driver@2, request_msg_id=REQUEST|fastran_000001@fastran_driver@2|FRAMEWORK@Framework@0|227,status=0, args=(40,), message_id=RESPONSE|FRAMEWORK@Framework@0|fastran_000001@fastran_driver@2|588)
2026-02-12 12:35:02,718 fastran_driver_fastran_driver_2 DEBUG    _invoke_service(): wait_call  (40, True)
2026-02-12 12:35:02,718 fastran_driver_fastran_driver_2 DEBUG    _get_service_response(REQUEST|fastran_000001@fastran_driver@2|FRAMEWORK@Framework@0|228)
2026-02-12 12:35:02,731 fastran_eq0_efit_3 DEBUG    _get_service_response(REQUEST|fastran_000001@efit@3|FRAMEWORK@Framework@0|62), response = ServiceResponseMessage(sender_id=FRAMEWORK@Framework@0, receiver_id=fastran_000001@efit@3, request_msg_id=REQUEST|fastran_000001@efit@3|FRAMEWORK@Framework@0|62,status=0, args=(0,), message_id=RESPONSE|FRAMEWORK@Framework@0|fastran_000001@efit@3|589)
2026-02-12 12:35:02,732 fastran_eq0_efit_3 DEBUG    _invoke_service(): getTopic  ('_IPS_MONITOR',)
2026-02-12 12:35:02,732 fastran_eq0_efit_3 DEBUG    _get_service_response(REQUEST|fastran_000001@efit@3|FRAMEWORK@Framework@0|63)
2026-02-12 12:35:02,742 fastran_eq0_efit_3 DEBUG    _get_service_response(REQUEST|fastran_000001@efit@3|FRAMEWORK@Framework@0|63), response = ServiceResponseMessage(sender_id=FRAMEWORK@Framework@0, receiver_id=fastran_000001@efit@3, request_msg_id=REQUEST|fastran_000001@efit@3|FRAMEWORK@Framework@0|63,status=0, args=(<ipsframework.cca_es_spec.Topic object at 0x14e1e9e458b0>,), message_id=RESPONSE|FRAMEWORK@Framework@0|fastran_000001@efit@3|590)
2026-02-12 12:35:02,742 fastran_eq0_efit_3 DEBUG    _invoke_service(): sendEvent  ('_IPS_MONITOR', 'PORTAL_EVENT', {'sim_name': 'fastran_000001', 'real_sim_name': 'fastran_000001', 'portal_data': {'code': 'fastran_eq0_efit', 'eventtype': 'IPS_STAGE_STATE', 'ok': True, 'walltime': '49.93', 'time': '2026-02-12|12:35:02PST', 'trace': {'timestamp': 1770928502709117, 'duration': 22825, 'localEndpoint': {'serviceName': 'stage_state'}, 'name': "['s000001.00001', 'g000001.00001', 'i000001.00001']", 'id': '71885aecf25d7412', 'parentId': '52d72516e36dabde', 'tags': {}}, 'state': 'Running', 'comment': 'Elapsed time = 0.023  files = s000001.00001 g000001.00001 i000001.00001 Success'}})
2026-02-12 12:35:02,742 fastran_eq0_efit_3 DEBUG    _get_service_response(REQUEST|fastran_000001@efit@3|FRAMEWORK@Framework@0|64)
2026-02-12 12:35:02,753 fastran_eq0_efit_3 DEBUG    _get_service_response(REQUEST|fastran_000001@efit@3|FRAMEWORK@Framework@0|64), response = ServiceResponseMessage(sender_id=FRAMEWORK@Framework@0, receiver_id=fastran_000001@efit@3, request_msg_id=REQUEST|fastran_000001@efit@3|FRAMEWORK@Framework@0|64,status=0, args=(None,), message_id=RESPONSE|FRAMEWORK@Framework@0|fastran_000001@efit@3|591)
2026-02-12 12:35:04,687 fastran_eq0_efit_3 DEBUG    _invoke_service(): update_state  (['s000001.00001', 'g000001.00001', 'i000001.00001'], '/pscratch/sd/y/yashu_gh/FREDA_KSTAR_2/ips-fastran/examples/far3d/example1/SCAN/work/fastran_eq0_efit_3', '/pscratch/sd/y/yashu_gh/FREDA_KSTAR_2/ips-fastran/examples/far3d/example1/SCAN/work/plasma_state')
2026-02-12 12:35:04,688 fastran_eq0_efit_3 DEBUG    _get_service_response(REQUEST|fastran_000001@efit@3|FRAMEWORK@Framework@0|65)
2026-02-12 12:35:04,708 fastran_eq0_efit_3 DEBUG    _get_service_response(REQUEST|fastran_000001@efit@3|FRAMEWORK@Framework@0|65), response = ServiceResponseMessage(sender_id=FRAMEWORK@Framework@0, receiver_id=fastran_000001@efit@3, request_msg_id=REQUEST|fastran_000001@efit@3|FRAMEWORK@Framework@0|65,status=0, args=(0,), message_id=RESPONSE|FRAMEWORK@Framework@0|fastran_000001@efit@3|596)
2026-02-12 12:35:04,709 fastran_eq0_efit_3 DEBUG    _invoke_service(): getTopic  ('_IPS_MONITOR',)
2026-02-12 12:35:04,709 fastran_eq0_efit_3 DEBUG    _get_service_response(REQUEST|fastran_000001@efit@3|FRAMEWORK@Framework@0|66)
2026-02-12 12:35:04,719 fastran_eq0_efit_3 DEBUG    _get_service_response(REQUEST|fastran_000001@efit@3|FRAMEWORK@Framework@0|66), response = ServiceResponseMessage(sender_id=FRAMEWORK@Framework@0, receiver_id=fastran_000001@efit@3, request_msg_id=REQUEST|fastran_000001@efit@3|FRAMEWORK@Framework@0|66,status=0, args=(<ipsframework.cca_es_spec.Topic object at 0x14e1e1e0c700>,), message_id=RESPONSE|FRAMEWORK@Framework@0|fastran_000001@efit@3|597)
2026-02-12 12:35:04,719 fastran_eq0_efit_3 DEBUG    _invoke_service(): sendEvent  ('_IPS_MONITOR', 'PORTAL_EVENT', {'sim_name': 'fastran_000001', 'real_sim_name': 'fastran_000001', 'portal_data': {'code': 'fastran_eq0_efit', 'eventtype': 'IPS_UPDATE_STATE', 'ok': True, 'walltime': '51.91', 'time': '2026-02-12|12:35:04PST', 'trace': {'timestamp': 1770928504687209, 'duration': 21650, 'localEndpoint': {'serviceName': 'update_state'}, 'name': "['s000001.00001', 'g000001.00001', 'i000001.00001']", 'id': '7629e189a66153c0', 'parentId': '52d72516e36dabde', 'tags': {}}, 'state': 'Running', 'comment': 'Elapsed time = 0.022   files = s000001.00001 g000001.00001 i000001.00001 Success'}})
2026-02-12 12:35:04,719 fastran_eq0_efit_3 DEBUG    _get_service_response(REQUEST|fastran_000001@efit@3|FRAMEWORK@Framework@0|67)
2026-02-12 12:35:04,730 fastran_eq0_efit_3 DEBUG    _get_service_response(REQUEST|fastran_000001@efit@3|FRAMEWORK@Framework@0|67), response = ServiceResponseMessage(sender_id=FRAMEWORK@Framework@0, receiver_id=fastran_000001@efit@3, request_msg_id=REQUEST|fastran_000001@efit@3|FRAMEWORK@Framework@0|67,status=0, args=(None,), message_id=RESPONSE|FRAMEWORK@Framework@0|fastran_000001@efit@3|598)
2026-02-12 12:35:04,751 fastran_eq0_efit_3 DEBUG    _invoke_service(): getTopic  ('_IPS_MONITOR',)
2026-02-12 12:35:04,751 fastran_eq0_efit_3 DEBUG    _get_service_response(REQUEST|fastran_000001@efit@3|FRAMEWORK@Framework@0|68)
2026-02-12 12:35:04,762 fastran_eq0_efit_3 DEBUG    _get_service_response(REQUEST|fastran_000001@efit@3|FRAMEWORK@Framework@0|68), response = ServiceResponseMessage(sender_id=FRAMEWORK@Framework@0, receiver_id=fastran_000001@efit@3, request_msg_id=REQUEST|fastran_000001@efit@3|FRAMEWORK@Framework@0|68,status=0, args=(<ipsframework.cca_es_spec.Topic object at 0x14e1e1e0c250>,), message_id=RESPONSE|FRAMEWORK@Framework@0|fastran_000001@efit@3|599)
2026-02-12 12:35:04,762 fastran_eq0_efit_3 DEBUG    _invoke_service(): sendEvent  ('_IPS_MONITOR', 'PORTAL_EVENT', {'sim_name': 'fastran_000001', 'real_sim_name': 'fastran_000001', 'portal_data': {'code': 'fastran_eq0_efit', 'eventtype': 'IPS_STAGE_OUTPUTS', 'ok': True, 'walltime': '51.95', 'time': '2026-02-12|12:35:04PST', 'trace': {'timestamp': 1770928504730363, 'duration': 21326, 'localEndpoint': {'serviceName': 'stage_output_files'}, 'name': "['g*.*', 'a*.*', 'm*.*', 'k*.*', 'efit.log']", 'id': '7f2cccfefec01030', 'parentId': '52d72516e36dabde', 'tags': {}}, 'state': 'Running', 'comment': "Elapsed time = 0.021 Path = /pscratch/sd/y/yashu_gh/FREDA_KSTAR_2/ips-fastran/examples/far3d/example1/SCAN/simulation_results/preprocess_7/components/fastran_eq0_efit_3 Files = ['g*.*', 'a*.*', 'm*.*', 'k*.*', 'efit.log']"}})
2026-02-12 12:35:04,762 fastran_eq0_efit_3 DEBUG    _get_service_response(REQUEST|fastran_000001@efit@3|FRAMEWORK@Framework@0|69)
2026-02-12 12:35:04,773 fastran_eq0_efit_3 DEBUG    _get_service_response(REQUEST|fastran_000001@efit@3|FRAMEWORK@Framework@0|69), response = ServiceResponseMessage(sender_id=FRAMEWORK@Framework@0, receiver_id=fastran_000001@efit@3, request_msg_id=REQUEST|fastran_000001@efit@3|FRAMEWORK@Framework@0|69,status=0, args=(None,), message_id=RESPONSE|FRAMEWORK@Framework@0|fastran_000001@efit@3|600)
2026-02-12 12:35:04,785 fastran_driver_fastran_driver_2 DEBUG    _get_service_response(REQUEST|fastran_000001@fastran_driver@2|FRAMEWORK@Framework@0|228), response = ServiceResponseMessage(sender_id=FRAMEWORK@Framework@0, receiver_id=fastran_000001@fastran_driver@2, request_msg_id=REQUEST|fastran_000001@fastran_driver@2|FRAMEWORK@Framework@0|228,status=0, args=((None,),), message_id=RESPONSE|FRAMEWORK@Framework@0|fastran_000001@fastran_driver@2|601)
2026-02-12 12:35:04,785 fastran_driver_fastran_driver_2 DEBUG    _invoke_service(): getTopic  ('_IPS_MONITOR',)
2026-02-12 12:35:04,785 fastran_driver_fastran_driver_2 DEBUG    _get_service_response(REQUEST|fastran_000001@fastran_driver@2|FRAMEWORK@Framework@0|229)
2026-02-12 12:35:04,796 fastran_driver_fastran_driver_2 DEBUG    _get_service_response(REQUEST|fastran_000001@fastran_driver@2|FRAMEWORK@Framework@0|229), response = ServiceResponseMessage(sender_id=FRAMEWORK@Framework@0, receiver_id=fastran_000001@fastran_driver@2, request_msg_id=REQUEST|fastran_000001@fastran_driver@2|FRAMEWORK@Framework@0|229,status=0, args=(<ipsframework.cca_es_spec.Topic object at 0x14e1e9e3ad30>,), message_id=RESPONSE|FRAMEWORK@Framework@0|fastran_000001@fastran_driver@2|602)
2026-02-12 12:35:04,796 fastran_driver_fastran_driver_2 DEBUG    _invoke_service(): sendEvent  ('_IPS_MONITOR', 'PORTAL_EVENT', {'sim_name': 'fastran_000001', 'real_sim_name': 'fastran_000001', 'portal_data': {'code': 'fastran_driver_fastran_driver', 'eventtype': 'IPS_CALL_END', 'ok': True, 'walltime': '51.98', 'time': '2026-02-12|12:35:04PST', 'trace': {'timestamp': 1770928502718624, 'duration': 2066857, 'localEndpoint': {'serviceName': 'fastran_000001@efit@3'}, 'name': 'step(preprocess_7)', 'id': '52d72516e36dabde', 'parentId': '15e0663de819b9fa', 'tags': {}}, 'state': 'Running', 'comment': 'Target = fastran_000001@efit@3:step(preprocess_7)'}})
2026-02-12 12:35:04,796 fastran_driver_fastran_driver_2 DEBUG    _get_service_response(REQUEST|fastran_000001@fastran_driver@2|FRAMEWORK@Framework@0|230)
2026-02-12 12:35:04,807 fastran_driver_fastran_driver_2 DEBUG    _get_service_response(REQUEST|fastran_000001@fastran_driver@2|FRAMEWORK@Framework@0|230), response = ServiceResponseMessage(sender_id=FRAMEWORK@Framework@0, receiver_id=fastran_000001@fastran_driver@2, request_msg_id=REQUEST|fastran_000001@fastran_driver@2|FRAMEWORK@Framework@0|230,status=0, args=(None,), message_id=RESPONSE|FRAMEWORK@Framework@0|fastran_000001@fastran_driver@2|603)
2026-02-12 12:35:04,807 fastran_driver_fastran_driver_2 DEBUG    _invoke_service(): getTopic  ('_IPS_MONITOR',)
2026-02-12 12:35:04,807 fastran_driver_fastran_driver_2 DEBUG    _get_service_response(REQUEST|fastran_000001@fastran_driver@2|FRAMEWORK@Framework@0|231)
2026-02-12 12:35:04,818 fastran_driver_fastran_driver_2 DEBUG    _get_service_response(REQUEST|fastran_000001@fastran_driver@2|FRAMEWORK@Framework@0|231), response = ServiceResponseMessage(sender_id=FRAMEWORK@Framework@0, receiver_id=fastran_000001@fastran_driver@2, request_msg_id=REQUEST|fastran_000001@fastran_driver@2|FRAMEWORK@Framework@0|231,status=0, args=(<ipsframework.cca_es_spec.Topic object at 0x14e1e9e3ad90>,), message_id=RESPONSE|FRAMEWORK@Framework@0|fastran_000001@fastran_driver@2|604)
2026-02-12 12:35:04,818 fastran_driver_fastran_driver_2 DEBUG    _invoke_service(): sendEvent  ('_IPS_MONITOR', 'PORTAL_EVENT', {'sim_name': 'fastran_000001', 'real_sim_name': 'fastran_000001', 'portal_data': {'code': 'fastran_driver_fastran_driver', 'eventtype': 'IPS_CALL_BEGIN', 'ok': True, 'walltime': '52.01', 'time': '2026-02-12|12:35:04PST', 'state': 'Running', 'comment': 'Target = fastran_000001@fastran@4:step(preprocess_7)'}})
2026-02-12 12:35:04,818 fastran_driver_fastran_driver_2 DEBUG    _get_service_response(REQUEST|fastran_000001@fastran_driver@2|FRAMEWORK@Framework@0|232)
2026-02-12 12:35:04,829 fastran_driver_fastran_driver_2 DEBUG    _get_service_response(REQUEST|fastran_000001@fastran_driver@2|FRAMEWORK@Framework@0|232), response = ServiceResponseMessage(sender_id=FRAMEWORK@Framework@0, receiver_id=fastran_000001@fastran_driver@2, request_msg_id=REQUEST|fastran_000001@fastran_driver@2|FRAMEWORK@Framework@0|232,status=0, args=(None,), message_id=RESPONSE|FRAMEWORK@Framework@0|fastran_000001@fastran_driver@2|605)
2026-02-12 12:35:04,829 fastran_driver_fastran_driver_2 DEBUG    _invoke_service(): init_call  ('step', 'preprocess_7')
2026-02-12 12:35:04,829 fastran_driver_fastran_driver_2 DEBUG    _get_service_response(REQUEST|fastran_000001@fastran_driver@2|FRAMEWORK@Framework@0|233)
2026-02-12 12:35:04,830 fastran_tr0_fastran_4 DEBUG    Received Message 
2026-02-12 12:35:04,830 fastran_tr0_fastran_4 DEBUG    Calling method step(preprocess_7)
2026-02-12 12:35:04,830 fastran_tr0_fastran_4 DEBUG    _invoke_service(): stage_state  (['s000001.00001', 'g000001.00001', 'i000001.00001'], '/pscratch/sd/y/yashu_gh/FREDA_KSTAR_2/ips-fastran/examples/far3d/example1/SCAN/work/plasma_state', '/pscratch/sd/y/yashu_gh/FREDA_KSTAR_2/ips-fastran/examples/far3d/example1/SCAN/work/fastran_tr0_fastran_4')
2026-02-12 12:35:04,830 fastran_tr0_fastran_4 DEBUG    _get_service_response(REQUEST|fastran_000001@fastran@4|FRAMEWORK@Framework@0|112)
2026-02-12 12:35:04,840 fastran_driver_fastran_driver_2 DEBUG    _get_service_response(REQUEST|fastran_000001@fastran_driver@2|FRAMEWORK@Framework@0|233), response = ServiceResponseMessage(sender_id=FRAMEWORK@Framework@0, receiver_id=fastran_000001@fastran_driver@2, request_msg_id=REQUEST|fastran_000001@fastran_driver@2|FRAMEWORK@Framework@0|233,status=0, args=(41,), message_id=RESPONSE|FRAMEWORK@Framework@0|fastran_000001@fastran_driver@2|606)
2026-02-12 12:35:04,840 fastran_driver_fastran_driver_2 DEBUG    _invoke_service(): wait_call  (41, True)
2026-02-12 12:35:04,840 fastran_driver_fastran_driver_2 DEBUG    _get_service_response(REQUEST|fastran_000001@fastran_driver@2|FRAMEWORK@Framework@0|234)
2026-02-12 12:35:04,851 fastran_tr0_fastran_4 DEBUG    _get_service_response(REQUEST|fastran_000001@fastran@4|FRAMEWORK@Framework@0|112), response = ServiceResponseMessage(sender_id=FRAMEWORK@Framework@0, receiver_id=fastran_000001@fastran@4, request_msg_id=REQUEST|fastran_000001@fastran@4|FRAMEWORK@Framework@0|112,status=0, args=(0,), message_id=RESPONSE|FRAMEWORK@Framework@0|fastran_000001@fastran@4|607)
2026-02-12 12:35:04,851 fastran_tr0_fastran_4 DEBUG    _invoke_service(): getTopic  ('_IPS_MONITOR',)
2026-02-12 12:35:04,851 fastran_tr0_fastran_4 DEBUG    _get_service_response(REQUEST|fastran_000001@fastran@4|FRAMEWORK@Framework@0|113)
2026-02-12 12:35:04,862 fastran_tr0_fastran_4 DEBUG    _get_service_response(REQUEST|fastran_000001@fastran@4|FRAMEWORK@Framework@0|113), response = ServiceResponseMessage(sender_id=FRAMEWORK@Framework@0, receiver_id=fastran_000001@fastran@4, request_msg_id=REQUEST|fastran_000001@fastran@4|FRAMEWORK@Framework@0|113,status=0, args=(<ipsframework.cca_es_spec.Topic object at 0x14e1e1e1d850>,), message_id=RESPONSE|FRAMEWORK@Framework@0|fastran_000001@fastran@4|608)
2026-02-12 12:35:04,862 fastran_tr0_fastran_4 DEBUG    _invoke_service(): sendEvent  ('_IPS_MONITOR', 'PORTAL_EVENT', {'sim_name': 'fastran_000001', 'real_sim_name': 'fastran_000001', 'portal_data': {'code': 'fastran_tr0_fastran', 'eventtype': 'IPS_STAGE_STATE', 'ok': True, 'walltime': '52.05', 'time': '2026-02-12|12:35:04PST', 'trace': {'timestamp': 1770928504830496, 'duration': 20741, 'localEndpoint': {'serviceName': 'stage_state'}, 'name': "['s000001.00001', 'g000001.00001', 'i000001.00001']", 'id': '71885aecf25d7412', 'parentId': '41998ffc160a79fb', 'tags': {}}, 'state': 'Running', 'comment': 'Elapsed time = 0.021  files = s000001.00001 g000001.00001 i000001.00001 Success'}})
2026-02-12 12:35:04,862 fastran_tr0_fastran_4 DEBUG    _get_service_response(REQUEST|fastran_000001@fastran@4|FRAMEWORK@Framework@0|114)
2026-02-12 12:35:04,872 fastran_tr0_fastran_4 DEBUG    _get_service_response(REQUEST|fastran_000001@fastran@4|FRAMEWORK@Framework@0|114), response = ServiceResponseMessage(sender_id=FRAMEWORK@Framework@0, receiver_id=fastran_000001@fastran@4, request_msg_id=REQUEST|fastran_000001@fastran@4|FRAMEWORK@Framework@0|114,status=0, args=(None,), message_id=RESPONSE|FRAMEWORK@Framework@0|fastran_000001@fastran@4|609)
2026-02-12 12:35:04,881 fastran_tr0_fastran_4 DEBUG    _invoke_service(): getTopic  ('_IPS_MONITOR',)
2026-02-12 12:35:04,881 fastran_tr0_fastran_4 DEBUG    _get_service_response(REQUEST|fastran_000001@fastran@4|FRAMEWORK@Framework@0|115)
2026-02-12 12:35:04,892 fastran_tr0_fastran_4 DEBUG    _get_service_response(REQUEST|fastran_000001@fastran@4|FRAMEWORK@Framework@0|115), response = ServiceResponseMessage(sender_id=FRAMEWORK@Framework@0, receiver_id=fastran_000001@fastran@4, request_msg_id=REQUEST|fastran_000001@fastran@4|FRAMEWORK@Framework@0|115,status=0, args=(<ipsframework.cca_es_spec.Topic object at 0x14e1e9e61e50>,), message_id=RESPONSE|FRAMEWORK@Framework@0|fastran_000001@fastran@4|610)
2026-02-12 12:35:04,892 fastran_tr0_fastran_4 DEBUG    _invoke_service(): sendEvent  ('_IPS_MONITOR', 'PORTAL_EVENT', {'sim_name': 'fastran_000001', 'real_sim_name': 'fastran_000001', 'portal_data': {'code': 'fastran_tr0_fastran', 'eventtype': 'IPS_STAGE_INPUTS', 'ok': True, 'walltime': '52.08', 'time': '2026-02-12|12:35:04PST', 'trace': {'timestamp': 1770928504873183, 'duration': 8578, 'localEndpoint': {'serviceName': 'stage_input_files'}, 'name': 'infastran0 intglf', 'id': 'dca1af508bf5af99', 'parentId': '41998ffc160a79fb', 'tags': {}}, 'state': 'Running', 'comment': 'Elapsed time = 0.009 Path = /pscratch/sd/y/yashu_gh/FREDA_KSTAR_2/ips-fastran/examples/far3d/example1/input Files = infastran0 intglf'}})
2026-02-12 12:35:04,892 fastran_tr0_fastran_4 DEBUG    _get_service_response(REQUEST|fastran_000001@fastran@4|FRAMEWORK@Framework@0|116)
2026-02-12 12:35:04,902 fastran_tr0_fastran_4 DEBUG    _get_service_response(REQUEST|fastran_000001@fastran@4|FRAMEWORK@Framework@0|116), response = ServiceResponseMessage(sender_id=FRAMEWORK@Framework@0, receiver_id=fastran_000001@fastran@4, request_msg_id=REQUEST|fastran_000001@fastran@4|FRAMEWORK@Framework@0|116,status=0, args=(None,), message_id=RESPONSE|FRAMEWORK@Framework@0|fastran_000001@fastran@4|611)
2026-02-12 12:35:05,028 fastran_tr0_fastran_4 DEBUG    _invoke_service(): init_task  (TaskInit(nproc=1, binary='/global/common/software/atom/perlmutter/binaries/fastran/default/xfastran_ver1.00_ser', working_dir='/pscratch/sd/y/yashu_gh/FREDA_KSTAR_2/ips-fastran/examples/far3d/example1/SCAN/work/fastran_tr0_fastran_4', tppn=0, tcpp=0, tgpp=0, block=True, omp=False, wnodes=True, wsocks=True, cmd_args=('1', '1')),)
2026-02-12 12:35:05,029 fastran_tr0_fastran_4 DEBUG    _get_service_response(REQUEST|fastran_000001@fastran@4|FRAMEWORK@Framework@0|117)
2026-02-12 12:35:05,039 fastran_tr0_fastran_4 DEBUG    _get_service_response(REQUEST|fastran_000001@fastran@4|FRAMEWORK@Framework@0|117), response = ServiceResponseMessage(sender_id=FRAMEWORK@Framework@0, receiver_id=fastran_000001@fastran@4, request_msg_id=REQUEST|fastran_000001@fastran@4|FRAMEWORK@Framework@0|117,status=0, args=((9, 'srun -N 1 -n 1 -c 128 --threads-per-core=1 --cpu-bind=cores /global/common/software/atom/perlmutter/binaries/fastran/default/xfastran_ver1.00_ser 1 1', None, 128),), message_id=RESPONSE|FRAMEWORK@Framework@0|fastran_000001@fastran@4|612)
2026-02-12 12:35:05,041 fastran_tr0_fastran_4 DEBUG    Launching command : srun -N 1 -n 1 -c 128 --threads-per-core=1 --cpu-bind=cores /global/common/software/atom/perlmutter/binaries/fastran/default/xfastran_ver1.00_ser 1 1
2026-02-12 12:35:05,055 fastran_tr0_fastran_4 DEBUG    _invoke_service(): getTopic  ('_IPS_MONITOR',)
2026-02-12 12:35:05,055 fastran_tr0_fastran_4 DEBUG    _get_service_response(REQUEST|fastran_000001@fastran@4|FRAMEWORK@Framework@0|118)
2026-02-12 12:35:05,066 fastran_tr0_fastran_4 DEBUG    _get_service_response(REQUEST|fastran_000001@fastran@4|FRAMEWORK@Framework@0|118), response = ServiceResponseMessage(sender_id=FRAMEWORK@Framework@0, receiver_id=fastran_000001@fastran@4, request_msg_id=REQUEST|fastran_000001@fastran@4|FRAMEWORK@Framework@0|118,status=0, args=(<ipsframework.cca_es_spec.Topic object at 0x14e1e9e61be0>,), message_id=RESPONSE|FRAMEWORK@Framework@0|fastran_000001@fastran@4|613)
2026-02-12 12:35:05,066 fastran_tr0_fastran_4 DEBUG    _invoke_service(): sendEvent  ('_IPS_MONITOR', 'PORTAL_EVENT', {'sim_name': 'fastran_000001', 'real_sim_name': 'fastran_000001', 'portal_data': {'code': 'fastran_tr0_fastran', 'eventtype': 'IPS_LAUNCH_TASK', 'ok': True, 'walltime': '52.25', 'time': '2026-02-12|12:35:05PST', 'state': 'Running', 'comment': 'task_id = 9 , Tag = None , nproc = 1 , Target = srun -N 1 -n 1 -c 128 --threads-per-core=1 --cpu-bind=cores /global/common/software/atom/perlmutter/binaries/fastran/default/xfastran_ver1.00_ser 1 1'}})
2026-02-12 12:35:05,066 fastran_tr0_fastran_4 DEBUG    _get_service_response(REQUEST|fastran_000001@fastran@4|FRAMEWORK@Framework@0|119)
2026-02-12 12:35:05,077 fastran_tr0_fastran_4 DEBUG    _get_service_response(REQUEST|fastran_000001@fastran@4|FRAMEWORK@Framework@0|119), response = ServiceResponseMessage(sender_id=FRAMEWORK@Framework@0, receiver_id=fastran_000001@fastran@4, request_msg_id=REQUEST|fastran_000001@fastran@4|FRAMEWORK@Framework@0|119,status=0, args=(None,), message_id=RESPONSE|FRAMEWORK@Framework@0|fastran_000001@fastran@4|614)
2026-02-12 12:35:05,347 fastran_tr0_fastran_4 DEBUG    _invoke_service(): getTopic  ('_IPS_MONITOR',)
2026-02-12 12:35:05,347 fastran_tr0_fastran_4 DEBUG    _get_service_response(REQUEST|fastran_000001@fastran@4|FRAMEWORK@Framework@0|120)
2026-02-12 12:35:05,358 fastran_tr0_fastran_4 DEBUG    _get_service_response(REQUEST|fastran_000001@fastran@4|FRAMEWORK@Framework@0|120), response = ServiceResponseMessage(sender_id=FRAMEWORK@Framework@0, receiver_id=fastran_000001@fastran@4, request_msg_id=REQUEST|fastran_000001@fastran@4|FRAMEWORK@Framework@0|120,status=0, args=(<ipsframework.cca_es_spec.Topic object at 0x14e1e9e61a60>,), message_id=RESPONSE|FRAMEWORK@Framework@0|fastran_000001@fastran@4|616)
2026-02-12 12:35:05,358 fastran_tr0_fastran_4 DEBUG    _invoke_service(): sendEvent  ('_IPS_MONITOR', 'PORTAL_EVENT', {'sim_name': 'fastran_000001', 'real_sim_name': 'fastran_000001', 'portal_data': {'code': 'fastran_tr0_fastran', 'eventtype': 'IPS_TASK_END', 'ok': True, 'walltime': '52.54', 'time': '2026-02-12|12:35:05PST', 'trace': {'timestamp': 1770928505055201, 'duration': 292413, 'localEndpoint': {'serviceName': '/global/common/software/atom/perlmutter/binaries/fastran/default/xfastran_ver1.00_ser'}, 'name': '1 1', 'id': '327cc9c1bdde23f7', 'parentId': '41998ffc160a79fb', 'tags': {'procs_requested': '1', 'cores_allocated': '128'}}, 'state': 'Running', 'comment': 'task_id = 9  elapsed time = 0.29 S'}})
2026-02-12 12:35:05,358 fastran_tr0_fastran_4 DEBUG    _get_service_response(REQUEST|fastran_000001@fastran@4|FRAMEWORK@Framework@0|121)
2026-02-12 12:35:05,369 fastran_tr0_fastran_4 DEBUG    _get_service_response(REQUEST|fastran_000001@fastran@4|FRAMEWORK@Framework@0|121), response = ServiceResponseMessage(sender_id=FRAMEWORK@Framework@0, receiver_id=fastran_000001@fastran@4, request_msg_id=REQUEST|fastran_000001@fastran@4|FRAMEWORK@Framework@0|121,status=0, args=(None,), message_id=RESPONSE|FRAMEWORK@Framework@0|fastran_000001@fastran@4|617)
2026-02-12 12:35:05,369 fastran_tr0_fastran_4 DEBUG    _invoke_service(): finish_task  (9, 0)
2026-02-12 12:35:05,369 fastran_tr0_fastran_4 DEBUG    _get_service_response(REQUEST|fastran_000001@fastran@4|FRAMEWORK@Framework@0|122)
2026-02-12 12:35:05,380 fastran_tr0_fastran_4 DEBUG    _get_service_response(REQUEST|fastran_000001@fastran@4|FRAMEWORK@Framework@0|122), response = ServiceResponseMessage(sender_id=FRAMEWORK@Framework@0, receiver_id=fastran_000001@fastran@4, request_msg_id=REQUEST|fastran_000001@fastran@4|FRAMEWORK@Framework@0|122,status=0, args=(0,), message_id=RESPONSE|FRAMEWORK@Framework@0|fastran_000001@fastran@4|618)
2026-02-12 12:35:05,545 fastran_tr0_fastran_4 DEBUG    _invoke_service(): update_state  (['s000001.00001', 'g000001.00001', 'i000001.00001'], '/pscratch/sd/y/yashu_gh/FREDA_KSTAR_2/ips-fastran/examples/far3d/example1/SCAN/work/fastran_tr0_fastran_4', '/pscratch/sd/y/yashu_gh/FREDA_KSTAR_2/ips-fastran/examples/far3d/example1/SCAN/work/plasma_state')
2026-02-12 12:35:05,545 fastran_tr0_fastran_4 DEBUG    _get_service_response(REQUEST|fastran_000001@fastran@4|FRAMEWORK@Framework@0|123)
2026-02-12 12:35:05,565 fastran_tr0_fastran_4 DEBUG    _get_service_response(REQUEST|fastran_000001@fastran@4|FRAMEWORK@Framework@0|123), response = ServiceResponseMessage(sender_id=FRAMEWORK@Framework@0, receiver_id=fastran_000001@fastran@4, request_msg_id=REQUEST|fastran_000001@fastran@4|FRAMEWORK@Framework@0|123,status=0, args=(0,), message_id=RESPONSE|FRAMEWORK@Framework@0|fastran_000001@fastran@4|619)
2026-02-12 12:35:05,566 fastran_tr0_fastran_4 DEBUG    _invoke_service(): getTopic  ('_IPS_MONITOR',)
2026-02-12 12:35:05,566 fastran_tr0_fastran_4 DEBUG    _get_service_response(REQUEST|fastran_000001@fastran@4|FRAMEWORK@Framework@0|124)
2026-02-12 12:35:05,576 fastran_tr0_fastran_4 DEBUG    _get_service_response(REQUEST|fastran_000001@fastran@4|FRAMEWORK@Framework@0|124), response = ServiceResponseMessage(sender_id=FRAMEWORK@Framework@0, receiver_id=fastran_000001@fastran@4, request_msg_id=REQUEST|fastran_000001@fastran@4|FRAMEWORK@Framework@0|124,status=0, args=(<ipsframework.cca_es_spec.Topic object at 0x14e1e1e13730>,), message_id=RESPONSE|FRAMEWORK@Framework@0|fastran_000001@fastran@4|620)
2026-02-12 12:35:05,576 fastran_tr0_fastran_4 DEBUG    _invoke_service(): sendEvent  ('_IPS_MONITOR', 'PORTAL_EVENT', {'sim_name': 'fastran_000001', 'real_sim_name': 'fastran_000001', 'portal_data': {'code': 'fastran_tr0_fastran', 'eventtype': 'IPS_UPDATE_STATE', 'ok': True, 'walltime': '52.76', 'time': '2026-02-12|12:35:05PST', 'trace': {'timestamp': 1770928505545155, 'duration': 20844, 'localEndpoint': {'serviceName': 'update_state'}, 'name': "['s000001.00001', 'g000001.00001', 'i000001.00001']", 'id': '7629e189a66153c0', 'parentId': '41998ffc160a79fb', 'tags': {}}, 'state': 'Running', 'comment': 'Elapsed time = 0.021   files = s000001.00001 g000001.00001 i000001.00001 Success'}})
2026-02-12 12:35:05,576 fastran_tr0_fastran_4 DEBUG    _get_service_response(REQUEST|fastran_000001@fastran@4|FRAMEWORK@Framework@0|125)
2026-02-12 12:35:05,587 fastran_tr0_fastran_4 DEBUG    _get_service_response(REQUEST|fastran_000001@fastran@4|FRAMEWORK@Framework@0|125), response = ServiceResponseMessage(sender_id=FRAMEWORK@Framework@0, receiver_id=fastran_000001@fastran@4, request_msg_id=REQUEST|fastran_000001@fastran@4|FRAMEWORK@Framework@0|125,status=0, args=(None,), message_id=RESPONSE|FRAMEWORK@Framework@0|fastran_000001@fastran@4|621)
2026-02-12 12:35:05,608 fastran_tr0_fastran_4 DEBUG    _invoke_service(): getTopic  ('_IPS_MONITOR',)
2026-02-12 12:35:05,608 fastran_tr0_fastran_4 DEBUG    _get_service_response(REQUEST|fastran_000001@fastran@4|FRAMEWORK@Framework@0|126)
2026-02-12 12:35:05,619 fastran_tr0_fastran_4 DEBUG    _get_service_response(REQUEST|fastran_000001@fastran@4|FRAMEWORK@Framework@0|126), response = ServiceResponseMessage(sender_id=FRAMEWORK@Framework@0, receiver_id=fastran_000001@fastran@4, request_msg_id=REQUEST|fastran_000001@fastran@4|FRAMEWORK@Framework@0|126,status=0, args=(<ipsframework.cca_es_spec.Topic object at 0x14e1e1e13880>,), message_id=RESPONSE|FRAMEWORK@Framework@0|fastran_000001@fastran@4|623)
2026-02-12 12:35:05,619 fastran_tr0_fastran_4 DEBUG    _invoke_service(): sendEvent  ('_IPS_MONITOR', 'PORTAL_EVENT', {'sim_name': 'fastran_000001', 'real_sim_name': 'fastran_000001', 'portal_data': {'code': 'fastran_tr0_fastran', 'eventtype': 'IPS_STAGE_OUTPUTS', 'ok': True, 'walltime': '52.81', 'time': '2026-02-12|12:35:05PST', 'trace': {'timestamp': 1770928505587233, 'duration': 21240, 'localEndpoint': {'serviceName': 'stage_output_files'}, 'name': "['fastran.nc', 'inprof', 'inmetric', 'infastran', 'intglf', 'xfastran.log', 'i000001.00001']", 'id': '7349cfaaafc33980', 'parentId': '41998ffc160a79fb', 'tags': {}}, 'state': 'Running', 'comment': "Elapsed time = 0.021 Path = /pscratch/sd/y/yashu_gh/FREDA_KSTAR_2/ips-fastran/examples/far3d/example1/SCAN/simulation_results/preprocess_7/components/fastran_tr0_fastran_4 Files = ['fastran.nc', 'inprof', 'inmetric', 'infastran', 'intglf', 'xfastran.log', 'i000001.00001']"}})
2026-02-12 12:35:05,619 fastran_tr0_fastran_4 DEBUG    _get_service_response(REQUEST|fastran_000001@fastran@4|FRAMEWORK@Framework@0|127)
2026-02-12 12:35:05,629 fastran_tr0_fastran_4 DEBUG    _get_service_response(REQUEST|fastran_000001@fastran@4|FRAMEWORK@Framework@0|127), response = ServiceResponseMessage(sender_id=FRAMEWORK@Framework@0, receiver_id=fastran_000001@fastran@4, request_msg_id=REQUEST|fastran_000001@fastran@4|FRAMEWORK@Framework@0|127,status=0, args=(None,), message_id=RESPONSE|FRAMEWORK@Framework@0|fastran_000001@fastran@4|624)
2026-02-12 12:35:05,640 fastran_driver_fastran_driver_2 DEBUG    _get_service_response(REQUEST|fastran_000001@fastran_driver@2|FRAMEWORK@Framework@0|234), response = ServiceResponseMessage(sender_id=FRAMEWORK@Framework@0, receiver_id=fastran_000001@fastran_driver@2, request_msg_id=REQUEST|fastran_000001@fastran_driver@2|FRAMEWORK@Framework@0|234,status=0, args=((None,),), message_id=RESPONSE|FRAMEWORK@Framework@0|fastran_000001@fastran_driver@2|625)
2026-02-12 12:35:05,640 fastran_driver_fastran_driver_2 DEBUG    _invoke_service(): getTopic  ('_IPS_MONITOR',)
2026-02-12 12:35:05,640 fastran_driver_fastran_driver_2 DEBUG    _get_service_response(REQUEST|fastran_000001@fastran_driver@2|FRAMEWORK@Framework@0|235)
2026-02-12 12:35:05,651 fastran_driver_fastran_driver_2 DEBUG    _get_service_response(REQUEST|fastran_000001@fastran_driver@2|FRAMEWORK@Framework@0|235), response = ServiceResponseMessage(sender_id=FRAMEWORK@Framework@0, receiver_id=fastran_000001@fastran_driver@2, request_msg_id=REQUEST|fastran_000001@fastran_driver@2|FRAMEWORK@Framework@0|235,status=0, args=(<ipsframework.cca_es_spec.Topic object at 0x14e1e9e3ad30>,), message_id=RESPONSE|FRAMEWORK@Framework@0|fastran_000001@fastran_driver@2|626)
2026-02-12 12:35:05,651 fastran_driver_fastran_driver_2 DEBUG    _invoke_service(): sendEvent  ('_IPS_MONITOR', 'PORTAL_EVENT', {'sim_name': 'fastran_000001', 'real_sim_name': 'fastran_000001', 'portal_data': {'code': 'fastran_driver_fastran_driver', 'eventtype': 'IPS_CALL_END', 'ok': True, 'walltime': '52.84', 'time': '2026-02-12|12:35:05PST', 'trace': {'timestamp': 1770928504840439, 'duration': 799902, 'localEndpoint': {'serviceName': 'fastran_000001@fastran@4'}, 'name': 'step(preprocess_7)', 'id': '41998ffc160a79fb', 'parentId': '15e0663de819b9fa', 'tags': {}}, 'state': 'Running', 'comment': 'Target = fastran_000001@fastran@4:step(preprocess_7)'}})
2026-02-12 12:35:05,651 fastran_driver_fastran_driver_2 DEBUG    _get_service_response(REQUEST|fastran_000001@fastran_driver@2|FRAMEWORK@Framework@0|236)
2026-02-12 12:35:05,662 fastran_driver_fastran_driver_2 DEBUG    _get_service_response(REQUEST|fastran_000001@fastran_driver@2|FRAMEWORK@Framework@0|236), response = ServiceResponseMessage(sender_id=FRAMEWORK@Framework@0, receiver_id=fastran_000001@fastran_driver@2, request_msg_id=REQUEST|fastran_000001@fastran_driver@2|FRAMEWORK@Framework@0|236,status=0, args=(None,), message_id=RESPONSE|FRAMEWORK@Framework@0|fastran_000001@fastran_driver@2|627)
2026-02-12 12:35:05,662 fastran_driver_fastran_driver_2 DEBUG    _invoke_service(): getTopic  ('_IPS_MONITOR',)
2026-02-12 12:35:05,662 fastran_driver_fastran_driver_2 DEBUG    _get_service_response(REQUEST|fastran_000001@fastran_driver@2|FRAMEWORK@Framework@0|237)
2026-02-12 12:35:05,673 fastran_driver_fastran_driver_2 DEBUG    _get_service_response(REQUEST|fastran_000001@fastran_driver@2|FRAMEWORK@Framework@0|237), response = ServiceResponseMessage(sender_id=FRAMEWORK@Framework@0, receiver_id=fastran_000001@fastran_driver@2, request_msg_id=REQUEST|fastran_000001@fastran_driver@2|FRAMEWORK@Framework@0|237,status=0, args=(<ipsframework.cca_es_spec.Topic object at 0x14e1e9e3adc0>,), message_id=RESPONSE|FRAMEWORK@Framework@0|fastran_000001@fastran_driver@2|628)
2026-02-12 12:35:05,673 fastran_driver_fastran_driver_2 DEBUG    _invoke_service(): sendEvent  ('_IPS_MONITOR', 'PORTAL_EVENT', {'sim_name': 'fastran_000001', 'real_sim_name': 'fastran_000001', 'portal_data': {'code': 'fastran_driver_fastran_driver', 'eventtype': 'IPS_CALL_BEGIN', 'ok': True, 'walltime': '52.86', 'time': '2026-02-12|12:35:05PST', 'state': 'Running', 'comment': 'Target = fastran_000001@constraint_current@5:step(preprocess_7)'}})
2026-02-12 12:35:05,673 fastran_driver_fastran_driver_2 DEBUG    _get_service_response(REQUEST|fastran_000001@fastran_driver@2|FRAMEWORK@Framework@0|238)
2026-02-12 12:35:05,684 fastran_driver_fastran_driver_2 DEBUG    _get_service_response(REQUEST|fastran_000001@fastran_driver@2|FRAMEWORK@Framework@0|238), response = ServiceResponseMessage(sender_id=FRAMEWORK@Framework@0, receiver_id=fastran_000001@fastran_driver@2, request_msg_id=REQUEST|fastran_000001@fastran_driver@2|FRAMEWORK@Framework@0|238,status=0, args=(None,), message_id=RESPONSE|FRAMEWORK@Framework@0|fastran_000001@fastran_driver@2|629)
2026-02-12 12:35:05,684 fastran_driver_fastran_driver_2 DEBUG    _invoke_service(): init_call  ('step', 'preprocess_7')
2026-02-12 12:35:05,684 fastran_driver_fastran_driver_2 DEBUG    _get_service_response(REQUEST|fastran_000001@fastran_driver@2|FRAMEWORK@Framework@0|239)
2026-02-12 12:35:05,684 fastran_pre_constraint_current_5 DEBUG    Received Message 
2026-02-12 12:35:05,685 fastran_pre_constraint_current_5 DEBUG    Calling method step(preprocess_7)
2026-02-12 12:35:05,685 fastran_pre_constraint_current_5 DEBUG    _invoke_service(): stage_state  (['s000001.00001', 'g000001.00001', 'i000001.00001'], '/pscratch/sd/y/yashu_gh/FREDA_KSTAR_2/ips-fastran/examples/far3d/example1/SCAN/work/plasma_state', '/pscratch/sd/y/yashu_gh/FREDA_KSTAR_2/ips-fastran/examples/far3d/example1/SCAN/work/fastran_pre_constraint_current_5')
2026-02-12 12:35:05,685 fastran_pre_constraint_current_5 DEBUG    _get_service_response(REQUEST|fastran_000001@constraint_current@5|FRAMEWORK@Framework@0|70)
2026-02-12 12:35:05,695 fastran_driver_fastran_driver_2 DEBUG    _get_service_response(REQUEST|fastran_000001@fastran_driver@2|FRAMEWORK@Framework@0|239), response = ServiceResponseMessage(sender_id=FRAMEWORK@Framework@0, receiver_id=fastran_000001@fastran_driver@2, request_msg_id=REQUEST|fastran_000001@fastran_driver@2|FRAMEWORK@Framework@0|239,status=0, args=(42,), message_id=RESPONSE|FRAMEWORK@Framework@0|fastran_000001@fastran_driver@2|630)
2026-02-12 12:35:05,695 fastran_driver_fastran_driver_2 DEBUG    _invoke_service(): wait_call  (42, True)
2026-02-12 12:35:05,695 fastran_driver_fastran_driver_2 DEBUG    _get_service_response(REQUEST|fastran_000001@fastran_driver@2|FRAMEWORK@Framework@0|240)
2026-02-12 12:35:05,707 fastran_pre_constraint_current_5 DEBUG    _get_service_response(REQUEST|fastran_000001@constraint_current@5|FRAMEWORK@Framework@0|70), response = ServiceResponseMessage(sender_id=FRAMEWORK@Framework@0, receiver_id=fastran_000001@constraint_current@5, request_msg_id=REQUEST|fastran_000001@constraint_current@5|FRAMEWORK@Framework@0|70,status=0, args=(0,), message_id=RESPONSE|FRAMEWORK@Framework@0|fastran_000001@constraint_current@5|631)
2026-02-12 12:35:05,707 fastran_pre_constraint_current_5 DEBUG    _invoke_service(): getTopic  ('_IPS_MONITOR',)
2026-02-12 12:35:05,707 fastran_pre_constraint_current_5 DEBUG    _get_service_response(REQUEST|fastran_000001@constraint_current@5|FRAMEWORK@Framework@0|71)
2026-02-12 12:35:05,717 fastran_pre_constraint_current_5 DEBUG    _get_service_response(REQUEST|fastran_000001@constraint_current@5|FRAMEWORK@Framework@0|71), response = ServiceResponseMessage(sender_id=FRAMEWORK@Framework@0, receiver_id=fastran_000001@constraint_current@5, request_msg_id=REQUEST|fastran_000001@constraint_current@5|FRAMEWORK@Framework@0|71,status=0, args=(<ipsframework.cca_es_spec.Topic object at 0x14e1e9e68d60>,), message_id=RESPONSE|FRAMEWORK@Framework@0|fastran_000001@constraint_current@5|632)
2026-02-12 12:35:05,717 fastran_pre_constraint_current_5 DEBUG    _invoke_service(): sendEvent  ('_IPS_MONITOR', 'PORTAL_EVENT', {'sim_name': 'fastran_000001', 'real_sim_name': 'fastran_000001', 'portal_data': {'code': 'fastran_pre_constraint_current', 'eventtype': 'IPS_STAGE_STATE', 'ok': True, 'walltime': '52.90', 'time': '2026-02-12|12:35:05PST', 'trace': {'timestamp': 1770928505685208, 'duration': 22117, 'localEndpoint': {'serviceName': 'stage_state'}, 'name': "['s000001.00001', 'g000001.00001', 'i000001.00001']", 'id': '71885aecf25d7412', 'parentId': '1fb68a252a6ce751', 'tags': {}}, 'state': 'Running', 'comment': 'Elapsed time = 0.022  files = s000001.00001 g000001.00001 i000001.00001 Success'}})
2026-02-12 12:35:05,718 fastran_pre_constraint_current_5 DEBUG    _get_service_response(REQUEST|fastran_000001@constraint_current@5|FRAMEWORK@Framework@0|72)
2026-02-12 12:35:05,728 fastran_pre_constraint_current_5 DEBUG    _get_service_response(REQUEST|fastran_000001@constraint_current@5|FRAMEWORK@Framework@0|72), response = ServiceResponseMessage(sender_id=FRAMEWORK@Framework@0, receiver_id=fastran_000001@constraint_current@5, request_msg_id=REQUEST|fastran_000001@constraint_current@5|FRAMEWORK@Framework@0|72,status=0, args=(None,), message_id=RESPONSE|FRAMEWORK@Framework@0|fastran_000001@constraint_current@5|633)
2026-02-12 12:35:05,728 fastran_pre_constraint_current_5 DEBUG    _invoke_service(): getTopic  ('_IPS_MONITOR',)
2026-02-12 12:35:05,728 fastran_pre_constraint_current_5 DEBUG    _get_service_response(REQUEST|fastran_000001@constraint_current@5|FRAMEWORK@Framework@0|73)
2026-02-12 12:35:05,739 fastran_pre_constraint_current_5 DEBUG    _get_service_response(REQUEST|fastran_000001@constraint_current@5|FRAMEWORK@Framework@0|73), response = ServiceResponseMessage(sender_id=FRAMEWORK@Framework@0, receiver_id=fastran_000001@constraint_current@5, request_msg_id=REQUEST|fastran_000001@constraint_current@5|FRAMEWORK@Framework@0|73,status=0, args=(<ipsframework.cca_es_spec.Topic object at 0x14e1e9e6a0a0>,), message_id=RESPONSE|FRAMEWORK@Framework@0|fastran_000001@constraint_current@5|634)
2026-02-12 12:35:05,739 fastran_pre_constraint_current_5 DEBUG    _invoke_service(): sendEvent  ('_IPS_MONITOR', 'PORTAL_EVENT', {'sim_name': 'fastran_000001', 'real_sim_name': 'fastran_000001', 'portal_data': {'code': 'fastran_pre_constraint_current', 'eventtype': 'IPS_STAGE_INPUTS', 'ok': True, 'walltime': '52.93', 'time': '2026-02-12|12:35:05PST', 'trace': {'timestamp': 1770928505728792, 'duration': 69, 'localEndpoint': {'serviceName': 'stage_input_files'}, 'name': '', 'id': 'e70cb59b389672bf', 'parentId': '1fb68a252a6ce751', 'tags': {}}, 'state': 'Running', 'comment': 'Elapsed time = 0.000 Path = /pscratch/sd/y/yashu_gh/FREDA_KSTAR_2/ips-fastran/examples/far3d/example1/input Files = '}})
2026-02-12 12:35:05,739 fastran_pre_constraint_current_5 DEBUG    _get_service_response(REQUEST|fastran_000001@constraint_current@5|FRAMEWORK@Framework@0|74)
2026-02-12 12:35:05,750 fastran_pre_constraint_current_5 DEBUG    _get_service_response(REQUEST|fastran_000001@constraint_current@5|FRAMEWORK@Framework@0|74), response = ServiceResponseMessage(sender_id=FRAMEWORK@Framework@0, receiver_id=fastran_000001@constraint_current@5, request_msg_id=REQUEST|fastran_000001@constraint_current@5|FRAMEWORK@Framework@0|74,status=0, args=(None,), message_id=RESPONSE|FRAMEWORK@Framework@0|fastran_000001@constraint_current@5|635)
2026-02-12 12:35:05,856 fastran_pre_constraint_current_5 DEBUG    _invoke_service(): update_state  (['s000001.00001', 'g000001.00001', 'i000001.00001'], '/pscratch/sd/y/yashu_gh/FREDA_KSTAR_2/ips-fastran/examples/far3d/example1/SCAN/work/fastran_pre_constraint_current_5', '/pscratch/sd/y/yashu_gh/FREDA_KSTAR_2/ips-fastran/examples/far3d/example1/SCAN/work/plasma_state')
2026-02-12 12:35:05,856 fastran_pre_constraint_current_5 DEBUG    _get_service_response(REQUEST|fastran_000001@constraint_current@5|FRAMEWORK@Framework@0|75)
2026-02-12 12:35:05,877 fastran_pre_constraint_current_5 DEBUG    _get_service_response(REQUEST|fastran_000001@constraint_current@5|FRAMEWORK@Framework@0|75), response = ServiceResponseMessage(sender_id=FRAMEWORK@Framework@0, receiver_id=fastran_000001@constraint_current@5, request_msg_id=REQUEST|fastran_000001@constraint_current@5|FRAMEWORK@Framework@0|75,status=0, args=(0,), message_id=RESPONSE|FRAMEWORK@Framework@0|fastran_000001@constraint_current@5|636)
2026-02-12 12:35:05,878 fastran_pre_constraint_current_5 DEBUG    _invoke_service(): getTopic  ('_IPS_MONITOR',)
2026-02-12 12:35:05,878 fastran_pre_constraint_current_5 DEBUG    _get_service_response(REQUEST|fastran_000001@constraint_current@5|FRAMEWORK@Framework@0|76)
2026-02-12 12:35:05,888 fastran_pre_constraint_current_5 DEBUG    _get_service_response(REQUEST|fastran_000001@constraint_current@5|FRAMEWORK@Framework@0|76), response = ServiceResponseMessage(sender_id=FRAMEWORK@Framework@0, receiver_id=fastran_000001@constraint_current@5, request_msg_id=REQUEST|fastran_000001@constraint_current@5|FRAMEWORK@Framework@0|76,status=0, args=(<ipsframework.cca_es_spec.Topic object at 0x14e1e9e6a070>,), message_id=RESPONSE|FRAMEWORK@Framework@0|fastran_000001@constraint_current@5|637)
2026-02-12 12:35:05,888 fastran_pre_constraint_current_5 DEBUG    _invoke_service(): sendEvent  ('_IPS_MONITOR', 'PORTAL_EVENT', {'sim_name': 'fastran_000001', 'real_sim_name': 'fastran_000001', 'portal_data': {'code': 'fastran_pre_constraint_current', 'eventtype': 'IPS_UPDATE_STATE', 'ok': True, 'walltime': '53.08', 'time': '2026-02-12|12:35:05PST', 'trace': {'timestamp': 1770928505855890, 'duration': 22053, 'localEndpoint': {'serviceName': 'update_state'}, 'name': "['s000001.00001', 'g000001.00001', 'i000001.00001']", 'id': '7629e189a66153c0', 'parentId': '1fb68a252a6ce751', 'tags': {}}, 'state': 'Running', 'comment': 'Elapsed time = 0.022   files = s000001.00001 g000001.00001 i000001.00001 Success'}})
2026-02-12 12:35:05,888 fastran_pre_constraint_current_5 DEBUG    _get_service_response(REQUEST|fastran_000001@constraint_current@5|FRAMEWORK@Framework@0|77)
2026-02-12 12:35:05,899 fastran_pre_constraint_current_5 DEBUG    _get_service_response(REQUEST|fastran_000001@constraint_current@5|FRAMEWORK@Framework@0|77), response = ServiceResponseMessage(sender_id=FRAMEWORK@Framework@0, receiver_id=fastran_000001@constraint_current@5, request_msg_id=REQUEST|fastran_000001@constraint_current@5|FRAMEWORK@Framework@0|77,status=0, args=(None,), message_id=RESPONSE|FRAMEWORK@Framework@0|fastran_000001@constraint_current@5|638)
2026-02-12 12:35:05,899 fastran_pre_constraint_current_5 DEBUG    _invoke_service(): getTopic  ('_IPS_MONITOR',)
2026-02-12 12:35:05,899 fastran_pre_constraint_current_5 DEBUG    _get_service_response(REQUEST|fastran_000001@constraint_current@5|FRAMEWORK@Framework@0|78)
2026-02-12 12:35:05,910 fastran_pre_constraint_current_5 DEBUG    _get_service_response(REQUEST|fastran_000001@constraint_current@5|FRAMEWORK@Framework@0|78), response = ServiceResponseMessage(sender_id=FRAMEWORK@Framework@0, receiver_id=fastran_000001@constraint_current@5, request_msg_id=REQUEST|fastran_000001@constraint_current@5|FRAMEWORK@Framework@0|78,status=0, args=(<ipsframework.cca_es_spec.Topic object at 0x14e1e9e6a220>,), message_id=RESPONSE|FRAMEWORK@Framework@0|fastran_000001@constraint_current@5|639)
2026-02-12 12:35:05,910 fastran_pre_constraint_current_5 DEBUG    _invoke_service(): sendEvent  ('_IPS_MONITOR', 'PORTAL_EVENT', {'sim_name': 'fastran_000001', 'real_sim_name': 'fastran_000001', 'portal_data': {'code': 'fastran_pre_constraint_current', 'eventtype': 'IPS_STAGE_OUTPUTS', 'ok': True, 'walltime': '53.10', 'time': '2026-02-12|12:35:05PST', 'trace': {'timestamp': 1770928505899228, 'duration': 239, 'localEndpoint': {'serviceName': 'stage_output_files'}, 'name': '[]', 'id': 'ed019efe11be26d9', 'parentId': '1fb68a252a6ce751', 'tags': {}}, 'state': 'Running', 'comment': 'Elapsed time = 0.000 Path = /pscratch/sd/y/yashu_gh/FREDA_KSTAR_2/ips-fastran/examples/far3d/example1/SCAN/simulation_results/preprocess_7/components/fastran_pre_constraint_current_5 Files = []'}})
2026-02-12 12:35:05,910 fastran_pre_constraint_current_5 DEBUG    _get_service_response(REQUEST|fastran_000001@constraint_current@5|FRAMEWORK@Framework@0|79)
2026-02-12 12:35:05,920 fastran_pre_constraint_current_5 DEBUG    _get_service_response(REQUEST|fastran_000001@constraint_current@5|FRAMEWORK@Framework@0|79), response = ServiceResponseMessage(sender_id=FRAMEWORK@Framework@0, receiver_id=fastran_000001@constraint_current@5, request_msg_id=REQUEST|fastran_000001@constraint_current@5|FRAMEWORK@Framework@0|79,status=0, args=(None,), message_id=RESPONSE|FRAMEWORK@Framework@0|fastran_000001@constraint_current@5|640)
2026-02-12 12:35:05,931 fastran_driver_fastran_driver_2 DEBUG    _get_service_response(REQUEST|fastran_000001@fastran_driver@2|FRAMEWORK@Framework@0|240), response = ServiceResponseMessage(sender_id=FRAMEWORK@Framework@0, receiver_id=fastran_000001@fastran_driver@2, request_msg_id=REQUEST|fastran_000001@fastran_driver@2|FRAMEWORK@Framework@0|240,status=0, args=((None,),), message_id=RESPONSE|FRAMEWORK@Framework@0|fastran_000001@fastran_driver@2|641)
2026-02-12 12:35:05,931 fastran_driver_fastran_driver_2 DEBUG    _invoke_service(): getTopic  ('_IPS_MONITOR',)
2026-02-12 12:35:05,931 fastran_driver_fastran_driver_2 DEBUG    _get_service_response(REQUEST|fastran_000001@fastran_driver@2|FRAMEWORK@Framework@0|241)
2026-02-12 12:35:05,942 fastran_driver_fastran_driver_2 DEBUG    _get_service_response(REQUEST|fastran_000001@fastran_driver@2|FRAMEWORK@Framework@0|241), response = ServiceResponseMessage(sender_id=FRAMEWORK@Framework@0, receiver_id=fastran_000001@fastran_driver@2, request_msg_id=REQUEST|fastran_000001@fastran_driver@2|FRAMEWORK@Framework@0|241,status=0, args=(<ipsframework.cca_es_spec.Topic object at 0x14e1e9e3ad30>,), message_id=RESPONSE|FRAMEWORK@Framework@0|fastran_000001@fastran_driver@2|642)
2026-02-12 12:35:05,942 fastran_driver_fastran_driver_2 DEBUG    _invoke_service(): sendEvent  ('_IPS_MONITOR', 'PORTAL_EVENT', {'sim_name': 'fastran_000001', 'real_sim_name': 'fastran_000001', 'portal_data': {'code': 'fastran_driver_fastran_driver', 'eventtype': 'IPS_CALL_END', 'ok': True, 'walltime': '53.13', 'time': '2026-02-12|12:35:05PST', 'trace': {'timestamp': 1770928505695134, 'duration': 236449, 'localEndpoint': {'serviceName': 'fastran_000001@constraint_current@5'}, 'name': 'step(preprocess_7)', 'id': '1fb68a252a6ce751', 'parentId': '15e0663de819b9fa', 'tags': {}}, 'state': 'Running', 'comment': 'Target = fastran_000001@constraint_current@5:step(preprocess_7)'}})
2026-02-12 12:35:05,942 fastran_driver_fastran_driver_2 DEBUG    _get_service_response(REQUEST|fastran_000001@fastran_driver@2|FRAMEWORK@Framework@0|242)
2026-02-12 12:35:05,953 fastran_driver_fastran_driver_2 DEBUG    _get_service_response(REQUEST|fastran_000001@fastran_driver@2|FRAMEWORK@Framework@0|242), response = ServiceResponseMessage(sender_id=FRAMEWORK@Framework@0, receiver_id=fastran_000001@fastran_driver@2, request_msg_id=REQUEST|fastran_000001@fastran_driver@2|FRAMEWORK@Framework@0|242,status=0, args=(None,), message_id=RESPONSE|FRAMEWORK@Framework@0|fastran_000001@fastran_driver@2|643)
2026-02-12 12:35:05,954 fastran_driver_fastran_driver_2 DEBUG    _invoke_service(): getTopic  ('_IPS_MONITOR',)
2026-02-12 12:35:05,954 fastran_driver_fastran_driver_2 DEBUG    _get_service_response(REQUEST|fastran_000001@fastran_driver@2|FRAMEWORK@Framework@0|243)
2026-02-12 12:35:05,964 fastran_driver_fastran_driver_2 DEBUG    _get_service_response(REQUEST|fastran_000001@fastran_driver@2|FRAMEWORK@Framework@0|243), response = ServiceResponseMessage(sender_id=FRAMEWORK@Framework@0, receiver_id=fastran_000001@fastran_driver@2, request_msg_id=REQUEST|fastran_000001@fastran_driver@2|FRAMEWORK@Framework@0|243,status=0, args=(<ipsframework.cca_es_spec.Topic object at 0x14e1e9e3aca0>,), message_id=RESPONSE|FRAMEWORK@Framework@0|fastran_000001@fastran_driver@2|644)
2026-02-12 12:35:05,964 fastran_driver_fastran_driver_2 DEBUG    _invoke_service(): sendEvent  ('_IPS_MONITOR', 'PORTALBRIDGE_UPDATE_TIMESTAMP', {'sim_name': 'fastran_000001', 'real_sim_name': 'fastran_000001', 'portal_data': {'phystimestamp': 'preprocess_8', 'eventtype': 'PORTALBRIDGE_UPDATE_TIMESTAMP'}})
2026-02-12 12:35:05,965 fastran_driver_fastran_driver_2 DEBUG    _get_service_response(REQUEST|fastran_000001@fastran_driver@2|FRAMEWORK@Framework@0|244)
2026-02-12 12:35:05,975 fastran_driver_fastran_driver_2 DEBUG    _get_service_response(REQUEST|fastran_000001@fastran_driver@2|FRAMEWORK@Framework@0|244), response = ServiceResponseMessage(sender_id=FRAMEWORK@Framework@0, receiver_id=fastran_000001@fastran_driver@2, request_msg_id=REQUEST|fastran_000001@fastran_driver@2|FRAMEWORK@Framework@0|244,status=0, args=(None,), message_id=RESPONSE|FRAMEWORK@Framework@0|fastran_000001@fastran_driver@2|645)
2026-02-12 12:35:05,976 fastran_driver_fastran_driver_2 DEBUG    _invoke_service(): getTopic  ('_IPS_MONITOR',)
2026-02-12 12:35:05,976 fastran_driver_fastran_driver_2 DEBUG    _get_service_response(REQUEST|fastran_000001@fastran_driver@2|FRAMEWORK@Framework@0|245)
2026-02-12 12:35:05,986 fastran_driver_fastran_driver_2 DEBUG    _get_service_response(REQUEST|fastran_000001@fastran_driver@2|FRAMEWORK@Framework@0|245), response = ServiceResponseMessage(sender_id=FRAMEWORK@Framework@0, receiver_id=fastran_000001@fastran_driver@2, request_msg_id=REQUEST|fastran_000001@fastran_driver@2|FRAMEWORK@Framework@0|245,status=0, args=(<ipsframework.cca_es_spec.Topic object at 0x14e1e9e3adf0>,), message_id=RESPONSE|FRAMEWORK@Framework@0|fastran_000001@fastran_driver@2|646)
2026-02-12 12:35:05,986 fastran_driver_fastran_driver_2 DEBUG    _invoke_service(): sendEvent  ('_IPS_MONITOR', 'PORTAL_EVENT', {'sim_name': 'fastran_000001', 'real_sim_name': 'fastran_000001', 'portal_data': {'code': 'fastran_driver_fastran_driver', 'eventtype': 'IPS_UPDATE_TIME_STAMP', 'ok': True, 'walltime': '53.17', 'time': '2026-02-12|12:35:05PST', 'state': 'Running', 'comment': 'Timestamp = preprocess_8'}})
2026-02-12 12:35:05,987 fastran_driver_fastran_driver_2 DEBUG    _get_service_response(REQUEST|fastran_000001@fastran_driver@2|FRAMEWORK@Framework@0|246)
2026-02-12 12:35:05,997 fastran_driver_fastran_driver_2 DEBUG    _get_service_response(REQUEST|fastran_000001@fastran_driver@2|FRAMEWORK@Framework@0|246), response = ServiceResponseMessage(sender_id=FRAMEWORK@Framework@0, receiver_id=fastran_000001@fastran_driver@2, request_msg_id=REQUEST|fastran_000001@fastran_driver@2|FRAMEWORK@Framework@0|246,status=0, args=(None,), message_id=RESPONSE|FRAMEWORK@Framework@0|fastran_000001@fastran_driver@2|647)
2026-02-12 12:35:05,998 fastran_driver_fastran_driver_2 DEBUG    _invoke_service(): getTopic  ('_IPS_MONITOR',)
2026-02-12 12:35:05,998 fastran_driver_fastran_driver_2 DEBUG    _get_service_response(REQUEST|fastran_000001@fastran_driver@2|FRAMEWORK@Framework@0|247)
2026-02-12 12:35:06,008 fastran_driver_fastran_driver_2 DEBUG    _get_service_response(REQUEST|fastran_000001@fastran_driver@2|FRAMEWORK@Framework@0|247), response = ServiceResponseMessage(sender_id=FRAMEWORK@Framework@0, receiver_id=fastran_000001@fastran_driver@2, request_msg_id=REQUEST|fastran_000001@fastran_driver@2|FRAMEWORK@Framework@0|247,status=0, args=(<ipsframework.cca_es_spec.Topic object at 0x14e1e9e3ad30>,), message_id=RESPONSE|FRAMEWORK@Framework@0|fastran_000001@fastran_driver@2|648)
2026-02-12 12:35:06,008 fastran_driver_fastran_driver_2 DEBUG    _invoke_service(): sendEvent  ('_IPS_MONITOR', 'PORTAL_EVENT', {'sim_name': 'fastran_000001', 'real_sim_name': 'fastran_000001', 'portal_data': {'code': 'fastran_driver_fastran_driver', 'eventtype': 'IPS_CALL_BEGIN', 'ok': True, 'walltime': '53.20', 'time': '2026-02-12|12:35:05PST', 'state': 'Running', 'comment': 'Target = fastran_000001@efit@3:step(preprocess_8)'}})
2026-02-12 12:35:06,009 fastran_driver_fastran_driver_2 DEBUG    _get_service_response(REQUEST|fastran_000001@fastran_driver@2|FRAMEWORK@Framework@0|248)
2026-02-12 12:35:06,019 fastran_driver_fastran_driver_2 DEBUG    _get_service_response(REQUEST|fastran_000001@fastran_driver@2|FRAMEWORK@Framework@0|248), response = ServiceResponseMessage(sender_id=FRAMEWORK@Framework@0, receiver_id=fastran_000001@fastran_driver@2, request_msg_id=REQUEST|fastran_000001@fastran_driver@2|FRAMEWORK@Framework@0|248,status=0, args=(None,), message_id=RESPONSE|FRAMEWORK@Framework@0|fastran_000001@fastran_driver@2|649)
2026-02-12 12:35:06,019 fastran_driver_fastran_driver_2 DEBUG    _invoke_service(): init_call  ('step', 'preprocess_8')
2026-02-12 12:35:06,020 fastran_driver_fastran_driver_2 DEBUG    _get_service_response(REQUEST|fastran_000001@fastran_driver@2|FRAMEWORK@Framework@0|249)
2026-02-12 12:35:06,020 fastran_eq0_efit_3 DEBUG    Received Message 
2026-02-12 12:35:06,020 fastran_eq0_efit_3 DEBUG    Calling method step(preprocess_8)
2026-02-12 12:35:06,021 fastran_eq0_efit_3 DEBUG    _invoke_service(): stage_state  (['s000001.00001', 'g000001.00001', 'i000001.00001'], '/pscratch/sd/y/yashu_gh/FREDA_KSTAR_2/ips-fastran/examples/far3d/example1/SCAN/work/plasma_state', '/pscratch/sd/y/yashu_gh/FREDA_KSTAR_2/ips-fastran/examples/far3d/example1/SCAN/work/fastran_eq0_efit_3')
2026-02-12 12:35:06,021 fastran_eq0_efit_3 DEBUG    _get_service_response(REQUEST|fastran_000001@efit@3|FRAMEWORK@Framework@0|70)
2026-02-12 12:35:06,030 fastran_driver_fastran_driver_2 DEBUG    _get_service_response(REQUEST|fastran_000001@fastran_driver@2|FRAMEWORK@Framework@0|249), response = ServiceResponseMessage(sender_id=FRAMEWORK@Framework@0, receiver_id=fastran_000001@fastran_driver@2, request_msg_id=REQUEST|fastran_000001@fastran_driver@2|FRAMEWORK@Framework@0|249,status=0, args=(43,), message_id=RESPONSE|FRAMEWORK@Framework@0|fastran_000001@fastran_driver@2|650)
2026-02-12 12:35:06,030 fastran_driver_fastran_driver_2 DEBUG    _invoke_service(): wait_call  (43, True)
2026-02-12 12:35:06,030 fastran_driver_fastran_driver_2 DEBUG    _get_service_response(REQUEST|fastran_000001@fastran_driver@2|FRAMEWORK@Framework@0|250)
2026-02-12 12:35:06,042 fastran_eq0_efit_3 DEBUG    _get_service_response(REQUEST|fastran_000001@efit@3|FRAMEWORK@Framework@0|70), response = ServiceResponseMessage(sender_id=FRAMEWORK@Framework@0, receiver_id=fastran_000001@efit@3, request_msg_id=REQUEST|fastran_000001@efit@3|FRAMEWORK@Framework@0|70,status=0, args=(0,), message_id=RESPONSE|FRAMEWORK@Framework@0|fastran_000001@efit@3|651)
2026-02-12 12:35:06,043 fastran_eq0_efit_3 DEBUG    _invoke_service(): getTopic  ('_IPS_MONITOR',)
2026-02-12 12:35:06,043 fastran_eq0_efit_3 DEBUG    _get_service_response(REQUEST|fastran_000001@efit@3|FRAMEWORK@Framework@0|71)
2026-02-12 12:35:06,053 fastran_eq0_efit_3 DEBUG    _get_service_response(REQUEST|fastran_000001@efit@3|FRAMEWORK@Framework@0|71), response = ServiceResponseMessage(sender_id=FRAMEWORK@Framework@0, receiver_id=fastran_000001@efit@3, request_msg_id=REQUEST|fastran_000001@efit@3|FRAMEWORK@Framework@0|71,status=0, args=(<ipsframework.cca_es_spec.Topic object at 0x14e1e9e45f40>,), message_id=RESPONSE|FRAMEWORK@Framework@0|fastran_000001@efit@3|652)
2026-02-12 12:35:06,053 fastran_eq0_efit_3 DEBUG    _invoke_service(): sendEvent  ('_IPS_MONITOR', 'PORTAL_EVENT', {'sim_name': 'fastran_000001', 'real_sim_name': 'fastran_000001', 'portal_data': {'code': 'fastran_eq0_efit', 'eventtype': 'IPS_STAGE_STATE', 'ok': True, 'walltime': '53.24', 'time': '2026-02-12|12:35:06PST', 'trace': {'timestamp': 1770928506021239, 'duration': 21866, 'localEndpoint': {'serviceName': 'stage_state'}, 'name': "['s000001.00001', 'g000001.00001', 'i000001.00001']", 'id': '71885aecf25d7412', 'parentId': 'f36181861964a33a', 'tags': {}}, 'state': 'Running', 'comment': 'Elapsed time = 0.022  files = s000001.00001 g000001.00001 i000001.00001 Success'}})
2026-02-12 12:35:06,054 fastran_eq0_efit_3 DEBUG    _get_service_response(REQUEST|fastran_000001@efit@3|FRAMEWORK@Framework@0|72)
2026-02-12 12:35:06,064 fastran_eq0_efit_3 DEBUG    _get_service_response(REQUEST|fastran_000001@efit@3|FRAMEWORK@Framework@0|72), response = ServiceResponseMessage(sender_id=FRAMEWORK@Framework@0, receiver_id=fastran_000001@efit@3, request_msg_id=REQUEST|fastran_000001@efit@3|FRAMEWORK@Framework@0|72,status=0, args=(None,), message_id=RESPONSE|FRAMEWORK@Framework@0|fastran_000001@efit@3|653)
2026-02-12 12:35:07,983 fastran_eq0_efit_3 DEBUG    _invoke_service(): update_state  (['s000001.00001', 'g000001.00001', 'i000001.00001'], '/pscratch/sd/y/yashu_gh/FREDA_KSTAR_2/ips-fastran/examples/far3d/example1/SCAN/work/fastran_eq0_efit_3', '/pscratch/sd/y/yashu_gh/FREDA_KSTAR_2/ips-fastran/examples/far3d/example1/SCAN/work/plasma_state')
2026-02-12 12:35:07,983 fastran_eq0_efit_3 DEBUG    _get_service_response(REQUEST|fastran_000001@efit@3|FRAMEWORK@Framework@0|73)
2026-02-12 12:35:08,005 fastran_eq0_efit_3 DEBUG    _get_service_response(REQUEST|fastran_000001@efit@3|FRAMEWORK@Framework@0|73), response = ServiceResponseMessage(sender_id=FRAMEWORK@Framework@0, receiver_id=fastran_000001@efit@3, request_msg_id=REQUEST|fastran_000001@efit@3|FRAMEWORK@Framework@0|73,status=0, args=(0,), message_id=RESPONSE|FRAMEWORK@Framework@0|fastran_000001@efit@3|658)
2026-02-12 12:35:08,006 fastran_eq0_efit_3 DEBUG    _invoke_service(): getTopic  ('_IPS_MONITOR',)
2026-02-12 12:35:08,006 fastran_eq0_efit_3 DEBUG    _get_service_response(REQUEST|fastran_000001@efit@3|FRAMEWORK@Framework@0|74)
2026-02-12 12:35:08,016 fastran_eq0_efit_3 DEBUG    _get_service_response(REQUEST|fastran_000001@efit@3|FRAMEWORK@Framework@0|74), response = ServiceResponseMessage(sender_id=FRAMEWORK@Framework@0, receiver_id=fastran_000001@efit@3, request_msg_id=REQUEST|fastran_000001@efit@3|FRAMEWORK@Framework@0|74,status=0, args=(<ipsframework.cca_es_spec.Topic object at 0x14e1e1e0ca90>,), message_id=RESPONSE|FRAMEWORK@Framework@0|fastran_000001@efit@3|659)
2026-02-12 12:35:08,016 fastran_eq0_efit_3 DEBUG    _invoke_service(): sendEvent  ('_IPS_MONITOR', 'PORTAL_EVENT', {'sim_name': 'fastran_000001', 'real_sim_name': 'fastran_000001', 'portal_data': {'code': 'fastran_eq0_efit', 'eventtype': 'IPS_UPDATE_STATE', 'ok': True, 'walltime': '55.20', 'time': '2026-02-12|12:35:08PST', 'trace': {'timestamp': 1770928507982796, 'duration': 23138, 'localEndpoint': {'serviceName': 'update_state'}, 'name': "['s000001.00001', 'g000001.00001', 'i000001.00001']", 'id': '7629e189a66153c0', 'parentId': 'f36181861964a33a', 'tags': {}}, 'state': 'Running', 'comment': 'Elapsed time = 0.023   files = s000001.00001 g000001.00001 i000001.00001 Success'}})
2026-02-12 12:35:08,016 fastran_eq0_efit_3 DEBUG    _get_service_response(REQUEST|fastran_000001@efit@3|FRAMEWORK@Framework@0|75)
2026-02-12 12:35:08,027 fastran_eq0_efit_3 DEBUG    _get_service_response(REQUEST|fastran_000001@efit@3|FRAMEWORK@Framework@0|75), response = ServiceResponseMessage(sender_id=FRAMEWORK@Framework@0, receiver_id=fastran_000001@efit@3, request_msg_id=REQUEST|fastran_000001@efit@3|FRAMEWORK@Framework@0|75,status=0, args=(None,), message_id=RESPONSE|FRAMEWORK@Framework@0|fastran_000001@efit@3|660)
2026-02-12 12:35:08,049 fastran_eq0_efit_3 DEBUG    _invoke_service(): getTopic  ('_IPS_MONITOR',)
2026-02-12 12:35:08,049 fastran_eq0_efit_3 DEBUG    _get_service_response(REQUEST|fastran_000001@efit@3|FRAMEWORK@Framework@0|76)
2026-02-12 12:35:08,059 fastran_eq0_efit_3 DEBUG    _get_service_response(REQUEST|fastran_000001@efit@3|FRAMEWORK@Framework@0|76), response = ServiceResponseMessage(sender_id=FRAMEWORK@Framework@0, receiver_id=fastran_000001@efit@3, request_msg_id=REQUEST|fastran_000001@efit@3|FRAMEWORK@Framework@0|76,status=0, args=(<ipsframework.cca_es_spec.Topic object at 0x14e1e1e0c7c0>,), message_id=RESPONSE|FRAMEWORK@Framework@0|fastran_000001@efit@3|661)
2026-02-12 12:35:08,059 fastran_eq0_efit_3 DEBUG    _invoke_service(): sendEvent  ('_IPS_MONITOR', 'PORTAL_EVENT', {'sim_name': 'fastran_000001', 'real_sim_name': 'fastran_000001', 'portal_data': {'code': 'fastran_eq0_efit', 'eventtype': 'IPS_STAGE_OUTPUTS', 'ok': True, 'walltime': '55.25', 'time': '2026-02-12|12:35:08PST', 'trace': {'timestamp': 1770928508027651, 'duration': 21576, 'localEndpoint': {'serviceName': 'stage_output_files'}, 'name': "['g*.*', 'a*.*', 'm*.*', 'k*.*', 'efit.log']", 'id': '7f2cccfefec01030', 'parentId': 'f36181861964a33a', 'tags': {}}, 'state': 'Running', 'comment': "Elapsed time = 0.022 Path = /pscratch/sd/y/yashu_gh/FREDA_KSTAR_2/ips-fastran/examples/far3d/example1/SCAN/simulation_results/preprocess_8/components/fastran_eq0_efit_3 Files = ['g*.*', 'a*.*', 'm*.*', 'k*.*', 'efit.log']"}})
2026-02-12 12:35:08,060 fastran_eq0_efit_3 DEBUG    _get_service_response(REQUEST|fastran_000001@efit@3|FRAMEWORK@Framework@0|77)
2026-02-12 12:35:08,070 fastran_eq0_efit_3 DEBUG    _get_service_response(REQUEST|fastran_000001@efit@3|FRAMEWORK@Framework@0|77), response = ServiceResponseMessage(sender_id=FRAMEWORK@Framework@0, receiver_id=fastran_000001@efit@3, request_msg_id=REQUEST|fastran_000001@efit@3|FRAMEWORK@Framework@0|77,status=0, args=(None,), message_id=RESPONSE|FRAMEWORK@Framework@0|fastran_000001@efit@3|662)
2026-02-12 12:35:08,082 fastran_driver_fastran_driver_2 DEBUG    _get_service_response(REQUEST|fastran_000001@fastran_driver@2|FRAMEWORK@Framework@0|250), response = ServiceResponseMessage(sender_id=FRAMEWORK@Framework@0, receiver_id=fastran_000001@fastran_driver@2, request_msg_id=REQUEST|fastran_000001@fastran_driver@2|FRAMEWORK@Framework@0|250,status=0, args=((None,),), message_id=RESPONSE|FRAMEWORK@Framework@0|fastran_000001@fastran_driver@2|663)
2026-02-12 12:35:08,082 fastran_driver_fastran_driver_2 DEBUG    _invoke_service(): getTopic  ('_IPS_MONITOR',)
2026-02-12 12:35:08,082 fastran_driver_fastran_driver_2 DEBUG    _get_service_response(REQUEST|fastran_000001@fastran_driver@2|FRAMEWORK@Framework@0|251)
2026-02-12 12:35:08,093 fastran_driver_fastran_driver_2 DEBUG    _get_service_response(REQUEST|fastran_000001@fastran_driver@2|FRAMEWORK@Framework@0|251), response = ServiceResponseMessage(sender_id=FRAMEWORK@Framework@0, receiver_id=fastran_000001@fastran_driver@2, request_msg_id=REQUEST|fastran_000001@fastran_driver@2|FRAMEWORK@Framework@0|251,status=0, args=(<ipsframework.cca_es_spec.Topic object at 0x14e1e9e3adf0>,), message_id=RESPONSE|FRAMEWORK@Framework@0|fastran_000001@fastran_driver@2|664)
2026-02-12 12:35:08,093 fastran_driver_fastran_driver_2 DEBUG    _invoke_service(): sendEvent  ('_IPS_MONITOR', 'PORTAL_EVENT', {'sim_name': 'fastran_000001', 'real_sim_name': 'fastran_000001', 'portal_data': {'code': 'fastran_driver_fastran_driver', 'eventtype': 'IPS_CALL_END', 'ok': True, 'walltime': '55.28', 'time': '2026-02-12|12:35:08PST', 'trace': {'timestamp': 1770928506030866, 'duration': 2051542, 'localEndpoint': {'serviceName': 'fastran_000001@efit@3'}, 'name': 'step(preprocess_8)', 'id': 'f36181861964a33a', 'parentId': '15e0663de819b9fa', 'tags': {}}, 'state': 'Running', 'comment': 'Target = fastran_000001@efit@3:step(preprocess_8)'}})
2026-02-12 12:35:08,093 fastran_driver_fastran_driver_2 DEBUG    _get_service_response(REQUEST|fastran_000001@fastran_driver@2|FRAMEWORK@Framework@0|252)
2026-02-12 12:35:08,104 fastran_driver_fastran_driver_2 DEBUG    _get_service_response(REQUEST|fastran_000001@fastran_driver@2|FRAMEWORK@Framework@0|252), response = ServiceResponseMessage(sender_id=FRAMEWORK@Framework@0, receiver_id=fastran_000001@fastran_driver@2, request_msg_id=REQUEST|fastran_000001@fastran_driver@2|FRAMEWORK@Framework@0|252,status=0, args=(None,), message_id=RESPONSE|FRAMEWORK@Framework@0|fastran_000001@fastran_driver@2|665)
2026-02-12 12:35:08,104 fastran_driver_fastran_driver_2 DEBUG    _invoke_service(): getTopic  ('_IPS_MONITOR',)
2026-02-12 12:35:08,104 fastran_driver_fastran_driver_2 DEBUG    _get_service_response(REQUEST|fastran_000001@fastran_driver@2|FRAMEWORK@Framework@0|253)
2026-02-12 12:35:08,115 fastran_driver_fastran_driver_2 DEBUG    _get_service_response(REQUEST|fastran_000001@fastran_driver@2|FRAMEWORK@Framework@0|253), response = ServiceResponseMessage(sender_id=FRAMEWORK@Framework@0, receiver_id=fastran_000001@fastran_driver@2, request_msg_id=REQUEST|fastran_000001@fastran_driver@2|FRAMEWORK@Framework@0|253,status=0, args=(<ipsframework.cca_es_spec.Topic object at 0x14e1e9e3aca0>,), message_id=RESPONSE|FRAMEWORK@Framework@0|fastran_000001@fastran_driver@2|666)
2026-02-12 12:35:08,115 fastran_driver_fastran_driver_2 DEBUG    _invoke_service(): sendEvent  ('_IPS_MONITOR', 'PORTAL_EVENT', {'sim_name': 'fastran_000001', 'real_sim_name': 'fastran_000001', 'portal_data': {'code': 'fastran_driver_fastran_driver', 'eventtype': 'IPS_CALL_BEGIN', 'ok': True, 'walltime': '55.30', 'time': '2026-02-12|12:35:08PST', 'state': 'Running', 'comment': 'Target = fastran_000001@fastran@4:step(preprocess_8)'}})
2026-02-12 12:35:08,115 fastran_driver_fastran_driver_2 DEBUG    _get_service_response(REQUEST|fastran_000001@fastran_driver@2|FRAMEWORK@Framework@0|254)
2026-02-12 12:35:08,126 fastran_driver_fastran_driver_2 DEBUG    _get_service_response(REQUEST|fastran_000001@fastran_driver@2|FRAMEWORK@Framework@0|254), response = ServiceResponseMessage(sender_id=FRAMEWORK@Framework@0, receiver_id=fastran_000001@fastran_driver@2, request_msg_id=REQUEST|fastran_000001@fastran_driver@2|FRAMEWORK@Framework@0|254,status=0, args=(None,), message_id=RESPONSE|FRAMEWORK@Framework@0|fastran_000001@fastran_driver@2|667)
2026-02-12 12:35:08,126 fastran_driver_fastran_driver_2 DEBUG    _invoke_service(): init_call  ('step', 'preprocess_8')
2026-02-12 12:35:08,126 fastran_driver_fastran_driver_2 DEBUG    _get_service_response(REQUEST|fastran_000001@fastran_driver@2|FRAMEWORK@Framework@0|255)
2026-02-12 12:35:08,127 fastran_tr0_fastran_4 DEBUG    Received Message 
2026-02-12 12:35:08,127 fastran_tr0_fastran_4 DEBUG    Calling method step(preprocess_8)
2026-02-12 12:35:08,127 fastran_tr0_fastran_4 DEBUG    _invoke_service(): stage_state  (['s000001.00001', 'g000001.00001', 'i000001.00001'], '/pscratch/sd/y/yashu_gh/FREDA_KSTAR_2/ips-fastran/examples/far3d/example1/SCAN/work/plasma_state', '/pscratch/sd/y/yashu_gh/FREDA_KSTAR_2/ips-fastran/examples/far3d/example1/SCAN/work/fastran_tr0_fastran_4')
2026-02-12 12:35:08,127 fastran_tr0_fastran_4 DEBUG    _get_service_response(REQUEST|fastran_000001@fastran@4|FRAMEWORK@Framework@0|128)
2026-02-12 12:35:08,137 fastran_driver_fastran_driver_2 DEBUG    _get_service_response(REQUEST|fastran_000001@fastran_driver@2|FRAMEWORK@Framework@0|255), response = ServiceResponseMessage(sender_id=FRAMEWORK@Framework@0, receiver_id=fastran_000001@fastran_driver@2, request_msg_id=REQUEST|fastran_000001@fastran_driver@2|FRAMEWORK@Framework@0|255,status=0, args=(44,), message_id=RESPONSE|FRAMEWORK@Framework@0|fastran_000001@fastran_driver@2|668)
2026-02-12 12:35:08,137 fastran_driver_fastran_driver_2 DEBUG    _invoke_service(): wait_call  (44, True)
2026-02-12 12:35:08,137 fastran_driver_fastran_driver_2 DEBUG    _get_service_response(REQUEST|fastran_000001@fastran_driver@2|FRAMEWORK@Framework@0|256)
2026-02-12 12:35:08,152 fastran_tr0_fastran_4 DEBUG    _get_service_response(REQUEST|fastran_000001@fastran@4|FRAMEWORK@Framework@0|128), response = ServiceResponseMessage(sender_id=FRAMEWORK@Framework@0, receiver_id=fastran_000001@fastran@4, request_msg_id=REQUEST|fastran_000001@fastran@4|FRAMEWORK@Framework@0|128,status=0, args=(0,), message_id=RESPONSE|FRAMEWORK@Framework@0|fastran_000001@fastran@4|669)
2026-02-12 12:35:08,152 fastran_tr0_fastran_4 DEBUG    _invoke_service(): getTopic  ('_IPS_MONITOR',)
2026-02-12 12:35:08,152 fastran_tr0_fastran_4 DEBUG    _get_service_response(REQUEST|fastran_000001@fastran@4|FRAMEWORK@Framework@0|129)
2026-02-12 12:35:08,163 fastran_tr0_fastran_4 DEBUG    _get_service_response(REQUEST|fastran_000001@fastran@4|FRAMEWORK@Framework@0|129), response = ServiceResponseMessage(sender_id=FRAMEWORK@Framework@0, receiver_id=fastran_000001@fastran@4, request_msg_id=REQUEST|fastran_000001@fastran@4|FRAMEWORK@Framework@0|129,status=0, args=(<ipsframework.cca_es_spec.Topic object at 0x14e1e1e139a0>,), message_id=RESPONSE|FRAMEWORK@Framework@0|fastran_000001@fastran@4|671)
2026-02-12 12:35:08,163 fastran_tr0_fastran_4 DEBUG    _invoke_service(): sendEvent  ('_IPS_MONITOR', 'PORTAL_EVENT', {'sim_name': 'fastran_000001', 'real_sim_name': 'fastran_000001', 'portal_data': {'code': 'fastran_tr0_fastran', 'eventtype': 'IPS_STAGE_STATE', 'ok': True, 'walltime': '55.35', 'time': '2026-02-12|12:35:08PST', 'trace': {'timestamp': 1770928508127320, 'duration': 25231, 'localEndpoint': {'serviceName': 'stage_state'}, 'name': "['s000001.00001', 'g000001.00001', 'i000001.00001']", 'id': '71885aecf25d7412', 'parentId': '5847fc1b249b3ea9', 'tags': {}}, 'state': 'Running', 'comment': 'Elapsed time = 0.025  files = s000001.00001 g000001.00001 i000001.00001 Success'}})
2026-02-12 12:35:08,163 fastran_tr0_fastran_4 DEBUG    _get_service_response(REQUEST|fastran_000001@fastran@4|FRAMEWORK@Framework@0|130)
2026-02-12 12:35:08,173 fastran_tr0_fastran_4 DEBUG    _get_service_response(REQUEST|fastran_000001@fastran@4|FRAMEWORK@Framework@0|130), response = ServiceResponseMessage(sender_id=FRAMEWORK@Framework@0, receiver_id=fastran_000001@fastran@4, request_msg_id=REQUEST|fastran_000001@fastran@4|FRAMEWORK@Framework@0|130,status=0, args=(None,), message_id=RESPONSE|FRAMEWORK@Framework@0|fastran_000001@fastran@4|672)
2026-02-12 12:35:08,182 fastran_tr0_fastran_4 DEBUG    _invoke_service(): getTopic  ('_IPS_MONITOR',)
2026-02-12 12:35:08,183 fastran_tr0_fastran_4 DEBUG    _get_service_response(REQUEST|fastran_000001@fastran@4|FRAMEWORK@Framework@0|131)
2026-02-12 12:35:08,193 fastran_tr0_fastran_4 DEBUG    _get_service_response(REQUEST|fastran_000001@fastran@4|FRAMEWORK@Framework@0|131), response = ServiceResponseMessage(sender_id=FRAMEWORK@Framework@0, receiver_id=fastran_000001@fastran@4, request_msg_id=REQUEST|fastran_000001@fastran@4|FRAMEWORK@Framework@0|131,status=0, args=(<ipsframework.cca_es_spec.Topic object at 0x14e1e1e13ac0>,), message_id=RESPONSE|FRAMEWORK@Framework@0|fastran_000001@fastran@4|673)
2026-02-12 12:35:08,193 fastran_tr0_fastran_4 DEBUG    _invoke_service(): sendEvent  ('_IPS_MONITOR', 'PORTAL_EVENT', {'sim_name': 'fastran_000001', 'real_sim_name': 'fastran_000001', 'portal_data': {'code': 'fastran_tr0_fastran', 'eventtype': 'IPS_STAGE_INPUTS', 'ok': True, 'walltime': '55.38', 'time': '2026-02-12|12:35:08PST', 'trace': {'timestamp': 1770928508174116, 'duration': 8765, 'localEndpoint': {'serviceName': 'stage_input_files'}, 'name': 'infastran0 intglf', 'id': 'dca1af508bf5af99', 'parentId': '5847fc1b249b3ea9', 'tags': {}}, 'state': 'Running', 'comment': 'Elapsed time = 0.009 Path = /pscratch/sd/y/yashu_gh/FREDA_KSTAR_2/ips-fastran/examples/far3d/example1/input Files = infastran0 intglf'}})
2026-02-12 12:35:08,193 fastran_tr0_fastran_4 DEBUG    _get_service_response(REQUEST|fastran_000001@fastran@4|FRAMEWORK@Framework@0|132)
2026-02-12 12:35:08,204 fastran_tr0_fastran_4 DEBUG    _get_service_response(REQUEST|fastran_000001@fastran@4|FRAMEWORK@Framework@0|132), response = ServiceResponseMessage(sender_id=FRAMEWORK@Framework@0, receiver_id=fastran_000001@fastran@4, request_msg_id=REQUEST|fastran_000001@fastran@4|FRAMEWORK@Framework@0|132,status=0, args=(None,), message_id=RESPONSE|FRAMEWORK@Framework@0|fastran_000001@fastran@4|674)
2026-02-12 12:35:08,334 fastran_tr0_fastran_4 DEBUG    _invoke_service(): init_task  (TaskInit(nproc=1, binary='/global/common/software/atom/perlmutter/binaries/fastran/default/xfastran_ver1.00_ser', working_dir='/pscratch/sd/y/yashu_gh/FREDA_KSTAR_2/ips-fastran/examples/far3d/example1/SCAN/work/fastran_tr0_fastran_4', tppn=0, tcpp=0, tgpp=0, block=True, omp=False, wnodes=True, wsocks=True, cmd_args=('1', '1')),)
2026-02-12 12:35:08,334 fastran_tr0_fastran_4 DEBUG    _get_service_response(REQUEST|fastran_000001@fastran@4|FRAMEWORK@Framework@0|133)
2026-02-12 12:35:08,345 fastran_tr0_fastran_4 DEBUG    _get_service_response(REQUEST|fastran_000001@fastran@4|FRAMEWORK@Framework@0|133), response = ServiceResponseMessage(sender_id=FRAMEWORK@Framework@0, receiver_id=fastran_000001@fastran@4, request_msg_id=REQUEST|fastran_000001@fastran@4|FRAMEWORK@Framework@0|133,status=0, args=((10, 'srun -N 1 -n 1 -c 128 --threads-per-core=1 --cpu-bind=cores /global/common/software/atom/perlmutter/binaries/fastran/default/xfastran_ver1.00_ser 1 1', None, 128),), message_id=RESPONSE|FRAMEWORK@Framework@0|fastran_000001@fastran@4|675)
2026-02-12 12:35:08,347 fastran_tr0_fastran_4 DEBUG    Launching command : srun -N 1 -n 1 -c 128 --threads-per-core=1 --cpu-bind=cores /global/common/software/atom/perlmutter/binaries/fastran/default/xfastran_ver1.00_ser 1 1
2026-02-12 12:35:08,362 fastran_tr0_fastran_4 DEBUG    _invoke_service(): getTopic  ('_IPS_MONITOR',)
2026-02-12 12:35:08,362 fastran_tr0_fastran_4 DEBUG    _get_service_response(REQUEST|fastran_000001@fastran@4|FRAMEWORK@Framework@0|134)
2026-02-12 12:35:08,373 fastran_tr0_fastran_4 DEBUG    _get_service_response(REQUEST|fastran_000001@fastran@4|FRAMEWORK@Framework@0|134), response = ServiceResponseMessage(sender_id=FRAMEWORK@Framework@0, receiver_id=fastran_000001@fastran@4, request_msg_id=REQUEST|fastran_000001@fastran@4|FRAMEWORK@Framework@0|134,status=0, args=(<ipsframework.cca_es_spec.Topic object at 0x14e1e1e13df0>,), message_id=RESPONSE|FRAMEWORK@Framework@0|fastran_000001@fastran@4|676)
2026-02-12 12:35:08,373 fastran_tr0_fastran_4 DEBUG    _invoke_service(): sendEvent  ('_IPS_MONITOR', 'PORTAL_EVENT', {'sim_name': 'fastran_000001', 'real_sim_name': 'fastran_000001', 'portal_data': {'code': 'fastran_tr0_fastran', 'eventtype': 'IPS_LAUNCH_TASK', 'ok': True, 'walltime': '55.56', 'time': '2026-02-12|12:35:08PST', 'state': 'Running', 'comment': 'task_id = 10 , Tag = None , nproc = 1 , Target = srun -N 1 -n 1 -c 128 --threads-per-core=1 --cpu-bind=cores /global/common/software/atom/perlmutter/binaries/fastran/default/xfastran_ver1.00_ser 1 1'}})
2026-02-12 12:35:08,373 fastran_tr0_fastran_4 DEBUG    _get_service_response(REQUEST|fastran_000001@fastran@4|FRAMEWORK@Framework@0|135)
2026-02-12 12:35:08,384 fastran_tr0_fastran_4 DEBUG    _get_service_response(REQUEST|fastran_000001@fastran@4|FRAMEWORK@Framework@0|135), response = ServiceResponseMessage(sender_id=FRAMEWORK@Framework@0, receiver_id=fastran_000001@fastran@4, request_msg_id=REQUEST|fastran_000001@fastran@4|FRAMEWORK@Framework@0|135,status=0, args=(None,), message_id=RESPONSE|FRAMEWORK@Framework@0|fastran_000001@fastran@4|677)
2026-02-12 12:35:08,650 fastran_tr0_fastran_4 DEBUG    _invoke_service(): getTopic  ('_IPS_MONITOR',)
2026-02-12 12:35:08,651 fastran_tr0_fastran_4 DEBUG    _get_service_response(REQUEST|fastran_000001@fastran@4|FRAMEWORK@Framework@0|136)
2026-02-12 12:35:08,661 fastran_tr0_fastran_4 DEBUG    _get_service_response(REQUEST|fastran_000001@fastran@4|FRAMEWORK@Framework@0|136), response = ServiceResponseMessage(sender_id=FRAMEWORK@Framework@0, receiver_id=fastran_000001@fastran@4, request_msg_id=REQUEST|fastran_000001@fastran@4|FRAMEWORK@Framework@0|136,status=0, args=(<ipsframework.cca_es_spec.Topic object at 0x14e1e1e137f0>,), message_id=RESPONSE|FRAMEWORK@Framework@0|fastran_000001@fastran@4|678)
2026-02-12 12:35:08,661 fastran_tr0_fastran_4 DEBUG    _invoke_service(): sendEvent  ('_IPS_MONITOR', 'PORTAL_EVENT', {'sim_name': 'fastran_000001', 'real_sim_name': 'fastran_000001', 'portal_data': {'code': 'fastran_tr0_fastran', 'eventtype': 'IPS_TASK_END', 'ok': True, 'walltime': '55.85', 'time': '2026-02-12|12:35:08PST', 'trace': {'timestamp': 1770928508362019, 'duration': 288825, 'localEndpoint': {'serviceName': '/global/common/software/atom/perlmutter/binaries/fastran/default/xfastran_ver1.00_ser'}, 'name': '1 1', 'id': '0ce34a898600e646', 'parentId': '5847fc1b249b3ea9', 'tags': {'procs_requested': '1', 'cores_allocated': '128'}}, 'state': 'Running', 'comment': 'task_id = 10  elapsed time = 0.29 S'}})
2026-02-12 12:35:08,661 fastran_tr0_fastran_4 DEBUG    _get_service_response(REQUEST|fastran_000001@fastran@4|FRAMEWORK@Framework@0|137)
2026-02-12 12:35:08,672 fastran_tr0_fastran_4 DEBUG    _get_service_response(REQUEST|fastran_000001@fastran@4|FRAMEWORK@Framework@0|137), response = ServiceResponseMessage(sender_id=FRAMEWORK@Framework@0, receiver_id=fastran_000001@fastran@4, request_msg_id=REQUEST|fastran_000001@fastran@4|FRAMEWORK@Framework@0|137,status=0, args=(None,), message_id=RESPONSE|FRAMEWORK@Framework@0|fastran_000001@fastran@4|680)
2026-02-12 12:35:08,672 fastran_tr0_fastran_4 DEBUG    _invoke_service(): finish_task  (10, 0)
2026-02-12 12:35:08,672 fastran_tr0_fastran_4 DEBUG    _get_service_response(REQUEST|fastran_000001@fastran@4|FRAMEWORK@Framework@0|138)
2026-02-12 12:35:08,683 fastran_tr0_fastran_4 DEBUG    _get_service_response(REQUEST|fastran_000001@fastran@4|FRAMEWORK@Framework@0|138), response = ServiceResponseMessage(sender_id=FRAMEWORK@Framework@0, receiver_id=fastran_000001@fastran@4, request_msg_id=REQUEST|fastran_000001@fastran@4|FRAMEWORK@Framework@0|138,status=0, args=(0,), message_id=RESPONSE|FRAMEWORK@Framework@0|fastran_000001@fastran@4|681)
2026-02-12 12:35:08,848 fastran_tr0_fastran_4 DEBUG    _invoke_service(): update_state  (['s000001.00001', 'g000001.00001', 'i000001.00001'], '/pscratch/sd/y/yashu_gh/FREDA_KSTAR_2/ips-fastran/examples/far3d/example1/SCAN/work/fastran_tr0_fastran_4', '/pscratch/sd/y/yashu_gh/FREDA_KSTAR_2/ips-fastran/examples/far3d/example1/SCAN/work/plasma_state')
2026-02-12 12:35:08,848 fastran_tr0_fastran_4 DEBUG    _get_service_response(REQUEST|fastran_000001@fastran@4|FRAMEWORK@Framework@0|139)
2026-02-12 12:35:08,869 fastran_tr0_fastran_4 DEBUG    _get_service_response(REQUEST|fastran_000001@fastran@4|FRAMEWORK@Framework@0|139), response = ServiceResponseMessage(sender_id=FRAMEWORK@Framework@0, receiver_id=fastran_000001@fastran@4, request_msg_id=REQUEST|fastran_000001@fastran@4|FRAMEWORK@Framework@0|139,status=0, args=(0,), message_id=RESPONSE|FRAMEWORK@Framework@0|fastran_000001@fastran@4|682)
2026-02-12 12:35:08,869 fastran_tr0_fastran_4 DEBUG    _invoke_service(): getTopic  ('_IPS_MONITOR',)
2026-02-12 12:35:08,869 fastran_tr0_fastran_4 DEBUG    _get_service_response(REQUEST|fastran_000001@fastran@4|FRAMEWORK@Framework@0|140)
2026-02-12 12:35:08,880 fastran_tr0_fastran_4 DEBUG    _get_service_response(REQUEST|fastran_000001@fastran@4|FRAMEWORK@Framework@0|140), response = ServiceResponseMessage(sender_id=FRAMEWORK@Framework@0, receiver_id=fastran_000001@fastran@4, request_msg_id=REQUEST|fastran_000001@fastran@4|FRAMEWORK@Framework@0|140,status=0, args=(<ipsframework.cca_es_spec.Topic object at 0x14e1e1e13880>,), message_id=RESPONSE|FRAMEWORK@Framework@0|fastran_000001@fastran@4|683)
2026-02-12 12:35:08,880 fastran_tr0_fastran_4 DEBUG    _invoke_service(): sendEvent  ('_IPS_MONITOR', 'PORTAL_EVENT', {'sim_name': 'fastran_000001', 'real_sim_name': 'fastran_000001', 'portal_data': {'code': 'fastran_tr0_fastran', 'eventtype': 'IPS_UPDATE_STATE', 'ok': True, 'walltime': '56.07', 'time': '2026-02-12|12:35:08PST', 'trace': {'timestamp': 1770928508848631, 'duration': 20864, 'localEndpoint': {'serviceName': 'update_state'}, 'name': "['s000001.00001', 'g000001.00001', 'i000001.00001']", 'id': '7629e189a66153c0', 'parentId': '5847fc1b249b3ea9', 'tags': {}}, 'state': 'Running', 'comment': 'Elapsed time = 0.021   files = s000001.00001 g000001.00001 i000001.00001 Success'}})
2026-02-12 12:35:08,880 fastran_tr0_fastran_4 DEBUG    _get_service_response(REQUEST|fastran_000001@fastran@4|FRAMEWORK@Framework@0|141)
2026-02-12 12:35:08,890 fastran_tr0_fastran_4 DEBUG    _get_service_response(REQUEST|fastran_000001@fastran@4|FRAMEWORK@Framework@0|141), response = ServiceResponseMessage(sender_id=FRAMEWORK@Framework@0, receiver_id=fastran_000001@fastran@4, request_msg_id=REQUEST|fastran_000001@fastran@4|FRAMEWORK@Framework@0|141,status=0, args=(None,), message_id=RESPONSE|FRAMEWORK@Framework@0|fastran_000001@fastran@4|684)
2026-02-12 12:35:08,912 fastran_tr0_fastran_4 DEBUG    _invoke_service(): getTopic  ('_IPS_MONITOR',)
2026-02-12 12:35:08,912 fastran_tr0_fastran_4 DEBUG    _get_service_response(REQUEST|fastran_000001@fastran@4|FRAMEWORK@Framework@0|142)
2026-02-12 12:35:08,922 fastran_tr0_fastran_4 DEBUG    _get_service_response(REQUEST|fastran_000001@fastran@4|FRAMEWORK@Framework@0|142), response = ServiceResponseMessage(sender_id=FRAMEWORK@Framework@0, receiver_id=fastran_000001@fastran@4, request_msg_id=REQUEST|fastran_000001@fastran@4|FRAMEWORK@Framework@0|142,status=0, args=(<ipsframework.cca_es_spec.Topic object at 0x14e1e1e13a60>,), message_id=RESPONSE|FRAMEWORK@Framework@0|fastran_000001@fastran@4|685)
2026-02-12 12:35:08,922 fastran_tr0_fastran_4 DEBUG    _invoke_service(): sendEvent  ('_IPS_MONITOR', 'PORTAL_EVENT', {'sim_name': 'fastran_000001', 'real_sim_name': 'fastran_000001', 'portal_data': {'code': 'fastran_tr0_fastran', 'eventtype': 'IPS_STAGE_OUTPUTS', 'ok': True, 'walltime': '56.11', 'time': '2026-02-12|12:35:08PST', 'trace': {'timestamp': 1770928508890575, 'duration': 21682, 'localEndpoint': {'serviceName': 'stage_output_files'}, 'name': "['fastran.nc', 'inprof', 'inmetric', 'infastran', 'intglf', 'xfastran.log', 'i000001.00001']", 'id': '7349cfaaafc33980', 'parentId': '5847fc1b249b3ea9', 'tags': {}}, 'state': 'Running', 'comment': "Elapsed time = 0.022 Path = /pscratch/sd/y/yashu_gh/FREDA_KSTAR_2/ips-fastran/examples/far3d/example1/SCAN/simulation_results/preprocess_8/components/fastran_tr0_fastran_4 Files = ['fastran.nc', 'inprof', 'inmetric', 'infastran', 'intglf', 'xfastran.log', 'i000001.00001']"}})
2026-02-12 12:35:08,922 fastran_tr0_fastran_4 DEBUG    _get_service_response(REQUEST|fastran_000001@fastran@4|FRAMEWORK@Framework@0|143)
2026-02-12 12:35:08,933 fastran_tr0_fastran_4 DEBUG    _get_service_response(REQUEST|fastran_000001@fastran@4|FRAMEWORK@Framework@0|143), response = ServiceResponseMessage(sender_id=FRAMEWORK@Framework@0, receiver_id=fastran_000001@fastran@4, request_msg_id=REQUEST|fastran_000001@fastran@4|FRAMEWORK@Framework@0|143,status=0, args=(None,), message_id=RESPONSE|FRAMEWORK@Framework@0|fastran_000001@fastran@4|686)
2026-02-12 12:35:08,944 fastran_driver_fastran_driver_2 DEBUG    _get_service_response(REQUEST|fastran_000001@fastran_driver@2|FRAMEWORK@Framework@0|256), response = ServiceResponseMessage(sender_id=FRAMEWORK@Framework@0, receiver_id=fastran_000001@fastran_driver@2, request_msg_id=REQUEST|fastran_000001@fastran_driver@2|FRAMEWORK@Framework@0|256,status=0, args=((None,),), message_id=RESPONSE|FRAMEWORK@Framework@0|fastran_000001@fastran_driver@2|687)
2026-02-12 12:35:08,944 fastran_driver_fastran_driver_2 DEBUG    _invoke_service(): getTopic  ('_IPS_MONITOR',)
2026-02-12 12:35:08,944 fastran_driver_fastran_driver_2 DEBUG    _get_service_response(REQUEST|fastran_000001@fastran_driver@2|FRAMEWORK@Framework@0|257)
2026-02-12 12:35:08,954 fastran_driver_fastran_driver_2 DEBUG    _get_service_response(REQUEST|fastran_000001@fastran_driver@2|FRAMEWORK@Framework@0|257), response = ServiceResponseMessage(sender_id=FRAMEWORK@Framework@0, receiver_id=fastran_000001@fastran_driver@2, request_msg_id=REQUEST|fastran_000001@fastran_driver@2|FRAMEWORK@Framework@0|257,status=0, args=(<ipsframework.cca_es_spec.Topic object at 0x14e1e9e3adf0>,), message_id=RESPONSE|FRAMEWORK@Framework@0|fastran_000001@fastran_driver@2|688)
2026-02-12 12:35:08,954 fastran_driver_fastran_driver_2 DEBUG    _invoke_service(): sendEvent  ('_IPS_MONITOR', 'PORTAL_EVENT', {'sim_name': 'fastran_000001', 'real_sim_name': 'fastran_000001', 'portal_data': {'code': 'fastran_driver_fastran_driver', 'eventtype': 'IPS_CALL_END', 'ok': True, 'walltime': '56.14', 'time': '2026-02-12|12:35:08PST', 'trace': {'timestamp': 1770928508137302, 'duration': 806904, 'localEndpoint': {'serviceName': 'fastran_000001@fastran@4'}, 'name': 'step(preprocess_8)', 'id': '5847fc1b249b3ea9', 'parentId': '15e0663de819b9fa', 'tags': {}}, 'state': 'Running', 'comment': 'Target = fastran_000001@fastran@4:step(preprocess_8)'}})
2026-02-12 12:35:08,955 fastran_driver_fastran_driver_2 DEBUG    _get_service_response(REQUEST|fastran_000001@fastran_driver@2|FRAMEWORK@Framework@0|258)
2026-02-12 12:35:08,965 fastran_driver_fastran_driver_2 DEBUG    _get_service_response(REQUEST|fastran_000001@fastran_driver@2|FRAMEWORK@Framework@0|258), response = ServiceResponseMessage(sender_id=FRAMEWORK@Framework@0, receiver_id=fastran_000001@fastran_driver@2, request_msg_id=REQUEST|fastran_000001@fastran_driver@2|FRAMEWORK@Framework@0|258,status=0, args=(None,), message_id=RESPONSE|FRAMEWORK@Framework@0|fastran_000001@fastran_driver@2|689)
2026-02-12 12:35:08,965 fastran_driver_fastran_driver_2 DEBUG    _invoke_service(): getTopic  ('_IPS_MONITOR',)
2026-02-12 12:35:08,965 fastran_driver_fastran_driver_2 DEBUG    _get_service_response(REQUEST|fastran_000001@fastran_driver@2|FRAMEWORK@Framework@0|259)
2026-02-12 12:35:08,976 fastran_driver_fastran_driver_2 DEBUG    _get_service_response(REQUEST|fastran_000001@fastran_driver@2|FRAMEWORK@Framework@0|259), response = ServiceResponseMessage(sender_id=FRAMEWORK@Framework@0, receiver_id=fastran_000001@fastran_driver@2, request_msg_id=REQUEST|fastran_000001@fastran_driver@2|FRAMEWORK@Framework@0|259,status=0, args=(<ipsframework.cca_es_spec.Topic object at 0x14e1e9e3ad30>,), message_id=RESPONSE|FRAMEWORK@Framework@0|fastran_000001@fastran_driver@2|690)
2026-02-12 12:35:08,976 fastran_driver_fastran_driver_2 DEBUG    _invoke_service(): sendEvent  ('_IPS_MONITOR', 'PORTAL_EVENT', {'sim_name': 'fastran_000001', 'real_sim_name': 'fastran_000001', 'portal_data': {'code': 'fastran_driver_fastran_driver', 'eventtype': 'IPS_CALL_BEGIN', 'ok': True, 'walltime': '56.16', 'time': '2026-02-12|12:35:08PST', 'state': 'Running', 'comment': 'Target = fastran_000001@constraint_current@5:step(preprocess_8)'}})
2026-02-12 12:35:08,976 fastran_driver_fastran_driver_2 DEBUG    _get_service_response(REQUEST|fastran_000001@fastran_driver@2|FRAMEWORK@Framework@0|260)
2026-02-12 12:35:08,987 fastran_driver_fastran_driver_2 DEBUG    _get_service_response(REQUEST|fastran_000001@fastran_driver@2|FRAMEWORK@Framework@0|260), response = ServiceResponseMessage(sender_id=FRAMEWORK@Framework@0, receiver_id=fastran_000001@fastran_driver@2, request_msg_id=REQUEST|fastran_000001@fastran_driver@2|FRAMEWORK@Framework@0|260,status=0, args=(None,), message_id=RESPONSE|FRAMEWORK@Framework@0|fastran_000001@fastran_driver@2|691)
2026-02-12 12:35:08,987 fastran_driver_fastran_driver_2 DEBUG    _invoke_service(): init_call  ('step', 'preprocess_8')
2026-02-12 12:35:08,987 fastran_driver_fastran_driver_2 DEBUG    _get_service_response(REQUEST|fastran_000001@fastran_driver@2|FRAMEWORK@Framework@0|261)
2026-02-12 12:35:08,987 fastran_pre_constraint_current_5 DEBUG    Received Message 
2026-02-12 12:35:08,988 fastran_pre_constraint_current_5 DEBUG    Calling method step(preprocess_8)
2026-02-12 12:35:08,988 fastran_pre_constraint_current_5 DEBUG    _invoke_service(): stage_state  (['s000001.00001', 'g000001.00001', 'i000001.00001'], '/pscratch/sd/y/yashu_gh/FREDA_KSTAR_2/ips-fastran/examples/far3d/example1/SCAN/work/plasma_state', '/pscratch/sd/y/yashu_gh/FREDA_KSTAR_2/ips-fastran/examples/far3d/example1/SCAN/work/fastran_pre_constraint_current_5')
2026-02-12 12:35:08,988 fastran_pre_constraint_current_5 DEBUG    _get_service_response(REQUEST|fastran_000001@constraint_current@5|FRAMEWORK@Framework@0|80)
2026-02-12 12:35:08,998 fastran_driver_fastran_driver_2 DEBUG    _get_service_response(REQUEST|fastran_000001@fastran_driver@2|FRAMEWORK@Framework@0|261), response = ServiceResponseMessage(sender_id=FRAMEWORK@Framework@0, receiver_id=fastran_000001@fastran_driver@2, request_msg_id=REQUEST|fastran_000001@fastran_driver@2|FRAMEWORK@Framework@0|261,status=0, args=(45,), message_id=RESPONSE|FRAMEWORK@Framework@0|fastran_000001@fastran_driver@2|692)
2026-02-12 12:35:08,998 fastran_driver_fastran_driver_2 DEBUG    _invoke_service(): wait_call  (45, True)
2026-02-12 12:35:08,998 fastran_driver_fastran_driver_2 DEBUG    _get_service_response(REQUEST|fastran_000001@fastran_driver@2|FRAMEWORK@Framework@0|262)
2026-02-12 12:35:09,009 fastran_pre_constraint_current_5 DEBUG    _get_service_response(REQUEST|fastran_000001@constraint_current@5|FRAMEWORK@Framework@0|80), response = ServiceResponseMessage(sender_id=FRAMEWORK@Framework@0, receiver_id=fastran_000001@constraint_current@5, request_msg_id=REQUEST|fastran_000001@constraint_current@5|FRAMEWORK@Framework@0|80,status=0, args=(0,), message_id=RESPONSE|FRAMEWORK@Framework@0|fastran_000001@constraint_current@5|693)
2026-02-12 12:35:09,010 fastran_pre_constraint_current_5 DEBUG    _invoke_service(): getTopic  ('_IPS_MONITOR',)
2026-02-12 12:35:09,010 fastran_pre_constraint_current_5 DEBUG    _get_service_response(REQUEST|fastran_000001@constraint_current@5|FRAMEWORK@Framework@0|81)
2026-02-12 12:35:09,020 fastran_pre_constraint_current_5 DEBUG    _get_service_response(REQUEST|fastran_000001@constraint_current@5|FRAMEWORK@Framework@0|81), response = ServiceResponseMessage(sender_id=FRAMEWORK@Framework@0, receiver_id=fastran_000001@constraint_current@5, request_msg_id=REQUEST|fastran_000001@constraint_current@5|FRAMEWORK@Framework@0|81,status=0, args=(<ipsframework.cca_es_spec.Topic object at 0x14e1e9e6a1c0>,), message_id=RESPONSE|FRAMEWORK@Framework@0|fastran_000001@constraint_current@5|694)
2026-02-12 12:35:09,020 fastran_pre_constraint_current_5 DEBUG    _invoke_service(): sendEvent  ('_IPS_MONITOR', 'PORTAL_EVENT', {'sim_name': 'fastran_000001', 'real_sim_name': 'fastran_000001', 'portal_data': {'code': 'fastran_pre_constraint_current', 'eventtype': 'IPS_STAGE_STATE', 'ok': True, 'walltime': '56.21', 'time': '2026-02-12|12:35:09PST', 'trace': {'timestamp': 1770928508988197, 'duration': 21899, 'localEndpoint': {'serviceName': 'stage_state'}, 'name': "['s000001.00001', 'g000001.00001', 'i000001.00001']", 'id': '71885aecf25d7412', 'parentId': '51bcd39f002697fa', 'tags': {}}, 'state': 'Running', 'comment': 'Elapsed time = 0.022  files = s000001.00001 g000001.00001 i000001.00001 Success'}})
2026-02-12 12:35:09,020 fastran_pre_constraint_current_5 DEBUG    _get_service_response(REQUEST|fastran_000001@constraint_current@5|FRAMEWORK@Framework@0|82)
2026-02-12 12:35:09,031 fastran_pre_constraint_current_5 DEBUG    _get_service_response(REQUEST|fastran_000001@constraint_current@5|FRAMEWORK@Framework@0|82), response = ServiceResponseMessage(sender_id=FRAMEWORK@Framework@0, receiver_id=fastran_000001@constraint_current@5, request_msg_id=REQUEST|fastran_000001@constraint_current@5|FRAMEWORK@Framework@0|82,status=0, args=(None,), message_id=RESPONSE|FRAMEWORK@Framework@0|fastran_000001@constraint_current@5|695)
2026-02-12 12:35:09,031 fastran_pre_constraint_current_5 DEBUG    _invoke_service(): getTopic  ('_IPS_MONITOR',)
2026-02-12 12:35:09,031 fastran_pre_constraint_current_5 DEBUG    _get_service_response(REQUEST|fastran_000001@constraint_current@5|FRAMEWORK@Framework@0|83)
2026-02-12 12:35:09,042 fastran_pre_constraint_current_5 DEBUG    _get_service_response(REQUEST|fastran_000001@constraint_current@5|FRAMEWORK@Framework@0|83), response = ServiceResponseMessage(sender_id=FRAMEWORK@Framework@0, receiver_id=fastran_000001@constraint_current@5, request_msg_id=REQUEST|fastran_000001@constraint_current@5|FRAMEWORK@Framework@0|83,status=0, args=(<ipsframework.cca_es_spec.Topic object at 0x14e1e9e6a460>,), message_id=RESPONSE|FRAMEWORK@Framework@0|fastran_000001@constraint_current@5|696)
2026-02-12 12:35:09,042 fastran_pre_constraint_current_5 DEBUG    _invoke_service(): sendEvent  ('_IPS_MONITOR', 'PORTAL_EVENT', {'sim_name': 'fastran_000001', 'real_sim_name': 'fastran_000001', 'portal_data': {'code': 'fastran_pre_constraint_current', 'eventtype': 'IPS_STAGE_INPUTS', 'ok': True, 'walltime': '56.23', 'time': '2026-02-12|12:35:09PST', 'trace': {'timestamp': 1770928509031684, 'duration': 60, 'localEndpoint': {'serviceName': 'stage_input_files'}, 'name': '', 'id': 'e70cb59b389672bf', 'parentId': '51bcd39f002697fa', 'tags': {}}, 'state': 'Running', 'comment': 'Elapsed time = 0.000 Path = /pscratch/sd/y/yashu_gh/FREDA_KSTAR_2/ips-fastran/examples/far3d/example1/input Files = '}})
2026-02-12 12:35:09,042 fastran_pre_constraint_current_5 DEBUG    _get_service_response(REQUEST|fastran_000001@constraint_current@5|FRAMEWORK@Framework@0|84)
2026-02-12 12:35:09,053 fastran_pre_constraint_current_5 DEBUG    _get_service_response(REQUEST|fastran_000001@constraint_current@5|FRAMEWORK@Framework@0|84), response = ServiceResponseMessage(sender_id=FRAMEWORK@Framework@0, receiver_id=fastran_000001@constraint_current@5, request_msg_id=REQUEST|fastran_000001@constraint_current@5|FRAMEWORK@Framework@0|84,status=0, args=(None,), message_id=RESPONSE|FRAMEWORK@Framework@0|fastran_000001@constraint_current@5|697)
2026-02-12 12:35:09,158 fastran_pre_constraint_current_5 DEBUG    _invoke_service(): update_state  (['s000001.00001', 'g000001.00001', 'i000001.00001'], '/pscratch/sd/y/yashu_gh/FREDA_KSTAR_2/ips-fastran/examples/far3d/example1/SCAN/work/fastran_pre_constraint_current_5', '/pscratch/sd/y/yashu_gh/FREDA_KSTAR_2/ips-fastran/examples/far3d/example1/SCAN/work/plasma_state')
2026-02-12 12:35:09,158 fastran_pre_constraint_current_5 DEBUG    _get_service_response(REQUEST|fastran_000001@constraint_current@5|FRAMEWORK@Framework@0|85)
2026-02-12 12:35:09,179 fastran_pre_constraint_current_5 DEBUG    _get_service_response(REQUEST|fastran_000001@constraint_current@5|FRAMEWORK@Framework@0|85), response = ServiceResponseMessage(sender_id=FRAMEWORK@Framework@0, receiver_id=fastran_000001@constraint_current@5, request_msg_id=REQUEST|fastran_000001@constraint_current@5|FRAMEWORK@Framework@0|85,status=0, args=(0,), message_id=RESPONSE|FRAMEWORK@Framework@0|fastran_000001@constraint_current@5|698)
2026-02-12 12:35:09,179 fastran_pre_constraint_current_5 DEBUG    _invoke_service(): getTopic  ('_IPS_MONITOR',)
2026-02-12 12:35:09,180 fastran_pre_constraint_current_5 DEBUG    _get_service_response(REQUEST|fastran_000001@constraint_current@5|FRAMEWORK@Framework@0|86)
2026-02-12 12:35:09,190 fastran_pre_constraint_current_5 DEBUG    _get_service_response(REQUEST|fastran_000001@constraint_current@5|FRAMEWORK@Framework@0|86), response = ServiceResponseMessage(sender_id=FRAMEWORK@Framework@0, receiver_id=fastran_000001@constraint_current@5, request_msg_id=REQUEST|fastran_000001@constraint_current@5|FRAMEWORK@Framework@0|86,status=0, args=(<ipsframework.cca_es_spec.Topic object at 0x14e1e9e6a4c0>,), message_id=RESPONSE|FRAMEWORK@Framework@0|fastran_000001@constraint_current@5|700)
2026-02-12 12:35:09,190 fastran_pre_constraint_current_5 DEBUG    _invoke_service(): sendEvent  ('_IPS_MONITOR', 'PORTAL_EVENT', {'sim_name': 'fastran_000001', 'real_sim_name': 'fastran_000001', 'portal_data': {'code': 'fastran_pre_constraint_current', 'eventtype': 'IPS_UPDATE_STATE', 'ok': True, 'walltime': '56.38', 'time': '2026-02-12|12:35:09PST', 'trace': {'timestamp': 1770928509158631, 'duration': 21220, 'localEndpoint': {'serviceName': 'update_state'}, 'name': "['s000001.00001', 'g000001.00001', 'i000001.00001']", 'id': '7629e189a66153c0', 'parentId': '51bcd39f002697fa', 'tags': {}}, 'state': 'Running', 'comment': 'Elapsed time = 0.021   files = s000001.00001 g000001.00001 i000001.00001 Success'}})
2026-02-12 12:35:09,190 fastran_pre_constraint_current_5 DEBUG    _get_service_response(REQUEST|fastran_000001@constraint_current@5|FRAMEWORK@Framework@0|87)
2026-02-12 12:35:09,201 fastran_pre_constraint_current_5 DEBUG    _get_service_response(REQUEST|fastran_000001@constraint_current@5|FRAMEWORK@Framework@0|87), response = ServiceResponseMessage(sender_id=FRAMEWORK@Framework@0, receiver_id=fastran_000001@constraint_current@5, request_msg_id=REQUEST|fastran_000001@constraint_current@5|FRAMEWORK@Framework@0|87,status=0, args=(None,), message_id=RESPONSE|FRAMEWORK@Framework@0|fastran_000001@constraint_current@5|701)
2026-02-12 12:35:09,201 fastran_pre_constraint_current_5 DEBUG    _invoke_service(): getTopic  ('_IPS_MONITOR',)
2026-02-12 12:35:09,201 fastran_pre_constraint_current_5 DEBUG    _get_service_response(REQUEST|fastran_000001@constraint_current@5|FRAMEWORK@Framework@0|88)
2026-02-12 12:35:09,212 fastran_pre_constraint_current_5 DEBUG    _get_service_response(REQUEST|fastran_000001@constraint_current@5|FRAMEWORK@Framework@0|88), response = ServiceResponseMessage(sender_id=FRAMEWORK@Framework@0, receiver_id=fastran_000001@constraint_current@5, request_msg_id=REQUEST|fastran_000001@constraint_current@5|FRAMEWORK@Framework@0|88,status=0, args=(<ipsframework.cca_es_spec.Topic object at 0x14e1e9e6a5e0>,), message_id=RESPONSE|FRAMEWORK@Framework@0|fastran_000001@constraint_current@5|702)
2026-02-12 12:35:09,212 fastran_pre_constraint_current_5 DEBUG    _invoke_service(): sendEvent  ('_IPS_MONITOR', 'PORTAL_EVENT', {'sim_name': 'fastran_000001', 'real_sim_name': 'fastran_000001', 'portal_data': {'code': 'fastran_pre_constraint_current', 'eventtype': 'IPS_STAGE_OUTPUTS', 'ok': True, 'walltime': '56.40', 'time': '2026-02-12|12:35:09PST', 'trace': {'timestamp': 1770928509201253, 'duration': 214, 'localEndpoint': {'serviceName': 'stage_output_files'}, 'name': '[]', 'id': 'ed019efe11be26d9', 'parentId': '51bcd39f002697fa', 'tags': {}}, 'state': 'Running', 'comment': 'Elapsed time = 0.000 Path = /pscratch/sd/y/yashu_gh/FREDA_KSTAR_2/ips-fastran/examples/far3d/example1/SCAN/simulation_results/preprocess_8/components/fastran_pre_constraint_current_5 Files = []'}})
2026-02-12 12:35:09,212 fastran_pre_constraint_current_5 DEBUG    _get_service_response(REQUEST|fastran_000001@constraint_current@5|FRAMEWORK@Framework@0|89)
2026-02-12 12:35:09,222 fastran_pre_constraint_current_5 DEBUG    _get_service_response(REQUEST|fastran_000001@constraint_current@5|FRAMEWORK@Framework@0|89), response = ServiceResponseMessage(sender_id=FRAMEWORK@Framework@0, receiver_id=fastran_000001@constraint_current@5, request_msg_id=REQUEST|fastran_000001@constraint_current@5|FRAMEWORK@Framework@0|89,status=0, args=(None,), message_id=RESPONSE|FRAMEWORK@Framework@0|fastran_000001@constraint_current@5|703)
2026-02-12 12:35:09,233 fastran_driver_fastran_driver_2 DEBUG    _get_service_response(REQUEST|fastran_000001@fastran_driver@2|FRAMEWORK@Framework@0|262), response = ServiceResponseMessage(sender_id=FRAMEWORK@Framework@0, receiver_id=fastran_000001@fastran_driver@2, request_msg_id=REQUEST|fastran_000001@fastran_driver@2|FRAMEWORK@Framework@0|262,status=0, args=((None,),), message_id=RESPONSE|FRAMEWORK@Framework@0|fastran_000001@fastran_driver@2|704)
2026-02-12 12:35:09,233 fastran_driver_fastran_driver_2 DEBUG    _invoke_service(): getTopic  ('_IPS_MONITOR',)
2026-02-12 12:35:09,233 fastran_driver_fastran_driver_2 DEBUG    _get_service_response(REQUEST|fastran_000001@fastran_driver@2|FRAMEWORK@Framework@0|263)
2026-02-12 12:35:09,244 fastran_driver_fastran_driver_2 DEBUG    _get_service_response(REQUEST|fastran_000001@fastran_driver@2|FRAMEWORK@Framework@0|263), response = ServiceResponseMessage(sender_id=FRAMEWORK@Framework@0, receiver_id=fastran_000001@fastran_driver@2, request_msg_id=REQUEST|fastran_000001@fastran_driver@2|FRAMEWORK@Framework@0|263,status=0, args=(<ipsframework.cca_es_spec.Topic object at 0x14e1e9e3adf0>,), message_id=RESPONSE|FRAMEWORK@Framework@0|fastran_000001@fastran_driver@2|705)
2026-02-12 12:35:09,244 fastran_driver_fastran_driver_2 DEBUG    _invoke_service(): sendEvent  ('_IPS_MONITOR', 'PORTAL_EVENT', {'sim_name': 'fastran_000001', 'real_sim_name': 'fastran_000001', 'portal_data': {'code': 'fastran_driver_fastran_driver', 'eventtype': 'IPS_CALL_END', 'ok': True, 'walltime': '56.43', 'time': '2026-02-12|12:35:09PST', 'trace': {'timestamp': 1770928508998057, 'duration': 235374, 'localEndpoint': {'serviceName': 'fastran_000001@constraint_current@5'}, 'name': 'step(preprocess_8)', 'id': '51bcd39f002697fa', 'parentId': '15e0663de819b9fa', 'tags': {}}, 'state': 'Running', 'comment': 'Target = fastran_000001@constraint_current@5:step(preprocess_8)'}})
2026-02-12 12:35:09,244 fastran_driver_fastran_driver_2 DEBUG    _get_service_response(REQUEST|fastran_000001@fastran_driver@2|FRAMEWORK@Framework@0|264)
2026-02-12 12:35:09,255 fastran_driver_fastran_driver_2 DEBUG    _get_service_response(REQUEST|fastran_000001@fastran_driver@2|FRAMEWORK@Framework@0|264), response = ServiceResponseMessage(sender_id=FRAMEWORK@Framework@0, receiver_id=fastran_000001@fastran_driver@2, request_msg_id=REQUEST|fastran_000001@fastran_driver@2|FRAMEWORK@Framework@0|264,status=0, args=(None,), message_id=RESPONSE|FRAMEWORK@Framework@0|fastran_000001@fastran_driver@2|706)
2026-02-12 12:35:09,255 fastran_driver_fastran_driver_2 DEBUG    _invoke_service(): getTopic  ('_IPS_MONITOR',)
2026-02-12 12:35:09,255 fastran_driver_fastran_driver_2 DEBUG    _get_service_response(REQUEST|fastran_000001@fastran_driver@2|FRAMEWORK@Framework@0|265)
2026-02-12 12:35:09,266 fastran_driver_fastran_driver_2 DEBUG    _get_service_response(REQUEST|fastran_000001@fastran_driver@2|FRAMEWORK@Framework@0|265), response = ServiceResponseMessage(sender_id=FRAMEWORK@Framework@0, receiver_id=fastran_000001@fastran_driver@2, request_msg_id=REQUEST|fastran_000001@fastran_driver@2|FRAMEWORK@Framework@0|265,status=0, args=(<ipsframework.cca_es_spec.Topic object at 0x14e1e9e3ad90>,), message_id=RESPONSE|FRAMEWORK@Framework@0|fastran_000001@fastran_driver@2|707)
2026-02-12 12:35:09,266 fastran_driver_fastran_driver_2 DEBUG    _invoke_service(): sendEvent  ('_IPS_MONITOR', 'PORTALBRIDGE_UPDATE_TIMESTAMP', {'sim_name': 'fastran_000001', 'real_sim_name': 'fastran_000001', 'portal_data': {'phystimestamp': 'preprocess_9', 'eventtype': 'PORTALBRIDGE_UPDATE_TIMESTAMP'}})
2026-02-12 12:35:09,266 fastran_driver_fastran_driver_2 DEBUG    _get_service_response(REQUEST|fastran_000001@fastran_driver@2|FRAMEWORK@Framework@0|266)
2026-02-12 12:35:09,277 fastran_driver_fastran_driver_2 DEBUG    _get_service_response(REQUEST|fastran_000001@fastran_driver@2|FRAMEWORK@Framework@0|266), response = ServiceResponseMessage(sender_id=FRAMEWORK@Framework@0, receiver_id=fastran_000001@fastran_driver@2, request_msg_id=REQUEST|fastran_000001@fastran_driver@2|FRAMEWORK@Framework@0|266,status=0, args=(None,), message_id=RESPONSE|FRAMEWORK@Framework@0|fastran_000001@fastran_driver@2|708)
2026-02-12 12:35:09,277 fastran_driver_fastran_driver_2 DEBUG    _invoke_service(): getTopic  ('_IPS_MONITOR',)
2026-02-12 12:35:09,277 fastran_driver_fastran_driver_2 DEBUG    _get_service_response(REQUEST|fastran_000001@fastran_driver@2|FRAMEWORK@Framework@0|267)
2026-02-12 12:35:09,288 fastran_driver_fastran_driver_2 DEBUG    _get_service_response(REQUEST|fastran_000001@fastran_driver@2|FRAMEWORK@Framework@0|267), response = ServiceResponseMessage(sender_id=FRAMEWORK@Framework@0, receiver_id=fastran_000001@fastran_driver@2, request_msg_id=REQUEST|fastran_000001@fastran_driver@2|FRAMEWORK@Framework@0|267,status=0, args=(<ipsframework.cca_es_spec.Topic object at 0x14e1e9e3acd0>,), message_id=RESPONSE|FRAMEWORK@Framework@0|fastran_000001@fastran_driver@2|709)
2026-02-12 12:35:09,288 fastran_driver_fastran_driver_2 DEBUG    _invoke_service(): sendEvent  ('_IPS_MONITOR', 'PORTAL_EVENT', {'sim_name': 'fastran_000001', 'real_sim_name': 'fastran_000001', 'portal_data': {'code': 'fastran_driver_fastran_driver', 'eventtype': 'IPS_UPDATE_TIME_STAMP', 'ok': True, 'walltime': '56.47', 'time': '2026-02-12|12:35:09PST', 'state': 'Running', 'comment': 'Timestamp = preprocess_9'}})
2026-02-12 12:35:09,288 fastran_driver_fastran_driver_2 DEBUG    _get_service_response(REQUEST|fastran_000001@fastran_driver@2|FRAMEWORK@Framework@0|268)
2026-02-12 12:35:09,299 fastran_driver_fastran_driver_2 DEBUG    _get_service_response(REQUEST|fastran_000001@fastran_driver@2|FRAMEWORK@Framework@0|268), response = ServiceResponseMessage(sender_id=FRAMEWORK@Framework@0, receiver_id=fastran_000001@fastran_driver@2, request_msg_id=REQUEST|fastran_000001@fastran_driver@2|FRAMEWORK@Framework@0|268,status=0, args=(None,), message_id=RESPONSE|FRAMEWORK@Framework@0|fastran_000001@fastran_driver@2|710)
2026-02-12 12:35:09,299 fastran_driver_fastran_driver_2 DEBUG    _invoke_service(): getTopic  ('_IPS_MONITOR',)
2026-02-12 12:35:09,299 fastran_driver_fastran_driver_2 DEBUG    _get_service_response(REQUEST|fastran_000001@fastran_driver@2|FRAMEWORK@Framework@0|269)
2026-02-12 12:35:09,310 fastran_driver_fastran_driver_2 DEBUG    _get_service_response(REQUEST|fastran_000001@fastran_driver@2|FRAMEWORK@Framework@0|269), response = ServiceResponseMessage(sender_id=FRAMEWORK@Framework@0, receiver_id=fastran_000001@fastran_driver@2, request_msg_id=REQUEST|fastran_000001@fastran_driver@2|FRAMEWORK@Framework@0|269,status=0, args=(<ipsframework.cca_es_spec.Topic object at 0x14e1e9e3adf0>,), message_id=RESPONSE|FRAMEWORK@Framework@0|fastran_000001@fastran_driver@2|711)
2026-02-12 12:35:09,310 fastran_driver_fastran_driver_2 DEBUG    _invoke_service(): sendEvent  ('_IPS_MONITOR', 'PORTAL_EVENT', {'sim_name': 'fastran_000001', 'real_sim_name': 'fastran_000001', 'portal_data': {'code': 'fastran_driver_fastran_driver', 'eventtype': 'IPS_CALL_BEGIN', 'ok': True, 'walltime': '56.50', 'time': '2026-02-12|12:35:09PST', 'state': 'Running', 'comment': 'Target = fastran_000001@efit@3:step(preprocess_9)'}})
2026-02-12 12:35:09,310 fastran_driver_fastran_driver_2 DEBUG    _get_service_response(REQUEST|fastran_000001@fastran_driver@2|FRAMEWORK@Framework@0|270)
2026-02-12 12:35:09,321 fastran_driver_fastran_driver_2 DEBUG    _get_service_response(REQUEST|fastran_000001@fastran_driver@2|FRAMEWORK@Framework@0|270), response = ServiceResponseMessage(sender_id=FRAMEWORK@Framework@0, receiver_id=fastran_000001@fastran_driver@2, request_msg_id=REQUEST|fastran_000001@fastran_driver@2|FRAMEWORK@Framework@0|270,status=0, args=(None,), message_id=RESPONSE|FRAMEWORK@Framework@0|fastran_000001@fastran_driver@2|712)
2026-02-12 12:35:09,321 fastran_driver_fastran_driver_2 DEBUG    _invoke_service(): init_call  ('step', 'preprocess_9')
2026-02-12 12:35:09,321 fastran_driver_fastran_driver_2 DEBUG    _get_service_response(REQUEST|fastran_000001@fastran_driver@2|FRAMEWORK@Framework@0|271)
2026-02-12 12:35:09,322 fastran_eq0_efit_3 DEBUG    Received Message 
2026-02-12 12:35:09,322 fastran_eq0_efit_3 DEBUG    Calling method step(preprocess_9)
2026-02-12 12:35:09,322 fastran_eq0_efit_3 DEBUG    _invoke_service(): stage_state  (['s000001.00001', 'g000001.00001', 'i000001.00001'], '/pscratch/sd/y/yashu_gh/FREDA_KSTAR_2/ips-fastran/examples/far3d/example1/SCAN/work/plasma_state', '/pscratch/sd/y/yashu_gh/FREDA_KSTAR_2/ips-fastran/examples/far3d/example1/SCAN/work/fastran_eq0_efit_3')
2026-02-12 12:35:09,322 fastran_eq0_efit_3 DEBUG    _get_service_response(REQUEST|fastran_000001@efit@3|FRAMEWORK@Framework@0|78)
2026-02-12 12:35:09,332 fastran_driver_fastran_driver_2 DEBUG    _get_service_response(REQUEST|fastran_000001@fastran_driver@2|FRAMEWORK@Framework@0|271), response = ServiceResponseMessage(sender_id=FRAMEWORK@Framework@0, receiver_id=fastran_000001@fastran_driver@2, request_msg_id=REQUEST|fastran_000001@fastran_driver@2|FRAMEWORK@Framework@0|271,status=0, args=(46,), message_id=RESPONSE|FRAMEWORK@Framework@0|fastran_000001@fastran_driver@2|713)
2026-02-12 12:35:09,332 fastran_driver_fastran_driver_2 DEBUG    _invoke_service(): wait_call  (46, True)
2026-02-12 12:35:09,332 fastran_driver_fastran_driver_2 DEBUG    _get_service_response(REQUEST|fastran_000001@fastran_driver@2|FRAMEWORK@Framework@0|272)
2026-02-12 12:35:09,344 fastran_eq0_efit_3 DEBUG    _get_service_response(REQUEST|fastran_000001@efit@3|FRAMEWORK@Framework@0|78), response = ServiceResponseMessage(sender_id=FRAMEWORK@Framework@0, receiver_id=fastran_000001@efit@3, request_msg_id=REQUEST|fastran_000001@efit@3|FRAMEWORK@Framework@0|78,status=0, args=(0,), message_id=RESPONSE|FRAMEWORK@Framework@0|fastran_000001@efit@3|714)
2026-02-12 12:35:09,344 fastran_eq0_efit_3 DEBUG    _invoke_service(): getTopic  ('_IPS_MONITOR',)
2026-02-12 12:35:09,345 fastran_eq0_efit_3 DEBUG    _get_service_response(REQUEST|fastran_000001@efit@3|FRAMEWORK@Framework@0|79)
2026-02-12 12:35:09,355 fastran_eq0_efit_3 DEBUG    _get_service_response(REQUEST|fastran_000001@efit@3|FRAMEWORK@Framework@0|79), response = ServiceResponseMessage(sender_id=FRAMEWORK@Framework@0, receiver_id=fastran_000001@efit@3, request_msg_id=REQUEST|fastran_000001@efit@3|FRAMEWORK@Framework@0|79,status=0, args=(<ipsframework.cca_es_spec.Topic object at 0x14e1e1e0cf40>,), message_id=RESPONSE|FRAMEWORK@Framework@0|fastran_000001@efit@3|715)
2026-02-12 12:35:09,355 fastran_eq0_efit_3 DEBUG    _invoke_service(): sendEvent  ('_IPS_MONITOR', 'PORTAL_EVENT', {'sim_name': 'fastran_000001', 'real_sim_name': 'fastran_000001', 'portal_data': {'code': 'fastran_eq0_efit', 'eventtype': 'IPS_STAGE_STATE', 'ok': True, 'walltime': '56.54', 'time': '2026-02-12|12:35:09PST', 'trace': {'timestamp': 1770928509322730, 'duration': 22003, 'localEndpoint': {'serviceName': 'stage_state'}, 'name': "['s000001.00001', 'g000001.00001', 'i000001.00001']", 'id': '71885aecf25d7412', 'parentId': 'c033cc920a43315b', 'tags': {}}, 'state': 'Running', 'comment': 'Elapsed time = 0.022  files = s000001.00001 g000001.00001 i000001.00001 Success'}})
2026-02-12 12:35:09,355 fastran_eq0_efit_3 DEBUG    _get_service_response(REQUEST|fastran_000001@efit@3|FRAMEWORK@Framework@0|80)
2026-02-12 12:35:09,366 fastran_eq0_efit_3 DEBUG    _get_service_response(REQUEST|fastran_000001@efit@3|FRAMEWORK@Framework@0|80), response = ServiceResponseMessage(sender_id=FRAMEWORK@Framework@0, receiver_id=fastran_000001@efit@3, request_msg_id=REQUEST|fastran_000001@efit@3|FRAMEWORK@Framework@0|80,status=0, args=(None,), message_id=RESPONSE|FRAMEWORK@Framework@0|fastran_000001@efit@3|716)
2026-02-12 12:35:11,295 fastran_eq0_efit_3 DEBUG    _invoke_service(): update_state  (['s000001.00001', 'g000001.00001', 'i000001.00001'], '/pscratch/sd/y/yashu_gh/FREDA_KSTAR_2/ips-fastran/examples/far3d/example1/SCAN/work/fastran_eq0_efit_3', '/pscratch/sd/y/yashu_gh/FREDA_KSTAR_2/ips-fastran/examples/far3d/example1/SCAN/work/plasma_state')
2026-02-12 12:35:11,297 fastran_eq0_efit_3 DEBUG    _get_service_response(REQUEST|fastran_000001@efit@3|FRAMEWORK@Framework@0|81)
2026-02-12 12:35:11,318 fastran_eq0_efit_3 DEBUG    _get_service_response(REQUEST|fastran_000001@efit@3|FRAMEWORK@Framework@0|81), response = ServiceResponseMessage(sender_id=FRAMEWORK@Framework@0, receiver_id=fastran_000001@efit@3, request_msg_id=REQUEST|fastran_000001@efit@3|FRAMEWORK@Framework@0|81,status=0, args=(0,), message_id=RESPONSE|FRAMEWORK@Framework@0|fastran_000001@efit@3|721)
2026-02-12 12:35:11,319 fastran_eq0_efit_3 DEBUG    _invoke_service(): getTopic  ('_IPS_MONITOR',)
2026-02-12 12:35:11,319 fastran_eq0_efit_3 DEBUG    _get_service_response(REQUEST|fastran_000001@efit@3|FRAMEWORK@Framework@0|82)
2026-02-12 12:35:11,329 fastran_eq0_efit_3 DEBUG    _get_service_response(REQUEST|fastran_000001@efit@3|FRAMEWORK@Framework@0|82), response = ServiceResponseMessage(sender_id=FRAMEWORK@Framework@0, receiver_id=fastran_000001@efit@3, request_msg_id=REQUEST|fastran_000001@efit@3|FRAMEWORK@Framework@0|82,status=0, args=(<ipsframework.cca_es_spec.Topic object at 0x14e1e9e62040>,), message_id=RESPONSE|FRAMEWORK@Framework@0|fastran_000001@efit@3|722)
2026-02-12 12:35:11,329 fastran_eq0_efit_3 DEBUG    _invoke_service(): sendEvent  ('_IPS_MONITOR', 'PORTAL_EVENT', {'sim_name': 'fastran_000001', 'real_sim_name': 'fastran_000001', 'portal_data': {'code': 'fastran_eq0_efit', 'eventtype': 'IPS_UPDATE_STATE', 'ok': True, 'walltime': '58.52', 'time': '2026-02-12|12:35:11PST', 'trace': {'timestamp': 1770928511294230, 'duration': 24669, 'localEndpoint': {'serviceName': 'update_state'}, 'name': "['s000001.00001', 'g000001.00001', 'i000001.00001']", 'id': '7629e189a66153c0', 'parentId': 'c033cc920a43315b', 'tags': {}}, 'state': 'Running', 'comment': 'Elapsed time = 0.025   files = s000001.00001 g000001.00001 i000001.00001 Success'}})
2026-02-12 12:35:11,329 fastran_eq0_efit_3 DEBUG    _get_service_response(REQUEST|fastran_000001@efit@3|FRAMEWORK@Framework@0|83)
2026-02-12 12:35:11,340 fastran_eq0_efit_3 DEBUG    _get_service_response(REQUEST|fastran_000001@efit@3|FRAMEWORK@Framework@0|83), response = ServiceResponseMessage(sender_id=FRAMEWORK@Framework@0, receiver_id=fastran_000001@efit@3, request_msg_id=REQUEST|fastran_000001@efit@3|FRAMEWORK@Framework@0|83,status=0, args=(None,), message_id=RESPONSE|FRAMEWORK@Framework@0|fastran_000001@efit@3|723)
2026-02-12 12:35:11,361 fastran_eq0_efit_3 DEBUG    _invoke_service(): getTopic  ('_IPS_MONITOR',)
2026-02-12 12:35:11,361 fastran_eq0_efit_3 DEBUG    _get_service_response(REQUEST|fastran_000001@efit@3|FRAMEWORK@Framework@0|84)
2026-02-12 12:35:11,372 fastran_eq0_efit_3 DEBUG    _get_service_response(REQUEST|fastran_000001@efit@3|FRAMEWORK@Framework@0|84), response = ServiceResponseMessage(sender_id=FRAMEWORK@Framework@0, receiver_id=fastran_000001@efit@3, request_msg_id=REQUEST|fastran_000001@efit@3|FRAMEWORK@Framework@0|84,status=0, args=(<ipsframework.cca_es_spec.Topic object at 0x14e1e9e62100>,), message_id=RESPONSE|FRAMEWORK@Framework@0|fastran_000001@efit@3|724)
2026-02-12 12:35:11,372 fastran_eq0_efit_3 DEBUG    _invoke_service(): sendEvent  ('_IPS_MONITOR', 'PORTAL_EVENT', {'sim_name': 'fastran_000001', 'real_sim_name': 'fastran_000001', 'portal_data': {'code': 'fastran_eq0_efit', 'eventtype': 'IPS_STAGE_OUTPUTS', 'ok': True, 'walltime': '58.56', 'time': '2026-02-12|12:35:11PST', 'trace': {'timestamp': 1770928511340438, 'duration': 21376, 'localEndpoint': {'serviceName': 'stage_output_files'}, 'name': "['g*.*', 'a*.*', 'm*.*', 'k*.*', 'efit.log']", 'id': '7f2cccfefec01030', 'parentId': 'c033cc920a43315b', 'tags': {}}, 'state': 'Running', 'comment': "Elapsed time = 0.021 Path = /pscratch/sd/y/yashu_gh/FREDA_KSTAR_2/ips-fastran/examples/far3d/example1/SCAN/simulation_results/preprocess_9/components/fastran_eq0_efit_3 Files = ['g*.*', 'a*.*', 'm*.*', 'k*.*', 'efit.log']"}})
2026-02-12 12:35:11,372 fastran_eq0_efit_3 DEBUG    _get_service_response(REQUEST|fastran_000001@efit@3|FRAMEWORK@Framework@0|85)
2026-02-12 12:35:11,383 fastran_eq0_efit_3 DEBUG    _get_service_response(REQUEST|fastran_000001@efit@3|FRAMEWORK@Framework@0|85), response = ServiceResponseMessage(sender_id=FRAMEWORK@Framework@0, receiver_id=fastran_000001@efit@3, request_msg_id=REQUEST|fastran_000001@efit@3|FRAMEWORK@Framework@0|85,status=0, args=(None,), message_id=RESPONSE|FRAMEWORK@Framework@0|fastran_000001@efit@3|725)
2026-02-12 12:35:11,394 fastran_driver_fastran_driver_2 DEBUG    _get_service_response(REQUEST|fastran_000001@fastran_driver@2|FRAMEWORK@Framework@0|272), response = ServiceResponseMessage(sender_id=FRAMEWORK@Framework@0, receiver_id=fastran_000001@fastran_driver@2, request_msg_id=REQUEST|fastran_000001@fastran_driver@2|FRAMEWORK@Framework@0|272,status=0, args=((None,),), message_id=RESPONSE|FRAMEWORK@Framework@0|fastran_000001@fastran_driver@2|726)
2026-02-12 12:35:11,394 fastran_driver_fastran_driver_2 DEBUG    _invoke_service(): getTopic  ('_IPS_MONITOR',)
2026-02-12 12:35:11,395 fastran_driver_fastran_driver_2 DEBUG    _get_service_response(REQUEST|fastran_000001@fastran_driver@2|FRAMEWORK@Framework@0|273)
2026-02-12 12:35:11,405 fastran_driver_fastran_driver_2 DEBUG    _get_service_response(REQUEST|fastran_000001@fastran_driver@2|FRAMEWORK@Framework@0|273), response = ServiceResponseMessage(sender_id=FRAMEWORK@Framework@0, receiver_id=fastran_000001@fastran_driver@2, request_msg_id=REQUEST|fastran_000001@fastran_driver@2|FRAMEWORK@Framework@0|273,status=0, args=(<ipsframework.cca_es_spec.Topic object at 0x14e1e9e3acd0>,), message_id=RESPONSE|FRAMEWORK@Framework@0|fastran_000001@fastran_driver@2|727)
2026-02-12 12:35:11,405 fastran_driver_fastran_driver_2 DEBUG    _invoke_service(): sendEvent  ('_IPS_MONITOR', 'PORTAL_EVENT', {'sim_name': 'fastran_000001', 'real_sim_name': 'fastran_000001', 'portal_data': {'code': 'fastran_driver_fastran_driver', 'eventtype': 'IPS_CALL_END', 'ok': True, 'walltime': '58.59', 'time': '2026-02-12|12:35:11PST', 'trace': {'timestamp': 1770928509332485, 'duration': 2062406, 'localEndpoint': {'serviceName': 'fastran_000001@efit@3'}, 'name': 'step(preprocess_9)', 'id': 'c033cc920a43315b', 'parentId': '15e0663de819b9fa', 'tags': {}}, 'state': 'Running', 'comment': 'Target = fastran_000001@efit@3:step(preprocess_9)'}})
2026-02-12 12:35:11,405 fastran_driver_fastran_driver_2 DEBUG    _get_service_response(REQUEST|fastran_000001@fastran_driver@2|FRAMEWORK@Framework@0|274)
2026-02-12 12:35:11,416 fastran_driver_fastran_driver_2 DEBUG    _get_service_response(REQUEST|fastran_000001@fastran_driver@2|FRAMEWORK@Framework@0|274), response = ServiceResponseMessage(sender_id=FRAMEWORK@Framework@0, receiver_id=fastran_000001@fastran_driver@2, request_msg_id=REQUEST|fastran_000001@fastran_driver@2|FRAMEWORK@Framework@0|274,status=0, args=(None,), message_id=RESPONSE|FRAMEWORK@Framework@0|fastran_000001@fastran_driver@2|728)
2026-02-12 12:35:11,416 fastran_driver_fastran_driver_2 DEBUG    _invoke_service(): getTopic  ('_IPS_MONITOR',)
2026-02-12 12:35:11,416 fastran_driver_fastran_driver_2 DEBUG    _get_service_response(REQUEST|fastran_000001@fastran_driver@2|FRAMEWORK@Framework@0|275)
2026-02-12 12:35:11,426 fastran_driver_fastran_driver_2 DEBUG    _get_service_response(REQUEST|fastran_000001@fastran_driver@2|FRAMEWORK@Framework@0|275), response = ServiceResponseMessage(sender_id=FRAMEWORK@Framework@0, receiver_id=fastran_000001@fastran_driver@2, request_msg_id=REQUEST|fastran_000001@fastran_driver@2|FRAMEWORK@Framework@0|275,status=0, args=(<ipsframework.cca_es_spec.Topic object at 0x14e1e9e3ad90>,), message_id=RESPONSE|FRAMEWORK@Framework@0|fastran_000001@fastran_driver@2|729)
2026-02-12 12:35:11,426 fastran_driver_fastran_driver_2 DEBUG    _invoke_service(): sendEvent  ('_IPS_MONITOR', 'PORTAL_EVENT', {'sim_name': 'fastran_000001', 'real_sim_name': 'fastran_000001', 'portal_data': {'code': 'fastran_driver_fastran_driver', 'eventtype': 'IPS_CALL_BEGIN', 'ok': True, 'walltime': '58.61', 'time': '2026-02-12|12:35:11PST', 'state': 'Running', 'comment': 'Target = fastran_000001@fastran@4:step(preprocess_9)'}})
2026-02-12 12:35:11,426 fastran_driver_fastran_driver_2 DEBUG    _get_service_response(REQUEST|fastran_000001@fastran_driver@2|FRAMEWORK@Framework@0|276)
2026-02-12 12:35:11,437 fastran_driver_fastran_driver_2 DEBUG    _get_service_response(REQUEST|fastran_000001@fastran_driver@2|FRAMEWORK@Framework@0|276), response = ServiceResponseMessage(sender_id=FRAMEWORK@Framework@0, receiver_id=fastran_000001@fastran_driver@2, request_msg_id=REQUEST|fastran_000001@fastran_driver@2|FRAMEWORK@Framework@0|276,status=0, args=(None,), message_id=RESPONSE|FRAMEWORK@Framework@0|fastran_000001@fastran_driver@2|730)
2026-02-12 12:35:11,437 fastran_driver_fastran_driver_2 DEBUG    _invoke_service(): init_call  ('step', 'preprocess_9')
2026-02-12 12:35:11,437 fastran_driver_fastran_driver_2 DEBUG    _get_service_response(REQUEST|fastran_000001@fastran_driver@2|FRAMEWORK@Framework@0|277)
2026-02-12 12:35:11,437 fastran_tr0_fastran_4 DEBUG    Received Message 
2026-02-12 12:35:11,437 fastran_tr0_fastran_4 DEBUG    Calling method step(preprocess_9)
2026-02-12 12:35:11,438 fastran_tr0_fastran_4 DEBUG    _invoke_service(): stage_state  (['s000001.00001', 'g000001.00001', 'i000001.00001'], '/pscratch/sd/y/yashu_gh/FREDA_KSTAR_2/ips-fastran/examples/far3d/example1/SCAN/work/plasma_state', '/pscratch/sd/y/yashu_gh/FREDA_KSTAR_2/ips-fastran/examples/far3d/example1/SCAN/work/fastran_tr0_fastran_4')
2026-02-12 12:35:11,438 fastran_tr0_fastran_4 DEBUG    _get_service_response(REQUEST|fastran_000001@fastran@4|FRAMEWORK@Framework@0|144)
2026-02-12 12:35:11,447 fastran_driver_fastran_driver_2 DEBUG    _get_service_response(REQUEST|fastran_000001@fastran_driver@2|FRAMEWORK@Framework@0|277), response = ServiceResponseMessage(sender_id=FRAMEWORK@Framework@0, receiver_id=fastran_000001@fastran_driver@2, request_msg_id=REQUEST|fastran_000001@fastran_driver@2|FRAMEWORK@Framework@0|277,status=0, args=(47,), message_id=RESPONSE|FRAMEWORK@Framework@0|fastran_000001@fastran_driver@2|731)
2026-02-12 12:35:11,447 fastran_driver_fastran_driver_2 DEBUG    _invoke_service(): wait_call  (47, True)
2026-02-12 12:35:11,447 fastran_driver_fastran_driver_2 DEBUG    _get_service_response(REQUEST|fastran_000001@fastran_driver@2|FRAMEWORK@Framework@0|278)
2026-02-12 12:35:11,458 fastran_tr0_fastran_4 DEBUG    _get_service_response(REQUEST|fastran_000001@fastran@4|FRAMEWORK@Framework@0|144), response = ServiceResponseMessage(sender_id=FRAMEWORK@Framework@0, receiver_id=fastran_000001@fastran@4, request_msg_id=REQUEST|fastran_000001@fastran@4|FRAMEWORK@Framework@0|144,status=0, args=(0,), message_id=RESPONSE|FRAMEWORK@Framework@0|fastran_000001@fastran@4|732)
2026-02-12 12:35:11,458 fastran_tr0_fastran_4 DEBUG    _invoke_service(): getTopic  ('_IPS_MONITOR',)
2026-02-12 12:35:11,458 fastran_tr0_fastran_4 DEBUG    _get_service_response(REQUEST|fastran_000001@fastran@4|FRAMEWORK@Framework@0|145)
2026-02-12 12:35:11,469 fastran_tr0_fastran_4 DEBUG    _get_service_response(REQUEST|fastran_000001@fastran@4|FRAMEWORK@Framework@0|145), response = ServiceResponseMessage(sender_id=FRAMEWORK@Framework@0, receiver_id=fastran_000001@fastran@4, request_msg_id=REQUEST|fastran_000001@fastran@4|FRAMEWORK@Framework@0|145,status=0, args=(<ipsframework.cca_es_spec.Topic object at 0x14e1e1e13a60>,), message_id=RESPONSE|FRAMEWORK@Framework@0|fastran_000001@fastran@4|733)
2026-02-12 12:35:11,469 fastran_tr0_fastran_4 DEBUG    _invoke_service(): sendEvent  ('_IPS_MONITOR', 'PORTAL_EVENT', {'sim_name': 'fastran_000001', 'real_sim_name': 'fastran_000001', 'portal_data': {'code': 'fastran_tr0_fastran', 'eventtype': 'IPS_STAGE_STATE', 'ok': True, 'walltime': '58.66', 'time': '2026-02-12|12:35:11PST', 'trace': {'timestamp': 1770928511438093, 'duration': 20695, 'localEndpoint': {'serviceName': 'stage_state'}, 'name': "['s000001.00001', 'g000001.00001', 'i000001.00001']", 'id': '71885aecf25d7412', 'parentId': '291b2d014cdbaa5b', 'tags': {}}, 'state': 'Running', 'comment': 'Elapsed time = 0.021  files = s000001.00001 g000001.00001 i000001.00001 Success'}})
2026-02-12 12:35:11,469 fastran_tr0_fastran_4 DEBUG    _get_service_response(REQUEST|fastran_000001@fastran@4|FRAMEWORK@Framework@0|146)
2026-02-12 12:35:11,480 fastran_tr0_fastran_4 DEBUG    _get_service_response(REQUEST|fastran_000001@fastran@4|FRAMEWORK@Framework@0|146), response = ServiceResponseMessage(sender_id=FRAMEWORK@Framework@0, receiver_id=fastran_000001@fastran@4, request_msg_id=REQUEST|fastran_000001@fastran@4|FRAMEWORK@Framework@0|146,status=0, args=(None,), message_id=RESPONSE|FRAMEWORK@Framework@0|fastran_000001@fastran@4|734)
2026-02-12 12:35:11,488 fastran_tr0_fastran_4 DEBUG    _invoke_service(): getTopic  ('_IPS_MONITOR',)
2026-02-12 12:35:11,488 fastran_tr0_fastran_4 DEBUG    _get_service_response(REQUEST|fastran_000001@fastran@4|FRAMEWORK@Framework@0|147)
2026-02-12 12:35:11,499 fastran_tr0_fastran_4 DEBUG    _get_service_response(REQUEST|fastran_000001@fastran@4|FRAMEWORK@Framework@0|147), response = ServiceResponseMessage(sender_id=FRAMEWORK@Framework@0, receiver_id=fastran_000001@fastran@4, request_msg_id=REQUEST|fastran_000001@fastran@4|FRAMEWORK@Framework@0|147,status=0, args=(<ipsframework.cca_es_spec.Topic object at 0x14e1e9e45f70>,), message_id=RESPONSE|FRAMEWORK@Framework@0|fastran_000001@fastran@4|735)
2026-02-12 12:35:11,499 fastran_tr0_fastran_4 DEBUG    _invoke_service(): sendEvent  ('_IPS_MONITOR', 'PORTAL_EVENT', {'sim_name': 'fastran_000001', 'real_sim_name': 'fastran_000001', 'portal_data': {'code': 'fastran_tr0_fastran', 'eventtype': 'IPS_STAGE_INPUTS', 'ok': True, 'walltime': '58.69', 'time': '2026-02-12|12:35:11PST', 'trace': {'timestamp': 1770928511480550, 'duration': 8076, 'localEndpoint': {'serviceName': 'stage_input_files'}, 'name': 'infastran0 intglf', 'id': 'dca1af508bf5af99', 'parentId': '291b2d014cdbaa5b', 'tags': {}}, 'state': 'Running', 'comment': 'Elapsed time = 0.008 Path = /pscratch/sd/y/yashu_gh/FREDA_KSTAR_2/ips-fastran/examples/far3d/example1/input Files = infastran0 intglf'}})
2026-02-12 12:35:11,499 fastran_tr0_fastran_4 DEBUG    _get_service_response(REQUEST|fastran_000001@fastran@4|FRAMEWORK@Framework@0|148)
2026-02-12 12:35:11,509 fastran_tr0_fastran_4 DEBUG    _get_service_response(REQUEST|fastran_000001@fastran@4|FRAMEWORK@Framework@0|148), response = ServiceResponseMessage(sender_id=FRAMEWORK@Framework@0, receiver_id=fastran_000001@fastran@4, request_msg_id=REQUEST|fastran_000001@fastran@4|FRAMEWORK@Framework@0|148,status=0, args=(None,), message_id=RESPONSE|FRAMEWORK@Framework@0|fastran_000001@fastran@4|736)
2026-02-12 12:35:11,642 fastran_tr0_fastran_4 DEBUG    _invoke_service(): init_task  (TaskInit(nproc=1, binary='/global/common/software/atom/perlmutter/binaries/fastran/default/xfastran_ver1.00_ser', working_dir='/pscratch/sd/y/yashu_gh/FREDA_KSTAR_2/ips-fastran/examples/far3d/example1/SCAN/work/fastran_tr0_fastran_4', tppn=0, tcpp=0, tgpp=0, block=True, omp=False, wnodes=True, wsocks=True, cmd_args=('1', '1')),)
2026-02-12 12:35:11,643 fastran_tr0_fastran_4 DEBUG    _get_service_response(REQUEST|fastran_000001@fastran@4|FRAMEWORK@Framework@0|149)
2026-02-12 12:35:11,653 fastran_tr0_fastran_4 DEBUG    _get_service_response(REQUEST|fastran_000001@fastran@4|FRAMEWORK@Framework@0|149), response = ServiceResponseMessage(sender_id=FRAMEWORK@Framework@0, receiver_id=fastran_000001@fastran@4, request_msg_id=REQUEST|fastran_000001@fastran@4|FRAMEWORK@Framework@0|149,status=0, args=((11, 'srun -N 1 -n 1 -c 128 --threads-per-core=1 --cpu-bind=cores /global/common/software/atom/perlmutter/binaries/fastran/default/xfastran_ver1.00_ser 1 1', None, 128),), message_id=RESPONSE|FRAMEWORK@Framework@0|fastran_000001@fastran@4|737)
2026-02-12 12:35:11,655 fastran_tr0_fastran_4 DEBUG    Launching command : srun -N 1 -n 1 -c 128 --threads-per-core=1 --cpu-bind=cores /global/common/software/atom/perlmutter/binaries/fastran/default/xfastran_ver1.00_ser 1 1
2026-02-12 12:35:11,669 fastran_tr0_fastran_4 DEBUG    _invoke_service(): getTopic  ('_IPS_MONITOR',)
2026-02-12 12:35:11,669 fastran_tr0_fastran_4 DEBUG    _get_service_response(REQUEST|fastran_000001@fastran@4|FRAMEWORK@Framework@0|150)
2026-02-12 12:35:11,680 fastran_tr0_fastran_4 DEBUG    _get_service_response(REQUEST|fastran_000001@fastran@4|FRAMEWORK@Framework@0|150), response = ServiceResponseMessage(sender_id=FRAMEWORK@Framework@0, receiver_id=fastran_000001@fastran@4, request_msg_id=REQUEST|fastran_000001@fastran@4|FRAMEWORK@Framework@0|150,status=0, args=(<ipsframework.cca_es_spec.Topic object at 0x14e1e1e1d940>,), message_id=RESPONSE|FRAMEWORK@Framework@0|fastran_000001@fastran@4|738)
2026-02-12 12:35:11,680 fastran_tr0_fastran_4 DEBUG    _invoke_service(): sendEvent  ('_IPS_MONITOR', 'PORTAL_EVENT', {'sim_name': 'fastran_000001', 'real_sim_name': 'fastran_000001', 'portal_data': {'code': 'fastran_tr0_fastran', 'eventtype': 'IPS_LAUNCH_TASK', 'ok': True, 'walltime': '58.87', 'time': '2026-02-12|12:35:11PST', 'state': 'Running', 'comment': 'task_id = 11 , Tag = None , nproc = 1 , Target = srun -N 1 -n 1 -c 128 --threads-per-core=1 --cpu-bind=cores /global/common/software/atom/perlmutter/binaries/fastran/default/xfastran_ver1.00_ser 1 1'}})
2026-02-12 12:35:11,680 fastran_tr0_fastran_4 DEBUG    _get_service_response(REQUEST|fastran_000001@fastran@4|FRAMEWORK@Framework@0|151)
2026-02-12 12:35:11,691 fastran_tr0_fastran_4 DEBUG    _get_service_response(REQUEST|fastran_000001@fastran@4|FRAMEWORK@Framework@0|151), response = ServiceResponseMessage(sender_id=FRAMEWORK@Framework@0, receiver_id=fastran_000001@fastran@4, request_msg_id=REQUEST|fastran_000001@fastran@4|FRAMEWORK@Framework@0|151,status=0, args=(None,), message_id=RESPONSE|FRAMEWORK@Framework@0|fastran_000001@fastran@4|739)
2026-02-12 12:35:11,953 fastran_tr0_fastran_4 DEBUG    _invoke_service(): getTopic  ('_IPS_MONITOR',)
2026-02-12 12:35:11,953 fastran_tr0_fastran_4 DEBUG    _get_service_response(REQUEST|fastran_000001@fastran@4|FRAMEWORK@Framework@0|152)
2026-02-12 12:35:11,963 fastran_tr0_fastran_4 DEBUG    _get_service_response(REQUEST|fastran_000001@fastran@4|FRAMEWORK@Framework@0|152), response = ServiceResponseMessage(sender_id=FRAMEWORK@Framework@0, receiver_id=fastran_000001@fastran@4, request_msg_id=REQUEST|fastran_000001@fastran@4|FRAMEWORK@Framework@0|152,status=0, args=(<ipsframework.cca_es_spec.Topic object at 0x14e1e1e1dc10>,), message_id=RESPONSE|FRAMEWORK@Framework@0|fastran_000001@fastran@4|741)
2026-02-12 12:35:11,963 fastran_tr0_fastran_4 DEBUG    _invoke_service(): sendEvent  ('_IPS_MONITOR', 'PORTAL_EVENT', {'sim_name': 'fastran_000001', 'real_sim_name': 'fastran_000001', 'portal_data': {'code': 'fastran_tr0_fastran', 'eventtype': 'IPS_TASK_END', 'ok': True, 'walltime': '59.15', 'time': '2026-02-12|12:35:11PST', 'trace': {'timestamp': 1770928511669232, 'duration': 283836, 'localEndpoint': {'serviceName': '/global/common/software/atom/perlmutter/binaries/fastran/default/xfastran_ver1.00_ser'}, 'name': '1 1', 'id': '6e717b8c5e8abbec', 'parentId': '291b2d014cdbaa5b', 'tags': {'procs_requested': '1', 'cores_allocated': '128'}}, 'state': 'Running', 'comment': 'task_id = 11  elapsed time = 0.28 S'}})
2026-02-12 12:35:11,963 fastran_tr0_fastran_4 DEBUG    _get_service_response(REQUEST|fastran_000001@fastran@4|FRAMEWORK@Framework@0|153)
2026-02-12 12:35:11,974 fastran_tr0_fastran_4 DEBUG    _get_service_response(REQUEST|fastran_000001@fastran@4|FRAMEWORK@Framework@0|153), response = ServiceResponseMessage(sender_id=FRAMEWORK@Framework@0, receiver_id=fastran_000001@fastran@4, request_msg_id=REQUEST|fastran_000001@fastran@4|FRAMEWORK@Framework@0|153,status=0, args=(None,), message_id=RESPONSE|FRAMEWORK@Framework@0|fastran_000001@fastran@4|742)
2026-02-12 12:35:11,974 fastran_tr0_fastran_4 DEBUG    _invoke_service(): finish_task  (11, 0)
2026-02-12 12:35:11,974 fastran_tr0_fastran_4 DEBUG    _get_service_response(REQUEST|fastran_000001@fastran@4|FRAMEWORK@Framework@0|154)
2026-02-12 12:35:11,985 fastran_tr0_fastran_4 DEBUG    _get_service_response(REQUEST|fastran_000001@fastran@4|FRAMEWORK@Framework@0|154), response = ServiceResponseMessage(sender_id=FRAMEWORK@Framework@0, receiver_id=fastran_000001@fastran@4, request_msg_id=REQUEST|fastran_000001@fastran@4|FRAMEWORK@Framework@0|154,status=0, args=(0,), message_id=RESPONSE|FRAMEWORK@Framework@0|fastran_000001@fastran@4|743)
2026-02-12 12:35:12,148 fastran_tr0_fastran_4 DEBUG    _invoke_service(): update_state  (['s000001.00001', 'g000001.00001', 'i000001.00001'], '/pscratch/sd/y/yashu_gh/FREDA_KSTAR_2/ips-fastran/examples/far3d/example1/SCAN/work/fastran_tr0_fastran_4', '/pscratch/sd/y/yashu_gh/FREDA_KSTAR_2/ips-fastran/examples/far3d/example1/SCAN/work/plasma_state')
2026-02-12 12:35:12,148 fastran_tr0_fastran_4 DEBUG    _get_service_response(REQUEST|fastran_000001@fastran@4|FRAMEWORK@Framework@0|155)
2026-02-12 12:35:12,168 fastran_tr0_fastran_4 DEBUG    _get_service_response(REQUEST|fastran_000001@fastran@4|FRAMEWORK@Framework@0|155), response = ServiceResponseMessage(sender_id=FRAMEWORK@Framework@0, receiver_id=fastran_000001@fastran@4, request_msg_id=REQUEST|fastran_000001@fastran@4|FRAMEWORK@Framework@0|155,status=0, args=(0,), message_id=RESPONSE|FRAMEWORK@Framework@0|fastran_000001@fastran@4|744)
2026-02-12 12:35:12,169 fastran_tr0_fastran_4 DEBUG    _invoke_service(): getTopic  ('_IPS_MONITOR',)
2026-02-12 12:35:12,169 fastran_tr0_fastran_4 DEBUG    _get_service_response(REQUEST|fastran_000001@fastran@4|FRAMEWORK@Framework@0|156)
2026-02-12 12:35:12,179 fastran_tr0_fastran_4 DEBUG    _get_service_response(REQUEST|fastran_000001@fastran@4|FRAMEWORK@Framework@0|156), response = ServiceResponseMessage(sender_id=FRAMEWORK@Framework@0, receiver_id=fastran_000001@fastran@4, request_msg_id=REQUEST|fastran_000001@fastran@4|FRAMEWORK@Framework@0|156,status=0, args=(<ipsframework.cca_es_spec.Topic object at 0x14e1e1e05610>,), message_id=RESPONSE|FRAMEWORK@Framework@0|fastran_000001@fastran@4|745)
2026-02-12 12:35:12,179 fastran_tr0_fastran_4 DEBUG    _invoke_service(): sendEvent  ('_IPS_MONITOR', 'PORTAL_EVENT', {'sim_name': 'fastran_000001', 'real_sim_name': 'fastran_000001', 'portal_data': {'code': 'fastran_tr0_fastran', 'eventtype': 'IPS_UPDATE_STATE', 'ok': True, 'walltime': '59.37', 'time': '2026-02-12|12:35:12PST', 'trace': {'timestamp': 1770928512148606, 'duration': 20363, 'localEndpoint': {'serviceName': 'update_state'}, 'name': "['s000001.00001', 'g000001.00001', 'i000001.00001']", 'id': '7629e189a66153c0', 'parentId': '291b2d014cdbaa5b', 'tags': {}}, 'state': 'Running', 'comment': 'Elapsed time = 0.020   files = s000001.00001 g000001.00001 i000001.00001 Success'}})
2026-02-12 12:35:12,179 fastran_tr0_fastran_4 DEBUG    _get_service_response(REQUEST|fastran_000001@fastran@4|FRAMEWORK@Framework@0|157)
2026-02-12 12:35:12,190 fastran_tr0_fastran_4 DEBUG    _get_service_response(REQUEST|fastran_000001@fastran@4|FRAMEWORK@Framework@0|157), response = ServiceResponseMessage(sender_id=FRAMEWORK@Framework@0, receiver_id=fastran_000001@fastran@4, request_msg_id=REQUEST|fastran_000001@fastran@4|FRAMEWORK@Framework@0|157,status=0, args=(None,), message_id=RESPONSE|FRAMEWORK@Framework@0|fastran_000001@fastran@4|746)
2026-02-12 12:35:12,211 fastran_tr0_fastran_4 DEBUG    _invoke_service(): getTopic  ('_IPS_MONITOR',)
2026-02-12 12:35:12,211 fastran_tr0_fastran_4 DEBUG    _get_service_response(REQUEST|fastran_000001@fastran@4|FRAMEWORK@Framework@0|158)
2026-02-12 12:35:12,222 fastran_tr0_fastran_4 DEBUG    _get_service_response(REQUEST|fastran_000001@fastran@4|FRAMEWORK@Framework@0|158), response = ServiceResponseMessage(sender_id=FRAMEWORK@Framework@0, receiver_id=fastran_000001@fastran@4, request_msg_id=REQUEST|fastran_000001@fastran@4|FRAMEWORK@Framework@0|158,status=0, args=(<ipsframework.cca_es_spec.Topic object at 0x14e1e1e05760>,), message_id=RESPONSE|FRAMEWORK@Framework@0|fastran_000001@fastran@4|747)
2026-02-12 12:35:12,222 fastran_tr0_fastran_4 DEBUG    _invoke_service(): sendEvent  ('_IPS_MONITOR', 'PORTAL_EVENT', {'sim_name': 'fastran_000001', 'real_sim_name': 'fastran_000001', 'portal_data': {'code': 'fastran_tr0_fastran', 'eventtype': 'IPS_STAGE_OUTPUTS', 'ok': True, 'walltime': '59.41', 'time': '2026-02-12|12:35:12PST', 'trace': {'timestamp': 1770928512190389, 'duration': 21417, 'localEndpoint': {'serviceName': 'stage_output_files'}, 'name': "['fastran.nc', 'inprof', 'inmetric', 'infastran', 'intglf', 'xfastran.log', 'i000001.00001']", 'id': '7349cfaaafc33980', 'parentId': '291b2d014cdbaa5b', 'tags': {}}, 'state': 'Running', 'comment': "Elapsed time = 0.021 Path = /pscratch/sd/y/yashu_gh/FREDA_KSTAR_2/ips-fastran/examples/far3d/example1/SCAN/simulation_results/preprocess_9/components/fastran_tr0_fastran_4 Files = ['fastran.nc', 'inprof', 'inmetric', 'infastran', 'intglf', 'xfastran.log', 'i000001.00001']"}})
2026-02-12 12:35:12,222 fastran_tr0_fastran_4 DEBUG    _get_service_response(REQUEST|fastran_000001@fastran@4|FRAMEWORK@Framework@0|159)
2026-02-12 12:35:12,232 fastran_tr0_fastran_4 DEBUG    _get_service_response(REQUEST|fastran_000001@fastran@4|FRAMEWORK@Framework@0|159), response = ServiceResponseMessage(sender_id=FRAMEWORK@Framework@0, receiver_id=fastran_000001@fastran@4, request_msg_id=REQUEST|fastran_000001@fastran@4|FRAMEWORK@Framework@0|159,status=0, args=(None,), message_id=RESPONSE|FRAMEWORK@Framework@0|fastran_000001@fastran@4|748)
2026-02-12 12:35:12,243 fastran_driver_fastran_driver_2 DEBUG    _get_service_response(REQUEST|fastran_000001@fastran_driver@2|FRAMEWORK@Framework@0|278), response = ServiceResponseMessage(sender_id=FRAMEWORK@Framework@0, receiver_id=fastran_000001@fastran_driver@2, request_msg_id=REQUEST|fastran_000001@fastran_driver@2|FRAMEWORK@Framework@0|278,status=0, args=((None,),), message_id=RESPONSE|FRAMEWORK@Framework@0|fastran_000001@fastran_driver@2|749)
2026-02-12 12:35:12,243 fastran_driver_fastran_driver_2 DEBUG    _invoke_service(): getTopic  ('_IPS_MONITOR',)
2026-02-12 12:35:12,243 fastran_driver_fastran_driver_2 DEBUG    _get_service_response(REQUEST|fastran_000001@fastran_driver@2|FRAMEWORK@Framework@0|279)
2026-02-12 12:35:12,254 fastran_driver_fastran_driver_2 DEBUG    _get_service_response(REQUEST|fastran_000001@fastran_driver@2|FRAMEWORK@Framework@0|279), response = ServiceResponseMessage(sender_id=FRAMEWORK@Framework@0, receiver_id=fastran_000001@fastran_driver@2, request_msg_id=REQUEST|fastran_000001@fastran_driver@2|FRAMEWORK@Framework@0|279,status=0, args=(<ipsframework.cca_es_spec.Topic object at 0x14e1e9e3acd0>,), message_id=RESPONSE|FRAMEWORK@Framework@0|fastran_000001@fastran_driver@2|751)
2026-02-12 12:35:12,254 fastran_driver_fastran_driver_2 DEBUG    _invoke_service(): sendEvent  ('_IPS_MONITOR', 'PORTAL_EVENT', {'sim_name': 'fastran_000001', 'real_sim_name': 'fastran_000001', 'portal_data': {'code': 'fastran_driver_fastran_driver', 'eventtype': 'IPS_CALL_END', 'ok': True, 'walltime': '59.44', 'time': '2026-02-12|12:35:12PST', 'trace': {'timestamp': 1770928511447815, 'duration': 795974, 'localEndpoint': {'serviceName': 'fastran_000001@fastran@4'}, 'name': 'step(preprocess_9)', 'id': '291b2d014cdbaa5b', 'parentId': '15e0663de819b9fa', 'tags': {}}, 'state': 'Running', 'comment': 'Target = fastran_000001@fastran@4:step(preprocess_9)'}})
2026-02-12 12:35:12,254 fastran_driver_fastran_driver_2 DEBUG    _get_service_response(REQUEST|fastran_000001@fastran_driver@2|FRAMEWORK@Framework@0|280)
2026-02-12 12:35:12,265 fastran_driver_fastran_driver_2 DEBUG    _get_service_response(REQUEST|fastran_000001@fastran_driver@2|FRAMEWORK@Framework@0|280), response = ServiceResponseMessage(sender_id=FRAMEWORK@Framework@0, receiver_id=fastran_000001@fastran_driver@2, request_msg_id=REQUEST|fastran_000001@fastran_driver@2|FRAMEWORK@Framework@0|280,status=0, args=(None,), message_id=RESPONSE|FRAMEWORK@Framework@0|fastran_000001@fastran_driver@2|752)
2026-02-12 12:35:12,265 fastran_driver_fastran_driver_2 DEBUG    _invoke_service(): getTopic  ('_IPS_MONITOR',)
2026-02-12 12:35:12,265 fastran_driver_fastran_driver_2 DEBUG    _get_service_response(REQUEST|fastran_000001@fastran_driver@2|FRAMEWORK@Framework@0|281)
2026-02-12 12:35:12,276 fastran_driver_fastran_driver_2 DEBUG    _get_service_response(REQUEST|fastran_000001@fastran_driver@2|FRAMEWORK@Framework@0|281), response = ServiceResponseMessage(sender_id=FRAMEWORK@Framework@0, receiver_id=fastran_000001@fastran_driver@2, request_msg_id=REQUEST|fastran_000001@fastran_driver@2|FRAMEWORK@Framework@0|281,status=0, args=(<ipsframework.cca_es_spec.Topic object at 0x14e1e9e3aca0>,), message_id=RESPONSE|FRAMEWORK@Framework@0|fastran_000001@fastran_driver@2|753)
2026-02-12 12:35:12,276 fastran_driver_fastran_driver_2 DEBUG    _invoke_service(): sendEvent  ('_IPS_MONITOR', 'PORTAL_EVENT', {'sim_name': 'fastran_000001', 'real_sim_name': 'fastran_000001', 'portal_data': {'code': 'fastran_driver_fastran_driver', 'eventtype': 'IPS_CALL_BEGIN', 'ok': True, 'walltime': '59.46', 'time': '2026-02-12|12:35:12PST', 'state': 'Running', 'comment': 'Target = fastran_000001@constraint_current@5:step(preprocess_9)'}})
2026-02-12 12:35:12,276 fastran_driver_fastran_driver_2 DEBUG    _get_service_response(REQUEST|fastran_000001@fastran_driver@2|FRAMEWORK@Framework@0|282)
2026-02-12 12:35:12,287 fastran_driver_fastran_driver_2 DEBUG    _get_service_response(REQUEST|fastran_000001@fastran_driver@2|FRAMEWORK@Framework@0|282), response = ServiceResponseMessage(sender_id=FRAMEWORK@Framework@0, receiver_id=fastran_000001@fastran_driver@2, request_msg_id=REQUEST|fastran_000001@fastran_driver@2|FRAMEWORK@Framework@0|282,status=0, args=(None,), message_id=RESPONSE|FRAMEWORK@Framework@0|fastran_000001@fastran_driver@2|754)
2026-02-12 12:35:12,287 fastran_driver_fastran_driver_2 DEBUG    _invoke_service(): init_call  ('step', 'preprocess_9')
2026-02-12 12:35:12,287 fastran_driver_fastran_driver_2 DEBUG    _get_service_response(REQUEST|fastran_000001@fastran_driver@2|FRAMEWORK@Framework@0|283)
2026-02-12 12:35:12,288 fastran_pre_constraint_current_5 DEBUG    Received Message 
2026-02-12 12:35:12,288 fastran_pre_constraint_current_5 DEBUG    Calling method step(preprocess_9)
2026-02-12 12:35:12,288 fastran_pre_constraint_current_5 DEBUG    _invoke_service(): stage_state  (['s000001.00001', 'g000001.00001', 'i000001.00001'], '/pscratch/sd/y/yashu_gh/FREDA_KSTAR_2/ips-fastran/examples/far3d/example1/SCAN/work/plasma_state', '/pscratch/sd/y/yashu_gh/FREDA_KSTAR_2/ips-fastran/examples/far3d/example1/SCAN/work/fastran_pre_constraint_current_5')
2026-02-12 12:35:12,288 fastran_pre_constraint_current_5 DEBUG    _get_service_response(REQUEST|fastran_000001@constraint_current@5|FRAMEWORK@Framework@0|90)
2026-02-12 12:35:12,298 fastran_driver_fastran_driver_2 DEBUG    _get_service_response(REQUEST|fastran_000001@fastran_driver@2|FRAMEWORK@Framework@0|283), response = ServiceResponseMessage(sender_id=FRAMEWORK@Framework@0, receiver_id=fastran_000001@fastran_driver@2, request_msg_id=REQUEST|fastran_000001@fastran_driver@2|FRAMEWORK@Framework@0|283,status=0, args=(48,), message_id=RESPONSE|FRAMEWORK@Framework@0|fastran_000001@fastran_driver@2|755)
2026-02-12 12:35:12,298 fastran_driver_fastran_driver_2 DEBUG    _invoke_service(): wait_call  (48, True)
2026-02-12 12:35:12,298 fastran_driver_fastran_driver_2 DEBUG    _get_service_response(REQUEST|fastran_000001@fastran_driver@2|FRAMEWORK@Framework@0|284)
2026-02-12 12:35:12,310 fastran_pre_constraint_current_5 DEBUG    _get_service_response(REQUEST|fastran_000001@constraint_current@5|FRAMEWORK@Framework@0|90), response = ServiceResponseMessage(sender_id=FRAMEWORK@Framework@0, receiver_id=fastran_000001@constraint_current@5, request_msg_id=REQUEST|fastran_000001@constraint_current@5|FRAMEWORK@Framework@0|90,status=0, args=(0,), message_id=RESPONSE|FRAMEWORK@Framework@0|fastran_000001@constraint_current@5|756)
2026-02-12 12:35:12,310 fastran_pre_constraint_current_5 DEBUG    _invoke_service(): getTopic  ('_IPS_MONITOR',)
2026-02-12 12:35:12,310 fastran_pre_constraint_current_5 DEBUG    _get_service_response(REQUEST|fastran_000001@constraint_current@5|FRAMEWORK@Framework@0|91)
2026-02-12 12:35:12,321 fastran_pre_constraint_current_5 DEBUG    _get_service_response(REQUEST|fastran_000001@constraint_current@5|FRAMEWORK@Framework@0|91), response = ServiceResponseMessage(sender_id=FRAMEWORK@Framework@0, receiver_id=fastran_000001@constraint_current@5, request_msg_id=REQUEST|fastran_000001@constraint_current@5|FRAMEWORK@Framework@0|91,status=0, args=(<ipsframework.cca_es_spec.Topic object at 0x14e1e9e6a520>,), message_id=RESPONSE|FRAMEWORK@Framework@0|fastran_000001@constraint_current@5|757)
2026-02-12 12:35:12,321 fastran_pre_constraint_current_5 DEBUG    _invoke_service(): sendEvent  ('_IPS_MONITOR', 'PORTAL_EVENT', {'sim_name': 'fastran_000001', 'real_sim_name': 'fastran_000001', 'portal_data': {'code': 'fastran_pre_constraint_current', 'eventtype': 'IPS_STAGE_STATE', 'ok': True, 'walltime': '59.51', 'time': '2026-02-12|12:35:12PST', 'trace': {'timestamp': 1770928512288440, 'duration': 22035, 'localEndpoint': {'serviceName': 'stage_state'}, 'name': "['s000001.00001', 'g000001.00001', 'i000001.00001']", 'id': '71885aecf25d7412', 'parentId': 'b0d53b96f753bb3f', 'tags': {}}, 'state': 'Running', 'comment': 'Elapsed time = 0.022  files = s000001.00001 g000001.00001 i000001.00001 Success'}})
2026-02-12 12:35:12,321 fastran_pre_constraint_current_5 DEBUG    _get_service_response(REQUEST|fastran_000001@constraint_current@5|FRAMEWORK@Framework@0|92)
2026-02-12 12:35:12,331 fastran_pre_constraint_current_5 DEBUG    _get_service_response(REQUEST|fastran_000001@constraint_current@5|FRAMEWORK@Framework@0|92), response = ServiceResponseMessage(sender_id=FRAMEWORK@Framework@0, receiver_id=fastran_000001@constraint_current@5, request_msg_id=REQUEST|fastran_000001@constraint_current@5|FRAMEWORK@Framework@0|92,status=0, args=(None,), message_id=RESPONSE|FRAMEWORK@Framework@0|fastran_000001@constraint_current@5|758)
2026-02-12 12:35:12,332 fastran_pre_constraint_current_5 DEBUG    _invoke_service(): getTopic  ('_IPS_MONITOR',)
2026-02-12 12:35:12,332 fastran_pre_constraint_current_5 DEBUG    _get_service_response(REQUEST|fastran_000001@constraint_current@5|FRAMEWORK@Framework@0|93)
2026-02-12 12:35:12,342 fastran_pre_constraint_current_5 DEBUG    _get_service_response(REQUEST|fastran_000001@constraint_current@5|FRAMEWORK@Framework@0|93), response = ServiceResponseMessage(sender_id=FRAMEWORK@Framework@0, receiver_id=fastran_000001@constraint_current@5, request_msg_id=REQUEST|fastran_000001@constraint_current@5|FRAMEWORK@Framework@0|93,status=0, args=(<ipsframework.cca_es_spec.Topic object at 0x14e1e9e6a820>,), message_id=RESPONSE|FRAMEWORK@Framework@0|fastran_000001@constraint_current@5|759)
2026-02-12 12:35:12,342 fastran_pre_constraint_current_5 DEBUG    _invoke_service(): sendEvent  ('_IPS_MONITOR', 'PORTAL_EVENT', {'sim_name': 'fastran_000001', 'real_sim_name': 'fastran_000001', 'portal_data': {'code': 'fastran_pre_constraint_current', 'eventtype': 'IPS_STAGE_INPUTS', 'ok': True, 'walltime': '59.53', 'time': '2026-02-12|12:35:12PST', 'trace': {'timestamp': 1770928512332027, 'duration': 71, 'localEndpoint': {'serviceName': 'stage_input_files'}, 'name': '', 'id': 'e70cb59b389672bf', 'parentId': 'b0d53b96f753bb3f', 'tags': {}}, 'state': 'Running', 'comment': 'Elapsed time = 0.000 Path = /pscratch/sd/y/yashu_gh/FREDA_KSTAR_2/ips-fastran/examples/far3d/example1/input Files = '}})
2026-02-12 12:35:12,342 fastran_pre_constraint_current_5 DEBUG    _get_service_response(REQUEST|fastran_000001@constraint_current@5|FRAMEWORK@Framework@0|94)
2026-02-12 12:35:12,353 fastran_pre_constraint_current_5 DEBUG    _get_service_response(REQUEST|fastran_000001@constraint_current@5|FRAMEWORK@Framework@0|94), response = ServiceResponseMessage(sender_id=FRAMEWORK@Framework@0, receiver_id=fastran_000001@constraint_current@5, request_msg_id=REQUEST|fastran_000001@constraint_current@5|FRAMEWORK@Framework@0|94,status=0, args=(None,), message_id=RESPONSE|FRAMEWORK@Framework@0|fastran_000001@constraint_current@5|760)
2026-02-12 12:35:12,468 fastran_pre_constraint_current_5 DEBUG    _invoke_service(): update_state  (['s000001.00001', 'g000001.00001', 'i000001.00001'], '/pscratch/sd/y/yashu_gh/FREDA_KSTAR_2/ips-fastran/examples/far3d/example1/SCAN/work/fastran_pre_constraint_current_5', '/pscratch/sd/y/yashu_gh/FREDA_KSTAR_2/ips-fastran/examples/far3d/example1/SCAN/work/plasma_state')
2026-02-12 12:35:12,469 fastran_pre_constraint_current_5 DEBUG    _get_service_response(REQUEST|fastran_000001@constraint_current@5|FRAMEWORK@Framework@0|95)
2026-02-12 12:35:12,490 fastran_pre_constraint_current_5 DEBUG    _get_service_response(REQUEST|fastran_000001@constraint_current@5|FRAMEWORK@Framework@0|95), response = ServiceResponseMessage(sender_id=FRAMEWORK@Framework@0, receiver_id=fastran_000001@constraint_current@5, request_msg_id=REQUEST|fastran_000001@constraint_current@5|FRAMEWORK@Framework@0|95,status=0, args=(0,), message_id=RESPONSE|FRAMEWORK@Framework@0|fastran_000001@constraint_current@5|761)
2026-02-12 12:35:12,490 fastran_pre_constraint_current_5 DEBUG    _invoke_service(): getTopic  ('_IPS_MONITOR',)
2026-02-12 12:35:12,491 fastran_pre_constraint_current_5 DEBUG    _get_service_response(REQUEST|fastran_000001@constraint_current@5|FRAMEWORK@Framework@0|96)
2026-02-12 12:35:12,501 fastran_pre_constraint_current_5 DEBUG    _get_service_response(REQUEST|fastran_000001@constraint_current@5|FRAMEWORK@Framework@0|96), response = ServiceResponseMessage(sender_id=FRAMEWORK@Framework@0, receiver_id=fastran_000001@constraint_current@5, request_msg_id=REQUEST|fastran_000001@constraint_current@5|FRAMEWORK@Framework@0|96,status=0, args=(<ipsframework.cca_es_spec.Topic object at 0x14e1e9e6a880>,), message_id=RESPONSE|FRAMEWORK@Framework@0|fastran_000001@constraint_current@5|762)
2026-02-12 12:35:12,501 fastran_pre_constraint_current_5 DEBUG    _invoke_service(): sendEvent  ('_IPS_MONITOR', 'PORTAL_EVENT', {'sim_name': 'fastran_000001', 'real_sim_name': 'fastran_000001', 'portal_data': {'code': 'fastran_pre_constraint_current', 'eventtype': 'IPS_UPDATE_STATE', 'ok': True, 'walltime': '59.69', 'time': '2026-02-12|12:35:12PST', 'trace': {'timestamp': 1770928512467445, 'duration': 23235, 'localEndpoint': {'serviceName': 'update_state'}, 'name': "['s000001.00001', 'g000001.00001', 'i000001.00001']", 'id': '7629e189a66153c0', 'parentId': 'b0d53b96f753bb3f', 'tags': {}}, 'state': 'Running', 'comment': 'Elapsed time = 0.023   files = s000001.00001 g000001.00001 i000001.00001 Success'}})
2026-02-12 12:35:12,501 fastran_pre_constraint_current_5 DEBUG    _get_service_response(REQUEST|fastran_000001@constraint_current@5|FRAMEWORK@Framework@0|97)
2026-02-12 12:35:12,512 fastran_pre_constraint_current_5 DEBUG    _get_service_response(REQUEST|fastran_000001@constraint_current@5|FRAMEWORK@Framework@0|97), response = ServiceResponseMessage(sender_id=FRAMEWORK@Framework@0, receiver_id=fastran_000001@constraint_current@5, request_msg_id=REQUEST|fastran_000001@constraint_current@5|FRAMEWORK@Framework@0|97,status=0, args=(None,), message_id=RESPONSE|FRAMEWORK@Framework@0|fastran_000001@constraint_current@5|763)
2026-02-12 12:35:12,512 fastran_pre_constraint_current_5 DEBUG    _invoke_service(): getTopic  ('_IPS_MONITOR',)
2026-02-12 12:35:12,512 fastran_pre_constraint_current_5 DEBUG    _get_service_response(REQUEST|fastran_000001@constraint_current@5|FRAMEWORK@Framework@0|98)
2026-02-12 12:35:12,523 fastran_pre_constraint_current_5 DEBUG    _get_service_response(REQUEST|fastran_000001@constraint_current@5|FRAMEWORK@Framework@0|98), response = ServiceResponseMessage(sender_id=FRAMEWORK@Framework@0, receiver_id=fastran_000001@constraint_current@5, request_msg_id=REQUEST|fastran_000001@constraint_current@5|FRAMEWORK@Framework@0|98,status=0, args=(<ipsframework.cca_es_spec.Topic object at 0x14e1e9e6a9a0>,), message_id=RESPONSE|FRAMEWORK@Framework@0|fastran_000001@constraint_current@5|764)
2026-02-12 12:35:12,523 fastran_pre_constraint_current_5 DEBUG    _invoke_service(): sendEvent  ('_IPS_MONITOR', 'PORTAL_EVENT', {'sim_name': 'fastran_000001', 'real_sim_name': 'fastran_000001', 'portal_data': {'code': 'fastran_pre_constraint_current', 'eventtype': 'IPS_STAGE_OUTPUTS', 'ok': True, 'walltime': '59.71', 'time': '2026-02-12|12:35:12PST', 'trace': {'timestamp': 1770928512512492, 'duration': 291, 'localEndpoint': {'serviceName': 'stage_output_files'}, 'name': '[]', 'id': 'ed019efe11be26d9', 'parentId': 'b0d53b96f753bb3f', 'tags': {}}, 'state': 'Running', 'comment': 'Elapsed time = 0.000 Path = /pscratch/sd/y/yashu_gh/FREDA_KSTAR_2/ips-fastran/examples/far3d/example1/SCAN/simulation_results/preprocess_9/components/fastran_pre_constraint_current_5 Files = []'}})
2026-02-12 12:35:12,523 fastran_pre_constraint_current_5 DEBUG    _get_service_response(REQUEST|fastran_000001@constraint_current@5|FRAMEWORK@Framework@0|99)
2026-02-12 12:35:12,534 fastran_pre_constraint_current_5 DEBUG    _get_service_response(REQUEST|fastran_000001@constraint_current@5|FRAMEWORK@Framework@0|99), response = ServiceResponseMessage(sender_id=FRAMEWORK@Framework@0, receiver_id=fastran_000001@constraint_current@5, request_msg_id=REQUEST|fastran_000001@constraint_current@5|FRAMEWORK@Framework@0|99,status=0, args=(None,), message_id=RESPONSE|FRAMEWORK@Framework@0|fastran_000001@constraint_current@5|765)
2026-02-12 12:35:12,545 fastran_driver_fastran_driver_2 DEBUG    _get_service_response(REQUEST|fastran_000001@fastran_driver@2|FRAMEWORK@Framework@0|284), response = ServiceResponseMessage(sender_id=FRAMEWORK@Framework@0, receiver_id=fastran_000001@fastran_driver@2, request_msg_id=REQUEST|fastran_000001@fastran_driver@2|FRAMEWORK@Framework@0|284,status=0, args=((None,),), message_id=RESPONSE|FRAMEWORK@Framework@0|fastran_000001@fastran_driver@2|766)
2026-02-12 12:35:12,545 fastran_driver_fastran_driver_2 DEBUG    _invoke_service(): getTopic  ('_IPS_MONITOR',)
2026-02-12 12:35:12,545 fastran_driver_fastran_driver_2 DEBUG    _get_service_response(REQUEST|fastran_000001@fastran_driver@2|FRAMEWORK@Framework@0|285)
2026-02-12 12:35:12,556 fastran_driver_fastran_driver_2 DEBUG    _get_service_response(REQUEST|fastran_000001@fastran_driver@2|FRAMEWORK@Framework@0|285), response = ServiceResponseMessage(sender_id=FRAMEWORK@Framework@0, receiver_id=fastran_000001@fastran_driver@2, request_msg_id=REQUEST|fastran_000001@fastran_driver@2|FRAMEWORK@Framework@0|285,status=0, args=(<ipsframework.cca_es_spec.Topic object at 0x14e1e9e3acd0>,), message_id=RESPONSE|FRAMEWORK@Framework@0|fastran_000001@fastran_driver@2|767)
2026-02-12 12:35:12,556 fastran_driver_fastran_driver_2 DEBUG    _invoke_service(): sendEvent  ('_IPS_MONITOR', 'PORTAL_EVENT', {'sim_name': 'fastran_000001', 'real_sim_name': 'fastran_000001', 'portal_data': {'code': 'fastran_driver_fastran_driver', 'eventtype': 'IPS_CALL_END', 'ok': True, 'walltime': '59.74', 'time': '2026-02-12|12:35:12PST', 'trace': {'timestamp': 1770928512298293, 'duration': 246834, 'localEndpoint': {'serviceName': 'fastran_000001@constraint_current@5'}, 'name': 'step(preprocess_9)', 'id': 'b0d53b96f753bb3f', 'parentId': '15e0663de819b9fa', 'tags': {}}, 'state': 'Running', 'comment': 'Target = fastran_000001@constraint_current@5:step(preprocess_9)'}})
2026-02-12 12:35:12,556 fastran_driver_fastran_driver_2 DEBUG    _get_service_response(REQUEST|fastran_000001@fastran_driver@2|FRAMEWORK@Framework@0|286)
2026-02-12 12:35:12,566 fastran_driver_fastran_driver_2 DEBUG    _get_service_response(REQUEST|fastran_000001@fastran_driver@2|FRAMEWORK@Framework@0|286), response = ServiceResponseMessage(sender_id=FRAMEWORK@Framework@0, receiver_id=fastran_000001@fastran_driver@2, request_msg_id=REQUEST|fastran_000001@fastran_driver@2|FRAMEWORK@Framework@0|286,status=0, args=(None,), message_id=RESPONSE|FRAMEWORK@Framework@0|fastran_000001@fastran_driver@2|768)
2026-02-12 12:35:12,567 fastran_driver_fastran_driver_2 DEBUG    _invoke_service(): getTopic  ('_IPS_MONITOR',)
2026-02-12 12:35:12,567 fastran_driver_fastran_driver_2 DEBUG    _get_service_response(REQUEST|fastran_000001@fastran_driver@2|FRAMEWORK@Framework@0|287)
2026-02-12 12:35:12,578 fastran_driver_fastran_driver_2 DEBUG    _get_service_response(REQUEST|fastran_000001@fastran_driver@2|FRAMEWORK@Framework@0|287), response = ServiceResponseMessage(sender_id=FRAMEWORK@Framework@0, receiver_id=fastran_000001@fastran_driver@2, request_msg_id=REQUEST|fastran_000001@fastran_driver@2|FRAMEWORK@Framework@0|287,status=0, args=(<ipsframework.cca_es_spec.Topic object at 0x14e1e9e3aca0>,), message_id=RESPONSE|FRAMEWORK@Framework@0|fastran_000001@fastran_driver@2|769)
2026-02-12 12:35:12,578 fastran_driver_fastran_driver_2 DEBUG    _invoke_service(): sendEvent  ('_IPS_MONITOR', 'PORTALBRIDGE_UPDATE_TIMESTAMP', {'sim_name': 'fastran_000001', 'real_sim_name': 'fastran_000001', 'portal_data': {'phystimestamp': 0, 'eventtype': 'PORTALBRIDGE_UPDATE_TIMESTAMP'}})
2026-02-12 12:35:12,578 fastran_driver_fastran_driver_2 DEBUG    _get_service_response(REQUEST|fastran_000001@fastran_driver@2|FRAMEWORK@Framework@0|288)
2026-02-12 12:35:12,589 fastran_driver_fastran_driver_2 DEBUG    _get_service_response(REQUEST|fastran_000001@fastran_driver@2|FRAMEWORK@Framework@0|288), response = ServiceResponseMessage(sender_id=FRAMEWORK@Framework@0, receiver_id=fastran_000001@fastran_driver@2, request_msg_id=REQUEST|fastran_000001@fastran_driver@2|FRAMEWORK@Framework@0|288,status=0, args=(None,), message_id=RESPONSE|FRAMEWORK@Framework@0|fastran_000001@fastran_driver@2|770)
2026-02-12 12:35:12,589 fastran_driver_fastran_driver_2 DEBUG    _invoke_service(): getTopic  ('_IPS_MONITOR',)
2026-02-12 12:35:12,589 fastran_driver_fastran_driver_2 DEBUG    _get_service_response(REQUEST|fastran_000001@fastran_driver@2|FRAMEWORK@Framework@0|289)
2026-02-12 12:35:12,600 fastran_driver_fastran_driver_2 DEBUG    _get_service_response(REQUEST|fastran_000001@fastran_driver@2|FRAMEWORK@Framework@0|289), response = ServiceResponseMessage(sender_id=FRAMEWORK@Framework@0, receiver_id=fastran_000001@fastran_driver@2, request_msg_id=REQUEST|fastran_000001@fastran_driver@2|FRAMEWORK@Framework@0|289,status=0, args=(<ipsframework.cca_es_spec.Topic object at 0x14e1e9e3ad30>,), message_id=RESPONSE|FRAMEWORK@Framework@0|fastran_000001@fastran_driver@2|771)
2026-02-12 12:35:12,600 fastran_driver_fastran_driver_2 DEBUG    _invoke_service(): sendEvent  ('_IPS_MONITOR', 'PORTAL_EVENT', {'sim_name': 'fastran_000001', 'real_sim_name': 'fastran_000001', 'portal_data': {'code': 'fastran_driver_fastran_driver', 'eventtype': 'IPS_UPDATE_TIME_STAMP', 'ok': True, 'walltime': '59.79', 'time': '2026-02-12|12:35:12PST', 'state': 'Running', 'comment': 'Timestamp = 0'}})
2026-02-12 12:35:12,600 fastran_driver_fastran_driver_2 DEBUG    _get_service_response(REQUEST|fastran_000001@fastran_driver@2|FRAMEWORK@Framework@0|290)
2026-02-12 12:35:12,611 fastran_driver_fastran_driver_2 DEBUG    _get_service_response(REQUEST|fastran_000001@fastran_driver@2|FRAMEWORK@Framework@0|290), response = ServiceResponseMessage(sender_id=FRAMEWORK@Framework@0, receiver_id=fastran_000001@fastran_driver@2, request_msg_id=REQUEST|fastran_000001@fastran_driver@2|FRAMEWORK@Framework@0|290,status=0, args=(None,), message_id=RESPONSE|FRAMEWORK@Framework@0|fastran_000001@fastran_driver@2|772)
2026-02-12 12:35:12,611 fastran_driver_fastran_driver_2 DEBUG    _invoke_service(): getTopic  ('_IPS_MONITOR',)
2026-02-12 12:35:12,611 fastran_driver_fastran_driver_2 DEBUG    _get_service_response(REQUEST|fastran_000001@fastran_driver@2|FRAMEWORK@Framework@0|291)
2026-02-12 12:35:12,622 fastran_driver_fastran_driver_2 DEBUG    _get_service_response(REQUEST|fastran_000001@fastran_driver@2|FRAMEWORK@Framework@0|291), response = ServiceResponseMessage(sender_id=FRAMEWORK@Framework@0, receiver_id=fastran_000001@fastran_driver@2, request_msg_id=REQUEST|fastran_000001@fastran_driver@2|FRAMEWORK@Framework@0|291,status=0, args=(<ipsframework.cca_es_spec.Topic object at 0x14e1e9e3ad90>,), message_id=RESPONSE|FRAMEWORK@Framework@0|fastran_000001@fastran_driver@2|773)
2026-02-12 12:35:12,622 fastran_driver_fastran_driver_2 DEBUG    _invoke_service(): sendEvent  ('_IPS_MONITOR', 'PORTAL_EVENT', {'sim_name': 'fastran_000001', 'real_sim_name': 'fastran_000001', 'portal_data': {'code': 'fastran_driver_fastran_driver', 'eventtype': 'IPS_CALL_BEGIN', 'ok': True, 'walltime': '59.81', 'time': '2026-02-12|12:35:12PST', 'state': 'Running', 'comment': 'Target = fastran_000001@toray@6:step(0)'}})
2026-02-12 12:35:12,622 fastran_driver_fastran_driver_2 DEBUG    _get_service_response(REQUEST|fastran_000001@fastran_driver@2|FRAMEWORK@Framework@0|292)
2026-02-12 12:35:12,633 fastran_driver_fastran_driver_2 DEBUG    _get_service_response(REQUEST|fastran_000001@fastran_driver@2|FRAMEWORK@Framework@0|292), response = ServiceResponseMessage(sender_id=FRAMEWORK@Framework@0, receiver_id=fastran_000001@fastran_driver@2, request_msg_id=REQUEST|fastran_000001@fastran_driver@2|FRAMEWORK@Framework@0|292,status=0, args=(None,), message_id=RESPONSE|FRAMEWORK@Framework@0|fastran_000001@fastran_driver@2|774)
2026-02-12 12:35:12,633 fastran_driver_fastran_driver_2 DEBUG    _invoke_service(): init_call  ('step', 0)
2026-02-12 12:35:12,633 fastran_driver_fastran_driver_2 DEBUG    _get_service_response(REQUEST|fastran_000001@fastran_driver@2|FRAMEWORK@Framework@0|293)
2026-02-12 12:35:12,634 fastran_ec_toray_6 DEBUG    Received Message 
2026-02-12 12:35:12,634 fastran_ec_toray_6 DEBUG    Calling method step(0)
2026-02-12 12:35:12,634 fastran_ec_toray_6 DEBUG    _invoke_service(): stage_state  (['s000001.00001', 'g000001.00001', 'i000001.00001'], '/pscratch/sd/y/yashu_gh/FREDA_KSTAR_2/ips-fastran/examples/far3d/example1/SCAN/work/plasma_state', '/pscratch/sd/y/yashu_gh/FREDA_KSTAR_2/ips-fastran/examples/far3d/example1/SCAN/work/fastran_ec_toray_6')
2026-02-12 12:35:12,634 fastran_ec_toray_6 DEBUG    _get_service_response(REQUEST|fastran_000001@toray@6|FRAMEWORK@Framework@0|0)
2026-02-12 12:35:12,644 fastran_driver_fastran_driver_2 DEBUG    _get_service_response(REQUEST|fastran_000001@fastran_driver@2|FRAMEWORK@Framework@0|293), response = ServiceResponseMessage(sender_id=FRAMEWORK@Framework@0, receiver_id=fastran_000001@fastran_driver@2, request_msg_id=REQUEST|fastran_000001@fastran_driver@2|FRAMEWORK@Framework@0|293,status=0, args=(49,), message_id=RESPONSE|FRAMEWORK@Framework@0|fastran_000001@fastran_driver@2|775)
2026-02-12 12:35:12,644 fastran_driver_fastran_driver_2 DEBUG    _invoke_service(): wait_call  (49, True)
2026-02-12 12:35:12,644 fastran_driver_fastran_driver_2 DEBUG    _get_service_response(REQUEST|fastran_000001@fastran_driver@2|FRAMEWORK@Framework@0|294)
2026-02-12 12:35:12,657 fastran_ec_toray_6 DEBUG    _get_service_response(REQUEST|fastran_000001@toray@6|FRAMEWORK@Framework@0|0), response = ServiceResponseMessage(sender_id=FRAMEWORK@Framework@0, receiver_id=fastran_000001@toray@6, request_msg_id=REQUEST|fastran_000001@toray@6|FRAMEWORK@Framework@0|0,status=0, args=(0,), message_id=RESPONSE|FRAMEWORK@Framework@0|fastran_000001@toray@6|776)
2026-02-12 12:35:12,658 fastran_ec_toray_6 DEBUG    _invoke_service(): getTopic  ('_IPS_MONITOR',)
2026-02-12 12:35:12,658 fastran_ec_toray_6 DEBUG    _get_service_response(REQUEST|fastran_000001@toray@6|FRAMEWORK@Framework@0|1)
2026-02-12 12:35:12,668 fastran_ec_toray_6 DEBUG    _get_service_response(REQUEST|fastran_000001@toray@6|FRAMEWORK@Framework@0|1), response = ServiceResponseMessage(sender_id=FRAMEWORK@Framework@0, receiver_id=fastran_000001@toray@6, request_msg_id=REQUEST|fastran_000001@toray@6|FRAMEWORK@Framework@0|1,status=0, args=(<ipsframework.cca_es_spec.Topic object at 0x14e1e9e64850>,), message_id=RESPONSE|FRAMEWORK@Framework@0|fastran_000001@toray@6|777)
2026-02-12 12:35:12,668 fastran_ec_toray_6 DEBUG    _invoke_service(): sendEvent  ('_IPS_MONITOR', 'PORTAL_EVENT', {'sim_name': 'fastran_000001', 'real_sim_name': 'fastran_000001', 'portal_data': {'code': 'fastran_ec_toray', 'eventtype': 'IPS_STAGE_STATE', 'ok': True, 'walltime': '59.86', 'time': '2026-02-12|12:35:12PST', 'trace': {'timestamp': 1770928512634655, 'duration': 23102, 'localEndpoint': {'serviceName': 'stage_state'}, 'name': "['s000001.00001', 'g000001.00001', 'i000001.00001']", 'id': '71885aecf25d7412', 'parentId': 'a1998d55e3e3570d', 'tags': {}}, 'state': 'Running', 'comment': 'Elapsed time = 0.023  files = s000001.00001 g000001.00001 i000001.00001 Success'}})
2026-02-12 12:35:12,668 fastran_ec_toray_6 DEBUG    _get_service_response(REQUEST|fastran_000001@toray@6|FRAMEWORK@Framework@0|2)
2026-02-12 12:35:12,679 fastran_ec_toray_6 DEBUG    _get_service_response(REQUEST|fastran_000001@toray@6|FRAMEWORK@Framework@0|2), response = ServiceResponseMessage(sender_id=FRAMEWORK@Framework@0, receiver_id=fastran_000001@toray@6, request_msg_id=REQUEST|fastran_000001@toray@6|FRAMEWORK@Framework@0|2,status=0, args=(None,), message_id=RESPONSE|FRAMEWORK@Framework@0|fastran_000001@toray@6|778)
2026-02-12 12:35:12,685 fastran_ec_toray_6 DEBUG    _invoke_service(): getTopic  ('_IPS_MONITOR',)
2026-02-12 12:35:12,686 fastran_ec_toray_6 DEBUG    _get_service_response(REQUEST|fastran_000001@toray@6|FRAMEWORK@Framework@0|3)
2026-02-12 12:35:12,696 fastran_ec_toray_6 DEBUG    _get_service_response(REQUEST|fastran_000001@toray@6|FRAMEWORK@Framework@0|3), response = ServiceResponseMessage(sender_id=FRAMEWORK@Framework@0, receiver_id=fastran_000001@toray@6, request_msg_id=REQUEST|fastran_000001@toray@6|FRAMEWORK@Framework@0|3,status=0, args=(<ipsframework.cca_es_spec.Topic object at 0x14e1e9e647c0>,), message_id=RESPONSE|FRAMEWORK@Framework@0|fastran_000001@toray@6|779)
2026-02-12 12:35:12,696 fastran_ec_toray_6 DEBUG    _invoke_service(): sendEvent  ('_IPS_MONITOR', 'PORTAL_EVENT', {'sim_name': 'fastran_000001', 'real_sim_name': 'fastran_000001', 'portal_data': {'code': 'fastran_ec_toray', 'eventtype': 'IPS_STAGE_INPUTS', 'ok': True, 'walltime': '59.88', 'time': '2026-02-12|12:35:12PST', 'trace': {'timestamp': 1770928512679708, 'duration': 6180, 'localEndpoint': {'serviceName': 'stage_input_files'}, 'name': 'intoray', 'id': '746367da19df88e8', 'parentId': 'a1998d55e3e3570d', 'tags': {}}, 'state': 'Running', 'comment': 'Elapsed time = 0.006 Path = /pscratch/sd/y/yashu_gh/FREDA_KSTAR_2/ips-fastran/examples/far3d/example1/input Files = intoray'}})
2026-02-12 12:35:12,696 fastran_ec_toray_6 DEBUG    _get_service_response(REQUEST|fastran_000001@toray@6|FRAMEWORK@Framework@0|4)
2026-02-12 12:35:12,707 fastran_ec_toray_6 DEBUG    _get_service_response(REQUEST|fastran_000001@toray@6|FRAMEWORK@Framework@0|4), response = ServiceResponseMessage(sender_id=FRAMEWORK@Framework@0, receiver_id=fastran_000001@toray@6, request_msg_id=REQUEST|fastran_000001@toray@6|FRAMEWORK@Framework@0|4,status=0, args=(None,), message_id=RESPONSE|FRAMEWORK@Framework@0|fastran_000001@toray@6|780)
2026-02-12 12:35:12,834 fastran_ec_toray_6 DEBUG    _invoke_service(): init_task  (TaskInit(nproc=1, binary='/global/common/software/atom/perlmutter/binaries/toray/default/xtoray', working_dir='/pscratch/sd/y/yashu_gh/FREDA_KSTAR_2/ips-fastran/examples/far3d/example1/SCAN/work/fastran_ec_toray_6', tppn=0, tcpp=0, tgpp=0, block=True, omp=False, wnodes=True, wsocks=True, cmd_args=()),)
2026-02-12 12:35:12,834 fastran_ec_toray_6 DEBUG    _get_service_response(REQUEST|fastran_000001@toray@6|FRAMEWORK@Framework@0|5)
2026-02-12 12:35:12,845 fastran_ec_toray_6 DEBUG    _get_service_response(REQUEST|fastran_000001@toray@6|FRAMEWORK@Framework@0|5), response = ServiceResponseMessage(sender_id=FRAMEWORK@Framework@0, receiver_id=fastran_000001@toray@6, request_msg_id=REQUEST|fastran_000001@toray@6|FRAMEWORK@Framework@0|5,status=0, args=((12, 'srun -N 1 -n 1 -c 128 --threads-per-core=1 --cpu-bind=cores /global/common/software/atom/perlmutter/binaries/toray/default/xtoray ', None, 128),), message_id=RESPONSE|FRAMEWORK@Framework@0|fastran_000001@toray@6|782)
2026-02-12 12:35:12,847 fastran_ec_toray_6 DEBUG    Launching command : srun -N 1 -n 1 -c 128 --threads-per-core=1 --cpu-bind=cores /global/common/software/atom/perlmutter/binaries/toray/default/xtoray 
2026-02-12 12:35:12,864 fastran_ec_toray_6 DEBUG    _invoke_service(): getTopic  ('_IPS_MONITOR',)
2026-02-12 12:35:12,864 fastran_ec_toray_6 DEBUG    _get_service_response(REQUEST|fastran_000001@toray@6|FRAMEWORK@Framework@0|6)
2026-02-12 12:35:12,875 fastran_ec_toray_6 DEBUG    _get_service_response(REQUEST|fastran_000001@toray@6|FRAMEWORK@Framework@0|6), response = ServiceResponseMessage(sender_id=FRAMEWORK@Framework@0, receiver_id=fastran_000001@toray@6, request_msg_id=REQUEST|fastran_000001@toray@6|FRAMEWORK@Framework@0|6,status=0, args=(<ipsframework.cca_es_spec.Topic object at 0x14e1e9e64e20>,), message_id=RESPONSE|FRAMEWORK@Framework@0|fastran_000001@toray@6|783)
2026-02-12 12:35:12,875 fastran_ec_toray_6 DEBUG    _invoke_service(): sendEvent  ('_IPS_MONITOR', 'PORTAL_EVENT', {'sim_name': 'fastran_000001', 'real_sim_name': 'fastran_000001', 'portal_data': {'code': 'fastran_ec_toray', 'eventtype': 'IPS_LAUNCH_TASK', 'ok': True, 'walltime': '60.06', 'time': '2026-02-12|12:35:12PST', 'state': 'Running', 'comment': 'task_id = 12 , Tag = None , nproc = 1 , Target = srun -N 1 -n 1 -c 128 --threads-per-core=1 --cpu-bind=cores /global/common/software/atom/perlmutter/binaries/toray/default/xtoray '}})
2026-02-12 12:35:12,875 fastran_ec_toray_6 DEBUG    _get_service_response(REQUEST|fastran_000001@toray@6|FRAMEWORK@Framework@0|7)
2026-02-12 12:35:12,885 fastran_ec_toray_6 DEBUG    _get_service_response(REQUEST|fastran_000001@toray@6|FRAMEWORK@Framework@0|7), response = ServiceResponseMessage(sender_id=FRAMEWORK@Framework@0, receiver_id=fastran_000001@toray@6, request_msg_id=REQUEST|fastran_000001@toray@6|FRAMEWORK@Framework@0|7,status=0, args=(None,), message_id=RESPONSE|FRAMEWORK@Framework@0|fastran_000001@toray@6|784)
2026-02-12 12:35:13,509 fastran_ec_toray_6 DEBUG    _invoke_service(): getTopic  ('_IPS_MONITOR',)
2026-02-12 12:35:13,509 fastran_ec_toray_6 DEBUG    _get_service_response(REQUEST|fastran_000001@toray@6|FRAMEWORK@Framework@0|8)
2026-02-12 12:35:13,520 fastran_ec_toray_6 DEBUG    _get_service_response(REQUEST|fastran_000001@toray@6|FRAMEWORK@Framework@0|8), response = ServiceResponseMessage(sender_id=FRAMEWORK@Framework@0, receiver_id=fastran_000001@toray@6, request_msg_id=REQUEST|fastran_000001@toray@6|FRAMEWORK@Framework@0|8,status=0, args=(<ipsframework.cca_es_spec.Topic object at 0x14e1e9e64d90>,), message_id=RESPONSE|FRAMEWORK@Framework@0|fastran_000001@toray@6|786)
2026-02-12 12:35:13,520 fastran_ec_toray_6 DEBUG    _invoke_service(): sendEvent  ('_IPS_MONITOR', 'PORTAL_EVENT', {'sim_name': 'fastran_000001', 'real_sim_name': 'fastran_000001', 'portal_data': {'code': 'fastran_ec_toray', 'eventtype': 'IPS_TASK_END', 'ok': True, 'walltime': '60.71', 'time': '2026-02-12|12:35:13PST', 'trace': {'timestamp': 1770928512863811, 'duration': 645775, 'localEndpoint': {'serviceName': '/global/common/software/atom/perlmutter/binaries/toray/default/xtoray'}, 'name': '', 'id': 'cf3d783a2e577009', 'parentId': 'a1998d55e3e3570d', 'tags': {'procs_requested': '1', 'cores_allocated': '128'}}, 'state': 'Running', 'comment': 'task_id = 12  elapsed time = 0.65 S'}})
2026-02-12 12:35:13,520 fastran_ec_toray_6 DEBUG    _get_service_response(REQUEST|fastran_000001@toray@6|FRAMEWORK@Framework@0|9)
2026-02-12 12:35:13,531 fastran_ec_toray_6 DEBUG    _get_service_response(REQUEST|fastran_000001@toray@6|FRAMEWORK@Framework@0|9), response = ServiceResponseMessage(sender_id=FRAMEWORK@Framework@0, receiver_id=fastran_000001@toray@6, request_msg_id=REQUEST|fastran_000001@toray@6|FRAMEWORK@Framework@0|9,status=0, args=(None,), message_id=RESPONSE|FRAMEWORK@Framework@0|fastran_000001@toray@6|787)
2026-02-12 12:35:13,531 fastran_ec_toray_6 DEBUG    _invoke_service(): finish_task  (12, 0)
2026-02-12 12:35:13,531 fastran_ec_toray_6 DEBUG    _get_service_response(REQUEST|fastran_000001@toray@6|FRAMEWORK@Framework@0|10)
2026-02-12 12:35:13,541 fastran_ec_toray_6 DEBUG    _get_service_response(REQUEST|fastran_000001@toray@6|FRAMEWORK@Framework@0|10), response = ServiceResponseMessage(sender_id=FRAMEWORK@Framework@0, receiver_id=fastran_000001@toray@6, request_msg_id=REQUEST|fastran_000001@toray@6|FRAMEWORK@Framework@0|10,status=0, args=(0,), message_id=RESPONSE|FRAMEWORK@Framework@0|fastran_000001@toray@6|788)
2026-02-12 12:35:13,562 fastran_ec_toray_6 DEBUG    _invoke_service(): init_task  (TaskInit(nproc=1, binary='/global/common/software/atom/perlmutter/binaries/toray/default/xtoray', working_dir='/pscratch/sd/y/yashu_gh/FREDA_KSTAR_2/ips-fastran/examples/far3d/example1/SCAN/work/fastran_ec_toray_6', tppn=0, tcpp=0, tgpp=0, block=True, omp=False, wnodes=True, wsocks=True, cmd_args=()),)
2026-02-12 12:35:13,562 fastran_ec_toray_6 DEBUG    _get_service_response(REQUEST|fastran_000001@toray@6|FRAMEWORK@Framework@0|11)
2026-02-12 12:35:13,573 fastran_ec_toray_6 DEBUG    _get_service_response(REQUEST|fastran_000001@toray@6|FRAMEWORK@Framework@0|11), response = ServiceResponseMessage(sender_id=FRAMEWORK@Framework@0, receiver_id=fastran_000001@toray@6, request_msg_id=REQUEST|fastran_000001@toray@6|FRAMEWORK@Framework@0|11,status=0, args=((13, 'srun -N 1 -n 1 -c 128 --threads-per-core=1 --cpu-bind=cores /global/common/software/atom/perlmutter/binaries/toray/default/xtoray ', None, 128),), message_id=RESPONSE|FRAMEWORK@Framework@0|fastran_000001@toray@6|789)
2026-02-12 12:35:13,574 fastran_ec_toray_6 DEBUG    Launching command : srun -N 1 -n 1 -c 128 --threads-per-core=1 --cpu-bind=cores /global/common/software/atom/perlmutter/binaries/toray/default/xtoray 
2026-02-12 12:35:13,588 fastran_ec_toray_6 DEBUG    _invoke_service(): getTopic  ('_IPS_MONITOR',)
2026-02-12 12:35:13,588 fastran_ec_toray_6 DEBUG    _get_service_response(REQUEST|fastran_000001@toray@6|FRAMEWORK@Framework@0|12)
2026-02-12 12:35:13,599 fastran_ec_toray_6 DEBUG    _get_service_response(REQUEST|fastran_000001@toray@6|FRAMEWORK@Framework@0|12), response = ServiceResponseMessage(sender_id=FRAMEWORK@Framework@0, receiver_id=fastran_000001@toray@6, request_msg_id=REQUEST|fastran_000001@toray@6|FRAMEWORK@Framework@0|12,status=0, args=(<ipsframework.cca_es_spec.Topic object at 0x14e1e9e64e20>,), message_id=RESPONSE|FRAMEWORK@Framework@0|fastran_000001@toray@6|790)
2026-02-12 12:35:13,599 fastran_ec_toray_6 DEBUG    _invoke_service(): sendEvent  ('_IPS_MONITOR', 'PORTAL_EVENT', {'sim_name': 'fastran_000001', 'real_sim_name': 'fastran_000001', 'portal_data': {'code': 'fastran_ec_toray', 'eventtype': 'IPS_LAUNCH_TASK', 'ok': True, 'walltime': '60.79', 'time': '2026-02-12|12:35:13PST', 'state': 'Running', 'comment': 'task_id = 13 , Tag = None , nproc = 1 , Target = srun -N 1 -n 1 -c 128 --threads-per-core=1 --cpu-bind=cores /global/common/software/atom/perlmutter/binaries/toray/default/xtoray '}})
2026-02-12 12:35:13,599 fastran_ec_toray_6 DEBUG    _get_service_response(REQUEST|fastran_000001@toray@6|FRAMEWORK@Framework@0|13)
2026-02-12 12:35:13,609 fastran_ec_toray_6 DEBUG    _get_service_response(REQUEST|fastran_000001@toray@6|FRAMEWORK@Framework@0|13), response = ServiceResponseMessage(sender_id=FRAMEWORK@Framework@0, receiver_id=fastran_000001@toray@6, request_msg_id=REQUEST|fastran_000001@toray@6|FRAMEWORK@Framework@0|13,status=0, args=(None,), message_id=RESPONSE|FRAMEWORK@Framework@0|fastran_000001@toray@6|791)
2026-02-12 12:35:14,158 fastran_ec_toray_6 DEBUG    _invoke_service(): getTopic  ('_IPS_MONITOR',)
2026-02-12 12:35:14,158 fastran_ec_toray_6 DEBUG    _get_service_response(REQUEST|fastran_000001@toray@6|FRAMEWORK@Framework@0|14)
2026-02-12 12:35:14,169 fastran_ec_toray_6 DEBUG    _get_service_response(REQUEST|fastran_000001@toray@6|FRAMEWORK@Framework@0|14), response = ServiceResponseMessage(sender_id=FRAMEWORK@Framework@0, receiver_id=fastran_000001@toray@6, request_msg_id=REQUEST|fastran_000001@toray@6|FRAMEWORK@Framework@0|14,status=0, args=(<ipsframework.cca_es_spec.Topic object at 0x14e1e9e64b20>,), message_id=RESPONSE|FRAMEWORK@Framework@0|fastran_000001@toray@6|793)
2026-02-12 12:35:14,169 fastran_ec_toray_6 DEBUG    _invoke_service(): sendEvent  ('_IPS_MONITOR', 'PORTAL_EVENT', {'sim_name': 'fastran_000001', 'real_sim_name': 'fastran_000001', 'portal_data': {'code': 'fastran_ec_toray', 'eventtype': 'IPS_TASK_END', 'ok': True, 'walltime': '61.36', 'time': '2026-02-12|12:35:14PST', 'trace': {'timestamp': 1770928513588188, 'duration': 570457, 'localEndpoint': {'serviceName': '/global/common/software/atom/perlmutter/binaries/toray/default/xtoray'}, 'name': '', 'id': 'cccba56e4785e403', 'parentId': 'a1998d55e3e3570d', 'tags': {'procs_requested': '1', 'cores_allocated': '128'}}, 'state': 'Running', 'comment': 'task_id = 13  elapsed time = 0.57 S'}})
2026-02-12 12:35:14,169 fastran_ec_toray_6 DEBUG    _get_service_response(REQUEST|fastran_000001@toray@6|FRAMEWORK@Framework@0|15)
2026-02-12 12:35:14,180 fastran_ec_toray_6 DEBUG    _get_service_response(REQUEST|fastran_000001@toray@6|FRAMEWORK@Framework@0|15), response = ServiceResponseMessage(sender_id=FRAMEWORK@Framework@0, receiver_id=fastran_000001@toray@6, request_msg_id=REQUEST|fastran_000001@toray@6|FRAMEWORK@Framework@0|15,status=0, args=(None,), message_id=RESPONSE|FRAMEWORK@Framework@0|fastran_000001@toray@6|794)
2026-02-12 12:35:14,180 fastran_ec_toray_6 DEBUG    _invoke_service(): finish_task  (13, 0)
2026-02-12 12:35:14,180 fastran_ec_toray_6 DEBUG    _get_service_response(REQUEST|fastran_000001@toray@6|FRAMEWORK@Framework@0|16)
2026-02-12 12:35:14,191 fastran_ec_toray_6 DEBUG    _get_service_response(REQUEST|fastran_000001@toray@6|FRAMEWORK@Framework@0|16), response = ServiceResponseMessage(sender_id=FRAMEWORK@Framework@0, receiver_id=fastran_000001@toray@6, request_msg_id=REQUEST|fastran_000001@toray@6|FRAMEWORK@Framework@0|16,status=0, args=(0,), message_id=RESPONSE|FRAMEWORK@Framework@0|fastran_000001@toray@6|795)
2026-02-12 12:35:14,259 fastran_ec_toray_6 DEBUG    _invoke_service(): update_state  (['s000001.00001', 'g000001.00001', 'i000001.00001'], '/pscratch/sd/y/yashu_gh/FREDA_KSTAR_2/ips-fastran/examples/far3d/example1/SCAN/work/fastran_ec_toray_6', '/pscratch/sd/y/yashu_gh/FREDA_KSTAR_2/ips-fastran/examples/far3d/example1/SCAN/work/plasma_state')
2026-02-12 12:35:14,259 fastran_ec_toray_6 DEBUG    _get_service_response(REQUEST|fastran_000001@toray@6|FRAMEWORK@Framework@0|17)
2026-02-12 12:35:14,279 fastran_ec_toray_6 DEBUG    _get_service_response(REQUEST|fastran_000001@toray@6|FRAMEWORK@Framework@0|17), response = ServiceResponseMessage(sender_id=FRAMEWORK@Framework@0, receiver_id=fastran_000001@toray@6, request_msg_id=REQUEST|fastran_000001@toray@6|FRAMEWORK@Framework@0|17,status=0, args=(0,), message_id=RESPONSE|FRAMEWORK@Framework@0|fastran_000001@toray@6|796)
2026-02-12 12:35:14,279 fastran_ec_toray_6 DEBUG    _invoke_service(): getTopic  ('_IPS_MONITOR',)
2026-02-12 12:35:14,279 fastran_ec_toray_6 DEBUG    _get_service_response(REQUEST|fastran_000001@toray@6|FRAMEWORK@Framework@0|18)
2026-02-12 12:35:14,290 fastran_ec_toray_6 DEBUG    _get_service_response(REQUEST|fastran_000001@toray@6|FRAMEWORK@Framework@0|18), response = ServiceResponseMessage(sender_id=FRAMEWORK@Framework@0, receiver_id=fastran_000001@toray@6, request_msg_id=REQUEST|fastran_000001@toray@6|FRAMEWORK@Framework@0|18,status=0, args=(<ipsframework.cca_es_spec.Topic object at 0x14e1e1e06460>,), message_id=RESPONSE|FRAMEWORK@Framework@0|fastran_000001@toray@6|797)
2026-02-12 12:35:14,290 fastran_ec_toray_6 DEBUG    _invoke_service(): sendEvent  ('_IPS_MONITOR', 'PORTAL_EVENT', {'sim_name': 'fastran_000001', 'real_sim_name': 'fastran_000001', 'portal_data': {'code': 'fastran_ec_toray', 'eventtype': 'IPS_UPDATE_STATE', 'ok': True, 'walltime': '61.48', 'time': '2026-02-12|12:35:14PST', 'trace': {'timestamp': 1770928514259024, 'duration': 20762, 'localEndpoint': {'serviceName': 'update_state'}, 'name': "['s000001.00001', 'g000001.00001', 'i000001.00001']", 'id': '7629e189a66153c0', 'parentId': 'a1998d55e3e3570d', 'tags': {}}, 'state': 'Running', 'comment': 'Elapsed time = 0.021   files = s000001.00001 g000001.00001 i000001.00001 Success'}})
2026-02-12 12:35:14,290 fastran_ec_toray_6 DEBUG    _get_service_response(REQUEST|fastran_000001@toray@6|FRAMEWORK@Framework@0|19)
2026-02-12 12:35:14,301 fastran_ec_toray_6 DEBUG    _get_service_response(REQUEST|fastran_000001@toray@6|FRAMEWORK@Framework@0|19), response = ServiceResponseMessage(sender_id=FRAMEWORK@Framework@0, receiver_id=fastran_000001@toray@6, request_msg_id=REQUEST|fastran_000001@toray@6|FRAMEWORK@Framework@0|19,status=0, args=(None,), message_id=RESPONSE|FRAMEWORK@Framework@0|fastran_000001@toray@6|798)
2026-02-12 12:35:14,324 fastran_ec_toray_6 DEBUG    _invoke_service(): getTopic  ('_IPS_MONITOR',)
2026-02-12 12:35:14,324 fastran_ec_toray_6 DEBUG    _get_service_response(REQUEST|fastran_000001@toray@6|FRAMEWORK@Framework@0|20)
2026-02-12 12:35:14,335 fastran_ec_toray_6 DEBUG    _get_service_response(REQUEST|fastran_000001@toray@6|FRAMEWORK@Framework@0|20), response = ServiceResponseMessage(sender_id=FRAMEWORK@Framework@0, receiver_id=fastran_000001@toray@6, request_msg_id=REQUEST|fastran_000001@toray@6|FRAMEWORK@Framework@0|20,status=0, args=(<ipsframework.cca_es_spec.Topic object at 0x14e1e1e06640>,), message_id=RESPONSE|FRAMEWORK@Framework@0|fastran_000001@toray@6|800)
2026-02-12 12:35:14,335 fastran_ec_toray_6 DEBUG    _invoke_service(): sendEvent  ('_IPS_MONITOR', 'PORTAL_EVENT', {'sim_name': 'fastran_000001', 'real_sim_name': 'fastran_000001', 'portal_data': {'code': 'fastran_ec_toray', 'eventtype': 'IPS_STAGE_OUTPUTS', 'ok': True, 'walltime': '61.52', 'time': '2026-02-12|12:35:14PST', 'trace': {'timestamp': 1770928514301064, 'duration': 23762, 'localEndpoint': {'serviceName': 'stage_output_files'}, 'name': "['toray*.nc']", 'id': 'fdffcb88629b9c3e', 'parentId': 'a1998d55e3e3570d', 'tags': {}}, 'state': 'Running', 'comment': "Elapsed time = 0.024 Path = /pscratch/sd/y/yashu_gh/FREDA_KSTAR_2/ips-fastran/examples/far3d/example1/SCAN/simulation_results/0/components/fastran_ec_toray_6 Files = ['toray*.nc']"}})
2026-02-12 12:35:14,335 fastran_ec_toray_6 DEBUG    _get_service_response(REQUEST|fastran_000001@toray@6|FRAMEWORK@Framework@0|21)
2026-02-12 12:35:14,345 fastran_ec_toray_6 DEBUG    _get_service_response(REQUEST|fastran_000001@toray@6|FRAMEWORK@Framework@0|21), response = ServiceResponseMessage(sender_id=FRAMEWORK@Framework@0, receiver_id=fastran_000001@toray@6, request_msg_id=REQUEST|fastran_000001@toray@6|FRAMEWORK@Framework@0|21,status=0, args=(None,), message_id=RESPONSE|FRAMEWORK@Framework@0|fastran_000001@toray@6|801)
2026-02-12 12:35:14,357 fastran_driver_fastran_driver_2 DEBUG    _get_service_response(REQUEST|fastran_000001@fastran_driver@2|FRAMEWORK@Framework@0|294), response = ServiceResponseMessage(sender_id=FRAMEWORK@Framework@0, receiver_id=fastran_000001@fastran_driver@2, request_msg_id=REQUEST|fastran_000001@fastran_driver@2|FRAMEWORK@Framework@0|294,status=0, args=((None,),), message_id=RESPONSE|FRAMEWORK@Framework@0|fastran_000001@fastran_driver@2|802)
2026-02-12 12:35:14,358 fastran_driver_fastran_driver_2 DEBUG    _invoke_service(): getTopic  ('_IPS_MONITOR',)
2026-02-12 12:35:14,358 fastran_driver_fastran_driver_2 DEBUG    _get_service_response(REQUEST|fastran_000001@fastran_driver@2|FRAMEWORK@Framework@0|295)
2026-02-12 12:35:14,368 fastran_driver_fastran_driver_2 DEBUG    _get_service_response(REQUEST|fastran_000001@fastran_driver@2|FRAMEWORK@Framework@0|295), response = ServiceResponseMessage(sender_id=FRAMEWORK@Framework@0, receiver_id=fastran_000001@fastran_driver@2, request_msg_id=REQUEST|fastran_000001@fastran_driver@2|FRAMEWORK@Framework@0|295,status=0, args=(<ipsframework.cca_es_spec.Topic object at 0x14e1e9e3ad30>,), message_id=RESPONSE|FRAMEWORK@Framework@0|fastran_000001@fastran_driver@2|803)
2026-02-12 12:35:14,368 fastran_driver_fastran_driver_2 DEBUG    _invoke_service(): sendEvent  ('_IPS_MONITOR', 'PORTAL_EVENT', {'sim_name': 'fastran_000001', 'real_sim_name': 'fastran_000001', 'portal_data': {'code': 'fastran_driver_fastran_driver', 'eventtype': 'IPS_CALL_END', 'ok': True, 'walltime': '61.56', 'time': '2026-02-12|12:35:14PST', 'trace': {'timestamp': 1770928512644495, 'duration': 1713434, 'localEndpoint': {'serviceName': 'fastran_000001@toray@6'}, 'name': 'step(0)', 'id': 'a1998d55e3e3570d', 'parentId': '15e0663de819b9fa', 'tags': {}}, 'state': 'Running', 'comment': 'Target = fastran_000001@toray@6:step(0)'}})
2026-02-12 12:35:14,368 fastran_driver_fastran_driver_2 DEBUG    _get_service_response(REQUEST|fastran_000001@fastran_driver@2|FRAMEWORK@Framework@0|296)
2026-02-12 12:35:14,379 fastran_driver_fastran_driver_2 DEBUG    _get_service_response(REQUEST|fastran_000001@fastran_driver@2|FRAMEWORK@Framework@0|296), response = ServiceResponseMessage(sender_id=FRAMEWORK@Framework@0, receiver_id=fastran_000001@fastran_driver@2, request_msg_id=REQUEST|fastran_000001@fastran_driver@2|FRAMEWORK@Framework@0|296,status=0, args=(None,), message_id=RESPONSE|FRAMEWORK@Framework@0|fastran_000001@fastran_driver@2|804)
2026-02-12 12:35:14,379 fastran_driver_fastran_driver_2 DEBUG    _invoke_service(): getTopic  ('_IPS_MONITOR',)
2026-02-12 12:35:14,379 fastran_driver_fastran_driver_2 DEBUG    _get_service_response(REQUEST|fastran_000001@fastran_driver@2|FRAMEWORK@Framework@0|297)
2026-02-12 12:35:14,390 fastran_driver_fastran_driver_2 DEBUG    _get_service_response(REQUEST|fastran_000001@fastran_driver@2|FRAMEWORK@Framework@0|297), response = ServiceResponseMessage(sender_id=FRAMEWORK@Framework@0, receiver_id=fastran_000001@fastran_driver@2, request_msg_id=REQUEST|fastran_000001@fastran_driver@2|FRAMEWORK@Framework@0|297,status=0, args=(<ipsframework.cca_es_spec.Topic object at 0x14e1e9e3aca0>,), message_id=RESPONSE|FRAMEWORK@Framework@0|fastran_000001@fastran_driver@2|805)
2026-02-12 12:35:14,390 fastran_driver_fastran_driver_2 DEBUG    _invoke_service(): sendEvent  ('_IPS_MONITOR', 'PORTAL_EVENT', {'sim_name': 'fastran_000001', 'real_sim_name': 'fastran_000001', 'portal_data': {'code': 'fastran_driver_fastran_driver', 'eventtype': 'IPS_CALL_BEGIN', 'ok': True, 'walltime': '61.58', 'time': '2026-02-12|12:35:14PST', 'state': 'Running', 'comment': 'Target = fastran_000001@nubeam@7:step(0)'}})
2026-02-12 12:35:14,390 fastran_driver_fastran_driver_2 DEBUG    _get_service_response(REQUEST|fastran_000001@fastran_driver@2|FRAMEWORK@Framework@0|298)
2026-02-12 12:35:14,400 fastran_driver_fastran_driver_2 DEBUG    _get_service_response(REQUEST|fastran_000001@fastran_driver@2|FRAMEWORK@Framework@0|298), response = ServiceResponseMessage(sender_id=FRAMEWORK@Framework@0, receiver_id=fastran_000001@fastran_driver@2, request_msg_id=REQUEST|fastran_000001@fastran_driver@2|FRAMEWORK@Framework@0|298,status=0, args=(None,), message_id=RESPONSE|FRAMEWORK@Framework@0|fastran_000001@fastran_driver@2|806)
2026-02-12 12:35:14,401 fastran_driver_fastran_driver_2 DEBUG    _invoke_service(): init_call  ('step', 0)
2026-02-12 12:35:14,401 fastran_driver_fastran_driver_2 DEBUG    _get_service_response(REQUEST|fastran_000001@fastran_driver@2|FRAMEWORK@Framework@0|299)
2026-02-12 12:35:14,401 fastran_nb_nubeam_7 DEBUG    Received Message 
2026-02-12 12:35:14,401 fastran_nb_nubeam_7 DEBUG    Calling method step(0)
2026-02-12 12:35:14,402 fastran_nb_nubeam_7 DEBUG    _invoke_service(): stage_state  (['s000001.00001', 'g000001.00001', 'i000001.00001'], '/pscratch/sd/y/yashu_gh/FREDA_KSTAR_2/ips-fastran/examples/far3d/example1/SCAN/work/plasma_state', '/pscratch/sd/y/yashu_gh/FREDA_KSTAR_2/ips-fastran/examples/far3d/example1/SCAN/work/fastran_nb_nubeam_7')
2026-02-12 12:35:14,402 fastran_nb_nubeam_7 DEBUG    _get_service_response(REQUEST|fastran_000001@nubeam@7|FRAMEWORK@Framework@0|17)
2026-02-12 12:35:14,411 fastran_driver_fastran_driver_2 DEBUG    _get_service_response(REQUEST|fastran_000001@fastran_driver@2|FRAMEWORK@Framework@0|299), response = ServiceResponseMessage(sender_id=FRAMEWORK@Framework@0, receiver_id=fastran_000001@fastran_driver@2, request_msg_id=REQUEST|fastran_000001@fastran_driver@2|FRAMEWORK@Framework@0|299,status=0, args=(50,), message_id=RESPONSE|FRAMEWORK@Framework@0|fastran_000001@fastran_driver@2|807)
2026-02-12 12:35:14,411 fastran_driver_fastran_driver_2 DEBUG    _invoke_service(): wait_call  (50, True)
2026-02-12 12:35:14,412 fastran_driver_fastran_driver_2 DEBUG    _get_service_response(REQUEST|fastran_000001@fastran_driver@2|FRAMEWORK@Framework@0|300)
2026-02-12 12:35:14,424 fastran_nb_nubeam_7 DEBUG    _get_service_response(REQUEST|fastran_000001@nubeam@7|FRAMEWORK@Framework@0|17), response = ServiceResponseMessage(sender_id=FRAMEWORK@Framework@0, receiver_id=fastran_000001@nubeam@7, request_msg_id=REQUEST|fastran_000001@nubeam@7|FRAMEWORK@Framework@0|17,status=0, args=(0,), message_id=RESPONSE|FRAMEWORK@Framework@0|fastran_000001@nubeam@7|808)
2026-02-12 12:35:14,424 fastran_nb_nubeam_7 DEBUG    _invoke_service(): getTopic  ('_IPS_MONITOR',)
2026-02-12 12:35:14,424 fastran_nb_nubeam_7 DEBUG    _get_service_response(REQUEST|fastran_000001@nubeam@7|FRAMEWORK@Framework@0|18)
2026-02-12 12:35:14,435 fastran_nb_nubeam_7 DEBUG    _get_service_response(REQUEST|fastran_000001@nubeam@7|FRAMEWORK@Framework@0|18), response = ServiceResponseMessage(sender_id=FRAMEWORK@Framework@0, receiver_id=fastran_000001@nubeam@7, request_msg_id=REQUEST|fastran_000001@nubeam@7|FRAMEWORK@Framework@0|18,status=0, args=(<ipsframework.cca_es_spec.Topic object at 0x14e1e9e63fa0>,), message_id=RESPONSE|FRAMEWORK@Framework@0|fastran_000001@nubeam@7|809)
2026-02-12 12:35:14,435 fastran_nb_nubeam_7 DEBUG    _invoke_service(): sendEvent  ('_IPS_MONITOR', 'PORTAL_EVENT', {'sim_name': 'fastran_000001', 'real_sim_name': 'fastran_000001', 'portal_data': {'code': 'fastran_nb_nubeam', 'eventtype': 'IPS_STAGE_STATE', 'ok': True, 'walltime': '61.62', 'time': '2026-02-12|12:35:14PST', 'trace': {'timestamp': 1770928514402136, 'duration': 22263, 'localEndpoint': {'serviceName': 'stage_state'}, 'name': "['s000001.00001', 'g000001.00001', 'i000001.00001']", 'id': '71885aecf25d7412', 'parentId': '25874ab008615b0f', 'tags': {}}, 'state': 'Running', 'comment': 'Elapsed time = 0.022  files = s000001.00001 g000001.00001 i000001.00001 Success'}})
2026-02-12 12:35:14,435 fastran_nb_nubeam_7 DEBUG    _get_service_response(REQUEST|fastran_000001@nubeam@7|FRAMEWORK@Framework@0|19)
2026-02-12 12:35:14,446 fastran_nb_nubeam_7 DEBUG    _get_service_response(REQUEST|fastran_000001@nubeam@7|FRAMEWORK@Framework@0|19), response = ServiceResponseMessage(sender_id=FRAMEWORK@Framework@0, receiver_id=fastran_000001@nubeam@7, request_msg_id=REQUEST|fastran_000001@nubeam@7|FRAMEWORK@Framework@0|19,status=0, args=(None,), message_id=RESPONSE|FRAMEWORK@Framework@0|fastran_000001@nubeam@7|810)
2026-02-12 12:35:14,543 fastran_nb_nubeam_7 DEBUG    _invoke_service(): update_state  (['s000001.00001', 'g000001.00001', 'i000001.00001'], '/pscratch/sd/y/yashu_gh/FREDA_KSTAR_2/ips-fastran/examples/far3d/example1/SCAN/work/fastran_nb_nubeam_7', '/pscratch/sd/y/yashu_gh/FREDA_KSTAR_2/ips-fastran/examples/far3d/example1/SCAN/work/plasma_state')
2026-02-12 12:35:14,543 fastran_nb_nubeam_7 DEBUG    _get_service_response(REQUEST|fastran_000001@nubeam@7|FRAMEWORK@Framework@0|20)
2026-02-12 12:35:14,564 fastran_nb_nubeam_7 DEBUG    _get_service_response(REQUEST|fastran_000001@nubeam@7|FRAMEWORK@Framework@0|20), response = ServiceResponseMessage(sender_id=FRAMEWORK@Framework@0, receiver_id=fastran_000001@nubeam@7, request_msg_id=REQUEST|fastran_000001@nubeam@7|FRAMEWORK@Framework@0|20,status=0, args=(0,), message_id=RESPONSE|FRAMEWORK@Framework@0|fastran_000001@nubeam@7|811)
2026-02-12 12:35:14,564 fastran_nb_nubeam_7 DEBUG    _invoke_service(): getTopic  ('_IPS_MONITOR',)
2026-02-12 12:35:14,564 fastran_nb_nubeam_7 DEBUG    _get_service_response(REQUEST|fastran_000001@nubeam@7|FRAMEWORK@Framework@0|21)
2026-02-12 12:35:14,575 fastran_nb_nubeam_7 DEBUG    _get_service_response(REQUEST|fastran_000001@nubeam@7|FRAMEWORK@Framework@0|21), response = ServiceResponseMessage(sender_id=FRAMEWORK@Framework@0, receiver_id=fastran_000001@nubeam@7, request_msg_id=REQUEST|fastran_000001@nubeam@7|FRAMEWORK@Framework@0|21,status=0, args=(<ipsframework.cca_es_spec.Topic object at 0x14e1e1dcb160>,), message_id=RESPONSE|FRAMEWORK@Framework@0|fastran_000001@nubeam@7|812)
2026-02-12 12:35:14,575 fastran_nb_nubeam_7 DEBUG    _invoke_service(): sendEvent  ('_IPS_MONITOR', 'PORTAL_EVENT', {'sim_name': 'fastran_000001', 'real_sim_name': 'fastran_000001', 'portal_data': {'code': 'fastran_nb_nubeam', 'eventtype': 'IPS_UPDATE_STATE', 'ok': True, 'walltime': '61.76', 'time': '2026-02-12|12:35:14PST', 'trace': {'timestamp': 1770928514543249, 'duration': 21166, 'localEndpoint': {'serviceName': 'update_state'}, 'name': "['s000001.00001', 'g000001.00001', 'i000001.00001']", 'id': '7629e189a66153c0', 'parentId': '25874ab008615b0f', 'tags': {}}, 'state': 'Running', 'comment': 'Elapsed time = 0.021   files = s000001.00001 g000001.00001 i000001.00001 Success'}})
2026-02-12 12:35:14,575 fastran_nb_nubeam_7 DEBUG    _get_service_response(REQUEST|fastran_000001@nubeam@7|FRAMEWORK@Framework@0|22)
2026-02-12 12:35:14,586 fastran_nb_nubeam_7 DEBUG    _get_service_response(REQUEST|fastran_000001@nubeam@7|FRAMEWORK@Framework@0|22), response = ServiceResponseMessage(sender_id=FRAMEWORK@Framework@0, receiver_id=fastran_000001@nubeam@7, request_msg_id=REQUEST|fastran_000001@nubeam@7|FRAMEWORK@Framework@0|22,status=0, args=(None,), message_id=RESPONSE|FRAMEWORK@Framework@0|fastran_000001@nubeam@7|813)
2026-02-12 12:35:14,586 fastran_nb_nubeam_7 DEBUG    _invoke_service(): init_task  (TaskInit(nproc=24, binary='/global/common/software/atom/perlmutter/binaries/nubeam/default/mpi_nubeam_comp_exec', working_dir='/pscratch/sd/y/yashu_gh/FREDA_KSTAR_2/ips-fastran/examples/far3d/example1/SCAN/work/fastran_nb_nubeam_7', tppn=0, tcpp=0, tgpp=0, block=True, omp=False, wnodes=True, wsocks=True, cmd_args=()),)
2026-02-12 12:35:14,586 fastran_nb_nubeam_7 DEBUG    _get_service_response(REQUEST|fastran_000001@nubeam@7|FRAMEWORK@Framework@0|23)
2026-02-12 12:35:14,597 fastran_nb_nubeam_7 DEBUG    _get_service_response(REQUEST|fastran_000001@nubeam@7|FRAMEWORK@Framework@0|23), response = ServiceResponseMessage(sender_id=FRAMEWORK@Framework@0, receiver_id=fastran_000001@nubeam@7, request_msg_id=REQUEST|fastran_000001@nubeam@7|FRAMEWORK@Framework@0|23,status=0, args=((14, 'srun -N 1 -n 24 -c 5 --threads-per-core=1 --cpu-bind=cores /global/common/software/atom/perlmutter/binaries/nubeam/default/mpi_nubeam_comp_exec ', None, 128),), message_id=RESPONSE|FRAMEWORK@Framework@0|fastran_000001@nubeam@7|814)
2026-02-12 12:35:14,599 fastran_nb_nubeam_7 DEBUG    Launching command : srun -N 1 -n 24 -c 5 --threads-per-core=1 --cpu-bind=cores /global/common/software/atom/perlmutter/binaries/nubeam/default/mpi_nubeam_comp_exec 
2026-02-12 12:35:14,623 fastran_nb_nubeam_7 DEBUG    _invoke_service(): getTopic  ('_IPS_MONITOR',)
2026-02-12 12:35:14,624 fastran_nb_nubeam_7 DEBUG    _get_service_response(REQUEST|fastran_000001@nubeam@7|FRAMEWORK@Framework@0|24)
2026-02-12 12:35:14,635 fastran_nb_nubeam_7 DEBUG    _get_service_response(REQUEST|fastran_000001@nubeam@7|FRAMEWORK@Framework@0|24), response = ServiceResponseMessage(sender_id=FRAMEWORK@Framework@0, receiver_id=fastran_000001@nubeam@7, request_msg_id=REQUEST|fastran_000001@nubeam@7|FRAMEWORK@Framework@0|24,status=0, args=(<ipsframework.cca_es_spec.Topic object at 0x14e1e1dcb2b0>,), message_id=RESPONSE|FRAMEWORK@Framework@0|fastran_000001@nubeam@7|815)
2026-02-12 12:35:14,635 fastran_nb_nubeam_7 DEBUG    _invoke_service(): sendEvent  ('_IPS_MONITOR', 'PORTAL_EVENT', {'sim_name': 'fastran_000001', 'real_sim_name': 'fastran_000001', 'portal_data': {'code': 'fastran_nb_nubeam', 'eventtype': 'IPS_LAUNCH_TASK', 'ok': True, 'walltime': '61.82', 'time': '2026-02-12|12:35:14PST', 'state': 'Running', 'comment': 'task_id = 14 , Tag = None , nproc = 24 , Target = srun -N 1 -n 24 -c 5 --threads-per-core=1 --cpu-bind=cores /global/common/software/atom/perlmutter/binaries/nubeam/default/mpi_nubeam_comp_exec '}})
2026-02-12 12:35:14,635 fastran_nb_nubeam_7 DEBUG    _get_service_response(REQUEST|fastran_000001@nubeam@7|FRAMEWORK@Framework@0|25)
2026-02-12 12:35:14,646 fastran_nb_nubeam_7 DEBUG    _get_service_response(REQUEST|fastran_000001@nubeam@7|FRAMEWORK@Framework@0|25), response = ServiceResponseMessage(sender_id=FRAMEWORK@Framework@0, receiver_id=fastran_000001@nubeam@7, request_msg_id=REQUEST|fastran_000001@nubeam@7|FRAMEWORK@Framework@0|25,status=0, args=(None,), message_id=RESPONSE|FRAMEWORK@Framework@0|fastran_000001@nubeam@7|816)
2026-02-12 12:35:36,493 fastran_nb_nubeam_7 DEBUG    _invoke_service(): getTopic  ('_IPS_MONITOR',)
2026-02-12 12:35:36,493 fastran_nb_nubeam_7 DEBUG    _get_service_response(REQUEST|fastran_000001@nubeam@7|FRAMEWORK@Framework@0|26)
2026-02-12 12:35:36,504 fastran_nb_nubeam_7 DEBUG    _get_service_response(REQUEST|fastran_000001@nubeam@7|FRAMEWORK@Framework@0|26), response = ServiceResponseMessage(sender_id=FRAMEWORK@Framework@0, receiver_id=fastran_000001@nubeam@7, request_msg_id=REQUEST|fastran_000001@nubeam@7|FRAMEWORK@Framework@0|26,status=0, args=(<ipsframework.cca_es_spec.Topic object at 0x14e1e1dcb4f0>,), message_id=RESPONSE|FRAMEWORK@Framework@0|fastran_000001@nubeam@7|860)
2026-02-12 12:35:36,504 fastran_nb_nubeam_7 DEBUG    _invoke_service(): sendEvent  ('_IPS_MONITOR', 'PORTAL_EVENT', {'sim_name': 'fastran_000001', 'real_sim_name': 'fastran_000001', 'portal_data': {'code': 'fastran_nb_nubeam', 'eventtype': 'IPS_TASK_END', 'ok': True, 'walltime': '83.69', 'time': '2026-02-12|12:35:36PST', 'trace': {'timestamp': 1770928514623668, 'duration': 21869314, 'localEndpoint': {'serviceName': '/global/common/software/atom/perlmutter/binaries/nubeam/default/mpi_nubeam_comp_exec'}, 'name': '', 'id': 'aaa92e7e0c301e47', 'parentId': '25874ab008615b0f', 'tags': {'procs_requested': '24', 'cores_allocated': '128'}}, 'state': 'Running', 'comment': 'task_id = 14  elapsed time = 21.87 S'}})
2026-02-12 12:35:36,504 fastran_nb_nubeam_7 DEBUG    _get_service_response(REQUEST|fastran_000001@nubeam@7|FRAMEWORK@Framework@0|27)
2026-02-12 12:35:36,515 fastran_nb_nubeam_7 DEBUG    _get_service_response(REQUEST|fastran_000001@nubeam@7|FRAMEWORK@Framework@0|27), response = ServiceResponseMessage(sender_id=FRAMEWORK@Framework@0, receiver_id=fastran_000001@nubeam@7, request_msg_id=REQUEST|fastran_000001@nubeam@7|FRAMEWORK@Framework@0|27,status=0, args=(None,), message_id=RESPONSE|FRAMEWORK@Framework@0|fastran_000001@nubeam@7|861)
2026-02-12 12:35:36,515 fastran_nb_nubeam_7 DEBUG    _invoke_service(): finish_task  (14, 0)
2026-02-12 12:35:36,515 fastran_nb_nubeam_7 DEBUG    _get_service_response(REQUEST|fastran_000001@nubeam@7|FRAMEWORK@Framework@0|28)
2026-02-12 12:35:36,526 fastran_nb_nubeam_7 DEBUG    _get_service_response(REQUEST|fastran_000001@nubeam@7|FRAMEWORK@Framework@0|28), response = ServiceResponseMessage(sender_id=FRAMEWORK@Framework@0, receiver_id=fastran_000001@nubeam@7, request_msg_id=REQUEST|fastran_000001@nubeam@7|FRAMEWORK@Framework@0|28,status=0, args=(0,), message_id=RESPONSE|FRAMEWORK@Framework@0|fastran_000001@nubeam@7|862)
2026-02-12 12:35:36,526 fastran_nb_nubeam_7 DEBUG    _invoke_service(): init_task  (TaskInit(nproc=24, binary='/global/common/software/atom/perlmutter/binaries/nubeam/default/mpi_nubeam_comp_exec', working_dir='/pscratch/sd/y/yashu_gh/FREDA_KSTAR_2/ips-fastran/examples/far3d/example1/SCAN/work/fastran_nb_nubeam_7', tppn=0, tcpp=0, tgpp=0, block=True, omp=False, wnodes=True, wsocks=True, cmd_args=()),)
2026-02-12 12:35:36,526 fastran_nb_nubeam_7 DEBUG    _get_service_response(REQUEST|fastran_000001@nubeam@7|FRAMEWORK@Framework@0|29)
2026-02-12 12:35:36,537 fastran_nb_nubeam_7 DEBUG    _get_service_response(REQUEST|fastran_000001@nubeam@7|FRAMEWORK@Framework@0|29), response = ServiceResponseMessage(sender_id=FRAMEWORK@Framework@0, receiver_id=fastran_000001@nubeam@7, request_msg_id=REQUEST|fastran_000001@nubeam@7|FRAMEWORK@Framework@0|29,status=0, args=((15, 'srun -N 1 -n 24 -c 5 --threads-per-core=1 --cpu-bind=cores /global/common/software/atom/perlmutter/binaries/nubeam/default/mpi_nubeam_comp_exec ', None, 128),), message_id=RESPONSE|FRAMEWORK@Framework@0|fastran_000001@nubeam@7|863)
2026-02-12 12:35:36,539 fastran_nb_nubeam_7 DEBUG    Launching command : srun -N 1 -n 24 -c 5 --threads-per-core=1 --cpu-bind=cores /global/common/software/atom/perlmutter/binaries/nubeam/default/mpi_nubeam_comp_exec 
2026-02-12 12:35:36,556 fastran_nb_nubeam_7 DEBUG    _invoke_service(): getTopic  ('_IPS_MONITOR',)
2026-02-12 12:35:36,556 fastran_nb_nubeam_7 DEBUG    _get_service_response(REQUEST|fastran_000001@nubeam@7|FRAMEWORK@Framework@0|30)
2026-02-12 12:35:36,567 fastran_nb_nubeam_7 DEBUG    _get_service_response(REQUEST|fastran_000001@nubeam@7|FRAMEWORK@Framework@0|30), response = ServiceResponseMessage(sender_id=FRAMEWORK@Framework@0, receiver_id=fastran_000001@nubeam@7, request_msg_id=REQUEST|fastran_000001@nubeam@7|FRAMEWORK@Framework@0|30,status=0, args=(<ipsframework.cca_es_spec.Topic object at 0x14e1e1dcb280>,), message_id=RESPONSE|FRAMEWORK@Framework@0|fastran_000001@nubeam@7|864)
2026-02-12 12:35:36,567 fastran_nb_nubeam_7 DEBUG    _invoke_service(): sendEvent  ('_IPS_MONITOR', 'PORTAL_EVENT', {'sim_name': 'fastran_000001', 'real_sim_name': 'fastran_000001', 'portal_data': {'code': 'fastran_nb_nubeam', 'eventtype': 'IPS_LAUNCH_TASK', 'ok': True, 'walltime': '83.75', 'time': '2026-02-12|12:35:36PST', 'state': 'Running', 'comment': 'task_id = 15 , Tag = None , nproc = 24 , Target = srun -N 1 -n 24 -c 5 --threads-per-core=1 --cpu-bind=cores /global/common/software/atom/perlmutter/binaries/nubeam/default/mpi_nubeam_comp_exec '}})
2026-02-12 12:35:36,567 fastran_nb_nubeam_7 DEBUG    _get_service_response(REQUEST|fastran_000001@nubeam@7|FRAMEWORK@Framework@0|31)
2026-02-12 12:35:36,578 fastran_nb_nubeam_7 DEBUG    _get_service_response(REQUEST|fastran_000001@nubeam@7|FRAMEWORK@Framework@0|31), response = ServiceResponseMessage(sender_id=FRAMEWORK@Framework@0, receiver_id=fastran_000001@nubeam@7, request_msg_id=REQUEST|fastran_000001@nubeam@7|FRAMEWORK@Framework@0|31,status=0, args=(None,), message_id=RESPONSE|FRAMEWORK@Framework@0|fastran_000001@nubeam@7|865)
2026-02-12 12:35:39,997 fastran_nb_nubeam_7 DEBUG    _invoke_service(): getTopic  ('_IPS_MONITOR',)
2026-02-12 12:35:39,998 fastran_nb_nubeam_7 DEBUG    _get_service_response(REQUEST|fastran_000001@nubeam@7|FRAMEWORK@Framework@0|32)
2026-02-12 12:35:40,008 fastran_nb_nubeam_7 DEBUG    _get_service_response(REQUEST|fastran_000001@nubeam@7|FRAMEWORK@Framework@0|32), response = ServiceResponseMessage(sender_id=FRAMEWORK@Framework@0, receiver_id=fastran_000001@nubeam@7, request_msg_id=REQUEST|fastran_000001@nubeam@7|FRAMEWORK@Framework@0|32,status=0, args=(<ipsframework.cca_es_spec.Topic object at 0x14e1e1dcb370>,), message_id=RESPONSE|FRAMEWORK@Framework@0|fastran_000001@nubeam@7|873)
2026-02-12 12:35:40,009 fastran_nb_nubeam_7 DEBUG    _invoke_service(): sendEvent  ('_IPS_MONITOR', 'PORTAL_EVENT', {'sim_name': 'fastran_000001', 'real_sim_name': 'fastran_000001', 'portal_data': {'code': 'fastran_nb_nubeam', 'eventtype': 'IPS_TASK_END', 'ok': True, 'walltime': '87.19', 'time': '2026-02-12|12:35:39PST', 'trace': {'timestamp': 1770928536555925, 'duration': 3441686, 'localEndpoint': {'serviceName': '/global/common/software/atom/perlmutter/binaries/nubeam/default/mpi_nubeam_comp_exec'}, 'name': '', 'id': 'c30007323bf73938', 'parentId': '25874ab008615b0f', 'tags': {'procs_requested': '24', 'cores_allocated': '128'}}, 'state': 'Running', 'comment': 'task_id = 15  elapsed time = 3.44 S'}})
2026-02-12 12:35:40,009 fastran_nb_nubeam_7 DEBUG    _get_service_response(REQUEST|fastran_000001@nubeam@7|FRAMEWORK@Framework@0|33)
2026-02-12 12:35:40,019 fastran_nb_nubeam_7 DEBUG    _get_service_response(REQUEST|fastran_000001@nubeam@7|FRAMEWORK@Framework@0|33), response = ServiceResponseMessage(sender_id=FRAMEWORK@Framework@0, receiver_id=fastran_000001@nubeam@7, request_msg_id=REQUEST|fastran_000001@nubeam@7|FRAMEWORK@Framework@0|33,status=0, args=(None,), message_id=RESPONSE|FRAMEWORK@Framework@0|fastran_000001@nubeam@7|874)
2026-02-12 12:35:40,019 fastran_nb_nubeam_7 DEBUG    _invoke_service(): finish_task  (15, 0)
2026-02-12 12:35:40,020 fastran_nb_nubeam_7 DEBUG    _get_service_response(REQUEST|fastran_000001@nubeam@7|FRAMEWORK@Framework@0|34)
2026-02-12 12:35:40,030 fastran_nb_nubeam_7 DEBUG    _get_service_response(REQUEST|fastran_000001@nubeam@7|FRAMEWORK@Framework@0|34), response = ServiceResponseMessage(sender_id=FRAMEWORK@Framework@0, receiver_id=fastran_000001@nubeam@7, request_msg_id=REQUEST|fastran_000001@nubeam@7|FRAMEWORK@Framework@0|34,status=0, args=(0,), message_id=RESPONSE|FRAMEWORK@Framework@0|fastran_000001@nubeam@7|875)
2026-02-12 12:35:40,033 fastran_nb_nubeam_7 DEBUG    _invoke_service(): init_task  (TaskInit(nproc=24, binary='/global/common/software/atom/perlmutter/binaries/nubeam/default/mpi_nubeam_comp_exec', working_dir='/pscratch/sd/y/yashu_gh/FREDA_KSTAR_2/ips-fastran/examples/far3d/example1/SCAN/work/fastran_nb_nubeam_7', tppn=0, tcpp=0, tgpp=0, block=True, omp=False, wnodes=True, wsocks=True, cmd_args=()),)
2026-02-12 12:35:40,033 fastran_nb_nubeam_7 DEBUG    _get_service_response(REQUEST|fastran_000001@nubeam@7|FRAMEWORK@Framework@0|35)
2026-02-12 12:35:40,044 fastran_nb_nubeam_7 DEBUG    _get_service_response(REQUEST|fastran_000001@nubeam@7|FRAMEWORK@Framework@0|35), response = ServiceResponseMessage(sender_id=FRAMEWORK@Framework@0, receiver_id=fastran_000001@nubeam@7, request_msg_id=REQUEST|fastran_000001@nubeam@7|FRAMEWORK@Framework@0|35,status=0, args=((16, 'srun -N 1 -n 24 -c 5 --threads-per-core=1 --cpu-bind=cores /global/common/software/atom/perlmutter/binaries/nubeam/default/mpi_nubeam_comp_exec ', None, 128),), message_id=RESPONSE|FRAMEWORK@Framework@0|fastran_000001@nubeam@7|876)
2026-02-12 12:35:40,045 fastran_nb_nubeam_7 DEBUG    Launching command : srun -N 1 -n 24 -c 5 --threads-per-core=1 --cpu-bind=cores /global/common/software/atom/perlmutter/binaries/nubeam/default/mpi_nubeam_comp_exec 
2026-02-12 12:35:40,068 fastran_nb_nubeam_7 DEBUG    _invoke_service(): getTopic  ('_IPS_MONITOR',)
2026-02-12 12:35:40,068 fastran_nb_nubeam_7 DEBUG    _get_service_response(REQUEST|fastran_000001@nubeam@7|FRAMEWORK@Framework@0|36)
2026-02-12 12:35:40,079 fastran_nb_nubeam_7 DEBUG    _get_service_response(REQUEST|fastran_000001@nubeam@7|FRAMEWORK@Framework@0|36), response = ServiceResponseMessage(sender_id=FRAMEWORK@Framework@0, receiver_id=fastran_000001@nubeam@7, request_msg_id=REQUEST|fastran_000001@nubeam@7|FRAMEWORK@Framework@0|36,status=0, args=(<ipsframework.cca_es_spec.Topic object at 0x14e1e1dcb3d0>,), message_id=RESPONSE|FRAMEWORK@Framework@0|fastran_000001@nubeam@7|877)
2026-02-12 12:35:40,079 fastran_nb_nubeam_7 DEBUG    _invoke_service(): sendEvent  ('_IPS_MONITOR', 'PORTAL_EVENT', {'sim_name': 'fastran_000001', 'real_sim_name': 'fastran_000001', 'portal_data': {'code': 'fastran_nb_nubeam', 'eventtype': 'IPS_LAUNCH_TASK', 'ok': True, 'walltime': '87.27', 'time': '2026-02-12|12:35:40PST', 'state': 'Running', 'comment': 'task_id = 16 , Tag = None , nproc = 24 , Target = srun -N 1 -n 24 -c 5 --threads-per-core=1 --cpu-bind=cores /global/common/software/atom/perlmutter/binaries/nubeam/default/mpi_nubeam_comp_exec '}})
2026-02-12 12:35:40,079 fastran_nb_nubeam_7 DEBUG    _get_service_response(REQUEST|fastran_000001@nubeam@7|FRAMEWORK@Framework@0|37)
2026-02-12 12:35:40,090 fastran_nb_nubeam_7 DEBUG    _get_service_response(REQUEST|fastran_000001@nubeam@7|FRAMEWORK@Framework@0|37), response = ServiceResponseMessage(sender_id=FRAMEWORK@Framework@0, receiver_id=fastran_000001@nubeam@7, request_msg_id=REQUEST|fastran_000001@nubeam@7|FRAMEWORK@Framework@0|37,status=0, args=(None,), message_id=RESPONSE|FRAMEWORK@Framework@0|fastran_000001@nubeam@7|878)
2026-02-12 12:35:43,582 fastran_nb_nubeam_7 DEBUG    _invoke_service(): getTopic  ('_IPS_MONITOR',)
2026-02-12 12:35:43,582 fastran_nb_nubeam_7 DEBUG    _get_service_response(REQUEST|fastran_000001@nubeam@7|FRAMEWORK@Framework@0|38)
2026-02-12 12:35:43,593 fastran_nb_nubeam_7 DEBUG    _get_service_response(REQUEST|fastran_000001@nubeam@7|FRAMEWORK@Framework@0|38), response = ServiceResponseMessage(sender_id=FRAMEWORK@Framework@0, receiver_id=fastran_000001@nubeam@7, request_msg_id=REQUEST|fastran_000001@nubeam@7|FRAMEWORK@Framework@0|38,status=0, args=(<ipsframework.cca_es_spec.Topic object at 0x14e1e1dcb310>,), message_id=RESPONSE|FRAMEWORK@Framework@0|fastran_000001@nubeam@7|886)
2026-02-12 12:35:43,593 fastran_nb_nubeam_7 DEBUG    _invoke_service(): sendEvent  ('_IPS_MONITOR', 'PORTAL_EVENT', {'sim_name': 'fastran_000001', 'real_sim_name': 'fastran_000001', 'portal_data': {'code': 'fastran_nb_nubeam', 'eventtype': 'IPS_TASK_END', 'ok': True, 'walltime': '90.78', 'time': '2026-02-12|12:35:43PST', 'trace': {'timestamp': 1770928540068438, 'duration': 3513544, 'localEndpoint': {'serviceName': '/global/common/software/atom/perlmutter/binaries/nubeam/default/mpi_nubeam_comp_exec'}, 'name': '', 'id': '9d5eb3f0e580d8e0', 'parentId': '25874ab008615b0f', 'tags': {'procs_requested': '24', 'cores_allocated': '128'}}, 'state': 'Running', 'comment': 'task_id = 16  elapsed time = 3.51 S'}})
2026-02-12 12:35:43,593 fastran_nb_nubeam_7 DEBUG    _get_service_response(REQUEST|fastran_000001@nubeam@7|FRAMEWORK@Framework@0|39)
2026-02-12 12:35:43,604 fastran_nb_nubeam_7 DEBUG    _get_service_response(REQUEST|fastran_000001@nubeam@7|FRAMEWORK@Framework@0|39), response = ServiceResponseMessage(sender_id=FRAMEWORK@Framework@0, receiver_id=fastran_000001@nubeam@7, request_msg_id=REQUEST|fastran_000001@nubeam@7|FRAMEWORK@Framework@0|39,status=0, args=(None,), message_id=RESPONSE|FRAMEWORK@Framework@0|fastran_000001@nubeam@7|887)
2026-02-12 12:35:43,604 fastran_nb_nubeam_7 DEBUG    _invoke_service(): finish_task  (16, 0)
2026-02-12 12:35:43,604 fastran_nb_nubeam_7 DEBUG    _get_service_response(REQUEST|fastran_000001@nubeam@7|FRAMEWORK@Framework@0|40)
2026-02-12 12:35:43,615 fastran_nb_nubeam_7 DEBUG    _get_service_response(REQUEST|fastran_000001@nubeam@7|FRAMEWORK@Framework@0|40), response = ServiceResponseMessage(sender_id=FRAMEWORK@Framework@0, receiver_id=fastran_000001@nubeam@7, request_msg_id=REQUEST|fastran_000001@nubeam@7|FRAMEWORK@Framework@0|40,status=0, args=(0,), message_id=RESPONSE|FRAMEWORK@Framework@0|fastran_000001@nubeam@7|888)
2026-02-12 12:35:43,617 fastran_nb_nubeam_7 DEBUG    _invoke_service(): init_task  (TaskInit(nproc=24, binary='/global/common/software/atom/perlmutter/binaries/nubeam/default/mpi_nubeam_comp_exec', working_dir='/pscratch/sd/y/yashu_gh/FREDA_KSTAR_2/ips-fastran/examples/far3d/example1/SCAN/work/fastran_nb_nubeam_7', tppn=0, tcpp=0, tgpp=0, block=True, omp=False, wnodes=True, wsocks=True, cmd_args=()),)
2026-02-12 12:35:43,617 fastran_nb_nubeam_7 DEBUG    _get_service_response(REQUEST|fastran_000001@nubeam@7|FRAMEWORK@Framework@0|41)
2026-02-12 12:35:43,628 fastran_nb_nubeam_7 DEBUG    _get_service_response(REQUEST|fastran_000001@nubeam@7|FRAMEWORK@Framework@0|41), response = ServiceResponseMessage(sender_id=FRAMEWORK@Framework@0, receiver_id=fastran_000001@nubeam@7, request_msg_id=REQUEST|fastran_000001@nubeam@7|FRAMEWORK@Framework@0|41,status=0, args=((17, 'srun -N 1 -n 24 -c 5 --threads-per-core=1 --cpu-bind=cores /global/common/software/atom/perlmutter/binaries/nubeam/default/mpi_nubeam_comp_exec ', None, 128),), message_id=RESPONSE|FRAMEWORK@Framework@0|fastran_000001@nubeam@7|889)
2026-02-12 12:35:43,629 fastran_nb_nubeam_7 DEBUG    Launching command : srun -N 1 -n 24 -c 5 --threads-per-core=1 --cpu-bind=cores /global/common/software/atom/perlmutter/binaries/nubeam/default/mpi_nubeam_comp_exec 
2026-02-12 12:35:43,650 fastran_nb_nubeam_7 DEBUG    _invoke_service(): getTopic  ('_IPS_MONITOR',)
2026-02-12 12:35:43,650 fastran_nb_nubeam_7 DEBUG    _get_service_response(REQUEST|fastran_000001@nubeam@7|FRAMEWORK@Framework@0|42)
2026-02-12 12:35:43,661 fastran_nb_nubeam_7 DEBUG    _get_service_response(REQUEST|fastran_000001@nubeam@7|FRAMEWORK@Framework@0|42), response = ServiceResponseMessage(sender_id=FRAMEWORK@Framework@0, receiver_id=fastran_000001@nubeam@7, request_msg_id=REQUEST|fastran_000001@nubeam@7|FRAMEWORK@Framework@0|42,status=0, args=(<ipsframework.cca_es_spec.Topic object at 0x14e1e1dcb2b0>,), message_id=RESPONSE|FRAMEWORK@Framework@0|fastran_000001@nubeam@7|890)
2026-02-12 12:35:43,661 fastran_nb_nubeam_7 DEBUG    _invoke_service(): sendEvent  ('_IPS_MONITOR', 'PORTAL_EVENT', {'sim_name': 'fastran_000001', 'real_sim_name': 'fastran_000001', 'portal_data': {'code': 'fastran_nb_nubeam', 'eventtype': 'IPS_LAUNCH_TASK', 'ok': True, 'walltime': '90.85', 'time': '2026-02-12|12:35:43PST', 'state': 'Running', 'comment': 'task_id = 17 , Tag = None , nproc = 24 , Target = srun -N 1 -n 24 -c 5 --threads-per-core=1 --cpu-bind=cores /global/common/software/atom/perlmutter/binaries/nubeam/default/mpi_nubeam_comp_exec '}})
2026-02-12 12:35:43,661 fastran_nb_nubeam_7 DEBUG    _get_service_response(REQUEST|fastran_000001@nubeam@7|FRAMEWORK@Framework@0|43)
2026-02-12 12:35:43,672 fastran_nb_nubeam_7 DEBUG    _get_service_response(REQUEST|fastran_000001@nubeam@7|FRAMEWORK@Framework@0|43), response = ServiceResponseMessage(sender_id=FRAMEWORK@Framework@0, receiver_id=fastran_000001@nubeam@7, request_msg_id=REQUEST|fastran_000001@nubeam@7|FRAMEWORK@Framework@0|43,status=0, args=(None,), message_id=RESPONSE|FRAMEWORK@Framework@0|fastran_000001@nubeam@7|891)
2026-02-12 12:35:47,256 fastran_nb_nubeam_7 DEBUG    _invoke_service(): getTopic  ('_IPS_MONITOR',)
2026-02-12 12:35:47,256 fastran_nb_nubeam_7 DEBUG    _get_service_response(REQUEST|fastran_000001@nubeam@7|FRAMEWORK@Framework@0|44)
2026-02-12 12:35:47,267 fastran_nb_nubeam_7 DEBUG    _get_service_response(REQUEST|fastran_000001@nubeam@7|FRAMEWORK@Framework@0|44), response = ServiceResponseMessage(sender_id=FRAMEWORK@Framework@0, receiver_id=fastran_000001@nubeam@7, request_msg_id=REQUEST|fastran_000001@nubeam@7|FRAMEWORK@Framework@0|44,status=0, args=(<ipsframework.cca_es_spec.Topic object at 0x14e1e1dcb370>,), message_id=RESPONSE|FRAMEWORK@Framework@0|fastran_000001@nubeam@7|899)
2026-02-12 12:35:47,267 fastran_nb_nubeam_7 DEBUG    _invoke_service(): sendEvent  ('_IPS_MONITOR', 'PORTAL_EVENT', {'sim_name': 'fastran_000001', 'real_sim_name': 'fastran_000001', 'portal_data': {'code': 'fastran_nb_nubeam', 'eventtype': 'IPS_TASK_END', 'ok': True, 'walltime': '94.45', 'time': '2026-02-12|12:35:47PST', 'trace': {'timestamp': 1770928543649777, 'duration': 3606369, 'localEndpoint': {'serviceName': '/global/common/software/atom/perlmutter/binaries/nubeam/default/mpi_nubeam_comp_exec'}, 'name': '', 'id': 'eb6394eb73838ff8', 'parentId': '25874ab008615b0f', 'tags': {'procs_requested': '24', 'cores_allocated': '128'}}, 'state': 'Running', 'comment': 'task_id = 17  elapsed time = 3.61 S'}})
2026-02-12 12:35:47,267 fastran_nb_nubeam_7 DEBUG    _get_service_response(REQUEST|fastran_000001@nubeam@7|FRAMEWORK@Framework@0|45)
2026-02-12 12:35:47,278 fastran_nb_nubeam_7 DEBUG    _get_service_response(REQUEST|fastran_000001@nubeam@7|FRAMEWORK@Framework@0|45), response = ServiceResponseMessage(sender_id=FRAMEWORK@Framework@0, receiver_id=fastran_000001@nubeam@7, request_msg_id=REQUEST|fastran_000001@nubeam@7|FRAMEWORK@Framework@0|45,status=0, args=(None,), message_id=RESPONSE|FRAMEWORK@Framework@0|fastran_000001@nubeam@7|900)
2026-02-12 12:35:47,278 fastran_nb_nubeam_7 DEBUG    _invoke_service(): finish_task  (17, 0)
2026-02-12 12:35:47,278 fastran_nb_nubeam_7 DEBUG    _get_service_response(REQUEST|fastran_000001@nubeam@7|FRAMEWORK@Framework@0|46)
2026-02-12 12:35:47,289 fastran_nb_nubeam_7 DEBUG    _get_service_response(REQUEST|fastran_000001@nubeam@7|FRAMEWORK@Framework@0|46), response = ServiceResponseMessage(sender_id=FRAMEWORK@Framework@0, receiver_id=fastran_000001@nubeam@7, request_msg_id=REQUEST|fastran_000001@nubeam@7|FRAMEWORK@Framework@0|46,status=0, args=(0,), message_id=RESPONSE|FRAMEWORK@Framework@0|fastran_000001@nubeam@7|901)
2026-02-12 12:35:47,292 fastran_nb_nubeam_7 DEBUG    _invoke_service(): init_task  (TaskInit(nproc=24, binary='/global/common/software/atom/perlmutter/binaries/nubeam/default/mpi_nubeam_comp_exec', working_dir='/pscratch/sd/y/yashu_gh/FREDA_KSTAR_2/ips-fastran/examples/far3d/example1/SCAN/work/fastran_nb_nubeam_7', tppn=0, tcpp=0, tgpp=0, block=True, omp=False, wnodes=True, wsocks=True, cmd_args=()),)
2026-02-12 12:35:47,292 fastran_nb_nubeam_7 DEBUG    _get_service_response(REQUEST|fastran_000001@nubeam@7|FRAMEWORK@Framework@0|47)
2026-02-12 12:35:47,303 fastran_nb_nubeam_7 DEBUG    _get_service_response(REQUEST|fastran_000001@nubeam@7|FRAMEWORK@Framework@0|47), response = ServiceResponseMessage(sender_id=FRAMEWORK@Framework@0, receiver_id=fastran_000001@nubeam@7, request_msg_id=REQUEST|fastran_000001@nubeam@7|FRAMEWORK@Framework@0|47,status=0, args=((18, 'srun -N 1 -n 24 -c 5 --threads-per-core=1 --cpu-bind=cores /global/common/software/atom/perlmutter/binaries/nubeam/default/mpi_nubeam_comp_exec ', None, 128),), message_id=RESPONSE|FRAMEWORK@Framework@0|fastran_000001@nubeam@7|902)
2026-02-12 12:35:47,304 fastran_nb_nubeam_7 DEBUG    Launching command : srun -N 1 -n 24 -c 5 --threads-per-core=1 --cpu-bind=cores /global/common/software/atom/perlmutter/binaries/nubeam/default/mpi_nubeam_comp_exec 
2026-02-12 12:35:47,324 fastran_nb_nubeam_7 DEBUG    _invoke_service(): getTopic  ('_IPS_MONITOR',)
2026-02-12 12:35:47,325 fastran_nb_nubeam_7 DEBUG    _get_service_response(REQUEST|fastran_000001@nubeam@7|FRAMEWORK@Framework@0|48)
2026-02-12 12:35:47,336 fastran_nb_nubeam_7 DEBUG    _get_service_response(REQUEST|fastran_000001@nubeam@7|FRAMEWORK@Framework@0|48), response = ServiceResponseMessage(sender_id=FRAMEWORK@Framework@0, receiver_id=fastran_000001@nubeam@7, request_msg_id=REQUEST|fastran_000001@nubeam@7|FRAMEWORK@Framework@0|48,status=0, args=(<ipsframework.cca_es_spec.Topic object at 0x14e1e1dcb4c0>,), message_id=RESPONSE|FRAMEWORK@Framework@0|fastran_000001@nubeam@7|903)
2026-02-12 12:35:47,336 fastran_nb_nubeam_7 DEBUG    _invoke_service(): sendEvent  ('_IPS_MONITOR', 'PORTAL_EVENT', {'sim_name': 'fastran_000001', 'real_sim_name': 'fastran_000001', 'portal_data': {'code': 'fastran_nb_nubeam', 'eventtype': 'IPS_LAUNCH_TASK', 'ok': True, 'walltime': '94.52', 'time': '2026-02-12|12:35:47PST', 'state': 'Running', 'comment': 'task_id = 18 , Tag = None , nproc = 24 , Target = srun -N 1 -n 24 -c 5 --threads-per-core=1 --cpu-bind=cores /global/common/software/atom/perlmutter/binaries/nubeam/default/mpi_nubeam_comp_exec '}})
2026-02-12 12:35:47,336 fastran_nb_nubeam_7 DEBUG    _get_service_response(REQUEST|fastran_000001@nubeam@7|FRAMEWORK@Framework@0|49)
2026-02-12 12:35:47,346 fastran_nb_nubeam_7 DEBUG    _get_service_response(REQUEST|fastran_000001@nubeam@7|FRAMEWORK@Framework@0|49), response = ServiceResponseMessage(sender_id=FRAMEWORK@Framework@0, receiver_id=fastran_000001@nubeam@7, request_msg_id=REQUEST|fastran_000001@nubeam@7|FRAMEWORK@Framework@0|49,status=0, args=(None,), message_id=RESPONSE|FRAMEWORK@Framework@0|fastran_000001@nubeam@7|904)
2026-02-12 12:35:50,783 fastran_nb_nubeam_7 DEBUG    _invoke_service(): getTopic  ('_IPS_MONITOR',)
2026-02-12 12:35:50,783 fastran_nb_nubeam_7 DEBUG    _get_service_response(REQUEST|fastran_000001@nubeam@7|FRAMEWORK@Framework@0|50)
2026-02-12 12:35:50,794 fastran_nb_nubeam_7 DEBUG    _get_service_response(REQUEST|fastran_000001@nubeam@7|FRAMEWORK@Framework@0|50), response = ServiceResponseMessage(sender_id=FRAMEWORK@Framework@0, receiver_id=fastran_000001@nubeam@7, request_msg_id=REQUEST|fastran_000001@nubeam@7|FRAMEWORK@Framework@0|50,status=0, args=(<ipsframework.cca_es_spec.Topic object at 0x14e1e1dcb310>,), message_id=RESPONSE|FRAMEWORK@Framework@0|fastran_000001@nubeam@7|912)
2026-02-12 12:35:50,794 fastran_nb_nubeam_7 DEBUG    _invoke_service(): sendEvent  ('_IPS_MONITOR', 'PORTAL_EVENT', {'sim_name': 'fastran_000001', 'real_sim_name': 'fastran_000001', 'portal_data': {'code': 'fastran_nb_nubeam', 'eventtype': 'IPS_TASK_END', 'ok': True, 'walltime': '97.98', 'time': '2026-02-12|12:35:50PST', 'trace': {'timestamp': 1770928547324726, 'duration': 3458077, 'localEndpoint': {'serviceName': '/global/common/software/atom/perlmutter/binaries/nubeam/default/mpi_nubeam_comp_exec'}, 'name': '', 'id': 'c016f9d262a0e560', 'parentId': '25874ab008615b0f', 'tags': {'procs_requested': '24', 'cores_allocated': '128'}}, 'state': 'Running', 'comment': 'task_id = 18  elapsed time = 3.46 S'}})
2026-02-12 12:35:50,794 fastran_nb_nubeam_7 DEBUG    _get_service_response(REQUEST|fastran_000001@nubeam@7|FRAMEWORK@Framework@0|51)
2026-02-12 12:35:50,804 fastran_nb_nubeam_7 DEBUG    _get_service_response(REQUEST|fastran_000001@nubeam@7|FRAMEWORK@Framework@0|51), response = ServiceResponseMessage(sender_id=FRAMEWORK@Framework@0, receiver_id=fastran_000001@nubeam@7, request_msg_id=REQUEST|fastran_000001@nubeam@7|FRAMEWORK@Framework@0|51,status=0, args=(None,), message_id=RESPONSE|FRAMEWORK@Framework@0|fastran_000001@nubeam@7|913)
2026-02-12 12:35:50,805 fastran_nb_nubeam_7 DEBUG    _invoke_service(): finish_task  (18, 0)
2026-02-12 12:35:50,805 fastran_nb_nubeam_7 DEBUG    _get_service_response(REQUEST|fastran_000001@nubeam@7|FRAMEWORK@Framework@0|52)
2026-02-12 12:35:50,815 fastran_nb_nubeam_7 DEBUG    _get_service_response(REQUEST|fastran_000001@nubeam@7|FRAMEWORK@Framework@0|52), response = ServiceResponseMessage(sender_id=FRAMEWORK@Framework@0, receiver_id=fastran_000001@nubeam@7, request_msg_id=REQUEST|fastran_000001@nubeam@7|FRAMEWORK@Framework@0|52,status=0, args=(0,), message_id=RESPONSE|FRAMEWORK@Framework@0|fastran_000001@nubeam@7|914)
2026-02-12 12:35:50,818 fastran_nb_nubeam_7 DEBUG    _invoke_service(): init_task  (TaskInit(nproc=24, binary='/global/common/software/atom/perlmutter/binaries/nubeam/default/mpi_nubeam_comp_exec', working_dir='/pscratch/sd/y/yashu_gh/FREDA_KSTAR_2/ips-fastran/examples/far3d/example1/SCAN/work/fastran_nb_nubeam_7', tppn=0, tcpp=0, tgpp=0, block=True, omp=False, wnodes=True, wsocks=True, cmd_args=()),)
2026-02-12 12:35:50,818 fastran_nb_nubeam_7 DEBUG    _get_service_response(REQUEST|fastran_000001@nubeam@7|FRAMEWORK@Framework@0|53)
2026-02-12 12:35:50,829 fastran_nb_nubeam_7 DEBUG    _get_service_response(REQUEST|fastran_000001@nubeam@7|FRAMEWORK@Framework@0|53), response = ServiceResponseMessage(sender_id=FRAMEWORK@Framework@0, receiver_id=fastran_000001@nubeam@7, request_msg_id=REQUEST|fastran_000001@nubeam@7|FRAMEWORK@Framework@0|53,status=0, args=((19, 'srun -N 1 -n 24 -c 5 --threads-per-core=1 --cpu-bind=cores /global/common/software/atom/perlmutter/binaries/nubeam/default/mpi_nubeam_comp_exec ', None, 128),), message_id=RESPONSE|FRAMEWORK@Framework@0|fastran_000001@nubeam@7|915)
2026-02-12 12:35:50,830 fastran_nb_nubeam_7 DEBUG    Launching command : srun -N 1 -n 24 -c 5 --threads-per-core=1 --cpu-bind=cores /global/common/software/atom/perlmutter/binaries/nubeam/default/mpi_nubeam_comp_exec 
2026-02-12 12:35:50,853 fastran_nb_nubeam_7 DEBUG    _invoke_service(): getTopic  ('_IPS_MONITOR',)
2026-02-12 12:35:50,854 fastran_nb_nubeam_7 DEBUG    _get_service_response(REQUEST|fastran_000001@nubeam@7|FRAMEWORK@Framework@0|54)
2026-02-12 12:35:50,865 fastran_nb_nubeam_7 DEBUG    _get_service_response(REQUEST|fastran_000001@nubeam@7|FRAMEWORK@Framework@0|54), response = ServiceResponseMessage(sender_id=FRAMEWORK@Framework@0, receiver_id=fastran_000001@nubeam@7, request_msg_id=REQUEST|fastran_000001@nubeam@7|FRAMEWORK@Framework@0|54,status=0, args=(<ipsframework.cca_es_spec.Topic object at 0x14e1e1dcb280>,), message_id=RESPONSE|FRAMEWORK@Framework@0|fastran_000001@nubeam@7|916)
2026-02-12 12:35:50,865 fastran_nb_nubeam_7 DEBUG    _invoke_service(): sendEvent  ('_IPS_MONITOR', 'PORTAL_EVENT', {'sim_name': 'fastran_000001', 'real_sim_name': 'fastran_000001', 'portal_data': {'code': 'fastran_nb_nubeam', 'eventtype': 'IPS_LAUNCH_TASK', 'ok': True, 'walltime': '98.05', 'time': '2026-02-12|12:35:50PST', 'state': 'Running', 'comment': 'task_id = 19 , Tag = None , nproc = 24 , Target = srun -N 1 -n 24 -c 5 --threads-per-core=1 --cpu-bind=cores /global/common/software/atom/perlmutter/binaries/nubeam/default/mpi_nubeam_comp_exec '}})
2026-02-12 12:35:50,865 fastran_nb_nubeam_7 DEBUG    _get_service_response(REQUEST|fastran_000001@nubeam@7|FRAMEWORK@Framework@0|55)
2026-02-12 12:35:50,875 fastran_nb_nubeam_7 DEBUG    _get_service_response(REQUEST|fastran_000001@nubeam@7|FRAMEWORK@Framework@0|55), response = ServiceResponseMessage(sender_id=FRAMEWORK@Framework@0, receiver_id=fastran_000001@nubeam@7, request_msg_id=REQUEST|fastran_000001@nubeam@7|FRAMEWORK@Framework@0|55,status=0, args=(None,), message_id=RESPONSE|FRAMEWORK@Framework@0|fastran_000001@nubeam@7|917)
2026-02-12 12:35:54,400 fastran_nb_nubeam_7 DEBUG    _invoke_service(): getTopic  ('_IPS_MONITOR',)
2026-02-12 12:35:54,400 fastran_nb_nubeam_7 DEBUG    _get_service_response(REQUEST|fastran_000001@nubeam@7|FRAMEWORK@Framework@0|56)
2026-02-12 12:35:54,411 fastran_nb_nubeam_7 DEBUG    _get_service_response(REQUEST|fastran_000001@nubeam@7|FRAMEWORK@Framework@0|56), response = ServiceResponseMessage(sender_id=FRAMEWORK@Framework@0, receiver_id=fastran_000001@nubeam@7, request_msg_id=REQUEST|fastran_000001@nubeam@7|FRAMEWORK@Framework@0|56,status=0, args=(<ipsframework.cca_es_spec.Topic object at 0x14e1e1dcb370>,), message_id=RESPONSE|FRAMEWORK@Framework@0|fastran_000001@nubeam@7|925)
2026-02-12 12:35:54,411 fastran_nb_nubeam_7 DEBUG    _invoke_service(): sendEvent  ('_IPS_MONITOR', 'PORTAL_EVENT', {'sim_name': 'fastran_000001', 'real_sim_name': 'fastran_000001', 'portal_data': {'code': 'fastran_nb_nubeam', 'eventtype': 'IPS_TASK_END', 'ok': True, 'walltime': '101.60', 'time': '2026-02-12|12:35:54PST', 'trace': {'timestamp': 1770928550853589, 'duration': 3546527, 'localEndpoint': {'serviceName': '/global/common/software/atom/perlmutter/binaries/nubeam/default/mpi_nubeam_comp_exec'}, 'name': '', 'id': 'becf7359354e7369', 'parentId': '25874ab008615b0f', 'tags': {'procs_requested': '24', 'cores_allocated': '128'}}, 'state': 'Running', 'comment': 'task_id = 19  elapsed time = 3.55 S'}})
2026-02-12 12:35:54,411 fastran_nb_nubeam_7 DEBUG    _get_service_response(REQUEST|fastran_000001@nubeam@7|FRAMEWORK@Framework@0|57)
2026-02-12 12:35:54,422 fastran_nb_nubeam_7 DEBUG    _get_service_response(REQUEST|fastran_000001@nubeam@7|FRAMEWORK@Framework@0|57), response = ServiceResponseMessage(sender_id=FRAMEWORK@Framework@0, receiver_id=fastran_000001@nubeam@7, request_msg_id=REQUEST|fastran_000001@nubeam@7|FRAMEWORK@Framework@0|57,status=0, args=(None,), message_id=RESPONSE|FRAMEWORK@Framework@0|fastran_000001@nubeam@7|926)
2026-02-12 12:35:54,422 fastran_nb_nubeam_7 DEBUG    _invoke_service(): finish_task  (19, 0)
2026-02-12 12:35:54,422 fastran_nb_nubeam_7 DEBUG    _get_service_response(REQUEST|fastran_000001@nubeam@7|FRAMEWORK@Framework@0|58)
2026-02-12 12:35:54,433 fastran_nb_nubeam_7 DEBUG    _get_service_response(REQUEST|fastran_000001@nubeam@7|FRAMEWORK@Framework@0|58), response = ServiceResponseMessage(sender_id=FRAMEWORK@Framework@0, receiver_id=fastran_000001@nubeam@7, request_msg_id=REQUEST|fastran_000001@nubeam@7|FRAMEWORK@Framework@0|58,status=0, args=(0,), message_id=RESPONSE|FRAMEWORK@Framework@0|fastran_000001@nubeam@7|927)
2026-02-12 12:35:54,435 fastran_nb_nubeam_7 DEBUG    _invoke_service(): init_task  (TaskInit(nproc=24, binary='/global/common/software/atom/perlmutter/binaries/nubeam/default/mpi_nubeam_comp_exec', working_dir='/pscratch/sd/y/yashu_gh/FREDA_KSTAR_2/ips-fastran/examples/far3d/example1/SCAN/work/fastran_nb_nubeam_7', tppn=0, tcpp=0, tgpp=0, block=True, omp=False, wnodes=True, wsocks=True, cmd_args=()),)
2026-02-12 12:35:54,435 fastran_nb_nubeam_7 DEBUG    _get_service_response(REQUEST|fastran_000001@nubeam@7|FRAMEWORK@Framework@0|59)
2026-02-12 12:35:54,446 fastran_nb_nubeam_7 DEBUG    _get_service_response(REQUEST|fastran_000001@nubeam@7|FRAMEWORK@Framework@0|59), response = ServiceResponseMessage(sender_id=FRAMEWORK@Framework@0, receiver_id=fastran_000001@nubeam@7, request_msg_id=REQUEST|fastran_000001@nubeam@7|FRAMEWORK@Framework@0|59,status=0, args=((20, 'srun -N 1 -n 24 -c 5 --threads-per-core=1 --cpu-bind=cores /global/common/software/atom/perlmutter/binaries/nubeam/default/mpi_nubeam_comp_exec ', None, 128),), message_id=RESPONSE|FRAMEWORK@Framework@0|fastran_000001@nubeam@7|928)
2026-02-12 12:35:54,447 fastran_nb_nubeam_7 DEBUG    Launching command : srun -N 1 -n 24 -c 5 --threads-per-core=1 --cpu-bind=cores /global/common/software/atom/perlmutter/binaries/nubeam/default/mpi_nubeam_comp_exec 
2026-02-12 12:35:54,467 fastran_nb_nubeam_7 DEBUG    _invoke_service(): getTopic  ('_IPS_MONITOR',)
2026-02-12 12:35:54,467 fastran_nb_nubeam_7 DEBUG    _get_service_response(REQUEST|fastran_000001@nubeam@7|FRAMEWORK@Framework@0|60)
2026-02-12 12:35:54,478 fastran_nb_nubeam_7 DEBUG    _get_service_response(REQUEST|fastran_000001@nubeam@7|FRAMEWORK@Framework@0|60), response = ServiceResponseMessage(sender_id=FRAMEWORK@Framework@0, receiver_id=fastran_000001@nubeam@7, request_msg_id=REQUEST|fastran_000001@nubeam@7|FRAMEWORK@Framework@0|60,status=0, args=(<ipsframework.cca_es_spec.Topic object at 0x14e1e1dcb3d0>,), message_id=RESPONSE|FRAMEWORK@Framework@0|fastran_000001@nubeam@7|929)
2026-02-12 12:35:54,478 fastran_nb_nubeam_7 DEBUG    _invoke_service(): sendEvent  ('_IPS_MONITOR', 'PORTAL_EVENT', {'sim_name': 'fastran_000001', 'real_sim_name': 'fastran_000001', 'portal_data': {'code': 'fastran_nb_nubeam', 'eventtype': 'IPS_LAUNCH_TASK', 'ok': True, 'walltime': '101.66', 'time': '2026-02-12|12:35:54PST', 'state': 'Running', 'comment': 'task_id = 20 , Tag = None , nproc = 24 , Target = srun -N 1 -n 24 -c 5 --threads-per-core=1 --cpu-bind=cores /global/common/software/atom/perlmutter/binaries/nubeam/default/mpi_nubeam_comp_exec '}})
2026-02-12 12:35:54,478 fastran_nb_nubeam_7 DEBUG    _get_service_response(REQUEST|fastran_000001@nubeam@7|FRAMEWORK@Framework@0|61)
2026-02-12 12:35:54,489 fastran_nb_nubeam_7 DEBUG    _get_service_response(REQUEST|fastran_000001@nubeam@7|FRAMEWORK@Framework@0|61), response = ServiceResponseMessage(sender_id=FRAMEWORK@Framework@0, receiver_id=fastran_000001@nubeam@7, request_msg_id=REQUEST|fastran_000001@nubeam@7|FRAMEWORK@Framework@0|61,status=0, args=(None,), message_id=RESPONSE|FRAMEWORK@Framework@0|fastran_000001@nubeam@7|930)
2026-02-12 12:35:58,017 fastran_nb_nubeam_7 DEBUG    _invoke_service(): getTopic  ('_IPS_MONITOR',)
2026-02-12 12:35:58,017 fastran_nb_nubeam_7 DEBUG    _get_service_response(REQUEST|fastran_000001@nubeam@7|FRAMEWORK@Framework@0|62)
2026-02-12 12:35:58,028 fastran_nb_nubeam_7 DEBUG    _get_service_response(REQUEST|fastran_000001@nubeam@7|FRAMEWORK@Framework@0|62), response = ServiceResponseMessage(sender_id=FRAMEWORK@Framework@0, receiver_id=fastran_000001@nubeam@7, request_msg_id=REQUEST|fastran_000001@nubeam@7|FRAMEWORK@Framework@0|62,status=0, args=(<ipsframework.cca_es_spec.Topic object at 0x14e1e1dcb310>,), message_id=RESPONSE|FRAMEWORK@Framework@0|fastran_000001@nubeam@7|938)
2026-02-12 12:35:58,028 fastran_nb_nubeam_7 DEBUG    _invoke_service(): sendEvent  ('_IPS_MONITOR', 'PORTAL_EVENT', {'sim_name': 'fastran_000001', 'real_sim_name': 'fastran_000001', 'portal_data': {'code': 'fastran_nb_nubeam', 'eventtype': 'IPS_TASK_END', 'ok': True, 'walltime': '105.21', 'time': '2026-02-12|12:35:58PST', 'trace': {'timestamp': 1770928554466887, 'duration': 3550272, 'localEndpoint': {'serviceName': '/global/common/software/atom/perlmutter/binaries/nubeam/default/mpi_nubeam_comp_exec'}, 'name': '', 'id': 'ca00f8f599245c9f', 'parentId': '25874ab008615b0f', 'tags': {'procs_requested': '24', 'cores_allocated': '128'}}, 'state': 'Running', 'comment': 'task_id = 20  elapsed time = 3.55 S'}})
2026-02-12 12:35:58,028 fastran_nb_nubeam_7 DEBUG    _get_service_response(REQUEST|fastran_000001@nubeam@7|FRAMEWORK@Framework@0|63)
2026-02-12 12:35:58,039 fastran_nb_nubeam_7 DEBUG    _get_service_response(REQUEST|fastran_000001@nubeam@7|FRAMEWORK@Framework@0|63), response = ServiceResponseMessage(sender_id=FRAMEWORK@Framework@0, receiver_id=fastran_000001@nubeam@7, request_msg_id=REQUEST|fastran_000001@nubeam@7|FRAMEWORK@Framework@0|63,status=0, args=(None,), message_id=RESPONSE|FRAMEWORK@Framework@0|fastran_000001@nubeam@7|939)
2026-02-12 12:35:58,039 fastran_nb_nubeam_7 DEBUG    _invoke_service(): finish_task  (20, 0)
2026-02-12 12:35:58,039 fastran_nb_nubeam_7 DEBUG    _get_service_response(REQUEST|fastran_000001@nubeam@7|FRAMEWORK@Framework@0|64)
2026-02-12 12:35:58,050 fastran_nb_nubeam_7 DEBUG    _get_service_response(REQUEST|fastran_000001@nubeam@7|FRAMEWORK@Framework@0|64), response = ServiceResponseMessage(sender_id=FRAMEWORK@Framework@0, receiver_id=fastran_000001@nubeam@7, request_msg_id=REQUEST|fastran_000001@nubeam@7|FRAMEWORK@Framework@0|64,status=0, args=(0,), message_id=RESPONSE|FRAMEWORK@Framework@0|fastran_000001@nubeam@7|940)
2026-02-12 12:35:58,052 fastran_nb_nubeam_7 DEBUG    _invoke_service(): init_task  (TaskInit(nproc=24, binary='/global/common/software/atom/perlmutter/binaries/nubeam/default/mpi_nubeam_comp_exec', working_dir='/pscratch/sd/y/yashu_gh/FREDA_KSTAR_2/ips-fastran/examples/far3d/example1/SCAN/work/fastran_nb_nubeam_7', tppn=0, tcpp=0, tgpp=0, block=True, omp=False, wnodes=True, wsocks=True, cmd_args=()),)
2026-02-12 12:35:58,052 fastran_nb_nubeam_7 DEBUG    _get_service_response(REQUEST|fastran_000001@nubeam@7|FRAMEWORK@Framework@0|65)
2026-02-12 12:35:58,063 fastran_nb_nubeam_7 DEBUG    _get_service_response(REQUEST|fastran_000001@nubeam@7|FRAMEWORK@Framework@0|65), response = ServiceResponseMessage(sender_id=FRAMEWORK@Framework@0, receiver_id=fastran_000001@nubeam@7, request_msg_id=REQUEST|fastran_000001@nubeam@7|FRAMEWORK@Framework@0|65,status=0, args=((21, 'srun -N 1 -n 24 -c 5 --threads-per-core=1 --cpu-bind=cores /global/common/software/atom/perlmutter/binaries/nubeam/default/mpi_nubeam_comp_exec ', None, 128),), message_id=RESPONSE|FRAMEWORK@Framework@0|fastran_000001@nubeam@7|941)
2026-02-12 12:35:58,064 fastran_nb_nubeam_7 DEBUG    Launching command : srun -N 1 -n 24 -c 5 --threads-per-core=1 --cpu-bind=cores /global/common/software/atom/perlmutter/binaries/nubeam/default/mpi_nubeam_comp_exec 
2026-02-12 12:35:58,087 fastran_nb_nubeam_7 DEBUG    _invoke_service(): getTopic  ('_IPS_MONITOR',)
2026-02-12 12:35:58,087 fastran_nb_nubeam_7 DEBUG    _get_service_response(REQUEST|fastran_000001@nubeam@7|FRAMEWORK@Framework@0|66)
2026-02-12 12:35:58,098 fastran_nb_nubeam_7 DEBUG    _get_service_response(REQUEST|fastran_000001@nubeam@7|FRAMEWORK@Framework@0|66), response = ServiceResponseMessage(sender_id=FRAMEWORK@Framework@0, receiver_id=fastran_000001@nubeam@7, request_msg_id=REQUEST|fastran_000001@nubeam@7|FRAMEWORK@Framework@0|66,status=0, args=(<ipsframework.cca_es_spec.Topic object at 0x14e1e1dcb2b0>,), message_id=RESPONSE|FRAMEWORK@Framework@0|fastran_000001@nubeam@7|942)
2026-02-12 12:35:58,098 fastran_nb_nubeam_7 DEBUG    _invoke_service(): sendEvent  ('_IPS_MONITOR', 'PORTAL_EVENT', {'sim_name': 'fastran_000001', 'real_sim_name': 'fastran_000001', 'portal_data': {'code': 'fastran_nb_nubeam', 'eventtype': 'IPS_LAUNCH_TASK', 'ok': True, 'walltime': '105.28', 'time': '2026-02-12|12:35:58PST', 'state': 'Running', 'comment': 'task_id = 21 , Tag = None , nproc = 24 , Target = srun -N 1 -n 24 -c 5 --threads-per-core=1 --cpu-bind=cores /global/common/software/atom/perlmutter/binaries/nubeam/default/mpi_nubeam_comp_exec '}})
2026-02-12 12:35:58,098 fastran_nb_nubeam_7 DEBUG    _get_service_response(REQUEST|fastran_000001@nubeam@7|FRAMEWORK@Framework@0|67)
2026-02-12 12:35:58,109 fastran_nb_nubeam_7 DEBUG    _get_service_response(REQUEST|fastran_000001@nubeam@7|FRAMEWORK@Framework@0|67), response = ServiceResponseMessage(sender_id=FRAMEWORK@Framework@0, receiver_id=fastran_000001@nubeam@7, request_msg_id=REQUEST|fastran_000001@nubeam@7|FRAMEWORK@Framework@0|67,status=0, args=(None,), message_id=RESPONSE|FRAMEWORK@Framework@0|fastran_000001@nubeam@7|943)
2026-02-12 12:36:01,545 fastran_nb_nubeam_7 DEBUG    _invoke_service(): getTopic  ('_IPS_MONITOR',)
2026-02-12 12:36:01,545 fastran_nb_nubeam_7 DEBUG    _get_service_response(REQUEST|fastran_000001@nubeam@7|FRAMEWORK@Framework@0|68)
2026-02-12 12:36:01,556 fastran_nb_nubeam_7 DEBUG    _get_service_response(REQUEST|fastran_000001@nubeam@7|FRAMEWORK@Framework@0|68), response = ServiceResponseMessage(sender_id=FRAMEWORK@Framework@0, receiver_id=fastran_000001@nubeam@7, request_msg_id=REQUEST|fastran_000001@nubeam@7|FRAMEWORK@Framework@0|68,status=0, args=(<ipsframework.cca_es_spec.Topic object at 0x14e1e1dcb370>,), message_id=RESPONSE|FRAMEWORK@Framework@0|fastran_000001@nubeam@7|951)
2026-02-12 12:36:01,556 fastran_nb_nubeam_7 DEBUG    _invoke_service(): sendEvent  ('_IPS_MONITOR', 'PORTAL_EVENT', {'sim_name': 'fastran_000001', 'real_sim_name': 'fastran_000001', 'portal_data': {'code': 'fastran_nb_nubeam', 'eventtype': 'IPS_TASK_END', 'ok': True, 'walltime': '108.74', 'time': '2026-02-12|12:36:01PST', 'trace': {'timestamp': 1770928558087240, 'duration': 3458011, 'localEndpoint': {'serviceName': '/global/common/software/atom/perlmutter/binaries/nubeam/default/mpi_nubeam_comp_exec'}, 'name': '', 'id': '0ee54f7fd5c6347d', 'parentId': '25874ab008615b0f', 'tags': {'procs_requested': '24', 'cores_allocated': '128'}}, 'state': 'Running', 'comment': 'task_id = 21  elapsed time = 3.46 S'}})
2026-02-12 12:36:01,556 fastran_nb_nubeam_7 DEBUG    _get_service_response(REQUEST|fastran_000001@nubeam@7|FRAMEWORK@Framework@0|69)
2026-02-12 12:36:01,567 fastran_nb_nubeam_7 DEBUG    _get_service_response(REQUEST|fastran_000001@nubeam@7|FRAMEWORK@Framework@0|69), response = ServiceResponseMessage(sender_id=FRAMEWORK@Framework@0, receiver_id=fastran_000001@nubeam@7, request_msg_id=REQUEST|fastran_000001@nubeam@7|FRAMEWORK@Framework@0|69,status=0, args=(None,), message_id=RESPONSE|FRAMEWORK@Framework@0|fastran_000001@nubeam@7|952)
2026-02-12 12:36:01,567 fastran_nb_nubeam_7 DEBUG    _invoke_service(): finish_task  (21, 0)
2026-02-12 12:36:01,567 fastran_nb_nubeam_7 DEBUG    _get_service_response(REQUEST|fastran_000001@nubeam@7|FRAMEWORK@Framework@0|70)
2026-02-12 12:36:01,578 fastran_nb_nubeam_7 DEBUG    _get_service_response(REQUEST|fastran_000001@nubeam@7|FRAMEWORK@Framework@0|70), response = ServiceResponseMessage(sender_id=FRAMEWORK@Framework@0, receiver_id=fastran_000001@nubeam@7, request_msg_id=REQUEST|fastran_000001@nubeam@7|FRAMEWORK@Framework@0|70,status=0, args=(0,), message_id=RESPONSE|FRAMEWORK@Framework@0|fastran_000001@nubeam@7|953)
2026-02-12 12:36:01,580 fastran_nb_nubeam_7 DEBUG    _invoke_service(): init_task  (TaskInit(nproc=24, binary='/global/common/software/atom/perlmutter/binaries/nubeam/default/mpi_nubeam_comp_exec', working_dir='/pscratch/sd/y/yashu_gh/FREDA_KSTAR_2/ips-fastran/examples/far3d/example1/SCAN/work/fastran_nb_nubeam_7', tppn=0, tcpp=0, tgpp=0, block=True, omp=False, wnodes=True, wsocks=True, cmd_args=()),)
2026-02-12 12:36:01,580 fastran_nb_nubeam_7 DEBUG    _get_service_response(REQUEST|fastran_000001@nubeam@7|FRAMEWORK@Framework@0|71)
2026-02-12 12:36:01,591 fastran_nb_nubeam_7 DEBUG    _get_service_response(REQUEST|fastran_000001@nubeam@7|FRAMEWORK@Framework@0|71), response = ServiceResponseMessage(sender_id=FRAMEWORK@Framework@0, receiver_id=fastran_000001@nubeam@7, request_msg_id=REQUEST|fastran_000001@nubeam@7|FRAMEWORK@Framework@0|71,status=0, args=((22, 'srun -N 1 -n 24 -c 5 --threads-per-core=1 --cpu-bind=cores /global/common/software/atom/perlmutter/binaries/nubeam/default/mpi_nubeam_comp_exec ', None, 128),), message_id=RESPONSE|FRAMEWORK@Framework@0|fastran_000001@nubeam@7|954)
2026-02-12 12:36:01,592 fastran_nb_nubeam_7 DEBUG    Launching command : srun -N 1 -n 24 -c 5 --threads-per-core=1 --cpu-bind=cores /global/common/software/atom/perlmutter/binaries/nubeam/default/mpi_nubeam_comp_exec 
2026-02-12 12:36:01,611 fastran_nb_nubeam_7 DEBUG    _invoke_service(): getTopic  ('_IPS_MONITOR',)
2026-02-12 12:36:01,611 fastran_nb_nubeam_7 DEBUG    _get_service_response(REQUEST|fastran_000001@nubeam@7|FRAMEWORK@Framework@0|72)
2026-02-12 12:36:01,622 fastran_nb_nubeam_7 DEBUG    _get_service_response(REQUEST|fastran_000001@nubeam@7|FRAMEWORK@Framework@0|72), response = ServiceResponseMessage(sender_id=FRAMEWORK@Framework@0, receiver_id=fastran_000001@nubeam@7, request_msg_id=REQUEST|fastran_000001@nubeam@7|FRAMEWORK@Framework@0|72,status=0, args=(<ipsframework.cca_es_spec.Topic object at 0x14e1e1dcb4c0>,), message_id=RESPONSE|FRAMEWORK@Framework@0|fastran_000001@nubeam@7|955)
2026-02-12 12:36:01,622 fastran_nb_nubeam_7 DEBUG    _invoke_service(): sendEvent  ('_IPS_MONITOR', 'PORTAL_EVENT', {'sim_name': 'fastran_000001', 'real_sim_name': 'fastran_000001', 'portal_data': {'code': 'fastran_nb_nubeam', 'eventtype': 'IPS_LAUNCH_TASK', 'ok': True, 'walltime': '108.81', 'time': '2026-02-12|12:36:01PST', 'state': 'Running', 'comment': 'task_id = 22 , Tag = None , nproc = 24 , Target = srun -N 1 -n 24 -c 5 --threads-per-core=1 --cpu-bind=cores /global/common/software/atom/perlmutter/binaries/nubeam/default/mpi_nubeam_comp_exec '}})
2026-02-12 12:36:01,622 fastran_nb_nubeam_7 DEBUG    _get_service_response(REQUEST|fastran_000001@nubeam@7|FRAMEWORK@Framework@0|73)
2026-02-12 12:36:01,633 fastran_nb_nubeam_7 DEBUG    _get_service_response(REQUEST|fastran_000001@nubeam@7|FRAMEWORK@Framework@0|73), response = ServiceResponseMessage(sender_id=FRAMEWORK@Framework@0, receiver_id=fastran_000001@nubeam@7, request_msg_id=REQUEST|fastran_000001@nubeam@7|FRAMEWORK@Framework@0|73,status=0, args=(None,), message_id=RESPONSE|FRAMEWORK@Framework@0|fastran_000001@nubeam@7|956)
2026-02-12 12:36:05,082 fastran_nb_nubeam_7 DEBUG    _invoke_service(): getTopic  ('_IPS_MONITOR',)
2026-02-12 12:36:05,083 fastran_nb_nubeam_7 DEBUG    _get_service_response(REQUEST|fastran_000001@nubeam@7|FRAMEWORK@Framework@0|74)
2026-02-12 12:36:05,094 fastran_nb_nubeam_7 DEBUG    _get_service_response(REQUEST|fastran_000001@nubeam@7|FRAMEWORK@Framework@0|74), response = ServiceResponseMessage(sender_id=FRAMEWORK@Framework@0, receiver_id=fastran_000001@nubeam@7, request_msg_id=REQUEST|fastran_000001@nubeam@7|FRAMEWORK@Framework@0|74,status=0, args=(<ipsframework.cca_es_spec.Topic object at 0x14e1e1dcb310>,), message_id=RESPONSE|FRAMEWORK@Framework@0|fastran_000001@nubeam@7|964)
2026-02-12 12:36:05,094 fastran_nb_nubeam_7 DEBUG    _invoke_service(): sendEvent  ('_IPS_MONITOR', 'PORTAL_EVENT', {'sim_name': 'fastran_000001', 'real_sim_name': 'fastran_000001', 'portal_data': {'code': 'fastran_nb_nubeam', 'eventtype': 'IPS_TASK_END', 'ok': True, 'walltime': '112.28', 'time': '2026-02-12|12:36:05PST', 'trace': {'timestamp': 1770928561611288, 'duration': 3471410, 'localEndpoint': {'serviceName': '/global/common/software/atom/perlmutter/binaries/nubeam/default/mpi_nubeam_comp_exec'}, 'name': '', 'id': 'bc7fa2370c61be2f', 'parentId': '25874ab008615b0f', 'tags': {'procs_requested': '24', 'cores_allocated': '128'}}, 'state': 'Running', 'comment': 'task_id = 22  elapsed time = 3.47 S'}})
2026-02-12 12:36:05,094 fastran_nb_nubeam_7 DEBUG    _get_service_response(REQUEST|fastran_000001@nubeam@7|FRAMEWORK@Framework@0|75)
2026-02-12 12:36:05,105 fastran_nb_nubeam_7 DEBUG    _get_service_response(REQUEST|fastran_000001@nubeam@7|FRAMEWORK@Framework@0|75), response = ServiceResponseMessage(sender_id=FRAMEWORK@Framework@0, receiver_id=fastran_000001@nubeam@7, request_msg_id=REQUEST|fastran_000001@nubeam@7|FRAMEWORK@Framework@0|75,status=0, args=(None,), message_id=RESPONSE|FRAMEWORK@Framework@0|fastran_000001@nubeam@7|965)
2026-02-12 12:36:05,105 fastran_nb_nubeam_7 DEBUG    _invoke_service(): finish_task  (22, 0)
2026-02-12 12:36:05,105 fastran_nb_nubeam_7 DEBUG    _get_service_response(REQUEST|fastran_000001@nubeam@7|FRAMEWORK@Framework@0|76)
2026-02-12 12:36:05,116 fastran_nb_nubeam_7 DEBUG    _get_service_response(REQUEST|fastran_000001@nubeam@7|FRAMEWORK@Framework@0|76), response = ServiceResponseMessage(sender_id=FRAMEWORK@Framework@0, receiver_id=fastran_000001@nubeam@7, request_msg_id=REQUEST|fastran_000001@nubeam@7|FRAMEWORK@Framework@0|76,status=0, args=(0,), message_id=RESPONSE|FRAMEWORK@Framework@0|fastran_000001@nubeam@7|966)
2026-02-12 12:36:05,118 fastran_nb_nubeam_7 DEBUG    _invoke_service(): init_task  (TaskInit(nproc=24, binary='/global/common/software/atom/perlmutter/binaries/nubeam/default/mpi_nubeam_comp_exec', working_dir='/pscratch/sd/y/yashu_gh/FREDA_KSTAR_2/ips-fastran/examples/far3d/example1/SCAN/work/fastran_nb_nubeam_7', tppn=0, tcpp=0, tgpp=0, block=True, omp=False, wnodes=True, wsocks=True, cmd_args=()),)
2026-02-12 12:36:05,118 fastran_nb_nubeam_7 DEBUG    _get_service_response(REQUEST|fastran_000001@nubeam@7|FRAMEWORK@Framework@0|77)
2026-02-12 12:36:05,129 fastran_nb_nubeam_7 DEBUG    _get_service_response(REQUEST|fastran_000001@nubeam@7|FRAMEWORK@Framework@0|77), response = ServiceResponseMessage(sender_id=FRAMEWORK@Framework@0, receiver_id=fastran_000001@nubeam@7, request_msg_id=REQUEST|fastran_000001@nubeam@7|FRAMEWORK@Framework@0|77,status=0, args=((23, 'srun -N 1 -n 24 -c 5 --threads-per-core=1 --cpu-bind=cores /global/common/software/atom/perlmutter/binaries/nubeam/default/mpi_nubeam_comp_exec ', None, 128),), message_id=RESPONSE|FRAMEWORK@Framework@0|fastran_000001@nubeam@7|967)
2026-02-12 12:36:05,130 fastran_nb_nubeam_7 DEBUG    Launching command : srun -N 1 -n 24 -c 5 --threads-per-core=1 --cpu-bind=cores /global/common/software/atom/perlmutter/binaries/nubeam/default/mpi_nubeam_comp_exec 
2026-02-12 12:36:05,156 fastran_nb_nubeam_7 DEBUG    _invoke_service(): getTopic  ('_IPS_MONITOR',)
2026-02-12 12:36:05,156 fastran_nb_nubeam_7 DEBUG    _get_service_response(REQUEST|fastran_000001@nubeam@7|FRAMEWORK@Framework@0|78)
2026-02-12 12:36:05,167 fastran_nb_nubeam_7 DEBUG    _get_service_response(REQUEST|fastran_000001@nubeam@7|FRAMEWORK@Framework@0|78), response = ServiceResponseMessage(sender_id=FRAMEWORK@Framework@0, receiver_id=fastran_000001@nubeam@7, request_msg_id=REQUEST|fastran_000001@nubeam@7|FRAMEWORK@Framework@0|78,status=0, args=(<ipsframework.cca_es_spec.Topic object at 0x14e1e1dcb280>,), message_id=RESPONSE|FRAMEWORK@Framework@0|fastran_000001@nubeam@7|968)
2026-02-12 12:36:05,167 fastran_nb_nubeam_7 DEBUG    _invoke_service(): sendEvent  ('_IPS_MONITOR', 'PORTAL_EVENT', {'sim_name': 'fastran_000001', 'real_sim_name': 'fastran_000001', 'portal_data': {'code': 'fastran_nb_nubeam', 'eventtype': 'IPS_LAUNCH_TASK', 'ok': True, 'walltime': '112.35', 'time': '2026-02-12|12:36:05PST', 'state': 'Running', 'comment': 'task_id = 23 , Tag = None , nproc = 24 , Target = srun -N 1 -n 24 -c 5 --threads-per-core=1 --cpu-bind=cores /global/common/software/atom/perlmutter/binaries/nubeam/default/mpi_nubeam_comp_exec '}})
2026-02-12 12:36:05,168 fastran_nb_nubeam_7 DEBUG    _get_service_response(REQUEST|fastran_000001@nubeam@7|FRAMEWORK@Framework@0|79)
2026-02-12 12:36:05,178 fastran_nb_nubeam_7 DEBUG    _get_service_response(REQUEST|fastran_000001@nubeam@7|FRAMEWORK@Framework@0|79), response = ServiceResponseMessage(sender_id=FRAMEWORK@Framework@0, receiver_id=fastran_000001@nubeam@7, request_msg_id=REQUEST|fastran_000001@nubeam@7|FRAMEWORK@Framework@0|79,status=0, args=(None,), message_id=RESPONSE|FRAMEWORK@Framework@0|fastran_000001@nubeam@7|969)
2026-02-12 12:36:08,677 fastran_nb_nubeam_7 DEBUG    _invoke_service(): getTopic  ('_IPS_MONITOR',)
2026-02-12 12:36:08,677 fastran_nb_nubeam_7 DEBUG    _get_service_response(REQUEST|fastran_000001@nubeam@7|FRAMEWORK@Framework@0|80)
2026-02-12 12:36:08,688 fastran_nb_nubeam_7 DEBUG    _get_service_response(REQUEST|fastran_000001@nubeam@7|FRAMEWORK@Framework@0|80), response = ServiceResponseMessage(sender_id=FRAMEWORK@Framework@0, receiver_id=fastran_000001@nubeam@7, request_msg_id=REQUEST|fastran_000001@nubeam@7|FRAMEWORK@Framework@0|80,status=0, args=(<ipsframework.cca_es_spec.Topic object at 0x14e1e1dcb370>,), message_id=RESPONSE|FRAMEWORK@Framework@0|fastran_000001@nubeam@7|977)
2026-02-12 12:36:08,688 fastran_nb_nubeam_7 DEBUG    _invoke_service(): sendEvent  ('_IPS_MONITOR', 'PORTAL_EVENT', {'sim_name': 'fastran_000001', 'real_sim_name': 'fastran_000001', 'portal_data': {'code': 'fastran_nb_nubeam', 'eventtype': 'IPS_TASK_END', 'ok': True, 'walltime': '115.87', 'time': '2026-02-12|12:36:08PST', 'trace': {'timestamp': 1770928565156515, 'duration': 3520429, 'localEndpoint': {'serviceName': '/global/common/software/atom/perlmutter/binaries/nubeam/default/mpi_nubeam_comp_exec'}, 'name': '', 'id': '6ca53fa800198dd8', 'parentId': '25874ab008615b0f', 'tags': {'procs_requested': '24', 'cores_allocated': '128'}}, 'state': 'Running', 'comment': 'task_id = 23  elapsed time = 3.52 S'}})
2026-02-12 12:36:08,688 fastran_nb_nubeam_7 DEBUG    _get_service_response(REQUEST|fastran_000001@nubeam@7|FRAMEWORK@Framework@0|81)
2026-02-12 12:36:08,699 fastran_nb_nubeam_7 DEBUG    _get_service_response(REQUEST|fastran_000001@nubeam@7|FRAMEWORK@Framework@0|81), response = ServiceResponseMessage(sender_id=FRAMEWORK@Framework@0, receiver_id=fastran_000001@nubeam@7, request_msg_id=REQUEST|fastran_000001@nubeam@7|FRAMEWORK@Framework@0|81,status=0, args=(None,), message_id=RESPONSE|FRAMEWORK@Framework@0|fastran_000001@nubeam@7|978)
2026-02-12 12:36:08,699 fastran_nb_nubeam_7 DEBUG    _invoke_service(): finish_task  (23, 0)
2026-02-12 12:36:08,699 fastran_nb_nubeam_7 DEBUG    _get_service_response(REQUEST|fastran_000001@nubeam@7|FRAMEWORK@Framework@0|82)
2026-02-12 12:36:08,710 fastran_nb_nubeam_7 DEBUG    _get_service_response(REQUEST|fastran_000001@nubeam@7|FRAMEWORK@Framework@0|82), response = ServiceResponseMessage(sender_id=FRAMEWORK@Framework@0, receiver_id=fastran_000001@nubeam@7, request_msg_id=REQUEST|fastran_000001@nubeam@7|FRAMEWORK@Framework@0|82,status=0, args=(0,), message_id=RESPONSE|FRAMEWORK@Framework@0|fastran_000001@nubeam@7|979)
2026-02-12 12:36:08,712 fastran_nb_nubeam_7 DEBUG    _invoke_service(): init_task  (TaskInit(nproc=24, binary='/global/common/software/atom/perlmutter/binaries/nubeam/default/mpi_nubeam_comp_exec', working_dir='/pscratch/sd/y/yashu_gh/FREDA_KSTAR_2/ips-fastran/examples/far3d/example1/SCAN/work/fastran_nb_nubeam_7', tppn=0, tcpp=0, tgpp=0, block=True, omp=False, wnodes=True, wsocks=True, cmd_args=()),)
2026-02-12 12:36:08,712 fastran_nb_nubeam_7 DEBUG    _get_service_response(REQUEST|fastran_000001@nubeam@7|FRAMEWORK@Framework@0|83)
2026-02-12 12:36:08,723 fastran_nb_nubeam_7 DEBUG    _get_service_response(REQUEST|fastran_000001@nubeam@7|FRAMEWORK@Framework@0|83), response = ServiceResponseMessage(sender_id=FRAMEWORK@Framework@0, receiver_id=fastran_000001@nubeam@7, request_msg_id=REQUEST|fastran_000001@nubeam@7|FRAMEWORK@Framework@0|83,status=0, args=((24, 'srun -N 1 -n 24 -c 5 --threads-per-core=1 --cpu-bind=cores /global/common/software/atom/perlmutter/binaries/nubeam/default/mpi_nubeam_comp_exec ', None, 128),), message_id=RESPONSE|FRAMEWORK@Framework@0|fastran_000001@nubeam@7|980)
2026-02-12 12:36:08,724 fastran_nb_nubeam_7 DEBUG    Launching command : srun -N 1 -n 24 -c 5 --threads-per-core=1 --cpu-bind=cores /global/common/software/atom/perlmutter/binaries/nubeam/default/mpi_nubeam_comp_exec 
2026-02-12 12:36:08,746 fastran_nb_nubeam_7 DEBUG    _invoke_service(): getTopic  ('_IPS_MONITOR',)
2026-02-12 12:36:08,747 fastran_nb_nubeam_7 DEBUG    _get_service_response(REQUEST|fastran_000001@nubeam@7|FRAMEWORK@Framework@0|84)
2026-02-12 12:36:08,758 fastran_nb_nubeam_7 DEBUG    _get_service_response(REQUEST|fastran_000001@nubeam@7|FRAMEWORK@Framework@0|84), response = ServiceResponseMessage(sender_id=FRAMEWORK@Framework@0, receiver_id=fastran_000001@nubeam@7, request_msg_id=REQUEST|fastran_000001@nubeam@7|FRAMEWORK@Framework@0|84,status=0, args=(<ipsframework.cca_es_spec.Topic object at 0x14e1e1dcb3d0>,), message_id=RESPONSE|FRAMEWORK@Framework@0|fastran_000001@nubeam@7|981)
2026-02-12 12:36:08,758 fastran_nb_nubeam_7 DEBUG    _invoke_service(): sendEvent  ('_IPS_MONITOR', 'PORTAL_EVENT', {'sim_name': 'fastran_000001', 'real_sim_name': 'fastran_000001', 'portal_data': {'code': 'fastran_nb_nubeam', 'eventtype': 'IPS_LAUNCH_TASK', 'ok': True, 'walltime': '115.94', 'time': '2026-02-12|12:36:08PST', 'state': 'Running', 'comment': 'task_id = 24 , Tag = None , nproc = 24 , Target = srun -N 1 -n 24 -c 5 --threads-per-core=1 --cpu-bind=cores /global/common/software/atom/perlmutter/binaries/nubeam/default/mpi_nubeam_comp_exec '}})
2026-02-12 12:36:08,758 fastran_nb_nubeam_7 DEBUG    _get_service_response(REQUEST|fastran_000001@nubeam@7|FRAMEWORK@Framework@0|85)
2026-02-12 12:36:08,769 fastran_nb_nubeam_7 DEBUG    _get_service_response(REQUEST|fastran_000001@nubeam@7|FRAMEWORK@Framework@0|85), response = ServiceResponseMessage(sender_id=FRAMEWORK@Framework@0, receiver_id=fastran_000001@nubeam@7, request_msg_id=REQUEST|fastran_000001@nubeam@7|FRAMEWORK@Framework@0|85,status=0, args=(None,), message_id=RESPONSE|FRAMEWORK@Framework@0|fastran_000001@nubeam@7|982)
2026-02-12 12:36:12,263 fastran_nb_nubeam_7 DEBUG    _invoke_service(): getTopic  ('_IPS_MONITOR',)
2026-02-12 12:36:12,263 fastran_nb_nubeam_7 DEBUG    _get_service_response(REQUEST|fastran_000001@nubeam@7|FRAMEWORK@Framework@0|86)
2026-02-12 12:36:12,274 fastran_nb_nubeam_7 DEBUG    _get_service_response(REQUEST|fastran_000001@nubeam@7|FRAMEWORK@Framework@0|86), response = ServiceResponseMessage(sender_id=FRAMEWORK@Framework@0, receiver_id=fastran_000001@nubeam@7, request_msg_id=REQUEST|fastran_000001@nubeam@7|FRAMEWORK@Framework@0|86,status=0, args=(<ipsframework.cca_es_spec.Topic object at 0x14e1e1dcb310>,), message_id=RESPONSE|FRAMEWORK@Framework@0|fastran_000001@nubeam@7|990)
2026-02-12 12:36:12,274 fastran_nb_nubeam_7 DEBUG    _invoke_service(): sendEvent  ('_IPS_MONITOR', 'PORTAL_EVENT', {'sim_name': 'fastran_000001', 'real_sim_name': 'fastran_000001', 'portal_data': {'code': 'fastran_nb_nubeam', 'eventtype': 'IPS_TASK_END', 'ok': True, 'walltime': '119.46', 'time': '2026-02-12|12:36:12PST', 'trace': {'timestamp': 1770928568746466, 'duration': 3516492, 'localEndpoint': {'serviceName': '/global/common/software/atom/perlmutter/binaries/nubeam/default/mpi_nubeam_comp_exec'}, 'name': '', 'id': '4ef8114a5ad2c493', 'parentId': '25874ab008615b0f', 'tags': {'procs_requested': '24', 'cores_allocated': '128'}}, 'state': 'Running', 'comment': 'task_id = 24  elapsed time = 3.52 S'}})
2026-02-12 12:36:12,274 fastran_nb_nubeam_7 DEBUG    _get_service_response(REQUEST|fastran_000001@nubeam@7|FRAMEWORK@Framework@0|87)
2026-02-12 12:36:12,285 fastran_nb_nubeam_7 DEBUG    _get_service_response(REQUEST|fastran_000001@nubeam@7|FRAMEWORK@Framework@0|87), response = ServiceResponseMessage(sender_id=FRAMEWORK@Framework@0, receiver_id=fastran_000001@nubeam@7, request_msg_id=REQUEST|fastran_000001@nubeam@7|FRAMEWORK@Framework@0|87,status=0, args=(None,), message_id=RESPONSE|FRAMEWORK@Framework@0|fastran_000001@nubeam@7|991)
2026-02-12 12:36:12,285 fastran_nb_nubeam_7 DEBUG    _invoke_service(): finish_task  (24, 0)
2026-02-12 12:36:12,285 fastran_nb_nubeam_7 DEBUG    _get_service_response(REQUEST|fastran_000001@nubeam@7|FRAMEWORK@Framework@0|88)
2026-02-12 12:36:12,296 fastran_nb_nubeam_7 DEBUG    _get_service_response(REQUEST|fastran_000001@nubeam@7|FRAMEWORK@Framework@0|88), response = ServiceResponseMessage(sender_id=FRAMEWORK@Framework@0, receiver_id=fastran_000001@nubeam@7, request_msg_id=REQUEST|fastran_000001@nubeam@7|FRAMEWORK@Framework@0|88,status=0, args=(0,), message_id=RESPONSE|FRAMEWORK@Framework@0|fastran_000001@nubeam@7|992)
2026-02-12 12:36:12,332 fastran_nb_nubeam_7 DEBUG    _invoke_service(): merge_current_plasma_state  ('/pscratch/sd/y/yashu_gh/FREDA_KSTAR_2/ips-fastran/examples/far3d/example1/SCAN/work/fastran_nb_nubeam_7/state_changes.cdf', '/pscratch/sd/y/yashu_gh/FREDA_KSTAR_2/ips-fastran/examples/far3d/example1/SCAN/work/plasma_state/s000001.00001', 'log.update_state', '/global/common/software/atom/perlmutter/binaries/update-state/default/update_state')
2026-02-12 12:36:12,332 fastran_nb_nubeam_7 DEBUG    _get_service_response(REQUEST|fastran_000001@nubeam@7|FRAMEWORK@Framework@0|89)
2026-02-12 12:36:12,541 fastran_nb_nubeam_7 DEBUG    _get_service_response(REQUEST|fastran_000001@nubeam@7|FRAMEWORK@Framework@0|89), response = ServiceResponseMessage(sender_id=FRAMEWORK@Framework@0, receiver_id=fastran_000001@nubeam@7, request_msg_id=REQUEST|fastran_000001@nubeam@7|FRAMEWORK@Framework@0|89,status=0, args=(0,), message_id=RESPONSE|FRAMEWORK@Framework@0|fastran_000001@nubeam@7|993)
2026-02-12 12:36:12,541 fastran_nb_nubeam_7 DEBUG    _invoke_service(): getTopic  ('_IPS_MONITOR',)
2026-02-12 12:36:12,541 fastran_nb_nubeam_7 DEBUG    _get_service_response(REQUEST|fastran_000001@nubeam@7|FRAMEWORK@Framework@0|90)
2026-02-12 12:36:12,552 fastran_nb_nubeam_7 DEBUG    _get_service_response(REQUEST|fastran_000001@nubeam@7|FRAMEWORK@Framework@0|90), response = ServiceResponseMessage(sender_id=FRAMEWORK@Framework@0, receiver_id=fastran_000001@nubeam@7, request_msg_id=REQUEST|fastran_000001@nubeam@7|FRAMEWORK@Framework@0|90,status=0, args=(<ipsframework.cca_es_spec.Topic object at 0x14e1e1dcb0a0>,), message_id=RESPONSE|FRAMEWORK@Framework@0|fastran_000001@nubeam@7|994)
2026-02-12 12:36:12,552 fastran_nb_nubeam_7 DEBUG    _invoke_service(): sendEvent  ('_IPS_MONITOR', 'PORTAL_EVENT', {'sim_name': 'fastran_000001', 'real_sim_name': 'fastran_000001', 'portal_data': {'code': 'fastran_nb_nubeam', 'eventtype': 'IPS_MERGE_PLASMA_STATE', 'ok': True, 'walltime': '119.74', 'time': '2026-02-12|12:36:12PST', 'state': 'Running', 'comment': 'Success'}})
2026-02-12 12:36:12,552 fastran_nb_nubeam_7 DEBUG    _get_service_response(REQUEST|fastran_000001@nubeam@7|FRAMEWORK@Framework@0|91)
2026-02-12 12:36:12,563 fastran_nb_nubeam_7 DEBUG    _get_service_response(REQUEST|fastran_000001@nubeam@7|FRAMEWORK@Framework@0|91), response = ServiceResponseMessage(sender_id=FRAMEWORK@Framework@0, receiver_id=fastran_000001@nubeam@7, request_msg_id=REQUEST|fastran_000001@nubeam@7|FRAMEWORK@Framework@0|91,status=0, args=(None,), message_id=RESPONSE|FRAMEWORK@Framework@0|fastran_000001@nubeam@7|995)
2026-02-12 12:36:12,827 fastran_nb_nubeam_7 DEBUG    _invoke_service(): update_state  (['s000001.00001', 'g000001.00001', 'i000001.00001'], '/pscratch/sd/y/yashu_gh/FREDA_KSTAR_2/ips-fastran/examples/far3d/example1/SCAN/work/fastran_nb_nubeam_7', '/pscratch/sd/y/yashu_gh/FREDA_KSTAR_2/ips-fastran/examples/far3d/example1/SCAN/work/plasma_state')
2026-02-12 12:36:12,827 fastran_nb_nubeam_7 DEBUG    _get_service_response(REQUEST|fastran_000001@nubeam@7|FRAMEWORK@Framework@0|92)
2026-02-12 12:36:12,849 fastran_nb_nubeam_7 DEBUG    _get_service_response(REQUEST|fastran_000001@nubeam@7|FRAMEWORK@Framework@0|92), response = ServiceResponseMessage(sender_id=FRAMEWORK@Framework@0, receiver_id=fastran_000001@nubeam@7, request_msg_id=REQUEST|fastran_000001@nubeam@7|FRAMEWORK@Framework@0|92,status=0, args=(0,), message_id=RESPONSE|FRAMEWORK@Framework@0|fastran_000001@nubeam@7|997)
2026-02-12 12:36:12,849 fastran_nb_nubeam_7 DEBUG    _invoke_service(): getTopic  ('_IPS_MONITOR',)
2026-02-12 12:36:12,849 fastran_nb_nubeam_7 DEBUG    _get_service_response(REQUEST|fastran_000001@nubeam@7|FRAMEWORK@Framework@0|93)
2026-02-12 12:36:12,859 fastran_nb_nubeam_7 DEBUG    _get_service_response(REQUEST|fastran_000001@nubeam@7|FRAMEWORK@Framework@0|93), response = ServiceResponseMessage(sender_id=FRAMEWORK@Framework@0, receiver_id=fastran_000001@nubeam@7, request_msg_id=REQUEST|fastran_000001@nubeam@7|FRAMEWORK@Framework@0|93,status=0, args=(<ipsframework.cca_es_spec.Topic object at 0x14e1e9e6efd0>,), message_id=RESPONSE|FRAMEWORK@Framework@0|fastran_000001@nubeam@7|998)
2026-02-12 12:36:12,860 fastran_nb_nubeam_7 DEBUG    _invoke_service(): sendEvent  ('_IPS_MONITOR', 'PORTAL_EVENT', {'sim_name': 'fastran_000001', 'real_sim_name': 'fastran_000001', 'portal_data': {'code': 'fastran_nb_nubeam', 'eventtype': 'IPS_UPDATE_STATE', 'ok': True, 'walltime': '120.05', 'time': '2026-02-12|12:36:12PST', 'trace': {'timestamp': 1770928572827633, 'duration': 21500, 'localEndpoint': {'serviceName': 'update_state'}, 'name': "['s000001.00001', 'g000001.00001', 'i000001.00001']", 'id': '7629e189a66153c0', 'parentId': '25874ab008615b0f', 'tags': {}}, 'state': 'Running', 'comment': 'Elapsed time = 0.022   files = s000001.00001 g000001.00001 i000001.00001 Success'}})
2026-02-12 12:36:12,860 fastran_nb_nubeam_7 DEBUG    _get_service_response(REQUEST|fastran_000001@nubeam@7|FRAMEWORK@Framework@0|94)
2026-02-12 12:36:12,870 fastran_nb_nubeam_7 DEBUG    _get_service_response(REQUEST|fastran_000001@nubeam@7|FRAMEWORK@Framework@0|94), response = ServiceResponseMessage(sender_id=FRAMEWORK@Framework@0, receiver_id=fastran_000001@nubeam@7, request_msg_id=REQUEST|fastran_000001@nubeam@7|FRAMEWORK@Framework@0|94,status=0, args=(None,), message_id=RESPONSE|FRAMEWORK@Framework@0|fastran_000001@nubeam@7|999)
2026-02-12 12:36:12,915 fastran_nb_nubeam_7 DEBUG    _invoke_service(): getTopic  ('_IPS_MONITOR',)
2026-02-12 12:36:12,916 fastran_nb_nubeam_7 DEBUG    _get_service_response(REQUEST|fastran_000001@nubeam@7|FRAMEWORK@Framework@0|95)
2026-02-12 12:36:12,927 fastran_nb_nubeam_7 DEBUG    _get_service_response(REQUEST|fastran_000001@nubeam@7|FRAMEWORK@Framework@0|95), response = ServiceResponseMessage(sender_id=FRAMEWORK@Framework@0, receiver_id=fastran_000001@nubeam@7, request_msg_id=REQUEST|fastran_000001@nubeam@7|FRAMEWORK@Framework@0|95,status=0, args=(<ipsframework.cca_es_spec.Topic object at 0x14e1e9e6ebe0>,), message_id=RESPONSE|FRAMEWORK@Framework@0|fastran_000001@nubeam@7|1000)
2026-02-12 12:36:12,928 fastran_nb_nubeam_7 DEBUG    _invoke_service(): sendEvent  ('_IPS_MONITOR', 'PORTAL_EVENT', {'sim_name': 'fastran_000001', 'real_sim_name': 'fastran_000001', 'portal_data': {'code': 'fastran_nb_nubeam', 'eventtype': 'IPS_STAGE_OUTPUTS', 'ok': True, 'walltime': '120.11', 'time': '2026-02-12|12:36:12PST', 'trace': {'timestamp': 1770928572870565, 'duration': 44139, 'localEndpoint': {'serviceName': 'stage_output_files'}, 'name': "['log.nubeam*', 'state_changes.cdf']", 'id': 'f1344d67a1b9120c', 'parentId': '25874ab008615b0f', 'tags': {}}, 'state': 'Running', 'comment': "Elapsed time = 0.044 Path = /pscratch/sd/y/yashu_gh/FREDA_KSTAR_2/ips-fastran/examples/far3d/example1/SCAN/simulation_results/0/components/fastran_nb_nubeam_7 Files = ['log.nubeam*', 'state_changes.cdf']"}})
2026-02-12 12:36:12,928 fastran_nb_nubeam_7 DEBUG    _get_service_response(REQUEST|fastran_000001@nubeam@7|FRAMEWORK@Framework@0|96)
2026-02-12 12:36:12,938 fastran_nb_nubeam_7 DEBUG    _get_service_response(REQUEST|fastran_000001@nubeam@7|FRAMEWORK@Framework@0|96), response = ServiceResponseMessage(sender_id=FRAMEWORK@Framework@0, receiver_id=fastran_000001@nubeam@7, request_msg_id=REQUEST|fastran_000001@nubeam@7|FRAMEWORK@Framework@0|96,status=0, args=(None,), message_id=RESPONSE|FRAMEWORK@Framework@0|fastran_000001@nubeam@7|1001)
2026-02-12 12:36:12,951 fastran_driver_fastran_driver_2 DEBUG    _get_service_response(REQUEST|fastran_000001@fastran_driver@2|FRAMEWORK@Framework@0|300), response = ServiceResponseMessage(sender_id=FRAMEWORK@Framework@0, receiver_id=fastran_000001@fastran_driver@2, request_msg_id=REQUEST|fastran_000001@fastran_driver@2|FRAMEWORK@Framework@0|300,status=0, args=((None,),), message_id=RESPONSE|FRAMEWORK@Framework@0|fastran_000001@fastran_driver@2|1002)
2026-02-12 12:36:12,951 fastran_driver_fastran_driver_2 DEBUG    _invoke_service(): getTopic  ('_IPS_MONITOR',)
2026-02-12 12:36:12,951 fastran_driver_fastran_driver_2 DEBUG    _get_service_response(REQUEST|fastran_000001@fastran_driver@2|FRAMEWORK@Framework@0|301)
2026-02-12 12:36:12,962 fastran_driver_fastran_driver_2 DEBUG    _get_service_response(REQUEST|fastran_000001@fastran_driver@2|FRAMEWORK@Framework@0|301), response = ServiceResponseMessage(sender_id=FRAMEWORK@Framework@0, receiver_id=fastran_000001@fastran_driver@2, request_msg_id=REQUEST|fastran_000001@fastran_driver@2|FRAMEWORK@Framework@0|301,status=0, args=(<ipsframework.cca_es_spec.Topic object at 0x14e1e9e3ad30>,), message_id=RESPONSE|FRAMEWORK@Framework@0|fastran_000001@fastran_driver@2|1003)
2026-02-12 12:36:12,962 fastran_driver_fastran_driver_2 DEBUG    _invoke_service(): sendEvent  ('_IPS_MONITOR', 'PORTAL_EVENT', {'sim_name': 'fastran_000001', 'real_sim_name': 'fastran_000001', 'portal_data': {'code': 'fastran_driver_fastran_driver', 'eventtype': 'IPS_CALL_END', 'ok': True, 'walltime': '120.15', 'time': '2026-02-12|12:36:12PST', 'trace': {'timestamp': 1770928514411944, 'duration': 58539801, 'localEndpoint': {'serviceName': 'fastran_000001@nubeam@7'}, 'name': 'step(0)', 'id': '25874ab008615b0f', 'parentId': '15e0663de819b9fa', 'tags': {}}, 'state': 'Running', 'comment': 'Target = fastran_000001@nubeam@7:step(0)'}})
2026-02-12 12:36:12,962 fastran_driver_fastran_driver_2 DEBUG    _get_service_response(REQUEST|fastran_000001@fastran_driver@2|FRAMEWORK@Framework@0|302)
2026-02-12 12:36:12,973 fastran_driver_fastran_driver_2 DEBUG    _get_service_response(REQUEST|fastran_000001@fastran_driver@2|FRAMEWORK@Framework@0|302), response = ServiceResponseMessage(sender_id=FRAMEWORK@Framework@0, receiver_id=fastran_000001@fastran_driver@2, request_msg_id=REQUEST|fastran_000001@fastran_driver@2|FRAMEWORK@Framework@0|302,status=0, args=(None,), message_id=RESPONSE|FRAMEWORK@Framework@0|fastran_000001@fastran_driver@2|1004)
2026-02-12 12:36:12,973 fastran_driver_fastran_driver_2 DEBUG    _invoke_service(): getTopic  ('_IPS_MONITOR',)
2026-02-12 12:36:12,974 fastran_driver_fastran_driver_2 DEBUG    _get_service_response(REQUEST|fastran_000001@fastran_driver@2|FRAMEWORK@Framework@0|303)
2026-02-12 12:36:12,984 fastran_driver_fastran_driver_2 DEBUG    _get_service_response(REQUEST|fastran_000001@fastran_driver@2|FRAMEWORK@Framework@0|303), response = ServiceResponseMessage(sender_id=FRAMEWORK@Framework@0, receiver_id=fastran_000001@fastran_driver@2, request_msg_id=REQUEST|fastran_000001@fastran_driver@2|FRAMEWORK@Framework@0|303,status=0, args=(<ipsframework.cca_es_spec.Topic object at 0x14e1e9e3ad90>,), message_id=RESPONSE|FRAMEWORK@Framework@0|fastran_000001@fastran_driver@2|1005)
2026-02-12 12:36:12,984 fastran_driver_fastran_driver_2 DEBUG    _invoke_service(): sendEvent  ('_IPS_MONITOR', 'PORTAL_EVENT', {'sim_name': 'fastran_000001', 'real_sim_name': 'fastran_000001', 'portal_data': {'code': 'fastran_driver_fastran_driver', 'eventtype': 'IPS_CALL_BEGIN', 'ok': True, 'walltime': '120.17', 'time': '2026-02-12|12:36:12PST', 'state': 'Running', 'comment': 'Target = fastran_000001@efit@8:step(0)'}})
2026-02-12 12:36:12,984 fastran_driver_fastran_driver_2 DEBUG    _get_service_response(REQUEST|fastran_000001@fastran_driver@2|FRAMEWORK@Framework@0|304)
2026-02-12 12:36:12,995 fastran_driver_fastran_driver_2 DEBUG    _get_service_response(REQUEST|fastran_000001@fastran_driver@2|FRAMEWORK@Framework@0|304), response = ServiceResponseMessage(sender_id=FRAMEWORK@Framework@0, receiver_id=fastran_000001@fastran_driver@2, request_msg_id=REQUEST|fastran_000001@fastran_driver@2|FRAMEWORK@Framework@0|304,status=0, args=(None,), message_id=RESPONSE|FRAMEWORK@Framework@0|fastran_000001@fastran_driver@2|1006)
2026-02-12 12:36:12,995 fastran_driver_fastran_driver_2 DEBUG    _invoke_service(): init_call  ('step', 0)
2026-02-12 12:36:12,995 fastran_driver_fastran_driver_2 DEBUG    _get_service_response(REQUEST|fastran_000001@fastran_driver@2|FRAMEWORK@Framework@0|305)
2026-02-12 12:36:12,996 fastran_eq_efit_8 DEBUG    Received Message 
2026-02-12 12:36:12,996 fastran_eq_efit_8 DEBUG    Calling method step(0)
2026-02-12 12:36:12,996 fastran_eq_efit_8 DEBUG    _invoke_service(): stage_state  (['s000001.00001', 'g000001.00001', 'i000001.00001'], '/pscratch/sd/y/yashu_gh/FREDA_KSTAR_2/ips-fastran/examples/far3d/example1/SCAN/work/plasma_state', '/pscratch/sd/y/yashu_gh/FREDA_KSTAR_2/ips-fastran/examples/far3d/example1/SCAN/work/fastran_eq_efit_8')
2026-02-12 12:36:12,997 fastran_eq_efit_8 DEBUG    _get_service_response(REQUEST|fastran_000001@efit@8|FRAMEWORK@Framework@0|0)
2026-02-12 12:36:13,006 fastran_driver_fastran_driver_2 DEBUG    _get_service_response(REQUEST|fastran_000001@fastran_driver@2|FRAMEWORK@Framework@0|305), response = ServiceResponseMessage(sender_id=FRAMEWORK@Framework@0, receiver_id=fastran_000001@fastran_driver@2, request_msg_id=REQUEST|fastran_000001@fastran_driver@2|FRAMEWORK@Framework@0|305,status=0, args=(51,), message_id=RESPONSE|FRAMEWORK@Framework@0|fastran_000001@fastran_driver@2|1007)
2026-02-12 12:36:13,006 fastran_driver_fastran_driver_2 DEBUG    _invoke_service(): wait_call  (51, True)
2026-02-12 12:36:13,006 fastran_driver_fastran_driver_2 DEBUG    _get_service_response(REQUEST|fastran_000001@fastran_driver@2|FRAMEWORK@Framework@0|306)
2026-02-12 12:36:13,020 fastran_eq_efit_8 DEBUG    _get_service_response(REQUEST|fastran_000001@efit@8|FRAMEWORK@Framework@0|0), response = ServiceResponseMessage(sender_id=FRAMEWORK@Framework@0, receiver_id=fastran_000001@efit@8, request_msg_id=REQUEST|fastran_000001@efit@8|FRAMEWORK@Framework@0|0,status=0, args=(0,), message_id=RESPONSE|FRAMEWORK@Framework@0|fastran_000001@efit@8|1008)
2026-02-12 12:36:13,020 fastran_eq_efit_8 DEBUG    _invoke_service(): getTopic  ('_IPS_MONITOR',)
2026-02-12 12:36:13,020 fastran_eq_efit_8 DEBUG    _get_service_response(REQUEST|fastran_000001@efit@8|FRAMEWORK@Framework@0|1)
2026-02-12 12:36:13,031 fastran_eq_efit_8 DEBUG    _get_service_response(REQUEST|fastran_000001@efit@8|FRAMEWORK@Framework@0|1), response = ServiceResponseMessage(sender_id=FRAMEWORK@Framework@0, receiver_id=fastran_000001@efit@8, request_msg_id=REQUEST|fastran_000001@efit@8|FRAMEWORK@Framework@0|1,status=0, args=(<ipsframework.cca_es_spec.Topic object at 0x14e1e9e6bfd0>,), message_id=RESPONSE|FRAMEWORK@Framework@0|fastran_000001@efit@8|1009)
2026-02-12 12:36:13,031 fastran_eq_efit_8 DEBUG    _invoke_service(): sendEvent  ('_IPS_MONITOR', 'PORTAL_EVENT', {'sim_name': 'fastran_000001', 'real_sim_name': 'fastran_000001', 'portal_data': {'code': 'fastran_eq_efit', 'eventtype': 'IPS_STAGE_STATE', 'ok': True, 'walltime': '120.22', 'time': '2026-02-12|12:36:13PST', 'trace': {'timestamp': 1770928572996806, 'duration': 23563, 'localEndpoint': {'serviceName': 'stage_state'}, 'name': "['s000001.00001', 'g000001.00001', 'i000001.00001']", 'id': '71885aecf25d7412', 'parentId': '398942c1cb3ce1f2', 'tags': {}}, 'state': 'Running', 'comment': 'Elapsed time = 0.024  files = s000001.00001 g000001.00001 i000001.00001 Success'}})
2026-02-12 12:36:13,031 fastran_eq_efit_8 DEBUG    _get_service_response(REQUEST|fastran_000001@efit@8|FRAMEWORK@Framework@0|2)
2026-02-12 12:36:13,042 fastran_eq_efit_8 DEBUG    _get_service_response(REQUEST|fastran_000001@efit@8|FRAMEWORK@Framework@0|2), response = ServiceResponseMessage(sender_id=FRAMEWORK@Framework@0, receiver_id=fastran_000001@efit@8, request_msg_id=REQUEST|fastran_000001@efit@8|FRAMEWORK@Framework@0|2,status=0, args=(None,), message_id=RESPONSE|FRAMEWORK@Framework@0|fastran_000001@efit@8|1010)
2026-02-12 12:36:30,579 fastran_eq_efit_8 DEBUG    _invoke_service(): update_state  (['s000001.00001', 'g000001.00001', 'i000001.00001'], '/pscratch/sd/y/yashu_gh/FREDA_KSTAR_2/ips-fastran/examples/far3d/example1/SCAN/work/fastran_eq_efit_8', '/pscratch/sd/y/yashu_gh/FREDA_KSTAR_2/ips-fastran/examples/far3d/example1/SCAN/work/plasma_state')
2026-02-12 12:36:30,581 fastran_eq_efit_8 DEBUG    _get_service_response(REQUEST|fastran_000001@efit@8|FRAMEWORK@Framework@0|3)
2026-02-12 12:36:30,603 fastran_eq_efit_8 DEBUG    _get_service_response(REQUEST|fastran_000001@efit@8|FRAMEWORK@Framework@0|3), response = ServiceResponseMessage(sender_id=FRAMEWORK@Framework@0, receiver_id=fastran_000001@efit@8, request_msg_id=REQUEST|fastran_000001@efit@8|FRAMEWORK@Framework@0|3,status=0, args=(0,), message_id=RESPONSE|FRAMEWORK@Framework@0|fastran_000001@efit@8|1046)
2026-02-12 12:36:30,603 fastran_eq_efit_8 DEBUG    _invoke_service(): getTopic  ('_IPS_MONITOR',)
2026-02-12 12:36:30,604 fastran_eq_efit_8 DEBUG    _get_service_response(REQUEST|fastran_000001@efit@8|FRAMEWORK@Framework@0|4)
2026-02-12 12:36:30,614 fastran_eq_efit_8 DEBUG    _get_service_response(REQUEST|fastran_000001@efit@8|FRAMEWORK@Framework@0|4), response = ServiceResponseMessage(sender_id=FRAMEWORK@Framework@0, receiver_id=fastran_000001@efit@8, request_msg_id=REQUEST|fastran_000001@efit@8|FRAMEWORK@Framework@0|4,status=0, args=(<ipsframework.cca_es_spec.Topic object at 0x14e1e1dfa520>,), message_id=RESPONSE|FRAMEWORK@Framework@0|fastran_000001@efit@8|1047)
2026-02-12 12:36:30,614 fastran_eq_efit_8 DEBUG    _invoke_service(): sendEvent  ('_IPS_MONITOR', 'PORTAL_EVENT', {'sim_name': 'fastran_000001', 'real_sim_name': 'fastran_000001', 'portal_data': {'code': 'fastran_eq_efit', 'eventtype': 'IPS_UPDATE_STATE', 'ok': True, 'walltime': '137.80', 'time': '2026-02-12|12:36:30PST', 'trace': {'timestamp': 1770928590579246, 'duration': 24399, 'localEndpoint': {'serviceName': 'update_state'}, 'name': "['s000001.00001', 'g000001.00001', 'i000001.00001']", 'id': '7629e189a66153c0', 'parentId': '398942c1cb3ce1f2', 'tags': {}}, 'state': 'Running', 'comment': 'Elapsed time = 0.024   files = s000001.00001 g000001.00001 i000001.00001 Success'}})
2026-02-12 12:36:30,614 fastran_eq_efit_8 DEBUG    _get_service_response(REQUEST|fastran_000001@efit@8|FRAMEWORK@Framework@0|5)
2026-02-12 12:36:30,625 fastran_eq_efit_8 DEBUG    _get_service_response(REQUEST|fastran_000001@efit@8|FRAMEWORK@Framework@0|5), response = ServiceResponseMessage(sender_id=FRAMEWORK@Framework@0, receiver_id=fastran_000001@efit@8, request_msg_id=REQUEST|fastran_000001@efit@8|FRAMEWORK@Framework@0|5,status=0, args=(None,), message_id=RESPONSE|FRAMEWORK@Framework@0|fastran_000001@efit@8|1048)
2026-02-12 12:36:30,649 fastran_eq_efit_8 DEBUG    _invoke_service(): getTopic  ('_IPS_MONITOR',)
2026-02-12 12:36:30,649 fastran_eq_efit_8 DEBUG    _get_service_response(REQUEST|fastran_000001@efit@8|FRAMEWORK@Framework@0|6)
2026-02-12 12:36:30,660 fastran_eq_efit_8 DEBUG    _get_service_response(REQUEST|fastran_000001@efit@8|FRAMEWORK@Framework@0|6), response = ServiceResponseMessage(sender_id=FRAMEWORK@Framework@0, receiver_id=fastran_000001@efit@8, request_msg_id=REQUEST|fastran_000001@efit@8|FRAMEWORK@Framework@0|6,status=0, args=(<ipsframework.cca_es_spec.Topic object at 0x14e1e1dfa3d0>,), message_id=RESPONSE|FRAMEWORK@Framework@0|fastran_000001@efit@8|1049)
2026-02-12 12:36:30,660 fastran_eq_efit_8 DEBUG    _invoke_service(): sendEvent  ('_IPS_MONITOR', 'PORTAL_EVENT', {'sim_name': 'fastran_000001', 'real_sim_name': 'fastran_000001', 'portal_data': {'code': 'fastran_eq_efit', 'eventtype': 'IPS_STAGE_OUTPUTS', 'ok': True, 'walltime': '137.85', 'time': '2026-02-12|12:36:30PST', 'trace': {'timestamp': 1770928590625649, 'duration': 23924, 'localEndpoint': {'serviceName': 'stage_output_files'}, 'name': "['g*.*', 'a*.*', 'm*.*', 'k*.*', 'efit.log']", 'id': '7f2cccfefec01030', 'parentId': '398942c1cb3ce1f2', 'tags': {}}, 'state': 'Running', 'comment': "Elapsed time = 0.024 Path = /pscratch/sd/y/yashu_gh/FREDA_KSTAR_2/ips-fastran/examples/far3d/example1/SCAN/simulation_results/0/components/fastran_eq_efit_8 Files = ['g*.*', 'a*.*', 'm*.*', 'k*.*', 'efit.log']"}})
2026-02-12 12:36:30,660 fastran_eq_efit_8 DEBUG    _get_service_response(REQUEST|fastran_000001@efit@8|FRAMEWORK@Framework@0|7)
2026-02-12 12:36:30,670 fastran_eq_efit_8 DEBUG    _get_service_response(REQUEST|fastran_000001@efit@8|FRAMEWORK@Framework@0|7), response = ServiceResponseMessage(sender_id=FRAMEWORK@Framework@0, receiver_id=fastran_000001@efit@8, request_msg_id=REQUEST|fastran_000001@efit@8|FRAMEWORK@Framework@0|7,status=0, args=(None,), message_id=RESPONSE|FRAMEWORK@Framework@0|fastran_000001@efit@8|1050)
2026-02-12 12:36:30,682 fastran_driver_fastran_driver_2 DEBUG    _get_service_response(REQUEST|fastran_000001@fastran_driver@2|FRAMEWORK@Framework@0|306), response = ServiceResponseMessage(sender_id=FRAMEWORK@Framework@0, receiver_id=fastran_000001@fastran_driver@2, request_msg_id=REQUEST|fastran_000001@fastran_driver@2|FRAMEWORK@Framework@0|306,status=0, args=((None,),), message_id=RESPONSE|FRAMEWORK@Framework@0|fastran_000001@fastran_driver@2|1051)
2026-02-12 12:36:30,683 fastran_driver_fastran_driver_2 DEBUG    _invoke_service(): getTopic  ('_IPS_MONITOR',)
2026-02-12 12:36:30,683 fastran_driver_fastran_driver_2 DEBUG    _get_service_response(REQUEST|fastran_000001@fastran_driver@2|FRAMEWORK@Framework@0|307)
2026-02-12 12:36:30,694 fastran_driver_fastran_driver_2 DEBUG    _get_service_response(REQUEST|fastran_000001@fastran_driver@2|FRAMEWORK@Framework@0|307), response = ServiceResponseMessage(sender_id=FRAMEWORK@Framework@0, receiver_id=fastran_000001@fastran_driver@2, request_msg_id=REQUEST|fastran_000001@fastran_driver@2|FRAMEWORK@Framework@0|307,status=0, args=(<ipsframework.cca_es_spec.Topic object at 0x14e1e9e3ad30>,), message_id=RESPONSE|FRAMEWORK@Framework@0|fastran_000001@fastran_driver@2|1052)
2026-02-12 12:36:30,694 fastran_driver_fastran_driver_2 DEBUG    _invoke_service(): sendEvent  ('_IPS_MONITOR', 'PORTAL_EVENT', {'sim_name': 'fastran_000001', 'real_sim_name': 'fastran_000001', 'portal_data': {'code': 'fastran_driver_fastran_driver', 'eventtype': 'IPS_CALL_END', 'ok': True, 'walltime': '137.88', 'time': '2026-02-12|12:36:30PST', 'trace': {'timestamp': 1770928573006648, 'duration': 17676398, 'localEndpoint': {'serviceName': 'fastran_000001@efit@8'}, 'name': 'step(0)', 'id': '398942c1cb3ce1f2', 'parentId': '15e0663de819b9fa', 'tags': {}}, 'state': 'Running', 'comment': 'Target = fastran_000001@efit@8:step(0)'}})
2026-02-12 12:36:30,694 fastran_driver_fastran_driver_2 DEBUG    _get_service_response(REQUEST|fastran_000001@fastran_driver@2|FRAMEWORK@Framework@0|308)
2026-02-12 12:36:30,705 fastran_driver_fastran_driver_2 DEBUG    _get_service_response(REQUEST|fastran_000001@fastran_driver@2|FRAMEWORK@Framework@0|308), response = ServiceResponseMessage(sender_id=FRAMEWORK@Framework@0, receiver_id=fastran_000001@fastran_driver@2, request_msg_id=REQUEST|fastran_000001@fastran_driver@2|FRAMEWORK@Framework@0|308,status=0, args=(None,), message_id=RESPONSE|FRAMEWORK@Framework@0|fastran_000001@fastran_driver@2|1053)
2026-02-12 12:36:30,705 fastran_driver_fastran_driver_2 DEBUG    _invoke_service(): getTopic  ('_IPS_MONITOR',)
2026-02-12 12:36:30,705 fastran_driver_fastran_driver_2 DEBUG    _get_service_response(REQUEST|fastran_000001@fastran_driver@2|FRAMEWORK@Framework@0|309)
2026-02-12 12:36:30,716 fastran_driver_fastran_driver_2 DEBUG    _get_service_response(REQUEST|fastran_000001@fastran_driver@2|FRAMEWORK@Framework@0|309), response = ServiceResponseMessage(sender_id=FRAMEWORK@Framework@0, receiver_id=fastran_000001@fastran_driver@2, request_msg_id=REQUEST|fastran_000001@fastran_driver@2|FRAMEWORK@Framework@0|309,status=0, args=(<ipsframework.cca_es_spec.Topic object at 0x14e1e9e3acd0>,), message_id=RESPONSE|FRAMEWORK@Framework@0|fastran_000001@fastran_driver@2|1054)
2026-02-12 12:36:30,716 fastran_driver_fastran_driver_2 DEBUG    _invoke_service(): sendEvent  ('_IPS_MONITOR', 'PORTAL_EVENT', {'sim_name': 'fastran_000001', 'real_sim_name': 'fastran_000001', 'portal_data': {'code': 'fastran_driver_fastran_driver', 'eventtype': 'IPS_CALL_BEGIN', 'ok': True, 'walltime': '137.90', 'time': '2026-02-12|12:36:30PST', 'state': 'Running', 'comment': 'Target = fastran_000001@fastran@9:step(0)'}})
2026-02-12 12:36:30,716 fastran_driver_fastran_driver_2 DEBUG    _get_service_response(REQUEST|fastran_000001@fastran_driver@2|FRAMEWORK@Framework@0|310)
2026-02-12 12:36:30,726 fastran_driver_fastran_driver_2 DEBUG    _get_service_response(REQUEST|fastran_000001@fastran_driver@2|FRAMEWORK@Framework@0|310), response = ServiceResponseMessage(sender_id=FRAMEWORK@Framework@0, receiver_id=fastran_000001@fastran_driver@2, request_msg_id=REQUEST|fastran_000001@fastran_driver@2|FRAMEWORK@Framework@0|310,status=0, args=(None,), message_id=RESPONSE|FRAMEWORK@Framework@0|fastran_000001@fastran_driver@2|1055)
2026-02-12 12:36:30,726 fastran_driver_fastran_driver_2 DEBUG    _invoke_service(): init_call  ('step', 0)
2026-02-12 12:36:30,727 fastran_driver_fastran_driver_2 DEBUG    _get_service_response(REQUEST|fastran_000001@fastran_driver@2|FRAMEWORK@Framework@0|311)
2026-02-12 12:36:30,727 fastran_tr_fastran_9 DEBUG    Received Message 
2026-02-12 12:36:30,727 fastran_tr_fastran_9 DEBUG    Calling method step(0)
2026-02-12 12:36:30,728 fastran_tr_fastran_9 DEBUG    _invoke_service(): stage_state  (['s000001.00001', 'g000001.00001', 'i000001.00001'], '/pscratch/sd/y/yashu_gh/FREDA_KSTAR_2/ips-fastran/examples/far3d/example1/SCAN/work/plasma_state', '/pscratch/sd/y/yashu_gh/FREDA_KSTAR_2/ips-fastran/examples/far3d/example1/SCAN/work/fastran_tr_fastran_9')
2026-02-12 12:36:30,728 fastran_tr_fastran_9 DEBUG    _get_service_response(REQUEST|fastran_000001@fastran@9|FRAMEWORK@Framework@0|0)
2026-02-12 12:36:30,737 fastran_driver_fastran_driver_2 DEBUG    _get_service_response(REQUEST|fastran_000001@fastran_driver@2|FRAMEWORK@Framework@0|311), response = ServiceResponseMessage(sender_id=FRAMEWORK@Framework@0, receiver_id=fastran_000001@fastran_driver@2, request_msg_id=REQUEST|fastran_000001@fastran_driver@2|FRAMEWORK@Framework@0|311,status=0, args=(52,), message_id=RESPONSE|FRAMEWORK@Framework@0|fastran_000001@fastran_driver@2|1056)
2026-02-12 12:36:30,737 fastran_driver_fastran_driver_2 DEBUG    _invoke_service(): wait_call  (52, True)
2026-02-12 12:36:30,737 fastran_driver_fastran_driver_2 DEBUG    _get_service_response(REQUEST|fastran_000001@fastran_driver@2|FRAMEWORK@Framework@0|312)
2026-02-12 12:36:30,750 fastran_tr_fastran_9 DEBUG    _get_service_response(REQUEST|fastran_000001@fastran@9|FRAMEWORK@Framework@0|0), response = ServiceResponseMessage(sender_id=FRAMEWORK@Framework@0, receiver_id=fastran_000001@fastran@9, request_msg_id=REQUEST|fastran_000001@fastran@9|FRAMEWORK@Framework@0|0,status=0, args=(0,), message_id=RESPONSE|FRAMEWORK@Framework@0|fastran_000001@fastran@9|1057)
2026-02-12 12:36:30,750 fastran_tr_fastran_9 DEBUG    _invoke_service(): getTopic  ('_IPS_MONITOR',)
2026-02-12 12:36:30,751 fastran_tr_fastran_9 DEBUG    _get_service_response(REQUEST|fastran_000001@fastran@9|FRAMEWORK@Framework@0|1)
2026-02-12 12:36:30,761 fastran_tr_fastran_9 DEBUG    _get_service_response(REQUEST|fastran_000001@fastran@9|FRAMEWORK@Framework@0|1), response = ServiceResponseMessage(sender_id=FRAMEWORK@Framework@0, receiver_id=fastran_000001@fastran@9, request_msg_id=REQUEST|fastran_000001@fastran@9|FRAMEWORK@Framework@0|1,status=0, args=(<ipsframework.cca_es_spec.Topic object at 0x14e1e9e63cd0>,), message_id=RESPONSE|FRAMEWORK@Framework@0|fastran_000001@fastran@9|1058)
2026-02-12 12:36:30,761 fastran_tr_fastran_9 DEBUG    _invoke_service(): sendEvent  ('_IPS_MONITOR', 'PORTAL_EVENT', {'sim_name': 'fastran_000001', 'real_sim_name': 'fastran_000001', 'portal_data': {'code': 'fastran_tr_fastran', 'eventtype': 'IPS_STAGE_STATE', 'ok': True, 'walltime': '137.95', 'time': '2026-02-12|12:36:30PST', 'trace': {'timestamp': 1770928590728054, 'duration': 22637, 'localEndpoint': {'serviceName': 'stage_state'}, 'name': "['s000001.00001', 'g000001.00001', 'i000001.00001']", 'id': '71885aecf25d7412', 'parentId': '0b7846590954609c', 'tags': {}}, 'state': 'Running', 'comment': 'Elapsed time = 0.023  files = s000001.00001 g000001.00001 i000001.00001 Success'}})
2026-02-12 12:36:30,761 fastran_tr_fastran_9 DEBUG    _get_service_response(REQUEST|fastran_000001@fastran@9|FRAMEWORK@Framework@0|2)
2026-02-12 12:36:30,772 fastran_tr_fastran_9 DEBUG    _get_service_response(REQUEST|fastran_000001@fastran@9|FRAMEWORK@Framework@0|2), response = ServiceResponseMessage(sender_id=FRAMEWORK@Framework@0, receiver_id=fastran_000001@fastran@9, request_msg_id=REQUEST|fastran_000001@fastran@9|FRAMEWORK@Framework@0|2,status=0, args=(None,), message_id=RESPONSE|FRAMEWORK@Framework@0|fastran_000001@fastran@9|1059)
2026-02-12 12:36:30,782 fastran_tr_fastran_9 DEBUG    _invoke_service(): getTopic  ('_IPS_MONITOR',)
2026-02-12 12:36:30,782 fastran_tr_fastran_9 DEBUG    _get_service_response(REQUEST|fastran_000001@fastran@9|FRAMEWORK@Framework@0|3)
2026-02-12 12:36:30,793 fastran_tr_fastran_9 DEBUG    _get_service_response(REQUEST|fastran_000001@fastran@9|FRAMEWORK@Framework@0|3), response = ServiceResponseMessage(sender_id=FRAMEWORK@Framework@0, receiver_id=fastran_000001@fastran@9, request_msg_id=REQUEST|fastran_000001@fastran@9|FRAMEWORK@Framework@0|3,status=0, args=(<ipsframework.cca_es_spec.Topic object at 0x14e1e9e45e20>,), message_id=RESPONSE|FRAMEWORK@Framework@0|fastran_000001@fastran@9|1060)
2026-02-12 12:36:30,793 fastran_tr_fastran_9 DEBUG    _invoke_service(): sendEvent  ('_IPS_MONITOR', 'PORTAL_EVENT', {'sim_name': 'fastran_000001', 'real_sim_name': 'fastran_000001', 'portal_data': {'code': 'fastran_tr_fastran', 'eventtype': 'IPS_STAGE_INPUTS', 'ok': True, 'walltime': '137.98', 'time': '2026-02-12|12:36:30PST', 'trace': {'timestamp': 1770928590772807, 'duration': 9874, 'localEndpoint': {'serviceName': 'stage_input_files'}, 'name': 'infastran intglf', 'id': '5ff6e2efe4653e6c', 'parentId': '0b7846590954609c', 'tags': {}}, 'state': 'Running', 'comment': 'Elapsed time = 0.010 Path = /pscratch/sd/y/yashu_gh/FREDA_KSTAR_2/ips-fastran/examples/far3d/example1/input Files = infastran intglf'}})
2026-02-12 12:36:30,793 fastran_tr_fastran_9 DEBUG    _get_service_response(REQUEST|fastran_000001@fastran@9|FRAMEWORK@Framework@0|4)
2026-02-12 12:36:30,804 fastran_tr_fastran_9 DEBUG    _get_service_response(REQUEST|fastran_000001@fastran@9|FRAMEWORK@Framework@0|4), response = ServiceResponseMessage(sender_id=FRAMEWORK@Framework@0, receiver_id=fastran_000001@fastran@9, request_msg_id=REQUEST|fastran_000001@fastran@9|FRAMEWORK@Framework@0|4,status=0, args=(None,), message_id=RESPONSE|FRAMEWORK@Framework@0|fastran_000001@fastran@9|1061)
2026-02-12 12:36:31,072 fastran_tr_fastran_9 DEBUG    _invoke_service(): init_task  (TaskInit(nproc=1, binary='/global/common/software/atom/perlmutter/binaries/fastran/default/xfastran_ver1.00', working_dir='/pscratch/sd/y/yashu_gh/FREDA_KSTAR_2/ips-fastran/examples/far3d/example1/SCAN/work/fastran_tr_fastran_9', tppn=0, tcpp=0, tgpp=0, block=True, omp=False, wnodes=True, wsocks=True, cmd_args=('1', '1')),)
2026-02-12 12:36:31,072 fastran_tr_fastran_9 DEBUG    _get_service_response(REQUEST|fastran_000001@fastran@9|FRAMEWORK@Framework@0|5)
2026-02-12 12:36:31,083 fastran_tr_fastran_9 DEBUG    _get_service_response(REQUEST|fastran_000001@fastran@9|FRAMEWORK@Framework@0|5), response = ServiceResponseMessage(sender_id=FRAMEWORK@Framework@0, receiver_id=fastran_000001@fastran@9, request_msg_id=REQUEST|fastran_000001@fastran@9|FRAMEWORK@Framework@0|5,status=0, args=((25, 'srun -N 1 -n 1 -c 128 --threads-per-core=1 --cpu-bind=cores /global/common/software/atom/perlmutter/binaries/fastran/default/xfastran_ver1.00 1 1', None, 128),), message_id=RESPONSE|FRAMEWORK@Framework@0|fastran_000001@fastran@9|1063)
2026-02-12 12:36:31,085 fastran_tr_fastran_9 DEBUG    Launching command : srun -N 1 -n 1 -c 128 --threads-per-core=1 --cpu-bind=cores /global/common/software/atom/perlmutter/binaries/fastran/default/xfastran_ver1.00 1 1
2026-02-12 12:36:31,099 fastran_tr_fastran_9 DEBUG    _invoke_service(): getTopic  ('_IPS_MONITOR',)
2026-02-12 12:36:31,100 fastran_tr_fastran_9 DEBUG    _get_service_response(REQUEST|fastran_000001@fastran@9|FRAMEWORK@Framework@0|6)
2026-02-12 12:36:31,110 fastran_tr_fastran_9 DEBUG    _get_service_response(REQUEST|fastran_000001@fastran@9|FRAMEWORK@Framework@0|6), response = ServiceResponseMessage(sender_id=FRAMEWORK@Framework@0, receiver_id=fastran_000001@fastran@9, request_msg_id=REQUEST|fastran_000001@fastran@9|FRAMEWORK@Framework@0|6,status=0, args=(<ipsframework.cca_es_spec.Topic object at 0x14e1e9e70340>,), message_id=RESPONSE|FRAMEWORK@Framework@0|fastran_000001@fastran@9|1064)
2026-02-12 12:36:31,110 fastran_tr_fastran_9 DEBUG    _invoke_service(): sendEvent  ('_IPS_MONITOR', 'PORTAL_EVENT', {'sim_name': 'fastran_000001', 'real_sim_name': 'fastran_000001', 'portal_data': {'code': 'fastran_tr_fastran', 'eventtype': 'IPS_LAUNCH_TASK', 'ok': True, 'walltime': '138.30', 'time': '2026-02-12|12:36:31PST', 'state': 'Running', 'comment': 'task_id = 25 , Tag = None , nproc = 1 , Target = srun -N 1 -n 1 -c 128 --threads-per-core=1 --cpu-bind=cores /global/common/software/atom/perlmutter/binaries/fastran/default/xfastran_ver1.00 1 1'}})
2026-02-12 12:36:31,110 fastran_tr_fastran_9 DEBUG    _get_service_response(REQUEST|fastran_000001@fastran@9|FRAMEWORK@Framework@0|7)
2026-02-12 12:36:31,121 fastran_tr_fastran_9 DEBUG    _get_service_response(REQUEST|fastran_000001@fastran@9|FRAMEWORK@Framework@0|7), response = ServiceResponseMessage(sender_id=FRAMEWORK@Framework@0, receiver_id=fastran_000001@fastran@9, request_msg_id=REQUEST|fastran_000001@fastran@9|FRAMEWORK@Framework@0|7,status=0, args=(None,), message_id=RESPONSE|FRAMEWORK@Framework@0|fastran_000001@fastran@9|1065)
2026-02-12 12:36:31,413 fastran_tr_fastran_9 DEBUG    _invoke_service(): getTopic  ('_IPS_MONITOR',)
2026-02-12 12:36:31,413 fastran_tr_fastran_9 DEBUG    _get_service_response(REQUEST|fastran_000001@fastran@9|FRAMEWORK@Framework@0|8)
2026-02-12 12:36:31,424 fastran_tr_fastran_9 DEBUG    _get_service_response(REQUEST|fastran_000001@fastran@9|FRAMEWORK@Framework@0|8), response = ServiceResponseMessage(sender_id=FRAMEWORK@Framework@0, receiver_id=fastran_000001@fastran@9, request_msg_id=REQUEST|fastran_000001@fastran@9|FRAMEWORK@Framework@0|8,status=0, args=(<ipsframework.cca_es_spec.Topic object at 0x14e1e9e70850>,), message_id=RESPONSE|FRAMEWORK@Framework@0|fastran_000001@fastran@9|1066)
2026-02-12 12:36:31,424 fastran_tr_fastran_9 DEBUG    _invoke_service(): sendEvent  ('_IPS_MONITOR', 'PORTAL_EVENT', {'sim_name': 'fastran_000001', 'real_sim_name': 'fastran_000001', 'portal_data': {'code': 'fastran_tr_fastran', 'eventtype': 'IPS_TASK_END', 'ok': True, 'walltime': '138.61', 'time': '2026-02-12|12:36:31PST', 'trace': {'timestamp': 1770928591099500, 'duration': 313865, 'localEndpoint': {'serviceName': '/global/common/software/atom/perlmutter/binaries/fastran/default/xfastran_ver1.00'}, 'name': '1 1', 'id': '36d19a4eaca065f0', 'parentId': '0b7846590954609c', 'tags': {'procs_requested': '1', 'cores_allocated': '128'}}, 'state': 'Running', 'comment': 'task_id = 25  elapsed time = 0.31 S'}})
2026-02-12 12:36:31,424 fastran_tr_fastran_9 DEBUG    _get_service_response(REQUEST|fastran_000001@fastran@9|FRAMEWORK@Framework@0|9)
2026-02-12 12:36:31,434 fastran_tr_fastran_9 DEBUG    _get_service_response(REQUEST|fastran_000001@fastran@9|FRAMEWORK@Framework@0|9), response = ServiceResponseMessage(sender_id=FRAMEWORK@Framework@0, receiver_id=fastran_000001@fastran@9, request_msg_id=REQUEST|fastran_000001@fastran@9|FRAMEWORK@Framework@0|9,status=0, args=(None,), message_id=RESPONSE|FRAMEWORK@Framework@0|fastran_000001@fastran@9|1067)
2026-02-12 12:36:31,435 fastran_tr_fastran_9 DEBUG    _invoke_service(): finish_task  (25, 0)
2026-02-12 12:36:31,435 fastran_tr_fastran_9 DEBUG    _get_service_response(REQUEST|fastran_000001@fastran@9|FRAMEWORK@Framework@0|10)
2026-02-12 12:36:31,446 fastran_tr_fastran_9 DEBUG    _get_service_response(REQUEST|fastran_000001@fastran@9|FRAMEWORK@Framework@0|10), response = ServiceResponseMessage(sender_id=FRAMEWORK@Framework@0, receiver_id=fastran_000001@fastran@9, request_msg_id=REQUEST|fastran_000001@fastran@9|FRAMEWORK@Framework@0|10,status=0, args=(0,), message_id=RESPONSE|FRAMEWORK@Framework@0|fastran_000001@fastran@9|1068)
2026-02-12 12:36:31,739 fastran_tr_fastran_9 DEBUG    _invoke_service(): update_state  (['s000001.00001', 'g000001.00001', 'i000001.00001'], '/pscratch/sd/y/yashu_gh/FREDA_KSTAR_2/ips-fastran/examples/far3d/example1/SCAN/work/fastran_tr_fastran_9', '/pscratch/sd/y/yashu_gh/FREDA_KSTAR_2/ips-fastran/examples/far3d/example1/SCAN/work/plasma_state')
2026-02-12 12:36:31,739 fastran_tr_fastran_9 DEBUG    _get_service_response(REQUEST|fastran_000001@fastran@9|FRAMEWORK@Framework@0|11)
2026-02-12 12:36:31,760 fastran_tr_fastran_9 DEBUG    _get_service_response(REQUEST|fastran_000001@fastran@9|FRAMEWORK@Framework@0|11), response = ServiceResponseMessage(sender_id=FRAMEWORK@Framework@0, receiver_id=fastran_000001@fastran@9, request_msg_id=REQUEST|fastran_000001@fastran@9|FRAMEWORK@Framework@0|11,status=0, args=(0,), message_id=RESPONSE|FRAMEWORK@Framework@0|fastran_000001@fastran@9|1070)
2026-02-12 12:36:31,761 fastran_tr_fastran_9 DEBUG    _invoke_service(): getTopic  ('_IPS_MONITOR',)
2026-02-12 12:36:31,761 fastran_tr_fastran_9 DEBUG    _get_service_response(REQUEST|fastran_000001@fastran@9|FRAMEWORK@Framework@0|12)
2026-02-12 12:36:31,771 fastran_tr_fastran_9 DEBUG    _get_service_response(REQUEST|fastran_000001@fastran@9|FRAMEWORK@Framework@0|12), response = ServiceResponseMessage(sender_id=FRAMEWORK@Framework@0, receiver_id=fastran_000001@fastran@9, request_msg_id=REQUEST|fastran_000001@fastran@9|FRAMEWORK@Framework@0|12,status=0, args=(<ipsframework.cca_es_spec.Topic object at 0x14e1e9e63bb0>,), message_id=RESPONSE|FRAMEWORK@Framework@0|fastran_000001@fastran@9|1071)
2026-02-12 12:36:31,771 fastran_tr_fastran_9 DEBUG    _invoke_service(): sendEvent  ('_IPS_MONITOR', 'PORTAL_EVENT', {'sim_name': 'fastran_000001', 'real_sim_name': 'fastran_000001', 'portal_data': {'code': 'fastran_tr_fastran', 'eventtype': 'IPS_UPDATE_STATE', 'ok': True, 'walltime': '138.96', 'time': '2026-02-12|12:36:31PST', 'trace': {'timestamp': 1770928591739653, 'duration': 21303, 'localEndpoint': {'serviceName': 'update_state'}, 'name': "['s000001.00001', 'g000001.00001', 'i000001.00001']", 'id': '7629e189a66153c0', 'parentId': '0b7846590954609c', 'tags': {}}, 'state': 'Running', 'comment': 'Elapsed time = 0.021   files = s000001.00001 g000001.00001 i000001.00001 Success'}})
2026-02-12 12:36:31,771 fastran_tr_fastran_9 DEBUG    _get_service_response(REQUEST|fastran_000001@fastran@9|FRAMEWORK@Framework@0|13)
2026-02-12 12:36:31,782 fastran_tr_fastran_9 DEBUG    _get_service_response(REQUEST|fastran_000001@fastran@9|FRAMEWORK@Framework@0|13), response = ServiceResponseMessage(sender_id=FRAMEWORK@Framework@0, receiver_id=fastran_000001@fastran@9, request_msg_id=REQUEST|fastran_000001@fastran@9|FRAMEWORK@Framework@0|13,status=0, args=(None,), message_id=RESPONSE|FRAMEWORK@Framework@0|fastran_000001@fastran@9|1072)
2026-02-12 12:36:31,806 fastran_tr_fastran_9 DEBUG    _invoke_service(): getTopic  ('_IPS_MONITOR',)
2026-02-12 12:36:31,806 fastran_tr_fastran_9 DEBUG    _get_service_response(REQUEST|fastran_000001@fastran@9|FRAMEWORK@Framework@0|14)
2026-02-12 12:36:31,816 fastran_tr_fastran_9 DEBUG    _get_service_response(REQUEST|fastran_000001@fastran@9|FRAMEWORK@Framework@0|14), response = ServiceResponseMessage(sender_id=FRAMEWORK@Framework@0, receiver_id=fastran_000001@fastran@9, request_msg_id=REQUEST|fastran_000001@fastran@9|FRAMEWORK@Framework@0|14,status=0, args=(<ipsframework.cca_es_spec.Topic object at 0x14e1e9e63c40>,), message_id=RESPONSE|FRAMEWORK@Framework@0|fastran_000001@fastran@9|1073)
2026-02-12 12:36:31,816 fastran_tr_fastran_9 DEBUG    _invoke_service(): sendEvent  ('_IPS_MONITOR', 'PORTAL_EVENT', {'sim_name': 'fastran_000001', 'real_sim_name': 'fastran_000001', 'portal_data': {'code': 'fastran_tr_fastran', 'eventtype': 'IPS_STAGE_OUTPUTS', 'ok': True, 'walltime': '139.00', 'time': '2026-02-12|12:36:31PST', 'trace': {'timestamp': 1770928591782508, 'duration': 23498, 'localEndpoint': {'serviceName': 'stage_output_files'}, 'name': "['fastran.nc', 'inprof', 'inmetric', 'infastran', 'intglf', 'xfastran.log', 'i000001.00001']", 'id': '7349cfaaafc33980', 'parentId': '0b7846590954609c', 'tags': {}}, 'state': 'Running', 'comment': "Elapsed time = 0.023 Path = /pscratch/sd/y/yashu_gh/FREDA_KSTAR_2/ips-fastran/examples/far3d/example1/SCAN/simulation_results/0/components/fastran_tr_fastran_9 Files = ['fastran.nc', 'inprof', 'inmetric', 'infastran', 'intglf', 'xfastran.log', 'i000001.00001']"}})
2026-02-12 12:36:31,816 fastran_tr_fastran_9 DEBUG    _get_service_response(REQUEST|fastran_000001@fastran@9|FRAMEWORK@Framework@0|15)
2026-02-12 12:36:31,827 fastran_tr_fastran_9 DEBUG    _get_service_response(REQUEST|fastran_000001@fastran@9|FRAMEWORK@Framework@0|15), response = ServiceResponseMessage(sender_id=FRAMEWORK@Framework@0, receiver_id=fastran_000001@fastran@9, request_msg_id=REQUEST|fastran_000001@fastran@9|FRAMEWORK@Framework@0|15,status=0, args=(None,), message_id=RESPONSE|FRAMEWORK@Framework@0|fastran_000001@fastran@9|1074)
2026-02-12 12:36:31,837 fastran_driver_fastran_driver_2 DEBUG    _get_service_response(REQUEST|fastran_000001@fastran_driver@2|FRAMEWORK@Framework@0|312), response = ServiceResponseMessage(sender_id=FRAMEWORK@Framework@0, receiver_id=fastran_000001@fastran_driver@2, request_msg_id=REQUEST|fastran_000001@fastran_driver@2|FRAMEWORK@Framework@0|312,status=0, args=((None,),), message_id=RESPONSE|FRAMEWORK@Framework@0|fastran_000001@fastran_driver@2|1075)
2026-02-12 12:36:31,838 fastran_driver_fastran_driver_2 DEBUG    _invoke_service(): getTopic  ('_IPS_MONITOR',)
2026-02-12 12:36:31,838 fastran_driver_fastran_driver_2 DEBUG    _get_service_response(REQUEST|fastran_000001@fastran_driver@2|FRAMEWORK@Framework@0|313)
2026-02-12 12:36:31,848 fastran_driver_fastran_driver_2 DEBUG    _get_service_response(REQUEST|fastran_000001@fastran_driver@2|FRAMEWORK@Framework@0|313), response = ServiceResponseMessage(sender_id=FRAMEWORK@Framework@0, receiver_id=fastran_000001@fastran_driver@2, request_msg_id=REQUEST|fastran_000001@fastran_driver@2|FRAMEWORK@Framework@0|313,status=0, args=(<ipsframework.cca_es_spec.Topic object at 0x14e1e9e3ad30>,), message_id=RESPONSE|FRAMEWORK@Framework@0|fastran_000001@fastran_driver@2|1076)
2026-02-12 12:36:31,849 fastran_driver_fastran_driver_2 DEBUG    _invoke_service(): sendEvent  ('_IPS_MONITOR', 'PORTAL_EVENT', {'sim_name': 'fastran_000001', 'real_sim_name': 'fastran_000001', 'portal_data': {'code': 'fastran_driver_fastran_driver', 'eventtype': 'IPS_CALL_END', 'ok': True, 'walltime': '139.04', 'time': '2026-02-12|12:36:31PST', 'trace': {'timestamp': 1770928590737861, 'duration': 1100123, 'localEndpoint': {'serviceName': 'fastran_000001@fastran@9'}, 'name': 'step(0)', 'id': '0b7846590954609c', 'parentId': '15e0663de819b9fa', 'tags': {}}, 'state': 'Running', 'comment': 'Target = fastran_000001@fastran@9:step(0)'}})
2026-02-12 12:36:31,849 fastran_driver_fastran_driver_2 DEBUG    _get_service_response(REQUEST|fastran_000001@fastran_driver@2|FRAMEWORK@Framework@0|314)
2026-02-12 12:36:31,860 fastran_driver_fastran_driver_2 DEBUG    _get_service_response(REQUEST|fastran_000001@fastran_driver@2|FRAMEWORK@Framework@0|314), response = ServiceResponseMessage(sender_id=FRAMEWORK@Framework@0, receiver_id=fastran_000001@fastran_driver@2, request_msg_id=REQUEST|fastran_000001@fastran_driver@2|FRAMEWORK@Framework@0|314,status=0, args=(None,), message_id=RESPONSE|FRAMEWORK@Framework@0|fastran_000001@fastran_driver@2|1077)
2026-02-12 12:36:31,860 fastran_driver_fastran_driver_2 DEBUG    _invoke_service(): getTopic  ('_IPS_MONITOR',)
2026-02-12 12:36:31,860 fastran_driver_fastran_driver_2 DEBUG    _get_service_response(REQUEST|fastran_000001@fastran_driver@2|FRAMEWORK@Framework@0|315)
2026-02-12 12:36:31,871 fastran_driver_fastran_driver_2 DEBUG    _get_service_response(REQUEST|fastran_000001@fastran_driver@2|FRAMEWORK@Framework@0|315), response = ServiceResponseMessage(sender_id=FRAMEWORK@Framework@0, receiver_id=fastran_000001@fastran_driver@2, request_msg_id=REQUEST|fastran_000001@fastran_driver@2|FRAMEWORK@Framework@0|315,status=0, args=(<ipsframework.cca_es_spec.Topic object at 0x14e1e9e3ad90>,), message_id=RESPONSE|FRAMEWORK@Framework@0|fastran_000001@fastran_driver@2|1078)
2026-02-12 12:36:31,871 fastran_driver_fastran_driver_2 DEBUG    _invoke_service(): sendEvent  ('_IPS_MONITOR', 'PORTAL_EVENT', {'sim_name': 'fastran_000001', 'real_sim_name': 'fastran_000001', 'portal_data': {'code': 'fastran_driver_fastran_driver', 'eventtype': 'IPS_CALL_BEGIN', 'ok': True, 'walltime': '139.06', 'time': '2026-02-12|12:36:31PST', 'state': 'Running', 'comment': 'Target = fastran_000001@far3d@10:step(0)'}})
2026-02-12 12:36:31,871 fastran_driver_fastran_driver_2 DEBUG    _get_service_response(REQUEST|fastran_000001@fastran_driver@2|FRAMEWORK@Framework@0|316)
2026-02-12 12:36:31,882 fastran_driver_fastran_driver_2 DEBUG    _get_service_response(REQUEST|fastran_000001@fastran_driver@2|FRAMEWORK@Framework@0|316), response = ServiceResponseMessage(sender_id=FRAMEWORK@Framework@0, receiver_id=fastran_000001@fastran_driver@2, request_msg_id=REQUEST|fastran_000001@fastran_driver@2|FRAMEWORK@Framework@0|316,status=0, args=(None,), message_id=RESPONSE|FRAMEWORK@Framework@0|fastran_000001@fastran_driver@2|1079)
2026-02-12 12:36:31,882 fastran_driver_fastran_driver_2 DEBUG    _invoke_service(): init_call  ('step', 0)
2026-02-12 12:36:31,882 fastran_driver_fastran_driver_2 DEBUG    _get_service_response(REQUEST|fastran_000001@fastran_driver@2|FRAMEWORK@Framework@0|317)
2026-02-12 12:36:31,883 fastran_ep_far3d_10 DEBUG    Received Message 
2026-02-12 12:36:31,883 fastran_ep_far3d_10 DEBUG    Calling method step(0)
2026-02-12 12:36:31,892 fastran_ep_far3d_10 DEBUG    _invoke_service(): stage_state  (['s000001.00001', 'g000001.00001', 'i000001.00001'], '/pscratch/sd/y/yashu_gh/FREDA_KSTAR_2/ips-fastran/examples/far3d/example1/SCAN/work/plasma_state', '/pscratch/sd/y/yashu_gh/FREDA_KSTAR_2/ips-fastran/examples/far3d/example1/SCAN/work/fastran_ep_far3d_10')
2026-02-12 12:36:31,892 fastran_ep_far3d_10 DEBUG    _get_service_response(REQUEST|fastran_000001@far3d@10|FRAMEWORK@Framework@0|0)
2026-02-12 12:36:31,893 fastran_driver_fastran_driver_2 DEBUG    _get_service_response(REQUEST|fastran_000001@fastran_driver@2|FRAMEWORK@Framework@0|317), response = ServiceResponseMessage(sender_id=FRAMEWORK@Framework@0, receiver_id=fastran_000001@fastran_driver@2, request_msg_id=REQUEST|fastran_000001@fastran_driver@2|FRAMEWORK@Framework@0|317,status=0, args=(53,), message_id=RESPONSE|FRAMEWORK@Framework@0|fastran_000001@fastran_driver@2|1080)
2026-02-12 12:36:31,893 fastran_driver_fastran_driver_2 DEBUG    _invoke_service(): wait_call  (53, True)
2026-02-12 12:36:31,893 fastran_driver_fastran_driver_2 DEBUG    _get_service_response(REQUEST|fastran_000001@fastran_driver@2|FRAMEWORK@Framework@0|318)
2026-02-12 12:36:31,914 fastran_ep_far3d_10 DEBUG    _get_service_response(REQUEST|fastran_000001@far3d@10|FRAMEWORK@Framework@0|0), response = ServiceResponseMessage(sender_id=FRAMEWORK@Framework@0, receiver_id=fastran_000001@far3d@10, request_msg_id=REQUEST|fastran_000001@far3d@10|FRAMEWORK@Framework@0|0,status=0, args=(0,), message_id=RESPONSE|FRAMEWORK@Framework@0|fastran_000001@far3d@10|1081)
2026-02-12 12:36:31,914 fastran_ep_far3d_10 DEBUG    _invoke_service(): getTopic  ('_IPS_MONITOR',)
2026-02-12 12:36:31,914 fastran_ep_far3d_10 DEBUG    _get_service_response(REQUEST|fastran_000001@far3d@10|FRAMEWORK@Framework@0|1)
2026-02-12 12:36:31,925 fastran_ep_far3d_10 DEBUG    _get_service_response(REQUEST|fastran_000001@far3d@10|FRAMEWORK@Framework@0|1), response = ServiceResponseMessage(sender_id=FRAMEWORK@Framework@0, receiver_id=fastran_000001@far3d@10, request_msg_id=REQUEST|fastran_000001@far3d@10|FRAMEWORK@Framework@0|1,status=0, args=(<ipsframework.cca_es_spec.Topic object at 0x14e1066c6a00>,), message_id=RESPONSE|FRAMEWORK@Framework@0|fastran_000001@far3d@10|1082)
2026-02-12 12:36:31,925 fastran_ep_far3d_10 DEBUG    _invoke_service(): sendEvent  ('_IPS_MONITOR', 'PORTAL_EVENT', {'sim_name': 'fastran_000001', 'real_sim_name': 'fastran_000001', 'portal_data': {'code': 'fastran_ep_far3d', 'eventtype': 'IPS_STAGE_STATE', 'ok': True, 'walltime': '139.11', 'time': '2026-02-12|12:36:31PST', 'trace': {'timestamp': 1770928591891725, 'duration': 22552, 'localEndpoint': {'serviceName': 'stage_state'}, 'name': "['s000001.00001', 'g000001.00001', 'i000001.00001']", 'id': '71885aecf25d7412', 'parentId': 'c694c3de868de874', 'tags': {}}, 'state': 'Running', 'comment': 'Elapsed time = 0.023  files = s000001.00001 g000001.00001 i000001.00001 Success'}})
2026-02-12 12:36:31,925 fastran_ep_far3d_10 DEBUG    _get_service_response(REQUEST|fastran_000001@far3d@10|FRAMEWORK@Framework@0|2)
2026-02-12 12:36:31,936 fastran_ep_far3d_10 DEBUG    _get_service_response(REQUEST|fastran_000001@far3d@10|FRAMEWORK@Framework@0|2), response = ServiceResponseMessage(sender_id=FRAMEWORK@Framework@0, receiver_id=fastran_000001@far3d@10, request_msg_id=REQUEST|fastran_000001@far3d@10|FRAMEWORK@Framework@0|2,status=0, args=(None,), message_id=RESPONSE|FRAMEWORK@Framework@0|fastran_000001@far3d@10|1083)
2026-02-12 12:36:31,946 fastran_ep_far3d_10 DEBUG    _invoke_service(): getTopic  ('_IPS_MONITOR',)
2026-02-12 12:36:31,946 fastran_ep_far3d_10 DEBUG    _get_service_response(REQUEST|fastran_000001@far3d@10|FRAMEWORK@Framework@0|3)
2026-02-12 12:36:31,956 fastran_ep_far3d_10 DEBUG    _get_service_response(REQUEST|fastran_000001@far3d@10|FRAMEWORK@Framework@0|3), response = ServiceResponseMessage(sender_id=FRAMEWORK@Framework@0, receiver_id=fastran_000001@far3d@10, request_msg_id=REQUEST|fastran_000001@far3d@10|FRAMEWORK@Framework@0|3,status=0, args=(<ipsframework.cca_es_spec.Topic object at 0x14e1066d3700>,), message_id=RESPONSE|FRAMEWORK@Framework@0|fastran_000001@far3d@10|1084)
2026-02-12 12:36:31,956 fastran_ep_far3d_10 DEBUG    _invoke_service(): sendEvent  ('_IPS_MONITOR', 'PORTAL_EVENT', {'sim_name': 'fastran_000001', 'real_sim_name': 'fastran_000001', 'portal_data': {'code': 'fastran_ep_far3d', 'eventtype': 'IPS_STAGE_INPUTS', 'ok': True, 'walltime': '139.14', 'time': '2026-02-12|12:36:31PST', 'trace': {'timestamp': 1770928591936185, 'duration': 9771, 'localEndpoint': {'serviceName': 'stage_input_files'}, 'name': 'Input_Model_namelist output_file.txt', 'id': '1eece87e4791644e', 'parentId': 'c694c3de868de874', 'tags': {}}, 'state': 'Running', 'comment': 'Elapsed time = 0.010 Path = /pscratch/sd/y/yashu_gh/FREDA_KSTAR_2/ips-fastran/examples/far3d/example1/input Files = Input_Model_namelist output_file.txt'}})
2026-02-12 12:36:31,956 fastran_ep_far3d_10 DEBUG    _get_service_response(REQUEST|fastran_000001@far3d@10|FRAMEWORK@Framework@0|4)
2026-02-12 12:36:31,967 fastran_ep_far3d_10 DEBUG    _get_service_response(REQUEST|fastran_000001@far3d@10|FRAMEWORK@Framework@0|4), response = ServiceResponseMessage(sender_id=FRAMEWORK@Framework@0, receiver_id=fastran_000001@far3d@10, request_msg_id=REQUEST|fastran_000001@far3d@10|FRAMEWORK@Framework@0|4,status=0, args=(None,), message_id=RESPONSE|FRAMEWORK@Framework@0|fastran_000001@far3d@10|1085)
2026-02-12 12:38:43,633 fastran_ep_far3d_10 DEBUG    _invoke_service(): get_config_parameter  ('DASK_NODES',)
2026-02-12 12:38:43,633 fastran_ep_far3d_10 DEBUG    _get_service_response(REQUEST|fastran_000001@far3d@10|FRAMEWORK@Framework@0|5)
2026-02-12 12:38:43,646 fastran_ep_far3d_10 DEBUG    _get_service_response(REQUEST|fastran_000001@far3d@10|FRAMEWORK@Framework@0|5), response = ServiceResponseMessage(sender_id=FRAMEWORK@Framework@0, receiver_id=fastran_000001@far3d@10, request_msg_id=REQUEST|fastran_000001@far3d@10|FRAMEWORK@Framework@0|5,status=1, args=(KeyError('DASK_NODES'),), message_id=RESPONSE|FRAMEWORK@Framework@0|fastran_000001@far3d@10|1344)
2026-02-12 12:38:43,646 fastran_ep_far3d_10 DEBUG    ###### Raising 'DASK_NODES'
2026-02-12 12:38:43,647 fastran_ep_far3d_10 ERROR    Error retrieving value of config parameter DASK_NODES
Traceback (most recent call last):
  File "/global/common/software/atom/perlmutter/cesol/conda/v0.16.2/lib/python3.8/site-packages/ipsframework/services.py", line 1024, in get_config_param
    val = self.sim_conf[param]
  File "/global/common/software/atom/perlmutter/cesol/conda/v0.16.2/lib/python3.8/site-packages/configobj/__init__.py", line 549, in __getitem__
    val = dict.__getitem__(self, key)
KeyError: 'DASK_NODES'

During handling of the above exception, another exception occurred:

Traceback (most recent call last):
  File "/global/common/software/atom/perlmutter/cesol/conda/v0.16.2/lib/python3.8/site-packages/ipsframework/services.py", line 1029, in get_config_param
    val = self._get_service_response(msg_id, block=True)
  File "/global/common/software/atom/perlmutter/cesol/conda/v0.16.2/lib/python3.8/site-packages/ipsframework/services.py", line 389, in _get_service_response
    raise response.args[0]
  File "/global/common/software/atom/perlmutter/cesol/conda/v0.16.2/lib/python3.8/site-packages/ipsframework/ips.py", line 260, in _dispatch_service_request
    ret_val = handler(msg)
  File "/global/common/software/atom/perlmutter/cesol/conda/v0.16.2/lib/python3.8/site-packages/ipsframework/configurationManager.py", line 593, in process_service_request
    retval = method(sim_name, *msg.args)
  File "/global/common/software/atom/perlmutter/cesol/conda/v0.16.2/lib/python3.8/site-packages/ipsframework/configurationManager.py", line 684, in get_config_parameter
    return self.get_sim_parameter(sim_name, param)
  File "/global/common/software/atom/perlmutter/cesol/conda/v0.16.2/lib/python3.8/site-packages/ipsframework/configurationManager.py", line 573, in get_sim_parameter
    val = self.platform_conf[param]
  File "/global/common/software/atom/perlmutter/cesol/conda/v0.16.2/lib/python3.8/site-packages/configobj/__init__.py", line 549, in __getitem__
    val = dict.__getitem__(self, key)
KeyError: 'DASK_NODES'
2026-02-12 12:38:43,667 fastran_ep_far3d_10 DEBUG    _invoke_service(): getTopic  ('_IPS_MONITOR',)
2026-02-12 12:38:43,668 fastran_ep_far3d_10 DEBUG    _get_service_response(REQUEST|fastran_000001@far3d@10|FRAMEWORK@Framework@0|6)
2026-02-12 12:38:43,678 fastran_ep_far3d_10 DEBUG    _get_service_response(REQUEST|fastran_000001@far3d@10|FRAMEWORK@Framework@0|6), response = ServiceResponseMessage(sender_id=FRAMEWORK@Framework@0, receiver_id=fastran_000001@far3d@10, request_msg_id=REQUEST|fastran_000001@far3d@10|FRAMEWORK@Framework@0|6,status=0, args=(<ipsframework.cca_es_spec.Topic object at 0x14e0fe611460>,), message_id=RESPONSE|FRAMEWORK@Framework@0|fastran_000001@far3d@10|1345)
2026-02-12 12:38:43,678 fastran_ep_far3d_10 DEBUG    _invoke_service(): sendEvent  ('_IPS_MONITOR', 'PORTAL_EVENT', {'sim_name': 'fastran_000001', 'real_sim_name': 'fastran_000001', 'portal_data': {'code': 'fastran_ep_far3d', 'eventtype': 'IPS_TASK_POOL_BEGIN', 'ok': True, 'walltime': '270.87', 'time': '2026-02-12|12:38:43PST', 'state': 'Running', 'comment': 'task_pool = far3d_pool '}})
2026-02-12 12:38:43,678 fastran_ep_far3d_10 DEBUG    _get_service_response(REQUEST|fastran_000001@far3d@10|FRAMEWORK@Framework@0|7)
2026-02-12 12:38:43,689 fastran_ep_far3d_10 DEBUG    _get_service_response(REQUEST|fastran_000001@far3d@10|FRAMEWORK@Framework@0|7), response = ServiceResponseMessage(sender_id=FRAMEWORK@Framework@0, receiver_id=fastran_000001@far3d@10, request_msg_id=REQUEST|fastran_000001@far3d@10|FRAMEWORK@Framework@0|7,status=0, args=(None,), message_id=RESPONSE|FRAMEWORK@Framework@0|fastran_000001@far3d@10|1346)
2026-02-12 12:38:43,703 fastran_ep_far3d_10 DEBUG    _invoke_service(): init_task  (TaskInit(nproc=1, binary='/global/common/software/atom/perlmutter/cesol/conda/dev/bin/dask-worker', working_dir='/pscratch/sd/y/yashu_gh/FREDA_KSTAR_2/ips-fastran/examples/far3d/example1/SCAN/work/fastran_ep_far3d_10', tppn=1, tcpp=0, tgpp=0, block=True, omp=False, wnodes=True, wsocks=True, cmd_args=('--scheduler-file', '/pscratch/sd/y/yashu_gh/FREDA_KSTAR_2/ips-fastran/examples/far3d/example1/SCAN/work/fastran_ep_far3d_10/.far3d_pool_dask_shed_1770928723.6893637.json', '--nworkers', '1', '--nthreads', '128', '--no-dashboard')),)
2026-02-12 12:38:43,704 fastran_ep_far3d_10 DEBUG    _get_service_response(REQUEST|fastran_000001@far3d@10|FRAMEWORK@Framework@0|8)
2026-02-12 12:38:43,715 fastran_ep_far3d_10 DEBUG    _get_service_response(REQUEST|fastran_000001@far3d@10|FRAMEWORK@Framework@0|8), response = ServiceResponseMessage(sender_id=FRAMEWORK@Framework@0, receiver_id=fastran_000001@far3d@10, request_msg_id=REQUEST|fastran_000001@far3d@10|FRAMEWORK@Framework@0|8,status=0, args=((26, 'srun -N 1 -n 1 -c 128 --threads-per-core=1 --cpu-bind=cores /global/common/software/atom/perlmutter/cesol/conda/dev/bin/dask-worker --scheduler-file /pscratch/sd/y/yashu_gh/FREDA_KSTAR_2/ips-fastran/examples/far3d/example1/SCAN/work/fastran_ep_far3d_10/.far3d_pool_dask_shed_1770928723.6893637.json --nworkers 1 --nthreads 128 --no-dashboard', None, 128),), message_id=RESPONSE|FRAMEWORK@Framework@0|fastran_000001@far3d@10|1347)
2026-02-12 12:38:43,715 fastran_ep_far3d_10 DEBUG    Launching command : srun -N 1 -n 1 -c 128 --threads-per-core=1 --cpu-bind=cores /global/common/software/atom/perlmutter/cesol/conda/dev/bin/dask-worker --scheduler-file /pscratch/sd/y/yashu_gh/FREDA_KSTAR_2/ips-fastran/examples/far3d/example1/SCAN/work/fastran_ep_far3d_10/.far3d_pool_dask_shed_1770928723.6893637.json --nworkers 1 --nthreads 128 --no-dashboard
2026-02-12 12:38:43,760 fastran_ep_far3d_10 DEBUG    _invoke_service(): getTopic  ('_IPS_MONITOR',)
2026-02-12 12:38:43,760 fastran_ep_far3d_10 DEBUG    _get_service_response(REQUEST|fastran_000001@far3d@10|FRAMEWORK@Framework@0|9)
2026-02-12 12:38:43,771 fastran_ep_far3d_10 DEBUG    _get_service_response(REQUEST|fastran_000001@far3d@10|FRAMEWORK@Framework@0|9), response = ServiceResponseMessage(sender_id=FRAMEWORK@Framework@0, receiver_id=fastran_000001@far3d@10, request_msg_id=REQUEST|fastran_000001@far3d@10|FRAMEWORK@Framework@0|9,status=0, args=(<ipsframework.cca_es_spec.Topic object at 0x14e0fe6116a0>,), message_id=RESPONSE|FRAMEWORK@Framework@0|fastran_000001@far3d@10|1348)
2026-02-12 12:38:43,771 fastran_ep_far3d_10 DEBUG    _invoke_service(): sendEvent  ('_IPS_MONITOR', 'PORTAL_EVENT', {'sim_name': 'fastran_000001', 'real_sim_name': 'fastran_000001', 'portal_data': {'code': 'fastran_ep_far3d', 'eventtype': 'IPS_LAUNCH_TASK', 'ok': True, 'walltime': '270.96', 'time': '2026-02-12|12:38:43PST', 'state': 'Running', 'comment': 'task_id = 26 , Tag = None , nproc = 1 , Target = srun -N 1 -n 1 -c 128 --threads-per-core=1 --cpu-bind=cores /global/common/software/atom/perlmutter/cesol/conda/dev/bin/dask-worker --scheduler-file /pscratch/sd/y/yashu_gh/FREDA_KSTAR_2/ips-fastran/examples/far3d/example1/SCAN/work/fastran_ep_far3d_10/.far3d_pool_dask_shed_1770928723.6893637.json --nworkers 1 --nthreads 128 --no-dashboard'}})
2026-02-12 12:38:43,771 fastran_ep_far3d_10 DEBUG    _get_service_response(REQUEST|fastran_000001@far3d@10|FRAMEWORK@Framework@0|10)
2026-02-12 12:38:43,782 fastran_ep_far3d_10 DEBUG    _get_service_response(REQUEST|fastran_000001@far3d@10|FRAMEWORK@Framework@0|10), response = ServiceResponseMessage(sender_id=FRAMEWORK@Framework@0, receiver_id=fastran_000001@far3d@10, request_msg_id=REQUEST|fastran_000001@far3d@10|FRAMEWORK@Framework@0|10,status=0, args=(None,), message_id=RESPONSE|FRAMEWORK@Framework@0|fastran_000001@far3d@10|1349)
2026-02-12 12:38:45,089 fastran_ep_far3d_10 DEBUG    _invoke_service(): get_config_parameter  ('PORTAL_RUNID',)
2026-02-12 12:38:45,089 fastran_ep_far3d_10 DEBUG    _get_service_response(REQUEST|fastran_000001@far3d@10|FRAMEWORK@Framework@0|11)
2026-02-12 12:38:45,100 fastran_ep_far3d_10 DEBUG    _get_service_response(REQUEST|fastran_000001@far3d@10|FRAMEWORK@Framework@0|11), response = ServiceResponseMessage(sender_id=FRAMEWORK@Framework@0, receiver_id=fastran_000001@far3d@10, request_msg_id=REQUEST|fastran_000001@far3d@10|FRAMEWORK@Framework@0|11,status=0, args=('fastran_000001_perlmutter_yashu_gh_2026-02-12T12:34:19.028',), message_id=RESPONSE|FRAMEWORK@Framework@0|fastran_000001@far3d@10|1353)
2026-02-12 12:38:45,114 fastran_ep_far3d_10 DEBUG    _invoke_service(): getTopic  ('_IPS_MONITOR',)
2026-02-12 12:38:45,114 fastran_ep_far3d_10 DEBUG    _get_service_response(REQUEST|fastran_000001@far3d@10|FRAMEWORK@Framework@0|12)
2026-02-12 12:38:45,125 fastran_ep_far3d_10 DEBUG    _get_service_response(REQUEST|fastran_000001@far3d@10|FRAMEWORK@Framework@0|12), response = ServiceResponseMessage(sender_id=FRAMEWORK@Framework@0, receiver_id=fastran_000001@far3d@10, request_msg_id=REQUEST|fastran_000001@far3d@10|FRAMEWORK@Framework@0|12,status=0, args=(<ipsframework.cca_es_spec.Topic object at 0x14e0fe5672b0>,), message_id=RESPONSE|FRAMEWORK@Framework@0|fastran_000001@far3d@10|1354)
2026-02-12 12:38:45,125 fastran_ep_far3d_10 DEBUG    _invoke_service(): sendEvent  ('_IPS_MONITOR', 'PORTAL_EVENT', {'sim_name': 'fastran_000001', 'real_sim_name': 'fastran_000001', 'portal_data': {'code': 'fastran_ep_far3d', 'eventtype': 'IPS_TASK_POOL_END', 'ok': True, 'walltime': '272.31', 'time': '2026-02-12|12:38:45PST', 'state': 'Running', 'comment': 'task_pool = far3d_pool  elapsed time = 1.45 S'}})
2026-02-12 12:38:45,125 fastran_ep_far3d_10 DEBUG    _get_service_response(REQUEST|fastran_000001@far3d@10|FRAMEWORK@Framework@0|13)
2026-02-12 12:38:45,136 fastran_ep_far3d_10 DEBUG    _get_service_response(REQUEST|fastran_000001@far3d@10|FRAMEWORK@Framework@0|13), response = ServiceResponseMessage(sender_id=FRAMEWORK@Framework@0, receiver_id=fastran_000001@far3d@10, request_msg_id=REQUEST|fastran_000001@far3d@10|FRAMEWORK@Framework@0|13,status=0, args=(None,), message_id=RESPONSE|FRAMEWORK@Framework@0|fastran_000001@far3d@10|1355)
2026-02-12 12:39:46,283 fastran_ep_far3d_10 ERROR    Error opening dask worker log file: fastran_000001_fastran_000001_perlmutter_yashu_gh_2026-02-12T12:34:19.028_far3d_pool_tcp128557113737255.json
Traceback (most recent call last):
  File "/global/common/software/atom/perlmutter/cesol/conda/v0.16.2/lib/python3.8/site-packages/ipsframework/services.py", line 2284, in get_dask_finished_tasks_status
    lines = open(filename).readlines()
FileNotFoundError: [Errno 2] No such file or directory: 'fastran_000001_fastran_000001_perlmutter_yashu_gh_2026-02-12T12:34:19.028_far3d_pool_tcp128557113737255.json'
2026-02-12 12:39:47,521 fastran_ep_far3d_10 DEBUG    _invoke_service(): getTopic  ('_IPS_MONITOR',)
2026-02-12 12:39:47,521 fastran_ep_far3d_10 DEBUG    _get_service_response(REQUEST|fastran_000001@far3d@10|FRAMEWORK@Framework@0|14)
2026-02-12 12:39:47,532 fastran_ep_far3d_10 DEBUG    _get_service_response(REQUEST|fastran_000001@far3d@10|FRAMEWORK@Framework@0|14), response = ServiceResponseMessage(sender_id=FRAMEWORK@Framework@0, receiver_id=fastran_000001@far3d@10, request_msg_id=REQUEST|fastran_000001@far3d@10|FRAMEWORK@Framework@0|14,status=0, args=(<ipsframework.cca_es_spec.Topic object at 0x14e0fe60ef40>,), message_id=RESPONSE|FRAMEWORK@Framework@0|fastran_000001@far3d@10|1478)
2026-02-12 12:39:47,533 fastran_ep_far3d_10 DEBUG    _invoke_service(): sendEvent  ('_IPS_MONITOR', 'PORTAL_EVENT', {'sim_name': 'fastran_000001', 'real_sim_name': 'fastran_000001', 'portal_data': {'code': 'fastran_ep_far3d', 'eventtype': 'IPS_TASK_END', 'ok': True, 'walltime': '334.72', 'time': '2026-02-12|12:39:47PST', 'trace': {'timestamp': 1770928723760497, 'duration': 63761120, 'localEndpoint': {'serviceName': '/global/common/software/atom/perlmutter/cesol/conda/dev/bin/dask-worker'}, 'name': '--scheduler-file /pscratch/sd/y/yashu_gh/FREDA_KSTAR_2/ips-fastran/examples/far3d/example1/SCAN/work/fastran_ep_far3d_10/.far3d_pool_dask_shed_1770928723.6893637.json --nworkers 1 --nthreads 128 --no-dashboard', 'id': '2f563535079d07c5', 'parentId': 'c694c3de868de874', 'tags': {'procs_requested': '1', 'cores_allocated': '128'}}, 'state': 'Running', 'comment': 'task_id = 26  elapsed time = 63.76 S'}})
2026-02-12 12:39:47,533 fastran_ep_far3d_10 DEBUG    _get_service_response(REQUEST|fastran_000001@far3d@10|FRAMEWORK@Framework@0|15)
2026-02-12 12:39:47,543 fastran_ep_far3d_10 DEBUG    _get_service_response(REQUEST|fastran_000001@far3d@10|FRAMEWORK@Framework@0|15), response = ServiceResponseMessage(sender_id=FRAMEWORK@Framework@0, receiver_id=fastran_000001@far3d@10, request_msg_id=REQUEST|fastran_000001@far3d@10|FRAMEWORK@Framework@0|15,status=0, args=(None,), message_id=RESPONSE|FRAMEWORK@Framework@0|fastran_000001@far3d@10|1479)
2026-02-12 12:39:47,543 fastran_ep_far3d_10 DEBUG    _invoke_service(): finish_task  (26, 0)
2026-02-12 12:39:47,543 fastran_ep_far3d_10 DEBUG    _get_service_response(REQUEST|fastran_000001@far3d@10|FRAMEWORK@Framework@0|16)
2026-02-12 12:39:47,554 fastran_ep_far3d_10 DEBUG    _get_service_response(REQUEST|fastran_000001@far3d@10|FRAMEWORK@Framework@0|16), response = ServiceResponseMessage(sender_id=FRAMEWORK@Framework@0, receiver_id=fastran_000001@far3d@10, request_msg_id=REQUEST|fastran_000001@far3d@10|FRAMEWORK@Framework@0|16,status=0, args=(0,), message_id=RESPONSE|FRAMEWORK@Framework@0|fastran_000001@far3d@10|1480)
2026-02-12 12:39:47,894 fastran_ep_far3d_10 DEBUG    _invoke_service(): update_state  (['s000001.00001', 'g000001.00001', 'i000001.00001'], '/pscratch/sd/y/yashu_gh/FREDA_KSTAR_2/ips-fastran/examples/far3d/example1/SCAN/work/fastran_ep_far3d_10', '/pscratch/sd/y/yashu_gh/FREDA_KSTAR_2/ips-fastran/examples/far3d/example1/SCAN/work/plasma_state')
2026-02-12 12:39:47,894 fastran_ep_far3d_10 DEBUG    _get_service_response(REQUEST|fastran_000001@far3d@10|FRAMEWORK@Framework@0|17)
2026-02-12 12:39:47,914 fastran_ep_far3d_10 DEBUG    _get_service_response(REQUEST|fastran_000001@far3d@10|FRAMEWORK@Framework@0|17), response = ServiceResponseMessage(sender_id=FRAMEWORK@Framework@0, receiver_id=fastran_000001@far3d@10, request_msg_id=REQUEST|fastran_000001@far3d@10|FRAMEWORK@Framework@0|17,status=0, args=(0,), message_id=RESPONSE|FRAMEWORK@Framework@0|fastran_000001@far3d@10|1482)
2026-02-12 12:39:47,914 fastran_ep_far3d_10 DEBUG    _invoke_service(): getTopic  ('_IPS_MONITOR',)
2026-02-12 12:39:47,914 fastran_ep_far3d_10 DEBUG    _get_service_response(REQUEST|fastran_000001@far3d@10|FRAMEWORK@Framework@0|18)
2026-02-12 12:39:47,925 fastran_ep_far3d_10 DEBUG    _get_service_response(REQUEST|fastran_000001@far3d@10|FRAMEWORK@Framework@0|18), response = ServiceResponseMessage(sender_id=FRAMEWORK@Framework@0, receiver_id=fastran_000001@far3d@10, request_msg_id=REQUEST|fastran_000001@far3d@10|FRAMEWORK@Framework@0|18,status=0, args=(<ipsframework.cca_es_spec.Topic object at 0x14e0fe567d00>,), message_id=RESPONSE|FRAMEWORK@Framework@0|fastran_000001@far3d@10|1483)
2026-02-12 12:39:47,925 fastran_ep_far3d_10 DEBUG    _invoke_service(): sendEvent  ('_IPS_MONITOR', 'PORTAL_EVENT', {'sim_name': 'fastran_000001', 'real_sim_name': 'fastran_000001', 'portal_data': {'code': 'fastran_ep_far3d', 'eventtype': 'IPS_UPDATE_STATE', 'ok': True, 'walltime': '335.11', 'time': '2026-02-12|12:39:47PST', 'trace': {'timestamp': 1770928787894157, 'duration': 20496, 'localEndpoint': {'serviceName': 'update_state'}, 'name': "['s000001.00001', 'g000001.00001', 'i000001.00001']", 'id': '7629e189a66153c0', 'parentId': 'c694c3de868de874', 'tags': {}}, 'state': 'Running', 'comment': 'Elapsed time = 0.020   files = s000001.00001 g000001.00001 i000001.00001 Success'}})
2026-02-12 12:39:47,925 fastran_ep_far3d_10 DEBUG    _get_service_response(REQUEST|fastran_000001@far3d@10|FRAMEWORK@Framework@0|19)
2026-02-12 12:39:47,936 fastran_ep_far3d_10 DEBUG    _get_service_response(REQUEST|fastran_000001@far3d@10|FRAMEWORK@Framework@0|19), response = ServiceResponseMessage(sender_id=FRAMEWORK@Framework@0, receiver_id=fastran_000001@far3d@10, request_msg_id=REQUEST|fastran_000001@far3d@10|FRAMEWORK@Framework@0|19,status=0, args=(None,), message_id=RESPONSE|FRAMEWORK@Framework@0|fastran_000001@far3d@10|1484)
2026-02-12 12:39:47,936 fastran_ep_far3d_10 ERROR    Uncaught Exception in component method.
Traceback (most recent call last):
  File "/global/common/software/atom/perlmutter/cesol/conda/v0.16.2/lib/python3.8/site-packages/ipsframework/component.py", line 139, in __run__
    retval = method(*self.args, **keywords)
  File "/pscratch/sd/y/yashu_gh/FREDA_KSTAR_2/ips-fastran/src/fastran/stability/far3d.py", line 221, in step
    self.run_far3d_with_dask(run_dirs, str(far3d_exe), dask_nodes)
  File "/pscratch/sd/y/yashu_gh/FREDA_KSTAR_2/ips-fastran/src/fastran/stability/far3d.py", line 308, in run_far3d_with_dask
    self.services.stage_output_files(timeid, self.OUTPUT_FILES, save_plasma_state=False)
NameError: name 'timeid' is not defined
2026-02-12 12:39:47,953 fastran_driver_fastran_driver_2 DEBUG    _get_service_response(REQUEST|fastran_000001@fastran_driver@2|FRAMEWORK@Framework@0|318), response = ServiceResponseMessage(sender_id=FRAMEWORK@Framework@0, receiver_id=fastran_000001@fastran_driver@2, request_msg_id=REQUEST|fastran_000001@fastran_driver@2|FRAMEWORK@Framework@0|318,status=1, args=(Exception(NameError("name 'timeid' is not defined")),), message_id=RESPONSE|FRAMEWORK@Framework@0|fastran_000001@fastran_driver@2|1485)
2026-02-12 12:39:47,954 fastran_driver_fastran_driver_2 DEBUG    ###### Raising name 'timeid' is not defined
2026-02-12 12:39:47,955 fastran_driver_fastran_driver_2 DEBUG    _invoke_service(): getTopic  ('_IPS_MONITOR',)
2026-02-12 12:39:47,955 fastran_driver_fastran_driver_2 DEBUG    _get_service_response(REQUEST|fastran_000001@fastran_driver@2|FRAMEWORK@Framework@0|319)
2026-02-12 12:39:47,966 fastran_driver_fastran_driver_2 DEBUG    _get_service_response(REQUEST|fastran_000001@fastran_driver@2|FRAMEWORK@Framework@0|319), response = ServiceResponseMessage(sender_id=FRAMEWORK@Framework@0, receiver_id=fastran_000001@fastran_driver@2, request_msg_id=REQUEST|fastran_000001@fastran_driver@2|FRAMEWORK@Framework@0|319,status=0, args=(<ipsframework.cca_es_spec.Topic object at 0x14e1e9e46640>,), message_id=RESPONSE|FRAMEWORK@Framework@0|fastran_000001@fastran_driver@2|1486)
2026-02-12 12:39:47,966 fastran_driver_fastran_driver_2 DEBUG    _invoke_service(): sendEvent  ('_IPS_MONITOR', 'PORTAL_EVENT', {'sim_name': 'fastran_000001', 'real_sim_name': 'fastran_000001', 'portal_data': {'code': 'fastran_driver_fastran_driver', 'eventtype': 'IPS_CALL_END', 'ok': False, 'walltime': '335.15', 'time': '2026-02-12|12:39:47PST', 'trace': {'timestamp': 1770928591893291, 'duration': 196061336, 'localEndpoint': {'serviceName': 'fastran_000001@far3d@10'}, 'name': 'step(0)', 'id': 'c694c3de868de874', 'parentId': '15e0663de819b9fa', 'tags': {}}, 'state': 'Running', 'comment': 'Error: "name \'timeid\' is not defined" Target = fastran_000001@far3d@10:step(0)'}})
2026-02-12 12:39:47,966 fastran_driver_fastran_driver_2 DEBUG    _get_service_response(REQUEST|fastran_000001@fastran_driver@2|FRAMEWORK@Framework@0|320)
2026-02-12 12:39:47,976 fastran_driver_fastran_driver_2 DEBUG    _get_service_response(REQUEST|fastran_000001@fastran_driver@2|FRAMEWORK@Framework@0|320), response = ServiceResponseMessage(sender_id=FRAMEWORK@Framework@0, receiver_id=fastran_000001@fastran_driver@2, request_msg_id=REQUEST|fastran_000001@fastran_driver@2|FRAMEWORK@Framework@0|320,status=0, args=(None,), message_id=RESPONSE|FRAMEWORK@Framework@0|fastran_000001@fastran_driver@2|1487)
2026-02-12 12:39:47,977 fastran_driver_fastran_driver_2 ERROR    EP step failed
Traceback (most recent call last):
  File "/pscratch/sd/y/yashu_gh/FREDA_KSTAR_2/ips-fastran/src/fastran/driver/fastran_driver.py", line 202, in component_call
    self.services.call(comp, mode, time)
  File "/global/common/software/atom/perlmutter/cesol/conda/v0.16.2/lib/python3.8/site-packages/ipsframework/services.py", line 527, in call
    retval = self.wait_call(call_id, block=True)
  File "/global/common/software/atom/perlmutter/cesol/conda/v0.16.2/lib/python3.8/site-packages/ipsframework/services.py", line 553, in wait_call
    response = self._get_service_response(msg_id, block=True)
  File "/global/common/software/atom/perlmutter/cesol/conda/v0.16.2/lib/python3.8/site-packages/ipsframework/services.py", line 389, in _get_service_response
    raise response.args[0]
  File "/global/common/software/atom/perlmutter/cesol/conda/v0.16.2/lib/python3.8/site-packages/ipsframework/ips.py", line 260, in _dispatch_service_request
    ret_val = handler(msg)
  File "/global/common/software/atom/perlmutter/cesol/conda/v0.16.2/lib/python3.8/site-packages/ipsframework/taskManager.py", line 66, in process_service_request
    retval = method(msg)
  File "/global/common/software/atom/perlmutter/cesol/conda/v0.16.2/lib/python3.8/site-packages/ipsframework/taskManager.py", line 184, in wait_call
    raise Exception(response_msg.args[0])
Exception: name 'timeid' is not defined
2026-02-12 12:39:47,984 fastran_driver_fastran_driver_2 ERROR    Uncaught Exception in component method.
Traceback (most recent call last):
  File "/pscratch/sd/y/yashu_gh/FREDA_KSTAR_2/ips-fastran/src/fastran/driver/fastran_driver.py", line 202, in component_call
    self.services.call(comp, mode, time)
  File "/global/common/software/atom/perlmutter/cesol/conda/v0.16.2/lib/python3.8/site-packages/ipsframework/services.py", line 527, in call
    retval = self.wait_call(call_id, block=True)
  File "/global/common/software/atom/perlmutter/cesol/conda/v0.16.2/lib/python3.8/site-packages/ipsframework/services.py", line 553, in wait_call
    response = self._get_service_response(msg_id, block=True)
  File "/global/common/software/atom/perlmutter/cesol/conda/v0.16.2/lib/python3.8/site-packages/ipsframework/services.py", line 389, in _get_service_response
    raise response.args[0]
  File "/global/common/software/atom/perlmutter/cesol/conda/v0.16.2/lib/python3.8/site-packages/ipsframework/ips.py", line 260, in _dispatch_service_request
    ret_val = handler(msg)
  File "/global/common/software/atom/perlmutter/cesol/conda/v0.16.2/lib/python3.8/site-packages/ipsframework/taskManager.py", line 66, in process_service_request
    retval = method(msg)
  File "/global/common/software/atom/perlmutter/cesol/conda/v0.16.2/lib/python3.8/site-packages/ipsframework/taskManager.py", line 184, in wait_call
    raise Exception(response_msg.args[0])
Exception: name 'timeid' is not defined

During handling of the above exception, another exception occurred:

Traceback (most recent call last):
  File "/global/common/software/atom/perlmutter/cesol/conda/v0.16.2/lib/python3.8/site-packages/ipsframework/component.py", line 139, in __run__
    retval = method(*self.args, **keywords)
  File "/pscratch/sd/y/yashu_gh/FREDA_KSTAR_2/ips-fastran/src/fastran/driver/fastran_driver.py", line 140, in step
    self.component_call(
  File "/pscratch/sd/y/yashu_gh/FREDA_KSTAR_2/ips-fastran/src/fastran/driver/fastran_driver.py", line 205, in component_call
    raise Exception('component call')
Exception: component call
2026-02-12 12:39:47,989 fastran_init_fastran_init_1 DEBUG    Received Message 
2026-02-12 12:39:47,989 fastran_driver_fastran_driver_2 DEBUG    Received Message 
2026-02-12 12:39:47,989 fastran_tr0_fastran_4 DEBUG    Received Message 
2026-02-12 12:39:47,989 fastran_init_fastran_init_1 DEBUG    Calling method terminate(1)
2026-02-12 12:39:47,989 fastran_ep_far3d_10 DEBUG    Received Message 
2026-02-12 12:39:47,989 fastran_ep_far3d_10 DEBUG    Calling method terminate(1)
2026-02-12 12:39:47,989 fastran_driver_fastran_driver_2 DEBUG    Calling method terminate(1)
2026-02-12 12:39:47,989 fastran_tr0_fastran_4 DEBUG    Calling method terminate(1)
2026-02-12 12:39:47,989 fastran_init_fastran_init_1 DEBUG    Calling self.sys_exit(1)
2026-02-12 12:39:47,990 fastran_eq0_efit_3 DEBUG    Received Message 
2026-02-12 12:39:47,990 fastran_nb_nubeam_7 DEBUG    Received Message 
2026-02-12 12:39:47,989 fastran_ec_toray_6 DEBUG    Received Message 
2026-02-12 12:39:47,990 fastran_pre_constraint_current_5 DEBUG    Received Message 
2026-02-12 12:39:47,989 fastran_eq_efit_8 DEBUG    Received Message 
2026-02-12 12:39:47,989 fastran_ep_far3d_10 DEBUG    Calling self.sys_exit(1)
2026-02-12 12:39:47,989 fastran_tr_fastran_9 DEBUG    Received Message 
2026-02-12 12:39:47,989 fastran_tr0_fastran_4 DEBUG    Calling self.sys_exit(1)
2026-02-12 12:39:47,989 fastran_driver_fastran_driver_2 DEBUG    Calling self.sys_exit(1)
2026-02-12 12:39:47,990 fastran_eq0_efit_3 DEBUG    Calling method terminate(1)
2026-02-12 12:39:47,990 fastran_nb_nubeam_7 DEBUG    Calling method terminate(1)
2026-02-12 12:39:47,989 fastran_ec_toray_6 DEBUG    Calling method terminate(1)
2026-02-12 12:39:47,990 fastran_eq_efit_8 DEBUG    Calling method terminate(1)
2026-02-12 12:39:47,990 fastran_pre_constraint_current_5 DEBUG    Calling method terminate(1)
2026-02-12 12:39:47,989 fastran_tr_fastran_9 DEBUG    Calling method terminate(1)
2026-02-12 12:39:47,990 fastran_eq0_efit_3 DEBUG    Calling self.sys_exit(1)
2026-02-12 12:39:47,989 fastran_ec_toray_6 DEBUG    Calling self.sys_exit(1)
2026-02-12 12:39:47,990 fastran_nb_nubeam_7 DEBUG    Calling self.sys_exit(1)
2026-02-12 12:39:47,990 fastran_eq_efit_8 DEBUG    Calling self.sys_exit(1)
2026-02-12 12:39:47,990 fastran_pre_constraint_current_5 DEBUG    Calling self.sys_exit(1)
2026-02-12 12:39:47,989 fastran_tr_fastran_9 DEBUG    Calling self.sys_exit(1)
