  EFITD    01/01/2017    #000001     1ms           3 129 129
 4.000000000E+00 7.529411765E+00 4.000000000E+00 1.976470588E+00 0.000000000E+00
 4.372641341E+00-7.018719412E-05-6.105471540E+00-3.179023211E+00 7.000000000E+00
 8.100000004E+06-6.105471540E+00 0.000000000E+00 4.372641341E+00 0.000000000E+00
-7.018719412E-05 0.000000000E+00-3.179023211E+00 0.000000000E+00 0.000000000E+00
 2.760154073E+01 2.761799386E+01 2.763355692E+01 2.764835171E+01 2.766243579E+01
 2.767584598E+01 2.768861768E+01 2.770078179E+01 2.771236704E+01 2.772340035E+01
 2.773390719E+01 2.774391151E+01 2.775343760E+01 2.776250598E+01 2.777112709E+01
 2.777932055E+01 2.778711732E+01 2.779454366E+01 2.780162214E+01 2.780837311E+01
 2.781481484E+01 2.782096372E+01 2.782683458E+01 2.783244108E+01 2.783779551E+01
 2.784290938E+01 2.784779324E+01 2.785245696E+01 2.785690954E+01 2.786115945E+01
 2.786521459E+01 2.786908238E+01 2.787276989E+01 2.787628356E+01 2.787962965E+01
 2.788281391E+01 2.788584194E+01 2.788871902E+01 2.789145001E+01 2.789403976E+01
 2.789649273E+01 2.789881327E+01 2.790100542E+01 2.790307306E+01 2.790502005E+01
 2.790684993E+01 2.790856616E+01 2.791017205E+01 2.791167079E+01 2.791306544E+01
 2.791435887E+01 2.791555414E+01 2.791665372E+01 2.791766040E+01 2.791857674E+01
 2.791940513E+01 2.792014795E+01 2.792080760E+01 2.792138629E+01 2.792188618E+01
 2.792230931E+01 2.792265791E+01 2.792293371E+01 2.792313844E+01 2.792327489E+01
 2.792334728E+01 2.792336235E+01 2.792332892E+01 2.792325661E+01 2.792315532E+01
 2.792303401E+01 2.792290126E+01 2.792276480E+01 2.792263213E+01 2.792250992E+01
 2.792240451E+01 2.792232166E+01 2.792226656E+01 2.792224425E+01 2.792225882E+01
 2.792231433E+01 2.792241414E+01 2.792256139E+01 2.792275854E+01 2.792300782E+01
 2.792331113E+01 2.792366978E+01 2.792408484E+01 2.792455713E+01 2.792508691E+01
 2.792567416E+01 2.792631882E+01 2.792702014E+01 2.792777738E+01 2.792858962E+01
 2.792945573E+01 2.793037446E+01 2.793134466E+01 2.793236542E+01 2.793343585E+01
 2.793455544E+01 2.793572460E+01 2.793694655E+01 2.793822368E+01 2.793955335E+01
 2.794092988E+01 2.794234965E+01 2.794381825E+01 2.794535191E+01 2.794697401E+01
 2.794871158E+01 2.795059664E+01 2.795266691E+01 2.795496389E+01 2.795752976E+01
 2.796040034E+01 2.796359489E+01 2.796710453E+01 2.797088173E+01 2.797483409E+01
 2.797882648E+01 2.798270061E+01 2.798631072E+01 2.798955205E+01 2.799237189E+01
 2.799477965E+01 2.799682299E+01 2.799854828E+01 2.800000000E+01
 1.174455203E+06 1.151364901E+06 1.128914131E+06 1.107085856E+06 1.085863037E+06
 1.065228636E+06 1.045165618E+06 1.025656935E+06 1.006685567E+06 9.882344647E+05
 9.702864948E+05 9.528251145E+05 9.358318606E+05 9.192920184E+05 9.032024298E+05
 8.875479270E+05 8.722977660E+05 8.574263922E+05 8.429122357E+05 8.287356611E+05
 8.148794019E+05 8.013279080E+05 7.880671556E+05 7.750844426E+05 7.623681905E+05
 7.499077686E+05 7.376933695E+05 7.257159479E+05 7.139671800E+05 7.024393444E+05
 6.911251758E+05 6.800178730E+05 6.691111320E+05 6.583990411E+05 6.478759775E+05
 6.375366554E+05 6.273761317E+05 6.173896843E+05 6.075728332E+05 5.979213669E+05
 5.884312612E+05 5.790986563E+05 5.699199200E+05 5.608915977E+05 5.520103391E+05
 5.432729409E+05 5.346763674E+05 5.262177240E+05 5.178942129E+05 5.097031291E+05
 5.016418769E+05 4.937079758E+05 4.858990467E+05 4.782127989E+05 4.706470151E+05
 4.631995455E+05 4.558683101E+05 4.486513035E+05 4.415465926E+05 4.345523019E+05
 4.276666186E+05 4.208877981E+05 4.142141622E+05 4.076441026E+05 4.011760610E+05
 3.948084938E+05 3.885398184E+05 3.823683591E+05 3.762922979E+05 3.703096759E+05
 3.644184378E+05 3.586164654E+05 3.529015782E+05 3.472715529E+05 3.417241490E+05
 3.362571394E+05 3.308683117E+05 3.255554830E+05 3.203164974E+05 3.151492195E+05
 3.100515425E+05 3.050213850E+05 3.000567001E+05 2.951554580E+05 2.903156471E+05
 2.855352672E+05 2.808123103E+05 2.761447418E+05 2.715305000E+05 2.669674595E+05
 2.624533872E+05 2.579859040E+05 2.535624523E+05 2.491801986E+05 2.448359345E+05
 2.405259962E+05 2.362461292E+05 2.319912460E+05 2.277552107E+05 2.235306120E+05
 2.193082820E+05 2.150766751E+05 2.108212836E+05 2.065239027E+05 2.021614842E+05
 1.977047835E+05 1.931169355E+05 1.883517125E+05 1.833510261E+05 1.780420206E+05
 1.723347775E+05 1.661213411E+05 1.592763791E+05 1.516612585E+05 1.431350074E+05
 1.335748845E+05 1.229076053E+05 1.111475363E+05 9.843375939E+04 8.505473643E+04
 7.144476923E+04 5.813453173E+04 4.565970797E+04 3.446581024E+04 2.484406697E+04
 1.690463066E+04 1.057390528E+04 5.657361395E+03 1.944215899E+03
 2.045025525E+01 1.928824954E+01 1.832214108E+01 1.745123776E+01 1.662154669E+01
 1.583707297E+01 1.509071977E+01 1.437910250E+01 1.370025118E+01 1.305225768E+01
 1.243371794E+01 1.184218416E+01 1.128143821E+01 1.073843697E+01 1.020226284E+01
 9.705483410E+00 9.243950905E+00 8.810185545E+00 8.402645125E+00 8.018013570E+00
 7.654072755E+00 7.308885150E+00 6.980719480E+00 6.668108440E+00 6.369783560E+00
 6.084668800E+00 5.811800120E+00 5.550260555E+00 5.299207515E+00 5.057993045E+00
 4.826066105E+00 4.602808280E+00 4.387627895E+00 4.180128120E+00 3.979928505E+00
 3.786558300E+00 3.599653050E+00 3.418970282E+00 3.244134155E+00 3.074855235E+00
 2.910925265E+00 2.752101086E+00 2.598078647E+00 2.448708371E+00 2.303821944E+00
 2.163210903E+00 2.026673243E+00 1.894055377E+00 1.765236910E+00 1.640081520E+00
 1.518440696E+00 1.400177243E+00 1.285168748E+00 1.173309029E+00 1.064501617E+00
 9.586540600E-01 8.556752295E-01 7.554719725E-01 6.579254185E-01 5.629871940E-01
 4.706610580E-01 3.807511540E-01 2.928627597E-01 2.073887022E-01 1.258932349E-01
 5.094122495E-02-1.415516592E-02-6.759493335E-02-1.089462937E-01-1.385828493E-01
-1.575987221E-01-1.667183840E-01-1.665280554E-01-1.576734642E-01-1.408378944E-01
-1.166577076E-01-8.573544245E-02-4.865765205E-02-5.997509560E-03 4.169210605E-02
 9.386637540E-02 1.499875093E-01 2.095379321E-01 2.720235336E-01 3.369520228E-01
 4.038475455E-01 4.722601975E-01 5.417507865E-01 6.118761145E-01 6.822368735E-01
 7.524649405E-01 8.221969840E-01 8.910956915E-01 9.589247955E-01 1.025487690E+00
 1.090591645E+00 1.154156650E+00 1.216380399E+00 1.277685980E+00 1.337999190E+00
 1.397720681E+00 1.459394321E+00 1.526856285E+00 1.594345875E+00 1.655432348E+00
 1.708971506E+00 1.761406623E+00 1.828332517E+00 1.920920943E+00 2.044542062E+00
 2.203513263E+00 2.405467568E+00 2.656593471E+00 2.960411020E+00 3.314553834E+00
 3.706175900E+00 4.107878250E+00 4.477980955E+00 4.763651305E+00 4.907744730E+00
 4.863068805E+00 4.619749155E+00 4.217885630E+00 3.717987455E+00 3.186506008E+00
 2.709773122E+00 2.294419771E+00 1.931201566E+00 1.624428659E+00
-1.024119917E+06-9.957747595E+05-9.681748441E+05-9.413201449E+05-9.152107064E+05
-8.898464967E+05-8.652273137E+05-8.413543333E+05-8.182239771E+05-7.958424092E+05
-7.742110644E+05-7.532764472E+05-7.332603731E+05-7.136127822E+05-6.938731194E+05
-6.755523447E+05-6.585020139E+05-6.424167300E+05-6.272534713E+05-6.128856461E+05
-5.992329817E+05-5.862252719E+05-5.737995229E+05-5.619029092E+05-5.504901123E+05
-5.395232788E+05-5.289685305E+05-5.187930080E+05-5.089663083E+05-4.994663730E+05
-4.902750463E+05-4.813701935E+05-4.727302672E+05-4.643425191E+05-4.561945926E+05
-4.482691747E+05-4.405537005E+05-4.330412173E+05-4.257178467E+05-4.185736209E+05
-4.116023243E+05-4.047957234E+05-3.981422540E+05-3.916378633E+05-3.852773326E+05
-3.790532279E+05-3.729582589E+05-3.669873946E+05-3.611371100E+05-3.554029462E+05
-3.497796921E+05-3.442625571E+05-3.388473635E+05-3.335306312E+05-3.283093997E+05
-3.231807603E+05-3.181414420E+05-3.131881910E+05-3.083181516E+05-3.035287598E+05
-2.988173363E+05-2.941807246E+05-2.896159313E+05-2.851201249E+05-2.806915553E+05
-2.763307930E+05-2.720406713E+05-2.678266080E+05-2.636953923E+05-2.596527467E+05
-2.557012916E+05-2.518439325E+05-2.480832406E+05-2.444204942E+05-2.408555579E+05
-2.373878249E+05-2.340162741E+05-2.307396299E+05-2.275566973E+05-2.244666185E+05
-2.214682695E+05-2.185600964E+05-2.157408980E+05-2.130101761E+05-2.103670760E+05
-2.078113006E+05-2.053437818E+05-2.029659463E+05-2.006790194E+05-1.984868562E+05
-1.963953694E+05-1.944113210E+05-1.925436280E+05-1.908073850E+05-1.892204623E+05
-1.878044982E+05-1.865898941E+05-1.856190918E+05-1.849409373E+05-1.846187518E+05
-1.847424298E+05-1.854303421E+05-1.868230126E+05-1.891034981E+05-1.925124093E+05
-1.973510592E+05-2.039849188E+05-2.128675198E+05-2.245828266E+05-2.398385756E+05
-2.594199417E+05-2.841193936E+05-3.146645087E+05-3.514914700E+05-3.943683361E+05
-4.419326607E+05-4.912201610E+05-5.375277246E+05-5.746487246E+05-5.957221405E+05
-5.948512876E+05-5.695023656E+05-5.217709228E+05-4.574494513E+05-3.842419112E+05
-3.102845083E+05-2.435150228E+05-1.865746609E+05-1.382440757E+05
-2.490110572E+00-2.600871383E+00-2.716241924E+00-2.836347372E+00-2.961264866E+00
-3.091006597E+00-3.225503618E+00-3.364594577E+00-3.508023230E+00-3.655445556E+00
-3.806443975E+00-3.960542334E+00-4.117215239E+00-4.275887460E+00-4.436581340E+00
-4.582850375E+00-4.704883947E+00-4.794401808E+00-4.863179399E+00-4.951121257E+00
-5.066454671E+00-5.213214356E+00-5.397579067E+00-5.601887278E+00-5.769033617E+00
-5.904823482E+00-6.013557636E+00-6.098068379E+00-6.160035189E+00-6.200284714E+00
-6.219046826E+00-6.216161063E+00-6.191160144E+00-6.143203740E+00-6.070947540E+00
-5.972403430E+00-5.844761816E+00-5.684118956E+00-5.485067770E+00-5.240190408E+00
-4.939759826E+00-4.639022115E+00-4.370589835E+00-4.126436327E+00-3.900418156E+00
-3.687969891E+00-3.485653614E+00-3.290793747E+00-3.101219020E+00-2.915083759E+00
-2.730739239E+00-2.546634821E+00-2.361233780E+00-2.172933412E+00-1.979980897E+00
-1.780378762E+00-1.571782265E+00-1.351417913E+00-1.118797978E+00-9.114348382E-01
-7.261458090E-01-5.642592321E-01-4.275065985E-01-3.086152055E-01-2.104916819E-01
-1.364596538E-01-8.040850336E-02-4.662893384E-02-4.004530372E-02-5.595988249E-02
-1.004856772E-01-1.680442208E-01-2.199814361E-01-2.591932930E-01-2.879146699E-01
-3.079374641E-01-3.206770494E-01-3.272541099E-01-3.285639286E-01-3.253296457E-01
-3.181421658E-01-3.074900163E-01-2.937818112E-01-2.773632797E-01-2.585303131E-01
-2.375390347E-01-2.146136695E-01-1.899527168E-01-1.637338797E-01-1.361179812E-01
-1.072521328E-01-7.727229351E-02-4.630534995E-02-1.447080644E-02 1.811784122E-02
 5.135199729E-02 8.512708061E-02 1.193418294E-01 1.538977723E-01 1.886988448E-01
 2.236511355E-01 2.586627463E-01 2.936437606E-01 3.285062970E-01 3.631646447E-01
 3.975354837E-01 4.315381373E-01 4.650948991E-01 4.981313783E-01 5.305768753E-01
 5.623647540E-01 5.934328332E-01 6.237237390E-01 6.531852382E-01 6.817705293E-01
 7.094384822E-01 7.361538248E-01 7.618872567E-01 7.866154945E-01 8.103212479E-01
 8.329931192E-01 8.546254502E-01 8.752180687E-01 8.947760221E-01 9.133092144E-01
 9.308320368E-01 9.473629423E-01 9.629240072E-01 9.775404722E-01-2.531237320E+00
-2.647337024E+00-2.768941392E+00-2.896316725E+00-3.029682469E+00-3.169177171E+00
-3.314819374E+00-3.466474893E+00-3.623848069E+00-3.786509583E+00-3.953951967E+00
-4.125650525E+00-4.301443051E+00-4.470215599E+00-4.615688504E+00-4.734735048E+00
-4.830430832E+00-4.897341104E+00-4.942560388E+00-5.008613356E+00-5.101777165E+00
-5.224471925E+00-5.381951327E+00-5.559376747E+00-5.704296493E+00-5.823132775E+00
-5.919052966E+00-5.993769329E+00-6.048162206E+00-6.082538165E+00-6.096807469E+00
-6.090632955E+00-6.063482585E+00-6.014557052E+00-5.942672080E+00-5.846154491E+00
-5.722730181E+00-5.569347790E+00-5.381842098E+00-5.154149160E+00-4.876123131E+00
-4.597470444E+00-4.346163934E+00-4.114253653E+00-3.896874926E+00-3.690562613E+00
-3.492636368E+00-3.300912695E+00-3.113534583E+00-2.928853442E+00-2.745338633E+00
-2.561500922E+00-2.375821644E+00-2.186681857E+00-1.992289232E+00-1.790605317E+00
-1.579287428E+00-1.355674843E+00-1.120691836E+00-9.089070156E-01-7.210204138E-01
-5.572300346E-01-4.174927889E-01-2.976425539E-01-1.992820651E-01-1.238392743E-01
-6.845902145E-02-3.618559015E-02-2.999214788E-02-4.849033470E-02-9.632822231E-02
-1.653669724E-01-2.198754101E-01-2.611872689E-01-2.914423056E-01-3.124539707E-01
-3.257083278E-01-3.324048484E-01-3.335087228E-01-3.297998137E-01-3.219133550E-01
-3.103720631E-01-2.956109165E-01-2.779961340E-01-2.578397536E-01-2.354108603E-01
-2.109443170E-01-1.846476083E-01-1.567062419E-01-1.272880601E-01-9.654669478E-02
-6.462435887E-02-3.165410909E-02 2.238315989E-03 3.693300432E-02 7.231466815E-02
 1.082716868E-01 1.446953570E-01 1.814793312E-01 2.185192180E-01 2.557123272E-01
 2.929575629E-01 3.301554215E-01 3.672081044E-01 4.040197528E-01 4.404967325E-01
 4.765480288E-01 5.120856830E-01 5.470252747E-01 5.812864429E-01 6.147934131E-01
 6.474755208E-01 6.792677013E-01 7.101109628E-01 7.399527795E-01 7.687474215E-01
 7.964562215E-01 8.230477149E-01 8.484977229E-01 8.727893080E-01 8.959126458E-01
 9.178647970E-01 9.386493946E-01 9.582762552E-01 9.767609096E-01 9.941241049E-01
 1.010391243E+00 1.025591799E+00 1.039758741E+00-2.560224587E+00-2.680817506E+00
-2.807886021E+00-2.941922641E+00-3.083409063E+00-3.232758641E+00-3.390215062E+00
-3.555716221E+00-3.728808172E+00-3.908732936E+00-4.094678882E+00-4.283632338E+00
-4.441500794E+00-4.583011845E+00-4.702388653E+00-4.795496501E+00-4.866085780E+00
-4.909080410E+00-4.932679391E+00-4.975153763E+00-5.040114926E+00-5.125263120E+00
-5.226992158E+00-5.334901929E+00-5.434947247E+00-5.521808014E+00-5.593740169E+00
-5.649972714E+00-5.690036199E+00-5.713523704E+00-5.719985581E+00-5.708876653E+00
-5.679526821E+00-5.631123424E+00-5.562701907E+00-5.473148354E+00-5.361225417E+00
-5.225653855E+00-5.065337849E+00-4.880051986E+00-4.673168570E+00-4.458602497E+00
-4.248267834E+00-4.044810455E+00-3.848169653E+00-3.657520656E+00-3.471794931E+00
-3.289856299E+00-3.110560847E+00-2.932768501E+00-2.755330738E+00-2.577064523E+00
-2.396714934E+00-2.212905805E+00-2.024073747E+00-1.828378158E+00-1.623581969E+00
-1.406924567E+00-1.179040965E+00-9.736356678E-01-7.912704819E-01-6.318116310E-01
-4.950699939E-01-3.771994093E-01-2.797167989E-01-2.039183438E-01-1.471808186E-01
-1.123346731E-01-1.021310305E-01-1.154818087E-01-1.571514789E-01-2.193791048E-01
-2.673687795E-01-3.027808310E-01-3.278973057E-01-3.444812581E-01-3.538951294E-01
-3.572071206E-01-3.552684219E-01-3.487674923E-01-3.382687809E-01-3.242409320E-01
-3.070777846E-01-2.871142516E-01-2.646385005E-01-2.399014131E-01-2.131240230E-01
-1.845034007E-01-1.542173802E-01-1.224283675E-01-8.928643992E-02-5.493188061E-02
-1.949725802E-02 1.689086574E-02 5.411053442E-02 9.204326217E-02 1.305731235E-01
 1.695860477E-01 2.089692938E-01 2.486110951E-01 2.884004612E-01 3.282271283E-01
 3.679816446E-01 4.075555967E-01 4.468419413E-01 4.857354605E-01 5.241333021E-01
 5.619356061E-01 5.990461821E-01 6.353732291E-01 6.708300825E-01 7.053359338E-01
 7.388165260E-01 7.712048022E-01 8.024414646E-01 8.324754370E-01 8.612642192E-01
 8.887741146E-01 9.149803087E-01 9.398668385E-01 9.634263931E-01 9.856600149E-01
 1.006576656E+00 1.026192654E+00 1.044531100E+00 1.061621157E+00 1.077497310E+00
 1.092198614E+00 1.105767912E+00-2.574564191E+00-2.698194674E+00-2.829208457E+00
-2.968408936E+00-3.116716352E+00-3.275159942E+00-3.444781307E+00-3.626156199E+00
-3.818228313E+00-4.014273578E+00-4.192020891E+00-4.350694837E+00-4.486932238E+00
-4.601837146E+00-4.692046480E+00-4.758327538E+00-4.804326442E+00-4.824823934E+00
-4.836103671E+00-4.864998314E+00-4.909436581E+00-4.965707803E+00-5.029759964E+00
-5.096743347E+00-5.161676897E+00-5.220492476E+00-5.270336177E+00-5.309283441E+00
-5.335992379E+00-5.349459546E+00-5.348869163E+00-5.333504720E+00-5.302701174E+00
-5.255826790E+00-5.192292000E+00-5.111590090E+00-5.013384208E+00-4.897667707E+00
-4.765039651E+00-4.617120709E+00-4.456954392E+00-4.288775715E+00-4.116746893E+00
-3.943818040E+00-3.771619590E+00-3.600844277E+00-3.431605437E+00-3.263670001E+00
-3.096595183E+00-2.929804900E+00-2.762629282E+00-2.594321301E+00-2.424057487E+00
-2.250924515E+00-2.073887994E+00-1.891725112E+00-1.702861789E+00-1.504890141E+00
-1.296205930E+00-1.109719160E+00-9.414594979E-01-7.924662370E-01-6.643346929E-01
-5.511273193E-01-4.556439709E-01-3.806254389E-01-3.207798724E-01-2.797102552E-01
-2.611596235E-01-2.608784183E-01-2.847082552E-01-3.288504897E-01-3.596265841E-01
-3.808870558E-01-3.945643970E-01-4.018386226E-01-4.035613918E-01-4.004023815E-01
-3.929116548E-01-3.815518940E-01-3.667179881E-01-3.487505567E-01-3.279460703E-01
-3.045648030E-01-2.788372908E-01-2.509696174E-01-2.211478270E-01-1.895416047E-01
-1.563073763E-01-1.215909262E-01-8.552961694E-02-4.825427552E-02-9.890793381E-03
 2.943851715E-02 6.961378273E-02 1.105166234E-01 1.520293875E-01 1.940345550E-01
 2.364143106E-01 2.790502633E-01 3.218233481E-01 3.646138666E-01 4.073016919E-01
 4.497666295E-01 4.918889246E-01 5.335499037E-01 5.746327361E-01 6.150233212E-01
 6.546112230E-01 6.932906923E-01 7.309616947E-01 7.675309309E-01 8.029128141E-01
 8.370303743E-01 8.698160471E-01 9.012123308E-01 9.311722746E-01 9.596598021E-01
 9.866498198E-01 1.012128165E+00 1.036091330E+00 1.058546038E+00 1.079508624E+00
 1.099004308E+00 1.117066321E+00 1.133734980E+00 1.149056677E+00 1.163082866E+00
 1.175869032E+00-2.572052969E+00-2.696547673E+00-2.828990192E+00-2.970445863E+00
-3.122252446E+00-3.286161810E+00-3.464656830E+00-3.661940083E+00-3.861279388E+00
-4.038375745E+00-4.194538062E+00-4.332113669E+00-4.437258940E+00-4.522726934E+00
-4.585176080E+00-4.618907632E+00-4.634921248E+00-4.651438671E+00-4.673520556E+00
-4.702510090E+00-4.738348520E+00-4.779737617E+00-4.824594624E+00-4.870399194E+00
-4.914509057E+00-4.954450021E+00-4.988095867E+00-5.013713174E+00-5.029919070E+00
-5.035609774E+00-5.029893356E+00-5.012039704E+00-4.981450954E+00-4.937652462E+00
-4.880304858E+00-4.809239134E+00-4.724516598E+00-4.626513323E+00-4.516018057E+00
-4.394308354E+00-4.263137810E+00-4.124568562E+00-3.980672570E+00-3.833240227E+00
-3.683624562E+00-3.532729442E+00-3.381077160E+00-3.228896346E+00-3.076201146E+00
-2.922853730E+00-2.768611341E+00-2.613162220E+00-2.456155834E+00-2.297233550E+00
-2.136070026E+00-1.972445390E+00-1.806409947E+00-1.638782390E+00-1.472859796E+00
-1.315008285E+00-1.169075685E+00-1.036357199E+00-9.173682940E-01-8.123754287E-01
-7.215628078E-01-6.450885276E-01-5.830959540E-01-5.356935527E-01-5.028738768E-01
-4.842908252E-01-4.785148941E-01-4.807746588E-01-4.841813423E-01-4.855135687E-01
-4.837943823E-01-4.787432501E-01-4.703418491E-01-4.586872202E-01-4.439292747E-01
-4.262403183E-01-4.057991170E-01-3.827824601E-01-3.573608706E-01-3.296966943E-01
-2.999435958E-01-2.682468556E-01-2.347441232E-01-1.995664210E-01-1.628392384E-01
-1.246836667E-01-8.521750220E-02-4.455629943E-02-2.814351250E-03 3.989441531E-02
 8.345563640E-02 1.277538148E-01 1.726717337E-01 2.180899964E-01 2.638867034E-01
 3.099372687E-01 3.561144075E-01 4.022882890E-01 4.483268734E-01 4.940964271E-01
 5.394622403E-01 5.842895098E-01 6.284444014E-01 6.717952551E-01 7.142139045E-01
 7.555770915E-01 7.957679039E-01 8.346772155E-01 8.722050691E-01 9.082619421E-01
 9.427698727E-01 9.756633833E-01 1.006890175E+00 1.036411565E+00 1.064202662E+00
 1.090252246E+00 1.114562396E+00 1.137147869E+00 1.158035219E+00 1.177261777E+00
 1.194874426E+00 1.210928318E+00 1.225485493E+00 1.238613513E+00 1.250384093E+00
-2.551404025E+00-2.674041758E+00-2.804578339E+00-2.944107629E+00-3.093993761E+00
-3.255959538E+00-3.432174001E+00-3.625199646E+00-3.814940415E+00-3.975505437E+00
-4.109061968E+00-4.217490621E+00-4.297863391E+00-4.352465154E+00-4.381378129E+00
-4.405933586E+00-4.430823338E+00-4.456950594E+00-4.485052595E+00-4.515534403E+00
-4.548311978E+00-4.582777226E+00-4.617878588E+00-4.652259197E+00-4.684408855E+00
-4.712801611E+00-4.735999679E+00-4.752714633E+00-4.761831219E+00-4.762406876E+00
-4.753659928E+00-4.734956761E+00-4.705803704E+00-4.665847103E+00-4.614882763E+00
-4.552875028E+00-4.479983161E+00-4.396589860E+00-4.303322500E+00-4.201052412E+00
-4.090857802E+00-3.973945091E+00-3.851541666E+00-3.724789116E+00-3.594665307E+00
-3.461947322E+00-3.327210237E+00-3.190849132E+00-3.053111726E+00-2.914134666E+00
-2.773979648E+00-2.632669888E+00-2.490229451E+00-2.346730458E+00-2.202357033E+00
-2.057498287E+00-1.912885255E+00-1.769759468E+00-1.629950436E+00-1.495617646E+00
-1.368720896E+00-1.250704393E+00-1.142522904E+00-1.044778986E+00-9.578321132E-01
-8.818563358E-01-8.168519349E-01-7.626128230E-01-7.186426383E-01-6.840112424E-01
-6.571867599E-01-6.360265340E-01-6.181744606E-01-6.016384880E-01-5.850308296E-01
-5.674770541E-01-5.484524609E-01-5.276557913E-01-5.049273309E-01-4.801976050E-01
-4.534550763E-01-4.247255242E-01-3.940587383E-01-3.615198879E-01-3.271839452E-01
-2.911321509E-01-2.534498129E-01-2.142250624E-01-1.735482074E-01-1.315115376E-01
-8.820940626E-02-4.373850702E-02 1.801726758E-03 4.830865713E-02 9.567595039E-02
 1.437930951E-01 1.925449655E-01 2.418114549E-01 2.914672169E-01 3.413815361E-01
 3.914183673E-01 4.414365655E-01 4.912903311E-01 5.408298979E-01 5.899024634E-01
 6.383533708E-01 6.860275466E-01 7.327711380E-01 7.784333365E-01 8.228683444E-01
 8.659373999E-01 9.075108019E-01 9.474698713E-01 9.857087679E-01 1.022136068E+00
 1.056676103E+00 1.089269922E+00 1.119875930E+00 1.148470086E+00 1.175045754E+00
 1.199613123E+00 1.222198289E+00 1.242842009E+00 1.261598205E+00 1.278532254E+00
 1.293719152E+00 1.307241629E+00 1.319188264E+00 1.329651666E+00-2.512772900E+00
-2.630757536E+00-2.755946428E+00-2.889234140E+00-3.031698605E+00-3.184650242E+00
-3.349669899E+00-3.528623809E+00-3.699712141E+00-3.838857066E+00-3.947529193E+00
-4.028050217E+00-4.076784653E+00-4.116982267E+00-4.154306810E+00-4.189491958E+00
-4.223252440E+00-4.256184122E+00-4.288715878E+00-4.321054619E+00-4.353143878E+00
-4.384653586E+00-4.415006032E+00-4.443429888E+00-4.469028321E+00-4.490848382E+00
-4.507941345E+00-4.519408595E+00-4.524432260E+00-4.522293138E+00-4.512379878E+00
-4.494193713E+00-4.467352313E+00-4.431594472E+00-4.386787322E+00-4.332934970E+00
-4.270187552E+00-4.198847446E+00-4.119368371E+00-4.032343266E+00-3.938477733E+00
-3.838550035E+00-3.733362735E+00-3.623694350E+00-3.510259704E+00-3.393684446E+00
-3.274494685E+00-3.153119723E+00-3.029904725E+00-2.905129827E+00-2.779033833E+00
-2.651841633E+00-2.523795540E+00-2.395191657E+00-2.266421614E+00-2.138018555E+00
-2.010699183E+00-1.885383899E+00-1.763167170E+00-1.645224211E+00-1.532681563E+00
-1.426508863E+00-1.327465977E+00-1.236096400E+00-1.152740177E+00-1.077545613E+00
-1.010469464E+00-9.512628230E-01-8.994459648E-01-8.542843851E-01-8.147909528E-01
-7.797848587E-01-7.480143206E-01-7.183006101E-01-6.896409146E-01-6.612443242E-01
-6.325185196E-01-6.030355272E-01-5.724949719E-01-5.406924595E-01-5.074947565E-01
-4.728211009E-01-4.366294480E-01-3.989064548E-01-3.596602383E-01-3.189152216E-01
-2.767084847E-01-2.330872421E-01-1.881071624E-01-1.418312957E-01-9.432947748E-02
-4.567806973E-02 4.040041271E-03 5.473526519E-02 1.063110040E-01 1.586632775E-01
 2.116803255E-01 2.652422309E-01 3.192206251E-01 3.734785019E-01 4.278702109E-01
 4.822416844E-01 5.364309157E-01 5.902687712E-01 6.435801434E-01 6.961854718E-01
 7.479026190E-01 7.985490926E-01 8.479445572E-01 8.959135682E-01 9.422884277E-01
 9.869120761E-01 1.029640886E+00 1.070347261E+00 1.108921929E+00 1.145275827E+00
 1.179341504E+00 1.211073996E+00 1.240451113E+00 1.267473163E+00 1.292162085E+00
 1.314560079E+00 1.334727776E+00 1.352742036E+00 1.368693487E+00 1.382683905E+00
 1.394823562E+00 1.405228610E+00 1.414018647E+00-2.457833024E+00-2.568807643E+00
-2.685844271E+00-2.809490973E+00-2.940353401E+00-3.079157597E+00-3.226871084E+00
-3.384885140E+00-3.532961600E+00-3.642559394E+00-3.720877971E+00-3.782932656E+00
-3.838910934E+00-3.889718688E+00-3.936312839E+00-3.979483336E+00-4.019870148E+00
-4.057966115E+00-4.094109464E+00-4.128472770E+00-4.161055817E+00-4.191688573E+00
-4.220046585E+00-4.245677902E+00-4.268037578E+00-4.286525096E+00-4.300520058E+00
-4.309413304E+00-4.312631986E+00-4.309658483E+00-4.300044310E+00-4.283420100E+00
-4.259503507E+00-4.228105470E+00-4.189135729E+00-4.142607208E+00-4.088638400E+00
-4.027452955E+00-3.959374433E+00-3.884815607E+00-3.804261487E+00-3.718247250E+00
-3.627333323E+00-3.532080540E+00-3.433028670E+00-3.330680861E+00-3.225495053E+00
-3.117882411E+00-3.008211895E+00-2.896820163E+00-2.784025370E+00-2.670144080E+00
-2.555510724E+00-2.440498137E+00-2.325538198E+00-2.211138995E+00-2.097894419E+00
-1.986479881E+00-1.877630069E+00-1.772099131E+00-1.670611497E+00-1.573815226E+00
-1.482247060E+00-1.396311447E+00-1.316269976E+00-1.242236149E+00-1.174171536E+00
-1.111882234E+00-1.055017648E+00-1.003076447E+00-9.554259696E-01-9.113390201E-01
-8.700453893E-01-8.307875640E-01-7.928674392E-01-7.556755430E-01-7.187020913E-01
-6.815345891E-01-6.438478854E-01-6.053913290E-01-5.659758646E-01-5.254624185E-01
-4.837521168E-01-4.407783078E-01-3.965002724E-01-3.508983156E-01-3.039700637E-01
-2.557276972E-01-2.061959452E-01-1.554107243E-01-1.034182558E-01-5.027459255E-02
 3.954534018E-03 5.919361296E-02 1.153570572E-01 1.723487664E-01 2.300616047E-01
 2.883768482E-01 3.471636678E-01 4.062787230E-01 4.655659250E-01 5.248564734E-01
 5.839692401E-01 6.427115873E-01 7.008806649E-01 7.582652911E-01 8.146483601E-01
 8.698098289E-01 9.235301639E-01 9.755941777E-01 1.025795108E+00 1.073938758E+00
 1.119847550E+00 1.163364286E+00 1.204355466E+00 1.242714023E+00 1.278361342E+00
 1.311248503E+00 1.341356660E+00 1.368696576E+00 1.393307304E+00 1.415254125E+00
 1.434625779E+00 1.451531206E+00 1.466095913E+00 1.478458166E+00 1.488765203E+00
 1.497169582E+00 1.503825864E+00-2.389320086E+00-2.491685082E+00-2.598901578E+00
-2.711106821E+00-2.828242466E+00-2.950060100E+00-3.076196244E+00-3.206643147E+00
-3.320305379E+00-3.409117464E+00-3.487797174E+00-3.558151369E+00-3.621645855E+00
-3.679397104E+00-3.732286140E+00-3.781015344E+00-3.826137974E+00-3.868072498E+00
-3.907108684E+00-3.943410577E+00-3.977019801E+00-4.007862353E+00-4.035760080E+00
-4.060446973E+00-4.081589143E+00-4.098806896E+00-4.111696758E+00-4.119852412E+00
-4.122882962E+00-4.120428457E+00-4.112172623E+00-4.097852977E+00-4.077268753E+00
-4.050287158E+00-4.016847776E+00-3.976965312E+00-3.930730278E+00-3.878307322E+00
-3.819930538E+00-3.755895934E+00-3.686550862E+00-3.612281279E+00-3.533497708E+00
-3.450621428E+00-3.364072304E+00-3.274259311E+00-3.181574408E+00-3.086390433E+00
-2.989062394E+00-2.889932066E+00-2.789335139E+00-2.687610267E+00-2.585109165E+00
-2.482206511E+00-2.379308545E+00-2.276858541E+00-2.175337052E+00-2.075255596E+00
-1.977142937E+00-1.881524981E+00-1.788901061E+00-1.699720065E+00-1.614359687E+00
-1.533110336E+00-1.456163950E+00-1.383606998E+00-1.315416949E+00-1.251462071E+00
-1.191505249E+00-1.135213014E+00-1.082170894E+00-1.031905094E+00-9.839087419E-01
-9.376692687E-01-8.926929675E-01-8.485236864E-01-8.047544507E-01-7.610324817E-01
-7.170591909E-01-6.725868936E-01-6.274137805E-01-5.813782848E-01-5.343535347E-01
-4.862422876E-01-4.369725188E-01-3.864937545E-01-3.347740767E-01-2.817977880E-01
-2.275636482E-01-1.720836339E-01-1.153821291E-01-5.749552340E-02 1.527856011E-03
 6.162751421E-02 1.227303049E-01 1.847497389E-01 2.475851344E-01 3.111206688E-01
 3.752244017E-01 4.397473536E-01 5.045227745E-01 5.693656745E-01 6.340728257E-01
 6.984233210E-01 7.621798848E-01 8.250909999E-01 8.868939582E-01 9.473188224E-01
 1.006093200E+00 1.062947702E+00 1.117621837E+00 1.169870064E+00 1.219467729E+00
 1.266216572E+00 1.309949586E+00 1.350534993E+00 1.387879186E+00 1.421928494E+00
 1.452669711E+00 1.480129346E+00 1.504371614E+00 1.525495248E+00 1.543629319E+00
 1.558928271E+00 1.571566442E+00 1.581732434E+00 1.589623576E+00 1.595440781E+00
 1.599384010E+00-2.310138217E+00-2.402926109E+00-2.499961088E+00-2.601123945E+00
-2.705654649E+00-2.812137273E+00-2.918603001E+00-3.022143106E+00-3.118919496E+00
-3.207126084E+00-3.287303648E+00-3.360390566E+00-3.427247474E+00-3.488613127E+00
-3.545110190E+00-3.597254716E+00-3.645463410E+00-3.690058148E+00-3.731269188E+00
-3.769237827E+00-3.804020163E+00-3.835592653E+00-3.863860058E+00-3.888665830E+00
-3.909804609E+00-3.927035828E+00-3.940098051E+00-3.948722826E+00-3.952647690E+00
-3.951627773E+00-3.945445916E+00-3.933921077E+00-3.916915156E+00-3.894338281E+00
-3.866152512E+00-3.832373971E+00-3.793073268E+00-3.748374242E+00-3.698450804E+00
-3.643521935E+00-3.583845331E+00-3.519709752E+00-3.451426801E+00-3.379322829E+00
-3.303731684E+00-3.224988670E+00-3.143426549E+00-3.059373282E+00-2.973151961E+00
-2.885082408E+00-2.795484404E+00-2.704681606E+00-2.613006079E+00-2.520802253E+00
-2.428429730E+00-2.336264136E+00-2.244694951E+00-2.154120241E+00-2.064937974E+00
-1.977534491E+00-1.892271490E+00-1.809472479E+00-1.729410410E+00-1.652297168E+00
-1.578275620E+00-1.507414394E+00-1.439705496E+00-1.375064839E+00-1.313335921E+00
-1.254296764E+00-1.197670165E+00-1.143136749E+00-1.090349907E+00-1.038951190E+00
-9.885846430E-01-9.389088219E-01-8.896057417E-01-8.403866170E-01-7.909947158E-01
-7.412059471E-01-6.908278298E-01-6.396974522E-01-5.876789534E-01-5.346608390E-01
-4.805533871E-01-4.252863225E-01-3.688067881E-01-3.110777154E-01-2.520765437E-01
-1.917943473E-01-1.302353182E-01-6.741660606E-02-3.368506613E-03 6.186502320E-02
 1.282255361E-01 1.956389744E-01 2.640142865E-01 3.332418314E-01 4.031916252E-01
 4.737115513E-01 5.446256457E-01 6.157326533E-01 6.868050901E-01 7.575890591E-01
 8.278051145E-01 8.971504260E-01 9.653024512E-01 1.031924161E+00 1.096670758E+00
 1.159197605E+00 1.219168943E+00 1.276266948E+00 1.330200556E+00 1.380713621E+00
 1.427592045E+00 1.470669549E+00 1.509831959E+00 1.545019761E+00 1.576228884E+00
 1.603509581E+00 1.626963379E+00 1.646738228E+00 1.663022021E+00 1.676034861E+00
 1.686020622E+00 1.693238334E+00 1.697953945E+00 1.700432964E+00 1.700934246E+00
-2.221966062E+00-2.303590655E+00-2.390971233E+00-2.483654837E+00-2.581418300E+00
-2.678836792E+00-2.774196324E+00-2.866508507E+00-2.954623266E+00-3.037714051E+00
-3.115441780E+00-3.187840634E+00-3.255141899E+00-3.317653924E+00-3.375697207E+00
-3.429570835E+00-3.479534693E+00-3.525800227E+00-3.568525340E+00-3.607812653E+00
-3.643709835E+00-3.676212177E+00-3.705267070E+00-3.730780224E+00-3.752623325E+00
-3.770642613E+00-3.784668133E+00-3.794523028E+00-3.800032479E+00-3.801032147E+00
-3.797375521E+00-3.788940545E+00-3.775634945E+00-3.757400415E+00-3.734215795E+00
-3.706098699E+00-3.673106270E+00-3.635334386E+00-3.592915820E+00-3.546017293E+00
-3.494835482E+00-3.439592451E+00-3.380530782E+00-3.317908559E+00-3.251994951E+00
-3.183066179E+00-3.111402785E+00-3.037287521E+00-2.961004728E+00-2.882840238E+00
-2.803082383E+00-2.722023197E+00-2.639959790E+00-2.557195316E+00-2.474039230E+00
-2.390806256E+00-2.307813888E+00-2.225378167E+00-2.143807928E+00-2.063397722E+00
-1.984419875E+00-1.907116460E+00-1.831691701E+00-1.758305358E+00-1.687067620E+00
-1.618035694E+00-1.551212349E+00-1.486546475E+00-1.423935756E+00-1.363231382E+00
-1.304244616E+00-1.246754888E+00-1.190518845E+00-1.135279701E+00-1.080776184E+00
-1.026750463E+00-9.729546574E-01-9.191557035E-01-8.651386267E-01-8.107083803E-01
-7.556905273E-01-6.999310599E-01-6.432956324E-01-5.856684584E-01-5.269510574E-01
-4.670609971E-01-4.059307460E-01-3.435066934E-01-2.797484147E-01-2.146281946E-01
-1.481308601E-01-8.025392728E-02-1.100809709E-02 5.958188130E-02 1.314759616E-01
 2.046171444E-01 2.789294079E-01 3.543152244E-01 4.306527075E-01 5.077924556E-01
 5.855542339E-01 6.637237406E-01 7.420497722E-01 8.202422660E-01 8.979717581E-01
 9.748708592E-01 1.050538255E+00 1.124545559E+00 1.196446931E+00 1.265791043E+00
 1.332134528E+00 1.395055909E+00 1.454169019E+00 1.509135123E+00 1.559673222E+00
 1.605568319E+00 1.646677483E+00 1.682933635E+00 1.714346858E+00 1.741003017E+00
 1.763059431E+00 1.780737530E+00 1.794312695E+00 1.804101912E+00 1.810450171E+00
 1.813716814E+00 1.814262920E+00 1.812440587E+00 1.808584590E+00-2.137006234E+00
-2.209773642E+00-2.289094037E+00-2.374649810E+00-2.466056886E+00-2.556879430E+00
-2.645290428E+00-2.730885517E+00-2.813177982E+00-2.891749237E+00-2.966319089E+00
-3.036757033E+00-3.103054154E+00-3.165282458E+00-3.223558325E+00-3.278014566E+00
-3.328780833E+00-3.375970599E+00-3.419672651E+00-3.459946242E+00-3.496818890E+00
-3.530286234E+00-3.560313860E+00-3.586840518E+00-3.609782439E+00-3.629038707E+00
-3.644497052E+00-3.656040008E+00-3.663550887E+00-3.666919704E+00-3.666048507E+00
-3.660856144E+00-3.651282334E+00-3.637290879E+00-3.618872208E+00-3.596044825E+00
-3.568856030E+00-3.537381744E+00-3.501725556E+00-3.462016886E+00-3.418408853E+00
-3.371075347E+00-3.320208105E+00-3.266013669E+00-3.208710419E+00-3.148525979E+00
-3.085695122E+00-3.020458087E+00-2.953059413E+00-2.883747399E+00-2.812773678E+00
-2.740393135E+00-2.666863740E+00-2.592446115E+00-2.517402549E+00-2.441995527E+00
-2.366485224E+00-2.291126275E+00-2.216163765E+00-2.141828473E+00-2.068331961E+00
-1.995861373E+00-1.924574774E+00-1.854596912E+00-1.786016051E+00-1.718881782E+00
-1.653204155E+00-1.588954132E+00-1.526065392E+00-1.464437411E+00-1.403939683E+00
-1.344416842E+00-1.285694370E+00-1.227584545E+00-1.169892264E+00-1.112420388E+00
-1.054974416E+00-9.973662801E-01-9.394172437E-01-8.809599405E-01-8.218396282E-01
-7.619148091E-01-7.010573691E-01-6.391523668E-01-5.760975934E-01-5.118030497E-01
-4.461904113E-01-3.791925403E-01-3.107531654E-01-2.408267269E-01-1.693784731E-01
-9.638484839E-02-2.183423064E-02 5.427192952E-02 1.319174981E-01 2.110695051E-01
 2.916753683E-01 3.736594381E-01 4.569187654E-01 5.413181248E-01 6.266843059E-01
 7.127999026E-01 7.993969655E-01 8.861512529E-01 9.726780736E-01 1.058531065E+00
 1.143205323E+00 1.226145965E+00 1.306762476E+00 1.384447883E+00 1.458600907E+00
 1.528648546E+00 1.594066928E+00 1.654399065E+00 1.709269061E+00 1.758393036E+00
 1.801587231E+00 1.838773535E+00 1.869982263E+00 1.895351484E+00 1.915121885E+00
 1.929626272E+00 1.939273509E+00 1.944527801E+00 1.945885520E+00 1.943852197E+00
 1.938922453E+00 1.931564198E+00 1.922208136E+00-2.059394923E+00-2.125794065E+00
-2.198676728E+00-2.278034425E+00-2.362741575E+00-2.447775812E+00-2.530768044E+00
-2.611324567E+00-2.689137594E+00-2.763936717E+00-2.835509348E+00-2.903710430E+00
-2.968459239E+00-3.029727792E+00-3.087525799E+00-3.141885774E+00-3.192850096E+00
-3.240461005E+00-3.284752878E+00-3.325747183E+00-3.363449367E+00-3.397847377E+00
-3.428911837E+00-3.456597326E+00-3.480844764E+00-3.501584335E+00-3.518739189E+00
-3.532229298E+00-3.541975430E+00-3.547903194E+00-3.549946671E+00-3.548051875E+00
-3.542179704E+00-3.532308357E+00-3.518435258E+00-3.500578311E+00-3.478776639E+00
-3.453090680E+00-3.423601797E+00-3.390411313E+00-3.353639291E+00-3.313422843E+00
-3.269914292E+00-3.223279333E+00-3.173695092E+00-3.121348307E+00-3.066433758E+00
-3.009152908E+00-2.949712609E+00-2.888324304E+00-2.825203003E+00-2.760566660E+00
-2.694635186E+00-2.627629442E+00-2.559769921E+00-2.491275062E+00-2.422359078E+00
-2.353229365E+00-2.284083626E+00-2.215106585E+00-2.146466610E+00-2.078312421E+00
-2.010769910E+00-1.943939626E+00-1.877894482E+00-1.812678587E+00-1.748306574E+00
-1.684763967E+00-1.622008371E+00-1.559971476E+00-1.498561779E+00-1.437667902E+00
-1.377162282E+00-1.316905065E+00-1.256747985E+00-1.196538039E+00-1.136120813E+00
-1.075343343E+00-1.014056458E+00-9.521165963E-01-8.893871170E-01-8.257391776E-01
-7.610522192E-01-6.952141799E-01-6.281214887E-01-5.596789243E-01-4.897994231E-01
-4.184038818E-01-3.454210389E-01-2.707874826E-01-1.944478350E-01-1.163552099E-01
-3.647198790E-02 4.522898577E-02 1.287626775E-01 2.141294826E-01 3.013120169E-01
 3.902708905E-01 4.809392329E-01 5.732157268E-01 6.669559134E-01 7.619616825E-01
 8.579690707E-01 9.546350480E-01 1.051524851E+00 1.148102552E+00 1.243728741E+00
 1.337669338E+00 1.429117872E+00 1.517229790E+00 1.601163243E+00 1.680118970E+00
 1.753373487E+00 1.820303375E+00 1.880401784E+00 1.933289752E+00 1.978724985E+00
 2.016609664E+00 2.046997376E+00 2.070097221E+00 2.086271881E+00 2.096025298E+00
 2.099977367E+00 2.098826461E+00 2.093305578E+00 2.084139928E+00 2.072013196E+00
 2.057545392E+00 2.041281946E+00-1.986989307E+00-2.047896457E+00-2.115517406E+00
-2.189768756E+00-2.270125772E+00-2.350538187E+00-2.429086054E+00-2.505538165E+00
-2.579660617E+00-2.651245417E+00-2.720117763E+00-2.786139922E+00-2.849211153E+00
-2.909263712E+00-2.966256753E+00-3.020168922E+00-3.070991150E+00-3.118720163E+00
-3.163353074E+00-3.204883333E+00-3.243297821E+00-3.278575244E+00-3.310685431E+00
-3.339589686E+00-3.365241833E+00-3.387589785E+00-3.406577816E+00-3.422148800E+00
-3.434246912E+00-3.442820125E+00-3.447822862E+00-3.449218173E+00-3.446979994E+00
-3.441094801E+00-3.431563059E+00-3.418400307E+00-3.401637725E+00-3.381322475E+00
-3.357517611E+00-3.330301630E+00-3.299767911E+00-3.266023726E+00-3.229189251E+00
-3.189396407E+00-3.146787596E+00-3.101514502E+00-3.053736930E+00-3.003621581E+00
-2.951340988E+00-2.897072435E+00-2.840996961E+00-2.783298281E+00-2.724161642E+00
-2.663772637E+00-2.602315660E+00-2.539972429E+00-2.476919975E+00-2.413328758E+00
-2.349360230E+00-2.285164698E+00-2.220878790E+00-2.156623228E+00-2.092500786E+00
-2.028594419E+00-1.964965921E+00-1.901655009E+00-1.838678936E+00-1.776032741E+00
-1.713689997E+00-1.651604111E+00-1.589710109E+00-1.527926807E+00-1.466159229E+00
-1.404301213E+00-1.342238021E+00-1.279848886E+00-1.217009368E+00-1.153593449E+00
-1.089475342E+00-1.024530962E+00-9.586390538E-01-8.916820415E-01-8.235465819E-01
-7.541238760E-01-6.833098278E-01-6.110050190E-01-5.371146408E-01-4.615483532E-01
-3.842201835E-01-3.050484648E-01-2.239559111E-01-1.408698759E-01-5.572287363E-02
 3.154653212E-02 1.209923442E-01 2.126590757E-01 3.065787936E-01 4.027669243E-01
 5.012164144E-01 6.018896393E-01 7.047073057E-01 8.095334190E-01 9.161552913E-01
 1.024257924E+00 1.133393299E+00 1.242948176E+00 1.352119333E+00 1.459911154E+00
 1.565170268E+00 1.666658564E+00 1.763144644E+00 1.853484369E+00 1.936672812E+00
 2.011868324E+00 2.078399482E+00 2.135766192E+00 2.183642898E+00 2.221888205E+00
 2.250562278E+00 2.269949168E+00 2.280575275E+00 2.283208883E+00 2.278823502E+00
 2.268520626E+00 2.253430040E+00 2.234619815E+00 2.213038267E+00 2.189490306E+00
 2.164638203E+00-1.921046206E+00-1.977531972E+00-2.040831214E+00-2.110852916E+00
-2.187461110E+00-2.263980944E+00-2.338826300E+00-2.411845960E+00-2.482849406E+00
-2.551664531E+00-2.618141085E+00-2.682152185E+00-2.743594281E+00-2.802385464E+00
-2.858462702E+00-2.911777976E+00-2.962294394E+00-3.009982309E+00-3.054815754E+00
-3.096769733E+00-3.135817893E+00-3.171931189E+00-3.205076969E+00-3.235218862E+00
-3.262317204E+00-3.286329772E+00-3.307212985E+00-3.324923383E+00-3.339419167E+00
-3.350661855E+00-3.358617963E+00-3.363260479E+00-3.364570414E+00-3.362537866E+00
-3.357163183E+00-3.348457644E+00-3.336444055E+00-3.321157063E+00-3.302643289E+00
-3.280961271E+00-3.256181271E+00-3.228384847E+00-3.197664468E+00-3.164122851E+00
-3.127872249E+00-3.089033749E+00-3.047736249E+00-3.004115660E+00-2.958313802E+00
-2.910477459E+00-2.860757190E+00-2.809306367E+00-2.756279812E+00-2.701832562E+00
-2.646118530E+00-2.589288955E+00-2.531490851E+00-2.472865226E+00-2.413545434E+00
-2.353655333E+00-2.293307582E+00-2.232601916E+00-2.171623806E+00-2.110443051E+00
-2.049112897E+00-1.987669367E+00-1.926131004E+00-1.864498970E+00-1.802757526E+00
-1.740874887E+00-1.678804377E+00-1.616485856E+00-1.553847327E+00-1.490806680E+00
-1.427273463E+00-1.363150634E+00-1.298336213E+00-1.232724797E+00-1.166208873E+00
-1.098679928E+00-1.030029344E+00-9.601490541E-01-8.889320075E-01-8.162724299E-01
-7.420659192E-01-6.662094043E-01-5.886009885E-01-5.091397149E-01-4.277252794E-01
-3.442577290E-01-2.586371898E-01-1.707636698E-01-8.053698228E-02 1.214310507E-02
 1.073764104E-01 2.052613963E-01 3.058935300E-01 4.093625985E-01 5.157484706E-01
 6.251145290E-01 7.374975128E-01 8.528918336E-01 9.712252437E-01 1.092321114E+00
 1.215840687E+00 1.341198975E+00 1.467458608E+00 1.593241988E+00 1.716755579E+00
 1.835994137E+00 1.949027313E+00 2.054190760E+00 2.150134688E+00 2.235794458E+00
 2.310344235E+00 2.373160695E+00 2.423806126E+00 2.462034923E+00 2.487828078E+00
 2.501461248E+00 2.503603394E+00 2.495409509E+00 2.478512468E+00 2.454824778E+00
 2.426224880E+00 2.394325498E+00 2.360402112E+00 2.325421974E+00 2.290103258E+00
-1.862353889E+00-1.915527147E+00-1.975273564E+00-2.041755272E+00-2.114005464E+00
-2.187110209E+00-2.258843438E+00-2.328961174E+00-2.397302876E+00-2.463722907E+00
-2.528090818E+00-2.590291994E+00-2.650227554E+00-2.707813420E+00-2.762978846E+00
-2.815664440E+00-2.865819958E+00-2.913401918E+00-2.958371624E+00-3.000693168E+00
-3.040331964E+00-3.077253675E+00-3.111423383E+00-3.142805453E+00-3.171363438E+00
-3.197060482E+00-3.219859981E+00-3.239726281E+00-3.256625725E+00-3.270527579E+00
-3.281405027E+00-3.289236152E+00-3.294004872E+00-3.295701633E+00-3.294324130E+00
-3.289877788E+00-3.282376210E+00-3.271841448E+00-3.258304271E+00-3.241804346E+00
-3.222390367E+00-3.200120252E+00-3.175061104E+00-3.147289193E+00-3.116889661E+00
-3.083956177E+00-3.048590278E+00-3.010900554E+00-2.971001833E+00-2.929014098E+00
-2.885061462E+00-2.839270979E+00-2.791771469E+00-2.742692255E+00-2.692161788E+00
-2.640306311E+00-2.587248520E+00-2.533106035E+00-2.477990021E+00-2.422003817E+00
-2.365241539E+00-2.307786876E+00-2.249711970E+00-2.191076501E+00-2.131926976E+00
-2.072296199E+00-2.012203103E+00-1.951652706E+00-1.890636536E+00-1.829132988E+00
-1.767108213E+00-1.704516990E+00-1.641303802E+00-1.577403997E+00-1.512744984E+00
-1.447247419E+00-1.380826350E+00-1.313392252E+00-1.244851965E+00-1.175109457E+00
-1.104066458E+00-1.031622895E+00-9.576771909E-01-8.821263604E-01-8.048659798E-01
-7.257899900E-01-6.447903596E-01-5.617566270E-01-4.765753196E-01-3.891292734E-01
-2.992968559E-01-2.069510984E-01-1.119587799E-01-1.417946403E-02 8.653547693E-02
 1.903437750E-01 2.974130430E-01 4.079212554E-01 5.220566671E-01 6.400167278E-01
 7.620051823E-01 8.882257893E-01 1.018869652E+00 1.154089686E+00 1.293947467E+00
 1.438296391E+00 1.586511982E+00 1.736918014E+00 1.886182472E+00 2.030147111E+00
 2.165493395E+00 2.290011236E+00 2.402200047E+00 2.500970909E+00 2.585483823E+00
 2.655059812E+00 2.709136086E+00 2.747253348E+00 2.769081121E+00 2.774510428E+00
 2.763895928E+00 2.738608266E+00 2.701753406E+00 2.657586768E+00 2.609632844E+00
 2.560146962E+00 2.510521525E+00 2.461635986E+00 2.414052825E+00-1.808504678E+00
-1.858535032E+00-1.915297240E+00-1.978859870E+00-2.048713495E+00-2.119136421E+00
-2.188238716E+00-2.255884584E+00-2.321940750E+00-2.386284266E+00-2.448803015E+00
-2.509395964E+00-2.567972875E+00-2.624453777E+00-2.678768197E+00-2.730853913E+00
-2.780655895E+00-2.828124886E+00-2.873216144E+00-2.915888376E+00-2.956102635E+00
-2.993821678E+00-3.029009345E+00-3.061630256E+00-3.091649841E+00-3.119034287E+00
-3.143750962E+00-3.165768728E+00-3.185058480E+00-3.201593653E+00-3.215350779E+00
-3.226309979E+00-3.234455441E+00-3.239775809E+00-3.242264457E+00-3.241919718E+00
-3.238745157E+00-3.232749611E+00-3.223947554E+00-3.212359469E+00-3.198012346E+00
-3.180940465E+00-3.161186107E+00-3.138800136E+00-3.113842292E+00-3.086381190E+00
-3.056493797E+00-3.024264770E+00-2.989785473E+00-2.953152966E+00-2.914468864E+00
-2.873838248E+00-2.831368274E+00-2.787167028E+00-2.741342228E+00-2.693999945E+00
-2.645243361E+00-2.595171532E+00-2.543878148E+00-2.491450464E+00-2.437968197E+00
-2.383502519E+00-2.328115244E+00-2.271858090E+00-2.214772097E+00-2.156887319E+00
-2.098222494E+00-2.038785179E+00-1.978571731E+00-1.917567787E+00-1.855748635E+00
-1.793079868E+00-1.729518054E+00-1.665011503E+00-1.599501056E+00-1.532920877E+00
-1.465199199E+00-1.396259028E+00-1.326018733E+00-1.254392553E+00-1.181290961E+00
-1.106620904E+00-1.030285886E+00-9.521858987E-01-8.722172069E-01-7.902719554E-01
-7.062376230E-01-6.199962860E-01-5.314237116E-01-4.403882513E-01-3.467495042E-01
-2.503567449E-01-1.510470772E-01-4.864323311E-02 5.704899936E-02 1.662438487E-01
 2.791792318E-01 3.961212066E-01 5.173694400E-01 6.432640728E-01 7.741945666E-01
 9.106115316E-01 1.053043325E+00 1.202121018E+00 1.358619748E+00 1.523537570E+00
 1.698284860E+00 1.885421576E+00 2.078804523E+00 2.258943424E+00 2.424558541E+00
 2.573194148E+00 2.703983737E+00 2.817914516E+00 2.914897564E+00 2.993951059E+00
 3.052829129E+00 3.090723322E+00 3.108392891E+00 3.105197791E+00 3.079166472E+00
 3.026047662E+00 2.947860424E+00 2.870996199E+00 2.796443671E+00 2.724879100E+00
 2.656688249E+00 2.592065954E+00 2.531076316E+00-1.760443620E+00-1.807851399E+00
-1.862121456E+00-1.923240734E+00-1.991313999E+00-2.059453965E+00-2.126309730E+00
-2.191830370E+00-2.255907449E+00-2.318439723E+00-2.379333522E+00-2.438502657E+00
-2.495868108E+00-2.551357578E+00-2.604905185E+00-2.656450860E+00-2.705939707E+00
-2.753321442E+00-2.798549639E+00-2.841581104E+00-2.882375380E+00-2.920894195E+00
-2.957101121E+00-2.990961356E+00-3.022441669E+00-3.051510262E+00-3.078136983E+00
-3.102293426E+00-3.123953140E+00-3.143091848E+00-3.159687632E+00-3.173721077E+00
-3.185175402E+00-3.194036424E+00-3.200292496E+00-3.203934336E+00-3.204954854E+00
-3.203349010E+00-3.199113744E+00-3.192248493E+00-3.182756163E+00-3.170645069E+00
-3.155930807E+00-3.138637949E+00-3.118801179E+00-3.096465802E+00-3.071687197E+00
-3.044529367E+00-3.015063950E+00-2.983369074E+00-2.949528138E+00-2.913628554E+00
-2.875760230E+00-2.836014414E+00-2.794482469E+00-2.751254558E+00-2.706418574E+00
-2.660059003E+00-2.612255950E+00-2.563084133E+00-2.512612030E+00-2.460901049E+00
-2.408004922E+00-2.353969030E+00-2.298830093E+00-2.242615723E+00-2.185344271E+00
-2.127024844E+00-2.067657268E+00-2.007232357E+00-1.945732149E+00-1.883130280E+00
-1.819392489E+00-1.754477012E+00-1.688335137E+00-1.620911687E+00-1.552145497E+00
-1.481969837E+00-1.410312768E+00-1.337097403E+00-1.262242083E+00-1.185660401E+00
-1.107261132E+00-1.026947988E+00-9.446192310E-01-8.601671075E-01-7.734770904E-01
-6.844269232E-01-5.928854090E-01-4.987109434E-01-4.017497279E-01-3.018335920E-01
-1.987773752E-01-9.237573999E-02 1.760074466E-02 1.314104105E-01 2.493465107E-01
 3.717448465E-01 4.989935961E-01 6.315462956E-01 7.699394076E-01 9.148169495E-01
 1.066966390E+00 1.227373580E+00 1.397311335E+00 1.578488769E+00 1.773298323E+00
 1.985107009E+00 2.219318309E+00 2.437909290E+00 2.631367471E+00 2.804530865E+00
 2.957935928E+00 3.091595139E+00 3.200994104E+00 3.286134120E+00 3.350380130E+00
 3.393067651E+00 3.412952282E+00 3.403756792E+00 3.363729929E+00 3.293264393E+00
 3.187324426E+00 3.074175981E+00 2.970909035E+00 2.876095125E+00 2.788796938E+00
 2.708334782E+00 2.634146525E+00-1.719725774E+00-1.765398578E+00-1.817637469E+00
-1.876665433E+00-1.941612197E+00-2.007603255E+00-2.072509445E+00-2.136172861E+00
-2.198508999E+00-2.259439480E+00-2.318890436E+00-2.376791878E+00-2.433077498E+00
-2.487684609E+00-2.540554054E+00-2.591630356E+00-2.640861390E+00-2.688198403E+00
-2.733595684E+00-2.777010353E+00-2.818402104E+00-2.857732977E+00-2.894967125E+00
-2.930070754E+00-2.963011931E+00-2.993760562E+00-3.022288435E+00-3.048569138E+00
-3.072578120E+00-3.094292711E+00-3.113692003E+00-3.130756772E+00-3.145469251E+00
-3.157812775E+00-3.167771222E+00-3.175328432E+00-3.180467294E+00-3.183168742E+00
-3.183410879E+00-3.181168321E+00-3.176413456E+00-3.169121907E+00-3.159276991E+00
-3.146873107E+00-3.131918569E+00-3.114437326E+00-3.094468424E+00-3.072059471E+00
-3.047266062E+00-3.020151773E+00-2.990786788E+00-2.959245611E+00-2.925605384E+00
-2.889944855E+00-2.852343122E+00-2.812878508E+00-2.771627280E+00-2.728662898E+00
-2.684054965E+00-2.637868606E+00-2.590163601E+00-2.540993799E+00-2.490406577E+00
-2.438442375E+00-2.385134328E+00-2.330508033E+00-2.274581415E+00-2.217364548E+00
-2.158859817E+00-2.099061932E+00-2.037958104E+00-1.975528238E+00-1.911745290E+00
-1.846575443E+00-1.779978476E+00-1.711908035E+00-1.642311905E+00-1.571132237E+00
-1.498305713E+00-1.423763648E+00-1.347431980E+00-1.269231180E+00-1.189076019E+00
-1.106875216E+00-1.022530909E+00-9.359379831E-01-8.469831651E-01-7.555439236E-01
-6.614870871E-01-5.646671524E-01-4.649242502E-01-3.620816338E-01-2.559426538E-01
-1.462870392E-01-3.286635233E-02 8.460165567E-02 2.064400664E-01 3.330216371E-01
 4.647800493E-01 6.022243507E-01 7.459577215E-01 8.967019900E-01 1.055329764E+00
 1.222905968E+00 1.400739020E+00 1.590435885E+00 1.793939230E+00 2.013499048E+00
 2.251510674E+00 2.499688606E+00 2.721789799E+00 2.918915031E+00 3.091582621E+00
 3.238934414E+00 3.360045420E+00 3.456764125E+00 3.529592105E+00 3.577623654E+00
 3.598458599E+00 3.589586242E+00 3.551104728E+00 3.481502444E+00 3.377864233E+00
 3.241481387E+00 3.114222763E+00 2.999270807E+00 2.895256039E+00 2.801008543E+00
 2.715500069E+00-1.683688646E+00-1.727609890E+00-1.778149840E+00-1.835448801E+00
-1.898968398E+00-1.963249318E+00-2.026416136E+00-2.088405190E+00-2.149163795E+00
-2.208640291E+00-2.266782455E+00-2.323537273E+00-2.378851399E+00-2.432671779E+00
-2.484946345E+00-2.535624639E+00-2.584658123E+00-2.632000465E+00-2.677607718E+00
-2.721438278E+00-2.763452947E+00-2.803614848E+00-2.841889318E+00-2.878243898E+00
-2.912648205E+00-2.945073929E+00-2.975494718E+00-3.003886176E+00-3.030225669E+00
-3.054492329E+00-3.076666702E+00-3.096730533E+00-3.114666345E+00-3.130456698E+00
-3.144083435E+00-3.155526425E+00-3.164761891E+00-3.171760127E+00-3.176481993E+00
-3.178873503E+00-3.178856316E+00-3.176358406E+00-3.171318619E+00-3.163691845E+00
-3.153454386E+00-3.140611009E+00-3.125208025E+00-3.107278685E+00-3.086863217E+00
-3.064015100E+00-3.038799909E+00-3.011284880E+00-2.981538378E+00-2.949630682E+00
-2.915633063E+00-2.879615684E+00-2.841646483E+00-2.801790702E+00-2.760110212E+00
-2.716662835E+00-2.671501780E+00-2.624675045E+00-2.576225027E+00-2.526188194E+00
-2.474594851E+00-2.421468891E+00-2.366827715E+00-2.310682212E+00-2.253036645E+00
-2.193888844E+00-2.133230167E+00-2.071045694E+00-2.007314342E+00-1.942009021E+00
-1.875096761E+00-1.806538939E+00-1.736291330E+00-1.664304233E+00-1.590522491E+00
-1.514885473E+00-1.437326967E+00-1.357774983E+00-1.276151437E+00-1.192371734E+00
-1.106344183E+00-1.017969265E+00-9.271387070E-01-8.337343286E-01-7.376266577E-01
-6.386732141E-01-5.367164634E-01-4.315813212E-01-3.230721462E-01-2.109690868E-01
-9.502365445E-02 2.504669196E-02 1.495651544E-01 2.789037138E-01 4.134930926E-01
 5.538349716E-01 7.005168664E-01 8.542299275E-01 1.015789614E+00 1.186158202E+00
 1.366466355E+00 1.558028138E+00 1.762340704E+00 1.981059352E+00 2.215944938E+00
 2.469144889E+00 2.715288800E+00 2.932055731E+00 3.117402342E+00 3.276191369E+00
 3.409819053E+00 3.518667532E+00 3.600511493E+00 3.652300390E+00 3.677631845E+00
 3.676344891E+00 3.647201774E+00 3.586161290E+00 3.488722162E+00 3.357065445E+00
 3.212031103E+00 3.081906597E+00 2.965449171E+00 2.861197904E+00 2.767768028E+00
-1.653178416E+00-1.695663617E+00-1.744815278E+00-1.800654267E+00-1.863478830E+00
-1.926189072E+00-1.987704033E+00-2.048094491E+00-2.107351017E+00-2.165452974E+00
-2.222369708E+00-2.278063084E+00-2.332489968E+00-2.385604457E+00-2.437359599E+00
-2.487708617E+00-2.536605725E+00-2.584006740E+00-2.629869384E+00-2.674153603E+00
-2.716821572E+00-2.757837833E+00-2.797169210E+00-2.834784894E+00-2.870656343E+00
-2.904757243E+00-2.937063430E+00-2.967552794E+00-2.996205204E+00-3.023002270E+00
-3.047927114E+00-3.070964003E+00-3.092097860E+00-3.111313592E+00-3.128595134E+00
-3.143924116E+00-3.157278256E+00-3.168629030E+00-3.177938865E+00-3.185158234E+00
-3.190049320E+00-3.192476194E+00-3.192315770E+00-3.189464770E+00-3.183843358E+00
-3.175392202E+00-3.164358361E+00-3.150689711E+00-3.134389254E+00-3.115504426E+00
-3.094133974E+00-3.070338876E+00-3.044176645E+00-3.015711845E+00-2.985015532E+00
-2.952153395E+00-2.917186801E+00-2.880174716E+00-2.841173583E+00-2.800236072E+00
-2.757410295E+00-2.712739773E+00-2.666262951E+00-2.618013002E+00-2.568017810E+00
-2.516299776E+00-2.462875815E+00-2.407757359E+00-2.350950281E+00-2.292454987E+00
-2.232266400E+00-2.170374018E+00-2.106762048E+00-2.041409370E+00-1.974289611E+00
-1.905371254E+00-1.834617633E+00-1.761986909E+00-1.687432047E+00-1.610900711E+00
-1.532335104E+00-1.451671717E+00-1.368840997E+00-1.283766910E+00-1.196366367E+00
-1.106548533E+00-1.014213956E+00-9.192535117E-01-8.215471358E-01-7.209623037E-01
-6.173521965E-01-5.105535366E-01-4.003839945E-01-2.866390907E-01-1.690885245E-01
-4.747179740E-02 7.850699682E-02 2.091853318E-01 3.449495131E-01 4.862431325E-01
 6.335767781E-01 7.875388609E-01 9.488072385E-01 1.118160913E+00 1.296490714E+00
 1.484807648E+00 1.684247957E+00 1.896075213E+00 2.121681534E+00 2.362588340E+00
 2.617477514E+00 2.845690981E+00 3.043134289E+00 3.212652819E+00 3.355330627E+00
 3.471072590E+00 3.558200296E+00 3.618345536E+00 3.652937356E+00 3.661460750E+00
 3.642122884E+00 3.591604199E+00 3.510131485E+00 3.397660659E+00 3.253538148E+00
 3.113880639E+00 2.990450594E+00 2.881363020E+00 2.784777902E+00-1.630864838E+00
-1.672938456E+00-1.721090391E+00-1.775521304E+00-1.835508595E+00-1.896324260E+00
-1.956079922E+00-2.014803092E+00-2.072533802E+00-2.129275851E+00-2.185009531E+00
-2.239701359E+00-2.293310314E+00-2.345791654E+00-2.397099300E+00-2.447187327E+00
-2.496010840E+00-2.543526646E+00-2.589693589E+00-2.634472758E+00-2.677827707E+00
-2.719724446E+00-2.760131488E+00-2.799019845E+00-2.836363067E+00-2.872137127E+00
-2.906320399E+00-2.938893622E+00-2.969839765E+00-2.999143848E+00-3.026792830E+00
-3.052775242E+00-3.077080889E+00-3.099700219E+00-3.120623679E+00-3.139840670E+00
-3.157338131E+00-3.173098430E+00-3.187095621E+00-3.199117154E+00-3.208946724E+00
-3.216381160E+00-3.221237639E+00-3.223362907E+00-3.222641940E+00-3.219005874E+00
-3.212443488E+00-3.202943427E+00-3.190510419E+00-3.175163397E+00-3.157349777E+00
-3.137002148E+00-3.114129694E+00-3.088793589E+00-3.061106530E+00-3.031125661E+00
-2.998899192E+00-2.964479615E+00-2.927922912E+00-2.889278242E+00-2.848589592E+00
-2.805896878E+00-2.761235095E+00-2.714634414E+00-2.666120412E+00-2.615714018E+00
-2.563431546E+00-2.509284797E+00-2.453280999E+00-2.395422807E+00-2.335708418E+00
-2.274131380E+00-2.210680764E+00-2.145341088E+00-2.078092257E+00-2.008909644E+00
-1.937763950E+00-1.864621269E+00-1.789442895E+00-1.712185246E+00-1.632799660E+00
-1.551232160E+00-1.467423132E+00-1.381306936E+00-1.292811406E+00-1.201857260E+00
-1.108357375E+00-1.012215936E+00-9.133274037E-01-8.115753262E-01-7.068309304E-01
-5.989514821E-01-4.877783754E-01-3.731349293E-01-2.548238397E-01-1.326242607E-01
-6.288501844E-03 1.244617124E-01 2.599393738E-01 4.004966998E-01 5.465299208E-01
 6.984842311E-01 8.568587535E-01 1.022211455E+00 1.195164312E+00 1.376409787E+00
 1.566721336E+00 1.766973567E+00 1.978181940E+00 2.201576365E+00 2.438786940E+00
 2.674143817E+00 2.879075972E+00 3.054434120E+00 3.198723972E+00 3.315841500E+00
 3.408623540E+00 3.477802220E+00 3.522568349E+00 3.539238619E+00 3.529964902E+00
 3.495866619E+00 3.436158682E+00 3.348466112E+00 3.227435230E+00 3.085849287E+00
 2.962512988E+00 2.855530220E+00 2.762164811E+00-1.614420946E+00-1.656607761E+00
-1.704128918E+00-1.757026372E+00-1.815014113E+00-1.873491287E+00-1.931074434E+00
-1.987914450E+00-2.044035654E+00-2.099412833E+00-2.154003125E+00-2.207757080E+00
-2.260623269E+00-2.312550403E+00-2.363488448E+00-2.413389254E+00-2.462206954E+00
-2.509898162E+00-2.556422167E+00-2.601740913E+00-2.645819153E+00-2.688624371E+00
-2.730126862E+00-2.770299673E+00-2.809118563E+00-2.846562101E+00-2.882611510E+00
-2.917250765E+00-2.950466458E+00-2.982247834E+00-3.012586677E+00-3.041477154E+00
-3.068915798E+00-3.094901193E+00-3.119433805E+00-3.142515668E+00-3.164150444E+00
-3.184344006E+00-3.202966990E+00-3.219766466E+00-3.234483131E+00-3.246864208E+00
-3.256678760E+00-3.263737221E+00-3.267899009E+00-3.269068595E+00-3.267186666E+00
-3.262218904E+00-3.254158314E+00-3.243036772E+00-3.228944770E+00-3.211938267E+00
-3.192067549E+00-3.169393207E+00-3.144449237E+00-3.117117672E+00-3.087386671E+00
-3.055305434E+00-3.020965343E+00-2.984406527E+00-2.945664390E+00-2.904778190E+00
-2.861779064E+00-2.816693135E+00-2.769543538E+00-2.720349534E+00-2.669126566E+00
-2.615886552E+00-2.560637902E+00-2.503385439E+00-2.444130406E+00-2.382870358E+00
-2.319599117E+00-2.254306682E+00-2.186979219E+00-2.117598920E+00-2.046143986E+00
-1.972588587E+00-1.896902723E+00-1.819052058E+00-1.738997818E+00-1.656696536E+00
-1.572099807E+00-1.485153974E+00-1.395799754E+00-1.303971791E+00-1.209598151E+00
-1.112599714E+00-1.012889480E+00-9.103717877E-01-8.049414209E-01-6.964826090E-01
-5.848679181E-01-4.699570594E-01-3.515955834E-01-2.296135408E-01-1.038241141E-01
 2.597768460E-02 1.600161633E-01 2.985357946E-01 4.418015867E-01 5.900987521E-01
 7.437314987E-01 9.030207878E-01 1.068301213E+00 1.239917681E+00 1.418223875E+00
 1.603587180E+00 1.796411767E+00 1.997211283E+00 2.206827945E+00 2.426404565E+00
 2.626616133E+00 2.795024972E+00 2.935429916E+00 3.052580385E+00 3.147996208E+00
 3.221860692E+00 3.272002414E+00 3.298490956E+00 3.303884628E+00 3.288283009E+00
 3.250823563E+00 3.188354749E+00 3.100074547E+00 2.987063272E+00 2.874625678E+00
 2.780231244E+00 2.698739696E+00-1.605741911E+00-1.650018015E+00-1.697447013E+00
-1.748215923E+00-1.801686264E+00-1.856450295E+00-1.911482139E+00-1.966372102E+00
-2.020928349E+00-2.075028573E+00-2.128579707E+00-2.181504105E+00-2.233733813E+00
-2.285207599E+00-2.335869617E+00-2.385668382E+00-2.434556421E+00-2.482489882E+00
-2.529428307E+00-2.575334511E+00-2.620174505E+00-2.663917384E+00-2.706535283E+00
-2.748003419E+00-2.788299972E+00-2.827406206E+00-2.865306367E+00-2.901987859E+00
-2.937441168E+00-2.971660017E+00-3.004641439E+00-3.036385863E+00-3.066897240E+00
-3.096183167E+00-3.124254998E+00-3.151127635E+00-3.176819020E+00-3.201347776E+00
-3.224431053E+00-3.245771219E+00-3.265044094E+00-3.281940786E+00-3.296222821E+00
-3.307721694E+00-3.316325367E+00-3.321965691E+00-3.324603059E+00-3.324212396E+00
-3.320773957E+00-3.314269664E+00-3.304682309E+00-3.291991817E+00-3.276189431E+00
-3.257305534E+00-3.235458054E+00-3.210752191E+00-3.183278591E+00-3.153151289E+00
-3.120828050E+00-3.086173952E+00-3.049185622E+00-3.009943942E+00-2.968464858E+00
-2.924763194E+00-2.878862765E+00-2.830780526E+00-2.780530001E+00-2.728123225E+00
-2.673569749E+00-2.616876551E+00-2.558048047E+00-2.497085885E+00-2.433988844E+00
-2.368752507E+00-2.301369315E+00-2.231828437E+00-2.160115729E+00-2.086213691E+00
-2.010101340E+00-1.931754110E+00-1.851143741E+00-1.768238076E+00-1.683000904E+00
-1.595391749E+00-1.505365637E+00-1.412872840E+00-1.317858578E+00-1.220262720E+00
-1.120019422E+00-1.017056791E+00-9.112965008E-01-8.026534450E-01-6.910354212E-01
-5.763428714E-01-4.584687640E-01-3.372986516E-01-2.127110239E-01-8.457807754E-02
 4.723293356E-02 1.828575220E-01 3.224306826E-01 4.660821055E-01 6.139293855E-01
 7.660685287E-01 9.225608058E-01 1.083414390E+00 1.248558146E+00 1.417802198E+00
 1.590773183E+00 1.766791530E+00 1.944579131E+00 2.121213808E+00 2.288400219E+00
 2.438026483E+00 2.568645979E+00 2.680273996E+00 2.773087059E+00 2.847252606E+00
 2.902902190E+00 2.940147053E+00 2.959118419E+00 2.960018043E+00 2.943180161E+00
 2.909183607E+00 2.859126486E+00 2.795534029E+00 2.726061689E+00 2.660295618E+00
 2.600177506E+00-1.595034502E+00-1.639488709E+00-1.686640538E+00-1.736555892E+00
-1.788893542E+00-1.842018084E+00-1.895404260E+00-1.948847629E+00-2.002175189E+00
-2.055250846E+00-2.107966262E+00-2.160232166E+00-2.211972678E+00-2.263121489E+00
-2.313619770E+00-2.363414621E+00-2.412458162E+00-2.460706851E+00-2.508121199E+00
-2.554665337E+00-2.600306868E+00-2.645016783E+00-2.688769312E+00-2.731541938E+00
-2.773315361E+00-2.814073498E+00-2.853803637E+00-2.892496479E+00-2.930146228E+00
-2.966750890E+00-3.002312440E+00-3.036837196E+00-3.070336221E+00-3.102825968E+00
-3.134329107E+00-3.164875828E+00-3.194506126E+00-3.223064634E+00-3.250211225E+00
-3.275544734E+00-3.298674807E+00-3.319305846E+00-3.337234275E+00-3.352346563E+00
-3.364595856E+00-3.373974887E+00-3.380494295E+00-3.384166984E+00-3.384998148E+00
-3.382978912E+00-3.378082167E+00-3.370260111E+00-3.359445406E+00-3.345556689E+00
-3.328509165E+00-3.308223466E+00-3.284659325E+00-3.257853500E+00-3.227966358E+00
-3.195168999E+00-3.159590184E+00-3.121881199E+00-3.081815582E+00-3.039361149E+00
-2.994598508E+00-2.947530353E+00-2.898160695E+00-2.846505597E+00-2.792575950E+00
-2.736380493E+00-2.677927441E+00-2.617223286E+00-2.554272116E+00-2.489075444E+00
-2.421631989E+00-2.351938012E+00-2.279987139E+00-2.205770417E+00-2.129276238E+00
-2.050490226E+00-1.969395037E+00-1.885970395E+00-1.800192910E+00-1.712036005E+00
-1.621469835E+00-1.528461210E+00-1.432973536E+00-1.334966762E+00-1.234397374E+00
-1.131218426E+00-1.025379650E+00-9.168276498E-01-8.055062555E-01-6.913570511E-01
-5.743201766E-01-4.543354835E-01-3.313441600E-01-2.052909813E-01-7.612740257E-02
 5.618426558E-02 1.916652223E-01 3.303126303E-01 4.720894987E-01 6.169110580E-01
 7.646262439E-01 9.149920880E-01 1.067637400E+00 1.222009619E+00 1.377294544E+00
 1.532293507E+00 1.685248570E+00 1.833681579E+00 1.974544188E+00 2.104940925E+00
 2.222805171E+00 2.326915178E+00 2.416608886E+00 2.491558220E+00 2.551649844E+00
 2.596936985E+00 2.627636185E+00 2.644159111E+00 2.647181503E+00 2.637761082E+00
 2.617515571E+00 2.588811385E+00 2.554685470E+00 2.518147059E+00 2.481375618E+00
-1.584928585E+00-1.629232243E+00-1.676071697E+00-1.725498194E+00-1.777117942E+00
-1.829428336E+00-1.881923000E+00-1.934483757E+00-1.987000642E+00-2.039371338E+00
-2.091504161E+00-2.143318131E+00-2.194741711E+00-2.245711361E+00-2.296170325E+00
-2.346067604E+00-2.395357215E+00-2.443997633E+00-2.491951363E+00-2.539184728E+00
-2.585667518E+00-2.631372994E+00-2.676277727E+00-2.720361586E+00-2.763607790E+00
-2.806002832E+00-2.847536753E+00-2.888203139E+00-2.927999394E+00-2.966927009E+00
-3.004991856E+00-3.042204670E+00-3.078581708E+00-3.114145312E+00-3.148925071E+00
-3.182958713E+00-3.216238680E+00-3.248413644E+00-3.279027953E+00-3.307602951E+00
-3.333769600E+00-3.357284601E+00-3.378030992E+00-3.395980736E+00-3.411156930E+00
-3.423604122E+00-3.433368642E+00-3.440487056E+00-3.444980853E+00-3.446854140E+00
-3.446092985E+00-3.442664952E+00-3.436518497E+00-3.427581517E+00-3.415759084E+00
-3.400930264E+00-3.382948703E+00-3.361649055E+00-3.336868144E+00-3.308482093E+00
-3.276484216E+00-3.241055051E+00-3.202458591E+00-3.160908936E+00-3.117220022E+00
-3.071097841E+00-3.022499588E+00-2.971506259E+00-2.918119095E+00-2.862342862E+00
-2.804194032E+00-2.743685741E+00-2.680828628E+00-2.615629863E+00-2.548094231E+00
-2.478224775E+00-2.406022967E+00-2.331488711E+00-2.254619992E+00-2.175412913E+00
-2.093861431E+00-2.009957348E+00-1.923690354E+00-1.835047993E+00-1.744015749E+00
-1.650577127E+00-1.554713808E+00-1.456405822E+00-1.355631812E+00-1.252369392E+00
-1.146595605E+00-1.038287565E+00-9.274232761E-01-8.139827217E-01-6.979492722E-01
-5.793115380E-01-4.580657384E-01-3.342187601E-01-2.077920750E-01-7.882676902E-02
 5.261006015E-02 1.864171306E-01 3.224485581E-01 4.605005661E-01 6.002945171E-01
 7.414553060E-01 8.834840446E-01 1.025724378E+00 1.167323575E+00 1.307194562E+00
 1.443996249E+00 1.576164370E+00 1.702024349E+00 1.819971426E+00 1.928638558E+00
 2.026978868E+00 2.114263336E+00 2.190039455E+00 2.254089193E+00 2.306402610E+00
 2.347170610E+00 2.376795812E+00 2.395917525E+00 2.405443416E+00 2.406569830E+00
 2.400756797E+00 2.389620800E+00 2.374749855E+00 2.357518752E+00-1.575703800E+00
-1.619813642E+00-1.666394889E+00-1.715509087E+00-1.767075243E+00-1.818924507E+00
-1.870900427E+00-1.922941122E+00-1.974970835E+00-2.026914574E+00-2.078700913E+00
-2.130263253E+00-2.181540379E+00-2.232476390E+00-2.283020401E+00-2.333126217E+00
-2.382751887E+00-2.431859469E+00-2.480414704E+00-2.528386901E+00-2.575748698E+00
-2.622476028E+00-2.668548003E+00-2.713947009E+00-2.758658649E+00-2.802671801E+00
-2.845978829E+00-2.888575665E+00-2.930462057E+00-2.971641821E+00-3.012123291E+00
-3.051919759E+00-3.091050060E+00-3.129539480E+00-3.167420728E+00-3.204735563E+00
-3.241252523E+00-3.276488149E+00-3.309875621E+00-3.340963062E+00-3.369457993E+00
-3.395232468E+00-3.418272864E+00-3.438628379E+00-3.456370497E+00-3.471567134E+00
-3.484270860E+00-3.494514635E+00-3.502312412E+00-3.507660839E+00-3.510541351E+00
-3.510922248E+00-3.508759873E+00-3.503999253E+00-3.496573343E+00-3.486401262E+00
-3.473384963E+00-3.457404462E+00-3.438310633E+00-3.415917628E+00-3.389999898E+00
-3.360306547E+00-3.326610862E+00-3.288835471E+00-3.247208540E+00-3.202126040E+00
-3.153955518E+00-3.103564897E+00-3.050649606E+00-2.995181567E+00-2.937239045E+00
-2.876838704E+00-2.814000698E+00-2.748734674E+00-2.681048462E+00-2.610951305E+00
-2.538452930E+00-2.463562561E+00-2.386288393E+00-2.306637248E+00-2.224614455E+00
-2.140224006E+00-2.053468418E+00-1.964349165E+00-1.872866657E+00-1.779020574E+00
-1.682810171E+00-1.584234627E+00-1.483293505E+00-1.379987332E+00-1.274318305E+00
-1.166291193E+00-1.055914451E+00-9.432016113E-01-8.281730035E-01-7.108579001E-01
-5.912971405E-01-4.695463779E-01-3.456800612E-01-2.197962990E-01-9.202276365E-02
 3.747613204E-02 1.684906458E-01 3.007554815E-01 4.339378497E-01 5.676239233E-01
 7.013042187E-01 8.343592963E-01 9.660486406E-01 1.095507532E+00 1.221758673E+00
 1.343744938E+00 1.460384422E+00 1.570639139E+00 1.673580621E+00 1.768437144E+00
 1.854617499E+00 1.931716425E+00 1.999510771E+00 2.057953921E+00 2.107172767E+00
 2.147467421E+00 2.179312238E+00 2.203352205E+00 2.220387909E+00 2.231341296E+00
 2.237199341E+00 2.238943015E+00 2.237479012E+00-1.568647242E+00-1.612665243E+00
-1.659104621E+00-1.708003790E+00-1.759056417E+00-1.810619795E+00-1.862308010E+00
-1.914066258E+00-1.965838436E+00-2.017568174E+00-2.069200194E+00-2.120681594E+00
-2.171962306E+00-2.222995590E+00-2.273738179E+00-2.324150173E+00-2.374195028E+00
-2.423839493E+00-2.473053417E+00-2.521809769E+00-2.570084462E+00-2.617856396E+00
-2.665107471E+00-2.711822497E+00-2.757989362E+00-2.803599037E+00-2.848645727E+00
-2.893127012E+00-2.937044091E+00-2.980401946E+00-3.023209799E+00-3.065481370E+00
-3.107235455E+00-3.148496545E+00-3.189295471E+00-3.229583073E+00-3.268890713E+00
-3.306593013E+00-3.342150184E+00-3.375206984E+00-3.405614073E+00-3.433367150E+00
-3.458538569E+00-3.481222328E+00-3.501502215E+00-3.519438898E+00-3.535067433E+00
-3.548399502E+00-3.559427142E+00-3.568126616E+00-3.574461785E+00-3.578387056E+00
-3.579849567E+00-3.578790934E+00-3.575148086E+00-3.568853725E+00-3.559835748E+00
-3.548015834E+00-3.533306262E+00-3.515604817E+00-3.494786400E+00-3.470691344E+00
-3.443109271E+00-3.411763997E+00-3.376314641E+00-3.336415745E+00-3.291922718E+00
-3.243160244E+00-3.190758680E+00-3.135265082E+00-3.077415881E+00-3.016999206E+00
-2.954094444E+00-2.888682995E+00-2.820763579E+00-2.750355806E+00-2.677480410E+00
-2.602158181E+00-2.524408460E+00-2.444249168E+00-2.361696913E+00-2.276767313E+00
-2.189475308E+00-2.099835469E+00-2.007862251E+00-1.913570485E+00-1.816975684E+00
-1.718094566E+00-1.616945624E+00-1.513549820E+00-1.407931429E+00-1.300119047E+00
-1.190146825E+00-1.078055944E+00-9.638964055E-01-8.477291471E-01-7.296285672E-01
-6.096855253E-01-4.880108645E-01-3.647395255E-01-2.400353171E-01-1.140963567E-01
 1.283881632E-02 1.404845581E-01 2.685010976E-01 3.964876210E-01 5.239762464E-01
 6.504280792E-01 7.752330489E-01 8.977155590E-01 1.017147823E+00 1.132771827E+00
 1.243828820E+00 1.349592916E+00 1.449403890E+00 1.542694611E+00 1.629010628E+00
 1.708021956E+00 1.779528775E+00 1.843463145E+00 1.899888265E+00 1.948995651E+00
 1.991099474E+00 2.026626533E+00 2.056099662E+00 2.080113780E+00 2.099305019E+00
 2.114316507E+00 2.125765542E+00-1.563125109E+00-1.607119348E+00-1.653490755E+00
-1.702288000E+00-1.753124463E+00-1.804552299E+00-1.856113028E+00-1.907754453E+00
-1.959433567E+00-2.011107189E+00-2.062732717E+00-2.114268722E+00-2.165675444E+00
-2.216915172E+00-2.267952487E+00-2.318754331E+00-2.369290145E+00-2.419531834E+00
-2.469453857E+00-2.519033157E+00-2.568249232E+00-2.617084119E+00-2.665522414E+00
-2.713551405E+00-2.761161035E+00-2.808344019E+00-2.855095997E+00-2.901415612E+00
-2.947304667E+00-2.992768316E+00-3.037815355E+00-3.082458342E+00-3.126714057E+00
-3.170603660E+00-3.214153038E+00-3.257044872E+00-3.298643164E+00-3.338313952E+00
-3.375622896E+00-3.410383607E+00-3.442592191E+00-3.472340418E+00-3.499743001E+00
-3.524897755E+00-3.547871377E+00-3.568698145E+00-3.587383989E+00-3.603911856E+00
-3.618247139E+00-3.630341647E+00-3.640136997E+00-3.647567790E+00-3.652564191E+00
-3.655054098E+00-3.654964537E+00-3.652222920E+00-3.646757708E+00-3.638498522E+00
-3.627375934E+00-3.613319953E+00-3.596257237E+00-3.576106093E+00-3.552770079E+00
-3.526127469E+00-3.496013614E+00-3.462194206E+00-3.424333284E+00-3.381977229E+00
-3.334643607E+00-3.282173661E+00-3.225114641E+00-3.164345456E+00-3.101386497E+00
-3.035781431E+00-2.967507626E+00-2.896665398E+00-2.823290109E+00-2.747419604E+00
-2.669084227E+00-2.588312307E+00-2.505130682E+00-2.419565589E+00-2.331643167E+00
-2.241389924E+00-2.148833163E+00-2.054001329E+00-1.956924534E+00-1.857635038E+00
-1.756167877E+00-1.652561550E+00-1.546858909E+00-1.439108164E+00-1.329364094E+00
-1.217689462E+00-1.104156672E+00-9.888496916E-01-8.718662497E-01-7.533203690E-01
-6.333451978E-01-5.120961952E-01-3.897546151E-01-2.665312443E-01-1.426702995E-01
-1.845329424E-02 1.057974030E-01 2.297157185E-01 3.528902898E-01 4.748648451E-01
 5.951413157E-01 7.131864053E-01 8.284420786E-01 9.403398835E-01 1.048318353E+00
 1.151842013E+00 1.250420144E+00 1.343623577E+00 1.431098273E+00 1.512575205E+00
 1.587876609E+00 1.656919005E+00 1.719713348E+00 1.776362444E+00 1.827055483E+00
 1.872059361E+00 1.911706557E+00 1.946379696E+00 1.976493666E+00 2.002476581E+00
 2.024751870E+00-1.558985407E+00-1.602961213E+00-1.649334439E+00-1.698145763E+00
-1.749290215E+00-1.800723258E+00-1.852272628E+00-1.903915764E+00-1.955619947E+00
-2.007352457E+00-2.059080955E+00-2.110773935E+00-2.162400800E+00-2.213932310E+00
-2.265340562E+00-2.316599300E+00-2.367683934E+00-2.418571696E+00-2.469241678E+00
-2.519674909E+00-2.569854475E+00-2.619765550E+00-2.669395405E+00-2.718733594E+00
-2.767771942E+00-2.816504653E+00-2.864928396E+00-2.913042394E+00-2.960848548E+00
-3.008351488E+00-3.055558732E+00-3.102480764E+00-3.149131341E+00-3.195527748E+00
-3.241575424E+00-3.286690904E+00-3.330161766E+00-3.371462987E+00-3.410350046E+00
-3.446806143E+00-3.480937077E+00-3.512877423E+00-3.542739646E+00-3.570597243E+00
-3.596484357E+00-3.620402035E+00-3.642324833E+00-3.662206151E+00-3.679984484E+00
-3.695587344E+00-3.708933830E+00-3.719936493E+00-3.728504357E+00-3.734546370E+00
-3.737973608E+00-3.738700949E+00-3.736648055E+00-3.731740169E+00-3.723908172E+00
-3.713088216E+00-3.699220233E+00-3.682245276E+00-3.662102716E+00-3.638729730E+00
-3.612057957E+00-3.582003397E+00-3.548447460E+00-3.511213060E+00-3.470024963E+00
-3.424456097E+00-3.373904199E+00-3.317814212E+00-3.256368241E+00-3.190593102E+00
-3.121554771E+00-3.050100496E+00-2.976040864E+00-2.899465650E+00-2.820396847E+00
-2.738871253E+00-2.654922680E+00-2.568586123E+00-2.479897354E+00-2.388893362E+00
-2.295612806E+00-2.200096183E+00-2.102386453E+00-2.002529268E+00-1.900573734E+00
-1.796572939E+00-1.690584808E+00-1.582673025E+00-1.472908146E+00-1.361368851E+00
-1.248143389E+00-1.133331209E+00-1.017044756E+00-8.994114677E-01-7.805759275E-01
-6.607021570E-01-5.399759870E-01-4.186074505E-01-2.968330497E-01-1.749177490E-01
-5.315647928E-02 6.812514403E-02 1.885711902E-01 3.077972316E-01 4.253939278E-01
 5.409326181E-01 6.539729702E-01 7.640725066E-01 8.707975682E-01 9.737349719E-01
 1.072503592E+00 1.166765003E+00 1.256232580E+00 1.340678586E+00 1.419939085E+00
 1.493916606E+00 1.562580611E+00 1.625965774E+00 1.684168125E+00 1.737339070E+00
 1.785677443E+00 1.829419892E+00 1.868830142E+00 1.904187881E+00 1.935778122E+00
-1.557172177E+00-1.601262622E+00-1.647726719E+00-1.696605170E+00-1.747629326E+00
-1.799119513E+00-1.850740159E+00-1.902468113E+00-1.954279435E+00-2.006150608E+00
-2.058058635E+00-2.109980886E+00-2.161895327E+00-2.213780509E+00-2.265615679E+00
-2.317380994E+00-2.369057658E+00-2.420627961E+00-2.472075510E+00-2.523385268E+00
-2.574543767E+00-2.625539111E+00-2.676361107E+00-2.727001403E+00-2.777453489E+00
-2.827712811E+00-2.877776850E+00-2.927645179E+00-2.977319427E+00-3.026803410E+00
-3.076102981E+00-3.125225929E+00-3.174181749E+00-3.222980828E+00-3.271230215E+00
-3.318190497E+00-3.363236083E+00-3.406037019E+00-3.446544415E+00-3.484869730E+00
-3.521166644E+00-3.555564169E+00-3.588145143E+00-3.618946461E+00-3.647967134E+00
-3.675175673E+00-3.700519781E+00-3.723930048E+00-3.745317611E+00-3.764579034E+00
-3.781603189E+00-3.796276913E+00-3.808489370E+00-3.818133888E+00-3.825108291E+00
-3.829315344E+00-3.830663743E+00-3.829068731E+00-3.824452529E+00-3.816744371E+00
-3.805880332E+00-3.791803192E+00-3.774463189E+00-3.753819767E+00-3.729839269E+00
-3.702487784E+00-3.671719524E+00-3.637469808E+00-3.599657988E+00-3.558164797E+00
-3.512786602E+00-3.463170505E+00-3.408720194E+00-3.348596424E+00-3.282347493E+00
-3.210901260E+00-3.135787588E+00-3.058380493E+00-2.978400072E+00-2.895954624E+00
-2.811070522E+00-2.723792623E+00-2.634164720E+00-2.542233163E+00-2.448046646E+00
-2.351656443E+00-2.253116634E+00-2.152484440E+00-2.049820745E+00-1.945190461E+00
-1.838663384E+00-1.730314886E+00-1.620226958E+00-1.508489265E+00-1.395200349E+00
-1.280468957E+00-1.164415452E+00-1.047173323E+00-9.288907397E-01-8.097321395E-01
-6.898797594E-01-5.695350793E-01-4.489200296E-01-3.282778945E-01-2.078737033E-01
-8.799400177E-02 3.105421268E-02 1.489455377E-01 2.653393182E-01 3.798839718E-01
 4.922224520E-01 6.019986824E-01 7.088647128E-01 8.124882096E-01 9.125598627E-01
 1.008800304E+00 1.100966137E+00 1.188854823E+00 1.272308205E+00 1.351214589E+00
 1.425509329E+00 1.495173916E+00 1.560233653E+00 1.620753969E+00 1.676835599E+00
 1.728608816E+00 1.776227094E+00 1.819860591E+00 1.859689839E+00-1.557202869E+00
-1.601488541E+00-1.648107564E+00-1.697113960E+00-1.748126407E+00-1.799726657E+00
-1.851472734E+00-1.903337442E+00-1.955305921E+00-2.007364102E+00-2.059498203E+00
-2.111694389E+00-2.163938727E+00-2.216217207E+00-2.268515781E+00-2.320820595E+00
-2.373118143E+00-2.425395402E+00-2.477640089E+00-2.529840808E+00-2.581987156E+00
-2.634069965E+00-2.686081312E+00-2.738014685E+00-2.789865066E+00-2.841628966E+00
-2.893304545E+00-2.944891610E+00-2.996391651E+00-3.047807790E+00-3.099144714E+00
-3.150408645E+00-3.201607430E+00-3.252611726E+00-3.302743875E+00-3.351279211E+00
-3.397778511E+00-3.442136324E+00-3.484457210E+00-3.524912133E+00-3.563649309E+00
-3.600764559E+00-3.636301655E+00-3.670261121E+00-3.702612844E+00-3.733303111E+00
-3.762246101E+00-3.789329135E+00-3.814425952E+00-3.837409456E+00-3.858152360E+00
-3.876527413E+00-3.892409730E+00-3.905678862E+00-3.916219806E+00-3.923923779E+00
-3.928688875E+00-3.930420515E+00-3.929031928E+00-3.924444269E+00-3.916586907E+00
-3.905397642E+00-3.890822973E+00-3.872818295E+00-3.851347333E+00-3.826380615E+00
-3.797893260E+00-3.765865600E+00-3.730289033E+00-3.691148559E+00-3.648392036E+00
-3.601925736E+00-3.551597722E+00-3.497114101E+00-3.437921539E+00-3.373089913E+00
-3.301719521E+00-3.224425182E+00-3.143100432E+00-3.059595402E+00-2.973571922E+00
-2.885154685E+00-2.794381921E+00-2.701310851E+00-2.605999142E+00-2.508507870E+00
-2.408901212E+00-2.307246525E+00-2.203614533E+00-2.098079743E+00-1.990720883E+00
-1.881621786E+00-1.770872124E+00-1.658568405E+00-1.544814956E+00-1.429724972E+00
-1.313421603E+00-1.196039056E+00-1.077723705E+00-9.586351377E-01-8.389471361E-01
-7.188484839E-01-5.985435792E-01-4.782527269E-01-3.582120512E-01-2.386729127E-01
-1.199007550E-01-2.173300687E-03 1.142219368E-01 2.289908401E-01 3.418365138E-01
 4.524636360E-01 5.605831906E-01 6.659173401E-01 7.682042447E-01 8.672025678E-01
 9.626954516E-01 1.054493824E+00 1.142438855E+00 1.226403536E+00 1.306293311E+00
 1.382045780E+00 1.453629534E+00 1.521042206E+00 1.584307851E+00 1.643473829E+00
 1.698607397E+00 1.749792192E+00 1.797124856E+00-1.558791503E+00-1.603273702E+00
-1.650100815E+00-1.699311189E+00-1.750769287E+00-1.802542777E+00-1.854438027E+00
-1.906458714E+00-1.958601608E+00-2.010863618E+00-2.063241077E+00-2.115729218E+00
-2.168322131E+00-2.221012783E+00-2.273793268E+00-2.326655039E+00-2.379589224E+00
-2.432586868E+00-2.485639214E+00-2.538737968E+00-2.591875399E+00-2.645044628E+00
-2.698239668E+00-2.751455635E+00-2.804688711E+00-2.857936399E+00-2.911197417E+00
-2.964471806E+00-3.017761038E+00-3.071067826E+00-3.124396064E+00-3.177749802E+00
-3.231129855E+00-3.284083803E+00-3.335825788E+00-3.385791662E+00-3.433786976E+00
-3.479889218E+00-3.524281755E+00-3.567134195E+00-3.608559701E+00-3.648613129E+00
-3.687301553E+00-3.724601176E+00-3.760451214E+00-3.794745594E+00-3.827352437E+00
-3.858135734E+00-3.886954245E+00-3.913664113E+00-3.938122201E+00-3.960187770E+00
-3.979724155E+00-3.996600152E+00-4.010691070E+00-4.021879385E+00-4.030055075E+00
-4.035115925E+00-4.036967704E+00-4.035524163E+00-4.030707253E+00-4.022447214E+00
-4.010682815E+00-3.995361603E+00-3.976440017E+00-3.953883527E+00-3.927666536E+00
-3.897772747E+00-3.864194915E+00-3.826932011E+00-3.785984637E+00-3.741357093E+00
-3.693053761E+00-3.641020518E+00-3.585128700E+00-3.525138749E+00-3.460550538E+00
-3.390400094E+00-3.313459136E+00-3.230049287E+00-3.142398901E+00-3.052663900E+00
-2.960502530E+00-2.866048493E+00-2.769358021E+00-2.670503352E+00-2.569558314E+00
-2.466599718E+00-2.361707048E+00-2.254962328E+00-2.146450799E+00-2.036261730E+00
-1.924489297E+00-1.811233402E+00-1.696600555E+00-1.580704687E+00-1.463667954E+00
-1.345621549E+00-1.226706452E+00-1.107074138E+00-9.868871726E-01-8.663196725E-01
-7.455575773E-01-6.247986871E-01-5.042523992E-01-3.841391095E-01-2.646892241E-01
-1.461417630E-01-2.874252590E-02 8.725812554E-02 2.016078652E-01 3.140552761E-01
 4.243529207E-01 5.322604562E-01 6.375477091E-01 7.399975388E-01 8.394083823E-01
 9.355964122E-01 1.028397192E+00 1.117666833E+00 1.203282623E+00 1.285143145E+00
 1.363167975E+00 1.437296957E+00 1.507489221E+00 1.573721993E+00 1.635989327E+00
 1.694300834E+00 1.748680539E+00-1.562803235E+00-1.607619444E+00-1.654721057E+00
-1.704148401E+00-1.755677706E+00-1.807591989E+00-1.859618711E+00-1.911773819E+00
-1.964070076E+00-2.016518281E+00-2.069126231E+00-2.121898480E+00-2.174836637E+00
-2.227939770E+00-2.281205052E+00-2.334628161E+00-2.388203826E+00-2.441926234E+00
-2.495789359E+00-2.549787311E+00-2.603914469E+00-2.658165738E+00-2.712536739E+00
-2.767023848E+00-2.821624313E+00-2.876336332E+00-2.931159131E+00-2.986092961E+00
-3.041139294E+00-3.096301329E+00-3.151585439E+00-3.207005733E+00-3.262405545E+00
-3.317041470E+00-3.370222810E+00-3.421630054E+00-3.471286107E+00-3.519376678E+00
-3.566093990E+00-3.611572792E+00-3.655883402E+00-3.699043939E+00-3.741038417E+00
-3.781796922E+00-3.821196739E+00-3.859098237E+00-3.895353489E+00-3.929807402E+00
-3.962302071E+00-3.992679377E+00-4.020783665E+00-4.046463773E+00-4.069574547E+00
-4.089977924E+00-4.107543612E+00-4.122149304E+00-4.133680808E+00-4.142031823E+00
-4.147103718E+00-4.148805284E+00-4.147052601E+00-4.141768894E+00-4.132884717E+00
-4.120338198E+00-4.104075527E+00-4.084051438E+00-4.060230026E+00-4.032585384E+00
-4.001102184E+00-3.965775756E+00-3.926611740E+00-3.883625462E+00-3.836839302E+00
-3.786275662E+00-3.731955720E+00-3.673888371E+00-3.611978860E+00-3.546014696E+00
-3.475521896E+00-3.399486724E+00-3.316419870E+00-3.226538262E+00-3.132472639E+00
-3.036397741E+00-2.938035873E+00-2.837521880E+00-2.734934084E+00-2.630360324E+00
-2.523888880E+00-2.415607222E+00-2.305604116E+00-2.193971275E+00-2.080804401E+00
-1.966203909E+00-1.850275640E+00-1.733131469E+00-1.614889841E+00-1.495676347E+00
-1.375624231E+00-1.254874845E+00-1.133578029E+00-1.011892386E+00-8.899853927E-01
-7.680333788E-01-6.462212603E-01-5.247420764E-01-4.037962663E-01-2.835907064E-01
-1.643374942E-01-4.625250107E-02 7.044625044E-02 1.855403589E-01 2.988128880E-01
 4.100502184E-01 5.190438264E-01 6.255919435E-01 7.295010073E-01 8.305869019E-01
 9.286759399E-01 1.023605605E+00 1.115225083E+00 1.203395628E+00 1.287990806E+00
 1.368896730E+00 1.446012309E+00 1.519249605E+00 1.588534340E+00 1.653806564E+00
 1.715021489E+00-1.569121690E+00-1.614401542E+00-1.661834354E+00-1.711472225E+00
-1.762958452E+00-1.814932215E+00-1.867008716E+00-1.919219118E+00-1.971599654E+00
-2.024177996E+00-2.076973478E+00-2.129998541E+00-2.183260238E+00-2.236761689E+00
-2.290503009E+00-2.344482436E+00-2.398696792E+00-2.453142143E+00-2.507814167E+00
-2.562708507E+00-2.617820994E+00-2.673147851E+00-2.728685860E+00-2.784432388E+00
-2.840385534E+00-2.896544116E+00-2.952907554E+00-3.009475828E+00-3.066248764E+00
-3.123224792E+00-3.180396839E+00-3.237876188E+00-3.295065985E+00-3.351185387E+00
-3.405764731E+00-3.458737708E+00-3.510273713E+00-3.560586012E+00-3.609835067E+00
-3.658111136E+00-3.705446793E+00-3.751835643E+00-3.797202154E+00-3.841414057E+00
-3.884325384E+00-3.925776681E+00-3.965600509E+00-4.003625168E+00-4.039678375E+00
-4.073590502E+00-4.105196999E+00-4.134340349E+00-4.160871250E+00-4.184649451E+00
-4.205543806E+00-4.223432163E+00-4.238200894E+00-4.249744083E+00-4.257962926E+00
-4.262764897E+00-4.264063167E+00-4.261776293E+00-4.255828028E+00-4.246147449E+00
-4.232669586E+00-4.215336075E+00-4.194096224E+00-4.168908316E+00-4.139740919E+00
-4.106574154E+00-4.069400753E+00-4.028226995E+00-3.983072548E+00-3.933969539E+00
-3.880960714E+00-3.824094342E+00-3.763413168E+00-3.698955366E+00-3.630678771E+00
-3.558374962E+00-3.481555828E+00-3.399090461E+00-3.309245185E+00-3.212497492E+00
-3.111949570E+00-3.009464958E+00-2.904891662E+00-2.798361254E+00-2.689974688E+00
-2.579817572E+00-2.467976484E+00-2.354541838E+00-2.239608116E+00-2.123274026E+00
-2.005642655E+00-1.886821814E+00-1.766924394E+00-1.646068641E+00-1.524378527E+00
-1.401984033E+00-1.279021425E+00-1.155633420E+00-1.031969296E+00-9.081848675E-01
-7.844423380E-01-6.609100197E-01-5.377619098E-01-4.151771347E-01-2.933392562E-01
-1.724354980E-01-5.265588850E-02 6.580763325E-02 1.827620974E-01 2.980143397E-01
 4.113717506E-01 5.226429135E-01 6.316381046E-01 7.381696891E-01 8.420523864E-01
 9.431035125E-01 1.041143228E+00 1.135994906E+00 1.227485695E+00 1.315447412E+00
 1.399717805E+00 1.480142296E+00 1.556576157E+00 1.628887143E+00 1.696958447E+00
-1.577615675E+00-1.623469953E+00-1.671287107E+00-1.721091767E+00-1.772783852E+00
-1.824647481E+00-1.876580456E+00-1.928685176E+00-1.981025617E+00-2.033642054E+00
-2.086558934E+00-2.139790422E+00-2.193343939E+00-2.247222450E+00-2.301425993E+00
-2.355952767E+00-2.410799864E+00-2.465963720E+00-2.521440595E+00-2.577226807E+00
-2.633318965E+00-2.689714084E+00-2.746409821E+00-2.803404354E+00-2.860696579E+00
-2.918286126E+00-2.976173345E+00-3.034359671E+00-3.092848415E+00-3.151647233E+00
-3.210775172E+00-3.270089113E+00-3.328805985E+00-3.386288144E+00-3.442329999E+00
-3.497051087E+00-3.550676880E+00-3.603395842E+00-3.655322549E+00-3.706507092E+00
-3.756955922E+00-3.806594613E+00-3.855286594E+00-3.902879075E+00-3.949202818E+00
-3.994078389E+00-4.037320601E+00-4.078743258E+00-4.118162860E+00-4.155401852E+00
-4.190291034E+00-4.222671106E+00-4.252393619E+00-4.279321210E+00-4.303327189E+00
-4.324294810E+00-4.342116025E+00-4.356690267E+00-4.367923073E+00-4.375724725E+00
-4.380009268E+00-4.380693727E+00-4.377697630E+00-4.370942965E+00-4.360354585E+00
-4.345860991E+00-4.327395504E+00-4.304897766E+00-4.278315632E+00-4.247607111E+00
-4.212742538E+00-4.173706450E+00-4.130499427E+00-4.083139161E+00-4.031660842E+00
-3.976116147E+00-3.916570397E+00-3.853097827E+00-3.785769143E+00-3.714639629E+00
-3.639704556E+00-3.560743433E+00-3.477193622E+00-3.387684889E+00-3.290285387E+00
-3.186337586E+00-3.079281514E+00-2.970409066E+00-2.859778663E+00-2.747416581E+00
-2.633396628E+00-2.517807203E+00-2.400741315E+00-2.282295134E+00-2.162567967E+00
-2.041662455E+00-1.919684776E+00-1.796744708E+00-1.672955938E+00-1.548436245E+00
-1.423307708E+00-1.297696912E+00-1.171735059E+00-1.045558041E+00-9.193064249E-01
-7.931253725E-01-6.671644930E-01-5.415776451E-01-4.165227042E-01-2.921613320E-01
-1.686587557E-01-4.618360866E-02 7.509214201E-02 1.949931549E-01 3.133405359E-01
 4.299515158E-01 5.446389888E-01 6.572109522E-01 7.674699142E-01 8.752123504E-01
 9.802283521E-01 1.082301631E+00 1.181210031E+00 1.276726762E+00 1.368622483E+00
 1.456668342E+00 1.540639997E+00 1.620322519E+00 1.695515988E+00-1.589572746E+00
-1.636506247E+00-1.684801717E+00-1.734453788E+00-1.785520740E+00-1.836731721E+00
-1.888156802E+00-1.939916869E+00-1.992061821E+00-2.044615186E+00-2.097587698E+00
-2.150983175E+00-2.204801462E+00-2.259040194E+00-2.313695690E+00-2.368763668E+00
-2.424239554E+00-2.480118873E+00-2.536397459E+00-2.593071552E+00-2.650138032E+00
-2.707594361E+00-2.765438757E+00-2.823670154E+00-2.882288125E+00-2.941292825E+00
-3.000684662E+00-3.060463615E+00-3.120627767E+00-3.181169503E+00-3.242227136E+00
-3.303188271E+00-3.363289564E+00-3.422149439E+00-3.479797235E+00-3.536453578E+00
-3.592335242E+00-3.647585558E+00-3.702275740E+00-3.756428922E+00-3.809980540E+00
-3.862792745E+00-3.914707419E+00-3.965546641E+00-4.015119488E+00-4.063227499E+00
-4.109670256E+00-4.154250054E+00-4.196775873E+00-4.237066574E+00-4.274952919E+00
-4.310278940E+00-4.342902292E+00-4.372693866E+00-4.399536720E+00-4.423324590E+00
-4.443959931E+00-4.461351864E+00-4.475414239E+00-4.486063851E+00-4.493218868E+00
-4.496797849E+00-4.496718907E+00-4.492899629E+00-4.485257121E+00-4.473708778E+00
-4.458173293E+00-4.438572130E+00-4.414831637E+00-4.386885138E+00-4.354675740E+00
-4.318159012E+00-4.277305985E+00-4.232105827E+00-4.182568149E+00-4.128724382E+00
-4.070628064E+00-4.008353428E+00-3.941991588E+00-3.871643729E+00-3.797407978E+00
-3.719357116E+00-3.637495851E+00-3.551555538E+00-3.460795078E+00-3.363402320E+00
-3.257547264E+00-3.146100811E+00-3.033110289E+00-2.918259715E+00-2.801728017E+00
-2.683636825E+00-2.564083064E+00-2.443160269E+00-2.320963405E+00-2.197589398E+00
-2.073137071E+00-1.947707089E+00-1.821402042E+00-1.694326790E+00-1.566588631E+00
-1.438297594E+00-1.309566642E+00-1.180511837E+00-1.051252455E+00-9.219110896E-01
-7.926137262E-01-6.634898428E-01-5.346725312E-01-4.062987183E-01-2.785094602E-01
-1.514503998E-01-2.527239599E-02 9.986763720E-02 2.238056587E-01 3.463691906E-01
 4.673757713E-01 5.866312360E-01 7.039279001E-01 8.190427887E-01 9.317361035E-01
 1.041750221E+00 1.148809500E+00 1.252621279E+00 1.352878397E+00 1.449263471E+00
 1.541455064E+00 1.629135605E+00 1.712000714E+00-1.604823005E+00-1.653558744E+00
-1.702432776E+00-1.751426246E+00-1.800635522E+00-1.850514520E+00-1.901118106E+00
-1.952374137E+00-2.004238179E+00-2.056681985E+00-2.109685442E+00-2.163232933E+00
-2.217311590E+00-2.271910466E+00-2.327020066E+00-2.382632155E+00-2.438739543E+00
-2.495336069E+00-2.552416579E+00-2.609976925E+00-2.668013891E+00-2.726525287E+00
-2.785509932E+00-2.844967574E+00-2.904898967E+00-2.965305896E+00-3.026191092E+00
-3.087558566E+00-3.149413976E+00-3.211766179E+00-3.274520496E+00-3.336892753E+00
-3.398298322E+00-3.458616949E+00-3.518027156E+00-3.576766990E+00-3.635012183E+00
-3.692859563E+00-3.750351178E+00-3.807443139E+00-3.863999845E+00-3.919859942E+00
-3.974838300E+00-4.028733359E+00-4.081333636E+00-4.132424199E+00-4.181792385E+00
-4.229232872E+00-4.274551560E+00-4.317568531E+00-4.358119837E+00-4.396058306E+00
-4.431253240E+00-4.463589152E+00-4.492963845E+00-4.519286093E+00-4.542472651E+00
-4.562445331E+00-4.579128603E+00-4.592447322E+00-4.602325102E+00-4.608683194E+00
-4.611439945E+00-4.610510558E+00-4.605807352E+00-4.597240089E+00-4.584716764E+00
-4.568144639E+00-4.547431925E+00-4.522489738E+00-4.493234796E+00-4.459591875E+00
-4.421497769E+00-4.378905254E+00-4.331786873E+00-4.280138325E+00-4.223981041E+00
-4.163363909E+00-4.098362984E+00-4.029079377E+00-3.955633711E+00-3.878156858E+00
-3.796773531E+00-3.711572244E+00-3.622538134E+00-3.529300208E+00-3.430786771E+00
-3.324619820E+00-3.210366721E+00-3.092370284E+00-2.972876282E+00-2.851923026E+00
-2.729535491E+00-2.605787524E+00-2.480767582E+00-2.354567377E+00-2.227278525E+00
-2.098991981E+00-1.969798489E+00-1.839789011E+00-1.709055203E+00-1.577689827E+00
-1.445787059E+00-1.313442734E+00-1.180754557E+00-1.047822313E+00-9.147480947E-01
-7.816365927E-01-6.485954724E-01-5.157359103E-01-3.831732781E-01-2.510280977E-01
-1.194272445E-01 1.149449978E-02 1.415925131E-01 2.707099934E-01 3.986751806E-01
 5.252981797E-01 6.503674306E-01 7.736460108E-01 8.948679842E-01 1.013735237E+00
 1.129915296E+00 1.243040846E+00 1.352711697E+00 1.458499887E+00 1.559958384E+00
 1.656633357E+00 1.748079386E+00-1.619088002E+00-1.669204444E+00-1.718620809E+00
-1.767294019E+00-1.815395730E+00-1.864404301E+00-1.914415560E+00-1.965297561E+00
-2.016964169E+00-2.069357401E+00-2.122436507E+00-2.176171413E+00-2.230539217E+00
-2.285521877E+00-2.341104900E+00-2.397276543E+00-2.454027233E+00-2.511349298E+00
-2.569236653E+00-2.627684725E+00-2.686690298E+00-2.746251549E+00-2.806367878E+00
-2.867039964E+00-2.928269763E+00-2.990060512E+00-3.052416783E+00-3.115344758E+00
-3.178852731E+00-3.242952811E+00-3.307215214E+00-3.370880509E+00-3.433622425E+00
-3.495526181E+00-3.556833315E+00-3.617753467E+00-3.678414682E+00-3.738879336E+00
-3.799134909E+00-3.859054522E+00-3.918476122E+00-3.977209503E+00-4.035043900E+00
-4.091755488E+00-4.147114743E+00-4.200893500E+00-4.252870995E+00-4.302838904E+00
-4.350605296E+00-4.395997210E+00-4.438861993E+00-4.479067319E+00-4.516500044E+00
-4.551063942E+00-4.582676271E+00-4.611264562E+00-4.636762466E+00-4.659105691E+00
-4.678227870E+00-4.694058702E+00-4.706523469E+00-4.715543073E+00-4.721034212E+00
-4.722909611E+00-4.721078334E+00-4.715446129E+00-4.705915956E+00-4.692388720E+00
-4.674763795E+00-4.652939646E+00-4.626814309E+00-4.596286732E+00-4.561261019E+00
-4.521652471E+00-4.477392376E+00-4.428431615E+00-4.374745888E+00-4.316340426E+00
-4.253253035E+00-4.185555313E+00-4.113351898E+00-4.036776587E+00-3.955984709E+00
-3.871140058E+00-3.782392711E+00-3.689841066E+00-3.593391452E+00-3.492444786E+00
-3.385239219E+00-3.269025946E+00-3.146417802E+00-3.022499084E+00-2.897002347E+00
-2.770103945E+00-2.641926533E+00-2.512568161E+00-2.382115037E+00-2.250647266E+00
-2.118241835E+00-1.984974101E+00-1.850918693E+00-1.716150006E+00-1.580742566E+00
-1.444771252E+00-1.308311506E+00-1.171439534E+00-1.034232568E+00-8.967692210E-01
-7.591299698E-01-6.213978497E-01-4.836593642E-01-3.460057390E-01-2.085345323E-01
-7.135174931E-02 6.542552083E-02 2.016657797E-01 3.372190677E-01 4.719120891E-01
 6.055424864E-01 7.378723233E-01 8.686209916E-01 9.974579322E-01 1.123996020E+00
 1.247786758E+00 1.368318980E+00 1.485022963E+00 1.597281590E+00 1.704449294E+00
 1.805877713E+00-1.631052489E+00-1.681959818E+00-1.731866993E+00-1.780704308E+00
-1.828564499E+00-1.877410520E+00-1.927271854E+00-1.978065019E+00-2.029726181E+00
-2.082203820E+00-2.135457107E+00-2.189453683E+00-2.244167815E+00-2.299578865E+00
-2.355670209E+00-2.412428437E+00-2.469842854E+00-2.527905010E+00-2.586608493E+00
-2.645948709E+00-2.705922732E+00-2.766529188E+00-2.827768269E+00-2.889641642E+00
-2.952152388E+00-3.015304983E+00-3.079105104E+00-3.143559109E+00-3.208672537E+00
-3.274409503E+00-3.340013251E+00-3.404930931E+00-3.469089666E+00-3.532696637E+00
-3.595990608E+00-3.659135956E+00-3.722219471E+00-3.785265376E+00-3.848168819E+00
-3.910769204E+00-3.972874289E+00-4.034266489E+00-4.094710951E+00-4.153964183E+00
-4.211782206E+00-4.267927922E+00-4.322177506E+00-4.374325403E+00-4.424188113E+00
-4.471606453E+00-4.516446060E+00-4.558596814E+00-4.597970084E+00-4.634495881E+00
-4.668116866E+00-4.698779172E+00-4.726426256E+00-4.750997118E+00-4.772426536E+00
-4.790644866E+00-4.805577819E+00-4.817146217E+00-4.825266004E+00-4.829848316E+00
-4.830799792E+00-4.828022696E+00-4.821415568E+00-4.810873617E+00-4.796289473E+00
-4.777553927E+00-4.754556858E+00-4.727188554E+00-4.695341334E+00-4.658910292E+00
-4.617792922E+00-4.571892299E+00-4.521129791E+00-4.465455463E+00-4.404851507E+00
-4.339337417E+00-4.268973495E+00-4.193861509E+00-4.114142176E+00-4.029988786E+00
-3.941595809E+00-3.849160078E+00-3.752847092E+00-3.652738024E+00-3.548541846E+00
-3.439151001E+00-3.321754635E+00-3.195803330E+00-3.066557190E+00-2.936061844E+00
-2.804370112E+00-2.671541135E+00-2.537634652E+00-2.402709531E+00-2.266823438E+00
-2.130033033E+00-1.992393965E+00-1.853961088E+00-1.714788438E+00-1.574929240E+00
-1.434435944E+00-1.293360291E+00-1.151753455E+00-1.009666293E+00-8.671497766E-01
-7.242556288E-01-5.810372507E-01-4.375509929E-01-2.938579208E-01-1.500261214E-01
-6.133760687E-03 1.377269619E-01 2.814447477E-01 4.248827756E-01 5.678706430E-01
 7.101944473E-01 8.515847994E-01 9.917028742E-01 1.130125093E+00 1.266327977E+00
 1.399676256E+00 1.529419067E+00 1.654700242E+00 1.774587275E+00 1.888118563E+00
-1.640984234E+00-1.692437346E+00-1.742795026E+00-1.791989046E+00-1.840398773E+00
-1.889424244E+00-1.939421570E+00-1.990360138E+00-2.042200753E+00-2.094907197E+00
-2.148447673E+00-2.202794840E+00-2.257925639E+00-2.313820808E+00-2.370464421E+00
-2.427843493E+00-2.485947563E+00-2.544768529E+00-2.604300385E+00-2.664539003E+00
-2.725482137E+00-2.787129204E+00-2.849481367E+00-2.912541417E+00-2.976313888E+00
-3.040805096E+00-3.106023704E+00-3.171981860E+00-3.238699117E+00-3.305848562E+00
-3.372672451E+00-3.438863870E+00-3.504531776E+00-3.569924894E+00-3.635246666E+00
-3.700615834E+00-3.766089697E+00-3.831606112E+00-3.897009345E+00-3.962109268E+00
-4.026684612E+00-4.090491864E+00-4.153274840E+00-4.214774137E+00-4.274735837E+00
-4.332919333E+00-4.389103842E+00-4.443093539E+00-4.494720985E+00-4.543848933E+00
-4.590370187E+00-4.634206309E+00-4.675302209E+00-4.713612352E+00-4.749089805E+00
-4.781683878E+00-4.811340316E+00-4.838000714E+00-4.861602079E+00-4.882076493E+00
-4.899350884E+00-4.913346776E+00-4.923980091E+00-4.931161287E+00-4.934795338E+00
-4.934781968E+00-4.931016036E+00-4.923388061E+00-4.911784745E+00-4.896089882E+00
-4.876185254E+00-4.851951767E+00-4.823270660E+00-4.790024778E+00-4.752099873E+00
-4.709386406E+00-4.661781658E+00-4.609188396E+00-4.551520313E+00-4.488725323E+00
-4.420796761E+00-4.347775377E+00-4.269752573E+00-4.186869279E+00-4.099310372E+00
-4.007294273E+00-3.911055463E+00-3.810816664E+00-3.706734231E+00-3.598768944E+00
-3.486212451E+00-3.366784100E+00-3.237574815E+00-3.103286505E+00-2.967863643E+00
-2.831346262E+00-2.693773251E+00-2.555183056E+00-2.415613675E+00-2.275102486E+00
-2.133685899E+00-1.991399064E+00-1.848275411E+00-1.704346451E+00-1.559641421E+00
-1.414187104E+00-1.268007719E+00-1.121124924E+00-9.735579848E-01-8.253241614E-01
-6.764393409E-01-5.269190464E-01-3.767798860E-01-2.260416050E-01-7.472992742E-02
 7.711958287E-02 2.294563009E-01 3.822075203E-01 5.352690281E-01 6.884925212E-01
 8.416688000E-01 9.945055812E-01 1.146598750E+00 1.297396701E+00 1.446160199E+00
 1.591926432E+00 1.733496199E+00 1.869470514E+00 1.998350776E+00-1.650187309E+00
-1.702163856E+00-1.752972943E+00-1.802550696E+00-1.851201262E+00-1.900528632E+00
-1.950821038E+00-2.002057492E+00-2.054214381E+00-2.107268044E+00-2.161195909E+00
-2.215977356E+00-2.271594018E+00-2.328029927E+00-2.385271499E+00-2.443307496E+00
-2.502128850E+00-2.561728642E+00-2.622101855E+00-2.683245406E+00-2.745158037E+00
-2.807840252E+00-2.871294220E+00-2.935523837E+00-3.000534585E+00-3.066333307E+00
-3.132927170E+00-3.200320709E+00-3.268584263E+00-3.336998378E+00-3.404999410E+00
-3.472518591E+00-3.539769301E+00-3.606989124E+00-3.674337146E+00-3.741897445E+00
-3.809667773E+00-3.877508382E+00-3.945235945E+00-4.012629542E+00-4.079440255E+00
-4.145401453E+00-4.210239435E+00-4.273683560E+00-4.335475529E+00-4.395377644E+00
-4.453179507E+00-4.508703120E+00-4.561806195E+00-4.612383477E+00-4.660366370E+00
-4.705711488E+00-4.748380388E+00-4.788331989E+00-4.825522480E+00-4.859904736E+00
-4.891427815E+00-4.920036354E+00-4.945670248E+00-4.968264078E+00-4.987746768E+00
-5.004041392E+00-5.017064783E+00-5.026727477E+00-5.032933769E+00-5.035581736E+00
-5.034563504E+00-5.029765719E+00-5.021070082E+00-5.008354051E+00-4.991491851E+00
-4.970355435E+00-4.944815773E+00-4.914744199E+00-4.880013871E+00-4.840501337E+00
-4.796088280E+00-4.746662990E+00-4.692122381E+00-4.632373849E+00-4.567333841E+00
-4.496953351E+00-4.421243986E+00-4.340277965E+00-4.254188720E+00-4.163166087E+00
-4.067445869E+00-3.967292465E+00-3.862971557E+00-3.754704800E+00-3.642583189E+00
-3.526167540E+00-3.403702226E+00-3.271472468E+00-3.132170840E+00-2.991822342E+00
-2.850442669E+00-2.708049628E+00-2.564662306E+00-2.420299906E+00-2.274980778E+00
-2.128721509E+00-1.981536127E+00-1.833435346E+00-1.684425882E+00-1.534509942E+00
-1.383684747E+00-1.231942155E+00-1.079268431E+00-9.256441367E-01-7.710442353E-01
-6.154384363E-01-4.587918976E-01-3.010663745E-01-1.422220246E-01 1.777993241E-02
 1.789733194E-01 3.413813907E-01 5.050087383E-01 6.698295640E-01 8.357704789E-01
 1.002684887E+00 1.170314126E+00 1.338227607E+00 1.505730819E+00 1.671731798E+00
 1.834586010E+00 1.992037038E+00 2.141457982E+00-1.658612986E+00-1.711063121E+00
-1.762331934E+00-1.812303519E+00-1.861086919E+00-1.910792556E+00-1.961471579E+00
-2.013101971E+00-2.065669268E+00-2.119158065E+00-2.173552803E+00-2.228838522E+00
-2.285001387E+00-2.342029016E+00-2.399910674E+00-2.458637390E+00-2.518202051E+00
-2.578599330E+00-2.639825719E+00-2.701879493E+00-2.764760673E+00-2.828470981E+00
-2.893013927E+00-2.958394799E+00-3.024621057E+00-3.091703322E+00-3.159658275E+00
-3.228516321E+00-3.298105312E+00-3.367658417E+00-3.436836767E+00-3.505739051E+00
-3.574612792E+00-3.643660269E+00-3.712998228E+00-3.782678583E+00-3.852605802E+00
-3.922606093E+00-3.992464097E+00-4.061930024E+00-4.130730151E+00-4.198578627E+00
-4.265188883E+00-4.330284581E+00-4.393609498E+00-4.454936202E+00-4.514072880E+00
-4.570868739E+00-4.625217185E+00-4.677056094E+00-4.726349581E+00-4.773064587E+00
-4.817166098E+00-4.858616930E+00-4.897377224E+00-4.933403729E+00-4.966649282E+00
-4.997062223E+00-5.024585893E+00-5.049158093E+00-5.070710594E+00-5.089168756E+00
-5.104451214E+00-5.116469589E+00-5.125128390E+00-5.130324997E+00-5.131949830E+00
-5.129886627E+00-5.124012925E+00-5.114200775E+00-5.100317503E+00-5.082226848E+00
-5.059790109E+00-5.032867596E+00-5.001320064E+00-4.965010439E+00-4.923805542E+00
-4.877577833E+00-4.826207347E+00-4.769583441E+00-4.707606555E+00-4.640190693E+00
-4.567261642E+00-4.488785276E+00-4.404804634E+00-4.315437431E+00-4.220871917E+00
-4.121356003E+00-4.017179067E+00-3.908644653E+00-3.796026832E+00-3.679486704E+00
-3.558801841E+00-3.432589176E+00-3.297034801E+00-3.152796125E+00-3.007543247E+00
-2.861277080E+00-2.714001420E+00-2.565720764E+00-2.416438657E+00-2.266156050E+00
-2.114870054E+00-1.962572803E+00-1.809250442E+00-1.654882155E+00-1.499439392E+00
-1.342885028E+00-1.185172612E+00-1.026245655E+00-8.660369539E-01-7.044680210E-01
-5.414486010E-01-3.768763687E-01-2.106368963E-01-4.260398015E-02 1.273594376E-01
 2.993995200E-01 4.736684952E-01 6.503196252E-01 8.294989885E-01 1.011331855E+00
 1.195899240E+00 1.383194882E+00 1.573038215E+00 1.764872038E+00 1.957208894E+00
 2.146219590E+00 2.325370992E+00-1.665555009E+00-1.718405407E+00-1.770081061E+00
-1.820513212E+00-1.870086571E+00-1.920244682E+00-1.971366740E+00-2.023453794E+00
-2.076496703E+00-2.130484947E+00-2.185407499E+00-2.241253373E+00-2.298012202E+00
-2.355674608E+00-2.414232432E+00-2.473679009E+00-2.534009224E+00-2.595219568E+00
-2.657308183E+00-2.720274951E+00-2.784121307E+00-2.848850292E+00-2.914466422E+00
-2.980975258E+00-3.048382788E+00-3.116693564E+00-3.185906696E+00-3.256228338E+00
-3.327018364E+00-3.397659225E+00-3.468041149E+00-3.538364457E+00-3.608867255E+00
-3.679710627E+00-3.750980664E+00-3.822659986E+00-3.894591250E+00-3.966571053E+00
-4.038354159E+00-4.109664307E+00-4.180206674E+00-4.249680603E+00-4.317792028E+00
-4.384265132E+00-4.448852839E+00-4.511345855E+00-4.571580055E+00-4.629442046E+00
-4.684870865E+00-4.737835258E+00-4.788306876E+00-4.836256246E+00-4.881652424E+00
-4.924462428E+00-4.964650547E+00-5.002177833E+00-5.037001326E+00-5.069073592E+00
-5.098342040E+00-5.124748288E+00-5.148227693E+00-5.168708772E+00-5.186112817E+00
-5.200353462E+00-5.211336437E+00-5.218959491E+00-5.223112307E+00-5.223676803E+00
-5.220527355E+00-5.213531502E+00-5.202550619E+00-5.187441024E+00-5.168055045E+00
-5.144242508E+00-5.115852271E+00-5.082733988E+00-5.044739828E+00-5.001726577E+00
-4.953557431E+00-4.900104094E+00-4.841248656E+00-4.776885550E+00-4.706923200E+00
-4.631286422E+00-4.549915361E+00-4.462809066E+00-4.370061536E+00-4.271853678E+00
-4.168441578E+00-4.060136900E+00-3.947277445E+00-3.830183344E+00-3.709079972E+00
-3.583895693E+00-3.453482641E+00-3.314119336E+00-3.164987344E+00-3.014832102E+00
-2.863649542E+00-2.711435787E+00-2.558184889E+00-2.403886693E+00-2.248525370E+00
-2.092077957E+00-1.934513113E+00-1.775789907E+00-1.615856697E+00-1.454649910E+00
-1.292092763E+00-1.128093903E+00-9.625459026E-01-7.953236166E-01-6.262823383E-01
-4.552557689E-01-2.820537138E-01-1.064594892E-01 7.177304720E-02 2.529229904E-01
 4.373065946E-01 6.252826259E-01 8.172595994E-01 1.013706472E+00 1.215170078E+00
 1.422307015E+00 1.635950375E+00 1.857276861E+00 2.088353298E+00 2.331502295E+00
 2.553245534E+00-1.672094499E+00-1.725360407E+00-1.777453731E+00-1.828310235E+00
-1.878262571E+00-1.928877378E+00-1.980480324E+00-2.033068761E+00-2.086635629E+00
-2.141172595E+00-2.196670920E+00-2.253121866E+00-2.310517273E+00-2.368849877E+00
-2.428113630E+00-2.488303767E+00-2.549417091E+00-2.611451875E+00-2.674408064E+00
-2.738287206E+00-2.803092537E+00-2.868828961E+00-2.935503181E+00-3.003123762E+00
-3.071701323E+00-3.141248750E+00-3.211781080E+00-3.283341309E+00-3.355180260E+00
-3.426876731E+00-3.498482478E+00-3.570235762E+00-3.642343125E+00-3.714926159E+00
-3.788038790E+00-3.861573979E+00-3.935344678E+00-4.009116288E+00-4.082615648E+00
-4.155543480E+00-4.227588042E+00-4.298438931E+00-4.367800396E+00-4.435403654E+00
-4.501018137E+00-4.564461002E+00-4.625605096E+00-4.684383704E+00-4.740767720E+00
-4.794732770E+00-4.846254184E+00-4.895306522E+00-4.941863023E+00-4.985895028E+00
-5.027371283E+00-5.066257392E+00-5.102515048E+00-5.136101387E+00-5.166968432E+00
-5.195062256E+00-5.220322480E+00-5.242681556E+00-5.262064260E+00-5.278387214E+00
-5.291558394E+00-5.301476944E+00-5.308032994E+00-5.311107646E+00-5.310573320E+00
-5.306294068E+00-5.298126381E+00-5.285919970E+00-5.269519081E+00-5.248763756E+00
-5.223491518E+00-5.193539192E+00-5.158744725E+00-5.118949343E+00-5.073999673E+00
-5.023749788E+00-4.968063446E+00-4.906816014E+00-4.839896595E+00-4.767209777E+00
-4.688677257E+00-4.604239682E+00-4.513862735E+00-4.417607028E+00-4.315641550E+00
-4.208228667E+00-4.095701783E+00-3.978433345E+00-3.856788944E+00-3.731051214E+00
-3.601243427E+00-3.466360180E+00-3.322722796E+00-3.168690417E+00-3.013611961E+00
-2.857483651E+00-2.700296786E+00-2.542035826E+00-2.382676742E+00-2.222185780E+00
-2.060518062E+00-1.897616531E+00-1.733410461E+00-1.567814068E+00-1.400724818E+00
-1.232021493E+00-1.061561952E+00-8.891805099E-01-7.146848412E-01-5.378523217E-01
-3.584256515E-01-1.761075699E-01 9.445613398E-03 1.986320736E-01 3.919147385E-01
 5.898347635E-01 7.930298663E-01 1.002260343E+00 1.218447810E+00 1.442735532E+00
 1.676585215E+00 1.921929024E+00 2.181366411E+00 2.456183253E+00 2.710684728E+00
-1.678084930E+00-1.731714421E+00-1.784264825E+00-1.835491929E+00-1.885562965E+00
-1.936649802E+00-1.988765301E+00-2.041892927E+00-2.096024872E+00-2.151152609E+00
-2.207267612E+00-2.264361783E+00-2.322427950E+00-2.381460185E+00-2.441453877E+00
-2.502405963E+00-2.564314893E+00-2.627180725E+00-2.691005146E+00-2.755791391E+00
-2.821544401E+00-2.888270824E+00-2.955979183E+00-3.024680487E+00-3.094389403E+00
-3.165127635E+00-3.236931862E+00-3.309603875E+00-3.382426004E+00-3.455180119E+00
-3.528023427E+00-3.601192717E+00-3.674857694E+00-3.749110613E+00-3.823941185E+00
-3.899184800E+00-3.974625229E+00-4.049999311E+00-4.125009140E+00-4.199336313E+00
-4.272656803E+00-4.344655712E+00-4.415041511E+00-4.483559139E+00-4.550001802E+00
-4.614221246E+00-4.676136280E+00-4.735716094E+00-4.792939568E+00-4.847785813E+00
-4.900233999E+00-4.950262790E+00-4.997849691E+00-5.042970461E+00-5.085598494E+00
-5.125704144E+00-5.163253985E+00-5.198210192E+00-5.230529749E+00-5.260163767E+00
-5.287056711E+00-5.311145741E+00-5.332359936E+00-5.350619792E+00-5.365836581E+00
-5.377911945E+00-5.386737545E+00-5.392194967E+00-5.394155781E+00-5.392481788E+00
-5.387025625E+00-5.377631596E+00-5.364136700E+00-5.346372066E+00-5.324164617E+00
-5.297338854E+00-5.265718948E+00-5.229130931E+00-5.187405021E+00-5.140377907E+00
-5.087895017E+00-5.029812902E+00-4.966001329E+00-4.896345293E+00-4.820746940E+00
-4.739127289E+00-4.651427820E+00-4.557610594E+00-4.457700141E+00-4.351851111E+00
-4.240332033E+00-4.123499253E+00-4.001760949E+00-3.875527145E+00-3.745130137E+00
-3.610652066E+00-3.471147250E+00-3.322831560E+00-3.163867983E+00-3.003853021E+00
-2.842782179E+00-2.680639837E+00-2.517398325E+00-2.353017165E+00-2.187442275E+00
-2.020604750E+00-1.852419754E+00-1.682784861E+00-1.511578211E+00-1.338656224E+00
-1.163850835E+00-9.869661733E-01-8.077745772E-01-6.260117846E-01-4.413710940E-01
-2.534963142E-01-6.197309719E-02 1.336816996E-01 3.340332006E-01 5.397449763E-01
 7.515997060E-01 9.705251294E-01 1.197626400E+00 1.434225069E+00 1.681902008E+00
 1.942533891E+00 2.218298411E+00 2.511227087E+00 2.786632102E+00-1.682369019E+00
-1.736341302E+00-1.789219335E+00-1.840938613E+00-1.891873748E+00-1.943490929E+00
-1.996155111E+00-2.049862871E+00-2.104602774E+00-2.160363408E+00-2.217134483E+00
-2.274907203E+00-2.333674552E+00-2.393431300E+00-2.454174131E+00-2.515901459E+00
-2.578613437E+00-2.642311887E+00-2.707000257E+00-2.772683549E+00-2.839368174E+00
-2.907061846E+00-2.975773265E+00-3.045511344E+00-3.116283543E+00-3.188092149E+00
-3.261165426E+00-3.334863480E+00-3.408640786E+00-3.482460044E+00-3.556536728E+00
-3.631087106E+00-3.706245578E+00-3.782078724E+00-3.858491906E+00-3.935291372E+00
-4.012231302E+00-4.089022300E+00-4.165345243E+00-4.240866727E+00-4.315255208E+00
-4.388196623E+00-4.459409459E+00-4.528658633E+00-4.595768122E+00-4.660632437E+00
-4.723211837E+00-4.783487272E+00-4.841440684E+00-4.897054865E+00-4.950312842E+00
-5.001197271E+00-5.049689976E+00-5.095771175E+00-5.139418951E+00-5.180608579E+00
-5.219311729E+00-5.255495828E+00-5.289123208E+00-5.320150425E+00-5.348527369E+00
-5.374196490E+00-5.397092022E+00-5.417139208E+00-5.434253564E+00-5.448340335E+00
-5.459293916E+00-5.466997597E+00-5.471323394E+00-5.472132119E+00-5.469273871E+00
-5.462588615E+00-5.451907283E+00-5.437053021E+00-5.417842929E+00-5.394089899E+00
-5.365604850E+00-5.332199028E+00-5.293686511E+00-5.249886760E+00-5.200627145E+00
-5.145745439E+00-5.085092188E+00-5.018533049E+00-4.945950752E+00-4.867247073E+00
-4.782344484E+00-4.691187704E+00-4.593744991E+00-4.490021888E+00-4.380157387E+00
-4.264427961E+00-4.143215147E+00-4.016964155E+00-3.886127906E+00-3.751081116E+00
-3.611937625E+00-3.467719837E+00-3.314336786E+00-3.150448756E+00-2.985546583E+00
-2.819617498E+00-2.652632687E+00-2.484547776E+00-2.315302716E+00-2.144821063E+00
-1.973008916E+00-1.799753531E+00-1.624921314E+00-1.448355543E+00-1.269873344E+00
-1.089262086E+00-9.062749556E-01-7.206256429E-01-5.319818882E-01-3.399577080E-01
-1.441039745E-01 5.610294602E-02 2.612748421E-01 4.721279023E-01 6.895016761E-01
 9.143804925E-01 1.147916159E+00 1.391449346E+00 1.646524543E+00 1.914890694E+00
 2.198478035E+00 2.500023773E+00 2.791827643E+00-1.686059801E+00-1.740332156E+00
-1.793573674E+00-1.845724032E+00-1.897129186E+00-1.949300938E+00-2.002567421E+00
-2.056911604E+00-2.112313451E+00-2.168755889E+00-2.226225356E+00-2.284711834E+00
-2.344208346E+00-2.404710688E+00-2.466216999E+00-2.528727532E+00-2.592244437E+00
-2.656771610E+00-2.722314572E+00-2.788880415E+00-2.856477725E+00-2.925116537E+00
-2.994808227E+00-3.065565390E+00-3.137401763E+00-3.210332346E+00-3.284458732E+00
-3.359056778E+00-3.433752620E+00-3.508626403E+00-3.583909140E+00-3.659787106E+00
-3.736365362E+00-3.813663557E+00-3.891524078E+00-3.969727128E+00-4.048000091E+00
-4.126030414E+00-4.203481417E+00-4.280009002E+00-4.355278718E+00-4.428982392E+00
-4.500853954E+00-4.570684172E+00-4.638334264E+00-4.703743621E+00-4.766892476E+00
-4.827764592E+00-4.886345359E+00-4.942621077E+00-4.996578472E+00-5.048204233E+00
-5.097484310E+00-5.144403416E+00-5.188944324E+00-5.231087250E+00-5.270809057E+00
-5.308082580E+00-5.342875806E+00-5.375151028E+00-5.404863989E+00-5.431963048E+00
-5.456388213E+00-5.478070289E+00-5.496930004E+00-5.512877273E+00-5.525810444E+00
-5.535615734E+00-5.542166959E+00-5.545325359E+00-5.544939792E+00-5.540847239E+00
-5.532873749E+00-5.520835610E+00-5.504541005E+00-5.483792055E+00-5.458386987E+00
-5.428122746E+00-5.392797636E+00-5.352214107E+00-5.306181583E+00-5.254519219E+00
-5.197058472E+00-5.133645758E+00-5.064144584E+00-4.988437758E+00-4.906429188E+00
-4.818045550E+00-4.723237783E+00-4.621982264E+00-4.514284518E+00-4.400271540E+00
-4.280231743E+00-4.154575552E+00-4.023786776E+00-3.888359186E+00-3.748700961E+00
-3.604928518E+00-3.455917013E+00-3.297038289E+00-3.128348830E+00-2.958733104E+00
-2.788159255E+00-2.616579111E+00-2.443928728E+00-2.270127516E+00-2.095077251E+00
-1.918661019E+00-1.740741495E+00-1.561158724E+00-1.379727217E+00-1.196232399E+00
-1.010426267E+00-8.220222096E-01-6.306887302E-01-4.360419344E-01-2.376364980E-01
-3.495481323E-02 1.726059508E-01 3.857491424E-01 6.052963887E-01 8.322075709E-01
 1.067602102E+00 1.312779399E+00 1.569234552E+00 1.838662748E+00 2.122944072E+00
 2.424501863E+00 2.718209403E+00-1.688982237E+00-1.743371342E+00-1.797128693E+00
-1.849558763E+00-1.901145858E+00-1.953952194E+00-2.007917243E+00-2.062985744E+00
-2.119123748E+00-2.176307615E+00-2.234521747E+00-2.293756493E+00-2.354006621E+00
-2.415270273E+00-2.477548163E+00-2.540843200E+00-2.605160111E+00-2.670505290E+00
-2.736886682E+00-2.804313763E+00-2.872797539E+00-2.942350682E+00-3.012987803E+00
-3.084725683E+00-3.157583524E+00-3.231582525E+00-3.306649711E+00-3.382084346E+00
-3.457678475E+00-3.533587327E+00-3.610033741E+00-3.687172908E+00-3.765087956E+00
-3.843727690E+00-3.922900257E+00-4.002358464E+00-4.081805315E+00-4.160908512E+00
-4.239317600E+00-4.316681910E+00-4.392668465E+00-4.466979632E+00-4.539369592E+00
-4.609660055E+00-4.677754718E+00-4.743624631E+00-4.807254835E+00-4.868632152E+00
-4.927745074E+00-4.984583272E+00-5.039137077E+00-5.091396974E+00-5.141353005E+00
-5.188994220E+00-5.234308006E+00-5.277279480E+00-5.317890738E+00-5.356120058E+00
-5.391941204E+00-5.425322455E+00-5.456225736E+00-5.484605722E+00-5.510408778E+00
-5.533572006E+00-5.554022237E+00-5.571675006E+00-5.586433758E+00-5.598188972E+00
-5.606817661E+00-5.612182848E+00-5.614133702E+00-5.612505633E+00-5.607121127E+00
-5.597790887E+00-5.584315272E+00-5.566486461E+00-5.544090782E+00-5.516911366E+00
-5.484731111E+00-5.447335726E+00-5.404516847E+00-5.356075064E+00-5.301822904E+00
-5.241587599E+00-5.175213570E+00-5.102564847E+00-5.023527028E+00-4.938009099E+00
-4.845944925E+00-4.747294627E+00-4.642045514E+00-4.530213650E+00-4.411923687E+00
-4.287482948E+00-4.157335906E+00-4.022006926E+00-3.882027756E+00-3.737828435E+00
-3.589488426E+00-3.435578569E+00-3.270751153E+00-3.097562472E+00-2.923569813E+00
-2.748719192E+00-2.572945539E+00-2.396166832E+00-2.218284246E+00-2.039182159E+00
-1.858726986E+00-1.676765182E+00-1.493120627E+00-1.307591350E+00-1.119945728E+00
-9.299179754E-01-7.372028036E-01-5.414490525E-01-3.422520299E-01-1.391442785E-01
 6.841568191E-02 2.810571327E-01 4.995141597E-01 7.246467994E-01 9.574674176E-01
 1.199173368E+00 1.451185930E+00 1.715191578E+00 1.993171939E+00 2.287365420E+00
 2.575143820E+00-1.689287600E+00-1.743811775E+00-1.797686984E+00-1.850869368E+00
-1.903631962E+00-1.957321475E+00-2.012164717E+00-2.068089979E+00-2.125057442E+00
-2.183046857E+00-2.242048476E+00-2.302058754E+00-2.363077982E+00-2.425109182E+00
-2.488157354E+00-2.552229124E+00-2.617332515E+00-2.683476847E+00-2.750672623E+00
-2.818931604E+00-2.888266890E+00-2.958693071E+00-3.030226929E+00-3.102888615E+00
-3.176704772E+00-3.251716288E+00-3.327637581E+00-3.403870187E+00-3.480345860E+00
-3.557260601E+00-3.634818430E+00-3.713145747E+00-3.792300739E+00-3.872161041E+00
-3.952512631E+00-4.033083319E+00-4.113554428E+00-4.193577149E+00-4.272790873E+00
-4.350842123E+00-4.427403424E+00-4.502191599E+00-4.574985320E+00-4.645641644E+00
-4.714104551E+00-4.780357976E+00-4.844389210E+00-4.906187922E+00-4.965745589E+00
-5.023055078E+00-5.078110073E+00-5.130904722E+00-5.181432961E+00-5.229688006E+00
-5.275661738E+00-5.319344025E+00-5.360722057E+00-5.399779635E+00-5.436496199E+00
-5.470846192E+00-5.502797893E+00-5.532312587E+00-5.559343457E+00-5.583834466E+00
-5.605719247E+00-5.624919981E+00-5.641346234E+00-5.654894010E+00-5.665444817E+00
-5.672865088E+00-5.677005736E+00-5.677702228E+00-5.674774979E+00-5.668030447E+00
-5.657262461E+00-5.642254287E+00-5.622781129E+00-5.598612905E+00-5.569517553E+00
-5.535264271E+00-5.495627045E+00-5.450388055E+00-5.399340878E+00-5.342293619E+00
-5.279071790E+00-5.209520758E+00-5.133508044E+00-5.050925232E+00-4.961689639E+00
-4.865745633E+00-4.763065835E+00-4.653651892E+00-4.537535291E+00-4.414851557E+00
-4.285936864E+00-4.151276396E+00-4.011437284E+00-3.866985459E+00-3.718358649E+00
-3.565537885E+00-3.406564155E+00-3.235484659E+00-3.058268086E+00-2.880379474E+00
-2.701773248E+00-2.522365041E+00-2.342055194E+00-2.160732872E+00-1.978274893E+00
-1.794543144E+00-1.609381704E+00-1.422614104E+00-1.234040293E+00-1.043433339E+00
-8.505356675E-01-6.550546810E-01-4.566575574E-01-2.549649713E-01-4.954331103E-02
 1.601052291E-01 3.745557849E-01 5.944791070E-01 8.206684318E-01 1.054081327E+00
 1.295908006E+00 1.547685287E+00 1.811476471E+00 2.089949395E+00 2.364838358E+00
-1.687825287E+00-1.741883691E+00-1.795987338E+00-1.850109103E+00-1.904440425E+00
-1.959491136E+00-2.015459745E+00-2.072372913E+00-2.130241841E+00-2.189076022E+00
-2.248884642E+00-2.309677118E+00-2.371463100E+00-2.434252684E+00-2.498056468E+00
-2.562885575E+00-2.628751767E+00-2.695667466E+00-2.763645788E+00-2.832700473E+00
-2.902845899E+00-2.974096714E+00-3.046467336E+00-3.119970378E+00-3.194613340E+00
-3.270622818E+00-3.347348651E+00-3.424358959E+00-3.501696606E+00-3.579577841E+00
-3.658185835E+00-3.737624703E+00-3.817911341E+00-3.898874940E+00-3.980278458E+00
-4.061827383E+00-4.143184512E+00-4.223987765E+00-4.303869788E+00-4.382477705E+00
-4.459492936E+00-4.534650167E+00-4.607755765E+00-4.678705265E+00-4.747469952E+00
-4.814037190E+00-4.878396789E+00-4.940540977E+00-5.000464019E+00-5.058161730E+00
-5.113630970E+00-5.166869298E+00-5.217874311E+00-5.266643161E+00-5.313171992E+00
-5.357455261E+00-5.399485121E+00-5.439250605E+00-5.476736908E+00-5.511924460E+00
-5.544788050E+00-5.575295707E+00-5.603407707E+00-5.629075297E+00-5.652239532E+00
-5.672829957E+00-5.690763250E+00-5.705942060E+00-5.718253824E+00-5.727569725E+00
-5.733744083E+00-5.736614035E+00-5.735999682E+00-5.731704734E+00-5.723517940E+00
-5.711214896E+00-5.694560612E+00-5.673312507E+00-5.647223947E+00-5.616047934E+00
-5.579540894E+00-5.537466583E+00-5.489599662E+00-5.435729212E+00-5.375661830E+00
-5.309224418E+00-5.236266630E+00-5.156663017E+00-5.070314796E+00-4.977151181E+00
-4.877130627E+00-4.770241683E+00-4.656503668E+00-4.535967117E+00-4.408792919E+00
-4.275358638E+00-4.136197572E+00-3.991921013E+00-3.843122541E+00-3.690226051E+00
-3.533008725E+00-3.368635064E+00-3.191529794E+00-3.010771424E+00-2.829636750E+00
-2.647955253E+00-2.465611114E+00-2.282502721E+00-2.098526134E+00-1.913568088E+00
-1.727502558E+00-1.540188699E+00-1.351469171E+00-1.161168557E+00-9.690917309E-01
-7.750221052E-01-5.787197556E-01-3.799193835E-01-1.783280176E-01 2.637764551E-02
 2.345546727E-01 4.465988006E-01 6.629525199E-01 8.841201484E-01 1.110699619E+00
 1.343459187E+00 1.583562580E+00 1.833402827E+00 2.081694026E+00-1.686183351E+00
-1.739854683E+00-1.794152547E+00-1.849155402E+00-1.904902449E+00-1.961232814E+00
-2.018289334E+00-2.076162466E+00-2.134907493E+00-2.194561484E+00-2.255151759E+00
-2.316700138E+00-2.379225340E+00-2.442744299E+00-2.507272944E+00-2.572826776E+00
-2.639421104E+00-2.707071430E+00-2.775793506E+00-2.845603435E+00-2.916517747E+00
-2.988553318E+00-3.061727239E+00-3.136056756E+00-3.211559502E+00-3.288373713E+00
-3.365801755E+00-3.443539289E+00-3.521696435E+00-3.600488318E+00-3.680074937E+00
-3.760543100E+00-3.841852988E+00-3.923805016E+00-4.006139336E+00-4.088541475E+00
-4.170658403E+00-4.252117863E+00-4.332548687E+00-4.411601561E+00-4.488969572E+00
-4.564407947E+00-4.637753182E+00-4.708937379E+00-4.777944493E+00-4.844763557E+00
-4.909386666E+00-4.971808451E+00-5.032025736E+00-5.090037027E+00-5.145842170E+00
-5.199441785E+00-5.250836919E+00-5.300028385E+00-5.347016338E+00-5.391799538E+00
-5.434374788E+00-5.474736255E+00-5.512874580E+00-5.548776122E+00-5.582421988E+00
-5.613787045E+00-5.642838740E+00-5.669535859E+00-5.693827283E+00-5.715650483E+00
-5.734930043E+00-5.751576285E+00-5.765483643E+00-5.776529498E+00-5.784573113E+00
-5.789454976E+00-5.790996681E+00-5.789001124E+00-5.783253664E+00-5.773523770E+00
-5.759567446E+00-5.741130386E+00-5.717951812E+00-5.689768717E+00-5.656320053E+00
-5.617351087E+00-5.572617531E+00-5.521889340E+00-5.464954295E+00-5.401620949E+00
-5.331721420E+00-5.255113594E+00-5.171683031E+00-5.081344393E+00-4.984042765E+00
-4.879754411E+00-4.768487488E+00-4.650282358E+00-4.525212307E+00-4.393480233E+00
-4.255518865E+00-4.111915837E+00-3.963323557E+00-3.810346574E+00-3.653345827E+00
-3.491695084E+00-3.321087635E+00-3.138630644E+00-2.955584083E+00-2.772048714E+00
-2.588036919E+00-2.403514846E+00-2.218422696E+00-2.032683970E+00-1.846209620E+00
-1.658900060E+00-1.470645965E+00-1.281328916E+00-1.090822049E+00-8.989910394E-01
-7.056956224E-01-5.107919900E-01-3.141364277E-01-1.155908572E-01 8.496876628E-02
 2.876394502E-01 4.924704042E-01 6.994280520E-01 9.083321398E-01 1.118724987E+00
 1.329559590E+00 1.538357318E+00 1.739779490E+00-1.686053852E+00-1.739694365E+00
-1.794254326E+00-1.849741462E+00-1.906135671E+00-1.963259316E+00-2.021121617E+00
-2.079780125E+00-2.139283264E+00-2.199670350E+00-2.260973434E+00-2.323219546E+00
-2.386432113E+00-2.450632238E+00-2.515839529E+00-2.582072609E+00-2.649349614E+00
-2.717688507E+00-2.787107385E+00-2.857624620E+00-2.929259064E+00-3.002030212E+00
-3.075958253E+00-3.151064078E+00-3.227369135E+00-3.304893675E+00-3.382959767E+00
-3.461380307E+00-3.540308374E+00-3.619948357E+00-3.700437700E+00-3.781846721E+00
-3.864075532E+00-3.946905810E+00-4.030057110E+00-4.113197326E+00-4.195960288E+00
-4.277966087E+00-4.358842372E+00-4.438245799E+00-4.515883172E+00-4.591532100E+00
-4.665061107E+00-4.736430201E+00-4.805627405E+00-4.872643729E+00-4.937473262E+00
-5.000112828E+00-5.060561495E+00-5.118820291E+00-5.174891657E+00-5.228779139E+00
-5.280486884E+00-5.330019078E+00-5.377379518E+00-5.422570995E+00-5.465594691E+00
-5.506449500E+00-5.545131278E+00-5.581632039E+00-5.615939073E+00-5.648033835E+00
-5.677890943E+00-5.705476794E+00-5.730748277E+00-5.753651153E+00-5.774118533E+00
-5.792068897E+00-5.807404797E+00-5.820010862E+00-5.829752421E+00-5.836474882E+00
-5.840003230E+00-5.840141990E+00-5.836675571E+00-5.829369470E+00-5.817972269E+00
-5.802218635E+00-5.781833976E+00-5.756539745E+00-5.726057046E+00-5.690112390E+00
-5.648442306E+00-5.600797583E+00-5.546947131E+00-5.486681403E+00-5.419815175E+00
-5.346190115E+00-5.265676706E+00-5.178175776E+00-5.083619795E+00-4.981973711E+00
-4.873235604E+00-4.757437041E+00-4.634643167E+00-4.504955441E+00-4.368639834E+00
-4.226199164E+00-4.078281965E+00-3.925580371E+00-3.768698096E+00-3.607895336E+00
-3.441894284E+00-3.264677246E+00-3.079373071E+00-2.893952518E+00-2.708404985E+00
-2.522692205E+00-2.336765113E+00-2.150568833E+00-1.964044595E+00-1.777130696E+00
-1.589763673E+00-1.401879792E+00-1.213417125E+00-1.024318414E+00-8.345350530E-01
-6.440325614E-01-4.527981943E-01-2.608515673E-01-6.825972792E-02 1.248411664E-01
 3.182140435E-01 5.114733763E-01 7.040134735E-01 8.949025376E-01 1.082743059E+00
 1.265553404E+00 1.440837696E+00-1.686700869E+00-1.740464399E+00-1.795264881E+00
-1.851114889E+00-1.907973690E+00-1.965642843E+00-2.024097019E+00-2.083370383E+00
-2.143497293E+00-2.204509642E+00-2.266436476E+00-2.329304091E+00-2.393136592E+00
-2.457956360E+00-2.523784534E+00-2.590641326E+00-2.658546538E+00-2.727519723E+00
-2.797580548E+00-2.868748991E+00-2.941045844E+00-3.014492886E+00-3.089113448E+00
-3.164932526E+00-3.241975776E+00-3.320133406E+00-3.398787712E+00-3.477849907E+00
-3.557497758E+00-3.637921102E+00-3.719237113E+00-3.801493556E+00-3.884541963E+00
-3.968146959E+00-4.052009963E+00-4.135783657E+00-4.219091233E+00-4.301547513E+00
-4.382781035E+00-4.462456246E+00-4.540295258E+00-4.616099009E+00-4.689767745E+00
-4.761278505E+00-4.830620670E+00-4.897787070E+00-4.962773617E+00-5.025579031E+00
-5.086204476E+00-5.144653168E+00-5.200929971E+00-5.255040988E+00-5.306993118E+00
-5.356793666E+00-5.404449744E+00-5.449967765E+00-5.493352941E+00-5.534608567E+00
-5.573735322E+00-5.610730569E+00-5.645587372E+00-5.678293639E+00-5.708830865E+00
-5.737173027E+00-5.763285052E+00-5.787121132E+00-5.808623253E+00-5.827718943E+00
-5.844318311E+00-5.858313273E+00-5.869576520E+00-5.877960185E+00-5.883294660E+00
-5.885388149E+00-5.884026536E+00-5.878973999E+00-5.869974702E+00-5.856755466E+00
-5.839029547E+00-5.816501387E+00-5.788872091E+00-5.755849182E+00-5.717149675E+00
-5.672504905E+00-5.621664908E+00-5.564402137E+00-5.500514489E+00-5.429827859E+00
-5.352198295E+00-5.267513564E+00-5.175694356E+00-5.076695327E+00-4.970505511E+00
-4.857148858E+00-4.736684293E+00-4.609205758E+00-4.474853522E+00-4.333981976E+00
-4.187177473E+00-4.035153672E+00-3.878637044E+00-3.718207837E+00-3.553896086E+00
-3.383227637E+00-3.199643632E+00-3.012396296E+00-2.825468819E+00-2.638758522E+00
-2.452208938E+00-2.265780540E+00-2.079441044E+00-1.893162835E+00-1.706923184E+00
-1.520705998E+00-1.334504545E+00-1.148325259E+00-9.621927693E-01-7.761564908E-01
-5.902992185E-01-4.047483845E-01-2.196907419E-01-3.539151538E-02 1.477809795E-01
 3.293245733E-01 5.085672806E-01 6.846311856E-01 8.564091626E-01 1.022577077E+00
 1.181664111E+00-1.687786050E+00-1.741711890E+00-1.796734108E+00-1.852891557E+00
-1.910174116E+00-1.968264147E+00-2.027178530E+00-2.086942466E+00-2.147580817E+00
-2.209118616E+00-2.271580376E+00-2.334989700E+00-2.399369354E+00-2.464741138E+00
-2.531126251E+00-2.598545271E+00-2.667018486E+00-2.736566010E+00-2.807208072E+00
-2.878965154E+00-2.951858552E+00-3.025910995E+00-3.101148390E+00-3.177603427E+00
-3.255324761E+00-3.334053630E+00-3.413257550E+00-3.492921755E+00-3.573236548E+00
-3.654376925E+00-3.736444149E+00-3.819455255E+00-3.903228736E+00-3.987511779E+00
-4.071989833E+00-4.156302832E+00-4.240065481E+00-4.322889403E+00-4.404405697E+00
-4.484287895E+00-4.562274251E+00-4.638189575E+00-4.711962444E+00-4.783577976E+00
-4.853026793E+00-4.920303197E+00-4.985404767E+00-5.048331889E+00-5.109087588E+00
-5.167676977E+00-5.224107092E+00-5.278386284E+00-5.330523970E+00-5.380530129E+00
-5.428414857E+00-5.474187900E+00-5.517858037E+00-5.559432554E+00-5.598916603E+00
-5.636312396E+00-5.671618516E+00-5.704828822E+00-5.735931552E+00-5.764907967E+00
-5.791730882E+00-5.816363460E+00-5.838756233E+00-5.858843549E+00-5.876543696E+00
-5.891757113E+00-5.904364786E+00-5.914226580E+00-5.921179920E+00-5.925038630E+00
-5.925592293E+00-5.922606389E+00-5.915823142E+00-5.904963831E+00-5.889732102E+00
-5.869818812E+00-5.844908152E+00-5.814684797E+00-5.778840709E+00-5.737088019E+00
-5.689157678E+00-5.634804446E+00-5.573809769E+00-5.505984526E+00-5.431171006E+00
-5.349244770E+00-5.260115731E+00-5.163729113E+00-5.060066040E+00-4.949143875E+00
-4.831016274E+00-4.705773185E+00-4.573540714E+00-4.434520656E+00-4.289177965E+00
-4.138188634E+00-3.982323718E+00-3.822316797E+00-3.658650364E+00-3.490763042E+00
-3.313976991E+00-3.125766494E+00-2.937852507E+00-2.750372606E+00-2.563367427E+00
-2.376847491E+00-2.190816460E+00-2.005280127E+00-1.820250820E+00-1.635750755E+00
-1.451815519E+00-1.268498188E+00-1.085874323E+00-9.040481165E-01-7.231598657E-01
-5.433950234E-01-3.649949747E-01-1.882695703E-01-1.361102208E-02 1.584918749E-01
 3.274414522E-01 4.925246583E-01 6.529176667E-01 8.077070594E-01 9.559298436E-01
-1.689291369E+00-1.743386602E+00-1.798630528E+00-1.855038673E+00-1.912570707E+00
-1.970998691E+00-2.030286588E+00-2.090451729E+00-2.151513470E+00-2.213492255E+00
-2.276408894E+00-2.340284412E+00-2.405139660E+00-2.470995369E+00-2.537871925E+00
-2.605789617E+00-2.674768479E+00-2.744828432E+00-2.815989240E+00-2.888270494E+00
-2.961691338E+00-3.036269794E+00-3.112021246E+00-3.188954511E+00-3.267363560E+00
-3.346636249E+00-3.426359419E+00-3.506583817E+00-3.587508855E+00-3.669297456E+00
-3.752039801E+00-3.835716512E+00-3.920124576E+00-4.004995153E+00-4.089999743E+00
-4.174767582E+00-4.258906884E+00-4.342027529E+00-4.423764471E+00-4.503801104E+00
-4.581892039E+00-4.657885860E+00-4.731733448E+00-4.803423059E+00-4.872946633E+00
-4.940299770E+00-5.005481464E+00-5.068493594E+00-5.129340753E+00-5.188029799E+00
-5.244569550E+00-5.298970392E+00-5.351243911E+00-5.401402472E+00-5.449458785E+00
-5.495425503E+00-5.539314602E+00-5.581136972E+00-5.620901738E+00-5.658615607E+00
-5.694282123E+00-5.727900822E+00-5.759466201E+00-5.788966516E+00-5.816382779E+00
-5.841686060E+00-5.864832700E+00-5.885765055E+00-5.904409741E+00-5.920675765E+00
-5.934452830E+00-5.945609445E+00-5.953991211E+00-5.959419219E+00-5.961688866E+00
-5.960569196E+00-5.955803092E+00-5.947108908E+00-5.934183294E+00-5.916705830E+00
-5.894345127E+00-5.866766270E+00-5.833639325E+00-5.794647803E+00-5.749499983E+00
-5.697933808E+00-5.639715084E+00-5.574640448E+00-5.502539538E+00-5.423276615E+00
-5.336751848E+00-5.242902087E+00-5.141701561E+00-5.033161993E+00-4.917332814E+00
-4.794301066E+00-4.664191150E+00-4.527164363E+00-4.383524188E+00-4.233858627E+00
-4.078931042E+00-3.919552814E+00-3.756425725E+00-3.589828244E+00-3.418064927E+00
-3.234128064E+00-3.044772338E+00-2.856412540E+00-2.668948916E+00-2.482358873E+00
-2.296650491E+00-2.111847507E+00-1.927985749E+00-1.745113824E+00-1.563295587E+00
-1.382613651E+00-1.203173562E+00-1.025108696E+00-8.485857844E-01-6.738110768E-01
-5.010369644E-01-3.305687499E-01-1.627709643E-01 1.927777290E-03 1.630327456E-01
 3.199856645E-01 4.721736246E-01 6.189454915E-01 7.596356033E-01-1.690919318E+00
-1.745183318E+00-1.800623568E+00-1.857257112E+00-1.915034719E+00-1.973746004E+00
-2.033343839E+00-2.093841763E+00-2.155256149E+00-2.217604631E+00-2.280905636E+00
-2.345178154E+00-2.410441561E+00-2.476715352E+00-2.544019175E+00-2.612372659E+00
-2.681795510E+00-2.752307319E+00-2.823927696E+00-2.896676075E+00-2.970571698E+00
-3.045633420E+00-3.121879629E+00-3.199328579E+00-3.278240039E+00-3.357951311E+00
-3.438123895E+00-3.518845066E+00-3.600312199E+00-3.682674771E+00-3.766013312E+00
-3.850269769E+00-3.935226322E+00-4.020600086E+00-4.106050486E+00-4.191197866E+00
-4.275645439E+00-4.359002641E+00-4.440909035E+00-4.521058096E+00-4.599220551E+00
-4.675267640E+00-4.749165860E+00-4.820904709E+00-4.890477248E+00-4.957880282E+00
-5.023113927E+00-5.086181398E+00-5.147088645E+00-5.205843981E+00-5.262457791E+00
-5.316942187E+00-5.369310655E+00-5.419577611E+00-5.467758035E+00-5.513867098E+00
-5.557919604E+00-5.599929564E+00-5.639909689E+00-5.677870635E+00-5.713820543E+00
-5.747764061E+00-5.779701617E+00-5.809628152E+00-5.837532390E+00-5.863389954E+00
-5.887164125E+00-5.908804695E+00-5.928246190E+00-5.945406004E+00-5.960182641E+00
-5.972453655E+00-5.982073758E+00-5.988872584E+00-5.992653010E+00-5.993189738E+00
-5.990228734E+00-5.983488039E+00-5.972659887E+00-5.957414884E+00-5.937408042E+00
-5.912286790E+00-5.881699920E+00-5.845307322E+00-5.802789971E+00-5.753859516E+00
-5.698267909E+00-5.635798920E+00-5.566270774E+00-5.489537713E+00-5.405491305E+00
-5.314061152E+00-5.215215532E+00-5.108961558E+00-4.995345290E+00-4.874451540E+00
-4.746403781E+00-4.611363773E+00-4.469542552E+00-4.321393118E+00-4.167627020E+00
-4.009080905E+00-3.846574273E+00-3.680702350E+00-3.511163881E+00-3.333861273E+00
-3.144215529E+00-2.955373473E+00-2.767574334E+00-2.580928194E+00-2.395501168E+00
-2.211348075E+00-2.028526173E+00-1.847101948E+00-1.667155613E+00-1.488784904E+00
-1.312108601E+00-1.137270162E+00-9.644414289E-01-7.938263239E-01-6.256643676E-01
-4.602336883E-01-2.978530926E-01-1.388825839E-01 1.627836143E-02 1.671954319E-01
 3.134075945E-01 4.544388277E-01 5.898131134E-01-1.692560856E+00-1.746976316E+00
-1.802590063E+00-1.859425684E+00-1.917476850E+00-1.976429916E+00-2.036285952E+00
-2.097059981E+00-2.158766981E+00-2.221423075E+00-2.285045276E+00-2.349651372E+00
-2.415259654E+00-2.481888783E+00-2.549557711E+00-2.618285619E+00-2.688091790E+00
-2.758995715E+00-2.831016927E+00-2.904175114E+00-2.978490040E+00-3.053981702E+00
-3.130670428E+00-3.208577318E+00-3.287906511E+00-3.367986918E+00-3.448547626E+00
-3.529701702E+00-3.611641154E+00-3.694502765E+00-3.778357766E+00-3.863111673E+00
-3.948535624E+00-4.034334502E+00-4.120157487E+00-4.205617594E+00-4.290314300E+00
-4.373857484E+00-4.455891671E+00-4.536120216E+00-4.614329157E+00-4.690410311E+00
-4.764340155E+00-4.836108767E+00-4.905710179E+00-4.973142162E+00-5.038405860E+00
-5.101505575E+00-5.162448379E+00-5.221243845E+00-5.277903715E+00-5.332441553E+00
-5.384872396E+00-5.435212443E+00-5.483478630E+00-5.529688260E+00-5.573858561E+00
-5.616006311E+00-5.656147247E+00-5.694295610E+00-5.730463529E+00-5.764660385E+00
-5.796891815E+00-5.827159718E+00-5.855456963E+00-5.881764252E+00-5.906051161E+00
-5.928274131E+00-5.948374973E+00-5.966278948E+00-5.981893124E+00-5.995104221E+00
-6.005776078E+00-6.013747765E+00-6.018831228E+00-6.020808977E+00-6.019432404E+00
-6.014421334E+00-6.005465597E+00-5.992228941E+00-5.974355194E+00-5.951476017E+00
-5.923220316E+00-5.889225506E+00-5.849148011E+00-5.802673940E+00-5.749528797E+00
-5.689486004E+00-5.622354115E+00-5.547978984E+00-5.466244911E+00-5.377075491E+00
-5.280434062E+00-5.176324075E+00-5.064788855E+00-4.945911687E+00-4.819815383E+00
-4.686661974E+00-4.546651859E+00-4.400101777E+00-4.247635635E+00-4.090077271E+00
-3.928309567E+00-3.763107745E+00-3.594821680E+00-3.421821617E+00-3.236856388E+00
-3.046728365E+00-2.858250929E+00-2.671363117E+00-2.486072875E+00-2.302417639E+00
-2.120451781E+00-1.940244014E+00-1.761877997E+00-1.585454256E+00-1.411092308E+00
-1.238932901E+00-1.069140137E+00-9.019033379E-01-7.374385152E-01-5.759892130E-01
-4.178264346E-01-2.632473617E-01-1.125725372E-01 3.385872794E-02 1.756948837E-01
 3.125805287E-01 4.441663815E-01-1.694315189E+00-1.748875260E+00-1.804647958E+00
-1.861650345E+00-1.919845171E+00-1.978994735E+00-2.039062776E+00-2.100062375E+00
-2.162007947E+00-2.224915073E+00-2.288800202E+00-2.353680523E+00-2.419573747E+00
-2.486498010E+00-2.554471875E+00-2.623514101E+00-2.693643792E+00-2.764880249E+00
-2.837242984E+00-2.910751801E+00-2.985426812E+00-3.061288443E+00-3.138357658E+00
-3.216656083E+00-3.296334007E+00-3.376725940E+00-3.457618832E+00-3.539144116E+00
-3.621487660E+00-3.704775103E+00-3.789067989E+00-3.874241276E+00-3.960056781E+00
-4.046208983E+00-4.132338475E+00-4.218052307E+00-4.302947300E+00-4.386634281E+00
-4.468762776E+00-4.549045520E+00-4.627282558E+00-4.703383516E+00-4.777330585E+00
-4.849114389E+00-4.918729713E+00-4.986175145E+00-5.051452678E+00-5.114567488E+00
-5.175527635E+00-5.234343698E+00-5.291028545E+00-5.345596961E+00-5.398065279E+00
-5.448451192E+00-5.496773243E+00-5.543050558E+00-5.587302397E+00-5.629547867E+00
-5.669805337E+00-5.708092111E+00-5.744423806E+00-5.778813949E+00-5.811273002E+00
-5.841808271E+00-5.870415280E+00-5.897079845E+00-5.921776736E+00-5.944468208E+00
-5.965102367E+00-5.983611704E+00-5.999911075E+00-6.013895380E+00-6.025438084E+00
-6.034388919E+00-6.040569866E+00-6.043772039E+00-6.043753669E+00-6.040238904E+00
-6.032918154E+00-6.021450555E+00-6.005469415E+00-5.984591646E+00-5.958428794E+00
-5.926597251E+00-5.888730594E+00-5.844491214E+00-5.793580354E+00-5.735749697E+00
-5.670801013E+00-5.598573705E+00-5.518946453E+00-5.431838181E+00-5.337208451E+00
-5.235057785E+00-5.125427671E+00-5.008400363E+00-4.884098597E+00-4.752685334E+00
-4.614363338E+00-4.469384919E+00-4.318256421E+00-4.161758317E+00-4.000797091E+00
-3.836250295E+00-3.668739045E+00-3.497838555E+00-3.318794192E+00-3.128304224E+00
-2.939422367E+00-2.752321561E+00-2.567092512E+00-2.383799726E+00-2.202504706E+00
-2.023276125E+00-1.846194866E+00-1.671356743E+00-1.498874402E+00-1.328878618E+00
-1.161519305E+00-9.969661282E-01-8.354087286E-01-6.770563408E-01-5.221367336E-01
-3.708942840E-01-2.235870358E-01-8.048269619E-02 5.814646159E-02 1.920297081E-01
 3.209047563E-01-1.696023677E+00-1.750714252E+00-1.806622139E+00-1.863765612E+00
-1.922094714E+00-1.981401727E+00-2.041637556E+00-2.102814378E+00-2.164946998E+00
-2.228051189E+00-2.292143499E+00-2.357241057E+00-2.423361381E+00-2.490522453E+00
-2.558742544E+00-2.628040219E+00-2.698434331E+00-2.769944025E+00-2.842588698E+00
-2.916388152E+00-2.991362483E+00-3.067532191E+00-3.144918320E+00-3.223542358E+00
-3.303505572E+00-3.384155280E+00-3.465326156E+00-3.547162192E+00-3.629843228E+00
-3.713485525E+00-3.798140280E+00-3.883659139E+00-3.969795471E+00-4.056235075E+00
-4.142611491E+00-4.228527098E+00-4.313576817E+00-4.397372736E+00-4.479569091E+00
-4.559887120E+00-4.638139388E+00-4.714249918E+00-4.788203945E+00-4.859992709E+00
-4.929611579E+00-4.997059762E+00-5.062339950E+00-5.125458073E+00-5.186422929E+00
-5.245245949E+00-5.301940911E+00-5.356523568E+00-5.409011380E+00-5.459423161E+00
-5.507778812E+00-5.554098951E+00-5.598404543E+00-5.640716573E+00-5.681055640E+00
-5.719441586E+00-5.755893013E+00-5.790426876E+00-5.823058347E+00-5.853797406E+00
-5.882642638E+00-5.909583870E+00-5.934600155E+00-5.957658455E+00-5.978712246E+00
-5.997700044E+00-6.014543100E+00-6.029144567E+00-6.041388086E+00-6.051132803E+00
-6.058209439E+00-6.062419322E+00-6.063531300E+00-6.061276302E+00-6.055345340E+00
-6.045393152E+00-6.031046339E+00-6.011909201E+00-5.987574973E+00-5.957641500E+00
-5.921721744E+00-5.879456587E+00-5.830526112E+00-5.774658284E+00-5.711643325E+00
-5.641316335E+00-5.563552216E+00-5.478266638E+00-5.385416448E+00-5.285000174E+00
-5.177057888E+00-5.061671186E+00-4.938962746E+00-4.809096072E+00-4.672274954E+00
-4.528742652E+00-4.378892639E+00-4.223441290E+00-4.063292006E+00-3.899382331E+00
-3.732496711E+00-3.562850854E+00-3.387971225E+00-3.200243626E+00-3.010403704E+00
-2.822829863E+00-2.637495790E+00-2.454410591E+00-2.273606685E+00-2.095135266E+00
-1.919064678E+00-1.745479796E+00-1.574481849E+00-1.406188347E+00-1.240732946E+00
-1.078265111E+00-9.189495015E-01-7.629649467E-01-6.105029354E-01-4.617655247E-01
-3.169626256E-01-1.763086190E-01-4.001836346E-02 9.169735482E-02 2.186367754E-01
-1.697628914E+00-1.752426048E+00-1.808445681E+00-1.865706369E+00-1.924199696E+00
-1.983627543E+00-2.043985545E+00-2.105290275E+00-2.167557954E+00-2.230805362E+00
-2.295049705E+00-2.360308424E+00-2.426599189E+00-2.493939925E+00-2.562348731E+00
-2.631843975E+00-2.702444241E+00-2.774168479E+00-2.847035892E+00-2.921066071E+00
-2.996278973E+00-3.072694965E+00-3.150334857E+00-3.229219945E+00-3.309408457E+00
-3.390264299E+00-3.471659601E+00-3.553746727E+00-3.636699972E+00-3.720628141E+00
-3.805572158E+00-3.891366735E+00-3.977757799E+00-4.064424155E+00-4.150993683E+00
-4.237065199E+00-4.322232324E+00-4.406108484E+00-4.488352138E+00-4.568691792E+00
-4.646950727E+00-4.723063970E+00-4.797018383E+00-4.868805655E+00-4.938421639E+00
-5.005866062E+00-5.071142143E+00-5.134256390E+00-5.195218184E+00-5.254039654E+00
-5.310735255E+00-5.365321536E+00-5.417816770E+00-5.468240778E+00-5.516614469E+00
-5.562959624E+00-5.607298602E+00-5.649653863E+00-5.690047826E+00-5.728502367E+00
-5.765038549E+00-5.799676100E+00-5.832434065E+00-5.863323665E+00-5.892346392E+00
-5.919495017E+00-5.944751909E+00-5.968087651E+00-5.989459887E+00-6.008811607E+00
-6.026069451E+00-6.041144185E+00-6.053926215E+00-6.064279936E+00-6.072046574E+00
-6.077043673E+00-6.079056166E+00-6.077825968E+00-6.073045816E+00-6.064361650E+00
-6.051384977E+00-6.033709711E+00-6.010918311E+00-5.982590159E+00-5.948321027E+00
-5.907733215E+00-5.860488379E+00-5.806297780E+00-5.744930325E+00-5.676219837E+00
-5.600039026E+00-5.516301509E+00-5.424962466E+00-5.326019070E+00-5.219510519E+00
-5.105517927E+00-4.984164008E+00-4.855612675E+00-4.720068531E+00-4.577776601E+00
-4.429060327E+00-4.274558710E+00-4.115152172E+00-3.951804783E+00-3.785391308E+00
-3.616398131E+00-3.443580000E+00-3.259853049E+00-3.069460936E+00-2.881577196E+00
-2.696174818E+00-2.513250915E+00-2.332825271E+00-2.154937880E+00-1.979646873E+00
-1.807027042E+00-1.637168726E+00-1.470176861E+00-1.306170188E+00-1.145280324E+00
-9.876507064E-01-8.334352401E-01-6.827966469E-01-5.359044246E-01-3.929324078E-01
-2.540559460E-01-1.194487088E-01 1.072081366E-02 1.362929947E-01-1.699271226E+00
-1.754171395E+00-1.810283986E+00-1.867625617E+00-1.926165868E+00-1.985663463E+00
-2.046092172E+00-2.107470865E+00-2.169818339E+00-2.233153196E+00-2.297493592E+00
-2.362857489E+00-2.429262638E+00-2.496726826E+00-2.565267920E+00-2.634903978E+00
-2.705653254E+00-2.777534331E+00-2.850566140E+00-2.924767942E+00-3.000159424E+00
-3.076760681E+00-3.154592271E+00-3.233675181E+00-3.314031964E+00-3.395043676E+00
-3.476610350E+00-3.558889581E+00-3.642051053E+00-3.726197932E+00-3.811361880E+00
-3.897365749E+00-3.983949481E+00-4.070786356E+00-4.157500050E+00-4.243686704E+00
-4.328939089E+00-4.412871870E+00-4.495146973E+00-4.575498815E+00-4.653759261E+00
-4.729871225E+00-4.803822422E+00-4.875604927E+00-4.945214962E+00-5.012652603E+00
-5.077921495E+00-5.141028534E+00-5.201983585E+00-5.260799261E+00-5.317490522E+00
-5.372074536E+00-5.424570215E+00-5.474998060E+00-5.523379792E+00-5.569738104E+00
-5.614096343E+00-5.656478151E+00-5.696907283E+00-5.735407206E+00-5.772000900E+00
-5.806710242E+00-5.839556974E+00-5.870553110E+00-5.899702331E+00-5.926999521E+00
-5.952429373E+00-5.975965049E+00-5.997567059E+00-6.017181282E+00-6.034738677E+00
-6.050154721E+00-6.063321658E+00-6.074109196E+00-6.082372490E+00-6.087947106E+00
-6.090635416E+00-6.090192163E+00-6.086314754E+00-6.078642967E+00-6.066771064E+00
-6.050271217E+00-6.028715751E+00-6.001675696E+00-5.968731225E+00-5.929490862E+00
-5.883601478E+00-5.830759956E+00-5.770720806E+00-5.703310215E+00-5.628400352E+00
-5.545904136E+00-5.455776011E+00-5.358012432E+00-5.252652075E+00-5.139775743E+00
-5.019506054E+00-4.892006998E+00-4.757483469E+00-4.616180684E+00-4.468392692E+00
-4.314681606E+00-4.155896376E+00-3.993009080E+00-3.826947377E+00-3.658345716E+00
-3.486640260E+00-3.306428075E+00-3.115725965E+00-2.927702671E+00-2.742315601E+00
-2.559555707E+00-2.379439109E+00-2.202002179E+00-2.027298572E+00-1.855397251E+00
-1.686381026E+00-1.520345442E+00-1.357397694E+00-1.197655526E+00-1.041246010E+00
-8.883041409E-01-7.389711867E-01-5.933927922E-01-4.517168285E-01-3.140909824E-01
-1.806601366E-01-5.156358311E-02 7.306785091E-02-1.700899985E+00-1.755902038E+00
-1.812086173E+00-1.869469140E+00-1.928008529E+00-1.987513188E+00-2.047948349E+00
-2.109337855E+00-2.171704260E+00-2.235067853E+00-2.299447352E+00-2.364860584E+00
-2.431324969E+00-2.498857733E+00-2.567476180E+00-2.637197827E+00-2.708040424E+00
-2.780022029E+00-2.853161168E+00-2.927476695E+00-3.002987928E+00-3.079714633E+00
-3.157676999E+00-3.236895762E+00-3.317366444E+00-3.398484983E+00-3.480170478E+00
-3.562583565E+00-3.645890502E+00-3.730190461E+00-3.815507779E+00-3.901657442E+00
-3.988374992E+00-4.075329835E+00-4.162142644E+00-4.248407698E+00-4.333717284E+00
-4.417687017E+00-4.499981439E+00-4.580339230E+00-4.658598533E+00-4.734707532E+00
-4.808654389E+00-4.880431430E+00-4.950035070E+00-5.017465697E+00-5.082727186E+00
-5.145826746E+00-5.206774549E+00-5.265583560E+00-5.322269104E+00-5.376848720E+00
-5.429341821E+00-5.479769337E+00-5.528153589E+00-5.574517888E+00-5.618886242E+00
-5.661283164E+00-5.701733359E+00-5.740261359E+00-5.776891540E+00-5.811647349E+00
-5.844552097E+00-5.875618397E+00-5.904851444E+00-5.932247438E+00-5.957792565E+00
-5.981461594E+00-6.003216742E+00-6.023005534E+00-6.040761835E+00-6.056402616E+00
-6.069819906E+00-6.080890253E+00-6.089481855E+00-6.095445758E+00-6.098599158E+00
-6.098708407E+00-6.095476664E+00-6.088541132E+00-6.077483651E+00-6.061855582E+00
-6.041210281E+00-6.015115599E+00-5.983142815E+00-5.944890417E+00-5.899994868E+00
-5.848142840E+00-5.789080028E+00-5.722621902E+00-5.648641852E+00-5.567052797E+00
-5.477808930E+00-5.380906356E+00-5.276383480E+00-5.164320911E+00-5.044840997E+00
-4.918107552E+00-4.784325063E+00-4.643738167E+00-4.496632136E+00-4.343508216E+00
-4.185184260E+00-4.022630096E+00-3.856800803E+00-3.688412756E+00-3.517270904E+00
-3.339196601E+00-3.148589575E+00-2.960655338E+00-2.775391953E+00-2.592814513E+00
-2.412953074E+00-2.235851408E+00-2.061566037E+00-1.890165341E+00-1.721728964E+00
-1.556346989E+00-1.394119126E+00-1.235153717E+00-1.079566593E+00-9.274797547E-01
-7.790198173E-01-6.343162882E-01-4.934996376E-01-3.566991928E-01-2.240409091E-01
-9.564503859E-02 2.837624365E-02-1.702537429E+00-1.757659703E+00-1.813896523E+00
-1.871259443E+00-1.929764162E+00-1.989180224E+00-2.049534641E+00-2.110860551E+00
-2.173180645E+00-2.236513603E+00-2.300876399E+00-2.366285232E+00-2.432756050E+00
-2.500304936E+00-2.568948147E+00-2.638702347E+00-2.709584551E+00-2.781612197E+00
-2.854803247E+00-2.929176091E+00-3.004749603E+00-3.081543197E+00-3.159576736E+00
-3.238870605E+00-3.319403178E+00-3.400580526E+00-3.482332872E+00-3.564822383E+00
-3.648213049E+00-3.732601716E+00-3.818007898E+00-3.904242104E+00-3.991037182E+00
-4.078060155E+00-4.164929932E+00-4.251239671E+00-4.336581365E+00-4.420571250E+00
-4.502875419E+00-4.583235244E+00-4.661492590E+00-4.737598682E+00-4.811541838E+00
-4.883314500E+00-4.952913276E+00-5.020338652E+00-5.085594657E+00-5.148688695E+00
-5.209631131E+00-5.268435045E+00-5.325116055E+00-5.379691892E+00-5.432182223E+00
-5.482608324E+00-5.530992789E+00-5.577359278E+00-5.621732263E+00-5.664136722E+00
-5.704597904E+00-5.743141057E+00-5.779791255E+00-5.814573030E+00-5.847510370E+00
-5.878616393E+00-5.907897010E+00-5.935349237E+00-5.960960014E+00-5.984704983E+00
-6.006547114E+00-6.026434865E+00-6.044303457E+00-6.060069725E+00-6.073625833E+00
-6.084853697E+00-6.093630447E+00-6.099817343E+00-6.103241384E+00-6.103676886E+00
-6.100831504E+00-6.094341918E+00-6.083782992E+00-6.068692794E+00-6.048608889E+00
-6.023093235E+00-5.991715059E+00-5.954066491E+00-5.909778262E+00-5.858531015E+00
-5.800064961E+00-5.734187859E+00-5.660774262E+00-5.579737359E+00-5.491031247E+00
-5.394651992E+00-5.290637805E+00-5.179069082E+00-5.060068017E+00-4.933798112E+00
-4.800463488E+00-4.660308141E+00-4.513614882E+00-4.360848374E+00-4.202803527E+00
-4.040444432E+00-3.874736653E+00-3.706433071E+00-3.535510995E+00-3.358430082E+00
-3.168074378E+00-2.980314032E+00-2.795198068E+00-2.612773010E+00-2.433087981E+00
-2.256197797E+00-2.082164794E+00-1.911059569E+00-1.742961403E+00-1.577958081E+00
-1.416145432E+00-1.257626580E+00-1.102510958E+00-9.509130807E-01-8.029511325E-01
-6.587453581E-01-5.184162835E-01-3.820828030E-01-2.498601741E-01-1.218579319E-01
 1.822197126E-03-1.704395485E+00-1.759736032E+00-1.816014976E+00-1.873239797E+00
-1.931425824E+00-1.990601035E+00-2.050780767E+00-2.111973769E+00-2.174189885E+00
-2.237440296E+00-2.301737113E+00-2.367093298E+00-2.433522475E+00-2.501038962E+00
-2.569657719E+00-2.639394325E+00-2.710264922E+00-2.782286270E+00-2.855475712E+00
-2.929851153E+00-3.005431001E+00-3.082234303E+00-3.160280573E+00-3.239589924E+00
-3.320134239E+00-3.401323349E+00-3.483091255E+00-3.565600454E+00-3.649014043E+00
-3.733427958E+00-3.818859950E+00-3.905118979E+00-3.991936922E+00-4.078979970E+00
-4.165866411E+00-4.252188977E+00-4.337539565E+00-4.421534585E+00-4.503840653E+00
-4.584199975E+00-4.662455712E+00-4.738559964E+00-4.812501163E+00-4.884271751E+00
-4.953868338E+00-5.021291485E+00-5.086545262E+00-5.149637091E+00-5.210577376E+00
-5.269379313E+00-5.326058522E+00-5.380632847E+00-5.433122035E+00-5.483547419E+00
-5.531931709E+00-5.578298721E+00-5.622673044E+00-5.665079809E+00-5.705544421E+00
-5.744092379E+00-5.780749010E+00-5.815539175E+00-5.848487075E+00-5.879606004E+00
-5.908902084E+00-5.936372603E+00-5.962004734E+00-5.985774350E+00-6.007644695E+00
-6.027564457E+00-6.045469246E+00-6.061275682E+00-6.074876047E+00-6.086154292E+00
-6.094990704E+00-6.101250032E+00-6.104762724E+00-6.105305846E+00-6.102588800E+00
-6.096248244E+00-6.085856872E+00-6.070948238E+00-6.051054131E+00-6.025733315E+00
-5.994555015E+00-5.957109152E+00-5.913024653E+00-5.861980169E+00-5.803714029E+00
-5.738031358E+00-5.664807037E+00-5.583954334E+00-5.495427402E+00-5.399222212E+00
-5.295376955E+00-5.183971950E+00-5.065129312E+00-4.939012390E+00-4.805825129E+00
-4.665811255E+00-4.519253035E+00-4.366603197E+00-4.208648221E+00-4.046349409E+00
-3.880674707E+00-3.712386840E+00-3.541511405E+00-3.364700221E+00-3.174458920E+00
-2.986775385E+00-2.801718832E+00-2.619348825E+00-2.439722721E+00-2.262900318E+00
-2.088946685E+00-1.917933744E+00-1.749941022E+00-1.585055792E+00-1.423372774E+00
-1.264993503E+00-1.110025402E+00-9.585806259E-01-8.107746812E-01-6.667248678E-01
-5.265485492E-01-3.903613199E-01-2.582750422E-01-1.303958647E-01-6.822219997E-03
-1.705847990E+00-1.761361111E+00-1.817654664E+00-1.874731261E+00-1.932636267E+00
-1.991561387E+00-2.051543975E+00-2.112575391E+00-2.174655053E+00-2.237787535E+00
-2.301980684E+00-2.367244421E+00-2.433590256E+00-2.501030843E+00-2.569579920E+00
-2.639252039E+00-2.710062566E+00-2.782027604E+00-2.855163875E+00-2.929488858E+00
-3.005020573E+00-3.081777680E+00-3.159779441E+00-3.239045678E+00-3.319552808E+00
-3.400707504E+00-3.482440318E+00-3.564913107E+00-3.648289415E+00-3.732665738E+00
-3.818061224E+00-3.904286090E+00-3.991073010E+00-4.078088872E+00-4.164952429E+00
-4.251256761E+00-4.336593785E+00-4.420579640E+00-4.502880360E+00-4.583237240E+00
-4.661492105E+00-4.737596105E+00-4.811537517E+00-4.883308725E+00-4.952906281E+00
-5.020330669E+00-5.085585880E+00-5.148679278E+00-5.209621190E+00-5.268424736E+00
-5.325105456E+00-5.379681099E+00-5.432171313E+00-5.482597337E+00-5.530981802E+00
-5.577348329E+00-5.621721412E+00-5.664126007E+00-5.704587344E+00-5.743130671E+00
-5.779781082E+00-5.814563089E+00-5.847500662E+00-5.878606937E+00-5.907887806E+00
-5.935340285E+00-5.960951313E+00-5.984696515E+00-6.006538898E+00-6.026426882E+00
-6.044295668E+00-6.060062129E+00-6.073618392E+00-6.084846372E+00-6.093623200E+00
-6.099810076E+00-6.103233982E+00-6.103669193E+00-6.100823385E+00-6.094333218E+00
-6.083773536E+00-6.068682370E+00-6.048597359E+00-6.023080388E+00-5.991700681E+00
-5.954050311E+00-5.909760008E+00-5.858510397E+00-5.800041650E+00-5.734161467E+00
-5.660744440E+00-5.579703624E+00-5.490993171E+00-5.394609033E+00-5.290589401E+00
-5.179014652E+00-5.060006940E+00-4.933729730E+00-4.800387103E+00-4.660223037E+00
-4.513520360E+00-4.360743892E+00-4.202688717E+00-4.040319003E+00-3.874600335E+00
-3.706285437E+00-3.535350378E+00-3.358249525E+00-3.167878203E+00-2.980102394E+00
-2.794970657E+00-2.612529207E+00-2.432827067E+00-2.255919017E+00-2.081867374E+00
-1.910742863E+00-1.742624862E+00-1.577601297E+00-1.415768160E+00-1.257228758E+00
-1.102092719E+00-9.504747809E-01-8.024933547E-01-6.582689221E-01-5.179222549E-01
-3.815724977E-01-2.493351538E-01-1.213199967E-01 2.371016670E-03-1.706551226E+00
-1.762109023E+00-1.818380598E+00-1.875366309E+00-1.933116545E+00-1.991878572E+00
-2.051698372E+00-2.112574131E+00-2.174507012E+00-2.237501257E+00-2.301563648E+00
-2.366703003E+00-2.432929708E+00-2.500255582E+00-2.568693473E+00-2.638257293E+00
-2.708961808E+00-2.780822597E+00-2.853855994E+00-2.928079034E+00-3.003509445E+00
-3.080165597E+00-3.158066538E+00-3.237231898E+00-3.317653459E+00-3.398728224E+00
-3.480375972E+00-3.562756778E+00-3.646035967E+00-3.730312091E+00-3.815608753E+00
-3.901740415E+00-3.988442251E+00-4.075383394E+00-4.162184266E+00-4.248438934E+00
-4.333739549E+00-4.417701550E+00-4.499989345E+00-4.580341536E+00-4.658596091E+00
-4.734701118E+00-4.808644662E+00-4.880418912E+00-4.950020266E+00-5.017449013E+00
-5.082708972E+00-5.145807311E+00-5.206754184E+00-5.265562458E+00-5.322247480E+00
-5.376826727E+00-5.429319596E+00-5.479747015E+00-5.528131286E+00-5.574495682E+00
-5.618864230E+00-5.661261442E+00-5.701711928E+00-5.740240335E+00-5.776870904E+00
-5.811627178E+00-5.844532390E+00-5.875599194E+00-5.904832725E+00-5.932229243E+00
-5.957774873E+00-5.981444407E+00-6.003200019E+00-6.022989276E+00-6.040746004E+00
-6.056387153E+00-6.069804772E+00-6.080875391E+00-6.089467109E+00-6.095430973E+00
-6.098584141E+00-6.098692886E+00-6.095460349E+00-6.088523731E+00-6.077464817E+00
-6.061834965E+00-6.041187571E+00-6.015090389E+00-5.983114660E+00-5.944858812E+00
-5.899959291E+00-5.848102691E+00-5.789034646E+00-5.722570572E+00-5.648583798E+00
-5.566987128E+00-5.477734696E+00-5.380822549E+00-5.276288997E+00-5.164214530E+00
-5.044721498E+00-4.917973597E+00-4.784175278E+00-4.643571136E+00-4.496446367E+00
-4.343302644E+00-4.184958109E+00-4.022382649E+00-3.856531266E+00-3.688119831E+00
-3.516950212E+00-3.338831593E+00-3.148196238E+00-2.960232878E+00-2.774938954E+00
-2.592329193E+00-2.412433650E+00-2.235296097E+00-2.060973174E+00-1.889533504E+00
-1.721056956E+00-1.555633915E+00-1.393364424E+00-1.234357201E+00-1.078728490E+00
-9.266007253E-01-7.781009949E-01-6.333592947E-01-4.925065968E-01-3.556727477E-01
-2.229842084E-01-9.456172925E-02 2.948203864E-02-1.706652634E+00-1.762190177E+00
-1.818412944E+00-1.875309481E+00-1.932901912E+00-1.991529201E+00-2.051203925E+00
-2.111928523E+00-2.173707898E+00-2.236548327E+00-2.300457542E+00-2.365444670E+00
-2.431520116E+00-2.498695449E+00-2.566983302E+00-2.636397240E+00-2.706951737E+00
-2.778662062E+00-2.851544241E+00-2.925615092E+00-3.000892094E+00-3.077393423E+00
-3.155137952E+00-3.234145212E+00-3.314432626E+00-3.395382428E+00-3.476895737E+00
-3.559129296E+00-3.642251588E+00-3.726364789E+00-3.811499612E+00-3.897478118E+00
-3.984039720E+00-4.070857334E+00-4.157554267E+00-4.243726370E+00-4.328966217E+00
-4.412888205E+00-4.495154143E+00-4.575498195E+00-4.653752053E+00-4.729858513E+00
-4.803805138E+00-4.875583826E+00-4.945190721E+00-5.012625805E+00-5.077892603E+00
-5.140997996E+00-5.201951767E+00-5.260766455E+00-5.317457019E+00-5.372040548E+00
-5.424535975E+00-5.474963704E+00-5.523345514E+00-5.569704019E+00-5.614062549E+00
-5.656444783E+00-5.696874400E+00-5.735374904E+00-5.771969218E+00-5.806679258E+00
-5.839526688E+00-5.870523560E+00-5.899673536E+00-5.926971502E+00-5.952402129E+00
-5.975938561E+00-5.997541326E+00-6.017156246E+00-6.034714281E+00-6.050130926E+00
-6.063298347E+00-6.074086292E+00-6.082349799E+00-6.087924415E+00-6.090612454E+00
-6.090168581E+00-6.086290145E+00-6.078616905E+00-6.066743122E+00-6.050240911E+00
-6.028682597E+00-6.001639111E+00-5.968690572E+00-5.929445403E+00-5.883550439E+00
-5.830702444E+00-5.770655853E+00-5.703236756E+00-5.628317224E+00-5.545810060E+00
-5.455669553E+00-5.357892042E+00-5.252516105E+00-5.139622411E+00-5.019333481E+00
-4.891813207E+00-4.757266328E+00-4.615938043E+00-4.468122381E+00-4.314382015E+00
-4.155566170E+00-3.992646998E+00-3.826551812E+00-3.657913896E+00-3.486163330E+00
-3.305876446E+00-3.115137752E+00-2.927073940E+00-2.741642536E+00-2.558834721E+00
-2.378666812E+00-2.201175471E+00-2.026414682E+00-1.854453769E+00-1.685375971E+00
-1.519277295E+00-1.356265449E+00-1.196458759E+00-1.039984925E+00-8.869796208E-01
-7.375848418E-01-5.919470001E-01-4.502147612E-01-3.125366181E-01-1.790582638E-01
-4.991978450E-02 7.474723258E-02-1.706107464E+00-1.761580428E+00-1.817718750E+00
-1.874520147E+00-1.932051030E+00-1.990545442E+00-2.050071214E+00-2.110636783E+00
-2.172249708E+00-2.234918165E+00-2.298651164E+00-2.363458685E+00-2.429351618E+00
-2.496341783E+00-2.564441949E+00-2.633665642E+00-2.704027239E+00-2.775541932E+00
-2.848225572E+00-2.922094824E+00-2.997167028E+00-3.073460208E+00-3.150993176E+00
-3.229785370E+00-3.309889088E+00-3.390669127E+00-3.471999089E+00-3.554030350E+00
-3.636935696E+00-3.720822727E+00-3.805731225E+00-3.891494896E+00-3.977859103E+00
-4.064502090E+00-4.151051330E+00-4.237105309E+00-4.322257320E+00-4.406120576E+00
-4.488353262E+00-4.568683654E+00-4.646934818E+00-4.723041570E+00-4.796990577E+00
-4.868773373E+00-4.938385675E+00-5.005827114E+00-5.071100811E+00-5.134213160E+00
-5.195173500E+00-5.253993866E+00-5.310688692E+00-5.365274469E+00-5.417769451E+00
-5.468193401E+00-5.516567228E+00-5.562912711E+00-5.607252116E+00-5.649607958E+00
-5.690002580E+00-5.728457896E+00-5.764994912E+00-5.799633392E+00-5.832392307E+00
-5.863282896E+00-5.892306649E+00-5.919456321E+00-5.944714259E+00-5.968051048E+00
-5.989424310E+00-6.008776999E+00-6.026035754E+00-6.041111322E+00-6.053894048E+00
-6.064248332E+00-6.072015377E+00-6.077012592E+00-6.079024872E+00-6.077794073E+00
-6.073012875E+00-6.064327158E+00-6.051348451E+00-6.033670569E+00-6.010875895E+00
-5.982543751E+00-5.948269774E+00-5.907676208E+00-5.860424628E+00-5.806226104E+00
-5.744849522E+00-5.676128473E+00-5.599935590E+00-5.516184277E+00-5.424829558E+00
-5.325868451E+00-5.219339981E+00-5.105325104E+00-4.983946403E+00-4.855367593E+00
-4.719793163E+00-4.577467981E+00-4.428715743E+00-4.274175992E+00-4.114729401E+00
-3.951340003E+00-3.784881979E+00-3.615839643E+00-3.442956772E+00-3.259127704E+00
-3.068690984E+00-2.880754887E+00-2.695293661E+00-2.512305251E+00-2.331810043E+00
-2.153848515E+00-1.978479341E+00-1.805777833E+00-1.635834866E+00-1.468756017E+00
-1.304660727E+00-1.143681398E+00-9.859623258E-01-8.316583582E-01-6.809332324E-01
-5.339575178E-01-3.909061805E-01-2.519557290E-01-1.172809944E-01 1.294837538E-02
 1.385716448E-01-1.705146473E+00-1.760529940E+00-1.816561918E+00-1.873240256E+00
-1.930624541E+00-1.988966087E+00-2.048326843E+00-2.108716061E+00-2.170142771E+00
-2.232616526E+00-2.296147441E+00-2.360746309E+00-2.426424678E+00-2.493194796E+00
-2.561069664E+00-2.630063059E+00-2.700189379E+00-2.771463776E+00-2.843902101E+00
-2.917520864E+00-2.992337271E+00-3.068369304E+00-3.145635624E+00-3.224155743E+00
-3.304024570E+00-3.384589891E+00-3.465688006E+00-3.547461899E+00-3.630089744E+00
-3.713686370E+00-3.798301808E+00-3.883786544E+00-3.969893268E+00-4.056307217E+00
-4.142661426E+00-4.228557907E+00-4.313591233E+00-4.397373201E+00-4.479557794E+00
-4.559865960E+00-4.638109974E+00-4.714213664E+00-4.788162032E+00-4.859946126E+00
-4.929561179E+00-4.997006281E+00-5.062284028E+00-5.125400233E+00-5.186363615E+00
-5.245185589E+00-5.301879815E+00-5.356462046E+00-5.408949664E+00-5.459361503E+00
-5.507717406E+00-5.554037971E+00-5.598344163E+00-5.640656911E+00-5.680996830E+00
-5.719383745E+00-5.755836219E+00-5.790371244E+00-5.823003917E+00-5.853744216E+00
-5.882590765E+00-5.909533315E+00-5.934550937E+00-5.957610574E+00-5.978665702E+00
-5.997654799E+00-6.014499095E+00-6.029101705E+00-6.041346231E+00-6.051091781E+00
-6.058169077E+00-6.062379347E+00-6.063491363E+00-6.061236036E+00-6.055304260E+00
-6.045350774E+00-6.031002082E+00-6.011862425E+00-5.987524902E+00-5.957587302E+00
-5.921662469E+00-5.879391170E+00-5.830453312E+00-5.774576764E+00-5.711551554E+00
-5.641212628E+00-5.563434693E+00-5.478133168E+00-5.385264745E+00-5.284827679E+00
-5.176861907E+00-5.061448756E+00-4.938710746E+00-4.808811131E+00-4.671953545E+00
-4.528381074E+00-4.378487657E+00-4.222990190E+00-4.062792269E+00-3.898831206E+00
-3.731890497E+00-3.562181683E+00-3.387211853E+00-3.199378649E+00-3.009478561E+00
-2.821835911E+00-2.636425453E+00-2.453256894E+00-2.272363233E+00-2.093796169E+00
-1.917624540E+00-1.743933809E+00-1.572825865E+00-1.404418972E+00-1.238847651E+00
-1.076262349E+00-9.168288241E-01-7.607271305E-01-6.081500944E-01-4.593012108E-01
-3.143919117E-01-1.736381664E-01-3.725644656E-02 9.454085403E-02 2.215504147E-01
-1.703802717E+00-1.759063652E+00-1.814974531E+00-1.871495965E+00-1.928663956E+00
-1.986828941E+00-2.046002223E+00-2.106191682E+00-2.167407297E+00-2.229659532E+00
-2.292959316E+00-2.357318198E+00-2.422748327E+00-2.489262394E+00-2.556873810E+00
-2.625596507E+00-2.695445074E+00-2.766434724E+00-2.838581210E+00-2.911900944E+00
-2.986410959E+00-3.062128966E+00-3.139073489E+00-3.217263945E+00-3.296844518E+00
-3.377149467E+00-3.457967369E+00-3.539428728E+00-3.621717666E+00-3.704958314E+00
-3.789211031E+00-3.874349536E+00-3.960134987E+00-4.046261243E+00-4.132368374E+00
-4.218063100E+00-4.302941816E+00-4.386615078E+00-4.468732083E+00-4.549005293E+00
-4.627234464E+00-4.703328930E+00-4.777270652E+00-4.849050096E+00-4.918661913E+00
-4.986104515E+00-5.051379820E+00-5.114492925E+00-5.175451792E+00-5.234266965E+00
-5.290951250E+00-5.345519355E+00-5.397987654E+00-5.448373741E+00-5.496696180E+00
-5.542974057E+00-5.587226633E+00-5.629472974E+00-5.669731471E+00-5.708019388E+00
-5.744352363E+00-5.778743862E+00-5.811204368E+00-5.841741129E+00-5.870349727E+00
-5.897015900E+00-5.921714458E+00-5.944407596E+00-5.965043460E+00-5.983554444E+00
-5.999855444E+00-6.013841298E+00-6.025385456E+00-6.034337589E+00-6.040519640E+00
-6.043722666E+00-6.043704858E+00-6.040190287E+00-6.032869284E+00-6.021400949E+00
-6.005418511E+00-5.984538727E+00-5.958373085E+00-5.926537841E+00-5.888666475E+00
-5.844421146E+00-5.793503020E+00-5.735663527E+00-5.670704302E+00-5.598464457E+00
-5.518822478E+00-5.431696999E+00-5.337047349E+00-5.234873799E+00-5.125217545E+00
-5.008160590E+00-4.883825437E+00-4.752374738E+00-4.614011081E+00-4.468986641E+00
-4.317808440E+00-4.161257301E+00-4.000239745E+00-3.835632842E+00-3.668055961E+00
-3.497075599E+00-3.317905439E+00-3.127335986E+00-2.938371369E+00-2.751181506E+00
-2.565856017E+00-2.382459059E+00-2.201052252E+00-2.021704540E+00-1.844497216E+00
-1.669526682E+00-1.496906266E+00-1.326767583E+00-1.159261542E+00-9.945589808E-01
-8.328508792E-01-6.743480006E-01-5.192798170E-01-3.678925678E-01-2.204463078E-01
-7.721086693E-02 6.153929522E-02 1.955312393E-01 3.245005163E-01-1.701931278E+00
-1.757052890E+00-1.812796284E+00-1.869158096E+00-1.926203217E+00-1.984171344E+00
-2.043131012E+00-2.103093448E+00-2.164069348E+00-2.226069855E+00-2.289106594E+00
-2.353191792E+00-2.418338104E+00-2.484558743E+00-2.551867469E+00-2.620278502E+00
-2.689806591E+00-2.760467003E+00-2.832275474E+00-2.905248163E+00-2.979401755E+00
-3.054753437E+00-3.131321016E+00-3.209123405E+00-3.288359219E+00-3.368356460E+00
-3.448845570E+00-3.529938763E+00-3.611826342E+00-3.694643637E+00-3.778460698E+00
-3.863181935E+00-3.948577788E+00-4.034352543E+00-4.120154929E+00-4.205597558E+00
-4.290279576E+00-4.373810494E+00-4.455834585E+00-4.536054915E+00-4.614257171E+00
-4.690332900E+00-4.764258325E+00-4.836023391E+00-4.905621974E+00-4.973051709E+00
-5.038313702E+00-5.101412119E+00-5.162353993E+00-5.221148878E+00-5.277808418E+00
-5.332346159E+00-5.384777138E+00-5.435117534E+00-5.483384224E+00-5.529594533E+00
-5.573765705E+00-5.615914444E+00-5.656056543E+00-5.694206203E+00-5.730375576E+00
-5.764573963E+00-5.796807059E+00-5.827076706E+00-5.855375792E+00-5.881684999E+00
-5.905973885E+00-5.928198929E+00-5.948301844E+00-5.966207931E+00-5.981824219E+00
-5.995037390E+00-6.005711280E+00-6.013684905E+00-6.018770151E+00-6.020749509E+00
-6.019374292E+00-6.014364288E+00-6.005409248E+00-5.992172825E+00-5.974298807E+00
-5.951418680E+00-5.923161293E+00-5.889163848E+00-5.849082671E+00-5.802603660E+00
-5.749452141E+00-5.689401307E+00-5.622259438E+00-5.547872138E+00-5.466123416E+00
-5.376936556E+00-5.280274646E+00-5.176140728E+00-5.064577896E+00-4.945669066E+00
-4.819536739E+00-4.686342619E+00-4.546286793E+00-4.399686311E+00-4.247165487E+00
-4.089548371E+00-3.927717672E+00-3.762447759E+00-3.594085329E+00-3.420984116E+00
-3.235876039E+00-3.045666710E+00-2.857094732E+00-2.670101431E+00-2.484695585E+00
-2.300914959E+00-2.118814140E+00-1.938462109E+00-1.759942959E+00-1.583357702E+00
-1.408826551E+00-1.236491142E+00-1.066516667E+00-8.990937752E-01-7.344400601E-01
-5.728009044E-01-4.144494234E-01-2.596851668E-01-1.088312900E-01 3.777008941E-02
 1.797644682E-01 3.167934242E-01 4.485046743E-01-1.699775896E+00-1.754732794E+00
-1.810295818E+00-1.866461380E+00-1.923291597E+00-1.981032205E+00-2.039749387E+00
-2.099454610E+00-2.160159134E+00-2.221874815E+00-2.284613979E+00-2.348389415E+00
-2.413214414E+00-2.479102638E+00-2.546068252E+00-2.614125808E+00-2.683290284E+00
-2.753577046E+00-2.825001810E+00-2.897580562E+00-2.971329442E+00-3.046264515E+00
-3.122401766E+00-3.199757260E+00-3.278586270E+00-3.358224626E+00-3.438334738E+00
-3.519002990E+00-3.600425226E+00-3.682749606E+00-3.766055574E+00-3.850284166E+00
-3.935216963E+00-4.020570516E+00-4.106003864E+00-4.191137002E+00-4.275572814E+00
-4.358920462E+00-4.440819203E+00-4.520962237E+00-4.599119964E+00-4.675163352E+00
-4.749058646E+00-4.820795189E+00-4.890365946E+00-4.957767604E+00-5.023000260E+00
-5.086067034E+00-5.146973816E+00-5.205728919E+00-5.262342691E+00-5.316827242E+00
-5.369196000E+00-5.419463402E+00-5.467644446E+00-5.513754264E+00-5.557807701E+00
-5.599818746E+00-5.639800072E+00-5.677762414E+00-5.713713852E+00-5.747659056E+00
-5.779598433E+00-5.809526945E+00-5.837433257E+00-5.863293049E+00-5.887069525E+00
-5.908712556E+00-5.928156590E+00-5.945319039E+00-5.960098370E+00-5.972372136E+00
-5.981995009E+00-5.988796606E+00-5.992579765E+00-5.993119128E+00-5.990160642E+00
-5.983422273E+00-5.972596194E+00-5.957352897E+00-5.937347352E+00-5.912226857E+00
-5.881640044E+00-5.845246633E+00-5.802727441E+00-5.753793924E+00-5.698197763E+00
-5.635722458E+00-5.566185921E+00-5.489442165E+00-5.405382347E+00-5.313935762E+00
-5.215070300E+00-5.108792725E+00-4.995148689E+00-4.874222638E+00-4.746137655E+00
-4.611055095E+00-4.469185780E+00-4.320983059E+00-4.167158732E+00-4.008549448E+00
-3.845974201E+00-3.680026727E+00-3.510398154E+00-3.332961475E+00-3.143212199E+00
-2.954263588E+00-2.766349716E+00-2.579578574E+00-2.394015444E+00-2.209714735E+00
-2.026733572E+00-1.845138495E+00-1.665009939E+00-1.486446043E+00-1.309566191E+00
-1.134514692E+00-9.614645019E-01-7.906209691E-01-6.222253844E-01-4.565580208E-01
-2.939402331E-01-1.347349693E-01 2.065494273E-02 1.717914905E-01 3.182096565E-01
 4.594292590E-01 5.949700797E-01-1.697397638E+00-1.752139060E+00-1.807526502E+00
-1.863443473E+00-1.919972165E+00-1.977453572E+00-2.035896955E+00-2.095311909E+00
-2.155710505E+00-2.217105359E+00-2.279509666E+00-2.342936913E+00-2.407400974E+00
-2.472916111E+00-2.539496836E+00-2.607158071E+00-2.675915122E+00-2.745783590E+00
-2.816779518E+00-2.888919106E+00-2.962218494E+00-3.036693146E+00-3.112356141E+00
-3.189214262E+00-3.267558339E+00-3.346774583E+00-3.426449910E+00-3.506634140E+00
-3.587525326E+00-3.669285326E+00-3.752003430E+00-3.835659660E+00-3.920050478E+00
-4.004906657E+00-4.089899408E+00-4.174657655E+00-4.258789343E+00-4.341904136E+00
-4.423636736E+00-4.503670270E+00-4.581759111E+00-4.657751499E+00-4.731598060E+00
-4.803286954E+00-4.872810062E+00-4.940162929E+00-5.005344468E+00-5.068356559E+00
-5.129203795E+00-5.187892977E+00-5.244432961E+00-5.298834112E+00-5.351108039E+00
-5.401267103E+00-5.449324036E+00-5.495291491E+00-5.539181481E+00-5.581004878E+00
-5.620770846E+00-5.658486090E+00-5.694154156E+00-5.727774580E+00-5.759341877E+00
-5.788844304E+00-5.816262873E+00-5.841568634E+00-5.864717929E+00-5.885653152E+00
-5.904300880E+00-5.920570140E+00-5.934350597E+00-5.945510776E+00-5.953896244E+00
-5.959328089E+00-5.961601689E+00-5.960486010E+00-5.955723956E+00-5.947033783E+00
-5.934112102E+00-5.916638417E+00-5.894281201E+00-5.866705464E+00-5.833581077E+00
-5.794591397E+00-5.749444487E+00-5.697878021E+00-5.639657572E+00-5.574579430E+00
-5.502472938E+00-5.423201993E+00-5.336666356E+00-5.242802547E+00-5.141584291E+00
-5.033022923E+00-4.917167430E+00-4.794104368E+00-4.663957694E+00-4.526888219E+00
-4.383199446E+00-4.233479493E+00-4.078491665E+00-3.919047051E+00-3.755846522E+00
-3.589165467E+00-3.417293096E+00-3.233207803E+00-3.043754610E+00-2.855281185E+00
-2.667689769E+00-2.480958176E+00-2.295094350E+00-2.110121797E+00-1.926076117E+00
-1.743005776E+00-1.560974655E+00-1.380065554E+00-1.200384446E+00-1.022065396E+00
-8.452761475E-01-6.702243485E-01-4.971642408E-01-3.264034970E-01-1.583095910E-01
 6.685288662E-03 1.680821871E-01 3.253179748E-01 4.777743358E-01 6.247943369E-01
 7.657063347E-01-1.694565315E+00-1.749130934E+00-1.804265132E+00-1.859963109E+00
-1.916287132E+00-1.973482707E+00-2.031617838E+00-2.090705918E+00-2.150760338E+00
-2.211795028E+00-2.273824155E+00-2.336862173E+00-2.400923576E+00-2.466023092E+00
-2.532175621E+00-2.599396374E+00-2.667700930E+00-2.737105334E+00-2.807626231E+00
-2.879281041E+00-2.952088385E+00-3.026068667E+00-3.101245741E+00-3.177650513E+00
-3.255330032E+00-3.334024429E+00-3.413200213E+00-3.492841320E+00-3.573136988E+00
-3.654261456E+00-3.736315408E+00-3.819315565E+00-3.903080191E+00-3.987356238E+00
-4.071828963E+00-4.156138126E+00-4.239898295E+00-4.322720861E+00-4.404236786E+00
-4.484119372E+00-4.562106638E+00-4.638023125E+00-4.711797176E+00-4.783413794E+00
-4.852863599E+00-4.920140875E+00-4.985243161E+00-5.048170923E+00-5.108927145E+00
-5.167516999E+00-5.223947482E+00-5.278227042E+00-5.330365096E+00-5.380371662E+00
-5.428256875E+00-5.474030461E+00-5.517701296E+00-5.559276645E+00-5.598761702E+00
-5.636158716E+00-5.671466251E+00-5.704678223E+00-5.735782851E+00-5.764761437E+00
-5.791586793E+00-5.816222065E+00-5.838617821E+00-5.858708432E+00-5.876412163E+00
-5.891629475E+00-5.904241354E+00-5.914107682E+00-5.921065866E+00-5.924929711E+00
-5.925488839E+00-5.922508651E+00-5.915731391E+00-5.904878262E+00-5.889652869E+00
-5.869745993E+00-5.844841708E+00-5.814624573E+00-5.778786356E+00-5.737039015E+00
-5.689113265E+00-5.634763599E+00-5.573771131E+00-5.505946411E+00-5.431131380E+00
-5.349201171E+00-5.260065293E+00-5.163668520E+00-5.059991496E+00-4.949051059E+00
-4.830900360E+00-4.705628825E+00-4.573361999E+00-4.434301268E+00-4.288911510E+00
-4.137868543E+00-3.981943131E+00-3.821868158E+00-3.658124507E+00-3.490143419E+00
-3.313221262E+00-3.124904695E+00-2.936875452E+00-2.749267507E+00-2.562119828E+00
-2.375441968E+00-2.189236814E+00-2.003509500E+00-1.818271815E+00-1.633545495E+00
-1.449365804E+00-1.265785656E+00-1.082880683E+00-9.007554270E-01-7.195508847E-01
-5.394536581E-01-3.607068260E-01-1.836226027E-01-8.596366403E-03 1.638789829E-01
 3.332006143E-01 4.986491845E-01 6.593935009E-01 8.145118926E-01 9.630325988E-01
-1.691617597E+00-1.745962712E+00-1.800850992E+00-1.856276544E+00-1.912303670E+00
-1.969174738E+00-2.026961719E+00-2.085680761E+00-2.145347676E+00-2.205978392E+00
-2.267588565E+00-2.330193600E+00-2.393808534E+00-2.458448365E+00-2.524128091E+00
-2.590862884E+00-2.658668266E+00-2.727560221E+00-2.797555397E+00-2.868671230E+00
-2.940926287E+00-3.014340523E+00-3.088935682E+00-3.164735402E+00-3.241764197E+00
-3.319913340E+00-3.398563228E+00-3.477622981E+00-3.557269398E+00-3.637692025E+00
-3.719007823E+00-3.801264518E+00-3.884313874E+00-3.967920421E+00-4.051785556E+00
-4.135561943E+00-4.218872698E+00-4.301332562E+00-4.382570018E+00-4.462249337E+00
-4.540092457E+00-4.615900122E+00-4.689572288E+00-4.761085916E+00-4.830430483E+00
-4.897598801E+00-4.962586860E+00-5.025393398E+00-5.086019676E+00-5.144468930E+00
-5.200746082E+00-5.254857293E+00-5.306809558E+00-5.356610184E+00-5.404266339E+00
-5.449784515E+00-5.493169963E+00-5.534425996E+00-5.573553390E+00-5.610549470E+00
-5.645407416E+00-5.678115078E+00-5.708654048E+00-5.736998303E+00-5.763112789E+00
-5.786951718E+00-5.808457093E+00-5.827556465E+00-5.844159981E+00-5.858159554E+00
-5.869427936E+00-5.877817221E+00-5.883157857E+00-5.885258071E+00-5.883903704E+00
-5.878858995E+00-5.869868050E+00-5.856657669E+00-5.838941052E+00-5.816422580E+00
-5.788803244E+00-5.755790469E+00-5.717100999E+00-5.672466035E+00-5.621635358E+00
-5.564381074E+00-5.500500770E+00-5.429819992E+00-5.352194361E+00-5.267511219E+00
-5.175690790E+00-5.076687208E+00-4.970489002E+00-4.857119540E+00-4.736637149E+00
-4.609135128E+00-4.474753207E+00-4.333845309E+00-4.186997459E+00-4.034922890E+00
-3.878347568E+00-3.717850735E+00-3.553458995E+00-3.382684399E+00-3.198974287E+00
-3.011623167E+00-2.824575261E+00-2.637728064E+00-2.451024529E+00-2.264424235E+00
-2.077893952E+00-1.891405067E+00-1.704933926E+00-1.518463524E+00-1.331986320E+00
-1.145508072E+00-9.590529171E-01-7.726700257E-01-5.864422854E-01-4.004976609E-01
-2.150240255E-01-3.028848864E-02 1.533377434E-01 3.353483150E-01 5.150654198E-01
 6.916033348E-01 8.638449260E-01 1.030453958E+00 1.189946085E+00-1.688610368E+00
-1.742720670E+00-1.797357623E+00-1.852469606E+00-1.908097336E+00-1.964595604E+00
-2.021984036E+00-2.080282012E+00-2.139510209E+00-2.199687596E+00-2.260831419E+00
-2.322957528E+00-2.386081038E+00-2.450216598E+00-2.515378721E+00-2.581582037E+00
-2.648841487E+00-2.717172435E+00-2.786590810E+00-2.857113237E+00-2.928757138E+00
-3.001540764E+00-3.075483358E+00-3.150604936E+00-3.226926328E+00-3.304470923E+00
-3.382559009E+00-3.461000282E+00-3.539946718E+00-3.619602882E+00-3.700106466E+00
-3.781527967E+00-3.863768307E+00-3.946609282E+00-4.029770599E+00-4.112920291E+00
-4.195692263E+00-4.277706685E+00-4.358591147E+00-4.438002287E+00-4.515646829E+00
-4.591302190E+00-4.664836681E+00-4.736210270E+00-4.805411020E+00-4.872430076E+00
-4.937261586E+00-4.999902489E+00-5.060351970E+00-5.118611095E+00-5.174682461E+00
-5.228569691E+00-5.280276952E+00-5.329808584E+00-5.377168424E+00-5.422359338E+00
-5.465382588E+00-5.506237107E+00-5.544918846E+00-5.581419859E+00-5.615727455E+00
-5.647823186E+00-5.677681650E+00-5.705269343E+00-5.730543150E+00-5.753448913E+00
-5.773919723E+00-5.791874118E+00-5.807214707E+00-5.819826159E+00-5.829573821E+00
-5.836303142E+00-5.839839183E+00-5.839986469E+00-5.836529448E+00-5.829233617E+00
-5.817847576E+00-5.802105957E+00-5.781734165E+00-5.756453556E+00-5.725985157E+00
-5.690055305E+00-5.648400335E+00-5.600770843E+00-5.546935466E+00-5.486684310E+00
-5.419831859E+00-5.346219355E+00-5.265716817E+00-5.178224664E+00-5.083674788E+00
-4.982031629E+00-4.873292651E+00-4.757488797E+00-4.634684576E+00-4.504980728E+00
-4.368642489E+00-4.226172113E+00-4.078217594E+00-3.925470483E+00-3.768533797E+00
-3.607666239E+00-3.441584172E+00-3.264256393E+00-3.078855817E+00-2.893324659E+00
-2.707650574E+00-2.521793860E+00-2.335704078E+00-2.149324994E+00-1.962596404E+00
-1.775455178E+00-1.587836378E+00-1.399674822E+00-1.210907143E+00-1.021474714E+00
-8.313276598E-01-6.404303759E-01-4.487692288E-01-2.563632739E-01-6.327948108E-02
 1.303453923E-01 3.242726815E-01 5.181138311E-01 7.112579978E-01 9.027651197E-01
 1.091224977E+00 1.274637675E+00 1.450484167E+00-1.685433461E+00-1.739322441E+00
-1.793668566E+00-1.848460163E+00-1.903764955E+00-1.959827737E+00-2.016741138E+00
-2.074547535E+00-2.133275336E+00-2.192945118E+00-2.253573431E+00-2.315174846E+00
-2.377763003E+00-2.441351178E+00-2.505952584E+00-2.571580689E+00-2.638249309E+00
-2.705972764E+00-2.774765877E+00-2.844644091E+00-2.915623433E+00-2.987720352E+00
-3.060951668E+00-3.135334414E+00-3.210886087E+00-3.287749691E+00-3.365227242E+00
-3.443009904E+00-3.521206289E+00-3.600031986E+00-3.679647806E+00-3.760141044E+00
-3.841473157E+00-3.923444988E+00-4.005797077E+00-4.088215242E+00-4.170346721E+00
-4.251819377E+00-4.332262215E+00-4.411325960E+00-4.488703640E+00-4.564150464E+00
-4.637502810E+00-4.708692626E+00-4.777703983E+00-4.844526090E+00-4.909151194E+00
-4.971574084E+00-5.031791698E+00-5.089802680E+00-5.145606990E+00-5.199205403E+00
-5.250599064E+00-5.299788922E+00-5.346775170E+00-5.391556703E+00-5.434130422E+00
-5.474490552E+00-5.512627812E+00-5.548528656E+00-5.582174251E+00-5.613539521E+00
-5.642591953E+00-5.669290428E+00-5.693583848E+00-5.715409761E+00-5.734692808E+00
-5.751343352E+00-5.765255903E+00-5.776307920E+00-5.784358666E+00-5.789248764E+00
-5.790799828E+00-5.788814832E+00-5.783079192E+00-5.773362378E+00-5.759420451E+00
-5.740999106E+00-5.717837506E+00-5.689672626E+00-5.656243280E+00-5.617294621E+00
-5.572582148E+00-5.521875621E+00-5.464962511E+00-5.401651081E+00-5.331773060E+00
-5.255185929E+00-5.171774763E+00-5.081453758E+00-4.984167399E+00-4.879891388E+00
-4.768633224E+00-4.650432590E+00-4.525362054E+00-4.393623546E+00-4.255648963E+00
-4.112025240E+00-3.963404185E+00-3.810389785E+00-3.653342242E+00-3.491633794E+00
-3.320951510E+00-3.138410248E+00-2.955266937E+00-2.771620188E+00-2.587480349E+00
-2.402811745E+00-2.217552720E+00-2.031624891E+00-1.844937374E+00-1.657388560E+00
-1.468867118E+00-1.279252529E+00-1.088415777E+00-8.962203280E-01-7.025236855E-01
-5.071797885E-01-3.100427114E-01-1.109722394E-01 9.015763444E-02 2.934455903E-01
 4.989420161E-01 7.066136853E-01 9.162792742E-01 1.127477354E+00 1.339151567E+00
 1.548800373E+00 1.751035151E+00-1.682745461E+00-1.736593893E+00-1.790671934E+00
-1.844964730E+00-1.899561467E+00-1.954946998E+00-2.011248855E+00-2.068476767E+00
-2.126641428E+00-2.185753168E+00-2.245822024E+00-2.306858109E+00-2.368871773E+00
-2.431873749E+00-2.495875200E+00-2.560887887E+00-2.626924172E+00-2.693997019E+00
-2.762120127E+00-2.831307817E+00-2.901575009E+00-2.972936855E+00-3.045408257E+00
-3.119002275E+00-3.193726641E+00-3.269813628E+00-3.346615671E+00-3.423695175E+00
-3.501092698E+00-3.579025069E+00-3.657676758E+00-3.737152908E+00-3.817471809E+00
-3.898463640E+00-3.979891922E+00-4.061462666E+00-4.142838998E+00-4.223659244E+00
-4.303556227E+00-4.382177262E+00-4.459203828E+00-4.534370729E+00-4.607484213E+00
-4.678439720E+00-4.747208670E+00-4.813778602E+00-4.878139538E+00-4.940283939E+00
-5.000206206E+00-5.057902328E+00-5.113369379E+00-5.166605033E+00-5.217607023E+00
-5.266372656E+00-5.312898212E+00-5.357178245E+00-5.399205005E+00-5.438967660E+00
-5.476451482E+00-5.511637019E+00-5.544499098E+00-5.575005863E+00-5.603117669E+00
-5.628785841E+00-5.651951491E+00-5.672544260E+00-5.690480905E+00-5.705664152E+00
-5.717981517E+00-5.727304277E+00-5.733486851E+00-5.736366472E+00-5.735763280E+00
-5.731481140E+00-5.723308822E+00-5.711022015E+00-5.694385752E+00-5.673157509E+00
-5.647090594E+00-5.615937968E+00-5.579456003E+00-5.537408296E+00-5.489569356E+00
-5.435728011E+00-5.375690566E+00-5.309283596E+00-5.236356424E+00-5.156783136E+00
-5.070464426E+00-4.977329024E+00-4.877334804E+00-4.770469655E+00-4.656752219E+00
-4.536232293E+00-4.409069683E+00-4.275640866E+00-4.136478289E+00-3.992192545E+00
-3.843376692E+00-3.690454275E+00-3.533203117E+00-3.368789675E+00-3.191627532E+00
-3.010793689E+00-2.829569356E+00-2.647782389E+00-2.465315012E+00-2.282063615E+00
-2.097922109E+00-1.912774991E+00-1.726493909E+00-1.538935549E+00-1.349939972E+00
-1.159329013E+00-9.669046287E-01-7.724471380E-01-5.757133307E-01-3.764344047E-01
-1.743136700E-01 3.097615856E-02 2.397964006E-01 4.525473686E-01 6.696765193E-01
 8.916936736E-01 1.119203091E+00 1.352980908E+00 1.594202396E+00 1.845283663E+00
 2.094832828E+00-1.680027337E+00-1.733844072E+00-1.787639104E+00-1.841399722E+00
-1.895065475E+00-1.949725725E+00-2.005378757E+00-2.061995648E+00-2.119567233E+00
-2.178092000E+00-2.237572468E+00-2.298013655E+00-2.359422209E+00-2.421805976E+00
-2.485173852E+00-2.549535679E+00-2.614902173E+00-2.681284999E+00-2.748696734E+00
-2.817150940E+00-2.886662325E+00-2.957247031E+00-3.028923136E+00-3.101712053E+00
-3.175641761E+00-3.250754483E+00-3.326775045E+00-3.403098646E+00-3.479653127E+00
-3.556634796E+00-3.634249381E+00-3.712624830E+00-3.791820689E+00-3.871716257E+00
-3.952098270E+00-4.032695214E+00-4.113188936E+00-4.193231092E+00-4.272461481E+00
-4.350526857E+00-4.427099978E+00-4.501897802E+00-4.574699081E+00-4.645360850E+00
-4.713827070E+00-4.780081949E+00-4.844113027E+00-4.905910228E+00-4.965465240E+00
-5.022771145E+00-5.077821857E+00-5.130611662E+00-5.181134688E+00-5.229384327E+00
-5.275352556E+00-5.319029456E+00-5.360402314E+00-5.399455028E+00-5.436167233E+00
-5.470513370E+00-5.502461913E+00-5.531974223E+00-5.559003582E+00-5.583494048E+00
-5.605379352E+00-5.624581791E+00-5.641011028E+00-5.654563164E+00-5.665119862E+00
-5.672547632E+00-5.676697503E+00-5.677405080E+00-5.674490909E+00-5.667761531E+00
-5.657010907E+00-5.642022381E+00-5.622571217E+00-5.598427408E+00-5.569358854E+00
-5.535134774E+00-5.495529074E+00-5.450323762E+00-5.399312296E+00-5.342302572E+00
-5.279119806E+00-5.209609021E+00-5.133637348E+00-5.051095964E+00-4.961901664E+00
-4.865998253E+00-4.763357772E+00-4.653981149E+00-4.537899175E+00-4.415246154E+00
-4.286357038E+00-4.151716025E+00-4.011889451E+00-3.867442721E+00-3.718813509E+00
-3.565984354E+00-3.407003125E+00-3.235912332E+00-3.058644410E+00-2.880692783E+00
-2.702009553E+00-2.522508180E+00-2.342086721E+00-2.160632053E+00-1.978018552E+00
-1.794105532E+00-1.608734346E+00-1.421725607E+00-1.232876144E+00-1.041955668E+00
-8.487029755E-01-6.528215366E-01-4.539742486E-01-2.517770890E-01-4.579128313E-02
 1.644867078E-01 3.796384360E-01 6.003419156E-01 8.273987560E-01 1.061776380E+00
 1.304676996E+00 1.557652616E+00 1.822786632E+00 2.102772601E+00 2.379173060E+00
-1.676100594E+00-1.729666877E+00-1.783128931E+00-1.836459446E+00-1.889788717E+00
-1.943903449E+00-1.998983770E+00-2.055020664E+00-2.112007388E+00-2.169940861E+00
-2.228821063E+00-2.288650262E+00-2.349432642E+00-2.411173824E+00-2.473880725E+00
-2.537561387E+00-2.602224974E+00-2.667881642E+00-2.734542685E+00-2.802220487E+00
-2.870928651E+00-2.940682192E+00-3.011497777E+00-3.083394104E+00-3.156392080E+00
-3.230514436E+00-3.305699222E+00-3.381242699E+00-3.456931466E+00-3.532920346E+00
-3.609434115E+00-3.686629960E+00-3.764592404E+00-3.843272443E+00-3.922479153E+00
-4.001966192E+00-4.081437265E+00-4.160560673E+00-4.238986444E+00-4.316364318E+00
-4.392361647E+00-4.466680991E+00-4.539076764E+00-4.609370735E+00-4.677466638E+00
-4.743335660E+00-4.806963189E+00-4.868336321E+00-4.927443798E+00-4.984275543E+00
-5.038822120E+00-5.091074228E+00-5.141022101E+00-5.188654965E+00-5.233960399E+00
-5.276923676E+00-5.317527009E+00-5.355748889E+00-5.391563156E+00-5.424938226E+00
-5.455836177E+00-5.484211803E+00-5.510011565E+00-5.533172720E+00-5.553622195E+00
-5.571275701E+00-5.586036758E+00-5.597796042E+00-5.606430641E+00-5.611803812E+00
-5.613764781E+00-5.612149190E+00-5.606779662E+00-5.597467017E+00-5.584011767E+00
-5.566206228E+00-5.543836806E+00-5.516686707E+00-5.484538871E+00-5.447179003E+00
-5.404398685E+00-5.355998408E+00-5.301790583E+00-5.241602170E+00-5.175277398E+00
-5.102679928E+00-5.023694951E+00-4.938231045E+00-4.846221534E+00-4.747625976E+00
-4.642431042E+00-4.530652097E+00-4.412412457E+00-4.288018145E+00-4.157912512E+00
-4.022619089E+00-3.882669102E+00-3.738492684E+00-3.590171336E+00-3.436285680E+00
-3.271497716E+00-3.098288030E+00-2.924264698E+00-2.749371427E+00-2.573540922E+00
-2.396688911E+00-2.218714167E+00-2.039498569E+00-1.858905862E+00-1.676779705E+00
-1.492940915E+00-1.307184249E+00-1.119274533E+00-9.289421221E-01-7.358775200E-01
-5.397249442E-01-3.400746065E-01-1.364533927E-01 7.168648922E-02 2.849814170E-01
 5.041735109E-01 7.301319743E-01 9.638797082E-01 1.206626288E+00 1.459807248E+00
 1.725125751E+00 2.004582821E+00 2.300438572E+00 2.589851958E+00-1.671673366E+00
-1.724926035E+00-1.778032222E+00-1.830957673E+00-1.883870242E+00-1.937493495E+00
-1.992047928E+00-2.047535790E+00-2.103954511E+00-2.161302677E+00-2.219580365E+00
-2.278789069E+00-2.338931712E+00-2.400012482E+00-2.462036764E+00-2.525011089E+00
-2.588943073E+00-2.653841453E+00-2.719715997E+00-2.786577575E+00-2.854438181E+00
-2.923310837E+00-2.993209630E+00-3.064149558E+00-3.136146472E+00-3.209217307E+00
-3.283473830E+00-3.358192886E+00-3.432994566E+00-3.507957619E+00-3.583314824E+00
-3.659254796E+00-3.735884343E+00-3.813225188E+00-3.891121110E+00-3.969353284E+00
-4.047649907E+00-4.125699161E+00-4.203164930E+00-4.279703637E+00-4.354981260E+00
-4.428689952E+00-4.500563956E+00-4.570394212E+00-4.638042037E+00-4.703446937E+00
-4.766589379E+00-4.827453511E+00-4.886024977E+00-4.942290367E+00-4.996236678E+00
-5.047850793E+00-5.097118896E+00-5.144025910E+00-5.188554824E+00-5.230685988E+00
-5.270396460E+00-5.307659228E+00-5.342442436E+00-5.374708551E+00-5.404413431E+00
-5.431505592E+00-5.455925176E+00-5.477603164E+00-5.496460418E+00-5.512407028E+00
-5.525341459E+00-5.535150159E+00-5.541707100E+00-5.544873678E+00-5.544498981E+00
-5.540420147E+00-5.532463438E+00-5.520445315E+00-5.504174137E+00-5.483452180E+00
-5.458077824E+00-5.427848094E+00-5.392561370E+00-5.352020122E+00-5.306033774E+00
-5.254421384E+00-5.197014331E+00-5.133658799E+00-5.064218082E+00-4.988574638E+00
-4.906632008E+00-4.818316443E+00-4.723578317E+00-4.622393428E+00-4.514766563E+00
-4.400823383E+00-4.280850920E+00-4.155258442E+00-4.024528767E+00-3.889155161E+00
-3.749545960E+00-3.605819887E+00-3.456863549E+00-3.298069871E+00-3.129397755E+00
-2.959790245E+00-2.789214071E+00-2.617619316E+00-2.444940022E+00-2.271093390E+00
-2.095978812E+00-1.919476821E+00-1.741447289E+00-1.561727262E+00-1.380127995E+00
-1.196431377E+00-1.010385567E+00-8.216997484E-01-6.300378145E-01-4.350107922E-01
-2.361677188E-01-3.298470727E-02 1.751481119E-01 3.889420260E-01 6.092276603E-01
 8.369751300E-01 1.073315521E+00 1.319561542E+00 1.577223336E+00 1.848012946E+00
 2.133828961E+00 2.437118295E+00 2.732517791E+00-1.666963212E+00-1.719901451E+00
-1.772637167E+00-1.825148423E+00-1.877437392E+00-1.930572260E+00-1.984620836E+00
-2.039576659E+00-2.095439197E+00-2.152208199E+00-2.209884053E+00-2.268467978E+00
-2.327962087E+00-2.388369500E+00-2.449694325E+00-2.511941755E+00-2.575117990E+00
-2.639230317E+00-2.704287048E+00-2.770297600E+00-2.837272340E+00-2.905222547E+00
-2.974160058E+00-3.044096598E+00-3.115042107E+00-3.187000886E+00-3.260209783E+00
-3.334034060E+00-3.407922417E+00-3.481835092E+00-3.555988936E+00-3.630602716E+00
-3.705812925E+00-3.781687848E+00-3.858134804E+00-3.934961030E+00-4.011921578E+00
-4.088727903E+00-4.165061503E+00-4.240589594E+00-4.314981157E+00-4.387922533E+00
-4.459132637E+00-4.528376637E+00-4.595478743E+00-4.660333564E+00-4.722901531E+00
-4.783163925E+00-4.841103037E+00-4.896701929E+00-4.949943881E+00-5.000811839E+00
-5.049287823E+00-5.095352299E+00-5.138983585E+00-5.180157071E+00-5.218844681E+00
-5.255013996E+00-5.288627521E+00-5.319641988E+00-5.348007441E+00-5.373666525E+00
-5.396553608E+00-5.416594129E+00-5.433703776E+00-5.447787989E+00-5.458741356E+00
-5.466447402E+00-5.470778295E+00-5.471595120E+00-5.468748188E+00-5.462077697E+00
-5.451414774E+00-5.436582835E+00-5.417399172E+00-5.393676894E+00-5.365227073E+00
-5.331861110E+00-5.293393199E+00-5.249642840E+00-5.200437462E+00-5.145614779E+00
-5.085025260E+00-5.018534367E+00-4.946024656E+00-4.867397575E+00-4.782575266E+00
-4.691501943E+00-4.594145420E+00-4.490510328E+00-4.380734419E+00-4.265092792E+00
-4.143965761E+00-4.017797470E+00-3.887040241E+00-3.752068925E+00-3.612999862E+00
-3.468867972E+00-3.315610350E+00-3.151781362E+00-2.986930325E+00-2.821043482E+00
-2.654090702E+00-2.486025982E+00-2.316787355E+00-2.146296246E+00-1.974456371E+00
-1.801152330E+00-1.626247722E+00-1.449582708E+00-1.270971053E+00-1.090196451E+00
-9.070080983E-01-7.211153116E-01-5.321810447E-01-3.398140321E-01-1.435592959E-01
 5.711330848E-02 2.628228681E-01 4.742938001E-01 6.923749819E-01 9.180613550E-01
 1.152516850E+00 1.397095941E+00 1.653358754E+00 1.923071701E+00 2.208184075E+00
 2.511459690E+00 2.804937650E+00-1.661572574E+00-1.714134250E+00-1.766478701E+00
-1.818575112E+00-1.870546470E+00-1.923216766E+00-1.976767815E+00-2.031200047E+00
-2.086513417E+00-2.142707770E+00-2.199783261E+00-2.257740412E+00-2.316580426E+00
-2.376305337E+00-2.436917954E+00-2.498422115E+00-2.560822644E+00-2.624125392E+00
-2.688337356E+00-2.753466597E+00-2.819522394E+00-2.886515349E+00-2.954457553E+00
-3.023363208E+00-3.093249988E+00-3.164142287E+00-3.236079615E+00-3.308873725E+00
-3.381804191E+00-3.454649417E+00-3.527567153E+00-3.600796570E+00-3.674509525E+00
-3.748799958E+00-3.823659402E+00-3.898924468E+00-3.974379779E+00-4.049763064E+00
-4.124777118E+00-4.199104194E+00-4.272420828E+00-4.344412664E+00-4.414788639E+00
-4.483294079E+00-4.549722461E+00-4.613925763E+00-4.675822931E+00-4.735383349E+00
-4.792586245E+00-4.847411059E+00-4.899837212E+00-4.949843624E+00-4.997408066E+00
-5.042506533E+00-5.085112651E+00-5.125196927E+00-5.162726170E+00-5.197662749E+00
-5.229963839E+00-5.259580728E+00-5.286458073E+00-5.310533190E+00-5.331735410E+00
-5.349985423E+00-5.365194674E+00-5.377265019E+00-5.386088410E+00-5.391546608E+00
-5.393511471E+00-5.391845074E+00-5.386400304E+00-5.377021700E+00-5.363546608E+00
-5.345806370E+00-5.323628199E+00-5.296836811E+00-5.265256609E+00-5.228713857E+00
-5.187038890E+00-5.140068473E+00-5.087648191E+00-5.029634555E+00-4.965897273E+00
-4.896321246E+00-4.820808424E+00-4.739279593E+00-4.651675809E+00-4.557958782E+00
-4.458152113E+00-4.352409290E+00-4.240997542E+00-4.124271956E+00-4.002639626E+00
-3.876509819E+00-3.746214987E+00-3.611839983E+00-3.472452573E+00-3.324300194E+00
-3.165436390E+00-3.005515795E+00-2.844533041E+00-2.682471424E+00-2.519301821E+00
-2.354982165E+00-2.189456357E+00-2.022653420E+00-1.854486063E+00-1.684849259E+00
-1.513618272E+00-1.340646393E+00-1.165762152E+00-9.887659958E-01-8.094262574E-01
-6.274743070E-01-4.425986934E-01-2.544380133E-01-6.257218538E-02 1.334882692E-01
 3.343155394E-01 5.405811261E-01 7.530766857E-01 9.727402220E-01 1.200688728E+00
 1.438257536E+00 1.687043630E+00 1.948942461E+00 2.226153215E+00 2.520727438E+00
 2.797650868E+00-1.655917396E+00-1.708086019E+00-1.760028139E+00-1.811705431E+00
-1.863289186E+00-1.915496515E+00-1.968554552E+00-2.022468949E+00-2.077238926E+00
-2.132863416E+00-2.189341431E+00-2.246672293E+00-2.304855867E+00-2.363892734E+00
-2.423784249E+00-2.484532758E+00-2.546141575E+00-2.608615078E+00-2.671958732E+00
-2.736179183E+00-2.801284260E+00-2.867283070E+00-2.934186096E+00-3.002005293E+00
-3.070754400E+00-3.140449074E+00-3.211106793E+00-3.282778093E+00-3.354714782E+00
-3.426492947E+00-3.498164382E+00-3.569969307E+00-3.642116354E+00-3.714728803E+00
-3.787862012E+00-3.861410242E+00-3.935187336E+00-4.008959469E+00-4.082454237E+00
-4.155373038E+00-4.227404734E+00-4.298239540E+00-4.367582151E+00-4.435164327E+00
-4.500755867E+00-4.564174220E+00-4.625292446E+00-4.684043945E+00-4.740399826E+00
-4.794336080E+00-4.845828274E+00-4.894851255E+00-4.941378516E+00-4.985381650E+00
-5.026829594E+00-5.065688188E+00-5.101919297E+00-5.135480329E+00-5.166323444E+00
-5.194394965E+00-5.219634688E+00-5.241975278E+00-5.261341763E+00-5.277650959E+00
-5.290811095E+00-5.300721545E+00-5.307272731E+00-5.310346046E+00-5.309814162E+00
-5.305541459E+00-5.297384720E+00-5.285194024E+00-5.268813869E+00-5.248084645E+00
-5.222844224E+00-5.192929664E+00-5.158179203E+00-5.118434356E+00-5.073541907E+00
-5.023356122E+00-4.967740875E+00-4.906571610E+00-4.839737431E+00-4.767142887E+00
-4.688709500E+00-4.604377725E+00-4.514112875E+00-4.417974749E+00-4.316131385E+00
-4.208843892E+00-4.096444451E+00-3.979304407E+00-3.857788592E+00-3.732179798E+00
-3.602504648E+00-3.467772116E+00-3.324336197E+00-3.170440019E+00-3.015496410E+00
-2.859500543E+00-2.702442574E+00-2.544305589E+00-2.385064028E+00-2.224682334E+00
-2.063113730E+00-1.900298937E+00-1.736164824E+00-1.570622984E+00-1.403568016E+00
-1.234875596E+00-1.064400229E+00-8.919726040E-01-7.173964969E-01-5.404450713E-01
-3.608564933E-01-1.783285958E-01 7.487626530E-03 1.969961373E-01 3.906662118E-01
 5.890460161E-01 7.927811023E-01 1.002640666E+00 1.219556626E+00 1.444684520E+00
 1.679501199E+00 1.925958265E+00 2.186680772E+00 2.462967604E+00 2.718788122E+00
-1.650184441E+00-1.701984164E+00-1.753518298E+00-1.804761369E+00-1.855742074E+00
-1.907471874E+00-1.960042688E+00-2.013446943E+00-2.067681761E+00-2.122744100E+00
-2.178631015E+00-2.235339870E+00-2.292868651E+00-2.351216097E+00-2.410381841E+00
-2.470366483E+00-2.531171690E+00-2.592800233E+00-2.655255967E+00-2.718543989E+00
-2.782670442E+00-2.847642688E+00-2.913469080E+00-2.980158666E+00-3.047720554E+00
-3.116162087E+00-3.185484836E+00-3.255899856E+00-3.326769561E+00-3.397475297E+00
-3.467907621E+00-3.538268540E+00-3.608798001E+00-3.679658561E+00-3.750937453E+00
-3.822618364E+00-3.894544725E+00-3.966513891E+00-4.038281301E+00-4.109571336E+00
-4.180089830E+00-4.249536689E+00-4.317618428E+00-4.384059773E+00-4.448614112E+00
-4.511072520E+00-4.571271183E+00-4.629096880E+00-4.684488728E+00-4.737415723E+00
-4.787849788E+00-4.835761722E+00-4.881120830E+00-4.923894347E+00-4.964046812E+00
-5.001539452E+00-5.036329578E+00-5.068369929E+00-5.097608130E+00-5.123986048E+00
-5.147439236E+00-5.167896462E+00-5.185279250E+00-5.199501467E+00-5.210469135E+00
-5.218080291E+00-5.222224911E+00-5.222785221E+00-5.219635967E+00-5.212644997E+00
-5.201674073E+00-5.186579826E+00-5.167215006E+00-5.143429791E+00-5.115073426E+00
-5.081995853E+00-5.044049672E+00-5.001091878E+00-4.952986018E+00-4.899603989E+00
-4.840828094E+00-4.776552902E+00-4.706686896E+00-4.631154909E+00-4.549897049E+00
-4.462912075E+00-4.370293481E+00-4.272221282E+00-4.168950519E+00-4.060791654E+00
-3.948081520E+00-3.831139510E+00-3.710191291E+00-3.585169722E+00-3.454942710E+00
-3.315819313E+00-3.166854508E+00-3.016870289E+00-2.865861232E+00-2.713822143E+00
-2.560745600E+00-2.406619958E+00-2.251427759E+00-2.095144199E+00-1.937735931E+00
-1.779159832E+00-1.619361857E+00-1.458275819E+00-1.295822105E+00-1.131906311E+00
-9.664177367E-01-7.992277331E-01-6.301878674E-01-4.591278704E-01-2.858533506E-01
-1.101431749E-01 6.825349971E-02 2.496207363E-01 4.342800484E-01 6.225957769E-01
 8.149823875E-01 1.011915235E+00 1.213948162E+00 1.421745653E+00 1.636150202E+00
 1.858350976E+00 2.090435491E+00 2.334749268E+00 2.557499111E+00-1.643983216E+00
-1.695365086E+00-1.746479480E+00-1.797294637E+00-1.847916027E+00-1.899192859E+00
-1.951288454E+00-2.004196285E+00-2.057910303E+00-2.112424288E+00-2.167732291E+00
-2.223829002E+00-2.280709946E+00-2.338371615E+00-2.396811646E+00-2.456028739E+00
-2.516022779E+00-2.576794871E+00-2.638347300E+00-2.700683516E+00-2.763808246E+00
-2.827727460E+00-2.892448443E+00-2.957979895E+00-3.024332396E+00-3.091519413E+00
-3.159560227E+00-3.228487682E+00-3.298131452E+00-3.367725307E+00-3.436931986E+00
-3.505852097E+00-3.574734674E+00-3.643783003E+00-3.713114646E+00-3.782782212E+00
-3.852690674E+00-3.922666821E+00-3.992495875E+00-4.061928609E+00-4.130691978E+00
-4.198500653E+00-4.265068687E+00-4.330120282E+00-4.393399779E+00-4.454680152E+00
-4.513770015E+00-4.570518788E+00-4.624820069E+00-4.676611815E+00-4.725858273E+00
-4.772526677E+00-4.816582187E+00-4.857987947E+00-4.896704235E+00-4.932688053E+00
-4.965892429E+00-4.996265976E+00-5.023752210E+00-5.048289163E+00-5.069808878E+00
-5.088236947E+00-5.103492257E+00-5.115486721E+00-5.124125157E+00-5.129305273E+00
-5.130917783E+00-5.128846829E+00-5.122970278E+00-5.113160590E+00-5.099285514E+00
-5.081209179E+00-5.058793348E+00-5.031898699E+00-5.000386453E+00-4.964119942E+00
-4.922966356E+00-4.876798580E+00-4.825496961E+00-4.768951183E+00-4.707061960E+00
-4.639743527E+00-4.566921785E+00-4.488562884E+00-4.404709821E+00-4.315479887E+00
-4.221060612E+00-4.121699056E+00-4.017683648E+00-3.909317021E+00-3.796872781E+00
-3.680512435E+00-3.560019424E+00-3.434028725E+00-3.298748828E+00-3.154703922E+00
-3.009654079E+00-2.863598657E+00-2.716539983E+00-2.568481157E+00-2.419424194E+00
-2.269368512E+00-2.118309578E+00-1.966237683E+00-1.813136938E+00-1.658984396E+00
-1.503749109E+00-1.347391370E+00-1.189861942E+00-1.031101345E+00-8.710391975E-01
-7.095936352E-01-5.466708509E-01-3.821648149E-01-2.159572490E-01-4.791798893E-02
 1.220940690E-01 2.942291718E-01 4.686436191E-01 6.454946594E-01 8.249321769E-01
 1.007084908E+00 1.192036757E+00 1.379783357E+00 1.570144193E+00 1.762558364E+00
 1.955525716E+00 2.145182060E+00 2.324933553E+00-1.637557090E+00-1.688500916E+00
-1.739190332E+00-1.789584739E+00-1.839852922E+00-1.890698688E+00-1.942341882E+00
-1.994778093E+00-2.047996113E+00-2.101984977E+00-2.156734685E+00-2.212236479E+00
-2.268483015E+00-2.325468324E+00-2.383187853E+00-2.441638425E+00-2.500818159E+00
-2.560726455E+00-2.621364011E+00-2.682732725E+00-2.744835795E+00-2.807677658E+00
-2.871264030E+00-2.935601985E+00-3.000699911E+00-3.066567305E+00-3.133213932E+00
-3.200646788E+00-3.268935958E+00-3.337361467E+00-3.405362945E+00-3.472874801E+00
-3.540111967E+00-3.607312490E+00-3.674635748E+00-3.742166129E+00-3.809901462E+00
-3.877702309E+00-3.945385730E+00-4.012731369E+00-4.079490771E+00-4.145397927E+00
-4.210179657E+00-4.273565902E+00-4.335298945E+00-4.395141553E+00-4.452883812E+00
-4.508348033E+00-4.561392241E+00-4.611911294E+00-4.659836598E+00-4.705124864E+00
-4.747737899E+00-4.787634799E+00-4.824772003E+00-4.859102580E+00-4.890575781E+00
-4.919136518E+00-4.944724875E+00-4.967275668E+00-4.986718112E+00-5.002975513E+00
-5.015965013E+00-5.025597459E+00-5.031777456E+00-5.034403430E+00-5.033367914E+00
-5.028557902E+00-5.019855540E+00-5.007138716E+00-4.990282115E+00-4.969158140E+00
-4.943638262E+00-4.913594281E+00-4.878899839E+00-4.839431989E+00-4.795072858E+00
-4.745711164E+00-4.691244324E+00-4.631580044E+00-4.566635197E+00-4.496361398E+00
-4.420770621E+00-4.339935106E+00-4.253987992E+00-4.163118671E+00-4.067562209E+00
-3.967582270E+00-3.863443934E+00-3.755368681E+00-3.643448534E+00-3.527251015E+00
-3.405041575E+00-3.273109237E+00-3.134025719E+00-2.993909359E+00-2.852774284E+00
-2.710637021E+00-2.567515361E+00-2.423427167E+00-2.278389473E+00-2.132417431E+00
-1.985523444E+00-1.837716484E+00-1.689001314E+00-1.539378012E+00-1.388841457E+00
-1.237380966E+00-1.084980045E+00-9.316163139E-01-7.772616053E-01-6.218823369E-01
-4.654402428E-01-3.078935496E-01-1.491988290E-01 1.068628710E-02 1.717991487E-01
 3.341663895E-01 4.977957290E-01 6.626640947E-01 8.287002367E-01 9.957588418E-01
 1.163581277E+00 1.331735138E+00 1.499521382E+00 1.665839503E+00 1.829030957E+00
 1.986819272E+00 2.136553719E+00-1.631085238E+00-1.681612259E+00-1.731876962E+00
-1.781852023E+00-1.831581686E+00-1.882014751E+00-1.933247670E+00-1.985255322E+00
-2.038017999E+00-2.091518170E+00-2.145740878E+00-2.200673622E+00-2.256306231E+00
-2.312630411E+00-2.369639748E+00-2.427329320E+00-2.485695698E+00-2.544736750E+00
-2.604451662E+00-2.664840803E+00-2.725905838E+00-2.787649597E+00-2.850076227E+00
-2.913191172E+00-2.977001351E+00-3.041515444E+00-3.106744379E+00-3.172702884E+00
-3.239413301E+00-3.306543233E+00-3.373336778E+00-3.439491864E+00-3.505120066E+00
-3.570470381E+00-3.635745976E+00-3.701065345E+00-3.766485902E+00-3.831945038E+00
-3.897287311E+00-3.962322959E+00-4.026831142E+00-4.090568830E+00-4.153280343E+00
-4.214706821E+00-4.274594926E+00-4.332704537E+00-4.388815394E+00-4.442732078E+00
-4.494287480E+00-4.543344623E+00-4.589796429E+00-4.633564479E+00-4.674593664E+00
-4.712838583E+00-4.748252537E+00-4.780785030E+00-4.810381999E+00-4.836985293E+00
-4.860532111E+00-4.880954826E+00-4.898180601E+00-4.912131247E+00-4.922723017E+00
-4.929866699E+00-4.933467596E+00-4.933425838E+00-4.929636711E+00-4.921991103E+00
-4.910376219E+00-4.894676338E+00-4.874773744E+00-4.850549830E+00-4.821886394E+00
-4.788666826E+00-4.750777401E+00-4.708109160E+00-4.660559928E+00-4.608032936E+00
-4.550442555E+00-4.487737669E+00-4.419912213E+00-4.347007305E+00-4.269114502E+00
-4.186374541E+00-4.098971989E+00-4.007124722E+00-3.911066702E+00-3.811020241E+00
-3.707141791E+00-3.599394245E+00-3.487076905E+00-3.367930879E+00-3.239021204E+00
-3.104977085E+00-2.969814613E+00-2.833573356E+00-2.696291527E+00-2.558006851E+00
-2.418756496E+00-2.278576850E+00-2.137503278E+00-1.995569630E+00-1.852807980E+00
-1.709248172E+00-1.564917617E+00-1.419841031E+00-1.274040341E+00-1.127534682E+00
-9.803405711E-01-8.324723114E-01-6.839426453E-01-5.347637899E-01-3.849489276E-01
-2.345143100E-01-8.348215327E-02 6.811542716E-02 2.202311031E-01 3.727952069E-01
 5.257061813E-01 6.788178275E-01 8.319223120E-01 9.847277215E-01 1.136829013E+00
 1.287672001E+00 1.436512794E+00 1.582381509E+00 1.724069307E+00 1.860165349E+00
 1.989157902E+00-1.624143656E+00-1.674185404E+00-1.724017752E+00-1.773613100E+00
-1.823041447E+00-1.873151263E+00-1.924052275E+00-1.975703427E+00-2.028073077E+00
-2.081136526E+00-2.134874572E+00-2.189272119E+00-2.244317232E+00-2.300000318E+00
-2.356313763E+00-2.413251502E+00-2.470808902E+00-2.528982633E+00-2.587770502E+00
-2.647171485E+00-2.707185678E+00-2.767814320E+00-2.829059679E+00-2.890925224E+00
-2.953415527E+00-3.016536401E+00-3.080294979E+00-3.144700172E+00-3.209763413E+00
-3.275455114E+00-3.341001758E+00-3.405853885E+00-3.469944064E+00-3.533481625E+00
-3.596705063E+00-3.659778231E+00-3.722787707E+00-3.785757226E+00-3.848581437E+00
-3.911100030E+00-3.973121038E+00-4.034427203E+00-4.094784138E+00-4.153948778E+00
-4.211677705E+00-4.267734306E+00-4.321895258E+00-4.373955435E+00-4.423731801E+00
-4.471065423E+00-4.515822231E+00-4.557892202E+00-4.597186801E+00-4.633636000E+00
-4.667182461E+00-4.697772432E+00-4.725349603E+00-4.749853188E+00-4.771218195E+00
-4.789375255E+00-4.804250347E+00-4.815764587E+00-4.823834245E+00-4.828370826E+00
-4.829281340E+00-4.826468493E+00-4.819831233E+00-4.809265254E+00-4.794663671E+00
-4.775917797E+00-4.752918073E+00-4.725555349E+00-4.693722566E+00-4.657315416E+00
-4.616231878E+00-4.570375803E+00-4.519669606E+00-4.464064357E+00-4.403543006E+00
-4.338125628E+00-4.267872949E+00-4.192886934E+00-4.113308241E+00-4.029309927E+00
-3.941086151E+00-3.848833282E+00-3.752716587E+00-3.652817431E+00-3.548846998E+00
-3.439706350E+00-3.322601224E+00-3.196939045E+00-3.067962616E+00-2.937754322E+00
-2.806367374E+00-2.673861085E+00-2.540295272E+00-2.405728628E+00-2.270218530E+00
-2.133821035E+00-1.996591098E+00-1.858582620E+00-1.719848432E+00-1.580440319E+00
-1.440409034E+00-1.299804341E+00-1.158675158E+00-1.017069820E+00-8.750365008E-01
-7.326238812E-01-5.898820902E-01-4.468640255E-01-3.036271576E-01-1.602358953E-01
-1.676472200E-02 1.266977732E-01 2.700437271E-01 4.131394633E-01 5.558173096E-01
 6.978655203E-01 8.390161323E-01 9.789308379E-01 1.117185469E+00 1.253254672E+00
 1.386499877E+00 1.516165433E+00 1.641388973E+00 1.761230649E+00 1.874720820E+00
-1.616692533E+00-1.666130470E+00-1.715517140E+00-1.764825200E+00-1.814163440E+00
-1.864123836E+00-1.914834791E+00-1.966239466E+00-2.018299469E+00-2.070989481E+00
-2.124291289E+00-2.178190940E+00-2.232677312E+00-2.287741182E+00-2.343374876E+00
-2.399571942E+00-2.456327070E+00-2.513635958E+00-2.571495333E+00-2.629902848E+00
-2.688857149E+00-2.748357808E+00-2.808405348E+00-2.869001107E+00-2.930147197E+00
-2.991846040E+00-3.054099767E+00-3.116908379E+00-3.180265772E+00-3.244348800E+00
-3.308546541E+00-3.372120609E+00-3.434762306E+00-3.496565592E+00-3.557773979E+00
-3.618596471E+00-3.679160335E+00-3.739527579E+00-3.799684523E+00-3.859503936E+00
-3.918823864E+00-3.977454217E+00-4.035184540E+00-4.091791355E+00-4.147045606E+00
-4.200719532E+00-4.252592875E+00-4.302457774E+00-4.350122707E+00-4.395415062E+00
-4.438182513E+00-4.478292988E+00-4.515633459E+00-4.550107834E+00-4.581633431E+00
-4.610137761E+00-4.635554533E+00-4.657819552E+00-4.676866644E+00-4.692625799E+00
-4.705022552E+00-4.713978173E+00-4.719409669E+00-4.721230173E+00-4.719349154E+00
-4.713672770E+00-4.704104501E+00-4.690545777E+00-4.672896457E+00-4.651055546E+00
-4.624921606E+00-4.594394262E+00-4.559378566E+00-4.519790752E+00-4.475563114E+00
-4.426647405E+00-4.373020216E+00-4.314687554E+00-4.251687806E+00-4.184092977E+00
-4.112007956E+00-4.035566541E+00-3.954923925E+00-3.870243632E+00-3.781675369E+00
-3.689317456E+00-3.593075430E+00-3.492351737E+00-3.385391136E+00-3.269452011E+00
-3.147119779E+00-3.023497143E+00-2.898311546E+00-2.771742167E+00-2.643913409E+00
-2.514924501E+00-2.384862389E+00-2.253807604E+00-2.121837307E+00-1.989026776E+00
-1.855450288E+00-1.721181638E+00-1.586294444E+00-1.450862370E+00-1.314959320E+00
-1.178659628E+00-1.042038306E+00-9.051713971E-01-7.681364789E-01-6.310133539E-01
-4.938850068E-01-3.568388828E-01-2.199685716E-01-8.337596623E-02 5.282600080E-02
 1.885099506E-01 3.235298948E-01 4.577162422E-01 5.908699496E-01 7.227558713E-01
 8.530955186E-01 9.815596620E-01 1.107761580E+00 1.231252164E+00 1.351518568E+00
 1.467988327E+00 1.580040605E+00 1.687025307E+00 1.788288987E+00-1.608602843E+00
-1.657154339E+00-1.706060765E+00-1.755306922E+00-1.804940277E+00-1.855088939E+00
-1.905803351E+00-1.957079319E+00-2.008907668E+00-2.061279488E+00-2.114186253E+00
-2.167619845E+00-2.221572473E+00-2.276036833E+00-2.331006046E+00-2.386473774E+00
-2.442434322E+00-2.498882633E+00-2.555814383E+00-2.613226010E+00-2.671114760E+00
-2.729478716E+00-2.788316869E+00-2.847629008E+00-2.907415887E+00-2.967679230E+00
-3.028422120E+00-3.089649924E+00-3.151373201E+00-3.213615535E+00-3.276249675E+00
-3.338484006E+00-3.399745370E+00-3.459923784E+00-3.519201063E+00-3.577813976E+00
-3.635936202E+00-3.693663037E+00-3.751035676E+00-3.808008565E+00-3.864445713E+00
-3.920185691E+00-3.975043446E+00-4.028817630E+00-4.081297033E+00-4.132267089E+00
-4.181515582E+00-4.228837578E+00-4.274039421E+00-4.316941545E+00-4.357380404E+00
-4.395209063E+00-4.430297074E+00-4.462529124E+00-4.491803172E+00-4.518028069E+00
-4.541120667E+00-4.561002934E+00-4.577599397E+00-4.590835122E+00-4.600633960E+00
-4.606917392E+00-4.609604113E+00-4.608609736E+00-4.603846926E+00-4.595226007E+00
-4.582655499E+00-4.566043283E+00-4.545298267E+00-4.520332343E+00-4.491063042E+00
-4.457416053E+00-4.419329057E+00-4.376755784E+00-4.329669725E+00-4.278067333E+00
-4.221970796E+00-4.161429564E+00-4.096520080E+00-4.027343648E+00-3.954020949E+00
-3.876682682E+00-3.795453190E+00-3.710420814E+00-3.621568753E+00-3.528524869E+00
-3.430215939E+00-3.324269171E+00-3.210274118E+00-3.092560897E+00-2.973368540E+00
-2.852737080E+00-2.730692288E+00-2.607309406E+00-2.482678345E+00-2.356892133E+00
-2.230043433E+00-2.102224169E+00-1.973525647E+00-1.844039258E+00-1.713856720E+00
-1.583070588E+00-1.451774474E+00-1.320063286E+00-1.188033404E+00-1.055782860E+00
-9.234115640E-01-7.910215648E-01-6.587174511E-01-5.266068764E-01-3.948012963E-01
-2.634169370E-01-1.325760845E-01-2.408696338E-03 1.269455709E-01 2.553349143E-01
 3.825924980E-01 5.085331380E-01 6.329496460E-01 7.556089979E-01 8.762485520E-01
 9.945727618E-01 1.110250900E+00 1.222916502E+00 1.332169289E+00 1.437580292E+00
 1.538700610E+00 1.635073779E+00 1.726251152E+00-1.601004767E+00-1.648665107E+00
-1.697099116E+00-1.746281796E+00-1.796276245E+00-1.846646652E+00-1.897391593E+00
-1.948563075E+00-2.000181918E+00-2.052256202E+00-2.104787206E+00-2.157772565E+00
-2.211207765E+00-2.265087128E+00-2.319404415E+00-2.374153232E+00-2.429327242E+00
-2.484920496E+00-2.540927471E+00-2.597343266E+00-2.654163696E+00-2.711385309E+00
-2.769005473E+00-2.827022422E+00-2.885435247E+00-2.944243812E+00-3.003448678E+00
-3.063050680E+00-3.123049487E+00-3.183439731E+00-3.244341475E+00-3.305128739E+00
-3.365045542E+00-3.423724570E+00-3.481202660E+00-3.537700556E+00-3.593432221E+00
-3.648538314E+00-3.703088127E+00-3.757103441E+00-3.810517965E+00-3.863193406E+00
-3.914971471E+00-3.965674239E+00-4.015110904E+00-4.063083275E+00-4.109391264E+00
-4.153837495E+00-4.196231394E+00-4.236392152E+00-4.274150898E+00-4.309352014E+00
-4.341853406E+00-4.371526217E+00-4.398253719E+00-4.421929821E+00-4.442457116E+00
-4.459744897E+00-4.473707189E+00-4.484260980E+00-4.491324692E+00-4.494817135E+00
-4.494656808E+00-4.490761708E+00-4.483049442E+00-4.471437968E+00-4.455846580E+00
-4.436197556E+00-4.412417921E+00-4.384441949E+00-4.352213581E+00-4.315689296E+00
-4.274840997E+00-4.229658743E+00-4.180152864E+00-4.126355466E+00-4.068320554E+00
-4.006122710E+00-3.939853124E+00-3.869612925E+00-3.795499792E+00-3.717586217E+00
-3.635874137E+00-3.550091942E+00-3.459492778E+00-3.362258835E+00-3.256598655E+00
-3.145416487E+00-3.032706547E+00-2.918156357E+00-2.801946417E+00-2.684200158E+00
-2.565016230E+00-2.444489949E+00-2.322718026E+00-2.199799073E+00-2.075833462E+00
-1.950923253E+00-1.825172205E+00-1.698686086E+00-1.571572812E+00-1.443942685E+00
-1.315908557E+00-1.187585929E+00-1.059093044E+00-9.305509265E-01-8.020834367E-01
-6.738173337E-01-5.458824019E-01-4.184116540E-01-2.915416639E-01-1.654130633E-01
-4.017123067E-02 8.403278558E-02 2.070410879E-01 3.286874987E-01 4.487958743E-01
 5.671782408E-01 6.836328180E-01 7.979420952E-01 9.098711593E-01 1.019166553E+00
 1.125555969E+00 1.228749175E+00 1.328440474E+00 1.424312987E+00 1.516044841E+00
 1.603317165E+00 1.685823525E+00-1.595214917E+00-1.642346999E+00-1.690384896E+00
-1.739334889E+00-1.789135104E+00-1.839416151E+00-1.890044498E+00-1.941038245E+00
-1.992412451E+00-2.044174898E+00-2.096327718E+00-2.148869224E+00-2.201795153E+00
-2.255099518E+00-2.308775383E+00-2.362815286E+00-2.417211651E+00-2.471957038E+00
-2.527044335E+00-2.582467031E+00-2.638219236E+00-2.694295834E+00-2.750692581E+00
-2.807406068E+00-2.864433910E+00-2.921774616E+00-2.979427837E+00-3.037394502E+00
-3.095677481E+00-3.154283748E+00-3.213230375E+00-3.272349498E+00-3.330853453E+00
-3.388119693E+00-3.443956188E+00-3.498486915E+00-3.551935369E+00-3.604486505E+00
-3.656251917E+00-3.707279756E+00-3.757574848E+00-3.807061099E+00-3.855601473E+00
-3.903042948E+00-3.949216285E+00-3.993942090E+00-4.037035446E+00-4.078310411E+00
-4.117583851E+00-4.154678580E+00-4.189425689E+00-4.221666284E+00-4.251252208E+00
-4.278046386E+00-4.301922403E+00-4.322763762E+00-4.340462669E+00-4.354918788E+00
-4.366037869E+00-4.373730505E+00-4.377911031E+00-4.378496842E+00-4.375407851E+00
-4.368566569E+00-4.357898394E+00-4.343332484E+00-4.324802801E+00-4.302249799E+00
-4.275622109E+00-4.244878594E+00-4.209990400E+00-4.170942918E+00-4.127737464E+00
-4.080392429E+00-4.028943543E+00-3.973442835E+00-3.913955798E+00-3.850556590E+00
-3.783315336E+00-3.712287300E+00-3.637463510E+00-3.558619482E+00-3.475184017E+00
-3.385772983E+00-3.288481838E+00-3.184735172E+00-3.077938909E+00-2.969339795E+00
-2.859000534E+00-2.746950657E+00-2.633266782E+00-2.518039767E+00-2.401365027E+00
-2.283341055E+00-2.164069484E+00-2.043655183E+00-1.922206474E+00-1.799835175E+00
-1.676656804E+00-1.552790739E+00-1.428360361E+00-1.303493179E+00-1.178320896E+00
-1.052979374E+00-9.276085799E-01-8.023524033E-01-6.773584695E-01-5.527778776E-01
-4.287649359E-01-3.054769190E-01-1.830738572E-01-6.171841171E-02 5.842412567E-02
 1.771856971E-01 2.943951720E-01 4.098778740E-01 5.234549426E-01 6.349425929E-01
 7.441513127E-01 8.508851327E-01 9.549410812E-01 1.056109015E+00 1.154171991E+00
 1.248907380E+00 1.340088877E+00 1.427489505E+00 1.510885645E+00 1.590061994E+00
 1.664817257E+00-1.590827373E+00-1.637551983E+00-1.685247934E+00-1.733916994E+00
-1.783512243E+00-1.833582529E+00-1.883989477E+00-1.934736135E+00-1.985824274E+00
-2.037253240E+00-2.089019737E+00-2.141118223E+00-2.193541392E+00-2.246280681E+00
-2.299326729E+00-2.352669752E+00-2.406299925E+00-2.460207560E+00-2.514383491E+00
-2.568819056E+00-2.623506389E+00-2.678438513E+00-2.733609307E+00-2.789013691E+00
-2.844647657E+00-2.900508102E+00-2.956592974E+00-3.012900916E+00-3.069430862E+00
-3.126180720E+00-3.183143745E+00-3.240410237E+00-3.297370298E+00-3.353249171E+00
-3.407592985E+00-3.460345431E+00-3.511677415E+00-3.561798984E+00-3.610866862E+00
-3.658968382E+00-3.706134198E+00-3.752356307E+00-3.797557666E+00-3.841605503E+00
-3.884353597E+00-3.925642494E+00-3.965304833E+00-4.003169088E+00-4.039063286E+00
-4.072818090E+00-4.104269298E+00-4.133259723E+00-4.159640471E+00-4.183271579E+00
-4.204022253E+00-4.221770669E+00-4.236403488E+00-4.247815145E+00-4.255907164E+00
-4.260587369E+00-4.261769356E+00-4.259372111E+00-4.253319828E+00-4.243542228E+00
-4.229974862E+00-4.212560025E+00-4.191247781E+00-4.165997110E+00-4.136777356E+00
-4.103569318E+00-4.066366522E+00-4.025175848E+00-3.980017525E+00-3.930924069E+00
-3.877938497E+00-3.821108883E+00-3.760477412E+00-3.696082082E+00-3.627874818E+00
-3.555643111E+00-3.478887961E+00-3.396459992E+00-3.306643743E+00-3.210025916E+00
-3.109696606E+00-3.007439327E+00-2.903113420E+00-2.796850920E+00-2.688754508E+00
-2.578912194E+00-2.467413152E+00-2.354350508E+00-2.239821556E+00-2.123927870E+00
-2.006775444E+00-1.888475021E+00-1.769142391E+00-1.648898637E+00-1.527870425E+00
-1.406190240E+00-1.283996552E+00-1.161433919E+00-1.038652976E+00-9.158102984E-01
-7.930681575E-01-6.705941171E-01-5.485604983E-01-4.271437359E-01-3.065236172E-01
-1.868824509E-01-6.840420172E-02 4.872637121E-02 1.643245280E-01 2.782062657E-01
 3.901889135E-01 5.000915624E-01 6.077353475E-01 7.129435687E-01 8.155417132E-01
 9.153574037E-01 1.012220398E+00 1.105962707E+00 1.196418958E+00 1.283427114E+00
 1.366829625E+00 1.446475105E+00 1.522220500E+00 1.593933769E+00 1.661496933E+00
-1.587744309E+00-1.634135979E+00-1.681536109E+00-1.729932921E+00-1.779339501E+00
-1.829165175E+00-1.879315888E+00-1.929788366E+00-1.980573877E+00-2.031662948E+00
-2.083045157E+00-2.134709110E+00-2.186642502E+00-2.238832468E+00-2.291265791E+00
-2.343929218E+00-2.396809689E+00-2.449894608E+00-2.503172000E+00-2.556630704E+00
-2.610260490E+00-2.664052191E+00-2.717997747E+00-2.772090336E+00-2.826324340E+00
-2.880695361E+00-2.935200296E+00-2.989837287E+00-3.044605907E+00-3.099507687E+00
-3.154547878E+00-3.209740897E+00-3.264911438E+00-3.319299355E+00-3.372226370E+00
-3.423388435E+00-3.472815720E+00-3.520693666E+00-3.567210987E+00-3.612498865E+00
-3.656624889E+00-3.699605296E+00-3.741422685E+00-3.782005808E+00-3.821231366E+00
-3.858959574E+00-3.895042486E+00-3.929325046E+00-3.961649583E+00-3.991858251E+00
-4.019795701E+00-4.045311122E+00-4.068259729E+00-4.088503845E+00-4.105913547E+00
-4.120366954E+00-4.131750223E+00-4.139957478E+00-4.144890497E+00-4.146458555E+00
-4.144578137E+00-4.139173033E+00-4.130174298E+00-4.117520681E+00-4.101158954E+00
-4.081044490E+00-4.057142004E+00-4.029426248E+00-3.997882513E+00-3.962506674E+00
-3.923304814E+00-3.880292725E+00-3.833492847E+00-3.782927192E+00-3.728617713E+00
-3.670570051E+00-3.608684296E+00-3.542742785E+00-3.472258259E+00-3.396196075E+00
-3.313085351E+00-3.223263851E+00-3.129373863E+00-3.033474987E+00-2.935308169E+00
-2.835007673E+00-2.732653877E+00-2.628336670E+00-2.522146563E+00-2.414173622E+00
-2.304509500E+00-2.193248972E+00-2.080491015E+00-1.966339529E+00-1.850903980E+00
-1.734299974E+00-1.616649785E+00-1.498082851E+00-1.378736224E+00-1.258754936E+00
-1.138292278E+00-1.017509941E+00-8.965780130E-01-7.756747648E-01-6.549862447E-01
-5.347056216E-01-4.150323020E-01-2.961707906E-01-1.783293424E-01-6.171841617E-02
 5.345100595E-02 1.669691851E-01 2.786293990E-01 3.882296518E-01 4.955742555E-01
 6.004752033E-01 7.027533165E-01 8.022391147E-01 8.987734165E-01 9.922077016E-01
 1.082404257E+00 1.169236192E+00 1.252587398E+00 1.332352510E+00 1.408437001E+00
 1.480757435E+00 1.549241953E+00 1.613831005E+00 1.674478315E+00-1.586057797E+00
-1.632216946E+00-1.679369473E+00-1.727523354E+00-1.776596080E+00-1.826172913E+00
-1.876076239E+00-1.926284206E+00-1.976779712E+00-2.027545417E+00-2.078563704E+00
-2.129816531E+00-2.181285705E+00-2.232952991E+00-2.284800291E+00-2.336809990E+00
-2.388964980E+00-2.441249041E+00-2.493646884E+00-2.546144365E+00-2.598728559E+00
-2.651387878E+00-2.704112188E+00-2.756892789E+00-2.809722511E+00-2.862595618E+00
-2.915507964E+00-2.968456681E+00-3.021440141E+00-3.074457260E+00-3.127506389E+00
-3.180581639E+00-3.233765071E+00-3.286486533E+00-3.337971790E+00-3.387676808E+00
-3.435422253E+00-3.481291136E+00-3.525465603E+00-3.568111812E+00-3.609339516E+00
-3.649201052E+00-3.687701711E+00-3.724816302E+00-3.760483012E+00-3.794595170E+00
-3.827020758E+00-3.857623731E+00-3.886262965E+00-3.912794835E+00-3.937076473E+00
-3.958967474E+00-3.978331538E+00-3.995037907E+00-4.008962298E+00-4.019987612E+00
-4.028004274E+00-4.032910572E+00-4.034612700E+00-4.033024936E+00-4.028069749E+00
-4.019677927E+00-4.007788797E+00-3.992350469E+00-3.973319983E+00-3.950663217E+00
-3.924355134E+00-3.894379922E+00-3.860730704E+00-3.823406453E+00-3.782407593E+00
-3.737739377E+00-3.689404382E+00-3.637343604E+00-3.581425880E+00-3.521403549E+00
-3.456760811E+00-3.386513074E+00-3.309462248E+00-3.226055945E+00-3.138538951E+00
-3.048929049E+00-2.956909423E+00-2.862611992E+00-2.766095275E+00-2.667433390E+00
-2.566702372E+00-2.463981417E+00-2.359352684E+00-2.252901121E+00-2.144715244E+00
-2.034887870E+00-1.923517004E+00-1.810706744E+00-1.696568030E+00-1.581219490E+00
-1.464788218E+00-1.347410507E+00-1.229232554E+00-1.110411056E+00-9.911136922E-01
-8.715194217E-01-7.518185827E-01-6.322126976E-01-5.129139734E-01-3.941444299E-01
-2.761346339E-01-1.591220315E-01-4.334886987E-02 7.094023031E-02 1.835009998E-01
 2.940924407E-01 4.024798361E-01 5.084376997E-01 6.117525686E-01 7.122254898E-01
 8.096741127E-01 9.039343087E-01 9.948612878E-01 1.082330176E+00 1.166236096E+00
 1.246493779E+00 1.323036799E+00 1.395816507E+00 1.464800768E+00 1.529972640E+00
 1.591329071E+00 1.648879754E+00 1.702646160E+00-1.585479646E+00-1.631428160E+00
-1.678381895E+00-1.726341990E+00-1.775242114E+00-1.824624238E+00-1.874318903E+00
-1.924300924E+00-1.974545835E+00-2.025028808E+00-2.075724794E+00-2.126608739E+00
-2.177655801E+00-2.228841622E+00-2.280142486E+00-2.331535585E+00-2.382999255E+00
-2.434512997E+00-2.486057780E+00-2.537616089E+00-2.589172033E+00-2.640711391E+00
-2.692221799E+00-2.743692620E+00-2.795115172E+00-2.846482616E+00-2.897790048E+00
-2.949034486E+00-3.000214901E+00-3.051332321E+00-3.102390253E+00-3.153395945E+00
-3.204364316E+00-3.255130563E+00-3.305002226E+00-3.353265893E+00-3.399498176E+00
-3.443603601E+00-3.485689055E+00-3.525923156E+00-3.564450497E+00-3.601363740E+00
-3.636704197E+00-3.670470666E+00-3.702631776E+00-3.733132883E+00-3.761887662E+00
-3.788783377E+00-3.813693785E+00-3.836491889E+00-3.857050671E+00-3.875243211E+00
-3.890944991E+00-3.904035950E+00-3.914401531E+00-3.921933415E+00-3.926530181E+00
-3.928097774E+00-3.926549849E+00-3.921808122E+00-3.913802428E+00-3.902471128E+00
-3.887761265E+00-3.869628794E+00-3.848037791E+00-3.822958918E+00-3.794367255E+00
-3.762243795E+00-3.726580399E+00-3.687359665E+00-3.644525594E+00-3.597982832E+00
-3.547574131E+00-3.492995388E+00-3.433676080E+00-3.368672307E+00-3.297138760E+00
-3.219810298E+00-3.138578577E+00-3.055151463E+00-2.969219289E+00-2.880903820E+00
-2.790245769E+00-2.697304100E+00-2.602138436E+00-2.504812044E+00-2.405391466E+00
-2.303946691E+00-2.200551410E+00-2.095283366E+00-1.988224969E+00-1.879464067E+00
-1.769094802E+00-1.657218574E+00-1.543945045E+00-1.429393195E+00-1.313692385E+00
-1.196983438E+00-1.079419676E+00-9.611678898E-01-8.424091665E-01-7.233395424E-01
-6.041703662E-01-4.851283062E-01-3.664549140E-01-2.484056429E-01-1.312482603E-01
-1.526058217E-02 9.927244634E-02 2.120623211E-01 3.228210898E-01 4.312658475E-01
 5.371234478E-01 6.401351803E-01 7.400611831E-01 8.366844105E-01 9.298139336E-01
 1.019287455E+00 1.104972958E+00 1.186769438E+00 1.264606717E+00 1.338444397E+00
 1.408270030E+00 1.474096605E+00 1.535959552E+00 1.593913399E+00 1.648028364E+00
 1.698387001E+00 1.745081202E+00-1.586021732E+00-1.631797798E+00-1.678609888E+00
-1.726435214E+00-1.775291569E+00-1.824544332E+00-1.874093495E+00-1.923913949E+00
-1.973973473E+00-2.024239092E+00-2.074677672E+00-2.125256291E+00-2.175942685E+00
-2.226705542E+00-2.277514865E+00-2.328342073E+00-2.379160291E+00-2.429944404E+00
-2.480671258E+00-2.531319673E+00-2.581870563E+00-2.632306954E+00-2.682614060E+00
-2.732779363E+00-2.782792556E+00-2.832645713E+00-2.882333235E+00-2.931851922E+00
-2.981201041E+00-3.030382392E+00-3.079400238E+00-3.128261207E+00-3.176973417E+00
-3.225543244E+00-3.273545010E+00-3.320237927E+00-3.365010179E+00-3.407546054E+00
-3.447803621E+00-3.485895053E+00-3.521971319E+00-3.556158060E+00-3.588535147E+00
-3.619137287E+00-3.647961882E+00-3.674976302E+00-3.700127452E+00-3.723345381E+00
-3.744541168E+00-3.763611474E+00-3.780445539E+00-3.794930530E+00-3.806955862E+00
-3.816415211E+00-3.823206790E+00-3.827233927E+00-3.828405780E+00-3.826638060E+00
-3.821853412E+00-3.813981459E+00-3.802958585E+00-3.788727958E+00-3.771240592E+00
-3.750456590E+00-3.726342273E+00-3.698862549E+00-3.667969539E+00-3.633597282E+00
-3.595663715E+00-3.554044573E+00-3.508527792E+00-3.458747028E+00-3.404088974E+00
-3.343721517E+00-3.277276122E+00-3.205774217E+00-3.130715557E+00-3.053344291E+00
-2.973409077E+00-2.891014901E+00-2.806190674E+00-2.718982785E+00-2.629436711E+00
-2.537600664E+00-2.443525334E+00-2.347264144E+00-2.248873636E+00-2.148413841E+00
-2.045948645E+00-1.941546547E+00-1.835281233E+00-1.727232557E+00-1.617487493E+00
-1.506141299E+00-1.393298761E+00-1.279075536E+00-1.163599606E+00-1.047012788E+00
-9.294722580E-01-8.111520864E-01-6.922446453E-01-5.729618763E-01-4.535362375E-01
-3.342212365E-01-2.152913606E-01-9.704126721E-02 2.021596105E-02 1.361516071E-01
 2.504252451E-01 3.626897841E-01 4.725975117E-01 5.798068900E-01 6.839897880E-01
 7.848387114E-01 8.820736507E-01 9.754481340E-01 1.064754219E+00 1.149826197E+00
 1.230542886E+00 1.306828483E+00 1.378651947E+00 1.446024989E+00 1.508998722E+00
 1.567659146E+00 1.622121694E+00 1.672525132E+00 1.719025201E+00 1.761788428E+00
 1.800986467E+00-1.587876739E+00-1.633586611E+00-1.680318834E+00-1.728075527E+00
-1.776766775E+00-1.825956133E+00-1.875448243E+00-1.925198891E+00-1.975166137E+00
-2.025307239E+00-2.075579330E+00-2.125940343E+00-2.176349470E+00-2.226767568E+00
-2.277157589E+00-2.327484692E+00-2.377716401E+00-2.427822682E+00-2.477776078E+00
-2.527551571E+00-2.577126763E+00-2.626481849E+00-2.675599585E+00-2.724465437E+00
-2.773067469E+00-2.821396573E+00-2.869446336E+00-2.917213329E+00-2.964696988E+00
-3.011899892E+00-3.058827795E+00-3.105489747E+00-3.151898361E+00-3.198070400E+00
-3.243885066E+00-3.288747189E+00-3.331951053E+00-3.372984210E+00-3.411613010E+00
-3.447825246E+00-3.481726444E+00-3.513448507E+00-3.543100894E+00-3.570754430E+00
-3.596441379E+00-3.620161312E+00-3.641887839E+00-3.661573758E+00-3.679157196E+00
-3.694565392E+00-3.707717525E+00-3.718526378E+00-3.726901381E+00-3.732751889E+00
-3.735989445E+00-3.736529390E+00-3.734291851E+00-3.729202497E+00-3.721192501E+00
-3.710198131E+00-3.696159125E+00-3.679016014E+00-3.658707779E+00-3.635171327E+00
-3.608337484E+00-3.578119806E+00-3.544395773E+00-3.506982057E+00-3.465594026E+00
-3.419791297E+00-3.368964282E+00-3.312591718E+00-3.250938799E+00-3.185089852E+00
-3.116065143E+00-3.044605462E+00-2.970546973E+00-2.893975964E+00-2.814916598E+00
-2.733406757E+00-2.649481572E+00-2.563177395E+00-2.474531488E+00-2.383582469E+00
-2.290370837E+00-2.194939183E+00-2.097332792E+00-1.997600066E+00-1.895793152E+00
-1.791968719E+00-1.686188765E+00-1.578521666E+00-1.469043340E+00-1.357838621E+00
-1.245002772E+00-1.130643199E+00-1.014881363E+00-8.978548188E-01-7.797194336E-01
-6.606516872E-01-5.408509996E-01-4.205419967E-01-2.999765390E-01-1.794353170E-01
-5.922878812E-02 6.030290010E-02 1.787912948E-01 2.958426790E-01 4.110430228E-01
 5.239649398E-01 6.341765459E-01 7.412518342E-01 8.447819098E-01 9.443863427E-01
 1.039723791E+00 1.130501223E+00 1.216481294E+00 1.297487588E+00 1.373407706E+00
 1.444194171E+00 1.509863216E+00 1.570491487E+00 1.626210653E+00 1.677200083E+00
 1.723677793E+00 1.765890186E+00 1.804101243E+00 1.838581992E+00 1.869601058E+00
-1.590709736E+00-1.636374905E+00-1.683096862E+00-1.730873208E+00-1.779619158E+00
-1.828869317E+00-1.878424953E+00-1.928231334E+00-1.978233464E+00-2.028375632E+00
-2.078602865E+00-2.128861877E+00-2.179101938E+00-2.229275206E+00-2.279337016E+00
-2.329245921E+00-2.378963748E+00-2.428455502E+00-2.477689384E+00-2.526636639E+00
-2.575271632E+00-2.623571671E+00-2.671517107E+00-2.719091316E+00-2.766280714E+00
-2.813074760E+00-2.859466206E+00-2.905451023E+00-2.951028609E+00-2.996202026E+00
-3.040978096E+00-3.085367629E+00-3.129385606E+00-3.173051247E+00-3.216387535E+00
-3.259050486E+00-3.300399258E+00-3.339810450E+00-3.376861329E+00-3.411373509E+00
-3.443346060E+00-3.472870054E+00-3.500057783E+00-3.525004446E+00-3.547774511E+00
-3.568400551E+00-3.586887294E+00-3.603216836E+00-3.617354065E+00-3.629250519E+00
-3.638847737E+00-3.646080360E+00-3.650878746E+00-3.653170929E+00-3.652884205E+00
-3.649946181E+00-3.644285473E+00-3.635831856E+00-3.624515767E+00-3.610266887E+00
-3.593010923E+00-3.572664806E+00-3.549129982E+00-3.522281334E+00-3.491949041E+00
-3.457891255E+00-3.419762619E+00-3.377104493E+00-3.329455992E+00-3.276722264E+00
-3.219512161E+00-3.158701470E+00-3.095666959E+00-3.029993725E+00-2.961667330E+00
-2.890779197E+00-2.817363740E+00-2.741458084E+00-2.663092789E+00-2.582296667E+00
-2.499097351E+00-2.413522007E+00-2.325597938E+00-2.235352988E+00-2.142815953E+00
-2.048017118E+00-1.950988670E+00-1.851765326E+00-1.750384982E+00-1.646889510E+00
-1.541325710E+00-1.433746441E+00-1.324211933E+00-1.212791341E+00-1.099564550E+00
-9.846242475E-01-8.680783089E-01-7.500524938E-01-6.306934621E-01-5.101721088E-01
-3.886871582E-01-2.664689428E-01-1.437832098E-01-2.093469334E-02 1.017298806E-01
 2.238198912E-01 3.449006478E-01 4.644957010E-01 5.820923720E-01 6.971510068E-01
 8.091180792E-01 9.174425008E-01 1.021593915E+00 1.121081166E+00 1.215469255E+00
 1.304393353E+00 1.387569281E+00 1.464800390E+00 1.535981200E+00 1.601098153E+00
 1.660227722E+00 1.713531746E+00 1.761249741E+00 1.803687870E+00 1.841204634E+00
 1.874193872E+00 1.903066383E+00 1.928231983E+00 1.950083873E+00-1.594430802E+00
-1.640070409E+00-1.686863920E+00-1.734768614E+00-1.783798934E+00-1.833268884E+00
-1.883053932E+00-1.933088280E+00-1.983297550E+00-2.033608086E+00-2.083949082E+00
-2.134253902E+00-2.184460634E+00-2.234512174E+00-2.284356205E+00-2.333944922E+00
-2.383234746E+00-2.432186148E+00-2.480763358E+00-2.528934228E+00-2.576670043E+00
-2.623945514E+00-2.670738630E+00-2.717030671E+00-2.762806273E+00-2.808053420E+00
-2.852763568E+00-2.896931815E+00-2.940557055E+00-2.983642215E+00-3.026194580E+00
-3.068226203E+00-3.109754447E+00-3.150802621E+00-3.191401188E+00-3.231479361E+00
-3.270561257E+00-3.308021808E+00-3.343330331E+00-3.376140886E+00-3.406309869E+00
-3.433834760E+00-3.458787100E+00-3.481258893E+00-3.501331715E+00-3.519064357E+00
-3.534490419E+00-3.547620520E+00-3.558445960E+00-3.566942516E+00-3.573073780E+00
-3.576793943E+00-3.578050087E+00-3.576783673E+00-3.572931532E+00-3.566426096E+00
-3.557194873E+00-3.545158710E+00-3.530228567E+00-3.512300177E+00-3.491245340E+00
-3.466899873E+00-3.439047701E+00-3.407406500E+00-3.371633564E+00-3.331399153E+00
-3.286599579E+00-3.237603028E+00-3.185061309E+00-3.129501520E+00-3.071560878E+00
-3.011054098E+00-2.948056675E+00-2.882554115E+00-2.814547734E+00-2.744057104E+00
-2.671102843E+00-2.595705664E+00-2.517884983E+00-2.437658995E+00-2.355044772E+00
-2.270058513E+00-2.182715914E+00-2.093032476E+00-2.001023817E+00-1.906706073E+00
-1.810096416E+00-1.711213528E+00-1.610078288E+00-1.506714534E+00-1.401150019E+00
-1.293417543E+00-1.183556338E+00-1.071613727E+00-9.576471020E-01-8.417262901E-01
-7.239363648E-01-6.043809398E-01-4.831860498E-01-3.605046428E-01-2.365217318E-01
-1.114602067E-01 1.441276590E-02 1.407789319E-01 2.672621218E-01 3.934220609E-01
 5.187499020E-01 6.426669810E-01 7.645287690E-01 8.836359189E-01 9.992536545E-01
 1.110638939E+00 1.217072673E+00 1.317892269E+00 1.412519941E+00 1.500483695E+00
 1.581430509E+00 1.655133090E+00 1.721492307E+00 1.780536943E+00 1.832421439E+00
 1.877421175E+00 1.915923824E+00 1.948414918E+00 1.975456233E+00 1.997657093E+00
 2.015641406E+00 2.030014882E+00 2.041337772E+00-1.599116241E+00-1.644830514E+00
-1.691770514E+00-1.739934856E+00-1.789209317E+00-1.839100278E+00-1.889352876E+00
-1.939857459E+00-1.990508974E+00-2.041208662E+00-2.091866184E+00-2.142400138E+00
-2.192737511E+00-2.242812808E+00-2.292567239E+00-2.341947826E+00-2.390906804E+00
-2.439401041E+00-2.487391646E+00-2.534843662E+00-2.581725893E+00-2.628010688E+00
-2.673673902E+00-2.718694782E+00-2.763056083E+00-2.806744047E+00-2.849748540E+00
-2.892063206E+00-2.933685642E+00-2.974617689E+00-3.014865877E+00-3.054441755E+00
-3.093362627E+00-3.131652191E+00-3.169341567E+00-3.206470148E+00-3.242786594E+00
-3.277803704E+00-3.310959676E+00-3.341810231E+00-3.370069963E+00-3.395614934E+00
-3.418432667E+00-3.438571604E+00-3.456101639E+00-3.471088925E+00-3.483584385E+00
-3.493619740E+00-3.501207856E+00-3.506344548E+00-3.509010613E+00-3.509173691E+00
-3.506789506E+00-3.501802309E+00-3.494144086E+00-3.483732581E+00-3.470467945E+00
-3.454227731E+00-3.434859560E+00-3.412173940E+00-3.385942979E+00-3.355918104E+00
-3.321886884E+00-3.283801633E+00-3.241917644E+00-3.196656042E+00-3.148374605E+00
-3.097843053E+00-3.044789448E+00-2.989193229E+00-2.931124407E+00-2.870599045E+00
-2.807636792E+00-2.742247762E+00-2.674440307E+00-2.604223942E+00-2.531608471E+00
-2.456603098E+00-2.379216097E+00-2.299454328E+00-2.217323352E+00-2.132827297E+00
-2.045969127E+00-1.956750682E+00-1.865172981E+00-1.771236485E+00-1.674941415E+00
-1.576288200E+00-1.475278000E+00-1.371913369E+00-1.266199080E+00-1.158143162E+00
-1.047758180E+00-9.350628465E-01-8.200839798E-01-7.028589725E-01-5.834387806E-01
-4.618916410E-01-3.383075779E-01-2.128039200E-01-8.553197999E-02 4.331491643E-02
 1.734918454E-01 3.046910433E-01 4.365290356E-01 5.685325475E-01 7.001242812E-01
 8.306109683E-01 9.591778901E-01 1.084896100E+00 1.206748997E+00 1.323681131E+00
 1.434663254E+00 1.538758567E+00 1.635173942E+00 1.723288380E+00 1.802661823E+00
 1.873032793E+00 1.934312881E+00 1.986582948E+00 2.030092429E+00 2.065260235E+00
 2.092672991E+00 2.113073810E+00 2.127333852E+00 2.136402403E+00 2.141239795E+00
 2.142748520E+00 2.141720271E+00-1.604114299E+00-1.649844130E+00-1.697023151E+00
-1.745653726E+00-1.795585806E+00-1.846257937E+00-1.897343644E+00-1.948669999E+00
-2.000085071E+00-2.051459064E+00-2.102682400E+00-2.153661990E+00-2.204317614E+00
-2.254579145E+00-2.304384537E+00-2.353678334E+00-2.402410599E+00-2.450536302E+00
-2.498014671E+00-2.544808911E+00-2.590885924E+00-2.636216238E+00-2.680773752E+00
-2.724535834E+00-2.767483280E+00-2.809600357E+00-2.850874876E+00-2.891298389E+00
-2.930866381E+00-2.969578444E+00-3.007438785E+00-3.044456529E+00-3.080646403E+00
-3.116029509E+00-3.150634292E+00-3.184498035E+00-3.217597251E+00-3.249577282E+00
-3.279980147E+00-3.308332579E+00-3.334271236E+00-3.357557780E+00-3.378078118E+00
-3.395804908E+00-3.410760667E+00-3.422988722E+00-3.432533816E+00-3.439431059E+00
-3.443700487E+00-3.445344872E+00-3.444348925E+00-3.440678812E+00-3.434281403E+00
-3.425082851E+00-3.412986328E+00-3.397869254E+00-3.379584169E+00-3.357966851E+00
-3.332859571E+00-3.304151355E+00-3.271856174E+00-3.236171385E+00-3.197375147E+00
-3.155682508E+00-3.111821370E+00-3.065526984E+00-3.016764219E+00-2.965606669E+00
-2.912056620E+00-2.856119770E+00-2.797811873E+00-2.737145503E+00-2.674130990E+00
-2.608775424E+00-2.541083516E+00-2.471058287E+00-2.398701152E+00-2.324011820E+00
-2.246988180E+00-2.167626123E+00-2.085919449E+00-2.001859806E+00-1.915436711E+00
-1.826637624E+00-1.735447958E+00-1.641851238E+00-1.545829271E+00-1.447362370E+00
-1.346429689E+00-1.243009637E+00-1.137080469E+00-1.028621029E+00-9.176117603E-01
-8.040359900E-01-6.878816310E-01-5.691433545E-01-4.478254060E-01-3.239452172E-01
-1.975380080E-01-6.866270237E-02 6.259056889E-02 1.960908711E-01 3.316542411E-01
 4.690280794E-01 6.078712512E-01 7.477288678E-01 8.880009348E-01 1.027905328E+00
 1.166439535E+00 1.302354840E+00 1.434171165E+00 1.560266673E+00 1.679042832E+00
 1.789099322E+00 1.889337210E+00 1.978972994E+00 2.057503266E+00 2.124661761E+00
 2.180389318E+00 2.224822411E+00 2.258299696E+00 2.281383671E+00 2.294890987E+00
 2.299917365E+00 2.297827518E+00 2.290171931E+00 2.278520191E+00 2.264271621E+00
 2.248535601E+00-1.608752124E+00-1.654270984E+00-1.701778061E+00-1.751248699E+00
-1.802519315E+00-1.854617644E+00-1.907136192E+00-1.959796055E+00-2.012394239E+00
-2.064784274E+00-2.116853946E+00-2.168512357E+00-2.219682444E+00-2.270296949E+00
-2.320295939E+00-2.369625235E+00-2.418235540E+00-2.466081805E+00-2.513122774E+00
-2.559320836E+00-2.604641752E+00-2.649054597E+00-2.692531679E+00-2.735048526E+00
-2.776583900E+00-2.817119898E+00-2.856641888E+00-2.895138768E+00-2.932603020E+00
-2.969030962E+00-3.004422981E+00-3.038783787E+00-3.072122990E+00-3.104455568E+00
-3.135802721E+00-3.166193127E+00-3.195664861E+00-3.224049963E+00-3.251006774E+00
-3.276134129E+00-3.299046190E+00-3.319451698E+00-3.337150527E+00-3.352031122E+00
-3.364047192E+00-3.373191042E+00-3.379472130E+00-3.382902004E+00-3.383484230E+00
-3.381208266E+00-3.376045395E+00-3.367946381E+00-3.356843015E+00-3.342654320E+00
-3.325298234E+00-3.304701589E+00-3.280834815E+00-3.253747150E+00-3.223612019E+00
-3.190600426E+00-3.154851790E+00-3.116948664E+00-3.076687300E+00-3.034042118E+00
-2.989087313E+00-2.941826646E+00-2.892265329E+00-2.840419056E+00-2.786298680E+00
-2.729912958E+00-2.671269932E+00-2.610375862E+00-2.547234583E+00-2.481847394E+00
-2.414212842E+00-2.344326915E+00-2.272182967E+00-2.197771718E+00-2.121081171E+00
-2.042096426E+00-1.960799696E+00-1.877170032E+00-1.791183406E+00-1.702812495E+00
-1.612026661E+00-1.518791872E+00-1.423070647E+00-1.324822058E+00-1.224001729E+00
-1.120561947E+00-1.014451828E+00-9.056176183E-01-7.940031792E-01-6.795507009E-01
-5.622017359E-01-4.418986682E-01-3.185867612E-01-1.922169458E-01-6.274962594E-02
 6.984020429E-02 2.055560938E-01 3.443709381E-01 4.862146073E-01 6.309571989E-01
 7.783859690E-01 9.281728507E-01 1.079827303E+00 1.232625576E+00 1.385502394E+00
 1.536891744E+00 1.684551058E+00 1.825596068E+00 1.957088620E+00 2.076794801E+00
 2.183347997E+00 2.275994727E+00 2.354349210E+00 2.418255015E+00 2.467724523E+00
 2.502926685E+00 2.524210018E+00 2.532160565E+00 2.527703856E+00 2.512264908E+00
 2.487962710E+00 2.457636811E+00 2.424310475E+00 2.390337348E+00 2.357119737E+00
-1.611718656E+00-1.656147160E+00-1.703975299E+00-1.755308765E+00-1.809378532E+00
-1.864334049E+00-1.919245473E+00-1.973872944E+00-2.028098558E+00-2.081835848E+00
-2.135011839E+00-2.187561096E+00-2.239423394E+00-2.290542538E+00-2.340865863E+00
-2.390343839E+00-2.438930021E+00-2.486580866E+00-2.533255723E+00-2.578916844E+00
-2.623529351E+00-2.667061212E+00-2.709483305E+00-2.750769373E+00-2.790896163E+00
-2.829843330E+00-2.867593608E+00-2.904132775E+00-2.939449805E+00-2.973536889E+00
-3.006389550E+00-3.038006724E+00-3.068390948E+00-3.097548327E+00-3.125488722E+00
-3.152225409E+00-3.177774469E+00-3.202152432E+00-3.225066004E+00-3.246217650E+00
-3.265284352E+00-3.281960435E+00-3.296010738E+00-3.307269296E+00-3.315625736E+00
-3.321012529E+00-3.323390087E+00-3.322732988E+00-3.319021331E+00-3.312237154E+00
-3.302364044E+00-3.289384116E+00-3.273292662E+00-3.254126807E+00-3.232010954E+00
-3.207053207E+00-3.179348980E+00-3.149024883E+00-3.116487934E+00-3.081618458E+00
-3.044418201E+00-3.004962655E+00-2.963268484E+00-2.919351366E+00-2.873234765E+00
-2.824935657E+00-2.774467682E+00-2.721842912E+00-2.667070882E+00-2.610158450E+00
-2.551109957E+00-2.489926876E+00-2.426607773E+00-2.361147997E+00-2.293539682E+00
-2.223771665E+00-2.151829356E+00-2.077694716E+00-2.001346156E+00-1.922758357E+00
-1.841902146E+00-1.758744338E+00-1.673247514E+00-1.585369820E+00-1.495064716E+00
-1.402280704E+00-1.306961034E+00-1.209043387E+00-1.108459528E+00-1.005134962E+00
-8.989885999E-01-7.899324288E-01-6.778712667E-01-5.627026065E-01-4.443166417E-01
-3.225965298E-01-1.974190381E-01-6.865572678E-02 6.382515729E-02 2.001557503E-01
 3.404642929E-01 4.848690262E-01 6.334696379E-01 7.863353996E-01 9.434886608E-01
 1.104881459E+00 1.270360887E+00 1.439613623E+00 1.612064995E+00 1.786653866E+00
 1.961118857E+00 2.128909467E+00 2.280737462E+00 2.414166123E+00 2.529085409E+00
 2.625644659E+00 2.704004722E+00 2.764304941E+00 2.806663399E+00 2.831197619E+00
 2.838070621E+00 2.827560603E+00 2.800162090E+00 2.756790148E+00 2.699402065E+00
 2.633796806E+00 2.570279338E+00 2.512180249E+00 2.459426621E+00-1.615111444E+00
-1.657653793E+00-1.705861624E+00-1.759865468E+00-1.818634079E+00-1.877468531E+00
-1.935254127E+00-1.992153398E+00-2.048235402E+00-2.103509243E+00-2.157955795E+00
-2.211542040E+00-2.264227983E+00-2.315970433E+00-2.366725035E+00-2.416447571E+00
-2.465094810E+00-2.512625071E+00-2.558998478E+00-2.604177282E+00-2.648126062E+00
-2.690811781E+00-2.732203842E+00-2.772274303E+00-2.810997741E+00-2.848351388E+00
-2.884315150E+00-2.918871607E+00-2.952005935E+00-2.983706004E+00-3.013962184E+00
-3.042767383E+00-3.070116736E+00-3.096007571E+00-3.120438937E+00-3.143411571E+00
-3.164927624E+00-3.184991590E+00-3.203465293E+00-3.220094444E+00-3.234619507E+00
-3.246789121E+00-3.256375255E+00-3.263191676E+00-3.267100651E+00-3.268008878E+00
-3.265858981E+00-3.260619125E+00-3.252285628E+00-3.240894007E+00-3.226535743E+00
-3.209269179E+00-3.189150666E+00-3.166252053E+00-3.141069550E+00-3.113496739E+00
-3.083527554E+00-3.051212900E+00-3.016639042E+00-2.979845763E+00-2.940868659E+00
-2.899746367E+00-2.856509794E+00-2.811185041E+00-2.763795206E+00-2.714359471E+00
-2.662893282E+00-2.609408592E+00-2.553913755E+00-2.496413556E+00-2.436909118E+00
-2.375397885E+00-2.311873481E+00-2.246325713E+00-2.178740340E+00-2.109099186E+00
-2.037379947E+00-1.963556078E+00-1.887596784E+00-1.809466733E+00-1.729125940E+00
-1.646529505E+00-1.561627334E+00-1.474363784E+00-1.384677264E+00-1.292499765E+00
-1.197756291E+00-1.100364230E+00-1.000232614E+00-8.972612866E-01-7.913399665E-01
-6.823472130E-01-5.701492734E-01-4.545988617E-01-3.355338649E-01-2.127760111E-01
-8.612960017E-02 4.461966857E-02 1.797055913E-01 3.193819438E-01 4.639223366E-01
 6.136192559E-01 7.687821066E-01 9.297343399E-01 1.096810154E+00 1.270352288E+00
 1.450714644E+00 1.638278828E+00 1.833508523E+00 2.037113163E+00 2.250370057E+00
 2.453665791E+00 2.627209016E+00 2.774177276E+00 2.894807457E+00 2.992893124E+00
 3.070323064E+00 3.127329902E+00 3.162613196E+00 3.173960811E+00 3.163787181E+00
 3.132905603E+00 3.080671864E+00 3.004763302E+00 2.901559197E+00 2.788246162E+00
 2.694274693E+00 2.613844490E+00 2.543625489E+00-1.626672082E+00-1.669030947E+00
-1.717966944E+00-1.773641896E+00-1.835848572E+00-1.897137380E+00-1.957181398E+00
-2.016108725E+00-2.073971529E+00-2.130788238E+00-2.186553387E+00-2.241245680E+00
-2.294833999E+00-2.347281409E+00-2.398547743E+00-2.448591474E+00-2.497370923E+00
-2.544845069E+00-2.590974090E+00-2.635719795E+00-2.679045871E+00-2.720918060E+00
-2.761304252E+00-2.800174608E+00-2.837501630E+00-2.873260091E+00-2.907427145E+00
-2.939982173E+00-2.970906865E+00-3.000184963E+00-3.027802167E+00-3.053745824E+00
-3.078004617E+00-3.100567889E+00-3.121425041E+00-3.140564291E+00-3.157971300E+00
-3.173626671E+00-3.187501863E+00-3.199377176E+00-3.209034173E+00-3.216270807E+00
-3.220909099E+00-3.222800814E+00-3.221835424E+00-3.217947842E+00-3.211129426E+00
-3.201372695E+00-3.188687765E+00-3.173101531E+00-3.155039554E+00-3.134440681E+00
-3.111317797E+00-3.085733412E+00-3.057796620E+00-3.027564720E+00-2.995086696E+00
-2.960415333E+00-2.923605913E+00-2.884707189E+00-2.843762837E+00-2.800812523E+00
-2.755891048E+00-2.709028446E+00-2.660250217E+00-2.609577251E+00-2.557025863E+00
-2.502607834E+00-2.446330411E+00-2.388196269E+00-2.328203488E+00-2.266345655E+00
-2.202611648E+00-2.136985810E+00-2.069447737E+00-1.999972374E+00-1.928529930E+00
-1.855085713E+00-1.779600114E+00-1.702028387E+00-1.622320440E+00-1.540420564E+00
-1.456267062E+00-1.369791815E+00-1.280919740E+00-1.189568122E+00-1.095645836E+00
-9.990524091E-01-8.996769077E-01-7.973966378E-01-6.920756144E-01-5.835627867E-01
-4.716899745E-01-3.562694752E-01-2.370913331E-01-1.139202109E-01 1.350813940E-02
 1.454908035E-01 2.823620102E-01 4.244977417E-01 5.723205193E-01 7.263042502E-01
 8.869790220E-01 1.054936022E+00 1.230833371E+00 1.415405061E+00 1.609477648E+00
 1.814003249E+00 2.030121999E+00 2.259275801E+00 2.495475953E+00 2.701973453E+00
 2.880002181E+00 3.031433545E+00 3.155088055E+00 3.251400886E+00 3.324105066E+00
 3.373943632E+00 3.400685279E+00 3.401046198E+00 3.373929254E+00 3.321597293E+00
 3.243349830E+00 3.137413138E+00 3.000966561E+00 2.878094364E+00 2.771818940E+00
 2.679431516E+00 2.598522580E+00-1.647814471E+00-1.690992947E+00-1.741032718E+00
-1.798075465E+00-1.861125852E+00-1.924178528E+00-1.986047286E+00-2.046733653E+00
-2.106233362E+00-2.164533470E+00-2.221611635E+00-2.277437763E+00-2.331975873E+00
-2.385186162E+00-2.437026641E+00-2.487454389E+00-2.536426466E+00-2.583900709E+00
-2.629836075E+00-2.674193132E+00-2.716934115E+00-2.758023233E+00-2.797426655E+00
-2.835112601E+00-2.871051444E+00-2.905215571E+00-2.937579521E+00-2.968119906E+00
-2.996815236E+00-3.023645863E+00-3.048593805E+00-3.071642242E+00-3.092775228E+00
-3.111976911E+00-3.129230646E+00-3.144517678E+00-3.157815372E+00-3.169094624E+00
-3.178316197E+00-3.185425348E+00-3.190166358E+00-3.192403084E+00-3.192031372E+00
-3.188956487E+00-3.183104042E+00-3.174420321E+00-3.163145700E+00-3.149231327E+00
-3.132682591E+00-3.113548147E+00-3.091924938E+00-3.067874295E+00-3.041454386E+00
-3.012730165E+00-2.981772376E+00-2.948646633E+00-2.913414378E+00-2.876134500E+00
-2.836863289E+00-2.795653102E+00-2.752551917E+00-2.707603003E+00-2.660844651E+00
-2.612309935E+00-2.562026663E+00-2.510017254E+00-2.456298624E+00-2.400882284E+00
-2.343774143E+00-2.284974743E+00-2.224479048E+00-2.162276651E+00-2.098351701E+00
-2.032683020E+00-1.965244061E+00-1.896002998E+00-1.824922644E+00-1.751960486E+00
-1.677068565E+00-1.600193340E+00-1.521275489E+00-1.440249609E+00-1.357043828E+00
-1.271579318E+00-1.183769647E+00-1.093520012E+00-1.000726269E+00-9.052737802E-01
-8.070360089E-01-7.058728401E-01-6.016285669E-01-4.941294884E-01-3.831810386E-01
-2.685643660E-01-1.500322508E-01-2.730425658E-02 9.993903662E-02 2.320628277E-01
 3.694860507E-01 5.126905315E-01 6.622313038E-01 8.187478004E-01 9.829753071E-01
 1.155755736E+00 1.338046429E+00 1.530925882E+00 1.735596376E+00 1.953385102E+00
 2.185746386E+00 2.433528714E+00 2.666511947E+00 2.868693127E+00 3.040763493E+00
 3.186055571E+00 3.305916828E+00 3.400513946E+00 3.468176556E+00 3.508338400E+00
 3.522871272E+00 3.511511585E+00 3.472817755E+00 3.403512678E+00 3.301687297E+00
 3.168205833E+00 3.029383402E+00 2.906913127E+00 2.798861940E+00 2.703419435E+00
 2.618877650E+00-1.675323680E+00-1.719805656E+00-1.771217051E+00-1.829734182E+00
-1.893954786E+00-1.958656659E+00-2.022229351E+00-2.084580390E+00-2.145661644E+00
-2.205426918E+00-2.263829725E+00-2.320822591E+00-2.376357268E+00-2.430385099E+00
-2.482857738E+00-2.533727518E+00-2.582947972E+00-2.630474126E+00-2.676262671E+00
-2.720272199E+00-2.762463084E+00-2.802797752E+00-2.841240473E+00-2.877757511E+00
-2.912317088E+00-2.944889343E+00-2.975446450E+00-3.003962444E+00-3.030413318E+00
-3.054776864E+00-3.077032446E+00-3.097160880E+00-3.115143934E+00-3.130963759E+00
-3.144602201E+00-3.156039745E+00-3.165254284E+00-3.172219734E+00-3.176904745E+00
-3.179272401E+00-3.179133603E+00-3.176394641E+00-3.171131222E+00-3.163282967E+00
-3.152820443E+00-3.139746574E+00-3.124106453E+00-3.105933697E+00-3.085269329E+00
-3.062167469E+00-3.036694037E+00-3.008916623E+00-2.978903994E+00-2.946726704E+00
-2.912456138E+00-2.876162480E+00-2.837913666E+00-2.797774824E+00-2.755807668E+00
-2.712069846E+00-2.666614336E+00-2.619488961E+00-2.570735981E+00-2.520391748E+00
-2.468486511E+00-2.415044219E+00-2.360082370E+00-2.303612008E+00-2.245637611E+00
-2.186157221E+00-2.125162505E+00-2.062638757E+00-1.998565088E+00-1.932914542E+00
-1.865654200E+00-1.796745302E+00-1.726143335E+00-1.653798065E+00-1.579653552E+00
-1.503648057E+00-1.425713906E+00-1.345777223E+00-1.263757579E+00-1.179567483E+00
-1.093111747E+00-1.004286646E+00-9.129788958E-01-8.190643845E-01-7.224066096E-01
-6.228548030E-01-5.202416219E-01-4.143803884E-01-3.050616974E-01-1.920493312E-01
-7.507523427E-02 4.616660133E-02 1.720276582E-01 3.029141304E-01 4.392982569E-01
 5.817321603E-01 7.308645046E-01 8.874600116E-01 1.052421140E+00 1.226809709E+00
 1.411863745E+00 1.609001663E+00 1.819804339E+00 2.045969999E+00 2.289307361E+00
 2.534929678E+00 2.753951374E+00 2.946459590E+00 3.109134203E+00 3.244759344E+00
 3.356045451E+00 3.443258882E+00 3.505587967E+00 3.538264316E+00 3.542870287E+00
 3.520520047E+00 3.469880623E+00 3.388506965E+00 3.270075084E+00 3.126585160E+00
 2.997697672E+00 2.882483175E+00 2.779503767E+00 2.687387953E+00 2.604858215E+00
-1.707664818E+00-1.753586316E+00-1.806648697E+00-1.866963615E+00-1.934051177E+00
-2.000622613E+00-2.065970118E+00-2.130041345E+00-2.192757528E+00-2.254044974E+00
-2.313834314E+00-2.372059704E+00-2.428658516E+00-2.483571128E+00-2.536740842E+00
-2.588113808E+00-2.637638948E+00-2.685267839E+00-2.730954538E+00-2.774655485E+00
-2.816329193E+00-2.855936269E+00-2.893439197E+00-2.928802248E+00-2.961991588E+00
-2.992975128E+00-3.021722718E+00-3.048206107E+00-3.072399037E+00-3.094277307E+00
-3.113818749E+00-3.131003075E+00-3.145811723E+00-3.158227582E+00-3.168234414E+00
-3.175816174E+00-3.180956161E+00-3.183635654E+00-3.183832177E+00-3.181516509E+00
-3.176646796E+00-3.169198001E+00-3.159171482E+00-3.146568828E+00-3.131401722E+00
-3.113696072E+00-3.093492299E+00-3.070839311E+00-3.045793882E+00-3.018420579E+00
-2.988790436E+00-2.956978619E+00-2.923062790E+00-2.887122087E+00-2.849235820E+00
-2.809482311E+00-2.767937830E+00-2.724675660E+00-2.679765210E+00-2.633271297E+00
-2.585253448E+00-2.535765279E+00-2.484853935E+00-2.432559740E+00-2.378915828E+00
-2.323947856E+00-2.267673940E+00-2.210104468E+00-2.151242190E+00-2.091082320E+00
-2.029612554E+00-1.966813359E+00-1.902658224E+00-1.837113788E+00-1.770140198E+00
-1.701691327E+00-1.631714984E+00-1.560153111E+00-1.486941891E+00-1.412011795E+00
-1.335287532E+00-1.256687902E+00-1.176125506E+00-1.093506324E+00-1.008729130E+00
-9.216847158E-01-8.322549035E-01-7.403113093E-01-6.457138209E-01-5.483087172E-01
-4.479263862E-01-3.443785320E-01-2.374547557E-01-1.269183487E-01-1.250109826E-02
 1.061031843E-01 2.292468028E-01 3.573385055E-01 4.908567206E-01 6.303667128E-01
 7.765429954E-01 9.301986807E-01 1.092323657E+00 1.264132405E+00 1.447117890E+00
 1.643095211E+00 1.854194621E+00 2.082748047E+00 2.328097824E+00 2.552294154E+00
 2.750228595E+00 2.924285237E+00 3.075078375E+00 3.202139236E+00 3.303708296E+00
 3.380400316E+00 3.433237691E+00 3.461407300E+00 3.462848883E+00 3.434027078E+00
 3.373748252E+00 3.281075790E+00 3.154761492E+00 3.028854425E+00 2.915325392E+00
 2.812759397E+00 2.719974779E+00 2.635938621E+00 2.559729772E+00-1.747639740E+00
-1.795612833E+00-1.850719738E+00-1.913062815E+00-1.981679480E+00-2.050242934E+00
-2.117554082E+00-2.183510068E+00-2.248006489E+00-2.310946458E+00-2.372240318E+00
-2.431805271E+00-2.489564949E+00-2.545449035E+00-2.599392789E+00-2.651336548E+00
-2.701225185E+00-2.749007485E+00-2.794635607E+00-2.838064479E+00-2.879251394E+00
-2.918155601E+00-2.954738018E+00-2.988961149E+00-3.020788991E+00-3.050187092E+00
-3.077122801E+00-3.101565329E+00-3.123486131E+00-3.142859109E+00-3.159660775E+00
-3.173870513E+00-3.185470691E+00-3.194446522E+00-3.200786129E+00-3.204480230E+00
-3.205521849E+00-3.203905988E+00-3.199629351E+00-3.192690525E+00-3.183091311E+00
-3.170841592E+00-3.155961597E+00-3.138480335E+00-3.118436094E+00-3.095877085E+00
-3.070861091E+00-3.043454245E+00-3.013729891E+00-2.981767629E+00-2.947652119E+00
-2.911471682E+00-2.873316963E+00-2.833279637E+00-2.791451261E+00-2.747922035E+00
-2.702779660E+00-2.656108368E+00-2.607987839E+00-2.558492307E+00-2.507689805E+00
-2.455641351E+00-2.402400310E+00-2.348011889E+00-2.292512731E+00-2.235930563E+00
-2.178284047E+00-2.119582754E+00-2.059827189E+00-1.999008922E+00-1.937110903E+00
-1.874107760E+00-1.809966189E+00-1.744645398E+00-1.678097540E+00-1.610268164E+00
-1.541096623E+00-1.470516454E+00-1.398455671E+00-1.324836984E+00-1.249577910E+00
-1.172590774E+00-1.093782567E+00-1.013054659E+00-9.303023524E-01-8.454142486E-01
-7.582714239E-01-6.687463574E-01-5.767016183E-01-4.819882447E-01-3.844437669E-01
-2.838897871E-01-1.801290594E-01-7.294187493E-02 3.791836734E-02 1.527307021E-01
 2.718135945E-01 3.955339372E-01 5.243188385E-01 6.586715214E-01 7.991933619E-01
 9.466157511E-01 1.101848203E+00 1.266055005E+00 1.440783356E+00 1.628179034E+00
 1.831281194E+00 2.054362655E+00 2.275681030E+00 2.474737545E+00 2.648233567E+00
 2.801430519E+00 2.935431446E+00 3.050233132E+00 3.143778342E+00 3.211330522E+00
 3.257145459E+00 3.281105572E+00 3.281824426E+00 3.255200573E+00 3.193910898E+00
 3.098771878E+00 2.987128747E+00 2.885477121E+00 2.792353365E+00 2.706746824E+00
 2.627950580E+00 2.555395430E+00 2.488578419E+00-1.793749723E+00-1.844267755E+00
-1.901824828E+00-1.966551826E+00-2.036967427E+00-2.107807466E+00-2.177362605E+00
-2.245453334E+00-2.311951222E+00-2.376738165E+00-2.439706018E+00-2.500756656E+00
-2.559801719E+00-2.616762032E+00-2.671566907E+00-2.724153096E+00-2.774463709E+00
-2.822446990E+00-2.868055192E+00-2.911243612E+00-2.951969661E+00-2.990192219E+00
-3.025871233E+00-3.058967504E+00-3.089442646E+00-3.117259338E+00-3.142381597E+00
-3.164775300E+00-3.184408706E+00-3.201253002E+00-3.215282862E+00-3.226477030E+00
-3.234818743E+00-3.240296086E+00-3.242902295E+00-3.242635917E+00-3.239501002E+00
-3.233507142E+00-3.224669741E+00-3.213010406E+00-3.198557678E+00-3.181348257E+00
-3.161427624E+00-3.138850109E+00-3.113678943E+00-3.085985916E+00-3.055850979E+00
-3.023361367E+00-2.988610693E+00-2.951697974E+00-2.912726372E+00-2.871802154E+00
-2.829033287E+00-2.784528363E+00-2.738395194E+00-2.690739737E+00-2.641664728E+00
-2.591268603E+00-2.539644335E+00-2.486878364E+00-2.433049575E+00-2.378228404E+00
-2.322476064E+00-2.265843884E+00-2.208372789E+00-2.150092891E+00-2.091023413E+00
-2.031172570E+00-1.970537747E+00-1.909105784E+00-1.846853432E+00-1.783747842E+00
-1.719747223E+00-1.654801531E+00-1.588853177E+00-1.521837741E+00-1.453684665E+00
-1.384317872E+00-1.313656317E+00-1.241614427E+00-1.168102430E+00-1.093026559E+00
-1.016289087E+00-9.377882483E-01-8.574179687E-01-7.750674574E-01-6.906206065E-01
-6.039552138E-01-5.149420125E-01-4.234434846E-01-3.293124277E-01-2.323902630E-01
-1.325050100E-01-2.946890073E-02 7.692446918E-02 1.869035505E-01 3.007229686E-01
 4.186685777E-01 5.410637880E-01 6.682776490E-01 8.007355593E-01 9.389341033E-01
 1.083462974E+00 1.235040292E+00 1.394577396E+00 1.563324153E+00 1.743352077E+00
 1.934718337E+00 2.113336875E+00 2.278335643E+00 2.428776794E+00 2.562894779E+00
 2.678813016E+00 2.777287175E+00 2.858745918E+00 2.922572064E+00 2.966983125E+00
 2.989912684E+00 2.991737431E+00 2.972072905E+00 2.928736094E+00 2.857278660E+00
 2.783025877E+00 2.710824786E+00 2.641412592E+00 2.575221871E+00 2.512479762E+00
 2.453274334E+00 2.397596285E+00-1.844509729E+00-1.897799244E+00-1.958257935E+00
-2.025924963E+00-2.100097409E+00-2.173736595E+00-2.245899823E+00-2.316451336E+00
-2.385239352E+00-2.452124260E+00-2.516979934E+00-2.579694353E+00-2.640169470E+00
-2.698320587E+00-2.754075020E+00-2.807370317E+00-2.858152318E+00-2.906373027E+00
-2.951988651E+00-2.994957974E+00-3.035240886E+00-3.072797489E+00-3.107587421E+00
-3.139569700E+00-3.168702896E+00-3.194945464E+00-3.218256520E+00-3.238596631E+00
-3.255928844E+00-3.270219676E+00-3.281440158E+00-3.289566804E+00-3.294582525E+00
-3.296477379E+00-3.295249157E+00-3.290903964E+00-3.283456545E+00-3.272930522E+00
-3.259358641E+00-3.242782970E+00-3.223255053E+00-3.200836044E+00-3.175596689E+00
-3.147617074E+00-3.116986275E+00-3.083801683E+00-3.048168340E+00-3.010198073E+00
-2.970008482E+00-2.927721971E+00-2.883464551E+00-2.837364692E+00-2.789552125E+00
-2.740156540E+00-2.689306331E+00-2.637127275E+00-2.583741176E+00-2.529264512E+00
-2.473807092E+00-2.417470801E+00-2.360348379E+00-2.302522198E+00-2.244063372E+00
-2.185030788E+00-2.125470602E+00-2.065415737E+00-2.004885628E+00-1.943886378E+00
-1.882410876E+00-1.820439437E+00-1.757940376E+00-1.694870881E+00-1.631177997E+00
-1.566799666E+00-1.501665824E+00-1.435699492E+00-1.368817828E+00-1.300933086E+00
-1.231953475E+00-1.161783904E+00-1.090326548E+00-1.017481282E+00-9.431459582E-01
-8.672164999E-01-7.895868855E-01-7.101489362E-01-6.287920141E-01-5.454025517E-01
-4.598634992E-01-3.720536390E-01-2.818468257E-01-1.891111317E-01-9.370795635E-02
 4.508901329E-03 1.056941365E-01 2.100117271E-01 3.176354763E-01 4.287491009E-01
 5.435454638E-01 6.622242602E-01 7.849869060E-01 9.120260703E-01 1.043504692E+00
 1.179512708E+00 1.319973295E+00 1.464428004E+00 1.611557943E+00 1.758507008E+00
 1.901246858E+00 2.036267253E+00 2.161187635E+00 2.274411981E+00 2.374800468E+00
 2.461485212E+00 2.533771117E+00 2.591083668E+00 2.632949229E+00 2.659009401E+00
 2.669090912E+00 2.663395228E+00 2.642950345E+00 2.610348753E+00 2.569635978E+00
 2.524533965E+00 2.477509622E+00 2.430083067E+00 2.383208722E+00 2.337496039E+00
 2.293331784E+00-1.902554070E+00-1.959389561E+00-2.023353226E+00-2.094452570E+00
-2.171755939E+00-2.248599934E+00-2.323817642E+00-2.397233060E+00-2.468666215E+00
-2.537953038E+00-2.604947989E+00-2.669525968E+00-2.731582552E+00-2.791032947E+00
-2.847809467E+00-2.901858264E+00-2.953135779E+00-3.001605019E+00-3.047232385E+00
-3.089985052E+00-3.129828878E+00-3.166727142E+00-3.200639792E+00-3.231523482E+00
-3.259331958E+00-3.284016991E+00-3.305529594E+00-3.323821578E+00-3.338847095E+00
-3.350564388E+00-3.358937453E+00-3.363937594E+00-3.365544814E+00-3.363749055E+00
-3.358551170E+00-3.349963734E+00-3.338011455E+00-3.322731516E+00-3.304173639E+00
-3.282399947E+00-3.257484714E+00-3.229513954E+00-3.198584767E+00-3.164804714E+00
-3.128290854E+00-3.089168944E+00-3.047572318E+00-3.003640861E+00-2.957519958E+00
-2.909359338E+00-2.859311925E+00-2.807532717E+00-2.754177467E+00-2.699401464E+00
-2.643358176E+00-2.586197736E+00-2.528065570E+00-2.469100651E+00-2.409433988E+00
-2.349187037E+00-2.288469996E+00-2.227380448E+00-2.166001968E+00-2.104403034E+00
-2.042636158E+00-1.980737304E+00-1.918725727E+00-1.856603989E+00-1.794358468E+00
-1.731960113E+00-1.669365490E+00-1.606518071E+00-1.543349711E+00-1.479782212E+00
-1.415728968E+00-1.351096562E+00-1.285786297E+00-1.219695616E+00-1.152719347E+00
-1.084750759E+00-1.015682440E+00-9.454069611E-01-8.738173459E-01-8.008073827E-01
-7.262717528E-01-6.501060559E-01-5.722067153E-01-4.924708014E-01-4.107958419E-01
-3.270796069E-01-2.412199457E-01-1.531147235E-01-6.266193498E-02 3.023991300E-02
 1.256910017E-01 2.237887831E-01 3.246256462E-01 4.282852136E-01 5.348365744E-01
 6.443253755E-01 7.567600576E-01 8.720905287E-01 9.901750624E-01 1.110729332E+00
 1.233250918E+00 1.356919266E+00 1.480499194E+00 1.602328789E+00 1.720477926E+00
 1.833025348E+00 1.938277891E+00 2.034847217E+00 2.121632819E+00 2.197777163E+00
 2.262626965E+00 2.315711787E+00 2.356744460E+00 2.385647842E+00 2.402612936E+00
 2.408189412E+00 2.403383720E+00 2.389685268E+00 2.368918956E+00 2.342949392E+00
 2.313421736E+00 2.281657024E+00 2.248664401E+00 2.215195914E+00 2.181803734E+00
-1.967421976E+00-2.028646118E+00-2.096832977E+00-2.171997088E+00-2.252545473E+00
-2.333131662E+00-2.411946876E+00-2.488717935E+00-2.563226846E+00-2.635275612E+00
-2.704693445E+00-2.771341797E+00-2.835115430E+00-2.895939588E+00-2.953764645E+00
-3.008559347E+00-3.060304102E+00-3.108984728E+00-3.154587408E+00-3.197094721E+00
-3.236482990E+00-3.272720764E+00-3.305768205E+00-3.335577586E+00-3.362094400E+00
-3.385259023E+00-3.405009002E+00-3.421281401E+00-3.434015549E+00-3.443155524E+00
-3.448652883E+00-3.450468853E+00-3.448576479E+00-3.442962411E+00-3.433628238E+00
-3.420591516E+00-3.403886309E+00-3.383563502E+00-3.359690527E+00-3.332350920E+00
-3.301643543E+00-3.267681655E+00-3.230591557E+00-3.190511485E+00-3.147590082E+00
-3.101985077E+00-3.053861932E+00-3.003392543E+00-2.950753996E+00-2.896127313E+00
-2.839696482E+00-2.781647153E+00-2.722165542E+00-2.661437165E+00-2.599645390E+00
-2.536969899E+00-2.473585010E+00-2.409657678E+00-2.345345592E+00-2.280794915E+00
-2.216138303E+00-2.151492814E+00-2.086958104E+00-2.022614782E+00-1.958523247E+00
-1.894722939E+00-1.831231953E+00-1.768047312E+00-1.705145649E+00-1.642484385E+00
-1.580003346E+00-1.517626709E+00-1.455265199E+00-1.392818438E+00-1.330177349E+00
-1.267226471E+00-1.203846159E+00-1.139914559E+00-1.075309330E+00-1.009909069E+00
-9.435944678E-01-8.762491837E-01-8.077604512E-01-7.380195084E-01-6.669218173E-01
-5.943671826E-01-5.202597802E-01-4.445081539E-01-3.670252498E-01-2.877285154E-01
-2.065401534E-01-1.233875948E-01-3.820428338E-02 4.906908889E-02 1.384827585E-01
 2.300752443E-01 3.238696036E-01 4.198681733E-01 5.180452922E-01 6.183372830E-01
 7.206288227E-01 8.247347120E-01 9.303762646E-01 1.037152401E+00 1.144508049E+00
 1.251707165E+00 1.357823658E+00 1.461765657E+00 1.562338760E+00 1.658333468E+00
 1.748608526E+00 1.832148795E+00 1.908094455E+00 1.975750727E+00 2.034589462E+00
 2.084251327E+00 2.124553520E+00 2.155504894E+00 2.177327222E+00 2.190475189E+00
 2.195642090E+00 2.193733594E+00 2.185801224E+00 2.172947751E+00 2.156234406E+00
 2.136616036E+00 2.114910572E+00 2.091795206E+00 2.067817304E+00-2.037368127E+00
-2.103649940E+00-2.176914954E+00-2.257047679E+00-2.343099992E+00-2.428248844E+00
-2.511323643E+00-2.592065877E+00-2.670191380E+00-2.745438037E+00-2.817591615E+00
-2.886498879E+00-2.952067089E+00-3.014254179E+00-3.073054663E+00-3.128485536E+00
-3.180573733E+00-3.229346109E+00-3.274822198E+00-3.317009110E+00-3.355898494E+00
-3.391465257E+00-3.423667834E+00-3.452449489E+00-3.477740756E+00-3.499462574E+00
-3.517529899E+00-3.531855687E+00-3.542354990E+00-3.548948844E+00-3.551568152E+00
-3.550156991E+00-3.544675618E+00-3.535102873E+00-3.521438040E+00-3.503702065E+00
-3.481938217E+00-3.456212108E+00-3.426611147E+00-3.393243518E+00-3.356236722E+00
-3.315735759E+00-3.271901226E+00-3.224907073E+00-3.174938660E+00-3.122190691E+00
-3.066865384E+00-3.009171006E+00-2.949320396E+00-2.887529880E+00-2.824018245E+00
-2.759005869E+00-2.692713650E+00-2.625362004E+00-2.557169506E+00-2.488351242E+00
-2.419116853E+00-2.349668191E+00-2.280196664E+00-2.210880426E+00-2.141881296E+00
-2.073341965E+00-2.005383194E+00-1.938101558E+00-1.871567571E+00-1.805824577E+00
-1.740888246E+00-1.676746921E+00-1.613362695E+00-1.550673207E+00-1.488594095E+00
-1.427021953E+00-1.365837644E+00-1.304909812E+00-1.244098385E+00-1.183257953E+00
-1.122240843E+00-1.060899823E+00-9.990903671E-01-9.366724628E-01-8.735119851E-01
-8.094816567E-01-7.444616922E-01-6.783401534E-01-6.110131109E-01-5.423846807E-01
-4.723669990E-01-4.008802107E-01-3.278525271E-01-2.532204260E-01-1.769290489E-01
-9.893290129E-02-1.919690347E-02 6.230207181E-02 1.455730640E-01 2.306081318E-01
 3.173785176E-01 4.058296534E-01 4.958747682E-01 5.873868659E-01 6.801889304E-01
 7.740424152E-01 8.686345265E-01 9.635655696E-01 1.058338722E+00 1.152355740E+00
 1.244922661E+00 1.335268346E+00 1.422575483E+00 1.506019481E+00 1.584808195E+00
 1.658216188E+00 1.725610502E+00 1.786468378E+00 1.840389251E+00 1.887103750E+00
 1.926481485E+00 1.958538090E+00 1.983440224E+00 2.001505417E+00 2.013192830E+00
 2.019081802E+00 2.019837744E+00 2.016170190E+00 2.008790533E+00 1.998376509E+00
 1.985547878E+00 1.970853420E+00 1.954766887E+00-2.114818763E+00-2.187648720E+00
-2.267125044E+00-2.353033384E+00-2.444594508E+00-2.534981880E+00-2.623152136E+00
-2.708732518E+00-2.791246522E+00-2.870266126E+00-2.945490829E+00-3.016765246E+00
-3.084054749E+00-3.147406657E+00-3.206913808E+00-3.262686727E+00-3.314833907E+00
-3.363448651E+00-3.408600501E+00-3.450330500E+00-3.488648878E+00-3.523535172E+00
-3.554939895E+00-3.582787939E+00-3.606983020E+00-3.627412963E+00-3.643955790E+00
-3.656485644E+00-3.664879134E+00-3.669021099E+00-3.668810024E+00-3.664162779E+00
-3.655018793E+00-3.641343186E+00-3.623129215E+00-3.600399745E+00-3.573207851E+00
-3.541636523E+00-3.505797511E+00-3.465829459E+00-3.421895424E+00-3.374179859E+00
-3.322885390E+00-3.268229545E+00-3.210441594E+00-3.149759704E+00-3.086428509E+00
-3.020697279E+00-2.952818574E+00-2.883047264E+00-2.811640036E+00-2.738855015E+00
-2.664951369E+00-2.590188811E+00-2.514826549E+00-2.439121797E+00-2.363327482E+00
-2.287689406E+00-2.212442613E+00-2.137807305E+00-2.063984482E+00-1.991151540E+00
-1.919458108E+00-1.849022465E+00-1.779928725E+00-1.712224995E+00-1.645922624E+00
-1.580996660E+00-1.517387465E+00-1.455003477E+00-1.393724960E+00-1.333408538E+00
-1.273892269E+00-1.215000944E+00-1.156551309E+00-1.098356938E+00-1.040232556E+00
-9.819976401E-01-9.234792814E-01-8.645142713E-01-8.049505417E-01-7.446479920E-01
-6.834788800E-01-6.213278633E-01-5.580918378E-01-4.936796360E-01-4.280117224E-01
-3.610199377E-01-2.926473694E-01-2.228483997E-01-1.515890182E-01-7.884742237E-02
-4.614996390E-03 7.110227862E-02 1.482819082E-01 2.268823820E-01 3.068400172E-01
 3.880650699E-01 4.704370956E-01 5.537995986E-01 6.379540869E-01 7.226539261E-01
 8.075985298E-01 8.924288664E-01 9.767254688E-01 1.060010380E+00 1.141754184E+00
 1.221388682E+00 1.298324615E+00 1.371972781E+00 1.441766185E+00 1.507180938E+00
 1.567754367E+00 1.623099716E+00 1.672917523E+00 1.717004170E+00 1.755257883E+00
 1.787682136E+00 1.814385911E+00 1.835579830E+00 1.851567245E+00 1.862729841E+00
 1.869508410E+00 1.872380579E+00 1.871838121E+00 1.868366477E+00 1.862428334E+00
 1.854452099E+00 1.844825064E+00-2.200783704E+00-2.282772587E+00-2.369904440E+00
-2.461947145E+00-2.557717143E+00-2.653821572E+00-2.748513968E+00-2.840605038E+00
-2.928906284E+00-3.012537691E+00-3.091096468E+00-3.164562209E+00-3.233123009E+00
-3.297051601E+00-3.356637345E+00-3.412150920E+00-3.463825821E+00-3.511848592E+00
-3.556353653E+00-3.597421417E+00-3.635078704E+00-3.669301312E+00-3.700018630E+00
-3.727119781E+00-3.750461473E+00-3.769876673E+00-3.785183856E+00-3.796196421E+00
-3.802731756E+00-3.804619576E+00-3.801709514E+00-3.793877614E+00-3.781031737E+00
-3.763115767E+00-3.740112615E+00-3.712045957E+00-3.678980786E+00-3.641022455E+00
-3.598314724E+00-3.551036540E+00-3.499397835E+00-3.443634682E+00-3.384004042E+00
-3.320778549E+00-3.254241713E+00-3.184683726E+00-3.112398228E+00-3.037680141E+00
-2.960824559E+00-2.882126461E+00-2.801881251E+00-2.720385633E+00-2.637938655E+00
-2.554842309E+00-2.471401553E+00-2.387923186E+00-2.304713600E+00-2.222074962E+00
-2.140300177E+00-2.059666785E+00-1.980430156E+00-1.902816611E+00-1.827016740E+00
-1.753179779E+00-1.681409096E+00-1.611759229E+00-1.544234631E+00-1.478790237E+00
-1.415333866E+00-1.353730436E+00-1.293807768E+00-1.235363680E+00-1.178173922E+00
-1.122000380E+00-1.066599020E+00-1.011727038E+00-9.571488783E-01-9.026409296E-01
-8.479948720E-01-7.930197844E-01-7.375432080E-01-6.814114123E-01-6.244890594E-01
-5.666585221E-01-5.078189946E-01-4.478855643E-01-3.867883319E-01-3.244716772E-01
-2.608937224E-01-1.960260468E-01-1.298536931E-01-6.237547560E-02 6.395346084E-03
 7.643003278E-02 1.476829334E-01 2.200896460E-01 2.935647657E-01 3.679992642E-01
 4.432575189E-01 5.191741766E-01 5.955509877E-01 6.721539729E-01 7.487112938E-01
 8.249123754E-01 9.004088567E-01 9.748178840E-01 1.047728144E+00 1.118708624E+00
 1.187319826E+00 1.253126618E+00 1.315711817E+00 1.374689475E+00 1.429717070E+00
 1.480506026E+00 1.526830265E+00 1.568532663E+00 1.605529286E+00 1.637811288E+00
 1.665444226E+00 1.688564555E+00 1.707373172E+00 1.722126149E+00 1.733123137E+00
 1.740694298E+00 1.745186922E+00 1.746952790E+00 1.746337236E+00 1.743670430E+00
 1.739261097E+00-2.286070251E+00-2.378044069E+00-2.474089282E+00-2.574037772E+00
-2.677195798E+00-2.782359244E+00-2.887822765E+00-2.990984745E+00-3.088174004E+00
-3.177283839E+00-3.258669705E+00-3.333209367E+00-3.401722403E+00-3.464911582E+00
-3.523365932E+00-3.577569669E+00-3.627909057E+00-3.674677041E+00-3.718076246E+00
-3.758221891E+00-3.795145539E+00-3.828800725E+00-3.859070954E+00-3.885780260E+00
-3.908705653E+00-3.927590984E+00-3.942161254E+00-3.952136714E+00-3.957245833E+00
-3.957237113E+00-3.951889132E+00-3.941019067E+00-3.924489553E+00-3.902213896E+00
-3.874159853E+00-3.840351665E+00-3.800870386E+00-3.755852509E+00-3.705486497E+00
-3.650007568E+00-3.589691015E+00-3.524844061E+00-3.455797262E+00-3.382896133E+00
-3.306493337E+00-3.226942547E+00-3.144593869E+00-3.059791480E+00-2.972873201E+00
-2.884171662E+00-2.794017010E+00-2.702740401E+00-2.610677622E+00-2.518172501E+00
-2.425578981E+00-2.333261470E+00-2.241592822E+00-2.150949420E+00-2.061703809E+00
-1.974214854E+00-1.888816749E+00-1.805807500E+00-1.725438249E+00-1.647904086E+00
-1.573336969E+00-1.501801036E+00-1.433290502E+00-1.367730254E+00-1.304979272E+00
-1.244836927E+00-1.187052032E+00-1.131334187E+00-1.077366613E+00-1.024819408E+00
-9.733620177E-01-9.226739626E-01-8.724531781E-01-8.224217763E-01-7.723293869E-01
-7.219544880E-01-6.711042170E-01-6.196131859E-01-5.673416639E-01-5.141735374E-01
-4.600142012E-01-4.047886134E-01-3.484395745E-01-2.909263111E-01-2.322233733E-01
-1.723198999E-01-1.112192027E-01-4.893871062E-02 1.448976158E-02 7.901942084E-02
 1.445875996E-01 2.111145841E-01 2.785022035E-01 3.466322453E-01 4.153647889E-01
 4.845365664E-01 5.539595358E-01 6.234198857E-01 6.926776861E-01 7.614675048E-01
 8.295002364E-01 8.964663327E-01 9.620405617E-01 1.025888258E+00 1.087672799E+00
 1.147063998E+00 1.203746901E+00 1.257430507E+00 1.307855926E+00 1.354803603E+00
 1.398099310E+00 1.437618672E+00 1.473290110E+00 1.505096022E+00 1.533072151E+00
 1.557305079E+00 1.577927903E+00 1.595114276E+00 1.609071134E+00 1.620030592E+00
 1.628241523E+00 1.633961414E+00 1.637448944E+00 1.638957656E+00 1.638730876E+00
-2.362546931E+00-2.463454320E+00-2.569056717E+00-2.679470154E+00-2.794646187E+00
-2.914374167E+00-3.038329121E+00-3.166422707E+00-3.282961052E+00-3.373646134E+00
-3.454087770E+00-3.526427194E+00-3.592107715E+00-3.652213561E+00-3.707591535E+00
-3.758909489E+00-3.806686616E+00-3.851308152E+00-3.893032125E+00-3.931992410E+00
-3.968202242E+00-4.001561152E+00-4.031866414E+00-4.058829406E+00-4.082095701E+00
-4.101267349E+00-4.115925107E+00-4.125649498E+00-4.130039200E+00-4.128726727E+00
-4.121391211E+00-4.107768426E+00-4.087659020E+00-4.060934561E+00-4.027542090E+00
-3.987506954E+00-3.940933343E+00-3.888002472E+00-3.828967737E+00-3.764146691E+00
-3.693909979E+00-3.618668011E+00-3.538856307E+00-3.454921143E+00-3.367306915E+00
-3.276446198E+00-3.182753606E+00-3.086623366E+00-2.988430331E+00-2.888534372E+00
-2.787286973E+00-2.685039363E+00-2.582151455E+00-2.479000288E+00-2.375986931E+00
-2.273540338E+00-2.172116819E+00-2.072193985E+00-1.974259170E+00-1.878792641E+00
-1.786248217E+00-1.697033361E+00-1.611491323E+00-1.529886683E+00-1.452394817E+00
-1.379095109E+00-1.309967653E+00-1.244893456E+00-1.183658552E+00-1.125962760E+00
-1.071433500E+00-1.019644427E+00-9.701373517E-01-9.224450215E-01-8.761118732E-01
-8.307105747E-01-7.858532008E-01-7.411972003E-01-6.964470364E-01-6.513527729E-01
-6.057067970E-01-5.593396127E-01-5.121154057E-01-4.639277893E-01-4.146959571E-01
-3.643613802E-01-3.128850621E-01-2.602453392E-01-2.064362084E-01-1.514661174E-01
-9.535718134E-02-3.814477747E-02 2.012253116E-02 7.938278217E-02 1.395601603E-01
 2.005643507E-01 2.622897617E-01 3.246146749E-01 3.874004313E-01 4.504907230E-01
 5.137111441E-01 5.768691164E-01 6.397543416E-01 7.021399325E-01 7.637843139E-01
 8.244340210E-01 8.838273575E-01 9.416989066E-01 9.977847222E-01 1.051828014E+00
 1.103585046E+00 1.152830990E+00 1.199365434E+00 1.243017297E+00 1.283648936E+00
 1.321159276E+00 1.355485834E+00 1.386605519E+00 1.414534221E+00 1.439325134E+00
 1.461065936E+00 1.479874924E+00 1.495896324E+00 1.509295078E+00 1.520251338E+00
 1.528955039E+00 1.535600768E+00 1.540383193E+00 1.543493150E+00-2.428686846E+00
-2.537728496E+00-2.652610597E+00-2.773841528E+00-2.901985127E+00-3.037716163E+00
-3.181926840E+00-3.335892058E+00-3.486536340E+00-3.598085821E+00-3.681475053E+00
-3.746047181E+00-3.804868631E+00-3.858690657E+00-3.908432609E+00-3.954845099E+00
-3.998528742E+00-4.039937758E+00-4.079373423E+00-4.116973664E+00-4.152706082E+00
-4.186370627E+00-4.217614868E+00-4.245960731E+00-4.270839302E+00-4.291628556E+00
-4.307689492E+00-4.318397642E+00-4.323168163E+00-4.321475006E+00-4.312864551E+00
-4.296965880E+00-4.273498508E+00-4.242278896E+00-4.203226065E+00-4.156366195E+00
-4.101835294E+00-4.039878522E+00-3.970844919E+00-3.895176033E+00-3.813388149E+00
-3.726049174E+00-3.633752590E+00-3.537091687E+00-3.436637531E+00-3.332923051E+00
-3.226434516E+00-3.117610143E+00-3.006844952E+00-2.894500756E+00-2.780919560E+00
-2.666439767E+00-2.551413810E+00-2.436226112E+00-2.321309733E+00-2.207159023E+00
-2.094335028E+00-1.983459621E+00-1.875196414E+00-1.770219143E+00-1.669173545E+00
-1.572639949E+00-1.481103091E+00-1.394931390E+00-1.314364391E+00-1.239505571E+00
-1.170318095E+00-1.106622916E+00-1.048100625E+00-9.943001794E-01-9.446581190E-01
-8.985299250E-01-8.552310021E-01-8.140803089E-01-7.744381686E-01-7.357322959E-01
-6.974706408E-01-6.592433918E-01-6.207179109E-01-5.816300407E-01-5.417742826E-01
-5.009942882E-01-4.591743776E-01-4.162323413E-01-3.721135358E-01-3.267861650E-01
-2.802376008E-01-2.324715696E-01-1.835060603E-01-1.333718633E-01-8.211156858E-02
-2.977898920E-02 2.356110032E-02 7.783296706E-02 1.329497296E-01 1.888130356E-01
 2.453126660E-01 3.023261381E-01 3.597183640E-01 4.173414591E-01 4.750347731E-01
 5.326252274E-01 5.899280393E-01 6.467479278E-01 7.028808202E-01 7.581161063E-01
 8.122394417E-01 8.650360246E-01 9.162942740E-01 9.658097686E-01 1.013389300E+00
 1.058854877E+00 1.102047470E+00 1.142830376E+00 1.181092049E+00 1.216748239E+00
 1.249743397E+00 1.280051261E+00 1.307674604E+00 1.332644148E+00 1.355016715E+00
 1.374872697E+00 1.392312981E+00 1.407455470E+00 1.420431414E+00 1.431381687E+00
 1.440453195E+00 1.447795547E+00 1.453558102E+00-2.481796567E+00-2.597503147E+00
-2.720126018E+00-2.850500451E+00-2.989632858E+00-3.138748089E+00-3.299328069E+00
-3.473117190E+00-3.644702275E+00-3.785391676E+00-3.899103532E+00-3.982434788E+00
-4.037925633E+00-4.081780473E+00-4.123054740E+00-4.162277451E+00-4.200114965E+00
-4.237115444E+00-4.273663408E+00-4.309926489E+00-4.345813478E+00-4.380962314E+00
-4.414764360E+00-4.446417866E+00-4.474997030E+00-4.499522627E+00-4.519023513E+00
-4.532583128E+00-4.539370212E+00-4.538656338E+00-4.529824905E+00-4.512375576E+00
-4.485928075E+00-4.450227280E+00-4.405150710E+00-4.350717954E+00-4.287100385E+00
-4.214627820E+00-4.133787654E+00-4.045212086E+00-3.949649965E+00-3.847924667E+00
-3.740883283E+00-3.629346552E+00-3.514068188E+00-3.395709379E+00-3.274829193E+00
-3.151888653E+00-3.027264548E+00-2.901269819E+00-2.774177896E+00-2.646250275E+00
-2.517766472E+00-2.389057099E+00-2.260538746E+00-2.132748567E+00-2.006370616E+00
-1.882241713E+00-1.761321762E+00-1.644624771E+00-1.533128170E+00-1.427692118E+00
-1.329010149E+00-1.237590600E+00-1.153755298E+00-1.077641871E+00-1.009201427E+00
-9.481891864E-01-8.941513296E-01-8.464178926E-01-8.041177810E-01-7.662313008E-01
-7.316797309E-01-6.994267576E-01-6.685571646E-01-6.383146882E-01-6.081042732E-01
-5.774740617E-01-5.460904061E-01-5.137133104E-01-4.801753852E-01-4.453649229E-01
-4.092127878E-01-3.716824462E-01-3.327625334E-01-2.924613293E-01-2.508027433E-01
-2.078234331E-01-1.635707912E-01-1.181015736E-01-7.148105118E-02-2.378252451E-02
 2.491287521E-02 7.451618453E-02 1.249304670E-01 1.760505984E-01 2.277630275E-01
 2.799455676E-01 3.324672817E-01 3.851884933E-01 4.379610040E-01 4.906285428E-01
 5.430275142E-01 5.949880695E-01 6.463355197E-01 6.968921066E-01 7.464791087E-01
 7.949192404E-01 8.420392739E-01 8.876728194E-01 9.316631543E-01 9.738659790E-01
 1.014152019E+00 1.052409337E+00 1.088545282E+00 1.122487985E+00 1.154187331E+00
 1.183615392E+00 1.210766280E+00 1.235655455E+00 1.258318492E+00 1.278809404E+00
 1.297198579E+00 1.313570429E+00 1.328020863E+00 1.340654701E+00 1.351583125E+00
 1.360921225E+00 1.368785792E+00-2.519312576E+00-2.639487684E+00-2.767239206E+00
-2.903589749E+00-3.049811970E+00-3.207511322E+00-3.378712700E+00-3.565861174E+00
-3.755293401E+00-3.915836642E+00-4.053058597E+00-4.164214237E+00-4.249865810E+00
-4.312902472E+00-4.346686594E+00-4.376189370E+00-4.406107477E+00-4.437215283E+00
-4.470190350E+00-4.505396717E+00-4.542722829E+00-4.581534530E+00-4.620747571E+00
-4.658966428E+00-4.694641140E+00-4.726210433E+00-4.752208462E+00-4.771326630E+00
-4.782436293E+00-4.784586577E+00-4.776991427E+00-4.759015873E+00-4.730167792E+00
-4.690098378E+00-4.638612695E+00-4.575690262E+00-4.501513359E+00-4.416497725E+00
-4.321315125E+00-4.216892390E+00-4.104371571E+00-3.985025708E+00-3.860145437E+00
-3.730927626E+00-3.598395992E+00-3.463365478E+00-3.326444044E+00-3.188057968E+00
-3.048487831E+00-2.907907756E+00-2.766424202E+00-2.624115064E+00-2.481070970E+00
-2.337443275E+00-2.193504324E+00-2.049725913E+00-1.906875214E+00-1.766101792E+00
-1.628935910E+00-1.497106686E+00-1.372238917E+00-1.255635918E+00-1.148236585E+00
-1.050668371E+00-9.633111319E-01-8.863367311E-01-8.197163059E-01-7.631934674E-01
-7.162229520E-01-6.778836720E-01-6.468105916E-01-6.212485351E-01-5.993068457E-01
-5.792929553E-01-5.599006824E-01-5.402122314E-01-5.196161910E-01-4.977200728E-01
-4.742822610E-01-4.491641024E-01-4.222971898E-01-3.936611867E-01-3.632687698E-01
-3.311554148E-01-2.973724479E-01-2.619823875E-01-2.250558500E-01-1.866695449E-01
-1.469050624E-01-1.058481859E-01-6.358859430E-02-2.021982311E-02 2.416060183E-02
 6.945092039E-02 1.155448440E-01 1.623312520E-01 2.096939203E-01 2.575113243E-01
 3.056565356E-01 3.539972742E-01 4.023961113E-01 4.507108902E-01 4.987953503E-01
 5.464999967E-01 5.936732089E-01 6.401625913E-01 6.858165215E-01 7.304859156E-01
 7.740260997E-01 8.162987906E-01 8.571740761E-01 8.965323469E-01 9.342661080E-01
 9.702815934E-01 1.004500114E+00 1.036859098E+00 1.067312793E+00 1.095832566E+00
 1.122406832E+00 1.147040590E+00 1.169754615E+00 1.190584305E+00 1.209578280E+00
 1.226796755E+00 1.242309786E+00 1.256195424E+00 1.268537880E+00 1.279425733E+00
 1.288950241E+00-2.539646389E+00-2.661674284E+00-2.791341741E+00-2.929648293E+00
-3.077843477E+00-3.237551873E+00-3.411044058E+00-3.602026826E+00-3.800017035E+00
-3.976466757E+00-4.134845705E+00-4.271341810E+00-4.383502447E+00-4.474667037E+00
-4.541802026E+00-4.586022979E+00-4.609033127E+00-4.631667319E+00-4.659606940E+00
-4.694185642E+00-4.735394704E+00-4.781944559E+00-4.831708407E+00-4.882094339E+00
-4.930387712E+00-4.974059302E+00-5.010949758E+00-5.039309185E+00-5.057748047E+00
-5.065160374E+00-5.060653575E+00-5.043497074E+00-5.013092504E+00-4.968965395E+00
-4.910778934E+00-4.838371729E+00-4.751822101E+00-4.651538502E+00-4.538364363E+00
-4.413659319E+00-4.279283327E+00-4.137413024E+00-3.990220454E+00-3.839568072E+00
-3.686854134E+00-3.533010314E+00-3.378578804E+00-3.223807380E+00-3.068733963E+00
-2.913253354E+00-2.757168817E+00-2.600233293E+00-2.442187302E+00-2.282801149E+00
-2.121934444E+00-1.959638345E+00-1.796359400E+00-1.633375784E+00-1.473483442E+00
-1.320663936E+00-1.178053640E+00-1.047343017E+00-9.293983438E-01-8.246988603E-01
-7.335319280E-01-6.560720304E-01-5.923973583E-01-5.424546187E-01-5.059503831E-01
-4.820945226E-01-4.690389675E-01-4.631906782E-01-4.601757700E-01-4.570088033E-01
-4.522112484E-01-4.451035366E-01-4.353943942E-01-4.229917583E-01-4.079108808E-01
-3.902259316E-01-3.700429678E-01-3.474842707E-01-3.226791986E-01-2.957588612E-01
-2.668531939E-01-2.360894776E-01-2.035917824E-01-1.694809872E-01-1.338751314E-01
-9.688997866E-02-5.863967956E-02-1.923747749E-02 2.120358945E-02 6.257002115E-02
 1.047472464E-01 1.476190941E-01 1.910673613E-01 2.349714948E-01 2.792084042E-01
 3.236524185E-01 3.681754084E-01 4.126470624E-01 4.569353639E-01 5.009072324E-01
 5.444293473E-01 5.873691377E-01 6.295959261E-01 6.709821816E-01 7.114048825E-01
 7.507469074E-01 7.888984440E-01 8.257583474E-01 8.612354035E-01 8.952494605E-01
 9.277323845E-01 9.586287762E-01 9.878964709E-01 1.015506761E+00 1.041444351E+00
 1.065707056E+00 1.088305234E+00 1.109261008E+00 1.128607279E+00 1.146386590E+00
 1.162649875E+00 1.177455134E+00 1.190866095E+00 1.202950878E+00 1.213780716E+00
-2.542610901E+00-2.663933021E+00-2.792390123E+00-2.928746945E+00-3.073880014E+00
-3.228774657E+00-3.394450851E+00-3.571576720E+00-3.759393841E+00-3.952308299E+00
-4.132111801E+00-4.291184936E+00-4.430537564E+00-4.554079610E+00-4.645683305E+00
-4.720180376E+00-4.774814383E+00-4.804608166E+00-4.824405426E+00-4.859389904E+00
-4.910013401E+00-4.972440612E+00-5.042472836E+00-5.115047499E+00-5.185000897E+00
-5.248187441E+00-5.301746635E+00-5.343770392E+00-5.372935211E+00-5.388251192E+00
-5.388909686E+00-5.374194998E+00-5.343436988E+00-5.295993963E+00-5.231262904E+00
-5.148722818E+00-5.048026699E+00-4.929172183E+00-4.792796991E+00-4.640630943E+00
-4.475932133E+00-4.303209628E+00-4.126818406E+00-3.949774561E+00-3.773708080E+00
-3.599293096E+00-3.426625390E+00-3.255462126E+00-3.085361273E+00-2.915760448E+00
-2.746019507E+00-2.575442093E+00-2.403284161E+00-2.228753689E+00-2.051002597E+00
-1.869104894E+00-1.681994272E+00-1.488201531E+00-1.284101921E+00-1.104207196E+00
-9.380377118E-01-7.885459734E-01-6.628823377E-01-5.491836969E-01-4.513731590E-01
-3.775508858E-01-3.159271914E-01-2.709330594E-01-2.515818292E-01-2.463053658E-01
-2.607832163E-01-2.985202270E-01-3.235222757E-01-3.413406328E-01-3.530158887E-01
-3.592383994E-01-3.605656188E-01-3.574766046E-01-3.503919864E-01-3.396839687E-01
-3.256830735E-01-3.086836069E-01-2.889485171E-01-2.667137558E-01-2.421922375E-01
-2.155773694E-01-1.870461968E-01-1.567621574E-01-1.248775133E-01-9.153546425E-02
-5.687198879E-02-2.101743964E-02 1.590208211E-02 5.376355397E-02 9.244604324E-02
 1.318298914E-01 1.717960641E-01 2.122256628E-01 2.529995922E-01 2.939983898E-01
 3.351022076E-01 3.761909481E-01 4.171445600E-01 4.578434785E-01 4.981691947E-01
 5.380049730E-01 5.772366469E-01 6.157535322E-01 6.534493799E-01 6.902233727E-01
 7.259811128E-01 7.606355851E-01 7.941080407E-01 8.263288053E-01 8.572379297E-01
 8.867857135E-01 9.149330439E-01 9.416515682E-01 9.669236570E-01 9.907421952E-01
 1.013110192E+00 1.034040231E+00 1.053553770E+00 1.071680324E+00 1.088456574E+00
 1.103925392E+00 1.118134851E+00 1.131137232E+00 1.142988039E+00-2.529357367E+00
-2.647907178E+00-2.772762336E+00-2.904404249E+00-3.043309904E+00-3.189901337E+00
-3.344454574E+00-3.506971244E+00-3.677084188E+00-3.854118597E+00-4.037256753E+00
-4.221857749E+00-4.386172523E+00-4.531687167E+00-4.654981146E+00-4.756795327E+00
-4.835613099E+00-4.889108426E+00-4.922963992E+00-4.972348958E+00-5.044507651E+00
-5.137255704E+00-5.246977027E+00-5.362251942E+00-5.468285307E+00-5.560088955E+00
-5.636102347E+00-5.695651449E+00-5.738322597E+00-5.763739834E+00-5.771467001E+00
-5.760958397E+00-5.731531075E+00-5.682347477E+00-5.612405783E+00-5.520540999E+00
-5.405449354E+00-5.265767953E+00-5.100301149E+00-4.908732163E+00-4.694653697E+00
-4.473625669E+00-4.257770685E+00-4.049373603E+00-3.848189417E+00-3.653286436E+00
-3.463527471E+00-3.277730923E+00-3.094724260E+00-2.913352507E+00-2.732465318E+00
-2.550891673E+00-2.367404399E+00-2.180672825E+00-1.989195648E+00-1.791197960E+00
-1.584460909E+00-1.366056396E+00-1.134983118E+00-9.288882594E-01-7.447818610E-01
-5.833056595E-01-4.462823657E-01-3.268524891E-01-2.275620379E-01-1.518296878E-01
-9.386468581E-02-5.744826076E-02-4.748484443E-02-5.967030685E-02-1.000522357E-01
-1.637684817E-01-2.118271230E-01-2.474961545E-01-2.732103236E-01-2.907068997E-01
-3.012766090E-01-3.059176913E-01-3.054253603E-01-3.004466425E-01-2.915165376E-01
-2.790833672E-01-2.635273132E-01-2.451744468E-01-2.243075253E-01-2.011744756E-01
-1.759951018E-01-1.489664900E-01-1.202673527E-01-9.006158029E-02-5.850114680E-02
-2.572849738E-02 8.121483709E-03 4.291985406E-02 7.854228999E-02 1.148680154E-01
 1.517789540E-01 1.891590797E-01 2.268939502E-01 2.648704044E-01 3.029764202E-01
 3.411011175E-01 3.791348933E-01 4.169696908E-01 4.544993736E-01 4.916202118E-01
 5.282314403E-01 5.642358923E-01 5.995406738E-01 6.340578608E-01 6.677052069E-01
 7.004068100E-01 7.320937434E-01 7.627046165E-01 7.921860412E-01 8.204929968E-01
 8.475890696E-01 8.734465678E-01 8.980465074E-01 9.213784501E-01 9.434402334E-01
 9.642375696E-01 9.837835441E-01 1.002098020E+00 1.019206985E+00 1.035141838E+00
 1.049938634E+00 1.063637347E+00 1.076281106E+00-2.501901846E+00-2.616267178E+00
-2.736037691E+00-2.861484473E+00-2.992838868E+00-3.130261260E+00-3.273804335E+00
-3.423380587E+00-3.578751134E+00-3.739548758E+00-3.905330015E+00-4.075635161E+00
-4.250115698E+00-4.423563200E+00-4.570493578E+00-4.697284573E+00-4.801264714E+00
-4.878261556E+00-4.934461218E+00-5.007844529E+00-5.108842234E+00-5.240200678E+00
-5.407639438E+00-5.591683399E+00-5.742291388E+00-5.865906563E+00-5.965824651E+00
-6.043887236E+00-6.101090151E+00-6.137810649E+00-6.153910785E+00-6.148853132E+00
-6.121891147E+00-6.072152994E+00-5.998473929E+00-5.899178101E+00-5.771923875E+00
-5.613518691E+00-5.419561896E+00-5.183604889E+00-4.894935662E+00-4.610055756E+00
-4.353067067E+00-4.115948496E+00-3.893702768E+00-3.682758151E+00-3.480354386E+00
-3.284246824E+00-3.092529448E+00-2.903512590E+00-2.715629296E+00-2.527356520E+00
-2.337142328E+00-2.143332393E+00-1.944092028E+00-1.737324458E+00-1.520596965E+00
-1.291107628E+00-1.049653002E+00-8.320490967E-01-6.394111469E-01-4.716290082E-01
-3.287393927E-01-2.065776017E-01-1.065454508E-01-3.022561013E-02 2.518234082E-02
 5.679632291E-02 6.143210735E-02 4.033196443E-02-1.112109118E-02-8.487960537E-02
-1.436704208E-01-1.887817198E-01-2.224873276E-01-2.466837049E-01-2.629077401E-01
-2.723924233E-01-2.761275302E-01-2.749126190E-01-2.693995953E-01-2.601256911E-01
-2.475387183E-01-2.320163322E-01-2.138808058E-01-1.934104298E-01-1.708483762E-01
-1.464096501E-01-1.202865930E-01-9.265327017E-02-6.366899170E-02-3.348115637E-02
-2.227553331E-03 2.996176952E-02 6.296299601E-02 9.665732927E-02 1.309300300E-01
 1.656696730E-01 2.007675939E-01 2.361175028E-01 2.716152537E-01 3.071587405E-01
 3.426479286E-01 3.779849827E-01 4.130745013E-01 4.478238345E-01 4.821434577E-01
 5.159474101E-01 5.491537708E-01 5.816851416E-01 6.134691449E-01 6.444388985E-01
 6.745334594E-01 7.036982129E-01 7.318852122E-01 7.590534223E-01 7.851689021E-01
 8.102048745E-01 8.341417082E-01 8.569668180E-01 8.786744429E-01 8.992653716E-01
 9.187465625E-01 9.371307134E-01 9.544357694E-01 9.706843903E-01 9.859033844E-01
 1.000123137E+00 1.013377031E+00-2.462568842E+00-2.571902098E+00-2.685800692E+00
-2.804401968E+00-2.927801185E+00-3.056035507E+00-3.189068875E+00-3.326781013E+00
-3.468964509E+00-3.615331535E+00-3.765528069E+00-3.919150060E+00-4.075755300E+00
-4.234868468E+00-4.396348576E+00-4.548724886E+00-4.678065451E+00-4.777461691E+00
-4.856155895E+00-4.951000246E+00-5.073786563E+00-5.228788304E+00-5.422466862E+00
-5.632446361E+00-5.804418079E+00-5.944320030E+00-6.056538198E+00-6.143985783E+00
-6.208423316E+00-6.250727131E+00-6.271069780E+00-6.269089531E+00-6.244100742E+00
-6.195179200E+00-6.120989857E+00-6.019538397E+00-5.887948919E+00-5.722183222E+00
-5.516624623E+00-5.263566727E+00-4.952946295E+00-4.646672451E+00-4.373050367E+00
-4.123936053E+00-3.893104149E+00-3.675923574E+00-3.468898821E+00-3.269300036E+00
-3.074901772E+00-2.883801035E+00-2.694285719E+00-2.504731939E+00-2.313516490E+00
-2.118933755E+00-1.919111683E+00-1.711925741E+00-1.494921829E+00-1.265280492E+00
-1.023712185E+00-8.062193990E-01-6.136922923E-01-4.460913069E-01-3.035490774E-01
-1.817161538E-01-8.207053298E-02-6.298212612E-03 4.858978140E-02 7.963372554E-02
 8.354052407E-02 6.174470264E-02 9.547774547E-03-6.513402397E-02-1.248346826E-01
-1.709242006E-01-2.056774104E-01-2.309905343E-01-2.483996592E-01-2.591368512E-01
-2.641909965E-01-2.643608509E-01-2.602975549E-01-2.525375729E-01-2.415278896E-01
-2.276452260E-01-2.112107704E-01-1.925015155E-01-1.717590979E-01-1.491966975E-01
-1.250045014E-01-9.935404977E-02-7.240171831E-02-4.429152194E-02-1.515738308E-02
 1.487503366E-02 4.568683848E-02 7.716472468E-02 1.092000202E-01 1.416879479E-01
 1.745270637E-01 2.076188509E-01 2.408674500E-01 2.741795111E-01 3.074641556E-01
 3.406330234E-01 3.736004017E-01 4.062834414E-01 4.386023920E-01 4.704809190E-01
 5.018464241E-01 5.326303914E-01 5.627687388E-01 5.922021451E-01 6.208763792E-01
 6.487425664E-01 6.757574256E-01 7.018834602E-01 7.270890583E-01 7.513485644E-01
 7.746422547E-01 7.969562511E-01 8.182823765E-01 8.386179297E-01 8.579654162E-01
 8.763322264E-01 8.937302522E-01 9.101754990E-01 9.256876462E-01 9.402896133E-01
 9.540070981E-01
 3.714614690E+00 3.550163630E+00 3.497276050E+00 3.463281650E+00 3.445082540E+00
 3.430009590E+00 3.419006620E+00 3.410927880E+00 3.404352460E+00 3.397374370E+00
 3.392910530E+00 3.387547760E+00 3.383830620E+00 3.379625480E+00 3.376266230E+00
 3.372529280E+00 3.369387410E+00 3.366387140E+00 3.363570800E+00 3.361388820E+00
 3.358838120E+00 3.356859440E+00 3.355256320E+00 3.353503640E+00 3.352222690E+00
 3.351329660E+00 3.350359090E+00 3.349552490E+00 3.349320260E+00 3.348994660E+00
 3.348938400E+00 3.349321710E+00 3.349657140E+00 3.350216800E+00 3.350962390E+00
 3.352073190E+00 3.353182070E+00 3.354502020E+00 3.356089140E+00 3.357885220E+00
 3.359765240E+00 3.361823030E+00 3.364116580E+00 3.366644270E+00 3.369246840E+00
 3.371935860E+00 3.374936070E+00 3.378171770E+00 3.381435860E+00 3.384896730E+00
 3.388531460E+00 3.392407920E+00 3.396382930E+00 3.400525280E+00 3.404755050E+00
 3.409288770E+00 3.413997050E+00 3.418756790E+00 3.423729230E+00 3.428849180E+00
 3.434209960E+00 3.439732410E+00 3.445326520E+00 3.451057190E+00 3.456938360E+00
 3.463084900E+00 3.469472850E+00 3.476202170E+00 3.483508220E+00 3.491488310E+00
 3.500317700E+00 3.510013310E+00 3.520660970E+00 3.532369140E+00 3.545212710E+00
 3.559313620E+00 3.574665970E+00 3.591301210E+00 3.609317680E+00 3.628792900E+00
 3.649767080E+00 3.672314900E+00 3.696454750E+00 3.722242660E+00 3.749805690E+00
 3.779134300E+00 3.810331860E+00 3.843510110E+00 3.878651950E+00 3.915931250E+00
 3.955349470E+00 3.996990300E+00 4.041142820E+00 4.087697190E+00 4.136850940E+00
 4.188633950E+00 4.243254470E+00 4.300999980E+00 4.361672220E+00 4.425590660E+00
 4.492778360E+00 4.563776830E+00 4.638800580E+00 4.717493930E+00 4.800494980E+00
 4.887360770E+00 4.977825510E+00 5.070829710E+00 5.166818880E+00 5.265174250E+00
 5.365208430E+00 5.465557350E+00 5.565298980E+00 5.661616480E+00 5.753050920E+00
 5.836663910E+00 5.911498730E+00 5.976684440E+00 6.033879170E+00 6.087214630E+00
 6.141016730E+00 6.204169360E+00 6.285135770E+00 6.394612970E+00 6.547390270E+00
 6.767017730E+00 7.096775470E+00 7.681121140E+00 1.045275570E+01
   90    6
 2.671454071E+00 0.000000000E+00 2.675186706E+00 2.352941176E-01 2.686945341E+00
 4.705882353E-01 2.701118353E+00 6.470588235E-01 2.726470588E+00 8.705421106E-01
 2.754364518E+00 1.058823529E+00 2.786170329E+00 1.235294118E+00 2.820220588E+00
 1.397934407E+00 2.851470588E+00 1.531433153E+00 2.895968353E+00 1.705882353E+00
 2.944450024E+00 1.882352941E+00 2.977950094E+00 2.000000000E+00 3.029635082E+00
 2.176470588E+00 3.070220588E+00 2.310908732E+00 3.123813671E+00 2.470588235E+00
 3.179563082E+00 2.621684282E+00 3.195155576E+00 2.661260047E+00 3.320220588E+00
 2.610422400E+00 3.413970588E+00 2.568464847E+00 3.507720588E+00 2.524056847E+00
 3.614950871E+00 2.470588235E+00 3.726470588E+00 2.411811388E+00 3.820220588E+00
 2.359055247E+00 3.913970588E+00 2.302940711E+00 4.007720588E+00 2.243092059E+00
 4.101470588E+00 2.178897974E+00 4.184649129E+00 2.117647059E+00 4.260354118E+00
 2.058823529E+00 4.351470588E+00 1.982837038E+00 4.445220588E+00 1.898455167E+00
 4.522362376E+00 1.823529412E+00 4.601470588E+00 1.741814033E+00 4.685704541E+00
 1.647058824E+00 4.757720588E+00 1.559400002E+00 4.824500965E+00 1.470588235E+00
 4.903804212E+00 1.352941176E+00 4.973865435E+00 1.235294118E+00 5.036248824E+00
 1.117647059E+00 5.092230188E+00 1.000000000E+00 5.142705365E+00 8.823529412E-01
 5.195220588E+00 7.456056847E-01 5.248698518E+00 5.882352941E-01 5.288970588E+00
 4.476966824E-01 5.323529200E+00 2.941176471E-01 5.349600118E+00 5.882352941E-02
 5.341057271E+00-1.764705882E-01 5.311859153E+00-3.529411765E-01 5.266773506E+00
-5.294117647E-01 5.226470588E+00-6.570220000E-01 5.166089600E+00-8.235294118E-01
 5.117976824E+00-9.411764706E-01 5.064724424E+00-1.058823529E+00 5.005573624E+00
-1.176470588E+00 4.939484259E+00-1.294117647E+00 4.865037929E+00-1.411764706E+00
 4.788970588E+00-1.518389245E+00 4.726470588E+00-1.598553944E+00 4.634782776E+00
-1.705882353E+00 4.570220588E+00-1.775804059E+00 4.476470588E+00-1.869888584E+00
 4.400070871E+00-1.941176471E+00 4.320220588E+00-2.011570158E+00 4.226470588E+00
-2.088085162E+00 4.132720588E+00-2.158849449E+00 4.038970588E+00-2.224499819E+00
 3.945220588E+00-2.285673471E+00 3.851470588E+00-2.343036407E+00 3.757720588E+00
-2.397089129E+00 3.663970588E+00-2.448079953E+00 3.570220588E+00-2.496229953E+00
 3.476470588E+00-2.541190376E+00 3.368370776E+00-2.588235294E+00 3.257720588E+00
-2.636422024E+00 3.195646094E+00-2.661477929E+00 3.132720588E+00-2.497114141E+00
 3.085404682E+00-2.352941176E+00 3.038970588E+00-2.203422311E+00 2.996772259E+00
-2.058823529E+00 2.946112259E+00-1.882352941E+00 2.913356259E+00-1.764705882E+00
 2.866435435E+00-1.588235294E+00 2.823635694E+00-1.411764706E+00 2.788970588E+00
-1.250160619E+00 2.757720588E+00-1.081413960E+00 2.727540494E+00-8.823529412E-01
 2.706773247E+00-7.058823529E-01 2.691287953E+00-5.294117647E-01 2.677625200E+00
-2.941176471E-01 2.671732918E+00-5.882352941E-02 2.671454071E+00 0.000000000E+00
 5.380000000E+00 2.710000000E+00 2.620000000E+00 2.710000000E+00 2.620000000E+00
-2.710000000E+00 5.380000000E+00-2.710000000E+00 5.380000000E+00 2.710000000E+00
 5.380000000E+00 2.710000000E+00
    0 7.000000000E+00    0
