2025-09-09 16:19:35,251 fastran_init_fastran_init_1 DEBUG    __initialize__(): <fastran.driver.fastran_init.fastran_init object at 0x7f87c64348e0>  fastran_000001@fastran_init@1 
2025-09-09 16:19:35,258 fastran_init_fastran_init_1 DEBUG    Running - CompID =  fastran_000001@fastran_init@1
2025-09-09 16:19:35,259 fastran_init_fastran_init_1 DEBUG    _init_event_service(): self.counter = 0 - <fastran.driver.fastran_init.fastran_init object at 0x7f87c64348e0>
2025-09-09 16:19:35,270 fastran_driver_fastran_driver_2 DEBUG    __initialize__(): <fastran.driver.fastran_driver.fastran_driver object at 0x7f87c6456220>  fastran_000001@fastran_driver@2 
2025-09-09 16:19:35,275 fastran_driver_fastran_driver_2 DEBUG    Running - CompID =  fastran_000001@fastran_driver@2
2025-09-09 16:19:35,276 fastran_driver_fastran_driver_2 DEBUG    _init_event_service(): self.counter = 0 - <fastran.driver.fastran_driver.fastran_driver object at 0x7f87c6456220>
2025-09-09 16:19:35,322 fastran_eq0_efit_3 DEBUG    __initialize__(): <fastran.equilibrium.efit.efit object at 0x7f87c6456e50>  fastran_000001@efit@3 
2025-09-09 16:19:35,327 fastran_eq0_efit_3 DEBUG    Running - CompID =  fastran_000001@efit@3
2025-09-09 16:19:35,328 fastran_eq0_efit_3 DEBUG    _init_event_service(): self.counter = 0 - <fastran.equilibrium.efit.efit object at 0x7f87c6456e50>
2025-09-09 16:19:35,361 fastran_ic_hcd_model_4 DEBUG    __initialize__(): <fastran.heating.hcd_model.hcd_model object at 0x7f87c63ddb50>  fastran_000001@hcd_model@4 
2025-09-09 16:19:35,366 fastran_ic_hcd_model_4 DEBUG    Running - CompID =  fastran_000001@hcd_model@4
2025-09-09 16:19:35,367 fastran_ic_hcd_model_4 DEBUG    _init_event_service(): self.counter = 0 - <fastran.heating.hcd_model.hcd_model object at 0x7f87c63ddb50>
2025-09-09 16:19:35,408 fastran_tr0_fastran_5 DEBUG    __initialize__(): <fastran.solver.fastran.fastran object at 0x7f87c63ead30>  fastran_000001@fastran@5 
2025-09-09 16:19:35,414 fastran_tr0_fastran_5 DEBUG    Running - CompID =  fastran_000001@fastran@5
2025-09-09 16:19:35,414 fastran_tr0_fastran_5 DEBUG    _init_event_service(): self.counter = 0 - <fastran.solver.fastran.fastran object at 0x7f87c63ead30>
2025-09-09 16:19:35,453 fastran__modeleq_constraint_6 DEBUG    __initialize__(): <fastran.driver.modeleq_constraint.modeleq_constraint object at 0x7f87c63fe0d0>  fastran_000001@modeleq_constraint@6 
2025-09-09 16:19:35,459 fastran__modeleq_constraint_6 DEBUG    Running - CompID =  fastran_000001@modeleq_constraint@6
2025-09-09 16:19:35,460 fastran__modeleq_constraint_6 DEBUG    _init_event_service(): self.counter = 0 - <fastran.driver.modeleq_constraint.modeleq_constraint object at 0x7f87c63fe0d0>
2025-09-09 16:19:35,486 fastran_nb_nubeam_7 DEBUG    __initialize__(): <fastran.heating.nubeam.nubeam object at 0x7f87c63fecd0>  fastran_000001@nubeam@7 
2025-09-09 16:19:35,491 fastran_nb_nubeam_7 DEBUG    Running - CompID =  fastran_000001@nubeam@7
2025-09-09 16:19:35,492 fastran_nb_nubeam_7 DEBUG    _init_event_service(): self.counter = 0 - <fastran.heating.nubeam.nubeam object at 0x7f87c63fecd0>
2025-09-09 16:19:35,543 fastran_ep_tglfep_8 DEBUG    __initialize__(): <fastran.stability.tglfep.tglfep object at 0x7f87c64064f0>  fastran_000001@tglfep@8 
2025-09-09 16:19:35,548 fastran_ep_tglfep_8 DEBUG    Running - CompID =  fastran_000001@tglfep@8
2025-09-09 16:19:35,548 fastran_ep_tglfep_8 DEBUG    _init_event_service(): self.counter = 0 - <fastran.stability.tglfep.tglfep object at 0x7f87c64064f0>
2025-09-09 16:19:36,200 fastran_init_fastran_init_1 DEBUG    Received Message 
2025-09-09 16:19:36,200 fastran_init_fastran_init_1 DEBUG    Calling method init(0)
2025-09-09 16:19:36,205 fastran_init_fastran_init_1 DEBUG    Received Message 
2025-09-09 16:19:36,205 fastran_init_fastran_init_1 DEBUG    Calling method step(0)
2025-09-09 16:19:36,210 fastran_init_fastran_init_1 DEBUG    _invoke_service(): getTopic  ('_IPS_MONITOR',)
2025-09-09 16:19:36,210 fastran_init_fastran_init_1 DEBUG    _get_service_response(REQUEST|fastran_000001@fastran_init@1|FRAMEWORK@Framework@0|0)
2025-09-09 16:19:36,222 fastran_init_fastran_init_1 DEBUG    _get_service_response(REQUEST|fastran_000001@fastran_init@1|FRAMEWORK@Framework@0|0), response = ServiceResponseMessage(sender_id=FRAMEWORK@Framework@0, receiver_id=fastran_000001@fastran_init@1, request_msg_id=REQUEST|fastran_000001@fastran_init@1|FRAMEWORK@Framework@0|0,status=0, args=(<ipsframework.cca_es_spec.Topic object at 0x7f87c6453400>,), message_id=RESPONSE|FRAMEWORK@Framework@0|fastran_000001@fastran_init@1|8)
2025-09-09 16:19:36,222 fastran_init_fastran_init_1 DEBUG    _invoke_service(): sendEvent  ('_IPS_MONITOR', 'PORTAL_EVENT', {'sim_name': 'fastran_000001', 'real_sim_name': 'fastran_000001', 'portal_data': {'code': 'fastran_init_fastran_init', 'eventtype': 'IPS_STAGE_INPUTS', 'ok': True, 'walltime': '8.29', 'time': '2025-09-09|16:19:36PDT', 'trace': {'timestamp': 1757459976205836, 'duration': 4615, 'localEndpoint': {'serviceName': 'stage_input_files'}, 'name': 'instate', 'id': '55339cced059be1a', 'parentId': '716300f3071b3c32', 'tags': {}}, 'state': 'Running', 'comment': 'Elapsed time = 0.005 Path = /pscratch/sd/b/bassem/ips/tglf-ep_32_repeat/input Files = instate'}})
2025-09-09 16:19:36,222 fastran_init_fastran_init_1 DEBUG    _get_service_response(REQUEST|fastran_000001@fastran_init@1|FRAMEWORK@Framework@0|1)
2025-09-09 16:19:36,233 fastran_init_fastran_init_1 DEBUG    _get_service_response(REQUEST|fastran_000001@fastran_init@1|FRAMEWORK@Framework@0|1), response = ServiceResponseMessage(sender_id=FRAMEWORK@Framework@0, receiver_id=fastran_000001@fastran_init@1, request_msg_id=REQUEST|fastran_000001@fastran_init@1|FRAMEWORK@Framework@0|1,status=0, args=(None,), message_id=RESPONSE|FRAMEWORK@Framework@0|fastran_000001@fastran_init@1|9)
2025-09-09 16:19:36,678 fastran_init_fastran_init_1 DEBUG    _invoke_service(): update_state  (['s000001.00001', 'g000001.00001', 'i000001.00001', 'b000001.00001'], '/pscratch/sd/b/bassem/ips/tglf-ep_32_repeat/SCAN/work/fastran_init_fastran_init_1', '/pscratch/sd/b/bassem/ips/tglf-ep_32_repeat/SCAN/work/plasma_state')
2025-09-09 16:19:36,678 fastran_init_fastran_init_1 DEBUG    _get_service_response(REQUEST|fastran_000001@fastran_init@1|FRAMEWORK@Framework@0|2)
2025-09-09 16:19:36,697 fastran_init_fastran_init_1 DEBUG    _get_service_response(REQUEST|fastran_000001@fastran_init@1|FRAMEWORK@Framework@0|2), response = ServiceResponseMessage(sender_id=FRAMEWORK@Framework@0, receiver_id=fastran_000001@fastran_init@1, request_msg_id=REQUEST|fastran_000001@fastran_init@1|FRAMEWORK@Framework@0|2,status=0, args=(0,), message_id=RESPONSE|FRAMEWORK@Framework@0|fastran_000001@fastran_init@1|10)
2025-09-09 16:19:36,698 fastran_init_fastran_init_1 DEBUG    _invoke_service(): getTopic  ('_IPS_MONITOR',)
2025-09-09 16:19:36,698 fastran_init_fastran_init_1 DEBUG    _get_service_response(REQUEST|fastran_000001@fastran_init@1|FRAMEWORK@Framework@0|3)
2025-09-09 16:19:36,708 fastran_init_fastran_init_1 DEBUG    _get_service_response(REQUEST|fastran_000001@fastran_init@1|FRAMEWORK@Framework@0|3), response = ServiceResponseMessage(sender_id=FRAMEWORK@Framework@0, receiver_id=fastran_000001@fastran_init@1, request_msg_id=REQUEST|fastran_000001@fastran_init@1|FRAMEWORK@Framework@0|3,status=0, args=(<ipsframework.cca_es_spec.Topic object at 0x7f87c63d6820>,), message_id=RESPONSE|FRAMEWORK@Framework@0|fastran_000001@fastran_init@1|11)
2025-09-09 16:19:36,708 fastran_init_fastran_init_1 DEBUG    _invoke_service(): sendEvent  ('_IPS_MONITOR', 'PORTAL_EVENT', {'sim_name': 'fastran_000001', 'real_sim_name': 'fastran_000001', 'portal_data': {'code': 'fastran_init_fastran_init', 'eventtype': 'IPS_UPDATE_STATE', 'ok': True, 'walltime': '8.77', 'time': '2025-09-09|16:19:36PDT', 'trace': {'timestamp': 1757459976678487, 'duration': 19425, 'localEndpoint': {'serviceName': 'update_state'}, 'name': "['s000001.00001', 'g000001.00001', 'i000001.00001', 'b000001.00001']", 'id': '2fc1229e1e650f1c', 'parentId': '716300f3071b3c32', 'tags': {}}, 'state': 'Running', 'comment': 'Elapsed time = 0.019   files = s000001.00001 g000001.00001 i000001.00001 b000001.00001 Success'}})
2025-09-09 16:19:36,708 fastran_init_fastran_init_1 DEBUG    _get_service_response(REQUEST|fastran_000001@fastran_init@1|FRAMEWORK@Framework@0|4)
2025-09-09 16:19:36,719 fastran_init_fastran_init_1 DEBUG    _get_service_response(REQUEST|fastran_000001@fastran_init@1|FRAMEWORK@Framework@0|4), response = ServiceResponseMessage(sender_id=FRAMEWORK@Framework@0, receiver_id=fastran_000001@fastran_init@1, request_msg_id=REQUEST|fastran_000001@fastran_init@1|FRAMEWORK@Framework@0|4,status=0, args=(None,), message_id=RESPONSE|FRAMEWORK@Framework@0|fastran_000001@fastran_init@1|12)
2025-09-09 16:19:36,721 fastran_init_fastran_init_1 DEBUG    _invoke_service(): getTopic  ('_IPS_MONITOR',)
2025-09-09 16:19:36,721 fastran_init_fastran_init_1 DEBUG    _get_service_response(REQUEST|fastran_000001@fastran_init@1|FRAMEWORK@Framework@0|5)
2025-09-09 16:19:36,732 fastran_init_fastran_init_1 DEBUG    _get_service_response(REQUEST|fastran_000001@fastran_init@1|FRAMEWORK@Framework@0|5), response = ServiceResponseMessage(sender_id=FRAMEWORK@Framework@0, receiver_id=fastran_000001@fastran_init@1, request_msg_id=REQUEST|fastran_000001@fastran_init@1|FRAMEWORK@Framework@0|5,status=0, args=(<ipsframework.cca_es_spec.Topic object at 0x7f87c63d6910>,), message_id=RESPONSE|FRAMEWORK@Framework@0|fastran_000001@fastran_init@1|13)
2025-09-09 16:19:36,732 fastran_init_fastran_init_1 DEBUG    _invoke_service(): sendEvent  ('_IPS_MONITOR', 'PORTAL_EVENT', {'sim_name': 'fastran_000001', 'real_sim_name': 'fastran_000001', 'portal_data': {'code': 'fastran_init_fastran_init', 'eventtype': 'IPS_STAGE_OUTPUTS', 'ok': True, 'walltime': '8.80', 'time': '2025-09-09|16:19:36PDT', 'trace': {'timestamp': 1757459976719617, 'duration': 2091, 'localEndpoint': {'serviceName': 'stage_output_files'}, 'name': '[]', 'id': 'ed019efe11be26d9', 'parentId': '716300f3071b3c32', 'tags': {}}, 'state': 'Running', 'comment': 'Elapsed time = 0.002 Path = /pscratch/sd/b/bassem/ips/tglf-ep_32_repeat/SCAN/simulation_results/0/components/fastran_init_fastran_init_1 Files = []'}})
2025-09-09 16:19:36,732 fastran_init_fastran_init_1 DEBUG    _get_service_response(REQUEST|fastran_000001@fastran_init@1|FRAMEWORK@Framework@0|6)
2025-09-09 16:19:36,743 fastran_init_fastran_init_1 DEBUG    _get_service_response(REQUEST|fastran_000001@fastran_init@1|FRAMEWORK@Framework@0|6), response = ServiceResponseMessage(sender_id=FRAMEWORK@Framework@0, receiver_id=fastran_000001@fastran_init@1, request_msg_id=REQUEST|fastran_000001@fastran_init@1|FRAMEWORK@Framework@0|6,status=0, args=(None,), message_id=RESPONSE|FRAMEWORK@Framework@0|fastran_000001@fastran_init@1|15)
2025-09-09 16:19:36,744 fastran_init_fastran_init_1 DEBUG    Received Message 
2025-09-09 16:19:36,744 fastran_init_fastran_init_1 DEBUG    Calling method finalize(0)
2025-09-09 16:19:36,745 fastran_driver_fastran_driver_2 DEBUG    Received Message 
2025-09-09 16:19:36,745 fastran_driver_fastran_driver_2 DEBUG    Calling method init(0)
2025-09-09 16:19:36,747 fastran_driver_fastran_driver_2 DEBUG    Received Message 
2025-09-09 16:19:36,747 fastran_driver_fastran_driver_2 DEBUG    Calling method step(0)
2025-09-09 16:19:36,747 fastran_driver_fastran_driver_2 DEBUG    _invoke_service(): getTopic  ('_IPS_MONITOR',)
2025-09-09 16:19:36,747 fastran_driver_fastran_driver_2 DEBUG    _get_service_response(REQUEST|fastran_000001@fastran_driver@2|FRAMEWORK@Framework@0|0)
2025-09-09 16:19:36,758 fastran_driver_fastran_driver_2 DEBUG    _get_service_response(REQUEST|fastran_000001@fastran_driver@2|FRAMEWORK@Framework@0|0), response = ServiceResponseMessage(sender_id=FRAMEWORK@Framework@0, receiver_id=fastran_000001@fastran_driver@2, request_msg_id=REQUEST|fastran_000001@fastran_driver@2|FRAMEWORK@Framework@0|0,status=0, args=(<ipsframework.cca_es_spec.Topic object at 0x7f87c6456d00>,), message_id=RESPONSE|FRAMEWORK@Framework@0|fastran_000001@fastran_driver@2|16)
2025-09-09 16:19:36,758 fastran_driver_fastran_driver_2 DEBUG    _invoke_service(): sendEvent  ('_IPS_MONITOR', 'PORTAL_EVENT', {'sim_name': 'fastran_000001', 'real_sim_name': 'fastran_000001', 'portal_data': {'code': 'fastran_driver_fastran_driver', 'eventtype': 'IPS_STAGE_INPUTS', 'ok': True, 'walltime': '8.82', 'time': '2025-09-09|16:19:36PDT', 'trace': {'timestamp': 1757459976747302, 'duration': 126, 'localEndpoint': {'serviceName': 'stage_input_files'}, 'name': '', 'id': 'e70cb59b389672bf', 'parentId': '15e0663de819b9fa', 'tags': {}}, 'state': 'Running', 'comment': 'Elapsed time = 0.000 Path = /pscratch/sd/b/bassem/ips/tglf-ep_32_repeat/input Files = '}})
2025-09-09 16:19:36,758 fastran_driver_fastran_driver_2 DEBUG    _get_service_response(REQUEST|fastran_000001@fastran_driver@2|FRAMEWORK@Framework@0|1)
2025-09-09 16:19:36,769 fastran_driver_fastran_driver_2 DEBUG    _get_service_response(REQUEST|fastran_000001@fastran_driver@2|FRAMEWORK@Framework@0|1), response = ServiceResponseMessage(sender_id=FRAMEWORK@Framework@0, receiver_id=fastran_000001@fastran_driver@2, request_msg_id=REQUEST|fastran_000001@fastran_driver@2|FRAMEWORK@Framework@0|1,status=0, args=(None,), message_id=RESPONSE|FRAMEWORK@Framework@0|fastran_000001@fastran_driver@2|17)
2025-09-09 16:19:36,770 fastran_driver_fastran_driver_2 DEBUG    _invoke_service(): stage_state  (['s000001.00001', 'g000001.00001', 'i000001.00001', 'b000001.00001'], '/pscratch/sd/b/bassem/ips/tglf-ep_32_repeat/SCAN/work/plasma_state', '/pscratch/sd/b/bassem/ips/tglf-ep_32_repeat/SCAN/work/fastran_driver_fastran_driver_2')
2025-09-09 16:19:36,770 fastran_driver_fastran_driver_2 DEBUG    _get_service_response(REQUEST|fastran_000001@fastran_driver@2|FRAMEWORK@Framework@0|2)
2025-09-09 16:19:36,791 fastran_driver_fastran_driver_2 DEBUG    _get_service_response(REQUEST|fastran_000001@fastran_driver@2|FRAMEWORK@Framework@0|2), response = ServiceResponseMessage(sender_id=FRAMEWORK@Framework@0, receiver_id=fastran_000001@fastran_driver@2, request_msg_id=REQUEST|fastran_000001@fastran_driver@2|FRAMEWORK@Framework@0|2,status=0, args=(0,), message_id=RESPONSE|FRAMEWORK@Framework@0|fastran_000001@fastran_driver@2|18)
2025-09-09 16:19:36,791 fastran_driver_fastran_driver_2 DEBUG    _invoke_service(): getTopic  ('_IPS_MONITOR',)
2025-09-09 16:19:36,791 fastran_driver_fastran_driver_2 DEBUG    _get_service_response(REQUEST|fastran_000001@fastran_driver@2|FRAMEWORK@Framework@0|3)
2025-09-09 16:19:36,801 fastran_driver_fastran_driver_2 DEBUG    _get_service_response(REQUEST|fastran_000001@fastran_driver@2|FRAMEWORK@Framework@0|3), response = ServiceResponseMessage(sender_id=FRAMEWORK@Framework@0, receiver_id=fastran_000001@fastran_driver@2, request_msg_id=REQUEST|fastran_000001@fastran_driver@2|FRAMEWORK@Framework@0|3,status=0, args=(<ipsframework.cca_es_spec.Topic object at 0x7f87c6456550>,), message_id=RESPONSE|FRAMEWORK@Framework@0|fastran_000001@fastran_driver@2|19)
2025-09-09 16:19:36,801 fastran_driver_fastran_driver_2 DEBUG    _invoke_service(): sendEvent  ('_IPS_MONITOR', 'PORTAL_EVENT', {'sim_name': 'fastran_000001', 'real_sim_name': 'fastran_000001', 'portal_data': {'code': 'fastran_driver_fastran_driver', 'eventtype': 'IPS_STAGE_STATE', 'ok': True, 'walltime': '8.87', 'time': '2025-09-09|16:19:36PDT', 'trace': {'timestamp': 1757459976769878, 'duration': 21233, 'localEndpoint': {'serviceName': 'stage_state'}, 'name': "['s000001.00001', 'g000001.00001', 'i000001.00001', 'b000001.00001']", 'id': 'ff3119918b5e7670', 'parentId': '15e0663de819b9fa', 'tags': {}}, 'state': 'Running', 'comment': 'Elapsed time = 0.021  files = s000001.00001 g000001.00001 i000001.00001 b000001.00001 Success'}})
2025-09-09 16:19:36,801 fastran_driver_fastran_driver_2 DEBUG    _get_service_response(REQUEST|fastran_000001@fastran_driver@2|FRAMEWORK@Framework@0|4)
2025-09-09 16:19:36,812 fastran_driver_fastran_driver_2 DEBUG    _get_service_response(REQUEST|fastran_000001@fastran_driver@2|FRAMEWORK@Framework@0|4), response = ServiceResponseMessage(sender_id=FRAMEWORK@Framework@0, receiver_id=fastran_000001@fastran_driver@2, request_msg_id=REQUEST|fastran_000001@fastran_driver@2|FRAMEWORK@Framework@0|4,status=0, args=(None,), message_id=RESPONSE|FRAMEWORK@Framework@0|fastran_000001@fastran_driver@2|20)
2025-09-09 16:19:36,812 fastran_driver_fastran_driver_2 DEBUG    _invoke_service(): get_port  ('INIT',)
2025-09-09 16:19:36,813 fastran_driver_fastran_driver_2 DEBUG    _get_service_response(REQUEST|fastran_000001@fastran_driver@2|FRAMEWORK@Framework@0|5)
2025-09-09 16:19:36,823 fastran_driver_fastran_driver_2 DEBUG    _get_service_response(REQUEST|fastran_000001@fastran_driver@2|FRAMEWORK@Framework@0|5), response = ServiceResponseMessage(sender_id=FRAMEWORK@Framework@0, receiver_id=fastran_000001@fastran_driver@2, request_msg_id=REQUEST|fastran_000001@fastran_driver@2|FRAMEWORK@Framework@0|5,status=0, args=(fastran_000001@fastran_init@1,), message_id=RESPONSE|FRAMEWORK@Framework@0|fastran_000001@fastran_driver@2|21)
2025-09-09 16:19:36,823 fastran_driver_fastran_driver_2 DEBUG    _invoke_service(): get_port  ('EQ0',)
2025-09-09 16:19:36,823 fastran_driver_fastran_driver_2 DEBUG    _get_service_response(REQUEST|fastran_000001@fastran_driver@2|FRAMEWORK@Framework@0|6)
2025-09-09 16:19:36,834 fastran_driver_fastran_driver_2 DEBUG    _get_service_response(REQUEST|fastran_000001@fastran_driver@2|FRAMEWORK@Framework@0|6), response = ServiceResponseMessage(sender_id=FRAMEWORK@Framework@0, receiver_id=fastran_000001@fastran_driver@2, request_msg_id=REQUEST|fastran_000001@fastran_driver@2|FRAMEWORK@Framework@0|6,status=0, args=(fastran_000001@efit@3,), message_id=RESPONSE|FRAMEWORK@Framework@0|fastran_000001@fastran_driver@2|22)
2025-09-09 16:19:36,834 fastran_driver_fastran_driver_2 DEBUG    _invoke_service(): get_port  ('HCD0',)
2025-09-09 16:19:36,834 fastran_driver_fastran_driver_2 DEBUG    _get_service_response(REQUEST|fastran_000001@fastran_driver@2|FRAMEWORK@Framework@0|7)
2025-09-09 16:19:36,845 fastran_driver_fastran_driver_2 DEBUG    _get_service_response(REQUEST|fastran_000001@fastran_driver@2|FRAMEWORK@Framework@0|7), response = ServiceResponseMessage(sender_id=FRAMEWORK@Framework@0, receiver_id=fastran_000001@fastran_driver@2, request_msg_id=REQUEST|fastran_000001@fastran_driver@2|FRAMEWORK@Framework@0|7,status=0, args=(fastran_000001@hcd_model@4,), message_id=RESPONSE|FRAMEWORK@Framework@0|fastran_000001@fastran_driver@2|23)
2025-09-09 16:19:36,845 fastran_driver_fastran_driver_2 DEBUG    _invoke_service(): get_port  ('TR0',)
2025-09-09 16:19:36,845 fastran_driver_fastran_driver_2 DEBUG    _get_service_response(REQUEST|fastran_000001@fastran_driver@2|FRAMEWORK@Framework@0|8)
2025-09-09 16:19:36,856 fastran_driver_fastran_driver_2 DEBUG    _get_service_response(REQUEST|fastran_000001@fastran_driver@2|FRAMEWORK@Framework@0|8), response = ServiceResponseMessage(sender_id=FRAMEWORK@Framework@0, receiver_id=fastran_000001@fastran_driver@2, request_msg_id=REQUEST|fastran_000001@fastran_driver@2|FRAMEWORK@Framework@0|8,status=0, args=(fastran_000001@fastran@5,), message_id=RESPONSE|FRAMEWORK@Framework@0|fastran_000001@fastran_driver@2|24)
2025-09-09 16:19:36,856 fastran_driver_fastran_driver_2 DEBUG    _invoke_service(): get_port  ('BC0',)
2025-09-09 16:19:36,856 fastran_driver_fastran_driver_2 DEBUG    _get_service_response(REQUEST|fastran_000001@fastran_driver@2|FRAMEWORK@Framework@0|9)
2025-09-09 16:19:36,867 fastran_driver_fastran_driver_2 DEBUG    _get_service_response(REQUEST|fastran_000001@fastran_driver@2|FRAMEWORK@Framework@0|9), response = ServiceResponseMessage(sender_id=FRAMEWORK@Framework@0, receiver_id=fastran_000001@fastran_driver@2, request_msg_id=REQUEST|fastran_000001@fastran_driver@2|FRAMEWORK@Framework@0|9,status=0, args=(fastran_000001@modeleq_constraint@6,), message_id=RESPONSE|FRAMEWORK@Framework@0|fastran_000001@fastran_driver@2|25)
2025-09-09 16:19:36,867 fastran_driver_fastran_driver_2 DEBUG    _invoke_service(): get_port  ('NB',)
2025-09-09 16:19:36,867 fastran_driver_fastran_driver_2 DEBUG    _get_service_response(REQUEST|fastran_000001@fastran_driver@2|FRAMEWORK@Framework@0|10)
2025-09-09 16:19:36,878 fastran_driver_fastran_driver_2 DEBUG    _get_service_response(REQUEST|fastran_000001@fastran_driver@2|FRAMEWORK@Framework@0|10), response = ServiceResponseMessage(sender_id=FRAMEWORK@Framework@0, receiver_id=fastran_000001@fastran_driver@2, request_msg_id=REQUEST|fastran_000001@fastran_driver@2|FRAMEWORK@Framework@0|10,status=0, args=(fastran_000001@nubeam@7,), message_id=RESPONSE|FRAMEWORK@Framework@0|fastran_000001@fastran_driver@2|26)
2025-09-09 16:19:36,878 fastran_driver_fastran_driver_2 DEBUG    _invoke_service(): get_port  ('EP',)
2025-09-09 16:19:36,878 fastran_driver_fastran_driver_2 DEBUG    _get_service_response(REQUEST|fastran_000001@fastran_driver@2|FRAMEWORK@Framework@0|11)
2025-09-09 16:19:36,889 fastran_driver_fastran_driver_2 DEBUG    _get_service_response(REQUEST|fastran_000001@fastran_driver@2|FRAMEWORK@Framework@0|11), response = ServiceResponseMessage(sender_id=FRAMEWORK@Framework@0, receiver_id=fastran_000001@fastran_driver@2, request_msg_id=REQUEST|fastran_000001@fastran_driver@2|FRAMEWORK@Framework@0|11,status=0, args=(fastran_000001@tglfep@8,), message_id=RESPONSE|FRAMEWORK@Framework@0|fastran_000001@fastran_driver@2|27)
2025-09-09 16:19:36,890 fastran_driver_fastran_driver_2 DEBUG    _invoke_service(): getTopic  ('_IPS_MONITOR',)
2025-09-09 16:19:36,890 fastran_driver_fastran_driver_2 DEBUG    _get_service_response(REQUEST|fastran_000001@fastran_driver@2|FRAMEWORK@Framework@0|12)
2025-09-09 16:19:36,901 fastran_driver_fastran_driver_2 DEBUG    _get_service_response(REQUEST|fastran_000001@fastran_driver@2|FRAMEWORK@Framework@0|12), response = ServiceResponseMessage(sender_id=FRAMEWORK@Framework@0, receiver_id=fastran_000001@fastran_driver@2, request_msg_id=REQUEST|fastran_000001@fastran_driver@2|FRAMEWORK@Framework@0|12,status=0, args=(<ipsframework.cca_es_spec.Topic object at 0x7f87c63e00a0>,), message_id=RESPONSE|FRAMEWORK@Framework@0|fastran_000001@fastran_driver@2|28)
2025-09-09 16:19:36,901 fastran_driver_fastran_driver_2 DEBUG    _invoke_service(): sendEvent  ('_IPS_MONITOR', 'PORTAL_EVENT', {'sim_name': 'fastran_000001', 'real_sim_name': 'fastran_000001', 'portal_data': {'code': 'fastran_driver_fastran_driver', 'eventtype': 'IPS_CALL_BEGIN', 'ok': True, 'walltime': '8.97', 'time': '2025-09-09|16:19:36PDT', 'state': 'Running', 'comment': 'Target = fastran_000001@efit@3:init(0)'}})
2025-09-09 16:19:36,901 fastran_driver_fastran_driver_2 DEBUG    _get_service_response(REQUEST|fastran_000001@fastran_driver@2|FRAMEWORK@Framework@0|13)
2025-09-09 16:19:36,912 fastran_driver_fastran_driver_2 DEBUG    _get_service_response(REQUEST|fastran_000001@fastran_driver@2|FRAMEWORK@Framework@0|13), response = ServiceResponseMessage(sender_id=FRAMEWORK@Framework@0, receiver_id=fastran_000001@fastran_driver@2, request_msg_id=REQUEST|fastran_000001@fastran_driver@2|FRAMEWORK@Framework@0|13,status=0, args=(None,), message_id=RESPONSE|FRAMEWORK@Framework@0|fastran_000001@fastran_driver@2|29)
2025-09-09 16:19:36,912 fastran_driver_fastran_driver_2 DEBUG    _invoke_service(): init_call  ('init', '0')
2025-09-09 16:19:36,912 fastran_driver_fastran_driver_2 DEBUG    _get_service_response(REQUEST|fastran_000001@fastran_driver@2|FRAMEWORK@Framework@0|14)
2025-09-09 16:19:36,913 fastran_eq0_efit_3 DEBUG    Received Message 
2025-09-09 16:19:36,913 fastran_eq0_efit_3 DEBUG    Calling method init(0)
2025-09-09 16:19:36,916 fastran_eq0_efit_3 DEBUG    _invoke_service(): stage_state  (['s000001.00001', 'g000001.00001', 'i000001.00001', 'b000001.00001'], '/pscratch/sd/b/bassem/ips/tglf-ep_32_repeat/SCAN/work/plasma_state', '/pscratch/sd/b/bassem/ips/tglf-ep_32_repeat/SCAN/work/fastran_eq0_efit_3')
2025-09-09 16:19:36,916 fastran_eq0_efit_3 DEBUG    _get_service_response(REQUEST|fastran_000001@efit@3|FRAMEWORK@Framework@0|0)
2025-09-09 16:19:36,923 fastran_driver_fastran_driver_2 DEBUG    _get_service_response(REQUEST|fastran_000001@fastran_driver@2|FRAMEWORK@Framework@0|14), response = ServiceResponseMessage(sender_id=FRAMEWORK@Framework@0, receiver_id=fastran_000001@fastran_driver@2, request_msg_id=REQUEST|fastran_000001@fastran_driver@2|FRAMEWORK@Framework@0|14,status=0, args=(11,), message_id=RESPONSE|FRAMEWORK@Framework@0|fastran_000001@fastran_driver@2|30)
2025-09-09 16:19:36,923 fastran_driver_fastran_driver_2 DEBUG    _invoke_service(): wait_call  (11, True)
2025-09-09 16:19:36,923 fastran_driver_fastran_driver_2 DEBUG    _get_service_response(REQUEST|fastran_000001@fastran_driver@2|FRAMEWORK@Framework@0|15)
2025-09-09 16:19:36,937 fastran_eq0_efit_3 DEBUG    _get_service_response(REQUEST|fastran_000001@efit@3|FRAMEWORK@Framework@0|0), response = ServiceResponseMessage(sender_id=FRAMEWORK@Framework@0, receiver_id=fastran_000001@efit@3, request_msg_id=REQUEST|fastran_000001@efit@3|FRAMEWORK@Framework@0|0,status=0, args=(0,), message_id=RESPONSE|FRAMEWORK@Framework@0|fastran_000001@efit@3|31)
2025-09-09 16:19:36,938 fastran_eq0_efit_3 DEBUG    _invoke_service(): getTopic  ('_IPS_MONITOR',)
2025-09-09 16:19:36,939 fastran_eq0_efit_3 DEBUG    _get_service_response(REQUEST|fastran_000001@efit@3|FRAMEWORK@Framework@0|1)
2025-09-09 16:19:36,949 fastran_eq0_efit_3 DEBUG    _get_service_response(REQUEST|fastran_000001@efit@3|FRAMEWORK@Framework@0|1), response = ServiceResponseMessage(sender_id=FRAMEWORK@Framework@0, receiver_id=fastran_000001@efit@3, request_msg_id=REQUEST|fastran_000001@efit@3|FRAMEWORK@Framework@0|1,status=0, args=(<ipsframework.cca_es_spec.Topic object at 0x7f87c6456310>,), message_id=RESPONSE|FRAMEWORK@Framework@0|fastran_000001@efit@3|32)
2025-09-09 16:19:36,949 fastran_eq0_efit_3 DEBUG    _invoke_service(): sendEvent  ('_IPS_MONITOR', 'PORTAL_EVENT', {'sim_name': 'fastran_000001', 'real_sim_name': 'fastran_000001', 'portal_data': {'code': 'fastran_eq0_efit', 'eventtype': 'IPS_STAGE_STATE', 'ok': True, 'walltime': '9.01', 'time': '2025-09-09|16:19:36PDT', 'trace': {'timestamp': 1757459976916176, 'duration': 21914, 'localEndpoint': {'serviceName': 'stage_state'}, 'name': "['s000001.00001', 'g000001.00001', 'i000001.00001', 'b000001.00001']", 'id': 'ff3119918b5e7670', 'parentId': '97f6d0c73e3794c4', 'tags': {}}, 'state': 'Running', 'comment': 'Elapsed time = 0.022  files = s000001.00001 g000001.00001 i000001.00001 b000001.00001 Success'}})
2025-09-09 16:19:36,949 fastran_eq0_efit_3 DEBUG    _get_service_response(REQUEST|fastran_000001@efit@3|FRAMEWORK@Framework@0|2)
2025-09-09 16:19:36,960 fastran_eq0_efit_3 DEBUG    _get_service_response(REQUEST|fastran_000001@efit@3|FRAMEWORK@Framework@0|2), response = ServiceResponseMessage(sender_id=FRAMEWORK@Framework@0, receiver_id=fastran_000001@efit@3, request_msg_id=REQUEST|fastran_000001@efit@3|FRAMEWORK@Framework@0|2,status=0, args=(None,), message_id=RESPONSE|FRAMEWORK@Framework@0|fastran_000001@efit@3|33)
2025-09-09 16:19:38,677 fastran_eq0_efit_3 DEBUG    _invoke_service(): update_state  (['s000001.00001', 'g000001.00001', 'i000001.00001', 'b000001.00001'], '/pscratch/sd/b/bassem/ips/tglf-ep_32_repeat/SCAN/work/fastran_eq0_efit_3', '/pscratch/sd/b/bassem/ips/tglf-ep_32_repeat/SCAN/work/plasma_state')
2025-09-09 16:19:38,678 fastran_eq0_efit_3 DEBUG    _get_service_response(REQUEST|fastran_000001@efit@3|FRAMEWORK@Framework@0|3)
2025-09-09 16:19:38,699 fastran_eq0_efit_3 DEBUG    _get_service_response(REQUEST|fastran_000001@efit@3|FRAMEWORK@Framework@0|3), response = ServiceResponseMessage(sender_id=FRAMEWORK@Framework@0, receiver_id=fastran_000001@efit@3, request_msg_id=REQUEST|fastran_000001@efit@3|FRAMEWORK@Framework@0|3,status=0, args=(0,), message_id=RESPONSE|FRAMEWORK@Framework@0|fastran_000001@efit@3|37)
2025-09-09 16:19:38,699 fastran_eq0_efit_3 DEBUG    _invoke_service(): getTopic  ('_IPS_MONITOR',)
2025-09-09 16:19:38,699 fastran_eq0_efit_3 DEBUG    _get_service_response(REQUEST|fastran_000001@efit@3|FRAMEWORK@Framework@0|4)
2025-09-09 16:19:38,710 fastran_eq0_efit_3 DEBUG    _get_service_response(REQUEST|fastran_000001@efit@3|FRAMEWORK@Framework@0|4), response = ServiceResponseMessage(sender_id=FRAMEWORK@Framework@0, receiver_id=fastran_000001@efit@3, request_msg_id=REQUEST|fastran_000001@efit@3|FRAMEWORK@Framework@0|4,status=0, args=(<ipsframework.cca_es_spec.Topic object at 0x7f87c63ddc70>,), message_id=RESPONSE|FRAMEWORK@Framework@0|fastran_000001@efit@3|38)
2025-09-09 16:19:38,710 fastran_eq0_efit_3 DEBUG    _invoke_service(): sendEvent  ('_IPS_MONITOR', 'PORTAL_EVENT', {'sim_name': 'fastran_000001', 'real_sim_name': 'fastran_000001', 'portal_data': {'code': 'fastran_eq0_efit', 'eventtype': 'IPS_UPDATE_STATE', 'ok': True, 'walltime': '10.78', 'time': '2025-09-09|16:19:38PDT', 'trace': {'timestamp': 1757459978677601, 'duration': 21926, 'localEndpoint': {'serviceName': 'update_state'}, 'name': "['s000001.00001', 'g000001.00001', 'i000001.00001', 'b000001.00001']", 'id': '2fc1229e1e650f1c', 'parentId': '97f6d0c73e3794c4', 'tags': {}}, 'state': 'Running', 'comment': 'Elapsed time = 0.022   files = s000001.00001 g000001.00001 i000001.00001 b000001.00001 Success'}})
2025-09-09 16:19:38,710 fastran_eq0_efit_3 DEBUG    _get_service_response(REQUEST|fastran_000001@efit@3|FRAMEWORK@Framework@0|5)
2025-09-09 16:19:38,721 fastran_eq0_efit_3 DEBUG    _get_service_response(REQUEST|fastran_000001@efit@3|FRAMEWORK@Framework@0|5), response = ServiceResponseMessage(sender_id=FRAMEWORK@Framework@0, receiver_id=fastran_000001@efit@3, request_msg_id=REQUEST|fastran_000001@efit@3|FRAMEWORK@Framework@0|5,status=0, args=(None,), message_id=RESPONSE|FRAMEWORK@Framework@0|fastran_000001@efit@3|39)
2025-09-09 16:19:38,732 fastran_driver_fastran_driver_2 DEBUG    _get_service_response(REQUEST|fastran_000001@fastran_driver@2|FRAMEWORK@Framework@0|15), response = ServiceResponseMessage(sender_id=FRAMEWORK@Framework@0, receiver_id=fastran_000001@fastran_driver@2, request_msg_id=REQUEST|fastran_000001@fastran_driver@2|FRAMEWORK@Framework@0|15,status=0, args=((None,),), message_id=RESPONSE|FRAMEWORK@Framework@0|fastran_000001@fastran_driver@2|40)
2025-09-09 16:19:38,732 fastran_driver_fastran_driver_2 DEBUG    _invoke_service(): getTopic  ('_IPS_MONITOR',)
2025-09-09 16:19:38,732 fastran_driver_fastran_driver_2 DEBUG    _get_service_response(REQUEST|fastran_000001@fastran_driver@2|FRAMEWORK@Framework@0|16)
2025-09-09 16:19:38,743 fastran_driver_fastran_driver_2 DEBUG    _get_service_response(REQUEST|fastran_000001@fastran_driver@2|FRAMEWORK@Framework@0|16), response = ServiceResponseMessage(sender_id=FRAMEWORK@Framework@0, receiver_id=fastran_000001@fastran_driver@2, request_msg_id=REQUEST|fastran_000001@fastran_driver@2|FRAMEWORK@Framework@0|16,status=0, args=(<ipsframework.cca_es_spec.Topic object at 0x7f87c63e00a0>,), message_id=RESPONSE|FRAMEWORK@Framework@0|fastran_000001@fastran_driver@2|41)
2025-09-09 16:19:38,743 fastran_driver_fastran_driver_2 DEBUG    _invoke_service(): sendEvent  ('_IPS_MONITOR', 'PORTAL_EVENT', {'sim_name': 'fastran_000001', 'real_sim_name': 'fastran_000001', 'portal_data': {'code': 'fastran_driver_fastran_driver', 'eventtype': 'IPS_CALL_END', 'ok': True, 'walltime': '10.81', 'time': '2025-09-09|16:19:38PDT', 'trace': {'timestamp': 1757459976923808, 'duration': 1808582, 'localEndpoint': {'serviceName': 'fastran_000001@efit@3'}, 'name': 'init(0)', 'id': '97f6d0c73e3794c4', 'parentId': '15e0663de819b9fa', 'tags': {}}, 'state': 'Running', 'comment': 'Target = fastran_000001@efit@3:init(0)'}})
2025-09-09 16:19:38,743 fastran_driver_fastran_driver_2 DEBUG    _get_service_response(REQUEST|fastran_000001@fastran_driver@2|FRAMEWORK@Framework@0|17)
2025-09-09 16:19:38,754 fastran_driver_fastran_driver_2 DEBUG    _get_service_response(REQUEST|fastran_000001@fastran_driver@2|FRAMEWORK@Framework@0|17), response = ServiceResponseMessage(sender_id=FRAMEWORK@Framework@0, receiver_id=fastran_000001@fastran_driver@2, request_msg_id=REQUEST|fastran_000001@fastran_driver@2|FRAMEWORK@Framework@0|17,status=0, args=(None,), message_id=RESPONSE|FRAMEWORK@Framework@0|fastran_000001@fastran_driver@2|42)
2025-09-09 16:19:38,754 fastran_driver_fastran_driver_2 DEBUG    _invoke_service(): getTopic  ('_IPS_MONITOR',)
2025-09-09 16:19:38,754 fastran_driver_fastran_driver_2 DEBUG    _get_service_response(REQUEST|fastran_000001@fastran_driver@2|FRAMEWORK@Framework@0|18)
2025-09-09 16:19:38,765 fastran_driver_fastran_driver_2 DEBUG    _get_service_response(REQUEST|fastran_000001@fastran_driver@2|FRAMEWORK@Framework@0|18), response = ServiceResponseMessage(sender_id=FRAMEWORK@Framework@0, receiver_id=fastran_000001@fastran_driver@2, request_msg_id=REQUEST|fastran_000001@fastran_driver@2|FRAMEWORK@Framework@0|18,status=0, args=(<ipsframework.cca_es_spec.Topic object at 0x7f87c63e00a0>,), message_id=RESPONSE|FRAMEWORK@Framework@0|fastran_000001@fastran_driver@2|43)
2025-09-09 16:19:38,765 fastran_driver_fastran_driver_2 DEBUG    _invoke_service(): sendEvent  ('_IPS_MONITOR', 'PORTAL_EVENT', {'sim_name': 'fastran_000001', 'real_sim_name': 'fastran_000001', 'portal_data': {'code': 'fastran_driver_fastran_driver', 'eventtype': 'IPS_CALL_BEGIN', 'ok': True, 'walltime': '10.83', 'time': '2025-09-09|16:19:38PDT', 'state': 'Running', 'comment': 'Target = fastran_000001@hcd_model@4:init(0)'}})
2025-09-09 16:19:38,765 fastran_driver_fastran_driver_2 DEBUG    _get_service_response(REQUEST|fastran_000001@fastran_driver@2|FRAMEWORK@Framework@0|19)
2025-09-09 16:19:38,776 fastran_driver_fastran_driver_2 DEBUG    _get_service_response(REQUEST|fastran_000001@fastran_driver@2|FRAMEWORK@Framework@0|19), response = ServiceResponseMessage(sender_id=FRAMEWORK@Framework@0, receiver_id=fastran_000001@fastran_driver@2, request_msg_id=REQUEST|fastran_000001@fastran_driver@2|FRAMEWORK@Framework@0|19,status=0, args=(None,), message_id=RESPONSE|FRAMEWORK@Framework@0|fastran_000001@fastran_driver@2|44)
2025-09-09 16:19:38,776 fastran_driver_fastran_driver_2 DEBUG    _invoke_service(): init_call  ('init', '0')
2025-09-09 16:19:38,776 fastran_driver_fastran_driver_2 DEBUG    _get_service_response(REQUEST|fastran_000001@fastran_driver@2|FRAMEWORK@Framework@0|20)
2025-09-09 16:19:38,778 fastran_ic_hcd_model_4 DEBUG    Received Message 
2025-09-09 16:19:38,778 fastran_ic_hcd_model_4 DEBUG    Calling method init(0)
2025-09-09 16:19:38,788 fastran_driver_fastran_driver_2 DEBUG    _get_service_response(REQUEST|fastran_000001@fastran_driver@2|FRAMEWORK@Framework@0|20), response = ServiceResponseMessage(sender_id=FRAMEWORK@Framework@0, receiver_id=fastran_000001@fastran_driver@2, request_msg_id=REQUEST|fastran_000001@fastran_driver@2|FRAMEWORK@Framework@0|20,status=0, args=(12,), message_id=RESPONSE|FRAMEWORK@Framework@0|fastran_000001@fastran_driver@2|46)
2025-09-09 16:19:38,788 fastran_driver_fastran_driver_2 DEBUG    _invoke_service(): wait_call  (12, True)
2025-09-09 16:19:38,788 fastran_driver_fastran_driver_2 DEBUG    _get_service_response(REQUEST|fastran_000001@fastran_driver@2|FRAMEWORK@Framework@0|21)
2025-09-09 16:19:38,799 fastran_driver_fastran_driver_2 DEBUG    _get_service_response(REQUEST|fastran_000001@fastran_driver@2|FRAMEWORK@Framework@0|21), response = ServiceResponseMessage(sender_id=FRAMEWORK@Framework@0, receiver_id=fastran_000001@fastran_driver@2, request_msg_id=REQUEST|fastran_000001@fastran_driver@2|FRAMEWORK@Framework@0|21,status=0, args=((None,),), message_id=RESPONSE|FRAMEWORK@Framework@0|fastran_000001@fastran_driver@2|47)
2025-09-09 16:19:38,799 fastran_driver_fastran_driver_2 DEBUG    _invoke_service(): getTopic  ('_IPS_MONITOR',)
2025-09-09 16:19:38,799 fastran_driver_fastran_driver_2 DEBUG    _get_service_response(REQUEST|fastran_000001@fastran_driver@2|FRAMEWORK@Framework@0|22)
2025-09-09 16:19:38,810 fastran_driver_fastran_driver_2 DEBUG    _get_service_response(REQUEST|fastran_000001@fastran_driver@2|FRAMEWORK@Framework@0|22), response = ServiceResponseMessage(sender_id=FRAMEWORK@Framework@0, receiver_id=fastran_000001@fastran_driver@2, request_msg_id=REQUEST|fastran_000001@fastran_driver@2|FRAMEWORK@Framework@0|22,status=0, args=(<ipsframework.cca_es_spec.Topic object at 0x7f87c63e00a0>,), message_id=RESPONSE|FRAMEWORK@Framework@0|fastran_000001@fastran_driver@2|48)
2025-09-09 16:19:38,810 fastran_driver_fastran_driver_2 DEBUG    _invoke_service(): sendEvent  ('_IPS_MONITOR', 'PORTAL_EVENT', {'sim_name': 'fastran_000001', 'real_sim_name': 'fastran_000001', 'portal_data': {'code': 'fastran_driver_fastran_driver', 'eventtype': 'IPS_CALL_END', 'ok': True, 'walltime': '10.88', 'time': '2025-09-09|16:19:38PDT', 'trace': {'timestamp': 1757459978788359, 'duration': 11015, 'localEndpoint': {'serviceName': 'fastran_000001@hcd_model@4'}, 'name': 'init(0)', 'id': '235e7790f79000ce', 'parentId': '15e0663de819b9fa', 'tags': {}}, 'state': 'Running', 'comment': 'Target = fastran_000001@hcd_model@4:init(0)'}})
2025-09-09 16:19:38,810 fastran_driver_fastran_driver_2 DEBUG    _get_service_response(REQUEST|fastran_000001@fastran_driver@2|FRAMEWORK@Framework@0|23)
2025-09-09 16:19:38,821 fastran_driver_fastran_driver_2 DEBUG    _get_service_response(REQUEST|fastran_000001@fastran_driver@2|FRAMEWORK@Framework@0|23), response = ServiceResponseMessage(sender_id=FRAMEWORK@Framework@0, receiver_id=fastran_000001@fastran_driver@2, request_msg_id=REQUEST|fastran_000001@fastran_driver@2|FRAMEWORK@Framework@0|23,status=0, args=(None,), message_id=RESPONSE|FRAMEWORK@Framework@0|fastran_000001@fastran_driver@2|49)
2025-09-09 16:19:38,821 fastran_driver_fastran_driver_2 DEBUG    _invoke_service(): getTopic  ('_IPS_MONITOR',)
2025-09-09 16:19:38,821 fastran_driver_fastran_driver_2 DEBUG    _get_service_response(REQUEST|fastran_000001@fastran_driver@2|FRAMEWORK@Framework@0|24)
2025-09-09 16:19:38,832 fastran_driver_fastran_driver_2 DEBUG    _get_service_response(REQUEST|fastran_000001@fastran_driver@2|FRAMEWORK@Framework@0|24), response = ServiceResponseMessage(sender_id=FRAMEWORK@Framework@0, receiver_id=fastran_000001@fastran_driver@2, request_msg_id=REQUEST|fastran_000001@fastran_driver@2|FRAMEWORK@Framework@0|24,status=0, args=(<ipsframework.cca_es_spec.Topic object at 0x7f87c63e00a0>,), message_id=RESPONSE|FRAMEWORK@Framework@0|fastran_000001@fastran_driver@2|50)
2025-09-09 16:19:38,832 fastran_driver_fastran_driver_2 DEBUG    _invoke_service(): sendEvent  ('_IPS_MONITOR', 'PORTAL_EVENT', {'sim_name': 'fastran_000001', 'real_sim_name': 'fastran_000001', 'portal_data': {'code': 'fastran_driver_fastran_driver', 'eventtype': 'IPS_CALL_BEGIN', 'ok': True, 'walltime': '10.90', 'time': '2025-09-09|16:19:38PDT', 'state': 'Running', 'comment': 'Target = fastran_000001@fastran@5:init(0)'}})
2025-09-09 16:19:38,832 fastran_driver_fastran_driver_2 DEBUG    _get_service_response(REQUEST|fastran_000001@fastran_driver@2|FRAMEWORK@Framework@0|25)
2025-09-09 16:19:38,843 fastran_driver_fastran_driver_2 DEBUG    _get_service_response(REQUEST|fastran_000001@fastran_driver@2|FRAMEWORK@Framework@0|25), response = ServiceResponseMessage(sender_id=FRAMEWORK@Framework@0, receiver_id=fastran_000001@fastran_driver@2, request_msg_id=REQUEST|fastran_000001@fastran_driver@2|FRAMEWORK@Framework@0|25,status=0, args=(None,), message_id=RESPONSE|FRAMEWORK@Framework@0|fastran_000001@fastran_driver@2|51)
2025-09-09 16:19:38,843 fastran_driver_fastran_driver_2 DEBUG    _invoke_service(): init_call  ('init', '0')
2025-09-09 16:19:38,843 fastran_driver_fastran_driver_2 DEBUG    _get_service_response(REQUEST|fastran_000001@fastran_driver@2|FRAMEWORK@Framework@0|26)
2025-09-09 16:19:38,845 fastran_tr0_fastran_5 DEBUG    Received Message 
2025-09-09 16:19:38,845 fastran_tr0_fastran_5 DEBUG    Calling method init(0)
2025-09-09 16:19:38,855 fastran_driver_fastran_driver_2 DEBUG    _get_service_response(REQUEST|fastran_000001@fastran_driver@2|FRAMEWORK@Framework@0|26), response = ServiceResponseMessage(sender_id=FRAMEWORK@Framework@0, receiver_id=fastran_000001@fastran_driver@2, request_msg_id=REQUEST|fastran_000001@fastran_driver@2|FRAMEWORK@Framework@0|26,status=0, args=(13,), message_id=RESPONSE|FRAMEWORK@Framework@0|fastran_000001@fastran_driver@2|52)
2025-09-09 16:19:38,855 fastran_driver_fastran_driver_2 DEBUG    _invoke_service(): wait_call  (13, True)
2025-09-09 16:19:38,855 fastran_driver_fastran_driver_2 DEBUG    _get_service_response(REQUEST|fastran_000001@fastran_driver@2|FRAMEWORK@Framework@0|27)
2025-09-09 16:19:38,866 fastran_driver_fastran_driver_2 DEBUG    _get_service_response(REQUEST|fastran_000001@fastran_driver@2|FRAMEWORK@Framework@0|27), response = ServiceResponseMessage(sender_id=FRAMEWORK@Framework@0, receiver_id=fastran_000001@fastran_driver@2, request_msg_id=REQUEST|fastran_000001@fastran_driver@2|FRAMEWORK@Framework@0|27,status=0, args=((None,),), message_id=RESPONSE|FRAMEWORK@Framework@0|fastran_000001@fastran_driver@2|53)
2025-09-09 16:19:38,866 fastran_driver_fastran_driver_2 DEBUG    _invoke_service(): getTopic  ('_IPS_MONITOR',)
2025-09-09 16:19:38,866 fastran_driver_fastran_driver_2 DEBUG    _get_service_response(REQUEST|fastran_000001@fastran_driver@2|FRAMEWORK@Framework@0|28)
2025-09-09 16:19:38,877 fastran_driver_fastran_driver_2 DEBUG    _get_service_response(REQUEST|fastran_000001@fastran_driver@2|FRAMEWORK@Framework@0|28), response = ServiceResponseMessage(sender_id=FRAMEWORK@Framework@0, receiver_id=fastran_000001@fastran_driver@2, request_msg_id=REQUEST|fastran_000001@fastran_driver@2|FRAMEWORK@Framework@0|28,status=0, args=(<ipsframework.cca_es_spec.Topic object at 0x7f87c63e00a0>,), message_id=RESPONSE|FRAMEWORK@Framework@0|fastran_000001@fastran_driver@2|54)
2025-09-09 16:19:38,877 fastran_driver_fastran_driver_2 DEBUG    _invoke_service(): sendEvent  ('_IPS_MONITOR', 'PORTAL_EVENT', {'sim_name': 'fastran_000001', 'real_sim_name': 'fastran_000001', 'portal_data': {'code': 'fastran_driver_fastran_driver', 'eventtype': 'IPS_CALL_END', 'ok': True, 'walltime': '10.94', 'time': '2025-09-09|16:19:38PDT', 'trace': {'timestamp': 1757459978855354, 'duration': 11037, 'localEndpoint': {'serviceName': 'fastran_000001@fastran@5'}, 'name': 'init(0)', 'id': '71c82fc2125b74c2', 'parentId': '15e0663de819b9fa', 'tags': {}}, 'state': 'Running', 'comment': 'Target = fastran_000001@fastran@5:init(0)'}})
2025-09-09 16:19:38,877 fastran_driver_fastran_driver_2 DEBUG    _get_service_response(REQUEST|fastran_000001@fastran_driver@2|FRAMEWORK@Framework@0|29)
2025-09-09 16:19:38,888 fastran_driver_fastran_driver_2 DEBUG    _get_service_response(REQUEST|fastran_000001@fastran_driver@2|FRAMEWORK@Framework@0|29), response = ServiceResponseMessage(sender_id=FRAMEWORK@Framework@0, receiver_id=fastran_000001@fastran_driver@2, request_msg_id=REQUEST|fastran_000001@fastran_driver@2|FRAMEWORK@Framework@0|29,status=0, args=(None,), message_id=RESPONSE|FRAMEWORK@Framework@0|fastran_000001@fastran_driver@2|55)
2025-09-09 16:19:38,888 fastran_driver_fastran_driver_2 DEBUG    _invoke_service(): getTopic  ('_IPS_MONITOR',)
2025-09-09 16:19:38,888 fastran_driver_fastran_driver_2 DEBUG    _get_service_response(REQUEST|fastran_000001@fastran_driver@2|FRAMEWORK@Framework@0|30)
2025-09-09 16:19:38,899 fastran_driver_fastran_driver_2 DEBUG    _get_service_response(REQUEST|fastran_000001@fastran_driver@2|FRAMEWORK@Framework@0|30), response = ServiceResponseMessage(sender_id=FRAMEWORK@Framework@0, receiver_id=fastran_000001@fastran_driver@2, request_msg_id=REQUEST|fastran_000001@fastran_driver@2|FRAMEWORK@Framework@0|30,status=0, args=(<ipsframework.cca_es_spec.Topic object at 0x7f87c63e00a0>,), message_id=RESPONSE|FRAMEWORK@Framework@0|fastran_000001@fastran_driver@2|56)
2025-09-09 16:19:38,899 fastran_driver_fastran_driver_2 DEBUG    _invoke_service(): sendEvent  ('_IPS_MONITOR', 'PORTAL_EVENT', {'sim_name': 'fastran_000001', 'real_sim_name': 'fastran_000001', 'portal_data': {'code': 'fastran_driver_fastran_driver', 'eventtype': 'IPS_CALL_BEGIN', 'ok': True, 'walltime': '10.96', 'time': '2025-09-09|16:19:38PDT', 'state': 'Running', 'comment': 'Target = fastran_000001@modeleq_constraint@6:init(0)'}})
2025-09-09 16:19:38,899 fastran_driver_fastran_driver_2 DEBUG    _get_service_response(REQUEST|fastran_000001@fastran_driver@2|FRAMEWORK@Framework@0|31)
2025-09-09 16:19:38,910 fastran_driver_fastran_driver_2 DEBUG    _get_service_response(REQUEST|fastran_000001@fastran_driver@2|FRAMEWORK@Framework@0|31), response = ServiceResponseMessage(sender_id=FRAMEWORK@Framework@0, receiver_id=fastran_000001@fastran_driver@2, request_msg_id=REQUEST|fastran_000001@fastran_driver@2|FRAMEWORK@Framework@0|31,status=0, args=(None,), message_id=RESPONSE|FRAMEWORK@Framework@0|fastran_000001@fastran_driver@2|57)
2025-09-09 16:19:38,910 fastran_driver_fastran_driver_2 DEBUG    _invoke_service(): init_call  ('init', '0')
2025-09-09 16:19:38,910 fastran_driver_fastran_driver_2 DEBUG    _get_service_response(REQUEST|fastran_000001@fastran_driver@2|FRAMEWORK@Framework@0|32)
2025-09-09 16:19:38,912 fastran__modeleq_constraint_6 DEBUG    Received Message 
2025-09-09 16:19:38,912 fastran__modeleq_constraint_6 DEBUG    Calling method init(0)
2025-09-09 16:19:38,922 fastran_driver_fastran_driver_2 DEBUG    _get_service_response(REQUEST|fastran_000001@fastran_driver@2|FRAMEWORK@Framework@0|32), response = ServiceResponseMessage(sender_id=FRAMEWORK@Framework@0, receiver_id=fastran_000001@fastran_driver@2, request_msg_id=REQUEST|fastran_000001@fastran_driver@2|FRAMEWORK@Framework@0|32,status=0, args=(14,), message_id=RESPONSE|FRAMEWORK@Framework@0|fastran_000001@fastran_driver@2|58)
2025-09-09 16:19:38,922 fastran_driver_fastran_driver_2 DEBUG    _invoke_service(): wait_call  (14, True)
2025-09-09 16:19:38,922 fastran_driver_fastran_driver_2 DEBUG    _get_service_response(REQUEST|fastran_000001@fastran_driver@2|FRAMEWORK@Framework@0|33)
2025-09-09 16:19:38,933 fastran_driver_fastran_driver_2 DEBUG    _get_service_response(REQUEST|fastran_000001@fastran_driver@2|FRAMEWORK@Framework@0|33), response = ServiceResponseMessage(sender_id=FRAMEWORK@Framework@0, receiver_id=fastran_000001@fastran_driver@2, request_msg_id=REQUEST|fastran_000001@fastran_driver@2|FRAMEWORK@Framework@0|33,status=0, args=((None,),), message_id=RESPONSE|FRAMEWORK@Framework@0|fastran_000001@fastran_driver@2|59)
2025-09-09 16:19:38,933 fastran_driver_fastran_driver_2 DEBUG    _invoke_service(): getTopic  ('_IPS_MONITOR',)
2025-09-09 16:19:38,933 fastran_driver_fastran_driver_2 DEBUG    _get_service_response(REQUEST|fastran_000001@fastran_driver@2|FRAMEWORK@Framework@0|34)
2025-09-09 16:19:38,944 fastran_driver_fastran_driver_2 DEBUG    _get_service_response(REQUEST|fastran_000001@fastran_driver@2|FRAMEWORK@Framework@0|34), response = ServiceResponseMessage(sender_id=FRAMEWORK@Framework@0, receiver_id=fastran_000001@fastran_driver@2, request_msg_id=REQUEST|fastran_000001@fastran_driver@2|FRAMEWORK@Framework@0|34,status=0, args=(<ipsframework.cca_es_spec.Topic object at 0x7f87c63e00a0>,), message_id=RESPONSE|FRAMEWORK@Framework@0|fastran_000001@fastran_driver@2|60)
2025-09-09 16:19:38,944 fastran_driver_fastran_driver_2 DEBUG    _invoke_service(): sendEvent  ('_IPS_MONITOR', 'PORTAL_EVENT', {'sim_name': 'fastran_000001', 'real_sim_name': 'fastran_000001', 'portal_data': {'code': 'fastran_driver_fastran_driver', 'eventtype': 'IPS_CALL_END', 'ok': True, 'walltime': '11.01', 'time': '2025-09-09|16:19:38PDT', 'trace': {'timestamp': 1757459978922257, 'duration': 11033, 'localEndpoint': {'serviceName': 'fastran_000001@modeleq_constraint@6'}, 'name': 'init(0)', 'id': 'f31a29740aa6d81f', 'parentId': '15e0663de819b9fa', 'tags': {}}, 'state': 'Running', 'comment': 'Target = fastran_000001@modeleq_constraint@6:init(0)'}})
2025-09-09 16:19:38,944 fastran_driver_fastran_driver_2 DEBUG    _get_service_response(REQUEST|fastran_000001@fastran_driver@2|FRAMEWORK@Framework@0|35)
2025-09-09 16:19:38,955 fastran_driver_fastran_driver_2 DEBUG    _get_service_response(REQUEST|fastran_000001@fastran_driver@2|FRAMEWORK@Framework@0|35), response = ServiceResponseMessage(sender_id=FRAMEWORK@Framework@0, receiver_id=fastran_000001@fastran_driver@2, request_msg_id=REQUEST|fastran_000001@fastran_driver@2|FRAMEWORK@Framework@0|35,status=0, args=(None,), message_id=RESPONSE|FRAMEWORK@Framework@0|fastran_000001@fastran_driver@2|61)
2025-09-09 16:19:38,955 fastran_driver_fastran_driver_2 DEBUG    _invoke_service(): getTopic  ('_IPS_MONITOR',)
2025-09-09 16:19:38,955 fastran_driver_fastran_driver_2 DEBUG    _get_service_response(REQUEST|fastran_000001@fastran_driver@2|FRAMEWORK@Framework@0|36)
2025-09-09 16:19:38,966 fastran_driver_fastran_driver_2 DEBUG    _get_service_response(REQUEST|fastran_000001@fastran_driver@2|FRAMEWORK@Framework@0|36), response = ServiceResponseMessage(sender_id=FRAMEWORK@Framework@0, receiver_id=fastran_000001@fastran_driver@2, request_msg_id=REQUEST|fastran_000001@fastran_driver@2|FRAMEWORK@Framework@0|36,status=0, args=(<ipsframework.cca_es_spec.Topic object at 0x7f87c63e00a0>,), message_id=RESPONSE|FRAMEWORK@Framework@0|fastran_000001@fastran_driver@2|62)
2025-09-09 16:19:38,966 fastran_driver_fastran_driver_2 DEBUG    _invoke_service(): sendEvent  ('_IPS_MONITOR', 'PORTAL_EVENT', {'sim_name': 'fastran_000001', 'real_sim_name': 'fastran_000001', 'portal_data': {'code': 'fastran_driver_fastran_driver', 'eventtype': 'IPS_CALL_BEGIN', 'ok': True, 'walltime': '11.03', 'time': '2025-09-09|16:19:38PDT', 'state': 'Running', 'comment': 'Target = fastran_000001@nubeam@7:init(0)'}})
2025-09-09 16:19:38,966 fastran_driver_fastran_driver_2 DEBUG    _get_service_response(REQUEST|fastran_000001@fastran_driver@2|FRAMEWORK@Framework@0|37)
2025-09-09 16:19:38,977 fastran_driver_fastran_driver_2 DEBUG    _get_service_response(REQUEST|fastran_000001@fastran_driver@2|FRAMEWORK@Framework@0|37), response = ServiceResponseMessage(sender_id=FRAMEWORK@Framework@0, receiver_id=fastran_000001@fastran_driver@2, request_msg_id=REQUEST|fastran_000001@fastran_driver@2|FRAMEWORK@Framework@0|37,status=0, args=(None,), message_id=RESPONSE|FRAMEWORK@Framework@0|fastran_000001@fastran_driver@2|63)
2025-09-09 16:19:38,977 fastran_driver_fastran_driver_2 DEBUG    _invoke_service(): init_call  ('init', '0')
2025-09-09 16:19:38,978 fastran_driver_fastran_driver_2 DEBUG    _get_service_response(REQUEST|fastran_000001@fastran_driver@2|FRAMEWORK@Framework@0|38)
2025-09-09 16:19:38,979 fastran_nb_nubeam_7 DEBUG    Received Message 
2025-09-09 16:19:38,979 fastran_nb_nubeam_7 DEBUG    Calling method init(0)
2025-09-09 16:19:38,985 fastran_nb_nubeam_7 DEBUG    _invoke_service(): getTopic  ('_IPS_MONITOR',)
2025-09-09 16:19:38,985 fastran_nb_nubeam_7 DEBUG    _get_service_response(REQUEST|fastran_000001@nubeam@7|FRAMEWORK@Framework@0|0)
2025-09-09 16:19:38,989 fastran_driver_fastran_driver_2 DEBUG    _get_service_response(REQUEST|fastran_000001@fastran_driver@2|FRAMEWORK@Framework@0|38), response = ServiceResponseMessage(sender_id=FRAMEWORK@Framework@0, receiver_id=fastran_000001@fastran_driver@2, request_msg_id=REQUEST|fastran_000001@fastran_driver@2|FRAMEWORK@Framework@0|38,status=0, args=(15,), message_id=RESPONSE|FRAMEWORK@Framework@0|fastran_000001@fastran_driver@2|64)
2025-09-09 16:19:38,989 fastran_driver_fastran_driver_2 DEBUG    _invoke_service(): wait_call  (15, True)
2025-09-09 16:19:38,989 fastran_driver_fastran_driver_2 DEBUG    _get_service_response(REQUEST|fastran_000001@fastran_driver@2|FRAMEWORK@Framework@0|39)
2025-09-09 16:19:38,997 fastran_nb_nubeam_7 DEBUG    _get_service_response(REQUEST|fastran_000001@nubeam@7|FRAMEWORK@Framework@0|0), response = ServiceResponseMessage(sender_id=FRAMEWORK@Framework@0, receiver_id=fastran_000001@nubeam@7, request_msg_id=REQUEST|fastran_000001@nubeam@7|FRAMEWORK@Framework@0|0,status=0, args=(<ipsframework.cca_es_spec.Topic object at 0x7f87c6406520>,), message_id=RESPONSE|FRAMEWORK@Framework@0|fastran_000001@nubeam@7|65)
2025-09-09 16:19:38,997 fastran_nb_nubeam_7 DEBUG    _invoke_service(): sendEvent  ('_IPS_MONITOR', 'PORTAL_EVENT', {'sim_name': 'fastran_000001', 'real_sim_name': 'fastran_000001', 'portal_data': {'code': 'fastran_nb_nubeam', 'eventtype': 'IPS_STAGE_INPUTS', 'ok': True, 'walltime': '11.06', 'time': '2025-09-09|16:19:38PDT', 'trace': {'timestamp': 1757459978979627, 'duration': 5577, 'localEndpoint': {'serviceName': 'stage_input_files'}, 'name': 'innubeam', 'id': '8c427f0b8aacb86c', 'parentId': '8d68a3a9f8735943', 'tags': {}}, 'state': 'Running', 'comment': 'Elapsed time = 0.006 Path = /pscratch/sd/b/bassem/ips/tglf-ep_32_repeat/input Files = innubeam'}})
2025-09-09 16:19:38,997 fastran_nb_nubeam_7 DEBUG    _get_service_response(REQUEST|fastran_000001@nubeam@7|FRAMEWORK@Framework@0|1)
2025-09-09 16:19:39,008 fastran_nb_nubeam_7 DEBUG    _get_service_response(REQUEST|fastran_000001@nubeam@7|FRAMEWORK@Framework@0|1), response = ServiceResponseMessage(sender_id=FRAMEWORK@Framework@0, receiver_id=fastran_000001@nubeam@7, request_msg_id=REQUEST|fastran_000001@nubeam@7|FRAMEWORK@Framework@0|1,status=0, args=(None,), message_id=RESPONSE|FRAMEWORK@Framework@0|fastran_000001@nubeam@7|66)
2025-09-09 16:19:39,008 fastran_nb_nubeam_7 DEBUG    _invoke_service(): stage_state  (['s000001.00001', 'g000001.00001', 'i000001.00001', 'b000001.00001'], '/pscratch/sd/b/bassem/ips/tglf-ep_32_repeat/SCAN/work/plasma_state', '/pscratch/sd/b/bassem/ips/tglf-ep_32_repeat/SCAN/work/fastran_nb_nubeam_7')
2025-09-09 16:19:39,008 fastran_nb_nubeam_7 DEBUG    _get_service_response(REQUEST|fastran_000001@nubeam@7|FRAMEWORK@Framework@0|2)
2025-09-09 16:19:39,029 fastran_nb_nubeam_7 DEBUG    _get_service_response(REQUEST|fastran_000001@nubeam@7|FRAMEWORK@Framework@0|2), response = ServiceResponseMessage(sender_id=FRAMEWORK@Framework@0, receiver_id=fastran_000001@nubeam@7, request_msg_id=REQUEST|fastran_000001@nubeam@7|FRAMEWORK@Framework@0|2,status=0, args=(0,), message_id=RESPONSE|FRAMEWORK@Framework@0|fastran_000001@nubeam@7|67)
2025-09-09 16:19:39,029 fastran_nb_nubeam_7 DEBUG    _invoke_service(): getTopic  ('_IPS_MONITOR',)
2025-09-09 16:19:39,030 fastran_nb_nubeam_7 DEBUG    _get_service_response(REQUEST|fastran_000001@nubeam@7|FRAMEWORK@Framework@0|3)
2025-09-09 16:19:39,040 fastran_nb_nubeam_7 DEBUG    _get_service_response(REQUEST|fastran_000001@nubeam@7|FRAMEWORK@Framework@0|3), response = ServiceResponseMessage(sender_id=FRAMEWORK@Framework@0, receiver_id=fastran_000001@nubeam@7, request_msg_id=REQUEST|fastran_000001@nubeam@7|FRAMEWORK@Framework@0|3,status=0, args=(<ipsframework.cca_es_spec.Topic object at 0x7f87c64065b0>,), message_id=RESPONSE|FRAMEWORK@Framework@0|fastran_000001@nubeam@7|68)
2025-09-09 16:19:39,040 fastran_nb_nubeam_7 DEBUG    _invoke_service(): sendEvent  ('_IPS_MONITOR', 'PORTAL_EVENT', {'sim_name': 'fastran_000001', 'real_sim_name': 'fastran_000001', 'portal_data': {'code': 'fastran_nb_nubeam', 'eventtype': 'IPS_STAGE_STATE', 'ok': True, 'walltime': '11.11', 'time': '2025-09-09|16:19:39PDT', 'trace': {'timestamp': 1757459979008487, 'duration': 21436, 'localEndpoint': {'serviceName': 'stage_state'}, 'name': "['s000001.00001', 'g000001.00001', 'i000001.00001', 'b000001.00001']", 'id': 'ff3119918b5e7670', 'parentId': '8d68a3a9f8735943', 'tags': {}}, 'state': 'Running', 'comment': 'Elapsed time = 0.021  files = s000001.00001 g000001.00001 i000001.00001 b000001.00001 Success'}})
2025-09-09 16:19:39,040 fastran_nb_nubeam_7 DEBUG    _get_service_response(REQUEST|fastran_000001@nubeam@7|FRAMEWORK@Framework@0|4)
2025-09-09 16:19:39,051 fastran_nb_nubeam_7 DEBUG    _get_service_response(REQUEST|fastran_000001@nubeam@7|FRAMEWORK@Framework@0|4), response = ServiceResponseMessage(sender_id=FRAMEWORK@Framework@0, receiver_id=fastran_000001@nubeam@7, request_msg_id=REQUEST|fastran_000001@nubeam@7|FRAMEWORK@Framework@0|4,status=0, args=(None,), message_id=RESPONSE|FRAMEWORK@Framework@0|fastran_000001@nubeam@7|69)
2025-09-09 16:19:39,544 fastran_nb_nubeam_7 DEBUG    _invoke_service(): update_state  (['s000001.00001', 'g000001.00001', 'i000001.00001', 'b000001.00001'], '/pscratch/sd/b/bassem/ips/tglf-ep_32_repeat/SCAN/work/fastran_nb_nubeam_7', '/pscratch/sd/b/bassem/ips/tglf-ep_32_repeat/SCAN/work/plasma_state')
2025-09-09 16:19:39,544 fastran_nb_nubeam_7 DEBUG    _get_service_response(REQUEST|fastran_000001@nubeam@7|FRAMEWORK@Framework@0|5)
2025-09-09 16:19:39,566 fastran_nb_nubeam_7 DEBUG    _get_service_response(REQUEST|fastran_000001@nubeam@7|FRAMEWORK@Framework@0|5), response = ServiceResponseMessage(sender_id=FRAMEWORK@Framework@0, receiver_id=fastran_000001@nubeam@7, request_msg_id=REQUEST|fastran_000001@nubeam@7|FRAMEWORK@Framework@0|5,status=0, args=(0,), message_id=RESPONSE|FRAMEWORK@Framework@0|fastran_000001@nubeam@7|71)
2025-09-09 16:19:39,566 fastran_nb_nubeam_7 DEBUG    _invoke_service(): getTopic  ('_IPS_MONITOR',)
2025-09-09 16:19:39,566 fastran_nb_nubeam_7 DEBUG    _get_service_response(REQUEST|fastran_000001@nubeam@7|FRAMEWORK@Framework@0|6)
2025-09-09 16:19:39,577 fastran_nb_nubeam_7 DEBUG    _get_service_response(REQUEST|fastran_000001@nubeam@7|FRAMEWORK@Framework@0|6), response = ServiceResponseMessage(sender_id=FRAMEWORK@Framework@0, receiver_id=fastran_000001@nubeam@7, request_msg_id=REQUEST|fastran_000001@nubeam@7|FRAMEWORK@Framework@0|6,status=0, args=(<ipsframework.cca_es_spec.Topic object at 0x7f87c6406d00>,), message_id=RESPONSE|FRAMEWORK@Framework@0|fastran_000001@nubeam@7|72)
2025-09-09 16:19:39,577 fastran_nb_nubeam_7 DEBUG    _invoke_service(): sendEvent  ('_IPS_MONITOR', 'PORTAL_EVENT', {'sim_name': 'fastran_000001', 'real_sim_name': 'fastran_000001', 'portal_data': {'code': 'fastran_nb_nubeam', 'eventtype': 'IPS_UPDATE_STATE', 'ok': True, 'walltime': '11.64', 'time': '2025-09-09|16:19:39PDT', 'trace': {'timestamp': 1757459979544326, 'duration': 22480, 'localEndpoint': {'serviceName': 'update_state'}, 'name': "['s000001.00001', 'g000001.00001', 'i000001.00001', 'b000001.00001']", 'id': '2fc1229e1e650f1c', 'parentId': '8d68a3a9f8735943', 'tags': {}}, 'state': 'Running', 'comment': 'Elapsed time = 0.022   files = s000001.00001 g000001.00001 i000001.00001 b000001.00001 Success'}})
2025-09-09 16:19:39,577 fastran_nb_nubeam_7 DEBUG    _get_service_response(REQUEST|fastran_000001@nubeam@7|FRAMEWORK@Framework@0|7)
2025-09-09 16:19:39,588 fastran_nb_nubeam_7 DEBUG    _get_service_response(REQUEST|fastran_000001@nubeam@7|FRAMEWORK@Framework@0|7), response = ServiceResponseMessage(sender_id=FRAMEWORK@Framework@0, receiver_id=fastran_000001@nubeam@7, request_msg_id=REQUEST|fastran_000001@nubeam@7|FRAMEWORK@Framework@0|7,status=0, args=(None,), message_id=RESPONSE|FRAMEWORK@Framework@0|fastran_000001@nubeam@7|73)
2025-09-09 16:19:39,593 fastran_nb_nubeam_7 DEBUG    _invoke_service(): stage_state  (['s000001.00001', 'g000001.00001', 'i000001.00001', 'b000001.00001'], '/pscratch/sd/b/bassem/ips/tglf-ep_32_repeat/SCAN/work/plasma_state', '/pscratch/sd/b/bassem/ips/tglf-ep_32_repeat/SCAN/work/fastran_nb_nubeam_7')
2025-09-09 16:19:39,593 fastran_nb_nubeam_7 DEBUG    _get_service_response(REQUEST|fastran_000001@nubeam@7|FRAMEWORK@Framework@0|8)
2025-09-09 16:19:39,616 fastran_nb_nubeam_7 DEBUG    _get_service_response(REQUEST|fastran_000001@nubeam@7|FRAMEWORK@Framework@0|8), response = ServiceResponseMessage(sender_id=FRAMEWORK@Framework@0, receiver_id=fastran_000001@nubeam@7, request_msg_id=REQUEST|fastran_000001@nubeam@7|FRAMEWORK@Framework@0|8,status=0, args=(0,), message_id=RESPONSE|FRAMEWORK@Framework@0|fastran_000001@nubeam@7|74)
2025-09-09 16:19:39,616 fastran_nb_nubeam_7 DEBUG    _invoke_service(): getTopic  ('_IPS_MONITOR',)
2025-09-09 16:19:39,616 fastran_nb_nubeam_7 DEBUG    _get_service_response(REQUEST|fastran_000001@nubeam@7|FRAMEWORK@Framework@0|9)
2025-09-09 16:19:39,626 fastran_nb_nubeam_7 DEBUG    _get_service_response(REQUEST|fastran_000001@nubeam@7|FRAMEWORK@Framework@0|9), response = ServiceResponseMessage(sender_id=FRAMEWORK@Framework@0, receiver_id=fastran_000001@nubeam@7, request_msg_id=REQUEST|fastran_000001@nubeam@7|FRAMEWORK@Framework@0|9,status=0, args=(<ipsframework.cca_es_spec.Topic object at 0x7f87c6406df0>,), message_id=RESPONSE|FRAMEWORK@Framework@0|fastran_000001@nubeam@7|75)
2025-09-09 16:19:39,626 fastran_nb_nubeam_7 DEBUG    _invoke_service(): sendEvent  ('_IPS_MONITOR', 'PORTAL_EVENT', {'sim_name': 'fastran_000001', 'real_sim_name': 'fastran_000001', 'portal_data': {'code': 'fastran_nb_nubeam', 'eventtype': 'IPS_STAGE_STATE', 'ok': True, 'walltime': '11.69', 'time': '2025-09-09|16:19:39PDT', 'trace': {'timestamp': 1757459979593525, 'duration': 22589, 'localEndpoint': {'serviceName': 'stage_state'}, 'name': "['s000001.00001', 'g000001.00001', 'i000001.00001', 'b000001.00001']", 'id': 'ff3119918b5e7670', 'parentId': '8d68a3a9f8735943', 'tags': {}}, 'state': 'Running', 'comment': 'Elapsed time = 0.023  files = s000001.00001 g000001.00001 i000001.00001 b000001.00001 Success'}})
2025-09-09 16:19:39,626 fastran_nb_nubeam_7 DEBUG    _get_service_response(REQUEST|fastran_000001@nubeam@7|FRAMEWORK@Framework@0|10)
2025-09-09 16:19:39,637 fastran_nb_nubeam_7 DEBUG    _get_service_response(REQUEST|fastran_000001@nubeam@7|FRAMEWORK@Framework@0|10), response = ServiceResponseMessage(sender_id=FRAMEWORK@Framework@0, receiver_id=fastran_000001@nubeam@7, request_msg_id=REQUEST|fastran_000001@nubeam@7|FRAMEWORK@Framework@0|10,status=0, args=(None,), message_id=RESPONSE|FRAMEWORK@Framework@0|fastran_000001@nubeam@7|76)
2025-09-09 16:19:39,644 fastran_nb_nubeam_7 DEBUG    _invoke_service(): init_task  (TaskInit(nproc=1, binary='/global/common/software/atom/perlmutter/binaries/nubeam/default/mpi_nubeam_comp_exec', working_dir='/pscratch/sd/b/bassem/ips/tglf-ep_32_repeat/SCAN/work/fastran_nb_nubeam_7', tppn=0, tcpp=0, tgpp=0, block=True, omp=False, wnodes=True, wsocks=True, cmd_args=()),)
2025-09-09 16:19:39,644 fastran_nb_nubeam_7 DEBUG    _get_service_response(REQUEST|fastran_000001@nubeam@7|FRAMEWORK@Framework@0|11)
2025-09-09 16:19:39,655 fastran_nb_nubeam_7 DEBUG    _get_service_response(REQUEST|fastran_000001@nubeam@7|FRAMEWORK@Framework@0|11), response = ServiceResponseMessage(sender_id=FRAMEWORK@Framework@0, receiver_id=fastran_000001@nubeam@7, request_msg_id=REQUEST|fastran_000001@nubeam@7|FRAMEWORK@Framework@0|11,status=0, args=((1, 'srun -N 1 -n 1 -c 128 --threads-per-core=1 --cpu-bind=cores /global/common/software/atom/perlmutter/binaries/nubeam/default/mpi_nubeam_comp_exec ', None, 128),), message_id=RESPONSE|FRAMEWORK@Framework@0|fastran_000001@nubeam@7|77)
2025-09-09 16:19:39,656 fastran_nb_nubeam_7 DEBUG    Launching command : srun -N 1 -n 1 -c 128 --threads-per-core=1 --cpu-bind=cores /global/common/software/atom/perlmutter/binaries/nubeam/default/mpi_nubeam_comp_exec 
2025-09-09 16:19:39,680 fastran_nb_nubeam_7 DEBUG    _invoke_service(): getTopic  ('_IPS_MONITOR',)
2025-09-09 16:19:39,681 fastran_nb_nubeam_7 DEBUG    _get_service_response(REQUEST|fastran_000001@nubeam@7|FRAMEWORK@Framework@0|12)
2025-09-09 16:19:39,692 fastran_nb_nubeam_7 DEBUG    _get_service_response(REQUEST|fastran_000001@nubeam@7|FRAMEWORK@Framework@0|12), response = ServiceResponseMessage(sender_id=FRAMEWORK@Framework@0, receiver_id=fastran_000001@nubeam@7, request_msg_id=REQUEST|fastran_000001@nubeam@7|FRAMEWORK@Framework@0|12,status=0, args=(<ipsframework.cca_es_spec.Topic object at 0x7f87c63a41f0>,), message_id=RESPONSE|FRAMEWORK@Framework@0|fastran_000001@nubeam@7|78)
2025-09-09 16:19:39,692 fastran_nb_nubeam_7 DEBUG    _invoke_service(): sendEvent  ('_IPS_MONITOR', 'PORTAL_EVENT', {'sim_name': 'fastran_000001', 'real_sim_name': 'fastran_000001', 'portal_data': {'code': 'fastran_nb_nubeam', 'eventtype': 'IPS_LAUNCH_TASK', 'ok': True, 'walltime': '11.76', 'time': '2025-09-09|16:19:39PDT', 'state': 'Running', 'comment': 'task_id = 1 , Tag = None , nproc = 1 , Target = srun -N 1 -n 1 -c 128 --threads-per-core=1 --cpu-bind=cores /global/common/software/atom/perlmutter/binaries/nubeam/default/mpi_nubeam_comp_exec '}})
2025-09-09 16:19:39,692 fastran_nb_nubeam_7 DEBUG    _get_service_response(REQUEST|fastran_000001@nubeam@7|FRAMEWORK@Framework@0|13)
2025-09-09 16:19:39,702 fastran_nb_nubeam_7 DEBUG    _get_service_response(REQUEST|fastran_000001@nubeam@7|FRAMEWORK@Framework@0|13), response = ServiceResponseMessage(sender_id=FRAMEWORK@Framework@0, receiver_id=fastran_000001@nubeam@7, request_msg_id=REQUEST|fastran_000001@nubeam@7|FRAMEWORK@Framework@0|13,status=0, args=(None,), message_id=RESPONSE|FRAMEWORK@Framework@0|fastran_000001@nubeam@7|79)
2025-09-09 16:19:41,289 fastran_nb_nubeam_7 DEBUG    _invoke_service(): getTopic  ('_IPS_MONITOR',)
2025-09-09 16:19:41,289 fastran_nb_nubeam_7 DEBUG    _get_service_response(REQUEST|fastran_000001@nubeam@7|FRAMEWORK@Framework@0|14)
2025-09-09 16:19:41,300 fastran_nb_nubeam_7 DEBUG    _get_service_response(REQUEST|fastran_000001@nubeam@7|FRAMEWORK@Framework@0|14), response = ServiceResponseMessage(sender_id=FRAMEWORK@Framework@0, receiver_id=fastran_000001@nubeam@7, request_msg_id=REQUEST|fastran_000001@nubeam@7|FRAMEWORK@Framework@0|14,status=0, args=(<ipsframework.cca_es_spec.Topic object at 0x7f87c63a4040>,), message_id=RESPONSE|FRAMEWORK@Framework@0|fastran_000001@nubeam@7|83)
2025-09-09 16:19:41,300 fastran_nb_nubeam_7 DEBUG    _invoke_service(): sendEvent  ('_IPS_MONITOR', 'PORTAL_EVENT', {'sim_name': 'fastran_000001', 'real_sim_name': 'fastran_000001', 'portal_data': {'code': 'fastran_nb_nubeam', 'eventtype': 'IPS_TASK_END', 'ok': True, 'walltime': '13.37', 'time': '2025-09-09|16:19:41PDT', 'trace': {'timestamp': 1757459979680588, 'duration': 1608783, 'localEndpoint': {'serviceName': '/global/common/software/atom/perlmutter/binaries/nubeam/default/mpi_nubeam_comp_exec'}, 'name': '', 'id': 'b7e242273824cc88', 'parentId': '8d68a3a9f8735943', 'tags': {'procs_requested': '1', 'cores_allocated': '128'}}, 'state': 'Running', 'comment': 'task_id = 1  elapsed time = 1.61 S'}})
2025-09-09 16:19:41,300 fastran_nb_nubeam_7 DEBUG    _get_service_response(REQUEST|fastran_000001@nubeam@7|FRAMEWORK@Framework@0|15)
2025-09-09 16:19:41,311 fastran_nb_nubeam_7 DEBUG    _get_service_response(REQUEST|fastran_000001@nubeam@7|FRAMEWORK@Framework@0|15), response = ServiceResponseMessage(sender_id=FRAMEWORK@Framework@0, receiver_id=fastran_000001@nubeam@7, request_msg_id=REQUEST|fastran_000001@nubeam@7|FRAMEWORK@Framework@0|15,status=0, args=(None,), message_id=RESPONSE|FRAMEWORK@Framework@0|fastran_000001@nubeam@7|84)
2025-09-09 16:19:41,311 fastran_nb_nubeam_7 DEBUG    _invoke_service(): finish_task  (1, 0)
2025-09-09 16:19:41,312 fastran_nb_nubeam_7 DEBUG    _get_service_response(REQUEST|fastran_000001@nubeam@7|FRAMEWORK@Framework@0|16)
2025-09-09 16:19:41,323 fastran_nb_nubeam_7 DEBUG    _get_service_response(REQUEST|fastran_000001@nubeam@7|FRAMEWORK@Framework@0|16), response = ServiceResponseMessage(sender_id=FRAMEWORK@Framework@0, receiver_id=fastran_000001@nubeam@7, request_msg_id=REQUEST|fastran_000001@nubeam@7|FRAMEWORK@Framework@0|16,status=0, args=(0,), message_id=RESPONSE|FRAMEWORK@Framework@0|fastran_000001@nubeam@7|85)
2025-09-09 16:19:41,335 fastran_driver_fastran_driver_2 DEBUG    _get_service_response(REQUEST|fastran_000001@fastran_driver@2|FRAMEWORK@Framework@0|39), response = ServiceResponseMessage(sender_id=FRAMEWORK@Framework@0, receiver_id=fastran_000001@fastran_driver@2, request_msg_id=REQUEST|fastran_000001@fastran_driver@2|FRAMEWORK@Framework@0|39,status=0, args=((None,),), message_id=RESPONSE|FRAMEWORK@Framework@0|fastran_000001@fastran_driver@2|86)
2025-09-09 16:19:41,335 fastran_driver_fastran_driver_2 DEBUG    _invoke_service(): getTopic  ('_IPS_MONITOR',)
2025-09-09 16:19:41,335 fastran_driver_fastran_driver_2 DEBUG    _get_service_response(REQUEST|fastran_000001@fastran_driver@2|FRAMEWORK@Framework@0|40)
2025-09-09 16:19:41,346 fastran_driver_fastran_driver_2 DEBUG    _get_service_response(REQUEST|fastran_000001@fastran_driver@2|FRAMEWORK@Framework@0|40), response = ServiceResponseMessage(sender_id=FRAMEWORK@Framework@0, receiver_id=fastran_000001@fastran_driver@2, request_msg_id=REQUEST|fastran_000001@fastran_driver@2|FRAMEWORK@Framework@0|40,status=0, args=(<ipsframework.cca_es_spec.Topic object at 0x7f87c63e00a0>,), message_id=RESPONSE|FRAMEWORK@Framework@0|fastran_000001@fastran_driver@2|88)
2025-09-09 16:19:41,346 fastran_driver_fastran_driver_2 DEBUG    _invoke_service(): sendEvent  ('_IPS_MONITOR', 'PORTAL_EVENT', {'sim_name': 'fastran_000001', 'real_sim_name': 'fastran_000001', 'portal_data': {'code': 'fastran_driver_fastran_driver', 'eventtype': 'IPS_CALL_END', 'ok': True, 'walltime': '13.41', 'time': '2025-09-09|16:19:41PDT', 'trace': {'timestamp': 1757459978989368, 'duration': 2345760, 'localEndpoint': {'serviceName': 'fastran_000001@nubeam@7'}, 'name': 'init(0)', 'id': '8d68a3a9f8735943', 'parentId': '15e0663de819b9fa', 'tags': {}}, 'state': 'Running', 'comment': 'Target = fastran_000001@nubeam@7:init(0)'}})
2025-09-09 16:19:41,346 fastran_driver_fastran_driver_2 DEBUG    _get_service_response(REQUEST|fastran_000001@fastran_driver@2|FRAMEWORK@Framework@0|41)
2025-09-09 16:19:41,357 fastran_driver_fastran_driver_2 DEBUG    _get_service_response(REQUEST|fastran_000001@fastran_driver@2|FRAMEWORK@Framework@0|41), response = ServiceResponseMessage(sender_id=FRAMEWORK@Framework@0, receiver_id=fastran_000001@fastran_driver@2, request_msg_id=REQUEST|fastran_000001@fastran_driver@2|FRAMEWORK@Framework@0|41,status=0, args=(None,), message_id=RESPONSE|FRAMEWORK@Framework@0|fastran_000001@fastran_driver@2|89)
2025-09-09 16:19:41,357 fastran_driver_fastran_driver_2 DEBUG    _invoke_service(): getTopic  ('_IPS_MONITOR',)
2025-09-09 16:19:41,357 fastran_driver_fastran_driver_2 DEBUG    _get_service_response(REQUEST|fastran_000001@fastran_driver@2|FRAMEWORK@Framework@0|42)
2025-09-09 16:19:41,368 fastran_driver_fastran_driver_2 DEBUG    _get_service_response(REQUEST|fastran_000001@fastran_driver@2|FRAMEWORK@Framework@0|42), response = ServiceResponseMessage(sender_id=FRAMEWORK@Framework@0, receiver_id=fastran_000001@fastran_driver@2, request_msg_id=REQUEST|fastran_000001@fastran_driver@2|FRAMEWORK@Framework@0|42,status=0, args=(<ipsframework.cca_es_spec.Topic object at 0x7f87c63e00a0>,), message_id=RESPONSE|FRAMEWORK@Framework@0|fastran_000001@fastran_driver@2|90)
2025-09-09 16:19:41,368 fastran_driver_fastran_driver_2 DEBUG    _invoke_service(): sendEvent  ('_IPS_MONITOR', 'PORTAL_EVENT', {'sim_name': 'fastran_000001', 'real_sim_name': 'fastran_000001', 'portal_data': {'code': 'fastran_driver_fastran_driver', 'eventtype': 'IPS_CALL_BEGIN', 'ok': True, 'walltime': '13.43', 'time': '2025-09-09|16:19:41PDT', 'state': 'Running', 'comment': 'Target = fastran_000001@tglfep@8:init(0)'}})
2025-09-09 16:19:41,368 fastran_driver_fastran_driver_2 DEBUG    _get_service_response(REQUEST|fastran_000001@fastran_driver@2|FRAMEWORK@Framework@0|43)
2025-09-09 16:19:41,379 fastran_driver_fastran_driver_2 DEBUG    _get_service_response(REQUEST|fastran_000001@fastran_driver@2|FRAMEWORK@Framework@0|43), response = ServiceResponseMessage(sender_id=FRAMEWORK@Framework@0, receiver_id=fastran_000001@fastran_driver@2, request_msg_id=REQUEST|fastran_000001@fastran_driver@2|FRAMEWORK@Framework@0|43,status=0, args=(None,), message_id=RESPONSE|FRAMEWORK@Framework@0|fastran_000001@fastran_driver@2|91)
2025-09-09 16:19:41,379 fastran_driver_fastran_driver_2 DEBUG    _invoke_service(): init_call  ('init', '0')
2025-09-09 16:19:41,379 fastran_driver_fastran_driver_2 DEBUG    _get_service_response(REQUEST|fastran_000001@fastran_driver@2|FRAMEWORK@Framework@0|44)
2025-09-09 16:19:41,380 fastran_ep_tglfep_8 DEBUG    Received Message 
2025-09-09 16:19:41,381 fastran_ep_tglfep_8 DEBUG    Calling method init(0)
2025-09-09 16:19:41,391 fastran_driver_fastran_driver_2 DEBUG    _get_service_response(REQUEST|fastran_000001@fastran_driver@2|FRAMEWORK@Framework@0|44), response = ServiceResponseMessage(sender_id=FRAMEWORK@Framework@0, receiver_id=fastran_000001@fastran_driver@2, request_msg_id=REQUEST|fastran_000001@fastran_driver@2|FRAMEWORK@Framework@0|44,status=0, args=(16,), message_id=RESPONSE|FRAMEWORK@Framework@0|fastran_000001@fastran_driver@2|92)
2025-09-09 16:19:41,391 fastran_driver_fastran_driver_2 DEBUG    _invoke_service(): wait_call  (16, True)
2025-09-09 16:19:41,391 fastran_driver_fastran_driver_2 DEBUG    _get_service_response(REQUEST|fastran_000001@fastran_driver@2|FRAMEWORK@Framework@0|45)
2025-09-09 16:19:41,401 fastran_driver_fastran_driver_2 DEBUG    _get_service_response(REQUEST|fastran_000001@fastran_driver@2|FRAMEWORK@Framework@0|45), response = ServiceResponseMessage(sender_id=FRAMEWORK@Framework@0, receiver_id=fastran_000001@fastran_driver@2, request_msg_id=REQUEST|fastran_000001@fastran_driver@2|FRAMEWORK@Framework@0|45,status=0, args=((None,),), message_id=RESPONSE|FRAMEWORK@Framework@0|fastran_000001@fastran_driver@2|93)
2025-09-09 16:19:41,401 fastran_driver_fastran_driver_2 DEBUG    _invoke_service(): getTopic  ('_IPS_MONITOR',)
2025-09-09 16:19:41,402 fastran_driver_fastran_driver_2 DEBUG    _get_service_response(REQUEST|fastran_000001@fastran_driver@2|FRAMEWORK@Framework@0|46)
2025-09-09 16:19:41,412 fastran_driver_fastran_driver_2 DEBUG    _get_service_response(REQUEST|fastran_000001@fastran_driver@2|FRAMEWORK@Framework@0|46), response = ServiceResponseMessage(sender_id=FRAMEWORK@Framework@0, receiver_id=fastran_000001@fastran_driver@2, request_msg_id=REQUEST|fastran_000001@fastran_driver@2|FRAMEWORK@Framework@0|46,status=0, args=(<ipsframework.cca_es_spec.Topic object at 0x7f87c63e00a0>,), message_id=RESPONSE|FRAMEWORK@Framework@0|fastran_000001@fastran_driver@2|94)
2025-09-09 16:19:41,412 fastran_driver_fastran_driver_2 DEBUG    _invoke_service(): sendEvent  ('_IPS_MONITOR', 'PORTAL_EVENT', {'sim_name': 'fastran_000001', 'real_sim_name': 'fastran_000001', 'portal_data': {'code': 'fastran_driver_fastran_driver', 'eventtype': 'IPS_CALL_END', 'ok': True, 'walltime': '13.48', 'time': '2025-09-09|16:19:41PDT', 'trace': {'timestamp': 1757459981391092, 'duration': 10834, 'localEndpoint': {'serviceName': 'fastran_000001@tglfep@8'}, 'name': 'init(0)', 'id': '054d7be71c3bf458', 'parentId': '15e0663de819b9fa', 'tags': {}}, 'state': 'Running', 'comment': 'Target = fastran_000001@tglfep@8:init(0)'}})
2025-09-09 16:19:41,413 fastran_driver_fastran_driver_2 DEBUG    _get_service_response(REQUEST|fastran_000001@fastran_driver@2|FRAMEWORK@Framework@0|47)
2025-09-09 16:19:41,423 fastran_driver_fastran_driver_2 DEBUG    _get_service_response(REQUEST|fastran_000001@fastran_driver@2|FRAMEWORK@Framework@0|47), response = ServiceResponseMessage(sender_id=FRAMEWORK@Framework@0, receiver_id=fastran_000001@fastran_driver@2, request_msg_id=REQUEST|fastran_000001@fastran_driver@2|FRAMEWORK@Framework@0|47,status=0, args=(None,), message_id=RESPONSE|FRAMEWORK@Framework@0|fastran_000001@fastran_driver@2|95)
2025-09-09 16:19:41,424 fastran_driver_fastran_driver_2 DEBUG    _invoke_service(): stage_state  (['s000001.00001', 'g000001.00001', 'i000001.00001', 'b000001.00001'], '/pscratch/sd/b/bassem/ips/tglf-ep_32_repeat/SCAN/work/plasma_state', '/pscratch/sd/b/bassem/ips/tglf-ep_32_repeat/SCAN/work/fastran_driver_fastran_driver_2')
2025-09-09 16:19:41,424 fastran_driver_fastran_driver_2 DEBUG    _get_service_response(REQUEST|fastran_000001@fastran_driver@2|FRAMEWORK@Framework@0|48)
2025-09-09 16:19:41,446 fastran_driver_fastran_driver_2 DEBUG    _get_service_response(REQUEST|fastran_000001@fastran_driver@2|FRAMEWORK@Framework@0|48), response = ServiceResponseMessage(sender_id=FRAMEWORK@Framework@0, receiver_id=fastran_000001@fastran_driver@2, request_msg_id=REQUEST|fastran_000001@fastran_driver@2|FRAMEWORK@Framework@0|48,status=0, args=(0,), message_id=RESPONSE|FRAMEWORK@Framework@0|fastran_000001@fastran_driver@2|96)
2025-09-09 16:19:41,446 fastran_driver_fastran_driver_2 DEBUG    _invoke_service(): getTopic  ('_IPS_MONITOR',)
2025-09-09 16:19:41,446 fastran_driver_fastran_driver_2 DEBUG    _get_service_response(REQUEST|fastran_000001@fastran_driver@2|FRAMEWORK@Framework@0|49)
2025-09-09 16:19:41,456 fastran_driver_fastran_driver_2 DEBUG    _get_service_response(REQUEST|fastran_000001@fastran_driver@2|FRAMEWORK@Framework@0|49), response = ServiceResponseMessage(sender_id=FRAMEWORK@Framework@0, receiver_id=fastran_000001@fastran_driver@2, request_msg_id=REQUEST|fastran_000001@fastran_driver@2|FRAMEWORK@Framework@0|49,status=0, args=(<ipsframework.cca_es_spec.Topic object at 0x7f87c63e0190>,), message_id=RESPONSE|FRAMEWORK@Framework@0|fastran_000001@fastran_driver@2|97)
2025-09-09 16:19:41,457 fastran_driver_fastran_driver_2 DEBUG    _invoke_service(): sendEvent  ('_IPS_MONITOR', 'PORTAL_EVENT', {'sim_name': 'fastran_000001', 'real_sim_name': 'fastran_000001', 'portal_data': {'code': 'fastran_driver_fastran_driver', 'eventtype': 'IPS_STAGE_STATE', 'ok': True, 'walltime': '13.52', 'time': '2025-09-09|16:19:41PDT', 'trace': {'timestamp': 1757459981424053, 'duration': 22098, 'localEndpoint': {'serviceName': 'stage_state'}, 'name': "['s000001.00001', 'g000001.00001', 'i000001.00001', 'b000001.00001']", 'id': 'ff3119918b5e7670', 'parentId': '15e0663de819b9fa', 'tags': {}}, 'state': 'Running', 'comment': 'Elapsed time = 0.022  files = s000001.00001 g000001.00001 i000001.00001 b000001.00001 Success'}})
2025-09-09 16:19:41,457 fastran_driver_fastran_driver_2 DEBUG    _get_service_response(REQUEST|fastran_000001@fastran_driver@2|FRAMEWORK@Framework@0|50)
2025-09-09 16:19:41,467 fastran_driver_fastran_driver_2 DEBUG    _get_service_response(REQUEST|fastran_000001@fastran_driver@2|FRAMEWORK@Framework@0|50), response = ServiceResponseMessage(sender_id=FRAMEWORK@Framework@0, receiver_id=fastran_000001@fastran_driver@2, request_msg_id=REQUEST|fastran_000001@fastran_driver@2|FRAMEWORK@Framework@0|50,status=0, args=(None,), message_id=RESPONSE|FRAMEWORK@Framework@0|fastran_000001@fastran_driver@2|98)
2025-09-09 16:19:41,469 fastran_driver_fastran_driver_2 DEBUG    _invoke_service(): getTopic  ('_IPS_MONITOR',)
2025-09-09 16:19:41,469 fastran_driver_fastran_driver_2 DEBUG    _get_service_response(REQUEST|fastran_000001@fastran_driver@2|FRAMEWORK@Framework@0|51)
2025-09-09 16:19:41,480 fastran_driver_fastran_driver_2 DEBUG    _get_service_response(REQUEST|fastran_000001@fastran_driver@2|FRAMEWORK@Framework@0|51), response = ServiceResponseMessage(sender_id=FRAMEWORK@Framework@0, receiver_id=fastran_000001@fastran_driver@2, request_msg_id=REQUEST|fastran_000001@fastran_driver@2|FRAMEWORK@Framework@0|51,status=0, args=(<ipsframework.cca_es_spec.Topic object at 0x7f87c63e0220>,), message_id=RESPONSE|FRAMEWORK@Framework@0|fastran_000001@fastran_driver@2|99)
2025-09-09 16:19:41,480 fastran_driver_fastran_driver_2 DEBUG    _invoke_service(): sendEvent  ('_IPS_MONITOR', 'PORTAL_EVENT', {'sim_name': 'fastran_000001', 'real_sim_name': 'fastran_000001', 'portal_data': {'code': 'fastran_driver_fastran_driver', 'eventtype': 'IPS_STAGE_OUTPUTS', 'ok': True, 'walltime': '13.55', 'time': '2025-09-09|16:19:41PDT', 'trace': {'timestamp': 1757459981467971, 'duration': 1451, 'localEndpoint': {'serviceName': 'stage_output_files'}, 'name': '[]', 'id': 'ed019efe11be26d9', 'parentId': '15e0663de819b9fa', 'tags': {}}, 'state': 'Running', 'comment': 'Elapsed time = 0.001 Path = /pscratch/sd/b/bassem/ips/tglf-ep_32_repeat/SCAN/simulation_results/0/components/fastran_driver_fastran_driver_2 Files = []'}})
2025-09-09 16:19:41,480 fastran_driver_fastran_driver_2 DEBUG    _get_service_response(REQUEST|fastran_000001@fastran_driver@2|FRAMEWORK@Framework@0|52)
2025-09-09 16:19:41,491 fastran_driver_fastran_driver_2 DEBUG    _get_service_response(REQUEST|fastran_000001@fastran_driver@2|FRAMEWORK@Framework@0|52), response = ServiceResponseMessage(sender_id=FRAMEWORK@Framework@0, receiver_id=fastran_000001@fastran_driver@2, request_msg_id=REQUEST|fastran_000001@fastran_driver@2|FRAMEWORK@Framework@0|52,status=0, args=(None,), message_id=RESPONSE|FRAMEWORK@Framework@0|fastran_000001@fastran_driver@2|100)
2025-09-09 16:19:41,491 fastran_driver_fastran_driver_2 DEBUG    _invoke_service(): getTopic  ('_IPS_MONITOR',)
2025-09-09 16:19:41,491 fastran_driver_fastran_driver_2 DEBUG    _get_service_response(REQUEST|fastran_000001@fastran_driver@2|FRAMEWORK@Framework@0|53)
2025-09-09 16:19:41,502 fastran_driver_fastran_driver_2 DEBUG    _get_service_response(REQUEST|fastran_000001@fastran_driver@2|FRAMEWORK@Framework@0|53), response = ServiceResponseMessage(sender_id=FRAMEWORK@Framework@0, receiver_id=fastran_000001@fastran_driver@2, request_msg_id=REQUEST|fastran_000001@fastran_driver@2|FRAMEWORK@Framework@0|53,status=0, args=(<ipsframework.cca_es_spec.Topic object at 0x7f87c63e01c0>,), message_id=RESPONSE|FRAMEWORK@Framework@0|fastran_000001@fastran_driver@2|101)
2025-09-09 16:19:41,502 fastran_driver_fastran_driver_2 DEBUG    _invoke_service(): sendEvent  ('_IPS_MONITOR', 'PORTALBRIDGE_UPDATE_TIMESTAMP', {'sim_name': 'fastran_000001', 'real_sim_name': 'fastran_000001', 'portal_data': {'phystimestamp': 'preprocess_0', 'eventtype': 'PORTALBRIDGE_UPDATE_TIMESTAMP'}})
2025-09-09 16:19:41,502 fastran_driver_fastran_driver_2 DEBUG    _get_service_response(REQUEST|fastran_000001@fastran_driver@2|FRAMEWORK@Framework@0|54)
2025-09-09 16:19:41,513 fastran_driver_fastran_driver_2 DEBUG    _get_service_response(REQUEST|fastran_000001@fastran_driver@2|FRAMEWORK@Framework@0|54), response = ServiceResponseMessage(sender_id=FRAMEWORK@Framework@0, receiver_id=fastran_000001@fastran_driver@2, request_msg_id=REQUEST|fastran_000001@fastran_driver@2|FRAMEWORK@Framework@0|54,status=0, args=(None,), message_id=RESPONSE|FRAMEWORK@Framework@0|fastran_000001@fastran_driver@2|102)
2025-09-09 16:19:41,513 fastran_driver_fastran_driver_2 DEBUG    _invoke_service(): getTopic  ('_IPS_MONITOR',)
2025-09-09 16:19:41,513 fastran_driver_fastran_driver_2 DEBUG    _get_service_response(REQUEST|fastran_000001@fastran_driver@2|FRAMEWORK@Framework@0|55)
2025-09-09 16:19:41,524 fastran_driver_fastran_driver_2 DEBUG    _get_service_response(REQUEST|fastran_000001@fastran_driver@2|FRAMEWORK@Framework@0|55), response = ServiceResponseMessage(sender_id=FRAMEWORK@Framework@0, receiver_id=fastran_000001@fastran_driver@2, request_msg_id=REQUEST|fastran_000001@fastran_driver@2|FRAMEWORK@Framework@0|55,status=0, args=(<ipsframework.cca_es_spec.Topic object at 0x7f87c63e01f0>,), message_id=RESPONSE|FRAMEWORK@Framework@0|fastran_000001@fastran_driver@2|103)
2025-09-09 16:19:41,524 fastran_driver_fastran_driver_2 DEBUG    _invoke_service(): sendEvent  ('_IPS_MONITOR', 'PORTAL_EVENT', {'sim_name': 'fastran_000001', 'real_sim_name': 'fastran_000001', 'portal_data': {'code': 'fastran_driver_fastran_driver', 'eventtype': 'IPS_UPDATE_TIME_STAMP', 'ok': True, 'walltime': '13.59', 'time': '2025-09-09|16:19:41PDT', 'state': 'Running', 'comment': 'Timestamp = preprocess_0'}})
2025-09-09 16:19:41,524 fastran_driver_fastran_driver_2 DEBUG    _get_service_response(REQUEST|fastran_000001@fastran_driver@2|FRAMEWORK@Framework@0|56)
2025-09-09 16:19:41,535 fastran_driver_fastran_driver_2 DEBUG    _get_service_response(REQUEST|fastran_000001@fastran_driver@2|FRAMEWORK@Framework@0|56), response = ServiceResponseMessage(sender_id=FRAMEWORK@Framework@0, receiver_id=fastran_000001@fastran_driver@2, request_msg_id=REQUEST|fastran_000001@fastran_driver@2|FRAMEWORK@Framework@0|56,status=0, args=(None,), message_id=RESPONSE|FRAMEWORK@Framework@0|fastran_000001@fastran_driver@2|104)
2025-09-09 16:19:41,535 fastran_driver_fastran_driver_2 DEBUG    _invoke_service(): getTopic  ('_IPS_MONITOR',)
2025-09-09 16:19:41,535 fastran_driver_fastran_driver_2 DEBUG    _get_service_response(REQUEST|fastran_000001@fastran_driver@2|FRAMEWORK@Framework@0|57)
2025-09-09 16:19:41,546 fastran_driver_fastran_driver_2 DEBUG    _get_service_response(REQUEST|fastran_000001@fastran_driver@2|FRAMEWORK@Framework@0|57), response = ServiceResponseMessage(sender_id=FRAMEWORK@Framework@0, receiver_id=fastran_000001@fastran_driver@2, request_msg_id=REQUEST|fastran_000001@fastran_driver@2|FRAMEWORK@Framework@0|57,status=0, args=(<ipsframework.cca_es_spec.Topic object at 0x7f87c63e0250>,), message_id=RESPONSE|FRAMEWORK@Framework@0|fastran_000001@fastran_driver@2|105)
2025-09-09 16:19:41,546 fastran_driver_fastran_driver_2 DEBUG    _invoke_service(): sendEvent  ('_IPS_MONITOR', 'PORTAL_EVENT', {'sim_name': 'fastran_000001', 'real_sim_name': 'fastran_000001', 'portal_data': {'code': 'fastran_driver_fastran_driver', 'eventtype': 'IPS_CALL_BEGIN', 'ok': True, 'walltime': '13.61', 'time': '2025-09-09|16:19:41PDT', 'state': 'Running', 'comment': 'Target = fastran_000001@efit@3:step(preprocess_0)'}})
2025-09-09 16:19:41,546 fastran_driver_fastran_driver_2 DEBUG    _get_service_response(REQUEST|fastran_000001@fastran_driver@2|FRAMEWORK@Framework@0|58)
2025-09-09 16:19:41,557 fastran_driver_fastran_driver_2 DEBUG    _get_service_response(REQUEST|fastran_000001@fastran_driver@2|FRAMEWORK@Framework@0|58), response = ServiceResponseMessage(sender_id=FRAMEWORK@Framework@0, receiver_id=fastran_000001@fastran_driver@2, request_msg_id=REQUEST|fastran_000001@fastran_driver@2|FRAMEWORK@Framework@0|58,status=0, args=(None,), message_id=RESPONSE|FRAMEWORK@Framework@0|fastran_000001@fastran_driver@2|106)
2025-09-09 16:19:41,557 fastran_driver_fastran_driver_2 DEBUG    _invoke_service(): init_call  ('step', 'preprocess_0')
2025-09-09 16:19:41,557 fastran_driver_fastran_driver_2 DEBUG    _get_service_response(REQUEST|fastran_000001@fastran_driver@2|FRAMEWORK@Framework@0|59)
2025-09-09 16:19:41,558 fastran_eq0_efit_3 DEBUG    Received Message 
2025-09-09 16:19:41,558 fastran_eq0_efit_3 DEBUG    Calling method step(preprocess_0)
2025-09-09 16:19:41,559 fastran_eq0_efit_3 DEBUG    _invoke_service(): stage_state  (['s000001.00001', 'g000001.00001', 'i000001.00001', 'b000001.00001'], '/pscratch/sd/b/bassem/ips/tglf-ep_32_repeat/SCAN/work/plasma_state', '/pscratch/sd/b/bassem/ips/tglf-ep_32_repeat/SCAN/work/fastran_eq0_efit_3')
2025-09-09 16:19:41,559 fastran_eq0_efit_3 DEBUG    _get_service_response(REQUEST|fastran_000001@efit@3|FRAMEWORK@Framework@0|6)
2025-09-09 16:19:41,568 fastran_driver_fastran_driver_2 DEBUG    _get_service_response(REQUEST|fastran_000001@fastran_driver@2|FRAMEWORK@Framework@0|59), response = ServiceResponseMessage(sender_id=FRAMEWORK@Framework@0, receiver_id=fastran_000001@fastran_driver@2, request_msg_id=REQUEST|fastran_000001@fastran_driver@2|FRAMEWORK@Framework@0|59,status=0, args=(17,), message_id=RESPONSE|FRAMEWORK@Framework@0|fastran_000001@fastran_driver@2|107)
2025-09-09 16:19:41,568 fastran_driver_fastran_driver_2 DEBUG    _invoke_service(): wait_call  (17, True)
2025-09-09 16:19:41,568 fastran_driver_fastran_driver_2 DEBUG    _get_service_response(REQUEST|fastran_000001@fastran_driver@2|FRAMEWORK@Framework@0|60)
2025-09-09 16:19:41,581 fastran_eq0_efit_3 DEBUG    _get_service_response(REQUEST|fastran_000001@efit@3|FRAMEWORK@Framework@0|6), response = ServiceResponseMessage(sender_id=FRAMEWORK@Framework@0, receiver_id=fastran_000001@efit@3, request_msg_id=REQUEST|fastran_000001@efit@3|FRAMEWORK@Framework@0|6,status=0, args=(0,), message_id=RESPONSE|FRAMEWORK@Framework@0|fastran_000001@efit@3|108)
2025-09-09 16:19:41,582 fastran_eq0_efit_3 DEBUG    _invoke_service(): getTopic  ('_IPS_MONITOR',)
2025-09-09 16:19:41,582 fastran_eq0_efit_3 DEBUG    _get_service_response(REQUEST|fastran_000001@efit@3|FRAMEWORK@Framework@0|7)
2025-09-09 16:19:41,592 fastran_eq0_efit_3 DEBUG    _get_service_response(REQUEST|fastran_000001@efit@3|FRAMEWORK@Framework@0|7), response = ServiceResponseMessage(sender_id=FRAMEWORK@Framework@0, receiver_id=fastran_000001@efit@3, request_msg_id=REQUEST|fastran_000001@efit@3|FRAMEWORK@Framework@0|7,status=0, args=(<ipsframework.cca_es_spec.Topic object at 0x7f87c63dd400>,), message_id=RESPONSE|FRAMEWORK@Framework@0|fastran_000001@efit@3|109)
2025-09-09 16:19:41,592 fastran_eq0_efit_3 DEBUG    _invoke_service(): sendEvent  ('_IPS_MONITOR', 'PORTAL_EVENT', {'sim_name': 'fastran_000001', 'real_sim_name': 'fastran_000001', 'portal_data': {'code': 'fastran_eq0_efit', 'eventtype': 'IPS_STAGE_STATE', 'ok': True, 'walltime': '13.66', 'time': '2025-09-09|16:19:41PDT', 'trace': {'timestamp': 1757459981558942, 'duration': 23075, 'localEndpoint': {'serviceName': 'stage_state'}, 'name': "['s000001.00001', 'g000001.00001', 'i000001.00001', 'b000001.00001']", 'id': 'ff3119918b5e7670', 'parentId': 'b84cc199b8eee1c5', 'tags': {}}, 'state': 'Running', 'comment': 'Elapsed time = 0.023  files = s000001.00001 g000001.00001 i000001.00001 b000001.00001 Success'}})
2025-09-09 16:19:41,592 fastran_eq0_efit_3 DEBUG    _get_service_response(REQUEST|fastran_000001@efit@3|FRAMEWORK@Framework@0|8)
2025-09-09 16:19:41,603 fastran_eq0_efit_3 DEBUG    _get_service_response(REQUEST|fastran_000001@efit@3|FRAMEWORK@Framework@0|8), response = ServiceResponseMessage(sender_id=FRAMEWORK@Framework@0, receiver_id=fastran_000001@efit@3, request_msg_id=REQUEST|fastran_000001@efit@3|FRAMEWORK@Framework@0|8,status=0, args=(None,), message_id=RESPONSE|FRAMEWORK@Framework@0|fastran_000001@efit@3|110)
2025-09-09 16:19:54,511 fastran_eq0_efit_3 DEBUG    _invoke_service(): update_state  (['s000001.00001', 'g000001.00001', 'i000001.00001', 'b000001.00001'], '/pscratch/sd/b/bassem/ips/tglf-ep_32_repeat/SCAN/work/fastran_eq0_efit_3', '/pscratch/sd/b/bassem/ips/tglf-ep_32_repeat/SCAN/work/plasma_state')
2025-09-09 16:19:54,514 fastran_eq0_efit_3 DEBUG    _get_service_response(REQUEST|fastran_000001@efit@3|FRAMEWORK@Framework@0|9)
2025-09-09 16:19:54,539 fastran_eq0_efit_3 DEBUG    _get_service_response(REQUEST|fastran_000001@efit@3|FRAMEWORK@Framework@0|9), response = ServiceResponseMessage(sender_id=FRAMEWORK@Framework@0, receiver_id=fastran_000001@efit@3, request_msg_id=REQUEST|fastran_000001@efit@3|FRAMEWORK@Framework@0|9,status=0, args=(0,), message_id=RESPONSE|FRAMEWORK@Framework@0|fastran_000001@efit@3|136)
2025-09-09 16:19:54,540 fastran_eq0_efit_3 DEBUG    _invoke_service(): getTopic  ('_IPS_MONITOR',)
2025-09-09 16:19:54,540 fastran_eq0_efit_3 DEBUG    _get_service_response(REQUEST|fastran_000001@efit@3|FRAMEWORK@Framework@0|10)
2025-09-09 16:19:54,551 fastran_eq0_efit_3 DEBUG    _get_service_response(REQUEST|fastran_000001@efit@3|FRAMEWORK@Framework@0|10), response = ServiceResponseMessage(sender_id=FRAMEWORK@Framework@0, receiver_id=fastran_000001@efit@3, request_msg_id=REQUEST|fastran_000001@efit@3|FRAMEWORK@Framework@0|10,status=0, args=(<ipsframework.cca_es_spec.Topic object at 0x7f87c63ddbe0>,), message_id=RESPONSE|FRAMEWORK@Framework@0|fastran_000001@efit@3|137)
2025-09-09 16:19:54,551 fastran_eq0_efit_3 DEBUG    _invoke_service(): sendEvent  ('_IPS_MONITOR', 'PORTAL_EVENT', {'sim_name': 'fastran_000001', 'real_sim_name': 'fastran_000001', 'portal_data': {'code': 'fastran_eq0_efit', 'eventtype': 'IPS_UPDATE_STATE', 'ok': True, 'walltime': '26.62', 'time': '2025-09-09|16:19:54PDT', 'trace': {'timestamp': 1757459994509604, 'duration': 30369, 'localEndpoint': {'serviceName': 'update_state'}, 'name': "['s000001.00001', 'g000001.00001', 'i000001.00001', 'b000001.00001']", 'id': '2fc1229e1e650f1c', 'parentId': 'b84cc199b8eee1c5', 'tags': {}}, 'state': 'Running', 'comment': 'Elapsed time = 0.030   files = s000001.00001 g000001.00001 i000001.00001 b000001.00001 Success'}})
2025-09-09 16:19:54,551 fastran_eq0_efit_3 DEBUG    _get_service_response(REQUEST|fastran_000001@efit@3|FRAMEWORK@Framework@0|11)
2025-09-09 16:19:54,562 fastran_eq0_efit_3 DEBUG    _get_service_response(REQUEST|fastran_000001@efit@3|FRAMEWORK@Framework@0|11), response = ServiceResponseMessage(sender_id=FRAMEWORK@Framework@0, receiver_id=fastran_000001@efit@3, request_msg_id=REQUEST|fastran_000001@efit@3|FRAMEWORK@Framework@0|11,status=0, args=(None,), message_id=RESPONSE|FRAMEWORK@Framework@0|fastran_000001@efit@3|138)
2025-09-09 16:19:54,585 fastran_eq0_efit_3 DEBUG    _invoke_service(): getTopic  ('_IPS_MONITOR',)
2025-09-09 16:19:54,585 fastran_eq0_efit_3 DEBUG    _get_service_response(REQUEST|fastran_000001@efit@3|FRAMEWORK@Framework@0|12)
2025-09-09 16:19:54,596 fastran_eq0_efit_3 DEBUG    _get_service_response(REQUEST|fastran_000001@efit@3|FRAMEWORK@Framework@0|12), response = ServiceResponseMessage(sender_id=FRAMEWORK@Framework@0, receiver_id=fastran_000001@efit@3, request_msg_id=REQUEST|fastran_000001@efit@3|FRAMEWORK@Framework@0|12,status=0, args=(<ipsframework.cca_es_spec.Topic object at 0x7f87c63dd580>,), message_id=RESPONSE|FRAMEWORK@Framework@0|fastran_000001@efit@3|139)
2025-09-09 16:19:54,596 fastran_eq0_efit_3 DEBUG    _invoke_service(): sendEvent  ('_IPS_MONITOR', 'PORTAL_EVENT', {'sim_name': 'fastran_000001', 'real_sim_name': 'fastran_000001', 'portal_data': {'code': 'fastran_eq0_efit', 'eventtype': 'IPS_STAGE_OUTPUTS', 'ok': True, 'walltime': '26.66', 'time': '2025-09-09|16:19:54PDT', 'trace': {'timestamp': 1757459994562115, 'duration': 23574, 'localEndpoint': {'serviceName': 'stage_output_files'}, 'name': "['g*.*', 'a*.*', 'm*.*', 'k*.*', 'efit.log', 's*.*']", 'id': '80725d8eee5776f1', 'parentId': 'b84cc199b8eee1c5', 'tags': {}}, 'state': 'Running', 'comment': "Elapsed time = 0.024 Path = /pscratch/sd/b/bassem/ips/tglf-ep_32_repeat/SCAN/simulation_results/preprocess_0/components/fastran_eq0_efit_3 Files = ['g*.*', 'a*.*', 'm*.*', 'k*.*', 'efit.log', 's*.*']"}})
2025-09-09 16:19:54,596 fastran_eq0_efit_3 DEBUG    _get_service_response(REQUEST|fastran_000001@efit@3|FRAMEWORK@Framework@0|13)
2025-09-09 16:19:54,607 fastran_eq0_efit_3 DEBUG    _get_service_response(REQUEST|fastran_000001@efit@3|FRAMEWORK@Framework@0|13), response = ServiceResponseMessage(sender_id=FRAMEWORK@Framework@0, receiver_id=fastran_000001@efit@3, request_msg_id=REQUEST|fastran_000001@efit@3|FRAMEWORK@Framework@0|13,status=0, args=(None,), message_id=RESPONSE|FRAMEWORK@Framework@0|fastran_000001@efit@3|140)
2025-09-09 16:19:54,619 fastran_driver_fastran_driver_2 DEBUG    _get_service_response(REQUEST|fastran_000001@fastran_driver@2|FRAMEWORK@Framework@0|60), response = ServiceResponseMessage(sender_id=FRAMEWORK@Framework@0, receiver_id=fastran_000001@fastran_driver@2, request_msg_id=REQUEST|fastran_000001@fastran_driver@2|FRAMEWORK@Framework@0|60,status=0, args=((None,),), message_id=RESPONSE|FRAMEWORK@Framework@0|fastran_000001@fastran_driver@2|141)
2025-09-09 16:19:54,619 fastran_driver_fastran_driver_2 DEBUG    _invoke_service(): getTopic  ('_IPS_MONITOR',)
2025-09-09 16:19:54,620 fastran_driver_fastran_driver_2 DEBUG    _get_service_response(REQUEST|fastran_000001@fastran_driver@2|FRAMEWORK@Framework@0|61)
2025-09-09 16:19:54,630 fastran_driver_fastran_driver_2 DEBUG    _get_service_response(REQUEST|fastran_000001@fastran_driver@2|FRAMEWORK@Framework@0|61), response = ServiceResponseMessage(sender_id=FRAMEWORK@Framework@0, receiver_id=fastran_000001@fastran_driver@2, request_msg_id=REQUEST|fastran_000001@fastran_driver@2|FRAMEWORK@Framework@0|61,status=0, args=(<ipsframework.cca_es_spec.Topic object at 0x7f87c63e01f0>,), message_id=RESPONSE|FRAMEWORK@Framework@0|fastran_000001@fastran_driver@2|142)
2025-09-09 16:19:54,630 fastran_driver_fastran_driver_2 DEBUG    _invoke_service(): sendEvent  ('_IPS_MONITOR', 'PORTAL_EVENT', {'sim_name': 'fastran_000001', 'real_sim_name': 'fastran_000001', 'portal_data': {'code': 'fastran_driver_fastran_driver', 'eventtype': 'IPS_CALL_END', 'ok': True, 'walltime': '26.70', 'time': '2025-09-09|16:19:54PDT', 'trace': {'timestamp': 1757459981568783, 'duration': 13051019, 'localEndpoint': {'serviceName': 'fastran_000001@efit@3'}, 'name': 'step(preprocess_0)', 'id': 'b84cc199b8eee1c5', 'parentId': '15e0663de819b9fa', 'tags': {}}, 'state': 'Running', 'comment': 'Target = fastran_000001@efit@3:step(preprocess_0)'}})
2025-09-09 16:19:54,630 fastran_driver_fastran_driver_2 DEBUG    _get_service_response(REQUEST|fastran_000001@fastran_driver@2|FRAMEWORK@Framework@0|62)
2025-09-09 16:19:54,641 fastran_driver_fastran_driver_2 DEBUG    _get_service_response(REQUEST|fastran_000001@fastran_driver@2|FRAMEWORK@Framework@0|62), response = ServiceResponseMessage(sender_id=FRAMEWORK@Framework@0, receiver_id=fastran_000001@fastran_driver@2, request_msg_id=REQUEST|fastran_000001@fastran_driver@2|FRAMEWORK@Framework@0|62,status=0, args=(None,), message_id=RESPONSE|FRAMEWORK@Framework@0|fastran_000001@fastran_driver@2|144)
2025-09-09 16:19:54,641 fastran_driver_fastran_driver_2 DEBUG    _invoke_service(): getTopic  ('_IPS_MONITOR',)
2025-09-09 16:19:54,641 fastran_driver_fastran_driver_2 DEBUG    _get_service_response(REQUEST|fastran_000001@fastran_driver@2|FRAMEWORK@Framework@0|63)
2025-09-09 16:19:54,652 fastran_driver_fastran_driver_2 DEBUG    _get_service_response(REQUEST|fastran_000001@fastran_driver@2|FRAMEWORK@Framework@0|63), response = ServiceResponseMessage(sender_id=FRAMEWORK@Framework@0, receiver_id=fastran_000001@fastran_driver@2, request_msg_id=REQUEST|fastran_000001@fastran_driver@2|FRAMEWORK@Framework@0|63,status=0, args=(<ipsframework.cca_es_spec.Topic object at 0x7f87c63e01c0>,), message_id=RESPONSE|FRAMEWORK@Framework@0|fastran_000001@fastran_driver@2|145)
2025-09-09 16:19:54,652 fastran_driver_fastran_driver_2 DEBUG    _invoke_service(): sendEvent  ('_IPS_MONITOR', 'PORTAL_EVENT', {'sim_name': 'fastran_000001', 'real_sim_name': 'fastran_000001', 'portal_data': {'code': 'fastran_driver_fastran_driver', 'eventtype': 'IPS_CALL_BEGIN', 'ok': True, 'walltime': '26.72', 'time': '2025-09-09|16:19:54PDT', 'state': 'Running', 'comment': 'Target = fastran_000001@hcd_model@4:step(preprocess_0)'}})
2025-09-09 16:19:54,652 fastran_driver_fastran_driver_2 DEBUG    _get_service_response(REQUEST|fastran_000001@fastran_driver@2|FRAMEWORK@Framework@0|64)
2025-09-09 16:19:54,663 fastran_driver_fastran_driver_2 DEBUG    _get_service_response(REQUEST|fastran_000001@fastran_driver@2|FRAMEWORK@Framework@0|64), response = ServiceResponseMessage(sender_id=FRAMEWORK@Framework@0, receiver_id=fastran_000001@fastran_driver@2, request_msg_id=REQUEST|fastran_000001@fastran_driver@2|FRAMEWORK@Framework@0|64,status=0, args=(None,), message_id=RESPONSE|FRAMEWORK@Framework@0|fastran_000001@fastran_driver@2|146)
2025-09-09 16:19:54,663 fastran_driver_fastran_driver_2 DEBUG    _invoke_service(): init_call  ('step', 'preprocess_0')
2025-09-09 16:19:54,663 fastran_driver_fastran_driver_2 DEBUG    _get_service_response(REQUEST|fastran_000001@fastran_driver@2|FRAMEWORK@Framework@0|65)
2025-09-09 16:19:54,663 fastran_ic_hcd_model_4 DEBUG    Received Message 
2025-09-09 16:19:54,664 fastran_ic_hcd_model_4 DEBUG    Calling method step(preprocess_0)
2025-09-09 16:19:54,664 fastran_ic_hcd_model_4 DEBUG    _invoke_service(): stage_state  (['s000001.00001', 'g000001.00001', 'i000001.00001', 'b000001.00001'], '/pscratch/sd/b/bassem/ips/tglf-ep_32_repeat/SCAN/work/plasma_state', '/pscratch/sd/b/bassem/ips/tglf-ep_32_repeat/SCAN/work/fastran_ic_hcd_model_4')
2025-09-09 16:19:54,664 fastran_ic_hcd_model_4 DEBUG    _get_service_response(REQUEST|fastran_000001@hcd_model@4|FRAMEWORK@Framework@0|0)
2025-09-09 16:19:54,673 fastran_driver_fastran_driver_2 DEBUG    _get_service_response(REQUEST|fastran_000001@fastran_driver@2|FRAMEWORK@Framework@0|65), response = ServiceResponseMessage(sender_id=FRAMEWORK@Framework@0, receiver_id=fastran_000001@fastran_driver@2, request_msg_id=REQUEST|fastran_000001@fastran_driver@2|FRAMEWORK@Framework@0|65,status=0, args=(18,), message_id=RESPONSE|FRAMEWORK@Framework@0|fastran_000001@fastran_driver@2|147)
2025-09-09 16:19:54,673 fastran_driver_fastran_driver_2 DEBUG    _invoke_service(): wait_call  (18, True)
2025-09-09 16:19:54,673 fastran_driver_fastran_driver_2 DEBUG    _get_service_response(REQUEST|fastran_000001@fastran_driver@2|FRAMEWORK@Framework@0|66)
2025-09-09 16:19:54,685 fastran_ic_hcd_model_4 DEBUG    _get_service_response(REQUEST|fastran_000001@hcd_model@4|FRAMEWORK@Framework@0|0), response = ServiceResponseMessage(sender_id=FRAMEWORK@Framework@0, receiver_id=fastran_000001@hcd_model@4, request_msg_id=REQUEST|fastran_000001@hcd_model@4|FRAMEWORK@Framework@0|0,status=0, args=(0,), message_id=RESPONSE|FRAMEWORK@Framework@0|fastran_000001@hcd_model@4|148)
2025-09-09 16:19:54,685 fastran_ic_hcd_model_4 DEBUG    _invoke_service(): getTopic  ('_IPS_MONITOR',)
2025-09-09 16:19:54,686 fastran_ic_hcd_model_4 DEBUG    _get_service_response(REQUEST|fastran_000001@hcd_model@4|FRAMEWORK@Framework@0|1)
2025-09-09 16:19:54,696 fastran_ic_hcd_model_4 DEBUG    _get_service_response(REQUEST|fastran_000001@hcd_model@4|FRAMEWORK@Framework@0|1), response = ServiceResponseMessage(sender_id=FRAMEWORK@Framework@0, receiver_id=fastran_000001@hcd_model@4, request_msg_id=REQUEST|fastran_000001@hcd_model@4|FRAMEWORK@Framework@0|1,status=0, args=(<ipsframework.cca_es_spec.Topic object at 0x7f87c63ec280>,), message_id=RESPONSE|FRAMEWORK@Framework@0|fastran_000001@hcd_model@4|149)
2025-09-09 16:19:54,696 fastran_ic_hcd_model_4 DEBUG    _invoke_service(): sendEvent  ('_IPS_MONITOR', 'PORTAL_EVENT', {'sim_name': 'fastran_000001', 'real_sim_name': 'fastran_000001', 'portal_data': {'code': 'fastran_ic_hcd_model', 'eventtype': 'IPS_STAGE_STATE', 'ok': True, 'walltime': '26.76', 'time': '2025-09-09|16:19:54PDT', 'trace': {'timestamp': 1757459994664202, 'duration': 21513, 'localEndpoint': {'serviceName': 'stage_state'}, 'name': "['s000001.00001', 'g000001.00001', 'i000001.00001', 'b000001.00001']", 'id': 'ff3119918b5e7670', 'parentId': '94ced203f8b32bac', 'tags': {}}, 'state': 'Running', 'comment': 'Elapsed time = 0.022  files = s000001.00001 g000001.00001 i000001.00001 b000001.00001 Success'}})
2025-09-09 16:19:54,696 fastran_ic_hcd_model_4 DEBUG    _get_service_response(REQUEST|fastran_000001@hcd_model@4|FRAMEWORK@Framework@0|2)
2025-09-09 16:19:54,707 fastran_ic_hcd_model_4 DEBUG    _get_service_response(REQUEST|fastran_000001@hcd_model@4|FRAMEWORK@Framework@0|2), response = ServiceResponseMessage(sender_id=FRAMEWORK@Framework@0, receiver_id=fastran_000001@hcd_model@4, request_msg_id=REQUEST|fastran_000001@hcd_model@4|FRAMEWORK@Framework@0|2,status=0, args=(None,), message_id=RESPONSE|FRAMEWORK@Framework@0|fastran_000001@hcd_model@4|150)
2025-09-09 16:19:54,712 fastran_ic_hcd_model_4 DEBUG    _invoke_service(): getTopic  ('_IPS_MONITOR',)
2025-09-09 16:19:54,712 fastran_ic_hcd_model_4 DEBUG    _get_service_response(REQUEST|fastran_000001@hcd_model@4|FRAMEWORK@Framework@0|3)
2025-09-09 16:19:54,722 fastran_ic_hcd_model_4 DEBUG    _get_service_response(REQUEST|fastran_000001@hcd_model@4|FRAMEWORK@Framework@0|3), response = ServiceResponseMessage(sender_id=FRAMEWORK@Framework@0, receiver_id=fastran_000001@hcd_model@4, request_msg_id=REQUEST|fastran_000001@hcd_model@4|FRAMEWORK@Framework@0|3,status=0, args=(<ipsframework.cca_es_spec.Topic object at 0x7f87c63ec280>,), message_id=RESPONSE|FRAMEWORK@Framework@0|fastran_000001@hcd_model@4|151)
2025-09-09 16:19:54,722 fastran_ic_hcd_model_4 DEBUG    _invoke_service(): sendEvent  ('_IPS_MONITOR', 'PORTAL_EVENT', {'sim_name': 'fastran_000001', 'real_sim_name': 'fastran_000001', 'portal_data': {'code': 'fastran_ic_hcd_model', 'eventtype': 'IPS_STAGE_INPUTS', 'ok': True, 'walltime': '26.79', 'time': '2025-09-09|16:19:54PDT', 'trace': {'timestamp': 1757459994707706, 'duration': 4690, 'localEndpoint': {'serviceName': 'stage_input_files'}, 'name': 'inhcd', 'id': '5ee53c28a9607896', 'parentId': '94ced203f8b32bac', 'tags': {}}, 'state': 'Running', 'comment': 'Elapsed time = 0.005 Path = /pscratch/sd/b/bassem/ips/tglf-ep_32_repeat/input Files = inhcd'}})
2025-09-09 16:19:54,723 fastran_ic_hcd_model_4 DEBUG    _get_service_response(REQUEST|fastran_000001@hcd_model@4|FRAMEWORK@Framework@0|4)
2025-09-09 16:19:54,733 fastran_ic_hcd_model_4 DEBUG    _get_service_response(REQUEST|fastran_000001@hcd_model@4|FRAMEWORK@Framework@0|4), response = ServiceResponseMessage(sender_id=FRAMEWORK@Framework@0, receiver_id=fastran_000001@hcd_model@4, request_msg_id=REQUEST|fastran_000001@hcd_model@4|FRAMEWORK@Framework@0|4,status=0, args=(None,), message_id=RESPONSE|FRAMEWORK@Framework@0|fastran_000001@hcd_model@4|152)
2025-09-09 16:19:54,829 fastran_ic_hcd_model_4 DEBUG    _invoke_service(): update_state  (['s000001.00001', 'g000001.00001', 'i000001.00001', 'b000001.00001'], '/pscratch/sd/b/bassem/ips/tglf-ep_32_repeat/SCAN/work/fastran_ic_hcd_model_4', '/pscratch/sd/b/bassem/ips/tglf-ep_32_repeat/SCAN/work/plasma_state')
2025-09-09 16:19:54,830 fastran_ic_hcd_model_4 DEBUG    _get_service_response(REQUEST|fastran_000001@hcd_model@4|FRAMEWORK@Framework@0|5)
2025-09-09 16:19:54,852 fastran_ic_hcd_model_4 DEBUG    _get_service_response(REQUEST|fastran_000001@hcd_model@4|FRAMEWORK@Framework@0|5), response = ServiceResponseMessage(sender_id=FRAMEWORK@Framework@0, receiver_id=fastran_000001@hcd_model@4, request_msg_id=REQUEST|fastran_000001@hcd_model@4|FRAMEWORK@Framework@0|5,status=0, args=(0,), message_id=RESPONSE|FRAMEWORK@Framework@0|fastran_000001@hcd_model@4|153)
2025-09-09 16:19:54,852 fastran_ic_hcd_model_4 DEBUG    _invoke_service(): getTopic  ('_IPS_MONITOR',)
2025-09-09 16:19:54,852 fastran_ic_hcd_model_4 DEBUG    _get_service_response(REQUEST|fastran_000001@hcd_model@4|FRAMEWORK@Framework@0|6)
2025-09-09 16:19:54,863 fastran_ic_hcd_model_4 DEBUG    _get_service_response(REQUEST|fastran_000001@hcd_model@4|FRAMEWORK@Framework@0|6), response = ServiceResponseMessage(sender_id=FRAMEWORK@Framework@0, receiver_id=fastran_000001@hcd_model@4, request_msg_id=REQUEST|fastran_000001@hcd_model@4|FRAMEWORK@Framework@0|6,status=0, args=(<ipsframework.cca_es_spec.Topic object at 0x7f87c63ec7c0>,), message_id=RESPONSE|FRAMEWORK@Framework@0|fastran_000001@hcd_model@4|154)
2025-09-09 16:19:54,863 fastran_ic_hcd_model_4 DEBUG    _invoke_service(): sendEvent  ('_IPS_MONITOR', 'PORTAL_EVENT', {'sim_name': 'fastran_000001', 'real_sim_name': 'fastran_000001', 'portal_data': {'code': 'fastran_ic_hcd_model', 'eventtype': 'IPS_UPDATE_STATE', 'ok': True, 'walltime': '26.93', 'time': '2025-09-09|16:19:54PDT', 'trace': {'timestamp': 1757459994829859, 'duration': 22626, 'localEndpoint': {'serviceName': 'update_state'}, 'name': "['s000001.00001', 'g000001.00001', 'i000001.00001', 'b000001.00001']", 'id': '2fc1229e1e650f1c', 'parentId': '94ced203f8b32bac', 'tags': {}}, 'state': 'Running', 'comment': 'Elapsed time = 0.023   files = s000001.00001 g000001.00001 i000001.00001 b000001.00001 Success'}})
2025-09-09 16:19:54,863 fastran_ic_hcd_model_4 DEBUG    _get_service_response(REQUEST|fastran_000001@hcd_model@4|FRAMEWORK@Framework@0|7)
2025-09-09 16:19:54,873 fastran_ic_hcd_model_4 DEBUG    _get_service_response(REQUEST|fastran_000001@hcd_model@4|FRAMEWORK@Framework@0|7), response = ServiceResponseMessage(sender_id=FRAMEWORK@Framework@0, receiver_id=fastran_000001@hcd_model@4, request_msg_id=REQUEST|fastran_000001@hcd_model@4|FRAMEWORK@Framework@0|7,status=0, args=(None,), message_id=RESPONSE|FRAMEWORK@Framework@0|fastran_000001@hcd_model@4|155)
2025-09-09 16:19:54,875 fastran_ic_hcd_model_4 DEBUG    _invoke_service(): getTopic  ('_IPS_MONITOR',)
2025-09-09 16:19:54,875 fastran_ic_hcd_model_4 DEBUG    _get_service_response(REQUEST|fastran_000001@hcd_model@4|FRAMEWORK@Framework@0|8)
2025-09-09 16:19:54,885 fastran_ic_hcd_model_4 DEBUG    _get_service_response(REQUEST|fastran_000001@hcd_model@4|FRAMEWORK@Framework@0|8), response = ServiceResponseMessage(sender_id=FRAMEWORK@Framework@0, receiver_id=fastran_000001@hcd_model@4, request_msg_id=REQUEST|fastran_000001@hcd_model@4|FRAMEWORK@Framework@0|8,status=0, args=(<ipsframework.cca_es_spec.Topic object at 0x7f87c63ec460>,), message_id=RESPONSE|FRAMEWORK@Framework@0|fastran_000001@hcd_model@4|156)
2025-09-09 16:19:54,885 fastran_ic_hcd_model_4 DEBUG    _invoke_service(): sendEvent  ('_IPS_MONITOR', 'PORTAL_EVENT', {'sim_name': 'fastran_000001', 'real_sim_name': 'fastran_000001', 'portal_data': {'code': 'fastran_ic_hcd_model', 'eventtype': 'IPS_STAGE_OUTPUTS', 'ok': True, 'walltime': '26.95', 'time': '2025-09-09|16:19:54PDT', 'trace': {'timestamp': 1757459994873964, 'duration': 1145, 'localEndpoint': {'serviceName': 'stage_output_files'}, 'name': '[]', 'id': 'ed019efe11be26d9', 'parentId': '94ced203f8b32bac', 'tags': {}}, 'state': 'Running', 'comment': 'Elapsed time = 0.001 Path = /pscratch/sd/b/bassem/ips/tglf-ep_32_repeat/SCAN/simulation_results/preprocess_0/components/fastran_ic_hcd_model_4 Files = []'}})
2025-09-09 16:19:54,886 fastran_ic_hcd_model_4 DEBUG    _get_service_response(REQUEST|fastran_000001@hcd_model@4|FRAMEWORK@Framework@0|9)
2025-09-09 16:19:54,896 fastran_ic_hcd_model_4 DEBUG    _get_service_response(REQUEST|fastran_000001@hcd_model@4|FRAMEWORK@Framework@0|9), response = ServiceResponseMessage(sender_id=FRAMEWORK@Framework@0, receiver_id=fastran_000001@hcd_model@4, request_msg_id=REQUEST|fastran_000001@hcd_model@4|FRAMEWORK@Framework@0|9,status=0, args=(None,), message_id=RESPONSE|FRAMEWORK@Framework@0|fastran_000001@hcd_model@4|157)
2025-09-09 16:19:54,907 fastran_driver_fastran_driver_2 DEBUG    _get_service_response(REQUEST|fastran_000001@fastran_driver@2|FRAMEWORK@Framework@0|66), response = ServiceResponseMessage(sender_id=FRAMEWORK@Framework@0, receiver_id=fastran_000001@fastran_driver@2, request_msg_id=REQUEST|fastran_000001@fastran_driver@2|FRAMEWORK@Framework@0|66,status=0, args=((None,),), message_id=RESPONSE|FRAMEWORK@Framework@0|fastran_000001@fastran_driver@2|158)
2025-09-09 16:19:54,907 fastran_driver_fastran_driver_2 DEBUG    _invoke_service(): getTopic  ('_IPS_MONITOR',)
2025-09-09 16:19:54,907 fastran_driver_fastran_driver_2 DEBUG    _get_service_response(REQUEST|fastran_000001@fastran_driver@2|FRAMEWORK@Framework@0|67)
2025-09-09 16:19:54,918 fastran_driver_fastran_driver_2 DEBUG    _get_service_response(REQUEST|fastran_000001@fastran_driver@2|FRAMEWORK@Framework@0|67), response = ServiceResponseMessage(sender_id=FRAMEWORK@Framework@0, receiver_id=fastran_000001@fastran_driver@2, request_msg_id=REQUEST|fastran_000001@fastran_driver@2|FRAMEWORK@Framework@0|67,status=0, args=(<ipsframework.cca_es_spec.Topic object at 0x7f87c63e01f0>,), message_id=RESPONSE|FRAMEWORK@Framework@0|fastran_000001@fastran_driver@2|159)
2025-09-09 16:19:54,918 fastran_driver_fastran_driver_2 DEBUG    _invoke_service(): sendEvent  ('_IPS_MONITOR', 'PORTAL_EVENT', {'sim_name': 'fastran_000001', 'real_sim_name': 'fastran_000001', 'portal_data': {'code': 'fastran_driver_fastran_driver', 'eventtype': 'IPS_CALL_END', 'ok': True, 'walltime': '26.98', 'time': '2025-09-09|16:19:54PDT', 'trace': {'timestamp': 1757459994673890, 'duration': 233642, 'localEndpoint': {'serviceName': 'fastran_000001@hcd_model@4'}, 'name': 'step(preprocess_0)', 'id': '94ced203f8b32bac', 'parentId': '15e0663de819b9fa', 'tags': {}}, 'state': 'Running', 'comment': 'Target = fastran_000001@hcd_model@4:step(preprocess_0)'}})
2025-09-09 16:19:54,918 fastran_driver_fastran_driver_2 DEBUG    _get_service_response(REQUEST|fastran_000001@fastran_driver@2|FRAMEWORK@Framework@0|68)
2025-09-09 16:19:54,929 fastran_driver_fastran_driver_2 DEBUG    _get_service_response(REQUEST|fastran_000001@fastran_driver@2|FRAMEWORK@Framework@0|68), response = ServiceResponseMessage(sender_id=FRAMEWORK@Framework@0, receiver_id=fastran_000001@fastran_driver@2, request_msg_id=REQUEST|fastran_000001@fastran_driver@2|FRAMEWORK@Framework@0|68,status=0, args=(None,), message_id=RESPONSE|FRAMEWORK@Framework@0|fastran_000001@fastran_driver@2|160)
2025-09-09 16:19:54,929 fastran_driver_fastran_driver_2 DEBUG    _invoke_service(): getTopic  ('_IPS_MONITOR',)
2025-09-09 16:19:54,929 fastran_driver_fastran_driver_2 DEBUG    _get_service_response(REQUEST|fastran_000001@fastran_driver@2|FRAMEWORK@Framework@0|69)
2025-09-09 16:19:54,940 fastran_driver_fastran_driver_2 DEBUG    _get_service_response(REQUEST|fastran_000001@fastran_driver@2|FRAMEWORK@Framework@0|69), response = ServiceResponseMessage(sender_id=FRAMEWORK@Framework@0, receiver_id=fastran_000001@fastran_driver@2, request_msg_id=REQUEST|fastran_000001@fastran_driver@2|FRAMEWORK@Framework@0|69,status=0, args=(<ipsframework.cca_es_spec.Topic object at 0x7f87c63e0160>,), message_id=RESPONSE|FRAMEWORK@Framework@0|fastran_000001@fastran_driver@2|161)
2025-09-09 16:19:54,940 fastran_driver_fastran_driver_2 DEBUG    _invoke_service(): sendEvent  ('_IPS_MONITOR', 'PORTAL_EVENT', {'sim_name': 'fastran_000001', 'real_sim_name': 'fastran_000001', 'portal_data': {'code': 'fastran_driver_fastran_driver', 'eventtype': 'IPS_CALL_BEGIN', 'ok': True, 'walltime': '27.01', 'time': '2025-09-09|16:19:54PDT', 'state': 'Running', 'comment': 'Target = fastran_000001@fastran@5:step(preprocess_0)'}})
2025-09-09 16:19:54,940 fastran_driver_fastran_driver_2 DEBUG    _get_service_response(REQUEST|fastran_000001@fastran_driver@2|FRAMEWORK@Framework@0|70)
2025-09-09 16:19:54,951 fastran_driver_fastran_driver_2 DEBUG    _get_service_response(REQUEST|fastran_000001@fastran_driver@2|FRAMEWORK@Framework@0|70), response = ServiceResponseMessage(sender_id=FRAMEWORK@Framework@0, receiver_id=fastran_000001@fastran_driver@2, request_msg_id=REQUEST|fastran_000001@fastran_driver@2|FRAMEWORK@Framework@0|70,status=0, args=(None,), message_id=RESPONSE|FRAMEWORK@Framework@0|fastran_000001@fastran_driver@2|162)
2025-09-09 16:19:54,951 fastran_driver_fastran_driver_2 DEBUG    _invoke_service(): init_call  ('step', 'preprocess_0')
2025-09-09 16:19:54,951 fastran_driver_fastran_driver_2 DEBUG    _get_service_response(REQUEST|fastran_000001@fastran_driver@2|FRAMEWORK@Framework@0|71)
2025-09-09 16:19:54,952 fastran_tr0_fastran_5 DEBUG    Received Message 
2025-09-09 16:19:54,952 fastran_tr0_fastran_5 DEBUG    Calling method step(preprocess_0)
2025-09-09 16:19:54,953 fastran_tr0_fastran_5 DEBUG    _invoke_service(): stage_state  (['s000001.00001', 'g000001.00001', 'i000001.00001', 'b000001.00001'], '/pscratch/sd/b/bassem/ips/tglf-ep_32_repeat/SCAN/work/plasma_state', '/pscratch/sd/b/bassem/ips/tglf-ep_32_repeat/SCAN/work/fastran_tr0_fastran_5')
2025-09-09 16:19:54,953 fastran_tr0_fastran_5 DEBUG    _get_service_response(REQUEST|fastran_000001@fastran@5|FRAMEWORK@Framework@0|0)
2025-09-09 16:19:54,962 fastran_driver_fastran_driver_2 DEBUG    _get_service_response(REQUEST|fastran_000001@fastran_driver@2|FRAMEWORK@Framework@0|71), response = ServiceResponseMessage(sender_id=FRAMEWORK@Framework@0, receiver_id=fastran_000001@fastran_driver@2, request_msg_id=REQUEST|fastran_000001@fastran_driver@2|FRAMEWORK@Framework@0|71,status=0, args=(19,), message_id=RESPONSE|FRAMEWORK@Framework@0|fastran_000001@fastran_driver@2|163)
2025-09-09 16:19:54,962 fastran_driver_fastran_driver_2 DEBUG    _invoke_service(): wait_call  (19, True)
2025-09-09 16:19:54,962 fastran_driver_fastran_driver_2 DEBUG    _get_service_response(REQUEST|fastran_000001@fastran_driver@2|FRAMEWORK@Framework@0|72)
2025-09-09 16:19:54,976 fastran_tr0_fastran_5 DEBUG    _get_service_response(REQUEST|fastran_000001@fastran@5|FRAMEWORK@Framework@0|0), response = ServiceResponseMessage(sender_id=FRAMEWORK@Framework@0, receiver_id=fastran_000001@fastran@5, request_msg_id=REQUEST|fastran_000001@fastran@5|FRAMEWORK@Framework@0|0,status=0, args=(0,), message_id=RESPONSE|FRAMEWORK@Framework@0|fastran_000001@fastran@5|164)
2025-09-09 16:19:54,976 fastran_tr0_fastran_5 DEBUG    _invoke_service(): getTopic  ('_IPS_MONITOR',)
2025-09-09 16:19:54,977 fastran_tr0_fastran_5 DEBUG    _get_service_response(REQUEST|fastran_000001@fastran@5|FRAMEWORK@Framework@0|1)
2025-09-09 16:19:54,987 fastran_tr0_fastran_5 DEBUG    _get_service_response(REQUEST|fastran_000001@fastran@5|FRAMEWORK@Framework@0|1), response = ServiceResponseMessage(sender_id=FRAMEWORK@Framework@0, receiver_id=fastran_000001@fastran@5, request_msg_id=REQUEST|fastran_000001@fastran@5|FRAMEWORK@Framework@0|1,status=0, args=(<ipsframework.cca_es_spec.Topic object at 0x7f87c63f4940>,), message_id=RESPONSE|FRAMEWORK@Framework@0|fastran_000001@fastran@5|165)
2025-09-09 16:19:54,987 fastran_tr0_fastran_5 DEBUG    _invoke_service(): sendEvent  ('_IPS_MONITOR', 'PORTAL_EVENT', {'sim_name': 'fastran_000001', 'real_sim_name': 'fastran_000001', 'portal_data': {'code': 'fastran_tr0_fastran', 'eventtype': 'IPS_STAGE_STATE', 'ok': True, 'walltime': '27.05', 'time': '2025-09-09|16:19:54PDT', 'trace': {'timestamp': 1757459994952940, 'duration': 23558, 'localEndpoint': {'serviceName': 'stage_state'}, 'name': "['s000001.00001', 'g000001.00001', 'i000001.00001', 'b000001.00001']", 'id': 'ff3119918b5e7670', 'parentId': 'e42f7710130c014f', 'tags': {}}, 'state': 'Running', 'comment': 'Elapsed time = 0.024  files = s000001.00001 g000001.00001 i000001.00001 b000001.00001 Success'}})
2025-09-09 16:19:54,987 fastran_tr0_fastran_5 DEBUG    _get_service_response(REQUEST|fastran_000001@fastran@5|FRAMEWORK@Framework@0|2)
2025-09-09 16:19:54,998 fastran_tr0_fastran_5 DEBUG    _get_service_response(REQUEST|fastran_000001@fastran@5|FRAMEWORK@Framework@0|2), response = ServiceResponseMessage(sender_id=FRAMEWORK@Framework@0, receiver_id=fastran_000001@fastran@5, request_msg_id=REQUEST|fastran_000001@fastran@5|FRAMEWORK@Framework@0|2,status=0, args=(None,), message_id=RESPONSE|FRAMEWORK@Framework@0|fastran_000001@fastran@5|166)
2025-09-09 16:19:55,008 fastran_tr0_fastran_5 DEBUG    _invoke_service(): getTopic  ('_IPS_MONITOR',)
2025-09-09 16:19:55,008 fastran_tr0_fastran_5 DEBUG    _get_service_response(REQUEST|fastran_000001@fastran@5|FRAMEWORK@Framework@0|3)
2025-09-09 16:19:55,019 fastran_tr0_fastran_5 DEBUG    _get_service_response(REQUEST|fastran_000001@fastran@5|FRAMEWORK@Framework@0|3), response = ServiceResponseMessage(sender_id=FRAMEWORK@Framework@0, receiver_id=fastran_000001@fastran@5, request_msg_id=REQUEST|fastran_000001@fastran@5|FRAMEWORK@Framework@0|3,status=0, args=(<ipsframework.cca_es_spec.Topic object at 0x7f87c63f4af0>,), message_id=RESPONSE|FRAMEWORK@Framework@0|fastran_000001@fastran@5|167)
2025-09-09 16:19:55,019 fastran_tr0_fastran_5 DEBUG    _invoke_service(): sendEvent  ('_IPS_MONITOR', 'PORTAL_EVENT', {'sim_name': 'fastran_000001', 'real_sim_name': 'fastran_000001', 'portal_data': {'code': 'fastran_tr0_fastran', 'eventtype': 'IPS_STAGE_INPUTS', 'ok': True, 'walltime': '27.08', 'time': '2025-09-09|16:19:55PDT', 'trace': {'timestamp': 1757459994999110, 'duration': 9427, 'localEndpoint': {'serviceName': 'stage_input_files'}, 'name': 'infastran0 intglf', 'id': 'dca1af508bf5af99', 'parentId': 'e42f7710130c014f', 'tags': {}}, 'state': 'Running', 'comment': 'Elapsed time = 0.009 Path = /pscratch/sd/b/bassem/ips/tglf-ep_32_repeat/input Files = infastran0 intglf'}})
2025-09-09 16:19:55,019 fastran_tr0_fastran_5 DEBUG    _get_service_response(REQUEST|fastran_000001@fastran@5|FRAMEWORK@Framework@0|4)
2025-09-09 16:19:55,030 fastran_tr0_fastran_5 DEBUG    _get_service_response(REQUEST|fastran_000001@fastran@5|FRAMEWORK@Framework@0|4), response = ServiceResponseMessage(sender_id=FRAMEWORK@Framework@0, receiver_id=fastran_000001@fastran@5, request_msg_id=REQUEST|fastran_000001@fastran@5|FRAMEWORK@Framework@0|4,status=0, args=(None,), message_id=RESPONSE|FRAMEWORK@Framework@0|fastran_000001@fastran@5|168)
2025-09-09 16:19:55,160 fastran_tr0_fastran_5 DEBUG    _invoke_service(): init_task  (TaskInit(nproc=1, binary='/global/common/software/atom/perlmutter/binaries/fastran/default/xfastran_ver1.00_ser', working_dir='/pscratch/sd/b/bassem/ips/tglf-ep_32_repeat/SCAN/work/fastran_tr0_fastran_5', tppn=0, tcpp=0, tgpp=0, block=True, omp=False, wnodes=True, wsocks=True, cmd_args=('1', '1')),)
2025-09-09 16:19:55,160 fastran_tr0_fastran_5 DEBUG    _get_service_response(REQUEST|fastran_000001@fastran@5|FRAMEWORK@Framework@0|5)
2025-09-09 16:19:55,171 fastran_tr0_fastran_5 DEBUG    _get_service_response(REQUEST|fastran_000001@fastran@5|FRAMEWORK@Framework@0|5), response = ServiceResponseMessage(sender_id=FRAMEWORK@Framework@0, receiver_id=fastran_000001@fastran@5, request_msg_id=REQUEST|fastran_000001@fastran@5|FRAMEWORK@Framework@0|5,status=0, args=((2, 'srun -N 1 -n 1 -c 128 --threads-per-core=1 --cpu-bind=cores /global/common/software/atom/perlmutter/binaries/fastran/default/xfastran_ver1.00_ser 1 1', None, 128),), message_id=RESPONSE|FRAMEWORK@Framework@0|fastran_000001@fastran@5|170)
2025-09-09 16:19:55,172 fastran_tr0_fastran_5 DEBUG    Launching command : srun -N 1 -n 1 -c 128 --threads-per-core=1 --cpu-bind=cores /global/common/software/atom/perlmutter/binaries/fastran/default/xfastran_ver1.00_ser 1 1
2025-09-09 16:19:55,183 fastran_tr0_fastran_5 DEBUG    _invoke_service(): getTopic  ('_IPS_MONITOR',)
2025-09-09 16:19:55,183 fastran_tr0_fastran_5 DEBUG    _get_service_response(REQUEST|fastran_000001@fastran@5|FRAMEWORK@Framework@0|6)
2025-09-09 16:19:55,194 fastran_tr0_fastran_5 DEBUG    _get_service_response(REQUEST|fastran_000001@fastran@5|FRAMEWORK@Framework@0|6), response = ServiceResponseMessage(sender_id=FRAMEWORK@Framework@0, receiver_id=fastran_000001@fastran@5, request_msg_id=REQUEST|fastran_000001@fastran@5|FRAMEWORK@Framework@0|6,status=0, args=(<ipsframework.cca_es_spec.Topic object at 0x7f87c63eae20>,), message_id=RESPONSE|FRAMEWORK@Framework@0|fastran_000001@fastran@5|171)
2025-09-09 16:19:55,195 fastran_tr0_fastran_5 DEBUG    _invoke_service(): sendEvent  ('_IPS_MONITOR', 'PORTAL_EVENT', {'sim_name': 'fastran_000001', 'real_sim_name': 'fastran_000001', 'portal_data': {'code': 'fastran_tr0_fastran', 'eventtype': 'IPS_LAUNCH_TASK', 'ok': True, 'walltime': '27.26', 'time': '2025-09-09|16:19:55PDT', 'state': 'Running', 'comment': 'task_id = 2 , Tag = None , nproc = 1 , Target = srun -N 1 -n 1 -c 128 --threads-per-core=1 --cpu-bind=cores /global/common/software/atom/perlmutter/binaries/fastran/default/xfastran_ver1.00_ser 1 1'}})
2025-09-09 16:19:55,195 fastran_tr0_fastran_5 DEBUG    _get_service_response(REQUEST|fastran_000001@fastran@5|FRAMEWORK@Framework@0|7)
2025-09-09 16:19:55,205 fastran_tr0_fastran_5 DEBUG    _get_service_response(REQUEST|fastran_000001@fastran@5|FRAMEWORK@Framework@0|7), response = ServiceResponseMessage(sender_id=FRAMEWORK@Framework@0, receiver_id=fastran_000001@fastran@5, request_msg_id=REQUEST|fastran_000001@fastran@5|FRAMEWORK@Framework@0|7,status=0, args=(None,), message_id=RESPONSE|FRAMEWORK@Framework@0|fastran_000001@fastran@5|172)
2025-09-09 16:19:55,716 fastran_tr0_fastran_5 DEBUG    _invoke_service(): getTopic  ('_IPS_MONITOR',)
2025-09-09 16:19:55,716 fastran_tr0_fastran_5 DEBUG    _get_service_response(REQUEST|fastran_000001@fastran@5|FRAMEWORK@Framework@0|8)
2025-09-09 16:19:55,727 fastran_tr0_fastran_5 DEBUG    _get_service_response(REQUEST|fastran_000001@fastran@5|FRAMEWORK@Framework@0|8), response = ServiceResponseMessage(sender_id=FRAMEWORK@Framework@0, receiver_id=fastran_000001@fastran@5, request_msg_id=REQUEST|fastran_000001@fastran@5|FRAMEWORK@Framework@0|8,status=0, args=(<ipsframework.cca_es_spec.Topic object at 0x7f87c63eae80>,), message_id=RESPONSE|FRAMEWORK@Framework@0|fastran_000001@fastran@5|174)
2025-09-09 16:19:55,727 fastran_tr0_fastran_5 DEBUG    _invoke_service(): sendEvent  ('_IPS_MONITOR', 'PORTAL_EVENT', {'sim_name': 'fastran_000001', 'real_sim_name': 'fastran_000001', 'portal_data': {'code': 'fastran_tr0_fastran', 'eventtype': 'IPS_TASK_END', 'ok': True, 'walltime': '27.79', 'time': '2025-09-09|16:19:55PDT', 'trace': {'timestamp': 1757459995183524, 'duration': 532545, 'localEndpoint': {'serviceName': '/global/common/software/atom/perlmutter/binaries/fastran/default/xfastran_ver1.00_ser'}, 'name': '1 1', 'id': 'e1f4382dc949b230', 'parentId': 'e42f7710130c014f', 'tags': {'procs_requested': '1', 'cores_allocated': '128'}}, 'state': 'Running', 'comment': 'task_id = 2  elapsed time = 0.53 S'}})
2025-09-09 16:19:55,727 fastran_tr0_fastran_5 DEBUG    _get_service_response(REQUEST|fastran_000001@fastran@5|FRAMEWORK@Framework@0|9)
2025-09-09 16:19:55,737 fastran_tr0_fastran_5 DEBUG    _get_service_response(REQUEST|fastran_000001@fastran@5|FRAMEWORK@Framework@0|9), response = ServiceResponseMessage(sender_id=FRAMEWORK@Framework@0, receiver_id=fastran_000001@fastran@5, request_msg_id=REQUEST|fastran_000001@fastran@5|FRAMEWORK@Framework@0|9,status=0, args=(None,), message_id=RESPONSE|FRAMEWORK@Framework@0|fastran_000001@fastran@5|175)
2025-09-09 16:19:55,738 fastran_tr0_fastran_5 DEBUG    _invoke_service(): finish_task  (2, 0)
2025-09-09 16:19:55,738 fastran_tr0_fastran_5 DEBUG    _get_service_response(REQUEST|fastran_000001@fastran@5|FRAMEWORK@Framework@0|10)
2025-09-09 16:19:55,749 fastran_tr0_fastran_5 DEBUG    _get_service_response(REQUEST|fastran_000001@fastran@5|FRAMEWORK@Framework@0|10), response = ServiceResponseMessage(sender_id=FRAMEWORK@Framework@0, receiver_id=fastran_000001@fastran@5, request_msg_id=REQUEST|fastran_000001@fastran@5|FRAMEWORK@Framework@0|10,status=0, args=(0,), message_id=RESPONSE|FRAMEWORK@Framework@0|fastran_000001@fastran@5|176)
2025-09-09 16:19:55,921 fastran_tr0_fastran_5 DEBUG    _invoke_service(): update_state  (['s000001.00001', 'g000001.00001', 'i000001.00001', 'b000001.00001'], '/pscratch/sd/b/bassem/ips/tglf-ep_32_repeat/SCAN/work/fastran_tr0_fastran_5', '/pscratch/sd/b/bassem/ips/tglf-ep_32_repeat/SCAN/work/plasma_state')
2025-09-09 16:19:55,922 fastran_tr0_fastran_5 DEBUG    _get_service_response(REQUEST|fastran_000001@fastran@5|FRAMEWORK@Framework@0|11)
2025-09-09 16:19:55,945 fastran_tr0_fastran_5 DEBUG    _get_service_response(REQUEST|fastran_000001@fastran@5|FRAMEWORK@Framework@0|11), response = ServiceResponseMessage(sender_id=FRAMEWORK@Framework@0, receiver_id=fastran_000001@fastran@5, request_msg_id=REQUEST|fastran_000001@fastran@5|FRAMEWORK@Framework@0|11,status=0, args=(0,), message_id=RESPONSE|FRAMEWORK@Framework@0|fastran_000001@fastran@5|177)
2025-09-09 16:19:55,945 fastran_tr0_fastran_5 DEBUG    _invoke_service(): getTopic  ('_IPS_MONITOR',)
2025-09-09 16:19:55,945 fastran_tr0_fastran_5 DEBUG    _get_service_response(REQUEST|fastran_000001@fastran@5|FRAMEWORK@Framework@0|12)
2025-09-09 16:19:55,955 fastran_tr0_fastran_5 DEBUG    _get_service_response(REQUEST|fastran_000001@fastran@5|FRAMEWORK@Framework@0|12), response = ServiceResponseMessage(sender_id=FRAMEWORK@Framework@0, receiver_id=fastran_000001@fastran@5, request_msg_id=REQUEST|fastran_000001@fastran@5|FRAMEWORK@Framework@0|12,status=0, args=(<ipsframework.cca_es_spec.Topic object at 0x7f87c63eaf70>,), message_id=RESPONSE|FRAMEWORK@Framework@0|fastran_000001@fastran@5|178)
2025-09-09 16:19:55,955 fastran_tr0_fastran_5 DEBUG    _invoke_service(): sendEvent  ('_IPS_MONITOR', 'PORTAL_EVENT', {'sim_name': 'fastran_000001', 'real_sim_name': 'fastran_000001', 'portal_data': {'code': 'fastran_tr0_fastran', 'eventtype': 'IPS_UPDATE_STATE', 'ok': True, 'walltime': '28.02', 'time': '2025-09-09|16:19:55PDT', 'trace': {'timestamp': 1757459995921862, 'duration': 23274, 'localEndpoint': {'serviceName': 'update_state'}, 'name': "['s000001.00001', 'g000001.00001', 'i000001.00001', 'b000001.00001']", 'id': '2fc1229e1e650f1c', 'parentId': 'e42f7710130c014f', 'tags': {}}, 'state': 'Running', 'comment': 'Elapsed time = 0.023   files = s000001.00001 g000001.00001 i000001.00001 b000001.00001 Success'}})
2025-09-09 16:19:55,956 fastran_tr0_fastran_5 DEBUG    _get_service_response(REQUEST|fastran_000001@fastran@5|FRAMEWORK@Framework@0|13)
2025-09-09 16:19:55,966 fastran_tr0_fastran_5 DEBUG    _get_service_response(REQUEST|fastran_000001@fastran@5|FRAMEWORK@Framework@0|13), response = ServiceResponseMessage(sender_id=FRAMEWORK@Framework@0, receiver_id=fastran_000001@fastran@5, request_msg_id=REQUEST|fastran_000001@fastran@5|FRAMEWORK@Framework@0|13,status=0, args=(None,), message_id=RESPONSE|FRAMEWORK@Framework@0|fastran_000001@fastran@5|179)
2025-09-09 16:19:55,987 fastran_tr0_fastran_5 DEBUG    _invoke_service(): getTopic  ('_IPS_MONITOR',)
2025-09-09 16:19:55,987 fastran_tr0_fastran_5 DEBUG    _get_service_response(REQUEST|fastran_000001@fastran@5|FRAMEWORK@Framework@0|14)
2025-09-09 16:19:55,997 fastran_tr0_fastran_5 DEBUG    _get_service_response(REQUEST|fastran_000001@fastran@5|FRAMEWORK@Framework@0|14), response = ServiceResponseMessage(sender_id=FRAMEWORK@Framework@0, receiver_id=fastran_000001@fastran@5, request_msg_id=REQUEST|fastran_000001@fastran@5|FRAMEWORK@Framework@0|14,status=0, args=(<ipsframework.cca_es_spec.Topic object at 0x7f87c64131f0>,), message_id=RESPONSE|FRAMEWORK@Framework@0|fastran_000001@fastran@5|180)
2025-09-09 16:19:55,997 fastran_tr0_fastran_5 DEBUG    _invoke_service(): sendEvent  ('_IPS_MONITOR', 'PORTAL_EVENT', {'sim_name': 'fastran_000001', 'real_sim_name': 'fastran_000001', 'portal_data': {'code': 'fastran_tr0_fastran', 'eventtype': 'IPS_STAGE_OUTPUTS', 'ok': True, 'walltime': '28.06', 'time': '2025-09-09|16:19:55PDT', 'trace': {'timestamp': 1757459995966818, 'duration': 20390, 'localEndpoint': {'serviceName': 'stage_output_files'}, 'name': "['fastran.nc', 'inprof', 'inmetric', 'infastran', 'intglf', 'xfastran.log', 'i000001.00001']", 'id': '7349cfaaafc33980', 'parentId': 'e42f7710130c014f', 'tags': {}}, 'state': 'Running', 'comment': "Elapsed time = 0.020 Path = /pscratch/sd/b/bassem/ips/tglf-ep_32_repeat/SCAN/simulation_results/preprocess_0/components/fastran_tr0_fastran_5 Files = ['fastran.nc', 'inprof', 'inmetric', 'infastran', 'intglf', 'xfastran.log', 'i000001.00001']"}})
2025-09-09 16:19:55,997 fastran_tr0_fastran_5 DEBUG    _get_service_response(REQUEST|fastran_000001@fastran@5|FRAMEWORK@Framework@0|15)
2025-09-09 16:19:56,008 fastran_tr0_fastran_5 DEBUG    _get_service_response(REQUEST|fastran_000001@fastran@5|FRAMEWORK@Framework@0|15), response = ServiceResponseMessage(sender_id=FRAMEWORK@Framework@0, receiver_id=fastran_000001@fastran@5, request_msg_id=REQUEST|fastran_000001@fastran@5|FRAMEWORK@Framework@0|15,status=0, args=(None,), message_id=RESPONSE|FRAMEWORK@Framework@0|fastran_000001@fastran@5|181)
2025-09-09 16:19:56,019 fastran_driver_fastran_driver_2 DEBUG    _get_service_response(REQUEST|fastran_000001@fastran_driver@2|FRAMEWORK@Framework@0|72), response = ServiceResponseMessage(sender_id=FRAMEWORK@Framework@0, receiver_id=fastran_000001@fastran_driver@2, request_msg_id=REQUEST|fastran_000001@fastran_driver@2|FRAMEWORK@Framework@0|72,status=0, args=((None,),), message_id=RESPONSE|FRAMEWORK@Framework@0|fastran_000001@fastran_driver@2|182)
2025-09-09 16:19:56,019 fastran_driver_fastran_driver_2 DEBUG    _invoke_service(): getTopic  ('_IPS_MONITOR',)
2025-09-09 16:19:56,019 fastran_driver_fastran_driver_2 DEBUG    _get_service_response(REQUEST|fastran_000001@fastran_driver@2|FRAMEWORK@Framework@0|73)
2025-09-09 16:19:56,030 fastran_driver_fastran_driver_2 DEBUG    _get_service_response(REQUEST|fastran_000001@fastran_driver@2|FRAMEWORK@Framework@0|73), response = ServiceResponseMessage(sender_id=FRAMEWORK@Framework@0, receiver_id=fastran_000001@fastran_driver@2, request_msg_id=REQUEST|fastran_000001@fastran_driver@2|FRAMEWORK@Framework@0|73,status=0, args=(<ipsframework.cca_es_spec.Topic object at 0x7f87c63e01f0>,), message_id=RESPONSE|FRAMEWORK@Framework@0|fastran_000001@fastran_driver@2|183)
2025-09-09 16:19:56,030 fastran_driver_fastran_driver_2 DEBUG    _invoke_service(): sendEvent  ('_IPS_MONITOR', 'PORTAL_EVENT', {'sim_name': 'fastran_000001', 'real_sim_name': 'fastran_000001', 'portal_data': {'code': 'fastran_driver_fastran_driver', 'eventtype': 'IPS_CALL_END', 'ok': True, 'walltime': '28.10', 'time': '2025-09-09|16:19:56PDT', 'trace': {'timestamp': 1757459994962825, 'duration': 1056732, 'localEndpoint': {'serviceName': 'fastran_000001@fastran@5'}, 'name': 'step(preprocess_0)', 'id': 'e42f7710130c014f', 'parentId': '15e0663de819b9fa', 'tags': {}}, 'state': 'Running', 'comment': 'Target = fastran_000001@fastran@5:step(preprocess_0)'}})
2025-09-09 16:19:56,030 fastran_driver_fastran_driver_2 DEBUG    _get_service_response(REQUEST|fastran_000001@fastran_driver@2|FRAMEWORK@Framework@0|74)
2025-09-09 16:19:56,041 fastran_driver_fastran_driver_2 DEBUG    _get_service_response(REQUEST|fastran_000001@fastran_driver@2|FRAMEWORK@Framework@0|74), response = ServiceResponseMessage(sender_id=FRAMEWORK@Framework@0, receiver_id=fastran_000001@fastran_driver@2, request_msg_id=REQUEST|fastran_000001@fastran_driver@2|FRAMEWORK@Framework@0|74,status=0, args=(None,), message_id=RESPONSE|FRAMEWORK@Framework@0|fastran_000001@fastran_driver@2|184)
2025-09-09 16:19:56,042 fastran_driver_fastran_driver_2 DEBUG    _invoke_service(): getTopic  ('_IPS_MONITOR',)
2025-09-09 16:19:56,042 fastran_driver_fastran_driver_2 DEBUG    _get_service_response(REQUEST|fastran_000001@fastran_driver@2|FRAMEWORK@Framework@0|75)
2025-09-09 16:19:56,052 fastran_driver_fastran_driver_2 DEBUG    _get_service_response(REQUEST|fastran_000001@fastran_driver@2|FRAMEWORK@Framework@0|75), response = ServiceResponseMessage(sender_id=FRAMEWORK@Framework@0, receiver_id=fastran_000001@fastran_driver@2, request_msg_id=REQUEST|fastran_000001@fastran_driver@2|FRAMEWORK@Framework@0|75,status=0, args=(<ipsframework.cca_es_spec.Topic object at 0x7f87c63e0280>,), message_id=RESPONSE|FRAMEWORK@Framework@0|fastran_000001@fastran_driver@2|185)
2025-09-09 16:19:56,053 fastran_driver_fastran_driver_2 DEBUG    _invoke_service(): sendEvent  ('_IPS_MONITOR', 'PORTAL_EVENT', {'sim_name': 'fastran_000001', 'real_sim_name': 'fastran_000001', 'portal_data': {'code': 'fastran_driver_fastran_driver', 'eventtype': 'IPS_CALL_BEGIN', 'ok': True, 'walltime': '28.12', 'time': '2025-09-09|16:19:56PDT', 'state': 'Running', 'comment': 'Target = fastran_000001@modeleq_constraint@6:step(preprocess_0)'}})
2025-09-09 16:19:56,053 fastran_driver_fastran_driver_2 DEBUG    _get_service_response(REQUEST|fastran_000001@fastran_driver@2|FRAMEWORK@Framework@0|76)
2025-09-09 16:19:56,064 fastran_driver_fastran_driver_2 DEBUG    _get_service_response(REQUEST|fastran_000001@fastran_driver@2|FRAMEWORK@Framework@0|76), response = ServiceResponseMessage(sender_id=FRAMEWORK@Framework@0, receiver_id=fastran_000001@fastran_driver@2, request_msg_id=REQUEST|fastran_000001@fastran_driver@2|FRAMEWORK@Framework@0|76,status=0, args=(None,), message_id=RESPONSE|FRAMEWORK@Framework@0|fastran_000001@fastran_driver@2|186)
2025-09-09 16:19:56,064 fastran_driver_fastran_driver_2 DEBUG    _invoke_service(): init_call  ('step', 'preprocess_0')
2025-09-09 16:19:56,064 fastran_driver_fastran_driver_2 DEBUG    _get_service_response(REQUEST|fastran_000001@fastran_driver@2|FRAMEWORK@Framework@0|77)
2025-09-09 16:19:56,065 fastran__modeleq_constraint_6 DEBUG    Received Message 
2025-09-09 16:19:56,065 fastran__modeleq_constraint_6 DEBUG    Calling method step(preprocess_0)
2025-09-09 16:19:56,065 fastran__modeleq_constraint_6 DEBUG    _invoke_service(): stage_state  (['s000001.00001', 'g000001.00001', 'i000001.00001', 'b000001.00001'], '/pscratch/sd/b/bassem/ips/tglf-ep_32_repeat/SCAN/work/plasma_state', '/pscratch/sd/b/bassem/ips/tglf-ep_32_repeat/SCAN/work/fastran__modeleq_constraint_6')
2025-09-09 16:19:56,065 fastran__modeleq_constraint_6 DEBUG    _get_service_response(REQUEST|fastran_000001@modeleq_constraint@6|FRAMEWORK@Framework@0|0)
2025-09-09 16:19:56,075 fastran_driver_fastran_driver_2 DEBUG    _get_service_response(REQUEST|fastran_000001@fastran_driver@2|FRAMEWORK@Framework@0|77), response = ServiceResponseMessage(sender_id=FRAMEWORK@Framework@0, receiver_id=fastran_000001@fastran_driver@2, request_msg_id=REQUEST|fastran_000001@fastran_driver@2|FRAMEWORK@Framework@0|77,status=0, args=(20,), message_id=RESPONSE|FRAMEWORK@Framework@0|fastran_000001@fastran_driver@2|187)
2025-09-09 16:19:56,075 fastran_driver_fastran_driver_2 DEBUG    _invoke_service(): wait_call  (20, True)
2025-09-09 16:19:56,075 fastran_driver_fastran_driver_2 DEBUG    _get_service_response(REQUEST|fastran_000001@fastran_driver@2|FRAMEWORK@Framework@0|78)
2025-09-09 16:19:56,089 fastran__modeleq_constraint_6 DEBUG    _get_service_response(REQUEST|fastran_000001@modeleq_constraint@6|FRAMEWORK@Framework@0|0), response = ServiceResponseMessage(sender_id=FRAMEWORK@Framework@0, receiver_id=fastran_000001@modeleq_constraint@6, request_msg_id=REQUEST|fastran_000001@modeleq_constraint@6|FRAMEWORK@Framework@0|0,status=0, args=(0,), message_id=RESPONSE|FRAMEWORK@Framework@0|fastran_000001@modeleq_constraint@6|188)
2025-09-09 16:19:56,089 fastran__modeleq_constraint_6 DEBUG    _invoke_service(): getTopic  ('_IPS_MONITOR',)
2025-09-09 16:19:56,089 fastran__modeleq_constraint_6 DEBUG    _get_service_response(REQUEST|fastran_000001@modeleq_constraint@6|FRAMEWORK@Framework@0|1)
2025-09-09 16:19:56,100 fastran__modeleq_constraint_6 DEBUG    _get_service_response(REQUEST|fastran_000001@modeleq_constraint@6|FRAMEWORK@Framework@0|1), response = ServiceResponseMessage(sender_id=FRAMEWORK@Framework@0, receiver_id=fastran_000001@modeleq_constraint@6, request_msg_id=REQUEST|fastran_000001@modeleq_constraint@6|FRAMEWORK@Framework@0|1,status=0, args=(<ipsframework.cca_es_spec.Topic object at 0x7f87c63eae50>,), message_id=RESPONSE|FRAMEWORK@Framework@0|fastran_000001@modeleq_constraint@6|189)
2025-09-09 16:19:56,100 fastran__modeleq_constraint_6 DEBUG    _invoke_service(): sendEvent  ('_IPS_MONITOR', 'PORTAL_EVENT', {'sim_name': 'fastran_000001', 'real_sim_name': 'fastran_000001', 'portal_data': {'code': 'fastran__modeleq_constraint', 'eventtype': 'IPS_STAGE_STATE', 'ok': True, 'walltime': '28.17', 'time': '2025-09-09|16:19:56PDT', 'trace': {'timestamp': 1757459996065446, 'duration': 23948, 'localEndpoint': {'serviceName': 'stage_state'}, 'name': "['s000001.00001', 'g000001.00001', 'i000001.00001', 'b000001.00001']", 'id': 'ff3119918b5e7670', 'parentId': '7f2dbad5c18e7335', 'tags': {}}, 'state': 'Running', 'comment': 'Elapsed time = 0.024  files = s000001.00001 g000001.00001 i000001.00001 b000001.00001 Success'}})
2025-09-09 16:19:56,100 fastran__modeleq_constraint_6 DEBUG    _get_service_response(REQUEST|fastran_000001@modeleq_constraint@6|FRAMEWORK@Framework@0|2)
2025-09-09 16:19:56,111 fastran__modeleq_constraint_6 DEBUG    _get_service_response(REQUEST|fastran_000001@modeleq_constraint@6|FRAMEWORK@Framework@0|2), response = ServiceResponseMessage(sender_id=FRAMEWORK@Framework@0, receiver_id=fastran_000001@modeleq_constraint@6, request_msg_id=REQUEST|fastran_000001@modeleq_constraint@6|FRAMEWORK@Framework@0|2,status=0, args=(None,), message_id=RESPONSE|FRAMEWORK@Framework@0|fastran_000001@modeleq_constraint@6|190)
2025-09-09 16:19:57,189 fastran__modeleq_constraint_6 DEBUG    _invoke_service(): update_state  (['s000001.00001', 'g000001.00001', 'i000001.00001', 'b000001.00001'], '/pscratch/sd/b/bassem/ips/tglf-ep_32_repeat/SCAN/work/fastran__modeleq_constraint_6', '/pscratch/sd/b/bassem/ips/tglf-ep_32_repeat/SCAN/work/plasma_state')
2025-09-09 16:19:57,190 fastran__modeleq_constraint_6 DEBUG    _get_service_response(REQUEST|fastran_000001@modeleq_constraint@6|FRAMEWORK@Framework@0|3)
2025-09-09 16:19:57,214 fastran__modeleq_constraint_6 DEBUG    _get_service_response(REQUEST|fastran_000001@modeleq_constraint@6|FRAMEWORK@Framework@0|3), response = ServiceResponseMessage(sender_id=FRAMEWORK@Framework@0, receiver_id=fastran_000001@modeleq_constraint@6, request_msg_id=REQUEST|fastran_000001@modeleq_constraint@6|FRAMEWORK@Framework@0|3,status=0, args=(0,), message_id=RESPONSE|FRAMEWORK@Framework@0|fastran_000001@modeleq_constraint@6|194)
2025-09-09 16:19:57,214 fastran__modeleq_constraint_6 DEBUG    _invoke_service(): getTopic  ('_IPS_MONITOR',)
2025-09-09 16:19:57,214 fastran__modeleq_constraint_6 DEBUG    _get_service_response(REQUEST|fastran_000001@modeleq_constraint@6|FRAMEWORK@Framework@0|4)
2025-09-09 16:19:57,225 fastran__modeleq_constraint_6 DEBUG    _get_service_response(REQUEST|fastran_000001@modeleq_constraint@6|FRAMEWORK@Framework@0|4), response = ServiceResponseMessage(sender_id=FRAMEWORK@Framework@0, receiver_id=fastran_000001@modeleq_constraint@6, request_msg_id=REQUEST|fastran_000001@modeleq_constraint@6|FRAMEWORK@Framework@0|4,status=0, args=(<ipsframework.cca_es_spec.Topic object at 0x7f87c63ad6a0>,), message_id=RESPONSE|FRAMEWORK@Framework@0|fastran_000001@modeleq_constraint@6|195)
2025-09-09 16:19:57,225 fastran__modeleq_constraint_6 DEBUG    _invoke_service(): sendEvent  ('_IPS_MONITOR', 'PORTAL_EVENT', {'sim_name': 'fastran_000001', 'real_sim_name': 'fastran_000001', 'portal_data': {'code': 'fastran__modeleq_constraint', 'eventtype': 'IPS_UPDATE_STATE', 'ok': True, 'walltime': '29.29', 'time': '2025-09-09|16:19:57PDT', 'trace': {'timestamp': 1757459997185438, 'duration': 28649, 'localEndpoint': {'serviceName': 'update_state'}, 'name': "['s000001.00001', 'g000001.00001', 'i000001.00001', 'b000001.00001']", 'id': '2fc1229e1e650f1c', 'parentId': '7f2dbad5c18e7335', 'tags': {}}, 'state': 'Running', 'comment': 'Elapsed time = 0.029   files = s000001.00001 g000001.00001 i000001.00001 b000001.00001 Success'}})
2025-09-09 16:19:57,225 fastran__modeleq_constraint_6 DEBUG    _get_service_response(REQUEST|fastran_000001@modeleq_constraint@6|FRAMEWORK@Framework@0|5)
2025-09-09 16:19:57,236 fastran__modeleq_constraint_6 DEBUG    _get_service_response(REQUEST|fastran_000001@modeleq_constraint@6|FRAMEWORK@Framework@0|5), response = ServiceResponseMessage(sender_id=FRAMEWORK@Framework@0, receiver_id=fastran_000001@modeleq_constraint@6, request_msg_id=REQUEST|fastran_000001@modeleq_constraint@6|FRAMEWORK@Framework@0|5,status=0, args=(None,), message_id=RESPONSE|FRAMEWORK@Framework@0|fastran_000001@modeleq_constraint@6|196)
2025-09-09 16:19:57,238 fastran__modeleq_constraint_6 DEBUG    _invoke_service(): getTopic  ('_IPS_MONITOR',)
2025-09-09 16:19:57,238 fastran__modeleq_constraint_6 DEBUG    _get_service_response(REQUEST|fastran_000001@modeleq_constraint@6|FRAMEWORK@Framework@0|6)
2025-09-09 16:19:57,248 fastran__modeleq_constraint_6 DEBUG    _get_service_response(REQUEST|fastran_000001@modeleq_constraint@6|FRAMEWORK@Framework@0|6), response = ServiceResponseMessage(sender_id=FRAMEWORK@Framework@0, receiver_id=fastran_000001@modeleq_constraint@6, request_msg_id=REQUEST|fastran_000001@modeleq_constraint@6|FRAMEWORK@Framework@0|6,status=0, args=(<ipsframework.cca_es_spec.Topic object at 0x7f87c63ad790>,), message_id=RESPONSE|FRAMEWORK@Framework@0|fastran_000001@modeleq_constraint@6|197)
2025-09-09 16:19:57,248 fastran__modeleq_constraint_6 DEBUG    _invoke_service(): sendEvent  ('_IPS_MONITOR', 'PORTAL_EVENT', {'sim_name': 'fastran_000001', 'real_sim_name': 'fastran_000001', 'portal_data': {'code': 'fastran__modeleq_constraint', 'eventtype': 'IPS_STAGE_OUTPUTS', 'ok': True, 'walltime': '29.31', 'time': '2025-09-09|16:19:57PDT', 'trace': {'timestamp': 1757459997236633, 'duration': 1401, 'localEndpoint': {'serviceName': 'stage_output_files'}, 'name': '[]', 'id': 'ed019efe11be26d9', 'parentId': '7f2dbad5c18e7335', 'tags': {}}, 'state': 'Running', 'comment': 'Elapsed time = 0.001 Path = /pscratch/sd/b/bassem/ips/tglf-ep_32_repeat/SCAN/simulation_results/preprocess_0/components/fastran__modeleq_constraint_6 Files = []'}})
2025-09-09 16:19:57,248 fastran__modeleq_constraint_6 DEBUG    _get_service_response(REQUEST|fastran_000001@modeleq_constraint@6|FRAMEWORK@Framework@0|7)
2025-09-09 16:19:57,259 fastran__modeleq_constraint_6 DEBUG    _get_service_response(REQUEST|fastran_000001@modeleq_constraint@6|FRAMEWORK@Framework@0|7), response = ServiceResponseMessage(sender_id=FRAMEWORK@Framework@0, receiver_id=fastran_000001@modeleq_constraint@6, request_msg_id=REQUEST|fastran_000001@modeleq_constraint@6|FRAMEWORK@Framework@0|7,status=0, args=(None,), message_id=RESPONSE|FRAMEWORK@Framework@0|fastran_000001@modeleq_constraint@6|198)
2025-09-09 16:19:57,273 fastran_driver_fastran_driver_2 DEBUG    _get_service_response(REQUEST|fastran_000001@fastran_driver@2|FRAMEWORK@Framework@0|78), response = ServiceResponseMessage(sender_id=FRAMEWORK@Framework@0, receiver_id=fastran_000001@fastran_driver@2, request_msg_id=REQUEST|fastran_000001@fastran_driver@2|FRAMEWORK@Framework@0|78,status=0, args=((None,),), message_id=RESPONSE|FRAMEWORK@Framework@0|fastran_000001@fastran_driver@2|199)
2025-09-09 16:19:57,273 fastran_driver_fastran_driver_2 DEBUG    _invoke_service(): getTopic  ('_IPS_MONITOR',)
2025-09-09 16:19:57,273 fastran_driver_fastran_driver_2 DEBUG    _get_service_response(REQUEST|fastran_000001@fastran_driver@2|FRAMEWORK@Framework@0|79)
2025-09-09 16:19:57,284 fastran_driver_fastran_driver_2 DEBUG    _get_service_response(REQUEST|fastran_000001@fastran_driver@2|FRAMEWORK@Framework@0|79), response = ServiceResponseMessage(sender_id=FRAMEWORK@Framework@0, receiver_id=fastran_000001@fastran_driver@2, request_msg_id=REQUEST|fastran_000001@fastran_driver@2|FRAMEWORK@Framework@0|79,status=0, args=(<ipsframework.cca_es_spec.Topic object at 0x7f87c63e01f0>,), message_id=RESPONSE|FRAMEWORK@Framework@0|fastran_000001@fastran_driver@2|200)
2025-09-09 16:19:57,284 fastran_driver_fastran_driver_2 DEBUG    _invoke_service(): sendEvent  ('_IPS_MONITOR', 'PORTAL_EVENT', {'sim_name': 'fastran_000001', 'real_sim_name': 'fastran_000001', 'portal_data': {'code': 'fastran_driver_fastran_driver', 'eventtype': 'IPS_CALL_END', 'ok': True, 'walltime': '29.35', 'time': '2025-09-09|16:19:57PDT', 'trace': {'timestamp': 1757459996075263, 'duration': 1197970, 'localEndpoint': {'serviceName': 'fastran_000001@modeleq_constraint@6'}, 'name': 'step(preprocess_0)', 'id': '7f2dbad5c18e7335', 'parentId': '15e0663de819b9fa', 'tags': {}}, 'state': 'Running', 'comment': 'Target = fastran_000001@modeleq_constraint@6:step(preprocess_0)'}})
2025-09-09 16:19:57,284 fastran_driver_fastran_driver_2 DEBUG    _get_service_response(REQUEST|fastran_000001@fastran_driver@2|FRAMEWORK@Framework@0|80)
2025-09-09 16:19:57,295 fastran_driver_fastran_driver_2 DEBUG    _get_service_response(REQUEST|fastran_000001@fastran_driver@2|FRAMEWORK@Framework@0|80), response = ServiceResponseMessage(sender_id=FRAMEWORK@Framework@0, receiver_id=fastran_000001@fastran_driver@2, request_msg_id=REQUEST|fastran_000001@fastran_driver@2|FRAMEWORK@Framework@0|80,status=0, args=(None,), message_id=RESPONSE|FRAMEWORK@Framework@0|fastran_000001@fastran_driver@2|201)
2025-09-09 16:19:57,295 fastran_driver_fastran_driver_2 DEBUG    _invoke_service(): getTopic  ('_IPS_MONITOR',)
2025-09-09 16:19:57,295 fastran_driver_fastran_driver_2 DEBUG    _get_service_response(REQUEST|fastran_000001@fastran_driver@2|FRAMEWORK@Framework@0|81)
2025-09-09 16:19:57,306 fastran_driver_fastran_driver_2 DEBUG    _get_service_response(REQUEST|fastran_000001@fastran_driver@2|FRAMEWORK@Framework@0|81), response = ServiceResponseMessage(sender_id=FRAMEWORK@Framework@0, receiver_id=fastran_000001@fastran_driver@2, request_msg_id=REQUEST|fastran_000001@fastran_driver@2|FRAMEWORK@Framework@0|81,status=0, args=(<ipsframework.cca_es_spec.Topic object at 0x7f87c63e01c0>,), message_id=RESPONSE|FRAMEWORK@Framework@0|fastran_000001@fastran_driver@2|202)
2025-09-09 16:19:57,306 fastran_driver_fastran_driver_2 DEBUG    _invoke_service(): sendEvent  ('_IPS_MONITOR', 'PORTALBRIDGE_UPDATE_TIMESTAMP', {'sim_name': 'fastran_000001', 'real_sim_name': 'fastran_000001', 'portal_data': {'phystimestamp': 'preprocess_1', 'eventtype': 'PORTALBRIDGE_UPDATE_TIMESTAMP'}})
2025-09-09 16:19:57,306 fastran_driver_fastran_driver_2 DEBUG    _get_service_response(REQUEST|fastran_000001@fastran_driver@2|FRAMEWORK@Framework@0|82)
2025-09-09 16:19:57,317 fastran_driver_fastran_driver_2 DEBUG    _get_service_response(REQUEST|fastran_000001@fastran_driver@2|FRAMEWORK@Framework@0|82), response = ServiceResponseMessage(sender_id=FRAMEWORK@Framework@0, receiver_id=fastran_000001@fastran_driver@2, request_msg_id=REQUEST|fastran_000001@fastran_driver@2|FRAMEWORK@Framework@0|82,status=0, args=(None,), message_id=RESPONSE|FRAMEWORK@Framework@0|fastran_000001@fastran_driver@2|203)
2025-09-09 16:19:57,317 fastran_driver_fastran_driver_2 DEBUG    _invoke_service(): getTopic  ('_IPS_MONITOR',)
2025-09-09 16:19:57,317 fastran_driver_fastran_driver_2 DEBUG    _get_service_response(REQUEST|fastran_000001@fastran_driver@2|FRAMEWORK@Framework@0|83)
2025-09-09 16:19:57,328 fastran_driver_fastran_driver_2 DEBUG    _get_service_response(REQUEST|fastran_000001@fastran_driver@2|FRAMEWORK@Framework@0|83), response = ServiceResponseMessage(sender_id=FRAMEWORK@Framework@0, receiver_id=fastran_000001@fastran_driver@2, request_msg_id=REQUEST|fastran_000001@fastran_driver@2|FRAMEWORK@Framework@0|83,status=0, args=(<ipsframework.cca_es_spec.Topic object at 0x7f87c63e0160>,), message_id=RESPONSE|FRAMEWORK@Framework@0|fastran_000001@fastran_driver@2|204)
2025-09-09 16:19:57,328 fastran_driver_fastran_driver_2 DEBUG    _invoke_service(): sendEvent  ('_IPS_MONITOR', 'PORTAL_EVENT', {'sim_name': 'fastran_000001', 'real_sim_name': 'fastran_000001', 'portal_data': {'code': 'fastran_driver_fastran_driver', 'eventtype': 'IPS_UPDATE_TIME_STAMP', 'ok': True, 'walltime': '29.39', 'time': '2025-09-09|16:19:57PDT', 'state': 'Running', 'comment': 'Timestamp = preprocess_1'}})
2025-09-09 16:19:57,328 fastran_driver_fastran_driver_2 DEBUG    _get_service_response(REQUEST|fastran_000001@fastran_driver@2|FRAMEWORK@Framework@0|84)
2025-09-09 16:19:57,339 fastran_driver_fastran_driver_2 DEBUG    _get_service_response(REQUEST|fastran_000001@fastran_driver@2|FRAMEWORK@Framework@0|84), response = ServiceResponseMessage(sender_id=FRAMEWORK@Framework@0, receiver_id=fastran_000001@fastran_driver@2, request_msg_id=REQUEST|fastran_000001@fastran_driver@2|FRAMEWORK@Framework@0|84,status=0, args=(None,), message_id=RESPONSE|FRAMEWORK@Framework@0|fastran_000001@fastran_driver@2|205)
2025-09-09 16:19:57,339 fastran_driver_fastran_driver_2 DEBUG    _invoke_service(): getTopic  ('_IPS_MONITOR',)
2025-09-09 16:19:57,339 fastran_driver_fastran_driver_2 DEBUG    _get_service_response(REQUEST|fastran_000001@fastran_driver@2|FRAMEWORK@Framework@0|85)
2025-09-09 16:19:57,350 fastran_driver_fastran_driver_2 DEBUG    _get_service_response(REQUEST|fastran_000001@fastran_driver@2|FRAMEWORK@Framework@0|85), response = ServiceResponseMessage(sender_id=FRAMEWORK@Framework@0, receiver_id=fastran_000001@fastran_driver@2, request_msg_id=REQUEST|fastran_000001@fastran_driver@2|FRAMEWORK@Framework@0|85,status=0, args=(<ipsframework.cca_es_spec.Topic object at 0x7f87c63e01f0>,), message_id=RESPONSE|FRAMEWORK@Framework@0|fastran_000001@fastran_driver@2|206)
2025-09-09 16:19:57,350 fastran_driver_fastran_driver_2 DEBUG    _invoke_service(): sendEvent  ('_IPS_MONITOR', 'PORTAL_EVENT', {'sim_name': 'fastran_000001', 'real_sim_name': 'fastran_000001', 'portal_data': {'code': 'fastran_driver_fastran_driver', 'eventtype': 'IPS_CALL_BEGIN', 'ok': True, 'walltime': '29.42', 'time': '2025-09-09|16:19:57PDT', 'state': 'Running', 'comment': 'Target = fastran_000001@efit@3:step(preprocess_1)'}})
2025-09-09 16:19:57,350 fastran_driver_fastran_driver_2 DEBUG    _get_service_response(REQUEST|fastran_000001@fastran_driver@2|FRAMEWORK@Framework@0|86)
2025-09-09 16:19:57,361 fastran_driver_fastran_driver_2 DEBUG    _get_service_response(REQUEST|fastran_000001@fastran_driver@2|FRAMEWORK@Framework@0|86), response = ServiceResponseMessage(sender_id=FRAMEWORK@Framework@0, receiver_id=fastran_000001@fastran_driver@2, request_msg_id=REQUEST|fastran_000001@fastran_driver@2|FRAMEWORK@Framework@0|86,status=0, args=(None,), message_id=RESPONSE|FRAMEWORK@Framework@0|fastran_000001@fastran_driver@2|207)
2025-09-09 16:19:57,361 fastran_driver_fastran_driver_2 DEBUG    _invoke_service(): init_call  ('step', 'preprocess_1')
2025-09-09 16:19:57,361 fastran_driver_fastran_driver_2 DEBUG    _get_service_response(REQUEST|fastran_000001@fastran_driver@2|FRAMEWORK@Framework@0|87)
2025-09-09 16:19:57,362 fastran_eq0_efit_3 DEBUG    Received Message 
2025-09-09 16:19:57,362 fastran_eq0_efit_3 DEBUG    Calling method step(preprocess_1)
2025-09-09 16:19:57,363 fastran_eq0_efit_3 DEBUG    _invoke_service(): stage_state  (['s000001.00001', 'g000001.00001', 'i000001.00001', 'b000001.00001'], '/pscratch/sd/b/bassem/ips/tglf-ep_32_repeat/SCAN/work/plasma_state', '/pscratch/sd/b/bassem/ips/tglf-ep_32_repeat/SCAN/work/fastran_eq0_efit_3')
2025-09-09 16:19:57,363 fastran_eq0_efit_3 DEBUG    _get_service_response(REQUEST|fastran_000001@efit@3|FRAMEWORK@Framework@0|14)
2025-09-09 16:19:57,372 fastran_driver_fastran_driver_2 DEBUG    _get_service_response(REQUEST|fastran_000001@fastran_driver@2|FRAMEWORK@Framework@0|87), response = ServiceResponseMessage(sender_id=FRAMEWORK@Framework@0, receiver_id=fastran_000001@fastran_driver@2, request_msg_id=REQUEST|fastran_000001@fastran_driver@2|FRAMEWORK@Framework@0|87,status=0, args=(21,), message_id=RESPONSE|FRAMEWORK@Framework@0|fastran_000001@fastran_driver@2|208)
2025-09-09 16:19:57,372 fastran_driver_fastran_driver_2 DEBUG    _invoke_service(): wait_call  (21, True)
2025-09-09 16:19:57,372 fastran_driver_fastran_driver_2 DEBUG    _get_service_response(REQUEST|fastran_000001@fastran_driver@2|FRAMEWORK@Framework@0|88)
2025-09-09 16:19:57,386 fastran_eq0_efit_3 DEBUG    _get_service_response(REQUEST|fastran_000001@efit@3|FRAMEWORK@Framework@0|14), response = ServiceResponseMessage(sender_id=FRAMEWORK@Framework@0, receiver_id=fastran_000001@efit@3, request_msg_id=REQUEST|fastran_000001@efit@3|FRAMEWORK@Framework@0|14,status=0, args=(0,), message_id=RESPONSE|FRAMEWORK@Framework@0|fastran_000001@efit@3|209)
2025-09-09 16:19:57,387 fastran_eq0_efit_3 DEBUG    _invoke_service(): getTopic  ('_IPS_MONITOR',)
2025-09-09 16:19:57,387 fastran_eq0_efit_3 DEBUG    _get_service_response(REQUEST|fastran_000001@efit@3|FRAMEWORK@Framework@0|15)
2025-09-09 16:19:57,397 fastran_eq0_efit_3 DEBUG    _get_service_response(REQUEST|fastran_000001@efit@3|FRAMEWORK@Framework@0|15), response = ServiceResponseMessage(sender_id=FRAMEWORK@Framework@0, receiver_id=fastran_000001@efit@3, request_msg_id=REQUEST|fastran_000001@efit@3|FRAMEWORK@Framework@0|15,status=0, args=(<ipsframework.cca_es_spec.Topic object at 0x7f87c63ddfd0>,), message_id=RESPONSE|FRAMEWORK@Framework@0|fastran_000001@efit@3|210)
2025-09-09 16:19:57,397 fastran_eq0_efit_3 DEBUG    _invoke_service(): sendEvent  ('_IPS_MONITOR', 'PORTAL_EVENT', {'sim_name': 'fastran_000001', 'real_sim_name': 'fastran_000001', 'portal_data': {'code': 'fastran_eq0_efit', 'eventtype': 'IPS_STAGE_STATE', 'ok': True, 'walltime': '29.46', 'time': '2025-09-09|16:19:57PDT', 'trace': {'timestamp': 1757459997363215, 'duration': 23750, 'localEndpoint': {'serviceName': 'stage_state'}, 'name': "['s000001.00001', 'g000001.00001', 'i000001.00001', 'b000001.00001']", 'id': 'ff3119918b5e7670', 'parentId': '8415c8d4facbd58d', 'tags': {}}, 'state': 'Running', 'comment': 'Elapsed time = 0.024  files = s000001.00001 g000001.00001 i000001.00001 b000001.00001 Success'}})
2025-09-09 16:19:57,398 fastran_eq0_efit_3 DEBUG    _get_service_response(REQUEST|fastran_000001@efit@3|FRAMEWORK@Framework@0|16)
2025-09-09 16:19:57,409 fastran_eq0_efit_3 DEBUG    _get_service_response(REQUEST|fastran_000001@efit@3|FRAMEWORK@Framework@0|16), response = ServiceResponseMessage(sender_id=FRAMEWORK@Framework@0, receiver_id=fastran_000001@efit@3, request_msg_id=REQUEST|fastran_000001@efit@3|FRAMEWORK@Framework@0|16,status=0, args=(None,), message_id=RESPONSE|FRAMEWORK@Framework@0|fastran_000001@efit@3|211)
2025-09-09 16:20:11,617 fastran_eq0_efit_3 DEBUG    _invoke_service(): update_state  (['s000001.00001', 'g000001.00001', 'i000001.00001', 'b000001.00001'], '/pscratch/sd/b/bassem/ips/tglf-ep_32_repeat/SCAN/work/fastran_eq0_efit_3', '/pscratch/sd/b/bassem/ips/tglf-ep_32_repeat/SCAN/work/plasma_state')
2025-09-09 16:20:11,619 fastran_eq0_efit_3 DEBUG    _get_service_response(REQUEST|fastran_000001@efit@3|FRAMEWORK@Framework@0|17)
2025-09-09 16:20:11,643 fastran_eq0_efit_3 DEBUG    _get_service_response(REQUEST|fastran_000001@efit@3|FRAMEWORK@Framework@0|17), response = ServiceResponseMessage(sender_id=FRAMEWORK@Framework@0, receiver_id=fastran_000001@efit@3, request_msg_id=REQUEST|fastran_000001@efit@3|FRAMEWORK@Framework@0|17,status=0, args=(0,), message_id=RESPONSE|FRAMEWORK@Framework@0|fastran_000001@efit@3|240)
2025-09-09 16:20:11,644 fastran_eq0_efit_3 DEBUG    _invoke_service(): getTopic  ('_IPS_MONITOR',)
2025-09-09 16:20:11,644 fastran_eq0_efit_3 DEBUG    _get_service_response(REQUEST|fastran_000001@efit@3|FRAMEWORK@Framework@0|18)
2025-09-09 16:20:11,655 fastran_eq0_efit_3 DEBUG    _get_service_response(REQUEST|fastran_000001@efit@3|FRAMEWORK@Framework@0|18), response = ServiceResponseMessage(sender_id=FRAMEWORK@Framework@0, receiver_id=fastran_000001@efit@3, request_msg_id=REQUEST|fastran_000001@efit@3|FRAMEWORK@Framework@0|18,status=0, args=(<ipsframework.cca_es_spec.Topic object at 0x7f87c639b970>,), message_id=RESPONSE|FRAMEWORK@Framework@0|fastran_000001@efit@3|241)
2025-09-09 16:20:11,655 fastran_eq0_efit_3 DEBUG    _invoke_service(): sendEvent  ('_IPS_MONITOR', 'PORTAL_EVENT', {'sim_name': 'fastran_000001', 'real_sim_name': 'fastran_000001', 'portal_data': {'code': 'fastran_eq0_efit', 'eventtype': 'IPS_UPDATE_STATE', 'ok': True, 'walltime': '43.72', 'time': '2025-09-09|16:20:11PDT', 'trace': {'timestamp': 1757460011616557, 'duration': 27153, 'localEndpoint': {'serviceName': 'update_state'}, 'name': "['s000001.00001', 'g000001.00001', 'i000001.00001', 'b000001.00001']", 'id': '2fc1229e1e650f1c', 'parentId': '8415c8d4facbd58d', 'tags': {}}, 'state': 'Running', 'comment': 'Elapsed time = 0.027   files = s000001.00001 g000001.00001 i000001.00001 b000001.00001 Success'}})
2025-09-09 16:20:11,655 fastran_eq0_efit_3 DEBUG    _get_service_response(REQUEST|fastran_000001@efit@3|FRAMEWORK@Framework@0|19)
2025-09-09 16:20:11,666 fastran_eq0_efit_3 DEBUG    _get_service_response(REQUEST|fastran_000001@efit@3|FRAMEWORK@Framework@0|19), response = ServiceResponseMessage(sender_id=FRAMEWORK@Framework@0, receiver_id=fastran_000001@efit@3, request_msg_id=REQUEST|fastran_000001@efit@3|FRAMEWORK@Framework@0|19,status=0, args=(None,), message_id=RESPONSE|FRAMEWORK@Framework@0|fastran_000001@efit@3|242)
2025-09-09 16:20:11,688 fastran_eq0_efit_3 DEBUG    _invoke_service(): getTopic  ('_IPS_MONITOR',)
2025-09-09 16:20:11,689 fastran_eq0_efit_3 DEBUG    _get_service_response(REQUEST|fastran_000001@efit@3|FRAMEWORK@Framework@0|20)
2025-09-09 16:20:11,699 fastran_eq0_efit_3 DEBUG    _get_service_response(REQUEST|fastran_000001@efit@3|FRAMEWORK@Framework@0|20), response = ServiceResponseMessage(sender_id=FRAMEWORK@Framework@0, receiver_id=fastran_000001@efit@3, request_msg_id=REQUEST|fastran_000001@efit@3|FRAMEWORK@Framework@0|20,status=0, args=(<ipsframework.cca_es_spec.Topic object at 0x7f87c639b610>,), message_id=RESPONSE|FRAMEWORK@Framework@0|fastran_000001@efit@3|243)
2025-09-09 16:20:11,699 fastran_eq0_efit_3 DEBUG    _invoke_service(): sendEvent  ('_IPS_MONITOR', 'PORTAL_EVENT', {'sim_name': 'fastran_000001', 'real_sim_name': 'fastran_000001', 'portal_data': {'code': 'fastran_eq0_efit', 'eventtype': 'IPS_STAGE_OUTPUTS', 'ok': True, 'walltime': '43.76', 'time': '2025-09-09|16:20:11PDT', 'trace': {'timestamp': 1757460011666831, 'duration': 22090, 'localEndpoint': {'serviceName': 'stage_output_files'}, 'name': "['g*.*', 'a*.*', 'm*.*', 'k*.*', 'efit.log', 's*.*']", 'id': '80725d8eee5776f1', 'parentId': '8415c8d4facbd58d', 'tags': {}}, 'state': 'Running', 'comment': "Elapsed time = 0.022 Path = /pscratch/sd/b/bassem/ips/tglf-ep_32_repeat/SCAN/simulation_results/preprocess_1/components/fastran_eq0_efit_3 Files = ['g*.*', 'a*.*', 'm*.*', 'k*.*', 'efit.log', 's*.*']"}})
2025-09-09 16:20:11,699 fastran_eq0_efit_3 DEBUG    _get_service_response(REQUEST|fastran_000001@efit@3|FRAMEWORK@Framework@0|21)
2025-09-09 16:20:11,710 fastran_eq0_efit_3 DEBUG    _get_service_response(REQUEST|fastran_000001@efit@3|FRAMEWORK@Framework@0|21), response = ServiceResponseMessage(sender_id=FRAMEWORK@Framework@0, receiver_id=fastran_000001@efit@3, request_msg_id=REQUEST|fastran_000001@efit@3|FRAMEWORK@Framework@0|21,status=0, args=(None,), message_id=RESPONSE|FRAMEWORK@Framework@0|fastran_000001@efit@3|244)
2025-09-09 16:20:11,723 fastran_driver_fastran_driver_2 DEBUG    _get_service_response(REQUEST|fastran_000001@fastran_driver@2|FRAMEWORK@Framework@0|88), response = ServiceResponseMessage(sender_id=FRAMEWORK@Framework@0, receiver_id=fastran_000001@fastran_driver@2, request_msg_id=REQUEST|fastran_000001@fastran_driver@2|FRAMEWORK@Framework@0|88,status=0, args=((None,),), message_id=RESPONSE|FRAMEWORK@Framework@0|fastran_000001@fastran_driver@2|245)
2025-09-09 16:20:11,723 fastran_driver_fastran_driver_2 DEBUG    _invoke_service(): getTopic  ('_IPS_MONITOR',)
2025-09-09 16:20:11,723 fastran_driver_fastran_driver_2 DEBUG    _get_service_response(REQUEST|fastran_000001@fastran_driver@2|FRAMEWORK@Framework@0|89)
2025-09-09 16:20:11,733 fastran_driver_fastran_driver_2 DEBUG    _get_service_response(REQUEST|fastran_000001@fastran_driver@2|FRAMEWORK@Framework@0|89), response = ServiceResponseMessage(sender_id=FRAMEWORK@Framework@0, receiver_id=fastran_000001@fastran_driver@2, request_msg_id=REQUEST|fastran_000001@fastran_driver@2|FRAMEWORK@Framework@0|89,status=0, args=(<ipsframework.cca_es_spec.Topic object at 0x7f87c63e0160>,), message_id=RESPONSE|FRAMEWORK@Framework@0|fastran_000001@fastran_driver@2|246)
2025-09-09 16:20:11,734 fastran_driver_fastran_driver_2 DEBUG    _invoke_service(): sendEvent  ('_IPS_MONITOR', 'PORTAL_EVENT', {'sim_name': 'fastran_000001', 'real_sim_name': 'fastran_000001', 'portal_data': {'code': 'fastran_driver_fastran_driver', 'eventtype': 'IPS_CALL_END', 'ok': True, 'walltime': '43.80', 'time': '2025-09-09|16:20:11PDT', 'trace': {'timestamp': 1757459997372825, 'duration': 14350384, 'localEndpoint': {'serviceName': 'fastran_000001@efit@3'}, 'name': 'step(preprocess_1)', 'id': '8415c8d4facbd58d', 'parentId': '15e0663de819b9fa', 'tags': {}}, 'state': 'Running', 'comment': 'Target = fastran_000001@efit@3:step(preprocess_1)'}})
2025-09-09 16:20:11,734 fastran_driver_fastran_driver_2 DEBUG    _get_service_response(REQUEST|fastran_000001@fastran_driver@2|FRAMEWORK@Framework@0|90)
2025-09-09 16:20:11,744 fastran_driver_fastran_driver_2 DEBUG    _get_service_response(REQUEST|fastran_000001@fastran_driver@2|FRAMEWORK@Framework@0|90), response = ServiceResponseMessage(sender_id=FRAMEWORK@Framework@0, receiver_id=fastran_000001@fastran_driver@2, request_msg_id=REQUEST|fastran_000001@fastran_driver@2|FRAMEWORK@Framework@0|90,status=0, args=(None,), message_id=RESPONSE|FRAMEWORK@Framework@0|fastran_000001@fastran_driver@2|247)
2025-09-09 16:20:11,745 fastran_driver_fastran_driver_2 DEBUG    _invoke_service(): getTopic  ('_IPS_MONITOR',)
2025-09-09 16:20:11,745 fastran_driver_fastran_driver_2 DEBUG    _get_service_response(REQUEST|fastran_000001@fastran_driver@2|FRAMEWORK@Framework@0|91)
2025-09-09 16:20:11,755 fastran_driver_fastran_driver_2 DEBUG    _get_service_response(REQUEST|fastran_000001@fastran_driver@2|FRAMEWORK@Framework@0|91), response = ServiceResponseMessage(sender_id=FRAMEWORK@Framework@0, receiver_id=fastran_000001@fastran_driver@2, request_msg_id=REQUEST|fastran_000001@fastran_driver@2|FRAMEWORK@Framework@0|91,status=0, args=(<ipsframework.cca_es_spec.Topic object at 0x7f87c63e01c0>,), message_id=RESPONSE|FRAMEWORK@Framework@0|fastran_000001@fastran_driver@2|248)
2025-09-09 16:20:11,755 fastran_driver_fastran_driver_2 DEBUG    _invoke_service(): sendEvent  ('_IPS_MONITOR', 'PORTAL_EVENT', {'sim_name': 'fastran_000001', 'real_sim_name': 'fastran_000001', 'portal_data': {'code': 'fastran_driver_fastran_driver', 'eventtype': 'IPS_CALL_BEGIN', 'ok': True, 'walltime': '43.82', 'time': '2025-09-09|16:20:11PDT', 'state': 'Running', 'comment': 'Target = fastran_000001@hcd_model@4:step(preprocess_1)'}})
2025-09-09 16:20:11,755 fastran_driver_fastran_driver_2 DEBUG    _get_service_response(REQUEST|fastran_000001@fastran_driver@2|FRAMEWORK@Framework@0|92)
2025-09-09 16:20:11,766 fastran_driver_fastran_driver_2 DEBUG    _get_service_response(REQUEST|fastran_000001@fastran_driver@2|FRAMEWORK@Framework@0|92), response = ServiceResponseMessage(sender_id=FRAMEWORK@Framework@0, receiver_id=fastran_000001@fastran_driver@2, request_msg_id=REQUEST|fastran_000001@fastran_driver@2|FRAMEWORK@Framework@0|92,status=0, args=(None,), message_id=RESPONSE|FRAMEWORK@Framework@0|fastran_000001@fastran_driver@2|249)
2025-09-09 16:20:11,766 fastran_driver_fastran_driver_2 DEBUG    _invoke_service(): init_call  ('step', 'preprocess_1')
2025-09-09 16:20:11,766 fastran_driver_fastran_driver_2 DEBUG    _get_service_response(REQUEST|fastran_000001@fastran_driver@2|FRAMEWORK@Framework@0|93)
2025-09-09 16:20:11,767 fastran_ic_hcd_model_4 DEBUG    Received Message 
2025-09-09 16:20:11,767 fastran_ic_hcd_model_4 DEBUG    Calling method step(preprocess_1)
2025-09-09 16:20:11,767 fastran_ic_hcd_model_4 DEBUG    _invoke_service(): stage_state  (['s000001.00001', 'g000001.00001', 'i000001.00001', 'b000001.00001'], '/pscratch/sd/b/bassem/ips/tglf-ep_32_repeat/SCAN/work/plasma_state', '/pscratch/sd/b/bassem/ips/tglf-ep_32_repeat/SCAN/work/fastran_ic_hcd_model_4')
2025-09-09 16:20:11,767 fastran_ic_hcd_model_4 DEBUG    _get_service_response(REQUEST|fastran_000001@hcd_model@4|FRAMEWORK@Framework@0|10)
2025-09-09 16:20:11,777 fastran_driver_fastran_driver_2 DEBUG    _get_service_response(REQUEST|fastran_000001@fastran_driver@2|FRAMEWORK@Framework@0|93), response = ServiceResponseMessage(sender_id=FRAMEWORK@Framework@0, receiver_id=fastran_000001@fastran_driver@2, request_msg_id=REQUEST|fastran_000001@fastran_driver@2|FRAMEWORK@Framework@0|93,status=0, args=(22,), message_id=RESPONSE|FRAMEWORK@Framework@0|fastran_000001@fastran_driver@2|250)
2025-09-09 16:20:11,777 fastran_driver_fastran_driver_2 DEBUG    _invoke_service(): wait_call  (22, True)
2025-09-09 16:20:11,777 fastran_driver_fastran_driver_2 DEBUG    _get_service_response(REQUEST|fastran_000001@fastran_driver@2|FRAMEWORK@Framework@0|94)
2025-09-09 16:20:11,815 fastran_ic_hcd_model_4 DEBUG    _get_service_response(REQUEST|fastran_000001@hcd_model@4|FRAMEWORK@Framework@0|10), response = ServiceResponseMessage(sender_id=FRAMEWORK@Framework@0, receiver_id=fastran_000001@hcd_model@4, request_msg_id=REQUEST|fastran_000001@hcd_model@4|FRAMEWORK@Framework@0|10,status=0, args=(0,), message_id=RESPONSE|FRAMEWORK@Framework@0|fastran_000001@hcd_model@4|251)
2025-09-09 16:20:11,816 fastran_ic_hcd_model_4 DEBUG    _invoke_service(): getTopic  ('_IPS_MONITOR',)
2025-09-09 16:20:11,816 fastran_ic_hcd_model_4 DEBUG    _get_service_response(REQUEST|fastran_000001@hcd_model@4|FRAMEWORK@Framework@0|11)
2025-09-09 16:20:11,826 fastran_ic_hcd_model_4 DEBUG    _get_service_response(REQUEST|fastran_000001@hcd_model@4|FRAMEWORK@Framework@0|11), response = ServiceResponseMessage(sender_id=FRAMEWORK@Framework@0, receiver_id=fastran_000001@hcd_model@4, request_msg_id=REQUEST|fastran_000001@hcd_model@4|FRAMEWORK@Framework@0|11,status=0, args=(<ipsframework.cca_es_spec.Topic object at 0x7f87c63ec790>,), message_id=RESPONSE|FRAMEWORK@Framework@0|fastran_000001@hcd_model@4|252)
2025-09-09 16:20:11,826 fastran_ic_hcd_model_4 DEBUG    _invoke_service(): sendEvent  ('_IPS_MONITOR', 'PORTAL_EVENT', {'sim_name': 'fastran_000001', 'real_sim_name': 'fastran_000001', 'portal_data': {'code': 'fastran_ic_hcd_model', 'eventtype': 'IPS_STAGE_STATE', 'ok': True, 'walltime': '43.89', 'time': '2025-09-09|16:20:11PDT', 'trace': {'timestamp': 1757460011767468, 'duration': 48502, 'localEndpoint': {'serviceName': 'stage_state'}, 'name': "['s000001.00001', 'g000001.00001', 'i000001.00001', 'b000001.00001']", 'id': 'ff3119918b5e7670', 'parentId': '019639c685679ee9', 'tags': {}}, 'state': 'Running', 'comment': 'Elapsed time = 0.049  files = s000001.00001 g000001.00001 i000001.00001 b000001.00001 Success'}})
2025-09-09 16:20:11,826 fastran_ic_hcd_model_4 DEBUG    _get_service_response(REQUEST|fastran_000001@hcd_model@4|FRAMEWORK@Framework@0|12)
2025-09-09 16:20:11,837 fastran_ic_hcd_model_4 DEBUG    _get_service_response(REQUEST|fastran_000001@hcd_model@4|FRAMEWORK@Framework@0|12), response = ServiceResponseMessage(sender_id=FRAMEWORK@Framework@0, receiver_id=fastran_000001@hcd_model@4, request_msg_id=REQUEST|fastran_000001@hcd_model@4|FRAMEWORK@Framework@0|12,status=0, args=(None,), message_id=RESPONSE|FRAMEWORK@Framework@0|fastran_000001@hcd_model@4|253)
2025-09-09 16:20:11,841 fastran_ic_hcd_model_4 DEBUG    _invoke_service(): getTopic  ('_IPS_MONITOR',)
2025-09-09 16:20:11,841 fastran_ic_hcd_model_4 DEBUG    _get_service_response(REQUEST|fastran_000001@hcd_model@4|FRAMEWORK@Framework@0|13)
2025-09-09 16:20:11,852 fastran_ic_hcd_model_4 DEBUG    _get_service_response(REQUEST|fastran_000001@hcd_model@4|FRAMEWORK@Framework@0|13), response = ServiceResponseMessage(sender_id=FRAMEWORK@Framework@0, receiver_id=fastran_000001@hcd_model@4, request_msg_id=REQUEST|fastran_000001@hcd_model@4|FRAMEWORK@Framework@0|13,status=0, args=(<ipsframework.cca_es_spec.Topic object at 0x7f87c63ec790>,), message_id=RESPONSE|FRAMEWORK@Framework@0|fastran_000001@hcd_model@4|254)
2025-09-09 16:20:11,852 fastran_ic_hcd_model_4 DEBUG    _invoke_service(): sendEvent  ('_IPS_MONITOR', 'PORTAL_EVENT', {'sim_name': 'fastran_000001', 'real_sim_name': 'fastran_000001', 'portal_data': {'code': 'fastran_ic_hcd_model', 'eventtype': 'IPS_STAGE_INPUTS', 'ok': True, 'walltime': '43.92', 'time': '2025-09-09|16:20:11PDT', 'trace': {'timestamp': 1757460011837446, 'duration': 4020, 'localEndpoint': {'serviceName': 'stage_input_files'}, 'name': 'inhcd', 'id': '5ee53c28a9607896', 'parentId': '019639c685679ee9', 'tags': {}}, 'state': 'Running', 'comment': 'Elapsed time = 0.004 Path = /pscratch/sd/b/bassem/ips/tglf-ep_32_repeat/input Files = inhcd'}})
2025-09-09 16:20:11,852 fastran_ic_hcd_model_4 DEBUG    _get_service_response(REQUEST|fastran_000001@hcd_model@4|FRAMEWORK@Framework@0|14)
2025-09-09 16:20:11,862 fastran_ic_hcd_model_4 DEBUG    _get_service_response(REQUEST|fastran_000001@hcd_model@4|FRAMEWORK@Framework@0|14), response = ServiceResponseMessage(sender_id=FRAMEWORK@Framework@0, receiver_id=fastran_000001@hcd_model@4, request_msg_id=REQUEST|fastran_000001@hcd_model@4|FRAMEWORK@Framework@0|14,status=0, args=(None,), message_id=RESPONSE|FRAMEWORK@Framework@0|fastran_000001@hcd_model@4|255)
2025-09-09 16:20:11,973 fastran_ic_hcd_model_4 DEBUG    _invoke_service(): update_state  (['s000001.00001', 'g000001.00001', 'i000001.00001', 'b000001.00001'], '/pscratch/sd/b/bassem/ips/tglf-ep_32_repeat/SCAN/work/fastran_ic_hcd_model_4', '/pscratch/sd/b/bassem/ips/tglf-ep_32_repeat/SCAN/work/plasma_state')
2025-09-09 16:20:11,973 fastran_ic_hcd_model_4 DEBUG    _get_service_response(REQUEST|fastran_000001@hcd_model@4|FRAMEWORK@Framework@0|15)
2025-09-09 16:20:11,995 fastran_ic_hcd_model_4 DEBUG    _get_service_response(REQUEST|fastran_000001@hcd_model@4|FRAMEWORK@Framework@0|15), response = ServiceResponseMessage(sender_id=FRAMEWORK@Framework@0, receiver_id=fastran_000001@hcd_model@4, request_msg_id=REQUEST|fastran_000001@hcd_model@4|FRAMEWORK@Framework@0|15,status=0, args=(0,), message_id=RESPONSE|FRAMEWORK@Framework@0|fastran_000001@hcd_model@4|256)
2025-09-09 16:20:11,995 fastran_ic_hcd_model_4 DEBUG    _invoke_service(): getTopic  ('_IPS_MONITOR',)
2025-09-09 16:20:11,996 fastran_ic_hcd_model_4 DEBUG    _get_service_response(REQUEST|fastran_000001@hcd_model@4|FRAMEWORK@Framework@0|16)
2025-09-09 16:20:12,006 fastran_ic_hcd_model_4 DEBUG    _get_service_response(REQUEST|fastran_000001@hcd_model@4|FRAMEWORK@Framework@0|16), response = ServiceResponseMessage(sender_id=FRAMEWORK@Framework@0, receiver_id=fastran_000001@hcd_model@4, request_msg_id=REQUEST|fastran_000001@hcd_model@4|FRAMEWORK@Framework@0|16,status=0, args=(<ipsframework.cca_es_spec.Topic object at 0x7f87c63ec2e0>,), message_id=RESPONSE|FRAMEWORK@Framework@0|fastran_000001@hcd_model@4|257)
2025-09-09 16:20:12,006 fastran_ic_hcd_model_4 DEBUG    _invoke_service(): sendEvent  ('_IPS_MONITOR', 'PORTAL_EVENT', {'sim_name': 'fastran_000001', 'real_sim_name': 'fastran_000001', 'portal_data': {'code': 'fastran_ic_hcd_model', 'eventtype': 'IPS_UPDATE_STATE', 'ok': True, 'walltime': '44.07', 'time': '2025-09-09|16:20:11PDT', 'trace': {'timestamp': 1757460011973261, 'duration': 22621, 'localEndpoint': {'serviceName': 'update_state'}, 'name': "['s000001.00001', 'g000001.00001', 'i000001.00001', 'b000001.00001']", 'id': '2fc1229e1e650f1c', 'parentId': '019639c685679ee9', 'tags': {}}, 'state': 'Running', 'comment': 'Elapsed time = 0.023   files = s000001.00001 g000001.00001 i000001.00001 b000001.00001 Success'}})
2025-09-09 16:20:12,006 fastran_ic_hcd_model_4 DEBUG    _get_service_response(REQUEST|fastran_000001@hcd_model@4|FRAMEWORK@Framework@0|17)
2025-09-09 16:20:12,017 fastran_ic_hcd_model_4 DEBUG    _get_service_response(REQUEST|fastran_000001@hcd_model@4|FRAMEWORK@Framework@0|17), response = ServiceResponseMessage(sender_id=FRAMEWORK@Framework@0, receiver_id=fastran_000001@hcd_model@4, request_msg_id=REQUEST|fastran_000001@hcd_model@4|FRAMEWORK@Framework@0|17,status=0, args=(None,), message_id=RESPONSE|FRAMEWORK@Framework@0|fastran_000001@hcd_model@4|258)
2025-09-09 16:20:12,018 fastran_ic_hcd_model_4 DEBUG    _invoke_service(): getTopic  ('_IPS_MONITOR',)
2025-09-09 16:20:12,018 fastran_ic_hcd_model_4 DEBUG    _get_service_response(REQUEST|fastran_000001@hcd_model@4|FRAMEWORK@Framework@0|18)
2025-09-09 16:20:12,029 fastran_ic_hcd_model_4 DEBUG    _get_service_response(REQUEST|fastran_000001@hcd_model@4|FRAMEWORK@Framework@0|18), response = ServiceResponseMessage(sender_id=FRAMEWORK@Framework@0, receiver_id=fastran_000001@hcd_model@4, request_msg_id=REQUEST|fastran_000001@hcd_model@4|FRAMEWORK@Framework@0|18,status=0, args=(<ipsframework.cca_es_spec.Topic object at 0x7f87c63ec640>,), message_id=RESPONSE|FRAMEWORK@Framework@0|fastran_000001@hcd_model@4|260)
2025-09-09 16:20:12,029 fastran_ic_hcd_model_4 DEBUG    _invoke_service(): sendEvent  ('_IPS_MONITOR', 'PORTAL_EVENT', {'sim_name': 'fastran_000001', 'real_sim_name': 'fastran_000001', 'portal_data': {'code': 'fastran_ic_hcd_model', 'eventtype': 'IPS_STAGE_OUTPUTS', 'ok': True, 'walltime': '44.09', 'time': '2025-09-09|16:20:12PDT', 'trace': {'timestamp': 1757460012017229, 'duration': 1042, 'localEndpoint': {'serviceName': 'stage_output_files'}, 'name': '[]', 'id': 'ed019efe11be26d9', 'parentId': '019639c685679ee9', 'tags': {}}, 'state': 'Running', 'comment': 'Elapsed time = 0.001 Path = /pscratch/sd/b/bassem/ips/tglf-ep_32_repeat/SCAN/simulation_results/preprocess_1/components/fastran_ic_hcd_model_4 Files = []'}})
2025-09-09 16:20:12,029 fastran_ic_hcd_model_4 DEBUG    _get_service_response(REQUEST|fastran_000001@hcd_model@4|FRAMEWORK@Framework@0|19)
2025-09-09 16:20:12,040 fastran_ic_hcd_model_4 DEBUG    _get_service_response(REQUEST|fastran_000001@hcd_model@4|FRAMEWORK@Framework@0|19), response = ServiceResponseMessage(sender_id=FRAMEWORK@Framework@0, receiver_id=fastran_000001@hcd_model@4, request_msg_id=REQUEST|fastran_000001@hcd_model@4|FRAMEWORK@Framework@0|19,status=0, args=(None,), message_id=RESPONSE|FRAMEWORK@Framework@0|fastran_000001@hcd_model@4|261)
2025-09-09 16:20:12,050 fastran_driver_fastran_driver_2 DEBUG    _get_service_response(REQUEST|fastran_000001@fastran_driver@2|FRAMEWORK@Framework@0|94), response = ServiceResponseMessage(sender_id=FRAMEWORK@Framework@0, receiver_id=fastran_000001@fastran_driver@2, request_msg_id=REQUEST|fastran_000001@fastran_driver@2|FRAMEWORK@Framework@0|94,status=0, args=((None,),), message_id=RESPONSE|FRAMEWORK@Framework@0|fastran_000001@fastran_driver@2|262)
2025-09-09 16:20:12,050 fastran_driver_fastran_driver_2 DEBUG    _invoke_service(): getTopic  ('_IPS_MONITOR',)
2025-09-09 16:20:12,051 fastran_driver_fastran_driver_2 DEBUG    _get_service_response(REQUEST|fastran_000001@fastran_driver@2|FRAMEWORK@Framework@0|95)
2025-09-09 16:20:12,061 fastran_driver_fastran_driver_2 DEBUG    _get_service_response(REQUEST|fastran_000001@fastran_driver@2|FRAMEWORK@Framework@0|95), response = ServiceResponseMessage(sender_id=FRAMEWORK@Framework@0, receiver_id=fastran_000001@fastran_driver@2, request_msg_id=REQUEST|fastran_000001@fastran_driver@2|FRAMEWORK@Framework@0|95,status=0, args=(<ipsframework.cca_es_spec.Topic object at 0x7f87c63e0160>,), message_id=RESPONSE|FRAMEWORK@Framework@0|fastran_000001@fastran_driver@2|263)
2025-09-09 16:20:12,061 fastran_driver_fastran_driver_2 DEBUG    _invoke_service(): sendEvent  ('_IPS_MONITOR', 'PORTAL_EVENT', {'sim_name': 'fastran_000001', 'real_sim_name': 'fastran_000001', 'portal_data': {'code': 'fastran_driver_fastran_driver', 'eventtype': 'IPS_CALL_END', 'ok': True, 'walltime': '44.13', 'time': '2025-09-09|16:20:12PDT', 'trace': {'timestamp': 1757460011777267, 'duration': 273636, 'localEndpoint': {'serviceName': 'fastran_000001@hcd_model@4'}, 'name': 'step(preprocess_1)', 'id': '019639c685679ee9', 'parentId': '15e0663de819b9fa', 'tags': {}}, 'state': 'Running', 'comment': 'Target = fastran_000001@hcd_model@4:step(preprocess_1)'}})
2025-09-09 16:20:12,061 fastran_driver_fastran_driver_2 DEBUG    _get_service_response(REQUEST|fastran_000001@fastran_driver@2|FRAMEWORK@Framework@0|96)
2025-09-09 16:20:12,072 fastran_driver_fastran_driver_2 DEBUG    _get_service_response(REQUEST|fastran_000001@fastran_driver@2|FRAMEWORK@Framework@0|96), response = ServiceResponseMessage(sender_id=FRAMEWORK@Framework@0, receiver_id=fastran_000001@fastran_driver@2, request_msg_id=REQUEST|fastran_000001@fastran_driver@2|FRAMEWORK@Framework@0|96,status=0, args=(None,), message_id=RESPONSE|FRAMEWORK@Framework@0|fastran_000001@fastran_driver@2|264)
2025-09-09 16:20:12,072 fastran_driver_fastran_driver_2 DEBUG    _invoke_service(): getTopic  ('_IPS_MONITOR',)
2025-09-09 16:20:12,073 fastran_driver_fastran_driver_2 DEBUG    _get_service_response(REQUEST|fastran_000001@fastran_driver@2|FRAMEWORK@Framework@0|97)
2025-09-09 16:20:12,083 fastran_driver_fastran_driver_2 DEBUG    _get_service_response(REQUEST|fastran_000001@fastran_driver@2|FRAMEWORK@Framework@0|97), response = ServiceResponseMessage(sender_id=FRAMEWORK@Framework@0, receiver_id=fastran_000001@fastran_driver@2, request_msg_id=REQUEST|fastran_000001@fastran_driver@2|FRAMEWORK@Framework@0|97,status=0, args=(<ipsframework.cca_es_spec.Topic object at 0x7f87c63e0250>,), message_id=RESPONSE|FRAMEWORK@Framework@0|fastran_000001@fastran_driver@2|265)
2025-09-09 16:20:12,083 fastran_driver_fastran_driver_2 DEBUG    _invoke_service(): sendEvent  ('_IPS_MONITOR', 'PORTAL_EVENT', {'sim_name': 'fastran_000001', 'real_sim_name': 'fastran_000001', 'portal_data': {'code': 'fastran_driver_fastran_driver', 'eventtype': 'IPS_CALL_BEGIN', 'ok': True, 'walltime': '44.15', 'time': '2025-09-09|16:20:12PDT', 'state': 'Running', 'comment': 'Target = fastran_000001@fastran@5:step(preprocess_1)'}})
2025-09-09 16:20:12,083 fastran_driver_fastran_driver_2 DEBUG    _get_service_response(REQUEST|fastran_000001@fastran_driver@2|FRAMEWORK@Framework@0|98)
2025-09-09 16:20:12,094 fastran_driver_fastran_driver_2 DEBUG    _get_service_response(REQUEST|fastran_000001@fastran_driver@2|FRAMEWORK@Framework@0|98), response = ServiceResponseMessage(sender_id=FRAMEWORK@Framework@0, receiver_id=fastran_000001@fastran_driver@2, request_msg_id=REQUEST|fastran_000001@fastran_driver@2|FRAMEWORK@Framework@0|98,status=0, args=(None,), message_id=RESPONSE|FRAMEWORK@Framework@0|fastran_000001@fastran_driver@2|266)
2025-09-09 16:20:12,094 fastran_driver_fastran_driver_2 DEBUG    _invoke_service(): init_call  ('step', 'preprocess_1')
2025-09-09 16:20:12,094 fastran_driver_fastran_driver_2 DEBUG    _get_service_response(REQUEST|fastran_000001@fastran_driver@2|FRAMEWORK@Framework@0|99)
2025-09-09 16:20:12,095 fastran_tr0_fastran_5 DEBUG    Received Message 
2025-09-09 16:20:12,095 fastran_tr0_fastran_5 DEBUG    Calling method step(preprocess_1)
2025-09-09 16:20:12,095 fastran_tr0_fastran_5 DEBUG    _invoke_service(): stage_state  (['s000001.00001', 'g000001.00001', 'i000001.00001', 'b000001.00001'], '/pscratch/sd/b/bassem/ips/tglf-ep_32_repeat/SCAN/work/plasma_state', '/pscratch/sd/b/bassem/ips/tglf-ep_32_repeat/SCAN/work/fastran_tr0_fastran_5')
2025-09-09 16:20:12,096 fastran_tr0_fastran_5 DEBUG    _get_service_response(REQUEST|fastran_000001@fastran@5|FRAMEWORK@Framework@0|16)
2025-09-09 16:20:12,105 fastran_driver_fastran_driver_2 DEBUG    _get_service_response(REQUEST|fastran_000001@fastran_driver@2|FRAMEWORK@Framework@0|99), response = ServiceResponseMessage(sender_id=FRAMEWORK@Framework@0, receiver_id=fastran_000001@fastran_driver@2, request_msg_id=REQUEST|fastran_000001@fastran_driver@2|FRAMEWORK@Framework@0|99,status=0, args=(23,), message_id=RESPONSE|FRAMEWORK@Framework@0|fastran_000001@fastran_driver@2|267)
2025-09-09 16:20:12,105 fastran_driver_fastran_driver_2 DEBUG    _invoke_service(): wait_call  (23, True)
2025-09-09 16:20:12,105 fastran_driver_fastran_driver_2 DEBUG    _get_service_response(REQUEST|fastran_000001@fastran_driver@2|FRAMEWORK@Framework@0|100)
2025-09-09 16:20:12,119 fastran_tr0_fastran_5 DEBUG    _get_service_response(REQUEST|fastran_000001@fastran@5|FRAMEWORK@Framework@0|16), response = ServiceResponseMessage(sender_id=FRAMEWORK@Framework@0, receiver_id=fastran_000001@fastran@5, request_msg_id=REQUEST|fastran_000001@fastran@5|FRAMEWORK@Framework@0|16,status=0, args=(0,), message_id=RESPONSE|FRAMEWORK@Framework@0|fastran_000001@fastran@5|268)
2025-09-09 16:20:12,119 fastran_tr0_fastran_5 DEBUG    _invoke_service(): getTopic  ('_IPS_MONITOR',)
2025-09-09 16:20:12,119 fastran_tr0_fastran_5 DEBUG    _get_service_response(REQUEST|fastran_000001@fastran@5|FRAMEWORK@Framework@0|17)
2025-09-09 16:20:12,130 fastran_tr0_fastran_5 DEBUG    _get_service_response(REQUEST|fastran_000001@fastran@5|FRAMEWORK@Framework@0|17), response = ServiceResponseMessage(sender_id=FRAMEWORK@Framework@0, receiver_id=fastran_000001@fastran@5, request_msg_id=REQUEST|fastran_000001@fastran@5|FRAMEWORK@Framework@0|17,status=0, args=(<ipsframework.cca_es_spec.Topic object at 0x7f87c64131f0>,), message_id=RESPONSE|FRAMEWORK@Framework@0|fastran_000001@fastran@5|269)
2025-09-09 16:20:12,130 fastran_tr0_fastran_5 DEBUG    _invoke_service(): sendEvent  ('_IPS_MONITOR', 'PORTAL_EVENT', {'sim_name': 'fastran_000001', 'real_sim_name': 'fastran_000001', 'portal_data': {'code': 'fastran_tr0_fastran', 'eventtype': 'IPS_STAGE_STATE', 'ok': True, 'walltime': '44.20', 'time': '2025-09-09|16:20:12PDT', 'trace': {'timestamp': 1757460012095876, 'duration': 23501, 'localEndpoint': {'serviceName': 'stage_state'}, 'name': "['s000001.00001', 'g000001.00001', 'i000001.00001', 'b000001.00001']", 'id': 'ff3119918b5e7670', 'parentId': '28c58a1899173c59', 'tags': {}}, 'state': 'Running', 'comment': 'Elapsed time = 0.024  files = s000001.00001 g000001.00001 i000001.00001 b000001.00001 Success'}})
2025-09-09 16:20:12,130 fastran_tr0_fastran_5 DEBUG    _get_service_response(REQUEST|fastran_000001@fastran@5|FRAMEWORK@Framework@0|18)
2025-09-09 16:20:12,141 fastran_tr0_fastran_5 DEBUG    _get_service_response(REQUEST|fastran_000001@fastran@5|FRAMEWORK@Framework@0|18), response = ServiceResponseMessage(sender_id=FRAMEWORK@Framework@0, receiver_id=fastran_000001@fastran@5, request_msg_id=REQUEST|fastran_000001@fastran@5|FRAMEWORK@Framework@0|18,status=0, args=(None,), message_id=RESPONSE|FRAMEWORK@Framework@0|fastran_000001@fastran@5|270)
2025-09-09 16:20:12,150 fastran_tr0_fastran_5 DEBUG    _invoke_service(): getTopic  ('_IPS_MONITOR',)
2025-09-09 16:20:12,150 fastran_tr0_fastran_5 DEBUG    _get_service_response(REQUEST|fastran_000001@fastran@5|FRAMEWORK@Framework@0|19)
2025-09-09 16:20:12,161 fastran_tr0_fastran_5 DEBUG    _get_service_response(REQUEST|fastran_000001@fastran@5|FRAMEWORK@Framework@0|19), response = ServiceResponseMessage(sender_id=FRAMEWORK@Framework@0, receiver_id=fastran_000001@fastran@5, request_msg_id=REQUEST|fastran_000001@fastran@5|FRAMEWORK@Framework@0|19,status=0, args=(<ipsframework.cca_es_spec.Topic object at 0x7f87c64132b0>,), message_id=RESPONSE|FRAMEWORK@Framework@0|fastran_000001@fastran@5|271)
2025-09-09 16:20:12,161 fastran_tr0_fastran_5 DEBUG    _invoke_service(): sendEvent  ('_IPS_MONITOR', 'PORTAL_EVENT', {'sim_name': 'fastran_000001', 'real_sim_name': 'fastran_000001', 'portal_data': {'code': 'fastran_tr0_fastran', 'eventtype': 'IPS_STAGE_INPUTS', 'ok': True, 'walltime': '44.23', 'time': '2025-09-09|16:20:12PDT', 'trace': {'timestamp': 1757460012141797, 'duration': 8861, 'localEndpoint': {'serviceName': 'stage_input_files'}, 'name': 'infastran0 intglf', 'id': 'dca1af508bf5af99', 'parentId': '28c58a1899173c59', 'tags': {}}, 'state': 'Running', 'comment': 'Elapsed time = 0.009 Path = /pscratch/sd/b/bassem/ips/tglf-ep_32_repeat/input Files = infastran0 intglf'}})
2025-09-09 16:20:12,161 fastran_tr0_fastran_5 DEBUG    _get_service_response(REQUEST|fastran_000001@fastran@5|FRAMEWORK@Framework@0|20)
2025-09-09 16:20:12,172 fastran_tr0_fastran_5 DEBUG    _get_service_response(REQUEST|fastran_000001@fastran@5|FRAMEWORK@Framework@0|20), response = ServiceResponseMessage(sender_id=FRAMEWORK@Framework@0, receiver_id=fastran_000001@fastran@5, request_msg_id=REQUEST|fastran_000001@fastran@5|FRAMEWORK@Framework@0|20,status=0, args=(None,), message_id=RESPONSE|FRAMEWORK@Framework@0|fastran_000001@fastran@5|272)
2025-09-09 16:20:12,314 fastran_tr0_fastran_5 DEBUG    _invoke_service(): init_task  (TaskInit(nproc=1, binary='/global/common/software/atom/perlmutter/binaries/fastran/default/xfastran_ver1.00_ser', working_dir='/pscratch/sd/b/bassem/ips/tglf-ep_32_repeat/SCAN/work/fastran_tr0_fastran_5', tppn=0, tcpp=0, tgpp=0, block=True, omp=False, wnodes=True, wsocks=True, cmd_args=('1', '1')),)
2025-09-09 16:20:12,314 fastran_tr0_fastran_5 DEBUG    _get_service_response(REQUEST|fastran_000001@fastran@5|FRAMEWORK@Framework@0|21)
2025-09-09 16:20:12,325 fastran_tr0_fastran_5 DEBUG    _get_service_response(REQUEST|fastran_000001@fastran@5|FRAMEWORK@Framework@0|21), response = ServiceResponseMessage(sender_id=FRAMEWORK@Framework@0, receiver_id=fastran_000001@fastran@5, request_msg_id=REQUEST|fastran_000001@fastran@5|FRAMEWORK@Framework@0|21,status=0, args=((3, 'srun -N 1 -n 1 -c 128 --threads-per-core=1 --cpu-bind=cores /global/common/software/atom/perlmutter/binaries/fastran/default/xfastran_ver1.00_ser 1 1', None, 128),), message_id=RESPONSE|FRAMEWORK@Framework@0|fastran_000001@fastran@5|273)
2025-09-09 16:20:12,326 fastran_tr0_fastran_5 DEBUG    Launching command : srun -N 1 -n 1 -c 128 --threads-per-core=1 --cpu-bind=cores /global/common/software/atom/perlmutter/binaries/fastran/default/xfastran_ver1.00_ser 1 1
2025-09-09 16:20:12,338 fastran_tr0_fastran_5 DEBUG    _invoke_service(): getTopic  ('_IPS_MONITOR',)
2025-09-09 16:20:12,339 fastran_tr0_fastran_5 DEBUG    _get_service_response(REQUEST|fastran_000001@fastran@5|FRAMEWORK@Framework@0|22)
2025-09-09 16:20:12,350 fastran_tr0_fastran_5 DEBUG    _get_service_response(REQUEST|fastran_000001@fastran@5|FRAMEWORK@Framework@0|22), response = ServiceResponseMessage(sender_id=FRAMEWORK@Framework@0, receiver_id=fastran_000001@fastran@5, request_msg_id=REQUEST|fastran_000001@fastran@5|FRAMEWORK@Framework@0|22,status=0, args=(<ipsframework.cca_es_spec.Topic object at 0x7f87c63f4cd0>,), message_id=RESPONSE|FRAMEWORK@Framework@0|fastran_000001@fastran@5|274)
2025-09-09 16:20:12,350 fastran_tr0_fastran_5 DEBUG    _invoke_service(): sendEvent  ('_IPS_MONITOR', 'PORTAL_EVENT', {'sim_name': 'fastran_000001', 'real_sim_name': 'fastran_000001', 'portal_data': {'code': 'fastran_tr0_fastran', 'eventtype': 'IPS_LAUNCH_TASK', 'ok': True, 'walltime': '44.41', 'time': '2025-09-09|16:20:12PDT', 'state': 'Running', 'comment': 'task_id = 3 , Tag = None , nproc = 1 , Target = srun -N 1 -n 1 -c 128 --threads-per-core=1 --cpu-bind=cores /global/common/software/atom/perlmutter/binaries/fastran/default/xfastran_ver1.00_ser 1 1'}})
2025-09-09 16:20:12,350 fastran_tr0_fastran_5 DEBUG    _get_service_response(REQUEST|fastran_000001@fastran@5|FRAMEWORK@Framework@0|23)
2025-09-09 16:20:12,360 fastran_tr0_fastran_5 DEBUG    _get_service_response(REQUEST|fastran_000001@fastran@5|FRAMEWORK@Framework@0|23), response = ServiceResponseMessage(sender_id=FRAMEWORK@Framework@0, receiver_id=fastran_000001@fastran@5, request_msg_id=REQUEST|fastran_000001@fastran@5|FRAMEWORK@Framework@0|23,status=0, args=(None,), message_id=RESPONSE|FRAMEWORK@Framework@0|fastran_000001@fastran@5|275)
2025-09-09 16:20:12,978 fastran_tr0_fastran_5 DEBUG    _invoke_service(): getTopic  ('_IPS_MONITOR',)
2025-09-09 16:20:12,978 fastran_tr0_fastran_5 DEBUG    _get_service_response(REQUEST|fastran_000001@fastran@5|FRAMEWORK@Framework@0|24)
2025-09-09 16:20:12,989 fastran_tr0_fastran_5 DEBUG    _get_service_response(REQUEST|fastran_000001@fastran@5|FRAMEWORK@Framework@0|24), response = ServiceResponseMessage(sender_id=FRAMEWORK@Framework@0, receiver_id=fastran_000001@fastran@5, request_msg_id=REQUEST|fastran_000001@fastran@5|FRAMEWORK@Framework@0|24,status=0, args=(<ipsframework.cca_es_spec.Topic object at 0x7f87c63f4f10>,), message_id=RESPONSE|FRAMEWORK@Framework@0|fastran_000001@fastran@5|277)
2025-09-09 16:20:12,989 fastran_tr0_fastran_5 DEBUG    _invoke_service(): sendEvent  ('_IPS_MONITOR', 'PORTAL_EVENT', {'sim_name': 'fastran_000001', 'real_sim_name': 'fastran_000001', 'portal_data': {'code': 'fastran_tr0_fastran', 'eventtype': 'IPS_TASK_END', 'ok': True, 'walltime': '45.05', 'time': '2025-09-09|16:20:12PDT', 'trace': {'timestamp': 1757460012338448, 'duration': 639990, 'localEndpoint': {'serviceName': '/global/common/software/atom/perlmutter/binaries/fastran/default/xfastran_ver1.00_ser'}, 'name': '1 1', 'id': 'f29113f53bc8e028', 'parentId': '28c58a1899173c59', 'tags': {'procs_requested': '1', 'cores_allocated': '128'}}, 'state': 'Running', 'comment': 'task_id = 3  elapsed time = 0.64 S'}})
2025-09-09 16:20:12,989 fastran_tr0_fastran_5 DEBUG    _get_service_response(REQUEST|fastran_000001@fastran@5|FRAMEWORK@Framework@0|25)
2025-09-09 16:20:13,000 fastran_tr0_fastran_5 DEBUG    _get_service_response(REQUEST|fastran_000001@fastran@5|FRAMEWORK@Framework@0|25), response = ServiceResponseMessage(sender_id=FRAMEWORK@Framework@0, receiver_id=fastran_000001@fastran@5, request_msg_id=REQUEST|fastran_000001@fastran@5|FRAMEWORK@Framework@0|25,status=0, args=(None,), message_id=RESPONSE|FRAMEWORK@Framework@0|fastran_000001@fastran@5|278)
2025-09-09 16:20:13,000 fastran_tr0_fastran_5 DEBUG    _invoke_service(): finish_task  (3, 0)
2025-09-09 16:20:13,000 fastran_tr0_fastran_5 DEBUG    _get_service_response(REQUEST|fastran_000001@fastran@5|FRAMEWORK@Framework@0|26)
2025-09-09 16:20:13,011 fastran_tr0_fastran_5 DEBUG    _get_service_response(REQUEST|fastran_000001@fastran@5|FRAMEWORK@Framework@0|26), response = ServiceResponseMessage(sender_id=FRAMEWORK@Framework@0, receiver_id=fastran_000001@fastran@5, request_msg_id=REQUEST|fastran_000001@fastran@5|FRAMEWORK@Framework@0|26,status=0, args=(0,), message_id=RESPONSE|FRAMEWORK@Framework@0|fastran_000001@fastran@5|279)
2025-09-09 16:20:13,189 fastran_tr0_fastran_5 DEBUG    _invoke_service(): update_state  (['s000001.00001', 'g000001.00001', 'i000001.00001', 'b000001.00001'], '/pscratch/sd/b/bassem/ips/tglf-ep_32_repeat/SCAN/work/fastran_tr0_fastran_5', '/pscratch/sd/b/bassem/ips/tglf-ep_32_repeat/SCAN/work/plasma_state')
2025-09-09 16:20:13,189 fastran_tr0_fastran_5 DEBUG    _get_service_response(REQUEST|fastran_000001@fastran@5|FRAMEWORK@Framework@0|27)
2025-09-09 16:20:13,212 fastran_tr0_fastran_5 DEBUG    _get_service_response(REQUEST|fastran_000001@fastran@5|FRAMEWORK@Framework@0|27), response = ServiceResponseMessage(sender_id=FRAMEWORK@Framework@0, receiver_id=fastran_000001@fastran@5, request_msg_id=REQUEST|fastran_000001@fastran@5|FRAMEWORK@Framework@0|27,status=0, args=(0,), message_id=RESPONSE|FRAMEWORK@Framework@0|fastran_000001@fastran@5|281)
2025-09-09 16:20:13,212 fastran_tr0_fastran_5 DEBUG    _invoke_service(): getTopic  ('_IPS_MONITOR',)
2025-09-09 16:20:13,212 fastran_tr0_fastran_5 DEBUG    _get_service_response(REQUEST|fastran_000001@fastran@5|FRAMEWORK@Framework@0|28)
2025-09-09 16:20:13,223 fastran_tr0_fastran_5 DEBUG    _get_service_response(REQUEST|fastran_000001@fastran@5|FRAMEWORK@Framework@0|28), response = ServiceResponseMessage(sender_id=FRAMEWORK@Framework@0, receiver_id=fastran_000001@fastran@5, request_msg_id=REQUEST|fastran_000001@fastran@5|FRAMEWORK@Framework@0|28,status=0, args=(<ipsframework.cca_es_spec.Topic object at 0x7f87c6413730>,), message_id=RESPONSE|FRAMEWORK@Framework@0|fastran_000001@fastran@5|282)
2025-09-09 16:20:13,223 fastran_tr0_fastran_5 DEBUG    _invoke_service(): sendEvent  ('_IPS_MONITOR', 'PORTAL_EVENT', {'sim_name': 'fastran_000001', 'real_sim_name': 'fastran_000001', 'portal_data': {'code': 'fastran_tr0_fastran', 'eventtype': 'IPS_UPDATE_STATE', 'ok': True, 'walltime': '45.29', 'time': '2025-09-09|16:20:13PDT', 'trace': {'timestamp': 1757460013189572, 'duration': 22898, 'localEndpoint': {'serviceName': 'update_state'}, 'name': "['s000001.00001', 'g000001.00001', 'i000001.00001', 'b000001.00001']", 'id': '2fc1229e1e650f1c', 'parentId': '28c58a1899173c59', 'tags': {}}, 'state': 'Running', 'comment': 'Elapsed time = 0.023   files = s000001.00001 g000001.00001 i000001.00001 b000001.00001 Success'}})
2025-09-09 16:20:13,223 fastran_tr0_fastran_5 DEBUG    _get_service_response(REQUEST|fastran_000001@fastran@5|FRAMEWORK@Framework@0|29)
2025-09-09 16:20:13,234 fastran_tr0_fastran_5 DEBUG    _get_service_response(REQUEST|fastran_000001@fastran@5|FRAMEWORK@Framework@0|29), response = ServiceResponseMessage(sender_id=FRAMEWORK@Framework@0, receiver_id=fastran_000001@fastran@5, request_msg_id=REQUEST|fastran_000001@fastran@5|FRAMEWORK@Framework@0|29,status=0, args=(None,), message_id=RESPONSE|FRAMEWORK@Framework@0|fastran_000001@fastran@5|283)
2025-09-09 16:20:13,255 fastran_tr0_fastran_5 DEBUG    _invoke_service(): getTopic  ('_IPS_MONITOR',)
2025-09-09 16:20:13,255 fastran_tr0_fastran_5 DEBUG    _get_service_response(REQUEST|fastran_000001@fastran@5|FRAMEWORK@Framework@0|30)
2025-09-09 16:20:13,265 fastran_tr0_fastran_5 DEBUG    _get_service_response(REQUEST|fastran_000001@fastran@5|FRAMEWORK@Framework@0|30), response = ServiceResponseMessage(sender_id=FRAMEWORK@Framework@0, receiver_id=fastran_000001@fastran@5, request_msg_id=REQUEST|fastran_000001@fastran@5|FRAMEWORK@Framework@0|30,status=0, args=(<ipsframework.cca_es_spec.Topic object at 0x7f87c64137c0>,), message_id=RESPONSE|FRAMEWORK@Framework@0|fastran_000001@fastran@5|284)
2025-09-09 16:20:13,265 fastran_tr0_fastran_5 DEBUG    _invoke_service(): sendEvent  ('_IPS_MONITOR', 'PORTAL_EVENT', {'sim_name': 'fastran_000001', 'real_sim_name': 'fastran_000001', 'portal_data': {'code': 'fastran_tr0_fastran', 'eventtype': 'IPS_STAGE_OUTPUTS', 'ok': True, 'walltime': '45.33', 'time': '2025-09-09|16:20:13PDT', 'trace': {'timestamp': 1757460013234203, 'duration': 20967, 'localEndpoint': {'serviceName': 'stage_output_files'}, 'name': "['fastran.nc', 'inprof', 'inmetric', 'infastran', 'intglf', 'xfastran.log', 'i000001.00001']", 'id': '7349cfaaafc33980', 'parentId': '28c58a1899173c59', 'tags': {}}, 'state': 'Running', 'comment': "Elapsed time = 0.021 Path = /pscratch/sd/b/bassem/ips/tglf-ep_32_repeat/SCAN/simulation_results/preprocess_1/components/fastran_tr0_fastran_5 Files = ['fastran.nc', 'inprof', 'inmetric', 'infastran', 'intglf', 'xfastran.log', 'i000001.00001']"}})
2025-09-09 16:20:13,265 fastran_tr0_fastran_5 DEBUG    _get_service_response(REQUEST|fastran_000001@fastran@5|FRAMEWORK@Framework@0|31)
2025-09-09 16:20:13,276 fastran_tr0_fastran_5 DEBUG    _get_service_response(REQUEST|fastran_000001@fastran@5|FRAMEWORK@Framework@0|31), response = ServiceResponseMessage(sender_id=FRAMEWORK@Framework@0, receiver_id=fastran_000001@fastran@5, request_msg_id=REQUEST|fastran_000001@fastran@5|FRAMEWORK@Framework@0|31,status=0, args=(None,), message_id=RESPONSE|FRAMEWORK@Framework@0|fastran_000001@fastran@5|285)
2025-09-09 16:20:13,287 fastran_driver_fastran_driver_2 DEBUG    _get_service_response(REQUEST|fastran_000001@fastran_driver@2|FRAMEWORK@Framework@0|100), response = ServiceResponseMessage(sender_id=FRAMEWORK@Framework@0, receiver_id=fastran_000001@fastran_driver@2, request_msg_id=REQUEST|fastran_000001@fastran_driver@2|FRAMEWORK@Framework@0|100,status=0, args=((None,),), message_id=RESPONSE|FRAMEWORK@Framework@0|fastran_000001@fastran_driver@2|286)
2025-09-09 16:20:13,287 fastran_driver_fastran_driver_2 DEBUG    _invoke_service(): getTopic  ('_IPS_MONITOR',)
2025-09-09 16:20:13,287 fastran_driver_fastran_driver_2 DEBUG    _get_service_response(REQUEST|fastran_000001@fastran_driver@2|FRAMEWORK@Framework@0|101)
2025-09-09 16:20:13,298 fastran_driver_fastran_driver_2 DEBUG    _get_service_response(REQUEST|fastran_000001@fastran_driver@2|FRAMEWORK@Framework@0|101), response = ServiceResponseMessage(sender_id=FRAMEWORK@Framework@0, receiver_id=fastran_000001@fastran_driver@2, request_msg_id=REQUEST|fastran_000001@fastran_driver@2|FRAMEWORK@Framework@0|101,status=0, args=(<ipsframework.cca_es_spec.Topic object at 0x7f87c63e0160>,), message_id=RESPONSE|FRAMEWORK@Framework@0|fastran_000001@fastran_driver@2|287)
2025-09-09 16:20:13,298 fastran_driver_fastran_driver_2 DEBUG    _invoke_service(): sendEvent  ('_IPS_MONITOR', 'PORTAL_EVENT', {'sim_name': 'fastran_000001', 'real_sim_name': 'fastran_000001', 'portal_data': {'code': 'fastran_driver_fastran_driver', 'eventtype': 'IPS_CALL_END', 'ok': True, 'walltime': '45.36', 'time': '2025-09-09|16:20:13PDT', 'trace': {'timestamp': 1757460012105746, 'duration': 1181591, 'localEndpoint': {'serviceName': 'fastran_000001@fastran@5'}, 'name': 'step(preprocess_1)', 'id': '28c58a1899173c59', 'parentId': '15e0663de819b9fa', 'tags': {}}, 'state': 'Running', 'comment': 'Target = fastran_000001@fastran@5:step(preprocess_1)'}})
2025-09-09 16:20:13,298 fastran_driver_fastran_driver_2 DEBUG    _get_service_response(REQUEST|fastran_000001@fastran_driver@2|FRAMEWORK@Framework@0|102)
2025-09-09 16:20:13,309 fastran_driver_fastran_driver_2 DEBUG    _get_service_response(REQUEST|fastran_000001@fastran_driver@2|FRAMEWORK@Framework@0|102), response = ServiceResponseMessage(sender_id=FRAMEWORK@Framework@0, receiver_id=fastran_000001@fastran_driver@2, request_msg_id=REQUEST|fastran_000001@fastran_driver@2|FRAMEWORK@Framework@0|102,status=0, args=(None,), message_id=RESPONSE|FRAMEWORK@Framework@0|fastran_000001@fastran_driver@2|288)
2025-09-09 16:20:13,309 fastran_driver_fastran_driver_2 DEBUG    _invoke_service(): getTopic  ('_IPS_MONITOR',)
2025-09-09 16:20:13,309 fastran_driver_fastran_driver_2 DEBUG    _get_service_response(REQUEST|fastran_000001@fastran_driver@2|FRAMEWORK@Framework@0|103)
2025-09-09 16:20:13,320 fastran_driver_fastran_driver_2 DEBUG    _get_service_response(REQUEST|fastran_000001@fastran_driver@2|FRAMEWORK@Framework@0|103), response = ServiceResponseMessage(sender_id=FRAMEWORK@Framework@0, receiver_id=fastran_000001@fastran_driver@2, request_msg_id=REQUEST|fastran_000001@fastran_driver@2|FRAMEWORK@Framework@0|103,status=0, args=(<ipsframework.cca_es_spec.Topic object at 0x7f87c63e0130>,), message_id=RESPONSE|FRAMEWORK@Framework@0|fastran_000001@fastran_driver@2|289)
2025-09-09 16:20:13,320 fastran_driver_fastran_driver_2 DEBUG    _invoke_service(): sendEvent  ('_IPS_MONITOR', 'PORTAL_EVENT', {'sim_name': 'fastran_000001', 'real_sim_name': 'fastran_000001', 'portal_data': {'code': 'fastran_driver_fastran_driver', 'eventtype': 'IPS_CALL_BEGIN', 'ok': True, 'walltime': '45.39', 'time': '2025-09-09|16:20:13PDT', 'state': 'Running', 'comment': 'Target = fastran_000001@modeleq_constraint@6:step(preprocess_1)'}})
2025-09-09 16:20:13,320 fastran_driver_fastran_driver_2 DEBUG    _get_service_response(REQUEST|fastran_000001@fastran_driver@2|FRAMEWORK@Framework@0|104)
2025-09-09 16:20:13,331 fastran_driver_fastran_driver_2 DEBUG    _get_service_response(REQUEST|fastran_000001@fastran_driver@2|FRAMEWORK@Framework@0|104), response = ServiceResponseMessage(sender_id=FRAMEWORK@Framework@0, receiver_id=fastran_000001@fastran_driver@2, request_msg_id=REQUEST|fastran_000001@fastran_driver@2|FRAMEWORK@Framework@0|104,status=0, args=(None,), message_id=RESPONSE|FRAMEWORK@Framework@0|fastran_000001@fastran_driver@2|290)
2025-09-09 16:20:13,331 fastran_driver_fastran_driver_2 DEBUG    _invoke_service(): init_call  ('step', 'preprocess_1')
2025-09-09 16:20:13,331 fastran_driver_fastran_driver_2 DEBUG    _get_service_response(REQUEST|fastran_000001@fastran_driver@2|FRAMEWORK@Framework@0|105)
2025-09-09 16:20:13,331 fastran__modeleq_constraint_6 DEBUG    Received Message 
2025-09-09 16:20:13,332 fastran__modeleq_constraint_6 DEBUG    Calling method step(preprocess_1)
2025-09-09 16:20:13,332 fastran__modeleq_constraint_6 DEBUG    _invoke_service(): stage_state  (['s000001.00001', 'g000001.00001', 'i000001.00001', 'b000001.00001'], '/pscratch/sd/b/bassem/ips/tglf-ep_32_repeat/SCAN/work/plasma_state', '/pscratch/sd/b/bassem/ips/tglf-ep_32_repeat/SCAN/work/fastran__modeleq_constraint_6')
2025-09-09 16:20:13,332 fastran__modeleq_constraint_6 DEBUG    _get_service_response(REQUEST|fastran_000001@modeleq_constraint@6|FRAMEWORK@Framework@0|8)
2025-09-09 16:20:13,341 fastran_driver_fastran_driver_2 DEBUG    _get_service_response(REQUEST|fastran_000001@fastran_driver@2|FRAMEWORK@Framework@0|105), response = ServiceResponseMessage(sender_id=FRAMEWORK@Framework@0, receiver_id=fastran_000001@fastran_driver@2, request_msg_id=REQUEST|fastran_000001@fastran_driver@2|FRAMEWORK@Framework@0|105,status=0, args=(24,), message_id=RESPONSE|FRAMEWORK@Framework@0|fastran_000001@fastran_driver@2|291)
2025-09-09 16:20:13,342 fastran_driver_fastran_driver_2 DEBUG    _invoke_service(): wait_call  (24, True)
2025-09-09 16:20:13,342 fastran_driver_fastran_driver_2 DEBUG    _get_service_response(REQUEST|fastran_000001@fastran_driver@2|FRAMEWORK@Framework@0|106)
2025-09-09 16:20:13,355 fastran__modeleq_constraint_6 DEBUG    _get_service_response(REQUEST|fastran_000001@modeleq_constraint@6|FRAMEWORK@Framework@0|8), response = ServiceResponseMessage(sender_id=FRAMEWORK@Framework@0, receiver_id=fastran_000001@modeleq_constraint@6, request_msg_id=REQUEST|fastran_000001@modeleq_constraint@6|FRAMEWORK@Framework@0|8,status=0, args=(0,), message_id=RESPONSE|FRAMEWORK@Framework@0|fastran_000001@modeleq_constraint@6|292)
2025-09-09 16:20:13,355 fastran__modeleq_constraint_6 DEBUG    _invoke_service(): getTopic  ('_IPS_MONITOR',)
2025-09-09 16:20:13,355 fastran__modeleq_constraint_6 DEBUG    _get_service_response(REQUEST|fastran_000001@modeleq_constraint@6|FRAMEWORK@Framework@0|9)
2025-09-09 16:20:13,365 fastran__modeleq_constraint_6 DEBUG    _get_service_response(REQUEST|fastran_000001@modeleq_constraint@6|FRAMEWORK@Framework@0|9), response = ServiceResponseMessage(sender_id=FRAMEWORK@Framework@0, receiver_id=fastran_000001@modeleq_constraint@6, request_msg_id=REQUEST|fastran_000001@modeleq_constraint@6|FRAMEWORK@Framework@0|9,status=0, args=(<ipsframework.cca_es_spec.Topic object at 0x7f87c63ad520>,), message_id=RESPONSE|FRAMEWORK@Framework@0|fastran_000001@modeleq_constraint@6|293)
2025-09-09 16:20:13,365 fastran__modeleq_constraint_6 DEBUG    _invoke_service(): sendEvent  ('_IPS_MONITOR', 'PORTAL_EVENT', {'sim_name': 'fastran_000001', 'real_sim_name': 'fastran_000001', 'portal_data': {'code': 'fastran__modeleq_constraint', 'eventtype': 'IPS_STAGE_STATE', 'ok': True, 'walltime': '45.43', 'time': '2025-09-09|16:20:13PDT', 'trace': {'timestamp': 1757460013332291, 'duration': 22939, 'localEndpoint': {'serviceName': 'stage_state'}, 'name': "['s000001.00001', 'g000001.00001', 'i000001.00001', 'b000001.00001']", 'id': 'ff3119918b5e7670', 'parentId': '9ae4a039f014cbcf', 'tags': {}}, 'state': 'Running', 'comment': 'Elapsed time = 0.023  files = s000001.00001 g000001.00001 i000001.00001 b000001.00001 Success'}})
2025-09-09 16:20:13,366 fastran__modeleq_constraint_6 DEBUG    _get_service_response(REQUEST|fastran_000001@modeleq_constraint@6|FRAMEWORK@Framework@0|10)
2025-09-09 16:20:13,377 fastran__modeleq_constraint_6 DEBUG    _get_service_response(REQUEST|fastran_000001@modeleq_constraint@6|FRAMEWORK@Framework@0|10), response = ServiceResponseMessage(sender_id=FRAMEWORK@Framework@0, receiver_id=fastran_000001@modeleq_constraint@6, request_msg_id=REQUEST|fastran_000001@modeleq_constraint@6|FRAMEWORK@Framework@0|10,status=0, args=(None,), message_id=RESPONSE|FRAMEWORK@Framework@0|fastran_000001@modeleq_constraint@6|294)
2025-09-09 16:20:14,432 fastran__modeleq_constraint_6 DEBUG    _invoke_service(): update_state  (['s000001.00001', 'g000001.00001', 'i000001.00001', 'b000001.00001'], '/pscratch/sd/b/bassem/ips/tglf-ep_32_repeat/SCAN/work/fastran__modeleq_constraint_6', '/pscratch/sd/b/bassem/ips/tglf-ep_32_repeat/SCAN/work/plasma_state')
2025-09-09 16:20:14,432 fastran__modeleq_constraint_6 DEBUG    _get_service_response(REQUEST|fastran_000001@modeleq_constraint@6|FRAMEWORK@Framework@0|11)
2025-09-09 16:20:14,456 fastran__modeleq_constraint_6 DEBUG    _get_service_response(REQUEST|fastran_000001@modeleq_constraint@6|FRAMEWORK@Framework@0|11), response = ServiceResponseMessage(sender_id=FRAMEWORK@Framework@0, receiver_id=fastran_000001@modeleq_constraint@6, request_msg_id=REQUEST|fastran_000001@modeleq_constraint@6|FRAMEWORK@Framework@0|11,status=0, args=(0,), message_id=RESPONSE|FRAMEWORK@Framework@0|fastran_000001@modeleq_constraint@6|297)
2025-09-09 16:20:14,457 fastran__modeleq_constraint_6 DEBUG    _invoke_service(): getTopic  ('_IPS_MONITOR',)
2025-09-09 16:20:14,457 fastran__modeleq_constraint_6 DEBUG    _get_service_response(REQUEST|fastran_000001@modeleq_constraint@6|FRAMEWORK@Framework@0|12)
2025-09-09 16:20:14,467 fastran__modeleq_constraint_6 DEBUG    _get_service_response(REQUEST|fastran_000001@modeleq_constraint@6|FRAMEWORK@Framework@0|12), response = ServiceResponseMessage(sender_id=FRAMEWORK@Framework@0, receiver_id=fastran_000001@modeleq_constraint@6, request_msg_id=REQUEST|fastran_000001@modeleq_constraint@6|FRAMEWORK@Framework@0|12,status=0, args=(<ipsframework.cca_es_spec.Topic object at 0x7f87c63ad310>,), message_id=RESPONSE|FRAMEWORK@Framework@0|fastran_000001@modeleq_constraint@6|298)
2025-09-09 16:20:14,468 fastran__modeleq_constraint_6 DEBUG    _invoke_service(): sendEvent  ('_IPS_MONITOR', 'PORTAL_EVENT', {'sim_name': 'fastran_000001', 'real_sim_name': 'fastran_000001', 'portal_data': {'code': 'fastran__modeleq_constraint', 'eventtype': 'IPS_UPDATE_STATE', 'ok': True, 'walltime': '46.53', 'time': '2025-09-09|16:20:14PDT', 'trace': {'timestamp': 1757460014432095, 'duration': 24977, 'localEndpoint': {'serviceName': 'update_state'}, 'name': "['s000001.00001', 'g000001.00001', 'i000001.00001', 'b000001.00001']", 'id': '2fc1229e1e650f1c', 'parentId': '9ae4a039f014cbcf', 'tags': {}}, 'state': 'Running', 'comment': 'Elapsed time = 0.025   files = s000001.00001 g000001.00001 i000001.00001 b000001.00001 Success'}})
2025-09-09 16:20:14,468 fastran__modeleq_constraint_6 DEBUG    _get_service_response(REQUEST|fastran_000001@modeleq_constraint@6|FRAMEWORK@Framework@0|13)
2025-09-09 16:20:14,478 fastran__modeleq_constraint_6 DEBUG    _get_service_response(REQUEST|fastran_000001@modeleq_constraint@6|FRAMEWORK@Framework@0|13), response = ServiceResponseMessage(sender_id=FRAMEWORK@Framework@0, receiver_id=fastran_000001@modeleq_constraint@6, request_msg_id=REQUEST|fastran_000001@modeleq_constraint@6|FRAMEWORK@Framework@0|13,status=0, args=(None,), message_id=RESPONSE|FRAMEWORK@Framework@0|fastran_000001@modeleq_constraint@6|299)
2025-09-09 16:20:14,479 fastran__modeleq_constraint_6 DEBUG    _invoke_service(): getTopic  ('_IPS_MONITOR',)
2025-09-09 16:20:14,479 fastran__modeleq_constraint_6 DEBUG    _get_service_response(REQUEST|fastran_000001@modeleq_constraint@6|FRAMEWORK@Framework@0|14)
2025-09-09 16:20:14,490 fastran__modeleq_constraint_6 DEBUG    _get_service_response(REQUEST|fastran_000001@modeleq_constraint@6|FRAMEWORK@Framework@0|14), response = ServiceResponseMessage(sender_id=FRAMEWORK@Framework@0, receiver_id=fastran_000001@modeleq_constraint@6, request_msg_id=REQUEST|fastran_000001@modeleq_constraint@6|FRAMEWORK@Framework@0|14,status=0, args=(<ipsframework.cca_es_spec.Topic object at 0x7f87c63adc70>,), message_id=RESPONSE|FRAMEWORK@Framework@0|fastran_000001@modeleq_constraint@6|300)
2025-09-09 16:20:14,490 fastran__modeleq_constraint_6 DEBUG    _invoke_service(): sendEvent  ('_IPS_MONITOR', 'PORTAL_EVENT', {'sim_name': 'fastran_000001', 'real_sim_name': 'fastran_000001', 'portal_data': {'code': 'fastran__modeleq_constraint', 'eventtype': 'IPS_STAGE_OUTPUTS', 'ok': True, 'walltime': '46.56', 'time': '2025-09-09|16:20:14PDT', 'trace': {'timestamp': 1757460014478763, 'duration': 969, 'localEndpoint': {'serviceName': 'stage_output_files'}, 'name': '[]', 'id': 'ed019efe11be26d9', 'parentId': '9ae4a039f014cbcf', 'tags': {}}, 'state': 'Running', 'comment': 'Elapsed time = 0.001 Path = /pscratch/sd/b/bassem/ips/tglf-ep_32_repeat/SCAN/simulation_results/preprocess_1/components/fastran__modeleq_constraint_6 Files = []'}})
2025-09-09 16:20:14,490 fastran__modeleq_constraint_6 DEBUG    _get_service_response(REQUEST|fastran_000001@modeleq_constraint@6|FRAMEWORK@Framework@0|15)
2025-09-09 16:20:14,501 fastran__modeleq_constraint_6 DEBUG    _get_service_response(REQUEST|fastran_000001@modeleq_constraint@6|FRAMEWORK@Framework@0|15), response = ServiceResponseMessage(sender_id=FRAMEWORK@Framework@0, receiver_id=fastran_000001@modeleq_constraint@6, request_msg_id=REQUEST|fastran_000001@modeleq_constraint@6|FRAMEWORK@Framework@0|15,status=0, args=(None,), message_id=RESPONSE|FRAMEWORK@Framework@0|fastran_000001@modeleq_constraint@6|301)
2025-09-09 16:20:14,513 fastran_driver_fastran_driver_2 DEBUG    _get_service_response(REQUEST|fastran_000001@fastran_driver@2|FRAMEWORK@Framework@0|106), response = ServiceResponseMessage(sender_id=FRAMEWORK@Framework@0, receiver_id=fastran_000001@fastran_driver@2, request_msg_id=REQUEST|fastran_000001@fastran_driver@2|FRAMEWORK@Framework@0|106,status=0, args=((None,),), message_id=RESPONSE|FRAMEWORK@Framework@0|fastran_000001@fastran_driver@2|302)
2025-09-09 16:20:14,513 fastran_driver_fastran_driver_2 DEBUG    _invoke_service(): getTopic  ('_IPS_MONITOR',)
2025-09-09 16:20:14,513 fastran_driver_fastran_driver_2 DEBUG    _get_service_response(REQUEST|fastran_000001@fastran_driver@2|FRAMEWORK@Framework@0|107)
2025-09-09 16:20:14,524 fastran_driver_fastran_driver_2 DEBUG    _get_service_response(REQUEST|fastran_000001@fastran_driver@2|FRAMEWORK@Framework@0|107), response = ServiceResponseMessage(sender_id=FRAMEWORK@Framework@0, receiver_id=fastran_000001@fastran_driver@2, request_msg_id=REQUEST|fastran_000001@fastran_driver@2|FRAMEWORK@Framework@0|107,status=0, args=(<ipsframework.cca_es_spec.Topic object at 0x7f87c63e0160>,), message_id=RESPONSE|FRAMEWORK@Framework@0|fastran_000001@fastran_driver@2|303)
2025-09-09 16:20:14,524 fastran_driver_fastran_driver_2 DEBUG    _invoke_service(): sendEvent  ('_IPS_MONITOR', 'PORTAL_EVENT', {'sim_name': 'fastran_000001', 'real_sim_name': 'fastran_000001', 'portal_data': {'code': 'fastran_driver_fastran_driver', 'eventtype': 'IPS_CALL_END', 'ok': True, 'walltime': '46.59', 'time': '2025-09-09|16:20:14PDT', 'trace': {'timestamp': 1757460013342040, 'duration': 1171781, 'localEndpoint': {'serviceName': 'fastran_000001@modeleq_constraint@6'}, 'name': 'step(preprocess_1)', 'id': '9ae4a039f014cbcf', 'parentId': '15e0663de819b9fa', 'tags': {}}, 'state': 'Running', 'comment': 'Target = fastran_000001@modeleq_constraint@6:step(preprocess_1)'}})
2025-09-09 16:20:14,524 fastran_driver_fastran_driver_2 DEBUG    _get_service_response(REQUEST|fastran_000001@fastran_driver@2|FRAMEWORK@Framework@0|108)
2025-09-09 16:20:14,535 fastran_driver_fastran_driver_2 DEBUG    _get_service_response(REQUEST|fastran_000001@fastran_driver@2|FRAMEWORK@Framework@0|108), response = ServiceResponseMessage(sender_id=FRAMEWORK@Framework@0, receiver_id=fastran_000001@fastran_driver@2, request_msg_id=REQUEST|fastran_000001@fastran_driver@2|FRAMEWORK@Framework@0|108,status=0, args=(None,), message_id=RESPONSE|FRAMEWORK@Framework@0|fastran_000001@fastran_driver@2|304)
2025-09-09 16:20:14,536 fastran_driver_fastran_driver_2 DEBUG    _invoke_service(): getTopic  ('_IPS_MONITOR',)
2025-09-09 16:20:14,536 fastran_driver_fastran_driver_2 DEBUG    _get_service_response(REQUEST|fastran_000001@fastran_driver@2|FRAMEWORK@Framework@0|109)
2025-09-09 16:20:14,546 fastran_driver_fastran_driver_2 DEBUG    _get_service_response(REQUEST|fastran_000001@fastran_driver@2|FRAMEWORK@Framework@0|109), response = ServiceResponseMessage(sender_id=FRAMEWORK@Framework@0, receiver_id=fastran_000001@fastran_driver@2, request_msg_id=REQUEST|fastran_000001@fastran_driver@2|FRAMEWORK@Framework@0|109,status=0, args=(<ipsframework.cca_es_spec.Topic object at 0x7f87c63e02b0>,), message_id=RESPONSE|FRAMEWORK@Framework@0|fastran_000001@fastran_driver@2|305)
2025-09-09 16:20:14,546 fastran_driver_fastran_driver_2 DEBUG    _invoke_service(): sendEvent  ('_IPS_MONITOR', 'PORTALBRIDGE_UPDATE_TIMESTAMP', {'sim_name': 'fastran_000001', 'real_sim_name': 'fastran_000001', 'portal_data': {'phystimestamp': 'preprocess_2', 'eventtype': 'PORTALBRIDGE_UPDATE_TIMESTAMP'}})
2025-09-09 16:20:14,547 fastran_driver_fastran_driver_2 DEBUG    _get_service_response(REQUEST|fastran_000001@fastran_driver@2|FRAMEWORK@Framework@0|110)
2025-09-09 16:20:14,557 fastran_driver_fastran_driver_2 DEBUG    _get_service_response(REQUEST|fastran_000001@fastran_driver@2|FRAMEWORK@Framework@0|110), response = ServiceResponseMessage(sender_id=FRAMEWORK@Framework@0, receiver_id=fastran_000001@fastran_driver@2, request_msg_id=REQUEST|fastran_000001@fastran_driver@2|FRAMEWORK@Framework@0|110,status=0, args=(None,), message_id=RESPONSE|FRAMEWORK@Framework@0|fastran_000001@fastran_driver@2|306)
2025-09-09 16:20:14,557 fastran_driver_fastran_driver_2 DEBUG    _invoke_service(): getTopic  ('_IPS_MONITOR',)
2025-09-09 16:20:14,558 fastran_driver_fastran_driver_2 DEBUG    _get_service_response(REQUEST|fastran_000001@fastran_driver@2|FRAMEWORK@Framework@0|111)
2025-09-09 16:20:14,568 fastran_driver_fastran_driver_2 DEBUG    _get_service_response(REQUEST|fastran_000001@fastran_driver@2|FRAMEWORK@Framework@0|111), response = ServiceResponseMessage(sender_id=FRAMEWORK@Framework@0, receiver_id=fastran_000001@fastran_driver@2, request_msg_id=REQUEST|fastran_000001@fastran_driver@2|FRAMEWORK@Framework@0|111,status=0, args=(<ipsframework.cca_es_spec.Topic object at 0x7f87c63e0250>,), message_id=RESPONSE|FRAMEWORK@Framework@0|fastran_000001@fastran_driver@2|307)
2025-09-09 16:20:14,568 fastran_driver_fastran_driver_2 DEBUG    _invoke_service(): sendEvent  ('_IPS_MONITOR', 'PORTAL_EVENT', {'sim_name': 'fastran_000001', 'real_sim_name': 'fastran_000001', 'portal_data': {'code': 'fastran_driver_fastran_driver', 'eventtype': 'IPS_UPDATE_TIME_STAMP', 'ok': True, 'walltime': '46.63', 'time': '2025-09-09|16:20:14PDT', 'state': 'Running', 'comment': 'Timestamp = preprocess_2'}})
2025-09-09 16:20:14,568 fastran_driver_fastran_driver_2 DEBUG    _get_service_response(REQUEST|fastran_000001@fastran_driver@2|FRAMEWORK@Framework@0|112)
2025-09-09 16:20:14,579 fastran_driver_fastran_driver_2 DEBUG    _get_service_response(REQUEST|fastran_000001@fastran_driver@2|FRAMEWORK@Framework@0|112), response = ServiceResponseMessage(sender_id=FRAMEWORK@Framework@0, receiver_id=fastran_000001@fastran_driver@2, request_msg_id=REQUEST|fastran_000001@fastran_driver@2|FRAMEWORK@Framework@0|112,status=0, args=(None,), message_id=RESPONSE|FRAMEWORK@Framework@0|fastran_000001@fastran_driver@2|308)
2025-09-09 16:20:14,579 fastran_driver_fastran_driver_2 DEBUG    _invoke_service(): getTopic  ('_IPS_MONITOR',)
2025-09-09 16:20:14,579 fastran_driver_fastran_driver_2 DEBUG    _get_service_response(REQUEST|fastran_000001@fastran_driver@2|FRAMEWORK@Framework@0|113)
2025-09-09 16:20:14,590 fastran_driver_fastran_driver_2 DEBUG    _get_service_response(REQUEST|fastran_000001@fastran_driver@2|FRAMEWORK@Framework@0|113), response = ServiceResponseMessage(sender_id=FRAMEWORK@Framework@0, receiver_id=fastran_000001@fastran_driver@2, request_msg_id=REQUEST|fastran_000001@fastran_driver@2|FRAMEWORK@Framework@0|113,status=0, args=(<ipsframework.cca_es_spec.Topic object at 0x7f87c63e0160>,), message_id=RESPONSE|FRAMEWORK@Framework@0|fastran_000001@fastran_driver@2|310)
2025-09-09 16:20:14,590 fastran_driver_fastran_driver_2 DEBUG    _invoke_service(): sendEvent  ('_IPS_MONITOR', 'PORTAL_EVENT', {'sim_name': 'fastran_000001', 'real_sim_name': 'fastran_000001', 'portal_data': {'code': 'fastran_driver_fastran_driver', 'eventtype': 'IPS_CALL_BEGIN', 'ok': True, 'walltime': '46.66', 'time': '2025-09-09|16:20:14PDT', 'state': 'Running', 'comment': 'Target = fastran_000001@efit@3:step(preprocess_2)'}})
2025-09-09 16:20:14,590 fastran_driver_fastran_driver_2 DEBUG    _get_service_response(REQUEST|fastran_000001@fastran_driver@2|FRAMEWORK@Framework@0|114)
2025-09-09 16:20:14,601 fastran_driver_fastran_driver_2 DEBUG    _get_service_response(REQUEST|fastran_000001@fastran_driver@2|FRAMEWORK@Framework@0|114), response = ServiceResponseMessage(sender_id=FRAMEWORK@Framework@0, receiver_id=fastran_000001@fastran_driver@2, request_msg_id=REQUEST|fastran_000001@fastran_driver@2|FRAMEWORK@Framework@0|114,status=0, args=(None,), message_id=RESPONSE|FRAMEWORK@Framework@0|fastran_000001@fastran_driver@2|311)
2025-09-09 16:20:14,601 fastran_driver_fastran_driver_2 DEBUG    _invoke_service(): init_call  ('step', 'preprocess_2')
2025-09-09 16:20:14,601 fastran_driver_fastran_driver_2 DEBUG    _get_service_response(REQUEST|fastran_000001@fastran_driver@2|FRAMEWORK@Framework@0|115)
2025-09-09 16:20:14,602 fastran_eq0_efit_3 DEBUG    Received Message 
2025-09-09 16:20:14,602 fastran_eq0_efit_3 DEBUG    Calling method step(preprocess_2)
2025-09-09 16:20:14,603 fastran_eq0_efit_3 DEBUG    _invoke_service(): stage_state  (['s000001.00001', 'g000001.00001', 'i000001.00001', 'b000001.00001'], '/pscratch/sd/b/bassem/ips/tglf-ep_32_repeat/SCAN/work/plasma_state', '/pscratch/sd/b/bassem/ips/tglf-ep_32_repeat/SCAN/work/fastran_eq0_efit_3')
2025-09-09 16:20:14,603 fastran_eq0_efit_3 DEBUG    _get_service_response(REQUEST|fastran_000001@efit@3|FRAMEWORK@Framework@0|22)
2025-09-09 16:20:14,612 fastran_driver_fastran_driver_2 DEBUG    _get_service_response(REQUEST|fastran_000001@fastran_driver@2|FRAMEWORK@Framework@0|115), response = ServiceResponseMessage(sender_id=FRAMEWORK@Framework@0, receiver_id=fastran_000001@fastran_driver@2, request_msg_id=REQUEST|fastran_000001@fastran_driver@2|FRAMEWORK@Framework@0|115,status=0, args=(25,), message_id=RESPONSE|FRAMEWORK@Framework@0|fastran_000001@fastran_driver@2|312)
2025-09-09 16:20:14,612 fastran_driver_fastran_driver_2 DEBUG    _invoke_service(): wait_call  (25, True)
2025-09-09 16:20:14,612 fastran_driver_fastran_driver_2 DEBUG    _get_service_response(REQUEST|fastran_000001@fastran_driver@2|FRAMEWORK@Framework@0|116)
2025-09-09 16:20:14,627 fastran_eq0_efit_3 DEBUG    _get_service_response(REQUEST|fastran_000001@efit@3|FRAMEWORK@Framework@0|22), response = ServiceResponseMessage(sender_id=FRAMEWORK@Framework@0, receiver_id=fastran_000001@efit@3, request_msg_id=REQUEST|fastran_000001@efit@3|FRAMEWORK@Framework@0|22,status=0, args=(0,), message_id=RESPONSE|FRAMEWORK@Framework@0|fastran_000001@efit@3|313)
2025-09-09 16:20:14,627 fastran_eq0_efit_3 DEBUG    _invoke_service(): getTopic  ('_IPS_MONITOR',)
2025-09-09 16:20:14,627 fastran_eq0_efit_3 DEBUG    _get_service_response(REQUEST|fastran_000001@efit@3|FRAMEWORK@Framework@0|23)
2025-09-09 16:20:14,638 fastran_eq0_efit_3 DEBUG    _get_service_response(REQUEST|fastran_000001@efit@3|FRAMEWORK@Framework@0|23), response = ServiceResponseMessage(sender_id=FRAMEWORK@Framework@0, receiver_id=fastran_000001@efit@3, request_msg_id=REQUEST|fastran_000001@efit@3|FRAMEWORK@Framework@0|23,status=0, args=(<ipsframework.cca_es_spec.Topic object at 0x7f87c63dddc0>,), message_id=RESPONSE|FRAMEWORK@Framework@0|fastran_000001@efit@3|314)
2025-09-09 16:20:14,638 fastran_eq0_efit_3 DEBUG    _invoke_service(): sendEvent  ('_IPS_MONITOR', 'PORTAL_EVENT', {'sim_name': 'fastran_000001', 'real_sim_name': 'fastran_000001', 'portal_data': {'code': 'fastran_eq0_efit', 'eventtype': 'IPS_STAGE_STATE', 'ok': True, 'walltime': '46.70', 'time': '2025-09-09|16:20:14PDT', 'trace': {'timestamp': 1757460014603240, 'duration': 24314, 'localEndpoint': {'serviceName': 'stage_state'}, 'name': "['s000001.00001', 'g000001.00001', 'i000001.00001', 'b000001.00001']", 'id': 'ff3119918b5e7670', 'parentId': '9cb1d8ad0d953ee3', 'tags': {}}, 'state': 'Running', 'comment': 'Elapsed time = 0.024  files = s000001.00001 g000001.00001 i000001.00001 b000001.00001 Success'}})
2025-09-09 16:20:14,638 fastran_eq0_efit_3 DEBUG    _get_service_response(REQUEST|fastran_000001@efit@3|FRAMEWORK@Framework@0|24)
2025-09-09 16:20:14,649 fastran_eq0_efit_3 DEBUG    _get_service_response(REQUEST|fastran_000001@efit@3|FRAMEWORK@Framework@0|24), response = ServiceResponseMessage(sender_id=FRAMEWORK@Framework@0, receiver_id=fastran_000001@efit@3, request_msg_id=REQUEST|fastran_000001@efit@3|FRAMEWORK@Framework@0|24,status=0, args=(None,), message_id=RESPONSE|FRAMEWORK@Framework@0|fastran_000001@efit@3|315)
2025-09-09 16:20:16,588 fastran_eq0_efit_3 DEBUG    _invoke_service(): update_state  (['s000001.00001', 'g000001.00001', 'i000001.00001', 'b000001.00001'], '/pscratch/sd/b/bassem/ips/tglf-ep_32_repeat/SCAN/work/fastran_eq0_efit_3', '/pscratch/sd/b/bassem/ips/tglf-ep_32_repeat/SCAN/work/plasma_state')
2025-09-09 16:20:16,589 fastran_eq0_efit_3 DEBUG    _get_service_response(REQUEST|fastran_000001@efit@3|FRAMEWORK@Framework@0|25)
2025-09-09 16:20:16,612 fastran_eq0_efit_3 DEBUG    _get_service_response(REQUEST|fastran_000001@efit@3|FRAMEWORK@Framework@0|25), response = ServiceResponseMessage(sender_id=FRAMEWORK@Framework@0, receiver_id=fastran_000001@efit@3, request_msg_id=REQUEST|fastran_000001@efit@3|FRAMEWORK@Framework@0|25,status=0, args=(0,), message_id=RESPONSE|FRAMEWORK@Framework@0|fastran_000001@efit@3|319)
2025-09-09 16:20:16,612 fastran_eq0_efit_3 DEBUG    _invoke_service(): getTopic  ('_IPS_MONITOR',)
2025-09-09 16:20:16,612 fastran_eq0_efit_3 DEBUG    _get_service_response(REQUEST|fastran_000001@efit@3|FRAMEWORK@Framework@0|26)
2025-09-09 16:20:16,623 fastran_eq0_efit_3 DEBUG    _get_service_response(REQUEST|fastran_000001@efit@3|FRAMEWORK@Framework@0|26), response = ServiceResponseMessage(sender_id=FRAMEWORK@Framework@0, receiver_id=fastran_000001@efit@3, request_msg_id=REQUEST|fastran_000001@efit@3|FRAMEWORK@Framework@0|26,status=0, args=(<ipsframework.cca_es_spec.Topic object at 0x7f87c639bcd0>,), message_id=RESPONSE|FRAMEWORK@Framework@0|fastran_000001@efit@3|320)
2025-09-09 16:20:16,623 fastran_eq0_efit_3 DEBUG    _invoke_service(): sendEvent  ('_IPS_MONITOR', 'PORTAL_EVENT', {'sim_name': 'fastran_000001', 'real_sim_name': 'fastran_000001', 'portal_data': {'code': 'fastran_eq0_efit', 'eventtype': 'IPS_UPDATE_STATE', 'ok': True, 'walltime': '48.69', 'time': '2025-09-09|16:20:16PDT', 'trace': {'timestamp': 1757460016587541, 'duration': 25058, 'localEndpoint': {'serviceName': 'update_state'}, 'name': "['s000001.00001', 'g000001.00001', 'i000001.00001', 'b000001.00001']", 'id': '2fc1229e1e650f1c', 'parentId': '9cb1d8ad0d953ee3', 'tags': {}}, 'state': 'Running', 'comment': 'Elapsed time = 0.025   files = s000001.00001 g000001.00001 i000001.00001 b000001.00001 Success'}})
2025-09-09 16:20:16,624 fastran_eq0_efit_3 DEBUG    _get_service_response(REQUEST|fastran_000001@efit@3|FRAMEWORK@Framework@0|27)
2025-09-09 16:20:16,634 fastran_eq0_efit_3 DEBUG    _get_service_response(REQUEST|fastran_000001@efit@3|FRAMEWORK@Framework@0|27), response = ServiceResponseMessage(sender_id=FRAMEWORK@Framework@0, receiver_id=fastran_000001@efit@3, request_msg_id=REQUEST|fastran_000001@efit@3|FRAMEWORK@Framework@0|27,status=0, args=(None,), message_id=RESPONSE|FRAMEWORK@Framework@0|fastran_000001@efit@3|321)
2025-09-09 16:20:16,657 fastran_eq0_efit_3 DEBUG    _invoke_service(): getTopic  ('_IPS_MONITOR',)
2025-09-09 16:20:16,657 fastran_eq0_efit_3 DEBUG    _get_service_response(REQUEST|fastran_000001@efit@3|FRAMEWORK@Framework@0|28)
2025-09-09 16:20:16,667 fastran_eq0_efit_3 DEBUG    _get_service_response(REQUEST|fastran_000001@efit@3|FRAMEWORK@Framework@0|28), response = ServiceResponseMessage(sender_id=FRAMEWORK@Framework@0, receiver_id=fastran_000001@efit@3, request_msg_id=REQUEST|fastran_000001@efit@3|FRAMEWORK@Framework@0|28,status=0, args=(<ipsframework.cca_es_spec.Topic object at 0x7f87c639bd30>,), message_id=RESPONSE|FRAMEWORK@Framework@0|fastran_000001@efit@3|323)
2025-09-09 16:20:16,668 fastran_eq0_efit_3 DEBUG    _invoke_service(): sendEvent  ('_IPS_MONITOR', 'PORTAL_EVENT', {'sim_name': 'fastran_000001', 'real_sim_name': 'fastran_000001', 'portal_data': {'code': 'fastran_eq0_efit', 'eventtype': 'IPS_STAGE_OUTPUTS', 'ok': True, 'walltime': '48.73', 'time': '2025-09-09|16:20:16PDT', 'trace': {'timestamp': 1757460016634955, 'duration': 22146, 'localEndpoint': {'serviceName': 'stage_output_files'}, 'name': "['g*.*', 'a*.*', 'm*.*', 'k*.*', 'efit.log', 's*.*']", 'id': '80725d8eee5776f1', 'parentId': '9cb1d8ad0d953ee3', 'tags': {}}, 'state': 'Running', 'comment': "Elapsed time = 0.022 Path = /pscratch/sd/b/bassem/ips/tglf-ep_32_repeat/SCAN/simulation_results/preprocess_2/components/fastran_eq0_efit_3 Files = ['g*.*', 'a*.*', 'm*.*', 'k*.*', 'efit.log', 's*.*']"}})
2025-09-09 16:20:16,668 fastran_eq0_efit_3 DEBUG    _get_service_response(REQUEST|fastran_000001@efit@3|FRAMEWORK@Framework@0|29)
2025-09-09 16:20:16,678 fastran_eq0_efit_3 DEBUG    _get_service_response(REQUEST|fastran_000001@efit@3|FRAMEWORK@Framework@0|29), response = ServiceResponseMessage(sender_id=FRAMEWORK@Framework@0, receiver_id=fastran_000001@efit@3, request_msg_id=REQUEST|fastran_000001@efit@3|FRAMEWORK@Framework@0|29,status=0, args=(None,), message_id=RESPONSE|FRAMEWORK@Framework@0|fastran_000001@efit@3|324)
2025-09-09 16:20:16,691 fastran_driver_fastran_driver_2 DEBUG    _get_service_response(REQUEST|fastran_000001@fastran_driver@2|FRAMEWORK@Framework@0|116), response = ServiceResponseMessage(sender_id=FRAMEWORK@Framework@0, receiver_id=fastran_000001@fastran_driver@2, request_msg_id=REQUEST|fastran_000001@fastran_driver@2|FRAMEWORK@Framework@0|116,status=0, args=((None,),), message_id=RESPONSE|FRAMEWORK@Framework@0|fastran_000001@fastran_driver@2|325)
2025-09-09 16:20:16,691 fastran_driver_fastran_driver_2 DEBUG    _invoke_service(): getTopic  ('_IPS_MONITOR',)
2025-09-09 16:20:16,691 fastran_driver_fastran_driver_2 DEBUG    _get_service_response(REQUEST|fastran_000001@fastran_driver@2|FRAMEWORK@Framework@0|117)
2025-09-09 16:20:16,702 fastran_driver_fastran_driver_2 DEBUG    _get_service_response(REQUEST|fastran_000001@fastran_driver@2|FRAMEWORK@Framework@0|117), response = ServiceResponseMessage(sender_id=FRAMEWORK@Framework@0, receiver_id=fastran_000001@fastran_driver@2, request_msg_id=REQUEST|fastran_000001@fastran_driver@2|FRAMEWORK@Framework@0|117,status=0, args=(<ipsframework.cca_es_spec.Topic object at 0x7f87c63e0250>,), message_id=RESPONSE|FRAMEWORK@Framework@0|fastran_000001@fastran_driver@2|326)
2025-09-09 16:20:16,702 fastran_driver_fastran_driver_2 DEBUG    _invoke_service(): sendEvent  ('_IPS_MONITOR', 'PORTAL_EVENT', {'sim_name': 'fastran_000001', 'real_sim_name': 'fastran_000001', 'portal_data': {'code': 'fastran_driver_fastran_driver', 'eventtype': 'IPS_CALL_END', 'ok': True, 'walltime': '48.77', 'time': '2025-09-09|16:20:16PDT', 'trace': {'timestamp': 1757460014612701, 'duration': 2078670, 'localEndpoint': {'serviceName': 'fastran_000001@efit@3'}, 'name': 'step(preprocess_2)', 'id': '9cb1d8ad0d953ee3', 'parentId': '15e0663de819b9fa', 'tags': {}}, 'state': 'Running', 'comment': 'Target = fastran_000001@efit@3:step(preprocess_2)'}})
2025-09-09 16:20:16,702 fastran_driver_fastran_driver_2 DEBUG    _get_service_response(REQUEST|fastran_000001@fastran_driver@2|FRAMEWORK@Framework@0|118)
2025-09-09 16:20:16,713 fastran_driver_fastran_driver_2 DEBUG    _get_service_response(REQUEST|fastran_000001@fastran_driver@2|FRAMEWORK@Framework@0|118), response = ServiceResponseMessage(sender_id=FRAMEWORK@Framework@0, receiver_id=fastran_000001@fastran_driver@2, request_msg_id=REQUEST|fastran_000001@fastran_driver@2|FRAMEWORK@Framework@0|118,status=0, args=(None,), message_id=RESPONSE|FRAMEWORK@Framework@0|fastran_000001@fastran_driver@2|327)
2025-09-09 16:20:16,713 fastran_driver_fastran_driver_2 DEBUG    _invoke_service(): getTopic  ('_IPS_MONITOR',)
2025-09-09 16:20:16,713 fastran_driver_fastran_driver_2 DEBUG    _get_service_response(REQUEST|fastran_000001@fastran_driver@2|FRAMEWORK@Framework@0|119)
2025-09-09 16:20:16,724 fastran_driver_fastran_driver_2 DEBUG    _get_service_response(REQUEST|fastran_000001@fastran_driver@2|FRAMEWORK@Framework@0|119), response = ServiceResponseMessage(sender_id=FRAMEWORK@Framework@0, receiver_id=fastran_000001@fastran_driver@2, request_msg_id=REQUEST|fastran_000001@fastran_driver@2|FRAMEWORK@Framework@0|119,status=0, args=(<ipsframework.cca_es_spec.Topic object at 0x7f87c63e02b0>,), message_id=RESPONSE|FRAMEWORK@Framework@0|fastran_000001@fastran_driver@2|328)
2025-09-09 16:20:16,724 fastran_driver_fastran_driver_2 DEBUG    _invoke_service(): sendEvent  ('_IPS_MONITOR', 'PORTAL_EVENT', {'sim_name': 'fastran_000001', 'real_sim_name': 'fastran_000001', 'portal_data': {'code': 'fastran_driver_fastran_driver', 'eventtype': 'IPS_CALL_BEGIN', 'ok': True, 'walltime': '48.79', 'time': '2025-09-09|16:20:16PDT', 'state': 'Running', 'comment': 'Target = fastran_000001@hcd_model@4:step(preprocess_2)'}})
2025-09-09 16:20:16,724 fastran_driver_fastran_driver_2 DEBUG    _get_service_response(REQUEST|fastran_000001@fastran_driver@2|FRAMEWORK@Framework@0|120)
2025-09-09 16:20:16,734 fastran_driver_fastran_driver_2 DEBUG    _get_service_response(REQUEST|fastran_000001@fastran_driver@2|FRAMEWORK@Framework@0|120), response = ServiceResponseMessage(sender_id=FRAMEWORK@Framework@0, receiver_id=fastran_000001@fastran_driver@2, request_msg_id=REQUEST|fastran_000001@fastran_driver@2|FRAMEWORK@Framework@0|120,status=0, args=(None,), message_id=RESPONSE|FRAMEWORK@Framework@0|fastran_000001@fastran_driver@2|329)
2025-09-09 16:20:16,734 fastran_driver_fastran_driver_2 DEBUG    _invoke_service(): init_call  ('step', 'preprocess_2')
2025-09-09 16:20:16,735 fastran_driver_fastran_driver_2 DEBUG    _get_service_response(REQUEST|fastran_000001@fastran_driver@2|FRAMEWORK@Framework@0|121)
2025-09-09 16:20:16,735 fastran_ic_hcd_model_4 DEBUG    Received Message 
2025-09-09 16:20:16,735 fastran_ic_hcd_model_4 DEBUG    Calling method step(preprocess_2)
2025-09-09 16:20:16,736 fastran_ic_hcd_model_4 DEBUG    _invoke_service(): stage_state  (['s000001.00001', 'g000001.00001', 'i000001.00001', 'b000001.00001'], '/pscratch/sd/b/bassem/ips/tglf-ep_32_repeat/SCAN/work/plasma_state', '/pscratch/sd/b/bassem/ips/tglf-ep_32_repeat/SCAN/work/fastran_ic_hcd_model_4')
2025-09-09 16:20:16,736 fastran_ic_hcd_model_4 DEBUG    _get_service_response(REQUEST|fastran_000001@hcd_model@4|FRAMEWORK@Framework@0|20)
2025-09-09 16:20:16,745 fastran_driver_fastran_driver_2 DEBUG    _get_service_response(REQUEST|fastran_000001@fastran_driver@2|FRAMEWORK@Framework@0|121), response = ServiceResponseMessage(sender_id=FRAMEWORK@Framework@0, receiver_id=fastran_000001@fastran_driver@2, request_msg_id=REQUEST|fastran_000001@fastran_driver@2|FRAMEWORK@Framework@0|121,status=0, args=(26,), message_id=RESPONSE|FRAMEWORK@Framework@0|fastran_000001@fastran_driver@2|330)
2025-09-09 16:20:16,745 fastran_driver_fastran_driver_2 DEBUG    _invoke_service(): wait_call  (26, True)
2025-09-09 16:20:16,745 fastran_driver_fastran_driver_2 DEBUG    _get_service_response(REQUEST|fastran_000001@fastran_driver@2|FRAMEWORK@Framework@0|122)
2025-09-09 16:20:16,758 fastran_ic_hcd_model_4 DEBUG    _get_service_response(REQUEST|fastran_000001@hcd_model@4|FRAMEWORK@Framework@0|20), response = ServiceResponseMessage(sender_id=FRAMEWORK@Framework@0, receiver_id=fastran_000001@hcd_model@4, request_msg_id=REQUEST|fastran_000001@hcd_model@4|FRAMEWORK@Framework@0|20,status=0, args=(0,), message_id=RESPONSE|FRAMEWORK@Framework@0|fastran_000001@hcd_model@4|331)
2025-09-09 16:20:16,758 fastran_ic_hcd_model_4 DEBUG    _invoke_service(): getTopic  ('_IPS_MONITOR',)
2025-09-09 16:20:16,758 fastran_ic_hcd_model_4 DEBUG    _get_service_response(REQUEST|fastran_000001@hcd_model@4|FRAMEWORK@Framework@0|21)
2025-09-09 16:20:16,769 fastran_ic_hcd_model_4 DEBUG    _get_service_response(REQUEST|fastran_000001@hcd_model@4|FRAMEWORK@Framework@0|21), response = ServiceResponseMessage(sender_id=FRAMEWORK@Framework@0, receiver_id=fastran_000001@hcd_model@4, request_msg_id=REQUEST|fastran_000001@hcd_model@4|FRAMEWORK@Framework@0|21,status=0, args=(<ipsframework.cca_es_spec.Topic object at 0x7f87c63ec730>,), message_id=RESPONSE|FRAMEWORK@Framework@0|fastran_000001@hcd_model@4|332)
2025-09-09 16:20:16,769 fastran_ic_hcd_model_4 DEBUG    _invoke_service(): sendEvent  ('_IPS_MONITOR', 'PORTAL_EVENT', {'sim_name': 'fastran_000001', 'real_sim_name': 'fastran_000001', 'portal_data': {'code': 'fastran_ic_hcd_model', 'eventtype': 'IPS_STAGE_STATE', 'ok': True, 'walltime': '48.83', 'time': '2025-09-09|16:20:16PDT', 'trace': {'timestamp': 1757460016736018, 'duration': 22530, 'localEndpoint': {'serviceName': 'stage_state'}, 'name': "['s000001.00001', 'g000001.00001', 'i000001.00001', 'b000001.00001']", 'id': 'ff3119918b5e7670', 'parentId': 'e61f71c496310b4b', 'tags': {}}, 'state': 'Running', 'comment': 'Elapsed time = 0.023  files = s000001.00001 g000001.00001 i000001.00001 b000001.00001 Success'}})
2025-09-09 16:20:16,769 fastran_ic_hcd_model_4 DEBUG    _get_service_response(REQUEST|fastran_000001@hcd_model@4|FRAMEWORK@Framework@0|22)
2025-09-09 16:20:16,779 fastran_ic_hcd_model_4 DEBUG    _get_service_response(REQUEST|fastran_000001@hcd_model@4|FRAMEWORK@Framework@0|22), response = ServiceResponseMessage(sender_id=FRAMEWORK@Framework@0, receiver_id=fastran_000001@hcd_model@4, request_msg_id=REQUEST|fastran_000001@hcd_model@4|FRAMEWORK@Framework@0|22,status=0, args=(None,), message_id=RESPONSE|FRAMEWORK@Framework@0|fastran_000001@hcd_model@4|333)
2025-09-09 16:20:16,784 fastran_ic_hcd_model_4 DEBUG    _invoke_service(): getTopic  ('_IPS_MONITOR',)
2025-09-09 16:20:16,784 fastran_ic_hcd_model_4 DEBUG    _get_service_response(REQUEST|fastran_000001@hcd_model@4|FRAMEWORK@Framework@0|23)
2025-09-09 16:20:16,794 fastran_ic_hcd_model_4 DEBUG    _get_service_response(REQUEST|fastran_000001@hcd_model@4|FRAMEWORK@Framework@0|23), response = ServiceResponseMessage(sender_id=FRAMEWORK@Framework@0, receiver_id=fastran_000001@hcd_model@4, request_msg_id=REQUEST|fastran_000001@hcd_model@4|FRAMEWORK@Framework@0|23,status=0, args=(<ipsframework.cca_es_spec.Topic object at 0x7f87c63ec2e0>,), message_id=RESPONSE|FRAMEWORK@Framework@0|fastran_000001@hcd_model@4|334)
2025-09-09 16:20:16,794 fastran_ic_hcd_model_4 DEBUG    _invoke_service(): sendEvent  ('_IPS_MONITOR', 'PORTAL_EVENT', {'sim_name': 'fastran_000001', 'real_sim_name': 'fastran_000001', 'portal_data': {'code': 'fastran_ic_hcd_model', 'eventtype': 'IPS_STAGE_INPUTS', 'ok': True, 'walltime': '48.86', 'time': '2025-09-09|16:20:16PDT', 'trace': {'timestamp': 1757460016780086, 'duration': 4160, 'localEndpoint': {'serviceName': 'stage_input_files'}, 'name': 'inhcd', 'id': '5ee53c28a9607896', 'parentId': 'e61f71c496310b4b', 'tags': {}}, 'state': 'Running', 'comment': 'Elapsed time = 0.004 Path = /pscratch/sd/b/bassem/ips/tglf-ep_32_repeat/input Files = inhcd'}})
2025-09-09 16:20:16,794 fastran_ic_hcd_model_4 DEBUG    _get_service_response(REQUEST|fastran_000001@hcd_model@4|FRAMEWORK@Framework@0|24)
2025-09-09 16:20:16,805 fastran_ic_hcd_model_4 DEBUG    _get_service_response(REQUEST|fastran_000001@hcd_model@4|FRAMEWORK@Framework@0|24), response = ServiceResponseMessage(sender_id=FRAMEWORK@Framework@0, receiver_id=fastran_000001@hcd_model@4, request_msg_id=REQUEST|fastran_000001@hcd_model@4|FRAMEWORK@Framework@0|24,status=0, args=(None,), message_id=RESPONSE|FRAMEWORK@Framework@0|fastran_000001@hcd_model@4|335)
2025-09-09 16:20:16,915 fastran_ic_hcd_model_4 DEBUG    _invoke_service(): update_state  (['s000001.00001', 'g000001.00001', 'i000001.00001', 'b000001.00001'], '/pscratch/sd/b/bassem/ips/tglf-ep_32_repeat/SCAN/work/fastran_ic_hcd_model_4', '/pscratch/sd/b/bassem/ips/tglf-ep_32_repeat/SCAN/work/plasma_state')
2025-09-09 16:20:16,915 fastran_ic_hcd_model_4 DEBUG    _get_service_response(REQUEST|fastran_000001@hcd_model@4|FRAMEWORK@Framework@0|25)
2025-09-09 16:20:16,937 fastran_ic_hcd_model_4 DEBUG    _get_service_response(REQUEST|fastran_000001@hcd_model@4|FRAMEWORK@Framework@0|25), response = ServiceResponseMessage(sender_id=FRAMEWORK@Framework@0, receiver_id=fastran_000001@hcd_model@4, request_msg_id=REQUEST|fastran_000001@hcd_model@4|FRAMEWORK@Framework@0|25,status=0, args=(0,), message_id=RESPONSE|FRAMEWORK@Framework@0|fastran_000001@hcd_model@4|336)
2025-09-09 16:20:16,937 fastran_ic_hcd_model_4 DEBUG    _invoke_service(): getTopic  ('_IPS_MONITOR',)
2025-09-09 16:20:16,937 fastran_ic_hcd_model_4 DEBUG    _get_service_response(REQUEST|fastran_000001@hcd_model@4|FRAMEWORK@Framework@0|26)
2025-09-09 16:20:16,948 fastran_ic_hcd_model_4 DEBUG    _get_service_response(REQUEST|fastran_000001@hcd_model@4|FRAMEWORK@Framework@0|26), response = ServiceResponseMessage(sender_id=FRAMEWORK@Framework@0, receiver_id=fastran_000001@hcd_model@4, request_msg_id=REQUEST|fastran_000001@hcd_model@4|FRAMEWORK@Framework@0|26,status=0, args=(<ipsframework.cca_es_spec.Topic object at 0x7f87c63ec670>,), message_id=RESPONSE|FRAMEWORK@Framework@0|fastran_000001@hcd_model@4|337)
2025-09-09 16:20:16,948 fastran_ic_hcd_model_4 DEBUG    _invoke_service(): sendEvent  ('_IPS_MONITOR', 'PORTAL_EVENT', {'sim_name': 'fastran_000001', 'real_sim_name': 'fastran_000001', 'portal_data': {'code': 'fastran_ic_hcd_model', 'eventtype': 'IPS_UPDATE_STATE', 'ok': True, 'walltime': '49.01', 'time': '2025-09-09|16:20:16PDT', 'trace': {'timestamp': 1757460016915107, 'duration': 22373, 'localEndpoint': {'serviceName': 'update_state'}, 'name': "['s000001.00001', 'g000001.00001', 'i000001.00001', 'b000001.00001']", 'id': '2fc1229e1e650f1c', 'parentId': 'e61f71c496310b4b', 'tags': {}}, 'state': 'Running', 'comment': 'Elapsed time = 0.022   files = s000001.00001 g000001.00001 i000001.00001 b000001.00001 Success'}})
2025-09-09 16:20:16,948 fastran_ic_hcd_model_4 DEBUG    _get_service_response(REQUEST|fastran_000001@hcd_model@4|FRAMEWORK@Framework@0|27)
2025-09-09 16:20:16,958 fastran_ic_hcd_model_4 DEBUG    _get_service_response(REQUEST|fastran_000001@hcd_model@4|FRAMEWORK@Framework@0|27), response = ServiceResponseMessage(sender_id=FRAMEWORK@Framework@0, receiver_id=fastran_000001@hcd_model@4, request_msg_id=REQUEST|fastran_000001@hcd_model@4|FRAMEWORK@Framework@0|27,status=0, args=(None,), message_id=RESPONSE|FRAMEWORK@Framework@0|fastran_000001@hcd_model@4|338)
2025-09-09 16:20:16,959 fastran_ic_hcd_model_4 DEBUG    _invoke_service(): getTopic  ('_IPS_MONITOR',)
2025-09-09 16:20:16,959 fastran_ic_hcd_model_4 DEBUG    _get_service_response(REQUEST|fastran_000001@hcd_model@4|FRAMEWORK@Framework@0|28)
2025-09-09 16:20:16,969 fastran_ic_hcd_model_4 DEBUG    _get_service_response(REQUEST|fastran_000001@hcd_model@4|FRAMEWORK@Framework@0|28), response = ServiceResponseMessage(sender_id=FRAMEWORK@Framework@0, receiver_id=fastran_000001@hcd_model@4, request_msg_id=REQUEST|fastran_000001@hcd_model@4|FRAMEWORK@Framework@0|28,status=0, args=(<ipsframework.cca_es_spec.Topic object at 0x7f87c63ecbb0>,), message_id=RESPONSE|FRAMEWORK@Framework@0|fastran_000001@hcd_model@4|339)
2025-09-09 16:20:16,969 fastran_ic_hcd_model_4 DEBUG    _invoke_service(): sendEvent  ('_IPS_MONITOR', 'PORTAL_EVENT', {'sim_name': 'fastran_000001', 'real_sim_name': 'fastran_000001', 'portal_data': {'code': 'fastran_ic_hcd_model', 'eventtype': 'IPS_STAGE_OUTPUTS', 'ok': True, 'walltime': '49.03', 'time': '2025-09-09|16:20:16PDT', 'trace': {'timestamp': 1757460016958872, 'duration': 208, 'localEndpoint': {'serviceName': 'stage_output_files'}, 'name': '[]', 'id': 'ed019efe11be26d9', 'parentId': 'e61f71c496310b4b', 'tags': {}}, 'state': 'Running', 'comment': 'Elapsed time = 0.000 Path = /pscratch/sd/b/bassem/ips/tglf-ep_32_repeat/SCAN/simulation_results/preprocess_2/components/fastran_ic_hcd_model_4 Files = []'}})
2025-09-09 16:20:16,969 fastran_ic_hcd_model_4 DEBUG    _get_service_response(REQUEST|fastran_000001@hcd_model@4|FRAMEWORK@Framework@0|29)
2025-09-09 16:20:16,980 fastran_ic_hcd_model_4 DEBUG    _get_service_response(REQUEST|fastran_000001@hcd_model@4|FRAMEWORK@Framework@0|29), response = ServiceResponseMessage(sender_id=FRAMEWORK@Framework@0, receiver_id=fastran_000001@hcd_model@4, request_msg_id=REQUEST|fastran_000001@hcd_model@4|FRAMEWORK@Framework@0|29,status=0, args=(None,), message_id=RESPONSE|FRAMEWORK@Framework@0|fastran_000001@hcd_model@4|340)
2025-09-09 16:20:16,991 fastran_driver_fastran_driver_2 DEBUG    _get_service_response(REQUEST|fastran_000001@fastran_driver@2|FRAMEWORK@Framework@0|122), response = ServiceResponseMessage(sender_id=FRAMEWORK@Framework@0, receiver_id=fastran_000001@fastran_driver@2, request_msg_id=REQUEST|fastran_000001@fastran_driver@2|FRAMEWORK@Framework@0|122,status=0, args=((None,),), message_id=RESPONSE|FRAMEWORK@Framework@0|fastran_000001@fastran_driver@2|341)
2025-09-09 16:20:16,991 fastran_driver_fastran_driver_2 DEBUG    _invoke_service(): getTopic  ('_IPS_MONITOR',)
2025-09-09 16:20:16,991 fastran_driver_fastran_driver_2 DEBUG    _get_service_response(REQUEST|fastran_000001@fastran_driver@2|FRAMEWORK@Framework@0|123)
2025-09-09 16:20:17,002 fastran_driver_fastran_driver_2 DEBUG    _get_service_response(REQUEST|fastran_000001@fastran_driver@2|FRAMEWORK@Framework@0|123), response = ServiceResponseMessage(sender_id=FRAMEWORK@Framework@0, receiver_id=fastran_000001@fastran_driver@2, request_msg_id=REQUEST|fastran_000001@fastran_driver@2|FRAMEWORK@Framework@0|123,status=0, args=(<ipsframework.cca_es_spec.Topic object at 0x7f87c63e0250>,), message_id=RESPONSE|FRAMEWORK@Framework@0|fastran_000001@fastran_driver@2|342)
2025-09-09 16:20:17,002 fastran_driver_fastran_driver_2 DEBUG    _invoke_service(): sendEvent  ('_IPS_MONITOR', 'PORTAL_EVENT', {'sim_name': 'fastran_000001', 'real_sim_name': 'fastran_000001', 'portal_data': {'code': 'fastran_driver_fastran_driver', 'eventtype': 'IPS_CALL_END', 'ok': True, 'walltime': '49.07', 'time': '2025-09-09|16:20:16PDT', 'trace': {'timestamp': 1757460016745860, 'duration': 245514, 'localEndpoint': {'serviceName': 'fastran_000001@hcd_model@4'}, 'name': 'step(preprocess_2)', 'id': 'e61f71c496310b4b', 'parentId': '15e0663de819b9fa', 'tags': {}}, 'state': 'Running', 'comment': 'Target = fastran_000001@hcd_model@4:step(preprocess_2)'}})
2025-09-09 16:20:17,002 fastran_driver_fastran_driver_2 DEBUG    _get_service_response(REQUEST|fastran_000001@fastran_driver@2|FRAMEWORK@Framework@0|124)
2025-09-09 16:20:17,013 fastran_driver_fastran_driver_2 DEBUG    _get_service_response(REQUEST|fastran_000001@fastran_driver@2|FRAMEWORK@Framework@0|124), response = ServiceResponseMessage(sender_id=FRAMEWORK@Framework@0, receiver_id=fastran_000001@fastran_driver@2, request_msg_id=REQUEST|fastran_000001@fastran_driver@2|FRAMEWORK@Framework@0|124,status=0, args=(None,), message_id=RESPONSE|FRAMEWORK@Framework@0|fastran_000001@fastran_driver@2|343)
2025-09-09 16:20:17,013 fastran_driver_fastran_driver_2 DEBUG    _invoke_service(): getTopic  ('_IPS_MONITOR',)
2025-09-09 16:20:17,013 fastran_driver_fastran_driver_2 DEBUG    _get_service_response(REQUEST|fastran_000001@fastran_driver@2|FRAMEWORK@Framework@0|125)
2025-09-09 16:20:17,024 fastran_driver_fastran_driver_2 DEBUG    _get_service_response(REQUEST|fastran_000001@fastran_driver@2|FRAMEWORK@Framework@0|125), response = ServiceResponseMessage(sender_id=FRAMEWORK@Framework@0, receiver_id=fastran_000001@fastran_driver@2, request_msg_id=REQUEST|fastran_000001@fastran_driver@2|FRAMEWORK@Framework@0|125,status=0, args=(<ipsframework.cca_es_spec.Topic object at 0x7f87c63e0160>,), message_id=RESPONSE|FRAMEWORK@Framework@0|fastran_000001@fastran_driver@2|344)
2025-09-09 16:20:17,024 fastran_driver_fastran_driver_2 DEBUG    _invoke_service(): sendEvent  ('_IPS_MONITOR', 'PORTAL_EVENT', {'sim_name': 'fastran_000001', 'real_sim_name': 'fastran_000001', 'portal_data': {'code': 'fastran_driver_fastran_driver', 'eventtype': 'IPS_CALL_BEGIN', 'ok': True, 'walltime': '49.09', 'time': '2025-09-09|16:20:17PDT', 'state': 'Running', 'comment': 'Target = fastran_000001@fastran@5:step(preprocess_2)'}})
2025-09-09 16:20:17,024 fastran_driver_fastran_driver_2 DEBUG    _get_service_response(REQUEST|fastran_000001@fastran_driver@2|FRAMEWORK@Framework@0|126)
2025-09-09 16:20:17,035 fastran_driver_fastran_driver_2 DEBUG    _get_service_response(REQUEST|fastran_000001@fastran_driver@2|FRAMEWORK@Framework@0|126), response = ServiceResponseMessage(sender_id=FRAMEWORK@Framework@0, receiver_id=fastran_000001@fastran_driver@2, request_msg_id=REQUEST|fastran_000001@fastran_driver@2|FRAMEWORK@Framework@0|126,status=0, args=(None,), message_id=RESPONSE|FRAMEWORK@Framework@0|fastran_000001@fastran_driver@2|345)
2025-09-09 16:20:17,035 fastran_driver_fastran_driver_2 DEBUG    _invoke_service(): init_call  ('step', 'preprocess_2')
2025-09-09 16:20:17,035 fastran_driver_fastran_driver_2 DEBUG    _get_service_response(REQUEST|fastran_000001@fastran_driver@2|FRAMEWORK@Framework@0|127)
2025-09-09 16:20:17,035 fastran_tr0_fastran_5 DEBUG    Received Message 
2025-09-09 16:20:17,036 fastran_tr0_fastran_5 DEBUG    Calling method step(preprocess_2)
2025-09-09 16:20:17,036 fastran_tr0_fastran_5 DEBUG    _invoke_service(): stage_state  (['s000001.00001', 'g000001.00001', 'i000001.00001', 'b000001.00001'], '/pscratch/sd/b/bassem/ips/tglf-ep_32_repeat/SCAN/work/plasma_state', '/pscratch/sd/b/bassem/ips/tglf-ep_32_repeat/SCAN/work/fastran_tr0_fastran_5')
2025-09-09 16:20:17,036 fastran_tr0_fastran_5 DEBUG    _get_service_response(REQUEST|fastran_000001@fastran@5|FRAMEWORK@Framework@0|32)
2025-09-09 16:20:17,046 fastran_driver_fastran_driver_2 DEBUG    _get_service_response(REQUEST|fastran_000001@fastran_driver@2|FRAMEWORK@Framework@0|127), response = ServiceResponseMessage(sender_id=FRAMEWORK@Framework@0, receiver_id=fastran_000001@fastran_driver@2, request_msg_id=REQUEST|fastran_000001@fastran_driver@2|FRAMEWORK@Framework@0|127,status=0, args=(27,), message_id=RESPONSE|FRAMEWORK@Framework@0|fastran_000001@fastran_driver@2|346)
2025-09-09 16:20:17,046 fastran_driver_fastran_driver_2 DEBUG    _invoke_service(): wait_call  (27, True)
2025-09-09 16:20:17,046 fastran_driver_fastran_driver_2 DEBUG    _get_service_response(REQUEST|fastran_000001@fastran_driver@2|FRAMEWORK@Framework@0|128)
2025-09-09 16:20:17,059 fastran_tr0_fastran_5 DEBUG    _get_service_response(REQUEST|fastran_000001@fastran@5|FRAMEWORK@Framework@0|32), response = ServiceResponseMessage(sender_id=FRAMEWORK@Framework@0, receiver_id=fastran_000001@fastran@5, request_msg_id=REQUEST|fastran_000001@fastran@5|FRAMEWORK@Framework@0|32,status=0, args=(0,), message_id=RESPONSE|FRAMEWORK@Framework@0|fastran_000001@fastran@5|347)
2025-09-09 16:20:17,059 fastran_tr0_fastran_5 DEBUG    _invoke_service(): getTopic  ('_IPS_MONITOR',)
2025-09-09 16:20:17,059 fastran_tr0_fastran_5 DEBUG    _get_service_response(REQUEST|fastran_000001@fastran@5|FRAMEWORK@Framework@0|33)
2025-09-09 16:20:17,070 fastran_tr0_fastran_5 DEBUG    _get_service_response(REQUEST|fastran_000001@fastran@5|FRAMEWORK@Framework@0|33), response = ServiceResponseMessage(sender_id=FRAMEWORK@Framework@0, receiver_id=fastran_000001@fastran@5, request_msg_id=REQUEST|fastran_000001@fastran@5|FRAMEWORK@Framework@0|33,status=0, args=(<ipsframework.cca_es_spec.Topic object at 0x7f87c6413910>,), message_id=RESPONSE|FRAMEWORK@Framework@0|fastran_000001@fastran@5|348)
2025-09-09 16:20:17,070 fastran_tr0_fastran_5 DEBUG    _invoke_service(): sendEvent  ('_IPS_MONITOR', 'PORTAL_EVENT', {'sim_name': 'fastran_000001', 'real_sim_name': 'fastran_000001', 'portal_data': {'code': 'fastran_tr0_fastran', 'eventtype': 'IPS_STAGE_STATE', 'ok': True, 'walltime': '49.14', 'time': '2025-09-09|16:20:17PDT', 'trace': {'timestamp': 1757460017036215, 'duration': 23285, 'localEndpoint': {'serviceName': 'stage_state'}, 'name': "['s000001.00001', 'g000001.00001', 'i000001.00001', 'b000001.00001']", 'id': 'ff3119918b5e7670', 'parentId': 'aa02b581278d1e0a', 'tags': {}}, 'state': 'Running', 'comment': 'Elapsed time = 0.023  files = s000001.00001 g000001.00001 i000001.00001 b000001.00001 Success'}})
2025-09-09 16:20:17,070 fastran_tr0_fastran_5 DEBUG    _get_service_response(REQUEST|fastran_000001@fastran@5|FRAMEWORK@Framework@0|34)
2025-09-09 16:20:17,081 fastran_tr0_fastran_5 DEBUG    _get_service_response(REQUEST|fastran_000001@fastran@5|FRAMEWORK@Framework@0|34), response = ServiceResponseMessage(sender_id=FRAMEWORK@Framework@0, receiver_id=fastran_000001@fastran@5, request_msg_id=REQUEST|fastran_000001@fastran@5|FRAMEWORK@Framework@0|34,status=0, args=(None,), message_id=RESPONSE|FRAMEWORK@Framework@0|fastran_000001@fastran@5|349)
2025-09-09 16:20:17,091 fastran_tr0_fastran_5 DEBUG    _invoke_service(): getTopic  ('_IPS_MONITOR',)
2025-09-09 16:20:17,091 fastran_tr0_fastran_5 DEBUG    _get_service_response(REQUEST|fastran_000001@fastran@5|FRAMEWORK@Framework@0|35)
2025-09-09 16:20:17,102 fastran_tr0_fastran_5 DEBUG    _get_service_response(REQUEST|fastran_000001@fastran@5|FRAMEWORK@Framework@0|35), response = ServiceResponseMessage(sender_id=FRAMEWORK@Framework@0, receiver_id=fastran_000001@fastran@5, request_msg_id=REQUEST|fastran_000001@fastran@5|FRAMEWORK@Framework@0|35,status=0, args=(<ipsframework.cca_es_spec.Topic object at 0x7f87c6413a00>,), message_id=RESPONSE|FRAMEWORK@Framework@0|fastran_000001@fastran@5|350)
2025-09-09 16:20:17,102 fastran_tr0_fastran_5 DEBUG    _invoke_service(): sendEvent  ('_IPS_MONITOR', 'PORTAL_EVENT', {'sim_name': 'fastran_000001', 'real_sim_name': 'fastran_000001', 'portal_data': {'code': 'fastran_tr0_fastran', 'eventtype': 'IPS_STAGE_INPUTS', 'ok': True, 'walltime': '49.17', 'time': '2025-09-09|16:20:17PDT', 'trace': {'timestamp': 1757460017081758, 'duration': 9601, 'localEndpoint': {'serviceName': 'stage_input_files'}, 'name': 'infastran0 intglf', 'id': 'dca1af508bf5af99', 'parentId': 'aa02b581278d1e0a', 'tags': {}}, 'state': 'Running', 'comment': 'Elapsed time = 0.010 Path = /pscratch/sd/b/bassem/ips/tglf-ep_32_repeat/input Files = infastran0 intglf'}})
2025-09-09 16:20:17,102 fastran_tr0_fastran_5 DEBUG    _get_service_response(REQUEST|fastran_000001@fastran@5|FRAMEWORK@Framework@0|36)
2025-09-09 16:20:17,113 fastran_tr0_fastran_5 DEBUG    _get_service_response(REQUEST|fastran_000001@fastran@5|FRAMEWORK@Framework@0|36), response = ServiceResponseMessage(sender_id=FRAMEWORK@Framework@0, receiver_id=fastran_000001@fastran@5, request_msg_id=REQUEST|fastran_000001@fastran@5|FRAMEWORK@Framework@0|36,status=0, args=(None,), message_id=RESPONSE|FRAMEWORK@Framework@0|fastran_000001@fastran@5|351)
2025-09-09 16:20:17,244 fastran_tr0_fastran_5 DEBUG    _invoke_service(): init_task  (TaskInit(nproc=1, binary='/global/common/software/atom/perlmutter/binaries/fastran/default/xfastran_ver1.00_ser', working_dir='/pscratch/sd/b/bassem/ips/tglf-ep_32_repeat/SCAN/work/fastran_tr0_fastran_5', tppn=0, tcpp=0, tgpp=0, block=True, omp=False, wnodes=True, wsocks=True, cmd_args=('1', '1')),)
2025-09-09 16:20:17,245 fastran_tr0_fastran_5 DEBUG    _get_service_response(REQUEST|fastran_000001@fastran@5|FRAMEWORK@Framework@0|37)
2025-09-09 16:20:17,256 fastran_tr0_fastran_5 DEBUG    _get_service_response(REQUEST|fastran_000001@fastran@5|FRAMEWORK@Framework@0|37), response = ServiceResponseMessage(sender_id=FRAMEWORK@Framework@0, receiver_id=fastran_000001@fastran@5, request_msg_id=REQUEST|fastran_000001@fastran@5|FRAMEWORK@Framework@0|37,status=0, args=((4, 'srun -N 1 -n 1 -c 128 --threads-per-core=1 --cpu-bind=cores /global/common/software/atom/perlmutter/binaries/fastran/default/xfastran_ver1.00_ser 1 1', None, 128),), message_id=RESPONSE|FRAMEWORK@Framework@0|fastran_000001@fastran@5|353)
2025-09-09 16:20:17,257 fastran_tr0_fastran_5 DEBUG    Launching command : srun -N 1 -n 1 -c 128 --threads-per-core=1 --cpu-bind=cores /global/common/software/atom/perlmutter/binaries/fastran/default/xfastran_ver1.00_ser 1 1
2025-09-09 16:20:17,268 fastran_tr0_fastran_5 DEBUG    _invoke_service(): getTopic  ('_IPS_MONITOR',)
2025-09-09 16:20:17,269 fastran_tr0_fastran_5 DEBUG    _get_service_response(REQUEST|fastran_000001@fastran@5|FRAMEWORK@Framework@0|38)
2025-09-09 16:20:17,280 fastran_tr0_fastran_5 DEBUG    _get_service_response(REQUEST|fastran_000001@fastran@5|FRAMEWORK@Framework@0|38), response = ServiceResponseMessage(sender_id=FRAMEWORK@Framework@0, receiver_id=fastran_000001@fastran@5, request_msg_id=REQUEST|fastran_000001@fastran@5|FRAMEWORK@Framework@0|38,status=0, args=(<ipsframework.cca_es_spec.Topic object at 0x7f87c6413bb0>,), message_id=RESPONSE|FRAMEWORK@Framework@0|fastran_000001@fastran@5|354)
2025-09-09 16:20:17,280 fastran_tr0_fastran_5 DEBUG    _invoke_service(): sendEvent  ('_IPS_MONITOR', 'PORTAL_EVENT', {'sim_name': 'fastran_000001', 'real_sim_name': 'fastran_000001', 'portal_data': {'code': 'fastran_tr0_fastran', 'eventtype': 'IPS_LAUNCH_TASK', 'ok': True, 'walltime': '49.34', 'time': '2025-09-09|16:20:17PDT', 'state': 'Running', 'comment': 'task_id = 4 , Tag = None , nproc = 1 , Target = srun -N 1 -n 1 -c 128 --threads-per-core=1 --cpu-bind=cores /global/common/software/atom/perlmutter/binaries/fastran/default/xfastran_ver1.00_ser 1 1'}})
2025-09-09 16:20:17,280 fastran_tr0_fastran_5 DEBUG    _get_service_response(REQUEST|fastran_000001@fastran@5|FRAMEWORK@Framework@0|39)
2025-09-09 16:20:17,291 fastran_tr0_fastran_5 DEBUG    _get_service_response(REQUEST|fastran_000001@fastran@5|FRAMEWORK@Framework@0|39), response = ServiceResponseMessage(sender_id=FRAMEWORK@Framework@0, receiver_id=fastran_000001@fastran@5, request_msg_id=REQUEST|fastran_000001@fastran@5|FRAMEWORK@Framework@0|39,status=0, args=(None,), message_id=RESPONSE|FRAMEWORK@Framework@0|fastran_000001@fastran@5|355)
2025-09-09 16:20:17,785 fastran_tr0_fastran_5 DEBUG    _invoke_service(): getTopic  ('_IPS_MONITOR',)
2025-09-09 16:20:17,785 fastran_tr0_fastran_5 DEBUG    _get_service_response(REQUEST|fastran_000001@fastran@5|FRAMEWORK@Framework@0|40)
2025-09-09 16:20:17,796 fastran_tr0_fastran_5 DEBUG    _get_service_response(REQUEST|fastran_000001@fastran@5|FRAMEWORK@Framework@0|40), response = ServiceResponseMessage(sender_id=FRAMEWORK@Framework@0, receiver_id=fastran_000001@fastran@5, request_msg_id=REQUEST|fastran_000001@fastran@5|FRAMEWORK@Framework@0|40,status=0, args=(<ipsframework.cca_es_spec.Topic object at 0x7f87c6413d90>,), message_id=RESPONSE|FRAMEWORK@Framework@0|fastran_000001@fastran@5|357)
2025-09-09 16:20:17,796 fastran_tr0_fastran_5 DEBUG    _invoke_service(): sendEvent  ('_IPS_MONITOR', 'PORTAL_EVENT', {'sim_name': 'fastran_000001', 'real_sim_name': 'fastran_000001', 'portal_data': {'code': 'fastran_tr0_fastran', 'eventtype': 'IPS_TASK_END', 'ok': True, 'walltime': '49.86', 'time': '2025-09-09|16:20:17PDT', 'trace': {'timestamp': 1757460017268600, 'duration': 516674, 'localEndpoint': {'serviceName': '/global/common/software/atom/perlmutter/binaries/fastran/default/xfastran_ver1.00_ser'}, 'name': '1 1', 'id': '48194739040fa275', 'parentId': 'aa02b581278d1e0a', 'tags': {'procs_requested': '1', 'cores_allocated': '128'}}, 'state': 'Running', 'comment': 'task_id = 4  elapsed time = 0.52 S'}})
2025-09-09 16:20:17,796 fastran_tr0_fastran_5 DEBUG    _get_service_response(REQUEST|fastran_000001@fastran@5|FRAMEWORK@Framework@0|41)
2025-09-09 16:20:17,807 fastran_tr0_fastran_5 DEBUG    _get_service_response(REQUEST|fastran_000001@fastran@5|FRAMEWORK@Framework@0|41), response = ServiceResponseMessage(sender_id=FRAMEWORK@Framework@0, receiver_id=fastran_000001@fastran@5, request_msg_id=REQUEST|fastran_000001@fastran@5|FRAMEWORK@Framework@0|41,status=0, args=(None,), message_id=RESPONSE|FRAMEWORK@Framework@0|fastran_000001@fastran@5|358)
2025-09-09 16:20:17,807 fastran_tr0_fastran_5 DEBUG    _invoke_service(): finish_task  (4, 0)
2025-09-09 16:20:17,807 fastran_tr0_fastran_5 DEBUG    _get_service_response(REQUEST|fastran_000001@fastran@5|FRAMEWORK@Framework@0|42)
2025-09-09 16:20:17,818 fastran_tr0_fastran_5 DEBUG    _get_service_response(REQUEST|fastran_000001@fastran@5|FRAMEWORK@Framework@0|42), response = ServiceResponseMessage(sender_id=FRAMEWORK@Framework@0, receiver_id=fastran_000001@fastran@5, request_msg_id=REQUEST|fastran_000001@fastran@5|FRAMEWORK@Framework@0|42,status=0, args=(0,), message_id=RESPONSE|FRAMEWORK@Framework@0|fastran_000001@fastran@5|359)
2025-09-09 16:20:17,995 fastran_tr0_fastran_5 DEBUG    _invoke_service(): update_state  (['s000001.00001', 'g000001.00001', 'i000001.00001', 'b000001.00001'], '/pscratch/sd/b/bassem/ips/tglf-ep_32_repeat/SCAN/work/fastran_tr0_fastran_5', '/pscratch/sd/b/bassem/ips/tglf-ep_32_repeat/SCAN/work/plasma_state')
2025-09-09 16:20:17,995 fastran_tr0_fastran_5 DEBUG    _get_service_response(REQUEST|fastran_000001@fastran@5|FRAMEWORK@Framework@0|43)
2025-09-09 16:20:18,018 fastran_tr0_fastran_5 DEBUG    _get_service_response(REQUEST|fastran_000001@fastran@5|FRAMEWORK@Framework@0|43), response = ServiceResponseMessage(sender_id=FRAMEWORK@Framework@0, receiver_id=fastran_000001@fastran@5, request_msg_id=REQUEST|fastran_000001@fastran@5|FRAMEWORK@Framework@0|43,status=0, args=(0,), message_id=RESPONSE|FRAMEWORK@Framework@0|fastran_000001@fastran@5|360)
2025-09-09 16:20:18,018 fastran_tr0_fastran_5 DEBUG    _invoke_service(): getTopic  ('_IPS_MONITOR',)
2025-09-09 16:20:18,018 fastran_tr0_fastran_5 DEBUG    _get_service_response(REQUEST|fastran_000001@fastran@5|FRAMEWORK@Framework@0|44)
2025-09-09 16:20:18,029 fastran_tr0_fastran_5 DEBUG    _get_service_response(REQUEST|fastran_000001@fastran@5|FRAMEWORK@Framework@0|44), response = ServiceResponseMessage(sender_id=FRAMEWORK@Framework@0, receiver_id=fastran_000001@fastran@5, request_msg_id=REQUEST|fastran_000001@fastran@5|FRAMEWORK@Framework@0|44,status=0, args=(<ipsframework.cca_es_spec.Topic object at 0x7f87c6413700>,), message_id=RESPONSE|FRAMEWORK@Framework@0|fastran_000001@fastran@5|361)
2025-09-09 16:20:18,029 fastran_tr0_fastran_5 DEBUG    _invoke_service(): sendEvent  ('_IPS_MONITOR', 'PORTAL_EVENT', {'sim_name': 'fastran_000001', 'real_sim_name': 'fastran_000001', 'portal_data': {'code': 'fastran_tr0_fastran', 'eventtype': 'IPS_UPDATE_STATE', 'ok': True, 'walltime': '50.09', 'time': '2025-09-09|16:20:18PDT', 'trace': {'timestamp': 1757460017995466, 'duration': 22856, 'localEndpoint': {'serviceName': 'update_state'}, 'name': "['s000001.00001', 'g000001.00001', 'i000001.00001', 'b000001.00001']", 'id': '2fc1229e1e650f1c', 'parentId': 'aa02b581278d1e0a', 'tags': {}}, 'state': 'Running', 'comment': 'Elapsed time = 0.023   files = s000001.00001 g000001.00001 i000001.00001 b000001.00001 Success'}})
2025-09-09 16:20:18,029 fastran_tr0_fastran_5 DEBUG    _get_service_response(REQUEST|fastran_000001@fastran@5|FRAMEWORK@Framework@0|45)
2025-09-09 16:20:18,039 fastran_tr0_fastran_5 DEBUG    _get_service_response(REQUEST|fastran_000001@fastran@5|FRAMEWORK@Framework@0|45), response = ServiceResponseMessage(sender_id=FRAMEWORK@Framework@0, receiver_id=fastran_000001@fastran@5, request_msg_id=REQUEST|fastran_000001@fastran@5|FRAMEWORK@Framework@0|45,status=0, args=(None,), message_id=RESPONSE|FRAMEWORK@Framework@0|fastran_000001@fastran@5|362)
2025-09-09 16:20:18,059 fastran_tr0_fastran_5 DEBUG    _invoke_service(): getTopic  ('_IPS_MONITOR',)
2025-09-09 16:20:18,059 fastran_tr0_fastran_5 DEBUG    _get_service_response(REQUEST|fastran_000001@fastran@5|FRAMEWORK@Framework@0|46)
2025-09-09 16:20:18,070 fastran_tr0_fastran_5 DEBUG    _get_service_response(REQUEST|fastran_000001@fastran@5|FRAMEWORK@Framework@0|46), response = ServiceResponseMessage(sender_id=FRAMEWORK@Framework@0, receiver_id=fastran_000001@fastran@5, request_msg_id=REQUEST|fastran_000001@fastran@5|FRAMEWORK@Framework@0|46,status=0, args=(<ipsframework.cca_es_spec.Topic object at 0x7f87c6413970>,), message_id=RESPONSE|FRAMEWORK@Framework@0|fastran_000001@fastran@5|363)
2025-09-09 16:20:18,070 fastran_tr0_fastran_5 DEBUG    _invoke_service(): sendEvent  ('_IPS_MONITOR', 'PORTAL_EVENT', {'sim_name': 'fastran_000001', 'real_sim_name': 'fastran_000001', 'portal_data': {'code': 'fastran_tr0_fastran', 'eventtype': 'IPS_STAGE_OUTPUTS', 'ok': True, 'walltime': '50.14', 'time': '2025-09-09|16:20:18PDT', 'trace': {'timestamp': 1757460018040002, 'duration': 19535, 'localEndpoint': {'serviceName': 'stage_output_files'}, 'name': "['fastran.nc', 'inprof', 'inmetric', 'infastran', 'intglf', 'xfastran.log', 'i000001.00001']", 'id': '7349cfaaafc33980', 'parentId': 'aa02b581278d1e0a', 'tags': {}}, 'state': 'Running', 'comment': "Elapsed time = 0.020 Path = /pscratch/sd/b/bassem/ips/tglf-ep_32_repeat/SCAN/simulation_results/preprocess_2/components/fastran_tr0_fastran_5 Files = ['fastran.nc', 'inprof', 'inmetric', 'infastran', 'intglf', 'xfastran.log', 'i000001.00001']"}})
2025-09-09 16:20:18,070 fastran_tr0_fastran_5 DEBUG    _get_service_response(REQUEST|fastran_000001@fastran@5|FRAMEWORK@Framework@0|47)
2025-09-09 16:20:18,080 fastran_tr0_fastran_5 DEBUG    _get_service_response(REQUEST|fastran_000001@fastran@5|FRAMEWORK@Framework@0|47), response = ServiceResponseMessage(sender_id=FRAMEWORK@Framework@0, receiver_id=fastran_000001@fastran@5, request_msg_id=REQUEST|fastran_000001@fastran@5|FRAMEWORK@Framework@0|47,status=0, args=(None,), message_id=RESPONSE|FRAMEWORK@Framework@0|fastran_000001@fastran@5|364)
2025-09-09 16:20:18,091 fastran_driver_fastran_driver_2 DEBUG    _get_service_response(REQUEST|fastran_000001@fastran_driver@2|FRAMEWORK@Framework@0|128), response = ServiceResponseMessage(sender_id=FRAMEWORK@Framework@0, receiver_id=fastran_000001@fastran_driver@2, request_msg_id=REQUEST|fastran_000001@fastran_driver@2|FRAMEWORK@Framework@0|128,status=0, args=((None,),), message_id=RESPONSE|FRAMEWORK@Framework@0|fastran_000001@fastran_driver@2|365)
2025-09-09 16:20:18,091 fastran_driver_fastran_driver_2 DEBUG    _invoke_service(): getTopic  ('_IPS_MONITOR',)
2025-09-09 16:20:18,091 fastran_driver_fastran_driver_2 DEBUG    _get_service_response(REQUEST|fastran_000001@fastran_driver@2|FRAMEWORK@Framework@0|129)
2025-09-09 16:20:18,102 fastran_driver_fastran_driver_2 DEBUG    _get_service_response(REQUEST|fastran_000001@fastran_driver@2|FRAMEWORK@Framework@0|129), response = ServiceResponseMessage(sender_id=FRAMEWORK@Framework@0, receiver_id=fastran_000001@fastran_driver@2, request_msg_id=REQUEST|fastran_000001@fastran_driver@2|FRAMEWORK@Framework@0|129,status=0, args=(<ipsframework.cca_es_spec.Topic object at 0x7f87c63e0250>,), message_id=RESPONSE|FRAMEWORK@Framework@0|fastran_000001@fastran_driver@2|366)
2025-09-09 16:20:18,102 fastran_driver_fastran_driver_2 DEBUG    _invoke_service(): sendEvent  ('_IPS_MONITOR', 'PORTAL_EVENT', {'sim_name': 'fastran_000001', 'real_sim_name': 'fastran_000001', 'portal_data': {'code': 'fastran_driver_fastran_driver', 'eventtype': 'IPS_CALL_END', 'ok': True, 'walltime': '50.17', 'time': '2025-09-09|16:20:18PDT', 'trace': {'timestamp': 1757460017046074, 'duration': 1045749, 'localEndpoint': {'serviceName': 'fastran_000001@fastran@5'}, 'name': 'step(preprocess_2)', 'id': 'aa02b581278d1e0a', 'parentId': '15e0663de819b9fa', 'tags': {}}, 'state': 'Running', 'comment': 'Target = fastran_000001@fastran@5:step(preprocess_2)'}})
2025-09-09 16:20:18,102 fastran_driver_fastran_driver_2 DEBUG    _get_service_response(REQUEST|fastran_000001@fastran_driver@2|FRAMEWORK@Framework@0|130)
2025-09-09 16:20:18,113 fastran_driver_fastran_driver_2 DEBUG    _get_service_response(REQUEST|fastran_000001@fastran_driver@2|FRAMEWORK@Framework@0|130), response = ServiceResponseMessage(sender_id=FRAMEWORK@Framework@0, receiver_id=fastran_000001@fastran_driver@2, request_msg_id=REQUEST|fastran_000001@fastran_driver@2|FRAMEWORK@Framework@0|130,status=0, args=(None,), message_id=RESPONSE|FRAMEWORK@Framework@0|fastran_000001@fastran_driver@2|367)
2025-09-09 16:20:18,114 fastran_driver_fastran_driver_2 DEBUG    _invoke_service(): getTopic  ('_IPS_MONITOR',)
2025-09-09 16:20:18,114 fastran_driver_fastran_driver_2 DEBUG    _get_service_response(REQUEST|fastran_000001@fastran_driver@2|FRAMEWORK@Framework@0|131)
2025-09-09 16:20:18,125 fastran_driver_fastran_driver_2 DEBUG    _get_service_response(REQUEST|fastran_000001@fastran_driver@2|FRAMEWORK@Framework@0|131), response = ServiceResponseMessage(sender_id=FRAMEWORK@Framework@0, receiver_id=fastran_000001@fastran_driver@2, request_msg_id=REQUEST|fastran_000001@fastran_driver@2|FRAMEWORK@Framework@0|131,status=0, args=(<ipsframework.cca_es_spec.Topic object at 0x7f87c63e0280>,), message_id=RESPONSE|FRAMEWORK@Framework@0|fastran_000001@fastran_driver@2|368)
2025-09-09 16:20:18,125 fastran_driver_fastran_driver_2 DEBUG    _invoke_service(): sendEvent  ('_IPS_MONITOR', 'PORTAL_EVENT', {'sim_name': 'fastran_000001', 'real_sim_name': 'fastran_000001', 'portal_data': {'code': 'fastran_driver_fastran_driver', 'eventtype': 'IPS_CALL_BEGIN', 'ok': True, 'walltime': '50.19', 'time': '2025-09-09|16:20:18PDT', 'state': 'Running', 'comment': 'Target = fastran_000001@modeleq_constraint@6:step(preprocess_2)'}})
2025-09-09 16:20:18,125 fastran_driver_fastran_driver_2 DEBUG    _get_service_response(REQUEST|fastran_000001@fastran_driver@2|FRAMEWORK@Framework@0|132)
2025-09-09 16:20:18,136 fastran_driver_fastran_driver_2 DEBUG    _get_service_response(REQUEST|fastran_000001@fastran_driver@2|FRAMEWORK@Framework@0|132), response = ServiceResponseMessage(sender_id=FRAMEWORK@Framework@0, receiver_id=fastran_000001@fastran_driver@2, request_msg_id=REQUEST|fastran_000001@fastran_driver@2|FRAMEWORK@Framework@0|132,status=0, args=(None,), message_id=RESPONSE|FRAMEWORK@Framework@0|fastran_000001@fastran_driver@2|369)
2025-09-09 16:20:18,136 fastran_driver_fastran_driver_2 DEBUG    _invoke_service(): init_call  ('step', 'preprocess_2')
2025-09-09 16:20:18,136 fastran_driver_fastran_driver_2 DEBUG    _get_service_response(REQUEST|fastran_000001@fastran_driver@2|FRAMEWORK@Framework@0|133)
2025-09-09 16:20:18,136 fastran__modeleq_constraint_6 DEBUG    Received Message 
2025-09-09 16:20:18,137 fastran__modeleq_constraint_6 DEBUG    Calling method step(preprocess_2)
2025-09-09 16:20:18,137 fastran__modeleq_constraint_6 DEBUG    _invoke_service(): stage_state  (['s000001.00001', 'g000001.00001', 'i000001.00001', 'b000001.00001'], '/pscratch/sd/b/bassem/ips/tglf-ep_32_repeat/SCAN/work/plasma_state', '/pscratch/sd/b/bassem/ips/tglf-ep_32_repeat/SCAN/work/fastran__modeleq_constraint_6')
2025-09-09 16:20:18,137 fastran__modeleq_constraint_6 DEBUG    _get_service_response(REQUEST|fastran_000001@modeleq_constraint@6|FRAMEWORK@Framework@0|16)
2025-09-09 16:20:18,147 fastran_driver_fastran_driver_2 DEBUG    _get_service_response(REQUEST|fastran_000001@fastran_driver@2|FRAMEWORK@Framework@0|133), response = ServiceResponseMessage(sender_id=FRAMEWORK@Framework@0, receiver_id=fastran_000001@fastran_driver@2, request_msg_id=REQUEST|fastran_000001@fastran_driver@2|FRAMEWORK@Framework@0|133,status=0, args=(28,), message_id=RESPONSE|FRAMEWORK@Framework@0|fastran_000001@fastran_driver@2|370)
2025-09-09 16:20:18,147 fastran_driver_fastran_driver_2 DEBUG    _invoke_service(): wait_call  (28, True)
2025-09-09 16:20:18,147 fastran_driver_fastran_driver_2 DEBUG    _get_service_response(REQUEST|fastran_000001@fastran_driver@2|FRAMEWORK@Framework@0|134)
2025-09-09 16:20:18,160 fastran__modeleq_constraint_6 DEBUG    _get_service_response(REQUEST|fastran_000001@modeleq_constraint@6|FRAMEWORK@Framework@0|16), response = ServiceResponseMessage(sender_id=FRAMEWORK@Framework@0, receiver_id=fastran_000001@modeleq_constraint@6, request_msg_id=REQUEST|fastran_000001@modeleq_constraint@6|FRAMEWORK@Framework@0|16,status=0, args=(0,), message_id=RESPONSE|FRAMEWORK@Framework@0|fastran_000001@modeleq_constraint@6|371)
2025-09-09 16:20:18,160 fastran__modeleq_constraint_6 DEBUG    _invoke_service(): getTopic  ('_IPS_MONITOR',)
2025-09-09 16:20:18,160 fastran__modeleq_constraint_6 DEBUG    _get_service_response(REQUEST|fastran_000001@modeleq_constraint@6|FRAMEWORK@Framework@0|17)
2025-09-09 16:20:18,171 fastran__modeleq_constraint_6 DEBUG    _get_service_response(REQUEST|fastran_000001@modeleq_constraint@6|FRAMEWORK@Framework@0|17), response = ServiceResponseMessage(sender_id=FRAMEWORK@Framework@0, receiver_id=fastran_000001@modeleq_constraint@6, request_msg_id=REQUEST|fastran_000001@modeleq_constraint@6|FRAMEWORK@Framework@0|17,status=0, args=(<ipsframework.cca_es_spec.Topic object at 0x7f87c63adf70>,), message_id=RESPONSE|FRAMEWORK@Framework@0|fastran_000001@modeleq_constraint@6|373)
2025-09-09 16:20:18,171 fastran__modeleq_constraint_6 DEBUG    _invoke_service(): sendEvent  ('_IPS_MONITOR', 'PORTAL_EVENT', {'sim_name': 'fastran_000001', 'real_sim_name': 'fastran_000001', 'portal_data': {'code': 'fastran__modeleq_constraint', 'eventtype': 'IPS_STAGE_STATE', 'ok': True, 'walltime': '50.24', 'time': '2025-09-09|16:20:18PDT', 'trace': {'timestamp': 1757460018137281, 'duration': 23471, 'localEndpoint': {'serviceName': 'stage_state'}, 'name': "['s000001.00001', 'g000001.00001', 'i000001.00001', 'b000001.00001']", 'id': 'ff3119918b5e7670', 'parentId': '39199a91ba049f75', 'tags': {}}, 'state': 'Running', 'comment': 'Elapsed time = 0.023  files = s000001.00001 g000001.00001 i000001.00001 b000001.00001 Success'}})
2025-09-09 16:20:18,171 fastran__modeleq_constraint_6 DEBUG    _get_service_response(REQUEST|fastran_000001@modeleq_constraint@6|FRAMEWORK@Framework@0|18)
2025-09-09 16:20:18,182 fastran__modeleq_constraint_6 DEBUG    _get_service_response(REQUEST|fastran_000001@modeleq_constraint@6|FRAMEWORK@Framework@0|18), response = ServiceResponseMessage(sender_id=FRAMEWORK@Framework@0, receiver_id=fastran_000001@modeleq_constraint@6, request_msg_id=REQUEST|fastran_000001@modeleq_constraint@6|FRAMEWORK@Framework@0|18,status=0, args=(None,), message_id=RESPONSE|FRAMEWORK@Framework@0|fastran_000001@modeleq_constraint@6|374)
2025-09-09 16:20:19,219 fastran__modeleq_constraint_6 DEBUG    _invoke_service(): update_state  (['s000001.00001', 'g000001.00001', 'i000001.00001', 'b000001.00001'], '/pscratch/sd/b/bassem/ips/tglf-ep_32_repeat/SCAN/work/fastran__modeleq_constraint_6', '/pscratch/sd/b/bassem/ips/tglf-ep_32_repeat/SCAN/work/plasma_state')
2025-09-09 16:20:19,219 fastran__modeleq_constraint_6 DEBUG    _get_service_response(REQUEST|fastran_000001@modeleq_constraint@6|FRAMEWORK@Framework@0|19)
2025-09-09 16:20:19,241 fastran__modeleq_constraint_6 DEBUG    _get_service_response(REQUEST|fastran_000001@modeleq_constraint@6|FRAMEWORK@Framework@0|19), response = ServiceResponseMessage(sender_id=FRAMEWORK@Framework@0, receiver_id=fastran_000001@modeleq_constraint@6, request_msg_id=REQUEST|fastran_000001@modeleq_constraint@6|FRAMEWORK@Framework@0|19,status=0, args=(0,), message_id=RESPONSE|FRAMEWORK@Framework@0|fastran_000001@modeleq_constraint@6|377)
2025-09-09 16:20:19,241 fastran__modeleq_constraint_6 DEBUG    _invoke_service(): getTopic  ('_IPS_MONITOR',)
2025-09-09 16:20:19,241 fastran__modeleq_constraint_6 DEBUG    _get_service_response(REQUEST|fastran_000001@modeleq_constraint@6|FRAMEWORK@Framework@0|20)
2025-09-09 16:20:19,252 fastran__modeleq_constraint_6 DEBUG    _get_service_response(REQUEST|fastran_000001@modeleq_constraint@6|FRAMEWORK@Framework@0|20), response = ServiceResponseMessage(sender_id=FRAMEWORK@Framework@0, receiver_id=fastran_000001@modeleq_constraint@6, request_msg_id=REQUEST|fastran_000001@modeleq_constraint@6|FRAMEWORK@Framework@0|20,status=0, args=(<ipsframework.cca_es_spec.Topic object at 0x7f87c63fedf0>,), message_id=RESPONSE|FRAMEWORK@Framework@0|fastran_000001@modeleq_constraint@6|378)
2025-09-09 16:20:19,252 fastran__modeleq_constraint_6 DEBUG    _invoke_service(): sendEvent  ('_IPS_MONITOR', 'PORTAL_EVENT', {'sim_name': 'fastran_000001', 'real_sim_name': 'fastran_000001', 'portal_data': {'code': 'fastran__modeleq_constraint', 'eventtype': 'IPS_UPDATE_STATE', 'ok': True, 'walltime': '51.32', 'time': '2025-09-09|16:20:19PDT', 'trace': {'timestamp': 1757460019218862, 'duration': 22376, 'localEndpoint': {'serviceName': 'update_state'}, 'name': "['s000001.00001', 'g000001.00001', 'i000001.00001', 'b000001.00001']", 'id': '2fc1229e1e650f1c', 'parentId': '39199a91ba049f75', 'tags': {}}, 'state': 'Running', 'comment': 'Elapsed time = 0.022   files = s000001.00001 g000001.00001 i000001.00001 b000001.00001 Success'}})
2025-09-09 16:20:19,252 fastran__modeleq_constraint_6 DEBUG    _get_service_response(REQUEST|fastran_000001@modeleq_constraint@6|FRAMEWORK@Framework@0|21)
2025-09-09 16:20:19,263 fastran__modeleq_constraint_6 DEBUG    _get_service_response(REQUEST|fastran_000001@modeleq_constraint@6|FRAMEWORK@Framework@0|21), response = ServiceResponseMessage(sender_id=FRAMEWORK@Framework@0, receiver_id=fastran_000001@modeleq_constraint@6, request_msg_id=REQUEST|fastran_000001@modeleq_constraint@6|FRAMEWORK@Framework@0|21,status=0, args=(None,), message_id=RESPONSE|FRAMEWORK@Framework@0|fastran_000001@modeleq_constraint@6|379)
2025-09-09 16:20:19,263 fastran__modeleq_constraint_6 DEBUG    _invoke_service(): getTopic  ('_IPS_MONITOR',)
2025-09-09 16:20:19,263 fastran__modeleq_constraint_6 DEBUG    _get_service_response(REQUEST|fastran_000001@modeleq_constraint@6|FRAMEWORK@Framework@0|22)
2025-09-09 16:20:19,273 fastran__modeleq_constraint_6 DEBUG    _get_service_response(REQUEST|fastran_000001@modeleq_constraint@6|FRAMEWORK@Framework@0|22), response = ServiceResponseMessage(sender_id=FRAMEWORK@Framework@0, receiver_id=fastran_000001@modeleq_constraint@6, request_msg_id=REQUEST|fastran_000001@modeleq_constraint@6|FRAMEWORK@Framework@0|22,status=0, args=(<ipsframework.cca_es_spec.Topic object at 0x7f87c63fecd0>,), message_id=RESPONSE|FRAMEWORK@Framework@0|fastran_000001@modeleq_constraint@6|380)
2025-09-09 16:20:19,274 fastran__modeleq_constraint_6 DEBUG    _invoke_service(): sendEvent  ('_IPS_MONITOR', 'PORTAL_EVENT', {'sim_name': 'fastran_000001', 'real_sim_name': 'fastran_000001', 'portal_data': {'code': 'fastran__modeleq_constraint', 'eventtype': 'IPS_STAGE_OUTPUTS', 'ok': True, 'walltime': '51.34', 'time': '2025-09-09|16:20:19PDT', 'trace': {'timestamp': 1757460019263106, 'duration': 233, 'localEndpoint': {'serviceName': 'stage_output_files'}, 'name': '[]', 'id': 'ed019efe11be26d9', 'parentId': '39199a91ba049f75', 'tags': {}}, 'state': 'Running', 'comment': 'Elapsed time = 0.000 Path = /pscratch/sd/b/bassem/ips/tglf-ep_32_repeat/SCAN/simulation_results/preprocess_2/components/fastran__modeleq_constraint_6 Files = []'}})
2025-09-09 16:20:19,274 fastran__modeleq_constraint_6 DEBUG    _get_service_response(REQUEST|fastran_000001@modeleq_constraint@6|FRAMEWORK@Framework@0|23)
2025-09-09 16:20:19,284 fastran__modeleq_constraint_6 DEBUG    _get_service_response(REQUEST|fastran_000001@modeleq_constraint@6|FRAMEWORK@Framework@0|23), response = ServiceResponseMessage(sender_id=FRAMEWORK@Framework@0, receiver_id=fastran_000001@modeleq_constraint@6, request_msg_id=REQUEST|fastran_000001@modeleq_constraint@6|FRAMEWORK@Framework@0|23,status=0, args=(None,), message_id=RESPONSE|FRAMEWORK@Framework@0|fastran_000001@modeleq_constraint@6|381)
2025-09-09 16:20:19,296 fastran_driver_fastran_driver_2 DEBUG    _get_service_response(REQUEST|fastran_000001@fastran_driver@2|FRAMEWORK@Framework@0|134), response = ServiceResponseMessage(sender_id=FRAMEWORK@Framework@0, receiver_id=fastran_000001@fastran_driver@2, request_msg_id=REQUEST|fastran_000001@fastran_driver@2|FRAMEWORK@Framework@0|134,status=0, args=((None,),), message_id=RESPONSE|FRAMEWORK@Framework@0|fastran_000001@fastran_driver@2|382)
2025-09-09 16:20:19,296 fastran_driver_fastran_driver_2 DEBUG    _invoke_service(): getTopic  ('_IPS_MONITOR',)
2025-09-09 16:20:19,296 fastran_driver_fastran_driver_2 DEBUG    _get_service_response(REQUEST|fastran_000001@fastran_driver@2|FRAMEWORK@Framework@0|135)
2025-09-09 16:20:19,307 fastran_driver_fastran_driver_2 DEBUG    _get_service_response(REQUEST|fastran_000001@fastran_driver@2|FRAMEWORK@Framework@0|135), response = ServiceResponseMessage(sender_id=FRAMEWORK@Framework@0, receiver_id=fastran_000001@fastran_driver@2, request_msg_id=REQUEST|fastran_000001@fastran_driver@2|FRAMEWORK@Framework@0|135,status=0, args=(<ipsframework.cca_es_spec.Topic object at 0x7f87c63e0250>,), message_id=RESPONSE|FRAMEWORK@Framework@0|fastran_000001@fastran_driver@2|383)
2025-09-09 16:20:19,307 fastran_driver_fastran_driver_2 DEBUG    _invoke_service(): sendEvent  ('_IPS_MONITOR', 'PORTAL_EVENT', {'sim_name': 'fastran_000001', 'real_sim_name': 'fastran_000001', 'portal_data': {'code': 'fastran_driver_fastran_driver', 'eventtype': 'IPS_CALL_END', 'ok': True, 'walltime': '51.37', 'time': '2025-09-09|16:20:19PDT', 'trace': {'timestamp': 1757460018147161, 'duration': 1149525, 'localEndpoint': {'serviceName': 'fastran_000001@modeleq_constraint@6'}, 'name': 'step(preprocess_2)', 'id': '39199a91ba049f75', 'parentId': '15e0663de819b9fa', 'tags': {}}, 'state': 'Running', 'comment': 'Target = fastran_000001@modeleq_constraint@6:step(preprocess_2)'}})
2025-09-09 16:20:19,307 fastran_driver_fastran_driver_2 DEBUG    _get_service_response(REQUEST|fastran_000001@fastran_driver@2|FRAMEWORK@Framework@0|136)
2025-09-09 16:20:19,318 fastran_driver_fastran_driver_2 DEBUG    _get_service_response(REQUEST|fastran_000001@fastran_driver@2|FRAMEWORK@Framework@0|136), response = ServiceResponseMessage(sender_id=FRAMEWORK@Framework@0, receiver_id=fastran_000001@fastran_driver@2, request_msg_id=REQUEST|fastran_000001@fastran_driver@2|FRAMEWORK@Framework@0|136,status=0, args=(None,), message_id=RESPONSE|FRAMEWORK@Framework@0|fastran_000001@fastran_driver@2|384)
2025-09-09 16:20:19,319 fastran_driver_fastran_driver_2 DEBUG    _invoke_service(): getTopic  ('_IPS_MONITOR',)
2025-09-09 16:20:19,319 fastran_driver_fastran_driver_2 DEBUG    _get_service_response(REQUEST|fastran_000001@fastran_driver@2|FRAMEWORK@Framework@0|137)
2025-09-09 16:20:19,329 fastran_driver_fastran_driver_2 DEBUG    _get_service_response(REQUEST|fastran_000001@fastran_driver@2|FRAMEWORK@Framework@0|137), response = ServiceResponseMessage(sender_id=FRAMEWORK@Framework@0, receiver_id=fastran_000001@fastran_driver@2, request_msg_id=REQUEST|fastran_000001@fastran_driver@2|FRAMEWORK@Framework@0|137,status=0, args=(<ipsframework.cca_es_spec.Topic object at 0x7f87c63e02b0>,), message_id=RESPONSE|FRAMEWORK@Framework@0|fastran_000001@fastran_driver@2|385)
2025-09-09 16:20:19,329 fastran_driver_fastran_driver_2 DEBUG    _invoke_service(): sendEvent  ('_IPS_MONITOR', 'PORTALBRIDGE_UPDATE_TIMESTAMP', {'sim_name': 'fastran_000001', 'real_sim_name': 'fastran_000001', 'portal_data': {'phystimestamp': 'preprocess_3', 'eventtype': 'PORTALBRIDGE_UPDATE_TIMESTAMP'}})
2025-09-09 16:20:19,330 fastran_driver_fastran_driver_2 DEBUG    _get_service_response(REQUEST|fastran_000001@fastran_driver@2|FRAMEWORK@Framework@0|138)
2025-09-09 16:20:19,340 fastran_driver_fastran_driver_2 DEBUG    _get_service_response(REQUEST|fastran_000001@fastran_driver@2|FRAMEWORK@Framework@0|138), response = ServiceResponseMessage(sender_id=FRAMEWORK@Framework@0, receiver_id=fastran_000001@fastran_driver@2, request_msg_id=REQUEST|fastran_000001@fastran_driver@2|FRAMEWORK@Framework@0|138,status=0, args=(None,), message_id=RESPONSE|FRAMEWORK@Framework@0|fastran_000001@fastran_driver@2|386)
2025-09-09 16:20:19,340 fastran_driver_fastran_driver_2 DEBUG    _invoke_service(): getTopic  ('_IPS_MONITOR',)
2025-09-09 16:20:19,340 fastran_driver_fastran_driver_2 DEBUG    _get_service_response(REQUEST|fastran_000001@fastran_driver@2|FRAMEWORK@Framework@0|139)
2025-09-09 16:20:19,351 fastran_driver_fastran_driver_2 DEBUG    _get_service_response(REQUEST|fastran_000001@fastran_driver@2|FRAMEWORK@Framework@0|139), response = ServiceResponseMessage(sender_id=FRAMEWORK@Framework@0, receiver_id=fastran_000001@fastran_driver@2, request_msg_id=REQUEST|fastran_000001@fastran_driver@2|FRAMEWORK@Framework@0|139,status=0, args=(<ipsframework.cca_es_spec.Topic object at 0x7f87c63e01f0>,), message_id=RESPONSE|FRAMEWORK@Framework@0|fastran_000001@fastran_driver@2|387)
2025-09-09 16:20:19,351 fastran_driver_fastran_driver_2 DEBUG    _invoke_service(): sendEvent  ('_IPS_MONITOR', 'PORTAL_EVENT', {'sim_name': 'fastran_000001', 'real_sim_name': 'fastran_000001', 'portal_data': {'code': 'fastran_driver_fastran_driver', 'eventtype': 'IPS_UPDATE_TIME_STAMP', 'ok': True, 'walltime': '51.42', 'time': '2025-09-09|16:20:19PDT', 'state': 'Running', 'comment': 'Timestamp = preprocess_3'}})
2025-09-09 16:20:19,351 fastran_driver_fastran_driver_2 DEBUG    _get_service_response(REQUEST|fastran_000001@fastran_driver@2|FRAMEWORK@Framework@0|140)
2025-09-09 16:20:19,362 fastran_driver_fastran_driver_2 DEBUG    _get_service_response(REQUEST|fastran_000001@fastran_driver@2|FRAMEWORK@Framework@0|140), response = ServiceResponseMessage(sender_id=FRAMEWORK@Framework@0, receiver_id=fastran_000001@fastran_driver@2, request_msg_id=REQUEST|fastran_000001@fastran_driver@2|FRAMEWORK@Framework@0|140,status=0, args=(None,), message_id=RESPONSE|FRAMEWORK@Framework@0|fastran_000001@fastran_driver@2|388)
2025-09-09 16:20:19,362 fastran_driver_fastran_driver_2 DEBUG    _invoke_service(): getTopic  ('_IPS_MONITOR',)
2025-09-09 16:20:19,362 fastran_driver_fastran_driver_2 DEBUG    _get_service_response(REQUEST|fastran_000001@fastran_driver@2|FRAMEWORK@Framework@0|141)
2025-09-09 16:20:19,373 fastran_driver_fastran_driver_2 DEBUG    _get_service_response(REQUEST|fastran_000001@fastran_driver@2|FRAMEWORK@Framework@0|141), response = ServiceResponseMessage(sender_id=FRAMEWORK@Framework@0, receiver_id=fastran_000001@fastran_driver@2, request_msg_id=REQUEST|fastran_000001@fastran_driver@2|FRAMEWORK@Framework@0|141,status=0, args=(<ipsframework.cca_es_spec.Topic object at 0x7f87c63e0250>,), message_id=RESPONSE|FRAMEWORK@Framework@0|fastran_000001@fastran_driver@2|389)
2025-09-09 16:20:19,373 fastran_driver_fastran_driver_2 DEBUG    _invoke_service(): sendEvent  ('_IPS_MONITOR', 'PORTAL_EVENT', {'sim_name': 'fastran_000001', 'real_sim_name': 'fastran_000001', 'portal_data': {'code': 'fastran_driver_fastran_driver', 'eventtype': 'IPS_CALL_BEGIN', 'ok': True, 'walltime': '51.44', 'time': '2025-09-09|16:20:19PDT', 'state': 'Running', 'comment': 'Target = fastran_000001@efit@3:step(preprocess_3)'}})
2025-09-09 16:20:19,373 fastran_driver_fastran_driver_2 DEBUG    _get_service_response(REQUEST|fastran_000001@fastran_driver@2|FRAMEWORK@Framework@0|142)
2025-09-09 16:20:19,384 fastran_driver_fastran_driver_2 DEBUG    _get_service_response(REQUEST|fastran_000001@fastran_driver@2|FRAMEWORK@Framework@0|142), response = ServiceResponseMessage(sender_id=FRAMEWORK@Framework@0, receiver_id=fastran_000001@fastran_driver@2, request_msg_id=REQUEST|fastran_000001@fastran_driver@2|FRAMEWORK@Framework@0|142,status=0, args=(None,), message_id=RESPONSE|FRAMEWORK@Framework@0|fastran_000001@fastran_driver@2|390)
2025-09-09 16:20:19,384 fastran_driver_fastran_driver_2 DEBUG    _invoke_service(): init_call  ('step', 'preprocess_3')
2025-09-09 16:20:19,384 fastran_driver_fastran_driver_2 DEBUG    _get_service_response(REQUEST|fastran_000001@fastran_driver@2|FRAMEWORK@Framework@0|143)
2025-09-09 16:20:19,385 fastran_eq0_efit_3 DEBUG    Received Message 
2025-09-09 16:20:19,385 fastran_eq0_efit_3 DEBUG    Calling method step(preprocess_3)
2025-09-09 16:20:19,385 fastran_eq0_efit_3 DEBUG    _invoke_service(): stage_state  (['s000001.00001', 'g000001.00001', 'i000001.00001', 'b000001.00001'], '/pscratch/sd/b/bassem/ips/tglf-ep_32_repeat/SCAN/work/plasma_state', '/pscratch/sd/b/bassem/ips/tglf-ep_32_repeat/SCAN/work/fastran_eq0_efit_3')
2025-09-09 16:20:19,385 fastran_eq0_efit_3 DEBUG    _get_service_response(REQUEST|fastran_000001@efit@3|FRAMEWORK@Framework@0|30)
2025-09-09 16:20:19,395 fastran_driver_fastran_driver_2 DEBUG    _get_service_response(REQUEST|fastran_000001@fastran_driver@2|FRAMEWORK@Framework@0|143), response = ServiceResponseMessage(sender_id=FRAMEWORK@Framework@0, receiver_id=fastran_000001@fastran_driver@2, request_msg_id=REQUEST|fastran_000001@fastran_driver@2|FRAMEWORK@Framework@0|143,status=0, args=(29,), message_id=RESPONSE|FRAMEWORK@Framework@0|fastran_000001@fastran_driver@2|391)
2025-09-09 16:20:19,395 fastran_driver_fastran_driver_2 DEBUG    _invoke_service(): wait_call  (29, True)
2025-09-09 16:20:19,395 fastran_driver_fastran_driver_2 DEBUG    _get_service_response(REQUEST|fastran_000001@fastran_driver@2|FRAMEWORK@Framework@0|144)
2025-09-09 16:20:19,409 fastran_eq0_efit_3 DEBUG    _get_service_response(REQUEST|fastran_000001@efit@3|FRAMEWORK@Framework@0|30), response = ServiceResponseMessage(sender_id=FRAMEWORK@Framework@0, receiver_id=fastran_000001@efit@3, request_msg_id=REQUEST|fastran_000001@efit@3|FRAMEWORK@Framework@0|30,status=0, args=(0,), message_id=RESPONSE|FRAMEWORK@Framework@0|fastran_000001@efit@3|392)
2025-09-09 16:20:19,409 fastran_eq0_efit_3 DEBUG    _invoke_service(): getTopic  ('_IPS_MONITOR',)
2025-09-09 16:20:19,409 fastran_eq0_efit_3 DEBUG    _get_service_response(REQUEST|fastran_000001@efit@3|FRAMEWORK@Framework@0|31)
2025-09-09 16:20:19,420 fastran_eq0_efit_3 DEBUG    _get_service_response(REQUEST|fastran_000001@efit@3|FRAMEWORK@Framework@0|31), response = ServiceResponseMessage(sender_id=FRAMEWORK@Framework@0, receiver_id=fastran_000001@efit@3, request_msg_id=REQUEST|fastran_000001@efit@3|FRAMEWORK@Framework@0|31,status=0, args=(<ipsframework.cca_es_spec.Topic object at 0x7f87c63ddac0>,), message_id=RESPONSE|FRAMEWORK@Framework@0|fastran_000001@efit@3|393)
2025-09-09 16:20:19,420 fastran_eq0_efit_3 DEBUG    _invoke_service(): sendEvent  ('_IPS_MONITOR', 'PORTAL_EVENT', {'sim_name': 'fastran_000001', 'real_sim_name': 'fastran_000001', 'portal_data': {'code': 'fastran_eq0_efit', 'eventtype': 'IPS_STAGE_STATE', 'ok': True, 'walltime': '51.49', 'time': '2025-09-09|16:20:19PDT', 'trace': {'timestamp': 1757460019385589, 'duration': 23774, 'localEndpoint': {'serviceName': 'stage_state'}, 'name': "['s000001.00001', 'g000001.00001', 'i000001.00001', 'b000001.00001']", 'id': 'ff3119918b5e7670', 'parentId': 'c6196be2b354c582', 'tags': {}}, 'state': 'Running', 'comment': 'Elapsed time = 0.024  files = s000001.00001 g000001.00001 i000001.00001 b000001.00001 Success'}})
2025-09-09 16:20:19,420 fastran_eq0_efit_3 DEBUG    _get_service_response(REQUEST|fastran_000001@efit@3|FRAMEWORK@Framework@0|32)
2025-09-09 16:20:19,431 fastran_eq0_efit_3 DEBUG    _get_service_response(REQUEST|fastran_000001@efit@3|FRAMEWORK@Framework@0|32), response = ServiceResponseMessage(sender_id=FRAMEWORK@Framework@0, receiver_id=fastran_000001@efit@3, request_msg_id=REQUEST|fastran_000001@efit@3|FRAMEWORK@Framework@0|32,status=0, args=(None,), message_id=RESPONSE|FRAMEWORK@Framework@0|fastran_000001@efit@3|394)
2025-09-09 16:20:21,384 fastran_eq0_efit_3 DEBUG    _invoke_service(): update_state  (['s000001.00001', 'g000001.00001', 'i000001.00001', 'b000001.00001'], '/pscratch/sd/b/bassem/ips/tglf-ep_32_repeat/SCAN/work/fastran_eq0_efit_3', '/pscratch/sd/b/bassem/ips/tglf-ep_32_repeat/SCAN/work/plasma_state')
2025-09-09 16:20:21,384 fastran_eq0_efit_3 DEBUG    _get_service_response(REQUEST|fastran_000001@efit@3|FRAMEWORK@Framework@0|33)
2025-09-09 16:20:21,407 fastran_eq0_efit_3 DEBUG    _get_service_response(REQUEST|fastran_000001@efit@3|FRAMEWORK@Framework@0|33), response = ServiceResponseMessage(sender_id=FRAMEWORK@Framework@0, receiver_id=fastran_000001@efit@3, request_msg_id=REQUEST|fastran_000001@efit@3|FRAMEWORK@Framework@0|33,status=0, args=(0,), message_id=RESPONSE|FRAMEWORK@Framework@0|fastran_000001@efit@3|399)
2025-09-09 16:20:21,407 fastran_eq0_efit_3 DEBUG    _invoke_service(): getTopic  ('_IPS_MONITOR',)
2025-09-09 16:20:21,407 fastran_eq0_efit_3 DEBUG    _get_service_response(REQUEST|fastran_000001@efit@3|FRAMEWORK@Framework@0|34)
2025-09-09 16:20:21,418 fastran_eq0_efit_3 DEBUG    _get_service_response(REQUEST|fastran_000001@efit@3|FRAMEWORK@Framework@0|34), response = ServiceResponseMessage(sender_id=FRAMEWORK@Framework@0, receiver_id=fastran_000001@efit@3, request_msg_id=REQUEST|fastran_000001@efit@3|FRAMEWORK@Framework@0|34,status=0, args=(<ipsframework.cca_es_spec.Topic object at 0x7f87c639b8e0>,), message_id=RESPONSE|FRAMEWORK@Framework@0|fastran_000001@efit@3|400)
2025-09-09 16:20:21,418 fastran_eq0_efit_3 DEBUG    _invoke_service(): sendEvent  ('_IPS_MONITOR', 'PORTAL_EVENT', {'sim_name': 'fastran_000001', 'real_sim_name': 'fastran_000001', 'portal_data': {'code': 'fastran_eq0_efit', 'eventtype': 'IPS_UPDATE_STATE', 'ok': True, 'walltime': '53.48', 'time': '2025-09-09|16:20:21PDT', 'trace': {'timestamp': 1757460021383813, 'duration': 23768, 'localEndpoint': {'serviceName': 'update_state'}, 'name': "['s000001.00001', 'g000001.00001', 'i000001.00001', 'b000001.00001']", 'id': '2fc1229e1e650f1c', 'parentId': 'c6196be2b354c582', 'tags': {}}, 'state': 'Running', 'comment': 'Elapsed time = 0.024   files = s000001.00001 g000001.00001 i000001.00001 b000001.00001 Success'}})
2025-09-09 16:20:21,418 fastran_eq0_efit_3 DEBUG    _get_service_response(REQUEST|fastran_000001@efit@3|FRAMEWORK@Framework@0|35)
2025-09-09 16:20:21,429 fastran_eq0_efit_3 DEBUG    _get_service_response(REQUEST|fastran_000001@efit@3|FRAMEWORK@Framework@0|35), response = ServiceResponseMessage(sender_id=FRAMEWORK@Framework@0, receiver_id=fastran_000001@efit@3, request_msg_id=REQUEST|fastran_000001@efit@3|FRAMEWORK@Framework@0|35,status=0, args=(None,), message_id=RESPONSE|FRAMEWORK@Framework@0|fastran_000001@efit@3|401)
2025-09-09 16:20:21,451 fastran_eq0_efit_3 DEBUG    _invoke_service(): getTopic  ('_IPS_MONITOR',)
2025-09-09 16:20:21,452 fastran_eq0_efit_3 DEBUG    _get_service_response(REQUEST|fastran_000001@efit@3|FRAMEWORK@Framework@0|36)
2025-09-09 16:20:21,462 fastran_eq0_efit_3 DEBUG    _get_service_response(REQUEST|fastran_000001@efit@3|FRAMEWORK@Framework@0|36), response = ServiceResponseMessage(sender_id=FRAMEWORK@Framework@0, receiver_id=fastran_000001@efit@3, request_msg_id=REQUEST|fastran_000001@efit@3|FRAMEWORK@Framework@0|36,status=0, args=(<ipsframework.cca_es_spec.Topic object at 0x7f87c639bfa0>,), message_id=RESPONSE|FRAMEWORK@Framework@0|fastran_000001@efit@3|402)
2025-09-09 16:20:21,462 fastran_eq0_efit_3 DEBUG    _invoke_service(): sendEvent  ('_IPS_MONITOR', 'PORTAL_EVENT', {'sim_name': 'fastran_000001', 'real_sim_name': 'fastran_000001', 'portal_data': {'code': 'fastran_eq0_efit', 'eventtype': 'IPS_STAGE_OUTPUTS', 'ok': True, 'walltime': '53.53', 'time': '2025-09-09|16:20:21PDT', 'trace': {'timestamp': 1757460021429547, 'duration': 22345, 'localEndpoint': {'serviceName': 'stage_output_files'}, 'name': "['g*.*', 'a*.*', 'm*.*', 'k*.*', 'efit.log', 's*.*']", 'id': '80725d8eee5776f1', 'parentId': 'c6196be2b354c582', 'tags': {}}, 'state': 'Running', 'comment': "Elapsed time = 0.022 Path = /pscratch/sd/b/bassem/ips/tglf-ep_32_repeat/SCAN/simulation_results/preprocess_3/components/fastran_eq0_efit_3 Files = ['g*.*', 'a*.*', 'm*.*', 'k*.*', 'efit.log', 's*.*']"}})
2025-09-09 16:20:21,462 fastran_eq0_efit_3 DEBUG    _get_service_response(REQUEST|fastran_000001@efit@3|FRAMEWORK@Framework@0|37)
2025-09-09 16:20:21,473 fastran_eq0_efit_3 DEBUG    _get_service_response(REQUEST|fastran_000001@efit@3|FRAMEWORK@Framework@0|37), response = ServiceResponseMessage(sender_id=FRAMEWORK@Framework@0, receiver_id=fastran_000001@efit@3, request_msg_id=REQUEST|fastran_000001@efit@3|FRAMEWORK@Framework@0|37,status=0, args=(None,), message_id=RESPONSE|FRAMEWORK@Framework@0|fastran_000001@efit@3|403)
2025-09-09 16:20:21,486 fastran_driver_fastran_driver_2 DEBUG    _get_service_response(REQUEST|fastran_000001@fastran_driver@2|FRAMEWORK@Framework@0|144), response = ServiceResponseMessage(sender_id=FRAMEWORK@Framework@0, receiver_id=fastran_000001@fastran_driver@2, request_msg_id=REQUEST|fastran_000001@fastran_driver@2|FRAMEWORK@Framework@0|144,status=0, args=((None,),), message_id=RESPONSE|FRAMEWORK@Framework@0|fastran_000001@fastran_driver@2|404)
2025-09-09 16:20:21,486 fastran_driver_fastran_driver_2 DEBUG    _invoke_service(): getTopic  ('_IPS_MONITOR',)
2025-09-09 16:20:21,486 fastran_driver_fastran_driver_2 DEBUG    _get_service_response(REQUEST|fastran_000001@fastran_driver@2|FRAMEWORK@Framework@0|145)
2025-09-09 16:20:21,497 fastran_driver_fastran_driver_2 DEBUG    _get_service_response(REQUEST|fastran_000001@fastran_driver@2|FRAMEWORK@Framework@0|145), response = ServiceResponseMessage(sender_id=FRAMEWORK@Framework@0, receiver_id=fastran_000001@fastran_driver@2, request_msg_id=REQUEST|fastran_000001@fastran_driver@2|FRAMEWORK@Framework@0|145,status=0, args=(<ipsframework.cca_es_spec.Topic object at 0x7f87c63e01f0>,), message_id=RESPONSE|FRAMEWORK@Framework@0|fastran_000001@fastran_driver@2|405)
2025-09-09 16:20:21,497 fastran_driver_fastran_driver_2 DEBUG    _invoke_service(): sendEvent  ('_IPS_MONITOR', 'PORTAL_EVENT', {'sim_name': 'fastran_000001', 'real_sim_name': 'fastran_000001', 'portal_data': {'code': 'fastran_driver_fastran_driver', 'eventtype': 'IPS_CALL_END', 'ok': True, 'walltime': '53.56', 'time': '2025-09-09|16:20:21PDT', 'trace': {'timestamp': 1757460019395389, 'duration': 2091340, 'localEndpoint': {'serviceName': 'fastran_000001@efit@3'}, 'name': 'step(preprocess_3)', 'id': 'c6196be2b354c582', 'parentId': '15e0663de819b9fa', 'tags': {}}, 'state': 'Running', 'comment': 'Target = fastran_000001@efit@3:step(preprocess_3)'}})
2025-09-09 16:20:21,497 fastran_driver_fastran_driver_2 DEBUG    _get_service_response(REQUEST|fastran_000001@fastran_driver@2|FRAMEWORK@Framework@0|146)
2025-09-09 16:20:21,508 fastran_driver_fastran_driver_2 DEBUG    _get_service_response(REQUEST|fastran_000001@fastran_driver@2|FRAMEWORK@Framework@0|146), response = ServiceResponseMessage(sender_id=FRAMEWORK@Framework@0, receiver_id=fastran_000001@fastran_driver@2, request_msg_id=REQUEST|fastran_000001@fastran_driver@2|FRAMEWORK@Framework@0|146,status=0, args=(None,), message_id=RESPONSE|FRAMEWORK@Framework@0|fastran_000001@fastran_driver@2|406)
2025-09-09 16:20:21,508 fastran_driver_fastran_driver_2 DEBUG    _invoke_service(): getTopic  ('_IPS_MONITOR',)
2025-09-09 16:20:21,508 fastran_driver_fastran_driver_2 DEBUG    _get_service_response(REQUEST|fastran_000001@fastran_driver@2|FRAMEWORK@Framework@0|147)
2025-09-09 16:20:21,519 fastran_driver_fastran_driver_2 DEBUG    _get_service_response(REQUEST|fastran_000001@fastran_driver@2|FRAMEWORK@Framework@0|147), response = ServiceResponseMessage(sender_id=FRAMEWORK@Framework@0, receiver_id=fastran_000001@fastran_driver@2, request_msg_id=REQUEST|fastran_000001@fastran_driver@2|FRAMEWORK@Framework@0|147,status=0, args=(<ipsframework.cca_es_spec.Topic object at 0x7f87c63e02b0>,), message_id=RESPONSE|FRAMEWORK@Framework@0|fastran_000001@fastran_driver@2|407)
2025-09-09 16:20:21,519 fastran_driver_fastran_driver_2 DEBUG    _invoke_service(): sendEvent  ('_IPS_MONITOR', 'PORTAL_EVENT', {'sim_name': 'fastran_000001', 'real_sim_name': 'fastran_000001', 'portal_data': {'code': 'fastran_driver_fastran_driver', 'eventtype': 'IPS_CALL_BEGIN', 'ok': True, 'walltime': '53.58', 'time': '2025-09-09|16:20:21PDT', 'state': 'Running', 'comment': 'Target = fastran_000001@hcd_model@4:step(preprocess_3)'}})
2025-09-09 16:20:21,519 fastran_driver_fastran_driver_2 DEBUG    _get_service_response(REQUEST|fastran_000001@fastran_driver@2|FRAMEWORK@Framework@0|148)
2025-09-09 16:20:21,530 fastran_driver_fastran_driver_2 DEBUG    _get_service_response(REQUEST|fastran_000001@fastran_driver@2|FRAMEWORK@Framework@0|148), response = ServiceResponseMessage(sender_id=FRAMEWORK@Framework@0, receiver_id=fastran_000001@fastran_driver@2, request_msg_id=REQUEST|fastran_000001@fastran_driver@2|FRAMEWORK@Framework@0|148,status=0, args=(None,), message_id=RESPONSE|FRAMEWORK@Framework@0|fastran_000001@fastran_driver@2|408)
2025-09-09 16:20:21,530 fastran_driver_fastran_driver_2 DEBUG    _invoke_service(): init_call  ('step', 'preprocess_3')
2025-09-09 16:20:21,530 fastran_driver_fastran_driver_2 DEBUG    _get_service_response(REQUEST|fastran_000001@fastran_driver@2|FRAMEWORK@Framework@0|149)
2025-09-09 16:20:21,531 fastran_ic_hcd_model_4 DEBUG    Received Message 
2025-09-09 16:20:21,531 fastran_ic_hcd_model_4 DEBUG    Calling method step(preprocess_3)
2025-09-09 16:20:21,531 fastran_ic_hcd_model_4 DEBUG    _invoke_service(): stage_state  (['s000001.00001', 'g000001.00001', 'i000001.00001', 'b000001.00001'], '/pscratch/sd/b/bassem/ips/tglf-ep_32_repeat/SCAN/work/plasma_state', '/pscratch/sd/b/bassem/ips/tglf-ep_32_repeat/SCAN/work/fastran_ic_hcd_model_4')
2025-09-09 16:20:21,532 fastran_ic_hcd_model_4 DEBUG    _get_service_response(REQUEST|fastran_000001@hcd_model@4|FRAMEWORK@Framework@0|30)
2025-09-09 16:20:21,541 fastran_driver_fastran_driver_2 DEBUG    _get_service_response(REQUEST|fastran_000001@fastran_driver@2|FRAMEWORK@Framework@0|149), response = ServiceResponseMessage(sender_id=FRAMEWORK@Framework@0, receiver_id=fastran_000001@fastran_driver@2, request_msg_id=REQUEST|fastran_000001@fastran_driver@2|FRAMEWORK@Framework@0|149,status=0, args=(30,), message_id=RESPONSE|FRAMEWORK@Framework@0|fastran_000001@fastran_driver@2|409)
2025-09-09 16:20:21,541 fastran_driver_fastran_driver_2 DEBUG    _invoke_service(): wait_call  (30, True)
2025-09-09 16:20:21,541 fastran_driver_fastran_driver_2 DEBUG    _get_service_response(REQUEST|fastran_000001@fastran_driver@2|FRAMEWORK@Framework@0|150)
2025-09-09 16:20:21,554 fastran_ic_hcd_model_4 DEBUG    _get_service_response(REQUEST|fastran_000001@hcd_model@4|FRAMEWORK@Framework@0|30), response = ServiceResponseMessage(sender_id=FRAMEWORK@Framework@0, receiver_id=fastran_000001@hcd_model@4, request_msg_id=REQUEST|fastran_000001@hcd_model@4|FRAMEWORK@Framework@0|30,status=0, args=(0,), message_id=RESPONSE|FRAMEWORK@Framework@0|fastran_000001@hcd_model@4|410)
2025-09-09 16:20:21,554 fastran_ic_hcd_model_4 DEBUG    _invoke_service(): getTopic  ('_IPS_MONITOR',)
2025-09-09 16:20:21,554 fastran_ic_hcd_model_4 DEBUG    _get_service_response(REQUEST|fastran_000001@hcd_model@4|FRAMEWORK@Framework@0|31)
2025-09-09 16:20:21,565 fastran_ic_hcd_model_4 DEBUG    _get_service_response(REQUEST|fastran_000001@hcd_model@4|FRAMEWORK@Framework@0|31), response = ServiceResponseMessage(sender_id=FRAMEWORK@Framework@0, receiver_id=fastran_000001@hcd_model@4, request_msg_id=REQUEST|fastran_000001@hcd_model@4|FRAMEWORK@Framework@0|31,status=0, args=(<ipsframework.cca_es_spec.Topic object at 0x7f87c63ec670>,), message_id=RESPONSE|FRAMEWORK@Framework@0|fastran_000001@hcd_model@4|411)
2025-09-09 16:20:21,565 fastran_ic_hcd_model_4 DEBUG    _invoke_service(): sendEvent  ('_IPS_MONITOR', 'PORTAL_EVENT', {'sim_name': 'fastran_000001', 'real_sim_name': 'fastran_000001', 'portal_data': {'code': 'fastran_ic_hcd_model', 'eventtype': 'IPS_STAGE_STATE', 'ok': True, 'walltime': '53.63', 'time': '2025-09-09|16:20:21PDT', 'trace': {'timestamp': 1757460021531794, 'duration': 22584, 'localEndpoint': {'serviceName': 'stage_state'}, 'name': "['s000001.00001', 'g000001.00001', 'i000001.00001', 'b000001.00001']", 'id': 'ff3119918b5e7670', 'parentId': 'fcf3d034b38b0037', 'tags': {}}, 'state': 'Running', 'comment': 'Elapsed time = 0.023  files = s000001.00001 g000001.00001 i000001.00001 b000001.00001 Success'}})
2025-09-09 16:20:21,565 fastran_ic_hcd_model_4 DEBUG    _get_service_response(REQUEST|fastran_000001@hcd_model@4|FRAMEWORK@Framework@0|32)
2025-09-09 16:20:21,576 fastran_ic_hcd_model_4 DEBUG    _get_service_response(REQUEST|fastran_000001@hcd_model@4|FRAMEWORK@Framework@0|32), response = ServiceResponseMessage(sender_id=FRAMEWORK@Framework@0, receiver_id=fastran_000001@hcd_model@4, request_msg_id=REQUEST|fastran_000001@hcd_model@4|FRAMEWORK@Framework@0|32,status=0, args=(None,), message_id=RESPONSE|FRAMEWORK@Framework@0|fastran_000001@hcd_model@4|412)
2025-09-09 16:20:21,580 fastran_ic_hcd_model_4 DEBUG    _invoke_service(): getTopic  ('_IPS_MONITOR',)
2025-09-09 16:20:21,580 fastran_ic_hcd_model_4 DEBUG    _get_service_response(REQUEST|fastran_000001@hcd_model@4|FRAMEWORK@Framework@0|33)
2025-09-09 16:20:21,590 fastran_ic_hcd_model_4 DEBUG    _get_service_response(REQUEST|fastran_000001@hcd_model@4|FRAMEWORK@Framework@0|33), response = ServiceResponseMessage(sender_id=FRAMEWORK@Framework@0, receiver_id=fastran_000001@hcd_model@4, request_msg_id=REQUEST|fastran_000001@hcd_model@4|FRAMEWORK@Framework@0|33,status=0, args=(<ipsframework.cca_es_spec.Topic object at 0x7f87c63ec670>,), message_id=RESPONSE|FRAMEWORK@Framework@0|fastran_000001@hcd_model@4|413)
2025-09-09 16:20:21,590 fastran_ic_hcd_model_4 DEBUG    _invoke_service(): sendEvent  ('_IPS_MONITOR', 'PORTAL_EVENT', {'sim_name': 'fastran_000001', 'real_sim_name': 'fastran_000001', 'portal_data': {'code': 'fastran_ic_hcd_model', 'eventtype': 'IPS_STAGE_INPUTS', 'ok': True, 'walltime': '53.66', 'time': '2025-09-09|16:20:21PDT', 'trace': {'timestamp': 1757460021576311, 'duration': 3916, 'localEndpoint': {'serviceName': 'stage_input_files'}, 'name': 'inhcd', 'id': '5ee53c28a9607896', 'parentId': 'fcf3d034b38b0037', 'tags': {}}, 'state': 'Running', 'comment': 'Elapsed time = 0.004 Path = /pscratch/sd/b/bassem/ips/tglf-ep_32_repeat/input Files = inhcd'}})
2025-09-09 16:20:21,590 fastran_ic_hcd_model_4 DEBUG    _get_service_response(REQUEST|fastran_000001@hcd_model@4|FRAMEWORK@Framework@0|34)
2025-09-09 16:20:21,601 fastran_ic_hcd_model_4 DEBUG    _get_service_response(REQUEST|fastran_000001@hcd_model@4|FRAMEWORK@Framework@0|34), response = ServiceResponseMessage(sender_id=FRAMEWORK@Framework@0, receiver_id=fastran_000001@hcd_model@4, request_msg_id=REQUEST|fastran_000001@hcd_model@4|FRAMEWORK@Framework@0|34,status=0, args=(None,), message_id=RESPONSE|FRAMEWORK@Framework@0|fastran_000001@hcd_model@4|414)
2025-09-09 16:20:21,714 fastran_ic_hcd_model_4 DEBUG    _invoke_service(): update_state  (['s000001.00001', 'g000001.00001', 'i000001.00001', 'b000001.00001'], '/pscratch/sd/b/bassem/ips/tglf-ep_32_repeat/SCAN/work/fastran_ic_hcd_model_4', '/pscratch/sd/b/bassem/ips/tglf-ep_32_repeat/SCAN/work/plasma_state')
2025-09-09 16:20:21,714 fastran_ic_hcd_model_4 DEBUG    _get_service_response(REQUEST|fastran_000001@hcd_model@4|FRAMEWORK@Framework@0|35)
2025-09-09 16:20:21,736 fastran_ic_hcd_model_4 DEBUG    _get_service_response(REQUEST|fastran_000001@hcd_model@4|FRAMEWORK@Framework@0|35), response = ServiceResponseMessage(sender_id=FRAMEWORK@Framework@0, receiver_id=fastran_000001@hcd_model@4, request_msg_id=REQUEST|fastran_000001@hcd_model@4|FRAMEWORK@Framework@0|35,status=0, args=(0,), message_id=RESPONSE|FRAMEWORK@Framework@0|fastran_000001@hcd_model@4|415)
2025-09-09 16:20:21,736 fastran_ic_hcd_model_4 DEBUG    _invoke_service(): getTopic  ('_IPS_MONITOR',)
2025-09-09 16:20:21,736 fastran_ic_hcd_model_4 DEBUG    _get_service_response(REQUEST|fastran_000001@hcd_model@4|FRAMEWORK@Framework@0|36)
2025-09-09 16:20:21,747 fastran_ic_hcd_model_4 DEBUG    _get_service_response(REQUEST|fastran_000001@hcd_model@4|FRAMEWORK@Framework@0|36), response = ServiceResponseMessage(sender_id=FRAMEWORK@Framework@0, receiver_id=fastran_000001@hcd_model@4, request_msg_id=REQUEST|fastran_000001@hcd_model@4|FRAMEWORK@Framework@0|36,status=0, args=(<ipsframework.cca_es_spec.Topic object at 0x7f87c63ec100>,), message_id=RESPONSE|FRAMEWORK@Framework@0|fastran_000001@hcd_model@4|416)
2025-09-09 16:20:21,747 fastran_ic_hcd_model_4 DEBUG    _invoke_service(): sendEvent  ('_IPS_MONITOR', 'PORTAL_EVENT', {'sim_name': 'fastran_000001', 'real_sim_name': 'fastran_000001', 'portal_data': {'code': 'fastran_ic_hcd_model', 'eventtype': 'IPS_UPDATE_STATE', 'ok': True, 'walltime': '53.81', 'time': '2025-09-09|16:20:21PDT', 'trace': {'timestamp': 1757460021714402, 'duration': 22449, 'localEndpoint': {'serviceName': 'update_state'}, 'name': "['s000001.00001', 'g000001.00001', 'i000001.00001', 'b000001.00001']", 'id': '2fc1229e1e650f1c', 'parentId': 'fcf3d034b38b0037', 'tags': {}}, 'state': 'Running', 'comment': 'Elapsed time = 0.022   files = s000001.00001 g000001.00001 i000001.00001 b000001.00001 Success'}})
2025-09-09 16:20:21,747 fastran_ic_hcd_model_4 DEBUG    _get_service_response(REQUEST|fastran_000001@hcd_model@4|FRAMEWORK@Framework@0|37)
2025-09-09 16:20:21,758 fastran_ic_hcd_model_4 DEBUG    _get_service_response(REQUEST|fastran_000001@hcd_model@4|FRAMEWORK@Framework@0|37), response = ServiceResponseMessage(sender_id=FRAMEWORK@Framework@0, receiver_id=fastran_000001@hcd_model@4, request_msg_id=REQUEST|fastran_000001@hcd_model@4|FRAMEWORK@Framework@0|37,status=0, args=(None,), message_id=RESPONSE|FRAMEWORK@Framework@0|fastran_000001@hcd_model@4|418)
2025-09-09 16:20:21,758 fastran_ic_hcd_model_4 DEBUG    _invoke_service(): getTopic  ('_IPS_MONITOR',)
2025-09-09 16:20:21,758 fastran_ic_hcd_model_4 DEBUG    _get_service_response(REQUEST|fastran_000001@hcd_model@4|FRAMEWORK@Framework@0|38)
2025-09-09 16:20:21,768 fastran_ic_hcd_model_4 DEBUG    _get_service_response(REQUEST|fastran_000001@hcd_model@4|FRAMEWORK@Framework@0|38), response = ServiceResponseMessage(sender_id=FRAMEWORK@Framework@0, receiver_id=fastran_000001@hcd_model@4, request_msg_id=REQUEST|fastran_000001@hcd_model@4|FRAMEWORK@Framework@0|38,status=0, args=(<ipsframework.cca_es_spec.Topic object at 0x7f87c63ec430>,), message_id=RESPONSE|FRAMEWORK@Framework@0|fastran_000001@hcd_model@4|419)
2025-09-09 16:20:21,769 fastran_ic_hcd_model_4 DEBUG    _invoke_service(): sendEvent  ('_IPS_MONITOR', 'PORTAL_EVENT', {'sim_name': 'fastran_000001', 'real_sim_name': 'fastran_000001', 'portal_data': {'code': 'fastran_ic_hcd_model', 'eventtype': 'IPS_STAGE_OUTPUTS', 'ok': True, 'walltime': '53.83', 'time': '2025-09-09|16:20:21PDT', 'trace': {'timestamp': 1757460021758177, 'duration': 168, 'localEndpoint': {'serviceName': 'stage_output_files'}, 'name': '[]', 'id': 'ed019efe11be26d9', 'parentId': 'fcf3d034b38b0037', 'tags': {}}, 'state': 'Running', 'comment': 'Elapsed time = 0.000 Path = /pscratch/sd/b/bassem/ips/tglf-ep_32_repeat/SCAN/simulation_results/preprocess_3/components/fastran_ic_hcd_model_4 Files = []'}})
2025-09-09 16:20:21,769 fastran_ic_hcd_model_4 DEBUG    _get_service_response(REQUEST|fastran_000001@hcd_model@4|FRAMEWORK@Framework@0|39)
2025-09-09 16:20:21,779 fastran_ic_hcd_model_4 DEBUG    _get_service_response(REQUEST|fastran_000001@hcd_model@4|FRAMEWORK@Framework@0|39), response = ServiceResponseMessage(sender_id=FRAMEWORK@Framework@0, receiver_id=fastran_000001@hcd_model@4, request_msg_id=REQUEST|fastran_000001@hcd_model@4|FRAMEWORK@Framework@0|39,status=0, args=(None,), message_id=RESPONSE|FRAMEWORK@Framework@0|fastran_000001@hcd_model@4|420)
2025-09-09 16:20:21,790 fastran_driver_fastran_driver_2 DEBUG    _get_service_response(REQUEST|fastran_000001@fastran_driver@2|FRAMEWORK@Framework@0|150), response = ServiceResponseMessage(sender_id=FRAMEWORK@Framework@0, receiver_id=fastran_000001@fastran_driver@2, request_msg_id=REQUEST|fastran_000001@fastran_driver@2|FRAMEWORK@Framework@0|150,status=0, args=((None,),), message_id=RESPONSE|FRAMEWORK@Framework@0|fastran_000001@fastran_driver@2|421)
2025-09-09 16:20:21,790 fastran_driver_fastran_driver_2 DEBUG    _invoke_service(): getTopic  ('_IPS_MONITOR',)
2025-09-09 16:20:21,790 fastran_driver_fastran_driver_2 DEBUG    _get_service_response(REQUEST|fastran_000001@fastran_driver@2|FRAMEWORK@Framework@0|151)
2025-09-09 16:20:21,801 fastran_driver_fastran_driver_2 DEBUG    _get_service_response(REQUEST|fastran_000001@fastran_driver@2|FRAMEWORK@Framework@0|151), response = ServiceResponseMessage(sender_id=FRAMEWORK@Framework@0, receiver_id=fastran_000001@fastran_driver@2, request_msg_id=REQUEST|fastran_000001@fastran_driver@2|FRAMEWORK@Framework@0|151,status=0, args=(<ipsframework.cca_es_spec.Topic object at 0x7f87c63e01f0>,), message_id=RESPONSE|FRAMEWORK@Framework@0|fastran_000001@fastran_driver@2|422)
2025-09-09 16:20:21,801 fastran_driver_fastran_driver_2 DEBUG    _invoke_service(): sendEvent  ('_IPS_MONITOR', 'PORTAL_EVENT', {'sim_name': 'fastran_000001', 'real_sim_name': 'fastran_000001', 'portal_data': {'code': 'fastran_driver_fastran_driver', 'eventtype': 'IPS_CALL_END', 'ok': True, 'walltime': '53.87', 'time': '2025-09-09|16:20:21PDT', 'trace': {'timestamp': 1757460021541571, 'duration': 248822, 'localEndpoint': {'serviceName': 'fastran_000001@hcd_model@4'}, 'name': 'step(preprocess_3)', 'id': 'fcf3d034b38b0037', 'parentId': '15e0663de819b9fa', 'tags': {}}, 'state': 'Running', 'comment': 'Target = fastran_000001@hcd_model@4:step(preprocess_3)'}})
2025-09-09 16:20:21,801 fastran_driver_fastran_driver_2 DEBUG    _get_service_response(REQUEST|fastran_000001@fastran_driver@2|FRAMEWORK@Framework@0|152)
2025-09-09 16:20:21,812 fastran_driver_fastran_driver_2 DEBUG    _get_service_response(REQUEST|fastran_000001@fastran_driver@2|FRAMEWORK@Framework@0|152), response = ServiceResponseMessage(sender_id=FRAMEWORK@Framework@0, receiver_id=fastran_000001@fastran_driver@2, request_msg_id=REQUEST|fastran_000001@fastran_driver@2|FRAMEWORK@Framework@0|152,status=0, args=(None,), message_id=RESPONSE|FRAMEWORK@Framework@0|fastran_000001@fastran_driver@2|423)
2025-09-09 16:20:21,812 fastran_driver_fastran_driver_2 DEBUG    _invoke_service(): getTopic  ('_IPS_MONITOR',)
2025-09-09 16:20:21,812 fastran_driver_fastran_driver_2 DEBUG    _get_service_response(REQUEST|fastran_000001@fastran_driver@2|FRAMEWORK@Framework@0|153)
2025-09-09 16:20:21,823 fastran_driver_fastran_driver_2 DEBUG    _get_service_response(REQUEST|fastran_000001@fastran_driver@2|FRAMEWORK@Framework@0|153), response = ServiceResponseMessage(sender_id=FRAMEWORK@Framework@0, receiver_id=fastran_000001@fastran_driver@2, request_msg_id=REQUEST|fastran_000001@fastran_driver@2|FRAMEWORK@Framework@0|153,status=0, args=(<ipsframework.cca_es_spec.Topic object at 0x7f87c63e0160>,), message_id=RESPONSE|FRAMEWORK@Framework@0|fastran_000001@fastran_driver@2|424)
2025-09-09 16:20:21,823 fastran_driver_fastran_driver_2 DEBUG    _invoke_service(): sendEvent  ('_IPS_MONITOR', 'PORTAL_EVENT', {'sim_name': 'fastran_000001', 'real_sim_name': 'fastran_000001', 'portal_data': {'code': 'fastran_driver_fastran_driver', 'eventtype': 'IPS_CALL_BEGIN', 'ok': True, 'walltime': '53.89', 'time': '2025-09-09|16:20:21PDT', 'state': 'Running', 'comment': 'Target = fastran_000001@fastran@5:step(preprocess_3)'}})
2025-09-09 16:20:21,823 fastran_driver_fastran_driver_2 DEBUG    _get_service_response(REQUEST|fastran_000001@fastran_driver@2|FRAMEWORK@Framework@0|154)
2025-09-09 16:20:21,834 fastran_driver_fastran_driver_2 DEBUG    _get_service_response(REQUEST|fastran_000001@fastran_driver@2|FRAMEWORK@Framework@0|154), response = ServiceResponseMessage(sender_id=FRAMEWORK@Framework@0, receiver_id=fastran_000001@fastran_driver@2, request_msg_id=REQUEST|fastran_000001@fastran_driver@2|FRAMEWORK@Framework@0|154,status=0, args=(None,), message_id=RESPONSE|FRAMEWORK@Framework@0|fastran_000001@fastran_driver@2|425)
2025-09-09 16:20:21,834 fastran_driver_fastran_driver_2 DEBUG    _invoke_service(): init_call  ('step', 'preprocess_3')
2025-09-09 16:20:21,834 fastran_driver_fastran_driver_2 DEBUG    _get_service_response(REQUEST|fastran_000001@fastran_driver@2|FRAMEWORK@Framework@0|155)
2025-09-09 16:20:21,835 fastran_tr0_fastran_5 DEBUG    Received Message 
2025-09-09 16:20:21,835 fastran_tr0_fastran_5 DEBUG    Calling method step(preprocess_3)
2025-09-09 16:20:21,835 fastran_tr0_fastran_5 DEBUG    _invoke_service(): stage_state  (['s000001.00001', 'g000001.00001', 'i000001.00001', 'b000001.00001'], '/pscratch/sd/b/bassem/ips/tglf-ep_32_repeat/SCAN/work/plasma_state', '/pscratch/sd/b/bassem/ips/tglf-ep_32_repeat/SCAN/work/fastran_tr0_fastran_5')
2025-09-09 16:20:21,835 fastran_tr0_fastran_5 DEBUG    _get_service_response(REQUEST|fastran_000001@fastran@5|FRAMEWORK@Framework@0|48)
2025-09-09 16:20:21,845 fastran_driver_fastran_driver_2 DEBUG    _get_service_response(REQUEST|fastran_000001@fastran_driver@2|FRAMEWORK@Framework@0|155), response = ServiceResponseMessage(sender_id=FRAMEWORK@Framework@0, receiver_id=fastran_000001@fastran_driver@2, request_msg_id=REQUEST|fastran_000001@fastran_driver@2|FRAMEWORK@Framework@0|155,status=0, args=(31,), message_id=RESPONSE|FRAMEWORK@Framework@0|fastran_000001@fastran_driver@2|426)
2025-09-09 16:20:21,845 fastran_driver_fastran_driver_2 DEBUG    _invoke_service(): wait_call  (31, True)
2025-09-09 16:20:21,845 fastran_driver_fastran_driver_2 DEBUG    _get_service_response(REQUEST|fastran_000001@fastran_driver@2|FRAMEWORK@Framework@0|156)
2025-09-09 16:20:21,858 fastran_tr0_fastran_5 DEBUG    _get_service_response(REQUEST|fastran_000001@fastran@5|FRAMEWORK@Framework@0|48), response = ServiceResponseMessage(sender_id=FRAMEWORK@Framework@0, receiver_id=fastran_000001@fastran@5, request_msg_id=REQUEST|fastran_000001@fastran@5|FRAMEWORK@Framework@0|48,status=0, args=(0,), message_id=RESPONSE|FRAMEWORK@Framework@0|fastran_000001@fastran@5|427)
2025-09-09 16:20:21,858 fastran_tr0_fastran_5 DEBUG    _invoke_service(): getTopic  ('_IPS_MONITOR',)
2025-09-09 16:20:21,858 fastran_tr0_fastran_5 DEBUG    _get_service_response(REQUEST|fastran_000001@fastran@5|FRAMEWORK@Framework@0|49)
2025-09-09 16:20:21,869 fastran_tr0_fastran_5 DEBUG    _get_service_response(REQUEST|fastran_000001@fastran@5|FRAMEWORK@Framework@0|49), response = ServiceResponseMessage(sender_id=FRAMEWORK@Framework@0, receiver_id=fastran_000001@fastran@5, request_msg_id=REQUEST|fastran_000001@fastran@5|FRAMEWORK@Framework@0|49,status=0, args=(<ipsframework.cca_es_spec.Topic object at 0x7f87c64132e0>,), message_id=RESPONSE|FRAMEWORK@Framework@0|fastran_000001@fastran@5|428)
2025-09-09 16:20:21,869 fastran_tr0_fastran_5 DEBUG    _invoke_service(): sendEvent  ('_IPS_MONITOR', 'PORTAL_EVENT', {'sim_name': 'fastran_000001', 'real_sim_name': 'fastran_000001', 'portal_data': {'code': 'fastran_tr0_fastran', 'eventtype': 'IPS_STAGE_STATE', 'ok': True, 'walltime': '53.93', 'time': '2025-09-09|16:20:21PDT', 'trace': {'timestamp': 1757460021835430, 'duration': 23136, 'localEndpoint': {'serviceName': 'stage_state'}, 'name': "['s000001.00001', 'g000001.00001', 'i000001.00001', 'b000001.00001']", 'id': 'ff3119918b5e7670', 'parentId': '77865135e95ab9e8', 'tags': {}}, 'state': 'Running', 'comment': 'Elapsed time = 0.023  files = s000001.00001 g000001.00001 i000001.00001 b000001.00001 Success'}})
2025-09-09 16:20:21,869 fastran_tr0_fastran_5 DEBUG    _get_service_response(REQUEST|fastran_000001@fastran@5|FRAMEWORK@Framework@0|50)
2025-09-09 16:20:21,880 fastran_tr0_fastran_5 DEBUG    _get_service_response(REQUEST|fastran_000001@fastran@5|FRAMEWORK@Framework@0|50), response = ServiceResponseMessage(sender_id=FRAMEWORK@Framework@0, receiver_id=fastran_000001@fastran@5, request_msg_id=REQUEST|fastran_000001@fastran@5|FRAMEWORK@Framework@0|50,status=0, args=(None,), message_id=RESPONSE|FRAMEWORK@Framework@0|fastran_000001@fastran@5|429)
2025-09-09 16:20:21,890 fastran_tr0_fastran_5 DEBUG    _invoke_service(): getTopic  ('_IPS_MONITOR',)
2025-09-09 16:20:21,890 fastran_tr0_fastran_5 DEBUG    _get_service_response(REQUEST|fastran_000001@fastran@5|FRAMEWORK@Framework@0|51)
2025-09-09 16:20:21,900 fastran_tr0_fastran_5 DEBUG    _get_service_response(REQUEST|fastran_000001@fastran@5|FRAMEWORK@Framework@0|51), response = ServiceResponseMessage(sender_id=FRAMEWORK@Framework@0, receiver_id=fastran_000001@fastran@5, request_msg_id=REQUEST|fastran_000001@fastran@5|FRAMEWORK@Framework@0|51,status=0, args=(<ipsframework.cca_es_spec.Topic object at 0x7f87c64138b0>,), message_id=RESPONSE|FRAMEWORK@Framework@0|fastran_000001@fastran@5|430)
2025-09-09 16:20:21,900 fastran_tr0_fastran_5 DEBUG    _invoke_service(): sendEvent  ('_IPS_MONITOR', 'PORTAL_EVENT', {'sim_name': 'fastran_000001', 'real_sim_name': 'fastran_000001', 'portal_data': {'code': 'fastran_tr0_fastran', 'eventtype': 'IPS_STAGE_INPUTS', 'ok': True, 'walltime': '53.97', 'time': '2025-09-09|16:20:21PDT', 'trace': {'timestamp': 1757460021880928, 'duration': 9029, 'localEndpoint': {'serviceName': 'stage_input_files'}, 'name': 'infastran0 intglf', 'id': 'dca1af508bf5af99', 'parentId': '77865135e95ab9e8', 'tags': {}}, 'state': 'Running', 'comment': 'Elapsed time = 0.009 Path = /pscratch/sd/b/bassem/ips/tglf-ep_32_repeat/input Files = infastran0 intglf'}})
2025-09-09 16:20:21,900 fastran_tr0_fastran_5 DEBUG    _get_service_response(REQUEST|fastran_000001@fastran@5|FRAMEWORK@Framework@0|52)
2025-09-09 16:20:21,911 fastran_tr0_fastran_5 DEBUG    _get_service_response(REQUEST|fastran_000001@fastran@5|FRAMEWORK@Framework@0|52), response = ServiceResponseMessage(sender_id=FRAMEWORK@Framework@0, receiver_id=fastran_000001@fastran@5, request_msg_id=REQUEST|fastran_000001@fastran@5|FRAMEWORK@Framework@0|52,status=0, args=(None,), message_id=RESPONSE|FRAMEWORK@Framework@0|fastran_000001@fastran@5|431)
2025-09-09 16:20:22,042 fastran_tr0_fastran_5 DEBUG    _invoke_service(): init_task  (TaskInit(nproc=1, binary='/global/common/software/atom/perlmutter/binaries/fastran/default/xfastran_ver1.00_ser', working_dir='/pscratch/sd/b/bassem/ips/tglf-ep_32_repeat/SCAN/work/fastran_tr0_fastran_5', tppn=0, tcpp=0, tgpp=0, block=True, omp=False, wnodes=True, wsocks=True, cmd_args=('1', '1')),)
2025-09-09 16:20:22,042 fastran_tr0_fastran_5 DEBUG    _get_service_response(REQUEST|fastran_000001@fastran@5|FRAMEWORK@Framework@0|53)
2025-09-09 16:20:22,053 fastran_tr0_fastran_5 DEBUG    _get_service_response(REQUEST|fastran_000001@fastran@5|FRAMEWORK@Framework@0|53), response = ServiceResponseMessage(sender_id=FRAMEWORK@Framework@0, receiver_id=fastran_000001@fastran@5, request_msg_id=REQUEST|fastran_000001@fastran@5|FRAMEWORK@Framework@0|53,status=0, args=((5, 'srun -N 1 -n 1 -c 128 --threads-per-core=1 --cpu-bind=cores /global/common/software/atom/perlmutter/binaries/fastran/default/xfastran_ver1.00_ser 1 1', None, 128),), message_id=RESPONSE|FRAMEWORK@Framework@0|fastran_000001@fastran@5|432)
2025-09-09 16:20:22,054 fastran_tr0_fastran_5 DEBUG    Launching command : srun -N 1 -n 1 -c 128 --threads-per-core=1 --cpu-bind=cores /global/common/software/atom/perlmutter/binaries/fastran/default/xfastran_ver1.00_ser 1 1
2025-09-09 16:20:22,072 fastran_tr0_fastran_5 DEBUG    _invoke_service(): getTopic  ('_IPS_MONITOR',)
2025-09-09 16:20:22,073 fastran_tr0_fastran_5 DEBUG    _get_service_response(REQUEST|fastran_000001@fastran@5|FRAMEWORK@Framework@0|54)
2025-09-09 16:20:22,084 fastran_tr0_fastran_5 DEBUG    _get_service_response(REQUEST|fastran_000001@fastran@5|FRAMEWORK@Framework@0|54), response = ServiceResponseMessage(sender_id=FRAMEWORK@Framework@0, receiver_id=fastran_000001@fastran@5, request_msg_id=REQUEST|fastran_000001@fastran@5|FRAMEWORK@Framework@0|54,status=0, args=(<ipsframework.cca_es_spec.Topic object at 0x7f87c63bc370>,), message_id=RESPONSE|FRAMEWORK@Framework@0|fastran_000001@fastran@5|433)
2025-09-09 16:20:22,084 fastran_tr0_fastran_5 DEBUG    _invoke_service(): sendEvent  ('_IPS_MONITOR', 'PORTAL_EVENT', {'sim_name': 'fastran_000001', 'real_sim_name': 'fastran_000001', 'portal_data': {'code': 'fastran_tr0_fastran', 'eventtype': 'IPS_LAUNCH_TASK', 'ok': True, 'walltime': '54.15', 'time': '2025-09-09|16:20:22PDT', 'state': 'Running', 'comment': 'task_id = 5 , Tag = None , nproc = 1 , Target = srun -N 1 -n 1 -c 128 --threads-per-core=1 --cpu-bind=cores /global/common/software/atom/perlmutter/binaries/fastran/default/xfastran_ver1.00_ser 1 1'}})
2025-09-09 16:20:22,084 fastran_tr0_fastran_5 DEBUG    _get_service_response(REQUEST|fastran_000001@fastran@5|FRAMEWORK@Framework@0|55)
2025-09-09 16:20:22,095 fastran_tr0_fastran_5 DEBUG    _get_service_response(REQUEST|fastran_000001@fastran@5|FRAMEWORK@Framework@0|55), response = ServiceResponseMessage(sender_id=FRAMEWORK@Framework@0, receiver_id=fastran_000001@fastran@5, request_msg_id=REQUEST|fastran_000001@fastran@5|FRAMEWORK@Framework@0|55,status=0, args=(None,), message_id=RESPONSE|FRAMEWORK@Framework@0|fastran_000001@fastran@5|434)
2025-09-09 16:20:22,582 fastran_tr0_fastran_5 DEBUG    _invoke_service(): getTopic  ('_IPS_MONITOR',)
2025-09-09 16:20:22,583 fastran_tr0_fastran_5 DEBUG    _get_service_response(REQUEST|fastran_000001@fastran@5|FRAMEWORK@Framework@0|56)
2025-09-09 16:20:22,593 fastran_tr0_fastran_5 DEBUG    _get_service_response(REQUEST|fastran_000001@fastran@5|FRAMEWORK@Framework@0|56), response = ServiceResponseMessage(sender_id=FRAMEWORK@Framework@0, receiver_id=fastran_000001@fastran@5, request_msg_id=REQUEST|fastran_000001@fastran@5|FRAMEWORK@Framework@0|56,status=0, args=(<ipsframework.cca_es_spec.Topic object at 0x7f87c63bc250>,), message_id=RESPONSE|FRAMEWORK@Framework@0|fastran_000001@fastran@5|436)
2025-09-09 16:20:22,594 fastran_tr0_fastran_5 DEBUG    _invoke_service(): sendEvent  ('_IPS_MONITOR', 'PORTAL_EVENT', {'sim_name': 'fastran_000001', 'real_sim_name': 'fastran_000001', 'portal_data': {'code': 'fastran_tr0_fastran', 'eventtype': 'IPS_TASK_END', 'ok': True, 'walltime': '54.66', 'time': '2025-09-09|16:20:22PDT', 'trace': {'timestamp': 1757460022072618, 'duration': 510028, 'localEndpoint': {'serviceName': '/global/common/software/atom/perlmutter/binaries/fastran/default/xfastran_ver1.00_ser'}, 'name': '1 1', 'id': 'b306097b51b8e13a', 'parentId': '77865135e95ab9e8', 'tags': {'procs_requested': '1', 'cores_allocated': '128'}}, 'state': 'Running', 'comment': 'task_id = 5  elapsed time = 0.51 S'}})
2025-09-09 16:20:22,594 fastran_tr0_fastran_5 DEBUG    _get_service_response(REQUEST|fastran_000001@fastran@5|FRAMEWORK@Framework@0|57)
2025-09-09 16:20:22,605 fastran_tr0_fastran_5 DEBUG    _get_service_response(REQUEST|fastran_000001@fastran@5|FRAMEWORK@Framework@0|57), response = ServiceResponseMessage(sender_id=FRAMEWORK@Framework@0, receiver_id=fastran_000001@fastran@5, request_msg_id=REQUEST|fastran_000001@fastran@5|FRAMEWORK@Framework@0|57,status=0, args=(None,), message_id=RESPONSE|FRAMEWORK@Framework@0|fastran_000001@fastran@5|437)
2025-09-09 16:20:22,605 fastran_tr0_fastran_5 DEBUG    _invoke_service(): finish_task  (5, 0)
2025-09-09 16:20:22,605 fastran_tr0_fastran_5 DEBUG    _get_service_response(REQUEST|fastran_000001@fastran@5|FRAMEWORK@Framework@0|58)
2025-09-09 16:20:22,616 fastran_tr0_fastran_5 DEBUG    _get_service_response(REQUEST|fastran_000001@fastran@5|FRAMEWORK@Framework@0|58), response = ServiceResponseMessage(sender_id=FRAMEWORK@Framework@0, receiver_id=fastran_000001@fastran@5, request_msg_id=REQUEST|fastran_000001@fastran@5|FRAMEWORK@Framework@0|58,status=0, args=(0,), message_id=RESPONSE|FRAMEWORK@Framework@0|fastran_000001@fastran@5|438)
2025-09-09 16:20:22,799 fastran_tr0_fastran_5 DEBUG    _invoke_service(): update_state  (['s000001.00001', 'g000001.00001', 'i000001.00001', 'b000001.00001'], '/pscratch/sd/b/bassem/ips/tglf-ep_32_repeat/SCAN/work/fastran_tr0_fastran_5', '/pscratch/sd/b/bassem/ips/tglf-ep_32_repeat/SCAN/work/plasma_state')
2025-09-09 16:20:22,800 fastran_tr0_fastran_5 DEBUG    _get_service_response(REQUEST|fastran_000001@fastran@5|FRAMEWORK@Framework@0|59)
2025-09-09 16:20:22,823 fastran_tr0_fastran_5 DEBUG    _get_service_response(REQUEST|fastran_000001@fastran@5|FRAMEWORK@Framework@0|59), response = ServiceResponseMessage(sender_id=FRAMEWORK@Framework@0, receiver_id=fastran_000001@fastran@5, request_msg_id=REQUEST|fastran_000001@fastran@5|FRAMEWORK@Framework@0|59,status=0, args=(0,), message_id=RESPONSE|FRAMEWORK@Framework@0|fastran_000001@fastran@5|440)
2025-09-09 16:20:22,824 fastran_tr0_fastran_5 DEBUG    _invoke_service(): getTopic  ('_IPS_MONITOR',)
2025-09-09 16:20:22,824 fastran_tr0_fastran_5 DEBUG    _get_service_response(REQUEST|fastran_000001@fastran@5|FRAMEWORK@Framework@0|60)
2025-09-09 16:20:22,835 fastran_tr0_fastran_5 DEBUG    _get_service_response(REQUEST|fastran_000001@fastran@5|FRAMEWORK@Framework@0|60), response = ServiceResponseMessage(sender_id=FRAMEWORK@Framework@0, receiver_id=fastran_000001@fastran@5, request_msg_id=REQUEST|fastran_000001@fastran@5|FRAMEWORK@Framework@0|60,status=0, args=(<ipsframework.cca_es_spec.Topic object at 0x7f87c63bca30>,), message_id=RESPONSE|FRAMEWORK@Framework@0|fastran_000001@fastran@5|441)
2025-09-09 16:20:22,835 fastran_tr0_fastran_5 DEBUG    _invoke_service(): sendEvent  ('_IPS_MONITOR', 'PORTAL_EVENT', {'sim_name': 'fastran_000001', 'real_sim_name': 'fastran_000001', 'portal_data': {'code': 'fastran_tr0_fastran', 'eventtype': 'IPS_UPDATE_STATE', 'ok': True, 'walltime': '54.90', 'time': '2025-09-09|16:20:22PDT', 'trace': {'timestamp': 1757460022798886, 'duration': 25068, 'localEndpoint': {'serviceName': 'update_state'}, 'name': "['s000001.00001', 'g000001.00001', 'i000001.00001', 'b000001.00001']", 'id': '2fc1229e1e650f1c', 'parentId': '77865135e95ab9e8', 'tags': {}}, 'state': 'Running', 'comment': 'Elapsed time = 0.025   files = s000001.00001 g000001.00001 i000001.00001 b000001.00001 Success'}})
2025-09-09 16:20:22,835 fastran_tr0_fastran_5 DEBUG    _get_service_response(REQUEST|fastran_000001@fastran@5|FRAMEWORK@Framework@0|61)
2025-09-09 16:20:22,846 fastran_tr0_fastran_5 DEBUG    _get_service_response(REQUEST|fastran_000001@fastran@5|FRAMEWORK@Framework@0|61), response = ServiceResponseMessage(sender_id=FRAMEWORK@Framework@0, receiver_id=fastran_000001@fastran@5, request_msg_id=REQUEST|fastran_000001@fastran@5|FRAMEWORK@Framework@0|61,status=0, args=(None,), message_id=RESPONSE|FRAMEWORK@Framework@0|fastran_000001@fastran@5|442)
2025-09-09 16:20:22,867 fastran_tr0_fastran_5 DEBUG    _invoke_service(): getTopic  ('_IPS_MONITOR',)
2025-09-09 16:20:22,867 fastran_tr0_fastran_5 DEBUG    _get_service_response(REQUEST|fastran_000001@fastran@5|FRAMEWORK@Framework@0|62)
2025-09-09 16:20:22,878 fastran_tr0_fastran_5 DEBUG    _get_service_response(REQUEST|fastran_000001@fastran@5|FRAMEWORK@Framework@0|62), response = ServiceResponseMessage(sender_id=FRAMEWORK@Framework@0, receiver_id=fastran_000001@fastran@5, request_msg_id=REQUEST|fastran_000001@fastran@5|FRAMEWORK@Framework@0|62,status=0, args=(<ipsframework.cca_es_spec.Topic object at 0x7f87c63bcac0>,), message_id=RESPONSE|FRAMEWORK@Framework@0|fastran_000001@fastran@5|443)
2025-09-09 16:20:22,878 fastran_tr0_fastran_5 DEBUG    _invoke_service(): sendEvent  ('_IPS_MONITOR', 'PORTAL_EVENT', {'sim_name': 'fastran_000001', 'real_sim_name': 'fastran_000001', 'portal_data': {'code': 'fastran_tr0_fastran', 'eventtype': 'IPS_STAGE_OUTPUTS', 'ok': True, 'walltime': '54.94', 'time': '2025-09-09|16:20:22PDT', 'trace': {'timestamp': 1757460022846487, 'duration': 21055, 'localEndpoint': {'serviceName': 'stage_output_files'}, 'name': "['fastran.nc', 'inprof', 'inmetric', 'infastran', 'intglf', 'xfastran.log', 'i000001.00001']", 'id': '7349cfaaafc33980', 'parentId': '77865135e95ab9e8', 'tags': {}}, 'state': 'Running', 'comment': "Elapsed time = 0.021 Path = /pscratch/sd/b/bassem/ips/tglf-ep_32_repeat/SCAN/simulation_results/preprocess_3/components/fastran_tr0_fastran_5 Files = ['fastran.nc', 'inprof', 'inmetric', 'infastran', 'intglf', 'xfastran.log', 'i000001.00001']"}})
2025-09-09 16:20:22,878 fastran_tr0_fastran_5 DEBUG    _get_service_response(REQUEST|fastran_000001@fastran@5|FRAMEWORK@Framework@0|63)
2025-09-09 16:20:22,888 fastran_tr0_fastran_5 DEBUG    _get_service_response(REQUEST|fastran_000001@fastran@5|FRAMEWORK@Framework@0|63), response = ServiceResponseMessage(sender_id=FRAMEWORK@Framework@0, receiver_id=fastran_000001@fastran@5, request_msg_id=REQUEST|fastran_000001@fastran@5|FRAMEWORK@Framework@0|63,status=0, args=(None,), message_id=RESPONSE|FRAMEWORK@Framework@0|fastran_000001@fastran@5|444)
2025-09-09 16:20:22,899 fastran_driver_fastran_driver_2 DEBUG    _get_service_response(REQUEST|fastran_000001@fastran_driver@2|FRAMEWORK@Framework@0|156), response = ServiceResponseMessage(sender_id=FRAMEWORK@Framework@0, receiver_id=fastran_000001@fastran_driver@2, request_msg_id=REQUEST|fastran_000001@fastran_driver@2|FRAMEWORK@Framework@0|156,status=0, args=((None,),), message_id=RESPONSE|FRAMEWORK@Framework@0|fastran_000001@fastran_driver@2|445)
2025-09-09 16:20:22,899 fastran_driver_fastran_driver_2 DEBUG    _invoke_service(): getTopic  ('_IPS_MONITOR',)
2025-09-09 16:20:22,899 fastran_driver_fastran_driver_2 DEBUG    _get_service_response(REQUEST|fastran_000001@fastran_driver@2|FRAMEWORK@Framework@0|157)
2025-09-09 16:20:22,910 fastran_driver_fastran_driver_2 DEBUG    _get_service_response(REQUEST|fastran_000001@fastran_driver@2|FRAMEWORK@Framework@0|157), response = ServiceResponseMessage(sender_id=FRAMEWORK@Framework@0, receiver_id=fastran_000001@fastran_driver@2, request_msg_id=REQUEST|fastran_000001@fastran_driver@2|FRAMEWORK@Framework@0|157,status=0, args=(<ipsframework.cca_es_spec.Topic object at 0x7f87c63e01f0>,), message_id=RESPONSE|FRAMEWORK@Framework@0|fastran_000001@fastran_driver@2|446)
2025-09-09 16:20:22,910 fastran_driver_fastran_driver_2 DEBUG    _invoke_service(): sendEvent  ('_IPS_MONITOR', 'PORTAL_EVENT', {'sim_name': 'fastran_000001', 'real_sim_name': 'fastran_000001', 'portal_data': {'code': 'fastran_driver_fastran_driver', 'eventtype': 'IPS_CALL_END', 'ok': True, 'walltime': '54.98', 'time': '2025-09-09|16:20:22PDT', 'trace': {'timestamp': 1757460021845241, 'duration': 1054531, 'localEndpoint': {'serviceName': 'fastran_000001@fastran@5'}, 'name': 'step(preprocess_3)', 'id': '77865135e95ab9e8', 'parentId': '15e0663de819b9fa', 'tags': {}}, 'state': 'Running', 'comment': 'Target = fastran_000001@fastran@5:step(preprocess_3)'}})
2025-09-09 16:20:22,910 fastran_driver_fastran_driver_2 DEBUG    _get_service_response(REQUEST|fastran_000001@fastran_driver@2|FRAMEWORK@Framework@0|158)
2025-09-09 16:20:22,921 fastran_driver_fastran_driver_2 DEBUG    _get_service_response(REQUEST|fastran_000001@fastran_driver@2|FRAMEWORK@Framework@0|158), response = ServiceResponseMessage(sender_id=FRAMEWORK@Framework@0, receiver_id=fastran_000001@fastran_driver@2, request_msg_id=REQUEST|fastran_000001@fastran_driver@2|FRAMEWORK@Framework@0|158,status=0, args=(None,), message_id=RESPONSE|FRAMEWORK@Framework@0|fastran_000001@fastran_driver@2|447)
2025-09-09 16:20:22,921 fastran_driver_fastran_driver_2 DEBUG    _invoke_service(): getTopic  ('_IPS_MONITOR',)
2025-09-09 16:20:22,921 fastran_driver_fastran_driver_2 DEBUG    _get_service_response(REQUEST|fastran_000001@fastran_driver@2|FRAMEWORK@Framework@0|159)
2025-09-09 16:20:22,932 fastran_driver_fastran_driver_2 DEBUG    _get_service_response(REQUEST|fastran_000001@fastran_driver@2|FRAMEWORK@Framework@0|159), response = ServiceResponseMessage(sender_id=FRAMEWORK@Framework@0, receiver_id=fastran_000001@fastran_driver@2, request_msg_id=REQUEST|fastran_000001@fastran_driver@2|FRAMEWORK@Framework@0|159,status=0, args=(<ipsframework.cca_es_spec.Topic object at 0x7f87c63e0130>,), message_id=RESPONSE|FRAMEWORK@Framework@0|fastran_000001@fastran_driver@2|448)
2025-09-09 16:20:22,932 fastran_driver_fastran_driver_2 DEBUG    _invoke_service(): sendEvent  ('_IPS_MONITOR', 'PORTAL_EVENT', {'sim_name': 'fastran_000001', 'real_sim_name': 'fastran_000001', 'portal_data': {'code': 'fastran_driver_fastran_driver', 'eventtype': 'IPS_CALL_BEGIN', 'ok': True, 'walltime': '55.00', 'time': '2025-09-09|16:20:22PDT', 'state': 'Running', 'comment': 'Target = fastran_000001@modeleq_constraint@6:step(preprocess_3)'}})
2025-09-09 16:20:22,932 fastran_driver_fastran_driver_2 DEBUG    _get_service_response(REQUEST|fastran_000001@fastran_driver@2|FRAMEWORK@Framework@0|160)
2025-09-09 16:20:22,943 fastran_driver_fastran_driver_2 DEBUG    _get_service_response(REQUEST|fastran_000001@fastran_driver@2|FRAMEWORK@Framework@0|160), response = ServiceResponseMessage(sender_id=FRAMEWORK@Framework@0, receiver_id=fastran_000001@fastran_driver@2, request_msg_id=REQUEST|fastran_000001@fastran_driver@2|FRAMEWORK@Framework@0|160,status=0, args=(None,), message_id=RESPONSE|FRAMEWORK@Framework@0|fastran_000001@fastran_driver@2|449)
2025-09-09 16:20:22,943 fastran_driver_fastran_driver_2 DEBUG    _invoke_service(): init_call  ('step', 'preprocess_3')
2025-09-09 16:20:22,943 fastran_driver_fastran_driver_2 DEBUG    _get_service_response(REQUEST|fastran_000001@fastran_driver@2|FRAMEWORK@Framework@0|161)
2025-09-09 16:20:22,944 fastran__modeleq_constraint_6 DEBUG    Received Message 
2025-09-09 16:20:22,944 fastran__modeleq_constraint_6 DEBUG    Calling method step(preprocess_3)
2025-09-09 16:20:22,944 fastran__modeleq_constraint_6 DEBUG    _invoke_service(): stage_state  (['s000001.00001', 'g000001.00001', 'i000001.00001', 'b000001.00001'], '/pscratch/sd/b/bassem/ips/tglf-ep_32_repeat/SCAN/work/plasma_state', '/pscratch/sd/b/bassem/ips/tglf-ep_32_repeat/SCAN/work/fastran__modeleq_constraint_6')
2025-09-09 16:20:22,944 fastran__modeleq_constraint_6 DEBUG    _get_service_response(REQUEST|fastran_000001@modeleq_constraint@6|FRAMEWORK@Framework@0|24)
2025-09-09 16:20:22,954 fastran_driver_fastran_driver_2 DEBUG    _get_service_response(REQUEST|fastran_000001@fastran_driver@2|FRAMEWORK@Framework@0|161), response = ServiceResponseMessage(sender_id=FRAMEWORK@Framework@0, receiver_id=fastran_000001@fastran_driver@2, request_msg_id=REQUEST|fastran_000001@fastran_driver@2|FRAMEWORK@Framework@0|161,status=0, args=(32,), message_id=RESPONSE|FRAMEWORK@Framework@0|fastran_000001@fastran_driver@2|450)
2025-09-09 16:20:22,954 fastran_driver_fastran_driver_2 DEBUG    _invoke_service(): wait_call  (32, True)
2025-09-09 16:20:22,954 fastran_driver_fastran_driver_2 DEBUG    _get_service_response(REQUEST|fastran_000001@fastran_driver@2|FRAMEWORK@Framework@0|162)
2025-09-09 16:20:22,967 fastran__modeleq_constraint_6 DEBUG    _get_service_response(REQUEST|fastran_000001@modeleq_constraint@6|FRAMEWORK@Framework@0|24), response = ServiceResponseMessage(sender_id=FRAMEWORK@Framework@0, receiver_id=fastran_000001@modeleq_constraint@6, request_msg_id=REQUEST|fastran_000001@modeleq_constraint@6|FRAMEWORK@Framework@0|24,status=0, args=(0,), message_id=RESPONSE|FRAMEWORK@Framework@0|fastran_000001@modeleq_constraint@6|451)
2025-09-09 16:20:22,967 fastran__modeleq_constraint_6 DEBUG    _invoke_service(): getTopic  ('_IPS_MONITOR',)
2025-09-09 16:20:22,967 fastran__modeleq_constraint_6 DEBUG    _get_service_response(REQUEST|fastran_000001@modeleq_constraint@6|FRAMEWORK@Framework@0|25)
2025-09-09 16:20:22,978 fastran__modeleq_constraint_6 DEBUG    _get_service_response(REQUEST|fastran_000001@modeleq_constraint@6|FRAMEWORK@Framework@0|25), response = ServiceResponseMessage(sender_id=FRAMEWORK@Framework@0, receiver_id=fastran_000001@modeleq_constraint@6, request_msg_id=REQUEST|fastran_000001@modeleq_constraint@6|FRAMEWORK@Framework@0|25,status=0, args=(<ipsframework.cca_es_spec.Topic object at 0x7f87c63feaf0>,), message_id=RESPONSE|FRAMEWORK@Framework@0|fastran_000001@modeleq_constraint@6|452)
2025-09-09 16:20:22,978 fastran__modeleq_constraint_6 DEBUG    _invoke_service(): sendEvent  ('_IPS_MONITOR', 'PORTAL_EVENT', {'sim_name': 'fastran_000001', 'real_sim_name': 'fastran_000001', 'portal_data': {'code': 'fastran__modeleq_constraint', 'eventtype': 'IPS_STAGE_STATE', 'ok': True, 'walltime': '55.04', 'time': '2025-09-09|16:20:22PDT', 'trace': {'timestamp': 1757460022944507, 'duration': 23104, 'localEndpoint': {'serviceName': 'stage_state'}, 'name': "['s000001.00001', 'g000001.00001', 'i000001.00001', 'b000001.00001']", 'id': 'ff3119918b5e7670', 'parentId': 'ebca0d662269c66c', 'tags': {}}, 'state': 'Running', 'comment': 'Elapsed time = 0.023  files = s000001.00001 g000001.00001 i000001.00001 b000001.00001 Success'}})
2025-09-09 16:20:22,978 fastran__modeleq_constraint_6 DEBUG    _get_service_response(REQUEST|fastran_000001@modeleq_constraint@6|FRAMEWORK@Framework@0|26)
2025-09-09 16:20:22,989 fastran__modeleq_constraint_6 DEBUG    _get_service_response(REQUEST|fastran_000001@modeleq_constraint@6|FRAMEWORK@Framework@0|26), response = ServiceResponseMessage(sender_id=FRAMEWORK@Framework@0, receiver_id=fastran_000001@modeleq_constraint@6, request_msg_id=REQUEST|fastran_000001@modeleq_constraint@6|FRAMEWORK@Framework@0|26,status=0, args=(None,), message_id=RESPONSE|FRAMEWORK@Framework@0|fastran_000001@modeleq_constraint@6|453)
2025-09-09 16:20:24,051 fastran__modeleq_constraint_6 DEBUG    _invoke_service(): update_state  (['s000001.00001', 'g000001.00001', 'i000001.00001', 'b000001.00001'], '/pscratch/sd/b/bassem/ips/tglf-ep_32_repeat/SCAN/work/fastran__modeleq_constraint_6', '/pscratch/sd/b/bassem/ips/tglf-ep_32_repeat/SCAN/work/plasma_state')
2025-09-09 16:20:24,051 fastran__modeleq_constraint_6 DEBUG    _get_service_response(REQUEST|fastran_000001@modeleq_constraint@6|FRAMEWORK@Framework@0|27)
2025-09-09 16:20:24,073 fastran__modeleq_constraint_6 DEBUG    _get_service_response(REQUEST|fastran_000001@modeleq_constraint@6|FRAMEWORK@Framework@0|27), response = ServiceResponseMessage(sender_id=FRAMEWORK@Framework@0, receiver_id=fastran_000001@modeleq_constraint@6, request_msg_id=REQUEST|fastran_000001@modeleq_constraint@6|FRAMEWORK@Framework@0|27,status=0, args=(0,), message_id=RESPONSE|FRAMEWORK@Framework@0|fastran_000001@modeleq_constraint@6|456)
2025-09-09 16:20:24,073 fastran__modeleq_constraint_6 DEBUG    _invoke_service(): getTopic  ('_IPS_MONITOR',)
2025-09-09 16:20:24,074 fastran__modeleq_constraint_6 DEBUG    _get_service_response(REQUEST|fastran_000001@modeleq_constraint@6|FRAMEWORK@Framework@0|28)
2025-09-09 16:20:24,084 fastran__modeleq_constraint_6 DEBUG    _get_service_response(REQUEST|fastran_000001@modeleq_constraint@6|FRAMEWORK@Framework@0|28), response = ServiceResponseMessage(sender_id=FRAMEWORK@Framework@0, receiver_id=fastran_000001@modeleq_constraint@6, request_msg_id=REQUEST|fastran_000001@modeleq_constraint@6|FRAMEWORK@Framework@0|28,status=0, args=(<ipsframework.cca_es_spec.Topic object at 0x7f87c63a3700>,), message_id=RESPONSE|FRAMEWORK@Framework@0|fastran_000001@modeleq_constraint@6|457)
2025-09-09 16:20:24,084 fastran__modeleq_constraint_6 DEBUG    _invoke_service(): sendEvent  ('_IPS_MONITOR', 'PORTAL_EVENT', {'sim_name': 'fastran_000001', 'real_sim_name': 'fastran_000001', 'portal_data': {'code': 'fastran__modeleq_constraint', 'eventtype': 'IPS_UPDATE_STATE', 'ok': True, 'walltime': '56.15', 'time': '2025-09-09|16:20:24PDT', 'trace': {'timestamp': 1757460024050987, 'duration': 22840, 'localEndpoint': {'serviceName': 'update_state'}, 'name': "['s000001.00001', 'g000001.00001', 'i000001.00001', 'b000001.00001']", 'id': '2fc1229e1e650f1c', 'parentId': 'ebca0d662269c66c', 'tags': {}}, 'state': 'Running', 'comment': 'Elapsed time = 0.023   files = s000001.00001 g000001.00001 i000001.00001 b000001.00001 Success'}})
2025-09-09 16:20:24,084 fastran__modeleq_constraint_6 DEBUG    _get_service_response(REQUEST|fastran_000001@modeleq_constraint@6|FRAMEWORK@Framework@0|29)
2025-09-09 16:20:24,095 fastran__modeleq_constraint_6 DEBUG    _get_service_response(REQUEST|fastran_000001@modeleq_constraint@6|FRAMEWORK@Framework@0|29), response = ServiceResponseMessage(sender_id=FRAMEWORK@Framework@0, receiver_id=fastran_000001@modeleq_constraint@6, request_msg_id=REQUEST|fastran_000001@modeleq_constraint@6|FRAMEWORK@Framework@0|29,status=0, args=(None,), message_id=RESPONSE|FRAMEWORK@Framework@0|fastran_000001@modeleq_constraint@6|458)
2025-09-09 16:20:24,095 fastran__modeleq_constraint_6 DEBUG    _invoke_service(): getTopic  ('_IPS_MONITOR',)
2025-09-09 16:20:24,095 fastran__modeleq_constraint_6 DEBUG    _get_service_response(REQUEST|fastran_000001@modeleq_constraint@6|FRAMEWORK@Framework@0|30)
2025-09-09 16:20:24,106 fastran__modeleq_constraint_6 DEBUG    _get_service_response(REQUEST|fastran_000001@modeleq_constraint@6|FRAMEWORK@Framework@0|30), response = ServiceResponseMessage(sender_id=FRAMEWORK@Framework@0, receiver_id=fastran_000001@modeleq_constraint@6, request_msg_id=REQUEST|fastran_000001@modeleq_constraint@6|FRAMEWORK@Framework@0|30,status=0, args=(<ipsframework.cca_es_spec.Topic object at 0x7f87c63a37f0>,), message_id=RESPONSE|FRAMEWORK@Framework@0|fastran_000001@modeleq_constraint@6|459)
2025-09-09 16:20:24,106 fastran__modeleq_constraint_6 DEBUG    _invoke_service(): sendEvent  ('_IPS_MONITOR', 'PORTAL_EVENT', {'sim_name': 'fastran_000001', 'real_sim_name': 'fastran_000001', 'portal_data': {'code': 'fastran__modeleq_constraint', 'eventtype': 'IPS_STAGE_OUTPUTS', 'ok': True, 'walltime': '56.17', 'time': '2025-09-09|16:20:24PDT', 'trace': {'timestamp': 1757460024095297, 'duration': 200, 'localEndpoint': {'serviceName': 'stage_output_files'}, 'name': '[]', 'id': 'ed019efe11be26d9', 'parentId': 'ebca0d662269c66c', 'tags': {}}, 'state': 'Running', 'comment': 'Elapsed time = 0.000 Path = /pscratch/sd/b/bassem/ips/tglf-ep_32_repeat/SCAN/simulation_results/preprocess_3/components/fastran__modeleq_constraint_6 Files = []'}})
2025-09-09 16:20:24,106 fastran__modeleq_constraint_6 DEBUG    _get_service_response(REQUEST|fastran_000001@modeleq_constraint@6|FRAMEWORK@Framework@0|31)
2025-09-09 16:20:24,116 fastran__modeleq_constraint_6 DEBUG    _get_service_response(REQUEST|fastran_000001@modeleq_constraint@6|FRAMEWORK@Framework@0|31), response = ServiceResponseMessage(sender_id=FRAMEWORK@Framework@0, receiver_id=fastran_000001@modeleq_constraint@6, request_msg_id=REQUEST|fastran_000001@modeleq_constraint@6|FRAMEWORK@Framework@0|31,status=0, args=(None,), message_id=RESPONSE|FRAMEWORK@Framework@0|fastran_000001@modeleq_constraint@6|460)
2025-09-09 16:20:24,128 fastran_driver_fastran_driver_2 DEBUG    _get_service_response(REQUEST|fastran_000001@fastran_driver@2|FRAMEWORK@Framework@0|162), response = ServiceResponseMessage(sender_id=FRAMEWORK@Framework@0, receiver_id=fastran_000001@fastran_driver@2, request_msg_id=REQUEST|fastran_000001@fastran_driver@2|FRAMEWORK@Framework@0|162,status=0, args=((None,),), message_id=RESPONSE|FRAMEWORK@Framework@0|fastran_000001@fastran_driver@2|461)
2025-09-09 16:20:24,128 fastran_driver_fastran_driver_2 DEBUG    _invoke_service(): getTopic  ('_IPS_MONITOR',)
2025-09-09 16:20:24,128 fastran_driver_fastran_driver_2 DEBUG    _get_service_response(REQUEST|fastran_000001@fastran_driver@2|FRAMEWORK@Framework@0|163)
2025-09-09 16:20:24,139 fastran_driver_fastran_driver_2 DEBUG    _get_service_response(REQUEST|fastran_000001@fastran_driver@2|FRAMEWORK@Framework@0|163), response = ServiceResponseMessage(sender_id=FRAMEWORK@Framework@0, receiver_id=fastran_000001@fastran_driver@2, request_msg_id=REQUEST|fastran_000001@fastran_driver@2|FRAMEWORK@Framework@0|163,status=0, args=(<ipsframework.cca_es_spec.Topic object at 0x7f87c63e01f0>,), message_id=RESPONSE|FRAMEWORK@Framework@0|fastran_000001@fastran_driver@2|462)
2025-09-09 16:20:24,139 fastran_driver_fastran_driver_2 DEBUG    _invoke_service(): sendEvent  ('_IPS_MONITOR', 'PORTAL_EVENT', {'sim_name': 'fastran_000001', 'real_sim_name': 'fastran_000001', 'portal_data': {'code': 'fastran_driver_fastran_driver', 'eventtype': 'IPS_CALL_END', 'ok': True, 'walltime': '56.20', 'time': '2025-09-09|16:20:24PDT', 'trace': {'timestamp': 1757460022954296, 'duration': 1174177, 'localEndpoint': {'serviceName': 'fastran_000001@modeleq_constraint@6'}, 'name': 'step(preprocess_3)', 'id': 'ebca0d662269c66c', 'parentId': '15e0663de819b9fa', 'tags': {}}, 'state': 'Running', 'comment': 'Target = fastran_000001@modeleq_constraint@6:step(preprocess_3)'}})
2025-09-09 16:20:24,139 fastran_driver_fastran_driver_2 DEBUG    _get_service_response(REQUEST|fastran_000001@fastran_driver@2|FRAMEWORK@Framework@0|164)
2025-09-09 16:20:24,150 fastran_driver_fastran_driver_2 DEBUG    _get_service_response(REQUEST|fastran_000001@fastran_driver@2|FRAMEWORK@Framework@0|164), response = ServiceResponseMessage(sender_id=FRAMEWORK@Framework@0, receiver_id=fastran_000001@fastran_driver@2, request_msg_id=REQUEST|fastran_000001@fastran_driver@2|FRAMEWORK@Framework@0|164,status=0, args=(None,), message_id=RESPONSE|FRAMEWORK@Framework@0|fastran_000001@fastran_driver@2|463)
2025-09-09 16:20:24,150 fastran_driver_fastran_driver_2 DEBUG    _invoke_service(): getTopic  ('_IPS_MONITOR',)
2025-09-09 16:20:24,150 fastran_driver_fastran_driver_2 DEBUG    _get_service_response(REQUEST|fastran_000001@fastran_driver@2|FRAMEWORK@Framework@0|165)
2025-09-09 16:20:24,161 fastran_driver_fastran_driver_2 DEBUG    _get_service_response(REQUEST|fastran_000001@fastran_driver@2|FRAMEWORK@Framework@0|165), response = ServiceResponseMessage(sender_id=FRAMEWORK@Framework@0, receiver_id=fastran_000001@fastran_driver@2, request_msg_id=REQUEST|fastran_000001@fastran_driver@2|FRAMEWORK@Framework@0|165,status=0, args=(<ipsframework.cca_es_spec.Topic object at 0x7f87c63e02b0>,), message_id=RESPONSE|FRAMEWORK@Framework@0|fastran_000001@fastran_driver@2|464)
2025-09-09 16:20:24,161 fastran_driver_fastran_driver_2 DEBUG    _invoke_service(): sendEvent  ('_IPS_MONITOR', 'PORTALBRIDGE_UPDATE_TIMESTAMP', {'sim_name': 'fastran_000001', 'real_sim_name': 'fastran_000001', 'portal_data': {'phystimestamp': 'preprocess_4', 'eventtype': 'PORTALBRIDGE_UPDATE_TIMESTAMP'}})
2025-09-09 16:20:24,161 fastran_driver_fastran_driver_2 DEBUG    _get_service_response(REQUEST|fastran_000001@fastran_driver@2|FRAMEWORK@Framework@0|166)
2025-09-09 16:20:24,172 fastran_driver_fastran_driver_2 DEBUG    _get_service_response(REQUEST|fastran_000001@fastran_driver@2|FRAMEWORK@Framework@0|166), response = ServiceResponseMessage(sender_id=FRAMEWORK@Framework@0, receiver_id=fastran_000001@fastran_driver@2, request_msg_id=REQUEST|fastran_000001@fastran_driver@2|FRAMEWORK@Framework@0|166,status=0, args=(None,), message_id=RESPONSE|FRAMEWORK@Framework@0|fastran_000001@fastran_driver@2|465)
2025-09-09 16:20:24,172 fastran_driver_fastran_driver_2 DEBUG    _invoke_service(): getTopic  ('_IPS_MONITOR',)
2025-09-09 16:20:24,172 fastran_driver_fastran_driver_2 DEBUG    _get_service_response(REQUEST|fastran_000001@fastran_driver@2|FRAMEWORK@Framework@0|167)
2025-09-09 16:20:24,183 fastran_driver_fastran_driver_2 DEBUG    _get_service_response(REQUEST|fastran_000001@fastran_driver@2|FRAMEWORK@Framework@0|167), response = ServiceResponseMessage(sender_id=FRAMEWORK@Framework@0, receiver_id=fastran_000001@fastran_driver@2, request_msg_id=REQUEST|fastran_000001@fastran_driver@2|FRAMEWORK@Framework@0|167,status=0, args=(<ipsframework.cca_es_spec.Topic object at 0x7f87c63e0160>,), message_id=RESPONSE|FRAMEWORK@Framework@0|fastran_000001@fastran_driver@2|466)
2025-09-09 16:20:24,183 fastran_driver_fastran_driver_2 DEBUG    _invoke_service(): sendEvent  ('_IPS_MONITOR', 'PORTAL_EVENT', {'sim_name': 'fastran_000001', 'real_sim_name': 'fastran_000001', 'portal_data': {'code': 'fastran_driver_fastran_driver', 'eventtype': 'IPS_UPDATE_TIME_STAMP', 'ok': True, 'walltime': '56.25', 'time': '2025-09-09|16:20:24PDT', 'state': 'Running', 'comment': 'Timestamp = preprocess_4'}})
2025-09-09 16:20:24,183 fastran_driver_fastran_driver_2 DEBUG    _get_service_response(REQUEST|fastran_000001@fastran_driver@2|FRAMEWORK@Framework@0|168)
2025-09-09 16:20:24,194 fastran_driver_fastran_driver_2 DEBUG    _get_service_response(REQUEST|fastran_000001@fastran_driver@2|FRAMEWORK@Framework@0|168), response = ServiceResponseMessage(sender_id=FRAMEWORK@Framework@0, receiver_id=fastran_000001@fastran_driver@2, request_msg_id=REQUEST|fastran_000001@fastran_driver@2|FRAMEWORK@Framework@0|168,status=0, args=(None,), message_id=RESPONSE|FRAMEWORK@Framework@0|fastran_000001@fastran_driver@2|467)
2025-09-09 16:20:24,194 fastran_driver_fastran_driver_2 DEBUG    _invoke_service(): getTopic  ('_IPS_MONITOR',)
2025-09-09 16:20:24,194 fastran_driver_fastran_driver_2 DEBUG    _get_service_response(REQUEST|fastran_000001@fastran_driver@2|FRAMEWORK@Framework@0|169)
2025-09-09 16:20:24,205 fastran_driver_fastran_driver_2 DEBUG    _get_service_response(REQUEST|fastran_000001@fastran_driver@2|FRAMEWORK@Framework@0|169), response = ServiceResponseMessage(sender_id=FRAMEWORK@Framework@0, receiver_id=fastran_000001@fastran_driver@2, request_msg_id=REQUEST|fastran_000001@fastran_driver@2|FRAMEWORK@Framework@0|169,status=0, args=(<ipsframework.cca_es_spec.Topic object at 0x7f87c63e01f0>,), message_id=RESPONSE|FRAMEWORK@Framework@0|fastran_000001@fastran_driver@2|468)
2025-09-09 16:20:24,205 fastran_driver_fastran_driver_2 DEBUG    _invoke_service(): sendEvent  ('_IPS_MONITOR', 'PORTAL_EVENT', {'sim_name': 'fastran_000001', 'real_sim_name': 'fastran_000001', 'portal_data': {'code': 'fastran_driver_fastran_driver', 'eventtype': 'IPS_CALL_BEGIN', 'ok': True, 'walltime': '56.27', 'time': '2025-09-09|16:20:24PDT', 'state': 'Running', 'comment': 'Target = fastran_000001@efit@3:step(preprocess_4)'}})
2025-09-09 16:20:24,205 fastran_driver_fastran_driver_2 DEBUG    _get_service_response(REQUEST|fastran_000001@fastran_driver@2|FRAMEWORK@Framework@0|170)
2025-09-09 16:20:24,215 fastran_driver_fastran_driver_2 DEBUG    _get_service_response(REQUEST|fastran_000001@fastran_driver@2|FRAMEWORK@Framework@0|170), response = ServiceResponseMessage(sender_id=FRAMEWORK@Framework@0, receiver_id=fastran_000001@fastran_driver@2, request_msg_id=REQUEST|fastran_000001@fastran_driver@2|FRAMEWORK@Framework@0|170,status=0, args=(None,), message_id=RESPONSE|FRAMEWORK@Framework@0|fastran_000001@fastran_driver@2|469)
2025-09-09 16:20:24,216 fastran_driver_fastran_driver_2 DEBUG    _invoke_service(): init_call  ('step', 'preprocess_4')
2025-09-09 16:20:24,216 fastran_driver_fastran_driver_2 DEBUG    _get_service_response(REQUEST|fastran_000001@fastran_driver@2|FRAMEWORK@Framework@0|171)
2025-09-09 16:20:24,216 fastran_eq0_efit_3 DEBUG    Received Message 
2025-09-09 16:20:24,217 fastran_eq0_efit_3 DEBUG    Calling method step(preprocess_4)
2025-09-09 16:20:24,217 fastran_eq0_efit_3 DEBUG    _invoke_service(): stage_state  (['s000001.00001', 'g000001.00001', 'i000001.00001', 'b000001.00001'], '/pscratch/sd/b/bassem/ips/tglf-ep_32_repeat/SCAN/work/plasma_state', '/pscratch/sd/b/bassem/ips/tglf-ep_32_repeat/SCAN/work/fastran_eq0_efit_3')
2025-09-09 16:20:24,217 fastran_eq0_efit_3 DEBUG    _get_service_response(REQUEST|fastran_000001@efit@3|FRAMEWORK@Framework@0|38)
2025-09-09 16:20:24,226 fastran_driver_fastran_driver_2 DEBUG    _get_service_response(REQUEST|fastran_000001@fastran_driver@2|FRAMEWORK@Framework@0|171), response = ServiceResponseMessage(sender_id=FRAMEWORK@Framework@0, receiver_id=fastran_000001@fastran_driver@2, request_msg_id=REQUEST|fastran_000001@fastran_driver@2|FRAMEWORK@Framework@0|171,status=0, args=(33,), message_id=RESPONSE|FRAMEWORK@Framework@0|fastran_000001@fastran_driver@2|470)
2025-09-09 16:20:24,226 fastran_driver_fastran_driver_2 DEBUG    _invoke_service(): wait_call  (33, True)
2025-09-09 16:20:24,226 fastran_driver_fastran_driver_2 DEBUG    _get_service_response(REQUEST|fastran_000001@fastran_driver@2|FRAMEWORK@Framework@0|172)
2025-09-09 16:20:24,241 fastran_eq0_efit_3 DEBUG    _get_service_response(REQUEST|fastran_000001@efit@3|FRAMEWORK@Framework@0|38), response = ServiceResponseMessage(sender_id=FRAMEWORK@Framework@0, receiver_id=fastran_000001@efit@3, request_msg_id=REQUEST|fastran_000001@efit@3|FRAMEWORK@Framework@0|38,status=0, args=(0,), message_id=RESPONSE|FRAMEWORK@Framework@0|fastran_000001@efit@3|471)
2025-09-09 16:20:24,241 fastran_eq0_efit_3 DEBUG    _invoke_service(): getTopic  ('_IPS_MONITOR',)
2025-09-09 16:20:24,242 fastran_eq0_efit_3 DEBUG    _get_service_response(REQUEST|fastran_000001@efit@3|FRAMEWORK@Framework@0|39)
2025-09-09 16:20:24,252 fastran_eq0_efit_3 DEBUG    _get_service_response(REQUEST|fastran_000001@efit@3|FRAMEWORK@Framework@0|39), response = ServiceResponseMessage(sender_id=FRAMEWORK@Framework@0, receiver_id=fastran_000001@efit@3, request_msg_id=REQUEST|fastran_000001@efit@3|FRAMEWORK@Framework@0|39,status=0, args=(<ipsframework.cca_es_spec.Topic object at 0x7f87c63ddf40>,), message_id=RESPONSE|FRAMEWORK@Framework@0|fastran_000001@efit@3|472)
2025-09-09 16:20:24,252 fastran_eq0_efit_3 DEBUG    _invoke_service(): sendEvent  ('_IPS_MONITOR', 'PORTAL_EVENT', {'sim_name': 'fastran_000001', 'real_sim_name': 'fastran_000001', 'portal_data': {'code': 'fastran_eq0_efit', 'eventtype': 'IPS_STAGE_STATE', 'ok': True, 'walltime': '56.32', 'time': '2025-09-09|16:20:24PDT', 'trace': {'timestamp': 1757460024217249, 'duration': 24600, 'localEndpoint': {'serviceName': 'stage_state'}, 'name': "['s000001.00001', 'g000001.00001', 'i000001.00001', 'b000001.00001']", 'id': 'ff3119918b5e7670', 'parentId': '7b81980bee7c7433', 'tags': {}}, 'state': 'Running', 'comment': 'Elapsed time = 0.025  files = s000001.00001 g000001.00001 i000001.00001 b000001.00001 Success'}})
2025-09-09 16:20:24,252 fastran_eq0_efit_3 DEBUG    _get_service_response(REQUEST|fastran_000001@efit@3|FRAMEWORK@Framework@0|40)
2025-09-09 16:20:24,263 fastran_eq0_efit_3 DEBUG    _get_service_response(REQUEST|fastran_000001@efit@3|FRAMEWORK@Framework@0|40), response = ServiceResponseMessage(sender_id=FRAMEWORK@Framework@0, receiver_id=fastran_000001@efit@3, request_msg_id=REQUEST|fastran_000001@efit@3|FRAMEWORK@Framework@0|40,status=0, args=(None,), message_id=RESPONSE|FRAMEWORK@Framework@0|fastran_000001@efit@3|473)
2025-09-09 16:20:26,205 fastran_eq0_efit_3 DEBUG    _invoke_service(): update_state  (['s000001.00001', 'g000001.00001', 'i000001.00001', 'b000001.00001'], '/pscratch/sd/b/bassem/ips/tglf-ep_32_repeat/SCAN/work/fastran_eq0_efit_3', '/pscratch/sd/b/bassem/ips/tglf-ep_32_repeat/SCAN/work/plasma_state')
2025-09-09 16:20:26,206 fastran_eq0_efit_3 DEBUG    _get_service_response(REQUEST|fastran_000001@efit@3|FRAMEWORK@Framework@0|41)
2025-09-09 16:20:26,229 fastran_eq0_efit_3 DEBUG    _get_service_response(REQUEST|fastran_000001@efit@3|FRAMEWORK@Framework@0|41), response = ServiceResponseMessage(sender_id=FRAMEWORK@Framework@0, receiver_id=fastran_000001@efit@3, request_msg_id=REQUEST|fastran_000001@efit@3|FRAMEWORK@Framework@0|41,status=0, args=(0,), message_id=RESPONSE|FRAMEWORK@Framework@0|fastran_000001@efit@3|478)
2025-09-09 16:20:26,230 fastran_eq0_efit_3 DEBUG    _invoke_service(): getTopic  ('_IPS_MONITOR',)
2025-09-09 16:20:26,230 fastran_eq0_efit_3 DEBUG    _get_service_response(REQUEST|fastran_000001@efit@3|FRAMEWORK@Framework@0|42)
2025-09-09 16:20:26,240 fastran_eq0_efit_3 DEBUG    _get_service_response(REQUEST|fastran_000001@efit@3|FRAMEWORK@Framework@0|42), response = ServiceResponseMessage(sender_id=FRAMEWORK@Framework@0, receiver_id=fastran_000001@efit@3, request_msg_id=REQUEST|fastran_000001@efit@3|FRAMEWORK@Framework@0|42,status=0, args=(<ipsframework.cca_es_spec.Topic object at 0x7f87c639b9d0>,), message_id=RESPONSE|FRAMEWORK@Framework@0|fastran_000001@efit@3|479)
2025-09-09 16:20:26,240 fastran_eq0_efit_3 DEBUG    _invoke_service(): sendEvent  ('_IPS_MONITOR', 'PORTAL_EVENT', {'sim_name': 'fastran_000001', 'real_sim_name': 'fastran_000001', 'portal_data': {'code': 'fastran_eq0_efit', 'eventtype': 'IPS_UPDATE_STATE', 'ok': True, 'walltime': '58.31', 'time': '2025-09-09|16:20:26PDT', 'trace': {'timestamp': 1757460026204594, 'duration': 25381, 'localEndpoint': {'serviceName': 'update_state'}, 'name': "['s000001.00001', 'g000001.00001', 'i000001.00001', 'b000001.00001']", 'id': '2fc1229e1e650f1c', 'parentId': '7b81980bee7c7433', 'tags': {}}, 'state': 'Running', 'comment': 'Elapsed time = 0.025   files = s000001.00001 g000001.00001 i000001.00001 b000001.00001 Success'}})
2025-09-09 16:20:26,241 fastran_eq0_efit_3 DEBUG    _get_service_response(REQUEST|fastran_000001@efit@3|FRAMEWORK@Framework@0|43)
2025-09-09 16:20:26,251 fastran_eq0_efit_3 DEBUG    _get_service_response(REQUEST|fastran_000001@efit@3|FRAMEWORK@Framework@0|43), response = ServiceResponseMessage(sender_id=FRAMEWORK@Framework@0, receiver_id=fastran_000001@efit@3, request_msg_id=REQUEST|fastran_000001@efit@3|FRAMEWORK@Framework@0|43,status=0, args=(None,), message_id=RESPONSE|FRAMEWORK@Framework@0|fastran_000001@efit@3|480)
2025-09-09 16:20:26,273 fastran_eq0_efit_3 DEBUG    _invoke_service(): getTopic  ('_IPS_MONITOR',)
2025-09-09 16:20:26,273 fastran_eq0_efit_3 DEBUG    _get_service_response(REQUEST|fastran_000001@efit@3|FRAMEWORK@Framework@0|44)
2025-09-09 16:20:26,283 fastran_eq0_efit_3 DEBUG    _get_service_response(REQUEST|fastran_000001@efit@3|FRAMEWORK@Framework@0|44), response = ServiceResponseMessage(sender_id=FRAMEWORK@Framework@0, receiver_id=fastran_000001@efit@3, request_msg_id=REQUEST|fastran_000001@efit@3|FRAMEWORK@Framework@0|44,status=0, args=(<ipsframework.cca_es_spec.Topic object at 0x7f87c639b7f0>,), message_id=RESPONSE|FRAMEWORK@Framework@0|fastran_000001@efit@3|481)
2025-09-09 16:20:26,283 fastran_eq0_efit_3 DEBUG    _invoke_service(): sendEvent  ('_IPS_MONITOR', 'PORTAL_EVENT', {'sim_name': 'fastran_000001', 'real_sim_name': 'fastran_000001', 'portal_data': {'code': 'fastran_eq0_efit', 'eventtype': 'IPS_STAGE_OUTPUTS', 'ok': True, 'walltime': '58.35', 'time': '2025-09-09|16:20:26PDT', 'trace': {'timestamp': 1757460026251563, 'duration': 21319, 'localEndpoint': {'serviceName': 'stage_output_files'}, 'name': "['g*.*', 'a*.*', 'm*.*', 'k*.*', 'efit.log', 's*.*']", 'id': '80725d8eee5776f1', 'parentId': '7b81980bee7c7433', 'tags': {}}, 'state': 'Running', 'comment': "Elapsed time = 0.021 Path = /pscratch/sd/b/bassem/ips/tglf-ep_32_repeat/SCAN/simulation_results/preprocess_4/components/fastran_eq0_efit_3 Files = ['g*.*', 'a*.*', 'm*.*', 'k*.*', 'efit.log', 's*.*']"}})
2025-09-09 16:20:26,284 fastran_eq0_efit_3 DEBUG    _get_service_response(REQUEST|fastran_000001@efit@3|FRAMEWORK@Framework@0|45)
2025-09-09 16:20:26,294 fastran_eq0_efit_3 DEBUG    _get_service_response(REQUEST|fastran_000001@efit@3|FRAMEWORK@Framework@0|45), response = ServiceResponseMessage(sender_id=FRAMEWORK@Framework@0, receiver_id=fastran_000001@efit@3, request_msg_id=REQUEST|fastran_000001@efit@3|FRAMEWORK@Framework@0|45,status=0, args=(None,), message_id=RESPONSE|FRAMEWORK@Framework@0|fastran_000001@efit@3|482)
2025-09-09 16:20:26,309 fastran_driver_fastran_driver_2 DEBUG    _get_service_response(REQUEST|fastran_000001@fastran_driver@2|FRAMEWORK@Framework@0|172), response = ServiceResponseMessage(sender_id=FRAMEWORK@Framework@0, receiver_id=fastran_000001@fastran_driver@2, request_msg_id=REQUEST|fastran_000001@fastran_driver@2|FRAMEWORK@Framework@0|172,status=0, args=((None,),), message_id=RESPONSE|FRAMEWORK@Framework@0|fastran_000001@fastran_driver@2|483)
2025-09-09 16:20:26,309 fastran_driver_fastran_driver_2 DEBUG    _invoke_service(): getTopic  ('_IPS_MONITOR',)
2025-09-09 16:20:26,309 fastran_driver_fastran_driver_2 DEBUG    _get_service_response(REQUEST|fastran_000001@fastran_driver@2|FRAMEWORK@Framework@0|173)
2025-09-09 16:20:26,320 fastran_driver_fastran_driver_2 DEBUG    _get_service_response(REQUEST|fastran_000001@fastran_driver@2|FRAMEWORK@Framework@0|173), response = ServiceResponseMessage(sender_id=FRAMEWORK@Framework@0, receiver_id=fastran_000001@fastran_driver@2, request_msg_id=REQUEST|fastran_000001@fastran_driver@2|FRAMEWORK@Framework@0|173,status=0, args=(<ipsframework.cca_es_spec.Topic object at 0x7f87c63e0160>,), message_id=RESPONSE|FRAMEWORK@Framework@0|fastran_000001@fastran_driver@2|484)
2025-09-09 16:20:26,320 fastran_driver_fastran_driver_2 DEBUG    _invoke_service(): sendEvent  ('_IPS_MONITOR', 'PORTAL_EVENT', {'sim_name': 'fastran_000001', 'real_sim_name': 'fastran_000001', 'portal_data': {'code': 'fastran_driver_fastran_driver', 'eventtype': 'IPS_CALL_END', 'ok': True, 'walltime': '58.39', 'time': '2025-09-09|16:20:26PDT', 'trace': {'timestamp': 1757460024226761, 'duration': 2082868, 'localEndpoint': {'serviceName': 'fastran_000001@efit@3'}, 'name': 'step(preprocess_4)', 'id': '7b81980bee7c7433', 'parentId': '15e0663de819b9fa', 'tags': {}}, 'state': 'Running', 'comment': 'Target = fastran_000001@efit@3:step(preprocess_4)'}})
2025-09-09 16:20:26,320 fastran_driver_fastran_driver_2 DEBUG    _get_service_response(REQUEST|fastran_000001@fastran_driver@2|FRAMEWORK@Framework@0|174)
2025-09-09 16:20:26,331 fastran_driver_fastran_driver_2 DEBUG    _get_service_response(REQUEST|fastran_000001@fastran_driver@2|FRAMEWORK@Framework@0|174), response = ServiceResponseMessage(sender_id=FRAMEWORK@Framework@0, receiver_id=fastran_000001@fastran_driver@2, request_msg_id=REQUEST|fastran_000001@fastran_driver@2|FRAMEWORK@Framework@0|174,status=0, args=(None,), message_id=RESPONSE|FRAMEWORK@Framework@0|fastran_000001@fastran_driver@2|485)
2025-09-09 16:20:26,331 fastran_driver_fastran_driver_2 DEBUG    _invoke_service(): getTopic  ('_IPS_MONITOR',)
2025-09-09 16:20:26,331 fastran_driver_fastran_driver_2 DEBUG    _get_service_response(REQUEST|fastran_000001@fastran_driver@2|FRAMEWORK@Framework@0|175)
2025-09-09 16:20:26,341 fastran_driver_fastran_driver_2 DEBUG    _get_service_response(REQUEST|fastran_000001@fastran_driver@2|FRAMEWORK@Framework@0|175), response = ServiceResponseMessage(sender_id=FRAMEWORK@Framework@0, receiver_id=fastran_000001@fastran_driver@2, request_msg_id=REQUEST|fastran_000001@fastran_driver@2|FRAMEWORK@Framework@0|175,status=0, args=(<ipsframework.cca_es_spec.Topic object at 0x7f87c63e02b0>,), message_id=RESPONSE|FRAMEWORK@Framework@0|fastran_000001@fastran_driver@2|486)
2025-09-09 16:20:26,341 fastran_driver_fastran_driver_2 DEBUG    _invoke_service(): sendEvent  ('_IPS_MONITOR', 'PORTAL_EVENT', {'sim_name': 'fastran_000001', 'real_sim_name': 'fastran_000001', 'portal_data': {'code': 'fastran_driver_fastran_driver', 'eventtype': 'IPS_CALL_BEGIN', 'ok': True, 'walltime': '58.41', 'time': '2025-09-09|16:20:26PDT', 'state': 'Running', 'comment': 'Target = fastran_000001@hcd_model@4:step(preprocess_4)'}})
2025-09-09 16:20:26,341 fastran_driver_fastran_driver_2 DEBUG    _get_service_response(REQUEST|fastran_000001@fastran_driver@2|FRAMEWORK@Framework@0|176)
2025-09-09 16:20:26,352 fastran_driver_fastran_driver_2 DEBUG    _get_service_response(REQUEST|fastran_000001@fastran_driver@2|FRAMEWORK@Framework@0|176), response = ServiceResponseMessage(sender_id=FRAMEWORK@Framework@0, receiver_id=fastran_000001@fastran_driver@2, request_msg_id=REQUEST|fastran_000001@fastran_driver@2|FRAMEWORK@Framework@0|176,status=0, args=(None,), message_id=RESPONSE|FRAMEWORK@Framework@0|fastran_000001@fastran_driver@2|487)
2025-09-09 16:20:26,352 fastran_driver_fastran_driver_2 DEBUG    _invoke_service(): init_call  ('step', 'preprocess_4')
2025-09-09 16:20:26,352 fastran_driver_fastran_driver_2 DEBUG    _get_service_response(REQUEST|fastran_000001@fastran_driver@2|FRAMEWORK@Framework@0|177)
2025-09-09 16:20:26,352 fastran_ic_hcd_model_4 DEBUG    Received Message 
2025-09-09 16:20:26,352 fastran_ic_hcd_model_4 DEBUG    Calling method step(preprocess_4)
2025-09-09 16:20:26,353 fastran_ic_hcd_model_4 DEBUG    _invoke_service(): stage_state  (['s000001.00001', 'g000001.00001', 'i000001.00001', 'b000001.00001'], '/pscratch/sd/b/bassem/ips/tglf-ep_32_repeat/SCAN/work/plasma_state', '/pscratch/sd/b/bassem/ips/tglf-ep_32_repeat/SCAN/work/fastran_ic_hcd_model_4')
2025-09-09 16:20:26,353 fastran_ic_hcd_model_4 DEBUG    _get_service_response(REQUEST|fastran_000001@hcd_model@4|FRAMEWORK@Framework@0|40)
2025-09-09 16:20:26,362 fastran_driver_fastran_driver_2 DEBUG    _get_service_response(REQUEST|fastran_000001@fastran_driver@2|FRAMEWORK@Framework@0|177), response = ServiceResponseMessage(sender_id=FRAMEWORK@Framework@0, receiver_id=fastran_000001@fastran_driver@2, request_msg_id=REQUEST|fastran_000001@fastran_driver@2|FRAMEWORK@Framework@0|177,status=0, args=(34,), message_id=RESPONSE|FRAMEWORK@Framework@0|fastran_000001@fastran_driver@2|489)
2025-09-09 16:20:26,362 fastran_driver_fastran_driver_2 DEBUG    _invoke_service(): wait_call  (34, True)
2025-09-09 16:20:26,362 fastran_driver_fastran_driver_2 DEBUG    _get_service_response(REQUEST|fastran_000001@fastran_driver@2|FRAMEWORK@Framework@0|178)
2025-09-09 16:20:26,374 fastran_ic_hcd_model_4 DEBUG    _get_service_response(REQUEST|fastran_000001@hcd_model@4|FRAMEWORK@Framework@0|40), response = ServiceResponseMessage(sender_id=FRAMEWORK@Framework@0, receiver_id=fastran_000001@hcd_model@4, request_msg_id=REQUEST|fastran_000001@hcd_model@4|FRAMEWORK@Framework@0|40,status=0, args=(0,), message_id=RESPONSE|FRAMEWORK@Framework@0|fastran_000001@hcd_model@4|490)
2025-09-09 16:20:26,375 fastran_ic_hcd_model_4 DEBUG    _invoke_service(): getTopic  ('_IPS_MONITOR',)
2025-09-09 16:20:26,375 fastran_ic_hcd_model_4 DEBUG    _get_service_response(REQUEST|fastran_000001@hcd_model@4|FRAMEWORK@Framework@0|41)
2025-09-09 16:20:26,385 fastran_ic_hcd_model_4 DEBUG    _get_service_response(REQUEST|fastran_000001@hcd_model@4|FRAMEWORK@Framework@0|41), response = ServiceResponseMessage(sender_id=FRAMEWORK@Framework@0, receiver_id=fastran_000001@hcd_model@4, request_msg_id=REQUEST|fastran_000001@hcd_model@4|FRAMEWORK@Framework@0|41,status=0, args=(<ipsframework.cca_es_spec.Topic object at 0x7f87c63ec100>,), message_id=RESPONSE|FRAMEWORK@Framework@0|fastran_000001@hcd_model@4|491)
2025-09-09 16:20:26,385 fastran_ic_hcd_model_4 DEBUG    _invoke_service(): sendEvent  ('_IPS_MONITOR', 'PORTAL_EVENT', {'sim_name': 'fastran_000001', 'real_sim_name': 'fastran_000001', 'portal_data': {'code': 'fastran_ic_hcd_model', 'eventtype': 'IPS_STAGE_STATE', 'ok': True, 'walltime': '58.45', 'time': '2025-09-09|16:20:26PDT', 'trace': {'timestamp': 1757460026353078, 'duration': 21955, 'localEndpoint': {'serviceName': 'stage_state'}, 'name': "['s000001.00001', 'g000001.00001', 'i000001.00001', 'b000001.00001']", 'id': 'ff3119918b5e7670', 'parentId': '5d04b841b76e1eda', 'tags': {}}, 'state': 'Running', 'comment': 'Elapsed time = 0.022  files = s000001.00001 g000001.00001 i000001.00001 b000001.00001 Success'}})
2025-09-09 16:20:26,385 fastran_ic_hcd_model_4 DEBUG    _get_service_response(REQUEST|fastran_000001@hcd_model@4|FRAMEWORK@Framework@0|42)
2025-09-09 16:20:26,396 fastran_ic_hcd_model_4 DEBUG    _get_service_response(REQUEST|fastran_000001@hcd_model@4|FRAMEWORK@Framework@0|42), response = ServiceResponseMessage(sender_id=FRAMEWORK@Framework@0, receiver_id=fastran_000001@hcd_model@4, request_msg_id=REQUEST|fastran_000001@hcd_model@4|FRAMEWORK@Framework@0|42,status=0, args=(None,), message_id=RESPONSE|FRAMEWORK@Framework@0|fastran_000001@hcd_model@4|492)
2025-09-09 16:20:26,401 fastran_ic_hcd_model_4 DEBUG    _invoke_service(): getTopic  ('_IPS_MONITOR',)
2025-09-09 16:20:26,401 fastran_ic_hcd_model_4 DEBUG    _get_service_response(REQUEST|fastran_000001@hcd_model@4|FRAMEWORK@Framework@0|43)
2025-09-09 16:20:26,411 fastran_ic_hcd_model_4 DEBUG    _get_service_response(REQUEST|fastran_000001@hcd_model@4|FRAMEWORK@Framework@0|43), response = ServiceResponseMessage(sender_id=FRAMEWORK@Framework@0, receiver_id=fastran_000001@hcd_model@4, request_msg_id=REQUEST|fastran_000001@hcd_model@4|FRAMEWORK@Framework@0|43,status=0, args=(<ipsframework.cca_es_spec.Topic object at 0x7f87c63ec6d0>,), message_id=RESPONSE|FRAMEWORK@Framework@0|fastran_000001@hcd_model@4|493)
2025-09-09 16:20:26,411 fastran_ic_hcd_model_4 DEBUG    _invoke_service(): sendEvent  ('_IPS_MONITOR', 'PORTAL_EVENT', {'sim_name': 'fastran_000001', 'real_sim_name': 'fastran_000001', 'portal_data': {'code': 'fastran_ic_hcd_model', 'eventtype': 'IPS_STAGE_INPUTS', 'ok': True, 'walltime': '58.48', 'time': '2025-09-09|16:20:26PDT', 'trace': {'timestamp': 1757460026396596, 'duration': 4597, 'localEndpoint': {'serviceName': 'stage_input_files'}, 'name': 'inhcd', 'id': '5ee53c28a9607896', 'parentId': '5d04b841b76e1eda', 'tags': {}}, 'state': 'Running', 'comment': 'Elapsed time = 0.005 Path = /pscratch/sd/b/bassem/ips/tglf-ep_32_repeat/input Files = inhcd'}})
2025-09-09 16:20:26,411 fastran_ic_hcd_model_4 DEBUG    _get_service_response(REQUEST|fastran_000001@hcd_model@4|FRAMEWORK@Framework@0|44)
2025-09-09 16:20:26,422 fastran_ic_hcd_model_4 DEBUG    _get_service_response(REQUEST|fastran_000001@hcd_model@4|FRAMEWORK@Framework@0|44), response = ServiceResponseMessage(sender_id=FRAMEWORK@Framework@0, receiver_id=fastran_000001@hcd_model@4, request_msg_id=REQUEST|fastran_000001@hcd_model@4|FRAMEWORK@Framework@0|44,status=0, args=(None,), message_id=RESPONSE|FRAMEWORK@Framework@0|fastran_000001@hcd_model@4|494)
2025-09-09 16:20:26,534 fastran_ic_hcd_model_4 DEBUG    _invoke_service(): update_state  (['s000001.00001', 'g000001.00001', 'i000001.00001', 'b000001.00001'], '/pscratch/sd/b/bassem/ips/tglf-ep_32_repeat/SCAN/work/fastran_ic_hcd_model_4', '/pscratch/sd/b/bassem/ips/tglf-ep_32_repeat/SCAN/work/plasma_state')
2025-09-09 16:20:26,534 fastran_ic_hcd_model_4 DEBUG    _get_service_response(REQUEST|fastran_000001@hcd_model@4|FRAMEWORK@Framework@0|45)
2025-09-09 16:20:26,556 fastran_ic_hcd_model_4 DEBUG    _get_service_response(REQUEST|fastran_000001@hcd_model@4|FRAMEWORK@Framework@0|45), response = ServiceResponseMessage(sender_id=FRAMEWORK@Framework@0, receiver_id=fastran_000001@hcd_model@4, request_msg_id=REQUEST|fastran_000001@hcd_model@4|FRAMEWORK@Framework@0|45,status=0, args=(0,), message_id=RESPONSE|FRAMEWORK@Framework@0|fastran_000001@hcd_model@4|495)
2025-09-09 16:20:26,556 fastran_ic_hcd_model_4 DEBUG    _invoke_service(): getTopic  ('_IPS_MONITOR',)
2025-09-09 16:20:26,556 fastran_ic_hcd_model_4 DEBUG    _get_service_response(REQUEST|fastran_000001@hcd_model@4|FRAMEWORK@Framework@0|46)
2025-09-09 16:20:26,567 fastran_ic_hcd_model_4 DEBUG    _get_service_response(REQUEST|fastran_000001@hcd_model@4|FRAMEWORK@Framework@0|46), response = ServiceResponseMessage(sender_id=FRAMEWORK@Framework@0, receiver_id=fastran_000001@hcd_model@4, request_msg_id=REQUEST|fastran_000001@hcd_model@4|FRAMEWORK@Framework@0|46,status=0, args=(<ipsframework.cca_es_spec.Topic object at 0x7f87c63ecf10>,), message_id=RESPONSE|FRAMEWORK@Framework@0|fastran_000001@hcd_model@4|496)
2025-09-09 16:20:26,567 fastran_ic_hcd_model_4 DEBUG    _invoke_service(): sendEvent  ('_IPS_MONITOR', 'PORTAL_EVENT', {'sim_name': 'fastran_000001', 'real_sim_name': 'fastran_000001', 'portal_data': {'code': 'fastran_ic_hcd_model', 'eventtype': 'IPS_UPDATE_STATE', 'ok': True, 'walltime': '58.63', 'time': '2025-09-09|16:20:26PDT', 'trace': {'timestamp': 1757460026534295, 'duration': 22236, 'localEndpoint': {'serviceName': 'update_state'}, 'name': "['s000001.00001', 'g000001.00001', 'i000001.00001', 'b000001.00001']", 'id': '2fc1229e1e650f1c', 'parentId': '5d04b841b76e1eda', 'tags': {}}, 'state': 'Running', 'comment': 'Elapsed time = 0.022   files = s000001.00001 g000001.00001 i000001.00001 b000001.00001 Success'}})
2025-09-09 16:20:26,567 fastran_ic_hcd_model_4 DEBUG    _get_service_response(REQUEST|fastran_000001@hcd_model@4|FRAMEWORK@Framework@0|47)
2025-09-09 16:20:26,577 fastran_ic_hcd_model_4 DEBUG    _get_service_response(REQUEST|fastran_000001@hcd_model@4|FRAMEWORK@Framework@0|47), response = ServiceResponseMessage(sender_id=FRAMEWORK@Framework@0, receiver_id=fastran_000001@hcd_model@4, request_msg_id=REQUEST|fastran_000001@hcd_model@4|FRAMEWORK@Framework@0|47,status=0, args=(None,), message_id=RESPONSE|FRAMEWORK@Framework@0|fastran_000001@hcd_model@4|497)
2025-09-09 16:20:26,578 fastran_ic_hcd_model_4 DEBUG    _invoke_service(): getTopic  ('_IPS_MONITOR',)
2025-09-09 16:20:26,578 fastran_ic_hcd_model_4 DEBUG    _get_service_response(REQUEST|fastran_000001@hcd_model@4|FRAMEWORK@Framework@0|48)
2025-09-09 16:20:26,588 fastran_ic_hcd_model_4 DEBUG    _get_service_response(REQUEST|fastran_000001@hcd_model@4|FRAMEWORK@Framework@0|48), response = ServiceResponseMessage(sender_id=FRAMEWORK@Framework@0, receiver_id=fastran_000001@hcd_model@4, request_msg_id=REQUEST|fastran_000001@hcd_model@4|FRAMEWORK@Framework@0|48,status=0, args=(<ipsframework.cca_es_spec.Topic object at 0x7f87c64140d0>,), message_id=RESPONSE|FRAMEWORK@Framework@0|fastran_000001@hcd_model@4|498)
2025-09-09 16:20:26,588 fastran_ic_hcd_model_4 DEBUG    _invoke_service(): sendEvent  ('_IPS_MONITOR', 'PORTAL_EVENT', {'sim_name': 'fastran_000001', 'real_sim_name': 'fastran_000001', 'portal_data': {'code': 'fastran_ic_hcd_model', 'eventtype': 'IPS_STAGE_OUTPUTS', 'ok': True, 'walltime': '58.65', 'time': '2025-09-09|16:20:26PDT', 'trace': {'timestamp': 1757460026577973, 'duration': 180, 'localEndpoint': {'serviceName': 'stage_output_files'}, 'name': '[]', 'id': 'ed019efe11be26d9', 'parentId': '5d04b841b76e1eda', 'tags': {}}, 'state': 'Running', 'comment': 'Elapsed time = 0.000 Path = /pscratch/sd/b/bassem/ips/tglf-ep_32_repeat/SCAN/simulation_results/preprocess_4/components/fastran_ic_hcd_model_4 Files = []'}})
2025-09-09 16:20:26,589 fastran_ic_hcd_model_4 DEBUG    _get_service_response(REQUEST|fastran_000001@hcd_model@4|FRAMEWORK@Framework@0|49)
2025-09-09 16:20:26,599 fastran_ic_hcd_model_4 DEBUG    _get_service_response(REQUEST|fastran_000001@hcd_model@4|FRAMEWORK@Framework@0|49), response = ServiceResponseMessage(sender_id=FRAMEWORK@Framework@0, receiver_id=fastran_000001@hcd_model@4, request_msg_id=REQUEST|fastran_000001@hcd_model@4|FRAMEWORK@Framework@0|49,status=0, args=(None,), message_id=RESPONSE|FRAMEWORK@Framework@0|fastran_000001@hcd_model@4|499)
2025-09-09 16:20:26,610 fastran_driver_fastran_driver_2 DEBUG    _get_service_response(REQUEST|fastran_000001@fastran_driver@2|FRAMEWORK@Framework@0|178), response = ServiceResponseMessage(sender_id=FRAMEWORK@Framework@0, receiver_id=fastran_000001@fastran_driver@2, request_msg_id=REQUEST|fastran_000001@fastran_driver@2|FRAMEWORK@Framework@0|178,status=0, args=((None,),), message_id=RESPONSE|FRAMEWORK@Framework@0|fastran_000001@fastran_driver@2|500)
2025-09-09 16:20:26,610 fastran_driver_fastran_driver_2 DEBUG    _invoke_service(): getTopic  ('_IPS_MONITOR',)
2025-09-09 16:20:26,610 fastran_driver_fastran_driver_2 DEBUG    _get_service_response(REQUEST|fastran_000001@fastran_driver@2|FRAMEWORK@Framework@0|179)
2025-09-09 16:20:26,621 fastran_driver_fastran_driver_2 DEBUG    _get_service_response(REQUEST|fastran_000001@fastran_driver@2|FRAMEWORK@Framework@0|179), response = ServiceResponseMessage(sender_id=FRAMEWORK@Framework@0, receiver_id=fastran_000001@fastran_driver@2, request_msg_id=REQUEST|fastran_000001@fastran_driver@2|FRAMEWORK@Framework@0|179,status=0, args=(<ipsframework.cca_es_spec.Topic object at 0x7f87c63e0160>,), message_id=RESPONSE|FRAMEWORK@Framework@0|fastran_000001@fastran_driver@2|501)
2025-09-09 16:20:26,621 fastran_driver_fastran_driver_2 DEBUG    _invoke_service(): sendEvent  ('_IPS_MONITOR', 'PORTAL_EVENT', {'sim_name': 'fastran_000001', 'real_sim_name': 'fastran_000001', 'portal_data': {'code': 'fastran_driver_fastran_driver', 'eventtype': 'IPS_CALL_END', 'ok': True, 'walltime': '58.69', 'time': '2025-09-09|16:20:26PDT', 'trace': {'timestamp': 1757460026362721, 'duration': 247578, 'localEndpoint': {'serviceName': 'fastran_000001@hcd_model@4'}, 'name': 'step(preprocess_4)', 'id': '5d04b841b76e1eda', 'parentId': '15e0663de819b9fa', 'tags': {}}, 'state': 'Running', 'comment': 'Target = fastran_000001@hcd_model@4:step(preprocess_4)'}})
2025-09-09 16:20:26,621 fastran_driver_fastran_driver_2 DEBUG    _get_service_response(REQUEST|fastran_000001@fastran_driver@2|FRAMEWORK@Framework@0|180)
2025-09-09 16:20:26,632 fastran_driver_fastran_driver_2 DEBUG    _get_service_response(REQUEST|fastran_000001@fastran_driver@2|FRAMEWORK@Framework@0|180), response = ServiceResponseMessage(sender_id=FRAMEWORK@Framework@0, receiver_id=fastran_000001@fastran_driver@2, request_msg_id=REQUEST|fastran_000001@fastran_driver@2|FRAMEWORK@Framework@0|180,status=0, args=(None,), message_id=RESPONSE|FRAMEWORK@Framework@0|fastran_000001@fastran_driver@2|502)
2025-09-09 16:20:26,632 fastran_driver_fastran_driver_2 DEBUG    _invoke_service(): getTopic  ('_IPS_MONITOR',)
2025-09-09 16:20:26,632 fastran_driver_fastran_driver_2 DEBUG    _get_service_response(REQUEST|fastran_000001@fastran_driver@2|FRAMEWORK@Framework@0|181)
2025-09-09 16:20:26,642 fastran_driver_fastran_driver_2 DEBUG    _get_service_response(REQUEST|fastran_000001@fastran_driver@2|FRAMEWORK@Framework@0|181), response = ServiceResponseMessage(sender_id=FRAMEWORK@Framework@0, receiver_id=fastran_000001@fastran_driver@2, request_msg_id=REQUEST|fastran_000001@fastran_driver@2|FRAMEWORK@Framework@0|181,status=0, args=(<ipsframework.cca_es_spec.Topic object at 0x7f87c63e0250>,), message_id=RESPONSE|FRAMEWORK@Framework@0|fastran_000001@fastran_driver@2|503)
2025-09-09 16:20:26,642 fastran_driver_fastran_driver_2 DEBUG    _invoke_service(): sendEvent  ('_IPS_MONITOR', 'PORTAL_EVENT', {'sim_name': 'fastran_000001', 'real_sim_name': 'fastran_000001', 'portal_data': {'code': 'fastran_driver_fastran_driver', 'eventtype': 'IPS_CALL_BEGIN', 'ok': True, 'walltime': '58.71', 'time': '2025-09-09|16:20:26PDT', 'state': 'Running', 'comment': 'Target = fastran_000001@fastran@5:step(preprocess_4)'}})
2025-09-09 16:20:26,643 fastran_driver_fastran_driver_2 DEBUG    _get_service_response(REQUEST|fastran_000001@fastran_driver@2|FRAMEWORK@Framework@0|182)
2025-09-09 16:20:26,653 fastran_driver_fastran_driver_2 DEBUG    _get_service_response(REQUEST|fastran_000001@fastran_driver@2|FRAMEWORK@Framework@0|182), response = ServiceResponseMessage(sender_id=FRAMEWORK@Framework@0, receiver_id=fastran_000001@fastran_driver@2, request_msg_id=REQUEST|fastran_000001@fastran_driver@2|FRAMEWORK@Framework@0|182,status=0, args=(None,), message_id=RESPONSE|FRAMEWORK@Framework@0|fastran_000001@fastran_driver@2|504)
2025-09-09 16:20:26,653 fastran_driver_fastran_driver_2 DEBUG    _invoke_service(): init_call  ('step', 'preprocess_4')
2025-09-09 16:20:26,653 fastran_driver_fastran_driver_2 DEBUG    _get_service_response(REQUEST|fastran_000001@fastran_driver@2|FRAMEWORK@Framework@0|183)
2025-09-09 16:20:26,654 fastran_tr0_fastran_5 DEBUG    Received Message 
2025-09-09 16:20:26,654 fastran_tr0_fastran_5 DEBUG    Calling method step(preprocess_4)
2025-09-09 16:20:26,655 fastran_tr0_fastran_5 DEBUG    _invoke_service(): stage_state  (['s000001.00001', 'g000001.00001', 'i000001.00001', 'b000001.00001'], '/pscratch/sd/b/bassem/ips/tglf-ep_32_repeat/SCAN/work/plasma_state', '/pscratch/sd/b/bassem/ips/tglf-ep_32_repeat/SCAN/work/fastran_tr0_fastran_5')
2025-09-09 16:20:26,655 fastran_tr0_fastran_5 DEBUG    _get_service_response(REQUEST|fastran_000001@fastran@5|FRAMEWORK@Framework@0|64)
2025-09-09 16:20:26,664 fastran_driver_fastran_driver_2 DEBUG    _get_service_response(REQUEST|fastran_000001@fastran_driver@2|FRAMEWORK@Framework@0|183), response = ServiceResponseMessage(sender_id=FRAMEWORK@Framework@0, receiver_id=fastran_000001@fastran_driver@2, request_msg_id=REQUEST|fastran_000001@fastran_driver@2|FRAMEWORK@Framework@0|183,status=0, args=(35,), message_id=RESPONSE|FRAMEWORK@Framework@0|fastran_000001@fastran_driver@2|505)
2025-09-09 16:20:26,664 fastran_driver_fastran_driver_2 DEBUG    _invoke_service(): wait_call  (35, True)
2025-09-09 16:20:26,664 fastran_driver_fastran_driver_2 DEBUG    _get_service_response(REQUEST|fastran_000001@fastran_driver@2|FRAMEWORK@Framework@0|184)
2025-09-09 16:20:26,678 fastran_tr0_fastran_5 DEBUG    _get_service_response(REQUEST|fastran_000001@fastran@5|FRAMEWORK@Framework@0|64), response = ServiceResponseMessage(sender_id=FRAMEWORK@Framework@0, receiver_id=fastran_000001@fastran@5, request_msg_id=REQUEST|fastran_000001@fastran@5|FRAMEWORK@Framework@0|64,status=0, args=(0,), message_id=RESPONSE|FRAMEWORK@Framework@0|fastran_000001@fastran@5|506)
2025-09-09 16:20:26,678 fastran_tr0_fastran_5 DEBUG    _invoke_service(): getTopic  ('_IPS_MONITOR',)
2025-09-09 16:20:26,678 fastran_tr0_fastran_5 DEBUG    _get_service_response(REQUEST|fastran_000001@fastran@5|FRAMEWORK@Framework@0|65)
2025-09-09 16:20:26,689 fastran_tr0_fastran_5 DEBUG    _get_service_response(REQUEST|fastran_000001@fastran@5|FRAMEWORK@Framework@0|65), response = ServiceResponseMessage(sender_id=FRAMEWORK@Framework@0, receiver_id=fastran_000001@fastran@5, request_msg_id=REQUEST|fastran_000001@fastran@5|FRAMEWORK@Framework@0|65,status=0, args=(<ipsframework.cca_es_spec.Topic object at 0x7f87c63bcc10>,), message_id=RESPONSE|FRAMEWORK@Framework@0|fastran_000001@fastran@5|507)
2025-09-09 16:20:26,689 fastran_tr0_fastran_5 DEBUG    _invoke_service(): sendEvent  ('_IPS_MONITOR', 'PORTAL_EVENT', {'sim_name': 'fastran_000001', 'real_sim_name': 'fastran_000001', 'portal_data': {'code': 'fastran_tr0_fastran', 'eventtype': 'IPS_STAGE_STATE', 'ok': True, 'walltime': '58.75', 'time': '2025-09-09|16:20:26PDT', 'trace': {'timestamp': 1757460026654894, 'duration': 23377, 'localEndpoint': {'serviceName': 'stage_state'}, 'name': "['s000001.00001', 'g000001.00001', 'i000001.00001', 'b000001.00001']", 'id': 'ff3119918b5e7670', 'parentId': 'c09f50423e4e5f72', 'tags': {}}, 'state': 'Running', 'comment': 'Elapsed time = 0.023  files = s000001.00001 g000001.00001 i000001.00001 b000001.00001 Success'}})
2025-09-09 16:20:26,689 fastran_tr0_fastran_5 DEBUG    _get_service_response(REQUEST|fastran_000001@fastran@5|FRAMEWORK@Framework@0|66)
2025-09-09 16:20:26,700 fastran_tr0_fastran_5 DEBUG    _get_service_response(REQUEST|fastran_000001@fastran@5|FRAMEWORK@Framework@0|66), response = ServiceResponseMessage(sender_id=FRAMEWORK@Framework@0, receiver_id=fastran_000001@fastran@5, request_msg_id=REQUEST|fastran_000001@fastran@5|FRAMEWORK@Framework@0|66,status=0, args=(None,), message_id=RESPONSE|FRAMEWORK@Framework@0|fastran_000001@fastran@5|508)
2025-09-09 16:20:26,710 fastran_tr0_fastran_5 DEBUG    _invoke_service(): getTopic  ('_IPS_MONITOR',)
2025-09-09 16:20:26,710 fastran_tr0_fastran_5 DEBUG    _get_service_response(REQUEST|fastran_000001@fastran@5|FRAMEWORK@Framework@0|67)
2025-09-09 16:20:26,720 fastran_tr0_fastran_5 DEBUG    _get_service_response(REQUEST|fastran_000001@fastran@5|FRAMEWORK@Framework@0|67), response = ServiceResponseMessage(sender_id=FRAMEWORK@Framework@0, receiver_id=fastran_000001@fastran@5, request_msg_id=REQUEST|fastran_000001@fastran@5|FRAMEWORK@Framework@0|67,status=0, args=(<ipsframework.cca_es_spec.Topic object at 0x7f87c63bcd00>,), message_id=RESPONSE|FRAMEWORK@Framework@0|fastran_000001@fastran@5|509)
2025-09-09 16:20:26,720 fastran_tr0_fastran_5 DEBUG    _invoke_service(): sendEvent  ('_IPS_MONITOR', 'PORTAL_EVENT', {'sim_name': 'fastran_000001', 'real_sim_name': 'fastran_000001', 'portal_data': {'code': 'fastran_tr0_fastran', 'eventtype': 'IPS_STAGE_INPUTS', 'ok': True, 'walltime': '58.79', 'time': '2025-09-09|16:20:26PDT', 'trace': {'timestamp': 1757460026700778, 'duration': 9407, 'localEndpoint': {'serviceName': 'stage_input_files'}, 'name': 'infastran0 intglf', 'id': 'dca1af508bf5af99', 'parentId': 'c09f50423e4e5f72', 'tags': {}}, 'state': 'Running', 'comment': 'Elapsed time = 0.009 Path = /pscratch/sd/b/bassem/ips/tglf-ep_32_repeat/input Files = infastran0 intglf'}})
2025-09-09 16:20:26,720 fastran_tr0_fastran_5 DEBUG    _get_service_response(REQUEST|fastran_000001@fastran@5|FRAMEWORK@Framework@0|68)
2025-09-09 16:20:26,731 fastran_tr0_fastran_5 DEBUG    _get_service_response(REQUEST|fastran_000001@fastran@5|FRAMEWORK@Framework@0|68), response = ServiceResponseMessage(sender_id=FRAMEWORK@Framework@0, receiver_id=fastran_000001@fastran@5, request_msg_id=REQUEST|fastran_000001@fastran@5|FRAMEWORK@Framework@0|68,status=0, args=(None,), message_id=RESPONSE|FRAMEWORK@Framework@0|fastran_000001@fastran@5|510)
2025-09-09 16:20:26,872 fastran_tr0_fastran_5 DEBUG    _invoke_service(): init_task  (TaskInit(nproc=1, binary='/global/common/software/atom/perlmutter/binaries/fastran/default/xfastran_ver1.00_ser', working_dir='/pscratch/sd/b/bassem/ips/tglf-ep_32_repeat/SCAN/work/fastran_tr0_fastran_5', tppn=0, tcpp=0, tgpp=0, block=True, omp=False, wnodes=True, wsocks=True, cmd_args=('1', '1')),)
2025-09-09 16:20:26,872 fastran_tr0_fastran_5 DEBUG    _get_service_response(REQUEST|fastran_000001@fastran@5|FRAMEWORK@Framework@0|69)
2025-09-09 16:20:26,883 fastran_tr0_fastran_5 DEBUG    _get_service_response(REQUEST|fastran_000001@fastran@5|FRAMEWORK@Framework@0|69), response = ServiceResponseMessage(sender_id=FRAMEWORK@Framework@0, receiver_id=fastran_000001@fastran@5, request_msg_id=REQUEST|fastran_000001@fastran@5|FRAMEWORK@Framework@0|69,status=0, args=((6, 'srun -N 1 -n 1 -c 128 --threads-per-core=1 --cpu-bind=cores /global/common/software/atom/perlmutter/binaries/fastran/default/xfastran_ver1.00_ser 1 1', None, 128),), message_id=RESPONSE|FRAMEWORK@Framework@0|fastran_000001@fastran@5|512)
2025-09-09 16:20:26,884 fastran_tr0_fastran_5 DEBUG    Launching command : srun -N 1 -n 1 -c 128 --threads-per-core=1 --cpu-bind=cores /global/common/software/atom/perlmutter/binaries/fastran/default/xfastran_ver1.00_ser 1 1
2025-09-09 16:20:26,897 fastran_tr0_fastran_5 DEBUG    _invoke_service(): getTopic  ('_IPS_MONITOR',)
2025-09-09 16:20:26,897 fastran_tr0_fastran_5 DEBUG    _get_service_response(REQUEST|fastran_000001@fastran@5|FRAMEWORK@Framework@0|70)
2025-09-09 16:20:26,908 fastran_tr0_fastran_5 DEBUG    _get_service_response(REQUEST|fastran_000001@fastran@5|FRAMEWORK@Framework@0|70), response = ServiceResponseMessage(sender_id=FRAMEWORK@Framework@0, receiver_id=fastran_000001@fastran@5, request_msg_id=REQUEST|fastran_000001@fastran@5|FRAMEWORK@Framework@0|70,status=0, args=(<ipsframework.cca_es_spec.Topic object at 0x7f87c63bcc40>,), message_id=RESPONSE|FRAMEWORK@Framework@0|fastran_000001@fastran@5|513)
2025-09-09 16:20:26,908 fastran_tr0_fastran_5 DEBUG    _invoke_service(): sendEvent  ('_IPS_MONITOR', 'PORTAL_EVENT', {'sim_name': 'fastran_000001', 'real_sim_name': 'fastran_000001', 'portal_data': {'code': 'fastran_tr0_fastran', 'eventtype': 'IPS_LAUNCH_TASK', 'ok': True, 'walltime': '58.97', 'time': '2025-09-09|16:20:26PDT', 'state': 'Running', 'comment': 'task_id = 6 , Tag = None , nproc = 1 , Target = srun -N 1 -n 1 -c 128 --threads-per-core=1 --cpu-bind=cores /global/common/software/atom/perlmutter/binaries/fastran/default/xfastran_ver1.00_ser 1 1'}})
2025-09-09 16:20:26,909 fastran_tr0_fastran_5 DEBUG    _get_service_response(REQUEST|fastran_000001@fastran@5|FRAMEWORK@Framework@0|71)
2025-09-09 16:20:26,919 fastran_tr0_fastran_5 DEBUG    _get_service_response(REQUEST|fastran_000001@fastran@5|FRAMEWORK@Framework@0|71), response = ServiceResponseMessage(sender_id=FRAMEWORK@Framework@0, receiver_id=fastran_000001@fastran@5, request_msg_id=REQUEST|fastran_000001@fastran@5|FRAMEWORK@Framework@0|71,status=0, args=(None,), message_id=RESPONSE|FRAMEWORK@Framework@0|fastran_000001@fastran@5|514)
2025-09-09 16:20:27,426 fastran_tr0_fastran_5 DEBUG    _invoke_service(): getTopic  ('_IPS_MONITOR',)
2025-09-09 16:20:27,426 fastran_tr0_fastran_5 DEBUG    _get_service_response(REQUEST|fastran_000001@fastran@5|FRAMEWORK@Framework@0|72)
2025-09-09 16:20:27,437 fastran_tr0_fastran_5 DEBUG    _get_service_response(REQUEST|fastran_000001@fastran@5|FRAMEWORK@Framework@0|72), response = ServiceResponseMessage(sender_id=FRAMEWORK@Framework@0, receiver_id=fastran_000001@fastran@5, request_msg_id=REQUEST|fastran_000001@fastran@5|FRAMEWORK@Framework@0|72,status=0, args=(<ipsframework.cca_es_spec.Topic object at 0x7f87c63bcee0>,), message_id=RESPONSE|FRAMEWORK@Framework@0|fastran_000001@fastran@5|516)
2025-09-09 16:20:27,437 fastran_tr0_fastran_5 DEBUG    _invoke_service(): sendEvent  ('_IPS_MONITOR', 'PORTAL_EVENT', {'sim_name': 'fastran_000001', 'real_sim_name': 'fastran_000001', 'portal_data': {'code': 'fastran_tr0_fastran', 'eventtype': 'IPS_TASK_END', 'ok': True, 'walltime': '59.50', 'time': '2025-09-09|16:20:27PDT', 'trace': {'timestamp': 1757460026896918, 'duration': 529310, 'localEndpoint': {'serviceName': '/global/common/software/atom/perlmutter/binaries/fastran/default/xfastran_ver1.00_ser'}, 'name': '1 1', 'id': '52b8dbf72cf75066', 'parentId': 'c09f50423e4e5f72', 'tags': {'procs_requested': '1', 'cores_allocated': '128'}}, 'state': 'Running', 'comment': 'task_id = 6  elapsed time = 0.53 S'}})
2025-09-09 16:20:27,437 fastran_tr0_fastran_5 DEBUG    _get_service_response(REQUEST|fastran_000001@fastran@5|FRAMEWORK@Framework@0|73)
2025-09-09 16:20:27,448 fastran_tr0_fastran_5 DEBUG    _get_service_response(REQUEST|fastran_000001@fastran@5|FRAMEWORK@Framework@0|73), response = ServiceResponseMessage(sender_id=FRAMEWORK@Framework@0, receiver_id=fastran_000001@fastran@5, request_msg_id=REQUEST|fastran_000001@fastran@5|FRAMEWORK@Framework@0|73,status=0, args=(None,), message_id=RESPONSE|FRAMEWORK@Framework@0|fastran_000001@fastran@5|517)
2025-09-09 16:20:27,448 fastran_tr0_fastran_5 DEBUG    _invoke_service(): finish_task  (6, 0)
2025-09-09 16:20:27,448 fastran_tr0_fastran_5 DEBUG    _get_service_response(REQUEST|fastran_000001@fastran@5|FRAMEWORK@Framework@0|74)
2025-09-09 16:20:27,459 fastran_tr0_fastran_5 DEBUG    _get_service_response(REQUEST|fastran_000001@fastran@5|FRAMEWORK@Framework@0|74), response = ServiceResponseMessage(sender_id=FRAMEWORK@Framework@0, receiver_id=fastran_000001@fastran@5, request_msg_id=REQUEST|fastran_000001@fastran@5|FRAMEWORK@Framework@0|74,status=0, args=(0,), message_id=RESPONSE|FRAMEWORK@Framework@0|fastran_000001@fastran@5|518)
2025-09-09 16:20:27,633 fastran_tr0_fastran_5 DEBUG    _invoke_service(): update_state  (['s000001.00001', 'g000001.00001', 'i000001.00001', 'b000001.00001'], '/pscratch/sd/b/bassem/ips/tglf-ep_32_repeat/SCAN/work/fastran_tr0_fastran_5', '/pscratch/sd/b/bassem/ips/tglf-ep_32_repeat/SCAN/work/plasma_state')
2025-09-09 16:20:27,633 fastran_tr0_fastran_5 DEBUG    _get_service_response(REQUEST|fastran_000001@fastran@5|FRAMEWORK@Framework@0|75)
2025-09-09 16:20:27,657 fastran_tr0_fastran_5 DEBUG    _get_service_response(REQUEST|fastran_000001@fastran@5|FRAMEWORK@Framework@0|75), response = ServiceResponseMessage(sender_id=FRAMEWORK@Framework@0, receiver_id=fastran_000001@fastran@5, request_msg_id=REQUEST|fastran_000001@fastran@5|FRAMEWORK@Framework@0|75,status=0, args=(0,), message_id=RESPONSE|FRAMEWORK@Framework@0|fastran_000001@fastran@5|519)
2025-09-09 16:20:27,657 fastran_tr0_fastran_5 DEBUG    _invoke_service(): getTopic  ('_IPS_MONITOR',)
2025-09-09 16:20:27,657 fastran_tr0_fastran_5 DEBUG    _get_service_response(REQUEST|fastran_000001@fastran@5|FRAMEWORK@Framework@0|76)
2025-09-09 16:20:27,668 fastran_tr0_fastran_5 DEBUG    _get_service_response(REQUEST|fastran_000001@fastran@5|FRAMEWORK@Framework@0|76), response = ServiceResponseMessage(sender_id=FRAMEWORK@Framework@0, receiver_id=fastran_000001@fastran@5, request_msg_id=REQUEST|fastran_000001@fastran@5|FRAMEWORK@Framework@0|76,status=0, args=(<ipsframework.cca_es_spec.Topic object at 0x7f87c63bc2e0>,), message_id=RESPONSE|FRAMEWORK@Framework@0|fastran_000001@fastran@5|520)
2025-09-09 16:20:27,668 fastran_tr0_fastran_5 DEBUG    _invoke_service(): sendEvent  ('_IPS_MONITOR', 'PORTAL_EVENT', {'sim_name': 'fastran_000001', 'real_sim_name': 'fastran_000001', 'portal_data': {'code': 'fastran_tr0_fastran', 'eventtype': 'IPS_UPDATE_STATE', 'ok': True, 'walltime': '59.73', 'time': '2025-09-09|16:20:27PDT', 'trace': {'timestamp': 1757460027632902, 'duration': 24459, 'localEndpoint': {'serviceName': 'update_state'}, 'name': "['s000001.00001', 'g000001.00001', 'i000001.00001', 'b000001.00001']", 'id': '2fc1229e1e650f1c', 'parentId': 'c09f50423e4e5f72', 'tags': {}}, 'state': 'Running', 'comment': 'Elapsed time = 0.024   files = s000001.00001 g000001.00001 i000001.00001 b000001.00001 Success'}})
2025-09-09 16:20:27,668 fastran_tr0_fastran_5 DEBUG    _get_service_response(REQUEST|fastran_000001@fastran@5|FRAMEWORK@Framework@0|77)
2025-09-09 16:20:27,679 fastran_tr0_fastran_5 DEBUG    _get_service_response(REQUEST|fastran_000001@fastran@5|FRAMEWORK@Framework@0|77), response = ServiceResponseMessage(sender_id=FRAMEWORK@Framework@0, receiver_id=fastran_000001@fastran@5, request_msg_id=REQUEST|fastran_000001@fastran@5|FRAMEWORK@Framework@0|77,status=0, args=(None,), message_id=RESPONSE|FRAMEWORK@Framework@0|fastran_000001@fastran@5|521)
2025-09-09 16:20:27,698 fastran_tr0_fastran_5 DEBUG    _invoke_service(): getTopic  ('_IPS_MONITOR',)
2025-09-09 16:20:27,698 fastran_tr0_fastran_5 DEBUG    _get_service_response(REQUEST|fastran_000001@fastran@5|FRAMEWORK@Framework@0|78)
2025-09-09 16:20:27,709 fastran_tr0_fastran_5 DEBUG    _get_service_response(REQUEST|fastran_000001@fastran@5|FRAMEWORK@Framework@0|78), response = ServiceResponseMessage(sender_id=FRAMEWORK@Framework@0, receiver_id=fastran_000001@fastran@5, request_msg_id=REQUEST|fastran_000001@fastran@5|FRAMEWORK@Framework@0|78,status=0, args=(<ipsframework.cca_es_spec.Topic object at 0x7f87c63bcb80>,), message_id=RESPONSE|FRAMEWORK@Framework@0|fastran_000001@fastran@5|522)
2025-09-09 16:20:27,709 fastran_tr0_fastran_5 DEBUG    _invoke_service(): sendEvent  ('_IPS_MONITOR', 'PORTAL_EVENT', {'sim_name': 'fastran_000001', 'real_sim_name': 'fastran_000001', 'portal_data': {'code': 'fastran_tr0_fastran', 'eventtype': 'IPS_STAGE_OUTPUTS', 'ok': True, 'walltime': '59.77', 'time': '2025-09-09|16:20:27PDT', 'trace': {'timestamp': 1757460027679116, 'duration': 19494, 'localEndpoint': {'serviceName': 'stage_output_files'}, 'name': "['fastran.nc', 'inprof', 'inmetric', 'infastran', 'intglf', 'xfastran.log', 'i000001.00001']", 'id': '7349cfaaafc33980', 'parentId': 'c09f50423e4e5f72', 'tags': {}}, 'state': 'Running', 'comment': "Elapsed time = 0.019 Path = /pscratch/sd/b/bassem/ips/tglf-ep_32_repeat/SCAN/simulation_results/preprocess_4/components/fastran_tr0_fastran_5 Files = ['fastran.nc', 'inprof', 'inmetric', 'infastran', 'intglf', 'xfastran.log', 'i000001.00001']"}})
2025-09-09 16:20:27,709 fastran_tr0_fastran_5 DEBUG    _get_service_response(REQUEST|fastran_000001@fastran@5|FRAMEWORK@Framework@0|79)
2025-09-09 16:20:27,720 fastran_tr0_fastran_5 DEBUG    _get_service_response(REQUEST|fastran_000001@fastran@5|FRAMEWORK@Framework@0|79), response = ServiceResponseMessage(sender_id=FRAMEWORK@Framework@0, receiver_id=fastran_000001@fastran@5, request_msg_id=REQUEST|fastran_000001@fastran@5|FRAMEWORK@Framework@0|79,status=0, args=(None,), message_id=RESPONSE|FRAMEWORK@Framework@0|fastran_000001@fastran@5|523)
2025-09-09 16:20:27,730 fastran_driver_fastran_driver_2 DEBUG    _get_service_response(REQUEST|fastran_000001@fastran_driver@2|FRAMEWORK@Framework@0|184), response = ServiceResponseMessage(sender_id=FRAMEWORK@Framework@0, receiver_id=fastran_000001@fastran_driver@2, request_msg_id=REQUEST|fastran_000001@fastran_driver@2|FRAMEWORK@Framework@0|184,status=0, args=((None,),), message_id=RESPONSE|FRAMEWORK@Framework@0|fastran_000001@fastran_driver@2|524)
2025-09-09 16:20:27,731 fastran_driver_fastran_driver_2 DEBUG    _invoke_service(): getTopic  ('_IPS_MONITOR',)
2025-09-09 16:20:27,731 fastran_driver_fastran_driver_2 DEBUG    _get_service_response(REQUEST|fastran_000001@fastran_driver@2|FRAMEWORK@Framework@0|185)
2025-09-09 16:20:27,741 fastran_driver_fastran_driver_2 DEBUG    _get_service_response(REQUEST|fastran_000001@fastran_driver@2|FRAMEWORK@Framework@0|185), response = ServiceResponseMessage(sender_id=FRAMEWORK@Framework@0, receiver_id=fastran_000001@fastran_driver@2, request_msg_id=REQUEST|fastran_000001@fastran_driver@2|FRAMEWORK@Framework@0|185,status=0, args=(<ipsframework.cca_es_spec.Topic object at 0x7f87c63e0160>,), message_id=RESPONSE|FRAMEWORK@Framework@0|fastran_000001@fastran_driver@2|525)
2025-09-09 16:20:27,741 fastran_driver_fastran_driver_2 DEBUG    _invoke_service(): sendEvent  ('_IPS_MONITOR', 'PORTAL_EVENT', {'sim_name': 'fastran_000001', 'real_sim_name': 'fastran_000001', 'portal_data': {'code': 'fastran_driver_fastran_driver', 'eventtype': 'IPS_CALL_END', 'ok': True, 'walltime': '59.81', 'time': '2025-09-09|16:20:27PDT', 'trace': {'timestamp': 1757460026664565, 'duration': 1066502, 'localEndpoint': {'serviceName': 'fastran_000001@fastran@5'}, 'name': 'step(preprocess_4)', 'id': 'c09f50423e4e5f72', 'parentId': '15e0663de819b9fa', 'tags': {}}, 'state': 'Running', 'comment': 'Target = fastran_000001@fastran@5:step(preprocess_4)'}})
2025-09-09 16:20:27,742 fastran_driver_fastran_driver_2 DEBUG    _get_service_response(REQUEST|fastran_000001@fastran_driver@2|FRAMEWORK@Framework@0|186)
2025-09-09 16:20:27,752 fastran_driver_fastran_driver_2 DEBUG    _get_service_response(REQUEST|fastran_000001@fastran_driver@2|FRAMEWORK@Framework@0|186), response = ServiceResponseMessage(sender_id=FRAMEWORK@Framework@0, receiver_id=fastran_000001@fastran_driver@2, request_msg_id=REQUEST|fastran_000001@fastran_driver@2|FRAMEWORK@Framework@0|186,status=0, args=(None,), message_id=RESPONSE|FRAMEWORK@Framework@0|fastran_000001@fastran_driver@2|526)
2025-09-09 16:20:27,753 fastran_driver_fastran_driver_2 DEBUG    _invoke_service(): getTopic  ('_IPS_MONITOR',)
2025-09-09 16:20:27,753 fastran_driver_fastran_driver_2 DEBUG    _get_service_response(REQUEST|fastran_000001@fastran_driver@2|FRAMEWORK@Framework@0|187)
2025-09-09 16:20:27,764 fastran_driver_fastran_driver_2 DEBUG    _get_service_response(REQUEST|fastran_000001@fastran_driver@2|FRAMEWORK@Framework@0|187), response = ServiceResponseMessage(sender_id=FRAMEWORK@Framework@0, receiver_id=fastran_000001@fastran_driver@2, request_msg_id=REQUEST|fastran_000001@fastran_driver@2|FRAMEWORK@Framework@0|187,status=0, args=(<ipsframework.cca_es_spec.Topic object at 0x7f87c63e01c0>,), message_id=RESPONSE|FRAMEWORK@Framework@0|fastran_000001@fastran_driver@2|527)
2025-09-09 16:20:27,764 fastran_driver_fastran_driver_2 DEBUG    _invoke_service(): sendEvent  ('_IPS_MONITOR', 'PORTAL_EVENT', {'sim_name': 'fastran_000001', 'real_sim_name': 'fastran_000001', 'portal_data': {'code': 'fastran_driver_fastran_driver', 'eventtype': 'IPS_CALL_BEGIN', 'ok': True, 'walltime': '59.83', 'time': '2025-09-09|16:20:27PDT', 'state': 'Running', 'comment': 'Target = fastran_000001@modeleq_constraint@6:step(preprocess_4)'}})
2025-09-09 16:20:27,764 fastran_driver_fastran_driver_2 DEBUG    _get_service_response(REQUEST|fastran_000001@fastran_driver@2|FRAMEWORK@Framework@0|188)
2025-09-09 16:20:27,775 fastran_driver_fastran_driver_2 DEBUG    _get_service_response(REQUEST|fastran_000001@fastran_driver@2|FRAMEWORK@Framework@0|188), response = ServiceResponseMessage(sender_id=FRAMEWORK@Framework@0, receiver_id=fastran_000001@fastran_driver@2, request_msg_id=REQUEST|fastran_000001@fastran_driver@2|FRAMEWORK@Framework@0|188,status=0, args=(None,), message_id=RESPONSE|FRAMEWORK@Framework@0|fastran_000001@fastran_driver@2|528)
2025-09-09 16:20:27,775 fastran_driver_fastran_driver_2 DEBUG    _invoke_service(): init_call  ('step', 'preprocess_4')
2025-09-09 16:20:27,775 fastran_driver_fastran_driver_2 DEBUG    _get_service_response(REQUEST|fastran_000001@fastran_driver@2|FRAMEWORK@Framework@0|189)
2025-09-09 16:20:27,776 fastran__modeleq_constraint_6 DEBUG    Received Message 
2025-09-09 16:20:27,776 fastran__modeleq_constraint_6 DEBUG    Calling method step(preprocess_4)
2025-09-09 16:20:27,776 fastran__modeleq_constraint_6 DEBUG    _invoke_service(): stage_state  (['s000001.00001', 'g000001.00001', 'i000001.00001', 'b000001.00001'], '/pscratch/sd/b/bassem/ips/tglf-ep_32_repeat/SCAN/work/plasma_state', '/pscratch/sd/b/bassem/ips/tglf-ep_32_repeat/SCAN/work/fastran__modeleq_constraint_6')
2025-09-09 16:20:27,776 fastran__modeleq_constraint_6 DEBUG    _get_service_response(REQUEST|fastran_000001@modeleq_constraint@6|FRAMEWORK@Framework@0|32)
2025-09-09 16:20:27,786 fastran_driver_fastran_driver_2 DEBUG    _get_service_response(REQUEST|fastran_000001@fastran_driver@2|FRAMEWORK@Framework@0|189), response = ServiceResponseMessage(sender_id=FRAMEWORK@Framework@0, receiver_id=fastran_000001@fastran_driver@2, request_msg_id=REQUEST|fastran_000001@fastran_driver@2|FRAMEWORK@Framework@0|189,status=0, args=(36,), message_id=RESPONSE|FRAMEWORK@Framework@0|fastran_000001@fastran_driver@2|529)
2025-09-09 16:20:27,786 fastran_driver_fastran_driver_2 DEBUG    _invoke_service(): wait_call  (36, True)
2025-09-09 16:20:27,786 fastran_driver_fastran_driver_2 DEBUG    _get_service_response(REQUEST|fastran_000001@fastran_driver@2|FRAMEWORK@Framework@0|190)
2025-09-09 16:20:27,799 fastran__modeleq_constraint_6 DEBUG    _get_service_response(REQUEST|fastran_000001@modeleq_constraint@6|FRAMEWORK@Framework@0|32), response = ServiceResponseMessage(sender_id=FRAMEWORK@Framework@0, receiver_id=fastran_000001@modeleq_constraint@6, request_msg_id=REQUEST|fastran_000001@modeleq_constraint@6|FRAMEWORK@Framework@0|32,status=0, args=(0,), message_id=RESPONSE|FRAMEWORK@Framework@0|fastran_000001@modeleq_constraint@6|530)
2025-09-09 16:20:27,799 fastran__modeleq_constraint_6 DEBUG    _invoke_service(): getTopic  ('_IPS_MONITOR',)
2025-09-09 16:20:27,799 fastran__modeleq_constraint_6 DEBUG    _get_service_response(REQUEST|fastran_000001@modeleq_constraint@6|FRAMEWORK@Framework@0|33)
2025-09-09 16:20:27,810 fastran__modeleq_constraint_6 DEBUG    _get_service_response(REQUEST|fastran_000001@modeleq_constraint@6|FRAMEWORK@Framework@0|33), response = ServiceResponseMessage(sender_id=FRAMEWORK@Framework@0, receiver_id=fastran_000001@modeleq_constraint@6, request_msg_id=REQUEST|fastran_000001@modeleq_constraint@6|FRAMEWORK@Framework@0|33,status=0, args=(<ipsframework.cca_es_spec.Topic object at 0x7f87c63a3640>,), message_id=RESPONSE|FRAMEWORK@Framework@0|fastran_000001@modeleq_constraint@6|531)
2025-09-09 16:20:27,810 fastran__modeleq_constraint_6 DEBUG    _invoke_service(): sendEvent  ('_IPS_MONITOR', 'PORTAL_EVENT', {'sim_name': 'fastran_000001', 'real_sim_name': 'fastran_000001', 'portal_data': {'code': 'fastran__modeleq_constraint', 'eventtype': 'IPS_STAGE_STATE', 'ok': True, 'walltime': '59.88', 'time': '2025-09-09|16:20:27PDT', 'trace': {'timestamp': 1757460027776300, 'duration': 23030, 'localEndpoint': {'serviceName': 'stage_state'}, 'name': "['s000001.00001', 'g000001.00001', 'i000001.00001', 'b000001.00001']", 'id': 'ff3119918b5e7670', 'parentId': '2a32e19710c5bb43', 'tags': {}}, 'state': 'Running', 'comment': 'Elapsed time = 0.023  files = s000001.00001 g000001.00001 i000001.00001 b000001.00001 Success'}})
2025-09-09 16:20:27,810 fastran__modeleq_constraint_6 DEBUG    _get_service_response(REQUEST|fastran_000001@modeleq_constraint@6|FRAMEWORK@Framework@0|34)
2025-09-09 16:20:27,820 fastran__modeleq_constraint_6 DEBUG    _get_service_response(REQUEST|fastran_000001@modeleq_constraint@6|FRAMEWORK@Framework@0|34), response = ServiceResponseMessage(sender_id=FRAMEWORK@Framework@0, receiver_id=fastran_000001@modeleq_constraint@6, request_msg_id=REQUEST|fastran_000001@modeleq_constraint@6|FRAMEWORK@Framework@0|34,status=0, args=(None,), message_id=RESPONSE|FRAMEWORK@Framework@0|fastran_000001@modeleq_constraint@6|532)
2025-09-09 16:20:28,824 fastran__modeleq_constraint_6 DEBUG    _invoke_service(): update_state  (['s000001.00001', 'g000001.00001', 'i000001.00001', 'b000001.00001'], '/pscratch/sd/b/bassem/ips/tglf-ep_32_repeat/SCAN/work/fastran__modeleq_constraint_6', '/pscratch/sd/b/bassem/ips/tglf-ep_32_repeat/SCAN/work/plasma_state')
2025-09-09 16:20:28,825 fastran__modeleq_constraint_6 DEBUG    _get_service_response(REQUEST|fastran_000001@modeleq_constraint@6|FRAMEWORK@Framework@0|35)
2025-09-09 16:20:28,847 fastran__modeleq_constraint_6 DEBUG    _get_service_response(REQUEST|fastran_000001@modeleq_constraint@6|FRAMEWORK@Framework@0|35), response = ServiceResponseMessage(sender_id=FRAMEWORK@Framework@0, receiver_id=fastran_000001@modeleq_constraint@6, request_msg_id=REQUEST|fastran_000001@modeleq_constraint@6|FRAMEWORK@Framework@0|35,status=0, args=(0,), message_id=RESPONSE|FRAMEWORK@Framework@0|fastran_000001@modeleq_constraint@6|535)
2025-09-09 16:20:28,847 fastran__modeleq_constraint_6 DEBUG    _invoke_service(): getTopic  ('_IPS_MONITOR',)
2025-09-09 16:20:28,847 fastran__modeleq_constraint_6 DEBUG    _get_service_response(REQUEST|fastran_000001@modeleq_constraint@6|FRAMEWORK@Framework@0|36)
2025-09-09 16:20:28,858 fastran__modeleq_constraint_6 DEBUG    _get_service_response(REQUEST|fastran_000001@modeleq_constraint@6|FRAMEWORK@Framework@0|36), response = ServiceResponseMessage(sender_id=FRAMEWORK@Framework@0, receiver_id=fastran_000001@modeleq_constraint@6, request_msg_id=REQUEST|fastran_000001@modeleq_constraint@6|FRAMEWORK@Framework@0|36,status=0, args=(<ipsframework.cca_es_spec.Topic object at 0x7f87c63ae2e0>,), message_id=RESPONSE|FRAMEWORK@Framework@0|fastran_000001@modeleq_constraint@6|536)
2025-09-09 16:20:28,858 fastran__modeleq_constraint_6 DEBUG    _invoke_service(): sendEvent  ('_IPS_MONITOR', 'PORTAL_EVENT', {'sim_name': 'fastran_000001', 'real_sim_name': 'fastran_000001', 'portal_data': {'code': 'fastran__modeleq_constraint', 'eventtype': 'IPS_UPDATE_STATE', 'ok': True, 'walltime': '60.92', 'time': '2025-09-09|16:20:28PDT', 'trace': {'timestamp': 1757460028824247, 'duration': 23294, 'localEndpoint': {'serviceName': 'update_state'}, 'name': "['s000001.00001', 'g000001.00001', 'i000001.00001', 'b000001.00001']", 'id': '2fc1229e1e650f1c', 'parentId': '2a32e19710c5bb43', 'tags': {}}, 'state': 'Running', 'comment': 'Elapsed time = 0.023   files = s000001.00001 g000001.00001 i000001.00001 b000001.00001 Success'}})
2025-09-09 16:20:28,858 fastran__modeleq_constraint_6 DEBUG    _get_service_response(REQUEST|fastran_000001@modeleq_constraint@6|FRAMEWORK@Framework@0|37)
2025-09-09 16:20:28,868 fastran__modeleq_constraint_6 DEBUG    _get_service_response(REQUEST|fastran_000001@modeleq_constraint@6|FRAMEWORK@Framework@0|37), response = ServiceResponseMessage(sender_id=FRAMEWORK@Framework@0, receiver_id=fastran_000001@modeleq_constraint@6, request_msg_id=REQUEST|fastran_000001@modeleq_constraint@6|FRAMEWORK@Framework@0|37,status=0, args=(None,), message_id=RESPONSE|FRAMEWORK@Framework@0|fastran_000001@modeleq_constraint@6|537)
2025-09-09 16:20:28,869 fastran__modeleq_constraint_6 DEBUG    _invoke_service(): getTopic  ('_IPS_MONITOR',)
2025-09-09 16:20:28,869 fastran__modeleq_constraint_6 DEBUG    _get_service_response(REQUEST|fastran_000001@modeleq_constraint@6|FRAMEWORK@Framework@0|38)
2025-09-09 16:20:28,880 fastran__modeleq_constraint_6 DEBUG    _get_service_response(REQUEST|fastran_000001@modeleq_constraint@6|FRAMEWORK@Framework@0|38), response = ServiceResponseMessage(sender_id=FRAMEWORK@Framework@0, receiver_id=fastran_000001@modeleq_constraint@6, request_msg_id=REQUEST|fastran_000001@modeleq_constraint@6|FRAMEWORK@Framework@0|38,status=0, args=(<ipsframework.cca_es_spec.Topic object at 0x7f87c63ae3d0>,), message_id=RESPONSE|FRAMEWORK@Framework@0|fastran_000001@modeleq_constraint@6|538)
2025-09-09 16:20:28,880 fastran__modeleq_constraint_6 DEBUG    _invoke_service(): sendEvent  ('_IPS_MONITOR', 'PORTAL_EVENT', {'sim_name': 'fastran_000001', 'real_sim_name': 'fastran_000001', 'portal_data': {'code': 'fastran__modeleq_constraint', 'eventtype': 'IPS_STAGE_OUTPUTS', 'ok': True, 'walltime': '60.95', 'time': '2025-09-09|16:20:28PDT', 'trace': {'timestamp': 1757460028868996, 'duration': 249, 'localEndpoint': {'serviceName': 'stage_output_files'}, 'name': '[]', 'id': 'ed019efe11be26d9', 'parentId': '2a32e19710c5bb43', 'tags': {}}, 'state': 'Running', 'comment': 'Elapsed time = 0.000 Path = /pscratch/sd/b/bassem/ips/tglf-ep_32_repeat/SCAN/simulation_results/preprocess_4/components/fastran__modeleq_constraint_6 Files = []'}})
2025-09-09 16:20:28,880 fastran__modeleq_constraint_6 DEBUG    _get_service_response(REQUEST|fastran_000001@modeleq_constraint@6|FRAMEWORK@Framework@0|39)
2025-09-09 16:20:28,891 fastran__modeleq_constraint_6 DEBUG    _get_service_response(REQUEST|fastran_000001@modeleq_constraint@6|FRAMEWORK@Framework@0|39), response = ServiceResponseMessage(sender_id=FRAMEWORK@Framework@0, receiver_id=fastran_000001@modeleq_constraint@6, request_msg_id=REQUEST|fastran_000001@modeleq_constraint@6|FRAMEWORK@Framework@0|39,status=0, args=(None,), message_id=RESPONSE|FRAMEWORK@Framework@0|fastran_000001@modeleq_constraint@6|539)
2025-09-09 16:20:28,902 fastran_driver_fastran_driver_2 DEBUG    _get_service_response(REQUEST|fastran_000001@fastran_driver@2|FRAMEWORK@Framework@0|190), response = ServiceResponseMessage(sender_id=FRAMEWORK@Framework@0, receiver_id=fastran_000001@fastran_driver@2, request_msg_id=REQUEST|fastran_000001@fastran_driver@2|FRAMEWORK@Framework@0|190,status=0, args=((None,),), message_id=RESPONSE|FRAMEWORK@Framework@0|fastran_000001@fastran_driver@2|540)
2025-09-09 16:20:28,903 fastran_driver_fastran_driver_2 DEBUG    _invoke_service(): getTopic  ('_IPS_MONITOR',)
2025-09-09 16:20:28,903 fastran_driver_fastran_driver_2 DEBUG    _get_service_response(REQUEST|fastran_000001@fastran_driver@2|FRAMEWORK@Framework@0|191)
2025-09-09 16:20:28,913 fastran_driver_fastran_driver_2 DEBUG    _get_service_response(REQUEST|fastran_000001@fastran_driver@2|FRAMEWORK@Framework@0|191), response = ServiceResponseMessage(sender_id=FRAMEWORK@Framework@0, receiver_id=fastran_000001@fastran_driver@2, request_msg_id=REQUEST|fastran_000001@fastran_driver@2|FRAMEWORK@Framework@0|191,status=0, args=(<ipsframework.cca_es_spec.Topic object at 0x7f87c63e0160>,), message_id=RESPONSE|FRAMEWORK@Framework@0|fastran_000001@fastran_driver@2|541)
2025-09-09 16:20:28,914 fastran_driver_fastran_driver_2 DEBUG    _invoke_service(): sendEvent  ('_IPS_MONITOR', 'PORTAL_EVENT', {'sim_name': 'fastran_000001', 'real_sim_name': 'fastran_000001', 'portal_data': {'code': 'fastran_driver_fastran_driver', 'eventtype': 'IPS_CALL_END', 'ok': True, 'walltime': '60.98', 'time': '2025-09-09|16:20:28PDT', 'trace': {'timestamp': 1757460027786233, 'duration': 1116893, 'localEndpoint': {'serviceName': 'fastran_000001@modeleq_constraint@6'}, 'name': 'step(preprocess_4)', 'id': '2a32e19710c5bb43', 'parentId': '15e0663de819b9fa', 'tags': {}}, 'state': 'Running', 'comment': 'Target = fastran_000001@modeleq_constraint@6:step(preprocess_4)'}})
2025-09-09 16:20:28,914 fastran_driver_fastran_driver_2 DEBUG    _get_service_response(REQUEST|fastran_000001@fastran_driver@2|FRAMEWORK@Framework@0|192)
2025-09-09 16:20:28,924 fastran_driver_fastran_driver_2 DEBUG    _get_service_response(REQUEST|fastran_000001@fastran_driver@2|FRAMEWORK@Framework@0|192), response = ServiceResponseMessage(sender_id=FRAMEWORK@Framework@0, receiver_id=fastran_000001@fastran_driver@2, request_msg_id=REQUEST|fastran_000001@fastran_driver@2|FRAMEWORK@Framework@0|192,status=0, args=(None,), message_id=RESPONSE|FRAMEWORK@Framework@0|fastran_000001@fastran_driver@2|543)
2025-09-09 16:20:28,925 fastran_driver_fastran_driver_2 DEBUG    _invoke_service(): getTopic  ('_IPS_MONITOR',)
2025-09-09 16:20:28,925 fastran_driver_fastran_driver_2 DEBUG    _get_service_response(REQUEST|fastran_000001@fastran_driver@2|FRAMEWORK@Framework@0|193)
2025-09-09 16:20:28,935 fastran_driver_fastran_driver_2 DEBUG    _get_service_response(REQUEST|fastran_000001@fastran_driver@2|FRAMEWORK@Framework@0|193), response = ServiceResponseMessage(sender_id=FRAMEWORK@Framework@0, receiver_id=fastran_000001@fastran_driver@2, request_msg_id=REQUEST|fastran_000001@fastran_driver@2|FRAMEWORK@Framework@0|193,status=0, args=(<ipsframework.cca_es_spec.Topic object at 0x7f87c63e02b0>,), message_id=RESPONSE|FRAMEWORK@Framework@0|fastran_000001@fastran_driver@2|544)
2025-09-09 16:20:28,936 fastran_driver_fastran_driver_2 DEBUG    _invoke_service(): sendEvent  ('_IPS_MONITOR', 'PORTALBRIDGE_UPDATE_TIMESTAMP', {'sim_name': 'fastran_000001', 'real_sim_name': 'fastran_000001', 'portal_data': {'phystimestamp': 'preprocess_5', 'eventtype': 'PORTALBRIDGE_UPDATE_TIMESTAMP'}})
2025-09-09 16:20:28,936 fastran_driver_fastran_driver_2 DEBUG    _get_service_response(REQUEST|fastran_000001@fastran_driver@2|FRAMEWORK@Framework@0|194)
2025-09-09 16:20:28,946 fastran_driver_fastran_driver_2 DEBUG    _get_service_response(REQUEST|fastran_000001@fastran_driver@2|FRAMEWORK@Framework@0|194), response = ServiceResponseMessage(sender_id=FRAMEWORK@Framework@0, receiver_id=fastran_000001@fastran_driver@2, request_msg_id=REQUEST|fastran_000001@fastran_driver@2|FRAMEWORK@Framework@0|194,status=0, args=(None,), message_id=RESPONSE|FRAMEWORK@Framework@0|fastran_000001@fastran_driver@2|545)
2025-09-09 16:20:28,946 fastran_driver_fastran_driver_2 DEBUG    _invoke_service(): getTopic  ('_IPS_MONITOR',)
2025-09-09 16:20:28,946 fastran_driver_fastran_driver_2 DEBUG    _get_service_response(REQUEST|fastran_000001@fastran_driver@2|FRAMEWORK@Framework@0|195)
2025-09-09 16:20:28,957 fastran_driver_fastran_driver_2 DEBUG    _get_service_response(REQUEST|fastran_000001@fastran_driver@2|FRAMEWORK@Framework@0|195), response = ServiceResponseMessage(sender_id=FRAMEWORK@Framework@0, receiver_id=fastran_000001@fastran_driver@2, request_msg_id=REQUEST|fastran_000001@fastran_driver@2|FRAMEWORK@Framework@0|195,status=0, args=(<ipsframework.cca_es_spec.Topic object at 0x7f87c63e01f0>,), message_id=RESPONSE|FRAMEWORK@Framework@0|fastran_000001@fastran_driver@2|546)
2025-09-09 16:20:28,957 fastran_driver_fastran_driver_2 DEBUG    _invoke_service(): sendEvent  ('_IPS_MONITOR', 'PORTAL_EVENT', {'sim_name': 'fastran_000001', 'real_sim_name': 'fastran_000001', 'portal_data': {'code': 'fastran_driver_fastran_driver', 'eventtype': 'IPS_UPDATE_TIME_STAMP', 'ok': True, 'walltime': '61.02', 'time': '2025-09-09|16:20:28PDT', 'state': 'Running', 'comment': 'Timestamp = preprocess_5'}})
2025-09-09 16:20:28,957 fastran_driver_fastran_driver_2 DEBUG    _get_service_response(REQUEST|fastran_000001@fastran_driver@2|FRAMEWORK@Framework@0|196)
2025-09-09 16:20:28,968 fastran_driver_fastran_driver_2 DEBUG    _get_service_response(REQUEST|fastran_000001@fastran_driver@2|FRAMEWORK@Framework@0|196), response = ServiceResponseMessage(sender_id=FRAMEWORK@Framework@0, receiver_id=fastran_000001@fastran_driver@2, request_msg_id=REQUEST|fastran_000001@fastran_driver@2|FRAMEWORK@Framework@0|196,status=0, args=(None,), message_id=RESPONSE|FRAMEWORK@Framework@0|fastran_000001@fastran_driver@2|547)
2025-09-09 16:20:28,968 fastran_driver_fastran_driver_2 DEBUG    _invoke_service(): getTopic  ('_IPS_MONITOR',)
2025-09-09 16:20:28,968 fastran_driver_fastran_driver_2 DEBUG    _get_service_response(REQUEST|fastran_000001@fastran_driver@2|FRAMEWORK@Framework@0|197)
2025-09-09 16:20:28,979 fastran_driver_fastran_driver_2 DEBUG    _get_service_response(REQUEST|fastran_000001@fastran_driver@2|FRAMEWORK@Framework@0|197), response = ServiceResponseMessage(sender_id=FRAMEWORK@Framework@0, receiver_id=fastran_000001@fastran_driver@2, request_msg_id=REQUEST|fastran_000001@fastran_driver@2|FRAMEWORK@Framework@0|197,status=0, args=(<ipsframework.cca_es_spec.Topic object at 0x7f87c63e0160>,), message_id=RESPONSE|FRAMEWORK@Framework@0|fastran_000001@fastran_driver@2|548)
2025-09-09 16:20:28,979 fastran_driver_fastran_driver_2 DEBUG    _invoke_service(): sendEvent  ('_IPS_MONITOR', 'PORTAL_EVENT', {'sim_name': 'fastran_000001', 'real_sim_name': 'fastran_000001', 'portal_data': {'code': 'fastran_driver_fastran_driver', 'eventtype': 'IPS_CALL_BEGIN', 'ok': True, 'walltime': '61.04', 'time': '2025-09-09|16:20:28PDT', 'state': 'Running', 'comment': 'Target = fastran_000001@efit@3:step(preprocess_5)'}})
2025-09-09 16:20:28,979 fastran_driver_fastran_driver_2 DEBUG    _get_service_response(REQUEST|fastran_000001@fastran_driver@2|FRAMEWORK@Framework@0|198)
2025-09-09 16:20:28,989 fastran_driver_fastran_driver_2 DEBUG    _get_service_response(REQUEST|fastran_000001@fastran_driver@2|FRAMEWORK@Framework@0|198), response = ServiceResponseMessage(sender_id=FRAMEWORK@Framework@0, receiver_id=fastran_000001@fastran_driver@2, request_msg_id=REQUEST|fastran_000001@fastran_driver@2|FRAMEWORK@Framework@0|198,status=0, args=(None,), message_id=RESPONSE|FRAMEWORK@Framework@0|fastran_000001@fastran_driver@2|549)
2025-09-09 16:20:28,990 fastran_driver_fastran_driver_2 DEBUG    _invoke_service(): init_call  ('step', 'preprocess_5')
2025-09-09 16:20:28,990 fastran_driver_fastran_driver_2 DEBUG    _get_service_response(REQUEST|fastran_000001@fastran_driver@2|FRAMEWORK@Framework@0|199)
2025-09-09 16:20:28,990 fastran_eq0_efit_3 DEBUG    Received Message 
2025-09-09 16:20:28,990 fastran_eq0_efit_3 DEBUG    Calling method step(preprocess_5)
2025-09-09 16:20:28,991 fastran_eq0_efit_3 DEBUG    _invoke_service(): stage_state  (['s000001.00001', 'g000001.00001', 'i000001.00001', 'b000001.00001'], '/pscratch/sd/b/bassem/ips/tglf-ep_32_repeat/SCAN/work/plasma_state', '/pscratch/sd/b/bassem/ips/tglf-ep_32_repeat/SCAN/work/fastran_eq0_efit_3')
2025-09-09 16:20:28,991 fastran_eq0_efit_3 DEBUG    _get_service_response(REQUEST|fastran_000001@efit@3|FRAMEWORK@Framework@0|46)
2025-09-09 16:20:29,000 fastran_driver_fastran_driver_2 DEBUG    _get_service_response(REQUEST|fastran_000001@fastran_driver@2|FRAMEWORK@Framework@0|199), response = ServiceResponseMessage(sender_id=FRAMEWORK@Framework@0, receiver_id=fastran_000001@fastran_driver@2, request_msg_id=REQUEST|fastran_000001@fastran_driver@2|FRAMEWORK@Framework@0|199,status=0, args=(37,), message_id=RESPONSE|FRAMEWORK@Framework@0|fastran_000001@fastran_driver@2|550)
2025-09-09 16:20:29,000 fastran_driver_fastran_driver_2 DEBUG    _invoke_service(): wait_call  (37, True)
2025-09-09 16:20:29,000 fastran_driver_fastran_driver_2 DEBUG    _get_service_response(REQUEST|fastran_000001@fastran_driver@2|FRAMEWORK@Framework@0|200)
2025-09-09 16:20:29,015 fastran_eq0_efit_3 DEBUG    _get_service_response(REQUEST|fastran_000001@efit@3|FRAMEWORK@Framework@0|46), response = ServiceResponseMessage(sender_id=FRAMEWORK@Framework@0, receiver_id=fastran_000001@efit@3, request_msg_id=REQUEST|fastran_000001@efit@3|FRAMEWORK@Framework@0|46,status=0, args=(0,), message_id=RESPONSE|FRAMEWORK@Framework@0|fastran_000001@efit@3|551)
2025-09-09 16:20:29,015 fastran_eq0_efit_3 DEBUG    _invoke_service(): getTopic  ('_IPS_MONITOR',)
2025-09-09 16:20:29,015 fastran_eq0_efit_3 DEBUG    _get_service_response(REQUEST|fastran_000001@efit@3|FRAMEWORK@Framework@0|47)
2025-09-09 16:20:29,026 fastran_eq0_efit_3 DEBUG    _get_service_response(REQUEST|fastran_000001@efit@3|FRAMEWORK@Framework@0|47), response = ServiceResponseMessage(sender_id=FRAMEWORK@Framework@0, receiver_id=fastran_000001@efit@3, request_msg_id=REQUEST|fastran_000001@efit@3|FRAMEWORK@Framework@0|47,status=0, args=(<ipsframework.cca_es_spec.Topic object at 0x7f87c639bfa0>,), message_id=RESPONSE|FRAMEWORK@Framework@0|fastran_000001@efit@3|552)
2025-09-09 16:20:29,026 fastran_eq0_efit_3 DEBUG    _invoke_service(): sendEvent  ('_IPS_MONITOR', 'PORTAL_EVENT', {'sim_name': 'fastran_000001', 'real_sim_name': 'fastran_000001', 'portal_data': {'code': 'fastran_eq0_efit', 'eventtype': 'IPS_STAGE_STATE', 'ok': True, 'walltime': '61.09', 'time': '2025-09-09|16:20:29PDT', 'trace': {'timestamp': 1757460028991296, 'duration': 23968, 'localEndpoint': {'serviceName': 'stage_state'}, 'name': "['s000001.00001', 'g000001.00001', 'i000001.00001', 'b000001.00001']", 'id': 'ff3119918b5e7670', 'parentId': '89fa39122d2046a1', 'tags': {}}, 'state': 'Running', 'comment': 'Elapsed time = 0.024  files = s000001.00001 g000001.00001 i000001.00001 b000001.00001 Success'}})
2025-09-09 16:20:29,026 fastran_eq0_efit_3 DEBUG    _get_service_response(REQUEST|fastran_000001@efit@3|FRAMEWORK@Framework@0|48)
2025-09-09 16:20:29,036 fastran_eq0_efit_3 DEBUG    _get_service_response(REQUEST|fastran_000001@efit@3|FRAMEWORK@Framework@0|48), response = ServiceResponseMessage(sender_id=FRAMEWORK@Framework@0, receiver_id=fastran_000001@efit@3, request_msg_id=REQUEST|fastran_000001@efit@3|FRAMEWORK@Framework@0|48,status=0, args=(None,), message_id=RESPONSE|FRAMEWORK@Framework@0|fastran_000001@efit@3|553)
2025-09-09 16:20:31,002 fastran_eq0_efit_3 DEBUG    _invoke_service(): update_state  (['s000001.00001', 'g000001.00001', 'i000001.00001', 'b000001.00001'], '/pscratch/sd/b/bassem/ips/tglf-ep_32_repeat/SCAN/work/fastran_eq0_efit_3', '/pscratch/sd/b/bassem/ips/tglf-ep_32_repeat/SCAN/work/plasma_state')
2025-09-09 16:20:31,002 fastran_eq0_efit_3 DEBUG    _get_service_response(REQUEST|fastran_000001@efit@3|FRAMEWORK@Framework@0|49)
2025-09-09 16:20:31,024 fastran_eq0_efit_3 DEBUG    _get_service_response(REQUEST|fastran_000001@efit@3|FRAMEWORK@Framework@0|49), response = ServiceResponseMessage(sender_id=FRAMEWORK@Framework@0, receiver_id=fastran_000001@efit@3, request_msg_id=REQUEST|fastran_000001@efit@3|FRAMEWORK@Framework@0|49,status=0, args=(0,), message_id=RESPONSE|FRAMEWORK@Framework@0|fastran_000001@efit@3|558)
2025-09-09 16:20:31,025 fastran_eq0_efit_3 DEBUG    _invoke_service(): getTopic  ('_IPS_MONITOR',)
2025-09-09 16:20:31,025 fastran_eq0_efit_3 DEBUG    _get_service_response(REQUEST|fastran_000001@efit@3|FRAMEWORK@Framework@0|50)
2025-09-09 16:20:31,035 fastran_eq0_efit_3 DEBUG    _get_service_response(REQUEST|fastran_000001@efit@3|FRAMEWORK@Framework@0|50), response = ServiceResponseMessage(sender_id=FRAMEWORK@Framework@0, receiver_id=fastran_000001@efit@3, request_msg_id=REQUEST|fastran_000001@efit@3|FRAMEWORK@Framework@0|50,status=0, args=(<ipsframework.cca_es_spec.Topic object at 0x7f87c639bc10>,), message_id=RESPONSE|FRAMEWORK@Framework@0|fastran_000001@efit@3|559)
2025-09-09 16:20:31,035 fastran_eq0_efit_3 DEBUG    _invoke_service(): sendEvent  ('_IPS_MONITOR', 'PORTAL_EVENT', {'sim_name': 'fastran_000001', 'real_sim_name': 'fastran_000001', 'portal_data': {'code': 'fastran_eq0_efit', 'eventtype': 'IPS_UPDATE_STATE', 'ok': True, 'walltime': '63.10', 'time': '2025-09-09|16:20:31PDT', 'trace': {'timestamp': 1757460031001940, 'duration': 23012, 'localEndpoint': {'serviceName': 'update_state'}, 'name': "['s000001.00001', 'g000001.00001', 'i000001.00001', 'b000001.00001']", 'id': '2fc1229e1e650f1c', 'parentId': '89fa39122d2046a1', 'tags': {}}, 'state': 'Running', 'comment': 'Elapsed time = 0.023   files = s000001.00001 g000001.00001 i000001.00001 b000001.00001 Success'}})
2025-09-09 16:20:31,035 fastran_eq0_efit_3 DEBUG    _get_service_response(REQUEST|fastran_000001@efit@3|FRAMEWORK@Framework@0|51)
2025-09-09 16:20:31,047 fastran_eq0_efit_3 DEBUG    _get_service_response(REQUEST|fastran_000001@efit@3|FRAMEWORK@Framework@0|51), response = ServiceResponseMessage(sender_id=FRAMEWORK@Framework@0, receiver_id=fastran_000001@efit@3, request_msg_id=REQUEST|fastran_000001@efit@3|FRAMEWORK@Framework@0|51,status=0, args=(None,), message_id=RESPONSE|FRAMEWORK@Framework@0|fastran_000001@efit@3|560)
2025-09-09 16:20:31,070 fastran_eq0_efit_3 DEBUG    _invoke_service(): getTopic  ('_IPS_MONITOR',)
2025-09-09 16:20:31,070 fastran_eq0_efit_3 DEBUG    _get_service_response(REQUEST|fastran_000001@efit@3|FRAMEWORK@Framework@0|52)
2025-09-09 16:20:31,080 fastran_eq0_efit_3 DEBUG    _get_service_response(REQUEST|fastran_000001@efit@3|FRAMEWORK@Framework@0|52), response = ServiceResponseMessage(sender_id=FRAMEWORK@Framework@0, receiver_id=fastran_000001@efit@3, request_msg_id=REQUEST|fastran_000001@efit@3|FRAMEWORK@Framework@0|52,status=0, args=(<ipsframework.cca_es_spec.Topic object at 0x7f87c63fc070>,), message_id=RESPONSE|FRAMEWORK@Framework@0|fastran_000001@efit@3|561)
2025-09-09 16:20:31,080 fastran_eq0_efit_3 DEBUG    _invoke_service(): sendEvent  ('_IPS_MONITOR', 'PORTAL_EVENT', {'sim_name': 'fastran_000001', 'real_sim_name': 'fastran_000001', 'portal_data': {'code': 'fastran_eq0_efit', 'eventtype': 'IPS_STAGE_OUTPUTS', 'ok': True, 'walltime': '63.15', 'time': '2025-09-09|16:20:31PDT', 'trace': {'timestamp': 1757460031047532, 'duration': 22477, 'localEndpoint': {'serviceName': 'stage_output_files'}, 'name': "['g*.*', 'a*.*', 'm*.*', 'k*.*', 'efit.log', 's*.*']", 'id': '80725d8eee5776f1', 'parentId': '89fa39122d2046a1', 'tags': {}}, 'state': 'Running', 'comment': "Elapsed time = 0.022 Path = /pscratch/sd/b/bassem/ips/tglf-ep_32_repeat/SCAN/simulation_results/preprocess_5/components/fastran_eq0_efit_3 Files = ['g*.*', 'a*.*', 'm*.*', 'k*.*', 'efit.log', 's*.*']"}})
2025-09-09 16:20:31,080 fastran_eq0_efit_3 DEBUG    _get_service_response(REQUEST|fastran_000001@efit@3|FRAMEWORK@Framework@0|53)
2025-09-09 16:20:31,091 fastran_eq0_efit_3 DEBUG    _get_service_response(REQUEST|fastran_000001@efit@3|FRAMEWORK@Framework@0|53), response = ServiceResponseMessage(sender_id=FRAMEWORK@Framework@0, receiver_id=fastran_000001@efit@3, request_msg_id=REQUEST|fastran_000001@efit@3|FRAMEWORK@Framework@0|53,status=0, args=(None,), message_id=RESPONSE|FRAMEWORK@Framework@0|fastran_000001@efit@3|562)
2025-09-09 16:20:31,103 fastran_driver_fastran_driver_2 DEBUG    _get_service_response(REQUEST|fastran_000001@fastran_driver@2|FRAMEWORK@Framework@0|200), response = ServiceResponseMessage(sender_id=FRAMEWORK@Framework@0, receiver_id=fastran_000001@fastran_driver@2, request_msg_id=REQUEST|fastran_000001@fastran_driver@2|FRAMEWORK@Framework@0|200,status=0, args=((None,),), message_id=RESPONSE|FRAMEWORK@Framework@0|fastran_000001@fastran_driver@2|563)
2025-09-09 16:20:31,104 fastran_driver_fastran_driver_2 DEBUG    _invoke_service(): getTopic  ('_IPS_MONITOR',)
2025-09-09 16:20:31,104 fastran_driver_fastran_driver_2 DEBUG    _get_service_response(REQUEST|fastran_000001@fastran_driver@2|FRAMEWORK@Framework@0|201)
2025-09-09 16:20:31,115 fastran_driver_fastran_driver_2 DEBUG    _get_service_response(REQUEST|fastran_000001@fastran_driver@2|FRAMEWORK@Framework@0|201), response = ServiceResponseMessage(sender_id=FRAMEWORK@Framework@0, receiver_id=fastran_000001@fastran_driver@2, request_msg_id=REQUEST|fastran_000001@fastran_driver@2|FRAMEWORK@Framework@0|201,status=0, args=(<ipsframework.cca_es_spec.Topic object at 0x7f87c63e01f0>,), message_id=RESPONSE|FRAMEWORK@Framework@0|fastran_000001@fastran_driver@2|564)
2025-09-09 16:20:31,115 fastran_driver_fastran_driver_2 DEBUG    _invoke_service(): sendEvent  ('_IPS_MONITOR', 'PORTAL_EVENT', {'sim_name': 'fastran_000001', 'real_sim_name': 'fastran_000001', 'portal_data': {'code': 'fastran_driver_fastran_driver', 'eventtype': 'IPS_CALL_END', 'ok': True, 'walltime': '63.18', 'time': '2025-09-09|16:20:31PDT', 'trace': {'timestamp': 1757460029000684, 'duration': 2103260, 'localEndpoint': {'serviceName': 'fastran_000001@efit@3'}, 'name': 'step(preprocess_5)', 'id': '89fa39122d2046a1', 'parentId': '15e0663de819b9fa', 'tags': {}}, 'state': 'Running', 'comment': 'Target = fastran_000001@efit@3:step(preprocess_5)'}})
2025-09-09 16:20:31,115 fastran_driver_fastran_driver_2 DEBUG    _get_service_response(REQUEST|fastran_000001@fastran_driver@2|FRAMEWORK@Framework@0|202)
2025-09-09 16:20:31,126 fastran_driver_fastran_driver_2 DEBUG    _get_service_response(REQUEST|fastran_000001@fastran_driver@2|FRAMEWORK@Framework@0|202), response = ServiceResponseMessage(sender_id=FRAMEWORK@Framework@0, receiver_id=fastran_000001@fastran_driver@2, request_msg_id=REQUEST|fastran_000001@fastran_driver@2|FRAMEWORK@Framework@0|202,status=0, args=(None,), message_id=RESPONSE|FRAMEWORK@Framework@0|fastran_000001@fastran_driver@2|565)
2025-09-09 16:20:31,126 fastran_driver_fastran_driver_2 DEBUG    _invoke_service(): getTopic  ('_IPS_MONITOR',)
2025-09-09 16:20:31,126 fastran_driver_fastran_driver_2 DEBUG    _get_service_response(REQUEST|fastran_000001@fastran_driver@2|FRAMEWORK@Framework@0|203)
2025-09-09 16:20:31,136 fastran_driver_fastran_driver_2 DEBUG    _get_service_response(REQUEST|fastran_000001@fastran_driver@2|FRAMEWORK@Framework@0|203), response = ServiceResponseMessage(sender_id=FRAMEWORK@Framework@0, receiver_id=fastran_000001@fastran_driver@2, request_msg_id=REQUEST|fastran_000001@fastran_driver@2|FRAMEWORK@Framework@0|203,status=0, args=(<ipsframework.cca_es_spec.Topic object at 0x7f87c63e02b0>,), message_id=RESPONSE|FRAMEWORK@Framework@0|fastran_000001@fastran_driver@2|566)
2025-09-09 16:20:31,137 fastran_driver_fastran_driver_2 DEBUG    _invoke_service(): sendEvent  ('_IPS_MONITOR', 'PORTAL_EVENT', {'sim_name': 'fastran_000001', 'real_sim_name': 'fastran_000001', 'portal_data': {'code': 'fastran_driver_fastran_driver', 'eventtype': 'IPS_CALL_BEGIN', 'ok': True, 'walltime': '63.20', 'time': '2025-09-09|16:20:31PDT', 'state': 'Running', 'comment': 'Target = fastran_000001@hcd_model@4:step(preprocess_5)'}})
2025-09-09 16:20:31,137 fastran_driver_fastran_driver_2 DEBUG    _get_service_response(REQUEST|fastran_000001@fastran_driver@2|FRAMEWORK@Framework@0|204)
2025-09-09 16:20:31,148 fastran_driver_fastran_driver_2 DEBUG    _get_service_response(REQUEST|fastran_000001@fastran_driver@2|FRAMEWORK@Framework@0|204), response = ServiceResponseMessage(sender_id=FRAMEWORK@Framework@0, receiver_id=fastran_000001@fastran_driver@2, request_msg_id=REQUEST|fastran_000001@fastran_driver@2|FRAMEWORK@Framework@0|204,status=0, args=(None,), message_id=RESPONSE|FRAMEWORK@Framework@0|fastran_000001@fastran_driver@2|567)
2025-09-09 16:20:31,148 fastran_driver_fastran_driver_2 DEBUG    _invoke_service(): init_call  ('step', 'preprocess_5')
2025-09-09 16:20:31,148 fastran_driver_fastran_driver_2 DEBUG    _get_service_response(REQUEST|fastran_000001@fastran_driver@2|FRAMEWORK@Framework@0|205)
2025-09-09 16:20:31,148 fastran_ic_hcd_model_4 DEBUG    Received Message 
2025-09-09 16:20:31,148 fastran_ic_hcd_model_4 DEBUG    Calling method step(preprocess_5)
2025-09-09 16:20:31,149 fastran_ic_hcd_model_4 DEBUG    _invoke_service(): stage_state  (['s000001.00001', 'g000001.00001', 'i000001.00001', 'b000001.00001'], '/pscratch/sd/b/bassem/ips/tglf-ep_32_repeat/SCAN/work/plasma_state', '/pscratch/sd/b/bassem/ips/tglf-ep_32_repeat/SCAN/work/fastran_ic_hcd_model_4')
2025-09-09 16:20:31,149 fastran_ic_hcd_model_4 DEBUG    _get_service_response(REQUEST|fastran_000001@hcd_model@4|FRAMEWORK@Framework@0|50)
2025-09-09 16:20:31,158 fastran_driver_fastran_driver_2 DEBUG    _get_service_response(REQUEST|fastran_000001@fastran_driver@2|FRAMEWORK@Framework@0|205), response = ServiceResponseMessage(sender_id=FRAMEWORK@Framework@0, receiver_id=fastran_000001@fastran_driver@2, request_msg_id=REQUEST|fastran_000001@fastran_driver@2|FRAMEWORK@Framework@0|205,status=0, args=(38,), message_id=RESPONSE|FRAMEWORK@Framework@0|fastran_000001@fastran_driver@2|568)
2025-09-09 16:20:31,158 fastran_driver_fastran_driver_2 DEBUG    _invoke_service(): wait_call  (38, True)
2025-09-09 16:20:31,159 fastran_driver_fastran_driver_2 DEBUG    _get_service_response(REQUEST|fastran_000001@fastran_driver@2|FRAMEWORK@Framework@0|206)
2025-09-09 16:20:31,171 fastran_ic_hcd_model_4 DEBUG    _get_service_response(REQUEST|fastran_000001@hcd_model@4|FRAMEWORK@Framework@0|50), response = ServiceResponseMessage(sender_id=FRAMEWORK@Framework@0, receiver_id=fastran_000001@hcd_model@4, request_msg_id=REQUEST|fastran_000001@hcd_model@4|FRAMEWORK@Framework@0|50,status=0, args=(0,), message_id=RESPONSE|FRAMEWORK@Framework@0|fastran_000001@hcd_model@4|569)
2025-09-09 16:20:31,171 fastran_ic_hcd_model_4 DEBUG    _invoke_service(): getTopic  ('_IPS_MONITOR',)
2025-09-09 16:20:31,171 fastran_ic_hcd_model_4 DEBUG    _get_service_response(REQUEST|fastran_000001@hcd_model@4|FRAMEWORK@Framework@0|51)
2025-09-09 16:20:31,181 fastran_ic_hcd_model_4 DEBUG    _get_service_response(REQUEST|fastran_000001@hcd_model@4|FRAMEWORK@Framework@0|51), response = ServiceResponseMessage(sender_id=FRAMEWORK@Framework@0, receiver_id=fastran_000001@hcd_model@4, request_msg_id=REQUEST|fastran_000001@hcd_model@4|FRAMEWORK@Framework@0|51,status=0, args=(<ipsframework.cca_es_spec.Topic object at 0x7f87c6413040>,), message_id=RESPONSE|FRAMEWORK@Framework@0|fastran_000001@hcd_model@4|570)
2025-09-09 16:20:31,182 fastran_ic_hcd_model_4 DEBUG    _invoke_service(): sendEvent  ('_IPS_MONITOR', 'PORTAL_EVENT', {'sim_name': 'fastran_000001', 'real_sim_name': 'fastran_000001', 'portal_data': {'code': 'fastran_ic_hcd_model', 'eventtype': 'IPS_STAGE_STATE', 'ok': True, 'walltime': '63.25', 'time': '2025-09-09|16:20:31PDT', 'trace': {'timestamp': 1757460031149082, 'duration': 22032, 'localEndpoint': {'serviceName': 'stage_state'}, 'name': "['s000001.00001', 'g000001.00001', 'i000001.00001', 'b000001.00001']", 'id': 'ff3119918b5e7670', 'parentId': '24dec49424de8749', 'tags': {}}, 'state': 'Running', 'comment': 'Elapsed time = 0.022  files = s000001.00001 g000001.00001 i000001.00001 b000001.00001 Success'}})
2025-09-09 16:20:31,182 fastran_ic_hcd_model_4 DEBUG    _get_service_response(REQUEST|fastran_000001@hcd_model@4|FRAMEWORK@Framework@0|52)
2025-09-09 16:20:31,193 fastran_ic_hcd_model_4 DEBUG    _get_service_response(REQUEST|fastran_000001@hcd_model@4|FRAMEWORK@Framework@0|52), response = ServiceResponseMessage(sender_id=FRAMEWORK@Framework@0, receiver_id=fastran_000001@hcd_model@4, request_msg_id=REQUEST|fastran_000001@hcd_model@4|FRAMEWORK@Framework@0|52,status=0, args=(None,), message_id=RESPONSE|FRAMEWORK@Framework@0|fastran_000001@hcd_model@4|571)
2025-09-09 16:20:31,197 fastran_ic_hcd_model_4 DEBUG    _invoke_service(): getTopic  ('_IPS_MONITOR',)
2025-09-09 16:20:31,197 fastran_ic_hcd_model_4 DEBUG    _get_service_response(REQUEST|fastran_000001@hcd_model@4|FRAMEWORK@Framework@0|53)
2025-09-09 16:20:31,208 fastran_ic_hcd_model_4 DEBUG    _get_service_response(REQUEST|fastran_000001@hcd_model@4|FRAMEWORK@Framework@0|53), response = ServiceResponseMessage(sender_id=FRAMEWORK@Framework@0, receiver_id=fastran_000001@hcd_model@4, request_msg_id=REQUEST|fastran_000001@hcd_model@4|FRAMEWORK@Framework@0|53,status=0, args=(<ipsframework.cca_es_spec.Topic object at 0x7f87c6407220>,), message_id=RESPONSE|FRAMEWORK@Framework@0|fastran_000001@hcd_model@4|572)
2025-09-09 16:20:31,208 fastran_ic_hcd_model_4 DEBUG    _invoke_service(): sendEvent  ('_IPS_MONITOR', 'PORTAL_EVENT', {'sim_name': 'fastran_000001', 'real_sim_name': 'fastran_000001', 'portal_data': {'code': 'fastran_ic_hcd_model', 'eventtype': 'IPS_STAGE_INPUTS', 'ok': True, 'walltime': '63.27', 'time': '2025-09-09|16:20:31PDT', 'trace': {'timestamp': 1757460031193520, 'duration': 4268, 'localEndpoint': {'serviceName': 'stage_input_files'}, 'name': 'inhcd', 'id': '5ee53c28a9607896', 'parentId': '24dec49424de8749', 'tags': {}}, 'state': 'Running', 'comment': 'Elapsed time = 0.004 Path = /pscratch/sd/b/bassem/ips/tglf-ep_32_repeat/input Files = inhcd'}})
2025-09-09 16:20:31,208 fastran_ic_hcd_model_4 DEBUG    _get_service_response(REQUEST|fastran_000001@hcd_model@4|FRAMEWORK@Framework@0|54)
2025-09-09 16:20:31,219 fastran_ic_hcd_model_4 DEBUG    _get_service_response(REQUEST|fastran_000001@hcd_model@4|FRAMEWORK@Framework@0|54), response = ServiceResponseMessage(sender_id=FRAMEWORK@Framework@0, receiver_id=fastran_000001@hcd_model@4, request_msg_id=REQUEST|fastran_000001@hcd_model@4|FRAMEWORK@Framework@0|54,status=0, args=(None,), message_id=RESPONSE|FRAMEWORK@Framework@0|fastran_000001@hcd_model@4|573)
2025-09-09 16:20:31,327 fastran_ic_hcd_model_4 DEBUG    _invoke_service(): update_state  (['s000001.00001', 'g000001.00001', 'i000001.00001', 'b000001.00001'], '/pscratch/sd/b/bassem/ips/tglf-ep_32_repeat/SCAN/work/fastran_ic_hcd_model_4', '/pscratch/sd/b/bassem/ips/tglf-ep_32_repeat/SCAN/work/plasma_state')
2025-09-09 16:20:31,327 fastran_ic_hcd_model_4 DEBUG    _get_service_response(REQUEST|fastran_000001@hcd_model@4|FRAMEWORK@Framework@0|55)
2025-09-09 16:20:31,350 fastran_ic_hcd_model_4 DEBUG    _get_service_response(REQUEST|fastran_000001@hcd_model@4|FRAMEWORK@Framework@0|55), response = ServiceResponseMessage(sender_id=FRAMEWORK@Framework@0, receiver_id=fastran_000001@hcd_model@4, request_msg_id=REQUEST|fastran_000001@hcd_model@4|FRAMEWORK@Framework@0|55,status=0, args=(0,), message_id=RESPONSE|FRAMEWORK@Framework@0|fastran_000001@hcd_model@4|574)
2025-09-09 16:20:31,350 fastran_ic_hcd_model_4 DEBUG    _invoke_service(): getTopic  ('_IPS_MONITOR',)
2025-09-09 16:20:31,350 fastran_ic_hcd_model_4 DEBUG    _get_service_response(REQUEST|fastran_000001@hcd_model@4|FRAMEWORK@Framework@0|56)
2025-09-09 16:20:31,360 fastran_ic_hcd_model_4 DEBUG    _get_service_response(REQUEST|fastran_000001@hcd_model@4|FRAMEWORK@Framework@0|56), response = ServiceResponseMessage(sender_id=FRAMEWORK@Framework@0, receiver_id=fastran_000001@hcd_model@4, request_msg_id=REQUEST|fastran_000001@hcd_model@4|FRAMEWORK@Framework@0|56,status=0, args=(<ipsframework.cca_es_spec.Topic object at 0x7f87c6407370>,), message_id=RESPONSE|FRAMEWORK@Framework@0|fastran_000001@hcd_model@4|575)
2025-09-09 16:20:31,361 fastran_ic_hcd_model_4 DEBUG    _invoke_service(): sendEvent  ('_IPS_MONITOR', 'PORTAL_EVENT', {'sim_name': 'fastran_000001', 'real_sim_name': 'fastran_000001', 'portal_data': {'code': 'fastran_ic_hcd_model', 'eventtype': 'IPS_UPDATE_STATE', 'ok': True, 'walltime': '63.43', 'time': '2025-09-09|16:20:31PDT', 'trace': {'timestamp': 1757460031327578, 'duration': 22738, 'localEndpoint': {'serviceName': 'update_state'}, 'name': "['s000001.00001', 'g000001.00001', 'i000001.00001', 'b000001.00001']", 'id': '2fc1229e1e650f1c', 'parentId': '24dec49424de8749', 'tags': {}}, 'state': 'Running', 'comment': 'Elapsed time = 0.023   files = s000001.00001 g000001.00001 i000001.00001 b000001.00001 Success'}})
2025-09-09 16:20:31,361 fastran_ic_hcd_model_4 DEBUG    _get_service_response(REQUEST|fastran_000001@hcd_model@4|FRAMEWORK@Framework@0|57)
2025-09-09 16:20:31,371 fastran_ic_hcd_model_4 DEBUG    _get_service_response(REQUEST|fastran_000001@hcd_model@4|FRAMEWORK@Framework@0|57), response = ServiceResponseMessage(sender_id=FRAMEWORK@Framework@0, receiver_id=fastran_000001@hcd_model@4, request_msg_id=REQUEST|fastran_000001@hcd_model@4|FRAMEWORK@Framework@0|57,status=0, args=(None,), message_id=RESPONSE|FRAMEWORK@Framework@0|fastran_000001@hcd_model@4|576)
2025-09-09 16:20:31,371 fastran_ic_hcd_model_4 DEBUG    _invoke_service(): getTopic  ('_IPS_MONITOR',)
2025-09-09 16:20:31,372 fastran_ic_hcd_model_4 DEBUG    _get_service_response(REQUEST|fastran_000001@hcd_model@4|FRAMEWORK@Framework@0|58)
2025-09-09 16:20:31,382 fastran_ic_hcd_model_4 DEBUG    _get_service_response(REQUEST|fastran_000001@hcd_model@4|FRAMEWORK@Framework@0|58), response = ServiceResponseMessage(sender_id=FRAMEWORK@Framework@0, receiver_id=fastran_000001@hcd_model@4, request_msg_id=REQUEST|fastran_000001@hcd_model@4|FRAMEWORK@Framework@0|58,status=0, args=(<ipsframework.cca_es_spec.Topic object at 0x7f87c6407220>,), message_id=RESPONSE|FRAMEWORK@Framework@0|fastran_000001@hcd_model@4|577)
2025-09-09 16:20:31,382 fastran_ic_hcd_model_4 DEBUG    _invoke_service(): sendEvent  ('_IPS_MONITOR', 'PORTAL_EVENT', {'sim_name': 'fastran_000001', 'real_sim_name': 'fastran_000001', 'portal_data': {'code': 'fastran_ic_hcd_model', 'eventtype': 'IPS_STAGE_OUTPUTS', 'ok': True, 'walltime': '63.45', 'time': '2025-09-09|16:20:31PDT', 'trace': {'timestamp': 1757460031371782, 'duration': 146, 'localEndpoint': {'serviceName': 'stage_output_files'}, 'name': '[]', 'id': 'ed019efe11be26d9', 'parentId': '24dec49424de8749', 'tags': {}}, 'state': 'Running', 'comment': 'Elapsed time = 0.000 Path = /pscratch/sd/b/bassem/ips/tglf-ep_32_repeat/SCAN/simulation_results/preprocess_5/components/fastran_ic_hcd_model_4 Files = []'}})
2025-09-09 16:20:31,382 fastran_ic_hcd_model_4 DEBUG    _get_service_response(REQUEST|fastran_000001@hcd_model@4|FRAMEWORK@Framework@0|59)
2025-09-09 16:20:31,393 fastran_ic_hcd_model_4 DEBUG    _get_service_response(REQUEST|fastran_000001@hcd_model@4|FRAMEWORK@Framework@0|59), response = ServiceResponseMessage(sender_id=FRAMEWORK@Framework@0, receiver_id=fastran_000001@hcd_model@4, request_msg_id=REQUEST|fastran_000001@hcd_model@4|FRAMEWORK@Framework@0|59,status=0, args=(None,), message_id=RESPONSE|FRAMEWORK@Framework@0|fastran_000001@hcd_model@4|578)
2025-09-09 16:20:31,403 fastran_driver_fastran_driver_2 DEBUG    _get_service_response(REQUEST|fastran_000001@fastran_driver@2|FRAMEWORK@Framework@0|206), response = ServiceResponseMessage(sender_id=FRAMEWORK@Framework@0, receiver_id=fastran_000001@fastran_driver@2, request_msg_id=REQUEST|fastran_000001@fastran_driver@2|FRAMEWORK@Framework@0|206,status=0, args=((None,),), message_id=RESPONSE|FRAMEWORK@Framework@0|fastran_000001@fastran_driver@2|579)
2025-09-09 16:20:31,403 fastran_driver_fastran_driver_2 DEBUG    _invoke_service(): getTopic  ('_IPS_MONITOR',)
2025-09-09 16:20:31,403 fastran_driver_fastran_driver_2 DEBUG    _get_service_response(REQUEST|fastran_000001@fastran_driver@2|FRAMEWORK@Framework@0|207)
2025-09-09 16:20:31,414 fastran_driver_fastran_driver_2 DEBUG    _get_service_response(REQUEST|fastran_000001@fastran_driver@2|FRAMEWORK@Framework@0|207), response = ServiceResponseMessage(sender_id=FRAMEWORK@Framework@0, receiver_id=fastran_000001@fastran_driver@2, request_msg_id=REQUEST|fastran_000001@fastran_driver@2|FRAMEWORK@Framework@0|207,status=0, args=(<ipsframework.cca_es_spec.Topic object at 0x7f87c63e01f0>,), message_id=RESPONSE|FRAMEWORK@Framework@0|fastran_000001@fastran_driver@2|580)
2025-09-09 16:20:31,414 fastran_driver_fastran_driver_2 DEBUG    _invoke_service(): sendEvent  ('_IPS_MONITOR', 'PORTAL_EVENT', {'sim_name': 'fastran_000001', 'real_sim_name': 'fastran_000001', 'portal_data': {'code': 'fastran_driver_fastran_driver', 'eventtype': 'IPS_CALL_END', 'ok': True, 'walltime': '63.48', 'time': '2025-09-09|16:20:31PDT', 'trace': {'timestamp': 1757460031158923, 'duration': 244892, 'localEndpoint': {'serviceName': 'fastran_000001@hcd_model@4'}, 'name': 'step(preprocess_5)', 'id': '24dec49424de8749', 'parentId': '15e0663de819b9fa', 'tags': {}}, 'state': 'Running', 'comment': 'Target = fastran_000001@hcd_model@4:step(preprocess_5)'}})
2025-09-09 16:20:31,414 fastran_driver_fastran_driver_2 DEBUG    _get_service_response(REQUEST|fastran_000001@fastran_driver@2|FRAMEWORK@Framework@0|208)
2025-09-09 16:20:31,425 fastran_driver_fastran_driver_2 DEBUG    _get_service_response(REQUEST|fastran_000001@fastran_driver@2|FRAMEWORK@Framework@0|208), response = ServiceResponseMessage(sender_id=FRAMEWORK@Framework@0, receiver_id=fastran_000001@fastran_driver@2, request_msg_id=REQUEST|fastran_000001@fastran_driver@2|FRAMEWORK@Framework@0|208,status=0, args=(None,), message_id=RESPONSE|FRAMEWORK@Framework@0|fastran_000001@fastran_driver@2|581)
2025-09-09 16:20:31,425 fastran_driver_fastran_driver_2 DEBUG    _invoke_service(): getTopic  ('_IPS_MONITOR',)
2025-09-09 16:20:31,426 fastran_driver_fastran_driver_2 DEBUG    _get_service_response(REQUEST|fastran_000001@fastran_driver@2|FRAMEWORK@Framework@0|209)
2025-09-09 16:20:31,436 fastran_driver_fastran_driver_2 DEBUG    _get_service_response(REQUEST|fastran_000001@fastran_driver@2|FRAMEWORK@Framework@0|209), response = ServiceResponseMessage(sender_id=FRAMEWORK@Framework@0, receiver_id=fastran_000001@fastran_driver@2, request_msg_id=REQUEST|fastran_000001@fastran_driver@2|FRAMEWORK@Framework@0|209,status=0, args=(<ipsframework.cca_es_spec.Topic object at 0x7f87c63e0130>,), message_id=RESPONSE|FRAMEWORK@Framework@0|fastran_000001@fastran_driver@2|582)
2025-09-09 16:20:31,436 fastran_driver_fastran_driver_2 DEBUG    _invoke_service(): sendEvent  ('_IPS_MONITOR', 'PORTAL_EVENT', {'sim_name': 'fastran_000001', 'real_sim_name': 'fastran_000001', 'portal_data': {'code': 'fastran_driver_fastran_driver', 'eventtype': 'IPS_CALL_BEGIN', 'ok': True, 'walltime': '63.50', 'time': '2025-09-09|16:20:31PDT', 'state': 'Running', 'comment': 'Target = fastran_000001@fastran@5:step(preprocess_5)'}})
2025-09-09 16:20:31,436 fastran_driver_fastran_driver_2 DEBUG    _get_service_response(REQUEST|fastran_000001@fastran_driver@2|FRAMEWORK@Framework@0|210)
2025-09-09 16:20:31,447 fastran_driver_fastran_driver_2 DEBUG    _get_service_response(REQUEST|fastran_000001@fastran_driver@2|FRAMEWORK@Framework@0|210), response = ServiceResponseMessage(sender_id=FRAMEWORK@Framework@0, receiver_id=fastran_000001@fastran_driver@2, request_msg_id=REQUEST|fastran_000001@fastran_driver@2|FRAMEWORK@Framework@0|210,status=0, args=(None,), message_id=RESPONSE|FRAMEWORK@Framework@0|fastran_000001@fastran_driver@2|583)
2025-09-09 16:20:31,447 fastran_driver_fastran_driver_2 DEBUG    _invoke_service(): init_call  ('step', 'preprocess_5')
2025-09-09 16:20:31,447 fastran_driver_fastran_driver_2 DEBUG    _get_service_response(REQUEST|fastran_000001@fastran_driver@2|FRAMEWORK@Framework@0|211)
2025-09-09 16:20:31,448 fastran_tr0_fastran_5 DEBUG    Received Message 
2025-09-09 16:20:31,448 fastran_tr0_fastran_5 DEBUG    Calling method step(preprocess_5)
2025-09-09 16:20:31,448 fastran_tr0_fastran_5 DEBUG    _invoke_service(): stage_state  (['s000001.00001', 'g000001.00001', 'i000001.00001', 'b000001.00001'], '/pscratch/sd/b/bassem/ips/tglf-ep_32_repeat/SCAN/work/plasma_state', '/pscratch/sd/b/bassem/ips/tglf-ep_32_repeat/SCAN/work/fastran_tr0_fastran_5')
2025-09-09 16:20:31,449 fastran_tr0_fastran_5 DEBUG    _get_service_response(REQUEST|fastran_000001@fastran@5|FRAMEWORK@Framework@0|80)
2025-09-09 16:20:31,458 fastran_driver_fastran_driver_2 DEBUG    _get_service_response(REQUEST|fastran_000001@fastran_driver@2|FRAMEWORK@Framework@0|211), response = ServiceResponseMessage(sender_id=FRAMEWORK@Framework@0, receiver_id=fastran_000001@fastran_driver@2, request_msg_id=REQUEST|fastran_000001@fastran_driver@2|FRAMEWORK@Framework@0|211,status=0, args=(39,), message_id=RESPONSE|FRAMEWORK@Framework@0|fastran_000001@fastran_driver@2|584)
2025-09-09 16:20:31,458 fastran_driver_fastran_driver_2 DEBUG    _invoke_service(): wait_call  (39, True)
2025-09-09 16:20:31,458 fastran_driver_fastran_driver_2 DEBUG    _get_service_response(REQUEST|fastran_000001@fastran_driver@2|FRAMEWORK@Framework@0|212)
2025-09-09 16:20:31,473 fastran_tr0_fastran_5 DEBUG    _get_service_response(REQUEST|fastran_000001@fastran@5|FRAMEWORK@Framework@0|80), response = ServiceResponseMessage(sender_id=FRAMEWORK@Framework@0, receiver_id=fastran_000001@fastran@5, request_msg_id=REQUEST|fastran_000001@fastran@5|FRAMEWORK@Framework@0|80,status=0, args=(0,), message_id=RESPONSE|FRAMEWORK@Framework@0|fastran_000001@fastran@5|585)
2025-09-09 16:20:31,473 fastran_tr0_fastran_5 DEBUG    _invoke_service(): getTopic  ('_IPS_MONITOR',)
2025-09-09 16:20:31,473 fastran_tr0_fastran_5 DEBUG    _get_service_response(REQUEST|fastran_000001@fastran@5|FRAMEWORK@Framework@0|81)
2025-09-09 16:20:31,484 fastran_tr0_fastran_5 DEBUG    _get_service_response(REQUEST|fastran_000001@fastran@5|FRAMEWORK@Framework@0|81), response = ServiceResponseMessage(sender_id=FRAMEWORK@Framework@0, receiver_id=fastran_000001@fastran@5, request_msg_id=REQUEST|fastran_000001@fastran@5|FRAMEWORK@Framework@0|81,status=0, args=(<ipsframework.cca_es_spec.Topic object at 0x7f87c63bc910>,), message_id=RESPONSE|FRAMEWORK@Framework@0|fastran_000001@fastran@5|587)
2025-09-09 16:20:31,484 fastran_tr0_fastran_5 DEBUG    _invoke_service(): sendEvent  ('_IPS_MONITOR', 'PORTAL_EVENT', {'sim_name': 'fastran_000001', 'real_sim_name': 'fastran_000001', 'portal_data': {'code': 'fastran_tr0_fastran', 'eventtype': 'IPS_STAGE_STATE', 'ok': True, 'walltime': '63.55', 'time': '2025-09-09|16:20:31PDT', 'trace': {'timestamp': 1757460031448714, 'duration': 24607, 'localEndpoint': {'serviceName': 'stage_state'}, 'name': "['s000001.00001', 'g000001.00001', 'i000001.00001', 'b000001.00001']", 'id': 'ff3119918b5e7670', 'parentId': 'fa83d5b0baff1c3b', 'tags': {}}, 'state': 'Running', 'comment': 'Elapsed time = 0.025  files = s000001.00001 g000001.00001 i000001.00001 b000001.00001 Success'}})
2025-09-09 16:20:31,484 fastran_tr0_fastran_5 DEBUG    _get_service_response(REQUEST|fastran_000001@fastran@5|FRAMEWORK@Framework@0|82)
2025-09-09 16:20:31,495 fastran_tr0_fastran_5 DEBUG    _get_service_response(REQUEST|fastran_000001@fastran@5|FRAMEWORK@Framework@0|82), response = ServiceResponseMessage(sender_id=FRAMEWORK@Framework@0, receiver_id=fastran_000001@fastran@5, request_msg_id=REQUEST|fastran_000001@fastran@5|FRAMEWORK@Framework@0|82,status=0, args=(None,), message_id=RESPONSE|FRAMEWORK@Framework@0|fastran_000001@fastran@5|588)
2025-09-09 16:20:31,506 fastran_tr0_fastran_5 DEBUG    _invoke_service(): getTopic  ('_IPS_MONITOR',)
2025-09-09 16:20:31,506 fastran_tr0_fastran_5 DEBUG    _get_service_response(REQUEST|fastran_000001@fastran@5|FRAMEWORK@Framework@0|83)
2025-09-09 16:20:31,517 fastran_tr0_fastran_5 DEBUG    _get_service_response(REQUEST|fastran_000001@fastran@5|FRAMEWORK@Framework@0|83), response = ServiceResponseMessage(sender_id=FRAMEWORK@Framework@0, receiver_id=fastran_000001@fastran@5, request_msg_id=REQUEST|fastran_000001@fastran@5|FRAMEWORK@Framework@0|83,status=0, args=(<ipsframework.cca_es_spec.Topic object at 0x7f87c64133a0>,), message_id=RESPONSE|FRAMEWORK@Framework@0|fastran_000001@fastran@5|589)
2025-09-09 16:20:31,517 fastran_tr0_fastran_5 DEBUG    _invoke_service(): sendEvent  ('_IPS_MONITOR', 'PORTAL_EVENT', {'sim_name': 'fastran_000001', 'real_sim_name': 'fastran_000001', 'portal_data': {'code': 'fastran_tr0_fastran', 'eventtype': 'IPS_STAGE_INPUTS', 'ok': True, 'walltime': '63.58', 'time': '2025-09-09|16:20:31PDT', 'trace': {'timestamp': 1757460031495527, 'duration': 11310, 'localEndpoint': {'serviceName': 'stage_input_files'}, 'name': 'infastran0 intglf', 'id': 'dca1af508bf5af99', 'parentId': 'fa83d5b0baff1c3b', 'tags': {}}, 'state': 'Running', 'comment': 'Elapsed time = 0.011 Path = /pscratch/sd/b/bassem/ips/tglf-ep_32_repeat/input Files = infastran0 intglf'}})
2025-09-09 16:20:31,517 fastran_tr0_fastran_5 DEBUG    _get_service_response(REQUEST|fastran_000001@fastran@5|FRAMEWORK@Framework@0|84)
2025-09-09 16:20:31,528 fastran_tr0_fastran_5 DEBUG    _get_service_response(REQUEST|fastran_000001@fastran@5|FRAMEWORK@Framework@0|84), response = ServiceResponseMessage(sender_id=FRAMEWORK@Framework@0, receiver_id=fastran_000001@fastran@5, request_msg_id=REQUEST|fastran_000001@fastran@5|FRAMEWORK@Framework@0|84,status=0, args=(None,), message_id=RESPONSE|FRAMEWORK@Framework@0|fastran_000001@fastran@5|590)
2025-09-09 16:20:31,673 fastran_tr0_fastran_5 DEBUG    _invoke_service(): init_task  (TaskInit(nproc=1, binary='/global/common/software/atom/perlmutter/binaries/fastran/default/xfastran_ver1.00_ser', working_dir='/pscratch/sd/b/bassem/ips/tglf-ep_32_repeat/SCAN/work/fastran_tr0_fastran_5', tppn=0, tcpp=0, tgpp=0, block=True, omp=False, wnodes=True, wsocks=True, cmd_args=('1', '1')),)
2025-09-09 16:20:31,673 fastran_tr0_fastran_5 DEBUG    _get_service_response(REQUEST|fastran_000001@fastran@5|FRAMEWORK@Framework@0|85)
2025-09-09 16:20:31,684 fastran_tr0_fastran_5 DEBUG    _get_service_response(REQUEST|fastran_000001@fastran@5|FRAMEWORK@Framework@0|85), response = ServiceResponseMessage(sender_id=FRAMEWORK@Framework@0, receiver_id=fastran_000001@fastran@5, request_msg_id=REQUEST|fastran_000001@fastran@5|FRAMEWORK@Framework@0|85,status=0, args=((7, 'srun -N 1 -n 1 -c 128 --threads-per-core=1 --cpu-bind=cores /global/common/software/atom/perlmutter/binaries/fastran/default/xfastran_ver1.00_ser 1 1', None, 128),), message_id=RESPONSE|FRAMEWORK@Framework@0|fastran_000001@fastran@5|591)
2025-09-09 16:20:31,685 fastran_tr0_fastran_5 DEBUG    Launching command : srun -N 1 -n 1 -c 128 --threads-per-core=1 --cpu-bind=cores /global/common/software/atom/perlmutter/binaries/fastran/default/xfastran_ver1.00_ser 1 1
2025-09-09 16:20:31,696 fastran_tr0_fastran_5 DEBUG    _invoke_service(): getTopic  ('_IPS_MONITOR',)
2025-09-09 16:20:31,697 fastran_tr0_fastran_5 DEBUG    _get_service_response(REQUEST|fastran_000001@fastran@5|FRAMEWORK@Framework@0|86)
2025-09-09 16:20:31,708 fastran_tr0_fastran_5 DEBUG    _get_service_response(REQUEST|fastran_000001@fastran@5|FRAMEWORK@Framework@0|86), response = ServiceResponseMessage(sender_id=FRAMEWORK@Framework@0, receiver_id=fastran_000001@fastran@5, request_msg_id=REQUEST|fastran_000001@fastran@5|FRAMEWORK@Framework@0|86,status=0, args=(<ipsframework.cca_es_spec.Topic object at 0x7f87c6413970>,), message_id=RESPONSE|FRAMEWORK@Framework@0|fastran_000001@fastran@5|592)
2025-09-09 16:20:31,708 fastran_tr0_fastran_5 DEBUG    _invoke_service(): sendEvent  ('_IPS_MONITOR', 'PORTAL_EVENT', {'sim_name': 'fastran_000001', 'real_sim_name': 'fastran_000001', 'portal_data': {'code': 'fastran_tr0_fastran', 'eventtype': 'IPS_LAUNCH_TASK', 'ok': True, 'walltime': '63.77', 'time': '2025-09-09|16:20:31PDT', 'state': 'Running', 'comment': 'task_id = 7 , Tag = None , nproc = 1 , Target = srun -N 1 -n 1 -c 128 --threads-per-core=1 --cpu-bind=cores /global/common/software/atom/perlmutter/binaries/fastran/default/xfastran_ver1.00_ser 1 1'}})
2025-09-09 16:20:31,708 fastran_tr0_fastran_5 DEBUG    _get_service_response(REQUEST|fastran_000001@fastran@5|FRAMEWORK@Framework@0|87)
2025-09-09 16:20:31,719 fastran_tr0_fastran_5 DEBUG    _get_service_response(REQUEST|fastran_000001@fastran@5|FRAMEWORK@Framework@0|87), response = ServiceResponseMessage(sender_id=FRAMEWORK@Framework@0, receiver_id=fastran_000001@fastran@5, request_msg_id=REQUEST|fastran_000001@fastran@5|FRAMEWORK@Framework@0|87,status=0, args=(None,), message_id=RESPONSE|FRAMEWORK@Framework@0|fastran_000001@fastran@5|593)
2025-09-09 16:20:32,261 fastran_tr0_fastran_5 DEBUG    _invoke_service(): getTopic  ('_IPS_MONITOR',)
2025-09-09 16:20:32,261 fastran_tr0_fastran_5 DEBUG    _get_service_response(REQUEST|fastran_000001@fastran@5|FRAMEWORK@Framework@0|88)
2025-09-09 16:20:32,272 fastran_tr0_fastran_5 DEBUG    _get_service_response(REQUEST|fastran_000001@fastran@5|FRAMEWORK@Framework@0|88), response = ServiceResponseMessage(sender_id=FRAMEWORK@Framework@0, receiver_id=fastran_000001@fastran@5, request_msg_id=REQUEST|fastran_000001@fastran@5|FRAMEWORK@Framework@0|88,status=0, args=(<ipsframework.cca_es_spec.Topic object at 0x7f87c6413790>,), message_id=RESPONSE|FRAMEWORK@Framework@0|fastran_000001@fastran@5|595)
2025-09-09 16:20:32,272 fastran_tr0_fastran_5 DEBUG    _invoke_service(): sendEvent  ('_IPS_MONITOR', 'PORTAL_EVENT', {'sim_name': 'fastran_000001', 'real_sim_name': 'fastran_000001', 'portal_data': {'code': 'fastran_tr0_fastran', 'eventtype': 'IPS_TASK_END', 'ok': True, 'walltime': '64.34', 'time': '2025-09-09|16:20:32PDT', 'trace': {'timestamp': 1757460031696595, 'duration': 564770, 'localEndpoint': {'serviceName': '/global/common/software/atom/perlmutter/binaries/fastran/default/xfastran_ver1.00_ser'}, 'name': '1 1', 'id': '16a0e31e2444aee1', 'parentId': 'fa83d5b0baff1c3b', 'tags': {'procs_requested': '1', 'cores_allocated': '128'}}, 'state': 'Running', 'comment': 'task_id = 7  elapsed time = 0.56 S'}})
2025-09-09 16:20:32,272 fastran_tr0_fastran_5 DEBUG    _get_service_response(REQUEST|fastran_000001@fastran@5|FRAMEWORK@Framework@0|89)
2025-09-09 16:20:32,283 fastran_tr0_fastran_5 DEBUG    _get_service_response(REQUEST|fastran_000001@fastran@5|FRAMEWORK@Framework@0|89), response = ServiceResponseMessage(sender_id=FRAMEWORK@Framework@0, receiver_id=fastran_000001@fastran@5, request_msg_id=REQUEST|fastran_000001@fastran@5|FRAMEWORK@Framework@0|89,status=0, args=(None,), message_id=RESPONSE|FRAMEWORK@Framework@0|fastran_000001@fastran@5|596)
2025-09-09 16:20:32,284 fastran_tr0_fastran_5 DEBUG    _invoke_service(): finish_task  (7, 0)
2025-09-09 16:20:32,284 fastran_tr0_fastran_5 DEBUG    _get_service_response(REQUEST|fastran_000001@fastran@5|FRAMEWORK@Framework@0|90)
2025-09-09 16:20:32,295 fastran_tr0_fastran_5 DEBUG    _get_service_response(REQUEST|fastran_000001@fastran@5|FRAMEWORK@Framework@0|90), response = ServiceResponseMessage(sender_id=FRAMEWORK@Framework@0, receiver_id=fastran_000001@fastran@5, request_msg_id=REQUEST|fastran_000001@fastran@5|FRAMEWORK@Framework@0|90,status=0, args=(0,), message_id=RESPONSE|FRAMEWORK@Framework@0|fastran_000001@fastran@5|597)
2025-09-09 16:20:32,474 fastran_tr0_fastran_5 DEBUG    _invoke_service(): update_state  (['s000001.00001', 'g000001.00001', 'i000001.00001', 'b000001.00001'], '/pscratch/sd/b/bassem/ips/tglf-ep_32_repeat/SCAN/work/fastran_tr0_fastran_5', '/pscratch/sd/b/bassem/ips/tglf-ep_32_repeat/SCAN/work/plasma_state')
2025-09-09 16:20:32,474 fastran_tr0_fastran_5 DEBUG    _get_service_response(REQUEST|fastran_000001@fastran@5|FRAMEWORK@Framework@0|91)
2025-09-09 16:20:32,497 fastran_tr0_fastran_5 DEBUG    _get_service_response(REQUEST|fastran_000001@fastran@5|FRAMEWORK@Framework@0|91), response = ServiceResponseMessage(sender_id=FRAMEWORK@Framework@0, receiver_id=fastran_000001@fastran@5, request_msg_id=REQUEST|fastran_000001@fastran@5|FRAMEWORK@Framework@0|91,status=0, args=(0,), message_id=RESPONSE|FRAMEWORK@Framework@0|fastran_000001@fastran@5|598)
2025-09-09 16:20:32,497 fastran_tr0_fastran_5 DEBUG    _invoke_service(): getTopic  ('_IPS_MONITOR',)
2025-09-09 16:20:32,497 fastran_tr0_fastran_5 DEBUG    _get_service_response(REQUEST|fastran_000001@fastran@5|FRAMEWORK@Framework@0|92)
2025-09-09 16:20:32,508 fastran_tr0_fastran_5 DEBUG    _get_service_response(REQUEST|fastran_000001@fastran@5|FRAMEWORK@Framework@0|92), response = ServiceResponseMessage(sender_id=FRAMEWORK@Framework@0, receiver_id=fastran_000001@fastran@5, request_msg_id=REQUEST|fastran_000001@fastran@5|FRAMEWORK@Framework@0|92,status=0, args=(<ipsframework.cca_es_spec.Topic object at 0x7f87c63c2910>,), message_id=RESPONSE|FRAMEWORK@Framework@0|fastran_000001@fastran@5|600)
2025-09-09 16:20:32,508 fastran_tr0_fastran_5 DEBUG    _invoke_service(): sendEvent  ('_IPS_MONITOR', 'PORTAL_EVENT', {'sim_name': 'fastran_000001', 'real_sim_name': 'fastran_000001', 'portal_data': {'code': 'fastran_tr0_fastran', 'eventtype': 'IPS_UPDATE_STATE', 'ok': True, 'walltime': '64.57', 'time': '2025-09-09|16:20:32PDT', 'trace': {'timestamp': 1757460032474143, 'duration': 23037, 'localEndpoint': {'serviceName': 'update_state'}, 'name': "['s000001.00001', 'g000001.00001', 'i000001.00001', 'b000001.00001']", 'id': '2fc1229e1e650f1c', 'parentId': 'fa83d5b0baff1c3b', 'tags': {}}, 'state': 'Running', 'comment': 'Elapsed time = 0.023   files = s000001.00001 g000001.00001 i000001.00001 b000001.00001 Success'}})
2025-09-09 16:20:32,508 fastran_tr0_fastran_5 DEBUG    _get_service_response(REQUEST|fastran_000001@fastran@5|FRAMEWORK@Framework@0|93)
2025-09-09 16:20:32,519 fastran_tr0_fastran_5 DEBUG    _get_service_response(REQUEST|fastran_000001@fastran@5|FRAMEWORK@Framework@0|93), response = ServiceResponseMessage(sender_id=FRAMEWORK@Framework@0, receiver_id=fastran_000001@fastran@5, request_msg_id=REQUEST|fastran_000001@fastran@5|FRAMEWORK@Framework@0|93,status=0, args=(None,), message_id=RESPONSE|FRAMEWORK@Framework@0|fastran_000001@fastran@5|601)
2025-09-09 16:20:32,538 fastran_tr0_fastran_5 DEBUG    _invoke_service(): getTopic  ('_IPS_MONITOR',)
2025-09-09 16:20:32,538 fastran_tr0_fastran_5 DEBUG    _get_service_response(REQUEST|fastran_000001@fastran@5|FRAMEWORK@Framework@0|94)
2025-09-09 16:20:32,548 fastran_tr0_fastran_5 DEBUG    _get_service_response(REQUEST|fastran_000001@fastran@5|FRAMEWORK@Framework@0|94), response = ServiceResponseMessage(sender_id=FRAMEWORK@Framework@0, receiver_id=fastran_000001@fastran@5, request_msg_id=REQUEST|fastran_000001@fastran@5|FRAMEWORK@Framework@0|94,status=0, args=(<ipsframework.cca_es_spec.Topic object at 0x7f87c63c29a0>,), message_id=RESPONSE|FRAMEWORK@Framework@0|fastran_000001@fastran@5|602)
2025-09-09 16:20:32,549 fastran_tr0_fastran_5 DEBUG    _invoke_service(): sendEvent  ('_IPS_MONITOR', 'PORTAL_EVENT', {'sim_name': 'fastran_000001', 'real_sim_name': 'fastran_000001', 'portal_data': {'code': 'fastran_tr0_fastran', 'eventtype': 'IPS_STAGE_OUTPUTS', 'ok': True, 'walltime': '64.61', 'time': '2025-09-09|16:20:32PDT', 'trace': {'timestamp': 1757460032519131, 'duration': 19212, 'localEndpoint': {'serviceName': 'stage_output_files'}, 'name': "['fastran.nc', 'inprof', 'inmetric', 'infastran', 'intglf', 'xfastran.log', 'i000001.00001']", 'id': '7349cfaaafc33980', 'parentId': 'fa83d5b0baff1c3b', 'tags': {}}, 'state': 'Running', 'comment': "Elapsed time = 0.019 Path = /pscratch/sd/b/bassem/ips/tglf-ep_32_repeat/SCAN/simulation_results/preprocess_5/components/fastran_tr0_fastran_5 Files = ['fastran.nc', 'inprof', 'inmetric', 'infastran', 'intglf', 'xfastran.log', 'i000001.00001']"}})
2025-09-09 16:20:32,549 fastran_tr0_fastran_5 DEBUG    _get_service_response(REQUEST|fastran_000001@fastran@5|FRAMEWORK@Framework@0|95)
2025-09-09 16:20:32,559 fastran_tr0_fastran_5 DEBUG    _get_service_response(REQUEST|fastran_000001@fastran@5|FRAMEWORK@Framework@0|95), response = ServiceResponseMessage(sender_id=FRAMEWORK@Framework@0, receiver_id=fastran_000001@fastran@5, request_msg_id=REQUEST|fastran_000001@fastran@5|FRAMEWORK@Framework@0|95,status=0, args=(None,), message_id=RESPONSE|FRAMEWORK@Framework@0|fastran_000001@fastran@5|603)
2025-09-09 16:20:32,570 fastran_driver_fastran_driver_2 DEBUG    _get_service_response(REQUEST|fastran_000001@fastran_driver@2|FRAMEWORK@Framework@0|212), response = ServiceResponseMessage(sender_id=FRAMEWORK@Framework@0, receiver_id=fastran_000001@fastran_driver@2, request_msg_id=REQUEST|fastran_000001@fastran_driver@2|FRAMEWORK@Framework@0|212,status=0, args=((None,),), message_id=RESPONSE|FRAMEWORK@Framework@0|fastran_000001@fastran_driver@2|604)
2025-09-09 16:20:32,571 fastran_driver_fastran_driver_2 DEBUG    _invoke_service(): getTopic  ('_IPS_MONITOR',)
2025-09-09 16:20:32,571 fastran_driver_fastran_driver_2 DEBUG    _get_service_response(REQUEST|fastran_000001@fastran_driver@2|FRAMEWORK@Framework@0|213)
2025-09-09 16:20:32,581 fastran_driver_fastran_driver_2 DEBUG    _get_service_response(REQUEST|fastran_000001@fastran_driver@2|FRAMEWORK@Framework@0|213), response = ServiceResponseMessage(sender_id=FRAMEWORK@Framework@0, receiver_id=fastran_000001@fastran_driver@2, request_msg_id=REQUEST|fastran_000001@fastran_driver@2|FRAMEWORK@Framework@0|213,status=0, args=(<ipsframework.cca_es_spec.Topic object at 0x7f87c63e01f0>,), message_id=RESPONSE|FRAMEWORK@Framework@0|fastran_000001@fastran_driver@2|605)
2025-09-09 16:20:32,582 fastran_driver_fastran_driver_2 DEBUG    _invoke_service(): sendEvent  ('_IPS_MONITOR', 'PORTAL_EVENT', {'sim_name': 'fastran_000001', 'real_sim_name': 'fastran_000001', 'portal_data': {'code': 'fastran_driver_fastran_driver', 'eventtype': 'IPS_CALL_END', 'ok': True, 'walltime': '64.65', 'time': '2025-09-09|16:20:32PDT', 'trace': {'timestamp': 1757460031458618, 'duration': 1112370, 'localEndpoint': {'serviceName': 'fastran_000001@fastran@5'}, 'name': 'step(preprocess_5)', 'id': 'fa83d5b0baff1c3b', 'parentId': '15e0663de819b9fa', 'tags': {}}, 'state': 'Running', 'comment': 'Target = fastran_000001@fastran@5:step(preprocess_5)'}})
2025-09-09 16:20:32,582 fastran_driver_fastran_driver_2 DEBUG    _get_service_response(REQUEST|fastran_000001@fastran_driver@2|FRAMEWORK@Framework@0|214)
2025-09-09 16:20:32,593 fastran_driver_fastran_driver_2 DEBUG    _get_service_response(REQUEST|fastran_000001@fastran_driver@2|FRAMEWORK@Framework@0|214), response = ServiceResponseMessage(sender_id=FRAMEWORK@Framework@0, receiver_id=fastran_000001@fastran_driver@2, request_msg_id=REQUEST|fastran_000001@fastran_driver@2|FRAMEWORK@Framework@0|214,status=0, args=(None,), message_id=RESPONSE|FRAMEWORK@Framework@0|fastran_000001@fastran_driver@2|606)
2025-09-09 16:20:32,593 fastran_driver_fastran_driver_2 DEBUG    _invoke_service(): getTopic  ('_IPS_MONITOR',)
2025-09-09 16:20:32,593 fastran_driver_fastran_driver_2 DEBUG    _get_service_response(REQUEST|fastran_000001@fastran_driver@2|FRAMEWORK@Framework@0|215)
2025-09-09 16:20:32,604 fastran_driver_fastran_driver_2 DEBUG    _get_service_response(REQUEST|fastran_000001@fastran_driver@2|FRAMEWORK@Framework@0|215), response = ServiceResponseMessage(sender_id=FRAMEWORK@Framework@0, receiver_id=fastran_000001@fastran_driver@2, request_msg_id=REQUEST|fastran_000001@fastran_driver@2|FRAMEWORK@Framework@0|215,status=0, args=(<ipsframework.cca_es_spec.Topic object at 0x7f87c63e0250>,), message_id=RESPONSE|FRAMEWORK@Framework@0|fastran_000001@fastran_driver@2|607)
2025-09-09 16:20:32,604 fastran_driver_fastran_driver_2 DEBUG    _invoke_service(): sendEvent  ('_IPS_MONITOR', 'PORTAL_EVENT', {'sim_name': 'fastran_000001', 'real_sim_name': 'fastran_000001', 'portal_data': {'code': 'fastran_driver_fastran_driver', 'eventtype': 'IPS_CALL_BEGIN', 'ok': True, 'walltime': '64.67', 'time': '2025-09-09|16:20:32PDT', 'state': 'Running', 'comment': 'Target = fastran_000001@modeleq_constraint@6:step(preprocess_5)'}})
2025-09-09 16:20:32,604 fastran_driver_fastran_driver_2 DEBUG    _get_service_response(REQUEST|fastran_000001@fastran_driver@2|FRAMEWORK@Framework@0|216)
2025-09-09 16:20:32,615 fastran_driver_fastran_driver_2 DEBUG    _get_service_response(REQUEST|fastran_000001@fastran_driver@2|FRAMEWORK@Framework@0|216), response = ServiceResponseMessage(sender_id=FRAMEWORK@Framework@0, receiver_id=fastran_000001@fastran_driver@2, request_msg_id=REQUEST|fastran_000001@fastran_driver@2|FRAMEWORK@Framework@0|216,status=0, args=(None,), message_id=RESPONSE|FRAMEWORK@Framework@0|fastran_000001@fastran_driver@2|608)
2025-09-09 16:20:32,615 fastran_driver_fastran_driver_2 DEBUG    _invoke_service(): init_call  ('step', 'preprocess_5')
2025-09-09 16:20:32,615 fastran_driver_fastran_driver_2 DEBUG    _get_service_response(REQUEST|fastran_000001@fastran_driver@2|FRAMEWORK@Framework@0|217)
2025-09-09 16:20:32,615 fastran__modeleq_constraint_6 DEBUG    Received Message 
2025-09-09 16:20:32,615 fastran__modeleq_constraint_6 DEBUG    Calling method step(preprocess_5)
2025-09-09 16:20:32,616 fastran__modeleq_constraint_6 DEBUG    _invoke_service(): stage_state  (['s000001.00001', 'g000001.00001', 'i000001.00001', 'b000001.00001'], '/pscratch/sd/b/bassem/ips/tglf-ep_32_repeat/SCAN/work/plasma_state', '/pscratch/sd/b/bassem/ips/tglf-ep_32_repeat/SCAN/work/fastran__modeleq_constraint_6')
2025-09-09 16:20:32,616 fastran__modeleq_constraint_6 DEBUG    _get_service_response(REQUEST|fastran_000001@modeleq_constraint@6|FRAMEWORK@Framework@0|40)
2025-09-09 16:20:32,625 fastran_driver_fastran_driver_2 DEBUG    _get_service_response(REQUEST|fastran_000001@fastran_driver@2|FRAMEWORK@Framework@0|217), response = ServiceResponseMessage(sender_id=FRAMEWORK@Framework@0, receiver_id=fastran_000001@fastran_driver@2, request_msg_id=REQUEST|fastran_000001@fastran_driver@2|FRAMEWORK@Framework@0|217,status=0, args=(40,), message_id=RESPONSE|FRAMEWORK@Framework@0|fastran_000001@fastran_driver@2|609)
2025-09-09 16:20:32,625 fastran_driver_fastran_driver_2 DEBUG    _invoke_service(): wait_call  (40, True)
2025-09-09 16:20:32,625 fastran_driver_fastran_driver_2 DEBUG    _get_service_response(REQUEST|fastran_000001@fastran_driver@2|FRAMEWORK@Framework@0|218)
2025-09-09 16:20:32,639 fastran__modeleq_constraint_6 DEBUG    _get_service_response(REQUEST|fastran_000001@modeleq_constraint@6|FRAMEWORK@Framework@0|40), response = ServiceResponseMessage(sender_id=FRAMEWORK@Framework@0, receiver_id=fastran_000001@modeleq_constraint@6, request_msg_id=REQUEST|fastran_000001@modeleq_constraint@6|FRAMEWORK@Framework@0|40,status=0, args=(0,), message_id=RESPONSE|FRAMEWORK@Framework@0|fastran_000001@modeleq_constraint@6|610)
2025-09-09 16:20:32,639 fastran__modeleq_constraint_6 DEBUG    _invoke_service(): getTopic  ('_IPS_MONITOR',)
2025-09-09 16:20:32,639 fastran__modeleq_constraint_6 DEBUG    _get_service_response(REQUEST|fastran_000001@modeleq_constraint@6|FRAMEWORK@Framework@0|41)
2025-09-09 16:20:32,650 fastran__modeleq_constraint_6 DEBUG    _get_service_response(REQUEST|fastran_000001@modeleq_constraint@6|FRAMEWORK@Framework@0|41), response = ServiceResponseMessage(sender_id=FRAMEWORK@Framework@0, receiver_id=fastran_000001@modeleq_constraint@6, request_msg_id=REQUEST|fastran_000001@modeleq_constraint@6|FRAMEWORK@Framework@0|41,status=0, args=(<ipsframework.cca_es_spec.Topic object at 0x7f87c63ae220>,), message_id=RESPONSE|FRAMEWORK@Framework@0|fastran_000001@modeleq_constraint@6|611)
2025-09-09 16:20:32,650 fastran__modeleq_constraint_6 DEBUG    _invoke_service(): sendEvent  ('_IPS_MONITOR', 'PORTAL_EVENT', {'sim_name': 'fastran_000001', 'real_sim_name': 'fastran_000001', 'portal_data': {'code': 'fastran__modeleq_constraint', 'eventtype': 'IPS_STAGE_STATE', 'ok': True, 'walltime': '64.72', 'time': '2025-09-09|16:20:32PDT', 'trace': {'timestamp': 1757460032615951, 'duration': 23650, 'localEndpoint': {'serviceName': 'stage_state'}, 'name': "['s000001.00001', 'g000001.00001', 'i000001.00001', 'b000001.00001']", 'id': 'ff3119918b5e7670', 'parentId': '301fc3a4d2df481e', 'tags': {}}, 'state': 'Running', 'comment': 'Elapsed time = 0.024  files = s000001.00001 g000001.00001 i000001.00001 b000001.00001 Success'}})
2025-09-09 16:20:32,650 fastran__modeleq_constraint_6 DEBUG    _get_service_response(REQUEST|fastran_000001@modeleq_constraint@6|FRAMEWORK@Framework@0|42)
2025-09-09 16:20:32,660 fastran__modeleq_constraint_6 DEBUG    _get_service_response(REQUEST|fastran_000001@modeleq_constraint@6|FRAMEWORK@Framework@0|42), response = ServiceResponseMessage(sender_id=FRAMEWORK@Framework@0, receiver_id=fastran_000001@modeleq_constraint@6, request_msg_id=REQUEST|fastran_000001@modeleq_constraint@6|FRAMEWORK@Framework@0|42,status=0, args=(None,), message_id=RESPONSE|FRAMEWORK@Framework@0|fastran_000001@modeleq_constraint@6|612)
2025-09-09 16:20:33,698 fastran__modeleq_constraint_6 DEBUG    _invoke_service(): update_state  (['s000001.00001', 'g000001.00001', 'i000001.00001', 'b000001.00001'], '/pscratch/sd/b/bassem/ips/tglf-ep_32_repeat/SCAN/work/fastran__modeleq_constraint_6', '/pscratch/sd/b/bassem/ips/tglf-ep_32_repeat/SCAN/work/plasma_state')
2025-09-09 16:20:33,698 fastran__modeleq_constraint_6 DEBUG    _get_service_response(REQUEST|fastran_000001@modeleq_constraint@6|FRAMEWORK@Framework@0|43)
2025-09-09 16:20:33,720 fastran__modeleq_constraint_6 DEBUG    _get_service_response(REQUEST|fastran_000001@modeleq_constraint@6|FRAMEWORK@Framework@0|43), response = ServiceResponseMessage(sender_id=FRAMEWORK@Framework@0, receiver_id=fastran_000001@modeleq_constraint@6, request_msg_id=REQUEST|fastran_000001@modeleq_constraint@6|FRAMEWORK@Framework@0|43,status=0, args=(0,), message_id=RESPONSE|FRAMEWORK@Framework@0|fastran_000001@modeleq_constraint@6|615)
2025-09-09 16:20:33,721 fastran__modeleq_constraint_6 DEBUG    _invoke_service(): getTopic  ('_IPS_MONITOR',)
2025-09-09 16:20:33,721 fastran__modeleq_constraint_6 DEBUG    _get_service_response(REQUEST|fastran_000001@modeleq_constraint@6|FRAMEWORK@Framework@0|44)
2025-09-09 16:20:33,731 fastran__modeleq_constraint_6 DEBUG    _get_service_response(REQUEST|fastran_000001@modeleq_constraint@6|FRAMEWORK@Framework@0|44), response = ServiceResponseMessage(sender_id=FRAMEWORK@Framework@0, receiver_id=fastran_000001@modeleq_constraint@6, request_msg_id=REQUEST|fastran_000001@modeleq_constraint@6|FRAMEWORK@Framework@0|44,status=0, args=(<ipsframework.cca_es_spec.Topic object at 0x7f87c63d6040>,), message_id=RESPONSE|FRAMEWORK@Framework@0|fastran_000001@modeleq_constraint@6|616)
2025-09-09 16:20:33,731 fastran__modeleq_constraint_6 DEBUG    _invoke_service(): sendEvent  ('_IPS_MONITOR', 'PORTAL_EVENT', {'sim_name': 'fastran_000001', 'real_sim_name': 'fastran_000001', 'portal_data': {'code': 'fastran__modeleq_constraint', 'eventtype': 'IPS_UPDATE_STATE', 'ok': True, 'walltime': '65.80', 'time': '2025-09-09|16:20:33PDT', 'trace': {'timestamp': 1757460033698165, 'duration': 22868, 'localEndpoint': {'serviceName': 'update_state'}, 'name': "['s000001.00001', 'g000001.00001', 'i000001.00001', 'b000001.00001']", 'id': '2fc1229e1e650f1c', 'parentId': '301fc3a4d2df481e', 'tags': {}}, 'state': 'Running', 'comment': 'Elapsed time = 0.023   files = s000001.00001 g000001.00001 i000001.00001 b000001.00001 Success'}})
2025-09-09 16:20:33,731 fastran__modeleq_constraint_6 DEBUG    _get_service_response(REQUEST|fastran_000001@modeleq_constraint@6|FRAMEWORK@Framework@0|45)
2025-09-09 16:20:33,742 fastran__modeleq_constraint_6 DEBUG    _get_service_response(REQUEST|fastran_000001@modeleq_constraint@6|FRAMEWORK@Framework@0|45), response = ServiceResponseMessage(sender_id=FRAMEWORK@Framework@0, receiver_id=fastran_000001@modeleq_constraint@6, request_msg_id=REQUEST|fastran_000001@modeleq_constraint@6|FRAMEWORK@Framework@0|45,status=0, args=(None,), message_id=RESPONSE|FRAMEWORK@Framework@0|fastran_000001@modeleq_constraint@6|617)
2025-09-09 16:20:33,742 fastran__modeleq_constraint_6 DEBUG    _invoke_service(): getTopic  ('_IPS_MONITOR',)
2025-09-09 16:20:33,742 fastran__modeleq_constraint_6 DEBUG    _get_service_response(REQUEST|fastran_000001@modeleq_constraint@6|FRAMEWORK@Framework@0|46)
2025-09-09 16:20:33,753 fastran__modeleq_constraint_6 DEBUG    _get_service_response(REQUEST|fastran_000001@modeleq_constraint@6|FRAMEWORK@Framework@0|46), response = ServiceResponseMessage(sender_id=FRAMEWORK@Framework@0, receiver_id=fastran_000001@modeleq_constraint@6, request_msg_id=REQUEST|fastran_000001@modeleq_constraint@6|FRAMEWORK@Framework@0|46,status=0, args=(<ipsframework.cca_es_spec.Topic object at 0x7f87c63d6130>,), message_id=RESPONSE|FRAMEWORK@Framework@0|fastran_000001@modeleq_constraint@6|618)
2025-09-09 16:20:33,753 fastran__modeleq_constraint_6 DEBUG    _invoke_service(): sendEvent  ('_IPS_MONITOR', 'PORTAL_EVENT', {'sim_name': 'fastran_000001', 'real_sim_name': 'fastran_000001', 'portal_data': {'code': 'fastran__modeleq_constraint', 'eventtype': 'IPS_STAGE_OUTPUTS', 'ok': True, 'walltime': '65.82', 'time': '2025-09-09|16:20:33PDT', 'trace': {'timestamp': 1757460033742584, 'duration': 193, 'localEndpoint': {'serviceName': 'stage_output_files'}, 'name': '[]', 'id': 'ed019efe11be26d9', 'parentId': '301fc3a4d2df481e', 'tags': {}}, 'state': 'Running', 'comment': 'Elapsed time = 0.000 Path = /pscratch/sd/b/bassem/ips/tglf-ep_32_repeat/SCAN/simulation_results/preprocess_5/components/fastran__modeleq_constraint_6 Files = []'}})
2025-09-09 16:20:33,753 fastran__modeleq_constraint_6 DEBUG    _get_service_response(REQUEST|fastran_000001@modeleq_constraint@6|FRAMEWORK@Framework@0|47)
2025-09-09 16:20:33,764 fastran__modeleq_constraint_6 DEBUG    _get_service_response(REQUEST|fastran_000001@modeleq_constraint@6|FRAMEWORK@Framework@0|47), response = ServiceResponseMessage(sender_id=FRAMEWORK@Framework@0, receiver_id=fastran_000001@modeleq_constraint@6, request_msg_id=REQUEST|fastran_000001@modeleq_constraint@6|FRAMEWORK@Framework@0|47,status=0, args=(None,), message_id=RESPONSE|FRAMEWORK@Framework@0|fastran_000001@modeleq_constraint@6|619)
2025-09-09 16:20:33,775 fastran_driver_fastran_driver_2 DEBUG    _get_service_response(REQUEST|fastran_000001@fastran_driver@2|FRAMEWORK@Framework@0|218), response = ServiceResponseMessage(sender_id=FRAMEWORK@Framework@0, receiver_id=fastran_000001@fastran_driver@2, request_msg_id=REQUEST|fastran_000001@fastran_driver@2|FRAMEWORK@Framework@0|218,status=0, args=((None,),), message_id=RESPONSE|FRAMEWORK@Framework@0|fastran_000001@fastran_driver@2|620)
2025-09-09 16:20:33,776 fastran_driver_fastran_driver_2 DEBUG    _invoke_service(): getTopic  ('_IPS_MONITOR',)
2025-09-09 16:20:33,776 fastran_driver_fastran_driver_2 DEBUG    _get_service_response(REQUEST|fastran_000001@fastran_driver@2|FRAMEWORK@Framework@0|219)
2025-09-09 16:20:33,786 fastran_driver_fastran_driver_2 DEBUG    _get_service_response(REQUEST|fastran_000001@fastran_driver@2|FRAMEWORK@Framework@0|219), response = ServiceResponseMessage(sender_id=FRAMEWORK@Framework@0, receiver_id=fastran_000001@fastran_driver@2, request_msg_id=REQUEST|fastran_000001@fastran_driver@2|FRAMEWORK@Framework@0|219,status=0, args=(<ipsframework.cca_es_spec.Topic object at 0x7f87c63e01f0>,), message_id=RESPONSE|FRAMEWORK@Framework@0|fastran_000001@fastran_driver@2|621)
2025-09-09 16:20:33,786 fastran_driver_fastran_driver_2 DEBUG    _invoke_service(): sendEvent  ('_IPS_MONITOR', 'PORTAL_EVENT', {'sim_name': 'fastran_000001', 'real_sim_name': 'fastran_000001', 'portal_data': {'code': 'fastran_driver_fastran_driver', 'eventtype': 'IPS_CALL_END', 'ok': True, 'walltime': '65.85', 'time': '2025-09-09|16:20:33PDT', 'trace': {'timestamp': 1757460032625897, 'duration': 1150078, 'localEndpoint': {'serviceName': 'fastran_000001@modeleq_constraint@6'}, 'name': 'step(preprocess_5)', 'id': '301fc3a4d2df481e', 'parentId': '15e0663de819b9fa', 'tags': {}}, 'state': 'Running', 'comment': 'Target = fastran_000001@modeleq_constraint@6:step(preprocess_5)'}})
2025-09-09 16:20:33,787 fastran_driver_fastran_driver_2 DEBUG    _get_service_response(REQUEST|fastran_000001@fastran_driver@2|FRAMEWORK@Framework@0|220)
2025-09-09 16:20:33,797 fastran_driver_fastran_driver_2 DEBUG    _get_service_response(REQUEST|fastran_000001@fastran_driver@2|FRAMEWORK@Framework@0|220), response = ServiceResponseMessage(sender_id=FRAMEWORK@Framework@0, receiver_id=fastran_000001@fastran_driver@2, request_msg_id=REQUEST|fastran_000001@fastran_driver@2|FRAMEWORK@Framework@0|220,status=0, args=(None,), message_id=RESPONSE|FRAMEWORK@Framework@0|fastran_000001@fastran_driver@2|622)
2025-09-09 16:20:33,798 fastran_driver_fastran_driver_2 DEBUG    _invoke_service(): getTopic  ('_IPS_MONITOR',)
2025-09-09 16:20:33,798 fastran_driver_fastran_driver_2 DEBUG    _get_service_response(REQUEST|fastran_000001@fastran_driver@2|FRAMEWORK@Framework@0|221)
2025-09-09 16:20:33,808 fastran_driver_fastran_driver_2 DEBUG    _get_service_response(REQUEST|fastran_000001@fastran_driver@2|FRAMEWORK@Framework@0|221), response = ServiceResponseMessage(sender_id=FRAMEWORK@Framework@0, receiver_id=fastran_000001@fastran_driver@2, request_msg_id=REQUEST|fastran_000001@fastran_driver@2|FRAMEWORK@Framework@0|221,status=0, args=(<ipsframework.cca_es_spec.Topic object at 0x7f87c63e02b0>,), message_id=RESPONSE|FRAMEWORK@Framework@0|fastran_000001@fastran_driver@2|623)
2025-09-09 16:20:33,808 fastran_driver_fastran_driver_2 DEBUG    _invoke_service(): sendEvent  ('_IPS_MONITOR', 'PORTALBRIDGE_UPDATE_TIMESTAMP', {'sim_name': 'fastran_000001', 'real_sim_name': 'fastran_000001', 'portal_data': {'phystimestamp': 'preprocess_6', 'eventtype': 'PORTALBRIDGE_UPDATE_TIMESTAMP'}})
2025-09-09 16:20:33,808 fastran_driver_fastran_driver_2 DEBUG    _get_service_response(REQUEST|fastran_000001@fastran_driver@2|FRAMEWORK@Framework@0|222)
2025-09-09 16:20:33,819 fastran_driver_fastran_driver_2 DEBUG    _get_service_response(REQUEST|fastran_000001@fastran_driver@2|FRAMEWORK@Framework@0|222), response = ServiceResponseMessage(sender_id=FRAMEWORK@Framework@0, receiver_id=fastran_000001@fastran_driver@2, request_msg_id=REQUEST|fastran_000001@fastran_driver@2|FRAMEWORK@Framework@0|222,status=0, args=(None,), message_id=RESPONSE|FRAMEWORK@Framework@0|fastran_000001@fastran_driver@2|624)
2025-09-09 16:20:33,819 fastran_driver_fastran_driver_2 DEBUG    _invoke_service(): getTopic  ('_IPS_MONITOR',)
2025-09-09 16:20:33,819 fastran_driver_fastran_driver_2 DEBUG    _get_service_response(REQUEST|fastran_000001@fastran_driver@2|FRAMEWORK@Framework@0|223)
2025-09-09 16:20:33,830 fastran_driver_fastran_driver_2 DEBUG    _get_service_response(REQUEST|fastran_000001@fastran_driver@2|FRAMEWORK@Framework@0|223), response = ServiceResponseMessage(sender_id=FRAMEWORK@Framework@0, receiver_id=fastran_000001@fastran_driver@2, request_msg_id=REQUEST|fastran_000001@fastran_driver@2|FRAMEWORK@Framework@0|223,status=0, args=(<ipsframework.cca_es_spec.Topic object at 0x7f87c63e0160>,), message_id=RESPONSE|FRAMEWORK@Framework@0|fastran_000001@fastran_driver@2|625)
2025-09-09 16:20:33,830 fastran_driver_fastran_driver_2 DEBUG    _invoke_service(): sendEvent  ('_IPS_MONITOR', 'PORTAL_EVENT', {'sim_name': 'fastran_000001', 'real_sim_name': 'fastran_000001', 'portal_data': {'code': 'fastran_driver_fastran_driver', 'eventtype': 'IPS_UPDATE_TIME_STAMP', 'ok': True, 'walltime': '65.90', 'time': '2025-09-09|16:20:33PDT', 'state': 'Running', 'comment': 'Timestamp = preprocess_6'}})
2025-09-09 16:20:33,830 fastran_driver_fastran_driver_2 DEBUG    _get_service_response(REQUEST|fastran_000001@fastran_driver@2|FRAMEWORK@Framework@0|224)
2025-09-09 16:20:33,841 fastran_driver_fastran_driver_2 DEBUG    _get_service_response(REQUEST|fastran_000001@fastran_driver@2|FRAMEWORK@Framework@0|224), response = ServiceResponseMessage(sender_id=FRAMEWORK@Framework@0, receiver_id=fastran_000001@fastran_driver@2, request_msg_id=REQUEST|fastran_000001@fastran_driver@2|FRAMEWORK@Framework@0|224,status=0, args=(None,), message_id=RESPONSE|FRAMEWORK@Framework@0|fastran_000001@fastran_driver@2|626)
2025-09-09 16:20:33,841 fastran_driver_fastran_driver_2 DEBUG    _invoke_service(): getTopic  ('_IPS_MONITOR',)
2025-09-09 16:20:33,841 fastran_driver_fastran_driver_2 DEBUG    _get_service_response(REQUEST|fastran_000001@fastran_driver@2|FRAMEWORK@Framework@0|225)
2025-09-09 16:20:33,851 fastran_driver_fastran_driver_2 DEBUG    _get_service_response(REQUEST|fastran_000001@fastran_driver@2|FRAMEWORK@Framework@0|225), response = ServiceResponseMessage(sender_id=FRAMEWORK@Framework@0, receiver_id=fastran_000001@fastran_driver@2, request_msg_id=REQUEST|fastran_000001@fastran_driver@2|FRAMEWORK@Framework@0|225,status=0, args=(<ipsframework.cca_es_spec.Topic object at 0x7f87c63e01f0>,), message_id=RESPONSE|FRAMEWORK@Framework@0|fastran_000001@fastran_driver@2|627)
2025-09-09 16:20:33,851 fastran_driver_fastran_driver_2 DEBUG    _invoke_service(): sendEvent  ('_IPS_MONITOR', 'PORTAL_EVENT', {'sim_name': 'fastran_000001', 'real_sim_name': 'fastran_000001', 'portal_data': {'code': 'fastran_driver_fastran_driver', 'eventtype': 'IPS_CALL_BEGIN', 'ok': True, 'walltime': '65.92', 'time': '2025-09-09|16:20:33PDT', 'state': 'Running', 'comment': 'Target = fastran_000001@efit@3:step(preprocess_6)'}})
2025-09-09 16:20:33,852 fastran_driver_fastran_driver_2 DEBUG    _get_service_response(REQUEST|fastran_000001@fastran_driver@2|FRAMEWORK@Framework@0|226)
2025-09-09 16:20:33,862 fastran_driver_fastran_driver_2 DEBUG    _get_service_response(REQUEST|fastran_000001@fastran_driver@2|FRAMEWORK@Framework@0|226), response = ServiceResponseMessage(sender_id=FRAMEWORK@Framework@0, receiver_id=fastran_000001@fastran_driver@2, request_msg_id=REQUEST|fastran_000001@fastran_driver@2|FRAMEWORK@Framework@0|226,status=0, args=(None,), message_id=RESPONSE|FRAMEWORK@Framework@0|fastran_000001@fastran_driver@2|628)
2025-09-09 16:20:33,862 fastran_driver_fastran_driver_2 DEBUG    _invoke_service(): init_call  ('step', 'preprocess_6')
2025-09-09 16:20:33,862 fastran_driver_fastran_driver_2 DEBUG    _get_service_response(REQUEST|fastran_000001@fastran_driver@2|FRAMEWORK@Framework@0|227)
2025-09-09 16:20:33,863 fastran_eq0_efit_3 DEBUG    Received Message 
2025-09-09 16:20:33,863 fastran_eq0_efit_3 DEBUG    Calling method step(preprocess_6)
2025-09-09 16:20:33,863 fastran_eq0_efit_3 DEBUG    _invoke_service(): stage_state  (['s000001.00001', 'g000001.00001', 'i000001.00001', 'b000001.00001'], '/pscratch/sd/b/bassem/ips/tglf-ep_32_repeat/SCAN/work/plasma_state', '/pscratch/sd/b/bassem/ips/tglf-ep_32_repeat/SCAN/work/fastran_eq0_efit_3')
2025-09-09 16:20:33,864 fastran_eq0_efit_3 DEBUG    _get_service_response(REQUEST|fastran_000001@efit@3|FRAMEWORK@Framework@0|54)
2025-09-09 16:20:33,873 fastran_driver_fastran_driver_2 DEBUG    _get_service_response(REQUEST|fastran_000001@fastran_driver@2|FRAMEWORK@Framework@0|227), response = ServiceResponseMessage(sender_id=FRAMEWORK@Framework@0, receiver_id=fastran_000001@fastran_driver@2, request_msg_id=REQUEST|fastran_000001@fastran_driver@2|FRAMEWORK@Framework@0|227,status=0, args=(41,), message_id=RESPONSE|FRAMEWORK@Framework@0|fastran_000001@fastran_driver@2|629)
2025-09-09 16:20:33,873 fastran_driver_fastran_driver_2 DEBUG    _invoke_service(): wait_call  (41, True)
2025-09-09 16:20:33,873 fastran_driver_fastran_driver_2 DEBUG    _get_service_response(REQUEST|fastran_000001@fastran_driver@2|FRAMEWORK@Framework@0|228)
2025-09-09 16:20:33,887 fastran_eq0_efit_3 DEBUG    _get_service_response(REQUEST|fastran_000001@efit@3|FRAMEWORK@Framework@0|54), response = ServiceResponseMessage(sender_id=FRAMEWORK@Framework@0, receiver_id=fastran_000001@efit@3, request_msg_id=REQUEST|fastran_000001@efit@3|FRAMEWORK@Framework@0|54,status=0, args=(0,), message_id=RESPONSE|FRAMEWORK@Framework@0|fastran_000001@efit@3|630)
2025-09-09 16:20:33,887 fastran_eq0_efit_3 DEBUG    _invoke_service(): getTopic  ('_IPS_MONITOR',)
2025-09-09 16:20:33,887 fastran_eq0_efit_3 DEBUG    _get_service_response(REQUEST|fastran_000001@efit@3|FRAMEWORK@Framework@0|55)
2025-09-09 16:20:33,898 fastran_eq0_efit_3 DEBUG    _get_service_response(REQUEST|fastran_000001@efit@3|FRAMEWORK@Framework@0|55), response = ServiceResponseMessage(sender_id=FRAMEWORK@Framework@0, receiver_id=fastran_000001@efit@3, request_msg_id=REQUEST|fastran_000001@efit@3|FRAMEWORK@Framework@0|55,status=0, args=(<ipsframework.cca_es_spec.Topic object at 0x7f87c639ba60>,), message_id=RESPONSE|FRAMEWORK@Framework@0|fastran_000001@efit@3|631)
2025-09-09 16:20:33,898 fastran_eq0_efit_3 DEBUG    _invoke_service(): sendEvent  ('_IPS_MONITOR', 'PORTAL_EVENT', {'sim_name': 'fastran_000001', 'real_sim_name': 'fastran_000001', 'portal_data': {'code': 'fastran_eq0_efit', 'eventtype': 'IPS_STAGE_STATE', 'ok': True, 'walltime': '65.96', 'time': '2025-09-09|16:20:33PDT', 'trace': {'timestamp': 1757460033863789, 'duration': 23606, 'localEndpoint': {'serviceName': 'stage_state'}, 'name': "['s000001.00001', 'g000001.00001', 'i000001.00001', 'b000001.00001']", 'id': 'ff3119918b5e7670', 'parentId': 'da33b5f8b7b22a6a', 'tags': {}}, 'state': 'Running', 'comment': 'Elapsed time = 0.024  files = s000001.00001 g000001.00001 i000001.00001 b000001.00001 Success'}})
2025-09-09 16:20:33,898 fastran_eq0_efit_3 DEBUG    _get_service_response(REQUEST|fastran_000001@efit@3|FRAMEWORK@Framework@0|56)
2025-09-09 16:20:33,908 fastran_eq0_efit_3 DEBUG    _get_service_response(REQUEST|fastran_000001@efit@3|FRAMEWORK@Framework@0|56), response = ServiceResponseMessage(sender_id=FRAMEWORK@Framework@0, receiver_id=fastran_000001@efit@3, request_msg_id=REQUEST|fastran_000001@efit@3|FRAMEWORK@Framework@0|56,status=0, args=(None,), message_id=RESPONSE|FRAMEWORK@Framework@0|fastran_000001@efit@3|632)
2025-09-09 16:20:35,847 fastran_eq0_efit_3 DEBUG    _invoke_service(): update_state  (['s000001.00001', 'g000001.00001', 'i000001.00001', 'b000001.00001'], '/pscratch/sd/b/bassem/ips/tglf-ep_32_repeat/SCAN/work/fastran_eq0_efit_3', '/pscratch/sd/b/bassem/ips/tglf-ep_32_repeat/SCAN/work/plasma_state')
2025-09-09 16:20:35,847 fastran_eq0_efit_3 DEBUG    _get_service_response(REQUEST|fastran_000001@efit@3|FRAMEWORK@Framework@0|57)
2025-09-09 16:20:35,870 fastran_eq0_efit_3 DEBUG    _get_service_response(REQUEST|fastran_000001@efit@3|FRAMEWORK@Framework@0|57), response = ServiceResponseMessage(sender_id=FRAMEWORK@Framework@0, receiver_id=fastran_000001@efit@3, request_msg_id=REQUEST|fastran_000001@efit@3|FRAMEWORK@Framework@0|57,status=0, args=(0,), message_id=RESPONSE|FRAMEWORK@Framework@0|fastran_000001@efit@3|637)
2025-09-09 16:20:35,870 fastran_eq0_efit_3 DEBUG    _invoke_service(): getTopic  ('_IPS_MONITOR',)
2025-09-09 16:20:35,870 fastran_eq0_efit_3 DEBUG    _get_service_response(REQUEST|fastran_000001@efit@3|FRAMEWORK@Framework@0|58)
2025-09-09 16:20:35,881 fastran_eq0_efit_3 DEBUG    _get_service_response(REQUEST|fastran_000001@efit@3|FRAMEWORK@Framework@0|58), response = ServiceResponseMessage(sender_id=FRAMEWORK@Framework@0, receiver_id=fastran_000001@efit@3, request_msg_id=REQUEST|fastran_000001@efit@3|FRAMEWORK@Framework@0|58,status=0, args=(<ipsframework.cca_es_spec.Topic object at 0x7f87c63b6a90>,), message_id=RESPONSE|FRAMEWORK@Framework@0|fastran_000001@efit@3|638)
2025-09-09 16:20:35,881 fastran_eq0_efit_3 DEBUG    _invoke_service(): sendEvent  ('_IPS_MONITOR', 'PORTAL_EVENT', {'sim_name': 'fastran_000001', 'real_sim_name': 'fastran_000001', 'portal_data': {'code': 'fastran_eq0_efit', 'eventtype': 'IPS_UPDATE_STATE', 'ok': True, 'walltime': '67.95', 'time': '2025-09-09|16:20:35PDT', 'trace': {'timestamp': 1757460035847545, 'duration': 22793, 'localEndpoint': {'serviceName': 'update_state'}, 'name': "['s000001.00001', 'g000001.00001', 'i000001.00001', 'b000001.00001']", 'id': '2fc1229e1e650f1c', 'parentId': 'da33b5f8b7b22a6a', 'tags': {}}, 'state': 'Running', 'comment': 'Elapsed time = 0.023   files = s000001.00001 g000001.00001 i000001.00001 b000001.00001 Success'}})
2025-09-09 16:20:35,881 fastran_eq0_efit_3 DEBUG    _get_service_response(REQUEST|fastran_000001@efit@3|FRAMEWORK@Framework@0|59)
2025-09-09 16:20:35,892 fastran_eq0_efit_3 DEBUG    _get_service_response(REQUEST|fastran_000001@efit@3|FRAMEWORK@Framework@0|59), response = ServiceResponseMessage(sender_id=FRAMEWORK@Framework@0, receiver_id=fastran_000001@efit@3, request_msg_id=REQUEST|fastran_000001@efit@3|FRAMEWORK@Framework@0|59,status=0, args=(None,), message_id=RESPONSE|FRAMEWORK@Framework@0|fastran_000001@efit@3|639)
2025-09-09 16:20:35,914 fastran_eq0_efit_3 DEBUG    _invoke_service(): getTopic  ('_IPS_MONITOR',)
2025-09-09 16:20:35,914 fastran_eq0_efit_3 DEBUG    _get_service_response(REQUEST|fastran_000001@efit@3|FRAMEWORK@Framework@0|60)
2025-09-09 16:20:35,924 fastran_eq0_efit_3 DEBUG    _get_service_response(REQUEST|fastran_000001@efit@3|FRAMEWORK@Framework@0|60), response = ServiceResponseMessage(sender_id=FRAMEWORK@Framework@0, receiver_id=fastran_000001@efit@3, request_msg_id=REQUEST|fastran_000001@efit@3|FRAMEWORK@Framework@0|60,status=0, args=(<ipsframework.cca_es_spec.Topic object at 0x7f87c63b6af0>,), message_id=RESPONSE|FRAMEWORK@Framework@0|fastran_000001@efit@3|640)
2025-09-09 16:20:35,924 fastran_eq0_efit_3 DEBUG    _invoke_service(): sendEvent  ('_IPS_MONITOR', 'PORTAL_EVENT', {'sim_name': 'fastran_000001', 'real_sim_name': 'fastran_000001', 'portal_data': {'code': 'fastran_eq0_efit', 'eventtype': 'IPS_STAGE_OUTPUTS', 'ok': True, 'walltime': '67.99', 'time': '2025-09-09|16:20:35PDT', 'trace': {'timestamp': 1757460035892307, 'duration': 21858, 'localEndpoint': {'serviceName': 'stage_output_files'}, 'name': "['g*.*', 'a*.*', 'm*.*', 'k*.*', 'efit.log', 's*.*']", 'id': '80725d8eee5776f1', 'parentId': 'da33b5f8b7b22a6a', 'tags': {}}, 'state': 'Running', 'comment': "Elapsed time = 0.022 Path = /pscratch/sd/b/bassem/ips/tglf-ep_32_repeat/SCAN/simulation_results/preprocess_6/components/fastran_eq0_efit_3 Files = ['g*.*', 'a*.*', 'm*.*', 'k*.*', 'efit.log', 's*.*']"}})
2025-09-09 16:20:35,925 fastran_eq0_efit_3 DEBUG    _get_service_response(REQUEST|fastran_000001@efit@3|FRAMEWORK@Framework@0|61)
2025-09-09 16:20:35,935 fastran_eq0_efit_3 DEBUG    _get_service_response(REQUEST|fastran_000001@efit@3|FRAMEWORK@Framework@0|61), response = ServiceResponseMessage(sender_id=FRAMEWORK@Framework@0, receiver_id=fastran_000001@efit@3, request_msg_id=REQUEST|fastran_000001@efit@3|FRAMEWORK@Framework@0|61,status=0, args=(None,), message_id=RESPONSE|FRAMEWORK@Framework@0|fastran_000001@efit@3|641)
2025-09-09 16:20:35,948 fastran_driver_fastran_driver_2 DEBUG    _get_service_response(REQUEST|fastran_000001@fastran_driver@2|FRAMEWORK@Framework@0|228), response = ServiceResponseMessage(sender_id=FRAMEWORK@Framework@0, receiver_id=fastran_000001@fastran_driver@2, request_msg_id=REQUEST|fastran_000001@fastran_driver@2|FRAMEWORK@Framework@0|228,status=0, args=((None,),), message_id=RESPONSE|FRAMEWORK@Framework@0|fastran_000001@fastran_driver@2|642)
2025-09-09 16:20:35,949 fastran_driver_fastran_driver_2 DEBUG    _invoke_service(): getTopic  ('_IPS_MONITOR',)
2025-09-09 16:20:35,949 fastran_driver_fastran_driver_2 DEBUG    _get_service_response(REQUEST|fastran_000001@fastran_driver@2|FRAMEWORK@Framework@0|229)
2025-09-09 16:20:35,959 fastran_driver_fastran_driver_2 DEBUG    _get_service_response(REQUEST|fastran_000001@fastran_driver@2|FRAMEWORK@Framework@0|229), response = ServiceResponseMessage(sender_id=FRAMEWORK@Framework@0, receiver_id=fastran_000001@fastran_driver@2, request_msg_id=REQUEST|fastran_000001@fastran_driver@2|FRAMEWORK@Framework@0|229,status=0, args=(<ipsframework.cca_es_spec.Topic object at 0x7f87c63e0160>,), message_id=RESPONSE|FRAMEWORK@Framework@0|fastran_000001@fastran_driver@2|643)
2025-09-09 16:20:35,960 fastran_driver_fastran_driver_2 DEBUG    _invoke_service(): sendEvent  ('_IPS_MONITOR', 'PORTAL_EVENT', {'sim_name': 'fastran_000001', 'real_sim_name': 'fastran_000001', 'portal_data': {'code': 'fastran_driver_fastran_driver', 'eventtype': 'IPS_CALL_END', 'ok': True, 'walltime': '68.03', 'time': '2025-09-09|16:20:35PDT', 'trace': {'timestamp': 1757460033873445, 'duration': 2075653, 'localEndpoint': {'serviceName': 'fastran_000001@efit@3'}, 'name': 'step(preprocess_6)', 'id': 'da33b5f8b7b22a6a', 'parentId': '15e0663de819b9fa', 'tags': {}}, 'state': 'Running', 'comment': 'Target = fastran_000001@efit@3:step(preprocess_6)'}})
2025-09-09 16:20:35,960 fastran_driver_fastran_driver_2 DEBUG    _get_service_response(REQUEST|fastran_000001@fastran_driver@2|FRAMEWORK@Framework@0|230)
2025-09-09 16:20:35,970 fastran_driver_fastran_driver_2 DEBUG    _get_service_response(REQUEST|fastran_000001@fastran_driver@2|FRAMEWORK@Framework@0|230), response = ServiceResponseMessage(sender_id=FRAMEWORK@Framework@0, receiver_id=fastran_000001@fastran_driver@2, request_msg_id=REQUEST|fastran_000001@fastran_driver@2|FRAMEWORK@Framework@0|230,status=0, args=(None,), message_id=RESPONSE|FRAMEWORK@Framework@0|fastran_000001@fastran_driver@2|644)
2025-09-09 16:20:35,971 fastran_driver_fastran_driver_2 DEBUG    _invoke_service(): getTopic  ('_IPS_MONITOR',)
2025-09-09 16:20:35,971 fastran_driver_fastran_driver_2 DEBUG    _get_service_response(REQUEST|fastran_000001@fastran_driver@2|FRAMEWORK@Framework@0|231)
2025-09-09 16:20:35,981 fastran_driver_fastran_driver_2 DEBUG    _get_service_response(REQUEST|fastran_000001@fastran_driver@2|FRAMEWORK@Framework@0|231), response = ServiceResponseMessage(sender_id=FRAMEWORK@Framework@0, receiver_id=fastran_000001@fastran_driver@2, request_msg_id=REQUEST|fastran_000001@fastran_driver@2|FRAMEWORK@Framework@0|231,status=0, args=(<ipsframework.cca_es_spec.Topic object at 0x7f87c63e02b0>,), message_id=RESPONSE|FRAMEWORK@Framework@0|fastran_000001@fastran_driver@2|645)
2025-09-09 16:20:35,981 fastran_driver_fastran_driver_2 DEBUG    _invoke_service(): sendEvent  ('_IPS_MONITOR', 'PORTAL_EVENT', {'sim_name': 'fastran_000001', 'real_sim_name': 'fastran_000001', 'portal_data': {'code': 'fastran_driver_fastran_driver', 'eventtype': 'IPS_CALL_BEGIN', 'ok': True, 'walltime': '68.05', 'time': '2025-09-09|16:20:35PDT', 'state': 'Running', 'comment': 'Target = fastran_000001@hcd_model@4:step(preprocess_6)'}})
2025-09-09 16:20:35,981 fastran_driver_fastran_driver_2 DEBUG    _get_service_response(REQUEST|fastran_000001@fastran_driver@2|FRAMEWORK@Framework@0|232)
2025-09-09 16:20:35,992 fastran_driver_fastran_driver_2 DEBUG    _get_service_response(REQUEST|fastran_000001@fastran_driver@2|FRAMEWORK@Framework@0|232), response = ServiceResponseMessage(sender_id=FRAMEWORK@Framework@0, receiver_id=fastran_000001@fastran_driver@2, request_msg_id=REQUEST|fastran_000001@fastran_driver@2|FRAMEWORK@Framework@0|232,status=0, args=(None,), message_id=RESPONSE|FRAMEWORK@Framework@0|fastran_000001@fastran_driver@2|646)
2025-09-09 16:20:35,992 fastran_driver_fastran_driver_2 DEBUG    _invoke_service(): init_call  ('step', 'preprocess_6')
2025-09-09 16:20:35,992 fastran_driver_fastran_driver_2 DEBUG    _get_service_response(REQUEST|fastran_000001@fastran_driver@2|FRAMEWORK@Framework@0|233)
2025-09-09 16:20:35,993 fastran_ic_hcd_model_4 DEBUG    Received Message 
2025-09-09 16:20:35,993 fastran_ic_hcd_model_4 DEBUG    Calling method step(preprocess_6)
2025-09-09 16:20:35,993 fastran_ic_hcd_model_4 DEBUG    _invoke_service(): stage_state  (['s000001.00001', 'g000001.00001', 'i000001.00001', 'b000001.00001'], '/pscratch/sd/b/bassem/ips/tglf-ep_32_repeat/SCAN/work/plasma_state', '/pscratch/sd/b/bassem/ips/tglf-ep_32_repeat/SCAN/work/fastran_ic_hcd_model_4')
2025-09-09 16:20:35,993 fastran_ic_hcd_model_4 DEBUG    _get_service_response(REQUEST|fastran_000001@hcd_model@4|FRAMEWORK@Framework@0|60)
2025-09-09 16:20:36,003 fastran_driver_fastran_driver_2 DEBUG    _get_service_response(REQUEST|fastran_000001@fastran_driver@2|FRAMEWORK@Framework@0|233), response = ServiceResponseMessage(sender_id=FRAMEWORK@Framework@0, receiver_id=fastran_000001@fastran_driver@2, request_msg_id=REQUEST|fastran_000001@fastran_driver@2|FRAMEWORK@Framework@0|233,status=0, args=(42,), message_id=RESPONSE|FRAMEWORK@Framework@0|fastran_000001@fastran_driver@2|647)
2025-09-09 16:20:36,003 fastran_driver_fastran_driver_2 DEBUG    _invoke_service(): wait_call  (42, True)
2025-09-09 16:20:36,003 fastran_driver_fastran_driver_2 DEBUG    _get_service_response(REQUEST|fastran_000001@fastran_driver@2|FRAMEWORK@Framework@0|234)
2025-09-09 16:20:36,016 fastran_ic_hcd_model_4 DEBUG    _get_service_response(REQUEST|fastran_000001@hcd_model@4|FRAMEWORK@Framework@0|60), response = ServiceResponseMessage(sender_id=FRAMEWORK@Framework@0, receiver_id=fastran_000001@hcd_model@4, request_msg_id=REQUEST|fastran_000001@hcd_model@4|FRAMEWORK@Framework@0|60,status=0, args=(0,), message_id=RESPONSE|FRAMEWORK@Framework@0|fastran_000001@hcd_model@4|648)
2025-09-09 16:20:36,016 fastran_ic_hcd_model_4 DEBUG    _invoke_service(): getTopic  ('_IPS_MONITOR',)
2025-09-09 16:20:36,016 fastran_ic_hcd_model_4 DEBUG    _get_service_response(REQUEST|fastran_000001@hcd_model@4|FRAMEWORK@Framework@0|61)
2025-09-09 16:20:36,027 fastran_ic_hcd_model_4 DEBUG    _get_service_response(REQUEST|fastran_000001@hcd_model@4|FRAMEWORK@Framework@0|61), response = ServiceResponseMessage(sender_id=FRAMEWORK@Framework@0, receiver_id=fastran_000001@hcd_model@4, request_msg_id=REQUEST|fastran_000001@hcd_model@4|FRAMEWORK@Framework@0|61,status=0, args=(<ipsframework.cca_es_spec.Topic object at 0x7f87c6407370>,), message_id=RESPONSE|FRAMEWORK@Framework@0|fastran_000001@hcd_model@4|649)
2025-09-09 16:20:36,027 fastran_ic_hcd_model_4 DEBUG    _invoke_service(): sendEvent  ('_IPS_MONITOR', 'PORTAL_EVENT', {'sim_name': 'fastran_000001', 'real_sim_name': 'fastran_000001', 'portal_data': {'code': 'fastran_ic_hcd_model', 'eventtype': 'IPS_STAGE_STATE', 'ok': True, 'walltime': '68.09', 'time': '2025-09-09|16:20:36PDT', 'trace': {'timestamp': 1757460035993650, 'duration': 22836, 'localEndpoint': {'serviceName': 'stage_state'}, 'name': "['s000001.00001', 'g000001.00001', 'i000001.00001', 'b000001.00001']", 'id': 'ff3119918b5e7670', 'parentId': 'a072a1099d5891bf', 'tags': {}}, 'state': 'Running', 'comment': 'Elapsed time = 0.023  files = s000001.00001 g000001.00001 i000001.00001 b000001.00001 Success'}})
2025-09-09 16:20:36,027 fastran_ic_hcd_model_4 DEBUG    _get_service_response(REQUEST|fastran_000001@hcd_model@4|FRAMEWORK@Framework@0|62)
2025-09-09 16:20:36,037 fastran_ic_hcd_model_4 DEBUG    _get_service_response(REQUEST|fastran_000001@hcd_model@4|FRAMEWORK@Framework@0|62), response = ServiceResponseMessage(sender_id=FRAMEWORK@Framework@0, receiver_id=fastran_000001@hcd_model@4, request_msg_id=REQUEST|fastran_000001@hcd_model@4|FRAMEWORK@Framework@0|62,status=0, args=(None,), message_id=RESPONSE|FRAMEWORK@Framework@0|fastran_000001@hcd_model@4|650)
2025-09-09 16:20:36,042 fastran_ic_hcd_model_4 DEBUG    _invoke_service(): getTopic  ('_IPS_MONITOR',)
2025-09-09 16:20:36,042 fastran_ic_hcd_model_4 DEBUG    _get_service_response(REQUEST|fastran_000001@hcd_model@4|FRAMEWORK@Framework@0|63)
2025-09-09 16:20:36,052 fastran_ic_hcd_model_4 DEBUG    _get_service_response(REQUEST|fastran_000001@hcd_model@4|FRAMEWORK@Framework@0|63), response = ServiceResponseMessage(sender_id=FRAMEWORK@Framework@0, receiver_id=fastran_000001@hcd_model@4, request_msg_id=REQUEST|fastran_000001@hcd_model@4|FRAMEWORK@Framework@0|63,status=0, args=(<ipsframework.cca_es_spec.Topic object at 0x7f87c64075e0>,), message_id=RESPONSE|FRAMEWORK@Framework@0|fastran_000001@hcd_model@4|651)
2025-09-09 16:20:36,052 fastran_ic_hcd_model_4 DEBUG    _invoke_service(): sendEvent  ('_IPS_MONITOR', 'PORTAL_EVENT', {'sim_name': 'fastran_000001', 'real_sim_name': 'fastran_000001', 'portal_data': {'code': 'fastran_ic_hcd_model', 'eventtype': 'IPS_STAGE_INPUTS', 'ok': True, 'walltime': '68.12', 'time': '2025-09-09|16:20:36PDT', 'trace': {'timestamp': 1757460036037884, 'duration': 4297, 'localEndpoint': {'serviceName': 'stage_input_files'}, 'name': 'inhcd', 'id': '5ee53c28a9607896', 'parentId': 'a072a1099d5891bf', 'tags': {}}, 'state': 'Running', 'comment': 'Elapsed time = 0.004 Path = /pscratch/sd/b/bassem/ips/tglf-ep_32_repeat/input Files = inhcd'}})
2025-09-09 16:20:36,052 fastran_ic_hcd_model_4 DEBUG    _get_service_response(REQUEST|fastran_000001@hcd_model@4|FRAMEWORK@Framework@0|64)
2025-09-09 16:20:36,063 fastran_ic_hcd_model_4 DEBUG    _get_service_response(REQUEST|fastran_000001@hcd_model@4|FRAMEWORK@Framework@0|64), response = ServiceResponseMessage(sender_id=FRAMEWORK@Framework@0, receiver_id=fastran_000001@hcd_model@4, request_msg_id=REQUEST|fastran_000001@hcd_model@4|FRAMEWORK@Framework@0|64,status=0, args=(None,), message_id=RESPONSE|FRAMEWORK@Framework@0|fastran_000001@hcd_model@4|652)
2025-09-09 16:20:36,173 fastran_ic_hcd_model_4 DEBUG    _invoke_service(): update_state  (['s000001.00001', 'g000001.00001', 'i000001.00001', 'b000001.00001'], '/pscratch/sd/b/bassem/ips/tglf-ep_32_repeat/SCAN/work/fastran_ic_hcd_model_4', '/pscratch/sd/b/bassem/ips/tglf-ep_32_repeat/SCAN/work/plasma_state')
2025-09-09 16:20:36,173 fastran_ic_hcd_model_4 DEBUG    _get_service_response(REQUEST|fastran_000001@hcd_model@4|FRAMEWORK@Framework@0|65)
2025-09-09 16:20:36,201 fastran_ic_hcd_model_4 DEBUG    _get_service_response(REQUEST|fastran_000001@hcd_model@4|FRAMEWORK@Framework@0|65), response = ServiceResponseMessage(sender_id=FRAMEWORK@Framework@0, receiver_id=fastran_000001@hcd_model@4, request_msg_id=REQUEST|fastran_000001@hcd_model@4|FRAMEWORK@Framework@0|65,status=0, args=(0,), message_id=RESPONSE|FRAMEWORK@Framework@0|fastran_000001@hcd_model@4|654)
2025-09-09 16:20:36,201 fastran_ic_hcd_model_4 DEBUG    _invoke_service(): getTopic  ('_IPS_MONITOR',)
2025-09-09 16:20:36,201 fastran_ic_hcd_model_4 DEBUG    _get_service_response(REQUEST|fastran_000001@hcd_model@4|FRAMEWORK@Framework@0|66)
2025-09-09 16:20:36,212 fastran_ic_hcd_model_4 DEBUG    _get_service_response(REQUEST|fastran_000001@hcd_model@4|FRAMEWORK@Framework@0|66), response = ServiceResponseMessage(sender_id=FRAMEWORK@Framework@0, receiver_id=fastran_000001@hcd_model@4, request_msg_id=REQUEST|fastran_000001@hcd_model@4|FRAMEWORK@Framework@0|66,status=0, args=(<ipsframework.cca_es_spec.Topic object at 0x7f87c6407790>,), message_id=RESPONSE|FRAMEWORK@Framework@0|fastran_000001@hcd_model@4|655)
2025-09-09 16:20:36,212 fastran_ic_hcd_model_4 DEBUG    _invoke_service(): sendEvent  ('_IPS_MONITOR', 'PORTAL_EVENT', {'sim_name': 'fastran_000001', 'real_sim_name': 'fastran_000001', 'portal_data': {'code': 'fastran_ic_hcd_model', 'eventtype': 'IPS_UPDATE_STATE', 'ok': True, 'walltime': '68.28', 'time': '2025-09-09|16:20:36PDT', 'trace': {'timestamp': 1757460036173375, 'duration': 28335, 'localEndpoint': {'serviceName': 'update_state'}, 'name': "['s000001.00001', 'g000001.00001', 'i000001.00001', 'b000001.00001']", 'id': '2fc1229e1e650f1c', 'parentId': 'a072a1099d5891bf', 'tags': {}}, 'state': 'Running', 'comment': 'Elapsed time = 0.028   files = s000001.00001 g000001.00001 i000001.00001 b000001.00001 Success'}})
2025-09-09 16:20:36,212 fastran_ic_hcd_model_4 DEBUG    _get_service_response(REQUEST|fastran_000001@hcd_model@4|FRAMEWORK@Framework@0|67)
2025-09-09 16:20:36,223 fastran_ic_hcd_model_4 DEBUG    _get_service_response(REQUEST|fastran_000001@hcd_model@4|FRAMEWORK@Framework@0|67), response = ServiceResponseMessage(sender_id=FRAMEWORK@Framework@0, receiver_id=fastran_000001@hcd_model@4, request_msg_id=REQUEST|fastran_000001@hcd_model@4|FRAMEWORK@Framework@0|67,status=0, args=(None,), message_id=RESPONSE|FRAMEWORK@Framework@0|fastran_000001@hcd_model@4|656)
2025-09-09 16:20:36,223 fastran_ic_hcd_model_4 DEBUG    _invoke_service(): getTopic  ('_IPS_MONITOR',)
2025-09-09 16:20:36,224 fastran_ic_hcd_model_4 DEBUG    _get_service_response(REQUEST|fastran_000001@hcd_model@4|FRAMEWORK@Framework@0|68)
2025-09-09 16:20:36,234 fastran_ic_hcd_model_4 DEBUG    _get_service_response(REQUEST|fastran_000001@hcd_model@4|FRAMEWORK@Framework@0|68), response = ServiceResponseMessage(sender_id=FRAMEWORK@Framework@0, receiver_id=fastran_000001@hcd_model@4, request_msg_id=REQUEST|fastran_000001@hcd_model@4|FRAMEWORK@Framework@0|68,status=0, args=(<ipsframework.cca_es_spec.Topic object at 0x7f87c64075e0>,), message_id=RESPONSE|FRAMEWORK@Framework@0|fastran_000001@hcd_model@4|657)
2025-09-09 16:20:36,234 fastran_ic_hcd_model_4 DEBUG    _invoke_service(): sendEvent  ('_IPS_MONITOR', 'PORTAL_EVENT', {'sim_name': 'fastran_000001', 'real_sim_name': 'fastran_000001', 'portal_data': {'code': 'fastran_ic_hcd_model', 'eventtype': 'IPS_STAGE_OUTPUTS', 'ok': True, 'walltime': '68.30', 'time': '2025-09-09|16:20:36PDT', 'trace': {'timestamp': 1757460036223732, 'duration': 170, 'localEndpoint': {'serviceName': 'stage_output_files'}, 'name': '[]', 'id': 'ed019efe11be26d9', 'parentId': 'a072a1099d5891bf', 'tags': {}}, 'state': 'Running', 'comment': 'Elapsed time = 0.000 Path = /pscratch/sd/b/bassem/ips/tglf-ep_32_repeat/SCAN/simulation_results/preprocess_6/components/fastran_ic_hcd_model_4 Files = []'}})
2025-09-09 16:20:36,234 fastran_ic_hcd_model_4 DEBUG    _get_service_response(REQUEST|fastran_000001@hcd_model@4|FRAMEWORK@Framework@0|69)
2025-09-09 16:20:36,245 fastran_ic_hcd_model_4 DEBUG    _get_service_response(REQUEST|fastran_000001@hcd_model@4|FRAMEWORK@Framework@0|69), response = ServiceResponseMessage(sender_id=FRAMEWORK@Framework@0, receiver_id=fastran_000001@hcd_model@4, request_msg_id=REQUEST|fastran_000001@hcd_model@4|FRAMEWORK@Framework@0|69,status=0, args=(None,), message_id=RESPONSE|FRAMEWORK@Framework@0|fastran_000001@hcd_model@4|658)
2025-09-09 16:20:36,256 fastran_driver_fastran_driver_2 DEBUG    _get_service_response(REQUEST|fastran_000001@fastran_driver@2|FRAMEWORK@Framework@0|234), response = ServiceResponseMessage(sender_id=FRAMEWORK@Framework@0, receiver_id=fastran_000001@fastran_driver@2, request_msg_id=REQUEST|fastran_000001@fastran_driver@2|FRAMEWORK@Framework@0|234,status=0, args=((None,),), message_id=RESPONSE|FRAMEWORK@Framework@0|fastran_000001@fastran_driver@2|659)
2025-09-09 16:20:36,256 fastran_driver_fastran_driver_2 DEBUG    _invoke_service(): getTopic  ('_IPS_MONITOR',)
2025-09-09 16:20:36,256 fastran_driver_fastran_driver_2 DEBUG    _get_service_response(REQUEST|fastran_000001@fastran_driver@2|FRAMEWORK@Framework@0|235)
2025-09-09 16:20:36,267 fastran_driver_fastran_driver_2 DEBUG    _get_service_response(REQUEST|fastran_000001@fastran_driver@2|FRAMEWORK@Framework@0|235), response = ServiceResponseMessage(sender_id=FRAMEWORK@Framework@0, receiver_id=fastran_000001@fastran_driver@2, request_msg_id=REQUEST|fastran_000001@fastran_driver@2|FRAMEWORK@Framework@0|235,status=0, args=(<ipsframework.cca_es_spec.Topic object at 0x7f87c63e0160>,), message_id=RESPONSE|FRAMEWORK@Framework@0|fastran_000001@fastran_driver@2|660)
2025-09-09 16:20:36,267 fastran_driver_fastran_driver_2 DEBUG    _invoke_service(): sendEvent  ('_IPS_MONITOR', 'PORTAL_EVENT', {'sim_name': 'fastran_000001', 'real_sim_name': 'fastran_000001', 'portal_data': {'code': 'fastran_driver_fastran_driver', 'eventtype': 'IPS_CALL_END', 'ok': True, 'walltime': '68.33', 'time': '2025-09-09|16:20:36PDT', 'trace': {'timestamp': 1757460036003485, 'duration': 253080, 'localEndpoint': {'serviceName': 'fastran_000001@hcd_model@4'}, 'name': 'step(preprocess_6)', 'id': 'a072a1099d5891bf', 'parentId': '15e0663de819b9fa', 'tags': {}}, 'state': 'Running', 'comment': 'Target = fastran_000001@hcd_model@4:step(preprocess_6)'}})
2025-09-09 16:20:36,267 fastran_driver_fastran_driver_2 DEBUG    _get_service_response(REQUEST|fastran_000001@fastran_driver@2|FRAMEWORK@Framework@0|236)
2025-09-09 16:20:36,278 fastran_driver_fastran_driver_2 DEBUG    _get_service_response(REQUEST|fastran_000001@fastran_driver@2|FRAMEWORK@Framework@0|236), response = ServiceResponseMessage(sender_id=FRAMEWORK@Framework@0, receiver_id=fastran_000001@fastran_driver@2, request_msg_id=REQUEST|fastran_000001@fastran_driver@2|FRAMEWORK@Framework@0|236,status=0, args=(None,), message_id=RESPONSE|FRAMEWORK@Framework@0|fastran_000001@fastran_driver@2|661)
2025-09-09 16:20:36,278 fastran_driver_fastran_driver_2 DEBUG    _invoke_service(): getTopic  ('_IPS_MONITOR',)
2025-09-09 16:20:36,278 fastran_driver_fastran_driver_2 DEBUG    _get_service_response(REQUEST|fastran_000001@fastran_driver@2|FRAMEWORK@Framework@0|237)
2025-09-09 16:20:36,288 fastran_driver_fastran_driver_2 DEBUG    _get_service_response(REQUEST|fastran_000001@fastran_driver@2|FRAMEWORK@Framework@0|237), response = ServiceResponseMessage(sender_id=FRAMEWORK@Framework@0, receiver_id=fastran_000001@fastran_driver@2, request_msg_id=REQUEST|fastran_000001@fastran_driver@2|FRAMEWORK@Framework@0|237,status=0, args=(<ipsframework.cca_es_spec.Topic object at 0x7f87c63e01f0>,), message_id=RESPONSE|FRAMEWORK@Framework@0|fastran_000001@fastran_driver@2|662)
2025-09-09 16:20:36,288 fastran_driver_fastran_driver_2 DEBUG    _invoke_service(): sendEvent  ('_IPS_MONITOR', 'PORTAL_EVENT', {'sim_name': 'fastran_000001', 'real_sim_name': 'fastran_000001', 'portal_data': {'code': 'fastran_driver_fastran_driver', 'eventtype': 'IPS_CALL_BEGIN', 'ok': True, 'walltime': '68.35', 'time': '2025-09-09|16:20:36PDT', 'state': 'Running', 'comment': 'Target = fastran_000001@fastran@5:step(preprocess_6)'}})
2025-09-09 16:20:36,288 fastran_driver_fastran_driver_2 DEBUG    _get_service_response(REQUEST|fastran_000001@fastran_driver@2|FRAMEWORK@Framework@0|238)
2025-09-09 16:20:36,299 fastran_driver_fastran_driver_2 DEBUG    _get_service_response(REQUEST|fastran_000001@fastran_driver@2|FRAMEWORK@Framework@0|238), response = ServiceResponseMessage(sender_id=FRAMEWORK@Framework@0, receiver_id=fastran_000001@fastran_driver@2, request_msg_id=REQUEST|fastran_000001@fastran_driver@2|FRAMEWORK@Framework@0|238,status=0, args=(None,), message_id=RESPONSE|FRAMEWORK@Framework@0|fastran_000001@fastran_driver@2|663)
2025-09-09 16:20:36,299 fastran_driver_fastran_driver_2 DEBUG    _invoke_service(): init_call  ('step', 'preprocess_6')
2025-09-09 16:20:36,299 fastran_driver_fastran_driver_2 DEBUG    _get_service_response(REQUEST|fastran_000001@fastran_driver@2|FRAMEWORK@Framework@0|239)
2025-09-09 16:20:36,300 fastran_tr0_fastran_5 DEBUG    Received Message 
2025-09-09 16:20:36,300 fastran_tr0_fastran_5 DEBUG    Calling method step(preprocess_6)
2025-09-09 16:20:36,300 fastran_tr0_fastran_5 DEBUG    _invoke_service(): stage_state  (['s000001.00001', 'g000001.00001', 'i000001.00001', 'b000001.00001'], '/pscratch/sd/b/bassem/ips/tglf-ep_32_repeat/SCAN/work/plasma_state', '/pscratch/sd/b/bassem/ips/tglf-ep_32_repeat/SCAN/work/fastran_tr0_fastran_5')
2025-09-09 16:20:36,300 fastran_tr0_fastran_5 DEBUG    _get_service_response(REQUEST|fastran_000001@fastran@5|FRAMEWORK@Framework@0|96)
2025-09-09 16:20:36,310 fastran_driver_fastran_driver_2 DEBUG    _get_service_response(REQUEST|fastran_000001@fastran_driver@2|FRAMEWORK@Framework@0|239), response = ServiceResponseMessage(sender_id=FRAMEWORK@Framework@0, receiver_id=fastran_000001@fastran_driver@2, request_msg_id=REQUEST|fastran_000001@fastran_driver@2|FRAMEWORK@Framework@0|239,status=0, args=(43,), message_id=RESPONSE|FRAMEWORK@Framework@0|fastran_000001@fastran_driver@2|664)
2025-09-09 16:20:36,310 fastran_driver_fastran_driver_2 DEBUG    _invoke_service(): wait_call  (43, True)
2025-09-09 16:20:36,310 fastran_driver_fastran_driver_2 DEBUG    _get_service_response(REQUEST|fastran_000001@fastran_driver@2|FRAMEWORK@Framework@0|240)
2025-09-09 16:20:36,324 fastran_tr0_fastran_5 DEBUG    _get_service_response(REQUEST|fastran_000001@fastran@5|FRAMEWORK@Framework@0|96), response = ServiceResponseMessage(sender_id=FRAMEWORK@Framework@0, receiver_id=fastran_000001@fastran@5, request_msg_id=REQUEST|fastran_000001@fastran@5|FRAMEWORK@Framework@0|96,status=0, args=(0,), message_id=RESPONSE|FRAMEWORK@Framework@0|fastran_000001@fastran@5|665)
2025-09-09 16:20:36,324 fastran_tr0_fastran_5 DEBUG    _invoke_service(): getTopic  ('_IPS_MONITOR',)
2025-09-09 16:20:36,325 fastran_tr0_fastran_5 DEBUG    _get_service_response(REQUEST|fastran_000001@fastran@5|FRAMEWORK@Framework@0|97)
2025-09-09 16:20:36,335 fastran_tr0_fastran_5 DEBUG    _get_service_response(REQUEST|fastran_000001@fastran@5|FRAMEWORK@Framework@0|97), response = ServiceResponseMessage(sender_id=FRAMEWORK@Framework@0, receiver_id=fastran_000001@fastran@5, request_msg_id=REQUEST|fastran_000001@fastran@5|FRAMEWORK@Framework@0|97,status=0, args=(<ipsframework.cca_es_spec.Topic object at 0x7f87c63c2af0>,), message_id=RESPONSE|FRAMEWORK@Framework@0|fastran_000001@fastran@5|666)
2025-09-09 16:20:36,335 fastran_tr0_fastran_5 DEBUG    _invoke_service(): sendEvent  ('_IPS_MONITOR', 'PORTAL_EVENT', {'sim_name': 'fastran_000001', 'real_sim_name': 'fastran_000001', 'portal_data': {'code': 'fastran_tr0_fastran', 'eventtype': 'IPS_STAGE_STATE', 'ok': True, 'walltime': '68.40', 'time': '2025-09-09|16:20:36PDT', 'trace': {'timestamp': 1757460036300533, 'duration': 24289, 'localEndpoint': {'serviceName': 'stage_state'}, 'name': "['s000001.00001', 'g000001.00001', 'i000001.00001', 'b000001.00001']", 'id': 'ff3119918b5e7670', 'parentId': 'b7ad93340926799f', 'tags': {}}, 'state': 'Running', 'comment': 'Elapsed time = 0.024  files = s000001.00001 g000001.00001 i000001.00001 b000001.00001 Success'}})
2025-09-09 16:20:36,335 fastran_tr0_fastran_5 DEBUG    _get_service_response(REQUEST|fastran_000001@fastran@5|FRAMEWORK@Framework@0|98)
2025-09-09 16:20:36,346 fastran_tr0_fastran_5 DEBUG    _get_service_response(REQUEST|fastran_000001@fastran@5|FRAMEWORK@Framework@0|98), response = ServiceResponseMessage(sender_id=FRAMEWORK@Framework@0, receiver_id=fastran_000001@fastran@5, request_msg_id=REQUEST|fastran_000001@fastran@5|FRAMEWORK@Framework@0|98,status=0, args=(None,), message_id=RESPONSE|FRAMEWORK@Framework@0|fastran_000001@fastran@5|667)
2025-09-09 16:20:36,356 fastran_tr0_fastran_5 DEBUG    _invoke_service(): getTopic  ('_IPS_MONITOR',)
2025-09-09 16:20:36,356 fastran_tr0_fastran_5 DEBUG    _get_service_response(REQUEST|fastran_000001@fastran@5|FRAMEWORK@Framework@0|99)
2025-09-09 16:20:36,366 fastran_tr0_fastran_5 DEBUG    _get_service_response(REQUEST|fastran_000001@fastran@5|FRAMEWORK@Framework@0|99), response = ServiceResponseMessage(sender_id=FRAMEWORK@Framework@0, receiver_id=fastran_000001@fastran@5, request_msg_id=REQUEST|fastran_000001@fastran@5|FRAMEWORK@Framework@0|99,status=0, args=(<ipsframework.cca_es_spec.Topic object at 0x7f87c63c2be0>,), message_id=RESPONSE|FRAMEWORK@Framework@0|fastran_000001@fastran@5|668)
2025-09-09 16:20:36,366 fastran_tr0_fastran_5 DEBUG    _invoke_service(): sendEvent  ('_IPS_MONITOR', 'PORTAL_EVENT', {'sim_name': 'fastran_000001', 'real_sim_name': 'fastran_000001', 'portal_data': {'code': 'fastran_tr0_fastran', 'eventtype': 'IPS_STAGE_INPUTS', 'ok': True, 'walltime': '68.43', 'time': '2025-09-09|16:20:36PDT', 'trace': {'timestamp': 1757460036347328, 'duration': 8949, 'localEndpoint': {'serviceName': 'stage_input_files'}, 'name': 'infastran0 intglf', 'id': 'dca1af508bf5af99', 'parentId': 'b7ad93340926799f', 'tags': {}}, 'state': 'Running', 'comment': 'Elapsed time = 0.009 Path = /pscratch/sd/b/bassem/ips/tglf-ep_32_repeat/input Files = infastran0 intglf'}})
2025-09-09 16:20:36,367 fastran_tr0_fastran_5 DEBUG    _get_service_response(REQUEST|fastran_000001@fastran@5|FRAMEWORK@Framework@0|100)
2025-09-09 16:20:36,377 fastran_tr0_fastran_5 DEBUG    _get_service_response(REQUEST|fastran_000001@fastran@5|FRAMEWORK@Framework@0|100), response = ServiceResponseMessage(sender_id=FRAMEWORK@Framework@0, receiver_id=fastran_000001@fastran@5, request_msg_id=REQUEST|fastran_000001@fastran@5|FRAMEWORK@Framework@0|100,status=0, args=(None,), message_id=RESPONSE|FRAMEWORK@Framework@0|fastran_000001@fastran@5|669)
2025-09-09 16:20:36,524 fastran_tr0_fastran_5 DEBUG    _invoke_service(): init_task  (TaskInit(nproc=1, binary='/global/common/software/atom/perlmutter/binaries/fastran/default/xfastran_ver1.00_ser', working_dir='/pscratch/sd/b/bassem/ips/tglf-ep_32_repeat/SCAN/work/fastran_tr0_fastran_5', tppn=0, tcpp=0, tgpp=0, block=True, omp=False, wnodes=True, wsocks=True, cmd_args=('1', '1')),)
2025-09-09 16:20:36,524 fastran_tr0_fastran_5 DEBUG    _get_service_response(REQUEST|fastran_000001@fastran@5|FRAMEWORK@Framework@0|101)
2025-09-09 16:20:36,536 fastran_tr0_fastran_5 DEBUG    _get_service_response(REQUEST|fastran_000001@fastran@5|FRAMEWORK@Framework@0|101), response = ServiceResponseMessage(sender_id=FRAMEWORK@Framework@0, receiver_id=fastran_000001@fastran@5, request_msg_id=REQUEST|fastran_000001@fastran@5|FRAMEWORK@Framework@0|101,status=0, args=((8, 'srun -N 1 -n 1 -c 128 --threads-per-core=1 --cpu-bind=cores /global/common/software/atom/perlmutter/binaries/fastran/default/xfastran_ver1.00_ser 1 1', None, 128),), message_id=RESPONSE|FRAMEWORK@Framework@0|fastran_000001@fastran@5|670)
2025-09-09 16:20:36,537 fastran_tr0_fastran_5 DEBUG    Launching command : srun -N 1 -n 1 -c 128 --threads-per-core=1 --cpu-bind=cores /global/common/software/atom/perlmutter/binaries/fastran/default/xfastran_ver1.00_ser 1 1
2025-09-09 16:20:36,551 fastran_tr0_fastran_5 DEBUG    _invoke_service(): getTopic  ('_IPS_MONITOR',)
2025-09-09 16:20:36,551 fastran_tr0_fastran_5 DEBUG    _get_service_response(REQUEST|fastran_000001@fastran@5|FRAMEWORK@Framework@0|102)
2025-09-09 16:20:36,562 fastran_tr0_fastran_5 DEBUG    _get_service_response(REQUEST|fastran_000001@fastran@5|FRAMEWORK@Framework@0|102), response = ServiceResponseMessage(sender_id=FRAMEWORK@Framework@0, receiver_id=fastran_000001@fastran@5, request_msg_id=REQUEST|fastran_000001@fastran@5|FRAMEWORK@Framework@0|102,status=0, args=(<ipsframework.cca_es_spec.Topic object at 0x7f87c63c2d90>,), message_id=RESPONSE|FRAMEWORK@Framework@0|fastran_000001@fastran@5|671)
2025-09-09 16:20:36,562 fastran_tr0_fastran_5 DEBUG    _invoke_service(): sendEvent  ('_IPS_MONITOR', 'PORTAL_EVENT', {'sim_name': 'fastran_000001', 'real_sim_name': 'fastran_000001', 'portal_data': {'code': 'fastran_tr0_fastran', 'eventtype': 'IPS_LAUNCH_TASK', 'ok': True, 'walltime': '68.63', 'time': '2025-09-09|16:20:36PDT', 'state': 'Running', 'comment': 'task_id = 8 , Tag = None , nproc = 1 , Target = srun -N 1 -n 1 -c 128 --threads-per-core=1 --cpu-bind=cores /global/common/software/atom/perlmutter/binaries/fastran/default/xfastran_ver1.00_ser 1 1'}})
2025-09-09 16:20:36,562 fastran_tr0_fastran_5 DEBUG    _get_service_response(REQUEST|fastran_000001@fastran@5|FRAMEWORK@Framework@0|103)
2025-09-09 16:20:36,573 fastran_tr0_fastran_5 DEBUG    _get_service_response(REQUEST|fastran_000001@fastran@5|FRAMEWORK@Framework@0|103), response = ServiceResponseMessage(sender_id=FRAMEWORK@Framework@0, receiver_id=fastran_000001@fastran@5, request_msg_id=REQUEST|fastran_000001@fastran@5|FRAMEWORK@Framework@0|103,status=0, args=(None,), message_id=RESPONSE|FRAMEWORK@Framework@0|fastran_000001@fastran@5|672)
2025-09-09 16:20:37,155 fastran_tr0_fastran_5 DEBUG    _invoke_service(): getTopic  ('_IPS_MONITOR',)
2025-09-09 16:20:37,155 fastran_tr0_fastran_5 DEBUG    _get_service_response(REQUEST|fastran_000001@fastran@5|FRAMEWORK@Framework@0|104)
2025-09-09 16:20:37,166 fastran_tr0_fastran_5 DEBUG    _get_service_response(REQUEST|fastran_000001@fastran@5|FRAMEWORK@Framework@0|104), response = ServiceResponseMessage(sender_id=FRAMEWORK@Framework@0, receiver_id=fastran_000001@fastran@5, request_msg_id=REQUEST|fastran_000001@fastran@5|FRAMEWORK@Framework@0|104,status=0, args=(<ipsframework.cca_es_spec.Topic object at 0x7f87c63c2f70>,), message_id=RESPONSE|FRAMEWORK@Framework@0|fastran_000001@fastran@5|675)
2025-09-09 16:20:37,166 fastran_tr0_fastran_5 DEBUG    _invoke_service(): sendEvent  ('_IPS_MONITOR', 'PORTAL_EVENT', {'sim_name': 'fastran_000001', 'real_sim_name': 'fastran_000001', 'portal_data': {'code': 'fastran_tr0_fastran', 'eventtype': 'IPS_TASK_END', 'ok': True, 'walltime': '69.23', 'time': '2025-09-09|16:20:37PDT', 'trace': {'timestamp': 1757460036551241, 'duration': 604186, 'localEndpoint': {'serviceName': '/global/common/software/atom/perlmutter/binaries/fastran/default/xfastran_ver1.00_ser'}, 'name': '1 1', 'id': '308d6634dd05466a', 'parentId': 'b7ad93340926799f', 'tags': {'procs_requested': '1', 'cores_allocated': '128'}}, 'state': 'Running', 'comment': 'task_id = 8  elapsed time = 0.60 S'}})
2025-09-09 16:20:37,166 fastran_tr0_fastran_5 DEBUG    _get_service_response(REQUEST|fastran_000001@fastran@5|FRAMEWORK@Framework@0|105)
2025-09-09 16:20:37,177 fastran_tr0_fastran_5 DEBUG    _get_service_response(REQUEST|fastran_000001@fastran@5|FRAMEWORK@Framework@0|105), response = ServiceResponseMessage(sender_id=FRAMEWORK@Framework@0, receiver_id=fastran_000001@fastran@5, request_msg_id=REQUEST|fastran_000001@fastran@5|FRAMEWORK@Framework@0|105,status=0, args=(None,), message_id=RESPONSE|FRAMEWORK@Framework@0|fastran_000001@fastran@5|676)
2025-09-09 16:20:37,177 fastran_tr0_fastran_5 DEBUG    _invoke_service(): finish_task  (8, 0)
2025-09-09 16:20:37,177 fastran_tr0_fastran_5 DEBUG    _get_service_response(REQUEST|fastran_000001@fastran@5|FRAMEWORK@Framework@0|106)
2025-09-09 16:20:37,188 fastran_tr0_fastran_5 DEBUG    _get_service_response(REQUEST|fastran_000001@fastran@5|FRAMEWORK@Framework@0|106), response = ServiceResponseMessage(sender_id=FRAMEWORK@Framework@0, receiver_id=fastran_000001@fastran@5, request_msg_id=REQUEST|fastran_000001@fastran@5|FRAMEWORK@Framework@0|106,status=0, args=(0,), message_id=RESPONSE|FRAMEWORK@Framework@0|fastran_000001@fastran@5|677)
2025-09-09 16:20:37,362 fastran_tr0_fastran_5 DEBUG    _invoke_service(): update_state  (['s000001.00001', 'g000001.00001', 'i000001.00001', 'b000001.00001'], '/pscratch/sd/b/bassem/ips/tglf-ep_32_repeat/SCAN/work/fastran_tr0_fastran_5', '/pscratch/sd/b/bassem/ips/tglf-ep_32_repeat/SCAN/work/plasma_state')
2025-09-09 16:20:37,362 fastran_tr0_fastran_5 DEBUG    _get_service_response(REQUEST|fastran_000001@fastran@5|FRAMEWORK@Framework@0|107)
2025-09-09 16:20:37,384 fastran_tr0_fastran_5 DEBUG    _get_service_response(REQUEST|fastran_000001@fastran@5|FRAMEWORK@Framework@0|107), response = ServiceResponseMessage(sender_id=FRAMEWORK@Framework@0, receiver_id=fastran_000001@fastran@5, request_msg_id=REQUEST|fastran_000001@fastran@5|FRAMEWORK@Framework@0|107,status=0, args=(0,), message_id=RESPONSE|FRAMEWORK@Framework@0|fastran_000001@fastran@5|678)
2025-09-09 16:20:37,384 fastran_tr0_fastran_5 DEBUG    _invoke_service(): getTopic  ('_IPS_MONITOR',)
2025-09-09 16:20:37,385 fastran_tr0_fastran_5 DEBUG    _get_service_response(REQUEST|fastran_000001@fastran@5|FRAMEWORK@Framework@0|108)
2025-09-09 16:20:37,395 fastran_tr0_fastran_5 DEBUG    _get_service_response(REQUEST|fastran_000001@fastran@5|FRAMEWORK@Framework@0|108), response = ServiceResponseMessage(sender_id=FRAMEWORK@Framework@0, receiver_id=fastran_000001@fastran@5, request_msg_id=REQUEST|fastran_000001@fastran@5|FRAMEWORK@Framework@0|108,status=0, args=(<ipsframework.cca_es_spec.Topic object at 0x7f87c63c2970>,), message_id=RESPONSE|FRAMEWORK@Framework@0|fastran_000001@fastran@5|679)
2025-09-09 16:20:37,395 fastran_tr0_fastran_5 DEBUG    _invoke_service(): sendEvent  ('_IPS_MONITOR', 'PORTAL_EVENT', {'sim_name': 'fastran_000001', 'real_sim_name': 'fastran_000001', 'portal_data': {'code': 'fastran_tr0_fastran', 'eventtype': 'IPS_UPDATE_STATE', 'ok': True, 'walltime': '69.46', 'time': '2025-09-09|16:20:37PDT', 'trace': {'timestamp': 1757460037362033, 'duration': 22767, 'localEndpoint': {'serviceName': 'update_state'}, 'name': "['s000001.00001', 'g000001.00001', 'i000001.00001', 'b000001.00001']", 'id': '2fc1229e1e650f1c', 'parentId': 'b7ad93340926799f', 'tags': {}}, 'state': 'Running', 'comment': 'Elapsed time = 0.023   files = s000001.00001 g000001.00001 i000001.00001 b000001.00001 Success'}})
2025-09-09 16:20:37,395 fastran_tr0_fastran_5 DEBUG    _get_service_response(REQUEST|fastran_000001@fastran@5|FRAMEWORK@Framework@0|109)
2025-09-09 16:20:37,406 fastran_tr0_fastran_5 DEBUG    _get_service_response(REQUEST|fastran_000001@fastran@5|FRAMEWORK@Framework@0|109), response = ServiceResponseMessage(sender_id=FRAMEWORK@Framework@0, receiver_id=fastran_000001@fastran@5, request_msg_id=REQUEST|fastran_000001@fastran@5|FRAMEWORK@Framework@0|109,status=0, args=(None,), message_id=RESPONSE|FRAMEWORK@Framework@0|fastran_000001@fastran@5|680)
2025-09-09 16:20:37,426 fastran_tr0_fastran_5 DEBUG    _invoke_service(): getTopic  ('_IPS_MONITOR',)
2025-09-09 16:20:37,426 fastran_tr0_fastran_5 DEBUG    _get_service_response(REQUEST|fastran_000001@fastran@5|FRAMEWORK@Framework@0|110)
2025-09-09 16:20:37,436 fastran_tr0_fastran_5 DEBUG    _get_service_response(REQUEST|fastran_000001@fastran@5|FRAMEWORK@Framework@0|110), response = ServiceResponseMessage(sender_id=FRAMEWORK@Framework@0, receiver_id=fastran_000001@fastran@5, request_msg_id=REQUEST|fastran_000001@fastran@5|FRAMEWORK@Framework@0|110,status=0, args=(<ipsframework.cca_es_spec.Topic object at 0x7f87c63c2a00>,), message_id=RESPONSE|FRAMEWORK@Framework@0|fastran_000001@fastran@5|681)
2025-09-09 16:20:37,437 fastran_tr0_fastran_5 DEBUG    _invoke_service(): sendEvent  ('_IPS_MONITOR', 'PORTAL_EVENT', {'sim_name': 'fastran_000001', 'real_sim_name': 'fastran_000001', 'portal_data': {'code': 'fastran_tr0_fastran', 'eventtype': 'IPS_STAGE_OUTPUTS', 'ok': True, 'walltime': '69.50', 'time': '2025-09-09|16:20:37PDT', 'trace': {'timestamp': 1757460037406377, 'duration': 19540, 'localEndpoint': {'serviceName': 'stage_output_files'}, 'name': "['fastran.nc', 'inprof', 'inmetric', 'infastran', 'intglf', 'xfastran.log', 'i000001.00001']", 'id': '7349cfaaafc33980', 'parentId': 'b7ad93340926799f', 'tags': {}}, 'state': 'Running', 'comment': "Elapsed time = 0.020 Path = /pscratch/sd/b/bassem/ips/tglf-ep_32_repeat/SCAN/simulation_results/preprocess_6/components/fastran_tr0_fastran_5 Files = ['fastran.nc', 'inprof', 'inmetric', 'infastran', 'intglf', 'xfastran.log', 'i000001.00001']"}})
2025-09-09 16:20:37,437 fastran_tr0_fastran_5 DEBUG    _get_service_response(REQUEST|fastran_000001@fastran@5|FRAMEWORK@Framework@0|111)
2025-09-09 16:20:37,447 fastran_tr0_fastran_5 DEBUG    _get_service_response(REQUEST|fastran_000001@fastran@5|FRAMEWORK@Framework@0|111), response = ServiceResponseMessage(sender_id=FRAMEWORK@Framework@0, receiver_id=fastran_000001@fastran@5, request_msg_id=REQUEST|fastran_000001@fastran@5|FRAMEWORK@Framework@0|111,status=0, args=(None,), message_id=RESPONSE|FRAMEWORK@Framework@0|fastran_000001@fastran@5|682)
2025-09-09 16:20:37,458 fastran_driver_fastran_driver_2 DEBUG    _get_service_response(REQUEST|fastran_000001@fastran_driver@2|FRAMEWORK@Framework@0|240), response = ServiceResponseMessage(sender_id=FRAMEWORK@Framework@0, receiver_id=fastran_000001@fastran_driver@2, request_msg_id=REQUEST|fastran_000001@fastran_driver@2|FRAMEWORK@Framework@0|240,status=0, args=((None,),), message_id=RESPONSE|FRAMEWORK@Framework@0|fastran_000001@fastran_driver@2|683)
2025-09-09 16:20:37,458 fastran_driver_fastran_driver_2 DEBUG    _invoke_service(): getTopic  ('_IPS_MONITOR',)
2025-09-09 16:20:37,459 fastran_driver_fastran_driver_2 DEBUG    _get_service_response(REQUEST|fastran_000001@fastran_driver@2|FRAMEWORK@Framework@0|241)
2025-09-09 16:20:37,469 fastran_driver_fastran_driver_2 DEBUG    _get_service_response(REQUEST|fastran_000001@fastran_driver@2|FRAMEWORK@Framework@0|241), response = ServiceResponseMessage(sender_id=FRAMEWORK@Framework@0, receiver_id=fastran_000001@fastran_driver@2, request_msg_id=REQUEST|fastran_000001@fastran_driver@2|FRAMEWORK@Framework@0|241,status=0, args=(<ipsframework.cca_es_spec.Topic object at 0x7f87c63e0160>,), message_id=RESPONSE|FRAMEWORK@Framework@0|fastran_000001@fastran_driver@2|684)
2025-09-09 16:20:37,469 fastran_driver_fastran_driver_2 DEBUG    _invoke_service(): sendEvent  ('_IPS_MONITOR', 'PORTAL_EVENT', {'sim_name': 'fastran_000001', 'real_sim_name': 'fastran_000001', 'portal_data': {'code': 'fastran_driver_fastran_driver', 'eventtype': 'IPS_CALL_END', 'ok': True, 'walltime': '69.53', 'time': '2025-09-09|16:20:37PDT', 'trace': {'timestamp': 1757460036310505, 'duration': 1148345, 'localEndpoint': {'serviceName': 'fastran_000001@fastran@5'}, 'name': 'step(preprocess_6)', 'id': 'b7ad93340926799f', 'parentId': '15e0663de819b9fa', 'tags': {}}, 'state': 'Running', 'comment': 'Target = fastran_000001@fastran@5:step(preprocess_6)'}})
2025-09-09 16:20:37,469 fastran_driver_fastran_driver_2 DEBUG    _get_service_response(REQUEST|fastran_000001@fastran_driver@2|FRAMEWORK@Framework@0|242)
2025-09-09 16:20:37,480 fastran_driver_fastran_driver_2 DEBUG    _get_service_response(REQUEST|fastran_000001@fastran_driver@2|FRAMEWORK@Framework@0|242), response = ServiceResponseMessage(sender_id=FRAMEWORK@Framework@0, receiver_id=fastran_000001@fastran_driver@2, request_msg_id=REQUEST|fastran_000001@fastran_driver@2|FRAMEWORK@Framework@0|242,status=0, args=(None,), message_id=RESPONSE|FRAMEWORK@Framework@0|fastran_000001@fastran_driver@2|685)
2025-09-09 16:20:37,481 fastran_driver_fastran_driver_2 DEBUG    _invoke_service(): getTopic  ('_IPS_MONITOR',)
2025-09-09 16:20:37,481 fastran_driver_fastran_driver_2 DEBUG    _get_service_response(REQUEST|fastran_000001@fastran_driver@2|FRAMEWORK@Framework@0|243)
2025-09-09 16:20:37,492 fastran_driver_fastran_driver_2 DEBUG    _get_service_response(REQUEST|fastran_000001@fastran_driver@2|FRAMEWORK@Framework@0|243), response = ServiceResponseMessage(sender_id=FRAMEWORK@Framework@0, receiver_id=fastran_000001@fastran_driver@2, request_msg_id=REQUEST|fastran_000001@fastran_driver@2|FRAMEWORK@Framework@0|243,status=0, args=(<ipsframework.cca_es_spec.Topic object at 0x7f87c63e02b0>,), message_id=RESPONSE|FRAMEWORK@Framework@0|fastran_000001@fastran_driver@2|686)
2025-09-09 16:20:37,492 fastran_driver_fastran_driver_2 DEBUG    _invoke_service(): sendEvent  ('_IPS_MONITOR', 'PORTAL_EVENT', {'sim_name': 'fastran_000001', 'real_sim_name': 'fastran_000001', 'portal_data': {'code': 'fastran_driver_fastran_driver', 'eventtype': 'IPS_CALL_BEGIN', 'ok': True, 'walltime': '69.56', 'time': '2025-09-09|16:20:37PDT', 'state': 'Running', 'comment': 'Target = fastran_000001@modeleq_constraint@6:step(preprocess_6)'}})
2025-09-09 16:20:37,492 fastran_driver_fastran_driver_2 DEBUG    _get_service_response(REQUEST|fastran_000001@fastran_driver@2|FRAMEWORK@Framework@0|244)
2025-09-09 16:20:37,503 fastran_driver_fastran_driver_2 DEBUG    _get_service_response(REQUEST|fastran_000001@fastran_driver@2|FRAMEWORK@Framework@0|244), response = ServiceResponseMessage(sender_id=FRAMEWORK@Framework@0, receiver_id=fastran_000001@fastran_driver@2, request_msg_id=REQUEST|fastran_000001@fastran_driver@2|FRAMEWORK@Framework@0|244,status=0, args=(None,), message_id=RESPONSE|FRAMEWORK@Framework@0|fastran_000001@fastran_driver@2|687)
2025-09-09 16:20:37,503 fastran_driver_fastran_driver_2 DEBUG    _invoke_service(): init_call  ('step', 'preprocess_6')
2025-09-09 16:20:37,503 fastran_driver_fastran_driver_2 DEBUG    _get_service_response(REQUEST|fastran_000001@fastran_driver@2|FRAMEWORK@Framework@0|245)
2025-09-09 16:20:37,504 fastran__modeleq_constraint_6 DEBUG    Received Message 
2025-09-09 16:20:37,504 fastran__modeleq_constraint_6 DEBUG    Calling method step(preprocess_6)
2025-09-09 16:20:37,504 fastran__modeleq_constraint_6 DEBUG    _invoke_service(): stage_state  (['s000001.00001', 'g000001.00001', 'i000001.00001', 'b000001.00001'], '/pscratch/sd/b/bassem/ips/tglf-ep_32_repeat/SCAN/work/plasma_state', '/pscratch/sd/b/bassem/ips/tglf-ep_32_repeat/SCAN/work/fastran__modeleq_constraint_6')
2025-09-09 16:20:37,504 fastran__modeleq_constraint_6 DEBUG    _get_service_response(REQUEST|fastran_000001@modeleq_constraint@6|FRAMEWORK@Framework@0|48)
2025-09-09 16:20:37,514 fastran_driver_fastran_driver_2 DEBUG    _get_service_response(REQUEST|fastran_000001@fastran_driver@2|FRAMEWORK@Framework@0|245), response = ServiceResponseMessage(sender_id=FRAMEWORK@Framework@0, receiver_id=fastran_000001@fastran_driver@2, request_msg_id=REQUEST|fastran_000001@fastran_driver@2|FRAMEWORK@Framework@0|245,status=0, args=(44,), message_id=RESPONSE|FRAMEWORK@Framework@0|fastran_000001@fastran_driver@2|688)
2025-09-09 16:20:37,514 fastran_driver_fastran_driver_2 DEBUG    _invoke_service(): wait_call  (44, True)
2025-09-09 16:20:37,514 fastran_driver_fastran_driver_2 DEBUG    _get_service_response(REQUEST|fastran_000001@fastran_driver@2|FRAMEWORK@Framework@0|246)
2025-09-09 16:20:37,527 fastran__modeleq_constraint_6 DEBUG    _get_service_response(REQUEST|fastran_000001@modeleq_constraint@6|FRAMEWORK@Framework@0|48), response = ServiceResponseMessage(sender_id=FRAMEWORK@Framework@0, receiver_id=fastran_000001@modeleq_constraint@6, request_msg_id=REQUEST|fastran_000001@modeleq_constraint@6|FRAMEWORK@Framework@0|48,status=0, args=(0,), message_id=RESPONSE|FRAMEWORK@Framework@0|fastran_000001@modeleq_constraint@6|689)
2025-09-09 16:20:37,527 fastran__modeleq_constraint_6 DEBUG    _invoke_service(): getTopic  ('_IPS_MONITOR',)
2025-09-09 16:20:37,527 fastran__modeleq_constraint_6 DEBUG    _get_service_response(REQUEST|fastran_000001@modeleq_constraint@6|FRAMEWORK@Framework@0|49)
2025-09-09 16:20:37,538 fastran__modeleq_constraint_6 DEBUG    _get_service_response(REQUEST|fastran_000001@modeleq_constraint@6|FRAMEWORK@Framework@0|49), response = ServiceResponseMessage(sender_id=FRAMEWORK@Framework@0, receiver_id=fastran_000001@modeleq_constraint@6, request_msg_id=REQUEST|fastran_000001@modeleq_constraint@6|FRAMEWORK@Framework@0|49,status=0, args=(<ipsframework.cca_es_spec.Topic object at 0x7f87c63aed30>,), message_id=RESPONSE|FRAMEWORK@Framework@0|fastran_000001@modeleq_constraint@6|690)
2025-09-09 16:20:37,538 fastran__modeleq_constraint_6 DEBUG    _invoke_service(): sendEvent  ('_IPS_MONITOR', 'PORTAL_EVENT', {'sim_name': 'fastran_000001', 'real_sim_name': 'fastran_000001', 'portal_data': {'code': 'fastran__modeleq_constraint', 'eventtype': 'IPS_STAGE_STATE', 'ok': True, 'walltime': '69.60', 'time': '2025-09-09|16:20:37PDT', 'trace': {'timestamp': 1757460037504354, 'duration': 23358, 'localEndpoint': {'serviceName': 'stage_state'}, 'name': "['s000001.00001', 'g000001.00001', 'i000001.00001', 'b000001.00001']", 'id': 'ff3119918b5e7670', 'parentId': '2d168dac0d0ce9c1', 'tags': {}}, 'state': 'Running', 'comment': 'Elapsed time = 0.023  files = s000001.00001 g000001.00001 i000001.00001 b000001.00001 Success'}})
2025-09-09 16:20:37,538 fastran__modeleq_constraint_6 DEBUG    _get_service_response(REQUEST|fastran_000001@modeleq_constraint@6|FRAMEWORK@Framework@0|50)
2025-09-09 16:20:37,549 fastran__modeleq_constraint_6 DEBUG    _get_service_response(REQUEST|fastran_000001@modeleq_constraint@6|FRAMEWORK@Framework@0|50), response = ServiceResponseMessage(sender_id=FRAMEWORK@Framework@0, receiver_id=fastran_000001@modeleq_constraint@6, request_msg_id=REQUEST|fastran_000001@modeleq_constraint@6|FRAMEWORK@Framework@0|50,status=0, args=(None,), message_id=RESPONSE|FRAMEWORK@Framework@0|fastran_000001@modeleq_constraint@6|691)
2025-09-09 16:20:38,554 fastran__modeleq_constraint_6 DEBUG    _invoke_service(): update_state  (['s000001.00001', 'g000001.00001', 'i000001.00001', 'b000001.00001'], '/pscratch/sd/b/bassem/ips/tglf-ep_32_repeat/SCAN/work/fastran__modeleq_constraint_6', '/pscratch/sd/b/bassem/ips/tglf-ep_32_repeat/SCAN/work/plasma_state')
2025-09-09 16:20:38,555 fastran__modeleq_constraint_6 DEBUG    _get_service_response(REQUEST|fastran_000001@modeleq_constraint@6|FRAMEWORK@Framework@0|51)
2025-09-09 16:20:38,577 fastran__modeleq_constraint_6 DEBUG    _get_service_response(REQUEST|fastran_000001@modeleq_constraint@6|FRAMEWORK@Framework@0|51), response = ServiceResponseMessage(sender_id=FRAMEWORK@Framework@0, receiver_id=fastran_000001@modeleq_constraint@6, request_msg_id=REQUEST|fastran_000001@modeleq_constraint@6|FRAMEWORK@Framework@0|51,status=0, args=(0,), message_id=RESPONSE|FRAMEWORK@Framework@0|fastran_000001@modeleq_constraint@6|694)
2025-09-09 16:20:38,577 fastran__modeleq_constraint_6 DEBUG    _invoke_service(): getTopic  ('_IPS_MONITOR',)
2025-09-09 16:20:38,577 fastran__modeleq_constraint_6 DEBUG    _get_service_response(REQUEST|fastran_000001@modeleq_constraint@6|FRAMEWORK@Framework@0|52)
2025-09-09 16:20:38,588 fastran__modeleq_constraint_6 DEBUG    _get_service_response(REQUEST|fastran_000001@modeleq_constraint@6|FRAMEWORK@Framework@0|52), response = ServiceResponseMessage(sender_id=FRAMEWORK@Framework@0, receiver_id=fastran_000001@modeleq_constraint@6, request_msg_id=REQUEST|fastran_000001@modeleq_constraint@6|FRAMEWORK@Framework@0|52,status=0, args=(<ipsframework.cca_es_spec.Topic object at 0x7f87c63d6d60>,), message_id=RESPONSE|FRAMEWORK@Framework@0|fastran_000001@modeleq_constraint@6|695)
2025-09-09 16:20:38,588 fastran__modeleq_constraint_6 DEBUG    _invoke_service(): sendEvent  ('_IPS_MONITOR', 'PORTAL_EVENT', {'sim_name': 'fastran_000001', 'real_sim_name': 'fastran_000001', 'portal_data': {'code': 'fastran__modeleq_constraint', 'eventtype': 'IPS_UPDATE_STATE', 'ok': True, 'walltime': '70.65', 'time': '2025-09-09|16:20:38PDT', 'trace': {'timestamp': 1757460038554466, 'duration': 22811, 'localEndpoint': {'serviceName': 'update_state'}, 'name': "['s000001.00001', 'g000001.00001', 'i000001.00001', 'b000001.00001']", 'id': '2fc1229e1e650f1c', 'parentId': '2d168dac0d0ce9c1', 'tags': {}}, 'state': 'Running', 'comment': 'Elapsed time = 0.023   files = s000001.00001 g000001.00001 i000001.00001 b000001.00001 Success'}})
2025-09-09 16:20:38,588 fastran__modeleq_constraint_6 DEBUG    _get_service_response(REQUEST|fastran_000001@modeleq_constraint@6|FRAMEWORK@Framework@0|53)
2025-09-09 16:20:38,598 fastran__modeleq_constraint_6 DEBUG    _get_service_response(REQUEST|fastran_000001@modeleq_constraint@6|FRAMEWORK@Framework@0|53), response = ServiceResponseMessage(sender_id=FRAMEWORK@Framework@0, receiver_id=fastran_000001@modeleq_constraint@6, request_msg_id=REQUEST|fastran_000001@modeleq_constraint@6|FRAMEWORK@Framework@0|53,status=0, args=(None,), message_id=RESPONSE|FRAMEWORK@Framework@0|fastran_000001@modeleq_constraint@6|696)
2025-09-09 16:20:38,599 fastran__modeleq_constraint_6 DEBUG    _invoke_service(): getTopic  ('_IPS_MONITOR',)
2025-09-09 16:20:38,599 fastran__modeleq_constraint_6 DEBUG    _get_service_response(REQUEST|fastran_000001@modeleq_constraint@6|FRAMEWORK@Framework@0|54)
2025-09-09 16:20:38,609 fastran__modeleq_constraint_6 DEBUG    _get_service_response(REQUEST|fastran_000001@modeleq_constraint@6|FRAMEWORK@Framework@0|54), response = ServiceResponseMessage(sender_id=FRAMEWORK@Framework@0, receiver_id=fastran_000001@modeleq_constraint@6, request_msg_id=REQUEST|fastran_000001@modeleq_constraint@6|FRAMEWORK@Framework@0|54,status=0, args=(<ipsframework.cca_es_spec.Topic object at 0x7f87c63d6e50>,), message_id=RESPONSE|FRAMEWORK@Framework@0|fastran_000001@modeleq_constraint@6|697)
2025-09-09 16:20:38,609 fastran__modeleq_constraint_6 DEBUG    _invoke_service(): sendEvent  ('_IPS_MONITOR', 'PORTAL_EVENT', {'sim_name': 'fastran_000001', 'real_sim_name': 'fastran_000001', 'portal_data': {'code': 'fastran__modeleq_constraint', 'eventtype': 'IPS_STAGE_OUTPUTS', 'ok': True, 'walltime': '70.68', 'time': '2025-09-09|16:20:38PDT', 'trace': {'timestamp': 1757460038598837, 'duration': 292, 'localEndpoint': {'serviceName': 'stage_output_files'}, 'name': '[]', 'id': 'ed019efe11be26d9', 'parentId': '2d168dac0d0ce9c1', 'tags': {}}, 'state': 'Running', 'comment': 'Elapsed time = 0.000 Path = /pscratch/sd/b/bassem/ips/tglf-ep_32_repeat/SCAN/simulation_results/preprocess_6/components/fastran__modeleq_constraint_6 Files = []'}})
2025-09-09 16:20:38,609 fastran__modeleq_constraint_6 DEBUG    _get_service_response(REQUEST|fastran_000001@modeleq_constraint@6|FRAMEWORK@Framework@0|55)
2025-09-09 16:20:38,620 fastran__modeleq_constraint_6 DEBUG    _get_service_response(REQUEST|fastran_000001@modeleq_constraint@6|FRAMEWORK@Framework@0|55), response = ServiceResponseMessage(sender_id=FRAMEWORK@Framework@0, receiver_id=fastran_000001@modeleq_constraint@6, request_msg_id=REQUEST|fastran_000001@modeleq_constraint@6|FRAMEWORK@Framework@0|55,status=0, args=(None,), message_id=RESPONSE|FRAMEWORK@Framework@0|fastran_000001@modeleq_constraint@6|698)
2025-09-09 16:20:38,632 fastran_driver_fastran_driver_2 DEBUG    _get_service_response(REQUEST|fastran_000001@fastran_driver@2|FRAMEWORK@Framework@0|246), response = ServiceResponseMessage(sender_id=FRAMEWORK@Framework@0, receiver_id=fastran_000001@fastran_driver@2, request_msg_id=REQUEST|fastran_000001@fastran_driver@2|FRAMEWORK@Framework@0|246,status=0, args=((None,),), message_id=RESPONSE|FRAMEWORK@Framework@0|fastran_000001@fastran_driver@2|699)
2025-09-09 16:20:38,632 fastran_driver_fastran_driver_2 DEBUG    _invoke_service(): getTopic  ('_IPS_MONITOR',)
2025-09-09 16:20:38,632 fastran_driver_fastran_driver_2 DEBUG    _get_service_response(REQUEST|fastran_000001@fastran_driver@2|FRAMEWORK@Framework@0|247)
2025-09-09 16:20:38,642 fastran_driver_fastran_driver_2 DEBUG    _get_service_response(REQUEST|fastran_000001@fastran_driver@2|FRAMEWORK@Framework@0|247), response = ServiceResponseMessage(sender_id=FRAMEWORK@Framework@0, receiver_id=fastran_000001@fastran_driver@2, request_msg_id=REQUEST|fastran_000001@fastran_driver@2|FRAMEWORK@Framework@0|247,status=0, args=(<ipsframework.cca_es_spec.Topic object at 0x7f87c63e0160>,), message_id=RESPONSE|FRAMEWORK@Framework@0|fastran_000001@fastran_driver@2|701)
2025-09-09 16:20:38,643 fastran_driver_fastran_driver_2 DEBUG    _invoke_service(): sendEvent  ('_IPS_MONITOR', 'PORTAL_EVENT', {'sim_name': 'fastran_000001', 'real_sim_name': 'fastran_000001', 'portal_data': {'code': 'fastran_driver_fastran_driver', 'eventtype': 'IPS_CALL_END', 'ok': True, 'walltime': '70.71', 'time': '2025-09-09|16:20:38PDT', 'trace': {'timestamp': 1757460037514289, 'duration': 1117999, 'localEndpoint': {'serviceName': 'fastran_000001@modeleq_constraint@6'}, 'name': 'step(preprocess_6)', 'id': '2d168dac0d0ce9c1', 'parentId': '15e0663de819b9fa', 'tags': {}}, 'state': 'Running', 'comment': 'Target = fastran_000001@modeleq_constraint@6:step(preprocess_6)'}})
2025-09-09 16:20:38,643 fastran_driver_fastran_driver_2 DEBUG    _get_service_response(REQUEST|fastran_000001@fastran_driver@2|FRAMEWORK@Framework@0|248)
2025-09-09 16:20:38,653 fastran_driver_fastran_driver_2 DEBUG    _get_service_response(REQUEST|fastran_000001@fastran_driver@2|FRAMEWORK@Framework@0|248), response = ServiceResponseMessage(sender_id=FRAMEWORK@Framework@0, receiver_id=fastran_000001@fastran_driver@2, request_msg_id=REQUEST|fastran_000001@fastran_driver@2|FRAMEWORK@Framework@0|248,status=0, args=(None,), message_id=RESPONSE|FRAMEWORK@Framework@0|fastran_000001@fastran_driver@2|702)
2025-09-09 16:20:38,654 fastran_driver_fastran_driver_2 DEBUG    _invoke_service(): getTopic  ('_IPS_MONITOR',)
2025-09-09 16:20:38,654 fastran_driver_fastran_driver_2 DEBUG    _get_service_response(REQUEST|fastran_000001@fastran_driver@2|FRAMEWORK@Framework@0|249)
2025-09-09 16:20:38,664 fastran_driver_fastran_driver_2 DEBUG    _get_service_response(REQUEST|fastran_000001@fastran_driver@2|FRAMEWORK@Framework@0|249), response = ServiceResponseMessage(sender_id=FRAMEWORK@Framework@0, receiver_id=fastran_000001@fastran_driver@2, request_msg_id=REQUEST|fastran_000001@fastran_driver@2|FRAMEWORK@Framework@0|249,status=0, args=(<ipsframework.cca_es_spec.Topic object at 0x7f87c63e0250>,), message_id=RESPONSE|FRAMEWORK@Framework@0|fastran_000001@fastran_driver@2|703)
2025-09-09 16:20:38,664 fastran_driver_fastran_driver_2 DEBUG    _invoke_service(): sendEvent  ('_IPS_MONITOR', 'PORTALBRIDGE_UPDATE_TIMESTAMP', {'sim_name': 'fastran_000001', 'real_sim_name': 'fastran_000001', 'portal_data': {'phystimestamp': 'preprocess_7', 'eventtype': 'PORTALBRIDGE_UPDATE_TIMESTAMP'}})
2025-09-09 16:20:38,665 fastran_driver_fastran_driver_2 DEBUG    _get_service_response(REQUEST|fastran_000001@fastran_driver@2|FRAMEWORK@Framework@0|250)
2025-09-09 16:20:38,675 fastran_driver_fastran_driver_2 DEBUG    _get_service_response(REQUEST|fastran_000001@fastran_driver@2|FRAMEWORK@Framework@0|250), response = ServiceResponseMessage(sender_id=FRAMEWORK@Framework@0, receiver_id=fastran_000001@fastran_driver@2, request_msg_id=REQUEST|fastran_000001@fastran_driver@2|FRAMEWORK@Framework@0|250,status=0, args=(None,), message_id=RESPONSE|FRAMEWORK@Framework@0|fastran_000001@fastran_driver@2|704)
2025-09-09 16:20:38,675 fastran_driver_fastran_driver_2 DEBUG    _invoke_service(): getTopic  ('_IPS_MONITOR',)
2025-09-09 16:20:38,675 fastran_driver_fastran_driver_2 DEBUG    _get_service_response(REQUEST|fastran_000001@fastran_driver@2|FRAMEWORK@Framework@0|251)
2025-09-09 16:20:38,686 fastran_driver_fastran_driver_2 DEBUG    _get_service_response(REQUEST|fastran_000001@fastran_driver@2|FRAMEWORK@Framework@0|251), response = ServiceResponseMessage(sender_id=FRAMEWORK@Framework@0, receiver_id=fastran_000001@fastran_driver@2, request_msg_id=REQUEST|fastran_000001@fastran_driver@2|FRAMEWORK@Framework@0|251,status=0, args=(<ipsframework.cca_es_spec.Topic object at 0x7f87c63e01f0>,), message_id=RESPONSE|FRAMEWORK@Framework@0|fastran_000001@fastran_driver@2|705)
2025-09-09 16:20:38,686 fastran_driver_fastran_driver_2 DEBUG    _invoke_service(): sendEvent  ('_IPS_MONITOR', 'PORTAL_EVENT', {'sim_name': 'fastran_000001', 'real_sim_name': 'fastran_000001', 'portal_data': {'code': 'fastran_driver_fastran_driver', 'eventtype': 'IPS_UPDATE_TIME_STAMP', 'ok': True, 'walltime': '70.75', 'time': '2025-09-09|16:20:38PDT', 'state': 'Running', 'comment': 'Timestamp = preprocess_7'}})
2025-09-09 16:20:38,686 fastran_driver_fastran_driver_2 DEBUG    _get_service_response(REQUEST|fastran_000001@fastran_driver@2|FRAMEWORK@Framework@0|252)
2025-09-09 16:20:38,697 fastran_driver_fastran_driver_2 DEBUG    _get_service_response(REQUEST|fastran_000001@fastran_driver@2|FRAMEWORK@Framework@0|252), response = ServiceResponseMessage(sender_id=FRAMEWORK@Framework@0, receiver_id=fastran_000001@fastran_driver@2, request_msg_id=REQUEST|fastran_000001@fastran_driver@2|FRAMEWORK@Framework@0|252,status=0, args=(None,), message_id=RESPONSE|FRAMEWORK@Framework@0|fastran_000001@fastran_driver@2|706)
2025-09-09 16:20:38,697 fastran_driver_fastran_driver_2 DEBUG    _invoke_service(): getTopic  ('_IPS_MONITOR',)
2025-09-09 16:20:38,697 fastran_driver_fastran_driver_2 DEBUG    _get_service_response(REQUEST|fastran_000001@fastran_driver@2|FRAMEWORK@Framework@0|253)
2025-09-09 16:20:38,708 fastran_driver_fastran_driver_2 DEBUG    _get_service_response(REQUEST|fastran_000001@fastran_driver@2|FRAMEWORK@Framework@0|253), response = ServiceResponseMessage(sender_id=FRAMEWORK@Framework@0, receiver_id=fastran_000001@fastran_driver@2, request_msg_id=REQUEST|fastran_000001@fastran_driver@2|FRAMEWORK@Framework@0|253,status=0, args=(<ipsframework.cca_es_spec.Topic object at 0x7f87c63e0160>,), message_id=RESPONSE|FRAMEWORK@Framework@0|fastran_000001@fastran_driver@2|707)
2025-09-09 16:20:38,708 fastran_driver_fastran_driver_2 DEBUG    _invoke_service(): sendEvent  ('_IPS_MONITOR', 'PORTAL_EVENT', {'sim_name': 'fastran_000001', 'real_sim_name': 'fastran_000001', 'portal_data': {'code': 'fastran_driver_fastran_driver', 'eventtype': 'IPS_CALL_BEGIN', 'ok': True, 'walltime': '70.77', 'time': '2025-09-09|16:20:38PDT', 'state': 'Running', 'comment': 'Target = fastran_000001@efit@3:step(preprocess_7)'}})
2025-09-09 16:20:38,708 fastran_driver_fastran_driver_2 DEBUG    _get_service_response(REQUEST|fastran_000001@fastran_driver@2|FRAMEWORK@Framework@0|254)
2025-09-09 16:20:38,718 fastran_driver_fastran_driver_2 DEBUG    _get_service_response(REQUEST|fastran_000001@fastran_driver@2|FRAMEWORK@Framework@0|254), response = ServiceResponseMessage(sender_id=FRAMEWORK@Framework@0, receiver_id=fastran_000001@fastran_driver@2, request_msg_id=REQUEST|fastran_000001@fastran_driver@2|FRAMEWORK@Framework@0|254,status=0, args=(None,), message_id=RESPONSE|FRAMEWORK@Framework@0|fastran_000001@fastran_driver@2|708)
2025-09-09 16:20:38,719 fastran_driver_fastran_driver_2 DEBUG    _invoke_service(): init_call  ('step', 'preprocess_7')
2025-09-09 16:20:38,719 fastran_driver_fastran_driver_2 DEBUG    _get_service_response(REQUEST|fastran_000001@fastran_driver@2|FRAMEWORK@Framework@0|255)
2025-09-09 16:20:38,719 fastran_eq0_efit_3 DEBUG    Received Message 
2025-09-09 16:20:38,719 fastran_eq0_efit_3 DEBUG    Calling method step(preprocess_7)
2025-09-09 16:20:38,720 fastran_eq0_efit_3 DEBUG    _invoke_service(): stage_state  (['s000001.00001', 'g000001.00001', 'i000001.00001', 'b000001.00001'], '/pscratch/sd/b/bassem/ips/tglf-ep_32_repeat/SCAN/work/plasma_state', '/pscratch/sd/b/bassem/ips/tglf-ep_32_repeat/SCAN/work/fastran_eq0_efit_3')
2025-09-09 16:20:38,720 fastran_eq0_efit_3 DEBUG    _get_service_response(REQUEST|fastran_000001@efit@3|FRAMEWORK@Framework@0|62)
2025-09-09 16:20:38,729 fastran_driver_fastran_driver_2 DEBUG    _get_service_response(REQUEST|fastran_000001@fastran_driver@2|FRAMEWORK@Framework@0|255), response = ServiceResponseMessage(sender_id=FRAMEWORK@Framework@0, receiver_id=fastran_000001@fastran_driver@2, request_msg_id=REQUEST|fastran_000001@fastran_driver@2|FRAMEWORK@Framework@0|255,status=0, args=(45,), message_id=RESPONSE|FRAMEWORK@Framework@0|fastran_000001@fastran_driver@2|709)
2025-09-09 16:20:38,729 fastran_driver_fastran_driver_2 DEBUG    _invoke_service(): wait_call  (45, True)
2025-09-09 16:20:38,729 fastran_driver_fastran_driver_2 DEBUG    _get_service_response(REQUEST|fastran_000001@fastran_driver@2|FRAMEWORK@Framework@0|256)
2025-09-09 16:20:38,743 fastran_eq0_efit_3 DEBUG    _get_service_response(REQUEST|fastran_000001@efit@3|FRAMEWORK@Framework@0|62), response = ServiceResponseMessage(sender_id=FRAMEWORK@Framework@0, receiver_id=fastran_000001@efit@3, request_msg_id=REQUEST|fastran_000001@efit@3|FRAMEWORK@Framework@0|62,status=0, args=(0,), message_id=RESPONSE|FRAMEWORK@Framework@0|fastran_000001@efit@3|710)
2025-09-09 16:20:38,743 fastran_eq0_efit_3 DEBUG    _invoke_service(): getTopic  ('_IPS_MONITOR',)
2025-09-09 16:20:38,743 fastran_eq0_efit_3 DEBUG    _get_service_response(REQUEST|fastran_000001@efit@3|FRAMEWORK@Framework@0|63)
2025-09-09 16:20:38,753 fastran_eq0_efit_3 DEBUG    _get_service_response(REQUEST|fastran_000001@efit@3|FRAMEWORK@Framework@0|63), response = ServiceResponseMessage(sender_id=FRAMEWORK@Framework@0, receiver_id=fastran_000001@efit@3, request_msg_id=REQUEST|fastran_000001@efit@3|FRAMEWORK@Framework@0|63,status=0, args=(<ipsframework.cca_es_spec.Topic object at 0x7f87c639bf40>,), message_id=RESPONSE|FRAMEWORK@Framework@0|fastran_000001@efit@3|711)
2025-09-09 16:20:38,754 fastran_eq0_efit_3 DEBUG    _invoke_service(): sendEvent  ('_IPS_MONITOR', 'PORTAL_EVENT', {'sim_name': 'fastran_000001', 'real_sim_name': 'fastran_000001', 'portal_data': {'code': 'fastran_eq0_efit', 'eventtype': 'IPS_STAGE_STATE', 'ok': True, 'walltime': '70.82', 'time': '2025-09-09|16:20:38PDT', 'trace': {'timestamp': 1757460038720077, 'duration': 23254, 'localEndpoint': {'serviceName': 'stage_state'}, 'name': "['s000001.00001', 'g000001.00001', 'i000001.00001', 'b000001.00001']", 'id': 'ff3119918b5e7670', 'parentId': '7d44fdf8d89e53ad', 'tags': {}}, 'state': 'Running', 'comment': 'Elapsed time = 0.023  files = s000001.00001 g000001.00001 i000001.00001 b000001.00001 Success'}})
2025-09-09 16:20:38,754 fastran_eq0_efit_3 DEBUG    _get_service_response(REQUEST|fastran_000001@efit@3|FRAMEWORK@Framework@0|64)
2025-09-09 16:20:38,765 fastran_eq0_efit_3 DEBUG    _get_service_response(REQUEST|fastran_000001@efit@3|FRAMEWORK@Framework@0|64), response = ServiceResponseMessage(sender_id=FRAMEWORK@Framework@0, receiver_id=fastran_000001@efit@3, request_msg_id=REQUEST|fastran_000001@efit@3|FRAMEWORK@Framework@0|64,status=0, args=(None,), message_id=RESPONSE|FRAMEWORK@Framework@0|fastran_000001@efit@3|712)
2025-09-09 16:20:40,727 fastran_eq0_efit_3 DEBUG    _invoke_service(): update_state  (['s000001.00001', 'g000001.00001', 'i000001.00001', 'b000001.00001'], '/pscratch/sd/b/bassem/ips/tglf-ep_32_repeat/SCAN/work/fastran_eq0_efit_3', '/pscratch/sd/b/bassem/ips/tglf-ep_32_repeat/SCAN/work/plasma_state')
2025-09-09 16:20:40,727 fastran_eq0_efit_3 DEBUG    _get_service_response(REQUEST|fastran_000001@efit@3|FRAMEWORK@Framework@0|65)
2025-09-09 16:20:40,750 fastran_eq0_efit_3 DEBUG    _get_service_response(REQUEST|fastran_000001@efit@3|FRAMEWORK@Framework@0|65), response = ServiceResponseMessage(sender_id=FRAMEWORK@Framework@0, receiver_id=fastran_000001@efit@3, request_msg_id=REQUEST|fastran_000001@efit@3|FRAMEWORK@Framework@0|65,status=0, args=(0,), message_id=RESPONSE|FRAMEWORK@Framework@0|fastran_000001@efit@3|717)
2025-09-09 16:20:40,751 fastran_eq0_efit_3 DEBUG    _invoke_service(): getTopic  ('_IPS_MONITOR',)
2025-09-09 16:20:40,751 fastran_eq0_efit_3 DEBUG    _get_service_response(REQUEST|fastran_000001@efit@3|FRAMEWORK@Framework@0|66)
2025-09-09 16:20:40,761 fastran_eq0_efit_3 DEBUG    _get_service_response(REQUEST|fastran_000001@efit@3|FRAMEWORK@Framework@0|66), response = ServiceResponseMessage(sender_id=FRAMEWORK@Framework@0, receiver_id=fastran_000001@efit@3, request_msg_id=REQUEST|fastran_000001@efit@3|FRAMEWORK@Framework@0|66,status=0, args=(<ipsframework.cca_es_spec.Topic object at 0x7f87c63b6df0>,), message_id=RESPONSE|FRAMEWORK@Framework@0|fastran_000001@efit@3|718)
2025-09-09 16:20:40,761 fastran_eq0_efit_3 DEBUG    _invoke_service(): sendEvent  ('_IPS_MONITOR', 'PORTAL_EVENT', {'sim_name': 'fastran_000001', 'real_sim_name': 'fastran_000001', 'portal_data': {'code': 'fastran_eq0_efit', 'eventtype': 'IPS_UPDATE_STATE', 'ok': True, 'walltime': '72.83', 'time': '2025-09-09|16:20:40PDT', 'trace': {'timestamp': 1757460040727199, 'duration': 23110, 'localEndpoint': {'serviceName': 'update_state'}, 'name': "['s000001.00001', 'g000001.00001', 'i000001.00001', 'b000001.00001']", 'id': '2fc1229e1e650f1c', 'parentId': '7d44fdf8d89e53ad', 'tags': {}}, 'state': 'Running', 'comment': 'Elapsed time = 0.023   files = s000001.00001 g000001.00001 i000001.00001 b000001.00001 Success'}})
2025-09-09 16:20:40,761 fastran_eq0_efit_3 DEBUG    _get_service_response(REQUEST|fastran_000001@efit@3|FRAMEWORK@Framework@0|67)
2025-09-09 16:20:40,772 fastran_eq0_efit_3 DEBUG    _get_service_response(REQUEST|fastran_000001@efit@3|FRAMEWORK@Framework@0|67), response = ServiceResponseMessage(sender_id=FRAMEWORK@Framework@0, receiver_id=fastran_000001@efit@3, request_msg_id=REQUEST|fastran_000001@efit@3|FRAMEWORK@Framework@0|67,status=0, args=(None,), message_id=RESPONSE|FRAMEWORK@Framework@0|fastran_000001@efit@3|719)
2025-09-09 16:20:40,795 fastran_eq0_efit_3 DEBUG    _invoke_service(): getTopic  ('_IPS_MONITOR',)
2025-09-09 16:20:40,795 fastran_eq0_efit_3 DEBUG    _get_service_response(REQUEST|fastran_000001@efit@3|FRAMEWORK@Framework@0|68)
2025-09-09 16:20:40,805 fastran_eq0_efit_3 DEBUG    _get_service_response(REQUEST|fastran_000001@efit@3|FRAMEWORK@Framework@0|68), response = ServiceResponseMessage(sender_id=FRAMEWORK@Framework@0, receiver_id=fastran_000001@efit@3, request_msg_id=REQUEST|fastran_000001@efit@3|FRAMEWORK@Framework@0|68,status=0, args=(<ipsframework.cca_es_spec.Topic object at 0x7f87c63b6e50>,), message_id=RESPONSE|FRAMEWORK@Framework@0|fastran_000001@efit@3|720)
2025-09-09 16:20:40,806 fastran_eq0_efit_3 DEBUG    _invoke_service(): sendEvent  ('_IPS_MONITOR', 'PORTAL_EVENT', {'sim_name': 'fastran_000001', 'real_sim_name': 'fastran_000001', 'portal_data': {'code': 'fastran_eq0_efit', 'eventtype': 'IPS_STAGE_OUTPUTS', 'ok': True, 'walltime': '72.87', 'time': '2025-09-09|16:20:40PDT', 'trace': {'timestamp': 1757460040772518, 'duration': 22668, 'localEndpoint': {'serviceName': 'stage_output_files'}, 'name': "['g*.*', 'a*.*', 'm*.*', 'k*.*', 'efit.log', 's*.*']", 'id': '80725d8eee5776f1', 'parentId': '7d44fdf8d89e53ad', 'tags': {}}, 'state': 'Running', 'comment': "Elapsed time = 0.023 Path = /pscratch/sd/b/bassem/ips/tglf-ep_32_repeat/SCAN/simulation_results/preprocess_7/components/fastran_eq0_efit_3 Files = ['g*.*', 'a*.*', 'm*.*', 'k*.*', 'efit.log', 's*.*']"}})
2025-09-09 16:20:40,806 fastran_eq0_efit_3 DEBUG    _get_service_response(REQUEST|fastran_000001@efit@3|FRAMEWORK@Framework@0|69)
2025-09-09 16:20:40,816 fastran_eq0_efit_3 DEBUG    _get_service_response(REQUEST|fastran_000001@efit@3|FRAMEWORK@Framework@0|69), response = ServiceResponseMessage(sender_id=FRAMEWORK@Framework@0, receiver_id=fastran_000001@efit@3, request_msg_id=REQUEST|fastran_000001@efit@3|FRAMEWORK@Framework@0|69,status=0, args=(None,), message_id=RESPONSE|FRAMEWORK@Framework@0|fastran_000001@efit@3|721)
2025-09-09 16:20:40,830 fastran_driver_fastran_driver_2 DEBUG    _get_service_response(REQUEST|fastran_000001@fastran_driver@2|FRAMEWORK@Framework@0|256), response = ServiceResponseMessage(sender_id=FRAMEWORK@Framework@0, receiver_id=fastran_000001@fastran_driver@2, request_msg_id=REQUEST|fastran_000001@fastran_driver@2|FRAMEWORK@Framework@0|256,status=0, args=((None,),), message_id=RESPONSE|FRAMEWORK@Framework@0|fastran_000001@fastran_driver@2|722)
2025-09-09 16:20:40,830 fastran_driver_fastran_driver_2 DEBUG    _invoke_service(): getTopic  ('_IPS_MONITOR',)
2025-09-09 16:20:40,830 fastran_driver_fastran_driver_2 DEBUG    _get_service_response(REQUEST|fastran_000001@fastran_driver@2|FRAMEWORK@Framework@0|257)
2025-09-09 16:20:40,841 fastran_driver_fastran_driver_2 DEBUG    _get_service_response(REQUEST|fastran_000001@fastran_driver@2|FRAMEWORK@Framework@0|257), response = ServiceResponseMessage(sender_id=FRAMEWORK@Framework@0, receiver_id=fastran_000001@fastran_driver@2, request_msg_id=REQUEST|fastran_000001@fastran_driver@2|FRAMEWORK@Framework@0|257,status=0, args=(<ipsframework.cca_es_spec.Topic object at 0x7f87c63e01f0>,), message_id=RESPONSE|FRAMEWORK@Framework@0|fastran_000001@fastran_driver@2|723)
2025-09-09 16:20:40,841 fastran_driver_fastran_driver_2 DEBUG    _invoke_service(): sendEvent  ('_IPS_MONITOR', 'PORTAL_EVENT', {'sim_name': 'fastran_000001', 'real_sim_name': 'fastran_000001', 'portal_data': {'code': 'fastran_driver_fastran_driver', 'eventtype': 'IPS_CALL_END', 'ok': True, 'walltime': '72.91', 'time': '2025-09-09|16:20:40PDT', 'trace': {'timestamp': 1757460038729771, 'duration': 2100426, 'localEndpoint': {'serviceName': 'fastran_000001@efit@3'}, 'name': 'step(preprocess_7)', 'id': '7d44fdf8d89e53ad', 'parentId': '15e0663de819b9fa', 'tags': {}}, 'state': 'Running', 'comment': 'Target = fastran_000001@efit@3:step(preprocess_7)'}})
2025-09-09 16:20:40,841 fastran_driver_fastran_driver_2 DEBUG    _get_service_response(REQUEST|fastran_000001@fastran_driver@2|FRAMEWORK@Framework@0|258)
2025-09-09 16:20:40,851 fastran_driver_fastran_driver_2 DEBUG    _get_service_response(REQUEST|fastran_000001@fastran_driver@2|FRAMEWORK@Framework@0|258), response = ServiceResponseMessage(sender_id=FRAMEWORK@Framework@0, receiver_id=fastran_000001@fastran_driver@2, request_msg_id=REQUEST|fastran_000001@fastran_driver@2|FRAMEWORK@Framework@0|258,status=0, args=(None,), message_id=RESPONSE|FRAMEWORK@Framework@0|fastran_000001@fastran_driver@2|724)
2025-09-09 16:20:40,852 fastran_driver_fastran_driver_2 DEBUG    _invoke_service(): getTopic  ('_IPS_MONITOR',)
2025-09-09 16:20:40,852 fastran_driver_fastran_driver_2 DEBUG    _get_service_response(REQUEST|fastran_000001@fastran_driver@2|FRAMEWORK@Framework@0|259)
2025-09-09 16:20:40,862 fastran_driver_fastran_driver_2 DEBUG    _get_service_response(REQUEST|fastran_000001@fastran_driver@2|FRAMEWORK@Framework@0|259), response = ServiceResponseMessage(sender_id=FRAMEWORK@Framework@0, receiver_id=fastran_000001@fastran_driver@2, request_msg_id=REQUEST|fastran_000001@fastran_driver@2|FRAMEWORK@Framework@0|259,status=0, args=(<ipsframework.cca_es_spec.Topic object at 0x7f87c63e0250>,), message_id=RESPONSE|FRAMEWORK@Framework@0|fastran_000001@fastran_driver@2|725)
2025-09-09 16:20:40,862 fastran_driver_fastran_driver_2 DEBUG    _invoke_service(): sendEvent  ('_IPS_MONITOR', 'PORTAL_EVENT', {'sim_name': 'fastran_000001', 'real_sim_name': 'fastran_000001', 'portal_data': {'code': 'fastran_driver_fastran_driver', 'eventtype': 'IPS_CALL_BEGIN', 'ok': True, 'walltime': '72.93', 'time': '2025-09-09|16:20:40PDT', 'state': 'Running', 'comment': 'Target = fastran_000001@hcd_model@4:step(preprocess_7)'}})
2025-09-09 16:20:40,863 fastran_driver_fastran_driver_2 DEBUG    _get_service_response(REQUEST|fastran_000001@fastran_driver@2|FRAMEWORK@Framework@0|260)
2025-09-09 16:20:40,873 fastran_driver_fastran_driver_2 DEBUG    _get_service_response(REQUEST|fastran_000001@fastran_driver@2|FRAMEWORK@Framework@0|260), response = ServiceResponseMessage(sender_id=FRAMEWORK@Framework@0, receiver_id=fastran_000001@fastran_driver@2, request_msg_id=REQUEST|fastran_000001@fastran_driver@2|FRAMEWORK@Framework@0|260,status=0, args=(None,), message_id=RESPONSE|FRAMEWORK@Framework@0|fastran_000001@fastran_driver@2|726)
2025-09-09 16:20:40,873 fastran_driver_fastran_driver_2 DEBUG    _invoke_service(): init_call  ('step', 'preprocess_7')
2025-09-09 16:20:40,873 fastran_driver_fastran_driver_2 DEBUG    _get_service_response(REQUEST|fastran_000001@fastran_driver@2|FRAMEWORK@Framework@0|261)
2025-09-09 16:20:40,874 fastran_ic_hcd_model_4 DEBUG    Received Message 
2025-09-09 16:20:40,874 fastran_ic_hcd_model_4 DEBUG    Calling method step(preprocess_7)
2025-09-09 16:20:40,874 fastran_ic_hcd_model_4 DEBUG    _invoke_service(): stage_state  (['s000001.00001', 'g000001.00001', 'i000001.00001', 'b000001.00001'], '/pscratch/sd/b/bassem/ips/tglf-ep_32_repeat/SCAN/work/plasma_state', '/pscratch/sd/b/bassem/ips/tglf-ep_32_repeat/SCAN/work/fastran_ic_hcd_model_4')
2025-09-09 16:20:40,875 fastran_ic_hcd_model_4 DEBUG    _get_service_response(REQUEST|fastran_000001@hcd_model@4|FRAMEWORK@Framework@0|70)
2025-09-09 16:20:40,884 fastran_driver_fastran_driver_2 DEBUG    _get_service_response(REQUEST|fastran_000001@fastran_driver@2|FRAMEWORK@Framework@0|261), response = ServiceResponseMessage(sender_id=FRAMEWORK@Framework@0, receiver_id=fastran_000001@fastran_driver@2, request_msg_id=REQUEST|fastran_000001@fastran_driver@2|FRAMEWORK@Framework@0|261,status=0, args=(46,), message_id=RESPONSE|FRAMEWORK@Framework@0|fastran_000001@fastran_driver@2|727)
2025-09-09 16:20:40,884 fastran_driver_fastran_driver_2 DEBUG    _invoke_service(): wait_call  (46, True)
2025-09-09 16:20:40,884 fastran_driver_fastran_driver_2 DEBUG    _get_service_response(REQUEST|fastran_000001@fastran_driver@2|FRAMEWORK@Framework@0|262)
2025-09-09 16:20:40,897 fastran_ic_hcd_model_4 DEBUG    _get_service_response(REQUEST|fastran_000001@hcd_model@4|FRAMEWORK@Framework@0|70), response = ServiceResponseMessage(sender_id=FRAMEWORK@Framework@0, receiver_id=fastran_000001@hcd_model@4, request_msg_id=REQUEST|fastran_000001@hcd_model@4|FRAMEWORK@Framework@0|70,status=0, args=(0,), message_id=RESPONSE|FRAMEWORK@Framework@0|fastran_000001@hcd_model@4|728)
2025-09-09 16:20:40,897 fastran_ic_hcd_model_4 DEBUG    _invoke_service(): getTopic  ('_IPS_MONITOR',)
2025-09-09 16:20:40,897 fastran_ic_hcd_model_4 DEBUG    _get_service_response(REQUEST|fastran_000001@hcd_model@4|FRAMEWORK@Framework@0|71)
2025-09-09 16:20:40,908 fastran_ic_hcd_model_4 DEBUG    _get_service_response(REQUEST|fastran_000001@hcd_model@4|FRAMEWORK@Framework@0|71), response = ServiceResponseMessage(sender_id=FRAMEWORK@Framework@0, receiver_id=fastran_000001@hcd_model@4, request_msg_id=REQUEST|fastran_000001@hcd_model@4|FRAMEWORK@Framework@0|71,status=0, args=(<ipsframework.cca_es_spec.Topic object at 0x7f87c6407790>,), message_id=RESPONSE|FRAMEWORK@Framework@0|fastran_000001@hcd_model@4|729)
2025-09-09 16:20:40,908 fastran_ic_hcd_model_4 DEBUG    _invoke_service(): sendEvent  ('_IPS_MONITOR', 'PORTAL_EVENT', {'sim_name': 'fastran_000001', 'real_sim_name': 'fastran_000001', 'portal_data': {'code': 'fastran_ic_hcd_model', 'eventtype': 'IPS_STAGE_STATE', 'ok': True, 'walltime': '72.97', 'time': '2025-09-09|16:20:40PDT', 'trace': {'timestamp': 1757460040874833, 'duration': 22681, 'localEndpoint': {'serviceName': 'stage_state'}, 'name': "['s000001.00001', 'g000001.00001', 'i000001.00001', 'b000001.00001']", 'id': 'ff3119918b5e7670', 'parentId': 'c64b47133ebf9c60', 'tags': {}}, 'state': 'Running', 'comment': 'Elapsed time = 0.023  files = s000001.00001 g000001.00001 i000001.00001 b000001.00001 Success'}})
2025-09-09 16:20:40,908 fastran_ic_hcd_model_4 DEBUG    _get_service_response(REQUEST|fastran_000001@hcd_model@4|FRAMEWORK@Framework@0|72)
2025-09-09 16:20:40,919 fastran_ic_hcd_model_4 DEBUG    _get_service_response(REQUEST|fastran_000001@hcd_model@4|FRAMEWORK@Framework@0|72), response = ServiceResponseMessage(sender_id=FRAMEWORK@Framework@0, receiver_id=fastran_000001@hcd_model@4, request_msg_id=REQUEST|fastran_000001@hcd_model@4|FRAMEWORK@Framework@0|72,status=0, args=(None,), message_id=RESPONSE|FRAMEWORK@Framework@0|fastran_000001@hcd_model@4|730)
2025-09-09 16:20:40,923 fastran_ic_hcd_model_4 DEBUG    _invoke_service(): getTopic  ('_IPS_MONITOR',)
2025-09-09 16:20:40,923 fastran_ic_hcd_model_4 DEBUG    _get_service_response(REQUEST|fastran_000001@hcd_model@4|FRAMEWORK@Framework@0|73)
2025-09-09 16:20:40,934 fastran_ic_hcd_model_4 DEBUG    _get_service_response(REQUEST|fastran_000001@hcd_model@4|FRAMEWORK@Framework@0|73), response = ServiceResponseMessage(sender_id=FRAMEWORK@Framework@0, receiver_id=fastran_000001@hcd_model@4, request_msg_id=REQUEST|fastran_000001@hcd_model@4|FRAMEWORK@Framework@0|73,status=0, args=(<ipsframework.cca_es_spec.Topic object at 0x7f87c6407a00>,), message_id=RESPONSE|FRAMEWORK@Framework@0|fastran_000001@hcd_model@4|731)
2025-09-09 16:20:40,934 fastran_ic_hcd_model_4 DEBUG    _invoke_service(): sendEvent  ('_IPS_MONITOR', 'PORTAL_EVENT', {'sim_name': 'fastran_000001', 'real_sim_name': 'fastran_000001', 'portal_data': {'code': 'fastran_ic_hcd_model', 'eventtype': 'IPS_STAGE_INPUTS', 'ok': True, 'walltime': '73.00', 'time': '2025-09-09|16:20:40PDT', 'trace': {'timestamp': 1757460040919320, 'duration': 4114, 'localEndpoint': {'serviceName': 'stage_input_files'}, 'name': 'inhcd', 'id': '5ee53c28a9607896', 'parentId': 'c64b47133ebf9c60', 'tags': {}}, 'state': 'Running', 'comment': 'Elapsed time = 0.004 Path = /pscratch/sd/b/bassem/ips/tglf-ep_32_repeat/input Files = inhcd'}})
2025-09-09 16:20:40,934 fastran_ic_hcd_model_4 DEBUG    _get_service_response(REQUEST|fastran_000001@hcd_model@4|FRAMEWORK@Framework@0|74)
2025-09-09 16:20:40,944 fastran_ic_hcd_model_4 DEBUG    _get_service_response(REQUEST|fastran_000001@hcd_model@4|FRAMEWORK@Framework@0|74), response = ServiceResponseMessage(sender_id=FRAMEWORK@Framework@0, receiver_id=fastran_000001@hcd_model@4, request_msg_id=REQUEST|fastran_000001@hcd_model@4|FRAMEWORK@Framework@0|74,status=0, args=(None,), message_id=RESPONSE|FRAMEWORK@Framework@0|fastran_000001@hcd_model@4|732)
2025-09-09 16:20:41,058 fastran_ic_hcd_model_4 DEBUG    _invoke_service(): update_state  (['s000001.00001', 'g000001.00001', 'i000001.00001', 'b000001.00001'], '/pscratch/sd/b/bassem/ips/tglf-ep_32_repeat/SCAN/work/fastran_ic_hcd_model_4', '/pscratch/sd/b/bassem/ips/tglf-ep_32_repeat/SCAN/work/plasma_state')
2025-09-09 16:20:41,058 fastran_ic_hcd_model_4 DEBUG    _get_service_response(REQUEST|fastran_000001@hcd_model@4|FRAMEWORK@Framework@0|75)
2025-09-09 16:20:41,080 fastran_ic_hcd_model_4 DEBUG    _get_service_response(REQUEST|fastran_000001@hcd_model@4|FRAMEWORK@Framework@0|75), response = ServiceResponseMessage(sender_id=FRAMEWORK@Framework@0, receiver_id=fastran_000001@hcd_model@4, request_msg_id=REQUEST|fastran_000001@hcd_model@4|FRAMEWORK@Framework@0|75,status=0, args=(0,), message_id=RESPONSE|FRAMEWORK@Framework@0|fastran_000001@hcd_model@4|733)
2025-09-09 16:20:41,080 fastran_ic_hcd_model_4 DEBUG    _invoke_service(): getTopic  ('_IPS_MONITOR',)
2025-09-09 16:20:41,080 fastran_ic_hcd_model_4 DEBUG    _get_service_response(REQUEST|fastran_000001@hcd_model@4|FRAMEWORK@Framework@0|76)
2025-09-09 16:20:41,091 fastran_ic_hcd_model_4 DEBUG    _get_service_response(REQUEST|fastran_000001@hcd_model@4|FRAMEWORK@Framework@0|76), response = ServiceResponseMessage(sender_id=FRAMEWORK@Framework@0, receiver_id=fastran_000001@hcd_model@4, request_msg_id=REQUEST|fastran_000001@hcd_model@4|FRAMEWORK@Framework@0|76,status=0, args=(<ipsframework.cca_es_spec.Topic object at 0x7f87c6407bb0>,), message_id=RESPONSE|FRAMEWORK@Framework@0|fastran_000001@hcd_model@4|734)
2025-09-09 16:20:41,091 fastran_ic_hcd_model_4 DEBUG    _invoke_service(): sendEvent  ('_IPS_MONITOR', 'PORTAL_EVENT', {'sim_name': 'fastran_000001', 'real_sim_name': 'fastran_000001', 'portal_data': {'code': 'fastran_ic_hcd_model', 'eventtype': 'IPS_UPDATE_STATE', 'ok': True, 'walltime': '73.16', 'time': '2025-09-09|16:20:41PDT', 'trace': {'timestamp': 1757460041057988, 'duration': 22406, 'localEndpoint': {'serviceName': 'update_state'}, 'name': "['s000001.00001', 'g000001.00001', 'i000001.00001', 'b000001.00001']", 'id': '2fc1229e1e650f1c', 'parentId': 'c64b47133ebf9c60', 'tags': {}}, 'state': 'Running', 'comment': 'Elapsed time = 0.022   files = s000001.00001 g000001.00001 i000001.00001 b000001.00001 Success'}})
2025-09-09 16:20:41,091 fastran_ic_hcd_model_4 DEBUG    _get_service_response(REQUEST|fastran_000001@hcd_model@4|FRAMEWORK@Framework@0|77)
2025-09-09 16:20:41,101 fastran_ic_hcd_model_4 DEBUG    _get_service_response(REQUEST|fastran_000001@hcd_model@4|FRAMEWORK@Framework@0|77), response = ServiceResponseMessage(sender_id=FRAMEWORK@Framework@0, receiver_id=fastran_000001@hcd_model@4, request_msg_id=REQUEST|fastran_000001@hcd_model@4|FRAMEWORK@Framework@0|77,status=0, args=(None,), message_id=RESPONSE|FRAMEWORK@Framework@0|fastran_000001@hcd_model@4|735)
2025-09-09 16:20:41,101 fastran_ic_hcd_model_4 DEBUG    _invoke_service(): getTopic  ('_IPS_MONITOR',)
2025-09-09 16:20:41,101 fastran_ic_hcd_model_4 DEBUG    _get_service_response(REQUEST|fastran_000001@hcd_model@4|FRAMEWORK@Framework@0|78)
2025-09-09 16:20:41,112 fastran_ic_hcd_model_4 DEBUG    _get_service_response(REQUEST|fastran_000001@hcd_model@4|FRAMEWORK@Framework@0|78), response = ServiceResponseMessage(sender_id=FRAMEWORK@Framework@0, receiver_id=fastran_000001@hcd_model@4, request_msg_id=REQUEST|fastran_000001@hcd_model@4|FRAMEWORK@Framework@0|78,status=0, args=(<ipsframework.cca_es_spec.Topic object at 0x7f87c6407a00>,), message_id=RESPONSE|FRAMEWORK@Framework@0|fastran_000001@hcd_model@4|736)
2025-09-09 16:20:41,112 fastran_ic_hcd_model_4 DEBUG    _invoke_service(): sendEvent  ('_IPS_MONITOR', 'PORTAL_EVENT', {'sim_name': 'fastran_000001', 'real_sim_name': 'fastran_000001', 'portal_data': {'code': 'fastran_ic_hcd_model', 'eventtype': 'IPS_STAGE_OUTPUTS', 'ok': True, 'walltime': '73.18', 'time': '2025-09-09|16:20:41PDT', 'trace': {'timestamp': 1757460041101630, 'duration': 186, 'localEndpoint': {'serviceName': 'stage_output_files'}, 'name': '[]', 'id': 'ed019efe11be26d9', 'parentId': 'c64b47133ebf9c60', 'tags': {}}, 'state': 'Running', 'comment': 'Elapsed time = 0.000 Path = /pscratch/sd/b/bassem/ips/tglf-ep_32_repeat/SCAN/simulation_results/preprocess_7/components/fastran_ic_hcd_model_4 Files = []'}})
2025-09-09 16:20:41,112 fastran_ic_hcd_model_4 DEBUG    _get_service_response(REQUEST|fastran_000001@hcd_model@4|FRAMEWORK@Framework@0|79)
2025-09-09 16:20:41,123 fastran_ic_hcd_model_4 DEBUG    _get_service_response(REQUEST|fastran_000001@hcd_model@4|FRAMEWORK@Framework@0|79), response = ServiceResponseMessage(sender_id=FRAMEWORK@Framework@0, receiver_id=fastran_000001@hcd_model@4, request_msg_id=REQUEST|fastran_000001@hcd_model@4|FRAMEWORK@Framework@0|79,status=0, args=(None,), message_id=RESPONSE|FRAMEWORK@Framework@0|fastran_000001@hcd_model@4|737)
2025-09-09 16:20:41,134 fastran_driver_fastran_driver_2 DEBUG    _get_service_response(REQUEST|fastran_000001@fastran_driver@2|FRAMEWORK@Framework@0|262), response = ServiceResponseMessage(sender_id=FRAMEWORK@Framework@0, receiver_id=fastran_000001@fastran_driver@2, request_msg_id=REQUEST|fastran_000001@fastran_driver@2|FRAMEWORK@Framework@0|262,status=0, args=((None,),), message_id=RESPONSE|FRAMEWORK@Framework@0|fastran_000001@fastran_driver@2|738)
2025-09-09 16:20:41,134 fastran_driver_fastran_driver_2 DEBUG    _invoke_service(): getTopic  ('_IPS_MONITOR',)
2025-09-09 16:20:41,134 fastran_driver_fastran_driver_2 DEBUG    _get_service_response(REQUEST|fastran_000001@fastran_driver@2|FRAMEWORK@Framework@0|263)
2025-09-09 16:20:41,144 fastran_driver_fastran_driver_2 DEBUG    _get_service_response(REQUEST|fastran_000001@fastran_driver@2|FRAMEWORK@Framework@0|263), response = ServiceResponseMessage(sender_id=FRAMEWORK@Framework@0, receiver_id=fastran_000001@fastran_driver@2, request_msg_id=REQUEST|fastran_000001@fastran_driver@2|FRAMEWORK@Framework@0|263,status=0, args=(<ipsframework.cca_es_spec.Topic object at 0x7f87c63e01f0>,), message_id=RESPONSE|FRAMEWORK@Framework@0|fastran_000001@fastran_driver@2|739)
2025-09-09 16:20:41,144 fastran_driver_fastran_driver_2 DEBUG    _invoke_service(): sendEvent  ('_IPS_MONITOR', 'PORTAL_EVENT', {'sim_name': 'fastran_000001', 'real_sim_name': 'fastran_000001', 'portal_data': {'code': 'fastran_driver_fastran_driver', 'eventtype': 'IPS_CALL_END', 'ok': True, 'walltime': '73.21', 'time': '2025-09-09|16:20:41PDT', 'trace': {'timestamp': 1757460040884673, 'duration': 249550, 'localEndpoint': {'serviceName': 'fastran_000001@hcd_model@4'}, 'name': 'step(preprocess_7)', 'id': 'c64b47133ebf9c60', 'parentId': '15e0663de819b9fa', 'tags': {}}, 'state': 'Running', 'comment': 'Target = fastran_000001@hcd_model@4:step(preprocess_7)'}})
2025-09-09 16:20:41,145 fastran_driver_fastran_driver_2 DEBUG    _get_service_response(REQUEST|fastran_000001@fastran_driver@2|FRAMEWORK@Framework@0|264)
2025-09-09 16:20:41,155 fastran_driver_fastran_driver_2 DEBUG    _get_service_response(REQUEST|fastran_000001@fastran_driver@2|FRAMEWORK@Framework@0|264), response = ServiceResponseMessage(sender_id=FRAMEWORK@Framework@0, receiver_id=fastran_000001@fastran_driver@2, request_msg_id=REQUEST|fastran_000001@fastran_driver@2|FRAMEWORK@Framework@0|264,status=0, args=(None,), message_id=RESPONSE|FRAMEWORK@Framework@0|fastran_000001@fastran_driver@2|740)
2025-09-09 16:20:41,156 fastran_driver_fastran_driver_2 DEBUG    _invoke_service(): getTopic  ('_IPS_MONITOR',)
2025-09-09 16:20:41,156 fastran_driver_fastran_driver_2 DEBUG    _get_service_response(REQUEST|fastran_000001@fastran_driver@2|FRAMEWORK@Framework@0|265)
2025-09-09 16:20:41,166 fastran_driver_fastran_driver_2 DEBUG    _get_service_response(REQUEST|fastran_000001@fastran_driver@2|FRAMEWORK@Framework@0|265), response = ServiceResponseMessage(sender_id=FRAMEWORK@Framework@0, receiver_id=fastran_000001@fastran_driver@2, request_msg_id=REQUEST|fastran_000001@fastran_driver@2|FRAMEWORK@Framework@0|265,status=0, args=(<ipsframework.cca_es_spec.Topic object at 0x7f87c63e0280>,), message_id=RESPONSE|FRAMEWORK@Framework@0|fastran_000001@fastran_driver@2|741)
2025-09-09 16:20:41,166 fastran_driver_fastran_driver_2 DEBUG    _invoke_service(): sendEvent  ('_IPS_MONITOR', 'PORTAL_EVENT', {'sim_name': 'fastran_000001', 'real_sim_name': 'fastran_000001', 'portal_data': {'code': 'fastran_driver_fastran_driver', 'eventtype': 'IPS_CALL_BEGIN', 'ok': True, 'walltime': '73.23', 'time': '2025-09-09|16:20:41PDT', 'state': 'Running', 'comment': 'Target = fastran_000001@fastran@5:step(preprocess_7)'}})
2025-09-09 16:20:41,166 fastran_driver_fastran_driver_2 DEBUG    _get_service_response(REQUEST|fastran_000001@fastran_driver@2|FRAMEWORK@Framework@0|266)
2025-09-09 16:20:41,177 fastran_driver_fastran_driver_2 DEBUG    _get_service_response(REQUEST|fastran_000001@fastran_driver@2|FRAMEWORK@Framework@0|266), response = ServiceResponseMessage(sender_id=FRAMEWORK@Framework@0, receiver_id=fastran_000001@fastran_driver@2, request_msg_id=REQUEST|fastran_000001@fastran_driver@2|FRAMEWORK@Framework@0|266,status=0, args=(None,), message_id=RESPONSE|FRAMEWORK@Framework@0|fastran_000001@fastran_driver@2|742)
2025-09-09 16:20:41,177 fastran_driver_fastran_driver_2 DEBUG    _invoke_service(): init_call  ('step', 'preprocess_7')
2025-09-09 16:20:41,177 fastran_driver_fastran_driver_2 DEBUG    _get_service_response(REQUEST|fastran_000001@fastran_driver@2|FRAMEWORK@Framework@0|267)
2025-09-09 16:20:41,178 fastran_tr0_fastran_5 DEBUG    Received Message 
2025-09-09 16:20:41,178 fastran_tr0_fastran_5 DEBUG    Calling method step(preprocess_7)
2025-09-09 16:20:41,178 fastran_tr0_fastran_5 DEBUG    _invoke_service(): stage_state  (['s000001.00001', 'g000001.00001', 'i000001.00001', 'b000001.00001'], '/pscratch/sd/b/bassem/ips/tglf-ep_32_repeat/SCAN/work/plasma_state', '/pscratch/sd/b/bassem/ips/tglf-ep_32_repeat/SCAN/work/fastran_tr0_fastran_5')
2025-09-09 16:20:41,178 fastran_tr0_fastran_5 DEBUG    _get_service_response(REQUEST|fastran_000001@fastran@5|FRAMEWORK@Framework@0|112)
2025-09-09 16:20:41,187 fastran_driver_fastran_driver_2 DEBUG    _get_service_response(REQUEST|fastran_000001@fastran_driver@2|FRAMEWORK@Framework@0|267), response = ServiceResponseMessage(sender_id=FRAMEWORK@Framework@0, receiver_id=fastran_000001@fastran_driver@2, request_msg_id=REQUEST|fastran_000001@fastran_driver@2|FRAMEWORK@Framework@0|267,status=0, args=(47,), message_id=RESPONSE|FRAMEWORK@Framework@0|fastran_000001@fastran_driver@2|743)
2025-09-09 16:20:41,188 fastran_driver_fastran_driver_2 DEBUG    _invoke_service(): wait_call  (47, True)
2025-09-09 16:20:41,188 fastran_driver_fastran_driver_2 DEBUG    _get_service_response(REQUEST|fastran_000001@fastran_driver@2|FRAMEWORK@Framework@0|268)
2025-09-09 16:20:41,202 fastran_tr0_fastran_5 DEBUG    _get_service_response(REQUEST|fastran_000001@fastran@5|FRAMEWORK@Framework@0|112), response = ServiceResponseMessage(sender_id=FRAMEWORK@Framework@0, receiver_id=fastran_000001@fastran@5, request_msg_id=REQUEST|fastran_000001@fastran@5|FRAMEWORK@Framework@0|112,status=0, args=(0,), message_id=RESPONSE|FRAMEWORK@Framework@0|fastran_000001@fastran@5|744)
2025-09-09 16:20:41,202 fastran_tr0_fastran_5 DEBUG    _invoke_service(): getTopic  ('_IPS_MONITOR',)
2025-09-09 16:20:41,202 fastran_tr0_fastran_5 DEBUG    _get_service_response(REQUEST|fastran_000001@fastran@5|FRAMEWORK@Framework@0|113)
2025-09-09 16:20:41,213 fastran_tr0_fastran_5 DEBUG    _get_service_response(REQUEST|fastran_000001@fastran@5|FRAMEWORK@Framework@0|113), response = ServiceResponseMessage(sender_id=FRAMEWORK@Framework@0, receiver_id=fastran_000001@fastran@5, request_msg_id=REQUEST|fastran_000001@fastran@5|FRAMEWORK@Framework@0|113,status=0, args=(<ipsframework.cca_es_spec.Topic object at 0x7f87c63c27f0>,), message_id=RESPONSE|FRAMEWORK@Framework@0|fastran_000001@fastran@5|746)
2025-09-09 16:20:41,213 fastran_tr0_fastran_5 DEBUG    _invoke_service(): sendEvent  ('_IPS_MONITOR', 'PORTAL_EVENT', {'sim_name': 'fastran_000001', 'real_sim_name': 'fastran_000001', 'portal_data': {'code': 'fastran_tr0_fastran', 'eventtype': 'IPS_STAGE_STATE', 'ok': True, 'walltime': '73.28', 'time': '2025-09-09|16:20:41PDT', 'trace': {'timestamp': 1757460041178299, 'duration': 23965, 'localEndpoint': {'serviceName': 'stage_state'}, 'name': "['s000001.00001', 'g000001.00001', 'i000001.00001', 'b000001.00001']", 'id': 'ff3119918b5e7670', 'parentId': '9c1e0b3d77abdcee', 'tags': {}}, 'state': 'Running', 'comment': 'Elapsed time = 0.024  files = s000001.00001 g000001.00001 i000001.00001 b000001.00001 Success'}})
2025-09-09 16:20:41,213 fastran_tr0_fastran_5 DEBUG    _get_service_response(REQUEST|fastran_000001@fastran@5|FRAMEWORK@Framework@0|114)
2025-09-09 16:20:41,224 fastran_tr0_fastran_5 DEBUG    _get_service_response(REQUEST|fastran_000001@fastran@5|FRAMEWORK@Framework@0|114), response = ServiceResponseMessage(sender_id=FRAMEWORK@Framework@0, receiver_id=fastran_000001@fastran@5, request_msg_id=REQUEST|fastran_000001@fastran@5|FRAMEWORK@Framework@0|114,status=0, args=(None,), message_id=RESPONSE|FRAMEWORK@Framework@0|fastran_000001@fastran@5|747)
2025-09-09 16:20:41,234 fastran_tr0_fastran_5 DEBUG    _invoke_service(): getTopic  ('_IPS_MONITOR',)
2025-09-09 16:20:41,234 fastran_tr0_fastran_5 DEBUG    _get_service_response(REQUEST|fastran_000001@fastran@5|FRAMEWORK@Framework@0|115)
2025-09-09 16:20:41,245 fastran_tr0_fastran_5 DEBUG    _get_service_response(REQUEST|fastran_000001@fastran@5|FRAMEWORK@Framework@0|115), response = ServiceResponseMessage(sender_id=FRAMEWORK@Framework@0, receiver_id=fastran_000001@fastran@5, request_msg_id=REQUEST|fastran_000001@fastran@5|FRAMEWORK@Framework@0|115,status=0, args=(<ipsframework.cca_es_spec.Topic object at 0x7f87c63bcaf0>,), message_id=RESPONSE|FRAMEWORK@Framework@0|fastran_000001@fastran@5|748)
2025-09-09 16:20:41,245 fastran_tr0_fastran_5 DEBUG    _invoke_service(): sendEvent  ('_IPS_MONITOR', 'PORTAL_EVENT', {'sim_name': 'fastran_000001', 'real_sim_name': 'fastran_000001', 'portal_data': {'code': 'fastran_tr0_fastran', 'eventtype': 'IPS_STAGE_INPUTS', 'ok': True, 'walltime': '73.31', 'time': '2025-09-09|16:20:41PDT', 'trace': {'timestamp': 1757460041224423, 'duration': 10015, 'localEndpoint': {'serviceName': 'stage_input_files'}, 'name': 'infastran0 intglf', 'id': 'dca1af508bf5af99', 'parentId': '9c1e0b3d77abdcee', 'tags': {}}, 'state': 'Running', 'comment': 'Elapsed time = 0.010 Path = /pscratch/sd/b/bassem/ips/tglf-ep_32_repeat/input Files = infastran0 intglf'}})
2025-09-09 16:20:41,245 fastran_tr0_fastran_5 DEBUG    _get_service_response(REQUEST|fastran_000001@fastran@5|FRAMEWORK@Framework@0|116)
2025-09-09 16:20:41,255 fastran_tr0_fastran_5 DEBUG    _get_service_response(REQUEST|fastran_000001@fastran@5|FRAMEWORK@Framework@0|116), response = ServiceResponseMessage(sender_id=FRAMEWORK@Framework@0, receiver_id=fastran_000001@fastran@5, request_msg_id=REQUEST|fastran_000001@fastran@5|FRAMEWORK@Framework@0|116,status=0, args=(None,), message_id=RESPONSE|FRAMEWORK@Framework@0|fastran_000001@fastran@5|749)
2025-09-09 16:20:41,397 fastran_tr0_fastran_5 DEBUG    _invoke_service(): init_task  (TaskInit(nproc=1, binary='/global/common/software/atom/perlmutter/binaries/fastran/default/xfastran_ver1.00_ser', working_dir='/pscratch/sd/b/bassem/ips/tglf-ep_32_repeat/SCAN/work/fastran_tr0_fastran_5', tppn=0, tcpp=0, tgpp=0, block=True, omp=False, wnodes=True, wsocks=True, cmd_args=('1', '1')),)
2025-09-09 16:20:41,398 fastran_tr0_fastran_5 DEBUG    _get_service_response(REQUEST|fastran_000001@fastran@5|FRAMEWORK@Framework@0|117)
2025-09-09 16:20:41,409 fastran_tr0_fastran_5 DEBUG    _get_service_response(REQUEST|fastran_000001@fastran@5|FRAMEWORK@Framework@0|117), response = ServiceResponseMessage(sender_id=FRAMEWORK@Framework@0, receiver_id=fastran_000001@fastran@5, request_msg_id=REQUEST|fastran_000001@fastran@5|FRAMEWORK@Framework@0|117,status=0, args=((9, 'srun -N 1 -n 1 -c 128 --threads-per-core=1 --cpu-bind=cores /global/common/software/atom/perlmutter/binaries/fastran/default/xfastran_ver1.00_ser 1 1', None, 128),), message_id=RESPONSE|FRAMEWORK@Framework@0|fastran_000001@fastran@5|750)
2025-09-09 16:20:41,410 fastran_tr0_fastran_5 DEBUG    Launching command : srun -N 1 -n 1 -c 128 --threads-per-core=1 --cpu-bind=cores /global/common/software/atom/perlmutter/binaries/fastran/default/xfastran_ver1.00_ser 1 1
2025-09-09 16:20:41,422 fastran_tr0_fastran_5 DEBUG    _invoke_service(): getTopic  ('_IPS_MONITOR',)
2025-09-09 16:20:41,422 fastran_tr0_fastran_5 DEBUG    _get_service_response(REQUEST|fastran_000001@fastran@5|FRAMEWORK@Framework@0|118)
2025-09-09 16:20:41,433 fastran_tr0_fastran_5 DEBUG    _get_service_response(REQUEST|fastran_000001@fastran@5|FRAMEWORK@Framework@0|118), response = ServiceResponseMessage(sender_id=FRAMEWORK@Framework@0, receiver_id=fastran_000001@fastran@5, request_msg_id=REQUEST|fastran_000001@fastran@5|FRAMEWORK@Framework@0|118,status=0, args=(<ipsframework.cca_es_spec.Topic object at 0x7f87c63bcb80>,), message_id=RESPONSE|FRAMEWORK@Framework@0|fastran_000001@fastran@5|751)
2025-09-09 16:20:41,433 fastran_tr0_fastran_5 DEBUG    _invoke_service(): sendEvent  ('_IPS_MONITOR', 'PORTAL_EVENT', {'sim_name': 'fastran_000001', 'real_sim_name': 'fastran_000001', 'portal_data': {'code': 'fastran_tr0_fastran', 'eventtype': 'IPS_LAUNCH_TASK', 'ok': True, 'walltime': '73.50', 'time': '2025-09-09|16:20:41PDT', 'state': 'Running', 'comment': 'task_id = 9 , Tag = None , nproc = 1 , Target = srun -N 1 -n 1 -c 128 --threads-per-core=1 --cpu-bind=cores /global/common/software/atom/perlmutter/binaries/fastran/default/xfastran_ver1.00_ser 1 1'}})
2025-09-09 16:20:41,433 fastran_tr0_fastran_5 DEBUG    _get_service_response(REQUEST|fastran_000001@fastran@5|FRAMEWORK@Framework@0|119)
2025-09-09 16:20:41,444 fastran_tr0_fastran_5 DEBUG    _get_service_response(REQUEST|fastran_000001@fastran@5|FRAMEWORK@Framework@0|119), response = ServiceResponseMessage(sender_id=FRAMEWORK@Framework@0, receiver_id=fastran_000001@fastran@5, request_msg_id=REQUEST|fastran_000001@fastran@5|FRAMEWORK@Framework@0|119,status=0, args=(None,), message_id=RESPONSE|FRAMEWORK@Framework@0|fastran_000001@fastran@5|752)
2025-09-09 16:20:41,933 fastran_tr0_fastran_5 DEBUG    _invoke_service(): getTopic  ('_IPS_MONITOR',)
2025-09-09 16:20:41,933 fastran_tr0_fastran_5 DEBUG    _get_service_response(REQUEST|fastran_000001@fastran@5|FRAMEWORK@Framework@0|120)
2025-09-09 16:20:41,944 fastran_tr0_fastran_5 DEBUG    _get_service_response(REQUEST|fastran_000001@fastran@5|FRAMEWORK@Framework@0|120), response = ServiceResponseMessage(sender_id=FRAMEWORK@Framework@0, receiver_id=fastran_000001@fastran@5, request_msg_id=REQUEST|fastran_000001@fastran@5|FRAMEWORK@Framework@0|120,status=0, args=(<ipsframework.cca_es_spec.Topic object at 0x7f87c63bca00>,), message_id=RESPONSE|FRAMEWORK@Framework@0|fastran_000001@fastran@5|754)
2025-09-09 16:20:41,944 fastran_tr0_fastran_5 DEBUG    _invoke_service(): sendEvent  ('_IPS_MONITOR', 'PORTAL_EVENT', {'sim_name': 'fastran_000001', 'real_sim_name': 'fastran_000001', 'portal_data': {'code': 'fastran_tr0_fastran', 'eventtype': 'IPS_TASK_END', 'ok': True, 'walltime': '74.01', 'time': '2025-09-09|16:20:41PDT', 'trace': {'timestamp': 1757460041421829, 'duration': 510835, 'localEndpoint': {'serviceName': '/global/common/software/atom/perlmutter/binaries/fastran/default/xfastran_ver1.00_ser'}, 'name': '1 1', 'id': '327cc9c1bdde23f7', 'parentId': '9c1e0b3d77abdcee', 'tags': {'procs_requested': '1', 'cores_allocated': '128'}}, 'state': 'Running', 'comment': 'task_id = 9  elapsed time = 0.51 S'}})
2025-09-09 16:20:41,944 fastran_tr0_fastran_5 DEBUG    _get_service_response(REQUEST|fastran_000001@fastran@5|FRAMEWORK@Framework@0|121)
2025-09-09 16:20:41,955 fastran_tr0_fastran_5 DEBUG    _get_service_response(REQUEST|fastran_000001@fastran@5|FRAMEWORK@Framework@0|121), response = ServiceResponseMessage(sender_id=FRAMEWORK@Framework@0, receiver_id=fastran_000001@fastran@5, request_msg_id=REQUEST|fastran_000001@fastran@5|FRAMEWORK@Framework@0|121,status=0, args=(None,), message_id=RESPONSE|FRAMEWORK@Framework@0|fastran_000001@fastran@5|755)
2025-09-09 16:20:41,955 fastran_tr0_fastran_5 DEBUG    _invoke_service(): finish_task  (9, 0)
2025-09-09 16:20:41,955 fastran_tr0_fastran_5 DEBUG    _get_service_response(REQUEST|fastran_000001@fastran@5|FRAMEWORK@Framework@0|122)
2025-09-09 16:20:41,966 fastran_tr0_fastran_5 DEBUG    _get_service_response(REQUEST|fastran_000001@fastran@5|FRAMEWORK@Framework@0|122), response = ServiceResponseMessage(sender_id=FRAMEWORK@Framework@0, receiver_id=fastran_000001@fastran@5, request_msg_id=REQUEST|fastran_000001@fastran@5|FRAMEWORK@Framework@0|122,status=0, args=(0,), message_id=RESPONSE|FRAMEWORK@Framework@0|fastran_000001@fastran@5|756)
2025-09-09 16:20:42,145 fastran_tr0_fastran_5 DEBUG    _invoke_service(): update_state  (['s000001.00001', 'g000001.00001', 'i000001.00001', 'b000001.00001'], '/pscratch/sd/b/bassem/ips/tglf-ep_32_repeat/SCAN/work/fastran_tr0_fastran_5', '/pscratch/sd/b/bassem/ips/tglf-ep_32_repeat/SCAN/work/plasma_state')
2025-09-09 16:20:42,145 fastran_tr0_fastran_5 DEBUG    _get_service_response(REQUEST|fastran_000001@fastran@5|FRAMEWORK@Framework@0|123)
2025-09-09 16:20:42,168 fastran_tr0_fastran_5 DEBUG    _get_service_response(REQUEST|fastran_000001@fastran@5|FRAMEWORK@Framework@0|123), response = ServiceResponseMessage(sender_id=FRAMEWORK@Framework@0, receiver_id=fastran_000001@fastran@5, request_msg_id=REQUEST|fastran_000001@fastran@5|FRAMEWORK@Framework@0|123,status=0, args=(0,), message_id=RESPONSE|FRAMEWORK@Framework@0|fastran_000001@fastran@5|757)
2025-09-09 16:20:42,168 fastran_tr0_fastran_5 DEBUG    _invoke_service(): getTopic  ('_IPS_MONITOR',)
2025-09-09 16:20:42,168 fastran_tr0_fastran_5 DEBUG    _get_service_response(REQUEST|fastran_000001@fastran@5|FRAMEWORK@Framework@0|124)
2025-09-09 16:20:42,179 fastran_tr0_fastran_5 DEBUG    _get_service_response(REQUEST|fastran_000001@fastran@5|FRAMEWORK@Framework@0|124), response = ServiceResponseMessage(sender_id=FRAMEWORK@Framework@0, receiver_id=fastran_000001@fastran@5, request_msg_id=REQUEST|fastran_000001@fastran@5|FRAMEWORK@Framework@0|124,status=0, args=(<ipsframework.cca_es_spec.Topic object at 0x7f87c639e7f0>,), message_id=RESPONSE|FRAMEWORK@Framework@0|fastran_000001@fastran@5|758)
2025-09-09 16:20:42,179 fastran_tr0_fastran_5 DEBUG    _invoke_service(): sendEvent  ('_IPS_MONITOR', 'PORTAL_EVENT', {'sim_name': 'fastran_000001', 'real_sim_name': 'fastran_000001', 'portal_data': {'code': 'fastran_tr0_fastran', 'eventtype': 'IPS_UPDATE_STATE', 'ok': True, 'walltime': '74.24', 'time': '2025-09-09|16:20:42PDT', 'trace': {'timestamp': 1757460042145712, 'duration': 22433, 'localEndpoint': {'serviceName': 'update_state'}, 'name': "['s000001.00001', 'g000001.00001', 'i000001.00001', 'b000001.00001']", 'id': '2fc1229e1e650f1c', 'parentId': '9c1e0b3d77abdcee', 'tags': {}}, 'state': 'Running', 'comment': 'Elapsed time = 0.022   files = s000001.00001 g000001.00001 i000001.00001 b000001.00001 Success'}})
2025-09-09 16:20:42,179 fastran_tr0_fastran_5 DEBUG    _get_service_response(REQUEST|fastran_000001@fastran@5|FRAMEWORK@Framework@0|125)
2025-09-09 16:20:42,190 fastran_tr0_fastran_5 DEBUG    _get_service_response(REQUEST|fastran_000001@fastran@5|FRAMEWORK@Framework@0|125), response = ServiceResponseMessage(sender_id=FRAMEWORK@Framework@0, receiver_id=fastran_000001@fastran@5, request_msg_id=REQUEST|fastran_000001@fastran@5|FRAMEWORK@Framework@0|125,status=0, args=(None,), message_id=RESPONSE|FRAMEWORK@Framework@0|fastran_000001@fastran@5|759)
2025-09-09 16:20:42,210 fastran_tr0_fastran_5 DEBUG    _invoke_service(): getTopic  ('_IPS_MONITOR',)
2025-09-09 16:20:42,210 fastran_tr0_fastran_5 DEBUG    _get_service_response(REQUEST|fastran_000001@fastran@5|FRAMEWORK@Framework@0|126)
2025-09-09 16:20:42,221 fastran_tr0_fastran_5 DEBUG    _get_service_response(REQUEST|fastran_000001@fastran@5|FRAMEWORK@Framework@0|126), response = ServiceResponseMessage(sender_id=FRAMEWORK@Framework@0, receiver_id=fastran_000001@fastran@5, request_msg_id=REQUEST|fastran_000001@fastran@5|FRAMEWORK@Framework@0|126,status=0, args=(<ipsframework.cca_es_spec.Topic object at 0x7f87c639e880>,), message_id=RESPONSE|FRAMEWORK@Framework@0|fastran_000001@fastran@5|760)
2025-09-09 16:20:42,221 fastran_tr0_fastran_5 DEBUG    _invoke_service(): sendEvent  ('_IPS_MONITOR', 'PORTAL_EVENT', {'sim_name': 'fastran_000001', 'real_sim_name': 'fastran_000001', 'portal_data': {'code': 'fastran_tr0_fastran', 'eventtype': 'IPS_STAGE_OUTPUTS', 'ok': True, 'walltime': '74.29', 'time': '2025-09-09|16:20:42PDT', 'trace': {'timestamp': 1757460042190157, 'duration': 20129, 'localEndpoint': {'serviceName': 'stage_output_files'}, 'name': "['fastran.nc', 'inprof', 'inmetric', 'infastran', 'intglf', 'xfastran.log', 'i000001.00001']", 'id': '7349cfaaafc33980', 'parentId': '9c1e0b3d77abdcee', 'tags': {}}, 'state': 'Running', 'comment': "Elapsed time = 0.020 Path = /pscratch/sd/b/bassem/ips/tglf-ep_32_repeat/SCAN/simulation_results/preprocess_7/components/fastran_tr0_fastran_5 Files = ['fastran.nc', 'inprof', 'inmetric', 'infastran', 'intglf', 'xfastran.log', 'i000001.00001']"}})
2025-09-09 16:20:42,221 fastran_tr0_fastran_5 DEBUG    _get_service_response(REQUEST|fastran_000001@fastran@5|FRAMEWORK@Framework@0|127)
2025-09-09 16:20:42,231 fastran_tr0_fastran_5 DEBUG    _get_service_response(REQUEST|fastran_000001@fastran@5|FRAMEWORK@Framework@0|127), response = ServiceResponseMessage(sender_id=FRAMEWORK@Framework@0, receiver_id=fastran_000001@fastran@5, request_msg_id=REQUEST|fastran_000001@fastran@5|FRAMEWORK@Framework@0|127,status=0, args=(None,), message_id=RESPONSE|FRAMEWORK@Framework@0|fastran_000001@fastran@5|762)
2025-09-09 16:20:42,242 fastran_driver_fastran_driver_2 DEBUG    _get_service_response(REQUEST|fastran_000001@fastran_driver@2|FRAMEWORK@Framework@0|268), response = ServiceResponseMessage(sender_id=FRAMEWORK@Framework@0, receiver_id=fastran_000001@fastran_driver@2, request_msg_id=REQUEST|fastran_000001@fastran_driver@2|FRAMEWORK@Framework@0|268,status=0, args=((None,),), message_id=RESPONSE|FRAMEWORK@Framework@0|fastran_000001@fastran_driver@2|763)
2025-09-09 16:20:42,243 fastran_driver_fastran_driver_2 DEBUG    _invoke_service(): getTopic  ('_IPS_MONITOR',)
2025-09-09 16:20:42,243 fastran_driver_fastran_driver_2 DEBUG    _get_service_response(REQUEST|fastran_000001@fastran_driver@2|FRAMEWORK@Framework@0|269)
2025-09-09 16:20:42,253 fastran_driver_fastran_driver_2 DEBUG    _get_service_response(REQUEST|fastran_000001@fastran_driver@2|FRAMEWORK@Framework@0|269), response = ServiceResponseMessage(sender_id=FRAMEWORK@Framework@0, receiver_id=fastran_000001@fastran_driver@2, request_msg_id=REQUEST|fastran_000001@fastran_driver@2|FRAMEWORK@Framework@0|269,status=0, args=(<ipsframework.cca_es_spec.Topic object at 0x7f87c63e01f0>,), message_id=RESPONSE|FRAMEWORK@Framework@0|fastran_000001@fastran_driver@2|764)
2025-09-09 16:20:42,253 fastran_driver_fastran_driver_2 DEBUG    _invoke_service(): sendEvent  ('_IPS_MONITOR', 'PORTAL_EVENT', {'sim_name': 'fastran_000001', 'real_sim_name': 'fastran_000001', 'portal_data': {'code': 'fastran_driver_fastran_driver', 'eventtype': 'IPS_CALL_END', 'ok': True, 'walltime': '74.32', 'time': '2025-09-09|16:20:42PDT', 'trace': {'timestamp': 1757460041188031, 'duration': 1054934, 'localEndpoint': {'serviceName': 'fastran_000001@fastran@5'}, 'name': 'step(preprocess_7)', 'id': '9c1e0b3d77abdcee', 'parentId': '15e0663de819b9fa', 'tags': {}}, 'state': 'Running', 'comment': 'Target = fastran_000001@fastran@5:step(preprocess_7)'}})
2025-09-09 16:20:42,253 fastran_driver_fastran_driver_2 DEBUG    _get_service_response(REQUEST|fastran_000001@fastran_driver@2|FRAMEWORK@Framework@0|270)
2025-09-09 16:20:42,264 fastran_driver_fastran_driver_2 DEBUG    _get_service_response(REQUEST|fastran_000001@fastran_driver@2|FRAMEWORK@Framework@0|270), response = ServiceResponseMessage(sender_id=FRAMEWORK@Framework@0, receiver_id=fastran_000001@fastran_driver@2, request_msg_id=REQUEST|fastran_000001@fastran_driver@2|FRAMEWORK@Framework@0|270,status=0, args=(None,), message_id=RESPONSE|FRAMEWORK@Framework@0|fastran_000001@fastran_driver@2|765)
2025-09-09 16:20:42,264 fastran_driver_fastran_driver_2 DEBUG    _invoke_service(): getTopic  ('_IPS_MONITOR',)
2025-09-09 16:20:42,264 fastran_driver_fastran_driver_2 DEBUG    _get_service_response(REQUEST|fastran_000001@fastran_driver@2|FRAMEWORK@Framework@0|271)
2025-09-09 16:20:42,275 fastran_driver_fastran_driver_2 DEBUG    _get_service_response(REQUEST|fastran_000001@fastran_driver@2|FRAMEWORK@Framework@0|271), response = ServiceResponseMessage(sender_id=FRAMEWORK@Framework@0, receiver_id=fastran_000001@fastran_driver@2, request_msg_id=REQUEST|fastran_000001@fastran_driver@2|FRAMEWORK@Framework@0|271,status=0, args=(<ipsframework.cca_es_spec.Topic object at 0x7f87c63e0130>,), message_id=RESPONSE|FRAMEWORK@Framework@0|fastran_000001@fastran_driver@2|766)
2025-09-09 16:20:42,275 fastran_driver_fastran_driver_2 DEBUG    _invoke_service(): sendEvent  ('_IPS_MONITOR', 'PORTAL_EVENT', {'sim_name': 'fastran_000001', 'real_sim_name': 'fastran_000001', 'portal_data': {'code': 'fastran_driver_fastran_driver', 'eventtype': 'IPS_CALL_BEGIN', 'ok': True, 'walltime': '74.34', 'time': '2025-09-09|16:20:42PDT', 'state': 'Running', 'comment': 'Target = fastran_000001@modeleq_constraint@6:step(preprocess_7)'}})
2025-09-09 16:20:42,275 fastran_driver_fastran_driver_2 DEBUG    _get_service_response(REQUEST|fastran_000001@fastran_driver@2|FRAMEWORK@Framework@0|272)
2025-09-09 16:20:42,285 fastran_driver_fastran_driver_2 DEBUG    _get_service_response(REQUEST|fastran_000001@fastran_driver@2|FRAMEWORK@Framework@0|272), response = ServiceResponseMessage(sender_id=FRAMEWORK@Framework@0, receiver_id=fastran_000001@fastran_driver@2, request_msg_id=REQUEST|fastran_000001@fastran_driver@2|FRAMEWORK@Framework@0|272,status=0, args=(None,), message_id=RESPONSE|FRAMEWORK@Framework@0|fastran_000001@fastran_driver@2|767)
2025-09-09 16:20:42,285 fastran_driver_fastran_driver_2 DEBUG    _invoke_service(): init_call  ('step', 'preprocess_7')
2025-09-09 16:20:42,285 fastran_driver_fastran_driver_2 DEBUG    _get_service_response(REQUEST|fastran_000001@fastran_driver@2|FRAMEWORK@Framework@0|273)
2025-09-09 16:20:42,286 fastran__modeleq_constraint_6 DEBUG    Received Message 
2025-09-09 16:20:42,286 fastran__modeleq_constraint_6 DEBUG    Calling method step(preprocess_7)
2025-09-09 16:20:42,286 fastran__modeleq_constraint_6 DEBUG    _invoke_service(): stage_state  (['s000001.00001', 'g000001.00001', 'i000001.00001', 'b000001.00001'], '/pscratch/sd/b/bassem/ips/tglf-ep_32_repeat/SCAN/work/plasma_state', '/pscratch/sd/b/bassem/ips/tglf-ep_32_repeat/SCAN/work/fastran__modeleq_constraint_6')
2025-09-09 16:20:42,286 fastran__modeleq_constraint_6 DEBUG    _get_service_response(REQUEST|fastran_000001@modeleq_constraint@6|FRAMEWORK@Framework@0|56)
2025-09-09 16:20:42,296 fastran_driver_fastran_driver_2 DEBUG    _get_service_response(REQUEST|fastran_000001@fastran_driver@2|FRAMEWORK@Framework@0|273), response = ServiceResponseMessage(sender_id=FRAMEWORK@Framework@0, receiver_id=fastran_000001@fastran_driver@2, request_msg_id=REQUEST|fastran_000001@fastran_driver@2|FRAMEWORK@Framework@0|273,status=0, args=(48,), message_id=RESPONSE|FRAMEWORK@Framework@0|fastran_000001@fastran_driver@2|768)
2025-09-09 16:20:42,296 fastran_driver_fastran_driver_2 DEBUG    _invoke_service(): wait_call  (48, True)
2025-09-09 16:20:42,296 fastran_driver_fastran_driver_2 DEBUG    _get_service_response(REQUEST|fastran_000001@fastran_driver@2|FRAMEWORK@Framework@0|274)
2025-09-09 16:20:42,309 fastran__modeleq_constraint_6 DEBUG    _get_service_response(REQUEST|fastran_000001@modeleq_constraint@6|FRAMEWORK@Framework@0|56), response = ServiceResponseMessage(sender_id=FRAMEWORK@Framework@0, receiver_id=fastran_000001@modeleq_constraint@6, request_msg_id=REQUEST|fastran_000001@modeleq_constraint@6|FRAMEWORK@Framework@0|56,status=0, args=(0,), message_id=RESPONSE|FRAMEWORK@Framework@0|fastran_000001@modeleq_constraint@6|769)
2025-09-09 16:20:42,309 fastran__modeleq_constraint_6 DEBUG    _invoke_service(): getTopic  ('_IPS_MONITOR',)
2025-09-09 16:20:42,309 fastran__modeleq_constraint_6 DEBUG    _get_service_response(REQUEST|fastran_000001@modeleq_constraint@6|FRAMEWORK@Framework@0|57)
2025-09-09 16:20:42,320 fastran__modeleq_constraint_6 DEBUG    _get_service_response(REQUEST|fastran_000001@modeleq_constraint@6|FRAMEWORK@Framework@0|57), response = ServiceResponseMessage(sender_id=FRAMEWORK@Framework@0, receiver_id=fastran_000001@modeleq_constraint@6, request_msg_id=REQUEST|fastran_000001@modeleq_constraint@6|FRAMEWORK@Framework@0|57,status=0, args=(<ipsframework.cca_es_spec.Topic object at 0x7f87c63d6ac0>,), message_id=RESPONSE|FRAMEWORK@Framework@0|fastran_000001@modeleq_constraint@6|770)
2025-09-09 16:20:42,320 fastran__modeleq_constraint_6 DEBUG    _invoke_service(): sendEvent  ('_IPS_MONITOR', 'PORTAL_EVENT', {'sim_name': 'fastran_000001', 'real_sim_name': 'fastran_000001', 'portal_data': {'code': 'fastran__modeleq_constraint', 'eventtype': 'IPS_STAGE_STATE', 'ok': True, 'walltime': '74.39', 'time': '2025-09-09|16:20:42PDT', 'trace': {'timestamp': 1757460042286699, 'duration': 23116, 'localEndpoint': {'serviceName': 'stage_state'}, 'name': "['s000001.00001', 'g000001.00001', 'i000001.00001', 'b000001.00001']", 'id': 'ff3119918b5e7670', 'parentId': '9407d3d6f4883947', 'tags': {}}, 'state': 'Running', 'comment': 'Elapsed time = 0.023  files = s000001.00001 g000001.00001 i000001.00001 b000001.00001 Success'}})
2025-09-09 16:20:42,320 fastran__modeleq_constraint_6 DEBUG    _get_service_response(REQUEST|fastran_000001@modeleq_constraint@6|FRAMEWORK@Framework@0|58)
2025-09-09 16:20:42,331 fastran__modeleq_constraint_6 DEBUG    _get_service_response(REQUEST|fastran_000001@modeleq_constraint@6|FRAMEWORK@Framework@0|58), response = ServiceResponseMessage(sender_id=FRAMEWORK@Framework@0, receiver_id=fastran_000001@modeleq_constraint@6, request_msg_id=REQUEST|fastran_000001@modeleq_constraint@6|FRAMEWORK@Framework@0|58,status=0, args=(None,), message_id=RESPONSE|FRAMEWORK@Framework@0|fastran_000001@modeleq_constraint@6|771)
2025-09-09 16:20:43,376 fastran__modeleq_constraint_6 DEBUG    _invoke_service(): update_state  (['s000001.00001', 'g000001.00001', 'i000001.00001', 'b000001.00001'], '/pscratch/sd/b/bassem/ips/tglf-ep_32_repeat/SCAN/work/fastran__modeleq_constraint_6', '/pscratch/sd/b/bassem/ips/tglf-ep_32_repeat/SCAN/work/plasma_state')
2025-09-09 16:20:43,377 fastran__modeleq_constraint_6 DEBUG    _get_service_response(REQUEST|fastran_000001@modeleq_constraint@6|FRAMEWORK@Framework@0|59)
2025-09-09 16:20:43,398 fastran__modeleq_constraint_6 DEBUG    _get_service_response(REQUEST|fastran_000001@modeleq_constraint@6|FRAMEWORK@Framework@0|59), response = ServiceResponseMessage(sender_id=FRAMEWORK@Framework@0, receiver_id=fastran_000001@modeleq_constraint@6, request_msg_id=REQUEST|fastran_000001@modeleq_constraint@6|FRAMEWORK@Framework@0|59,status=0, args=(0,), message_id=RESPONSE|FRAMEWORK@Framework@0|fastran_000001@modeleq_constraint@6|774)
2025-09-09 16:20:43,398 fastran__modeleq_constraint_6 DEBUG    _invoke_service(): getTopic  ('_IPS_MONITOR',)
2025-09-09 16:20:43,399 fastran__modeleq_constraint_6 DEBUG    _get_service_response(REQUEST|fastran_000001@modeleq_constraint@6|FRAMEWORK@Framework@0|60)
2025-09-09 16:20:43,409 fastran__modeleq_constraint_6 DEBUG    _get_service_response(REQUEST|fastran_000001@modeleq_constraint@6|FRAMEWORK@Framework@0|60), response = ServiceResponseMessage(sender_id=FRAMEWORK@Framework@0, receiver_id=fastran_000001@modeleq_constraint@6, request_msg_id=REQUEST|fastran_000001@modeleq_constraint@6|FRAMEWORK@Framework@0|60,status=0, args=(<ipsframework.cca_es_spec.Topic object at 0x7f87c63ae0d0>,), message_id=RESPONSE|FRAMEWORK@Framework@0|fastran_000001@modeleq_constraint@6|775)
2025-09-09 16:20:43,409 fastran__modeleq_constraint_6 DEBUG    _invoke_service(): sendEvent  ('_IPS_MONITOR', 'PORTAL_EVENT', {'sim_name': 'fastran_000001', 'real_sim_name': 'fastran_000001', 'portal_data': {'code': 'fastran__modeleq_constraint', 'eventtype': 'IPS_UPDATE_STATE', 'ok': True, 'walltime': '75.47', 'time': '2025-09-09|16:20:43PDT', 'trace': {'timestamp': 1757460043376716, 'duration': 22132, 'localEndpoint': {'serviceName': 'update_state'}, 'name': "['s000001.00001', 'g000001.00001', 'i000001.00001', 'b000001.00001']", 'id': '2fc1229e1e650f1c', 'parentId': '9407d3d6f4883947', 'tags': {}}, 'state': 'Running', 'comment': 'Elapsed time = 0.022   files = s000001.00001 g000001.00001 i000001.00001 b000001.00001 Success'}})
2025-09-09 16:20:43,409 fastran__modeleq_constraint_6 DEBUG    _get_service_response(REQUEST|fastran_000001@modeleq_constraint@6|FRAMEWORK@Framework@0|61)
2025-09-09 16:20:43,420 fastran__modeleq_constraint_6 DEBUG    _get_service_response(REQUEST|fastran_000001@modeleq_constraint@6|FRAMEWORK@Framework@0|61), response = ServiceResponseMessage(sender_id=FRAMEWORK@Framework@0, receiver_id=fastran_000001@modeleq_constraint@6, request_msg_id=REQUEST|fastran_000001@modeleq_constraint@6|FRAMEWORK@Framework@0|61,status=0, args=(None,), message_id=RESPONSE|FRAMEWORK@Framework@0|fastran_000001@modeleq_constraint@6|776)
2025-09-09 16:20:43,420 fastran__modeleq_constraint_6 DEBUG    _invoke_service(): getTopic  ('_IPS_MONITOR',)
2025-09-09 16:20:43,420 fastran__modeleq_constraint_6 DEBUG    _get_service_response(REQUEST|fastran_000001@modeleq_constraint@6|FRAMEWORK@Framework@0|62)
2025-09-09 16:20:43,431 fastran__modeleq_constraint_6 DEBUG    _get_service_response(REQUEST|fastran_000001@modeleq_constraint@6|FRAMEWORK@Framework@0|62), response = ServiceResponseMessage(sender_id=FRAMEWORK@Framework@0, receiver_id=fastran_000001@modeleq_constraint@6, request_msg_id=REQUEST|fastran_000001@modeleq_constraint@6|FRAMEWORK@Framework@0|62,status=0, args=(<ipsframework.cca_es_spec.Topic object at 0x7f87c63a3640>,), message_id=RESPONSE|FRAMEWORK@Framework@0|fastran_000001@modeleq_constraint@6|777)
2025-09-09 16:20:43,431 fastran__modeleq_constraint_6 DEBUG    _invoke_service(): sendEvent  ('_IPS_MONITOR', 'PORTAL_EVENT', {'sim_name': 'fastran_000001', 'real_sim_name': 'fastran_000001', 'portal_data': {'code': 'fastran__modeleq_constraint', 'eventtype': 'IPS_STAGE_OUTPUTS', 'ok': True, 'walltime': '75.50', 'time': '2025-09-09|16:20:43PDT', 'trace': {'timestamp': 1757460043420365, 'duration': 205, 'localEndpoint': {'serviceName': 'stage_output_files'}, 'name': '[]', 'id': 'ed019efe11be26d9', 'parentId': '9407d3d6f4883947', 'tags': {}}, 'state': 'Running', 'comment': 'Elapsed time = 0.000 Path = /pscratch/sd/b/bassem/ips/tglf-ep_32_repeat/SCAN/simulation_results/preprocess_7/components/fastran__modeleq_constraint_6 Files = []'}})
2025-09-09 16:20:43,431 fastran__modeleq_constraint_6 DEBUG    _get_service_response(REQUEST|fastran_000001@modeleq_constraint@6|FRAMEWORK@Framework@0|63)
2025-09-09 16:20:43,442 fastran__modeleq_constraint_6 DEBUG    _get_service_response(REQUEST|fastran_000001@modeleq_constraint@6|FRAMEWORK@Framework@0|63), response = ServiceResponseMessage(sender_id=FRAMEWORK@Framework@0, receiver_id=fastran_000001@modeleq_constraint@6, request_msg_id=REQUEST|fastran_000001@modeleq_constraint@6|FRAMEWORK@Framework@0|63,status=0, args=(None,), message_id=RESPONSE|FRAMEWORK@Framework@0|fastran_000001@modeleq_constraint@6|778)
2025-09-09 16:20:43,453 fastran_driver_fastran_driver_2 DEBUG    _get_service_response(REQUEST|fastran_000001@fastran_driver@2|FRAMEWORK@Framework@0|274), response = ServiceResponseMessage(sender_id=FRAMEWORK@Framework@0, receiver_id=fastran_000001@fastran_driver@2, request_msg_id=REQUEST|fastran_000001@fastran_driver@2|FRAMEWORK@Framework@0|274,status=0, args=((None,),), message_id=RESPONSE|FRAMEWORK@Framework@0|fastran_000001@fastran_driver@2|779)
2025-09-09 16:20:43,453 fastran_driver_fastran_driver_2 DEBUG    _invoke_service(): getTopic  ('_IPS_MONITOR',)
2025-09-09 16:20:43,453 fastran_driver_fastran_driver_2 DEBUG    _get_service_response(REQUEST|fastran_000001@fastran_driver@2|FRAMEWORK@Framework@0|275)
2025-09-09 16:20:43,464 fastran_driver_fastran_driver_2 DEBUG    _get_service_response(REQUEST|fastran_000001@fastran_driver@2|FRAMEWORK@Framework@0|275), response = ServiceResponseMessage(sender_id=FRAMEWORK@Framework@0, receiver_id=fastran_000001@fastran_driver@2, request_msg_id=REQUEST|fastran_000001@fastran_driver@2|FRAMEWORK@Framework@0|275,status=0, args=(<ipsframework.cca_es_spec.Topic object at 0x7f87c63e01f0>,), message_id=RESPONSE|FRAMEWORK@Framework@0|fastran_000001@fastran_driver@2|780)
2025-09-09 16:20:43,464 fastran_driver_fastran_driver_2 DEBUG    _invoke_service(): sendEvent  ('_IPS_MONITOR', 'PORTAL_EVENT', {'sim_name': 'fastran_000001', 'real_sim_name': 'fastran_000001', 'portal_data': {'code': 'fastran_driver_fastran_driver', 'eventtype': 'IPS_CALL_END', 'ok': True, 'walltime': '75.53', 'time': '2025-09-09|16:20:43PDT', 'trace': {'timestamp': 1757460042296569, 'duration': 1157180, 'localEndpoint': {'serviceName': 'fastran_000001@modeleq_constraint@6'}, 'name': 'step(preprocess_7)', 'id': '9407d3d6f4883947', 'parentId': '15e0663de819b9fa', 'tags': {}}, 'state': 'Running', 'comment': 'Target = fastran_000001@modeleq_constraint@6:step(preprocess_7)'}})
2025-09-09 16:20:43,464 fastran_driver_fastran_driver_2 DEBUG    _get_service_response(REQUEST|fastran_000001@fastran_driver@2|FRAMEWORK@Framework@0|276)
2025-09-09 16:20:43,475 fastran_driver_fastran_driver_2 DEBUG    _get_service_response(REQUEST|fastran_000001@fastran_driver@2|FRAMEWORK@Framework@0|276), response = ServiceResponseMessage(sender_id=FRAMEWORK@Framework@0, receiver_id=fastran_000001@fastran_driver@2, request_msg_id=REQUEST|fastran_000001@fastran_driver@2|FRAMEWORK@Framework@0|276,status=0, args=(None,), message_id=RESPONSE|FRAMEWORK@Framework@0|fastran_000001@fastran_driver@2|781)
2025-09-09 16:20:43,475 fastran_driver_fastran_driver_2 DEBUG    _invoke_service(): getTopic  ('_IPS_MONITOR',)
2025-09-09 16:20:43,475 fastran_driver_fastran_driver_2 DEBUG    _get_service_response(REQUEST|fastran_000001@fastran_driver@2|FRAMEWORK@Framework@0|277)
2025-09-09 16:20:43,486 fastran_driver_fastran_driver_2 DEBUG    _get_service_response(REQUEST|fastran_000001@fastran_driver@2|FRAMEWORK@Framework@0|277), response = ServiceResponseMessage(sender_id=FRAMEWORK@Framework@0, receiver_id=fastran_000001@fastran_driver@2, request_msg_id=REQUEST|fastran_000001@fastran_driver@2|FRAMEWORK@Framework@0|277,status=0, args=(<ipsframework.cca_es_spec.Topic object at 0x7f87c63e0130>,), message_id=RESPONSE|FRAMEWORK@Framework@0|fastran_000001@fastran_driver@2|782)
2025-09-09 16:20:43,486 fastran_driver_fastran_driver_2 DEBUG    _invoke_service(): sendEvent  ('_IPS_MONITOR', 'PORTALBRIDGE_UPDATE_TIMESTAMP', {'sim_name': 'fastran_000001', 'real_sim_name': 'fastran_000001', 'portal_data': {'phystimestamp': 'preprocess_8', 'eventtype': 'PORTALBRIDGE_UPDATE_TIMESTAMP'}})
2025-09-09 16:20:43,486 fastran_driver_fastran_driver_2 DEBUG    _get_service_response(REQUEST|fastran_000001@fastran_driver@2|FRAMEWORK@Framework@0|278)
2025-09-09 16:20:43,497 fastran_driver_fastran_driver_2 DEBUG    _get_service_response(REQUEST|fastran_000001@fastran_driver@2|FRAMEWORK@Framework@0|278), response = ServiceResponseMessage(sender_id=FRAMEWORK@Framework@0, receiver_id=fastran_000001@fastran_driver@2, request_msg_id=REQUEST|fastran_000001@fastran_driver@2|FRAMEWORK@Framework@0|278,status=0, args=(None,), message_id=RESPONSE|FRAMEWORK@Framework@0|fastran_000001@fastran_driver@2|783)
2025-09-09 16:20:43,497 fastran_driver_fastran_driver_2 DEBUG    _invoke_service(): getTopic  ('_IPS_MONITOR',)
2025-09-09 16:20:43,497 fastran_driver_fastran_driver_2 DEBUG    _get_service_response(REQUEST|fastran_000001@fastran_driver@2|FRAMEWORK@Framework@0|279)
2025-09-09 16:20:43,508 fastran_driver_fastran_driver_2 DEBUG    _get_service_response(REQUEST|fastran_000001@fastran_driver@2|FRAMEWORK@Framework@0|279), response = ServiceResponseMessage(sender_id=FRAMEWORK@Framework@0, receiver_id=fastran_000001@fastran_driver@2, request_msg_id=REQUEST|fastran_000001@fastran_driver@2|FRAMEWORK@Framework@0|279,status=0, args=(<ipsframework.cca_es_spec.Topic object at 0x7f87c63e0280>,), message_id=RESPONSE|FRAMEWORK@Framework@0|fastran_000001@fastran_driver@2|784)
2025-09-09 16:20:43,508 fastran_driver_fastran_driver_2 DEBUG    _invoke_service(): sendEvent  ('_IPS_MONITOR', 'PORTAL_EVENT', {'sim_name': 'fastran_000001', 'real_sim_name': 'fastran_000001', 'portal_data': {'code': 'fastran_driver_fastran_driver', 'eventtype': 'IPS_UPDATE_TIME_STAMP', 'ok': True, 'walltime': '75.57', 'time': '2025-09-09|16:20:43PDT', 'state': 'Running', 'comment': 'Timestamp = preprocess_8'}})
2025-09-09 16:20:43,508 fastran_driver_fastran_driver_2 DEBUG    _get_service_response(REQUEST|fastran_000001@fastran_driver@2|FRAMEWORK@Framework@0|280)
2025-09-09 16:20:43,518 fastran_driver_fastran_driver_2 DEBUG    _get_service_response(REQUEST|fastran_000001@fastran_driver@2|FRAMEWORK@Framework@0|280), response = ServiceResponseMessage(sender_id=FRAMEWORK@Framework@0, receiver_id=fastran_000001@fastran_driver@2, request_msg_id=REQUEST|fastran_000001@fastran_driver@2|FRAMEWORK@Framework@0|280,status=0, args=(None,), message_id=RESPONSE|FRAMEWORK@Framework@0|fastran_000001@fastran_driver@2|785)
2025-09-09 16:20:43,519 fastran_driver_fastran_driver_2 DEBUG    _invoke_service(): getTopic  ('_IPS_MONITOR',)
2025-09-09 16:20:43,519 fastran_driver_fastran_driver_2 DEBUG    _get_service_response(REQUEST|fastran_000001@fastran_driver@2|FRAMEWORK@Framework@0|281)
2025-09-09 16:20:43,529 fastran_driver_fastran_driver_2 DEBUG    _get_service_response(REQUEST|fastran_000001@fastran_driver@2|FRAMEWORK@Framework@0|281), response = ServiceResponseMessage(sender_id=FRAMEWORK@Framework@0, receiver_id=fastran_000001@fastran_driver@2, request_msg_id=REQUEST|fastran_000001@fastran_driver@2|FRAMEWORK@Framework@0|281,status=0, args=(<ipsframework.cca_es_spec.Topic object at 0x7f87c63e01f0>,), message_id=RESPONSE|FRAMEWORK@Framework@0|fastran_000001@fastran_driver@2|786)
2025-09-09 16:20:43,529 fastran_driver_fastran_driver_2 DEBUG    _invoke_service(): sendEvent  ('_IPS_MONITOR', 'PORTAL_EVENT', {'sim_name': 'fastran_000001', 'real_sim_name': 'fastran_000001', 'portal_data': {'code': 'fastran_driver_fastran_driver', 'eventtype': 'IPS_CALL_BEGIN', 'ok': True, 'walltime': '75.59', 'time': '2025-09-09|16:20:43PDT', 'state': 'Running', 'comment': 'Target = fastran_000001@efit@3:step(preprocess_8)'}})
2025-09-09 16:20:43,529 fastran_driver_fastran_driver_2 DEBUG    _get_service_response(REQUEST|fastran_000001@fastran_driver@2|FRAMEWORK@Framework@0|282)
2025-09-09 16:20:43,540 fastran_driver_fastran_driver_2 DEBUG    _get_service_response(REQUEST|fastran_000001@fastran_driver@2|FRAMEWORK@Framework@0|282), response = ServiceResponseMessage(sender_id=FRAMEWORK@Framework@0, receiver_id=fastran_000001@fastran_driver@2, request_msg_id=REQUEST|fastran_000001@fastran_driver@2|FRAMEWORK@Framework@0|282,status=0, args=(None,), message_id=RESPONSE|FRAMEWORK@Framework@0|fastran_000001@fastran_driver@2|787)
2025-09-09 16:20:43,540 fastran_driver_fastran_driver_2 DEBUG    _invoke_service(): init_call  ('step', 'preprocess_8')
2025-09-09 16:20:43,540 fastran_driver_fastran_driver_2 DEBUG    _get_service_response(REQUEST|fastran_000001@fastran_driver@2|FRAMEWORK@Framework@0|283)
2025-09-09 16:20:43,541 fastran_eq0_efit_3 DEBUG    Received Message 
2025-09-09 16:20:43,541 fastran_eq0_efit_3 DEBUG    Calling method step(preprocess_8)
2025-09-09 16:20:43,541 fastran_eq0_efit_3 DEBUG    _invoke_service(): stage_state  (['s000001.00001', 'g000001.00001', 'i000001.00001', 'b000001.00001'], '/pscratch/sd/b/bassem/ips/tglf-ep_32_repeat/SCAN/work/plasma_state', '/pscratch/sd/b/bassem/ips/tglf-ep_32_repeat/SCAN/work/fastran_eq0_efit_3')
2025-09-09 16:20:43,542 fastran_eq0_efit_3 DEBUG    _get_service_response(REQUEST|fastran_000001@efit@3|FRAMEWORK@Framework@0|70)
2025-09-09 16:20:43,551 fastran_driver_fastran_driver_2 DEBUG    _get_service_response(REQUEST|fastran_000001@fastran_driver@2|FRAMEWORK@Framework@0|283), response = ServiceResponseMessage(sender_id=FRAMEWORK@Framework@0, receiver_id=fastran_000001@fastran_driver@2, request_msg_id=REQUEST|fastran_000001@fastran_driver@2|FRAMEWORK@Framework@0|283,status=0, args=(49,), message_id=RESPONSE|FRAMEWORK@Framework@0|fastran_000001@fastran_driver@2|788)
2025-09-09 16:20:43,551 fastran_driver_fastran_driver_2 DEBUG    _invoke_service(): wait_call  (49, True)
2025-09-09 16:20:43,551 fastran_driver_fastran_driver_2 DEBUG    _get_service_response(REQUEST|fastran_000001@fastran_driver@2|FRAMEWORK@Framework@0|284)
2025-09-09 16:20:43,565 fastran_eq0_efit_3 DEBUG    _get_service_response(REQUEST|fastran_000001@efit@3|FRAMEWORK@Framework@0|70), response = ServiceResponseMessage(sender_id=FRAMEWORK@Framework@0, receiver_id=fastran_000001@efit@3, request_msg_id=REQUEST|fastran_000001@efit@3|FRAMEWORK@Framework@0|70,status=0, args=(0,), message_id=RESPONSE|FRAMEWORK@Framework@0|fastran_000001@efit@3|789)
2025-09-09 16:20:43,565 fastran_eq0_efit_3 DEBUG    _invoke_service(): getTopic  ('_IPS_MONITOR',)
2025-09-09 16:20:43,565 fastran_eq0_efit_3 DEBUG    _get_service_response(REQUEST|fastran_000001@efit@3|FRAMEWORK@Framework@0|71)
2025-09-09 16:20:43,575 fastran_eq0_efit_3 DEBUG    _get_service_response(REQUEST|fastran_000001@efit@3|FRAMEWORK@Framework@0|71), response = ServiceResponseMessage(sender_id=FRAMEWORK@Framework@0, receiver_id=fastran_000001@efit@3, request_msg_id=REQUEST|fastran_000001@efit@3|FRAMEWORK@Framework@0|71,status=0, args=(<ipsframework.cca_es_spec.Topic object at 0x7f87c639bbe0>,), message_id=RESPONSE|FRAMEWORK@Framework@0|fastran_000001@efit@3|790)
2025-09-09 16:20:43,575 fastran_eq0_efit_3 DEBUG    _invoke_service(): sendEvent  ('_IPS_MONITOR', 'PORTAL_EVENT', {'sim_name': 'fastran_000001', 'real_sim_name': 'fastran_000001', 'portal_data': {'code': 'fastran_eq0_efit', 'eventtype': 'IPS_STAGE_STATE', 'ok': True, 'walltime': '75.64', 'time': '2025-09-09|16:20:43PDT', 'trace': {'timestamp': 1757460043541798, 'duration': 23380, 'localEndpoint': {'serviceName': 'stage_state'}, 'name': "['s000001.00001', 'g000001.00001', 'i000001.00001', 'b000001.00001']", 'id': 'ff3119918b5e7670', 'parentId': 'c359f10d8a0df43f', 'tags': {}}, 'state': 'Running', 'comment': 'Elapsed time = 0.023  files = s000001.00001 g000001.00001 i000001.00001 b000001.00001 Success'}})
2025-09-09 16:20:43,576 fastran_eq0_efit_3 DEBUG    _get_service_response(REQUEST|fastran_000001@efit@3|FRAMEWORK@Framework@0|72)
2025-09-09 16:20:43,586 fastran_eq0_efit_3 DEBUG    _get_service_response(REQUEST|fastran_000001@efit@3|FRAMEWORK@Framework@0|72), response = ServiceResponseMessage(sender_id=FRAMEWORK@Framework@0, receiver_id=fastran_000001@efit@3, request_msg_id=REQUEST|fastran_000001@efit@3|FRAMEWORK@Framework@0|72,status=0, args=(None,), message_id=RESPONSE|FRAMEWORK@Framework@0|fastran_000001@efit@3|791)
2025-09-09 16:20:45,573 fastran_eq0_efit_3 DEBUG    _invoke_service(): update_state  (['s000001.00001', 'g000001.00001', 'i000001.00001', 'b000001.00001'], '/pscratch/sd/b/bassem/ips/tglf-ep_32_repeat/SCAN/work/fastran_eq0_efit_3', '/pscratch/sd/b/bassem/ips/tglf-ep_32_repeat/SCAN/work/plasma_state')
2025-09-09 16:20:45,573 fastran_eq0_efit_3 DEBUG    _get_service_response(REQUEST|fastran_000001@efit@3|FRAMEWORK@Framework@0|73)
2025-09-09 16:20:45,595 fastran_eq0_efit_3 DEBUG    _get_service_response(REQUEST|fastran_000001@efit@3|FRAMEWORK@Framework@0|73), response = ServiceResponseMessage(sender_id=FRAMEWORK@Framework@0, receiver_id=fastran_000001@efit@3, request_msg_id=REQUEST|fastran_000001@efit@3|FRAMEWORK@Framework@0|73,status=0, args=(0,), message_id=RESPONSE|FRAMEWORK@Framework@0|fastran_000001@efit@3|796)
2025-09-09 16:20:45,596 fastran_eq0_efit_3 DEBUG    _invoke_service(): getTopic  ('_IPS_MONITOR',)
2025-09-09 16:20:45,596 fastran_eq0_efit_3 DEBUG    _get_service_response(REQUEST|fastran_000001@efit@3|FRAMEWORK@Framework@0|74)
2025-09-09 16:20:45,607 fastran_eq0_efit_3 DEBUG    _get_service_response(REQUEST|fastran_000001@efit@3|FRAMEWORK@Framework@0|74), response = ServiceResponseMessage(sender_id=FRAMEWORK@Framework@0, receiver_id=fastran_000001@efit@3, request_msg_id=REQUEST|fastran_000001@efit@3|FRAMEWORK@Framework@0|74,status=0, args=(<ipsframework.cca_es_spec.Topic object at 0x7f87c63b6a90>,), message_id=RESPONSE|FRAMEWORK@Framework@0|fastran_000001@efit@3|797)
2025-09-09 16:20:45,607 fastran_eq0_efit_3 DEBUG    _invoke_service(): sendEvent  ('_IPS_MONITOR', 'PORTAL_EVENT', {'sim_name': 'fastran_000001', 'real_sim_name': 'fastran_000001', 'portal_data': {'code': 'fastran_eq0_efit', 'eventtype': 'IPS_UPDATE_STATE', 'ok': True, 'walltime': '77.67', 'time': '2025-09-09|16:20:45PDT', 'trace': {'timestamp': 1757460045572832, 'duration': 23087, 'localEndpoint': {'serviceName': 'update_state'}, 'name': "['s000001.00001', 'g000001.00001', 'i000001.00001', 'b000001.00001']", 'id': '2fc1229e1e650f1c', 'parentId': 'c359f10d8a0df43f', 'tags': {}}, 'state': 'Running', 'comment': 'Elapsed time = 0.023   files = s000001.00001 g000001.00001 i000001.00001 b000001.00001 Success'}})
2025-09-09 16:20:45,607 fastran_eq0_efit_3 DEBUG    _get_service_response(REQUEST|fastran_000001@efit@3|FRAMEWORK@Framework@0|75)
2025-09-09 16:20:45,618 fastran_eq0_efit_3 DEBUG    _get_service_response(REQUEST|fastran_000001@efit@3|FRAMEWORK@Framework@0|75), response = ServiceResponseMessage(sender_id=FRAMEWORK@Framework@0, receiver_id=fastran_000001@efit@3, request_msg_id=REQUEST|fastran_000001@efit@3|FRAMEWORK@Framework@0|75,status=0, args=(None,), message_id=RESPONSE|FRAMEWORK@Framework@0|fastran_000001@efit@3|798)
2025-09-09 16:20:45,642 fastran_eq0_efit_3 DEBUG    _invoke_service(): getTopic  ('_IPS_MONITOR',)
2025-09-09 16:20:45,642 fastran_eq0_efit_3 DEBUG    _get_service_response(REQUEST|fastran_000001@efit@3|FRAMEWORK@Framework@0|76)
2025-09-09 16:20:45,652 fastran_eq0_efit_3 DEBUG    _get_service_response(REQUEST|fastran_000001@efit@3|FRAMEWORK@Framework@0|76), response = ServiceResponseMessage(sender_id=FRAMEWORK@Framework@0, receiver_id=fastran_000001@efit@3, request_msg_id=REQUEST|fastran_000001@efit@3|FRAMEWORK@Framework@0|76,status=0, args=(<ipsframework.cca_es_spec.Topic object at 0x7f87c63b6550>,), message_id=RESPONSE|FRAMEWORK@Framework@0|fastran_000001@efit@3|799)
2025-09-09 16:20:45,652 fastran_eq0_efit_3 DEBUG    _invoke_service(): sendEvent  ('_IPS_MONITOR', 'PORTAL_EVENT', {'sim_name': 'fastran_000001', 'real_sim_name': 'fastran_000001', 'portal_data': {'code': 'fastran_eq0_efit', 'eventtype': 'IPS_STAGE_OUTPUTS', 'ok': True, 'walltime': '77.72', 'time': '2025-09-09|16:20:45PDT', 'trace': {'timestamp': 1757460045618581, 'duration': 23288, 'localEndpoint': {'serviceName': 'stage_output_files'}, 'name': "['g*.*', 'a*.*', 'm*.*', 'k*.*', 'efit.log', 's*.*']", 'id': '80725d8eee5776f1', 'parentId': 'c359f10d8a0df43f', 'tags': {}}, 'state': 'Running', 'comment': "Elapsed time = 0.023 Path = /pscratch/sd/b/bassem/ips/tglf-ep_32_repeat/SCAN/simulation_results/preprocess_8/components/fastran_eq0_efit_3 Files = ['g*.*', 'a*.*', 'm*.*', 'k*.*', 'efit.log', 's*.*']"}})
2025-09-09 16:20:45,652 fastran_eq0_efit_3 DEBUG    _get_service_response(REQUEST|fastran_000001@efit@3|FRAMEWORK@Framework@0|77)
2025-09-09 16:20:45,663 fastran_eq0_efit_3 DEBUG    _get_service_response(REQUEST|fastran_000001@efit@3|FRAMEWORK@Framework@0|77), response = ServiceResponseMessage(sender_id=FRAMEWORK@Framework@0, receiver_id=fastran_000001@efit@3, request_msg_id=REQUEST|fastran_000001@efit@3|FRAMEWORK@Framework@0|77,status=0, args=(None,), message_id=RESPONSE|FRAMEWORK@Framework@0|fastran_000001@efit@3|800)
2025-09-09 16:20:45,676 fastran_driver_fastran_driver_2 DEBUG    _get_service_response(REQUEST|fastran_000001@fastran_driver@2|FRAMEWORK@Framework@0|284), response = ServiceResponseMessage(sender_id=FRAMEWORK@Framework@0, receiver_id=fastran_000001@fastran_driver@2, request_msg_id=REQUEST|fastran_000001@fastran_driver@2|FRAMEWORK@Framework@0|284,status=0, args=((None,),), message_id=RESPONSE|FRAMEWORK@Framework@0|fastran_000001@fastran_driver@2|801)
2025-09-09 16:20:45,676 fastran_driver_fastran_driver_2 DEBUG    _invoke_service(): getTopic  ('_IPS_MONITOR',)
2025-09-09 16:20:45,676 fastran_driver_fastran_driver_2 DEBUG    _get_service_response(REQUEST|fastran_000001@fastran_driver@2|FRAMEWORK@Framework@0|285)
2025-09-09 16:20:45,687 fastran_driver_fastran_driver_2 DEBUG    _get_service_response(REQUEST|fastran_000001@fastran_driver@2|FRAMEWORK@Framework@0|285), response = ServiceResponseMessage(sender_id=FRAMEWORK@Framework@0, receiver_id=fastran_000001@fastran_driver@2, request_msg_id=REQUEST|fastran_000001@fastran_driver@2|FRAMEWORK@Framework@0|285,status=0, args=(<ipsframework.cca_es_spec.Topic object at 0x7f87c63e0280>,), message_id=RESPONSE|FRAMEWORK@Framework@0|fastran_000001@fastran_driver@2|802)
2025-09-09 16:20:45,687 fastran_driver_fastran_driver_2 DEBUG    _invoke_service(): sendEvent  ('_IPS_MONITOR', 'PORTAL_EVENT', {'sim_name': 'fastran_000001', 'real_sim_name': 'fastran_000001', 'portal_data': {'code': 'fastran_driver_fastran_driver', 'eventtype': 'IPS_CALL_END', 'ok': True, 'walltime': '77.75', 'time': '2025-09-09|16:20:45PDT', 'trace': {'timestamp': 1757460043551175, 'duration': 2125260, 'localEndpoint': {'serviceName': 'fastran_000001@efit@3'}, 'name': 'step(preprocess_8)', 'id': 'c359f10d8a0df43f', 'parentId': '15e0663de819b9fa', 'tags': {}}, 'state': 'Running', 'comment': 'Target = fastran_000001@efit@3:step(preprocess_8)'}})
2025-09-09 16:20:45,687 fastran_driver_fastran_driver_2 DEBUG    _get_service_response(REQUEST|fastran_000001@fastran_driver@2|FRAMEWORK@Framework@0|286)
2025-09-09 16:20:45,698 fastran_driver_fastran_driver_2 DEBUG    _get_service_response(REQUEST|fastran_000001@fastran_driver@2|FRAMEWORK@Framework@0|286), response = ServiceResponseMessage(sender_id=FRAMEWORK@Framework@0, receiver_id=fastran_000001@fastran_driver@2, request_msg_id=REQUEST|fastran_000001@fastran_driver@2|FRAMEWORK@Framework@0|286,status=0, args=(None,), message_id=RESPONSE|FRAMEWORK@Framework@0|fastran_000001@fastran_driver@2|803)
2025-09-09 16:20:45,698 fastran_driver_fastran_driver_2 DEBUG    _invoke_service(): getTopic  ('_IPS_MONITOR',)
2025-09-09 16:20:45,698 fastran_driver_fastran_driver_2 DEBUG    _get_service_response(REQUEST|fastran_000001@fastran_driver@2|FRAMEWORK@Framework@0|287)
2025-09-09 16:20:45,709 fastran_driver_fastran_driver_2 DEBUG    _get_service_response(REQUEST|fastran_000001@fastran_driver@2|FRAMEWORK@Framework@0|287), response = ServiceResponseMessage(sender_id=FRAMEWORK@Framework@0, receiver_id=fastran_000001@fastran_driver@2, request_msg_id=REQUEST|fastran_000001@fastran_driver@2|FRAMEWORK@Framework@0|287,status=0, args=(<ipsframework.cca_es_spec.Topic object at 0x7f87c63e0130>,), message_id=RESPONSE|FRAMEWORK@Framework@0|fastran_000001@fastran_driver@2|804)
2025-09-09 16:20:45,709 fastran_driver_fastran_driver_2 DEBUG    _invoke_service(): sendEvent  ('_IPS_MONITOR', 'PORTAL_EVENT', {'sim_name': 'fastran_000001', 'real_sim_name': 'fastran_000001', 'portal_data': {'code': 'fastran_driver_fastran_driver', 'eventtype': 'IPS_CALL_BEGIN', 'ok': True, 'walltime': '77.77', 'time': '2025-09-09|16:20:45PDT', 'state': 'Running', 'comment': 'Target = fastran_000001@hcd_model@4:step(preprocess_8)'}})
2025-09-09 16:20:45,709 fastran_driver_fastran_driver_2 DEBUG    _get_service_response(REQUEST|fastran_000001@fastran_driver@2|FRAMEWORK@Framework@0|288)
2025-09-09 16:20:45,720 fastran_driver_fastran_driver_2 DEBUG    _get_service_response(REQUEST|fastran_000001@fastran_driver@2|FRAMEWORK@Framework@0|288), response = ServiceResponseMessage(sender_id=FRAMEWORK@Framework@0, receiver_id=fastran_000001@fastran_driver@2, request_msg_id=REQUEST|fastran_000001@fastran_driver@2|FRAMEWORK@Framework@0|288,status=0, args=(None,), message_id=RESPONSE|FRAMEWORK@Framework@0|fastran_000001@fastran_driver@2|805)
2025-09-09 16:20:45,720 fastran_driver_fastran_driver_2 DEBUG    _invoke_service(): init_call  ('step', 'preprocess_8')
2025-09-09 16:20:45,720 fastran_driver_fastran_driver_2 DEBUG    _get_service_response(REQUEST|fastran_000001@fastran_driver@2|FRAMEWORK@Framework@0|289)
2025-09-09 16:20:45,721 fastran_ic_hcd_model_4 DEBUG    Received Message 
2025-09-09 16:20:45,721 fastran_ic_hcd_model_4 DEBUG    Calling method step(preprocess_8)
2025-09-09 16:20:45,721 fastran_ic_hcd_model_4 DEBUG    _invoke_service(): stage_state  (['s000001.00001', 'g000001.00001', 'i000001.00001', 'b000001.00001'], '/pscratch/sd/b/bassem/ips/tglf-ep_32_repeat/SCAN/work/plasma_state', '/pscratch/sd/b/bassem/ips/tglf-ep_32_repeat/SCAN/work/fastran_ic_hcd_model_4')
2025-09-09 16:20:45,721 fastran_ic_hcd_model_4 DEBUG    _get_service_response(REQUEST|fastran_000001@hcd_model@4|FRAMEWORK@Framework@0|80)
2025-09-09 16:20:45,731 fastran_driver_fastran_driver_2 DEBUG    _get_service_response(REQUEST|fastran_000001@fastran_driver@2|FRAMEWORK@Framework@0|289), response = ServiceResponseMessage(sender_id=FRAMEWORK@Framework@0, receiver_id=fastran_000001@fastran_driver@2, request_msg_id=REQUEST|fastran_000001@fastran_driver@2|FRAMEWORK@Framework@0|289,status=0, args=(50,), message_id=RESPONSE|FRAMEWORK@Framework@0|fastran_000001@fastran_driver@2|806)
2025-09-09 16:20:45,731 fastran_driver_fastran_driver_2 DEBUG    _invoke_service(): wait_call  (50, True)
2025-09-09 16:20:45,731 fastran_driver_fastran_driver_2 DEBUG    _get_service_response(REQUEST|fastran_000001@fastran_driver@2|FRAMEWORK@Framework@0|290)
2025-09-09 16:20:45,762 fastran_ic_hcd_model_4 DEBUG    _get_service_response(REQUEST|fastran_000001@hcd_model@4|FRAMEWORK@Framework@0|80), response = ServiceResponseMessage(sender_id=FRAMEWORK@Framework@0, receiver_id=fastran_000001@hcd_model@4, request_msg_id=REQUEST|fastran_000001@hcd_model@4|FRAMEWORK@Framework@0|80,status=0, args=(0,), message_id=RESPONSE|FRAMEWORK@Framework@0|fastran_000001@hcd_model@4|807)
2025-09-09 16:20:45,762 fastran_ic_hcd_model_4 DEBUG    _invoke_service(): getTopic  ('_IPS_MONITOR',)
2025-09-09 16:20:45,762 fastran_ic_hcd_model_4 DEBUG    _get_service_response(REQUEST|fastran_000001@hcd_model@4|FRAMEWORK@Framework@0|81)
2025-09-09 16:20:45,772 fastran_ic_hcd_model_4 DEBUG    _get_service_response(REQUEST|fastran_000001@hcd_model@4|FRAMEWORK@Framework@0|81), response = ServiceResponseMessage(sender_id=FRAMEWORK@Framework@0, receiver_id=fastran_000001@hcd_model@4, request_msg_id=REQUEST|fastran_000001@hcd_model@4|FRAMEWORK@Framework@0|81,status=0, args=(<ipsframework.cca_es_spec.Topic object at 0x7f87c6407bb0>,), message_id=RESPONSE|FRAMEWORK@Framework@0|fastran_000001@hcd_model@4|808)
2025-09-09 16:20:45,772 fastran_ic_hcd_model_4 DEBUG    _invoke_service(): sendEvent  ('_IPS_MONITOR', 'PORTAL_EVENT', {'sim_name': 'fastran_000001', 'real_sim_name': 'fastran_000001', 'portal_data': {'code': 'fastran_ic_hcd_model', 'eventtype': 'IPS_STAGE_STATE', 'ok': True, 'walltime': '77.84', 'time': '2025-09-09|16:20:45PDT', 'trace': {'timestamp': 1757460045721700, 'duration': 40608, 'localEndpoint': {'serviceName': 'stage_state'}, 'name': "['s000001.00001', 'g000001.00001', 'i000001.00001', 'b000001.00001']", 'id': 'ff3119918b5e7670', 'parentId': 'a220cf5569e1c3fa', 'tags': {}}, 'state': 'Running', 'comment': 'Elapsed time = 0.041  files = s000001.00001 g000001.00001 i000001.00001 b000001.00001 Success'}})
2025-09-09 16:20:45,773 fastran_ic_hcd_model_4 DEBUG    _get_service_response(REQUEST|fastran_000001@hcd_model@4|FRAMEWORK@Framework@0|82)
2025-09-09 16:20:45,783 fastran_ic_hcd_model_4 DEBUG    _get_service_response(REQUEST|fastran_000001@hcd_model@4|FRAMEWORK@Framework@0|82), response = ServiceResponseMessage(sender_id=FRAMEWORK@Framework@0, receiver_id=fastran_000001@hcd_model@4, request_msg_id=REQUEST|fastran_000001@hcd_model@4|FRAMEWORK@Framework@0|82,status=0, args=(None,), message_id=RESPONSE|FRAMEWORK@Framework@0|fastran_000001@hcd_model@4|809)
2025-09-09 16:20:45,787 fastran_ic_hcd_model_4 DEBUG    _invoke_service(): getTopic  ('_IPS_MONITOR',)
2025-09-09 16:20:45,787 fastran_ic_hcd_model_4 DEBUG    _get_service_response(REQUEST|fastran_000001@hcd_model@4|FRAMEWORK@Framework@0|83)
2025-09-09 16:20:45,798 fastran_ic_hcd_model_4 DEBUG    _get_service_response(REQUEST|fastran_000001@hcd_model@4|FRAMEWORK@Framework@0|83), response = ServiceResponseMessage(sender_id=FRAMEWORK@Framework@0, receiver_id=fastran_000001@hcd_model@4, request_msg_id=REQUEST|fastran_000001@hcd_model@4|FRAMEWORK@Framework@0|83,status=0, args=(<ipsframework.cca_es_spec.Topic object at 0x7f87c6407e20>,), message_id=RESPONSE|FRAMEWORK@Framework@0|fastran_000001@hcd_model@4|810)
2025-09-09 16:20:45,798 fastran_ic_hcd_model_4 DEBUG    _invoke_service(): sendEvent  ('_IPS_MONITOR', 'PORTAL_EVENT', {'sim_name': 'fastran_000001', 'real_sim_name': 'fastran_000001', 'portal_data': {'code': 'fastran_ic_hcd_model', 'eventtype': 'IPS_STAGE_INPUTS', 'ok': True, 'walltime': '77.86', 'time': '2025-09-09|16:20:45PDT', 'trace': {'timestamp': 1757460045783810, 'duration': 3813, 'localEndpoint': {'serviceName': 'stage_input_files'}, 'name': 'inhcd', 'id': '5ee53c28a9607896', 'parentId': 'a220cf5569e1c3fa', 'tags': {}}, 'state': 'Running', 'comment': 'Elapsed time = 0.004 Path = /pscratch/sd/b/bassem/ips/tglf-ep_32_repeat/input Files = inhcd'}})
2025-09-09 16:20:45,798 fastran_ic_hcd_model_4 DEBUG    _get_service_response(REQUEST|fastran_000001@hcd_model@4|FRAMEWORK@Framework@0|84)
2025-09-09 16:20:45,808 fastran_ic_hcd_model_4 DEBUG    _get_service_response(REQUEST|fastran_000001@hcd_model@4|FRAMEWORK@Framework@0|84), response = ServiceResponseMessage(sender_id=FRAMEWORK@Framework@0, receiver_id=fastran_000001@hcd_model@4, request_msg_id=REQUEST|fastran_000001@hcd_model@4|FRAMEWORK@Framework@0|84,status=0, args=(None,), message_id=RESPONSE|FRAMEWORK@Framework@0|fastran_000001@hcd_model@4|812)
2025-09-09 16:20:45,923 fastran_ic_hcd_model_4 DEBUG    _invoke_service(): update_state  (['s000001.00001', 'g000001.00001', 'i000001.00001', 'b000001.00001'], '/pscratch/sd/b/bassem/ips/tglf-ep_32_repeat/SCAN/work/fastran_ic_hcd_model_4', '/pscratch/sd/b/bassem/ips/tglf-ep_32_repeat/SCAN/work/plasma_state')
2025-09-09 16:20:45,924 fastran_ic_hcd_model_4 DEBUG    _get_service_response(REQUEST|fastran_000001@hcd_model@4|FRAMEWORK@Framework@0|85)
2025-09-09 16:20:45,948 fastran_ic_hcd_model_4 DEBUG    _get_service_response(REQUEST|fastran_000001@hcd_model@4|FRAMEWORK@Framework@0|85), response = ServiceResponseMessage(sender_id=FRAMEWORK@Framework@0, receiver_id=fastran_000001@hcd_model@4, request_msg_id=REQUEST|fastran_000001@hcd_model@4|FRAMEWORK@Framework@0|85,status=0, args=(0,), message_id=RESPONSE|FRAMEWORK@Framework@0|fastran_000001@hcd_model@4|813)
2025-09-09 16:20:45,948 fastran_ic_hcd_model_4 DEBUG    _invoke_service(): getTopic  ('_IPS_MONITOR',)
2025-09-09 16:20:45,948 fastran_ic_hcd_model_4 DEBUG    _get_service_response(REQUEST|fastran_000001@hcd_model@4|FRAMEWORK@Framework@0|86)
2025-09-09 16:20:45,959 fastran_ic_hcd_model_4 DEBUG    _get_service_response(REQUEST|fastran_000001@hcd_model@4|FRAMEWORK@Framework@0|86), response = ServiceResponseMessage(sender_id=FRAMEWORK@Framework@0, receiver_id=fastran_000001@hcd_model@4, request_msg_id=REQUEST|fastran_000001@hcd_model@4|FRAMEWORK@Framework@0|86,status=0, args=(<ipsframework.cca_es_spec.Topic object at 0x7f87c640f160>,), message_id=RESPONSE|FRAMEWORK@Framework@0|fastran_000001@hcd_model@4|814)
2025-09-09 16:20:45,959 fastran_ic_hcd_model_4 DEBUG    _invoke_service(): sendEvent  ('_IPS_MONITOR', 'PORTAL_EVENT', {'sim_name': 'fastran_000001', 'real_sim_name': 'fastran_000001', 'portal_data': {'code': 'fastran_ic_hcd_model', 'eventtype': 'IPS_UPDATE_STATE', 'ok': True, 'walltime': '78.02', 'time': '2025-09-09|16:20:45PDT', 'trace': {'timestamp': 1757460045922784, 'duration': 25668, 'localEndpoint': {'serviceName': 'update_state'}, 'name': "['s000001.00001', 'g000001.00001', 'i000001.00001', 'b000001.00001']", 'id': '2fc1229e1e650f1c', 'parentId': 'a220cf5569e1c3fa', 'tags': {}}, 'state': 'Running', 'comment': 'Elapsed time = 0.026   files = s000001.00001 g000001.00001 i000001.00001 b000001.00001 Success'}})
2025-09-09 16:20:45,959 fastran_ic_hcd_model_4 DEBUG    _get_service_response(REQUEST|fastran_000001@hcd_model@4|FRAMEWORK@Framework@0|87)
2025-09-09 16:20:45,970 fastran_ic_hcd_model_4 DEBUG    _get_service_response(REQUEST|fastran_000001@hcd_model@4|FRAMEWORK@Framework@0|87), response = ServiceResponseMessage(sender_id=FRAMEWORK@Framework@0, receiver_id=fastran_000001@hcd_model@4, request_msg_id=REQUEST|fastran_000001@hcd_model@4|FRAMEWORK@Framework@0|87,status=0, args=(None,), message_id=RESPONSE|FRAMEWORK@Framework@0|fastran_000001@hcd_model@4|815)
2025-09-09 16:20:45,970 fastran_ic_hcd_model_4 DEBUG    _invoke_service(): getTopic  ('_IPS_MONITOR',)
2025-09-09 16:20:45,970 fastran_ic_hcd_model_4 DEBUG    _get_service_response(REQUEST|fastran_000001@hcd_model@4|FRAMEWORK@Framework@0|88)
2025-09-09 16:20:45,981 fastran_ic_hcd_model_4 DEBUG    _get_service_response(REQUEST|fastran_000001@hcd_model@4|FRAMEWORK@Framework@0|88), response = ServiceResponseMessage(sender_id=FRAMEWORK@Framework@0, receiver_id=fastran_000001@hcd_model@4, request_msg_id=REQUEST|fastran_000001@hcd_model@4|FRAMEWORK@Framework@0|88,status=0, args=(<ipsframework.cca_es_spec.Topic object at 0x7f87c640f0a0>,), message_id=RESPONSE|FRAMEWORK@Framework@0|fastran_000001@hcd_model@4|816)
2025-09-09 16:20:45,981 fastran_ic_hcd_model_4 DEBUG    _invoke_service(): sendEvent  ('_IPS_MONITOR', 'PORTAL_EVENT', {'sim_name': 'fastran_000001', 'real_sim_name': 'fastran_000001', 'portal_data': {'code': 'fastran_ic_hcd_model', 'eventtype': 'IPS_STAGE_OUTPUTS', 'ok': True, 'walltime': '78.05', 'time': '2025-09-09|16:20:45PDT', 'trace': {'timestamp': 1757460045970067, 'duration': 332, 'localEndpoint': {'serviceName': 'stage_output_files'}, 'name': '[]', 'id': 'ed019efe11be26d9', 'parentId': 'a220cf5569e1c3fa', 'tags': {}}, 'state': 'Running', 'comment': 'Elapsed time = 0.000 Path = /pscratch/sd/b/bassem/ips/tglf-ep_32_repeat/SCAN/simulation_results/preprocess_8/components/fastran_ic_hcd_model_4 Files = []'}})
2025-09-09 16:20:45,981 fastran_ic_hcd_model_4 DEBUG    _get_service_response(REQUEST|fastran_000001@hcd_model@4|FRAMEWORK@Framework@0|89)
2025-09-09 16:20:45,991 fastran_ic_hcd_model_4 DEBUG    _get_service_response(REQUEST|fastran_000001@hcd_model@4|FRAMEWORK@Framework@0|89), response = ServiceResponseMessage(sender_id=FRAMEWORK@Framework@0, receiver_id=fastran_000001@hcd_model@4, request_msg_id=REQUEST|fastran_000001@hcd_model@4|FRAMEWORK@Framework@0|89,status=0, args=(None,), message_id=RESPONSE|FRAMEWORK@Framework@0|fastran_000001@hcd_model@4|817)
2025-09-09 16:20:46,002 fastran_driver_fastran_driver_2 DEBUG    _get_service_response(REQUEST|fastran_000001@fastran_driver@2|FRAMEWORK@Framework@0|290), response = ServiceResponseMessage(sender_id=FRAMEWORK@Framework@0, receiver_id=fastran_000001@fastran_driver@2, request_msg_id=REQUEST|fastran_000001@fastran_driver@2|FRAMEWORK@Framework@0|290,status=0, args=((None,),), message_id=RESPONSE|FRAMEWORK@Framework@0|fastran_000001@fastran_driver@2|818)
2025-09-09 16:20:46,002 fastran_driver_fastran_driver_2 DEBUG    _invoke_service(): getTopic  ('_IPS_MONITOR',)
2025-09-09 16:20:46,003 fastran_driver_fastran_driver_2 DEBUG    _get_service_response(REQUEST|fastran_000001@fastran_driver@2|FRAMEWORK@Framework@0|291)
2025-09-09 16:20:46,013 fastran_driver_fastran_driver_2 DEBUG    _get_service_response(REQUEST|fastran_000001@fastran_driver@2|FRAMEWORK@Framework@0|291), response = ServiceResponseMessage(sender_id=FRAMEWORK@Framework@0, receiver_id=fastran_000001@fastran_driver@2, request_msg_id=REQUEST|fastran_000001@fastran_driver@2|FRAMEWORK@Framework@0|291,status=0, args=(<ipsframework.cca_es_spec.Topic object at 0x7f87c63e0280>,), message_id=RESPONSE|FRAMEWORK@Framework@0|fastran_000001@fastran_driver@2|819)
2025-09-09 16:20:46,013 fastran_driver_fastran_driver_2 DEBUG    _invoke_service(): sendEvent  ('_IPS_MONITOR', 'PORTAL_EVENT', {'sim_name': 'fastran_000001', 'real_sim_name': 'fastran_000001', 'portal_data': {'code': 'fastran_driver_fastran_driver', 'eventtype': 'IPS_CALL_END', 'ok': True, 'walltime': '78.08', 'time': '2025-09-09|16:20:46PDT', 'trace': {'timestamp': 1757460045731604, 'duration': 271320, 'localEndpoint': {'serviceName': 'fastran_000001@hcd_model@4'}, 'name': 'step(preprocess_8)', 'id': 'a220cf5569e1c3fa', 'parentId': '15e0663de819b9fa', 'tags': {}}, 'state': 'Running', 'comment': 'Target = fastran_000001@hcd_model@4:step(preprocess_8)'}})
2025-09-09 16:20:46,013 fastran_driver_fastran_driver_2 DEBUG    _get_service_response(REQUEST|fastran_000001@fastran_driver@2|FRAMEWORK@Framework@0|292)
2025-09-09 16:20:46,024 fastran_driver_fastran_driver_2 DEBUG    _get_service_response(REQUEST|fastran_000001@fastran_driver@2|FRAMEWORK@Framework@0|292), response = ServiceResponseMessage(sender_id=FRAMEWORK@Framework@0, receiver_id=fastran_000001@fastran_driver@2, request_msg_id=REQUEST|fastran_000001@fastran_driver@2|FRAMEWORK@Framework@0|292,status=0, args=(None,), message_id=RESPONSE|FRAMEWORK@Framework@0|fastran_000001@fastran_driver@2|820)
2025-09-09 16:20:46,024 fastran_driver_fastran_driver_2 DEBUG    _invoke_service(): getTopic  ('_IPS_MONITOR',)
2025-09-09 16:20:46,024 fastran_driver_fastran_driver_2 DEBUG    _get_service_response(REQUEST|fastran_000001@fastran_driver@2|FRAMEWORK@Framework@0|293)
2025-09-09 16:20:46,035 fastran_driver_fastran_driver_2 DEBUG    _get_service_response(REQUEST|fastran_000001@fastran_driver@2|FRAMEWORK@Framework@0|293), response = ServiceResponseMessage(sender_id=FRAMEWORK@Framework@0, receiver_id=fastran_000001@fastran_driver@2, request_msg_id=REQUEST|fastran_000001@fastran_driver@2|FRAMEWORK@Framework@0|293,status=0, args=(<ipsframework.cca_es_spec.Topic object at 0x7f87c63e01c0>,), message_id=RESPONSE|FRAMEWORK@Framework@0|fastran_000001@fastran_driver@2|821)
2025-09-09 16:20:46,035 fastran_driver_fastran_driver_2 DEBUG    _invoke_service(): sendEvent  ('_IPS_MONITOR', 'PORTAL_EVENT', {'sim_name': 'fastran_000001', 'real_sim_name': 'fastran_000001', 'portal_data': {'code': 'fastran_driver_fastran_driver', 'eventtype': 'IPS_CALL_BEGIN', 'ok': True, 'walltime': '78.10', 'time': '2025-09-09|16:20:46PDT', 'state': 'Running', 'comment': 'Target = fastran_000001@fastran@5:step(preprocess_8)'}})
2025-09-09 16:20:46,035 fastran_driver_fastran_driver_2 DEBUG    _get_service_response(REQUEST|fastran_000001@fastran_driver@2|FRAMEWORK@Framework@0|294)
2025-09-09 16:20:46,046 fastran_driver_fastran_driver_2 DEBUG    _get_service_response(REQUEST|fastran_000001@fastran_driver@2|FRAMEWORK@Framework@0|294), response = ServiceResponseMessage(sender_id=FRAMEWORK@Framework@0, receiver_id=fastran_000001@fastran_driver@2, request_msg_id=REQUEST|fastran_000001@fastran_driver@2|FRAMEWORK@Framework@0|294,status=0, args=(None,), message_id=RESPONSE|FRAMEWORK@Framework@0|fastran_000001@fastran_driver@2|822)
2025-09-09 16:20:46,046 fastran_driver_fastran_driver_2 DEBUG    _invoke_service(): init_call  ('step', 'preprocess_8')
2025-09-09 16:20:46,046 fastran_driver_fastran_driver_2 DEBUG    _get_service_response(REQUEST|fastran_000001@fastran_driver@2|FRAMEWORK@Framework@0|295)
2025-09-09 16:20:46,046 fastran_tr0_fastran_5 DEBUG    Received Message 
2025-09-09 16:20:46,047 fastran_tr0_fastran_5 DEBUG    Calling method step(preprocess_8)
2025-09-09 16:20:46,047 fastran_tr0_fastran_5 DEBUG    _invoke_service(): stage_state  (['s000001.00001', 'g000001.00001', 'i000001.00001', 'b000001.00001'], '/pscratch/sd/b/bassem/ips/tglf-ep_32_repeat/SCAN/work/plasma_state', '/pscratch/sd/b/bassem/ips/tglf-ep_32_repeat/SCAN/work/fastran_tr0_fastran_5')
2025-09-09 16:20:46,047 fastran_tr0_fastran_5 DEBUG    _get_service_response(REQUEST|fastran_000001@fastran@5|FRAMEWORK@Framework@0|128)
2025-09-09 16:20:46,057 fastran_driver_fastran_driver_2 DEBUG    _get_service_response(REQUEST|fastran_000001@fastran_driver@2|FRAMEWORK@Framework@0|295), response = ServiceResponseMessage(sender_id=FRAMEWORK@Framework@0, receiver_id=fastran_000001@fastran_driver@2, request_msg_id=REQUEST|fastran_000001@fastran_driver@2|FRAMEWORK@Framework@0|295,status=0, args=(51,), message_id=RESPONSE|FRAMEWORK@Framework@0|fastran_000001@fastran_driver@2|823)
2025-09-09 16:20:46,057 fastran_driver_fastran_driver_2 DEBUG    _invoke_service(): wait_call  (51, True)
2025-09-09 16:20:46,057 fastran_driver_fastran_driver_2 DEBUG    _get_service_response(REQUEST|fastran_000001@fastran_driver@2|FRAMEWORK@Framework@0|296)
2025-09-09 16:20:46,070 fastran_tr0_fastran_5 DEBUG    _get_service_response(REQUEST|fastran_000001@fastran@5|FRAMEWORK@Framework@0|128), response = ServiceResponseMessage(sender_id=FRAMEWORK@Framework@0, receiver_id=fastran_000001@fastran@5, request_msg_id=REQUEST|fastran_000001@fastran@5|FRAMEWORK@Framework@0|128,status=0, args=(0,), message_id=RESPONSE|FRAMEWORK@Framework@0|fastran_000001@fastran@5|824)
2025-09-09 16:20:46,071 fastran_tr0_fastran_5 DEBUG    _invoke_service(): getTopic  ('_IPS_MONITOR',)
2025-09-09 16:20:46,071 fastran_tr0_fastran_5 DEBUG    _get_service_response(REQUEST|fastran_000001@fastran@5|FRAMEWORK@Framework@0|129)
2025-09-09 16:20:46,081 fastran_tr0_fastran_5 DEBUG    _get_service_response(REQUEST|fastran_000001@fastran@5|FRAMEWORK@Framework@0|129), response = ServiceResponseMessage(sender_id=FRAMEWORK@Framework@0, receiver_id=fastran_000001@fastran@5, request_msg_id=REQUEST|fastran_000001@fastran@5|FRAMEWORK@Framework@0|129,status=0, args=(<ipsframework.cca_es_spec.Topic object at 0x7f87c639e9d0>,), message_id=RESPONSE|FRAMEWORK@Framework@0|fastran_000001@fastran@5|825)
2025-09-09 16:20:46,081 fastran_tr0_fastran_5 DEBUG    _invoke_service(): sendEvent  ('_IPS_MONITOR', 'PORTAL_EVENT', {'sim_name': 'fastran_000001', 'real_sim_name': 'fastran_000001', 'portal_data': {'code': 'fastran_tr0_fastran', 'eventtype': 'IPS_STAGE_STATE', 'ok': True, 'walltime': '78.15', 'time': '2025-09-09|16:20:46PDT', 'trace': {'timestamp': 1757460046047333, 'duration': 23538, 'localEndpoint': {'serviceName': 'stage_state'}, 'name': "['s000001.00001', 'g000001.00001', 'i000001.00001', 'b000001.00001']", 'id': 'ff3119918b5e7670', 'parentId': 'a71eccff42505b0a', 'tags': {}}, 'state': 'Running', 'comment': 'Elapsed time = 0.024  files = s000001.00001 g000001.00001 i000001.00001 b000001.00001 Success'}})
2025-09-09 16:20:46,081 fastran_tr0_fastran_5 DEBUG    _get_service_response(REQUEST|fastran_000001@fastran@5|FRAMEWORK@Framework@0|130)
2025-09-09 16:20:46,092 fastran_tr0_fastran_5 DEBUG    _get_service_response(REQUEST|fastran_000001@fastran@5|FRAMEWORK@Framework@0|130), response = ServiceResponseMessage(sender_id=FRAMEWORK@Framework@0, receiver_id=fastran_000001@fastran@5, request_msg_id=REQUEST|fastran_000001@fastran@5|FRAMEWORK@Framework@0|130,status=0, args=(None,), message_id=RESPONSE|FRAMEWORK@Framework@0|fastran_000001@fastran@5|826)
2025-09-09 16:20:46,103 fastran_tr0_fastran_5 DEBUG    _invoke_service(): getTopic  ('_IPS_MONITOR',)
2025-09-09 16:20:46,103 fastran_tr0_fastran_5 DEBUG    _get_service_response(REQUEST|fastran_000001@fastran@5|FRAMEWORK@Framework@0|131)
2025-09-09 16:20:46,113 fastran_tr0_fastran_5 DEBUG    _get_service_response(REQUEST|fastran_000001@fastran@5|FRAMEWORK@Framework@0|131), response = ServiceResponseMessage(sender_id=FRAMEWORK@Framework@0, receiver_id=fastran_000001@fastran@5, request_msg_id=REQUEST|fastran_000001@fastran@5|FRAMEWORK@Framework@0|131,status=0, args=(<ipsframework.cca_es_spec.Topic object at 0x7f87c639eac0>,), message_id=RESPONSE|FRAMEWORK@Framework@0|fastran_000001@fastran@5|827)
2025-09-09 16:20:46,113 fastran_tr0_fastran_5 DEBUG    _invoke_service(): sendEvent  ('_IPS_MONITOR', 'PORTAL_EVENT', {'sim_name': 'fastran_000001', 'real_sim_name': 'fastran_000001', 'portal_data': {'code': 'fastran_tr0_fastran', 'eventtype': 'IPS_STAGE_INPUTS', 'ok': True, 'walltime': '78.18', 'time': '2025-09-09|16:20:46PDT', 'trace': {'timestamp': 1757460046093295, 'duration': 9684, 'localEndpoint': {'serviceName': 'stage_input_files'}, 'name': 'infastran0 intglf', 'id': 'dca1af508bf5af99', 'parentId': 'a71eccff42505b0a', 'tags': {}}, 'state': 'Running', 'comment': 'Elapsed time = 0.010 Path = /pscratch/sd/b/bassem/ips/tglf-ep_32_repeat/input Files = infastran0 intglf'}})
2025-09-09 16:20:46,113 fastran_tr0_fastran_5 DEBUG    _get_service_response(REQUEST|fastran_000001@fastran@5|FRAMEWORK@Framework@0|132)
2025-09-09 16:20:46,124 fastran_tr0_fastran_5 DEBUG    _get_service_response(REQUEST|fastran_000001@fastran@5|FRAMEWORK@Framework@0|132), response = ServiceResponseMessage(sender_id=FRAMEWORK@Framework@0, receiver_id=fastran_000001@fastran@5, request_msg_id=REQUEST|fastran_000001@fastran@5|FRAMEWORK@Framework@0|132,status=0, args=(None,), message_id=RESPONSE|FRAMEWORK@Framework@0|fastran_000001@fastran@5|828)
2025-09-09 16:20:46,258 fastran_tr0_fastran_5 DEBUG    _invoke_service(): init_task  (TaskInit(nproc=1, binary='/global/common/software/atom/perlmutter/binaries/fastran/default/xfastran_ver1.00_ser', working_dir='/pscratch/sd/b/bassem/ips/tglf-ep_32_repeat/SCAN/work/fastran_tr0_fastran_5', tppn=0, tcpp=0, tgpp=0, block=True, omp=False, wnodes=True, wsocks=True, cmd_args=('1', '1')),)
2025-09-09 16:20:46,258 fastran_tr0_fastran_5 DEBUG    _get_service_response(REQUEST|fastran_000001@fastran@5|FRAMEWORK@Framework@0|133)
2025-09-09 16:20:46,269 fastran_tr0_fastran_5 DEBUG    _get_service_response(REQUEST|fastran_000001@fastran@5|FRAMEWORK@Framework@0|133), response = ServiceResponseMessage(sender_id=FRAMEWORK@Framework@0, receiver_id=fastran_000001@fastran@5, request_msg_id=REQUEST|fastran_000001@fastran@5|FRAMEWORK@Framework@0|133,status=0, args=((10, 'srun -N 1 -n 1 -c 128 --threads-per-core=1 --cpu-bind=cores /global/common/software/atom/perlmutter/binaries/fastran/default/xfastran_ver1.00_ser 1 1', None, 128),), message_id=RESPONSE|FRAMEWORK@Framework@0|fastran_000001@fastran@5|829)
2025-09-09 16:20:46,270 fastran_tr0_fastran_5 DEBUG    Launching command : srun -N 1 -n 1 -c 128 --threads-per-core=1 --cpu-bind=cores /global/common/software/atom/perlmutter/binaries/fastran/default/xfastran_ver1.00_ser 1 1
2025-09-09 16:20:46,284 fastran_tr0_fastran_5 DEBUG    _invoke_service(): getTopic  ('_IPS_MONITOR',)
2025-09-09 16:20:46,284 fastran_tr0_fastran_5 DEBUG    _get_service_response(REQUEST|fastran_000001@fastran@5|FRAMEWORK@Framework@0|134)
2025-09-09 16:20:46,295 fastran_tr0_fastran_5 DEBUG    _get_service_response(REQUEST|fastran_000001@fastran@5|FRAMEWORK@Framework@0|134), response = ServiceResponseMessage(sender_id=FRAMEWORK@Framework@0, receiver_id=fastran_000001@fastran@5, request_msg_id=REQUEST|fastran_000001@fastran@5|FRAMEWORK@Framework@0|134,status=0, args=(<ipsframework.cca_es_spec.Topic object at 0x7f87c639ec70>,), message_id=RESPONSE|FRAMEWORK@Framework@0|fastran_000001@fastran@5|830)
2025-09-09 16:20:46,295 fastran_tr0_fastran_5 DEBUG    _invoke_service(): sendEvent  ('_IPS_MONITOR', 'PORTAL_EVENT', {'sim_name': 'fastran_000001', 'real_sim_name': 'fastran_000001', 'portal_data': {'code': 'fastran_tr0_fastran', 'eventtype': 'IPS_LAUNCH_TASK', 'ok': True, 'walltime': '78.36', 'time': '2025-09-09|16:20:46PDT', 'state': 'Running', 'comment': 'task_id = 10 , Tag = None , nproc = 1 , Target = srun -N 1 -n 1 -c 128 --threads-per-core=1 --cpu-bind=cores /global/common/software/atom/perlmutter/binaries/fastran/default/xfastran_ver1.00_ser 1 1'}})
2025-09-09 16:20:46,295 fastran_tr0_fastran_5 DEBUG    _get_service_response(REQUEST|fastran_000001@fastran@5|FRAMEWORK@Framework@0|135)
2025-09-09 16:20:46,307 fastran_tr0_fastran_5 DEBUG    _get_service_response(REQUEST|fastran_000001@fastran@5|FRAMEWORK@Framework@0|135), response = ServiceResponseMessage(sender_id=FRAMEWORK@Framework@0, receiver_id=fastran_000001@fastran@5, request_msg_id=REQUEST|fastran_000001@fastran@5|FRAMEWORK@Framework@0|135,status=0, args=(None,), message_id=RESPONSE|FRAMEWORK@Framework@0|fastran_000001@fastran@5|831)
2025-09-09 16:20:46,745 fastran_tr0_fastran_5 DEBUG    _invoke_service(): getTopic  ('_IPS_MONITOR',)
2025-09-09 16:20:46,746 fastran_tr0_fastran_5 DEBUG    _get_service_response(REQUEST|fastran_000001@fastran@5|FRAMEWORK@Framework@0|136)
2025-09-09 16:20:46,757 fastran_tr0_fastran_5 DEBUG    _get_service_response(REQUEST|fastran_000001@fastran@5|FRAMEWORK@Framework@0|136), response = ServiceResponseMessage(sender_id=FRAMEWORK@Framework@0, receiver_id=fastran_000001@fastran@5, request_msg_id=REQUEST|fastran_000001@fastran@5|FRAMEWORK@Framework@0|136,status=0, args=(<ipsframework.cca_es_spec.Topic object at 0x7f87c639ee50>,), message_id=RESPONSE|FRAMEWORK@Framework@0|fastran_000001@fastran@5|833)
2025-09-09 16:20:46,757 fastran_tr0_fastran_5 DEBUG    _invoke_service(): sendEvent  ('_IPS_MONITOR', 'PORTAL_EVENT', {'sim_name': 'fastran_000001', 'real_sim_name': 'fastran_000001', 'portal_data': {'code': 'fastran_tr0_fastran', 'eventtype': 'IPS_TASK_END', 'ok': True, 'walltime': '78.82', 'time': '2025-09-09|16:20:46PDT', 'trace': {'timestamp': 1757460046284049, 'duration': 461731, 'localEndpoint': {'serviceName': '/global/common/software/atom/perlmutter/binaries/fastran/default/xfastran_ver1.00_ser'}, 'name': '1 1', 'id': '0ce34a898600e646', 'parentId': 'a71eccff42505b0a', 'tags': {'procs_requested': '1', 'cores_allocated': '128'}}, 'state': 'Running', 'comment': 'task_id = 10  elapsed time = 0.46 S'}})
2025-09-09 16:20:46,757 fastran_tr0_fastran_5 DEBUG    _get_service_response(REQUEST|fastran_000001@fastran@5|FRAMEWORK@Framework@0|137)
2025-09-09 16:20:46,768 fastran_tr0_fastran_5 DEBUG    _get_service_response(REQUEST|fastran_000001@fastran@5|FRAMEWORK@Framework@0|137), response = ServiceResponseMessage(sender_id=FRAMEWORK@Framework@0, receiver_id=fastran_000001@fastran@5, request_msg_id=REQUEST|fastran_000001@fastran@5|FRAMEWORK@Framework@0|137,status=0, args=(None,), message_id=RESPONSE|FRAMEWORK@Framework@0|fastran_000001@fastran@5|834)
2025-09-09 16:20:46,768 fastran_tr0_fastran_5 DEBUG    _invoke_service(): finish_task  (10, 0)
2025-09-09 16:20:46,768 fastran_tr0_fastran_5 DEBUG    _get_service_response(REQUEST|fastran_000001@fastran@5|FRAMEWORK@Framework@0|138)
2025-09-09 16:20:46,779 fastran_tr0_fastran_5 DEBUG    _get_service_response(REQUEST|fastran_000001@fastran@5|FRAMEWORK@Framework@0|138), response = ServiceResponseMessage(sender_id=FRAMEWORK@Framework@0, receiver_id=fastran_000001@fastran@5, request_msg_id=REQUEST|fastran_000001@fastran@5|FRAMEWORK@Framework@0|138,status=0, args=(0,), message_id=RESPONSE|FRAMEWORK@Framework@0|fastran_000001@fastran@5|835)
2025-09-09 16:20:46,956 fastran_tr0_fastran_5 DEBUG    _invoke_service(): update_state  (['s000001.00001', 'g000001.00001', 'i000001.00001', 'b000001.00001'], '/pscratch/sd/b/bassem/ips/tglf-ep_32_repeat/SCAN/work/fastran_tr0_fastran_5', '/pscratch/sd/b/bassem/ips/tglf-ep_32_repeat/SCAN/work/plasma_state')
2025-09-09 16:20:46,956 fastran_tr0_fastran_5 DEBUG    _get_service_response(REQUEST|fastran_000001@fastran@5|FRAMEWORK@Framework@0|139)
2025-09-09 16:20:46,979 fastran_tr0_fastran_5 DEBUG    _get_service_response(REQUEST|fastran_000001@fastran@5|FRAMEWORK@Framework@0|139), response = ServiceResponseMessage(sender_id=FRAMEWORK@Framework@0, receiver_id=fastran_000001@fastran@5, request_msg_id=REQUEST|fastran_000001@fastran@5|FRAMEWORK@Framework@0|139,status=0, args=(0,), message_id=RESPONSE|FRAMEWORK@Framework@0|fastran_000001@fastran@5|837)
2025-09-09 16:20:46,979 fastran_tr0_fastran_5 DEBUG    _invoke_service(): getTopic  ('_IPS_MONITOR',)
2025-09-09 16:20:46,979 fastran_tr0_fastran_5 DEBUG    _get_service_response(REQUEST|fastran_000001@fastran@5|FRAMEWORK@Framework@0|140)
2025-09-09 16:20:46,990 fastran_tr0_fastran_5 DEBUG    _get_service_response(REQUEST|fastran_000001@fastran@5|FRAMEWORK@Framework@0|140), response = ServiceResponseMessage(sender_id=FRAMEWORK@Framework@0, receiver_id=fastran_000001@fastran@5, request_msg_id=REQUEST|fastran_000001@fastran@5|FRAMEWORK@Framework@0|140,status=0, args=(<ipsframework.cca_es_spec.Topic object at 0x7f87c639e6d0>,), message_id=RESPONSE|FRAMEWORK@Framework@0|fastran_000001@fastran@5|838)
2025-09-09 16:20:46,990 fastran_tr0_fastran_5 DEBUG    _invoke_service(): sendEvent  ('_IPS_MONITOR', 'PORTAL_EVENT', {'sim_name': 'fastran_000001', 'real_sim_name': 'fastran_000001', 'portal_data': {'code': 'fastran_tr0_fastran', 'eventtype': 'IPS_UPDATE_STATE', 'ok': True, 'walltime': '79.06', 'time': '2025-09-09|16:20:46PDT', 'trace': {'timestamp': 1757460046956749, 'duration': 23045, 'localEndpoint': {'serviceName': 'update_state'}, 'name': "['s000001.00001', 'g000001.00001', 'i000001.00001', 'b000001.00001']", 'id': '2fc1229e1e650f1c', 'parentId': 'a71eccff42505b0a', 'tags': {}}, 'state': 'Running', 'comment': 'Elapsed time = 0.023   files = s000001.00001 g000001.00001 i000001.00001 b000001.00001 Success'}})
2025-09-09 16:20:46,990 fastran_tr0_fastran_5 DEBUG    _get_service_response(REQUEST|fastran_000001@fastran@5|FRAMEWORK@Framework@0|141)
2025-09-09 16:20:47,001 fastran_tr0_fastran_5 DEBUG    _get_service_response(REQUEST|fastran_000001@fastran@5|FRAMEWORK@Framework@0|141), response = ServiceResponseMessage(sender_id=FRAMEWORK@Framework@0, receiver_id=fastran_000001@fastran@5, request_msg_id=REQUEST|fastran_000001@fastran@5|FRAMEWORK@Framework@0|141,status=0, args=(None,), message_id=RESPONSE|FRAMEWORK@Framework@0|fastran_000001@fastran@5|839)
2025-09-09 16:20:47,020 fastran_tr0_fastran_5 DEBUG    _invoke_service(): getTopic  ('_IPS_MONITOR',)
2025-09-09 16:20:47,021 fastran_tr0_fastran_5 DEBUG    _get_service_response(REQUEST|fastran_000001@fastran@5|FRAMEWORK@Framework@0|142)
2025-09-09 16:20:47,031 fastran_tr0_fastran_5 DEBUG    _get_service_response(REQUEST|fastran_000001@fastran@5|FRAMEWORK@Framework@0|142), response = ServiceResponseMessage(sender_id=FRAMEWORK@Framework@0, receiver_id=fastran_000001@fastran@5, request_msg_id=REQUEST|fastran_000001@fastran@5|FRAMEWORK@Framework@0|142,status=0, args=(<ipsframework.cca_es_spec.Topic object at 0x7f87c639e970>,), message_id=RESPONSE|FRAMEWORK@Framework@0|fastran_000001@fastran@5|840)
2025-09-09 16:20:47,031 fastran_tr0_fastran_5 DEBUG    _invoke_service(): sendEvent  ('_IPS_MONITOR', 'PORTAL_EVENT', {'sim_name': 'fastran_000001', 'real_sim_name': 'fastran_000001', 'portal_data': {'code': 'fastran_tr0_fastran', 'eventtype': 'IPS_STAGE_OUTPUTS', 'ok': True, 'walltime': '79.10', 'time': '2025-09-09|16:20:47PDT', 'trace': {'timestamp': 1757460047001426, 'duration': 19404, 'localEndpoint': {'serviceName': 'stage_output_files'}, 'name': "['fastran.nc', 'inprof', 'inmetric', 'infastran', 'intglf', 'xfastran.log', 'i000001.00001']", 'id': '7349cfaaafc33980', 'parentId': 'a71eccff42505b0a', 'tags': {}}, 'state': 'Running', 'comment': "Elapsed time = 0.019 Path = /pscratch/sd/b/bassem/ips/tglf-ep_32_repeat/SCAN/simulation_results/preprocess_8/components/fastran_tr0_fastran_5 Files = ['fastran.nc', 'inprof', 'inmetric', 'infastran', 'intglf', 'xfastran.log', 'i000001.00001']"}})
2025-09-09 16:20:47,031 fastran_tr0_fastran_5 DEBUG    _get_service_response(REQUEST|fastran_000001@fastran@5|FRAMEWORK@Framework@0|143)
2025-09-09 16:20:47,042 fastran_tr0_fastran_5 DEBUG    _get_service_response(REQUEST|fastran_000001@fastran@5|FRAMEWORK@Framework@0|143), response = ServiceResponseMessage(sender_id=FRAMEWORK@Framework@0, receiver_id=fastran_000001@fastran@5, request_msg_id=REQUEST|fastran_000001@fastran@5|FRAMEWORK@Framework@0|143,status=0, args=(None,), message_id=RESPONSE|FRAMEWORK@Framework@0|fastran_000001@fastran@5|841)
2025-09-09 16:20:47,053 fastran_driver_fastran_driver_2 DEBUG    _get_service_response(REQUEST|fastran_000001@fastran_driver@2|FRAMEWORK@Framework@0|296), response = ServiceResponseMessage(sender_id=FRAMEWORK@Framework@0, receiver_id=fastran_000001@fastran_driver@2, request_msg_id=REQUEST|fastran_000001@fastran_driver@2|FRAMEWORK@Framework@0|296,status=0, args=((None,),), message_id=RESPONSE|FRAMEWORK@Framework@0|fastran_000001@fastran_driver@2|842)
2025-09-09 16:20:47,053 fastran_driver_fastran_driver_2 DEBUG    _invoke_service(): getTopic  ('_IPS_MONITOR',)
2025-09-09 16:20:47,053 fastran_driver_fastran_driver_2 DEBUG    _get_service_response(REQUEST|fastran_000001@fastran_driver@2|FRAMEWORK@Framework@0|297)
2025-09-09 16:20:47,063 fastran_driver_fastran_driver_2 DEBUG    _get_service_response(REQUEST|fastran_000001@fastran_driver@2|FRAMEWORK@Framework@0|297), response = ServiceResponseMessage(sender_id=FRAMEWORK@Framework@0, receiver_id=fastran_000001@fastran_driver@2, request_msg_id=REQUEST|fastran_000001@fastran_driver@2|FRAMEWORK@Framework@0|297,status=0, args=(<ipsframework.cca_es_spec.Topic object at 0x7f87c63e0280>,), message_id=RESPONSE|FRAMEWORK@Framework@0|fastran_000001@fastran_driver@2|843)
2025-09-09 16:20:47,063 fastran_driver_fastran_driver_2 DEBUG    _invoke_service(): sendEvent  ('_IPS_MONITOR', 'PORTAL_EVENT', {'sim_name': 'fastran_000001', 'real_sim_name': 'fastran_000001', 'portal_data': {'code': 'fastran_driver_fastran_driver', 'eventtype': 'IPS_CALL_END', 'ok': True, 'walltime': '79.13', 'time': '2025-09-09|16:20:47PDT', 'trace': {'timestamp': 1757460046057128, 'duration': 995959, 'localEndpoint': {'serviceName': 'fastran_000001@fastran@5'}, 'name': 'step(preprocess_8)', 'id': 'a71eccff42505b0a', 'parentId': '15e0663de819b9fa', 'tags': {}}, 'state': 'Running', 'comment': 'Target = fastran_000001@fastran@5:step(preprocess_8)'}})
2025-09-09 16:20:47,063 fastran_driver_fastran_driver_2 DEBUG    _get_service_response(REQUEST|fastran_000001@fastran_driver@2|FRAMEWORK@Framework@0|298)
2025-09-09 16:20:47,074 fastran_driver_fastran_driver_2 DEBUG    _get_service_response(REQUEST|fastran_000001@fastran_driver@2|FRAMEWORK@Framework@0|298), response = ServiceResponseMessage(sender_id=FRAMEWORK@Framework@0, receiver_id=fastran_000001@fastran_driver@2, request_msg_id=REQUEST|fastran_000001@fastran_driver@2|FRAMEWORK@Framework@0|298,status=0, args=(None,), message_id=RESPONSE|FRAMEWORK@Framework@0|fastran_000001@fastran_driver@2|844)
2025-09-09 16:20:47,074 fastran_driver_fastran_driver_2 DEBUG    _invoke_service(): getTopic  ('_IPS_MONITOR',)
2025-09-09 16:20:47,075 fastran_driver_fastran_driver_2 DEBUG    _get_service_response(REQUEST|fastran_000001@fastran_driver@2|FRAMEWORK@Framework@0|299)
2025-09-09 16:20:47,085 fastran_driver_fastran_driver_2 DEBUG    _get_service_response(REQUEST|fastran_000001@fastran_driver@2|FRAMEWORK@Framework@0|299), response = ServiceResponseMessage(sender_id=FRAMEWORK@Framework@0, receiver_id=fastran_000001@fastran_driver@2, request_msg_id=REQUEST|fastran_000001@fastran_driver@2|FRAMEWORK@Framework@0|299,status=0, args=(<ipsframework.cca_es_spec.Topic object at 0x7f87c63e02b0>,), message_id=RESPONSE|FRAMEWORK@Framework@0|fastran_000001@fastran_driver@2|845)
2025-09-09 16:20:47,085 fastran_driver_fastran_driver_2 DEBUG    _invoke_service(): sendEvent  ('_IPS_MONITOR', 'PORTAL_EVENT', {'sim_name': 'fastran_000001', 'real_sim_name': 'fastran_000001', 'portal_data': {'code': 'fastran_driver_fastran_driver', 'eventtype': 'IPS_CALL_BEGIN', 'ok': True, 'walltime': '79.15', 'time': '2025-09-09|16:20:47PDT', 'state': 'Running', 'comment': 'Target = fastran_000001@modeleq_constraint@6:step(preprocess_8)'}})
2025-09-09 16:20:47,085 fastran_driver_fastran_driver_2 DEBUG    _get_service_response(REQUEST|fastran_000001@fastran_driver@2|FRAMEWORK@Framework@0|300)
2025-09-09 16:20:47,096 fastran_driver_fastran_driver_2 DEBUG    _get_service_response(REQUEST|fastran_000001@fastran_driver@2|FRAMEWORK@Framework@0|300), response = ServiceResponseMessage(sender_id=FRAMEWORK@Framework@0, receiver_id=fastran_000001@fastran_driver@2, request_msg_id=REQUEST|fastran_000001@fastran_driver@2|FRAMEWORK@Framework@0|300,status=0, args=(None,), message_id=RESPONSE|FRAMEWORK@Framework@0|fastran_000001@fastran_driver@2|846)
2025-09-09 16:20:47,096 fastran_driver_fastran_driver_2 DEBUG    _invoke_service(): init_call  ('step', 'preprocess_8')
2025-09-09 16:20:47,096 fastran_driver_fastran_driver_2 DEBUG    _get_service_response(REQUEST|fastran_000001@fastran_driver@2|FRAMEWORK@Framework@0|301)
2025-09-09 16:20:47,097 fastran__modeleq_constraint_6 DEBUG    Received Message 
2025-09-09 16:20:47,097 fastran__modeleq_constraint_6 DEBUG    Calling method step(preprocess_8)
2025-09-09 16:20:47,097 fastran__modeleq_constraint_6 DEBUG    _invoke_service(): stage_state  (['s000001.00001', 'g000001.00001', 'i000001.00001', 'b000001.00001'], '/pscratch/sd/b/bassem/ips/tglf-ep_32_repeat/SCAN/work/plasma_state', '/pscratch/sd/b/bassem/ips/tglf-ep_32_repeat/SCAN/work/fastran__modeleq_constraint_6')
2025-09-09 16:20:47,097 fastran__modeleq_constraint_6 DEBUG    _get_service_response(REQUEST|fastran_000001@modeleq_constraint@6|FRAMEWORK@Framework@0|64)
2025-09-09 16:20:47,107 fastran_driver_fastran_driver_2 DEBUG    _get_service_response(REQUEST|fastran_000001@fastran_driver@2|FRAMEWORK@Framework@0|301), response = ServiceResponseMessage(sender_id=FRAMEWORK@Framework@0, receiver_id=fastran_000001@fastran_driver@2, request_msg_id=REQUEST|fastran_000001@fastran_driver@2|FRAMEWORK@Framework@0|301,status=0, args=(52,), message_id=RESPONSE|FRAMEWORK@Framework@0|fastran_000001@fastran_driver@2|847)
2025-09-09 16:20:47,107 fastran_driver_fastran_driver_2 DEBUG    _invoke_service(): wait_call  (52, True)
2025-09-09 16:20:47,107 fastran_driver_fastran_driver_2 DEBUG    _get_service_response(REQUEST|fastran_000001@fastran_driver@2|FRAMEWORK@Framework@0|302)
2025-09-09 16:20:47,120 fastran__modeleq_constraint_6 DEBUG    _get_service_response(REQUEST|fastran_000001@modeleq_constraint@6|FRAMEWORK@Framework@0|64), response = ServiceResponseMessage(sender_id=FRAMEWORK@Framework@0, receiver_id=fastran_000001@modeleq_constraint@6, request_msg_id=REQUEST|fastran_000001@modeleq_constraint@6|FRAMEWORK@Framework@0|64,status=0, args=(0,), message_id=RESPONSE|FRAMEWORK@Framework@0|fastran_000001@modeleq_constraint@6|848)
2025-09-09 16:20:47,120 fastran__modeleq_constraint_6 DEBUG    _invoke_service(): getTopic  ('_IPS_MONITOR',)
2025-09-09 16:20:47,120 fastran__modeleq_constraint_6 DEBUG    _get_service_response(REQUEST|fastran_000001@modeleq_constraint@6|FRAMEWORK@Framework@0|65)
2025-09-09 16:20:47,131 fastran__modeleq_constraint_6 DEBUG    _get_service_response(REQUEST|fastran_000001@modeleq_constraint@6|FRAMEWORK@Framework@0|65), response = ServiceResponseMessage(sender_id=FRAMEWORK@Framework@0, receiver_id=fastran_000001@modeleq_constraint@6, request_msg_id=REQUEST|fastran_000001@modeleq_constraint@6|FRAMEWORK@Framework@0|65,status=0, args=(<ipsframework.cca_es_spec.Topic object at 0x7f87c63ae370>,), message_id=RESPONSE|FRAMEWORK@Framework@0|fastran_000001@modeleq_constraint@6|849)
2025-09-09 16:20:47,131 fastran__modeleq_constraint_6 DEBUG    _invoke_service(): sendEvent  ('_IPS_MONITOR', 'PORTAL_EVENT', {'sim_name': 'fastran_000001', 'real_sim_name': 'fastran_000001', 'portal_data': {'code': 'fastran__modeleq_constraint', 'eventtype': 'IPS_STAGE_STATE', 'ok': True, 'walltime': '79.20', 'time': '2025-09-09|16:20:47PDT', 'trace': {'timestamp': 1757460047097409, 'duration': 23176, 'localEndpoint': {'serviceName': 'stage_state'}, 'name': "['s000001.00001', 'g000001.00001', 'i000001.00001', 'b000001.00001']", 'id': 'ff3119918b5e7670', 'parentId': '6af8c0a1f1f30b92', 'tags': {}}, 'state': 'Running', 'comment': 'Elapsed time = 0.023  files = s000001.00001 g000001.00001 i000001.00001 b000001.00001 Success'}})
2025-09-09 16:20:47,131 fastran__modeleq_constraint_6 DEBUG    _get_service_response(REQUEST|fastran_000001@modeleq_constraint@6|FRAMEWORK@Framework@0|66)
2025-09-09 16:20:47,142 fastran__modeleq_constraint_6 DEBUG    _get_service_response(REQUEST|fastran_000001@modeleq_constraint@6|FRAMEWORK@Framework@0|66), response = ServiceResponseMessage(sender_id=FRAMEWORK@Framework@0, receiver_id=fastran_000001@modeleq_constraint@6, request_msg_id=REQUEST|fastran_000001@modeleq_constraint@6|FRAMEWORK@Framework@0|66,status=0, args=(None,), message_id=RESPONSE|FRAMEWORK@Framework@0|fastran_000001@modeleq_constraint@6|850)
2025-09-09 16:20:48,154 fastran__modeleq_constraint_6 DEBUG    _invoke_service(): update_state  (['s000001.00001', 'g000001.00001', 'i000001.00001', 'b000001.00001'], '/pscratch/sd/b/bassem/ips/tglf-ep_32_repeat/SCAN/work/fastran__modeleq_constraint_6', '/pscratch/sd/b/bassem/ips/tglf-ep_32_repeat/SCAN/work/plasma_state')
2025-09-09 16:20:48,154 fastran__modeleq_constraint_6 DEBUG    _get_service_response(REQUEST|fastran_000001@modeleq_constraint@6|FRAMEWORK@Framework@0|67)
2025-09-09 16:20:48,176 fastran__modeleq_constraint_6 DEBUG    _get_service_response(REQUEST|fastran_000001@modeleq_constraint@6|FRAMEWORK@Framework@0|67), response = ServiceResponseMessage(sender_id=FRAMEWORK@Framework@0, receiver_id=fastran_000001@modeleq_constraint@6, request_msg_id=REQUEST|fastran_000001@modeleq_constraint@6|FRAMEWORK@Framework@0|67,status=0, args=(0,), message_id=RESPONSE|FRAMEWORK@Framework@0|fastran_000001@modeleq_constraint@6|853)
2025-09-09 16:20:48,177 fastran__modeleq_constraint_6 DEBUG    _invoke_service(): getTopic  ('_IPS_MONITOR',)
2025-09-09 16:20:48,177 fastran__modeleq_constraint_6 DEBUG    _get_service_response(REQUEST|fastran_000001@modeleq_constraint@6|FRAMEWORK@Framework@0|68)
2025-09-09 16:20:48,187 fastran__modeleq_constraint_6 DEBUG    _get_service_response(REQUEST|fastran_000001@modeleq_constraint@6|FRAMEWORK@Framework@0|68), response = ServiceResponseMessage(sender_id=FRAMEWORK@Framework@0, receiver_id=fastran_000001@modeleq_constraint@6, request_msg_id=REQUEST|fastran_000001@modeleq_constraint@6|FRAMEWORK@Framework@0|68,status=0, args=(<ipsframework.cca_es_spec.Topic object at 0x7f87c63adb50>,), message_id=RESPONSE|FRAMEWORK@Framework@0|fastran_000001@modeleq_constraint@6|854)
2025-09-09 16:20:48,187 fastran__modeleq_constraint_6 DEBUG    _invoke_service(): sendEvent  ('_IPS_MONITOR', 'PORTAL_EVENT', {'sim_name': 'fastran_000001', 'real_sim_name': 'fastran_000001', 'portal_data': {'code': 'fastran__modeleq_constraint', 'eventtype': 'IPS_UPDATE_STATE', 'ok': True, 'walltime': '80.25', 'time': '2025-09-09|16:20:48PDT', 'trace': {'timestamp': 1757460048154374, 'duration': 22625, 'localEndpoint': {'serviceName': 'update_state'}, 'name': "['s000001.00001', 'g000001.00001', 'i000001.00001', 'b000001.00001']", 'id': '2fc1229e1e650f1c', 'parentId': '6af8c0a1f1f30b92', 'tags': {}}, 'state': 'Running', 'comment': 'Elapsed time = 0.023   files = s000001.00001 g000001.00001 i000001.00001 b000001.00001 Success'}})
2025-09-09 16:20:48,187 fastran__modeleq_constraint_6 DEBUG    _get_service_response(REQUEST|fastran_000001@modeleq_constraint@6|FRAMEWORK@Framework@0|69)
2025-09-09 16:20:48,198 fastran__modeleq_constraint_6 DEBUG    _get_service_response(REQUEST|fastran_000001@modeleq_constraint@6|FRAMEWORK@Framework@0|69), response = ServiceResponseMessage(sender_id=FRAMEWORK@Framework@0, receiver_id=fastran_000001@modeleq_constraint@6, request_msg_id=REQUEST|fastran_000001@modeleq_constraint@6|FRAMEWORK@Framework@0|69,status=0, args=(None,), message_id=RESPONSE|FRAMEWORK@Framework@0|fastran_000001@modeleq_constraint@6|855)
2025-09-09 16:20:48,198 fastran__modeleq_constraint_6 DEBUG    _invoke_service(): getTopic  ('_IPS_MONITOR',)
2025-09-09 16:20:48,198 fastran__modeleq_constraint_6 DEBUG    _get_service_response(REQUEST|fastran_000001@modeleq_constraint@6|FRAMEWORK@Framework@0|70)
2025-09-09 16:20:48,209 fastran__modeleq_constraint_6 DEBUG    _get_service_response(REQUEST|fastran_000001@modeleq_constraint@6|FRAMEWORK@Framework@0|70), response = ServiceResponseMessage(sender_id=FRAMEWORK@Framework@0, receiver_id=fastran_000001@modeleq_constraint@6, request_msg_id=REQUEST|fastran_000001@modeleq_constraint@6|FRAMEWORK@Framework@0|70,status=0, args=(<ipsframework.cca_es_spec.Topic object at 0x7f87c63ad0a0>,), message_id=RESPONSE|FRAMEWORK@Framework@0|fastran_000001@modeleq_constraint@6|856)
2025-09-09 16:20:48,209 fastran__modeleq_constraint_6 DEBUG    _invoke_service(): sendEvent  ('_IPS_MONITOR', 'PORTAL_EVENT', {'sim_name': 'fastran_000001', 'real_sim_name': 'fastran_000001', 'portal_data': {'code': 'fastran__modeleq_constraint', 'eventtype': 'IPS_STAGE_OUTPUTS', 'ok': True, 'walltime': '80.27', 'time': '2025-09-09|16:20:48PDT', 'trace': {'timestamp': 1757460048198644, 'duration': 144, 'localEndpoint': {'serviceName': 'stage_output_files'}, 'name': '[]', 'id': 'ed019efe11be26d9', 'parentId': '6af8c0a1f1f30b92', 'tags': {}}, 'state': 'Running', 'comment': 'Elapsed time = 0.000 Path = /pscratch/sd/b/bassem/ips/tglf-ep_32_repeat/SCAN/simulation_results/preprocess_8/components/fastran__modeleq_constraint_6 Files = []'}})
2025-09-09 16:20:48,209 fastran__modeleq_constraint_6 DEBUG    _get_service_response(REQUEST|fastran_000001@modeleq_constraint@6|FRAMEWORK@Framework@0|71)
2025-09-09 16:20:48,220 fastran__modeleq_constraint_6 DEBUG    _get_service_response(REQUEST|fastran_000001@modeleq_constraint@6|FRAMEWORK@Framework@0|71), response = ServiceResponseMessage(sender_id=FRAMEWORK@Framework@0, receiver_id=fastran_000001@modeleq_constraint@6, request_msg_id=REQUEST|fastran_000001@modeleq_constraint@6|FRAMEWORK@Framework@0|71,status=0, args=(None,), message_id=RESPONSE|FRAMEWORK@Framework@0|fastran_000001@modeleq_constraint@6|857)
2025-09-09 16:20:48,231 fastran_driver_fastran_driver_2 DEBUG    _get_service_response(REQUEST|fastran_000001@fastran_driver@2|FRAMEWORK@Framework@0|302), response = ServiceResponseMessage(sender_id=FRAMEWORK@Framework@0, receiver_id=fastran_000001@fastran_driver@2, request_msg_id=REQUEST|fastran_000001@fastran_driver@2|FRAMEWORK@Framework@0|302,status=0, args=((None,),), message_id=RESPONSE|FRAMEWORK@Framework@0|fastran_000001@fastran_driver@2|858)
2025-09-09 16:20:48,232 fastran_driver_fastran_driver_2 DEBUG    _invoke_service(): getTopic  ('_IPS_MONITOR',)
2025-09-09 16:20:48,232 fastran_driver_fastran_driver_2 DEBUG    _get_service_response(REQUEST|fastran_000001@fastran_driver@2|FRAMEWORK@Framework@0|303)
2025-09-09 16:20:48,242 fastran_driver_fastran_driver_2 DEBUG    _get_service_response(REQUEST|fastran_000001@fastran_driver@2|FRAMEWORK@Framework@0|303), response = ServiceResponseMessage(sender_id=FRAMEWORK@Framework@0, receiver_id=fastran_000001@fastran_driver@2, request_msg_id=REQUEST|fastran_000001@fastran_driver@2|FRAMEWORK@Framework@0|303,status=0, args=(<ipsframework.cca_es_spec.Topic object at 0x7f87c63e0280>,), message_id=RESPONSE|FRAMEWORK@Framework@0|fastran_000001@fastran_driver@2|859)
2025-09-09 16:20:48,242 fastran_driver_fastran_driver_2 DEBUG    _invoke_service(): sendEvent  ('_IPS_MONITOR', 'PORTAL_EVENT', {'sim_name': 'fastran_000001', 'real_sim_name': 'fastran_000001', 'portal_data': {'code': 'fastran_driver_fastran_driver', 'eventtype': 'IPS_CALL_END', 'ok': True, 'walltime': '80.31', 'time': '2025-09-09|16:20:48PDT', 'trace': {'timestamp': 1757460047107273, 'duration': 1124658, 'localEndpoint': {'serviceName': 'fastran_000001@modeleq_constraint@6'}, 'name': 'step(preprocess_8)', 'id': '6af8c0a1f1f30b92', 'parentId': '15e0663de819b9fa', 'tags': {}}, 'state': 'Running', 'comment': 'Target = fastran_000001@modeleq_constraint@6:step(preprocess_8)'}})
2025-09-09 16:20:48,243 fastran_driver_fastran_driver_2 DEBUG    _get_service_response(REQUEST|fastran_000001@fastran_driver@2|FRAMEWORK@Framework@0|304)
2025-09-09 16:20:48,253 fastran_driver_fastran_driver_2 DEBUG    _get_service_response(REQUEST|fastran_000001@fastran_driver@2|FRAMEWORK@Framework@0|304), response = ServiceResponseMessage(sender_id=FRAMEWORK@Framework@0, receiver_id=fastran_000001@fastran_driver@2, request_msg_id=REQUEST|fastran_000001@fastran_driver@2|FRAMEWORK@Framework@0|304,status=0, args=(None,), message_id=RESPONSE|FRAMEWORK@Framework@0|fastran_000001@fastran_driver@2|860)
2025-09-09 16:20:48,254 fastran_driver_fastran_driver_2 DEBUG    _invoke_service(): getTopic  ('_IPS_MONITOR',)
2025-09-09 16:20:48,254 fastran_driver_fastran_driver_2 DEBUG    _get_service_response(REQUEST|fastran_000001@fastran_driver@2|FRAMEWORK@Framework@0|305)
2025-09-09 16:20:48,264 fastran_driver_fastran_driver_2 DEBUG    _get_service_response(REQUEST|fastran_000001@fastran_driver@2|FRAMEWORK@Framework@0|305), response = ServiceResponseMessage(sender_id=FRAMEWORK@Framework@0, receiver_id=fastran_000001@fastran_driver@2, request_msg_id=REQUEST|fastran_000001@fastran_driver@2|FRAMEWORK@Framework@0|305,status=0, args=(<ipsframework.cca_es_spec.Topic object at 0x7f87c63e02b0>,), message_id=RESPONSE|FRAMEWORK@Framework@0|fastran_000001@fastran_driver@2|861)
2025-09-09 16:20:48,265 fastran_driver_fastran_driver_2 DEBUG    _invoke_service(): sendEvent  ('_IPS_MONITOR', 'PORTALBRIDGE_UPDATE_TIMESTAMP', {'sim_name': 'fastran_000001', 'real_sim_name': 'fastran_000001', 'portal_data': {'phystimestamp': 'preprocess_9', 'eventtype': 'PORTALBRIDGE_UPDATE_TIMESTAMP'}})
2025-09-09 16:20:48,265 fastran_driver_fastran_driver_2 DEBUG    _get_service_response(REQUEST|fastran_000001@fastran_driver@2|FRAMEWORK@Framework@0|306)
2025-09-09 16:20:48,275 fastran_driver_fastran_driver_2 DEBUG    _get_service_response(REQUEST|fastran_000001@fastran_driver@2|FRAMEWORK@Framework@0|306), response = ServiceResponseMessage(sender_id=FRAMEWORK@Framework@0, receiver_id=fastran_000001@fastran_driver@2, request_msg_id=REQUEST|fastran_000001@fastran_driver@2|FRAMEWORK@Framework@0|306,status=0, args=(None,), message_id=RESPONSE|FRAMEWORK@Framework@0|fastran_000001@fastran_driver@2|862)
2025-09-09 16:20:48,275 fastran_driver_fastran_driver_2 DEBUG    _invoke_service(): getTopic  ('_IPS_MONITOR',)
2025-09-09 16:20:48,276 fastran_driver_fastran_driver_2 DEBUG    _get_service_response(REQUEST|fastran_000001@fastran_driver@2|FRAMEWORK@Framework@0|307)
2025-09-09 16:20:48,286 fastran_driver_fastran_driver_2 DEBUG    _get_service_response(REQUEST|fastran_000001@fastran_driver@2|FRAMEWORK@Framework@0|307), response = ServiceResponseMessage(sender_id=FRAMEWORK@Framework@0, receiver_id=fastran_000001@fastran_driver@2, request_msg_id=REQUEST|fastran_000001@fastran_driver@2|FRAMEWORK@Framework@0|307,status=0, args=(<ipsframework.cca_es_spec.Topic object at 0x7f87c63e01c0>,), message_id=RESPONSE|FRAMEWORK@Framework@0|fastran_000001@fastran_driver@2|863)
2025-09-09 16:20:48,286 fastran_driver_fastran_driver_2 DEBUG    _invoke_service(): sendEvent  ('_IPS_MONITOR', 'PORTAL_EVENT', {'sim_name': 'fastran_000001', 'real_sim_name': 'fastran_000001', 'portal_data': {'code': 'fastran_driver_fastran_driver', 'eventtype': 'IPS_UPDATE_TIME_STAMP', 'ok': True, 'walltime': '80.35', 'time': '2025-09-09|16:20:48PDT', 'state': 'Running', 'comment': 'Timestamp = preprocess_9'}})
2025-09-09 16:20:48,286 fastran_driver_fastran_driver_2 DEBUG    _get_service_response(REQUEST|fastran_000001@fastran_driver@2|FRAMEWORK@Framework@0|308)
2025-09-09 16:20:48,297 fastran_driver_fastran_driver_2 DEBUG    _get_service_response(REQUEST|fastran_000001@fastran_driver@2|FRAMEWORK@Framework@0|308), response = ServiceResponseMessage(sender_id=FRAMEWORK@Framework@0, receiver_id=fastran_000001@fastran_driver@2, request_msg_id=REQUEST|fastran_000001@fastran_driver@2|FRAMEWORK@Framework@0|308,status=0, args=(None,), message_id=RESPONSE|FRAMEWORK@Framework@0|fastran_000001@fastran_driver@2|864)
2025-09-09 16:20:48,297 fastran_driver_fastran_driver_2 DEBUG    _invoke_service(): getTopic  ('_IPS_MONITOR',)
2025-09-09 16:20:48,297 fastran_driver_fastran_driver_2 DEBUG    _get_service_response(REQUEST|fastran_000001@fastran_driver@2|FRAMEWORK@Framework@0|309)
2025-09-09 16:20:48,308 fastran_driver_fastran_driver_2 DEBUG    _get_service_response(REQUEST|fastran_000001@fastran_driver@2|FRAMEWORK@Framework@0|309), response = ServiceResponseMessage(sender_id=FRAMEWORK@Framework@0, receiver_id=fastran_000001@fastran_driver@2, request_msg_id=REQUEST|fastran_000001@fastran_driver@2|FRAMEWORK@Framework@0|309,status=0, args=(<ipsframework.cca_es_spec.Topic object at 0x7f87c63e0280>,), message_id=RESPONSE|FRAMEWORK@Framework@0|fastran_000001@fastran_driver@2|865)
2025-09-09 16:20:48,308 fastran_driver_fastran_driver_2 DEBUG    _invoke_service(): sendEvent  ('_IPS_MONITOR', 'PORTAL_EVENT', {'sim_name': 'fastran_000001', 'real_sim_name': 'fastran_000001', 'portal_data': {'code': 'fastran_driver_fastran_driver', 'eventtype': 'IPS_CALL_BEGIN', 'ok': True, 'walltime': '80.37', 'time': '2025-09-09|16:20:48PDT', 'state': 'Running', 'comment': 'Target = fastran_000001@efit@3:step(preprocess_9)'}})
2025-09-09 16:20:48,308 fastran_driver_fastran_driver_2 DEBUG    _get_service_response(REQUEST|fastran_000001@fastran_driver@2|FRAMEWORK@Framework@0|310)
2025-09-09 16:20:48,319 fastran_driver_fastran_driver_2 DEBUG    _get_service_response(REQUEST|fastran_000001@fastran_driver@2|FRAMEWORK@Framework@0|310), response = ServiceResponseMessage(sender_id=FRAMEWORK@Framework@0, receiver_id=fastran_000001@fastran_driver@2, request_msg_id=REQUEST|fastran_000001@fastran_driver@2|FRAMEWORK@Framework@0|310,status=0, args=(None,), message_id=RESPONSE|FRAMEWORK@Framework@0|fastran_000001@fastran_driver@2|866)
2025-09-09 16:20:48,319 fastran_driver_fastran_driver_2 DEBUG    _invoke_service(): init_call  ('step', 'preprocess_9')
2025-09-09 16:20:48,319 fastran_driver_fastran_driver_2 DEBUG    _get_service_response(REQUEST|fastran_000001@fastran_driver@2|FRAMEWORK@Framework@0|311)
2025-09-09 16:20:48,320 fastran_eq0_efit_3 DEBUG    Received Message 
2025-09-09 16:20:48,320 fastran_eq0_efit_3 DEBUG    Calling method step(preprocess_9)
2025-09-09 16:20:48,320 fastran_eq0_efit_3 DEBUG    _invoke_service(): stage_state  (['s000001.00001', 'g000001.00001', 'i000001.00001', 'b000001.00001'], '/pscratch/sd/b/bassem/ips/tglf-ep_32_repeat/SCAN/work/plasma_state', '/pscratch/sd/b/bassem/ips/tglf-ep_32_repeat/SCAN/work/fastran_eq0_efit_3')
2025-09-09 16:20:48,320 fastran_eq0_efit_3 DEBUG    _get_service_response(REQUEST|fastran_000001@efit@3|FRAMEWORK@Framework@0|78)
2025-09-09 16:20:48,330 fastran_driver_fastran_driver_2 DEBUG    _get_service_response(REQUEST|fastran_000001@fastran_driver@2|FRAMEWORK@Framework@0|311), response = ServiceResponseMessage(sender_id=FRAMEWORK@Framework@0, receiver_id=fastran_000001@fastran_driver@2, request_msg_id=REQUEST|fastran_000001@fastran_driver@2|FRAMEWORK@Framework@0|311,status=0, args=(53,), message_id=RESPONSE|FRAMEWORK@Framework@0|fastran_000001@fastran_driver@2|867)
2025-09-09 16:20:48,330 fastran_driver_fastran_driver_2 DEBUG    _invoke_service(): wait_call  (53, True)
2025-09-09 16:20:48,330 fastran_driver_fastran_driver_2 DEBUG    _get_service_response(REQUEST|fastran_000001@fastran_driver@2|FRAMEWORK@Framework@0|312)
2025-09-09 16:20:48,342 fastran_eq0_efit_3 DEBUG    _get_service_response(REQUEST|fastran_000001@efit@3|FRAMEWORK@Framework@0|78), response = ServiceResponseMessage(sender_id=FRAMEWORK@Framework@0, receiver_id=fastran_000001@efit@3, request_msg_id=REQUEST|fastran_000001@efit@3|FRAMEWORK@Framework@0|78,status=0, args=(0,), message_id=RESPONSE|FRAMEWORK@Framework@0|fastran_000001@efit@3|868)
2025-09-09 16:20:48,342 fastran_eq0_efit_3 DEBUG    _invoke_service(): getTopic  ('_IPS_MONITOR',)
2025-09-09 16:20:48,342 fastran_eq0_efit_3 DEBUG    _get_service_response(REQUEST|fastran_000001@efit@3|FRAMEWORK@Framework@0|79)
2025-09-09 16:20:48,353 fastran_eq0_efit_3 DEBUG    _get_service_response(REQUEST|fastran_000001@efit@3|FRAMEWORK@Framework@0|79), response = ServiceResponseMessage(sender_id=FRAMEWORK@Framework@0, receiver_id=fastran_000001@efit@3, request_msg_id=REQUEST|fastran_000001@efit@3|FRAMEWORK@Framework@0|79,status=0, args=(<ipsframework.cca_es_spec.Topic object at 0x7f87c63b69d0>,), message_id=RESPONSE|FRAMEWORK@Framework@0|fastran_000001@efit@3|869)
2025-09-09 16:20:48,353 fastran_eq0_efit_3 DEBUG    _invoke_service(): sendEvent  ('_IPS_MONITOR', 'PORTAL_EVENT', {'sim_name': 'fastran_000001', 'real_sim_name': 'fastran_000001', 'portal_data': {'code': 'fastran_eq0_efit', 'eventtype': 'IPS_STAGE_STATE', 'ok': True, 'walltime': '80.42', 'time': '2025-09-09|16:20:48PDT', 'trace': {'timestamp': 1757460048320419, 'duration': 22185, 'localEndpoint': {'serviceName': 'stage_state'}, 'name': "['s000001.00001', 'g000001.00001', 'i000001.00001', 'b000001.00001']", 'id': 'ff3119918b5e7670', 'parentId': '072f74fce880ccec', 'tags': {}}, 'state': 'Running', 'comment': 'Elapsed time = 0.022  files = s000001.00001 g000001.00001 i000001.00001 b000001.00001 Success'}})
2025-09-09 16:20:48,353 fastran_eq0_efit_3 DEBUG    _get_service_response(REQUEST|fastran_000001@efit@3|FRAMEWORK@Framework@0|80)
2025-09-09 16:20:48,363 fastran_eq0_efit_3 DEBUG    _get_service_response(REQUEST|fastran_000001@efit@3|FRAMEWORK@Framework@0|80), response = ServiceResponseMessage(sender_id=FRAMEWORK@Framework@0, receiver_id=fastran_000001@efit@3, request_msg_id=REQUEST|fastran_000001@efit@3|FRAMEWORK@Framework@0|80,status=0, args=(None,), message_id=RESPONSE|FRAMEWORK@Framework@0|fastran_000001@efit@3|870)
2025-09-09 16:20:50,357 fastran_eq0_efit_3 DEBUG    _invoke_service(): update_state  (['s000001.00001', 'g000001.00001', 'i000001.00001', 'b000001.00001'], '/pscratch/sd/b/bassem/ips/tglf-ep_32_repeat/SCAN/work/fastran_eq0_efit_3', '/pscratch/sd/b/bassem/ips/tglf-ep_32_repeat/SCAN/work/plasma_state')
2025-09-09 16:20:50,358 fastran_eq0_efit_3 DEBUG    _get_service_response(REQUEST|fastran_000001@efit@3|FRAMEWORK@Framework@0|81)
2025-09-09 16:20:50,381 fastran_eq0_efit_3 DEBUG    _get_service_response(REQUEST|fastran_000001@efit@3|FRAMEWORK@Framework@0|81), response = ServiceResponseMessage(sender_id=FRAMEWORK@Framework@0, receiver_id=fastran_000001@efit@3, request_msg_id=REQUEST|fastran_000001@efit@3|FRAMEWORK@Framework@0|81,status=0, args=(0,), message_id=RESPONSE|FRAMEWORK@Framework@0|fastran_000001@efit@3|875)
2025-09-09 16:20:50,381 fastran_eq0_efit_3 DEBUG    _invoke_service(): getTopic  ('_IPS_MONITOR',)
2025-09-09 16:20:50,382 fastran_eq0_efit_3 DEBUG    _get_service_response(REQUEST|fastran_000001@efit@3|FRAMEWORK@Framework@0|82)
2025-09-09 16:20:50,392 fastran_eq0_efit_3 DEBUG    _get_service_response(REQUEST|fastran_000001@efit@3|FRAMEWORK@Framework@0|82), response = ServiceResponseMessage(sender_id=FRAMEWORK@Framework@0, receiver_id=fastran_000001@efit@3, request_msg_id=REQUEST|fastran_000001@efit@3|FRAMEWORK@Framework@0|82,status=0, args=(<ipsframework.cca_es_spec.Topic object at 0x7f87c639b190>,), message_id=RESPONSE|FRAMEWORK@Framework@0|fastran_000001@efit@3|876)
2025-09-09 16:20:50,392 fastran_eq0_efit_3 DEBUG    _invoke_service(): sendEvent  ('_IPS_MONITOR', 'PORTAL_EVENT', {'sim_name': 'fastran_000001', 'real_sim_name': 'fastran_000001', 'portal_data': {'code': 'fastran_eq0_efit', 'eventtype': 'IPS_UPDATE_STATE', 'ok': True, 'walltime': '82.46', 'time': '2025-09-09|16:20:50PDT', 'trace': {'timestamp': 1757460050357120, 'duration': 24580, 'localEndpoint': {'serviceName': 'update_state'}, 'name': "['s000001.00001', 'g000001.00001', 'i000001.00001', 'b000001.00001']", 'id': '2fc1229e1e650f1c', 'parentId': '072f74fce880ccec', 'tags': {}}, 'state': 'Running', 'comment': 'Elapsed time = 0.025   files = s000001.00001 g000001.00001 i000001.00001 b000001.00001 Success'}})
2025-09-09 16:20:50,392 fastran_eq0_efit_3 DEBUG    _get_service_response(REQUEST|fastran_000001@efit@3|FRAMEWORK@Framework@0|83)
2025-09-09 16:20:50,403 fastran_eq0_efit_3 DEBUG    _get_service_response(REQUEST|fastran_000001@efit@3|FRAMEWORK@Framework@0|83), response = ServiceResponseMessage(sender_id=FRAMEWORK@Framework@0, receiver_id=fastran_000001@efit@3, request_msg_id=REQUEST|fastran_000001@efit@3|FRAMEWORK@Framework@0|83,status=0, args=(None,), message_id=RESPONSE|FRAMEWORK@Framework@0|fastran_000001@efit@3|877)
2025-09-09 16:20:50,425 fastran_eq0_efit_3 DEBUG    _invoke_service(): getTopic  ('_IPS_MONITOR',)
2025-09-09 16:20:50,426 fastran_eq0_efit_3 DEBUG    _get_service_response(REQUEST|fastran_000001@efit@3|FRAMEWORK@Framework@0|84)
2025-09-09 16:20:50,436 fastran_eq0_efit_3 DEBUG    _get_service_response(REQUEST|fastran_000001@efit@3|FRAMEWORK@Framework@0|84), response = ServiceResponseMessage(sender_id=FRAMEWORK@Framework@0, receiver_id=fastran_000001@efit@3, request_msg_id=REQUEST|fastran_000001@efit@3|FRAMEWORK@Framework@0|84,status=0, args=(<ipsframework.cca_es_spec.Topic object at 0x7f87c639b8b0>,), message_id=RESPONSE|FRAMEWORK@Framework@0|fastran_000001@efit@3|879)
2025-09-09 16:20:50,436 fastran_eq0_efit_3 DEBUG    _invoke_service(): sendEvent  ('_IPS_MONITOR', 'PORTAL_EVENT', {'sim_name': 'fastran_000001', 'real_sim_name': 'fastran_000001', 'portal_data': {'code': 'fastran_eq0_efit', 'eventtype': 'IPS_STAGE_OUTPUTS', 'ok': True, 'walltime': '82.50', 'time': '2025-09-09|16:20:50PDT', 'trace': {'timestamp': 1757460050403880, 'duration': 21883, 'localEndpoint': {'serviceName': 'stage_output_files'}, 'name': "['g*.*', 'a*.*', 'm*.*', 'k*.*', 'efit.log', 's*.*']", 'id': '80725d8eee5776f1', 'parentId': '072f74fce880ccec', 'tags': {}}, 'state': 'Running', 'comment': "Elapsed time = 0.022 Path = /pscratch/sd/b/bassem/ips/tglf-ep_32_repeat/SCAN/simulation_results/preprocess_9/components/fastran_eq0_efit_3 Files = ['g*.*', 'a*.*', 'm*.*', 'k*.*', 'efit.log', 's*.*']"}})
2025-09-09 16:20:50,436 fastran_eq0_efit_3 DEBUG    _get_service_response(REQUEST|fastran_000001@efit@3|FRAMEWORK@Framework@0|85)
2025-09-09 16:20:50,447 fastran_eq0_efit_3 DEBUG    _get_service_response(REQUEST|fastran_000001@efit@3|FRAMEWORK@Framework@0|85), response = ServiceResponseMessage(sender_id=FRAMEWORK@Framework@0, receiver_id=fastran_000001@efit@3, request_msg_id=REQUEST|fastran_000001@efit@3|FRAMEWORK@Framework@0|85,status=0, args=(None,), message_id=RESPONSE|FRAMEWORK@Framework@0|fastran_000001@efit@3|880)
2025-09-09 16:20:50,460 fastran_driver_fastran_driver_2 DEBUG    _get_service_response(REQUEST|fastran_000001@fastran_driver@2|FRAMEWORK@Framework@0|312), response = ServiceResponseMessage(sender_id=FRAMEWORK@Framework@0, receiver_id=fastran_000001@fastran_driver@2, request_msg_id=REQUEST|fastran_000001@fastran_driver@2|FRAMEWORK@Framework@0|312,status=0, args=((None,),), message_id=RESPONSE|FRAMEWORK@Framework@0|fastran_000001@fastran_driver@2|881)
2025-09-09 16:20:50,460 fastran_driver_fastran_driver_2 DEBUG    _invoke_service(): getTopic  ('_IPS_MONITOR',)
2025-09-09 16:20:50,460 fastran_driver_fastran_driver_2 DEBUG    _get_service_response(REQUEST|fastran_000001@fastran_driver@2|FRAMEWORK@Framework@0|313)
2025-09-09 16:20:50,470 fastran_driver_fastran_driver_2 DEBUG    _get_service_response(REQUEST|fastran_000001@fastran_driver@2|FRAMEWORK@Framework@0|313), response = ServiceResponseMessage(sender_id=FRAMEWORK@Framework@0, receiver_id=fastran_000001@fastran_driver@2, request_msg_id=REQUEST|fastran_000001@fastran_driver@2|FRAMEWORK@Framework@0|313,status=0, args=(<ipsframework.cca_es_spec.Topic object at 0x7f87c63e01c0>,), message_id=RESPONSE|FRAMEWORK@Framework@0|fastran_000001@fastran_driver@2|882)
2025-09-09 16:20:50,470 fastran_driver_fastran_driver_2 DEBUG    _invoke_service(): sendEvent  ('_IPS_MONITOR', 'PORTAL_EVENT', {'sim_name': 'fastran_000001', 'real_sim_name': 'fastran_000001', 'portal_data': {'code': 'fastran_driver_fastran_driver', 'eventtype': 'IPS_CALL_END', 'ok': True, 'walltime': '82.54', 'time': '2025-09-09|16:20:50PDT', 'trace': {'timestamp': 1757460048330134, 'duration': 2130019, 'localEndpoint': {'serviceName': 'fastran_000001@efit@3'}, 'name': 'step(preprocess_9)', 'id': '072f74fce880ccec', 'parentId': '15e0663de819b9fa', 'tags': {}}, 'state': 'Running', 'comment': 'Target = fastran_000001@efit@3:step(preprocess_9)'}})
2025-09-09 16:20:50,470 fastran_driver_fastran_driver_2 DEBUG    _get_service_response(REQUEST|fastran_000001@fastran_driver@2|FRAMEWORK@Framework@0|314)
2025-09-09 16:20:50,481 fastran_driver_fastran_driver_2 DEBUG    _get_service_response(REQUEST|fastran_000001@fastran_driver@2|FRAMEWORK@Framework@0|314), response = ServiceResponseMessage(sender_id=FRAMEWORK@Framework@0, receiver_id=fastran_000001@fastran_driver@2, request_msg_id=REQUEST|fastran_000001@fastran_driver@2|FRAMEWORK@Framework@0|314,status=0, args=(None,), message_id=RESPONSE|FRAMEWORK@Framework@0|fastran_000001@fastran_driver@2|883)
2025-09-09 16:20:50,481 fastran_driver_fastran_driver_2 DEBUG    _invoke_service(): getTopic  ('_IPS_MONITOR',)
2025-09-09 16:20:50,481 fastran_driver_fastran_driver_2 DEBUG    _get_service_response(REQUEST|fastran_000001@fastran_driver@2|FRAMEWORK@Framework@0|315)
2025-09-09 16:20:50,492 fastran_driver_fastran_driver_2 DEBUG    _get_service_response(REQUEST|fastran_000001@fastran_driver@2|FRAMEWORK@Framework@0|315), response = ServiceResponseMessage(sender_id=FRAMEWORK@Framework@0, receiver_id=fastran_000001@fastran_driver@2, request_msg_id=REQUEST|fastran_000001@fastran_driver@2|FRAMEWORK@Framework@0|315,status=0, args=(<ipsframework.cca_es_spec.Topic object at 0x7f87c63e02b0>,), message_id=RESPONSE|FRAMEWORK@Framework@0|fastran_000001@fastran_driver@2|884)
2025-09-09 16:20:50,492 fastran_driver_fastran_driver_2 DEBUG    _invoke_service(): sendEvent  ('_IPS_MONITOR', 'PORTAL_EVENT', {'sim_name': 'fastran_000001', 'real_sim_name': 'fastran_000001', 'portal_data': {'code': 'fastran_driver_fastran_driver', 'eventtype': 'IPS_CALL_BEGIN', 'ok': True, 'walltime': '82.56', 'time': '2025-09-09|16:20:50PDT', 'state': 'Running', 'comment': 'Target = fastran_000001@hcd_model@4:step(preprocess_9)'}})
2025-09-09 16:20:50,492 fastran_driver_fastran_driver_2 DEBUG    _get_service_response(REQUEST|fastran_000001@fastran_driver@2|FRAMEWORK@Framework@0|316)
2025-09-09 16:20:50,502 fastran_driver_fastran_driver_2 DEBUG    _get_service_response(REQUEST|fastran_000001@fastran_driver@2|FRAMEWORK@Framework@0|316), response = ServiceResponseMessage(sender_id=FRAMEWORK@Framework@0, receiver_id=fastran_000001@fastran_driver@2, request_msg_id=REQUEST|fastran_000001@fastran_driver@2|FRAMEWORK@Framework@0|316,status=0, args=(None,), message_id=RESPONSE|FRAMEWORK@Framework@0|fastran_000001@fastran_driver@2|885)
2025-09-09 16:20:50,502 fastran_driver_fastran_driver_2 DEBUG    _invoke_service(): init_call  ('step', 'preprocess_9')
2025-09-09 16:20:50,502 fastran_driver_fastran_driver_2 DEBUG    _get_service_response(REQUEST|fastran_000001@fastran_driver@2|FRAMEWORK@Framework@0|317)
2025-09-09 16:20:50,503 fastran_ic_hcd_model_4 DEBUG    Received Message 
2025-09-09 16:20:50,503 fastran_ic_hcd_model_4 DEBUG    Calling method step(preprocess_9)
2025-09-09 16:20:50,503 fastran_ic_hcd_model_4 DEBUG    _invoke_service(): stage_state  (['s000001.00001', 'g000001.00001', 'i000001.00001', 'b000001.00001'], '/pscratch/sd/b/bassem/ips/tglf-ep_32_repeat/SCAN/work/plasma_state', '/pscratch/sd/b/bassem/ips/tglf-ep_32_repeat/SCAN/work/fastran_ic_hcd_model_4')
2025-09-09 16:20:50,503 fastran_ic_hcd_model_4 DEBUG    _get_service_response(REQUEST|fastran_000001@hcd_model@4|FRAMEWORK@Framework@0|90)
2025-09-09 16:20:50,512 fastran_driver_fastran_driver_2 DEBUG    _get_service_response(REQUEST|fastran_000001@fastran_driver@2|FRAMEWORK@Framework@0|317), response = ServiceResponseMessage(sender_id=FRAMEWORK@Framework@0, receiver_id=fastran_000001@fastran_driver@2, request_msg_id=REQUEST|fastran_000001@fastran_driver@2|FRAMEWORK@Framework@0|317,status=0, args=(54,), message_id=RESPONSE|FRAMEWORK@Framework@0|fastran_000001@fastran_driver@2|886)
2025-09-09 16:20:50,513 fastran_driver_fastran_driver_2 DEBUG    _invoke_service(): wait_call  (54, True)
2025-09-09 16:20:50,513 fastran_driver_fastran_driver_2 DEBUG    _get_service_response(REQUEST|fastran_000001@fastran_driver@2|FRAMEWORK@Framework@0|318)
2025-09-09 16:20:50,525 fastran_ic_hcd_model_4 DEBUG    _get_service_response(REQUEST|fastran_000001@hcd_model@4|FRAMEWORK@Framework@0|90), response = ServiceResponseMessage(sender_id=FRAMEWORK@Framework@0, receiver_id=fastran_000001@hcd_model@4, request_msg_id=REQUEST|fastran_000001@hcd_model@4|FRAMEWORK@Framework@0|90,status=0, args=(0,), message_id=RESPONSE|FRAMEWORK@Framework@0|fastran_000001@hcd_model@4|887)
2025-09-09 16:20:50,525 fastran_ic_hcd_model_4 DEBUG    _invoke_service(): getTopic  ('_IPS_MONITOR',)
2025-09-09 16:20:50,525 fastran_ic_hcd_model_4 DEBUG    _get_service_response(REQUEST|fastran_000001@hcd_model@4|FRAMEWORK@Framework@0|91)
2025-09-09 16:20:50,536 fastran_ic_hcd_model_4 DEBUG    _get_service_response(REQUEST|fastran_000001@hcd_model@4|FRAMEWORK@Framework@0|91), response = ServiceResponseMessage(sender_id=FRAMEWORK@Framework@0, receiver_id=fastran_000001@hcd_model@4, request_msg_id=REQUEST|fastran_000001@hcd_model@4|FRAMEWORK@Framework@0|91,status=0, args=(<ipsframework.cca_es_spec.Topic object at 0x7f87c640f0a0>,), message_id=RESPONSE|FRAMEWORK@Framework@0|fastran_000001@hcd_model@4|888)
2025-09-09 16:20:50,536 fastran_ic_hcd_model_4 DEBUG    _invoke_service(): sendEvent  ('_IPS_MONITOR', 'PORTAL_EVENT', {'sim_name': 'fastran_000001', 'real_sim_name': 'fastran_000001', 'portal_data': {'code': 'fastran_ic_hcd_model', 'eventtype': 'IPS_STAGE_STATE', 'ok': True, 'walltime': '82.60', 'time': '2025-09-09|16:20:50PDT', 'trace': {'timestamp': 1757460050503349, 'duration': 22234, 'localEndpoint': {'serviceName': 'stage_state'}, 'name': "['s000001.00001', 'g000001.00001', 'i000001.00001', 'b000001.00001']", 'id': 'ff3119918b5e7670', 'parentId': '9dd0599ca7421902', 'tags': {}}, 'state': 'Running', 'comment': 'Elapsed time = 0.022  files = s000001.00001 g000001.00001 i000001.00001 b000001.00001 Success'}})
2025-09-09 16:20:50,536 fastran_ic_hcd_model_4 DEBUG    _get_service_response(REQUEST|fastran_000001@hcd_model@4|FRAMEWORK@Framework@0|92)
2025-09-09 16:20:50,547 fastran_ic_hcd_model_4 DEBUG    _get_service_response(REQUEST|fastran_000001@hcd_model@4|FRAMEWORK@Framework@0|92), response = ServiceResponseMessage(sender_id=FRAMEWORK@Framework@0, receiver_id=fastran_000001@hcd_model@4, request_msg_id=REQUEST|fastran_000001@hcd_model@4|FRAMEWORK@Framework@0|92,status=0, args=(None,), message_id=RESPONSE|FRAMEWORK@Framework@0|fastran_000001@hcd_model@4|889)
2025-09-09 16:20:50,551 fastran_ic_hcd_model_4 DEBUG    _invoke_service(): getTopic  ('_IPS_MONITOR',)
2025-09-09 16:20:50,552 fastran_ic_hcd_model_4 DEBUG    _get_service_response(REQUEST|fastran_000001@hcd_model@4|FRAMEWORK@Framework@0|93)
2025-09-09 16:20:50,562 fastran_ic_hcd_model_4 DEBUG    _get_service_response(REQUEST|fastran_000001@hcd_model@4|FRAMEWORK@Framework@0|93), response = ServiceResponseMessage(sender_id=FRAMEWORK@Framework@0, receiver_id=fastran_000001@hcd_model@4, request_msg_id=REQUEST|fastran_000001@hcd_model@4|FRAMEWORK@Framework@0|93,status=0, args=(<ipsframework.cca_es_spec.Topic object at 0x7f87c640f280>,), message_id=RESPONSE|FRAMEWORK@Framework@0|fastran_000001@hcd_model@4|890)
2025-09-09 16:20:50,562 fastran_ic_hcd_model_4 DEBUG    _invoke_service(): sendEvent  ('_IPS_MONITOR', 'PORTAL_EVENT', {'sim_name': 'fastran_000001', 'real_sim_name': 'fastran_000001', 'portal_data': {'code': 'fastran_ic_hcd_model', 'eventtype': 'IPS_STAGE_INPUTS', 'ok': True, 'walltime': '82.63', 'time': '2025-09-09|16:20:50PDT', 'trace': {'timestamp': 1757460050547475, 'duration': 4403, 'localEndpoint': {'serviceName': 'stage_input_files'}, 'name': 'inhcd', 'id': '5ee53c28a9607896', 'parentId': '9dd0599ca7421902', 'tags': {}}, 'state': 'Running', 'comment': 'Elapsed time = 0.004 Path = /pscratch/sd/b/bassem/ips/tglf-ep_32_repeat/input Files = inhcd'}})
2025-09-09 16:20:50,562 fastran_ic_hcd_model_4 DEBUG    _get_service_response(REQUEST|fastran_000001@hcd_model@4|FRAMEWORK@Framework@0|94)
2025-09-09 16:20:50,573 fastran_ic_hcd_model_4 DEBUG    _get_service_response(REQUEST|fastran_000001@hcd_model@4|FRAMEWORK@Framework@0|94), response = ServiceResponseMessage(sender_id=FRAMEWORK@Framework@0, receiver_id=fastran_000001@hcd_model@4, request_msg_id=REQUEST|fastran_000001@hcd_model@4|FRAMEWORK@Framework@0|94,status=0, args=(None,), message_id=RESPONSE|FRAMEWORK@Framework@0|fastran_000001@hcd_model@4|891)
2025-09-09 16:20:50,683 fastran_ic_hcd_model_4 DEBUG    _invoke_service(): update_state  (['s000001.00001', 'g000001.00001', 'i000001.00001', 'b000001.00001'], '/pscratch/sd/b/bassem/ips/tglf-ep_32_repeat/SCAN/work/fastran_ic_hcd_model_4', '/pscratch/sd/b/bassem/ips/tglf-ep_32_repeat/SCAN/work/plasma_state')
2025-09-09 16:20:50,683 fastran_ic_hcd_model_4 DEBUG    _get_service_response(REQUEST|fastran_000001@hcd_model@4|FRAMEWORK@Framework@0|95)
2025-09-09 16:20:50,705 fastran_ic_hcd_model_4 DEBUG    _get_service_response(REQUEST|fastran_000001@hcd_model@4|FRAMEWORK@Framework@0|95), response = ServiceResponseMessage(sender_id=FRAMEWORK@Framework@0, receiver_id=fastran_000001@hcd_model@4, request_msg_id=REQUEST|fastran_000001@hcd_model@4|FRAMEWORK@Framework@0|95,status=0, args=(0,), message_id=RESPONSE|FRAMEWORK@Framework@0|fastran_000001@hcd_model@4|892)
2025-09-09 16:20:50,705 fastran_ic_hcd_model_4 DEBUG    _invoke_service(): getTopic  ('_IPS_MONITOR',)
2025-09-09 16:20:50,705 fastran_ic_hcd_model_4 DEBUG    _get_service_response(REQUEST|fastran_000001@hcd_model@4|FRAMEWORK@Framework@0|96)
2025-09-09 16:20:50,716 fastran_ic_hcd_model_4 DEBUG    _get_service_response(REQUEST|fastran_000001@hcd_model@4|FRAMEWORK@Framework@0|96), response = ServiceResponseMessage(sender_id=FRAMEWORK@Framework@0, receiver_id=fastran_000001@hcd_model@4, request_msg_id=REQUEST|fastran_000001@hcd_model@4|FRAMEWORK@Framework@0|96,status=0, args=(<ipsframework.cca_es_spec.Topic object at 0x7f87c640f430>,), message_id=RESPONSE|FRAMEWORK@Framework@0|fastran_000001@hcd_model@4|893)
2025-09-09 16:20:50,716 fastran_ic_hcd_model_4 DEBUG    _invoke_service(): sendEvent  ('_IPS_MONITOR', 'PORTAL_EVENT', {'sim_name': 'fastran_000001', 'real_sim_name': 'fastran_000001', 'portal_data': {'code': 'fastran_ic_hcd_model', 'eventtype': 'IPS_UPDATE_STATE', 'ok': True, 'walltime': '82.78', 'time': '2025-09-09|16:20:50PDT', 'trace': {'timestamp': 1757460050683284, 'duration': 22509, 'localEndpoint': {'serviceName': 'update_state'}, 'name': "['s000001.00001', 'g000001.00001', 'i000001.00001', 'b000001.00001']", 'id': '2fc1229e1e650f1c', 'parentId': '9dd0599ca7421902', 'tags': {}}, 'state': 'Running', 'comment': 'Elapsed time = 0.023   files = s000001.00001 g000001.00001 i000001.00001 b000001.00001 Success'}})
2025-09-09 16:20:50,716 fastran_ic_hcd_model_4 DEBUG    _get_service_response(REQUEST|fastran_000001@hcd_model@4|FRAMEWORK@Framework@0|97)
2025-09-09 16:20:50,727 fastran_ic_hcd_model_4 DEBUG    _get_service_response(REQUEST|fastran_000001@hcd_model@4|FRAMEWORK@Framework@0|97), response = ServiceResponseMessage(sender_id=FRAMEWORK@Framework@0, receiver_id=fastran_000001@hcd_model@4, request_msg_id=REQUEST|fastran_000001@hcd_model@4|FRAMEWORK@Framework@0|97,status=0, args=(None,), message_id=RESPONSE|FRAMEWORK@Framework@0|fastran_000001@hcd_model@4|894)
2025-09-09 16:20:50,727 fastran_ic_hcd_model_4 DEBUG    _invoke_service(): getTopic  ('_IPS_MONITOR',)
2025-09-09 16:20:50,727 fastran_ic_hcd_model_4 DEBUG    _get_service_response(REQUEST|fastran_000001@hcd_model@4|FRAMEWORK@Framework@0|98)
2025-09-09 16:20:50,737 fastran_ic_hcd_model_4 DEBUG    _get_service_response(REQUEST|fastran_000001@hcd_model@4|FRAMEWORK@Framework@0|98), response = ServiceResponseMessage(sender_id=FRAMEWORK@Framework@0, receiver_id=fastran_000001@hcd_model@4, request_msg_id=REQUEST|fastran_000001@hcd_model@4|FRAMEWORK@Framework@0|98,status=0, args=(<ipsframework.cca_es_spec.Topic object at 0x7f87c640f280>,), message_id=RESPONSE|FRAMEWORK@Framework@0|fastran_000001@hcd_model@4|895)
2025-09-09 16:20:50,738 fastran_ic_hcd_model_4 DEBUG    _invoke_service(): sendEvent  ('_IPS_MONITOR', 'PORTAL_EVENT', {'sim_name': 'fastran_000001', 'real_sim_name': 'fastran_000001', 'portal_data': {'code': 'fastran_ic_hcd_model', 'eventtype': 'IPS_STAGE_OUTPUTS', 'ok': True, 'walltime': '82.80', 'time': '2025-09-09|16:20:50PDT', 'trace': {'timestamp': 1757460050727179, 'duration': 189, 'localEndpoint': {'serviceName': 'stage_output_files'}, 'name': '[]', 'id': 'ed019efe11be26d9', 'parentId': '9dd0599ca7421902', 'tags': {}}, 'state': 'Running', 'comment': 'Elapsed time = 0.000 Path = /pscratch/sd/b/bassem/ips/tglf-ep_32_repeat/SCAN/simulation_results/preprocess_9/components/fastran_ic_hcd_model_4 Files = []'}})
2025-09-09 16:20:50,738 fastran_ic_hcd_model_4 DEBUG    _get_service_response(REQUEST|fastran_000001@hcd_model@4|FRAMEWORK@Framework@0|99)
2025-09-09 16:20:50,748 fastran_ic_hcd_model_4 DEBUG    _get_service_response(REQUEST|fastran_000001@hcd_model@4|FRAMEWORK@Framework@0|99), response = ServiceResponseMessage(sender_id=FRAMEWORK@Framework@0, receiver_id=fastran_000001@hcd_model@4, request_msg_id=REQUEST|fastran_000001@hcd_model@4|FRAMEWORK@Framework@0|99,status=0, args=(None,), message_id=RESPONSE|FRAMEWORK@Framework@0|fastran_000001@hcd_model@4|896)
2025-09-09 16:20:50,759 fastran_driver_fastran_driver_2 DEBUG    _get_service_response(REQUEST|fastran_000001@fastran_driver@2|FRAMEWORK@Framework@0|318), response = ServiceResponseMessage(sender_id=FRAMEWORK@Framework@0, receiver_id=fastran_000001@fastran_driver@2, request_msg_id=REQUEST|fastran_000001@fastran_driver@2|FRAMEWORK@Framework@0|318,status=0, args=((None,),), message_id=RESPONSE|FRAMEWORK@Framework@0|fastran_000001@fastran_driver@2|897)
2025-09-09 16:20:50,759 fastran_driver_fastran_driver_2 DEBUG    _invoke_service(): getTopic  ('_IPS_MONITOR',)
2025-09-09 16:20:50,759 fastran_driver_fastran_driver_2 DEBUG    _get_service_response(REQUEST|fastran_000001@fastran_driver@2|FRAMEWORK@Framework@0|319)
2025-09-09 16:20:50,770 fastran_driver_fastran_driver_2 DEBUG    _get_service_response(REQUEST|fastran_000001@fastran_driver@2|FRAMEWORK@Framework@0|319), response = ServiceResponseMessage(sender_id=FRAMEWORK@Framework@0, receiver_id=fastran_000001@fastran_driver@2, request_msg_id=REQUEST|fastran_000001@fastran_driver@2|FRAMEWORK@Framework@0|319,status=0, args=(<ipsframework.cca_es_spec.Topic object at 0x7f87c63e01c0>,), message_id=RESPONSE|FRAMEWORK@Framework@0|fastran_000001@fastran_driver@2|898)
2025-09-09 16:20:50,770 fastran_driver_fastran_driver_2 DEBUG    _invoke_service(): sendEvent  ('_IPS_MONITOR', 'PORTAL_EVENT', {'sim_name': 'fastran_000001', 'real_sim_name': 'fastran_000001', 'portal_data': {'code': 'fastran_driver_fastran_driver', 'eventtype': 'IPS_CALL_END', 'ok': True, 'walltime': '82.84', 'time': '2025-09-09|16:20:50PDT', 'trace': {'timestamp': 1757460050513007, 'duration': 246583, 'localEndpoint': {'serviceName': 'fastran_000001@hcd_model@4'}, 'name': 'step(preprocess_9)', 'id': '9dd0599ca7421902', 'parentId': '15e0663de819b9fa', 'tags': {}}, 'state': 'Running', 'comment': 'Target = fastran_000001@hcd_model@4:step(preprocess_9)'}})
2025-09-09 16:20:50,770 fastran_driver_fastran_driver_2 DEBUG    _get_service_response(REQUEST|fastran_000001@fastran_driver@2|FRAMEWORK@Framework@0|320)
2025-09-09 16:20:50,781 fastran_driver_fastran_driver_2 DEBUG    _get_service_response(REQUEST|fastran_000001@fastran_driver@2|FRAMEWORK@Framework@0|320), response = ServiceResponseMessage(sender_id=FRAMEWORK@Framework@0, receiver_id=fastran_000001@fastran_driver@2, request_msg_id=REQUEST|fastran_000001@fastran_driver@2|FRAMEWORK@Framework@0|320,status=0, args=(None,), message_id=RESPONSE|FRAMEWORK@Framework@0|fastran_000001@fastran_driver@2|899)
2025-09-09 16:20:50,781 fastran_driver_fastran_driver_2 DEBUG    _invoke_service(): getTopic  ('_IPS_MONITOR',)
2025-09-09 16:20:50,781 fastran_driver_fastran_driver_2 DEBUG    _get_service_response(REQUEST|fastran_000001@fastran_driver@2|FRAMEWORK@Framework@0|321)
2025-09-09 16:20:50,792 fastran_driver_fastran_driver_2 DEBUG    _get_service_response(REQUEST|fastran_000001@fastran_driver@2|FRAMEWORK@Framework@0|321), response = ServiceResponseMessage(sender_id=FRAMEWORK@Framework@0, receiver_id=fastran_000001@fastran_driver@2, request_msg_id=REQUEST|fastran_000001@fastran_driver@2|FRAMEWORK@Framework@0|321,status=0, args=(<ipsframework.cca_es_spec.Topic object at 0x7f87c63e0160>,), message_id=RESPONSE|FRAMEWORK@Framework@0|fastran_000001@fastran_driver@2|900)
2025-09-09 16:20:50,792 fastran_driver_fastran_driver_2 DEBUG    _invoke_service(): sendEvent  ('_IPS_MONITOR', 'PORTAL_EVENT', {'sim_name': 'fastran_000001', 'real_sim_name': 'fastran_000001', 'portal_data': {'code': 'fastran_driver_fastran_driver', 'eventtype': 'IPS_CALL_BEGIN', 'ok': True, 'walltime': '82.86', 'time': '2025-09-09|16:20:50PDT', 'state': 'Running', 'comment': 'Target = fastran_000001@fastran@5:step(preprocess_9)'}})
2025-09-09 16:20:50,792 fastran_driver_fastran_driver_2 DEBUG    _get_service_response(REQUEST|fastran_000001@fastran_driver@2|FRAMEWORK@Framework@0|322)
2025-09-09 16:20:50,803 fastran_driver_fastran_driver_2 DEBUG    _get_service_response(REQUEST|fastran_000001@fastran_driver@2|FRAMEWORK@Framework@0|322), response = ServiceResponseMessage(sender_id=FRAMEWORK@Framework@0, receiver_id=fastran_000001@fastran_driver@2, request_msg_id=REQUEST|fastran_000001@fastran_driver@2|FRAMEWORK@Framework@0|322,status=0, args=(None,), message_id=RESPONSE|FRAMEWORK@Framework@0|fastran_000001@fastran_driver@2|901)
2025-09-09 16:20:50,803 fastran_driver_fastran_driver_2 DEBUG    _invoke_service(): init_call  ('step', 'preprocess_9')
2025-09-09 16:20:50,803 fastran_driver_fastran_driver_2 DEBUG    _get_service_response(REQUEST|fastran_000001@fastran_driver@2|FRAMEWORK@Framework@0|323)
2025-09-09 16:20:50,803 fastran_tr0_fastran_5 DEBUG    Received Message 
2025-09-09 16:20:50,803 fastran_tr0_fastran_5 DEBUG    Calling method step(preprocess_9)
2025-09-09 16:20:50,804 fastran_tr0_fastran_5 DEBUG    _invoke_service(): stage_state  (['s000001.00001', 'g000001.00001', 'i000001.00001', 'b000001.00001'], '/pscratch/sd/b/bassem/ips/tglf-ep_32_repeat/SCAN/work/plasma_state', '/pscratch/sd/b/bassem/ips/tglf-ep_32_repeat/SCAN/work/fastran_tr0_fastran_5')
2025-09-09 16:20:50,804 fastran_tr0_fastran_5 DEBUG    _get_service_response(REQUEST|fastran_000001@fastran@5|FRAMEWORK@Framework@0|144)
2025-09-09 16:20:50,813 fastran_driver_fastran_driver_2 DEBUG    _get_service_response(REQUEST|fastran_000001@fastran_driver@2|FRAMEWORK@Framework@0|323), response = ServiceResponseMessage(sender_id=FRAMEWORK@Framework@0, receiver_id=fastran_000001@fastran_driver@2, request_msg_id=REQUEST|fastran_000001@fastran_driver@2|FRAMEWORK@Framework@0|323,status=0, args=(55,), message_id=RESPONSE|FRAMEWORK@Framework@0|fastran_000001@fastran_driver@2|902)
2025-09-09 16:20:50,814 fastran_driver_fastran_driver_2 DEBUG    _invoke_service(): wait_call  (55, True)
2025-09-09 16:20:50,814 fastran_driver_fastran_driver_2 DEBUG    _get_service_response(REQUEST|fastran_000001@fastran_driver@2|FRAMEWORK@Framework@0|324)
2025-09-09 16:20:50,827 fastran_tr0_fastran_5 DEBUG    _get_service_response(REQUEST|fastran_000001@fastran@5|FRAMEWORK@Framework@0|144), response = ServiceResponseMessage(sender_id=FRAMEWORK@Framework@0, receiver_id=fastran_000001@fastran@5, request_msg_id=REQUEST|fastran_000001@fastran@5|FRAMEWORK@Framework@0|144,status=0, args=(0,), message_id=RESPONSE|FRAMEWORK@Framework@0|fastran_000001@fastran@5|903)
2025-09-09 16:20:50,828 fastran_tr0_fastran_5 DEBUG    _invoke_service(): getTopic  ('_IPS_MONITOR',)
2025-09-09 16:20:50,828 fastran_tr0_fastran_5 DEBUG    _get_service_response(REQUEST|fastran_000001@fastran@5|FRAMEWORK@Framework@0|145)
2025-09-09 16:20:50,838 fastran_tr0_fastran_5 DEBUG    _get_service_response(REQUEST|fastran_000001@fastran@5|FRAMEWORK@Framework@0|145), response = ServiceResponseMessage(sender_id=FRAMEWORK@Framework@0, receiver_id=fastran_000001@fastran@5, request_msg_id=REQUEST|fastran_000001@fastran@5|FRAMEWORK@Framework@0|145,status=0, args=(<ipsframework.cca_es_spec.Topic object at 0x7f87c63eaf70>,), message_id=RESPONSE|FRAMEWORK@Framework@0|fastran_000001@fastran@5|904)
2025-09-09 16:20:50,838 fastran_tr0_fastran_5 DEBUG    _invoke_service(): sendEvent  ('_IPS_MONITOR', 'PORTAL_EVENT', {'sim_name': 'fastran_000001', 'real_sim_name': 'fastran_000001', 'portal_data': {'code': 'fastran_tr0_fastran', 'eventtype': 'IPS_STAGE_STATE', 'ok': True, 'walltime': '82.90', 'time': '2025-09-09|16:20:50PDT', 'trace': {'timestamp': 1757460050804122, 'duration': 23867, 'localEndpoint': {'serviceName': 'stage_state'}, 'name': "['s000001.00001', 'g000001.00001', 'i000001.00001', 'b000001.00001']", 'id': 'ff3119918b5e7670', 'parentId': '1ef82ba04c94f899', 'tags': {}}, 'state': 'Running', 'comment': 'Elapsed time = 0.024  files = s000001.00001 g000001.00001 i000001.00001 b000001.00001 Success'}})
2025-09-09 16:20:50,839 fastran_tr0_fastran_5 DEBUG    _get_service_response(REQUEST|fastran_000001@fastran@5|FRAMEWORK@Framework@0|146)
2025-09-09 16:20:50,849 fastran_tr0_fastran_5 DEBUG    _get_service_response(REQUEST|fastran_000001@fastran@5|FRAMEWORK@Framework@0|146), response = ServiceResponseMessage(sender_id=FRAMEWORK@Framework@0, receiver_id=fastran_000001@fastran@5, request_msg_id=REQUEST|fastran_000001@fastran@5|FRAMEWORK@Framework@0|146,status=0, args=(None,), message_id=RESPONSE|FRAMEWORK@Framework@0|fastran_000001@fastran@5|905)
2025-09-09 16:20:50,859 fastran_tr0_fastran_5 DEBUG    _invoke_service(): getTopic  ('_IPS_MONITOR',)
2025-09-09 16:20:50,859 fastran_tr0_fastran_5 DEBUG    _get_service_response(REQUEST|fastran_000001@fastran@5|FRAMEWORK@Framework@0|147)
2025-09-09 16:20:50,870 fastran_tr0_fastran_5 DEBUG    _get_service_response(REQUEST|fastran_000001@fastran@5|FRAMEWORK@Framework@0|147), response = ServiceResponseMessage(sender_id=FRAMEWORK@Framework@0, receiver_id=fastran_000001@fastran@5, request_msg_id=REQUEST|fastran_000001@fastran@5|FRAMEWORK@Framework@0|147,status=0, args=(<ipsframework.cca_es_spec.Topic object at 0x7f87c63f4c40>,), message_id=RESPONSE|FRAMEWORK@Framework@0|fastran_000001@fastran@5|906)
2025-09-09 16:20:50,870 fastran_tr0_fastran_5 DEBUG    _invoke_service(): sendEvent  ('_IPS_MONITOR', 'PORTAL_EVENT', {'sim_name': 'fastran_000001', 'real_sim_name': 'fastran_000001', 'portal_data': {'code': 'fastran_tr0_fastran', 'eventtype': 'IPS_STAGE_INPUTS', 'ok': True, 'walltime': '82.94', 'time': '2025-09-09|16:20:50PDT', 'trace': {'timestamp': 1757460050850223, 'duration': 9364, 'localEndpoint': {'serviceName': 'stage_input_files'}, 'name': 'infastran0 intglf', 'id': 'dca1af508bf5af99', 'parentId': '1ef82ba04c94f899', 'tags': {}}, 'state': 'Running', 'comment': 'Elapsed time = 0.009 Path = /pscratch/sd/b/bassem/ips/tglf-ep_32_repeat/input Files = infastran0 intglf'}})
2025-09-09 16:20:50,870 fastran_tr0_fastran_5 DEBUG    _get_service_response(REQUEST|fastran_000001@fastran@5|FRAMEWORK@Framework@0|148)
2025-09-09 16:20:50,881 fastran_tr0_fastran_5 DEBUG    _get_service_response(REQUEST|fastran_000001@fastran@5|FRAMEWORK@Framework@0|148), response = ServiceResponseMessage(sender_id=FRAMEWORK@Framework@0, receiver_id=fastran_000001@fastran@5, request_msg_id=REQUEST|fastran_000001@fastran@5|FRAMEWORK@Framework@0|148,status=0, args=(None,), message_id=RESPONSE|FRAMEWORK@Framework@0|fastran_000001@fastran@5|907)
2025-09-09 16:20:51,016 fastran_tr0_fastran_5 DEBUG    _invoke_service(): init_task  (TaskInit(nproc=1, binary='/global/common/software/atom/perlmutter/binaries/fastran/default/xfastran_ver1.00_ser', working_dir='/pscratch/sd/b/bassem/ips/tglf-ep_32_repeat/SCAN/work/fastran_tr0_fastran_5', tppn=0, tcpp=0, tgpp=0, block=True, omp=False, wnodes=True, wsocks=True, cmd_args=('1', '1')),)
2025-09-09 16:20:51,016 fastran_tr0_fastran_5 DEBUG    _get_service_response(REQUEST|fastran_000001@fastran@5|FRAMEWORK@Framework@0|149)
2025-09-09 16:20:51,027 fastran_tr0_fastran_5 DEBUG    _get_service_response(REQUEST|fastran_000001@fastran@5|FRAMEWORK@Framework@0|149), response = ServiceResponseMessage(sender_id=FRAMEWORK@Framework@0, receiver_id=fastran_000001@fastran@5, request_msg_id=REQUEST|fastran_000001@fastran@5|FRAMEWORK@Framework@0|149,status=0, args=((11, 'srun -N 1 -n 1 -c 128 --threads-per-core=1 --cpu-bind=cores /global/common/software/atom/perlmutter/binaries/fastran/default/xfastran_ver1.00_ser 1 1', None, 128),), message_id=RESPONSE|FRAMEWORK@Framework@0|fastran_000001@fastran@5|909)
2025-09-09 16:20:51,029 fastran_tr0_fastran_5 DEBUG    Launching command : srun -N 1 -n 1 -c 128 --threads-per-core=1 --cpu-bind=cores /global/common/software/atom/perlmutter/binaries/fastran/default/xfastran_ver1.00_ser 1 1
2025-09-09 16:20:51,040 fastran_tr0_fastran_5 DEBUG    _invoke_service(): getTopic  ('_IPS_MONITOR',)
2025-09-09 16:20:51,041 fastran_tr0_fastran_5 DEBUG    _get_service_response(REQUEST|fastran_000001@fastran@5|FRAMEWORK@Framework@0|150)
2025-09-09 16:20:51,052 fastran_tr0_fastran_5 DEBUG    _get_service_response(REQUEST|fastran_000001@fastran@5|FRAMEWORK@Framework@0|150), response = ServiceResponseMessage(sender_id=FRAMEWORK@Framework@0, receiver_id=fastran_000001@fastran@5, request_msg_id=REQUEST|fastran_000001@fastran@5|FRAMEWORK@Framework@0|150,status=0, args=(<ipsframework.cca_es_spec.Topic object at 0x7f87c63c28e0>,), message_id=RESPONSE|FRAMEWORK@Framework@0|fastran_000001@fastran@5|910)
2025-09-09 16:20:51,052 fastran_tr0_fastran_5 DEBUG    _invoke_service(): sendEvent  ('_IPS_MONITOR', 'PORTAL_EVENT', {'sim_name': 'fastran_000001', 'real_sim_name': 'fastran_000001', 'portal_data': {'code': 'fastran_tr0_fastran', 'eventtype': 'IPS_LAUNCH_TASK', 'ok': True, 'walltime': '83.12', 'time': '2025-09-09|16:20:51PDT', 'state': 'Running', 'comment': 'task_id = 11 , Tag = None , nproc = 1 , Target = srun -N 1 -n 1 -c 128 --threads-per-core=1 --cpu-bind=cores /global/common/software/atom/perlmutter/binaries/fastran/default/xfastran_ver1.00_ser 1 1'}})
2025-09-09 16:20:51,052 fastran_tr0_fastran_5 DEBUG    _get_service_response(REQUEST|fastran_000001@fastran@5|FRAMEWORK@Framework@0|151)
2025-09-09 16:20:51,063 fastran_tr0_fastran_5 DEBUG    _get_service_response(REQUEST|fastran_000001@fastran@5|FRAMEWORK@Framework@0|151), response = ServiceResponseMessage(sender_id=FRAMEWORK@Framework@0, receiver_id=fastran_000001@fastran@5, request_msg_id=REQUEST|fastran_000001@fastran@5|FRAMEWORK@Framework@0|151,status=0, args=(None,), message_id=RESPONSE|FRAMEWORK@Framework@0|fastran_000001@fastran@5|911)
2025-09-09 16:20:51,670 fastran_tr0_fastran_5 DEBUG    _invoke_service(): getTopic  ('_IPS_MONITOR',)
2025-09-09 16:20:51,670 fastran_tr0_fastran_5 DEBUG    _get_service_response(REQUEST|fastran_000001@fastran@5|FRAMEWORK@Framework@0|152)
2025-09-09 16:20:51,680 fastran_tr0_fastran_5 DEBUG    _get_service_response(REQUEST|fastran_000001@fastran@5|FRAMEWORK@Framework@0|152), response = ServiceResponseMessage(sender_id=FRAMEWORK@Framework@0, receiver_id=fastran_000001@fastran@5, request_msg_id=REQUEST|fastran_000001@fastran@5|FRAMEWORK@Framework@0|152,status=0, args=(<ipsframework.cca_es_spec.Topic object at 0x7f87c63c2ac0>,), message_id=RESPONSE|FRAMEWORK@Framework@0|fastran_000001@fastran@5|913)
2025-09-09 16:20:51,681 fastran_tr0_fastran_5 DEBUG    _invoke_service(): sendEvent  ('_IPS_MONITOR', 'PORTAL_EVENT', {'sim_name': 'fastran_000001', 'real_sim_name': 'fastran_000001', 'portal_data': {'code': 'fastran_tr0_fastran', 'eventtype': 'IPS_TASK_END', 'ok': True, 'walltime': '83.75', 'time': '2025-09-09|16:20:51PDT', 'trace': {'timestamp': 1757460051040624, 'duration': 629357, 'localEndpoint': {'serviceName': '/global/common/software/atom/perlmutter/binaries/fastran/default/xfastran_ver1.00_ser'}, 'name': '1 1', 'id': '6e717b8c5e8abbec', 'parentId': '1ef82ba04c94f899', 'tags': {'procs_requested': '1', 'cores_allocated': '128'}}, 'state': 'Running', 'comment': 'task_id = 11  elapsed time = 0.63 S'}})
2025-09-09 16:20:51,681 fastran_tr0_fastran_5 DEBUG    _get_service_response(REQUEST|fastran_000001@fastran@5|FRAMEWORK@Framework@0|153)
2025-09-09 16:20:51,691 fastran_tr0_fastran_5 DEBUG    _get_service_response(REQUEST|fastran_000001@fastran@5|FRAMEWORK@Framework@0|153), response = ServiceResponseMessage(sender_id=FRAMEWORK@Framework@0, receiver_id=fastran_000001@fastran@5, request_msg_id=REQUEST|fastran_000001@fastran@5|FRAMEWORK@Framework@0|153,status=0, args=(None,), message_id=RESPONSE|FRAMEWORK@Framework@0|fastran_000001@fastran@5|914)
2025-09-09 16:20:51,692 fastran_tr0_fastran_5 DEBUG    _invoke_service(): finish_task  (11, 0)
2025-09-09 16:20:51,692 fastran_tr0_fastran_5 DEBUG    _get_service_response(REQUEST|fastran_000001@fastran@5|FRAMEWORK@Framework@0|154)
2025-09-09 16:20:51,702 fastran_tr0_fastran_5 DEBUG    _get_service_response(REQUEST|fastran_000001@fastran@5|FRAMEWORK@Framework@0|154), response = ServiceResponseMessage(sender_id=FRAMEWORK@Framework@0, receiver_id=fastran_000001@fastran@5, request_msg_id=REQUEST|fastran_000001@fastran@5|FRAMEWORK@Framework@0|154,status=0, args=(0,), message_id=RESPONSE|FRAMEWORK@Framework@0|fastran_000001@fastran@5|915)
2025-09-09 16:20:51,876 fastran_tr0_fastran_5 DEBUG    _invoke_service(): update_state  (['s000001.00001', 'g000001.00001', 'i000001.00001', 'b000001.00001'], '/pscratch/sd/b/bassem/ips/tglf-ep_32_repeat/SCAN/work/fastran_tr0_fastran_5', '/pscratch/sd/b/bassem/ips/tglf-ep_32_repeat/SCAN/work/plasma_state')
2025-09-09 16:20:51,876 fastran_tr0_fastran_5 DEBUG    _get_service_response(REQUEST|fastran_000001@fastran@5|FRAMEWORK@Framework@0|155)
2025-09-09 16:20:51,899 fastran_tr0_fastran_5 DEBUG    _get_service_response(REQUEST|fastran_000001@fastran@5|FRAMEWORK@Framework@0|155), response = ServiceResponseMessage(sender_id=FRAMEWORK@Framework@0, receiver_id=fastran_000001@fastran@5, request_msg_id=REQUEST|fastran_000001@fastran@5|FRAMEWORK@Framework@0|155,status=0, args=(0,), message_id=RESPONSE|FRAMEWORK@Framework@0|fastran_000001@fastran@5|916)
2025-09-09 16:20:51,899 fastran_tr0_fastran_5 DEBUG    _invoke_service(): getTopic  ('_IPS_MONITOR',)
2025-09-09 16:20:51,899 fastran_tr0_fastran_5 DEBUG    _get_service_response(REQUEST|fastran_000001@fastran@5|FRAMEWORK@Framework@0|156)
2025-09-09 16:20:51,909 fastran_tr0_fastran_5 DEBUG    _get_service_response(REQUEST|fastran_000001@fastran@5|FRAMEWORK@Framework@0|156), response = ServiceResponseMessage(sender_id=FRAMEWORK@Framework@0, receiver_id=fastran_000001@fastran@5, request_msg_id=REQUEST|fastran_000001@fastran@5|FRAMEWORK@Framework@0|156,status=0, args=(<ipsframework.cca_es_spec.Topic object at 0x7f87c63b16d0>,), message_id=RESPONSE|FRAMEWORK@Framework@0|fastran_000001@fastran@5|917)
2025-09-09 16:20:51,909 fastran_tr0_fastran_5 DEBUG    _invoke_service(): sendEvent  ('_IPS_MONITOR', 'PORTAL_EVENT', {'sim_name': 'fastran_000001', 'real_sim_name': 'fastran_000001', 'portal_data': {'code': 'fastran_tr0_fastran', 'eventtype': 'IPS_UPDATE_STATE', 'ok': True, 'walltime': '83.97', 'time': '2025-09-09|16:20:51PDT', 'trace': {'timestamp': 1757460051875999, 'duration': 23077, 'localEndpoint': {'serviceName': 'update_state'}, 'name': "['s000001.00001', 'g000001.00001', 'i000001.00001', 'b000001.00001']", 'id': '2fc1229e1e650f1c', 'parentId': '1ef82ba04c94f899', 'tags': {}}, 'state': 'Running', 'comment': 'Elapsed time = 0.023   files = s000001.00001 g000001.00001 i000001.00001 b000001.00001 Success'}})
2025-09-09 16:20:51,910 fastran_tr0_fastran_5 DEBUG    _get_service_response(REQUEST|fastran_000001@fastran@5|FRAMEWORK@Framework@0|157)
2025-09-09 16:20:51,920 fastran_tr0_fastran_5 DEBUG    _get_service_response(REQUEST|fastran_000001@fastran@5|FRAMEWORK@Framework@0|157), response = ServiceResponseMessage(sender_id=FRAMEWORK@Framework@0, receiver_id=fastran_000001@fastran@5, request_msg_id=REQUEST|fastran_000001@fastran@5|FRAMEWORK@Framework@0|157,status=0, args=(None,), message_id=RESPONSE|FRAMEWORK@Framework@0|fastran_000001@fastran@5|918)
2025-09-09 16:20:51,938 fastran_tr0_fastran_5 DEBUG    _invoke_service(): getTopic  ('_IPS_MONITOR',)
2025-09-09 16:20:51,938 fastran_tr0_fastran_5 DEBUG    _get_service_response(REQUEST|fastran_000001@fastran@5|FRAMEWORK@Framework@0|158)
2025-09-09 16:20:51,949 fastran_tr0_fastran_5 DEBUG    _get_service_response(REQUEST|fastran_000001@fastran@5|FRAMEWORK@Framework@0|158), response = ServiceResponseMessage(sender_id=FRAMEWORK@Framework@0, receiver_id=fastran_000001@fastran@5, request_msg_id=REQUEST|fastran_000001@fastran@5|FRAMEWORK@Framework@0|158,status=0, args=(<ipsframework.cca_es_spec.Topic object at 0x7f87c63b1760>,), message_id=RESPONSE|FRAMEWORK@Framework@0|fastran_000001@fastran@5|920)
2025-09-09 16:20:51,949 fastran_tr0_fastran_5 DEBUG    _invoke_service(): sendEvent  ('_IPS_MONITOR', 'PORTAL_EVENT', {'sim_name': 'fastran_000001', 'real_sim_name': 'fastran_000001', 'portal_data': {'code': 'fastran_tr0_fastran', 'eventtype': 'IPS_STAGE_OUTPUTS', 'ok': True, 'walltime': '84.01', 'time': '2025-09-09|16:20:51PDT', 'trace': {'timestamp': 1757460051920802, 'duration': 17951, 'localEndpoint': {'serviceName': 'stage_output_files'}, 'name': "['fastran.nc', 'inprof', 'inmetric', 'infastran', 'intglf', 'xfastran.log', 'i000001.00001']", 'id': '7349cfaaafc33980', 'parentId': '1ef82ba04c94f899', 'tags': {}}, 'state': 'Running', 'comment': "Elapsed time = 0.018 Path = /pscratch/sd/b/bassem/ips/tglf-ep_32_repeat/SCAN/simulation_results/preprocess_9/components/fastran_tr0_fastran_5 Files = ['fastran.nc', 'inprof', 'inmetric', 'infastran', 'intglf', 'xfastran.log', 'i000001.00001']"}})
2025-09-09 16:20:51,949 fastran_tr0_fastran_5 DEBUG    _get_service_response(REQUEST|fastran_000001@fastran@5|FRAMEWORK@Framework@0|159)
2025-09-09 16:20:51,960 fastran_tr0_fastran_5 DEBUG    _get_service_response(REQUEST|fastran_000001@fastran@5|FRAMEWORK@Framework@0|159), response = ServiceResponseMessage(sender_id=FRAMEWORK@Framework@0, receiver_id=fastran_000001@fastran@5, request_msg_id=REQUEST|fastran_000001@fastran@5|FRAMEWORK@Framework@0|159,status=0, args=(None,), message_id=RESPONSE|FRAMEWORK@Framework@0|fastran_000001@fastran@5|921)
2025-09-09 16:20:51,971 fastran_driver_fastran_driver_2 DEBUG    _get_service_response(REQUEST|fastran_000001@fastran_driver@2|FRAMEWORK@Framework@0|324), response = ServiceResponseMessage(sender_id=FRAMEWORK@Framework@0, receiver_id=fastran_000001@fastran_driver@2, request_msg_id=REQUEST|fastran_000001@fastran_driver@2|FRAMEWORK@Framework@0|324,status=0, args=((None,),), message_id=RESPONSE|FRAMEWORK@Framework@0|fastran_000001@fastran_driver@2|922)
2025-09-09 16:20:51,971 fastran_driver_fastran_driver_2 DEBUG    _invoke_service(): getTopic  ('_IPS_MONITOR',)
2025-09-09 16:20:51,971 fastran_driver_fastran_driver_2 DEBUG    _get_service_response(REQUEST|fastran_000001@fastran_driver@2|FRAMEWORK@Framework@0|325)
2025-09-09 16:20:51,982 fastran_driver_fastran_driver_2 DEBUG    _get_service_response(REQUEST|fastran_000001@fastran_driver@2|FRAMEWORK@Framework@0|325), response = ServiceResponseMessage(sender_id=FRAMEWORK@Framework@0, receiver_id=fastran_000001@fastran_driver@2, request_msg_id=REQUEST|fastran_000001@fastran_driver@2|FRAMEWORK@Framework@0|325,status=0, args=(<ipsframework.cca_es_spec.Topic object at 0x7f87c63e01c0>,), message_id=RESPONSE|FRAMEWORK@Framework@0|fastran_000001@fastran_driver@2|923)
2025-09-09 16:20:51,982 fastran_driver_fastran_driver_2 DEBUG    _invoke_service(): sendEvent  ('_IPS_MONITOR', 'PORTAL_EVENT', {'sim_name': 'fastran_000001', 'real_sim_name': 'fastran_000001', 'portal_data': {'code': 'fastran_driver_fastran_driver', 'eventtype': 'IPS_CALL_END', 'ok': True, 'walltime': '84.05', 'time': '2025-09-09|16:20:51PDT', 'trace': {'timestamp': 1757460050813993, 'duration': 1157546, 'localEndpoint': {'serviceName': 'fastran_000001@fastran@5'}, 'name': 'step(preprocess_9)', 'id': '1ef82ba04c94f899', 'parentId': '15e0663de819b9fa', 'tags': {}}, 'state': 'Running', 'comment': 'Target = fastran_000001@fastran@5:step(preprocess_9)'}})
2025-09-09 16:20:51,982 fastran_driver_fastran_driver_2 DEBUG    _get_service_response(REQUEST|fastran_000001@fastran_driver@2|FRAMEWORK@Framework@0|326)
2025-09-09 16:20:51,993 fastran_driver_fastran_driver_2 DEBUG    _get_service_response(REQUEST|fastran_000001@fastran_driver@2|FRAMEWORK@Framework@0|326), response = ServiceResponseMessage(sender_id=FRAMEWORK@Framework@0, receiver_id=fastran_000001@fastran_driver@2, request_msg_id=REQUEST|fastran_000001@fastran_driver@2|FRAMEWORK@Framework@0|326,status=0, args=(None,), message_id=RESPONSE|FRAMEWORK@Framework@0|fastran_000001@fastran_driver@2|924)
2025-09-09 16:20:51,993 fastran_driver_fastran_driver_2 DEBUG    _invoke_service(): getTopic  ('_IPS_MONITOR',)
2025-09-09 16:20:51,993 fastran_driver_fastran_driver_2 DEBUG    _get_service_response(REQUEST|fastran_000001@fastran_driver@2|FRAMEWORK@Framework@0|327)
2025-09-09 16:20:52,004 fastran_driver_fastran_driver_2 DEBUG    _get_service_response(REQUEST|fastran_000001@fastran_driver@2|FRAMEWORK@Framework@0|327), response = ServiceResponseMessage(sender_id=FRAMEWORK@Framework@0, receiver_id=fastran_000001@fastran_driver@2, request_msg_id=REQUEST|fastran_000001@fastran_driver@2|FRAMEWORK@Framework@0|327,status=0, args=(<ipsframework.cca_es_spec.Topic object at 0x7f87c63e0250>,), message_id=RESPONSE|FRAMEWORK@Framework@0|fastran_000001@fastran_driver@2|925)
2025-09-09 16:20:52,004 fastran_driver_fastran_driver_2 DEBUG    _invoke_service(): sendEvent  ('_IPS_MONITOR', 'PORTAL_EVENT', {'sim_name': 'fastran_000001', 'real_sim_name': 'fastran_000001', 'portal_data': {'code': 'fastran_driver_fastran_driver', 'eventtype': 'IPS_CALL_BEGIN', 'ok': True, 'walltime': '84.07', 'time': '2025-09-09|16:20:51PDT', 'state': 'Running', 'comment': 'Target = fastran_000001@modeleq_constraint@6:step(preprocess_9)'}})
2025-09-09 16:20:52,004 fastran_driver_fastran_driver_2 DEBUG    _get_service_response(REQUEST|fastran_000001@fastran_driver@2|FRAMEWORK@Framework@0|328)
2025-09-09 16:20:52,015 fastran_driver_fastran_driver_2 DEBUG    _get_service_response(REQUEST|fastran_000001@fastran_driver@2|FRAMEWORK@Framework@0|328), response = ServiceResponseMessage(sender_id=FRAMEWORK@Framework@0, receiver_id=fastran_000001@fastran_driver@2, request_msg_id=REQUEST|fastran_000001@fastran_driver@2|FRAMEWORK@Framework@0|328,status=0, args=(None,), message_id=RESPONSE|FRAMEWORK@Framework@0|fastran_000001@fastran_driver@2|926)
2025-09-09 16:20:52,015 fastran_driver_fastran_driver_2 DEBUG    _invoke_service(): init_call  ('step', 'preprocess_9')
2025-09-09 16:20:52,015 fastran_driver_fastran_driver_2 DEBUG    _get_service_response(REQUEST|fastran_000001@fastran_driver@2|FRAMEWORK@Framework@0|329)
2025-09-09 16:20:52,016 fastran__modeleq_constraint_6 DEBUG    Received Message 
2025-09-09 16:20:52,016 fastran__modeleq_constraint_6 DEBUG    Calling method step(preprocess_9)
2025-09-09 16:20:52,017 fastran__modeleq_constraint_6 DEBUG    _invoke_service(): stage_state  (['s000001.00001', 'g000001.00001', 'i000001.00001', 'b000001.00001'], '/pscratch/sd/b/bassem/ips/tglf-ep_32_repeat/SCAN/work/plasma_state', '/pscratch/sd/b/bassem/ips/tglf-ep_32_repeat/SCAN/work/fastran__modeleq_constraint_6')
2025-09-09 16:20:52,017 fastran__modeleq_constraint_6 DEBUG    _get_service_response(REQUEST|fastran_000001@modeleq_constraint@6|FRAMEWORK@Framework@0|72)
2025-09-09 16:20:52,026 fastran_driver_fastran_driver_2 DEBUG    _get_service_response(REQUEST|fastran_000001@fastran_driver@2|FRAMEWORK@Framework@0|329), response = ServiceResponseMessage(sender_id=FRAMEWORK@Framework@0, receiver_id=fastran_000001@fastran_driver@2, request_msg_id=REQUEST|fastran_000001@fastran_driver@2|FRAMEWORK@Framework@0|329,status=0, args=(56,), message_id=RESPONSE|FRAMEWORK@Framework@0|fastran_000001@fastran_driver@2|927)
2025-09-09 16:20:52,026 fastran_driver_fastran_driver_2 DEBUG    _invoke_service(): wait_call  (56, True)
2025-09-09 16:20:52,026 fastran_driver_fastran_driver_2 DEBUG    _get_service_response(REQUEST|fastran_000001@fastran_driver@2|FRAMEWORK@Framework@0|330)
2025-09-09 16:20:52,040 fastran__modeleq_constraint_6 DEBUG    _get_service_response(REQUEST|fastran_000001@modeleq_constraint@6|FRAMEWORK@Framework@0|72), response = ServiceResponseMessage(sender_id=FRAMEWORK@Framework@0, receiver_id=fastran_000001@modeleq_constraint@6, request_msg_id=REQUEST|fastran_000001@modeleq_constraint@6|FRAMEWORK@Framework@0|72,status=0, args=(0,), message_id=RESPONSE|FRAMEWORK@Framework@0|fastran_000001@modeleq_constraint@6|928)
2025-09-09 16:20:52,040 fastran__modeleq_constraint_6 DEBUG    _invoke_service(): getTopic  ('_IPS_MONITOR',)
2025-09-09 16:20:52,040 fastran__modeleq_constraint_6 DEBUG    _get_service_response(REQUEST|fastran_000001@modeleq_constraint@6|FRAMEWORK@Framework@0|73)
2025-09-09 16:20:52,050 fastran__modeleq_constraint_6 DEBUG    _get_service_response(REQUEST|fastran_000001@modeleq_constraint@6|FRAMEWORK@Framework@0|73), response = ServiceResponseMessage(sender_id=FRAMEWORK@Framework@0, receiver_id=fastran_000001@modeleq_constraint@6, request_msg_id=REQUEST|fastran_000001@modeleq_constraint@6|FRAMEWORK@Framework@0|73,status=0, args=(<ipsframework.cca_es_spec.Topic object at 0x7f87c63adc10>,), message_id=RESPONSE|FRAMEWORK@Framework@0|fastran_000001@modeleq_constraint@6|929)
2025-09-09 16:20:52,050 fastran__modeleq_constraint_6 DEBUG    _invoke_service(): sendEvent  ('_IPS_MONITOR', 'PORTAL_EVENT', {'sim_name': 'fastran_000001', 'real_sim_name': 'fastran_000001', 'portal_data': {'code': 'fastran__modeleq_constraint', 'eventtype': 'IPS_STAGE_STATE', 'ok': True, 'walltime': '84.12', 'time': '2025-09-09|16:20:52PDT', 'trace': {'timestamp': 1757460052016952, 'duration': 23181, 'localEndpoint': {'serviceName': 'stage_state'}, 'name': "['s000001.00001', 'g000001.00001', 'i000001.00001', 'b000001.00001']", 'id': 'ff3119918b5e7670', 'parentId': 'e664d8daee61ef17', 'tags': {}}, 'state': 'Running', 'comment': 'Elapsed time = 0.023  files = s000001.00001 g000001.00001 i000001.00001 b000001.00001 Success'}})
2025-09-09 16:20:52,050 fastran__modeleq_constraint_6 DEBUG    _get_service_response(REQUEST|fastran_000001@modeleq_constraint@6|FRAMEWORK@Framework@0|74)
2025-09-09 16:20:52,061 fastran__modeleq_constraint_6 DEBUG    _get_service_response(REQUEST|fastran_000001@modeleq_constraint@6|FRAMEWORK@Framework@0|74), response = ServiceResponseMessage(sender_id=FRAMEWORK@Framework@0, receiver_id=fastran_000001@modeleq_constraint@6, request_msg_id=REQUEST|fastran_000001@modeleq_constraint@6|FRAMEWORK@Framework@0|74,status=0, args=(None,), message_id=RESPONSE|FRAMEWORK@Framework@0|fastran_000001@modeleq_constraint@6|930)
2025-09-09 16:20:53,059 fastran__modeleq_constraint_6 DEBUG    _invoke_service(): update_state  (['s000001.00001', 'g000001.00001', 'i000001.00001', 'b000001.00001'], '/pscratch/sd/b/bassem/ips/tglf-ep_32_repeat/SCAN/work/fastran__modeleq_constraint_6', '/pscratch/sd/b/bassem/ips/tglf-ep_32_repeat/SCAN/work/plasma_state')
2025-09-09 16:20:53,060 fastran__modeleq_constraint_6 DEBUG    _get_service_response(REQUEST|fastran_000001@modeleq_constraint@6|FRAMEWORK@Framework@0|75)
2025-09-09 16:20:53,082 fastran__modeleq_constraint_6 DEBUG    _get_service_response(REQUEST|fastran_000001@modeleq_constraint@6|FRAMEWORK@Framework@0|75), response = ServiceResponseMessage(sender_id=FRAMEWORK@Framework@0, receiver_id=fastran_000001@modeleq_constraint@6, request_msg_id=REQUEST|fastran_000001@modeleq_constraint@6|FRAMEWORK@Framework@0|75,status=0, args=(0,), message_id=RESPONSE|FRAMEWORK@Framework@0|fastran_000001@modeleq_constraint@6|933)
2025-09-09 16:20:53,082 fastran__modeleq_constraint_6 DEBUG    _invoke_service(): getTopic  ('_IPS_MONITOR',)
2025-09-09 16:20:53,082 fastran__modeleq_constraint_6 DEBUG    _get_service_response(REQUEST|fastran_000001@modeleq_constraint@6|FRAMEWORK@Framework@0|76)
2025-09-09 16:20:53,093 fastran__modeleq_constraint_6 DEBUG    _get_service_response(REQUEST|fastran_000001@modeleq_constraint@6|FRAMEWORK@Framework@0|76), response = ServiceResponseMessage(sender_id=FRAMEWORK@Framework@0, receiver_id=fastran_000001@modeleq_constraint@6, request_msg_id=REQUEST|fastran_000001@modeleq_constraint@6|FRAMEWORK@Framework@0|76,status=0, args=(<ipsframework.cca_es_spec.Topic object at 0x7f87c63ada30>,), message_id=RESPONSE|FRAMEWORK@Framework@0|fastran_000001@modeleq_constraint@6|934)
2025-09-09 16:20:53,093 fastran__modeleq_constraint_6 DEBUG    _invoke_service(): sendEvent  ('_IPS_MONITOR', 'PORTAL_EVENT', {'sim_name': 'fastran_000001', 'real_sim_name': 'fastran_000001', 'portal_data': {'code': 'fastran__modeleq_constraint', 'eventtype': 'IPS_UPDATE_STATE', 'ok': True, 'walltime': '85.16', 'time': '2025-09-09|16:20:53PDT', 'trace': {'timestamp': 1757460053059687, 'duration': 23141, 'localEndpoint': {'serviceName': 'update_state'}, 'name': "['s000001.00001', 'g000001.00001', 'i000001.00001', 'b000001.00001']", 'id': '2fc1229e1e650f1c', 'parentId': 'e664d8daee61ef17', 'tags': {}}, 'state': 'Running', 'comment': 'Elapsed time = 0.023   files = s000001.00001 g000001.00001 i000001.00001 b000001.00001 Success'}})
2025-09-09 16:20:53,093 fastran__modeleq_constraint_6 DEBUG    _get_service_response(REQUEST|fastran_000001@modeleq_constraint@6|FRAMEWORK@Framework@0|77)
2025-09-09 16:20:53,104 fastran__modeleq_constraint_6 DEBUG    _get_service_response(REQUEST|fastran_000001@modeleq_constraint@6|FRAMEWORK@Framework@0|77), response = ServiceResponseMessage(sender_id=FRAMEWORK@Framework@0, receiver_id=fastran_000001@modeleq_constraint@6, request_msg_id=REQUEST|fastran_000001@modeleq_constraint@6|FRAMEWORK@Framework@0|77,status=0, args=(None,), message_id=RESPONSE|FRAMEWORK@Framework@0|fastran_000001@modeleq_constraint@6|935)
2025-09-09 16:20:53,104 fastran__modeleq_constraint_6 DEBUG    _invoke_service(): getTopic  ('_IPS_MONITOR',)
2025-09-09 16:20:53,104 fastran__modeleq_constraint_6 DEBUG    _get_service_response(REQUEST|fastran_000001@modeleq_constraint@6|FRAMEWORK@Framework@0|78)
2025-09-09 16:20:53,115 fastran__modeleq_constraint_6 DEBUG    _get_service_response(REQUEST|fastran_000001@modeleq_constraint@6|FRAMEWORK@Framework@0|78), response = ServiceResponseMessage(sender_id=FRAMEWORK@Framework@0, receiver_id=fastran_000001@modeleq_constraint@6, request_msg_id=REQUEST|fastran_000001@modeleq_constraint@6|FRAMEWORK@Framework@0|78,status=0, args=(<ipsframework.cca_es_spec.Topic object at 0x7f87c63adfa0>,), message_id=RESPONSE|FRAMEWORK@Framework@0|fastran_000001@modeleq_constraint@6|936)
2025-09-09 16:20:53,115 fastran__modeleq_constraint_6 DEBUG    _invoke_service(): sendEvent  ('_IPS_MONITOR', 'PORTAL_EVENT', {'sim_name': 'fastran_000001', 'real_sim_name': 'fastran_000001', 'portal_data': {'code': 'fastran__modeleq_constraint', 'eventtype': 'IPS_STAGE_OUTPUTS', 'ok': True, 'walltime': '85.18', 'time': '2025-09-09|16:20:53PDT', 'trace': {'timestamp': 1757460053104323, 'duration': 230, 'localEndpoint': {'serviceName': 'stage_output_files'}, 'name': '[]', 'id': 'ed019efe11be26d9', 'parentId': 'e664d8daee61ef17', 'tags': {}}, 'state': 'Running', 'comment': 'Elapsed time = 0.000 Path = /pscratch/sd/b/bassem/ips/tglf-ep_32_repeat/SCAN/simulation_results/preprocess_9/components/fastran__modeleq_constraint_6 Files = []'}})
2025-09-09 16:20:53,115 fastran__modeleq_constraint_6 DEBUG    _get_service_response(REQUEST|fastran_000001@modeleq_constraint@6|FRAMEWORK@Framework@0|79)
2025-09-09 16:20:53,126 fastran__modeleq_constraint_6 DEBUG    _get_service_response(REQUEST|fastran_000001@modeleq_constraint@6|FRAMEWORK@Framework@0|79), response = ServiceResponseMessage(sender_id=FRAMEWORK@Framework@0, receiver_id=fastran_000001@modeleq_constraint@6, request_msg_id=REQUEST|fastran_000001@modeleq_constraint@6|FRAMEWORK@Framework@0|79,status=0, args=(None,), message_id=RESPONSE|FRAMEWORK@Framework@0|fastran_000001@modeleq_constraint@6|937)
2025-09-09 16:20:53,137 fastran_driver_fastran_driver_2 DEBUG    _get_service_response(REQUEST|fastran_000001@fastran_driver@2|FRAMEWORK@Framework@0|330), response = ServiceResponseMessage(sender_id=FRAMEWORK@Framework@0, receiver_id=fastran_000001@fastran_driver@2, request_msg_id=REQUEST|fastran_000001@fastran_driver@2|FRAMEWORK@Framework@0|330,status=0, args=((None,),), message_id=RESPONSE|FRAMEWORK@Framework@0|fastran_000001@fastran_driver@2|938)
2025-09-09 16:20:53,137 fastran_driver_fastran_driver_2 DEBUG    _invoke_service(): getTopic  ('_IPS_MONITOR',)
2025-09-09 16:20:53,137 fastran_driver_fastran_driver_2 DEBUG    _get_service_response(REQUEST|fastran_000001@fastran_driver@2|FRAMEWORK@Framework@0|331)
2025-09-09 16:20:53,148 fastran_driver_fastran_driver_2 DEBUG    _get_service_response(REQUEST|fastran_000001@fastran_driver@2|FRAMEWORK@Framework@0|331), response = ServiceResponseMessage(sender_id=FRAMEWORK@Framework@0, receiver_id=fastran_000001@fastran_driver@2, request_msg_id=REQUEST|fastran_000001@fastran_driver@2|FRAMEWORK@Framework@0|331,status=0, args=(<ipsframework.cca_es_spec.Topic object at 0x7f87c63e01c0>,), message_id=RESPONSE|FRAMEWORK@Framework@0|fastran_000001@fastran_driver@2|939)
2025-09-09 16:20:53,148 fastran_driver_fastran_driver_2 DEBUG    _invoke_service(): sendEvent  ('_IPS_MONITOR', 'PORTAL_EVENT', {'sim_name': 'fastran_000001', 'real_sim_name': 'fastran_000001', 'portal_data': {'code': 'fastran_driver_fastran_driver', 'eventtype': 'IPS_CALL_END', 'ok': True, 'walltime': '85.21', 'time': '2025-09-09|16:20:53PDT', 'trace': {'timestamp': 1757460052026758, 'duration': 1110834, 'localEndpoint': {'serviceName': 'fastran_000001@modeleq_constraint@6'}, 'name': 'step(preprocess_9)', 'id': 'e664d8daee61ef17', 'parentId': '15e0663de819b9fa', 'tags': {}}, 'state': 'Running', 'comment': 'Target = fastran_000001@modeleq_constraint@6:step(preprocess_9)'}})
2025-09-09 16:20:53,148 fastran_driver_fastran_driver_2 DEBUG    _get_service_response(REQUEST|fastran_000001@fastran_driver@2|FRAMEWORK@Framework@0|332)
2025-09-09 16:20:53,159 fastran_driver_fastran_driver_2 DEBUG    _get_service_response(REQUEST|fastran_000001@fastran_driver@2|FRAMEWORK@Framework@0|332), response = ServiceResponseMessage(sender_id=FRAMEWORK@Framework@0, receiver_id=fastran_000001@fastran_driver@2, request_msg_id=REQUEST|fastran_000001@fastran_driver@2|FRAMEWORK@Framework@0|332,status=0, args=(None,), message_id=RESPONSE|FRAMEWORK@Framework@0|fastran_000001@fastran_driver@2|940)
2025-09-09 16:20:53,159 fastran_driver_fastran_driver_2 DEBUG    _invoke_service(): getTopic  ('_IPS_MONITOR',)
2025-09-09 16:20:53,160 fastran_driver_fastran_driver_2 DEBUG    _get_service_response(REQUEST|fastran_000001@fastran_driver@2|FRAMEWORK@Framework@0|333)
2025-09-09 16:20:53,170 fastran_driver_fastran_driver_2 DEBUG    _get_service_response(REQUEST|fastran_000001@fastran_driver@2|FRAMEWORK@Framework@0|333), response = ServiceResponseMessage(sender_id=FRAMEWORK@Framework@0, receiver_id=fastran_000001@fastran_driver@2, request_msg_id=REQUEST|fastran_000001@fastran_driver@2|FRAMEWORK@Framework@0|333,status=0, args=(<ipsframework.cca_es_spec.Topic object at 0x7f87c63e0130>,), message_id=RESPONSE|FRAMEWORK@Framework@0|fastran_000001@fastran_driver@2|941)
2025-09-09 16:20:53,170 fastran_driver_fastran_driver_2 DEBUG    _invoke_service(): sendEvent  ('_IPS_MONITOR', 'PORTALBRIDGE_UPDATE_TIMESTAMP', {'sim_name': 'fastran_000001', 'real_sim_name': 'fastran_000001', 'portal_data': {'phystimestamp': 0, 'eventtype': 'PORTALBRIDGE_UPDATE_TIMESTAMP'}})
2025-09-09 16:20:53,170 fastran_driver_fastran_driver_2 DEBUG    _get_service_response(REQUEST|fastran_000001@fastran_driver@2|FRAMEWORK@Framework@0|334)
2025-09-09 16:20:53,181 fastran_driver_fastran_driver_2 DEBUG    _get_service_response(REQUEST|fastran_000001@fastran_driver@2|FRAMEWORK@Framework@0|334), response = ServiceResponseMessage(sender_id=FRAMEWORK@Framework@0, receiver_id=fastran_000001@fastran_driver@2, request_msg_id=REQUEST|fastran_000001@fastran_driver@2|FRAMEWORK@Framework@0|334,status=0, args=(None,), message_id=RESPONSE|FRAMEWORK@Framework@0|fastran_000001@fastran_driver@2|942)
2025-09-09 16:20:53,181 fastran_driver_fastran_driver_2 DEBUG    _invoke_service(): getTopic  ('_IPS_MONITOR',)
2025-09-09 16:20:53,181 fastran_driver_fastran_driver_2 DEBUG    _get_service_response(REQUEST|fastran_000001@fastran_driver@2|FRAMEWORK@Framework@0|335)
2025-09-09 16:20:53,192 fastran_driver_fastran_driver_2 DEBUG    _get_service_response(REQUEST|fastran_000001@fastran_driver@2|FRAMEWORK@Framework@0|335), response = ServiceResponseMessage(sender_id=FRAMEWORK@Framework@0, receiver_id=fastran_000001@fastran_driver@2, request_msg_id=REQUEST|fastran_000001@fastran_driver@2|FRAMEWORK@Framework@0|335,status=0, args=(<ipsframework.cca_es_spec.Topic object at 0x7f87c63e01f0>,), message_id=RESPONSE|FRAMEWORK@Framework@0|fastran_000001@fastran_driver@2|943)
2025-09-09 16:20:53,192 fastran_driver_fastran_driver_2 DEBUG    _invoke_service(): sendEvent  ('_IPS_MONITOR', 'PORTAL_EVENT', {'sim_name': 'fastran_000001', 'real_sim_name': 'fastran_000001', 'portal_data': {'code': 'fastran_driver_fastran_driver', 'eventtype': 'IPS_UPDATE_TIME_STAMP', 'ok': True, 'walltime': '85.26', 'time': '2025-09-09|16:20:53PDT', 'state': 'Running', 'comment': 'Timestamp = 0'}})
2025-09-09 16:20:53,192 fastran_driver_fastran_driver_2 DEBUG    _get_service_response(REQUEST|fastran_000001@fastran_driver@2|FRAMEWORK@Framework@0|336)
2025-09-09 16:20:53,203 fastran_driver_fastran_driver_2 DEBUG    _get_service_response(REQUEST|fastran_000001@fastran_driver@2|FRAMEWORK@Framework@0|336), response = ServiceResponseMessage(sender_id=FRAMEWORK@Framework@0, receiver_id=fastran_000001@fastran_driver@2, request_msg_id=REQUEST|fastran_000001@fastran_driver@2|FRAMEWORK@Framework@0|336,status=0, args=(None,), message_id=RESPONSE|FRAMEWORK@Framework@0|fastran_000001@fastran_driver@2|944)
2025-09-09 16:20:53,203 fastran_driver_fastran_driver_2 DEBUG    _invoke_service(): getTopic  ('_IPS_MONITOR',)
2025-09-09 16:20:53,203 fastran_driver_fastran_driver_2 DEBUG    _get_service_response(REQUEST|fastran_000001@fastran_driver@2|FRAMEWORK@Framework@0|337)
2025-09-09 16:20:53,213 fastran_driver_fastran_driver_2 DEBUG    _get_service_response(REQUEST|fastran_000001@fastran_driver@2|FRAMEWORK@Framework@0|337), response = ServiceResponseMessage(sender_id=FRAMEWORK@Framework@0, receiver_id=fastran_000001@fastran_driver@2, request_msg_id=REQUEST|fastran_000001@fastran_driver@2|FRAMEWORK@Framework@0|337,status=0, args=(<ipsframework.cca_es_spec.Topic object at 0x7f87c63e0160>,), message_id=RESPONSE|FRAMEWORK@Framework@0|fastran_000001@fastran_driver@2|945)
2025-09-09 16:20:53,213 fastran_driver_fastran_driver_2 DEBUG    _invoke_service(): sendEvent  ('_IPS_MONITOR', 'PORTAL_EVENT', {'sim_name': 'fastran_000001', 'real_sim_name': 'fastran_000001', 'portal_data': {'code': 'fastran_driver_fastran_driver', 'eventtype': 'IPS_CALL_BEGIN', 'ok': True, 'walltime': '85.28', 'time': '2025-09-09|16:20:53PDT', 'state': 'Running', 'comment': 'Target = fastran_000001@nubeam@7:step(0)'}})
2025-09-09 16:20:53,214 fastran_driver_fastran_driver_2 DEBUG    _get_service_response(REQUEST|fastran_000001@fastran_driver@2|FRAMEWORK@Framework@0|338)
2025-09-09 16:20:53,224 fastran_driver_fastran_driver_2 DEBUG    _get_service_response(REQUEST|fastran_000001@fastran_driver@2|FRAMEWORK@Framework@0|338), response = ServiceResponseMessage(sender_id=FRAMEWORK@Framework@0, receiver_id=fastran_000001@fastran_driver@2, request_msg_id=REQUEST|fastran_000001@fastran_driver@2|FRAMEWORK@Framework@0|338,status=0, args=(None,), message_id=RESPONSE|FRAMEWORK@Framework@0|fastran_000001@fastran_driver@2|946)
2025-09-09 16:20:53,224 fastran_driver_fastran_driver_2 DEBUG    _invoke_service(): init_call  ('step', 0)
2025-09-09 16:20:53,224 fastran_driver_fastran_driver_2 DEBUG    _get_service_response(REQUEST|fastran_000001@fastran_driver@2|FRAMEWORK@Framework@0|339)
2025-09-09 16:20:53,225 fastran_nb_nubeam_7 DEBUG    Received Message 
2025-09-09 16:20:53,226 fastran_nb_nubeam_7 DEBUG    Calling method step(0)
2025-09-09 16:20:53,226 fastran_nb_nubeam_7 DEBUG    _invoke_service(): stage_state  (['s000001.00001', 'g000001.00001', 'i000001.00001', 'b000001.00001'], '/pscratch/sd/b/bassem/ips/tglf-ep_32_repeat/SCAN/work/plasma_state', '/pscratch/sd/b/bassem/ips/tglf-ep_32_repeat/SCAN/work/fastran_nb_nubeam_7')
2025-09-09 16:20:53,226 fastran_nb_nubeam_7 DEBUG    _get_service_response(REQUEST|fastran_000001@nubeam@7|FRAMEWORK@Framework@0|17)
2025-09-09 16:20:53,235 fastran_driver_fastran_driver_2 DEBUG    _get_service_response(REQUEST|fastran_000001@fastran_driver@2|FRAMEWORK@Framework@0|339), response = ServiceResponseMessage(sender_id=FRAMEWORK@Framework@0, receiver_id=fastran_000001@fastran_driver@2, request_msg_id=REQUEST|fastran_000001@fastran_driver@2|FRAMEWORK@Framework@0|339,status=0, args=(57,), message_id=RESPONSE|FRAMEWORK@Framework@0|fastran_000001@fastran_driver@2|947)
2025-09-09 16:20:53,235 fastran_driver_fastran_driver_2 DEBUG    _invoke_service(): wait_call  (57, True)
2025-09-09 16:20:53,236 fastran_driver_fastran_driver_2 DEBUG    _get_service_response(REQUEST|fastran_000001@fastran_driver@2|FRAMEWORK@Framework@0|340)
2025-09-09 16:20:53,248 fastran_nb_nubeam_7 DEBUG    _get_service_response(REQUEST|fastran_000001@nubeam@7|FRAMEWORK@Framework@0|17), response = ServiceResponseMessage(sender_id=FRAMEWORK@Framework@0, receiver_id=fastran_000001@nubeam@7, request_msg_id=REQUEST|fastran_000001@nubeam@7|FRAMEWORK@Framework@0|17,status=0, args=(0,), message_id=RESPONSE|FRAMEWORK@Framework@0|fastran_000001@nubeam@7|948)
2025-09-09 16:20:53,249 fastran_nb_nubeam_7 DEBUG    _invoke_service(): getTopic  ('_IPS_MONITOR',)
2025-09-09 16:20:53,249 fastran_nb_nubeam_7 DEBUG    _get_service_response(REQUEST|fastran_000001@nubeam@7|FRAMEWORK@Framework@0|18)
2025-09-09 16:20:53,259 fastran_nb_nubeam_7 DEBUG    _get_service_response(REQUEST|fastran_000001@nubeam@7|FRAMEWORK@Framework@0|18), response = ServiceResponseMessage(sender_id=FRAMEWORK@Framework@0, receiver_id=fastran_000001@nubeam@7, request_msg_id=REQUEST|fastran_000001@nubeam@7|FRAMEWORK@Framework@0|18,status=0, args=(<ipsframework.cca_es_spec.Topic object at 0x7f87c6406d00>,), message_id=RESPONSE|FRAMEWORK@Framework@0|fastran_000001@nubeam@7|949)
2025-09-09 16:20:53,259 fastran_nb_nubeam_7 DEBUG    _invoke_service(): sendEvent  ('_IPS_MONITOR', 'PORTAL_EVENT', {'sim_name': 'fastran_000001', 'real_sim_name': 'fastran_000001', 'portal_data': {'code': 'fastran_nb_nubeam', 'eventtype': 'IPS_STAGE_STATE', 'ok': True, 'walltime': '85.32', 'time': '2025-09-09|16:20:53PDT', 'trace': {'timestamp': 1757460053226318, 'duration': 22618, 'localEndpoint': {'serviceName': 'stage_state'}, 'name': "['s000001.00001', 'g000001.00001', 'i000001.00001', 'b000001.00001']", 'id': 'ff3119918b5e7670', 'parentId': 'adb107a54883a936', 'tags': {}}, 'state': 'Running', 'comment': 'Elapsed time = 0.023  files = s000001.00001 g000001.00001 i000001.00001 b000001.00001 Success'}})
2025-09-09 16:20:53,259 fastran_nb_nubeam_7 DEBUG    _get_service_response(REQUEST|fastran_000001@nubeam@7|FRAMEWORK@Framework@0|19)
2025-09-09 16:20:53,270 fastran_nb_nubeam_7 DEBUG    _get_service_response(REQUEST|fastran_000001@nubeam@7|FRAMEWORK@Framework@0|19), response = ServiceResponseMessage(sender_id=FRAMEWORK@Framework@0, receiver_id=fastran_000001@nubeam@7, request_msg_id=REQUEST|fastran_000001@nubeam@7|FRAMEWORK@Framework@0|19,status=0, args=(None,), message_id=RESPONSE|FRAMEWORK@Framework@0|fastran_000001@nubeam@7|950)
2025-09-09 16:20:53,371 fastran_nb_nubeam_7 DEBUG    _invoke_service(): update_state  (['s000001.00001', 'g000001.00001', 'i000001.00001', 'b000001.00001'], '/pscratch/sd/b/bassem/ips/tglf-ep_32_repeat/SCAN/work/fastran_nb_nubeam_7', '/pscratch/sd/b/bassem/ips/tglf-ep_32_repeat/SCAN/work/plasma_state')
2025-09-09 16:20:53,372 fastran_nb_nubeam_7 DEBUG    _get_service_response(REQUEST|fastran_000001@nubeam@7|FRAMEWORK@Framework@0|20)
2025-09-09 16:20:53,394 fastran_nb_nubeam_7 DEBUG    _get_service_response(REQUEST|fastran_000001@nubeam@7|FRAMEWORK@Framework@0|20), response = ServiceResponseMessage(sender_id=FRAMEWORK@Framework@0, receiver_id=fastran_000001@nubeam@7, request_msg_id=REQUEST|fastran_000001@nubeam@7|FRAMEWORK@Framework@0|20,status=0, args=(0,), message_id=RESPONSE|FRAMEWORK@Framework@0|fastran_000001@nubeam@7|951)
2025-09-09 16:20:53,394 fastran_nb_nubeam_7 DEBUG    _invoke_service(): getTopic  ('_IPS_MONITOR',)
2025-09-09 16:20:53,394 fastran_nb_nubeam_7 DEBUG    _get_service_response(REQUEST|fastran_000001@nubeam@7|FRAMEWORK@Framework@0|21)
2025-09-09 16:20:53,404 fastran_nb_nubeam_7 DEBUG    _get_service_response(REQUEST|fastran_000001@nubeam@7|FRAMEWORK@Framework@0|21), response = ServiceResponseMessage(sender_id=FRAMEWORK@Framework@0, receiver_id=fastran_000001@nubeam@7, request_msg_id=REQUEST|fastran_000001@nubeam@7|FRAMEWORK@Framework@0|21,status=0, args=(<ipsframework.cca_es_spec.Topic object at 0x7f87c64067f0>,), message_id=RESPONSE|FRAMEWORK@Framework@0|fastran_000001@nubeam@7|952)
2025-09-09 16:20:53,404 fastran_nb_nubeam_7 DEBUG    _invoke_service(): sendEvent  ('_IPS_MONITOR', 'PORTAL_EVENT', {'sim_name': 'fastran_000001', 'real_sim_name': 'fastran_000001', 'portal_data': {'code': 'fastran_nb_nubeam', 'eventtype': 'IPS_UPDATE_STATE', 'ok': True, 'walltime': '85.47', 'time': '2025-09-09|16:20:53PDT', 'trace': {'timestamp': 1757460053371705, 'duration': 22431, 'localEndpoint': {'serviceName': 'update_state'}, 'name': "['s000001.00001', 'g000001.00001', 'i000001.00001', 'b000001.00001']", 'id': '2fc1229e1e650f1c', 'parentId': 'adb107a54883a936', 'tags': {}}, 'state': 'Running', 'comment': 'Elapsed time = 0.022   files = s000001.00001 g000001.00001 i000001.00001 b000001.00001 Success'}})
2025-09-09 16:20:53,404 fastran_nb_nubeam_7 DEBUG    _get_service_response(REQUEST|fastran_000001@nubeam@7|FRAMEWORK@Framework@0|22)
2025-09-09 16:20:53,415 fastran_nb_nubeam_7 DEBUG    _get_service_response(REQUEST|fastran_000001@nubeam@7|FRAMEWORK@Framework@0|22), response = ServiceResponseMessage(sender_id=FRAMEWORK@Framework@0, receiver_id=fastran_000001@nubeam@7, request_msg_id=REQUEST|fastran_000001@nubeam@7|FRAMEWORK@Framework@0|22,status=0, args=(None,), message_id=RESPONSE|FRAMEWORK@Framework@0|fastran_000001@nubeam@7|953)
2025-09-09 16:20:53,415 fastran_nb_nubeam_7 DEBUG    _invoke_service(): init_task  (TaskInit(nproc=24, binary='/global/common/software/atom/perlmutter/binaries/nubeam/default/mpi_nubeam_comp_exec', working_dir='/pscratch/sd/b/bassem/ips/tglf-ep_32_repeat/SCAN/work/fastran_nb_nubeam_7', tppn=0, tcpp=0, tgpp=0, block=True, omp=False, wnodes=True, wsocks=True, cmd_args=()),)
2025-09-09 16:20:53,416 fastran_nb_nubeam_7 DEBUG    _get_service_response(REQUEST|fastran_000001@nubeam@7|FRAMEWORK@Framework@0|23)
2025-09-09 16:20:53,427 fastran_nb_nubeam_7 DEBUG    _get_service_response(REQUEST|fastran_000001@nubeam@7|FRAMEWORK@Framework@0|23), response = ServiceResponseMessage(sender_id=FRAMEWORK@Framework@0, receiver_id=fastran_000001@nubeam@7, request_msg_id=REQUEST|fastran_000001@nubeam@7|FRAMEWORK@Framework@0|23,status=0, args=((12, 'srun -N 1 -n 24 -c 5 --threads-per-core=1 --cpu-bind=cores /global/common/software/atom/perlmutter/binaries/nubeam/default/mpi_nubeam_comp_exec ', None, 128),), message_id=RESPONSE|FRAMEWORK@Framework@0|fastran_000001@nubeam@7|954)
2025-09-09 16:20:53,427 fastran_nb_nubeam_7 DEBUG    Launching command : srun -N 1 -n 24 -c 5 --threads-per-core=1 --cpu-bind=cores /global/common/software/atom/perlmutter/binaries/nubeam/default/mpi_nubeam_comp_exec 
2025-09-09 16:20:53,450 fastran_nb_nubeam_7 DEBUG    _invoke_service(): getTopic  ('_IPS_MONITOR',)
2025-09-09 16:20:53,451 fastran_nb_nubeam_7 DEBUG    _get_service_response(REQUEST|fastran_000001@nubeam@7|FRAMEWORK@Framework@0|24)
2025-09-09 16:20:53,461 fastran_nb_nubeam_7 DEBUG    _get_service_response(REQUEST|fastran_000001@nubeam@7|FRAMEWORK@Framework@0|24), response = ServiceResponseMessage(sender_id=FRAMEWORK@Framework@0, receiver_id=fastran_000001@nubeam@7, request_msg_id=REQUEST|fastran_000001@nubeam@7|FRAMEWORK@Framework@0|24,status=0, args=(<ipsframework.cca_es_spec.Topic object at 0x7f87c63a82b0>,), message_id=RESPONSE|FRAMEWORK@Framework@0|fastran_000001@nubeam@7|955)
2025-09-09 16:20:53,461 fastran_nb_nubeam_7 DEBUG    _invoke_service(): sendEvent  ('_IPS_MONITOR', 'PORTAL_EVENT', {'sim_name': 'fastran_000001', 'real_sim_name': 'fastran_000001', 'portal_data': {'code': 'fastran_nb_nubeam', 'eventtype': 'IPS_LAUNCH_TASK', 'ok': True, 'walltime': '85.53', 'time': '2025-09-09|16:20:53PDT', 'state': 'Running', 'comment': 'task_id = 12 , Tag = None , nproc = 24 , Target = srun -N 1 -n 24 -c 5 --threads-per-core=1 --cpu-bind=cores /global/common/software/atom/perlmutter/binaries/nubeam/default/mpi_nubeam_comp_exec '}})
2025-09-09 16:20:53,461 fastran_nb_nubeam_7 DEBUG    _get_service_response(REQUEST|fastran_000001@nubeam@7|FRAMEWORK@Framework@0|25)
2025-09-09 16:20:53,472 fastran_nb_nubeam_7 DEBUG    _get_service_response(REQUEST|fastran_000001@nubeam@7|FRAMEWORK@Framework@0|25), response = ServiceResponseMessage(sender_id=FRAMEWORK@Framework@0, receiver_id=fastran_000001@nubeam@7, request_msg_id=REQUEST|fastran_000001@nubeam@7|FRAMEWORK@Framework@0|25,status=0, args=(None,), message_id=RESPONSE|FRAMEWORK@Framework@0|fastran_000001@nubeam@7|956)
2025-09-09 16:22:19,137 fastran_nb_nubeam_7 DEBUG    _invoke_service(): getTopic  ('_IPS_MONITOR',)
2025-09-09 16:22:19,137 fastran_nb_nubeam_7 DEBUG    _get_service_response(REQUEST|fastran_000001@nubeam@7|FRAMEWORK@Framework@0|26)
2025-09-09 16:22:19,148 fastran_nb_nubeam_7 DEBUG    _get_service_response(REQUEST|fastran_000001@nubeam@7|FRAMEWORK@Framework@0|26), response = ServiceResponseMessage(sender_id=FRAMEWORK@Framework@0, receiver_id=fastran_000001@nubeam@7, request_msg_id=REQUEST|fastran_000001@nubeam@7|FRAMEWORK@Framework@0|26,status=0, args=(<ipsframework.cca_es_spec.Topic object at 0x7f87c63a8310>,), message_id=RESPONSE|FRAMEWORK@Framework@0|fastran_000001@nubeam@7|1125)
2025-09-09 16:22:19,148 fastran_nb_nubeam_7 DEBUG    _invoke_service(): sendEvent  ('_IPS_MONITOR', 'PORTAL_EVENT', {'sim_name': 'fastran_000001', 'real_sim_name': 'fastran_000001', 'portal_data': {'code': 'fastran_nb_nubeam', 'eventtype': 'IPS_TASK_END', 'ok': True, 'walltime': '171.21', 'time': '2025-09-09|16:22:19PDT', 'trace': {'timestamp': 1757460053450418, 'duration': 85686797, 'localEndpoint': {'serviceName': '/global/common/software/atom/perlmutter/binaries/nubeam/default/mpi_nubeam_comp_exec'}, 'name': '', 'id': 'bea7049ae485bd72', 'parentId': 'adb107a54883a936', 'tags': {'procs_requested': '24', 'cores_allocated': '128'}}, 'state': 'Running', 'comment': 'task_id = 12  elapsed time = 85.69 S'}})
2025-09-09 16:22:19,149 fastran_nb_nubeam_7 DEBUG    _get_service_response(REQUEST|fastran_000001@nubeam@7|FRAMEWORK@Framework@0|27)
2025-09-09 16:22:19,160 fastran_nb_nubeam_7 DEBUG    _get_service_response(REQUEST|fastran_000001@nubeam@7|FRAMEWORK@Framework@0|27), response = ServiceResponseMessage(sender_id=FRAMEWORK@Framework@0, receiver_id=fastran_000001@nubeam@7, request_msg_id=REQUEST|fastran_000001@nubeam@7|FRAMEWORK@Framework@0|27,status=0, args=(None,), message_id=RESPONSE|FRAMEWORK@Framework@0|fastran_000001@nubeam@7|1126)
2025-09-09 16:22:19,160 fastran_nb_nubeam_7 DEBUG    _invoke_service(): finish_task  (12, 0)
2025-09-09 16:22:19,160 fastran_nb_nubeam_7 DEBUG    _get_service_response(REQUEST|fastran_000001@nubeam@7|FRAMEWORK@Framework@0|28)
2025-09-09 16:22:19,171 fastran_nb_nubeam_7 DEBUG    _get_service_response(REQUEST|fastran_000001@nubeam@7|FRAMEWORK@Framework@0|28), response = ServiceResponseMessage(sender_id=FRAMEWORK@Framework@0, receiver_id=fastran_000001@nubeam@7, request_msg_id=REQUEST|fastran_000001@nubeam@7|FRAMEWORK@Framework@0|28,status=0, args=(0,), message_id=RESPONSE|FRAMEWORK@Framework@0|fastran_000001@nubeam@7|1127)
2025-09-09 16:22:19,171 fastran_nb_nubeam_7 DEBUG    _invoke_service(): init_task  (TaskInit(nproc=24, binary='/global/common/software/atom/perlmutter/binaries/nubeam/default/mpi_nubeam_comp_exec', working_dir='/pscratch/sd/b/bassem/ips/tglf-ep_32_repeat/SCAN/work/fastran_nb_nubeam_7', tppn=0, tcpp=0, tgpp=0, block=True, omp=False, wnodes=True, wsocks=True, cmd_args=()),)
2025-09-09 16:22:19,171 fastran_nb_nubeam_7 DEBUG    _get_service_response(REQUEST|fastran_000001@nubeam@7|FRAMEWORK@Framework@0|29)
2025-09-09 16:22:19,182 fastran_nb_nubeam_7 DEBUG    _get_service_response(REQUEST|fastran_000001@nubeam@7|FRAMEWORK@Framework@0|29), response = ServiceResponseMessage(sender_id=FRAMEWORK@Framework@0, receiver_id=fastran_000001@nubeam@7, request_msg_id=REQUEST|fastran_000001@nubeam@7|FRAMEWORK@Framework@0|29,status=0, args=((13, 'srun -N 1 -n 24 -c 5 --threads-per-core=1 --cpu-bind=cores /global/common/software/atom/perlmutter/binaries/nubeam/default/mpi_nubeam_comp_exec ', None, 128),), message_id=RESPONSE|FRAMEWORK@Framework@0|fastran_000001@nubeam@7|1128)
2025-09-09 16:22:19,183 fastran_nb_nubeam_7 DEBUG    Launching command : srun -N 1 -n 24 -c 5 --threads-per-core=1 --cpu-bind=cores /global/common/software/atom/perlmutter/binaries/nubeam/default/mpi_nubeam_comp_exec 
2025-09-09 16:22:19,215 fastran_nb_nubeam_7 DEBUG    _invoke_service(): getTopic  ('_IPS_MONITOR',)
2025-09-09 16:22:19,215 fastran_nb_nubeam_7 DEBUG    _get_service_response(REQUEST|fastran_000001@nubeam@7|FRAMEWORK@Framework@0|30)
2025-09-09 16:22:19,226 fastran_nb_nubeam_7 DEBUG    _get_service_response(REQUEST|fastran_000001@nubeam@7|FRAMEWORK@Framework@0|30), response = ServiceResponseMessage(sender_id=FRAMEWORK@Framework@0, receiver_id=fastran_000001@nubeam@7, request_msg_id=REQUEST|fastran_000001@nubeam@7|FRAMEWORK@Framework@0|30,status=0, args=(<ipsframework.cca_es_spec.Topic object at 0x7f87c63a8340>,), message_id=RESPONSE|FRAMEWORK@Framework@0|fastran_000001@nubeam@7|1129)
2025-09-09 16:22:19,226 fastran_nb_nubeam_7 DEBUG    _invoke_service(): sendEvent  ('_IPS_MONITOR', 'PORTAL_EVENT', {'sim_name': 'fastran_000001', 'real_sim_name': 'fastran_000001', 'portal_data': {'code': 'fastran_nb_nubeam', 'eventtype': 'IPS_LAUNCH_TASK', 'ok': True, 'walltime': '171.29', 'time': '2025-09-09|16:22:19PDT', 'state': 'Running', 'comment': 'task_id = 13 , Tag = None , nproc = 24 , Target = srun -N 1 -n 24 -c 5 --threads-per-core=1 --cpu-bind=cores /global/common/software/atom/perlmutter/binaries/nubeam/default/mpi_nubeam_comp_exec '}})
2025-09-09 16:22:19,226 fastran_nb_nubeam_7 DEBUG    _get_service_response(REQUEST|fastran_000001@nubeam@7|FRAMEWORK@Framework@0|31)
2025-09-09 16:22:19,237 fastran_nb_nubeam_7 DEBUG    _get_service_response(REQUEST|fastran_000001@nubeam@7|FRAMEWORK@Framework@0|31), response = ServiceResponseMessage(sender_id=FRAMEWORK@Framework@0, receiver_id=fastran_000001@nubeam@7, request_msg_id=REQUEST|fastran_000001@nubeam@7|FRAMEWORK@Framework@0|31,status=0, args=(None,), message_id=RESPONSE|FRAMEWORK@Framework@0|fastran_000001@nubeam@7|1130)
2025-09-09 16:22:24,464 fastran_nb_nubeam_7 DEBUG    _invoke_service(): getTopic  ('_IPS_MONITOR',)
2025-09-09 16:22:24,464 fastran_nb_nubeam_7 DEBUG    _get_service_response(REQUEST|fastran_000001@nubeam@7|FRAMEWORK@Framework@0|32)
2025-09-09 16:22:24,475 fastran_nb_nubeam_7 DEBUG    _get_service_response(REQUEST|fastran_000001@nubeam@7|FRAMEWORK@Framework@0|32), response = ServiceResponseMessage(sender_id=FRAMEWORK@Framework@0, receiver_id=fastran_000001@nubeam@7, request_msg_id=REQUEST|fastran_000001@nubeam@7|FRAMEWORK@Framework@0|32,status=0, args=(<ipsframework.cca_es_spec.Topic object at 0x7f87c63a81c0>,), message_id=RESPONSE|FRAMEWORK@Framework@0|fastran_000001@nubeam@7|1141)
2025-09-09 16:22:24,475 fastran_nb_nubeam_7 DEBUG    _invoke_service(): sendEvent  ('_IPS_MONITOR', 'PORTAL_EVENT', {'sim_name': 'fastran_000001', 'real_sim_name': 'fastran_000001', 'portal_data': {'code': 'fastran_nb_nubeam', 'eventtype': 'IPS_TASK_END', 'ok': True, 'walltime': '176.54', 'time': '2025-09-09|16:22:24PDT', 'trace': {'timestamp': 1757460139214632, 'duration': 5249382, 'localEndpoint': {'serviceName': '/global/common/software/atom/perlmutter/binaries/nubeam/default/mpi_nubeam_comp_exec'}, 'name': '', 'id': 'd168e489cdef858e', 'parentId': 'adb107a54883a936', 'tags': {'procs_requested': '24', 'cores_allocated': '128'}}, 'state': 'Running', 'comment': 'task_id = 13  elapsed time = 5.25 S'}})
2025-09-09 16:22:24,475 fastran_nb_nubeam_7 DEBUG    _get_service_response(REQUEST|fastran_000001@nubeam@7|FRAMEWORK@Framework@0|33)
2025-09-09 16:22:24,486 fastran_nb_nubeam_7 DEBUG    _get_service_response(REQUEST|fastran_000001@nubeam@7|FRAMEWORK@Framework@0|33), response = ServiceResponseMessage(sender_id=FRAMEWORK@Framework@0, receiver_id=fastran_000001@nubeam@7, request_msg_id=REQUEST|fastran_000001@nubeam@7|FRAMEWORK@Framework@0|33,status=0, args=(None,), message_id=RESPONSE|FRAMEWORK@Framework@0|fastran_000001@nubeam@7|1142)
2025-09-09 16:22:24,486 fastran_nb_nubeam_7 DEBUG    _invoke_service(): finish_task  (13, 0)
2025-09-09 16:22:24,486 fastran_nb_nubeam_7 DEBUG    _get_service_response(REQUEST|fastran_000001@nubeam@7|FRAMEWORK@Framework@0|34)
2025-09-09 16:22:24,497 fastran_nb_nubeam_7 DEBUG    _get_service_response(REQUEST|fastran_000001@nubeam@7|FRAMEWORK@Framework@0|34), response = ServiceResponseMessage(sender_id=FRAMEWORK@Framework@0, receiver_id=fastran_000001@nubeam@7, request_msg_id=REQUEST|fastran_000001@nubeam@7|FRAMEWORK@Framework@0|34,status=0, args=(0,), message_id=RESPONSE|FRAMEWORK@Framework@0|fastran_000001@nubeam@7|1143)
2025-09-09 16:22:24,503 fastran_nb_nubeam_7 DEBUG    _invoke_service(): init_task  (TaskInit(nproc=24, binary='/global/common/software/atom/perlmutter/binaries/nubeam/default/mpi_nubeam_comp_exec', working_dir='/pscratch/sd/b/bassem/ips/tglf-ep_32_repeat/SCAN/work/fastran_nb_nubeam_7', tppn=0, tcpp=0, tgpp=0, block=True, omp=False, wnodes=True, wsocks=True, cmd_args=()),)
2025-09-09 16:22:24,503 fastran_nb_nubeam_7 DEBUG    _get_service_response(REQUEST|fastran_000001@nubeam@7|FRAMEWORK@Framework@0|35)
2025-09-09 16:22:24,514 fastran_nb_nubeam_7 DEBUG    _get_service_response(REQUEST|fastran_000001@nubeam@7|FRAMEWORK@Framework@0|35), response = ServiceResponseMessage(sender_id=FRAMEWORK@Framework@0, receiver_id=fastran_000001@nubeam@7, request_msg_id=REQUEST|fastran_000001@nubeam@7|FRAMEWORK@Framework@0|35,status=0, args=((14, 'srun -N 1 -n 24 -c 5 --threads-per-core=1 --cpu-bind=cores /global/common/software/atom/perlmutter/binaries/nubeam/default/mpi_nubeam_comp_exec ', None, 128),), message_id=RESPONSE|FRAMEWORK@Framework@0|fastran_000001@nubeam@7|1145)
2025-09-09 16:22:24,515 fastran_nb_nubeam_7 DEBUG    Launching command : srun -N 1 -n 24 -c 5 --threads-per-core=1 --cpu-bind=cores /global/common/software/atom/perlmutter/binaries/nubeam/default/mpi_nubeam_comp_exec 
2025-09-09 16:22:24,549 fastran_nb_nubeam_7 DEBUG    _invoke_service(): getTopic  ('_IPS_MONITOR',)
2025-09-09 16:22:24,549 fastran_nb_nubeam_7 DEBUG    _get_service_response(REQUEST|fastran_000001@nubeam@7|FRAMEWORK@Framework@0|36)
2025-09-09 16:22:24,560 fastran_nb_nubeam_7 DEBUG    _get_service_response(REQUEST|fastran_000001@nubeam@7|FRAMEWORK@Framework@0|36), response = ServiceResponseMessage(sender_id=FRAMEWORK@Framework@0, receiver_id=fastran_000001@nubeam@7, request_msg_id=REQUEST|fastran_000001@nubeam@7|FRAMEWORK@Framework@0|36,status=0, args=(<ipsframework.cca_es_spec.Topic object at 0x7f87c63a8190>,), message_id=RESPONSE|FRAMEWORK@Framework@0|fastran_000001@nubeam@7|1146)
2025-09-09 16:22:24,560 fastran_nb_nubeam_7 DEBUG    _invoke_service(): sendEvent  ('_IPS_MONITOR', 'PORTAL_EVENT', {'sim_name': 'fastran_000001', 'real_sim_name': 'fastran_000001', 'portal_data': {'code': 'fastran_nb_nubeam', 'eventtype': 'IPS_LAUNCH_TASK', 'ok': True, 'walltime': '176.62', 'time': '2025-09-09|16:22:24PDT', 'state': 'Running', 'comment': 'task_id = 14 , Tag = None , nproc = 24 , Target = srun -N 1 -n 24 -c 5 --threads-per-core=1 --cpu-bind=cores /global/common/software/atom/perlmutter/binaries/nubeam/default/mpi_nubeam_comp_exec '}})
2025-09-09 16:22:24,560 fastran_nb_nubeam_7 DEBUG    _get_service_response(REQUEST|fastran_000001@nubeam@7|FRAMEWORK@Framework@0|37)
2025-09-09 16:22:24,571 fastran_nb_nubeam_7 DEBUG    _get_service_response(REQUEST|fastran_000001@nubeam@7|FRAMEWORK@Framework@0|37), response = ServiceResponseMessage(sender_id=FRAMEWORK@Framework@0, receiver_id=fastran_000001@nubeam@7, request_msg_id=REQUEST|fastran_000001@nubeam@7|FRAMEWORK@Framework@0|37,status=0, args=(None,), message_id=RESPONSE|FRAMEWORK@Framework@0|fastran_000001@nubeam@7|1147)
2025-09-09 16:22:30,509 fastran_nb_nubeam_7 DEBUG    _invoke_service(): getTopic  ('_IPS_MONITOR',)
2025-09-09 16:22:30,510 fastran_nb_nubeam_7 DEBUG    _get_service_response(REQUEST|fastran_000001@nubeam@7|FRAMEWORK@Framework@0|38)
2025-09-09 16:22:30,521 fastran_nb_nubeam_7 DEBUG    _get_service_response(REQUEST|fastran_000001@nubeam@7|FRAMEWORK@Framework@0|38), response = ServiceResponseMessage(sender_id=FRAMEWORK@Framework@0, receiver_id=fastran_000001@nubeam@7, request_msg_id=REQUEST|fastran_000001@nubeam@7|FRAMEWORK@Framework@0|38,status=0, args=(<ipsframework.cca_es_spec.Topic object at 0x7f87c63a8250>,), message_id=RESPONSE|FRAMEWORK@Framework@0|fastran_000001@nubeam@7|1159)
2025-09-09 16:22:30,521 fastran_nb_nubeam_7 DEBUG    _invoke_service(): sendEvent  ('_IPS_MONITOR', 'PORTAL_EVENT', {'sim_name': 'fastran_000001', 'real_sim_name': 'fastran_000001', 'portal_data': {'code': 'fastran_nb_nubeam', 'eventtype': 'IPS_TASK_END', 'ok': True, 'walltime': '182.59', 'time': '2025-09-09|16:22:30PDT', 'trace': {'timestamp': 1757460144548652, 'duration': 5961036, 'localEndpoint': {'serviceName': '/global/common/software/atom/perlmutter/binaries/nubeam/default/mpi_nubeam_comp_exec'}, 'name': '', 'id': 'aaa92e7e0c301e47', 'parentId': 'adb107a54883a936', 'tags': {'procs_requested': '24', 'cores_allocated': '128'}}, 'state': 'Running', 'comment': 'task_id = 14  elapsed time = 5.96 S'}})
2025-09-09 16:22:30,521 fastran_nb_nubeam_7 DEBUG    _get_service_response(REQUEST|fastran_000001@nubeam@7|FRAMEWORK@Framework@0|39)
2025-09-09 16:22:30,532 fastran_nb_nubeam_7 DEBUG    _get_service_response(REQUEST|fastran_000001@nubeam@7|FRAMEWORK@Framework@0|39), response = ServiceResponseMessage(sender_id=FRAMEWORK@Framework@0, receiver_id=fastran_000001@nubeam@7, request_msg_id=REQUEST|fastran_000001@nubeam@7|FRAMEWORK@Framework@0|39,status=0, args=(None,), message_id=RESPONSE|FRAMEWORK@Framework@0|fastran_000001@nubeam@7|1160)
2025-09-09 16:22:30,532 fastran_nb_nubeam_7 DEBUG    _invoke_service(): finish_task  (14, 0)
2025-09-09 16:22:30,532 fastran_nb_nubeam_7 DEBUG    _get_service_response(REQUEST|fastran_000001@nubeam@7|FRAMEWORK@Framework@0|40)
2025-09-09 16:22:30,543 fastran_nb_nubeam_7 DEBUG    _get_service_response(REQUEST|fastran_000001@nubeam@7|FRAMEWORK@Framework@0|40), response = ServiceResponseMessage(sender_id=FRAMEWORK@Framework@0, receiver_id=fastran_000001@nubeam@7, request_msg_id=REQUEST|fastran_000001@nubeam@7|FRAMEWORK@Framework@0|40,status=0, args=(0,), message_id=RESPONSE|FRAMEWORK@Framework@0|fastran_000001@nubeam@7|1161)
2025-09-09 16:22:30,549 fastran_nb_nubeam_7 DEBUG    _invoke_service(): init_task  (TaskInit(nproc=24, binary='/global/common/software/atom/perlmutter/binaries/nubeam/default/mpi_nubeam_comp_exec', working_dir='/pscratch/sd/b/bassem/ips/tglf-ep_32_repeat/SCAN/work/fastran_nb_nubeam_7', tppn=0, tcpp=0, tgpp=0, block=True, omp=False, wnodes=True, wsocks=True, cmd_args=()),)
2025-09-09 16:22:30,549 fastran_nb_nubeam_7 DEBUG    _get_service_response(REQUEST|fastran_000001@nubeam@7|FRAMEWORK@Framework@0|41)
2025-09-09 16:22:30,560 fastran_nb_nubeam_7 DEBUG    _get_service_response(REQUEST|fastran_000001@nubeam@7|FRAMEWORK@Framework@0|41), response = ServiceResponseMessage(sender_id=FRAMEWORK@Framework@0, receiver_id=fastran_000001@nubeam@7, request_msg_id=REQUEST|fastran_000001@nubeam@7|FRAMEWORK@Framework@0|41,status=0, args=((15, 'srun -N 1 -n 24 -c 5 --threads-per-core=1 --cpu-bind=cores /global/common/software/atom/perlmutter/binaries/nubeam/default/mpi_nubeam_comp_exec ', None, 128),), message_id=RESPONSE|FRAMEWORK@Framework@0|fastran_000001@nubeam@7|1162)
2025-09-09 16:22:30,560 fastran_nb_nubeam_7 DEBUG    Launching command : srun -N 1 -n 24 -c 5 --threads-per-core=1 --cpu-bind=cores /global/common/software/atom/perlmutter/binaries/nubeam/default/mpi_nubeam_comp_exec 
2025-09-09 16:22:30,590 fastran_nb_nubeam_7 DEBUG    _invoke_service(): getTopic  ('_IPS_MONITOR',)
2025-09-09 16:22:30,590 fastran_nb_nubeam_7 DEBUG    _get_service_response(REQUEST|fastran_000001@nubeam@7|FRAMEWORK@Framework@0|42)
2025-09-09 16:22:30,601 fastran_nb_nubeam_7 DEBUG    _get_service_response(REQUEST|fastran_000001@nubeam@7|FRAMEWORK@Framework@0|42), response = ServiceResponseMessage(sender_id=FRAMEWORK@Framework@0, receiver_id=fastran_000001@nubeam@7, request_msg_id=REQUEST|fastran_000001@nubeam@7|FRAMEWORK@Framework@0|42,status=0, args=(<ipsframework.cca_es_spec.Topic object at 0x7f87c63a82b0>,), message_id=RESPONSE|FRAMEWORK@Framework@0|fastran_000001@nubeam@7|1163)
2025-09-09 16:22:30,601 fastran_nb_nubeam_7 DEBUG    _invoke_service(): sendEvent  ('_IPS_MONITOR', 'PORTAL_EVENT', {'sim_name': 'fastran_000001', 'real_sim_name': 'fastran_000001', 'portal_data': {'code': 'fastran_nb_nubeam', 'eventtype': 'IPS_LAUNCH_TASK', 'ok': True, 'walltime': '182.67', 'time': '2025-09-09|16:22:30PDT', 'state': 'Running', 'comment': 'task_id = 15 , Tag = None , nproc = 24 , Target = srun -N 1 -n 24 -c 5 --threads-per-core=1 --cpu-bind=cores /global/common/software/atom/perlmutter/binaries/nubeam/default/mpi_nubeam_comp_exec '}})
2025-09-09 16:22:30,601 fastran_nb_nubeam_7 DEBUG    _get_service_response(REQUEST|fastran_000001@nubeam@7|FRAMEWORK@Framework@0|43)
2025-09-09 16:22:30,612 fastran_nb_nubeam_7 DEBUG    _get_service_response(REQUEST|fastran_000001@nubeam@7|FRAMEWORK@Framework@0|43), response = ServiceResponseMessage(sender_id=FRAMEWORK@Framework@0, receiver_id=fastran_000001@nubeam@7, request_msg_id=REQUEST|fastran_000001@nubeam@7|FRAMEWORK@Framework@0|43,status=0, args=(None,), message_id=RESPONSE|FRAMEWORK@Framework@0|fastran_000001@nubeam@7|1164)
2025-09-09 16:22:36,388 fastran_nb_nubeam_7 DEBUG    _invoke_service(): getTopic  ('_IPS_MONITOR',)
2025-09-09 16:22:36,388 fastran_nb_nubeam_7 DEBUG    _get_service_response(REQUEST|fastran_000001@nubeam@7|FRAMEWORK@Framework@0|44)
2025-09-09 16:22:36,399 fastran_nb_nubeam_7 DEBUG    _get_service_response(REQUEST|fastran_000001@nubeam@7|FRAMEWORK@Framework@0|44), response = ServiceResponseMessage(sender_id=FRAMEWORK@Framework@0, receiver_id=fastran_000001@nubeam@7, request_msg_id=REQUEST|fastran_000001@nubeam@7|FRAMEWORK@Framework@0|44,status=0, args=(<ipsframework.cca_es_spec.Topic object at 0x7f87c63a8070>,), message_id=RESPONSE|FRAMEWORK@Framework@0|fastran_000001@nubeam@7|1177)
2025-09-09 16:22:36,399 fastran_nb_nubeam_7 DEBUG    _invoke_service(): sendEvent  ('_IPS_MONITOR', 'PORTAL_EVENT', {'sim_name': 'fastran_000001', 'real_sim_name': 'fastran_000001', 'portal_data': {'code': 'fastran_nb_nubeam', 'eventtype': 'IPS_TASK_END', 'ok': True, 'walltime': '188.46', 'time': '2025-09-09|16:22:36PDT', 'trace': {'timestamp': 1757460150590058, 'duration': 5798331, 'localEndpoint': {'serviceName': '/global/common/software/atom/perlmutter/binaries/nubeam/default/mpi_nubeam_comp_exec'}, 'name': '', 'id': 'c30007323bf73938', 'parentId': 'adb107a54883a936', 'tags': {'procs_requested': '24', 'cores_allocated': '128'}}, 'state': 'Running', 'comment': 'task_id = 15  elapsed time = 5.80 S'}})
2025-09-09 16:22:36,400 fastran_nb_nubeam_7 DEBUG    _get_service_response(REQUEST|fastran_000001@nubeam@7|FRAMEWORK@Framework@0|45)
2025-09-09 16:22:36,410 fastran_nb_nubeam_7 DEBUG    _get_service_response(REQUEST|fastran_000001@nubeam@7|FRAMEWORK@Framework@0|45), response = ServiceResponseMessage(sender_id=FRAMEWORK@Framework@0, receiver_id=fastran_000001@nubeam@7, request_msg_id=REQUEST|fastran_000001@nubeam@7|FRAMEWORK@Framework@0|45,status=0, args=(None,), message_id=RESPONSE|FRAMEWORK@Framework@0|fastran_000001@nubeam@7|1178)
2025-09-09 16:22:36,411 fastran_nb_nubeam_7 DEBUG    _invoke_service(): finish_task  (15, 0)
2025-09-09 16:22:36,411 fastran_nb_nubeam_7 DEBUG    _get_service_response(REQUEST|fastran_000001@nubeam@7|FRAMEWORK@Framework@0|46)
2025-09-09 16:22:36,421 fastran_nb_nubeam_7 DEBUG    _get_service_response(REQUEST|fastran_000001@nubeam@7|FRAMEWORK@Framework@0|46), response = ServiceResponseMessage(sender_id=FRAMEWORK@Framework@0, receiver_id=fastran_000001@nubeam@7, request_msg_id=REQUEST|fastran_000001@nubeam@7|FRAMEWORK@Framework@0|46,status=0, args=(0,), message_id=RESPONSE|FRAMEWORK@Framework@0|fastran_000001@nubeam@7|1179)
2025-09-09 16:22:36,427 fastran_nb_nubeam_7 DEBUG    _invoke_service(): init_task  (TaskInit(nproc=24, binary='/global/common/software/atom/perlmutter/binaries/nubeam/default/mpi_nubeam_comp_exec', working_dir='/pscratch/sd/b/bassem/ips/tglf-ep_32_repeat/SCAN/work/fastran_nb_nubeam_7', tppn=0, tcpp=0, tgpp=0, block=True, omp=False, wnodes=True, wsocks=True, cmd_args=()),)
2025-09-09 16:22:36,427 fastran_nb_nubeam_7 DEBUG    _get_service_response(REQUEST|fastran_000001@nubeam@7|FRAMEWORK@Framework@0|47)
2025-09-09 16:22:36,438 fastran_nb_nubeam_7 DEBUG    _get_service_response(REQUEST|fastran_000001@nubeam@7|FRAMEWORK@Framework@0|47), response = ServiceResponseMessage(sender_id=FRAMEWORK@Framework@0, receiver_id=fastran_000001@nubeam@7, request_msg_id=REQUEST|fastran_000001@nubeam@7|FRAMEWORK@Framework@0|47,status=0, args=((16, 'srun -N 1 -n 24 -c 5 --threads-per-core=1 --cpu-bind=cores /global/common/software/atom/perlmutter/binaries/nubeam/default/mpi_nubeam_comp_exec ', None, 128),), message_id=RESPONSE|FRAMEWORK@Framework@0|fastran_000001@nubeam@7|1180)
2025-09-09 16:22:36,439 fastran_nb_nubeam_7 DEBUG    Launching command : srun -N 1 -n 24 -c 5 --threads-per-core=1 --cpu-bind=cores /global/common/software/atom/perlmutter/binaries/nubeam/default/mpi_nubeam_comp_exec 
2025-09-09 16:22:36,527 fastran_nb_nubeam_7 DEBUG    _invoke_service(): getTopic  ('_IPS_MONITOR',)
2025-09-09 16:22:36,527 fastran_nb_nubeam_7 DEBUG    _get_service_response(REQUEST|fastran_000001@nubeam@7|FRAMEWORK@Framework@0|48)
2025-09-09 16:22:36,538 fastran_nb_nubeam_7 DEBUG    _get_service_response(REQUEST|fastran_000001@nubeam@7|FRAMEWORK@Framework@0|48), response = ServiceResponseMessage(sender_id=FRAMEWORK@Framework@0, receiver_id=fastran_000001@nubeam@7, request_msg_id=REQUEST|fastran_000001@nubeam@7|FRAMEWORK@Framework@0|48,status=0, args=(<ipsframework.cca_es_spec.Topic object at 0x7f87c63a83a0>,), message_id=RESPONSE|FRAMEWORK@Framework@0|fastran_000001@nubeam@7|1181)
2025-09-09 16:22:36,538 fastran_nb_nubeam_7 DEBUG    _invoke_service(): sendEvent  ('_IPS_MONITOR', 'PORTAL_EVENT', {'sim_name': 'fastran_000001', 'real_sim_name': 'fastran_000001', 'portal_data': {'code': 'fastran_nb_nubeam', 'eventtype': 'IPS_LAUNCH_TASK', 'ok': True, 'walltime': '188.60', 'time': '2025-09-09|16:22:36PDT', 'state': 'Running', 'comment': 'task_id = 16 , Tag = None , nproc = 24 , Target = srun -N 1 -n 24 -c 5 --threads-per-core=1 --cpu-bind=cores /global/common/software/atom/perlmutter/binaries/nubeam/default/mpi_nubeam_comp_exec '}})
2025-09-09 16:22:36,538 fastran_nb_nubeam_7 DEBUG    _get_service_response(REQUEST|fastran_000001@nubeam@7|FRAMEWORK@Framework@0|49)
2025-09-09 16:22:36,549 fastran_nb_nubeam_7 DEBUG    _get_service_response(REQUEST|fastran_000001@nubeam@7|FRAMEWORK@Framework@0|49), response = ServiceResponseMessage(sender_id=FRAMEWORK@Framework@0, receiver_id=fastran_000001@nubeam@7, request_msg_id=REQUEST|fastran_000001@nubeam@7|FRAMEWORK@Framework@0|49,status=0, args=(None,), message_id=RESPONSE|FRAMEWORK@Framework@0|fastran_000001@nubeam@7|1182)
2025-09-09 16:22:41,571 fastran_nb_nubeam_7 DEBUG    _invoke_service(): getTopic  ('_IPS_MONITOR',)
2025-09-09 16:22:41,572 fastran_nb_nubeam_7 DEBUG    _get_service_response(REQUEST|fastran_000001@nubeam@7|FRAMEWORK@Framework@0|50)
2025-09-09 16:22:41,583 fastran_nb_nubeam_7 DEBUG    _get_service_response(REQUEST|fastran_000001@nubeam@7|FRAMEWORK@Framework@0|50), response = ServiceResponseMessage(sender_id=FRAMEWORK@Framework@0, receiver_id=fastran_000001@nubeam@7, request_msg_id=REQUEST|fastran_000001@nubeam@7|FRAMEWORK@Framework@0|50,status=0, args=(<ipsframework.cca_es_spec.Topic object at 0x7f87c63a8370>,), message_id=RESPONSE|FRAMEWORK@Framework@0|fastran_000001@nubeam@7|1193)
2025-09-09 16:22:41,583 fastran_nb_nubeam_7 DEBUG    _invoke_service(): sendEvent  ('_IPS_MONITOR', 'PORTAL_EVENT', {'sim_name': 'fastran_000001', 'real_sim_name': 'fastran_000001', 'portal_data': {'code': 'fastran_nb_nubeam', 'eventtype': 'IPS_TASK_END', 'ok': True, 'walltime': '193.65', 'time': '2025-09-09|16:22:41PDT', 'trace': {'timestamp': 1757460156527208, 'duration': 5044546, 'localEndpoint': {'serviceName': '/global/common/software/atom/perlmutter/binaries/nubeam/default/mpi_nubeam_comp_exec'}, 'name': '', 'id': '9d5eb3f0e580d8e0', 'parentId': 'adb107a54883a936', 'tags': {'procs_requested': '24', 'cores_allocated': '128'}}, 'state': 'Running', 'comment': 'task_id = 16  elapsed time = 5.04 S'}})
2025-09-09 16:22:41,583 fastran_nb_nubeam_7 DEBUG    _get_service_response(REQUEST|fastran_000001@nubeam@7|FRAMEWORK@Framework@0|51)
2025-09-09 16:22:41,594 fastran_nb_nubeam_7 DEBUG    _get_service_response(REQUEST|fastran_000001@nubeam@7|FRAMEWORK@Framework@0|51), response = ServiceResponseMessage(sender_id=FRAMEWORK@Framework@0, receiver_id=fastran_000001@nubeam@7, request_msg_id=REQUEST|fastran_000001@nubeam@7|FRAMEWORK@Framework@0|51,status=0, args=(None,), message_id=RESPONSE|FRAMEWORK@Framework@0|fastran_000001@nubeam@7|1194)
2025-09-09 16:22:41,594 fastran_nb_nubeam_7 DEBUG    _invoke_service(): finish_task  (16, 0)
2025-09-09 16:22:41,594 fastran_nb_nubeam_7 DEBUG    _get_service_response(REQUEST|fastran_000001@nubeam@7|FRAMEWORK@Framework@0|52)
2025-09-09 16:22:41,605 fastran_nb_nubeam_7 DEBUG    _get_service_response(REQUEST|fastran_000001@nubeam@7|FRAMEWORK@Framework@0|52), response = ServiceResponseMessage(sender_id=FRAMEWORK@Framework@0, receiver_id=fastran_000001@nubeam@7, request_msg_id=REQUEST|fastran_000001@nubeam@7|FRAMEWORK@Framework@0|52,status=0, args=(0,), message_id=RESPONSE|FRAMEWORK@Framework@0|fastran_000001@nubeam@7|1195)
2025-09-09 16:22:41,611 fastran_nb_nubeam_7 DEBUG    _invoke_service(): init_task  (TaskInit(nproc=24, binary='/global/common/software/atom/perlmutter/binaries/nubeam/default/mpi_nubeam_comp_exec', working_dir='/pscratch/sd/b/bassem/ips/tglf-ep_32_repeat/SCAN/work/fastran_nb_nubeam_7', tppn=0, tcpp=0, tgpp=0, block=True, omp=False, wnodes=True, wsocks=True, cmd_args=()),)
2025-09-09 16:22:41,611 fastran_nb_nubeam_7 DEBUG    _get_service_response(REQUEST|fastran_000001@nubeam@7|FRAMEWORK@Framework@0|53)
2025-09-09 16:22:41,621 fastran_nb_nubeam_7 DEBUG    _get_service_response(REQUEST|fastran_000001@nubeam@7|FRAMEWORK@Framework@0|53), response = ServiceResponseMessage(sender_id=FRAMEWORK@Framework@0, receiver_id=fastran_000001@nubeam@7, request_msg_id=REQUEST|fastran_000001@nubeam@7|FRAMEWORK@Framework@0|53,status=0, args=((17, 'srun -N 1 -n 24 -c 5 --threads-per-core=1 --cpu-bind=cores /global/common/software/atom/perlmutter/binaries/nubeam/default/mpi_nubeam_comp_exec ', None, 128),), message_id=RESPONSE|FRAMEWORK@Framework@0|fastran_000001@nubeam@7|1196)
2025-09-09 16:22:41,623 fastran_nb_nubeam_7 DEBUG    Launching command : srun -N 1 -n 24 -c 5 --threads-per-core=1 --cpu-bind=cores /global/common/software/atom/perlmutter/binaries/nubeam/default/mpi_nubeam_comp_exec 
2025-09-09 16:22:41,641 fastran_nb_nubeam_7 DEBUG    _invoke_service(): getTopic  ('_IPS_MONITOR',)
2025-09-09 16:22:41,641 fastran_nb_nubeam_7 DEBUG    _get_service_response(REQUEST|fastran_000001@nubeam@7|FRAMEWORK@Framework@0|54)
2025-09-09 16:22:41,652 fastran_nb_nubeam_7 DEBUG    _get_service_response(REQUEST|fastran_000001@nubeam@7|FRAMEWORK@Framework@0|54), response = ServiceResponseMessage(sender_id=FRAMEWORK@Framework@0, receiver_id=fastran_000001@nubeam@7, request_msg_id=REQUEST|fastran_000001@nubeam@7|FRAMEWORK@Framework@0|54,status=0, args=(<ipsframework.cca_es_spec.Topic object at 0x7f87c63a8340>,), message_id=RESPONSE|FRAMEWORK@Framework@0|fastran_000001@nubeam@7|1197)
2025-09-09 16:22:41,652 fastran_nb_nubeam_7 DEBUG    _invoke_service(): sendEvent  ('_IPS_MONITOR', 'PORTAL_EVENT', {'sim_name': 'fastran_000001', 'real_sim_name': 'fastran_000001', 'portal_data': {'code': 'fastran_nb_nubeam', 'eventtype': 'IPS_LAUNCH_TASK', 'ok': True, 'walltime': '193.72', 'time': '2025-09-09|16:22:41PDT', 'state': 'Running', 'comment': 'task_id = 17 , Tag = None , nproc = 24 , Target = srun -N 1 -n 24 -c 5 --threads-per-core=1 --cpu-bind=cores /global/common/software/atom/perlmutter/binaries/nubeam/default/mpi_nubeam_comp_exec '}})
2025-09-09 16:22:41,652 fastran_nb_nubeam_7 DEBUG    _get_service_response(REQUEST|fastran_000001@nubeam@7|FRAMEWORK@Framework@0|55)
2025-09-09 16:22:41,663 fastran_nb_nubeam_7 DEBUG    _get_service_response(REQUEST|fastran_000001@nubeam@7|FRAMEWORK@Framework@0|55), response = ServiceResponseMessage(sender_id=FRAMEWORK@Framework@0, receiver_id=fastran_000001@nubeam@7, request_msg_id=REQUEST|fastran_000001@nubeam@7|FRAMEWORK@Framework@0|55,status=0, args=(None,), message_id=RESPONSE|FRAMEWORK@Framework@0|fastran_000001@nubeam@7|1198)
2025-09-09 16:22:46,658 fastran_nb_nubeam_7 DEBUG    _invoke_service(): getTopic  ('_IPS_MONITOR',)
2025-09-09 16:22:46,659 fastran_nb_nubeam_7 DEBUG    _get_service_response(REQUEST|fastran_000001@nubeam@7|FRAMEWORK@Framework@0|56)
2025-09-09 16:22:46,669 fastran_nb_nubeam_7 DEBUG    _get_service_response(REQUEST|fastran_000001@nubeam@7|FRAMEWORK@Framework@0|56), response = ServiceResponseMessage(sender_id=FRAMEWORK@Framework@0, receiver_id=fastran_000001@nubeam@7, request_msg_id=REQUEST|fastran_000001@nubeam@7|FRAMEWORK@Framework@0|56,status=0, args=(<ipsframework.cca_es_spec.Topic object at 0x7f87c63a83d0>,), message_id=RESPONSE|FRAMEWORK@Framework@0|fastran_000001@nubeam@7|1209)
2025-09-09 16:22:46,670 fastran_nb_nubeam_7 DEBUG    _invoke_service(): sendEvent  ('_IPS_MONITOR', 'PORTAL_EVENT', {'sim_name': 'fastran_000001', 'real_sim_name': 'fastran_000001', 'portal_data': {'code': 'fastran_nb_nubeam', 'eventtype': 'IPS_TASK_END', 'ok': True, 'walltime': '198.73', 'time': '2025-09-09|16:22:46PDT', 'trace': {'timestamp': 1757460161641004, 'duration': 5017582, 'localEndpoint': {'serviceName': '/global/common/software/atom/perlmutter/binaries/nubeam/default/mpi_nubeam_comp_exec'}, 'name': '', 'id': 'eb6394eb73838ff8', 'parentId': 'adb107a54883a936', 'tags': {'procs_requested': '24', 'cores_allocated': '128'}}, 'state': 'Running', 'comment': 'task_id = 17  elapsed time = 5.02 S'}})
2025-09-09 16:22:46,670 fastran_nb_nubeam_7 DEBUG    _get_service_response(REQUEST|fastran_000001@nubeam@7|FRAMEWORK@Framework@0|57)
2025-09-09 16:22:46,680 fastran_nb_nubeam_7 DEBUG    _get_service_response(REQUEST|fastran_000001@nubeam@7|FRAMEWORK@Framework@0|57), response = ServiceResponseMessage(sender_id=FRAMEWORK@Framework@0, receiver_id=fastran_000001@nubeam@7, request_msg_id=REQUEST|fastran_000001@nubeam@7|FRAMEWORK@Framework@0|57,status=0, args=(None,), message_id=RESPONSE|FRAMEWORK@Framework@0|fastran_000001@nubeam@7|1210)
2025-09-09 16:22:46,681 fastran_nb_nubeam_7 DEBUG    _invoke_service(): finish_task  (17, 0)
2025-09-09 16:22:46,681 fastran_nb_nubeam_7 DEBUG    _get_service_response(REQUEST|fastran_000001@nubeam@7|FRAMEWORK@Framework@0|58)
2025-09-09 16:22:46,692 fastran_nb_nubeam_7 DEBUG    _get_service_response(REQUEST|fastran_000001@nubeam@7|FRAMEWORK@Framework@0|58), response = ServiceResponseMessage(sender_id=FRAMEWORK@Framework@0, receiver_id=fastran_000001@nubeam@7, request_msg_id=REQUEST|fastran_000001@nubeam@7|FRAMEWORK@Framework@0|58,status=0, args=(0,), message_id=RESPONSE|FRAMEWORK@Framework@0|fastran_000001@nubeam@7|1211)
2025-09-09 16:22:46,696 fastran_nb_nubeam_7 DEBUG    _invoke_service(): init_task  (TaskInit(nproc=24, binary='/global/common/software/atom/perlmutter/binaries/nubeam/default/mpi_nubeam_comp_exec', working_dir='/pscratch/sd/b/bassem/ips/tglf-ep_32_repeat/SCAN/work/fastran_nb_nubeam_7', tppn=0, tcpp=0, tgpp=0, block=True, omp=False, wnodes=True, wsocks=True, cmd_args=()),)
2025-09-09 16:22:46,696 fastran_nb_nubeam_7 DEBUG    _get_service_response(REQUEST|fastran_000001@nubeam@7|FRAMEWORK@Framework@0|59)
2025-09-09 16:22:46,707 fastran_nb_nubeam_7 DEBUG    _get_service_response(REQUEST|fastran_000001@nubeam@7|FRAMEWORK@Framework@0|59), response = ServiceResponseMessage(sender_id=FRAMEWORK@Framework@0, receiver_id=fastran_000001@nubeam@7, request_msg_id=REQUEST|fastran_000001@nubeam@7|FRAMEWORK@Framework@0|59,status=0, args=((18, 'srun -N 1 -n 24 -c 5 --threads-per-core=1 --cpu-bind=cores /global/common/software/atom/perlmutter/binaries/nubeam/default/mpi_nubeam_comp_exec ', None, 128),), message_id=RESPONSE|FRAMEWORK@Framework@0|fastran_000001@nubeam@7|1212)
2025-09-09 16:22:46,708 fastran_nb_nubeam_7 DEBUG    Launching command : srun -N 1 -n 24 -c 5 --threads-per-core=1 --cpu-bind=cores /global/common/software/atom/perlmutter/binaries/nubeam/default/mpi_nubeam_comp_exec 
2025-09-09 16:22:46,726 fastran_nb_nubeam_7 DEBUG    _invoke_service(): getTopic  ('_IPS_MONITOR',)
2025-09-09 16:22:46,726 fastran_nb_nubeam_7 DEBUG    _get_service_response(REQUEST|fastran_000001@nubeam@7|FRAMEWORK@Framework@0|60)
2025-09-09 16:22:46,737 fastran_nb_nubeam_7 DEBUG    _get_service_response(REQUEST|fastran_000001@nubeam@7|FRAMEWORK@Framework@0|60), response = ServiceResponseMessage(sender_id=FRAMEWORK@Framework@0, receiver_id=fastran_000001@nubeam@7, request_msg_id=REQUEST|fastran_000001@nubeam@7|FRAMEWORK@Framework@0|60,status=0, args=(<ipsframework.cca_es_spec.Topic object at 0x7f87c63a8190>,), message_id=RESPONSE|FRAMEWORK@Framework@0|fastran_000001@nubeam@7|1213)
2025-09-09 16:22:46,737 fastran_nb_nubeam_7 DEBUG    _invoke_service(): sendEvent  ('_IPS_MONITOR', 'PORTAL_EVENT', {'sim_name': 'fastran_000001', 'real_sim_name': 'fastran_000001', 'portal_data': {'code': 'fastran_nb_nubeam', 'eventtype': 'IPS_LAUNCH_TASK', 'ok': True, 'walltime': '198.80', 'time': '2025-09-09|16:22:46PDT', 'state': 'Running', 'comment': 'task_id = 18 , Tag = None , nproc = 24 , Target = srun -N 1 -n 24 -c 5 --threads-per-core=1 --cpu-bind=cores /global/common/software/atom/perlmutter/binaries/nubeam/default/mpi_nubeam_comp_exec '}})
2025-09-09 16:22:46,737 fastran_nb_nubeam_7 DEBUG    _get_service_response(REQUEST|fastran_000001@nubeam@7|FRAMEWORK@Framework@0|61)
2025-09-09 16:22:46,748 fastran_nb_nubeam_7 DEBUG    _get_service_response(REQUEST|fastran_000001@nubeam@7|FRAMEWORK@Framework@0|61), response = ServiceResponseMessage(sender_id=FRAMEWORK@Framework@0, receiver_id=fastran_000001@nubeam@7, request_msg_id=REQUEST|fastran_000001@nubeam@7|FRAMEWORK@Framework@0|61,status=0, args=(None,), message_id=RESPONSE|FRAMEWORK@Framework@0|fastran_000001@nubeam@7|1214)
2025-09-09 16:22:51,872 fastran_nb_nubeam_7 DEBUG    _invoke_service(): getTopic  ('_IPS_MONITOR',)
2025-09-09 16:22:51,873 fastran_nb_nubeam_7 DEBUG    _get_service_response(REQUEST|fastran_000001@nubeam@7|FRAMEWORK@Framework@0|62)
2025-09-09 16:22:51,884 fastran_nb_nubeam_7 DEBUG    _get_service_response(REQUEST|fastran_000001@nubeam@7|FRAMEWORK@Framework@0|62), response = ServiceResponseMessage(sender_id=FRAMEWORK@Framework@0, receiver_id=fastran_000001@nubeam@7, request_msg_id=REQUEST|fastran_000001@nubeam@7|FRAMEWORK@Framework@0|62,status=0, args=(<ipsframework.cca_es_spec.Topic object at 0x7f87c63a8310>,), message_id=RESPONSE|FRAMEWORK@Framework@0|fastran_000001@nubeam@7|1225)
2025-09-09 16:22:51,884 fastran_nb_nubeam_7 DEBUG    _invoke_service(): sendEvent  ('_IPS_MONITOR', 'PORTAL_EVENT', {'sim_name': 'fastran_000001', 'real_sim_name': 'fastran_000001', 'portal_data': {'code': 'fastran_nb_nubeam', 'eventtype': 'IPS_TASK_END', 'ok': True, 'walltime': '203.95', 'time': '2025-09-09|16:22:51PDT', 'trace': {'timestamp': 1757460166726114, 'duration': 5146584, 'localEndpoint': {'serviceName': '/global/common/software/atom/perlmutter/binaries/nubeam/default/mpi_nubeam_comp_exec'}, 'name': '', 'id': 'c016f9d262a0e560', 'parentId': 'adb107a54883a936', 'tags': {'procs_requested': '24', 'cores_allocated': '128'}}, 'state': 'Running', 'comment': 'task_id = 18  elapsed time = 5.15 S'}})
2025-09-09 16:22:51,884 fastran_nb_nubeam_7 DEBUG    _get_service_response(REQUEST|fastran_000001@nubeam@7|FRAMEWORK@Framework@0|63)
2025-09-09 16:22:51,895 fastran_nb_nubeam_7 DEBUG    _get_service_response(REQUEST|fastran_000001@nubeam@7|FRAMEWORK@Framework@0|63), response = ServiceResponseMessage(sender_id=FRAMEWORK@Framework@0, receiver_id=fastran_000001@nubeam@7, request_msg_id=REQUEST|fastran_000001@nubeam@7|FRAMEWORK@Framework@0|63,status=0, args=(None,), message_id=RESPONSE|FRAMEWORK@Framework@0|fastran_000001@nubeam@7|1226)
2025-09-09 16:22:51,895 fastran_nb_nubeam_7 DEBUG    _invoke_service(): finish_task  (18, 0)
2025-09-09 16:22:51,895 fastran_nb_nubeam_7 DEBUG    _get_service_response(REQUEST|fastran_000001@nubeam@7|FRAMEWORK@Framework@0|64)
2025-09-09 16:22:51,906 fastran_nb_nubeam_7 DEBUG    _get_service_response(REQUEST|fastran_000001@nubeam@7|FRAMEWORK@Framework@0|64), response = ServiceResponseMessage(sender_id=FRAMEWORK@Framework@0, receiver_id=fastran_000001@nubeam@7, request_msg_id=REQUEST|fastran_000001@nubeam@7|FRAMEWORK@Framework@0|64,status=0, args=(0,), message_id=RESPONSE|FRAMEWORK@Framework@0|fastran_000001@nubeam@7|1227)
2025-09-09 16:22:51,911 fastran_nb_nubeam_7 DEBUG    _invoke_service(): init_task  (TaskInit(nproc=24, binary='/global/common/software/atom/perlmutter/binaries/nubeam/default/mpi_nubeam_comp_exec', working_dir='/pscratch/sd/b/bassem/ips/tglf-ep_32_repeat/SCAN/work/fastran_nb_nubeam_7', tppn=0, tcpp=0, tgpp=0, block=True, omp=False, wnodes=True, wsocks=True, cmd_args=()),)
2025-09-09 16:22:51,911 fastran_nb_nubeam_7 DEBUG    _get_service_response(REQUEST|fastran_000001@nubeam@7|FRAMEWORK@Framework@0|65)
2025-09-09 16:22:51,922 fastran_nb_nubeam_7 DEBUG    _get_service_response(REQUEST|fastran_000001@nubeam@7|FRAMEWORK@Framework@0|65), response = ServiceResponseMessage(sender_id=FRAMEWORK@Framework@0, receiver_id=fastran_000001@nubeam@7, request_msg_id=REQUEST|fastran_000001@nubeam@7|FRAMEWORK@Framework@0|65,status=0, args=((19, 'srun -N 1 -n 24 -c 5 --threads-per-core=1 --cpu-bind=cores /global/common/software/atom/perlmutter/binaries/nubeam/default/mpi_nubeam_comp_exec ', None, 128),), message_id=RESPONSE|FRAMEWORK@Framework@0|fastran_000001@nubeam@7|1228)
2025-09-09 16:22:51,923 fastran_nb_nubeam_7 DEBUG    Launching command : srun -N 1 -n 24 -c 5 --threads-per-core=1 --cpu-bind=cores /global/common/software/atom/perlmutter/binaries/nubeam/default/mpi_nubeam_comp_exec 
2025-09-09 16:22:51,941 fastran_nb_nubeam_7 DEBUG    _invoke_service(): getTopic  ('_IPS_MONITOR',)
2025-09-09 16:22:51,941 fastran_nb_nubeam_7 DEBUG    _get_service_response(REQUEST|fastran_000001@nubeam@7|FRAMEWORK@Framework@0|66)
2025-09-09 16:22:51,952 fastran_nb_nubeam_7 DEBUG    _get_service_response(REQUEST|fastran_000001@nubeam@7|FRAMEWORK@Framework@0|66), response = ServiceResponseMessage(sender_id=FRAMEWORK@Framework@0, receiver_id=fastran_000001@nubeam@7, request_msg_id=REQUEST|fastran_000001@nubeam@7|FRAMEWORK@Framework@0|66,status=0, args=(<ipsframework.cca_es_spec.Topic object at 0x7f87c63a82b0>,), message_id=RESPONSE|FRAMEWORK@Framework@0|fastran_000001@nubeam@7|1229)
2025-09-09 16:22:51,952 fastran_nb_nubeam_7 DEBUG    _invoke_service(): sendEvent  ('_IPS_MONITOR', 'PORTAL_EVENT', {'sim_name': 'fastran_000001', 'real_sim_name': 'fastran_000001', 'portal_data': {'code': 'fastran_nb_nubeam', 'eventtype': 'IPS_LAUNCH_TASK', 'ok': True, 'walltime': '204.02', 'time': '2025-09-09|16:22:51PDT', 'state': 'Running', 'comment': 'task_id = 19 , Tag = None , nproc = 24 , Target = srun -N 1 -n 24 -c 5 --threads-per-core=1 --cpu-bind=cores /global/common/software/atom/perlmutter/binaries/nubeam/default/mpi_nubeam_comp_exec '}})
2025-09-09 16:22:51,952 fastran_nb_nubeam_7 DEBUG    _get_service_response(REQUEST|fastran_000001@nubeam@7|FRAMEWORK@Framework@0|67)
2025-09-09 16:22:51,963 fastran_nb_nubeam_7 DEBUG    _get_service_response(REQUEST|fastran_000001@nubeam@7|FRAMEWORK@Framework@0|67), response = ServiceResponseMessage(sender_id=FRAMEWORK@Framework@0, receiver_id=fastran_000001@nubeam@7, request_msg_id=REQUEST|fastran_000001@nubeam@7|FRAMEWORK@Framework@0|67,status=0, args=(None,), message_id=RESPONSE|FRAMEWORK@Framework@0|fastran_000001@nubeam@7|1230)
2025-09-09 16:22:56,924 fastran_nb_nubeam_7 DEBUG    _invoke_service(): getTopic  ('_IPS_MONITOR',)
2025-09-09 16:22:56,924 fastran_nb_nubeam_7 DEBUG    _get_service_response(REQUEST|fastran_000001@nubeam@7|FRAMEWORK@Framework@0|68)
2025-09-09 16:22:56,935 fastran_nb_nubeam_7 DEBUG    _get_service_response(REQUEST|fastran_000001@nubeam@7|FRAMEWORK@Framework@0|68), response = ServiceResponseMessage(sender_id=FRAMEWORK@Framework@0, receiver_id=fastran_000001@nubeam@7, request_msg_id=REQUEST|fastran_000001@nubeam@7|FRAMEWORK@Framework@0|68,status=0, args=(<ipsframework.cca_es_spec.Topic object at 0x7f87c63a82e0>,), message_id=RESPONSE|FRAMEWORK@Framework@0|fastran_000001@nubeam@7|1241)
2025-09-09 16:22:56,935 fastran_nb_nubeam_7 DEBUG    _invoke_service(): sendEvent  ('_IPS_MONITOR', 'PORTAL_EVENT', {'sim_name': 'fastran_000001', 'real_sim_name': 'fastran_000001', 'portal_data': {'code': 'fastran_nb_nubeam', 'eventtype': 'IPS_TASK_END', 'ok': True, 'walltime': '209.00', 'time': '2025-09-09|16:22:56PDT', 'trace': {'timestamp': 1757460171941070, 'duration': 4982881, 'localEndpoint': {'serviceName': '/global/common/software/atom/perlmutter/binaries/nubeam/default/mpi_nubeam_comp_exec'}, 'name': '', 'id': 'becf7359354e7369', 'parentId': 'adb107a54883a936', 'tags': {'procs_requested': '24', 'cores_allocated': '128'}}, 'state': 'Running', 'comment': 'task_id = 19  elapsed time = 4.98 S'}})
2025-09-09 16:22:56,935 fastran_nb_nubeam_7 DEBUG    _get_service_response(REQUEST|fastran_000001@nubeam@7|FRAMEWORK@Framework@0|69)
2025-09-09 16:22:56,946 fastran_nb_nubeam_7 DEBUG    _get_service_response(REQUEST|fastran_000001@nubeam@7|FRAMEWORK@Framework@0|69), response = ServiceResponseMessage(sender_id=FRAMEWORK@Framework@0, receiver_id=fastran_000001@nubeam@7, request_msg_id=REQUEST|fastran_000001@nubeam@7|FRAMEWORK@Framework@0|69,status=0, args=(None,), message_id=RESPONSE|FRAMEWORK@Framework@0|fastran_000001@nubeam@7|1242)
2025-09-09 16:22:56,946 fastran_nb_nubeam_7 DEBUG    _invoke_service(): finish_task  (19, 0)
2025-09-09 16:22:56,946 fastran_nb_nubeam_7 DEBUG    _get_service_response(REQUEST|fastran_000001@nubeam@7|FRAMEWORK@Framework@0|70)
2025-09-09 16:22:56,957 fastran_nb_nubeam_7 DEBUG    _get_service_response(REQUEST|fastran_000001@nubeam@7|FRAMEWORK@Framework@0|70), response = ServiceResponseMessage(sender_id=FRAMEWORK@Framework@0, receiver_id=fastran_000001@nubeam@7, request_msg_id=REQUEST|fastran_000001@nubeam@7|FRAMEWORK@Framework@0|70,status=0, args=(0,), message_id=RESPONSE|FRAMEWORK@Framework@0|fastran_000001@nubeam@7|1243)
2025-09-09 16:22:56,962 fastran_nb_nubeam_7 DEBUG    _invoke_service(): init_task  (TaskInit(nproc=24, binary='/global/common/software/atom/perlmutter/binaries/nubeam/default/mpi_nubeam_comp_exec', working_dir='/pscratch/sd/b/bassem/ips/tglf-ep_32_repeat/SCAN/work/fastran_nb_nubeam_7', tppn=0, tcpp=0, tgpp=0, block=True, omp=False, wnodes=True, wsocks=True, cmd_args=()),)
2025-09-09 16:22:56,962 fastran_nb_nubeam_7 DEBUG    _get_service_response(REQUEST|fastran_000001@nubeam@7|FRAMEWORK@Framework@0|71)
2025-09-09 16:22:56,973 fastran_nb_nubeam_7 DEBUG    _get_service_response(REQUEST|fastran_000001@nubeam@7|FRAMEWORK@Framework@0|71), response = ServiceResponseMessage(sender_id=FRAMEWORK@Framework@0, receiver_id=fastran_000001@nubeam@7, request_msg_id=REQUEST|fastran_000001@nubeam@7|FRAMEWORK@Framework@0|71,status=0, args=((20, 'srun -N 1 -n 24 -c 5 --threads-per-core=1 --cpu-bind=cores /global/common/software/atom/perlmutter/binaries/nubeam/default/mpi_nubeam_comp_exec ', None, 128),), message_id=RESPONSE|FRAMEWORK@Framework@0|fastran_000001@nubeam@7|1244)
2025-09-09 16:22:56,974 fastran_nb_nubeam_7 DEBUG    Launching command : srun -N 1 -n 24 -c 5 --threads-per-core=1 --cpu-bind=cores /global/common/software/atom/perlmutter/binaries/nubeam/default/mpi_nubeam_comp_exec 
2025-09-09 16:22:56,993 fastran_nb_nubeam_7 DEBUG    _invoke_service(): getTopic  ('_IPS_MONITOR',)
2025-09-09 16:22:56,993 fastran_nb_nubeam_7 DEBUG    _get_service_response(REQUEST|fastran_000001@nubeam@7|FRAMEWORK@Framework@0|72)
2025-09-09 16:22:57,004 fastran_nb_nubeam_7 DEBUG    _get_service_response(REQUEST|fastran_000001@nubeam@7|FRAMEWORK@Framework@0|72), response = ServiceResponseMessage(sender_id=FRAMEWORK@Framework@0, receiver_id=fastran_000001@nubeam@7, request_msg_id=REQUEST|fastran_000001@nubeam@7|FRAMEWORK@Framework@0|72,status=0, args=(<ipsframework.cca_es_spec.Topic object at 0x7f87c63a83a0>,), message_id=RESPONSE|FRAMEWORK@Framework@0|fastran_000001@nubeam@7|1245)
2025-09-09 16:22:57,004 fastran_nb_nubeam_7 DEBUG    _invoke_service(): sendEvent  ('_IPS_MONITOR', 'PORTAL_EVENT', {'sim_name': 'fastran_000001', 'real_sim_name': 'fastran_000001', 'portal_data': {'code': 'fastran_nb_nubeam', 'eventtype': 'IPS_LAUNCH_TASK', 'ok': True, 'walltime': '209.07', 'time': '2025-09-09|16:22:56PDT', 'state': 'Running', 'comment': 'task_id = 20 , Tag = None , nproc = 24 , Target = srun -N 1 -n 24 -c 5 --threads-per-core=1 --cpu-bind=cores /global/common/software/atom/perlmutter/binaries/nubeam/default/mpi_nubeam_comp_exec '}})
2025-09-09 16:22:57,004 fastran_nb_nubeam_7 DEBUG    _get_service_response(REQUEST|fastran_000001@nubeam@7|FRAMEWORK@Framework@0|73)
2025-09-09 16:22:57,015 fastran_nb_nubeam_7 DEBUG    _get_service_response(REQUEST|fastran_000001@nubeam@7|FRAMEWORK@Framework@0|73), response = ServiceResponseMessage(sender_id=FRAMEWORK@Framework@0, receiver_id=fastran_000001@nubeam@7, request_msg_id=REQUEST|fastran_000001@nubeam@7|FRAMEWORK@Framework@0|73,status=0, args=(None,), message_id=RESPONSE|FRAMEWORK@Framework@0|fastran_000001@nubeam@7|1246)
2025-09-09 16:23:02,291 fastran_nb_nubeam_7 DEBUG    _invoke_service(): getTopic  ('_IPS_MONITOR',)
2025-09-09 16:23:02,291 fastran_nb_nubeam_7 DEBUG    _get_service_response(REQUEST|fastran_000001@nubeam@7|FRAMEWORK@Framework@0|74)
2025-09-09 16:23:02,302 fastran_nb_nubeam_7 DEBUG    _get_service_response(REQUEST|fastran_000001@nubeam@7|FRAMEWORK@Framework@0|74), response = ServiceResponseMessage(sender_id=FRAMEWORK@Framework@0, receiver_id=fastran_000001@nubeam@7, request_msg_id=REQUEST|fastran_000001@nubeam@7|FRAMEWORK@Framework@0|74,status=0, args=(<ipsframework.cca_es_spec.Topic object at 0x7f87c63a8280>,), message_id=RESPONSE|FRAMEWORK@Framework@0|fastran_000001@nubeam@7|1257)
2025-09-09 16:23:02,302 fastran_nb_nubeam_7 DEBUG    _invoke_service(): sendEvent  ('_IPS_MONITOR', 'PORTAL_EVENT', {'sim_name': 'fastran_000001', 'real_sim_name': 'fastran_000001', 'portal_data': {'code': 'fastran_nb_nubeam', 'eventtype': 'IPS_TASK_END', 'ok': True, 'walltime': '214.37', 'time': '2025-09-09|16:23:02PDT', 'trace': {'timestamp': 1757460176992964, 'duration': 5297926, 'localEndpoint': {'serviceName': '/global/common/software/atom/perlmutter/binaries/nubeam/default/mpi_nubeam_comp_exec'}, 'name': '', 'id': 'ca00f8f599245c9f', 'parentId': 'adb107a54883a936', 'tags': {'procs_requested': '24', 'cores_allocated': '128'}}, 'state': 'Running', 'comment': 'task_id = 20  elapsed time = 5.30 S'}})
2025-09-09 16:23:02,302 fastran_nb_nubeam_7 DEBUG    _get_service_response(REQUEST|fastran_000001@nubeam@7|FRAMEWORK@Framework@0|75)
2025-09-09 16:23:02,313 fastran_nb_nubeam_7 DEBUG    _get_service_response(REQUEST|fastran_000001@nubeam@7|FRAMEWORK@Framework@0|75), response = ServiceResponseMessage(sender_id=FRAMEWORK@Framework@0, receiver_id=fastran_000001@nubeam@7, request_msg_id=REQUEST|fastran_000001@nubeam@7|FRAMEWORK@Framework@0|75,status=0, args=(None,), message_id=RESPONSE|FRAMEWORK@Framework@0|fastran_000001@nubeam@7|1258)
2025-09-09 16:23:02,313 fastran_nb_nubeam_7 DEBUG    _invoke_service(): finish_task  (20, 0)
2025-09-09 16:23:02,313 fastran_nb_nubeam_7 DEBUG    _get_service_response(REQUEST|fastran_000001@nubeam@7|FRAMEWORK@Framework@0|76)
2025-09-09 16:23:02,324 fastran_nb_nubeam_7 DEBUG    _get_service_response(REQUEST|fastran_000001@nubeam@7|FRAMEWORK@Framework@0|76), response = ServiceResponseMessage(sender_id=FRAMEWORK@Framework@0, receiver_id=fastran_000001@nubeam@7, request_msg_id=REQUEST|fastran_000001@nubeam@7|FRAMEWORK@Framework@0|76,status=0, args=(0,), message_id=RESPONSE|FRAMEWORK@Framework@0|fastran_000001@nubeam@7|1259)
2025-09-09 16:23:02,329 fastran_nb_nubeam_7 DEBUG    _invoke_service(): init_task  (TaskInit(nproc=24, binary='/global/common/software/atom/perlmutter/binaries/nubeam/default/mpi_nubeam_comp_exec', working_dir='/pscratch/sd/b/bassem/ips/tglf-ep_32_repeat/SCAN/work/fastran_nb_nubeam_7', tppn=0, tcpp=0, tgpp=0, block=True, omp=False, wnodes=True, wsocks=True, cmd_args=()),)
2025-09-09 16:23:02,329 fastran_nb_nubeam_7 DEBUG    _get_service_response(REQUEST|fastran_000001@nubeam@7|FRAMEWORK@Framework@0|77)
2025-09-09 16:23:02,339 fastran_nb_nubeam_7 DEBUG    _get_service_response(REQUEST|fastran_000001@nubeam@7|FRAMEWORK@Framework@0|77), response = ServiceResponseMessage(sender_id=FRAMEWORK@Framework@0, receiver_id=fastran_000001@nubeam@7, request_msg_id=REQUEST|fastran_000001@nubeam@7|FRAMEWORK@Framework@0|77,status=0, args=((21, 'srun -N 1 -n 24 -c 5 --threads-per-core=1 --cpu-bind=cores /global/common/software/atom/perlmutter/binaries/nubeam/default/mpi_nubeam_comp_exec ', None, 128),), message_id=RESPONSE|FRAMEWORK@Framework@0|fastran_000001@nubeam@7|1260)
2025-09-09 16:23:02,340 fastran_nb_nubeam_7 DEBUG    Launching command : srun -N 1 -n 24 -c 5 --threads-per-core=1 --cpu-bind=cores /global/common/software/atom/perlmutter/binaries/nubeam/default/mpi_nubeam_comp_exec 
2025-09-09 16:23:02,360 fastran_nb_nubeam_7 DEBUG    _invoke_service(): getTopic  ('_IPS_MONITOR',)
2025-09-09 16:23:02,360 fastran_nb_nubeam_7 DEBUG    _get_service_response(REQUEST|fastran_000001@nubeam@7|FRAMEWORK@Framework@0|78)
2025-09-09 16:23:02,371 fastran_nb_nubeam_7 DEBUG    _get_service_response(REQUEST|fastran_000001@nubeam@7|FRAMEWORK@Framework@0|78), response = ServiceResponseMessage(sender_id=FRAMEWORK@Framework@0, receiver_id=fastran_000001@nubeam@7, request_msg_id=REQUEST|fastran_000001@nubeam@7|FRAMEWORK@Framework@0|78,status=0, args=(<ipsframework.cca_es_spec.Topic object at 0x7f87c63a8340>,), message_id=RESPONSE|FRAMEWORK@Framework@0|fastran_000001@nubeam@7|1262)
2025-09-09 16:23:02,371 fastran_nb_nubeam_7 DEBUG    _invoke_service(): sendEvent  ('_IPS_MONITOR', 'PORTAL_EVENT', {'sim_name': 'fastran_000001', 'real_sim_name': 'fastran_000001', 'portal_data': {'code': 'fastran_nb_nubeam', 'eventtype': 'IPS_LAUNCH_TASK', 'ok': True, 'walltime': '214.44', 'time': '2025-09-09|16:23:02PDT', 'state': 'Running', 'comment': 'task_id = 21 , Tag = None , nproc = 24 , Target = srun -N 1 -n 24 -c 5 --threads-per-core=1 --cpu-bind=cores /global/common/software/atom/perlmutter/binaries/nubeam/default/mpi_nubeam_comp_exec '}})
2025-09-09 16:23:02,372 fastran_nb_nubeam_7 DEBUG    _get_service_response(REQUEST|fastran_000001@nubeam@7|FRAMEWORK@Framework@0|79)
2025-09-09 16:23:02,382 fastran_nb_nubeam_7 DEBUG    _get_service_response(REQUEST|fastran_000001@nubeam@7|FRAMEWORK@Framework@0|79), response = ServiceResponseMessage(sender_id=FRAMEWORK@Framework@0, receiver_id=fastran_000001@nubeam@7, request_msg_id=REQUEST|fastran_000001@nubeam@7|FRAMEWORK@Framework@0|79,status=0, args=(None,), message_id=RESPONSE|FRAMEWORK@Framework@0|fastran_000001@nubeam@7|1263)
2025-09-09 16:23:06,739 fastran_nb_nubeam_7 DEBUG    _invoke_service(): getTopic  ('_IPS_MONITOR',)
2025-09-09 16:23:06,739 fastran_nb_nubeam_7 DEBUG    _get_service_response(REQUEST|fastran_000001@nubeam@7|FRAMEWORK@Framework@0|80)
2025-09-09 16:23:06,750 fastran_nb_nubeam_7 DEBUG    _get_service_response(REQUEST|fastran_000001@nubeam@7|FRAMEWORK@Framework@0|80), response = ServiceResponseMessage(sender_id=FRAMEWORK@Framework@0, receiver_id=fastran_000001@nubeam@7, request_msg_id=REQUEST|fastran_000001@nubeam@7|FRAMEWORK@Framework@0|80,status=0, args=(<ipsframework.cca_es_spec.Topic object at 0x7f87c63a8040>,), message_id=RESPONSE|FRAMEWORK@Framework@0|fastran_000001@nubeam@7|1272)
2025-09-09 16:23:06,750 fastran_nb_nubeam_7 DEBUG    _invoke_service(): sendEvent  ('_IPS_MONITOR', 'PORTAL_EVENT', {'sim_name': 'fastran_000001', 'real_sim_name': 'fastran_000001', 'portal_data': {'code': 'fastran_nb_nubeam', 'eventtype': 'IPS_TASK_END', 'ok': True, 'walltime': '218.82', 'time': '2025-09-09|16:23:06PDT', 'trace': {'timestamp': 1757460182360010, 'duration': 4379408, 'localEndpoint': {'serviceName': '/global/common/software/atom/perlmutter/binaries/nubeam/default/mpi_nubeam_comp_exec'}, 'name': '', 'id': '0ee54f7fd5c6347d', 'parentId': 'adb107a54883a936', 'tags': {'procs_requested': '24', 'cores_allocated': '128'}}, 'state': 'Running', 'comment': 'task_id = 21  elapsed time = 4.38 S'}})
2025-09-09 16:23:06,750 fastran_nb_nubeam_7 DEBUG    _get_service_response(REQUEST|fastran_000001@nubeam@7|FRAMEWORK@Framework@0|81)
2025-09-09 16:23:06,761 fastran_nb_nubeam_7 DEBUG    _get_service_response(REQUEST|fastran_000001@nubeam@7|FRAMEWORK@Framework@0|81), response = ServiceResponseMessage(sender_id=FRAMEWORK@Framework@0, receiver_id=fastran_000001@nubeam@7, request_msg_id=REQUEST|fastran_000001@nubeam@7|FRAMEWORK@Framework@0|81,status=0, args=(None,), message_id=RESPONSE|FRAMEWORK@Framework@0|fastran_000001@nubeam@7|1273)
2025-09-09 16:23:06,761 fastran_nb_nubeam_7 DEBUG    _invoke_service(): finish_task  (21, 0)
2025-09-09 16:23:06,761 fastran_nb_nubeam_7 DEBUG    _get_service_response(REQUEST|fastran_000001@nubeam@7|FRAMEWORK@Framework@0|82)
2025-09-09 16:23:06,772 fastran_nb_nubeam_7 DEBUG    _get_service_response(REQUEST|fastran_000001@nubeam@7|FRAMEWORK@Framework@0|82), response = ServiceResponseMessage(sender_id=FRAMEWORK@Framework@0, receiver_id=fastran_000001@nubeam@7, request_msg_id=REQUEST|fastran_000001@nubeam@7|FRAMEWORK@Framework@0|82,status=0, args=(0,), message_id=RESPONSE|FRAMEWORK@Framework@0|fastran_000001@nubeam@7|1274)
2025-09-09 16:23:06,776 fastran_nb_nubeam_7 DEBUG    _invoke_service(): init_task  (TaskInit(nproc=24, binary='/global/common/software/atom/perlmutter/binaries/nubeam/default/mpi_nubeam_comp_exec', working_dir='/pscratch/sd/b/bassem/ips/tglf-ep_32_repeat/SCAN/work/fastran_nb_nubeam_7', tppn=0, tcpp=0, tgpp=0, block=True, omp=False, wnodes=True, wsocks=True, cmd_args=()),)
2025-09-09 16:23:06,776 fastran_nb_nubeam_7 DEBUG    _get_service_response(REQUEST|fastran_000001@nubeam@7|FRAMEWORK@Framework@0|83)
2025-09-09 16:23:06,787 fastran_nb_nubeam_7 DEBUG    _get_service_response(REQUEST|fastran_000001@nubeam@7|FRAMEWORK@Framework@0|83), response = ServiceResponseMessage(sender_id=FRAMEWORK@Framework@0, receiver_id=fastran_000001@nubeam@7, request_msg_id=REQUEST|fastran_000001@nubeam@7|FRAMEWORK@Framework@0|83,status=0, args=((22, 'srun -N 1 -n 24 -c 5 --threads-per-core=1 --cpu-bind=cores /global/common/software/atom/perlmutter/binaries/nubeam/default/mpi_nubeam_comp_exec ', None, 128),), message_id=RESPONSE|FRAMEWORK@Framework@0|fastran_000001@nubeam@7|1275)
2025-09-09 16:23:06,787 fastran_nb_nubeam_7 DEBUG    Launching command : srun -N 1 -n 24 -c 5 --threads-per-core=1 --cpu-bind=cores /global/common/software/atom/perlmutter/binaries/nubeam/default/mpi_nubeam_comp_exec 
2025-09-09 16:23:06,808 fastran_nb_nubeam_7 DEBUG    _invoke_service(): getTopic  ('_IPS_MONITOR',)
2025-09-09 16:23:06,809 fastran_nb_nubeam_7 DEBUG    _get_service_response(REQUEST|fastran_000001@nubeam@7|FRAMEWORK@Framework@0|84)
2025-09-09 16:23:06,820 fastran_nb_nubeam_7 DEBUG    _get_service_response(REQUEST|fastran_000001@nubeam@7|FRAMEWORK@Framework@0|84), response = ServiceResponseMessage(sender_id=FRAMEWORK@Framework@0, receiver_id=fastran_000001@nubeam@7, request_msg_id=REQUEST|fastran_000001@nubeam@7|FRAMEWORK@Framework@0|84,status=0, args=(<ipsframework.cca_es_spec.Topic object at 0x7f87c63a8190>,), message_id=RESPONSE|FRAMEWORK@Framework@0|fastran_000001@nubeam@7|1276)
2025-09-09 16:23:06,820 fastran_nb_nubeam_7 DEBUG    _invoke_service(): sendEvent  ('_IPS_MONITOR', 'PORTAL_EVENT', {'sim_name': 'fastran_000001', 'real_sim_name': 'fastran_000001', 'portal_data': {'code': 'fastran_nb_nubeam', 'eventtype': 'IPS_LAUNCH_TASK', 'ok': True, 'walltime': '218.88', 'time': '2025-09-09|16:23:06PDT', 'state': 'Running', 'comment': 'task_id = 22 , Tag = None , nproc = 24 , Target = srun -N 1 -n 24 -c 5 --threads-per-core=1 --cpu-bind=cores /global/common/software/atom/perlmutter/binaries/nubeam/default/mpi_nubeam_comp_exec '}})
2025-09-09 16:23:06,820 fastran_nb_nubeam_7 DEBUG    _get_service_response(REQUEST|fastran_000001@nubeam@7|FRAMEWORK@Framework@0|85)
2025-09-09 16:23:06,830 fastran_nb_nubeam_7 DEBUG    _get_service_response(REQUEST|fastran_000001@nubeam@7|FRAMEWORK@Framework@0|85), response = ServiceResponseMessage(sender_id=FRAMEWORK@Framework@0, receiver_id=fastran_000001@nubeam@7, request_msg_id=REQUEST|fastran_000001@nubeam@7|FRAMEWORK@Framework@0|85,status=0, args=(None,), message_id=RESPONSE|FRAMEWORK@Framework@0|fastran_000001@nubeam@7|1277)
2025-09-09 16:23:11,438 fastran_nb_nubeam_7 DEBUG    _invoke_service(): getTopic  ('_IPS_MONITOR',)
2025-09-09 16:23:11,439 fastran_nb_nubeam_7 DEBUG    _get_service_response(REQUEST|fastran_000001@nubeam@7|FRAMEWORK@Framework@0|86)
2025-09-09 16:23:11,450 fastran_nb_nubeam_7 DEBUG    _get_service_response(REQUEST|fastran_000001@nubeam@7|FRAMEWORK@Framework@0|86), response = ServiceResponseMessage(sender_id=FRAMEWORK@Framework@0, receiver_id=fastran_000001@nubeam@7, request_msg_id=REQUEST|fastran_000001@nubeam@7|FRAMEWORK@Framework@0|86,status=0, args=(<ipsframework.cca_es_spec.Topic object at 0x7f87c63a80a0>,), message_id=RESPONSE|FRAMEWORK@Framework@0|fastran_000001@nubeam@7|1287)
2025-09-09 16:23:11,450 fastran_nb_nubeam_7 DEBUG    _invoke_service(): sendEvent  ('_IPS_MONITOR', 'PORTAL_EVENT', {'sim_name': 'fastran_000001', 'real_sim_name': 'fastran_000001', 'portal_data': {'code': 'fastran_nb_nubeam', 'eventtype': 'IPS_TASK_END', 'ok': True, 'walltime': '223.51', 'time': '2025-09-09|16:23:11PDT', 'trace': {'timestamp': 1757460186808554, 'duration': 4630053, 'localEndpoint': {'serviceName': '/global/common/software/atom/perlmutter/binaries/nubeam/default/mpi_nubeam_comp_exec'}, 'name': '', 'id': 'bc7fa2370c61be2f', 'parentId': 'adb107a54883a936', 'tags': {'procs_requested': '24', 'cores_allocated': '128'}}, 'state': 'Running', 'comment': 'task_id = 22  elapsed time = 4.63 S'}})
2025-09-09 16:23:11,450 fastran_nb_nubeam_7 DEBUG    _get_service_response(REQUEST|fastran_000001@nubeam@7|FRAMEWORK@Framework@0|87)
2025-09-09 16:23:11,461 fastran_nb_nubeam_7 DEBUG    _get_service_response(REQUEST|fastran_000001@nubeam@7|FRAMEWORK@Framework@0|87), response = ServiceResponseMessage(sender_id=FRAMEWORK@Framework@0, receiver_id=fastran_000001@nubeam@7, request_msg_id=REQUEST|fastran_000001@nubeam@7|FRAMEWORK@Framework@0|87,status=0, args=(None,), message_id=RESPONSE|FRAMEWORK@Framework@0|fastran_000001@nubeam@7|1288)
2025-09-09 16:23:11,461 fastran_nb_nubeam_7 DEBUG    _invoke_service(): finish_task  (22, 0)
2025-09-09 16:23:11,461 fastran_nb_nubeam_7 DEBUG    _get_service_response(REQUEST|fastran_000001@nubeam@7|FRAMEWORK@Framework@0|88)
2025-09-09 16:23:11,472 fastran_nb_nubeam_7 DEBUG    _get_service_response(REQUEST|fastran_000001@nubeam@7|FRAMEWORK@Framework@0|88), response = ServiceResponseMessage(sender_id=FRAMEWORK@Framework@0, receiver_id=fastran_000001@nubeam@7, request_msg_id=REQUEST|fastran_000001@nubeam@7|FRAMEWORK@Framework@0|88,status=0, args=(0,), message_id=RESPONSE|FRAMEWORK@Framework@0|fastran_000001@nubeam@7|1289)
2025-09-09 16:23:11,522 fastran_nb_nubeam_7 DEBUG    _invoke_service(): merge_current_plasma_state  ('/pscratch/sd/b/bassem/ips/tglf-ep_32_repeat/SCAN/work/fastran_nb_nubeam_7/state_changes.cdf', '/pscratch/sd/b/bassem/ips/tglf-ep_32_repeat/SCAN/work/plasma_state/s000001.00001', 'log.update_state', '/global/common/software/atom/perlmutter/binaries/update-state/default/update_state')
2025-09-09 16:23:11,522 fastran_nb_nubeam_7 DEBUG    _get_service_response(REQUEST|fastran_000001@nubeam@7|FRAMEWORK@Framework@0|89)
2025-09-09 16:23:11,784 fastran_nb_nubeam_7 DEBUG    _get_service_response(REQUEST|fastran_000001@nubeam@7|FRAMEWORK@Framework@0|89), response = ServiceResponseMessage(sender_id=FRAMEWORK@Framework@0, receiver_id=fastran_000001@nubeam@7, request_msg_id=REQUEST|fastran_000001@nubeam@7|FRAMEWORK@Framework@0|89,status=0, args=(0,), message_id=RESPONSE|FRAMEWORK@Framework@0|fastran_000001@nubeam@7|1290)
2025-09-09 16:23:11,784 fastran_nb_nubeam_7 DEBUG    _invoke_service(): getTopic  ('_IPS_MONITOR',)
2025-09-09 16:23:11,785 fastran_nb_nubeam_7 DEBUG    _get_service_response(REQUEST|fastran_000001@nubeam@7|FRAMEWORK@Framework@0|90)
2025-09-09 16:23:11,795 fastran_nb_nubeam_7 DEBUG    _get_service_response(REQUEST|fastran_000001@nubeam@7|FRAMEWORK@Framework@0|90), response = ServiceResponseMessage(sender_id=FRAMEWORK@Framework@0, receiver_id=fastran_000001@nubeam@7, request_msg_id=REQUEST|fastran_000001@nubeam@7|FRAMEWORK@Framework@0|90,status=0, args=(<ipsframework.cca_es_spec.Topic object at 0x7f87c63b6610>,), message_id=RESPONSE|FRAMEWORK@Framework@0|fastran_000001@nubeam@7|1292)
2025-09-09 16:23:11,795 fastran_nb_nubeam_7 DEBUG    _invoke_service(): sendEvent  ('_IPS_MONITOR', 'PORTAL_EVENT', {'sim_name': 'fastran_000001', 'real_sim_name': 'fastran_000001', 'portal_data': {'code': 'fastran_nb_nubeam', 'eventtype': 'IPS_MERGE_PLASMA_STATE', 'ok': True, 'walltime': '223.86', 'time': '2025-09-09|16:23:11PDT', 'state': 'Running', 'comment': 'Success'}})
2025-09-09 16:23:11,795 fastran_nb_nubeam_7 DEBUG    _get_service_response(REQUEST|fastran_000001@nubeam@7|FRAMEWORK@Framework@0|91)
2025-09-09 16:23:11,806 fastran_nb_nubeam_7 DEBUG    _get_service_response(REQUEST|fastran_000001@nubeam@7|FRAMEWORK@Framework@0|91), response = ServiceResponseMessage(sender_id=FRAMEWORK@Framework@0, receiver_id=fastran_000001@nubeam@7, request_msg_id=REQUEST|fastran_000001@nubeam@7|FRAMEWORK@Framework@0|91,status=0, args=(None,), message_id=RESPONSE|FRAMEWORK@Framework@0|fastran_000001@nubeam@7|1293)
2025-09-09 16:23:12,107 fastran_nb_nubeam_7 DEBUG    _invoke_service(): update_state  (['s000001.00001', 'g000001.00001', 'i000001.00001', 'b000001.00001'], '/pscratch/sd/b/bassem/ips/tglf-ep_32_repeat/SCAN/work/fastran_nb_nubeam_7', '/pscratch/sd/b/bassem/ips/tglf-ep_32_repeat/SCAN/work/plasma_state')
2025-09-09 16:23:12,108 fastran_nb_nubeam_7 DEBUG    _get_service_response(REQUEST|fastran_000001@nubeam@7|FRAMEWORK@Framework@0|92)
2025-09-09 16:23:12,131 fastran_nb_nubeam_7 DEBUG    _get_service_response(REQUEST|fastran_000001@nubeam@7|FRAMEWORK@Framework@0|92), response = ServiceResponseMessage(sender_id=FRAMEWORK@Framework@0, receiver_id=fastran_000001@nubeam@7, request_msg_id=REQUEST|fastran_000001@nubeam@7|FRAMEWORK@Framework@0|92,status=0, args=(0,), message_id=RESPONSE|FRAMEWORK@Framework@0|fastran_000001@nubeam@7|1294)
2025-09-09 16:23:12,131 fastran_nb_nubeam_7 DEBUG    _invoke_service(): getTopic  ('_IPS_MONITOR',)
2025-09-09 16:23:12,132 fastran_nb_nubeam_7 DEBUG    _get_service_response(REQUEST|fastran_000001@nubeam@7|FRAMEWORK@Framework@0|93)
2025-09-09 16:23:12,142 fastran_nb_nubeam_7 DEBUG    _get_service_response(REQUEST|fastran_000001@nubeam@7|FRAMEWORK@Framework@0|93), response = ServiceResponseMessage(sender_id=FRAMEWORK@Framework@0, receiver_id=fastran_000001@nubeam@7, request_msg_id=REQUEST|fastran_000001@nubeam@7|FRAMEWORK@Framework@0|93,status=0, args=(<ipsframework.cca_es_spec.Topic object at 0x7f87c63b6910>,), message_id=RESPONSE|FRAMEWORK@Framework@0|fastran_000001@nubeam@7|1295)
2025-09-09 16:23:12,142 fastran_nb_nubeam_7 DEBUG    _invoke_service(): sendEvent  ('_IPS_MONITOR', 'PORTAL_EVENT', {'sim_name': 'fastran_000001', 'real_sim_name': 'fastran_000001', 'portal_data': {'code': 'fastran_nb_nubeam', 'eventtype': 'IPS_UPDATE_STATE', 'ok': True, 'walltime': '224.21', 'time': '2025-09-09|16:23:12PDT', 'trace': {'timestamp': 1757460192107180, 'duration': 24568, 'localEndpoint': {'serviceName': 'update_state'}, 'name': "['s000001.00001', 'g000001.00001', 'i000001.00001', 'b000001.00001']", 'id': '2fc1229e1e650f1c', 'parentId': 'adb107a54883a936', 'tags': {}}, 'state': 'Running', 'comment': 'Elapsed time = 0.025   files = s000001.00001 g000001.00001 i000001.00001 b000001.00001 Success'}})
2025-09-09 16:23:12,142 fastran_nb_nubeam_7 DEBUG    _get_service_response(REQUEST|fastran_000001@nubeam@7|FRAMEWORK@Framework@0|94)
2025-09-09 16:23:12,153 fastran_nb_nubeam_7 DEBUG    _get_service_response(REQUEST|fastran_000001@nubeam@7|FRAMEWORK@Framework@0|94), response = ServiceResponseMessage(sender_id=FRAMEWORK@Framework@0, receiver_id=fastran_000001@nubeam@7, request_msg_id=REQUEST|fastran_000001@nubeam@7|FRAMEWORK@Framework@0|94,status=0, args=(None,), message_id=RESPONSE|FRAMEWORK@Framework@0|fastran_000001@nubeam@7|1296)
2025-09-09 16:23:12,187 fastran_nb_nubeam_7 DEBUG    _invoke_service(): getTopic  ('_IPS_MONITOR',)
2025-09-09 16:23:12,187 fastran_nb_nubeam_7 DEBUG    _get_service_response(REQUEST|fastran_000001@nubeam@7|FRAMEWORK@Framework@0|95)
2025-09-09 16:23:12,197 fastran_nb_nubeam_7 DEBUG    _get_service_response(REQUEST|fastran_000001@nubeam@7|FRAMEWORK@Framework@0|95), response = ServiceResponseMessage(sender_id=FRAMEWORK@Framework@0, receiver_id=fastran_000001@nubeam@7, request_msg_id=REQUEST|fastran_000001@nubeam@7|FRAMEWORK@Framework@0|95,status=0, args=(<ipsframework.cca_es_spec.Topic object at 0x7f87c63b66d0>,), message_id=RESPONSE|FRAMEWORK@Framework@0|fastran_000001@nubeam@7|1297)
2025-09-09 16:23:12,197 fastran_nb_nubeam_7 DEBUG    _invoke_service(): sendEvent  ('_IPS_MONITOR', 'PORTAL_EVENT', {'sim_name': 'fastran_000001', 'real_sim_name': 'fastran_000001', 'portal_data': {'code': 'fastran_nb_nubeam', 'eventtype': 'IPS_STAGE_OUTPUTS', 'ok': True, 'walltime': '224.26', 'time': '2025-09-09|16:23:12PDT', 'trace': {'timestamp': 1757460192153683, 'duration': 33223, 'localEndpoint': {'serviceName': 'stage_output_files'}, 'name': "['log.nubeam*', 'state_changes.cdf']", 'id': 'f1344d67a1b9120c', 'parentId': 'adb107a54883a936', 'tags': {}}, 'state': 'Running', 'comment': "Elapsed time = 0.033 Path = /pscratch/sd/b/bassem/ips/tglf-ep_32_repeat/SCAN/simulation_results/0/components/fastran_nb_nubeam_7 Files = ['log.nubeam*', 'state_changes.cdf']"}})
2025-09-09 16:23:12,197 fastran_nb_nubeam_7 DEBUG    _get_service_response(REQUEST|fastran_000001@nubeam@7|FRAMEWORK@Framework@0|96)
2025-09-09 16:23:12,208 fastran_nb_nubeam_7 DEBUG    _get_service_response(REQUEST|fastran_000001@nubeam@7|FRAMEWORK@Framework@0|96), response = ServiceResponseMessage(sender_id=FRAMEWORK@Framework@0, receiver_id=fastran_000001@nubeam@7, request_msg_id=REQUEST|fastran_000001@nubeam@7|FRAMEWORK@Framework@0|96,status=0, args=(None,), message_id=RESPONSE|FRAMEWORK@Framework@0|fastran_000001@nubeam@7|1298)
2025-09-09 16:23:12,221 fastran_driver_fastran_driver_2 DEBUG    _get_service_response(REQUEST|fastran_000001@fastran_driver@2|FRAMEWORK@Framework@0|340), response = ServiceResponseMessage(sender_id=FRAMEWORK@Framework@0, receiver_id=fastran_000001@fastran_driver@2, request_msg_id=REQUEST|fastran_000001@fastran_driver@2|FRAMEWORK@Framework@0|340,status=0, args=((None,),), message_id=RESPONSE|FRAMEWORK@Framework@0|fastran_000001@fastran_driver@2|1299)
2025-09-09 16:23:12,223 fastran_driver_fastran_driver_2 DEBUG    _invoke_service(): getTopic  ('_IPS_MONITOR',)
2025-09-09 16:23:12,223 fastran_driver_fastran_driver_2 DEBUG    _get_service_response(REQUEST|fastran_000001@fastran_driver@2|FRAMEWORK@Framework@0|341)
2025-09-09 16:23:12,234 fastran_driver_fastran_driver_2 DEBUG    _get_service_response(REQUEST|fastran_000001@fastran_driver@2|FRAMEWORK@Framework@0|341), response = ServiceResponseMessage(sender_id=FRAMEWORK@Framework@0, receiver_id=fastran_000001@fastran_driver@2, request_msg_id=REQUEST|fastran_000001@fastran_driver@2|FRAMEWORK@Framework@0|341,status=0, args=(<ipsframework.cca_es_spec.Topic object at 0x7f87c63e0130>,), message_id=RESPONSE|FRAMEWORK@Framework@0|fastran_000001@fastran_driver@2|1300)
2025-09-09 16:23:12,234 fastran_driver_fastran_driver_2 DEBUG    _invoke_service(): sendEvent  ('_IPS_MONITOR', 'PORTAL_EVENT', {'sim_name': 'fastran_000001', 'real_sim_name': 'fastran_000001', 'portal_data': {'code': 'fastran_driver_fastran_driver', 'eventtype': 'IPS_CALL_END', 'ok': True, 'walltime': '224.30', 'time': '2025-09-09|16:23:12PDT', 'trace': {'timestamp': 1757460053235928, 'duration': 138986778, 'localEndpoint': {'serviceName': 'fastran_000001@nubeam@7'}, 'name': 'step(0)', 'id': 'adb107a54883a936', 'parentId': '15e0663de819b9fa', 'tags': {}}, 'state': 'Running', 'comment': 'Target = fastran_000001@nubeam@7:step(0)'}})
2025-09-09 16:23:12,234 fastran_driver_fastran_driver_2 DEBUG    _get_service_response(REQUEST|fastran_000001@fastran_driver@2|FRAMEWORK@Framework@0|342)
2025-09-09 16:23:12,245 fastran_driver_fastran_driver_2 DEBUG    _get_service_response(REQUEST|fastran_000001@fastran_driver@2|FRAMEWORK@Framework@0|342), response = ServiceResponseMessage(sender_id=FRAMEWORK@Framework@0, receiver_id=fastran_000001@fastran_driver@2, request_msg_id=REQUEST|fastran_000001@fastran_driver@2|FRAMEWORK@Framework@0|342,status=0, args=(None,), message_id=RESPONSE|FRAMEWORK@Framework@0|fastran_000001@fastran_driver@2|1301)
2025-09-09 16:23:12,245 fastran_driver_fastran_driver_2 DEBUG    _invoke_service(): getTopic  ('_IPS_MONITOR',)
2025-09-09 16:23:12,245 fastran_driver_fastran_driver_2 DEBUG    _get_service_response(REQUEST|fastran_000001@fastran_driver@2|FRAMEWORK@Framework@0|343)
2025-09-09 16:23:12,256 fastran_driver_fastran_driver_2 DEBUG    _get_service_response(REQUEST|fastran_000001@fastran_driver@2|FRAMEWORK@Framework@0|343), response = ServiceResponseMessage(sender_id=FRAMEWORK@Framework@0, receiver_id=fastran_000001@fastran_driver@2, request_msg_id=REQUEST|fastran_000001@fastran_driver@2|FRAMEWORK@Framework@0|343,status=0, args=(<ipsframework.cca_es_spec.Topic object at 0x7f87c63e0280>,), message_id=RESPONSE|FRAMEWORK@Framework@0|fastran_000001@fastran_driver@2|1302)
2025-09-09 16:23:12,256 fastran_driver_fastran_driver_2 DEBUG    _invoke_service(): sendEvent  ('_IPS_MONITOR', 'PORTAL_EVENT', {'sim_name': 'fastran_000001', 'real_sim_name': 'fastran_000001', 'portal_data': {'code': 'fastran_driver_fastran_driver', 'eventtype': 'IPS_CALL_BEGIN', 'ok': True, 'walltime': '224.32', 'time': '2025-09-09|16:23:12PDT', 'state': 'Running', 'comment': 'Target = fastran_000001@tglfep@8:step(0)'}})
2025-09-09 16:23:12,256 fastran_driver_fastran_driver_2 DEBUG    _get_service_response(REQUEST|fastran_000001@fastran_driver@2|FRAMEWORK@Framework@0|344)
2025-09-09 16:23:12,267 fastran_driver_fastran_driver_2 DEBUG    _get_service_response(REQUEST|fastran_000001@fastran_driver@2|FRAMEWORK@Framework@0|344), response = ServiceResponseMessage(sender_id=FRAMEWORK@Framework@0, receiver_id=fastran_000001@fastran_driver@2, request_msg_id=REQUEST|fastran_000001@fastran_driver@2|FRAMEWORK@Framework@0|344,status=0, args=(None,), message_id=RESPONSE|FRAMEWORK@Framework@0|fastran_000001@fastran_driver@2|1303)
2025-09-09 16:23:12,267 fastran_driver_fastran_driver_2 DEBUG    _invoke_service(): init_call  ('step', 0)
2025-09-09 16:23:12,267 fastran_driver_fastran_driver_2 DEBUG    _get_service_response(REQUEST|fastran_000001@fastran_driver@2|FRAMEWORK@Framework@0|345)
2025-09-09 16:23:12,268 fastran_ep_tglfep_8 DEBUG    Received Message 
2025-09-09 16:23:12,268 fastran_ep_tglfep_8 DEBUG    Calling method step(0)
2025-09-09 16:23:12,268 fastran_ep_tglfep_8 DEBUG    _invoke_service(): stage_state  (['s000001.00001', 'g000001.00001', 'i000001.00001', 'b000001.00001'], '/pscratch/sd/b/bassem/ips/tglf-ep_32_repeat/SCAN/work/plasma_state', '/pscratch/sd/b/bassem/ips/tglf-ep_32_repeat/SCAN/work/fastran_ep_tglfep_8')
2025-09-09 16:23:12,268 fastran_ep_tglfep_8 DEBUG    _get_service_response(REQUEST|fastran_000001@tglfep@8|FRAMEWORK@Framework@0|0)
2025-09-09 16:23:12,278 fastran_driver_fastran_driver_2 DEBUG    _get_service_response(REQUEST|fastran_000001@fastran_driver@2|FRAMEWORK@Framework@0|345), response = ServiceResponseMessage(sender_id=FRAMEWORK@Framework@0, receiver_id=fastran_000001@fastran_driver@2, request_msg_id=REQUEST|fastran_000001@fastran_driver@2|FRAMEWORK@Framework@0|345,status=0, args=(58,), message_id=RESPONSE|FRAMEWORK@Framework@0|fastran_000001@fastran_driver@2|1304)
2025-09-09 16:23:12,278 fastran_driver_fastran_driver_2 DEBUG    _invoke_service(): wait_call  (58, True)
2025-09-09 16:23:12,278 fastran_driver_fastran_driver_2 DEBUG    _get_service_response(REQUEST|fastran_000001@fastran_driver@2|FRAMEWORK@Framework@0|346)
2025-09-09 16:23:12,294 fastran_ep_tglfep_8 DEBUG    _get_service_response(REQUEST|fastran_000001@tglfep@8|FRAMEWORK@Framework@0|0), response = ServiceResponseMessage(sender_id=FRAMEWORK@Framework@0, receiver_id=fastran_000001@tglfep@8, request_msg_id=REQUEST|fastran_000001@tglfep@8|FRAMEWORK@Framework@0|0,status=0, args=(0,), message_id=RESPONSE|FRAMEWORK@Framework@0|fastran_000001@tglfep@8|1305)
2025-09-09 16:23:12,295 fastran_ep_tglfep_8 DEBUG    _invoke_service(): getTopic  ('_IPS_MONITOR',)
2025-09-09 16:23:12,295 fastran_ep_tglfep_8 DEBUG    _get_service_response(REQUEST|fastran_000001@tglfep@8|FRAMEWORK@Framework@0|1)
2025-09-09 16:23:12,305 fastran_ep_tglfep_8 DEBUG    _get_service_response(REQUEST|fastran_000001@tglfep@8|FRAMEWORK@Framework@0|1), response = ServiceResponseMessage(sender_id=FRAMEWORK@Framework@0, receiver_id=fastran_000001@tglfep@8, request_msg_id=REQUEST|fastran_000001@tglfep@8|FRAMEWORK@Framework@0|1,status=0, args=(<ipsframework.cca_es_spec.Topic object at 0x7f87c6414190>,), message_id=RESPONSE|FRAMEWORK@Framework@0|fastran_000001@tglfep@8|1307)
2025-09-09 16:23:12,306 fastran_ep_tglfep_8 DEBUG    _invoke_service(): sendEvent  ('_IPS_MONITOR', 'PORTAL_EVENT', {'sim_name': 'fastran_000001', 'real_sim_name': 'fastran_000001', 'portal_data': {'code': 'fastran_ep_tglfep', 'eventtype': 'IPS_STAGE_STATE', 'ok': True, 'walltime': '224.37', 'time': '2025-09-09|16:23:12PDT', 'trace': {'timestamp': 1757460192268652, 'duration': 26191, 'localEndpoint': {'serviceName': 'stage_state'}, 'name': "['s000001.00001', 'g000001.00001', 'i000001.00001', 'b000001.00001']", 'id': 'ff3119918b5e7670', 'parentId': '732d0ed2feee8451', 'tags': {}}, 'state': 'Running', 'comment': 'Elapsed time = 0.026  files = s000001.00001 g000001.00001 i000001.00001 b000001.00001 Success'}})
2025-09-09 16:23:12,306 fastran_ep_tglfep_8 DEBUG    _get_service_response(REQUEST|fastran_000001@tglfep@8|FRAMEWORK@Framework@0|2)
2025-09-09 16:23:12,316 fastran_ep_tglfep_8 DEBUG    _get_service_response(REQUEST|fastran_000001@tglfep@8|FRAMEWORK@Framework@0|2), response = ServiceResponseMessage(sender_id=FRAMEWORK@Framework@0, receiver_id=fastran_000001@tglfep@8, request_msg_id=REQUEST|fastran_000001@tglfep@8|FRAMEWORK@Framework@0|2,status=0, args=(None,), message_id=RESPONSE|FRAMEWORK@Framework@0|fastran_000001@tglfep@8|1308)
2025-09-09 16:23:12,326 fastran_ep_tglfep_8 DEBUG    _invoke_service(): getTopic  ('_IPS_MONITOR',)
2025-09-09 16:23:12,326 fastran_ep_tglfep_8 DEBUG    _get_service_response(REQUEST|fastran_000001@tglfep@8|FRAMEWORK@Framework@0|3)
2025-09-09 16:23:12,336 fastran_ep_tglfep_8 DEBUG    _get_service_response(REQUEST|fastran_000001@tglfep@8|FRAMEWORK@Framework@0|3), response = ServiceResponseMessage(sender_id=FRAMEWORK@Framework@0, receiver_id=fastran_000001@tglfep@8, request_msg_id=REQUEST|fastran_000001@tglfep@8|FRAMEWORK@Framework@0|3,status=0, args=(<ipsframework.cca_es_spec.Topic object at 0x7f87c64142e0>,), message_id=RESPONSE|FRAMEWORK@Framework@0|fastran_000001@tglfep@8|1309)
2025-09-09 16:23:12,336 fastran_ep_tglfep_8 DEBUG    _invoke_service(): sendEvent  ('_IPS_MONITOR', 'PORTAL_EVENT', {'sim_name': 'fastran_000001', 'real_sim_name': 'fastran_000001', 'portal_data': {'code': 'fastran_ep_tglfep', 'eventtype': 'IPS_STAGE_INPUTS', 'ok': True, 'walltime': '224.40', 'time': '2025-09-09|16:23:12PDT', 'trace': {'timestamp': 1757460192316866, 'duration': 9289, 'localEndpoint': {'serviceName': 'stage_input_files'}, 'name': 'input.TGLFEP Alpha_input', 'id': '0d1b04da8f112011', 'parentId': '732d0ed2feee8451', 'tags': {}}, 'state': 'Running', 'comment': 'Elapsed time = 0.009 Path = /pscratch/sd/b/bassem/ips/tglf-ep_32_repeat/input Files = input.TGLFEP Alpha_input'}})
2025-09-09 16:23:12,337 fastran_ep_tglfep_8 DEBUG    _get_service_response(REQUEST|fastran_000001@tglfep@8|FRAMEWORK@Framework@0|4)
2025-09-09 16:23:12,347 fastran_ep_tglfep_8 DEBUG    _get_service_response(REQUEST|fastran_000001@tglfep@8|FRAMEWORK@Framework@0|4), response = ServiceResponseMessage(sender_id=FRAMEWORK@Framework@0, receiver_id=fastran_000001@tglfep@8, request_msg_id=REQUEST|fastran_000001@tglfep@8|FRAMEWORK@Framework@0|4,status=0, args=(None,), message_id=RESPONSE|FRAMEWORK@Framework@0|fastran_000001@tglfep@8|1310)
2025-09-09 16:23:12,470 fastran_ep_tglfep_8 DEBUG    _invoke_service(): init_task  (TaskInit(nproc=1280, binary='/global/common/software/atom/gacode_add_TGLFEP/TGLF-EP/TGLFEP_driver', working_dir='/pscratch/sd/b/bassem/ips/tglf-ep_32_repeat/SCAN/work/fastran_ep_tglfep_8', tppn=0, tcpp=0, tgpp=0, block=True, omp=False, wnodes=True, wsocks=True, cmd_args=()),)
2025-09-09 16:23:12,470 fastran_ep_tglfep_8 DEBUG    _get_service_response(REQUEST|fastran_000001@tglfep@8|FRAMEWORK@Framework@0|5)
2025-09-09 16:23:12,482 fastran_ep_tglfep_8 DEBUG    _get_service_response(REQUEST|fastran_000001@tglfep@8|FRAMEWORK@Framework@0|5), response = ServiceResponseMessage(sender_id=FRAMEWORK@Framework@0, receiver_id=fastran_000001@tglfep@8, request_msg_id=REQUEST|fastran_000001@tglfep@8|FRAMEWORK@Framework@0|5,status=0, args=((23, 'srun -N 10 -n 1280 -c 1 --threads-per-core=1 --cpu-bind=cores /global/common/software/atom/gacode_add_TGLFEP/TGLF-EP/TGLFEP_driver ', None, 1280),), message_id=RESPONSE|FRAMEWORK@Framework@0|fastran_000001@tglfep@8|1311)
2025-09-09 16:23:12,483 fastran_ep_tglfep_8 DEBUG    Launching command : srun -N 10 -n 1280 -c 1 --threads-per-core=1 --cpu-bind=cores /global/common/software/atom/gacode_add_TGLFEP/TGLF-EP/TGLFEP_driver 
2025-09-09 16:23:12,498 fastran_ep_tglfep_8 DEBUG    _invoke_service(): getTopic  ('_IPS_MONITOR',)
2025-09-09 16:23:12,498 fastran_ep_tglfep_8 DEBUG    _get_service_response(REQUEST|fastran_000001@tglfep@8|FRAMEWORK@Framework@0|6)
2025-09-09 16:23:12,509 fastran_ep_tglfep_8 DEBUG    _get_service_response(REQUEST|fastran_000001@tglfep@8|FRAMEWORK@Framework@0|6), response = ServiceResponseMessage(sender_id=FRAMEWORK@Framework@0, receiver_id=fastran_000001@tglfep@8, request_msg_id=REQUEST|fastran_000001@tglfep@8|FRAMEWORK@Framework@0|6,status=0, args=(<ipsframework.cca_es_spec.Topic object at 0x7f87c6414520>,), message_id=RESPONSE|FRAMEWORK@Framework@0|fastran_000001@tglfep@8|1312)
2025-09-09 16:23:12,509 fastran_ep_tglfep_8 DEBUG    _invoke_service(): sendEvent  ('_IPS_MONITOR', 'PORTAL_EVENT', {'sim_name': 'fastran_000001', 'real_sim_name': 'fastran_000001', 'portal_data': {'code': 'fastran_ep_tglfep', 'eventtype': 'IPS_LAUNCH_TASK', 'ok': True, 'walltime': '224.57', 'time': '2025-09-09|16:23:12PDT', 'state': 'Running', 'comment': 'task_id = 23 , Tag = None , nproc = 1280 , Target = srun -N 10 -n 1280 -c 1 --threads-per-core=1 --cpu-bind=cores /global/common/software/atom/gacode_add_TGLFEP/TGLF-EP/TGLFEP_driver '}})
2025-09-09 16:23:12,509 fastran_ep_tglfep_8 DEBUG    _get_service_response(REQUEST|fastran_000001@tglfep@8|FRAMEWORK@Framework@0|7)
2025-09-09 16:23:12,520 fastran_ep_tglfep_8 DEBUG    _get_service_response(REQUEST|fastran_000001@tglfep@8|FRAMEWORK@Framework@0|7), response = ServiceResponseMessage(sender_id=FRAMEWORK@Framework@0, receiver_id=fastran_000001@tglfep@8, request_msg_id=REQUEST|fastran_000001@tglfep@8|FRAMEWORK@Framework@0|7,status=0, args=(None,), message_id=RESPONSE|FRAMEWORK@Framework@0|fastran_000001@tglfep@8|1313)
2025-09-09 16:37:18,673 fastran_ep_tglfep_8 DEBUG    _invoke_service(): getTopic  ('_IPS_MONITOR',)
2025-09-09 16:37:18,673 fastran_ep_tglfep_8 DEBUG    _get_service_response(REQUEST|fastran_000001@tglfep@8|FRAMEWORK@Framework@0|8)
2025-09-09 16:37:18,684 fastran_ep_tglfep_8 DEBUG    _get_service_response(REQUEST|fastran_000001@tglfep@8|FRAMEWORK@Framework@0|8), response = ServiceResponseMessage(sender_id=FRAMEWORK@Framework@0, receiver_id=fastran_000001@tglfep@8, request_msg_id=REQUEST|fastran_000001@tglfep@8|FRAMEWORK@Framework@0|8,status=0, args=(<ipsframework.cca_es_spec.Topic object at 0x7f87c6414310>,), message_id=RESPONSE|FRAMEWORK@Framework@0|fastran_000001@tglfep@8|2955)
2025-09-09 16:37:18,684 fastran_ep_tglfep_8 DEBUG    _invoke_service(): sendEvent  ('_IPS_MONITOR', 'PORTAL_EVENT', {'sim_name': 'fastran_000001', 'real_sim_name': 'fastran_000001', 'portal_data': {'code': 'fastran_ep_tglfep', 'eventtype': 'IPS_TASK_END', 'ok': True, 'walltime': '1070.75', 'time': '2025-09-09|16:37:18PDT', 'trace': {'timestamp': 1757460192498117, 'duration': 846175420, 'localEndpoint': {'serviceName': '/global/common/software/atom/gacode_add_TGLFEP/TGLF-EP/TGLFEP_driver'}, 'name': '', 'id': '8ff232047fc62358', 'parentId': '732d0ed2feee8451', 'tags': {'procs_requested': '1280', 'cores_allocated': '1280'}}, 'state': 'Running', 'comment': 'task_id = 23  elapsed time = 846.18 S'}})
2025-09-09 16:37:18,685 fastran_ep_tglfep_8 DEBUG    _get_service_response(REQUEST|fastran_000001@tglfep@8|FRAMEWORK@Framework@0|9)
2025-09-09 16:37:18,696 fastran_ep_tglfep_8 DEBUG    _get_service_response(REQUEST|fastran_000001@tglfep@8|FRAMEWORK@Framework@0|9), response = ServiceResponseMessage(sender_id=FRAMEWORK@Framework@0, receiver_id=fastran_000001@tglfep@8, request_msg_id=REQUEST|fastran_000001@tglfep@8|FRAMEWORK@Framework@0|9,status=0, args=(None,), message_id=RESPONSE|FRAMEWORK@Framework@0|fastran_000001@tglfep@8|2956)
2025-09-09 16:37:18,696 fastran_ep_tglfep_8 DEBUG    _invoke_service(): finish_task  (23, 0)
2025-09-09 16:37:18,696 fastran_ep_tglfep_8 DEBUG    _get_service_response(REQUEST|fastran_000001@tglfep@8|FRAMEWORK@Framework@0|10)
2025-09-09 16:37:18,708 fastran_ep_tglfep_8 DEBUG    _get_service_response(REQUEST|fastran_000001@tglfep@8|FRAMEWORK@Framework@0|10), response = ServiceResponseMessage(sender_id=FRAMEWORK@Framework@0, receiver_id=fastran_000001@tglfep@8, request_msg_id=REQUEST|fastran_000001@tglfep@8|FRAMEWORK@Framework@0|10,status=0, args=(0,), message_id=RESPONSE|FRAMEWORK@Framework@0|fastran_000001@tglfep@8|2957)
2025-09-09 16:37:18,712 fastran_ep_tglfep_8 DEBUG    _invoke_service(): init_task  (TaskInit(nproc=1280, binary='/global/common/software/atom/gacode_add_TGLFEP/Alpha/Alpha_driver', working_dir='/pscratch/sd/b/bassem/ips/tglf-ep_32_repeat/SCAN/work/fastran_ep_tglfep_8', tppn=0, tcpp=0, tgpp=0, block=True, omp=False, wnodes=True, wsocks=True, cmd_args=()),)
2025-09-09 16:37:18,712 fastran_ep_tglfep_8 DEBUG    _get_service_response(REQUEST|fastran_000001@tglfep@8|FRAMEWORK@Framework@0|11)
2025-09-09 16:37:18,724 fastran_ep_tglfep_8 DEBUG    _get_service_response(REQUEST|fastran_000001@tglfep@8|FRAMEWORK@Framework@0|11), response = ServiceResponseMessage(sender_id=FRAMEWORK@Framework@0, receiver_id=fastran_000001@tglfep@8, request_msg_id=REQUEST|fastran_000001@tglfep@8|FRAMEWORK@Framework@0|11,status=0, args=((24, 'srun -N 10 -n 1280 -c 1 --threads-per-core=1 --cpu-bind=cores /global/common/software/atom/gacode_add_TGLFEP/Alpha/Alpha_driver ', None, 1280),), message_id=RESPONSE|FRAMEWORK@Framework@0|fastran_000001@tglfep@8|2958)
2025-09-09 16:37:18,725 fastran_ep_tglfep_8 DEBUG    Launching command : srun -N 10 -n 1280 -c 1 --threads-per-core=1 --cpu-bind=cores /global/common/software/atom/gacode_add_TGLFEP/Alpha/Alpha_driver 
2025-09-09 16:37:18,771 fastran_ep_tglfep_8 DEBUG    _invoke_service(): getTopic  ('_IPS_MONITOR',)
2025-09-09 16:37:18,771 fastran_ep_tglfep_8 DEBUG    _get_service_response(REQUEST|fastran_000001@tglfep@8|FRAMEWORK@Framework@0|12)
2025-09-09 16:37:18,781 fastran_ep_tglfep_8 DEBUG    _get_service_response(REQUEST|fastran_000001@tglfep@8|FRAMEWORK@Framework@0|12), response = ServiceResponseMessage(sender_id=FRAMEWORK@Framework@0, receiver_id=fastran_000001@tglfep@8, request_msg_id=REQUEST|fastran_000001@tglfep@8|FRAMEWORK@Framework@0|12,status=0, args=(<ipsframework.cca_es_spec.Topic object at 0x7f87c64145e0>,), message_id=RESPONSE|FRAMEWORK@Framework@0|fastran_000001@tglfep@8|2959)
2025-09-09 16:37:18,782 fastran_ep_tglfep_8 DEBUG    _invoke_service(): sendEvent  ('_IPS_MONITOR', 'PORTAL_EVENT', {'sim_name': 'fastran_000001', 'real_sim_name': 'fastran_000001', 'portal_data': {'code': 'fastran_ep_tglfep', 'eventtype': 'IPS_LAUNCH_TASK', 'ok': True, 'walltime': '1070.85', 'time': '2025-09-09|16:37:18PDT', 'state': 'Running', 'comment': 'task_id = 24 , Tag = None , nproc = 1280 , Target = srun -N 10 -n 1280 -c 1 --threads-per-core=1 --cpu-bind=cores /global/common/software/atom/gacode_add_TGLFEP/Alpha/Alpha_driver '}})
2025-09-09 16:37:18,782 fastran_ep_tglfep_8 DEBUG    _get_service_response(REQUEST|fastran_000001@tglfep@8|FRAMEWORK@Framework@0|13)
2025-09-09 16:37:18,793 fastran_ep_tglfep_8 DEBUG    _get_service_response(REQUEST|fastran_000001@tglfep@8|FRAMEWORK@Framework@0|13), response = ServiceResponseMessage(sender_id=FRAMEWORK@Framework@0, receiver_id=fastran_000001@tglfep@8, request_msg_id=REQUEST|fastran_000001@tglfep@8|FRAMEWORK@Framework@0|13,status=0, args=(None,), message_id=RESPONSE|FRAMEWORK@Framework@0|fastran_000001@tglfep@8|2960)
2025-09-09 16:37:28,319 fastran_ep_tglfep_8 DEBUG    _invoke_service(): getTopic  ('_IPS_MONITOR',)
2025-09-09 16:37:28,319 fastran_ep_tglfep_8 DEBUG    _get_service_response(REQUEST|fastran_000001@tglfep@8|FRAMEWORK@Framework@0|14)
2025-09-09 16:37:28,330 fastran_ep_tglfep_8 DEBUG    _get_service_response(REQUEST|fastran_000001@tglfep@8|FRAMEWORK@Framework@0|14), response = ServiceResponseMessage(sender_id=FRAMEWORK@Framework@0, receiver_id=fastran_000001@tglfep@8, request_msg_id=REQUEST|fastran_000001@tglfep@8|FRAMEWORK@Framework@0|14,status=0, args=(<ipsframework.cca_es_spec.Topic object at 0x7f87c6414610>,), message_id=RESPONSE|FRAMEWORK@Framework@0|fastran_000001@tglfep@8|2980)
2025-09-09 16:37:28,330 fastran_ep_tglfep_8 DEBUG    _invoke_service(): sendEvent  ('_IPS_MONITOR', 'PORTAL_EVENT', {'sim_name': 'fastran_000001', 'real_sim_name': 'fastran_000001', 'portal_data': {'code': 'fastran_ep_tglfep', 'eventtype': 'IPS_TASK_END', 'ok': True, 'walltime': '1080.40', 'time': '2025-09-09|16:37:28PDT', 'trace': {'timestamp': 1757461038770831, 'duration': 9548841, 'localEndpoint': {'serviceName': '/global/common/software/atom/gacode_add_TGLFEP/Alpha/Alpha_driver'}, 'name': '', 'id': '9d92928b2e6efc00', 'parentId': '732d0ed2feee8451', 'tags': {'procs_requested': '1280', 'cores_allocated': '1280'}}, 'state': 'Running', 'comment': 'task_id = 24  elapsed time = 9.55 S'}})
2025-09-09 16:37:28,330 fastran_ep_tglfep_8 DEBUG    _get_service_response(REQUEST|fastran_000001@tglfep@8|FRAMEWORK@Framework@0|15)
2025-09-09 16:37:28,341 fastran_ep_tglfep_8 DEBUG    _get_service_response(REQUEST|fastran_000001@tglfep@8|FRAMEWORK@Framework@0|15), response = ServiceResponseMessage(sender_id=FRAMEWORK@Framework@0, receiver_id=fastran_000001@tglfep@8, request_msg_id=REQUEST|fastran_000001@tglfep@8|FRAMEWORK@Framework@0|15,status=0, args=(None,), message_id=RESPONSE|FRAMEWORK@Framework@0|fastran_000001@tglfep@8|2981)
2025-09-09 16:37:28,341 fastran_ep_tglfep_8 DEBUG    _invoke_service(): finish_task  (24, 0)
2025-09-09 16:37:28,341 fastran_ep_tglfep_8 DEBUG    _get_service_response(REQUEST|fastran_000001@tglfep@8|FRAMEWORK@Framework@0|16)
2025-09-09 16:37:28,353 fastran_ep_tglfep_8 DEBUG    _get_service_response(REQUEST|fastran_000001@tglfep@8|FRAMEWORK@Framework@0|16), response = ServiceResponseMessage(sender_id=FRAMEWORK@Framework@0, receiver_id=fastran_000001@tglfep@8, request_msg_id=REQUEST|fastran_000001@tglfep@8|FRAMEWORK@Framework@0|16,status=0, args=(0,), message_id=RESPONSE|FRAMEWORK@Framework@0|fastran_000001@tglfep@8|2982)
2025-09-09 16:37:28,466 fastran_ep_tglfep_8 DEBUG    _invoke_service(): update_state  (['s000001.00001', 'g000001.00001', 'i000001.00001', 'b000001.00001'], '/pscratch/sd/b/bassem/ips/tglf-ep_32_repeat/SCAN/work/fastran_ep_tglfep_8', '/pscratch/sd/b/bassem/ips/tglf-ep_32_repeat/SCAN/work/plasma_state')
2025-09-09 16:37:28,466 fastran_ep_tglfep_8 DEBUG    _get_service_response(REQUEST|fastran_000001@tglfep@8|FRAMEWORK@Framework@0|17)
2025-09-09 16:37:28,489 fastran_ep_tglfep_8 DEBUG    _get_service_response(REQUEST|fastran_000001@tglfep@8|FRAMEWORK@Framework@0|17), response = ServiceResponseMessage(sender_id=FRAMEWORK@Framework@0, receiver_id=fastran_000001@tglfep@8, request_msg_id=REQUEST|fastran_000001@tglfep@8|FRAMEWORK@Framework@0|17,status=0, args=(0,), message_id=RESPONSE|FRAMEWORK@Framework@0|fastran_000001@tglfep@8|2983)
2025-09-09 16:37:28,489 fastran_ep_tglfep_8 DEBUG    _invoke_service(): getTopic  ('_IPS_MONITOR',)
2025-09-09 16:37:28,489 fastran_ep_tglfep_8 DEBUG    _get_service_response(REQUEST|fastran_000001@tglfep@8|FRAMEWORK@Framework@0|18)
2025-09-09 16:37:28,499 fastran_ep_tglfep_8 DEBUG    _get_service_response(REQUEST|fastran_000001@tglfep@8|FRAMEWORK@Framework@0|18), response = ServiceResponseMessage(sender_id=FRAMEWORK@Framework@0, receiver_id=fastran_000001@tglfep@8, request_msg_id=REQUEST|fastran_000001@tglfep@8|FRAMEWORK@Framework@0|18,status=0, args=(<ipsframework.cca_es_spec.Topic object at 0x7f87c64147f0>,), message_id=RESPONSE|FRAMEWORK@Framework@0|fastran_000001@tglfep@8|2984)
2025-09-09 16:37:28,499 fastran_ep_tglfep_8 DEBUG    _invoke_service(): sendEvent  ('_IPS_MONITOR', 'PORTAL_EVENT', {'sim_name': 'fastran_000001', 'real_sim_name': 'fastran_000001', 'portal_data': {'code': 'fastran_ep_tglfep', 'eventtype': 'IPS_UPDATE_STATE', 'ok': True, 'walltime': '1080.56', 'time': '2025-09-09|16:37:28PDT', 'trace': {'timestamp': 1757461048466808, 'duration': 22278, 'localEndpoint': {'serviceName': 'update_state'}, 'name': "['s000001.00001', 'g000001.00001', 'i000001.00001', 'b000001.00001']", 'id': '2fc1229e1e650f1c', 'parentId': '732d0ed2feee8451', 'tags': {}}, 'state': 'Running', 'comment': 'Elapsed time = 0.022   files = s000001.00001 g000001.00001 i000001.00001 b000001.00001 Success'}})
2025-09-09 16:37:28,499 fastran_ep_tglfep_8 DEBUG    _get_service_response(REQUEST|fastran_000001@tglfep@8|FRAMEWORK@Framework@0|19)
2025-09-09 16:37:28,510 fastran_ep_tglfep_8 DEBUG    _get_service_response(REQUEST|fastran_000001@tglfep@8|FRAMEWORK@Framework@0|19), response = ServiceResponseMessage(sender_id=FRAMEWORK@Framework@0, receiver_id=fastran_000001@tglfep@8, request_msg_id=REQUEST|fastran_000001@tglfep@8|FRAMEWORK@Framework@0|19,status=0, args=(None,), message_id=RESPONSE|FRAMEWORK@Framework@0|fastran_000001@tglfep@8|2985)
2025-09-09 16:37:28,511 fastran_ep_tglfep_8 DEBUG    _invoke_service(): getTopic  ('_IPS_MONITOR',)
2025-09-09 16:37:28,511 fastran_ep_tglfep_8 DEBUG    _get_service_response(REQUEST|fastran_000001@tglfep@8|FRAMEWORK@Framework@0|20)
2025-09-09 16:37:28,522 fastran_ep_tglfep_8 DEBUG    _get_service_response(REQUEST|fastran_000001@tglfep@8|FRAMEWORK@Framework@0|20), response = ServiceResponseMessage(sender_id=FRAMEWORK@Framework@0, receiver_id=fastran_000001@tglfep@8, request_msg_id=REQUEST|fastran_000001@tglfep@8|FRAMEWORK@Framework@0|20,status=0, args=(<ipsframework.cca_es_spec.Topic object at 0x7f87c6414400>,), message_id=RESPONSE|FRAMEWORK@Framework@0|fastran_000001@tglfep@8|2986)
2025-09-09 16:37:28,522 fastran_ep_tglfep_8 DEBUG    _invoke_service(): sendEvent  ('_IPS_MONITOR', 'PORTAL_EVENT', {'sim_name': 'fastran_000001', 'real_sim_name': 'fastran_000001', 'portal_data': {'code': 'fastran_ep_tglfep', 'eventtype': 'IPS_STAGE_OUTPUTS', 'ok': True, 'walltime': '1080.59', 'time': '2025-09-09|16:37:28PDT', 'trace': {'timestamp': 1757461048510392, 'duration': 1310, 'localEndpoint': {'serviceName': 'stage_output_files'}, 'name': '[]', 'id': 'ed019efe11be26d9', 'parentId': '732d0ed2feee8451', 'tags': {}}, 'state': 'Running', 'comment': 'Elapsed time = 0.001 Path = /pscratch/sd/b/bassem/ips/tglf-ep_32_repeat/SCAN/simulation_results/0/components/fastran_ep_tglfep_8 Files = []'}})
2025-09-09 16:37:28,522 fastran_ep_tglfep_8 DEBUG    _get_service_response(REQUEST|fastran_000001@tglfep@8|FRAMEWORK@Framework@0|21)
2025-09-09 16:37:28,533 fastran_ep_tglfep_8 DEBUG    _get_service_response(REQUEST|fastran_000001@tglfep@8|FRAMEWORK@Framework@0|21), response = ServiceResponseMessage(sender_id=FRAMEWORK@Framework@0, receiver_id=fastran_000001@tglfep@8, request_msg_id=REQUEST|fastran_000001@tglfep@8|FRAMEWORK@Framework@0|21,status=0, args=(None,), message_id=RESPONSE|FRAMEWORK@Framework@0|fastran_000001@tglfep@8|2987)
2025-09-09 16:37:28,545 fastran_driver_fastran_driver_2 DEBUG    _get_service_response(REQUEST|fastran_000001@fastran_driver@2|FRAMEWORK@Framework@0|346), response = ServiceResponseMessage(sender_id=FRAMEWORK@Framework@0, receiver_id=fastran_000001@fastran_driver@2, request_msg_id=REQUEST|fastran_000001@fastran_driver@2|FRAMEWORK@Framework@0|346,status=0, args=((None,),), message_id=RESPONSE|FRAMEWORK@Framework@0|fastran_000001@fastran_driver@2|2988)
2025-09-09 16:37:28,546 fastran_driver_fastran_driver_2 DEBUG    _invoke_service(): getTopic  ('_IPS_MONITOR',)
2025-09-09 16:37:28,546 fastran_driver_fastran_driver_2 DEBUG    _get_service_response(REQUEST|fastran_000001@fastran_driver@2|FRAMEWORK@Framework@0|347)
2025-09-09 16:37:28,557 fastran_driver_fastran_driver_2 DEBUG    _get_service_response(REQUEST|fastran_000001@fastran_driver@2|FRAMEWORK@Framework@0|347), response = ServiceResponseMessage(sender_id=FRAMEWORK@Framework@0, receiver_id=fastran_000001@fastran_driver@2, request_msg_id=REQUEST|fastran_000001@fastran_driver@2|FRAMEWORK@Framework@0|347,status=0, args=(<ipsframework.cca_es_spec.Topic object at 0x7f87c63e0130>,), message_id=RESPONSE|FRAMEWORK@Framework@0|fastran_000001@fastran_driver@2|2989)
2025-09-09 16:37:28,557 fastran_driver_fastran_driver_2 DEBUG    _invoke_service(): sendEvent  ('_IPS_MONITOR', 'PORTAL_EVENT', {'sim_name': 'fastran_000001', 'real_sim_name': 'fastran_000001', 'portal_data': {'code': 'fastran_driver_fastran_driver', 'eventtype': 'IPS_CALL_END', 'ok': True, 'walltime': '1080.62', 'time': '2025-09-09|16:37:28PDT', 'trace': {'timestamp': 1757460192278212, 'duration': 856267629, 'localEndpoint': {'serviceName': 'fastran_000001@tglfep@8'}, 'name': 'step(0)', 'id': '732d0ed2feee8451', 'parentId': '15e0663de819b9fa', 'tags': {}}, 'state': 'Running', 'comment': 'Target = fastran_000001@tglfep@8:step(0)'}})
2025-09-09 16:37:28,557 fastran_driver_fastran_driver_2 DEBUG    _get_service_response(REQUEST|fastran_000001@fastran_driver@2|FRAMEWORK@Framework@0|348)
2025-09-09 16:37:28,568 fastran_driver_fastran_driver_2 DEBUG    _get_service_response(REQUEST|fastran_000001@fastran_driver@2|FRAMEWORK@Framework@0|348), response = ServiceResponseMessage(sender_id=FRAMEWORK@Framework@0, receiver_id=fastran_000001@fastran_driver@2, request_msg_id=REQUEST|fastran_000001@fastran_driver@2|FRAMEWORK@Framework@0|348,status=0, args=(None,), message_id=RESPONSE|FRAMEWORK@Framework@0|fastran_000001@fastran_driver@2|2990)
2025-09-09 16:37:28,569 fastran_driver_fastran_driver_2 DEBUG    _invoke_service(): stage_state  (['s000001.00001', 'g000001.00001', 'i000001.00001', 'b000001.00001'], '/pscratch/sd/b/bassem/ips/tglf-ep_32_repeat/SCAN/work/plasma_state', '/pscratch/sd/b/bassem/ips/tglf-ep_32_repeat/SCAN/work/fastran_driver_fastran_driver_2')
2025-09-09 16:37:28,569 fastran_driver_fastran_driver_2 DEBUG    _get_service_response(REQUEST|fastran_000001@fastran_driver@2|FRAMEWORK@Framework@0|349)
2025-09-09 16:37:28,593 fastran_driver_fastran_driver_2 DEBUG    _get_service_response(REQUEST|fastran_000001@fastran_driver@2|FRAMEWORK@Framework@0|349), response = ServiceResponseMessage(sender_id=FRAMEWORK@Framework@0, receiver_id=fastran_000001@fastran_driver@2, request_msg_id=REQUEST|fastran_000001@fastran_driver@2|FRAMEWORK@Framework@0|349,status=0, args=(0,), message_id=RESPONSE|FRAMEWORK@Framework@0|fastran_000001@fastran_driver@2|2991)
2025-09-09 16:37:28,593 fastran_driver_fastran_driver_2 DEBUG    _invoke_service(): getTopic  ('_IPS_MONITOR',)
2025-09-09 16:37:28,593 fastran_driver_fastran_driver_2 DEBUG    _get_service_response(REQUEST|fastran_000001@fastran_driver@2|FRAMEWORK@Framework@0|350)
2025-09-09 16:37:28,603 fastran_driver_fastran_driver_2 DEBUG    _get_service_response(REQUEST|fastran_000001@fastran_driver@2|FRAMEWORK@Framework@0|350), response = ServiceResponseMessage(sender_id=FRAMEWORK@Framework@0, receiver_id=fastran_000001@fastran_driver@2, request_msg_id=REQUEST|fastran_000001@fastran_driver@2|FRAMEWORK@Framework@0|350,status=0, args=(<ipsframework.cca_es_spec.Topic object at 0x7f87c63e03d0>,), message_id=RESPONSE|FRAMEWORK@Framework@0|fastran_000001@fastran_driver@2|2992)
2025-09-09 16:37:28,603 fastran_driver_fastran_driver_2 DEBUG    _invoke_service(): sendEvent  ('_IPS_MONITOR', 'PORTAL_EVENT', {'sim_name': 'fastran_000001', 'real_sim_name': 'fastran_000001', 'portal_data': {'code': 'fastran_driver_fastran_driver', 'eventtype': 'IPS_STAGE_STATE', 'ok': True, 'walltime': '1080.67', 'time': '2025-09-09|16:37:28PDT', 'trace': {'timestamp': 1757461048569203, 'duration': 23906, 'localEndpoint': {'serviceName': 'stage_state'}, 'name': "['s000001.00001', 'g000001.00001', 'i000001.00001', 'b000001.00001']", 'id': 'ff3119918b5e7670', 'parentId': '15e0663de819b9fa', 'tags': {}}, 'state': 'Running', 'comment': 'Elapsed time = 0.024  files = s000001.00001 g000001.00001 i000001.00001 b000001.00001 Success'}})
2025-09-09 16:37:28,603 fastran_driver_fastran_driver_2 DEBUG    _get_service_response(REQUEST|fastran_000001@fastran_driver@2|FRAMEWORK@Framework@0|351)
2025-09-09 16:37:28,614 fastran_driver_fastran_driver_2 DEBUG    _get_service_response(REQUEST|fastran_000001@fastran_driver@2|FRAMEWORK@Framework@0|351), response = ServiceResponseMessage(sender_id=FRAMEWORK@Framework@0, receiver_id=fastran_000001@fastran_driver@2, request_msg_id=REQUEST|fastran_000001@fastran_driver@2|FRAMEWORK@Framework@0|351,status=0, args=(None,), message_id=RESPONSE|FRAMEWORK@Framework@0|fastran_000001@fastran_driver@2|2993)
2025-09-09 16:37:28,615 fastran_driver_fastran_driver_2 DEBUG    _invoke_service(): getTopic  ('_IPS_MONITOR',)
2025-09-09 16:37:28,615 fastran_driver_fastran_driver_2 DEBUG    _get_service_response(REQUEST|fastran_000001@fastran_driver@2|FRAMEWORK@Framework@0|352)
2025-09-09 16:37:28,626 fastran_driver_fastran_driver_2 DEBUG    _get_service_response(REQUEST|fastran_000001@fastran_driver@2|FRAMEWORK@Framework@0|352), response = ServiceResponseMessage(sender_id=FRAMEWORK@Framework@0, receiver_id=fastran_000001@fastran_driver@2, request_msg_id=REQUEST|fastran_000001@fastran_driver@2|FRAMEWORK@Framework@0|352,status=0, args=(<ipsframework.cca_es_spec.Topic object at 0x7f87c63e0460>,), message_id=RESPONSE|FRAMEWORK@Framework@0|fastran_000001@fastran_driver@2|2994)
2025-09-09 16:37:28,626 fastran_driver_fastran_driver_2 DEBUG    _invoke_service(): sendEvent  ('_IPS_MONITOR', 'PORTAL_EVENT', {'sim_name': 'fastran_000001', 'real_sim_name': 'fastran_000001', 'portal_data': {'code': 'fastran_driver_fastran_driver', 'eventtype': 'IPS_STAGE_OUTPUTS', 'ok': True, 'walltime': '1080.69', 'time': '2025-09-09|16:37:28PDT', 'trace': {'timestamp': 1757461048614581, 'duration': 1238, 'localEndpoint': {'serviceName': 'stage_output_files'}, 'name': '[]', 'id': 'ed019efe11be26d9', 'parentId': '15e0663de819b9fa', 'tags': {}}, 'state': 'Running', 'comment': 'Elapsed time = 0.001 Path = /pscratch/sd/b/bassem/ips/tglf-ep_32_repeat/SCAN/simulation_results/0/components/fastran_driver_fastran_driver_2 Files = []'}})
2025-09-09 16:37:28,626 fastran_driver_fastran_driver_2 DEBUG    _get_service_response(REQUEST|fastran_000001@fastran_driver@2|FRAMEWORK@Framework@0|353)
2025-09-09 16:37:28,637 fastran_driver_fastran_driver_2 DEBUG    _get_service_response(REQUEST|fastran_000001@fastran_driver@2|FRAMEWORK@Framework@0|353), response = ServiceResponseMessage(sender_id=FRAMEWORK@Framework@0, receiver_id=fastran_000001@fastran_driver@2, request_msg_id=REQUEST|fastran_000001@fastran_driver@2|FRAMEWORK@Framework@0|353,status=0, args=(None,), message_id=RESPONSE|FRAMEWORK@Framework@0|fastran_000001@fastran_driver@2|2995)
2025-09-09 16:37:28,637 fastran_driver_fastran_driver_2 DEBUG    _invoke_service(): getTopic  ('_IPS_MONITOR',)
2025-09-09 16:37:28,637 fastran_driver_fastran_driver_2 DEBUG    _get_service_response(REQUEST|fastran_000001@fastran_driver@2|FRAMEWORK@Framework@0|354)
2025-09-09 16:37:28,648 fastran_driver_fastran_driver_2 DEBUG    _get_service_response(REQUEST|fastran_000001@fastran_driver@2|FRAMEWORK@Framework@0|354), response = ServiceResponseMessage(sender_id=FRAMEWORK@Framework@0, receiver_id=fastran_000001@fastran_driver@2, request_msg_id=REQUEST|fastran_000001@fastran_driver@2|FRAMEWORK@Framework@0|354,status=0, args=(<ipsframework.cca_es_spec.Topic object at 0x7f87c63e0430>,), message_id=RESPONSE|FRAMEWORK@Framework@0|fastran_000001@fastran_driver@2|2996)
2025-09-09 16:37:28,648 fastran_driver_fastran_driver_2 DEBUG    _invoke_service(): sendEvent  ('_IPS_MONITOR', 'PORTAL_EVENT', {'sim_name': 'fastran_000001', 'real_sim_name': 'fastran_000001', 'portal_data': {'code': 'fastran_driver_fastran_driver', 'eventtype': 'IPS_CALL_BEGIN', 'ok': True, 'walltime': '1080.71', 'time': '2025-09-09|16:37:28PDT', 'state': 'Running', 'comment': 'Target = fastran_000001@efit@3:finalize(0)'}})
2025-09-09 16:37:28,648 fastran_driver_fastran_driver_2 DEBUG    _get_service_response(REQUEST|fastran_000001@fastran_driver@2|FRAMEWORK@Framework@0|355)
2025-09-09 16:37:28,659 fastran_driver_fastran_driver_2 DEBUG    _get_service_response(REQUEST|fastran_000001@fastran_driver@2|FRAMEWORK@Framework@0|355), response = ServiceResponseMessage(sender_id=FRAMEWORK@Framework@0, receiver_id=fastran_000001@fastran_driver@2, request_msg_id=REQUEST|fastran_000001@fastran_driver@2|FRAMEWORK@Framework@0|355,status=0, args=(None,), message_id=RESPONSE|FRAMEWORK@Framework@0|fastran_000001@fastran_driver@2|2997)
2025-09-09 16:37:28,659 fastran_driver_fastran_driver_2 DEBUG    _invoke_service(): init_call  ('finalize', 0)
2025-09-09 16:37:28,659 fastran_driver_fastran_driver_2 DEBUG    _get_service_response(REQUEST|fastran_000001@fastran_driver@2|FRAMEWORK@Framework@0|356)
2025-09-09 16:37:28,660 fastran_eq0_efit_3 DEBUG    Received Message 
2025-09-09 16:37:28,660 fastran_eq0_efit_3 DEBUG    Calling method finalize(0)
2025-09-09 16:37:28,670 fastran_driver_fastran_driver_2 DEBUG    _get_service_response(REQUEST|fastran_000001@fastran_driver@2|FRAMEWORK@Framework@0|356), response = ServiceResponseMessage(sender_id=FRAMEWORK@Framework@0, receiver_id=fastran_000001@fastran_driver@2, request_msg_id=REQUEST|fastran_000001@fastran_driver@2|FRAMEWORK@Framework@0|356,status=0, args=(59,), message_id=RESPONSE|FRAMEWORK@Framework@0|fastran_000001@fastran_driver@2|2998)
2025-09-09 16:37:28,670 fastran_driver_fastran_driver_2 DEBUG    _invoke_service(): wait_call  (59, True)
2025-09-09 16:37:28,670 fastran_driver_fastran_driver_2 DEBUG    _get_service_response(REQUEST|fastran_000001@fastran_driver@2|FRAMEWORK@Framework@0|357)
2025-09-09 16:37:28,681 fastran_driver_fastran_driver_2 DEBUG    _get_service_response(REQUEST|fastran_000001@fastran_driver@2|FRAMEWORK@Framework@0|357), response = ServiceResponseMessage(sender_id=FRAMEWORK@Framework@0, receiver_id=fastran_000001@fastran_driver@2, request_msg_id=REQUEST|fastran_000001@fastran_driver@2|FRAMEWORK@Framework@0|357,status=0, args=((None,),), message_id=RESPONSE|FRAMEWORK@Framework@0|fastran_000001@fastran_driver@2|2999)
2025-09-09 16:37:28,681 fastran_driver_fastran_driver_2 DEBUG    _invoke_service(): getTopic  ('_IPS_MONITOR',)
2025-09-09 16:37:28,681 fastran_driver_fastran_driver_2 DEBUG    _get_service_response(REQUEST|fastran_000001@fastran_driver@2|FRAMEWORK@Framework@0|358)
2025-09-09 16:37:28,692 fastran_driver_fastran_driver_2 DEBUG    _get_service_response(REQUEST|fastran_000001@fastran_driver@2|FRAMEWORK@Framework@0|358), response = ServiceResponseMessage(sender_id=FRAMEWORK@Framework@0, receiver_id=fastran_000001@fastran_driver@2, request_msg_id=REQUEST|fastran_000001@fastran_driver@2|FRAMEWORK@Framework@0|358,status=0, args=(<ipsframework.cca_es_spec.Topic object at 0x7f87c63e02e0>,), message_id=RESPONSE|FRAMEWORK@Framework@0|fastran_000001@fastran_driver@2|3000)
2025-09-09 16:37:28,692 fastran_driver_fastran_driver_2 DEBUG    _invoke_service(): sendEvent  ('_IPS_MONITOR', 'PORTAL_EVENT', {'sim_name': 'fastran_000001', 'real_sim_name': 'fastran_000001', 'portal_data': {'code': 'fastran_driver_fastran_driver', 'eventtype': 'IPS_CALL_END', 'ok': True, 'walltime': '1080.76', 'time': '2025-09-09|16:37:28PDT', 'trace': {'timestamp': 1757461048670676, 'duration': 10717, 'localEndpoint': {'serviceName': 'fastran_000001@efit@3'}, 'name': 'finalize(0)', 'id': '00cb3144573ba051', 'parentId': '15e0663de819b9fa', 'tags': {}}, 'state': 'Running', 'comment': 'Target = fastran_000001@efit@3:finalize(0)'}})
2025-09-09 16:37:28,692 fastran_driver_fastran_driver_2 DEBUG    _get_service_response(REQUEST|fastran_000001@fastran_driver@2|FRAMEWORK@Framework@0|359)
2025-09-09 16:37:28,703 fastran_driver_fastran_driver_2 DEBUG    _get_service_response(REQUEST|fastran_000001@fastran_driver@2|FRAMEWORK@Framework@0|359), response = ServiceResponseMessage(sender_id=FRAMEWORK@Framework@0, receiver_id=fastran_000001@fastran_driver@2, request_msg_id=REQUEST|fastran_000001@fastran_driver@2|FRAMEWORK@Framework@0|359,status=0, args=(None,), message_id=RESPONSE|FRAMEWORK@Framework@0|fastran_000001@fastran_driver@2|3001)
2025-09-09 16:37:28,703 fastran_driver_fastran_driver_2 DEBUG    _invoke_service(): getTopic  ('_IPS_MONITOR',)
2025-09-09 16:37:28,703 fastran_driver_fastran_driver_2 DEBUG    _get_service_response(REQUEST|fastran_000001@fastran_driver@2|FRAMEWORK@Framework@0|360)
2025-09-09 16:37:28,714 fastran_driver_fastran_driver_2 DEBUG    _get_service_response(REQUEST|fastran_000001@fastran_driver@2|FRAMEWORK@Framework@0|360), response = ServiceResponseMessage(sender_id=FRAMEWORK@Framework@0, receiver_id=fastran_000001@fastran_driver@2, request_msg_id=REQUEST|fastran_000001@fastran_driver@2|FRAMEWORK@Framework@0|360,status=0, args=(<ipsframework.cca_es_spec.Topic object at 0x7f87c63e0400>,), message_id=RESPONSE|FRAMEWORK@Framework@0|fastran_000001@fastran_driver@2|3002)
2025-09-09 16:37:28,714 fastran_driver_fastran_driver_2 DEBUG    _invoke_service(): sendEvent  ('_IPS_MONITOR', 'PORTAL_EVENT', {'sim_name': 'fastran_000001', 'real_sim_name': 'fastran_000001', 'portal_data': {'code': 'fastran_driver_fastran_driver', 'eventtype': 'IPS_CALL_BEGIN', 'ok': True, 'walltime': '1080.78', 'time': '2025-09-09|16:37:28PDT', 'state': 'Running', 'comment': 'Target = fastran_000001@hcd_model@4:finalize(0)'}})
2025-09-09 16:37:28,714 fastran_driver_fastran_driver_2 DEBUG    _get_service_response(REQUEST|fastran_000001@fastran_driver@2|FRAMEWORK@Framework@0|361)
2025-09-09 16:37:28,725 fastran_driver_fastran_driver_2 DEBUG    _get_service_response(REQUEST|fastran_000001@fastran_driver@2|FRAMEWORK@Framework@0|361), response = ServiceResponseMessage(sender_id=FRAMEWORK@Framework@0, receiver_id=fastran_000001@fastran_driver@2, request_msg_id=REQUEST|fastran_000001@fastran_driver@2|FRAMEWORK@Framework@0|361,status=0, args=(None,), message_id=RESPONSE|FRAMEWORK@Framework@0|fastran_000001@fastran_driver@2|3003)
2025-09-09 16:37:28,725 fastran_driver_fastran_driver_2 DEBUG    _invoke_service(): init_call  ('finalize', 0)
2025-09-09 16:37:28,725 fastran_driver_fastran_driver_2 DEBUG    _get_service_response(REQUEST|fastran_000001@fastran_driver@2|FRAMEWORK@Framework@0|362)
2025-09-09 16:37:28,726 fastran_ic_hcd_model_4 DEBUG    Received Message 
2025-09-09 16:37:28,726 fastran_ic_hcd_model_4 DEBUG    Calling method finalize(0)
2025-09-09 16:37:28,736 fastran_driver_fastran_driver_2 DEBUG    _get_service_response(REQUEST|fastran_000001@fastran_driver@2|FRAMEWORK@Framework@0|362), response = ServiceResponseMessage(sender_id=FRAMEWORK@Framework@0, receiver_id=fastran_000001@fastran_driver@2, request_msg_id=REQUEST|fastran_000001@fastran_driver@2|FRAMEWORK@Framework@0|362,status=0, args=(60,), message_id=RESPONSE|FRAMEWORK@Framework@0|fastran_000001@fastran_driver@2|3004)
2025-09-09 16:37:28,737 fastran_driver_fastran_driver_2 DEBUG    _invoke_service(): wait_call  (60, True)
2025-09-09 16:37:28,737 fastran_driver_fastran_driver_2 DEBUG    _get_service_response(REQUEST|fastran_000001@fastran_driver@2|FRAMEWORK@Framework@0|363)
2025-09-09 16:37:28,747 fastran_driver_fastran_driver_2 DEBUG    _get_service_response(REQUEST|fastran_000001@fastran_driver@2|FRAMEWORK@Framework@0|363), response = ServiceResponseMessage(sender_id=FRAMEWORK@Framework@0, receiver_id=fastran_000001@fastran_driver@2, request_msg_id=REQUEST|fastran_000001@fastran_driver@2|FRAMEWORK@Framework@0|363,status=0, args=((None,),), message_id=RESPONSE|FRAMEWORK@Framework@0|fastran_000001@fastran_driver@2|3005)
2025-09-09 16:37:28,748 fastran_driver_fastran_driver_2 DEBUG    _invoke_service(): getTopic  ('_IPS_MONITOR',)
2025-09-09 16:37:28,748 fastran_driver_fastran_driver_2 DEBUG    _get_service_response(REQUEST|fastran_000001@fastran_driver@2|FRAMEWORK@Framework@0|364)
2025-09-09 16:37:28,759 fastran_driver_fastran_driver_2 DEBUG    _get_service_response(REQUEST|fastran_000001@fastran_driver@2|FRAMEWORK@Framework@0|364), response = ServiceResponseMessage(sender_id=FRAMEWORK@Framework@0, receiver_id=fastran_000001@fastran_driver@2, request_msg_id=REQUEST|fastran_000001@fastran_driver@2|FRAMEWORK@Framework@0|364,status=0, args=(<ipsframework.cca_es_spec.Topic object at 0x7f87c63e0430>,), message_id=RESPONSE|FRAMEWORK@Framework@0|fastran_000001@fastran_driver@2|3007)
2025-09-09 16:37:28,759 fastran_driver_fastran_driver_2 DEBUG    _invoke_service(): sendEvent  ('_IPS_MONITOR', 'PORTAL_EVENT', {'sim_name': 'fastran_000001', 'real_sim_name': 'fastran_000001', 'portal_data': {'code': 'fastran_driver_fastran_driver', 'eventtype': 'IPS_CALL_END', 'ok': True, 'walltime': '1080.82', 'time': '2025-09-09|16:37:28PDT', 'trace': {'timestamp': 1757461048737062, 'duration': 11003, 'localEndpoint': {'serviceName': 'fastran_000001@hcd_model@4'}, 'name': 'finalize(0)', 'id': '53e4026de6790f0f', 'parentId': '15e0663de819b9fa', 'tags': {}}, 'state': 'Running', 'comment': 'Target = fastran_000001@hcd_model@4:finalize(0)'}})
2025-09-09 16:37:28,759 fastran_driver_fastran_driver_2 DEBUG    _get_service_response(REQUEST|fastran_000001@fastran_driver@2|FRAMEWORK@Framework@0|365)
2025-09-09 16:37:28,770 fastran_driver_fastran_driver_2 DEBUG    _get_service_response(REQUEST|fastran_000001@fastran_driver@2|FRAMEWORK@Framework@0|365), response = ServiceResponseMessage(sender_id=FRAMEWORK@Framework@0, receiver_id=fastran_000001@fastran_driver@2, request_msg_id=REQUEST|fastran_000001@fastran_driver@2|FRAMEWORK@Framework@0|365,status=0, args=(None,), message_id=RESPONSE|FRAMEWORK@Framework@0|fastran_000001@fastran_driver@2|3008)
2025-09-09 16:37:28,770 fastran_driver_fastran_driver_2 DEBUG    _invoke_service(): getTopic  ('_IPS_MONITOR',)
2025-09-09 16:37:28,770 fastran_driver_fastran_driver_2 DEBUG    _get_service_response(REQUEST|fastran_000001@fastran_driver@2|FRAMEWORK@Framework@0|366)
2025-09-09 16:37:28,781 fastran_driver_fastran_driver_2 DEBUG    _get_service_response(REQUEST|fastran_000001@fastran_driver@2|FRAMEWORK@Framework@0|366), response = ServiceResponseMessage(sender_id=FRAMEWORK@Framework@0, receiver_id=fastran_000001@fastran_driver@2, request_msg_id=REQUEST|fastran_000001@fastran_driver@2|FRAMEWORK@Framework@0|366,status=0, args=(<ipsframework.cca_es_spec.Topic object at 0x7f87c63e0460>,), message_id=RESPONSE|FRAMEWORK@Framework@0|fastran_000001@fastran_driver@2|3009)
2025-09-09 16:37:28,781 fastran_driver_fastran_driver_2 DEBUG    _invoke_service(): sendEvent  ('_IPS_MONITOR', 'PORTAL_EVENT', {'sim_name': 'fastran_000001', 'real_sim_name': 'fastran_000001', 'portal_data': {'code': 'fastran_driver_fastran_driver', 'eventtype': 'IPS_CALL_BEGIN', 'ok': True, 'walltime': '1080.85', 'time': '2025-09-09|16:37:28PDT', 'state': 'Running', 'comment': 'Target = fastran_000001@fastran@5:finalize(0)'}})
2025-09-09 16:37:28,781 fastran_driver_fastran_driver_2 DEBUG    _get_service_response(REQUEST|fastran_000001@fastran_driver@2|FRAMEWORK@Framework@0|367)
2025-09-09 16:37:28,792 fastran_driver_fastran_driver_2 DEBUG    _get_service_response(REQUEST|fastran_000001@fastran_driver@2|FRAMEWORK@Framework@0|367), response = ServiceResponseMessage(sender_id=FRAMEWORK@Framework@0, receiver_id=fastran_000001@fastran_driver@2, request_msg_id=REQUEST|fastran_000001@fastran_driver@2|FRAMEWORK@Framework@0|367,status=0, args=(None,), message_id=RESPONSE|FRAMEWORK@Framework@0|fastran_000001@fastran_driver@2|3010)
2025-09-09 16:37:28,792 fastran_driver_fastran_driver_2 DEBUG    _invoke_service(): init_call  ('finalize', 0)
2025-09-09 16:37:28,792 fastran_driver_fastran_driver_2 DEBUG    _get_service_response(REQUEST|fastran_000001@fastran_driver@2|FRAMEWORK@Framework@0|368)
2025-09-09 16:37:28,793 fastran_tr0_fastran_5 DEBUG    Received Message 
2025-09-09 16:37:28,793 fastran_tr0_fastran_5 DEBUG    Calling method finalize(0)
2025-09-09 16:37:28,803 fastran_driver_fastran_driver_2 DEBUG    _get_service_response(REQUEST|fastran_000001@fastran_driver@2|FRAMEWORK@Framework@0|368), response = ServiceResponseMessage(sender_id=FRAMEWORK@Framework@0, receiver_id=fastran_000001@fastran_driver@2, request_msg_id=REQUEST|fastran_000001@fastran_driver@2|FRAMEWORK@Framework@0|368,status=0, args=(61,), message_id=RESPONSE|FRAMEWORK@Framework@0|fastran_000001@fastran_driver@2|3011)
2025-09-09 16:37:28,803 fastran_driver_fastran_driver_2 DEBUG    _invoke_service(): wait_call  (61, True)
2025-09-09 16:37:28,803 fastran_driver_fastran_driver_2 DEBUG    _get_service_response(REQUEST|fastran_000001@fastran_driver@2|FRAMEWORK@Framework@0|369)
2025-09-09 16:37:28,813 fastran_driver_fastran_driver_2 DEBUG    _get_service_response(REQUEST|fastran_000001@fastran_driver@2|FRAMEWORK@Framework@0|369), response = ServiceResponseMessage(sender_id=FRAMEWORK@Framework@0, receiver_id=fastran_000001@fastran_driver@2, request_msg_id=REQUEST|fastran_000001@fastran_driver@2|FRAMEWORK@Framework@0|369,status=0, args=((None,),), message_id=RESPONSE|FRAMEWORK@Framework@0|fastran_000001@fastran_driver@2|3012)
2025-09-09 16:37:28,814 fastran_driver_fastran_driver_2 DEBUG    _invoke_service(): getTopic  ('_IPS_MONITOR',)
2025-09-09 16:37:28,814 fastran_driver_fastran_driver_2 DEBUG    _get_service_response(REQUEST|fastran_000001@fastran_driver@2|FRAMEWORK@Framework@0|370)
2025-09-09 16:37:28,824 fastran_driver_fastran_driver_2 DEBUG    _get_service_response(REQUEST|fastran_000001@fastran_driver@2|FRAMEWORK@Framework@0|370), response = ServiceResponseMessage(sender_id=FRAMEWORK@Framework@0, receiver_id=fastran_000001@fastran_driver@2, request_msg_id=REQUEST|fastran_000001@fastran_driver@2|FRAMEWORK@Framework@0|370,status=0, args=(<ipsframework.cca_es_spec.Topic object at 0x7f87c63e0400>,), message_id=RESPONSE|FRAMEWORK@Framework@0|fastran_000001@fastran_driver@2|3013)
2025-09-09 16:37:28,824 fastran_driver_fastran_driver_2 DEBUG    _invoke_service(): sendEvent  ('_IPS_MONITOR', 'PORTAL_EVENT', {'sim_name': 'fastran_000001', 'real_sim_name': 'fastran_000001', 'portal_data': {'code': 'fastran_driver_fastran_driver', 'eventtype': 'IPS_CALL_END', 'ok': True, 'walltime': '1080.89', 'time': '2025-09-09|16:37:28PDT', 'trace': {'timestamp': 1757461048803172, 'duration': 10836, 'localEndpoint': {'serviceName': 'fastran_000001@fastran@5'}, 'name': 'finalize(0)', 'id': 'f02c525119d92c5d', 'parentId': '15e0663de819b9fa', 'tags': {}}, 'state': 'Running', 'comment': 'Target = fastran_000001@fastran@5:finalize(0)'}})
2025-09-09 16:37:28,825 fastran_driver_fastran_driver_2 DEBUG    _get_service_response(REQUEST|fastran_000001@fastran_driver@2|FRAMEWORK@Framework@0|371)
2025-09-09 16:37:28,835 fastran_driver_fastran_driver_2 DEBUG    _get_service_response(REQUEST|fastran_000001@fastran_driver@2|FRAMEWORK@Framework@0|371), response = ServiceResponseMessage(sender_id=FRAMEWORK@Framework@0, receiver_id=fastran_000001@fastran_driver@2, request_msg_id=REQUEST|fastran_000001@fastran_driver@2|FRAMEWORK@Framework@0|371,status=0, args=(None,), message_id=RESPONSE|FRAMEWORK@Framework@0|fastran_000001@fastran_driver@2|3014)
2025-09-09 16:37:28,836 fastran_driver_fastran_driver_2 DEBUG    _invoke_service(): getTopic  ('_IPS_MONITOR',)
2025-09-09 16:37:28,836 fastran_driver_fastran_driver_2 DEBUG    _get_service_response(REQUEST|fastran_000001@fastran_driver@2|FRAMEWORK@Framework@0|372)
2025-09-09 16:37:28,846 fastran_driver_fastran_driver_2 DEBUG    _get_service_response(REQUEST|fastran_000001@fastran_driver@2|FRAMEWORK@Framework@0|372), response = ServiceResponseMessage(sender_id=FRAMEWORK@Framework@0, receiver_id=fastran_000001@fastran_driver@2, request_msg_id=REQUEST|fastran_000001@fastran_driver@2|FRAMEWORK@Framework@0|372,status=0, args=(<ipsframework.cca_es_spec.Topic object at 0x7f87c63e02e0>,), message_id=RESPONSE|FRAMEWORK@Framework@0|fastran_000001@fastran_driver@2|3015)
2025-09-09 16:37:28,847 fastran_driver_fastran_driver_2 DEBUG    _invoke_service(): sendEvent  ('_IPS_MONITOR', 'PORTAL_EVENT', {'sim_name': 'fastran_000001', 'real_sim_name': 'fastran_000001', 'portal_data': {'code': 'fastran_driver_fastran_driver', 'eventtype': 'IPS_CALL_BEGIN', 'ok': True, 'walltime': '1080.91', 'time': '2025-09-09|16:37:28PDT', 'state': 'Running', 'comment': 'Target = fastran_000001@modeleq_constraint@6:finalize(0)'}})
2025-09-09 16:37:28,847 fastran_driver_fastran_driver_2 DEBUG    _get_service_response(REQUEST|fastran_000001@fastran_driver@2|FRAMEWORK@Framework@0|373)
2025-09-09 16:37:28,857 fastran_driver_fastran_driver_2 DEBUG    _get_service_response(REQUEST|fastran_000001@fastran_driver@2|FRAMEWORK@Framework@0|373), response = ServiceResponseMessage(sender_id=FRAMEWORK@Framework@0, receiver_id=fastran_000001@fastran_driver@2, request_msg_id=REQUEST|fastran_000001@fastran_driver@2|FRAMEWORK@Framework@0|373,status=0, args=(None,), message_id=RESPONSE|FRAMEWORK@Framework@0|fastran_000001@fastran_driver@2|3016)
2025-09-09 16:37:28,858 fastran_driver_fastran_driver_2 DEBUG    _invoke_service(): init_call  ('finalize', 0)
2025-09-09 16:37:28,858 fastran_driver_fastran_driver_2 DEBUG    _get_service_response(REQUEST|fastran_000001@fastran_driver@2|FRAMEWORK@Framework@0|374)
2025-09-09 16:37:28,858 fastran__modeleq_constraint_6 DEBUG    Received Message 
2025-09-09 16:37:28,859 fastran__modeleq_constraint_6 DEBUG    Calling method finalize(0)
2025-09-09 16:37:28,859 fastran__modeleq_constraint_6 DEBUG    finalize() method called
2025-09-09 16:37:28,869 fastran_driver_fastran_driver_2 DEBUG    _get_service_response(REQUEST|fastran_000001@fastran_driver@2|FRAMEWORK@Framework@0|374), response = ServiceResponseMessage(sender_id=FRAMEWORK@Framework@0, receiver_id=fastran_000001@fastran_driver@2, request_msg_id=REQUEST|fastran_000001@fastran_driver@2|FRAMEWORK@Framework@0|374,status=0, args=(62,), message_id=RESPONSE|FRAMEWORK@Framework@0|fastran_000001@fastran_driver@2|3017)
2025-09-09 16:37:28,869 fastran_driver_fastran_driver_2 DEBUG    _invoke_service(): wait_call  (62, True)
2025-09-09 16:37:28,869 fastran_driver_fastran_driver_2 DEBUG    _get_service_response(REQUEST|fastran_000001@fastran_driver@2|FRAMEWORK@Framework@0|375)
2025-09-09 16:37:28,880 fastran_driver_fastran_driver_2 DEBUG    _get_service_response(REQUEST|fastran_000001@fastran_driver@2|FRAMEWORK@Framework@0|375), response = ServiceResponseMessage(sender_id=FRAMEWORK@Framework@0, receiver_id=fastran_000001@fastran_driver@2, request_msg_id=REQUEST|fastran_000001@fastran_driver@2|FRAMEWORK@Framework@0|375,status=0, args=((None,),), message_id=RESPONSE|FRAMEWORK@Framework@0|fastran_000001@fastran_driver@2|3018)
2025-09-09 16:37:28,880 fastran_driver_fastran_driver_2 DEBUG    _invoke_service(): getTopic  ('_IPS_MONITOR',)
2025-09-09 16:37:28,880 fastran_driver_fastran_driver_2 DEBUG    _get_service_response(REQUEST|fastran_000001@fastran_driver@2|FRAMEWORK@Framework@0|376)
2025-09-09 16:37:28,891 fastran_driver_fastran_driver_2 DEBUG    _get_service_response(REQUEST|fastran_000001@fastran_driver@2|FRAMEWORK@Framework@0|376), response = ServiceResponseMessage(sender_id=FRAMEWORK@Framework@0, receiver_id=fastran_000001@fastran_driver@2, request_msg_id=REQUEST|fastran_000001@fastran_driver@2|FRAMEWORK@Framework@0|376,status=0, args=(<ipsframework.cca_es_spec.Topic object at 0x7f87c63e0460>,), message_id=RESPONSE|FRAMEWORK@Framework@0|fastran_000001@fastran_driver@2|3019)
2025-09-09 16:37:28,891 fastran_driver_fastran_driver_2 DEBUG    _invoke_service(): sendEvent  ('_IPS_MONITOR', 'PORTAL_EVENT', {'sim_name': 'fastran_000001', 'real_sim_name': 'fastran_000001', 'portal_data': {'code': 'fastran_driver_fastran_driver', 'eventtype': 'IPS_CALL_END', 'ok': True, 'walltime': '1080.96', 'time': '2025-09-09|16:37:28PDT', 'trace': {'timestamp': 1757461048869107, 'duration': 11110, 'localEndpoint': {'serviceName': 'fastran_000001@modeleq_constraint@6'}, 'name': 'finalize(0)', 'id': '7e6b85c9574dab6b', 'parentId': '15e0663de819b9fa', 'tags': {}}, 'state': 'Running', 'comment': 'Target = fastran_000001@modeleq_constraint@6:finalize(0)'}})
2025-09-09 16:37:28,891 fastran_driver_fastran_driver_2 DEBUG    _get_service_response(REQUEST|fastran_000001@fastran_driver@2|FRAMEWORK@Framework@0|377)
2025-09-09 16:37:28,902 fastran_driver_fastran_driver_2 DEBUG    _get_service_response(REQUEST|fastran_000001@fastran_driver@2|FRAMEWORK@Framework@0|377), response = ServiceResponseMessage(sender_id=FRAMEWORK@Framework@0, receiver_id=fastran_000001@fastran_driver@2, request_msg_id=REQUEST|fastran_000001@fastran_driver@2|FRAMEWORK@Framework@0|377,status=0, args=(None,), message_id=RESPONSE|FRAMEWORK@Framework@0|fastran_000001@fastran_driver@2|3020)
2025-09-09 16:37:28,902 fastran_driver_fastran_driver_2 DEBUG    _invoke_service(): getTopic  ('_IPS_MONITOR',)
2025-09-09 16:37:28,902 fastran_driver_fastran_driver_2 DEBUG    _get_service_response(REQUEST|fastran_000001@fastran_driver@2|FRAMEWORK@Framework@0|378)
2025-09-09 16:37:28,913 fastran_driver_fastran_driver_2 DEBUG    _get_service_response(REQUEST|fastran_000001@fastran_driver@2|FRAMEWORK@Framework@0|378), response = ServiceResponseMessage(sender_id=FRAMEWORK@Framework@0, receiver_id=fastran_000001@fastran_driver@2, request_msg_id=REQUEST|fastran_000001@fastran_driver@2|FRAMEWORK@Framework@0|378,status=0, args=(<ipsframework.cca_es_spec.Topic object at 0x7f87c63e0430>,), message_id=RESPONSE|FRAMEWORK@Framework@0|fastran_000001@fastran_driver@2|3021)
2025-09-09 16:37:28,913 fastran_driver_fastran_driver_2 DEBUG    _invoke_service(): sendEvent  ('_IPS_MONITOR', 'PORTAL_EVENT', {'sim_name': 'fastran_000001', 'real_sim_name': 'fastran_000001', 'portal_data': {'code': 'fastran_driver_fastran_driver', 'eventtype': 'IPS_CALL_BEGIN', 'ok': True, 'walltime': '1080.98', 'time': '2025-09-09|16:37:28PDT', 'state': 'Running', 'comment': 'Target = fastran_000001@nubeam@7:finalize(0)'}})
2025-09-09 16:37:28,913 fastran_driver_fastran_driver_2 DEBUG    _get_service_response(REQUEST|fastran_000001@fastran_driver@2|FRAMEWORK@Framework@0|379)
2025-09-09 16:37:28,924 fastran_driver_fastran_driver_2 DEBUG    _get_service_response(REQUEST|fastran_000001@fastran_driver@2|FRAMEWORK@Framework@0|379), response = ServiceResponseMessage(sender_id=FRAMEWORK@Framework@0, receiver_id=fastran_000001@fastran_driver@2, request_msg_id=REQUEST|fastran_000001@fastran_driver@2|FRAMEWORK@Framework@0|379,status=0, args=(None,), message_id=RESPONSE|FRAMEWORK@Framework@0|fastran_000001@fastran_driver@2|3022)
2025-09-09 16:37:28,924 fastran_driver_fastran_driver_2 DEBUG    _invoke_service(): init_call  ('finalize', 0)
2025-09-09 16:37:28,924 fastran_driver_fastran_driver_2 DEBUG    _get_service_response(REQUEST|fastran_000001@fastran_driver@2|FRAMEWORK@Framework@0|380)
2025-09-09 16:37:28,925 fastran_nb_nubeam_7 DEBUG    Received Message 
2025-09-09 16:37:28,925 fastran_nb_nubeam_7 DEBUG    Calling method finalize(0)
2025-09-09 16:37:28,935 fastran_driver_fastran_driver_2 DEBUG    _get_service_response(REQUEST|fastran_000001@fastran_driver@2|FRAMEWORK@Framework@0|380), response = ServiceResponseMessage(sender_id=FRAMEWORK@Framework@0, receiver_id=fastran_000001@fastran_driver@2, request_msg_id=REQUEST|fastran_000001@fastran_driver@2|FRAMEWORK@Framework@0|380,status=0, args=(63,), message_id=RESPONSE|FRAMEWORK@Framework@0|fastran_000001@fastran_driver@2|3023)
2025-09-09 16:37:28,935 fastran_driver_fastran_driver_2 DEBUG    _invoke_service(): wait_call  (63, True)
2025-09-09 16:37:28,935 fastran_driver_fastran_driver_2 DEBUG    _get_service_response(REQUEST|fastran_000001@fastran_driver@2|FRAMEWORK@Framework@0|381)
2025-09-09 16:37:28,946 fastran_driver_fastran_driver_2 DEBUG    _get_service_response(REQUEST|fastran_000001@fastran_driver@2|FRAMEWORK@Framework@0|381), response = ServiceResponseMessage(sender_id=FRAMEWORK@Framework@0, receiver_id=fastran_000001@fastran_driver@2, request_msg_id=REQUEST|fastran_000001@fastran_driver@2|FRAMEWORK@Framework@0|381,status=0, args=((None,),), message_id=RESPONSE|FRAMEWORK@Framework@0|fastran_000001@fastran_driver@2|3024)
2025-09-09 16:37:28,946 fastran_driver_fastran_driver_2 DEBUG    _invoke_service(): getTopic  ('_IPS_MONITOR',)
2025-09-09 16:37:28,946 fastran_driver_fastran_driver_2 DEBUG    _get_service_response(REQUEST|fastran_000001@fastran_driver@2|FRAMEWORK@Framework@0|382)
2025-09-09 16:37:28,957 fastran_driver_fastran_driver_2 DEBUG    _get_service_response(REQUEST|fastran_000001@fastran_driver@2|FRAMEWORK@Framework@0|382), response = ServiceResponseMessage(sender_id=FRAMEWORK@Framework@0, receiver_id=fastran_000001@fastran_driver@2, request_msg_id=REQUEST|fastran_000001@fastran_driver@2|FRAMEWORK@Framework@0|382,status=0, args=(<ipsframework.cca_es_spec.Topic object at 0x7f87c63e02e0>,), message_id=RESPONSE|FRAMEWORK@Framework@0|fastran_000001@fastran_driver@2|3025)
2025-09-09 16:37:28,957 fastran_driver_fastran_driver_2 DEBUG    _invoke_service(): sendEvent  ('_IPS_MONITOR', 'PORTAL_EVENT', {'sim_name': 'fastran_000001', 'real_sim_name': 'fastran_000001', 'portal_data': {'code': 'fastran_driver_fastran_driver', 'eventtype': 'IPS_CALL_END', 'ok': True, 'walltime': '1081.02', 'time': '2025-09-09|16:37:28PDT', 'trace': {'timestamp': 1757461048935749, 'duration': 10951, 'localEndpoint': {'serviceName': 'fastran_000001@nubeam@7'}, 'name': 'finalize(0)', 'id': '52a78960e1d18e40', 'parentId': '15e0663de819b9fa', 'tags': {}}, 'state': 'Running', 'comment': 'Target = fastran_000001@nubeam@7:finalize(0)'}})
2025-09-09 16:37:28,957 fastran_driver_fastran_driver_2 DEBUG    _get_service_response(REQUEST|fastran_000001@fastran_driver@2|FRAMEWORK@Framework@0|383)
2025-09-09 16:37:28,968 fastran_driver_fastran_driver_2 DEBUG    _get_service_response(REQUEST|fastran_000001@fastran_driver@2|FRAMEWORK@Framework@0|383), response = ServiceResponseMessage(sender_id=FRAMEWORK@Framework@0, receiver_id=fastran_000001@fastran_driver@2, request_msg_id=REQUEST|fastran_000001@fastran_driver@2|FRAMEWORK@Framework@0|383,status=0, args=(None,), message_id=RESPONSE|FRAMEWORK@Framework@0|fastran_000001@fastran_driver@2|3026)
2025-09-09 16:37:28,969 fastran_driver_fastran_driver_2 DEBUG    _invoke_service(): getTopic  ('_IPS_MONITOR',)
2025-09-09 16:37:28,969 fastran_driver_fastran_driver_2 DEBUG    _get_service_response(REQUEST|fastran_000001@fastran_driver@2|FRAMEWORK@Framework@0|384)
2025-09-09 16:37:28,980 fastran_driver_fastran_driver_2 DEBUG    _get_service_response(REQUEST|fastran_000001@fastran_driver@2|FRAMEWORK@Framework@0|384), response = ServiceResponseMessage(sender_id=FRAMEWORK@Framework@0, receiver_id=fastran_000001@fastran_driver@2, request_msg_id=REQUEST|fastran_000001@fastran_driver@2|FRAMEWORK@Framework@0|384,status=0, args=(<ipsframework.cca_es_spec.Topic object at 0x7f87c63e0400>,), message_id=RESPONSE|FRAMEWORK@Framework@0|fastran_000001@fastran_driver@2|3027)
2025-09-09 16:37:28,980 fastran_driver_fastran_driver_2 DEBUG    _invoke_service(): sendEvent  ('_IPS_MONITOR', 'PORTAL_EVENT', {'sim_name': 'fastran_000001', 'real_sim_name': 'fastran_000001', 'portal_data': {'code': 'fastran_driver_fastran_driver', 'eventtype': 'IPS_CALL_BEGIN', 'ok': True, 'walltime': '1081.04', 'time': '2025-09-09|16:37:28PDT', 'state': 'Running', 'comment': 'Target = fastran_000001@tglfep@8:finalize(0)'}})
2025-09-09 16:37:28,980 fastran_driver_fastran_driver_2 DEBUG    _get_service_response(REQUEST|fastran_000001@fastran_driver@2|FRAMEWORK@Framework@0|385)
2025-09-09 16:37:28,991 fastran_driver_fastran_driver_2 DEBUG    _get_service_response(REQUEST|fastran_000001@fastran_driver@2|FRAMEWORK@Framework@0|385), response = ServiceResponseMessage(sender_id=FRAMEWORK@Framework@0, receiver_id=fastran_000001@fastran_driver@2, request_msg_id=REQUEST|fastran_000001@fastran_driver@2|FRAMEWORK@Framework@0|385,status=0, args=(None,), message_id=RESPONSE|FRAMEWORK@Framework@0|fastran_000001@fastran_driver@2|3028)
2025-09-09 16:37:28,991 fastran_driver_fastran_driver_2 DEBUG    _invoke_service(): init_call  ('finalize', 0)
2025-09-09 16:37:28,991 fastran_driver_fastran_driver_2 DEBUG    _get_service_response(REQUEST|fastran_000001@fastran_driver@2|FRAMEWORK@Framework@0|386)
2025-09-09 16:37:28,992 fastran_ep_tglfep_8 DEBUG    Received Message 
2025-09-09 16:37:28,992 fastran_ep_tglfep_8 DEBUG    Calling method finalize(0)
2025-09-09 16:37:29,002 fastran_driver_fastran_driver_2 DEBUG    _get_service_response(REQUEST|fastran_000001@fastran_driver@2|FRAMEWORK@Framework@0|386), response = ServiceResponseMessage(sender_id=FRAMEWORK@Framework@0, receiver_id=fastran_000001@fastran_driver@2, request_msg_id=REQUEST|fastran_000001@fastran_driver@2|FRAMEWORK@Framework@0|386,status=0, args=(64,), message_id=RESPONSE|FRAMEWORK@Framework@0|fastran_000001@fastran_driver@2|3029)
2025-09-09 16:37:29,002 fastran_driver_fastran_driver_2 DEBUG    _invoke_service(): wait_call  (64, True)
2025-09-09 16:37:29,002 fastran_driver_fastran_driver_2 DEBUG    _get_service_response(REQUEST|fastran_000001@fastran_driver@2|FRAMEWORK@Framework@0|387)
2025-09-09 16:37:29,013 fastran_driver_fastran_driver_2 DEBUG    _get_service_response(REQUEST|fastran_000001@fastran_driver@2|FRAMEWORK@Framework@0|387), response = ServiceResponseMessage(sender_id=FRAMEWORK@Framework@0, receiver_id=fastran_000001@fastran_driver@2, request_msg_id=REQUEST|fastran_000001@fastran_driver@2|FRAMEWORK@Framework@0|387,status=0, args=((None,),), message_id=RESPONSE|FRAMEWORK@Framework@0|fastran_000001@fastran_driver@2|3030)
2025-09-09 16:37:29,013 fastran_driver_fastran_driver_2 DEBUG    _invoke_service(): getTopic  ('_IPS_MONITOR',)
2025-09-09 16:37:29,013 fastran_driver_fastran_driver_2 DEBUG    _get_service_response(REQUEST|fastran_000001@fastran_driver@2|FRAMEWORK@Framework@0|388)
2025-09-09 16:37:29,024 fastran_driver_fastran_driver_2 DEBUG    _get_service_response(REQUEST|fastran_000001@fastran_driver@2|FRAMEWORK@Framework@0|388), response = ServiceResponseMessage(sender_id=FRAMEWORK@Framework@0, receiver_id=fastran_000001@fastran_driver@2, request_msg_id=REQUEST|fastran_000001@fastran_driver@2|FRAMEWORK@Framework@0|388,status=0, args=(<ipsframework.cca_es_spec.Topic object at 0x7f87c63e0430>,), message_id=RESPONSE|FRAMEWORK@Framework@0|fastran_000001@fastran_driver@2|3031)
2025-09-09 16:37:29,024 fastran_driver_fastran_driver_2 DEBUG    _invoke_service(): sendEvent  ('_IPS_MONITOR', 'PORTAL_EVENT', {'sim_name': 'fastran_000001', 'real_sim_name': 'fastran_000001', 'portal_data': {'code': 'fastran_driver_fastran_driver', 'eventtype': 'IPS_CALL_END', 'ok': True, 'walltime': '1081.09', 'time': '2025-09-09|16:37:29PDT', 'trace': {'timestamp': 1757461049002160, 'duration': 11058, 'localEndpoint': {'serviceName': 'fastran_000001@tglfep@8'}, 'name': 'finalize(0)', 'id': '3f272d45ebee8cc0', 'parentId': '15e0663de819b9fa', 'tags': {}}, 'state': 'Running', 'comment': 'Target = fastran_000001@tglfep@8:finalize(0)'}})
2025-09-09 16:37:29,024 fastran_driver_fastran_driver_2 DEBUG    _get_service_response(REQUEST|fastran_000001@fastran_driver@2|FRAMEWORK@Framework@0|389)
2025-09-09 16:37:29,035 fastran_driver_fastran_driver_2 DEBUG    _get_service_response(REQUEST|fastran_000001@fastran_driver@2|FRAMEWORK@Framework@0|389), response = ServiceResponseMessage(sender_id=FRAMEWORK@Framework@0, receiver_id=fastran_000001@fastran_driver@2, request_msg_id=REQUEST|fastran_000001@fastran_driver@2|FRAMEWORK@Framework@0|389,status=0, args=(None,), message_id=RESPONSE|FRAMEWORK@Framework@0|fastran_000001@fastran_driver@2|3032)
2025-09-09 16:37:29,037 fastran_driver_fastran_driver_2 DEBUG    Received Message 
2025-09-09 16:37:29,037 fastran_driver_fastran_driver_2 DEBUG    Calling method finalize(0)
2025-09-09 16:37:29,059 fastran_driver_fastran_driver_2 DEBUG    Received Message 
2025-09-09 16:37:29,060 fastran_driver_fastran_driver_2 DEBUG    Calling method terminate(0)
2025-09-09 16:37:29,060 fastran_driver_fastran_driver_2 DEBUG    Calling self.sys_exit(0)
2025-09-09 16:37:29,060 fastran_ic_hcd_model_4 DEBUG    Received Message 
2025-09-09 16:37:29,060 fastran_ic_hcd_model_4 DEBUG    Calling method terminate(0)
2025-09-09 16:37:29,060 fastran__modeleq_constraint_6 DEBUG    Received Message 
2025-09-09 16:37:29,060 fastran__modeleq_constraint_6 DEBUG    Calling method terminate(0)
2025-09-09 16:37:29,060 fastran_eq0_efit_3 DEBUG    Received Message 
2025-09-09 16:37:29,060 fastran__modeleq_constraint_6 DEBUG    Calling self.sys_exit(0)
2025-09-09 16:37:29,060 fastran_ep_tglfep_8 DEBUG    Received Message 
2025-09-09 16:37:29,060 fastran_ic_hcd_model_4 DEBUG    Calling self.sys_exit(0)
2025-09-09 16:37:29,060 fastran_tr0_fastran_5 DEBUG    Received Message 
2025-09-09 16:37:29,060 fastran_nb_nubeam_7 DEBUG    Received Message 
2025-09-09 16:37:29,060 fastran_ep_tglfep_8 DEBUG    Calling method terminate(0)
2025-09-09 16:37:29,060 fastran_init_fastran_init_1 DEBUG    Received Message 
2025-09-09 16:37:29,060 fastran_eq0_efit_3 DEBUG    Calling method terminate(0)
2025-09-09 16:37:29,060 fastran_tr0_fastran_5 DEBUG    Calling method terminate(0)
2025-09-09 16:37:29,060 fastran_nb_nubeam_7 DEBUG    Calling method terminate(0)
2025-09-09 16:37:29,060 fastran_ep_tglfep_8 DEBUG    Calling self.sys_exit(0)
2025-09-09 16:37:29,060 fastran_init_fastran_init_1 DEBUG    Calling method terminate(0)
2025-09-09 16:37:29,060 fastran_tr0_fastran_5 DEBUG    Calling self.sys_exit(0)
2025-09-09 16:37:29,061 fastran_nb_nubeam_7 DEBUG    Calling self.sys_exit(0)
2025-09-09 16:37:29,060 fastran_eq0_efit_3 DEBUG    Calling self.sys_exit(0)
2025-09-09 16:37:29,060 fastran_init_fastran_init_1 DEBUG    Calling self.sys_exit(0)
