  EFITD    07/09/2014    #     1     1ms           3 129 129
 0.170000000E+01 0.320000000E+01 0.170000000E+01 0.840000000E+00 0.000000000E+00
 0.175725919E+01-0.225270097E-03-0.229830201E+00-0.781430453E-01 0.200000000E+01
 0.627927236E+06-0.229830201E+00 0.000000000E+00 0.175725919E+01 0.000000000E+00
-0.225270097E-03 0.000000000E+00-0.781430453E-01 0.000000000E+00 0.000000000E+00
 0.338310351E+01 0.338394231E+01 0.338474399E+01 0.338550972E+01 0.338624054E+01
 0.338693751E+01 0.338760169E+01 0.338823416E+01 0.338883601E+01 0.338940831E+01
 0.338995215E+01 0.339046858E+01 0.339095875E+01 0.339142358E+01 0.339186336E+01
 0.339227903E+01 0.339267243E+01 0.339304510E+01 0.339339832E+01 0.339373329E+01
 0.339405104E+01 0.339435251E+01 0.339463856E+01 0.339490995E+01 0.339516739E+01
 0.339541154E+01 0.339564298E+01 0.339586228E+01 0.339606994E+01 0.339626645E+01
 0.339645226E+01 0.339662779E+01 0.339679344E+01 0.339694958E+01 0.339709657E+01
 0.339723473E+01 0.339736439E+01 0.339748585E+01 0.339759941E+01 0.339770532E+01
 0.339780387E+01 0.339789529E+01 0.339797983E+01 0.339805773E+01 0.339812920E+01
 0.339819447E+01 0.339825374E+01 0.339830720E+01 0.339835506E+01 0.339839751E+01
 0.339843471E+01 0.339846685E+01 0.339849410E+01 0.339851663E+01 0.339853459E+01
 0.339854815E+01 0.339855745E+01 0.339856264E+01 0.339856388E+01 0.339856130E+01
 0.339855504E+01 0.339854524E+01 0.339853203E+01 0.339851553E+01 0.339849588E+01
 0.339847321E+01 0.339844763E+01 0.339841926E+01 0.339838823E+01 0.339835465E+01
 0.339831863E+01 0.339828028E+01 0.339823973E+01 0.339819707E+01 0.339815242E+01
 0.339810588E+01 0.339805756E+01 0.339800757E+01 0.339795600E+01 0.339790296E+01
 0.339784856E+01 0.339779290E+01 0.339773607E+01 0.339767819E+01 0.339761936E+01
 0.339755967E+01 0.339749925E+01 0.339743818E+01 0.339737659E+01 0.339731459E+01
 0.339725230E+01 0.339718984E+01 0.339712734E+01 0.339706494E+01 0.339700281E+01
 0.339694109E+01 0.339687999E+01 0.339681970E+01 0.339676048E+01 0.339670259E+01
 0.339664635E+01 0.339659215E+01 0.339654042E+01 0.339649171E+01 0.339644665E+01
 0.339640599E+01 0.339637065E+01 0.339634170E+01 0.339632040E+01 0.339630823E+01
 0.339630689E+01 0.339631827E+01 0.339634453E+01 0.339638799E+01 0.339645117E+01
 0.339653681E+01 0.339664781E+01 0.339678728E+01 0.339695846E+01 0.339716446E+01
 0.339740765E+01 0.339768860E+01 0.339800456E+01 0.339834830E+01 0.339870768E+01
 0.339906520E+01 0.339940519E+01 0.339971915E+01 0.340000000E+01
 0.917708037E+05 0.900099369E+05 0.882868037E+05 0.866005401E+05 0.849502820E+05
 0.833351652E+05 0.817543257E+05 0.802068991E+05 0.786920222E+05 0.772088303E+05
 0.757564543E+05 0.743340557E+05 0.729406969E+05 0.715756336E+05 0.702387153E+05
 0.689291714E+05 0.676454326E+05 0.663862008E+05 0.651503810E+05 0.639369741E+05
 0.627451036E+05 0.615739835E+05 0.604229057E+05 0.592912274E+05 0.581783617E+05
 0.570837722E+05 0.560069676E+05 0.549474946E+05 0.539049322E+05 0.528788896E+05
 0.518690035E+05 0.508749349E+05 0.498963656E+05 0.489329982E+05 0.479845524E+05
 0.470507627E+05 0.461313795E+05 0.452261675E+05 0.443349031E+05 0.434573738E+05
 0.425933784E+05 0.417427247E+05 0.409052290E+05 0.400807160E+05 0.392690199E+05
 0.384699818E+05 0.376834486E+05 0.369092726E+05 0.361473131E+05 0.353974359E+05
 0.346595119E+05 0.339334164E+05 0.332190286E+05 0.325162324E+05 0.318249168E+05
 0.311449745E+05 0.304763020E+05 0.298187989E+05 0.291723681E+05 0.285369158E+05
 0.279123511E+05 0.272985867E+05 0.266955383E+05 0.261031238E+05 0.255212635E+05
 0.249498799E+05 0.243888979E+05 0.238382448E+05 0.232978499E+05 0.227676452E+05
 0.222475643E+05 0.217375426E+05 0.212375172E+05 0.207474267E+05 0.202672111E+05
 0.197968119E+05 0.193361722E+05 0.188852367E+05 0.184439510E+05 0.180122618E+05
 0.175901161E+05 0.171774618E+05 0.167742471E+05 0.163804203E+05 0.159959293E+05
 0.156207218E+05 0.152547451E+05 0.148979448E+05 0.145502635E+05 0.142116403E+05
 0.138820108E+05 0.135613044E+05 0.132494437E+05 0.129463420E+05 0.126519014E+05
 0.123660086E+05 0.120885301E+05 0.118193077E+05 0.115581520E+05 0.113048358E+05
 0.110590842E+05 0.108205608E+05 0.105888517E+05 0.103634485E+05 0.101437309E+05
 0.992894303E+04 0.971816519E+04 0.951028631E+04 0.930398050E+04 0.909768364E+04
 0.888957531E+04 0.867757322E+04 0.845933442E+04 0.823226137E+04 0.799350700E+04
 0.773996549E+04 0.746825846E+04 0.717472527E+04 0.685547625E+04 0.650666696E+04
 0.612517478E+04 0.570979390E+04 0.526304159E+04 0.479256296E+04 0.431179976E+04
 0.384063999E+04 0.339715690E+04 0.299128621E+04 0.263138418E+04
 0.244849172E+01 0.234130430E+01 0.223764498E+01 0.213699246E+01 0.203916057E+01
 0.194433938E+01 0.185253906E+01 0.176377791E+01 0.167805258E+01 0.159538412E+01
 0.151577480E+01 0.143901486E+01 0.136593335E+01 0.129445266E+01 0.122283453E+01
 0.115676429E+01 0.109563432E+01 0.103827444E+01 0.984528295E+00 0.933914060E+00
 0.886110724E+00 0.840842656E+00 0.797873137E+00 0.757008346E+00 0.718075058E+00
 0.680913836E+00 0.645387656E+00 0.611383102E+00 0.578800978E+00 0.547542520E+00
 0.517523737E+00 0.488672390E+00 0.460920074E+00 0.434201299E+00 0.408468558E+00
 0.383671068E+00 0.359757361E+00 0.336684508E+00 0.314418751E+00 0.292920990E+00
 0.272157570E+00 0.252101906E+00 0.232727450E+00 0.214003095E+00 0.195901740E+00
 0.178403861E+00 0.161493208E+00 0.145148858E+00 0.129348321E+00 0.114072515E+00
 0.993070901E-01 0.850401163E-01 0.712574959E-01 0.579434811E-01 0.450835668E-01
 0.326662276E-01 0.206821276E-01 0.912057766E-02-0.202825591E-02-0.127738580E-01
-0.231263481E-01-0.330955195E-01-0.426888754E-01-0.519131834E-01-0.607752502E-01
-0.692815999E-01-0.774384939E-01-0.852528617E-01-0.927313965E-01-0.998796559E-01
-0.106702257E+00-0.113203705E+00-0.119388233E+00-0.125259589E+00-0.130821092E+00
-0.136076159E+00-0.141029151E+00-0.145683495E+00-0.150040661E+00-0.154101274E+00
-0.157866800E+00-0.161337953E+00-0.164514059E+00-0.167393425E+00-0.169974179E+00
-0.172255102E+00-0.174232227E+00-0.175897367E+00-0.177239981E+00-0.178250045E+00
-0.178912904E+00-0.179209167E+00-0.179115937E+00-0.178605232E+00-0.177639628E+00
-0.176170656E+00-0.174137171E+00-0.171463274E+00-0.168056290E+00-0.163804794E+00
-0.158566366E+00-0.152157286E+00-0.144350603E+00-0.134879179E+00-0.123426582E+00
-0.109608992E+00-0.929667344E-01-0.729835871E-01-0.490895376E-01-0.206637004E-01
 0.129381320E-01 0.523415720E-01 0.981557491E-01 0.150941683E+00 0.211244219E+00
 0.279628239E+00 0.356656546E+00 0.442872411E+00 0.538483927E+00 0.642550578E+00
 0.751773324E+00 0.859213993E+00 0.952666554E+00 0.101867191E+01 0.104259701E+01
 0.100827220E+01 0.942173810E+00 0.859149918E+00 0.752323371E+00
-0.150199640E+07-0.146979056E+07-0.143831389E+07-0.140756638E+07-0.137754805E+07
-0.134825889E+07-0.131969868E+07-0.129186860E+07-0.126476510E+07-0.123839429E+07
-0.121275760E+07-0.118780191E+07-0.116374747E+07-0.114004812E+07-0.111624774E+07
-0.109384866E+07-0.107269693E+07-0.105248849E+07-0.103318497E+07-0.101466243E+07
-0.996838469E+06-0.979642364E+06-0.963013407E+06-0.946901977E+06-0.931263710E+06
-0.916057585E+06-0.901248439E+06-0.886807273E+06-0.872708683E+06-0.858927219E+06
-0.845441356E+06-0.832232571E+06-0.819283253E+06-0.806576562E+06-0.794100358E+06
-0.781841557E+06-0.769786829E+06-0.757925087E+06-0.746247686E+06-0.734744528E+06
-0.723406849E+06-0.712227778E+06-0.701200527E+06-0.690316899E+06-0.679569743E+06
-0.668954018E+06-0.658465583E+06-0.648098918E+06-0.637848036E+06-0.627707869E+06
-0.617674637E+06-0.607745194E+06-0.597915766E+06-0.588182128E+06-0.578540372E+06
-0.568987363E+06-0.559520541E+06-0.550136971E+06-0.540833968E+06-0.531608917E+06
-0.522458971E+06-0.513381335E+06-0.504373881E+06-0.495434680E+06-0.486561762E+06
-0.477753207E+06-0.469007128E+06-0.460321487E+06-0.451694289E+06-0.443123792E+06
-0.434608491E+06-0.426146991E+06-0.417737934E+06-0.409380039E+06-0.401072137E+06
-0.392813037E+06-0.384601252E+06-0.376435546E+06-0.368315234E+06-0.360239858E+06
-0.352208730E+06-0.344221348E+06-0.336277596E+06-0.328377656E+06-0.320521766E+06
-0.312709939E+06-0.304943024E+06-0.297223160E+06-0.289553183E+06-0.281935714E+06
-0.274374843E+06-0.266876148E+06-0.259446295E+06-0.252093548E+06-0.244829112E+06
-0.237667738E+06-0.230628242E+06-0.223734113E+06-0.217014179E+06-0.210503574E+06
-0.204247522E+06-0.198304535E+06-0.192747300E+06-0.187662110E+06-0.183151859E+06
-0.179342128E+06-0.176384280E+06-0.174449611E+06-0.173729424E+06-0.174434493E+06
-0.176786631E+06-0.181005926E+06-0.187312217E+06-0.195915369E+06-0.207026586E+06
-0.220871377E+06-0.237684269E+06-0.257707024E+06-0.281084465E+06-0.307595420E+06
-0.336242863E+06-0.364788843E+06-0.389187931E+06-0.404831366E+06-0.406545042E+06
-0.388623809E+06-0.359835547E+06-0.325145957E+06-0.282254980E+06
-0.116898503E+00-0.121044598E+00-0.125290929E+00-0.129637957E+00-0.134083972E+00
-0.138624195E+00-0.143249893E+00-0.147947677E+00-0.152699166E+00-0.157481068E+00
-0.162265519E+00-0.167020386E+00-0.171709181E+00-0.176290361E+00-0.180747326E+00
-0.184272339E+00-0.186367938E+00-0.186600657E+00-0.185481798E+00-0.184847310E+00
-0.184994091E+00-0.185981540E+00-0.187924821E+00-0.190409435E+00-0.192139265E+00
-0.193233914E+00-0.193781477E+00-0.193838832E+00-0.193438352E+00-0.192594365E+00
-0.191308699E+00-0.189575163E+00-0.187381302E+00-0.184706827E+00-0.181520605E+00
-0.177777475E+00-0.173414227E+00-0.168343457E+00-0.162444378E+00-0.155551421E+00
-0.147447557E+00-0.139375187E+00-0.132068919E+00-0.125351297E+00-0.119087743E+00
-0.113179797E+00-0.107555128E+00-0.102159493E+00-0.969511558E-01-0.918971435E-01
-0.869707232E-01-0.821496549E-01-0.774149400E-01-0.727498809E-01-0.681393333E-01
-0.635690705E-01-0.590252253E-01-0.544938566E-01-0.499677313E-01-0.455377165E-01
-0.411909939E-01-0.369268267E-01-0.327459633E-01-0.286264723E-01-0.245728602E-01
-0.205910159E-01-0.166629336E-01-0.127975227E-01-0.900555502E-02-0.527336561E-02
-0.161520452E-02 0.198444148E-02 0.562565937E-02 0.930186708E-02 0.130079950E-01
 0.167399291E-01 0.204943422E-01 0.242684831E-01 0.280599984E-01 0.318667932E-01
 0.356869259E-01 0.395185276E-01 0.433597402E-01 0.472086677E-01 0.510633377E-01
 0.549216703E-01 0.587814523E-01 0.626403166E-01 0.664957248E-01 0.703449532E-01
 0.741850817E-01 0.780129856E-01 0.818253299E-01 0.856185666E-01 0.893889351E-01
 0.931324658E-01 0.968449870E-01 0.100522135E+00 0.104159370E+00 0.107751991E+00
 0.111295165E+00 0.114783946E+00 0.118213311E+00 0.121578194E+00 0.124873522E+00
 0.128094260E+00 0.131235454E+00 0.134292277E+00 0.137260076E+00 0.140134422E+00
 0.142911156E+00 0.145586432E+00 0.148156764E+00 0.150619063E+00 0.152970667E+00
 0.155209378E+00 0.157333476E+00 0.159341740E+00 0.161233453E+00 0.163008407E+00
 0.164666893E+00 0.166209691E+00 0.167638048E+00 0.168953658E+00 0.170158624E+00
 0.171255431E+00 0.172246904E+00 0.173136170E+00 0.173926614E+00-0.121389035E+00
-0.125820915E+00-0.130386139E+00-0.135091752E+00-0.139942935E+00-0.144941312E+00
-0.150082960E+00-0.155356663E+00-0.160743278E+00-0.166216774E+00-0.171746562E+00
-0.177299998E+00-0.182860058E+00-0.187884549E+00-0.191581656E+00-0.193783669E+00
-0.194613896E+00-0.193782519E+00-0.191588771E+00-0.190010755E+00-0.189277022E+00
-0.189400464E+00-0.190464199E+00-0.192107129E+00-0.193129606E+00-0.193658895E+00
-0.193752942E+00-0.193439902E+00-0.192731479E+00-0.191628217E+00-0.190123124E+00
-0.188204745E+00-0.185858136E+00-0.183063090E+00-0.179791386E+00-0.176004377E+00
-0.171650410E+00-0.166660839E+00-0.160942440E+00-0.154359783E+00-0.146686217E+00
-0.139039573E+00-0.132050143E+00-0.125542107E+00-0.119409561E+00-0.113578769E+00
-0.107994484E+00-0.102613668E+00-0.974018935E-01-0.923309938E-01-0.873774327E-01
-0.825211067E-01-0.777444362E-01-0.730316452E-01-0.683681678E-01-0.637401528E-01
-0.591340758E-01-0.545365177E-01-0.499440201E-01-0.454400039E-01-0.410216552E-01
-0.366853601E-01-0.324273126E-01-0.282335153E-01-0.241050891E-01-0.200430077E-01
-0.160375410E-01-0.120943283E-01-0.821905862E-02-0.440646110E-02-0.666940631E-03
 0.302167092E-02 0.675206429E-02 0.105217557E-01 0.143260128E-01 0.181607579E-01
 0.220225704E-01 0.259085802E-01 0.298163315E-01 0.337436529E-01 0.376885480E-01
 0.416491077E-01 0.456234400E-01 0.496096138E-01 0.536056140E-01 0.576093048E-01
 0.616183990E-01 0.656304319E-01 0.696427402E-01 0.736524433E-01 0.776564280E-01
 0.816513366E-01 0.856335571E-01 0.895992173E-01 0.935441822E-01 0.974640547E-01
 0.101354181E+00 0.105209659E+00 0.109025354E+00 0.112795918E+00 0.116515814E+00
 0.120179346E+00 0.123780697E+00 0.127313967E+00 0.130773224E+00 0.134152554E+00
 0.137446115E+00 0.140648197E+00 0.143753283E+00 0.146756110E+00 0.149651731E+00
 0.152435575E+00 0.155103498E+00 0.157651841E+00 0.160077469E+00 0.162377810E+00
 0.164550887E+00 0.166595332E+00 0.168510402E+00 0.170295974E+00 0.171952542E+00
 0.173481193E+00 0.174883580E+00 0.176161894E+00 0.177318815E+00 0.178357468E+00
 0.179281375E+00 0.180094400E+00 0.180800693E+00-0.125679119E+00-0.130371870E+00
-0.135233094E+00-0.140280580E+00-0.145532412E+00-0.151004162E+00-0.156703921E+00
-0.162625599E+00-0.168744577E+00-0.175021608E+00-0.181414470E+00-0.187775063E+00
-0.192470335E+00-0.196196797E+00-0.198670242E+00-0.199682851E+00-0.199401042E+00
-0.197567496E+00-0.194556728E+00-0.192178292E+00-0.190589540E+00-0.189678238E+00
-0.189318586E+00-0.189243953E+00-0.189114098E+00-0.188790587E+00-0.188219591E+00
-0.187372346E+00-0.186229298E+00-0.184774190E+00-0.182991288E+00-0.180863900E+00
-0.178373493E+00-0.175499131E+00-0.172217146E+00-0.168501100E+00-0.164322306E+00
-0.159651609E+00-0.154464424E+00-0.148756150E+00-0.142603409E+00-0.136320022E+00
-0.130175362E+00-0.124231213E+00-0.118489171E+00-0.112934362E+00-0.107547230E+00
-0.102307644E+00-0.971964382E-01-0.921959211E-01-0.872899377E-01-0.824637240E-01
-0.777036714E-01-0.729970437E-01-0.683316573E-01-0.636955145E-01-0.590763786E-01
-0.544613465E-01-0.498468054E-01-0.453144073E-01-0.408613198E-01-0.364833295E-01
-0.321764384E-01-0.279275976E-01-0.237377929E-01-0.196077096E-01-0.155282323E-01
-0.115044486E-01-0.754145535E-02-0.363471156E-02 0.205132526E-03 0.399934044E-02
 0.783827871E-02 0.117187059E-01 0.156356095E-01 0.195851283E-01 0.235642473E-01
 0.275705213E-01 0.316018725E-01 0.356564453E-01 0.397324997E-01 0.438283313E-01
 0.479422077E-01 0.520723184E-01 0.562167320E-01 0.603733609E-01 0.645399306E-01
 0.687139517E-01 0.728926967E-01 0.770731776E-01 0.812521276E-01 0.854259844E-01
 0.895908768E-01 0.937426139E-01 0.978766788E-01 0.101988225E+00 0.106072080E+00
 0.110122749E+00 0.114134432E+00 0.118101041E+00 0.122016227E+00 0.125873414E+00
 0.129665841E+00 0.133386613E+00 0.137028755E+00 0.140585276E+00 0.144049242E+00
 0.147413848E+00 0.150672500E+00 0.153818889E+00 0.156847079E+00 0.159751578E+00
 0.162527417E+00 0.165170217E+00 0.167676247E+00 0.170042472E+00 0.172266596E+00
 0.174347083E+00 0.176283173E+00 0.178074875E+00 0.179722961E+00 0.181228934E+00
 0.182594988E+00 0.183823967E+00 0.184919300E+00 0.185884943E+00 0.186725308E+00
 0.187445195E+00 0.188049718E+00-0.129690556E+00-0.134591162E+00-0.139689298E+00
-0.145017545E+00-0.150615566E+00-0.156529689E+00-0.162808105E+00-0.169477774E+00
-0.176488422E+00-0.183519514E+00-0.189508234E+00-0.194417855E+00-0.198087649E+00
-0.200569631E+00-0.201702001E+00-0.201519849E+00-0.200195892E+00-0.197480682E+00
-0.194154267E+00-0.191506176E+00-0.189456775E+00-0.187867080E+00-0.186610334E+00
-0.185551665E+00-0.184559402E+00-0.183526666E+00-0.182377033E+00-0.181057391E+00
-0.179529628E+00-0.177764756E+00-0.175739238E+00-0.173432775E+00-0.170827064E+00
-0.167905258E+00-0.164652064E+00-0.161054579E+00-0.157104192E+00-0.152800138E+00
-0.148155663E+00-0.143207346E+00-0.138024105E+00-0.132702013E+00-0.127335920E+00
-0.121993898E+00-0.116714868E+00-0.111517230E+00-0.106406974E+00-0.101383004E+00
-0.964403091E-01-0.915718205E-01-0.867694660E-01-0.820247648E-01-0.773291377E-01
-0.726740387E-01-0.680509568E-01-0.634512765E-01-0.588658644E-01-0.542838221E-01
-0.496966632E-01-0.451846836E-01-0.407339702E-01-0.363437330E-01-0.320148703E-01
-0.277292200E-01-0.234912402E-01-0.193054507E-01-0.151559864E-01-0.110499684E-01
-0.699505873E-02-0.297861196E-02 0.985985224E-03 0.490988430E-02 0.888064610E-02
 0.128894871E-01 0.169323719E-01 0.210070235E-01 0.251118318E-01 0.292454734E-01
 0.334067444E-01 0.375944697E-01 0.418074430E-01 0.460443815E-01 0.503038874E-01
 0.545844148E-01 0.588842378E-01 0.632014224E-01 0.675337981E-01 0.718789320E-01
 0.762341031E-01 0.805962786E-01 0.849620904E-01 0.893278150E-01 0.936893535E-01
 0.980422160E-01 0.102381508E+00 0.106701924E+00 0.110997741E+00 0.115262821E+00
 0.119490626E+00 0.123674230E+00 0.127806348E+00 0.131879374E+00 0.135885428E+00
 0.139816415E+00 0.143664089E+00 0.147420141E+00 0.151076279E+00 0.154624328E+00
 0.158056335E+00 0.161364668E+00 0.164542130E+00 0.167582059E+00 0.170478429E+00
 0.173225940E+00 0.175820103E+00 0.178257299E+00 0.180534837E+00 0.182650985E+00
 0.184604981E+00 0.186397036E+00 0.188028311E+00 0.189500871E+00 0.190817641E+00
 0.191982329E+00 0.192999351E+00 0.193873744E+00 0.194611071E+00 0.195217329E+00
 0.195698849E+00-0.133370952E+00-0.138393891E+00-0.143621637E+00-0.149099054E+00
-0.154886691E+00-0.161067449E+00-0.167761394E+00-0.175172477E+00-0.182506337E+00
-0.188608045E+00-0.193545629E+00-0.197436681E+00-0.199625581E+00-0.200726450E+00
-0.200585023E+00-0.198934979E+00-0.196308446E+00-0.193584575E+00-0.191017761E+00
-0.188690451E+00-0.186625951E+00-0.184798278E+00-0.183154580E+00-0.181629457E+00
-0.180154553E+00-0.178665946E+00-0.177108458E+00-0.175436706E+00-0.173614088E+00
-0.171611100E+00-0.169403728E+00-0.166972243E+00-0.164300454E+00-0.161375441E+00
-0.158187776E+00-0.154732256E+00-0.151009222E+00-0.147026427E+00-0.142801211E+00
-0.138362203E+00-0.133749023E+00-0.129008523E+00-0.124188076E+00-0.119329049E+00
-0.114463310E+00-0.109612976E+00-0.104791945E+00-0.100007887E+00-0.952640194E-01
-0.905605115E-01-0.858955021E-01-0.812658306E-01-0.766675530E-01-0.720963197E-01
-0.675476821E-01-0.630174109E-01-0.585020051E-01-0.540000241E-01-0.495165046E-01
-0.450644938E-01-0.406507412E-01-0.362756152E-01-0.319376469E-01-0.276348890E-01
-0.233653399E-01-0.191270846E-01-0.149183206E-01-0.107373031E-01-0.658213519E-02
-0.245019576E-02 0.166376992E-02 0.577343773E-02 0.989776481E-02 0.140461620E-01
 0.182221364E-01 0.224272540E-01 0.266622453E-01 0.309273744E-01 0.352225894E-01
 0.395475904E-01 0.439018574E-01 0.482846589E-01 0.526950470E-01 0.571318456E-01
 0.615936330E-01 0.660787214E-01 0.705851332E-01 0.751105758E-01 0.796524150E-01
 0.842076476E-01 0.887728735E-01 0.933442686E-01 0.979175578E-01 0.102487991E+00
 0.107050323E+00 0.111598790E+00 0.116127108E+00 0.120628455E+00 0.125095484E+00
 0.129520331E+00 0.133894641E+00 0.138209607E+00 0.142456020E+00 0.146624336E+00
 0.150704763E+00 0.154687353E+00 0.158562120E+00 0.162319160E+00 0.165948789E+00
 0.169441682E+00 0.172789016E+00 0.175982615E+00 0.179015085E+00 0.181879936E+00
 0.184571697E+00 0.187086004E+00 0.189419669E+00 0.191570727E+00 0.193538452E+00
 0.195323350E+00 0.196927127E+00 0.198352629E+00 0.199603766E+00 0.200685409E+00
 0.201603286E+00 0.202363854E+00 0.202974176E+00 0.203441789E+00 0.203774576E+00
-0.136730301E+00-0.141767607E+00-0.146978321E+00-0.152408006E+00-0.158119941E+00
-0.164199092E+00-0.170755518E+00-0.177920798E+00-0.184746294E+00-0.190007392E+00
-0.193819169E+00-0.196282657E+00-0.197268830E+00-0.196897191E+00-0.195182023E+00
-0.193152572E+00-0.191044663E+00-0.188915035E+00-0.186815194E+00-0.184784399E+00
-0.182842946E+00-0.180990893E+00-0.179211578E+00-0.177476974E+00-0.175752920E+00
-0.174003433E+00-0.172193786E+00-0.170292333E+00-0.168271295E+00-0.166106902E+00
-0.163779199E+00-0.161271800E+00-0.158571716E+00-0.155669364E+00-0.152558768E+00
-0.149237981E+00-0.145709665E+00-0.141981724E+00-0.138067771E+00-0.133987099E+00
-0.129763848E+00-0.125425223E+00-0.120999081E+00-0.116511524E+00-0.111985131E+00
-0.107438106E+00-0.102884224E+00-0.983332672E-01-0.937916921E-01-0.892633275E-01
-0.847500129E-01-0.802521490E-01-0.757691619E-01-0.712999061E-01-0.668430411E-01
-0.623974303E-01-0.579626091E-01-0.535393047E-01-0.491296974E-01-0.447368054E-01
-0.403631608E-01-0.360100232E-01-0.316774640E-01-0.273647298E-01-0.230705310E-01
-0.187931956E-01-0.145307039E-01-0.102806084E-01-0.603982292E-02-0.180425716E-02
 0.243160968E-02 0.667474843E-02 0.109325572E-01 0.152113758E-01 0.195158644E-01
 0.238492288E-01 0.282136312E-01 0.326105041E-01 0.370407488E-01 0.415048541E-01
 0.460029638E-01 0.505349137E-01 0.551002466E-01 0.596982141E-01 0.643277681E-01
 0.689875450E-01 0.736758441E-01 0.783906015E-01 0.831293604E-01 0.878892387E-01
 0.926668940E-01 0.974584878E-01 0.102259648E+00 0.107065434E+00 0.111870301E+00
 0.116668069E+00 0.121451898E+00 0.126214267E+00 0.130946967E+00 0.135641102E+00
 0.140287108E+00 0.144874783E+00 0.149393348E+00 0.153831517E+00 0.158177596E+00
 0.162419605E+00 0.166545418E+00 0.170542928E+00 0.174400225E+00 0.178105785E+00
 0.181648666E+00 0.185018709E+00 0.188206717E+00 0.191204639E+00 0.194005718E+00
 0.196604618E+00 0.198997523E+00 0.201182191E+00 0.203157984E+00 0.204925849E+00
 0.206488266E+00 0.207849165E+00 0.209013808E+00 0.209988651E+00 0.210781180E+00
 0.211399742E+00 0.211853368E+00 0.212151594E+00 0.212304292E+00-0.139878366E+00
-0.144826799E+00-0.149869586E+00-0.155041088E+00-0.160393747E+00-0.165999547E+00
-0.171949691E+00-0.178352677E+00-0.184188330E+00-0.188327305E+00-0.190858743E+00
-0.191910756E+00-0.191325452E+00-0.190227380E+00-0.188900688E+00-0.187393953E+00
-0.185755251E+00-0.184027980E+00-0.182249115E+00-0.180447054E+00-0.178639923E+00
-0.176835128E+00-0.175030293E+00-0.173215197E+00-0.171374114E+00-0.169488117E+00
-0.167537021E+00-0.165500864E+00-0.163360914E+00-0.161100301E+00-0.158704380E+00
-0.156160944E+00-0.153460388E+00-0.150595858E+00-0.147563447E+00-0.144362408E+00
-0.140995369E+00-0.137468476E+00-0.133791377E+00-0.129976940E+00-0.126040654E+00
-0.121999719E+00-0.117871940E+00-0.113674623E+00-0.109423655E+00-0.105132883E+00
-0.100813830E+00-0.964756734E-01-0.921254212E-01-0.877681900E-01-0.834075302E-01
-0.790457560E-01-0.746842639E-01-0.703238308E-01-0.659648926E-01-0.616078031E-01
-0.572530545E-01-0.529014185E-01-0.485539418E-01-0.442117621E-01-0.398758198E-01
-0.355466146E-01-0.312240960E-01-0.269076673E-01-0.225962349E-01-0.182882513E-01
-0.139817262E-01-0.967419903E-02-0.536268247E-02-0.104360775E-02 0.328716305E-02
 0.763417930E-02 0.120020805E-01 0.163952196E-01 0.208173916E-01 0.252717320E-01
 0.297607407E-01 0.342863584E-01 0.388500477E-01 0.434528590E-01 0.480954776E-01
 0.527782526E-01 0.575012106E-01 0.622640575E-01 0.670661703E-01 0.719065803E-01
 0.767839495E-01 0.816965409E-01 0.866421831E-01 0.916182301E-01 0.966215168E-01
 0.101648311E+00 0.106694264E+00 0.111754356E+00 0.116822845E+00 0.121893215E+00
 0.126958131E+00 0.132009394E+00 0.137037916E+00 0.142033700E+00 0.146985840E+00
 0.151882546E+00 0.156711192E+00 0.161458396E+00 0.166110133E+00 0.170651879E+00
 0.175068794E+00 0.179345933E+00 0.183468487E+00 0.187422044E+00 0.191192858E+00
 0.194768124E+00 0.198136249E+00 0.201287089E+00 0.204212178E+00 0.206904896E+00
 0.209360612E+00 0.211576761E+00 0.213552875E+00 0.215290557E+00 0.216793402E+00
 0.218066865E+00 0.219118092E+00 0.219955712E+00 0.220589605E+00 0.221030658E+00
 0.221290510E+00 0.221381314E+00 0.221315500E+00-0.143049979E+00-0.147846955E+00
-0.152605118E+00-0.157338074E+00-0.162082780E+00-0.166899208E+00-0.171869162E+00
-0.177097679E+00-0.181654938E+00-0.184210145E+00-0.185134000E+00-0.185165995E+00
-0.184811662E+00-0.184130897E+00-0.183184426E+00-0.182024143E+00-0.180694570E+00
-0.179233510E+00-0.177672110E+00-0.176034628E+00-0.174338241E+00-0.172593172E+00
-0.170803237E+00-0.168966782E+00-0.167077862E+00-0.165127495E+00-0.163104847E+00
-0.160998261E+00-0.158796092E+00-0.156487342E+00-0.154062143E+00-0.151512103E+00
-0.148830584E+00-0.146012908E+00-0.143056530E+00-0.139961180E+00-0.136728935E+00
-0.133364225E+00-0.129873727E+00-0.126266119E+00-0.122551700E+00-0.118741876E+00
-0.114848586E+00-0.110883712E+00-0.106858567E+00-0.102783487E+00-0.986675842E-01
-0.945186188E-01-0.903430029E-01-0.861458817E-01-0.819312735E-01-0.777022402E-01
-0.734610702E-01-0.692094611E-01-0.649486901E-01-0.606797641E-01-0.564035341E-01
-0.521207620E-01-0.478321278E-01-0.435381812E-01-0.392392592E-01-0.349354036E-01
-0.306263001E-01-0.263112498E-01-0.219891612E-01-0.176585544E-01-0.133175646E-01
-0.896394498E-02-0.459507436E-02-0.207981596E-03 0.420059584E-02 0.863410915E-02
 0.130960577E-01 0.175898375E-01 0.221186123E-01 0.266852284E-01 0.312921754E-01
 0.359415797E-01 0.406352159E-01 0.453745238E-01 0.501606232E-01 0.549943231E-01
 0.598761234E-01 0.648062081E-01 0.697844321E-01 0.748102984E-01 0.798829303E-01
 0.850010344E-01 0.901628579E-01 0.953661388E-01 0.100608050E+00 0.105885134E+00
 0.111193239E+00 0.116527442E+00 0.121881972E+00 0.127250132E+00 0.132624224E+00
 0.137995470E+00 0.143353950E+00 0.148688552E+00 0.153986938E+00 0.159235543E+00
 0.164419606E+00 0.169523244E+00 0.174529570E+00 0.179420871E+00 0.184178832E+00
 0.188784819E+00 0.193220201E+00 0.197466712E+00 0.201506837E+00 0.205324200E+00
 0.208903948E+00 0.212233102E+00 0.215300875E+00 0.218098926E+00 0.220621551E+00
 0.222865800E+00 0.224831513E+00 0.226521276E+00 0.227940298E+00 0.229096215E+00
 0.229998829E+00 0.230659802E+00 0.231092312E+00 0.231310696E+00 0.231330092E+00
 0.231166095E+00 0.230834444E+00-0.146624720E+00-0.151296240E+00-0.155719391E+00
-0.159876134E+00-0.163794740E+00-0.167535387E+00-0.171166050E+00-0.174762541E+00
-0.177376612E+00-0.178666444E+00-0.179366489E+00-0.179586949E+00-0.179416642E+00
-0.178924454E+00-0.178166057E+00-0.177187518E+00-0.176027340E+00-0.174717608E+00
-0.173284607E+00-0.171749155E+00-0.170126854E+00-0.168428398E+00-0.166659991E+00
-0.164823923E+00-0.162919248E+00-0.160942519E+00-0.158888528E+00-0.156750991E+00
-0.154523156E+00-0.152198322E+00-0.149770260E+00-0.147233554E+00-0.144583874E+00
-0.141818184E+00-0.138934894E+00-0.135933968E+00-0.132816964E+00-0.129587017E+00
-0.126248746E+00-0.122808088E+00-0.119272053E+00-0.115648433E+00-0.111945462E+00
-0.108171484E+00-0.104334641E+00-0.100442614E+00-0.965024332E-01-0.925203549E-01
-0.885018070E-01-0.844513919E-01-0.803729307E-01-0.762695378E-01-0.721437127E-01
-0.679974384E-01-0.638322766E-01-0.596494521E-01-0.554499196E-01-0.512344056E-01
-0.470034256E-01-0.427572780E-01-0.384960222E-01-0.342194508E-01-0.299270654E-01
-0.256180591E-01-0.212913085E-01-0.169453735E-01-0.125785031E-01-0.818864815E-02
-0.377348274E-02 0.669562415E-03 0.514325090E-02 0.965047589E-02 0.141941839E-01
 0.187772954E-01 0.234026325E-01 0.280728606E-01 0.327904474E-01 0.375576377E-01
 0.423764389E-01 0.472486138E-01 0.521756745E-01 0.571588762E-01 0.621992065E-01
 0.672973705E-01 0.724537698E-01 0.776684741E-01 0.829411867E-01 0.882712011E-01
 0.936573497E-01 0.990979434E-01 0.104590702E+00 0.110132676E+00 0.115720154E+00
 0.121348569E+00 0.127012387E+00 0.132704992E+00 0.138418567E+00 0.144143971E+00
 0.149870621E+00 0.155586384E+00 0.161277490E+00 0.166928478E+00 0.172522180E+00
 0.178039768E+00 0.183460868E+00 0.188763758E+00 0.193925647E+00 0.198923046E+00
 0.203732213E+00 0.208329667E+00 0.212692738E+00 0.216800138E+00 0.220632516E+00
 0.224172978E+00 0.227407539E+00 0.230325501E+00 0.232919726E+00 0.235186803E+00
 0.237127095E+00 0.238744670E+00 0.240047106E+00 0.241045195E+00 0.241752549E+00
 0.242185124E+00 0.242360710E+00 0.242298401E+00 0.242018065E+00 0.241539867E+00
 0.240883836E+00-0.151167680E+00-0.155939056E+00-0.160079750E+00-0.163519257E+00
-0.166341319E+00-0.168732341E+00-0.170825497E+00-0.172609142E+00-0.173964577E+00
-0.174841555E+00-0.175288503E+00-0.175366030E+00-0.175127359E+00-0.174617895E+00
-0.173876457E+00-0.172936342E+00-0.171826055E+00-0.170569788E+00-0.169187732E+00
-0.167696292E+00-0.166108278E+00-0.164433128E+00-0.162677181E+00-0.160844023E+00
-0.158934893E+00-0.156949126E+00-0.154884611E+00-0.152738245E+00-0.150506348E+00
-0.148185043E+00-0.145770584E+00-0.143259632E+00-0.140649484E+00-0.137938249E+00
-0.135124983E+00-0.132209769E+00-0.129193760E+00-0.126079165E+00-0.122869193E+00
-0.119567943E+00-0.116180255E+00-0.112711537E+00-0.109167555E+00-0.105554235E+00
-0.101877467E+00-0.981429345E-01-0.943559765E-01-0.905214875E-01-0.866438545E-01
-0.827269287E-01-0.787740265E-01-0.747879523E-01-0.707710366E-01-0.667251827E-01
-0.626519150E-01-0.585524252E-01-0.544276095E-01-0.502780968E-01-0.461042647E-01
-0.419062453E-01-0.376839235E-01-0.334369300E-01-0.291646344E-01-0.248661402E-01
-0.205402827E-01-0.161856326E-01-0.118005039E-01-0.738296831E-02-0.293087536E-02
 0.155811914E-02 0.608651781E-02 0.106569393E-01 0.152720716E-01 0.199346239E-01
 0.246472811E-01 0.294126636E-01 0.342332941E-01 0.391115713E-01 0.440497498E-01
 0.490499237E-01 0.541140115E-01 0.592437417E-01 0.644406352E-01 0.697059847E-01
 0.750408288E-01 0.804459198E-01 0.859216838E-01 0.914681729E-01 0.970850065E-01
 0.102771303E+00 0.108525597E+00 0.114345745E+00 0.120228814E+00 0.126170957E+00
 0.132167267E+00 0.138211617E+00 0.144296488E+00 0.150412774E+00 0.156549594E+00
 0.162694088E+00 0.168831240E+00 0.174943719E+00 0.181011780E+00 0.187013229E+00
 0.192923497E+00 0.198715831E+00 0.204361636E+00 0.209830960E+00 0.215093118E+00
 0.220117435E+00 0.224874065E+00 0.229334840E+00 0.233474095E+00 0.237269435E+00
 0.240702404E+00 0.243759027E+00 0.246430210E+00 0.248711980E+00 0.250605554E+00
 0.252117235E+00 0.253258120E+00 0.254043645E+00 0.254492969E+00 0.254628247E+00
 0.254473833E+00 0.254055467E+00 0.253399499E+00 0.252532191E+00 0.251479136E+00
-0.157603091E+00-0.163282473E+00-0.167330741E+00-0.169746291E+00-0.170372978E+00
-0.170885696E+00-0.171482963E+00-0.172011099E+00-0.172388234E+00-0.172564055E+00
-0.172517664E+00-0.172249082E+00-0.171769610E+00-0.171095536E+00-0.170244752E+00
-0.169235002E+00-0.168082954E+00-0.166803691E+00-0.165410423E+00-0.163914337E+00
-0.162324543E+00-0.160648097E+00-0.158890100E+00-0.157053856E+00-0.155141086E+00
-0.153152176E+00-0.151086449E+00-0.148942450E+00-0.146718212E+00-0.144411524E+00
-0.142020155E+00-0.139542067E+00-0.136975584E+00-0.134319530E+00-0.131573338E+00
-0.128737116E+00-0.125811685E+00-0.122798573E+00-0.119699992E+00-0.116518765E+00
-0.113258240E+00-0.109922175E+00-0.106514620E+00-0.103039783E+00-0.995019077E-01
-0.959051570E-01-0.922535164E-01-0.885507151E-01-0.848001696E-01-0.810049472E-01
-0.771677487E-01-0.732909058E-01-0.693763906E-01-0.654258332E-01-0.614405421E-01
-0.574215267E-01-0.533695168E-01-0.492849796E-01-0.451681306E-01-0.410189412E-01
-0.368371423E-01-0.326222249E-01-0.283734406E-01-0.240898025E-01-0.197700878E-01
-0.154128430E-01-0.110163928E-01-0.657885220E-02-0.209814351E-02 0.242798296E-02
 0.700192406E-02 0.116261955E-01 0.163034017E-01 0.210362046E-01 0.258272939E-01
 0.306793590E-01 0.355950640E-01 0.405770265E-01 0.456277983E-01 0.507498487E-01
 0.559455480E-01 0.612171509E-01 0.665667779E-01 0.719963934E-01 0.775077787E-01
 0.831024999E-01 0.887818675E-01 0.945468867E-01 0.100398197E+00 0.106336000E+00
 0.112359967E+00 0.118469135E+00 0.124661780E+00 0.130935260E+00 0.137285841E+00
 0.143708486E+00 0.150196617E+00 0.156741838E+00 0.163333639E+00 0.169959064E+00
 0.176602382E+00 0.183244751E+00 0.189863943E+00 0.196434138E+00 0.202925863E+00
 0.209306116E+00 0.215538737E+00 0.221585042E+00 0.227404722E+00 0.232956964E+00
 0.238201711E+00 0.243100969E+00 0.247620066E+00 0.251728790E+00 0.255402356E+00
 0.258622178E+00 0.261376442E+00 0.263660454E+00 0.265476766E+00 0.266835038E+00
 0.267751632E+00 0.268248915E+00 0.268354302E+00 0.268099088E+00 0.267517170E+00
 0.266643753E+00 0.265514165E+00 0.264162843E+00 0.262622549E+00-0.162624789E+00
-0.168759727E+00-0.172694623E+00-0.174385817E+00-0.173774658E+00-0.172998042E+00
-0.172457172E+00-0.172014874E+00-0.171583888E+00-0.171104824E+00-0.170539675E+00
-0.169866567E+00-0.169075134E+00-0.168162696E+00-0.167131383E+00-0.165986104E+00
-0.164733166E+00-0.163379339E+00-0.161931229E+00-0.160394869E+00-0.158775456E+00
-0.157077213E+00-0.155303329E+00-0.153455979E+00-0.151536394E+00-0.149544971E+00
-0.147481420E+00-0.145344920E+00-0.143134284E+00-0.140848124E+00-0.138485004E+00
-0.136043583E+00-0.133522736E+00-0.130921653E+00-0.128239920E+00-0.125477570E+00
-0.122635115E+00-0.119713553E+00-0.116714346E+00-0.113639388E+00-0.110490949E+00
-0.107271600E+00-0.103984142E+00-0.100631518E+00-0.972167329E-01-0.937427717E-01
-0.902125332E-01-0.866287684E-01-0.829940340E-01-0.793106566E-01-0.755807097E-01
-0.718060001E-01-0.679880633E-01-0.641281645E-01-0.602273048E-01-0.562862285E-01
-0.523054317E-01-0.482851703E-01-0.442254666E-01-0.401261139E-01-0.359866806E-01
-0.318065126E-01-0.275847357E-01-0.233202586E-01-0.190117762E-01-0.146577756E-01
-0.102565432E-01-0.580617437E-02-0.130458603E-02 0.325046923E-02 0.786138615E-02
 0.125306884E-01 0.172610093E-01 0.220550716E-01 0.269156683E-01 0.318456444E-01
 0.368478797E-01 0.419252732E-01 0.470807297E-01 0.523171459E-01 0.576373978E-01
 0.630443267E-01 0.685407244E-01 0.741293140E-01 0.798127285E-01 0.855934819E-01
 0.914739348E-01 0.974562493E-01 0.103542334E+00 0.109733772E+00 0.116031736E+00
 0.122436879E+00 0.128949197E+00 0.135567866E+00 0.142291035E+00 0.149115577E+00
 0.156036789E+00 0.163048024E+00 0.170140269E+00 0.177301640E+00 0.184516825E+00
 0.191766476E+00 0.199026594E+00 0.206267965E+00 0.213455763E+00 0.220549415E+00
 0.227502888E+00 0.234265484E+00 0.240783183E+00 0.247000443E+00 0.252862275E+00
 0.258316366E+00 0.263315041E+00 0.267816923E+00 0.271788272E+00 0.275204004E+00
 0.278048457E+00 0.280315901E+00 0.282010801E+00 0.283147747E+00 0.283750968E+00
 0.283853341E+00 0.283494872E+00 0.282720749E+00 0.281579145E+00 0.280119063E+00
 0.278388427E+00 0.276432609E+00 0.274293424E+00-0.165507112E+00-0.171604824E+00
-0.175371311E+00-0.176674742E+00-0.175775549E+00-0.174356510E+00-0.173109354E+00
-0.171995604E+00-0.170957391E+00-0.169947501E+00-0.168929884E+00-0.167878454E+00
-0.166775368E+00-0.165609214E+00-0.164373369E+00-0.163064610E+00-0.161682018E+00
-0.160226124E+00-0.158698278E+00-0.157100175E+00-0.155433528E+00-0.153699838E+00
-0.151900255E+00-0.150035505E+00-0.148105870E+00-0.146111210E+00-0.144051017E+00
-0.141924487E+00-0.139730613E+00-0.137468271E+00-0.135136319E+00-0.132733686E+00
-0.130259447E+00-0.127712893E+00-0.125093587E+00-0.122401399E+00-0.119636531E+00
-0.116799523E+00-0.113891244E+00-0.110912872E+00-0.107865854E+00-0.104751869E+00
-0.101572772E+00-0.983305415E-01-0.950272204E-01-0.916648643E-01-0.882454899E-01
-0.847710297E-01-0.812432940E-01-0.776639400E-01-0.740344478E-01-0.703561034E-01
-0.666299877E-01-0.628569696E-01-0.590377035E-01-0.551726288E-01-0.512619711E-01
-0.473057445E-01-0.433037532E-01-0.392555941E-01-0.351606584E-01-0.310181333E-01
-0.268270042E-01-0.225860568E-01-0.182938803E-01-0.139488713E-01-0.954923925E-02
-0.509301272E-02-0.578047498E-03 0.399796432E-02 0.863748406E-02 0.133431154E-01
 0.181175930E-01 0.229637708E-01 0.278846113E-01 0.328831749E-01 0.379626105E-01
 0.431261473E-01 0.483770871E-01 0.537187976E-01 0.591547056E-01 0.646882902E-01
 0.703230745E-01 0.760626155E-01 0.819104910E-01 0.878702815E-01 0.939455470E-01
 0.100139795E+00 0.106456439E+00 0.112898742E+00 0.119469745E+00 0.126172174E+00
 0.133008312E+00 0.139979845E+00 0.147087657E+00 0.154331560E+00 0.161709968E+00
 0.169219455E+00 0.176854219E+00 0.184605397E+00 0.192460223E+00 0.200401019E+00
 0.208404023E+00 0.216438136E+00 0.224463706E+00 0.232431632E+00 0.240283131E+00
 0.247950559E+00 0.255359501E+00 0.262431988E+00 0.269090340E+00 0.275260908E+00
 0.280877196E+00 0.285882143E+00 0.290229673E+00 0.293885751E+00 0.296829211E+00
 0.299052484E+00 0.300562244E+00 0.301379795E+00 0.301540883E+00 0.301094532E+00
 0.300100653E+00 0.298626520E+00 0.296742625E+00 0.294518692E+00 0.292020485E+00
 0.289307726E+00 0.286433062E+00-0.167522689E+00-0.173642777E+00-0.177259400E+00
-0.178293678E+00-0.176819121E+00-0.174942815E+00-0.173242123E+00-0.171672153E+00
-0.170196580E+00-0.168782499E+00-0.167401686E+00-0.166031013E+00-0.164652240E+00
-0.163251455E+00-0.161818377E+00-0.160345638E+00-0.158828109E+00-0.157262327E+00
-0.155646004E+00-0.153977643E+00-0.152256228E+00-0.150481000E+00-0.148651288E+00
-0.146766398E+00-0.144825552E+00-0.142827851E+00-0.140772280E+00-0.138657725E+00
-0.136483009E+00-0.134246935E+00-0.131948339E+00-0.129586133E+00-0.127159361E+00
-0.124667232E+00-0.122109158E+00-0.119484776E+00-0.116793967E+00-0.114036857E+00
-0.111213812E+00-0.108325425E+00-0.105372494E+00-0.102355991E+00-0.992770275E-01
-0.961368193E-01-0.929366450E-01-0.896778081E-01-0.863615997E-01-0.829892643E-01
-0.795619692E-01-0.760807783E-01-0.725466300E-01-0.689603204E-01-0.653224891E-01
-0.616336098E-01-0.578939826E-01-0.541037297E-01-0.502627918E-01-0.463709265E-01
-0.424277065E-01-0.384325198E-01-0.343845685E-01-0.302828697E-01-0.261262550E-01
-0.219133719E-01-0.176426849E-01-0.133124776E-01-0.892085496E-02-0.446574673E-02
 0.550885156E-04 0.464405907E-02 0.930373518E-02 0.140368440E-01 0.188462649E-01
 0.237350243E-01 0.287062924E-01 0.337633794E-01 0.389097341E-01 0.441489421E-01
 0.494847265E-01 0.549209487E-01 0.604616103E-01 0.661108553E-01 0.718729727E-01
 0.777523978E-01 0.837537129E-01 0.898816448E-01 0.961410600E-01 0.102536953E+00
 0.109074431E+00 0.115758680E+00 0.122594933E+00 0.129588401E+00 0.136744195E+00
 0.144067206E+00 0.151561941E+00 0.159232301E+00 0.167081273E+00 0.175110508E+00
 0.183319746E+00 0.191706033E+00 0.200262654E+00 0.208977701E+00 0.217832167E+00
 0.226797525E+00 0.235832817E+00 0.244881608E+00 0.253869645E+00 0.262704615E+00
 0.271279401E+00 0.279478952E+00 0.287188883E+00 0.294303059E+00 0.300728481E+00
 0.306387543E+00 0.311218683E+00 0.315176480E+00 0.318231950E+00 0.320373451E+00
 0.321608311E+00 0.321964926E+00 0.321494502E+00 0.320271000E+00 0.318387682E+00
 0.315949828E+00 0.313065347E+00 0.309836292E+00 0.306353390E+00 0.302693816E+00
 0.298921253E+00-0.168474127E+00-0.174544183E+00-0.178026074E+00-0.178864007E+00
-0.177013023E+00-0.174840239E+00-0.172831373E+00-0.170943722E+00-0.169153860E+00
-0.167439113E+00-0.165778440E+00-0.164153103E+00-0.162546956E+00-0.160946448E+00
-0.159340455E+00-0.157719988E+00-0.156077875E+00-0.154408428E+00-0.152707140E+00
-0.150970407E+00-0.149195299E+00-0.147379371E+00-0.145520509E+00-0.143616821E+00
-0.141666556E+00-0.139668048E+00-0.137619691E+00-0.135519923E+00-0.133367233E+00
-0.131160171E+00-0.128897372E+00-0.126577571E+00-0.124199634E+00-0.121762574E+00
-0.119265572E+00-0.116707990E+00-0.114089377E+00-0.111409472E+00-0.108668199E+00
-0.105865655E+00-0.103002098E+00-0.100077921E+00-0.970936327E-01-0.940498265E-01
-0.909471560E-01-0.877863044E-01-0.845679574E-01-0.812927764E-01-0.779613744E-01
-0.745742940E-01-0.711319882E-01-0.676348039E-01-0.640829687E-01-0.604765790E-01
-0.568155915E-01-0.530998156E-01-0.493289081E-01-0.455023682E-01-0.416195343E-01
-0.376795809E-01-0.336815163E-01-0.296241809E-01-0.255062453E-01-0.213262099E-01
-0.170824034E-01-0.127729828E-01-0.839593316E-02-0.394906777E-02 0.569971609E-03
 0.516371440E-02 0.983486095E-02 0.145862827E-01 0.194210226E-01 0.243422966E-01
 0.293534962E-01 0.344581912E-01 0.396601356E-01 0.449632731E-01 0.503717457E-01
 0.558899035E-01 0.615223160E-01 0.672737853E-01 0.731493610E-01 0.791543563E-01
 0.852943651E-01 0.915752801E-01 0.980033106E-01 0.104585000E+00 0.111327240E+00
 0.118237285E+00 0.125322756E+00 0.132591638E+00 0.140052265E+00 0.147713281E+00
 0.155583573E+00 0.163672161E+00 0.171988021E+00 0.180539811E+00 0.189335450E+00
 0.198381485E+00 0.207682111E+00 0.217237684E+00 0.227042407E+00 0.237080772E+00
 0.247322097E+00 0.257712601E+00 0.268165393E+00 0.278552181E+00 0.288705559E+00
 0.298438228E+00 0.307569990E+00 0.315945730E+00 0.323439996E+00 0.329954213E+00
 0.335412308E+00 0.339757296E+00 0.342949677E+00 0.344968034E+00 0.345812288E+00
 0.345510099E+00 0.344126152E+00 0.341770883E+00 0.338599716E+00 0.334794371E+00
 0.330533328E+00 0.325969986E+00 0.321225939E+00 0.316393694E+00 0.311542241E+00
-0.168207242E+00-0.174085242E+00-0.177438038E+00-0.178131820E+00-0.176446648E+00
-0.174119014E+00-0.171892022E+00-0.169777880E+00-0.167761091E+00-0.165825372E+00
-0.163954761E+00-0.162134203E+00-0.160349922E+00-0.158589623E+00-0.156842536E+00
-0.155099371E+00-0.153352193E+00-0.151594267E+00-0.149819889E+00-0.148024211E+00
-0.146203087E+00-0.144352929E+00-0.142470591E+00-0.140553269E+00-0.138598424E+00
-0.136603727E+00-0.134567016E+00-0.132486270E+00-0.130359596E+00-0.128185223E+00
-0.125961502E+00-0.123686912E+00-0.121360069E+00-0.118979732E+00-0.116544808E+00
-0.114054362E+00-0.111507614E+00-0.108903940E+00-0.106242864E+00-0.103524053E+00
-0.100747300E+00-0.979125133E-01-0.950196929E-01-0.920689154E-01-0.890603111E-01
-0.859940422E-01-0.828702819E-01-0.796891933E-01-0.764509100E-01-0.731555177E-01
-0.698030377E-01-0.663934122E-01-0.629264910E-01-0.594020207E-01-0.558196348E-01
-0.521788451E-01-0.484790352E-01-0.447194539E-01-0.408992105E-01-0.370172696E-01
-0.330724477E-01-0.290634096E-01-0.249886646E-01-0.208465641E-01-0.166352987E-01
-0.123528953E-01-0.799721476E-02-0.356594884E-02 0.943382374E-03 0.553343390E-02
 0.102070395E-01 0.149672163E-01 0.198171696E-01 0.247603002E-01 0.298002115E-01
 0.349407192E-01 0.401858627E-01 0.455399188E-01 0.510074172E-01 0.565931591E-01
 0.623022388E-01 0.681400680E-01 0.741124037E-01 0.802253800E-01 0.864855433E-01
 0.928998922E-01 0.994759219E-01 0.106221673E+00 0.113145785E+00 0.120257558E+00
 0.127567013E+00 0.135084964E+00 0.142823091E+00 0.150794014E+00 0.159011373E+00
 0.167489890E+00 0.176245434E+00 0.185295046E+00 0.194656918E+00 0.204350273E+00
 0.214395082E+00 0.224811453E+00 0.235618431E+00 0.246831576E+00 0.258457948E+00
 0.270485090E+00 0.282855615E+00 0.295413141E+00 0.307845388E+00 0.319762307E+00
 0.330852988E+00 0.340910965E+00 0.349796630E+00 0.357409182E+00 0.363671273E+00
 0.368520738E+00 0.371906354E+00 0.373786650E+00 0.374132276E+00 0.372934729E+00
 0.370229158E+00 0.366146381E+00 0.360980641E+00 0.355134409E+00 0.348941270E+00
 0.342615217E+00 0.336288911E+00 0.330046642E+00 0.323942786E+00-0.167673080E+00
-0.173518543E+00-0.176766725E+00-0.177330164E+00-0.175333184E+00-0.172825042E+00
-0.170439412E+00-0.168163050E+00-0.165983981E+00-0.163889525E+00-0.161866818E+00
-0.159903286E+00-0.157986992E+00-0.156106864E+00-0.154252824E+00-0.152415824E+00
-0.150587829E+00-0.148761748E+00-0.146931346E+00-0.145091142E+00-0.143236308E+00
-0.141362564E+00-0.139466096E+00-0.137543473E+00-0.135591584E+00-0.133607584E+00
-0.131588852E+00-0.129532964E+00-0.127437667E+00-0.125300867E+00-0.123120618E+00
-0.120895121E+00-0.118622717E+00-0.116301889E+00-0.113931264E+00-0.111509606E+00
-0.109035817E+00-0.106508936E+00-0.103928125E+00-0.101292667E+00-0.986019535E-01
-0.958554720E-01-0.930527909E-01-0.901935453E-01-0.872774204E-01-0.843041341E-01
-0.812734207E-01-0.781850139E-01-0.750386308E-01-0.718339567E-01-0.685706308E-01
-0.652482330E-01-0.618662724E-01-0.584241761E-01-0.549212796E-01-0.513568183E-01
-0.477299200E-01-0.440395974E-01-0.402847425E-01-0.364641205E-01-0.325763647E-01
-0.286199714E-01-0.245932955E-01-0.204945454E-01-0.163217793E-01-0.120728994E-01
-0.774564808E-02-0.333760230E-02 0.115383197E-02 0.573142592E-02 0.103981349E-01
 0.151571066E-01 0.200116901E-01 0.249654467E-01 0.300221625E-01 0.351858632E-01
 0.404608306E-01 0.458516226E-01 0.513630962E-01 0.570004336E-01 0.627691727E-01
 0.686752421E-01 0.747250016E-01 0.809252875E-01 0.872834665E-01 0.938074953E-01
 0.100505991E+00 0.107388311E+00 0.114464644E+00 0.121746118E+00 0.129244926E+00
 0.136974462E+00 0.144949498E+00 0.153186376E+00 0.161703242E+00 0.170520329E+00
 0.179660282E+00 0.189148578E+00 0.199014020E+00 0.209289376E+00 0.220012203E+00
 0.231225944E+00 0.242981490E+00 0.255339512E+00 0.268374353E+00 0.282181442E+00
 0.296895127E+00 0.312758110E+00 0.329193391E+00 0.344366841E+00 0.358159666E+00
 0.370342336E+00 0.380835051E+00 0.389732639E+00 0.397028584E+00 0.402632276E+00
 0.406334053E+00 0.408059639E+00 0.407882415E+00 0.405743943E+00 0.401460353E+00
 0.394633011E+00 0.385453866E+00 0.376410500E+00 0.367597728E+00 0.359080881E+00
 0.350897876E+00 0.343068582E+00 0.335600494E+00-0.166541599E+00-0.172348718E+00
-0.175503509E+00-0.175957704E+00-0.173618772E+00-0.170977391E+00-0.168479219E+00
-0.166090698E+00-0.163801162E+00-0.161599463E+00-0.159474192E+00-0.157414083E+00
-0.155408308E+00-0.153446681E+00-0.151519770E+00-0.149618948E+00-0.147736388E+00
-0.145865034E+00-0.143998542E+00-0.142131215E+00-0.140257929E+00-0.138374063E+00
-0.136475434E+00-0.134558234E+00-0.132618982E+00-0.130654475E+00-0.128661753E+00
-0.126638072E+00-0.124580878E+00-0.122487790E+00-0.120356589E+00-0.118185208E+00
-0.115971723E+00-0.113714351E+00-0.111411442E+00-0.109061476E+00-0.106663059E+00
-0.104214915E+00-0.101715883E+00-0.991649029E-01-0.965610124E-01-0.939033322E-01
-0.911910564E-01-0.884234391E-01-0.855997817E-01-0.827194191E-01-0.797817061E-01
-0.767860035E-01-0.737316654E-01-0.706180256E-01-0.674443859E-01-0.642100042E-01
-0.609140841E-01-0.575557646E-01-0.541341111E-01-0.506481067E-01-0.470966444E-01
-0.434785198E-01-0.397924243E-01-0.360369387E-01-0.322105272E-01-0.283115309E-01
-0.243381629E-01-0.202885014E-01-0.161604847E-01-0.119519041E-01-0.766039800E-02
-0.328344453E-02 0.118164617E-02 0.573774052E-02 0.103878910E-01 0.151353473E-01
 0.199835681E-01 0.249362359E-01 0.299972725E-01 0.351708583E-01 0.404614532E-01
 0.458738215E-01 0.514130602E-01 0.570846316E-01 0.628944014E-01 0.688486815E-01
 0.749542803E-01 0.812185604E-01 0.876495058E-01 0.942557985E-01 0.101046910E+00
 0.108033204E+00 0.115226062E+00 0.122638029E+00 0.130282981E+00 0.138176334E+00
 0.146335286E+00 0.154779116E+00 0.163529548E+00 0.172611195E+00 0.182052119E+00
 0.191884545E+00 0.202145777E+00 0.212879411E+00 0.224136982E+00 0.235980279E+00
 0.248484711E+00 0.261744478E+00 0.275880906E+00 0.291056503E+00 0.307498220E+00
 0.325524875E+00 0.345647172E+00 0.364285460E+00 0.380545588E+00 0.394885139E+00
 0.407356566E+00 0.417962990E+00 0.426281161E+00 0.432313181E+00 0.436377984E+00
 0.438414969E+00 0.438308895E+00 0.435470462E+00 0.429736656E+00 0.421146374E+00
 0.409227162E+00 0.396643270E+00 0.385006214E+00 0.374183170E+00 0.364087521E+00
 0.354656843E+00 0.345839719E+00-0.164235713E+00-0.169835399E+00-0.172887930E+00
-0.173264827E+00-0.171241767E+00-0.168574456E+00-0.166005218E+00-0.163549153E+00
-0.161195625E+00-0.158933213E+00-0.156750546E+00-0.154636663E+00-0.152581219E+00
-0.150574589E+00-0.148607900E+00-0.146673021E+00-0.144762529E+00-0.142869658E+00
-0.140988246E+00-0.139112675E+00-0.137237815E+00-0.135358968E+00-0.133471821E+00
-0.131572397E+00-0.129657017E+00-0.127722264E+00-0.125764956E+00-0.123782118E+00
-0.121770966E+00-0.119728886E+00-0.117653427E+00-0.115542284E+00-0.113393295E+00
-0.111204429E+00-0.108973784E+00-0.106699579E+00-0.104380148E+00-0.102013932E+00
-0.995994753E-01-0.971354159E-01-0.946204770E-01-0.920534583E-01-0.894332260E-01
-0.867587024E-01-0.840288552E-01-0.812426859E-01-0.783992190E-01-0.754974902E-01
-0.725365354E-01-0.695153799E-01-0.664330279E-01-0.632884521E-01-0.600805842E-01
-0.568083061E-01-0.534704407E-01-0.500657443E-01-0.465928986E-01-0.430505034E-01
-0.394370695E-01-0.357510122E-01-0.319906445E-01-0.281541702E-01-0.242396778E-01
-0.202451336E-01-0.161683745E-01-0.120071010E-01-0.775886895E-02-0.342108149E-02
 0.100902050E-02 0.553436854E-02 0.101580780E-01 0.148834610E-01 0.197140408E-01
 0.246535681E-01 0.297060403E-01 0.348757220E-01 0.401671703E-01 0.455852618E-01
 0.511352255E-01 0.568226790E-01 0.626536709E-01 0.686347298E-01 0.747729201E-01
 0.810759073E-01 0.875520331E-01 0.942104037E-01 0.101060991E+00 0.108114756E+00
 0.115383783E+00 0.122881457E+00 0.130622654E+00 0.138623985E+00 0.146904079E+00
 0.155483938E+00 0.164387360E+00 0.173641467E+00 0.183277366E+00 0.193330976E+00
 0.203844079E+00 0.214865680E+00 0.226453767E+00 0.238677611E+00 0.251620789E+00
 0.265385091E+00 0.280095331E+00 0.295904526E+00 0.312997393E+00 0.331587664E+00
 0.351902826E+00 0.373164376E+00 0.391960493E+00 0.408396872E+00 0.422524388E+00
 0.434264286E+00 0.443531543E+00 0.450502377E+00 0.455226159E+00 0.457619693E+00
 0.457459013E+00 0.454509728E+00 0.448783151E+00 0.440138937E+00 0.428304505E+00
 0.413403435E+00 0.399381325E+00 0.386539774E+00 0.374751560E+00 0.363908185E+00
 0.353914414E+00-0.161729221E+00-0.167265764E+00-0.170230417E+00-0.170530671E+00
-0.168326316E+00-0.165596931E+00-0.162999502E+00-0.160522934E+00-0.158153118E+00
-0.155876495E+00-0.153680580E+00-0.151554098E+00-0.149486933E+00-0.147470000E+00
-0.145495098E+00-0.143554782E+00-0.141642261E+00-0.139751306E+00-0.137876182E+00
-0.136011588E+00-0.134152612E+00-0.132294685E+00-0.130433544E+00-0.128565205E+00
-0.126685932E+00-0.124792214E+00-0.122880742E+00-0.120948396E+00-0.118992227E+00
-0.117009445E+00-0.114997408E+00-0.112953614E+00-0.110875692E+00-0.108761395E+00
-0.106608595E+00-0.104415276E+00-0.102179528E+00-0.998995393E-01-0.975735921E-01
-0.952000541E-01-0.927773715E-01-0.903040608E-01-0.877787003E-01-0.851999215E-01
-0.825663998E-01-0.798768454E-01-0.771299933E-01-0.743245944E-01-0.714594058E-01
-0.685331813E-01-0.655446627E-01-0.624925708E-01-0.593755970E-01-0.561923949E-01
-0.529415726E-01-0.496216850E-01-0.462312265E-01-0.427686239E-01-0.392322294E-01
-0.356203137E-01-0.319310594E-01-0.281625538E-01-0.243127824E-01-0.203796208E-01
-0.163608281E-01-0.122540383E-01-0.805675156E-02-0.376632549E-02 0.620035625E-03
 0.510529180E-02 0.969257992E-02 0.143852276E-01 0.191867690E-01 0.241009624E-01
 0.291318100E-01 0.342835809E-01 0.395608365E-01 0.449684602E-01 0.505116905E-01
 0.561961596E-01 0.620279370E-01 0.680135801E-01 0.741601922E-01 0.804754891E-01
 0.869678774E-01 0.936465433E-01 0.100521559E+00 0.107604003E+00 0.114906106E+00
 0.122441423E+00 0.130225027E+00 0.138273760E+00 0.146606509E+00 0.155244560E+00
 0.164212015E+00 0.173536298E+00 0.183248778E+00 0.193385535E+00 0.203988290E+00
 0.215105557E+00 0.226794037E+00 0.239120293E+00 0.252162691E+00 0.266013518E+00
 0.280781004E+00 0.296590737E+00 0.313585621E+00 0.331923527E+00 0.351772331E+00
 0.373336377E+00 0.394228108E+00 0.412347247E+00 0.427503529E+00 0.440157224E+00
 0.450442099E+00 0.458396420E+00 0.463812865E+00 0.466406372E+00 0.466518079E+00
 0.464135077E+00 0.459143004E+00 0.451163408E+00 0.439774456E+00 0.425183683E+00
 0.409356083E+00 0.394958070E+00 0.381874486E+00 0.369969539E+00 0.359114520E+00
-0.158704622E+00-0.164185615E+00-0.167065886E+00-0.167301098E+00-0.164748520E+00
-0.162002444E+00-0.159435926E+00-0.156997824E+00-0.154667003E+00-0.152426341E+00
-0.150262080E+00-0.148163072E+00-0.146120049E+00-0.144125063E+00-0.142171103E+00
-0.140251835E+00-0.138361441E+00-0.136494509E+00-0.134645965E+00-0.132811026E+00
-0.130985166E+00-0.129164094E+00-0.127343731E+00-0.125520200E+00-0.123689806E+00
-0.121849029E+00-0.119994512E+00-0.118123052E+00-0.116231588E+00-0.114317201E+00
-0.112377100E+00-0.110408619E+00-0.108409211E+00-0.106376442E+00-0.104307986E+00
-0.102201620E+00-0.100055215E+00-0.978667369E-01-0.956342346E-01-0.933558368E-01
-0.910297445E-01-0.886542240E-01-0.862276001E-01-0.837482484E-01-0.812145875E-01
-0.786250712E-01-0.759781805E-01-0.732724160E-01-0.705062891E-01-0.676783150E-01
-0.647870045E-01-0.618308563E-01-0.588083498E-01-0.557179379E-01-0.525580395E-01
-0.493270330E-01-0.460232494E-01-0.426449655E-01-0.391903974E-01-0.356576937E-01
-0.320449288E-01-0.283500964E-01-0.245711017E-01-0.207057547E-01-0.167517620E-01
-0.127067190E-01-0.856810034E-02-0.433325083E-02 0.625326674E-06 0.443647607E-02
 0.897741428E-02 0.136267320E-01 0.183879162E-01 0.232646670E-01 0.282609170E-01
 0.333808543E-01 0.386289479E-01 0.440099764E-01 0.495290608E-01 0.551917015E-01
 0.610038210E-01 0.669718118E-01 0.731025922E-01 0.794036694E-01 0.858832130E-01
 0.925501385E-01 0.994142054E-01 0.106486130E+00 0.113777716E+00 0.121302010E+00
 0.129073481E+00 0.137108228E+00 0.145424238E+00 0.154041672E+00 0.162983217E+00
 0.172274505E+00 0.181944595E+00 0.192026561E+00 0.202558173E+00 0.213582689E+00
 0.225149773E+00 0.237316508E+00 0.250148490E+00 0.263720926E+00 0.278119638E+00
 0.293441842E+00 0.309796626E+00 0.327305137E+00 0.346100692E+00 0.366328846E+00
 0.387867743E+00 0.406890080E+00 0.423012574E+00 0.436505657E+00 0.447473877E+00
 0.455910734E+00 0.461660601E+00 0.464879645E+00 0.465704931E+00 0.464090389E+00
 0.459869559E+00 0.452732147E+00 0.442701843E+00 0.429776766E+00 0.413897565E+00
 0.398468265E+00 0.384598840E+00 0.372113696E+00 0.360841367E+00-0.154190787E+00
-0.159357039E+00-0.162113339E+00-0.162351354E+00-0.160314439E+00-0.157733952E+00
-0.155295939E+00-0.152978526E+00-0.150753033E+00-0.148601447E+00-0.146512139E+00
-0.144476921E+00-0.142489408E+00-0.140544167E+00-0.138636274E+00-0.136761088E+00
-0.134914147E+00-0.133091112E+00-0.131287748E+00-0.129499918E+00-0.127723588E+00
-0.125954823E+00-0.124189802E+00-0.122424813E+00-0.120656259E+00-0.118880660E+00
-0.117094654E+00-0.115294993E+00-0.113478545E+00-0.111642291E+00-0.109783324E+00
-0.107898841E+00-0.105986146E+00-0.104042643E+00-0.102065833E+00-0.100053311E+00
-0.980027568E-01-0.959119372E-01-0.937786957E-01-0.916009490E-01-0.893766813E-01
-0.871039380E-01-0.847808199E-01-0.824054765E-01-0.799760999E-01-0.774909180E-01
-0.749481877E-01-0.723461886E-01-0.696832159E-01-0.669575741E-01-0.641675705E-01
-0.613115082E-01-0.583876805E-01-0.553943641E-01-0.523298129E-01-0.491922523E-01
-0.459798727E-01-0.426908233E-01-0.393232064E-01-0.358750709E-01-0.323444059E-01
-0.287291344E-01-0.250271062E-01-0.212360906E-01-0.173537693E-01-0.133777278E-01
-0.930544675E-02-0.513429277E-02-0.861507815E-03 0.351580198E-02 0.800067872E-02
 0.125963265E-01 0.173061268E-01 0.221336550E-01 0.270826998E-01 0.321572840E-01
 0.373616884E-01 0.427004780E-01 0.481785326E-01 0.538010798E-01 0.595737335E-01
 0.655025367E-01 0.715940105E-01 0.778552092E-01 0.842937833E-01 0.909180513E-01
 0.977370813E-01 0.104760785E+00 0.112000023E+00 0.119466732E+00 0.127174059E+00
 0.135136529E+00 0.143370228E+00 0.151893016E+00 0.160724770E+00 0.169887666E+00
 0.179406486E+00 0.189308979E+00 0.199626244E+00 0.210393160E+00 0.221648836E+00
 0.233437075E+00 0.245806839E+00 0.258812716E+00 0.272515397E+00 0.286982289E+00
 0.302288500E+00 0.318518732E+00 0.335771019E+00 0.354163652E+00 0.373852673E+00
 0.393364663E+00 0.410011054E+00 0.423874603E+00 0.434817212E+00 0.443208524E+00
 0.449318427E+00 0.453218567E+00 0.454835404E+00 0.453824660E+00 0.450391658E+00
 0.444644425E+00 0.436511559E+00 0.425771835E+00 0.411923389E+00 0.396172621E+00
 0.382176840E+00 0.369759573E+00 0.358665097E+00-0.149108250E+00-0.153900891E+00
-0.156491711E+00-0.156830232E+00-0.155019159E+00-0.152775741E+00-0.150629858E+00
-0.148534157E+00-0.146476841E+00-0.144456468E+00-0.142473278E+00-0.140527153E+00
-0.138617239E+00-0.136741971E+00-0.134899204E+00-0.133086335E+00-0.131300419E+00
-0.129538257E+00-0.127796476E+00-0.126071591E+00-0.124360049E+00-0.122658272E+00
-0.120962689E+00-0.119269757E+00-0.117575983E+00-0.115877937E+00-0.114172260E+00
-0.112455679E+00-0.110725002E+00-0.108977130E+00-0.107209055E+00-0.105417859E+00
-0.103600716E+00-0.101754888E+00-0.998777237E-01-0.979666566E-01-0.960191997E-01
-0.940329425E-01-0.920055468E-01-0.899347419E-01-0.878183199E-01-0.856541306E-01
-0.834400763E-01-0.811741067E-01-0.788542131E-01-0.764784232E-01-0.740447955E-01
-0.715514139E-01-0.689963822E-01-0.663778185E-01-0.636938503E-01-0.609426084E-01
-0.581222226E-01-0.552308155E-01-0.522664978E-01-0.492273632E-01-0.461114824E-01
-0.429168986E-01-0.396416215E-01-0.362836218E-01-0.328408256E-01-0.293111081E-01
-0.256922875E-01-0.219821181E-01-0.181782833E-01-0.142783878E-01-0.102799498E-01
-0.618039164E-02-0.197703035E-02 0.233293270E-02 0.675242345E-02 0.112845077E-01
 0.159324049E-01 0.206995037E-01 0.255893783E-01 0.306058076E-01 0.357527958E-01
 0.410345951E-01 0.464557315E-01 0.520210331E-01 0.577356617E-01 0.636051480E-01
 0.696354309E-01 0.758329013E-01 0.822044510E-01 0.887575273E-01 0.955001937E-01
 0.102441198E+00 0.109590047E+00 0.116957090E+00 0.124553613E+00 0.132391938E+00
 0.140485533E+00 0.148849136E+00 0.157498875E+00 0.166452402E+00 0.175729029E+00
 0.185349846E+00 0.195337839E+00 0.205717966E+00 0.216517195E+00 0.227764476E+00
 0.239490622E+00 0.251728103E+00 0.264510748E+00 0.277873431E+00 0.291851926E+00
 0.306483368E+00 0.321808422E+00 0.337878128E+00 0.354774538E+00 0.372608061E+00
 0.388619348E+00 0.401639728E+00 0.412029914E+00 0.420240180E+00 0.426416613E+00
 0.430579414E+00 0.432526989E+00 0.432268806E+00 0.430048724E+00 0.425878972E+00
 0.419681096E+00 0.411160973E+00 0.400245706E+00 0.387039601E+00 0.373928599E+00
 0.362560505E+00 0.352453342E+00-0.142917213E+00-0.146827545E+00-0.149149828E+00
-0.149770480E+00-0.148990201E+00-0.147482379E+00-0.145715631E+00-0.143857119E+00
-0.141969171E+00-0.140080753E+00-0.138207028E+00-0.136356203E+00-0.134532520E+00
-0.132737751E+00-0.130972041E+00-0.129234418E+00-0.127523120E+00-0.125835827E+00
-0.124169815E+00-0.122522079E+00-0.120889419E+00-0.119268513E+00-0.117655961E+00
-0.116048333E+00-0.114442197E+00-0.112834143E+00-0.111220802E+00-0.109598861E+00
-0.107965069E+00-0.106316249E+00-0.104649297E+00-0.102961191E+00-0.101248987E+00
-0.995098198E-01-0.977409034E-01-0.959395278E-01-0.941030566E-01-0.922289234E-01
-0.903146287E-01-0.883577356E-01-0.863558662E-01-0.843066965E-01-0.822079527E-01
-0.800574067E-01-0.778528711E-01-0.755921954E-01-0.732732613E-01-0.708939783E-01
-0.684522794E-01-0.659461171E-01-0.633734589E-01-0.607322833E-01-0.580205756E-01
-0.552363238E-01-0.523775142E-01-0.494421276E-01-0.464281345E-01-0.433334907E-01
-0.401561329E-01-0.368939740E-01-0.335448976E-01-0.301067529E-01-0.265773493E-01
-0.229544500E-01-0.192357660E-01-0.154189489E-01-0.115015836E-01-0.748118075E-02
-0.335516749E-02 0.879121396E-03 0.522445370E-02 0.968371079E-02 0.142598995E-01
 0.189561652E-01 0.237758058E-01 0.287222875E-01 0.337992614E-01 0.390105817E-01
 0.443603265E-01 0.498528188E-01 0.554926509E-01 0.612847103E-01 0.672342074E-01
 0.733467067E-01 0.796281588E-01 0.860849365E-01 0.927238721E-01 0.995522969E-01
 0.106578083E+00 0.113809686E+00 0.121256187E+00 0.128927333E+00 0.136833577E+00
 0.144986104E+00 0.153396849E+00 0.162078500E+00 0.171044464E+00 0.180308805E+00
 0.189886113E+00 0.199791310E+00 0.210039337E+00 0.220644708E+00 0.231620871E+00
 0.242979320E+00 0.254728347E+00 0.266871323E+00 0.279404223E+00 0.292311910E+00
 0.305562038E+00 0.319093488E+00 0.332788825E+00 0.346375825E+00 0.359076204E+00
 0.370129011E+00 0.379401148E+00 0.386897245E+00 0.392637148E+00 0.396639855E+00
 0.398920982E+00 0.399494224E+00 0.398375125E+00 0.395585834E+00 0.391160922E+00
 0.385157928E+00 0.377683210E+00 0.368977446E+00 0.359764419E+00 0.350949632E+00
 0.342718389E+00-0.139157702E+00-0.143192632E+00-0.145407383E+00-0.145733886E+00
-0.144375257E+00-0.142682543E+00-0.140938581E+00-0.139154607E+00-0.137352977E+00
-0.135552069E+00-0.133764481E+00-0.131998238E+00-0.130258090E+00-0.128546455E+00
-0.126864082E+00-0.125210511E+00-0.123584393E+00-0.121983725E+00-0.120406024E+00
-0.118848459E+00-0.117307951E+00-0.115781250E+00-0.114264997E+00-0.112755770E+00
-0.111250121E+00-0.109744604E+00-0.108235800E+00-0.106720328E+00-0.105194862E+00
-0.103656137E+00-0.102100955E+00-0.100526190E+00-0.989287884E-01-0.973057694E-01
-0.956542249E-01-0.939713171E-01-0.922542764E-01-0.905003986E-01-0.887070412E-01
-0.868716203E-01-0.849916067E-01-0.830645223E-01-0.810879363E-01-0.790594614E-01
-0.769767504E-01-0.748374926E-01-0.726394108E-01-0.703802572E-01-0.680578114E-01
-0.656698766E-01-0.632142767E-01-0.606888537E-01-0.580914645E-01-0.554199782E-01
-0.526722726E-01-0.498462316E-01-0.469397415E-01-0.439506877E-01-0.408769513E-01
-0.377164048E-01-0.344669081E-01-0.311263042E-01-0.276924143E-01-0.241630327E-01
-0.205359212E-01-0.168088036E-01-0.129793588E-01-0.904521436E-02-0.500393909E-02
-0.853035172E-03 0.341007027E-02 0.778803417E-02 0.122836073E-01 0.168996444E-01
 0.216391156E-01 0.265051180E-01 0.315008883E-01 0.366298162E-01 0.418954587E-01
 0.473015545E-01 0.528520402E-01 0.585510662E-01 0.644030132E-01 0.704125095E-01
 0.765844476E-01 0.829240004E-01 0.894366363E-01 0.961281327E-01 0.103004585E+00
 0.110072413E+00 0.117338358E+00 0.124809469E+00 0.132493083E+00 0.140396777E+00
 0.148528298E+00 0.156895463E+00 0.165506012E+00 0.174367398E+00 0.183486504E+00
 0.192869251E+00 0.202520074E+00 0.212441214E+00 0.222631768E+00 0.233086408E+00
 0.243793641E+00 0.254733396E+00 0.265873604E+00 0.277165197E+00 0.288534538E+00
 0.299871857E+00 0.311014780E+00 0.321733168E+00 0.331743237E+00 0.340775668E+00
 0.348639262E+00 0.355222443E+00 0.360466389E+00 0.364343756E+00 0.366847433E+00
 0.367985993E+00 0.367783369E+00 0.366281830E+00 0.363548467E+00 0.359686267E+00
 0.354850871E+00 0.349268324E+00 0.343227696E+00 0.337015285E+00 0.330839068E+00
-0.135042668E+00-0.139092280E+00-0.141235873E+00-0.141399084E+00-0.139890604E+00
-0.138040149E+00-0.136215468E+00-0.134414606E+00-0.132635895E+00-0.130881829E+00
-0.129155896E+00-0.127461051E+00-0.125799186E+00-0.124171074E+00-0.122576479E+00
-0.121014321E+00-0.119482841E+00-0.117979744E+00-0.116502329E+00-0.115047584E+00
-0.113612282E+00-0.112193038E+00-0.110786369E+00-0.109388741E+00-0.107996595E+00
-0.106606384E+00-0.105214583E+00-0.103817712E+00-0.102412346E+00-0.100995119E+00
-0.995627346E-01-0.981119630E-01-0.966396470E-01-0.951426993E-01-0.936181016E-01
-0.920629028E-01-0.904742159E-01-0.888492151E-01-0.871851323E-01-0.854792538E-01
-0.837289167E-01-0.819315053E-01-0.800844482E-01-0.781852152E-01-0.762313144E-01
-0.742202896E-01-0.721497184E-01-0.700172095E-01-0.678204016E-01-0.655569611E-01
-0.632245807E-01-0.608209778E-01-0.583438930E-01-0.557910883E-01-0.531603456E-01
-0.504494643E-01-0.476562599E-01-0.447785610E-01-0.418142073E-01-0.387610463E-01
-0.356169303E-01-0.323797130E-01-0.290472457E-01-0.256173731E-01-0.220879286E-01
-0.184567300E-01-0.147215736E-01-0.108802294E-01-0.693043456E-02-0.286988730E-02
 0.130375961E-02 0.559290596E-02 0.100000114E-01 0.145276030E-01 0.191782833E-01
 0.239547382E-01 0.288597455E-01 0.338961831E-01 0.390670372E-01 0.443754106E-01
 0.498245303E-01 0.554177544E-01 0.611585782E-01 0.670506384E-01 0.730977155E-01
 0.793037334E-01 0.856727544E-01 0.922089703E-01 0.989166854E-01 0.105800292E+00
 0.112864231E+00 0.120112946E+00 0.127550807E+00 0.135182016E+00 0.143010485E+00
 0.151039662E+00 0.159272321E+00 0.167710276E+00 0.176354020E+00 0.185202256E+00
 0.194251301E+00 0.203494322E+00 0.212920357E+00 0.222513073E+00 0.232249165E+00
 0.242096329E+00 0.252010690E+00 0.261933631E+00 0.271788130E+00 0.281475181E+00
 0.290871942E+00 0.299834637E+00 0.308209180E+00 0.315848139E+00 0.322626542E+00
 0.328449634E+00 0.333252644E+00 0.336996887E+00 0.339665783E+00 0.341262352E+00
 0.341808524E+00 0.341346127E+00 0.339939233E+00 0.337677113E+00 0.334676117E+00
 0.331077310E+00 0.327036343E+00 0.322706006E+00 0.318218804E+00-0.130887424E+00
-0.134926135E+00-0.137020677E+00-0.137082928E+00-0.135143184E+00-0.133199035E+00
-0.131327435E+00-0.129510740E+00-0.127744271E+00-0.126025449E+00-0.124352828E+00
-0.122725358E+00-0.121141903E+00-0.119600995E+00-0.118100735E+00-0.116638797E+00
-0.115212466E+00-0.113818703E+00-0.112454216E+00-0.111115517E+00-0.109798985E+00
-0.108500914E+00-0.107217551E+00-0.105945129E+00-0.104679897E+00-0.103418135E+00
-0.102156172E+00-0.100890396E+00-0.996172609E-01-0.983332926E-01-0.970350898E-01
-0.957193254E-01-0.943827453E-01-0.930221664E-01-0.916344743E-01-0.902166196E-01
-0.887656142E-01-0.872785279E-01-0.857524837E-01-0.841846548E-01-0.825722605E-01
-0.809125628E-01-0.792028641E-01-0.774405041E-01-0.756228582E-01-0.737473357E-01
-0.718113788E-01-0.698124620E-01-0.677480913E-01-0.656158043E-01-0.634131701E-01
-0.611377891E-01-0.587872931E-01-0.563593452E-01-0.538516392E-01-0.512618995E-01
-0.485878800E-01-0.458273630E-01-0.429781579E-01-0.400380994E-01-0.370050454E-01
-0.338768745E-01-0.306514833E-01-0.273267831E-01-0.239006965E-01-0.203711537E-01
-0.167360886E-01-0.129934339E-01-0.914111717E-02-0.517705591E-02-0.109915254E-02
 0.309471043E-02 0.740667551E-02 0.118389152E-01 0.163936370E-01 0.210730876E-01
 0.258795579E-01 0.308153860E-01 0.358829607E-01 0.410847233E-01 0.464231684E-01
 0.519008426E-01 0.575203416E-01 0.632843040E-01 0.691954016E-01 0.752563254E-01
 0.814697661E-01 0.878383868E-01 0.943647877E-01 0.101051460E+00 0.107900724E+00
 0.114914654E+00 0.122094981E+00 0.129442965E+00 0.136959246E+00 0.144643644E+00
 0.152494926E+00 0.160510500E+00 0.168686053E+00 0.177015100E+00 0.185488432E+00
 0.194093451E+00 0.202813365E+00 0.211626232E+00 0.220503844E+00 0.229410454E+00
 0.238301403E+00 0.247121779E+00 0.255805373E+00 0.264274383E+00 0.272440512E+00
 0.280208050E+00 0.287479055E+00 0.294159824E+00 0.300167058E+00 0.305432306E+00
 0.309904189E+00 0.313548899E+00 0.316349822E+00 0.318306994E+00 0.319436785E+00
 0.319771868E+00 0.319361264E+00 0.318269993E+00 0.316577623E+00 0.314375012E+00
 0.311758971E+00 0.308825548E+00 0.305663563E+00-0.125744211E+00-0.129702260E+00
-0.131723348E+00-0.131741742E+00-0.130010450E+00-0.128043317E+00-0.126154910E+00
-0.124341483E+00-0.122598734E+00-0.120922729E+00-0.119309859E+00-0.117756691E+00
-0.116259819E+00-0.114815759E+00-0.113420887E+00-0.112071427E+00-0.110763458E+00
-0.109492944E+00-0.108255766E+00-0.107047757E+00-0.105864737E+00-0.104702535E+00
-0.103557021E+00-0.102424113E+00-0.101299802E+00-0.100180155E+00-0.990613212E-01
-0.979395402E-01-0.968111387E-01-0.956725322E-01-0.945202221E-01-0.933507929E-01
-0.921609077E-01-0.909473041E-01-0.897067892E-01-0.884362339E-01-0.871325682E-01
-0.857927758E-01-0.844138892E-01-0.829929853E-01-0.815271812E-01-0.800136307E-01
-0.784495219E-01-0.768320748E-01-0.751585406E-01-0.734262008E-01-0.716323678E-01
-0.697743857E-01-0.678496313E-01-0.658555161E-01-0.637894877E-01-0.616490321E-01
-0.594316749E-01-0.571349834E-01-0.547565674E-01-0.522940807E-01-0.497452214E-01
-0.471077322E-01-0.443794001E-01-0.415580560E-01-0.386415734E-01-0.356278669E-01
-0.325148907E-01-0.293006360E-01-0.259831289E-01-0.225604271E-01-0.190306176E-01
-0.153918128E-01-0.116421478E-01-0.777977671E-02-0.380286945E-02 0.290391383E-03
 0.450181360E-02 0.883319807E-02 0.132863409E-01 0.178630352E-01 0.225650718E-01
 0.273942390E-01 0.323523213E-01 0.374410966E-01 0.426623305E-01 0.480177698E-01
 0.535091315E-01 0.591380893E-01 0.649062549E-01 0.708151544E-01 0.768661983E-01
 0.830606432E-01 0.893995443E-01 0.958836969E-01 0.102513563E+00 0.109289184E+00
 0.116210069E+00 0.123275066E+00 0.130482201E+00 0.137828489E+00 0.145309699E+00
 0.152920087E+00 0.160652069E+00 0.168495846E+00 0.176438961E+00 0.184465798E+00
 0.192557014E+00 0.200688919E+00 0.208832823E+00 0.216954392E+00 0.225013090E+00
 0.232961809E+00 0.240746865E+00 0.248308530E+00 0.255582292E+00 0.262500925E+00
 0.268997264E+00 0.275007371E+00 0.280473609E+00 0.285347228E+00 0.289590189E+00
 0.293176264E+00 0.296091552E+00 0.298334620E+00 0.299916407E+00 0.300859929E+00
 0.301199718E+00 0.300980835E+00 0.300257277E+00 0.299089683E+00 0.297542386E+00
 0.295680142E+00 0.293565016E+00-0.120331026E+00-0.124197813E+00-0.126158675E+00
-0.126139977E+00-0.124476476E+00-0.122505827E+00-0.120622622E+00-0.118832924E+00
-0.117132372E+00-0.115516092E+00-0.113978986E+00-0.112515835E+00-0.111121357E+00
-0.109790244E+00-0.108517188E+00-0.107296908E+00-0.106124174E+00-0.104993828E+00
-0.103900807E+00-0.102840154E+00-0.101807036E+00-0.100796750E+00-0.998047270E-01
-0.988265375E-01-0.978578880E-01-0.968946189E-01-0.959327006E-01-0.949682271E-01
-0.939974098E-01-0.930165698E-01-0.920221307E-01-0.910106101E-01-0.899786119E-01
-0.889228185E-01-0.878399825E-01-0.867269197E-01-0.855805013E-01-0.843976472E-01
-0.831753197E-01-0.819105179E-01-0.806002725E-01-0.792416423E-01-0.778317111E-01
-0.763675867E-01-0.748464004E-01-0.732653079E-01-0.716214917E-01-0.699121633E-01
-0.681345675E-01-0.662859858E-01-0.643637406E-01-0.623651996E-01-0.602877790E-01
-0.581289482E-01-0.558862319E-01-0.535572133E-01-0.511395364E-01-0.486309072E-01
-0.460290946E-01-0.433319315E-01-0.405373140E-01-0.376432012E-01-0.346476142E-01
-0.315486347E-01-0.283444033E-01-0.250331175E-01-0.216130296E-01-0.180824447E-01
-0.144397180E-01-0.106832529E-01-0.681149907E-02-0.282295045E-02 0.128385594E-02
 0.551034079E-02 0.985788266E-02 0.143278172E-01 0.189214353E-01 0.236399799E-01
 0.284846411E-01 0.334565495E-01 0.385567674E-01 0.437862762E-01 0.491459619E-01
 0.546365955E-01 0.602588094E-01 0.660130676E-01 0.718996300E-01 0.779185083E-01
 0.840694136E-01 0.903516924E-01 0.967642514E-01 0.103305467E+00 0.109973078E+00
 0.116764061E+00 0.123674485E+00 0.130699334E+00 0.137832316E+00 0.145065635E+00
 0.152389730E+00 0.159792991E+00 0.167261441E+00 0.174778396E+00 0.182324108E+00
 0.189875414E+00 0.197405413E+00 0.204883207E+00 0.212273762E+00 0.219537955E+00
 0.226632876E+00 0.233512451E+00 0.240128441E+00 0.246431788E+00 0.252374265E+00
 0.257910254E+00 0.262998517E+00 0.267603770E+00 0.271697944E+00 0.275261108E+00
 0.278282033E+00 0.280758452E+00 0.282697046E+00 0.284113168E+00 0.285030286E+00
 0.285479124E+00 0.285496477E+00 0.285123707E+00 0.284405002E+00 0.283385544E+00
 0.282109758E+00-0.114822861E+00-0.118653591E+00-0.120564659E+00-0.120492324E+00
-0.118508107E+00-0.116521984E+00-0.114664032E+00-0.112920249E+00-0.111284938E+00
-0.109751717E+00-0.108313693E+00-0.106963695E+00-0.105694466E+00-0.104498795E+00
-0.103369617E+00-0.102300075E+00-0.101283562E+00-0.100313746E+00-0.993845720E-01
-0.984902668E-01-0.976253289E-01-0.967845173E-01-0.959628368E-01-0.951555218E-01
-0.943580194E-01-0.935659726E-01-0.927752028E-01-0.919816945E-01-0.911815788E-01
-0.903711194E-01-0.895466982E-01-0.887048023E-01-0.878420116E-01-0.869549874E-01
-0.860404609E-01-0.850952238E-01-0.841161178E-01-0.831000262E-01-0.820438654E-01
-0.809445773E-01-0.797991236E-01-0.786044806E-01-0.773576365E-01-0.760555901E-01
-0.746953524E-01-0.732739487E-01-0.717884240E-01-0.702358478E-01-0.686133215E-01
-0.669179846E-01-0.651470229E-01-0.632976744E-01-0.613672364E-01-0.593530716E-01
-0.572526131E-01-0.550633688E-01-0.527829258E-01-0.504089523E-01-0.479392007E-01
-0.453715083E-01-0.427037984E-01-0.399340805E-01-0.370604499E-01-0.340810866E-01
-0.309942549E-01-0.277983015E-01-0.244916539E-01-0.210728193E-01-0.175403826E-01
-0.138930053E-01-0.101294242E-01-0.624845088E-02-0.224897143E-02 0.187005297E-02
 0.610958467E-02 0.104705070E-01 0.149536208E-01 0.195596388E-01 0.242891789E-01
 0.291427549E-01 0.341207647E-01 0.392234762E-01 0.444510087E-01 0.498033116E-01
 0.552801374E-01 0.608810103E-01 0.666051880E-01 0.724516169E-01 0.784188791E-01
 0.845051304E-01 0.907080281E-01 0.970246471E-01 0.103451383E+00 0.109983843E+00
 0.116616716E+00 0.123343637E+00 0.130157023E+00 0.137047902E+00 0.144005721E+00
 0.151018146E+00 0.158070848E+00 0.165147299E+00 0.172228568E+00 0.179293148E+00
 0.186316834E+00 0.193272665E+00 0.200130976E+00 0.206859582E+00 0.213424130E+00
 0.219788636E+00 0.225916216E+00 0.231769991E+00 0.237314127E+00 0.242514934E+00
 0.247341954E+00 0.251768962E+00 0.255774812E+00 0.259344085E+00 0.262467539E+00
 0.265142322E+00 0.267371993E+00 0.269166310E+00 0.270540828E+00 0.271516278E+00
 0.272117762E+00 0.272373786E+00 0.272315181E+00 0.271973991E+00 0.271382401E+00
-0.108304862E+00-0.112032192E+00-0.113877940E+00-0.113780772E+00-0.111971025E+00
-0.110016668E+00-0.108207982E+00-0.106537286E+00-0.104996665E+00-0.103577184E+00
-0.102269312E+00-0.101063294E+00-0.999494410E-01-0.989183337E-01-0.979609544E-01
-0.970687643E-01-0.962337374E-01-0.954483635E-01-0.947056325E-01-0.939990053E-01
-0.933223789E-01-0.926700486E-01-0.920366690E-01-0.914172172E-01-0.908069576E-01
-0.902014092E-01-0.895963159E-01-0.889876191E-01-0.883714333E-01-0.877440236E-01
-0.871017855E-01-0.864412274E-01-0.857589531E-01-0.850516480E-01-0.843160640E-01
-0.835490080E-01-0.827473287E-01-0.819079062E-01-0.810276406E-01-0.801034423E-01
-0.791322235E-01-0.781108914E-01-0.770363443E-01-0.759054713E-01-0.747151551E-01
-0.734622773E-01-0.721437274E-01-0.707564126E-01-0.692972683E-01-0.677632704E-01
-0.661514456E-01-0.644588827E-01-0.626827420E-01-0.608202639E-01-0.588687773E-01
-0.568257051E-01-0.546885703E-01-0.524549995E-01-0.501227262E-01-0.476895931E-01
-0.451535531E-01-0.425126701E-01-0.397651191E-01-0.369091856E-01-0.339432648E-01
-0.308658603E-01-0.276755834E-01-0.243711509E-01-0.209513846E-01-0.174152101E-01
-0.137616560E-01-0.998985405E-02-0.609903947E-02-0.208855241E-02 0.204215991E-02
 0.629353969E-02 0.106659139E-01 0.151594877E-01 0.197743366E-01 0.245103958E-01
 0.293674478E-01 0.343451065E-01 0.394427983E-01 0.446597400E-01 0.499949118E-01
 0.554470259E-01 0.610144900E-01 0.666953642E-01 0.724873121E-01 0.783875437E-01
 0.843927515E-01 0.904990368E-01 0.967018279E-01 0.102995788E+00 0.109374713E+00
 0.115831424E+00 0.122357642E+00 0.128943868E+00 0.135579246E+00 0.142251432E+00
 0.148946469E+00 0.155648666E+00 0.162340499E+00 0.169002553E+00 0.175613497E+00
 0.182150127E+00 0.188587488E+00 0.194899082E+00 0.201057184E+00 0.207033270E+00
 0.212798544E+00 0.218324560E+00 0.223583906E+00 0.228550919E+00 0.233202387E+00
 0.237518198E+00 0.241481902E+00 0.245081158E+00 0.248308046E+00 0.251159231E+00
 0.253635983E+00 0.255744045E+00 0.257493353E+00 0.258897629E+00 0.259973851E+00
 0.260741627E+00 0.261222519E+00 0.261439331E+00 0.261415430E+00-0.101186359E+00
-0.104788518E+00-0.106569475E+00-0.106457670E+00-0.104793368E+00-0.102899859E+00
-0.101172405E+00-0.996115092E-01-0.982052510E-01-0.969405101E-01-0.958037977E-01
-0.947817906E-01-0.938616957E-01-0.930314726E-01-0.922799453E-01-0.915968339E-01
-0.909727347E-01-0.903990689E-01-0.898680136E-01-0.893724266E-01-0.889057709E-01
-0.884620420E-01-0.880357011E-01-0.876216138E-01-0.872149958E-01-0.868113649E-01
-0.864064978E-01-0.859963930E-01-0.855772382E-01-0.851453810E-01-0.846973038E-01
-0.842296019E-01-0.837389637E-01-0.832221528E-01-0.826759932E-01-0.820973536E-01
-0.814831347E-01-0.808302545E-01-0.801356353E-01-0.793961892E-01-0.786088045E-01
-0.777703350E-01-0.768775930E-01-0.759273497E-01-0.749163406E-01-0.738412768E-01
-0.726988591E-01-0.714857954E-01-0.701988183E-01-0.688347028E-01-0.673902831E-01
-0.658624672E-01-0.642482509E-01-0.625447297E-01-0.607491085E-01-0.588587111E-01
-0.568709857E-01-0.547835104E-01-0.525939964E-01-0.503002905E-01-0.479003769E-01
-0.453923774E-01-0.427745519E-01-0.400452978E-01-0.372031486E-01-0.342467727E-01
-0.311749723E-01-0.279866815E-01-0.246809650E-01-0.212570175E-01-0.177141626E-01
-0.140518528E-01-0.102696706E-01-0.636732957E-02-0.234467696E-02 0.179830246E-02
 0.606148147E-02 0.104445838E-01 0.149471760E-01 0.195686565E-01 0.243082437E-01
 0.291649601E-01 0.341376147E-01 0.392247809E-01 0.444247723E-01 0.497356130E-01
 0.551550043E-01 0.606802867E-01 0.663083963E-01 0.720358161E-01 0.778585210E-01
 0.837719176E-01 0.897707772E-01 0.958491635E-01 0.102000355E+00 0.108216763E+00
 0.114489844E+00 0.120810015E+00 0.127166569E+00 0.133547589E+00 0.139939883E+00
 0.146328921E+00 0.152698808E+00 0.159032269E+00 0.165310689E+00 0.171514192E+00
 0.177621767E+00 0.183611473E+00 0.189460691E+00 0.195146455E+00 0.200645830E+00
 0.205936351E+00 0.210996480E+00 0.215806089E+00 0.220346922E+00 0.224603026E+00
 0.228561127E+00 0.232210930E+00 0.235545336E+00 0.238560559E+00 0.241256146E+00
 0.243634894E+00 0.245702677E+00 0.247468176E+00 0.248942545E+00 0.250139010E+00
 0.251072435E+00 0.251758872E+00 0.252215117E+00-0.936705259E-01-0.971955226E-01
-0.989152095E-01-0.987752640E-01-0.968852321E-01-0.950593107E-01-0.934601230E-01
-0.920622188E-01-0.908461873E-01-0.897922039E-01-0.888809845E-01-0.880944355E-01
-0.874159859E-01-0.868306945E-01-0.863252172E-01-0.858876965E-01-0.855076130E-01
-0.851756277E-01-0.848834273E-01-0.846235812E-01-0.843894137E-01-0.841748911E-01
-0.839745241E-01-0.837832833E-01-0.835965271E-01-0.834099398E-01-0.832194786E-01
-0.830213281E-01-0.828118620E-01-0.825876095E-01-0.823452270E-01-0.820814735E-01
-0.817931895E-01-0.814772791E-01-0.811306936E-01-0.807504176E-01-0.803334548E-01
-0.798768136E-01-0.793774902E-01-0.788324481E-01-0.782385928E-01-0.775927477E-01
-0.768916410E-01-0.761319060E-01-0.753100938E-01-0.744226942E-01-0.734661617E-01
-0.724369441E-01-0.713315112E-01-0.701463820E-01-0.688781484E-01-0.675234941E-01
-0.660792123E-01-0.645422212E-01-0.629095771E-01-0.611784857E-01-0.593463083E-01
-0.574105669E-01-0.553689462E-01-0.532192963E-01-0.509596343E-01-0.485881444E-01
-0.461031779E-01-0.435032513E-01-0.407870451E-01-0.379534017E-01-0.350013229E-01
-0.319299681E-01-0.287386522E-01-0.254268442E-01-0.219941658E-01-0.184403913E-01
-0.147654480E-01-0.109694168E-01-0.705253527E-02-0.301520032E-02 0.114202683E-02
 0.541841470E-02 0.981305387E-02 0.143248475E-01 0.189524996E-01 0.236945016E-01
 0.285491158E-01 0.335143561E-01 0.385879663E-01 0.437673946E-01 0.490497645E-01
 0.544318430E-01 0.599100033E-01 0.654801854E-01 0.711378514E-01 0.768779377E-01
 0.826948033E-01 0.885821753E-01 0.945330916E-01 0.100539843E+00 0.106593914E+00
 0.112685928E+00 0.118805594E+00 0.124941662E+00 0.131081890E+00 0.137213022E+00
 0.143320792E+00 0.149389944E+00 0.155404288E+00 0.161346786E+00 0.167199678E+00
 0.172944645E+00 0.178563013E+00 0.184036001E+00 0.189344995E+00 0.194471854E+00
 0.199399228E+00 0.204110884E+00 0.208592013E+00 0.212829524E+00 0.216812292E+00
 0.220531362E+00 0.223980096E+00 0.227154256E+00 0.230052022E+00 0.232673946E+00
 0.235022846E+00 0.237103637E+00 0.238923126E+00 0.240489760E+00 0.241813354E+00
 0.242904817E+00 0.243775861E+00-0.848539863E-01-0.882144223E-01-0.898568462E-01
-0.897273515E-01-0.880215044E-01-0.863513254E-01-0.849566835E-01-0.838029666E-01
-0.828582449E-01-0.820923836E-01-0.814782279E-01-0.809919970E-01-0.806131956E-01
-0.803242941E-01-0.801103315E-01-0.799585189E-01-0.798578797E-01-0.797989388E-01
-0.797734597E-01-0.797742271E-01-0.797948656E-01-0.798296923E-01-0.798735935E-01
-0.799219241E-01-0.799704239E-01-0.800151475E-01-0.800524067E-01-0.800787217E-01
-0.800907797E-01-0.800854014E-01-0.800595107E-01-0.800101114E-01-0.799342663E-01
-0.798290805E-01-0.796916882E-01-0.795192417E-01-0.793089020E-01-0.790578298E-01
-0.787631706E-01-0.784220270E-01-0.780314085E-01-0.775881542E-01-0.770889043E-01
-0.765301095E-01-0.759080622E-01-0.752189396E-01-0.744588500E-01-0.736238811E-01
-0.727101473E-01-0.717138321E-01-0.706312209E-01-0.694587168E-01-0.681928603E-01
-0.668303497E-01-0.653680613E-01-0.638030632E-01-0.621326208E-01-0.603541951E-01
-0.584654422E-01-0.564642155E-01-0.543485683E-01-0.521167543E-01-0.497672252E-01
-0.472986281E-01-0.447098019E-01-0.419997747E-01-0.391677598E-01-0.362131527E-01
-0.331355279E-01-0.299346361E-01-0.266104024E-01-0.231629250E-01-0.195924750E-01
-0.158994964E-01-0.120846083E-01-0.814860698E-02-0.409246950E-02 0.826410419E-04
 0.437536940E-02 0.878416018E-02 0.133072482E-01 0.179426471E-01 0.226881354E-01
 0.275412406E-01 0.324992214E-01 0.375590460E-01 0.427173691E-01 0.479705054E-01
 0.533144007E-01 0.587446002E-01 0.642562145E-01 0.698438830E-01 0.755017359E-01
 0.812233547E-01 0.870017324E-01 0.928292344E-01 0.986975608E-01 0.104597713E+00
 0.110519963E+00 0.116453838E+00 0.122388101E+00 0.128310761E+00 0.134209085E+00
 0.140069639E+00 0.145878338E+00 0.151620539E+00 0.157281136E+00 0.162844700E+00
 0.168295634E+00 0.173618354E+00 0.178797486E+00 0.183818086E+00 0.188665851E+00
 0.193327346E+00 0.197790209E+00 0.202043346E+00 0.206077095E+00 0.209883361E+00
 0.213455715E+00 0.216789450E+00 0.219881596E+00 0.222730896E+00 0.225337745E+00
 0.227704093E+00 0.229833322E+00 0.231730105E+00 0.233400247E+00 0.234850528E+00
 0.236088540E+00-0.747539813E-01-0.778631336E-01-0.794149811E-01-0.793467034E-01
-0.779817989E-01-0.765955273E-01-0.755356010E-01-0.747544088E-01-0.741995248E-01
-0.738269408E-01-0.736009760E-01-0.734930426E-01-0.734802449E-01-0.735441396E-01
-0.736697347E-01-0.738447126E-01-0.740588354E-01-0.743034920E-01-0.745713512E-01
-0.748560949E-01-0.751522101E-01-0.754548273E-01-0.757595909E-01-0.760625566E-01
-0.763601087E-01-0.766488923E-01-0.769257581E-01-0.771877162E-01-0.774318985E-01
-0.776555261E-01-0.778558833E-01-0.780302954E-01-0.781761107E-01-0.782906867E-01
-0.783713816E-01-0.784155504E-01-0.784205480E-01-0.783837401E-01-0.783025192E-01
-0.781743088E-01-0.779964888E-01-0.777660141E-01-0.774793987E-01-0.771327945E-01
-0.767220833E-01-0.762429631E-01-0.756910262E-01-0.750618358E-01-0.743510032E-01
-0.735542670E-01-0.726675528E-01-0.716869225E-01-0.706085946E-01-0.694289851E-01
-0.681447470E-01-0.667527986E-01-0.652503224E-01-0.636347270E-01-0.619036379E-01
-0.600549092E-01-0.580866353E-01-0.559971522E-01-0.537850288E-01-0.514490587E-01
-0.489882561E-01-0.464018516E-01-0.436892867E-01-0.408502086E-01-0.378844646E-01
-0.347920985E-01-0.315733468E-01-0.282286367E-01-0.247585850E-01-0.211639973E-01
-0.174458686E-01-0.136053851E-01-0.964392591E-02-0.556306682E-02-0.136458460E-02
 0.294953720E-02 0.737710111E-02 0.119156871E-01 0.165626419E-01 0.213150673E-01
 0.261698053E-01 0.311234226E-01 0.361721921E-01 0.413120733E-01 0.465386897E-01
 0.518473060E-01 0.572328023E-01 0.626896486E-01 0.682118775E-01 0.737930576E-01
 0.794262672E-01 0.851040694E-01 0.908184905E-01 0.965610017E-01 0.102322506E+00
 0.108093332E+00 0.113863239E+00 0.119621425E+00 0.125356558E+00 0.131056809E+00
 0.136709911E+00 0.142303225E+00 0.147823832E+00 0.153258630E+00 0.158594454E+00
 0.163818211E+00 0.168917017E+00 0.173878344E+00 0.178690172E+00 0.183341132E+00
 0.187820648E+00 0.192119050E+00 0.196227692E+00 0.200139022E+00 0.203846653E+00
 0.207345388E+00 0.210631232E+00 0.213701381E+00 0.216554182E+00 0.219189092E+00
 0.221606609E+00 0.223808214E+00 0.225796300E+00 0.227574106E+00 0.229145658E+00
-0.633901536E-01-0.661707407E-01-0.676157707E-01-0.676908881E-01-0.664763800E-01
-0.655837644E-01-0.650916135E-01-0.648846104E-01-0.648848800E-01-0.650381320E-01
-0.653060198E-01-0.656608195E-01-0.660819682E-01-0.665538319E-01-0.670642451E-01
-0.676035380E-01-0.681638701E-01-0.687387653E-01-0.693227786E-01-0.699112537E-01
-0.705001410E-01-0.710858610E-01-0.716651982E-01-0.722352179E-01-0.727932004E-01
-0.733365877E-01-0.738629400E-01-0.743698998E-01-0.748551616E-01-0.753164466E-01
-0.757514809E-01-0.761579774E-01-0.765336206E-01-0.768760545E-01-0.771828755E-01
-0.774516317E-01-0.776798357E-01-0.778650044E-01-0.780047651E-01-0.780971262E-01
-0.781411850E-01-0.781340549E-01-0.780718327E-01-0.779500373E-01-0.777638311E-01
-0.775081513E-01-0.771778060E-01-0.767675619E-01-0.762722533E-01-0.756869681E-01
-0.750074613E-01-0.742293854E-01-0.733485032E-01-0.723608134E-01-0.712626565E-01
-0.700508119E-01-0.687225260E-01-0.672751910E-01-0.657063704E-01-0.640138837E-01
-0.621958679E-01-0.602507815E-01-0.581773437E-01-0.559745164E-01-0.536415093E-01
-0.511777800E-01-0.485830234E-01-0.458571606E-01-0.430003315E-01-0.400128888E-01
-0.368953924E-01-0.336486072E-01-0.302735009E-01-0.267712424E-01-0.231432019E-01
-0.193909504E-01-0.155162609E-01-0.115211097E-01-0.740767832E-02-0.317835677E-02
 0.116425231E-02 0.561732827E-02 0.101778256E-01 0.148424658E-01 0.196077274E-01
 0.244698348E-01 0.294247455E-01 0.344681358E-01 0.395953855E-01 0.448015613E-01
 0.500814000E-01 0.554292906E-01 0.608392570E-01 0.663049408E-01 0.718195860E-01
 0.773760249E-01 0.829666671E-01 0.885834921E-01 0.942180471E-01 0.998614495E-01
 0.105504397E+00 0.111137188E+00 0.116749742E+00 0.122331645E+00 0.127872191E+00
 0.133360440E+00 0.138785286E+00 0.144135537E+00 0.149399999E+00 0.154567568E+00
 0.159627330E+00 0.164568654E+00 0.169381294E+00 0.174055475E+00 0.178581979E+00
 0.182952212E+00 0.187158264E+00 0.191192946E+00 0.195049813E+00 0.198723176E+00
 0.202208095E+00 0.205500363E+00 0.208596484E+00 0.211493658E+00 0.214189760E+00
 0.216683339E+00 0.218973623E+00 0.221060542E+00 0.222944762E+00-0.494184803E-01
-0.514047342E-01-0.526814529E-01-0.532457947E-01-0.530231825E-01-0.531941317E-01
-0.536674671E-01-0.543086278E-01-0.550542846E-01-0.558683548E-01-0.567283056E-01
-0.576190780E-01-0.585300570E-01-0.594534306E-01-0.603832384E-01-0.613147884E-01
-0.622442826E-01-0.631685662E-01-0.640849538E-01-0.649911049E-01-0.658849321E-01
-0.667645329E-01-0.676281351E-01-0.684740558E-01-0.693006666E-01-0.701063660E-01
-0.708895556E-01-0.716486202E-01-0.723819096E-01-0.730877232E-01-0.737642949E-01
-0.744097795E-01-0.750222396E-01-0.755996318E-01-0.761397922E-01-0.766404180E-01
-0.770990376E-01-0.775129479E-01-0.778790605E-01-0.781934906E-01-0.784679222E-01
-0.786961512E-01-0.788722781E-01-0.789903918E-01-0.790444630E-01-0.790283269E-01
-0.789356955E-01-0.787601584E-01-0.784951198E-01-0.781335727E-01-0.776738367E-01
-0.771104054E-01-0.764381468E-01-0.756522797E-01-0.747484988E-01-0.737233635E-01
-0.725753282E-01-0.713016874E-01-0.698996469E-01-0.683667834E-01-0.667012716E-01
-0.649019157E-01-0.629676558E-01-0.608976122E-01-0.586911932E-01-0.563481301E-01
-0.538684132E-01-0.512522703E-01-0.485001614E-01-0.456127685E-01-0.425909905E-01
-0.394359412E-01-0.361489470E-01-0.327315461E-01-0.291854864E-01-0.255127256E-01
-0.217154287E-01-0.177959684E-01-0.137569234E-01-0.960107892E-02-0.533142689E-02
-0.951167968E-03 0.353628580E-02 0.812730682E-02 0.128180465E-01 0.176044284E-01
 0.224821407E-01 0.274466273E-01 0.324930776E-01 0.376164173E-01 0.428112968E-01
 0.480720816E-01 0.533928417E-01 0.587673429E-01 0.641890383E-01 0.696510634E-01
 0.751462321E-01 0.806670368E-01 0.862056526E-01 0.917539453E-01 0.973034853E-01
 0.102845567E+00 0.108371235E+00 0.113871317E+00 0.119336461E+00 0.124757183E+00
 0.130123919E+00 0.135427080E+00 0.140657114E+00 0.145804569E+00 0.150860154E+00
 0.155814801E+00 0.160659721E+00 0.165386453E+00 0.169986899E+00 0.174453355E+00
 0.178778521E+00 0.182955500E+00 0.186977785E+00 0.190839233E+00 0.194534032E+00
 0.198056667E+00 0.201401895E+00 0.204564731E+00 0.207540461E+00 0.210324689E+00
 0.212913412E+00 0.215303138E+00 0.217491026E+00-0.328446674E-01-0.333258375E-01
-0.343586612E-01-0.359573754E-01-0.379962826E-01-0.399552153E-01-0.417471340E-01
-0.434300670E-01-0.450372655E-01-0.465869084E-01-0.480897608E-01-0.495526347E-01
-0.509800568E-01-0.523751421E-01-0.537400849E-01-0.550764489E-01-0.563853469E-01
-0.576675549E-01-0.589235871E-01-0.601537451E-01-0.613581515E-01-0.625367718E-01
-0.636894294E-01-0.648158147E-01-0.659154909E-01-0.669878967E-01-0.680323466E-01
-0.690480298E-01-0.700340067E-01-0.709892051E-01-0.719124136E-01-0.728022738E-01
-0.736572713E-01-0.744757240E-01-0.752557701E-01-0.759953572E-01-0.766922452E-01
-0.773440482E-01-0.779483998E-01-0.785034545E-01-0.790215901E-01-0.794963393E-01
-0.799211633E-01-0.802893288E-01-0.805939031E-01-0.808278043E-01-0.809838841E-01
-0.810550343E-01-0.810343129E-01-0.809151295E-01-0.806916313E-01-0.803578743E-01
-0.799079273E-01-0.793358027E-01-0.786351940E-01-0.777988325E-01-0.768372169E-01
-0.757437290E-01-0.745135938E-01-0.731433563E-01-0.716311332E-01-0.699778348E-01
-0.681824693E-01-0.662439379E-01-0.641617345E-01-0.619360939E-01-0.595673871E-01
-0.570561712E-01-0.544032663E-01-0.516097079E-01-0.486767449E-01-0.456058507E-01
-0.423987199E-01-0.390572674E-01-0.355836271E-01-0.319801499E-01-0.282494002E-01
-0.243941524E-01-0.204173859E-01-0.163222820E-01-0.121122189E-01-0.779077021E-02
-0.336170262E-02 0.117102355E-02 0.580325328E-02 0.105306344E-01 0.153486139E-01
 0.202524343E-01 0.252371280E-01 0.302975130E-01 0.354281878E-01 0.406235262E-01
 0.458776735E-01 0.511845433E-01 0.565378159E-01 0.619309376E-01 0.673571237E-01
 0.728093627E-01 0.782804248E-01 0.837628726E-01 0.892490773E-01 0.947312374E-01
 0.100201403E+00 0.105651504E+00 0.111073381E+00 0.116458822E+00 0.121799603E+00
 0.127087525E+00 0.132314457E+00 0.137472377E+00 0.142553408E+00 0.147549852E+00
 0.152454211E+00 0.157259207E+00 0.161957778E+00 0.166543072E+00 0.171008414E+00
 0.175347264E+00 0.179553157E+00 0.183619626E+00 0.187540126E+00 0.191307948E+00
 0.194916158E+00 0.198357562E+00 0.201624713E+00 0.204709991E+00 0.207605759E+00
 0.210304587E+00 0.212799553E+00-0.178054304E-01-0.171920500E-01-0.180345035E-01
-0.203729933E-01-0.240120413E-01-0.273480035E-01-0.302628738E-01-0.328845842E-01
-0.352934441E-01-0.375410011E-01-0.396615706E-01-0.416788654E-01-0.436098294E-01
-0.454669230E-01-0.472595327E-01-0.489948709E-01-0.506785665E-01-0.523150644E-01
-0.539079013E-01-0.554599000E-01-0.569733096E-01-0.584499072E-01-0.598910731E-01
-0.612978465E-01-0.626709678E-01-0.640109091E-01-0.653178979E-01-0.665919335E-01
-0.678327983E-01-0.690400649E-01-0.702130987E-01-0.713510570E-01-0.724528829E-01
-0.735172939E-01-0.745427603E-01-0.755274686E-01-0.764692525E-01-0.773654601E-01
-0.782126798E-01-0.790259533E-01-0.798021882E-01-0.805362433E-01-0.812217340E-01
-0.818514908E-01-0.824178367E-01-0.829127621E-01-0.833281402E-01-0.836559668E-01
-0.838885534E-01-0.840186379E-01-0.840394247E-01-0.839444841E-01-0.837277168E-01
-0.833833556E-01-0.829060481E-01-0.822911779E-01-0.815358394E-01-0.806357235E-01
-0.795859766E-01-0.783812625E-01-0.770153761E-01-0.755079808E-01-0.738517647E-01
-0.720429356E-01-0.700805653E-01-0.679675477E-01-0.657044580E-01-0.632919166E-01
-0.607312759E-01-0.580239369E-01-0.551714643E-01-0.521757034E-01-0.490387279E-01
-0.457628352E-01-0.423505569E-01-0.388046525E-01-0.351281022E-01-0.313241002E-01
-0.273960448E-01-0.233475286E-01-0.191823284E-01-0.149043977E-01-0.105178602E-01
-0.602700654E-02-0.143629134E-02 0.324966747E-02 0.802608892E-02 0.128880286E-01
 0.178303778E-01 0.228478630E-01 0.279350450E-01 0.330863186E-01 0.382959138E-01
 0.435578965E-01 0.488661718E-01 0.542144880E-01 0.595964425E-01 0.650054904E-01
 0.704349548E-01 0.758780401E-01 0.813278480E-01 0.867773964E-01 0.922196411E-01
 0.976475002E-01 0.103053881E+00 0.108431707E+00 0.113773950E+00 0.119073656E+00
 0.124323977E+00 0.129518189E+00 0.134649720E+00 0.139712154E+00 0.144699239E+00
 0.149604873E+00 0.154423078E+00 0.159147959E+00 0.163773630E+00 0.168294130E+00
 0.172703306E+00 0.176994667E+00 0.181161233E+00 0.185195354E+00 0.189088556E+00
 0.192831409E+00 0.196413474E+00 0.199823369E+00 0.203048987E+00 0.206077891E+00
 0.208897862E+00-0.570317881E-02-0.462490246E-02-0.534640221E-02-0.793764808E-02
-0.122921478E-01-0.162912230E-01-0.198941943E-01-0.231817520E-01-0.262138233E-01
-0.290377294E-01-0.316900407E-01-0.341989174E-01-0.365861727E-01-0.388688760E-01
-0.410605383E-01-0.431719749E-01-0.452119322E-01-0.471875454E-01-0.491046749E-01
-0.509681578E-01-0.527819956E-01-0.545494977E-01-0.562733907E-01-0.579559030E-01
-0.595988304E-01-0.612035871E-01-0.627712450E-01-0.643025641E-01-0.657980158E-01
-0.672577993E-01-0.686818534E-01-0.700698636E-01-0.714212647E-01-0.727352396E-01
-0.740107140E-01-0.752463448E-01-0.764404987E-01-0.775912063E-01-0.786960429E-01
-0.797723460E-01-0.808154776E-01-0.818193937E-01-0.827769861E-01-0.836800618E-01
-0.845194929E-01-0.852858748E-01-0.859699646E-01-0.865628964E-01-0.870563013E-01
-0.874423592E-01-0.877137928E-01-0.878638294E-01-0.878861724E-01-0.877749942E-01
-0.875249550E-01-0.871312317E-01-0.865894855E-01-0.858954794E-01-0.850450495E-01
-0.840342333E-01-0.828597346E-01-0.815203461E-01-0.800128168E-01-0.783330736E-01
-0.764764679E-01-0.744703269E-01-0.723070233E-01-0.699848144E-01-0.675080145E-01
-0.648779852E-01-0.620961942E-01-0.591650509E-01-0.560870258E-01-0.528647669E-01
-0.495012291E-01-0.459996087E-01-0.423633299E-01-0.385960426E-01-0.347016030E-01
-0.306840515E-01-0.265475932E-01-0.222965839E-01-0.179355199E-01-0.134690314E-01
-0.890187761E-02-0.423894386E-02 0.514761404E-03 0.535410875E-02 0.102738502E-01
 0.152686216E-01 0.203329462E-01 0.254612372E-01 0.306478032E-01 0.358868523E-01
 0.411724990E-01 0.464987712E-01 0.518596195E-01 0.572489279E-01 0.626605258E-01
 0.680882027E-01 0.735257247E-01 0.789668527E-01 0.844053628E-01 0.898350684E-01
 0.952498433E-01 0.100643645E+00 0.106010541E+00 0.111344725E+00 0.116640544E+00
 0.121892511E+00 0.127095313E+00 0.132243813E+00 0.137333042E+00 0.142358168E+00
 0.147314457E+00 0.152197205E+00 0.157001638E+00 0.161722785E+00 0.166355299E+00
 0.170893245E+00 0.175329823E+00 0.179657045E+00 0.183865384E+00 0.187943410E+00
 0.191877503E+00 0.195651748E+00 0.199248138E+00 0.202647210E+00 0.205829087E+00
 0.380830554E-02 0.508359177E-02 0.442861760E-02 0.177356644E-02-0.246927979E-02
-0.678953093E-02-0.107986876E-01-0.145237867E-01-0.180012171E-01-0.212643353E-01
-0.243422603E-01-0.272597705E-01-0.300376812E-01-0.326933886E-01-0.352414229E-01
-0.376939440E-01-0.400611597E-01-0.423516686E-01-0.445727369E-01-0.467305199E-01
-0.488302394E-01-0.508763259E-01-0.528725322E-01-0.548220251E-01-0.567274588E-01
-0.585910342E-01-0.604145462E-01-0.621994216E-01-0.639467493E-01-0.656573030E-01
-0.673315599E-01-0.689697139E-01-0.705716863E-01-0.721371363E-01-0.736654747E-01
-0.751558952E-01-0.766074510E-01-0.780192643E-01-0.793911058E-01-0.807399209E-01
-0.820600616E-01-0.833447175E-01-0.845852168E-01-0.857713060E-01-0.868922481E-01
-0.879374214E-01-0.888967214E-01-0.897607051E-01-0.905205940E-01-0.911682270E-01
-0.916960049E-01-0.920968384E-01-0.923641138E-01-0.924916751E-01-0.924738196E-01
-0.923052961E-01-0.919812899E-01-0.914973852E-01-0.908495753E-01-0.900343163E-01
-0.890485880E-01-0.878898454E-01-0.865554450E-01-0.850425393E-01-0.833484595E-01
-0.814724073E-01-0.794111821E-01-0.771602309E-01-0.747587949E-01-0.721973154E-01
-0.694742145E-01-0.665955975E-01-0.635639187E-01-0.603817240E-01-0.570526248E-01
-0.535803089E-01-0.499686524E-01-0.462218341E-01-0.423442481E-01-0.383404518E-01
-0.342151308E-01-0.299730791E-01-0.256191900E-01-0.211584496E-01-0.165959337E-01
-0.119368041E-01-0.718630497E-02-0.234975898E-02 0.256743759E-02 0.755982009E-02
 0.126218616E-01 0.177479796E-01 0.229325433E-01 0.281698819E-01 0.334542935E-01
 0.387800551E-01 0.441414341E-01 0.495327003E-01 0.549481399E-01 0.603820711E-01
 0.658288609E-01 0.712829431E-01 0.767388389E-01 0.821911771E-01 0.876347165E-01
 0.930643673E-01 0.984752137E-01 0.103862533E+00 0.109221814E+00 0.114548772E+00
 0.119839353E+00 0.125089738E+00 0.130296327E+00 0.135455715E+00 0.140564648E+00
 0.145619947E+00 0.150618404E+00 0.155556636E+00 0.160430876E+00 0.165236689E+00
 0.169968593E+00 0.174619549E+00 0.179180304E+00 0.183638563E+00 0.187978069E+00
 0.192177768E+00 0.196211496E+00 0.200048792E+00 0.203657149E+00 0.122067269E-01
 0.136508548E-01 0.130560605E-01 0.103557241E-01 0.587943587E-02 0.135477674E-02
-0.290494750E-02-0.691871743E-02-0.107082581E-01-0.142955453E-01-0.177016022E-01
-0.209458224E-01-0.240456771E-01-0.270166670E-01-0.298724146E-01-0.326248234E-01
-0.352842612E-01-0.378597427E-01-0.403590996E-01-0.427891320E-01-0.451557407E-01
-0.474640411E-01-0.497184598E-01-0.519228163E-01-0.540803918E-01-0.561939863E-01
-0.582659659E-01-0.602983025E-01-0.622926050E-01-0.642501452E-01-0.661718779E-01
-0.680584558E-01-0.699102403E-01-0.717273057E-01-0.735094322E-01-0.752560691E-01
-0.769662130E-01-0.786380394E-01-0.802906984E-01-0.819229965E-01-0.835303702E-01
-0.851048346E-01-0.866354205E-01-0.881100677E-01-0.895167895E-01-0.908442946E-01
-0.920821315E-01-0.932206415E-01-0.942508555E-01-0.951643980E-01-0.959534104E-01
-0.966104941E-01-0.971286747E-01-0.975013830E-01-0.977224506E-01-0.977861154E-01
-0.976870324E-01-0.974202912E-01-0.969814446E-01-0.963665468E-01-0.955721858E-01
-0.945954840E-01-0.934340553E-01-0.920860160E-01-0.905500397E-01-0.888253139E-01
-0.869108888E-01-0.848056064E-01-0.825096990E-01-0.800185612E-01-0.773288381E-01
-0.744905381E-01-0.714927905E-01-0.683345979E-01-0.650237488E-01-0.615640227E-01
-0.579593464E-01-0.542147422E-01-0.503353251E-01-0.463262976E-01-0.421928919E-01
-0.379403756E-01-0.335740577E-01-0.290992931E-01-0.245214846E-01-0.198460821E-01
-0.150785790E-01-0.102245065E-01-0.528942675E-02-0.278924913E-03 0.480140014E-02
 0.994594539E-02 0.151491140E-01 0.204053260E-01 0.257090299E-01 0.310547146E-01
 0.364369223E-01 0.418502624E-01 0.472894265E-01 0.527492044E-01 0.582245018E-01
 0.637103590E-01 0.692019710E-01 0.746947090E-01 0.801841421E-01 0.856660606E-01
 0.911364985E-01 0.965917557E-01 0.102028419E+00 0.107443380E+00 0.112833849E+00
 0.118197365E+00 0.123531793E+00 0.128835314E+00 0.134106396E+00 0.139343750E+00
 0.144546242E+00 0.149712784E+00 0.154842147E+00 0.159932699E+00 0.164982014E+00
 0.169986287E+00 0.174939444E+00 0.179831774E+00 0.184647827E+00 0.189363364E+00
 0.193941821E+00 0.198332939E+00 0.202478235E+00 0.195246562E-01 0.210825591E-01
 0.205534456E-01 0.178132666E-01 0.129802895E-01 0.832497401E-02 0.390409663E-02
-0.304050218E-03-0.431294966E-02-0.813720434E-02-0.117917901E-01-0.152914140E-01
-0.186500840E-01-0.218808541E-01-0.249957004E-01-0.280054867E-01-0.309199895E-01
-0.337479553E-01-0.364971768E-01-0.391745745E-01-0.417862789E-01-0.443377082E-01
-0.468336393E-01-0.492782721E-01-0.516752861E-01-0.540278891E-01-0.563388602E-01
-0.586105849E-01-0.608450855E-01-0.630440456E-01-0.652088300E-01-0.673405005E-01
-0.694398307E-01-0.715073235E-01-0.735432464E-01-0.755477219E-01-0.775209712E-01
-0.794639714E-01-0.813973568E-01-0.833173677E-01-0.852170805E-01-0.870850180E-01
-0.889077620E-01-0.906718910E-01-0.923648996E-01-0.939753489E-01-0.954927430E-01
-0.969073707E-01-0.982101651E-01-0.993925897E-01-0.100446554E+00-0.101364354E+00
-0.102138642E+00-0.102762409E+00-0.103228990E+00-0.103532076E+00-0.103665738E+00
-0.103624456E+00-0.103403157E+00-0.102997255E+00-0.102402697E+00-0.101616005E+00
-0.100634313E+00-0.994554206E-01-0.980778368E-01-0.965007895E-01-0.947241689E-01
-0.927484935E-01-0.905748149E-01-0.882039471E-01-0.856364503E-01-0.828734714E-01
-0.799095725E-01-0.767443103E-01-0.734350445E-01-0.699708652E-01-0.663524038E-01
-0.625890898E-01-0.586867774E-01-0.546515158E-01-0.504890600E-01-0.462051302E-01
-0.418054303E-01-0.372956748E-01-0.326815954E-01-0.279689404E-01-0.231634693E-01
-0.182709442E-01-0.132971198E-01-0.824773083E-02-0.312847979E-02 0.205497636E-02
 0.729703944E-02 0.125921834E-01 0.179349676E-01 0.233200509E-01 0.287422051E-01
 0.341963300E-01 0.396774693E-01 0.451808269E-01 0.507017852E-01 0.562359242E-01
 0.617790426E-01 0.673271802E-01 0.728766415E-01 0.784240211E-01 0.839662296E-01
 0.895005214E-01 0.950245217E-01 0.100536255E+00 0.106034170E+00 0.111517166E+00
 0.116984617E+00 0.122436385E+00 0.127872833E+00 0.133294825E+00 0.138703711E+00
 0.144101297E+00 0.149489772E+00 0.154871599E+00 0.160249329E+00 0.165625283E+00
 0.171001017E+00 0.176376341E+00 0.181747326E+00 0.187101696E+00 0.192406240E+00
 0.197574715E+00 0.202459602E+00 0.250940771E-01 0.266889717E-01 0.261689984E-01
 0.234593251E-01 0.189732338E-01 0.142629192E-01 0.973666536E-02 0.539650002E-02
 0.123361136E-02-0.276233233E-02-0.660246158E-02-0.102981911E-01-0.138608232E-01
-0.173012631E-01-0.206298328E-01-0.238561608E-01-0.269891322E-01-0.300368782E-01
-0.330067946E-01-0.359055753E-01-0.387392568E-01-0.415132657E-01-0.442324663E-01
-0.469012075E-01-0.495233649E-01-0.521023808E-01-0.546412980E-01-0.571427906E-01
-0.596091897E-01-0.620425043E-01-0.644444375E-01-0.668163961E-01-0.691594901E-01
-0.714745152E-01-0.737618987E-01-0.760215698E-01-0.782526594E-01-0.804772061E-01
-0.826970450E-01-0.849088346E-01-0.871021865E-01-0.892627318E-01-0.913755631E-01
-0.934268636E-01-0.954041454E-01-0.972960682E-01-0.990922170E-01-0.100782905E+00
-0.102359008E+00-0.103811843E+00-0.105133081E+00-0.106314698E+00-0.107348952E+00
-0.108228382E+00-0.108945815E+00-0.109494391E+00-0.109867588E+00-0.110059257E+00
-0.110063665E+00-0.109875534E+00-0.109490094E+00-0.108903132E+00-0.108111051E+00
-0.107110924E+00-0.105900558E+00-0.104478550E+00-0.102844337E+00-0.100998228E+00
-0.989414080E-01-0.966758454E-01-0.942041877E-01-0.915294938E-01-0.886542527E-01
-0.855801207E-01-0.823078534E-01-0.788336564E-01-0.751648481E-01-0.713591681E-01
-0.674098039E-01-0.633253789E-01-0.591112436E-01-0.547735022E-01-0.503181524E-01
-0.457512436E-01-0.410788346E-01-0.363069880E-01-0.314417561E-01-0.264891663E-01
-0.214552038E-01-0.163457948E-01-0.111667877E-01-0.592393663E-02-0.622883825E-03
 0.473085545E-02 0.101319080E-01 0.155750573E-01 0.210552576E-01 0.265676493E-01
 0.321075741E-01 0.376705918E-01 0.432524985E-01 0.488493464E-01 0.544574649E-01
 0.600734846E-01 0.656943631E-01 0.713174130E-01 0.769403329E-01 0.825612411E-01
 0.881787117E-01 0.937918138E-01 0.994001548E-01 0.105003925E+00 0.110603951E+00
 0.116201743E+00 0.121799561E+00 0.127400476E+00 0.133008440E+00 0.138628373E+00
 0.144266258E+00 0.149929263E+00 0.155625904E+00 0.161366284E+00 0.167162490E+00
 0.173029304E+00 0.178985718E+00 0.185058721E+00 0.191295708E+00 0.197750056E+00
 0.203661684E+00 0.301746117E-01 0.318289533E-01 0.313337112E-01 0.286174478E-01
 0.240362890E-01 0.192738840E-01 0.146803103E-01 0.102531045E-01 0.598526834E-02
 0.186848857E-02-0.210634184E-02-0.594870744E-02-0.966814067E-02-0.132739770E-01
-0.167751845E-01-0.201802544E-01-0.234971392E-01-0.267332248E-01-0.298953279E-01
-0.329897089E-01-0.360220960E-01-0.389977138E-01-0.419213158E-01-0.447972165E-01
-0.476293229E-01-0.504211640E-01-0.531759180E-01-0.558964368E-01-0.585852676E-01
-0.612446723E-01-0.638766436E-01-0.664829200E-01-0.690649976E-01-0.716241396E-01
-0.741613776E-01-0.766774856E-01-0.791728611E-01-0.816733329E-01-0.841781112E-01
-0.866794807E-01-0.891625830E-01-0.916108150E-01-0.940087664E-01-0.963427153E-01
-0.986003860E-01-0.100770643E+00-0.102843213E+00-0.104808447E+00-0.106657147E+00
-0.108380444E+00-0.109969736E+00-0.111416651E+00-0.112713041E+00-0.113850988E+00
-0.114822818E+00-0.115621132E+00-0.116238829E+00-0.116669149E+00-0.116905708E+00
-0.116942546E+00-0.116774176E+00-0.116395633E+00-0.115802538E+00-0.114991152E+00
-0.113958446E+00-0.112702158E+00-0.111220866E+00-0.109514049E+00-0.107582142E+00
-0.105426584E+00-0.103049839E+00-0.100455362E+00-0.976474261E-01-0.946308441E-01
-0.914103697E-01-0.879892455E-01-0.843672094E-01-0.805404377E-01-0.765106659E-01
-0.723555306E-01-0.680656761E-01-0.636506431E-01-0.591161560E-01-0.544687483E-01
-0.497148202E-01-0.448607959E-01-0.399130696E-01-0.348779880E-01-0.297618254E-01
-0.245707574E-01-0.193108360E-01-0.139879654E-01-0.860788247E-02-0.317613851E-02
 0.230191534E-02 0.782114207E-02 0.133766322E-01 0.189637177E-01 0.245779857E-01
 0.302152952E-01 0.358717933E-01 0.415439351E-01 0.472285049E-01 0.529226406E-01
 0.586238609E-01 0.643300965E-01 0.700397244E-01 0.757516079E-01 0.814651405E-01
 0.871802970E-01 0.928976911E-01 0.986186413E-01 0.104345247E+00 0.110080477E+00
 0.115828275E+00 0.121593679E+00 0.127382976E+00 0.133203886E+00 0.139065792E+00
 0.144980050E+00 0.150960403E+00 0.157023567E+00 0.163190111E+00 0.169485821E+00
 0.175943891E+00 0.182608377E+00 0.189538654E+00 0.196764395E+00 0.203474991E+00
 0.347134041E-01 0.363820287E-01 0.359613687E-01 0.331849631E-01 0.282301953E-01
 0.234310870E-01 0.188015176E-01 0.143244558E-01 0.999261611E-02 0.579790541E-02
 0.173175716E-02-0.221452294E-02-0.604951520E-02-0.978152725E-02-0.134184959E-01
-0.169679315E-01-0.204368909E-01-0.238319704E-01-0.271593106E-01-0.304246106E-01
-0.336331465E-01-0.367897928E-01-0.398990458E-01-0.429650464E-01-0.459916031E-01
-0.489822131E-01-0.519400828E-01-0.548681465E-01-0.577690836E-01-0.606453346E-01
-0.634991171E-01-0.663324448E-01-0.691471548E-01-0.719449625E-01-0.747275858E-01
-0.774970480E-01-0.802564329E-01-0.830316205E-01-0.858189229E-01-0.886046368E-01
-0.913705581E-01-0.940993112E-01-0.967756392E-01-0.993861485E-01-0.101918898E+00
-0.104363011E+00-0.106708340E+00-0.108945223E+00-0.111064320E+00-0.113056530E+00
-0.114912945E+00-0.116624832E+00-0.118183638E+00-0.119580999E+00-0.120808763E+00
-0.121859011E+00-0.122724095E+00-0.123396666E+00-0.123869720E+00-0.124136635E+00
-0.124191229E+00-0.124027802E+00-0.123641203E+00-0.123026881E+00-0.122180958E+00
-0.121100289E+00-0.119782533E+00-0.118226225E+00-0.116430841E+00-0.114396868E+00
-0.112125866E+00-0.109620516E+00-0.106884654E+00-0.103923255E+00-0.100742330E+00
-0.973485939E-01-0.937488618E-01-0.899492091E-01-0.859530954E-01-0.817578816E-01
-0.773560229E-01-0.728411550E-01-0.682023022E-01-0.634498231E-01-0.585898973E-01
-0.536294989E-01-0.485754199E-01-0.434344124E-01-0.382131241E-01-0.329180649E-01
-0.275555672E-01-0.221317516E-01-0.166525037E-01-0.111234573E-01-0.554998328E-02
 0.628207864E-04 0.571014083E-02 0.113874567E-01 0.170905539E-01 0.228155371E-01
 0.285588446E-01 0.343172668E-01 0.400879657E-01 0.458684989E-01 0.516568469E-01
 0.574514452E-01 0.632512209E-01 0.690556360E-01 0.748647374E-01 0.806792152E-01
 0.865004711E-01 0.923306989E-01 0.981729788E-01 0.104031391E+00 0.109911150E+00
 0.115818767E+00 0.121762249E+00 0.127751340E+00 0.133797823E+00 0.139915886E+00
 0.146122598E+00 0.152438492E+00 0.158888294E+00 0.165501810E+00 0.172314890E+00
 0.179370257E+00 0.186717613E+00 0.194403471E+00 0.201639988E+00 0.375820008E-01
 0.392589609E-01 0.387846730E-01 0.360842542E-01 0.315576884E-01 0.267810248E-01
 0.221482316E-01 0.176582933E-01 0.133018967E-01 0.906951235E-02 0.495192642E-02
 0.940442700E-03-0.297306061E-02-0.679614551E-02-0.105358554E-01-0.141987610E-01
-0.177910021E-01-0.213183225E-01-0.247860998E-01-0.281993694E-01-0.315628467E-01
-0.348809456E-01-0.381577967E-01-0.413972633E-01-0.446029570E-01-0.477782519E-01
-0.509262985E-01-0.540500362E-01-0.571522041E-01-0.602353511E-01-0.633018415E-01
-0.663538541E-01-0.693933654E-01-0.724220973E-01-0.754413820E-01-0.784518405E-01
-0.814797596E-01-0.845296620E-01-0.875945915E-01-0.906566696E-01-0.936965683E-01
-0.966972189E-01-0.996438812E-01-0.102523664E+00-0.105325023E+00-0.108037305E+00
-0.110650408E+00-0.113154573E+00-0.115540266E+00-0.117798120E+00-0.119918910E+00
-0.121893547E+00-0.123713089E+00-0.125368752E+00-0.126851929E+00-0.128154219E+00
-0.129267454E+00-0.130183732E+00-0.130895458E+00-0.131395384E+00-0.131676656E+00
-0.131732870E+00-0.131558123E+00-0.131147077E+00-0.130495022E+00-0.129597946E+00
-0.128452601E+00-0.127056583E+00-0.125408402E+00-0.123507558E+00-0.121354612E+00
-0.118951267E+00-0.116300427E+00-0.113406266E+00-0.110274277E+00-0.106911295E+00
-0.103325467E+00-0.995260542E-01-0.955227628E-01-0.913243555E-01-0.869365321E-01
-0.823585714E-01-0.775765220E-01-0.726951788E-01-0.677028286E-01-0.626104621E-01
-0.574247589E-01-0.521530968E-01-0.468026118E-01-0.413802807E-01-0.358928290E-01
-0.303466697E-01-0.247478851E-01-0.191022249E-01-0.134151074E-01-0.769161703E-02
-0.193650161E-02 0.384583416E-02 0.965133596E-02 0.154763093E-01 0.213174314E-01
 0.271717649E-01 0.330367761E-01 0.389103552E-01 0.447908427E-01 0.506770589E-01
 0.565683411E-01 0.624645862E-01 0.683663021E-01 0.742746683E-01 0.801916084E-01
 0.861198754E-01 0.920631543E-01 0.980261852E-01 0.104014909E+00 0.110036648E+00
 0.116100314E+00 0.122216673E+00 0.128398646E+00 0.134661685E+00 0.141024194E+00
 0.147508019E+00 0.154138954E+00 0.160947229E+00 0.167967841E+00 0.175240564E+00
 0.182809418E+00 0.190736879E+00 0.198393814E+00 0.401111981E-01 0.417752688E-01
 0.413005269E-01 0.386146371E-01 0.340876835E-01 0.293479885E-01 0.247544674E-01
 0.202962869E-01 0.159591729E-01 0.117307754E-01 0.760071781E-02 0.356025784E-02
-0.398107500E-03-0.428097426E-02-0.809427743E-02-0.118434605E-01-0.155335877E-01
-0.191694175E-01-0.227554491E-01-0.262959534E-01-0.297949931E-01-0.332564373E-01
-0.366839722E-01-0.400811098E-01-0.434511957E-01-0.467974167E-01-0.501228078E-01
-0.534302592E-01-0.567225238E-01-0.600022253E-01-0.632718665E-01-0.665338394E-01
-0.697904341E-01-0.730438413E-01-0.762961248E-01-0.795490916E-01-0.828331972E-01
-0.861485266E-01-0.894804254E-01-0.928077025E-01-0.961108933E-01-0.993734668E-01
-0.102581295E+00-0.105722011E+00-0.108784393E+00-0.111757899E+00-0.114632376E+00
-0.117397907E+00-0.120044728E+00-0.122563198E+00-0.124943784E+00-0.127177060E+00
-0.129253719E+00-0.131164587E+00-0.132900638E+00-0.134453021E+00-0.135813086E+00
-0.136972415E+00-0.137922858E+00-0.138656574E+00-0.139166075E+00-0.139444280E+00
-0.139484569E+00-0.139280841E+00-0.138827583E+00-0.138119938E+00-0.137153780E+00
-0.135925787E+00-0.134433525E+00-0.132675524E+00-0.130651364E+00-0.128361755E+00
-0.125808622E+00-0.122995184E+00-0.119926035E+00-0.116607226E+00-0.113046329E+00
-0.109252484E+00-0.105236359E+00-0.101009918E+00-0.965856769E-01-0.919749394E-01
-0.871847022E-01-0.822142528E-01-0.770488039E-01-0.717993042E-01-0.664545236E-01
-0.610257982E-01-0.555204503E-01-0.499462425E-01-0.443104997E-01-0.386199808E-01
-0.328809607E-01-0.270992927E-01-0.212804368E-01-0.154294685E-01-0.955107972E-02
-0.364957667E-02 0.227112278E-02 0.820749390E-02 0.141564116E-01 0.201151600E-01
 0.260814446E-01 0.320534093E-01 0.380296575E-01 0.440092783E-01 0.499918788E-01
 0.559776235E-01 0.619672816E-01 0.679622836E-01 0.739647897E-01 0.799777709E-01
 0.860051074E-01 0.920517052E-01 0.981236371E-01 0.104228312E+00 0.110374681E+00
 0.116573476E+00 0.122837509E+00 0.129182015E+00 0.135625048E+00 0.142187940E+00
 0.148895777E+00 0.155777858E+00 0.162868052E+00 0.170204891E+00 0.177831218E+00
 0.185802331E+00 0.193547523E+00 0.422793459E-01 0.437730215E-01 0.434804990E-01
 0.406437429E-01 0.357862555E-01 0.311381080E-01 0.266521474E-01 0.222870398E-01
 0.180215194E-01 0.138412675E-01 0.973643159E-02 0.569983850E-02 0.172586783E-02
-0.219020896E-02-0.605260485E-02-0.986522820E-02-0.136317989E-01-0.173559107E-01
-0.210410626E-01-0.246906738E-01-0.283080889E-01-0.318965786E-01-0.354593385E-01
-0.389994876E-01-0.425200662E-01-0.460240356E-01-0.495142777E-01-0.529935962E-01
-0.564647193E-01-0.599303047E-01-0.633929510E-01-0.668552222E-01-0.703197059E-01
-0.737891511E-01-0.772668035E-01-0.807572250E-01-0.842908437E-01-0.878614894E-01
-0.914481677E-01-0.950284392E-01-0.985833159E-01-0.102096966E+00-0.105555917E+00
-0.108948243E+00-0.112262914E+00-0.115489385E+00-0.118617384E+00-0.121636800E+00
-0.124537633E+00-0.127309975E+00-0.129944002E+00-0.132429978E+00-0.134758264E+00
-0.136919326E+00-0.138903760E+00-0.140702301E+00-0.142305858E+00-0.143705534E+00
-0.144892665E+00-0.145858855E+00-0.146596020E+00-0.147096438E+00-0.147352804E+00
-0.147358288E+00-0.147106603E+00-0.146592076E+00-0.145809726E+00-0.144755339E+00
-0.143425559E+00-0.141817968E+00-0.139931180E+00-0.137764927E+00-0.135320152E+00
-0.132599099E+00-0.129605398E+00-0.126344158E+00-0.122822051E+00-0.119047387E+00
-0.115030178E+00-0.110782168E+00-0.106316774E+00-0.101648783E+00-0.967934018E-01
-0.917639150E-01-0.865672707E-01-0.811991253E-01-0.756538157E-01-0.700410316E-01
-0.643524563E-01-0.585997435E-01-0.527912558E-01-0.469337948E-01-0.410335907E-01
-0.350964888E-01-0.291279489E-01-0.231330231E-01-0.171163427E-01-0.110821161E-01
-0.503413012E-02 0.102424728E-02 0.709006630E-02 0.131607976E-01 0.192343384E-01
 0.253090221E-01 0.313836332E-01 0.374574270E-01 0.435301543E-01 0.496020933E-01
 0.556740881E-01 0.617475955E-01 0.678247419E-01 0.739083911E-01 0.800022260E-01
 0.861108465E-01 0.922398869E-01 0.983961575E-01 0.104587816E+00 0.110824573E+00
 0.117117950E+00 0.123481582E+00 0.129931609E+00 0.136487150E+00 0.143170897E+00
 0.150009860E+00 0.157036241E+00 0.164288372E+00 0.171811393E+00 0.179656371E+00
 0.187309344E+00 0.423269101E-01 0.437443002E-01 0.432312535E-01 0.407251255E-01
 0.365407341E-01 0.321711754E-01 0.279093210E-01 0.237171868E-01 0.195779656E-01
 0.154851140E-01 0.114356537E-01 0.742774395E-02 0.345980356E-02-0.469806974E-03
-0.436289190E-02-0.822144264E-02-0.120476265E-01-0.158437629E-01-0.196122957E-01
-0.233557670E-01-0.270767920E-01-0.307780385E-01-0.344622084E-01-0.381320231E-01
-0.417902113E-01-0.454394992E-01-0.490826030E-01-0.527222222E-01-0.563610334E-01
-0.600016816E-01-0.636467669E-01-0.672988161E-01-0.709602235E-01-0.746331173E-01
-0.783190502E-01-0.820472616E-01-0.858249547E-01-0.896400572E-01-0.934688052E-01
-0.972893672E-01-0.101083729E+00-0.104836943E+00-0.108536164E+00-0.112169780E+00
-0.115726830E+00-0.119196693E+00-0.122568939E+00-0.125833253E+00-0.128979406E+00
-0.131997242E+00-0.134876671E+00-0.137607677E+00-0.140180320E+00-0.142584749E+00
-0.144811212E+00-0.146850077E+00-0.148691849E+00-0.150327199E+00-0.151746988E+00
-0.152942308E+00-0.153904520E+00-0.154625301E+00-0.155096696E+00-0.155311183E+00
-0.155261731E+00-0.154941882E+00-0.154345823E+00-0.153468474E+00-0.152305575E+00
-0.150853780E+00-0.149110748E+00-0.147075245E+00-0.144747238E+00-0.142127991E+00
-0.139220162E+00-0.136027890E+00-0.132556891E+00-0.128814535E+00-0.124809927E+00
-0.120553968E+00-0.116059408E+00-0.111340846E+00-0.106414620E+00-0.101298351E+00
-0.960095116E-01-0.905619596E-01-0.849597042E-01-0.791915153E-01-0.732776544E-01
-0.673162809E-01-0.613106056E-01-0.552639363E-01-0.491817854E-01-0.430699790E-01
-0.369340455E-01-0.307790463E-01-0.246095507E-01-0.184296509E-01-0.122429831E-01
-0.605274523E-02 0.138290719E-03 0.632777172E-02 0.125137612E-01 0.186947414E-01
 0.248696196E-01 0.310377390E-01 0.371988948E-01 0.433533545E-01 0.495018844E-01
 0.556457818E-01 0.617869148E-01 0.679277690E-01 0.740715041E-01 0.802220207E-01
 0.863840404E-01 0.925632004E-01 0.987661686E-01 0.105000783E+00 0.111276226E+00
 0.117603245E+00 0.123994454E+00 0.130464737E+00 0.137031866E+00 0.143717439E+00
 0.150548440E+00 0.157559814E+00 0.164798561E+00 0.172325501E+00 0.179725795E+00
 0.415224722E-01 0.424005407E-01 0.418246380E-01 0.397360332E-01 0.364375647E-01
 0.326553332E-01 0.287341495E-01 0.247607384E-01 0.207692282E-01 0.167768028E-01
 0.127930854E-01 0.882369318E-02 0.487185912E-02 0.939273043E-03-0.297343802E-02
-0.686641310E-02-0.107403621E-01-0.145964305E-01-0.184361015E-01-0.222611235E-01
-0.260734538E-01-0.298752158E-01-0.336686649E-01-0.374561616E-01-0.412401507E-01
-0.450231448E-01-0.488077111E-01-0.525964614E-01-0.563920437E-01-0.601971337E-01
-0.640144241E-01-0.678466076E-01-0.716963469E-01-0.755662267E-01-0.794587003E-01
-0.834078596E-01-0.874146983E-01-0.914587772E-01-0.955148727E-01-0.995618923E-01
-0.103582741E+00-0.107563244E+00-0.111491002E+00-0.115354555E+00-0.119142913E+00
-0.122845332E+00-0.126451205E+00-0.129950021E+00-0.133331336E+00-0.136584766E+00
-0.139699987E+00-0.142666732E+00-0.145474796E+00-0.148114046E+00-0.150574427E+00
-0.152845978E+00-0.154918847E+00-0.156783312E+00-0.158429810E+00-0.159848966E+00
-0.161031627E+00-0.161968912E+00-0.162652261E+00-0.163073493E+00-0.163224870E+00
-0.163099177E+00-0.162689798E+00-0.161990809E+00-0.160997064E+00-0.159704303E+00
-0.158109247E+00-0.156209702E+00-0.154004666E+00-0.151494431E+00-0.148680680E+00
-0.145566587E+00-0.142156909E+00-0.138458070E+00-0.134478239E+00-0.130227404E+00
-0.125717429E+00-0.120962101E+00-0.115977140E+00-0.110780146E+00-0.105390335E+00
-0.998276537E-01-0.941100971E-01-0.882477078E-01-0.822320525E-01-0.760504796E-01
-0.698358087E-01-0.635804144E-01-0.572958153E-01-0.509899843E-01-0.446691057E-01
-0.383383263E-01-0.320020878E-01-0.256642791E-01-0.193283117E-01-0.129971589E-01
-0.667337924E-02-0.359131140E-03 0.594381777E-02 0.122340852E-01 0.185106722E-01
 0.247729650E-01 0.310207397E-01 0.372541710E-01 0.434738437E-01 0.496807685E-01
 0.558764005E-01 0.620626620E-01 0.682419679E-01 0.744172553E-01 0.805920161E-01
 0.867703333E-01 0.929569205E-01 0.991571656E-01 0.105377181E+00 0.111623860E+00
 0.117904955E+00 0.124229185E+00 0.130606417E+00 0.137048007E+00 0.143567518E+00
 0.150182461E+00 0.156919412E+00 0.163832951E+00 0.170666865E+00 0.424383633E-01
 0.431886541E-01 0.426963816E-01 0.405437652E-01 0.369402378E-01 0.332672015E-01
 0.294955476E-01 0.256488076E-01 0.217560732E-01 0.178369883E-01 0.139043262E-01
 0.996642721E-02 0.602872839E-02 0.209469245E-02-0.183361329E-02-0.575514199E-02
-0.966961506E-02-0.135773460E-01-0.174791137E-01-0.213760686E-01-0.252696617E-01
-0.291615902E-01-0.330537550E-01-0.369482274E-01-0.408472238E-01-0.447530848E-01
-0.486682614E-01-0.525953041E-01-0.565368579E-01-0.604956628E-01-0.644745613E-01
-0.684765128E-01-0.725046111E-01-0.765620806E-01-0.806521564E-01-0.848110053E-01
-0.890322110E-01-0.932897110E-01-0.975582339E-01-0.101817544E+00-0.106051424E+00
-0.110246301E+00-0.114390037E+00-0.118471202E+00-0.122478716E+00-0.126401689E+00
-0.130229340E+00-0.133950970E+00-0.137555942E+00-0.141033672E+00-0.144373626E+00
-0.147565320E+00-0.150598320E+00-0.153462249E+00-0.156146788E+00-0.158641690E+00
-0.160936791E+00-0.163022028E+00-0.164887458E+00-0.166523284E+00-0.167919893E+00
-0.169067892E+00-0.169958158E+00-0.170581892E+00-0.170930688E+00-0.170996607E+00
-0.170772258E+00-0.170250893E+00-0.169426504E+00-0.168293930E+00-0.166848963E+00
-0.165088462E+00-0.163010466E+00-0.160614300E+00-0.157900687E+00-0.154871845E+00
-0.151531589E+00-0.147885416E+00-0.143940587E+00-0.139706200E+00-0.135193254E+00
-0.130414698E+00-0.125385475E+00-0.120122541E+00-0.114644842E+00-0.108973193E+00
-0.103129808E+00-0.971367063E-01-0.910111717E-01-0.847576485E-01-0.783610811E-01
-0.718562701E-01-0.653413161E-01-0.588200455E-01-0.522966021E-01-0.457750210E-01
-0.392590578E-01-0.327521204E-01-0.262572433E-01-0.197770826E-01-0.133139217E-01
-0.686968164E-02-0.445932952E-03 0.595609290E-02 0.123354939E-01 0.186916897E-01
 0.250244161E-01 0.313337208E-01 0.376199613E-01 0.438838032E-01 0.501262184E-01
 0.563484830E-01 0.625521727E-01 0.687391549E-01 0.749115744E-01 0.810718303E-01
 0.872225400E-01 0.933664823E-01 0.995065135E-01 0.105645440E+00 0.111785823E+00
 0.117929686E+00 0.124078038E+00 0.130230075E+00 0.136381731E+00 0.142522698E+00
 0.148629342E+00 0.154645552E+00 0.160450282E+00 0.431006585E-01 0.440004644E-01
 0.434079726E-01 0.412744436E-01 0.378219149E-01 0.340893015E-01 0.303110814E-01
 0.264901084E-01 0.226326733E-01 0.187467935E-01 0.148398624E-01 0.109178880E-01
 0.698543477E-02 0.304579278E-02-0.898810130E-03-0.484701511E-02-0.879817186E-02
-0.127522101E-01-0.167095379E-01-0.206709607E-01-0.246376180E-01-0.286109316E-01
-0.325925660E-01-0.365843949E-01-0.405884759E-01-0.446070298E-01-0.486424255E-01
-0.526971693E-01-0.567739006E-01-0.608753969E-01-0.650045977E-01-0.691646669E-01
-0.733591456E-01-0.775923194E-01-0.818701088E-01-0.862275499E-01-0.906487427E-01
-0.951047394E-01-0.995710399E-01-0.104028446E+00-0.108461592E+00-0.112857363E+00
-0.117203764E+00-0.121489333E+00-0.125702877E+00-0.129833356E+00-0.133869829E+00
-0.137801426E+00-0.141617338E+00-0.145306806E+00-0.148859118E+00-0.152263602E+00
-0.155509630E+00-0.158586617E+00-0.161484023E+00-0.164191359E+00-0.166698196E+00
-0.168994174E+00-0.171069023E+00-0.172912579E+00-0.174514817E+00-0.175865884E+00
-0.176956142E+00-0.177776222E+00-0.178317090E+00-0.178570118E+00-0.178527171E+00
-0.178180704E+00-0.177523863E+00-0.176550601E+00-0.175255796E+00-0.173635370E+00
-0.171686411E+00-0.169407293E+00-0.166797791E+00-0.163859189E+00-0.160594386E+00
-0.157007982E+00-0.153106370E+00-0.148897807E+00-0.144392478E+00-0.139602554E+00
-0.134542240E+00-0.129227811E+00-0.123677640E+00-0.117912204E+00-0.111954022E+00
-0.105827370E+00-0.995571032E-01-0.931646399E-01-0.866583080E-01-0.800184598E-01
-0.732603617E-01-0.665098155E-01-0.597704383E-01-0.530457506E-01-0.463390566E-01
-0.396533645E-01-0.329913398E-01-0.263552928E-01-0.197471860E-01-0.131686529E-01
-0.662101919E-02-0.105323605E-03 0.637766277E-02 0.128274197E-01 0.192436623E-01
 0.256263261E-01 0.319755524E-01 0.382916719E-01 0.445751858E-01 0.508267433E-01
 0.570471124E-01 0.632371415E-01 0.693977094E-01 0.755296570E-01 0.816336950E-01
 0.877102777E-01 0.937594292E-01 0.997805001E-01 0.105771825E+00 0.111730226E+00
 0.117650295E+00 0.123523304E+00 0.129335580E+00 0.135066093E+00 0.140683284E+00
 0.146142369E+00 0.151386930E+00 0.439626022E-01 0.448654361E-01 0.442642029E-01
 0.421072391E-01 0.386435338E-01 0.348847380E-01 0.310914803E-01 0.272680403E-01
 0.234158875E-01 0.195378285E-01 0.156372005E-01 0.117172531E-01 0.778080761E-02
 0.383011298E-02-0.133183740E-03-0.410801062E-02-0.809382027E-02-0.120905328E-01
-0.160984806E-01-0.201183585E-01-0.241511801E-01-0.281982409E-01-0.322610868E-01
-0.363414881E-01-0.404414174E-01-0.445630313E-01-0.487086545E-01-0.528807649E-01
-0.570819785E-01-0.613150283E-01-0.655827312E-01-0.698879211E-01-0.742333020E-01
-0.786211038E-01-0.830843682E-01-0.876305478E-01-0.922377869E-01-0.968775823E-01
-0.101526985E+00-0.106168072E+00-0.110786292E+00-0.115368879E+00-0.119903913E+00
-0.124379871E+00-0.128785444E+00-0.133109454E+00-0.137340810E+00-0.141468496E+00
-0.145481551E+00-0.149369066E+00-0.153120175E+00-0.156724054E+00-0.160169911E+00
-0.163446990E+00-0.166544569E+00-0.169451961E+00-0.172158515E+00-0.174653629E+00
-0.176926755E+00-0.178967419E+00-0.180765240E+00-0.182309959E+00-0.183591478E+00
-0.184599910E+00-0.185325636E+00-0.185759383E+00-0.185892302E+00-0.185716079E+00
-0.185223034E+00-0.184406252E+00-0.183259705E+00-0.181778390E+00-0.179958456E+00
-0.177797340E+00-0.175293889E+00-0.172448478E+00-0.169263120E+00-0.165741561E+00
-0.161889369E+00-0.157714012E+00-0.153224922E+00-0.148433554E+00-0.143353433E+00
-0.138000193E+00-0.132391613E+00-0.126547633E+00-0.120490360E+00-0.114244002E+00
-0.107834611E+00-0.101289052E+00-0.946313797E-01-0.878732537E-01-0.809984326E-01
-0.740069868E-01-0.670404601E-01-0.601022750E-01-0.531955631E-01-0.463230869E-01
-0.394871822E-01-0.326897766E-01-0.259324391E-01-0.192164324E-01-0.125427568E-01
-0.591218554E-02 0.674706679E-03 0.721751908E-02 0.137160022E-01 0.201700355E-01
 0.265796038E-01 0.329447705E-01 0.392656481E-01 0.455423607E-01 0.517750002E-01
 0.579635701E-01 0.641079149E-01 0.702076298E-01 0.762619446E-01 0.822695731E-01
 0.882285169E-01 0.941358103E-01 0.999871859E-01 0.105776639E+00 0.111495870E+00
 0.117133580E+00 0.122674659E+00 0.128099361E+00 0.133382772E+00 0.138495092E+00
 0.143403226E+00 0.450177805E-01 0.459140823E-01 0.453382556E-01 0.431294361E-01
 0.393780717E-01 0.355917411E-01 0.317869291E-01 0.279559371E-01 0.240991931E-01
 0.202177798E-01 0.163131259E-01 0.123867632E-01 0.844012785E-02 0.447442658E-02
 0.490559597E-03-0.351091395E-02-0.752978305E-02-0.115661757E-01-0.156205412E-01
-0.196936295E-01-0.237864690E-01-0.279003463E-01-0.320367873E-01-0.361975405E-01
-0.403845619E-01-0.446000030E-01-0.488461981E-01-0.531256534E-01-0.574410341E-01
-0.617951480E-01-0.661909233E-01-0.706313777E-01-0.751195835E-01-0.796586539E-01
-0.842865077E-01-0.890022585E-01-0.937778166E-01-0.985849860E-01-0.103401907E+00
-0.108211618E+00-0.113000105E+00-0.117754785E+00-0.122463731E+00-0.127115334E+00
-0.131698165E+00-0.136200915E+00-0.140612362E+00-0.144921356E+00-0.149116809E+00
-0.153187684E+00-0.157122988E+00-0.160911767E+00-0.164543100E+00-0.168006094E+00
-0.171289880E+00-0.174383615E+00-0.177276475E+00-0.179957663E+00-0.182416410E+00
-0.184641986E+00-0.186623713E+00-0.188350988E+00-0.189813316E+00-0.191000344E+00
-0.191901925E+00-0.192508182E+00-0.192809594E+00-0.192797104E+00-0.192462229E+00
-0.191797199E+00-0.190795093E+00-0.189449991E+00-0.187757116E+00-0.185712982E+00
-0.183315532E+00-0.180564261E+00-0.177460335E+00-0.174006689E+00-0.170208122E+00
-0.166071369E+00-0.161605172E+00-0.156820335E+00-0.151729770E+00-0.146348535E+00
-0.140693864E+00-0.134785195E+00-0.128644172E+00-0.122294648E+00-0.115762620E+00
-0.109075995E+00-0.102263686E+00-0.953521766E-01-0.883555042E-01-0.812575480E-01
-0.740533472E-01-0.668922241E-01-0.597774070E-01-0.527116055E-01-0.456967522E-01
-0.387342068E-01-0.318249528E-01-0.249697198E-01-0.181690531E-01-0.114233552E-01
-0.473291414E-02 0.190207134E-02 0.848146850E-02 0.150051853E-01 0.214731429E-01
 0.278852448E-01 0.342413405E-01 0.405411839E-01 0.467843823E-01 0.529703354E-01
 0.590981614E-01 0.651666049E-01 0.711739256E-01 0.771177601E-01 0.829949540E-01
 0.888013574E-01 0.945315813E-01 0.100178714E+00 0.105734007E+00 0.111186548E+00
 0.116522989E+00 0.121727392E+00 0.126781335E+00 0.131664396E+00 0.136355058E+00
 0.454215597E-01 0.463154807E-01 0.456949981E-01 0.435104224E-01 0.399820945E-01
 0.361950497E-01 0.323811043E-01 0.285420122E-01 0.246779502E-01 0.207892562E-01
 0.168764022E-01 0.129399172E-01 0.898030212E-02 0.499795558E-02 0.993116647E-03
-0.303417453E-02-0.708410060E-02-0.111570792E-01-0.152537666E-01-0.193750567E-01
-0.235220754E-01-0.276961752E-01-0.318989275E-01-0.361321162E-01-0.403977314E-01
-0.446979641E-01-0.490352024E-01-0.534120284E-01-0.578312156E-01-0.622957272E-01
-0.668087119E-01-0.713734945E-01-0.759935593E-01-0.806725238E-01-0.854503849E-01
-0.903185586E-01-0.952455159E-01-0.100203811E+00-0.105172562E+00-0.110135540E+00
-0.115079057E+00-0.119990593E+00-0.124858163E+00-0.129670054E+00-0.134414720E+00
-0.139080729E+00-0.143656741E+00-0.148131494E+00-0.152493787E+00-0.156732476E+00
-0.160836463E+00-0.164794691E+00-0.168596135E+00-0.172229795E+00-0.175684694E+00
-0.178949867E+00-0.182014363E+00-0.184867237E+00-0.187497553E+00-0.189894384E+00
-0.192046819E+00-0.193943976E+00-0.195575026E+00-0.196929219E+00-0.197995936E+00
-0.198764751E+00-0.199225514E+00-0.199368456E+00-0.199184315E+00-0.198664480E+00
-0.197801146E+00-0.196587483E+00-0.195017799E+00-0.193087702E+00-0.190794256E+00
-0.188136110E+00-0.185113627E+00-0.181728987E+00-0.177986277E+00-0.173891569E+00
-0.169452982E+00-0.164680741E+00-0.159587215E+00-0.154186958E+00-0.148496734E+00
-0.142535539E+00-0.136324620E+00-0.129887478E+00-0.123249862E+00-0.116439722E+00
-0.109486989E+00-0.102422648E+00-0.952749744E-01-0.880580787E-01-0.807517139E-01
-0.733582365E-01-0.660277753E-01-0.587638906E-01-0.515673705E-01-0.444383014E-01
-0.373766402E-01-0.303823334E-01-0.234553218E-01-0.165955326E-01-0.980287962E-02
-0.307727451E-02 0.358135519E-02 0.101730424E-01 0.166977531E-01 0.231553545E-01
 0.295455792E-01 0.358679835E-01 0.421218995E-01 0.483063777E-01 0.544201212E-01
 0.604614072E-01 0.664279954E-01 0.723170215E-01 0.781248757E-01 0.838470660E-01
 0.894780702E-01 0.950111846E-01 0.100438382E+00 0.105750203E+00 0.110935710E+00
 0.115982546E+00 0.120877139E+00 0.125605073E+00 0.130151629E+00 0.459174462E-01
 0.467916924E-01 0.461603581E-01 0.439706536E-01 0.404811283E-01 0.366902314E-01
 0.328688077E-01 0.290225870E-01 0.251514273E-01 0.212551357E-01 0.173335462E-01
 0.133865074E-01 0.941385429E-02 0.541537393E-02 0.139077129E-02-0.266036196E-02
-0.673857310E-02-0.108445684E-01-0.149792280E-01-0.191436161E-01-0.233389876E-01
-0.275667927E-01-0.318286791E-01-0.361264936E-01-0.404622836E-01-0.448382991E-01
-0.492569965E-01-0.537210455E-01-0.582333399E-01-0.627970157E-01-0.674154758E-01
-0.720924170E-01-0.768318284E-01-0.816378577E-01-0.865514584E-01-0.915559179E-01
-0.966182496E-01-0.101711925E+00-0.106816985E+00-0.111917776E+00-0.117000818E+00
-0.122053599E+00-0.127064060E+00-0.132020388E+00-0.136910929E+00-0.141724143E+00
-0.146448589E+00-0.151072904E+00-0.155585795E+00-0.159976027E+00-0.164232419E+00
-0.168343829E+00-0.172299153E+00-0.176087311E+00-0.179697245E+00-0.183117907E+00
-0.186338256E+00-0.189347245E+00-0.192133822E+00-0.194686922E+00-0.196995464E+00
-0.199048358E+00-0.200834511E+00-0.202342848E+00-0.203562348E+00-0.204482097E+00
-0.205091364E+00-0.205379709E+00-0.205337116E+00-0.204954145E+00-0.204222117E+00
-0.203133296E+00-0.201681083E+00-0.199860200E+00-0.197666855E+00-0.195098896E+00
-0.192155936E+00-0.188839459E+00-0.185152914E+00-0.181101781E+00-0.176693638E+00
-0.171938204E+00-0.166847384E+00-0.161435299E+00-0.155718314E+00-0.149715054E+00
-0.143446422E+00-0.136935605E+00-0.130208080E+00-0.123291600E+00-0.116216136E+00
-0.109013614E+00-0.101716766E+00-0.943543632E-01-0.869371737E-01-0.794361057E-01
-0.718798640E-01-0.644175997E-01-0.570415822E-01-0.497485880E-01-0.425371271E-01
-0.354063442E-01-0.283556063E-01-0.213843640E-01-0.144921192E-01-0.767843304E-02
-0.942946357E-03 0.571459387E-02 0.122943066E-01 0.187961467E-01 0.252198717E-01
 0.315650059E-01 0.378307987E-01 0.440161790E-01 0.501197023E-01 0.561394916E-01
 0.620731719E-01 0.679177976E-01 0.736697761E-01 0.793247889E-01 0.848777155E-01
 0.903225686E-01 0.956524492E-01 0.100859536E+00 0.105935129E+00 0.110869750E+00
 0.115653334E+00 0.120275494E+00 0.124725859E+00 0.465903002E-01 0.474751718E-01
 0.468483982E-01 0.446301640E-01 0.408848325E-01 0.370747185E-01 0.332479920E-01
 0.293969854E-01 0.255209103E-01 0.216190240E-01 0.176905867E-01 0.137348787E-01
 0.975119837E-02 0.573884719E-02 0.169710506E-02-0.237479735E-02-0.647770649E-02
-0.106125716E-01-0.147804668E-01-0.189826096E-01-0.232203758E-01-0.274953108E-01
-0.318091388E-01-0.361637703E-01-0.405613077E-01-0.450040520E-01-0.494945094E-01
-0.540354021E-01-0.586296867E-01-0.632805894E-01-0.679916803E-01-0.727670389E-01
-0.776116371E-01-0.825322615E-01-0.875676277E-01-0.926931370E-01-0.978755068E-01
-0.103089204E+00-0.108315160E+00-0.113538213E+00-0.118745046E+00-0.123923150E+00
-0.129060407E+00-0.134144917E+00-0.139164936E+00-0.144108836E+00-0.148965085E+00
-0.153722239E+00-0.158368926E+00-0.162893838E+00-0.167285723E+00-0.171533376E+00
-0.175625630E+00-0.179551349E+00-0.183299418E+00-0.186858735E+00-0.190218201E+00
-0.193366709E+00-0.196293139E+00-0.198986340E+00-0.201435128E+00-0.203628271E+00
-0.205554490E+00-0.207202464E+00-0.208560845E+00-0.209618300E+00-0.210363579E+00
-0.210785616E+00-0.210873670E+00-0.210617495E+00-0.210007546E+00-0.209035187E+00
-0.207692919E+00-0.205974593E+00-0.203875595E+00-0.201393016E+00-0.198525779E+00
-0.195274751E+00-0.191642819E+00-0.187634960E+00-0.183258292E+00-0.178522115E+00
-0.173437947E+00-0.168019552E+00-0.162282964E+00-0.156246502E+00-0.149930784E+00
-0.143358731E+00-0.136555565E+00-0.129548800E+00-0.122368194E+00-0.115045618E+00
-0.107614563E+00-0.100108197E+00-0.925518269E-01-0.849430710E-01-0.772318843E-01
-0.696016701E-01-0.620604592E-01-0.546116158E-01-0.472561230E-01-0.399937978E-01
-0.328239282E-01-0.257456043E-01-0.187578927E-01-0.118599316E-01-0.505098667E-02
 0.166951105E-02 0.830193619E-02 0.148464424E-01 0.213029359E-01 0.276710473E-01
 0.339501012E-01 0.401390830E-01 0.462366016E-01 0.522408512E-01 0.581495688E-01
 0.639599923E-01 0.696688189E-01 0.752721679E-01 0.807655511E-01 0.861438572E-01
 0.914013560E-01 0.965317293E-01 0.101528137E+00 0.106383321E+00 0.111089758E+00
 0.115639849E+00 0.120026146E+00 0.467120634E-01 0.475759250E-01 0.469270462E-01
 0.447168166E-01 0.411499327E-01 0.373449257E-01 0.335170314E-01 0.296653715E-01
 0.257885339E-01 0.218850896E-01 0.179536709E-01 0.139930068E-01 0.100019264E-01
 0.597934006E-02 0.192420703E-02-0.216450175E-02-0.628784138E-02-0.104469277E-01
-0.146429674E-01-0.188772837E-01-0.231513370E-01-0.274667412E-01-0.318252770E-01
-0.362289019E-01-0.406797575E-01-0.451801752E-01-0.497326789E-01-0.543399845E-01
-0.590049917E-01-0.637307619E-01-0.685204597E-01-0.733772099E-01-0.783037453E-01
-0.833348616E-01-0.884802839E-01-0.937125551E-01-0.989999066E-01-0.104318264E+00
-0.109649547E+00-0.114979072E+00-0.120293681E+00-0.125580883E+00-0.130828514E+00
-0.136024610E+00-0.141157353E+00-0.146215038E+00-0.151186063E+00-0.156058914E+00
-0.160822152E+00-0.165464409E+00-0.169974377E+00-0.174340800E+00-0.178552465E+00
-0.182598194E+00-0.186466836E+00-0.190147255E+00-0.193628323E+00-0.196898907E+00
-0.199947857E+00-0.202763987E+00-0.205336064E+00-0.207652786E+00-0.209702767E+00
-0.211474516E+00-0.212956439E+00-0.214136853E+00-0.215004056E+00-0.215546403E+00
-0.215752474E+00-0.215611264E+00-0.215112393E+00-0.214246343E+00-0.213004718E+00
-0.211380519E+00-0.209368333E+00-0.206964536E+00-0.204167435E+00-0.200977361E+00
-0.197396737E+00-0.193430131E+00-0.189084293E+00-0.184368191E+00-0.179293039E+00
-0.173872317E+00-0.168121799E+00-0.162059561E+00-0.155705999E+00-0.149083829E+00
-0.142218095E+00-0.135136155E+00-0.127867673E+00-0.120444565E+00-0.112900842E+00
-0.105271944E+00-0.975917956E-01-0.898817248E-01-0.821263382E-01-0.743026689E-01
-0.665873824E-01-0.589822574E-01-0.514864034E-01-0.440980371E-01-0.368151865E-01
-0.296359627E-01-0.225586614E-01-0.155818029E-01-0.870414911E-02-0.192471609E-02
 0.475721488E-02 0.113420845E-01 0.178300408E-01 0.242209227E-01 0.305142415E-01
 0.367091613E-01 0.428044773E-01 0.487985945E-01 0.546895062E-01 0.604747745E-01
 0.661515137E-01 0.717163809E-01 0.771655736E-01 0.824948412E-01 0.876995109E-01
 0.927745334E-01 0.977145512E-01 0.102513991E+00 0.107167182E+00 0.111668492E+00
 0.116012490E+00 0.468162777E-01 0.476531939E-01 0.469941071E-01 0.447859112E-01
 0.412918987E-01 0.374963650E-01 0.336737403E-01 0.298281615E-01 0.259571707E-01
 0.220583962E-01 0.181297361E-01 0.141693802E-01 0.101757778E-01 0.614757834E-02
 0.208356451E-02-0.201741296E-02-0.615649252E-02-0.103348498E-01-0.145537366E-01
-0.188145121E-01-0.231186671E-01-0.274678431E-01-0.318638466E-01-0.363086604E-01
-0.408044517E-01-0.453535770E-01-0.499585853E-01-0.546222171E-01-0.593473998E-01
-0.641372369E-01-0.689949922E-01-0.739240732E-01-0.789280413E-01-0.840460711E-01
-0.892814038E-01-0.946024909E-01-0.999780311E-01-0.105384768E+00-0.110805232E+00
-0.116225019E+00-0.121631048E+00-0.127010816E+00-0.132352112E+00-0.137642912E+00
-0.142871334E+00-0.148025610E+00-0.153094075E+00-0.158065157E+00-0.162927364E+00
-0.167669277E+00-0.172279541E+00-0.176746861E+00-0.181059987E+00-0.185207713E+00
-0.189178864E+00-0.192962288E+00-0.196546847E+00-0.199921406E+00-0.203074815E+00
-0.205995896E+00-0.208673422E+00-0.211096082E+00-0.213252459E+00-0.215130977E+00
-0.216719873E+00-0.218007125E+00-0.218980603E+00-0.219628157E+00-0.219937776E+00
-0.219897781E+00-0.219497052E+00-0.218725280E+00-0.217573240E+00-0.216033071E+00
-0.214098532E+00-0.211765270E+00-0.209031073E+00-0.205895833E+00-0.202361616E+00
-0.198432686E+00-0.194115528E+00-0.189418866E+00-0.184353689E+00-0.178933267E+00
-0.173173175E+00-0.167091307E+00-0.160707890E+00-0.154045489E+00-0.147129013E+00
-0.139985720E+00-0.132645209E+00-0.125139416E+00-0.117502566E+00-0.109770937E+00
-0.101981636E+00-0.941669020E-01-0.863359596E-01-0.784478789E-01-0.705556872E-01
-0.628008769E-01-0.551743522E-01-0.476702226E-01-0.402842960E-01-0.330133468E-01
-0.258547669E-01-0.188064015E-01-0.118664734E-01-0.503354985E-02 0.169347062E-02
 0.831536076E-02 0.148325623E-01 0.212451807E-01 0.275529781E-01 0.337553654E-01
 0.398513947E-01 0.458397515E-01 0.517187490E-01 0.574863248E-01 0.631400425E-01
 0.686770977E-01 0.740943329E-01 0.793882616E-01 0.845551038E-01 0.895908346E-01
 0.944912481E-01 0.992520350E-01 0.103868875E+00 0.108337541E+00 0.112654014E+00
 0.470614613E-01 0.479089372E-01 0.472482832E-01 0.450252824E-01 0.413176247E-01
 0.375220056E-01 0.337154450E-01 0.298867902E-01 0.260315816E-01 0.221461899E-01
 0.182277705E-01 0.142741447E-01 0.102836311E-01 0.625488264E-02 0.218674847E-02
-0.192183202E-02-0.607190929E-02-0.102645823E-01-0.145010416E-01-0.187826003E-01
-0.231107177E-01-0.274870166E-01-0.319132957E-01-0.363915402E-01-0.409239285E-01
-0.455128384E-01-0.501608507E-01-0.548707524E-01-0.596455389E-01-0.644884168E-01
-0.694028099E-01-0.743923725E-01-0.794610213E-01-0.846497229E-01-0.899574111E-01
-0.953501867E-01-0.100797256E+00-0.106275971E+00-0.111769263E+00-0.117262875E+00
-0.122743742E+00-0.128199325E+00-0.133617362E+00-0.138985772E+00-0.144292613E+00
-0.149526065E+00-0.154674410E+00-0.159726027E+00-0.164669377E+00-0.169493001E+00
-0.174185508E+00-0.178735568E+00-0.183131906E+00-0.187363295E+00-0.191418544E+00
-0.195286496E+00-0.198956017E+00-0.202415983E+00-0.205655273E+00-0.208662747E+00
-0.211427227E+00-0.213937464E+00-0.216182105E+00-0.218149483E+00-0.219827612E+00
-0.221204230E+00-0.222266862E+00-0.223002935E+00-0.223399934E+00-0.223445601E+00
-0.223128177E+00-0.222436668E+00-0.221361128E+00-0.219892962E+00-0.218025211E+00
-0.215752830E+00-0.213072915E+00-0.209984988E+00-0.206490900E+00-0.202594737E+00
-0.198302826E+00-0.193623737E+00-0.188568312E+00-0.183149675E+00-0.177383260E+00
-0.171286827E+00-0.164880473E+00-0.158186649E+00-0.151230156E+00-0.144038156E+00
-0.136640159E+00-0.129068012E+00-0.121355861E+00-0.113539990E+00-0.105658126E+00
-0.977462337E-01-0.898259071E-01-0.818758258E-01-0.738653487E-01-0.659970495E-01
-0.582644832E-01-0.506630492E-01-0.431889581E-01-0.358389044E-01-0.286099713E-01
-0.214996074E-01-0.145056232E-01-0.762619103E-02-0.859844575E-03 0.579452201E-02
 0.123376556E-01 0.187699457E-01 0.250914260E-01 0.313017762E-01 0.374003248E-01
 0.433860525E-01 0.492575977E-01 0.550132654E-01 0.606510392E-01 0.661685983E-01
 0.715633411E-01 0.768324156E-01 0.819727585E-01 0.869811422E-01 0.918542323E-01
 0.965886536E-01 0.101181064E+00 0.105628235E+00 0.109927138E+00 0.467964098E-01
 0.476066542E-01 0.469316573E-01 0.447250409E-01 0.411687618E-01 0.374117699E-01
 0.336413510E-01 0.298470386E-01 0.260217364E-01 0.221606993E-01 0.182609379E-01
 0.143206032E-01 0.103385109E-01 0.631381876E-02 0.224582264E-02-0.186617106E-02
-0.602292346E-02-0.102253120E-01-0.144743612E-01-0.187712631E-01-0.231173908E-01
-0.275143084E-01-0.319637783E-01-0.364677673E-01-0.410284513E-01-0.456482199E-01
-0.503296807E-01-0.550756643E-01-0.598892290E-01-0.647736687E-01-0.697325222E-01
-0.747695877E-01-0.798889421E-01-0.851326311E-01-0.904960970E-01-0.959441339E-01
-0.101446453E+00-0.106980892E+00-0.112530665E+00-0.118081598E+00-0.123620619E+00
-0.129135147E+00-0.134612869E+00-0.140041653E+00-0.145409511E+00-0.150704575E+00
-0.155915086E+00-0.161029380E+00-0.166035886E+00-0.170923110E+00-0.175679631E+00
-0.180294096E+00-0.184755207E+00-0.189051722E+00-0.193172444E+00-0.197106214E+00
-0.200841908E+00-0.204368426E+00-0.207674688E+00-0.210749615E+00-0.213582122E+00
-0.216161093E+00-0.218475160E+00-0.220512565E+00-0.222261194E+00-0.223708587E+00
-0.224842003E+00-0.225648526E+00-0.226115230E+00-0.226229392E+00-0.225978732E+00
-0.225351703E+00-0.224337779E+00-0.222927768E+00-0.221114118E+00-0.218891211E+00
-0.216255624E+00-0.213206341E+00-0.209744976E+00-0.205875591E+00-0.201604468E+00
-0.196940113E+00-0.191893286E+00-0.186477024E+00-0.180706666E+00-0.174599879E+00
-0.168176669E+00-0.161459400E+00-0.154472794E+00-0.147243935E+00-0.139802255E+00
-0.132179519E+00-0.124409772E+00-0.116529203E+00-0.108575649E+00-0.100586532E+00
-0.925901485E-01-0.845808982E-01-0.764968311E-01-0.685419973E-01-0.607236382E-01
-0.530421359E-01-0.454952816E-01-0.380800377E-01-0.307932703E-01-0.236320544E-01
-0.165937973E-01-0.967628658E-02-0.287770310E-02 0.380337876E-02 0.103679976E-01
 0.168168136E-01 0.231501182E-01 0.293678441E-01 0.354695769E-01 0.414545663E-01
 0.473217411E-01 0.530697247E-01 0.586968552E-01 0.642012085E-01 0.695806272E-01
 0.748327533E-01 0.799550680E-01 0.849449370E-01 0.897996615E-01 0.945165355E-01
 0.990929072E-01 0.103526244E+00 0.107814201E+00 0.463375979E-01 0.470757592E-01
 0.463875099E-01 0.442226953E-01 0.408311100E-01 0.371600127E-01 0.334624738E-01
 0.297284767E-01 0.259499124E-01 0.221237167E-01 0.182491804E-01 0.143264922E-01
 0.103560642E-01 0.633824043E-02 0.227317720E-02-0.183920003E-02-0.599920868E-02
-0.102074085E-01-0.144645972E-01-0.187718056E-01-0.231302935E-01-0.275415474E-01
-0.320072790E-01-0.365294253E-01-0.411101496E-01-0.457518439E-01-0.504571321E-01
-0.552288743E-01-0.600701725E-01-0.649843781E-01-0.699751010E-01-0.750462209E-01
-0.802019000E-01-0.854848470E-01-0.908878834E-01-0.963751163E-01-0.101916660E+00
-0.107490712E+00-0.113080676E+00-0.118672431E+00-0.124252887E+00-0.129809432E+00
-0.135329711E+00-0.140801556E+00-0.146212939E+00-0.151551958E+00-0.156806823E+00
-0.161965843E+00-0.167017416E+00-0.171950026E+00-0.176752232E+00-0.181412660E+00
-0.185920000E+00-0.190262998E+00-0.194430453E+00-0.198411208E+00-0.202194153E+00
-0.205768213E+00-0.209122352E+00-0.212245563E+00-0.215126864E+00-0.217755258E+00
-0.220119315E+00-0.222207239E+00-0.224006831E+00-0.225505493E+00-0.226690288E+00
-0.227548051E+00-0.228065540E+00-0.228229685E+00-0.228027832E+00-0.227448018E+00
-0.226479297E+00-0.225112054E+00-0.223338295E+00-0.221151975E+00-0.218549268E+00
-0.215528810E+00-0.212091834E+00-0.208242401E+00-0.203986840E+00-0.199333663E+00
-0.194293605E+00-0.188879657E+00-0.183107105E+00-0.176993554E+00-0.170558952E+00
-0.163825607E+00-0.156818192E+00-0.149563749E+00-0.142091684E+00-0.134433756E+00
-0.126624053E+00-0.118698919E+00-0.110696692E+00-0.102656472E+00-0.946123321E-01
-0.865737145E-01-0.784942463E-01-0.704312137E-01-0.625297375E-01-0.547799534E-01
-0.471749560E-01-0.397093711E-01-0.323787713E-01-0.251794248E-01-0.181081789E-01
-0.111623962E-01-0.433991548E-02 0.236097750E-02 0.894157395E-02 0.154027626E-01
 0.217450486E-01 0.279685718E-01 0.340731250E-01 0.400581719E-01 0.459228674E-01
 0.516660792E-01 0.572864119E-01 0.627822344E-01 0.681517106E-01 0.733928344E-01
 0.785034684E-01 0.834813874E-01 0.883243253E-01 0.930300259E-01 0.975962963E-01
 0.102021063E+00 0.106302425E+00 0.458318287E-01 0.464481069E-01 0.457438415E-01
 0.436827711E-01 0.403007615E-01 0.368034276E-01 0.332351764E-01 0.295848531E-01
 0.258605434E-01 0.220701869E-01 0.182196676E-01 0.143130925E-01 0.103532523E-01
 0.634197616E-02 0.228037448E-02-0.183099941E-02-0.599204092E-02-0.102030215E-01
-0.144645394E-01-0.187774868E-01-0.231430272E-01-0.275625809E-01-0.320378155E-01
-0.365706407E-01-0.411632058E-01-0.458178998E-01-0.505373531E-01-0.553244411E-01
-0.601822892E-01-0.651142801E-01-0.701240610E-01-0.752155538E-01-0.803929645E-01
-0.856993643E-01-0.911259442E-01-0.966364928E-01-0.102201380E+00-0.107799023E+00
-0.113412938E+00-0.119029028E+00-0.124634197E+00-0.130215808E+00-0.135761485E+00
-0.141259031E+00-0.146696400E+00-0.152061666E+00-0.157343021E+00-0.162528756E+00
-0.167607253E+00-0.172566981E+00-0.177396487E+00-0.182084387E+00-0.186619361E+00
-0.190990150E+00-0.195185551E+00-0.199194412E+00-0.203005630E+00-0.206608153E+00
-0.209990978E+00-0.213143158E+00-0.216053808E+00-0.218711936E+00-0.221106120E+00
-0.223224543E+00-0.225054954E+00-0.226584672E+00-0.227800640E+00-0.228689509E+00
-0.229237868E+00-0.229432459E+00-0.229260409E+00-0.228709496E+00-0.227768483E+00
-0.226427479E+00-0.224678255E+00-0.222514500E+00-0.219932138E+00-0.216929578E+00
-0.213507882E+00-0.209670934E+00-0.205425170E+00-0.200779137E+00-0.195743573E+00
-0.190331453E+00-0.184558035E+00-0.178440891E+00-0.171999936E+00-0.165257447E+00
-0.158238070E+00-0.150968830E+00-0.143479125E+00-0.135800726E+00-0.127967755E+00
-0.120016641E+00-0.111985906E+00-0.103915172E+00-0.958403896E-01-0.877761860E-01
-0.796820524E-01-0.715737415E-01-0.636285746E-01-0.558392153E-01-0.481991737E-01
-0.407028394E-01-0.333453996E-01-0.261227478E-01-0.190314067E-01-0.120684672E-01
-0.523153974E-02 0.148128459E-02 0.807146685E-02 0.145400484E-01 0.208876760E-01
 0.271146256E-01 0.332208242E-01 0.392058733E-01 0.450690716E-01 0.508094401E-01
 0.564257488E-01 0.619165460E-01 0.672801903E-01 0.725148863E-01 0.776187228E-01
 0.825897147E-01 0.874258476E-01 0.921251249E-01 0.966856172E-01 0.101105511E+00
 0.105383161E+00 0.448688765E-01 0.452136324E-01 0.444794521E-01 0.426201132E-01
 0.398504917E-01 0.365961180E-01 0.331202302E-01 0.295144381E-01 0.258150236E-01
 0.220399486E-01 0.181993635E-01 0.142994443E-01 0.103440870E-01 0.633575619E-02
 0.227594840E-02-0.183453722E-02-0.599543411E-02-0.102069040E-01-0.144694693E-01
-0.187839687E-01-0.231515280E-01-0.275735407E-01-0.320516558E-01-0.365877707E-01
-0.411840271E-01-0.458428105E-01-0.505667512E-01-0.553587279E-01-0.602218723E-01
-0.651595754E-01-0.701754953E-01-0.752735659E-01-0.804580066E-01-0.857720046E-01
-0.912061919E-01-0.967242670E-01-0.102296689E+00-0.107901948E+00-0.113523599E+00
-0.119147554E+00-0.124760714E+00-0.130350434E+00-0.135904332E+00-0.141410203E+00
-0.146855994E+00-0.152229773E+00-0.157519726E+00-0.162714138E+00-0.167801389E+00
-0.172769942E+00-0.177608340E+00-0.182305197E+00-0.186849192E+00-0.191229065E+00
-0.195433611E+00-0.199451681E+00-0.203272178E+00-0.206884056E+00-0.210276327E+00
-0.213438067E+00-0.216358431E+00-0.219026418E+00-0.221430614E+00-0.223559196E+00
-0.225399898E+00-0.226940012E+00-0.228166434E+00-0.229065758E+00-0.229624521E+00
-0.229829410E+00-0.229667480E+00-0.229126422E+00-0.228194902E+00-0.226862923E+00
-0.225122178E+00-0.222966275E+00-0.220391055E+00-0.217394851E+00-0.213978665E+00
-0.210146296E+00-0.205904230E+00-0.201261031E+00-0.196227438E+00-0.190816422E+00
-0.185043230E+00-0.178925423E+00-0.172482903E+00-0.165737936E+00-0.158715156E+00
-0.151441581E+00-0.143946605E+00-0.136261998E+00-0.128421890E+00-0.120462717E+00
-0.112423025E+00-0.104342516E+00-0.962575622E-01-0.881842684E-01-0.800846371E-01
-0.719629851E-01-0.640046642E-01-0.562030625E-01-0.485520117E-01-0.410459754E-01
-0.336800983E-01-0.264501886E-01-0.193526756E-01-0.123845627E-01-0.554338256E-02
 0.117284174E-02 0.776563156E-02 0.142360826E-01 0.205848923E-01 0.268123847E-01
 0.329185347E-01 0.389029920E-01 0.447651057E-01 0.505039501E-01 0.561183522E-01
 0.616069218E-01 0.669680839E-01 0.722001140E-01 0.773011770E-01 0.822693679E-01
 0.871027560E-01 0.917994306E-01 0.963575488E-01 0.100775383E+00 0.105051371E+00
 0.457581192E-01 0.463864502E-01 0.456822557E-01 0.436015302E-01 0.403521066E-01
 0.368239316E-01 0.332328951E-01 0.295716561E-01 0.258424030E-01 0.220500835E-01
 0.181991334E-01 0.142929286E-01 0.103338738E-01 0.632358627E-02 0.226305773E-02
-0.184722544E-02-0.600719566E-02-0.102171437E-01-0.144776766E-01-0.187896888E-01
-0.231543422E-01-0.275730532E-01-0.320474845E-01-0.365795402E-01-0.411713642E-01
-0.458253399E-01-0.505440927E-01-0.553304932E-01-0.601876630E-01-0.651189808E-01
-0.701280911E-01-0.752189127E-01-0.803956500E-01-0.857013766E-01-0.911272649E-01
-0.966371061E-01-0.102201275E+00-0.107798191E+00-0.113411373E+00-0.119026725E+00
-0.124631155E+00-0.130212026E+00-0.135756964E+00-0.141253777E+00-0.146690418E+00
-0.152054967E+00-0.157335616E+00-0.162520659E+00-0.167598482E+00-0.172557557E+00
-0.177386431E+00-0.182073724E+00-0.186608120E+00-0.190978362E+00-0.195173248E+00
-0.199181628E+00-0.202992404E+00-0.206594524E+00-0.209976988E+00-0.213128850E+00
-0.216039225E+00-0.218697124E+00-0.221091127E+00-0.223209419E+00-0.225039753E+00
-0.226569451E+00-0.227785460E+00-0.228674436E+00-0.229222970E+00-0.229417809E+00
-0.229246083E+00-0.228695574E+00-0.227755050E+00-0.226414622E+00-0.224666063E+00
-0.222503062E+00-0.219921545E+00-0.216919920E+00-0.213499247E+00-0.209663408E+00
-0.205418834E+00-0.200774069E+00-0.195739845E+00-0.190329133E+00-0.184557184E+00
-0.178441565E+00-0.172002185E+00-0.165261314E+00-0.158243591E+00-0.150976032E+00
-0.143488027E+00-0.135811337E+00-0.127980075E+00-0.120030659E+00-0.112001601E+00
-0.103932518E+00-0.958593760E-01-0.877968818E-01-0.797046961E-01-0.715979929E-01
-0.636545010E-01-0.558668749E-01-0.482286155E-01-0.407341042E-01-0.333785219E-01
-0.261577569E-01-0.190683272E-01-0.121073197E-01-0.527234092E-02 0.143852168E-02
 0.802673275E-02 0.144933372E-01 0.208389853E-01 0.270639565E-01 0.331681813E-01
 0.391512648E-01 0.450125092E-01 0.507509389E-01 0.563653277E-01 0.618542272E-01
 0.672159997E-01 0.724488533E-01 0.775508803E-01 0.825200988E-01 0.873544980E-01
 0.920520845E-01 0.966109318E-01 0.101029230E+00 0.105305335E+00 0.463768685E-01
 0.471311338E-01 0.464448326E-01 0.442720326E-01 0.408074221E-01 0.371248766E-01
 0.334219280E-01 0.296845642E-01 0.259047492E-01 0.220788837E-01 0.182056934E-01
 0.142849397E-01 0.103167470E-01 0.630127568E-02 0.223856968E-02-0.187151124E-02
-0.602931988E-02-0.102354319E-01-0.144906487E-01-0.187959970E-01-0.231527281E-01
-0.275623174E-01-0.320264644E-01-0.365470936E-01-0.411263564E-01-0.457666334E-01
-0.504705379E-01-0.552409207E-01-0.600808755E-01-0.649937464E-01-0.699831373E-01
-0.750529227E-01-0.802072609E-01-0.854888666E-01-0.908905246E-01-0.963763459E-01
-0.101916454E+00-0.107489053E+00-0.113077552E+00-0.118667830E+00-0.124246806E+00
-0.129801867E+00-0.135320668E+00-0.140791041E+00-0.146200965E+00-0.151538545E+00
-0.156791994E+00-0.161949625E+00-0.166999845E+00-0.171931141E+00-0.176732078E+00
-0.181391287E+00-0.185897463E+00-0.190239359E+00-0.194405776E+00-0.198385565E+00
-0.202167618E+00-0.205740866E+00-0.209094276E+00-0.212216843E+00-0.215097590E+00
-0.217725521E+00-0.220089211E+00-0.222176871E+00-0.223976307E+00-0.225474927E+00
-0.226659803E+00-0.227517776E+00-0.228035615E+00-0.228200256E+00-0.227999052E+00
-0.227420050E+00-0.226452308E+00-0.225086216E+00-0.223313787E+00-0.221128976E+00
-0.218527958E+00-0.215509368E+00-0.212074437E+00-0.208227220E+00-0.203974036E+00
-0.199323391E+00-0.194286009E+00-0.188874872E+00-0.183105254E+00-0.176994750E+00
-0.170563295E+00-0.163833183E+00-0.156829071E+00-0.149577986E+00-0.142109316E+00
-0.134454802E+00-0.126648511E+00-0.118726767E+00-0.110727886E+00-0.102690956E+00
-0.946500874E-01-0.866149054E-01-0.785393340E-01-0.704795139E-01-0.625814204E-01
-0.548351374E-01-0.472337331E-01-0.397718175E-01-0.324449519E-01-0.252493955E-01
-0.181819872E-01-0.112400822E-01-0.442151202E-02 0.227544480E-02 0.885208642E-02
 0.153093085E-01 0.216476233E-01 0.278671776E-01 0.339677711E-01 0.399488745E-01
 0.458096500E-01 0.515489723E-01 0.571654531E-01 0.626574684E-01 0.680231894E-01
 0.732606168E-01 0.783676204E-01 0.833419818E-01 0.881814417E-01 0.928837504E-01
 0.974467215E-01 0.101868287E+00 0.106146553E+00 0.468523529E-01 0.476567408E-01
 0.469977888E-01 0.447813061E-01 0.410683065E-01 0.373157008E-01 0.335527044E-01
 0.297642395E-01 0.259440552E-01 0.220878244E-01 0.181926979E-01 0.142568416E-01
 0.102790445E-01 0.625843463E-02 0.219428726E-02-0.191409888E-02-0.606748166E-02
-0.102667268E-01-0.145128417E-01-0.188069973E-01-0.231505445E-01-0.275450244E-01
-0.319921771E-01-0.364939480E-01-0.410524934E-01-0.456701849E-01-0.503496140E-01
-0.550935969E-01-0.599051797E-01-0.647876454E-01-0.697445241E-01-0.747796065E-01
-0.798969638E-01-0.851386530E-01-0.905000628E-01-0.959459899E-01-0.101446160E+00
-0.106978422E+00-0.112525996E+00-0.118074713E+00-0.123611508E+00-0.129123805E+00
-0.134599300E+00-0.140025869E+00-0.145391529E+00-0.150684422E+00-0.155892795E+00
-0.161004996E+00-0.166009457E+00-0.170894695E+00-0.175649298E+00-0.180261918E+00
-0.184721268E+00-0.189016112E+00-0.193135260E+00-0.197067563E+00-0.200801901E+00
-0.204327184E+00-0.207632334E+00-0.210706282E+00-0.213537944E+00-0.216116208E+00
-0.218429716E+00-0.220466717E+00-0.222215106E+00-0.223662433E+00-0.224795967E+00
-0.225602805E+00-0.226070033E+00-0.226184938E+00-0.225935254E+00-0.225309442E+00
-0.224296987E+00-0.222888705E+00-0.221077049E+00-0.218856404E+00-0.216223349E+00
-0.213176866E+00-0.209718564E+00-0.205852496E+00-0.201584931E+00-0.196924365E+00
-0.191881542E+00-0.186469487E+00-0.180703522E+00-0.174601296E+00-0.168182797E+00
-0.161470367E+00-0.154488707E+00-0.147264875E+00-0.139828278E+00-0.132210653E+00
-0.124446015E+00-0.116570519E+00-0.108621970E+00-0.100637774E+00-0.926462914E-01
-0.846421965E-01-0.765634199E-01-0.686138149E-01-0.608007326E-01-0.531245945E-01
-0.455832016E-01-0.381735142E-01-0.308923911E-01-0.237368978E-01-0.167044321E-01
-0.979277087E-02-0.300008503E-02 0.367506137E-02 0.102337172E-01 0.166765529E-01
 0.230038702E-01 0.292156123E-01 0.353113751E-01 0.412904192E-01 0.471516837E-01
 0.528938028E-01 0.585151253E-01 0.640137381E-01 0.693874943E-01 0.746340468E-01
 0.797508875E-01 0.847353924E-01 0.895848732E-01 0.942966339E-01 0.988680324E-01
 0.103296546E+00 0.107579836E+00 0.466761113E-01 0.474861701E-01 0.468175653E-01
 0.446185261E-01 0.411413265E-01 0.373757041E-01 0.335838307E-01 0.297672785E-01
 0.259223790E-01 0.220459688E-01 0.181355134E-01 0.141890352E-01 0.102049853E-01
 0.618210878E-02 0.211932587E-02-0.198436472E-02-0.612996028E-02-0.103185104E-01
-0.145511591E-01-0.188291759E-01-0.231539793E-01-0.275271542E-01-0.319504649E-01
-0.364258651E-01-0.409555054E-01-0.455417387E-01-0.501871240E-01-0.548944296E-01
-0.596666345E-01-0.645069317E-01-0.694187335E-01-0.744056851E-01-0.794716959E-01
-0.846577528E-01-0.899627195E-01-0.953526951E-01-0.100796907E+00-0.106272721E+00
-0.111763078E+00-0.117253730E+00-0.122731619E+00-0.128184217E+00-0.133599270E+00
-0.138964708E+00-0.144268601E+00-0.149499137E+00-0.154644610E+00-0.159693409E+00
-0.164634008E+00-0.169454958E+00-0.174144878E+00-0.178692450E+00-0.183086410E+00
-0.187315539E+00-0.191368659E+00-0.195234623E+00-0.198902305E+00-0.202360591E+00
-0.205598369E+00-0.208604507E+00-0.211367834E+00-0.213877111E+00-0.216120987E+00
-0.218087810E+00-0.219765608E+00-0.221142129E+00-0.222204914E+00-0.222941404E+00
-0.223339099E+00-0.223385758E+00-0.223069636E+00-0.222379751E+00-0.221306172E+00
-0.219840311E+00-0.217975218E+00-0.215705853E+00-0.213029310E+00-0.209945112E+00
-0.206455099E+00-0.202563345E+00-0.198276163E+00-0.193602110E+00-0.188552007E+00
-0.183138963E+00-0.177378388E+00-0.171288019E+00-0.164887930E+00-0.158200541E+00
-0.151250626E+00-0.144065311E+00-0.136674073E+00-0.129108724E+00-0.121403369E+00
-0.113594253E+00-0.105719071E+00-0.978138036E-01-0.899002368E-01-0.819575909E-01
-0.739537723E-01-0.660923286E-01-0.583667947E-01-0.507725539E-01-0.433058021E-01
-0.359632191E-01-0.287418741E-01-0.216392018E-01-0.146529992E-01-0.778142517E-02
-0.102300001E-02 0.562339550E-02 0.121585217E-01 0.185827815E-01 0.248962222E-01
 0.310985375E-01 0.371890696E-01 0.431668133E-01 0.490304214E-01 0.547782132E-01
 0.604081866E-01 0.659180354E-01 0.713051727E-01 0.765667611E-01 0.816997515E-01
 0.867009309E-01 0.915669789E-01 0.962945339E-01 0.100880267E+00 0.105320963E+00
 0.109613606E+00 0.466398420E-01 0.474729957E-01 0.468137384E-01 0.446126028E-01
 0.410912626E-01 0.373124610E-01 0.335082107E-01 0.296785669E-01 0.258214046E-01
 0.219346960E-01 0.180166260E-01 0.140656179E-01 0.100803093E-01 0.605950437E-02
 0.200211470E-02-0.209289867E-02-0.622657811E-02-0.104000145E-01-0.146143843E-01
-0.188709797E-01-0.231712317E-01-0.275167286E-01-0.319092304E-01-0.363506788E-01
-0.408432050E-01-0.453891347E-01-0.499909902E-01-0.546514893E-01-0.593735403E-01
-0.641602307E-01-0.690148113E-01-0.739406787E-01-0.789413860E-01-0.840561405E-01
-0.892881000E-01-0.946057051E-01-0.999776826E-01-0.105380795E+00-0.110797586E+00
-0.116213661E+00-0.121615952E+00-0.126991968E+00-0.132329510E+00-0.137616568E+00
-0.142841272E+00-0.147991869E+00-0.153056708E+00-0.158024230E+00-0.162882957E+00
-0.167621484E+00-0.172228470E+00-0.176692634E+00-0.181002740E+00-0.185147594E+00
-0.189116035E+00-0.192896923E+00-0.196479135E+00-0.199851545E+00-0.203003016E+00
-0.205922382E+00-0.208598425E+00-0.211019848E+00-0.213175242E+00-0.215053043E+00
-0.216641504E+00-0.217928621E+00-0.218902278E+00-0.219550347E+00-0.219860834E+00
-0.219822078E+00-0.219422976E+00-0.218653236E+00-0.217503649E+00-0.215966363E+00
-0.214035145E+00-0.211705651E+00-0.208975665E+00-0.205845073E+00-0.202315931E+00
-0.198392491E+00-0.194081222E+00-0.189390829E+00-0.184332281E+00-0.178918823E+00
-0.173166006E+00-0.167091694E+00-0.160716081E+00-0.154061697E+00-0.147153416E+00
-0.140018451E+00-0.132686359E+00-0.125189029E+00-0.117560639E+00-0.109837420E+00
-0.102056456E+00-0.942500715E-01-0.864278719E-01-0.785494397E-01-0.706653960E-01
-0.629191413E-01-0.553014644E-01-0.478064127E-01-0.404297563E-01-0.331682437E-01
-0.260192460E-01-0.189805904E-01-0.120504828E-01-0.522747385E-02 0.148955405E-02
 0.810138998E-02 0.146084921E-01 0.210109825E-01 0.273086401E-01 0.335008931E-01
 0.395868109E-01 0.455650965E-01 0.514340810E-01 0.571917203E-01 0.628355960E-01
 0.683629223E-01 0.737705603E-01 0.790550420E-01 0.842126060E-01 0.892392458E-01
 0.941307737E-01 0.988828982E-01 0.103491316E+00 0.107951818E+00 0.112260400E+00
 0.467087000E-01 0.475348301E-01 0.469320096E-01 0.446890613E-01 0.409244703E-01
 0.371345939E-01 0.333272677E-01 0.294938248E-01 0.256330000E-01 0.217436096E-01
 0.178245240E-01 0.138746944E-01 0.989315283E-02 0.587899217E-02 0.183133489E-02
-0.225070301E-02-0.636804815E-02-0.105217029E-01-0.147127744E-01-0.189424984E-01
-0.232122592E-01-0.275236047E-01-0.318782586E-01-0.362781293E-01-0.407253168E-01
-0.452221172E-01-0.497710246E-01-0.543747299E-01-0.590361124E-01-0.637582167E-01
-0.685441936E-01-0.733971566E-01-0.783198283E-01-0.833470492E-01-0.884884584E-01
-0.937165716E-01-0.989996553E-01-0.104313661E+00-0.109640524E+00-0.114965576E+00
-0.120275674E+00-0.125558342E+00-0.130801431E+00-0.135992994E+00-0.141121229E+00
-0.146174450E+00-0.151141070E+00-0.156009591E+00-0.160768594E+00-0.165406726E+00
-0.169912698E+00-0.174275268E+00-0.178483242E+00-0.182525457E+00-0.186390778E+00
-0.190068085E+00-0.193546268E+00-0.196814206E+00-0.199860764E+00-0.202674772E+00
-0.205245012E+00-0.207560196E+00-0.209608951E+00-0.211379804E+00-0.212861178E+00
-0.214041407E+00-0.214908808E+00-0.215451761E+00-0.215658867E+00-0.215519140E+00
-0.215022221E+00-0.214158610E+00-0.212919929E+00-0.211299190E+00-0.209290989E+00
-0.206891703E+00-0.204099639E+00-0.200915120E+00-0.197340560E+00-0.193380512E+00
-0.189041709E+00-0.184333097E+00-0.179265864E+00-0.173853466E+00-0.168111642E+00
-0.162058435E+00-0.155714202E+00-0.149101617E+00-0.142245677E+00-0.135173690E+00
-0.127915266E+00-0.120502262E+00-0.112968630E+00-0.105349757E+00-0.976795756E-01
-0.899796440E-01-0.822352550E-01-0.744219291E-01-0.667171144E-01-0.591226613E-01
-0.516376954E-01-0.442604277E-01-0.369888735E-01-0.298211275E-01-0.227554687E-01
-0.157903994E-01-0.892466407E-02-0.215726043E-02 0.451254869E-02 0.110852228E-01
 0.175609292E-01 0.239395263E-01 0.302205457E-01 0.364031715E-01 0.424862201E-01
 0.484681176E-01 0.543468789E-01 0.601200879E-01 0.657848813E-01 0.713379386E-01
 0.767754801E-01 0.820932781E-01 0.872866826E-01 0.923506675E-01 0.972798979E-01
 0.102068823E+00 0.106711793E+00 0.111203199E+00 0.115537628E+00 0.460815346E-01
 0.469337261E-01 0.462926327E-01 0.441067497E-01 0.406218634E-01 0.368483022E-01
 0.330436733E-01 0.292121583E-01 0.253532742E-01 0.214664759E-01 0.175512372E-01
 0.136070582E-01 0.963345355E-02 0.562993045E-02 0.159595949E-02-0.246905552E-02
-0.656580646E-02-0.106951063E-01-0.148579104E-01-0.190553337E-01-0.232886639E-01
-0.275593716E-01-0.318691176E-01-0.362197590E-01-0.406133541E-01-0.450521668E-01
-0.495386731E-01-0.540755709E-01-0.586657969E-01-0.633125621E-01-0.680194251E-01
-0.727904573E-01-0.776306263E-01-0.825467197E-01-0.875774345E-01-0.926981101E-01
-0.978755029E-01-0.103084112E+00-0.108304891E+00-0.113522695E+00-0.118724226E+00
-0.123896993E+00-0.129028897E+00-0.134108060E+00-0.139122755E+00-0.144061376E+00
-0.148912411E+00-0.153664437E+00-0.158306102E+00-0.162826118E+00-0.167213254E+00
-0.171456325E+00-0.175544183E+00-0.179465712E+00-0.183209817E+00-0.186765414E+00
-0.190121422E+00-0.193266756E+00-0.196190311E+00-0.198880956E+00-0.201327524E+00
-0.203518802E+00-0.205443530E+00-0.207090405E+00-0.208448102E+00-0.209505307E+00
-0.210250794E+00-0.210673521E+00-0.210762770E+00-0.210508320E+00-0.209900644E+00
-0.208931129E+00-0.207592291E+00-0.205877994E+00-0.203783631E+00-0.201306295E+00
-0.198444909E+00-0.195200331E+00-0.191575438E+00-0.187575192E+00-0.183206690E+00
-0.178479208E+00-0.173404236E+00-0.167995507E+00-0.162269017E+00-0.156243046E+00
-0.149938166E+00-0.143377248E+00-0.136585460E+00-0.129590256E+00-0.122421330E+00
-0.115110482E+00-0.107691132E+00-0.100196399E+00-0.926516718E-01-0.850549662E-01
-0.773562012E-01-0.697384034E-01-0.622097367E-01-0.547736283E-01-0.474310855E-01
-0.401819296E-01-0.330254418E-01-0.259606999E-01-0.189867548E-01-0.121027272E-01
-0.530786405E-02 0.139842340E-02 0.801653037E-02 0.145466318E-01 0.209886558E-01
 0.273422557E-01 0.336067793E-01 0.397812355E-01 0.458642578E-01 0.518540652E-01
 0.577484200E-01 0.635445860E-01 0.692392868E-01 0.748286683E-01 0.803082696E-01
 0.856730068E-01 0.909171775E-01 0.960344914E-01 0.101018136E+00 0.105860881E+00
 0.110555232E+00 0.115093613E+00 0.119468603E+00 0.456599655E-01 0.465266077E-01
 0.458961911E-01 0.437181090E-01 0.402267362E-01 0.364585860E-01 0.326597814E-01
 0.288335832E-01 0.249799573E-01 0.210989052E-01 0.171904931E-01 0.132548204E-01
 0.929197506E-02 0.530198772E-02 0.128478850E-02-0.275982825E-02-0.683223143E-02
-0.109329729E-01-0.150628008E-01-0.192226678E-01-0.234137356E-01-0.276373766E-01
-0.318951745E-01-0.361889235E-01-0.405206286E-01-0.448925055E-01-0.493069835E-01
-0.537667108E-01-0.582745651E-01-0.628336705E-01-0.674474214E-01-0.721195095E-01
-0.768539210E-01-0.816548030E-01-0.865631203E-01-0.915620707E-01-0.966187084E-01
-0.101706546E+00-0.106805654E+00-0.111900400E+00-0.116977325E+00-0.122023940E+00
-0.127028210E+00-0.131978346E+00-0.136862715E+00-0.141669804E+00-0.146388194E+00
-0.151006546E+00-0.155513592E+00-0.159898121E+00-0.164148974E+00-0.168255035E+00
-0.172205221E+00-0.175988477E+00-0.179593766E+00-0.183010064E+00-0.186226350E+00
-0.189231602E+00-0.192014789E+00-0.194564867E+00-0.196870779E+00-0.198921455E+00
-0.200705826E+00-0.202212841E+00-0.203431501E+00-0.204350917E+00-0.204960386E+00
-0.205249492E+00-0.205208244E+00-0.204827227E+00-0.204097784E+00-0.203012200E+00
-0.201563892E+00-0.199747593E+00-0.197559521E+00-0.194997525E+00-0.192061216E+00
-0.188752072E+00-0.185073528E+00-0.181031048E+00-0.176632187E+00-0.171886638E+00
-0.166806274E+00-0.161405181E+00-0.155699680E+00-0.149708353E+00-0.143452049E+00
-0.136953901E+00-0.130239322E+00-0.123335997E+00-0.116273826E+00-0.109084661E+00
-0.101801179E+00-0.944521987E-01-0.870488279E-01-0.795626153E-01-0.720198750E-01
-0.645716277E-01-0.572100062E-01-0.499317261E-01-0.427352658E-01-0.356197493E-01
-0.285845253E-01-0.216290267E-01-0.147527367E-01-0.795519651E-02-0.123602625E-02
 0.540504915E-02 0.119681717E-01 0.184533200E-01 0.248602766E-01 0.311885913E-01
 0.374375401E-01 0.436060790E-01 0.496927914E-01 0.556958290E-01 0.616128458E-01
 0.674409263E-01 0.731765085E-01 0.788153048E-01 0.843522267E-01 0.897813190E-01
 0.950957158E-01 0.100287630E+00 0.105348392E+00 0.110268562E+00 0.115038106E+00
 0.119646669E+00 0.124083914E+00 0.455305697E-01 0.462810146E-01 0.457839596E-01
 0.434958704E-01 0.397397697E-01 0.359689959E-01 0.321778646E-01 0.283586649E-01
 0.245116303E-01 0.206373607E-01 0.167366489E-01 0.128103649E-01 0.885934331E-02
 0.488429041E-02 0.885718177E-03-0.313609804E-02-0.718114221E-02-0.112496666E-01
-0.153421917E-01-0.194595002E-01-0.236026289E-01-0.277728583E-01-0.319717027E-01
-0.362009011E-01-0.404624086E-01-0.447583896E-01-0.490912121E-01-0.534634436E-01
-0.578778478E-01-0.623373815E-01-0.668451902E-01-0.714045982E-01-0.760190914E-01
-0.806922905E-01-0.854642225E-01-0.903262020E-01-0.952467326E-01-0.100198419E+00
-0.105160418E+00-0.110116527E+00-0.115053083E+00-0.119957594E+00-0.124818100E+00
-0.129622918E+00-0.134360528E+00-0.139019526E+00-0.143588602E+00-0.148056518E+00
-0.152412103E+00-0.156644240E+00-0.160741860E+00-0.164693931E+00-0.168489455E+00
-0.172117460E+00-0.175566994E+00-0.178827119E+00-0.181886911E+00-0.184735450E+00
-0.187361826E+00-0.189755138E+00-0.191904501E+00-0.193799060E+00-0.195428011E+00
-0.196780633E+00-0.197846333E+00-0.198614713E+00-0.199075651E+00-0.199219407E+00
-0.199036744E+00-0.198519077E+00-0.197658624E+00-0.196448576E+00-0.194883256E+00
-0.192958286E+00-0.190670736E+00-0.188019259E+00-0.185004215E+00-0.181627775E+00
-0.177894014E+00-0.173808982E+00-0.169380778E+00-0.164619596E+00-0.159537769E+00
-0.154149810E+00-0.148472439E+00-0.142524599E+00-0.136327480E+00-0.129904518E+00
-0.123281394E+00-0.116485983E+00-0.109548136E+00-0.102498772E+00-0.953661771E-01
-0.881647063E-01-0.808747362E-01-0.734966746E-01-0.661819576E-01-0.589341834E-01
-0.517541325E-01-0.446418726E-01-0.375973412E-01-0.306204651E-01-0.237111660E-01
-0.168693511E-01-0.100949135E-01-0.338774287E-02 0.325225652E-02 0.982514201E-02
 0.163309051E-01 0.227694399E-01 0.291405069E-01 0.354436914E-01 0.416783550E-01
 0.478435792E-01 0.539380988E-01 0.599602231E-01 0.659077452E-01 0.717778348E-01
 0.775669166E-01 0.832705344E-01 0.888832024E-01 0.943982543E-01 0.998077012E-01
 0.105102123E+00 0.110270622E+00 0.115300883E+00 0.120179374E+00 0.124891722E+00
 0.129423247E+00 0.444712576E-01 0.453609049E-01 0.447536737E-01 0.425987542E-01
 0.391314382E-01 0.353833071E-01 0.316014850E-01 0.277894543E-01 0.239480911E-01
 0.200789675E-01 0.161840623E-01 0.122654398E-01 0.832500903E-02 0.436437499E-02
 0.384762407E-03-0.361301042E-02-0.762852835E-02-0.116617600E-01-0.157130315E-01
-0.197829978E-01-0.238726150E-01-0.279831155E-01-0.321159847E-01-0.362729416E-01
-0.404559218E-01-0.446670628E-01-0.489086908E-01-0.531833078E-01-0.574935781E-01
-0.618423116E-01-0.662324403E-01-0.706669874E-01-0.751490317E-01-0.796816946E-01
-0.843029498E-01-0.890118033E-01-0.937801774E-01-0.985799385E-01-0.103389273E+00
-0.108191256E+00-0.112971900E+00-0.117718656E+00-0.122419627E+00-0.127063235E+00
-0.131638084E+00-0.136132896E+00-0.140536480E+00-0.144837721E+00-0.149025559E+00
-0.153088990E+00-0.157017052E+00-0.160798822E+00-0.164423410E+00-0.167879953E+00
-0.171157614E+00-0.174245577E+00-0.177133052E+00-0.179809270E+00-0.182263492E+00
-0.184485017E+00-0.186463199E+00-0.188187466E+00-0.189647351E+00-0.190832533E+00
-0.191732895E+00-0.192338590E+00-0.192640130E+00-0.192628485E+00-0.192295201E+00
-0.191632534E+00-0.190633587E+00-0.189292460E+00-0.187604392E+00-0.185565912E+00
-0.183174967E+00-0.180431056E+00-0.177335340E+00-0.173890747E+00-0.170102059E+00
-0.165975993E+00-0.161521262E+00-0.156748639E+00-0.151670997E+00-0.146303348E+00
-0.140662878E+00-0.134768964E+00-0.128643189E+00-0.122309334E+00-0.115793319E+00
-0.109122969E+00-0.102327123E+00-0.954322491E-01-0.884525696E-01-0.813725012E-01
-0.741854144E-01-0.670417746E-01-0.599448152E-01-0.528972508E-01-0.459010107E-01
-0.389574447E-01-0.320675226E-01-0.252319575E-01-0.184512759E-01-0.117258598E-01
-0.505597522E-02 0.155820309E-02 0.811656784E-02 0.146190540E-01 0.210656113E-01
 0.274561730E-01 0.337906200E-01 0.400687384E-01 0.462901690E-01 0.524543462E-01
 0.585604233E-01 0.646071815E-01 0.705929174E-01 0.765153059E-01 0.823712311E-01
 0.881565832E-01 0.938660140E-01 0.994926541E-01 0.105027798E+00 0.110460580E+00
 0.115777699E+00 0.120963266E+00 0.125998911E+00 0.130864263E+00 0.135537858E+00
 0.437136963E-01 0.446100822E-01 0.440156698E-01 0.418790252E-01 0.384409530E-01
 0.347100113E-01 0.309390889E-01 0.271321801E-01 0.232916910E-01 0.194215841E-01
 0.155262564E-01 0.116098104E-01 0.767570978E-02 0.372667265E-02-0.235317192E-03
-0.420894790E-02-0.819350215E-02-0.121887805E-01-0.161950322E-01-0.202128954E-01
-0.242433462E-01-0.282876569E-01-0.323473605E-01-0.364242221E-01-0.405202148E-01
-0.446374996E-01-0.487784088E-01-0.529454300E-01-0.571411902E-01-0.613684347E-01
-0.656299929E-01-0.699287111E-01-0.742673054E-01-0.786480157E-01-0.831039668E-01
-0.876425146E-01-0.922417771E-01-0.968733236E-01-0.101514263E+00-0.106146717E+00
-0.110756169E+00-0.115329889E+00-0.119855989E+00-0.124322985E+00-0.128719603E+00
-0.133034699E+00-0.137257221E+00-0.141376187E+00-0.145380673E+00-0.149259804E+00
-0.153002751E+00-0.156598722E+00-0.160036963E+00-0.163306751E+00-0.166397399E+00
-0.169298254E+00-0.171998700E+00-0.174488169E+00-0.176756148E+00-0.178792196E+00
-0.180585966E+00-0.182127234E+00-0.183405936E+00-0.184412219E+00-0.185136499E+00
-0.185569533E+00-0.185702509E+00-0.185527139E+00-0.185035777E+00-0.184221532E+00
-0.183078403E+00-0.181601405E+00-0.179786705E+00-0.177631751E+00-0.175135398E+00
-0.172298022E+00-0.169121631E+00-0.165609961E+00-0.161768564E+00-0.157604886E+00
-0.153128328E+00-0.148350310E+00-0.143284315E+00-0.137945930E+00-0.132352874E+00
-0.126525027E+00-0.120484424E+00-0.114255198E+00-0.107863313E+00-0.101335559E+00
-0.946959577E-01-0.879563070E-01-0.811008041E-01-0.741280604E-01-0.671806514E-01
-0.602620043E-01-0.533752527E-01-0.465231578E-01-0.397080504E-01-0.329318488E-01
-0.261961091E-01-0.195020779E-01-0.128507365E-01-0.624283684E-02 0.321070238E-03
 0.684060993E-02 0.133155608E-01 0.197458323E-01 0.261314407E-01 0.324724832E-01
 0.387691067E-01 0.450214719E-01 0.512297079E-01 0.573938568E-01 0.635138026E-01
 0.695891808E-01 0.756192625E-01 0.816028031E-01 0.875378473E-01 0.934214728E-01
 0.992494568E-01 0.105015841E+00 0.110712373E+00 0.116327807E+00 0.121847084E+00
 0.127250518E+00 0.132513260E+00 0.137605576E+00 0.142494442E+00 0.431711277E-01
 0.440369826E-01 0.435128047E-01 0.413541620E-01 0.376834026E-01 0.339726943E-01
 0.302142499E-01 0.264029765E-01 0.225487747E-01 0.186624885E-01 0.147533055E-01
 0.108283093E-01 0.689269908E-02 0.295013806E-02-0.996928508E-03-0.494701812E-02
-0.889941439E-02-0.128540168E-01-0.168112255E-01-0.207718527E-01-0.247370533E-01
-0.287082704E-01-0.326871927E-01-0.366757201E-01-0.406759370E-01-0.446900911E-01
-0.487205779E-01-0.527699291E-01-0.568408092E-01-0.609360194E-01-0.650585222E-01
-0.692115034E-01-0.733985260E-01-0.776238974E-01-0.818935630E-01-0.862425757E-01
-0.906549490E-01-0.951018039E-01-0.995587116E-01-0.104006527E+00-0.108429926E+00
-0.112815833E+00-0.117152292E+00-0.121427880E+00-0.125631444E+00-0.129751984E+00
-0.133778600E+00-0.137700462E+00-0.141506799E+00-0.145186894E+00-0.148730072E+00
-0.152125702E+00-0.155363195E+00-0.158432004E+00-0.161321629E+00-0.164021619E+00
-0.166521583E+00-0.168811202E+00-0.170880242E+00-0.172718579E+00-0.174316226E+00
-0.175663368E+00-0.176750404E+00-0.177568005E+00-0.178107171E+00-0.178359311E+00
-0.178316324E+00-0.177970697E+00-0.177315608E+00-0.176345039E+00-0.175053890E+00
-0.173438105E+00-0.171494788E+00-0.169222325E+00-0.166620497E+00-0.163690590E+00
-0.160435494E+00-0.156859801E+00-0.152969884E+00-0.148773974E+00-0.144282225E+00
-0.139506770E+00-0.134461766E+00-0.129163435E+00-0.123630089E+00-0.117882135E+00
-0.111942017E+00-0.105833927E+00-0.995826400E-01-0.932095353E-01-0.867230452E-01
-0.801038227E-01-0.733658780E-01-0.666359630E-01-0.599176975E-01-0.532146027E-01
-0.465299821E-01-0.398668402E-01-0.332278359E-01-0.266152690E-01-0.200310885E-01
-0.134769107E-01-0.695404103E-02-0.463495224E-03 0.599398170E-02 0.124178981E-01
 0.188080002E-01 0.251642568E-01 0.314868447E-01 0.377761318E-01 0.440326586E-01
 0.502571147E-01 0.564503099E-01 0.626131358E-01 0.687465151E-01 0.748513333E-01
 0.809283463E-01 0.869780544E-01 0.930005277E-01 0.989951636E-01 0.104960344E+00
 0.110892940E+00 0.116787592E+00 0.122635626E+00 0.128423426E+00 0.134130028E+00
 0.139723948E+00 0.145160495E+00 0.150383352E+00 0.418829971E-01 0.426950727E-01
 0.421285819E-01 0.401333229E-01 0.368858145E-01 0.332629024E-01 0.294910098E-01
 0.256317606E-01 0.217239015E-01 0.177901174E-01 0.138441738E-01 0.989470047E-02
 0.594716469E-02 0.200496168E-02-0.192994320E-02-0.585661389E-02-0.977488066E-02
-0.136851598E-01-0.175883255E-01-0.214856156E-01-0.253785612E-01-0.292689328E-01
-0.331586979E-01-0.370499888E-01-0.409450772E-01-0.448463547E-01-0.487563184E-01
-0.526775609E-01-0.566127661E-01-0.605647095E-01-0.645362660E-01-0.685304252E-01
-0.725503092E-01-0.765991690E-01-0.806802649E-01-0.848298171E-01-0.890413055E-01
-0.932887135E-01-0.975468538E-01-0.101795555E+00-0.106018651E+00-0.110202610E+00
-0.114335337E+00-0.118405447E+00-0.122401903E+00-0.126313858E+00-0.130130576E+00
-0.133841402E+00-0.137435742E+00-0.140903057E+00-0.144232856E+00-0.147414700E+00
-0.150438197E+00-0.153293013E+00-0.155968874E+00-0.158455575E+00-0.160742997E+00
-0.162821119E+00-0.164680040E+00-0.166310007E+00-0.167701450E+00-0.168845017E+00
-0.169731627E+00-0.170352521E+00-0.170699333E+00-0.170764163E+00-0.170539655E+00
-0.170019096E+00-0.169196509E+00-0.168066762E+00-0.166625672E+00-0.164870120E+00
-0.162798158E+00-0.160409125E+00-0.157703748E+00-0.154684245E+00-0.151354424E+00
-0.147719768E+00-0.143787518E+00-0.139566744E+00-0.135068409E+00-0.130305421E+00
-0.125292670E+00-0.120047054E+00-0.114587451E+00-0.108934600E+00-0.103110631E+00
-0.971374753E-01-0.910323725E-01-0.847998632E-01-0.784250503E-01-0.719416903E-01
-0.654487464E-01-0.589500359E-01-0.524497019E-01-0.459517795E-01-0.394600232E-01
-0.329778365E-01-0.265082462E-01-0.200538972E-01-0.136170577E-01-0.719963029E-02
-0.803163171E-03 0.557113779E-02 0.119223994E-01 0.182500733E-01 0.245539299E-01
 0.308340544E-01 0.370908441E-01 0.433250067E-01 0.495375580E-01 0.557298197E-01
 0.619034148E-01 0.680602586E-01 0.742025451E-01 0.803327230E-01 0.864534593E-01
 0.925675828E-01 0.986779993E-01 0.104787564E+00 0.110898889E+00 0.117014044E+00
 0.123134086E+00 0.129258262E+00 0.135382555E+00 0.141496715E+00 0.147577180E+00
 0.153567949E+00 0.159348164E+00 0.419288004E-01 0.430290510E-01 0.425314361E-01
 0.403839576E-01 0.367961885E-01 0.328478736E-01 0.288439553E-01 0.248161054E-01
 0.207844781E-01 0.167609183E-01 0.127524106E-01 0.876304980E-02 0.479509503E-02
 0.849564935E-03-0.307340285E-02-0.697432027E-02-0.108541914E-01-0.147144001E-01
-0.185566275E-01-0.223827882E-01-0.261949820E-01-0.299954550E-01-0.337865692E-01
-0.375707788E-01-0.413506106E-01-0.451286499E-01-0.489075282E-01-0.526899146E-01
-0.564785079E-01-0.602760294E-01-0.640852127E-01-0.679087869E-01-0.717494478E-01
-0.756098101E-01-0.794923547E-01-0.834312646E-01-0.874274272E-01-0.914604030E-01
-0.955050614E-01-0.995403884E-01-0.103549349E+00-0.107517818E+00-0.111433442E+00
-0.115284808E+00-0.119060973E+00-0.122751238E+00-0.126345048E+00-0.129831937E+00
-0.133201510E+00-0.136443432E+00-0.139547426E+00-0.142503273E+00-0.145300817E+00
-0.147929972E+00-0.150380731E+00-0.152643182E+00-0.154707520E+00-0.156564073E+00
-0.158203324E+00-0.159615944E+00-0.160792829E+00-0.161725144E+00-0.162404372E+00
-0.162822377E+00-0.162971464E+00-0.162844458E+00-0.162434781E+00-0.161736543E+00
-0.160744633E+00-0.159454818E+00-0.157863845E+00-0.155969541E+00-0.153770919E+00
-0.151268282E+00-0.148463316E+00-0.145359196E+00-0.141960668E+00-0.138274141E+00
-0.134307761E+00-0.130071485E+00-0.125577138E+00-0.120838458E+00-0.115871110E+00
-0.110692625E+00-0.105322141E+00-0.997795097E-01-0.940826201E-01-0.882414365E-01
-0.822475623E-01-0.760882625E-01-0.698964536E-01-0.636644080E-01-0.574037159E-01
-0.511223865E-01-0.448266231E-01-0.385215822E-01-0.322117077E-01-0.259008858E-01
-0.195925200E-01-0.132895714E-01-0.699458214E-02-0.709689674E-03 0.556336310E-02
 0.118232225E-01 0.180689222E-01 0.242998841E-01 0.305159237E-01 0.367172578E-01
 0.429045165E-01 0.490787581E-01 0.552414876E-01 0.613946789E-01 0.675408003E-01
 0.736828433E-01 0.798243549E-01 0.859694735E-01 0.921229679E-01 0.982902808E-01
 0.104477578E+00 0.110691805E+00 0.116940765E+00 0.123233224E+00 0.129579094E+00
 0.135989770E+00 0.142478851E+00 0.149063878E+00 0.155771437E+00 0.162656086E+00
 0.169461975E+00 0.428102124E-01 0.444183824E-01 0.440131703E-01 0.415528884E-01
 0.369047093E-01 0.324056656E-01 0.280572891E-01 0.237995351E-01 0.196099383E-01
 0.154776943E-01 0.113969844E-01 0.736408957E-02 0.337614773E-02-0.569389350E-03
-0.447499606E-02-0.834317524E-02-0.121764961E-01-0.159776017E-01-0.197492016E-01
-0.234940593E-01-0.272149772E-01-0.309147824E-01-0.345963137E-01-0.382624109E-01
-0.419159052E-01-0.455596122E-01-0.491963263E-01-0.528288156E-01-0.564598166E-01
-0.600920275E-01-0.637280949E-01-0.673705866E-01-0.710219328E-01-0.746842920E-01
-0.783592404E-01-0.820761452E-01-0.858421287E-01-0.896450513E-01-0.934612388E-01
-0.972689542E-01-0.101050257E+00-0.104790254E+00-0.108476153E+00-0.112096390E+00
-0.115640053E+00-0.119096573E+00-0.122455571E+00-0.125706782E+00-0.128840032E+00
-0.131845214E+00-0.134712293E+00-0.137431304E+00-0.139992360E+00-0.142385663E+00
-0.144601515E+00-0.146630335E+00-0.148462683E+00-0.150089281E+00-0.151501045E+00
-0.152689118E+00-0.153644911E+00-0.154360152E+00-0.154826936E+00-0.155037785E+00
-0.154985715E+00-0.154664310E+00-0.154067796E+00-0.153191131E+00-0.152030086E+00
-0.150581344E+00-0.148842590E+00-0.146812611E+00-0.144491389E+00-0.141880196E+00
-0.138981694E+00-0.135800020E+00-0.132340878E+00-0.128611622E+00-0.124621327E+00
-0.120380864E+00-0.115902934E+00-0.111202083E+00-0.106294578E+00-0.101197951E+00
-0.959295578E-01-0.905031070E-01-0.849225106E-01-0.791765568E-01-0.732857553E-01
-0.673480681E-01-0.613667323E-01-0.553450650E-01-0.492885984E-01-0.432031771E-01
-0.370943423E-01-0.309671626E-01-0.248262087E-01-0.186755691E-01-0.125188708E-01
-0.635929785E-02-0.199603433E-03 0.595788285E-02 0.121112525E-01 0.182590200E-01
 0.244001294E-01 0.305339648E-01 0.366603657E-01 0.427796480E-01 0.488926293E-01
 0.550006615E-01 0.611056695E-01 0.672101980E-01 0.733174676E-01 0.794314411E-01
 0.855569026E-01 0.916995523E-01 0.978661202E-01 0.104064506E+00 0.110303950E+00
 0.116595258E+00 0.122951096E+00 0.129386398E+00 0.135918976E+00 0.142570468E+00
 0.149367880E+00 0.156346173E+00 0.163552340E+00 0.171047171E+00 0.178416404E+00
 0.416809093E-01 0.434140100E-01 0.430358163E-01 0.404764369E-01 0.360072165E-01
 0.313080961E-01 0.267609991E-01 0.223421781E-01 0.180311598E-01 0.138130447E-01
 0.967702097E-02 0.561495118E-02 0.162036832E-02-0.231216559E-02-0.618745008E-02
-0.100098786E-01-0.137835744E-01-0.175124693E-01-0.212003476E-01-0.248508709E-01
-0.284675904E-01-0.320539545E-01-0.356133115E-01-0.391489120E-01-0.426639104E-01
-0.461613668E-01-0.496442489E-01-0.531154351E-01-0.565777186E-01-0.600338141E-01
-0.634863699E-01-0.669379939E-01-0.703913127E-01-0.738491106E-01-0.773146678E-01
-0.807925834E-01-0.843133322E-01-0.878706405E-01-0.914435624E-01-0.950097619E-01
-0.985503365E-01-0.102049521E+00-0.105493898E+00-0.108871594E+00-0.112171629E+00
-0.115383513E+00-0.118497026E+00-0.121502113E+00-0.124388829E+00-0.127147323E+00
-0.129767827E+00-0.132240663E+00-0.134556248E+00-0.136705107E+00-0.138677893E+00
-0.140465401E+00-0.142058597E+00-0.143448644E+00-0.144626934E+00-0.145585129E+00
-0.146315202E+00-0.146809484E+00-0.147060723E+00-0.147062139E+00-0.146807493E+00
-0.146291155E+00-0.145508184E+00-0.144454405E+00-0.143126492E+00-0.141522058E+00
-0.139639740E+00-0.137479291E+00-0.135041667E+00-0.132329121E+00-0.129345286E+00
-0.126095266E+00-0.122585720E+00-0.118824938E+00-0.114822900E+00-0.110591309E+00
-0.106143523E+00-0.101494249E+00-0.966585733E-01-0.916496026E-01-0.864741305E-01
-0.811275190E-01-0.756050659E-01-0.700157944E-01-0.643514723E-01-0.586237749E-01
-0.528410845E-01-0.470102191E-01-0.411374239E-01-0.352285566E-01-0.292890856E-01
-0.233240673E-01-0.173381322E-01-0.113354829E-01-0.531989509E-02 0.705279392E-03
 0.673711227E-02 0.127731009E-01 0.188111741E-01 0.248497023E-01 0.308875117E-01
 0.369239038E-01 0.429586805E-01 0.489921751E-01 0.550252907E-01 0.610595467E-01
 0.670971350E-01 0.731409876E-01 0.791948576E-01 0.852634165E-01 0.913523708E-01
 0.974686035E-01 0.103620343E+00 0.109817372E+00 0.116071277E+00 0.122395759E+00
 0.128807017E+00 0.135324222E+00 0.141970116E+00 0.148771744E+00 0.155761338E+00
 0.162977248E+00 0.170464616E+00 0.178274499E+00 0.185893643E+00 0.398432775E-01
 0.416144750E-01 0.412482961E-01 0.386623781E-01 0.342084511E-01 0.294293820E-01
 0.247909551E-01 0.202912167E-01 0.159170537E-01 0.116565159E-01 0.749918269E-02
 0.343602495E-02-0.540854592E-03-0.443847553E-02-0.826318487E-02-0.120208076E-01
-0.157167523E-01-0.193560826E-01-0.229435665E-01-0.264837097E-01-0.299807794E-01
-0.334388225E-01-0.368616790E-01-0.402529943E-01-0.436162295E-01-0.469546713E-01
-0.502714410E-01-0.535695036E-01-0.568516769E-01-0.601206408E-01-0.633789469E-01
-0.666290298E-01-0.698732167E-01-0.731137311E-01-0.763526659E-01-0.795918541E-01
-0.828618417E-01-0.861626167E-01-0.894795073E-01-0.927914258E-01-0.960790077E-01
-0.993258011E-01-0.102517742E+00-0.105642518E+00-0.108688962E+00-0.111646584E+00
-0.114505290E+00-0.117255217E+00-0.119886663E+00-0.122390044E+00-0.124755889E+00
-0.126974834E+00-0.129037633E+00-0.130935174E+00-0.132658497E+00-0.134198815E+00
-0.135547541E+00-0.136696323E+00-0.137637073E+00-0.138362015E+00-0.138863721E+00
-0.139135171E+00-0.139169800E+00-0.138961560E+00-0.138504990E+00-0.137795275E+00
-0.136828331E+00-0.135600873E+00-0.134110497E+00-0.132355762E+00-0.130336269E+00
-0.128052748E+00-0.125507136E+00-0.122702660E+00-0.119643917E+00-0.116336949E+00
-0.112789314E+00-0.109010124E+00-0.105010003E+00-0.100800841E+00-0.963950364E-01
-0.918037013E-01-0.870336483E-01-0.820836606E-01-0.769402994E-01-0.717135809E-01
-0.663924408E-01-0.609882175E-01-0.555082547E-01-0.499603355E-01-0.443518038E-01
-0.386894353E-01-0.329795190E-01-0.272279188E-01-0.214401019E-01-0.156211462E-01
-0.977574104E-02-0.390818530E-02 0.197761625E-02 0.787815752E-02 0.137903378E-01
 0.197114713E-01 0.256392996E-01 0.315720083E-01 0.375082483E-01 0.434471617E-01
 0.493884139E-01 0.553322327E-01 0.612794552E-01 0.672315842E-01 0.731908560E-01
 0.791603207E-01 0.851439402E-01 0.911467039E-01 0.971747694E-01 0.103235630E+00
 0.109338320E+00 0.115493655E+00 0.121714526E+00 0.128016240E+00 0.134416925E+00
 0.140937974E+00 0.147604528E+00 0.154445934E+00 0.161496097E+00 0.168793574E+00
 0.176381225E+00 0.184314341E+00 0.192022996E+00 0.375875226E-01 0.394285049E-01
 0.390713919E-01 0.364624726E-01 0.315998941E-01 0.267650732E-01 0.220967216E-01
 0.175741036E-01 0.131883273E-01 0.893023407E-02 0.479072940E-02 0.761048376E-03
-0.316712161E-02-0.700160180E-02-0.107497247E-01-0.144183544E-01-0.180139129E-01
-0.215424063E-01-0.250094501E-01-0.284202927E-01-0.317798375E-01-0.350926632E-01
-0.383630439E-01-0.415949674E-01-0.447921526E-01-0.479580666E-01-0.510959397E-01
-0.542087799E-01-0.572993855E-01-0.603703563E-01-0.634241003E-01-0.664628339E-01
-0.694885658E-01-0.725030447E-01-0.755076246E-01-0.785029407E-01-0.815154083E-01
-0.845494674E-01-0.875980874E-01-0.906434685E-01-0.936663956E-01-0.966498936E-01
-0.995792965E-01-0.102441776E+00-0.105225843E+00-0.107920899E+00-0.110516900E+00
-0.113004146E+00-0.115373163E+00-0.117614647E+00-0.119719436E+00-0.121678509E+00
-0.123482989E+00-0.125124161E+00-0.126593487E+00-0.127882636E+00-0.128983512E+00
-0.129888285E+00-0.130589430E+00-0.131079770E+00-0.131352520E+00-0.131401339E+00
-0.131220388E+00-0.130804384E+00-0.130148670E+00-0.129249276E+00-0.128102996E+00
-0.126707459E+00-0.125061204E+00-0.123163753E+00-0.121015690E+00-0.118618730E+00
-0.115975789E+00-0.113091048E+00-0.109969998E+00-0.106619463E+00-0.103047557E+00
-0.992634775E-01-0.952768058E-01-0.910961219E-01-0.867269145E-01-0.821678443E-01
-0.774066475E-01-0.725468765E-01-0.675770399E-01-0.625081294E-01-0.573468577E-01
-0.521006292E-01-0.467766048E-01-0.413817849E-01-0.359229160E-01-0.304064294E-01
-0.248384225E-01-0.192246564E-01-0.135705562E-01-0.788120889E-02-0.216135915E-02
 0.358459680E-02 0.935261915E-02 0.151390341E-01 0.209405460E-01 0.267542513E-01
 0.325776566E-01 0.384086995E-01 0.442457740E-01 0.500877611E-01 0.559340647E-01
 0.617846545E-01 0.676401171E-01 0.735017157E-01 0.793714624E-01 0.852522027E-01
 0.911477175E-01 0.970628449E-01 0.103003626E+00 0.108977483E+00 0.114993427E+00
 0.121062322E+00 0.127197184E+00 0.133413555E+00 0.139729925E+00 0.146168215E+00
 0.152754289E+00 0.159518435E+00 0.166495696E+00 0.173725882E+00 0.181253036E+00
 0.189139628E+00 0.196757390E+00 0.339023123E-01 0.357043429E-01 0.353346899E-01
 0.327228935E-01 0.281276959E-01 0.233089083E-01 0.186505200E-01 0.141474653E-01
 0.979286540E-02 0.557876227E-02 0.149659096E-02-0.246244848E-02-0.630711862E-02
-0.100459563E-01-0.136871498E-01-0.172384647E-01-0.207072044E-01-0.241001945E-01
-0.274237847E-01-0.306838606E-01-0.338858623E-01-0.370348077E-01-0.401353169E-01
-0.431916375E-01-0.462076691E-01-0.491869870E-01-0.521328642E-01-0.550482918E-01
-0.579359972E-01-0.607984622E-01-0.636379395E-01-0.664564725E-01-0.692559239E-01
-0.720380315E-01-0.748045327E-01-0.775574709E-01-0.802999541E-01-0.830579040E-01
-0.858275439E-01-0.885951838E-01-0.913427292E-01-0.940529112E-01-0.967105595E-01
-0.993023522E-01-0.101816410E+00-0.104241913E+00-0.106568772E+00-0.108787383E+00
-0.110888470E+00-0.112862994E+00-0.114702114E+00-0.116397168E+00-0.117939672E+00
-0.119321336E+00-0.120534083E+00-0.121570072E+00-0.122421735E+00-0.123081801E+00
-0.123543347E+00-0.123799832E+00-0.123845150E+00-0.123673675E+00-0.123280322E+00
-0.122660605E+00-0.121810695E+00-0.120727493E+00-0.119408692E+00-0.117852853E+00
-0.116059476E+00-0.114029063E+00-0.111763186E+00-0.109264534E+00-0.106536944E+00
-0.103585385E+00-0.100415847E+00-0.970349919E-01-0.934495100E-01-0.896653186E-01
-0.856855382E-01-0.815070322E-01-0.771244391E-01-0.726295067E-01-0.680115731E-01
-0.632810068E-01-0.584440351E-01-0.535076699E-01-0.484787387E-01-0.433640265E-01
-0.381702116E-01-0.329038316E-01-0.275712437E-01-0.221785903E-01-0.167317744E-01
-0.112364437E-01-0.569797785E-02-0.121477791E-03 0.548824456E-02 0.111266775E-01
 0.167896217E-01 0.224732037E-01 0.281738917E-01 0.338885128E-01 0.396142740E-01
 0.453487858E-01 0.510900894E-01 0.568366888E-01 0.625875876E-01 0.683423315E-01
 0.741010582E-01 0.798645553E-01 0.856343278E-01 0.914126779E-01 0.972027989E-01
 0.103008887E+00 0.108836275E+00 0.114691595E+00 0.120582973E+00 0.126520271E+00
 0.132515386E+00 0.138582618E+00 0.144739140E+00 0.151005580E+00 0.157406752E+00
 0.163972535E+00 0.170738840E+00 0.177748433E+00 0.185051045E+00 0.192693211E+00
 0.199888163E+00 0.295239418E-01 0.312687216E-01 0.308801336E-01 0.282740427E-01
 0.238147699E-01 0.190350974E-01 0.144177464E-01 0.997042050E-02 0.568617299E-02
 0.155653232E-02-0.242783204E-02-0.627666965E-02-0.999979867E-02-0.136068433E-01
-0.171070502E-01-0.205091702E-01-0.238213907E-01-0.270513068E-01-0.302059173E-01
-0.332916402E-01-0.363143377E-01-0.392793486E-01-0.421915221E-01-0.450552532E-01
-0.478745163E-01-0.506528966E-01-0.533936192E-01-0.560995750E-01-0.587733441E-01
-0.614172155E-01-0.640332047E-01-0.666230691E-01-0.691883205E-01-0.717302354E-01
-0.742498559E-01-0.767479643E-01-0.792249644E-01-0.817067716E-01-0.841925136E-01
-0.866744246E-01-0.891377310E-01-0.915659486E-01-0.939437687E-01-0.962575524E-01
-0.984950944E-01-0.100645322E+00-0.102698021E+00-0.104643602E+00-0.106472929E+00
-0.108177197E+00-0.109747873E+00-0.111176654E+00-0.112455469E+00-0.113576475E+00
-0.114532082E+00-0.115314973E+00-0.115918138E+00-0.116334904E+00-0.116558983E+00
-0.116584505E+00-0.116406073E+00-0.116018811E+00-0.115418417E+00-0.114601221E+00
-0.113564246E+00-0.112305270E+00-0.110822893E+00-0.109116607E+00-0.107186852E+00
-0.105035065E+00-0.102663698E+00-0.100076185E+00-0.972767531E-01-0.942701205E-01
-0.910609319E-01-0.876523434E-01-0.840436205E-01-0.802310726E-01-0.762185415E-01
-0.720812318E-01-0.678102352E-01-0.634150881E-01-0.589015725E-01-0.542762690E-01
-0.495456242E-01-0.447161058E-01-0.397941492E-01-0.347861401E-01-0.296983883E-01
-0.245371029E-01-0.193083658E-01-0.140181075E-01-0.867208706E-02-0.327587323E-02
 0.216517057E-02 0.764590092E-02 0.131614084E-01 0.187070317E-01 0.242783728E-01
 0.298713129E-01 0.354820303E-01 0.411070199E-01 0.467431150E-01 0.523875121E-01
 0.580377980E-01 0.636919808E-01 0.693485246E-01 0.750063887E-01 0.806650719E-01
 0.863246621E-01 0.919858939E-01 0.976502135E-01 0.103319854E+00 0.108997922E+00
 0.114688501E+00 0.120396776E+00 0.126129178E+00 0.131893568E+00 0.137699471E+00
 0.143558380E+00 0.149484167E+00 0.155493671E+00 0.161607571E+00 0.167851751E+00
 0.174259487E+00 0.180874890E+00 0.187757365E+00 0.194936640E+00 0.201603218E+00
 0.246976374E-01 0.264469323E-01 0.260386439E-01 0.234187173E-01 0.186484126E-01
 0.138930820E-01 0.934786481E-02 0.499394786E-02 0.821787259E-03-0.317948307E-02
-0.702152653E-02-0.107162600E-01-0.142754382E-01-0.177103608E-01-0.210316842E-01
-0.242493162E-01-0.273723705E-01-0.304091640E-01-0.333672413E-01-0.362534151E-01
-0.390738159E-01-0.418339445E-01-0.445387234E-01-0.471925468E-01-0.497993260E-01
-0.523625306E-01-0.548852251E-01-0.573701002E-01-0.598194998E-01-0.622354431E-01
-0.646196408E-01-0.669735057E-01-0.692981521E-01-0.715943780E-01-0.738626115E-01
-0.761027793E-01-0.783140045E-01-0.805184495E-01-0.827178451E-01-0.849087966E-01
-0.870809441E-01-0.892200326E-01-0.913112730E-01-0.933409449E-01-0.952966413E-01
-0.971670919E-01-0.989419462E-01-0.100611578E+00-0.102166926E+00-0.103599371E+00
-0.104900650E+00-0.106062810E+00-0.107078186E+00-0.107939397E+00-0.108639356E+00
-0.109171294E+00-0.109528787E+00-0.109705790E+00-0.109696676E+00-0.109496281E+00
-0.109099943E+00-0.108503559E+00-0.107703627E+00-0.106697306E+00-0.105482459E+00
-0.104057703E+00-0.102422463E+00-0.100577023E+00-0.985225275E-01-0.962608865E-01
-0.937946484E-01-0.911267599E-01-0.882596140E-01-0.851944247E-01-0.819314461E-01
-0.784687096E-01-0.748148447E-01-0.710244955E-01-0.670914783E-01-0.630244293E-01
-0.588287806E-01-0.545106946E-01-0.500762241E-01-0.455314712E-01-0.408825448E-01
-0.361355564E-01-0.312966053E-01-0.263717634E-01-0.213670587E-01-0.162884568E-01
-0.111418429E-01-0.593300339E-02-0.667609150E-03 0.464880127E-02 0.100108371E-01
 0.154132703E-01 0.208510513E-01 0.263193240E-01 0.318134423E-01 0.373289876E-01
 0.428617874E-01 0.484079353E-01 0.539638136E-01 0.595261166E-01 0.650918774E-01
 0.706584956E-01 0.762237687E-01 0.817859249E-01 0.873436594E-01 0.928961733E-01
 0.984432152E-01 0.103985126E+00 0.109522889E+00 0.115058182E+00 0.120593431E+00
 0.126131881E+00 0.131677659E+00 0.137235860E+00 0.142812639E+00 0.148415332E+00
 0.154052618E+00 0.159734759E+00 0.165473983E+00 0.171285208E+00 0.177187543E+00
 0.183208074E+00 0.189394256E+00 0.195799502E+00 0.201664792E+00 0.184285800E-01
 0.200803553E-01 0.196320885E-01 0.170190096E-01 0.124693078E-01 0.780310137E-02
 0.337052596E-02-0.842949395E-03-0.485181867E-02-0.867175108E-02-0.123186744E-01
-0.158080948E-01-0.191546616E-01-0.223719246E-01-0.254722323E-01-0.284667214E-01
-0.313653627E-01-0.341770382E-01-0.369096319E-01-0.395701233E-01-0.421646788E-01
-0.446987362E-01-0.471770805E-01-0.496039124E-01-0.519829069E-01-0.543172646E-01
-0.566097555E-01-0.588627554E-01-0.610782769E-01-0.632579941E-01-0.654032631E-01
-0.675151375E-01-0.695943836E-01-0.716414977E-01-0.736567414E-01-0.756402322E-01
-0.775921885E-01-0.795135909E-01-0.814251105E-01-0.833229167E-01-0.852000589E-01
-0.870451366E-01-0.888448549E-01-0.905859067E-01-0.922558808E-01-0.938434169E-01
-0.953380894E-01-0.967302523E-01-0.980109019E-01-0.991715652E-01-0.100204217E+00
-0.101101223E+00-0.101855308E+00-0.102459544E+00-0.102907352E+00-0.103192519E+00
-0.103309222E+00-0.103252059E+00-0.103016086E+00-0.102596853E+00-0.101990445E+00
-0.101193521E+00-0.100203353E+00-0.990178702E-01-0.976356543E-01-0.960558810E-01
-0.942783207E-01-0.923033474E-01-0.901318785E-01-0.877646067E-01-0.852016968E-01
-0.824438238E-01-0.794868523E-01-0.763317418E-01-0.730330146E-01-0.695804431E-01
-0.659749992E-01-0.622259085E-01-0.583390270E-01-0.543204266E-01-0.501759043E-01
-0.459112294E-01-0.415321580E-01-0.370444585E-01-0.324539168E-01-0.277663353E-01
-0.229875267E-01-0.181233052E-01-0.131794755E-01-0.816182027E-02-0.307608667E-02
 0.207202718E-02 0.727688639E-02 0.125329334E-01 0.178347022E-01 0.231768329E-01
 0.285540868E-01 0.339613618E-01 0.393937092E-01 0.448463513E-01 0.503147003E-01
 0.557943783E-01 0.612812391E-01 0.667713908E-01 0.722612207E-01 0.777474201E-01
 0.832270110E-01 0.886973731E-01 0.941562714E-01 0.996018827E-01 0.105032822E+00
 0.110448166E+00 0.115847475E+00 0.121230806E+00 0.126598726E+00 0.131952307E+00
 0.137293112E+00 0.142623156E+00 0.147944841E+00 0.153260837E+00 0.158573898E+00
 0.163886541E+00 0.169200511E+00 0.174515795E+00 0.179828634E+00 0.185126922E+00
 0.190377626E+00 0.195494731E+00 0.200331012E+00 0.110730357E-01 0.125788684E-01
 0.120772546E-01 0.948750957E-02 0.517598819E-02 0.653557613E-03-0.360668534E-02
-0.761297698E-02-0.113890602E-01-0.149587795E-01-0.183446311E-01-0.215670963E-01
-0.246444068E-01-0.275925684E-01-0.304255199E-01-0.331553471E-01-0.357925082E-01
-0.383460475E-01-0.408237871E-01-0.432324939E-01-0.455780222E-01-0.478654345E-01
-0.500991026E-01-0.522827927E-01-0.544197349E-01-0.565126822E-01-0.585639582E-01
-0.605754964E-01-0.625488719E-01-0.644853269E-01-0.663857903E-01-0.682508930E-01
-0.700809775E-01-0.718761025E-01-0.736360346E-01-0.753602116E-01-0.770476189E-01
-0.786964184E-01-0.803258385E-01-0.819345995E-01-0.835181056E-01-0.850683958E-01
-0.865745993E-01-0.880247800E-01-0.894070630E-01-0.907102501E-01-0.919239679E-01
-0.930386272E-01-0.940453245E-01-0.949357475E-01-0.957021007E-01-0.963370504E-01
-0.968336899E-01-0.971855226E-01-0.973864604E-01-0.974308324E-01-0.973134013E-01
-0.970293853E-01-0.965744907E-01-0.959449428E-01-0.951374967E-01-0.941494113E-01
-0.929784910E-01-0.916231502E-01-0.900823635E-01-0.883549254E-01-0.864394295E-01
-0.843342280E-01-0.820391954E-01-0.795508951E-01-0.768669868E-01-0.740347601E-01
-0.710439935E-01-0.678940556E-01-0.645925944E-01-0.611434463E-01-0.575506147E-01
-0.538191481E-01-0.499541930E-01-0.459609910E-01-0.418448211E-01-0.376110034E-01
-0.332649029E-01-0.288119335E-01-0.242575584E-01-0.196072888E-01-0.148666794E-01
-0.100413225E-01-0.513684010E-02-0.158875223E-03 0.488691780E-02 0.999488391E-02
 0.151593785E-01 0.203747791E-01 0.256354979E-01 0.309359950E-01 0.362707922E-01
 0.416344883E-01 0.470217750E-01 0.524274547E-01 0.578464586E-01 0.632738671E-01
 0.687049310E-01 0.741350930E-01 0.795600113E-01 0.849755828E-01 0.903779657E-01
 0.957636024E-01 0.101129240E+00 0.106471947E+00 0.111789127E+00 0.117078528E+00
 0.122338236E+00 0.127566666E+00 0.132762530E+00 0.137924788E+00 0.143052564E+00
 0.148145025E+00 0.153201198E+00 0.158219707E+00 0.163198374E+00 0.168133635E+00
 0.173019649E+00 0.177846927E+00 0.182600233E+00 0.187255536E+00 0.191776474E+00
 0.196112991E+00 0.200206792E+00 0.284005951E-02 0.423079867E-02 0.366644677E-02
 0.109814129E-02-0.337209638E-02-0.770713391E-02-0.116970757E-01-0.153935178E-01
-0.188371149E-01-0.220640953E-01-0.251054347E-01-0.279870145E-01-0.307302390E-01
-0.333527640E-01-0.358691777E-01-0.382915805E-01-0.406300573E-01-0.428930535E-01
-0.450876721E-01-0.472199073E-01-0.492948284E-01-0.513167256E-01-0.532892245E-01
-0.552153788E-01-0.570977424E-01-0.589384283E-01-0.607391548E-01-0.625012827E-01
-0.642258434E-01-0.659135623E-01-0.675648752E-01-0.691799412E-01-0.707586532E-01
-0.723006471E-01-0.738053156E-01-0.752718387E-01-0.766992602E-01-0.780866976E-01
-0.794339228E-01-0.807579069E-01-0.820529492E-01-0.833122281E-01-0.845271254E-01
-0.856874877E-01-0.867826928E-01-0.878022284E-01-0.887360819E-01-0.895748891E-01
-0.903099413E-01-0.909331408E-01-0.914369475E-01-0.918143296E-01-0.920587289E-01
-0.921640446E-01-0.921246308E-01-0.919352996E-01-0.915913166E-01-0.910883846E-01
-0.904226792E-01-0.895909175E-01-0.885903389E-01-0.874181922E-01-0.860718351E-01
-0.845491843E-01-0.828504855E-01-0.809720336E-01-0.789104322E-01-0.766617161E-01
-0.742624466E-01-0.717037762E-01-0.689845078E-01-0.661106461E-01-0.630847328E-01
-0.599094226E-01-0.565883876E-01-0.531253777E-01-0.495243316E-01-0.457894840E-01
-0.419252832E-01-0.379363427E-01-0.338274067E-01-0.296033312E-01-0.252690741E-01
-0.208296890E-01-0.162903210E-01-0.116562028E-01-0.693265039E-02-0.212505866E-02
 0.276110425E-02 0.772030295E-02 0.127469417E-01 0.178353718E-01 0.229799006E-01
 0.281748000E-01 0.334143174E-01 0.386926866E-01 0.440041410E-01 0.493429268E-01
 0.547033191E-01 0.600796386E-01 0.654662698E-01 0.708576817E-01 0.762484484E-01
 0.816332716E-01 0.870070037E-01 0.923646705E-01 0.977014937E-01 0.103012911E+00
 0.108294595E+00 0.113542464E+00 0.118752691E+00 0.123921703E+00 0.129046163E+00
 0.134122945E+00 0.139149087E+00 0.144121711E+00 0.149037920E+00 0.153894640E+00
 0.158688417E+00 0.163415125E+00 0.168069582E+00 0.172645043E+00 0.177132531E+00
 0.181520019E+00 0.185791499E+00 0.189926150E+00 0.193898021E+00 0.197676845E+00
 0.201230286E+00-0.736788009E-02-0.626622371E-02-0.692867109E-02-0.940048832E-02
-0.135230818E-01-0.174748689E-01-0.210189212E-01-0.242419081E-01-0.272097728E-01
-0.299727675E-01-0.325685915E-01-0.350256035E-01-0.373653733E-01-0.396045406E-01
-0.417561294E-01-0.438304741E-01-0.458358743E-01-0.477790631E-01-0.496655468E-01
-0.514998529E-01-0.532857150E-01-0.550262114E-01-0.567238702E-01-0.583807495E-01
-0.599984995E-01-0.615784100E-01-0.631214469E-01-0.646282799E-01-0.660993041E-01
-0.675346544E-01-0.689342156E-01-0.702976287E-01-0.716242924E-01-0.729133609E-01
-0.741637384E-01-0.753740672E-01-0.765427062E-01-0.776676839E-01-0.787465780E-01
-0.797968014E-01-0.808136627E-01-0.817911063E-01-0.827220336E-01-0.835983069E-01
-0.844108933E-01-0.851504857E-01-0.858079381E-01-0.863744773E-01-0.868418151E-01
-0.872021991E-01-0.874484088E-01-0.875737196E-01-0.875718731E-01-0.874370668E-01
-0.871639669E-01-0.867477325E-01-0.861839852E-01-0.854684772E-01-0.845971696E-01
-0.835666921E-01-0.823757231E-01-0.810201999E-01-0.794950786E-01-0.777934890E-01
-0.759458193E-01-0.739429434E-01-0.717808530E-01-0.694594678E-01-0.669836121E-01
-0.643550379E-01-0.615754769E-01-0.586474866E-01-0.555736530E-01-0.523567229E-01
-0.489997340E-01-0.455059578E-01-0.418788890E-01-0.381222455E-01-0.342399503E-01
-0.302361116E-01-0.261150041E-01-0.218810556E-01-0.175388374E-01-0.130930571E-01
-0.854855435E-02-0.391029679E-02 0.816622643E-03 0.562698876E-02 0.105154671E-01
 0.154766071E-01 0.205048463E-01 0.255945146E-01 0.307398400E-01 0.359349547E-01
 0.411739032E-01 0.464506510E-01 0.517590960E-01 0.570930802E-01 0.624464049E-01
 0.678128468E-01 0.731861768E-01 0.785601803E-01 0.839286800E-01 0.892855592E-01
 0.946247874E-01 0.999404449E-01 0.105226748E+00 0.110478072E+00 0.115688971E+00
 0.120854193E+00 0.125968690E+00 0.131027614E+00 0.136026309E+00 0.140960278E+00
 0.145825138E+00 0.150616549E+00 0.155330112E+00 0.159961234E+00 0.164504948E+00
 0.168955692E+00 0.173307030E+00 0.177551328E+00 0.181679389E+00 0.185680098E+00
 0.189540121E+00 0.193243806E+00 0.196773377E+00 0.200109572E+00 0.203232678E+00
-0.198496945E-01-0.193401075E-01-0.201597841E-01-0.223470624E-01-0.256632139E-01
-0.288449486E-01-0.316242322E-01-0.341263821E-01-0.364323696E-01-0.385916315E-01
-0.406359867E-01-0.425869135E-01-0.444595004E-01-0.462647032E-01-0.480106954E-01
-0.497037088E-01-0.513485769E-01-0.529490950E-01-0.545082666E-01-0.560284746E-01
-0.575116034E-01-0.589591262E-01-0.603721698E-01-0.617515611E-01-0.630978619E-01
-0.644113947E-01-0.656922611E-01-0.669403545E-01-0.681553684E-01-0.693368011E-01
-0.704839564E-01-0.715959406E-01-0.726716559E-01-0.737097878E-01-0.747087833E-01
-0.756668146E-01-0.765817110E-01-0.774508263E-01-0.782707646E-01-0.790566898E-01
-0.798054867E-01-0.805120182E-01-0.811698973E-01-0.817719597E-01-0.823105575E-01
-0.827777455E-01-0.831654888E-01-0.834658764E-01-0.836713037E-01-0.837745789E-01
-0.837689607E-01-0.836480627E-01-0.834058142E-01-0.830364536E-01-0.825345961E-01
-0.818955161E-01-0.811159998E-01-0.801913068E-01-0.791156855E-01-0.778818619E-01
-0.765100505E-01-0.749924912E-01-0.733248432E-01-0.715056079E-01-0.695375065E-01
-0.674204869E-01-0.651542764E-01-0.627393368E-01-0.601770424E-01-0.574688865E-01
-0.546165396E-01-0.516219449E-01-0.484872653E-01-0.452148814E-01-0.418074025E-01
-0.382676629E-01-0.345987160E-01-0.308038288E-01-0.268864734E-01-0.228503181E-01
-0.186992179E-01-0.144372075E-01-0.100684957E-01-0.559746146E-02-0.102865160E-02
 0.363322032E-02 0.838327452E-02 0.132164650E-01 0.181275793E-01 0.231112386E-01
 0.281618978E-01 0.332738468E-01 0.384412121E-01 0.436579596E-01 0.489178995E-01
 0.542146924E-01 0.595418572E-01 0.648927824E-01 0.702607385E-01 0.756388945E-01
 0.810203367E-01 0.863980905E-01 0.917651448E-01 0.971144793E-01 0.102439094E+00
 0.107732039E+00 0.112986447E+00 0.118195562E+00 0.123352769E+00 0.128451620E+00
 0.133485846E+00 0.138449375E+00 0.143336329E+00 0.148141005E+00 0.152857853E+00
 0.157481418E+00 0.162006273E+00 0.166426918E+00 0.170737661E+00 0.174932470E+00
 0.179004805E+00 0.182947443E+00 0.186752308E+00 0.190410340E+00 0.193911436E+00
 0.197244510E+00 0.200397713E+00 0.203358823E+00 0.206115787E+00-0.351393189E-01
-0.359306444E-01-0.370316213E-01-0.384412690E-01-0.400727250E-01-0.417057650E-01
-0.432716259E-01-0.447865422E-01-0.462628031E-01-0.477068695E-01-0.491223296E-01
-0.505112962E-01-0.518750593E-01-0.532144154E-01-0.545298457E-01-0.558216166E-01
-0.570898385E-01-0.583345006E-01-0.595554904E-01-0.607526055E-01-0.619255590E-01
-0.630739812E-01-0.641974198E-01-0.652953368E-01-0.663671059E-01-0.674120078E-01
-0.684292254E-01-0.694178377E-01-0.703768135E-01-0.713050039E-01-0.722011339E-01
-0.730637925E-01-0.738914226E-01-0.746823080E-01-0.754345611E-01-0.761461140E-01
-0.768147229E-01-0.774380173E-01-0.780136757E-01-0.785399437E-01-0.790293689E-01
-0.794755823E-01-0.798719340E-01-0.802116064E-01-0.804876458E-01-0.806930013E-01
-0.808205900E-01-0.808633857E-01-0.808145331E-01-0.806675194E-01-0.804165331E-01
-0.800556941E-01-0.795791506E-01-0.789810229E-01-0.782551818E-01-0.773947012E-01
-0.764091304E-01-0.752921351E-01-0.740393388E-01-0.726482088E-01-0.711192832E-01
-0.694511873E-01-0.676424216E-01-0.656920764E-01-0.636000039E-01-0.613661365E-01
-0.589905594E-01-0.564736656E-01-0.538162054E-01-0.510192065E-01-0.480839455E-01
-0.450119423E-01-0.418049485E-01-0.384649409E-01-0.349941196E-01-0.313949037E-01
-0.276699289E-01-0.238220433E-01-0.198543037E-01-0.157699719E-01-0.115725114E-01
-0.726558491E-02-0.285305378E-02 0.166102228E-02 0.627238364E-02 0.109765683E-01
 0.157689086E-01 0.206445274E-01 0.255983335E-01 0.306250179E-01 0.357190489E-01
 0.408746690E-01 0.460858921E-01 0.513465016E-01 0.566500511E-01 0.619898665E-01
 0.673590505E-01 0.727504910E-01 0.781568719E-01 0.835706882E-01 0.889842652E-01
 0.943897820E-01 0.997792991E-01 0.105144791E+00 0.110478180E+00 0.115771380E+00
 0.121016334E+00 0.126205056E+00 0.131329681E+00 0.136382496E+00 0.141355983E+00
 0.146242848E+00 0.151036040E+00 0.155728766E+00 0.160314481E+00 0.164786874E+00
 0.169139831E+00 0.173367381E+00 0.177463629E+00 0.181422668E+00 0.185238495E+00
 0.188904920E+00 0.192415492E+00 0.195763458E+00 0.198941765E+00 0.201943139E+00
 0.204760230E+00 0.207385839E+00 0.209813219E+00-0.510964548E-01-0.534188667E-01
-0.548572546E-01-0.554503449E-01-0.549905684E-01-0.548880980E-01-0.551632512E-01
-0.556518876E-01-0.562764135E-01-0.569917238E-01-0.577693121E-01-0.585900209E-01
-0.594403313E-01-0.603103153E-01-0.611924328E-01-0.620807884E-01-0.629706516E-01
-0.638581342E-01-0.647399667E-01-0.656133393E-01-0.664757838E-01-0.673250862E-01
-0.681592188E-01-0.689762873E-01-0.697744883E-01-0.705520748E-01-0.713073275E-01
-0.720385302E-01-0.727439488E-01-0.734218126E-01-0.740702970E-01-0.746875080E-01
-0.752714669E-01-0.758200950E-01-0.763311975E-01-0.768024443E-01-0.772313401E-01
-0.776151686E-01-0.779508577E-01-0.782346303E-01-0.784786018E-01-0.786776624E-01
-0.788248300E-01-0.789138667E-01-0.789386954E-01-0.788932065E-01-0.787712075E-01
-0.785664037E-01-0.782723382E-01-0.778821885E-01-0.773940969E-01-0.768026795E-01
-0.761029105E-01-0.752901117E-01-0.743600808E-01-0.733094622E-01-0.721367032E-01
-0.708392377E-01-0.694145250E-01-0.678604991E-01-0.661756942E-01-0.643587585E-01
-0.624085043E-01-0.603240224E-01-0.581047214E-01-0.557502616E-01-0.532605438E-01
-0.506357232E-01-0.478762169E-01-0.449826930E-01-0.419560600E-01-0.387974586E-01
-0.355082553E-01-0.320900374E-01-0.285446097E-01-0.248739923E-01-0.210804188E-01
-0.171663352E-01-0.131343990E-01-0.898747989E-02-0.472866019E-02-0.361237124E-03
 0.411127406E-02 0.868513563E-02 0.133563817E-01 0.181208114E-01 0.229739809E-01
 0.279111950E-01 0.329274973E-01 0.380176611E-01 0.431761790E-01 0.483972539E-01
 0.536747903E-01 0.590023867E-01 0.643733302E-01 0.697805933E-01 0.752168334E-01
 0.806743968E-01 0.861453262E-01 0.916213741E-01 0.970940214E-01 0.102554502E+00
 0.107993835E+00 0.113402862E+00 0.118772292E+00 0.124092753E+00 0.129354848E+00
 0.134549217E+00 0.139666596E+00 0.144697887E+00 0.149634217E+00 0.154466997E+00
 0.159187976E+00 0.163789279E+00 0.168263445E+00 0.172603436E+00 0.176802649E+00
 0.180854893E+00 0.184754370E+00 0.188495635E+00 0.192073547E+00 0.195483231E+00
 0.198720031E+00 0.201779500E+00 0.204657393E+00 0.207349713E+00 0.209852784E+00
 0.212163365E+00 0.214278789E+00-0.640233492E-01-0.669572907E-01-0.685917851E-01
-0.688651646E-01-0.679442601E-01-0.669870585E-01-0.664000475E-01-0.661032984E-01
-0.660229500E-01-0.661049154E-01-0.663098455E-01-0.666087356E-01-0.669797966E-01
-0.674063231E-01-0.678752494E-01-0.683761598E-01-0.689006004E-01-0.694415905E-01
-0.699932698E-01-0.705506390E-01-0.711093648E-01-0.716656323E-01-0.722160300E-01
-0.727574598E-01-0.732870659E-01-0.738021767E-01-0.743002574E-01-0.747788715E-01
-0.752356479E-01-0.756682531E-01-0.760743678E-01-0.764516665E-01-0.767978003E-01
-0.771103823E-01-0.773869764E-01-0.776250895E-01-0.778221707E-01-0.779756232E-01
-0.780828479E-01-0.781413707E-01-0.781492059E-01-0.781160725E-01-0.780255797E-01
-0.778743709E-01-0.776581547E-01-0.773721684E-01-0.770114123E-01-0.765707969E-01
-0.760452760E-01-0.754300361E-01-0.747208900E-01-0.739135684E-01-0.730039197E-01
-0.719880317E-01-0.708623349E-01-0.696236975E-01-0.682694551E-01-0.667971172E-01
-0.652043918E-01-0.634892531E-01-0.616499625E-01-0.596850182E-01-0.575931444E-01
-0.553733023E-01-0.530246950E-01-0.505467610E-01-0.479391691E-01-0.452018182E-01
-0.423348354E-01-0.393385731E-01-0.362136045E-01-0.329607191E-01-0.295809195E-01
-0.260754191E-01-0.224456398E-01-0.186932121E-01-0.148199751E-01-0.108279780E-01
-0.671948209E-02-0.249696448E-02 0.183687768E-02 0.627912116E-02 0.108266094E-01
 0.154759438E-01 0.202234734E-01 0.250652832E-01 0.299971813E-01 0.350146841E-01
 0.401130013E-01 0.452870196E-01 0.505312860E-01 0.558399911E-01 0.612069530E-01
 0.666256016E-01 0.720889658E-01 0.775896618E-01 0.831198863E-01 0.886714128E-01
 0.942355942E-01 0.998033718E-01 0.105365292E+00 0.110911530E+00 0.116431927E+00
 0.121916033E+00 0.127353162E+00 0.132732458E+00 0.138042971E+00 0.143273739E+00
 0.148413882E+00 0.153452693E+00 0.158379742E+00 0.163184968E+00 0.167858771E+00
 0.172392098E+00 0.176776514E+00 0.181004262E+00 0.185068299E+00 0.188962328E+00
 0.192680797E+00 0.196218893E+00 0.199572523E+00 0.202738272E+00 0.205713378E+00
 0.208495693E+00 0.211083659E+00 0.213476293E+00 0.215673193E+00 0.217674558E+00
 0.219481220E+00-0.751958658E-01-0.784986967E-01-0.802594940E-01-0.804270139E-01
-0.791084760E-01-0.777060414E-01-0.766225114E-01-0.758080408E-01-0.752155387E-01
-0.748041829E-01-0.745399622E-01-0.743950535E-01-0.743468217E-01-0.743768189E-01
-0.744699187E-01-0.746136143E-01-0.747974633E-01-0.750126554E-01-0.752516750E-01
-0.755080380E-01-0.757760857E-01-0.760508206E-01-0.763277772E-01-0.766029168E-01
-0.768725431E-01-0.771332330E-01-0.773817801E-01-0.776151469E-01-0.778304259E-01
-0.780248067E-01-0.781955481E-01-0.783399552E-01-0.784553607E-01-0.785391099E-01
-0.785885511E-01-0.786010314E-01-0.785739011E-01-0.785045302E-01-0.783903458E-01
-0.782288983E-01-0.780179642E-01-0.777556515E-01-0.774374216E-01-0.770591113E-01
-0.766165545E-01-0.761054949E-01-0.755216020E-01-0.748605246E-01-0.741179601E-01
-0.732897293E-01-0.723718348E-01-0.713604167E-01-0.702517748E-01-0.690424078E-01
-0.677290535E-01-0.663087168E-01-0.647786703E-01-0.631364175E-01-0.613796830E-01
-0.595064158E-01-0.575147901E-01-0.554031982E-01-0.531702456E-01-0.508147502E-01
-0.483357409E-01-0.457324564E-01-0.430043424E-01-0.401510501E-01-0.371724346E-01
-0.340685531E-01-0.308396625E-01-0.274862180E-01-0.240088718E-01-0.204084724E-01
-0.166860649E-01-0.128428927E-01-0.888039963E-02-0.480023348E-02-0.604250979E-03
 0.370547600E-02 0.812665272E-02 0.126567521E-01 0.172930037E-01 0.220323805E-01
 0.268715842E-01 0.318070282E-01 0.368348187E-01 0.419507343E-01 0.471502037E-01
 0.524282815E-01 0.577796235E-01 0.631984607E-01 0.686785738E-01 0.742132672E-01
 0.797953451E-01 0.854170896E-01 0.910702423E-01 0.967459912E-01 0.102434964E+00
 0.108127227E+00 0.113812299E+00 0.119479173E+00 0.125116349E+00 0.130711889E+00
 0.136253477E+00 0.141728507E+00 0.147124178E+00 0.152427606E+00 0.157625955E+00
 0.162706570E+00 0.167657126E+00 0.172465768E+00 0.177121264E+00 0.181613134E+00
 0.185931779E+00 0.190068584E+00 0.194016006E+00 0.197767630E+00 0.201318206E+00
 0.204663660E+00 0.207801072E+00 0.210728642E+00 0.213445637E+00 0.215952318E+00
 0.218249874E+00 0.220340336E+00 0.222226515E+00 0.223911928E+00 0.225400744E+00
-0.849976818E-01-0.885579218E-01-0.904134256E-01-0.905509505E-01-0.888769396E-01
-0.872278807E-01-0.858509826E-01-0.847018842E-01-0.837523498E-01-0.829751939E-01
-0.823453817E-01-0.818405902E-01-0.814412944E-01-0.811305947E-01-0.808939284E-01
-0.807187514E-01-0.805942312E-01-0.805109716E-01-0.804607738E-01-0.804364338E-01
-0.804315726E-01-0.804404943E-01-0.804580680E-01-0.804796299E-01-0.805009011E-01
-0.805179197E-01-0.805269828E-01-0.805245989E-01-0.805074471E-01-0.804723424E-01
-0.804162075E-01-0.803360479E-01-0.802289319E-01-0.800919745E-01-0.799223249E-01
-0.797171570E-01-0.794736643E-01-0.791890564E-01-0.788605547E-01-0.784853791E-01
-0.780607048E-01-0.775835433E-01-0.770504634E-01-0.764578462E-01-0.758019608E-01
-0.750790006E-01-0.742851160E-01-0.734164526E-01-0.724691912E-01-0.714395860E-01
-0.703239952E-01-0.691188971E-01-0.678209086E-01-0.664268066E-01-0.649335468E-01
-0.633382777E-01-0.616383459E-01-0.598312933E-01-0.579148552E-01-0.558869595E-01
-0.537457257E-01-0.514894628E-01-0.491166675E-01-0.466260229E-01-0.440163968E-01
-0.412868406E-01-0.384365880E-01-0.354650535E-01-0.323718315E-01-0.291566956E-01
-0.258195972E-01-0.223606656E-01-0.187802084E-01-0.150787120E-01-0.112568440E-01
-0.731545587E-02-0.325558702E-02 0.921529405E-03 0.521445966E-02 0.962156070E-02
 0.141409696E-01 0.187705909E-01 0.235080823E-01 0.283508368E-01 0.332959638E-01
 0.383402669E-01 0.434802186E-01 0.487119336E-01 0.540311380E-01 0.594331372E-01
 0.649127808E-01 0.704644260E-01 0.760818996E-01 0.817584593E-01 0.874867551E-01
 0.932587929E-01 0.990659002E-01 0.104898697E+00 0.110747076E+00 0.116600184E+00
 0.122446428E+00 0.128273486E+00 0.134068335E+00 0.139817311E+00 0.145506176E+00
 0.151120223E+00 0.156644395E+00 0.162063439E+00 0.167362077E+00 0.172525198E+00
 0.177538065E+00 0.182386531E+00 0.187057251E+00 0.191537897E+00 0.195817343E+00
 0.199885840E+00 0.203735146E+00 0.207358637E+00 0.210751360E+00 0.213910060E+00
 0.216833155E+00 0.219520683E+00 0.221974202E+00 0.224196675E+00 0.226192324E+00
 0.227966474E+00 0.229525394E+00 0.230876136E+00 0.232026382E+00-0.932357711E-01
-0.968632346E-01-0.987920217E-01-0.989397286E-01-0.975099527E-01-0.957655813E-01
-0.942081563E-01-0.928384118E-01-0.916397123E-01-0.905944236E-01-0.896850836E-01
-0.888950582E-01-0.882089143E-01-0.876125819E-01-0.870933760E-01-0.866399339E-01
-0.862421067E-01-0.858908316E-01-0.855780019E-01-0.852963412E-01-0.850392892E-01
-0.848008994E-01-0.845757482E-01-0.843588571E-01-0.841456241E-01-0.839317655E-01
-0.837132650E-01-0.834863310E-01-0.832473589E-01-0.829928992E-01-0.827196300E-01
-0.824243336E-01-0.821038761E-01-0.817551903E-01-0.813752611E-01-0.809611123E-01
-0.805097950E-01-0.800183751E-01-0.794839185E-01-0.789034694E-01-0.782740195E-01
-0.775924657E-01-0.768555714E-01-0.760599913E-01-0.752023014E-01-0.742790268E-01
-0.732866677E-01-0.722217271E-01-0.710807364E-01-0.698602813E-01-0.685570233E-01
-0.671677183E-01-0.656892333E-01-0.641185610E-01-0.624528334E-01-0.606893311E-01
-0.588254902E-01-0.568589053E-01-0.547873314E-01-0.526086847E-01-0.503210426E-01
-0.479226434E-01-0.454118858E-01-0.427873276E-01-0.400476851E-01-0.371918322E-01
-0.342187994E-01-0.311277729E-01-0.279180943E-01-0.245892599E-01-0.211409209E-01
-0.175728840E-01-0.138851122E-01-0.100777272E-01-0.615101193E-02-0.210541494E-02
 0.205844435E-02 0.633976865E-02 0.107375742E-01 0.152506800E-01 0.198776953E-01
 0.246170042E-01 0.294667480E-01 0.344248046E-01 0.394887641E-01 0.446559023E-01
 0.499231496E-01 0.552870566E-01 0.607437557E-01 0.662889190E-01 0.719177124E-01
 0.776247460E-01 0.834040213E-01 0.892488764E-01 0.951519288E-01 0.101105019E+00
 0.107099154E+00 0.113124455E+00 0.119170116E+00 0.125224360E+00 0.131274424E+00
 0.137306550E+00 0.143306006E+00 0.149257127E+00 0.155143398E+00 0.160947562E+00
 0.166651779E+00 0.172237809E+00 0.177687254E+00 0.182981812E+00 0.188103579E+00
 0.193035354E+00 0.197760959E+00 0.202265547E+00 0.206535893E+00 0.210560645E+00
 0.214330538E+00 0.217838545E+00 0.221079975E+00 0.224052501E+00 0.226756128E+00
 0.229193093E+00 0.231367717E+00 0.233286200E+00 0.234956382E+00 0.236387483E+00
 0.237589819E+00 0.238574528E+00 0.239353310E+00-0.100929242E+00-0.104695224E+00
-0.106693246E+00-0.106856405E+00-0.105327404E+00-0.103495759E+00-0.101822795E+00
-0.100303945E+00-0.989288528E-01-0.976859844E-01-0.965632950E-01-0.955487258E-01
-0.946305604E-01-0.937976565E-01-0.930395753E-01-0.923466364E-01-0.917099197E-01
-0.911212342E-01-0.905730676E-01-0.900585262E-01-0.895712719E-01-0.891054599E-01
-0.886556798E-01-0.882169021E-01-0.877844286E-01-0.873538488E-01-0.869210005E-01
-0.864819356E-01-0.860328893E-01-0.855702534E-01-0.850905527E-01-0.845904237E-01
-0.840665970E-01-0.835158801E-01-0.829351433E-01-0.823213060E-01-0.816713234E-01
-0.809821739E-01-0.802508445E-01-0.794743156E-01-0.786495441E-01-0.777734474E-01
-0.768428934E-01-0.758547037E-01-0.748056634E-01-0.736925359E-01-0.725120781E-01
-0.712610586E-01-0.699362744E-01-0.685345681E-01-0.670528438E-01-0.654880814E-01
-0.638373495E-01-0.620978166E-01-0.602667609E-01-0.583415783E-01-0.563197881E-01
-0.541990371E-01-0.519771024E-01-0.496518932E-01-0.472214513E-01-0.446839519E-01
-0.420377029E-01-0.392811449E-01-0.364128502E-01-0.334315227E-01-0.303359964E-01
-0.271252355E-01-0.237983336E-01-0.203545137E-01-0.167931287E-01-0.131136618E-01
-0.931572828E-02-0.539907792E-02-0.136359823E-02 0.279068084E-02 0.706358090E-02
 0.114547675E-01 0.159637403E-01 0.205898219E-01 0.253321428E-01 0.301896253E-01
 0.351609628E-01 0.402445968E-01 0.454386889E-01 0.507410899E-01 0.561493031E-01
 0.616604436E-01 0.672711913E-01 0.729777394E-01 0.787757361E-01 0.846602210E-01
 0.906255556E-01 0.966653483E-01 0.102772375E+00 0.108938495E+00 0.115154568E+00
 0.121410368E+00 0.127694502E+00 0.133994341E+00 0.140295955E+00 0.146584081E+00
 0.152842101E+00 0.159052072E+00 0.165194788E+00 0.171249901E+00 0.177196093E+00
 0.183011320E+00 0.188673114E+00 0.194158946E+00 0.199446643E+00 0.204514833E+00
 0.209343417E+00 0.213914024E+00 0.218210448E+00 0.222219026E+00 0.225928952E+00
 0.229332511E+00 0.232425210E+00 0.235205825E+00 0.237676336E+00 0.239841777E+00
 0.241709990E+00 0.243291310E+00 0.244598180E+00 0.245644731E+00 0.246446340E+00
 0.247019191E+00 0.247379864E+00-0.108106022E+00-0.112041186E+00-0.114098883E+00
-0.114282179E+00-0.112454311E+00-0.110555462E+00-0.108807597E+00-0.107186182E+00
-0.105684322E+00-0.104294301E+00-0.103007755E+00-0.101816001E+00-0.100710313E+00
-0.996821115E-01-0.987231039E-01-0.978253669E-01-0.969813915E-01-0.961840989E-01
-0.954268363E-01-0.947033603E-01-0.940078117E-01-0.933346868E-01-0.926788071E-01
-0.920352883E-01-0.913995111E-01-0.907670934E-01-0.901338639E-01-0.894958387E-01
-0.888491990E-01-0.881902710E-01-0.875155081E-01-0.868214739E-01-0.861048273E-01
-0.853623083E-01-0.845907255E-01-0.837869438E-01-0.829478731E-01-0.820704566E-01
-0.811516603E-01-0.801884619E-01-0.791778411E-01-0.781167716E-01-0.770022163E-01
-0.758311278E-01-0.746004514E-01-0.733071332E-01-0.719481281E-01-0.705204110E-01
-0.690209872E-01-0.674469039E-01-0.657952607E-01-0.640632199E-01-0.622480157E-01
-0.603469624E-01-0.583574616E-01-0.562770081E-01-0.541031944E-01-0.518337146E-01
-0.494663665E-01-0.469990534E-01-0.444297852E-01-0.417566782E-01-0.389779555E-01
-0.360919463E-01-0.330970856E-01-0.299919127E-01-0.267750713E-01-0.234453082E-01
-0.200014728E-01-0.164425172E-01-0.127674957E-01-0.897556613E-02-0.506599075E-02
-0.103813851E-02 0.310851168E-02 0.737436659E-02 0.117597127E-01 0.162647089E-01
 0.208893762E-01 0.256335868E-01 0.304970486E-01 0.354792884E-01 0.405796300E-01
 0.457971698E-01 0.511307467E-01 0.565789077E-01 0.621398675E-01 0.678114618E-01
 0.735910937E-01 0.794756724E-01 0.854615434E-01 0.915444105E-01 0.977192478E-01
 0.103980203E+00 0.110320489E+00 0.116732274E+00 0.123206550E+00 0.129733015E+00
 0.136299934E+00 0.142894018E+00 0.149500300E+00 0.156102041E+00 0.162680650E+00
 0.169215659E+00 0.175684745E+00 0.182063830E+00 0.188327263E+00 0.194448104E+00
 0.200398520E+00 0.206150276E+00 0.211675326E+00 0.216946477E+00 0.221938077E+00
 0.226626721E+00 0.230991895E+00 0.235016554E+00 0.238687588E+00 0.241996160E+00
 0.244937903E+00 0.247512969E+00 0.249725933E+00 0.251585553E+00 0.253104399E+00
 0.254298352E+00 0.255186015E+00 0.255788053E+00 0.256126498E+00 0.256224075E+00
 0.256103567E+00-0.114153302E+00-0.118079930E+00-0.120195630E+00-0.120417408E+00
-0.118940352E+00-0.117052443E+00-0.115257348E+00-0.113565046E+00-0.111971165E+00
-0.110470368E+00-0.109056765E+00-0.107724126E+00-0.106466049E+00-0.105276089E+00
-0.104147853E+00-0.103075069E+00-0.102051631E+00-0.101071630E+00-0.100129373E+00
-0.992193887E-01-0.983364289E-01-0.974754660E-01-0.966316841E-01-0.958004694E-01
-0.949773982E-01-0.941582243E-01-0.933388666E-01-0.925153951E-01-0.916840188E-01
-0.908410729E-01-0.899830066E-01-0.891063717E-01-0.882078116E-01-0.872840504E-01
-0.863318831E-01-0.853481659E-01-0.843298069E-01-0.832737572E-01-0.821770025E-01
-0.810365557E-01-0.798494498E-01-0.786127328E-01-0.773234649E-01-0.759787170E-01
-0.745755722E-01-0.731111291E-01-0.715825065E-01-0.699868490E-01-0.683213339E-01
-0.665831778E-01-0.647696433E-01-0.628780459E-01-0.609057598E-01-0.588502237E-01
-0.567089454E-01-0.544795058E-01-0.521595624E-01-0.497468512E-01-0.472391890E-01
-0.446344739E-01-0.419306857E-01-0.391258862E-01-0.362182184E-01-0.332059060E-01
-0.300872518E-01-0.268606372E-01-0.235245207E-01-0.200774364E-01-0.165179935E-01
-0.128448751E-01-0.905683772E-02-0.515271149E-02-0.113140049E-02 0.300811573E-02
 0.726677991E-02 0.116454536E-01 0.161449121E-01 0.207658383E-01 0.255088137E-01
 0.303743078E-01 0.353626646E-01 0.404740854E-01 0.457086086E-01 0.510660848E-01
 0.565461465E-01 0.621481731E-01 0.678712479E-01 0.737141085E-01 0.796750884E-01
 0.857520481E-01 0.919422959E-01 0.982424967E-01 0.104648566E+00 0.111155551E+00
 0.117757496E+00 0.124447287E+00 0.131216489E+00 0.138055162E+00 0.144951662E+00
 0.151892440E+00 0.158861832E+00 0.165841862E+00 0.172812064E+00 0.179749341E+00
 0.186627900E+00 0.193419267E+00 0.200092437E+00 0.206614175E+00 0.212949498E+00
 0.219062353E+00 0.224916459E+00 0.230476305E+00 0.235708223E+00 0.240581463E+00
 0.245069203E+00 0.249149417E+00 0.252805566E+00 0.256027078E+00 0.258809621E+00
 0.261155159E+00 0.263071805E+00 0.264573465E+00 0.265679281E+00 0.266412878E+00
 0.266801451E+00 0.266874728E+00 0.266663870E+00 0.266200413E+00 0.265515295E+00
-0.120039902E+00-0.124053301E+00-0.126224109E+00-0.126478173E+00-0.124977351E+00
-0.123075295E+00-0.121251884E+00-0.119511516E+00-0.117850814E+00-0.116265890E+00
-0.114752574E+00-0.113306505E+00-0.111923172E+00-0.110597955E+00-0.109326150E+00
-0.108102997E+00-0.106923715E+00-0.105783530E+00-0.104677703E+00-0.103601554E+00
-0.102550484E+00-0.101519987E+00-0.100505664E+00-0.995032314E-01-0.985085193E-01
-0.975174783E-01-0.965261757E-01-0.955307929E-01-0.945276216E-01-0.935130578E-01
-0.924835966E-01-0.914358248E-01-0.903664145E-01-0.892721161E-01-0.881497511E-01
-0.869962047E-01-0.858084192E-01-0.845833874E-01-0.833181458E-01-0.820097690E-01
-0.806553648E-01-0.792520699E-01-0.777970472E-01-0.762874841E-01-0.747205924E-01
-0.730936091E-01-0.714037984E-01-0.696484545E-01-0.678249052E-01-0.659305151E-01
-0.639626896E-01-0.619188786E-01-0.597965803E-01-0.575933437E-01-0.553067719E-01
-0.529345240E-01-0.504743167E-01-0.479239258E-01-0.452811862E-01-0.425439923E-01
-0.397102975E-01-0.367781134E-01-0.337455086E-01-0.306106073E-01-0.273715872E-01
-0.240266783E-01-0.205741604E-01-0.170123612E-01-0.133396546E-01-0.955445876E-02
-0.565523441E-02-0.164048395E-02 0.249124946E-02 0.674138186E-02 0.111112878E-01
 0.156022987E-01 0.202156996E-01 0.249527250E-01 0.298145526E-01 0.348022945E-01
 0.399169865E-01 0.451595736E-01 0.505308922E-01 0.560316478E-01 0.616623873E-01
 0.674234652E-01 0.733150026E-01 0.793368375E-01 0.854884653E-01 0.917689673E-01
 0.981769255E-01 0.104710323E+00 0.111366423E+00 0.118141633E+00 0.125031341E+00
 0.132029726E+00 0.139129547E+00 0.146321893E+00 0.153595911E+00 0.160938500E+00
 0.168333981E+00 0.175763752E+00 0.183205937E+00 0.190635063E+00 0.198021779E+00
 0.205332695E+00 0.212530371E+00 0.219573548E+00 0.226417680E+00 0.233015823E+00
 0.239319881E+00 0.245282157E+00 0.250857093E+00 0.256003020E+00 0.260683758E+00
 0.264869946E+00 0.268540018E+00 0.271680841E+00 0.274288042E+00 0.276366051E+00
 0.277927894E+00 0.278994714E+00 0.279595004E+00 0.279763515E+00 0.279539853E+00
 0.278966816E+00 0.278088597E+00 0.276949034E+00 0.275590069E+00-0.125775829E+00
-0.129962656E+00-0.132170314E+00-0.132450212E+00-0.130620835E+00-0.128695960E+00
-0.126860065E+00-0.125089611E+00-0.123381136E+00-0.121731696E+00-0.120138581E+00
-0.118599160E+00-0.117110723E+00-0.115670385E+00-0.114275032E+00-0.112921315E+00
-0.111605680E+00-0.110324396E+00-0.109073606E+00-0.107849363E+00-0.106647674E+00
-0.105464530E+00-0.104295938E+00-0.103137939E+00-0.101986629E+00-0.100838171E+00
-0.996888011E-01-0.985348382E-01-0.973726849E-01-0.961988289E-01-0.950098420E-01
-0.938023782E-01-0.925731707E-01-0.913190276E-01-0.900368277E-01-0.887235154E-01
-0.873760961E-01-0.859916311E-01-0.845672321E-01-0.831000575E-01-0.815873075E-01
-0.800262208E-01-0.784140715E-01-0.767481674E-01-0.750258480E-01-0.732444845E-01
-0.714014795E-01-0.694942676E-01-0.675203165E-01-0.654771283E-01-0.633622406E-01
-0.611732284E-01-0.589077050E-01-0.565633233E-01-0.541377765E-01-0.516287985E-01
-0.490341645E-01-0.463516899E-01-0.435792307E-01-0.407146813E-01-0.377559740E-01
-0.347010765E-01-0.315479904E-01-0.282947485E-01-0.249394120E-01-0.214800681E-01
-0.179148268E-01-0.142418179E-01-0.104591878E-01-0.656509661E-02-0.255771492E-02
 0.156477873E-02 0.580420049E-02 0.101623632E-01 0.146410781E-01 0.192421553E-01
 0.239674038E-01 0.288186305E-01 0.337976369E-01 0.389062148E-01 0.441461395E-01
 0.495191601E-01 0.550269867E-01 0.606712729E-01 0.664535942E-01 0.723754200E-01
 0.784380772E-01 0.846427070E-01 0.909902091E-01 0.974811740E-01 0.104115800E+00
 0.110893790E+00 0.117814231E+00 0.124875440E+00 0.132074790E+00 0.139408488E+00
 0.146871321E+00 0.154456351E+00 0.162154556E+00 0.169954416E+00 0.177841428E+00
 0.185797571E+00 0.193800703E+00 0.201823924E+00 0.209834942E+00 0.217795487E+00
 0.225660901E+00 0.233380021E+00 0.240895563E+00 0.248145175E+00 0.255063274E+00
 0.261583632E+00 0.267642423E+00 0.273181313E+00 0.278150138E+00 0.282508885E+00
 0.286228930E+00 0.289293668E+00 0.291698718E+00 0.293451882E+00 0.294572904E+00
 0.295092992E+00 0.295053966E+00 0.294506856E+00 0.293509807E+00 0.292125327E+00
 0.290417110E+00 0.288446891E+00 0.286271821E+00-0.130541715E+00-0.134667494E+00
-0.136936165E+00-0.137269428E+00-0.135846920E+00-0.133975747E+00-0.132145409E+00
-0.130361034E+00-0.128619300E+00-0.126918671E+00-0.125258610E+00-0.123638814E+00
-0.122058741E+00-0.120517386E+00-0.119013220E+00-0.117544208E+00-0.116107875E+00
-0.114701379E+00-0.113321590E+00-0.111965160E+00-0.110628590E+00-0.109308276E+00
-0.108000559E+00-0.106701756E+00-0.105408192E+00-0.104116219E+00-0.102822232E+00
-0.101522688E+00-0.100214103E+00-0.988930699E-01-0.975562517E-01-0.962003887E-01
-0.948222955E-01-0.934188603E-01-0.919870424E-01-0.905238688E-01-0.890264308E-01
-0.874918801E-01-0.859174249E-01-0.843003256E-01-0.826378916E-01-0.809274771E-01
-0.791664787E-01-0.773523319E-01-0.754825094E-01-0.735545191E-01-0.715659024E-01
-0.695142335E-01-0.673971181E-01-0.652121933E-01-0.629571265E-01-0.606296155E-01
-0.582273873E-01-0.557481978E-01-0.531898310E-01-0.505500976E-01-0.478268339E-01
-0.450179000E-01-0.421211780E-01-0.391345697E-01-0.360559941E-01-0.328833842E-01
-0.296146845E-01-0.262478471E-01-0.227808279E-01-0.192115831E-01-0.155380649E-01
-0.117582168E-01-0.786996982E-02-0.387123709E-02 0.240090288E-03 0.446614820E-02
 0.880910416E-02 0.132711619E-01 0.178545657E-01 0.225616046E-01 0.273946154E-01
 0.323559862E-01 0.374481578E-01 0.426736249E-01 0.480349345E-01 0.535346839E-01
 0.591755147E-01 0.649601041E-01 0.708911519E-01 0.769713627E-01 0.832034209E-01
 0.895899577E-01 0.961335085E-01 0.102836457E+00 0.109700962E+00 0.116728871E+00
 0.123921599E+00 0.131279991E+00 0.138804137E+00 0.146493149E+00 0.154344882E+00
 0.162355593E+00 0.170519520E+00 0.178828363E+00 0.187270661E+00 0.195831037E+00
 0.204489297E+00 0.213219365E+00 0.221988076E+00 0.230753837E+00 0.239465289E+00
 0.248060172E+00 0.256464813E+00 0.264594808E+00 0.272357548E+00 0.279656846E+00
 0.286399106E+00 0.292499600E+00 0.297887328E+00 0.302507699E+00 0.306323365E+00
 0.309313972E+00 0.311475630E+00 0.312820526E+00 0.313376839E+00 0.313188803E+00
 0.312316508E+00 0.310834808E+00 0.308830596E+00 0.306398034E+00 0.303632159E+00
 0.300622310E+00 0.297447084E+00-0.135312559E+00-0.139462586E+00-0.141767284E+00
-0.142156173E+00-0.140794565E+00-0.138978607E+00-0.137178888E+00-0.135395252E+00
-0.133627563E+00-0.131879751E+00-0.130156301E+00-0.128460778E+00-0.126795441E+00
-0.125161278E+00-0.123558189E+00-0.121985182E+00-0.120440561E+00-0.118922084E+00
-0.117427089E+00-0.115952607E+00-0.114495444E+00-0.113052252E+00-0.111619586E+00
-0.110193948E+00-0.108771822E+00-0.107349698E+00-0.105924098E+00-0.104491591E+00
-0.103048800E+00-0.101592416E+00-0.100119198E+00-0.986259820E-01-0.971096753E-01
-0.955672618E-01-0.939957984E-01-0.923924129E-01-0.907543015E-01-0.890787256E-01
-0.873630079E-01-0.856045289E-01-0.838007232E-01-0.819490757E-01-0.800471179E-01
-0.780924248E-01-0.760826117E-01-0.740153308E-01-0.718882694E-01-0.696991462E-01
-0.674457101E-01-0.651257372E-01-0.627370287E-01-0.602774092E-01-0.577447240E-01
-0.551368372E-01-0.524516289E-01-0.496869931E-01-0.468408349E-01-0.439110671E-01
-0.408956077E-01-0.377923759E-01-0.345992887E-01-0.313142568E-01-0.279351806E-01
-0.244599452E-01-0.208864160E-01-0.172124333E-01-0.134358071E-01-0.955431132E-02
-0.556567754E-02-0.146758899E-02 0.274232617E-02 0.706650176E-02 0.115074408E-01
 0.160677226E-01 0.207500110E-01 0.255570615E-01 0.304917292E-01 0.355569771E-01
 0.407558830E-01 0.460916473E-01 0.515675995E-01 0.571872039E-01 0.629540639E-01
 0.688719248E-01 0.749446733E-01 0.811763340E-01 0.875710608E-01 0.941331227E-01
 0.100866881E+00 0.107776755E+00 0.114867178E+00 0.122142527E+00 0.129607043E+00
 0.137264707E+00 0.145119094E+00 0.153173165E+00 0.161429014E+00 0.169887528E+00
 0.178547957E+00 0.187407361E+00 0.196459899E+00 0.205695931E+00 0.215100858E+00
 0.224653647E+00 0.234324948E+00 0.244074707E+00 0.253849189E+00 0.263577471E+00
 0.273167814E+00 0.282505210E+00 0.291452793E+00 0.299860334E+00 0.307579897E+00
 0.314482431E+00 0.320467545E+00 0.325464837E+00 0.329430528E+00 0.332343370E+00
 0.334201786E+00 0.335022762E+00 0.334842455E+00 0.333718214E+00 0.331731451E+00
 0.328989966E+00 0.325626976E+00 0.321793193E+00 0.317640984E+00 0.313306382E+00
 0.308897709E+00-0.140100641E+00-0.144277041E+00-0.146561224E+00-0.147050217E+00
-0.145509977E+00-0.143817191E+00-0.142077041E+00-0.140287772E+00-0.138477850E+00
-0.136667719E+00-0.134870407E+00-0.133093851E+00-0.131342567E+00-0.129618733E+00
-0.127922882E+00-0.126254374E+00-0.124611713E+00-0.122992781E+00-0.121395004E+00
-0.119815483E+00-0.118251086E+00-0.116698528E+00-0.115154429E+00-0.113615356E+00
-0.112077863E+00-0.110538514E+00-0.108993909E+00-0.107440696E+00-0.105875585E+00
-0.104295353E+00-0.102696855E+00-0.101077020E+00-0.994328602E-01-0.977614647E-01
-0.960600019E-01-0.943257161E-01-0.925559255E-01-0.907480184E-01-0.888994502E-01
-0.870077388E-01-0.850704614E-01-0.830852494E-01-0.810497853E-01-0.789617976E-01
-0.768190574E-01-0.746193743E-01-0.723605922E-01-0.700405857E-01-0.676572566E-01
-0.652085299E-01-0.626923504E-01-0.601066788E-01-0.574494886E-01-0.547187617E-01
-0.519124851E-01-0.490286471E-01-0.460652329E-01-0.430202205E-01-0.398915766E-01
-0.366772518E-01-0.333751759E-01-0.299832526E-01-0.264993547E-01-0.229213176E-01
-0.192469344E-01-0.154739485E-01-0.116000480E-01-0.762285762E-02-0.353993180E-02
 0.651253609E-03 0.495330981E-02 0.936894422E-02 0.139009701E-01 0.185523172E-01
 0.233260422E-01 0.282253412E-01 0.332535617E-01 0.384142160E-01 0.437109951E-01
 0.491477834E-01 0.547286742E-01 0.604579849E-01 0.663402738E-01 0.723803557E-01
 0.785833179E-01 0.849545348E-01 0.914996811E-01 0.982247421E-01 0.105136019E+00
 0.112240130E+00 0.119544000E+00 0.127054838E+00 0.134780103E+00 0.142727438E+00
 0.150904580E+00 0.159319227E+00 0.167978851E+00 0.176890436E+00 0.186060122E+00
 0.195492727E+00 0.205191098E+00 0.215155242E+00 0.225381157E+00 0.235859245E+00
 0.246572125E+00 0.257491557E+00 0.268573965E+00 0.279753727E+00 0.290932902E+00
 0.301966118E+00 0.312643892E+00 0.322695933E+00 0.331846903E+00 0.339888340E+00
 0.346694119E+00 0.352196327E+00 0.356361972E+00 0.359179840E+00 0.360654742E+00
 0.360806332E+00 0.359671285E+00 0.357308758E+00 0.353810068E+00 0.349313834E+00
 0.344024420E+00 0.338214431E+00 0.332173765E+00 0.326128634E+00 0.320214810E+00
-0.144726195E+00-0.148716509E+00-0.151006067E+00-0.151494813E+00-0.150516198E+00
-0.148883325E+00-0.147049811E+00-0.145148043E+00-0.143228445E+00-0.141314937E+00
-0.139419974E+00-0.137550113E+00-0.135708488E+00-0.133896094E+00-0.132112502E+00
-0.130356302E+00-0.128625399E+00-0.126917205E+00-0.125228790E+00-0.123556983E+00
-0.121898458E+00-0.120249790E+00-0.118607506E+00-0.116968124E+00-0.115328176E+00
-0.113684235E+00-0.112032930E+00-0.110370956E+00-0.108695086E+00-0.107002177E+00
-0.105289170E+00-0.103553096E+00-0.101791072E+00-0.100000306E+00-0.981780915E-01
-0.963218035E-01-0.944288992E-01-0.924969120E-01-0.905234479E-01-0.885061814E-01
-0.864428505E-01-0.843312521E-01-0.821692371E-01-0.799547055E-01-0.776856012E-01
-0.753599072E-01-0.729756404E-01-0.705308465E-01-0.680235953E-01-0.654519753E-01
-0.628140893E-01-0.601080487E-01-0.573319693E-01-0.544839656E-01-0.515621463E-01
-0.485646087E-01-0.454894338E-01-0.423346809E-01-0.390983820E-01-0.357785362E-01
-0.323731042E-01-0.288800016E-01-0.252970929E-01-0.216221851E-01-0.178530202E-01
-0.139872682E-01-0.100225191E-01-0.595627427E-02-0.178593815E-02 0.249119195E-02
 0.687793595E-02 0.113772423E-01 0.159921999E-01 0.207260517E-01 0.255822088E-01
 0.305642659E-01 0.356760189E-01 0.409214833E-01 0.463049147E-01 0.518308310E-01
 0.575040368E-01 0.633296500E-01 0.693131304E-01 0.754603109E-01 0.817774309E-01
 0.882711726E-01 0.949486987E-01 0.101817692E+00 0.108886399E+00 0.116163667E+00
 0.123658988E+00 0.131382536E+00 0.139345197E+00 0.147558589E+00 0.156035068E+00
 0.164787703E+00 0.173830229E+00 0.183176928E+00 0.192842461E+00 0.202841591E+00
 0.213188779E+00 0.223897607E+00 0.234979973E+00 0.246444960E+00 0.258297275E+00
 0.270535031E+00 0.283146458E+00 0.296104640E+00 0.309357938E+00 0.322808630E+00
 0.336245187E+00 0.349049213E+00 0.360342631E+00 0.369897441E+00 0.377706425E+00
 0.383787006E+00 0.388157721E+00 0.390835077E+00 0.391833567E+00 0.391167611E+00
 0.388855922E+00 0.384928094E+00 0.379434193E+00 0.372464101E+00 0.364206495E+00
 0.355214418E+00 0.346468291E+00 0.338286712E+00 0.330665216E+00-0.151517896E+00
-0.156220406E+00-0.158623616E+00-0.158640595E+00-0.156635834E+00-0.154311860E+00
-0.152094949E+00-0.149946282E+00-0.147848493E+00-0.145795677E+00-0.143785193E+00
-0.141815031E+00-0.139883025E+00-0.137986664E+00-0.136123086E+00-0.134289131E+00
-0.132481415E+00-0.130696387E+00-0.128930390E+00-0.127179707E+00-0.125440601E+00
-0.123709349E+00-0.121982264E+00-0.120255718E+00-0.118526156E+00-0.116790109E+00
-0.115044199E+00-0.113285147E+00-0.111509778E+00-0.109715020E+00-0.107897904E+00
-0.106055565E+00-0.104185240E+00-0.102284266E+00-0.100350076E+00-0.983801945E-01
-0.963722353E-01-0.943238963E-01-0.922329547E-01-0.900972618E-01-0.879147376E-01
-0.856833653E-01-0.834011856E-01-0.810662906E-01-0.786768178E-01-0.762309440E-01
-0.737268790E-01-0.711628594E-01-0.685371424E-01-0.658479994E-01-0.630937100E-01
-0.602725551E-01-0.573828116E-01-0.544227453E-01-0.513906050E-01-0.482846163E-01
-0.451029750E-01-0.418438410E-01-0.385053316E-01-0.350855150E-01-0.315824034E-01
-0.279939462E-01-0.243180229E-01-0.205524351E-01-0.166948994E-01-0.127430382E-01
-0.869437185E-02-0.454630848E-02-0.296134375E-03 0.405899712E-02 0.852207739E-02
 0.130962555E-01 0.177848524E-01 0.225913764E-01 0.275195407E-01 0.325732824E-01
 0.377567836E-01 0.430744953E-01 0.485311634E-01 0.541318588E-01 0.598820096E-01
 0.657874382E-01 0.718544027E-01 0.780896423E-01 0.845004296E-01 0.910946276E-01
 0.978807540E-01 0.104868053E+00 0.112066575E+00 0.119487266E+00 0.127142060E+00
 0.135043991E+00 0.143207307E+00 0.151647586E+00 0.160381874E+00 0.169428808E+00
 0.178808741E+00 0.188543861E+00 0.198658275E+00 0.209178056E+00 0.220131233E+00
 0.231547702E+00 0.243459038E+00 0.255898222E+00 0.268899332E+00 0.282497328E+00
 0.296728302E+00 0.311631041E+00 0.327252188E+00 0.343661763E+00 0.360983720E+00
 0.377360082E+00 0.390916042E+00 0.401955973E+00 0.410505296E+00 0.416926892E+00
 0.421402941E+00 0.423958504E+00 0.424473184E+00 0.422740078E+00 0.418991187E+00
 0.413306568E+00 0.405627943E+00 0.395737722E+00 0.383295081E+00 0.369933177E+00
 0.358448575E+00 0.348293341E+00 0.339153763E+00-0.157242101E+00-0.162294426E+00
-0.164802224E+00-0.164671819E+00-0.161953952E+00-0.159301437E+00-0.156823728E+00
-0.154468572E+00-0.152209045E+00-0.150027284E+00-0.147911027E+00-0.145851258E+00
-0.143840788E+00-0.141873467E+00-0.139943753E+00-0.138046480E+00-0.136176741E+00
-0.134329823E+00-0.132501177E+00-0.130686406E+00-0.128881262E+00-0.127081637E+00
-0.125283572E+00-0.123483249E+00-0.121676994E+00-0.119861276E+00-0.118032702E+00
-0.116188016E+00-0.114324096E+00-0.112437948E+00-0.110526704E+00-0.108587619E+00
-0.106618064E+00-0.104615522E+00-0.102577584E+00-0.100501947E+00-0.983863999E-01
-0.962288291E-01-0.940272049E-01-0.917795791E-01-0.894840775E-01-0.871388938E-01
-0.847422827E-01-0.822925529E-01-0.797880599E-01-0.772271987E-01-0.746083962E-01
-0.719301041E-01-0.691907906E-01-0.663889335E-01-0.635230122E-01-0.605915006E-01
-0.575928590E-01-0.545255271E-01-0.513879164E-01-0.481784030E-01-0.448953200E-01
-0.415369504E-01-0.381015195E-01-0.345871876E-01-0.309920424E-01-0.273140914E-01
-0.235512540E-01-0.197013531E-01-0.157621072E-01-0.117311206E-01-0.760587498E-02
-0.338371853E-02 0.938144511E-03 0.536266566E-02 0.989296505E-02 0.145323456E-01
 0.192843085E-01 0.241525706E-01 0.291410840E-01 0.342540574E-01 0.394959810E-01
 0.448716535E-01 0.503862139E-01 0.560451760E-01 0.618544693E-01 0.678204836E-01
 0.739501216E-01 0.802508573E-01 0.867308037E-01 0.933987899E-01 0.100264449E+00
 0.107338320E+00 0.114631962E+00 0.122158091E+00 0.129930730E+00 0.137965386E+00
 0.146279253E+00 0.154891442E+00 0.163823247E+00 0.173098444E+00 0.182743628E+00
 0.192788588E+00 0.203266717E+00 0.214215450E+00 0.225676717E+00 0.237697404E+00
 0.250329807E+00 0.263632096E+00 0.277668866E+00 0.292511985E+00 0.308242174E+00
 0.324952133E+00 0.342752463E+00 0.361782453E+00 0.381476477E+00 0.398350604E+00
 0.412524536E+00 0.424178487E+00 0.433203253E+00 0.439642837E+00 0.443854132E+00
 0.445910364E+00 0.445792307E+00 0.443191119E+00 0.438005380E+00 0.430452410E+00
 0.420468334E+00 0.407887388E+00 0.392444413E+00 0.378324210E+00 0.365815788E+00
 0.354664309E+00 0.344643211E+00-0.161194857E+00-0.166382687E+00-0.168960722E+00
-0.168841480E+00-0.166349402E+00-0.163606514E+00-0.161013610E+00-0.158548394E+00
-0.156191321E+00-0.153925857E+00-0.151738303E+00-0.149617251E+00-0.147553015E+00
-0.145537175E+00-0.143562241E+00-0.141621434E+00-0.139708527E+00-0.137817750E+00
-0.135943718E+00-0.134081382E+00-0.132225995E+00-0.130373084E+00-0.128518426E+00
-0.126658031E+00-0.124788124E+00-0.122905131E+00-0.121005663E+00-0.119086510E+00
-0.117144624E+00-0.115177114E+00-0.113181238E+00-0.111154390E+00-0.109094098E+00
-0.106998019E+00-0.104863925E+00-0.102689704E+00-0.100473352E+00-0.982129653E-01
-0.959067341E-01-0.935529369E-01-0.911499327E-01-0.886961531E-01-0.861900949E-01
-0.836303119E-01-0.810154059E-01-0.783440188E-01-0.756148233E-01-0.728265142E-01
-0.699777992E-01-0.670673901E-01-0.640939939E-01-0.610563037E-01-0.579529904E-01
-0.547826936E-01-0.515440133E-01-0.482355017E-01-0.448556544E-01-0.414029026E-01
-0.378756050E-01-0.342720394E-01-0.305903946E-01-0.268287624E-01-0.229851291E-01
-0.190573670E-01-0.150432255E-01-0.109403221E-01-0.674613249E-02-0.245798045E-02
 0.192697332E-02 0.641174322E-02 0.109995319E-01 0.156937448E-01 0.204980063E-01
 0.254161781E-01 0.304523793E-01 0.356110097E-01 0.408967759E-01 0.463147216E-01
 0.518702609E-01 0.575692182E-01 0.634178723E-01 0.694230079E-01 0.755919751E-01
 0.819327574E-01 0.884540504E-01 0.951653537E-01 0.102077077E+00 0.109200663E+00
 0.116548734E+00 0.124135260E+00 0.131975758E+00 0.140087528E+00 0.148489931E+00
 0.157204715E+00 0.166256409E+00 0.175672783E+00 0.185485400E+00 0.195730254E+00
 0.206448531E+00 0.217687476E+00 0.229501367E+00 0.241952577E+00 0.255112658E+00
 0.269063363E+00 0.283897472E+00 0.299719336E+00 0.316645120E+00 0.334802909E+00
 0.354332910E+00 0.375317909E+00 0.394893142E+00 0.411542728E+00 0.425334670E+00
 0.436587588E+00 0.445431805E+00 0.451885623E+00 0.455793074E+00 0.457102935E+00
 0.455995284E+00 0.452447590E+00 0.446325529E+00 0.437320601E+00 0.425254048E+00
 0.410210166E+00 0.394687812E+00 0.380747258E+00 0.368207181E+00 0.356897804E+00
 0.346658959E+00-0.164434993E+00-0.169707491E+00-0.172364159E+00-0.172301867E+00
-0.169984469E+00-0.167245057E+00-0.164626130E+00-0.162128566E+00-0.159738613E+00
-0.157442771E+00-0.155228442E+00-0.153084093E+00-0.150999254E+00-0.148964430E+00
-0.146971000E+00-0.145011114E+00-0.143077598E+00-0.141163883E+00-0.139263934E+00
-0.137372194E+00-0.135483535E+00-0.133593212E+00-0.131696827E+00-0.129790288E+00
-0.127869787E+00-0.125931766E+00-0.123972896E+00-0.121990057E+00-0.119980323E+00
-0.117940943E+00-0.115869334E+00-0.113763065E+00-0.111619853E+00-0.109437553E+00
-0.107214149E+00-0.104947751E+00-0.102636585E+00-0.100278987E+00-0.978733973E-01
-0.954183498E-01-0.929124672E-01-0.903544509E-01-0.877430716E-01-0.850771605E-01
-0.823555994E-01-0.795773101E-01-0.767412443E-01-0.738463729E-01-0.708916758E-01
-0.678761312E-01-0.647987050E-01-0.616583412E-01-0.584539510E-01-0.551844037E-01
-0.518485168E-01-0.484450467E-01-0.449726797E-01-0.414300226E-01-0.378155944E-01
-0.341278174E-01-0.303650087E-01-0.265253717E-01-0.226069873E-01-0.186078058E-01
-0.145256375E-01-0.103581441E-01-0.610282885E-02-0.175702676E-02 0.268210611E-02
 0.721760431E-02 0.118527057E-01 0.165908655E-01 0.214357721E-01 0.263913648E-01
 0.314618538E-01 0.366517435E-01 0.419658585E-01 0.474093738E-01 0.529878499E-01
 0.587072722E-01 0.645740980E-01 0.705953094E-01 0.767784759E-01 0.831318264E-01
 0.896643330E-01 0.963858096E-01 0.103307027E+00 0.110439846E+00 0.117797382E+00
 0.125394189E+00 0.133246488E+00 0.141372435E+00 0.149792448E+00 0.158529596E+00
 0.167610078E+00 0.177063805E+00 0.186925110E+00 0.197233626E+00 0.208035357E+00
 0.219383991E+00 0.231342473E+00 0.243984857E+00 0.257398355E+00 0.271685389E+00
 0.286965180E+00 0.303374141E+00 0.321064175E+00 0.340198382E+00 0.360950409E+00
 0.381909995E+00 0.400338807E+00 0.416247308E+00 0.429322738E+00 0.439831499E+00
 0.448033030E+00 0.453954899E+00 0.457522408E+00 0.458285468E+00 0.456396501E+00
 0.451963490E+00 0.444862227E+00 0.434862960E+00 0.421367880E+00 0.405517620E+00
 0.391076986E+00 0.377959795E+00 0.366031546E+00 0.355163953E+00 0.345237561E+00
-0.167472645E+00-0.172904688E+00-0.175656063E+00-0.175641966E+00-0.172989803E+00
-0.170264601E+00-0.167677296E+00-0.165205540E+00-0.162837816E+00-0.160562277E+00
-0.158367113E+00-0.156240901E+00-0.154172822E+00-0.152152779E+00-0.150171447E+00
-0.148220275E+00-0.146291461E+00-0.144377904E+00-0.142473155E+00-0.140571353E+00
-0.138667172E+00-0.136755758E+00-0.134832677E+00-0.132893869E+00-0.130935599E+00
-0.128954425E+00-0.126947160E+00-0.124910849E+00-0.122842747E+00-0.120740297E+00
-0.118601121E+00-0.116423002E+00-0.114203881E+00-0.111941844E+00-0.109635118E+00
-0.107282063E+00-0.104881167E+00-0.102431035E+00-0.999303875E-01-0.973780492E-01
-0.947729398E-01-0.921140654E-01-0.894005077E-01-0.866314131E-01-0.838059811E-01
-0.809234521E-01-0.779830954E-01-0.749841966E-01-0.719260453E-01-0.688079231E-01
-0.656290911E-01-0.623887788E-01-0.590861723E-01-0.557204032E-01-0.522905384E-01
-0.487955696E-01-0.452344032E-01-0.416058511E-01-0.379086210E-01-0.341413078E-01
-0.303023843E-01-0.263901930E-01-0.224029375E-01-0.183386737E-01-0.141953020E-01
-0.997055822E-02-0.566200497E-02-0.126702262E-02 0.321720048E-02 0.779367835E-02
 0.124656388E-01 0.172365360E-01 0.221100646E-01 0.270901759E-01 0.321810963E-01
 0.373873481E-01 0.427137744E-01 0.481655670E-01 0.537482993E-01 0.594679645E-01
 0.653310195E-01 0.713444369E-01 0.775157644E-01 0.838531952E-01 0.903656490E-01
 0.970628685E-01 0.103955531E+00 0.111055383E+00 0.118375392E+00 0.125929942E+00
 0.133735048E+00 0.141808634E+00 0.150170851E+00 0.158844487E+00 0.167855448E+00
 0.177233380E+00 0.187012434E+00 0.197232240E+00 0.207939163E+00 0.219187923E+00
 0.231043717E+00 0.243585000E+00 0.256907096E+00 0.271126732E+00 0.286387148E+00
 0.302862225E+00 0.320755820E+00 0.340290997E+00 0.361407242E+00 0.380506053E+00
 0.397104765E+00 0.411431595E+00 0.423546897E+00 0.433408294E+00 0.440850970E+00
 0.445935385E+00 0.448760680E+00 0.449251845E+00 0.447215549E+00 0.442318490E+00
 0.434449514E+00 0.423521821E+00 0.409419007E+00 0.395373412E+00 0.382522670E+00
 0.370734393E+00 0.359898260E+00 0.349917987E+00 0.340707812E+00-0.169290751E+00
-0.174798326E+00-0.177636613E+00-0.177717734E+00-0.175334361E+00-0.172698897E+00
-0.170189183E+00-0.167791829E+00-0.165495565E+00-0.163288436E+00-0.161158267E+00
-0.159093076E+00-0.157081379E+00-0.155112395E+00-0.153176166E+00-0.151263604E+00
-0.149366492E+00-0.147477442E+00-0.145589842E+00-0.143697778E+00-0.141795961E+00
-0.139879647E+00-0.137944566E+00-0.135986861E+00-0.134003026E+00-0.131989863E+00
-0.129944436E+00-0.127864047E+00-0.125746204E+00-0.123588607E+00-0.121389128E+00
-0.119145810E+00-0.116856851E+00-0.114520600E+00-0.112135554E+00-0.109700355E+00
-0.107213780E+00-0.104674736E+00-0.102082257E+00-0.994354917E-01-0.967336965E-01
-0.939762223E-01-0.911625039E-01-0.882920462E-01-0.853644112E-01-0.823792029E-01
-0.793360530E-01-0.762346061E-01-0.730745051E-01-0.698553773E-01-0.665768200E-01
-0.632383874E-01-0.598395780E-01-0.563798222E-01-0.528584704E-01-0.492747827E-01
-0.456279174E-01-0.419169215E-01-0.381407208E-01-0.342981110E-01-0.303877481E-01
-0.264081406E-01-0.223576409E-01-0.182344374E-01-0.140365468E-01-0.976180623E-02
-0.540786614E-02-0.972182152E-03 0.354799263E-02 0.815561609E-02 0.128538661E-01
 0.176461509E-01 0.225361198E-01 0.275276770E-01 0.326249962E-01 0.378325380E-01
 0.431550711E-01 0.485976960E-01 0.541658731E-01 0.598654563E-01 0.657027314E-01
 0.716844611E-01 0.778179380E-01 0.841110463E-01 0.905723332E-01 0.972110931E-01
 0.104037466E+00 0.111062553E+00 0.118298553E+00 0.125758922E+00 0.133458569E+00
 0.141414081E+00 0.149644009E+00 0.158169197E+00 0.167013209E+00 0.176202844E+00
 0.185768795E+00 0.195746497E+00 0.206177238E+00 0.217109660E+00 0.228601841E+00
 0.240724312E+00 0.253564614E+00 0.267234560E+00 0.281882384E+00 0.297713199E+00
 0.315016953E+00 0.334200710E+00 0.353203430E+00 0.370082121E+00 0.384525680E+00
 0.397035179E+00 0.407717194E+00 0.416573382E+00 0.423410542E+00 0.427781291E+00
 0.430091393E+00 0.430331689E+00 0.428372633E+00 0.423827075E+00 0.416002203E+00
 0.404977393E+00 0.392400150E+00 0.380786058E+00 0.369998052E+00 0.359941987E+00
 0.350552475E+00 0.341777124E+00 0.333569759E+00-0.170419414E+00-0.175979447E+00
-0.178914952E+00-0.179119522E+00-0.177062051E+00-0.174564413E+00-0.172176345E+00
-0.169901146E+00-0.167725786E+00-0.165636368E+00-0.163618912E+00-0.161659858E+00
-0.159746410E+00-0.157866773E+00-0.156010267E+00-0.154167355E+00-0.152329608E+00
-0.150489632E+00-0.148640961E+00-0.146777949E+00-0.144895651E+00-0.142989720E+00
-0.141056309E+00-0.139091984E+00-0.137093659E+00-0.135058532E+00-0.132984048E+00
-0.130867860E+00-0.128707808E+00-0.126501904E+00-0.124248320E+00-0.121945387E+00
-0.119591587E+00-0.117185559E+00-0.114726092E+00-0.112212131E+00-0.109642770E+00
-0.107017247E+00-0.104334944E+00-0.101595374E+00-0.987981694E-01-0.959430738E-01
-0.930299238E-01-0.900586348E-01-0.870291835E-01-0.839415908E-01-0.807959037E-01
-0.775921776E-01-0.743304591E-01-0.710107692E-01-0.676330876E-01-0.641973369E-01
-0.607033694E-01-0.571509528E-01-0.535397582E-01-0.498693484E-01-0.461391664E-01
-0.423485255E-01-0.384965989E-01-0.345824108E-01-0.306048272E-01-0.265625479E-01
-0.224540985E-01-0.182778230E-01-0.140318774E-01-0.971422290E-02-0.532262032E-02
-0.854624173E-03 0.369242266E-02 0.832139456E-02 0.130353890E-01 0.178377328E-01
 0.227319897E-01 0.277219688E-01 0.328117349E-01 0.380056206E-01 0.433082415E-01
 0.487245140E-01 0.542596767E-01 0.599193162E-01 0.657093965E-01 0.716362953E-01
 0.777068448E-01 0.839283798E-01 0.903087939E-01 0.968566038E-01 0.103581025E+00
 0.110492057E+00 0.117600585E+00 0.124918496E+00 0.132458817E+00 0.140235868E+00
 0.148265455E+00 0.156565087E+00 0.165154238E+00 0.174054664E+00 0.183290779E+00
 0.192890135E+00 0.202884001E+00 0.213308127E+00 0.224203744E+00 0.235618968E+00
 0.247610866E+00 0.260248796E+00 0.273620549E+00 0.287846123E+00 0.303123548E+00
 0.319459822E+00 0.334571442E+00 0.348377366E+00 0.360790364E+00 0.371644710E+00
 0.380764184E+00 0.388222326E+00 0.394061667E+00 0.398225531E+00 0.400546685E+00
 0.400830965E+00 0.399115981E+00 0.395367116E+00 0.389379097E+00 0.380731705E+00
 0.371829425E+00 0.363133854E+00 0.354716627E+00 0.346620429E+00 0.338868396E+00
 0.331470411E+00 0.324427056E+00-0.171378560E+00-0.177088595E+00-0.180144529E+00
-0.180461920E+00-0.178218740E+00-0.175858442E+00-0.173642368E+00-0.171544179E+00
-0.169546000E+00-0.167629791E+00-0.165778070E+00-0.163974508E+00-0.162204298E+00
-0.160454327E+00-0.158713197E+00-0.156971148E+00-0.155219905E+00-0.153452503E+00
-0.151663087E+00-0.149846731E+00-0.147999259E+00-0.146117097E+00-0.144197141E+00
-0.142236655E+00-0.140233186E+00-0.138184501E+00-0.136088550E+00-0.133943429E+00
-0.131747373E+00-0.129498746E+00-0.127196043E+00-0.124837895E+00-0.122423079E+00
-0.119950526E+00-0.117419329E+00-0.114828747E+00-0.112178210E+00-0.109467317E+00
-0.106695830E+00-0.103863667E+00-0.100970889E+00-0.980176849E-01-0.950043533E-01
-0.919312818E-01-0.887989263E-01-0.856077884E-01-0.823583937E-01-0.790512694E-01
-0.756869243E-01-0.722658283E-01-0.687883946E-01-0.652549627E-01-0.616657828E-01
-0.580210015E-01-0.543206486E-01-0.505646253E-01-0.467526927E-01-0.428844612E-01
-0.389593806E-01-0.349767308E-01-0.309356127E-01-0.268349409E-01-0.226734355E-01
-0.184496159E-01-0.141617950E-01-0.980807452E-02-0.538634081E-02-0.894261960E-03
 0.367071466E-02 0.831136424E-02 0.130306861E-01 0.178319052E-01 0.227184743E-01
 0.276940765E-01 0.327626296E-01 0.379282909E-01 0.431954659E-01 0.485688172E-01
 0.540532783E-01 0.596540689E-01 0.653767147E-01 0.712270705E-01 0.772113477E-01
 0.833361453E-01 0.896084868E-01 0.960358604E-01 0.102626266E+00 0.109388265E+00
 0.116331038E+00 0.123464446E+00 0.130799100E+00 0.138346427E+00 0.146118750E+00
 0.154129359E+00 0.162392584E+00 0.170923858E+00 0.179739748E+00 0.188857957E+00
 0.198297229E+00 0.208077123E+00 0.218217509E+00 0.228737567E+00 0.239653781E+00
 0.250975821E+00 0.262697642E+00 0.274777083E+00 0.287090434E+00 0.299368215E+00
 0.311229796E+00 0.322343759E+00 0.332485907E+00 0.341506521E+00 0.349299188E+00
 0.355783325E+00 0.360894760E+00 0.364580769E+00 0.366798209E+00 0.367514861E+00
 0.366716068E+00 0.364422706E+00 0.360734053E+00 0.355897789E+00 0.350299416E+00
 0.344293700E+00 0.338116298E+00 0.331912996E+00 0.325775854E+00 0.319764153E+00
 0.313915987E+00-0.171193977E+00-0.176988181E+00-0.180171860E+00-0.180657675E+00
-0.178688728E+00-0.176555496E+00-0.174579799E+00-0.172730029E+00-0.170980017E+00
-0.169304640E+00-0.167680904E+00-0.166088575E+00-0.164510400E+00-0.162932042E+00
-0.161341834E+00-0.159730447E+00-0.158090514E+00-0.156416266E+00-0.154703198E+00
-0.152947764E+00-0.151147138E+00-0.149299001E+00-0.147401388E+00-0.145452562E+00
-0.143450931E+00-0.141394994E+00-0.139283304E+00-0.137114464E+00-0.134887124E+00
-0.132599998E+00-0.130251886E+00-0.127841696E+00-0.125368471E+00-0.122831414E+00
-0.120229904E+00-0.117563513E+00-0.114832016E+00-0.112035394E+00-0.109173826E+00
-0.106247686E+00-0.103257521E+00-0.100204035E+00-0.970880615E-01-0.939105401E-01
-0.906724855E-01-0.873749599E-01-0.840190441E-01-0.806058104E-01-0.771362975E-01
-0.736114872E-01-0.700322832E-01-0.663994934E-01-0.627138126E-01-0.589758085E-01
-0.551859086E-01-0.513443879E-01-0.474513584E-01-0.435067580E-01-0.395103416E-01
-0.354616707E-01-0.313601055E-01-0.272047960E-01-0.229946753E-01-0.187284535E-01
-0.144046124E-01-0.100214029E-01-0.557684299E-02-0.106871737E-02 0.350542064E-02
 0.814824661E-02 0.128626611E-01 0.176517854E-01 0.225189562E-01 0.274677218E-01
 0.325018378E-01 0.376252647E-01 0.428421668E-01 0.481569129E-01 0.535740796E-01
 0.590984569E-01 0.647350555E-01 0.704891172E-01 0.763661275E-01 0.823718294E-01
 0.885122389E-01 0.947936621E-01 0.101222711E+00 0.107806320E+00 0.114551756E+00
 0.121466631E+00 0.128558897E+00 0.135836839E+00 0.143309041E+00 0.150984332E+00
 0.158871688E+00 0.166980077E+00 0.175318221E+00 0.183894220E+00 0.192714990E+00
 0.201785399E+00 0.211106947E+00 0.220675724E+00 0.230479257E+00 0.240491661E+00
 0.250666465E+00 0.260927107E+00 0.271157771E+00 0.281202225E+00 0.290878854E+00
 0.300006940E+00 0.308427447E+00 0.316010297E+00 0.322652749E+00 0.328275137E+00
 0.332817187E+00 0.336235982E+00 0.338505999E+00 0.339621629E+00 0.339602702E+00
 0.338503059E+00 0.336419855E+00 0.333496047E+00 0.329906384E+00 0.325829353E+00
 0.321422577E+00 0.316812891E+00 0.312097486E+00 0.307349114E+00 0.302621509E+00
-0.169958918E+00-0.175788529E+00-0.179116954E+00-0.179835892E+00-0.178402014E+00
-0.176607358E+00-0.174973741E+00-0.173474218E+00-0.172068424E+00-0.170720308E+00
-0.169399483E+00-0.168081400E+00-0.166746924E+00-0.165381633E+00-0.163975007E+00
-0.162519629E+00-0.161010458E+00-0.159444207E+00-0.157818823E+00-0.156133072E+00
-0.154386221E+00-0.152577790E+00-0.150707382E+00-0.148774567E+00-0.146778812E+00
-0.144719449E+00-0.142595678E+00-0.140406589E+00-0.138151194E+00-0.135828485E+00
-0.133437477E+00-0.130977269E+00-0.128447091E+00-0.125846349E+00-0.123174662E+00
-0.120431890E+00-0.117618150E+00-0.114733823E+00-0.111779552E+00-0.108756223E+00
-0.105664950E+00-0.102507041E+00-0.992839662E-01-0.959973191E-01-0.926487779E-01
-0.892400662E-01-0.857729160E-01-0.822490328E-01-0.786700645E-01-0.750375748E-01
-0.713530198E-01-0.676177288E-01-0.638328881E-01-0.599995275E-01-0.561185084E-01
-0.521905134E-01-0.482160364E-01-0.441953728E-01-0.401286096E-01-0.360156162E-01
-0.318560347E-01-0.276492710E-01-0.233944874E-01-0.190905956E-01-0.147362527E-01
-0.103298593E-01-0.586955935E-02-0.135324398E-02 0.322144286E-02 0.785709595E-02
 0.125565382E-01 0.173228087E-01 0.221591492E-01 0.270689907E-01 0.320559406E-01
 0.371237696E-01 0.422764017E-01 0.475179043E-01 0.528524816E-01 0.582844690E-01
 0.638183298E-01 0.694586525E-01 0.752101497E-01 0.810776561E-01 0.870661258E-01
 0.931806272E-01 0.994263334E-01 0.105808508E+00 0.112332479E+00 0.119003605E+00
 0.125827224E+00 0.132808573E+00 0.139952689E+00 0.147264257E+00 0.154747414E+00
 0.162405461E+00 0.170240489E+00 0.178252855E+00 0.186440462E+00 0.194797795E+00
 0.203314604E+00 0.211974158E+00 0.220750989E+00 0.229608132E+00 0.238494115E+00
 0.247340388E+00 0.256060448E+00 0.264552132E+00 0.272703607E+00 0.280401657E+00
 0.287539581E+00 0.294022675E+00 0.299770997E+00 0.304720281E+00 0.308822083E+00
 0.312043979E+00 0.314370292E+00 0.315803527E+00 0.316366374E+00 0.316103608E+00
 0.315082619E+00 0.313390923E+00 0.311129842E+00 0.308405524E+00 0.305320146E+00
 0.301965743E+00 0.298421322E+00 0.294752486E+00 0.291012468E+00-0.168154515E+00
-0.174082997E+00-0.177590539E+00-0.178592767E+00-0.177283788E+00-0.175943233E+00
-0.174816603E+00-0.173821140E+00-0.172893229E+00-0.171982882E+00-0.171052687E+00
-0.170075963E+00-0.169034724E+00-0.167917709E+00-0.166718630E+00-0.165434723E+00
-0.164065589E+00-0.162612313E+00-0.161076792E+00-0.159461258E+00-0.157767922E+00
-0.155998749E+00-0.154155309E+00-0.152238703E+00-0.150249546E+00-0.148187992E+00
-0.146053792E+00-0.143846376E+00-0.141564941E+00-0.139208561E+00-0.136776276E+00
-0.134267197E+00-0.131680584E+00-0.129015923E+00-0.126272983E+00-0.123451857E+00
-0.120552993E+00-0.117577195E+00-0.114525622E+00-0.111399766E+00-0.108201415E+00
-0.104932610E+00-0.101595595E+00-0.981927607E-01-0.947265894E-01-0.911995989E-01
-0.876142932E-01-0.839731178E-01-0.802784218E-01-0.765324271E-01-0.727372043E-01
-0.688946550E-01-0.650064981E-01-0.610742599E-01-0.570992663E-01-0.530826360E-01
-0.490252725E-01-0.449278562E-01-0.407908346E-01-0.366144120E-01-0.323985377E-01
-0.281428955E-01-0.238468927E-01-0.195096527E-01-0.151300092E-01-0.107065040E-01
-0.623739006E-02-0.172063765E-02 0.284605431E-02 0.746524279E-02 0.121397216E-01
 0.168724991E-01 0.216667746E-01 0.265259129E-01 0.314534195E-01 0.364529174E-01
 0.415281242E-01 0.466828334E-01 0.519208963E-01 0.572462075E-01 0.626626911E-01
 0.681742880E-01 0.737849439E-01 0.794985944E-01 0.853191490E-01 0.912504690E-01
 0.972963399E-01 0.103460434E+00 0.109746262E+00 0.116157108E+00 0.122695942E+00
 0.129365314E+00 0.136167204E+00 0.143102837E+00 0.150172441E+00 0.157374938E+00
 0.164707544E+00 0.172165266E+00 0.179740270E+00 0.187421092E+00 0.195191691E+00
 0.203030330E+00 0.210908359E+00 0.218788992E+00 0.226626326E+00 0.234364919E+00
 0.241940319E+00 0.249280813E+00 0.256310358E+00 0.262952262E+00 0.269132945E+00
 0.274785183E+00 0.279850545E+00 0.284281066E+00 0.288040383E+00 0.291104580E+00
 0.293462923E+00 0.295118524E+00 0.296088808E+00 0.296405496E+00 0.296113726E+00
 0.295270008E+00 0.293938990E+00 0.292189476E+00 0.290090402E+00 0.287707476E+00
 0.285100865E+00 0.282323951E+00 0.279422951E+00-0.164646433E+00-0.170496497E+00
-0.174199264E+00-0.175683267E+00-0.175042258E+00-0.174495859E+00-0.174161463E+00
-0.173901310E+00-0.173628804E+00-0.173286260E+00-0.172837031E+00-0.172260377E+00
-0.171547037E+00-0.170695471E+00-0.169708969E+00-0.168593583E+00-0.167356710E+00
-0.166006136E+00-0.164549401E+00-0.162993378E+00-0.161344010E+00-0.159606174E+00
-0.157783624E+00-0.155879015E+00-0.153893981E+00-0.151829259E+00-0.149684841E+00
-0.147460139E+00-0.145154167E+00-0.142765714E+00-0.140293507E+00-0.137736364E+00
-0.135093321E+00-0.132363745E+00-0.129547414E+00-0.126644579E+00-0.123655993E+00
-0.120582926E+00-0.117427143E+00-0.114190870E+00-0.110876739E+00-0.107487716E+00
-0.104027021E+00-0.100498046E+00-0.969042724E-01-0.932491894E-01-0.895362288E-01
-0.857687051E-01-0.819497708E-01-0.780823832E-01-0.741692829E-01-0.702129814E-01
-0.662157558E-01-0.621796479E-01-0.581064645E-01-0.539977780E-01-0.498549235E-01
-0.456789931E-01-0.414708258E-01-0.372309939E-01-0.329597876E-01-0.286571977E-01
-0.243228999E-01-0.199562412E-01-0.155562316E-01-0.111215396E-01-0.665049602E-02
-0.214110387E-02 0.240894420E-02 0.700224152E-02 0.116416368E-01 0.163301985E-01
 0.210711761E-01 0.258679598E-01 0.307240406E-01 0.356429722E-01 0.406283367E-01
 0.456837143E-01 0.508126561E-01 0.560186613E-01 0.613051567E-01 0.666754779E-01
 0.721328493E-01 0.776803633E-01 0.833209553E-01 0.890573728E-01 0.948921376E-01
 0.100827496E+00 0.106865359E+00 0.113007220E+00 0.119254063E+00 0.125606235E+00
 0.132063294E+00 0.138623822E+00 0.145285194E+00 0.152043295E+00 0.158892181E+00
 0.165823676E+00 0.172826900E+00 0.179887733E+00 0.186988230E+00 0.194106011E+00
 0.201213696E+00 0.208278459E+00 0.215261825E+00 0.222119842E+00 0.228803736E+00
 0.235261104E+00 0.241437585E+00 0.247278855E+00 0.252732721E+00 0.257751098E+00
 0.262291721E+00 0.266319532E+00 0.269807756E+00 0.272738705E+00 0.275104347E+00
 0.276906619E+00 0.278157453E+00 0.278878401E+00 0.279099789E+00 0.278859347E+00
 0.278200381E+00 0.277169659E+00 0.275815252E+00 0.274184592E+00 0.272322911E+00
 0.270272145E+00 0.268070281E+00-0.158607800E+00-0.163837245E+00-0.167719214E+00
-0.170183766E+00-0.171438099E+00-0.172396872E+00-0.173286891E+00-0.174050640E+00
-0.174626550E+00-0.174970392E+00-0.175063655E+00-0.174908442E+00-0.174518325E+00
-0.173911874E+00-0.173109119E+00-0.172129742E+00-0.170992136E+00-0.169712905E+00
-0.168306587E+00-0.166785516E+00-0.165159783E+00-0.163437270E+00-0.161623762E+00
-0.159723117E+00-0.157737495E+00-0.155667624E+00-0.153513090E+00-0.151272633E+00
-0.148944440E+00-0.146526418E+00-0.144016445E+00-0.141412588E+00-0.138713284E+00
-0.135917494E+00-0.133024812E+00-0.130035542E+00-0.126950738E+00-0.123772205E+00
-0.120502468E+00-0.117144702E+00-0.113702647E+00-0.110180487E+00-0.106582728E+00
-0.102914064E+00-0.991792531E-01-0.953830005E-01-0.915298647E-01-0.876241817E-01
-0.836700135E-01-0.796711173E-01-0.756309339E-01-0.715525904E-01-0.674389127E-01
-0.632924434E-01-0.591154592E-01-0.549099849E-01-0.506777999E-01-0.464204355E-01
-0.421391631E-01-0.378349735E-01-0.335085507E-01-0.291602429E-01-0.247900341E-01
-0.203975203E-01-0.159818918E-01-0.115419252E-01-0.707598531E-02-0.258203793E-02
 0.194232488E-02 0.649984874E-02 0.110935702E-01 0.157267618E-01 0.204028712E-01
 0.251254589E-01 0.298981370E-01 0.347245130E-01 0.396081404E-01 0.445524772E-01
 0.495608520E-01 0.546364364E-01 0.597822224E-01 0.650010020E-01 0.702953474E-01
 0.756675886E-01 0.811197874E-01 0.866537051E-01 0.922707615E-01 0.979719844E-01
 0.103757946E+00 0.109628684E+00 0.115583606E+00 0.121621375E+00 0.127739766E+00
 0.133935504E+00 0.140204070E+00 0.146539470E+00 0.152933985E+00 0.159377876E+00
 0.165859072E+00 0.172362846E+00 0.178871487E+00 0.185364008E+00 0.191815930E+00
 0.198199178E+00 0.204482162E+00 0.210630071E+00 0.216605441E+00 0.222368973E+00
 0.227880589E+00 0.233100645E+00 0.237991211E+00 0.242517330E+00 0.246648166E+00
 0.250357995E+00 0.253627018E+00 0.256441965E+00 0.258796495E+00 0.260691371E+00
 0.262134395E+00 0.263140067E+00 0.263728977E+00 0.263926917E+00 0.263763779E+00
 0.263272319E+00 0.262486876E+00 0.261442177E+00 0.260172297E+00 0.258709829E+00
 0.257085284E+00-0.152567186E+00-0.157242422E+00-0.161368361E+00-0.164904036E+00
-0.167923329E+00-0.170559787E+00-0.172902290E+00-0.174928347E+00-0.176511471E+00
-0.177581211E+00-0.178182628E+00-0.178380728E+00-0.178233274E+00-0.177789543E+00
-0.177091598E+00-0.176175461E+00-0.175071944E+00-0.173807200E+00-0.172403083E+00
-0.170877400E+00-0.169244126E+00-0.167513646E+00-0.165693047E+00-0.163786485E+00
-0.161795610E+00-0.159720036E+00-0.157557829E+00-0.155305981E+00-0.152960853E+00
-0.150518580E+00-0.147975419E+00-0.145328039E+00-0.142573769E+00-0.139710787E+00
-0.136738258E+00-0.133656429E+00-0.130466672E+00-0.127171473E+00-0.123774370E+00
-0.120279848E+00-0.116693178E+00-0.113020235E+00-0.109267289E+00-0.105440793E+00
-0.101547188E+00-0.975927341E-01-0.935833691E-01-0.895246208E-01-0.854215510E-01
-0.812787395E-01-0.771002976E-01-0.728899037E-01-0.686508524E-01-0.643861080E-01
-0.600983543E-01-0.557900341E-01-0.514633710E-01-0.471203715E-01-0.427628066E-01
-0.383921742E-01-0.340096505E-01-0.296160351E-01-0.252116989E-01-0.207965392E-01
-0.163699479E-01-0.119307931E-01-0.747741681E-02-0.300765017E-02 0.148115362E-02
 0.599206745E-02 0.105285202E-01 0.150942115E-01 0.196930161E-01 0.243288853E-01
 0.290057533E-01 0.337274548E-01 0.384976576E-01 0.433198112E-01 0.481971108E-01
 0.531324726E-01 0.581285163E-01 0.631875523E-01 0.683115689E-01 0.735022167E-01
 0.787607884E-01 0.840881918E-01 0.894849141E-01 0.949509757E-01 0.100485874E+00
 0.106088512E+00 0.111757115E+00 0.117489133E+00 0.123281121E+00 0.129128609E+00
 0.135025952E+00 0.140966164E+00 0.146940735E+00 0.152939446E+00 0.158950173E+00
 0.164958707E+00 0.170948596E+00 0.176901026E+00 0.182794776E+00 0.188606261E+00
 0.194309690E+00 0.199877367E+00 0.205280131E+00 0.210487941E+00 0.215470581E+00
 0.220198448E+00 0.224643383E+00 0.228779493E+00 0.232583922E+00 0.236037531E+00
 0.239125467E+00 0.241837585E+00 0.244168727E+00 0.246118829E+00 0.247692864E+00
 0.248900597E+00 0.249756174E+00 0.250277555E+00 0.250485824E+00 0.250404415E+00
 0.250058313E+00 0.249473283E+00 0.248675158E+00 0.247689242E+00 0.246539826E+00
-0.148310425E+00-0.153003465E+00-0.157484256E+00-0.161744171E+00-0.165810238E+00
-0.169732580E+00-0.173566174E+00-0.177372689E+00-0.180382297E+00-0.181885993E+00
-0.182734524E+00-0.183064884E+00-0.182972756E+00-0.182531956E+00-0.181802015E+00
-0.180832143E+00-0.179663464E+00-0.178330271E+00-0.176860718E+00-0.175277184E+00
-0.173596548E+00-0.171830498E+00-0.169985974E+00-0.168065761E+00-0.166069199E+00
-0.163992959E+00-0.161831819E+00-0.159579397E+00-0.157228789E+00-0.154773123E+00
-0.152206003E+00-0.149521876E+00-0.146716319E+00-0.143786262E+00-0.140730152E+00
-0.137548069E+00-0.134241772E+00-0.130814680E+00-0.127271779E+00-0.123619441E+00
-0.119865176E+00-0.116017312E+00-0.112084655E+00-0.108076132E+00-0.104000475E+00
-0.998659628E-01-0.956802292E-01-0.914501552E-01-0.871818312E-01-0.828805804E-01
-0.785510282E-01-0.741972034E-01-0.698226543E-01-0.654305681E-01-0.610238801E-01
-0.566053585E-01-0.521776559E-01-0.477433172E-01-0.433047432E-01-0.388641145E-01
-0.344232919E-01-0.299837082E-01-0.255462705E-01-0.211112820E-01-0.166783872E-01
-0.122465407E-01-0.781399743E-02-0.337832528E-02 0.106355654E-02 0.551530873E-02
 0.998106886E-02 0.144653160E-01 0.189727126E-01 0.235079405E-01 0.280755500E-01
 0.326798367E-01 0.373247539E-01 0.420138593E-01 0.467502883E-01 0.515367479E-01
 0.563755189E-01 0.612684626E-01 0.662170258E-01 0.712222399E-01 0.762847131E-01
 0.814046149E-01 0.865816490E-01 0.918150184E-01 0.971033788E-01 0.102444781E+00
 0.107836604E+00 0.113275473E+00 0.118757176E+00 0.124276557E+00 0.129827412E+00
 0.135402374E+00 0.140992794E+00 0.146588628E+00 0.152178328E+00 0.157748750E+00
 0.163285096E+00 0.168770886E+00 0.174187993E+00 0.179516734E+00 0.184736046E+00
 0.189823742E+00 0.194756852E+00 0.199512046E+00 0.204066124E+00 0.208396547E+00
 0.212481999E+00 0.216302936E+00 0.219842108E+00 0.223085021E+00 0.226020328E+00
 0.228640121E+00 0.230940124E+00 0.232919765E+00 0.234582139E+00 0.235933843E+00
 0.236984712E+00 0.237747447E+00 0.238237171E+00 0.238470935E+00 0.238467190E+00
 0.238245276E+00 0.237824931E+00 0.237225858E+00 0.236467355E+00-0.144952406E+00
-0.149820971E+00-0.154672829E+00-0.159525541E+00-0.164416975E+00-0.169405188E+00
-0.174568385E+00-0.180007793E+00-0.185070308E+00-0.187908270E+00-0.189121236E+00
-0.189221648E+00-0.188914463E+00-0.188256307E+00-0.187311378E+00-0.186134490E+00
-0.184772695E+00-0.183266017E+00-0.181647549E+00-0.179943209E+00-0.178171516E+00
-0.176343683E+00-0.174464156E+00-0.172531575E+00-0.170540005E+00-0.168480258E+00
-0.166341150E+00-0.164110598E+00-0.161776497E+00-0.159327406E+00-0.156753047E+00
-0.154044683E+00-0.151195409E+00-0.148200373E+00-0.145056969E+00-0.141764978E+00
-0.138326659E+00-0.134746754E+00-0.131032372E+00-0.127192732E+00-0.123238752E+00
-0.119182511E+00-0.115036631E+00-0.110813667E+00-0.106525570E+00-0.102183277E+00
-0.977964674E-01-0.933734574E-01-0.889212307E-01-0.844455573E-01-0.799511765E-01
-0.754420148E-01-0.709214183E-01-0.663923841E-01-0.618577718E-01-0.573204778E-01
-0.527835466E-01-0.482501954E-01-0.437237363E-01-0.392074061E-01-0.347041422E-01
-0.302163579E-01-0.257457612E-01-0.212932340E-01-0.168587629E-01-0.124414048E-01
-0.803926936E-02-0.364951663E-02 0.731621032E-03 0.510877106E-02 0.948728158E-02
 0.138729998E-01 0.182719844E-01 0.226901999E-01 0.271332493E-01 0.316061869E-01
 0.361134188E-01 0.406586767E-01 0.452450376E-01 0.498749666E-01 0.545503647E-01
 0.592726122E-01 0.640426023E-01 0.688607623E-01 0.737270627E-01 0.786410142E-01
 0.836016532E-01 0.886075173E-01 0.936566097E-01 0.987463566E-01 0.103873554E+00
 0.109034308E+00 0.114223972E+00 0.119437070E+00 0.124667227E+00 0.129907096E+00
 0.135148279E+00 0.140381271E+00 0.145595401E+00 0.150778799E+00 0.155918388E+00
 0.160999905E+00 0.166007959E+00 0.170926147E+00 0.175737204E+00 0.180423219E+00
 0.184965894E+00 0.189346857E+00 0.193548006E+00 0.197551885E+00 0.201342063E+00
 0.204903520E+00 0.208222993E+00 0.211289305E+00 0.214093623E+00 0.216629667E+00
 0.218893842E+00 0.220885290E+00 0.222605872E+00 0.224060055E+00 0.225254748E+00
 0.226199050E+00 0.226903965E+00 0.227382073E+00 0.227647173E+00 0.227713938E+00
 0.227597568E+00 0.227313479E+00 0.226877018E+00-0.141943406E+00-0.146990543E+00
-0.152148955E+00-0.157455462E+00-0.162964077E+00-0.168747623E+00-0.174897946E+00
-0.181523999E+00-0.187835688E+00-0.192345990E+00-0.195278254E+00-0.196470394E+00
-0.196071056E+00-0.194945129E+00-0.193581983E+00-0.192023762E+00-0.190320666E+00
-0.188518197E+00-0.186655389E+00-0.184762537E+00-0.182859312E+00-0.180954136E+00
-0.179045049E+00-0.177121695E+00-0.175167807E+00-0.173163657E+00-0.171088141E+00
-0.168920355E+00-0.166640674E+00-0.164231406E+00-0.161677187E+00-0.158965200E+00
-0.156085347E+00-0.153030420E+00-0.149796307E+00-0.146382227E+00-0.142790966E+00
-0.139029029E+00-0.135106624E+00-0.131037360E+00-0.126837596E+00-0.122525457E+00
-0.118119664E+00-0.113638349E+00-0.109098107E+00-0.104513360E+00-0.998960876E-01
-0.952558494E-01-0.906000017E-01-0.859340379E-01-0.812619781E-01-0.765867756E-01
-0.719107198E-01-0.672358311E-01-0.625642420E-01-0.578985474E-01-0.532420773E-01
-0.485990105E-01-0.439742305E-01-0.393729005E-01-0.347998813E-01-0.302592093E-01
-0.257537818E-01-0.212852472E-01-0.168540102E-01-0.124592579E-01-0.809895355E-02
-0.376978014E-02 0.532941940E-03 0.481529687E-02 0.908466465E-02 0.133493566E-01
 0.176179984E-01 0.218988310E-01 0.261991666E-01 0.305251211E-01 0.348815882E-01
 0.392723498E-01 0.437002331E-01 0.481672622E-01 0.526747839E-01 0.572235641E-01
 0.618138541E-01 0.664454351E-01 0.711176405E-01 0.758293637E-01 0.805790521E-01
 0.853646902E-01 0.901837736E-01 0.950332759E-01 0.999096098E-01 0.104808582E+00
 0.109725349E+00 0.114654363E+00 0.119589329E+00 0.124523157E+00 0.129447918E+00
 0.134354818E+00 0.139234174E+00 0.144075413E+00 0.148867087E+00 0.153596917E+00
 0.158251861E+00 0.162818219E+00 0.167281766E+00 0.171627925E+00 0.175841962E+00
 0.179909223E+00 0.183815379E+00 0.187546696E+00 0.191090298E+00 0.194434441E+00
 0.197568749E+00 0.200484445E+00 0.203174531E+00 0.205633931E+00 0.207859589E+00
 0.209850505E+00 0.211607726E+00 0.213134277E+00 0.214435048E+00 0.215516634E+00
 0.216387139E+00 0.217055953E+00 0.217533513E+00 0.217831058E+00 0.217960386E+00
 0.217933624E+00 0.217763014E+00-0.138913790E+00-0.144065936E+00-0.149406088E+00
-0.154981685E+00-0.160857628E+00-0.167120350E+00-0.173881677E+00-0.181277965E+00
-0.188601765E+00-0.194227504E+00-0.198457838E+00-0.201159018E+00-0.202370622E+00
-0.202254256E+00-0.200471843E+00-0.198344880E+00-0.196132434E+00-0.193890182E+00
-0.191672213E+00-0.189520747E+00-0.187458580E+00-0.185487050E+00-0.183589393E+00
-0.181736439E+00-0.179892304E+00-0.178019102E+00-0.176080269E+00-0.174042500E+00
-0.171876577E+00-0.169557485E+00-0.167064207E+00-0.164379450E+00-0.161489472E+00
-0.158384093E+00-0.155056924E+00-0.151505826E+00-0.147733546E+00-0.143748396E+00
-0.139564761E+00-0.135203059E+00-0.130688817E+00-0.126050725E+00-0.121318027E+00
-0.116517954E+00-0.111673881E+00-0.106804489E+00-0.101923757E+00-0.970414919E-01
-0.921640711E-01-0.872952204E-01-0.824367387E-01-0.775891427E-01-0.727522488E-01
-0.679257314E-01-0.631097082E-01-0.583054043E-01-0.535159021E-01-0.487468046E-01
-0.440062746E-01-0.393038325E-01-0.346483184E-01-0.300464307E-01-0.255024480E-01
-0.210185991E-01-0.165955058E-01-0.122324572E-01-0.792746427E-02-0.367708021E-02
 0.524013737E-03 0.468359734E-02 0.881237167E-02 0.129235882E-01 0.170313092E-01
 0.211481289E-01 0.252838847E-01 0.294456351E-01 0.336382092E-01 0.378647928E-01
 0.421273789E-01 0.464270819E-01 0.507643441E-01 0.551390706E-01 0.595507123E-01
 0.639983149E-01 0.684805434E-01 0.729956884E-01 0.775416601E-01 0.821159735E-01
 0.867157252E-01 0.913375664E-01 0.959776716E-01 0.100631705E+00 0.105294788E+00
 0.109961462E+00 0.114625662E+00 0.119280687E+00 0.123919181E+00 0.128533118E+00
 0.133113807E+00 0.137651899E+00 0.142137417E+00 0.146559810E+00 0.150908011E+00
 0.155170538E+00 0.159335596E+00 0.163391222E+00 0.167325432E+00 0.171126394E+00
 0.174782617E+00 0.178283136E+00 0.181617709E+00 0.184777002E+00 0.187752767E+00
 0.190537994E+00 0.193127045E+00 0.195515755E+00 0.197701497E+00 0.199683218E+00
 0.201461429E+00 0.203038166E+00 0.204416910E+00 0.205602484E+00 0.206600918E+00
 0.207419294E+00 0.208065585E+00 0.208548475E+00 0.208877189E+00 0.209061323E+00
 0.209110683E+00-0.135634455E+00-0.140781436E+00-0.146146439E+00-0.151775875E+00
-0.157731697E+00-0.164097853E+00-0.170994201E+00-0.178617548E+00-0.186421140E+00
-0.192910859E+00-0.198273069E+00-0.202312014E+00-0.204903182E+00-0.206225994E+00
-0.206125676E+00-0.204665952E+00-0.201942976E+00-0.199059732E+00-0.196328568E+00
-0.193840616E+00-0.191626305E+00-0.189661158E+00-0.187889884E+00-0.186242989E+00
-0.184647748E+00-0.183036384E+00-0.181350632E+00-0.179542706E+00-0.177574108E+00
-0.175413782E+00-0.173036388E+00-0.170421030E+00-0.167550480E+00-0.164410906E+00
-0.160992121E+00-0.157288390E+00-0.153299855E+00-0.149034569E+00-0.144510864E+00
-0.139759190E+00-0.134821732E+00-0.129748195E+00-0.124588441E+00-0.119385502E+00
-0.114172035E+00-0.108970264E+00-0.103793738E+00-0.986494910E-01-0.935399493E-01
-0.884644155E-01-0.834201600E-01-0.784032244E-01-0.734090344E-01-0.684329298E-01
-0.634707307E-01-0.585195400E-01-0.535792011E-01-0.486553126E-01-0.437639297E-01
-0.389293160E-01-0.341701165E-01-0.294952678E-01-0.249082341E-01-0.204099833E-01
-0.160003144E-01-0.116783931E-01-0.744286248E-02-0.329160090E-02 0.779019034E-03
 0.477587897E-02 0.871293791E-02 0.126159112E-01 0.165156998E-01 0.204336087E-01
 0.243805344E-01 0.283617829E-01 0.323798593E-01 0.364357482E-01 0.405295294E-01
 0.446606965E-01 0.488283287E-01 0.530311826E-01 0.572677396E-01 0.615362248E-01
 0.658346081E-01 0.701605948E-01 0.745116081E-01 0.788847663E-01 0.832768583E-01
 0.876843156E-01 0.921031846E-01 0.965290993E-01 0.100957255E+00 0.105382384E+00
 0.109798738E+00 0.114200069E+00 0.118579624E+00 0.122930145E+00 0.127243874E+00
 0.131512576E+00 0.135727574E+00 0.139879789E+00 0.143959809E+00 0.147957962E+00
 0.151864406E+00 0.155669240E+00 0.159362619E+00 0.162934888E+00 0.166376713E+00
 0.169679226E+00 0.172834163E+00 0.175833999E+00 0.178672074E+00 0.181342706E+00
 0.183841282E+00 0.186164335E+00 0.188309589E+00 0.190275988E+00 0.192063691E+00
 0.193674046E+00 0.195109540E+00 0.196373724E+00 0.197471123E+00 0.198407130E+00
 0.199187885E+00 0.199820154E+00 0.200311201E+00 0.200668663E+00 0.200900428E+00
-0.131999510E+00-0.137028171E+00-0.142266465E+00-0.147748397E+00-0.153515179E+00
-0.159614994E+00-0.166098929E+00-0.173000438E+00-0.180278628E+00-0.187639056E+00
-0.194125195E+00-0.199335836E+00-0.203322065E+00-0.206286513E+00-0.207379676E+00
-0.207376418E+00-0.206128870E+00-0.203374042E+00-0.199892595E+00-0.197014982E+00
-0.194787278E+00-0.193054220E+00-0.191677353E+00-0.190510219E+00-0.189411292E+00
-0.188267378E+00-0.186998399E+00-0.185548914E+00-0.183879075E+00-0.181958429E+00
-0.179762087E+00-0.177268441E+00-0.174457876E+00-0.171312222E+00-0.167814867E+00
-0.163951652E+00-0.159712910E+00-0.155097313E+00-0.150118597E+00-0.144815882E+00
-0.139263635E+00-0.133565322E+00-0.127821243E+00-0.122101427E+00-0.116444566E+00
-0.110867895E+00-0.105375867E+00-0.999656879E-01-0.946305631E-01-0.893615678E-01
-0.841487006E-01-0.789814635E-01-0.738491608E-01-0.687410235E-01-0.636462136E-01
-0.585536975E-01-0.534518197E-01-0.483265024E-01-0.431492874E-01-0.381518082E-01
-0.332594555E-01-0.284893722E-01-0.238875261E-01-0.193705661E-01-0.149628828E-01
-0.107175088E-01-0.655215154E-02-0.249519009E-02 0.139361769E-02 0.519457024E-02
 0.887031180E-02 0.123981503E-01 0.160243318E-01 0.197119190E-01 0.234545489E-01
 0.272480859E-01 0.310891357E-01 0.349746678E-01 0.389018720E-01 0.428680812E-01
 0.468707152E-01 0.509072327E-01 0.549750852E-01 0.590716744E-01 0.631943104E-01
 0.673401725E-01 0.715062721E-01 0.756894171E-01 0.798861794E-01 0.840928639E-01
 0.883054805E-01 0.925197187E-01 0.967309257E-01 0.100934088E+00 0.105123819E+00
 0.109294349E+00 0.113439523E+00 0.117552811E+00 0.121627312E+00 0.125655785E+00
 0.129630677E+00 0.133544166E+00 0.137388214E+00 0.141154631E+00 0.144835152E+00
 0.148421515E+00 0.151905560E+00 0.155279321E+00 0.158535134E+00 0.161665737E+00
 0.164664376E+00 0.167524904E+00 0.170241870E+00 0.172810600E+00 0.175227272E+00
 0.177488959E+00 0.179593677E+00 0.181540395E+00 0.183329041E+00 0.184960484E+00
 0.186436496E+00 0.187759707E+00 0.188933537E+00 0.189962122E+00 0.190850228E+00
 0.191603166E+00 0.192226693E+00 0.192726921E+00 0.193110225E+00-0.128002345E+00
-0.132822898E+00-0.137822755E+00-0.143020909E+00-0.148436786E+00-0.154087516E+00
-0.159983008E+00-0.166119007E+00-0.172471878E+00-0.179001524E+00-0.185659700E+00
-0.192196534E+00-0.197462996E+00-0.201527657E+00-0.204199486E+00-0.205503359E+00
-0.205342907E+00-0.203576397E+00-0.200479797E+00-0.197875257E+00-0.196122268E+00
-0.195100257E+00-0.194673910E+00-0.194542996E+00-0.194339657E+00-0.193927377E+00
-0.193253100E+00-0.192287794E+00-0.191011213E+00-0.189406156E+00-0.187455748E+00
-0.185141965E+00-0.182444737E+00-0.179341352E+00-0.175806089E+00-0.171810133E+00
-0.167322048E+00-0.162309544E+00-0.156744614E+00-0.150619798E+00-0.144017543E+00
-0.137294642E+00-0.130729640E+00-0.124376365E+00-0.118231237E+00-0.112275524E+00
-0.106486431E+00-0.100840896E+00-0.953169515E-01-0.898940939E-01-0.845532292E-01
-0.792764066E-01-0.740464431E-01-0.688464600E-01-0.636592935E-01-0.584666756E-01
-0.532479715E-01-0.479782854E-01-0.426463457E-01-0.375046114E-01-0.325290823E-01
-0.277208399E-01-0.230893150E-01-0.185850645E-01-0.142229697E-01-0.100240848E-01
-0.594693515E-02-0.201545296E-02 0.173859168E-02 0.534598522E-02 0.876682137E-02
 0.120353506E-01 0.154181710E-01 0.188938193E-01 0.224463457E-01 0.260643869E-01
 0.297394539E-01 0.334648774E-01 0.372351936E-01 0.410457636E-01 0.448925195E-01
 0.487717831E-01 0.526801303E-01 0.566142854E-01 0.605710366E-01 0.645471673E-01
 0.685393986E-01 0.725443413E-01 0.765584549E-01 0.805780128E-01 0.845990729E-01
 0.886174531E-01 0.926287114E-01 0.966281312E-01 0.100610711E+00 0.104571161E+00
 0.108503903E+00 0.112403079E+00 0.116262565E+00 0.120075995E+00 0.123836788E+00
 0.127538184E+00 0.131173294E+00 0.134735146E+00 0.138216751E+00 0.141611165E+00
 0.144911563E+00 0.148111312E+00 0.151204052E+00 0.154183771E+00 0.157044884E+00
 0.159782308E+00 0.162391524E+00 0.164868643E+00 0.167210453E+00 0.169414462E+00
 0.171478923E+00 0.173402849E+00 0.175186019E+00 0.176828961E+00 0.178332934E+00
 0.179699888E+00 0.180932424E+00 0.182033733E+00 0.183007543E+00 0.183858046E+00
 0.184589834E+00 0.185207825E+00 0.185717195E+00-0.123699018E+00-0.128255010E+00
-0.132953646E+00-0.137802810E+00-0.142808542E+00-0.147973312E+00-0.153293938E+00
-0.158759693E+00-0.164351456E+00-0.170042614E+00-0.175801423E+00-0.181593701E+00
-0.187388974E+00-0.192898921E+00-0.196767528E+00-0.199306036E+00-0.200344506E+00
-0.199625852E+00-0.197425208E+00-0.195670286E+00-0.194819318E+00-0.194887563E+00
-0.195965526E+00-0.197574881E+00-0.198544613E+00-0.199002236E+00-0.199007579E+00
-0.198590532E+00-0.197764193E+00-0.196529497E+00-0.194877150E+00-0.192789957E+00
-0.190246948E+00-0.187225112E+00-0.183695432E+00-0.179617790E+00-0.174937358E+00
-0.169580303E+00-0.163445587E+00-0.156385718E+00-0.148156040E+00-0.140050831E+00
-0.132623208E+00-0.125691497E+00-0.119143801E+00-0.112901488E+00-0.106905244E+00
-0.101108443E+00-0.954732854E-01-0.899682394E-01-0.845662252E-01-0.792432395E-01
-0.739772494E-01-0.687472426E-01-0.635323572E-01-0.583110681E-01-0.530604845E-01
-0.477559692E-01-0.423980466E-01-0.372263631E-01-0.322446360E-01-0.274486442E-01
-0.228355260E-01-0.183741151E-01-0.140714512E-01-0.993606313E-02-0.594685367E-02
-0.212165444E-02 0.151944272E-02 0.498631140E-02 0.824872706E-02 0.113625675E-01
 0.145826423E-01 0.179008915E-01 0.213023742E-01 0.247745540E-01 0.283071759E-01
 0.318918849E-01 0.355218088E-01 0.391911921E-01 0.428951016E-01 0.466291943E-01
 0.503895396E-01 0.541724801E-01 0.579745235E-01 0.617922572E-01 0.656222799E-01
 0.694611468E-01 0.733053249E-01 0.771511567E-01 0.809948313E-01 0.848323605E-01
 0.886595622E-01 0.924720471E-01 0.962652115E-01 0.100034236E+00 0.103774086E+00
 0.107479525E+00 0.111145125E+00 0.114765286E+00 0.118334266E+00 0.121846207E+00
 0.125295180E+00 0.128675222E+00 0.131980385E+00 0.135204792E+00 0.138342688E+00
 0.141388502E+00 0.144336906E+00 0.147182872E+00 0.149921734E+00 0.152549241E+00
 0.155061605E+00 0.157455554E+00 0.159728360E+00 0.161877877E+00 0.163902559E+00
 0.165801473E+00 0.167574299E+00 0.169221329E+00 0.170743442E+00 0.172142088E+00
 0.173419249E+00 0.174577404E+00 0.175619482E+00 0.176548815E+00 0.177369082E+00
 0.178084264E+00 0.178698580E+00-0.119171891E+00-0.123435924E+00-0.127807875E+00
-0.132288711E+00-0.136877177E+00-0.141568870E+00-0.146355287E+00-0.151223070E+00
-0.156153602E+00-0.161123056E+00-0.166102750E+00-0.171059513E+00-0.175955688E+00
-0.180748580E+00-0.185408654E+00-0.189305939E+00-0.191673315E+00-0.192101170E+00
-0.191011836E+00-0.190254094E+00-0.190329172E+00-0.191298406E+00-0.193281974E+00
-0.195746604E+00-0.197432878E+00-0.198463924E+00-0.198929983E+00-0.198889614E+00
-0.198376587E+00-0.197405699E+00-0.195976668E+00-0.194077827E+00-0.191690801E+00
-0.188792358E+00-0.185350380E+00-0.181318123E+00-0.176629087E+00-0.171190554E+00
-0.164874054E+00-0.157503658E+00-0.148849867E+00-0.140331008E+00-0.132596650E+00
-0.125462529E+00-0.118788832E+00-0.112472861E+00-0.106438639E+00-0.100628592E+00
-0.949977495E-01-0.895098356E-01-0.841345746E-01-0.788457759E-01-0.736198881E-01
-0.684348332E-01-0.632689969E-01-0.581003202E-01-0.529055328E-01-0.476597241E-01
-0.423627373E-01-0.372554393E-01-0.323399981E-01-0.276126836E-01-0.230713181E-01
-0.186835226E-01-0.144569151E-01-0.104007967E-01-0.649286232E-02-0.275155525E-02
 0.802203746E-03 0.417950732E-02 0.734948275E-02 0.103670198E-01 0.134881474E-01
 0.167041550E-01 0.200000034E-01 0.233630694E-01 0.267830196E-01 0.302514272E-01
 0.337613547E-01 0.373069902E-01 0.408833537E-01 0.444860685E-01 0.481111850E-01
 0.517550447E-01 0.554141747E-01 0.590852053E-01 0.627648049E-01 0.664496281E-01
 0.701362749E-01 0.738212577E-01 0.775009753E-01 0.811716937E-01 0.848295309E-01
 0.884704478E-01 0.920902432E-01 0.956845539E-01 0.992488582E-01 0.102778486E+00
 0.106268630E+00 0.109714366E+00 0.113110677E+00 0.116452474E+00 0.119734634E+00
 0.122952032E+00 0.126099580E+00 0.129172269E+00 0.132165213E+00 0.135073697E+00
 0.137893216E+00 0.140619530E+00 0.143248700E+00 0.145777139E+00 0.148201639E+00
 0.150519417E+00 0.152728137E+00 0.154825933E+00 0.156811430E+00 0.158683749E+00
 0.160442515E+00 0.162087845E+00 0.163620346E+00 0.165041088E+00 0.166351588E+00
 0.167553777E+00 0.168649969E+00 0.169642825E+00 0.170535309E+00 0.171330656E+00
 0.172032322E+00
 0.117725418E+01 0.118259555E+01 0.118765279E+01 0.119391077E+01 0.120039193E+01
 0.120701238E+01 0.121523357E+01 0.122144521E+01 0.122838823E+01 0.123501088E+01
 0.124201870E+01 0.124849003E+01 0.125588591E+01 0.126256426E+01 0.126972596E+01
 0.127667563E+01 0.128411471E+01 0.129133671E+01 0.129854214E+01 0.130580134E+01
 0.131335593E+01 0.132088744E+01 0.132842885E+01 0.133608290E+01 0.134375344E+01
 0.135153311E+01 0.135959428E+01 0.136748151E+01 0.137553935E+01 0.138357264E+01
 0.139184176E+01 0.140024789E+01 0.140868727E+01 0.141711007E+01 0.142574919E+01
 0.143442144E+01 0.144325063E+01 0.145223323E+01 0.146129324E+01 0.147041951E+01
 0.147968142E+01 0.148901845E+01 0.149857148E+01 0.150827749E+01 0.151804092E+01
 0.152793321E+01 0.153795376E+01 0.154814851E+01 0.155847690E+01 0.156898623E+01
 0.157963909E+01 0.159043633E+01 0.160139702E+01 0.161250284E+01 0.162378298E+01
 0.163527841E+01 0.164696151E+01 0.165883134E+01 0.167088379E+01 0.168309626E+01
 0.169554045E+01 0.170819757E+01 0.172111222E+01 0.173424472E+01 0.174759152E+01
 0.176117263E+01 0.177500360E+01 0.178910745E+01 0.180346332E+01 0.181812200E+01
 0.183307451E+01 0.184829343E+01 0.186382878E+01 0.187968986E+01 0.189587545E+01
 0.191239378E+01 0.192930727E+01 0.194657231E+01 0.196420494E+01 0.198226794E+01
 0.200075038E+01 0.201962620E+01 0.203900745E+01 0.205885561E+01 0.207918290E+01
 0.210004150E+01 0.212147217E+01 0.214341633E+01 0.216597809E+01 0.218919599E+01
 0.221305138E+01 0.223759490E+01 0.226293962E+01 0.228898168E+01 0.231585466E+01
 0.234361697E+01 0.237227720E+01 0.240191729E+01 0.243269099E+01 0.246446634E+01
 0.249745109E+01 0.253171074E+01 0.256726903E+01 0.260444451E+01 0.264319022E+01
 0.268355178E+01 0.272589803E+01 0.277020833E+01 0.281685570E+01 0.286618957E+01
 0.291809433E+01 0.297332573E+01 0.303184946E+01 0.309467429E+01 0.316217574E+01
 0.323456888E+01 0.331329160E+01 0.339909292E+01 0.349428415E+01 0.359933876E+01
 0.371790140E+01 0.385374147E+01 0.401211151E+01 0.420140991E+01 0.443468879E+01
 0.473780316E+01 0.516343416E+01 0.590233596E+01 0.102648338E+02
   85    6
 0.125908650E+01 0.000000000E+00 0.126046507E+01 0.750000000E-01 0.126454080E+01
 0.150000000E+00 0.126858446E+01 0.200000000E+00 0.127677025E+01 0.275000000E+00
 0.128332695E+01 0.325000000E+00 0.129156250E+01 0.380016754E+00 0.130327715E+01
 0.450000000E+00 0.131235922E+01 0.500000000E+00 0.132197816E+01 0.550000000E+00
 0.133202661E+01 0.600000000E+00 0.134468750E+01 0.661779859E+00 0.135928928E+01
 0.727955940E+00 0.139781250E+01 0.721119924E+00 0.143765625E+01 0.712221599E+00
 0.147750000E+01 0.701377515E+00 0.150406250E+01 0.693750663E+00 0.154390625E+01
 0.680631381E+00 0.157046875E+01 0.670806734E+00 0.161031250E+01 0.654757652E+00
 0.163687500E+01 0.643011989E+00 0.167393903E+01 0.625000000E+00 0.170328125E+01
 0.610038311E+00 0.172984375E+01 0.595151817E+00 0.176334039E+01 0.575000000E+00
 0.179625000E+01 0.553959638E+00 0.182281250E+01 0.535624963E+00 0.184937500E+01
 0.515966350E+00 0.187593750E+01 0.494900483E+00 0.190250000E+01 0.472330931E+00
 0.192906250E+01 0.448070587E+00 0.195562500E+01 0.421828855E+00 0.198218750E+01
 0.393172592E+00 0.200875000E+01 0.361431669E+00 0.203531250E+01 0.325807356E+00
 0.205244569E+01 0.300000000E+00 0.207515625E+01 0.261121891E+00 0.209334297E+01
 0.225000000E+00 0.211363125E+01 0.175000000E+00 0.212828125E+01 0.127421641E+00
 0.213895483E+01 0.750000000E-01 0.214411018E+01 0.250000000E-01 0.214213015E+01
-0.500000000E-01 0.213445923E+01-0.100000000E+00 0.212175076E+01-0.150000000E+00
 0.210397994E+01-0.200000000E+00 0.208843750E+01-0.234711652E+00 0.206728672E+01
-0.275000000E+00 0.204859375E+01-0.305724058E+00 0.202203125E+01-0.343972937E+00
 0.199780861E+01-0.375000000E+00 0.197620993E+01-0.400000000E+00 0.195279460E+01
-0.425000000E+00 0.192747081E+01-0.450000000E+00 0.190010555E+01-0.475000000E+00
 0.187053585E+01-0.500000000E+00 0.183856997E+01-0.525000000E+00 0.180953125E+01
-0.546023807E+00 0.178296875E+01-0.564087687E+00 0.175640625E+01-0.580973906E+00
 0.172400604E+01-0.600000000E+00 0.169000000E+01-0.618913126E+00 0.166343750E+01
-0.632560361E+00 0.162584608E+01-0.650000000E+00 0.159703125E+01-0.662704929E+00
 0.156489822E+01-0.675000000E+00 0.153062500E+01-0.687668680E+00 0.149078125E+01
-0.699855718E+00 0.146421875E+01-0.707660014E+00 0.142437500E+01-0.717468665E+00
 0.137903565E+01-0.727154591E+00 0.136025880E+01-0.731738863E+00 0.134950240E+01
-0.675000000E+00 0.133811902E+01-0.625000000E+00 0.132752622E+01-0.575000000E+00
 0.131751166E+01-0.525000000E+00 0.130484375E+01-0.457913099E+00 0.129492169E+01
-0.400000000E+00 0.128709589E+01-0.350000000E+00 0.127828125E+01-0.286457163E+00
 0.127112000E+01-0.225000000E+00 0.126500000E+01-0.155567031E+00 0.126156378E+01
-0.100000000E+00 0.125924532E+01-0.250000000E-01 0.125908650E+01 0.000000000E+00
 0.219119676E+01 0.782235570E+00 0.120880324E+01 0.782235570E+00 0.120880324E+01
-0.782235570E+00 0.219119676E+01-0.782235570E+00 0.219119676E+01 0.782235570E+00
 0.219119676E+01 0.782235570E+00
    0 0.170000005E+01    0
 0.000000000E+00 0.665266379E-01 0.943587461E-01 0.115795729E+00 0.133950527E+00
 0.150014272E+00 0.163774193E+00 0.177197430E+00 0.189885212E+00 0.201876064E+00
 0.213117992E+00 0.223930669E+00 0.234370991E+00 0.244329119E+00 0.253953481E+00
 0.263280141E+00 0.272392250E+00 0.281253642E+00 0.289809127E+00 0.298206129E+00
 0.306457343E+00 0.314541955E+00 0.322425571E+00 0.330156732E+00 0.337773184E+00
 0.345273585E+00 0.352679585E+00 0.359944131E+00 0.367082995E+00 0.374158385E+00
 0.381137400E+00 0.388037344E+00 0.394868603E+00 0.401608291E+00 0.408256601E+00
 0.414854304E+00 0.421389887E+00 0.427883993E+00 0.434313659E+00 0.440668426E+00
 0.446969418E+00 0.453236925E+00 0.459451954E+00 0.465635878E+00 0.471788498E+00
 0.477870581E+00 0.483914442E+00 0.489932867E+00 0.495925461E+00 0.501881538E+00
 0.507819199E+00 0.513711081E+00 0.519570255E+00 0.525415939E+00 0.531236502E+00
 0.537025493E+00 0.542810009E+00 0.548576420E+00 0.554301135E+00 0.560016163E+00
 0.565721716E+00 0.571411347E+00 0.577080512E+00 0.582749846E+00 0.588400014E+00
 0.594029063E+00 0.599665775E+00 0.605283562E+00 0.610890323E+00 0.616499885E+00
 0.622111210E+00 0.627703068E+00 0.633294228E+00 0.638891173E+00 0.644477810E+00
 0.650064055E+00 0.655661622E+00 0.661256097E+00 0.666842015E+00 0.672448937E+00
 0.678057246E+00 0.683658450E+00 0.689280092E+00 0.694909049E+00 0.700539631E+00
 0.706185054E+00 0.711851560E+00 0.717514441E+00 0.723198427E+00 0.728900507E+00
 0.734615413E+00 0.740345281E+00 0.746110777E+00 0.751880693E+00 0.757675138E+00
 0.763497836E+00 0.769342596E+00 0.775212879E+00 0.781128971E+00 0.787058717E+00
 0.793025483E+00 0.799029457E+00 0.805060248E+00 0.811150033E+00 0.817280780E+00
 0.823444084E+00 0.829667142E+00 0.835931463E+00 0.842254272E+00 0.848656626E+00
 0.855099966E+00 0.861628853E+00 0.868212794E+00 0.874898462E+00 0.881678858E+00
 0.888534048E+00 0.895508219E+00 0.902591287E+00 0.909840995E+00 0.917206345E+00
 0.924746923E+00 0.932497646E+00 0.940480003E+00 0.948738581E+00 0.957341420E+00
 0.966396174E+00 0.976034363E+00 0.986709151E+00 0.100000000E+01
    0
 &OUT1
 ISHOT =            1
 ITIME =            1
 BETAP0 =   0.5000000000000000     
 RZERO =    1.700000000000000     
 QENP =   0.9499999880790710     
 ENP =    1.000000000000000     
 EMP =    1.000000000000000     
 PLASMA =    627927.2358394897     
 EXPMP2 =   0.3009239874836026        0.3039586983122692      
   0.2894809716135661       -0.1030976578700436       -0.1635968616891655      
  -0.1536817021156728       -0.1388207114687432       -3.1771384931556020E-002 
   0.1170235171524539        0.2171833786691133        0.3123732223916408      
   0.2280489693507242        0.2033261749451572        0.1813407292560717      
   0.1714821530101233        0.3047124262557012        0.2912670629451465      
  -9.9449392752095286E-002  -0.1619246081570646       -0.1522578260892746      
  -0.1327933306188449       -5.6659313804794921E-002  -1.8783081021473136E-002 
   0.1407632465322219        0.2781494128654821        0.3093291267479041      
   0.2312580592230722        0.2067431548645014        0.1804799380654270      
  -0.1459335223344093       -8.4441362188210314E-002  -1.9504442982261481E-002 
   0.1172015979597987        0.1448517101137663        0.2343776005909336      
   0.2882698767217158        0.2228747700619385        0.1989573268977883      
   0.1814397007870399        0.1696863514456223        0.1815180950475888      
   0.2041386071540904        0.2306887792967990        0.2947528378556240      
   0.2732172317795585        0.1413482779015109       -1.8628294014260190E-002 
  -5.1523269419924689E-002  -0.1307504186455973       -0.1514723684067770      
  -0.1598804822377025       -9.3186693687426755E-002   0.2896521671245199      
   0.3043649263119871        0.3005585283212894        0.3035692127993015      
   0.2906417969951718       -9.0364754386581272E-002  -0.1600569737525505      
  -0.1594926982675549        8.7895738160356229E-002   0.1008808882562781      
   2.6492658763478283E-002   3.3456910669873177E-002  -0.1637436494754925      
  -0.1449162681667878       -0.1930971571346384       -0.2287250712927311      
  -0.1788773083828731       -0.1136682483166393       -0.1314466242831797      
   5.2312350156532662E-002  -0.1254746833162974       -3.7620798892551904E-002 
  -2.0481559811393244E-002  -1.0615930019854707E-002
 COILS =  -4.0787867252716187E-002  -2.1857956958639031E-002 
   0.1121716307241519        0.1765082693552955        0.1944141587340233      
  -0.1487261194826156       -0.3143302288233181        0.1857247103196271      
   1.5862298439685084E-002  -4.0981766265078476E-002  -2.1548200730641121E-002 
   0.1131198704474497        0.1746562913863568        0.1909165427038307      
  -0.1498244178422977       -0.3159973417274496        0.1821771055704727      
   2.3997847427033654E-002  -3.1774099001858423E-002  -2.7529453747847276E-002 
   4.8834900461057214E-002   0.1470711458991683        0.1729528474205305      
   0.1832915964055277        1.4172026251910792E-002  -0.2565869582660482      
  -0.2459155715489586       -0.1837579564470548       -0.1480882966503655      
  -2.7466589189637652E-002   4.7366780662795524E-002   0.1457315103417115      
   0.1707739813751696        0.1787997619701712       -3.1167747379003009E-002 
  -0.2571941019417674       -0.2409921133199330       -0.1853710284439740      
  -0.1487907321130109        0.1242442808860845        5.9833935490656888E-002 
   0.1033068160162821        4.7149010272676761E-002  -1.0664965764375067E-002
 BTOR =    2.000000000000000     
 RCENTR =    1.700000000000000     
 BRSP =   -132477.1910400391        -208909.7249145508      
    174717.5109863281         251337.3843383789         192410.7821655273      
   -77654.45462036133        -320831.1609039307         168126.5654907227      
   -20565.84783935547        -133899.3289184570        -208143.5341796875      
    181750.3680419922         245693.4223632813         183418.4957275391      
   -77753.07778167725        -325365.9482040405         160788.8017578125      
   -7394.087219238281         0.000000000000000         0.000000000000000      
    0.000000000000000         0.000000000000000         0.000000000000000      
    0.000000000000000         0.000000000000000         0.000000000000000      
    0.000000000000000         0.000000000000000         0.000000000000000      
    0.000000000000000         0.000000000000000         0.000000000000000      
    0.000000000000000         0.000000000000000         0.000000000000000      
    0.000000000000000         0.000000000000000         0.000000000000000      
    0.000000000000000         0.000000000000000         0.000000000000000      
    0.000000000000000         0.000000000000000         0.000000000000000      
    0.000000000000000         0.000000000000000         0.000000000000000      
    0.000000000000000         0.000000000000000         0.000000000000000      
    0.000000000000000         0.000000000000000         0.000000000000000      
    0.000000000000000         0.000000000000000         0.000000000000000      
    0.000000000000000         0.000000000000000         0.000000000000000      
    0.000000000000000         0.000000000000000         0.000000000000000      
    0.000000000000000         0.000000000000000         0.000000000000000      
    0.000000000000000         0.000000000000000         0.000000000000000      
    0.000000000000000         0.000000000000000         0.000000000000000      
    0.000000000000000         0.000000000000000         0.000000000000000      
    0.000000000000000         0.000000000000000         0.000000000000000      
    0.000000000000000         0.000000000000000         0.000000000000000      
    0.000000000000000         0.000000000000000         0.000000000000000      
    0.000000000000000         0.000000000000000         0.000000000000000      
    0.000000000000000         0.000000000000000         0.000000000000000      
    0.000000000000000         0.000000000000000         0.000000000000000      
    0.000000000000000         0.000000000000000         0.000000000000000      
    0.000000000000000         0.000000000000000         0.000000000000000      
    0.000000000000000         0.000000000000000         0.000000000000000      
    0.000000000000000         0.000000000000000         0.000000000000000      
    0.000000000000000         0.000000000000000         0.000000000000000      
    0.000000000000000         0.000000000000000         0.000000000000000      
    0.000000000000000         0.000000000000000         0.000000000000000      
    0.000000000000000         0.000000000000000         0.000000000000000      
    0.000000000000000         0.000000000000000         0.000000000000000      
    0.000000000000000         0.000000000000000         0.000000000000000      
    0.000000000000000         0.000000000000000         0.000000000000000      
    0.000000000000000         0.000000000000000         0.000000000000000      
    0.000000000000000         0.000000000000000         0.000000000000000      
    0.000000000000000         0.000000000000000         0.000000000000000      
    0.000000000000000         0.000000000000000         0.000000000000000      
    0.000000000000000         0.000000000000000         0.000000000000000      
    0.000000000000000         0.000000000000000         0.000000000000000      
    0.000000000000000         0.000000000000000         0.000000000000000      
    0.000000000000000         0.000000000000000         0.000000000000000      
    0.000000000000000         0.000000000000000         0.000000000000000      
    0.000000000000000         0.000000000000000         0.000000000000000      
    0.000000000000000         0.000000000000000         0.000000000000000      
    0.000000000000000         0.000000000000000         0.000000000000000      
    0.000000000000000         0.000000000000000         0.000000000000000      
    0.000000000000000         0.000000000000000         0.000000000000000      
    0.000000000000000         0.000000000000000         0.000000000000000      
    0.000000000000000         0.000000000000000         0.000000000000000      
    0.000000000000000         0.000000000000000         0.000000000000000      
    0.000000000000000         0.000000000000000         0.000000000000000      
    0.000000000000000         0.000000000000000         0.000000000000000      
    0.000000000000000         0.000000000000000         0.000000000000000      
    0.000000000000000         0.000000000000000         0.000000000000000      
    0.000000000000000         0.000000000000000         0.000000000000000      
    0.000000000000000         0.000000000000000         0.000000000000000      
    0.000000000000000         0.000000000000000         0.000000000000000      
    0.000000000000000         0.000000000000000         0.000000000000000      
    0.000000000000000         0.000000000000000         0.000000000000000      
    0.000000000000000         0.000000000000000         0.000000000000000      
    0.000000000000000         0.000000000000000         0.000000000000000      
    0.000000000000000         0.000000000000000         0.000000000000000      
    0.000000000000000         0.000000000000000         0.000000000000000      
    0.000000000000000         0.000000000000000         0.000000000000000      
    0.000000000000000         0.000000000000000         0.000000000000000      
    0.000000000000000         0.000000000000000         0.000000000000000      
    0.000000000000000         0.000000000000000         0.000000000000000      
    0.000000000000000         0.000000000000000         0.000000000000000      
    0.000000000000000         0.000000000000000         0.000000000000000      
    0.000000000000000         0.000000000000000         0.000000000000000      
    0.000000000000000         0.000000000000000         0.000000000000000      
    0.000000000000000         0.000000000000000         0.000000000000000      
    0.000000000000000         0.000000000000000         0.000000000000000      
    0.000000000000000         0.000000000000000         0.000000000000000      
    0.000000000000000         0.000000000000000         0.000000000000000      
    0.000000000000000         0.000000000000000         0.000000000000000      
    0.000000000000000         0.000000000000000         0.000000000000000      
    0.000000000000000         0.000000000000000         0.000000000000000      
    0.000000000000000         0.000000000000000         0.000000000000000      
    0.000000000000000         0.000000000000000         0.000000000000000      
    0.000000000000000         0.000000000000000         0.000000000000000      
    0.000000000000000         0.000000000000000         0.000000000000000      
    0.000000000000000         0.000000000000000         0.000000000000000      
    0.000000000000000         0.000000000000000         0.000000000000000      
    0.000000000000000         0.000000000000000         0.000000000000000      
    0.000000000000000         0.000000000000000         0.000000000000000      
    0.000000000000000         0.000000000000000         0.000000000000000      
    0.000000000000000         0.000000000000000         0.000000000000000      
    0.000000000000000         0.000000000000000         0.000000000000000      
    0.000000000000000         0.000000000000000         0.000000000000000      
    0.000000000000000         0.000000000000000         0.000000000000000      
    0.000000000000000         0.000000000000000         0.000000000000000      
    0.000000000000000         0.000000000000000         0.000000000000000      
    0.000000000000000         0.000000000000000         0.000000000000000      
    0.000000000000000         0.000000000000000         0.000000000000000      
    0.000000000000000         0.000000000000000         0.000000000000000      
    0.000000000000000         0.000000000000000         0.000000000000000      
    0.000000000000000         0.000000000000000         0.000000000000000      
    0.000000000000000         0.000000000000000         0.000000000000000      
    0.000000000000000         0.000000000000000         0.000000000000000      
    0.000000000000000         0.000000000000000         0.000000000000000      
    0.000000000000000         0.000000000000000         0.000000000000000      
    0.000000000000000         0.000000000000000         0.000000000000000      
    0.000000000000000         0.000000000000000         0.000000000000000      
    0.000000000000000         0.000000000000000         0.000000000000000      
    0.000000000000000         0.000000000000000         0.000000000000000      
    0.000000000000000         0.000000000000000         0.000000000000000      
    0.000000000000000         0.000000000000000         0.000000000000000      
    0.000000000000000         0.000000000000000         0.000000000000000      
    0.000000000000000         0.000000000000000         0.000000000000000      
    0.000000000000000         0.000000000000000         0.000000000000000      
    0.000000000000000         0.000000000000000         0.000000000000000      
    0.000000000000000         0.000000000000000         0.000000000000000      
    0.000000000000000         0.000000000000000         0.000000000000000      
    0.000000000000000         0.000000000000000         0.000000000000000      
    0.000000000000000         0.000000000000000         0.000000000000000      
    0.000000000000000         0.000000000000000         0.000000000000000      
    0.000000000000000         0.000000000000000         0.000000000000000      
    0.000000000000000         0.000000000000000         0.000000000000000      
    0.000000000000000         0.000000000000000         0.000000000000000      
    0.000000000000000         0.000000000000000         0.000000000000000      
    0.000000000000000         0.000000000000000         0.000000000000000      
    0.000000000000000         0.000000000000000         0.000000000000000      
    0.000000000000000         0.000000000000000         0.000000000000000      
    0.000000000000000         0.000000000000000         0.000000000000000      
    0.000000000000000         0.000000000000000         0.000000000000000      
    0.000000000000000         0.000000000000000         0.000000000000000      
    0.000000000000000         0.000000000000000         0.000000000000000      
    0.000000000000000         0.000000000000000         0.000000000000000      
    0.000000000000000         0.000000000000000         0.000000000000000      
    0.000000000000000         0.000000000000000         0.000000000000000      
    0.000000000000000         0.000000000000000         0.000000000000000      
    0.000000000000000         0.000000000000000         0.000000000000000      
    0.000000000000000         0.000000000000000         0.000000000000000      
    0.000000000000000         0.000000000000000         0.000000000000000      
    0.000000000000000         0.000000000000000         0.000000000000000      
    0.000000000000000         0.000000000000000         0.000000000000000      
    0.000000000000000         0.000000000000000         0.000000000000000      
    0.000000000000000         0.000000000000000         0.000000000000000      
    0.000000000000000         0.000000000000000         0.000000000000000      
    0.000000000000000         0.000000000000000         0.000000000000000      
    0.000000000000000         0.000000000000000         0.000000000000000      
    0.000000000000000         0.000000000000000         0.000000000000000      
    0.000000000000000         0.000000000000000         0.000000000000000      
    0.000000000000000         0.000000000000000         0.000000000000000      
    0.000000000000000         0.000000000000000         0.000000000000000      
    0.000000000000000         0.000000000000000         0.000000000000000      
    0.000000000000000         0.000000000000000         0.000000000000000      
    0.000000000000000         0.000000000000000         0.000000000000000      
    0.000000000000000         0.000000000000000         0.000000000000000      
    0.000000000000000         0.000000000000000         0.000000000000000      
    0.000000000000000         0.000000000000000         0.000000000000000      
    0.000000000000000         0.000000000000000         0.000000000000000      
    0.000000000000000         0.000000000000000         0.000000000000000      
    0.000000000000000         0.000000000000000         0.000000000000000      
    0.000000000000000         0.000000000000000         0.000000000000000      
    0.000000000000000         0.000000000000000         0.000000000000000      
    0.000000000000000         0.000000000000000         0.000000000000000      
    0.000000000000000         0.000000000000000         0.000000000000000      
    0.000000000000000         0.000000000000000         0.000000000000000      
    0.000000000000000         0.000000000000000         0.000000000000000      
    0.000000000000000         0.000000000000000         0.000000000000000      
    0.000000000000000         0.000000000000000         0.000000000000000      
    0.000000000000000         0.000000000000000         0.000000000000000      
    0.000000000000000         0.000000000000000         0.000000000000000      
    0.000000000000000         0.000000000000000         0.000000000000000      
    0.000000000000000         0.000000000000000         0.000000000000000      
    0.000000000000000         0.000000000000000         0.000000000000000      
    0.000000000000000         0.000000000000000         0.000000000000000      
    0.000000000000000         0.000000000000000         0.000000000000000      
    0.000000000000000         0.000000000000000         0.000000000000000      
    0.000000000000000         0.000000000000000         0.000000000000000      
    0.000000000000000         0.000000000000000         0.000000000000000      
    0.000000000000000         0.000000000000000         0.000000000000000      
    0.000000000000000         0.000000000000000         0.000000000000000      
    0.000000000000000         0.000000000000000         0.000000000000000      
    0.000000000000000         0.000000000000000         0.000000000000000      
    0.000000000000000         0.000000000000000         0.000000000000000      
    0.000000000000000         0.000000000000000         0.000000000000000      
    0.000000000000000         0.000000000000000         0.000000000000000      
    0.000000000000000         0.000000000000000         0.000000000000000      
    0.000000000000000         0.000000000000000         0.000000000000000      
    0.000000000000000         0.000000000000000         0.000000000000000      
    0.000000000000000         0.000000000000000         0.000000000000000      
    0.000000000000000         0.000000000000000         0.000000000000000      
    0.000000000000000         0.000000000000000         0.000000000000000      
    0.000000000000000         0.000000000000000         0.000000000000000      
    0.000000000000000         0.000000000000000         0.000000000000000      
    0.000000000000000         0.000000000000000         0.000000000000000      
    0.000000000000000         0.000000000000000         0.000000000000000      
    0.000000000000000         0.000000000000000         0.000000000000000      
    0.000000000000000         0.000000000000000         0.000000000000000      
    0.000000000000000         0.000000000000000         0.000000000000000      
    0.000000000000000         0.000000000000000         0.000000000000000      
    0.000000000000000         0.000000000000000         0.000000000000000     
 ICURRT =            2
 RBDRY =    1.259086501403793         1.260465074730414      
    1.264540797596165         1.268584461939703         1.276770252805725      
    1.283326954562334         1.291562500000000         1.303277149608891      
    1.312359218715981         1.321978156320632         1.332026609901290      
    1.344687500000000         1.359289280547185         1.397812500000000      
    1.437656250000000         1.477500000000000         1.504062500000000      
    1.543906250000000         1.570468750000000         1.610312500000000      
    1.636875000000000         1.673939030484297         1.703281250000000      
    1.729843750000000         1.763340394336563         1.796250000000000      
    1.822812500000000         1.849375000000000         1.875937500000000      
    1.902500000000000         1.929062500000000         1.955625000000000      
    1.982187500000000         2.008750000000000         2.035312500000000      
    2.052445692864624         2.075156250000000         2.093342971745425      
    2.113631251814585         2.128281250000000         2.138954828347546      
    2.144110178941205         2.142130151336241         2.134459233306076      
    2.121750759684434         2.103979935162399         2.088437500000000      
    2.067286715427880         2.048593750000000         2.022031250000000      
    1.997808608089704         1.976209929705667         1.952794599165306      
    1.927470811017668         1.900105548295001         1.870535845258197      
    1.838569971321408         1.809531250000000         1.782968750000000      
    1.756406250000000         1.724006039545227         1.690000000000000      
    1.663437500000000         1.625846078725436         1.597031250000000      
    1.564898224070070         1.530625000000000         1.490781250000000      
    1.464218750000000         1.424375000000000         1.379035649630791      
    1.360258799261582         1.349502398666453         1.338119015172068      
    1.327526216314454         1.317511660562848         1.304843750000000      
    1.294921688496756         1.287095894105006         1.278281250000000      
    1.271119998953644         1.265000000000000         1.261563784171529      
    1.259245320027941         1.259086501403793         0.000000000000000      
    0.000000000000000         0.000000000000000         0.000000000000000      
    0.000000000000000         0.000000000000000         0.000000000000000      
    0.000000000000000         0.000000000000000         0.000000000000000      
    0.000000000000000         0.000000000000000         0.000000000000000      
    0.000000000000000         0.000000000000000         0.000000000000000      
    0.000000000000000         0.000000000000000         0.000000000000000      
    0.000000000000000         0.000000000000000         0.000000000000000      
    0.000000000000000         0.000000000000000         0.000000000000000      
    0.000000000000000         0.000000000000000         0.000000000000000      
    0.000000000000000         0.000000000000000         0.000000000000000      
    0.000000000000000         0.000000000000000         0.000000000000000      
    0.000000000000000         0.000000000000000         0.000000000000000      
    0.000000000000000         0.000000000000000         0.000000000000000      
    0.000000000000000         0.000000000000000         0.000000000000000      
    0.000000000000000         0.000000000000000         0.000000000000000      
    0.000000000000000         0.000000000000000         0.000000000000000      
    0.000000000000000         0.000000000000000         0.000000000000000      
    0.000000000000000         0.000000000000000         0.000000000000000      
    0.000000000000000         0.000000000000000         0.000000000000000      
    0.000000000000000         0.000000000000000         0.000000000000000      
    0.000000000000000         0.000000000000000         0.000000000000000      
    0.000000000000000         0.000000000000000         0.000000000000000      
    0.000000000000000         0.000000000000000         0.000000000000000      
    0.000000000000000         0.000000000000000         0.000000000000000      
    0.000000000000000         0.000000000000000         0.000000000000000      
    0.000000000000000         0.000000000000000         0.000000000000000      
    0.000000000000000         0.000000000000000         0.000000000000000      
    0.000000000000000         0.000000000000000         0.000000000000000      
    0.000000000000000         0.000000000000000         0.000000000000000      
    0.000000000000000         0.000000000000000         0.000000000000000      
    0.000000000000000         0.000000000000000         0.000000000000000      
    0.000000000000000         0.000000000000000         0.000000000000000      
    0.000000000000000         0.000000000000000         0.000000000000000      
    0.000000000000000         0.000000000000000         0.000000000000000      
    0.000000000000000         0.000000000000000         0.000000000000000      
    0.000000000000000         0.000000000000000         0.000000000000000      
    0.000000000000000         0.000000000000000         0.000000000000000      
    0.000000000000000         0.000000000000000         0.000000000000000      
    0.000000000000000         0.000000000000000         0.000000000000000      
    0.000000000000000         0.000000000000000         0.000000000000000      
    0.000000000000000         0.000000000000000         0.000000000000000      
    0.000000000000000         0.000000000000000         0.000000000000000      
    0.000000000000000         0.000000000000000         0.000000000000000      
    0.000000000000000         0.000000000000000         0.000000000000000      
    0.000000000000000         0.000000000000000         0.000000000000000      
    0.000000000000000         0.000000000000000         0.000000000000000      
    0.000000000000000         0.000000000000000         0.000000000000000      
    0.000000000000000         0.000000000000000         0.000000000000000      
    0.000000000000000         0.000000000000000         0.000000000000000      
    0.000000000000000         0.000000000000000         0.000000000000000      
    0.000000000000000         0.000000000000000         0.000000000000000      
    0.000000000000000         0.000000000000000         0.000000000000000      
    0.000000000000000         0.000000000000000         0.000000000000000      
    0.000000000000000         0.000000000000000         0.000000000000000      
    0.000000000000000         0.000000000000000         0.000000000000000      
    0.000000000000000         0.000000000000000         0.000000000000000      
    0.000000000000000         0.000000000000000         0.000000000000000      
    0.000000000000000         0.000000000000000         0.000000000000000      
    0.000000000000000         0.000000000000000         0.000000000000000      
    0.000000000000000         0.000000000000000         0.000000000000000      
    0.000000000000000         0.000000000000000         0.000000000000000      
    0.000000000000000         0.000000000000000         0.000000000000000      
    0.000000000000000         0.000000000000000         0.000000000000000      
    0.000000000000000         0.000000000000000         0.000000000000000      
    0.000000000000000         0.000000000000000         0.000000000000000      
    0.000000000000000         0.000000000000000         0.000000000000000      
    0.000000000000000         0.000000000000000         0.000000000000000      
    0.000000000000000         0.000000000000000         0.000000000000000      
    0.000000000000000         0.000000000000000         0.000000000000000      
    0.000000000000000         0.000000000000000         0.000000000000000      
    0.000000000000000         0.000000000000000         0.000000000000000      
    0.000000000000000     
 ZBDRY =    0.000000000000000        7.4999999999999956E-002 
   0.1499999999999999        0.2000000000000000        0.2749999999999999      
   0.3250000000000000        0.3800167544428279        0.4500000000000002      
   0.5000000000000000        0.5499999999999998        0.6000000000000001      
   0.6617798588272465        0.7279559397458650        0.7211199235015218      
   0.7122215993897041        0.7013775146340346        0.6937506627939640      
   0.6806313813975121        0.6708067339083599        0.6547576523310618      
   0.6430119894879193        0.6250000000000000        0.6100383111266018      
   0.5951518169673824        0.5750000000000002        0.5539596377307850      
   0.5356249633357922        0.5159663504339869        0.4949004832840346      
   0.4723309311501695        0.4480705873716209        0.4218288550840164      
   0.3931725918410821        0.3614316691539334        0.3258073559226893      
   0.3000000000000000        0.2611218914632324        0.2250000000000001      
   0.1750000000000000        0.1274216408855570        7.4999999999999956E-002 
   2.4999999999999911E-002  -5.0000000000000044E-002  -0.1000000000000001      
  -0.1499999999999999       -0.2000000000000000       -0.2347116515551615      
  -0.2749999999999999       -0.3057240583310429       -0.3439729370877561      
  -0.3750000000000000       -0.3999999999999999       -0.4250000000000000      
  -0.4500000000000000       -0.4750000000000001       -0.5000000000000000      
  -0.5250000000000001       -0.5460238069538318       -0.5640876868998898      
  -0.5809739057404220       -0.6000000000000001       -0.6189131261137171      
  -0.6325603606278266       -0.6500000000000000       -0.6627049291858444      
  -0.6750000000000000       -0.6876686796354408       -0.6998557183369437      
  -0.7076600135169322       -0.7174686650175187       -0.7271545909203097      
  -0.7317388633490477       -0.6750000000000000       -0.6250000000000000      
  -0.5750000000000000       -0.5250000000000001       -0.4579130991407097      
  -0.3999999999999999       -0.3500000000000001       -0.2864571627436162      
  -0.2250000000000001       -0.1555670311014448       -0.1000000000000001      
  -2.4999999999999911E-002    0.000000000000000         0.000000000000000      
    0.000000000000000         0.000000000000000         0.000000000000000      
    0.000000000000000         0.000000000000000         0.000000000000000      
    0.000000000000000         0.000000000000000         0.000000000000000      
    0.000000000000000         0.000000000000000         0.000000000000000      
    0.000000000000000         0.000000000000000         0.000000000000000      
    0.000000000000000         0.000000000000000         0.000000000000000      
    0.000000000000000         0.000000000000000         0.000000000000000      
    0.000000000000000         0.000000000000000         0.000000000000000      
    0.000000000000000         0.000000000000000         0.000000000000000      
    0.000000000000000         0.000000000000000         0.000000000000000      
    0.000000000000000         0.000000000000000         0.000000000000000      
    0.000000000000000         0.000000000000000         0.000000000000000      
    0.000000000000000         0.000000000000000         0.000000000000000      
    0.000000000000000         0.000000000000000         0.000000000000000      
    0.000000000000000         0.000000000000000         0.000000000000000      
    0.000000000000000         0.000000000000000         0.000000000000000      
    0.000000000000000         0.000000000000000         0.000000000000000      
    0.000000000000000         0.000000000000000         0.000000000000000      
    0.000000000000000         0.000000000000000         0.000000000000000      
    0.000000000000000         0.000000000000000         0.000000000000000      
    0.000000000000000         0.000000000000000         0.000000000000000      
    0.000000000000000         0.000000000000000         0.000000000000000      
    0.000000000000000         0.000000000000000         0.000000000000000      
    0.000000000000000         0.000000000000000         0.000000000000000      
    0.000000000000000         0.000000000000000         0.000000000000000      
    0.000000000000000         0.000000000000000         0.000000000000000      
    0.000000000000000         0.000000000000000         0.000000000000000      
    0.000000000000000         0.000000000000000         0.000000000000000      
    0.000000000000000         0.000000000000000         0.000000000000000      
    0.000000000000000         0.000000000000000         0.000000000000000      
    0.000000000000000         0.000000000000000         0.000000000000000      
    0.000000000000000         0.000000000000000         0.000000000000000      
    0.000000000000000         0.000000000000000         0.000000000000000      
    0.000000000000000         0.000000000000000         0.000000000000000      
    0.000000000000000         0.000000000000000         0.000000000000000      
    0.000000000000000         0.000000000000000         0.000000000000000      
    0.000000000000000         0.000000000000000         0.000000000000000      
    0.000000000000000         0.000000000000000         0.000000000000000      
    0.000000000000000         0.000000000000000         0.000000000000000      
    0.000000000000000         0.000000000000000         0.000000000000000      
    0.000000000000000         0.000000000000000         0.000000000000000      
    0.000000000000000         0.000000000000000         0.000000000000000      
    0.000000000000000         0.000000000000000         0.000000000000000      
    0.000000000000000         0.000000000000000         0.000000000000000      
    0.000000000000000         0.000000000000000         0.000000000000000      
    0.000000000000000         0.000000000000000         0.000000000000000      
    0.000000000000000         0.000000000000000         0.000000000000000      
    0.000000000000000         0.000000000000000         0.000000000000000      
    0.000000000000000         0.000000000000000         0.000000000000000      
    0.000000000000000         0.000000000000000         0.000000000000000      
    0.000000000000000         0.000000000000000         0.000000000000000      
    0.000000000000000         0.000000000000000         0.000000000000000      
    0.000000000000000         0.000000000000000         0.000000000000000      
    0.000000000000000         0.000000000000000         0.000000000000000      
    0.000000000000000         0.000000000000000         0.000000000000000      
    0.000000000000000         0.000000000000000         0.000000000000000      
    0.000000000000000         0.000000000000000         0.000000000000000      
    0.000000000000000         0.000000000000000         0.000000000000000      
    0.000000000000000         0.000000000000000         0.000000000000000      
    0.000000000000000         0.000000000000000         0.000000000000000      
    0.000000000000000         0.000000000000000         0.000000000000000      
    0.000000000000000         0.000000000000000         0.000000000000000      
    0.000000000000000         0.000000000000000         0.000000000000000      
    0.000000000000000         0.000000000000000         0.000000000000000      
    0.000000000000000         0.000000000000000         0.000000000000000      
    0.000000000000000         0.000000000000000         0.000000000000000      
    0.000000000000000         0.000000000000000         0.000000000000000      
    0.000000000000000         0.000000000000000         0.000000000000000      
    0.000000000000000         0.000000000000000         0.000000000000000      
    0.000000000000000         0.000000000000000         0.000000000000000      
    0.000000000000000         0.000000000000000         0.000000000000000      
    0.000000000000000     
 NBDRY =           85
 FWTSI =    0.000000000000000         0.000000000000000      
    0.000000000000000         0.000000000000000         0.000000000000000      
    0.000000000000000         0.000000000000000         0.000000000000000      
    0.000000000000000         0.000000000000000         0.000000000000000      
    0.000000000000000         0.000000000000000         0.000000000000000      
    0.000000000000000         0.000000000000000         0.000000000000000      
    0.000000000000000         0.000000000000000         0.000000000000000      
    0.000000000000000         0.000000000000000         0.000000000000000      
    0.000000000000000         0.000000000000000         0.000000000000000      
    0.000000000000000         0.000000000000000         0.000000000000000      
    0.000000000000000         0.000000000000000         0.000000000000000      
    0.000000000000000         0.000000000000000         0.000000000000000      
    0.000000000000000         0.000000000000000         0.000000000000000      
    0.000000000000000         0.000000000000000         0.000000000000000      
    0.000000000000000         0.000000000000000         0.000000000000000     
 FWTCUR =    0.000000000000000     
 MXITER =            1
 NXITER =           51
 LIMITR =            5
 XLIM =    2.191196764027539         1.208803235972460      
    1.208803235972460         2.191196764027539         2.191196764027539      
    2.191196764027539         0.000000000000000         0.000000000000000      
    0.000000000000000         0.000000000000000         0.000000000000000      
    0.000000000000000         0.000000000000000         0.000000000000000      
    0.000000000000000         0.000000000000000         0.000000000000000      
    0.000000000000000         0.000000000000000         0.000000000000000      
    0.000000000000000         0.000000000000000         0.000000000000000      
    0.000000000000000         0.000000000000000         0.000000000000000      
    0.000000000000000         0.000000000000000         0.000000000000000      
    0.000000000000000         0.000000000000000         0.000000000000000      
    0.000000000000000         0.000000000000000         0.000000000000000      
    0.000000000000000         0.000000000000000         0.000000000000000      
    0.000000000000000         0.000000000000000         0.000000000000000      
    0.000000000000000         0.000000000000000         0.000000000000000      
    0.000000000000000         0.000000000000000         0.000000000000000      
    0.000000000000000         0.000000000000000         0.000000000000000      
    0.000000000000000         0.000000000000000         0.000000000000000      
    0.000000000000000         0.000000000000000         0.000000000000000      
    0.000000000000000         0.000000000000000         0.000000000000000      
    0.000000000000000         0.000000000000000         0.000000000000000      
    0.000000000000000         0.000000000000000         0.000000000000000      
    0.000000000000000         0.000000000000000         0.000000000000000      
    0.000000000000000         0.000000000000000         0.000000000000000      
    0.000000000000000         0.000000000000000         0.000000000000000      
    0.000000000000000         0.000000000000000         0.000000000000000      
    0.000000000000000         0.000000000000000         0.000000000000000      
    0.000000000000000         0.000000000000000         0.000000000000000      
    0.000000000000000         0.000000000000000         0.000000000000000      
    0.000000000000000         0.000000000000000         0.000000000000000      
    0.000000000000000         0.000000000000000         0.000000000000000      
    0.000000000000000         0.000000000000000         0.000000000000000      
    0.000000000000000         0.000000000000000         0.000000000000000      
    0.000000000000000         0.000000000000000         0.000000000000000      
    0.000000000000000         0.000000000000000         0.000000000000000      
    0.000000000000000         0.000000000000000         0.000000000000000      
    0.000000000000000         0.000000000000000         0.000000000000000      
    0.000000000000000         0.000000000000000         0.000000000000000      
    0.000000000000000         0.000000000000000         0.000000000000000      
    0.000000000000000         0.000000000000000         0.000000000000000      
    0.000000000000000         0.000000000000000         0.000000000000000      
    0.000000000000000         0.000000000000000         0.000000000000000      
    0.000000000000000         0.000000000000000         0.000000000000000      
    0.000000000000000         0.000000000000000         0.000000000000000      
    0.000000000000000         0.000000000000000         0.000000000000000      
    0.000000000000000         0.000000000000000         0.000000000000000      
    0.000000000000000         0.000000000000000         0.000000000000000      
    0.000000000000000         0.000000000000000         0.000000000000000      
    0.000000000000000         0.000000000000000         0.000000000000000      
    0.000000000000000         0.000000000000000         0.000000000000000      
    0.000000000000000         0.000000000000000         0.000000000000000      
    0.000000000000000         0.000000000000000         0.000000000000000      
    0.000000000000000         0.000000000000000         0.000000000000000      
    0.000000000000000         0.000000000000000     
 YLIM =   0.7822355700033236        0.7822355700033236      
  -0.7822355700033229       -0.7822355700033229        0.7822355700033236      
   0.7822355700033236         0.000000000000000         0.000000000000000      
    0.000000000000000         0.000000000000000         0.000000000000000      
    0.000000000000000         0.000000000000000         0.000000000000000      
    0.000000000000000         0.000000000000000         0.000000000000000      
    0.000000000000000         0.000000000000000         0.000000000000000      
    0.000000000000000         0.000000000000000         0.000000000000000      
    0.000000000000000         0.000000000000000         0.000000000000000      
    0.000000000000000         0.000000000000000         0.000000000000000      
    0.000000000000000         0.000000000000000         0.000000000000000      
    0.000000000000000         0.000000000000000         0.000000000000000      
    0.000000000000000         0.000000000000000         0.000000000000000      
    0.000000000000000         0.000000000000000         0.000000000000000      
    0.000000000000000         0.000000000000000         0.000000000000000      
    0.000000000000000         0.000000000000000         0.000000000000000      
    0.000000000000000         0.000000000000000         0.000000000000000      
    0.000000000000000         0.000000000000000         0.000000000000000      
    0.000000000000000         0.000000000000000         0.000000000000000      
    0.000000000000000         0.000000000000000         0.000000000000000      
    0.000000000000000         0.000000000000000         0.000000000000000      
    0.000000000000000         0.000000000000000         0.000000000000000      
    0.000000000000000         0.000000000000000         0.000000000000000      
    0.000000000000000         0.000000000000000         0.000000000000000      
    0.000000000000000         0.000000000000000         0.000000000000000      
    0.000000000000000         0.000000000000000         0.000000000000000      
    0.000000000000000         0.000000000000000         0.000000000000000      
    0.000000000000000         0.000000000000000         0.000000000000000      
    0.000000000000000         0.000000000000000         0.000000000000000      
    0.000000000000000         0.000000000000000         0.000000000000000      
    0.000000000000000         0.000000000000000         0.000000000000000      
    0.000000000000000         0.000000000000000         0.000000000000000      
    0.000000000000000         0.000000000000000         0.000000000000000      
    0.000000000000000         0.000000000000000         0.000000000000000      
    0.000000000000000         0.000000000000000         0.000000000000000      
    0.000000000000000         0.000000000000000         0.000000000000000      
    0.000000000000000         0.000000000000000         0.000000000000000      
    0.000000000000000         0.000000000000000         0.000000000000000      
    0.000000000000000         0.000000000000000         0.000000000000000      
    0.000000000000000         0.000000000000000         0.000000000000000      
    0.000000000000000         0.000000000000000         0.000000000000000      
    0.000000000000000         0.000000000000000         0.000000000000000      
    0.000000000000000         0.000000000000000         0.000000000000000      
    0.000000000000000         0.000000000000000         0.000000000000000      
    0.000000000000000         0.000000000000000         0.000000000000000      
    0.000000000000000         0.000000000000000         0.000000000000000      
    0.000000000000000         0.000000000000000         0.000000000000000      
    0.000000000000000         0.000000000000000         0.000000000000000      
    0.000000000000000         0.000000000000000         0.000000000000000      
    0.000000000000000         0.000000000000000         0.000000000000000      
    0.000000000000000         0.000000000000000         0.000000000000000      
    0.000000000000000         0.000000000000000         0.000000000000000      
    0.000000000000000         0.000000000000000         0.000000000000000      
    0.000000000000000         0.000000000000000     
 ERROR =   1.0000000000000000E-004
 ICONVR =            3
 IBUNMN =            3
 PRESSR =    0.000000000000000         0.000000000000000      
    0.000000000000000         0.000000000000000         0.000000000000000      
    0.000000000000000         0.000000000000000         0.000000000000000      
    0.000000000000000         0.000000000000000         0.000000000000000      
    0.000000000000000         0.000000000000000         0.000000000000000      
    0.000000000000000         0.000000000000000         0.000000000000000      
    0.000000000000000         0.000000000000000         0.000000000000000      
    0.000000000000000         0.000000000000000         0.000000000000000      
    0.000000000000000         0.000000000000000         0.000000000000000      
    0.000000000000000         0.000000000000000         0.000000000000000      
    0.000000000000000         0.000000000000000         0.000000000000000      
    0.000000000000000         0.000000000000000         0.000000000000000      
    0.000000000000000         0.000000000000000         0.000000000000000      
    0.000000000000000         0.000000000000000         0.000000000000000      
    0.000000000000000         0.000000000000000         0.000000000000000      
    0.000000000000000         0.000000000000000         0.000000000000000      
    0.000000000000000         0.000000000000000         0.000000000000000      
    0.000000000000000         0.000000000000000         0.000000000000000      
    0.000000000000000         0.000000000000000         0.000000000000000      
    0.000000000000000         0.000000000000000         0.000000000000000      
    0.000000000000000         0.000000000000000         0.000000000000000      
    0.000000000000000         0.000000000000000         0.000000000000000      
    0.000000000000000         0.000000000000000         0.000000000000000      
    0.000000000000000         0.000000000000000         0.000000000000000      
    0.000000000000000         0.000000000000000         0.000000000000000      
    0.000000000000000         0.000000000000000         0.000000000000000      
    0.000000000000000         0.000000000000000         0.000000000000000      
    0.000000000000000         0.000000000000000         0.000000000000000      
    0.000000000000000         0.000000000000000         0.000000000000000      
    0.000000000000000         0.000000000000000         0.000000000000000      
    0.000000000000000         0.000000000000000         0.000000000000000      
    0.000000000000000         0.000000000000000         0.000000000000000      
    0.000000000000000         0.000000000000000         0.000000000000000      
    0.000000000000000         0.000000000000000         0.000000000000000      
    0.000000000000000         0.000000000000000         0.000000000000000      
    0.000000000000000         0.000000000000000         0.000000000000000      
    0.000000000000000         0.000000000000000         0.000000000000000      
    0.000000000000000         0.000000000000000         0.000000000000000      
    0.000000000000000         0.000000000000000         0.000000000000000      
    0.000000000000000         0.000000000000000         0.000000000000000      
    0.000000000000000         0.000000000000000         0.000000000000000      
    0.000000000000000         0.000000000000000         0.000000000000000      
    0.000000000000000         0.000000000000000         0.000000000000000      
    0.000000000000000         0.000000000000000         0.000000000000000      
    0.000000000000000         0.000000000000000         0.000000000000000      
    0.000000000000000         0.000000000000000         0.000000000000000      
    0.000000000000000         0.000000000000000         0.000000000000000      
    0.000000000000000         0.000000000000000         0.000000000000000      
    0.000000000000000         0.000000000000000         0.000000000000000      
    0.000000000000000         0.000000000000000         0.000000000000000      
    0.000000000000000         0.000000000000000         0.000000000000000      
    0.000000000000000         0.000000000000000         0.000000000000000      
    0.000000000000000         0.000000000000000         0.000000000000000      
    0.000000000000000         0.000000000000000         0.000000000000000      
    0.000000000000000         0.000000000000000         0.000000000000000      
    0.000000000000000         0.000000000000000         0.000000000000000      
    0.000000000000000         0.000000000000000         0.000000000000000      
    0.000000000000000         0.000000000000000         0.000000000000000      
    0.000000000000000         0.000000000000000         0.000000000000000      
    0.000000000000000         0.000000000000000         0.000000000000000      
    0.000000000000000         0.000000000000000         0.000000000000000      
    0.000000000000000         0.000000000000000         0.000000000000000      
    0.000000000000000         0.000000000000000         0.000000000000000      
    0.000000000000000         0.000000000000000         0.000000000000000      
    0.000000000000000         0.000000000000000         0.000000000000000      
    0.000000000000000         0.000000000000000         0.000000000000000      
    0.000000000000000         0.000000000000000         0.000000000000000      
    0.000000000000000     
 RPRESS =    0.000000000000000         0.000000000000000      
    0.000000000000000         0.000000000000000         0.000000000000000      
    0.000000000000000         0.000000000000000         0.000000000000000      
    0.000000000000000         0.000000000000000         0.000000000000000      
    0.000000000000000         0.000000000000000         0.000000000000000      
    0.000000000000000         0.000000000000000         0.000000000000000      
    0.000000000000000         0.000000000000000         0.000000000000000      
    0.000000000000000         0.000000000000000         0.000000000000000      
    0.000000000000000         0.000000000000000         0.000000000000000      
    0.000000000000000         0.000000000000000         0.000000000000000      
    0.000000000000000         0.000000000000000         0.000000000000000      
    0.000000000000000         0.000000000000000         0.000000000000000      
    0.000000000000000         0.000000000000000         0.000000000000000      
    0.000000000000000         0.000000000000000         0.000000000000000      
    0.000000000000000         0.000000000000000         0.000000000000000      
    0.000000000000000         0.000000000000000         0.000000000000000      
    0.000000000000000         0.000000000000000         0.000000000000000      
    0.000000000000000         0.000000000000000         0.000000000000000      
    0.000000000000000         0.000000000000000         0.000000000000000      
    0.000000000000000         0.000000000000000         0.000000000000000      
    0.000000000000000         0.000000000000000         0.000000000000000      
    0.000000000000000         0.000000000000000         0.000000000000000      
    0.000000000000000         0.000000000000000         0.000000000000000      
    0.000000000000000         0.000000000000000         0.000000000000000      
    0.000000000000000         0.000000000000000         0.000000000000000      
    0.000000000000000         0.000000000000000         0.000000000000000      
    0.000000000000000         0.000000000000000         0.000000000000000      
    0.000000000000000         0.000000000000000         0.000000000000000      
    0.000000000000000         0.000000000000000         0.000000000000000      
    0.000000000000000         0.000000000000000         0.000000000000000      
    0.000000000000000         0.000000000000000         0.000000000000000      
    0.000000000000000         0.000000000000000         0.000000000000000      
    0.000000000000000         0.000000000000000         0.000000000000000      
    0.000000000000000         0.000000000000000         0.000000000000000      
    0.000000000000000         0.000000000000000         0.000000000000000      
    0.000000000000000         0.000000000000000         0.000000000000000      
    0.000000000000000         0.000000000000000         0.000000000000000      
    0.000000000000000         0.000000000000000         0.000000000000000      
    0.000000000000000         0.000000000000000         0.000000000000000      
    0.000000000000000         0.000000000000000         0.000000000000000      
    0.000000000000000         0.000000000000000         0.000000000000000      
    0.000000000000000         0.000000000000000         0.000000000000000      
    0.000000000000000         0.000000000000000         0.000000000000000      
    0.000000000000000         0.000000000000000         0.000000000000000      
    0.000000000000000         0.000000000000000         0.000000000000000      
    0.000000000000000         0.000000000000000         0.000000000000000      
    0.000000000000000         0.000000000000000         0.000000000000000      
    0.000000000000000         0.000000000000000         0.000000000000000      
    0.000000000000000         0.000000000000000         0.000000000000000      
    0.000000000000000         0.000000000000000         0.000000000000000      
    0.000000000000000         0.000000000000000         0.000000000000000      
    0.000000000000000         0.000000000000000         0.000000000000000      
    0.000000000000000         0.000000000000000         0.000000000000000      
    0.000000000000000         0.000000000000000         0.000000000000000      
    0.000000000000000         0.000000000000000         0.000000000000000      
    0.000000000000000         0.000000000000000         0.000000000000000      
    0.000000000000000         0.000000000000000         0.000000000000000      
    0.000000000000000         0.000000000000000         0.000000000000000      
    0.000000000000000         0.000000000000000         0.000000000000000      
    0.000000000000000         0.000000000000000         0.000000000000000      
    0.000000000000000         0.000000000000000         0.000000000000000      
    0.000000000000000         0.000000000000000         0.000000000000000      
    0.000000000000000         0.000000000000000         0.000000000000000      
    0.000000000000000         0.000000000000000         0.000000000000000      
    0.000000000000000         0.000000000000000         0.000000000000000      
    0.000000000000000         0.000000000000000         0.000000000000000      
    0.000000000000000         0.000000000000000         0.000000000000000      
    0.000000000000000     
 QPSI =    1.177254182187537         1.182595554063649      
    1.187652786805690         1.193910774019035         1.200391925972335      
    1.207012379438046         1.215233568378975         1.221445214875677      
    1.228388231829936         1.235010882144065         1.242018695309899      
    1.248490027513693         1.255885906863762         1.262564261678766      
    1.269725962962897         1.276675626323986         1.284114707493165      
    1.291336706754072         1.298542144678169         1.305801337040830      
    1.313355926063098         1.320887438898424         1.328428851285419      
    1.336082899429011         1.343753440707155         1.351533110865884      
    1.359594275610253         1.367481505522101         1.375539351255189      
    1.383572641310897         1.391841758995445         1.400247889032594      
    1.408687270218378         1.417110070623529         1.425749185418321      
    1.434421435406352         1.443250634857325         1.452233234249314      
    1.461293240946373         1.470419512350692         1.479681417111662      
    1.489018454477795         1.498571479492186         1.508277486809724      
    1.518040920569546         1.527933213919037         1.537953762660341      
    1.548148514604775         1.558476898691841         1.568986228219369      
    1.579639085720142         1.590436331036347         1.601397024648720      
    1.612502844130058         1.623782982465714         1.635278409025683      
    1.646961508699882         1.658831343692066         1.670883787530798      
    1.683096255480133         1.695540450017005         1.708197569173232      
    1.721112221590594         1.734244723804067         1.747591524216012      
    1.761172625304077         1.775003604354767         1.789107452738433      
    1.803463322771098         1.818122001410490         1.833074509334775      
    1.848293425571409         1.863828780826486         1.879689855783962      
    1.895875445192938         1.912393778892073         1.929307267766442      
    1.946572308642240         1.964204935518268         1.982267935495596      
    2.000750382787304         2.019626199958176         2.039007454506314      
    2.058855611254013         2.079182901583196         2.100041495648557      
    2.121472166260901         2.143416330006959         2.165978088691662      
    2.189195989231862         2.213051382579523         2.237594900511386      
    2.262939624125877         2.288981676844957         2.315854664882164      
    2.343616971597608         2.372277196846051         2.401917292065553      
    2.432690988415986         2.464466335910038         2.497451087396466      
    2.531710740991234         2.567269027411803         2.604444508554438      
    2.643190215046305         2.683551782593716         2.725898025319883      
    2.770208326357020         2.816855703529192         2.866189567486069      
    2.918094328873595         2.973325727336206         3.031849455316120      
    3.094674285040296         3.162175740952753         3.234568875291419      
    3.313291602911034         3.399092919264020         3.494284147692748      
    3.599338760201403         3.717901400304646         3.853741474711842      
    4.012111508808459         4.201409911172776         4.434688792545063      
    4.737803156812177         5.163434159592485         5.902335957794418      
    10.26483383349023     
 PRESSW =    0.000000000000000         0.000000000000000      
    0.000000000000000         0.000000000000000         0.000000000000000      
    0.000000000000000         0.000000000000000         0.000000000000000      
    0.000000000000000         0.000000000000000         0.000000000000000      
    0.000000000000000         0.000000000000000         0.000000000000000      
    0.000000000000000         0.000000000000000         0.000000000000000      
    0.000000000000000         0.000000000000000         0.000000000000000      
    0.000000000000000         0.000000000000000         0.000000000000000      
    0.000000000000000         0.000000000000000         0.000000000000000      
    0.000000000000000         0.000000000000000         0.000000000000000      
    0.000000000000000         0.000000000000000         0.000000000000000      
    0.000000000000000         0.000000000000000         0.000000000000000      
    0.000000000000000         0.000000000000000         0.000000000000000      
    0.000000000000000         0.000000000000000         0.000000000000000      
    0.000000000000000         0.000000000000000         0.000000000000000      
    0.000000000000000         0.000000000000000         0.000000000000000      
    0.000000000000000         0.000000000000000         0.000000000000000      
    0.000000000000000         0.000000000000000         0.000000000000000      
    0.000000000000000         0.000000000000000         0.000000000000000      
    0.000000000000000         0.000000000000000         0.000000000000000      
    0.000000000000000         0.000000000000000         0.000000000000000      
    0.000000000000000         0.000000000000000         0.000000000000000      
    0.000000000000000         0.000000000000000         0.000000000000000      
    0.000000000000000         0.000000000000000         0.000000000000000      
    0.000000000000000         0.000000000000000         0.000000000000000      
    0.000000000000000         0.000000000000000         0.000000000000000      
    0.000000000000000         0.000000000000000         0.000000000000000      
    0.000000000000000         0.000000000000000         0.000000000000000      
    0.000000000000000         0.000000000000000         0.000000000000000      
    0.000000000000000         0.000000000000000         0.000000000000000      
    0.000000000000000         0.000000000000000         0.000000000000000      
    0.000000000000000         0.000000000000000         0.000000000000000      
    0.000000000000000         0.000000000000000         0.000000000000000      
    0.000000000000000         0.000000000000000         0.000000000000000      
    0.000000000000000         0.000000000000000         0.000000000000000      
    0.000000000000000         0.000000000000000         0.000000000000000      
    0.000000000000000         0.000000000000000         0.000000000000000      
    0.000000000000000         0.000000000000000         0.000000000000000      
    0.000000000000000         0.000000000000000         0.000000000000000      
    0.000000000000000         0.000000000000000         0.000000000000000      
    0.000000000000000         0.000000000000000         0.000000000000000      
    0.000000000000000         0.000000000000000         0.000000000000000      
    0.000000000000000         0.000000000000000         0.000000000000000      
    0.000000000000000     
 PRES =    91770.80374296772         90009.93690218941      
    88286.80372530912         86600.54011764750         84950.28196887630      
    83335.16516366909         81754.32572821221         80206.89911337152      
    78692.02218320778         77208.83027787537         75756.45426684545      
    74334.05565598518         72940.69691720504         71575.63363596989      
    70238.71527460088         68929.17138371177         67645.43256201851      
    66386.20079640635         65150.38097208292         63936.97414519593      
    62745.10363798974         61573.98349833346         60422.90565352819      
    59291.22740307664         58178.36173562104         57083.77223273509      
    56006.96761674066         54947.49462796753         53904.93224202635      
    52878.88956776539         51869.00354718608         50874.93485128393      
    49896.36556274886         48932.99817702623         47984.55236022296      
    47050.76272509765         46131.37953566552         45226.16752347421      
    44334.90311148349         43457.37382861620         42593.37837994735      
    41742.72473491573         40905.22895624021         40080.71598587033      
    39269.01986011614         38469.98183816837         37683.44862064776      
    36909.27263307321         36147.31311863814         35397.43587031651      
    34659.51192486132         33933.41642281417         33219.02860382140      
    32516.23244779954         31824.91675430025         31144.97449557109      
    30476.30201844751         29818.79892580954         29172.36814998445      
    28536.91576398749         27912.35107703024         27298.58674174320      
    26695.53832785508         26103.12380870805         25521.26346782807      
    24949.87989396279         24388.89793141866         23838.24475051359      
    23297.84991109028         22767.64518658136         22247.56427497730      
    21737.54259251048         21237.51718642166         20747.42666813663      
    20267.21110054867         19796.81194474504         19336.17224881348      
    18885.23667362420         18443.95101930351         18012.26176289209      
    17590.11606035514         17177.46177283693         16774.24712699018      
    16380.42031171724         15995.92926645921         15620.72178110493      
    15254.74513560126         14897.94483954123         14550.26345490324      
    14211.64030964753         13882.01075504151         13561.30441422640      
    13249.44365500201         12946.34199929070         12651.90143295966      
    12366.00856268072         12088.53010486223         11819.30770881753      
    11558.15202577726         11304.83580686218         11059.08418927267      
    10820.56084332129         10588.85170041011         10363.44849223699      
    10143.73085098586         9928.943031644058         9718.165192023615      
    9510.286305384219         9303.980495268263         9097.683642884698      
    8889.575309861119         8677.573218826343         8459.334423914730      
    8232.261367765206         7993.506996924567         7739.965493511956      
    7468.258455777087         7174.725267407790         6855.476249603576      
    6506.666962942963         6125.174783927734         5709.793903254048      
    5263.041589631890         4792.562961858182         4311.799761080880      
    3840.639990398930         3397.156901109726         2991.286213679610      
    2631.384180248714     
 NQPSI =          129
 NPRESS =            0
 SIGPRE =    0.000000000000000         0.000000000000000      
    0.000000000000000         0.000000000000000         0.000000000000000      
    0.000000000000000         0.000000000000000         0.000000000000000      
    0.000000000000000         0.000000000000000         0.000000000000000      
    0.000000000000000         0.000000000000000         0.000000000000000      
    0.000000000000000         0.000000000000000         0.000000000000000      
    0.000000000000000         0.000000000000000         0.000000000000000      
    0.000000000000000         0.000000000000000         0.000000000000000      
    0.000000000000000         0.000000000000000         0.000000000000000      
    0.000000000000000         0.000000000000000         0.000000000000000      
    0.000000000000000         0.000000000000000         0.000000000000000      
    0.000000000000000         0.000000000000000         0.000000000000000      
    0.000000000000000         0.000000000000000         0.000000000000000      
    0.000000000000000         0.000000000000000         0.000000000000000      
    0.000000000000000         0.000000000000000         0.000000000000000      
    0.000000000000000         0.000000000000000         0.000000000000000      
    0.000000000000000         0.000000000000000         0.000000000000000      
    0.000000000000000         0.000000000000000         0.000000000000000      
    0.000000000000000         0.000000000000000         0.000000000000000      
    0.000000000000000         0.000000000000000         0.000000000000000      
    0.000000000000000         0.000000000000000         0.000000000000000      
    0.000000000000000         0.000000000000000         0.000000000000000      
    0.000000000000000         0.000000000000000         0.000000000000000      
    0.000000000000000         0.000000000000000         0.000000000000000      
    0.000000000000000         0.000000000000000         0.000000000000000      
    0.000000000000000         0.000000000000000         0.000000000000000      
    0.000000000000000         0.000000000000000         0.000000000000000      
    0.000000000000000         0.000000000000000         0.000000000000000      
    0.000000000000000         0.000000000000000         0.000000000000000      
    0.000000000000000         0.000000000000000         0.000000000000000      
    0.000000000000000         0.000000000000000         0.000000000000000      
    0.000000000000000         0.000000000000000         0.000000000000000      
    0.000000000000000         0.000000000000000         0.000000000000000      
    0.000000000000000         0.000000000000000         0.000000000000000      
    0.000000000000000         0.000000000000000         0.000000000000000      
    0.000000000000000         0.000000000000000         0.000000000000000      
    0.000000000000000         0.000000000000000         0.000000000000000      
    0.000000000000000         0.000000000000000         0.000000000000000      
    0.000000000000000         0.000000000000000         0.000000000000000      
    0.000000000000000         0.000000000000000         0.000000000000000      
    0.000000000000000         0.000000000000000         0.000000000000000      
    0.000000000000000         0.000000000000000         0.000000000000000      
    0.000000000000000         0.000000000000000         0.000000000000000      
    0.000000000000000         0.000000000000000         0.000000000000000      
    0.000000000000000         0.000000000000000         0.000000000000000      
    0.000000000000000         0.000000000000000         0.000000000000000      
    0.000000000000000         0.000000000000000         0.000000000000000      
    0.000000000000000         0.000000000000000         0.000000000000000      
    0.000000000000000         0.000000000000000         0.000000000000000      
    0.000000000000000         0.000000000000000         0.000000000000000      
    0.000000000000000         0.000000000000000         0.000000000000000      
    0.000000000000000         0.000000000000000         0.000000000000000      
    0.000000000000000         0.000000000000000         0.000000000000000      
    0.000000000000000         0.000000000000000         0.000000000000000      
    0.000000000000000         0.000000000000000         0.000000000000000      
    0.000000000000000         0.000000000000000         0.000000000000000      
    0.000000000000000         0.000000000000000         0.000000000000000      
    0.000000000000000         0.000000000000000         0.000000000000000      
    0.000000000000000         0.000000000000000         0.000000000000000      
    0.000000000000000         0.000000000000000         0.000000000000000      
    0.000000000000000         0.000000000000000         0.000000000000000      
    0.000000000000000         0.000000000000000         0.000000000000000      
    0.000000000000000         0.000000000000000         0.000000000000000      
    0.000000000000000         0.000000000000000         0.000000000000000      
    0.000000000000000         0.000000000000000         0.000000000000000      
    0.000000000000000         0.000000000000000         0.000000000000000      
    0.000000000000000         0.000000000000000         0.000000000000000      
    0.000000000000000     
 /
 &BASIS
 KPPFNC =            6,
 KPPKNT =            0,
 PPKNT =    0.000000000000000     ,
            0.000000000000000     ,
            0.000000000000000     ,
            0.000000000000000     ,
            0.000000000000000     ,
            0.000000000000000     ,
            0.000000000000000     ,
            0.000000000000000     ,
            0.000000000000000     ,
            0.000000000000000     ,
            0.000000000000000     ,
            0.000000000000000     ,
            0.000000000000000     ,
            0.000000000000000     ,
            0.000000000000000     ,
            0.000000000000000     ,
            0.000000000000000     ,
            0.000000000000000     ,
            0.000000000000000     ,
            0.000000000000000     ,
            0.000000000000000     ,
            0.000000000000000     ,
            0.000000000000000     ,
            0.000000000000000     ,
            0.000000000000000     ,
            0.000000000000000     ,
            0.000000000000000     ,
            0.000000000000000     ,
            0.000000000000000     ,
            0.000000000000000     ,
            0.000000000000000     ,
            0.000000000000000     ,
            0.000000000000000     ,
            0.000000000000000     ,
            0.000000000000000     ,
            0.000000000000000     ,
            0.000000000000000     ,
            0.000000000000000     ,
            0.000000000000000     ,
            0.000000000000000     ,
            0.000000000000000     ,
            0.000000000000000     ,
            0.000000000000000     ,
            0.000000000000000     ,
            0.000000000000000     ,
            0.000000000000000     ,
            0.000000000000000     ,
            0.000000000000000     ,
            0.000000000000000     ,
            0.000000000000000     ,
            0.000000000000000     ,
            0.000000000000000     ,
            0.000000000000000     ,
            0.000000000000000     ,
            0.000000000000000     ,
            0.000000000000000     ,
            0.000000000000000     ,
            0.000000000000000     ,
            0.000000000000000     ,
            0.000000000000000     ,
            0.000000000000000     ,
            0.000000000000000     ,
            0.000000000000000     ,
            0.000000000000000     ,
 PPTENS =    0.000000000000000     ,
 KFFFNC =            6,
 KFFKNT =            0,
 FFKNT =    0.000000000000000     ,
            0.000000000000000     ,
            0.000000000000000     ,
            0.000000000000000     ,
            0.000000000000000     ,
            0.000000000000000     ,
            0.000000000000000     ,
            0.000000000000000     ,
            0.000000000000000     ,
            0.000000000000000     ,
            0.000000000000000     ,
            0.000000000000000     ,
            0.000000000000000     ,
            0.000000000000000     ,
            0.000000000000000     ,
            0.000000000000000     ,
            0.000000000000000     ,
            0.000000000000000     ,
            0.000000000000000     ,
            0.000000000000000     ,
            0.000000000000000     ,
            0.000000000000000     ,
            0.000000000000000     ,
            0.000000000000000     ,
            0.000000000000000     ,
            0.000000000000000     ,
            0.000000000000000     ,
            0.000000000000000     ,
            0.000000000000000     ,
            0.000000000000000     ,
            0.000000000000000     ,
            0.000000000000000     ,
            0.000000000000000     ,
            0.000000000000000     ,
            0.000000000000000     ,
            0.000000000000000     ,
            0.000000000000000     ,
            0.000000000000000     ,
            0.000000000000000     ,
            0.000000000000000     ,
            0.000000000000000     ,
            0.000000000000000     ,
            0.000000000000000     ,
            0.000000000000000     ,
            0.000000000000000     ,
            0.000000000000000     ,
            0.000000000000000     ,
            0.000000000000000     ,
            0.000000000000000     ,
            0.000000000000000     ,
            0.000000000000000     ,
            0.000000000000000     ,
            0.000000000000000     ,
            0.000000000000000     ,
            0.000000000000000     ,
            0.000000000000000     ,
            0.000000000000000     ,
            0.000000000000000     ,
            0.000000000000000     ,
            0.000000000000000     ,
            0.000000000000000     ,
            0.000000000000000     ,
            0.000000000000000     ,
            0.000000000000000     ,
 FFTENS =    0.000000000000000     ,
 KWWFNC =            0,
 KWWKNT =            0,
 WWKNT =    0.000000000000000     ,
            0.000000000000000     ,
            0.000000000000000     ,
            0.000000000000000     ,
            0.000000000000000     ,
            0.000000000000000     ,
            0.000000000000000     ,
            0.000000000000000     ,
            0.000000000000000     ,
            0.000000000000000     ,
            0.000000000000000     ,
            0.000000000000000     ,
            0.000000000000000     ,
            0.000000000000000     ,
            0.000000000000000     ,
            0.000000000000000     ,
            0.000000000000000     ,
            0.000000000000000     ,
            0.000000000000000     ,
            0.000000000000000     ,
            0.000000000000000     ,
            0.000000000000000     ,
            0.000000000000000     ,
            0.000000000000000     ,
            0.000000000000000     ,
            0.000000000000000     ,
            0.000000000000000     ,
            0.000000000000000     ,
            0.000000000000000     ,
            0.000000000000000     ,
            0.000000000000000     ,
            0.000000000000000     ,
            0.000000000000000     ,
            0.000000000000000     ,
            0.000000000000000     ,
            0.000000000000000     ,
            0.000000000000000     ,
            0.000000000000000     ,
            0.000000000000000     ,
            0.000000000000000     ,
            0.000000000000000     ,
            0.000000000000000     ,
            0.000000000000000     ,
            0.000000000000000     ,
            0.000000000000000     ,
            0.000000000000000     ,
            0.000000000000000     ,
            0.000000000000000     ,
            0.000000000000000     ,
            0.000000000000000     ,
            0.000000000000000     ,
            0.000000000000000     ,
            0.000000000000000     ,
            0.000000000000000     ,
            0.000000000000000     ,
            0.000000000000000     ,
            0.000000000000000     ,
            0.000000000000000     ,
            0.000000000000000     ,
            0.000000000000000     ,
            0.000000000000000     ,
            0.000000000000000     ,
            0.000000000000000     ,
            0.000000000000000     ,
 WWTENS =    0.000000000000000     ,
 PPBDRY =    0.000000000000000     ,
             0.000000000000000     ,
             0.000000000000000     ,
             0.000000000000000     ,
             0.000000000000000     ,
             0.000000000000000     ,
             0.000000000000000     ,
             0.000000000000000     ,
             0.000000000000000     ,
             0.000000000000000     ,
             0.000000000000000     ,
             0.000000000000000     ,
             0.000000000000000     ,
             0.000000000000000     ,
             0.000000000000000     ,
             0.000000000000000     ,
             0.000000000000000     ,
             0.000000000000000     ,
             0.000000000000000     ,
             0.000000000000000     ,
             0.000000000000000     ,
             0.000000000000000     ,
             0.000000000000000     ,
             0.000000000000000     ,
             0.000000000000000     ,
             0.000000000000000     ,
             0.000000000000000     ,
             0.000000000000000     ,
             0.000000000000000     ,
             0.000000000000000     ,
             0.000000000000000     ,
             0.000000000000000     ,
             0.000000000000000     ,
             0.000000000000000     ,
             0.000000000000000     ,
             0.000000000000000     ,
             0.000000000000000     ,
             0.000000000000000     ,
             0.000000000000000     ,
             0.000000000000000     ,
             0.000000000000000     ,
             0.000000000000000     ,
             0.000000000000000     ,
             0.000000000000000     ,
             0.000000000000000     ,
             0.000000000000000     ,
             0.000000000000000     ,
             0.000000000000000     ,
             0.000000000000000     ,
             0.000000000000000     ,
             0.000000000000000     ,
             0.000000000000000     ,
             0.000000000000000     ,
             0.000000000000000     ,
             0.000000000000000     ,
             0.000000000000000     ,
             0.000000000000000     ,
             0.000000000000000     ,
             0.000000000000000     ,
             0.000000000000000     ,
             0.000000000000000     ,
             0.000000000000000     ,
             0.000000000000000     ,
             0.000000000000000     ,
 PP2BDRY =    0.000000000000000     ,
              0.000000000000000     ,
              0.000000000000000     ,
              0.000000000000000     ,
              0.000000000000000     ,
              0.000000000000000     ,
              0.000000000000000     ,
              0.000000000000000     ,
              0.000000000000000     ,
              0.000000000000000     ,
              0.000000000000000     ,
              0.000000000000000     ,
              0.000000000000000     ,
              0.000000000000000     ,
              0.000000000000000     ,
              0.000000000000000     ,
              0.000000000000000     ,
              0.000000000000000     ,
              0.000000000000000     ,
              0.000000000000000     ,
              0.000000000000000     ,
              0.000000000000000     ,
              0.000000000000000     ,
              0.000000000000000     ,
              0.000000000000000     ,
              0.000000000000000     ,
              0.000000000000000     ,
              0.000000000000000     ,
              0.000000000000000     ,
              0.000000000000000     ,
              0.000000000000000     ,
              0.000000000000000     ,
              0.000000000000000     ,
              0.000000000000000     ,
              0.000000000000000     ,
              0.000000000000000     ,
              0.000000000000000     ,
              0.000000000000000     ,
              0.000000000000000     ,
              0.000000000000000     ,
              0.000000000000000     ,
              0.000000000000000     ,
              0.000000000000000     ,
              0.000000000000000     ,
              0.000000000000000     ,
              0.000000000000000     ,
              0.000000000000000     ,
              0.000000000000000     ,
              0.000000000000000     ,
              0.000000000000000     ,
              0.000000000000000     ,
              0.000000000000000     ,
              0.000000000000000     ,
              0.000000000000000     ,
              0.000000000000000     ,
              0.000000000000000     ,
              0.000000000000000     ,
              0.000000000000000     ,
              0.000000000000000     ,
              0.000000000000000     ,
              0.000000000000000     ,
              0.000000000000000     ,
              0.000000000000000     ,
              0.000000000000000     ,
 KPPBDRY =            0,
                      0,
                      0,
                      0,
                      0,
                      0,
                      0,
                      0,
                      0,
                      0,
                      0,
                      0,
                      0,
                      0,
                      0,
                      0,
                      0,
                      0,
                      0,
                      0,
                      0,
                      0,
                      0,
                      0,
                      0,
                      0,
                      0,
                      0,
                      0,
                      0,
                      0,
                      0,
                      0,
                      0,
                      0,
                      0,
                      0,
                      0,
                      0,
                      0,
                      0,
                      0,
                      0,
                      0,
                      0,
                      0,
                      0,
                      0,
                      0,
                      0,
                      0,
                      0,
                      0,
                      0,
                      0,
                      0,
                      0,
                      0,
                      0,
                      0,
                      0,
                      0,
                      0,
                      0,
 KPP2BDRY =            0,
                       0,
                       0,
                       0,
                       0,
                       0,
                       0,
                       0,
                       0,
                       0,
                       0,
                       0,
                       0,
                       0,
                       0,
                       0,
                       0,
                       0,
                       0,
                       0,
                       0,
                       0,
                       0,
                       0,
                       0,
                       0,
                       0,
                       0,
                       0,
                       0,
                       0,
                       0,
                       0,
                       0,
                       0,
                       0,
                       0,
                       0,
                       0,
                       0,
                       0,
                       0,
                       0,
                       0,
                       0,
                       0,
                       0,
                       0,
                       0,
                       0,
                       0,
                       0,
                       0,
                       0,
                       0,
                       0,
                       0,
                       0,
                       0,
                       0,
                       0,
                       0,
                       0,
                       0,
 FFBDRY =    0.000000000000000     ,
             0.000000000000000     ,
             0.000000000000000     ,
             0.000000000000000     ,
             0.000000000000000     ,
             0.000000000000000     ,
             0.000000000000000     ,
             0.000000000000000     ,
             0.000000000000000     ,
             0.000000000000000     ,
             0.000000000000000     ,
             0.000000000000000     ,
             0.000000000000000     ,
             0.000000000000000     ,
             0.000000000000000     ,
             0.000000000000000     ,
             0.000000000000000     ,
             0.000000000000000     ,
             0.000000000000000     ,
             0.000000000000000     ,
             0.000000000000000     ,
             0.000000000000000     ,
             0.000000000000000     ,
             0.000000000000000     ,
             0.000000000000000     ,
             0.000000000000000     ,
             0.000000000000000     ,
             0.000000000000000     ,
             0.000000000000000     ,
             0.000000000000000     ,
             0.000000000000000     ,
             0.000000000000000     ,
             0.000000000000000     ,
             0.000000000000000     ,
             0.000000000000000     ,
             0.000000000000000     ,
             0.000000000000000     ,
             0.000000000000000     ,
             0.000000000000000     ,
             0.000000000000000     ,
             0.000000000000000     ,
             0.000000000000000     ,
             0.000000000000000     ,
             0.000000000000000     ,
             0.000000000000000     ,
             0.000000000000000     ,
             0.000000000000000     ,
             0.000000000000000     ,
             0.000000000000000     ,
             0.000000000000000     ,
             0.000000000000000     ,
             0.000000000000000     ,
             0.000000000000000     ,
             0.000000000000000     ,
             0.000000000000000     ,
             0.000000000000000     ,
             0.000000000000000     ,
             0.000000000000000     ,
             0.000000000000000     ,
             0.000000000000000     ,
             0.000000000000000     ,
             0.000000000000000     ,
             0.000000000000000     ,
             0.000000000000000     ,
 FF2BDRY =    0.000000000000000     ,
              0.000000000000000     ,
              0.000000000000000     ,
              0.000000000000000     ,
              0.000000000000000     ,
              0.000000000000000     ,
              0.000000000000000     ,
              0.000000000000000     ,
              0.000000000000000     ,
              0.000000000000000     ,
              0.000000000000000     ,
              0.000000000000000     ,
              0.000000000000000     ,
              0.000000000000000     ,
              0.000000000000000     ,
              0.000000000000000     ,
              0.000000000000000     ,
              0.000000000000000     ,
              0.000000000000000     ,
              0.000000000000000     ,
              0.000000000000000     ,
              0.000000000000000     ,
              0.000000000000000     ,
              0.000000000000000     ,
              0.000000000000000     ,
              0.000000000000000     ,
              0.000000000000000     ,
              0.000000000000000     ,
              0.000000000000000     ,
              0.000000000000000     ,
              0.000000000000000     ,
              0.000000000000000     ,
              0.000000000000000     ,
              0.000000000000000     ,
              0.000000000000000     ,
              0.000000000000000     ,
              0.000000000000000     ,
              0.000000000000000     ,
              0.000000000000000     ,
              0.000000000000000     ,
              0.000000000000000     ,
              0.000000000000000     ,
              0.000000000000000     ,
              0.000000000000000     ,
              0.000000000000000     ,
              0.000000000000000     ,
              0.000000000000000     ,
              0.000000000000000     ,
              0.000000000000000     ,
              0.000000000000000     ,
              0.000000000000000     ,
              0.000000000000000     ,
              0.000000000000000     ,
              0.000000000000000     ,
              0.000000000000000     ,
              0.000000000000000     ,
              0.000000000000000     ,
              0.000000000000000     ,
              0.000000000000000     ,
              0.000000000000000     ,
              0.000000000000000     ,
              0.000000000000000     ,
              0.000000000000000     ,
              0.000000000000000     ,
 KFFBDRY =            0,
                      0,
                      0,
                      0,
                      0,
                      0,
                      0,
                      0,
                      0,
                      0,
                      0,
                      0,
                      0,
                      0,
                      0,
                      0,
                      0,
                      0,
                      0,
                      0,
                      0,
                      0,
                      0,
                      0,
                      0,
                      0,
                      0,
                      0,
                      0,
                      0,
                      0,
                      0,
                      0,
                      0,
                      0,
                      0,
                      0,
                      0,
                      0,
                      0,
                      0,
                      0,
                      0,
                      0,
                      0,
                      0,
                      0,
                      0,
                      0,
                      0,
                      0,
                      0,
                      0,
                      0,
                      0,
                      0,
                      0,
                      0,
                      0,
                      0,
                      0,
                      0,
                      0,
                      0,
 KFF2BDRY =            0,
                       0,
                       0,
                       0,
                       0,
                       0,
                       0,
                       0,
                       0,
                       0,
                       0,
                       0,
                       0,
                       0,
                       0,
                       0,
                       0,
                       0,
                       0,
                       0,
                       0,
                       0,
                       0,
                       0,
                       0,
                       0,
                       0,
                       0,
                       0,
                       0,
                       0,
                       0,
                       0,
                       0,
                       0,
                       0,
                       0,
                       0,
                       0,
                       0,
                       0,
                       0,
                       0,
                       0,
                       0,
                       0,
                       0,
                       0,
                       0,
                       0,
                       0,
                       0,
                       0,
                       0,
                       0,
                       0,
                       0,
                       0,
                       0,
                       0,
                       0,
                       0,
                       0,
                       0,
 WWBDRY =    0.000000000000000     ,
             0.000000000000000     ,
             0.000000000000000     ,
             0.000000000000000     ,
             0.000000000000000     ,
             0.000000000000000     ,
             0.000000000000000     ,
             0.000000000000000     ,
             0.000000000000000     ,
             0.000000000000000     ,
             0.000000000000000     ,
             0.000000000000000     ,
             0.000000000000000     ,
             0.000000000000000     ,
             0.000000000000000     ,
             0.000000000000000     ,
             0.000000000000000     ,
             0.000000000000000     ,
             0.000000000000000     ,
             0.000000000000000     ,
             0.000000000000000     ,
             0.000000000000000     ,
             0.000000000000000     ,
             0.000000000000000     ,
             0.000000000000000     ,
             0.000000000000000     ,
             0.000000000000000     ,
             0.000000000000000     ,
             0.000000000000000     ,
             0.000000000000000     ,
             0.000000000000000     ,
             0.000000000000000     ,
             0.000000000000000     ,
             0.000000000000000     ,
             0.000000000000000     ,
             0.000000000000000     ,
             0.000000000000000     ,
             0.000000000000000     ,
             0.000000000000000     ,
             0.000000000000000     ,
             0.000000000000000     ,
             0.000000000000000     ,
             0.000000000000000     ,
             0.000000000000000     ,
             0.000000000000000     ,
             0.000000000000000     ,
             0.000000000000000     ,
             0.000000000000000     ,
             0.000000000000000     ,
             0.000000000000000     ,
             0.000000000000000     ,
             0.000000000000000     ,
             0.000000000000000     ,
             0.000000000000000     ,
             0.000000000000000     ,
             0.000000000000000     ,
             0.000000000000000     ,
             0.000000000000000     ,
             0.000000000000000     ,
             0.000000000000000     ,
             0.000000000000000     ,
             0.000000000000000     ,
             0.000000000000000     ,
             0.000000000000000     ,
 WW2BDRY =    0.000000000000000     ,
              0.000000000000000     ,
              0.000000000000000     ,
              0.000000000000000     ,
              0.000000000000000     ,
              0.000000000000000     ,
              0.000000000000000     ,
              0.000000000000000     ,
              0.000000000000000     ,
              0.000000000000000     ,
              0.000000000000000     ,
              0.000000000000000     ,
              0.000000000000000     ,
              0.000000000000000     ,
              0.000000000000000     ,
              0.000000000000000     ,
              0.000000000000000     ,
              0.000000000000000     ,
              0.000000000000000     ,
              0.000000000000000     ,
              0.000000000000000     ,
              0.000000000000000     ,
              0.000000000000000     ,
              0.000000000000000     ,
              0.000000000000000     ,
              0.000000000000000     ,
              0.000000000000000     ,
              0.000000000000000     ,
              0.000000000000000     ,
              0.000000000000000     ,
              0.000000000000000     ,
              0.000000000000000     ,
              0.000000000000000     ,
              0.000000000000000     ,
              0.000000000000000     ,
              0.000000000000000     ,
              0.000000000000000     ,
              0.000000000000000     ,
              0.000000000000000     ,
              0.000000000000000     ,
              0.000000000000000     ,
              0.000000000000000     ,
              0.000000000000000     ,
              0.000000000000000     ,
              0.000000000000000     ,
              0.000000000000000     ,
              0.000000000000000     ,
              0.000000000000000     ,
              0.000000000000000     ,
              0.000000000000000     ,
              0.000000000000000     ,
              0.000000000000000     ,
              0.000000000000000     ,
              0.000000000000000     ,
              0.000000000000000     ,
              0.000000000000000     ,
              0.000000000000000     ,
              0.000000000000000     ,
              0.000000000000000     ,
              0.000000000000000     ,
              0.000000000000000     ,
              0.000000000000000     ,
              0.000000000000000     ,
              0.000000000000000     ,
 KWWBDRY =            0,
                      0,
                      0,
                      0,
                      0,
                      0,
                      0,
                      0,
                      0,
                      0,
                      0,
                      0,
                      0,
                      0,
                      0,
                      0,
                      0,
                      0,
                      0,
                      0,
                      0,
                      0,
                      0,
                      0,
                      0,
                      0,
                      0,
                      0,
                      0,
                      0,
                      0,
                      0,
                      0,
                      0,
                      0,
                      0,
                      0,
                      0,
                      0,
                      0,
                      0,
                      0,
                      0,
                      0,
                      0,
                      0,
                      0,
                      0,
                      0,
                      0,
                      0,
                      0,
                      0,
                      0,
                      0,
                      0,
                      0,
                      0,
                      0,
                      0,
                      0,
                      0,
                      0,
                      0,
 KWW2BDRY =            0,
                       0,
                       0,
                       0,
                       0,
                       0,
                       0,
                       0,
                       0,
                       0,
                       0,
                       0,
                       0,
                       0,
                       0,
                       0,
                       0,
                       0,
                       0,
                       0,
                       0,
                       0,
                       0,
                       0,
                       0,
                       0,
                       0,
                       0,
                       0,
                       0,
                       0,
                       0,
                       0,
                       0,
                       0,
                       0,
                       0,
                       0,
                       0,
                       0,
                       0,
                       0,
                       0,
                       0,
                       0,
                       0,
                       0,
                       0,
                       0,
                       0,
                       0,
                       0,
                       0,
                       0,
                       0,
                       0,
                       0,
                       0,
                       0,
                       0,
                       0,
                       0,
                       0,
                       0,
 KEEFNC =            0,
 KEEKNT =            0,
 EEKNT =    0.000000000000000     ,
            0.000000000000000     ,
            0.000000000000000     ,
            0.000000000000000     ,
            0.000000000000000     ,
            0.000000000000000     ,
            0.000000000000000     ,
            0.000000000000000     ,
            0.000000000000000     ,
            0.000000000000000     ,
            0.000000000000000     ,
            0.000000000000000     ,
            0.000000000000000     ,
            0.000000000000000     ,
            0.000000000000000     ,
            0.000000000000000     ,
            0.000000000000000     ,
            0.000000000000000     ,
            0.000000000000000     ,
            0.000000000000000     ,
            0.000000000000000     ,
            0.000000000000000     ,
            0.000000000000000     ,
            0.000000000000000     ,
            0.000000000000000     ,
            0.000000000000000     ,
            0.000000000000000     ,
            0.000000000000000     ,
            0.000000000000000     ,
            0.000000000000000     ,
            0.000000000000000     ,
            0.000000000000000     ,
 EETENS =    5.000000000000000     ,
 EEBDRY =    0.000000000000000     ,
             0.000000000000000     ,
             0.000000000000000     ,
             0.000000000000000     ,
             0.000000000000000     ,
             0.000000000000000     ,
             0.000000000000000     ,
             0.000000000000000     ,
             0.000000000000000     ,
             0.000000000000000     ,
             0.000000000000000     ,
             0.000000000000000     ,
             0.000000000000000     ,
             0.000000000000000     ,
             0.000000000000000     ,
             0.000000000000000     ,
             0.000000000000000     ,
             0.000000000000000     ,
             0.000000000000000     ,
             0.000000000000000     ,
             0.000000000000000     ,
             0.000000000000000     ,
             0.000000000000000     ,
             0.000000000000000     ,
             0.000000000000000     ,
             0.000000000000000     ,
             0.000000000000000     ,
             0.000000000000000     ,
             0.000000000000000     ,
             0.000000000000000     ,
             0.000000000000000     ,
             0.000000000000000     ,
 EE2BDRY =    0.000000000000000     ,
              0.000000000000000     ,
              0.000000000000000     ,
              0.000000000000000     ,
              0.000000000000000     ,
              0.000000000000000     ,
              0.000000000000000     ,
              0.000000000000000     ,
              0.000000000000000     ,
              0.000000000000000     ,
              0.000000000000000     ,
              0.000000000000000     ,
              0.000000000000000     ,
              0.000000000000000     ,
              0.000000000000000     ,
              0.000000000000000     ,
              0.000000000000000     ,
              0.000000000000000     ,
              0.000000000000000     ,
              0.000000000000000     ,
              0.000000000000000     ,
              0.000000000000000     ,
              0.000000000000000     ,
              0.000000000000000     ,
              0.000000000000000     ,
              0.000000000000000     ,
              0.000000000000000     ,
              0.000000000000000     ,
              0.000000000000000     ,
              0.000000000000000     ,
              0.000000000000000     ,
              0.000000000000000     ,
 KEEBDRY =            0,
                      0,
                      0,
                      0,
                      0,
                      0,
                      0,
                      0,
                      0,
                      0,
                      0,
                      0,
                      0,
                      0,
                      0,
                      0,
                      0,
                      0,
                      0,
                      0,
                      0,
                      0,
                      0,
                      0,
                      0,
                      0,
                      0,
                      0,
                      0,
                      0,
                      0,
                      0,
 KEE2BDRY =            0,
                       0,
                       0,
                       0,
                       0,
                       0,
                       0,
                       0,
                       0,
                       0,
                       0,
                       0,
                       0,
                       0,
                       0,
                       0,
                       0,
                       0,
                       0,
                       0,
                       0,
                       0,
                       0,
                       0,
                       0,
                       0,
                       0,
                       0,
                       0,
                       0,
                       0,
                       0
 /
 &CHIOUT
 SAISIL =    0.000000000000000     ,
             0.000000000000000     ,
             0.000000000000000     ,
             0.000000000000000     ,
             0.000000000000000     ,
             0.000000000000000     ,
             0.000000000000000     ,
             0.000000000000000     ,
             0.000000000000000     ,
             0.000000000000000     ,
             0.000000000000000     ,
             0.000000000000000     ,
             0.000000000000000     ,
             0.000000000000000     ,
             0.000000000000000     ,
             0.000000000000000     ,
             0.000000000000000     ,
             0.000000000000000     ,
             0.000000000000000     ,
             0.000000000000000     ,
             0.000000000000000     ,
             0.000000000000000     ,
             0.000000000000000     ,
             0.000000000000000     ,
             0.000000000000000     ,
             0.000000000000000     ,
             0.000000000000000     ,
             0.000000000000000     ,
             0.000000000000000     ,
             0.000000000000000     ,
             0.000000000000000     ,
             0.000000000000000     ,
             0.000000000000000     ,
             0.000000000000000     ,
             0.000000000000000     ,
             0.000000000000000     ,
             0.000000000000000     ,
             0.000000000000000     ,
             0.000000000000000     ,
             0.000000000000000     ,
             0.000000000000000     ,
             0.000000000000000     ,
             0.000000000000000     ,
             0.000000000000000     ,
 SAIMPI =    0.000000000000000     ,
             0.000000000000000     ,
             0.000000000000000     ,
             0.000000000000000     ,
             0.000000000000000     ,
             0.000000000000000     ,
             0.000000000000000     ,
             0.000000000000000     ,
             0.000000000000000     ,
             0.000000000000000     ,
             0.000000000000000     ,
             0.000000000000000     ,
             0.000000000000000     ,
             0.000000000000000     ,
             0.000000000000000     ,
             0.000000000000000     ,
             0.000000000000000     ,
             0.000000000000000     ,
             0.000000000000000     ,
             0.000000000000000     ,
             0.000000000000000     ,
             0.000000000000000     ,
             0.000000000000000     ,
             0.000000000000000     ,
             0.000000000000000     ,
             0.000000000000000     ,
             0.000000000000000     ,
             0.000000000000000     ,
             0.000000000000000     ,
             0.000000000000000     ,
             0.000000000000000     ,
             0.000000000000000     ,
             0.000000000000000     ,
             0.000000000000000     ,
             0.000000000000000     ,
             0.000000000000000     ,
             0.000000000000000     ,
             0.000000000000000     ,
             0.000000000000000     ,
             0.000000000000000     ,
             0.000000000000000     ,
             0.000000000000000     ,
             0.000000000000000     ,
             0.000000000000000     ,
             0.000000000000000     ,
             0.000000000000000     ,
             0.000000000000000     ,
             0.000000000000000     ,
             0.000000000000000     ,
             0.000000000000000     ,
             0.000000000000000     ,
             0.000000000000000     ,
             0.000000000000000     ,
             0.000000000000000     ,
             0.000000000000000     ,
             0.000000000000000     ,
             0.000000000000000     ,
             0.000000000000000     ,
             0.000000000000000     ,
             0.000000000000000     ,
             0.000000000000000     ,
             0.000000000000000     ,
             0.000000000000000     ,
             0.000000000000000     ,
             0.000000000000000     ,
             0.000000000000000     ,
             0.000000000000000     ,
             0.000000000000000     ,
             0.000000000000000     ,
             0.000000000000000     ,
             0.000000000000000     ,
             0.000000000000000     ,
             0.000000000000000     ,
             0.000000000000000     ,
             0.000000000000000     ,
             0.000000000000000     ,
 SAIPR =    0.000000000000000     ,
 SAIIP =    0.000000000000000     
 /
                                            MAG
