  EFITD    01/01/2017    #000001     1ms           3 129 129
 1.765979106E+00 3.324195964E+00 1.765979106E+00 8.726014406E-01 0.000000000E+00
 1.825460596E+00-2.340131085E-04-2.222704267E-01-7.557269647E-02 1.792385008E+00
 5.845844615E+05-2.222704267E-01 0.000000000E+00 1.825460596E+00 0.000000000E+00
-2.340131085E-04 0.000000000E+00-7.557269647E-02 0.000000000E+00 0.000000000E+00
 3.149584268E+00 3.150365169E+00 3.151111513E+00 3.151824389E+00 3.152504764E+00
 3.153153625E+00 3.153771960E+00 3.154360774E+00 3.154921081E+00 3.155453878E+00
 3.155960179E+00 3.156440963E+00 3.156897298E+00 3.157330043E+00 3.157739468E+00
 3.158126446E+00 3.158492691E+00 3.158839638E+00 3.159168477E+00 3.159480325E+00
 3.159776143E+00 3.160056804E+00 3.160323109E+00 3.160575766E+00 3.160815436E+00
 3.161042734E+00 3.161258199E+00 3.161462362E+00 3.161655688E+00 3.161838634E+00
 3.162011618E+00 3.162175032E+00 3.162329248E+00 3.162474610E+00 3.162611454E+00
 3.162740078E+00 3.162860788E+00 3.162973864E+00 3.163079586E+00 3.163178185E+00
 3.163269933E+00 3.163355043E+00 3.163433747E+00 3.163506270E+00 3.163572807E+00
 3.163633572E+00 3.163688751E+00 3.163738521E+00 3.163783077E+00 3.163822597E+00
 3.163857229E+00 3.163887151E+00 3.163912520E+00 3.163933495E+00 3.163950215E+00
 3.163962839E+00 3.163971497E+00 3.163976329E+00 3.163977483E+00 3.163975081E+00
 3.163969253E+00 3.163960130E+00 3.163947832E+00 3.163932471E+00 3.163914177E+00
 3.163893072E+00 3.163869257E+00 3.163842846E+00 3.163813957E+00 3.163782695E+00
 3.163749162E+00 3.163713459E+00 3.163675708E+00 3.163635992E+00 3.163594424E+00
 3.163551097E+00 3.163506112E+00 3.163459573E+00 3.163411562E+00 3.163362183E+00
 3.163311538E+00 3.163259720E+00 3.163206813E+00 3.163152928E+00 3.163098159E+00
 3.163042589E+00 3.162986339E+00 3.162929485E+00 3.162872146E+00 3.162814426E+00
 3.162756435E+00 3.162698287E+00 3.162640101E+00 3.162582008E+00 3.162524166E+00
 3.162466707E+00 3.162409824E+00 3.162353695E+00 3.162298563E+00 3.162244669E+00
 3.162192311E+00 3.162141852E+00 3.162093693E+00 3.162048345E+00 3.162006395E+00
 3.161968542E+00 3.161935641E+00 3.161908689E+00 3.161888860E+00 3.161877530E+00
 3.161876282E+00 3.161886877E+00 3.161911324E+00 3.161951784E+00 3.162010603E+00
 3.162090332E+00 3.162193670E+00 3.162323513E+00 3.162482878E+00 3.162674658E+00
 3.162901062E+00 3.163162620E+00 3.163456770E+00 3.163776784E+00 3.164111357E+00
 3.164444199E+00 3.164760722E+00 3.165053010E+00 3.165314475E+00
 7.370673090E+04 7.229247135E+04 7.090851796E+04 6.955417679E+04 6.822875384E+04
 6.693155500E+04 6.566188636E+04 6.441905366E+04 6.320236361E+04 6.201112171E+04
 6.084462994E+04 5.970221485E+04 5.858312340E+04 5.748675779E+04 5.641299714E+04
 5.536122255E+04 5.433017361E+04 5.331880773E+04 5.232624546E+04 5.135168435E+04
 5.039442044E+04 4.945382245E+04 4.852932165E+04 4.762040176E+04 4.672659143E+04
 4.584745983E+04 4.498261236E+04 4.413168497E+04 4.329433950E+04 4.247026210E+04
 4.165916096E+04 4.086076383E+04 4.007481512E+04 3.930107599E+04 3.853932131E+04
 3.778933784E+04 3.705092510E+04 3.632389413E+04 3.560806531E+04 3.490326800E+04
 3.420934059E+04 3.352612871E+04 3.285348482E+04 3.219126813E+04 3.153934547E+04
 3.089758923E+04 3.026587644E+04 2.964408846E+04 2.903211230E+04 2.842984018E+04
 2.783716840E+04 2.725399681E+04 2.668022838E+04 2.611576988E+04 2.556053215E+04
 2.501442901E+04 2.447737733E+04 2.394929648E+04 2.343010847E+04 2.291973796E+04
 2.241811195E+04 2.192516032E+04 2.144081536E+04 2.096501114E+04 2.049768363E+04
 2.003877061E+04 1.958821174E+04 1.914594864E+04 1.871192453E+04 1.828608479E+04
 1.786837609E+04 1.745874655E+04 1.705714565E+04 1.666352407E+04 1.627783363E+04
 1.590002733E+04 1.553005949E+04 1.516788568E+04 1.481346221E+04 1.446674628E+04
 1.412769532E+04 1.379626748E+04 1.347242115E+04 1.315611482E+04 1.284730665E+04
 1.254595461E+04 1.225201640E+04 1.196544831E+04 1.168620425E+04 1.141423530E+04
 1.114948974E+04 1.089191087E+04 1.064143651E+04 1.039799705E+04 1.016151384E+04
 9.931895891E+03 9.709035980E+03 9.492807046E+03 9.283056972E+03 9.079603278E+03
 8.882225176E+03 8.690652483E+03 8.504552769E+03 8.323517709E+03 8.147049100E+03
 7.974539859E+03 7.805251317E+03 7.638291107E+03 7.472594326E+03 7.306904732E+03
 7.139760237E+03 6.969488425E+03 6.794207531E+03 6.611831312E+03 6.420073113E+03
 6.216438459E+03 5.998213968E+03 5.762459556E+03 5.506051192E+03 5.225901172E+03
 4.919501530E+03 4.585883805E+03 4.227069771E+03 3.849199682E+03 3.463069427E+03
 3.084652273E+03 2.728463949E+03 2.402484438E+03 2.113425162E+03
 2.194319926E+00 2.098259364E+00 2.005360658E+00 1.915156624E+00 1.827480418E+00
 1.742502378E+00 1.660231619E+00 1.580684542E+00 1.503858144E+00 1.429771290E+00
 1.358426014E+00 1.289634331E+00 1.224139230E+00 1.160078771E+00 1.095895140E+00
 1.036683486E+00 9.818992650E-01 9.304937705E-01 8.823268782E-01 8.369667802E-01
 7.941257888E-01 7.535568855E-01 7.150479247E-01 6.784252053E-01 6.435334845E-01
 6.102298758E-01 5.783915796E-01 5.479169532E-01 5.187170979E-01 4.907035022E-01
 4.638008939E-01 4.379445329E-01 4.130731154E-01 3.891279495E-01 3.660664599E-01
 3.438431352E-01 3.224118503E-01 3.017341324E-01 2.817797278E-01 2.625135956E-01
 2.439055742E-01 2.259318385E-01 2.085685962E-01 1.917879696E-01 1.755656710E-01
 1.598842030E-01 1.447290025E-01 1.300813185E-01 1.159209957E-01 1.022309329E-01
 8.899826976E-02 7.621231479E-02 6.386043370E-02 5.192851343E-02 4.040355463E-02
 2.927522832E-02 1.853516773E-02 8.173793333E-03-1.817707743E-03-1.144783579E-02
-2.072565982E-02-2.965995650E-02-3.825745015E-02-4.652420583E-02-5.446632367E-02
-6.208965051E-02-6.939979777E-02-7.640297562E-02-8.310518245E-02-8.951139894E-02
-9.562576291E-02-1.014523119E-01-1.069948395E-01-1.122567047E-01-1.172408820E-01
-1.219504337E-01-1.263892680E-01-1.305604562E-01-1.344653157E-01-1.381044067E-01
-1.414790428E-01-1.445898641E-01-1.474362665E-01-1.500167327E-01-1.523295851E-01
-1.543737312E-01-1.561456158E-01-1.576379018E-01-1.588411424E-01-1.597463542E-01
-1.603404035E-01-1.606059122E-01-1.605223601E-01-1.600646701E-01-1.591993031E-01
-1.578828214E-01-1.560604274E-01-1.536641009E-01-1.506107874E-01-1.468006285E-01
-1.421059886E-01-1.363622192E-01-1.293659284E-01-1.208777092E-01-1.106139776E-01
-9.823075703E-02-8.331609051E-02-6.540734369E-02-4.399367563E-02-1.851865341E-02
 1.159505692E-02 4.690812449E-02 8.796644659E-02 1.352728049E-01 1.893154856E-01
 2.506007318E-01 3.196329231E-01 3.968989351E-01 4.825852590E-01 5.758490116E-01
 6.737336178E-01 7.700211401E-01 8.537726247E-01 9.129261300E-01 9.343676253E-01
 9.036059879E-01 8.443691062E-01 7.699637165E-01 6.742265658E-01
-1.247374667E+06-1.220628432E+06-1.194487756E+06-1.168952632E+06-1.144023075E+06
-1.119699078E+06-1.095980458E+06-1.072868194E+06-1.050359339E+06-1.028458967E+06
-1.007168265E+06-9.864431181E+05-9.664664396E+05-9.467846556E+05-9.270189683E+05
-9.084170296E+05-8.908509874E+05-8.740683266E+05-8.580371818E+05-8.426546235E+05
-8.278522195E+05-8.135712361E+05-7.997612564E+05-7.863810715E+05-7.733938379E+05
-7.607654886E+05-7.484668216E+05-7.364737539E+05-7.247651878E+05-7.133199879E+05
-7.021202781E+05-6.911506754E+05-6.803965542E+05-6.698439294E+05-6.594827190E+05
-6.493020569E+05-6.392908729E+05-6.294399595E+05-6.197421372E+05-6.101890198E+05
-6.007733291E+05-5.914893588E+05-5.823314716E+05-5.732928602E+05-5.643675857E+05
-5.555514617E+05-5.468410493E+05-5.382317642E+05-5.297186342E+05-5.212974506E+05
-5.129650742E+05-5.047188922E+05-4.965557704E+05-4.884722002E+05-4.804649358E+05
-4.725313739E+05-4.646693884E+05-4.568765418E+05-4.491506044E+05-4.414894043E+05
-4.338905773E+05-4.263518021E+05-4.188713115E+05-4.114475035E+05-4.040787421E+05
-3.967634327E+05-3.895000082E+05-3.822867762E+05-3.751220798E+05-3.680044723E+05
-3.609327038E+05-3.539056159E+05-3.469220808E+05-3.399810345E+05-3.330815063E+05
-3.262225071E+05-3.194028020E+05-3.126213644E+05-3.058776256E+05-2.991712050E+05
-2.925015315E+05-2.858681881E+05-2.792710784E+05-2.727103536E+05-2.661862114E+05
-2.596986624E+05-2.532484120E+05-2.468372363E+05-2.404674906E+05-2.341413517E+05
-2.278622162E+05-2.216347165E+05-2.154643885E+05-2.093580954E+05-2.033251425E+05
-1.973777804E+05-1.915316352E+05-1.858062141E+05-1.802254581E+05-1.748185452E+05
-1.696230329E+05-1.646875141E+05-1.600723538E+05-1.558492164E+05-1.521035531E+05
-1.489396561E+05-1.464832290E+05-1.448765293E+05-1.442784300E+05-1.448639741E+05
-1.468173725E+05-1.503214034E+05-1.555586380E+05-1.627033648E+05-1.719309839E+05
-1.834287754E+05-1.973915090E+05-2.140199626E+05-2.334344083E+05-2.554511680E+05
-2.792422334E+05-3.029490361E+05-3.232119371E+05-3.362034625E+05-3.376266324E+05
-3.227434463E+05-2.988354337E+05-2.700264993E+05-2.344064951E+05
-1.130533760E-01-1.170630941E-01-1.211697511E-01-1.253737929E-01-1.296735657E-01
-1.340644477E-01-1.385379933E-01-1.430812537E-01-1.476764526E-01-1.523010641E-01
-1.569281408E-01-1.615266066E-01-1.660611737E-01-1.704916655E-01-1.748020282E-01
-1.782110934E-01-1.802377621E-01-1.804628263E-01-1.793807698E-01-1.787671519E-01
-1.789091049E-01-1.798640739E-01-1.817434348E-01-1.841463227E-01-1.858192536E-01
-1.868778965E-01-1.874074486E-01-1.874629170E-01-1.870756099E-01-1.862593841E-01
-1.850160073E-01-1.833394923E-01-1.812177937E-01-1.786312898E-01-1.755498718E-01
-1.719298641E-01-1.677101358E-01-1.628061580E-01-1.571011166E-01-1.504348887E-01
-1.425975841E-01-1.347907375E-01-1.277247936E-01-1.212281334E-01-1.151706057E-01
-1.094569889E-01-1.040173314E-01-9.879917434E-02-9.376215428E-02-8.887438294E-02
-8.411000673E-02-7.944751719E-02-7.486854064E-02-7.035692871E-02-6.589803524E-02
-6.147810149E-02-5.708371639E-02-5.270139740E-02-4.832414934E-02-4.403985043E-02
-3.983610400E-02-3.571219748E-02-3.166885467E-02-2.768486554E-02-2.376458837E-02
-1.991371834E-02-1.611484193E-02-1.237657548E-02-8.709336493E-03-5.099909494E-03
-1.562075812E-03 1.919167509E-03 5.440615302E-03 8.995901999E-03 1.258012474E-02
 1.618930483E-02 1.982022452E-02 2.347022310E-02 2.713702459E-02 3.081860300E-02
 3.451308058E-02 3.821864991E-02 4.193351401E-02 4.565583925E-02 4.938371810E-02
 5.311513908E-02 5.684796178E-02 6.057989697E-02 6.430848974E-02 6.803110598E-02
 7.174492164E-02 7.544691481E-02 7.913386017E-02 8.280232644E-02 8.644867671E-02
 9.006907195E-02 9.365947768E-02 9.721567374E-02 1.007332697E-01 1.042077190E-01
 1.076343479E-01 1.110083729E-01 1.143249362E-01 1.175791386E-01 1.207660738E-01
 1.238808725E-01 1.269187436E-01 1.298750189E-01 1.327451985E-01 1.355249990E-01
 1.382103983E-01 1.407976768E-01 1.432834632E-01 1.456647701E-01 1.479390231E-01
 1.501040965E-01 1.521583268E-01 1.541005333E-01 1.559300224E-01 1.576465931E-01
 1.592505267E-01 1.607425777E-01 1.621239519E-01 1.633962877E-01 1.645616189E-01
 1.656223488E-01 1.665812094E-01 1.674412249E-01 1.682056689E-01-1.173962016E-01
-1.216823043E-01-1.260973650E-01-1.306481969E-01-1.353398106E-01-1.401737766E-01
-1.451463011E-01-1.502465369E-01-1.554559707E-01-1.607494277E-01-1.660973251E-01
-1.714680927E-01-1.768452664E-01-1.817044874E-01-1.852799860E-01-1.874095685E-01
-1.882124869E-01-1.874084563E-01-1.852868670E-01-1.837607564E-01-1.830511580E-01
-1.831705396E-01-1.841992854E-01-1.857881747E-01-1.867770195E-01-1.872888986E-01
-1.873798522E-01-1.870771089E-01-1.863919880E-01-1.853250155E-01-1.838694293E-01
-1.820141513E-01-1.797447290E-01-1.770416200E-01-1.738775318E-01-1.702150884E-01
-1.660043358E-01-1.611788861E-01-1.556485817E-01-1.492824471E-01-1.418612867E-01
-1.344661628E-01-1.277066352E-01-1.214126671E-01-1.154818381E-01-1.098428376E-01
-1.044422358E-01-9.923841022E-02-9.419806593E-02-8.929396266E-02-8.450333839E-02
-7.980675088E-02-7.518719877E-02-7.062942498E-02-6.611934272E-02-6.164355640E-02
-5.718898648E-02-5.274265525E-02-4.830121807E-02-4.394535188E-02-3.967233533E-02
-3.547867341E-02-3.136068531E-02-2.730483402E-02-2.331220360E-02-1.938373570E-02
-1.551002029E-02-1.169651116E-02-7.948710214E-03-4.261519959E-03-6.450030412E-04
 2.922279499E-03 6.529969534E-03 1.017566498E-02 1.385478916E-02 1.756339850E-02
 2.129818491E-02 2.505637271E-02 2.883558686E-02 3.263372740E-02 3.644886359E-02
 4.027914912E-02 4.412275424E-02 4.797781135E-02 5.184237165E-02 5.571436957E-02
 5.959159317E-02 6.347165880E-02 6.735199078E-02 7.122980325E-02 7.510208541E-02
 7.896559001E-02 8.281682386E-02 8.665204212E-02 9.046724582E-02 9.425818247E-02
 9.802035136E-02 1.017490116E-01 1.054391975E-01 1.090857368E-01 1.126832748E-01
 1.162263027E-01 1.197091949E-01 1.231262456E-01 1.264717177E-01 1.297398918E-01
 1.329251182E-01 1.360218745E-01 1.390248253E-01 1.419288807E-01 1.447292565E-01
 1.474215318E-01 1.500016992E-01 1.524662199E-01 1.548120620E-01 1.570367382E-01
 1.591383365E-01 1.611155338E-01 1.629676117E-01 1.646944511E-01 1.662965298E-01
 1.677748991E-01 1.691311576E-01 1.703674242E-01 1.714862907E-01 1.724907794E-01
 1.733842965E-01 1.741705788E-01 1.748536398E-01-1.215451724E-01-1.260835654E-01
-1.307848898E-01-1.356663495E-01-1.407454337E-01-1.460372021E-01-1.515494797E-01
-1.572763767E-01-1.631940840E-01-1.692646455E-01-1.754472279E-01-1.815986027E-01
-1.861394338E-01-1.897433218E-01-1.921354081E-01-1.931147095E-01-1.928421700E-01
-1.910689345E-01-1.881571993E-01-1.858569969E-01-1.843205035E-01-1.834391769E-01
-1.830913548E-01-1.830191767E-01-1.828935930E-01-1.825807232E-01-1.820285089E-01
-1.812091323E-01-1.801036824E-01-1.786964371E-01-1.769721798E-01-1.749147677E-01
-1.725062773E-01-1.697264613E-01-1.665524302E-01-1.629586157E-01-1.589172742E-01
-1.544002098E-01-1.493836462E-01-1.438631337E-01-1.379127740E-01-1.318360656E-01
-1.258935211E-01-1.201448922E-01-1.145917224E-01-1.092196270E-01-1.040096932E-01
-9.894245223E-02-9.399936864E-02-8.916333289E-02-8.441872135E-02-7.975125566E-02
-7.514777484E-02-7.059596162E-02-6.608403316E-02-6.160038639E-02-5.713318711E-02
-5.266995665E-02-4.820720104E-02-4.382388651E-02-3.951727382E-02-3.528328818E-02
-3.111806308E-02-2.700897883E-02-2.295698883E-02-1.896275581E-02-1.501746421E-02
-1.112603430E-02-7.293395259E-03-3.515155475E-03 1.983851290E-04 3.867790665E-03
 7.580455248E-03 1.133324406E-02 1.512130947E-02 1.894091727E-02 2.278915164E-02
 2.666364780E-02 3.056239630E-02 3.448360257E-02 3.842558385E-02 4.238669181E-02
 4.636525102E-02 5.035951053E-02 5.436760249E-02 5.838750794E-02 6.241702722E-02
 6.645375280E-02 7.049504689E-02 7.453801979E-02 7.857951214E-02 8.261607882E-02
 8.664397597E-02 9.065915053E-02 9.465723418E-02 9.863353984E-02 1.025830651E-01
 1.065004960E-01 1.103802233E-01 1.142163591E-01 1.180027634E-01 1.217330765E-01
 1.254007597E-01 1.289991448E-01 1.325214863E-01 1.359610232E-01 1.393110494E-01
 1.425649838E-01 1.457164494E-01 1.487593447E-01 1.516879288E-01 1.544968905E-01
 1.571814242E-01 1.597372949E-01 1.621608944E-01 1.644492875E-01 1.666002537E-01
 1.686123075E-01 1.704847140E-01 1.722174817E-01 1.738113575E-01 1.752677947E-01
 1.765889153E-01 1.777774696E-01 1.788367740E-01 1.797706542E-01 1.805833772E-01
 1.812795851E-01 1.818642236E-01-1.254246617E-01-1.301640728E-01-1.350945164E-01
-1.402475021E-01-1.456613882E-01-1.513809787E-01-1.574528796E-01-1.639031640E-01
-1.706832117E-01-1.774830310E-01-1.832747648E-01-1.880228943E-01-1.915719782E-01
-1.939723207E-01-1.950674438E-01-1.948912833E-01-1.936108751E-01-1.909849761E-01
-1.877679764E-01-1.852069887E-01-1.832249984E-01-1.816875930E-01-1.804721850E-01
-1.794483387E-01-1.784887141E-01-1.774899477E-01-1.763781294E-01-1.751018942E-01
-1.736243837E-01-1.719175634E-01-1.699586705E-01-1.677280737E-01-1.652080720E-01
-1.623823726E-01-1.592361855E-01-1.557570321E-01-1.519365846E-01-1.477741033E-01
-1.432823984E-01-1.384968458E-01-1.334840964E-01-1.283370633E-01-1.231474765E-01
-1.179811689E-01-1.128757813E-01-1.078491085E-01-1.029069435E-01-9.804822629E-02
-9.326811080E-02-8.855976075E-02-8.391536946E-02-7.932673509E-02-7.478556063E-02
-7.028358118E-02-6.581256570E-02-6.136418207E-02-5.692959733E-02-5.249827154E-02
-4.806199745E-02-4.369842979E-02-3.939411312E-02-3.514828341E-02-3.096180942E-02
-2.681712644E-02-2.271854595E-02-1.867043907E-02-1.465746255E-02-1.068650325E-02
-6.764971191E-03-2.880636872E-03 9.535533427E-04 4.748384127E-03 8.588536185E-03
 1.246551491E-02 1.637541764E-02 2.031604226E-02 2.428583165E-02 2.828350592E-02
 3.230790079E-02 3.635787979E-02 4.043227632E-02 4.452984976E-02 4.864924830E-02
 5.278897688E-02 5.694736637E-02 6.112254639E-02 6.531241783E-02 6.951462782E-02
 7.372654485E-02 7.794523589E-02 8.216744362E-02 8.638956702E-02 9.060764202E-02
 9.481732639E-02 9.901388663E-02 1.031921918E-01 1.073467070E-01 1.114714963E-01
 1.155602367E-01 1.196062299E-01 1.236024307E-01 1.275414832E-01 1.314157666E-01
 1.352174522E-01 1.389385652E-01 1.425710698E-01 1.461069470E-01 1.495382905E-01
 1.528574089E-01 1.560569214E-01 1.591298675E-01 1.620698045E-01 1.648709046E-01
 1.675280421E-01 1.700368757E-01 1.723939053E-01 1.745965285E-01 1.766430704E-01
 1.785327938E-01 1.802659030E-01 1.818435207E-01 1.832676440E-01 1.845411016E-01
 1.856674797E-01 1.866510489E-01 1.874966806E-01 1.882097548E-01 1.887960713E-01
 1.892617527E-01-1.289839990E-01-1.338417191E-01-1.388975095E-01-1.441947586E-01
-1.497920236E-01-1.557694788E-01-1.622432407E-01-1.694105519E-01-1.765031803E-01
-1.824041856E-01-1.871793583E-01-1.909424224E-01-1.930593232E-01-1.941239815E-01
-1.939872064E-01-1.923914371E-01-1.898512983E-01-1.872170232E-01-1.847346391E-01
-1.824838810E-01-1.804872883E-01-1.787197327E-01-1.771301007E-01-1.756551433E-01
-1.742287532E-01-1.727891107E-01-1.712828530E-01-1.696660897E-01-1.679034228E-01
-1.659663188E-01-1.638315536E-01-1.614800471E-01-1.588961409E-01-1.560673400E-01
-1.529845265E-01-1.496426684E-01-1.460420957E-01-1.421903062E-01-1.381040697E-01
-1.338110734E-01-1.293496341E-01-1.247650628E-01-1.201031741E-01-1.154039744E-01
-1.106982835E-01-1.060074909E-01-1.013450374E-01-9.671834083E-02-9.213051264E-02
-8.758171660E-02-8.307015274E-02-7.859276441E-02-7.414573734E-02-6.972486501E-02
-6.532584515E-02-6.094458756E-02-5.657770640E-02-5.222380847E-02-4.788776478E-02
-4.358219338E-02-3.931362176E-02-3.508240620E-02-3.088712611E-02-2.672589826E-02
-2.259678687E-02-1.849793994E-02-1.442761426E-02-1.038412241E-02-6.365629890E-03
-2.369601796E-03 1.609043757E-03 5.583532808E-03 9.572198944E-03 1.358414346E-02
 1.762275808E-02 2.168955731E-02 2.578524760E-02 2.991008437E-02 3.406401744E-02
 3.824675675E-02 4.245779942E-02 4.669643802E-02 5.096175580E-02 5.525261538E-02
 5.956764180E-02 6.390520278E-02 6.826338577E-02 7.263997359E-02 7.703241867E-02
 8.143781661E-02 8.585287914E-02 9.027390795E-02 9.469676855E-02 9.911686710E-02
 1.035291309E-01 1.079279858E-01 1.123073544E-01 1.166606392E-01 1.209807348E-01
 1.252600359E-01 1.294904623E-01 1.336634967E-01 1.377702330E-01 1.418014412E-01
 1.457476512E-01 1.495992424E-01 1.533465572E-01 1.569800174E-01 1.604902575E-01
 1.638682592E-01 1.671054898E-01 1.701940422E-01 1.731267655E-01 1.758973834E-01
 1.785006046E-01 1.809322089E-01 1.831891129E-01 1.852694165E-01 1.871724174E-01
 1.888986049E-01 1.904496291E-01 1.918282423E-01 1.930382258E-01 1.940842904E-01
 1.949719758E-01 1.957075266E-01 1.962977733E-01 1.967500052E-01 1.970718459E-01
-1.322328493E-01-1.371044639E-01-1.421437826E-01-1.473948697E-01-1.529189227E-01
-1.587981130E-01-1.651388794E-01-1.720684728E-01-1.786694586E-01-1.837575040E-01
-1.874439008E-01-1.898263576E-01-1.907800925E-01-1.904206778E-01-1.887619266E-01
-1.867992301E-01-1.847606562E-01-1.827010778E-01-1.806703066E-01-1.787063103E-01
-1.768287172E-01-1.750375836E-01-1.733167953E-01-1.716392474E-01-1.699719025E-01
-1.682799611E-01-1.665298386E-01-1.646909299E-01-1.627363696E-01-1.606431697E-01
-1.583920315E-01-1.559671081E-01-1.533558376E-01-1.505489522E-01-1.475406727E-01
-1.443291159E-01-1.409168563E-01-1.373115380E-01-1.335263261E-01-1.295798791E-01
-1.254955430E-01-1.212996278E-01-1.170190743E-01-1.126791259E-01-1.083016189E-01
-1.039041586E-01-9.950006686E-02-9.509880408E-02-9.070661441E-02-8.632720070E-02
-8.196234196E-02-7.761242570E-02-7.327689690E-02-6.895464774E-02-6.464438181E-02
-6.034499990E-02-5.605605268E-02-5.177824345E-02-4.751368078E-02-4.326528359E-02
-3.903550070E-02-3.482555028E-02-3.063550138E-02-2.646462537E-02-2.231167508E-02
-1.817503351E-02-1.405274738E-02-9.942449711E-03-5.841155825E-03-1.744909968E-03
 2.351627065E-03 6.455196815E-03 1.057295405E-02 1.471103003E-02 1.887393166E-02
 2.306475928E-02 2.728560397E-02 3.153785111E-02 3.582237236E-02 4.013964044E-02
 4.448979441E-02 4.887267548E-02 5.328784149E-02 5.773456866E-02 6.221184335E-02
 6.671834683E-02 7.125243433E-02 7.581210984E-02 8.039499737E-02 8.499830962E-02
 8.961881414E-02 9.425279868E-02 9.889603495E-02 1.035437449E-01 1.081905660E-01
 1.128305217E-01 1.174569968E-01 1.220627178E-01 1.266397458E-01 1.311794772E-01
 1.356726628E-01 1.401094360E-01 1.444793724E-01 1.487715573E-01 1.529746813E-01
 1.570771585E-01 1.610672616E-01 1.649332821E-01 1.686637015E-01 1.722473750E-01
 1.756737205E-01 1.789329131E-01 1.820160584E-01 1.849153702E-01 1.876243136E-01
 1.901377284E-01 1.924519239E-01 1.945647319E-01 1.964755354E-01 1.981852502E-01
 1.996962748E-01 2.010124100E-01 2.021387445E-01 2.030815221E-01 2.038479826E-01
 2.044461983E-01 2.048849033E-01 2.051733197E-01 2.053209951E-01-1.352773655E-01
-1.400630303E-01-1.449399456E-01-1.499413420E-01-1.551179367E-01-1.605393459E-01
-1.662937726E-01-1.724861460E-01-1.781298477E-01-1.821326799E-01-1.845808517E-01
-1.855982609E-01-1.850322093E-01-1.839702560E-01-1.826872027E-01-1.812300285E-01
-1.796452282E-01-1.779747721E-01-1.762544190E-01-1.745116330E-01-1.727639437E-01
-1.710185136E-01-1.692730448E-01-1.675176525E-01-1.657371280E-01-1.639131668E-01
-1.620262480E-01-1.600570660E-01-1.579875051E-01-1.558012502E-01-1.534841379E-01
-1.510243628E-01-1.484126358E-01-1.456423284E-01-1.427096621E-01-1.396139145E-01
-1.363576270E-01-1.329467436E-01-1.293905950E-01-1.257016257E-01-1.218948155E-01
-1.179867984E-01-1.139947939E-01-1.099355387E-01-1.058243972E-01-1.016747610E-01
-9.749777405E-02-9.330231186E-02-8.909515193E-02-8.488124256E-02-8.066401737E-02
-7.644571443E-02-7.222768431E-02-6.801067836E-02-6.379511813E-02-5.958134580E-02
-5.536983737E-02-5.116133915E-02-4.695686343E-02-4.275751047E-02-3.856418975E-02
-3.437738452E-02-3.019704595E-02-2.602259697E-02-2.185297994E-02-1.768669827E-02
-1.352182713E-02-9.355986884E-03-5.186288466E-03-1.009280499E-03 3.179038832E-03
 7.383069252E-03 1.160729766E-02 1.585593382E-02 2.013264790E-02 2.444047227E-02
 2.878182460E-02 3.315858176E-02 3.757215823E-02 4.202356987E-02 4.651347943E-02
 5.104222453E-02 5.560983090E-02 6.021601411E-02 6.486017165E-02 6.954136669E-02
 7.425830523E-02 7.900930741E-02 8.379227326E-02 8.860464380E-02 9.344335806E-02
 9.830480658E-02 1.031847837E-01 1.080784348E-01 1.129802066E-01 1.178837976E-01
 1.227821140E-01 1.276672265E-01 1.325303460E-01 1.373618043E-01 1.421510543E-01
 1.468866935E-01 1.515565115E-01 1.561475664E-01 1.606462944E-01 1.650386494E-01
 1.693102794E-01 1.734467310E-01 1.774336824E-01 1.812571956E-01 1.849039767E-01
 1.883616419E-01 1.916189796E-01 1.946661795E-01 1.974950539E-01 2.000992007E-01
 2.024741411E-01 2.046173946E-01 2.065285086E-01 2.082090332E-01 2.096624454E-01
 2.108940205E-01 2.119106696E-01 2.127207379E-01 2.133337804E-01 2.137603259E-01
 2.140116306E-01 2.140994478E-01 2.140357986E-01-1.383446550E-01-1.429838447E-01
-1.475854981E-01-1.521627736E-01-1.567514126E-01-1.614094145E-01-1.662158924E-01
-1.712724285E-01-1.756797862E-01-1.781509451E-01-1.790444119E-01-1.790753545E-01
-1.787326765E-01-1.780743038E-01-1.771589650E-01-1.760368470E-01-1.747510075E-01
-1.733380059E-01-1.718279648E-01-1.702443443E-01-1.686037564E-01-1.669160877E-01
-1.651850288E-01-1.634089800E-01-1.615821920E-01-1.596959782E-01-1.577398609E-01
-1.557025665E-01-1.535728332E-01-1.513400246E-01-1.489945974E-01-1.465284355E-01
-1.439351193E-01-1.412101248E-01-1.383509905E-01-1.353574555E-01-1.322315283E-01
-1.289774932E-01-1.256018077E-01-1.221128643E-01-1.185206232E-01-1.148361152E-01
-1.110708867E-01-1.072364288E-01-1.033436823E-01-9.940264339E-02-9.542212443E-02
-9.140963040E-02-8.737136248E-02-8.331229663E-02-7.923631898E-02-7.514639071E-02
-7.104472496E-02-6.693296347E-02-6.281234145E-02-5.868383266E-02-5.454826013E-02
-5.040636069E-02-4.625879196E-02-4.210608558E-02-3.794856745E-02-3.378627800E-02
-2.961891327E-02-2.544579735E-02-2.126587464E-02-1.707771391E-02-1.287951171E-02
-8.669095126E-03-4.443929188E-03-2.011404849E-04 4.062426198E-03 8.350108542E-03
 1.266529081E-02 1.701125731E-02 2.139106772E-02 2.580747472E-02 3.026288602E-02
 3.475935808E-02 3.929860713E-02 4.388202560E-02 4.851069647E-02 5.318540212E-02
 5.790662601E-02 6.267454609E-02 6.748902203E-02 7.234957317E-02 7.725535166E-02
 8.220510664E-02 8.719714297E-02 9.222927304E-02 9.729876275E-02 1.024022683E-01
 1.075357745E-01 1.126945203E-01 1.178729245E-01 1.230645103E-01 1.282618330E-01
 1.334564033E-01 1.386386275E-01 1.437977592E-01 1.489218661E-01 1.539978294E-01
 1.590113737E-01 1.639471384E-01 1.687887920E-01 1.735192041E-01 1.781206621E-01
 1.825751450E-01 1.868646345E-01 1.909714656E-01 1.948786993E-01 1.985704983E-01
 2.020324981E-01 2.052521467E-01 2.082190119E-01 2.109250269E-01 2.133646756E-01
 2.155351048E-01 2.174361598E-01 2.190703417E-01 2.204426880E-01 2.215605836E-01
 2.224335080E-01 2.230727397E-01 2.234910232E-01 2.237022239E-01 2.237209820E-01
 2.235623793E-01 2.232416372E-01-1.418018125E-01-1.463196728E-01-1.505973337E-01
-1.546173495E-01-1.584070613E-01-1.620246677E-01-1.655359078E-01-1.690140999E-01
-1.715421866E-01-1.727895923E-01-1.734666109E-01-1.736798193E-01-1.735151142E-01
-1.730391157E-01-1.723056645E-01-1.713593125E-01-1.702372960E-01-1.689706449E-01
-1.675847794E-01-1.660998328E-01-1.645308939E-01-1.628883050E-01-1.611780660E-01
-1.594023916E-01-1.575603668E-01-1.556486581E-01-1.536622287E-01-1.515950014E-01
-1.494404463E-01-1.471920828E-01-1.448438867E-01-1.423906202E-01-1.398280958E-01
-1.371533773E-01-1.343649270E-01-1.314627100E-01-1.284482332E-01-1.253245284E-01
-1.220960627E-01-1.187685778E-01-1.153488532E-01-1.118444244E-01-1.082632548E-01
-1.046134137E-01-1.009027755E-01-9.713876841E-02-9.332819146E-02-8.947709513E-02
-8.559072879E-02-8.167354346E-02-7.772923455E-02-7.376081400E-02-6.977069912E-02
-6.576080767E-02-6.173264999E-02-5.768741058E-02-5.362601275E-02-4.954915909E-02
-4.545734815E-02-4.135086852E-02-3.722977765E-02-3.309387494E-02-2.894267841E-02
-2.477540768E-02-2.059097631E-02-1.638799158E-02-1.216476007E-02-7.919300032E-03
-3.649362072E-03 6.475385872E-04 4.974074630E-03 9.333044066E-03 1.372729649E-02
 1.815965631E-02 2.263285281E-02 2.714946372E-02 3.171187556E-02 3.632225930E-02
 4.098255631E-02 4.569447141E-02 5.045946696E-02 5.527875686E-02 6.015329625E-02
 6.508376701E-02 7.007055756E-02 7.511373528E-02 8.021301324E-02 8.536770818E-02
 9.057669091E-02 9.583832789E-02 1.011504139E-01 1.065100965E-01 1.119137863E-01
 1.173570666E-01 1.228345854E-01 1.283399443E-01 1.338655834E-01 1.394026625E-01
 1.449409465E-01 1.504687017E-01 1.559726109E-01 1.614377217E-01 1.668474308E-01
 1.721835295E-01 1.774263140E-01 1.825547767E-01 1.875468764E-01 1.923798966E-01
 1.970308763E-01 2.014771069E-01 2.056966640E-01 2.096689598E-01 2.133752799E-01
 2.167992860E-01 2.199274530E-01 2.227494348E-01 2.252583283E-01 2.274508347E-01
 2.293273049E-01 2.308916732E-01 2.321512684E-01 2.331165274E-01 2.338006145E-01
 2.342189608E-01 2.343887713E-01 2.343285118E-01 2.340573969E-01 2.335949282E-01
 2.329604759E-01-1.461953415E-01-1.508097733E-01-1.548142680E-01-1.581406398E-01
-1.608698760E-01-1.631822505E-01-1.652065566E-01-1.669315324E-01-1.682423832E-01
-1.690905149E-01-1.695227615E-01-1.695977384E-01-1.693669180E-01-1.688742117E-01
-1.681571618E-01-1.672479698E-01-1.661742034E-01-1.649592586E-01-1.636226624E-01
-1.621802801E-01-1.606445004E-01-1.590244509E-01-1.573262621E-01-1.555534019E-01
-1.537070686E-01-1.517866192E-01-1.497900120E-01-1.477142462E-01-1.455557626E-01
-1.433108120E-01-1.409757715E-01-1.385474119E-01-1.360231192E-01-1.334010645E-01
-1.306803348E-01-1.278610106E-01-1.249442068E-01-1.219320597E-01-1.188276729E-01
-1.156350105E-01-1.123587533E-01-1.090041314E-01-1.055767211E-01-1.020822535E-01
-9.852642498E-02-9.491473197E-02-9.125233787E-02-8.754397621E-02-8.379388968E-02
-8.000580280E-02-7.618292289E-02-7.232796210E-02-6.844317428E-02-6.453040011E-02
-6.059111387E-02-5.662646804E-02-5.263732936E-02-4.862430603E-02-4.458776323E-02
-4.052782873E-02-3.644439120E-02-3.233709349E-02-2.820532595E-02-2.404822155E-02
-1.986465390E-02-1.565324073E-02-1.141235149E-02-7.140121312E-03-2.834470465E-03
 1.506868134E-03 5.886314787E-03 1.030640201E-02 1.476972937E-02 1.927891696E-02
 2.383656135E-02 2.844519676E-02 3.310726290E-02 3.782507957E-02 4.260082722E-02
 4.743653106E-02 5.233404649E-02 5.729504516E-02 6.232099793E-02 6.741315499E-02
 7.257252077E-02 7.779982282E-02 8.309547325E-02 8.845952241E-02 9.389160225E-02
 9.939086015E-02 1.049558789E-01 1.105845856E-01 1.162741436E-01 1.220208324E-01
 1.278199066E-01 1.336654406E-01 1.395501627E-01 1.454652666E-01 1.514002290E-01
 1.573426129E-01 1.632778964E-01 1.691893184E-01 1.750577835E-01 1.808618277E-01
 1.865776900E-01 1.921794975E-01 1.976395958E-01 2.029290180E-01 2.080180886E-01
 2.128771414E-01 2.174773122E-01 2.217913595E-01 2.257944625E-01 2.294649629E-01
 2.327850117E-01 2.357410936E-01 2.383244138E-01 2.405311298E-01 2.423624187E-01
 2.438243762E-01 2.449277342E-01 2.456874211E-01 2.461219655E-01 2.462527938E-01
 2.461034589E-01 2.456988542E-01 2.450644629E-01 2.442256831E-01 2.432072661E-01
-1.524190734E-01-1.579116443E-01-1.618267531E-01-1.641628488E-01-1.647689222E-01
-1.652647755E-01-1.658423966E-01-1.663531607E-01-1.667178907E-01-1.668879284E-01
-1.668430633E-01-1.665833158E-01-1.661196150E-01-1.654677132E-01-1.646449139E-01
-1.636683775E-01-1.625542237E-01-1.613170393E-01-1.599695999E-01-1.585227244E-01
-1.569852233E-01-1.553639204E-01-1.536637490E-01-1.518879043E-01-1.500380508E-01
-1.481145618E-01-1.461167825E-01-1.440433057E-01-1.418922293E-01-1.396614149E-01
-1.373487049E-01-1.349521283E-01-1.324700643E-01-1.299013755E-01-1.272455136E-01
-1.245025831E-01-1.216733779E-01-1.187593758E-01-1.157627160E-01-1.126861287E-01
-1.095328517E-01-1.063065195E-01-1.030110487E-01-9.965050908E-02-9.622900464E-02
-9.275056138E-02-8.921903371E-02-8.563802817E-02-8.201084886E-02-7.834046221E-02
-7.462948017E-02-7.088015775E-02-6.709440218E-02-6.327378994E-02-5.941958649E-02
-5.553276803E-02-5.161404036E-02-4.766385530E-02-4.368242127E-02-3.966971060E-02
-3.562546306E-02-3.154918638E-02-2.744015678E-02-2.329741982E-02-1.911979292E-02
-1.490587040E-02-1.065403205E-02-6.362454887E-03-2.029129554E-03 2.348119638E-03
 6.771610700E-03 1.124377659E-02 1.576713607E-02 2.034426351E-02 2.497776015E-02
 2.967022691E-02 3.442424028E-02 3.924233175E-02 4.412696918E-02 4.908054065E-02
 5.410533851E-02 5.920354327E-02 6.437720570E-02 6.962822558E-02 7.495832561E-02
 8.036902039E-02 8.586157730E-02 9.143696849E-02 9.709581242E-02 1.028383040E-01
 1.086641255E-01 1.145723454E-01 1.205612966E-01 1.266284239E-01 1.327701160E-01
 1.389815018E-01 1.452562196E-01 1.515861495E-01 1.579611273E-01 1.643686230E-01
 1.707934233E-01 1.772173057E-01 1.836187735E-01 1.899728559E-01 1.962510495E-01
 2.024214377E-01 2.084490499E-01 2.142964746E-01 2.199247286E-01 2.252943415E-01
 2.303665737E-01 2.351046811E-01 2.394751320E-01 2.434487083E-01 2.470014402E-01
 2.501153530E-01 2.527790213E-01 2.549879056E-01 2.567444739E-01 2.580580685E-01
 2.589445131E-01 2.594254390E-01 2.595273595E-01 2.592805402E-01 2.587177632E-01
 2.578730754E-01 2.567806428E-01 2.554737696E-01 2.539841403E-01-1.572755934E-01
-1.632087357E-01-1.670142017E-01-1.686497674E-01-1.680587112E-01-1.673076403E-01
-1.667845611E-01-1.663568116E-01-1.659400019E-01-1.654766957E-01-1.649301361E-01
-1.642791685E-01-1.635137680E-01-1.626313427E-01-1.616339526E-01-1.605263451E-01
-1.593146198E-01-1.580053241E-01-1.566048466E-01-1.551190218E-01-1.535528760E-01
-1.519104931E-01-1.501949572E-01-1.484083718E-01-1.465519275E-01-1.446260081E-01
-1.426303332E-01-1.405641088E-01-1.384261870E-01-1.362152253E-01-1.339298351E-01
-1.315687195E-01-1.291307903E-01-1.266152644E-01-1.240217413E-01-1.213502529E-01
-1.186012944E-01-1.157758310E-01-1.128752765E-01-1.099014627E-01-1.068565849E-01
-1.037431295E-01-1.005638054E-01-9.732145882E-02-9.401899579E-02-9.065930314E-02
-8.724518430E-02-8.377929981E-02-8.026412224E-02-7.670190169E-02-7.309464344E-02
-6.944409486E-02-6.575174095E-02-6.201880529E-02-5.824625605E-02-5.443481305E-02
-5.058495607E-02-4.669693259E-02-4.277076419E-02-3.880625095E-02-3.480297549E-02
-3.076030520E-02-2.667739465E-02-2.255318843E-02-1.838642437E-02-1.417563933E-02
-9.919176084E-03-5.615192646E-03-1.261674455E-03 3.143551977E-03 7.602802618E-03
 1.211851813E-02 1.669324521E-02 2.132961705E-02 2.603033479E-02 3.079814984E-02
 3.563584728E-02 4.054623075E-02 4.553210950E-02 5.059628496E-02 5.574153852E-02
 6.097061802E-02 6.628622344E-02 7.169098830E-02 7.718745900E-02 8.277806685E-02
 8.846509479E-02 9.425063381E-02 1.001365297E-01 1.061243136E-01 1.122151195E-01
 1.184095790E-01 1.247076882E-01 1.311086502E-01 1.376106748E-01 1.442107381E-01
 1.509042916E-01 1.576849070E-01 1.645438677E-01 1.714696807E-01 1.784475375E-01
 1.854587267E-01 1.924800386E-01 1.994832202E-01 2.064345909E-01 2.132949123E-01
 2.200196657E-01 2.265598205E-01 2.328631337E-01 2.388758902E-01 2.445449097E-01
 2.498196000E-01 2.546538543E-01 2.590076565E-01 2.628483764E-01 2.661517552E-01
 2.689026460E-01 2.710955072E-01 2.727346571E-01 2.738342057E-01 2.744175850E-01
 2.745165907E-01 2.741699128E-01 2.734212529E-01 2.723171995E-01 2.709051438E-01
 2.692314334E-01 2.673399478E-01 2.652711268E-01-1.600631085E-01-1.659602493E-01
-1.696028457E-01-1.708634031E-01-1.699937872E-01-1.686214244E-01-1.674152910E-01
-1.663381754E-01-1.653341122E-01-1.643574404E-01-1.633732957E-01-1.623564503E-01
-1.612896479E-01-1.601618521E-01-1.589666576E-01-1.577009474E-01-1.563638328E-01
-1.549558273E-01-1.534782366E-01-1.519326998E-01-1.503208736E-01-1.486442096E-01
-1.469038200E-01-1.451004070E-01-1.432342433E-01-1.413051933E-01-1.393127660E-01
-1.372561837E-01-1.351344725E-01-1.329465454E-01-1.306912980E-01-1.283676945E-01
-1.259748403E-01-1.235120497E-01-1.209789002E-01-1.183752660E-01-1.157013424E-01
-1.129576518E-01-1.101450344E-01-1.072646296E-01-1.043178368E-01-1.013062797E-01
-9.823175228E-02-9.509616803E-02-9.190150264E-02-8.864974407E-02-8.534284270E-02
-8.198266746E-02-7.857096910E-02-7.510935032E-02-7.159924252E-02-6.804188942E-02
-6.443833635E-02-6.078942363E-02-5.709578415E-02-5.335784284E-02-4.957581788E-02
-4.574972292E-02-4.187936859E-02-3.796436505E-02-3.400412352E-02-2.999785795E-02
-2.594458711E-02-2.184313663E-02-1.769214212E-02-1.349005293E-02-9.235137389E-03
-4.925488928E-03-5.590338583E-04 3.866459810E-03 8.353372442E-03 1.290422207E-02
 1.752165342E-02 2.220842653E-02 2.696740648E-02 3.180155299E-02 3.671391139E-02
 4.170760465E-02 4.678582599E-02 5.195183231E-02 5.720893771E-02 6.256050685E-02
 6.800994693E-02 7.356069797E-02 7.921622008E-02 8.497997598E-02 9.085540858E-02
 9.684591000E-02 1.029547815E-01 1.091851786E-01 1.155400425E-01 1.220220094E-01
 1.286332872E-01 1.353755065E-01 1.422495222E-01 1.492551525E-01 1.563908635E-01
 1.636533419E-01 1.710369766E-01 1.785331961E-01 1.861296544E-01 1.938092548E-01
 2.015490171E-01 2.093188651E-01 2.170804511E-01 2.247862891E-01 2.323795298E-01
 2.397947541E-01 2.469599948E-01 2.537998474E-01 2.602391871E-01 2.662067874E-01
 2.716383396E-01 2.764786596E-01 2.806831868E-01 2.842190060E-01 2.870656471E-01
 2.892157903E-01 2.906758900E-01 2.914665494E-01 2.916223387E-01 2.911906695E-01
 2.902294820E-01 2.888038375E-01 2.869819092E-01 2.848311277E-01 2.824150939E-01
 2.797915653E-01 2.770114573E-01-1.620123874E-01-1.679311682E-01-1.714288301E-01
-1.724290877E-01-1.710030331E-01-1.691884442E-01-1.675436928E-01-1.660253636E-01
-1.645983265E-01-1.632307586E-01-1.618953645E-01-1.605697769E-01-1.592363557E-01
-1.578816465E-01-1.564957066E-01-1.550714102E-01-1.536037971E-01-1.520895181E-01
-1.505263606E-01-1.489128768E-01-1.472480841E-01-1.455312484E-01-1.437617209E-01
-1.419388303E-01-1.400618243E-01-1.381298334E-01-1.361418761E-01-1.340968748E-01
-1.319936915E-01-1.298311684E-01-1.276081798E-01-1.253236735E-01-1.229767250E-01
-1.205665693E-01-1.180926377E-01-1.155545791E-01-1.129522785E-01-1.102858578E-01
-1.075556708E-01-1.047622912E-01-1.019064905E-01-9.898920896E-02-9.601152140E-02
-9.297460365E-02-8.987969226E-02-8.672804785E-02-8.352091905E-02-8.025950943E-02
-7.694494789E-02-7.357826335E-02-7.016036332E-02-6.669201772E-02-6.317384513E-02
-5.960630364E-02-5.598968351E-02-5.232410289E-02-4.860950445E-02-4.484565376E-02
-4.103213757E-02-3.716836402E-02-3.325356145E-02-2.928677928E-02-2.526688756E-02
-2.119257826E-02-1.706236640E-02-1.287459204E-02-8.627422460E-03-4.318855515E-03
 5.327649636E-05 4.491302651E-03 8.997708652E-03 1.357513195E-02 1.822635721E-02
 2.295431129E-02 2.776206013E-02 3.265280504E-02 3.762988137E-02 4.269675680E-02
 4.785703195E-02 5.311444122E-02 5.847285457E-02 6.393627970E-02 6.950886454E-02
 7.519489849E-02 8.099881312E-02 8.692517977E-02 9.297870486E-02 9.916421860E-02
 1.054866602E-01 1.119510451E-01 1.185624341E-01 1.253258669E-01 1.322462863E-01
 1.393284225E-01 1.465766342E-01 1.539946940E-01 1.615854908E-01 1.693506213E-01
 1.772898339E-01 1.854002719E-01 1.936754411E-01 2.021038252E-01 2.106670424E-01
 2.193375041E-01 2.280755994E-01 2.368267497E-01 2.455191444E-01 2.540635069E-01
 2.623562436E-01 2.702860879E-01 2.777424171E-01 2.846225875E-01 2.908366589E-01
 2.963095782E-01 3.009818081E-01 3.048094218E-01 3.077643887E-01 3.098354495E-01
 3.110296915E-01 3.113745764E-01 3.109196260E-01 3.097363685E-01 3.079149982E-01
 3.055573322E-01 3.027677300E-01 2.996448879E-01 2.962765486E-01 2.927373484E-01
 2.890888759E-01-1.629325299E-01-1.688029243E-01-1.721702859E-01-1.729806569E-01
-1.711905571E-01-1.690892422E-01-1.671464536E-01-1.653208928E-01-1.635899045E-01
-1.619315605E-01-1.603255118E-01-1.587536367E-01-1.572003205E-01-1.556524578E-01
-1.540992905E-01-1.525321253E-01-1.509440261E-01-1.493294920E-01-1.476841643E-01
-1.460045574E-01-1.442878378E-01-1.425316409E-01-1.407339222E-01-1.388928519E-01
-1.370067368E-01-1.350739654E-01-1.330929847E-01-1.310622841E-01-1.289804023E-01
-1.268459369E-01-1.246575678E-01-1.224140717E-01-1.201143519E-01-1.177574538E-01
-1.153425854E-01-1.128691296E-01-1.103366502E-01-1.077448950E-01-1.050937903E-01
-1.023834300E-01-9.961406365E-02-9.678607121E-02-9.389994471E-02-9.095625803E-02
-8.795564325E-02-8.489876113E-02-8.178627479E-02-7.861882388E-02-7.539700125E-02
-7.212133163E-02-6.879225314E-02-6.541010126E-02-6.197509611E-02-5.848733090E-02
-5.494676378E-02-5.135321040E-02-4.770633887E-02-4.400566483E-02-4.025054848E-02
-3.644019144E-02-3.257363465E-02-2.864975664E-02-2.466727175E-02-2.062472970E-02
-1.652051417E-02-1.235284277E-02-8.119766844E-03-3.819171607E-03 5.512236084E-04
 4.993865027E-03 9.511364173E-03 1.410649804E-02 1.878220948E-02 2.354160866E-02
 2.838797554E-02 3.332476248E-02 3.835560002E-02 4.348430212E-02 4.871487455E-02
 5.405152431E-02 5.949867062E-02 6.506095760E-02 7.074326877E-02 7.655074255E-02
 8.248878886E-02 8.856310655E-02 9.477970070E-02 1.011448995E-01 1.076653679E-01
 1.143481217E-01 1.212005312E-01 1.282303188E-01 1.354455444E-01 1.428545676E-01
 1.504659832E-01 1.582885143E-01 1.663308418E-01 1.746013389E-01 1.831076641E-01
 1.918561491E-01 2.008508509E-01 2.100921137E-01 2.195743312E-01 2.292825056E-01
 2.391869641E-01 2.492356946E-01 2.593446643E-01 2.693898010E-01 2.792092053E-01
 2.886217389E-01 2.974531311E-01 3.055533690E-01 3.128011271E-01 3.191010728E-01
 3.243796354E-01 3.285817043E-01 3.316690787E-01 3.336210462E-01 3.344375303E-01
 3.341452811E-01 3.328068561E-01 3.305290587E-01 3.274622004E-01 3.237820241E-01
 3.196611391E-01 3.152478985E-01 3.106598968E-01 3.059865982E-01 3.012947234E-01
-1.626744235E-01-1.683590792E-01-1.716015921E-01-1.722725537E-01-1.706428118E-01
-1.683917404E-01-1.662380005E-01-1.641933987E-01-1.622429477E-01-1.603709000E-01
-1.585618188E-01-1.568011442E-01-1.550755533E-01-1.533731556E-01-1.516835353E-01
-1.499977080E-01-1.483079996E-01-1.466078969E-01-1.448918833E-01-1.431552703E-01
-1.413940482E-01-1.396047472E-01-1.377843247E-01-1.359300690E-01-1.340395244E-01
-1.321104387E-01-1.301407210E-01-1.281284167E-01-1.260716951E-01-1.239688435E-01
-1.218182670E-01-1.196184948E-01-1.173681883E-01-1.150661474E-01-1.127113151E-01
-1.103027870E-01-1.078398088E-01-1.053217771E-01-1.027482316E-01-1.001188500E-01
-9.743343242E-02-9.469188998E-02-9.189422274E-02-8.904050477E-02-8.613086209E-02
-8.316545157E-02-8.014444070E-02-7.706798723E-02-7.393622035E-02-7.074922295E-02
-6.750701563E-02-6.420954249E-02-6.085665827E-02-5.744811791E-02-5.398356695E-02
-5.046253327E-02-4.688442072E-02-4.324850283E-02-3.955391819E-02-3.579966546E-02
-3.198460006E-02-2.810743072E-02-2.416671577E-02-2.016086083E-02-1.608811603E-02
-1.194657315E-02-7.734163435E-03-3.448654558E-03 9.123518226E-04 5.351423392E-03
 9.871300703E-03 1.447490164E-02 1.916532607E-02 2.394586293E-02 2.881999709E-02
 3.379141876E-02 3.886403445E-02 4.404198029E-02 4.932963699E-02 5.473164782E-02
 6.025293952E-02 6.589874578E-02 7.167463423E-02 7.758653721E-02 8.364078579E-02
 8.984414836E-02 9.620387359E-02 1.027277376E-01 1.094240957E-01 1.163019421E-01
 1.233709682E-01 1.306416322E-01 1.381252300E-01 1.458339665E-01 1.537810330E-01
 1.619806673E-01 1.704482163E-01 1.792001606E-01 1.882540938E-01 1.976286066E-01
 2.073430130E-01 2.174167597E-01 2.278682652E-01 2.387125777E-01 2.499565250E-01
 2.615880598E-01 2.735516828E-01 2.856961557E-01 2.977194705E-01 3.092444078E-01
 3.199702845E-01 3.296974258E-01 3.382908158E-01 3.456529692E-01 3.517090820E-01
 3.563990342E-01 3.596732876E-01 3.614917353E-01 3.618259926E-01 3.606678364E-01
 3.580512594E-01 3.541027766E-01 3.491069526E-01 3.434530200E-01 3.374635911E-01
 3.313456201E-01 3.252274044E-01 3.191904616E-01 3.132873789E-01-1.621578316E-01
-1.678110206E-01-1.709523605E-01-1.714972664E-01-1.695659728E-01-1.671403308E-01
-1.648331710E-01-1.626316851E-01-1.605242919E-01-1.584987286E-01-1.565425542E-01
-1.546436084E-01-1.527903468E-01-1.509720616E-01-1.491790063E-01-1.474024305E-01
-1.456345635E-01-1.438685475E-01-1.420983527E-01-1.403186783E-01-1.385248551E-01
-1.367127439E-01-1.348786562E-01-1.330192738E-01-1.311315880E-01-1.292128475E-01
-1.272605173E-01-1.252722534E-01-1.232458767E-01-1.211793622E-01-1.190708278E-01
-1.169185338E-01-1.147208757E-01-1.124763864E-01-1.101837380E-01-1.078417353E-01
-1.054493163E-01-1.030055517E-01-1.005096310E-01-9.796086073E-02-9.535865252E-02
-9.270251067E-02-8.999201778E-02-8.722682097E-02-8.440661578E-02-8.153112939E-02
-7.860010485E-02-7.561328460E-02-7.257039506E-02-6.947113189E-02-6.631514613E-02
-6.310203152E-02-5.983131330E-02-5.650243742E-02-5.311476123E-02-4.966754528E-02
-4.615994607E-02-4.259100876E-02-3.895966181E-02-3.526471102E-02-3.150483465E-02
-2.767857847E-02-2.378435149E-02-1.982042104E-02-1.578490918E-02-1.167578712E-02
-7.490871505E-03-3.227818990E-03 1.115879128E-03 5.542902887E-03 1.005611043E-02
 1.465854590E-02 1.935344823E-02 2.414426157E-02 2.903464749E-02 3.402849927E-02
 3.912995786E-02 4.434343126E-02 4.967361669E-02 5.512552589E-02 6.070451462E-02
 6.641631647E-02 7.226708203E-02 7.826342275E-02 8.441246301E-02 9.072189779E-02
 9.720006076E-02 1.038560015E-01 1.106995736E-01 1.177415391E-01 1.249936898E-01
 1.324689792E-01 1.401816934E-01 1.481476368E-01 1.563843587E-01 1.649114264E-01
 1.737507402E-01 1.829269389E-01 1.924678782E-01 2.024052483E-01 2.127753708E-01
 2.236202597E-01 2.349891321E-01 2.469406633E-01 2.595467510E-01 2.728996852E-01
 2.871293949E-01 3.024705989E-01 3.183652764E-01 3.330396282E-01 3.463787676E-01
 3.581607146E-01 3.683082942E-01 3.769132150E-01 3.839691754E-01 3.893885459E-01
 3.929685609E-01 3.946373874E-01 3.944659928E-01 3.923978613E-01 3.882551708E-01
 3.816523997E-01 3.727751831E-01 3.640292793E-01 3.555063847E-01 3.472696812E-01
 3.393558387E-01 3.317840726E-01 3.245616314E-01-1.610635683E-01-1.666796745E-01
-1.697306953E-01-1.701699506E-01-1.679079527E-01-1.653534543E-01-1.629374544E-01
-1.606274987E-01-1.584132721E-01-1.562839933E-01-1.542286285E-01-1.522362824E-01
-1.502964831E-01-1.483993797E-01-1.465358503E-01-1.446975518E-01-1.428769146E-01
-1.410671148E-01-1.392620170E-01-1.374561118E-01-1.356444435E-01-1.338225433E-01
-1.319863656E-01-1.301322278E-01-1.282567634E-01-1.263568747E-01-1.244296990E-01
-1.224725827E-01-1.204830557E-01-1.184588154E-01-1.163977157E-01-1.142977576E-01
-1.121570805E-01-1.099739599E-01-1.077468002E-01-1.054741313E-01-1.031546051E-01
-1.007869876E-01-9.837015594E-02-9.590308490E-02-9.338484382E-02-9.081458234E-02
-8.819152107E-02-8.551493864E-02-8.278415943E-02-7.999854021E-02-7.715745702E-02
-7.426029167E-02-7.130641950E-02-6.829519625E-02-6.522594666E-02-6.209795304E-02
-5.891044521E-02-5.566259047E-02-5.235348496E-02-4.898214524E-02-4.554750072E-02
-4.204838661E-02-3.848353736E-02-3.485158045E-02-3.115103060E-02-2.738028347E-02
-2.353761093E-02-1.962115441E-02-1.562892002E-02-1.155877170E-02-7.408425544E-03
-3.175442624E-03 1.142778439E-03 5.549009782E-03 1.004620348E-02 1.463750233E-02
 1.932625124E-02 2.411601160E-02 2.901057619E-02 3.401398792E-02 3.913055998E-02
 4.436489997E-02 4.972193723E-02 5.520695438E-02 6.082562419E-02 6.658405095E-02
 7.248881909E-02 7.854704906E-02 8.476646223E-02 9.115545502E-02 9.772318739E-02
 1.044796821E-01 1.114359464E-01 1.186041126E-01 1.259976002E-01 1.336313182E-01
 1.415218988E-01 1.496879871E-01 1.581505923E-01 1.669335178E-01 1.760639028E-01
 1.855729121E-01 1.954966228E-01 2.058771968E-01 2.167644740E-01 2.282182110E-01
 2.403113363E-01 2.531349516E-01 2.668063919E-01 2.814828200E-01 2.973837218E-01
 3.148174284E-01 3.342778454E-01 3.523030667E-01 3.680283524E-01 3.818962345E-01
 3.939574405E-01 4.042149888E-01 4.122595513E-01 4.180931608E-01 4.220242608E-01
 4.239942435E-01 4.238916586E-01 4.211465898E-01 4.156013851E-01 4.072936622E-01
 3.957665072E-01 3.835965355E-01 3.723422556E-01 3.618752126E-01 3.521116384E-01
 3.429911625E-01 3.344640590E-01-1.588335295E-01-1.642490257E-01-1.672011502E-01
-1.675656500E-01-1.656091343E-01-1.630295588E-01-1.605448304E-01-1.581695524E-01
-1.558934387E-01-1.537054439E-01-1.515945711E-01-1.495502197E-01-1.475623852E-01
-1.456217590E-01-1.437197600E-01-1.418485248E-01-1.400008743E-01-1.381702653E-01
-1.363507383E-01-1.345368602E-01-1.327236697E-01-1.309066234E-01-1.290815501E-01
-1.272446036E-01-1.253922259E-01-1.235211125E-01-1.216281860E-01-1.197105692E-01
-1.177655698E-01-1.157906596E-01-1.137834684E-01-1.117417670E-01-1.096634644E-01
-1.075465965E-01-1.053893238E-01-1.031899239E-01-1.009467856E-01-9.865840126E-02
-9.632336296E-02-9.394035354E-02-9.150813819E-02-8.902555610E-02-8.649151075E-02
-8.390495990E-02-8.126490521E-02-7.857038100E-02-7.582044388E-02-7.301416126E-02
-7.015060076E-02-6.722881972E-02-6.424785512E-02-6.120671344E-02-5.810436151E-02
-5.493971802E-02-5.171164458E-02-4.841893841E-02-4.506032456E-02-4.163444890E-02
-3.813987120E-02-3.457505890E-02-3.093838047E-02-2.722809881E-02-2.344236529E-02
-1.957921310E-02-1.563655030E-02-1.161215302E-02-7.503657502E-03-3.308552310E-03
 9.758309225E-04 5.352327289E-03 9.823949687E-03 1.439390129E-02 1.906558947E-02
 2.384264155E-02 2.872892345E-02 3.372855950E-02 3.884595689E-02 4.408583183E-02
 4.945324131E-02 5.495361815E-02 6.059281201E-02 6.637713673E-02 7.231342435E-02
 7.840908823E-02 8.467219568E-02 9.111155338E-02 9.773680522E-02 1.045585517E-01
 1.115884795E-01 1.188395335E-01 1.263261004E-01 1.340642446E-01 1.420719826E-01
 1.503696254E-01 1.589801884E-01 1.679299012E-01 1.772488479E-01 1.869717658E-01
 1.971390627E-01 2.077981317E-01 2.190050533E-01 2.308268200E-01 2.433442597E-01
 2.566558144E-01 2.708821924E-01 2.861713777E-01 3.027020112E-01 3.206807949E-01
 3.403277330E-01 3.608899297E-01 3.790677885E-01 3.949635278E-01 4.086263493E-01
 4.199800884E-01 4.289425188E-01 4.356840620E-01 4.402524653E-01 4.425672691E-01
 4.424118743E-01 4.395595998E-01 4.340213863E-01 4.256615053E-01 4.142163417E-01
 3.998054106E-01 3.862445280E-01 3.738253725E-01 3.624249066E-01 3.519382013E-01
 3.422731541E-01-1.564094832E-01-1.617639134E-01-1.646310505E-01-1.649214282E-01
-1.627895808E-01-1.601499731E-01-1.576379810E-01-1.552428744E-01-1.529510085E-01
-1.507492701E-01-1.486255851E-01-1.465690491E-01-1.445698791E-01-1.426192888E-01
-1.407093470E-01-1.388328536E-01-1.369832409E-01-1.351544848E-01-1.333410390E-01
-1.315377769E-01-1.297399479E-01-1.279431335E-01-1.261432107E-01-1.243363268E-01
-1.225188684E-01-1.206874402E-01-1.188388420E-01-1.169700564E-01-1.150782315E-01
-1.131606688E-01-1.112148135E-01-1.092382457E-01-1.072286726E-01-1.051839209E-01
-1.031019326E-01-1.009807582E-01-9.881855033E-02-9.661355700E-02-9.436411687E-02
-9.206865134E-02-8.972565772E-02-8.733370130E-02-8.489140715E-02-8.239745178E-02
-7.985055416E-02-7.724946691E-02-7.459296666E-02-7.187984537E-02-6.910890104E-02
-6.627892845E-02-6.338871080E-02-6.043701095E-02-5.742256336E-02-5.434406590E-02
-5.120017247E-02-4.798948549E-02-4.471054890E-02-4.136184122E-02-3.794176888E-02
-3.444865944E-02-3.088075530E-02-2.723620665E-02-2.351306527E-02-1.970927663E-02
-1.582267355E-02-1.185096784E-02-7.791741899E-03-3.642440245E-03 5.996408754E-04
 4.937364114E-03 9.373763174E-03 1.391205622E-02 1.855566115E-02 2.330821264E-02
 2.817358124E-02 3.315589562E-02 3.825956715E-02 4.348931860E-02 4.885021616E-02
 5.434770677E-02 5.998766029E-02 6.577641843E-02 7.172085083E-02 7.782841951E-02
 8.410725454E-02 9.056623997E-02 9.721511669E-02 1.040645988E-01 1.111265147E-01
 1.184139735E-01 1.259415525E-01 1.337255395E-01 1.417842005E-01 1.501381213E-01
 1.588106110E-01 1.678281916E-01 1.772212002E-01 1.870245302E-01 1.972785302E-01
 2.080301184E-01 2.193341308E-01 2.312549409E-01 2.438683370E-01 2.572635706E-01
 2.715453117E-01 2.868350172E-01 3.032708907E-01 3.210056104E-01 3.402015304E-01
 3.610562730E-01 3.812608151E-01 3.987839637E-01 4.134417121E-01 4.256791908E-01
 4.356257668E-01 4.433184473E-01 4.485567299E-01 4.510649290E-01 4.511729617E-01
 4.488683434E-01 4.440404740E-01 4.363233498E-01 4.253090131E-01 4.111981725E-01
 3.958911876E-01 3.819667666E-01 3.693135392E-01 3.578001800E-01 3.473022137E-01
-1.534843719E-01-1.587850793E-01-1.615706100E-01-1.617980852E-01-1.593294688E-01
-1.566737191E-01-1.541916212E-01-1.518337154E-01-1.495795618E-01-1.474126016E-01
-1.453195293E-01-1.432895637E-01-1.413137416E-01-1.393843764E-01-1.374946878E-01
-1.356385500E-01-1.338103365E-01-1.320048132E-01-1.302170731E-01-1.284424905E-01
-1.266766883E-01-1.249155166E-01-1.231550305E-01-1.213914807E-01-1.196212936E-01
-1.178410650E-01-1.160475484E-01-1.142376461E-01-1.124083978E-01-1.105569805E-01
-1.086806949E-01-1.067769629E-01-1.048433212E-01-1.028774158E-01-1.008769972E-01
-9.883991566E-02-9.676411208E-02-9.464761930E-02-9.248855040E-02-9.028509564E-02
-8.803551518E-02-8.573813236E-02-8.339132708E-02-8.099352837E-02-7.854320684E-02
-7.603886716E-02-7.347904028E-02-7.086227613E-02-6.818713508E-02-6.545218116E-02
-6.265597415E-02-5.979706214E-02-5.687397455E-02-5.388521516E-02-5.082925487E-02
-4.770452544E-02-4.450941276E-02-4.124225030E-02-3.790131285E-02-3.448480991E-02
-3.099087921E-02-2.741758044E-02-2.376288771E-02-2.002468306E-02-1.620074851E-02
-1.228875858E-02-8.286270951E-03-4.190717785E-03 6.047578866E-07 4.290547651E-03
 8.682121382E-03 1.317850971E-02 1.778308491E-02 2.249942539E-02 2.733133440E-02
 3.228286228E-02 3.735833104E-02 4.256236208E-02 4.789990797E-02 5.337628818E-02
 5.899723040E-02 6.476891687E-02 7.069803833E-02 7.679185503E-02 8.305826786E-02
 8.950589906E-02 9.614418712E-02 1.029834958E-01 1.100352407E-01 1.173120391E-01
 1.248278841E-01 1.325983452E-01 1.406408178E-01 1.489747997E-01 1.576222316E-01
 1.666079025E-01 1.759599156E-01 1.857102568E-01 1.958954539E-01 2.065573419E-01
 2.177439514E-01 2.295104876E-01 2.419203889E-01 2.550463885E-01 2.689714856E-01
 2.837896984E-01 2.996065267E-01 3.165391325E-01 3.347164478E-01 3.542792398E-01
 3.751096607E-01 3.935062985E-01 4.090984775E-01 4.221477343E-01 4.327551781E-01
 4.409145227E-01 4.464752601E-01 4.495884205E-01 4.503865604E-01 4.488251254E-01
 4.447431306E-01 4.378404885E-01 4.281401100E-01 4.156401758E-01 4.002832873E-01
 3.853615012E-01 3.719482813E-01 3.598738095E-01 3.489722598E-01-1.491190099E-01
-1.541153290E-01-1.567809664E-01-1.570111524E-01-1.550412374E-01-1.525456300E-01
-1.501878103E-01-1.479466236E-01-1.457943335E-01-1.437135193E-01-1.416929346E-01
-1.397246608E-01-1.378025228E-01-1.359212663E-01-1.340761294E-01-1.322626237E-01
-1.304764338E-01-1.287133637E-01-1.269693175E-01-1.252402944E-01-1.235223930E-01
-1.218118077E-01-1.201048433E-01-1.183979099E-01-1.166875287E-01-1.149703342E-01
-1.132430751E-01-1.115026101E-01-1.097459103E-01-1.079700559E-01-1.061722357E-01
-1.043497387E-01-1.024999578E-01-1.006203821E-01-9.870859509E-02-9.676227071E-02
-9.477916511E-02-9.275711856E-02-9.069404549E-02-8.858793113E-02-8.643682597E-02
-8.423883971E-02-8.199213563E-02-7.969492409E-02-7.734545665E-02-7.494201951E-02
-7.248292690E-02-6.996651501E-02-6.739113512E-02-6.475514749E-02-6.205691511E-02
-5.929479689E-02-5.646714227E-02-5.357228463E-02-5.060853530E-02-4.757417807E-02
-4.446746284E-02-4.128659971E-02-3.802975338E-02-3.469503695E-02-3.128050564E-02
-2.778415079E-02-2.420389291E-02-2.053757469E-02-1.678295407E-02-1.293769597E-02
-8.999363924E-03-4.965411159E-03-8.331703527E-04 3.400157172E-03 7.737513456E-03
 1.218199720E-02 1.673687867E-02 2.140561562E-02 2.619187215E-02 3.109953872E-02
 3.613275534E-02 4.129593684E-02 4.659380251E-02 5.203140801E-02 5.761418258E-02
 6.334797044E-02 6.923907820E-02 7.529432812E-02 8.152111906E-02 8.792749589E-02
 9.452222844E-02 1.013149024E-01 1.083160211E-01 1.155371286E-01 1.229909395E-01
 1.306915011E-01 1.386543701E-01 1.468968192E-01 1.554380714E-01 1.642995735E-01
 1.735052922E-01 1.830820639E-01 1.930599644E-01 2.034727257E-01 2.143581702E-01
 2.257586602E-01 2.377215472E-01 2.502996236E-01 2.635515842E-01 2.775426186E-01
 2.923453644E-01 3.080417376E-01 3.247265474E-01 3.425141939E-01 3.615555866E-01
 3.804257713E-01 3.965246148E-01 4.099321519E-01 4.205148271E-01 4.286301248E-01
 4.345390555E-01 4.383109088E-01 4.398745634E-01 4.388970656E-01 4.355769849E-01
 4.300187949E-01 4.221534422E-01 4.117669785E-01 3.983740476E-01 3.831413675E-01
 3.696059479E-01 3.575971204E-01 3.468675735E-01-1.442036521E-01-1.488386494E-01
-1.513442499E-01-1.516716360E-01-1.499201344E-01-1.477505088E-01-1.456752100E-01
-1.436484427E-01-1.416587977E-01-1.397048805E-01-1.377869234E-01-1.359048120E-01
-1.340577205E-01-1.322441355E-01-1.304619824E-01-1.287087438E-01-1.269815717E-01
-1.252773723E-01-1.235928835E-01-1.219247349E-01-1.202694904E-01-1.186236897E-01
-1.169838793E-01-1.153466327E-01-1.137085718E-01-1.120663794E-01-1.104168070E-01
-1.087566893E-01-1.070829392E-01-1.053925597E-01-1.036826418E-01-1.019503633E-01
-1.001929914E-01-9.840787796E-02-9.659245898E-02-9.474425235E-02-9.286085289E-02
-9.093992939E-02-8.897922055E-02-8.697653036E-02-8.492972355E-02-8.283672064E-02
-8.069549293E-02-7.850405757E-02-7.626047192E-02-7.396282856E-02-7.160924986E-02
-6.919788273E-02-6.672689335E-02-6.419446172E-02-6.159877693E-02-5.893803126E-02
-5.621041604E-02-5.341411561E-02-5.054730282E-02-4.760813407E-02-4.459474352E-02
-4.150523874E-02-3.833769490E-02-3.509014944E-02-3.176059668E-02-2.834698171E-02
-2.484719449E-02-2.125906320E-02-1.758034744E-02-1.380873068E-02-9.941812774E-03
-5.977100837E-03-1.912000153E-03 2.256195854E-03 6.530316881E-03 1.091332788E-02
 1.540834242E-02 2.001863767E-02 2.474767027E-02 2.959909483E-02 3.457678383E-02
 3.968484960E-02 4.492766928E-02 5.030991215E-02 5.583657023E-02 6.151299230E-02
 6.734492190E-02 7.333853973E-02 7.950051089E-02 8.583803772E-02 9.235891849E-02
 9.907161325E-02 1.059853161E-01 1.131100359E-01 1.204566875E-01 1.280371875E-01
 1.358645610E-01 1.439530611E-01 1.523182854E-01 1.609773052E-01 1.699487973E-01
 1.792531581E-01 1.889126174E-01 1.989513122E-01 2.093953236E-01 2.202726493E-01
 2.316130887E-01 2.434480439E-01 2.558102310E-01 2.687333771E-01 2.822520793E-01
 2.964022512E-01 3.112232202E-01 3.267643475E-01 3.431049862E-01 3.603519134E-01
 3.758365433E-01 3.884286457E-01 3.984770687E-01 4.064172755E-01 4.123905479E-01
 4.164164224E-01 4.182999361E-01 4.180502455E-01 4.159031883E-01 4.118705914E-01
 4.058765813E-01 3.976367096E-01 3.870804771E-01 3.743087587E-01 3.616290152E-01
 3.506348504E-01 3.408601409E-01-1.382162561E-01-1.419979660E-01-1.442438625E-01
-1.448440995E-01-1.440894861E-01-1.426312607E-01-1.409226261E-01-1.391252459E-01
-1.372993979E-01-1.354730954E-01-1.336610025E-01-1.318710565E-01-1.301073597E-01
-1.283716258E-01-1.266639950E-01-1.249835274E-01-1.233285189E-01-1.216967258E-01
-1.200855137E-01-1.184919765E-01-1.169130194E-01-1.153454296E-01-1.137859191E-01
-1.122311706E-01-1.106778650E-01-1.091227045E-01-1.075624309E-01-1.059938402E-01
-1.044137883E-01-1.028192027E-01-1.012070815E-01-9.957450219E-02-9.791861749E-02
-9.623665649E-02-9.452592482E-02-9.278380163E-02-9.100773723E-02-8.919524965E-02
-8.734392159E-02-8.545139632E-02-8.351537414E-02-8.153360751E-02-7.950389741E-02
-7.742408903E-02-7.529206693E-02-7.310575134E-02-7.086309363E-02-6.856207207E-02
-6.620068765E-02-6.377696021E-02-6.128892412E-02-5.873462436E-02-5.611211250E-02
-5.341944272E-02-5.065466757E-02-4.781583425E-02-4.490098003E-02-4.190812794E-02
-3.883528254E-02-3.568042540E-02-3.244150973E-02-2.911645547E-02-2.570314407E-02
-2.219941232E-02-1.860304650E-02-1.491177546E-02-1.112326354E-02-7.235103263E-03
-3.244806411E-03 8.502045725E-04 5.052606437E-03 9.365185775E-03 1.379085052E-02
 1.833264257E-02 2.299375137E-02 2.777752910E-02 3.268750678E-02 3.772741181E-02
 4.290118816E-02 4.821301664E-02 5.366733849E-02 5.926888045E-02 6.502268153E-02
 7.093412320E-02 7.700896033E-02 8.325335610E-02 8.967391807E-02 9.627773640E-02
 1.030724242E-01 1.100661591E-01 1.172677233E-01 1.246865433E-01 1.323327283E-01
 1.402170953E-01 1.483511868E-01 1.567472734E-01 1.654183211E-01 1.743779314E-01
 1.836402143E-01 1.932196009E-01 2.031305409E-01 2.133870709E-01 2.240021964E-01
 2.349870334E-01 2.463496013E-01 2.580931600E-01 2.702138169E-01 2.826969331E-01
 2.955112264E-01 3.085975882E-01 3.218424463E-01 3.349825309E-01 3.472651580E-01
 3.579544065E-01 3.669215563E-01 3.741710852E-01 3.797221863E-01 3.835932328E-01
 3.857993270E-01 3.863537135E-01 3.852714248E-01 3.825738816E-01 3.782945176E-01
 3.724889793E-01 3.652601262E-01 3.568407198E-01 3.479307357E-01 3.394058923E-01
 3.314453985E-01-1.345804062E-01-1.384826157E-01-1.406245172E-01-1.409402806E-01
-1.396263408E-01-1.379893050E-01-1.363027069E-01-1.345774130E-01-1.328350437E-01
-1.310933728E-01-1.293645837E-01-1.276564375E-01-1.259735279E-01-1.243181935E-01
-1.226911586E-01-1.210919783E-01-1.195193479E-01-1.179713305E-01-1.164455246E-01
-1.149391924E-01-1.134493561E-01-1.119728727E-01-1.105064936E-01-1.090469094E-01
-1.075907855E-01-1.061347893E-01-1.046756142E-01-1.032099904E-01-1.017347013E-01
-1.002465894E-01-9.874256182E-02-9.721959536E-02-9.567473688E-02-9.410510363E-02
-9.250788316E-02-9.088033102E-02-8.921976872E-02-8.752358099E-02-8.578921225E-02
-8.401416361E-02-8.219598905E-02-8.033229198E-02-7.842072156E-02-7.645896902E-02
-7.444476435E-02-7.237587288E-02-7.025009229E-02-6.806524873E-02-6.581919483E-02
-6.350980605E-02-6.113497788E-02-5.869262328E-02-5.618066966E-02-5.359705620E-02
-5.093973052E-02-4.820664611E-02-4.539575881E-02-4.250502356E-02-3.953239116E-02
-3.647580410E-02-3.333319266E-02-3.010247080E-02-2.678153139E-02-2.336824127E-02
-1.986043587E-02-1.625591385E-02-1.255243047E-02-8.747691323E-03-4.839345185E-03
-8.249763992E-04 3.297903281E-03 7.531863394E-03 1.187956423E-02 1.634376664E-02
 2.092734304E-02 2.563328867E-02 3.046473376E-02 3.542495651E-02 4.051739693E-02
 4.574567074E-02 5.111358505E-02 5.662515374E-02 6.228461342E-02 6.809644016E-02
 7.406536552E-02 8.019639225E-02 8.649480888E-02 9.296620277E-02 9.961646884E-02
 1.064518157E-01 1.134787629E-01 1.207041277E-01 1.281350056E-01 1.357787244E-01
 1.436427764E-01 1.517347213E-01 1.600620447E-01 1.686319543E-01 1.774511067E-01
 1.865252283E-01 1.958586081E-01 2.054534133E-01 2.153087708E-01 2.254195277E-01
 2.357745691E-01 2.463544842E-01 2.571282588E-01 2.680484389E-01 2.790438097E-01
 2.900082118E-01 3.007846121E-01 3.111504416E-01 3.208312507E-01 3.295665791E-01
 3.371715170E-01 3.435381583E-01 3.486096159E-01 3.523594451E-01 3.547807690E-01
 3.558818785E-01 3.556859194E-01 3.542337703E-01 3.515903155E-01 3.478551543E-01
 3.431788083E-01 3.377798873E-01 3.319379529E-01 3.259298859E-01 3.199568224E-01
-1.306007274E-01-1.345171361E-01-1.365902202E-01-1.367480627E-01-1.352892009E-01
-1.334996127E-01-1.317349507E-01-1.299933242E-01-1.282731201E-01-1.265767503E-01
-1.249075882E-01-1.232684915E-01-1.216612901E-01-1.200867313E-01-1.185445871E-01
-1.170338130E-01-1.155527078E-01-1.140990519E-01-1.126702333E-01-1.112633391E-01
-1.098752483E-01-1.085026873E-01-1.071422877E-01-1.057906316E-01-1.044442773E-01
-1.030997943E-01-1.017537737E-01-1.004028498E-01-9.904371028E-02-9.767309994E-02
-9.628783077E-02-9.488477921E-02-9.346089190E-02-9.201318310E-02-9.053873379E-02
-8.903468994E-02-8.749825951E-02-8.592670965E-02-8.431736330E-02-8.266759604E-02
-8.097483254E-02-7.923654316E-02-7.745024106E-02-7.561347928E-02-7.372384788E-02
-7.177897145E-02-6.977650728E-02-6.771414271E-02-6.558959412E-02-6.340060467E-02
-6.114494295E-02-5.882040144E-02-5.642479506E-02-5.395595943E-02-5.141174940E-02
-4.879003676E-02-4.608870886E-02-4.330566573E-02-4.043881812E-02-3.748608434E-02
-3.444538733E-02-3.131465139E-02-2.809179850E-02-2.477474424E-02-2.136139329E-02
-1.784963523E-02-1.423733883E-02-1.052234746E-02-6.702472695E-03-2.775488477E-03
 1.260875218E-03 5.408939246E-03 9.671082351E-03 1.404974848E-02 1.854745457E-02
 2.316679817E-02 2.791046572E-02 3.278124044E-02 3.778201032E-02 4.291577610E-02
 4.818565863E-02 5.359490555E-02 5.914689719E-02 6.484515064E-02 7.069332203E-02
 7.669520621E-02 8.285473185E-02 8.917595286E-02 9.566303198E-02 1.023202170E-01
 1.091518028E-01 1.161620868E-01 1.233552952E-01 1.307354919E-01 1.383064601E-01
 1.460715344E-01 1.540333977E-01 1.621938041E-01 1.705532306E-01 1.791104227E-01
 1.878618187E-01 1.968008102E-01 2.059167959E-01 2.151939800E-01 2.246098240E-01
 2.341330865E-01 2.437213358E-01 2.533178828E-01 2.628482391E-01 2.722166552E-01
 2.813043298E-01 2.899722160E-01 2.980712963E-01 3.054589880E-01 3.120144299E-01
 3.176459837E-01 3.222910090E-01 3.259120931E-01 3.284932014E-01 3.300372547E-01
 3.305654615E-01 3.301182741E-01 3.287576569E-01 3.265699445E-01 3.236676599E-01
 3.201872279E-01 3.162791799E-01 3.120912801E-01 3.077516751E-01-1.265821613E-01
-1.304880275E-01-1.325136740E-01-1.325738774E-01-1.306979372E-01-1.288177368E-01
-1.270076991E-01-1.252507604E-01-1.235423956E-01-1.218801106E-01-1.202625069E-01
-1.186885691E-01-1.171571984E-01-1.156669753E-01-1.142160632E-01-1.128022125E-01
-1.114227976E-01-1.100748795E-01-1.087552744E-01-1.074606090E-01-1.061873815E-01
-1.049320078E-01-1.036908583E-01-1.024602899E-01-1.012366750E-01-1.000164160E-01
-9.879596258E-02-9.757182158E-02-9.634056354E-02-9.509882864E-02-9.384332746E-02
-9.257084232E-02-9.127822617E-02-8.996240061E-02-8.862035368E-02-8.724913629E-02
-8.584585862E-02-8.440768685E-02-8.293183862E-02-8.141558011E-02-7.985622208E-02
-7.825111660E-02-7.659765479E-02-7.489326386E-02-7.313540555E-02-7.132157436E-02
-6.944929664E-02-6.751612994E-02-6.551966231E-02-6.345751235E-02-6.132732910E-02
-5.912679191E-02-5.685361046E-02-5.450552473E-02-5.208030437E-02-4.957574864E-02
-4.698968530E-02-4.431996962E-02-4.156448305E-02-3.872113150E-02-3.578784335E-02
-3.276256696E-02-2.964326812E-02-2.642792685E-02-2.311453406E-02-1.970108804E-02
-1.618559066E-02-1.256604260E-02-8.840439615E-03-5.006767696E-03-1.062998261E-03
 2.992916530E-03 7.163048714E-03 1.144949933E-02 1.585440327E-02 2.037993332E-02
 2.502830503E-02 2.980177959E-02 3.470266723E-02 3.973332894E-02 4.489617728E-02
 5.019367506E-02 5.562833263E-02 6.120270178E-02 6.691936643E-02 7.278092907E-02
 7.878999188E-02 8.494913039E-02 9.126085925E-02 9.772758772E-02 1.043515598E-01
 1.111347815E-01 1.180789270E-01 1.251852147E-01 1.324542637E-01 1.398858998E-01
 1.474789306E-01 1.552308494E-01 1.631374850E-01 1.711925658E-01 1.793871856E-01
 1.877091608E-01 1.961422519E-01 2.046652384E-01 2.132508403E-01 2.218644863E-01
 2.304629865E-01 2.389932351E-01 2.473912008E-01 2.555816408E-01 2.634791624E-01
 2.709912038E-01 2.780230446E-01 2.844840639E-01 2.902937028E-01 2.953857616E-01
 2.997105516E-01 3.032353766E-01 3.059441692E-01 3.078369642E-01 3.089295932E-01
 3.092536543E-01 3.088565563E-01 3.078011803E-01 3.061644772E-01 3.040343164E-01
 3.015043245E-01 2.986673902E-01 2.956094119E-01-1.216081233E-01-1.254359808E-01
-1.273905894E-01-1.274083783E-01-1.257340335E-01-1.238316051E-01-1.220053133E-01
-1.202515351E-01-1.185661101E-01-1.169452337E-01-1.153854156E-01-1.138833358E-01
-1.124357002E-01-1.110391395E-01-1.096901488E-01-1.083850764E-01-1.071201303E-01
-1.058914071E-01-1.046949234E-01-1.035266493E-01-1.023825422E-01-1.012585684E-01
-1.001507336E-01-9.905509023E-02-9.796776104E-02-9.688494244E-02-9.580291029E-02
-9.471802789E-02-9.362674275E-02-9.252558828E-02-9.141118096E-02-9.028021764E-02
-8.912947118E-02-8.795578648E-02-8.675607568E-02-8.552731258E-02-8.426652819E-02
-8.297080540E-02-8.163727433E-02-8.026310804E-02-7.884551844E-02-7.738175295E-02
-7.586909218E-02-7.430484755E-02-7.268636069E-02-7.101100251E-02-6.927617382E-02
-6.747930608E-02-6.561786237E-02-6.368933934E-02-6.169126854E-02-5.962121866E-02
-5.747679670E-02-5.525564997E-02-5.295546689E-02-5.057397844E-02-4.810895843E-02
-4.555822381E-02-4.291963438E-02-4.019109237E-02-3.737054125E-02-3.445596420E-02
-3.144538271E-02-2.833685406E-02-2.512846929E-02-2.181834996E-02-1.840464602E-02
-1.488553194E-02-1.125920418E-02-7.523877546E-03-3.677782169E-03 2.808395777E-04
 4.353736042E-03 8.542648857E-03 1.284931505E-02 1.727546875E-02 2.182284188E-02
 2.649316393E-02 3.128816068E-02 3.620955157E-02 4.125904412E-02 4.643832766E-02
 5.174906273E-02 5.719286797E-02 6.277130206E-02 6.848584091E-02 7.433784863E-02
 8.032854047E-02 8.645893694E-02 9.272980717E-02 9.914159796E-02 1.056943494E-01
 1.123875866E-01 1.192201956E-01 1.261902673E-01 1.332949148E-01 1.405300463E-01
 1.478901069E-01 1.553677618E-01 1.629535345E-01 1.706353776E-01 1.783981890E-01
 1.862232617E-01 1.940876850E-01 2.019637126E-01 2.098181399E-01 2.176117643E-01
 2.252990271E-01 2.328280103E-01 2.401409504E-01 2.471754576E-01 2.538665169E-01
 2.601491727E-01 2.659615900E-01 2.712480278E-01 2.759613395E-01 2.800647373E-01
 2.835328560E-01 2.863522518E-01 2.885215389E-01 2.900512964E-01 2.909637832E-01
 2.912923956E-01 2.910807123E-01 2.903809542E-01 2.892517657E-01 2.877553637E-01
 2.859543743E-01 2.839088208E-01-1.163729935E-01-1.201125908E-01-1.220089544E-01
-1.219908715E-01-1.203820878E-01-1.184762591E-01-1.166549981E-01-1.149241684E-01
-1.132795524E-01-1.117164365E-01-1.102298903E-01-1.088148666E-01-1.074662569E-01
-1.061789281E-01-1.049477465E-01-1.037676050E-01-1.026334456E-01-1.015402799E-01
-1.004832115E-01-9.945744645E-02-9.845831066E-02-9.748125586E-02-9.652186335E-02
-9.557584930E-02-9.463906146E-02-9.370747705E-02-9.277719900E-02-9.184444980E-02
-9.090556546E-02-8.995698810E-02-8.899525895E-02-8.801701017E-02-8.701895735E-02
-8.599789202E-02-8.495067360E-02-8.387422263E-02-8.276551322E-02-8.162156658E-02
-8.043944494E-02-7.921624609E-02-7.794909842E-02-7.663515746E-02-7.527160294E-02
-7.385563779E-02-7.238448767E-02-7.085540184E-02-6.926565547E-02-6.761255178E-02
-6.589342620E-02-6.410564966E-02-6.224663261E-02-6.031382936E-02-5.830474108E-02
-5.621692041E-02-5.404797348E-02-5.179556298E-02-4.945741041E-02-4.703129722E-02
-4.451506569E-02-4.190662002E-02-3.920392550E-02-3.640500837E-02-3.350795482E-02
-3.051090964E-02-2.741207460E-02-2.420970648E-02-2.090211508E-02-1.748766124E-02
-1.396475427E-02-1.033185008E-02-6.587449334E-03-2.730095515E-03 1.241626237E-03
 5.329089881E-03 9.533628633E-03 1.385653421E-02 1.829905504E-02 2.286239318E-02
 2.754769958E-02 3.235606765E-02 3.728852476E-02 4.234602002E-02 4.752941029E-02
 5.283944121E-02 5.827672437E-02 6.384170852E-02 6.953464500E-02 7.535554514E-02
 8.130412952E-02 8.737976616E-02 9.358139771E-02 9.990745397E-02 1.063557481E-01
 1.129233562E-01 1.196064766E-01 1.264002581E-01 1.332986159E-01 1.402940103E-01
 1.473771948E-01 1.545369413E-01 1.617597326E-01 1.690294334E-01 1.763269453E-01
 1.836298672E-01 1.909121829E-01 1.981440108E-01 2.052914693E-01 2.123167222E-01
 2.191782709E-01 2.258315569E-01 2.322299280E-01 2.383259399E-01 2.440729518E-01
 2.494268462E-01 2.543477416E-01 2.588015147E-01 2.627610195E-01 2.662069809E-01
 2.691285390E-01 2.715235015E-01 2.733983295E-01 2.747678712E-01 2.756548226E-01
 2.760888970E-01 2.761056792E-01 2.757451707E-01 2.750501060E-01 2.740641809E-01
 2.728303591E-01-1.110460079E-01-1.147507342E-01-1.165989417E-01-1.165289860E-01
-1.146100355E-01-1.126892418E-01-1.108924032E-01-1.092059782E-01-1.076244573E-01
-1.061416683E-01-1.047509451E-01-1.034453524E-01-1.022178719E-01-1.010615300E-01
-9.996949389E-02-9.893513219E-02-9.795205522E-02-9.701413925E-02-9.611552845E-02
-9.525063951E-02-9.441415190E-02-9.360099700E-02-9.280634393E-02-9.202558384E-02
-9.125431358E-02-9.048831947E-02-8.972356035E-02-8.895615282E-02-8.818235522E-02
-8.739855415E-02-8.660125053E-02-8.578704700E-02-8.495263596E-02-8.409478853E-02
-8.321034343E-02-8.229619788E-02-8.134929749E-02-8.036662805E-02-7.934520741E-02
-7.828207805E-02-7.717430161E-02-7.601895384E-02-7.481312202E-02-7.355390366E-02
-7.223840808E-02-7.086375842E-02-6.942709689E-02-6.792558937E-02-6.635643261E-02
-6.471686020E-02-6.300415051E-02-6.121563239E-02-5.934869203E-02-5.740077888E-02
-5.536941049E-02-5.325217671E-02-5.104674402E-02-4.875085731E-02-4.636234293E-02
-4.387910929E-02-4.129914802E-02-3.862053408E-02-3.584142543E-02-3.296006194E-02
-2.997476498E-02-2.688393565E-02-2.368605318E-02-2.037967385E-02-1.696342912E-02
-1.343602452E-02-9.796238393E-03-6.042921414E-03-2.174996311E-03 1.808541566E-03
 5.908622911E-03 1.012610200E-02 1.446175333E-02 1.891626619E-02 2.349023816E-02
 2.818416613E-02 3.299843491E-02 3.793330360E-02 4.298888756E-02 4.816513787E-02
 5.346181517E-02 5.887845930E-02 6.441435238E-02 7.006847547E-02 7.583945731E-02
 8.172551435E-02 8.772438096E-02 9.383322825E-02 1.000485704E-01 1.063661590E-01
 1.127808578E-01 1.192865111E-01 1.258757853E-01 1.325400035E-01 1.392689599E-01
 1.460507261E-01 1.528714446E-01 1.597151308E-01 1.665634765E-01 1.733956823E-01
 1.801883391E-01 1.869153729E-01 1.935480943E-01 2.000553772E-01 2.064039984E-01
 2.125591575E-01 2.184851839E-01 2.241464114E-01 2.295081849E-01 2.345379224E-01
 2.392061679E-01 2.434875589E-01 2.473616450E-01 2.508135144E-01 2.538342290E-01
 2.564210308E-01 2.585773615E-01 2.603126582E-01 2.616419644E-01 2.625853291E-01
 2.631670285E-01 2.634146312E-01 2.633579539E-01 2.630279866E-01 2.624558557E-01
-1.047424045E-01-1.083471320E-01-1.101321680E-01-1.100381962E-01-1.082879769E-01
-1.063979043E-01-1.046487112E-01-1.030329692E-01-1.015430236E-01-1.001702334E-01
-9.890538108E-02-9.773903247E-02-9.666181729E-02-9.566462606E-02-9.473873771E-02
-9.387589430E-02-9.306833383E-02-9.230879313E-02-9.159049269E-02-9.090710848E-02
-9.025273826E-02-8.962186498E-02-8.900931905E-02-8.841024279E-02-8.782005638E-02
-8.723442621E-02-8.664923616E-02-8.606056114E-02-8.546464346E-02-8.485787106E-02
-8.423675802E-02-8.359792757E-02-8.293809522E-02-8.225405542E-02-8.154266688E-02
-8.080084156E-02-8.002553179E-02-7.921372030E-02-7.836240916E-02-7.746861039E-02
-7.652933776E-02-7.554160020E-02-7.450239804E-02-7.340872270E-02-7.225755941E-02
-7.104589235E-02-6.977071334E-02-6.842903130E-02-6.701788244E-02-6.553434213E-02
-6.397553487E-02-6.233864522E-02-6.062092688E-02-5.881971102E-02-5.693241441E-02
-5.495654472E-02-5.288970641E-02-5.072960416E-02-4.847404601E-02-4.612094564E-02
-4.366832326E-02-4.111430648E-02-3.845713031E-02-3.569513665E-02-3.282677349E-02
-2.985059365E-02-2.676525410E-02-2.356951386E-02-2.026223348E-02-1.684237390E-02
-1.330899567E-02-9.661259105E-03-5.898424573E-03-2.019853932E-03 1.974987415E-03
 6.086527123E-03 1.031508141E-02 1.466084868E-02 1.912390197E-02 2.370417860E-02
 2.840146823E-02 3.321539746E-02 3.814541156E-02 4.319075309E-02 4.835043579E-02
 5.362321423E-02 5.900754847E-02 6.450156243E-02 7.010299655E-02 7.580915262E-02
 8.161683191E-02 8.752226398E-02 9.352102749E-02 9.960796120E-02 1.057770651E-01
 1.120213963E-01 1.183329483E-01 1.247025344E-01 1.311196558E-01 1.375723745E-01
 1.440471925E-01 1.505289351E-01 1.570006545E-01 1.634435744E-01 1.698370655E-01
 1.761586870E-01 1.823843048E-01 1.884882923E-01 1.944438367E-01 2.002233521E-01
 2.057989897E-01 2.111432392E-01 2.162295902E-01 2.210332239E-01 2.255316918E-01
 2.297055434E-01 2.335388698E-01 2.370197360E-01 2.401404824E-01 2.428978837E-01
 2.452931682E-01 2.473318900E-01 2.490236583E-01 2.503817436E-01 2.514225656E-01
 2.521650872E-01 2.526301613E-01 2.528398417E-01 2.528167269E-01-9.785804951E-02
-1.013417232E-01-1.030640994E-01-1.029559720E-01-1.013464136E-01-9.951518758E-02
-9.784455449E-02-9.633500103E-02-9.497499870E-02-9.375185875E-02-9.265253608E-02
-9.166414573E-02-9.077431539E-02-8.997140070E-02-8.924459329E-02-8.858395139E-02
-8.798038060E-02-8.742558431E-02-8.691199694E-02-8.643271122E-02-8.598140516E-02
-8.555227178E-02-8.513995445E-02-8.473948767E-02-8.434624451E-02-8.395589018E-02
-8.356434032E-02-8.316772505E-02-8.276235745E-02-8.234470527E-02-8.191136661E-02
-8.145904877E-02-8.098454907E-02-8.048473756E-02-7.995654272E-02-7.939693623E-02
-7.880292075E-02-7.817151565E-02-7.749974447E-02-7.678462087E-02-7.602313551E-02
-7.521224568E-02-7.434886853E-02-7.342988145E-02-7.245212734E-02-7.141242547E-02
-7.030758517E-02-6.913442261E-02-6.788977788E-02-6.657053205E-02-6.517362345E-02
-6.369606180E-02-6.213494170E-02-6.048745420E-02-5.875089613E-02-5.692267932E-02
-5.500033591E-02-5.298152365E-02-5.086402905E-02-4.864576971E-02-4.632479615E-02
-4.389929195E-02-4.136757423E-02-3.872809313E-02-3.597943037E-02-3.312029815E-02
-3.014953807E-02-2.706611930E-02-2.386913729E-02-2.055781324E-02-1.713149300E-02
-1.358964707E-02-9.931871686E-03-6.157889843E-03-2.267553812E-03 1.739151136E-03
 5.862101964E-03 1.010103149E-02 1.445552052E-02 1.892498728E-02 2.350867586E-02
 2.820564093E-02 3.301473067E-02 3.793456538E-02 4.296351415E-02 4.809966607E-02
 5.334079806E-02 5.868433807E-02 6.412732301E-02 6.966635155E-02 7.529753099E-02
 8.101641902E-02 8.681795893E-02 9.269640967E-02 9.864527085E-02 1.046572034E-01
 1.107239447E-01 1.168362272E-01 1.229836959E-01 1.291548259E-01 1.353368590E-01
 1.415157432E-01 1.476761064E-01 1.538012417E-01 1.598731464E-01 1.658725984E-01
 1.717792778E-01 1.775719652E-01 1.832287856E-01 1.887275285E-01 1.940460133E-01
 1.991625139E-01 2.040562008E-01 2.087076079E-01 2.130990799E-01 2.172151884E-01
 2.210430961E-01 2.245728467E-01 2.277975745E-01 2.307136182E-01 2.333205396E-01
 2.356210437E-01 2.376208114E-01 2.393282381E-01 2.407541109E-01 2.419112207E-01
 2.428139427E-01 2.434778008E-01 2.439190386E-01-9.058943371E-02-9.399848316E-02
-9.566160463E-02-9.552626234E-02-9.369839900E-02-9.193253740E-02-9.038595156E-02
-8.903402844E-02-8.785799570E-02-8.683868084E-02-8.595743406E-02-8.519675691E-02
-8.454062346E-02-8.397458398E-02-8.348573327E-02-8.306260389E-02-8.269502242E-02
-8.237395707E-02-8.209136798E-02-8.184006896E-02-8.161360390E-02-8.140613757E-02
-8.121236121E-02-8.102741087E-02-8.084679762E-02-8.066634771E-02-8.048215132E-02
-8.029051856E-02-8.008794240E-02-7.987106621E-02-7.963665636E-02-7.938157847E-02
-7.910277696E-02-7.879725776E-02-7.846207245E-02-7.809430482E-02-7.769105712E-02
-7.724943616E-02-7.676653694E-02-7.623942284E-02-7.566510114E-02-7.504049974E-02
-7.436245445E-02-7.362770931E-02-7.283292887E-02-7.197471839E-02-7.104964898E-02
-7.005428530E-02-6.898521326E-02-6.783906636E-02-6.661254860E-02-6.530245276E-02
-6.390567753E-02-6.241924247E-02-6.084030072E-02-5.916614988E-02-5.739423805E-02
-5.552216873E-02-5.354770279E-02-5.146876104E-02-4.928342580E-02-4.698994101E-02
-4.458671218E-02-4.207230462E-02-3.944544223E-02-3.670500549E-02-3.385002903E-02
-3.087969989E-02-2.779335552E-02-2.459048238E-02-2.127071462E-02-1.783383395E-02
-1.427977008E-02-1.060860123E-02-6.820557162E-03-2.916021736E-03 1.104462293E-03
 5.240187504E-03 9.490274390E-03 1.385366219E-02 1.832909754E-02 2.291512150E-02
 2.761005352E-02 3.241197283E-02 3.731869744E-02 4.232775949E-02 4.743637710E-02
 5.264142360E-02 5.793939150E-02 6.332635434E-02 6.879792348E-02 7.434920189E-02
 7.997473410E-02 8.566845355E-02 9.142362715E-02 9.723279927E-02 1.030877345E-01
 1.089793647E-01 1.148977373E-01 1.208319725E-01 1.267702308E-01 1.326996923E-01
 1.386065602E-01 1.444760804E-01 1.502925954E-01 1.560396276E-01 1.617000012E-01
 1.672559997E-01 1.726895635E-01 1.779825292E-01 1.831168952E-01 1.880751171E-01
 1.928404156E-01 1.973970918E-01 2.017308236E-01 2.058289507E-01 2.096807140E-01
 2.132774531E-01 2.166127484E-01 2.196825012E-01 2.224849513E-01 2.250206327E-01
 2.272922707E-01 2.293046185E-01 2.310642593E-01 2.325793622E-01 2.338594194E-01
 2.349149811E-01 2.357573739E-01-8.206289538E-02-8.531279700E-02-8.690119687E-02
-8.677596162E-02-8.512622472E-02-8.351098270E-02-8.216221457E-02-8.104644673E-02
-8.013279963E-02-7.939212971E-02-7.879817535E-02-7.832793798E-02-7.796159644E-02
-7.768219774E-02-7.747527299E-02-7.732845394E-02-7.723112505E-02-7.717412288E-02
-7.714948187E-02-7.715022402E-02-7.717018366E-02-7.720386481E-02-7.724632198E-02
-7.729306285E-02-7.733996735E-02-7.738321986E-02-7.741925350E-02-7.744470292E-02
-7.745636430E-02-7.745116291E-02-7.742612383E-02-7.737834941E-02-7.730499908E-02
-7.720327314E-02-7.707040006E-02-7.690362582E-02-7.670020480E-02-7.645739108E-02
-7.617242407E-02-7.584250166E-02-7.546473172E-02-7.503605733E-02-7.455322919E-02
-7.401281475E-02-7.341122837E-02-7.274477299E-02-7.200968492E-02-7.120218054E-02
-7.031850206E-02-6.935495853E-02-6.830795751E-02-6.717402044E-02-6.594980159E-02
-6.463210787E-02-6.321791833E-02-6.170439750E-02-6.008890074E-02-5.836897256E-02
-5.654234616E-02-5.460694554E-02-5.256088805E-02-5.040248481E-02-4.813023846E-02
-4.574284060E-02-4.323916831E-02-4.061828168E-02-3.787941987E-02-3.502199827E-02
-3.204560537E-02-2.895000008E-02-2.573510996E-02-2.240102998E-02-1.894802232E-02
-1.537651637E-02-1.168711088E-02-7.880575931E-03-3.957856443E-03 7.992274106E-05
 4.231450954E-03 8.495223964E-03 1.286953465E-02 1.735246199E-02 2.194185757E-02
 2.663533022E-02 3.143022882E-02 3.632362128E-02 4.131227234E-02 4.639261793E-02
 5.156073719E-02 5.681232185E-02 6.214264335E-02 6.754651742E-02 7.301826731E-02
 7.855168566E-02 8.413999595E-02 8.977581470E-02 9.545111502E-02 1.011571943E-01
 1.068846445E-01 1.126233373E-01 1.183624054E-01 1.240902521E-01 1.297945634E-01
 1.354623469E-01 1.410799812E-01 1.466333047E-01 1.521077084E-01 1.574882709E-01
 1.627599080E-01 1.679075485E-01 1.729163240E-01 1.777717821E-01 1.824600902E-01
 1.869682552E-01 1.912843219E-01 1.953975610E-01 1.992986284E-01 2.029796954E-01
 2.064345445E-01 2.096586234E-01 2.126490598E-01 2.154046382E-01 2.179257404E-01
 2.202142525E-01 2.222734450E-01 2.241078374E-01 2.257230436E-01 2.271256207E-01
 2.283229110E-01-7.229510850E-02-7.530199187E-02-7.680279465E-02-7.673676280E-02
-7.541675393E-02-7.407608077E-02-7.305101849E-02-7.229552194E-02-7.175888967E-02
-7.139856102E-02-7.118002885E-02-7.107564569E-02-7.106326895E-02-7.112506197E-02
-7.124652588E-02-7.141574826E-02-7.162282795E-02-7.185943709E-02-7.211848563E-02
-7.239386329E-02-7.268023842E-02-7.297290167E-02-7.326764072E-02-7.356064101E-02
-7.384840577E-02-7.412769045E-02-7.439544934E-02-7.464879088E-02-7.488494133E-02
-7.510121317E-02-7.529498005E-02-7.546365524E-02-7.560467425E-02-7.571548152E-02
-7.579352213E-02-7.583623810E-02-7.584107131E-02-7.580547413E-02-7.572692482E-02
-7.560293162E-02-7.543096063E-02-7.520806691E-02-7.493087911E-02-7.459567572E-02
-7.419847398E-02-7.373511342E-02-7.320133131E-02-7.259283679E-02-7.190538551E-02
-7.113485625E-02-7.027730862E-02-6.932893406E-02-6.828607546E-02-6.714526670E-02
-6.590327087E-02-6.455710764E-02-6.310405220E-02-6.154159836E-02-5.986744975E-02
-5.807953103E-02-5.617599931E-02-5.415524530E-02-5.201588498E-02-4.975675163E-02
-4.737689189E-02-4.487556165E-02-4.225222078E-02-3.950652810E-02-3.663833593E-02
-3.364768662E-02-3.053480889E-02-2.730011590E-02-2.394420415E-02-2.046785274E-02
-1.687202396E-02-1.315786497E-02-9.326709534E-03-5.380081601E-03-1.319699500E-03
 2.852518464E-03 7.134447101E-03 1.152374598E-02 1.601784912E-02 2.061395362E-02
 2.530900536E-02 3.009968399E-02 3.498238498E-02 3.995320075E-02 4.500789875E-02
 5.014189944E-02 5.535025132E-02 6.062760630E-02 6.596819326E-02 7.136579234E-02
 7.681370952E-02 8.230475253E-02 8.783120993E-02 9.338483347E-02 9.895682537E-02
 1.045378324E-01 1.101179506E-01 1.156867333E-01 1.212332214E-01 1.267459748E-01
 1.322131300E-01 1.376224639E-01 1.429614823E-01 1.482175142E-01 1.533778276E-01
 1.584297603E-01 1.633608520E-01 1.681589867E-01 1.728125399E-01 1.773105165E-01
 1.816426883E-01 1.857997036E-01 1.897732005E-01 1.935558757E-01 1.971415521E-01
 2.005252036E-01 2.037029668E-01 2.066721298E-01 2.094310940E-01 2.119793343E-01
 2.143173322E-01 2.164465201E-01 2.183692122E-01 2.200885411E-01 2.216084002E-01
-6.130506968E-02-6.399419530E-02-6.539169412E-02-6.546434069E-02-6.428978125E-02
-6.342652633E-02-6.295056369E-02-6.275036951E-02-6.275063024E-02-6.289884135E-02
-6.315791755E-02-6.350104687E-02-6.390834278E-02-6.436468553E-02-6.485830978E-02
-6.537986379E-02-6.592176496E-02-6.647775021E-02-6.704255363E-02-6.761167210E-02
-6.818118921E-02-6.874764320E-02-6.930792434E-02-6.985919445E-02-7.039882331E-02
-7.092433704E-02-7.143337611E-02-7.192366055E-02-7.239296069E-02-7.283907271E-02
-7.325979748E-02-7.365292315E-02-7.401621036E-02-7.434738063E-02-7.464410941E-02
-7.490402545E-02-7.512472316E-02-7.530380113E-02-7.543896470E-02-7.552828778E-02
-7.557089736E-02-7.556400179E-02-7.550382626E-02-7.538603706E-02-7.520595571E-02
-7.495868595E-02-7.463920666E-02-7.424245666E-02-7.376344018E-02-7.319740669E-02
-7.254025082E-02-7.178776807E-02-7.093586061E-02-6.998065876E-02-6.891862339E-02
-6.774663983E-02-6.646204506E-02-6.506231706E-02-6.354509947E-02-6.190828351E-02
-6.015006746E-02-5.826896053E-02-5.626372405E-02-5.413335405E-02-5.187708625E-02
-4.949439607E-02-4.698498845E-02-4.434878710E-02-4.158592730E-02-3.869675015E-02
-3.568179715E-02-3.254180802E-02-2.927771865E-02-2.589065947E-02-2.238195563E-02
-1.875312644E-02-1.500588659E-02-1.114214737E-02-7.164018539E-03-3.073811502E-03
 1.125956713E-03 5.432558236E-03 9.843047732E-03 1.435425454E-02 1.896277302E-02
 2.366495177E-02 2.845688125E-02 3.333437998E-02 3.829297973E-02 4.332790948E-02
 4.843407915E-02 5.360606229E-02 5.883807938E-02 6.412398117E-02 6.945723388E-02
 7.483090557E-02 8.023765552E-02 8.566972704E-02 9.111894537E-02 9.657672008E-02
 1.020340549E-01 1.074815672E-01 1.129095082E-01 1.183078064E-01 1.236661080E-01
 1.289738327E-01 1.342202400E-01 1.393945059E-01 1.444858046E-01 1.494833975E-01
 1.543767294E-01 1.591555191E-01 1.638098576E-01 1.683302913E-01 1.727079056E-01
 1.769343891E-01 1.810020920E-01 1.849040618E-01 1.886340654E-01 1.921866009E-01
 1.955568909E-01 1.987408668E-01 2.017351475E-01 2.045370251E-01 2.071444446E-01
 2.095560027E-01 2.117709526E-01 2.137892269E-01 2.156114695E-01-4.779296478E-02
-4.971388509E-02-5.094860885E-02-5.149438783E-02-5.127909799E-02-5.144442418E-02
-5.190219022E-02-5.252226131E-02-5.324339132E-02-5.403068441E-02-5.486234896E-02
-5.572382131E-02-5.660483559E-02-5.749783679E-02-5.839706054E-02-5.929796919E-02
-6.019688966E-02-6.109077093E-02-6.197701591E-02-6.285336110E-02-6.371778776E-02
-6.456845597E-02-6.540365182E-02-6.622174776E-02-6.702116896E-02-6.780036660E-02
-6.855779485E-02-6.929189163E-02-7.000106104E-02-7.068365841E-02-7.133797573E-02
-7.196222849E-02-7.255454302E-02-7.311294313E-02-7.363533611E-02-7.411949489E-02
-7.456302918E-02-7.496332478E-02-7.531739489E-02-7.562148248E-02-7.588688724E-02
-7.610760913E-02-7.627794271E-02-7.639217131E-02-7.644446396E-02-7.642885862E-02
-7.633927413E-02-7.616951095E-02-7.591319023E-02-7.556353545E-02-7.511892149E-02
-7.457402306E-02-7.392387697E-02-7.316385929E-02-7.228980634E-02-7.129839068E-02
-7.018811755E-02-6.895637045E-02-6.760044708E-02-6.611800386E-02-6.450727552E-02
-6.276710559E-02-6.089646905E-02-5.889451512E-02-5.676067156E-02-5.449467853E-02
-5.209652663E-02-4.956643617E-02-4.690485202E-02-4.411243375E-02-4.119005070E-02
-3.813878001E-02-3.495990448E-02-3.165491169E-02-2.822549206E-02-2.467353890E-02
-2.100114598E-02-1.721060797E-02-1.330441874E-02-9.285271904E-03-5.156060972E-03
-9.198813261E-04 3.419967220E-03 7.859976394E-03 1.239642420E-02 1.702536827E-02
 2.174263863E-02 2.654382903E-02 3.142428711E-02 3.637910547E-02 4.140311049E-02
 4.649085299E-02 5.163659804E-02 5.683431648E-02 6.207767677E-02 6.736004021E-02
 7.267445705E-02 7.801366665E-02 8.337010150E-02 8.873589494E-02 9.410289466E-02
 9.946268140E-02 1.048065943E-01 1.101257629E-01 1.154111426E-01 1.206535615E-01
 1.258437702E-01 1.309724950E-01 1.360304982E-01 1.410086386E-01 1.458979310E-01
 1.506896054E-01 1.553751621E-01 1.599464183E-01 1.643955425E-01 1.687150839E-01
 1.728979828E-01 1.769375690E-01 1.808275495E-01 1.845619834E-01 1.881352499E-01
 1.915420153E-01 1.947772092E-01 1.978360104E-01 2.007138601E-01 2.034065069E-01
 2.059100794E-01 2.082212004E-01 2.103371225E-01-3.176431211E-02-3.222965515E-02
-3.322850631E-02-3.477463422E-02-3.674647591E-02-3.864097370E-02-4.037395106E-02
-4.200152756E-02-4.355586070E-02-4.505453140E-02-4.650795067E-02-4.792270646E-02
-4.930317655E-02-5.065237349E-02-5.197241941E-02-5.326482657E-02-5.453067116E-02
-5.577070366E-02-5.698542136E-02-5.817511594E-02-5.933990596E-02-6.047975806E-02
-6.159450144E-02-6.268383670E-02-6.374734140E-02-6.478447269E-02-6.579456764E-02
-6.677684211E-02-6.773038740E-02-6.865416659E-02-6.954700811E-02-7.040759826E-02
-7.123447244E-02-7.202600388E-02-7.278039203E-02-7.349565199E-02-7.416961735E-02
-7.479998068E-02-7.538445342E-02-7.592125078E-02-7.642234341E-02-7.688147675E-02
-7.729232707E-02-7.764838255E-02-7.794293853E-02-7.816914605E-02-7.832009194E-02
-7.838890180E-02-7.836886199E-02-7.825359887E-02-7.803745217E-02-7.771467339E-02
-7.727952644E-02-7.672622066E-02-7.604865699E-02-7.523980582E-02-7.430982051E-02
-7.325230056E-02-7.206262804E-02-7.073746158E-02-6.927497983E-02-6.767606316E-02
-6.593975238E-02-6.406498483E-02-6.205127107E-02-5.989883817E-02-5.760804493E-02
-5.517943012E-02-5.261378687E-02-4.991211662E-02-4.707562718E-02-4.410574350E-02
-4.100410443E-02-3.777256188E-02-3.441317957E-02-3.092823107E-02-2.732019642E-02
-2.359175878E-02-1.974579953E-02-1.578539534E-02-1.171381329E-02-7.534509438E-03
-3.251126581E-03 1.132505228E-03 5.612367639E-03 1.018425164E-02 1.484375398E-02
 1.958627366E-02 2.440700649E-02 2.930094092E-02 3.426285312E-02 3.928730194E-02
 4.436862527E-02 4.950093690E-02 5.467812502E-02 5.989385148E-02 6.514155476E-02
 7.041445398E-02 7.570555716E-02 8.100767154E-02 8.631341923E-02 9.161525537E-02
 9.690549153E-02 1.021763231E-01 1.074198590E-01 1.126281574E-01 1.177932648E-01
 1.229072519E-01 1.279622551E-01 1.329505163E-01 1.378644176E-01 1.426965143E-01
 1.474395548E-01 1.520865008E-01 1.566305223E-01 1.610649928E-01 1.653834569E-01
 1.695795897E-01 1.736471388E-01 1.775798500E-01 1.813713935E-01 1.850152810E-01
 1.885048067E-01 1.918330130E-01 1.949926980E-01 1.979764924E-01 2.007770103E-01
 2.033870661E-01 2.057999655E-01-1.721975874E-02-1.662655418E-02-1.744129697E-02
-1.970286713E-02-2.322221641E-02-2.644844925E-02-2.926744110E-02-3.180291593E-02
-3.413254152E-02-3.630616993E-02-3.835698782E-02-4.030792801E-02-4.217537706E-02
-4.397138553E-02-4.570503116E-02-4.738328911E-02-4.901160313E-02-5.059427192E-02
-5.213471585E-02-5.363566486E-02-5.509929408E-02-5.652732215E-02-5.792108397E-02
-5.928158456E-02-6.060953996E-02-6.190540675E-02-6.316940494E-02-6.440153386E-02
-6.560158306E-02-6.676913920E-02-6.790358855E-02-6.900411614E-02-7.006969983E-02
-7.109909930E-02-7.209083517E-02-7.304315359E-02-7.395395951E-02-7.482068828E-02
-7.564004049E-02-7.642656309E-02-7.717726540E-02-7.788717533E-02-7.855011827E-02
-7.915916056E-02-7.970687772E-02-8.018552361E-02-8.058723873E-02-8.090428217E-02
-8.112921833E-02-8.125502398E-02-8.127512704E-02-8.118330931E-02-8.097367211E-02
-8.064063794E-02-8.017903045E-02-7.958438509E-02-7.885389184E-02-7.798338334E-02
-7.696816562E-02-7.580307802E-02-7.448211954E-02-7.302430680E-02-7.142256839E-02
-6.967323687E-02-6.777541456E-02-6.573190016E-02-6.354324997E-02-6.121006398E-02
-5.873365009E-02-5.611536324E-02-5.335671664E-02-5.045949490E-02-4.742570352E-02
-4.425756433E-02-4.095752565E-02-3.752825621E-02-3.397263819E-02-3.029376072E-02
-2.649491033E-02-2.257956144E-02-1.855136661E-02-1.441414932E-02-1.017189762E-02
-5.828761013E-03-1.389047599E-03 3.142776589E-03 7.762087841E-03 1.246410438E-02
 1.724388555E-02 2.209633127E-02 2.701618127E-02 3.199801471E-02 3.703625138E-02
 4.212515238E-02 4.725882329E-02 5.243121803E-02 5.763614462E-02 6.286727342E-02
 6.811814717E-02 7.338219379E-02 7.865274188E-02 8.392303900E-02 8.918627267E-02
 9.443559392E-02 9.966414335E-02 1.048650772E-01 1.100315985E-01 1.151569820E-01
 1.202346049E-01 1.252579644E-01 1.302207046E-01 1.351166206E-01 1.399396661E-01
 1.446839397E-01 1.493436602E-01 1.539131263E-01 1.583866457E-01 1.627584535E-01
 1.670225991E-01 1.711728049E-01 1.752023206E-01 1.791037478E-01 1.828688912E-01
 1.864886310E-01 1.899528716E-01 1.932506054E-01 1.963701236E-01 1.992993983E-01
 2.020266123E-01-5.515584905E-03-4.472776157E-03-5.170543711E-03-7.676556074E-03
-1.188782381E-02-1.575535796E-02-1.923981720E-02-2.241923770E-02-2.535157549E-02
-2.808259522E-02-3.064766439E-02-3.307401694E-02-3.538274857E-02-3.759036721E-02
-3.970993946E-02-4.175192485E-02-4.372478211E-02-4.563541172E-02-4.748948134E-02
-4.929166894E-02-5.104584442E-02-5.275520830E-02-5.442239752E-02-5.604956717E-02
-5.763845397E-02-5.919042562E-02-6.070651876E-02-6.218746838E-02-6.363373039E-02
-6.504549742E-02-6.642271030E-02-6.776506487E-02-6.907201451E-02-7.034276901E-02
-7.157628940E-02-7.277127676E-02-7.392615151E-02-7.503900904E-02-7.610750439E-02
-7.714840480E-02-7.815722481E-02-7.912811923E-02-8.005421367E-02-8.092758462E-02
-8.173940442E-02-8.248057783E-02-8.314216595E-02-8.371559452E-02-8.419276992E-02
-8.456612927E-02-8.482863464E-02-8.497373611E-02-8.499534418E-02-8.488782295E-02
-8.464600826E-02-8.426523565E-02-8.374130903E-02-8.307013078E-02-8.224767396E-02
-8.127010640E-02-8.013424033E-02-7.883890816E-02-7.738096582E-02-7.575647419E-02
-7.396093758E-02-7.202078431E-02-6.992863797E-02-6.768281318E-02-6.528748233E-02
-6.274396223E-02-6.005367232E-02-5.721894272E-02-5.424216270E-02-5.112589313E-02
-4.787299173E-02-4.448654967E-02-4.096987851E-02-3.732650809E-02-3.356016777E-02
-2.967476506E-02-2.567436674E-02-2.156318532E-02-1.734556922E-02-1.302599634E-02
-8.609069330E-03-4.099512842E-03 4.978294254E-04 5.177996761E-03 9.935913807E-03
 1.476639285E-02 1.966413730E-02 2.462374410E-02 2.963970907E-02 3.470643082E-02
 3.981821745E-02 4.496929328E-02 5.015380791E-02 5.536584650E-02 6.059944143E-02
 6.584858647E-02 7.110725278E-02 7.636940648E-02 8.162902839E-02 8.688013540E-02
 9.211680283E-02 9.733318693E-02 1.025235503E-01 1.076822777E-01 1.128039020E-01
 1.178831168E-01 1.229147837E-01 1.278939348E-01 1.328157645E-01 1.376755997E-01
 1.424688621E-01 1.471910025E-01 1.518374039E-01 1.564032589E-01 1.608833962E-01
 1.652720761E-01 1.695627224E-01 1.737476096E-01 1.778175243E-01 1.817614123E-01
 1.855661017E-01 1.892162010E-01 1.926942954E-01 1.959815622E-01 1.990587781E-01
 3.683039451E-03 4.916377860E-03 4.282947668E-03 1.715228754E-03-2.388058097E-03
-6.566203789E-03-1.044348780E-02-1.404605771E-02-1.740910545E-02-2.056489034E-02
-2.354157356E-02-2.636311848E-02-2.904965573E-02-3.161800930E-02-3.408223145E-02
-3.645408210E-02-3.874343328E-02-4.095860078E-02-4.310661177E-02-4.519341910E-02
-4.722407281E-02-4.920285766E-02-5.113340301E-02-5.301877150E-02-5.486153002E-02
-5.666380708E-02-5.842733854E-02-6.015350427E-02-6.184335735E-02-6.349764604E-02
-6.511683183E-02-6.670110224E-02-6.825038118E-02-6.976433904E-02-7.124240601E-02
-7.268380230E-02-7.408761227E-02-7.545298698E-02-7.677970468E-02-7.808415339E-02
-7.936087087E-02-8.060327076E-02-8.180296648E-02-8.295004180E-02-8.403411290E-02
-8.504490746E-02-8.597265333E-02-8.680821813E-02-8.754311210E-02-8.816944260E-02
-8.867986037E-02-8.906750930E-02-8.932599325E-02-8.944935869E-02-8.943209051E-02
-8.926911023E-02-8.895576153E-02-8.848777384E-02-8.786127226E-02-8.707282947E-02
-8.611952460E-02-8.499889637E-02-8.370838822E-02-8.224524633E-02-8.060688967E-02
-7.879254621E-02-7.679912061E-02-7.462220965E-02-7.229976377E-02-6.982253868E-02
-6.718900837E-02-6.440507734E-02-6.147311915E-02-5.839559596E-02-5.517600038E-02
-5.181789890E-02-4.832504014E-02-4.470146544E-02-4.095142436E-02-3.707932440E-02
-3.308969704E-02-2.898717858E-02-2.477650138E-02-2.046248752E-02-1.605004585E-02
-1.154416839E-02-6.949926793E-03-2.272468669E-03 2.482987206E-03 7.311155930E-03
 1.220669238E-02 1.716419766E-02 2.217822619E-02 2.724329371E-02 3.235388586E-02
 3.750446789E-02 4.268949576E-02 4.790342776E-02 5.314073802E-02 5.839593164E-02
 6.366356091E-02 6.893824270E-02 7.421467845E-02 7.948767361E-02 8.475215939E-02
 9.000321340E-02 9.523608155E-02 1.004461965E-01 1.056291954E-01 1.107809344E-01
 1.158974930E-01 1.209751778E-01 1.260105072E-01 1.310001881E-01 1.359410737E-01
 1.408300894E-01 1.456641328E-01 1.504399322E-01 1.551538445E-01 1.598015805E-01
 1.643778386E-01 1.688758113E-01 1.732865500E-01 1.775981641E-01 1.817949313E-01
 1.858564902E-01 1.897575373E-01 1.934686136E-01 1.969582814E-01 1.180521265E-02
 1.320183904E-02 1.262660923E-02 1.001509464E-02 5.686044365E-03 1.310214248E-03
-2.809395447E-03-6.691140975E-03-1.035603279E-02-1.382532382E-02-1.711934575E-02
-2.025685424E-02-2.325474583E-02-2.612801135E-02-2.888982523E-02-3.155169941E-02
-3.412366067E-02-3.661442720E-02-3.903157309E-02-4.138167475E-02-4.367043891E-02
-4.590281269E-02-4.808307709E-02-5.021492599E-02-5.230153264E-02-5.434560496E-02
-5.634943121E-02-5.831491843E-02-6.024362260E-02-6.213677369E-02-6.399529509E-02
-6.581981804E-02-6.761069203E-02-6.936798894E-02-7.109149619E-02-7.278068120E-02
-7.443457356E-02-7.605140879E-02-7.764970710E-02-7.922831424E-02-8.078281681E-02
-8.230549256E-02-8.378573310E-02-8.521187492E-02-8.657232561E-02-8.785616526E-02
-8.905328616E-02-9.015434730E-02-9.115067460E-02-9.203416807E-02-9.279722759E-02
-9.343269793E-02-9.393383408E-02-9.429428293E-02-9.450807899E-02-9.456964967E-02
-9.447382579E-02-9.421585848E-02-9.379144680E-02-9.319677475E-02-9.242854256E-02
-9.148396729E-02-9.036074131E-02-8.905704288E-02-8.757158925E-02-8.590359463E-02
-8.405214046E-02-8.201610683E-02-7.979571841E-02-7.738652127E-02-7.478527088E-02
-7.204033071E-02-6.914118762E-02-6.608687703E-02-6.288493125E-02-5.953900546E-02
-5.605289730E-02-5.243146387E-02-4.867965192E-02-4.480249283E-02-4.080504670E-02
-3.669240786E-02-3.246971067E-02-2.814213391E-02-2.371490266E-02-1.919328755E-02
-1.458260130E-02-9.888193163E-03-5.115442337E-03-2.697502728E-04 4.643468322E-03
 9.618794727E-03 1.465081620E-02 1.973413632E-02 2.486338619E-02 3.003323599E-02
 3.523840745E-02 4.047368727E-02 4.573394166E-02 5.101413181E-02 5.630933098E-02
 6.161474261E-02 6.692571974E-02 7.223778584E-02 7.754665574E-02 8.284825823E-02
 8.813875774E-02 9.341457588E-02 9.867241174E-02 1.039092591E-01 1.091224202E-01
 1.143095147E-01 1.194684781E-01 1.245975511E-01 1.296952521E-01 1.347603345E-01
 1.397917016E-01 1.447883012E-01 1.497489448E-01 1.546720539E-01 1.595552825E-01
 1.643949506E-01 1.691851841E-01 1.739165913E-01 1.785742305E-01 1.831346600E-01
 1.875625184E-01 1.918091999E-01 1.958181453E-01 1.888243427E-02 2.038909328E-02
 1.987738384E-02 1.722733718E-02 1.255333056E-02 8.051141744E-03 3.775679697E-03
-2.940491345E-04-4.171084379E-03-7.869548356E-03-1.140392431E-02-1.478843555E-02
-1.803662926E-02-2.116113007E-02-2.417352014E-02-2.708430594E-02-2.990294238E-02
-3.263788828E-02-3.529668000E-02-3.788601041E-02-4.041180837E-02-4.287931384E-02
-4.529314661E-02-4.765736843E-02-4.997553776E-02-5.225075691E-02-5.448571354E-02
-5.668271470E-02-5.884371617E-02-6.097034617E-02-6.306392460E-02-6.512547834E-02
-6.715575555E-02-6.915524259E-02-7.112419815E-02-7.306274070E-02-7.497108417E-02
-7.685017352E-02-7.871996433E-02-8.057682057E-02-8.241404637E-02-8.422054205E-02
-8.598333077E-02-8.768943251E-02-8.932675320E-02-9.088423021E-02-9.235171286E-02
-9.371980940E-02-9.497975116E-02-9.612328242E-02-9.714257882E-02-9.803018974E-02
-9.877900919E-02-9.938225870E-02-9.983349252E-02-1.001266091E-01-1.002558746E-01
-1.002159505E-01-1.000019307E-01-9.960937995E-02-9.903437866E-02-9.827356322E-02
-9.732416188E-02-9.618404663E-02-9.485177552E-02-9.332660182E-02-9.160841937E-02
-8.969772960E-02-8.759554952E-02-8.530266636E-02-8.281962189E-02-8.014752529E-02
-7.728111753E-02-7.421996988E-02-7.101955532E-02-6.766932281E-02-6.416988298E-02
-6.053035517E-02-5.675640101E-02-5.285387074E-02-4.882833004E-02-4.468531098E-02
-4.043032982E-02-3.606891311E-02-3.160660402E-02-2.704896175E-02-2.240155638E-02
-1.766996045E-02-1.285973940E-02-7.976439313E-03-3.025575119E-03 1.987382295E-03
 7.057018889E-03 1.217799038E-02 1.734503509E-02 2.255298756E-02 2.779679156E-02
 3.307151465E-02 3.837236356E-02 4.369469995E-02 4.903405810E-02 5.438616340E-02
 5.974695274E-02 6.511259619E-02 7.047951979E-02 7.584443017E-02 8.120433954E-02
 8.655659261E-02 9.189889271E-02 9.722932929E-02 1.025464021E-01 1.078490466E-01
 1.131366575E-01 1.184091012E-01 1.236667289E-01 1.289103760E-01 1.341413482E-01
 1.393613921E-01 1.445726247E-01 1.497774280E-01 1.549782691E-01 1.601773925E-01
 1.653763032E-01 1.705748174E-01 1.757691353E-01 1.809473847E-01 1.860774471E-01
 1.910759161E-01 1.958001252E-01 2.426866095E-02 2.581109489E-02 2.530822500E-02
 2.268768063E-02 1.834914974E-02 1.379377089E-02 9.416398517E-03 5.218993660E-03
 1.193034345E-03-2.671471299E-03-6.385287687E-03-9.959454065E-03-1.340490098E-02
-1.673217495E-02-1.995125844E-02-2.307146327E-02-2.610138225E-02-2.904887915E-02
-3.192110648E-02-3.472453797E-02-3.746501156E-02-4.014777535E-02-4.277753365E-02
-4.535849230E-02-4.789439942E-02-5.038858410E-02-5.284398903E-02-5.526320036E-02
-5.764847253E-02-6.000174843E-02-6.232467516E-02-6.461861324E-02-6.688463616E-02
-6.912351345E-02-7.133565834E-02-7.352100238E-02-7.567870505E-02-7.783008003E-02
-7.997690206E-02-8.211593956E-02-8.423714583E-02-8.632662460E-02-8.836995882E-02
-9.035378616E-02-9.226602949E-02-9.409572153E-02-9.583278984E-02-9.746786627E-02
-9.899212672E-02-1.003971738E-01-1.016749525E-01-1.028177027E-01-1.038179372E-01
-1.046684402E-01-1.053622748E-01-1.058928065E-01-1.062537280E-01-1.064390924E-01
-1.064433555E-01-1.062614126E-01-1.058886509E-01-1.053209957E-01-1.045549685E-01
-1.035877386E-01-1.024171850E-01-1.010419509E-01-9.946149186E-02-9.767610668E-02
-9.568694138E-02-9.349589963E-02-9.110554184E-02-8.851882629E-02-8.573816012E-02
-8.276514514E-02-7.960051209E-02-7.624059139E-02-7.269246072E-02-6.901196044E-02
-6.519250216E-02-6.124242561E-02-5.716690530E-02-5.297184465E-02-4.866304408E-02
-4.424635401E-02-3.972763394E-02-3.511274706E-02-3.040754658E-02-2.561786166E-02
-2.074948063E-02-1.580813474E-02-1.079948003E-02-5.729081368E-03-6.023953899E-04
 4.575244049E-03 9.798640493E-03 1.506274900E-02 2.036268980E-02 2.569376313E-02
 3.105146392E-02 3.643149802E-02 4.182979980E-02 4.724255132E-02 5.266620273E-02
 5.809749543E-02 6.353348712E-02 6.897157879E-02 7.440954473E-02 7.984556514E-02
 8.527826103E-02 9.070673210E-02 9.613059869E-02 1.015500448E-01 1.069658699E-01
 1.123795345E-01 1.177932242E-01 1.232099090E-01 1.286334110E-01 1.340684883E-01
 1.395209271E-01 1.449976596E-01 1.505069218E-01 1.560584842E-01 1.616640364E-01
 1.673378740E-01 1.730983645E-01 1.789716090E-01 1.850034436E-01 1.912454896E-01
 1.969626672E-01 2.918208220E-02 3.078200776E-02 3.030305559E-02 2.767613788E-02
 2.324566653E-02 1.863991069E-02 1.419743280E-02 9.915850493E-03 5.788395702E-03
 1.807028623E-03-2.037058217E-03-5.753037395E-03-9.350127801E-03-1.283735783E-02
-1.622340058E-02-1.951646797E-02-2.272425092E-02-2.585389238E-02-2.891198484E-02
-3.190458278E-02-3.483722597E-02-3.771496717E-02-4.054240352E-02-4.332370760E-02
-4.606265790E-02-4.876266734E-02-5.142680958E-02-5.405784271E-02-5.665823016E-02
-5.923015941E-02-6.177555763E-02-6.429610613E-02-6.679325179E-02-6.926821627E-02
-7.172199724E-02-7.415534323E-02-7.656863868E-02-7.898686279E-02-8.140925175E-02
-8.382834403E-02-8.622976998E-02-8.859747261E-02-9.091654851E-02-9.317372714E-02
-9.535713657E-02-9.745600760E-02-9.946040483E-02-1.013609966E-01-1.031488876E-01
-1.048155004E-01-1.063525161E-01-1.077518379E-01-1.090055859E-01-1.101061025E-01
-1.110459663E-01-1.118180214E-01-1.124154006E-01-1.128315661E-01-1.130603440E-01
-1.130959703E-01-1.129331385E-01-1.125670469E-01-1.119934605E-01-1.112087633E-01
-1.102100259E-01-1.089950609E-01-1.075624928E-01-1.059118179E-01-1.040434569E-01
-1.019588013E-01-9.966023431E-02-9.715109709E-02-9.443552226E-02-9.151816429E-02
-8.840362053E-02-8.509502691E-02-8.159212997E-02-7.789123176E-02-7.399401071E-02
-6.997554972E-02-6.582680084E-02-6.155699093E-02-5.717165612E-02-5.267711498E-02
-4.807955721E-02-4.338519569E-02-3.860021429E-02-3.373075096E-02-2.878287362E-02
-2.376255473E-02-1.867564723E-02-1.352786111E-02-8.324744533E-03-3.071666207E-03
 2.226198744E-03 7.563882281E-03 1.293663641E-02 1.833994665E-02 2.376954527E-02
 2.922142750E-02 3.469186716E-02 4.017743595E-02 4.567502395E-02 5.118186320E-02
 5.669555402E-02 6.221409516E-02 6.773591703E-02 7.325992030E-02 7.878551843E-02
 8.431268705E-02 8.984201966E-02 9.537479141E-02 1.009130326E-01 1.064596145E-01
 1.120183509E-01 1.175941142E-01 1.231929847E-01 1.288224282E-01 1.344915193E-01
 1.402112404E-01 1.459948825E-01 1.518586116E-01 1.578223203E-01 1.639109464E-01
 1.701565919E-01 1.766018639E-01 1.833041842E-01 1.902922498E-01 1.967821151E-01
 3.357158070E-02 3.518531945E-02 3.477849617E-02 3.209341451E-02 2.730162323E-02
 2.266037136E-02 1.818308177E-02 1.385328337E-02 9.663930313E-03 5.607195676E-03
 1.674794701E-03-2.141680931E-03-5.850529299E-03-9.459784771E-03-1.297712309E-02
-1.640980758E-02-1.976466296E-02-2.304806856E-02-2.626596300E-02-2.942385792E-02
-3.252685587E-02-3.557967102E-02-3.858665178E-02-4.155180282E-02-4.447880740E-02
-4.737104766E-02-5.023162454E-02-5.306337583E-02-5.586889279E-02-5.865053565E-02
-6.141044906E-02-6.415058049E-02-6.687270660E-02-6.957848639E-02-7.226958123E-02
-7.494794787E-02-7.761656869E-02-8.030047241E-02-8.299609245E-02-8.569017623E-02
-8.836511845E-02-9.100411503E-02-9.359241093E-02-9.611705309E-02-9.856649320E-02
-1.009302123E-01-1.031983967E-01-1.053617022E-01-1.074110960E-01-1.093377765E-01
-1.111331287E-01-1.127887069E-01-1.142962393E-01-1.156476371E-01-1.168350164E-01
-1.178507187E-01-1.186873476E-01-1.193377958E-01-1.197952897E-01-1.200534251E-01
-1.201062234E-01-1.199481720E-01-1.195742893E-01-1.189801741E-01-1.181620759E-01
-1.171169532E-01-1.158425420E-01-1.143374255E-01-1.126010968E-01-1.106340270E-01
-1.084377248E-01-1.060147829E-01-1.033689112E-01-1.005049212E-01-9.742862589E-02
-9.414651951E-02-9.066519292E-02-8.699052169E-02-8.312585163E-02-7.906863044E-02
-7.481156149E-02-7.044520055E-02-6.595893292E-02-6.136277648E-02-5.666270758E-02
-5.186547090E-02-4.697763505E-02-4.200573003E-02-3.695618487E-02-3.183529536E-02
-2.664918558E-02-2.140377483E-02-1.610475510E-02-1.075757489E-02-5.367428416E-03
 6.075443060E-05 5.522317925E-03 1.101289060E-02 1.652839658E-02 2.206506866E-02
 2.761946231E-02 3.318847349E-02 3.876935756E-02 4.435975245E-02 4.995770508E-02
 5.556170243E-02 6.117070688E-02 6.678419812E-02 7.240222152E-02 7.802544447E-02
 8.365522257E-02 8.929367746E-02 9.494378802E-02 1.006095002E-01 1.062958571E-01
 1.120091557E-01 1.177571395E-01 1.235492321E-01 1.293968289E-01 1.353136513E-01
 1.413162068E-01 1.474243529E-01 1.536620024E-01 1.600579809E-01 1.666469592E-01
 1.734702549E-01 1.805759353E-01 1.880089834E-01 1.950074706E-01 3.634582103E-02
 3.796762110E-02 3.750893389E-02 3.489733961E-02 3.051966554E-02 2.590012010E-02
 2.141971275E-02 1.707746140E-02 1.286435918E-02 8.771190083E-03 4.789043361E-03
 9.095088429E-04-2.875268121E-03-6.572600797E-03-1.018930091E-02-1.373172304E-02
-1.720580503E-02-2.061710174E-02-2.397081391E-02-2.727181128E-02-3.052465417E-02
-3.373361128E-02-3.690267735E-02-4.003558861E-02-4.313583785E-02-4.620668819E-02
-4.925118651E-02-5.227217552E-02-5.527230423E-02-5.825403768E-02-6.121966242E-02
-6.417128557E-02-6.711081863E-02-7.003992685E-02-7.295989862E-02-7.587133451E-02
-7.879965667E-02-8.174923903E-02-8.471335421E-02-8.767471179E-02-9.061461950E-02
-9.351657010E-02-9.636630823E-02-9.915136671E-02-1.018605810E-01-1.044836482E-01
-1.070107988E-01-1.094325946E-01-1.117398153E-01-1.139234021E-01-1.159744332E-01
-1.178841187E-01-1.196438108E-01-1.212450143E-01-1.226794053E-01-1.239388593E-01
-1.250154768E-01-1.259016158E-01-1.265899311E-01-1.270734131E-01-1.273454332E-01
-1.273997982E-01-1.272307991E-01-1.268332736E-01-1.262026665E-01-1.253350979E-01
-1.242274266E-01-1.228773277E-01-1.212833601E-01-1.194450403E-01-1.173629108E-01
-1.150386187E-01-1.124749725E-01-1.096760087E-01-1.066470398E-01-1.033946759E-01
-9.992679611E-02-9.625235689E-02-9.238074523E-02-8.832043558E-02-8.407694027E-02
-7.964956183E-02-7.502480775E-02-7.030402592E-02-6.547588843E-02-6.055102447E-02
-5.553589392E-02-5.043763190E-02-4.526313969E-02-4.001916461E-02-3.471221093E-02
-2.934848072E-02-2.393385620E-02-1.847389795E-02-1.297384605E-02-7.438617691E-03
-1.872804519E-03 3.719333647E-03 9.333875846E-03 1.496724911E-02 2.061623995E-02
 2.627800764E-02 3.195010180E-02 3.763048204E-02 4.331754345E-02 4.901014512E-02
 5.470764616E-02 6.040994685E-02 6.611753839E-02 7.183156148E-02 7.755387646E-02
 8.328714576E-02 8.903493317E-02 9.480182289E-02 1.005935604E-01 1.064172271E-01
 1.122814418E-01 1.181966162E-01 1.241752464E-01 1.302322760E-01 1.363855039E-01
 1.426560573E-01 1.490688818E-01 1.556532131E-01 1.624428971E-01 1.694763994E-01
 1.767962920E-01 1.844629961E-01 1.918680726E-01 3.879182578E-02 4.040116042E-02
 3.994203414E-02 3.734449096E-02 3.296644185E-02 2.838264900E-02 2.394022199E-02
 1.962868383E-02 1.543422994E-02 1.134491656E-02 7.350708407E-03 3.443150751E-03
-3.850126028E-04-4.140160741E-03-7.828033436E-03-1.145389512E-02-1.502264346E-02
-1.853888039E-02-2.200695713E-02-2.543100409E-02-2.881495034E-02-3.216253772E-02
-3.547733117E-02-3.876272717E-02-4.202196128E-02-4.525811548E-02-4.847412493E-02
-5.167278477E-02-5.485675734E-02-5.802858006E-02-6.119067338E-02-6.434535064E-02
-6.749482660E-02-7.064121991E-02-7.378652648E-02-7.693249388E-02-8.010857583E-02
-8.331485454E-02-8.653715763E-02-8.975499105E-02-9.294953043E-02-9.610478853E-02
-9.920710206E-02-1.022445109E-01-1.052061624E-01-1.080818612E-01-1.108617885E-01
-1.135363532E-01-1.160961127E-01-1.185317430E-01-1.208340247E-01-1.229938418E-01
-1.250021936E-01-1.268502076E-01-1.285291549E-01-1.300304756E-01-1.313458042E-01
-1.324669995E-01-1.333861797E-01-1.340957617E-01-1.345885037E-01-1.348575578E-01
-1.348965216E-01-1.346994948E-01-1.342611457E-01-1.335767772E-01-1.326423989E-01
-1.314547981E-01-1.300116209E-01-1.283114456E-01-1.263538660E-01-1.241395688E-01
-1.216704157E-01-1.189495197E-01-1.159813238E-01-1.127716800E-01-1.093279111E-01
-1.056588565E-01-1.017748334E-01-9.768741216E-02-9.340869703E-02-8.894961991E-02
-8.431694735E-02-7.950999028E-02-7.451444781E-02-6.943761921E-02-6.426864377E-02
-5.901848471E-02-5.369422349E-02-4.830336737E-02-4.285300031E-02-3.734965889E-02
-3.179941162E-02-2.620791926E-02-2.058046221E-02-1.492194904E-02-9.236917321E-03
-3.529531628E-03 2.196419039E-03 7.937525891E-03 1.369076663E-02 1.945351471E-02
 2.522355110E-02 3.099908076E-02 3.677875302E-02 4.256168694E-02 4.834750256E-02
 5.413635895E-02 5.992900002E-02 6.572680922E-02 7.153187568E-02 7.734707268E-02
 8.317615280E-02 8.902386066E-02 9.489606931E-02 1.007999440E-01 1.067441413E-01
 1.127390401E-01 1.187970311E-01 1.249328481E-01 1.311639513E-01 1.375109709E-01
 1.439981679E-01 1.506538776E-01 1.575108548E-01 1.646063641E-01 1.719818393E-01
 1.796907596E-01 1.871811900E-01 4.088865698E-02 4.233320131E-02 4.205030071E-02
 3.930685365E-02 3.460914294E-02 3.011388634E-02 2.577548185E-02 2.155395515E-02
 1.742873995E-02 1.338598852E-02 9.416172436E-03 5.512354468E-03 1.669099088E-03
-2.118166707E-03-5.853517321E-03-9.540732557E-03-1.318340995E-02-1.678502503E-02
-2.034896172E-02-2.387852674E-02-2.737695468E-02-3.084740867E-02-3.429297918E-02
-3.771668262E-02-4.112145930E-02-4.451017310E-02-4.788561113E-02-5.125048487E-02
-5.460743277E-02-5.795902513E-02-6.130777507E-02-6.465616224E-02-6.800668914E-02
-7.136201434E-02-7.472527678E-02-7.810088830E-02-8.151827615E-02-8.497147308E-02
-8.844017524E-02-9.190268135E-02-9.534062796E-02-9.873870403E-02-1.020838802E-01
-1.053646229E-01-1.085702649E-01-1.116906080E-01-1.147157181E-01-1.176358169E-01
-1.204412331E-01-1.231223849E-01-1.256697712E-01-1.280739763E-01-1.303256783E-01
-1.324156568E-01-1.343348170E-01-1.360741989E-01-1.376250103E-01-1.389786469E-01
-1.401267298E-01-1.410611390E-01-1.417740565E-01-1.422580144E-01-1.425059478E-01
-1.425112514E-01-1.422678450E-01-1.417702423E-01-1.410136260E-01-1.399939208E-01
-1.387078811E-01-1.371531684E-01-1.353284422E-01-1.332334435E-01-1.308690842E-01
-1.282375344E-01-1.253423048E-01-1.221883364E-01-1.187820816E-01-1.151315771E-01
-1.112465056E-01-1.071382248E-01-1.028197104E-01-9.830526306E-02-9.360958927E-02
-8.874553671E-02-8.371982494E-02-7.852825324E-02-7.316534477E-02-6.773718123E-02
-6.223571949E-02-5.667222991E-02-5.105480002E-02-4.539000771E-02-3.968387824E-02
-3.394206465E-02-2.816984714E-02-2.237211164E-02-1.655333711E-02-1.071759352E-02
-4.868543145E-03 9.905568500E-04 6.856853689E-03 1.272790123E-02 1.860166586E-02
 2.447653579E-02 3.035133551E-02 3.622534482E-02 4.209832271E-02 4.797053822E-02
 5.384280770E-02 5.971654003E-02 6.559379166E-02 7.147733219E-02 7.737072339E-02
 8.327841384E-02 8.920585253E-02 9.515962574E-02 1.011476228E-01 1.071792350E-01
 1.132656048E-01 1.194199187E-01 1.256577858E-01 1.319976963E-01 1.384615957E-01
 1.450756056E-01 1.518708687E-01 1.588844564E-01 1.661600236E-01 1.737469578E-01
 1.811482026E-01 4.093465666E-02 4.230542473E-02 4.180925361E-02 3.938555935E-02
 3.533880458E-02 3.111297319E-02 2.699130340E-02 2.293706052E-02 1.893399017E-02
 1.497576420E-02 1.105950226E-02 7.183424153E-03 3.346000700E-03-4.543536755E-04
-4.219383875E-03-7.951015817E-03-1.165134552E-02-1.532261611E-02-1.896719106E-02
-2.258752885E-02-2.618615867E-02-2.976566056E-02-3.332864755E-02-3.687775152E-02
-4.041561142E-02-4.394486378E-02-4.746813545E-02-5.098803713E-02-5.450715740E-02
-5.802805424E-02-6.155324223E-02-6.508516506E-02-6.862613828E-02-7.217822007E-02
-7.574291206E-02-7.934849190E-02-8.300192584E-02-8.669153868E-02-9.039434818E-02
-9.408924094E-02-9.775879530E-02-1.013885553E-01-1.049660983E-01-1.084801943E-01
-1.119202427E-01-1.152759720E-01-1.185372951E-01-1.216942365E-01-1.247369035E-01
-1.276554742E-01-1.304401905E-01-1.330813659E-01-1.355693873E-01-1.378947278E-01
-1.400479560E-01-1.420197569E-01-1.438009477E-01-1.453825064E-01-1.467555944E-01
-1.479115969E-01-1.488421590E-01-1.495392315E-01-1.499951209E-01-1.502025528E-01
-1.501547275E-01-1.498453992E-01-1.492689463E-01-1.484204558E-01-1.472958079E-01
-1.458917666E-01-1.442060679E-01-1.422375185E-01-1.399860863E-01-1.374529938E-01
-1.346408117E-01-1.315535426E-01-1.281967148E-01-1.245774556E-01-1.207045706E-01
-1.165886023E-01-1.122418813E-01-1.076785263E-01-1.029143380E-01-9.796635777E-02
-9.285148346E-02-8.758311707E-02-8.216513591E-02-7.658667929E-02-7.086734223E-02
-6.510205540E-02-5.929392398E-02-5.344614697E-02-4.756405545E-02-4.165328389E-02
-3.571917884E-02-2.976663521E-02-2.380007201E-02-1.782344684E-02-1.184027628E-02
-5.853653084E-03 1.337419407E-04 6.119633164E-03 1.210214771E-02 1.807981775E-02
 2.405158650E-02 3.001681877E-02 3.597531648E-02 4.192733836E-02 4.787362548E-02
 5.381543248E-02 5.975456600E-02 6.569342990E-02 7.163507994E-02 7.758328841E-02
 8.354262161E-02 8.951853132E-02 9.551746611E-02 1.015470062E-01 1.076160318E-01
 1.137349371E-01 1.199159209E-01 1.261733777E-01 1.325244950E-01 1.389901603E-01
 1.455964701E-01 1.523772199E-01 1.593778638E-01 1.666572211E-01 1.738140983E-01
 4.015667903E-02 4.100586534E-02 4.044890573E-02 3.842900113E-02 3.523902871E-02
 3.158120565E-02 2.778900093E-02 2.394628671E-02 2.008606873E-02 1.622496565E-02
 1.237228414E-02 8.533456610E-03 4.711609704E-03 9.083776593E-04-2.875633117E-03
-6.640557084E-03-1.038708079E-02-1.411631205E-02-1.782968526E-02-2.152889132E-02
-2.521582314E-02-2.889253429E-02-3.256120597E-02-3.622412104E-02-3.988364389E-02
-4.354220447E-02-4.720228553E-02-5.086641297E-02-5.453714768E-02-5.821707736E-02
-6.190880613E-02-6.561493813E-02-6.933804847E-02-7.308063682E-02-7.684507580E-02
-8.066433593E-02-8.453937822E-02-8.845043577E-02-9.237311465E-02-9.628701618E-02
-1.001756076E-01-1.040251805E-01-1.078237433E-01-1.115602129E-01-1.152239610E-01
-1.188045968E-01-1.222918623E-01-1.256755922E-01-1.289456860E-01-1.320921014E-01
-1.351048538E-01-1.379740141E-01-1.406897128E-01-1.432421503E-01-1.456216023E-01
-1.478184355E-01-1.498231219E-01-1.516262593E-01-1.532185993E-01-1.545910752E-01
-1.557348350E-01-1.566412900E-01-1.573021617E-01-1.577095382E-01-1.578559360E-01
-1.577343774E-01-1.573384640E-01-1.566624668E-01-1.557014089E-01-1.544511705E-01
-1.529085805E-01-1.510715170E-01-1.489390109E-01-1.465113448E-01-1.437901461E-01
-1.407784846E-01-1.374809606E-01-1.339037871E-01-1.300548641E-01-1.259438513E-01
-1.215822223E-01-1.169833106E-01-1.121623193E-01-1.071362693E-01-1.019237447E-01
-9.654403592E-02-9.101454615E-02-8.534498765E-02-7.952720450E-02-7.354896126E-02
-6.753870870E-02-6.148907226E-02-5.541119164E-02-4.931277751E-02-4.319981073E-02
-3.707726882E-02-3.094944737E-02-2.482010737E-02-1.869254811E-02-1.256964508E-02
-6.453872661E-03-3.473182870E-04 5.748308560E-03 1.183167106E-02 1.790180311E-02
 2.395811115E-02 3.000037862E-02 3.602877449E-02 4.204386432E-02 4.804662557E-02
 5.403846547E-02 6.002124309E-02 6.599729390E-02 7.196945839E-02 7.794111360E-02
 8.391620823E-02 8.989930084E-02 9.589560210E-02 1.019110234E-01 1.079522312E-01
 1.140267229E-01 1.201429309E-01 1.263103974E-01 1.325401051E-01 1.388451707E-01
 1.452425292E-01 1.517578826E-01 1.584440155E-01 1.650531424E-01 4.104244384E-02
 4.176805543E-02 4.129197518E-02 3.921016451E-02 3.572516746E-02 3.217294785E-02
 2.852535446E-02 2.480514477E-02 2.104045357E-02 1.725027861E-02 1.344697304E-02
 9.638602841E-03 5.830426226E-03 2.025792009E-03-1.773300491E-03-5.565838867E-03
-9.351553694E-03-1.313074816E-02-1.690417553E-02-2.067294841E-02-2.443847007E-02
-2.820238188E-02-3.196652222E-02-3.573289425E-02-3.950364148E-02-4.328102751E-02
-4.706742273E-02-5.086529373E-02-5.467719853E-02-5.850578698E-02-6.235380810E-02
-6.622412394E-02-7.011972654E-02-7.404373423E-02-7.799927571E-02-8.202132815E-02
-8.610368629E-02-9.022114490E-02-9.434926385E-02-9.846847302E-02-1.025630886E-01
-1.066199840E-01-1.106274207E-01-1.145743445E-01-1.184500398E-01-1.222439750E-01
-1.259457236E-01-1.295449385E-01-1.330313326E-01-1.363946701E-01-1.396247635E-01
-1.427114735E-01-1.456447094E-01-1.484144356E-01-1.510106724E-01-1.534235099E-01
-1.556431185E-01-1.576597660E-01-1.594638367E-01-1.610458557E-01-1.623965262E-01
-1.635067642E-01-1.643677468E-01-1.649709644E-01-1.653082875E-01-1.653720383E-01
-1.651550688E-01-1.646508529E-01-1.638535805E-01-1.627582601E-01-1.613608222E-01
-1.596582291E-01-1.576485844E-01-1.553312351E-01-1.527068806E-01-1.497776659E-01
-1.465472805E-01-1.430210406E-01-1.392059684E-01-1.351108625E-01-1.307463602E-01
-1.261249846E-01-1.212611872E-01-1.161713662E-01-1.108738444E-01-1.053887522E-01
-9.973757290E-02-9.394160150E-02-8.801755329E-02-8.196972640E-02-7.578356045E-02
-6.949271133E-02-6.319205285E-02-5.688528554E-02-5.057641690E-02-4.426934930E-02
-3.796771482E-02-3.167480925E-02-2.539356728E-02-1.912655764E-02-1.287598864E-02
-6.643718113E-03-4.312649385E-04 5.760179926E-03 1.192974413E-02 1.807686643E-02
 2.420129130E-02 3.030306488E-02 3.638253290E-02 4.244033908E-02 4.847742334E-02
 5.449501982E-02 6.049465238E-02 6.647812699E-02 7.244751791E-02 7.840514533E-02
 8.435354055E-02 9.029539098E-02 9.623345894E-02 1.021704585E-01 1.081088667E-01
 1.140506405E-01 1.199967555E-01 1.259464344E-01 1.318957448E-01 1.378347178E-01
 1.437404968E-01 1.495588164E-01 1.551726121E-01 4.168295425E-02 4.255316296E-02
 4.198015991E-02 3.991680880E-02 3.657784367E-02 3.296800662E-02 2.931406302E-02
 2.561877278E-02 2.188821978E-02 1.813015771E-02 1.435173677E-02 1.055876736E-02
 6.755663790E-03 2.945607922E-03-8.692456875E-04-4.687582885E-03-8.508774759E-03
-1.233275334E-02-1.615991329E-02-1.999103353E-02-2.382721610E-02-2.766983602E-02
-3.152050305E-02-3.538102925E-02-3.925340454E-02-4.313977668E-02-4.704243665E-02
-5.096380830E-02-5.490644421E-02-5.887303054E-02-6.286641009E-02-6.688964268E-02
-7.094615295E-02-7.504008552E-02-7.917716616E-02-8.339127853E-02-8.766704562E-02
-9.197647181E-02-9.629586288E-02-1.006066521E-01-1.048939792E-01-1.091451607E-01
-1.133485961E-01-1.174932005E-01-1.215681489E-01-1.255627646E-01-1.294664665E-01
-1.332687420E-01-1.369591377E-01-1.405272485E-01-1.439627148E-01-1.472552155E-01
-1.503944724E-01-1.533702484E-01-1.561723504E-01-1.587906344E-01-1.612150143E-01
-1.634354710E-01-1.654420723E-01-1.672249885E-01-1.687745243E-01-1.700811508E-01
-1.711355471E-01-1.719286523E-01-1.724517296E-01-1.726964348E-01-1.726549004E-01
-1.723198297E-01-1.716845941E-01-1.707433455E-01-1.694911303E-01-1.679240048E-01
-1.660391526E-01-1.638350014E-01-1.613113334E-01-1.584693904E-01-1.553119762E-01
-1.518435393E-01-1.480702625E-01-1.440001312E-01-1.396429954E-01-1.350106257E-01
-1.301167599E-01-1.249771377E-01-1.196095278E-01-1.140337335E-01-1.082715332E-01
-1.023464043E-01-9.628238460E-02-9.010018775E-02-8.380786776E-02-7.738642321E-02
-7.085061833E-02-6.432211696E-02-5.780441720E-02-5.130092376E-02-4.481483215E-02
-3.834905164E-02-3.190616003E-02-2.548839165E-02-1.909764443E-02-1.273549815E-02
-6.403234884E-03-1.018592096E-04 6.167883154E-03 1.240548908E-02 1.861068307E-02
 2.478340275E-02 3.092378479E-02 3.703214901E-02 4.310898012E-02 4.915490597E-02
 5.517066929E-02 6.115709059E-02 6.711501974E-02 7.304527001E-02 7.894852869E-02
 8.482523516E-02 9.067541272E-02 9.649843334E-02 1.022926864E-01 1.080550985E-01
 1.137804394E-01 1.194602683E-01 1.250813619E-01 1.306233819E-01 1.360558074E-01
 1.413353274E-01 1.464073798E-01 4.251654615E-02 4.338968326E-02 4.280822634E-02
 4.072221127E-02 3.737243717E-02 3.373727894E-02 3.006879236E-02 2.637111627E-02
 2.264567182E-02 1.889517330E-02 1.512284814E-02 1.133183905E-02 7.524874537E-03
 3.704129582E-03-1.288029449E-04-3.972886371E-03-7.827591313E-03-1.169284051E-02
-1.556895541E-02-1.945660800E-02-2.335677853E-02-2.727071990E-02-3.119992715E-02
-3.514611235E-02-3.911118322E-02-4.309722542E-02-4.710648718E-02-5.114136491E-02
-5.520438855E-02-5.929820120E-02-6.342552712E-02-6.758910698E-02-7.179155584E-02
-7.603503026E-02-8.035148509E-02-8.474812781E-02-8.920382160E-02-9.369100083E-02
-9.818747134E-02-1.026758997E-01-1.071422132E-01-1.115740658E-01-1.159599295E-01
-1.202886604E-01-1.245493215E-01-1.287311024E-01-1.328232769E-01-1.368151915E-01
-1.406962456E-01-1.444558891E-01-1.480836134E-01-1.515689505E-01-1.549014634E-01
-1.580707498E-01-1.610664406E-01-1.638782001E-01-1.664957278E-01-1.689087703E-01
-1.711071267E-01-1.730806674E-01-1.748193529E-01-1.763132617E-01-1.775526279E-01
-1.785278896E-01-1.792297444E-01-1.796492242E-01-1.797777712E-01-1.796073446E-01
-1.791305173E-01-1.783406016E-01-1.772317678E-01-1.757991775E-01-1.740391064E-01
-1.719490757E-01-1.695279703E-01-1.667761531E-01-1.636955706E-01-1.602898458E-01
-1.565643634E-01-1.525263459E-01-1.481849150E-01-1.435511488E-01-1.386381275E-01
-1.334609709E-01-1.280368732E-01-1.223851185E-01-1.165270866E-01-1.104861892E-01
-1.042876214E-01-9.795736464E-02-9.151868227E-02-8.498285042E-02-7.833416189E-02
-7.157268479E-02-6.483530713E-02-5.812533884E-02-5.144580850E-02-4.479938774E-02
-3.818833555E-02-3.161451611E-02-2.507944682E-02-1.858434884E-02-1.213018956E-02
-5.717716805E-03 6.525136417E-04 6.980114182E-03 1.326484356E-02 1.950658520E-02
 2.570532442E-02 3.186112253E-02 3.797408834E-02 4.404434187E-02 5.007197198E-02
 5.605698207E-02 6.199922175E-02 6.789829954E-02 7.375347057E-02 7.956349094E-02
 8.532642799E-02 9.103941357E-02 9.669832065E-02 1.022973420E-01 1.078284511E-01
 1.132807207E-01 1.186395377E-01 1.238858057E-01 1.289954302E-01 1.339395913E-01
 1.386862827E-01 4.353701661E-02 4.440383648E-02 4.384695037E-02 4.171078528E-02
 3.808281401E-02 3.442102668E-02 3.074136586E-02 2.703638617E-02 2.330650154E-02
 1.955275905E-02 1.577654041E-02 1.197932704E-02 8.162507844E-03 4.327249860E-03
 4.744236852E-04-3.395429923E-03-7.282106894E-03-1.118573102E-02-1.510673681E-02
-1.904584956E-02-2.300406383E-02-2.698262391E-02-3.098300550E-02-3.500689960E-02
-3.905619786E-02-4.313298101E-02-4.723950658E-02-5.137819833E-02-5.555163378E-02
-5.976252839E-02-6.401371403E-02-6.830810916E-02-7.264868500E-02-7.703845236E-02
-8.151408278E-02-8.607471901E-02-9.069319531E-02-9.534224312E-02-1.000007218E-01
-1.046522276E-01-1.092832075E-01-1.138814925E-01-1.184355477E-01-1.229341462E-01
-1.273662347E-01-1.317208764E-01-1.359872182E-01-1.401544770E-01-1.442119296E-01
-1.481489018E-01-1.519547624E-01-1.556189176E-01-1.591308056E-01-1.624798918E-01
-1.656556647E-01-1.686476379E-01-1.714453434E-01-1.740383394E-01-1.764162112E-01
-1.785685816E-01-1.804851239E-01-1.821555839E-01-1.835698118E-01-1.847177950E-01
-1.855897204E-01-1.861760359E-01-1.864675336E-01-1.864554544E-01-1.861315944E-01
-1.854884392E-01-1.845192953E-01-1.832184376E-01-1.815812461E-01-1.796043495E-01
-1.772857585E-01-1.746249847E-01-1.716231557E-01-1.682831100E-01-1.646094888E-01
-1.606088055E-01-1.562895145E-01-1.516620645E-01-1.467389428E-01-1.415347120E-01
-1.360660394E-01-1.303517234E-01-1.244126963E-01-1.182720264E-01-1.119548555E-01
-1.054881728E-01-9.889994013E-02-9.221577010E-02-8.544923831E-02-7.858475425E-02
-7.161752027E-02-6.469194704E-02-5.781115668E-02-5.097776965E-02-4.419365499E-02
-3.746012767E-02-3.077813885E-02-2.414839412E-02-1.757142085E-02-1.104760829E-02
-4.577235023E-03 1.839506760E-03 8.202488681E-03 1.451162173E-02 2.076682966E-02
 2.696801914E-02 3.311504463E-02 3.920766811E-02 4.524550982E-02 5.122798918E-02
 5.715425341E-02 6.302308840E-02 6.883281110E-02 7.458113584E-02 8.026501198E-02
 8.588042612E-02 9.142216653E-02 9.688354884E-02 1.022561123E-01 1.075293036E-01
 1.126902138E-01 1.177234290E-01 1.226111334E-01 1.273335765E-01 1.318699492E-01
 4.392751436E-02 4.479203173E-02 4.419195859E-02 4.207923984E-02 3.866696877E-02
 3.500449073E-02 3.131599693E-02 2.760318358E-02 2.386622166E-02 2.010543795E-02
 1.632128894E-02 1.251428622E-02 8.684914233E-03 4.833558490E-03 9.604501928E-04
-2.934371829E-03-6.851084218E-03-1.079009087E-02-1.475202648E-02-1.873775553E-02
-2.274836689E-02-2.678516858E-02-3.084968031E-02-3.494362729E-02-3.906893418E-02
-4.322771989E-02-4.742229399E-02-5.165515363E-02-5.592898109E-02-6.024664210E-02
-6.461118180E-02-6.902581561E-02-7.349391323E-02-7.801897317E-02-8.263967672E-02
-8.734772223E-02-9.211261777E-02-9.690782033E-02-1.017131349E-01-1.065128663E-01
-1.112937768E-01-1.160437583E-01-1.207512200E-01-1.254048341E-01-1.299934344E-01
-1.345059650E-01-1.389314589E-01-1.432590244E-01-1.474778291E-01-1.515770954E-01
-1.555460905E-01-1.593741211E-01-1.630505247E-01-1.665646632E-01-1.699059207E-01
-1.730636927E-01-1.760273887E-01-1.787864235E-01-1.813302208E-01-1.836482132E-01
-1.857298484E-01-1.875646025E-01-1.891420026E-01-1.904516523E-01-1.914832819E-01
-1.922268084E-01-1.926724156E-01-1.928106558E-01-1.926325717E-01-1.921298356E-01
-1.912948991E-01-1.901211570E-01-1.886031044E-01-1.867364938E-01-1.845184858E-01
-1.819477739E-01-1.790247090E-01-1.757513995E-01-1.721317980E-01-1.681717767E-01
-1.638791875E-01-1.592639192E-01-1.543379339E-01-1.491153068E-01-1.436122506E-01
-1.378471364E-01-1.318405123E-01-1.256151064E-01-1.191958206E-01-1.126096857E-01
-1.058856480E-01-9.905367342E-02-9.214110730E-02-8.516159599E-02-7.809555848E-02
-7.094527375E-02-6.385593244E-02-5.683097774E-02-4.987117182E-02-4.297659824E-02
-3.614721533E-02-2.938297134E-02-2.268380901E-02-1.604965795E-02-9.480434800E-03
-2.976054127E-03 3.463554149E-03 9.838421865E-03 1.614851612E-02 2.239370849E-02
 2.857374038E-02 3.468818267E-02 4.073638944E-02 4.671744242E-02 5.263008737E-02
 5.847265815E-02 6.424298815E-02 6.993830730E-02 7.555512452E-02 8.108909557E-02
 8.653487990E-02 9.188599430E-02 9.713467562E-02 1.022717756E-01 1.072867164E-01
 1.121675475E-01 1.169011433E-01 1.214735620E-01 1.258705687E-01 4.440708973E-02
 4.525257947E-02 4.464201156E-02 4.252433272E-02 3.914958791E-02 3.548338448E-02
 3.178765837E-02 2.806795089E-02 2.432412474E-02 2.055599334E-02 1.676339616E-02
 1.294618679E-02 9.104205629E-03 5.237246753E-03 1.345024834E-03-2.572855027E-03
-6.516922108E-03-1.048785945E-02-1.448651824E-02-1.851392767E-02-2.257130137E-02
-2.666004184E-02-3.078174258E-02-3.493818964E-02-3.913136307E-02-4.336343887E-02
-4.763679264E-02-5.195400627E-02-5.631787837E-02-6.073144179E-02-6.519798749E-02
-6.972109068E-02-7.430460925E-02-7.895255447E-02-8.370453275E-02-8.854438123E-02
-9.344019832E-02-9.836632813E-02-1.033034681E-01-1.082364794E-01-1.131523256E-01
-1.180389061E-01-1.228845587E-01-1.276778589E-01-1.324075360E-01-1.370624296E-01
-1.416314750E-01-1.461036830E-01-1.504681321E-01-1.547139568E-01-1.588303438E-01
-1.628065177E-01-1.666317398E-01-1.702952944E-01-1.737864873E-01-1.770946340E-01
-1.802090564E-01-1.831190712E-01-1.858139897E-01-1.882831109E-01-1.905157183E-01
-1.925010867E-01-1.942284881E-01-1.956872115E-01-1.968665987E-01-1.977560945E-01
-1.983453210E-01-1.986241815E-01-1.985829895E-01-1.982126155E-01-1.975046660E-01
-1.964516594E-01-1.950472139E-01-1.932862249E-01-1.911650253E-01-1.886815339E-01
-1.858353763E-01-1.826279877E-01-1.790627037E-01-1.751448241E-01-1.708816776E-01
-1.662826634E-01-1.613592951E-01-1.561252291E-01-1.505962921E-01-1.447904966E-01
-1.387280579E-01-1.324314003E-01-1.259251629E-01-1.192361857E-01-1.123934540E-01
-1.054278436E-01-9.837100990E-02-9.125077764E-02-8.407756077E-02-7.682322441E-02
-6.951552916E-02-6.229872013E-02-5.516532100E-02-4.811221429E-02-4.113795902E-02
-3.424172801E-02-2.742290910E-02-2.068097095E-02-1.401543184E-02-7.425867360E-03
-9.119301475E-04 5.526624491E-03 1.188991160E-02 1.817788754E-02 2.439031780E-02
 3.052674235E-02 3.658643525E-02 4.256836066E-02 4.847112158E-02 5.429290275E-02
 6.003140729E-02 6.568378649E-02 7.124656592E-02 7.671556913E-02 8.208584406E-02
 8.735160032E-02 9.250616587E-02 9.754197665E-02 1.024506188E-01 1.072229260E-01
 1.118491642E-01 1.163192881E-01 1.206232679E-01 4.505781163E-02 4.591357727E-02
 4.530742005E-02 4.316214993E-02 3.954001312E-02 3.585522470E-02 3.215437021E-02
 2.843003426E-02 2.468145438E-02 2.090791231E-02 1.710869258E-02 1.328309916E-02
 9.430453495E-03 5.550080050E-03 1.641282408E-03-2.296683456E-03-6.264636149E-03
-1.026349369E-02-1.429429486E-02-1.835821714E-02-2.245659106E-02-2.659091119E-02
-3.076284501E-02-3.497424020E-02-3.922712998E-02-4.352373968E-02-4.786649306E-02
-5.225802278E-02-5.670118819E-02-6.119910936E-02-6.575523897E-02-7.037352234E-02
-7.505876781E-02-7.981753876E-02-8.468727733E-02-8.964419393E-02-9.465610073E-02
-9.969830448E-02-1.047523638E-01-1.098036156E-01-1.148391809E-01-1.198469623E-01
-1.248152401E-01-1.297325060E-01-1.345874022E-01-1.393686832E-01-1.440651962E-01
-1.486658738E-01-1.531597179E-01-1.575357926E-01-1.617832159E-01-1.658911514E-01
-1.698487994E-01-1.736453903E-01-1.772701745E-01-1.807124154E-01-1.839613789E-01
-1.870063235E-01-1.898364948E-01-1.924411087E-01-1.948093490E-01-1.969303533E-01
-1.987932134E-01-2.003869808E-01-2.017006808E-01-2.027233530E-01-2.034441177E-01
-2.038522727E-01-2.039374303E-01-2.036896817E-01-2.030997956E-01-2.021594203E-01
-2.008613033E-01-1.991994980E-01-1.971695421E-01-1.947686222E-01-1.919956969E-01
-1.888516045E-01-1.853391372E-01-1.814631081E-01-1.772304013E-01-1.726500107E-01
-1.677330756E-01-1.624929072E-01-1.569450120E-01-1.511071065E-01-1.449991306E-01
-1.386432513E-01-1.320638609E-01-1.252875685E-01-1.183431532E-01-1.112614377E-01
-1.040748114E-01-9.681535135E-02-8.950753193E-02-8.214904983E-02-7.469150617E-02
-6.731227159E-02-6.001911274E-02-5.281528316E-02-4.570173361E-02-3.867828711E-02
-3.174425508E-02-2.489875755E-02-1.814089182E-02-1.146982444E-02-4.884845235E-03
 1.614596044E-03 8.028861703E-03 1.435810034E-02 2.060222125E-02 2.676086721E-02
 3.283338502E-02 3.881879346E-02 4.471574719E-02 5.052249981E-02 5.623686274E-02
 6.185616475E-02 6.737721168E-02 7.279625046E-02 7.810894053E-02 8.331033873E-02
 8.839490331E-02 9.335652393E-02 9.818858545E-02 1.028840685E-01 1.074356973E-01
 1.118361228E-01 1.160781419E-01 4.517556969E-02 4.601101641E-02 4.538348109E-02
 4.324595228E-02 3.979639342E-02 3.611654401E-02 3.241456013E-02 2.868959237E-02
 2.494027507E-02 2.116522625E-02 1.736312318E-02 1.353273668E-02 9.672934361E-03
 5.782662420E-03 1.860914343E-03-2.093305081E-03-6.081016247E-03-1.010329829E-02
-1.416131821E-02-1.825635571E-02-2.238982314E-02-2.656328132E-02-3.077845238E-02
-3.503722943E-02-3.934168363E-02-4.369406969E-02-4.809682849E-02-5.255258659E-02
-5.706414833E-02-6.163447440E-02-6.626662530E-02-7.096362306E-02-7.572811059E-02
-8.059373904E-02-8.556991365E-02-9.063008045E-02-9.574351580E-02-1.008869372E-01
-1.060428590E-01-1.111970806E-01-1.163368769E-01-1.214501677E-01-1.265251890E-01
-1.315503705E-01-1.365142829E-01-1.414056061E-01-1.462131199E-01-1.509256888E-01
-1.555322503E-01-1.600218101E-01-1.643834324E-01-1.686062312E-01-1.726793624E-01
-1.765920158E-01-1.803334071E-01-1.838927665E-01-1.872593322E-01-1.904223374E-01
-1.933709986E-01-1.960944981E-01-1.985819721E-01-2.008224904E-01-2.028050417E-01
-2.045185128E-01-2.059516911E-01-2.070932779E-01-2.079319561E-01-2.084564637E-01
-2.086557565E-01-2.085191913E-01-2.080367296E-01-2.071991664E-01-2.059983820E-01
-2.044276076E-01-2.024816082E-01-2.001568790E-01-1.974517826E-01-1.943666393E-01
-1.909037923E-01-1.870676593E-01-1.828647684E-01-1.783037925E-01-1.733955768E-01
-1.681531579E-01-1.625917910E-01-1.567289573E-01-1.505843822E-01-1.441800344E-01
-1.375401341E-01-1.306911394E-01-1.236617386E-01-1.164827979E-01-1.091872096E-01
-1.018092479E-01-9.438172160E-02-8.692525714E-02-7.942496744E-02-7.185864106E-02
-6.439713246E-02-5.704216183E-02-4.979286796E-02-4.264752621E-02-3.560422945E-02
-2.866115091E-02-2.181664234E-02-1.506927272E-02-8.417844687E-03-1.861406659E-03
 4.600736442E-03 1.096901082E-02 1.724355963E-02 2.342422710E-02 2.951054060E-02
 3.550169172E-02 4.139651530E-02 4.719346880E-02 5.289061152E-02 5.848558576E-02
 6.397560073E-02 6.935742349E-02 7.462737662E-02 7.978134932E-02 8.481482251E-02
 8.972291297E-02 9.450043942E-02 9.914201188E-02 1.036421461E-01 1.079953951E-01
 1.121965065E-01 4.527635608E-02 4.608574371E-02 4.544833617E-02 4.331277416E-02
 3.993368975E-02 3.626300204E-02 3.256611442E-02 2.884702774E-02 2.510336493E-02
 2.133283230E-02 1.753339709E-02 1.370330866E-02 9.841067290E-03 5.945366861E-03
 2.015030099E-03-1.951054463E-03-5.953987828E-03-9.994906956E-03-1.407502247E-02
-1.819564885E-02-2.235822785E-02-2.656434698E-02-3.081575332E-02-3.511436445E-02
-3.946227628E-02-4.386176780E-02-4.831530418E-02-5.282553575E-02-5.739529365E-02
-6.202757927E-02-6.672554907E-02-7.149249846E-02-7.633187170E-02-8.128155483E-02
-8.634468242E-02-9.149074371E-02-9.668946698E-02-1.019183608E-01-1.071605302E-01
-1.124020449E-01-1.176302541E-01-1.228330661E-01-1.279986715E-01-1.331154419E-01
-1.381718862E-01-1.431566232E-01-1.480583719E-01-1.528659407E-01-1.575682158E-01
-1.621541537E-01-1.666127729E-01-1.709331499E-01-1.751044049E-01-1.791157002E-01
-1.829562287E-01-1.866152050E-01-1.900818576E-01-1.933454177E-01-1.963951020E-01
-1.992201003E-01-2.018095548E-01-2.041525266E-01-2.062379741E-01-2.080547023E-01
-2.095913349E-01-2.108362455E-01-2.117777031E-01-2.124039571E-01-2.127033919E-01
-2.126647124E-01-2.122771646E-01-2.115307784E-01-2.104166323E-01-2.089271238E-01
-2.070562174E-01-2.047997030E-01-2.021554416E-01-1.991233287E-01-1.957053622E-01
-1.919056660E-01-1.877305117E-01-1.831883364E-01-1.782897675E-01-1.730476388E-01
-1.674770127E-01-1.615951948E-01-1.554217467E-01-1.489784912E-01-1.422895179E-01
-1.353811883E-01-1.282821277E-01-1.210232218E-01-1.136375697E-01-1.061602561E-01
-9.862716757E-02-9.106948258E-02-8.349612233E-02-7.586750322E-02-6.823490833E-02
-6.073517598E-02-5.335950955E-02-4.610221229E-02-3.895922999E-02-3.192744316E-02
-2.500432948E-02-1.818780503E-02-1.147615106E-02-4.867981962E-03 1.637767515E-03
 8.041844701E-03 1.434467679E-02 2.054636579E-02 2.664668164E-02 3.264505464E-02
 3.854056806E-02 4.433195063E-02 5.001757105E-02 5.559543474E-02 6.106318545E-02
 6.641811103E-02 7.165715783E-02 7.677695404E-02 8.177384398E-02 8.664393515E-02
 9.138316000E-02 9.598735097E-02 1.004523299E-01 1.047740086E-01 1.089485005E-01
 4.551347489E-02 4.633307488E-02 4.569415168E-02 4.354427175E-02 3.995856955E-02
 3.628779924E-02 3.260644734E-02 2.890372797E-02 2.517532824E-02 2.141773821E-02
 1.762820686E-02 1.380462715E-02 9.945372986E-03 6.049141615E-03 2.114820042E-03
-1.858617454E-03-5.872186783E-03-9.926950755E-03-1.402406076E-02-1.816478672E-02
-2.235053993E-02-2.658288981E-02-3.086357590E-02-3.519451809E-02-3.957782315E-02
-4.401579064E-02-4.851091649E-02-5.306589602E-02-5.768362610E-02-6.236720786E-02
-6.711995247E-02-7.194539405E-02-7.684732046E-02-8.186535079E-02-8.699845390E-02
-9.221384565E-02-9.748174522E-02-1.027802496E-01-1.080928514E-01-1.134057628E-01
-1.187063484E-01-1.239824816E-01-1.292223038E-01-1.344141314E-01-1.395464152E-01
-1.446077240E-01-1.495867251E-01-1.544721800E-01-1.592529290E-01-1.639178902E-01
-1.684560472E-01-1.728564427E-01-1.771081725E-01-1.812003790E-01-1.851222392E-01
-1.888629632E-01-1.924117831E-01-1.957579409E-01-1.988906814E-01-2.017992309E-01
-2.044727793E-01-2.069004474E-01-2.090712557E-01-2.109739210E-01-2.125968515E-01
-2.139281886E-01-2.149558676E-01-2.156677290E-01-2.160516696E-01-2.160958345E-01
-2.157888515E-01-2.151200882E-01-2.140799258E-01-2.126600520E-01-2.108537366E-01
-2.086561008E-01-2.060643359E-01-2.030779796E-01-1.996988222E-01-1.959308152E-01
-1.917800774E-01-1.872548971E-01-1.823657595E-01-1.771253570E-01-1.715486159E-01
-1.656527121E-01-1.594570815E-01-1.529834365E-01-1.462557625E-01-1.393003280E-01
-1.321456724E-01-1.248225950E-01-1.173641188E-01-1.098053342E-01-1.021827273E-01
-9.453107979E-02-8.687127545E-02-7.918269512E-02-7.143570558E-02-6.382621730E-02
-5.634799728E-02-4.899659624E-02-4.176834943E-02-3.466006007E-02-2.766890731E-02
-2.079242366E-02-1.402849166E-02-7.375343739E-03-8.315618214E-04 5.603923566E-03
 1.193183473E-02 1.815254836E-02 2.426609705E-02 3.027217103E-02 3.617012087E-02
 4.195896083E-02 4.763737407E-02 5.320372135E-02 5.865605261E-02 6.399212337E-02
 6.920941761E-02 7.430517714E-02 7.927643942E-02 8.412008302E-02 8.883288321E-02
 9.341157582E-02 9.785292868E-02 1.021538195E-01 1.063113192E-01 4.525714170E-02
 4.604073483E-02 4.538794052E-02 4.325390606E-02 3.981460318E-02 3.618118951E-02
 3.253479050E-02 2.886528392E-02 2.516580687E-02 2.143177036E-02 1.766028329E-02
 1.384955750E-02 9.998447632E-03 6.106139157E-03 2.171951094E-03-1.804787343E-03
-5.824812237E-03-9.888972168E-03-1.399825796E-02-1.815382243E-02-2.235699353E-02
-2.660928390E-02-3.091239798E-02-3.526823786E-02-3.967890789E-02-4.414671905E-02
-4.867419318E-02-5.326406778E-02-5.791930053E-02-6.264307700E-02-6.743881959E-02
-7.231020156E-02-7.726116572E-02-8.233237475E-02-8.751942088E-02-9.278825622E-02
-9.810958827E-02-1.034619837E-01-1.088292088E-01-1.141975557E-01-1.195543824E-01
-1.248875217E-01-1.301850657E-01-1.354352815E-01-1.406265752E-01-1.457474694E-01
-1.507865917E-01-1.557326620E-01-1.605744896E-01-1.653009588E-01-1.699010242E-01
-1.743637062E-01-1.786780785E-01-1.828332688E-01-1.868184484E-01-1.906228254E-01
-1.942356417E-01-1.976461625E-01-2.008436720E-01-2.038174559E-01-2.065567936E-01
-2.090509348E-01-2.112888855E-01-2.132592744E-01-2.149503860E-01-2.163501701E-01
-2.174463048E-01-2.182262989E-01-2.186776517E-01-2.187880586E-01-2.185456435E-01
-2.179392393E-01-2.169586662E-01-2.155950345E-01-2.138410406E-01-2.116912514E-01
-2.091423564E-01-2.061933731E-01-2.028458623E-01-1.991037525E-01-1.949731190E-01
-1.904621880E-01-1.855813656E-01-1.803432600E-01-1.747627056E-01-1.688567883E-01
-1.626448561E-01-1.561485374E-01-1.493917409E-01-1.424006598E-01-1.352037580E-01
-1.278317556E-01-1.203175779E-01-1.126962234E-01-1.050042846E-01-9.727795254E-02
-8.954459302E-02-8.179878993E-02-7.398063098E-02-6.628745447E-02-5.872626362E-02
-5.129742796E-02-4.399881133E-02-3.682747607E-02-2.978039134E-02-2.285472837E-02
-1.604797973E-02-9.358005768E-03-2.783047193E-03 3.678274727E-03 1.002696443E-02
 1.626366038E-02 2.238864443E-02 2.840185150E-02 3.430288081E-02 4.009100675E-02
 4.576519334E-02 5.132410928E-02 5.676614732E-02 6.208944666E-02 6.729192085E-02
 7.237128947E-02 7.732511655E-02 8.215085445E-02 8.684589314E-02 9.140761563E-02
 9.583345734E-02 1.001209690E-01 1.042678828E-01 4.481342144E-02 4.552730249E-02
 4.486169169E-02 4.276808405E-02 3.948805771E-02 3.593771333E-02 3.236179709E-02
 2.875062186E-02 2.509634537E-02 2.139600422E-02 1.764891253E-02 1.385525279E-02
 1.001542355E-02 6.129757528E-03 2.198405884E-03-1.778703467E-03-5.801877504E-03
-9.871657565E-03-1.398881512E-02-1.815434709E-02-2.236947182E-02-2.663562693E-02
-3.095446782E-02-3.532786776E-02-3.975791890E-02-4.424693456E-02-4.879745234E-02
-5.341223826E-02-5.809429228E-02-6.284685557E-02-6.767341928E-02-7.257773550E-02
-7.756382954E-02-8.267300526E-02-8.789832030E-02-9.320506238E-02-9.856432881E-02
-1.039550343E-01-1.093611283E-01-1.147689545E-01-1.201658533E-01-1.255396276E-01
-1.308783288E-01-1.361701891E-01-1.414035762E-01-1.465669795E-01-1.516489970E-01
-1.566383220E-01-1.615237343E-01-1.662940966E-01-1.709383443E-01-1.754454774E-01
-1.798045581E-01-1.840047024E-01-1.880350779E-01-1.918848944E-01-1.955434075E-01
-1.989999064E-01-2.022437182E-01-2.052641978E-01-2.080507246E-01-2.105926632E-01
-2.128789596E-01-2.148982057E-01-2.166386040E-01-2.180879707E-01-2.192337944E-01
-2.200633431E-01-2.205638104E-01-2.207225562E-01-2.205273428E-01-2.199666005E-01
-2.190297435E-01-2.177074731E-01-2.159920581E-01-2.138776524E-01-2.113605559E-01
-2.084394494E-01-2.051155254E-01-2.013927113E-01-1.972771279E-01-1.927770072E-01
-1.879027312E-01-1.826668635E-01-1.770841873E-01-1.711717285E-01-1.649487790E-01
-1.584369130E-01-1.516599920E-01-1.446441684E-01-1.374178811E-01-1.300118443E-01
-1.224590248E-01-1.147945712E-01-1.070555604E-01-9.927980628E-02-9.150026120E-02
-8.372605679E-02-7.591234546E-02-6.811452912E-02-6.047295513E-02-5.297808365E-02
-4.562323643E-02-3.840321602E-02-3.131374067E-02-2.435120132E-02-1.751254897E-02
-1.079523298E-02-4.197163215E-03 2.283318180E-03 8.647459943E-03 1.489612157E-02
 2.102979160E-02 2.704860528E-02 3.295236222E-02 3.874054376E-02 4.441233261E-02
 4.996663371E-02 5.540209755E-02 6.071714669E-02 6.591000542E-02 7.097873363E-02
 7.592126422E-02 8.073544519E-02 8.541908498E-02 8.997000159E-02 9.438607426E-02
 9.866529770E-02 1.028058334E-01 4.432428843E-02 4.492029548E-02 4.423919539E-02
 4.224591950E-02 3.897515389E-02 3.559285733E-02 3.214197615E-02 2.861172245E-02
 2.500991597E-02 2.134423517E-02 1.762037049E-02 1.384229385E-02 1.001270414E-02
 6.133370379E-03 2.205366425E-03-1.770772589E-03-5.794945512E-03-9.867414866E-03
-1.398875922E-02-1.815984142E-02-2.238178667E-02-2.665596858E-02-3.098399988E-02
-3.536772746E-02-3.980922993E-02-4.431081770E-02-4.887503464E-02-5.350466159E-02
-5.820272114E-02-6.297248472E-02-6.781747956E-02-7.274149856E-02-7.774860938E-02
-8.288046647E-02-8.812855060E-02-9.345784145E-02-9.883968356E-02-1.042532040E-01
-1.096824613E-01-1.151138220E-01-1.205346209E-01-1.259326367E-01-1.312959005E-01
-1.366126164E-01-1.418711348E-01-1.470599218E-01-1.521675579E-01-1.571827192E-01
-1.620941698E-01-1.668907582E-01-1.715614079E-01-1.760951094E-01-1.804809151E-01
-1.847079363E-01-1.887653385E-01-1.926423366E-01-1.963281927E-01-1.998122184E-01
-2.030837726E-01-2.061322684E-01-2.089471787E-01-2.115178733E-01-2.138333057E-01
-2.158820477E-01-2.176522512E-01-2.191316524E-01-2.203076237E-01-2.211672553E-01
-2.216975772E-01-2.218857675E-01-2.217193768E-01-2.211865849E-01-2.202765245E-01
-2.189796300E-01-2.172879429E-01-2.151953600E-01-2.126979393E-01-2.097941421E-01
-2.064849955E-01-2.027742558E-01-1.986681471E-01-1.941749355E-01-1.893050056E-01
-1.840709057E-01-1.784873920E-01-1.725714584E-01-1.663423649E-01-1.598216557E-01
-1.530331661E-01-1.460030323E-01-1.387596852E-01-1.313338507E-01-1.237585286E-01
-1.160689495E-01-1.083023684E-01-1.004971040E-01-9.268792437E-02-8.488897555E-02
-7.706108121E-02-6.921947591E-02-6.153564833E-02-5.400250339E-02-4.661376467E-02
-3.936400630E-02-3.224857379E-02-2.526349572E-02-1.840540916E-02-1.167150071E-02
-5.059459397E-03 1.432560892E-03 7.805973161E-03 1.406178452E-02 2.020062044E-02
 2.622274781E-02 3.212809603E-02 3.791627971E-02 4.358662060E-02 4.913817192E-02
 5.456974413E-02 5.987993326E-02 6.506715192E-02 7.012966376E-02 7.506562044E-02
 7.987310216E-02 8.455016078E-02 8.909486538E-02 9.350535001E-02 9.777986083E-02
 1.019168067E-01 4.339301049E-02 4.372642638E-02 4.301639538E-02 4.121821547E-02
 3.853969476E-02 3.539236674E-02 3.203081086E-02 2.854362360E-02 2.496589345E-02
 2.131499149E-02 1.760073425E-02 1.382909457E-02 1.000384032E-02 6.127355002E-03
 2.201085931E-03-1.774194030E-03-5.798227091E-03-9.871169660E-03-1.399352696E-02
-1.816611011E-02-2.239000786E-02-2.666656788E-02-3.099738493E-02-3.538429401E-02
-3.982936636E-02-4.433490901E-02-4.890346576E-02-5.353782060E-02-5.824100224E-02
-6.301629012E-02-6.786722204E-02-7.279760248E-02-7.781151206E-02-8.295071742E-02
-8.820615872E-02-9.354272851E-02-9.893185757E-02-1.043527435E-01-1.097894823E-01
-1.152284493E-01-1.206569764E-01-1.260628345E-01-1.314340488E-01-1.367588159E-01
-1.420254793E-01-1.472224993E-01-1.523384505E-01-1.573620034E-01-1.622819202E-01
-1.670870432E-01-1.717662924E-01-1.763086563E-01-1.807031863E-01-1.849389927E-01
-1.890052391E-01-1.928911433E-01-1.965859732E-01-2.000790462E-01-2.033597357E-01
-2.064174770E-01-2.092417818E-01-2.118220111E-01-2.141471262E-01-2.162056930E-01
-2.179858490E-01-2.194753043E-01-2.206613857E-01-2.215311284E-01-2.220715121E-01
-2.222696617E-01-2.221130580E-01-2.215897970E-01-2.206889173E-01-2.194007509E-01
-2.177172640E-01-2.156322749E-01-2.131417612E-01-2.102441110E-01-2.069402931E-01
-2.032339817E-01-1.991314495E-01-1.946409786E-01-1.897729549E-01-1.845399227E-01
-1.789566276E-01-1.730400528E-01-1.668094457E-01-1.602863400E-01-1.534945594E-01
-1.464602332E-01-1.392117884E-01-1.317799502E-01-1.241977258E-01-1.165003528E-01
-1.087251093E-01-1.009103915E-01-9.309137497E-02-8.528363495E-02-7.745042375E-02
-6.959591617E-02-6.189936727E-02-5.435438262E-02-4.695499682E-02-3.969585557E-02
-3.257226329E-02-2.558016605E-02-1.871611061E-02-1.197719892E-02-5.361044812E-03
 1.134263612E-03 7.510197671E-03 1.376781702E-02 1.990779617E-02 2.593044848E-02
 3.183574970E-02 3.762336104E-02 4.329265301E-02 4.884273036E-02 5.427245868E-02
 5.958049349E-02 6.476531159E-02 6.982524522E-02 7.475851963E-02 7.956329249E-02
 8.423769659E-02 8.877988410E-02 9.318807272E-02 9.746059169E-02 1.015959302E-01
 4.425300345E-02 4.486066684E-02 4.417963532E-02 4.216735085E-02 3.902481011E-02
 3.561268690E-02 3.213976989E-02 2.859895954E-02 2.499237226E-02 2.132479303E-02
 1.760051172E-02 1.382279319E-02 9.993963059E-03 6.115585385E-03 2.188619272E-03
-1.786464898E-03-5.809601770E-03-9.881072547E-03-1.400146430E-02-1.817164206E-02
-2.239272949E-02-2.666609642E-02-3.099335084E-02-3.537633423E-02-3.981711998E-02
-4.431801307E-02-4.888155256E-02-5.351051462E-02-5.820791818E-02-6.297703080E-02
-6.782137710E-02-7.274474698E-02-7.775120654E-02-8.288241258E-02-8.812982786E-02
-9.345843458E-02-9.883958201E-02-1.042523994E-01-1.096809477E-01-1.151115947E-01
-1.205316789E-01-1.259289791E-01-1.312915282E-01-1.366075352E-01-1.418653495E-01
-1.470534431E-01-1.521603964E-01-1.571748885E-01-1.620856873E-01-1.668816442E-01
-1.715516826E-01-1.760847971E-01-1.804700438E-01-1.846965361E-01-1.887534402E-01
-1.926299731E-01-1.963154018E-01-1.997990377E-01-2.030702428E-01-2.061184310E-01
-2.089330754E-01-2.115035485E-01-2.138188059E-01-2.158674212E-01-2.176375502E-01
-2.191169321E-01-2.202929431E-01-2.211526781E-01-2.216831692E-01-2.218715994E-01
-2.217055220E-01-2.211731208E-01-2.202635333E-01-2.189671959E-01-2.172761520E-01
-2.151842983E-01-2.126876948E-01-2.097848018E-01-2.064766446E-01-2.027669773E-01
-1.986620195E-01-1.941700342E-01-1.893014002E-01-1.840686621E-01-1.784865690E-01
-1.725721103E-01-1.663445399E-01-1.598253955E-01-1.530385055E-01-1.460099974E-01
-1.387682943E-01-1.313441127E-01-1.237704434E-01-1.160825064E-01-1.083175472E-01
-1.005138795E-01-9.270628625E-02-8.490899061E-02-7.708298010E-02-6.924292961E-02
-6.156072194E-02-5.402925319E-02-4.664223804E-02-3.939424271E-02-3.228060660E-02
-2.529735327E-02-1.844111524E-02-1.170907524E-02-5.098918509E-03 1.391204577E-03
 7.762710494E-03 1.401660978E-02 2.015353132E-02 2.617374537E-02 3.207718471E-02
 3.786346744E-02 4.353191870E-02 4.908159499E-02 5.451131045E-02 5.981966430E-02
 6.500507273E-02 7.006580277E-02 7.500000948E-02 7.980577613E-02 8.448115808E-02
 8.902422749E-02 9.343312123E-02 9.770608893E-02 1.018415406E-01 4.485140031E-02
 4.558085566E-02 4.491712888E-02 4.281579850E-02 3.946514897E-02 3.590373296E-02
 3.232258495E-02 2.870815377E-02 2.505266772E-02 2.135264591E-02 1.760685594E-02
 1.381506707E-02 9.977399609E-03 6.094008654E-03 2.164936704E-03-1.809951869E-03
-5.830998260E-03-9.898759195E-03-1.401400971E-02-1.817774276E-02-2.239116848E-02
-2.665571375E-02-3.097302215E-02-3.534495490E-02-3.977359261E-02-4.426123759E-02
-4.881041719E-02-5.342388842E-02-5.810464323E-02-6.285591572E-02-6.768119124E-02
-7.258421686E-02-7.756901410E-02-8.267689264E-02-8.790087462E-02-9.320625153E-02
-9.856412959E-02-1.039534298E-01-1.093581071E-01-1.147645048E-01-1.201599723E-01
-1.255323114E-01-1.308695832E-01-1.361600200E-01-1.413919960E-01-1.465540077E-01
-1.516346557E-01-1.566226375E-01-1.615067412E-01-1.662758328E-01-1.709188532E-01
-1.754248074E-01-1.797827624E-01-1.839818410E-01-1.880112126E-01-1.918600949E-01
-1.955177453E-01-1.989734590E-01-2.022165657E-01-2.052364225E-01-2.080224135E-01
-2.105639043E-01-2.128498458E-01-2.148688366E-01-2.166090840E-01-2.180584101E-01
-2.192043121E-01-2.200340640E-01-2.205348697E-01-2.206940952E-01-2.204995094E-01
-2.199395524E-01-2.190036423E-01-2.176824849E-01-2.159683562E-01-2.138554099E-01
-2.113399468E-01-2.084206469E-01-2.050987007E-01-2.013780297E-01-1.972647451E-01
-1.927670731E-01-1.878953851E-01-1.826622359E-01-1.770823972E-01-1.711728852E-01
-1.649529791E-01-1.584442398E-01-1.516705132E-01-1.446579371E-01-1.374349331E-01
-1.300321980E-01-1.224826783E-01-1.148215032E-01-1.070857283E-01-9.931315600E-02
-9.153677462E-02-8.376589280E-02-7.595595010E-02-6.816124059E-02-6.052293804E-02
-5.303145249E-02-4.568008018E-02-3.846360838E-02-3.137774440E-02-2.441887048E-02
-1.758392951E-02-1.087036367E-02-4.276075811E-03 2.200598896E-03 8.560915915E-03
 1.480574145E-02 2.093557090E-02 2.695054622E-02 3.285047371E-02 3.863484147E-02
 4.430283926E-02 4.985337879E-02 5.528511743E-02 6.059648460E-02 6.578571165E-02
 7.085086504E-02 7.578988465E-02 8.060062504E-02 8.528090123E-02 8.982853751E-02
 9.424141941E-02 9.851754694E-02 1.026550885E-01 4.531124467E-02 4.608917394E-02
 4.545189676E-02 4.330832054E-02 3.971745214E-02 3.608828040E-02 3.244905974E-02
 2.878520832E-02 2.509068083E-02 2.136129252E-02 1.759428790E-02 1.378789320E-02
 9.940937252E-03 6.052576769E-03 2.122110860E-03-1.851138679E-03-5.867904790E-03
-9.929024716E-03-1.403547272E-02-1.818838123E-02-2.238905671E-02-2.663898956E-02
-3.093986266E-02-3.529355741E-02-3.970215918E-02-4.416796156E-02-4.869347082E-02
-5.328141052E-02-5.793472657E-02-6.265659397E-02-6.745042671E-02-7.231989082E-02
-7.726892356E-02-8.233819857E-02-8.752325623E-02-9.279005117E-02-9.810930491E-02
-1.034595949E-01-1.088246933E-01-1.141908971E-01-1.195455711E-01-1.248765528E-01
-1.301719431E-01-1.354200167E-01-1.406091847E-01-1.457279793E-01-1.507650340E-01
-1.557090800E-01-1.605489299E-01-1.652734785E-01-1.698716889E-01-1.743325866E-01
-1.786452558E-01-1.827988301E-01-1.867824875E-01-1.905854458E-01-1.941969507E-01
-1.976062770E-01-2.008027112E-01-2.037755482E-01-2.065140687E-01-2.090075262E-01
-2.112449363E-01-2.132149345E-01-2.149058140E-01-2.163055342E-01-2.174017831E-01
-2.181820818E-01-2.186339414E-01-2.187450668E-01-2.185035956E-01-2.178983684E-01
-2.169192159E-01-2.155572564E-01-2.138051909E-01-2.116575893E-01-2.091111430E-01
-2.061648676E-01-2.028203191E-01-1.990814171E-01-1.949542246E-01-1.904469580E-01
-1.855700079E-01-1.803359709E-01-1.747596650E-01-1.688581587E-01-1.626507826E-01
-1.561591436E-01-1.494071304E-01-1.424209110E-01-1.352289250E-01-1.278618655E-01
-1.203526287E-01-1.127361804E-01-1.050490819E-01-9.732750904E-02-8.959888922E-02
-8.185807195E-02-7.404502948E-02-6.635690978E-02-5.880082216E-02-5.137717426E-02
-4.408383939E-02-3.691787786E-02-2.987625177E-02-2.295612317E-02-1.615497543E-02
-9.470658556E-03-2.901403631E-03 3.554178064E-03 9.897100897E-03 1.612801326E-02
 2.224720695E-02 2.825462704E-02 3.414988272E-02 3.993225892E-02 4.560072962E-02
 5.115397396E-02 5.659039504E-02 6.190814270E-02 6.710514065E-02 7.217911899E-02
 7.712765213E-02 8.194820237E-02 8.663816984E-02 9.119494722E-02 9.561597932E-02
 9.989882641E-02 1.040412267E-01 4.514080016E-02 4.592421380E-02 4.527760133E-02
 4.315089484E-02 3.978807030E-02 3.614631002E-02 3.247916221E-02 2.878814735E-02
 2.506971762E-02 2.132081367E-02 1.753898436E-02 1.372231715E-02 9.869314071E-03
 5.978761495E-03 2.049615165E-03-1.919093274E-03-5.928328309E-03-9.979105005E-03
-1.407252975E-02-1.820983031E-02-2.239237853E-02-2.662170717E-02-3.089952249E-02
-3.522771395E-02-3.960836139E-02-4.404374033E-02-4.853632558E-02-5.308879440E-02
-5.770402780E-02-6.238511375E-02-6.713535230E-02-7.195826876E-02-7.685764394E-02
-8.187311656E-02-8.700358769E-02-9.221627154E-02-9.748140770E-02-1.027771065E-01
-1.080868699E-01-1.133969186E-01-1.186946241E-01-1.239678705E-01-1.292048069E-01
-1.343937603E-01-1.395231930E-01-1.445816817E-01-1.495579053E-01-1.544406349E-01
-1.592187234E-01-1.638810985E-01-1.684167536E-01-1.728147429E-01-1.770641730E-01
-1.811541938E-01-1.850739951E-01-1.888127964E-01-1.923598378E-01-1.957043709E-01
-1.988356491E-01-2.017429066E-01-2.044153399E-01-2.068420795E-01-2.090121480E-01
-2.109142766E-01-2.125368870E-01-2.138681303E-01-2.148959572E-01-2.156082220E-01
-2.159928356E-01-2.160379599E-01-2.157322360E-01-2.150650433E-01-2.140267774E-01
-2.126091328E-01-2.108053881E-01-2.086106690E-01-2.060221651E-01-2.030394153E-01
-1.996641988E-01-1.959004557E-01-1.917542915E-01-1.872339815E-01-1.823499908E-01
-1.771149974E-01-1.715439042E-01-1.656538649E-01-1.594642932E-01-1.529968716E-01
-1.462755592E-01-1.393265898E-01-1.321784708E-01-1.248619679E-01-1.174100641E-01
-1.098578123E-01-1.022416676E-01-9.459642713E-02-8.694316023E-02-7.926177073E-02
-7.152122067E-02-6.391836240E-02-5.644694346E-02-4.910249902E-02-4.188135009E-02
-3.478028570E-02-2.779647145E-02-2.092742640E-02-1.417102004E-02-7.525471783E-03
-9.893506063E-04 5.438425897E-03 1.175859306E-02 1.797154053E-02 2.407731406E-02
 3.007561743E-02 3.596581446E-02 4.174693303E-02 4.741767025E-02 5.297640070E-02
 5.842118813E-02 6.374980220E-02 6.895974111E-02 7.404826078E-02 7.901241240E-02
 8.384908867E-02 8.855507840E-02 9.312713056E-02 9.756202575E-02 1.018566545E-01
 1.060081002E-01 4.510572386E-02 4.591147275E-02 4.527390031E-02 4.314516637E-02
 3.973965315E-02 3.608514717E-02 3.240602957E-02 2.870235373E-02 2.497206456E-02
 2.121320095E-02 1.742400751E-02 1.360295940E-02 9.748739023E-03 5.860189896E-03
 1.936259407E-03-2.024057232E-03-6.021768102E-03-1.005792820E-02-1.413367529E-02
-1.825025907E-02-2.240906345E-02-2.661162449E-02-3.085964431E-02-3.515500074E-02
-3.949975487E-02-4.389615591E-02-4.834664319E-02-5.285384511E-02-5.742057431E-02
-6.204981674E-02-6.674471626E-02-7.150855776E-02-7.634477746E-02-8.129129301E-02
-8.635115836E-02-9.149385218E-02-9.668912994E-02-1.019145185E-01-1.071531357E-01
-1.123910605E-01-1.176156546E-01-1.228148380E-01-1.279768130E-01-1.330899645E-01
-1.381428130E-01-1.431239921E-01-1.480222340E-01-1.528263600E-01-1.575252695E-01
-1.621079327E-01-1.665633818E-01-1.708807066E-01-1.750490409E-01-1.790575587E-01
-1.828954663E-01-1.865519901E-01-1.900163729E-01-1.932778546E-01-1.963256647E-01
-1.991490044E-01-2.017370247E-01-2.040788001E-01-2.061632970E-01-2.079793318E-01
-2.095155437E-01-2.107603238E-01-2.117019544E-01-2.123287065E-01-2.126289807E-01
-2.125914995E-01-2.122055251E-01-2.114611041E-01-2.103493303E-01-2.088626101E-01
-2.069949153E-01-2.047420451E-01-2.021018562E-01-1.990742383E-01-1.956611799E-01
-1.918667931E-01-1.876973341E-01-1.831612216E-01-1.782690637E-01-1.730336699E-01
-1.674700795E-01-1.615955691E-01-1.554296683E-01-1.489941660E-01-1.423131182E-01
-1.354128427E-01-1.283219242E-01-1.210712029E-01-1.136937325E-01-1.062245523E-01
-9.869952652E-02-9.114991639E-02-8.358501137E-02-7.596572339E-02-6.834100850E-02
-6.084955033E-02-5.348244066E-02-4.623392270E-02-3.909990569E-02-3.207724506E-02
-2.516339839E-02-1.835626436E-02-1.165410787E-02-5.055527246E-03 1.440558346E-03
 7.834912033E-03 1.412797691E-02 2.031987104E-02 2.641038062E-02 3.239895266E-02
 3.828468718E-02 4.406632982E-02 4.974226659E-02 5.531052063E-02 6.076875307E-02
 6.611426976E-02 7.134403504E-02 7.645469498E-02 8.144261191E-02 8.630391112E-02
 9.103454264E-02 9.563035614E-02 1.000871899E-01 1.044009732E-01 1.085678335E-01
 4.517231692E-02 4.597127324E-02 4.538828123E-02 4.321910993E-02 3.957834712E-02
 3.591313063E-02 3.223103830E-02 2.852368833E-02 2.478985713E-02 2.102839993E-02
 1.723822430E-02 1.341831592E-02 9.567738665E-03 5.685615260E-03 1.771097034E-03
-2.176670934E-03-6.158584786E-03-1.017561392E-02-1.422882906E-02-1.831942531E-02
-2.244874144E-02-2.661827442E-02-3.082969127E-02-3.508483760E-02-3.938574435E-02
-4.373463209E-02-4.813391289E-02-5.258618912E-02-5.709424538E-02-6.166102613E-02
-6.628957853E-02-7.098291366E-02-7.574366457E-02-8.060552576E-02-8.557781927E-02
-9.063396483E-02-9.574327276E-02-1.008824856E-01-1.060341328E-01-1.111840285E-01
-1.163194622E-01-1.214283681E-01-1.264989969E-01-1.315197945E-01-1.364793471E-01
-1.413663532E-01-1.461696068E-01-1.508779882E-01-1.554804540E-01-1.599660245E-01
-1.643237821E-01-1.685428547E-01-1.726124164E-01-1.765216713E-01-1.802598508E-01
-1.838162007E-01-1.871799763E-01-1.903404224E-01-1.932867704E-01-1.960082176E-01
-1.984939150E-01-2.007329460E-01-2.027143116E-01-2.044269161E-01-2.058595635E-01
-2.070009714E-01-2.078398411E-01-2.083649348E-01-2.085652285E-01-2.084300975E-01
-2.079495236E-01-2.071143192E-01-2.059163820E-01-2.043489538E-01-2.024068082E-01
-2.000864416E-01-1.973862166E-01-1.943064456E-01-1.908494631E-01-1.870196725E-01
-1.828235851E-01-1.782698529E-01-1.733692957E-01-1.681349270E-01-1.625819680E-01
-1.567278684E-01-1.505923154E-01-1.441972373E-01-1.375668088E-01-1.307274397E-01
-1.237077661E-01-1.165385971E-01-1.092527678E-01-1.018845014E-01-9.446661427E-02
-8.701995550E-02-7.953030166E-02-7.197397845E-02-6.452259720E-02-5.717794744E-02
-4.993918353E-02-4.280457532E-02-3.577220339E-02-2.884022511E-02-2.200697608E-02
-1.527100789E-02-8.631106278E-03-2.086301949E-03 4.364118024E-03 1.072059804E-02
 1.698329988E-02 2.315208664E-02 2.922650530E-02 3.520576681E-02 4.108872649E-02
 4.687386223E-02 5.255925422E-02 5.814256582E-02 6.362102792E-02 6.899142924E-02
 7.425011441E-02 7.939299479E-02 8.441557332E-02 8.931298924E-02 9.408008311E-02
 9.871148674E-02 1.032017361E-01 1.075454069E-01 1.117372641E-01 4.456578079E-02
 4.538994127E-02 4.476993527E-02 4.265595223E-02 3.928569383E-02 3.563625588E-02
 3.195677213E-02 2.825128665E-02 2.451933231E-02 2.076038195E-02 1.697392668E-02
 1.315948304E-02 9.316581639E-03 5.444745894E-03 1.543463806E-03-2.387841204E-03
-6.349838259E-03-1.034331359E-02-1.436919112E-02-1.842854913E-02-2.252263297E-02
-2.665286484E-02-3.082085094E-02-3.502838727E-02-3.927746443E-02-4.357027185E-02
-4.790920409E-02-5.229687032E-02-5.673611062E-02-6.123003039E-02-6.578207117E-02
-7.039617044E-02-7.507713240E-02-7.983152139E-02-8.469676156E-02-8.964900345E-02
-9.465609696E-02-9.969337997E-02-1.047424326E-01-1.097886080E-01-1.148190458E-01
-1.198216656E-01-1.247847666E-01-1.296968614E-01-1.345466087E-01-1.393227843E-01
-1.440142548E-01-1.486099730E-01-1.530989604E-01-1.574703001E-01-1.617131306E-01
-1.658166348E-01-1.697700315E-01-1.735625701E-01-1.771835208E-01-1.806221640E-01
-1.838677833E-01-1.869096582E-01-1.897370491E-01-1.923391911E-01-1.947052844E-01
-1.968244850E-01-1.986859032E-01-2.002786078E-01-2.015916462E-01-2.026140767E-01
-2.033350425E-01-2.037438648E-01-2.038301781E-01-2.035840977E-01-2.029964099E-01
-2.020587851E-01-2.007639853E-01-1.991060764E-01-1.970806030E-01-1.946847537E-01
-1.919174869E-01-1.887796324E-01-1.852739725E-01-1.814053061E-01-1.771804966E-01
-1.726085151E-01-1.677004735E-01-1.624696531E-01-1.569315237E-01-1.511037642E-01
-1.450062698E-01-1.386611592E-01-1.320927726E-01-1.253276609E-01-1.183945414E-01
-1.113241682E-01-1.041488619E-01-9.690065213E-02-8.960409264E-02-8.225726447E-02
-7.481173393E-02-6.744450734E-02-6.016348008E-02-5.297196661E-02-4.587094109E-02
-3.886023072E-02-3.193914032E-02-2.510677804E-02-1.836222599E-02-1.170463380E-02
-5.133273181E-03 1.352425244E-03 7.752843699E-03 1.406815137E-02 2.029827873E-02
 2.644289051E-02 3.250135596E-02 3.847271659E-02 4.435565085E-02 5.014843631E-02
 5.584890888E-02 6.145442236E-02 6.696180812E-02 7.236733883E-02 7.766670033E-02
 8.285497594E-02 8.792665083E-02 9.287564161E-02 9.769535984E-02 1.023788131E-01
 1.069187534E-01 1.113078540E-01 1.155389381E-01 4.415807831E-02 4.499621416E-02
 4.438653377E-02 4.228009504E-02 3.890356350E-02 3.525935856E-02 3.158550754E-02
 2.788516397E-02 2.415829488E-02 2.040490171E-02 1.662504849E-02 1.281883135E-02
 8.986335356E-03 5.127590141E-03 1.242528122E-03-2.669049585E-03-6.607499747E-03
-1.057335607E-02-1.456734209E-02-1.859037914E-02-2.264359070E-02-2.672830404E-02
-3.084605075E-02-3.499856604E-02-3.918778894E-02-4.341586227E-02-4.768513543E-02
-5.199816951E-02-5.635774756E-02-6.076689091E-02-6.522888231E-02-6.974729203E-02
-7.432597516E-02-7.896894239E-02-8.371581106E-02-8.855033165E-02-9.344064203E-02
-9.836112607E-02-1.032925098E-01-1.082196750E-01-1.131296054E-01-1.180102227E-01
-1.228498879E-01-1.276371998E-01-1.323609079E-01-1.370098779E-01-1.415730665E-01
-1.460395077E-01-1.503983040E-01-1.546386133E-01-1.587496436E-01-1.627206444E-01
-1.665408975E-01-1.701997114E-01-1.736864121E-01-1.769903382E-01-1.801008314E-01
-1.830072320E-01-1.856988720E-01-1.881650706E-01-1.903951346E-01-1.923783580E-01
-1.941040359E-01-1.955614808E-01-1.967400556E-01-1.976292294E-01-1.982186512E-01
-1.984982477E-01-1.984583564E-01-1.980898722E-01-1.973844226E-01-1.963345466E-01
-1.949338776E-01-1.931773219E-01-1.910612219E-01-1.885834973E-01-1.857437719E-01
-1.825434751E-01-1.789859290E-01-1.750764177E-01-1.708222479E-01-1.662327936E-01
-1.613195373E-01-1.560961018E-01-1.505782711E-01-1.447840160E-01-1.387334998E-01
-1.324490945E-01-1.259553772E-01-1.192791224E-01-1.124492465E-01-1.054965537E-01
-9.845264631E-02-9.134539505E-02-8.418554234E-02-7.694557274E-02-6.965093480E-02
-6.244768171E-02-5.532820505E-02-4.828932845E-02-4.132958037E-02-3.444811361E-02
-2.764429830E-02-2.091758599E-02-1.426747689E-02-7.693527286E-03-1.195369802E-03
 5.227261585E-03 1.157450421E-02 1.784633739E-02 2.404255082E-02 3.016270910E-02
 3.620611206E-02 4.217175002E-02 4.805825300E-02 5.386383348E-02 5.958622263E-02
 6.522260085E-02 7.076952331E-02 7.622284343E-02 8.157764009E-02 8.682815398E-02
 9.196774503E-02 9.698888228E-02 1.018831813E-01 1.066415128E-01 1.112541728E-01
 1.157111470E-01 1.200024383E-01 4.403293871E-02 4.475869932E-02 4.427799389E-02
 4.206516650E-02 3.843261472E-02 3.478587249E-02 3.111944237E-02 2.742586709E-02
 2.370537249E-02 1.995853873E-02 1.618613253E-02 1.238899527E-02 8.567934105E-03
 4.723632093E-03 8.565843664E-04-3.032942783E-03-6.944933851E-03-1.087963281E-02
-1.483754302E-02-1.881942144E-02-2.282627076E-02-2.685932935E-02-3.092006172E-02
-3.501014966E-02-3.913148396E-02-4.328615782E-02-4.747646137E-02-5.170487764E-02
-5.597407943E-02-6.028692627E-02-6.464646022E-02-6.905589622E-02-7.351860550E-02
-7.803808969E-02-8.265305916E-02-8.735511421E-02-9.211379445E-02-9.690260569E-02
-1.017013903E-01-1.064944787E-01-1.112686572E-01-1.160118448E-01-1.207124748E-01
-1.253592485E-01-1.299410250E-01-1.344467752E-01-1.388655611E-01-1.431865146E-01
-1.473988319E-01-1.514917618E-01-1.554545993E-01-1.592766754E-01-1.629473537E-01
-1.664560232E-01-1.697920921E-01-1.729449823E-01-1.759041289E-01-1.786589713E-01
-1.811989583E-01-1.835135474E-01-1.855922117E-01-1.874244532E-01-1.889998233E-01
-1.903079537E-01-1.913385998E-01-1.920817056E-01-1.925274820E-01-1.926665095E-01
-1.924898548E-01-1.919892153E-01-1.911570651E-01-1.899868190E-01-1.884729869E-01
-1.866113347E-01-1.843990288E-01-1.818347664E-01-1.789188959E-01-1.756535167E-01
-1.720425698E-01-1.680919062E-01-1.638093585E-01-1.592047855E-01-1.542901143E-01
-1.490793807E-01-1.435887547E-01-1.378365563E-01-1.318432783E-01-1.256315859E-01
-1.192263155E-01-1.126544250E-01-1.059447837E-01-9.912729348E-02-9.222931008E-02
-8.526471630E-02-7.821453422E-02-7.107915823E-02-6.400504324E-02-5.699566912E-02
-5.005179068E-02-4.317347340E-02-3.636065684E-02-2.961327020E-02-2.293123776E-02
-1.631446977E-02-9.762862849E-03-3.276310293E-03 3.145280477E-03 9.501964916E-03
 1.579373480E-02 2.202048773E-02 2.818199207E-02 3.427784676E-02 4.030743439E-02
 4.626986669E-02 5.216392007E-02 5.798795943E-02 6.373985047E-02 6.941685600E-02
 7.501551830E-02 8.053152775E-02 8.595957901E-02 9.129322504E-02 9.652473972E-02
 1.016450128E-01 1.066435050E-01 1.115083063E-01 1.162263298E-01 1.207836751E-01
 1.251661453E-01 4.300847042E-02 4.386885467E-02 4.328159704E-02 4.119755903E-02
 3.784429299E-02 3.421944867E-02 3.056202154E-02 2.687537946E-02 2.316036971E-02
 1.941851268E-02 1.565172208E-02 1.186199431E-02 8.051175612E-03 4.220818182E-03
 3.721064682E-04-3.494168147E-03-7.377604178E-03-1.127817127E-02-1.519618484E-02
-1.913227828E-02-2.308737624E-02-2.706267059E-02-3.105959787E-02-3.507982054E-02
-3.912521053E-02-4.319783502E-02-4.729994372E-02-5.143395631E-02-5.560244946E-02
-5.980814064E-02-6.405386542E-02-6.834254755E-02-7.267716456E-02-7.706073518E-02
-8.152998405E-02-8.608394985E-02-9.069547846E-02-9.533736165E-02-9.998850335E-02
-1.046325354E-01-1.092559303E-01-1.138465519E-01-1.183928944E-01-1.228837609E-01
-1.273081300E-01-1.316550947E-01-1.359138322E-01-1.400735930E-01-1.441236810E-01
-1.480534541E-01-1.518523109E-01-1.555096877E-01-1.590150526E-01-1.623579000E-01
-1.655277493E-01-1.685141403E-01-1.713066380E-01-1.738948275E-01-1.762683231E-01
-1.784167758E-01-1.803298897E-01-1.819974406E-01-1.834093058E-01-1.845555038E-01
-1.854262503E-01-1.860120223E-01-1.863036437E-01-1.862923818E-01-1.859700604E-01
-1.853291905E-01-1.843631017E-01-1.830660882E-01-1.814335456E-01-1.794621171E-01
-1.771498171E-01-1.744961612E-01-1.715022722E-01-1.681709817E-01-1.645069145E-01
-1.605165667E-01-1.562083645E-01-1.515927268E-01-1.466821030E-01-1.414910114E-01
-1.360360726E-01-1.303360263E-01-1.244117456E-01-1.182862293E-01-1.119845447E-01
-1.055336016E-01-9.896129051E-02-9.229320878E-02-8.554311095E-02-7.869592631E-02
-7.174524340E-02-6.483657840E-02-5.797305834E-02-5.115730854E-02-4.439119484E-02
-3.767602264E-02-3.101272983E-02-2.440200607E-02-1.784436053E-02-1.134016265E-02
-4.889669697E-03 1.506949322E-03 7.849590650E-03 1.413819139E-02 2.037270294E-02
 2.655306074E-02 3.267914962E-02 3.875076270E-02 4.476755261E-02 5.072897234E-02
 5.663420306E-02 6.248206604E-02 6.827091393E-02 7.399849809E-02 7.966180512E-02
 8.525686040E-02 9.077849165E-02 9.622005542E-02 1.015731326E-01 1.068272148E-01
 1.119694385E-01 1.169844373E-01 1.218544455E-01 1.265597621E-01 1.310796292E-01
 4.227582748E-02 4.314272868E-02 4.256786821E-02 4.050150398E-02 3.717651983E-02
 3.356829950E-02 2.992141355E-02 2.623972490E-02 2.252556050E-02 1.878275251E-02
 1.501555331E-02 1.122793045E-02 7.423233676E-03 3.604091701E-03-2.275769348E-04
-4.070503535E-03-7.923994370E-03-1.178785656E-02-1.566233115E-02-1.954803531E-02
-2.344591303E-02-2.735719475E-02-3.128336306E-02-3.522612499E-02-3.918738875E-02
-4.316924424E-02-4.717394707E-02-5.120390299E-02-5.526165261E-02-5.934985091E-02
-6.347123424E-02-6.762855528E-02-7.182444077E-02-7.606105695E-02-8.037043904E-02
-8.475970099E-02-8.920768055E-02-9.368688221E-02-9.817516780E-02-1.026552471E-01
-1.071130810E-01-1.115363583E-01-1.159135818E-01-1.202336455E-01-1.244856462E-01
-1.286588063E-01-1.327424374E-01-1.367259188E-01-1.405986858E-01-1.443502211E-01
-1.479700518E-01-1.514477410E-01-1.547728884E-01-1.579351237E-01-1.609241114E-01
-1.637295490E-01-1.663411696E-01-1.687487528E-01-1.709421315E-01-1.729112080E-01
-1.746459758E-01-1.761365470E-01-1.773731889E-01-1.783463723E-01-1.790468287E-01
-1.794656190E-01-1.795942210E-01-1.794246194E-01-1.789494197E-01-1.781619576E-01
-1.770564294E-01-1.756280141E-01-1.738730047E-01-1.717889334E-01-1.693746926E-01
-1.666306460E-01-1.635587356E-01-1.601625745E-01-1.564475321E-01-1.524208094E-01
-1.480914982E-01-1.434706429E-01-1.385712830E-01-1.334084928E-01-1.279994085E-01
-1.223632561E-01-1.165213458E-01-1.104970169E-01-1.043153793E-01-9.800234189E-02
-9.158113612E-02-8.506317185E-02-7.843316610E-02-7.168977594E-02-6.497088714E-02
-5.827981418E-02-5.161958759E-02-4.499287774E-02-3.840193876E-02-3.184862586E-02
-2.533444396E-02-1.886059864E-02-1.242803893E-02-6.037492035E-03 3.105093172E-04
 6.615602654E-03 1.287757382E-02 1.909633526E-02 2.527190269E-02 3.140437011E-02
 3.749387961E-02 4.354058659E-02 4.954461591E-02 5.550600828E-02 6.142465151E-02
 6.730019310E-02 7.313192812E-02 7.891865292E-02 8.465847649E-02 9.034857268E-02
 9.598485757E-02 1.015615689E-01 1.070707256E-01 1.125014519E-01 1.178391840E-01
 1.230648836E-01 1.281545189E-01 1.330793340E-01 1.378073912E-01 4.175110552E-02
 4.258847997E-02 4.208154378E-02 3.999390503E-02 3.644388743E-02 3.285523497E-02
 2.922041658E-02 2.553450689E-02 2.180708084E-02 1.804862574E-02 1.426802698E-02
 1.047213516E-02 6.665978443E-03 2.853099560E-03-9.641366707E-04-4.784296509E-03
-8.606687132E-03-1.243121133E-02-1.625825609E-02-2.008860690E-02-2.392338069E-02
-2.776397307E-02-3.161201720E-02-3.546935050E-02-3.933798880E-02-4.322010586E-02
-4.711801839E-02-5.103417482E-02-5.497115200E-02-5.893165899E-02-6.291856085E-02
-6.693493859E-02-7.098423801E-02-7.507062483E-02-7.919984889E-02-8.340581009E-02
-8.767304778E-02-9.197363287E-02-9.628394010E-02-1.005854541E-01-1.048633548E-01
-1.091049968E-01-1.132988172E-01-1.174337688E-01-1.214990656E-01-1.254840692E-01
-1.293782382E-01-1.331710990E-01-1.368522346E-01-1.404112807E-01-1.438379135E-01
-1.471218515E-01-1.502528540E-01-1.532207211E-01-1.560152980E-01-1.586264776E-01
-1.610442106E-01-1.632585175E-01-1.652595009E-01-1.670373697E-01-1.685824655E-01
-1.698852961E-01-1.709365764E-01-1.717272842E-01-1.722487154E-01-1.724925618E-01
-1.724509888E-01-1.721167305E-01-1.714831892E-01-1.705445450E-01-1.692958656E-01
-1.677332284E-01-1.658538327E-01-1.636561175E-01-1.611398711E-01-1.583063371E-01
-1.551583106E-01-1.517002324E-01-1.479382659E-01-1.438803714E-01-1.395363689E-01
-1.349179923E-01-1.300389330E-01-1.249148793E-01-1.195635409E-01-1.140046536E-01
-1.082599231E-01-1.023527457E-01-9.630708142E-02-9.014360641E-02-8.387047557E-02
-7.746897828E-02-7.095266390E-02-6.444411510E-02-5.794683262E-02-5.146422183E-02
-4.499947757E-02-3.855550551E-02-3.213487710E-02-2.573981649E-02-1.937220856E-02
-1.303361646E-02-6.725302680E-03-4.482495370E-04 5.796822455E-03 1.200943782E-02
 1.818935114E-02 2.433653224E-02 3.045115209E-02 3.653356650E-02 4.258429820E-02
 4.860401409E-02 5.459349734E-02 6.055361022E-02 6.648524509E-02 7.238925832E-02
 7.826638093E-02 8.411709679E-02 8.994147367E-02 9.573892881E-02 1.015078973E-01
 1.072453532E-01 1.129461132E-01 1.186017886E-01 1.241992113E-01 1.297181068E-01
 1.351280267E-01 1.403857501E-01 1.454368123E-01 4.050534523E-02 4.129070933E-02
 4.074285204E-02 3.881322283E-02 3.567253429E-02 3.216879016E-02 2.852096592E-02
 2.478865850E-02 2.100934009E-02 1.720494943E-02 1.338879923E-02 9.569235399E-03
 5.751545390E-03 1.939012741E-03-1.866461834E-03-5.663973066E-03-9.453356806E-03
-1.323501565E-02-1.700979504E-02-2.077889209E-02-2.454378755E-02-2.830619367E-02
-3.206801325E-02-3.583130843E-02-3.959827620E-02-4.337122950E-02-4.715258328E-02
-5.094484487E-02-5.475060989E-02-5.857256254E-02-6.241348316E-02-6.627626301E-02
-7.016392150E-02-7.407960269E-02-7.802645964E-02-8.203952117E-02-8.611248164E-02
-9.022018021E-02-9.433825807E-02-9.844720730E-02-1.025313936E-01-1.065777302E-01
-1.105745199E-01-1.145107523E-01-1.183757534E-01-1.221590330E-01-1.258502082E-01
-1.294389745E-01-1.329150864E-01-1.362683514E-01-1.394886238E-01-1.425658078E-01
-1.454898533E-01-1.482507662E-01-1.508386105E-01-1.532435168E-01-1.554556989E-01
-1.574654655E-01-1.592632413E-01-1.608395940E-01-1.621852684E-01-1.632912202E-01
-1.641486671E-01-1.647491381E-01-1.650845425E-01-1.651472400E-01-1.649301167E-01
-1.644266804E-01-1.636311507E-01-1.625385643E-01-1.611448759E-01-1.594470690E-01
-1.574432598E-01-1.551328089E-01-1.525164195E-01-1.495962366E-01-1.463759430E-01
-1.428608413E-01-1.390579342E-01-1.349759936E-01-1.306256217E-01-1.260193021E-01
-1.211714348E-01-1.160983622E-01-1.108183412E-01-1.053514286E-01-9.971902668E-02
-9.394234520E-02-8.803805674E-02-8.201055254E-02-7.584542552E-02-6.957532182E-02
-6.329594946E-02-5.701100018E-02-5.072448081E-02-4.444029371E-02-3.816206989E-02
-3.189310090E-02-2.563631397E-02-1.939426702E-02-1.316915363E-02-6.962813805E-03
-7.767448313E-04 5.387887093E-03 1.153023750E-02 1.764977606E-02 2.374628074E-02
 2.981983394E-02 3.587081988E-02 4.189992300E-02 4.790812567E-02 5.389670613E-02
 5.986723398E-02 6.582156154E-02 7.176181062E-02 7.769034939E-02 8.360975712E-02
 8.952276957E-02 9.543219695E-02 1.013408005E-01 1.072511065E-01 1.131651166E-01
 1.190838528E-01 1.250065871E-01 1.309294346E-01 1.368424823E-01 1.427229434E-01
 1.485166588E-01 1.541067460E-01 4.054964193E-02 4.161370213E-02 4.113245521E-02
 3.905561344E-02 3.558585635E-02 3.176741285E-02 2.789519490E-02 2.399983253E-02
 2.010081702E-02 1.620960364E-02 1.233294725E-02 8.474807965E-03 4.637370605E-03
 8.216203082E-04-2.972309817E-03-6.744914878E-03-1.049716592E-02-1.423040129E-02
-1.794624681E-02-2.164655411E-02-2.533335393E-02-2.900881848E-02-3.267523206E-02
-3.633496815E-02-3.999047045E-02-4.364423920E-02-4.729881936E-02-5.095679222E-02
-5.462076783E-02-5.829337796E-02-6.197726629E-02-6.567507218E-02-6.938940273E-02
-7.312278664E-02-7.687762322E-02-8.068697107E-02-8.455168843E-02-8.845200809E-02
-9.236362608E-02-9.626621960E-02-1.001433140E-01-1.039812487E-01-1.077680766E-01
-1.114927601E-01-1.151447162E-01-1.187135978E-01-1.221891971E-01-1.255613923E-01
-1.288201304E-01-1.319554163E-01-1.349573110E-01-1.378159317E-01-1.405214565E-01
-1.430641310E-01-1.454342776E-01-1.476223101E-01-1.496187461E-01-1.514142317E-01
-1.529995630E-01-1.543657179E-01-1.555038918E-01-1.564055403E-01-1.570624265E-01
-1.574666821E-01-1.576108652E-01-1.574880368E-01-1.570918353E-01-1.564165643E-01
-1.554572811E-01-1.542098918E-01-1.526712505E-01-1.508392556E-01-1.487129525E-01
-1.462926345E-01-1.435799318E-01-1.405779152E-01-1.372911746E-01-1.337259080E-01
-1.298899936E-01-1.257930609E-01-1.214465458E-01-1.168637346E-01-1.120597769E-01
-1.070516272E-01-1.018577938E-01-9.649747552E-02-9.098797295E-02-8.533892263E-02
-7.954220414E-02-7.358550137E-02-6.759735882E-02-6.157030307E-02-5.551554308E-02
-4.944082462E-02-4.335214693E-02-3.725449690E-02-3.115217227E-02-2.504893140E-02
-1.894806584E-02-1.285243929E-02-6.764510277E-03-6.863459456E-04 5.380368135E-03
 1.143432281E-02 1.747458354E-02 2.350059123E-02 2.951216747E-02 3.550952191E-02
 4.149326393E-02 4.746441702E-02 5.342443667E-02 5.937523187E-02 6.531918971E-02
 7.125920330E-02 7.719870298E-02 8.314169101E-02 8.909277933E-02 9.505723162E-02
 1.010410109E-01 1.070508341E-01 1.130942479E-01 1.191797299E-01 1.253168660E-01
 1.315166765E-01 1.377923130E-01 1.441607396E-01 1.506476678E-01 1.573058609E-01
 1.638878847E-01 4.140206176E-02 4.295733444E-02 4.256545092E-02 4.018609475E-02
 3.569080759E-02 3.133975034E-02 2.713440441E-02 2.301670015E-02 1.896491120E-02
 1.496858855E-02 1.102210490E-02 7.121863548E-03 3.265096550E-03-5.506605016E-04
-4.327800608E-03-8.068744283E-03-1.177597623E-02-1.545205257E-02-1.909959373E-02
-2.272127232E-02-2.631979856E-02-2.989790656E-02-3.345834174E-02-3.700385049E-02
-4.053717089E-02-4.406102592E-02-4.757811806E-02-5.109112437E-02-5.460269134E-02
-5.811542841E-02-6.163189512E-02-6.515457483E-02-6.868581778E-02-7.222771148E-02
-7.578178029E-02-7.937642544E-02-8.301853494E-02-8.669636851E-02-9.038703066E-02
-9.406949938E-02-9.772642429E-02-1.013434021E-01-1.049080613E-01-1.084092183E-01
-1.118363201E-01-1.151791452E-01-1.184276561E-01-1.215719255E-01-1.246021139E-01
-1.275084469E-01-1.302812194E-01-1.329107943E-01-1.353876099E-01-1.377021903E-01
-1.398451565E-01-1.418072428E-01-1.435793196E-01-1.451524142E-01-1.465177412E-01
-1.476667351E-01-1.485910893E-01-1.492828040E-01-1.497342341E-01-1.499381477E-01
-1.498877904E-01-1.495769574E-01-1.490000644E-01-1.481522354E-01-1.470293805E-01
-1.456282918E-01-1.439467304E-01-1.419835232E-01-1.397386529E-01-1.372133495E-01
-1.344101876E-01-1.313331679E-01-1.279878070E-01-1.243812170E-01-1.205221742E-01
-1.164211922E-01-1.120905542E-01-1.075443276E-01-1.027982445E-01-9.786926021E-02
-9.277415957E-02-8.752620030E-02-8.212916572E-02-7.657221281E-02-7.087517667E-02
-6.513279702E-02-5.934820451E-02-5.352460711E-02-4.766735507E-02-4.178210072E-02
-3.587420302E-02-2.994856383E-02-2.400960351E-02-1.806127608E-02-1.210708924E-02
-6.150122309E-03-1.930379037E-04 5.761910999E-03 1.171287868E-02 1.765842848E-02
 2.359753918E-02 2.952961514E-02 3.545450115E-02 4.137250271E-02 4.728441053E-02
 5.319153203E-02 5.909572881E-02 6.499946187E-02 7.090584586E-02 7.681871324E-02
 8.274269074E-02 8.868329108E-02 9.464702288E-02 1.006415260E-01 1.066757368E-01
 1.127601056E-01 1.189068819E-01 1.251305084E-01 1.314482111E-01 1.378809165E-01
 1.444547421E-01 1.512034991E-01 1.581726346E-01 1.654209391E-01 1.725477769E-01
 4.030990468E-02 4.198599872E-02 4.162024490E-02 3.914505083E-02 3.482283590E-02
 3.027828305E-02 2.588075310E-02 2.160727980E-02 1.743806325E-02 1.335869405E-02
 9.358716002E-03 5.430259335E-03 1.567069760E-03-2.236111834E-03-5.983927105E-03
-9.680624990E-03-1.333019311E-02-1.693643397E-02-2.050300738E-02-2.403345450E-02
-2.753120972E-02-3.099960802E-02-3.444188757E-02-3.786119203E-02-4.126057205E-02
-4.464298708E-02-4.801130720E-02-5.136831613E-02-5.471671520E-02-5.805912981E-02
-6.139812115E-02-6.473621134E-02-6.807594058E-02-7.142000160E-02-7.477156668E-02
-7.813508366E-02-8.154002494E-02-8.498032317E-02-8.843572142E-02-9.188461840E-02
-9.530873335E-02-9.869281963E-02-1.020239012E-01-1.052904951E-01-1.084819825E-01
-1.115882184E-01-1.145993190E-01-1.175055601E-01-1.202973237E-01-1.229650830E-01
-1.254993911E-01-1.278908884E-01-1.301303072E-01-1.322084840E-01-1.341163794E-01
-1.358450912E-01-1.373858824E-01-1.387302068E-01-1.398697394E-01-1.407964167E-01
-1.415024755E-01-1.419804991E-01-1.422234741E-01-1.422248436E-01-1.419785736E-01
-1.414792194E-01-1.407220026E-01-1.397028854E-01-1.384186513E-01-1.368669917E-01
-1.350465885E-01-1.329572029E-01-1.305997593E-01-1.279764368E-01-1.250907487E-01
-1.219476311E-01-1.185535242E-01-1.149164451E-01-1.110460456E-01-1.069536437E-01
-1.026521582E-01-9.815581212E-02-9.347919566E-02-8.863498437E-02-8.362974839E-02
-7.845900227E-02-7.311819849E-02-6.771277416E-02-6.223476785E-02-5.669547084E-02
-5.110298971E-02-4.546391820E-02-3.978429607E-02-3.406978836E-02-2.832568359E-02
-2.255687185E-02-1.676783132E-02-1.096262636E-02-5.144908486E-03 6.820807305E-04
 6.515509329E-03 1.235295699E-02 1.819242064E-02 2.403232434E-02 2.987153287E-02
 3.570937073E-02 4.154564632E-02 4.738068198E-02 5.321535111E-02 5.905112312E-02
 6.489011783E-02 7.073517079E-02 7.658991165E-02 8.245885824E-02 8.834752938E-02
 9.426258165E-02 1.002119728E-01 1.062051637E-01 1.122533599E-01 1.183698115E-01
 1.245701849E-01 1.308730203E-01 1.373003118E-01 1.438782147E-01 1.506379010E-01
 1.576164590E-01 1.648575460E-01 1.724105395E-01 1.797790680E-01 3.853271786E-02
 4.024565559E-02 3.989152136E-02 3.739066162E-02 3.308323705E-02 2.846136524E-02
 2.397550950E-02 1.962378040E-02 1.539349616E-02 1.127309967E-02 7.252513068E-03
 3.323004237E-03-5.230643336E-04-4.292481343E-03-7.991385026E-03-1.162540877E-02
-1.519978325E-02-1.871940554E-02-2.218888681E-02-2.561258455E-02-2.899462560E-02
-3.233892374E-02-3.564919268E-02-3.892895789E-02-4.218156665E-02-4.541019752E-02
-4.861786916E-02-5.180744902E-02-5.498166223E-02-5.814310053E-02-6.129423160E-02
-6.443740996E-02-6.757488625E-02-7.070881084E-02-7.384120778E-02-7.697384979E-02
-8.013627813E-02-8.332848117E-02-8.653626973E-02-8.973924973E-02-9.291869364E-02
-9.605869069E-02-9.914563950E-02-1.021676327E-01-1.051138704E-01-1.079742077E-01
-1.107388827E-01-1.133983567E-01-1.159432469E-01-1.183642845E-01-1.206523101E-01
-1.227982676E-01-1.247932152E-01-1.266283407E-01-1.282949786E-01-1.297846312E-01
-1.310889937E-01-1.321999890E-01-1.331097950E-01-1.338108916E-01-1.342960950E-01
-1.345586163E-01-1.345921062E-01-1.343907158E-01-1.339491637E-01-1.332627933E-01
-1.323276548E-01-1.311405715E-01-1.296992182E-01-1.280022015E-01-1.260491354E-01
-1.238407259E-01-1.213788464E-01-1.186666177E-01-1.157084855E-01-1.125102932E-01
-1.090793500E-01-1.054244684E-01-1.015559229E-01-9.748521230E-02-9.322432725E-02
-8.878401432E-02-8.417086204E-02-7.938369363E-02-7.440951233E-02-6.935471559E-02
-6.420860305E-02-5.898214015E-02-5.368242904E-02-4.831699681E-02-4.289294580E-02
-3.741682883E-02-3.189472805E-02-2.633231448E-02-2.073487547E-02-1.510732191E-02
-9.454188886E-03-3.779633879E-03 1.912566781E-03 7.619022329E-03 1.333673405E-02
 1.906310449E-02 2.479594952E-02 3.053351442E-02 3.627449446E-02 4.201805997E-02
 4.776388735E-02 5.351219691E-02 5.926379820E-02 6.502014461E-02 7.078339888E-02
 7.655651077E-02 8.234331186E-02 8.814862745E-02 9.397841259E-02 9.983991411E-02
 1.057418691E-01 1.116947375E-01 1.177109862E-01 1.238054188E-01 1.299955669E-01
 1.363021199E-01 1.427493918E-01 1.493657644E-01 1.561840273E-01 1.632414693E-01
 1.705795407E-01 1.782517138E-01 1.857068090E-01 3.635116120E-02 3.813158832E-02
 3.778622179E-02 3.526311732E-02 3.056048297E-02 2.588469320E-02 2.136989707E-02
 1.699604094E-02 1.275452540E-02 8.636493065E-03 4.633148573E-03 7.360153127E-04
-3.062945899E-03-6.771299040E-03-1.039613543E-02-1.394409338E-02-1.742138365E-02
-2.083381479E-02-2.418681757E-02-2.748546778E-02-3.073450752E-02-3.393836488E-02
-3.710117338E-02-4.022678965E-02-4.331881026E-02-4.638058827E-02-4.941524773E-02
-5.242569769E-02-5.541464441E-02-5.838460217E-02-6.133789978E-02-6.427668072E-02
-6.720288762E-02-7.011821166E-02-7.302396231E-02-7.592075388E-02-7.883413278E-02
-8.176839298E-02-8.471673512E-02-8.766194491E-02-9.058543927E-02-9.347080146E-02
-9.630384790E-02-9.907217224E-02-1.017646633E-01-1.043710712E-01-1.068816823E-01
-1.092871156E-01-1.115782088E-01-1.137459640E-01-1.157815205E-01-1.176761539E-01
-1.194212794E-01-1.210084686E-01-1.224294642E-01-1.236762094E-01-1.247408744E-01
-1.256158869E-01-1.262939692E-01-1.267681805E-01-1.270319590E-01-1.270791722E-01
-1.269041732E-01-1.265018527E-01-1.258677071E-01-1.249978967E-01-1.238893211E-01
-1.225396873E-01-1.209475824E-01-1.191125440E-01-1.170351370E-01-1.147170198E-01
-1.121610127E-01-1.093711592E-01-1.063527694E-01-1.031124431E-01-9.965802737E-02
-9.599841709E-02-9.214287846E-02-8.809970924E-02-8.387421760E-02-7.946510829E-02
-7.486052091E-02-7.016060171E-02-6.535423729E-02-6.045205779E-02-5.546055511E-02
-5.038689011E-02-4.523798814E-02-4.002061934E-02-3.474130829E-02-2.940627475E-02
-2.402141556E-02-1.859230233E-02-1.312418169E-02-7.621973331E-03-2.090265850E-03
 3.466689133E-03 9.044984688E-03 1.464106786E-02 2.025175140E-02 2.587422726E-02
 3.150608406E-02 3.714532724E-02 4.279040362E-02 4.844023101E-02 5.409423292E-02
 5.975238005E-02 6.541523970E-02 7.108403351E-02 7.676070741E-02 8.244801330E-02
 8.814960771E-02 9.387016961E-02 9.961554139E-02 1.053929011E-01 1.112109635E-01
 1.170802351E-01 1.230133039E-01 1.290252006E-01 1.351338071E-01 1.413603233E-01
 1.477297624E-01 1.542714163E-01 1.610191751E-01 1.680115396E-01 1.752911039E-01
 1.829182833E-01 1.902854753E-01 3.278716804E-02 3.452992468E-02 3.417243063E-02
 3.164654370E-02 2.720249533E-02 2.254221147E-02 1.803705092E-02 1.368211460E-02
 9.470749977E-03 5.395260782E-03 1.447363792E-03-2.381451489E-03-6.099659403E-03
-9.715515991E-03-1.323694020E-02-1.667144217E-02-2.002608507E-02-2.330747000E-02
-2.652173779E-02-2.967458044E-02-3.277125912E-02-3.581662668E-02-3.881515124E-02
-4.177094069E-02-4.468776637E-02-4.756908596E-02-5.041806481E-02-5.323759564E-02
-5.603031612E-02-5.879862644E-02-6.154470519E-02-6.427052856E-02-6.697789798E-02
-6.966849408E-02-7.234399712E-02-7.500638329E-02-7.765865836E-02-8.032589137E-02
-8.300442988E-02-8.568103416E-02-8.833820492E-02-9.095924126E-02-9.352947189E-02
-9.603601309E-02-9.846737632E-02-1.008130976E-01-1.030634195E-01-1.052090540E-01
-1.072410303E-01-1.091506065E-01-1.109292326E-01-1.125685314E-01-1.140602980E-01
-1.153965151E-01-1.165693714E-01-1.175712837E-01-1.183949331E-01-1.190332876E-01
-1.194796521E-01-1.197277005E-01-1.197715279E-01-1.196056932E-01-1.192252787E-01
-1.186259460E-01-1.178039920E-01-1.167564196E-01-1.154809977E-01-1.139763347E-01
-1.122419470E-01-1.102783201E-01-1.080869743E-01-1.056705102E-01-1.030326384E-01
-1.001781647E-01-9.711288186E-02-9.384323278E-02-9.037568766E-02-8.671596916E-02
-8.286709515E-02-7.882603220E-02-7.458759515E-02-7.024051396E-02-6.577447744E-02
-6.119951303E-02-5.652164320E-02-5.174764921E-02-4.688413397E-02-4.193765933E-02
-3.691468389E-02-3.182153023E-02-2.666434644E-02-2.144907287E-02-1.618141836E-02
-1.086684485E-02-5.510555020E-03-1.174820381E-04 5.307720459E-03 1.076068917E-02
 1.623736290E-02 2.173399559E-02 2.724717162E-02 3.277382244E-02 3.831124694E-02
 4.385713420E-02 4.940958986E-02 5.496716713E-02 6.052890238E-02 6.609435625E-02
 7.166366192E-02 7.723758107E-02 8.281756921E-02 8.840585280E-02 9.400552012E-02
 9.962062934E-02 1.052563378E-01 1.109190596E-01 1.166166533E-01 1.223586565E-01
 1.281565750E-01 1.340242383E-01 1.399782547E-01 1.460385735E-01 1.522291926E-01
 1.585790081E-01 1.651227500E-01 1.719017774E-01 1.789641855E-01 1.863549788E-01
 1.933132682E-01 2.855281470E-02 3.024020369E-02 2.986439746E-02 2.734402836E-02
 2.303143383E-02 1.840897846E-02 1.394350538E-02 9.642464780E-03 5.499138456E-03
 1.505333509E-03-2.347973683E-03-6.070211987E-03-9.670876618E-03-1.315927521E-02
-1.654435027E-02-1.983456478E-02-2.303783685E-02-2.616151175E-02-2.921235807E-02
-3.219658269E-02-3.511985500E-02-3.798733819E-02-4.080372196E-02-4.357325673E-02
-4.629978618E-02-4.898677759E-02-5.163734996E-02-5.425429912E-02-5.684012028E-02
-5.939702717E-02-6.192696899E-02-6.443164532E-02-6.691251825E-02-6.937082228E-02
-7.180756523E-02-7.422350368E-02-7.661902815E-02-7.901920159E-02-8.142318041E-02
-8.382345424E-02-8.620573543E-02-8.855408199E-02-9.085368877E-02-9.309136549E-02
-9.525530832E-02-9.733480877E-02-9.931998861E-02-1.012015739E-01-1.029707291E-01
-1.046189388E-01-1.061379508E-01-1.075197351E-01-1.087564862E-01-1.098406191E-01
-1.107647934E-01-1.115219329E-01-1.121052581E-01-1.125083154E-01-1.127250238E-01
-1.127497063E-01-1.125771435E-01-1.122026196E-01-1.116219743E-01-1.108316582E-01
-1.098287923E-01-1.086112276E-01-1.071776103E-01-1.055274489E-01-1.036611691E-01
-1.015801605E-01-9.928679459E-02-9.678439231E-02-9.407704176E-02-9.116930592E-02
-8.806567674E-02-8.476920649E-02-8.127918483E-02-7.759204257E-02-7.371149512E-02
-6.971027340E-02-6.557976212E-02-6.132918401E-02-5.696413088E-02-5.249096688E-02
-4.791592655E-02-4.324526486E-02-3.848520553E-02-3.364192421E-02-2.872152315E-02
-2.373000723E-02-1.867325828E-02-1.355701175E-02-8.386837250E-03-3.168120366E-03
 2.093951901E-03 7.394405315E-03 1.272849194E-02 1.809170379E-02 2.347978750E-02
 2.888875976E-02 3.431492458E-02 3.975489214E-02 4.520559991E-02 5.066433661E-02
 5.612876840E-02 6.159696892E-02 6.706745277E-02 7.253921350E-02 7.801176638E-02
 8.348519643E-02 8.896021409E-02 9.443821797E-02 9.992136774E-02 1.054126678E-01
 1.109160673E-01 1.164365808E-01 1.219804277E-01 1.275552104E-01 1.331701406E-01
 1.388363332E-01 1.445672041E-01 1.503790383E-01 1.562918346E-01 1.623306256E-01
 1.685275928E-01 1.749253962E-01 1.815814869E-01 1.885246149E-01 1.949719101E-01
 2.388526129E-02 2.557701686E-02 2.518215824E-02 2.264840854E-02 1.803501284E-02
 1.343609870E-02 9.040386732E-03 4.829682595E-03 7.947563196E-04-3.074900755E-03
-6.790568389E-03-1.036377148E-02-1.380587810E-02-1.712781625E-02-2.033989180E-02
-2.345168666E-02-2.647201475E-02-2.940891940E-02-3.226969706E-02-3.506093632E-02
-3.778856605E-02-4.045790611E-02-4.307371708E-02-4.564024861E-02-4.816128337E-02
-5.064017682E-02-5.307989267E-02-5.548303310E-02-5.785186492E-02-6.018834092E-02
-6.249411552E-02-6.477055506E-02-6.701873717E-02-6.923943362E-02-7.143305841E-02
-7.359954067E-02-7.573803233E-02-7.786996681E-02-7.999701799E-02-8.211590281E-02
-8.421660215E-02-8.628532990E-02-8.830778340E-02-9.027069357E-02-9.216206151E-02
-9.397098763E-02-9.568746188E-02-9.730217470E-02-9.880636285E-02-1.001916906E-01
-1.014501668E-01-1.025741001E-01-1.035560774E-01-1.043889607E-01-1.050658961E-01
-1.055803371E-01-1.059260711E-01-1.060972520E-01-1.060884378E-01-1.058946343E-01
-1.055113330E-01-1.049345658E-01-1.041609459E-01-1.031877257E-01-1.020128385E-01
-1.006349468E-01-9.905349450E-02-9.726875632E-02-9.528183906E-02-9.309458992E-02
-9.070947346E-02-8.812933947E-02-8.535650222E-02-8.239213578E-02-7.923648590E-02
-7.588764874E-02-7.235396993E-02-6.868829619E-02-6.488464720E-02-6.095137510E-02
-5.689373332E-02-5.271768155E-02-4.842907350E-02-4.403381055E-02-3.953780067E-02
-3.494695433E-02-3.026717021E-02-2.550432048E-02-2.066423487E-02-1.575268275E-02
-1.077535574E-02-5.737849896E-03-6.456495707E-04 4.495888866E-03 9.681551962E-03
 1.490628364E-02 2.016520043E-02 2.545360596E-02 3.076700696E-02 3.610113016E-02
 4.145194031E-02 4.681565950E-02 5.218878903E-02 5.756813194E-02 6.295081891E-02
 6.833433507E-02 7.371655038E-02 7.909575131E-02 8.447067599E-02 8.984055179E-02
 9.520513557E-02 1.005647570E-01 1.059203671E-01 1.112735885E-01 1.166267673E-01
 1.219830418E-01 1.273464032E-01 1.327217791E-01 1.381151218E-01 1.435335262E-01
 1.489853857E-01 1.544806247E-01 1.600310692E-01 1.656511464E-01 1.713593366E-01
 1.771818351E-01 1.831645358E-01 1.893590949E-01 1.950314587E-01 1.782241116E-02
 1.941985484E-02 1.898633282E-02 1.645920557E-02 1.205915651E-02 7.546434991E-03
 3.259659696E-03-8.152223723E-04-4.692228442E-03-8.386512321E-03-1.191347788E-02
-1.528812123E-02-1.852460986E-02-2.163604785E-02-2.463437754E-02-2.753036931E-02
-3.033366598E-02-3.305285741E-02-3.569556827E-02-3.826854848E-02-4.077776161E-02
-4.322846660E-02-4.562529105E-02-4.797229749E-02-5.027304003E-02-5.253061402E-02
-5.474769832E-02-5.692659059E-02-5.906923724E-02-6.117725729E-02-6.325196224E-02
-6.529437103E-02-6.730522477E-02-6.928500341E-02-7.123395997E-02-7.315220807E-02
-7.503995893E-02-7.689816090E-02-7.874680513E-02-8.058218705E-02-8.239758466E-02
-8.418197246E-02-8.592249287E-02-8.760627648E-02-8.922132034E-02-9.075663783E-02
-9.220214626E-02-9.354851693E-02-9.478704230E-02-9.590952805E-02-9.690821297E-02
-9.777571387E-02-9.850499486E-02-9.908935580E-02-9.952243411E-02-9.979822115E-02
-9.991108546E-02-9.985580271E-02-9.962759154E-02-9.922214832E-02-9.863568681E-02
-9.786497593E-02-9.690737739E-02-9.576088852E-02-9.442413767E-02-9.289632764E-02
-9.117723640E-02-8.926722563E-02-8.716718257E-02-8.487777713E-02-8.239916868E-02
-7.973201003E-02-7.687230180E-02-7.382097194E-02-7.063074933E-02-6.729174281E-02
-6.380489230E-02-6.017911994E-02-5.642008912E-02-5.253367201E-02-4.852547493E-02
-4.440107742E-02-4.016604623E-02-3.582596004E-02-3.138641442E-02-2.685302091E-02
-2.223140103E-02-1.752717772E-02-1.274596476E-02-7.893354598E-03-2.974905359E-03
 2.003872265E-03 7.037528731E-03 1.212068928E-02 1.724806770E-02 2.241448041E-02
 2.761486101E-02 3.284427523E-02 3.809793715E-02 4.337122621E-02 4.865970553E-02
 5.395914121E-02 5.926552343E-02 6.457508829E-02 6.988434195E-02 7.519008452E-02
 8.048943596E-02 8.577986217E-02 9.105920165E-02 9.632569118E-02 1.015779913E-01
 1.068152091E-01 1.120369194E-01 1.172431772E-01 1.224345309E-01 1.276120173E-01
 1.327771479E-01 1.379318714E-01 1.430785110E-01 1.482196486E-01 1.533579478E-01
 1.584958427E-01 1.636350210E-01 1.687754701E-01 1.739135546E-01 1.790375667E-01
 1.841155600E-01 1.890643487E-01 1.937415506E-01 1.070881180E-02 1.216511335E-02
 1.167999907E-02 9.175438175E-03 5.005735097E-03 6.320602291E-04-3.488051117E-03
-7.362564337E-03-1.101444135E-02-1.446674235E-02-1.774122358E-02-2.085769266E-02
-2.383378159E-02-2.668496971E-02-2.942473731E-02-3.206477266E-02-3.461518997E-02
-3.708473604E-02-3.948097568E-02-4.181045321E-02-4.407883036E-02-4.629100311E-02
-4.845119946E-02-5.056306173E-02-5.262971377E-02-5.465381804E-02-5.663762169E-02
-5.858299463E-02-6.049146015E-02-6.236421959E-02-6.420217130E-02-6.600592542E-02
-6.777581320E-02-6.951189139E-02-7.121393428E-02-7.288139815E-02-7.451330179E-02
-7.610786754E-02-7.768369134E-02-7.923953558E-02-8.077095562E-02-8.227025233E-02
-8.372691248E-02-8.512939258E-02-8.646620833E-02-8.772652987E-02-8.890032501E-02
-8.997831997E-02-9.095190411E-02-9.181303854E-02-9.255418419E-02-9.316824857E-02
-9.364855218E-02-9.398881209E-02-9.418314047E-02-9.422605295E-02-9.411248449E-02
-9.383781059E-02-9.339787878E-02-9.278903852E-02-9.200815163E-02-9.105256720E-02
-8.992016182E-02-8.860940207E-02-8.711929626E-02-8.544867855E-02-8.359618880E-02
-8.156023342E-02-7.934069102E-02-7.693423805E-02-7.433861119E-02-7.159954455E-02
-6.870715284E-02-6.566082543E-02-6.246795876E-02-5.913226303E-02-5.565760996E-02
-5.204888200E-02-4.831105635E-02-4.444920222E-02-4.046842495E-02-3.637386965E-02
-3.217072486E-02-2.786422639E-02-2.345965775E-02-1.896234885E-02-1.437767169E-02
-9.711034610E-03-4.967874700E-03-1.536493614E-04 4.726173061E-03 9.666123519E-03
 1.466074307E-02 1.970459419E-02 2.479227287E-02 2.991842142E-02 3.507774184E-02
 4.026501060E-02 4.547509399E-02 5.070296538E-02 5.594372271E-02 6.119260818E-02
 6.644502881E-02 7.169657721E-02 7.694305440E-02 8.218049222E-02 8.740517526E-02
 9.261366292E-02 9.780280932E-02 1.029697794E-01 1.081120621E-01 1.132274795E-01
 1.183141806E-01 1.233706326E-01 1.283955897E-01 1.333880462E-01 1.383471550E-01
 1.432721103E-01 1.481619713E-01 1.530154072E-01 1.578303115E-01 1.626032376E-01
 1.673285366E-01 1.719970316E-01 1.765939877E-01 1.810961645E-01 1.854683959E-01
 1.896622724E-01 1.936214165E-01 2.746641809E-03 4.091635570E-03 3.545846822E-03
 1.062020274E-03-3.261178461E-03-7.453624176E-03-1.131232534E-02-1.488718086E-02
-1.821750818E-02-2.133834394E-02-2.427964496E-02-2.706644134E-02-2.971943332E-02
-3.225569596E-02-3.468933759E-02-3.703206062E-02-3.929361821E-02-4.148217798E-02
-4.360460928E-02-4.566670915E-02-4.767338014E-02-4.962877135E-02-5.153638910E-02
-5.339918666E-02-5.521963393E-02-5.699977439E-02-5.874126983E-02-6.044543629E-02
-6.211327125E-02-6.374547623E-02-6.534247272E-02-6.690441457E-02-6.843119820E-02
-6.992247150E-02-7.137764714E-02-7.279593209E-02-7.417640160E-02-7.551820221E-02
-7.682111331E-02-7.810154777E-02-7.935399242E-02-8.057185003E-02-8.174678587E-02
-8.286898053E-02-8.392816119E-02-8.491416134E-02-8.581729772E-02-8.662851415E-02
-8.733938837E-02-8.794208905E-02-8.842932411E-02-8.879429303E-02-8.903065333E-02
-8.913250490E-02-8.909438753E-02-8.891128398E-02-8.857861557E-02-8.809222644E-02
-8.744841800E-02-8.664401533E-02-8.567634863E-02-8.454275719E-02-8.324068564E-02
-8.176811919E-02-8.012529546E-02-7.830863123E-02-7.631484181E-02-7.414009244E-02
-7.181974179E-02-6.934523340E-02-6.671540953E-02-6.393607738E-02-6.100969505E-02
-5.793882990E-02-5.472703327E-02-5.137793169E-02-4.789533433E-02-4.428333657E-02
-4.054624042E-02-3.668850761E-02-3.271472630E-02-2.862959275E-02-2.443790180E-02
-2.014454080E-02-1.575448563E-02-1.127279687E-02-6.704615640E-03-2.055159387E-03
 2.670283614E-03 7.466360049E-03 1.232765824E-02 1.724871528E-02 2.222402578E-02
 2.724805004E-02 3.231522469E-02 3.741997319E-02 4.255671862E-02 4.771989645E-02
 5.290397008E-02 5.810344701E-02 6.331289647E-02 6.852696937E-02 7.374041829E-02
 7.894811922E-02 8.414509386E-02 8.932653164E-02 9.448781142E-02 9.962452097E-02
 1.047324752E-01 1.098077268E-01 1.148465745E-01 1.198455629E-01 1.248014647E-01
 1.297112568E-01 1.345720745E-01 1.393811347E-01 1.441356355E-01 1.488326040E-01
 1.534686999E-01 1.580399330E-01 1.625412915E-01 1.669662525E-01 1.713061341E-01
 1.755493051E-01 1.796802839E-01 1.836789343E-01 1.875201591E-01 1.911746867E-01
 1.946112449E-01-7.125529387E-03-6.060109644E-03-6.700767230E-03-9.091279304E-03
-1.307826886E-02-1.690007035E-02-2.032754861E-02-2.344452223E-02-2.631476535E-02
-2.898687723E-02-3.149731714E-02-3.387351097E-02-3.613631903E-02-3.830183370E-02
-4.038265057E-02-4.238876413E-02-4.432820096E-02-4.620747271E-02-4.803190455E-02
-4.980587507E-02-5.153299504E-02-5.321624152E-02-5.485805946E-02-5.646043925E-02
-5.802497681E-02-5.955291952E-02-6.104520152E-02-6.250247046E-02-6.392510845E-02
-6.531324597E-02-6.666677158E-02-6.798533812E-02-6.926836405E-02-7.051503139E-02
-7.172428038E-02-7.289479800E-02-7.402499711E-02-7.511297107E-02-7.615637725E-02
-7.717205579E-02-7.815546961E-02-7.910076228E-02-8.000106872E-02-8.084851887E-02
-8.163437698E-02-8.234964206E-02-8.298546897E-02-8.353337307E-02-8.398533879E-02
-8.433386873E-02-8.457197988E-02-8.469316885E-02-8.469138309E-02-8.456101095E-02
-8.429689409E-02-8.389435083E-02-8.334914680E-02-8.265717391E-02-8.181452612E-02
-8.081794398E-02-7.966614936E-02-7.835521321E-02-7.688025752E-02-7.523463808E-02
-7.344774353E-02-7.151074797E-02-6.941977492E-02-6.717474673E-02-6.478032903E-02
-6.223821617E-02-5.955008290E-02-5.671840260E-02-5.374567620E-02-5.063456015E-02
-4.738799225E-02-4.400913636E-02-4.050137226E-02-3.686829553E-02-3.311370015E-02
-2.924155919E-02-2.525600673E-02-2.116132494E-02-1.696193475E-02-1.266238891E-02
-8.267367885E-03-3.781675916E-03 7.897615827E-04 5.441900965E-03 1.016958323E-02
 1.496753711E-02 1.983038311E-02 2.475263762E-02 2.972871852E-02 3.475295100E-02
 3.981957546E-02 4.492275589E-02 5.005659092E-02 5.521512508E-02 6.039236358E-02
 6.558228782E-02 7.077887359E-02 7.597611070E-02 8.116802506E-02 8.634870114E-02
 9.151230681E-02 9.665311709E-02 1.017655385E-01 1.068441314E-01 1.118836290E-01
 1.168789521E-01 1.218252186E-01 1.267177401E-01 1.315520137E-01 1.363236903E-01
 1.410285311E-01 1.456623388E-01 1.502208592E-01 1.546996503E-01 1.590939086E-01
 1.633982548E-01 1.676064648E-01 1.717111557E-01 1.757034329E-01 1.795725472E-01
 1.833056029E-01 1.868874631E-01 1.903009364E-01 1.935273944E-01 1.965477725E-01
-1.919678113E-02-1.870395591E-02-1.949667099E-02-2.161200344E-02-2.481907721E-02
-2.789615553E-02-3.058402052E-02-3.300386754E-02-3.523400450E-02-3.732224208E-02
-3.929935258E-02-4.118610780E-02-4.299709995E-02-4.474292445E-02-4.643148596E-02
-4.806881130E-02-4.965957497E-02-5.120744744E-02-5.271533341E-02-5.418553741E-02
-5.561988185E-02-5.701979148E-02-5.838635602E-02-5.972037519E-02-6.102239229E-02
-6.229271923E-02-6.353145426E-02-6.473849429E-02-6.591354290E-02-6.705611489E-02
-6.816553697E-02-6.924094482E-02-7.028127676E-02-7.128526152E-02-7.225139719E-02
-7.317791610E-02-7.406271893E-02-7.490324654E-02-7.569621472E-02-7.645628858E-02
-7.718045541E-02-7.786374706E-02-7.849998663E-02-7.908224547E-02-7.960312724E-02
-8.005494809E-02-8.042993740E-02-8.072044439E-02-8.091911460E-02-8.101899278E-02
-8.101355938E-02-8.089663806E-02-8.066235781E-02-8.030514654E-02-7.981979657E-02
-7.920173775E-02-7.844786197E-02-7.755358478E-02-7.651334375E-02-7.532010414E-02
-7.399341555E-02-7.252577313E-02-7.091297885E-02-6.915358342E-02-6.725021852E-02
-6.520283376E-02-6.301116542E-02-6.067566011E-02-5.819764692E-02-5.557857003E-02
-5.282004500E-02-4.992395111E-02-4.689238011E-02-4.372763430E-02-4.043223715E-02
-3.700892974E-02-3.346066502E-02-2.979060254E-02-2.600210019E-02-2.209870562E-02
-1.808414700E-02-1.396232635E-02-9.737314006E-03-5.413344902E-03-9.948162993E-04
 3.513713286E-03 8.107524583E-03 1.278173757E-02 1.753131124E-02 2.235104369E-02
 2.723557223E-02 3.217937457E-02 3.717677041E-02 4.222192412E-02 4.730884952E-02
 5.243141571E-02 5.758335478E-02 6.275827271E-02 6.794966134E-02 7.315091437E-02
 7.835534551E-02 8.355620956E-02 8.874672606E-02 9.392010561E-02 9.906957846E-02
 1.041884233E-01 1.092699988E-01 1.143077710E-01 1.192953427E-01 1.242264779E-01
 1.290951138E-01 1.338953781E-01 1.386215861E-01 1.432682226E-01 1.478299199E-01
 1.523014026E-01 1.566774221E-01 1.609526594E-01 1.651216098E-01 1.691784395E-01
 1.731168237E-01 1.769297770E-01 1.806094891E-01 1.841471979E-01 1.875331328E-01
 1.907565725E-01 1.938060576E-01 1.966697682E-01 1.993360477E-01-3.398348594E-02
-3.474878248E-02-3.581354509E-02-3.717682543E-02-3.875461817E-02-4.033394280E-02
-4.184829805E-02-4.331338440E-02-4.474108685E-02-4.613765377E-02-4.750655532E-02
-4.884983483E-02-5.016873985E-02-5.146404069E-02-5.273620271E-02-5.398548357E-02
-5.521199001E-02-5.641571161E-02-5.759653955E-02-5.875427810E-02-5.988864980E-02
-6.099929710E-02-6.208578258E-02-6.314758594E-02-6.418410148E-02-6.519463356E-02
-6.617839196E-02-6.713448597E-02-6.806191830E-02-6.895957786E-02-6.982623157E-02
-7.066051486E-02-7.146092183E-02-7.222579274E-02-7.295330208E-02-7.364144997E-02
-7.428806640E-02-7.489085886E-02-7.544758221E-02-7.595653974E-02-7.642986635E-02
-7.686140251E-02-7.724471706E-02-7.757321666E-02-7.784017634E-02-7.803877711E-02
-7.816216905E-02-7.820355707E-02-7.815631138E-02-7.801413338E-02-7.777140274E-02
-7.742243277E-02-7.696156415E-02-7.638311058E-02-7.568114448E-02-7.484896755E-02
-7.389581500E-02-7.281556088E-02-7.160397264E-02-7.025860090E-02-6.877996605E-02
-6.716673860E-02-6.541746839E-02-6.353127564E-02-6.150801740E-02-5.934762831E-02
-5.705019075E-02-5.461608480E-02-5.204603609E-02-4.934103850E-02-4.650232666E-02
-4.353137045E-02-4.042986387E-02-3.719971870E-02-3.384306266E-02-3.036223529E-02
-2.675978560E-02-2.303846799E-02-1.920123872E-02-1.525125230E-02-1.119185832E-02
-7.026598989E-03-2.759208660E-03 1.606386494E-03 6.066066956E-03 1.061551749E-02
 1.525022398E-02 1.996546970E-02 2.475633091E-02 2.961767325E-02 3.454414696E-02
 3.953018393E-02 4.456999496E-02 4.965756793E-02 5.478666848E-02 5.995084204E-02
 6.514341818E-02 7.035751874E-02 7.558606827E-02 8.082180863E-02 8.605731756E-02
 9.128503141E-02 9.649727184E-02 1.016862773E-01 1.068442359E-01 1.119633273E-01
 1.170357598E-01 1.220538098E-01 1.270098712E-01 1.318964846E-01 1.367063794E-01
 1.414325014E-01 1.460680316E-01 1.506064003E-01 1.550412780E-01 1.593665612E-01
 1.635763370E-01 1.676648307E-01 1.716263414E-01 1.754551562E-01 1.791454697E-01
 1.826912955E-01 1.860863947E-01 1.893242365E-01 1.923979999E-01 1.953006501E-01
 1.980250789E-01 2.005643241E-01 2.029118606E-01-4.941574589E-02-5.166176700E-02
-5.305284220E-02-5.362642406E-02-5.318177092E-02-5.308267107E-02-5.334877369E-02
-5.382133744E-02-5.442532089E-02-5.511710258E-02-5.586911378E-02-5.666282711E-02
-5.748516836E-02-5.832653609E-02-5.917963822E-02-6.003877326E-02-6.089936630E-02
-6.175765706E-02-6.261048356E-02-6.345512843E-02-6.428920466E-02-6.511057106E-02
-6.591726665E-02-6.670745943E-02-6.747940531E-02-6.823141476E-02-6.896182503E-02
-6.966897638E-02-7.035119174E-02-7.100675865E-02-7.163391254E-02-7.223082170E-02
-7.279557252E-02-7.332615467E-02-7.382044554E-02-7.427619168E-02-7.469097987E-02
-7.506218315E-02-7.538683047E-02-7.566126898E-02-7.589721555E-02-7.608972848E-02
-7.623205532E-02-7.631816334E-02-7.634217536E-02-7.629818272E-02-7.618019661E-02
-7.598212940E-02-7.569773656E-02-7.532042000E-02-7.484838313E-02-7.427641914E-02
-7.359966755E-02-7.281360404E-02-7.191416452E-02-7.089810378E-02-6.976392018E-02
-6.850913205E-02-6.713128223E-02-6.562837270E-02-6.399898586E-02-6.224181439E-02
-6.035570964E-02-5.833979233E-02-5.619349050E-02-5.391647564E-02-5.150865179E-02
-4.897016907E-02-4.630143084E-02-4.350308324E-02-4.057600488E-02-3.752129894E-02
-3.434028697E-02-3.103450405E-02-2.760569564E-02-2.405581537E-02-2.038702338E-02
-1.660168521E-02-1.270237095E-02-8.691855905E-03-4.573120997E-03-3.493549992E-04
 3.976042467E-03 8.399456615E-03 1.291705201E-02 1.752476595E-02 2.221830079E-02
 2.699311576E-02 3.184441750E-02 3.676715121E-02 4.175599067E-02 4.680532944E-02
 5.190927254E-02 5.706162902E-02 6.225590678E-02 6.748530950E-02 7.274273607E-02
 7.802078456E-02 8.331175941E-02 8.860768439E-02 9.390032063E-02 9.918119036E-02
 1.044416081E-01 1.096727167E-01 1.148655307E-01 1.200109865E-01 1.250999961E-01
 1.301235074E-01 1.350725612E-01 1.399383586E-01 1.447123185E-01 1.493861345E-01
 1.539518270E-01 1.584017800E-01 1.627287778E-01 1.669260141E-01 1.709871029E-01
 1.749060570E-01 1.786772690E-01 1.822954731E-01 1.857556973E-01 1.890532270E-01
 1.921835594E-01 1.951423937E-01 1.979256245E-01 2.005293864E-01 2.029501242E-01
 2.051847036E-01 2.072305452E-01-6.191743766E-02-6.475487341E-02-6.633560461E-02
-6.659999187E-02-6.570937856E-02-6.478366207E-02-6.421595954E-02-6.392897137E-02
-6.385126586E-02-6.393053518E-02-6.412872454E-02-6.441778329E-02-6.477663903E-02
-6.518913585E-02-6.564263782E-02-6.612707184E-02-6.663426209E-02-6.715745747E-02
-6.769099046E-02-6.823002618E-02-6.877037389E-02-6.930834416E-02-6.984063770E-02
-7.036425832E-02-7.087644416E-02-7.137461149E-02-7.185630888E-02-7.231917999E-02
-7.276093171E-02-7.317930728E-02-7.357206371E-02-7.393695197E-02-7.427170044E-02
-7.457400072E-02-7.484149684E-02-7.507177772E-02-7.526237636E-02-7.541078136E-02
-7.551447914E-02-7.557107695E-02-7.557865443E-02-7.554661088E-02-7.545909465E-02
-7.531285954E-02-7.510375531E-02-7.482717592E-02-7.447828612E-02-7.405216383E-02
-7.354392882E-02-7.294892592E-02-7.226310567E-02-7.148233919E-02-7.060261145E-02
-6.962013892E-02-6.853146951E-02-6.733357445E-02-6.602387696E-02-6.459996848E-02
-6.305963238E-02-6.140090951E-02-5.962211846E-02-5.772180681E-02-5.569874074E-02
-5.355191561E-02-5.128056074E-02-4.888413309E-02-4.636231237E-02-4.371500079E-02
-4.094232127E-02-3.804461463E-02-3.502243521E-02-3.187654654E-02-2.860791824E-02
-2.521772380E-02-2.170733835E-02-1.807833875E-02-1.433250362E-02-1.047181476E-02
-6.498459056E-03-2.414832158E-03 1.776457506E-03 6.072582860E-03 1.047049117E-02
 1.496689563E-02 1.955826537E-02 2.424081416E-02 2.901048799E-02 3.386295074E-02
 3.879356967E-02 4.379739967E-02 4.886916711E-02 5.400325368E-02 5.919368081E-02
 6.443409452E-02 6.971775300E-02 7.503751534E-02 8.038583490E-02 8.575475577E-02
 9.113591529E-02 9.652055272E-02 1.018995254E-01 1.072633317E-01 1.126021471E-01
 1.179058651E-01 1.231641513E-01 1.283665069E-01 1.335023419E-01 1.385610549E-01
 1.435321239E-01 1.484051939E-01 1.531701781E-01 1.578173465E-01 1.623374147E-01
 1.667216276E-01 1.709618276E-01 1.750505128E-01 1.789808720E-01 1.827468152E-01
 1.863429731E-01 1.897646910E-01 1.930080105E-01 1.960696289E-01 1.989468751E-01
 2.016376718E-01 2.041405122E-01 2.064544456E-01 2.085790833E-01 2.105146176E-01
 2.122618533E-01-7.272245815E-02-7.591664948E-02-7.761952910E-02-7.778153879E-02
-7.650637139E-02-7.515006688E-02-7.410217729E-02-7.331449696E-02-7.274148396E-02
-7.234365883E-02-7.208812911E-02-7.194798687E-02-7.190134155E-02-7.193035206E-02
-7.202038954E-02-7.215935858E-02-7.233716026E-02-7.254527407E-02-7.277643163E-02
-7.302436212E-02-7.328359296E-02-7.354929104E-02-7.381713774E-02-7.408322721E-02
-7.434398473E-02-7.459609979E-02-7.483647147E-02-7.506216216E-02-7.527036002E-02
-7.545834708E-02-7.562347230E-02-7.576312944E-02-7.587473892E-02-7.595573337E-02
-7.600354831E-02-7.601561809E-02-7.598938019E-02-7.592229110E-02-7.581186255E-02
-7.565572552E-02-7.545172965E-02-7.519804516E-02-7.489028276E-02-7.452441617E-02
-7.409641633E-02-7.360216695E-02-7.303747996E-02-7.239814729E-02-7.168000786E-02
-7.087901995E-02-6.999131763E-02-6.901316797E-02-6.794099248E-02-6.677140503E-02
-6.550125072E-02-6.412763297E-02-6.264791409E-02-6.105967969E-02-5.936072922E-02
-5.754907915E-02-5.562296373E-02-5.358082815E-02-5.142132376E-02-4.914330736E-02
-4.674583978E-02-4.422818477E-02-4.158980627E-02-3.883036693E-02-3.594972664E-02
-3.294794070E-02-2.982525757E-02-2.658211748E-02-2.321915116E-02-1.973717922E-02
-1.613721238E-02-1.242045313E-02-8.588297822E-03-4.642340037E-03-5.843754317E-04
 3.583592269E-03 7.859343809E-03 1.224043523E-02 1.672418722E-02 2.130767233E-02
 2.598770074E-02 3.076080384E-02 3.562321589E-02 4.057085436E-02 4.559929830E-02
 5.070376499E-02 5.587908600E-02 6.111968211E-02 6.641953858E-02 7.177218004E-02
 7.717064739E-02 8.260747660E-02 8.807468089E-02 9.356373814E-02 9.906558431E-02
 1.045706125E-01 1.100686861E-01 1.155491604E-01 1.210009135E-01 1.264124002E-01
 1.317717094E-01 1.370666500E-01 1.422848419E-01 1.474138250E-01 1.524411854E-01
 1.573546844E-01 1.621424024E-01 1.667928744E-01 1.712952377E-01 1.756393573E-01
 1.798159496E-01 1.838166833E-01 1.876342632E-01 1.912624856E-01 1.946962729E-01
 1.979316854E-01 2.009658989E-01 2.037971727E-01 2.064247980E-01 2.088490270E-01
 2.110710098E-01 2.130927105E-01 2.149168477E-01 2.165468226E-01 2.179866672E-01
-8.220186432E-02-8.564499782E-02-8.743946878E-02-8.757247009E-02-8.595352221E-02
-8.435870558E-02-8.302709761E-02-8.191579635E-02-8.099749486E-02-8.024590185E-02
-7.963680598E-02-7.914861852E-02-7.876245670E-02-7.846197680E-02-7.823309514E-02
-7.806368021E-02-7.794325584E-02-7.786273488E-02-7.781418823E-02-7.779064885E-02
-7.778594755E-02-7.779457578E-02-7.781157144E-02-7.783242410E-02-7.785299563E-02
-7.786945444E-02-7.787821943E-02-7.787591394E-02-7.785932632E-02-7.782537631E-02
-7.777108785E-02-7.769356493E-02-7.758997228E-02-7.745751980E-02-7.729345046E-02
-7.709503112E-02-7.685954760E-02-7.658430127E-02-7.626660493E-02-7.590376993E-02
-7.549306439E-02-7.503159810E-02-7.451605272E-02-7.394292840E-02-7.330861695E-02
-7.260943699E-02-7.184166553E-02-7.100157496E-02-7.008547170E-02-6.908973317E-02
-6.801083735E-02-6.684537838E-02-6.559008444E-02-6.424183846E-02-6.279769625E-02
-6.125490013E-02-5.961088396E-02-5.786327050E-02-5.600986955E-02-5.404867715E-02
-5.197787467E-02-4.979582673E-02-4.750107947E-02-4.509235931E-02-4.256857130E-02
-3.992879803E-02-3.717229841E-02-3.429850620E-02-3.130702914E-02-2.819764828E-02
-2.497031661E-02-2.162515919E-02-1.816247349E-02-1.458272993E-02-1.088657412E-02
-7.074829550E-03-3.148501428E-03 8.912176604E-04 5.042941130E-03 9.305079979E-03
 1.367583256E-02 1.815317234E-02 2.273483407E-02 2.741829648E-02 3.220076408E-02
 3.707914558E-02 4.205002953E-02 4.710965843E-02 5.225389894E-02 5.747821090E-02
 6.277761331E-02 6.814664898E-02 7.357934776E-02 7.906918914E-02 8.460906486E-02
 9.019124379E-02 9.580733868E-02 1.014482781E-01 1.071042871E-01 1.127648696E-01
 1.184188139E-01 1.240542032E-01 1.296584430E-01 1.352183187E-01 1.407200606E-01
 1.461494455E-01 1.514919117E-01 1.567327078E-01 1.618570584E-01 1.668503495E-01
 1.716983290E-01 1.763873150E-01 1.809044016E-01 1.852376663E-01 1.893763491E-01
 1.933110216E-01 1.970337129E-01 2.005380168E-01 2.038191435E-01 2.068739448E-01
 2.097008908E-01 2.123000183E-01 2.146728340E-01 2.168222035E-01 2.187522099E-01
 2.204680030E-01 2.219756456E-01 2.232819579E-01 2.243943690E-01-9.016897924E-02
-9.367712507E-02-9.554246883E-02-9.568531722E-02-9.430257075E-02-9.261557673E-02
-9.110937990E-02-8.978469023E-02-8.862541939E-02-8.761451323E-02-8.673508403E-02
-8.597104484E-02-8.530747018E-02-8.473075286E-02-8.422862513E-02-8.379009804E-02
-8.340535652E-02-8.306563586E-02-8.276309603E-02-8.249069996E-02-8.224210313E-02
-8.201155466E-02-8.179380933E-02-8.158405240E-02-8.137783324E-02-8.117100906E-02
-8.095969567E-02-8.074022618E-02-8.050911456E-02-8.026302477E-02-7.999874418E-02
-7.971316092E-02-7.940324419E-02-7.906602766E-02-7.869859542E-02-7.829806917E-02
-7.786159699E-02-7.738634130E-02-7.686946451E-02-7.630810804E-02-7.569936255E-02
-7.504022701E-02-7.432757128E-02-7.355816009E-02-7.272868207E-02-7.183577662E-02
-7.087605905E-02-6.984614740E-02-6.874268716E-02-6.756237633E-02-6.630198622E-02
-6.495837945E-02-6.352852606E-02-6.200951767E-02-6.039858063E-02-5.869308498E-02
-5.689055115E-02-5.498865287E-02-5.298521897E-02-5.087823421E-02-4.866583922E-02
-4.634633024E-02-4.391815866E-02-4.137992971E-02-3.873040190E-02-3.596848619E-02
-3.309324497E-02-3.010389119E-02-2.699978813E-02-2.378044863E-02-2.044553539E-02
-1.699486146E-02-1.342839105E-02-9.746241855E-03-5.948687510E-03-2.036161805E-03
 1.990736213E-03 6.131235480E-03 1.038438460E-02 1.474904140E-02 1.922386090E-02
 2.380728034E-02 2.849750216E-02 3.329247407E-02 3.818986542E-02 4.318704163E-02
 4.828103406E-02 5.346850678E-02 5.874571940E-02 6.410848638E-02 6.955213262E-02
 7.507144552E-02 8.066062388E-02 8.631322494E-02 9.202210902E-02 9.777938501E-02
 1.035763557E-01 1.094034673E-01 1.152502692E-01 1.211053717E-01 1.269564318E-01
 1.327901439E-01 1.385922605E-01 1.443476321E-01 1.500402868E-01 1.556535352E-01
 1.611701241E-01 1.665724136E-01 1.718426107E-01 1.769630155E-01 1.819163129E-01
 1.866858677E-01 1.912560340E-01 1.956124532E-01 1.997423353E-01 2.036347016E-01
 2.072805920E-01 2.106732106E-01 2.138080207E-01 2.166827718E-01 2.192974687E-01
 2.216542750E-01 2.237573694E-01 2.256127479E-01 2.272279929E-01 2.286120209E-01
 2.297748086E-01 2.307271277E-01 2.314802933E-01-9.760938982E-02-1.012514979E-01
-1.031837992E-01-1.033415914E-01-1.018628837E-01-1.000914867E-01-9.847355130E-02
-9.700466063E-02-9.567479916E-02-9.447281227E-02-9.338705134E-02-9.240585423E-02
-9.151788992E-02-9.071238262E-02-8.997923688E-02-8.930909073E-02-8.869331747E-02
-8.812399552E-02-8.759385969E-02-8.709624304E-02-8.662501593E-02-8.617452582E-02
-8.573954028E-02-8.531519523E-02-8.489694703E-02-8.448053023E-02-8.406191955E-02
-8.363729676E-02-8.320302088E-02-8.275560240E-02-8.229168043E-02-8.180800211E-02
-8.130140557E-02-8.076880333E-02-8.020716863E-02-7.961352219E-02-7.898491939E-02
-7.831843799E-02-7.761116411E-02-7.686017747E-02-7.606253507E-02-7.521525571E-02
-7.431531029E-02-7.335962499E-02-7.234509063E-02-7.126857709E-02-7.012694793E-02
-6.891707805E-02-6.763586980E-02-6.628026964E-02-6.484728350E-02-6.333399062E-02
-6.173755603E-02-6.005524135E-02-5.828441432E-02-5.642255650E-02-5.446726878E-02
-5.241627536E-02-5.026742646E-02-4.801870006E-02-4.566820236E-02-4.321416859E-02
-4.065496231E-02-3.798907541E-02-3.521512715E-02-3.233186406E-02-2.933815849E-02
-2.623300872E-02-2.301553817E-02-1.968499538E-02-1.624075454E-02-1.268231586E-02
-9.009307265E-03-5.221486766E-03-1.318745574E-03 2.698887345E-03 6.831239470E-03
 1.107798735E-02 1.543864711E-02 1.991256362E-02 2.449889599E-02 2.919660196E-02
 3.400441791E-02 3.892083661E-02 4.394408013E-02 4.907206996E-02 5.430239152E-02
 5.963225480E-02 6.505844892E-02 7.057729229E-02 7.618457626E-02 8.187550357E-02
 8.764462121E-02 9.348574781E-02 9.939189689E-02 1.053551955E-01 1.113668041E-01
 1.174168329E-01 1.234942637E-01 1.295868829E-01 1.356812188E-01 1.417625103E-01
 1.478146860E-01 1.538203933E-01 1.597610577E-01 1.656170007E-01 1.713676054E-01
 1.769915529E-01 1.824671143E-01 1.877725015E-01 1.928862710E-01 1.977877537E-01
 2.024575117E-01 2.068777784E-01 2.110328807E-01 2.149096050E-01 2.184975009E-01
 2.217891071E-01 2.247800784E-01 2.274692310E-01 2.298584798E-01 2.319526932E-01
 2.337594553E-01 2.352887612E-01 2.365526445E-01 2.375647714E-01 2.383400132E-01
 2.388940215E-01 2.392428309E-01-1.045501049E-01-1.083558301E-01-1.103458436E-01
-1.105231104E-01-1.087553663E-01-1.069189758E-01-1.052286031E-01-1.036605211E-01
-1.022080616E-01-1.008637624E-01-9.961953457E-02-9.846698078E-02-9.739766203E-02
-9.640328102E-02-9.547581793E-02-9.460761008E-02-9.379139545E-02-9.302032809E-02
-9.228797402E-02-9.158829522E-02-9.091562521E-02-9.026464132E-02-8.963033538E-02
-8.900798376E-02-8.839311910E-02-8.778150343E-02-8.716910266E-02-8.655206394E-02
-8.592669408E-02-8.528944011E-02-8.463687209E-02-8.396566667E-02-8.327259263E-02
-8.255449721E-02-8.180829398E-02-8.103095097E-02-8.021947971E-02-7.937092395E-02
-7.848234950E-02-7.755083345E-02-7.657345487E-02-7.554728699E-02-7.446939261E-02
-7.333682457E-02-7.214662864E-02-7.089585139E-02-6.958154786E-02-6.820079247E-02
-6.675068902E-02-6.522838183E-02-6.363106591E-02-6.195599690E-02-6.020049997E-02
-5.836197777E-02-5.643791735E-02-5.442589593E-02-5.232358520E-02-5.012875510E-02
-4.783927586E-02-4.545311977E-02-4.296836217E-02-4.038318132E-02-3.769585878E-02
-3.490477870E-02-3.200842755E-02-2.900539269E-02-2.589436243E-02-2.267412479E-02
-1.934356701E-02-1.590167566E-02-1.234753616E-02-8.680334023E-03-4.899355788E-03
-1.003991158E-03 3.006263817E-03 7.131802527E-03 1.137290203E-02 1.572971599E-02
 2.020226472E-02 2.479042463E-02 2.949391322E-02 3.431227287E-02 3.924484961E-02
 4.429076957E-02 4.944890983E-02 5.471786519E-02 6.009590908E-02 6.558094838E-02
 7.117047161E-02 7.686148964E-02 8.265046818E-02 8.853325234E-02 9.450498154E-02
 1.005599960E-01 1.066917318E-01 1.128926148E-01 1.191539333E-01 1.254657241E-01
 1.318166383E-01 1.381938240E-01 1.445828065E-01 1.509673973E-01 1.573296169E-01
 1.636496708E-01 1.699059700E-01 1.760752286E-01 1.821326393E-01 1.880521483E-01
 1.938068380E-01 1.993694023E-01 2.047127176E-01 2.098104853E-01 2.146378973E-01
 2.191723183E-01 2.233939092E-01 2.272861856E-01 2.308364688E-01 2.340362124E-01
 2.368811930E-01 2.393715577E-01 2.415117310E-01 2.433101828E-01 2.447790696E-01
 2.459337500E-01 2.467922152E-01 2.473744505E-01 2.477017631E-01 2.477961305E-01
 2.476795863E-01-1.103984726E-01-1.141959425E-01-1.162420511E-01-1.164565342E-01
-1.150280628E-01-1.132022525E-01-1.114662033E-01-1.098295660E-01-1.082881123E-01
-1.068366808E-01-1.054695753E-01-1.041807706E-01-1.029640754E-01-1.018132566E-01
-1.007221315E-01-9.968463442E-02-9.869486023E-02-9.774709427E-02-9.683583081E-02
-9.595577850E-02-9.510186178E-02-9.426921842E-02-9.345319093E-02-9.264931726E-02
-9.185331923E-02-9.106109031E-02-9.026868363E-02-8.947229847E-02-8.866826852E-02
-8.785304953E-02-8.702320749E-02-8.617540763E-02-8.530640375E-02-8.441302770E-02
-8.349217991E-02-8.254081999E-02-8.155595774E-02-8.053464454E-02-7.947396525E-02
-7.837103102E-02-7.722297243E-02-7.602693460E-02-7.478007442E-02-7.347955913E-02
-7.212256779E-02-7.070629442E-02-6.922795260E-02-6.768478085E-02-6.607404932E-02
-6.439306616E-02-6.263918401E-02-6.080980667E-02-5.890239472E-02-5.691447109E-02
-5.484362558E-02-5.268751864E-02-5.044388483E-02-4.811053462E-02-4.568535662E-02
-4.316631807E-02-4.055146521E-02-3.783892361E-02-3.502689734E-02-3.211366854E-02
-2.909759582E-02-2.597711382E-02-2.275073176E-02-1.941703195E-02-1.597466933E-02
-1.242237033E-02-8.758932358E-03-4.983224034E-03-1.094185484E-03 2.909170178E-03
 7.027754682E-03 1.126240124E-02 1.561385965E-02 2.008279033E-02 2.466975567E-02
 2.937520972E-02 3.419948516E-02 3.914277667E-02 4.420512140E-02 4.938637484E-02
 5.468618160E-02 6.010394148E-02 6.563876794E-02 7.128944010E-02 7.705434628E-02
 8.293141735E-02 8.891805015E-02 9.501101928E-02 1.012063746E-01 1.074993262E-01
 1.138841143E-01 1.203538589E-01 1.269004024E-01 1.335141319E-01 1.401837862E-01
 1.468962621E-01 1.536364108E-01 1.603868476E-01 1.671277797E-01 1.738368698E-01
 1.804891732E-01 1.870571527E-01 1.935108230E-01 1.998180423E-01 2.059449784E-01
 2.118567641E-01 2.175183117E-01 2.228952785E-01 2.279551037E-01 2.326680488E-01
 2.370081742E-01 2.409541783E-01 2.444900660E-01 2.476056133E-01 2.502966304E-01
 2.525650170E-01 2.544186190E-01 2.558708851E-01 2.569403276E-01 2.576497945E-01
 2.580255862E-01 2.580964530E-01 2.578925307E-01 2.574443181E-01 2.567817356E-01
-1.160914454E-01-1.199728322E-01-1.220722361E-01-1.223179432E-01-1.208664876E-01
-1.190269956E-01-1.172635619E-01-1.155804395E-01-1.139743628E-01-1.124415715E-01
-1.109780328E-01-1.095795292E-01-1.082416979E-01-1.069600711E-01-1.057300994E-01
-1.045471795E-01-1.034066874E-01-1.023040064E-01-1.012345532E-01-1.001938018E-01
-9.917730452E-02-9.818070353E-02-9.719974452E-02-9.623028480E-02-9.526829163E-02
-9.430984881E-02-9.335115300E-02-9.238851119E-02-9.141833707E-02-9.043714519E-02
-8.944154592E-02-8.842823834E-02-8.739400401E-02-8.633570022E-02-8.525025302E-02
-8.413465007E-02-8.298593424E-02-8.180119725E-02-8.057757308E-02-7.931223254E-02
-7.800237858E-02-7.664524207E-02-7.523807924E-02-7.377817000E-02-7.226281786E-02
-7.068935071E-02-6.905512273E-02-6.735751712E-02-6.559394958E-02-6.376187141E-02
-6.185877333E-02-5.988218913E-02-5.782969931E-02-5.569893348E-02-5.348757358E-02
-5.119335572E-02-4.881407169E-02-4.634757046E-02-4.379175815E-02-4.114459840E-02
-3.840411195E-02-3.556837579E-02-3.263552206E-02-2.960373665E-02-2.647125721E-02
-2.323637196E-02-1.989741727E-02-1.645277586E-02-1.290087511E-02-9.240185215E-03
-5.469217534E-03-1.586523729E-03 2.409305122E-03 6.519638480E-03 1.074580568E-02
 1.508909436E-02 1.955074727E-02 2.413195832E-02 2.883386647E-02 3.365754724E-02
 3.860400235E-02 4.367414573E-02 4.886878626E-02 5.418860624E-02 5.963413457E-02
 6.520571410E-02 7.090346194E-02 7.672722142E-02 8.267650454E-02 8.875042282E-02
 9.494760490E-02 1.012661002E-01 1.077032620E-01 1.142556159E-01 1.209187017E-01
 1.276868897E-01 1.345531773E-01 1.415089464E-01 1.485437011E-01 1.556447713E-01
 1.627969937E-01 1.699823782E-01 1.771797684E-01 1.843645291E-01 1.915082749E-01
 1.985787139E-01 2.055396377E-01 2.123511444E-01 2.189701533E-01 2.253512644E-01
 2.314479639E-01 2.372141235E-01 2.426056839E-01 2.475823466E-01 2.521091217E-01
 2.561576140E-01 2.597069668E-01 2.627444791E-01 2.652659218E-01 2.672755791E-01
 2.687860486E-01 2.698177779E-01 2.703983226E-01 2.705612908E-01 2.703449857E-01
 2.697907975E-01 2.689414656E-01 2.678393861E-01 2.665251214E-01-1.216387013E-01
-1.256878116E-01-1.278228534E-01-1.280935447E-01-1.263243412E-01-1.244627808E-01
-1.226872737E-01-1.209750550E-01-1.193227767E-01-1.177275915E-01-1.161868786E-01
-1.146980936E-01-1.132586155E-01-1.118656544E-01-1.105161985E-01-1.092070092E-01
-1.079346492E-01-1.066955103E-01-1.054858623E-01-1.043018882E-01-1.031397262E-01
-1.019954992E-01-1.008653455E-01-9.974543645E-02-9.863199633E-02-9.752131441E-02
-9.640975058E-02-9.529374483E-02-9.416981808E-02-9.303457357E-02-9.188469586E-02
-9.071694901E-02-8.952817367E-02-8.831528293E-02-8.707525826E-02-8.580514457E-02
-8.450204575E-02-8.316311978E-02-8.178557335E-02-8.036665833E-02-7.890366701E-02
-7.739392893E-02-7.583480784E-02-7.422370010E-02-7.255803273E-02-7.083526338E-02
-6.905288010E-02-6.720840187E-02-6.529937968E-02-6.332339780E-02-6.127807482E-02
-5.916106551E-02-5.697006167E-02-5.470279341E-02-5.235702979E-02-4.993057928E-02
-4.742129023E-02-4.482704991E-02-4.214578484E-02-3.937545869E-02-3.651407175E-02
-3.355965859E-02-3.051028653E-02-2.736405309E-02-2.411908323E-02-2.077352707E-02
-1.732555678E-02-1.377336367E-02-1.011515512E-02-6.349151758E-03-2.473584342E-03
 1.513308671E-03 5.613283693E-03 9.828093934E-03 1.415949106E-02 1.860922564E-02
 2.317904716E-02 2.787070311E-02 3.268593571E-02 3.762647783E-02 4.269404639E-02
 4.789033293E-02 5.321699132E-02 5.867562076E-02 6.426774494E-02 6.999478490E-02
 7.585802393E-02 8.185856566E-02 8.799728021E-02 9.427473867E-02 1.006911328E-01
 1.072461753E-01 1.139389831E-01 1.207679287E-01 1.277304714E-01 1.348229431E-01
 1.420403021E-01 1.493758387E-01 1.568208277E-01 1.643641279E-01 1.719917135E-01
 1.796861561E-01 1.874260422E-01 1.951853564E-01 2.029328691E-01 2.106315689E-01
 2.182382669E-01 2.257034829E-01 2.329718172E-01 2.399829687E-01 2.466735115E-01
 2.529793963E-01 2.588388963E-01 2.641955963E-01 2.690009824E-01 2.732163577E-01
 2.768140398E-01 2.797779697E-01 2.821039107E-01 2.837994081E-01 2.848835565E-01
 2.853865373E-01 2.853487950E-01 2.848196810E-01 2.838554278E-01 2.825164873E-01
 2.808644585E-01 2.789590457E-01 2.768555199E-01-1.262478237E-01-1.302378940E-01
-1.324319419E-01-1.327542429E-01-1.313785253E-01-1.295689005E-01-1.277987676E-01
-1.260730858E-01-1.243886424E-01-1.227439520E-01-1.211384951E-01-1.195719789E-01
-1.180438790E-01-1.165532236E-01-1.150985339E-01-1.136778419E-01-1.122887541E-01
-1.109285217E-01-1.095941180E-01-1.082823048E-01-1.069896985E-01-1.057128134E-01
-1.044481109E-01-1.031920293E-01-1.019410143E-01-1.006915380E-01-9.944011395E-02
-9.818331568E-02-9.691777380E-02-9.564019326E-02-9.434734685E-02-9.303608207E-02
-9.170331830E-02-9.034604611E-02-8.896132481E-02-8.754627918E-02-8.609809621E-02
-8.461402129E-02-8.309135443E-02-8.152744617E-02-7.991969439E-02-7.826554032E-02
-7.656246621E-02-7.480799190E-02-7.299967322E-02-7.113510005E-02-6.921189466E-02
-6.722771103E-02-6.518023363E-02-6.306717727E-02-6.088628608E-02-5.863533359E-02
-5.631212157E-02-5.391447972E-02-5.144026494E-02-4.888735994E-02-4.625367219E-02
-4.353713218E-02-4.073569168E-02-3.784732149E-02-3.487000907E-02-3.180175540E-02
-2.864057261E-02-2.538448014E-02-2.203150115E-02-1.857965904E-02-1.502697339E-02
-1.137145533E-02-7.611103946E-03-3.743901002E-03 2.321930300E-04 4.319243779E-03
 8.519347465E-03 1.283463533E-02 1.726727784E-02 2.181948873E-02 2.649352795E-02
 3.129170504E-02 3.621638051E-02 4.126996701E-02 4.645492777E-02 5.177377464E-02
 5.722906234E-02 6.282338001E-02 6.855933864E-02 7.443955387E-02 8.046662181E-02
 8.664308710E-02 9.297140175E-02 9.945387105E-02 1.060925828E-01 1.128893237E-01
 1.198454623E-01 1.269618157E-01 1.342384709E-01 1.416745693E-01 1.492680363E-01
 1.570152520E-01 1.649106440E-01 1.729461854E-01 1.811107920E-01 1.893895927E-01
 1.977630577E-01 2.062059687E-01 2.146862516E-01 2.231636816E-01 2.315885890E-01
 2.399007616E-01 2.480289499E-01 2.558915261E-01 2.633989273E-01 2.704581304E-01
 2.769786182E-01 2.828784494E-01 2.880889596E-01 2.925573534E-01 2.962475112E-01
 2.991397485E-01 3.012303034E-01 3.025309619E-01 3.030689762E-01 3.028871252E-01
 3.020435225E-01 3.006105599E-01 2.986722721E-01 2.963197241E-01 2.936448266E-01
 2.907339802E-01 2.876631965E-01-1.308617409E-01-1.348752616E-01-1.371041515E-01
-1.374802488E-01-1.361634280E-01-1.344072021E-01-1.326666810E-01-1.309417139E-01
-1.292321693E-01-1.275418478E-01-1.258750870E-01-1.242353347E-01-1.226247754E-01
-1.210443647E-01-1.194940059E-01-1.179727396E-01-1.164789256E-01-1.150103957E-01
-1.135645753E-01-1.121385933E-01-1.107293605E-01-1.093336393E-01-1.079480978E-01
-1.065693531E-01-1.051940049E-01-1.038186586E-01-1.024399507E-01-1.010545629E-01
-9.965922948E-02-9.825075013E-02-9.682599049E-02-9.538189065E-02-9.391545962E-02
-9.242378053E-02-9.090400706E-02-8.935336151E-02-8.776913229E-02-8.614867089E-02
-8.448938806E-02-8.278875048E-02-8.104427712E-02-7.925353562E-02-7.741413866E-02
-7.552374102E-02-7.358003644E-02-7.158075434E-02-6.952365808E-02-6.740654142E-02
-6.522722730E-02-6.298356496E-02-6.067342793E-02-5.829471237E-02-5.584533445E-02
-5.332322852E-02-5.072634442E-02-4.805264542E-02-4.530010553E-02-4.246670619E-02
-3.955043390E-02-3.654927629E-02-3.346121888E-02-3.028424110E-02-2.701631241E-02
-2.365538747E-02-2.019940189E-02-1.664626701E-02-1.299386488E-02-9.240042624E-03
-5.382606447E-03-1.419315780E-03 2.652123199E-03 6.834064254E-03 1.112892808E-02
 1.553920913E-02 2.006748364E-02 2.471641646E-02 2.948876879E-02 3.438740617E-02
 3.941530514E-02 4.457556086E-02 4.987139329E-02 5.530615278E-02 6.088332422E-02
 6.660652971E-02 7.247952810E-02 7.850621161E-02 8.469059751E-02 9.103681437E-02
 9.754908006E-02 1.042316685E-01 1.110888671E-01 1.181249091E-01 1.253438957E-01
 1.327496772E-01 1.403457109E-01 1.481348604E-01 1.561191508E-01 1.642994401E-01
 1.726750027E-01 1.812429955E-01 1.899977696E-01 1.989300020E-01 2.080255740E-01
 2.172641444E-01 2.266173285E-01 2.360463900E-01 2.454993613E-01 2.549076522E-01
 2.641825413E-01 2.732128036E-01 2.818660749E-01 2.899970678E-01 2.974627122E-01
 3.041382021E-01 3.099264485E-01 3.147593653E-01 3.185946133E-01 3.214116436E-01
 3.232089310E-01 3.240029027E-01 3.238285265E-01 3.227412650E-01 3.208198524E-01
 3.181685427E-01 3.149161710E-01 3.112084922E-01 3.071928612E-01 3.030008367E-01
 2.987371776E-01-1.354923292E-01-1.395313554E-01-1.417404051E-01-1.422133137E-01
-1.407237366E-01-1.390866312E-01-1.374037197E-01-1.356733049E-01-1.339229164E-01
-1.321723258E-01-1.304341326E-01-1.287160126E-01-1.270223334E-01-1.253552012E-01
-1.237151316E-01-1.221015056E-01-1.205128764E-01-1.189471958E-01-1.174019742E-01
-1.158744082E-01-1.143614687E-01-1.128599788E-01-1.113666696E-01-1.098782212E-01
-1.083913007E-01-1.069025853E-01-1.054087868E-01-1.039066634E-01-1.023930334E-01
-1.008647798E-01-9.931886096E-02-9.775230698E-02-9.616222831E-02-9.454580980E-02
-9.290031299E-02-9.122307282E-02-8.951149571E-02-8.776305586E-02-8.597529237E-02
-8.414580478E-02-8.227224999E-02-8.035233731E-02-7.838382546E-02-7.636451766E-02
-7.429225833E-02-7.216492911E-02-6.998044483E-02-6.773675000E-02-6.543181543E-02
-6.306363437E-02-6.063021923E-02-5.812959778E-02-5.555981019E-02-5.291890473E-02
-5.020493461E-02-4.741595431E-02-4.455001530E-02-4.160516209E-02-3.857942826E-02
-3.547083182E-02-3.227737066E-02-2.899701745E-02-2.562771494E-02-2.216736974E-02
-1.861384754E-02-1.496496596E-02-1.121848916E-02-7.372119975E-03-3.423493293E-03
 6.298320104E-04 4.790381247E-03 9.060772780E-03 1.344372733E-02 1.794207829E-02
 2.255878179E-02 2.729692879E-02 3.215975670E-02 3.715066229E-02 4.227321513E-02
 4.753117188E-02 5.292849117E-02 5.846934842E-02 6.415815197E-02 6.999955826E-02
 7.599848724E-02 8.216013655E-02 8.848999422E-02 9.499384868E-02 1.016777939E-01
 1.085482303E-01 1.156118551E-01 1.228756401E-01 1.303467989E-01 1.380327233E-01
 1.459408957E-01 1.540787608E-01 1.624535449E-01 1.710720023E-01 1.799400711E-01
 1.890624106E-01 1.984417744E-01 2.080781691E-01 2.179677245E-01 2.281011581E-01
 2.384616608E-01 2.490219214E-01 2.597397972E-01 2.705518247E-01 2.813632846E-01
 2.920335865E-01 3.023601379E-01 3.120815385E-01 3.209315068E-01 3.287084379E-01
 3.352903553E-01 3.406115799E-01 3.446402049E-01 3.473653851E-01 3.487917734E-01
 3.489383772E-01 3.478406651E-01 3.455558484E-01 3.421722403E-01 3.378239004E-01
 3.327084704E-01 3.270895886E-01 3.212476174E-01 3.154013281E-01 3.096820267E-01
-1.399657355E-01-1.438247966E-01-1.460390445E-01-1.465117142E-01-1.455652887E-01
-1.439861255E-01-1.422129211E-01-1.403737077E-01-1.385172507E-01-1.366666835E-01
-1.348340513E-01-1.330256954E-01-1.312446467E-01-1.294918675E-01-1.277669430E-01
-1.260685094E-01-1.243945408E-01-1.227425342E-01-1.211096560E-01-1.194928395E-01
-1.178888682E-01-1.162944296E-01-1.147061650E-01-1.131207070E-01-1.115347016E-01
-1.099448345E-01-1.083478457E-01-1.067405388E-01-1.051197929E-01-1.034825686E-01
-1.018259073E-01-1.001469377E-01-9.844287176E-02-9.671100919E-02-9.494873255E-02
-9.315350319E-02-9.132286194E-02-8.945442334E-02-8.754587213E-02-8.559495931E-02
-8.359949728E-02-8.155735540E-02-7.946645528E-02-7.732476597E-02-7.513029902E-02
-7.288110376E-02-7.057526233E-02-6.821088472E-02-6.578610420E-02-6.329907215E-02
-6.074795379E-02-5.813092262E-02-5.544615643E-02-5.269183174E-02-4.986611946E-02
-4.696717946E-02-4.399315588E-02-4.094217185E-02-3.781232410E-02-3.460167755E-02
-3.130825998E-02-2.793005554E-02-2.446499898E-02-2.091096943E-02-1.726578317E-02
-1.352718684E-02-9.692849708E-03-5.760355330E-03-1.727193523E-03 2.409249503E-03
 6.651700915E-03 1.100301218E-02 1.546617059E-02 2.004431243E-02 2.474073660E-02
 2.955891955E-02 3.450253234E-02 3.957545837E-02 4.478181328E-02 5.012596635E-02
 5.561256414E-02 6.124655622E-02 6.703322279E-02 7.297820490E-02 7.908753671E-02
 8.536768062E-02 9.182556374E-02 9.846861615E-02 1.053048131E-01 1.123427109E-01
 1.195914893E-01 1.270609877E-01 1.347617339E-01 1.427049639E-01 1.509026272E-01
 1.593673629E-01 1.681124543E-01 1.771517136E-01 1.864993195E-01 1.961695494E-01
 2.061763888E-01 2.165329727E-01 2.272508079E-01 2.383386786E-01 2.498011370E-01
 2.616363581E-01 2.738329591E-01 2.863649093E-01 2.991822684E-01 3.121905285E-01
 3.251851186E-01 3.375679835E-01 3.484899286E-01 3.577304535E-01 3.652825776E-01
 3.711631509E-01 3.753901005E-01 3.779793906E-01 3.789450374E-01 3.783009866E-01
 3.760653357E-01 3.722667052E-01 3.669535144E-01 3.602126887E-01 3.522266990E-01
 3.435303972E-01 3.350719554E-01 3.271594920E-01 3.197886889E-01-1.465340379E-01
-1.510818689E-01-1.534060304E-01-1.534224509E-01-1.514836323E-01-1.492361004E-01
-1.470921100E-01-1.450141188E-01-1.429853321E-01-1.410000391E-01-1.390556857E-01
-1.371503280E-01-1.352818712E-01-1.334478870E-01-1.316456074E-01-1.298719764E-01
-1.281237214E-01-1.263974081E-01-1.246894998E-01-1.229964018E-01-1.213144999E-01
-1.196401938E-01-1.179699176E-01-1.163001626E-01-1.146274909E-01-1.129485474E-01
-1.112600654E-01-1.095588737E-01-1.078419017E-01-1.061061784E-01-1.043488325E-01
-1.025670934E-01-1.007582887E-01-9.891984320E-02-9.704927425E-02-9.514418780E-02
-9.320227614E-02-9.122131288E-02-8.919914835E-02-8.713370451E-02-8.502296979E-02
-8.286499372E-02-8.065788146E-02-7.839978785E-02-7.608891166E-02-7.372348966E-02
-7.130179054E-02-6.882210890E-02-6.628275926E-02-6.368206989E-02-6.101837696E-02
-5.829001794E-02-5.549532639E-02-5.263262515E-02-4.970022064E-02-4.669639682E-02
-4.361940882E-02-4.046747709E-02-3.723878083E-02-3.393145181E-02-3.054356759E-02
-2.707314504E-02-2.351813340E-02-1.987640658E-02-1.614575629E-02-1.232388313E-02
-8.408389029E-03-4.396767358E-03-2.863936663E-04 3.925485066E-03 8.241761828E-03
 1.266548210E-02 1.719985761E-02 2.184828125E-02 2.661434410E-02 3.150185374E-02
 3.651485472E-02 4.165765164E-02 4.693483428E-02 5.235130674E-02 5.791231860E-02
 6.362350072E-02 6.949090536E-02 7.552105005E-02 8.172096817E-02 8.809826409E-02
 9.466117533E-02 1.014186420E-01 1.083803840E-01 1.155569872E-01 1.229599931E-01
 1.306020069E-01 1.384968080E-01 1.466594621E-01 1.551064543E-01 1.638558087E-01
 1.729272088E-01 1.823421128E-01 1.921238347E-01 2.022975899E-01 2.128904855E-01
 2.239314341E-01 2.354509721E-01 2.474809957E-01 2.600544619E-01 2.732051808E-01
 2.869680573E-01 3.013806025E-01 3.164879252E-01 3.323577422E-01 3.491099304E-01
 3.649476268E-01 3.780576925E-01 3.887344885E-01 3.970025997E-01 4.032129710E-01
 4.075417899E-01 4.100132931E-01 4.105110438E-01 4.088349447E-01 4.052093654E-01
 3.997117299E-01 3.922856768E-01 3.827207736E-01 3.706874067E-01 3.577650141E-01
 3.466581735E-01 3.368369743E-01 3.279980232E-01-1.520699574E-01-1.569560970E-01
-1.593814063E-01-1.592552907E-01-1.566268221E-01-1.540615560E-01-1.516653459E-01
-1.493876577E-01-1.472024531E-01-1.450924564E-01-1.430458092E-01-1.410537919E-01
-1.391094520E-01-1.372068419E-01-1.353406017E-01-1.335057354E-01-1.316974975E-01
-1.299113299E-01-1.281428334E-01-1.263877554E-01-1.246419877E-01-1.229015576E-01
-1.211626361E-01-1.194215309E-01-1.176746888E-01-1.159186949E-01-1.141502680E-01
-1.123662590E-01-1.105636487E-01-1.087395415E-01-1.068911638E-01-1.050158608E-01
-1.031110902E-01-1.011744175E-01-9.920351313E-02-9.719614978E-02-9.515018909E-02
-9.306358698E-02-9.093438051E-02-8.876068557E-02-8.654068960E-02-8.427264572E-02
-8.195486603E-02-7.958571487E-02-7.716360182E-02-7.468697469E-02-7.215431211E-02
-6.956411672E-02-6.691490710E-02-6.420521111E-02-6.143355818E-02-5.859847240E-02
-5.569846472E-02-5.273202617E-02-4.969762048E-02-4.659367718E-02-4.341858419E-02
-4.017068100E-02-3.684825127E-02-3.344951582E-02-2.997262526E-02-2.641565261E-02
-2.277658572E-02-1.905331910E-02-1.524364630E-02-1.134525041E-02-7.355695943E-03
-3.272418325E-03 9.072862480E-04 5.186272209E-03 9.567557062E-03 1.405433508E-02
 1.864999230E-02 2.335812330E-02 2.818255019E-02 3.312734323E-02 3.819684493E-02
 4.339569615E-02 4.872886685E-02 5.420168946E-02 5.981989844E-02 6.558967342E-02
 7.151769005E-02 7.761117649E-02 8.387797887E-02 9.032663589E-02 9.696646377E-02
 1.038076549E-01 1.108613881E-01 1.181399611E-01 1.256569357E-01 1.334273088E-01
 1.414677089E-01 1.497966183E-01 1.584346307E-01 1.674047398E-01 1.767326661E-01
 1.864472185E-01 1.965806918E-01 2.071692896E-01 2.182535627E-01 2.298788548E-01
 2.420957418E-01 2.549604804E-01 2.685355408E-01 2.828904271E-01 2.981032050E-01
 3.142635256E-01 3.314783517E-01 3.498823907E-01 3.689286218E-01 3.852477104E-01
 3.989554211E-01 4.102260403E-01 4.189539558E-01 4.251817234E-01 4.292544969E-01
 4.312430935E-01 4.311289197E-01 4.286132923E-01 4.235981271E-01 4.162935959E-01
 4.066379248E-01 3.944708022E-01 3.795357909E-01 3.658800419E-01 3.537830578E-01
 3.429983829E-01 3.333069075E-01-1.558926959E-01-1.609098833E-01-1.634031194E-01
-1.632877996E-01-1.608776932E-01-1.582250266E-01-1.557174107E-01-1.533332827E-01
-1.510537406E-01-1.488627942E-01-1.467471951E-01-1.446959106E-01-1.426995732E-01
-1.407500400E-01-1.388400672E-01-1.369630989E-01-1.351131129E-01-1.332845290E-01
-1.314721393E-01-1.296710609E-01-1.278767029E-01-1.260847394E-01-1.242910865E-01
-1.224918852E-01-1.206834848E-01-1.188624288E-01-1.170254398E-01-1.151694132E-01
-1.132914014E-01-1.113886085E-01-1.094583825E-01-1.074982034E-01-1.055056803E-01
-1.034785473E-01-1.014146498E-01-9.931194518E-02-9.716849535E-02-9.498245925E-02
-9.275208661E-02-9.047571255E-02-8.815175005E-02-8.577868229E-02-8.335505553E-02
-8.087947114E-02-7.835057689E-02-7.576705938E-02-7.312763494E-02-7.043104132E-02
-6.767602873E-02-6.486135133E-02-6.198575866E-02-5.904798680E-02-5.604675037E-02
-5.298073372E-02-4.984858290E-02-4.664889774E-02-4.338022331E-02-4.004104241E-02
-3.662976775E-02-3.314473375E-02-2.958418881E-02-2.594628748E-02-2.222908230E-02
-1.843051555E-02-1.454841068E-02-1.058046354E-02-6.524232848E-03-2.377130425E-03
 1.863589642E-03 6.200842600E-03 1.063772576E-02 1.517753253E-02 1.982376810E-02
 2.458016712E-02 2.945071322E-02 3.443966148E-02 3.955156367E-02 4.479129760E-02
 5.016409928E-02 5.567560154E-02 6.133187663E-02 6.713948610E-02 7.310553828E-02
 7.923775407E-02 8.554454305E-02 9.203509234E-02 9.871946924E-02 1.056087401E-01
 1.127151119E-01 1.200520953E-01 1.276346969E-01 1.354796475E-01 1.436056714E-01
 1.520338011E-01 1.607877590E-01 1.698944014E-01 1.793842533E-01 1.892921247E-01
 1.996578468E-01 2.105271107E-01 2.219524090E-01 2.339940630E-01 2.467212712E-01
 2.602130975E-01 2.745592701E-01 2.898607076E-01 3.062297540E-01 3.237902813E-01
 3.426778846E-01 3.629726268E-01 3.819039742E-01 3.980059076E-01 4.113441931E-01
 4.222269703E-01 4.307802757E-01 4.370218091E-01 4.408007328E-01 4.420675088E-01
 4.409962916E-01 4.375652914E-01 4.316446025E-01 4.229358724E-01 4.112662230E-01
 3.967171774E-01 3.817053981E-01 3.682233889E-01 3.560957910E-01 3.451584118E-01
 3.352563518E-01-1.590262546E-01-1.641253250E-01-1.666946076E-01-1.666343645E-01
-1.643931924E-01-1.617438875E-01-1.592111045E-01-1.567956926E-01-1.544843520E-01
-1.522640268E-01-1.501225334E-01-1.480487182E-01-1.460324556E-01-1.440645628E-01
-1.421367024E-01-1.402412827E-01-1.383713655E-01-1.365205981E-01-1.346831439E-01
-1.328536286E-01-1.310270930E-01-1.291989482E-01-1.273649407E-01-1.255211133E-01
-1.236637830E-01-1.217895091E-01-1.198950720E-01-1.179774542E-01-1.160338261E-01
-1.140615272E-01-1.120580594E-01-1.100210716E-01-1.079483560E-01-1.058378381E-01
-1.036875682E-01-1.014957185E-01-9.926057342E-02-9.698052357E-02-9.465406062E-02
-9.227976667E-02-8.985630973E-02-8.738243392E-02-8.485695038E-02-8.227872874E-02
-7.964668759E-02-7.695978419E-02-7.421700472E-02-7.141735395E-02-6.855984531E-02
-6.564349061E-02-6.266728979E-02-5.963022156E-02-5.653123294E-02-5.336923042E-02
-5.014307041E-02-4.685155020E-02-4.349339931E-02-4.006727036E-02-3.657173107E-02
-3.300525563E-02-2.936621649E-02-2.565287617E-02-2.186337866E-02-1.799574171E-02
-1.404784763E-02-1.001743504E-02-5.902089310E-03-1.699233112E-03 2.593883949E-03
 6.980196608E-03 1.146283622E-02 1.604514436E-02 2.073068809E-02 2.552327714E-02
 3.042698321E-02 3.544616256E-02 4.058548108E-02 4.584994355E-02 5.124492758E-02
 5.677622168E-02 6.245007075E-02 6.827322725E-02 7.425301167E-02 8.039738225E-02
 8.671501598E-02 9.321540394E-02 9.990896266E-02 1.068071628E-01 1.139226883E-01
 1.212696146E-01 1.288636289E-01 1.367222902E-01 1.448653449E-01 1.533151030E-01
 1.620969019E-01 1.712396687E-01 1.807766071E-01 1.907460465E-01 2.011924776E-01
 2.121678225E-01 2.237329557E-01 2.359594954E-01 2.489317850E-01 2.627488775E-01
 2.775260724E-01 2.933952956E-01 3.105034537E-01 3.290082817E-01 3.490777150E-01
 3.693478802E-01 3.871705157E-01 4.025557405E-01 4.152010821E-01 4.253641798E-01
 4.332959389E-01 4.390230207E-01 4.424731841E-01 4.432111449E-01 4.413843114E-01
 4.370971148E-01 4.302294327E-01 4.205590703E-01 4.075078822E-01 3.921789827E-01
 3.782133425E-01 3.655276136E-01 3.539917189E-01 3.434815922E-01 3.338817077E-01
-1.619639895E-01-1.672173570E-01-1.698782314E-01-1.698645981E-01-1.672996723E-01
-1.646641101E-01-1.621619089E-01-1.597714561E-01-1.574816133E-01-1.552809233E-01
-1.531579645E-01-1.511016898E-01-1.491016358E-01-1.471480378E-01-1.452318775E-01
-1.433448851E-01-1.414795154E-01-1.396289007E-01-1.377868044E-01-1.359475581E-01
-1.341060111E-01-1.322574690E-01-1.303976436E-01-1.285226086E-01-1.266287517E-01
-1.247127442E-01-1.227715039E-01-1.208021730E-01-1.188020968E-01-1.167688024E-01
-1.146999900E-01-1.125935156E-01-1.104473879E-01-1.082597558E-01-1.060289046E-01
-1.037532483E-01-1.014313247E-01-9.906178454E-02-9.664339051E-02-9.417500594E-02
-9.165558606E-02-8.908416966E-02-8.645986865E-02-8.378185751E-02-8.104936207E-02
-7.826164772E-02-7.541800778E-02-7.251775136E-02-6.956019143E-02-6.654463321E-02
-6.347036211E-02-6.033663297E-02-5.714265867E-02-5.388759936E-02-5.057055265E-02
-4.719054340E-02-4.374651397E-02-4.023731536E-02-3.666169775E-02-3.301830229E-02
-2.930565199E-02-2.552214388E-02-2.166604065E-02-1.773546214E-02-1.372837781E-02
-9.642597970E-03-5.475765391E-03-1.225346613E-03 3.111377531E-03 7.537321921E-03
 1.205560820E-02 1.666957691E-02 2.138280118E-02 2.619910234E-02 3.112256777E-02
 3.615757102E-02 4.130879588E-02 4.658126339E-02 5.198036362E-02 5.751189263E-02
 6.318209494E-02 6.899771380E-02 7.496604864E-02 8.109502317E-02 8.739326369E-02
 9.387019243E-02 1.005361355E-01 1.074024530E-01 1.144816859E-01 1.217877451E-01
 1.293361188E-01 1.371441414E-01 1.452313011E-01 1.536196363E-01 1.623342010E-01
 1.714036659E-01 1.808610588E-01 1.907447061E-01 2.010994477E-01 2.119782037E-01
 2.234440266E-01 2.355727909E-01 2.484566849E-01 2.622085963E-01 2.769670535E-01
 2.929002180E-01 3.102052413E-01 3.290978503E-01 3.495195215E-01 3.679901178E-01
 3.840428506E-01 3.978984301E-01 4.096152251E-01 4.191522524E-01 4.263501175E-01
 4.312672915E-01 4.339996544E-01 4.344746636E-01 4.325053472E-01 4.277693665E-01
 4.201592237E-01 4.095909739E-01 3.959520419E-01 3.823684468E-01 3.699404025E-01
 3.585398758E-01 3.480601742E-01 3.384081810E-01 3.295009551E-01-1.637222928E-01
-1.690487078E-01-1.717936354E-01-1.718720881E-01-1.695671111E-01-1.670183351E-01
-1.645911728E-01-1.622726746E-01-1.600519413E-01-1.579174111E-01-1.558573095E-01
-1.538600485E-01-1.519145220E-01-1.500103036E-01-1.481377627E-01-1.462881103E-01
-1.444533998E-01-1.426264861E-01-1.408009746E-01-1.389711460E-01-1.371318853E-01
-1.352786043E-01-1.334071737E-01-1.315138632E-01-1.295952822E-01-1.276483379E-01
-1.256701909E-01-1.236582319E-01-1.216100508E-01-1.195234233E-01-1.173962915E-01
-1.152267627E-01-1.130130941E-01-1.107536891E-01-1.084470941E-01-1.060919958E-01
-1.036872113E-01-1.012316838E-01-9.872447885E-02-9.616477325E-02-9.355184784E-02
-9.088507488E-02-8.816390774E-02-8.538786763E-02-8.255653094E-02-7.966951470E-02
-7.672646273E-02-7.372703131E-02-7.067087509E-02-6.755763364E-02-6.438691749E-02
-6.115829551E-02-5.787128269E-02-5.452532818E-02-5.111980374E-02-4.765399380E-02
-4.412708436E-02-4.053815376E-02-3.688616313E-02-3.316994778E-02-2.938820793E-02
-2.553950113E-02-2.162223398E-02-1.763465447E-02-1.357484453E-02-9.440712432E-03
-5.229985916E-03-9.402042934E-04 3.431288979E-03 7.887354491E-03 1.243106559E-02
 1.706571840E-02 2.179484220E-02 2.662221277E-02 3.155186653E-02 3.658811734E-02
 4.173557707E-02 4.699917843E-02 5.238420222E-02 5.789630978E-02 6.354158017E-02
 6.932655362E-02 7.525828288E-02 8.134439280E-02 8.759314945E-02 9.401354150E-02
 1.006153754E-01 1.074093872E-01 1.144073744E-01 1.216223505E-01 1.290687340E-01
 1.367625664E-01 1.447217885E-01 1.529665586E-01 1.615196657E-01 1.704070272E-01
 1.796583267E-01 1.893078334E-01 1.993954774E-01 2.099683007E-01 2.210824709E-01
 2.328061991E-01 2.452241468E-01 2.584444490E-01 2.726104641E-01 2.879205582E-01
 3.046551421E-01 3.232078904E-01 3.415855564E-01 3.579090589E-01 3.718775278E-01
 3.839755535E-01 3.943062064E-01 4.028710890E-01 4.094833552E-01 4.137103377E-01
 4.159444538E-01 4.161768458E-01 4.142822288E-01 4.098861872E-01 4.023186977E-01
 3.916565253E-01 3.794929839E-01 3.682609127E-01 3.578277551E-01 3.481024629E-01
 3.390217989E-01 3.305350944E-01 3.225976931E-01-1.648138308E-01-1.701909784E-01
-1.730299262E-01-1.732277673E-01-1.712379724E-01-1.688224889E-01-1.665129713E-01
-1.643126101E-01-1.622088040E-01-1.601881129E-01-1.582370168E-01-1.563424017E-01
-1.544918925E-01-1.526740822E-01-1.508786420E-01-1.490963486E-01-1.473190504E-01
-1.455395965E-01-1.437517336E-01-1.419500014E-01-1.401296176E-01-1.382863781E-01
-1.364165625E-01-1.345168498E-01-1.325842554E-01-1.306160696E-01-1.286098213E-01
-1.265632408E-01-1.244742391E-01-1.223408936E-01-1.201614365E-01-1.179342536E-01
-1.156578768E-01-1.133309899E-01-1.109524219E-01-1.085211523E-01-1.060363049E-01
-1.034971429E-01-1.009030685E-01-9.825361083E-02-9.554841431E-02-9.278723099E-02
-8.996990285E-02-8.709634806E-02-8.416654410E-02-8.118051118E-02-7.813829475E-02
-7.503994839E-02-7.188551716E-02-6.867502138E-02-6.540844142E-02-6.208570241E-02
-5.870666152E-02-5.527109409E-02-5.177868203E-02-4.822900253E-02-4.462151692E-02
-4.095556106E-02-3.723033538E-02-3.344489615E-02-2.959814668E-02-2.568882953E-02
-2.171551881E-02-1.767661299E-02-1.357032872E-02-9.394694254E-03-5.147544075E-03
-8.265131334E-04 3.570968291E-03 8.047680032E-03 1.260661768E-02 1.725099862E-02
 2.198426938E-02 2.681011376E-02 3.173246285E-02 3.675550676E-02 4.188370925E-02
 4.712182502E-02 5.247492035E-02 5.794839808E-02 6.354802603E-02 6.927997214E-02
 7.515084386E-02 8.116773473E-02 8.733827871E-02 9.367071237E-02 1.001739481E-01
 1.068576564E-01 1.137323645E-01 1.208095685E-01 1.281018667E-01 1.356231082E-01
 1.433885790E-01 1.514152123E-01 1.597218415E-01 1.683295070E-01 1.772618197E-01
 1.865454254E-01 1.962105645E-01 2.062918111E-01 2.168290400E-01 2.278687845E-01
 2.394662346E-01 2.516884669E-01 2.646203846E-01 2.783780386E-01 2.931529453E-01
 3.089518724E-01 3.235664279E-01 3.369182355E-01 3.489229344E-01 3.594202498E-01
 3.682397582E-01 3.754525805E-01 3.810998488E-01 3.851267514E-01 3.873715560E-01
 3.876464852E-01 3.859879119E-01 3.823623579E-01 3.765713020E-01 3.682083475E-01
 3.595988890E-01 3.511893403E-01 3.430489800E-01 3.352190892E-01 3.277220428E-01
 3.205673987E-01 3.137557199E-01-1.657414277E-01-1.712636433E-01-1.742190589E-01
-1.745260100E-01-1.723566146E-01-1.700739536E-01-1.679307726E-01-1.659015991E-01
-1.639691459E-01-1.621159665E-01-1.603251539E-01-1.585809162E-01-1.568689335E-01
-1.551765241E-01-1.534926649E-01-1.518079168E-01-1.501142772E-01-1.484050102E-01
-1.466744532E-01-1.449178423E-01-1.431311390E-01-1.413108867E-01-1.394540836E-01
-1.375580836E-01-1.356205144E-01-1.336392165E-01-1.316122074E-01-1.295376455E-01
-1.274138241E-01-1.252391609E-01-1.230122004E-01-1.207316187E-01-1.183962329E-01
-1.160050092E-01-1.135570706E-01-1.110517002E-01-1.084883470E-01-1.058666231E-01
-1.031862982E-01-1.004472932E-01-9.764966693E-02-9.479360218E-02-9.187938770E-02
-8.890739833E-02-8.587807499E-02-8.279190277E-02-7.964938997E-02-7.645104648E-02
-7.319736433E-02-6.988879799E-02-6.652574706E-02-6.310853986E-02-5.963741838E-02
-5.611252439E-02-5.253388671E-02-4.890140978E-02-4.521486258E-02-4.147386830E-02
-3.767789486E-02-3.382624583E-02-2.991805169E-02-2.595226275E-02-2.192764119E-02
-1.784275513E-02-1.369597295E-02-9.485458825E-03-5.209168616E-03-8.648471199E-04
 3.549974329E-03 8.037979638E-03 1.260206947E-02 1.724536271E-02 2.197119854E-02
 2.678313891E-02 3.168497277E-02 3.668072066E-02 4.177464317E-02 4.697124953E-02
 5.227531098E-02 5.769187552E-02 6.322628709E-02 6.888420791E-02 7.467164508E-02
 8.059498052E-02 8.666100672E-02 9.287696558E-02 9.925059384E-02 1.057901713E-01
 1.125045766E-01 1.194033463E-01 1.264967425E-01 1.337958163E-01 1.413124853E-01
 1.490596024E-01 1.570510263E-01 1.653016822E-01 1.738275923E-01 1.826458773E-01
 1.917746645E-01 2.012328698E-01 2.110397094E-01 2.212137325E-01 2.317708810E-01
 2.427205066E-01 2.540567633E-01 2.657388768E-01 2.776472064E-01 2.895211360E-01
 3.009925556E-01 3.117409485E-01 3.215494921E-01 3.302733923E-01 3.378097361E-01
 3.440805913E-01 3.490238965E-01 3.525886621E-01 3.547331641E-01 3.554262434E-01
 3.546537250E-01 3.524357982E-01 3.488684756E-01 3.441912902E-01 3.387770637E-01
 3.329688930E-01 3.269946834E-01 3.209954258E-01 3.150601520E-01 3.092461931E-01
 3.035903901E-01-1.655629162E-01-1.711665322E-01-1.742454909E-01-1.747153260E-01
-1.728111434E-01-1.707480795E-01-1.688373688E-01-1.670484431E-01-1.653559940E-01
-1.637357249E-01-1.621653983E-01-1.606254455E-01-1.590991812E-01-1.575727399E-01
-1.560348384E-01-1.544764546E-01-1.528904637E-01-1.512712865E-01-1.496145662E-01
-1.479168735E-01-1.461754752E-01-1.443881288E-01-1.425529337E-01-1.406682102E-01
-1.387324185E-01-1.367441072E-01-1.347018767E-01-1.326043761E-01-1.304502997E-01
-1.282384038E-01-1.259675280E-01-1.236366160E-01-1.212447425E-01-1.187911366E-01
-1.162751977E-01-1.136965120E-01-1.110548617E-01-1.083502286E-01-1.055827858E-01
-1.027528949E-01-9.986108505E-02-9.690803696E-02-9.389455676E-02-9.082155315E-02
-8.769000745E-02-8.450094693E-02-8.125541682E-02-7.795445416E-02-7.459906349E-02
-7.119019431E-02-6.772872059E-02-6.421542367E-02-6.065097548E-02-5.703592505E-02
-5.337068582E-02-4.965552376E-02-4.589054716E-02-4.207569598E-02-3.821073317E-02
-3.429523467E-02-3.032858171E-02-2.630995225E-02-2.223831449E-02-1.811242096E-02
-1.393080339E-02-9.691770223E-03-5.393404633E-03-1.033564191E-03 3.390117304E-03
 7.880227414E-03 1.243957129E-02 1.707116756E-02 2.177824316E-02 2.656422967E-02
 3.143275916E-02 3.638766186E-02 4.143296509E-02 4.657289395E-02 5.181187450E-02
 5.715453919E-02 6.260573390E-02 6.817052801E-02 7.385422659E-02 7.966238374E-02
 8.560081756E-02 9.167562674E-02 9.789320579E-02 1.042602610E-01 1.107838203E-01
 1.174712452E-01 1.243302262E-01 1.313687759E-01 1.385951957E-01 1.460180244E-01
 1.536459426E-01 1.614876235E-01 1.695515020E-01 1.778454118E-01 1.863760414E-01
 1.951480986E-01 2.041630342E-01 2.134170667E-01 2.228981334E-01 2.325812007E-01
 2.424213262E-01 2.523444663E-01 2.622386144E-01 2.719526775E-01 2.813110144E-01
 2.901388515E-01 2.982823839E-01 3.056158122E-01 3.120397749E-01 3.174772264E-01
 3.218698754E-01 3.251762164E-01 3.273715661E-01 3.284504998E-01 3.284321953E-01
 3.273687228E-01 3.253540413E-01 3.225264057E-01 3.190548170E-01 3.151118913E-01
 3.108500668E-01 3.063920066E-01 3.018317048E-01 2.972395203E-01 2.926674198E-01
-1.643684818E-01-1.700063402E-01-1.732252838E-01-1.739205738E-01-1.725338602E-01
-1.707982356E-01-1.692183529E-01-1.677681535E-01-1.664086001E-01-1.651048275E-01
-1.638274483E-01-1.625527208E-01-1.612621395E-01-1.599417569E-01-1.585813988E-01
-1.571738924E-01-1.557143623E-01-1.541996298E-01-1.526277094E-01-1.509974076E-01
-1.493080155E-01-1.475590690E-01-1.457501841E-01-1.438809449E-01-1.419508360E-01
-1.399592113E-01-1.379052973E-01-1.357882137E-01-1.336070051E-01-1.313606966E-01
-1.290483358E-01-1.266690511E-01-1.242220979E-01-1.217069017E-01-1.191230942E-01
-1.164705398E-01-1.137493518E-01-1.109598986E-01-1.081028020E-01-1.051789190E-01
-1.021893268E-01-9.913529049E-02-9.601823186E-02-9.283969201E-02-8.960129393E-02
-8.630470453E-02-8.295159884E-02-7.954362627E-02-7.608238050E-02-7.256937380E-02
-6.900601438E-02-6.539358781E-02-6.173324137E-02-5.802597100E-02-5.427260974E-02
-5.047381776E-02-4.663007271E-02-4.274166026E-02-3.880866456E-02-3.483095931E-02
-3.080819837E-02-2.673980719E-02-2.262497563E-02-1.846265117E-02-1.425153509E-02
-9.990080607E-03-5.676492712E-03-1.308731905E-03 3.115480367E-03 7.598653535E-03
 1.214351765E-02 1.675301185E-02 2.143027124E-02 2.617861398E-02 3.100152880E-02
 3.590266237E-02 4.088580962E-02 4.595490417E-02 5.111401193E-02 5.636732569E-02
 6.171916194E-02 6.717395825E-02 7.273627222E-02 7.841077951E-02 8.420227127E-02
 9.011564918E-02 9.615591620E-02 1.023281628E-01 1.086375417E-01 1.150892352E-01
 1.216884058E-01 1.284401182E-01 1.353492438E-01 1.424203133E-01 1.496573278E-01
 1.570634797E-01 1.646407912E-01 1.723896075E-01 1.803079006E-01 1.883903370E-01
 1.966270037E-01 2.050017201E-01 2.134898560E-01 2.220556622E-01 2.306493597E-01
 2.392046534E-01 2.476378856E-01 2.558502538E-01 2.637336034E-01 2.711784425E-01
 2.780815797E-01 2.843514261E-01 2.899106693E-01 2.946971572E-01 2.986640392E-01
 3.017799578E-01 3.040297517E-01 3.054158435E-01 3.059601768E-01 3.057060539E-01
 3.047186482E-01 3.030825969E-01 3.008958894E-01 2.982611820E-01 2.952772909E-01
 2.920332238E-01 2.886053890E-01 2.850572316E-01 2.814402335E-01-1.626234308E-01
-1.683569081E-01-1.717490769E-01-1.727183388E-01-1.714524159E-01-1.701559556E-01
-1.690663837E-01-1.681036643E-01-1.672062749E-01-1.663258719E-01-1.654262736E-01
-1.644816769E-01-1.634746872E-01-1.623944141E-01-1.612347762E-01-1.599931006E-01
-1.586690013E-01-1.572635277E-01-1.557785144E-01-1.542161200E-01-1.525784827E-01
-1.508675028E-01-1.490846989E-01-1.472311355E-01-1.453074076E-01-1.433136640E-01
-1.412496640E-01-1.391148562E-01-1.369084642E-01-1.346295923E-01-1.322773121E-01
-1.298507639E-01-1.273492320E-01-1.247722193E-01-1.221195025E-01-1.193911714E-01
-1.165876594E-01-1.137097439E-01-1.107585459E-01-1.077355083E-01-1.046423602E-01
-1.014810756E-01-9.825382456E-02-9.496291924E-02-9.161076025E-02-8.819978258E-02
-8.473240787E-02-8.121100117E-02-7.763783431E-02-7.401505612E-02-7.034466908E-02
-6.662851225E-02-6.286824798E-02-5.906535237E-02-5.522110770E-02-5.133659589E-02
-4.741269071E-02-4.345005018E-02-3.944910709E-02-3.541005900E-02-3.133285689E-02
-2.721719497E-02-2.306250002E-02-1.886792428E-02-1.463233981E-02-1.035433638E-02
-6.032224416E-03-1.664040944E-03 2.752439423E-03 7.219689549E-03 1.174041135E-02
 1.631751422E-02 2.095409226E-02 2.565339956E-02 3.041882634E-02 3.525387642E-02
 4.016214512E-02 4.514730115E-02 5.021306914E-02 5.536321559E-02 6.060153551E-02
 6.593184018E-02 7.135794552E-02 7.688365767E-02 8.251275754E-02 8.824897942E-02
 9.409598429E-02 1.000573237E-01 1.061363928E-01 1.123363676E-01 1.186601206E-01
 1.251101179E-01 1.316882742E-01 1.383957744E-01 1.452328388E-01 1.521984250E-01
 1.592898406E-01 1.665022567E-01 1.738280971E-01 1.812562749E-01 1.887712766E-01
 1.963520803E-01 2.039709783E-01 2.115923947E-01 2.191719363E-01 2.266559848E-01
 2.339822082E-01 2.410812523E-01 2.478795754E-01 2.543030081E-01 2.602803907E-01
 2.657467104E-01 2.706454581E-01 2.749302466E-01 2.785659089E-01 2.815293156E-01
 2.838100860E-01 2.854112295E-01 2.863495981E-01 2.866558693E-01 2.863736965E-01
 2.855577308E-01 2.842704938E-01 2.825785263E-01 2.805484969E-01 2.782439521E-01
 2.757230800E-01 2.730375067E-01 2.702319289E-01-1.592307397E-01-1.648883783E-01
-1.684693507E-01-1.699045406E-01-1.692846162E-01-1.687561898E-01-1.684327931E-01
-1.681811973E-01-1.679176548E-01-1.675863780E-01-1.671519255E-01-1.665942393E-01
-1.659043631E-01-1.650808075E-01-1.641267544E-01-1.630480566E-01-1.618518679E-01
-1.605457182E-01-1.591368994E-01-1.576320584E-01-1.560369429E-01-1.543562693E-01
-1.525936682E-01-1.507517072E-01-1.488319667E-01-1.468351593E-01-1.447612774E-01
-1.426097522E-01-1.403796302E-01-1.380697403E-01-1.356788513E-01-1.332058200E-01
-1.306497143E-01-1.280099219E-01-1.252862281E-01-1.224788757E-01-1.195885928E-01
-1.166166078E-01-1.135646276E-01-1.104348049E-01-1.072296851E-01-1.039521368E-01
-1.006052740E-01-9.719237710E-02-9.371681301E-02-9.018195617E-02-8.659112550E-02
-8.294752645E-02-7.925420785E-02-7.551402972E-02-7.172964251E-02-6.790347511E-02
-6.403772972E-02-6.013438098E-02-5.619517627E-02-5.222163625E-02-4.821505211E-02
-4.417648004E-02-4.010673142E-02-3.600635975E-02-3.187564568E-02-2.771458030E-02
-2.352284998E-02-1.929982320E-02-1.504454254E-02-1.075572027E-02-6.431742136E-03
-2.070676824E-03 2.329707118E-03 6.771917718E-03 1.125870998E-02 1.579305145E-02
 2.037808470E-02 2.501708843E-02 2.971343881E-02 3.447057264E-02 3.929195421E-02
 4.418104594E-02 4.914128214E-02 5.417604690E-02 5.928865431E-02 6.448233024E-02
 6.976019305E-02 7.512523341E-02 8.058029016E-02 8.612802044E-02 9.177086310E-02
 9.751099054E-02 1.033502509E-01 1.092900885E-01 1.153314549E-01 1.214746858E-01
 1.277193536E-01 1.340640870E-01 1.405063474E-01 1.470421551E-01 1.536657616E-01
 1.603692598E-01 1.671421277E-01 1.739707096E-01 1.808376509E-01 1.877213077E-01
 1.945952006E-01 2.014275833E-01 2.081812463E-01 2.148136835E-01 2.212777250E-01
 2.275226917E-01 2.334960105E-01 2.391451444E-01 2.444196171E-01 2.492729253E-01
 2.536641942E-01 2.575595189E-01 2.609330052E-01 2.637675469E-01 2.660553762E-01
 2.677983663E-01 2.690080568E-01 2.697052907E-01 2.699193966E-01 2.696868635E-01
 2.690495727E-01 2.680527542E-01 2.667428975E-01 2.651658746E-01 2.633654296E-01
 2.613821192E-01 2.592526808E-01-1.533907347E-01-1.584481682E-01-1.622024481E-01
-1.645859339E-01-1.657990083E-01-1.667262445E-01-1.675869883E-01-1.683256154E-01
-1.688825820E-01-1.692151141E-01-1.693053094E-01-1.691552018E-01-1.687779169E-01
-1.681914138E-01-1.674150637E-01-1.664679012E-01-1.653677143E-01-1.641305609E-01
-1.627705007E-01-1.612994621E-01-1.597272042E-01-1.580613495E-01-1.563074930E-01
-1.544693657E-01-1.525490565E-01-1.505472695E-01-1.484636043E-01-1.462968423E-01
-1.440452303E-01-1.417067440E-01-1.392793312E-01-1.367611225E-01-1.341506063E-01
-1.314467779E-01-1.286492445E-01-1.257583002E-01-1.227749642E-01-1.197009823E-01
-1.165387963E-01-1.132914768E-01-1.099626409E-01-1.065563348E-01-1.030769165E-01
-9.952892534E-02-9.591696308E-02-9.224558011E-02-8.851918499E-02-8.474197111E-02
-8.091786684E-02-7.705050580E-02-7.314321562E-02-6.919902053E-02-6.522065348E-02
-6.121057345E-02-5.717098224E-02-5.310383805E-02-4.901086175E-02-4.489353427E-02
-4.075308519E-02-3.659047273E-02-3.240635838E-02-2.820107890E-02-2.397461879E-02
-1.972658737E-02-1.545620155E-02-1.116227818E-02-6.843235863E-03-2.497107299E-03
 1.878436245E-03 6.286050077E-03 1.072867087E-02 1.520946351E-02 1.973176226E-02
 2.429901051E-02 2.891470154E-02 3.358232420E-02 3.830531509E-02 4.308701847E-02
 4.793065347E-02 5.283928734E-02 5.781581368E-02 6.286293266E-02 6.798313186E-02
 7.317866464E-02 7.845152499E-02 8.380341627E-02 8.923571157E-02 9.474940491E-02
 1.003450496E-01 1.060226822E-01 1.117817298E-01 1.176208992E-01 1.235380388E-01
 1.295299812E-01 1.355923561E-01 1.417193666E-01 1.479035477E-01 1.541354807E-01
 1.604034915E-01 1.666933378E-01 1.729878909E-01 1.792668543E-01 1.855065540E-01
 1.916798387E-01 1.977561574E-01 2.037018440E-01 2.094806669E-01 2.150546199E-01
 2.203849430E-01 2.254332964E-01 2.301629976E-01 2.345402396E-01 2.385352006E-01
 2.421230027E-01 2.452844981E-01 2.480068534E-01 2.502839362E-01 2.521164843E-01
 2.535120431E-01 2.544846357E-01 2.550541747E-01 2.552456039E-01 2.550878320E-01
 2.546125375E-01 2.538529300E-01 2.528425941E-01 2.516144841E-01 2.502001209E-01
 2.486290118E-01-1.475488138E-01-1.520702679E-01-1.560604929E-01-1.594798694E-01
-1.623998492E-01-1.649495865E-01-1.672150379E-01-1.691744521E-01-1.707055026E-01
-1.717400558E-01-1.723216904E-01-1.725132744E-01-1.723706705E-01-1.719415351E-01
-1.712665475E-01-1.703805449E-01-1.693133258E-01-1.680901828E-01-1.667322512E-01
-1.652567523E-01-1.636772014E-01-1.620036418E-01-1.602429276E-01-1.583990779E-01
-1.564736884E-01-1.544663860E-01-1.523753002E-01-1.501975220E-01-1.479295319E-01
-1.455675923E-01-1.431080832E-01-1.405477831E-01-1.378841089E-01-1.351152986E-01
-1.322405446E-01-1.292600858E-01-1.261752491E-01-1.229884386E-01-1.197030761E-01
-1.163234989E-01-1.128548048E-01-1.093026754E-01-1.056731745E-01-1.019725430E-01
-9.820700981E-02-9.438262924E-02-9.050514375E-02-8.657989932E-02-8.261179125E-02
-7.860524870E-02-7.456424773E-02-7.049234576E-02-6.639272901E-02-6.226826429E-02
-5.812154710E-02-5.395493990E-02-4.977059316E-02-4.557044737E-02-4.135621527E-02
-3.712934550E-02-3.289097557E-02-2.864187878E-02-2.438241383E-02-2.011248139E-02
-1.583149337E-02-1.153835510E-02-7.231463130E-03-2.908719932E-03 1.432434230E-03
 5.794971170E-03 1.018220698E-02 1.459771960E-02 1.904525633E-02 2.352863850E-02
 2.805167090E-02 3.261806210E-02 3.723135925E-02 4.189489839E-02 4.661176962E-02
 5.138479322E-02 5.621650272E-02 6.110913252E-02 6.606460552E-02 7.108451803E-02
 7.617012023E-02 8.132229005E-02 8.654149868E-02 9.182776584E-02 9.718060547E-02
 1.025989566E-01 1.080811030E-01 1.136245785E-01 1.192260514E-01 1.248811988E-01
 1.305845613E-01 1.363293827E-01 1.421074329E-01 1.479088291E-01 1.537218460E-01
 1.595327421E-01 1.653256065E-01 1.710822440E-01 1.767821317E-01 1.824024603E-01
 1.879182871E-01 1.933028273E-01 1.985278789E-01 2.035643891E-01 2.083831357E-01
 2.129554896E-01 2.172542180E-01 2.212542795E-01 2.249335699E-01 2.282735798E-01
 2.312599447E-01 2.338828534E-01 2.361373174E-01 2.380232750E-01 2.395455355E-01
 2.407135427E-01 2.415409773E-01 2.420452086E-01 2.422466270E-01 2.421678958E-01
 2.418331781E-01 2.412673914E-01 2.404955190E-01 2.395420326E-01 2.384304242E-01
-1.434320699E-01-1.479707423E-01-1.523041472E-01-1.564239414E-01-1.603562638E-01
-1.641495887E-01-1.678570848E-01-1.715383927E-01-1.744490060E-01-1.759032411E-01
-1.767238615E-01-1.770433550E-01-1.769542574E-01-1.765279566E-01-1.758220254E-01
-1.748840553E-01-1.737538175E-01-1.724644770E-01-1.710432618E-01-1.695118148E-01
-1.678864598E-01-1.661785002E-01-1.643946479E-01-1.625375962E-01-1.606067069E-01
-1.585987603E-01-1.565087064E-01-1.543303730E-01-1.520570833E-01-1.496821912E-01
-1.471995111E-01-1.446036728E-01-1.418903986E-01-1.390567195E-01-1.361011338E-01
-1.330237186E-01-1.298261752E-01-1.265118101E-01-1.230854452E-01-1.195532431E-01
-1.159224667E-01-1.122011699E-01-1.083978693E-01-1.045211981E-01-1.005796012E-01
-9.658108492E-02-9.253303211E-02-8.844209737E-02-8.431417078E-02-8.015440046E-02
-7.596725964E-02-7.175664462E-02-6.752598699E-02-6.327836910E-02-5.901662970E-02
-5.474344595E-02-5.046138318E-02-4.617290260E-02-4.188032602E-02-3.758576233E-02
-3.329101112E-02-2.899745806E-02-2.470598041E-02-2.041687140E-02-1.612978722E-02
-1.184371686E-02-7.556972648E-03-3.267202474E-03 1.028573116E-03 5.333894411E-03
 9.652762885E-03 1.398951028E-02 1.834864568E-02 2.273469693E-02 2.715206466E-02
 3.160490316E-02 3.609703572E-02 4.063190300E-02 4.521253726E-02 4.984155648E-02
 5.452116643E-02 5.925316718E-02 6.403895795E-02 6.887953620E-02 7.377549014E-02
 7.872698369E-02 8.373373030E-02 8.879495917E-02 9.390937023E-02 9.907507840E-02
 1.042895489E-01 1.095495179E-01 1.148509120E-01 1.201887447E-01 1.255570161E-01
 1.309486017E-01 1.363551367E-01 1.417669077E-01 1.471727464E-01 1.525599413E-01
 1.579141810E-01 1.632195276E-01 1.684584504E-01 1.736119139E-01 1.786595477E-01
 1.835798948E-01 1.883507407E-01 1.929495227E-01 1.973538040E-01 2.015417870E-01
 2.054928568E-01 2.091881122E-01 2.126108707E-01 2.157471150E-01 2.185858713E-01
 2.211194918E-01 2.233438411E-01 2.252583660E-01 2.268660598E-01 2.281733024E-01
 2.291896053E-01 2.299272517E-01 2.304008673E-01 2.306269421E-01 2.306233203E-01
 2.304087057E-01 2.300021871E-01 2.294228193E-01 2.286892656E-01-1.401845057E-01
-1.448929297E-01-1.495851961E-01-1.542782885E-01-1.590088292E-01-1.638329656E-01
-1.688263303E-01-1.740868205E-01-1.789828149E-01-1.817274282E-01-1.829004963E-01
-1.829976054E-01-1.827005246E-01-1.820640173E-01-1.811501697E-01-1.800119929E-01
-1.786949912E-01-1.772378722E-01-1.756726403E-01-1.740243609E-01-1.723109439E-01
-1.705432336E-01-1.687255296E-01-1.668565168E-01-1.649304552E-01-1.629384592E-01
-1.608697126E-01-1.587125299E-01-1.564552041E-01-1.540866708E-01-1.515969898E-01
-1.489777117E-01-1.462221585E-01-1.433256378E-01-1.402856293E-01-1.371019214E-01
-1.337766985E-01-1.303145469E-01-1.267223416E-01-1.230089983E-01-1.191850761E-01
-1.152622565E-01-1.112527463E-01-1.071686877E-01-1.030216385E-01-9.882217602E-02
-9.457966116E-02-9.030213664E-02-8.599635645E-02-8.166790078E-02-7.732135305E-02
-7.296051061E-02-6.858860949E-02-6.420854821E-02-5.982309231E-02-5.543504292E-02
-5.104734440E-02-4.666310812E-02-4.228553724E-02-3.791776209E-02-3.356262345E-02
-2.922245525E-02-2.489890929E-02-2.059283848E-02-1.630422985E-02-1.203217132E-02
-7.774834739E-03-3.529473563E-03 7.075559184E-04 4.940728931E-03 9.175217685E-03
 1.341667706E-02 1.767096644E-02 2.194385416E-02 2.624075893E-02 3.056656878E-02
 3.492554490E-02 3.932129624E-02 4.375679858E-02 4.823443594E-02 5.275604679E-02
 5.732296602E-02 6.193605747E-02 6.659573437E-02 7.130196820E-02 7.605428575E-02
 8.085175510E-02 8.569296198E-02 9.057597525E-02 9.549830578E-02 1.004568550E-01
 1.054478570E-01 1.104668180E-01 1.155084423E-01 1.205665644E-01 1.256340791E-01
 1.307028646E-01 1.357637285E-01 1.408063508E-01 1.458192520E-01 1.507897851E-01
 1.557041565E-01 1.605474812E-01 1.653038959E-01 1.699567034E-01 1.744885820E-01
 1.788818354E-01 1.831186959E-01 1.871816571E-01 1.910538370E-01 1.947193452E-01
 1.981636557E-01 2.013739417E-01 2.043393939E-01 2.070514698E-01 2.095040961E-01
 2.116937959E-01 2.136197394E-01 2.152837266E-01 2.166900773E-01 2.178454734E-01
 2.187587146E-01 2.194404430E-01 2.199028246E-01 2.201592047E-01 2.202237736E-01
 2.201112314E-01 2.198364869E-01 2.194143823E-01-1.372744804E-01-1.421556026E-01
-1.471443396E-01-1.522763004E-01-1.576037212E-01-1.631970298E-01-1.691450510E-01
-1.755531542E-01-1.816572336E-01-1.860191789E-01-1.888549923E-01-1.900079194E-01
-1.896217167E-01-1.885328247E-01-1.872145165E-01-1.857075499E-01-1.840604736E-01
-1.823172929E-01-1.805157580E-01-1.786851674E-01-1.768445449E-01-1.750020356E-01
-1.731557439E-01-1.712956546E-01-1.694060355E-01-1.674678078E-01-1.654605615E-01
-1.633640802E-01-1.611593844E-01-1.588293641E-01-1.563591607E-01-1.537363788E-01
-1.509512524E-01-1.479968107E-01-1.448690769E-01-1.415672958E-01-1.380941617E-01
-1.344559656E-01-1.306625797E-01-1.267271655E-01-1.226655438E-01-1.184952434E-01
-1.142343696E-01-1.099004579E-01-1.055095574E-01-1.010756159E-01-9.661021883E-02
-9.212261137E-02-8.761990785E-02-8.310742098E-02-7.858903863E-02-7.406761694E-02
-6.954537003E-02-6.502425182E-02-6.050632468E-02-5.599409816E-02-5.149079271E-02
-4.700044969E-02-4.252779197E-02-3.807781290E-02-3.365521342E-02-2.926389714E-02
-2.490666607E-02-2.058511439E-02-1.629963348E-02-1.204943718E-02-7.832555745E-03
-3.645781262E-03 5.154119514E-04 4.656907948E-03 8.785843980E-03 1.291025798E-02
 1.703849191E-02 2.117851566E-02 2.533740089E-02 2.952106234E-02 3.373423274E-02
 3.798056960E-02 4.226280713E-02 4.658290283E-02 5.094215922E-02 5.534131699E-02
 5.978061919E-02 6.425985421E-02 6.877837738E-02 7.333511849E-02 7.792857602E-02
 8.255680076E-02 8.721737069E-02 9.190735895E-02 9.662329625E-02 1.013611272E-01
 1.061161676E-01 1.108830522E-01 1.156556931E-01 1.204272333E-01 1.251900048E-01
 1.299355028E-01 1.346543628E-01 1.393363595E-01 1.439704216E-01 1.485446740E-01
 1.530465035E-01 1.574626609E-01 1.617793890E-01 1.659825904E-01 1.700580157E-01
 1.739914928E-01 1.777691641E-01 1.813777474E-01 1.848047902E-01 1.880389347E-01
 1.910701463E-01 1.938899367E-01 1.964915381E-01 1.988700414E-01 2.010224911E-01
 2.029479202E-01 2.046473411E-01 2.061236795E-01 2.073816644E-01 2.084276739E-01
 2.092695455E-01 2.099163603E-01 2.103782120E-01 2.106659699E-01 2.107910439E-01
 2.107651622E-01 2.106001640E-01-1.343445171E-01-1.393271943E-01-1.444916934E-01
-1.498838930E-01-1.555665594E-01-1.616232825E-01-1.681622100E-01-1.753152129E-01
-1.823981121E-01-1.878388045E-01-1.919299906E-01-1.945423211E-01-1.957140720E-01
-1.956015336E-01-1.938777492E-01-1.918207482E-01-1.896810758E-01-1.875125779E-01
-1.853675643E-01-1.832868662E-01-1.812925298E-01-1.793858491E-01-1.775506114E-01
-1.757586064E-01-1.739751303E-01-1.721635433E-01-1.702884841E-01-1.683177431E-01
-1.662230635E-01-1.639802531E-01-1.615689862E-01-1.589725385E-01-1.561776202E-01
-1.531743860E-01-1.499566572E-01-1.465223650E-01-1.428741661E-01-1.390200991E-01
-1.349740758E-01-1.307558427E-01-1.263900871E-01-1.219045552E-01-1.173275292E-01
-1.126853444E-01-1.080006068E-01-1.032913831E-01-9.857119237E-02-9.384951897E-02
-8.913253053E-02-8.442383029E-02-7.972515798E-02-7.503701332E-02-7.035921872E-02
-6.569145932E-02-6.103384893E-02-5.638757237E-02-5.175561063E-02-4.714338242E-02
-4.255878204E-02-3.801101675E-02-3.350863586E-02-2.905811744E-02-2.466359936E-02
-2.032723711E-02-1.604963203E-02-1.183009661E-02-7.666707239E-03-3.556130498E-03
 5.067774226E-04 4.529540394E-03 8.522507497E-03 1.249849433E-02 1.647110060E-02
 2.045250630E-02 2.445222523E-02 2.847708373E-02 3.253175204E-02 3.661931119E-02
 4.074168861E-02 4.489996205E-02 4.909455926E-02 5.332538846E-02 5.759191861E-02
 6.189322681E-02 6.622802196E-02 7.059465090E-02 7.499109255E-02 7.941494367E-02
 8.386339635E-02 8.833321194E-02 9.282069077E-02 9.732163967E-02 1.018313405E-01
 1.063445142E-01 1.108552953E-01 1.153572032E-01 1.198431238E-01 1.243052952E-01
 1.287353122E-01 1.331241333E-01 1.374621098E-01 1.417390376E-01 1.459442138E-01
 1.500665341E-01 1.540945914E-01 1.580168162E-01 1.618216187E-01 1.654975562E-01
 1.690335155E-01 1.724188924E-01 1.756437818E-01 1.786991566E-01 1.815770401E-01
 1.842706530E-01 1.867745427E-01 1.890846812E-01 1.911985279E-01 1.931150644E-01
 1.948347849E-01 1.963596585E-01 1.976930517E-01 1.988396288E-01 1.998052214E-01
 2.005966787E-01 2.012217113E-01 2.016887177E-01 2.020066193E-01 2.021846966E-01
 2.022324330E-01-1.311730489E-01-1.361507309E-01-1.413392636E-01-1.467835313E-01
-1.525434492E-01-1.587002041E-01-1.653697114E-01-1.727423047E-01-1.802892142E-01
-1.865654677E-01-1.917512992E-01-1.956573917E-01-1.981633288E-01-1.994426297E-01
-1.993456115E-01-1.979339020E-01-1.953004925E-01-1.925120866E-01-1.898707584E-01
-1.874646423E-01-1.853231664E-01-1.834226587E-01-1.817096470E-01-1.801169231E-01
-1.785741541E-01-1.770157925E-01-1.753854897E-01-1.736370316E-01-1.717331864E-01
-1.696439197E-01-1.673447250E-01-1.648153937E-01-1.620392643E-01-1.590029599E-01
-1.556966285E-01-1.521147238E-01-1.482573832E-01-1.441323947E-01-1.397574873E-01
-1.351621095E-01-1.303870586E-01-1.254804048E-01-1.204903699E-01-1.154585705E-01
-1.104165894E-01-1.053859196E-01-1.003796643E-01-9.540462637E-02-9.046315215E-02
-8.555456721E-02-8.067623174E-02-7.582431753E-02-7.099440076E-02-6.618197451E-02
-6.138299637E-02-5.659466453E-02-5.181682754E-02-4.705489985E-02-4.232440856E-02
-3.764881917E-02-3.304616339E-02-2.852508387E-02-2.408893086E-02-1.973864043E-02
-1.547401818E-02-1.129425726E-02-7.198045391E-03-3.183330708E-03 7.533948642E-04
 4.618786616E-03 8.426344398E-03 1.220093771E-02 1.597245108E-02 1.976148872E-02
 2.357858871E-02 2.742888253E-02 3.131479288E-02 3.523727196E-02 3.919639696E-02
 4.319167813E-02 4.722222496E-02 5.128683494E-02 5.538403943E-02 5.951212192E-02
 6.366911906E-02 6.785281166E-02 7.206070765E-02 7.629002014E-02 8.053764364E-02
 8.480012703E-02 8.907364676E-02 9.335398043E-02 9.763648140E-02 1.019160552E-01
 1.061871427E-01 1.104437013E-01 1.146792001E-01 1.188866200E-01 1.230584581E-01
 1.271867503E-01 1.312631049E-01 1.352787416E-01 1.392245581E-01 1.430912004E-01
 1.468691502E-01 1.505488323E-01 1.541207255E-01 1.575754923E-01 1.609041058E-01
 1.640979897E-01 1.671491518E-01 1.700503146E-01 1.727950372E-01 1.753778244E-01
 1.777942151E-01 1.800408562E-01 1.821155467E-01 1.840172652E-01 1.857461655E-01
 1.873035513E-01 1.886918278E-01 1.899144291E-01 1.909757315E-01 1.918809506E-01
 1.926360243E-01 1.932474962E-01 1.937223912E-01 1.940680953E-01 1.942922369E-01
-1.276576676E-01-1.325209215E-01-1.375869130E-01-1.428885286E-01-1.484656246E-01
-1.543647992E-01-1.606354589E-01-1.673099575E-01-1.743487470E-01-1.814670694E-01
-1.877398607E-01-1.927791088E-01-1.966342193E-01-1.995011581E-01-2.005583638E-01
-2.005552130E-01-1.993487004E-01-1.966844866E-01-1.933175544E-01-1.905345943E-01
-1.883801659E-01-1.867041131E-01-1.853725352E-01-1.842437916E-01-1.831810115E-01
-1.820747241E-01-1.808474855E-01-1.794456782E-01-1.778307650E-01-1.759732945E-01
-1.738491965E-01-1.714375737E-01-1.687194562E-01-1.656772718E-01-1.622949548E-01
-1.585588120E-01-1.544594944E-01-1.499957176E-01-1.451807659E-01-1.400524724E-01
-1.346828547E-01-1.291719756E-01-1.236168358E-01-1.180851609E-01-1.126143703E-01
-1.072211320E-01-1.019097526E-01-9.667752978E-02-9.151789253E-02-8.642220960E-02
-8.138080855E-02-7.638353669E-02-7.142005014E-02-6.647993413E-02-6.155270713E-02
-5.662769849E-02-5.169363608E-02-4.673690516E-02-4.172998361E-02-3.689688583E-02
-3.216545664E-02-2.755227506E-02-2.310179687E-02-1.873341264E-02-1.447071068E-02
-1.036497920E-02-6.336632488E-03-2.413116133E-03 1.347777608E-03 5.023705930E-03
 8.578541810E-03 1.199033959E-02 1.549724558E-02 1.906353746E-02 2.268306153E-02
 2.635181822E-02 3.006652488E-02 3.382425069E-02 3.762227788E-02 4.145802709E-02
 4.532900298E-02 4.923274784E-02 5.316679701E-02 5.712863765E-02 6.111566833E-02
 6.512516113E-02 6.915422577E-02 7.319977514E-02 7.725849389E-02 8.132680848E-02
 8.540086004E-02 8.947647986E-02 9.354916818E-02 9.761407642E-02 1.016659952E-01
 1.056993445E-01 1.097081718E-01 1.136861620E-01 1.176266410E-01 1.215226059E-01
 1.253667523E-01 1.291515155E-01 1.328691217E-01 1.365116504E-01 1.400711085E-01
 1.435395058E-01 1.469089506E-01 1.501717389E-01 1.533204589E-01 1.563480873E-01
 1.592480925E-01 1.620145295E-01 1.646421267E-01 1.671263638E-01 1.694635446E-01
 1.716508382E-01 1.736863260E-01 1.755690109E-01 1.772988232E-01 1.788766033E-01
 1.803040651E-01 1.815837518E-01 1.827189712E-01 1.837137231E-01 1.845726168E-01
 1.853007885E-01 1.859038059E-01 1.863875799E-01 1.867582760E-01-1.237919808E-01
-1.284539720E-01-1.332893694E-01-1.383165412E-01-1.435542745E-01-1.490191358E-01
-1.547207081E-01-1.606548765E-01-1.667987834E-01-1.731136506E-01-1.795528201E-01
-1.858746389E-01-1.909678719E-01-1.948988345E-01-1.974827794E-01-1.987437643E-01
-1.985885900E-01-1.968801856E-01-1.938854416E-01-1.913665724E-01-1.896712442E-01
-1.886828501E-01-1.882705269E-01-1.881439190E-01-1.879472684E-01-1.875485495E-01
-1.868964514E-01-1.859628971E-01-1.847283065E-01-1.831760444E-01-1.812897909E-01
-1.790521149E-01-1.764436065E-01-1.734423007E-01-1.700233226E-01-1.661588051E-01
-1.618183461E-01-1.569707177E-01-1.515888342E-01-1.456654810E-01-1.392803931E-01
-1.327786275E-01-1.264295673E-01-1.202852697E-01-1.143422726E-01-1.085824601E-01
-1.029837869E-01-9.752394978E-02-9.218170365E-02-8.693721939E-02-8.177203104E-02
-7.666877827E-02-7.161084326E-02-6.658190252E-02-6.156535680E-02-5.654353899E-02
-5.149649303E-02-4.640014202E-02-4.124358510E-02-3.627097719E-02-3.145910751E-02
-2.680902199E-02-2.232984122E-02-1.797374844E-02-1.375513544E-02-9.694363908E-03
-5.751323400E-03-1.949158933E-03 1.681404414E-03 5.170140437E-03 8.478455477E-03
 1.163947341E-02 1.491102315E-02 1.827234741E-02 2.170802103E-02 2.520705448E-02
 2.876123799E-02 3.236412162E-02 3.601042131E-02 3.969565074E-02 4.341587581E-02
 4.716753930E-02 5.094732976E-02 5.475207922E-02 5.857868152E-02 6.242402588E-02
 6.628494125E-02 7.015814990E-02 7.404022779E-02 7.792757091E-02 8.181636681E-02
 8.570257096E-02 8.958188748E-02 9.344975489E-02 9.730133622E-02 1.011315157E-01
 1.049348985E-01 1.087058194E-01 1.124383559E-01 1.161263512E-01 1.197634409E-01
 1.233430874E-01 1.268586282E-01 1.303033207E-01 1.336704057E-01 1.369531677E-01
 1.401450062E-01 1.432395062E-01 1.462305172E-01 1.491122247E-01 1.518792274E-01
 1.545266097E-01 1.570500011E-01 1.594456406E-01 1.617104217E-01 1.638419346E-01
 1.658384895E-01 1.676991321E-01 1.694236485E-01 1.710125494E-01 1.724670524E-01
 1.737890434E-01 1.749810378E-01 1.760461216E-01 1.769879001E-01 1.778104277E-01
 1.785181451E-01 1.791158086E-01 1.796084239E-01-1.196302026E-01-1.240363350E-01
-1.285804193E-01-1.332700804E-01-1.381111596E-01-1.431060455E-01-1.482516608E-01
-1.535376315E-01-1.589454653E-01-1.644494248E-01-1.700188101E-01-1.756205635E-01
-1.812252133E-01-1.865539224E-01-1.902952798E-01-1.927502890E-01-1.937546007E-01
-1.930595853E-01-1.909313268E-01-1.892341292E-01-1.884111520E-01-1.884771522E-01
-1.895196579E-01-1.910760766E-01-1.920139114E-01-1.924564818E-01-1.924616491E-01
-1.920583200E-01-1.912591616E-01-1.900650783E-01-1.884670817E-01-1.864485425E-01
-1.839891804E-01-1.810667412E-01-1.776531625E-01-1.737096458E-01-1.691831667E-01
-1.640023206E-01-1.580693930E-01-1.512417433E-01-1.432827630E-01-1.354441576E-01
-1.282608504E-01-1.215571433E-01-1.152248197E-01-1.091878343E-01-1.033888240E-01
-9.778269639E-02-9.233289528E-02-8.700892603E-02-8.178459957E-02-7.663670213E-02
-7.154392554E-02-6.648594866E-02-6.144259580E-02-5.639304987E-02-5.131517302E-02
-4.618513844E-02-4.100345327E-02-3.600188127E-02-3.118401746E-02-2.654577959E-02
-2.208440007E-02-1.776973777E-02-1.360860082E-02-9.609237523E-03-5.751244601E-03
-2.051867142E-03 1.469463892E-03 4.822297320E-03 7.977402774E-03 1.098882007E-02
 1.410297738E-02 1.731207985E-02 2.060167803E-02 2.395964788E-02 2.737607172E-02
 3.084286936E-02 3.435339465E-02 3.790208141E-02 4.148415871E-02 4.509542639E-02
 4.873208315E-02 5.239059189E-02 5.606757518E-02 5.975973268E-02 6.346377495E-02
 6.717637051E-02 7.089410257E-02 7.461343393E-02 7.833067905E-02 8.204198091E-02
 8.574329497E-02 8.943037631E-02 9.309877266E-02 9.674382314E-02 1.003606587E-01
 1.039442152E-01 1.074892431E-01 1.109903267E-01 1.144419127E-01 1.178383359E-01
 1.211738623E-01 1.244427250E-01 1.276391717E-01 1.307575187E-01 1.337922003E-01
 1.367378287E-01 1.395892513E-01 1.423416053E-01 1.449903783E-01 1.475314590E-01
 1.499611842E-01 1.522763893E-01 1.544744362E-01 1.565532495E-01 1.585113339E-01
 1.603477871E-01 1.620622998E-01 1.636551543E-01 1.651272006E-01 1.664798411E-01
 1.677149926E-01 1.688350526E-01 1.698428537E-01 1.707416182E-01 1.715349043E-01
 1.722265619E-01 1.728206713E-01-1.152519858E-01-1.193757625E-01-1.236039075E-01
-1.279373560E-01-1.323748942E-01-1.369122639E-01-1.415412419E-01-1.462489096E-01
-1.510172623E-01-1.558232567E-01-1.606391543E-01-1.654328751E-01-1.701680009E-01
-1.748032409E-01-1.793100317E-01-1.830791238E-01-1.853686301E-01-1.857824117E-01
-1.847289090E-01-1.839960913E-01-1.840686998E-01-1.850060529E-01-1.869243757E-01
-1.893079369E-01-1.909387445E-01-1.919358765E-01-1.923866054E-01-1.923475643E-01
-1.918514122E-01-1.909124595E-01-1.895304334E-01-1.876940508E-01-1.853855409E-01
-1.825824360E-01-1.792536745E-01-1.753540500E-01-1.708192499E-01-1.655596058E-01
-1.594508736E-01-1.523229111E-01-1.439537681E-01-1.357151188E-01-1.282351660E-01
-1.213357067E-01-1.148815267E-01-1.087733061E-01-1.029375670E-01-9.731862906E-02
-9.187300112E-02-8.656560044E-02-8.136714719E-02-7.625231225E-02-7.119831888E-02
-6.618381530E-02-6.118789817E-02-5.618923407E-02-5.116531812E-02-4.609205911E-02
-4.096930540E-02-3.603000107E-02-3.127624283E-02-2.670442326E-02-2.231243629E-02
-1.806896797E-02-1.398138571E-02-1.005868467E-02-6.279293460E-03-2.661048708E-03
 7.758169645E-04 4.042031340E-03 7.107737188E-03 1.002601879E-02 1.304448356E-02
 1.615470744E-02 1.934214594E-02 2.259459106E-02 2.590204929E-02 2.925637102E-02
 3.265084694E-02 3.607985632E-02 3.953858297E-02 4.302279415E-02 4.652867017E-02
 5.005267288E-02 5.359144360E-02 5.714172347E-02 6.070029049E-02 6.426390929E-02
 6.782929171E-02 7.139306486E-02 7.495174599E-02 7.850172394E-02 8.203924439E-02
 8.556040109E-02 8.906113104E-02 9.253721455E-02 9.598427866E-02 9.939780689E-02
 1.027731500E-01 1.061055459E-01 1.093901425E-01 1.126220182E-01 1.157962186E-01
 1.189077871E-01 1.219518032E-01 1.249234227E-01 1.278179202E-01 1.306307358E-01
 1.333575127E-01 1.359941504E-01 1.385368395E-01 1.409821109E-01 1.433268621E-01
 1.455684018E-01 1.477044706E-01 1.497332641E-01 1.516534524E-01 1.534641855E-01
 1.551651006E-01 1.567563110E-01 1.582384036E-01 1.596124134E-01 1.608798073E-01
 1.620424528E-01 1.631025879E-01 1.640627860E-01 1.649259137E-01 1.656950994E-01
 1.663736856E-01
 1.177254180E+00 1.182595550E+00 1.187652790E+00 1.193910770E+00 1.200391930E+00
 1.207012380E+00 1.215233570E+00 1.221445210E+00 1.228388230E+00 1.235010880E+00
 1.242018700E+00 1.248490030E+00 1.255885910E+00 1.262564260E+00 1.269725960E+00
 1.276675630E+00 1.284114710E+00 1.291336710E+00 1.298542140E+00 1.305801340E+00
 1.313355930E+00 1.320887440E+00 1.328428850E+00 1.336082900E+00 1.343753440E+00
 1.351533110E+00 1.359594280E+00 1.367481510E+00 1.375539350E+00 1.383572640E+00
 1.391841760E+00 1.400247890E+00 1.408687270E+00 1.417110070E+00 1.425749190E+00
 1.434421440E+00 1.443250630E+00 1.452233230E+00 1.461293240E+00 1.470419510E+00
 1.479681420E+00 1.489018450E+00 1.498571480E+00 1.508277490E+00 1.518040920E+00
 1.527933210E+00 1.537953760E+00 1.548148510E+00 1.558476900E+00 1.568986230E+00
 1.579639090E+00 1.590436330E+00 1.601397020E+00 1.612502840E+00 1.623782980E+00
 1.635278410E+00 1.646961510E+00 1.658831340E+00 1.670883790E+00 1.683096260E+00
 1.695540450E+00 1.708197570E+00 1.721112220E+00 1.734244720E+00 1.747591520E+00
 1.761172630E+00 1.775003600E+00 1.789107450E+00 1.803463320E+00 1.818122000E+00
 1.833074510E+00 1.848293430E+00 1.863828780E+00 1.879689860E+00 1.895875450E+00
 1.912393780E+00 1.929307270E+00 1.946572310E+00 1.964204940E+00 1.982267940E+00
 2.000750380E+00 2.019626200E+00 2.039007450E+00 2.058855610E+00 2.079182900E+00
 2.100041500E+00 2.121472170E+00 2.143416330E+00 2.165978090E+00 2.189195990E+00
 2.213051380E+00 2.237594900E+00 2.262939620E+00 2.288981680E+00 2.315854660E+00
 2.343616970E+00 2.372277200E+00 2.401917290E+00 2.432690990E+00 2.464466340E+00
 2.497451090E+00 2.531710740E+00 2.567269030E+00 2.604444510E+00 2.643190220E+00
 2.683551780E+00 2.725898030E+00 2.770208330E+00 2.816855700E+00 2.866189570E+00
 2.918094330E+00 2.973325730E+00 3.031849460E+00 3.094674290E+00 3.162175740E+00
 3.234568880E+00 3.313291600E+00 3.399092920E+00 3.494284150E+00 3.599338760E+00
 3.717901400E+00 3.853741470E+00 4.012111510E+00 4.201409910E+00 4.434688790E+00
 4.737803160E+00 5.163434160E+00 5.902335960E+00 1.026483380E+01
   85    6
 1.307953207E+00 0.000000000E+00 1.309385281E+00 7.791084291E-02 1.313619195E+00
 1.558216858E-01 1.317819794E+00 2.077622478E-01 1.326323285E+00 2.856730907E-01
 1.333134459E+00 3.376136526E-01 1.341689641E+00 3.947656750E-01 1.353858951E+00
 4.674650575E-01 1.363293507E+00 5.194056194E-01 1.373285770E+00 5.713461813E-01
 1.383724213E+00 6.232867433E-01 1.396876488E+00 6.874643551E-01 1.412044981E+00
 7.562088118E-01 1.452063335E+00 7.491074816E-01 1.493453470E+00 7.398638016E-01
 1.534843605E+00 7.285988452E-01 1.562437029E+00 7.206759856E-01 1.603827164E+00
 7.070475281E-01 1.631420588E+00 6.968415743E-01 1.672810723E+00 6.801696076E-01
 1.700404147E+00 6.679680809E-01 1.738906677E+00 6.492570243E-01 1.769387705E+00
 6.337146536E-01 1.796981129E+00 6.182503963E-01 1.831777815E+00 5.973164623E-01
 1.865964688E+00 5.754594978E-01 1.893558111E+00 5.564132313E-01 1.921151535E+00
 5.359916432E-01 1.948744958E+00 5.141081838E-01 1.976338382E+00 4.906626796E-01
 2.003931805E+00 4.654607616E-01 2.031525229E+00 4.382005554E-01 2.059118652E+00
 4.084321074E-01 2.086712076E+00 3.754592798E-01 2.114305499E+00 3.384523431E-01
 2.132103650E+00 3.116433716E-01 2.155695635E+00 2.712563551E-01 2.174588204E+00
 2.337325287E-01 2.195663897E+00 1.817919668E-01 2.210882482E+00 1.323670327E-01
 2.221970317E+00 7.791084291E-02 2.227325752E+00 2.597028097E-02 2.225268875E+00
-5.194056194E-02 2.217300237E+00-1.038811239E-01 2.204098535E+00-1.558216858E-01
 2.185638008E+00-2.077622478E-01 2.169492347E+00-2.438211020E-01 2.147520679E+00
-2.856730907E-01 2.128102211E+00-3.175895874E-01 2.100508788E+00-3.573229528E-01
 2.075346037E+00-3.895542146E-01 2.052909086E+00-4.155244955E-01 2.028584978E+00
-4.414947765E-01 2.002278340E+00-4.674650575E-01 1.973851000E+00-4.934353384E-01
 1.943133664E+00-5.194056194E-01 1.909927148E+00-5.453759004E-01 1.879761399E+00
-5.672156674E-01 1.852167976E+00-5.859806289E-01 1.824574552E+00-6.035222230E-01
 1.790916850E+00-6.232867433E-01 1.755590994E+00-6.429339111E-01 1.727997570E+00
-6.571108122E-01 1.688947180E+00-6.752273052E-01 1.659014011E+00-6.884253283E-01
 1.625633859E+00-7.011975862E-01 1.590030452E+00-7.143579534E-01 1.548640317E+00
-7.270179854E-01 1.521046894E+00-7.351251758E-01 1.479656758E+00-7.453145127E-01
 1.432557732E+00-7.553763615E-01 1.413052129E+00-7.601385548E-01 1.401878260E+00
-7.011975862E-01 1.390053077E+00-6.492570243E-01 1.379049157E+00-5.973164623E-01
 1.368645920E+00-5.453759004E-01 1.355486352E+00-4.756852736E-01 1.345179205E+00
-4.155244955E-01 1.337049676E+00-3.635839336E-01 1.327892929E+00-2.975749204E-01
 1.320453742E+00-2.337325287E-01 1.314096217E+00-1.616047802E-01 1.310526633E+00
-1.038811239E-01 1.308118191E+00-2.597028097E-02 1.307953207E+00 0.000000000E+00
 2.276239821E+00 8.125951015E-01 1.255718391E+00 8.125951015E-01 1.255718391E+00
-8.125951015E-01 2.276239821E+00-8.125951015E-01 2.276239821E+00 8.125951015E-01
 2.276239821E+00 8.125951015E-01
    0 1.792385008E+00    0
