  EFITD    07/09/2014    #     1     1ms           3 129 129
 0.170000000E+01 0.320000000E+01 0.170000000E+01 0.840000000E+00 0.000000000E+00
 0.175725371E+01-0.225534993E-03-0.229856450E+00-0.781511381E-01 0.200000000E+01
 0.627927236E+06-0.229856450E+00 0.000000000E+00 0.175725371E+01 0.000000000E+00
-0.225534993E-03 0.000000000E+00-0.781511381E-01 0.000000000E+00 0.000000000E+00
 0.338310694E+01 0.338394579E+01 0.338474758E+01 0.338551342E+01 0.338624434E+01
 0.338694140E+01 0.338760566E+01 0.338823820E+01 0.338884011E+01 0.338941246E+01
 0.338995635E+01 0.339047281E+01 0.339096300E+01 0.339142785E+01 0.339186764E+01
 0.339228331E+01 0.339267671E+01 0.339304936E+01 0.339340257E+01 0.339373751E+01
 0.339405523E+01 0.339435667E+01 0.339464268E+01 0.339491403E+01 0.339517142E+01
 0.339541551E+01 0.339564690E+01 0.339586614E+01 0.339607374E+01 0.339627018E+01
 0.339645593E+01 0.339663138E+01 0.339679696E+01 0.339695302E+01 0.339709992E+01
 0.339723801E+01 0.339736759E+01 0.339748896E+01 0.339760243E+01 0.339770825E+01
 0.339780671E+01 0.339789804E+01 0.339798249E+01 0.339806029E+01 0.339813167E+01
 0.339819684E+01 0.339825601E+01 0.339830937E+01 0.339835713E+01 0.339839948E+01
 0.339843658E+01 0.339846862E+01 0.339849577E+01 0.339851819E+01 0.339853605E+01
 0.339854950E+01 0.339855870E+01 0.339856379E+01 0.339856492E+01 0.339856224E+01
 0.339855588E+01 0.339854597E+01 0.339853266E+01 0.339851606E+01 0.339849631E+01
 0.339847353E+01 0.339844785E+01 0.339841938E+01 0.339838825E+01 0.339835457E+01
 0.339831845E+01 0.339828001E+01 0.339823936E+01 0.339819660E+01 0.339815186E+01
 0.339810522E+01 0.339805681E+01 0.339800672E+01 0.339795506E+01 0.339790194E+01
 0.339784745E+01 0.339779170E+01 0.339773479E+01 0.339767682E+01 0.339761790E+01
 0.339755814E+01 0.339749763E+01 0.339743649E+01 0.339737483E+01 0.339731276E+01
 0.339725039E+01 0.339718786E+01 0.339712530E+01 0.339706284E+01 0.339700064E+01
 0.339693887E+01 0.339687771E+01 0.339681737E+01 0.339675810E+01 0.339670016E+01
 0.339664388E+01 0.339658964E+01 0.339653788E+01 0.339648914E+01 0.339644406E+01
 0.339640338E+01 0.339636803E+01 0.339633907E+01 0.339631778E+01 0.339630562E+01
 0.339630429E+01 0.339631570E+01 0.339634200E+01 0.339638550E+01 0.339644874E+01
 0.339653444E+01 0.339664552E+01 0.339678508E+01 0.339695637E+01 0.339716249E+01
 0.339740581E+01 0.339768691E+01 0.339800303E+01 0.339834695E+01 0.339870655E+01
 0.339906435E+01 0.339940466E+01 0.339971894E+01 0.340000000E+01
 0.917824419E+05 0.900211706E+05 0.882976466E+05 0.866110055E+05 0.849603830E+05
 0.833449144E+05 0.817637356E+05 0.802159817E+05 0.787007891E+05 0.772172928E+05
 0.757646234E+05 0.743419420E+05 0.729483108E+05 0.715829850E+05 0.702458139E+05
 0.689360268E+05 0.676520538E+05 0.663925962E+05 0.651565587E+05 0.639429419E+05
 0.627508689E+05 0.615795532E+05 0.604282866E+05 0.592964260E+05 0.581833841E+05
 0.570886244E+05 0.560116553E+05 0.549520233E+05 0.539093072E+05 0.528831160E+05
 0.518730864E+05 0.508788789E+05 0.499001754E+05 0.489366783E+05 0.479881071E+05
 0.470541962E+05 0.461346959E+05 0.452293707E+05 0.443379970E+05 0.434603621E+05
 0.425962646E+05 0.417455125E+05 0.409079217E+05 0.400833169E+05 0.392715323E+05
 0.384724089E+05 0.376857933E+05 0.369115379E+05 0.361495019E+05 0.353995510E+05
 0.346615561E+05 0.339353923E+05 0.332209387E+05 0.325180794E+05 0.318267030E+05
 0.311467025E+05 0.304779741E+05 0.298204173E+05 0.291739351E+05 0.285384334E+05
 0.279138215E+05 0.273000121E+05 0.266969206E+05 0.261044649E+05 0.255225653E+05
 0.249511443E+05 0.243901267E+05 0.238394397E+05 0.232990127E+05 0.227687775E+05
 0.222486677E+05 0.217386187E+05 0.212385676E+05 0.207484528E+05 0.202682144E+05
 0.197977938E+05 0.193371340E+05 0.188861797E+05 0.184448766E+05 0.180131711E+05
 0.175910103E+05 0.171783421E+05 0.167751147E+05 0.163812762E+05 0.159967745E+05
 0.156215573E+05 0.152555719E+05 0.148987638E+05 0.145510754E+05 0.142124461E+05
 0.138828111E+05 0.135621001E+05 0.132502352E+05 0.129471301E+05 0.126526866E+05
 0.123667912E+05 0.120893105E+05 0.118200862E+05 0.115589287E+05 0.113056106E+05
 0.110598571E+05 0.108213315E+05 0.105896195E+05 0.103642128E+05 0.101444907E+05
 0.992969707E+04 0.971891181E+04 0.951102354E+04 0.930470609E+04 0.909839498E+04
 0.889026943E+04 0.867824692E+04 0.845998437E+04 0.823288408E+04 0.799409899E+04
 0.774052339E+04 0.746877898E+04 0.717520542E+04 0.685591367E+04 0.650706041E+04
 0.612552497E+04 0.571010464E+04 0.526332039E+04 0.479282046E+04 0.431204746E+04
 0.384088396E+04 0.339739668E+04 0.299152056E+04 0.263161230E+04
 0.244816496E+01 0.234133273E+01 0.223771915E+01 0.213703050E+01 0.203918910E+01
 0.194435088E+01 0.185253332E+01 0.176375586E+01 0.167801394E+01 0.159532930E+01
 0.151570433E+01 0.143892920E+01 0.136583306E+01 0.129433802E+01 0.122270566E+01
 0.115662225E+01 0.109547993E+01 0.103810845E+01 0.984351473E+00 0.933726917E+00
 0.885914043E+00 0.840637034E+00 0.797659106E+00 0.756786587E+00 0.717846084E+00
 0.680677993E+00 0.645145427E+00 0.611135031E+00 0.578547379E+00 0.547283631E+00
 0.517260067E+00 0.488404302E+00 0.460647741E+00 0.433925274E+00 0.408189159E+00
 0.383388463E+00 0.359471779E+00 0.336396256E+00 0.314128054E+00 0.292628021E+00
 0.271862627E+00 0.251805329E+00 0.232429372E+00 0.213703711E+00 0.195601372E+00
 0.178102704E+00 0.161191274E+00 0.144846370E+00 0.129045525E+00 0.113769619E+00
 0.990042690E-01 0.847375232E-01 0.709553064E-01 0.576418214E-01 0.447825573E-01
 0.323660672E-01 0.203830634E-01 0.882272596E-02-0.232480845E-02-0.130689831E-01
-0.234199281E-01-0.333874621E-01-0.429788879E-01-0.522010064E-01-0.610608932E-01
-0.695651351E-01-0.777196184E-01-0.855312964E-01-0.930070673E-01-0.100152525E+00
-0.106972217E+00-0.113470587E+00-0.119651874E+00-0.125519850E+00-0.131077800E+00
-0.136329042E+00-0.141278146E+00-0.145928659E+00-0.150281832E+00-0.154338016E+00
-0.158099019E+00-0.161565651E+00-0.164737034E+00-0.167611385E+00-0.170187015E+00
-0.172462720E+00-0.174434440E+00-0.176093901E+00-0.177430524E+00-0.178434339E+00
-0.179090752E+00-0.179380385E+00-0.179280260E+00-0.178762258E+00-0.177789122E+00
-0.176312313E+00-0.174270386E+00-0.171587448E+00-0.168171292E+00-0.163910128E+00
-0.158661133E+00-0.152240769E+00-0.144422193E+00-0.134937910E+00-0.123471386E+00
-0.109638900E+00-0.929807142E-01-0.729806186E-01-0.490684098E-01-0.206230924E-01
 0.129993267E-01 0.524240718E-01 0.982603067E-01 0.151069092E+00 0.211395268E+00
 0.279803805E+00 0.356857670E+00 0.443100199E+00 0.538739090E+00 0.642833604E+00
 0.752085139E+00 0.859554846E+00 0.953045694E+00 0.101911134E+01 0.104315156E+01
 0.100904721E+01 0.943037472E+00 0.859850380E+00 0.752664354E+00
-0.150216384E+07-0.146995013E+07-0.143846580E+07-0.140771081E+07-0.137768523E+07
-0.134838900E+07-0.131982194E+07-0.129198520E+07-0.126487525E+07-0.123849819E+07
-0.121285546E+07-0.118789391E+07-0.116383385E+07-0.114012902E+07-0.111632323E+07
-0.109391906E+07-0.107276254E+07-0.105254953E+07-0.103324166E+07-0.101471496E+07
-0.996887047E+06-0.979687189E+06-0.963054667E+06-0.946939843E+06-0.931298335E+06
-0.916089127E+06-0.901277026E+06-0.886833013E+06-0.872731701E+06-0.858947637E+06
-0.845459280E+06-0.832248108E+06-0.819296511E+06-0.806587633E+06-0.794109335E+06
-0.781848511E+06-0.769791830E+06-0.757928224E+06-0.746249042E+06-0.734744156E+06
-0.723404818E+06-0.712224177E+06-0.701195416E+06-0.690310320E+06-0.679561758E+06
-0.668944705E+06-0.658455003E+06-0.648087111E+06-0.637835044E+06-0.627693747E+06
-0.617659441E+06-0.607728972E+06-0.597898560E+06-0.588163974E+06-0.578521309E+06
-0.568967442E+06-0.559499813E+06-0.550115477E+06-0.540811742E+06-0.531585988E+06
-0.522435369E+06-0.513357094E+06-0.504349046E+06-0.495409294E+06-0.486535862E+06
-0.477726827E+06-0.468980308E+06-0.460294251E+06-0.451666652E+06-0.443095782E+06
-0.434580152E+06-0.426118361E+06-0.417709041E+06-0.409350909E+06-0.401042803E+06
-0.392783533E+06-0.384571602E+06-0.376405769E+06-0.368285359E+06-0.360209929E+06
-0.352178777E+06-0.344191399E+06-0.336247678E+06-0.328347797E+06-0.320491993E+06
-0.312680277E+06-0.304913504E+06-0.297193821E+06-0.289524063E+06-0.281906853E+06
-0.274346277E+06-0.266847909E+06-0.259418417E+06-0.252066076E+06-0.244802107E+06
-0.237641268E+06-0.230602376E+06-0.223708912E+06-0.216989704E+06-0.210479917E+06
-0.204224806E+06-0.198282894E+06-0.192726852E+06-0.187642978E+06-0.183134207E+06
-0.179326163E+06-0.176370195E+06-0.174437531E+06-0.173719480E+06-0.174426832E+06
-0.176781320E+06-0.181002859E+06-0.187311295E+06-0.195916387E+06-0.207029174E+06
-0.220875122E+06-0.237688710E+06-0.257711421E+06-0.281087705E+06-0.307595926E+06
-0.336238316E+06-0.364776055E+06-0.389164369E+06-0.404795850E+06-0.406499995E+06
-0.388579984E+06-0.359796865E+06-0.325111835E+06-0.282226922E+06
-0.116878418E+00-0.121023932E+00-0.125269682E+00-0.129616133E+00-0.134061578E+00
-0.138601241E+00-0.143226395E+00-0.147923661E+00-0.152674669E+00-0.157456139E+00
-0.162240222E+00-0.166994804E+00-0.171683418E+00-0.176264544E+00-0.180721597E+00
-0.184247185E+00-0.186344063E+00-0.186578960E+00-0.185462988E+00-0.184831361E+00
-0.184980893E+00-0.185971008E+00-0.187916888E+00-0.190404056E+00-0.192136423E+00
-0.193233602E+00-0.193783698E+00-0.193843596E+00-0.193445676E+00-0.192604272E+00
-0.191321221E+00-0.189590337E+00-0.187399171E+00-0.184727442E+00-0.181544022E+00
-0.177803759E+00-0.173443450E+00-0.168375701E+00-0.162479731E+00-0.155589985E+00
-0.147489445E+00-0.139420506E+00-0.132117781E+00-0.125403828E+00-0.119144085E+00
-0.113240112E+00-0.107619596E+00-0.102228319E+00-0.970245707E-01-0.919754098E-01
-0.870541412E-01-0.822385702E-01-0.775097531E-01-0.728510601E-01-0.682474314E-01
-0.636847465E-01-0.591492723E-01-0.546272337E-01-0.501114121E-01-0.456901139E-01
-0.413507218E-01-0.370923963E-01-0.329157567E-01-0.287993545E-01-0.247474902E-01
-0.207658187E-01-0.168367415E-01-0.129688704E-01-0.917263707E-02-0.543469001E-02
-0.176885985E-02 0.183999262E-02 0.548933668E-02 0.917279005E-02 0.128854376E-01
 0.166232896E-01 0.203831169E-01 0.241622463E-01 0.279583867E-01 0.317694933E-01
 0.355936657E-01 0.394290685E-01 0.432738718E-01 0.471262030E-01 0.509841096E-01
 0.548455283E-01 0.587082604E-01 0.625699510E-01 0.664280723E-01 0.702799098E-01
 0.741225514E-01 0.779528791E-01 0.817675641E-01 0.855630636E-01 0.893356216E-01
 0.930812725E-01 0.967958478E-01 0.100474987E+00 0.104114153E+00 0.107708647E+00
 0.111253638E+00 0.114744181E+00 0.118175255E+00 0.121541794E+00 0.124838728E+00
 0.128061022E+00 0.131203722E+00 0.134262003E+00 0.137231211E+00 0.140106919E+00
 0.142884967E+00 0.145561511E+00 0.148133065E+00 0.150596538E+00 0.152949273E+00
 0.155189068E+00 0.157314206E+00 0.159323465E+00 0.161216132E+00 0.162991996E+00
 0.164651350E+00 0.166194975E+00 0.167624121E+00 0.168940479E+00 0.170146156E+00
 0.171243637E+00 0.172235748E+00 0.173125618E+00 0.173916632E+00-0.121366978E+00
-0.125798154E+00-0.130362662E+00-0.135067547E+00-0.139917990E+00-0.144915616E+00
-0.150056507E+00-0.155329454E+00-0.160715323E+00-0.166188101E+00-0.171717211E+00
-0.177270029E+00-0.182829543E+00-0.187853790E+00-0.191551291E+00-0.193754411E+00
-0.194586419E+00-0.193757630E+00-0.191567171E+00-0.189992344E+00-0.189261636E+00
-0.189387972E+00-0.190454498E+00-0.192100144E+00-0.193125297E+00-0.193657236E+00
-0.193753918E+00-0.193443511E+00-0.192737727E+00-0.191637120E+00-0.190134707E+00
-0.188219037E+00-0.185875176E+00-0.183082925E+00-0.179814069E+00-0.176029969E+00
-0.171678980E+00-0.166692464E+00-0.160977208E+00-0.154397792E+00-0.146727578E+00
-0.139084394E+00-0.132098536E+00-0.125594200E+00-0.119465500E+00-0.113638716E+00
-0.108058623E+00-0.102682209E+00-0.974750720E-01-0.924090803E-01-0.874607369E-01
-0.826099868E-01-0.778393093E-01-0.731330010E-01-0.684765858E-01-0.638563236E-01
-0.592588252E-01-0.546708316E-01-0.500888036E-01-0.455938018E-01-0.411829506E-01
-0.368526106E-01-0.325989672E-01-0.284082956E-01-0.242815992E-01-0.202197467E-01
-0.162131945E-01-0.122673686E-01-0.838775083E-02-0.456915905E-02-0.821678184E-03
 0.287631220E-02 0.661508338E-02 0.103922454E-01 0.142032140E-01 0.180440371E-01
 0.219113971E-01 0.258025072E-01 0.297149785E-01 0.336466938E-01 0.375957007E-01
 0.415601261E-01 0.455381078E-01 0.495277394E-01 0.535270268E-01 0.575338518E-01
 0.615459419E-01 0.655608454E-01 0.695759099E-01 0.735882643E-01 0.775948036E-01
 0.815921770E-01 0.855767788E-01 0.895447421E-01 0.934919364E-01 0.974139687E-01
 0.101306188E+00 0.105163696E+00 0.108981361E+00 0.112753836E+00 0.116475586E+00
 0.120140917E+00 0.123744012E+00 0.127278974E+00 0.130739871E+00 0.134120789E+00
 0.137415887E+00 0.140619455E+00 0.143725977E+00 0.146730191E+00 0.149627150E+00
 0.152412282E+00 0.155081444E+00 0.157630977E+00 0.160057747E+00 0.162359183E+00
 0.164533306E+00 0.166578752E+00 0.168494776E+00 0.170281257E+00 0.171938689E+00
 0.173468160E+00 0.174871326E+00 0.176150376E+00 0.177307993E+00 0.178347304E+00
 0.179271830E+00 0.180085438E+00 0.180792280E+00-0.125655087E+00-0.130347015E+00
-0.135207391E+00-0.140253999E+00-0.145504917E+00-0.150975713E+00-0.156674475E+00
-0.162595121E+00-0.168713040E+00-0.174989009E+00-0.181380822E+00-0.187740446E+00
-0.192435507E+00-0.196162234E+00-0.198636542E+00-0.199650702E+00-0.199371074E+00
-0.197540448E+00-0.194533196E+00-0.192158130E+00-0.190572547E+00-0.189664260E+00
-0.189307510E+00-0.189235696E+00-0.189108602E+00-0.188787814E+00-0.188219519E+00
-0.187374962E+00-0.186234604E+00-0.184782196E+00-0.183002011E+00-0.180877366E+00
-0.178389735E+00-0.175518192E+00-0.172239075E+00-0.168525953E+00-0.164350146E+00
-0.159682510E+00-0.154498468E+00-0.148793425E+00-0.142644015E+00-0.136364065E+00
-0.130222956E+00-0.124282483E+00-0.118544259E+00-0.112993425E+00-0.107610446E+00
-0.102375212E+00-0.972685835E-01-0.922728994E-01-0.873720409E-01-0.825512872E-01
-0.777970826E-01-0.730967555E-01-0.684382031E-01-0.638095302E-01-0.591986322E-01
-0.545927756E-01-0.499882890E-01-0.454645244E-01-0.410185991E-01-0.366462971E-01
-0.323436233E-01-0.280977804E-01-0.239096431E-01-0.197798012E-01-0.156993104E-01
-0.116730602E-01-0.770595523E-02-0.379352335E-02 0.539129325E-04 0.385709490E-02
 0.770403291E-02 0.115916015E-01 0.155149456E-01 0.194703263E-01 0.234548230E-01
 0.274660650E-01 0.315020337E-01 0.355609213E-01 0.396410270E-01 0.437406787E-01
 0.478581711E-01 0.519917161E-01 0.561394016E-01 0.602991563E-01 0.644687194E-01
 0.686456138E-01 0.728271219E-01 0.770102649E-01 0.811917836E-01 0.853681223E-01
 0.895354156E-01 0.936894778E-01 0.978257962E-01 0.101939528E+00 0.106025504E+00
 0.110078231E+00 0.114091913E+00 0.118060463E+00 0.121977534E+00 0.125836550E+00
 0.129630753E+00 0.133353247E+00 0.136997058E+00 0.140555196E+00 0.144020727E+00
 0.147386847E+00 0.150646960E+00 0.153794759E+00 0.156824306E+00 0.159730111E+00
 0.162507205E+00 0.165151209E+00 0.167658390E+00 0.170025717E+00 0.172250892E+00
 0.174332380E+00 0.176269421E+00 0.178062027E+00 0.179710969E+00 0.181217750E+00
 0.182584569E+00 0.183814267E+00 0.184910277E+00 0.185876555E+00 0.186717515E+00
 0.187437959E+00 0.188043002E+00-0.129664575E+00-0.134564256E+00-0.139661431E+00
-0.144988669E+00-0.150585620E+00-0.156498591E+00-0.162775758E+00-0.169444069E+00
-0.176453274E+00-0.183482971E+00-0.189470786E+00-0.194380009E+00-0.198049982E+00
-0.200532700E+00-0.201666432E+00-0.201486258E+00-0.200164826E+00-0.197452792E+00
-0.194129885E+00-0.191485098E+00-0.189438828E+00-0.187852135E+00-0.186598294E+00
-0.185542459E+00-0.184552975E+00-0.183522982E+00-0.182376069E+00-0.181059135E+00
-0.179534076E+00-0.177771917E+00-0.175749126E+00-0.173445413E+00-0.170842482E+00
-0.167923493E+00-0.164673160E+00-0.161078589E+00-0.157131173E+00-0.152830156E+00
-0.148188792E+00-0.143243668E+00-0.138063709E+00-0.132744997E+00-0.127382390E+00
-0.122043973E+00-0.116768678E+00-0.111574919E+00-0.106468703E+00-0.101448949E+00
-0.965106715E-01-0.916468222E-01-0.868493570E-01-0.821098269E-01-0.774196896E-01
-0.727704430E-01-0.681536293E-01-0.635607002E-01-0.589826143E-01-0.544086232E-01
-0.498303368E-01-0.453258079E-01-0.408813823E-01-0.364961900E-01-0.321710123E-01
-0.278880821E-01-0.236516601E-01-0.194660737E-01-0.153158104E-01-0.112077416E-01
-0.714927025E-02-0.312803455E-02 0.842979228E-03 0.477466876E-02 0.875231424E-02
 0.127673964E-01 0.168160136E-01 0.208959712E-01 0.250057192E-01 0.291439811E-01
 0.333095919E-01 0.375014090E-01 0.417182537E-01 0.459588667E-01 0.502218708E-01
 0.545057373E-01 0.588087558E-01 0.631290051E-01 0.674643264E-01 0.718122967E-01
 0.761702038E-01 0.805350224E-01 0.849033911E-01 0.892715921E-01 0.936355315E-01
 0.979907239E-01 0.102332279E+00 0.106654893E+00 0.110952846E+00 0.115220004E+00
 0.119449829E+00 0.123635397E+00 0.127769424E+00 0.131844306E+00 0.135852163E+00
 0.139784898E+00 0.143634270E+00 0.147391965E+00 0.151049693E+00 0.154599281E+00
 0.158032772E+00 0.161342537E+00 0.164521376E+00 0.167562628E+00 0.170460266E+00
 0.173208992E+00 0.175804315E+00 0.178242617E+00 0.180521207E+00 0.182638352E+00
 0.184593294E+00 0.186386243E+00 0.188018360E+00 0.189491713E+00 0.190809227E+00
 0.191974611E+00 0.192992285E+00 0.193867285E+00 0.194605177E+00 0.195211958E+00
 0.195693964E+00-0.133343064E+00-0.138365006E+00-0.143591718E+00-0.149068045E+00
-0.154854515E+00-0.161033995E+00-0.167726500E+00-0.175135900E+00-0.182468163E+00
-0.188568837E+00-0.193505922E+00-0.197396963E+00-0.199586612E+00-0.200688737E+00
-0.200549136E+00-0.198901600E+00-0.196278037E+00-0.193557232E+00-0.190993476E+00
-0.188669173E+00-0.186607616E+00-0.184782822E+00-0.183141946E+00-0.181619599E+00
-0.180147435E+00-0.178661541E+00-0.177106751E+00-0.175437688E+00-0.173617759E+00
-0.171617466E+00-0.169412805E+00-0.166984050E+00-0.164315019E+00-0.161392798E+00
-0.158207963E+00-0.154755321E+00-0.151035217E+00-0.147055411E+00-0.142833249E+00
-0.138397367E+00-0.133787393E+00-0.129050186E+00-0.124233127E+00-0.119377593E+00
-0.114515459E+00-0.109668855E+00-0.104851691E+00-0.100071647E+00-0.953319582E-01
-0.906328063E-01-0.859723467E-01-0.813474356E-01-0.767541458E-01-0.721881438E-01
-0.676449939E-01-0.631204726E-01-0.586110660E-01-0.541152691E-01-0.496378861E-01
-0.451915242E-01-0.407826642E-01-0.364115791E-01-0.320767582E-01-0.277762296E-01
-0.235079732E-01-0.192700577E-01-0.150606656E-01-0.108780398E-01-0.672027966E-02
-0.258478331E-02 0.153361081E-02 0.564825839E-02 0.977765253E-02 0.139309884E-01
 0.181117095E-01 0.223213648E-01 0.265606857E-01 0.308299444E-01 0.351291007E-01
 0.394578672E-01 0.438157372E-01 0.482019914E-01 0.526156936E-01 0.570556787E-01
 0.615205349E-01 0.660085833E-01 0.705178545E-01 0.750460632E-01 0.795905818E-01
 0.841484127E-01 0.887161611E-01 0.932900072E-01 0.978656802E-01 0.102438433E+00
 0.107003023E+00 0.111553691E+00 0.116084151E+00 0.120587587E+00 0.125056650E+00
 0.129483479E+00 0.133859719E+00 0.138176563E+00 0.142424802E+00 0.146594893E+00
 0.150677042E+00 0.154661301E+00 0.158537685E+00 0.162296287E+00 0.165927424E+00
 0.169421769E+00 0.172770499E+00 0.175965438E+00 0.178999190E+00 0.181865265E+00
 0.184558192E+00 0.187073606E+00 0.189408322E+00 0.191560372E+00 0.193529032E+00
 0.195314810E+00 0.196919411E+00 0.198345684E+00 0.199597538E+00 0.200679849E+00
 0.201598344E+00 0.202359484E+00 0.202970333E+00 0.203438430E+00 0.203771661E+00
-0.136700540E+00-0.141736815E+00-0.146946478E+00-0.152375071E+00-0.158085850E+00
-0.164163746E+00-0.170718773E+00-0.177882452E+00-0.184706540E+00-0.189966927E+00
-0.193778641E+00-0.196242674E+00-0.197230050E+00-0.196860223E+00-0.195147469E+00
-0.193120607E+00-0.191015364E+00-0.188888450E+00-0.186791351E+00-0.184763302E+00
-0.182824584E+00-0.180975249E+00-0.179198631E+00-0.177466704E+00-0.175745312E+00
-0.173998475E+00-0.172191471E+00-0.170292659E+00-0.168274267E+00-0.166112528E+00
-0.163787493E+00-0.161282782E+00-0.158585413E+00-0.155685804E+00-0.152577988E+00
-0.149260021E+00-0.145734570E+00-0.142009547E+00-0.138098568E+00-0.134020934E+00
-0.129800788E+00-0.125465342E+00-0.121042461E+00-0.116558251E+00-0.112035300E+00
-0.107491819E+00-0.102941588E+00-0.983943986E-01-0.938567141E-01-0.893323699E-01
-0.848232108E-01-0.803296409E-01-0.758510865E-01-0.713863959E-01-0.669342139E-01
-0.624933734E-01-0.580633558E-01-0.536447989E-01-0.492397537E-01-0.448510866E-01
-0.404811913E-01-0.361312242E-01-0.318011868E-01-0.274902800E-01-0.231971850E-01
-0.189202135E-01-0.146573415E-01-0.104061316E-01-0.616352739E-02-0.192549816E-02
 0.231337625E-02 0.655992440E-02 0.108213873E-01 0.151039724E-01 0.194122479E-01
 0.237493623E-01 0.281174441E-01 0.325179069E-01 0.369516425E-01 0.414191359E-01
 0.459205311E-01 0.504556658E-01 0.550240865E-01 0.596250492E-01 0.642575102E-01
 0.689201108E-01 0.736111546E-01 0.783285823E-01 0.830699411E-01 0.878323526E-01
 0.926124780E-01 0.974064817E-01 0.102209995E+00 0.107018078E+00 0.111825189E+00
 0.116625150E+00 0.121411121E+00 0.126175583E+00 0.130910327E+00 0.135606459E+00
 0.140254411E+00 0.144843986E+00 0.149364401E+00 0.153804369E+00 0.158152196E+00
 0.162395901E+00 0.166523357E+00 0.170522456E+00 0.174381285E+00 0.178088319E+00
 0.181632617E+00 0.185004016E+00 0.188193319E+00 0.191192475E+00 0.193994725E+00
 0.196594734E+00 0.198988683E+00 0.201174335E+00 0.203151049E+00 0.204919773E+00
 0.206482991E+00 0.207844632E+00 0.209009961E+00 0.209985434E+00 0.210778541E+00
 0.211397631E+00 0.211851738E+00 0.212150399E+00 0.212303490E+00-0.139846708E+00
-0.144794113E+00-0.149835889E+00-0.155006382E+00-0.160358015E+00-0.165962740E+00
-0.171911722E+00-0.178313409E+00-0.184148047E+00-0.188286756E+00-0.190818636E+00
-0.191871745E+00-0.191288255E+00-0.190192247E+00-0.188867749E+00-0.187363317E+00
-0.185727005E+00-0.184002189E+00-0.182225827E+00-0.180426299E+00-0.178621720E+00
-0.176819485E+00-0.175017216E+00-0.173204684E+00-0.171366167E+00-0.169482736E+00
-0.167534208E+00-0.165500624E+00-0.163363256E+00-0.161105236E+00-0.158711923E+00
-0.156171115E+00-0.153473210E+00-0.150611358E+00-0.147581656E+00-0.144383361E+00
-0.141019106E+00-0.137495042E+00-0.133820819E+00-0.130009310E+00-0.126076009E+00
-0.122038119E+00-0.117913452E+00-0.113719316E+00-0.109471602E+00-0.105184162E+00
-0.100868522E+00-0.965338615E-01-0.921871910E-01-0.878336272E-01-0.834767179E-01
-0.791187722E-01-0.747611768E-01-0.704046921E-01-0.660497296E-01-0.616966071E-01
-0.573457671E-01-0.529979174E-01-0.486540279E-01-0.443151537E-01-0.399821557E-01
-0.356554644E-01-0.313349744E-01-0.270200485E-01-0.227095668E-01-0.184019683E-01
-0.140952622E-01-0.978700183E-02-0.547422918E-02-0.115342242E-02 0.317949214E-02
 0.752898641E-02 0.118996174E-01 0.162956603E-01 0.207208443E-01 0.251782530E-01
 0.296703478E-01 0.341990420E-01 0.387657787E-01 0.433715958E-01 0.480171701E-01
 0.527028458E-01 0.574286469E-01 0.621942783E-01 0.669991171E-01 0.718421955E-01
 0.767221769E-01 0.816373261E-01 0.865854734E-01 0.915639744E-01 0.965696662E-01
 0.101598818E+00 0.106647083E+00 0.111709441E+00 0.116780153E+00 0.121852702E+00
 0.126919754E+00 0.131973112E+00 0.137003686E+00 0.142001479E+00 0.146955584E+00
 0.151854210E+00 0.156684730E+00 0.161433761E+00 0.166087275E+00 0.170630747E+00
 0.175049335E+00 0.179328092E+00 0.183452207E+00 0.187407265E+00 0.191179517E+00
 0.194756159E+00 0.198125593E+00 0.201277678E+00 0.204203942E+00 0.206897768E+00
 0.209354522E+00 0.211571641E+00 0.213548658E+00 0.215287176E+00 0.216790790E+00
 0.218064959E+00 0.219116830E+00 0.219955035E+00 0.220589457E+00 0.221030984E+00
 0.221291261E+00 0.221382441E+00 0.221316958E+00-0.143016285E+00-0.147812251E+00
-0.152569487E+00-0.157301594E+00-0.162045513E+00-0.166861187E+00-0.171830382E+00
-0.177058084E+00-0.181614852E+00-0.184170437E+00-0.185095384E+00-0.185128872E+00
-0.184776225E+00-0.184097309E+00-0.183152823E+00-0.181994639E+00-0.180667257E+00
-0.179208461E+00-0.177649383E+00-0.176014266E+00-0.174320278E+00-0.172577631E+00
-0.170790136E+00-0.168956135E+00-0.167069679E+00-0.165121786E+00-0.163101621E+00
-0.160997528E+00-0.158797864E+00-0.156491632E+00-0.154068967E+00-0.151521480E+00
-0.148842535E+00-0.146027455E+00-0.143073703E+00-0.139981007E+00-0.136751449E+00
-0.133389463E+00-0.129901728E+00-0.126296925E+00-0.122585356E+00-0.118778430E+00
-0.114888088E+00-0.110926215E+00-0.106904124E+00-0.102832155E+00-0.987194177E-01
-0.945736729E-01-0.904013304E-01-0.862075314E-01-0.819962877E-01-0.777706513E-01
-0.735328972E-01-0.692847040E-01-0.650273244E-01-0.607617336E-01-0.564887441E-01
-0.522090726E-01-0.479233491E-01-0.436320710E-01-0.393355252E-01-0.350337076E-01
-0.307262656E-01-0.264124706E-01-0.220912112E-01-0.177609972E-01-0.134199641E-01
-0.906587590E-02-0.469613268E-02-0.307795015E-03 0.410235900E-02 0.853773340E-02
 0.130017774E-01 0.174978376E-01 0.220290322E-01 0.265981679E-01 0.312077014E-01
 0.358597322E-01 0.405560143E-01 0.452979715E-01 0.500867115E-01 0.549230345E-01
 0.598074339E-01 0.647400895E-01 0.697208529E-01 0.747492255E-01 0.798243293E-01
 0.849448704E-01 0.901090960E-01 0.953147442E-01 0.100558988E+00 0.105838370E+00
 0.111148740E+00 0.116485174E+00 0.121841901E+00 0.127212225E+00 0.132588447E+00
 0.137961787E+00 0.143322327E+00 0.148658951E+00 0.153959322E+00 0.159209871E+00
 0.164395838E+00 0.169501334E+00 0.174509472E+00 0.179402536E+00 0.184162207E+00
 0.188769847E+00 0.193206824E+00 0.197454867E+00 0.201496459E+00 0.205315221E+00
 0.208896297E+00 0.212226707E+00 0.215295662E+00 0.218094820E+00 0.220618475E+00
 0.222863677E+00 0.224830269E+00 0.226520836E+00 0.227940590E+00 0.229097168E+00
 0.230000376E+00 0.230661877E+00 0.231094854E+00 0.231313648E+00 0.231333399E+00
 0.231169707E+00 0.230838315E+00-0.146588660E+00-0.151259160E+00-0.155681482E+00
-0.159837599E+00-0.163755766E+00-0.167496122E+00-0.171126601E+00-0.174722972E+00
-0.177337369E+00-0.178628108E+00-0.179329332E+00-0.179551194E+00-0.179382472E+00
-0.178892021E+00-0.178135490E+00-0.177158921E+00-0.176000802E+00-0.174693201E+00
-0.173262390E+00-0.171729175E+00-0.170109151E+00-0.168413001E+00-0.166646924E+00
-0.164813206E+00-0.162910897E+00-0.160936549E+00-0.158884952E+00-0.156749823E+00
-0.154524409E+00-0.152202009E+00-0.149776397E+00-0.147242158E+00-0.144594964E+00
-0.141831780E+00-0.138951019E+00-0.135952647E+00-0.132838223E+00-0.129610886E+00
-0.126275255E+00-0.122837269E+00-0.119303941E+00-0.115683063E+00-0.111982870E+00
-0.108211706E+00-0.104377714E+00-0.100488575E+00-0.965513155E-01-0.925721898E-01
-0.885566213E-01-0.845092060E-01-0.804337566E-01-0.763333765E-01-0.722105510E-01
-0.680672453E-01-0.639049995E-01-0.597250131E-01-0.555282112E-01-0.513152878E-01
-0.470867241E-01-0.428427833E-01-0.385834908E-01-0.343086086E-01-0.300176118E-01
-0.257096726E-01-0.213836532E-01-0.170381061E-01-0.126712803E-01-0.828113381E-02
-0.386535495E-02 0.578604746E-03 0.505348258E-02 0.956214139E-02 0.141074951E-01
 0.186924311E-01 0.233197397E-01 0.279920569E-01 0.327118244E-01 0.374812642E-01
 0.423023649E-01 0.471768733E-01 0.521062891E-01 0.570918570E-01 0.621345567E-01
 0.672350869E-01 0.723938442E-01 0.776108950E-01 0.828859395E-01 0.882182692E-01
 0.936067150E-01 0.990495867E-01 0.104544603E+00 0.110088814E+00 0.115678508E+00
 0.121309117E+00 0.126975106E+00 0.132669859E+00 0.138385557E+00 0.144113058E+00
 0.149841778E+00 0.155559582E+00 0.161252698E+00 0.166905662E+00 0.172501303E+00
 0.178020789E+00 0.183443745E+00 0.188748443E+00 0.193912087E+00 0.198911185E+00
 0.203721991E+00 0.208321018E+00 0.212685593E+00 0.216794423E+00 0.220628155E+00
 0.224169889E+00 0.227405640E+00 0.230324707E+00 0.232919953E+00 0.235187964E+00
 0.237129105E+00 0.238747445E+00 0.240050565E+00 0.241049260E+00 0.241757144E+00
 0.242190178E+00 0.242366157E+00 0.242304177E+00 0.242024113E+00 0.241546134E+00
 0.240890275E+00-0.151128627E+00-0.155898834E+00-0.160038765E+00-0.163477953E+00
-0.166300087E+00-0.168691452E+00-0.170785129E+00-0.172569457E+00-0.173925776E+00
-0.174803853E+00-0.175252094E+00-0.175331077E+00-0.175094004E+00-0.174586257E+00
-0.173846641E+00-0.172908436E+00-0.171800132E+00-0.170545913E+00-0.169165957E+00
-0.167676660E+00-0.166090827E+00-0.164417888E+00-0.162664177E+00-0.160833277E+00
-0.158926422E+00-0.156942945E+00-0.154880736E+00-0.152736689E+00-0.150507125E+00
-0.148188166E+00-0.145776067E+00-0.143267491E+00-0.140659734E+00-0.137950907E+00
-0.135140066E+00-0.132227298E+00-0.129213755E+00-0.126101649E+00-0.122894187E+00
-0.119595471E+00-0.116210342E+00-0.112744206E+00-0.109202830E+00-0.105592139E+00
-0.101918023E+00-0.981861611E-01-0.944018907E-01-0.905701016E-01-0.866951753E-01
-0.827809560E-01-0.788307511E-01-0.748473543E-01-0.708330828E-01-0.667898244E-01
-0.627190857E-01-0.586220380E-01-0.544995552E-01-0.503522424E-01-0.461804526E-01
-0.419842933E-01-0.377636256E-01-0.335180590E-01-0.292469446E-01-0.249493711E-01
-0.206241636E-01-0.162698874E-01-0.118848559E-01-0.746714537E-02-0.301461465E-02
 0.147506680E-02 0.600438424E-02 0.105759362E-01 0.151923886E-01 0.198564279E-01
 0.245707163E-01 0.293378527E-01 0.341603394E-01 0.390405572E-01 0.439807445E-01
 0.489829812E-01 0.540491742E-01 0.591810416E-01 0.643800960E-01 0.696476233E-01
 0.749846564E-01 0.803919428E-01 0.858699051E-01 0.914185922E-01 0.970376213E-01
 0.102726109E+00 0.108482587E+00 0.114304912E+00 0.120190150E+00 0.126134451E+00
 0.132132908E+00 0.138179392E+00 0.144266383E+00 0.150384774E+00 0.156523680E+00
 0.162670240E+00 0.168809434E+00 0.174923929E+00 0.180993976E+00 0.186997376E+00
 0.192909555E+00 0.198703756E+00 0.204351378E+00 0.209822462E+00 0.215086316E+00
 0.220112261E+00 0.224870445E+00 0.229332692E+00 0.233473334E+00 0.237269970E+00
 0.240704142E+00 0.243761871E+00 0.246434064E+00 0.248716744E+00 0.250611131E+00
 0.252123529E+00 0.253265039E+00 0.254051100E+00 0.254500875E+00 0.254636525E+00
 0.254482411E+00 0.254064277E+00 0.253408479E+00 0.252541287E+00 0.251488299E+00
-0.157559905E+00-0.163237487E+00-0.167284950E+00-0.169700687E+00-0.170328640E+00
-0.170842691E+00-0.171441226E+00-0.171970649E+00-0.172349127E+00-0.172526370E+00
-0.172481491E+00-0.172214510E+00-0.171736724E+00-0.171064414E+00-0.170215465E+00
-0.169207612E+00-0.168057517E+00-0.166780254E+00-0.165389027E+00-0.163895019E+00
-0.162307332E+00-0.160633020E+00-0.158877179E+00-0.157043110E+00-0.155132531E+00
-0.153145826E+00-0.151082319E+00-0.148940551E+00-0.146718557E+00-0.144414123E+00
-0.142025022E+00-0.139549213E+00-0.136985022E+00-0.134331273E+00-0.131587400E+00
-0.128753511E+00-0.125830427E+00-0.122819679E+00-0.119723477E+00-0.116544643E+00
-0.113286527E+00-0.109952885E+00-0.106547767E+00-0.103075379E+00-0.995399626E-01
-0.959456770E-01-0.922965044E-01-0.885961692E-01-0.848480820E-01-0.810553030E-01
-0.772205244E-01-0.733460681E-01-0.694338947E-01-0.654856209E-01-0.615025409E-01
-0.574856478E-01-0.534356546E-01-0.493530104E-01-0.452379128E-01-0.410903153E-01
-0.369099319E-01-0.326962384E-01-0.284484731E-01-0.241656386E-01-0.198465047E-01
-0.154896135E-01-0.110932891E-01-0.665564923E-02-0.217462221E-02 0.235203265E-02
 0.692670052E-02 0.115518835E-01 0.162301707E-01 0.209642081E-01 0.257566691E-01
 0.306102270E-01 0.355275308E-01 0.405111835E-01 0.455637239E-01 0.506876093E-01
 0.558851997E-01 0.611587406E-01 0.665103446E-01 0.719419692E-01 0.774553901E-01
 0.830521685E-01 0.887336108E-01 0.945007188E-01 0.100354129E+00 0.106294041E+00
 0.112320124E+00 0.118431413E+00 0.124626182E+00 0.130901789E+00 0.137254496E+00
 0.143679267E+00 0.150169520E+00 0.156716858E+00 0.163310769E+00 0.169938295E+00
 0.176583699E+00 0.183228138E+00 0.189849377E+00 0.196421591E+00 0.202915302E+00
 0.209297500E+00 0.215532018E+00 0.221580164E+00 0.227401620E+00 0.232955565E+00
 0.238201933E+00 0.243102722E+00 0.247623253E+00 0.251733308E+00 0.255408097E+00
 0.258629030E+00 0.261384290E+00 0.263669185E+00 0.265486265E+00 0.266845195E+00
 0.267762338E+00 0.268260069E+00 0.268365808E+00 0.268110858E+00 0.267529122E+00
 0.266655816E+00 0.265526274E+00 0.264174943E+00 0.262634589E+00-0.162578353E+00
-0.168711142E+00-0.172645217E+00-0.174336939E+00-0.173727689E+00-0.172953071E+00
-0.172414042E+00-0.171973504E+00-0.171544243E+00-0.171066901E+00-0.170503491E+00
-0.169832150E+00-0.169042521E+00-0.168131924E+00-0.167102488E+00-0.165959123E+00
-0.164708133E+00-0.163356284E+00-0.161910179E+00-0.160375848E+00-0.158758486E+00
-0.157062313E+00-0.155290515E+00-0.153445266E+00-0.151527793E+00-0.149538495E+00
-0.147477080E+00-0.145342725E+00-0.143134243E+00-0.140850245E+00-0.138489298E+00
-0.136050058E+00-0.133531402E+00-0.130932518E+00-0.128252994E+00-0.125492862E+00
-0.122652635E+00-0.119733309E+00-0.116736348E+00-0.113663645E+00-0.110517467E+00
-0.107300387E+00-0.104015202E+00-0.100664854E+00-0.972523438E-01-0.937806545E-01
-0.902526803E-01-0.866711676E-01-0.830386670E-01-0.793574986E-01-0.756297281E-01
-0.718571534E-01-0.680413001E-01-0.641834226E-01-0.602845101E-01-0.563452941E-01
-0.523662577E-01-0.483476430E-01-0.442894586E-01-0.401914849E-01-0.360532779E-01
-0.318741721E-01-0.276532838E-01-0.233895137E-01-0.190815513E-01-0.147278802E-01
-0.103267861E-01-0.587636583E-02-0.137454016E-02 0.318093228E-02 0.779243833E-02
 0.124624923E-01 0.171937167E-01 0.219888230E-01 0.268505923E-01 0.317818578E-01
 0.367854875E-01 0.418643694E-01 0.470213976E-01 0.522594593E-01 0.575814216E-01
 0.629901180E-01 0.684883330E-01 0.740787838E-01 0.797640978E-01 0.855467845E-01
 0.914292004E-01 0.974135044E-01 0.103501602E+00 0.109695074E+00 0.115995091E+00
 0.122402304E+00 0.128916707E+00 0.135537476E+00 0.142262756E+00 0.149089421E+00
 0.156012764E+00 0.163026138E+00 0.170120526E+00 0.177284043E+00 0.184501372E+00
 0.191753161E+00 0.199015405E+00 0.206258885E+00 0.213448767E+00 0.220544468E+00
 0.227499947E+00 0.234264493E+00 0.240784077E+00 0.247003142E+00 0.252866689E+00
 0.258322395E+00 0.263322572E+00 0.267825835E+00 0.271798437E+00 0.275215290E+00
 0.278060728E+00 0.280329020E+00 0.282024632E+00 0.283162158E+00 0.283765833E+00
 0.283868541E+00 0.283510298E+00 0.282736299E+00 0.281594733E+00 0.280134610E+00
 0.278403866E+00 0.276447884E+00 0.274308488E+00-0.165458775E+00-0.171554296E+00
-0.175319990E+00-0.176624103E+00-0.175726907E+00-0.174310163E+00-0.173065181E+00
-0.171953502E+00-0.170917289E+00-0.169909353E+00-0.168893663E+00-0.167844149E+00
-0.166742977E+00-0.165578743E+00-0.164344826E+00-0.163038007E+00-0.161657368E+00
-0.160203442E+00-0.158677575E+00-0.157081464E+00-0.155416820E+00-0.153685144E+00
-0.151887584E+00-0.150024866E+00-0.148097270E+00-0.146104657E+00-0.144046517E+00
-0.141922047E+00-0.139730237E+00-0.137469966E+00-0.135140092E+00-0.132739541E+00
-0.130267389E+00-0.127722928E+00-0.125105720E+00-0.122415635E+00-0.119652874E+00
-0.116817978E+00-0.113911814E+00-0.110935558E+00-0.107890659E+00-0.104778792E+00
-0.101601811E+00-0.983616915E-01-0.950604736E-01-0.917002097E-01-0.882829123E-01
-0.848105092E-01-0.812848054E-01-0.777074518E-01-0.740799218E-01-0.704034937E-01
-0.666792400E-01-0.629080205E-01-0.590904799E-01-0.552270476E-01-0.513179389E-01
-0.473631571E-01-0.433624963E-01-0.393155432E-01-0.352216797E-01-0.310800847E-01
-0.268897363E-01-0.226494142E-01-0.183577033E-01-0.140129975E-01-0.961350531E-02
-0.515725602E-02-0.642107866E-03 0.393424303E-02 0.857425261E-02 0.132805180E-01
 0.180557663E-01 0.229028433E-01 0.278247029E-01 0.328243965E-01 0.379050644E-01
 0.430699270E-01 0.483222779E-01 0.536654771E-01 0.591029441E-01 0.646381513E-01
 0.702746160E-01 0.760158898E-01 0.818655456E-01 0.878271600E-01 0.939042892E-01
 0.100100438E+00 0.106419016E+00 0.112863286E+00 0.119436286E+00 0.126140739E+00
 0.132978929E+00 0.139952540E+00 0.147062453E+00 0.154308483E+00 0.161689038E+00
 0.169200693E+00 0.176837644E+00 0.184591025E+00 0.192448067E+00 0.200391086E+00
 0.208396319E+00 0.216432655E+00 0.224460437E+00 0.232430551E+00 0.240284202E+00
 0.247953732E+00 0.255364707E+00 0.262439144E+00 0.269099344E+00 0.275271642E+00
 0.280889529E+00 0.285895931E+00 0.290244761E+00 0.293901978E+00 0.296846412E+00
 0.299070491E+00 0.300580891E+00 0.301398923E+00 0.301560339E+00 0.301114174E+00
 0.300120355E+00 0.298646167E+00 0.296762121E+00 0.294537956E+00 0.292039450E+00
 0.289326338E+00 0.286451280E+00-0.167473057E+00-0.173590884E+00-0.177206742E+00
-0.178241796E+00-0.176769510E+00-0.174895697E+00-0.173197371E+00-0.171629664E+00
-0.170156272E+00-0.168744306E+00-0.167365558E+00-0.165996913E+00-0.164620141E+00
-0.163221338E+00-0.161790232E+00-0.160319454E+00-0.158803884E+00-0.157240057E+00
-0.155625691E+00-0.153959287E+00-0.152239831E+00-0.150466563E+00-0.148638814E+00
-0.146755889E+00-0.144817010E+00-0.142821279E+00-0.140767680E+00-0.138655100E+00
-0.136482360E+00-0.134248265E+00-0.131951649E+00-0.129591426E+00-0.127166639E+00
-0.124676495E+00-0.122120408E+00-0.119498015E+00-0.116809194E+00-0.114054072E+00
-0.111233013E+00-0.108346611E+00-0.105395660E+00-0.102381130E+00-0.993041331E-01
-0.961658806E-01-0.929676486E-01-0.897107373E-01-0.863964340E-01-0.830259786E-01
-0.796005336E-01-0.761211574E-01-0.725887824E-01-0.690041980E-01-0.653680370E-01
-0.616807653E-01-0.579426753E-01-0.541538810E-01-0.503143148E-01-0.464237260E-01
-0.424816794E-01-0.384875551E-01-0.344405482E-01-0.303396690E-01-0.261837437E-01
-0.219714152E-01-0.177011445E-01-0.133712128E-01-0.897972410E-02-0.452460854E-02
-0.362609330E-05 0.458562890E-02 0.924572302E-02 0.139793789E-01 0.187894704E-01
 0.236790182E-01 0.286511862E-01 0.337092780E-01 0.388567357E-01 0.440971385E-01
 0.494342028E-01 0.548717840E-01 0.604138780E-01 0.660646234E-01 0.718283042E-01
 0.777093513E-01 0.837123430E-01 0.898420027E-01 0.961031938E-01 0.102500908E+00
 0.109040250E+00 0.115726406E+00 0.122564605E+00 0.129560058E+00 0.136717875E+00
 0.144042946E+00 0.151539778E+00 0.159212271E+00 0.167063412E+00 0.175094851E+00
 0.183306327E+00 0.191694885E+00 0.200253809E+00 0.208971186E+00 0.217828005E+00
 0.226795733E+00 0.235833403E+00 0.244884566E+00 0.253874953E+00 0.262712231E+00
 0.271289260E+00 0.279490963E+00 0.287202929E+00 0.294319002E+00 0.300746161E+00
 0.306406783E+00 0.311239293E+00 0.315198260E+00 0.318254694E+00 0.320396950E+00
 0.321632359E+00 0.321989322E+00 0.321519057E+00 0.320295543E+00 0.318412060E+00
 0.315973914E+00 0.313089036E+00 0.309859502E+00 0.306376060E+00 0.302715903E+00
 0.298942727E+00-0.168423944E+00-0.174491721E+00-0.177972874E+00-0.178811643E+00
-0.176963091E+00-0.174792909E+00-0.172786523E+00-0.170901251E+00-0.169113681E+00
-0.167401151E+00-0.165742632E+00-0.164119396E+00-0.162515305E+00-0.160916821E+00
-0.159312822E+00-0.157694326E+00-0.156054166E+00-0.154386659E+00-0.152687298E+00
-0.150952484E+00-0.149179288E+00-0.147365265E+00-0.145508305E+00-0.143606515E+00
-0.141658144E+00-0.139661529E+00-0.137615062E+00-0.135517182E+00-0.133366379E+00
-0.131161204E+00-0.128900289E+00-0.126582371E+00-0.124206315E+00-0.121771135E+00
-0.119276010E+00-0.116720303E+00-0.114103561E+00-0.111425522E+00-0.108686111E+00
-0.105885422E+00-0.103023712E+00-0.100101371E+00-0.971189072E-01-0.940769108E-01
-0.909760326E-01-0.878169525E-01-0.846003528E-01-0.813268908E-01-0.779971750E-01
-0.746117432E-01-0.711710432E-01-0.676754163E-01-0.641250840E-01-0.605201365E-01
-0.568605242E-01-0.531460497E-01-0.493763631E-01-0.455509572E-01-0.416691638E-01
-0.377301514E-01-0.337329226E-01-0.296763126E-01-0.255589877E-01-0.213794445E-01
-0.171360089E-01-0.128268359E-01-0.844990954E-02-0.400304306E-02 0.516120997E-03
 0.511011037E-02 0.978162295E-02 0.145335270E-01 0.193688617E-01 0.242908389E-01
 0.293028452E-01 0.344084459E-01 0.396113898E-01 0.449156157E-01 0.503252608E-01
 0.558446703E-01 0.614784091E-01 0.672312753E-01 0.731083144E-01 0.791148361E-01
 0.852564312E-01 0.915389896E-01 0.979687180E-01 0.104552158E+00 0.111296200E+00
 0.118208096E+00 0.125295468E+00 0.132566299E+00 0.140028922E+00 0.147691983E+00
 0.155564369E+00 0.163655100E+00 0.171973153E+00 0.180527186E+00 0.189325121E+00
 0.198373502E+00 0.207676528E+00 0.217234552E+00 0.227041777E+00 0.237082688E+00
 0.247326600E+00 0.257719718E+00 0.268175130E+00 0.278564519E+00 0.288720439E+00
 0.298455552E+00 0.307589618E+00 0.315967491E+00 0.323463687E+00 0.329979613E+00
 0.335439179E+00 0.339785386E+00 0.342978725E+00 0.344997776E+00 0.345842460E+00
 0.345540443E+00 0.344156424E+00 0.341800864E+00 0.338629221E+00 0.334823255E+00
 0.330561485E+00 0.325997347E+00 0.321252458E+00 0.316419347E+00 0.311567020E+00
-0.168157363E+00-0.174033159E+00-0.177385249E+00-0.178079901E+00-0.176397003E+00
-0.174072001E+00-0.171847552E+00-0.169735853E+00-0.167721417E+00-0.165787970E+00
-0.163919559E+00-0.162101137E+00-0.160318940E+00-0.158560676E+00-0.156815585E+00
-0.155074383E+00-0.153329138E+00-0.151573123E+00-0.149800634E+00-0.148006829E+00
-0.146187563E+00-0.144339251E+00-0.142458749E+00-0.140543253E+00-0.138590228E+00
-0.136597344E+00-0.134562439E+00-0.132483494E+00-0.130358617E+00-0.128186035E+00
-0.125964101E+00-0.123691295E+00-0.121366230E+00-0.118987666E+00-0.116554511E+00
-0.114065828E+00-0.111520836E+00-0.108918910E+00-0.106259575E+00-0.103542494E+00
-0.100767461E+00-0.979343792E-01-0.950432491E-01-0.920941444E-01-0.890871924E-01
-0.860225525E-01-0.829003945E-01-0.797208780E-01-0.764841326E-01-0.731902397E-01
-0.698392161E-01-0.664309992E-01-0.629654337E-01-0.594422611E-01-0.558611093E-01
-0.522214849E-01-0.485227659E-01-0.447641959E-01-0.409448788E-01-0.370637745E-01
-0.331196949E-01-0.291113005E-01-0.250370972E-01-0.208954332E-01-0.166844968E-01
-0.124023132E-01-0.804674203E-02-0.361547490E-02 0.893967821E-03 0.548424015E-02
 0.101581743E-01 0.149187850E-01 0.197692754E-01 0.247130428E-01 0.297536876E-01
 0.348950218E-01 0.401410813E-01 0.454961391E-01 0.509647211E-01 0.565516251E-01
 0.622619418E-01 0.681010797E-01 0.740747928E-01 0.801892125E-01 0.864508827E-01
 0.928668001E-01 0.994444579E-01 0.106191896E+00 0.113117752E+00 0.120231325E+00
 0.127542637E+00 0.135062502E+00 0.142802601E+00 0.150775554E+00 0.158995002E+00
 0.167475670E+00 0.176233428E+00 0.185285321E+00 0.194649543E+00 0.204345321E+00
 0.214392628E+00 0.224811578E+00 0.235621218E+00 0.246837111E+00 0.258466319E+00
 0.270496381E+00 0.282869898E+00 0.295430453E+00 0.307865696E+00 0.319785494E+00
 0.330878866E+00 0.340939302E+00 0.349827164E+00 0.357441627E+00 0.363705327E+00
 0.368556084E+00 0.371942666E+00 0.373823592E+00 0.374169505E+00 0.372971900E+00
 0.370265935E+00 0.366182457E+00 0.361015772E+00 0.355168442E+00 0.348974125E+00
 0.342646860E+00 0.336319338E+00 0.330075869E+00 0.323970841E+00-0.167623808E+00
-0.173467055E+00-0.176714554E+00-0.177278894E+00-0.175284322E+00-0.172778861E+00
-0.170395802E+00-0.168121909E+00-0.165945215E+00-0.163853046E+00-0.161832548E+00
-0.159871155E+00-0.157956937E+00-0.156078831E+00-0.154226764E+00-0.152391697E+00
-0.150565598E+00-0.148741382E+00-0.146912819E+00-0.145074431E+00-0.143221392E+00
-0.141349427E+00-0.139454723E+00-0.137533850E+00-0.135583700E+00-0.133601429E+00
-0.131584417E+00-0.129530240E+00-0.127436647E+00-0.125301543E+00-0.123122984E+00
-0.120899169E+00-0.118628440E+00-0.116309281E+00-0.113940316E+00-0.111520310E+00
-0.109048166E+00-0.106522918E+00-0.103943729E+00-0.101309882E+00-0.986207656E-01
-0.958758653E-01-0.930747478E-01-0.902170462E-01-0.873024430E-01-0.843306535E-01
-0.813014089E-01-0.782144398E-01-0.750694597E-01-0.718661502E-01-0.686041466E-01
-0.652830247E-01-0.619022892E-01-0.584613628E-01-0.549595765E-01-0.513961613E-01
-0.477702403E-01-0.440808221E-01-0.403267941E-01-0.365069177E-01-0.326198224E-01
-0.286640010E-01-0.246378055E-01-0.205394418E-01-0.163669658E-01-0.121182783E-01
-0.779112065E-02-0.338306924E-02 0.110846994E-02 0.568626756E-02 0.103532780E-01
 0.151126475E-01 0.199677234E-01 0.249220649E-01 0.299794559E-01 0.351439193E-01
 0.404197345E-01 0.458114565E-01 0.513239397E-01 0.569623635E-01 0.627322634E-01
 0.686395656E-01 0.746906275E-01 0.808922837E-01 0.872518988E-01 0.937774285E-01
 0.100477489E+00 0.107361435E+00 0.114439458E+00 0.121722685E+00 0.129223307E+00
 0.136954721E+00 0.144931701E+00 0.153170589E+00 0.161689535E+00 0.170508774E+00
 0.179650955E+00 0.189141560E+00 0.199009395E+00 0.209287238E+00 0.220012650E+00
 0.231229085E+00 0.242987444E+00 0.255348410E+00 0.268386343E+00 0.282196691E+00
 0.296913834E+00 0.312780524E+00 0.329219636E+00 0.344396636E+00 0.358192702E+00
 0.370378257E+00 0.380873480E+00 0.389773223E+00 0.397070965E+00 0.402676079E+00
 0.406378855E+00 0.408105002E+00 0.407927916E+00 0.405789147E+00 0.401504783E+00
 0.394676105E+00 0.385495103E+00 0.376449906E+00 0.367635351E+00 0.359116784E+00
 0.350932129E+00 0.343101260E+00 0.335631674E+00-0.166493461E+00-0.172298362E+00
-0.175452494E+00-0.175907612E+00-0.173571242E+00-0.170932562E+00-0.168436961E+00
-0.166050902E+00-0.163763727E+00-0.161564296E+00-0.159441208E+00-0.157383206E+00
-0.155379470E+00-0.153419823E+00-0.151494838E+00-0.149595895E+00-0.147715174E+00
-0.145845623E+00-0.143980904E+00-0.142115323E+00-0.140243759E+00-0.138361594E+00
-0.136464648E+00-0.134549116E+00-0.132611517E+00-0.130648650E+00-0.128657557E+00
-0.126635494E+00-0.124579908E+00-0.122488420E+00-0.120358809E+00-0.118189009E+00
-0.115977097E+00-0.113721288E+00-0.111419933E+00-0.109071511E+00-0.106674627E+00
-0.104228005E+00-0.101730481E+00-0.991809966E-01-0.965785857E-01-0.939223682E-01
-0.912115361E-01-0.884453415E-01-0.856230837E-01-0.827440949E-01-0.798077273E-01
-0.768133389E-01-0.737602806E-01-0.706478829E-01-0.674754443E-01-0.642422191E-01
-0.609474072E-01-0.575901438E-01-0.541694906E-01-0.506844268E-01-0.471338416E-01
-0.435165270E-01-0.398311709E-01-0.360763507E-01-0.322505273E-01-0.283520392E-01
-0.243790967E-01-0.203297760E-01-0.162020133E-01-0.119935987E-01-0.770216954E-02
-0.332520322E-02 0.113999033E-02 0.569627733E-02 0.103467098E-01 0.150945365E-01
 0.199432151E-01 0.248964265E-01 0.299580911E-01 0.351323874E-01 0.404237735E-01
 0.458370118E-01 0.513771972E-01 0.570497904E-01 0.628606549E-01 0.688161012E-01
 0.749229360E-01 0.811885207E-01 0.876208379E-01 0.942285692E-01 0.101021185E+00
 0.108009049E+00 0.115203544E+00 0.122617214E+00 0.130263936E+00 0.138159128E+00
 0.146319990E+00 0.154765805E+00 0.163518297E+00 0.172602085E+00 0.182045237E+00
 0.191879982E+00 0.202143632E+00 0.212879791E+00 0.224140007E+00 0.235986077E+00
 0.248493431E+00 0.261756286E+00 0.275895996E+00 0.291075102E+00 0.307520607E+00
 0.325551398E+00 0.345678291E+00 0.364320846E+00 0.380584715E+00 0.394927583E+00
 0.407401913E+00 0.418010828E+00 0.426330983E+00 0.432364482E+00 0.436430327E+00
 0.438467906E+00 0.438361952E+00 0.435523034E+00 0.429788104E+00 0.421196066E+00
 0.409274364E+00 0.396687833E+00 0.385048344E+00 0.374223044E+00 0.364125298E+00
 0.354692668E+00 0.345873724E+00-0.164189612E+00-0.169787190E+00-0.172839096E+00
-0.173216923E+00-0.171196183E+00-0.168531524E+00-0.165964827E+00-0.163511183E+00
-0.161159967E+00-0.158899766E+00-0.156719221E+00-0.154607379E+00-0.152553905E+00
-0.150549183E+00-0.148584345E+00-0.146651270E+00-0.144742538E+00-0.142851390E+00
-0.140971668E+00-0.139097759E+00-0.137224535E+00-0.135347302E+00-0.133461749E+00
-0.131563901E+00-0.129650082E+00-0.127716875E+00-0.125761101E+00-0.123779784E+00
-0.121770143E+00-0.119729563E+00-0.117655593E+00-0.115545930E+00-0.113398409E+00
-0.111211002E+00-0.108981806E+00-0.106709038E+00-0.104391031E+00-0.102026228E+00
-0.996131696E-01-0.971504938E-01-0.946369222E-01-0.920712530E-01-0.894523505E-01
-0.867791354E-01-0.840505731E-01-0.812656630E-01-0.784234270E-01-0.755228983E-01
-0.725631101E-01-0.695430849E-01-0.664618238E-01-0.633182964E-01-0.601114314E-01
-0.568401072E-01-0.535031436E-01-0.500992936E-01-0.466272358E-01-0.430855668E-01
-0.394727944E-01-0.357873310E-01-0.320274869E-01-0.281914636E-01-0.242773473E-01
-0.202831022E-01-0.162065638E-01-0.120454310E-01-0.779725888E-02-0.345944967E-02
 0.970756095E-03 0.549629005E-02 0.101202674E-01 0.148459998E-01 0.196770098E-01
 0.246170474E-01 0.296701087E-01 0.348404574E-01 0.401326491E-01 0.455515593E-01
 0.511024155E-01 0.567908341E-01 0.626228625E-01 0.686050280E-01 0.747443942E-01
 0.810486256E-01 0.875260635E-01 0.941858135E-01 0.101037848E+00 0.108093127E+00
 0.115363737E+00 0.122863062E+00 0.130605981E+00 0.138609106E+00 0.146891070E+00
 0.155472876E+00 0.164378327E+00 0.173634550E+00 0.183272656E+00 0.193328572E+00
 0.203844089E+00 0.214868221E+00 0.226458967E+00 0.238685613E+00 0.251631756E+00
 0.265399204E+00 0.280112800E+00 0.295925595E+00 0.313022344E+00 0.331616827E+00
 0.351936583E+00 0.373202932E+00 0.392003306E+00 0.408443422E+00 0.422574165E+00
 0.434316764E+00 0.443586174E+00 0.450558657E+00 0.455283590E+00 0.457677761E+00
 0.457517155E+00 0.454567327E+00 0.448839595E+00 0.440193583E+00 0.428356648E+00
 0.413452399E+00 0.399427303E+00 0.386583025E+00 0.374792314E+00 0.363946650E+00
 0.353950776E+00-0.161685518E+00-0.167219986E+00-0.170184044E+00-0.170485235E+00
-0.168283251E+00-0.165556485E+00-0.162961528E+00-0.160487299E+00-0.158119702E+00
-0.155845193E+00-0.153651297E+00-0.151526754E+00-0.149461457E+00-0.147446328E+00
-0.145473176E+00-0.143534563E+00-0.141623702E+00-0.139734371E+00-0.137860838E+00
-0.135997808E+00-0.134140370E+00-0.132283957E+00-0.130424312E+00-0.128557451E+00
-0.126679640E+00-0.124787368E+00-0.122877330E+00-0.120946405E+00-0.118991646E+00
-0.117010262E+00-0.114999612E+00-0.112957194E+00-0.110880637E+00-0.108767695E+00
-0.106616239E+00-0.104424251E+00-0.102189822E+00-0.999111391E-01-0.975864833E-01
-0.952142214E-01-0.927927982E-01-0.903207288E-01-0.877965900E-01-0.852190115E-01
-0.825866669E-01-0.798982642E-01-0.771525363E-01-0.743482319E-01-0.714841055E-01
-0.685589085E-01-0.655713800E-01-0.625202381E-01-0.594041715E-01-0.562218309E-01
-0.529718216E-01-0.496526958E-01-0.462629450E-01-0.428009934E-01-0.392651905E-01
-0.356538047E-01-0.319650161E-01-0.281969101E-01-0.243474698E-01-0.204145695E-01
-0.163959665E-01-0.122892936E-01-0.809205002E-02-0.380159251E-02 0.584875178E-03
 0.507031335E-02 0.965785897E-02 0.143508395E-01 0.191527889E-01 0.240674648E-01
 0.290988689E-01 0.342512695E-01 0.395292273E-01 0.449376249E-01 0.504816998E-01
 0.561670834E-01 0.619998446E-01 0.679865399E-01 0.741342721E-01 0.804507567E-01
 0.869443998E-01 0.936243880E-01 0.100500793E+00 0.107584695E+00 0.114888325E+00
 0.122425238E+00 0.130210511E+00 0.138260986E+00 0.146595554E+00 0.155235504E+00
 0.164204942E+00 0.173531296E+00 0.183245942E+00 0.193384966E+00 0.203990098E+00
 0.215109861E+00 0.226800968E+00 0.239129996E+00 0.252175328E+00 0.266029270E+00
 0.280800075E+00 0.296613359E+00 0.313612057E+00 0.331954074E+00 0.351807322E+00
 0.373376192E+00 0.394272598E+00 0.412395802E+00 0.427555498E+00 0.440212055E+00
 0.450499270E+00 0.458455418E+00 0.463873131E+00 0.466467284E+00 0.466579089E+00
 0.464195636E+00 0.459202538E+00 0.451221259E+00 0.439829871E+00 0.425235959E+00
 0.409404946E+00 0.395003835E+00 0.381917443E+00 0.370009946E+00 0.359152608E+00
-0.158663923E+00-0.164142886E+00-0.167022598E+00-0.167258743E+00-0.164708677E+00
-0.161965139E+00-0.159400967E+00-0.156965062E+00-0.154636312E+00-0.152397612E+00
-0.150235223E+00-0.148138010E+00-0.146096715E+00-0.144103400E+00-0.142151061E+00
-0.140233371E+00-0.138344517E+00-0.136479092E+00-0.134632025E+00-0.132798536E+00
-0.130974104E+00-0.129154439E+00-0.127335465E+00-0.125513305E+00-0.123684267E+00
-0.121844833E+00-0.119991645E+00-0.118121501E+00-0.116231343E+00-0.114318250E+00
-0.112379432E+00-0.110412224E+00-0.108414078E+00-0.106382559E+00-0.104315343E+00
-0.102210203E+00-0.100065014E+00-0.978777370E-01-0.956464220E-01-0.933691962E-01
-0.910442595E-01-0.886698768E-01-0.862443715E-01-0.837661175E-01-0.812335318E-01
-0.786450662E-01-0.759992001E-01-0.732944315E-01-0.705292701E-01-0.677022286E-01
-0.648118156E-01-0.618565272E-01-0.588348407E-01-0.557452061E-01-0.525860402E-01
-0.493557188E-01-0.460525705E-01-0.426748698E-01-0.392208304E-01-0.356885989E-01
-0.320762475E-01-0.283817679E-01-0.246030638E-01-0.207379433E-01-0.167841120E-01
-0.127391636E-01-0.860057210E-02-0.436568130E-02-0.316948052E-04 0.440433576E-02
 0.894552354E-02 0.135951607E-01 0.183567342E-01 0.232339438E-01 0.282307220E-01
 0.333512565E-01 0.386000158E-01 0.439817780E-01 0.495016637E-01 0.551651728E-01
 0.609782272E-01 0.669472194E-01 0.730790671E-01 0.793812777E-01 0.858620206E-01
 0.925302116E-01 0.993956106E-01 0.106468934E+00 0.113761988E+00 0.121287820E+00
 0.129060899E+00 0.137097330E+00 0.145415098E+00 0.154034370E+00 0.162977836E+00
 0.172271132E+00 0.181943324E+00 0.192027492E+00 0.202561411E+00 0.213588351E+00
 0.225157984E+00 0.237327405E+00 0.250162224E+00 0.263737665E+00 0.278139567E+00
 0.293465169E+00 0.309823580E+00 0.327335974E+00 0.346135698E+00 0.366368338E+00
 0.387912011E+00 0.406938571E+00 0.423064651E+00 0.436560742E+00 0.447531415E+00
 0.455970168E+00 0.461721340E+00 0.464941133E+00 0.465766640E+00 0.464151783E+00
 0.459930065E+00 0.452791123E+00 0.442758652E+00 0.429830773E+00 0.413948119E+00
 0.398515466E+00 0.384643032E+00 0.372155184E+00 0.360880420E+00-0.154154372E+00
-0.159318823E+00-0.162074630E+00-0.162313521E+00-0.160278710E+00-0.157700532E+00
-0.155264637E+00-0.152949188E+00-0.150725539E+00-0.148575703E+00-0.146488067E+00
-0.144454456E+00-0.142468497E+00-0.140524763E+00-0.138618337E+00-0.136744583E+00
-0.134899043E+00-0.133077381E+00-0.131275366E+00-0.129488863E+00-0.127713840E+00
-0.125946365E+00-0.124182618E+00-0.122418887E+00-0.120651578E+00-0.118877212E+00
-0.117092426E+00-0.115293974E+00-0.113478726E+00-0.111643661E+00-0.109785871E+00
-0.107902556E+00-0.105991019E+00-0.104048663E+00-0.102072989E+00-0.100061591E+00
-0.980121499E-01-0.959224300E-01-0.937902744E-01-0.916135990E-01-0.893903868E-01
-0.871186819E-01-0.847965838E-01-0.824222406E-01-0.799938428E-01-0.775096166E-01
-0.749678171E-01-0.723667221E-01-0.697046248E-01-0.669798277E-01-0.641906359E-01
-0.613353505E-01-0.584122627E-01-0.554196468E-01-0.523557547E-01-0.492188096E-01
-0.460069995E-01-0.427184718E-01-0.393513267E-01-0.359036111E-01-0.323733124E-01
-0.287583516E-01-0.250565770E-01-0.212657566E-01-0.173835705E-01-0.134076032E-01
-0.933533427E-02-0.516412951E-02-0.891230155E-03 0.348625820E-02 0.797137807E-02
 0.125673339E-01 0.172775071E-01 0.221054733E-01 0.270550211E-01 0.321301731E-01
 0.373352099E-01 0.426746966E-01 0.481535124E-01 0.537768848E-01 0.595504276E-01
 0.654801837E-01 0.715726740E-01 0.778349530E-01 0.842746714E-01 0.909001480E-01
 0.977204515E-01 0.104745494E+00 0.111986139E+00 0.119454321E+00 0.127163191E+00
 0.135127276E+00 0.143362664E+00 0.151887216E+00 0.160720816E+00 0.169885641E+00
 0.179406479E+00 0.189311082E+00 0.199630557E+00 0.210399791E+00 0.221657898E+00
 0.233448691E+00 0.245821144E+00 0.258829854E+00 0.272535526E+00 0.287005582E+00
 0.302315144E+00 0.318548934E+00 0.335805007E+00 0.354201681E+00 0.373895030E+00
 0.393411310E+00 0.410061363E+00 0.423927963E+00 0.434872982E+00 0.443266143E+00
 0.449377395E+00 0.453278397E+00 0.454895597E+00 0.453884637E+00 0.450450887E+00
 0.444702399E+00 0.436567754E+00 0.425825678E+00 0.411974197E+00 0.396219977E+00
 0.382221132E+00 0.369801149E+00 0.358704252E+00-0.149076986E+00-0.153868149E+00
-0.156458581E+00-0.156797824E+00-0.154988549E+00-0.152747020E+00-0.150602849E+00
-0.148508751E+00-0.146452962E+00-0.144434059E+00-0.142452292E+00-0.140507551E+00
-0.138598985E+00-0.136725037E+00-0.134883563E+00-0.133071963E+00-0.131287294E+00
-0.129526359E+00-0.127785789E+00-0.126062097E+00-0.124351733E+00-0.122651121E+00
-0.120956691E+00-0.119264899E+00-0.117572255E+00-0.115875327E+00-0.114170760E+00
-0.112455278E+00-0.110725691E+00-0.108978901E+00-0.107211898E+00-0.105421765E+00
-0.103605675E+00-0.101760891E+00-0.998847609E-01-0.979747170E-01-0.960282721E-01
-0.940430150E-01-0.920166066E-01-0.899467753E-01-0.878313121E-01-0.856680656E-01
-0.834549371E-01-0.811898747E-01-0.788708684E-01-0.764959442E-01-0.740631592E-01
-0.715705955E-01-0.690163551E-01-0.663985543E-01-0.637153186E-01-0.609647772E-01
-0.581450575E-01-0.552542805E-01-0.522905548E-01-0.492519720E-01-0.461366010E-01
-0.429424831E-01-0.396676262E-01-0.363099991E-01-0.328675263E-01-0.293380814E-01
-0.257194811E-01-0.220094783E-01-0.182057551E-01-0.143059152E-01-0.103074757E-01
-0.620785800E-02-0.200437848E-02 0.230576214E-02 0.672549031E-02 0.112578722E-01
 0.159061277E-01 0.206736454E-01 0.255639998E-01 0.305809698E-01 0.357285596E-01
 0.410110214E-01 0.464328813E-01 0.519989671E-01 0.577144408E-01 0.635848330E-01
 0.696160828E-01 0.758145812E-01 0.821872203E-01 0.887414478E-01 0.954853278E-01
 0.102427608E+00 0.109577798E+00 0.116946247E+00 0.124544242E+00 0.132384107E+00
 0.140479313E+00 0.148844598E+00 0.157496094E+00 0.166451457E+00 0.175730000E+00
 0.185352819E+00 0.195342902E+00 0.205725214E+00 0.216526727E+00 0.227776397E+00
 0.239505045E+00 0.251745145E+00 0.264530534E+00 0.277896093E+00 0.291877605E+00
 0.306512210E+00 0.321840585E+00 0.337913779E+00 0.354813861E+00 0.372651266E+00
 0.388666035E+00 0.401689242E+00 0.412081680E+00 0.420293718E+00 0.426471478E+00
 0.430635166E+00 0.432583141E+00 0.432324875E+00 0.430104280E+00 0.425933588E+00
 0.419734328E+00 0.411212312E+00 0.400294627E+00 0.387085601E+00 0.373971703E+00
 0.362601098E+00 0.352491704E+00-0.142892551E+00-0.146802201E+00-0.149124288E+00
-0.149745275E+00-0.148965778E+00-0.147458980E+00-0.145693343E+00-0.143835974E+00
-0.141949177E+00-0.140061911E+00-0.138189332E+00-0.136339646E+00-0.134517091E+00
-0.132723440E+00-0.130958838E+00-0.129222310E+00-0.127512098E+00-0.125825879E+00
-0.124160931E+00-0.122514249E+00-0.120882634E+00-0.119262763E+00-0.117651238E+00
-0.116044628E+00-0.114439503E+00-0.112832452E+00-0.111220106E+00-0.109599153E+00
-0.107966342E+00-0.106318495E+00-0.104652509E+00-0.102965361E+00-0.101254106E+00
-0.995158804E-01-0.977478967E-01-0.959474445E-01-0.941118866E-01-0.922386560E-01
-0.903252524E-01-0.883692381E-01-0.863682339E-01-0.843199151E-01-0.822220067E-01
-0.800722791E-01-0.778685437E-01-0.756086487E-01-0.732904741E-01-0.709119280E-01
-0.684709417E-01-0.659654661E-01-0.633934668E-01-0.607529208E-01-0.580418114E-01
-0.552581248E-01-0.523998457E-01-0.494649529E-01-0.464514151E-01-0.433571864E-01
-0.401802021E-01-0.369183730E-01-0.335695814E-01-0.301316749E-01-0.266024616E-01
-0.229797033E-01-0.192611097E-01-0.154443315E-01-0.115269526E-01-0.750648255E-02
-0.338034785E-02 0.854117410E-03 0.519968161E-02 0.965922659E-02 0.142357596E-01
 0.189324263E-01 0.237525248E-01 0.286995216E-01 0.337770677E-01 0.389890178E-01
 0.443394497E-01 0.498326867E-01 0.554733211E-01 0.612662405E-01 0.672166556E-01
 0.733301308E-01 0.796126174E-01 0.860704884E-01 0.927105763E-01 0.995402134E-01
 0.106567272E+00 0.113800209E+00 0.121248107E+00 0.128920714E+00 0.136828483E+00
 0.144982601E+00 0.153395007E+00 0.162078388E+00 0.171046156E+00 0.180312375E+00
 0.189891639E+00 0.199798872E+00 0.210049018E+00 0.220656593E+00 0.231635049E+00
 0.242995879E+00 0.254747381E+00 0.266892922E+00 0.279428478E+00 0.292338909E+00
 0.305591859E+00 0.319126197E+00 0.332824463E+00 0.346414370E+00 0.359117465E+00
 0.370172628E+00 0.379446733E+00 0.386944409E+00 0.392685507E+00 0.396689031E+00
 0.398970598E+00 0.399543906E+00 0.398424504E+00 0.395634546E+00 0.391208609E+00
 0.385204246E+00 0.377727838E+00 0.369020116E+00 0.359805023E+00 0.350988261E+00
 0.342755174E+00-0.139138952E+00-0.143173659E+00-0.145388341E+00-0.145714946E+00
-0.144356576E+00-0.142664329E+00-0.140920996E+00-0.139137757E+00-0.137336930E+00
-0.135536871E+00-0.133750161E+00-0.131984817E+00-0.130245578E+00-0.128534860E+00
-0.126853407E+00-0.125200758E+00-0.123575560E+00-0.121975810E+00-0.120399025E+00
-0.118842372E+00-0.117302772E+00-0.115776975E+00-0.114261621E+00-0.112753289E+00
-0.111248530E+00-0.109743898E+00-0.108235974E+00-0.106721378E+00-0.105196782E+00
-0.103658922E+00-0.102104599E+00-0.100530687E+00-0.989341321E-01-0.973119531E-01
-0.956612413E-01-0.939791583E-01-0.922629341E-01-0.905098636E-01-0.887173036E-01
-0.868826693E-01-0.850034307E-01-0.830771085E-01-0.811012709E-01-0.790735296E-01
-0.769915359E-01-0.748529781E-01-0.726555772E-01-0.703970843E-01-0.680752774E-01
-0.656879580E-01-0.632329487E-01-0.607080896E-01-0.581112361E-01-0.554402555E-01
-0.526930240E-01-0.498674237E-01-0.469613394E-01-0.439726548E-01-0.408992494E-01
-0.377389942E-01-0.344897475E-01-0.311493511E-01-0.277156246E-01-0.241863612E-01
-0.205593216E-01-0.168322283E-01-0.130027594E-01-0.906854143E-02-0.502714246E-02
-0.876063944E-03 0.338726761E-02 0.776550968E-02 0.122614134E-01 0.168778341E-01
 0.216177422E-01 0.264842348E-01 0.314805492E-01 0.366100750E-01 0.418763694E-01
 0.472831713E-01 0.528344175E-01 0.585342584E-01 0.643870749E-01 0.703974956E-01
 0.765704131E-01 0.829110006E-01 0.894247270E-01 0.961173699E-01 0.102995026E+00
 0.110064114E+00 0.117331376E+00 0.124803864E+00 0.132488915E+00 0.140394104E+00
 0.148527183E+00 0.156895968E+00 0.165508200E+00 0.174371334E+00 0.183492253E+00
 0.192876879E+00 0.202529647E+00 0.212452799E+00 0.222645431E+00 0.233102213E+00
 0.243811649E+00 0.254753663E+00 0.265896180E+00 0.277190120E+00 0.288561830E+00
 0.299901515E+00 0.311046765E+00 0.321767391E+00 0.331779545E+00 0.340813851E+00
 0.348679065E+00 0.355263589E+00 0.360508586E+00 0.364386706E+00 0.366890839E+00
 0.368029557E+00 0.367826798E+00 0.366324844E+00 0.363590797E+00 0.359727669E+00
 0.354891135E+00 0.349307289E+00 0.343265264E+00 0.337051425E+00 0.330873790E+00
-0.135028854E+00-0.139078445E+00-0.141222038E+00-0.141385274E+00-0.139876863E+00
-0.138026612E+00-0.136202274E+00-0.134401863E+00-0.132623687E+00-0.130870219E+00
-0.129144933E+00-0.127450768E+00-0.125789611E+00-0.124162226E+00-0.122568372E+00
-0.121006967E+00-0.119476246E+00-0.117973915E+00-0.116497267E+00-0.115043294E+00
-0.113608763E+00-0.112190291E+00-0.110784394E+00-0.109387536E+00-0.107996160E+00
-0.106606716E+00-0.105215680E+00-0.103819572E+00-0.102414966E+00-0.100998496E+00
-0.995668644E-01-0.981168418E-01-0.966452704E-01-0.951490623E-01-0.936251988E-01
-0.920707281E-01-0.904827626E-01-0.888584759E-01-0.871950992E-01-0.854899179E-01
-0.837402681E-01-0.819435334E-01-0.800971414E-01-0.781985607E-01-0.762452982E-01
-0.742348966E-01-0.721649321E-01-0.700330122E-01-0.678367741E-01-0.655738826E-01
-0.632420291E-01-0.608389295E-01-0.583623226E-01-0.558099689E-01-0.531796487E-01
-0.504691600E-01-0.476763164E-01-0.447989451E-01-0.418348843E-01-0.387819800E-01
-0.356380831E-01-0.324010460E-01-0.290687185E-01-0.256389442E-01-0.221095554E-01
-0.184783687E-01-0.147431796E-01-0.109017570E-01-0.695183735E-02-0.289111813E-02
 0.128274856E-02 0.557216307E-02 0.997958554E-02 0.145075435E-01 0.191586399E-01
 0.239355609E-01 0.288410845E-01 0.338780889E-01 0.390495605E-01 0.443586022E-01
 0.498084412E-01 0.554024357E-01 0.611440812E-01 0.670370145E-01 0.730850162E-01
 0.792920103E-01 0.856620595E-01 0.921993557E-01 0.989082033E-01 0.105792995E+00
 0.112858172E+00 0.120108179E+00 0.127547384E+00 0.135179992E+00 0.143009912E+00
 0.151040596E+00 0.159274816E+00 0.167714386E+00 0.176359798E+00 0.185209755E+00
 0.194260573E+00 0.203505416E+00 0.212933320E+00 0.222527948E+00 0.232265989E+00
 0.242115133E+00 0.252031494E+00 0.261956441E+00 0.271812936E+00 0.281501951E+00
 0.290900617E+00 0.299865125E+00 0.308241357E+00 0.315881846E+00 0.322661595E+00
 0.328485825E+00 0.333289754E+00 0.337034687E+00 0.339704040E+00 0.341300835E+00
 0.341847005E+00 0.341384389E+00 0.339977073E+00 0.337714346E+00 0.334712586E+00
 0.331112888E+00 0.327070938E+00 0.322739558E+00 0.318251284E+00-0.130877931E+00
-0.134916737E+00-0.137011327E+00-0.137073577E+00-0.135133784E+00-0.133189699E+00
-0.131318273E+00-0.129501842E+00-0.127735714E+00-0.126017296E+00-0.124345131E+00
-0.122718157E+00-0.121135231E+00-0.119594878E+00-0.118095195E+00-0.116633850E+00
-0.115208126E+00-0.113814981E+00-0.112451119E+00-0.111113052E+00-0.109797159E+00
-0.108499730E+00-0.107217012E+00-0.105945238E+00-0.104680655E+00-0.103419544E+00
-0.102158232E+00-0.100893106E+00-0.996206219E-01-0.983373031E-01-0.970397484E-01
-0.957246300E-01-0.943886935E-01-0.930287552E-01-0.916417003E-01-0.902244786E-01
-0.887741016E-01-0.872876383E-01-0.857622111E-01-0.841949924E-01-0.825832006E-01
-0.809240972E-01-0.792149832E-01-0.774531977E-01-0.756361147E-01-0.737611426E-01
-0.718257223E-01-0.698273269E-01-0.677634612E-01-0.656316615E-01-0.634294952E-01
-0.611545614E-01-0.588044903E-01-0.563769434E-01-0.538696131E-01-0.512802222E-01
-0.486065230E-01-0.458462964E-01-0.429973502E-01-0.400575178E-01-0.370246556E-01
-0.338966409E-01-0.306713691E-01-0.273467501E-01-0.239207056E-01-0.203911647E-01
-0.167560601E-01-0.130133238E-01-0.916088257E-02-0.519665305E-02-0.111853704E-02
 0.307558355E-02 0.738785176E-02 0.118204406E-01 0.163755577E-01 0.210554505E-01
 0.258624098E-01 0.307987742E-01 0.358669325E-01 0.410693264E-01 0.464084503E-01
 0.518868511E-01 0.575071246E-01 0.632719093E-01 0.691838771E-01 0.752457192E-01
 0.814601261E-01 0.878297610E-01 0.943572241E-01 0.101045006E+00 0.107895428E+00
 0.114910564E+00 0.122092144E+00 0.129441429E+00 0.136959057E+00 0.144644850E+00
 0.152497571E+00 0.160514629E+00 0.168691710E+00 0.177022325E+00 0.185497265E+00
 0.194103927E+00 0.202825515E+00 0.211640084E+00 0.220519419E+00 0.229427762E+00
 0.238320446E+00 0.247142548E+00 0.255827842E+00 0.264298510E+00 0.272466235E+00
 0.280235286E+00 0.287507700E+00 0.294189751E+00 0.300198125E+00 0.305464353E+00
 0.309937046E+00 0.313582390E+00 0.316383765E+00 0.318341208E+00 0.319471093E+00
 0.319806100E+00 0.319395262E+00 0.318303611E+00 0.316610736E+00 0.314407512E+00
 0.311790772E+00 0.308856587E+00 0.305693796E+00-0.125738544E+00-0.129696762E+00
-0.131717933E+00-0.131736321E+00-0.130004956E+00-0.128037808E+00-0.126149466E+00
-0.124336176E+00-0.122593627E+00-0.120917877E+00-0.119305309E+00-0.117752482E+00
-0.116255985E+00-0.114812327E+00-0.113417882E+00-0.112068869E+00-0.110761363E+00
-0.109491326E+00-0.108254637E+00-0.107047127E+00-0.105864615E+00-0.104702929E+00
-0.103557936E+00-0.102425556E+00-0.101301776E+00-0.100182664E+00-0.990643688E-01
-0.979431283E-01-0.968152694E-01-0.956772066E-01-0.945254409E-01-0.933565562E-01
-0.921672151E-01-0.909541548E-01-0.897141816E-01-0.884441660E-01-0.871410374E-01
-0.858017789E-01-0.844234225E-01-0.830030442E-01-0.815377605E-01-0.800247245E-01
-0.784611232E-01-0.768441760E-01-0.751711328E-01-0.734392743E-01-0.716459116E-01
-0.697883876E-01-0.678640778E-01-0.658703923E-01-0.638047774E-01-0.616647175E-01
-0.594477368E-01-0.571514010E-01-0.547733184E-01-0.523111413E-01-0.497625662E-01
-0.471253344E-01-0.443972314E-01-0.415760866E-01-0.386597721E-01-0.356462014E-01
-0.325333273E-01-0.293191398E-01-0.260016637E-01-0.225789560E-01-0.190491025E-01
-0.154102147E-01-0.116604269E-01-0.779789240E-02-0.382078058E-02 0.272726634E-03
 0.448443759E-02 0.881615360E-02 0.132696712E-01 0.178467838E-01 0.225492825E-01
 0.273789558E-01 0.323375886E-01 0.374269585E-01 0.426488316E-01 0.480049544E-01
 0.534970442E-01 0.591267745E-01 0.648957569E-01 0.708055176E-01 0.768574667E-01
 0.830528607E-01 0.893927547E-01 0.958779435E-01 0.102508889E+00 0.109285631E+00
 0.116207680E+00 0.123273882E+00 0.130482263E+00 0.137829835E+00 0.145312368E+00
 0.152924115E+00 0.160657491E+00 0.168502693E+00 0.176447262E+00 0.184475577E+00
 0.192568292E+00 0.200701711E+00 0.208847138E+00 0.216970230E+00 0.225030443E+00
 0.232980658E+00 0.240767178E+00 0.248330264E+00 0.255605388E+00 0.262525310E+00
 0.269022851E+00 0.275034056E+00 0.280501279E+00 0.285375756E+00 0.289619441E+00
 0.293206102E+00 0.296121833E+00 0.298365201E+00 0.299947149E+00 0.300890697E+00
 0.301230385E+00 0.301011283E+00 0.300287402E+00 0.299119394E+00 0.297571605E+00
 0.295708807E+00 0.293593078E+00-0.120328887E+00-0.124195897E+00-0.126156872E+00
-0.126138170E+00-0.124474577E+00-0.122503861E+00-0.120620647E+00-0.118830993E+00
-0.117130533E+00-0.115514389E+00-0.113977458E+00-0.112514517E+00-0.111120280E+00
-0.109789434E+00-0.108516668E+00-0.107296700E+00-0.106124295E+00-0.104994294E+00
-0.103901632E+00-0.102841351E+00-0.101808615E+00-0.100798722E+00-0.998071003E-01
-0.988293200E-01-0.978610866E-01-0.968982398E-01-0.959367490E-01-0.949727078E-01
-0.940023268E-01-0.930219265E-01-0.920279299E-01-0.910168539E-01-0.899853021E-01
-0.889299561E-01-0.878475682E-01-0.867349535E-01-0.855889827E-01-0.844065754E-01
-0.831846933E-01-0.819203348E-01-0.806105300E-01-0.792523370E-01-0.778428390E-01
-0.763791429E-01-0.748583792E-01-0.732777025E-01-0.716342941E-01-0.699253645E-01
-0.681481571E-01-0.662999521E-01-0.643780705E-01-0.623798783E-01-0.603027905E-01
-0.581442747E-01-0.559018541E-01-0.535731106E-01-0.511556863E-01-0.486472857E-01
-0.460456765E-01-0.433486899E-01-0.405542207E-01-0.376602267E-01-0.346647277E-01
-0.315658042E-01-0.283615957E-01-0.250502986E-01-0.216301642E-01-0.180994967E-01
-0.144566505E-01-0.107000284E-01-0.682807910E-02-0.283929613E-02 0.126778403E-02
 0.549458255E-02 0.984247837E-02 0.143128075E-01 0.189068610E-01 0.236258820E-01
 0.284710608E-01 0.334435282E-01 0.385443463E-01 0.437744967E-01 0.491348651E-01
 0.546262226E-01 0.602492013E-01 0.660042649E-01 0.718916731E-01 0.779114373E-01
 0.840632679E-01 0.903465112E-01 0.967600731E-01 0.103302329E+00 0.109971018E+00
 0.116763115E+00 0.123674686E+00 0.130700716E+00 0.137834911E+00 0.145069471E+00
 0.152394835E+00 0.159799389E+00 0.167269152E+00 0.174787437E+00 0.182334492E+00
 0.189887148E+00 0.197418498E+00 0.204897636E+00 0.212289522E+00 0.219555023E+00
 0.226651219E+00 0.233532028E+00 0.240149198E+00 0.246453662E+00 0.252397181E+00
 0.257934128E+00 0.263023256E+00 0.267629272E+00 0.271724103E+00 0.275287812E+00
 0.278309168E+00 0.280785905E+00 0.282724705E+00 0.284140923E+00 0.285058034E+00
 0.285506770E+00 0.285523932E+00 0.285150892E+00 0.284431849E+00 0.283411995E+00
 0.282135764E+00-0.114824061E+00-0.118655067E+00-0.120566274E+00-0.120493938E+00
-0.118509585E+00-0.116523356E+00-0.114665337E+00-0.112921523E+00-0.111286217E+00
-0.109753033E+00-0.108315076E+00-0.106965173E+00-0.105696065E+00-0.104500538E+00
-0.103371525E+00-0.102302168E+00-0.101285859E+00-0.100316262E+00-0.993873232E-01
-0.984932670E-01-0.976285910E-01-0.967880531E-01-0.959666571E-01-0.951596367E-01
-0.943624380E-01-0.935707031E-01-0.927802528E-01-0.919870706E-01-0.911872872E-01
-0.903771655E-01-0.895530868E-01-0.887115375E-01-0.878490971E-01-0.869624262E-01
-0.860482558E-01-0.851033768E-01-0.841246308E-01-0.831089006E-01-0.820531020E-01
-0.809541768E-01-0.798090860E-01-0.786148055E-01-0.773683228E-01-0.760666362E-01
-0.747067557E-01-0.732857058E-01-0.718005304E-01-0.702482977E-01-0.686261079E-01
-0.669310993E-01-0.651604559E-01-0.633114142E-01-0.613812702E-01-0.593673846E-01
-0.572671891E-01-0.550781900E-01-0.527979725E-01-0.504242036E-01-0.479546339E-01
-0.453870993E-01-0.427195217E-01-0.399499093E-01-0.370763559E-01-0.340970406E-01
-0.310102263E-01-0.278142586E-01-0.245075643E-01-0.210886495E-01-0.175560984E-01
-0.139085716E-01-0.101448053E-01-0.626361061E-02-0.226387296E-02 0.185544686E-02
 0.609531155E-02 0.104566048E-01 0.149401276E-01 0.195465928E-01 0.242766185E-01
 0.291307184E-01 0.341092906E-01 0.392126027E-01 0.444407740E-01 0.497937536E-01
 0.552712937E-01 0.608729183E-01 0.665978845E-01 0.724451382E-01 0.784132610E-01
 0.845004080E-01 0.907042356E-01 0.970218179E-01 0.103449549E+00 0.109983035E+00
 0.116616965E+00 0.123344969E+00 0.130159465E+00 0.137051477E+00 0.144010451E+00
 0.151024048E+00 0.158077938E+00 0.165155587E+00 0.172238061E+00 0.179303848E+00
 0.186328737E+00 0.193285761E+00 0.200145249E+00 0.206875008E+00 0.213440679E+00
 0.219806268E+00 0.225934884E+00 0.231789640E+00 0.237334694E+00 0.242536348E+00
 0.247364138E+00 0.251791834E+00 0.255798285E+00 0.259368070E+00 0.262491942E+00
 0.265167052E+00 0.267396957E+00 0.269191421E+00 0.270566000E+00 0.271541431E+00
 0.272142821E+00 0.272398684E+00 0.272339857E+00 0.271998391E+00 0.271406479E+00
-0.108309217E+00-0.112036864E+00-0.113882775E+00-0.113785612E+00-0.111975731E+00
-0.110021236E+00-0.108212433E+00-0.106541642E+00-0.105000948E+00-0.103581415E+00
-0.102273511E+00-0.101067482E+00-0.999536388E-01-0.989225603E-01-0.979652284E-01
-0.970731040E-01-0.962381602E-01-0.954528861E-01-0.947102707E-01-0.940037744E-01
-0.933272932E-01-0.926751215E-01-0.920419132E-01-0.914226447E-01-0.908125793E-01
-0.902072355E-01-0.896023562E-01-0.889938822E-01-0.883779271E-01-0.877507553E-01
-0.871087619E-01-0.864484542E-01-0.857664361E-01-0.850593918E-01-0.843240734E-01
-0.835572870E-01-0.827558814E-01-0.819167361E-01-0.810367511E-01-0.801128367E-01
-0.791419049E-01-0.781208624E-01-0.770466073E-01-0.759160282E-01-0.747260069E-01
-0.734734244E-01-0.721551692E-01-0.707681469E-01-0.693092920E-01-0.677755787E-01
-0.661640321E-01-0.644717392E-01-0.626958588E-01-0.608336294E-01-0.588823782E-01
-0.568395263E-01-0.547025950E-01-0.524692093E-01-0.501371011E-01-0.477041114E-01
-0.451681917E-01-0.425274045E-01-0.397799236E-01-0.369240331E-01-0.339581270E-01
-0.308807082E-01-0.276903866E-01-0.243858783E-01-0.209660043E-01-0.174296893E-01
-0.137759615E-01-0.100039519E-01-0.611289528E-02-0.210213142E-02 0.202889280E-02
 0.628061988E-02 0.106533769E-01 0.151473693E-01 0.197626724E-01 0.244992217E-01
 0.293567993E-01 0.343350191E-01 0.394333073E-01 0.446508803E-01 0.499867181E-01
 0.554395323E-01 0.610077301E-01 0.666893710E-01 0.724821177E-01 0.783831798E-01
 0.843892485E-01 0.904964241E-01 0.967001337E-01 0.102995039E+00 0.109374935E+00
 0.115832639E+00 0.122359873E+00 0.128947133E+00 0.135583561E+00 0.142256813E+00
 0.148952925E+00 0.155656202E+00 0.162349120E+00 0.169012257E+00 0.175624277E+00
 0.182161973E+00 0.188600382E+00 0.194913001E+00 0.201072099E+00 0.207049146E+00
 0.212815339E+00 0.218342226E+00 0.223602390E+00 0.228570163E+00 0.233222326E+00
 0.237538764E+00 0.241503023E+00 0.245102760E+00 0.248330053E+00 0.251181568E+00
 0.253658575E+00 0.255766818E+00 0.257516236E+00 0.258920554E+00 0.259996754E+00
 0.260764450E+00 0.261245208E+00 0.261461837E+00 0.261437711E+00-0.101193793E+00
-0.104796309E+00-0.106577452E+00-0.106465656E+00-0.104801218E+00-0.102907539E+00
-0.101179921E+00-0.996188671E-01-0.982124593E-01-0.969475790E-01-0.958107395E-01
-0.947886186E-01-0.938684246E-01-0.930381181E-01-0.922865236E-01-0.916033617E-01
-0.909792289E-01-0.904055463E-01-0.898744908E-01-0.893789198E-01-0.889122959E-01
-0.884686140E-01-0.880423345E-01-0.876283223E-01-0.872217925E-01-0.868182618E-01
-0.864135063E-01-0.860035236E-01-0.855845006E-01-0.851527842E-01-0.847048560E-01
-0.842373107E-01-0.837468361E-01-0.832301954E-01-0.826842120E-01-0.821057547E-01
-0.814917238E-01-0.808390375E-01-0.801446181E-01-0.794053777E-01-0.786182050E-01
-0.777799537E-01-0.768874361E-01-0.759374230E-01-0.749266497E-01-0.738518263E-01
-0.727096526E-01-0.714968353E-01-0.702101054E-01-0.688462363E-01-0.674020602E-01
-0.658744834E-01-0.642604996E-01-0.625572023E-01-0.607617946E-01-0.588715982E-01
-0.568840596E-01-0.547967550E-01-0.526073940E-01-0.503138217E-01-0.479140206E-01
-0.454061113E-01-0.427883523E-01-0.400591396E-01-0.372170055E-01-0.342606176E-01
-0.311887770E-01-0.280004167E-01-0.246946010E-01-0.212705235E-01-0.177275074E-01
-0.140650047E-01-0.102825972E-01-0.637999833E-02-0.235705497E-02 0.178624833E-02
 0.604978450E-02 0.104332774E-01 0.149362934E-01 0.195582310E-01 0.242983084E-01
 0.291555481E-01 0.341287584E-01 0.392165127E-01 0.444171239E-01 0.497286157E-01
 0.551486887E-01 0.606746828E-01 0.663035333E-01 0.720317222E-01 0.778552233E-01
 0.837694421E-01 0.897691486E-01 0.958484051E-01 0.102000488E+00 0.108217807E+00
 0.114491818E+00 0.120812934E+00 0.127170445E+00 0.133552433E+00 0.139945702E+00
 0.146335720E+00 0.152706585E+00 0.159041022E+00 0.165320411E+00 0.171524869E+00
 0.177633384E+00 0.183624007E+00 0.189474117E+00 0.195160741E+00 0.200660940E+00
 0.205952243E+00 0.211013109E+00 0.215823405E+00 0.220364871E+00 0.224621551E+00
 0.228580168E+00 0.232230427E+00 0.235565225E+00 0.238580778E+00 0.241276631E+00
 0.243655584E+00 0.245723512E+00 0.247489098E+00 0.248963500E+00 0.250159946E+00
 0.251093306E+00 0.251779634E+00 0.252235730E+00-0.936810557E-01-0.972064549E-01
-0.989263513E-01-0.987864167E-01-0.968962073E-01-0.950700786E-01-0.934706718E-01
-0.920725400E-01-0.908562769E-01-0.898020618E-01-0.888906146E-01-0.881038454E-01
-0.874251858E-01-0.868396973E-01-0.863340376E-01-0.858963505E-01-0.855161176E-01
-0.851840005E-01-0.848916861E-01-0.846317437E-01-0.843974975E-01-0.841829131E-01
-0.839825007E-01-0.837912303E-01-0.836044594E-01-0.834178714E-01-0.832274226E-01
-0.830292968E-01-0.828198666E-01-0.825956606E-01-0.823533340E-01-0.820896454E-01
-0.818014344E-01-0.814856048E-01-0.811391075E-01-0.807589269E-01-0.803420667E-01
-0.798855359E-01-0.793863310E-01-0.788414162E-01-0.782476977E-01-0.776019998E-01
-0.769010509E-01-0.761414845E-01-0.753198515E-01-0.744326410E-01-0.734763066E-01
-0.724472944E-01-0.713420725E-01-0.701571579E-01-0.688891401E-01-0.675347006E-01
-0.660906303E-01-0.645538448E-01-0.629213987E-01-0.611904952E-01-0.593584938E-01
-0.574229142E-01-0.553814396E-01-0.532319182E-01-0.509723655E-01-0.486009643E-01
-0.461160643E-01-0.435161809E-01-0.407999935E-01-0.379663431E-01-0.350142308E-01
-0.319428151E-01-0.287514100E-01-0.254394839E-01-0.220066579E-01-0.184527060E-01
-0.147775547E-01-0.109812849E-01-0.706413371E-02-0.302649800E-02 0.113106114E-02
 0.540781227E-02 0.980284588E-02 0.143150650E-01 0.189431735E-01 0.236856625E-01
 0.285407938E-01 0.335065811E-01 0.385807676E-01 0.437608008E-01 0.490438037E-01
 0.544265423E-01 0.599053892E-01 0.654762832E-01 0.711346854E-01 0.768755309E-01
 0.826931775E-01 0.885813507E-01 0.945330868E-01 0.100540675E+00 0.106595597E+00
 0.112688475E+00 0.118809016E+00 0.124945966E+00 0.131087081E+00 0.137219102E+00
 0.143327759E+00 0.149397794E+00 0.155413013E+00 0.161356375E+00 0.167210114E+00
 0.172955908E+00 0.178575080E+00 0.184048844E+00 0.189358582E+00 0.194486150E+00
 0.199414194E+00 0.204126476E+00 0.208608187E+00 0.212846231E+00 0.216829483E+00
 0.220548986E+00 0.223998099E+00 0.227172585E+00 0.230070625E+00 0.232692770E+00
 0.235041840E+00 0.237122752E+00 0.238942315E+00 0.240508977E+00 0.241832559E+00
 0.242923970E+00 0.243794926E+00-0.848676351E-01-0.882285214E-01-0.898711782E-01
-0.897416925E-01-0.880356495E-01-0.863652139E-01-0.849702838E-01-0.838162544E-01
-0.828712037E-01-0.821050044E-01-0.814905085E-01-0.810039408E-01-0.806248108E-01
-0.803355927E-01-0.801213284E-01-0.799692311E-01-0.798683257E-01-0.798091381E-01
-0.797834323E-01-0.797839929E-01-0.798044446E-01-0.798391037E-01-0.798828561E-01
-0.799310559E-01-0.799794417E-01-0.800240675E-01-0.800612437E-01-0.800874896E-01
-0.800994913E-01-0.800940682E-01-0.800681435E-01-0.800187199E-01-0.799428593E-01
-0.798376664E-01-0.797002749E-01-0.795278368E-01-0.793175136E-01-0.790664667E-01
-0.787718424E-01-0.784307453E-01-0.780401865E-01-0.775970069E-01-0.770978481E-01
-0.765391614E-01-0.759172395E-01-0.752282589E-01-0.744683267E-01-0.736335288E-01
-0.727199773E-01-0.717238529E-01-0.706414377E-01-0.694691322E-01-0.682034739E-01
-0.668411584E-01-0.653790597E-01-0.638142433E-01-0.621439723E-01-0.603657058E-01
-0.584770977E-01-0.564759996E-01-0.543604633E-01-0.521287407E-01-0.497792822E-01
-0.473107335E-01-0.447219326E-01-0.420119062E-01-0.391798669E-01-0.362252093E-01
-0.331475072E-01-0.299465105E-01-0.266221439E-01-0.231745052E-01-0.196038649E-01
-0.159106670E-01-0.120955303E-01-0.815925084E-02-0.410280586E-02 0.726416032E-04
 0.436573617E-02 0.877492227E-02 0.132984345E-01 0.179342860E-01 0.226802550E-01
 0.275338687E-01 0.324923849E-01 0.375527712E-01 0.427116818E-01 0.479654303E-01
 0.533099618E-01 0.587408205E-01 0.642531156E-01 0.698414855E-01 0.755000590E-01
 0.812224162E-01 0.870015484E-01 0.928298193E-01 0.986989270E-01 0.104599871E+00
 0.110522921E+00 0.116457602E+00 0.122392675E+00 0.128316145E+00 0.134215277E+00
 0.140076633E+00 0.145886128E+00 0.151629112E+00 0.157290478E+00 0.162854793E+00
 0.168306457E+00 0.173629882E+00 0.178809692E+00 0.183830938E+00 0.188679316E+00
 0.193341388E+00 0.197804790E+00 0.202058425E+00 0.206092628E+00 0.209899306E+00
 0.213472027E+00 0.216806084E+00 0.219898506E+00 0.222748038E+00 0.225355076E+00
 0.227721570E+00 0.229850904E+00 0.231747752E+00 0.233417923E+00 0.234868198E+00
 0.236106172E+00-0.747708830E-01-0.778805441E-01-0.794326497E-01-0.793643705E-01
-0.779992385E-01-0.766126361E-01-0.755523234E-01-0.747707044E-01-0.742153668E-01
-0.738423145E-01-0.736158768E-01-0.735074739E-01-0.734942164E-01-0.735576658E-01
-0.736828334E-01-0.738574042E-01-0.740711419E-01-0.743154363E-01-0.745829568E-01
-0.748673850E-01-0.751632078E-01-0.754655550E-01-0.757700700E-01-0.760728076E-01
-0.763701510E-01-0.766587441E-01-0.769354360E-01-0.771972357E-01-0.774412736E-01
-0.776647694E-01-0.778650063E-01-0.780393082E-01-0.781850221E-01-0.782995048E-01
-0.783801137E-01-0.784242035E-01-0.784291293E-01-0.783922577E-01-0.783109831E-01
-0.781827321E-01-0.780048890E-01-0.777744125E-01-0.774878192E-01-0.771412628E-01
-0.767306257E-01-0.762516050E-01-0.756997918E-01-0.750707468E-01-0.743600779E-01
-0.735635196E-01-0.726769924E-01-0.716965543E-01-0.706184206E-01-0.694390044E-01
-0.681549559E-01-0.667631907E-01-0.652608889E-01-0.636454564E-01-0.619145168E-01
-0.600659224E-01-0.580977656E-01-0.560083812E-01-0.537963363E-01-0.514604235E-01
-0.489996558E-01-0.464132626E-01-0.437006847E-01-0.408615684E-01-0.378957604E-01
-0.348033038E-01-0.315844347E-01-0.282395799E-01-0.247693560E-01-0.211745681E-01
-0.174562115E-01-0.136154721E-01-0.965372902E-02-0.557255825E-02-0.137373671E-02
 0.294075179E-02 0.736870948E-02 0.119077159E-01 0.165551174E-01 0.213080151E-01
 0.261632505E-01 0.311173895E-01 0.361667045E-01 0.413071537E-01 0.465343600E-01
 0.518435869E-01 0.572297136E-01 0.626872086E-01 0.682101033E-01 0.737919649E-01
 0.794258701E-01 0.851043803E-01 0.908195202E-01 0.965627589E-01 0.102324997E+00
 0.108096563E+00 0.113867210E+00 0.119626138E+00 0.125362009E+00 0.131062993E+00
 0.136716821E+00 0.142310851E+00 0.147832160E+00 0.153267643E+00 0.158604135E+00
 0.163828537E+00 0.168927964E+00 0.173889886E+00 0.178702279E+00 0.183353774E+00
 0.187833791E+00 0.192132660E+00 0.196241731E+00 0.200153455E+00 0.203861440E+00
 0.207360491E+00 0.210646614E+00 0.213717002E+00 0.216570005E+00 0.219205079E+00
 0.221622726E+00 0.223824425E+00 0.225812572E+00 0.227590408E+00 0.229161961E+00
-0.634105985E-01-0.661917871E-01-0.676371050E-01-0.677121872E-01-0.664973452E-01
-0.656042694E-01-0.651115788E-01-0.649039835E-01-0.649036311E-01-0.650562489E-01
-0.653235032E-01-0.656776796E-01-0.660982218E-01-0.665695003E-01-0.670793531E-01
-0.676181122E-01-0.681779383E-01-0.687523557E-01-0.693359197E-01-0.699239732E-01
-0.705124660E-01-0.710978176E-01-0.716768111E-01-0.722465107E-01-0.728041950E-01
-0.733473045E-01-0.738733976E-01-0.743801152E-01-0.748651501E-01-0.753262215E-01
-0.757610540E-01-0.761673587E-01-0.765428184E-01-0.768850756E-01-0.771917253E-01
-0.774603147E-01-0.776883556E-01-0.778733652E-01-0.780129727E-01-0.781051918E-01
-0.781491318E-01-0.781419141E-01-0.780796403E-01-0.779578316E-01-0.777716508E-01
-0.775160343E-01-0.771857881E-01-0.767756761E-01-0.762805281E-01-0.756954258E-01
-0.750161114E-01-0.742382329E-01-0.733575508E-01-0.723700619E-01-0.712721041E-01
-0.700604535E-01-0.687323527E-01-0.672851914E-01-0.657165312E-01-0.640241898E-01
-0.622063026E-01-0.602613265E-01-0.581879792E-01-0.559852215E-01-0.536522618E-01
-0.511885569E-01-0.485938008E-01-0.458679138E-01-0.430110354E-01-0.400235175E-01
-0.369059199E-01-0.336590071E-01-0.302837465E-01-0.267813070E-01-0.231530586E-01
-0.194005725E-01-0.155256218E-01-0.115301829E-01-0.741643760E-02-0.318677619E-02
 0.115619827E-02 0.560966469E-02 0.101705771E-01 0.148356563E-01 0.196013802E-01
 0.244639726E-01 0.294193900E-01 0.344633080E-01 0.395911053E-01 0.447978478E-01
 0.500782709E-01 0.554267625E-01 0.608373452E-01 0.663036593E-01 0.718189473E-01
 0.773760399E-01 0.829673451E-01 0.885848406E-01 0.942200716E-01 0.998641537E-01
 0.105507783E+00 0.111141254E+00 0.116754487E+00 0.122337063E+00 0.127878275E+00
 0.133367180E+00 0.138792670E+00 0.144143552E+00 0.149408627E+00 0.154576791E+00
 0.159637126E+00 0.164579000E+00 0.169392165E+00 0.174066844E+00 0.178593817E+00
 0.182964491E+00 0.187170951E+00 0.191206009E+00 0.195063219E+00 0.198736893E+00
 0.202222090E+00 0.205514601E+00 0.208610933E+00 0.211508286E+00 0.214204535E+00
 0.216698231E+00 0.218988602E+00 0.221075581E+00 0.222959834E+00-0.494428945E-01
-0.514299082E-01-0.527069522E-01-0.532711700E-01-0.530480402E-01-0.532182869E-01
-0.536908247E-01-0.543311449E-01-0.550759499E-01-0.558891759E-01-0.567483017E-01
-0.576382753E-01-0.585484865E-01-0.594711261E-01-0.604002351E-01-0.613311222E-01
-0.622599895E-01-0.631836817E-01-0.640995124E-01-0.650051399E-01-0.658984756E-01
-0.667776152E-01-0.676407849E-01-0.684862998E-01-0.693125296E-01-0.701178708E-01
-0.709007229E-01-0.716594685E-01-0.723924552E-01-0.730979803E-01-0.737742753E-01
-0.744194928E-01-0.750316931E-01-0.756088303E-01-0.761487382E-01-0.766491116E-01
-0.771074760E-01-0.775211255E-01-0.778869678E-01-0.782011114E-01-0.784753015E-01
-0.787033415E-01-0.788793360E-01-0.789973750E-01-0.790514277E-01-0.790353267E-01
-0.789427812E-01-0.787673787E-01-0.785025223E-01-0.781412071E-01-0.776816856E-01
-0.771184652E-01-0.764464197E-01-0.756607699E-01-0.747572091E-01-0.737322915E-01
-0.725844613E-01-0.713110112E-01-0.699091473E-01-0.683764457E-01-0.667110792E-01
-0.649118498E-01-0.629776961E-01-0.609077375E-01-0.587013814E-01-0.563583580E-01
-0.538786570E-01-0.512625055E-01-0.485103630E-01-0.456229111E-01-0.426010484E-01
-0.394458885E-01-0.361587578E-01-0.327411943E-01-0.291949462E-01-0.255219711E-01
-0.217244344E-01-0.178047088E-01-0.137653735E-01-0.960921410E-02-0.533922294E-02
-0.958601171E-03 0.352923859E-02 0.812066812E-02 0.128118381E-01 0.175986714E-01
 0.224768555E-01 0.274418330E-01 0.324887928E-01 0.376126593E-01 0.428080819E-01
 0.480694249E-01 0.533907571E-01 0.587658428E-01 0.641881340E-01 0.696507644E-01
 0.751465466E-01 0.806679713E-01 0.862072119E-01 0.917561323E-01 0.973063013E-01
 0.102849011E+00 0.108375305E+00 0.113876008E+00 0.119341766E+00 0.124763094E+00
 0.130130425E+00 0.135434168E+00 0.140664770E+00 0.145812775E+00 0.150868892E+00
 0.155824051E+00 0.160669462E+00 0.165396660E+00 0.169997549E+00 0.174464421E+00
 0.178789976E+00 0.182967317E+00 0.186989935E+00 0.190851687E+00 0.194546762E+00
 0.198069643E+00 0.201415089E+00 0.204578114E+00 0.207554006E+00 0.210338369E+00
 0.212927200E+00 0.215317009E+00 0.217504956E+00-0.328739494E-01-0.333563109E-01
-0.343895250E-01-0.359877978E-01-0.380255993E-01-0.399832762E-01-0.417739639E-01
-0.434557085E-01-0.450617666E-01-0.466103194E-01-0.481121331E-01-0.495740199E-01
-0.510005058E-01-0.523947051E-01-0.537588109E-01-0.550943852E-01-0.564025393E-01
-0.576840472E-01-0.589394210E-01-0.601689603E-01-0.613727855E-01-0.625508596E-01
-0.637030037E-01-0.648289058E-01-0.659281266E-01-0.670001023E-01-0.680441449E-01
-0.690594408E-01-0.700450480E-01-0.709998915E-01-0.719227571E-01-0.728122836E-01
-0.736669536E-01-0.744850819E-01-0.752648032E-01-0.760040617E-01-0.767006130E-01
-0.773520674E-01-0.779560542E-01-0.785107258E-01-0.790285367E-01-0.795030323E-01
-0.799276776E-01-0.802957373E-01-0.806002722E-01-0.808341916E-01-0.809903391E-01
-0.810615987E-01-0.810410214E-01-0.809220095E-01-0.806986991E-01-0.803651447E-01
-0.799154171E-01-0.793435315E-01-0.786431824E-01-0.778070980E-01-0.768457129E-01
-0.757524319E-01-0.745224911E-01-0.731524378E-01-0.716403841E-01-0.699872329E-01
-0.681919923E-01-0.662535641E-01-0.641714415E-01-0.619458582E-01-0.595771842E-01
-0.570659764E-01-0.544130544E-01-0.516194534E-01-0.486864223E-01-0.456154343E-01
-0.424081841E-01-0.390665867E-01-0.355927762E-01-0.319891037E-01-0.282581340E-01
-0.244026416E-01-0.204256067E-01-0.163302106E-01-0.121198324E-01-0.779804592E-02
-0.336861867E-02 0.116448842E-02 0.579711962E-02 0.105249219E-01 0.153433416E-01
 0.202476201E-01 0.252327890E-01 0.302936653E-01 0.354248463E-01 0.406207047E-01
 0.458753846E-01 0.511827985E-01 0.565366250E-01 0.619303095E-01 0.673570654E-01
 0.728098801E-01 0.782815219E-01 0.837645520E-01 0.892513399E-01 0.947340825E-01
 0.100204828E+00 0.105655504E+00 0.111077951E+00 0.116463954E+00 0.121805287E+00
 0.127093750E+00 0.132321210E+00 0.137479643E+00 0.142561172E+00 0.147558095E+00
 0.152462915E+00 0.157268350E+00 0.161967340E+00 0.166553030E+00 0.171018744E+00
 0.175357943E+00 0.179564159E+00 0.183630927E+00 0.187551699E+00 0.191319768E+00
 0.194928202E+00 0.198369803E+00 0.201637126E+00 0.204722553E+00 0.207618446E+00
 0.210317377E+00 0.212812423E+00-0.178397018E-01-0.172280417E-01-0.180709596E-01
-0.204086201E-01-0.240457071E-01-0.273797778E-01-0.302929557E-01-0.329131184E-01
-0.353205453E-01-0.375667668E-01-0.396860871E-01-0.417022111E-01-0.436320769E-01
-0.454881399E-01-0.472797824E-01-0.490142128E-01-0.506970567E-01-0.523327554E-01
-0.539248423E-01-0.554761371E-01-0.569888858E-01-0.584648624E-01-0.599054441E-01
-0.613116671E-01-0.626842687E-01-0.640237183E-01-0.653302401E-01-0.666038305E-01
-0.678442689E-01-0.690511247E-01-0.702237601E-01-0.713613290E-01-0.724627713E-01
-0.735268004E-01-0.745518827E-01-0.755362000E-01-0.764775804E-01-0.773733652E-01
-0.782201336E-01-0.790329887E-01-0.798088775E-01-0.805426774E-01-0.812280055E-01
-0.818576826E-01-0.824240155E-01-0.829189792E-01-0.833344357E-01-0.836623725E-01
-0.838950947E-01-0.840253340E-01-0.840462887E-01-0.839515252E-01-0.837349410E-01
-0.833907655E-01-0.829136430E-01-0.822989532E-01-0.815437890E-01-0.806438556E-01
-0.795943123E-01-0.783898214E-01-0.770241536E-01-0.755169260E-01-0.738608506E-01
-0.720521447E-01-0.700898771E-01-0.679769358E-01-0.657138968E-01-0.633013810E-01
-0.607407399E-01-0.580333747E-01-0.551808499E-01-0.521850113E-01-0.490479325E-01
-0.457719112E-01-0.423594795E-01-0.388133972E-01-0.351366449E-01-0.313324171E-01
-0.274041128E-01-0.233553250E-01-0.191898311E-01-0.149115851E-01-0.105247115E-01
-0.603350145E-02-0.144241047E-02 0.324394273E-02 0.802077633E-02 0.128831450E-01
 0.178259391E-01 0.228438841E-01 0.279315396E-01 0.330832996E-01 0.382933927E-01
 0.435558837E-01 0.488646764E-01 0.542135177E-01 0.595960039E-01 0.650055886E-01
 0.704355935E-01 0.758792214E-01 0.813295727E-01 0.867796637E-01 0.922224487E-01
 0.976508442E-01 0.103057756E+00 0.108436106E+00 0.113778864E+00 0.119079076E+00
 0.124329891E+00 0.129524585E+00 0.134656582E+00 0.139719468E+00 0.144706987E+00
 0.149613037E+00 0.154431641E+00 0.159156899E+00 0.163782928E+00 0.168303765E+00
 0.172713255E+00 0.177004909E+00 0.181171744E+00 0.185206114E+00 0.189099541E+00
 0.192842598E+00 0.196424845E+00 0.199834899E+00 0.203060656E+00 0.206089678E+00
 0.208909748E+00-0.574100028E-02-0.466464820E-02-0.538665621E-02-0.797693924E-02
-0.123290882E-01-0.163259736E-01-0.199269644E-01-0.232127122E-01-0.262431184E-01
-0.290654849E-01-0.317163673E-01-0.342239143E-01-0.366099301E-01-0.388914767E-01
-0.410820584E-01-0.431924849E-01-0.452314974E-01-0.472062265E-01-0.491225282E-01
-0.509852354E-01-0.527983457E-01-0.545651646E-01-0.562884151E-01-0.579703220E-01
-0.596126777E-01-0.612168929E-01-0.627840360E-01-0.643148639E-01-0.658098443E-01
-0.672691730E-01-0.686927856E-01-0.700803636E-01-0.714313384E-01-0.727448888E-01
-0.740199363E-01-0.752551330E-01-0.764488406E-01-0.775990836E-01-0.787034297E-01
-0.797793107E-01-0.808221245E-01-0.818258343E-01-0.827833137E-01-0.836863450E-01
-0.845257854E-01-0.852922198E-01-0.859763965E-01-0.865694426E-01-0.870629829E-01
-0.874491917E-01-0.877207866E-01-0.878709906E-01-0.878935032E-01-0.877824937E-01
-0.875326191E-01-0.871390539E-01-0.865974582E-01-0.859035956E-01-0.850533020E-01
-0.840426122E-01-0.828682256E-01-0.815289383E-01-0.800215311E-01-0.783419416E-01
-0.764854802E-01-0.744794319E-01-0.723161939E-01-0.699940297E-01-0.675172463E-01
-0.648872058E-01-0.621053775E-01-0.591741710E-01-0.560960569E-01-0.528736842E-01
-0.495100078E-01-0.460082249E-01-0.423717600E-01-0.386042635E-01-0.347095923E-01
-0.306917872E-01-0.265550540E-01-0.223037490E-01-0.179423695E-01-0.134755461E-01
-0.890803898E-02-0.424473426E-02 0.509358742E-03 0.534910966E-02 0.102692695E-01
 0.152644733E-01 0.203292430E-01 0.254579910E-01 0.306450246E-01 0.358845508E-01
 0.411706829E-01 0.464974476E-01 0.518587944E-01 0.572486058E-01 0.626607100E-01
 0.680888952E-01 0.735269260E-01 0.789685621E-01 0.844075782E-01 0.898377863E-01
 0.952530589E-01 0.100647352E+00 0.106014731E+00 0.111349391E+00 0.116645675E+00
 0.121898095E+00 0.127101338E+00 0.132250265E+00 0.137339906E+00 0.142365428E+00
 0.147322098E+00 0.152205208E+00 0.157009986E+00 0.161731458E+00 0.166364279E+00
 0.170902513E+00 0.175339357E+00 0.179666828E+00 0.183875394E+00 0.187953628E+00
 0.191887910E+00 0.195662324E+00 0.199258864E+00 0.202658068E+00 0.205840057E+00
 0.376838578E-02 0.504168972E-02 0.438619365E-02 0.173213418E-02-0.250850732E-02
-0.682644055E-02-0.108334562E-01-0.145565815E-01-0.180321889E-01-0.212936204E-01
-0.243699816E-01-0.272860400E-01-0.300626011E-01-0.327170524E-01-0.352639166E-01
-0.377153468E-01-0.400815447E-01-0.423711033E-01-0.445912834E-01-0.467482354E-01
-0.488471766E-01-0.508925328E-01-0.528880529E-01-0.548368996E-01-0.567417231E-01
-0.586047206E-01-0.604276833E-01-0.622120344E-01-0.639588590E-01-0.656689273E-01
-0.673427128E-01-0.689804056E-01-0.705819234E-01-0.721469213E-01-0.736748063E-01
-0.751647679E-01-0.766158556E-01-0.780271891E-01-0.793985399E-01-0.807469746E-01
-0.820668639E-01-0.833513723E-01-0.845917979E-01-0.857778713E-01-0.868988443E-01
-0.879440864E-01-0.889034855E-01-0.897675919E-01-0.905276211E-01-0.911754067E-01
-0.917033450E-01-0.921043426E-01-0.923717821E-01-0.924995043E-01-0.924818040E-01
-0.923134275E-01-0.919895586E-01-0.915057797E-01-0.908580832E-01-0.900429236E-01
-0.890572796E-01-0.878986069E-01-0.865642654E-01-0.850514069E-01-0.833573583E-01
-0.814813276E-01-0.794201595E-01-0.771692987E-01-0.747678926E-01-0.722064103E-01
-0.694832864E-01-0.666046188E-01-0.635728628E-01-0.603905662E-01-0.570613412E-01
-0.535888757E-01-0.499770465E-01-0.462300332E-01-0.423522303E-01-0.383481959E-01
-0.342226159E-01-0.299802855E-01-0.256260982E-01-0.211650413E-01-0.166021912E-01
-0.119427105E-01-0.719184449E-02-0.235491664E-02 0.256267574E-02 0.755546704E-02
 0.126179293E-01 0.177444790E-01 0.229294842E-01 0.281672731E-01 0.334521425E-01
 0.387783686E-01 0.441402173E-01 0.495319573E-01 0.549478738E-01 0.603822836E-01
 0.658295525E-01 0.712841132E-01 0.767404854E-01 0.821932970E-01 0.876373053E-01
 0.930674196E-01 0.984787225E-01 0.103866490E+00 0.109226211E+00 0.114553599E+00
 0.119844598E+00 0.125095389E+00 0.130302371E+00 0.135462139E+00 0.140571436E+00
 0.145627084E+00 0.150625874E+00 0.155564423E+00 0.160438962E+00 0.165245057E+00
 0.169977226E+00 0.174628430E+00 0.179189414E+00 0.183647884E+00 0.187987585E+00
 0.192187461E+00 0.196221348E+00 0.200058786E+00 0.203667269E+00 0.121652530E-01
 0.136073393E-01 0.130120090E-01 0.103126919E-01 0.583873891E-02 0.131647730E-02
-0.294101814E-02-0.695271917E-02-0.107403404E-01-0.143258471E-01-0.177302516E-01
-0.209729380E-01-0.240713681E-01-0.270410340E-01-0.298955504E-01-0.326468134E-01
-0.353051840E-01-0.378796708E-01-0.403780996E-01-0.428072649E-01-0.451730625E-01
-0.474806028E-01-0.497343079E-01-0.519379930E-01-0.540949350E-01-0.562079299E-01
-0.582793399E-01-0.603111330E-01-0.623049144E-01-0.642619522E-01-0.661831974E-01
-0.680692991E-01-0.699206148E-01-0.717372151E-01-0.735188759E-01-0.752650421E-01
-0.769747051E-01-0.786460332E-01-0.802982664E-01-0.819302704E-01-0.835374668E-01
-0.851118335E-01-0.866423839E-01-0.881170459E-01-0.895238236E-01-0.908514175E-01
-0.920893692E-01-0.932280137E-01-0.942583764E-01-0.951720770E-01-0.959612527E-01
-0.966185012E-01-0.971368447E-01-0.975097109E-01-0.977309290E-01-0.977947347E-01
-0.976957811E-01-0.974291560E-01-0.969904109E-01-0.963755989E-01-0.955813068E-01
-0.946046568E-01-0.934432627E-01-0.920952404E-01-0.905592633E-01-0.888345208E-01
-0.869200674E-01-0.848147434E-01-0.825187785E-01-0.800276018E-01-0.773378955E-01
-0.744995530E-01-0.715017319E-01-0.683434481E-01-0.650324831E-01-0.615726174E-01
-0.579677794E-01-0.542229917E-01-0.503433700E-01-0.463341170E-01-0.422004657E-01
-0.379476844E-01-0.335810827E-01-0.291060165E-01-0.245278894E-01-0.198521523E-01
-0.150842995E-01-0.102298631E-01-0.529440640E-02-0.283515455E-03 0.479720984E-02
 0.994216546E-02 0.151457535E-01 0.204023930E-01 0.257065314E-01 0.310526565E-01
 0.364353094E-01 0.418490986E-01 0.472887143E-01 0.527489455E-01 0.582246965E-01
 0.637110067E-01 0.692030700E-01 0.746962563E-01 0.801861339E-01 0.856684918E-01
 0.911393630E-01 0.965950463E-01 0.102032128E+00 0.107447498E+00 0.112838366E+00
 0.118202270E+00 0.123537075E+00 0.128840960E+00 0.134112393E+00 0.139350084E+00
 0.144552900E+00 0.149719750E+00 0.154849406E+00 0.159940236E+00 0.164989813E+00
 0.169994333E+00 0.174947721E+00 0.179840265E+00 0.184656517E+00 0.189372237E+00
 0.193950861E+00 0.198342131E+00 0.202487564E+00 0.194822625E-01 0.210380937E-01
 0.205084230E-01 0.177692917E-01 0.129388816E-01 0.828600690E-02 0.386740134E-02
-0.338628965E-03-0.434555964E-02-0.816798504E-02-0.118208723E-01-0.153189195E-01
-0.186761261E-01-0.219055376E-01-0.250191221E-01-0.280277359E-01-0.309411484E-01
-0.337680994E-01-0.365163754E-01-0.391928911E-01-0.418037714E-01-0.443544295E-01
-0.468496373E-01-0.492935903E-01-0.516899634E-01-0.540419606E-01-0.563523565E-01
-0.586235331E-01-0.608575088E-01-0.630559635E-01-0.652202583E-01-0.673514515E-01
-0.694503130E-01-0.715173421E-01-0.735528028E-01-0.755568143E-01-0.775295956E-01
-0.794721245E-01-0.814051631E-01-0.833249662E-01-0.852245616E-01-0.870924490E-01
-0.889151971E-01-0.906793742E-01-0.923724664E-01-0.939830274E-01-0.955005548E-01
-0.969153318E-01-0.982182865E-01-0.994008780E-01-0.100455012E+00-0.101372981E+00
-0.102147434E+00-0.102771360E+00-0.103238090E+00-0.103541315E+00-0.103675102E+00
-0.103633931E+00-0.103412727E+00-0.103006902E+00-0.102412404E+00-0.101625752E+00
-0.100644080E+00-0.994651890E-01-0.980875861E-01-0.965104999E-01-0.947338214E-01
-0.927580692E-01-0.905842959E-01-0.882133197E-01-0.856457029E-01-0.828825883E-01
-0.799185722E-01-0.767532531E-01-0.734438772E-01-0.699795624E-01-0.663609484E-01
-0.625974603E-01-0.586949531E-01-0.546594762E-01-0.504967851E-01-0.462126009E-01
-0.418126282E-01-0.373025825E-01-0.326881966E-01-0.279752197E-01-0.231694123E-01
-0.182765377E-01-0.133023514E-01-0.825258917E-02-0.313295459E-02 0.205089443E-02
 0.729335872E-02 0.125889112E-01 0.179321104E-01 0.233176140E-01 0.287401928E-01
 0.341947458E-01 0.396763155E-01 0.451801049E-01 0.507014953E-01 0.562360657E-01
 0.617796139E-01 0.673281787E-01 0.728780635E-01 0.784258620E-01 0.839684839E-01
 0.895031827E-01 0.950275827E-01 0.100539707E+00 0.106038005E+00 0.111521374E+00
 0.116989188E+00 0.122441307E+00 0.127878094E+00 0.133300413E+00 0.138709615E+00
 0.144107502E+00 0.149496265E+00 0.154878366E+00 0.160256356E+00 0.165632555E+00
 0.171008522E+00 0.176384063E+00 0.181755250E+00 0.187109809E+00 0.192414527E+00
 0.197583162E+00 0.202468195E+00 0.250519721E-01 0.266448157E-01 0.261243031E-01
 0.234156565E-01 0.189318587E-01 0.142239801E-01 0.970000906E-02 0.536197166E-02
 0.120106250E-02-0.279304261E-02-0.663146594E-02-0.103256137E-01-0.138867794E-01
-0.173258600E-01-0.206531692E-01-0.238783277E-01-0.270102133E-01-0.300569503E-01
-0.330259279E-01-0.359238340E-01-0.387566996E-01-0.415299457E-01-0.442484318E-01
-0.469165022E-01-0.495380281E-01-0.521164474E-01-0.546547992E-01-0.571557536E-01
-0.596216381E-01-0.620544581E-01-0.644559132E-01-0.668274068E-01-0.691700454E-01
-0.714846210E-01-0.737715573E-01-0.760307790E-01-0.782614117E-01-0.804855664E-01
-0.827051621E-01-0.849168173E-01-0.871101090E-01-0.892706525E-01-0.913835292E-01
-0.934349129E-01-0.954123081E-01-0.973043679E-01-0.991006713E-01-0.100791526E+00
-0.102367805E+00-0.103820819E+00-0.105142236E+00-0.106324029E+00-0.107358455E+00
-0.108238047E+00-0.108955633E+00-0.109504348E+00-0.109877670E+00-0.110069449E+00
-0.110073948E+00-0.109885890E+00-0.109500503E+00-0.108913575E+00-0.108121506E+00
-0.107121369E+00-0.105910971E+00-0.104488910E+00-0.102854621E+00-0.101008415E+00
-0.989514782E-01-0.966857786E-01-0.942139649E-01-0.915390976E-01-0.886636703E-01
-0.855893430E-01-0.823168713E-01-0.788425131E-01-0.751735767E-01-0.713677280E-01
-0.674181780E-01-0.633335453E-01-0.591191821E-01-0.547811934E-01-0.503255780E-01
-0.457583866E-01-0.410856791E-01-0.363135194E-01-0.314479608E-01-0.264950319E-01
-0.214607188E-01-0.163509487E-01-0.111715712E-01-0.592834105E-02-0.626901628E-03
 0.472723092E-02 0.101286825E-01 0.155722356E-01 0.210528436E-01 0.265656459E-01
 0.321059833E-01 0.376694149E-01 0.432517356E-01 0.488489968E-01 0.544575271E-01
 0.600739561E-01 0.656952404E-01 0.713186919E-01 0.769420085E-01 0.825633075E-01
 0.881811622E-01 0.937946410E-01 0.994033506E-01 0.105007481E+00 0.110607857E+00
 0.116205989E+00 0.121804137E+00 0.127405370E+00 0.133013642E+00 0.138633871E+00
 0.144272039E+00 0.149935314E+00 0.155632213E+00 0.161372839E+00 0.167169277E+00
 0.173036310E+00 0.178992931E+00 0.185066127E+00 0.191303294E+00 0.197757809E+00
 0.203669593E+00 0.301331714E-01 0.317854652E-01 0.312896897E-01 0.285744585E-01
 0.239956398E-01 0.192356640E-01 0.146443564E-01 0.102192572E-01 0.595337527E-02
 0.183840571E-02-0.213474954E-02-0.597556575E-02-0.969356613E-02-0.132980771E-01
-0.167980582E-01-0.202019924E-01-0.235178247E-01-0.267529337E-01-0.299141296E-01
-0.330076667E-01-0.360392673E-01-0.390141508E-01-0.419370659E-01-0.448123224E-01
-0.476438231E-01-0.504350928E-01-0.531893059E-01-0.559093107E-01-0.585976510E-01
-0.612565852E-01-0.638881029E-01-0.664939395E-01-0.690755879E-01-0.716343084E-01
-0.741711298E-01-0.766868223E-01-0.791817795E-01-0.816819546E-01-0.841865797E-01
-0.866878815E-01-0.891709799E-01-0.916192587E-01-0.940172976E-01-0.963513665E-01
-0.986091825E-01-0.100779604E+00-0.102852352E+00-0.104817774E+00-0.106666667E+00
-0.108390158E+00-0.109979643E+00-0.111426745E+00-0.112723316E+00-0.113861433E+00
-0.114833422E+00-0.115631879E+00-0.116249705E+00-0.116680136E+00-0.116916788E+00
-0.116953698E+00-0.116785379E+00-0.116406865E+00-0.115813776E+00-0.115002374E+00
-0.113969628E+00-0.112713276E+00-0.111231897E+00-0.109524969E+00-0.107592929E+00
-0.105437215E+00-0.103060293E+00-0.100465620E+00-0.976574687E-01-0.946406551E-01
-0.914199351E-01-0.879985572E-01-0.843762621E-01-0.805492434E-01-0.765193106E-01
-0.723639695E-01-0.680738910E-01-0.636586131E-01-0.591238631E-01-0.544761757E-01
-0.497219527E-01-0.448676198E-01-0.399195723E-01-0.348841581E-01-0.297676525E-01
-0.245762321E-01-0.193159496E-01-0.139927104E-01-0.861225207E-02-0.318012678E-02
 0.229831346E-02 0.781793081E-02 0.133738150E-01 0.189612969E-01 0.245759632E-01
 0.302136717E-01 0.358705690E-01 0.415431091E-01 0.472280756E-01 0.529226056E-01
 0.586242171E-01 0.643308399E-01 0.700408503E-01 0.757531109E-01 0.814670145E-01
 0.871825353E-01 0.929002862E-01 0.986215852E-01 0.104348531E+00 0.110084093E+00
 0.115832211E+00 0.121597927E+00 0.127387525E+00 0.133208725E+00 0.139070910E+00
 0.144985436E+00 0.150966045E+00 0.157029454E+00 0.163196231E+00 0.169492162E+00
 0.175950442E+00 0.182615124E+00 0.189545587E+00 0.196771502E+00 0.203482260E+00
 0.346731218E-01 0.363397372E-01 0.359185138E-01 0.331431826E-01 0.281909988E-01
 0.233942954E-01 0.187669451E-01 0.142919329E-01 0.996198320E-02 0.576901382E-02
 0.170446927E-02-0.224033372E-02-0.607396490E-02-0.980472192E-02-0.134405323E-01
-0.169888977E-01-0.204568672E-01-0.238510297E-01-0.271775194E-01-0.304420292E-01
-0.336498296E-01-0.368057900E-01-0.399144021E-01-0.429798024E-01-0.460057952E-01
-0.489958739E-01-0.519532416E-01-0.548808290E-01-0.577813124E-01-0.606571293E-01
-0.635104945E-01-0.663434189E-01-0.691577372E-01-0.719551627E-01-0.747374116E-01
-0.775065077E-01-0.802655384E-01-0.830405357E-01-0.858277600E-01-0.886134692E-01
-0.913794419E-01-0.941082907E-01-0.967847494E-01-0.993954170E-01-0.101928346E+00
-0.104372653E+00-0.106718187E+00-0.108955281E+00-0.111074591E+00-0.113067014E+00
-0.114923638E+00-0.116635727E+00-0.118194726E+00-0.119592269E+00-0.120820200E+00
-0.121870601E+00-0.122735820E+00-0.123408508E+00-0.123881657E+00-0.124148648E+00
-0.124203293E+00-0.124039896E+00-0.123653301E+00-0.123038959E+00-0.122192991E+00
-0.121112251E+00-0.119794400E+00-0.118237971E+00-0.116442441E+00-0.114408299E+00
-0.112137104E+00-0.109631540E+00-0.106895442E+00-0.103933789E+00-0.100752593E+00
-0.973585700E-01-0.937585401E-01-0.899585827E-01-0.859621649E-01-0.817666525E-01
-0.773645815E-01-0.728494623E-01-0.682103433E-01-0.634575817E-01-0.585973594E-01
-0.536366522E-01-0.485822534E-01-0.434409159E-01-0.382192886E-01-0.329238822E-01
-0.275610297E-01-0.221368527E-01-0.166572374E-01-0.111278185E-01-0.555396770E-02
 0.592168267E-04 0.570692015E-02 0.113846214E-01 0.170881053E-01 0.228134756E-01
 0.285571702E-01 0.343159785E-01 0.400870618E-01 0.458679771E-01 0.516567042E-01
 0.574516777E-01 0.632518243E-01 0.690566052E-01 0.748660666E-01 0.806808983E-01
 0.865025012E-01 0.923330685E-01 0.981756801E-01 0.104034416E+00 0.109914489E+00
 0.115822411E+00 0.121766189E+00 0.127755567E+00 0.133802324E+00 0.139920653E+00
 0.146127620E+00 0.152443758E+00 0.158893793E+00 0.165507532E+00 0.172320824E+00
 0.179376392E+00 0.186723937E+00 0.194409975E+00 0.201646660E+00 0.375442737E-01
 0.392192746E-01 0.387444877E-01 0.360450824E-01 0.315207539E-01 0.267464139E-01
 0.221157516E-01 0.176277600E-01 0.132731410E-01 0.904238089E-02 0.492628036E-02
 0.916156976E-03-0.299609862E-02-0.681803723E-02-0.105566923E-01-0.142186256E-01
-0.178099689E-01-0.213364591E-01-0.248034671E-01-0.282160229E-01-0.315788363E-01
-0.348963168E-01-0.381725904E-01-0.414115167E-01-0.446167033E-01-0.477915213E-01
-0.509391178E-01-0.540624292E-01-0.571641919E-01-0.602469522E-01-0.633130719E-01
-0.663647272E-01-0.694038925E-01-0.724322868E-01-0.754512396E-01-0.784613676E-01
-0.814890457E-01-0.845388616E-01-0.876037896E-01-0.906659276E-01-0.937059340E-01
-0.967067304E-01-0.996535681E-01-0.102533549E+00-0.105335123E+00-0.108047632E+00
-0.110660968E+00-0.113165371E+00-0.115551301E+00-0.117809389E+00-0.119930407E+00
-0.121905264E+00-0.123725016E+00-0.125380874E+00-0.126864232E+00-0.128166686E+00
-0.129280066E+00-0.130196469E+00-0.130908298E+00-0.131408304E+00-0.131689632E+00
-0.131745878E+00-0.131571137E+00-0.131160070E+00-0.130507968E+00-0.129610817E+00
-0.128465372E+00-0.127069226E+00-0.125420891E+00-0.123519866E+00-0.121366715E+00
-0.118963141E+00-0.116312048E+00-0.113417614E+00-0.110285332E+00-0.106922040E+00
-0.103335887E+00-0.995361367E-01-0.955324990E-01-0.913337401E-01-0.869455671E-01
-0.823672619E-01-0.775849488E-01-0.727033105E-01-0.677106571E-01-0.626179767E-01
-0.574319509E-01-0.521599581E-01-0.468091350E-01-0.413864589E-01-0.358986559E-01
-0.303521395E-01-0.247529928E-01-0.191069662E-01-0.134194785E-01-0.769561518E-02
-0.194012446E-02 0.384258817E-02 0.964846771E-02 0.154738190E-01 0.213153186E-01
 0.271700285E-01 0.330354143E-01 0.389093657E-01 0.447902223E-01 0.506768041E-01
 0.565684476E-01 0.624650492E-01 0.683671162E-01 0.742758277E-01 0.801931067E-01
 0.861217056E-01 0.920653092E-01 0.980286569E-01 0.104017690E+00 0.110039729E+00
 0.116103686E+00 0.122220327E+00 0.128402573E+00 0.134665875E+00 0.141028638E+00
 0.147512707E+00 0.154143876E+00 0.160952375E+00 0.167973201E+00 0.175246127E+00
 0.182815174E+00 0.190742819E+00 0.198399928E+00 0.400765649E-01 0.417387560E-01
 0.412635438E-01 0.385786422E-01 0.340538701E-01 0.293163794E-01 0.247248381E-01
 0.202684352E-01 0.159329215E-01 0.117059698E-01 0.757722323E-02 0.353795621E-02
-0.419320091E-03-0.430118975E-02-0.811357757E-02-0.118619183E-01-0.155512687E-01
-0.191863807E-01-0.227717476E-01-0.263116352E-01-0.298101019E-01-0.332710124E-01
-0.366980493E-01-0.400947211E-01-0.434643705E-01-0.468101814E-01-0.501351859E-01
-0.534422720E-01-0.567341902E-01-0.600135620E-01-0.632828883E-01-0.665445591E-01
-0.698008628E-01-0.730539883E-01-0.763059973E-01-0.795586942E-01-0.828426769E-01
-0.861580032E-01-0.894899708E-01-0.928173702E-01-0.961207249E-01-0.993834947E-01
-0.102591544E+00-0.105732499E+00-0.108795134E+00-0.111768901E+00-0.114643643E+00
-0.117409440E+00-0.120056525E+00-0.122575254E+00-0.124956091E+00-0.127189607E+00
-0.129266495E+00-0.131177576E+00-0.132913823E+00-0.134466385E+00-0.135826608E+00
-0.136986073E+00-0.137936629E+00-0.138670434E+00-0.139179998E+00-0.139458240E+00
-0.139498538E+00-0.139294792E+00-0.138841488E+00-0.138133768E+00-0.137167506E+00
-0.135939381E+00-0.134446958E+00-0.132688769E+00-0.130664393E+00-0.128374543E+00
-0.125821144E+00-0.123007415E+00-0.119937955E+00-0.116618814E+00-0.113057568E+00
-0.109263358E+00-0.105246856E+00-0.101020026E+00-0.965953906E-01-0.919842536E-01
-0.871936192E-01-0.822227789E-01-0.770570296E-01-0.718072033E-01-0.664620951E-01
-0.610330358E-01-0.555273486E-01-0.499527959E-01-0.443167028E-01-0.386258289E-01
-0.328864495E-01-0.271044186E-01-0.212851969E-01-0.154338605E-01-0.955510194E-02
-0.365322813E-02 0.226784251E-02 0.820458464E-02 0.141538726E-01 0.201129898E-01
 0.260796414E-01 0.320519705E-01 0.380285802E-01 0.440085588E-01 0.499915130E-01
 0.559776068E-01 0.619676088E-01 0.679629491E-01 0.739657874E-01 0.799790945E-01
 0.860067499E-01 0.920536593E-01 0.981258952E-01 0.104230867E+00 0.110377523E+00
 0.116576597E+00 0.122840901E+00 0.129185668E+00 0.135628954E+00 0.142192090E+00
 0.148900161E+00 0.155782467E+00 0.162872876E+00 0.170209921E+00 0.177836446E+00
 0.185807746E+00 0.193553116E+00 0.422485019E-01 0.437405207E-01 0.434474297E-01
 0.406117368E-01 0.357565742E-01 0.311104189E-01 0.266261789E-01 0.222625779E-01
 0.179983902E-01 0.138193283E-01 0.971556326E-02 0.567994013E-02 0.170685266E-02
-0.220841642E-02-0.607007104E-02-0.988201207E-02-0.136479531E-01-0.173714826E-01
-0.210560949E-01-0.247052052E-01-0.283221544E-01-0.319102101E-01-0.354725650E-01
-0.390123355E-01-0.425325595E-01-0.460361960E-01-0.495261249E-01-0.530051481E-01
-0.564759919E-01-0.599413126E-01-0.634037071E-01-0.668657384E-01-0.703299929E-01
-0.737992195E-01-0.772766651E-01-0.807668962E-01-0.843004979E-01-0.878712196E-01
-0.914580357E-01-0.950384915E-01-0.985935882E-01-0.102107486E+00-0.105566704E+00
-0.108959313E+00-0.112274275E+00-0.115501044E+00-0.118629342E+00-0.121649055E+00
-0.124550181E+00-0.127322809E+00-0.129957112E+00-0.132443352E+00-0.134771887E+00
-0.136933184E+00-0.138917832E+00-0.140716569E+00-0.142320299E+00-0.143720126E+00
-0.144907382E+00-0.145873672E+00-0.146610910E+00-0.147111374E+00-0.147367756E+00
-0.147373226E+00-0.147121498E+00-0.146606899E+00-0.145824444E+00-0.144769923E+00
-0.143439978E+00-0.141832193E+00-0.139945181E+00-0.137778677E+00-0.135333624E+00
-0.132612266E+00-0.129618237E+00-0.126356646E+00-0.122834168E+00-0.119059114E+00
-0.115041500E+00-0.110793071E+00-0.106327248E+00-0.101658820E+00-0.968029963E-01
-0.917730644E-01-0.865759794E-01-0.812074044E-01-0.756617806E-01-0.700486575E-01
-0.643597413E-01-0.586066828E-01-0.527978443E-01-0.469400280E-01-0.410394650E-01
-0.351020014E-01-0.291330977E-01-0.231378064E-01-0.171207597E-01-0.110861663E-01
-0.503781361E-02 0.102092987E-02 0.708711386E-02 0.131582085E-01 0.192321105E-01
 0.253071527E-01 0.313821193E-01 0.374562649E-01 0.435293400E-01 0.496016222E-01
 0.556739553E-01 0.617477955E-01 0.678252689E-01 0.739092390E-01 0.800033882E-01
 0.861123162E-01 0.922416568E-01 0.983982201E-01 0.104590163E+00 0.110827198E+00
 0.117120843E+00 0.123484736E+00 0.129935015E+00 0.136490799E+00 0.143174781E+00
 0.150013969E+00 0.157040567E+00 0.164292907E+00 0.171816128E+00 0.179661296E+00
 0.187314451E+00 0.423020364E-01 0.437179907E-01 0.432045792E-01 0.406991917E-01
 0.365164490E-01 0.321484240E-01 0.278878385E-01 0.236967884E-01 0.195585165E-01
 0.154665105E-01 0.114178126E-01 0.741059606E-02 0.344328997E-02-0.485737473E-03
-0.437828450E-02-0.823633767E-02-0.120620603E-01-0.158577684E-01-0.196259029E-01
-0.233690033E-01-0.270896826E-01-0.307906065E-01-0.344744750E-01-0.381440079E-01
-0.418019322E-01-0.454509727E-01-0.490938442E-01-0.527332451E-01-0.563718506E-01
-0.600123048E-01-0.636572066E-01-0.673090816E-01-0.709703230E-01-0.746430576E-01
-0.783288361E-01-0.820569818E-01-0.858347546E-01-0.896500107E-01-0.934789648E-01
-0.972997728E-01-0.101094411E+00-0.104847923E+00-0.108547460E+00-0.112181402E+00
-0.115738784E+00-0.119208983E+00-0.122581563E+00-0.125846208E+00-0.128992685E+00
-0.132010836E+00-0.134890569E+00-0.137621864E+00-0.140194781E+00-0.142599466E+00
-0.144826165E+00-0.146865245E+00-0.148707209E+00-0.150342725E+00-0.151762655E+00
-0.152958089E+00-0.153920387E+00-0.154641223E+00-0.155112644E+00-0.155327125E+00
-0.155277636E+00-0.154957717E+00-0.154361557E+00-0.153484074E+00-0.152321009E+00
-0.150869015E+00-0.149125754E+00-0.147089991E+00-0.144761696E+00-0.142142132E+00
-0.139233959E+00-0.136041320E+00-0.132569930E+00-0.128827162E+00-0.124822124E+00
-0.120565719E+00-0.116070700E+00-0.111351669E+00-0.106424965E+00-0.101308215E+00
-0.960188939E-01-0.905708629E-01-0.849681430E-01-0.791995278E-01-0.732853351E-01
-0.673236166E-01-0.613175872E-01-0.552705593E-01-0.491880470E-01-0.430758777E-01
-0.369395801E-01-0.307842162E-01-0.246143558E-01-0.184340914E-01-0.122470596E-01
-0.605645882E-02 0.134938568E-03 0.632477907E-02 0.125111257E-01 0.186924602E-01
 0.248676894E-01 0.310361562E-01 0.371976553E-01 0.433524538E-01 0.495013176E-01
 0.556455437E-01 0.617869997E-01 0.679281709E-01 0.740722167E-01 0.802230375E-01
 0.863853545E-01 0.925648047E-01 0.987680556E-01 0.105002945E+00 0.111278655E+00
 0.117605935E+00 0.123997394E+00 0.130467921E+00 0.137035285E+00 0.143721085E+00
 0.150552304E+00 0.157563888E+00 0.164802837E+00 0.172329970E+00 0.179730449E+00
 0.415051869E-01 0.423825621E-01 0.418064074E-01 0.397180083E-01 0.364201005E-01
 0.326384666E-01 0.287178236E-01 0.247449077E-01 0.207538571E-01 0.167618610E-01
 0.127785463E-01 0.880953266E-02 0.485805478E-02 0.925803938E-03-0.298659161E-02
-0.687926982E-02-0.107529396E-01-0.146087455E-01-0.184481701E-01-0.222729606E-01
-0.260850738E-01-0.298866322E-01-0.336798905E-01-0.374672086E-01-0.412510305E-01
-0.450338682E-01-0.488182883E-01-0.526069021E-01-0.564023569E-01-0.602073279E-01
-0.640245073E-01-0.678565871E-01-0.717062290E-01-0.755760167E-01-0.794684013E-01
-0.834176166E-01-0.874246184E-01-0.914689236E-01-0.955252913E-01-0.995726175E-01
-0.103593798E+00-0.107574651E+00-0.111502772E+00-0.115366696E+00-0.119155428E+00
-0.122858221E+00-0.126464466E+00-0.129963647E+00-0.133345318E+00-0.136599095E+00
-0.139714648E+00-0.142681710E+00-0.145490074E+00-0.148129605E+00-0.150590245E+00
-0.152862032E+00-0.154935112E+00-0.156799764E+00-0.158446420E+00-0.159865705E+00
-0.161048466E+00-0.161985821E+00-0.162669207E+00-0.163090442E+00-0.163241790E+00
-0.163116034E+00-0.162706558E+00-0.162007437E+00-0.161013527E+00-0.159720566E+00
-0.158125277E+00-0.156225466E+00-0.154020133E+00-0.151509570E+00-0.148695463E+00
-0.145580987E+00-0.142170900E+00-0.138471629E+00-0.134491345E+00-0.130240040E+00
-0.125729579E+00-0.120973753E+00-0.115988284E+00-0.110790775E+00-0.105400448E+00
-0.998372517E-01-0.941191855E-01-0.882562971E-01-0.822401681E-01-0.760582351E-01
-0.698431917E-01-0.635874282E-01-0.573024619E-01-0.509962646E-01-0.446750201E-01
-0.383438754E-01-0.320072721E-01-0.256690996E-01-0.193327695E-01-0.130012555E-01
-0.667711643E-02-0.362511192E-03 0.594079222E-02 0.122314111E-01 0.185083462E-01
 0.247709833E-01 0.310190982E-01 0.372528651E-01 0.434728685E-01 0.496801188E-01
 0.558760709E-01 0.620626466E-01 0.682422606E-01 0.744178497E-01 0.805929056E-01
 0.867715111E-01 0.929583794E-01 0.991588984E-01 0.105379180E+00 0.111626118E+00
 0.117907464E+00 0.124231938E+00 0.130609406E+00 0.137051223E+00 0.143570953E+00
 0.150186108E+00 0.156923262E+00 0.163836997E+00 0.170671098E+00 0.424293511E-01
 0.431797393E-01 0.426874053E-01 0.405343156E-01 0.369299474E-01 0.332564551E-01
 0.294845555E-01 0.256376902E-01 0.217449061E-01 0.178258214E-01 0.138931929E-01
 0.995535037E-02 0.601772342E-02 0.208376949E-02-0.184444792E-02-0.576588487E-02
-0.968026490E-02-0.135879032E-01-0.174895799E-01-0.213864463E-01-0.252799542E-01
-0.291718014E-01-0.330638891E-01-0.369582890E-01-0.408572177E-01-0.447630161E-01
-0.486781351E-01-0.526051253E-01-0.565466321E-01-0.605053955E-01-0.644842581E-01
-0.684861796E-01-0.725142541E-01-0.765717059E-01-0.806617690E-01-0.848207752E-01
-0.890422225E-01-0.933000187E-01-0.975688778E-01-0.101828554E+00-0.106062821E+00
-0.110258099E+00-0.114402245E+00-0.118483825E+00-0.122491756E+00-0.126415143E+00
-0.130243203E+00-0.133965234E+00-0.137570597E+00-0.141048704E+00-0.144389021E+00
-0.147581061E+00-0.150614388E+00-0.153478623E+00-0.156163445E+00-0.158658607E+00
-0.160953942E+00-0.163039385E+00-0.164904992E+00-0.166540966E+00-0.167937692E+00
-0.169085775E+00-0.169976091E+00-0.170599841E+00-0.170948618E+00-0.171014483E+00
-0.170790043E+00-0.170268551E+00-0.169443999E+00-0.168311225E+00-0.166866023E+00
-0.165105253E+00-0.163026953E+00-0.160630450E+00-0.157916469E+00-0.154887229E+00
-0.151546549E+00-0.147899925E+00-0.143954623E+00-0.139719743E+00-0.135206286E+00
-0.130427205E+00-0.125397445E+00-0.120133966E+00-0.114655718E+00-0.108983520E+00
-0.103139589E+00-0.971459490E-01-0.910198879E-01-0.847658600E-01-0.783688444E-01
-0.718636600E-01-0.653483360E-01-0.588266971E-01-0.523028864E-01-0.457809388E-01
-0.392646103E-01-0.327573088E-01-0.262620691E-01-0.197815477E-01-0.133180282E-01
-0.687343209E-02-0.449330247E-03 0.595304552E-02 0.123327928E-01 0.186893311E-01
 0.250223955E-01 0.313320338E-01 0.376186030E-01 0.438827683E-01 0.501255015E-01
 0.563480783E-01 0.625520742E-01 0.687393564E-01 0.749120694E-01 0.810726123E-01
 0.872236020E-01 0.933678174E-01 0.995081144E-01 0.105647299E+00 0.111787934E+00
 0.117932041E+00 0.124080628E+00 0.130232894E+00 0.136384770E+00 0.142525950E+00
 0.148632799E+00 0.154649206E+00 0.160454125E+00 0.430977394E-01 0.439980917E-01
 0.434055507E-01 0.412713563E-01 0.378176677E-01 0.340840369E-01 0.303050339E-01
 0.264834548E-01 0.226255454E-01 0.187392908E-01 0.148320607E-01 0.109098462E-01
 0.697719880E-02 0.303739901E-02-0.907332833E-03-0.485564372E-02-0.880688801E-02
-0.127609992E-01-0.167183882E-01-0.206798632E-01-0.246465655E-01-0.286199190E-01
-0.326015892E-01-0.365934512E-01-0.405975636E-01-0.446161483E-01-0.486515748E-01
-0.527063502E-01-0.567831146E-01-0.608846464E-01-0.650138859E-01-0.691739982E-01
-0.733685269E-01-0.776017616E-01-0.818796318E-01-0.862373123E-01-0.906588182E-01
-0.951151774E-01-0.995818757E-01-0.104039704E+00-0.108473291E+00-0.112869514E+00
-0.117216372E+00-0.121502401E+00-0.125716404E+00-0.129847337E+00-0.133884256E+00
-0.137816290E+00-0.141632627E+00-0.145322505E+00-0.148875210E+00-0.152280070E+00
-0.155526453E+00-0.158603773E+00-0.161501488E+00-0.164209109E+00-0.166716202E+00
-0.169012408E+00-0.171087455E+00-0.172931178E+00-0.174533551E+00-0.175884719E+00
-0.176975042E+00-0.177795153E+00-0.178336014E+00-0.178588998E+00-0.178545969E+00
-0.178199381E+00-0.177542381E+00-0.176568922E+00-0.175273882E+00-0.173653184E+00
-0.171703916E+00-0.169424454E+00-0.166814574E+00-0.163875563E+00-0.160610320E+00
-0.157023449E+00-0.153121345E+00-0.148912267E+00-0.144406403E+00-0.139615928E+00
-0.134555050E+00-0.129240048E+00-0.123689297E+00-0.117923278E+00-0.111964515E+00
-0.105837286E+00-0.995664523E-01-0.931734324E-01-0.866665588E-01-0.800262050E-01
-0.732677406E-01-0.665168264E-01-0.597770810E-01-0.530520255E-01-0.463449648E-01
-0.396589073E-01-0.329965192E-01-0.263601108E-01-0.197516451E-01-0.131727559E-01
-0.662476920E-02-0.108724142E-03 0.637460790E-02 0.128247064E-01 0.192412861E-01
 0.256242823E-01 0.319738361E-01 0.382902777E-01 0.445741083E-01 0.508259768E-01
 0.570466509E-01 0.632369790E-01 0.693978395E-01 0.755300731E-01 0.816343904E-01
 0.877112457E-01 0.937606627E-01 0.997819921E-01 0.105773568E+00 0.111732214E+00
 0.117652519E+00 0.123525757E+00 0.129338254E+00 0.135068982E+00 0.140686379E+00
 0.146145663E+00 0.151390415E+00 0.439646294E-01 0.448681914E-01 0.442669588E-01
 0.421092410E-01 0.386441849E-01 0.348840933E-01 0.310897393E-01 0.272653742E-01
 0.234124384E-01 0.195337133E-01 0.156325153E-01 0.117120773E-01 0.777520680E-02
 0.382414179E-02-0.139479694E-03-0.411459310E-02-0.810065714E-02-0.120975970E-01
-0.161057493E-01-0.201258124E-01-0.241588031E-01-0.282060194E-01-0.322690096E-01
-0.363495459E-01-0.404496026E-01-0.445713378E-01-0.487170776E-01-0.528893012E-01
-0.570906255E-01-0.613237846E-01-0.655915962E-01-0.698968948E-01-0.742423846E-01
-0.786302950E-01-0.830937690E-01-0.876402719E-01-0.922478961E-01-0.968881194E-01
-0.101537980E+00-0.106179546E+00-0.110798258E+00-0.115381346E+00-0.119916883E+00
-0.124393344E+00-0.128799418E+00-0.133123920E+00-0.137355761E+00-0.141483918E+00
-0.145497432E+00-0.149385390E+00-0.153136925E+00-0.156741209E+00-0.160187449E+00
-0.163464889E+00-0.166562803E+00-0.169470503E+00-0.172177338E+00-0.174672703E+00
-0.176946050E+00-0.178986902E+00-0.180784877E+00-0.182329714E+00-0.183611316E+00
-0.184619794E+00-0.185345527E+00-0.185779242E+00-0.185912090E+00-0.185735754E+00
-0.185242556E+00-0.184425581E+00-0.183278801E+00-0.181797213E+00-0.179976967E+00
-0.177815501E+00-0.175311663E+00-0.172465832E+00-0.169280021E+00-0.165757979E+00
-0.161905277E+00-0.157729385E+00-0.153239739E+00-0.148447796E+00-0.143367084E+00
-0.138013243E+00-0.132404054E+00-0.126559460E+00-0.120501573E+00-0.114254604E+00
-0.107844609E+00-0.101298457E+00-0.946402049E-01-0.878815158E-01-0.810061679E-01
-0.740143497E-01-0.670474509E-01-0.601088949E-01-0.532018137E-01-0.463289699E-01
-0.394926997E-01-0.326949309E-01-0.259372331E-01-0.192208691E-01-0.125468397E-01
-0.591591832E-02 0.671319890E-03 0.721447392E-02 0.137132941E-01 0.201676595E-01
 0.265775547E-01 0.329430431E-01 0.392642368E-01 0.455412598E-01 0.517742037E-01
 0.579630720E-01 0.641077088E-01 0.702077093E-01 0.762623032E-01 0.822702039E-01
 0.882294132E-01 0.941369653E-01 0.999885924E-01 0.105778290E+00 0.111497758E+00
 0.117135698E+00 0.122677000E+00 0.128101917E+00 0.133385536E+00 0.138498057E+00
 0.143406384E+00 0.450239808E-01 0.459211168E-01 0.453453508E-01 0.431357169E-01
 0.393827210E-01 0.355949352E-01 0.317888416E-01 0.279567196E-01 0.240989795E-01
 0.202166871E-01 0.163112556E-01 0.123842028E-01 0.843695309E-02 0.447070267E-02
 0.486342846E-03-0.351557488E-02-0.753484607E-02-0.115716043E-01-0.156263040E-01
-0.196996991E-01-0.237928218E-01-0.279069619E-01-0.320436483E-01-0.362046317E-01
-0.403918708E-01-0.446075187E-01-0.488539118E-01-0.531335578E-01-0.574491232E-01
-0.618034173E-01-0.661993690E-01-0.706399968E-01-0.751283728E-01-0.796676097E-01
-0.842957752E-01-0.890119259E-01-0.937879370E-01-0.985955962E-01-0.103413032E+00
-0.108223275E+00-0.113012304E+00-0.117767531E+00-0.122477025E+00-0.127129173E+00
-0.131712545E+00-0.136215826E+00-0.140627793E+00-0.144937295E+00-0.149133240E+00
-0.153204590E+00-0.157140349E+00-0.160929563E+00-0.164561308E+00-0.168024689E+00
-0.171308837E+00-0.174402906E+00-0.177296072E+00-0.179977534E+00-0.182436524E+00
-0.184662309E+00-0.186644210E+00-0.188371624E+00-0.189834052E+00-0.191021143E+00
-0.191922746E+00-0.192528985E+00-0.192830337E+00-0.192817745E+00-0.192482725E+00
-0.191817507E+00-0.190815172E+00-0.189469797E+00-0.187776607E+00-0.185732120E+00
-0.183334276E+00-0.180582576E+00-0.177478184E+00-0.174024041E+00-0.170224946E+00
-0.166087639E+00-0.161620865E+00-0.156835430E+00-0.151744251E+00-0.146362388E+00
-0.140707080E+00-0.134797768E+00-0.128656101E+00-0.122305935E+00-0.115773271E+00
-0.109086020E+00-0.102273098E+00-0.953609931E-01-0.883637459E-01-0.812652532E-01
-0.740606737E-01-0.668991754E-01-0.597839853E-01-0.527178131E-01-0.457025912E-01
-0.387396798E-01-0.318300628E-01-0.249744703E-01-0.181734479E-01-0.114273983E-01
-0.473661011E-02 0.189871791E-02 0.847845269E-02 0.150025020E-01 0.214707868E-01
 0.278832104E-01 0.342396223E-01 0.405397759E-01 0.467832785E-01 0.529695298E-01
 0.590976477E-01 0.651663767E-01 0.711739764E-01 0.771180834E-01 0.829955429E-01
 0.888022052E-01 0.945326811E-01 0.100180059E+00 0.105735589E+00 0.111188362E+00
 0.116525027E+00 0.121729646E+00 0.126783799E+00 0.131667062E+00 0.136357919E+00
 0.454308177E-01 0.463256466E-01 0.457052299E-01 0.435198494E-01 0.399899927E-01
 0.362014123E-01 0.323860718E-01 0.285457169E-01 0.246805137E-01 0.207907889E-01
 0.168770035E-01 0.129396759E-01 0.897929723E-02 0.499625723E-02 0.990786924E-03
-0.303708073E-02-0.708753479E-02-0.111609985E-01-0.152581334E-01-0.193798375E-01
-0.235272411E-01-0.277017001E-01-0.319047890E-01-0.361382948E-01-0.404042101E-01
-0.447047284E-01-0.490422400E-01-0.534193287E-01-0.578387703E-01-0.623035294E-01
-0.668167559E-01-0.713817761E-01-0.760020747E-01-0.806812686E-01-0.854595218E-01
-0.903281619E-01-0.952556331E-01-0.100214474E+00-0.105183793E+00-0.110147352E+00
-0.115091458E+00-0.120003585E+00-0.124871744E+00-0.129684221E+00-0.134429465E+00
-0.139096041E+00-0.143672610E+00-0.148147903E+00-0.152510720E+00-0.156749915E+00
-0.160854387E+00-0.164813079E+00-0.168614962E+00-0.172249037E+00-0.175704323E+00
-0.178969855E+00-0.182034680E+00-0.184887853E+00-0.187518434E+00-0.189915496E+00
-0.192068126E+00-0.193965442E+00-0.195596612E+00-0.196950885E+00-0.198017641E+00
-0.198786453E+00-0.199247169E+00-0.199390020E+00-0.199205744E+00-0.198685728E+00
-0.197822169E+00-0.196608235E+00-0.195038236E+00-0.193107782E+00-0.190813936E+00
-0.188155352E+00-0.185132393E+00-0.181747242E+00-0.178003989E+00-0.173908709E+00
-0.169469525E+00-0.164696664E+00-0.159602500E+00-0.154201591E+00-0.148510704E+00
-0.142548840E+00-0.136337248E+00-0.129899435E+00-0.123261153E+00-0.116450357E+00
-0.109496981E+00-0.102432015E+00-0.952837363E-01-0.880662590E-01-0.807593553E-01
-0.733655018E-01-0.660346660E-01-0.587704070E-01-0.515735140E-01-0.444440745E-01
-0.373820464E-01-0.303873765E-01-0.234600063E-01-0.165998630E-01-0.980686089E-02
-0.308091169E-02 0.357805687E-02 0.101700776E-01 0.166951162E-01 0.231530398E-01
 0.295435809E-01 0.358662958E-01 0.421205162E-01 0.483052927E-01 0.544193283E-01
 0.604609000E-01 0.664277674E-01 0.723170661E-01 0.781251864E-01 0.838476360E-01
 0.894788927E-01 0.950122529E-01 0.100439689E+00 0.105751742E+00 0.110937474E+00
 0.115984528E+00 0.120879332E+00 0.125607470E+00 0.130154222E+00 0.459292766E-01
 0.468044717E-01 0.461732248E-01 0.439827145E-01 0.404916631E-01 0.366991819E-01
 0.328762922E-01 0.290287222E-01 0.251563233E-01 0.212588949E-01 0.173362630E-01
 0.133882684E-01 0.941473811E-02 0.541545188E-02 0.139010773E-02-0.266170909E-02
-0.674055175E-02-0.108471319E-01-0.149823346E-01-0.191472284E-01-0.233430725E-01
-0.275713206E-01-0.318336237E-01-0.361318319E-01-0.404679954E-01-0.448443668E-01
-0.492634050E-01-0.537277821E-01-0.582403941E-01-0.628043792E-01-0.674231427E-01
-0.721003837E-01-0.768400932E-01-0.816464208E-01-0.865604742E-01-0.915654555E-01
-0.966283536E-01-0.101722625E+00-0.106828300E+00-0.111929718E+00-0.117013391E+00
-0.122066803E+00-0.127077893E+00-0.132034844E+00-0.136925998E+00-0.141739815E+00
-0.146464849E+00-0.151089736E+00-0.155603181E+00-0.159993949E+00-0.164250854E+00
-0.168362755E+00-0.172318544E+00-0.176107143E+00-0.179717489E+00-0.183138535E+00
-0.186359236E+00-0.189368547E+00-0.192155412E+00-0.194708764E+00-0.197017523E+00
-0.199070596E+00-0.200856889E+00-0.202365325E+00-0.203584881E+00-0.204504642E+00
-0.205113877E+00-0.205402144E+00-0.205359425E+00-0.204976282E+00-0.204244034E+00
-0.203154945E+00-0.201702418E+00-0.199881175E+00-0.197687426E+00-0.195119021E+00
-0.192175575E+00-0.188858575E+00-0.185171472E+00-0.181119750E+00-0.176710990E+00
-0.171954917E+00-0.166863437E+00-0.161450676E+00-0.155733003E+00-0.149729048E+00
-0.143459718E+00-0.136948203E+00-0.130219986E+00-0.123302822E+00-0.116226687E+00
-0.109023512E+00-0.101726033E+00-0.943630248E-01-0.869452585E-01-0.794436724E-01
-0.718870571E-01-0.644244115E-01-0.570480130E-01-0.497546413E-01-0.425428074E-01
-0.354116567E-01-0.283605564E-01-0.213889569E-01-0.144963605E-01-0.768232819E-02
-0.946501047E-03 0.571137393E-02 0.122914157E-01 0.187935788E-01 0.252176209E-01
 0.315630661E-01 0.378291639E-01 0.440148429E-01 0.501186586E-01 0.561387339E-01
 0.620726938E-01 0.679175925E-01 0.736698375E-01 0.793251101E-01 0.848782899E-01
 0.903233894E-01 0.956535095E-01 0.100860830E+00 0.105936648E+00 0.110871488E+00
 0.115655285E+00 0.120277649E+00 0.124728213E+00 0.466043622E-01 0.474902300E-01
 0.468635703E-01 0.446445176E-01 0.408974794E-01 0.370857422E-01 0.332575062E-01
 0.294050954E-01 0.255277168E-01 0.216246219E-01 0.176950651E-01 0.137383202E-01
 0.975367961E-02 0.574043842E-02 0.169787064E-02-0.237479868E-02-0.647842128E-02
-0.106139513E-01-0.147824675E-01-0.189851917E-01-0.232235035E-01-0.274989520E-01
-0.318132648E-01-0.361683554E-01-0.405663293E-01-0.450094902E-01-0.495003469E-01
-0.540416243E-01-0.586362814E-01-0.632875470E-01-0.679989946E-01-0.727747070E-01
-0.776196619E-01-0.825406556E-01-0.875765248E-01-0.927026045E-01-0.978855878E-01
-0.103099926E+00-0.108326540E+00-0.113550260E+00-0.118757763E+00-0.123936537E+00
-0.129074458E+00-0.134159625E+00-0.139180290E+00-0.144124823E+00-0.148981691E+00
-0.153739446E+00-0.158386715E+00-0.162912189E+00-0.167304614E+00-0.171552783E+00
-0.175645528E+00-0.179571712E+00-0.183320217E+00-0.186879940E+00-0.190239781E+00
-0.193388633E+00-0.196315373E+00-0.199008849E+00-0.201457874E+00-0.203651215E+00
-0.205577594E+00-0.207225685E+00-0.208584141E+00-0.209641625E+00-0.210386886E+00
-0.210808858E+00-0.210896798E+00-0.210640460E+00-0.210030297E+00-0.209057674E+00
-0.207715093E+00-0.205996405E+00-0.203897000E+00-0.201413967E+00-0.198546235E+00
-0.195294671E+00-0.191662168E+00-0.187653704E+00-0.183276403E+00-0.178539566E+00
-0.173454718E+00-0.168035625E+00-0.162298327E+00-0.156261146E+00-0.149944706E+00
-0.143371929E+00-0.136568045E+00-0.129560570E+00-0.122379268E+00-0.115056014E+00
-0.107624304E+00-0.100117309E+00-0.925603427E-01-0.849510319E-01-0.772393988E-01
-0.696087677E-01-0.620671567E-01-0.546179246E-01-0.472620515E-01-0.399993532E-01
-0.328291170E-01-0.257504327E-01-0.187623669E-01-0.118640575E-01-0.505477040E-02
 0.166606351E-02 0.829881878E-02 0.148436490E-01 0.213004604E-01 0.276688835E-01
 0.339482430E-01 0.401375239E-01 0.462353355E-01 0.522398715E-01 0.581488691E-01
 0.639595662E-01 0.696686598E-01 0.752722691E-01 0.807659060E-01 0.861444592E-01
 0.914021984E-01 0.965328053E-01 0.101529439E+00 0.106384844E+00 0.111091495E+00
 0.115641792E+00 0.120028288E+00 0.467275910E-01 0.475924644E-01 0.469437037E-01
 0.447326688E-01 0.411641939E-01 0.373575539E-01 0.335281265E-01 0.296750310E-01
 0.257968512E-01 0.218921537E-01 0.179595656E-01 0.139978108E-01 0.100057130E-01
 0.598217730E-02 0.192615781E-02-0.216337947E-02-0.628749432E-02-0.104473070E-01
-0.146440285E-01-0.188789859E-01-0.231536433E-01-0.274696180E-01-0.318286941E-01
-0.362328320E-01-0.406841762E-01-0.451850610E-01-0.497380128E-01-0.543457499E-01
-0.590111745E-01-0.637373502E-01-0.685274439E-01-0.733845824E-01-0.783114997E-01
-0.833430708E-01-0.884890534E-01-0.937219446E-01-0.990099546E-01-0.104328995E+00
-0.109660975E+00-0.114991203E+00-0.120306518E+00-0.125594422E+00-0.130842749E+00
-0.136039533E+00-0.141172951E+00-0.146231297E+00-0.151202968E+00-0.156076446E+00
-0.160840292E+00-0.165483135E+00-0.169993667E+00-0.174360630E+00-0.178572808E+00
-0.182619024E+00-0.186488123E+00-0.190168970E+00-0.193650435E+00-0.196921384E+00
-0.199970663E+00-0.202787088E+00-0.205359422E+00-0.207676364E+00-0.209726523E+00
-0.211498408E+00-0.212980424E+00-0.214160884E+00-0.215028084E+00-0.215570380E+00
-0.215776349E+00-0.215634985E+00-0.215135907E+00-0.214269598E+00-0.213027661E+00
-0.211403098E+00-0.209390500E+00-0.206986244E+00-0.204188638E+00-0.200998018E+00
-0.197416809E+00-0.193449584E+00-0.189103096E+00-0.184386317E+00-0.179310465E+00
-0.173889026E+00-0.168137776E+00-0.162074797E+00-0.155720489E+00-0.149097574E+00
-0.142231098E+00-0.135148425E+00-0.127879222E+00-0.120455411E+00-0.112911007E+00
-0.105281453E+00-0.976006776E-01-0.898900082E-01-0.821340600E-01-0.743099830E-01
-0.665942983E-01-0.589887832E-01-0.514925464E-01-0.441038041E-01-0.368205841E-01
-0.296409974E-01-0.225633397E-01-0.155861310E-01-0.870813342E-02-0.192836286E-02
 0.475389938E-02 0.113390940E-01 0.178273690E-01 0.242185633E-01 0.305121883E-01
 0.367074078E-01 0.428030171E-01 0.487974213E-01 0.546886135E-01 0.604741558E-01
 0.661511625E-01 0.717162905E-01 0.771657376E-01 0.824952529E-01 0.877001637E-01
 0.927754206E-01 0.977156661E-01 0.102515327E+00 0.107168732E+00 0.111670250E+00
 0.116014450E+00 0.468328975E-01 0.476708284E-01 0.470118676E-01 0.448028761E-01
 0.413073231E-01 0.375101585E-01 0.336859943E-01 0.298389684E-01 0.259666190E-01
 0.220665698E-01 0.181367141E-01 0.141752370E-01 0.101805828E-01 0.615139656E-02
 0.208645630E-02-0.201539157E-02-0.615528963E-02-0.103344174E-01-0.145540306E-01
-0.188154918E-01-0.231202954E-01-0.274700858E-01-0.318666728E-01-0.363120421E-01
-0.408083634E-01-0.453579960E-01-0.499634913E-01-0.546275922E-01-0.593532282E-01
-0.641435051E-01-0.690016885E-01-0.739311873E-01-0.789355644E-01-0.840541112E-01
-0.892900528E-01-0.946118034E-01-0.999880418E-01-0.105395498E+00-0.110816693E+00
-0.116237216E+00-0.121643981E+00-0.127024479E+00-0.132366499E+00-0.137658013E+00
-0.142887136E+00-0.148042098E+00-0.153111233E+00-0.158082965E+00-0.162945802E+00
-0.167688322E+00-0.172299171E+00-0.176767051E+00-0.181080710E+00-0.185228942E+00
-0.189200570E+00-0.192984442E+00-0.196569417E+00-0.199944358E+00-0.203098117E+00
-0.206019512E+00-0.208697314E+00-0.211120212E+00-0.213276786E+00-0.215155459E+00
-0.216744464E+00-0.218031780E+00-0.219005271E+00-0.219652788E+00-0.219962317E+00
-0.219922177E+00-0.219521248E+00-0.218749220E+00-0.217596870E+00-0.216056337E+00
-0.214121380E+00-0.211787652E+00-0.209052942E+00-0.205917145E+00-0.202382331E+00
-0.198452768E+00-0.194134945E+00-0.189437590E+00-0.184371696E+00-0.178950538E+00
-0.173189695E+00-0.167107067E+00-0.160722884E+00-0.154059716E+00-0.147142478E+00
-0.139998430E+00-0.132657177E+00-0.125150659E+00-0.117513105E+00-0.109780796E+00
-0.101990844E+00-0.941754886E-01-0.863439589E-01-0.784553666E-01-0.705627844E-01
-0.628075857E-01-0.551806772E-01-0.476761697E-01-0.402898716E-01-0.330185574E-01
-0.258596192E-01-0.188109021E-01-0.118706289E-01-0.503736667E-02 0.168998604E-02
 0.831220201E-02 0.148297230E-01 0.212426544E-01 0.275507584E-01 0.337534461E-01
 0.398497692E-01 0.458384134E-01 0.517176917E-01 0.574855420E-01 0.631395276E-01
 0.686768442E-01 0.740943343E-01 0.793885113E-01 0.845555951E-01 0.895915610E-01
 0.944922030E-01 0.992532117E-01 0.103870267E+00 0.108339142E+00 0.112655817E+00
 0.470789278E-01 0.479274380E-01 0.472669194E-01 0.450431216E-01 0.413337876E-01
 0.375365413E-01 0.337284529E-01 0.298983601E-01 0.260417981E-01 0.221551322E-01
 0.182355127E-01 0.142807562E-01 0.102891771E-01 0.625942391E-02 0.219034193E-02
-0.191913320E-02-0.607005554E-02-0.102635275E-01-0.145007428E-01-0.187830179E-01
-0.231118150E-01-0.274887599E-01-0.319156540E-01-0.363944852E-01-0.409274345E-01
-0.455168820E-01-0.501654110E-01-0.548758107E-01-0.596510786E-01-0.644944232E-01
-0.694092699E-01-0.743992750E-01-0.794683563E-01-0.846576213E-01-0.899659570E-01
-0.953594313E-01-0.100807231E+00-0.106286696E+00-0.111780747E+00-0.117275121E+00
-0.122756749E+00-0.128213088E+00-0.133631872E+00-0.139001017E+00-0.144308581E+00
-0.149542739E+00-0.154691773E+00-0.159744059E+00-0.164688058E+00-0.169512308E+00
-0.174205417E+00-0.178756054E+00-0.183152943E+00-0.187384854E+00-0.191440597E+00
-0.195309013E+00-0.198978966E+00-0.202439332E+00-0.205678988E+00-0.208686792E+00
-0.211451566E+00-0.213962058E+00-0.216206914E+00-0.218174463E+00-0.219852720E+00
-0.221229417E+00-0.222292079E+00-0.223028129E+00-0.223425049E+00-0.223470581E+00
-0.223152964E+00-0.222461202E+00-0.221385352E+00-0.219916819E+00-0.218048646E+00
-0.215775792E+00-0.213095355E+00-0.210006862E+00-0.206512165E+00-0.202615357E+00
-0.198322766E+00-0.193642970E+00-0.188586812E+00-0.183167424E+00-0.177400242E+00
-0.171303031E+00-0.164895894E+00-0.158201285E+00-0.151244012E+00-0.144051239E+00
-0.136652480E+00-0.129079589E+00-0.121366715E+00-0.113550144E+00-0.105667609E+00
-0.977550756E-01-0.898341381E-01-0.818834850E-01-0.738726109E-01-0.660039167E-01
-0.582709614E-01-0.506691456E-01-0.431946803E-01-0.358442597E-01-0.286149668E-01
-0.215042501E-01-0.145099198E-01-0.763014809E-02-0.863468714E-03 0.579122430E-02
 0.123346779E-01 0.187672815E-01 0.250890688E-01 0.312997197E-01 0.373985625E-01
 0.433845779E-01 0.492564044E-01 0.550123470E-01 0.606503890E-01 0.661682099E-01
 0.715632080E-01 0.768325313E-01 0.819731163E-01 0.869817356E-01 0.918550548E-01
 0.965896986E-01 0.101182325E+00 0.105629705E+00 0.109928811E+00 0.468140526E-01
 0.476253104E-01 0.469504458E-01 0.447430525E-01 0.411852092E-01 0.374266283E-01
 0.336547181E-01 0.298590021E-01 0.260323758E-01 0.221700874E-01 0.182691425E-01
 0.143276874E-01 0.103445339E-01 0.631883646E-02 0.224988753E-02-0.186300952E-02
-0.602061877E-02-0.102238205E-01-0.144736421E-01-0.187712782E-01-0.231181047E-01
-0.275156881E-01-0.319657936E-01-0.364703902E-01-0.410316561E-01-0.456519834E-01
-0.503339818E-01-0.550804839E-01-0.598945501E-01-0.647794762E-01-0.697388029E-01
-0.747763299E-01-0.798961358E-01-0.851404208E-01-0.905045627E-01-0.959533247E-01
-0.101456399E+00-0.106991610E+00-0.112542164E+00-0.118093881E+00-0.123633682E+00
-0.129148984E+00-0.134627471E+00-0.140057009E+00-0.145425605E+00-0.150721392E+00
-0.155932607E+00-0.161047586E+00-0.166054755E+00-0.170942619E+00-0.175699756E+00
-0.180314812E+00-0.184776487E+00-0.189073539E+00-0.193194767E+00-0.197129015E+00
-0.200865154E+00-0.204392086E+00-0.207698728E+00-0.210774000E+00-0.213606815E+00
-0.216186057E+00-0.218500354E+00-0.220537947E+00-0.222286719E+00-0.223734208E+00
-0.224867670E+00-0.225674184E+00-0.226140823E+00-0.226254858E+00-0.226004009E+00
-0.225376728E+00-0.224362491E+00-0.222952109E+00-0.221138033E+00-0.218914645E+00
-0.216278528E+00-0.213228669E+00-0.209766684E+00-0.205896644E+00-0.201624829E+00
-0.196959754E+00-0.191912183E+00-0.186495155E+00-0.180724017E+00-0.174616439E+00
-0.168192432E+00-0.161474364E+00-0.154486962E+00-0.147257315E+00-0.139814859E+00
-0.132191363E+00-0.124420877E+00-0.116539594E+00-0.108585353E+00-0.100595584E+00
-0.925985831E-01-0.845887595E-01-0.765042436E-01-0.685489927E-01-0.607302351E-01
-0.530483469E-01-0.455011164E-01-0.380855047E-01-0.307983770E-01-0.236368077E-01
-0.165982042E-01-0.968035366E-02-0.288143694E-02 0.379997165E-02 0.103649107E-01
 0.168140405E-01 0.231476524E-01 0.293656793E-01 0.354677065E-01 0.414529840E-01
 0.473204403E-01 0.530686989E-01 0.586960980E-01 0.642007134E-01 0.695803877E-01
 0.748327628E-01 0.799553201E-01 0.849454251E-01 0.898003791E-01 0.945174762E-01
 0.990940644E-01 0.103527611E+00 0.107815771E+00 0.463549500E-01 0.470940691E-01
 0.464059453E-01 0.442403937E-01 0.408473743E-01 0.371747715E-01 0.334758181E-01
 0.297404855E-01 0.259606540E-01 0.221332529E-01 0.182575690E-01 0.143337876E-01
 0.103623185E-01 0.634350326E-02 0.227749596E-02-0.183578016E-02-0.599664477E-02
-0.102056599E-01-0.144636255E-01-0.187715746E-01-0.231307693E-01-0.275426985E-01
-0.320090759E-01-0.365318408E-01-0.411131588E-01-0.457554239E-01-0.504612621E-01
-0.552335353E-01-0.600753476E-01-0.649900524E-01-0.699812612E-01-0.750528555E-01
-0.802089993E-01-0.854925635E-01-0.908962945E-01-0.963842702E-01-0.101926585E+00
-0.107501426E+00-0.113092186E+00-0.118684738E+00-0.124265989E+00-0.129823320E+00
-0.135344378E+00-0.140816987E+00-0.146229121E+00-0.151568875E+00-0.156824455E+00
-0.161984170E+00-0.167036417E+00-0.171969677E+00-0.176772509E+00-0.181433538E+00
-0.185941452E+00-0.190284996E+00-0.194452968E+00-0.198434211E+00-0.202217611E+00
-0.205792096E+00-0.209146625E+00-0.212270192E+00-0.215151813E+00-0.217780489E+00
-0.220144789E+00-0.222232916E+00-0.224032666E+00-0.225531439E+00-0.226716297E+00
-0.227574066E+00-0.228091505E+00-0.228255534E+00-0.228053492E+00-0.227473423E+00
-0.226504384E+00-0.225136762E+00-0.223362569E+00-0.221175760E+00-0.218572515E+00
-0.215551472E+00-0.212113869E+00-0.208263771E+00-0.204007510E+00-0.199353604E+00
-0.194312791E+00-0.188898069E+00-0.183124726E+00-0.177010373E+00-0.170574964E+00
-0.163840809E+00-0.156832588E+00-0.149577345E+00-0.142104493E+00-0.134445794E+00
-0.126635340E+00-0.118709479E+00-0.110706553E+00-0.102665666E+00-0.946208934E-01
-0.865816787E-01-0.785016874E-01-0.704382624E-01-0.625363999E-01-0.547862363E-01
-0.471808663E-01-0.397149155E-01-0.323839564E-01-0.251842574E-01-0.181126653E-01
-0.111665430E-01-0.434372912E-02 0.235749060E-02 0.893840735E-02 0.153999098E-01
 0.217425033E-01 0.279663276E-01 0.340711753E-01 0.400565103E-01 0.459214874E-01
 0.516649744E-01 0.572855758E-01 0.627816606E-01 0.681513926E-01 0.733927656E-01
 0.785036424E-01 0.834817977E-01 0.883249654E-01 0.930308893E-01 0.975973767E-01
 0.102022353E+00 0.106303920E+00 0.458484921E-01 0.464656187E-01 0.457614647E-01
 0.436997490E-01 0.403163543E-01 0.368176831E-01 0.332481577E-01 0.295966051E-01
 0.258711095E-01 0.220796107E-01 0.182279934E-01 0.143203644E-01 0.103595142E-01
 0.634727131E-02 0.228474489E-02-0.182751299E-02-0.598939920E-02-0.102011868E-01
-0.144634760E-01-0.187771606E-01-0.231434062E-01-0.275636350E-01-0.320395165E-01
-0.365729624E-01-0.411661242E-01-0.458213926E-01-0.505414000E-01-0.553290237E-01
-0.601873911E-01-0.651198866E-01-0.701301593E-01-0.752221328E-01-0.804000151E-01
-0.857070427E-01-0.911343268E-01-0.966456274E-01-0.102211295E+00-0.107809735E+00
-0.113424454E+00-0.119041349E+00-0.124647320E+00-0.130229726E+00-0.135776187E+00
-0.141274506E+00-0.146712632E+00-0.152078639E+00-0.157360716E+00-0.162547152E+00
-0.167626329E+00-0.172586714E+00-0.177416852E+00-0.182105358E+00-0.186640912E+00
-0.191012254E+00-0.195208178E+00-0.199217532E+00-0.203029212E+00-0.206632165E+00
-0.210015387E+00-0.213167930E+00-0.216078908E+00-0.218737327E+00-0.221131764E+00
-0.223250399E+00-0.225080980E+00-0.226610824E+00-0.227826872E+00-0.228715777E+00
-0.229264113E+00-0.229458602E+00-0.229286358E+00-0.228735168E+00-0.227793816E+00
-0.226452420E+00-0.224702752E+00-0.222538501E+00-0.219955594E+00-0.216952444E+00
-0.213530115E+00-0.209692496E+00-0.205446026E+00-0.200799259E+00-0.195762935E+00
-0.190350034E+00-0.184575819E+00-0.178457867E+00-0.172016098E+00-0.165272793E+00
-0.158252603E+00-0.150982557E+00-0.143492059E+00-0.135812881E+00-0.127979152E+00
-0.120027302E+00-0.111995859E+00-0.103924447E+00-0.958490184E-01-0.877841988E-01
-0.796895024E-01-0.715808135E-01-0.636352700E-01-0.558455375E-01-0.482051274E-01
-0.407084298E-01-0.333506325E-01-0.261276291E-01-0.190359426E-01-0.120726639E-01
-0.523540352E-02 0.147774736E-02 0.806824979E-02 0.145371451E-01 0.208850801E-01
 0.271123306E-01 0.332188238E-01 0.392041610E-01 0.450676410E-01 0.508082847E-01
 0.564248621E-01 0.619159215E-01 0.672798217E-01 0.725147670E-01 0.776188464E-01
 0.825900746E-01 0.874264374E-01 0.921259383E-01 0.966866475E-01 0.101106752E+00
 0.105384606E+00 0.448841132E-01 0.452294560E-01 0.444953550E-01 0.426355651E-01
 0.398650763E-01 0.366096398E-01 0.331326343E-01 0.295257204E-01 0.258252010E-01
 0.220490479E-01 0.182074170E-01 0.143064875E-01 0.103501570E-01 0.634089040E-02
 0.228018433E-02-0.183116264E-02-0.599288487E-02-0.102051452E-01-0.144684675E-01
-0.187836921E-01-0.231519462E-01-0.275746251E-01-0.320533798E-01-0.365901091E-01
-0.411869569E-01-0.458463103E-01-0.505708016E-01-0.553633112E-01-0.602269726E-01
-0.651651786E-01-0.701815891E-01-0.752801399E-01-0.804650520E-01-0.857796789E-01
-0.912145716E-01-0.967333999E-01-0.102306603E+00-0.107912661E+00-0.113535117E+00
-0.119159879E+00-0.124773842E+00-0.130364359E+00-0.135919042E+00-0.141425688E+00
-0.146872237E+00-0.152246759E+00-0.157537436E+00-0.162732551E+00-0.167820483E+00
-0.172789695E+00-0.177628727E+00-0.182326193E+00-0.186870769E+00-0.191251196E+00
-0.195456267E+00-0.199474832E+00-0.203295793E+00-0.206908104E+00-0.210300775E+00
-0.213462880E+00-0.216383574E+00-0.219051855E+00-0.221456307E+00-0.223585106E+00
-0.225425983E+00-0.226966230E+00-0.228192743E+00-0.229092118E+00-0.229650874E+00
-0.229855668E+00-0.229693541E+00-0.229152195E+00-0.228220320E+00-0.226887941E+00
-0.225146747E+00-0.222990345E+00-0.220414578E+00-0.217417781E+00-0.214000960E+00
-0.210167919E+00-0.205925145E+00-0.201281210E+00-0.196246855E+00-0.190835057E+00
-0.185061066E+00-0.178942450E+00-0.172499114E+00-0.165753329E+00-0.158729734E+00
-0.151455352E+00-0.143959580E+00-0.136274193E+00-0.128433323E+00-0.120473412E+00
-0.112433009E+00-0.104351818E+00-0.962662138E-01-0.881922982E-01-0.800920938E-01
-0.719700668E-01-0.640113723E-01-0.562093998E-01-0.485579821E-01-0.410515839E-01
-0.336853502E-01-0.264550896E-01-0.193572316E-01-0.123887798E-01-0.554726717E-02
 0.116928342E-02 0.776239318E-02 0.142331579E-01 0.205822747E-01 0.268100679E-01
 0.329165122E-01 0.389012575E-01 0.447636527E-01 0.505027722E-01 0.561174430E-01
 0.616062747E-01 0.669676925E-01 0.721999718E-01 0.773012776E-01 0.822697048E-01
 0.871033227E-01 0.918002208E-01 0.963585560E-01 0.100776601E+00 0.105052793E+00
 0.457727906E-01 0.464017563E-01 0.456976405E-01 0.436164186E-01 0.403660172E-01
 0.368367634E-01 0.332446494E-01 0.295823416E-01 0.258520364E-01 0.220586883E-01
 0.182067377E-01 0.142995638E-01 0.103395729E-01 0.632838353E-02 0.226698758E-02
-0.184412879E-02-0.600489865E-02-0.102156137E-01-0.144768821E-01-0.187895997E-01
-0.231549298E-01-0.275742904E-01-0.320493459E-01-0.365820021E-01-0.411744045E-01
-0.458289383E-01-0.505482306E-01-0.553351539E-01-0.601928313E-01-0.651246433E-01
-0.701342360E-01-0.752255302E-01-0.804027315E-01-0.857090794E-01-0.911356661E-01
-0.966462538E-01-0.102211198E+00-0.107808907E+00-0.113422889E+00-0.119039043E+00
-0.124644271E+00-0.130225934E+00-0.135771655E+00-0.141269237E+00-0.146706634E+00
-0.152071922E+00-0.157353292E+00-0.162539035E+00-0.167617538E+00-0.172577268E+00
-0.177406774E+00-0.182094673E+00-0.186629649E+00-0.191000442E+00-0.195195851E+00
-0.199204725E+00-0.203015963E+00-0.206618513E+00-0.210001374E+00-0.213153599E+00
-0.216064302E+00-0.218722492E+00-0.221116747E+00-0.223235252E+00-0.225065756E+00
-0.226595581E+00-0.227811670E+00-0.228700681E+00-0.229249192E+00-0.229443930E+00
-0.229272011E+00-0.228721227E+00-0.227780364E+00-0.226439546E+00-0.224690543E+00
-0.222527047E+00-0.219944987E+00-0.216942771E+00-0.213521467E+00-0.209684958E+00
-0.205439680E+00-0.200794181E+00-0.195759198E+00-0.190347705E+00-0.184574960E+00
-0.178458535E+00-0.172018343E+00-0.165276657E+00-0.158258122E+00-0.150989758E+00
-0.143500960E+00-0.135823492E+00-0.127991472E+00-0.120041322E+00-0.112011557E+00
-0.103941797E+00-0.958680093E-01-0.878048997E-01-0.797121515E-01-0.716050712E-01
-0.636612036E-01-0.558732052E-01-0.482345779E-01-0.407397041E-01-0.333837649E-01
-0.261626490E-01-0.190728745E-01-0.121115283E-01-0.527621724E-02 0.143497137E-02
 0.802350210E-02 0.144904198E-01 0.208363749E-01 0.270616465E-01 0.331661655E-01
 0.391495366E-01 0.450110622E-01 0.507497668E-01 0.563644239E-01 0.618535853E-01
 0.672156133E-01 0.724487159E-01 0.775509854E-01 0.825204400E-01 0.873550688E-01
 0.920528785E-01 0.966119425E-01 0.101030451E+00 0.105306760E+00 0.463908784E-01
 0.471457960E-01 0.464595702E-01 0.442862503E-01 0.408206077E-01 0.371369670E-01
 0.334329476E-01 0.296945371E-01 0.259137010E-01 0.220868422E-01 0.182126882E-01
 0.142910024E-01 0.103219101E-01 0.630557223E-02 0.224203278E-02-0.186884881E-02
-0.602742603E-02-0.102342755E-01-0.144901997E-01-0.187962267E-01-0.231536093E-01
-0.275638242E-01-0.320285728E-01-0.365497811E-01-0.411296021E-01-0.457704181E-01
-0.504748441E-01-0.552457325E-01-0.600861787E-01-0.649995284E-01-0.699893870E-01
-0.750596306E-01-0.802144189E-01-0.854966290E-01-0.908989701E-01-0.963855236E-01
-0.101926394E+00-0.107499773E+00-0.113089060E+00-0.118680129E+00-0.124259893E+00
-0.129815736E+00-0.135335310E+00-0.140806444E+00-0.146217116E+00-0.151555426E+00
-0.156809588E+00-0.161967912E+00-0.167018804E+00-0.171950749E+00-0.176752311E+00
-0.181412119E+00-0.185918869E+00-0.190261310E+00-0.194428244E+00-0.198408520E+00
-0.202191029E+00-0.205764701E+00-0.209118501E+00-0.212241425E+00-0.215122492E+00
-0.217750706E+00-0.220114640E+00-0.222202503E+00-0.224002097E+00-0.225500830E+00
-0.226685768E+00-0.227543750E+00-0.228061538E+00-0.228226064E+00-0.228024673E+00
-0.227445417E+00-0.226477358E+00-0.225110890E+00-0.223338027E+00-0.221152729E+00
-0.218551175E+00-0.215532003E+00-0.212096446E+00-0.208248565E+00-0.203994684E+00
-0.199343312E+00-0.194305177E+00-0.188893268E+00-0.183122861E+00-0.177011558E+00
-0.170579297E+00-0.163848377E+00-0.156843461E+00-0.149591579E+00-0.142122124E+00
-0.134466840E+00-0.126659800E+00-0.118737331E+00-0.110737753E+00-0.102700158E+00
-0.946586582E-01-0.866228803E-01-0.785467861E-01-0.704865757E-01-0.625880976E-01
-0.548414366E-01-0.472396611E-01-0.397773810E-01-0.324501575E-01-0.252542497E-01
-0.181864965E-01-0.112442531E-01-0.442535082E-02 0.227193166E-02 0.884889255E-02
 0.153064275E-01 0.216450488E-01 0.278649032E-01 0.339657903E-01 0.399471811E-01
 0.458082374E-01 0.515478341E-01 0.571645829E-01 0.626568598E-01 0.680228358E-01
 0.732605118E-01 0.783677576E-01 0.833423547E-01 0.881820437E-01 0.928845752E-01
 0.974477626E-01 0.101869538E+00 0.106148007E+00 0.468655890E-01 0.476706255E-01
 0.470117495E-01 0.447947320E-01 0.410806139E-01 0.373269104E-01 0.335628521E-01
 0.297733579E-01 0.259521768E-01 0.220949822E-01 0.181989253E-01 0.142621723E-01
 0.102835123E-01 0.626207314E-02 0.219712965E-02-0.191202021E-02-0.606613525E-02
-0.102660824E-01-0.145128701E-01-0.188076712E-01-0.231518376E-01-0.275469122E-01
-0.319946367E-01-0.364969582E-01-0.410560346E-01-0.456742391E-01-0.503541649E-01
-0.550986297E-01-0.599106812E-01-0.647936041E-01-0.697509296E-01-0.747864501E-01
-0.799042378E-01-0.851465048E-01-0.905085739E-01-0.959552110E-01-0.101456123E+00
-0.106989145E+00-0.112537489E+00-0.118086979E+00-0.123624546E+00-0.129137610E+00
-0.134613863E+00-0.140041179E+00-0.145407573E+00-0.150701184E+00-0.155910258E+00
-0.161023140E+00-0.166028262E+00-0.170914138E+00-0.175669355E+00-0.180282565E+00
-0.184742478E+00-0.189037857E+00-0.193157512E+00-0.197090292E+00-0.200825076E+00
-0.204350772E+00-0.207656303E+00-0.210730596E+00-0.213562567E+00-0.216141102E+00
-0.218454841E+00-0.220492031E+00-0.222240564E+00-0.223687989E+00-0.224821570E+00
-0.225628401E+00-0.226095564E+00-0.226210345E+00-0.225960473E+00-0.225334412E+00
-0.224321646E+00-0.222912995E+00-0.221100914E+00-0.218879792E+00-0.216246209E+00
-0.213199152E+00-0.209740234E+00-0.205873513E+00-0.201605261E+00-0.196943977E+00
-0.191900413E+00-0.186487595E+00-0.180720853E+00-0.174617839E+00-0.168198546E+00
-0.161485320E+00-0.154502868E+00-0.147278251E+00-0.139840881E+00-0.132222499E+00
-0.124457124E+00-0.116580916E+00-0.108631684E+00-0.100646838E+00-0.926547411E-01
-0.846500758E-01-0.765708518E-01-0.686208314E-01-0.608073526E-01-0.531308306E-01
-0.455890636E-01-0.381790102E-01-0.308975287E-01-0.237416840E-01-0.167088735E-01
-0.979687424E-02-0.300385682E-02 0.367161470E-02 0.102305892E-01 0.166737372E-01
 0.230013604E-01 0.292134021E-01 0.353094581E-01 0.412887889E-01 0.471503337E-01
 0.528927267E-01 0.585143166E-01 0.640131905E-01 0.693872013E-01 0.746340019E-01
 0.797510841E-01 0.847358242E-01 0.895855337E-01 0.942975165E-01 0.988691307E-01
 0.103297853E+00 0.107581346E+00 0.466882068E-01 0.474988946E-01 0.468303499E-01
 0.446307817E-01 0.411525693E-01 0.373858611E-01 0.335929387E-01 0.297753762E-01
 0.259295049E-01 0.220521609E-01 0.181408093E-01 0.141934717E-01 0.102085985E-01
 0.618493377E-02 0.212139669E-02-0.198301530E-02-0.612930090E-02-0.103185112E-01
-0.145517917E-01-0.188304136E-01-0.231557970E-01-0.275295286E-01-0.319533744E-01
-0.364292898E-01-0.409594269E-01-0.455461405E-01-0.501919911E-01-0.548997486E-01
-0.596723936E-01-0.645131205E-01-0.694253429E-01-0.744127074E-01-0.794791242E-01
-0.846657214E-01-0.899713146E-01-0.953619699E-01-0.100806896E+00-0.106283444E+00
-0.111774547E+00-0.117265948E+00-0.122744588E+00-0.128197932E+00-0.133613724E+00
-0.138979890E+00-0.144284499E+00-0.149515736E+00-0.154661893E+00-0.159711358E+00
-0.164652602E+00-0.169474175E+00-0.174164695E+00-0.178712843E+00-0.183107352E+00
-0.187337003E+00-0.191390617E+00-0.195257044E+00-0.198925158E+00-0.202383845E+00
-0.205621989E+00-0.208628458E+00-0.211392080E+00-0.213901613E+00-0.216145704E+00
-0.218112701E+00-0.219790628E+00-0.221167230E+00-0.222230046E+00-0.222966515E+00
-0.223364134E+00-0.223410660E+00-0.223094346E+00-0.222404211E+00-0.221330325E+00
-0.219864100E+00-0.217998589E+00-0.215728754E+00-0.213051693E+00-0.209966932E+00
-0.206476314E+00-0.202583918E+00-0.198296061E+00-0.193621304E+00-0.188570473E+00
-0.183156681E+00-0.177395344E+00-0.171304201E+00-0.164903333E+00-0.158215164E+00
-0.151264472E+00-0.144078389E+00-0.136686394E+00-0.129120304E+00-0.121414228E+00
-0.113604417E+00-0.105728567E+00-0.978226627E-01-0.899084885E-01-0.819652745E-01
-0.739610609E-01-0.660992245E-01-0.583733041E-01-0.507786843E-01-0.433115608E-01
-0.359686136E-01-0.287469112E-01-0.216438885E-01-0.146573422E-01-0.778543100E-02
-0.102667514E-02 0.562004466E-02 0.121554887E-01 0.185800601E-01 0.248938060E-01
 0.310964201E-01 0.371872447E-01 0.431652745E-01 0.490291623E-01 0.547772273E-01
 0.604074676E-01 0.659175768E-01 0.713049681E-01 0.765668039E-01 0.817000353E-01
 0.867014491E-01 0.915677250E-01 0.962955015E-01 0.100881450E+00 0.105322354E+00
 0.109615198E+00 0.466507233E-01 0.474844927E-01 0.468252858E-01 0.446236162E-01
 0.411012502E-01 0.373213712E-01 0.335160886E-01 0.296854576E-01 0.258273527E-01
 0.219397446E-01 0.180208172E-01 0.140689920E-01 0.100829053E-01 0.606135934E-02
 0.200326395E-02-0.209242170E-02-0.622674187E-02-0.104007893E-01-0.146157425E-01
-0.188728954E-01-0.231736809E-01-0.275196893E-01-0.319126823E-01-0.363546033E-01
-0.408475854E-01-0.453939560E-01-0.499962389E-01-0.546571539E-01-0.593796105E-01
-0.641666979E-01-0.690216682E-01-0.739479190E-01-0.789490045E-01-0.840642493E-01
-0.892967934E-01-0.946150400E-01-0.999876958E-01-0.105391509E+00-0.110809016E+00
-0.116225813E+00-0.121628827E+00-0.127005563E+00-0.132343820E+00-0.137631583E+00
-0.142856981E+00-0.148008258E+00-0.153073762E+00-0.158041930E+00-0.162901283E+00
-0.167640415E+00-0.172247984E+00-0.176712705E+00-0.181023343E+00-0.185168703E+00
-0.189137620E+00-0.192918956E+00-0.196501584E+00-0.199874378E+00-0.203026199E+00
-0.205945880E+00-0.208622201E+00-0.211043863E+00-0.213199456E+00-0.215077413E+00
-0.216665986E+00-0.217953168E+00-0.218926842E+00-0.219574876E+00-0.219885275E+00
-0.219846377E+00-0.219447079E+00-0.218677086E+00-0.217527192E+00-0.215989545E+00
-0.214057914E+00-0.211727958E+00-0.208997464E+00-0.205866319E+00-0.202336585E+00
-0.198412517E+00-0.194100587E+00-0.189409506E+00-0.184350245E+00-0.178936057E+00
-0.173182495E+00-0.167107428E+00-0.160731054E+00-0.154075909E+00-0.147166869E+00
-0.140031155E+00-0.132698326E+00-0.125200276E+00-0.117571186E+00-0.109847291E+00
-0.102065681E+00-0.942586799E-01-0.864358965E-01-0.785569540E-01-0.706725248E-01
-0.629258859E-01-0.553078289E-01-0.478124027E-01-0.404353781E-01-0.331735038E-01
-0.260241510E-01-0.189851468E-01-0.120546970E-01-0.523135225E-02 0.148600511E-02
 0.809816420E-02 0.146055832E-01 0.210083842E-01 0.273063461E-01 0.334988971E-01
 0.395851065E-01 0.455636774E-01 0.514329409E-01 0.571908527E-01 0.628349946E-01
 0.683625806E-01 0.737704718E-01 0.790552003E-01 0.842130044E-01 0.892398779E-01
 0.941316329E-01 0.988839780E-01 0.103492610E+00 0.107953319E+00 0.112262102E+00
 0.467182465E-01 0.475449640E-01 0.469422016E-01 0.446986965E-01 0.409329838E-01
 0.371420398E-01 0.333337029E-01 0.294993023E-01 0.256375708E-01 0.217473228E-01
 0.178274265E-01 0.138768305E-01 0.989456443E-02 0.587971844E-02 0.183141250E-02
-0.225123996E-02-0.636916799E-02-0.105233764E-01-0.147149745E-01-0.189452004E-01
-0.232154404E-01-0.275272444E-01-0.318823381E-01-0.362826319E-01-0.407302274E-01
-0.452274226E-01-0.497767132E-01-0.543807920E-01-0.590425400E-01-0.637650032E-01
-0.685513343E-01-0.734046481E-01-0.783276679E-01-0.833553144E-01-0.884972573E-01
-0.937259664E-01-0.990096871E-01-0.104324356E+00-0.109651900E+00-0.114977640E+00
-0.120288430E+00-0.125571788E+00-0.130815563E+00-0.136007806E+00-0.141136709E+00
-0.146190584E+00-0.151157844E+00-0.156026989E+00-0.160786596E+00-0.165425312E+00
-0.169931845E+00-0.174294953E+00-0.178503439E+00-0.182546140E+00-0.186411919E+00
-0.190089655E+00-0.193568234E+00-0.196836538E+00-0.199883428E+00-0.202697732E+00
-0.205268231E+00-0.207583636E+00-0.209632572E+00-0.211403563E+00-0.212885032E+00
-0.214065310E+00-0.214932712E+00-0.215475618E+00-0.215682624E+00-0.215542747E+00
-0.215045625E+00-0.214181758E+00-0.212942769E+00-0.211321672E+00-0.209313064E+00
-0.206913323E+00-0.204120760E+00-0.200935700E+00-0.197360561E+00-0.193399899E+00
-0.189060451E+00-0.184351168E+00-0.179283242E+00-0.173870132E+00-0.168127582E+00
-0.162073641E+00-0.155728668E+00-0.149115344E+00-0.142258668E+00-0.135185954E+00
-0.127926815E+00-0.120513114E+00-0.112978806E+00-0.105359283E+00-0.976884800E-01
-0.899879556E-01-0.822430108E-01-0.744292798E-01-0.667240706E-01-0.591292315E-01
-0.516438868E-01-0.442662472E-01-0.369943275E-01-0.298262226E-01-0.227602110E-01
-0.157947953E-01-0.892871973E-02-0.216098200E-02 0.450915507E-02 0.110821510E-01
 0.175581730E-01 0.239370796E-01 0.302184022E-01 0.364013252E-01 0.424846645E-01
 0.484668465E-01 0.543458860E-01 0.601193668E-01 0.657844256E-01 0.713377417E-01
 0.767755357E-01 0.820935796E-01 0.872872235E-01 0.923514411E-01 0.972808977E-01
 0.102070042E+00 0.106713225E+00 0.111204837E+00 0.115539466E+00 0.460892598E-01
 0.469420192E-01 0.463009501E-01 0.441145281E-01 0.406286421E-01 0.368540379E-01
 0.330484280E-01 0.292159939E-01 0.253562497E-01 0.214686468E-01 0.175526557E-01
 0.136077726E-01 0.963350870E-02 0.562936737E-02 0.159481582E-02-0.247074542E-02
-0.656801128E-02-0.106977976E-01-0.148610624E-01-0.190589232E-01-0.232926699E-01
-0.275637752E-01-0.318739022E-01-0.362249097E-01-0.406188579E-01-0.450580125E-01
-0.495448513E-01-0.540820737E-01-0.586726185E-01-0.633196985E-01-0.680268750E-01
-0.727982224E-01-0.776387137E-01-0.825551455E-01-0.875863354E-01-0.927075564E-01
-0.978855403E-01-0.103094771E+00-0.108316190E+00-0.113534646E+00-0.118736833E+00
-0.123910258E+00-0.129042816E+00-0.134122627E+00-0.139137961E+00-0.144077209E+00
-0.148928858E+00-0.153681481E+00-0.158323725E+00-0.162844301E+00-0.167231975E+00
-0.171475560E+00-0.175563909E+00-0.179485902E+00-0.183230443E+00-0.186786448E+00
-0.190142833E+00-0.193288512E+00-0.196212378E+00-0.198903300E+00-0.201350108E+00
-0.203541587E+00-0.205466477E+00-0.207113473E+00-0.208471247E+00-0.209528485E+00
-0.210273959E+00-0.210696625E+00-0.210785763E+00-0.210531154E+00-0.209923269E+00
-0.208953494E+00-0.207614349E+00-0.205899695E+00-0.203804929E+00-0.201327146E+00
-0.198465271E+00-0.195220163E+00-0.191594705E+00-0.187593861E+00-0.183224732E+00
-0.178496597E+00-0.173420952E+00-0.168011532E+00-0.162284339E+00-0.156257657E+00
-0.149952060E+00-0.143390426E+00-0.136597927E+00-0.129602020E+00-0.122432405E+00
-0.115120885E+00-0.107700887E+00-0.100205532E+00-0.926602145E-01-0.850629602E-01
-0.773637538E-01-0.697455440E-01-0.622164822E-01-0.547799899E-01-0.474370716E-01
-0.401875473E-01-0.330306976E-01-0.259655998E-01-0.189913049E-01-0.121069334E-01
-0.531173225E-02 0.139488735E-02 0.801332056E-02 0.145437423E-01 0.209860806E-01
 0.273399888E-01 0.336048146E-01 0.397795668E-01 0.458628791E-01 0.518529701E-01
 0.577476022E-01 0.635440392E-01 0.692390046E-01 0.748286443E-01 0.803084972E-01
 0.856734795E-01 0.909178887E-01 0.960354344E-01 0.101019304E+00 0.105862268E+00
 0.110556830E+00 0.115095416E+00 0.119470604E+00 0.456657131E-01 0.465328925E-01
 0.459024834E-01 0.437238606E-01 0.402314963E-01 0.364623313E-01 0.326625873E-01
 0.288355227E-01 0.249810986E-01 0.210993111E-01 0.171902211E-01 0.132539226E-01
 0.929049845E-02 0.529997446E-02 0.128227634E-02-0.276280562E-02-0.683564396E-02
-0.109367939E-01-0.150670065E-01-0.192272372E-01-0.234186500E-01-0.276426197E-01
-0.319007320E-01-0.361947830E-01-0.405267793E-01-0.448989385E-01-0.493136913E-01
-0.537736877E-01-0.582818067E-01-0.628411740E-01-0.674551858E-01-0.721275355E-01
-0.768622110E-01-0.816633606E-01-0.865721029E-01-0.915715501E-01-0.966287323E-01
-0.101717147E+00-0.106816852E+00-0.111912210E+00-0.116989753E+00-0.122036990E+00
-0.127041879E+00-0.131992629E+00-0.136877605E+00-0.141685290E+00-0.146404264E+00
-0.151023185E+00-0.155530783E+00-0.159915845E+00-0.164167210E+00-0.168273761E+00
-0.172224413E+00-0.176008110E+00-0.179613812E+00-0.183030495E+00-0.186247136E+00
-0.189252712E+00-0.192036189E+00-0.194586523E+00-0.196892654E+00-0.198943513E+00
-0.200728026E+00-0.202235143E+00-0.203453864E+00-0.204373297E+00-0.204982738E+00
-0.205271770E+00-0.205230401E+00-0.204849217E+00-0.204119559E+00-0.203033713E+00
-0.201585096E+00-0.199768444E+00-0.197579974E+00-0.195017539E+00-0.192080751E+00
-0.188771090E+00-0.185091995E+00-0.181048934E+00-0.176649464E+00-0.171903282E+00
-0.166822267E+00-0.161420505E+00-0.155714326E+00-0.149722311E+00-0.143465317E+00
-0.136966478E+00-0.130251214E+00-0.123347213E+00-0.116284379E+00-0.109094569E+00
-0.101810464E+00-0.944608849E-01-0.870569436E-01-0.795702175E-01-0.720271110E-01
-0.645784889E-01-0.572164926E-01-0.499378408E-01-0.427410133E-01-0.356251345E-01
-0.285895534E-01-0.216337029E-01-0.147570663E-01-0.795918502E-02-0.123967910E-02
 0.540172641E-02 0.119651734E-01 0.184506405E-01 0.248579101E-01 0.311865319E-01
 0.374357819E-01 0.436046159E-01 0.496916173E-01 0.556949377E-01 0.616122312E-01
 0.674405820E-01 0.731764279E-01 0.788154816E-01 0.843526543E-01 0.897819910E-01
 0.950966253E-01 0.100288770E+00 0.105349757E+00 0.110270144E+00 0.115039898E+00
 0.119648665E+00 0.124086106E+00 0.455341644E-01 0.462850515E-01 0.457880343E-01
 0.434993569E-01 0.397421755E-01 0.359704259E-01 0.321784160E-01 0.283584244E-01
 0.245106765E-01 0.206357637E-01 0.167344708E-01 0.128076604E-01 0.885615998E-02
 0.488066991E-02 0.881696690E-03-0.314048906E-02-0.718587545E-02-0.112547184E-01
-0.153475414E-01-0.194651302E-01-0.236085237E-01-0.277790048E-01-0.319780897E-01
-0.362075191E-01-0.404692496E-01-0.447654472E-01-0.490984811E-01-0.534709201E-01
-0.578855290E-01-0.623452658E-01-0.668532765E-01-0.714128863E-01-0.760275808E-01
-0.807009803E-01-0.854732783E-01-0.903357007E-01-0.952567246E-01-0.100208939E+00
-0.105171490E+00-0.110128167E+00-0.115065300E+00-0.119970392E+00-0.124831480E+00
-0.129636876E+00-0.134375058E+00-0.139034620E+00-0.143604247E+00-0.148072702E+00
-0.152428809E+00-0.156661451E+00-0.160759556E+00-0.164712090E+00-0.168508055E+00
-0.172136475E+00-0.175586399E+00-0.178846886E+00-0.181907010E+00-0.184755850E+00
-0.187382494E+00-0.189776041E+00-0.191925603E+00-0.193820325E+00-0.195449400E+00
-0.196802106E+00-0.197867850E+00-0.198636232E+00-0.199097128E+00-0.199240798E+00
-0.199058005E+00-0.198540163E+00-0.197679491E+00-0.196469178E+00-0.194903550E+00
-0.192978230E+00-0.190690288E+00-0.188038380E+00-0.185022867E+00-0.181645924E+00
-0.177911627E+00-0.173826032E+00-0.169397239E+00-0.164635445E+00-0.159552989E+00
-0.154164387E+00-0.148486361E+00-0.142537861E+00-0.136340078E+00-0.129916454E+00
-0.123292673E+00-0.116496614E+00-0.109558133E+00-0.102508153E+00-0.953749610E-01
-0.881729167E-01-0.808824147E-01-0.735039837E-01-0.661888989E-01-0.589407573E-01
-0.517603403E-01-0.446477166E-01-0.376028247E-01-0.306255919E-01-0.237159402E-01
-0.168737772E-01-0.100989963E-01-0.339148714E-02 0.324884567E-02 0.982205936E-02
 0.163281453E-01 0.227669975E-01 0.291383763E-01 0.354418668E-01 0.416768307E-01
 0.478423493E-01 0.539371571E-01 0.599595636E-01 0.659073616E-01 0.717777207E-01
 0.775670658E-01 0.832709402E-01 0.888838583E-01 0.943991536E-01 0.998088373E-01
 0.105103489E+00 0.110272211E+00 0.115302688E+00 0.120181389E+00 0.124893939E+00
 0.129425659E+00 0.444719430E-01 0.453620269E-01 0.447547582E-01 0.425993103E-01
 0.391310704E-01 0.353820391E-01 0.315994315E-01 0.277867178E-01 0.239447605E-01
 0.200751186E-01 0.161797593E-01 0.122607367E-01 0.831995125E-02 0.435900064E-02
 0.379103469E-03-0.361892712E-02-0.763468027E-02-0.116681283E-01-0.157196003E-01
-0.197897539E-01-0.238795475E-01-0.279902153E-01-0.321232443E-01-0.362803552E-01
-0.404634847E-01-0.446747716E-01-0.489165430E-01-0.531913017E-01-0.575017131E-01
-0.618505875E-01-0.662408574E-01-0.706755460E-01-0.751577318E-01-0.796905351E-01
-0.843120785E-01-0.890213110E-01-0.937901200E-01-0.985903552E-01-0.103400192E+00
-0.108202694E+00-0.112983871E+00-0.117731166E+00-0.122432679E+00-0.127076827E+00
-0.131652212E+00-0.136147552E+00-0.140551655E+00-0.144853401E+00-0.149041731E+00
-0.153105637E+00-0.157034156E+00-0.160816362E+00-0.164441364E+00-0.167898297E+00
-0.171176322E+00-0.174264623E+00-0.177152406E+00-0.179828902E+00-0.182283371E+00
-0.184505110E+00-0.186483471E+00-0.188207881E+00-0.189667871E+00-0.190853121E+00
-0.191753511E+00-0.192359194E+00-0.192660680E+00-0.192648938E+00-0.192315515E+00
-0.191652667E+00-0.190653497E+00-0.189312104E+00-0.187623730E+00-0.185584903E+00
-0.183193573E+00-0.180449240E+00-0.177353067E+00-0.173907985E+00-0.170118779E+00
-0.165992167E+00-0.161536868E+00-0.156763657E+00-0.151685409E+00-0.146317142E+00
-0.140676044E+00-0.134781498E+00-0.128655088E+00-0.122320601E+00-0.115803959E+00
-0.109132993E+00-0.102336543E+00-0.954410837E-01-0.884608387E-01-0.813802429E-01
-0.741927846E-01-0.670487770E-01-0.599514523E-01-0.529035248E-01-0.459069235E-01
-0.389629988E-01-0.320727209E-01-0.252368032E-01-0.184557728E-01-0.117300117E-01
-0.505978644E-02 0.155472810E-02 0.811342437E-02 0.146162372E-01 0.210631160E-01
 0.274539940E-01 0.337887519E-01 0.400671755E-01 0.462889057E-01 0.524533766E-01
 0.585597414E-01 0.646067812E-01 0.705927925E-01 0.765154501E-01 0.823716379E-01
 0.881572461E-01 0.938669264E-01 0.994938094E-01 0.105029189E+00 0.110462200E+00
 0.115779541E+00 0.120965323E+00 0.126001177E+00 0.130866730E+00 0.135540518E+00
 0.437111131E-01 0.446078460E-01 0.440133643E-01 0.418762191E-01 0.384373080E-01
 0.347055883E-01 0.309340297E-01 0.271266024E-01 0.232856897E-01 0.194152346E-01
 0.155196187E-01 0.116029320E-01 0.766862856E-02 0.371941873E-02-0.242719822E-03
-0.421648016E-02-0.820114890E-02-0.121965298E-01-0.162028747E-01-0.202208239E-01
-0.242513553E-01-0.282957426E-01-0.323555200E-01-0.364324538E-01-0.405285178E-01
-0.446458740E-01-0.487868551E-01-0.529539496E-01-0.571497849E-01-0.613771066E-01
-0.656387446E-01-0.699375455E-01-0.742762251E-01-0.786570222E-01-0.831131639E-01
-0.876520170E-01-0.922516496E-01-0.968836113E-01-0.101524998E+00-0.106157923E+00
-0.110767860E+00-0.115342074E+00-0.119868674E+00-0.124336170E+00-0.128733286E+00
-0.133048874E+00-0.137271880E+00-0.141391319E+00-0.145396264E+00-0.149275840E+00
-0.153019214E+00-0.156615593E+00-0.160054221E+00-0.163324373E+00-0.166415360E+00
-0.169316528E+00-0.172017259E+00-0.174506984E+00-0.176775188E+00-0.178811429E+00
-0.180605359E+00-0.182146751E+00-0.183425542E+00-0.184431876E+00-0.185156169E+00
-0.185589178E+00-0.185722088E+00-0.185546613E+00-0.185055105E+00-0.184240675E+00
-0.183097319E+00-0.181620056E+00-0.179805052E+00-0.177649756E+00-0.175153025E+00
-0.172315238E+00-0.169138403E+00-0.165626259E+00-0.161784362E+00-0.157620158E+00
-0.153143053E+00-0.148364471E+00-0.143297896E+00-0.137958919E+00-0.132365265E+00
-0.126536815E+00-0.120495608E+00-0.114265781E+00-0.107873303E+00-0.101344966E+00
-0.947047948E-01-0.879645913E-01-0.811085716E-01-0.741354644E-01-0.671876921E-01
-0.602686828E-01-0.533815703E-01-0.465291163E-01-0.397136516E-01-0.329370950E-01
-0.262010029E-01-0.195066222E-01-0.128549346E-01-0.624669226E-02 0.317553588E-03
 0.683742790E-02 0.133127090E-01 0.197433060E-01 0.261292351E-01 0.324705932E-01
 0.387675270E-01 0.450201970E-01 0.512287323E-01 0.573931746E-01 0.635134078E-01
 0.695890674E-01 0.756194242E-01 0.816032336E-01 0.875385401E-01 0.934224213E-01
 0.992506543E-01 0.105017281E+00 0.110714048E+00 0.116329710E+00 0.121849209E+00
 0.127252858E+00 0.132515806E+00 0.137608322E+00 0.142497380E+00 0.431647033E-01
 0.440307397E-01 0.435064719E-01 0.413473787E-01 0.376758357E-01 0.339645723E-01
 0.302057433E-01 0.263942045E-01 0.225398219E-01 0.186534153E-01 0.147441555E-01
 0.108191140E-01 0.688348122E-02 0.294091395E-02-0.100614739E-02-0.495622399E-02
-0.890860224E-02-0.128631838E-01-0.168203706E-01-0.207809760E-01-0.247461560E-01
-0.287173546E-01-0.326962609E-01-0.366847754E-01-0.406849829E-01-0.446991315E-01
-0.487296168E-01-0.527789709E-01-0.568498584E-01-0.609450810E-01-0.650676017E-01
-0.692206074E-01-0.734076628E-01-0.776330796E-01-0.819028117E-01-0.862520498E-01
-0.906647245E-01-0.951119329E-01-0.995692315E-01-0.104017464E+00-0.108441300E+00
-0.112827656E+00-0.117164571E+00-0.121440618E+00-0.125644641E+00-0.129765637E+00
-0.133792701E+00-0.137715001E+00-0.141521767E+00-0.145202275E+00-0.148745850E+00
-0.152141860E+00-0.155379712E+00-0.158448859E+00-0.161338799E+00-0.164039078E+00
-0.166539304E+00-0.168829157E+00-0.170898401E+00-0.172736912E+00-0.174334699E+00
-0.175681948E+00-0.176769057E+00-0.177586694E+00-0.178125860E+00-0.178377963E+00
-0.178334901E+00-0.177989161E+00-0.177333922E+00-0.176363163E+00-0.175071787E+00
-0.173455738E+00-0.171512121E+00-0.169239323E+00-0.166637127E+00-0.163706819E+00
-0.160451293E+00-0.156875143E+00-0.152984744E+00-0.148788329E+00-0.144296057E+00
-0.139520061E+00-0.134474504E+00-0.129175610E+00-0.123641695E+00-0.117893170E+00
-0.111952482E+00-0.105843827E+00-0.995919833E-01-0.932183327E-01-0.867313114E-01
-0.801115933E-01-0.733732931E-01-0.666430206E-01-0.599243968E-01-0.532209440E-01
-0.465359663E-01-0.398724684E-01-0.332331097E-01-0.266201904E-01-0.200356598E-01
-0.134811344E-01-0.695792023E-02-0.467033140E-03 0.599078148E-02 0.124150317E-01
 0.188054634E-01 0.251620452E-01 0.314849535E-01 0.377745561E-01 0.440313931E-01
 0.502561541E-01 0.564496486E-01 0.626127680E-01 0.687464348E-01 0.748515343E-01
 0.809288225E-01 0.869787993E-01 0.930015347E-01 0.989964262E-01 0.104961855E+00
 0.110894693E+00 0.116789580E+00 0.122637842E+00 0.128425863E+00 0.134132678E+00
 0.139726805E+00 0.145163550E+00 0.150386598E+00 0.418714570E-01 0.426833817E-01
 0.421167069E-01 0.401212376E-01 0.368734801E-01 0.332504872E-01 0.294786379E-01
 0.256194984E-01 0.217117857E-01 0.177781682E-01 0.138324016E-01 0.988310920E-02
 0.593575400E-02 0.199372838E-02-0.194100431E-02-0.586750938E-02-0.978561800E-02
-0.136957471E-01-0.175987711E-01-0.214959282E-01-0.253887495E-01-0.292790053E-01
-0.331686630E-01-0.370598548E-01-0.409548522E-01-0.448560465E-01-0.487659345E-01
-0.526871087E-01-0.566222527E-01-0.605741418E-01-0.645456511E-01-0.685397699E-01
-0.725596205E-01-0.766084536E-01-0.806895282E-01-0.848392289E-01-0.890509515E-01
-0.932986508E-01-0.975571243E-01-0.101806190E+00-0.106029672E+00-0.110214033E+00
-0.114347173E+00-0.118417700E+00-0.122414575E+00-0.126326947E+00-0.130144078E+00
-0.133855310E+00-0.137450046E+00-0.140917743E+00-0.144247911E+00-0.147430106E+00
-0.150453936E+00-0.153309064E+00-0.155985215E+00-0.158472183E+00-0.160759845E+00
-0.162838179E+00-0.164697285E+00-0.166327407E+00-0.167718973E+00-0.168862632E+00
-0.169749299E+00-0.170370217E+00-0.170717018E+00-0.170781800E+00-0.170557209E+00
-0.170036531E+00-0.169213790E+00-0.168083852E+00-0.166642536E+00-0.164886722E+00
-0.162814466E+00-0.160425106E+00-0.157719370E+00-0.154699480E+00-0.151369245E+00
-0.147734149E+00-0.143801437E+00-0.139580180E+00-0.135081346E+00-0.130317843E+00
-0.125304568E+00-0.120058418E+00-0.114598278E+00-0.108944890E+00-0.103120387E+00
-0.971467045E-01-0.910410867E-01-0.848080837E-01-0.784328323E-01-0.719491112E-01
-0.654558089E-01-0.589567414E-01-0.524560510E-01-0.459577729E-01-0.394656616E-01
-0.329831209E-01-0.265131780E-01-0.200584781E-01-0.136212897E-01-0.720351558E-02
-0.806704517E-03 0.556793737E-02 0.119195366E-01 0.182475443E-01 0.245517307E-01
 0.308321807E-01 0.370892914E-01 0.433237700E-01 0.495366322E-01 0.557291994E-01
 0.619030943E-01 0.680602322E-01 0.742028067E-01 0.803332664E-01 0.864542781E-01
 0.925686705E-01 0.986793493E-01 0.104789170E+00 0.110900743E+00 0.117016139E+00
 0.123136416E+00 0.129260820E+00 0.135385333E+00 0.141499707E+00 0.147580378E+00
 0.153571345E+00 0.159351751E+00 0.419111240E-01 0.430105338E-01 0.425126185E-01
 0.403653950E-01 0.367783775E-01 0.328308000E-01 0.288275206E-01 0.248002449E-01
 0.207691435E-01 0.167460698E-01 0.127380138E-01 0.874907412E-02 0.478151253E-02
 0.836349823E-03-0.308627458E-02-0.698687108E-02-0.108664423E-01-0.147263711E-01
-0.185683370E-01-0.223942538E-01-0.262062201E-01-0.300064810E-01-0.337973976E-01
-0.375814231E-01-0.413610835E-01-0.451389631E-01-0.489176926E-01-0.526999405E-01
-0.564884048E-01-0.602858061E-01-0.640948771E-01-0.679183465E-01-0.717589087E-01
-0.756191771E-01-0.795016305E-01-0.834405937E-01-0.874369168E-01-0.914701182E-01
-0.955150498E-01-0.995506858E-01-0.103559982E+00-0.107528806E+00-0.111444798E+00
-0.115296539E+00-0.119073084E+00-0.122763730E+00-0.126357917E+00-0.129845178E+00
-0.133215115E+00-0.136457390E+00-0.139561724E+00-0.142517895E+00-0.145315746E+00
-0.147945189E+00-0.150396215E+00-0.152658910E+00-0.154723467E+00-0.156580214E+00
-0.158219631E+00-0.159632388E+00-0.160809381E+00-0.161741773E+00-0.162421047E+00
-0.162839064E+00-0.162988130E+00-0.162861069E+00-0.162451303E+00-0.161752942E+00
-0.160760875E+00-0.159470870E+00-0.157879673E+00-0.155985112E+00-0.153786203E+00
-0.151283248E+00-0.148477937E+00-0.145373443E+00-0.141974517E+00-0.138287569E+00
-0.134320748E+00-0.130084013E+00-0.125589192E+00-0.120850026E+00-0.115882182E+00
-0.110703195E+00-0.105332207E+00-0.997890735E-01-0.940916869E-01-0.882500169E-01
-0.822556812E-01-0.760960333E-01-0.699038635E-01-0.636714607E-01-0.574104133E-01
-0.511287292E-01-0.448326117E-01-0.385272168E-01-0.322169888E-01-0.259058139E-01
-0.195970962E-01-0.132937971E-01-0.699845888E-02-0.713219537E-03 0.556017769E-02
 0.118203788E-01 0.180664169E-01 0.242977137E-01 0.305140844E-01 0.367157453E-01
 0.429033262E-01 0.490778852E-01 0.552409269E-01 0.613944250E-01 0.675408474E-01
 0.736831855E-01 0.798249861E-01 0.859703873E-01 0.921241578E-01 0.982917401E-01
 0.104479300E+00 0.110693783E+00 0.116942991E+00 0.123235692E+00 0.129581796E+00
 0.135992699E+00 0.142482001E+00 0.149067241E+00 0.155775006E+00 0.162659855E+00
 0.169465935E+00 0.427870115E-01 0.443938431E-01 0.439882345E-01 0.415285150E-01
 0.368819498E-01 0.323842661E-01 0.280370314E-01 0.237802676E-01 0.195915467E-01
 0.154600887E-01 0.113800914E-01 0.734784705E-02 0.336050216E-02-0.584485060E-03
-0.448958384E-02-0.835729284E-02-0.121901778E-01-0.159908785E-01-0.197621021E-01
-0.235066096E-01-0.272272012E-01-0.309267023E-01-0.346079497E-01-0.382737815E-01
-0.419270274E-01-0.455705017E-01-0.492069972E-01-0.528392808E-01-0.564700879E-01
-0.601021155E-01-0.637380090E-01-0.673803351E-01-0.710315227E-01-0.746937288E-01
-0.783685274E-01-0.820853709E-01-0.858514362E-01-0.896545158E-01-0.934709145E-01
-0.972788823E-01-0.101060468E+00-0.104800772E+00-0.108486995E+00-0.112107566E+00
-0.115651571E+00-0.119108435E+00-0.122467775E+00-0.125719327E+00-0.128852909E+00
-0.131858415E+00-0.134725806E+00-0.137445116E+00-0.140006455E+00-0.142400023E+00
-0.144616119E+00-0.146645163E+00-0.148477712E+00-0.150104486E+00-0.151516399E+00
-0.152704594E+00-0.153660482E+00-0.154375787E+00-0.154842605E+00-0.155053458E+00
-0.155001360E+00-0.154679894E+00-0.154083288E+00-0.153206497E+00-0.152045295E+00
-0.150596365E+00-0.148857392E+00-0.146827163E+00-0.144505662E+00-0.141894163E+00
-0.138995328E+00-0.135813297E+00-0.132353775E+00-0.128624118E+00-0.124633406E+00
-0.120392508E+00-0.115914132E+00-0.111212823E+00-0.106304854E+00-0.101207759E+00
-0.959388962E-01-0.905119797E-01-0.849309320E-01-0.791845657E-01-0.732934454E-01
-0.673554258E-01-0.613737487E-01-0.553517353E-01-0.492949199E-01-0.432091479E-01
-0.370999613E-01-0.309724290E-01-0.248311223E-01-0.186801298E-01-0.125230791E-01
-0.636315473E-02-0.203110175E-03 0.595472449E-02 0.121084403E-01 0.182565514E-01
 0.243980014E-01 0.305321739E-01 0.366589082E-01 0.427785195E-01 0.488918254E-01
 0.550001771E-01 0.611054994E-01 0.672103367E-01 0.733179093E-01 0.794321796E-01
 0.855579316E-01 0.917008652E-01 0.978677103E-01 0.104066366E+00 0.110306073E+00
 0.116597638E+00 0.122953724E+00 0.129389267E+00 0.135922080E+00 0.142573799E+00
 0.149371431E+00 0.156349936E+00 0.163556308E+00 0.171051339E+00 0.178420762E+00
 0.416539811E-01 0.433855677E-01 0.430069321E-01 0.404482193E-01 0.359806238E-01
 0.312831373E-01 0.267374808E-01 0.223199370E-01 0.180100602E-01 0.137929728E-01
 0.965788021E-02 0.559665854E-02 0.160285155E-02-0.232897010E-02-0.620359881E-02
-0.100254220E-01-0.137985581E-01-0.175269342E-01-0.212143311E-01-0.248644066E-01
-0.284807093E-01-0.320666845E-01-0.356256780E-01-0.391609382E-01-0.426756173E-01
-0.461727733E-01-0.496553722E-01-0.531262905E-01-0.565883198E-01-0.600441734E-01
-0.634964980E-01-0.669479004E-01-0.704010063E-01-0.738585999E-01-0.773239625E-01
-0.808016980E-01-0.843224378E-01-0.878798296E-01-0.914528982E-01-0.950192921E-01
-0.985600976E-01-0.102059541E+00-0.105504197E+00-0.108882187E+00-0.112182525E+00
-0.115394717E+00-0.118508541E+00-0.121513936E+00-0.124400956E+00-0.127159747E+00
-0.129780538E+00-0.132253648E+00-0.134569493E+00-0.136718596E+00-0.138691607E+00
-0.140479320E+00-0.142072700E+00-0.143462906E+00-0.144641332E+00-0.145599637E+00
-0.146329792E+00-0.146824129E+00-0.147075394E+00-0.147076806E+00-0.146822125E+00
-0.146305724E+00-0.145522658E+00-0.144468754E+00-0.143140686E+00-0.141536068E+00
-0.139653537E+00-0.137492846E+00-0.135054955E+00-0.132342115E+00-0.129357962E+00
-0.126107602E+00-0.122597696E+00-0.118836536E+00-0.114834105E+00-0.110602108E+00
-0.106153905E+00-0.101504206E+00-0.966681006E-01-0.916586980E-01-0.864827988E-01
-0.811357717E-01-0.756130190E-01-0.700234226E-01-0.643587735E-01-0.586307440E-01
-0.528477162E-01-0.470165087E-01-0.411433677E-01-0.352341516E-01-0.292943298E-01
-0.233289588E-01-0.173426701E-01-0.113396666E-01-0.532372457E-02 0.701803676E-03
 0.673398934E-02 0.127703293E-01 0.188087518E-01 0.248476269E-01 0.308857803E-01
 0.369225130E-01 0.429576265E-01 0.489914537E-01 0.550248972E-01 0.610594760E-01
 0.670973817E-01 0.731415460E-01 0.791957217E-01 0.852645798E-01 0.913538268E-01
 0.974703451E-01 0.103622364E+00 0.109819664E+00 0.116073832E+00 0.122398571E+00
 0.128810077E+00 0.135327524E+00 0.141973651E+00 0.148775505E+00 0.155765318E+00
 0.162981439E+00 0.170469011E+00 0.178279092E+00 0.185898423E+00 0.398134505E-01
 0.415830462E-01 0.412163946E-01 0.386311781E-01 0.341789272E-01 0.294016311E-01
 0.247648150E-01 0.202665355E-01 0.158936961E-01 0.116343622E-01 0.747812719E-02
 0.341597388E-02-0.559984543E-03-0.445675874E-02-0.828068799E-02-0.120375906E-01
-0.157328692E-01-0.193715824E-01-0.229584934E-01-0.264981038E-01-0.299946772E-01
-0.334522568E-01-0.368746798E-01-0.402655885E-01-0.436284414E-01-0.469665228E-01
-0.502829515E-01-0.535806904E-01-0.568625553E-01-0.601312240E-01-0.633892464E-01
-0.666390553E-01-0.698829762E-01-0.731232310E-01-0.763619107E-01-0.796008455E-01
-0.828707245E-01-0.861715083E-01-0.894884801E-01-0.928005344E-01-0.960882943E-01
-0.993352984E-01-0.102527475E+00-0.105652505E+00-0.108699215E+00-0.111657112E+00
-0.114516096E+00-0.117266303E+00-0.119898025E+00-0.122401678E+00-0.124767786E+00
-0.126986983E+00-0.129050022E+00-0.130947788E+00-0.132671319E+00-0.134211826E+00
-0.135560721E+00-0.136709649E+00-0.137650523E+00-0.138375563E+00-0.138877343E+00
-0.139148840E+00-0.139183488E+00-0.138975240E+00-0.138518632E+00-0.137808853E+00
-0.136841815E+00-0.135614234E+00-0.134123708E+00-0.132368794E+00-0.130349096E+00
-0.128065344E+00-0.125519476E+00-0.122714721E+00-0.119655677E+00-0.116348388E+00
-0.112800416E+00-0.109020873E+00-0.105020386E+00-0.100810847E+00-0.964046605E-01
-0.918129385E-01-0.870425013E-01-0.820921357E-01-0.769484903E-01-0.717214604E-01
-0.664000075E-01-0.609954650E-01-0.555151771E-01-0.499669271E-01-0.443580591E-01
-0.386953495E-01-0.329850876E-01-0.272331382E-01-0.214449691E-01-0.156256588E-01
-0.977989741E-02-0.391198432E-02 0.197417510E-02 0.787507414E-02 0.137876116E-01
 0.197091009E-01 0.256372833E-01 0.315703438E-01 0.375069328E-01 0.434461917E-01
 0.493877856E-01 0.553319417E-01 0.612794967E-01 0.672319531E-01 0.731915464E-01
 0.791613267E-01 0.851452554E-01 0.911483216E-01 0.971766824E-01 0.103237832E+00
 0.109340802E+00 0.115496410E+00 0.121717545E+00 0.128019517E+00 0.134420451E+00
 0.140941740E+00 0.147608527E+00 0.154450158E+00 0.161500538E+00 0.168798224E+00
 0.176386076E+00 0.184319385E+00 0.192028225E+00 0.375553219E-01 0.393946139E-01
 0.390370024E-01 0.364288058E-01 0.315681730E-01 0.267352178E-01 0.220685762E-01
 0.175475293E-01 0.131631955E-01 0.890642688E-02 0.476813931E-02 0.739577676E-03
-0.318756156E-02-0.702109137E-02-0.107683367E-01-0.144361551E-01-0.180309622E-01
-0.215587586E-01-0.250251548E-01-0.284353947E-01-0.317943773E-01-0.351066777E-01
-0.383765664E-01-0.416080276E-01-0.448047776E-01-0.479702802E-01-0.511077632E-01
-0.542202319E-01-0.573104824E-01-0.603811120E-01-0.634345264E-01-0.664729400E-01
-0.694983591E-01-0.725125301E-01-0.755168041E-01-0.785118123E-01-0.815240595E-01
-0.845580485E-01-0.876066827E-01-0.906521399E-01-0.936751917E-01-0.966588525E-01
-0.995884478E-01-0.102451142E+00-0.105235440E+00-0.107930739E+00-0.110526989E+00
-0.113014487E+00-0.115383756E+00-0.117625488E+00-0.119730520E+00-0.121689826E+00
-0.123494528E+00-0.125135907E+00-0.126605426E+00-0.127894751E+00-0.128995784E+00
-0.129900693E+00-0.130601952E+00-0.131092383E+00-0.131365199E+00-0.131414060E+00
-0.131233125E+00-0.130817111E+00-0.130161358E+00-0.129261900E+00-0.128115529E+00
-0.126719874E+00-0.125073474E+00-0.123175853E+00-0.121027595E+00-0.118630416E+00
-0.115987234E+00-0.113102230E+00-0.109980898E+00-0.106630064E+00-0.103057845E+00
-0.992734396E-01-0.952864331E-01-0.911054091E-01-0.867358641E-01-0.821764616E-01
-0.774150176E-01-0.725549669E-01-0.675848424E-01-0.625156331E-01-0.573540536E-01
-0.521075091E-01-0.467831611E-01-0.413880107E-01-0.359288048E-01-0.304119756E-01
-0.248436209E-01-0.192295027E-01-0.135750467E-01-0.788534069E-02-0.216512994E-02
 0.358118862E-02 0.934957448E-02 0.151363533E-01 0.209382285E-01 0.267522962E-01
 0.325760622E-01 0.384074636E-01 0.442448937E-01 0.500872329E-01 0.559338846E-01
 0.617848181E-01 0.676406192E-01 0.735025508E-01 0.793726245E-01 0.852536854E-01
 0.911495139E-01 0.970649478E-01 0.103006028E+00 0.108980175E+00 0.114996403E+00
 0.121065572E+00 0.127200701E+00 0.133417330E+00 0.139733948E+00 0.146172478E+00
 0.152758784E+00 0.159523152E+00 0.166500627E+00 0.173731019E+00 0.181258371E+00
 0.189145153E+00 0.196763095E+00 0.338687470E-01 0.356690693E-01 0.352989059E-01
 0.326878365E-01 0.280944555E-01 0.232775682E-01 0.186209462E-01 0.141195291E-01
 0.976644507E-02 0.555374353E-02 0.147286753E-02-0.248497490E-02-0.632853855E-02
-0.100663528E-01-0.137065990E-01-0.172570362E-01-0.207249616E-01-0.241171953E-01
-0.274400819E-01-0.306995020E-01-0.339008914E-01-0.370492638E-01-0.401492356E-01
-0.432050506E-01-0.462206052E-01-0.491994716E-01-0.521449196E-01-0.550599375E-01
-0.579472500E-01-0.608093362E-01-0.636484464E-01-0.664666215E-01-0.692657222E-01
-0.720474839E-01-0.748136434E-01-0.775662440E-01-0.803083981E-01-0.830661793E-01
-0.858357600E-01-0.886034139E-01-0.913510297E-01-0.940613265E-01-0.967191247E-01
-0.993110942E-01-0.101825349E+00-0.104251064E+00-0.106578146E+00-0.108796984E+00
-0.110898300E+00-0.112873052E+00-0.114712396E+00-0.116407666E+00-0.117950377E+00
-0.119332235E+00-0.120545163E+00-0.121581318E+00-0.122433127E+00-0.123093322E+00
-0.123554975E+00-0.123811546E+00-0.123856926E+00-0.123685490E+00-0.123292153E+00
-0.122672425E+00-0.121822480E+00-0.120739217E+00-0.119420329E+00-0.117864380E+00
-0.116070867E+00-0.114040294E+00-0.111774234E+00-0.109275378E+00-0.106547564E+00
-0.103595761E+00-0.100425963E+00-0.970448331E-01-0.934590648E-01-0.896745799E-01
-0.856945059E-01-0.815157127E-01-0.771329228E-01-0.726377538E-01-0.680195688E-01
-0.632887347E-01-0.584514813E-01-0.535148219E-01-0.484855856E-01-0.433705581E-01
-0.381764189E-01-0.329097064E-01-0.275767785E-01-0.221837785E-01-0.167366102E-01
-0.112409220E-01-0.570209422E-02-0.125228770E-03 0.548486175E-02 0.111236649E-01
 0.167869806E-01 0.224709347E-01 0.281719945E-01 0.338869866E-01 0.396131172E-01
 0.453479961E-01 0.510896639E-01 0.568366239E-01 0.625878791E-01 0.683429746E-01
 0.741020474E-01 0.798658848E-01 0.856359911E-01 0.914146680E-01 0.972051084E-01
 0.103011508E+00 0.108839200E+00 0.114694814E+00 0.120586478E+00 0.126524054E+00
 0.132519436E+00 0.138586926E+00 0.144743697E+00 0.151010376E+00 0.157411778E+00
 0.163977781E+00 0.170744297E+00 0.177754092E+00 0.185056896E+00 0.192699247E+00
 0.199894371E+00 0.294895266E-01 0.312325948E-01 0.308434885E-01 0.282381210E-01
 0.237806047E-01 0.190028452E-01 0.143872884E-01 0.994163435E-02 0.565894148E-02
 0.153074436E-02-0.245228090E-02-0.629987693E-02-0.100218549E-01-0.136278323E-01
-0.171270492E-01-0.205282500E-01-0.238396165E-01-0.270687379E-01-0.302226081E-01
-0.333076402E-01-0.363296919E-01-0.392940976E-01-0.422057026E-01-0.450688983E-01
-0.478876553E-01-0.506655556E-01-0.534058210E-01-0.561113395E-01-0.587846880E-01
-0.614281526E-01-0.640437461E-01-0.666332231E-01-0.691980928E-01-0.717396287E-01
-0.742588704E-01-0.767565969E-01-0.792332081E-01-0.817147454E-01-0.842003565E-01
-0.866822206E-01-0.891455435E-01-0.915738285E-01-0.939517566E-01-0.962656803E-01
-0.985033871E-01-0.100653798E+00-0.102706694E+00-0.104652480E+00-0.106482016E+00
-0.108186495E+00-0.109757379E+00-0.111186363E+00-0.112465372E+00-0.113586562E+00
-0.114542341E+00-0.115325390E+00-0.115928695E+00-0.116345585E+00-0.116569767E+00
-0.116595373E+00-0.116417003E+00-0.116029780E+00-0.115429403E+00-0.114612200E+00
-0.113575194E+00-0.112316163E+00-0.110833708E+00-0.109127320E+00-0.107197442E+00
-0.105045508E+00-0.102673974E+00-0.100086274E+00-0.972866380E-01-0.942797847E-01
-0.910703619E-01-0.876615323E-01-0.840525617E-01-0.802397817E-01-0.762271008E-01
-0.720895972E-01-0.678183894E-01-0.634230108E-01-0.589092459E-01-0.542836767E-01
-0.495527511E-01-0.447229384E-01-0.398006752E-01-0.347923480E-01-0.297042681E-01
-0.245426452E-01-0.193135621E-01-0.140229506E-01-0.867657009E-02-0.327999049E-02
 0.216142399E-02 0.764252911E-02 0.131584146E-01 0.187044183E-01 0.242761415E-01
 0.298694644E-01 0.354805646E-01 0.411059362E-01 0.467424118E-01 0.523871870E-01
 0.580378478E-01 0.636924018E-01 0.693493122E-01 0.750075378E-01 0.806665765E-01
 0.863265159E-01 0.919880898E-01 0.976527438E-01 0.103322710E+00 0.109001096E+00
 0.114691985E+00 0.120400559E+00 0.126133250E+00 0.131897920E+00 0.137704092E+00
 0.143563260E+00 0.149489296E+00 0.155499038E+00 0.161613166E+00 0.167857563E+00
 0.174265506E+00 0.180881105E+00 0.187763767E+00 0.194943219E+00 0.201609961E+00
 0.246626851E-01 0.264102302E-01 0.260014160E-01 0.233822187E-01 0.186138636E-01
 0.138604637E-01 0.931704647E-02 0.496480923E-02 0.794213154E-03-0.320560197E-02
-0.704629316E-02-0.107397707E-01-0.142977825E-01-0.177316217E-01-0.210519385E-01
-0.242686346E-01-0.273908179E-01-0.304267999E-01-0.333841200E-01-0.362695863E-01
-0.390893249E-01-0.418488321E-01-0.445530265E-01-0.472062985E-01-0.498125558E-01
-0.523752646E-01-0.548974860E-01-0.573819074E-01-0.598308697E-01-0.622463888E-01
-0.646301727E-01-0.669836307E-01-0.693078742E-01-0.716036980E-01-0.738715266E-01
-0.761112826E-01-0.783220837E-01-0.805261672E-01-0.827253460E-01-0.849161860E-01
-0.870882951E-01-0.892274032E-01-0.913187100E-01-0.933484859E-01-0.953043158E-01
-0.971749229E-01-0.989499505E-01-0.100619768E+00-0.102175308E+00-0.103607948E+00
-0.104909422E+00-0.106071775E+00-0.107087337E+00-0.107948725E+00-0.108648850E+00
-0.109180941E+00-0.109538571E+00-0.109715695E+00-0.109706685E+00-0.109506374E+00
-0.109110100E+00-0.108513759E+00-0.107713849E+00-0.106707527E+00-0.105492657E+00
-0.104067855E+00-0.102432548E+00-0.100587020E+00-0.985324155E-01-0.962706460E-01
-0.938042608E-01-0.911362086E-01-0.882688873E-01-0.852035128E-01-0.819403424E-01
-0.784774683E-01-0.748234823E-01-0.710329739E-01-0.670997814E-01-0.630325360E-01
-0.588366712E-01-0.545183504E-01-0.500836273E-01-0.455386050E-01-0.408893938E-01
-0.361421063E-01-0.313028429E-01-0.263776765E-01-0.213726361E-01-0.162936883E-01
-0.111467193E-01-0.593751650E-02-0.671751614E-03 0.464503587E-02 0.100074542E-01
 0.154102746E-01 0.208484464E-01 0.263171126E-01 0.318116264E-01 0.373275681E-01
 0.428607644E-01 0.484073080E-01 0.539635803E-01 0.595262750E-01 0.650924239E-01
 0.706594263E-01 0.762250785E-01 0.817876081E-01 0.873457097E-01 0.928985835E-01
 0.984459775E-01 0.103988232E+00 0.109526330E+00 0.115061948E+00 0.120597512E+00
 0.126136267E+00 0.131682339E+00 0.137240823E+00 0.142817874E+00 0.148420827E+00
 0.154058362E+00 0.159740739E+00 0.165480188E+00 0.171291626E+00 0.177194163E+00
 0.183214884E+00 0.189401245E+00 0.195806659E+00 0.201672103E+00 0.183939144E-01
 0.200439583E-01 0.195951682E-01 0.169828124E-01 0.124349493E-01 0.777065506E-02
 0.333986354E-02-0.871949737E-03-0.487927259E-02-0.869776739E-02-0.123433548E-01
-0.158315340E-01-0.191769472E-01-0.223931378E-01-0.254924478E-01-0.284860081E-01
-0.313837838E-01-0.341946519E-01-0.369264913E-01-0.395862769E-01-0.421801708E-01
-0.447136066E-01-0.471913656E-01-0.496176445E-01-0.519961149E-01-0.543299740E-01
-0.566219882E-01-0.588745302E-01-0.610896094E-01-0.632688967E-01-0.654137448E-01
-0.675252043E-01-0.696040383E-01-0.716507396E-01-0.736655669E-01-0.756486346E-01
-0.776001593E-01-0.795211227E-01-0.814323249E-01-0.833299484E-01-0.852069959E-01
-0.870520452E-01-0.888517887E-01-0.905929093E-01-0.922629872E-01-0.938506544E-01
-0.953454790E-01-0.967378092E-01-0.980186365E-01-0.991794833E-01-0.100212321E+00
-0.101109511E+00-0.101863776E+00-0.102468185E+00-0.102916156E+00-0.103201474E+00
-0.103318316E+00-0.103261276E+00-0.103025409E+00-0.102606265E+00-0.101999927E+00
-0.101203053E+00-0.100212915E+00-0.990274405E-01-0.976452130E-01-0.960654079E-01
-0.942877962E-01-0.923127525E-01-0.901411958E-01-0.877738236E-01-0.852108010E-01
-0.824528016E-01-0.794957324E-01-0.763405733E-01-0.730417461E-01-0.695890505E-01
-0.659834643E-01-0.622342096E-01-0.583471437E-01-0.543283389E-01-0.501835928E-01
-0.459186753E-01-0.415393435E-01-0.370513668E-01-0.324605319E-01-0.277726422E-01
-0.229935116E-01-0.181289551E-01-0.131847786E-01-0.816676548E-02-0.308066413E-02
 0.206782641E-02 0.727307030E-02 0.125295090E-01 0.178316755E-01 0.231742090E-01
 0.285518696E-01 0.339595545E-01 0.393923139E-01 0.448453692E-01 0.503141314E-01
 0.557942218E-01 0.612814932E-01 0.667720528E-01 0.722622870E-01 0.777488860E-01
 0.832288711E-01 0.886996211E-01 0.941589002E-01 0.996048843E-01 0.105036188E+00
 0.110451887E+00 0.115851540E+00 0.121235206E+00 0.126603449E+00 0.131957341E+00
 0.137298445E+00 0.142628776E+00 0.147950736E+00 0.153266994E+00 0.158580303E+00
 0.163893181E+00 0.169207373E+00 0.174522865E+00 0.179835900E+00 0.185134371E+00
 0.190385243E+00 0.195502505E+00 0.200338928E+00 0.110392165E-01 0.125433584E-01
 0.120412294E-01 0.945219251E-02 0.514239275E-02 0.621830716E-03-0.363667088E-02
-0.764134788E-02-0.114159342E-01-0.149842651E-01-0.183688283E-01-0.215900968E-01
-0.246662949E-01-0.276134215E-01-0.304454092E-01-0.331743379E-01-0.358106607E-01
-0.383634169E-01-0.408404239E-01-0.432484444E-01-0.455933284E-01-0.478801348E-01
-0.501132316E-01-0.522963813E-01-0.544328107E-01-0.565252695E-01-0.585760780E-01
-0.605871664E-01-0.625601067E-01-0.644961377E-01-0.663961852E-01-0.682608768E-01
-0.700905515E-01-0.718852645E-01-0.736447788E-01-0.753685281E-01-0.770554926E-01
-0.787038273E-01-0.803328527E-01-0.819413472E-01-0.835246997E-01-0.850749142E-01
-0.865811030E-01-0.880313186E-01-0.894136770E-01-0.907169719E-01-0.919308226E-01
-0.930456338E-01-0.940524965E-01-0.949430936E-01-0.957096255E-01-0.963447547E-01
-0.968415712E-01-0.971935756E-01-0.973946773E-01-0.974392033E-01-0.973219143E-01
-0.970380268E-01-0.965832455E-01-0.959537944E-01-0.951464276E-01-0.941584037E-01
-0.929875266E-01-0.916322099E-01-0.900914281E-01-0.883639785E-01-0.864484592E-01
-0.843432190E-01-0.820481341E-01-0.795598120E-01-0.768759255E-01-0.740436633E-01
-0.710528320E-01-0.679028112E-01-0.646012428E-01-0.611519641E-01-0.575589802E-01
-0.538273396E-01-0.499621897E-01-0.459687726E-01-0.418523679E-01-0.376182965E-01
-0.332719243E-01-0.288186657E-01-0.242639851E-01-0.196133945E-01-0.148724495E-01
-0.100467435E-01-0.514189924E-02-0.163560938E-03 0.488261614E-02 0.999097593E-02
 0.151558728E-01 0.203716832E-01 0.256328185E-01 0.309337375E-01 0.362689610E-01
 0.416330868E-01 0.470208055E-01 0.524269183E-01 0.578463556E-01 0.632741966E-01
 0.687056909E-01 0.741362803E-01 0.795616220E-01 0.849776117E-01 0.903804067E-01
 0.957664485E-01 0.101132483E+00 0.106475578E+00 0.111793137E+00 0.117082905E+00
 0.122342970E+00 0.127571745E+00 0.132767942E+00 0.137930519E+00 0.143058601E+00
 0.148151353E+00 0.153207804E+00 0.158226576E+00 0.163205491E+00 0.168140986E+00
 0.173027219E+00 0.177854700E+00 0.182608195E+00 0.187263672E+00 0.191784770E+00
 0.196121431E+00 0.200215363E+00 0.280745690E-02 0.419651777E-02 0.363166015E-02
 0.106405232E-02-0.340434400E-02-0.773756704E-02-0.117258487E-01-0.154207641E-01
-0.188629535E-01-0.220886320E-01-0.251287648E-01-0.280092238E-01-0.307514057E-01
-0.333729594E-01-0.358884671E-01-0.383100240E-01-0.406477102E-01-0.429099665E-01
-0.451038921E-01-0.472354770E-01-0.493097871E-01-0.513311088E-01-0.533030647E-01
-0.552287048E-01-0.571105801E-01-0.589508004E-01-0.607510809E-01-0.625127792E-01
-0.642369238E-01-0.659242368E-01-0.675751508E-01-0.691898217E-01-0.707681390E-01
-0.723097349E-01-0.738139988E-01-0.752801066E-01-0.767070991E-01-0.780940913E-01
-0.794408566E-01-0.807644886E-01-0.820593044E-01-0.833184579E-01-0.845333020E-01
-0.856936678E-01-0.867889222E-01-0.878085444E-01-0.887425139E-01-0.895814601E-01
-0.903166680E-01-0.909400349E-01-0.914440162E-01-0.918215759E-01-0.920661525E-01
-0.921716420E-01-0.921323962E-01-0.919432247E-01-0.915993919E-01-0.910965986E-01
-0.904310189E-01-0.895993678E-01-0.885988838E-01-0.874268178E-01-0.860805300E-01
-0.845579336E-01-0.828592665E-01-0.809808425E-01-0.789193110E-01-0.766706813E-01
-0.742714416E-01-0.717127719E-01-0.689934843E-01-0.661195767E-01-0.630935920E-01
-0.599181863E-01-0.565970322E-01-0.531338802E-01-0.495326694E-01-0.457976352E-01
-0.419332266E-01-0.379440576E-01-0.338348729E-01-0.296105295E-01-0.252759858E-01
-0.208362963E-01-0.162966068E-01-0.116621510E-01-0.693824584E-02-0.213028700E-02
 0.275625635E-02 0.771584783E-02 0.127428907E-01 0.178317353E-01 0.229766877E-01
 0.281720189E-01 0.334119752E-01 0.386907893E-01 0.440026933E-01 0.493419324E-01
 0.547027805E-01 0.600795570E-01 0.654666455E-01 0.708585136E-01 0.762497341E-01
 0.816350078E-01 0.870091858E-01 0.923672927E-01 0.977045492E-01 0.103016392E+00
 0.108298492E+00 0.113546767E+00 0.118757390E+00 0.123926785E+00 0.129051616E+00
 0.134128756E+00 0.139155241E+00 0.144128193E+00 0.149044715E+00 0.153901732E+00
 0.158695791E+00 0.163422763E+00 0.168077469E+00 0.172653161E+00 0.177140865E+00
 0.181528551E+00 0.185800213E+00 0.189935029E+00 0.193907050E+00 0.197686007E+00
 0.201239565E+00-0.739835801E-02-0.629828910E-02-0.696121912E-02-0.943238310E-02
-0.135532828E-01-0.175033904E-01-0.210459299E-01-0.242675381E-01-0.272341360E-01
-0.299959594E-01-0.325906959E-01-0.350466951E-01-0.373855199E-01-0.396238041E-01
-0.417745668E-01-0.438481382E-01-0.458528138E-01-0.477953233E-01-0.496811694E-01
-0.515148764E-01-0.533001749E-01-0.550401400E-01-0.567372970E-01-0.583937011E-01
-0.600109996E-01-0.615904795E-01-0.631331036E-01-0.646395392E-01-0.661101781E-01
-0.675451524E-01-0.689443438E-01-0.703073901E-01-0.716336866E-01-0.729223841E-01
-0.741723827E-01-0.753823206E-01-0.765505516E-01-0.776750987E-01-0.787535321E-01
-0.798033618E-01-0.808199307E-01-0.817971902E-01-0.827280242E-01-0.836042717E-01
-0.844168846E-01-0.851565457E-01-0.858141006E-01-0.863807688E-01-0.868482558E-01
-0.872088036E-01-0.874551871E-01-0.875806771E-01-0.875790118E-01-0.874443853E-01
-0.871714613E-01-0.867553974E-01-0.861918144E-01-0.854764652E-01-0.846053089E-01
-0.835749700E-01-0.823841199E-01-0.810287144E-01-0.795037431E-01-0.778023347E-01
-0.759547808E-01-0.739519840E-01-0.717899531E-01-0.694686087E-01-0.669927675E-01
-0.643641821E-01-0.615845853E-01-0.586565342E-01-0.555826152E-01-0.523655756E-01
-0.490084534E-01-0.455145206E-01-0.418872723E-01-0.381304270E-01-0.342479083E-01
-0.302438248E-01-0.261224520E-01-0.218882182E-01-0.175456954E-01-0.130995921E-01
-0.855474855E-02-0.391613336E-02 0.811159706E-03 0.562191453E-02 0.105107957E-01
 0.154723516E-01 0.205010189E-01 0.255911263E-01 0.307369007E-01 0.359324732E-01
 0.411718871E-01 0.464491068E-01 0.517580289E-01 0.570924941E-01 0.624463025E-01
 0.678132296E-01 0.731870447E-01 0.785615323E-01 0.839305134E-01 0.892878702E-01
 0.946275707E-01 0.999436941E-01 0.105230455E+00 0.110482228E+00 0.115693566E+00
 0.120859216E+00 0.125974128E+00 0.131033454E+00 0.136032535E+00 0.140966876E+00
 0.145832092E+00 0.150623843E+00 0.155337727E+00 0.159969153E+00 0.164513153E+00
 0.168964164E+00 0.173315751E+00 0.177560278E+00 0.181688551E+00 0.185689451E+00
 0.189549649E+00 0.193253489E+00 0.196783198E+00 0.200119513E+00 0.203242723E+00
-0.198770991E-01-0.193688838E-01-0.201889994E-01-0.223757510E-01-0.256905633E-01
-0.288709059E-01-0.316489390E-01-0.341499421E-01-0.364548645E-01-0.386131308E-01
-0.406565525E-01-0.426066026E-01-0.444783656E-01-0.462827940E-01-0.480280581E-01
-0.497203872E-01-0.513646121E-01-0.529645256E-01-0.545231286E-01-0.560428016E-01
-0.575254265E-01-0.589724743E-01-0.603850692E-01-0.617640355E-01-0.631099327E-01
-0.644230809E-01-0.657035790E-01-0.669513179E-01-0.681659885E-01-0.693470864E-01
-0.704939126E-01-0.716055704E-01-0.726809590E-01-0.737187603E-01-0.747174177E-01
-0.756750991E-01-0.765896284E-01-0.774583529E-01-0.782778678E-01-0.790634017E-01
-0.798118779E-01-0.805181766E-01-0.811759127E-01-0.817779126E-01-0.823165131E-01
-0.827837544E-01-0.831715899E-01-0.834721006E-01-0.836776752E-01-0.837811161E-01
-0.837756764E-01-0.836549655E-01-0.834129092E-01-0.830437429E-01-0.825420784E-01
-0.819031893E-01-0.811238659E-01-0.801993825E-01-0.791239957E-01-0.778904268E-01
-0.765188082E-01-0.750014072E-01-0.733338986E-01-0.715147861E-01-0.695467808E-01
-0.674298308E-01-0.651636655E-01-0.627487472E-01-0.601864497E-01-0.574782660E-01
-0.546258667E-01-0.516311949E-01-0.484964138E-01-0.452239041E-01-0.418162756E-01
-0.382763626E-01-0.346072191E-01-0.308121125E-01-0.268945154E-01-0.228580965E-01
-0.187067114E-01-0.144443954E-01-0.100753581E-01-0.560397891E-02-0.103480563E-02
 0.362744744E-02 0.837789967E-02 0.132115041E-01 0.181230474E-01 0.231071497E-01
 0.281582649E-01 0.332706817E-01 0.384385255E-01 0.436557610E-01 0.489161973E-01
 0.542134934E-01 0.595411673E-01 0.648926058E-01 0.702610781E-01 0.756397519E-01
 0.810217119E-01 0.863999821E-01 0.917675499E-01 0.971173935E-01 0.102442511E+00
 0.107735952E+00 0.112990847E+00 0.118200439E+00 0.123358112E+00 0.128457415E+00
 0.133492079E+00 0.138456031E+00 0.143343391E+00 0.148148456E+00 0.152865675E+00
 0.157489591E+00 0.162014777E+00 0.166435734E+00 0.170746767E+00 0.174941846E+00
 0.179014430E+00 0.182957295E+00 0.186762367E+00 0.190420584E+00 0.193921845E+00
 0.197255063E+00 0.200408391E+00 0.203369606E+00 0.206126658E+00-0.351626073E-01
-0.359548205E-01-0.370561559E-01-0.384656028E-01-0.400964119E-01-0.417286248E-01
-0.432936290E-01-0.448076990E-01-0.462831376E-01-0.477264119E-01-0.491411133E-01
-0.505293562E-01-0.518924311E-01-0.532311344E-01-0.545459468E-01-0.558371339E-01
-0.571048051E-01-0.583489479E-01-0.595694487E-01-0.607661033E-01-0.619386230E-01
-0.630866364E-01-0.642096891E-01-0.653072414E-01-0.663786647E-01-0.674232377E-01
-0.684401412E-01-0.694284520E-01-0.703871366E-01-0.713150438E-01-0.722108960E-01
-0.730732800E-01-0.739006359E-01-0.746912445E-01-0.754432154E-01-0.761544773E-01
-0.768227827E-01-0.774457576E-01-0.780210769E-01-0.785469848E-01-0.790361087E-01
-0.794820912E-01-0.798782852E-01-0.802178704E-01-0.804938866E-01-0.806992747E-01
-0.808269434E-01-0.808698594E-01-0.808211607E-01-0.806743276E-01-0.804235390E-01
-0.800629137E-01-0.795866013E-01-0.789887230E-01-0.782631478E-01-0.774029395E-01
-0.764176022E-01-0.753008212E-01-0.740482277E-01-0.726572875E-01-0.711285285E-01
-0.694605756E-01-0.676519307E-01-0.657016845E-01-0.636096877E-01-0.613758720E-01
-0.590003227E-01-0.564834325E-01-0.538259516E-01-0.510289075E-01-0.480935768E-01
-0.450214792E-01-0.418143662E-01-0.384742152E-01-0.350032259E-01-0.314038181E-01
-0.276786275E-01-0.238305026E-01-0.198625007E-01-0.157778840E-01-0.115801164E-01
-0.727286133E-02-0.285998069E-02 0.165446517E-02 0.626621585E-02 0.109708086E-01
 0.157635748E-01 0.206396366E-01 0.255939017E-01 0.306210601E-01 0.357155791E-01
 0.408717000E-01 0.460834355E-01 0.513445677E-01 0.566486491E-01 0.619890039E-01
 0.673587338E-01 0.727507248E-01 0.781576595E-01 0.835720313E-01 0.889861638E-01
 0.943922346E-01 0.997823024E-01 0.105148340E+00 0.110482269E+00 0.115775999E+00
 0.121021474E+00 0.126210706E+00 0.131335826E+00 0.136389122E+00 0.141363074E+00
 0.146250387E+00 0.151044008E+00 0.155737142E+00 0.160323245E+00 0.164796003E+00
 0.169149304E+00 0.173377174E+00 0.177473717E+00 0.181433029E+00 0.185249104E+00
 0.188915753E+00 0.192426526E+00 0.195774668E+00 0.198953130E+00 0.201954635E+00
 0.204771835E+00 0.207397533E+00 0.209824980E+00-0.511160618E-01-0.534390923E-01
-0.548777860E-01-0.554708596E-01-0.550107650E-01-0.549078338E-01-0.551824491E-01
-0.556705064E-01-0.562944368E-01-0.570091511E-01-0.577861530E-01-0.586062914E-01
-0.594560518E-01-0.603255087E-01-0.612071236E-01-0.620950020E-01-0.629844133E-01
-0.638714692E-01-0.647528997E-01-0.656258938E-01-0.664879824E-01-0.673369502E-01
-0.681707681E-01-0.689875401E-01-0.697854615E-01-0.705627833E-01-0.713177846E-01
-0.720487473E-01-0.727539355E-01-0.734315765E-01-0.740798438E-01-0.746968415E-01
-0.752805888E-01-0.758290047E-01-0.763398926E-01-0.768109197E-01-0.772395887E-01
-0.776231802E-01-0.779586188E-01-0.782421215E-01-0.784858693E-01-0.786847639E-01
-0.788318218E-01-0.789208041E-01-0.789456320E-01-0.789001935E-01-0.787782929E-01
-0.785736333E-01-0.782797554E-01-0.778898353E-01-0.774019592E-01-0.768107551E-01
-0.761112018E-01-0.752986225E-01-0.743688125E-01-0.733184105E-01-0.721458558E-01
-0.708485808E-01-0.694240443E-01-0.678701787E-01-0.661855155E-01-0.643687015E-01
-0.624185481E-01-0.603341454E-01-0.581149010E-01-0.557604750E-01-0.532707672E-01
-0.506459326E-01-0.478863880E-01-0.449928013E-01-0.419660806E-01-0.388073667E-01
-0.355180258E-01-0.320996453E-01-0.285540301E-01-0.248832005E-01-0.210893903E-01
-0.171750455E-01-0.131428244E-01-0.899559672E-02-0.473644534E-02-0.368667989E-03
 0.410421951E-02 0.867847878E-02 0.133501432E-01 0.181150112E-01 0.229686382E-01
 0.279063279E-01 0.329231232E-01 0.380137961E-01 0.431728383E-01 0.483944514E-01
 0.536725387E-01 0.590006974E-01 0.643722132E-01 0.697800571E-01 0.752168851E-01
 0.806750416E-01 0.861465679E-01 0.916232147E-01 0.970964610E-01 0.102557539E+00
 0.107997466E+00 0.113407081E+00 0.118777092E+00 0.124098124E+00 0.129360780E+00
 0.134555695E+00 0.139673607E+00 0.144705413E+00 0.149642239E+00 0.154475496E+00
 0.159196929E+00 0.163798663E+00 0.168273236E+00 0.172613610E+00 0.176813179E+00
 0.180865752E+00 0.184765532E+00 0.188507071E+00 0.192085231E+00 0.195495134E+00
 0.198732128E+00 0.201791762E+00 0.204669796E+00 0.207362231E+00 0.209865394E+00
 0.212176042E+00 0.214291511E+00-0.640398395E-01-0.669742834E-01-0.686090538E-01
-0.688824733E-01-0.679613940E-01-0.670039020E-01-0.664165385E-01-0.661193950E-01
-0.660386267E-01-0.661201599E-01-0.663246554E-01-0.666231160E-01-0.669937577E-01
-0.674198791E-01-0.678884172E-01-0.683889578E-01-0.689130481E-01-0.694537076E-01
-0.700050763E-01-0.705621543E-01-0.711206078E-01-0.716766211E-01-0.722267815E-01
-0.727679899E-01-0.732973892E-01-0.738123064E-01-0.743102054E-01-0.747886483E-01
-0.752452623E-01-0.756777126E-01-0.760836782E-01-0.764608323E-01-0.768068245E-01
-0.771192668E-01-0.773957216E-01-0.776336949E-01-0.778306352E-01-0.779839458E-01
-0.780910287E-01-0.781494126E-01-0.781571197E-01-0.781239367E-01-0.780334181E-01
-0.778822145E-01-0.776660375E-01-0.773801246E-01-0.770194747E-01-0.765789957E-01
-0.760536370E-01-0.754385790E-01-0.747296236E-01-0.739224971E-01-0.730130458E-01
-0.719973554E-01-0.708718536E-01-0.696334055E-01-0.682793433E-01-0.668071738E-01
-0.652146030E-01-0.634996034E-01-0.616604346E-01-0.596955931E-01-0.576038021E-01
-0.553840216E-01-0.530354538E-01-0.505575364E-01-0.479499376E-01-0.452125557E-01
-0.423455173E-01-0.393491746E-01-0.362241002E-01-0.329710836E-01-0.295911273E-01
-0.260854444E-01-0.224554569E-01-0.187027954E-01-0.148292992E-01-0.108370175E-01
-0.672821197E-02-0.250536004E-02 0.182884075E-02 0.627146671E-02 0.108193608E-01
 0.154691237E-01 0.202171039E-01 0.250593857E-01 0.299917762E-01 0.350097911E-01
 0.401086390E-01 0.452832058E-01 0.505280371E-01 0.558373225E-01 0.612048786E-01
 0.666241342E-01 0.720881164E-01 0.775894402E-01 0.831203003E-01 0.886724686E-01
 0.942372962E-01 0.998057224E-01 0.105368291E+00 0.110915177E+00 0.116436217E+00
 0.121920961E+00 0.127358719E+00 0.132738634E+00 0.138049753E+00 0.143281112E+00
 0.148421828E+00 0.153461194E+00 0.158388776E+00 0.163194512E+00 0.167868799E+00
 0.172402585E+00 0.176787431E+00 0.181015580E+00 0.185079988E+00 0.188974357E+00
 0.192693134E+00 0.196231508E+00 0.199585382E+00 0.202751345E+00 0.205726635E+00
 0.208509103E+00 0.211097192E+00 0.213489922E+00 0.215686890E+00 0.217688298E+00
 0.219494979E+00-0.752095800E-01-0.785128505E-01-0.802739015E-01-0.804414827E-01
-0.791228243E-01-0.777201902E-01-0.766364204E-01-0.758216796E-01-0.752288867E-01
-0.748172279E-01-0.745526995E-01-0.744074843E-01-0.743589522E-01-0.743886585E-01
-0.744814798E-01-0.746249109E-01-0.748085108E-01-0.750234697E-01-0.752622725E-01
-0.755184349E-01-0.757862978E-01-0.760608634E-01-0.763376651E-01-0.766126635E-01
-0.768821613E-01-0.771427345E-01-0.773911753E-01-0.776244452E-01-0.778396356E-01
-0.780339349E-01-0.782046007E-01-0.783489372E-01-0.784642761E-01-0.785479621E-01
-0.785973429E-01-0.786097654E-01-0.785825804E-01-0.785131590E-01-0.783989304E-01
-0.782374490E-01-0.780264976E-01-0.777641936E-01-0.774459959E-01-0.770677415E-01
-0.766252642E-01-0.761143072E-01-0.755305387E-01-0.748696053E-01-0.741272012E-01
-0.732991432E-01-0.723814296E-01-0.713701968E-01-0.702617412E-01-0.690525590E-01
-0.677393855E-01-0.663192228E-01-0.647893408E-01-0.631472410E-01-0.613906458E-01
-0.595175023E-01-0.575259832E-01-0.554144791E-01-0.531815943E-01-0.508261454E-01
-0.483471606E-01-0.457438774E-01-0.430157408E-01-0.401624015E-01-0.371837139E-01
-0.340797347E-01-0.308507205E-01-0.274971261E-01-0.240196036E-01-0.204190011E-01
-0.166963639E-01-0.128529353E-01-0.889015912E-02-0.480968333E-02-0.613364874E-03
 0.369672413E-02 0.811828859E-02 0.126488010E-01 0.172854905E-01 0.220253295E-01
 0.268650191E-01 0.318009719E-01 0.368292934E-01 0.419457613E-01 0.471458034E-01
 0.524244732E-01 0.577764253E-01 0.631958897E-01 0.686766456E-01 0.742119960E-01
 0.797947434E-01 0.854171684E-01 0.910710108E-01 0.967474568E-01 0.102437131E+00
 0.108130100E+00 0.113815878E+00 0.119483457E+00 0.125121334E+00 0.130717568E+00
 0.136259842E+00 0.141735546E+00 0.147131876E+00 0.152435946E+00 0.157634918E+00
 0.162716134E+00 0.167667265E+00 0.172476457E+00 0.177132472E+00 0.181624832E+00
 0.185943933E+00 0.190081161E+00 0.194028970E+00 0.197780945E+00 0.201331837E+00
 0.204677569E+00 0.207815223E+00 0.210742999E+00 0.213460164E+00 0.215966982E+00
 0.218264640E+00 0.220355174E+00 0.222241393E+00 0.223926819E+00 0.225415621E+00
-0.850088109E-01-0.885694484E-01-0.904251869E-01-0.905627813E-01-0.888886696E-01
-0.872394665E-01-0.858624034E-01-0.847131230E-01-0.837633950E-01-0.829860390E-01
-0.823560251E-01-0.818510342E-01-0.814515449E-01-0.811406602E-01-0.809038194E-01
-0.807284800E-01-0.806038104E-01-0.805204150E-01-0.804700954E-01-0.804456475E-01
-0.804406919E-01-0.804495324E-01-0.804670375E-01-0.804885426E-01-0.805097681E-01
-0.805267511E-01-0.805357879E-01-0.805333860E-01-0.805162237E-01-0.804811151E-01
-0.804249820E-01-0.803448291E-01-0.802377244E-01-0.801007823E-01-0.799311517E-01
-0.797260069E-01-0.794825418E-01-0.791979668E-01-0.788695052E-01-0.784943791E-01
-0.780697661E-01-0.775926804E-01-0.770596916E-01-0.764671813E-01-0.758114185E-01
-0.750885956E-01-0.742948621E-01-0.734263619E-01-0.724792734E-01-0.714498483E-01
-0.703344420E-01-0.691295299E-01-0.678317264E-01-0.664378058E-01-0.649447215E-01
-0.633496198E-01-0.616498448E-01-0.598429366E-01-0.579266285E-01-0.558988466E-01
-0.537577089E-01-0.515015228E-01-0.491287839E-01-0.466381739E-01-0.440285596E-01
-0.412989915E-01-0.384487024E-01-0.354771061E-01-0.323837965E-01-0.291685464E-01
-0.258313068E-01-0.223722068E-01-0.187915535E-01-0.150898333E-01-0.112677134E-01
-0.732604528E-02-0.326586843E-02 0.911583988E-03 0.520487810E-02 0.961237063E-02
 0.141321984E-01 0.187622656E-01 0.235002294E-01 0.283434825E-01 0.332891336E-01
 0.383339855E-01 0.434745103E-01 0.487068216E-01 0.540266447E-01 0.594292838E-01
 0.649095875E-01 0.704619117E-01 0.760800820E-01 0.817573543E-01 0.874863773E-01
 0.932591549E-01 0.990670128E-01 0.104900569E+00 0.110749714E+00 0.116603592E+00
 0.122450608E+00 0.128278436E+00 0.134074053E+00 0.139823789E+00 0.145513405E+00
 0.151128189E+00 0.156653082E+00 0.162072829E+00 0.167372147E+00 0.172535923E+00
 0.177549417E+00 0.182398478E+00 0.187069760E+00 0.191550931E+00 0.195830865E+00
 0.199899808E+00 0.203749521E+00 0.207373376E+00 0.210766420E+00 0.213925398E+00
 0.216848730E+00 0.219536452E+00 0.221990125E+00 0.224212712E+00 0.226208437E+00
 0.227982627E+00 0.229541554E+00 0.230892271E+00 0.232042463E+00-0.932443802E-01
-0.968721996E-01-0.988012040E-01-0.989489834E-01-0.975191493E-01-0.957746755E-01
-0.942171403E-01-0.928472817E-01-0.916484667E-01-0.906030639E-01-0.896936137E-01
-0.889034844E-01-0.882172449E-01-0.876208266E-01-0.871015458E-01-0.866480405E-01
-0.862501623E-01-0.858988488E-01-0.855859931E-01-0.853043187E-01-0.850472651E-01
-0.848088851E-01-0.845837547E-01-0.843668945E-01-0.841537020E-01-0.839398926E-01
-0.837214494E-01-0.834945800E-01-0.832556789E-01-0.830012959E-01-0.827281087E-01
-0.824328988E-01-0.821125320E-01-0.817639408E-01-0.813841098E-01-0.809700632E-01
-0.805188522E-01-0.800275435E-01-0.794932037E-01-0.789128781E-01-0.782835597E-01
-0.776021461E-01-0.768654013E-01-0.760699802E-01-0.752124585E-01-0.742893606E-01
-0.732971858E-01-0.722324356E-01-0.710916399E-01-0.698713823E-01-0.685683222E-01
-0.671792134E-01-0.657009207E-01-0.641304348E-01-0.624648854E-01-0.607015512E-01
-0.588378662E-01-0.568714234E-01-0.547999759E-01-0.526214383E-01-0.503338865E-01
-0.479355573E-01-0.454248482E-01-0.428003157E-01-0.400606752E-01-0.372047995E-01
-0.342317181E-01-0.311406167E-01-0.279308361E-01-0.246018719E-01-0.211533750E-01
-0.175851514E-01-0.138971640E-01-0.100895340E-01-0.616254425E-02-0.211664315E-02
 0.204754995E-02 0.632923775E-02 0.107274364E-01 0.152409648E-01 0.198684319E-01
 0.246082216E-01 0.294584748E-01 0.344170689E-01 0.394815935E-01 0.446493238E-01
 0.499171896E-01 0.552817406E-01 0.607391083E-01 0.662849639E-01 0.719144722E-01
 0.776222418E-01 0.834022732E-01 0.892479027E-01 0.951517462E-01 0.101105642E+00
 0.107100596E+00 0.113126727E+00 0.119173226E+00 0.125228313E+00 0.131279224E+00
 0.137312197E+00 0.143312495E+00 0.149264453E+00 0.155151550E+00 0.160956528E+00
 0.166661539E+00 0.172248343E+00 0.177698536E+00 0.182993813E+00 0.188116266E+00
 0.193048692E+00 0.197774907E+00 0.202280064E+00 0.206550933E+00 0.210576161E+00
 0.214346481E+00 0.217854866E+00 0.221096623E+00 0.224069426E+00 0.226773280E+00
 0.229210423E+00 0.231385178E+00 0.233303746E+00 0.234973970E+00 0.236405073E+00
 0.237607372E+00 0.238592011E+00 0.239370689E+00-0.100935383E+00-0.104701690E+00
-0.106699914E+00-0.106863144E+00-0.105334096E+00-0.103502380E+00-0.101829352E+00
-0.100310445E+00-0.989353053E-01-0.976923996E-01-0.965696839E-01-0.955550999E-01
-0.946369318E-01-0.938040375E-01-0.930459787E-01-0.923530746E-01-0.917164052E-01
-0.911277791E-01-0.905796837E-01-0.900652248E-01-0.895780638E-01-0.891123551E-01
-0.886626879E-01-0.882240318E-01-0.877916881E-01-0.873612455E-01-0.869285410E-01
-0.864896260E-01-0.860407350E-01-0.855782591E-01-0.850987225E-01-0.845987615E-01
-0.840751061E-01-0.835245635E-01-0.829440040E-01-0.823303468E-01-0.816805474E-01
-0.809915842E-01-0.802604448E-01-0.794841098E-01-0.786595367E-01-0.777836429E-01
-0.768532967E-01-0.758653192E-01-0.748164954E-01-0.737035878E-01-0.725233525E-01
-0.712725569E-01-0.699479965E-01-0.685465124E-01-0.670650071E-01-0.655004587E-01
-0.638499338E-01-0.621105991E-01-0.602797312E-01-0.583547240E-01-0.563330951E-01
-0.542124896E-01-0.519906831E-01-0.496655831E-01-0.472352301E-01-0.446977978E-01
-0.420515929E-01-0.392950549E-01-0.364267551E-01-0.334453962E-01-0.303498114E-01
-0.271389641E-01-0.238119473E-01-0.203679832E-01-0.168064242E-01-0.131267530E-01
-0.932858448E-02-0.541166810E-02-0.137589112E-02 0.277871670E-02 0.705197710E-02
 0.114435556E-01 0.159529521E-01 0.205794887E-01 0.253222961E-01 0.301802962E-01
 0.351521822E-01 0.402363951E-01 0.454310961E-01 0.507341355E-01 0.561430160E-01
 0.616548518E-01 0.672663221E-01 0.729736192E-01 0.787723902E-01 0.846576734E-01
 0.906238291E-01 0.966644642E-01 0.102772353E+00 0.108939352E+00 0.115156321E+00
 0.121413029E+00 0.127698082E+00 0.133998848E+00 0.140301394E+00 0.146590453E+00
 0.152849404E+00 0.159060300E+00 0.165203932E+00 0.171259945E+00 0.177207019E+00
 0.183023103E+00 0.188685726E+00 0.194172355E+00 0.199460809E+00 0.204529715E+00
 0.209358968E+00 0.213930194E+00 0.218227184E+00 0.222236271E+00 0.225946649E+00
 0.229350600E+00 0.232443631E+00 0.235224518E+00 0.237695242E+00 0.239860839E+00
 0.241729153E+00 0.243310520E+00 0.244617388E+00 0.245663891E+00 0.246465410E+00
 0.247038132E+00 0.247398642E+00-0.108109682E+00-0.112045145E+00-0.114103027E+00
-0.114286394E+00-0.112458474E+00-0.110559580E+00-0.108811694E+00-0.107190277E+00
-0.105688435E+00-0.104298451E+00-0.103011960E+00-0.101820280E+00-0.100714681E+00
-0.996865849E-01-0.987276974E-01-0.978300944E-01-0.969862660E-01-0.961891326E-01
-0.954320405E-01-0.947087455E-01-0.940133876E-01-0.933404624E-01-0.926847905E-01
-0.920414868E-01-0.914059315E-01-0.907737415E-01-0.901407451E-01-0.895029576E-01
-0.888565596E-01-0.881978769E-01-0.875233623E-01-0.868295789E-01-0.861131851E-01
-0.853709208E-01-0.845995943E-01-0.837960704E-01-0.829572588E-01-0.820801027E-01
-0.811615682E-01-0.801986329E-01-0.791882764E-01-0.781274725E-01-0.770131838E-01
-0.758423624E-01-0.746119532E-01-0.733189014E-01-0.719601611E-01-0.705327062E-01
-0.690335406E-01-0.674597102E-01-0.658083132E-01-0.640765103E-01-0.622615340E-01
-0.603606971E-01-0.583713996E-01-0.562911345E-01-0.541174928E-01-0.518481672E-01
-0.494809538E-01-0.470137546E-01-0.444445780E-01-0.417715390E-01-0.389928597E-01
-0.361068680E-01-0.331119976E-01-0.300067873E-01-0.267898796E-01-0.234600205E-01
-0.200160587E-01-0.164569456E-01-0.127817350E-01-0.898958410E-02-0.507975480E-02
-0.105161565E-02 0.309535474E-02 0.736156339E-02 0.117472970E-01 0.162527143E-01
 0.208778367E-01 0.256225362E-01 0.304865207E-01 0.354693166E-01 0.405702478E-01
 0.457884101E-01 0.511226422E-01 0.565714907E-01 0.621331696E-01 0.678055140E-01
 0.735859264E-01 0.794713149E-01 0.854580244E-01 0.915417572E-01 0.977174864E-01
 0.103979358E+00 0.110320584E+00 0.116733329E+00 0.123208585E+00 0.129736046E+00
 0.136303976E+00 0.142899081E+00 0.149506393E+00 0.156109166E+00 0.162688808E+00
 0.169224845E+00 0.175694950E+00 0.182075039E+00 0.188339456E+00 0.194461255E+00
 0.200412597E+00 0.206165241E+00 0.211691136E+00 0.216963081E+00 0.221955422E+00
 0.226644747E+00 0.231010537E+00 0.235035744E+00 0.238707258E+00 0.242016238E+00
 0.244958316E+00 0.247533645E+00 0.249746802E+00 0.251606547E+00 0.253125452E+00
 0.254319402E+00 0.255207006E+00 0.255808932E+00 0.256147219E+00 0.256244594E+00
 0.256123848E+00-0.114154367E+00-0.118081255E+00-0.120197124E+00-0.120418973E+00
-0.118941903E+00-0.117053983E+00-0.115258911E+00-0.113566665E+00-0.111972871E+00
-0.110472190E+00-0.109058728E+00-0.107726254E+00-0.106468363E+00-0.105278607E+00
-0.104150593E+00-0.103078046E+00-0.102054858E+00-0.101075120E+00-0.100133136E+00
-0.992234344E-01-0.983407658E-01-0.974801017E-01-0.966366254E-01-0.958057221E-01
-0.949829674E-01-0.941641144E-01-0.933450813E-01-0.925219376E-01-0.916908916E-01
-0.908482780E-01-0.899905456E-01-0.891142456E-01-0.882160211E-01-0.872925958E-01
-0.863407644E-01-0.853573829E-01-0.843393591E-01-0.832836438E-01-0.821872226E-01
-0.810471080E-01-0.798603328E-01-0.786239448E-01-0.773350036E-01-0.759905795E-01
-0.745877551E-01-0.731236281E-01-0.715953163E-01-0.699999635E-01-0.683347456E-01
-0.665968780E-01-0.647836221E-01-0.628922917E-01-0.609202599E-01-0.588649636E-01
-0.567239093E-01-0.544946764E-01-0.521749207E-01-0.497623771E-01-0.472548607E-01
-0.446502682E-01-0.419465783E-01-0.391418514E-01-0.362342295E-01-0.332219348E-01
-0.301032695E-01-0.268766137E-01-0.235404251E-01-0.200932370E-01-0.165336578E-01
-0.128603700E-01-0.907212939E-02-0.516776561E-02-0.114618227E-02 0.299364150E-02
 0.725264878E-02 0.116317013E-01 0.161315748E-01 0.207529521E-01 0.254964150E-01
 0.303624329E-01 0.353513497E-01 0.404633668E-01 0.456985223E-01 0.510566667E-01
 0.565374322E-01 0.621401978E-01 0.678640464E-01 0.737077153E-01 0.796695370E-01
 0.857473715E-01 0.919385264E-01 0.982396653E-01 0.104646703E+00 0.111154685E+00
 0.117757654E+00 0.124448494E+00 0.131218770E+00 0.138058537E+00 0.144956149E+00
 0.151898054E+00 0.158868586E+00 0.165849763E+00 0.172821114E+00 0.179759540E+00
 0.186639240E+00 0.193431734E+00 0.200106010E+00 0.206628826E+00 0.212965194E+00
 0.219079049E+00 0.224934105E+00 0.230494844E+00 0.235727589E+00 0.240601584E+00
 0.245090002E+00 0.249170813E+00 0.252827472E+00 0.256049408E+00 0.258832287E+00
 0.261178074E+00 0.263094883E+00 0.264596624E+00 0.265702443E+00 0.266435971E+00
 0.266824410E+00 0.266897491E+00 0.266686387E+00 0.266222636E+00 0.265537186E+00
-0.120038262E+00-0.124051885E+00-0.126222843E+00-0.126476979E+00-0.124976162E+00
-0.123074131E+00-0.121250798E+00-0.119510554E+00-0.117850018E+00-0.116265298E+00
-0.114752220E+00-0.113306416E+00-0.111923374E+00-0.110598469E+00-0.109326994E+00
-0.108104187E+00-0.106925265E+00-0.105785450E+00-0.104680003E+00-0.103604242E+00
-0.102553567E+00-0.101523472E+00-0.100509556E+00-0.995075331E-01-0.985132348E-01
-0.975226101E-01-0.965317259E-01-0.955367629E-01-0.945340123E-01-0.935198696E-01
-0.924908293E-01-0.914434779E-01-0.903744870E-01-0.892806068E-01-0.881586581E-01
-0.870055260E-01-0.858181524E-01-0.845935296E-01-0.833286939E-01-0.820207193E-01
-0.806667134E-01-0.792638121E-01-0.778091780E-01-0.762999976E-01-0.747334821E-01
-0.731068675E-01-0.714174171E-01-0.696624242E-01-0.678392152E-01-0.659451536E-01
-0.639776436E-01-0.619341337E-01-0.598121207E-01-0.576091522E-01-0.553228299E-01
-0.529508115E-01-0.504908122E-01-0.479406065E-01-0.452980279E-01-0.425609694E-01
-0.397273833E-01-0.367952799E-01-0.337627266E-01-0.306278463E-01-0.273888161E-01
-0.240438647E-01-0.205912710E-01-0.170293621E-01-0.133565109E-01-0.957113490E-02
-0.567169428E-02-0.165669083E-02 0.247533277E-02 0.672579301E-02 0.110960648E-01
 0.155874798E-01 0.202013235E-01 0.249388305E-01 0.298011786E-01 0.347894800E-01
 0.399047706E-01 0.451479953E-01 0.505199906E-01 0.560214618E-01 0.616529556E-01
 0.674148263E-01 0.733071948E-01 0.793298987E-01 0.854824330E-01 0.917638782E-01
 0.981728161E-01 0.104707228E+00 0.111364378E+00 0.118140672E+00 0.125031495E+00
 0.132031026E+00 0.139132022E+00 0.146325570E+00 0.153600813E+00 0.160944648E+00
 0.168341393E+00 0.175772440E+00 0.183215911E+00 0.190646325E+00 0.198034325E+00
 0.205346514E+00 0.212545443E+00 0.219589846E+00 0.226435166E+00 0.233034449E+00
 0.239339589E+00 0.245302880E+00 0.250878751E+00 0.256025526E+00 0.260707019E+00
 0.264893861E+00 0.268564481E+00 0.271705745E+00 0.274313278E+00 0.276391512E+00
 0.277953475E+00 0.279020316E+00 0.279620533E+00 0.279788885E+00 0.279564987E+00
 0.278991646E+00 0.278113066E+00 0.276973093E+00 0.275613678E+00-0.125771304E+00
-0.129958316E+00-0.132166103E+00-0.132446078E+00-0.130616712E+00-0.128691914E+00
-0.126856166E+00-0.125085924E+00-0.123377714E+00-0.121728585E+00-0.120135820E+00
-0.118596781E+00-0.117108753E+00-0.115668846E+00-0.114273941E+00-0.112920688E+00
-0.111605527E+00-0.110324729E+00-0.109074431E+00-0.107850686E+00-0.106649500E+00
-0.105466864E+00-0.104298782E+00-0.103141295E+00-0.101990499E+00-0.100842554E+00
-0.996936984E-01-0.985402491E-01-0.973786085E-01-0.962052638E-01-0.950167863E-01
-0.938098297E-01-0.925811267E-01-0.913274850E-01-0.900457829E-01-0.887329645E-01
-0.873860349E-01-0.860020546E-01-0.845781351E-01-0.831114342E-01-0.815991514E-01
-0.800385248E-01-0.784268280E-01-0.767613678E-01-0.750394831E-01-0.732585440E-01
-0.714159522E-01-0.695091411E-01-0.675355773E-01-0.654927616E-01-0.633782306E-01
-0.611895578E-01-0.589243552E-01-0.565802743E-01-0.541550068E-01-0.516462855E-01
-0.490518839E-01-0.463696164E-01-0.435973373E-01-0.407329399E-01-0.377743551E-01
-0.347195496E-01-0.315665237E-01-0.283133090E-01-0.249579659E-01-0.214985805E-01
-0.179332619E-01-0.142601390E-01-0.104773576E-01-0.658307684E-02-0.257546689E-02
 0.154729435E-02 0.578702356E-02 0.101455340E-01 0.146246373E-01 0.192261439E-01
 0.239518633E-01 0.288036023E-01 0.337831627E-01 0.388923366E-01 0.441328994E-01
 0.495066001E-01 0.550151488E-01 0.606601994E-01 0.664433272E-01 0.723660013E-01
 0.784295490E-01 0.846351109E-01 0.909835865E-01 0.974755662E-01 0.104111247E+00
 0.110890334E+00 0.117811910E+00 0.124874295E+00 0.132074857E+00 0.139409805E+00
 0.146873922E+00 0.154460271E+00 0.162159826E+00 0.169961063E+00 0.177849479E+00
 0.185807046E+00 0.193811617E+00 0.201836289E+00 0.209848759E+00 0.217810752E+00
 0.225677598E+00 0.233398124E+00 0.240915034E+00 0.248165960E+00 0.255085309E+00
 0.261606835E+00 0.267666701E+00 0.273206559E+00 0.278176234E+00 0.282535706E+00
 0.286256346E+00 0.289321542E+00 0.291726914E+00 0.293480266E+00 0.294601346E+00
 0.295121369E+00 0.295082165E+00 0.294534773E+00 0.293537352E+00 0.292152424E+00
 0.290443695E+00 0.288472915E+00 0.286297248E+00-0.130533981E+00-0.134659877E+00
-0.136928653E+00-0.137262008E+00-0.135839586E+00-0.133968573E+00-0.132138487E+00
-0.130354443E+00-0.128613104E+00-0.126912921E+00-0.125253347E+00-0.123634071E+00
-0.122054542E+00-0.120513751E+00-0.119010164E+00-0.117541743E+00-0.116106009E+00
-0.114700118E+00-0.113320939E+00-0.111965123E+00-0.110629168E+00-0.109309471E+00
-0.108002370E+00-0.106704183E+00-0.105411234E+00-0.104119874E+00-0.102826499E+00
-0.101527563E+00-0.100219585E+00-0.988991540E-01-0.975629350E-01-0.962076671E-01
-0.948301645E-01-0.934273152E-01-0.919960778E-01-0.905334790E-01-0.890366096E-01
-0.875026208E-01-0.859287201E-01-0.843121674E-01-0.826502715E-01-0.809403858E-01
-0.791799061E-01-0.773662671E-01-0.754969406E-01-0.735694334E-01-0.715812859E-01
-0.695300711E-01-0.674133938E-01-0.652288895E-01-0.629742246E-01-0.606470954E-01
-0.582452276E-01-0.557663758E-01-0.532083225E-01-0.505688770E-01-0.478458743E-01
-0.450371731E-01-0.421406542E-01-0.391542180E-01-0.360757822E-01-0.329032788E-01
-0.296346510E-01-0.262678496E-01-0.228008299E-01-0.192315468E-01-0.155579517E-01
-0.117779872E-01-0.788958355E-02-0.389065320E-02 0.220913385E-03 0.444725268E-02
 0.879053272E-02 0.132529577E-01 0.178367723E-01 0.225442658E-01 0.273777756E-01
 0.323396897E-01 0.374324495E-01 0.426585495E-01 0.480205373E-01 0.535210100E-01
 0.591626095E-01 0.649480129E-01 0.708799205E-01 0.769610366E-01 0.831940458E-01
 0.895815795E-01 0.961261728E-01 0.102830209E+00 0.109695849E+00 0.116724937E+00
 0.123918891E+00 0.131278553E+00 0.138804014E+00 0.146494384E+00 0.154347519E+00
 0.162359674E+00 0.170525085E+00 0.178835450E+00 0.187279305E+00 0.195841270E+00
 0.204501146E+00 0.213232852E+00 0.222003214E+00 0.230770631E+00 0.239483732E+00
 0.248080245E+00 0.256486479E+00 0.264618013E+00 0.272382219E+00 0.279682888E+00
 0.286426404E+00 0.292528022E+00 0.297916724E+00 0.302537911E+00 0.306354224E+00
 0.309345307E+00 0.311507268E+00 0.312852297E+00 0.313408580E+00 0.313220359E+00
 0.312347737E+00 0.310865585E+00 0.308860816E+00 0.306427609E+00 0.303661024E+00
 0.300650419E+00 0.297474406E+00-0.135301234E+00-0.139451282E+00-0.141756054E+00
-0.142145070E+00-0.140783644E+00-0.138967984E+00-0.137168681E+00-0.135385551E+00
-0.133618434E+00-0.131871243E+00-0.130148449E+00-0.128453609E+00-0.126788972E+00
-0.125155523E+00-0.123553155E+00-0.121980876E+00-0.120436986E+00-0.118919241E+00
-0.117424979E+00-0.115951229E+00-0.114494796E+00-0.113052332E+00-0.111620391E+00
-0.110195475E+00-0.108774066E+00-0.107352656E+00-0.105927767E+00-0.104495964E+00
-0.103053874E+00-0.101598185E+00-0.100125658E+00-0.986331252E-01-0.971174964E-01
-0.955757544E-01-0.940049553E-01-0.924022267E-01-0.907647644E-01-0.890898289E-01
-0.873747426E-01-0.856168851E-01-0.838136904E-01-0.819626425E-01-0.800612722E-01
-0.781071534E-01-0.760979004E-01-0.740311646E-01-0.719046318E-01-0.697160199E-01
-0.674630762E-01-0.651435757E-01-0.627553183E-01-0.602961271E-01-0.577638461E-01
-0.551563378E-01-0.524714812E-01-0.497071687E-01-0.468613039E-01-0.439317983E-01
-0.409165686E-01-0.378135325E-01-0.346206058E-01-0.313356980E-01-0.279567082E-01
-0.244815205E-01-0.209079992E-01-0.172339837E-01-0.134572829E-01-0.957566994E-02
-0.558687567E-02-0.148858260E-02 0.272158174E-02 0.704605176E-02 0.114873309E-01
 0.160479992E-01 0.207307205E-01 0.255382509E-01 0.304734458E-01 0.355392683E-01
 0.407387966E-01 0.460752314E-01 0.515519022E-01 0.571722737E-01 0.629399495E-01
 0.688586749E-01 0.749323371E-01 0.811649606E-01 0.875607000E-01 0.941238243E-01
 0.100858695E+00 0.107769732E+00 0.114861369E+00 0.122137983E+00 0.129603815E+00
 0.137262848E+00 0.145118654E+00 0.153174197E+00 0.161431570E+00 0.169891659E+00
 0.178553715E+00 0.187414795E+00 0.196469058E+00 0.205706861E+00 0.215113600E+00
 0.224668239E+00 0.234341422E+00 0.244093084E+00 0.253869480E+00 0.263599671E+00
 0.273191897E+00 0.282531128E+00 0.291480466E+00 0.299889651E+00 0.307610715E+00
 0.314514579E+00 0.320500831E+00 0.325499053E+00 0.329465458E+00 0.332378792E+00
 0.334237479E+00 0.335058509E+00 0.334878044E+00 0.333753449E+00 0.331766151E+00
 0.329023974E+00 0.325660165E+00 0.321825465E+00 0.317672276E+00 0.313336661E+00
 0.308926963E+00-0.140085147E+00-0.144261392E+00-0.146545600E+00-0.147034819E+00
-0.145494948E+00-0.143802724E+00-0.142063264E+00-0.140274761E+00-0.138465653E+00
-0.136656365E+00-0.134859913E+00-0.133084227E+00-0.131333818E+00-0.129610860E+00
-0.127915885E+00-0.126248249E+00-0.124606457E+00-0.122988389E+00-0.121391471E+00
-0.119812802E+00-0.118249251E+00-0.116697535E+00-0.115154270E+00-0.113616025E+00
-0.112079354E+00-0.110540820E+00-0.108997024E+00-0.107444613E+00-0.105880297E+00
-0.104300854E+00-0.102703136E+00-0.101084076E+00-0.994406817E-01-0.977700441E-01
-0.960693307E-01-0.943357853E-01-0.925667255E-01-0.907595392E-01-0.889116810E-01
-0.870206681E-01-0.850840767E-01-0.830995378E-01-0.810647324E-01-0.789773885E-01
-0.768352759E-01-0.746362029E-01-0.723780124E-01-0.700585778E-01-0.676757994E-01
-0.652276009E-01-0.627119257E-01-0.601267331E-01-0.574699949E-01-0.547396918E-01
-0.519338092E-01-0.490503338E-01-0.460872494E-01-0.430425326E-01-0.399141486E-01
-0.367000467E-01-0.333981553E-01-0.300063769E-01-0.265225828E-01-0.229446077E-01
-0.192702432E-01-0.154972320E-01-0.116232610E-01-0.764595432E-02-0.356286551E-02
 0.628530228E-03 0.493084474E-02 0.934678596E-02 0.138791677E-01 0.185309200E-01
 0.233051000E-01 0.282049042E-01 0.332336802E-01 0.383949407E-01 0.436923768E-01
 0.491298734E-01 0.547115237E-01 0.604416457E-01 0.663247976E-01 0.723657947E-01
 0.785697246E-01 0.849419622E-01 0.914881826E-01 0.982143714E-01 0.105126831E+00
 0.112232179E+00 0.119537342E+00 0.127049531E+00 0.134776203E+00 0.142725004E+00
 0.150903671E+00 0.159319905E+00 0.167981177E+00 0.176894472E+00 0.186065932E+00
 0.195500374E+00 0.205200646E+00 0.215166754E+00 0.225394696E+00 0.235874870E+00
 0.246589893E+00 0.257511517E+00 0.268596156E+00 0.279778175E+00 0.290959611E+00
 0.301995061E+00 0.312674997E+00 0.322729070E+00 0.331881883E+00 0.339924929E+00
 0.346732056E+00 0.352235337E+00 0.356401773E+00 0.359220147E+00 0.360695269E+00
 0.360846802E+00 0.359711425E+00 0.357348309E+00 0.353848791E+00 0.349351519E+00
 0.344060901E+00 0.338249600E+00 0.332207578E+00 0.326161093E+00 0.320245948E+00
-0.144705587E+00-0.148695307E+00-0.150984810E+00-0.151474065E+00-0.150496406E+00
-0.148864642E+00-0.147032256E+00-0.145131611E+00-0.143213127E+00-0.141300720E+00
-0.139406847E+00-0.137538060E+00-0.135697496E+00-0.133886150E+00-0.132103591E+00
-0.130348413E+00-0.128618518E+00-0.126911320E+00-0.125223890E+00-0.123553057E+00
-0.121895495E+00-0.120247780E+00-0.118606440E+00-0.116967992E+00-0.115328969E+00
-0.113685944E+00-0.112035546E+00-0.110374471E+00-0.108699492E+00-0.107007464E+00
-0.105295330E+00-0.103560120E+00-0.101798951E+00-0.100009031E+00-0.981876511E-01
-0.963321882E-01-0.944400982E-01-0.925089137E-01-0.905362402E-01-0.885197513E-01
-0.864571840E-01-0.843463345E-01-0.821850526E-01-0.799712373E-01-0.777028312E-01
-0.753778161E-01-0.729942076E-01-0.705500500E-01-0.680434118E-01-0.654723799E-01
-0.628350556E-01-0.601295489E-01-0.573539738E-01-0.545064433E-01-0.515850645E-01
-0.485879331E-01-0.455131286E-01-0.423587086E-01-0.391227037E-01-0.358031116E-01
-0.323978914E-01-0.289049574E-01-0.253221730E-01-0.216473439E-01-0.178782110E-01
-0.140124431E-01-0.100476295E-01-0.598127068E-02-0.181077028E-02 0.246657503E-02
 0.685358576E-02 0.113532108E-01 0.159685397E-01 0.207028155E-01 0.255594497E-01
 0.305420374E-01 0.356543746E-01 0.409004770E-01 0.462846005E-01 0.518112631E-01
 0.574852698E-01 0.633117385E-01 0.692961294E-01 0.754442756E-01 0.817624173E-01
 0.882572369E-01 0.949358977E-01 0.101806084E+00 0.108876041E+00 0.116154619E+00
 0.123651312E+00 0.131376293E+00 0.139340451E+00 0.147555404E+00 0.156033511E+00
 0.164787845E+00 0.173832140E+00 0.183180682E+00 0.192848135E+00 0.202849263E+00
 0.213198531E+00 0.223909524E+00 0.234994139E+00 0.246461464E+00 0.258316204E+00
 0.270556473E+00 0.283170497E+00 0.296131355E+00 0.309387397E+00 0.322840877E+00
 0.336280224E+00 0.349086908E+00 0.360382663E+00 0.369939442E+00 0.377750023E+00
 0.383831836E+00 0.388203419E+00 0.390881284E+00 0.391879926E+00 0.391213769E+00
 0.388901530E+00 0.384972809E+00 0.379477683E+00 0.372506052E+00 0.364246636E+00
 0.355252594E+00 0.346504558E+00 0.338321194E+00 0.330698036E+00-0.151491985E+00
-0.156193368E+00-0.158596433E+00-0.158614283E+00-0.156611240E+00-0.154289012E+00
-0.152073697E+00-0.149926523E+00-0.147830153E+00-0.145778700E+00-0.143769533E+00
-0.141800649E+00-0.139869889E+00-0.137974744E+00-0.136112355E+00-0.134279567E+00
-0.132472996E+00-0.130689095E+00-0.128924206E+00-0.127174615E+00-0.125436586E+00
-0.123706397E+00-0.121980363E+00-0.120254855E+00-0.118526320E+00-0.116791288E+00
-0.115046383E+00-0.113288326E+00-0.111513942E+00-0.109720158E+00-0.107904006E+00
-0.106062622E+00-0.104193241E+00-0.102293201E+00-0.100359933E+00-0.983909629E-01
-0.963839028E-01-0.943364504E-01-0.922463819E-01-0.901115479E-01-0.879298675E-01
-0.856993229E-01-0.834179537E-01-0.810838508E-01-0.786951504E-01-0.762500279E-01
-0.737466918E-01-0.711833772E-01-0.685583398E-01-0.658698492E-01-0.631161834E-01
-0.602956219E-01-0.574064395E-01-0.544469004E-01-0.514152517E-01-0.483097172E-01
-0.451284911E-01-0.418697316E-01-0.385315542E-01-0.351120257E-01-0.316091567E-01
-0.280208953E-01-0.243451195E-01-0.205796298E-01-0.167221415E-01-0.127702761E-01
-0.872155279E-02-0.457337906E-02-0.323040399E-03 0.403231046E-02 0.849566545E-02
 0.130701740E-01 0.177591575E-01 0.225661246E-01 0.274947886E-01 0.325490868E-01
 0.377332014E-01 0.430515835E-01 0.485089793E-01 0.541104596E-01 0.598614527E-01
 0.657677813E-01 0.718357036E-01 0.780719594E-01 0.844838216E-01 0.910791537E-01
 0.978664742E-01 0.104855028E+00 0.112054868E+00 0.119476939E+00 0.127133178E+00
 0.135036621E+00 0.143201517E+00 0.151643449E+00 0.160379463E+00 0.169428199E+00
 0.178810017E+00 0.188547106E+00 0.198663577E+00 0.209185510E+00 0.220140939E+00
 0.231559765E+00 0.243473569E+00 0.255915340E+00 0.268919163E+00 0.282520003E+00
 0.296753960E+00 0.311659830E+00 0.327284266E+00 0.343697302E+00 0.361022918E+00
 0.377402740E+00 0.390961558E+00 0.402003812E+00 0.410554927E+00 0.416977861E+00
 0.421454835E+00 0.424010914E+00 0.424525676E+00 0.422792172E+00 0.419042455E+00
 0.413356598E+00 0.405676310E+00 0.395783954E+00 0.383338635E+00 0.369973859E+00
 0.358486788E+00 0.348329372E+00 0.339187834E+00-0.157211972E+00-0.162262931E+00
-0.164770528E+00-0.164641129E+00-0.161925454E+00-0.159275004E+00-0.156799192E+00
-0.154445805E+00-0.152187946E+00-0.150007771E+00-0.147893032E+00-0.145834725E+00
-0.143825668E+00-0.141859718E+00-0.139931338E+00-0.138035368E+00-0.136166903E+00
-0.134321233E+00-0.132493813E+00-0.130680248E+00-0.128876290E+00-0.127077834E+00
-0.125280922E+00-0.123481738E+00-0.121676609E+00-0.119862004E+00-0.118034531E+00
-0.116190934E+00-0.114328091E+00-0.112443009E+00-0.110532822E+00-0.108594781E+00
-0.106626260E+00-0.104624740E+00-0.102587813E+00-0.100513174E+00-0.983986125E-01
-0.962420138E-01-0.940413476E-01-0.917946646E-01-0.895000897E-01-0.871558155E-01
-0.847600955E-01-0.823112372E-01-0.798075946E-01-0.772475613E-01-0.746295628E-01
-0.719520487E-01-0.692134860E-01-0.664123504E-01-0.635471198E-01-0.606162658E-01
-0.576182471E-01-0.545515014E-01-0.514144383E-01-0.482054319E-01-0.449228136E-01
-0.415648644E-01-0.381298079E-01-0.346158025E-01-0.310209345E-01-0.273432098E-01
-0.235805461E-01-0.197307654E-01-0.157915846E-01-0.117606072E-01-0.763531373E-02
-0.341305167E-02 0.908975433E-03 0.533371968E-02 0.986430167E-02 0.145040246E-01
 0.192563899E-01 0.241251148E-01 0.291141511E-01 0.342277078E-01 0.394702750E-01
 0.448466513E-01 0.503619757E-01 0.560217621E-01 0.618319399E-01 0.677988991E-01
 0.739295424E-01 0.802313442E-01 0.867124179E-01 0.933815932E-01 0.100248504E+00
 0.107323690E+00 0.114618712E+00 0.122146288E+00 0.129920441E+00 0.137956682E+00
 0.146272206E+00 0.154886129E+00 0.163819747E+00 0.173096842E+00 0.182744011E+00
 0.192791051E+00 0.203271361E+00 0.214222381E+00 0.225686053E+00 0.237709270E+00
 0.250344339E+00 0.263649442E+00 0.277689188E+00 0.292535460E+00 0.308268995E+00
 0.324982512E+00 0.342786637E+00 0.361820688E+00 0.381518916E+00 0.398396648E+00
 0.412573608E+00 0.424230049E+00 0.433256745E+00 0.439697706E+00 0.443909904E+00
 0.445966579E+00 0.445848500E+00 0.443246761E+00 0.438059920E+00 0.430505341E+00
 0.420519138E+00 0.407935512E+00 0.392489244E+00 0.378366034E+00 0.365854951E+00
 0.354701104E+00 0.344677880E+00-0.161161778E+00-0.166348152E+00-0.168925961E+00
-0.168807763E+00-0.166317838E+00-0.163577158E+00-0.160986323E+00-0.158523056E+00
-0.156167827E+00-0.153904118E+00-0.151718242E+00-0.149598803E+00-0.147536123E+00
-0.145521788E+00-0.143548316E+00-0.141608932E+00-0.139697416E+00-0.137808000E+00
-0.135935301E+00-0.134074275E+00-0.132220176E+00-0.130368534E+00-0.128515127E+00
-0.126655968E+00-0.124787281E+00-0.122905494E+00-0.121007220E+00-0.119089248E+00
-0.117148531E+00-0.115182179E+00-0.113187449E+00-0.111161735E+00-0.109102567E+00
-0.107007599E+00-0.104874604E+00-0.102701471E+00-0.100486192E+00-0.982268651E-01
-0.959216788E-01-0.935689110E-01-0.911669193E-01-0.887141344E-01-0.862090517E-01
-0.836502235E-01-0.810362502E-01-0.783657721E-01-0.756374602E-01-0.728500074E-01
-0.700021195E-01-0.670925064E-01-0.641198730E-01-0.610829105E-01-0.579802874E-01
-0.548106412E-01-0.515725700E-01-0.482646236E-01-0.448852955E-01-0.414330151E-01
-0.379061388E-01-0.343029425E-01-0.306216134E-01-0.268602415E-01-0.230168115E-01
-0.190891942E-01-0.150751379E-01-0.109722588E-01-0.677803184E-02-0.248977984E-02
 0.189533708E-02 0.638033380E-02 0.109684133E-01 0.156629812E-01 0.204676621E-01
 0.253863174E-01 0.304230662E-01 0.355823082E-01 0.408687498E-01 0.462874342E-01
 0.518437755E-01 0.575435977E-01 0.633931794E-01 0.693993055E-01 0.755693258E-01
 0.819112240E-01 0.884336961E-01 0.951462420E-01 0.102059272E+00 0.109184230E+00
 0.116533740E+00 0.124121773E+00 0.131963849E+00 0.140077269E+00 0.148481397E+00
 0.157197985E+00 0.166251566E+00 0.175669917E+00 0.185484603E+00 0.195731627E+00
 0.206452184E+00 0.217693526E+00 0.229509943E+00 0.241963820E+00 0.255126727E+00
 0.269080429E+00 0.283917728E+00 0.299742997E+00 0.316672425E+00 0.334834124E+00
 0.354368331E+00 0.375357849E+00 0.394937301E+00 0.411590481E+00 0.425385407E+00
 0.436640767E+00 0.445486911E+00 0.451942145E+00 0.455850467E+00 0.457160645E+00
 0.456052795E+00 0.452504378E+00 0.446381046E+00 0.437374230E+00 0.425305133E+00
 0.410258072E+00 0.394732437E+00 0.380788941E+00 0.368246223E+00 0.356934469E+00
 0.346693477E+00-0.164399607E+00-0.169670606E+00-0.172327027E+00-0.172265788E+00
-0.169950513E+00-0.167213380E+00-0.164596621E+00-0.162101117E+00-0.159713126E+00
-0.157419158E+00-0.155206626E+00-0.153064007E+00-0.150980835E+00-0.148947627E+00
-0.146955765E+00-0.144997406E+00-0.143065380E+00-0.141153124E+00-0.139254604E+00
-0.137364269E+00-0.135476991E+00-0.133588030E+00-0.131692987E+00-0.129787774E+00
-0.127868584E+00-0.125931859E+00-0.123974272E+00-0.121992704E+00-0.119984228E+00
-0.117946096E+00-0.115875722E+00-0.113770677E+00-0.111628678E+00-0.109447579E+00
-0.107225364E+00-0.104960143E+00-0.102650140E+00-0.100293691E+00-0.978892358E-01
-0.954353070E-01-0.929305261E-01-0.903735932E-01-0.877632776E-01-0.850984092E-01
-0.823778678E-01-0.796005736E-01-0.767654763E-01-0.738715449E-01-0.709177571E-01
-0.679030889E-01-0.648265040E-01-0.616869439E-01-0.584833175E-01-0.552144916E-01
-0.518792813E-01-0.484764407E-01-0.450046533E-01-0.414625239E-01-0.378485692E-01
-0.341612092E-01-0.303987591E-01-0.265594202E-01-0.226412720E-01-0.186422629E-01
-0.145602021E-01-0.103927500E-01-0.613740880E-02-0.179151293E-02 0.264778218E-02
 0.718351143E-02 0.118189129E-01 0.165574417E-01 0.214027862E-01 0.263588853E-01
 0.314299489E-01 0.366204809E-01 0.419353054E-01 0.473795968E-01 0.529589150E-01
 0.586792450E-01 0.645470435E-01 0.705692922E-01 0.767535606E-01 0.831080771E-01
 0.896418141E-01 0.963645858E-01 0.103287163E+00 0.110421409E+00 0.117780439E+00
 0.125378808E+00 0.133232739E+00 0.141360393E+00 0.149782187E+00 0.158521197E+00
 0.167603626E+00 0.177059388E+00 0.186922825E+00 0.197233576E+00 0.208037654E+00
 0.219388758E+00 0.231349846E+00 0.243994986E+00 0.257411410E+00 0.271701560E+00
 0.286984682E+00 0.303397219E+00 0.321091103E+00 0.340229472E+00 0.360986008E+00
 0.381950150E+00 0.400382975E+00 0.416294951E+00 0.429373249E+00 0.439884330E+00
 0.448087687E+00 0.454010893E+00 0.457579236E+00 0.458342530E+00 0.456453228E+00
 0.452019339E+00 0.444916625E+00 0.434915288E+00 0.421417389E+00 0.405563806E+00
 0.391120149E+00 0.378000220E+00 0.366069488E+00 0.355199638E+00 0.345271191E+00
-0.167435280E+00-0.172865756E+00-0.175616861E+00-0.175603832E+00-0.172954008E+00
-0.170231139E+00-0.167646057E+00-0.165176428E+00-0.162810740E+00-0.160537154E+00
-0.158343869E+00-0.156219469E+00-0.154153142E+00-0.152134797E+00-0.150155118E+00
-0.148205556E+00-0.146278316E+00-0.144366300E+00-0.142463064E+00-0.140562750E+00
-0.138660034E+00-0.136750064E+00-0.134828410E+00-0.132891013E+00-0.130934139E+00
-0.128954346E+00-0.126948450E+00-0.124913497E+00-0.122846741E+00-0.120745626E+00
-0.118607773E+00-0.116430967E+00-0.114213148E+00-0.111952403E+00-0.109646956E+00
-0.107295169E+00-0.104895527E+00-0.102446636E+00-0.999472153E-01-0.973960881E-01
-0.947921730E-01-0.921344748E-01-0.894220735E-01-0.866541141E-01-0.838297940E-01
-0.809483518E-01-0.780090546E-01-0.750111857E-01-0.719540325E-01-0.688368740E-01
-0.656589687E-01-0.624195433E-01-0.591177813E-01-0.557528115E-01-0.523236980E-01
-0.488294297E-01-0.452689101E-01-0.416409485E-01-0.379442500E-01-0.341774069E-01
-0.303388898E-01-0.264270390E-01-0.224400561E-01-0.183759953E-01-0.142327556E-01
-0.100080715E-01-0.569950473E-02-0.130443488E-02 0.317995012E-02 0.775666448E-02
 0.124289360E-01 0.172002185E-01 0.220742063E-01 0.270548500E-01 0.321463753E-01
 0.373533037E-01 0.426804773E-01 0.481330869E-01 0.537167049E-01 0.594373236E-01
 0.653013992E-01 0.713159033E-01 0.774883832E-01 0.838270313E-01 0.903407673E-01
 0.970393338E-01 0.103933409E+00 0.111034737E+00 0.118356291E+00 0.125912453E+00
 0.133719240E+00 0.141794579E+00 0.150158624E+00 0.158834165E+00 0.167847114E+00
 0.177227122E+00 0.187008345E+00 0.197230421E+00 0.207939724E+00 0.219190985E+00
 0.231049415E+00 0.243593483E+00 0.256918533E+00 0.271141320E+00 0.286405109E+00
 0.302883821E+00 0.320781356E+00 0.340320824E+00 0.361441700E+00 0.380544709E+00
 0.397147083E+00 0.411477090E+00 0.423595094E+00 0.433458710E+00 0.440903086E+00
 0.445988696E+00 0.448814700E+00 0.449306074E+00 0.447269445E+00 0.442371441E+00
 0.434500881E+00 0.423570949E+00 0.409465216E+00 0.395416711E+00 0.382563316E+00
 0.370772612E+00 0.359934255E+00 0.349951940E+00 0.340739888E+00-0.169252200E+00
-0.174758192E+00-0.177596196E+00-0.177678375E+00-0.175297256E+00-0.172664138E+00
-0.170156674E+00-0.167761479E+00-0.165467291E+00-0.163262161E+00-0.161133920E+00
-0.159070594E+00-0.157060705E+00-0.155093479E+00-0.153158964E+00-0.151248076E+00
-0.149352602E+00-0.147465162E+00-0.145579144E+00-0.143688640E+00-0.141788361E+00
-0.139873566E+00-0.137939988E+00-0.135983772E+00-0.134001412E+00-0.131989712E+00
-0.129945737E+00-0.127866789E+00-0.125750377E+00-0.123594200E+00-0.121396133E+00
-0.119154216E+00-0.116866648E+00-0.114531778E+00-0.112148104E+00-0.109714265E+00
-0.107229037E+00-0.104691328E+00-0.102100171E+00-0.994547132E-01-0.967542089E-01
-0.939980080E-01-0.911855436E-01-0.883163190E-01-0.853898940E-01-0.824058704E-01
-0.793638777E-01-0.762635579E-01-0.731045513E-01-0.698864822E-01-0.666089450E-01
-0.632714909E-01-0.598736152E-01-0.564147449E-01-0.528942274E-01-0.493113193E-01
-0.456651757E-01-0.419548405E-01-0.381792365E-01-0.343371563E-01-0.304272533E-01
-0.264480334E-01-0.223978470E-01-0.182748803E-01-0.140771485E-01-0.980248754E-02
-0.544854670E-02-0.101278105E-02 0.350755660E-02 0.811542411E-02 0.128139991E-01
 0.176066890E-01 0.224971425E-01 0.274892627E-01 0.325872218E-01 0.377954795E-01
 0.431188028E-01 0.485622906E-01 0.541314020E-01 0.598319894E-01 0.656703371E-01
 0.716532066E-01 0.777878894E-01 0.840822687E-01 0.905448910E-01 0.971850504E-01
 0.104012887E+00 0.111039501E+00 0.118277092E+00 0.125739118E+00 0.133440488E+00
 0.141397792E+00 0.149629582E+00 0.158156706E+00 0.167002731E+00 0.176194461E+00
 0.185762595E+00 0.195742573E+00 0.206175691E+00 0.217110602E+00 0.228605394E+00
 0.240730614E+00 0.253573819E+00 0.267246846E+00 0.281897962E+00 0.297732322E+00
 0.315039936E+00 0.334227954E+00 0.353234896E+00 0.370117352E+00 0.384564154E+00
 0.397076480E+00 0.407760930E+00 0.416619159E+00 0.423457927E+00 0.427829754E+00
 0.430140490E+00 0.430380976E+00 0.428421636E+00 0.423875240E+00 0.416048824E+00
 0.405021785E+00 0.392441978E+00 0.380825526E+00 0.370035335E+00 0.359977241E+00
 0.350585840E+00 0.341808730E+00 0.333599726E+00-0.170380177E+00-0.175938629E+00
-0.178873838E+00-0.179079448E+00-0.177024118E+00-0.174528813E+00-0.172142996E+00
-0.169869962E+00-0.167696689E+00-0.165609285E+00-0.163593778E+00-0.161636614E+00
-0.159725005E+00-0.157847161E+00-0.155992408E+00-0.154151213E+00-0.152315154E+00
-0.150476840E+00-0.148629808E+00-0.146768415E+00-0.144887718E+00-0.142983373E+00
-0.141051535E+00-0.139088771E+00-0.137091995E+00-0.135058408E+00-0.132985454E+00
-0.130870788E+00-0.128712250E+00-0.126507851E+00-0.124255764E+00-0.121954320E+00
-0.119602002E+00-0.117197446E+00-0.114739443E+00-0.112226935E+00-0.109659017E+00
-0.107034927E+00-0.104354044E+00-0.101615880E+00-0.988200670E-01-0.959663466E-01
-0.930545537E-01-0.900846016E-01-0.870564649E-01-0.839701621E-01-0.808257375E-01
-0.776232438E-01-0.743627245E-01-0.710441975E-01-0.676676389E-01-0.642329679E-01
-0.607400330E-01-0.571885981E-01-0.535783306E-01-0.499087892E-01-0.461794132E-01
-0.423895121E-01-0.385382555E-01-0.346246640E-01-0.306476005E-01-0.266057618E-01
-0.224976709E-01-0.183216697E-01-0.140759121E-01-0.975835822E-02-0.536676768E-02
-0.898694540E-03 0.364851843E-02 0.827774527E-02 0.129920827E-01 0.177948566E-01
 0.226896293E-01 0.276802082E-01 0.327706562E-01 0.379653040E-01 0.432687650E-01
 0.486859535E-01 0.542221059E-01 0.598828066E-01 0.656740177E-01 0.716021149E-01
 0.776739286E-01 0.838967922E-01 0.902785980E-01 0.968278618E-01 0.103553798E+00
 0.110466406E+00 0.117576571E+00 0.124896181E+00 0.132438262E+00 0.140217136E+00
 0.148248612E+00 0.156550199E+00 0.165141375E+00 0.174043897E+00 0.183282188E+00
 0.192883800E+00 0.202880009E+00 0.213306572E+00 0.224204729E+00 0.235622606E+00
 0.247617278E+00 0.260258122E+00 0.273632944E+00 0.287861767E+00 0.303142666E+00
 0.319482637E+00 0.334597690E+00 0.348406766E+00 0.360822614E+00 0.371679474E+00
 0.380801087E+00 0.388261011E+00 0.394101783E+00 0.398266716E+00 0.400588541E+00
 0.400873054E+00 0.399157872E+00 0.395408370E+00 0.389419233E+00 0.380770149E+00
 0.371866121E+00 0.363168843E+00 0.354749966E+00 0.346652184E+00 0.338898638E+00
 0.331499214E+00 0.324454493E+00-0.171338854E+00-0.177047269E+00-0.180102889E+00
-0.180421311E+00-0.178180417E+00-0.175822441E+00-0.173608595E+00-0.171512550E+00
-0.169516438E+00-0.167602229E+00-0.165752448E+00-0.163950774E+00-0.162182407E+00
-0.160434240E+00-0.158694882E+00-0.156954577E+00-0.155205054E+00-0.153439352E+00
-0.151651619E+00-0.149836931E+00-0.147991115E+00-0.146110598E+00-0.144192278E+00
-0.142233419E+00-0.140231570E+00-0.138184498E+00-0.136090153E+00-0.133946632E+00
-0.131752171E+00-0.129505132E+00-0.127204012E+00-0.124847441E+00-0.122434196E+00
-0.119963207E+00-0.117433567E+00-0.114844534E+00-0.112195538E+00-0.109486177E+00
-0.106716211E+00-0.103885558E+00-0.100994277E+00-0.980425555E-01-0.950306898E-01
-0.919590657E-01-0.888281367E-01-0.856384018E-01-0.823903836E-01-0.790846064E-01
-0.757215754E-01-0.723017568E-01-0.688255602E-01-0.652933206E-01-0.617052840E-01
-0.580615924E-01-0.543622712E-01-0.506072169E-01-0.467961859E-01-0.429287840E-01
-0.390044568E-01-0.350224797E-01-0.309819500E-01-0.268817786E-01-0.227206825E-01
-0.184971786E-01-0.142095776E-01-0.985597961E-02-0.543427014E-02-0.942116849E-03
 0.362303272E-02 0.826395302E-02 0.129836421E-01 0.177853234E-01 0.226724474E-01
 0.276486950E-01 0.327179810E-01 0.378844602E-01 0.431525348E-01 0.485268647E-01
 0.540123801E-01 0.596142978E-01 0.653381408E-01 0.711897612E-01 0.771753678E-01
 0.833015576E-01 0.895753519E-01 0.960042376E-01 0.102596213E+00 0.109359838E+00
 0.116304294E+00 0.123439441E+00 0.130775889E+00 0.138325067E+00 0.146099297E+00
 0.154111872E+00 0.162377123E+00 0.170910484E+00 0.179728526E+00 0.188848952E+00
 0.198290512E+00 0.208072767E+00 0.218215590E+00 0.228738166E+00 0.239656979E+00
 0.250981704E+00 0.262706292E+00 0.274788574E+00 0.287104813E+00 0.299385469E+00
 0.311249833E+00 0.322366415E+00 0.332510970E+00 0.341533746E+00 0.349328308E+00
 0.355814056E+00 0.360926803E+00 0.364613816E+00 0.366831940E+00 0.367548951E+00
 0.366750188E+00 0.364456533E+00 0.360767284E+00 0.355930174E+00 0.350330788E+00
 0.344323968E+00 0.338145423E+00 0.331940967E+00 0.325802683E+00 0.319789864E+00
 0.313940610E+00-0.171154486E+00-0.176947071E+00-0.180130420E+00-0.180617235E+00
-0.178650496E+00-0.176519535E+00-0.174546011E+00-0.172698329E+00-0.170950332E+00
-0.169276906E+00-0.167655070E+00-0.166064598E+00-0.164488245E+00-0.162911680E+00
-0.161323242E+00-0.159713607E+00-0.158075412E+00-0.156402891E+00-0.154691538E+00
-0.152937814E+00-0.151138891E+00-0.149292452E+00-0.147396533E+00-0.145449396E+00
-0.143449453E+00-0.141395198E+00-0.139285189E+00-0.137118026E+00-0.134892360E+00
-0.132606906E+00-0.130260461E+00-0.127851936E+00-0.125380372E+00-0.122844971E+00
-0.120245113E+00-0.117580369E+00-0.114850513E+00-0.112055524E+00-0.109195583E+00
-0.106271061E+00-0.103282503E+00-0.100230611E+00-0.971162192E-01-0.939402628E-01
-0.907037546E-01-0.874077540E-01-0.840533386E-01-0.806415774E-01-0.771735051E-01
-0.736500992E-01-0.700722592E-01-0.664407879E-01-0.627563751E-01-0.590195832E-01
-0.552308340E-01-0.513903971E-01-0.474983786E-01-0.435547112E-01-0.395591439E-01
-0.355112333E-01-0.314103347E-01-0.272555938E-01-0.230459399E-01-0.187800799E-01
-0.144564932E-01-0.100734289E-01-0.562890401E-02-0.112070313E-02 0.345361989E-02
 0.809673936E-02 0.128115539E-01 0.176011822E-01 0.224689581E-01 0.274184263E-01
 0.324533387E-01 0.375776519E-01 0.427955259E-01 0.481113256E-01 0.535296235E-01
 0.590552055E-01 0.646930787E-01 0.704484813E-01 0.763268954E-01 0.823340610E-01
 0.884759917E-01 0.947589911E-01 0.101189669E+00 0.107774959E+00 0.114522126E+00
 0.121438780E+00 0.128532874E+00 0.135812692E+00 0.143286818E+00 0.150964081E+00
 0.158853458E+00 0.166963917E+00 0.175304181E+00 0.183882350E+00 0.192705341E+00
 0.201778023E+00 0.211101894E+00 0.220673043E+00 0.230478995E+00 0.240493858E+00
 0.250671151E+00 0.260934296E+00 0.271167450E+00 0.281214349E+00 0.290893340E+00
 0.300023664E+00 0.308446251E+00 0.316030997E+00 0.322675137E+00 0.328298990E+00
 0.332842268E+00 0.336262045E+00 0.338532791E+00 0.339648899E+00 0.339630201E+00
 0.338530552E+00 0.336447125E+00 0.333522909E+00 0.329932692E+00 0.325854997E+00
 0.321447482E+00 0.316837009E+00 0.312120791E+00 0.307371594E+00 0.302643166E+00
-0.169920263E+00-0.175748288E+00-0.179076366E+00-0.179796249E+00-0.178364376E+00
-0.176571891E+00-0.174940346E+00-0.173442810E+00-0.172038934E+00-0.170692681E+00
-0.169373680E+00-0.168057391E+00-0.166724689E+00-0.165361158E+00-0.163956283E+00
-0.162502650E+00-0.160995223E+00-0.159430714E+00-0.157807073E+00-0.156123067E+00
-0.154377961E+00-0.152571277E+00-0.150702618E+00-0.148771554E+00-0.146777550E+00
-0.144719940E+00-0.142597922E+00-0.140410586E+00-0.138156945E+00-0.135835989E+00
-0.133446734E+00-0.130988278E+00-0.128459851E+00-0.125860859E+00-0.123190920E+00
-0.120449894E+00-0.117637897E+00-0.114755309E+00-0.111802772E+00-0.108781173E+00
-0.105691622E+00-0.102535426E+00-0.993140547E-01-0.960290980E-01-0.926822319E-01
-0.892751772E-01-0.858096624E-01-0.822873891E-01-0.787100012E-01-0.750790574E-01
-0.713960087E-01-0.676621788E-01-0.638787479E-01-0.600467393E-01-0.561670079E-01
-0.522402293E-01-0.482668904E-01-0.442472795E-01-0.401814770E-01-0.360693457E-01
-0.319105217E-01-0.277044054E-01-0.234501542E-01-0.191466761E-01-0.147926252E-01
-0.103863999E-01-0.592614341E-02-0.140974692E-02 0.316514455E-02 0.780112371E-02
 0.125010106E-01 0.172678405E-01 0.221048510E-01 0.270154682E-01 0.320032943E-01
 0.370720947E-01 0.422257877E-01 0.474684353E-01 0.528042364E-01 0.582375213E-01
 0.637727480E-01 0.694145009E-01 0.751674881E-01 0.810365406E-01 0.870266091E-01
 0.931427589E-01 0.993901605E-01 0.105774075E+00 0.112299829E+00 0.118972779E+00
 0.125798261E+00 0.132781513E+00 0.139927570E+00 0.147241116E+00 0.154726287E+00
 0.162386385E+00 0.170223500E+00 0.178237986E+00 0.186427747E+00 0.194787266E+00
 0.203306289E+00 0.211968082E+00 0.220747170E+00 0.229606581E+00 0.238494831E+00
 0.247343355E+00 0.256065632E+00 0.264559477E+00 0.272713033E+00 0.280413058E+00
 0.287552831E+00 0.294037627E+00 0.299787486E+00 0.304738128E+00 0.308841100E+00
 0.312063971E+00 0.314391060E+00 0.315824873E+00 0.316388105E+00 0.316125543E+00
 0.315104588E+00 0.313412776E+00 0.311151452E+00 0.308426786E+00 0.305340978E+00
 0.301986082E+00 0.298441122E+00 0.294771715E+00 0.291031106E+00-0.168117062E+00
-0.174043968E+00-0.177551139E+00-0.178554240E+00-0.177247277E+00-0.175908742E+00
-0.174784012E+00-0.173790365E+00-0.172864212E+00-0.171955590E+00-0.171027101E+00
-0.170052076E+00-0.169012539E+00-0.167897231E+00-0.166699870E+00-0.165417692E+00
-0.164050300E+00-0.162598778E+00-0.161065024E+00-0.159451266E+00-0.157759717E+00
-0.155992341E+00-0.154150705E+00-0.152235909E+00-0.150248569E+00-0.148188837E+00
-0.146056463E+00-0.143850876E+00-0.141571275E+00-0.139216730E+00-0.136786284E+00
-0.134279045E+00-0.131694274E+00-0.129031457E+00-0.126290362E+00-0.123471083E+00
-0.120574065E+00-0.117600114E+00-0.114550387E+00-0.111426376E+00-0.108229866E+00
-0.104962899E+00-0.101627716E+00-0.982267054E-01-0.947623474E-01-0.912371566E-01
-0.876536335E-01-0.840142195E-01-0.803212589E-01-0.765769683E-01-0.727834126E-01
-0.689424865E-01-0.650559018E-01-0.611251772E-01-0.571516304E-01-0.531363715E-01
-0.490802952E-01-0.449840730E-01-0.408481439E-01-0.366727037E-01-0.324576940E-01
-0.282027914E-01-0.239073973E-01-0.195706300E-01-0.151913195E-01-0.107680053E-01
-0.629893946E-02-0.178209269E-02 0.278483418E-02 0.740439498E-02 0.120793792E-01
 0.168127899E-01 0.216078203E-01 0.264678285E-01 0.313963129E-01 0.363968890E-01
 0.414732674E-01 0.466292341E-01 0.518686336E-01 0.571953537E-01 0.626133124E-01
 0.681264451E-01 0.737386919E-01 0.794539841E-01 0.852762267E-01 0.912092775E-01
 0.972569187E-01 0.103422820E+00 0.109710489E+00 0.116123208E+00 0.122663947E+00
 0.129335251E+00 0.136139101E+00 0.143076720E+00 0.150148336E+00 0.157352867E+00
 0.164687529E+00 0.172147328E+00 0.179724425E+00 0.187407356E+00 0.195180074E+00
 0.203020838E+00 0.210900991E+00 0.218783739E+00 0.226623170E+00 0.234363829E+00
 0.241941252E+00 0.249283708E+00 0.256315139E+00 0.262958836E+00 0.269141206E+00
 0.274795008E+00 0.279861798E+00 0.284293604E+00 0.288054054E+00 0.291119226E+00
 0.293478386E+00 0.295134646E+00 0.296105433E+00 0.296422477E+00 0.296130926E+00
 0.295287302E+00 0.293956267E+00 0.292206639E+00 0.290107370E+00 0.287724183E+00
 0.285117257E+00 0.282339985E+00 0.279438596E+00-0.164611098E+00-0.170459692E+00
-0.174162065E+00-0.175646781E+00-0.175007542E+00-0.174462858E+00-0.174130059E+00
-0.173871447E+00-0.173600463E+00-0.173259445E+00-0.172811764E+00-0.172236686E+00
-0.171524955E+00-0.170675033E+00-0.169690209E+00-0.168576533E+00-0.167341400E+00
-0.165992594E+00-0.164537651E+00-0.162983441E+00-0.161335906E+00-0.159599918E+00
-0.157779230E+00-0.155876495E+00-0.153893345E+00-0.151830517E+00-0.149687999E+00
-0.147465204E+00-0.145161146E+00-0.142774611E+00-0.140304328E+00-0.137749113E+00
-0.135108004E+00-0.132380366E+00-0.129565978E+00-0.126665090E+00-0.123678456E+00
-0.120607345E+00-0.117453521E+00-0.114219212E+00-0.110907047E+00-0.107519991E+00
-0.104061264E+00-0.100534254E+00-0.969424416E-01-0.932893125E-01-0.895782950E-01
-0.858126994E-01-0.819956730E-01-0.781301674E-01-0.742189164E-01-0.702644238E-01
-0.662689584E-01-0.622345524E-01-0.581630028E-01-0.540558712E-01-0.499144816E-01
-0.457399147E-01-0.415329981E-01-0.372942934E-01-0.330240803E-01-0.287223403E-01
-0.243887411E-01-0.200226234E-01-0.156229922E-01-0.111885133E-01-0.671751659E-02
-0.220800624E-02 0.234232213E-02 0.693605709E-02 0.115760410E-01 0.162653347E-01
 0.210071792E-01 0.258049552E-01 0.306621439E-01 0.355822893E-01 0.405689639E-01
 0.456257382E-01 0.507561544E-01 0.559637035E-01 0.612518048E-01 0.666237868E-01
 0.720828677E-01 0.776321345E-01 0.832745176E-01 0.890127606E-01 0.948493811E-01
 0.100786623E+00 0.106826393E+00 0.112970184E+00 0.119218978E+00 0.125573117E+00
 0.132032160E+00 0.138594688E+00 0.145258072E+00 0.152018197E+00 0.158869116E+00
 0.165802650E+00 0.172807918E+00 0.179870797E+00 0.186973335E+00 0.194093149E+00
 0.201202853E+00 0.208269613E+00 0.215254947E+00 0.222114894E+00 0.228800669E+00
 0.235259857E+00 0.241438087E+00 0.247281022E+00 0.252736460E+00 0.257756305E+00
 0.262298283E+00 0.266327329E+00 0.269816663E+00 0.272748593E+00 0.275115085E+00
 0.276918077E+00 0.278169505E+00 0.278890924E+00 0.279112669E+00 0.278872476E+00
 0.278213663E+00 0.277183005E+00 0.275828587E+00 0.274197850E+00 0.272336035E+00
 0.270285089E+00 0.268083006E+00-0.158575888E+00-0.163804249E+00-0.167685821E+00
-0.170150693E+00-0.171405956E+00-0.172365805E+00-0.173256924E+00-0.174021816E+00
-0.174598930E+00-0.174944051E+00-0.175038673E+00-0.174884900E+00-0.174496298E+00
-0.173891431E+00-0.173090321E+00-0.172112645E+00-0.170976789E+00-0.169699349E+00
-0.168294859E+00-0.166775647E+00-0.165151800E+00-0.163431195E+00-0.161619614E+00
-0.159720912E+00-0.157737246E+00-0.155669343E+00-0.153516787E+00-0.151278316E+00
-0.148952118E+00-0.146536098E+00-0.144028135E+00-0.141426295E+00-0.138729015E+00
-0.135935257E+00-0.133044614E+00-0.130057393E+00-0.126974646E+00-0.123798179E+00
-0.120530517E+00-0.117174835E+00-0.113734873E+00-0.110214815E+00-0.106619165E+00
-0.102952615E+00-0.992199229E-01-0.954257902E-01-0.915747721E-01-0.876712005E-01
-0.837191322E-01-0.797223181E-01-0.756841916E-01-0.716078710E-01-0.674961724E-01
-0.633516269E-01-0.591764991E-01-0.549728001E-01-0.507422950E-01-0.464865003E-01
-0.422066725E-01-0.379037875E-01-0.335785156E-01-0.292311923E-01-0.248617909E-01
-0.204698985E-01-0.160546993E-01-0.116149664E-01-0.714906359E-02-0.265495883E-02
 0.186975114E-02 0.642780477E-02 0.110222293E-01 0.156562863E-01 0.203334112E-01
 0.250571514E-01 0.298311056E-01 0.346588681E-01 0.395439795E-01 0.444898857E-01
 0.494999040E-01 0.545771958E-01 0.597247440E-01 0.649453325E-01 0.702415263E-01
 0.756156492E-01 0.810697578E-01 0.866056087E-01 0.922246180E-01 0.979278101E-01
 0.103715754E+00 0.109588486E+00 0.115545411E+00 0.121585189E+00 0.127705595E+00
 0.133903352E+00 0.140173937E+00 0.146511358E+00 0.152907890E+00 0.159353794E+00
 0.165836996E+00 0.172342765E+00 0.178853386E+00 0.185347869E+00 0.191801728E+00
 0.198186885E+00 0.204471740E+00 0.210621478E+00 0.216598626E+00 0.222363876E+00
 0.227877142E+00 0.233098772E+00 0.237990830E+00 0.242518351E+00 0.246650490E+00
 0.250361522E+00 0.253631642E+00 0.256447577E+00 0.258802986E+00 0.260698632E+00
 0.262142319E+00 0.263148552E+00 0.263737923E+00 0.263936232E+00 0.263773377E+00
 0.263282121E+00 0.262496810E+00 0.261452182E+00 0.260182316E+00 0.258719813E+00
 0.257095193E+00-0.152538717E+00-0.157213232E+00-0.161338751E+00-0.164874324E+00
-0.167893795E+00-0.170530636E+00-0.172873669E+00-0.174900395E+00-0.176484354E+00
-0.177555113E+00-0.178157713E+00-0.178357138E+00-0.178211131E+00-0.177768950E+00
-0.177072645E+00-0.176158224E+00-0.175056489E+00-0.173793582E+00-0.172391348E+00
-0.170867586E+00-0.169236266E+00-0.167507766E+00-0.165689170E+00-0.163784628E+00
-0.161795788E+00-0.159722262E+00-0.157562114E+00-0.155312333E+00-0.152969282E+00
-0.150529095E+00-0.147988028E+00-0.145342752E+00-0.142590596E+00-0.139729738E+00
-0.136759344E+00-0.133679663E+00-0.130492067E+00-0.127199042E+00-0.123804130E+00
-0.120311814E+00-0.116727366E+00-0.113056661E+00-0.109305969E+00-0.105481743E+00
-0.101590423E+00-0.976382659E-01-0.936312075E-01-0.895747714E-01-0.854740146E-01
-0.813335104E-01-0.771573621E-01-0.729492387E-01-0.687124232E-01-0.644498664E-01
-0.601642370E-01-0.558579605E-01-0.515332420E-01-0.471920683E-01-0.428361900E-01
-0.384670850E-01-0.340859103E-01-0.296934479E-01-0.252900536E-01-0.208756129E-01
-0.164495091E-01-0.120106055E-01-0.755724375E-02-0.308725831E-02 0.140199030E-02
 0.591356420E-02 0.104508785E-01 0.150176167E-01 0.196176359E-01 0.242548689E-01
 0.289332315E-01 0.336565404E-01 0.384284465E-01 0.432523838E-01 0.481315337E-01
 0.530688000E-01 0.580667919E-01 0.631278107E-01 0.682538368E-01 0.734465143E-01
 0.787071306E-01 0.840365891E-01 0.894353729E-01 0.949034998E-01 0.100440464E+00
 0.106045167E+00 0.111715832E+00 0.117449907E+00 0.123243946E+00 0.129093478E+00
 0.134992855E+00 0.140935090E+00 0.146911671E+00 0.152912377E+00 0.158925082E+00
 0.164935574E+00 0.170927397E+00 0.176881735E+00 0.182777362E+00 0.188590687E+00
 0.194295916E+00 0.199865347E+00 0.205269813E+00 0.210479267E+00 0.215463487E+00
 0.220192864E+00 0.224639234E+00 0.228776698E+00 0.232582397E+00 0.236037188E+00
 0.239126214E+00 0.241839329E+00 0.244171374E+00 0.246122287E+00 0.247697041E+00
 0.248905403E+00 0.249761523E+00 0.250283367E+00 0.250492021E+00 0.250410926E+00
 0.250065074E+00 0.249480232E+00 0.248682242E+00 0.247696413E+00 0.246547041E+00
-0.148284498E+00-0.152976898E+00-0.157457198E+00-0.161716776E+00-0.165782648E+00
-0.169704909E+00-0.173538510E+00-0.177345090E+00-0.180355052E+00-0.181859611E+00
-0.182709240E+00-0.183040887E+00-0.182950202E+00-0.182510973E+00-0.181782715E+00
-0.180814617E+00-0.179647788E+00-0.178316509E+00-0.176848922E+00-0.175267397E+00
-0.173588803E+00-0.171824822E+00-0.169982389E+00-0.168064284E+00-0.166069844E+00
-0.163995736E+00-0.161836739E+00-0.159586468E+00-0.157238020E+00-0.154784522E+00
-0.152219580E+00-0.149537642E+00-0.146734285E+00-0.143806439E+00-0.140752556E+00
-0.137572717E+00-0.134268680E+00-0.130843869E+00-0.127303270E+00-0.123653257E+00
-0.119901342E+00-0.116055854E+00-0.112125599E+00-0.108119505E+00-0.104046306E+00
-0.999142770E-01-0.957310517E-01-0.915035078E-01-0.872377314E-01-0.829390399E-01
-0.786120511E-01-0.742607833E-01-0.698887722E-01-0.654991896E-01-0.610949519E-01
-0.566788059E-01-0.522533797E-01-0.478211914E-01-0.433846137E-01-0.389457989E-01
-0.345065804E-01-0.300683661E-01-0.256320419E-01-0.211978937E-01-0.167655544E-01
-0.123339723E-01-0.790140203E-02-0.346541708E-02 0.977052137E-03 0.542964993E-02
 0.989649314E-02 0.143820368E-01 0.188909175E-01 0.234277904E-01 0.279971800E-01
 0.326033575E-01 0.372502544E-01 0.419414086E-01 0.466799392E-01 0.514685389E-01
 0.563094768E-01 0.612046047E-01 0.661553616E-01 0.711627725E-01 0.762274410E-01
 0.813495323E-01 0.865287474E-01 0.917642867E-01 0.970548039E-01 0.102398349E+00
 0.107792298E+00 0.113233277E+00 0.118717072E+00 0.124238526E+00 0.129791434E+00
 0.135368428E+00 0.140960858E+00 0.146558677E+00 0.152150337E+00 0.157722690E+00
 0.163260937E+00 0.168748594E+00 0.174167532E+00 0.179498063E+00 0.184719122E+00
 0.189808516E+00 0.194743272E+00 0.199500057E+00 0.204055663E+00 0.208387550E+00
 0.212474396E+00 0.216296655E+00 0.219837073E+00 0.223081154E+00 0.226017549E+00
 0.228638348E+00 0.230939276E+00 0.232919761E+00 0.234582898E+00 0.235935287E+00
 0.236986765E+00 0.237750036E+00 0.238240228E+00 0.238474394E+00 0.238470991E+00
 0.238249363E+00 0.237829253E+00 0.237230368E+00 0.236472009E+00-0.144928517E+00
-0.149796443E+00-0.154647728E+00-0.159499932E+00-0.164390910E+00-0.169378695E+00
-0.174541465E+00-0.179980409E+00-0.185042626E+00-0.187881027E+00-0.189094982E+00
-0.189196766E+00-0.188891113E+00-0.188234629E+00-0.187291489E+00-0.186116488E+00
-0.184756660E+00-0.183252015E+00-0.181635633E+00-0.179933417E+00-0.178163879E+00
-0.176338224E+00-0.174460892E+00-0.172530518E+00-0.170541164E+00-0.168483639E+00
-0.166346760E+00-0.164118442E+00-0.161786583E+00-0.159339740E+00-0.156767638E+00
-0.154061543E+00-0.151214549E+00-0.148221808E+00-0.145080716E+00-0.141791057E+00
-0.138355093E+00-0.134777568E+00-0.131065593E+00-0.127228392E+00-0.123276885E+00
-0.119223153E+00-0.115079822E+00-0.110859448E+00-0.106573983E+00-0.102234367E+00
-0.978502765E-01-0.934300290E-01-0.889806048E-01-0.845077698E-01-0.800162567E-01
-0.755099821E-01-0.709922795E-01-0.664661287E-01-0.619343675E-01-0.573998651E-01
-0.528656339E-01-0.483348542E-01-0.438107979E-01-0.392966604E-01-0.347953390E-01
-0.303092103E-01-0.258399516E-01-0.213884203E-01-0.169545867E-01-0.125374991E-01
-0.813526718E-02-0.374505954E-02 0.636874447E-03 0.501513720E-02 0.939504504E-02
 0.137824083E-01 0.181832466E-01 0.226034849E-01 0.270486898E-01 0.315238822E-01
 0.360334404E-01 0.405810725E-01 0.451698366E-01 0.498021827E-01 0.544800002E-01
 0.592046604E-01 0.639770498E-01 0.687975907E-01 0.736662500E-01 0.785825358E-01
 0.835454828E-01 0.885536272E-01 0.936049718E-01 0.986969420E-01 0.103826334E+00
 0.108989253E+00 0.114181052E+00 0.119396256E+00 0.124628489E+00 0.129870403E+00
 0.135113600E+00 0.140348573E+00 0.145564651E+00 0.150749962E+00 0.155891427E+00
 0.160974781E+00 0.165984632E+00 0.170904572E+00 0.175717336E+00 0.180405008E+00
 0.184949288E+00 0.189331800E+00 0.193534440E+00 0.197539748E+00 0.201331292E+00
 0.204894048E+00 0.208214751E+00 0.211282223E+00 0.214087628E+00 0.216624688E+00
 0.218889806E+00 0.220882125E+00 0.222603505E+00 0.224058419E+00 0.225253773E+00
 0.226198671E+00 0.226904120E+00 0.227382702E+00 0.227648220E+00 0.227715351E+00
 0.227599298E+00 0.227315481E+00 0.226879249E+00-0.141921286E+00-0.146967768E+00
-0.152125544E+00-0.157431422E+00-0.162939399E+00-0.168722275E+00-0.174871865E+00
-0.181497087E+00-0.187808091E+00-0.192318319E+00-0.195251048E+00-0.196444240E+00
-0.196046494E+00-0.194922424E+00-0.193561247E+00-0.192005089E+00-0.190304134E+00
-0.188503865E+00-0.186643303E+00-0.184752727E+00-0.182851798E+00-0.180948930E+00
-0.179042157E+00-0.177121118E+00-0.175169546E+00-0.173167711E+00-0.171094509E+00
-0.168929039E+00-0.166651675E+00-0.164244731E+00-0.161692842E+00-0.158983195E+00
-0.156105695E+00-0.153053137E+00-0.149821412E+00-0.146409744E+00-0.142820920E+00
-0.139061452E+00-0.135141551E+00-0.131074830E+00-0.126877652E+00-0.122568149E+00
-0.118165042E+00-0.113686472E+00-0.109149034E+00-0.104567156E+00-0.999528191E-01
-0.953155848E-01-0.906628099E-01-0.859999867E-01-0.813311316E-01-0.766591913E-01
-0.719864441E-01-0.673148942E-01-0.626466506E-01-0.579842759E-01-0.533310582E-01
-0.486911242E-01-0.440692973E-01-0.394706769E-01-0.349000623E-01-0.303614347E-01
-0.258576466E-01-0.213903126E-01-0.169598149E-01-0.125653290E-01-0.820481821E-02
-0.387497723E-02 0.428849029E-03 0.471270712E-02 0.898392713E-02 0.132507615E-01
 0.175217730E-01 0.218051424E-01 0.261081287E-01 0.304368040E-01 0.347960275E-01
 0.391895555E-01 0.436201960E-01 0.480899595E-01 0.526001836E-01 0.571516275E-01
 0.617445388E-01 0.663786962E-01 0.710534319E-01 0.757676391E-01 0.805197654E-01
 0.853077959E-01 0.901292271E-01 0.949810338E-01 0.998596293E-01 0.104760822E+00
 0.109679768E+00 0.114610921E+00 0.119547986E+00 0.124483873E+00 0.129410654E+00
 0.134319535E+00 0.139200831E+00 0.144043970E+00 0.148837501E+00 0.153569145E+00
 0.158225859E+00 0.162793941E+00 0.167259163E+00 0.171606947E+00 0.175822558E+00
 0.179891337E+00 0.183798956E+00 0.187531676E+00 0.191076623E+00 0.194422048E+00
 0.197557575E+00 0.200474425E+00 0.203165599E+00 0.205626023E+00 0.207852639E+00
 0.209844448E+00 0.211602497E+00 0.213129814E+00 0.214431290E+00 0.215513520E+00
 0.216384613E+00 0.217053959E+00 0.217531999E+00 0.217829976E+00 0.217959689E+00
 0.217933268E+00 0.217762960E+00-0.138893317E+00-0.144044807E+00-0.149384293E+00
-0.154959200E+00-0.160834409E+00-0.167096327E+00-0.173856744E+00-0.181251973E+00
-0.188574786E+00-0.194200121E+00-0.198430536E+00-0.201132325E+00-0.202345053E+00
-0.202230273E+00-0.200450015E+00-0.198325359E+00-0.196115290E+00-0.193875464E+00
-0.191659950E+00-0.189510952E+00-0.187451251E+00-0.185482178E+00-0.183586965E+00
-0.181736439E+00-0.179894720E+00-0.178023923E+00-0.176087485E+00-0.174052105E+00
-0.171888568E+00-0.169571865E+00-0.167080979E+00-0.164398623E+00-0.161511059E+00
-0.158408110E+00-0.155083392E+00-0.151534772E+00-0.147764999E+00-0.143782392E+00
-0.139601342E+00-0.135242272E+00-0.130730715E+00-0.126095369E+00-0.121365483E+00
-0.116568295E+00-0.111727189E+00-0.106860849E+00-0.101983263E+00-0.971042422E-01
-0.922301694E-01-0.873647743E-01-0.825098580E-01-0.776659367E-01-0.728328226E-01
-0.680101802E-01-0.631981079E-01-0.583977988E-01-0.536122851E-01-0.488470956E-01
-0.441102960E-01-0.394112979E-01-0.347588384E-01-0.301595327E-01-0.256175979E-01
-0.211352207E-01-0.167129956E-01-0.123501972E-01-0.804483429E-02-0.379347178E-02
 0.409179737E-03 0.457084784E-02 0.870215444E-02 0.128162482E-01 0.169270801E-01
 0.210471450E-01 0.251862035E-01 0.293512609E-01 0.335471113E-01 0.377769179E-01
 0.420426607E-01 0.463454463E-01 0.506857137E-01 0.550633671E-01 0.594778582E-01
 0.639282348E-01 0.684131643E-01 0.729309401E-01 0.774794757E-01 0.820562888E-01
 0.866584792E-01 0.912827007E-01 0.959251303E-01 0.100581435E+00 0.105246736E+00
 0.109915579E+00 0.114581900E+00 0.119238998E+00 0.123879518E+00 0.128495436E+00
 0.133078059E+00 0.137618039E+00 0.142105400E+00 0.146529588E+00 0.150879537E+00
 0.155143763E+00 0.159310472E+00 0.163367697E+00 0.167303454E+00 0.171105911E+00
 0.174763574E+00 0.178265476E+00 0.181601376E+00 0.184761938E+00 0.187738912E+00
 0.190525290E+00 0.193115431E+00 0.195505171E+00 0.197691883E+00 0.199674515E+00
 0.201453579E+00 0.203031110E+00 0.204410593E+00 0.205596851E+00 0.206595915E+00
 0.207414872E+00 0.208061694E+00 0.208545069E+00 0.208874225E+00 0.209058759E+00
 0.209108481E+00-0.135615595E+00-0.140761949E+00-0.146126303E+00-0.151755054E+00
-0.157710137E+00-0.164075474E+00-0.170970888E+00-0.178593123E+00-0.186395598E+00
-0.192884665E+00-0.198246629E+00-0.202285797E+00-0.204877696E+00-0.206201694E+00
-0.206103061E+00-0.204645506E+00-0.201925152E+00-0.199044635E+00-0.196316202E+00
-0.193830955E+00-0.191619305E+00-0.189656773E+00-0.187888073E+00-0.186243715E+00
-0.184650982E+00-0.183042100E+00-0.181358812E+00-0.179553335E+00-0.177587180E+00
-0.175429292E+00-0.173054338E+00-0.170441427E+00-0.167573337E+00-0.164436239E+00
-0.161019952E+00-0.157318747E+00-0.153332771E+00-0.149070084E+00-0.144549024E+00
-0.139800049E+00-0.134865353E+00-0.129794649E+00-0.124637809E+00-0.119437875E+00
-0.114227514E+00-0.109028960E+00-0.103855772E+00-0.987149934E-01-0.936090629E-01
-0.885372932E-01-0.834969657E-01-0.784841323E-01-0.734942277E-01-0.685225975E-01
-0.635650619E-01-0.586187117E-01-0.536833548E-01-0.487645046E-01-0.438780398E-01
-0.390479767E-01-0.342927642E-01-0.296212305E-01-0.250367810E-01-0.205403490E-01
-0.161317105E-01-0.118100157E-01-0.757389779E-02-0.342123418E-02 0.651589043E-03
 0.465140977E-02 0.859207925E-02 0.124990998E-01 0.164031120E-01 0.203252438E-01
 0.242763051E-01 0.282615629E-01 0.322835067E-01 0.363431169E-01 0.404404755E-01
 0.445750816E-01 0.487460212E-01 0.529520588E-01 0.571916838E-01 0.614631287E-01
 0.657643709E-01 0.700931225E-01 0.744468127E-01 0.788225659E-01 0.832171758E-01
 0.876270787E-01 0.920483251E-01 0.964765527E-01 0.100906960E+00 0.105334282E+00
 0.109752772E+00 0.114156185E+00 0.118537770E+00 0.122890268E+00 0.127205924E+00
 0.131476504E+00 0.135693328E+00 0.139847322E+00 0.143929070E+00 0.147928901E+00
 0.151836973E+00 0.155643384E+00 0.159338289E+00 0.162912031E+00 0.166355277E+00
 0.169659156E+00 0.172815405E+00 0.175816498E+00 0.178655775E+00 0.181327553E+00
 0.183827219E+00 0.186151307E+00 0.188297541E+00 0.190264865E+00 0.192053438E+00
 0.193664611E+00 0.195100871E+00 0.196365770E+00 0.197463836E+00 0.198400462E+00
 0.199181790E+00 0.199814589E+00 0.200306125E+00 0.200664036E+00 0.200896213E+00
-0.131982275E+00-0.137010368E+00-0.142248072E+00-0.147729383E+00-0.153495504E+00
-0.159594602E+00-0.166077749E+00-0.172978391E+00-0.180255651E+00-0.187615176E+00
-0.194100744E+00-0.199311273E+00-0.203297836E+00-0.206263002E+00-0.207357537E+00
-0.207356063E+00-0.206110760E+00-0.203358725E+00-0.199880374E+00-0.197005743E+00
-0.194780887E+00-0.193050580E+00-0.191676393E+00-0.190511882E+00-0.189415532E+00
-0.188274156E+00-0.187007688E+00-0.185560693E+00-0.183893331E+00-0.181975154E+00
-0.179781283E+00-0.177290112E+00-0.174482034E+00-0.171338884E+00-0.167844055E+00
-0.163983395E+00-0.159747242E+00-0.155134276E+00-0.150158240E+00-0.144858261E+00
-0.139308821E+00-0.133613396E+00-0.127872300E+00-0.122155576E+00-0.116501929E+00
-0.110928605E+00-0.105440073E+00-0.100033553E+00-0.947022671E-01-0.894373092E-01
-0.842286991E-01-0.790659626E-01-0.739384311E-01-0.688353662E-01-0.637459652E-01
-0.586592353E-01-0.535635717E-01-0.484449724E-01-0.432751860E-01-0.382837588E-01
-0.333967023E-01-0.286309731E-01-0.240321008E-01-0.195174406E-01-0.151111404E-01
-0.108657394E-01-0.669964859E-02-0.264097543E-02 0.125106932E-02 0.505609224E-02
 0.873708320E-02 0.122715646E-01 0.159036196E-01 0.195966478E-01 0.233443514E-01
 0.271426383E-01 0.309881499E-01 0.348778860E-01 0.388090631E-01 0.427790373E-01
 0.467852492E-01 0.508251754E-01 0.548962837E-01 0.589959895E-01 0.631216153E-01
 0.672703514E-01 0.714392184E-01 0.756250329E-01 0.798243739E-01 0.840335529E-01
 0.882485853E-01 0.924651655E-01 0.966786450E-01 0.100884014E+00 0.105075889E+00
 0.109248503E+00 0.113395704E+00 0.117510962E+00 0.121587379E+00 0.125617716E+00
 0.129594419E+00 0.133509667E+00 0.137355423E+00 0.141123498E+00 0.144805626E+00
 0.148393545E+00 0.151879094E+00 0.155254308E+00 0.158511523E+00 0.161643476E+00
 0.164643414E+00 0.167505187E+00 0.170223346E+00 0.172793219E+00 0.175210979E+00
 0.177473704E+00 0.179579408E+00 0.181527061E+00 0.183316592E+00 0.184948870E+00
 0.186425669E+00 0.187749620E+00 0.188924145E+00 0.189953380E+00 0.190842094E+00
 0.191595598E+00 0.192219652E+00 0.192720370E+00 0.193104128E+00-0.127986752E+00
-0.132806819E+00-0.137806178E+00-0.143003815E+00-0.148419155E+00-0.154069323E+00
-0.159964226E+00-0.166099613E+00-0.172451861E+00-0.178980885E+00-0.185638459E+00
-0.192174792E+00-0.197441219E+00-0.201506294E+00-0.204179050E+00-0.205484361E+00
-0.205325896E+00-0.203561971E+00-0.200468477E+00-0.197867000E+00-0.196116926E+00
-0.195097723E+00-0.194674108E+00-0.194545864E+00-0.194345136E+00-0.193935419E+00
-0.193263670E+00-0.192300867E+00-0.191026773E+00-0.189424193E+00-0.187476262E+00
-0.185164962E+00-0.182470228E+00-0.179369354E+00-0.175836626E+00-0.171843233E+00
-0.167357745E+00-0.162347878E+00-0.156785631E+00-0.150663553E+00-0.144064101E+00
-0.137344095E+00-0.130782103E+00-0.124431965E+00-0.118290116E+00-0.112337837E+00
-0.106552349E+00-0.100910610E+00-0.953906704E-01-0.899720548E-01-0.846356984E-01
-0.793636863E-01-0.741388793E-01-0.689444518E-01-0.637633073E-01-0.585772637E-01
-0.533658014E-01-0.481041849E-01-0.427811879E-01-0.376469914E-01-0.326777635E-01
-0.278745364E-01-0.232466222E-01-0.187449819E-01-0.143843360E-01-0.101855260E-01
-0.610741951E-02-0.217371556E-02 0.158411605E-02 0.519660742E-02 0.862422034E-02
 0.119009165E-01 0.152909509E-01 0.187730601E-01 0.223314433E-01 0.259548441E-01
 0.296348531E-01 0.333648628E-01 0.371394587E-01 0.409540417E-01 0.448045770E-01
 0.486874138E-01 0.525991510E-01 0.565365325E-01 0.604963630E-01 0.644754402E-01
 0.684704972E-01 0.724781554E-01 0.764948834E-01 0.805169625E-01 0.845404573E-01
 0.885611917E-01 0.925747287E-01 0.965763562E-01 0.100561077E+00 0.104523603E+00
 0.108458360E+00 0.112359493E+00 0.116220879E+00 0.120036155E+00 0.123798738E+00
 0.127501873E+00 0.131138668E+00 0.134702155E+00 0.138185344E+00 0.141581292E+00
 0.144883173E+00 0.148084356E+00 0.151178479E+00 0.154159531E+00 0.157021928E+00
 0.159760586E+00 0.162370986E+00 0.164849240E+00 0.167192136E+00 0.169397182E+00
 0.171462632E+00 0.173387499E+00 0.175171563E+00 0.176815354E+00 0.178320130E+00
 0.179687844E+00 0.180921096E+00 0.182023081E+00 0.182997525E+00 0.183848625E+00
 0.184580971E+00 0.185199485E+00 0.185709345E+00-0.123685076E+00-0.128240676E+00
-0.132938917E+00-0.137787684E+00-0.142793017E+00-0.147957385E+00-0.153277612E+00
-0.158742976E+00-0.164334364E+00-0.170025175E+00-0.175783678E+00-0.181575706E+00
-0.187370800E+00-0.192880734E+00-0.196749927E+00-0.199289530E+00-0.200329668E+00
-0.199613347E+00-0.197415631E+00-0.195663646E+00-0.194815507E+00-0.194886507E+00
-0.195967181E+00-0.197579206E+00-0.198551535E+00-0.199011702E+00-0.199019553E+00
-0.198604988E+00-0.197781116E+00-0.196548880E+00-0.194898993E+00-0.192814268E+00
-0.190273738E+00-0.187254399E+00-0.183727240E+00-0.179652149E+00-0.174974299E+00
-0.169619864E+00-0.163487809E+00-0.156430643E+00-0.148203710E+00-0.140101353E+00
-0.132676724E+00-0.125748157E+00-0.119203760E+00-0.112964916E+00-0.106972327E+00
-0.101179387E+00-0.955483191E-01-0.900476214E-01-0.846502489E-01-0.793322409E-01
-0.740716174E-01-0.688474310E-01-0.636389010E-01-0.584246034E-01-0.531817720E-01
-0.478859192E-01-0.425375049E-01-0.373740057E-01-0.323990588E-01-0.276084381E-01
-0.229992696E-01-0.185406282E-01-0.142394613E-01-0.101041948E-01-0.611389340E-02
-0.228620936E-02 0.135896253E-02 0.483142597E-02 0.810123862E-02 0.112237979E-01
 0.144516740E-01 0.177768876E-01 0.211846373E-01 0.246625032E-01 0.282003248E-01
 0.317898230E-01 0.354241865E-01 0.390977093E-01 0.428054979E-01 0.465432423E-01
 0.503070389E-01 0.540932532E-01 0.578984118E-01 0.617191181E-01 0.655519848E-01
 0.693935785E-01 0.732403764E-01 0.770887297E-01 0.809348348E-01 0.847747103E-01
 0.886041794E-01 0.924188577E-01 0.962141458E-01 0.999852276E-01 0.103727073E+00
 0.107434446E+00 0.111101922E+00 0.114723903E+00 0.118294649E+00 0.121808303E+00
 0.125258937E+00 0.128640588E+00 0.131947310E+00 0.135173226E+00 0.138312583E+00
 0.141359809E+00 0.144309576E+00 0.147156857E+00 0.149896987E+00 0.152525714E+00
 0.155039251E+00 0.157434326E+00 0.159708212E+00 0.161858763E+00 0.163884434E+00
 0.165784292E+00 0.167558019E+00 0.169205905E+00 0.170728833E+00 0.172128252E+00
 0.173406147E+00 0.174564996E+00 0.175607731E+00 0.176537683E+00 0.177358535E+00
 0.178074266E+00 0.178689100E+00-0.119159582E+00-0.123423321E+00-0.127794985E+00
-0.132275543E+00-0.136863744E+00-0.141555186E+00-0.146341374E+00-0.151208955E+00
-0.156139321E+00-0.161108655E+00-0.166088290E+00-0.171045069E+00-0.175941351E+00
-0.180734461E+00-0.185394882E+00-0.189292850E+00-0.191661496E+00-0.192091352E+00
-0.191004636E+00-0.190249575E+00-0.190327273E+00-0.191299094E+00-0.193285243E+00
-0.195752437E+00-0.197441219E+00-0.198474731E+00-0.198943227E+00-0.198905279E+00
-0.198394663E+00-0.197426186E+00-0.195999570E+00-0.194103155E+00-0.191718571E+00
-0.188822590E+00-0.185383101E+00-0.181353363E+00-0.176666878E+00-0.171230934E+00
-0.164917062E+00-0.157549332E+00-0.148898246E+00-0.140382201E+00-0.132650807E+00
-0.125519803E+00-0.118849385E+00-0.112536866E+00-0.106506286E+00-0.100700087E+00
-0.950733247E-01-0.895897507E-01-0.842191242E-01-0.789352973E-01-0.737147711E-01
-0.685355327E-01-0.633760485E-01-0.582143608E-01-0.530273237E-01-0.477901762E-01
-0.425027015E-01-0.374035848E-01-0.324949271E-01-0.277729888E-01-0.232355735E-01
-0.188505547E-01-0.146254528E-01-0.105694601E-01-0.666044463E-02-0.291666537E-02
 0.641160503E-03 0.402404420E-02 0.720140014E-02 0.102276456E-01 0.133565586E-01
 0.165795140E-01 0.198816123E-01 0.232503468E-01 0.266754785E-01 0.301486563E-01
 0.336630038E-01 0.372127583E-01 0.407929797E-01 0.443993241E-01 0.480278692E-01
 0.516749789E-01 0.553371995E-01 0.590111774E-01 0.626935946E-01 0.663811176E-01
 0.700703564E-01 0.737578320E-01 0.774399511E-01 0.811129857E-01 0.847730598E-01
 0.884161392E-01 0.920380270E-01 0.956343635E-01 0.992006306E-01 0.102732160E+00
 0.106224149E+00 0.109671674E+00 0.113069719E+00 0.116413197E+00 0.119696988E+00
 0.122915966E+00 0.126065045E+00 0.129139216E+00 0.132133596E+00 0.135043467E+00
 0.137864327E+00 0.140591935E+00 0.143222356E+00 0.145751998E+00 0.148177658E+00
 0.150496551E+00 0.152706342E+00 0.154805166E+00 0.156791648E+00 0.158664911E+00
 0.160424579E+00 0.162070771E+00 0.163604093E+00 0.165025618E+00 0.166336863E+00
 0.167539761E+00 0.168636626E+00 0.169630119E+00 0.170523208E+00 0.171319126E+00
 0.172021333E+00
 0.117692106E+01 0.118234094E+01 0.118743978E+01 0.119371116E+01 0.120019760E+01
 0.120682218E+01 0.121504668E+01 0.122125823E+01 0.122820513E+01 0.123482735E+01
 0.124183658E+01 0.124830823E+01 0.125570460E+01 0.126238314E+01 0.126954470E+01
 0.127649490E+01 0.128393420E+01 0.129115533E+01 0.129836110E+01 0.130561994E+01
 0.131317415E+01 0.132070579E+01 0.132824675E+01 0.133590013E+01 0.134357045E+01
 0.135134947E+01 0.135941008E+01 0.136729680E+01 0.137535417E+01 0.138338661E+01
 0.139165499E+01 0.140006042E+01 0.140849900E+01 0.141692138E+01 0.142555937E+01
 0.143423092E+01 0.144305922E+01 0.145204084E+01 0.146109996E+01 0.147022528E+01
 0.147948630E+01 0.148882228E+01 0.149837426E+01 0.150807933E+01 0.151784158E+01
 0.152773291E+01 0.153775217E+01 0.154794577E+01 0.155827296E+01 0.156878107E+01
 0.157943262E+01 0.159022859E+01 0.160118793E+01 0.161229247E+01 0.162357125E+01
 0.163506526E+01 0.164674685E+01 0.165861521E+01 0.167066619E+01 0.168287713E+01
 0.169531970E+01 0.170797524E+01 0.172088821E+01 0.173401901E+01 0.174736416E+01
 0.176094350E+01 0.177477264E+01 0.178887464E+01 0.180322864E+01 0.181788538E+01
 0.183283591E+01 0.184805282E+01 0.186358612E+01 0.187944510E+01 0.189562850E+01
 0.191214459E+01 0.192905582E+01 0.194631854E+01 0.196394876E+01 0.198200937E+01
 0.200048928E+01 0.201936254E+01 0.203874113E+01 0.205858656E+01 0.207891110E+01
 0.209976681E+01 0.212119456E+01 0.214313574E+01 0.216569436E+01 0.218890909E+01
 0.221276123E+01 0.223730130E+01 0.226264256E+01 0.228868106E+01 0.231555032E+01
 0.234330879E+01 0.237196513E+01 0.240160101E+01 0.243237054E+01 0.246414156E+01
 0.249712175E+01 0.253137674E+01 0.256693027E+01 0.260410031E+01 0.264284100E+01
 0.268319719E+01 0.272553760E+01 0.276984230E+01 0.281648294E+01 0.286581064E+01
 0.291770896E+01 0.297293282E+01 0.303144903E+01 0.309426518E+01 0.316175843E+01
 0.323414235E+01 0.331285626E+01 0.339864542E+01 0.349382582E+01 0.359886709E+01
 0.371741784E+01 0.385324038E+01 0.401160282E+01 0.420088782E+01 0.443416181E+01
 0.473730921E+01 0.516308886E+01 0.590231802E+01 0.106556445E+02
   85    6
 0.125907714E+01 0.000000000E+00 0.126045483E+01 0.750000000E-01 0.126452826E+01
 0.150000000E+00 0.126857013E+01 0.200000000E+00 0.127675262E+01 0.275000000E+00
 0.128330712E+01 0.325000000E+00 0.129156250E+01 0.380162943E+00 0.130325175E+01
 0.450000000E+00 0.131233116E+01 0.500000000E+00 0.132194592E+01 0.550000000E+00
 0.133198527E+01 0.600000000E+00 0.134468750E+01 0.662175427E+00 0.135931172E+01
 0.727930902E+00 0.137297644E+01 0.725000000E+00 0.141109375E+01 0.718486557E+00
 0.145093750E+01 0.708890723E+00 0.148182408E+01 0.700000000E+00 0.151734375E+01
 0.689683382E+00 0.155718750E+01 0.675708347E+00 0.158375000E+01 0.665782476E+00
 0.162076884E+01 0.650000000E+00 0.165015625E+01 0.636928661E+00 0.167671875E+01
 0.623703033E+00 0.171656250E+01 0.602687846E+00 0.174312500E+01 0.587522444E+00
 0.176968750E+01 0.571170067E+00 0.180190288E+01 0.550000000E+00 0.183609375E+01
 0.525913160E+00 0.186265625E+01 0.505666936E+00 0.188921875E+01 0.483919121E+00
 0.191578125E+01 0.460545599E+00 0.194234375E+01 0.435326255E+00 0.196890625E+01
 0.407921359E+00 0.199546875E+01 0.377815586E+00 0.201759650E+01 0.350000000E+00
 0.203588611E+01 0.325000000E+00 0.206187500E+01 0.284552873E+00 0.208112003E+01
 0.250000000E+00 0.210171875E+01 0.205841397E+00 0.211500000E+01 0.170957108E+00
 0.212896203E+01 0.125000000E+00 0.214156250E+01 0.549847283E-01 0.214473365E+01
 0.000000000E+00 0.214156250E+01-0.543665961E-01 0.212879038E+01-0.125000000E+00
 0.211500000E+01-0.170334675E+00 0.210171875E+01-0.205309436E+00 0.208089388E+01
-0.250000000E+00 0.206187500E+01-0.284218158E+00 0.203575357E+01-0.325000000E+00
 0.201753128E+01-0.350000000E+00 0.199546875E+01-0.377859623E+00 0.196890625E+01
-0.408123757E+00 0.194234375E+01-0.435688550E+00 0.191578125E+01-0.461069932E+00
 0.188921875E+01-0.484608551E+00 0.186265625E+01-0.506525168E+00 0.183609375E+01
-0.526945478E+00 0.180365891E+01-0.550000000E+00 0.176968750E+01-0.572547756E+00
 0.174312500E+01-0.589082172E+00 0.171656250E+01-0.604460020E+00 0.167807184E+01
-0.625000000E+00 0.165015625E+01-0.639039110E+00 0.162359375E+01-0.651131362E+00
 0.158375000E+01-0.668044529E+00 0.155718750E+01-0.678154784E+00 0.151734375E+01
-0.692035393E+00 0.149035489E+01-0.700000000E+00 0.145093750E+01-0.711240440E+00
 0.141109375E+01-0.720311051E+00 0.136027548E+01-0.731720898E+00 0.134939860E+01
-0.675000000E+00 0.133806551E+01-0.625000000E+00 0.132748681E+01-0.575000000E+00
 0.131747836E+01-0.525000000E+00 0.130484375E+01-0.458078708E+00 0.129489645E+01
-0.400000000E+00 0.128707354E+01-0.350000000E+00 0.127828125E+01-0.286606058E+00
 0.127110456E+01-0.225000000E+00 0.126500000E+01-0.155734490E+00 0.126155319E+01
-0.100000000E+00 0.125923592E+01-0.250000000E-01 0.125907714E+01 0.000000000E+00
 0.219119676E+01 0.782235570E+00 0.120880324E+01 0.782235570E+00 0.120880324E+01
-0.782235570E+00 0.219119676E+01-0.782235570E+00 0.219119676E+01 0.782235570E+00
 0.219119676E+01 0.782235570E+00
    0 0.170000005E+01    0
 0.000000000E+00 0.665189181E-01 0.943490945E-01 0.115784859E+00 0.133938680E+00
 0.150001515E+00 0.163760694E+00 0.177183230E+00 0.189870155E+00 0.201860557E+00
 0.213101837E+00 0.223913937E+00 0.234353686E+00 0.244311302E+00 0.253935193E+00
 0.263261337E+00 0.272372902E+00 0.281233933E+00 0.289788983E+00 0.298185516E+00
 0.306436238E+00 0.314520498E+00 0.322403743E+00 0.330134472E+00 0.337750511E+00
 0.345250532E+00 0.352656161E+00 0.359920348E+00 0.367058839E+00 0.374133877E+00
 0.381112527E+00 0.388012097E+00 0.394843034E+00 0.401582374E+00 0.408230354E+00
 0.414827729E+00 0.421362966E+00 0.427856708E+00 0.434286083E+00 0.440640542E+00
 0.446941221E+00 0.453208390E+00 0.459423090E+00 0.465606682E+00 0.471759026E+00
 0.477840804E+00 0.483884348E+00 0.489902456E+00 0.495894748E+00 0.501850515E+00
 0.507787876E+00 0.513679472E+00 0.519538343E+00 0.525383722E+00 0.531203978E+00
 0.536992680E+00 0.542776892E+00 0.548543015E+00 0.554267441E+00 0.559982168E+00
 0.565687427E+00 0.571376767E+00 0.577045632E+00 0.582714668E+00 0.588364555E+00
 0.593993307E+00 0.599629722E+00 0.605247224E+00 0.610853689E+00 0.616462954E+00
 0.622073986E+00 0.627665559E+00 0.633256413E+00 0.638853070E+00 0.644439413E+00
 0.650025365E+00 0.655622628E+00 0.661216809E+00 0.666802431E+00 0.672409047E+00
 0.678017077E+00 0.683617974E+00 0.689239312E+00 0.694867969E+00 0.700498261E+00
 0.706143366E+00 0.711809573E+00 0.717472148E+00 0.723155822E+00 0.728857592E+00
 0.734572195E+00 0.740301742E+00 0.746066924E+00 0.751836532E+00 0.757630658E+00
 0.763453033E+00 0.769297482E+00 0.775167427E+00 0.781083202E+00 0.787012626E+00
 0.792979057E+00 0.798982707E+00 0.805013180E+00 0.811102578E+00 0.817233015E+00
 0.823395979E+00 0.829618673E+00 0.835882669E+00 0.842205081E+00 0.848607104E+00
 0.855050110E+00 0.861578610E+00 0.868162190E+00 0.874847453E+00 0.881627497E+00
 0.888482304E+00 0.895456131E+00 0.902538742E+00 0.909788089E+00 0.917153011E+00
 0.924693238E+00 0.932443444E+00 0.940425559E+00 0.948683715E+00 0.957286079E+00
 0.966340457E+00 0.975978540E+00 0.986653852E+00 0.100000000E+01
    0
 &OUT1
 ISHOT =            1
 ITIME =            1
 BETAP0 =   0.5000000000000000     
 RZERO =    1.700000000000000     
 QENP =   0.9499999880790710     
 ENP =    1.000000000000000     
 EMP =    1.000000000000000     
 PLASMA =    627927.2358394867     
 EXPMP2 =   0.3010042834194708        0.3040124425997547      
   0.2893830622711522       -0.1030859754281045       -0.1634581881463419      
  -0.1535904708646592       -0.1388562624429814       -3.1897307363249278E-002 
   0.1169519333076420        0.2171975104106430        0.3124220392968990      
   0.2280763080092205        0.2033388221435422        0.1813487192130908      
   0.1714903340417399        0.3047905903392635        0.2911440849653630      
  -9.9447405872087141E-002  -0.1617660790990972       -0.1521494935811602      
  -0.1328181403544972       -5.6750094008780817E-002  -1.8999245573042320E-002 
   0.1407574732748089        0.2781859157721131        0.3093783839316261      
   0.2312864290732542        0.2067563132251581        0.1804879836265128      
  -0.1459615311898082       -8.4506498136082478E-002  -1.9660864134848674E-002 
   0.1171271603965519        0.1448343438384305        0.2343966175878181      
   0.2883127655832998        0.2229007678028110        0.1989742905854134      
   0.1814477121300907        0.1696944424381049        0.1815261980795425      
   0.2041569684281935        0.2307168875520450        0.2947977164135291      
   0.2732524116578393        0.1413421265316016       -1.8840030550365500E-002 
  -5.1621030659545493E-002  -0.1307755568276093       -0.1513634818461010      
  -0.1597215237215633       -9.3186978418832916E-002   0.2895315037849223      
   0.3044419139727342        0.3006385175112848        0.3036218635013899      
   0.2905451406788562       -9.0359341096438603E-002  -0.1599153799294617      
  -0.1594026757962781        8.7793811002669836E-002   0.1007995353696054      
   2.6430821534630611E-002   3.3405497190863720E-002  -0.1637416174936746      
  -0.1449405651911868       -0.1930998613782298       -0.2287597783430569      
  -0.1787822957525733       -0.1136523976160360       -0.1313925659434005      
   5.2370531537462593E-002  -0.1253581622238588       -3.7709019514154458E-002 
  -2.0596358308190805E-002  -1.0737945228784417E-002
 COILS =  -4.0795161368098860E-002  -2.1823639583393704E-002 
   0.1121757836459581        0.1764705785659111        0.1943912749964221      
  -0.1487293828744673       -0.3143610099547149        0.1857477983055129      
   1.6004617421145166E-002  -4.0994620013535599E-002  -2.1506985120326165E-002 
   0.1131240287944641        0.1746080514486975        0.1908815673521375      
  -0.1498279653266943       -0.3160300042806816        0.1821901181720337      
   2.4145807520841993E-002  -3.1786081166809733E-002  -2.7514334376902403E-002 
   4.8855419060479258E-002   0.1470534718704744        0.1729262465960221      
   0.1832869829001831        1.4284653339464647E-002  -0.2565947590684833      
  -0.2459298800058086       -0.1837648290794704       -0.1480932149375606      
  -2.7451902508866595E-002   4.7391730881504585E-002   0.1457089669693485      
   0.1707362067168696        0.1787842953157093       -3.1076048814141059E-002 
  -0.2572027047827154       -0.2410062601392987       -0.1853784229436574      
  -0.1487961286907281        0.1242831569397263        5.9928467580698155E-002 
   0.1033355189716492        4.7207683088792203E-002  -1.0600841906481686E-002
 BTOR =    2.000000000000000     
 RCENTR =    1.700000000000000     
 BRSP =   -132531.9631347656        -208790.1387939453      
    174729.2170410156         251212.2468872070         192350.3529663086      
   -77654.78960418701        -320899.8359222412         168133.8967285156      
   -20384.02947998047        -133988.3453979492        -207992.7323608398      
    181765.9238281250         245545.5696411133         183342.5894775391      
   -77753.16907501221        -325437.5983963013         160786.8540649414      
   -7198.007751464844         0.000000000000000         0.000000000000000      
    0.000000000000000         0.000000000000000         0.000000000000000      
    0.000000000000000         0.000000000000000         0.000000000000000      
    0.000000000000000         0.000000000000000         0.000000000000000      
    0.000000000000000         0.000000000000000         0.000000000000000      
    0.000000000000000         0.000000000000000         0.000000000000000      
    0.000000000000000         0.000000000000000         0.000000000000000      
    0.000000000000000         0.000000000000000         0.000000000000000      
    0.000000000000000         0.000000000000000         0.000000000000000      
    0.000000000000000         0.000000000000000         0.000000000000000      
    0.000000000000000         0.000000000000000         0.000000000000000      
    0.000000000000000         0.000000000000000         0.000000000000000      
    0.000000000000000         0.000000000000000         0.000000000000000      
    0.000000000000000         0.000000000000000         0.000000000000000      
    0.000000000000000         0.000000000000000         0.000000000000000      
    0.000000000000000         0.000000000000000         0.000000000000000      
    0.000000000000000         0.000000000000000         0.000000000000000      
    0.000000000000000         0.000000000000000         0.000000000000000      
    0.000000000000000         0.000000000000000         0.000000000000000      
    0.000000000000000         0.000000000000000         0.000000000000000      
    0.000000000000000         0.000000000000000         0.000000000000000      
    0.000000000000000         0.000000000000000         0.000000000000000      
    0.000000000000000         0.000000000000000         0.000000000000000      
    0.000000000000000         0.000000000000000         0.000000000000000      
    0.000000000000000         0.000000000000000         0.000000000000000      
    0.000000000000000         0.000000000000000         0.000000000000000      
    0.000000000000000         0.000000000000000         0.000000000000000      
    0.000000000000000         0.000000000000000         0.000000000000000      
    0.000000000000000         0.000000000000000         0.000000000000000      
    0.000000000000000         0.000000000000000         0.000000000000000      
    0.000000000000000         0.000000000000000         0.000000000000000      
    0.000000000000000         0.000000000000000         0.000000000000000      
    0.000000000000000         0.000000000000000         0.000000000000000      
    0.000000000000000         0.000000000000000         0.000000000000000      
    0.000000000000000         0.000000000000000         0.000000000000000      
    0.000000000000000         0.000000000000000         0.000000000000000      
    0.000000000000000         0.000000000000000         0.000000000000000      
    0.000000000000000         0.000000000000000         0.000000000000000      
    0.000000000000000         0.000000000000000         0.000000000000000      
    0.000000000000000         0.000000000000000         0.000000000000000      
    0.000000000000000         0.000000000000000         0.000000000000000      
    0.000000000000000         0.000000000000000         0.000000000000000      
    0.000000000000000         0.000000000000000         0.000000000000000      
    0.000000000000000         0.000000000000000         0.000000000000000      
    0.000000000000000         0.000000000000000         0.000000000000000      
    0.000000000000000         0.000000000000000         0.000000000000000      
    0.000000000000000         0.000000000000000         0.000000000000000      
    0.000000000000000         0.000000000000000         0.000000000000000      
    0.000000000000000         0.000000000000000         0.000000000000000      
    0.000000000000000         0.000000000000000         0.000000000000000      
    0.000000000000000         0.000000000000000         0.000000000000000      
    0.000000000000000         0.000000000000000         0.000000000000000      
    0.000000000000000         0.000000000000000         0.000000000000000      
    0.000000000000000         0.000000000000000         0.000000000000000      
    0.000000000000000         0.000000000000000         0.000000000000000      
    0.000000000000000         0.000000000000000         0.000000000000000      
    0.000000000000000         0.000000000000000         0.000000000000000      
    0.000000000000000         0.000000000000000         0.000000000000000      
    0.000000000000000         0.000000000000000         0.000000000000000      
    0.000000000000000         0.000000000000000         0.000000000000000      
    0.000000000000000         0.000000000000000         0.000000000000000      
    0.000000000000000         0.000000000000000         0.000000000000000      
    0.000000000000000         0.000000000000000         0.000000000000000      
    0.000000000000000         0.000000000000000         0.000000000000000      
    0.000000000000000         0.000000000000000         0.000000000000000      
    0.000000000000000         0.000000000000000         0.000000000000000      
    0.000000000000000         0.000000000000000         0.000000000000000      
    0.000000000000000         0.000000000000000         0.000000000000000      
    0.000000000000000         0.000000000000000         0.000000000000000      
    0.000000000000000         0.000000000000000         0.000000000000000      
    0.000000000000000         0.000000000000000         0.000000000000000      
    0.000000000000000         0.000000000000000         0.000000000000000      
    0.000000000000000         0.000000000000000         0.000000000000000      
    0.000000000000000         0.000000000000000         0.000000000000000      
    0.000000000000000         0.000000000000000         0.000000000000000      
    0.000000000000000         0.000000000000000         0.000000000000000      
    0.000000000000000         0.000000000000000         0.000000000000000      
    0.000000000000000         0.000000000000000         0.000000000000000      
    0.000000000000000         0.000000000000000         0.000000000000000      
    0.000000000000000         0.000000000000000         0.000000000000000      
    0.000000000000000         0.000000000000000         0.000000000000000      
    0.000000000000000         0.000000000000000         0.000000000000000      
    0.000000000000000         0.000000000000000         0.000000000000000      
    0.000000000000000         0.000000000000000         0.000000000000000      
    0.000000000000000         0.000000000000000         0.000000000000000      
    0.000000000000000         0.000000000000000         0.000000000000000      
    0.000000000000000         0.000000000000000         0.000000000000000      
    0.000000000000000         0.000000000000000         0.000000000000000      
    0.000000000000000         0.000000000000000         0.000000000000000      
    0.000000000000000         0.000000000000000         0.000000000000000      
    0.000000000000000         0.000000000000000         0.000000000000000      
    0.000000000000000         0.000000000000000         0.000000000000000      
    0.000000000000000         0.000000000000000         0.000000000000000      
    0.000000000000000         0.000000000000000         0.000000000000000      
    0.000000000000000         0.000000000000000         0.000000000000000      
    0.000000000000000         0.000000000000000         0.000000000000000      
    0.000000000000000         0.000000000000000         0.000000000000000      
    0.000000000000000         0.000000000000000         0.000000000000000      
    0.000000000000000         0.000000000000000         0.000000000000000      
    0.000000000000000         0.000000000000000         0.000000000000000      
    0.000000000000000         0.000000000000000         0.000000000000000      
    0.000000000000000         0.000000000000000         0.000000000000000      
    0.000000000000000         0.000000000000000         0.000000000000000      
    0.000000000000000         0.000000000000000         0.000000000000000      
    0.000000000000000         0.000000000000000         0.000000000000000      
    0.000000000000000         0.000000000000000         0.000000000000000      
    0.000000000000000         0.000000000000000         0.000000000000000      
    0.000000000000000         0.000000000000000         0.000000000000000      
    0.000000000000000         0.000000000000000         0.000000000000000      
    0.000000000000000         0.000000000000000         0.000000000000000      
    0.000000000000000         0.000000000000000         0.000000000000000      
    0.000000000000000         0.000000000000000         0.000000000000000      
    0.000000000000000         0.000000000000000         0.000000000000000      
    0.000000000000000         0.000000000000000         0.000000000000000      
    0.000000000000000         0.000000000000000         0.000000000000000      
    0.000000000000000         0.000000000000000         0.000000000000000      
    0.000000000000000         0.000000000000000         0.000000000000000      
    0.000000000000000         0.000000000000000         0.000000000000000      
    0.000000000000000         0.000000000000000         0.000000000000000      
    0.000000000000000         0.000000000000000         0.000000000000000      
    0.000000000000000         0.000000000000000         0.000000000000000      
    0.000000000000000         0.000000000000000         0.000000000000000      
    0.000000000000000         0.000000000000000         0.000000000000000      
    0.000000000000000         0.000000000000000         0.000000000000000      
    0.000000000000000         0.000000000000000         0.000000000000000      
    0.000000000000000         0.000000000000000         0.000000000000000      
    0.000000000000000         0.000000000000000         0.000000000000000      
    0.000000000000000         0.000000000000000         0.000000000000000      
    0.000000000000000         0.000000000000000         0.000000000000000      
    0.000000000000000         0.000000000000000         0.000000000000000      
    0.000000000000000         0.000000000000000         0.000000000000000      
    0.000000000000000         0.000000000000000         0.000000000000000      
    0.000000000000000         0.000000000000000         0.000000000000000      
    0.000000000000000         0.000000000000000         0.000000000000000      
    0.000000000000000         0.000000000000000         0.000000000000000      
    0.000000000000000         0.000000000000000         0.000000000000000      
    0.000000000000000         0.000000000000000         0.000000000000000      
    0.000000000000000         0.000000000000000         0.000000000000000      
    0.000000000000000         0.000000000000000         0.000000000000000      
    0.000000000000000         0.000000000000000         0.000000000000000      
    0.000000000000000         0.000000000000000         0.000000000000000      
    0.000000000000000         0.000000000000000         0.000000000000000      
    0.000000000000000         0.000000000000000         0.000000000000000      
    0.000000000000000         0.000000000000000         0.000000000000000      
    0.000000000000000         0.000000000000000         0.000000000000000      
    0.000000000000000         0.000000000000000         0.000000000000000      
    0.000000000000000         0.000000000000000         0.000000000000000      
    0.000000000000000         0.000000000000000         0.000000000000000      
    0.000000000000000         0.000000000000000         0.000000000000000      
    0.000000000000000         0.000000000000000         0.000000000000000      
    0.000000000000000         0.000000000000000         0.000000000000000      
    0.000000000000000         0.000000000000000         0.000000000000000      
    0.000000000000000         0.000000000000000         0.000000000000000      
    0.000000000000000         0.000000000000000         0.000000000000000      
    0.000000000000000         0.000000000000000         0.000000000000000      
    0.000000000000000         0.000000000000000         0.000000000000000      
    0.000000000000000         0.000000000000000         0.000000000000000      
    0.000000000000000         0.000000000000000         0.000000000000000      
    0.000000000000000         0.000000000000000         0.000000000000000      
    0.000000000000000         0.000000000000000         0.000000000000000      
    0.000000000000000         0.000000000000000         0.000000000000000      
    0.000000000000000         0.000000000000000         0.000000000000000      
    0.000000000000000         0.000000000000000         0.000000000000000      
    0.000000000000000         0.000000000000000         0.000000000000000      
    0.000000000000000         0.000000000000000         0.000000000000000      
    0.000000000000000         0.000000000000000         0.000000000000000      
    0.000000000000000         0.000000000000000         0.000000000000000      
    0.000000000000000         0.000000000000000         0.000000000000000      
    0.000000000000000         0.000000000000000         0.000000000000000      
    0.000000000000000         0.000000000000000         0.000000000000000      
    0.000000000000000         0.000000000000000         0.000000000000000      
    0.000000000000000         0.000000000000000         0.000000000000000      
    0.000000000000000         0.000000000000000         0.000000000000000      
    0.000000000000000         0.000000000000000         0.000000000000000      
    0.000000000000000         0.000000000000000         0.000000000000000      
    0.000000000000000         0.000000000000000         0.000000000000000      
    0.000000000000000         0.000000000000000         0.000000000000000      
    0.000000000000000         0.000000000000000         0.000000000000000      
    0.000000000000000         0.000000000000000         0.000000000000000      
    0.000000000000000         0.000000000000000         0.000000000000000      
    0.000000000000000         0.000000000000000         0.000000000000000      
    0.000000000000000         0.000000000000000         0.000000000000000      
    0.000000000000000         0.000000000000000         0.000000000000000      
    0.000000000000000         0.000000000000000         0.000000000000000      
    0.000000000000000         0.000000000000000         0.000000000000000      
    0.000000000000000         0.000000000000000         0.000000000000000      
    0.000000000000000         0.000000000000000         0.000000000000000      
    0.000000000000000         0.000000000000000         0.000000000000000      
    0.000000000000000         0.000000000000000         0.000000000000000      
    0.000000000000000         0.000000000000000         0.000000000000000      
    0.000000000000000         0.000000000000000         0.000000000000000      
    0.000000000000000         0.000000000000000         0.000000000000000      
    0.000000000000000         0.000000000000000         0.000000000000000      
    0.000000000000000         0.000000000000000         0.000000000000000      
    0.000000000000000         0.000000000000000         0.000000000000000      
    0.000000000000000         0.000000000000000         0.000000000000000      
    0.000000000000000         0.000000000000000         0.000000000000000      
    0.000000000000000         0.000000000000000         0.000000000000000     
 ICURRT =            2
 RBDRY =    1.259077138989522         1.260454832864482      
    1.264528260829529         1.268570127811826         1.276752619874568      
    1.283307115894326         1.291562500000000         1.303251751163129      
    1.312331160788430         1.321945917208002         1.331985272538967      
    1.344687500000000         1.359311716051225         1.372976444818245      
    1.411093750000000         1.450937500000000         1.481824075863966      
    1.517343750000000         1.557187500000000         1.583750000000000      
    1.620768835629173         1.650156250000000         1.676718750000000      
    1.716562500000000         1.743125000000000         1.769687500000000      
    1.801902880904458         1.836093750000000         1.862656250000000      
    1.889218750000000         1.915781250000000         1.942343750000000      
    1.968906250000000         1.995468750000000         2.017596497238187      
    2.035886105129609         2.061875000000000         2.081120026269096      
    2.101718750000000         2.115000000000000         2.128962033335819      
    2.141562500000000         2.144733649693244         2.141562500000000      
    2.128790383801801         2.115000000000000         2.101718750000000      
    2.080893876537990         2.061875000000000         2.035753572409061      
    2.017531278435342         1.995468750000000         1.968906250000000      
    1.942343750000000         1.915781250000000         1.889218750000000      
    1.862656250000000         1.836093750000000         1.803658914806807      
    1.769687500000000         1.743125000000000         1.716562500000000      
    1.678071837020160         1.650156250000000         1.623593750000000      
    1.583750000000000         1.557187500000000         1.517343750000000      
    1.490354888721514         1.450937500000000         1.411093750000000      
    1.360275482143132         1.349398598985852         1.338065510537029      
    1.327486809681074         1.317478360167655         1.304843750000000      
    1.294896448140745         1.287073543042266         1.278281250000000      
    1.271104556508168         1.265000000000000         1.261553192037357      
    1.259235917111643         1.259077138989522         0.000000000000000      
    0.000000000000000         0.000000000000000         0.000000000000000      
    0.000000000000000         0.000000000000000         0.000000000000000      
    0.000000000000000         0.000000000000000         0.000000000000000      
    0.000000000000000         0.000000000000000         0.000000000000000      
    0.000000000000000         0.000000000000000         0.000000000000000      
    0.000000000000000         0.000000000000000         0.000000000000000      
    0.000000000000000         0.000000000000000         0.000000000000000      
    0.000000000000000         0.000000000000000         0.000000000000000      
    0.000000000000000         0.000000000000000         0.000000000000000      
    0.000000000000000         0.000000000000000         0.000000000000000      
    0.000000000000000         0.000000000000000         0.000000000000000      
    0.000000000000000         0.000000000000000         0.000000000000000      
    0.000000000000000         0.000000000000000         0.000000000000000      
    0.000000000000000         0.000000000000000         0.000000000000000      
    0.000000000000000         0.000000000000000         0.000000000000000      
    0.000000000000000         0.000000000000000         0.000000000000000      
    0.000000000000000         0.000000000000000         0.000000000000000      
    0.000000000000000         0.000000000000000         0.000000000000000      
    0.000000000000000         0.000000000000000         0.000000000000000      
    0.000000000000000         0.000000000000000         0.000000000000000      
    0.000000000000000         0.000000000000000         0.000000000000000      
    0.000000000000000         0.000000000000000         0.000000000000000      
    0.000000000000000         0.000000000000000         0.000000000000000      
    0.000000000000000         0.000000000000000         0.000000000000000      
    0.000000000000000         0.000000000000000         0.000000000000000      
    0.000000000000000         0.000000000000000         0.000000000000000      
    0.000000000000000         0.000000000000000         0.000000000000000      
    0.000000000000000         0.000000000000000         0.000000000000000      
    0.000000000000000         0.000000000000000         0.000000000000000      
    0.000000000000000         0.000000000000000         0.000000000000000      
    0.000000000000000         0.000000000000000         0.000000000000000      
    0.000000000000000         0.000000000000000         0.000000000000000      
    0.000000000000000         0.000000000000000         0.000000000000000      
    0.000000000000000         0.000000000000000         0.000000000000000      
    0.000000000000000         0.000000000000000         0.000000000000000      
    0.000000000000000         0.000000000000000         0.000000000000000      
    0.000000000000000         0.000000000000000         0.000000000000000      
    0.000000000000000         0.000000000000000         0.000000000000000      
    0.000000000000000         0.000000000000000         0.000000000000000      
    0.000000000000000         0.000000000000000         0.000000000000000      
    0.000000000000000         0.000000000000000         0.000000000000000      
    0.000000000000000         0.000000000000000         0.000000000000000      
    0.000000000000000         0.000000000000000         0.000000000000000      
    0.000000000000000         0.000000000000000         0.000000000000000      
    0.000000000000000         0.000000000000000         0.000000000000000      
    0.000000000000000         0.000000000000000         0.000000000000000      
    0.000000000000000         0.000000000000000         0.000000000000000      
    0.000000000000000         0.000000000000000         0.000000000000000      
    0.000000000000000         0.000000000000000         0.000000000000000      
    0.000000000000000         0.000000000000000         0.000000000000000      
    0.000000000000000         0.000000000000000         0.000000000000000      
    0.000000000000000         0.000000000000000         0.000000000000000      
    0.000000000000000         0.000000000000000         0.000000000000000      
    0.000000000000000         0.000000000000000         0.000000000000000      
    0.000000000000000         0.000000000000000         0.000000000000000      
    0.000000000000000         0.000000000000000         0.000000000000000      
    0.000000000000000         0.000000000000000         0.000000000000000      
    0.000000000000000         0.000000000000000         0.000000000000000      
    0.000000000000000         0.000000000000000         0.000000000000000      
    0.000000000000000         0.000000000000000         0.000000000000000      
    0.000000000000000         0.000000000000000         0.000000000000000      
    0.000000000000000         0.000000000000000         0.000000000000000      
    0.000000000000000         0.000000000000000         0.000000000000000      
    0.000000000000000         0.000000000000000         0.000000000000000      
    0.000000000000000         0.000000000000000         0.000000000000000      
    0.000000000000000         0.000000000000000         0.000000000000000      
    0.000000000000000         0.000000000000000         0.000000000000000      
    0.000000000000000         0.000000000000000         0.000000000000000      
    0.000000000000000         0.000000000000000         0.000000000000000      
    0.000000000000000         0.000000000000000         0.000000000000000      
    0.000000000000000         0.000000000000000         0.000000000000000      
    0.000000000000000     
 ZBDRY =    0.000000000000000        7.4999999999999956E-002 
   0.1499999999999999        0.2000000000000000        0.2749999999999999      
   0.3250000000000000        0.3801629434083122        0.4500000000000002      
   0.5000000000000000        0.5499999999999998        0.6000000000000001      
   0.6621754267116482        0.7279309019819552        0.7250000000000001      
   0.7184865574780638        0.7088907234226557        0.7000000000000002      
   0.6896833818677350        0.6757083467912347        0.6657824755623384      
   0.6499999999999999        0.6369286609342558        0.6237030330134818      
   0.6026878463940564        0.5875224441423234        0.5711700666735972      
   0.5499999999999998        0.5259131604016754        0.5056669355192772      
   0.4839191206747278        0.4605455986208821        0.4353262549423907      
   0.4079213587290577        0.3778155860738999        0.3500000000000001      
   0.3250000000000000        0.2845528730851022        0.2500000000000000      
   0.2058413974342140        0.1709571076979704        0.1250000000000000      
   5.4984728276266548E-002    0.000000000000000       -5.4366596082700572E-002 
  -0.1250000000000000       -0.1703346748592208       -0.2053094355439619      
  -0.2500000000000000       -0.2842181575372862       -0.3250000000000000      
  -0.3500000000000001       -0.3778596230969890       -0.4081237574626577      
  -0.4356885502447820       -0.4610699317463910       -0.4846085507618254      
  -0.5065251678138897       -0.5269454775398241       -0.5500000000000000      
  -0.5725477564337131       -0.5890821717076590       -0.6044600202919612      
  -0.6250000000000000       -0.6390391098451426       -0.6511313623289054      
  -0.6680445289322563       -0.6781547835639907       -0.6920353929842945      
  -0.7000000000000001       -0.7112404395588594       -0.7203110509244464      
  -0.7317208976462360       -0.6750000000000000       -0.6250000000000000      
  -0.5750000000000000       -0.5250000000000001       -0.4580787075743362      
  -0.3999999999999999       -0.3500000000000001       -0.2866060581986635      
  -0.2250000000000001       -0.1557344899816425       -0.1000000000000001      
  -2.4999999999999911E-002    0.000000000000000         0.000000000000000      
    0.000000000000000         0.000000000000000         0.000000000000000      
    0.000000000000000         0.000000000000000         0.000000000000000      
    0.000000000000000         0.000000000000000         0.000000000000000      
    0.000000000000000         0.000000000000000         0.000000000000000      
    0.000000000000000         0.000000000000000         0.000000000000000      
    0.000000000000000         0.000000000000000         0.000000000000000      
    0.000000000000000         0.000000000000000         0.000000000000000      
    0.000000000000000         0.000000000000000         0.000000000000000      
    0.000000000000000         0.000000000000000         0.000000000000000      
    0.000000000000000         0.000000000000000         0.000000000000000      
    0.000000000000000         0.000000000000000         0.000000000000000      
    0.000000000000000         0.000000000000000         0.000000000000000      
    0.000000000000000         0.000000000000000         0.000000000000000      
    0.000000000000000         0.000000000000000         0.000000000000000      
    0.000000000000000         0.000000000000000         0.000000000000000      
    0.000000000000000         0.000000000000000         0.000000000000000      
    0.000000000000000         0.000000000000000         0.000000000000000      
    0.000000000000000         0.000000000000000         0.000000000000000      
    0.000000000000000         0.000000000000000         0.000000000000000      
    0.000000000000000         0.000000000000000         0.000000000000000      
    0.000000000000000         0.000000000000000         0.000000000000000      
    0.000000000000000         0.000000000000000         0.000000000000000      
    0.000000000000000         0.000000000000000         0.000000000000000      
    0.000000000000000         0.000000000000000         0.000000000000000      
    0.000000000000000         0.000000000000000         0.000000000000000      
    0.000000000000000         0.000000000000000         0.000000000000000      
    0.000000000000000         0.000000000000000         0.000000000000000      
    0.000000000000000         0.000000000000000         0.000000000000000      
    0.000000000000000         0.000000000000000         0.000000000000000      
    0.000000000000000         0.000000000000000         0.000000000000000      
    0.000000000000000         0.000000000000000         0.000000000000000      
    0.000000000000000         0.000000000000000         0.000000000000000      
    0.000000000000000         0.000000000000000         0.000000000000000      
    0.000000000000000         0.000000000000000         0.000000000000000      
    0.000000000000000         0.000000000000000         0.000000000000000      
    0.000000000000000         0.000000000000000         0.000000000000000      
    0.000000000000000         0.000000000000000         0.000000000000000      
    0.000000000000000         0.000000000000000         0.000000000000000      
    0.000000000000000         0.000000000000000         0.000000000000000      
    0.000000000000000         0.000000000000000         0.000000000000000      
    0.000000000000000         0.000000000000000         0.000000000000000      
    0.000000000000000         0.000000000000000         0.000000000000000      
    0.000000000000000         0.000000000000000         0.000000000000000      
    0.000000000000000         0.000000000000000         0.000000000000000      
    0.000000000000000         0.000000000000000         0.000000000000000      
    0.000000000000000         0.000000000000000         0.000000000000000      
    0.000000000000000         0.000000000000000         0.000000000000000      
    0.000000000000000         0.000000000000000         0.000000000000000      
    0.000000000000000         0.000000000000000         0.000000000000000      
    0.000000000000000         0.000000000000000         0.000000000000000      
    0.000000000000000         0.000000000000000         0.000000000000000      
    0.000000000000000         0.000000000000000         0.000000000000000      
    0.000000000000000         0.000000000000000         0.000000000000000      
    0.000000000000000         0.000000000000000         0.000000000000000      
    0.000000000000000         0.000000000000000         0.000000000000000      
    0.000000000000000         0.000000000000000         0.000000000000000      
    0.000000000000000         0.000000000000000         0.000000000000000      
    0.000000000000000         0.000000000000000         0.000000000000000      
    0.000000000000000         0.000000000000000         0.000000000000000      
    0.000000000000000         0.000000000000000         0.000000000000000      
    0.000000000000000         0.000000000000000         0.000000000000000      
    0.000000000000000         0.000000000000000         0.000000000000000      
    0.000000000000000         0.000000000000000         0.000000000000000      
    0.000000000000000         0.000000000000000         0.000000000000000      
    0.000000000000000         0.000000000000000         0.000000000000000      
    0.000000000000000         0.000000000000000         0.000000000000000      
    0.000000000000000         0.000000000000000         0.000000000000000      
    0.000000000000000         0.000000000000000         0.000000000000000      
    0.000000000000000         0.000000000000000         0.000000000000000      
    0.000000000000000         0.000000000000000         0.000000000000000      
    0.000000000000000         0.000000000000000         0.000000000000000      
    0.000000000000000     
 NBDRY =           85
 FWTSI =    0.000000000000000         0.000000000000000      
    0.000000000000000         0.000000000000000         0.000000000000000      
    0.000000000000000         0.000000000000000         0.000000000000000      
    0.000000000000000         0.000000000000000         0.000000000000000      
    0.000000000000000         0.000000000000000         0.000000000000000      
    0.000000000000000         0.000000000000000         0.000000000000000      
    0.000000000000000         0.000000000000000         0.000000000000000      
    0.000000000000000         0.000000000000000         0.000000000000000      
    0.000000000000000         0.000000000000000         0.000000000000000      
    0.000000000000000         0.000000000000000         0.000000000000000      
    0.000000000000000         0.000000000000000         0.000000000000000      
    0.000000000000000         0.000000000000000         0.000000000000000      
    0.000000000000000         0.000000000000000         0.000000000000000      
    0.000000000000000         0.000000000000000         0.000000000000000      
    0.000000000000000         0.000000000000000         0.000000000000000     
 FWTCUR =    0.000000000000000     
 MXITER =            1
 NXITER =           51
 LIMITR =            5
 XLIM =    2.191196764027539         1.208803235972460      
    1.208803235972460         2.191196764027539         2.191196764027539      
    2.191196764027539         0.000000000000000         0.000000000000000      
    0.000000000000000         0.000000000000000         0.000000000000000      
    0.000000000000000         0.000000000000000         0.000000000000000      
    0.000000000000000         0.000000000000000         0.000000000000000      
    0.000000000000000         0.000000000000000         0.000000000000000      
    0.000000000000000         0.000000000000000         0.000000000000000      
    0.000000000000000         0.000000000000000         0.000000000000000      
    0.000000000000000         0.000000000000000         0.000000000000000      
    0.000000000000000         0.000000000000000         0.000000000000000      
    0.000000000000000         0.000000000000000         0.000000000000000      
    0.000000000000000         0.000000000000000         0.000000000000000      
    0.000000000000000         0.000000000000000         0.000000000000000      
    0.000000000000000         0.000000000000000         0.000000000000000      
    0.000000000000000         0.000000000000000         0.000000000000000      
    0.000000000000000         0.000000000000000         0.000000000000000      
    0.000000000000000         0.000000000000000         0.000000000000000      
    0.000000000000000         0.000000000000000         0.000000000000000      
    0.000000000000000         0.000000000000000         0.000000000000000      
    0.000000000000000         0.000000000000000         0.000000000000000      
    0.000000000000000         0.000000000000000         0.000000000000000      
    0.000000000000000         0.000000000000000         0.000000000000000      
    0.000000000000000         0.000000000000000         0.000000000000000      
    0.000000000000000         0.000000000000000         0.000000000000000      
    0.000000000000000         0.000000000000000         0.000000000000000      
    0.000000000000000         0.000000000000000         0.000000000000000      
    0.000000000000000         0.000000000000000         0.000000000000000      
    0.000000000000000         0.000000000000000         0.000000000000000      
    0.000000000000000         0.000000000000000         0.000000000000000      
    0.000000000000000         0.000000000000000         0.000000000000000      
    0.000000000000000         0.000000000000000         0.000000000000000      
    0.000000000000000         0.000000000000000         0.000000000000000      
    0.000000000000000         0.000000000000000         0.000000000000000      
    0.000000000000000         0.000000000000000         0.000000000000000      
    0.000000000000000         0.000000000000000         0.000000000000000      
    0.000000000000000         0.000000000000000         0.000000000000000      
    0.000000000000000         0.000000000000000         0.000000000000000      
    0.000000000000000         0.000000000000000         0.000000000000000      
    0.000000000000000         0.000000000000000         0.000000000000000      
    0.000000000000000         0.000000000000000         0.000000000000000      
    0.000000000000000         0.000000000000000         0.000000000000000      
    0.000000000000000         0.000000000000000         0.000000000000000      
    0.000000000000000         0.000000000000000         0.000000000000000      
    0.000000000000000         0.000000000000000         0.000000000000000      
    0.000000000000000         0.000000000000000         0.000000000000000      
    0.000000000000000         0.000000000000000         0.000000000000000      
    0.000000000000000         0.000000000000000         0.000000000000000      
    0.000000000000000         0.000000000000000         0.000000000000000      
    0.000000000000000         0.000000000000000         0.000000000000000      
    0.000000000000000         0.000000000000000         0.000000000000000      
    0.000000000000000         0.000000000000000         0.000000000000000      
    0.000000000000000         0.000000000000000         0.000000000000000      
    0.000000000000000         0.000000000000000     
 YLIM =   0.7822355700033236        0.7822355700033236      
  -0.7822355700033229       -0.7822355700033229        0.7822355700033236      
   0.7822355700033236         0.000000000000000         0.000000000000000      
    0.000000000000000         0.000000000000000         0.000000000000000      
    0.000000000000000         0.000000000000000         0.000000000000000      
    0.000000000000000         0.000000000000000         0.000000000000000      
    0.000000000000000         0.000000000000000         0.000000000000000      
    0.000000000000000         0.000000000000000         0.000000000000000      
    0.000000000000000         0.000000000000000         0.000000000000000      
    0.000000000000000         0.000000000000000         0.000000000000000      
    0.000000000000000         0.000000000000000         0.000000000000000      
    0.000000000000000         0.000000000000000         0.000000000000000      
    0.000000000000000         0.000000000000000         0.000000000000000      
    0.000000000000000         0.000000000000000         0.000000000000000      
    0.000000000000000         0.000000000000000         0.000000000000000      
    0.000000000000000         0.000000000000000         0.000000000000000      
    0.000000000000000         0.000000000000000         0.000000000000000      
    0.000000000000000         0.000000000000000         0.000000000000000      
    0.000000000000000         0.000000000000000         0.000000000000000      
    0.000000000000000         0.000000000000000         0.000000000000000      
    0.000000000000000         0.000000000000000         0.000000000000000      
    0.000000000000000         0.000000000000000         0.000000000000000      
    0.000000000000000         0.000000000000000         0.000000000000000      
    0.000000000000000         0.000000000000000         0.000000000000000      
    0.000000000000000         0.000000000000000         0.000000000000000      
    0.000000000000000         0.000000000000000         0.000000000000000      
    0.000000000000000         0.000000000000000         0.000000000000000      
    0.000000000000000         0.000000000000000         0.000000000000000      
    0.000000000000000         0.000000000000000         0.000000000000000      
    0.000000000000000         0.000000000000000         0.000000000000000      
    0.000000000000000         0.000000000000000         0.000000000000000      
    0.000000000000000         0.000000000000000         0.000000000000000      
    0.000000000000000         0.000000000000000         0.000000000000000      
    0.000000000000000         0.000000000000000         0.000000000000000      
    0.000000000000000         0.000000000000000         0.000000000000000      
    0.000000000000000         0.000000000000000         0.000000000000000      
    0.000000000000000         0.000000000000000         0.000000000000000      
    0.000000000000000         0.000000000000000         0.000000000000000      
    0.000000000000000         0.000000000000000         0.000000000000000      
    0.000000000000000         0.000000000000000         0.000000000000000      
    0.000000000000000         0.000000000000000         0.000000000000000      
    0.000000000000000         0.000000000000000         0.000000000000000      
    0.000000000000000         0.000000000000000         0.000000000000000      
    0.000000000000000         0.000000000000000         0.000000000000000      
    0.000000000000000         0.000000000000000         0.000000000000000      
    0.000000000000000         0.000000000000000         0.000000000000000      
    0.000000000000000         0.000000000000000         0.000000000000000      
    0.000000000000000         0.000000000000000         0.000000000000000      
    0.000000000000000         0.000000000000000         0.000000000000000      
    0.000000000000000         0.000000000000000         0.000000000000000      
    0.000000000000000         0.000000000000000         0.000000000000000      
    0.000000000000000         0.000000000000000         0.000000000000000      
    0.000000000000000         0.000000000000000         0.000000000000000      
    0.000000000000000         0.000000000000000     
 ERROR =   1.0000000000000000E-004
 ICONVR =            3
 IBUNMN =            3
 PRESSR =    0.000000000000000         0.000000000000000      
    0.000000000000000         0.000000000000000         0.000000000000000      
    0.000000000000000         0.000000000000000         0.000000000000000      
    0.000000000000000         0.000000000000000         0.000000000000000      
    0.000000000000000         0.000000000000000         0.000000000000000      
    0.000000000000000         0.000000000000000         0.000000000000000      
    0.000000000000000         0.000000000000000         0.000000000000000      
    0.000000000000000         0.000000000000000         0.000000000000000      
    0.000000000000000         0.000000000000000         0.000000000000000      
    0.000000000000000         0.000000000000000         0.000000000000000      
    0.000000000000000         0.000000000000000         0.000000000000000      
    0.000000000000000         0.000000000000000         0.000000000000000      
    0.000000000000000         0.000000000000000         0.000000000000000      
    0.000000000000000         0.000000000000000         0.000000000000000      
    0.000000000000000         0.000000000000000         0.000000000000000      
    0.000000000000000         0.000000000000000         0.000000000000000      
    0.000000000000000         0.000000000000000         0.000000000000000      
    0.000000000000000         0.000000000000000         0.000000000000000      
    0.000000000000000         0.000000000000000         0.000000000000000      
    0.000000000000000         0.000000000000000         0.000000000000000      
    0.000000000000000         0.000000000000000         0.000000000000000      
    0.000000000000000         0.000000000000000         0.000000000000000      
    0.000000000000000         0.000000000000000         0.000000000000000      
    0.000000000000000         0.000000000000000         0.000000000000000      
    0.000000000000000         0.000000000000000         0.000000000000000      
    0.000000000000000         0.000000000000000         0.000000000000000      
    0.000000000000000         0.000000000000000         0.000000000000000      
    0.000000000000000         0.000000000000000         0.000000000000000      
    0.000000000000000         0.000000000000000         0.000000000000000      
    0.000000000000000         0.000000000000000         0.000000000000000      
    0.000000000000000         0.000000000000000         0.000000000000000      
    0.000000000000000         0.000000000000000         0.000000000000000      
    0.000000000000000         0.000000000000000         0.000000000000000      
    0.000000000000000         0.000000000000000         0.000000000000000      
    0.000000000000000         0.000000000000000         0.000000000000000      
    0.000000000000000         0.000000000000000         0.000000000000000      
    0.000000000000000         0.000000000000000         0.000000000000000      
    0.000000000000000         0.000000000000000         0.000000000000000      
    0.000000000000000         0.000000000000000         0.000000000000000      
    0.000000000000000         0.000000000000000         0.000000000000000      
    0.000000000000000         0.000000000000000         0.000000000000000      
    0.000000000000000         0.000000000000000         0.000000000000000      
    0.000000000000000         0.000000000000000         0.000000000000000      
    0.000000000000000         0.000000000000000         0.000000000000000      
    0.000000000000000         0.000000000000000         0.000000000000000      
    0.000000000000000         0.000000000000000         0.000000000000000      
    0.000000000000000         0.000000000000000         0.000000000000000      
    0.000000000000000         0.000000000000000         0.000000000000000      
    0.000000000000000         0.000000000000000         0.000000000000000      
    0.000000000000000         0.000000000000000         0.000000000000000      
    0.000000000000000         0.000000000000000         0.000000000000000      
    0.000000000000000         0.000000000000000         0.000000000000000      
    0.000000000000000         0.000000000000000         0.000000000000000      
    0.000000000000000         0.000000000000000         0.000000000000000      
    0.000000000000000         0.000000000000000         0.000000000000000      
    0.000000000000000         0.000000000000000         0.000000000000000      
    0.000000000000000         0.000000000000000         0.000000000000000      
    0.000000000000000         0.000000000000000         0.000000000000000      
    0.000000000000000         0.000000000000000         0.000000000000000      
    0.000000000000000         0.000000000000000         0.000000000000000      
    0.000000000000000         0.000000000000000         0.000000000000000      
    0.000000000000000         0.000000000000000         0.000000000000000      
    0.000000000000000         0.000000000000000         0.000000000000000      
    0.000000000000000         0.000000000000000         0.000000000000000      
    0.000000000000000         0.000000000000000         0.000000000000000      
    0.000000000000000         0.000000000000000         0.000000000000000      
    0.000000000000000         0.000000000000000         0.000000000000000      
    0.000000000000000     
 RPRESS =    0.000000000000000         0.000000000000000      
    0.000000000000000         0.000000000000000         0.000000000000000      
    0.000000000000000         0.000000000000000         0.000000000000000      
    0.000000000000000         0.000000000000000         0.000000000000000      
    0.000000000000000         0.000000000000000         0.000000000000000      
    0.000000000000000         0.000000000000000         0.000000000000000      
    0.000000000000000         0.000000000000000         0.000000000000000      
    0.000000000000000         0.000000000000000         0.000000000000000      
    0.000000000000000         0.000000000000000         0.000000000000000      
    0.000000000000000         0.000000000000000         0.000000000000000      
    0.000000000000000         0.000000000000000         0.000000000000000      
    0.000000000000000         0.000000000000000         0.000000000000000      
    0.000000000000000         0.000000000000000         0.000000000000000      
    0.000000000000000         0.000000000000000         0.000000000000000      
    0.000000000000000         0.000000000000000         0.000000000000000      
    0.000000000000000         0.000000000000000         0.000000000000000      
    0.000000000000000         0.000000000000000         0.000000000000000      
    0.000000000000000         0.000000000000000         0.000000000000000      
    0.000000000000000         0.000000000000000         0.000000000000000      
    0.000000000000000         0.000000000000000         0.000000000000000      
    0.000000000000000         0.000000000000000         0.000000000000000      
    0.000000000000000         0.000000000000000         0.000000000000000      
    0.000000000000000         0.000000000000000         0.000000000000000      
    0.000000000000000         0.000000000000000         0.000000000000000      
    0.000000000000000         0.000000000000000         0.000000000000000      
    0.000000000000000         0.000000000000000         0.000000000000000      
    0.000000000000000         0.000000000000000         0.000000000000000      
    0.000000000000000         0.000000000000000         0.000000000000000      
    0.000000000000000         0.000000000000000         0.000000000000000      
    0.000000000000000         0.000000000000000         0.000000000000000      
    0.000000000000000         0.000000000000000         0.000000000000000      
    0.000000000000000         0.000000000000000         0.000000000000000      
    0.000000000000000         0.000000000000000         0.000000000000000      
    0.000000000000000         0.000000000000000         0.000000000000000      
    0.000000000000000         0.000000000000000         0.000000000000000      
    0.000000000000000         0.000000000000000         0.000000000000000      
    0.000000000000000         0.000000000000000         0.000000000000000      
    0.000000000000000         0.000000000000000         0.000000000000000      
    0.000000000000000         0.000000000000000         0.000000000000000      
    0.000000000000000         0.000000000000000         0.000000000000000      
    0.000000000000000         0.000000000000000         0.000000000000000      
    0.000000000000000         0.000000000000000         0.000000000000000      
    0.000000000000000         0.000000000000000         0.000000000000000      
    0.000000000000000         0.000000000000000         0.000000000000000      
    0.000000000000000         0.000000000000000         0.000000000000000      
    0.000000000000000         0.000000000000000         0.000000000000000      
    0.000000000000000         0.000000000000000         0.000000000000000      
    0.000000000000000         0.000000000000000         0.000000000000000      
    0.000000000000000         0.000000000000000         0.000000000000000      
    0.000000000000000         0.000000000000000         0.000000000000000      
    0.000000000000000         0.000000000000000         0.000000000000000      
    0.000000000000000         0.000000000000000         0.000000000000000      
    0.000000000000000         0.000000000000000         0.000000000000000      
    0.000000000000000         0.000000000000000         0.000000000000000      
    0.000000000000000         0.000000000000000         0.000000000000000      
    0.000000000000000         0.000000000000000         0.000000000000000      
    0.000000000000000         0.000000000000000         0.000000000000000      
    0.000000000000000         0.000000000000000         0.000000000000000      
    0.000000000000000         0.000000000000000         0.000000000000000      
    0.000000000000000         0.000000000000000         0.000000000000000      
    0.000000000000000         0.000000000000000         0.000000000000000      
    0.000000000000000         0.000000000000000         0.000000000000000      
    0.000000000000000         0.000000000000000         0.000000000000000      
    0.000000000000000         0.000000000000000         0.000000000000000      
    0.000000000000000         0.000000000000000         0.000000000000000      
    0.000000000000000         0.000000000000000         0.000000000000000      
    0.000000000000000         0.000000000000000         0.000000000000000      
    0.000000000000000     
 QPSI =    1.176921064860935         1.182340944653986      
    1.187439784336688         1.193711160515693         1.200197595225718      
    1.206822175029250         1.215046676407854         1.221258226330902      
    1.228205132305664         1.234827347722070         1.241836576876597      
    1.248308228894362         1.255704601597948         1.262383141051978      
    1.269544697691257         1.276494901506700         1.283934199494401      
    1.291155333721061         1.298361101396880         1.305619935827779      
    1.313174150684016         1.320705789669471         1.328246745096080      
    1.335900129799152         1.343570446563747         1.351349469628806      
    1.359410078824308         1.367296799788747         1.375354166315123      
    1.383386610980882         1.391654991669636         1.400060424400048      
    1.408498997022425         1.416921383092726         1.425559367349468      
    1.434230919967336         1.443059221367732         1.452040839394589      
    1.461099960830425         1.470225283169082         1.479486302159198      
    1.488822280517549         1.498374257508970         1.508079326741920      
    1.517841575756082         1.527732906221195         1.537752168820361      
    1.547945765596875         1.558272962806617         1.568781065863952      
    1.579432622337771         1.590228589524320         1.601187928051362      
    1.612292468267277         1.623571252286776         1.635065256708437      
    1.646746845412175         1.658615211304051         1.670666187483224      
    1.682877134662920         1.695319700950804         1.707975239452368      
    1.720888214103463         1.734019012152163         1.747364156145167      
    1.760943495572327         1.774772644928331         1.788874637853354      
    1.803228640942813         1.817885378221447         1.832835905365961      
    1.848052821219892         1.863586115721945         1.879445099398821      
    1.895628502108741         1.912144590097126         1.929055819409235      
    1.946318543078317         1.963948762974704         1.982009371530487      
    2.000489277399893         2.019362544829155         2.038741131354146      
    2.058586558957836         2.078911100453424         2.099766814150624      
    2.121194564687528         2.143135741594052         2.165694360324349      
    2.188909091985835         2.212761228479471         2.237301304455866      
    2.262642561674656         2.288681061361107         2.315550315371662      
    2.343308792539073         2.371965132115415         2.401601014550698      
    2.432370535416651         2.464141560132093         2.497121748140327      
    2.531376744417144         2.566930268985709         2.604100311820229      
    2.642840998169686         2.683197188980029         2.725537596524565      
    2.769842301491663         2.816482940995975         2.865810636017613      
    2.917708956746198         2.972932819800866         3.031449027778008      
    3.094265176426775         3.161758427119394         3.234142353991033      
    3.312856257264644         3.398645417724077         3.493825816830546      
    3.598867092646896         3.717417844539483         3.853240377004518      
    4.011602819941771         4.200887821479609         4.434161812985002      
    4.737309209694750         5.163088855087548         5.902318018207946      
    10.65564454854196     
 PRESSW =    0.000000000000000         0.000000000000000      
    0.000000000000000         0.000000000000000         0.000000000000000      
    0.000000000000000         0.000000000000000         0.000000000000000      
    0.000000000000000         0.000000000000000         0.000000000000000      
    0.000000000000000         0.000000000000000         0.000000000000000      
    0.000000000000000         0.000000000000000         0.000000000000000      
    0.000000000000000         0.000000000000000         0.000000000000000      
    0.000000000000000         0.000000000000000         0.000000000000000      
    0.000000000000000         0.000000000000000         0.000000000000000      
    0.000000000000000         0.000000000000000         0.000000000000000      
    0.000000000000000         0.000000000000000         0.000000000000000      
    0.000000000000000         0.000000000000000         0.000000000000000      
    0.000000000000000         0.000000000000000         0.000000000000000      
    0.000000000000000         0.000000000000000         0.000000000000000      
    0.000000000000000         0.000000000000000         0.000000000000000      
    0.000000000000000         0.000000000000000         0.000000000000000      
    0.000000000000000         0.000000000000000         0.000000000000000      
    0.000000000000000         0.000000000000000         0.000000000000000      
    0.000000000000000         0.000000000000000         0.000000000000000      
    0.000000000000000         0.000000000000000         0.000000000000000      
    0.000000000000000         0.000000000000000         0.000000000000000      
    0.000000000000000         0.000000000000000         0.000000000000000      
    0.000000000000000         0.000000000000000         0.000000000000000      
    0.000000000000000         0.000000000000000         0.000000000000000      
    0.000000000000000         0.000000000000000         0.000000000000000      
    0.000000000000000         0.000000000000000         0.000000000000000      
    0.000000000000000         0.000000000000000         0.000000000000000      
    0.000000000000000         0.000000000000000         0.000000000000000      
    0.000000000000000         0.000000000000000         0.000000000000000      
    0.000000000000000         0.000000000000000         0.000000000000000      
    0.000000000000000         0.000000000000000         0.000000000000000      
    0.000000000000000         0.000000000000000         0.000000000000000      
    0.000000000000000         0.000000000000000         0.000000000000000      
    0.000000000000000         0.000000000000000         0.000000000000000      
    0.000000000000000         0.000000000000000         0.000000000000000      
    0.000000000000000         0.000000000000000         0.000000000000000      
    0.000000000000000         0.000000000000000         0.000000000000000      
    0.000000000000000         0.000000000000000         0.000000000000000      
    0.000000000000000         0.000000000000000         0.000000000000000      
    0.000000000000000         0.000000000000000         0.000000000000000      
    0.000000000000000         0.000000000000000         0.000000000000000      
    0.000000000000000         0.000000000000000         0.000000000000000      
    0.000000000000000         0.000000000000000         0.000000000000000      
    0.000000000000000     
 PRES =    91782.44194702135         90021.17055675705      
    88297.64655553451         86611.00550505177         84960.38295135357      
    83344.91443548510         81763.73564004415         80215.98167214582      
    78700.78905249872         77217.29277747520         75764.62337150336      
    74341.94200404908         72948.31078268637         71582.98498301352      
    70245.81392436505         68936.02683671573         67652.05376843030      
    66392.59623676194         65156.55872972706         63942.94194229970      
    62750.86885867875         61579.55319481735         60428.28656131071      
    59296.42596817158         58183.38414190610         57088.62441475697      
    56011.65528116523         54952.02328770739         53909.30722173466      
    52883.11599847445         51873.08638097965         50878.87887403840      
    49900.17539446520         48936.67828330359         47988.10706464717      
    47054.19622188312         46134.69590527804         45229.37072377629      
    44337.99697156244         43460.36207211679         42596.26463410375      
    41745.51251035385         40907.92165315634         40083.31692266760      
    39271.53227337544         38472.40886349654         37685.79329279061      
    36911.53790848285         36149.50188869246         35399.55095346690      
    34661.55605798429         33935.39226576083         33220.93874957287      
    32518.07942956718         31826.70304662275         31146.70250675543      
    30477.97408413899         29820.41731454388         29173.93507461256      
    28538.43338881735         27913.82152053604         27300.01207422113      
    26696.92056300353         26104.46489804535         25522.56530533891      
    24951.14432244139         24390.12674134679         23839.43968552713      
    23299.01268254008         22768.77747297026         22248.66770422647      
    21738.61873574356         21238.56756868966         20748.45277473863      
    20268.21437428606         19797.79378209033         19337.13400544069      
    18886.17967336280         18444.87655031321         18013.17106411761      
    17591.01032025668         17178.34213917005         16775.11470958703      
    16381.27618036364         15996.77445247046         15621.55727954415      
    15255.57190127123         14898.76377940041         14551.07542317151      
    14212.44610681216         13882.81112924828         13562.10006463408      
    13250.23523283984         12947.13009876846         12652.68657362720      
    12366.79117378519         12089.31051833967         11820.08616124556      
    11558.92865842119         11305.61064296999         11059.85709152187      
    10821.33148195852         10589.61954717354         10364.21281509930      
    10144.49067351887         9929.697066996607         9718.911806274486      
    9511.023543356678         9304.706091531150         9098.394979736100      
    8890.269425065817         8678.246924342946         8459.984371777202      
    8232.884079537502         7994.098994772748         7740.523391682287      
    7468.778981782404         7175.205422438483         6855.913667758831      
    6507.060411725530         6125.524965793161         5710.104639852208      
    5263.320394413297         4792.820463542926         4312.047460334624      
    3840.883961034053         3397.396684170754         2991.520560973310      
    2631.612298154347     
 NQPSI =          129
 NPRESS =            0
 SIGPRE =    0.000000000000000         0.000000000000000      
    0.000000000000000         0.000000000000000         0.000000000000000      
    0.000000000000000         0.000000000000000         0.000000000000000      
    0.000000000000000         0.000000000000000         0.000000000000000      
    0.000000000000000         0.000000000000000         0.000000000000000      
    0.000000000000000         0.000000000000000         0.000000000000000      
    0.000000000000000         0.000000000000000         0.000000000000000      
    0.000000000000000         0.000000000000000         0.000000000000000      
    0.000000000000000         0.000000000000000         0.000000000000000      
    0.000000000000000         0.000000000000000         0.000000000000000      
    0.000000000000000         0.000000000000000         0.000000000000000      
    0.000000000000000         0.000000000000000         0.000000000000000      
    0.000000000000000         0.000000000000000         0.000000000000000      
    0.000000000000000         0.000000000000000         0.000000000000000      
    0.000000000000000         0.000000000000000         0.000000000000000      
    0.000000000000000         0.000000000000000         0.000000000000000      
    0.000000000000000         0.000000000000000         0.000000000000000      
    0.000000000000000         0.000000000000000         0.000000000000000      
    0.000000000000000         0.000000000000000         0.000000000000000      
    0.000000000000000         0.000000000000000         0.000000000000000      
    0.000000000000000         0.000000000000000         0.000000000000000      
    0.000000000000000         0.000000000000000         0.000000000000000      
    0.000000000000000         0.000000000000000         0.000000000000000      
    0.000000000000000         0.000000000000000         0.000000000000000      
    0.000000000000000         0.000000000000000         0.000000000000000      
    0.000000000000000         0.000000000000000         0.000000000000000      
    0.000000000000000         0.000000000000000         0.000000000000000      
    0.000000000000000         0.000000000000000         0.000000000000000      
    0.000000000000000         0.000000000000000         0.000000000000000      
    0.000000000000000         0.000000000000000         0.000000000000000      
    0.000000000000000         0.000000000000000         0.000000000000000      
    0.000000000000000         0.000000000000000         0.000000000000000      
    0.000000000000000         0.000000000000000         0.000000000000000      
    0.000000000000000         0.000000000000000         0.000000000000000      
    0.000000000000000         0.000000000000000         0.000000000000000      
    0.000000000000000         0.000000000000000         0.000000000000000      
    0.000000000000000         0.000000000000000         0.000000000000000      
    0.000000000000000         0.000000000000000         0.000000000000000      
    0.000000000000000         0.000000000000000         0.000000000000000      
    0.000000000000000         0.000000000000000         0.000000000000000      
    0.000000000000000         0.000000000000000         0.000000000000000      
    0.000000000000000         0.000000000000000         0.000000000000000      
    0.000000000000000         0.000000000000000         0.000000000000000      
    0.000000000000000         0.000000000000000         0.000000000000000      
    0.000000000000000         0.000000000000000         0.000000000000000      
    0.000000000000000         0.000000000000000         0.000000000000000      
    0.000000000000000         0.000000000000000         0.000000000000000      
    0.000000000000000         0.000000000000000         0.000000000000000      
    0.000000000000000         0.000000000000000         0.000000000000000      
    0.000000000000000         0.000000000000000         0.000000000000000      
    0.000000000000000         0.000000000000000         0.000000000000000      
    0.000000000000000         0.000000000000000         0.000000000000000      
    0.000000000000000         0.000000000000000         0.000000000000000      
    0.000000000000000         0.000000000000000         0.000000000000000      
    0.000000000000000         0.000000000000000         0.000000000000000      
    0.000000000000000         0.000000000000000         0.000000000000000      
    0.000000000000000         0.000000000000000         0.000000000000000      
    0.000000000000000         0.000000000000000         0.000000000000000      
    0.000000000000000         0.000000000000000         0.000000000000000      
    0.000000000000000         0.000000000000000         0.000000000000000      
    0.000000000000000         0.000000000000000         0.000000000000000      
    0.000000000000000         0.000000000000000         0.000000000000000      
    0.000000000000000         0.000000000000000         0.000000000000000      
    0.000000000000000         0.000000000000000         0.000000000000000      
    0.000000000000000         0.000000000000000         0.000000000000000      
    0.000000000000000         0.000000000000000         0.000000000000000      
    0.000000000000000         0.000000000000000         0.000000000000000      
    0.000000000000000     
 /
 &BASIS
 KPPFNC =            6,
 KPPKNT =            0,
 PPKNT =    0.000000000000000     ,
            0.000000000000000     ,
            0.000000000000000     ,
            0.000000000000000     ,
            0.000000000000000     ,
            0.000000000000000     ,
            0.000000000000000     ,
            0.000000000000000     ,
            0.000000000000000     ,
            0.000000000000000     ,
            0.000000000000000     ,
            0.000000000000000     ,
            0.000000000000000     ,
            0.000000000000000     ,
            0.000000000000000     ,
            0.000000000000000     ,
            0.000000000000000     ,
            0.000000000000000     ,
            0.000000000000000     ,
            0.000000000000000     ,
            0.000000000000000     ,
            0.000000000000000     ,
            0.000000000000000     ,
            0.000000000000000     ,
            0.000000000000000     ,
            0.000000000000000     ,
            0.000000000000000     ,
            0.000000000000000     ,
            0.000000000000000     ,
            0.000000000000000     ,
            0.000000000000000     ,
            0.000000000000000     ,
            0.000000000000000     ,
            0.000000000000000     ,
            0.000000000000000     ,
            0.000000000000000     ,
            0.000000000000000     ,
            0.000000000000000     ,
            0.000000000000000     ,
            0.000000000000000     ,
            0.000000000000000     ,
            0.000000000000000     ,
            0.000000000000000     ,
            0.000000000000000     ,
            0.000000000000000     ,
            0.000000000000000     ,
            0.000000000000000     ,
            0.000000000000000     ,
            0.000000000000000     ,
            0.000000000000000     ,
            0.000000000000000     ,
            0.000000000000000     ,
            0.000000000000000     ,
            0.000000000000000     ,
            0.000000000000000     ,
            0.000000000000000     ,
            0.000000000000000     ,
            0.000000000000000     ,
            0.000000000000000     ,
            0.000000000000000     ,
            0.000000000000000     ,
            0.000000000000000     ,
            0.000000000000000     ,
            0.000000000000000     ,
 PPTENS =    0.000000000000000     ,
 KFFFNC =            6,
 KFFKNT =            0,
 FFKNT =    0.000000000000000     ,
            0.000000000000000     ,
            0.000000000000000     ,
            0.000000000000000     ,
            0.000000000000000     ,
            0.000000000000000     ,
            0.000000000000000     ,
            0.000000000000000     ,
            0.000000000000000     ,
            0.000000000000000     ,
            0.000000000000000     ,
            0.000000000000000     ,
            0.000000000000000     ,
            0.000000000000000     ,
            0.000000000000000     ,
            0.000000000000000     ,
            0.000000000000000     ,
            0.000000000000000     ,
            0.000000000000000     ,
            0.000000000000000     ,
            0.000000000000000     ,
            0.000000000000000     ,
            0.000000000000000     ,
            0.000000000000000     ,
            0.000000000000000     ,
            0.000000000000000     ,
            0.000000000000000     ,
            0.000000000000000     ,
            0.000000000000000     ,
            0.000000000000000     ,
            0.000000000000000     ,
            0.000000000000000     ,
            0.000000000000000     ,
            0.000000000000000     ,
            0.000000000000000     ,
            0.000000000000000     ,
            0.000000000000000     ,
            0.000000000000000     ,
            0.000000000000000     ,
            0.000000000000000     ,
            0.000000000000000     ,
            0.000000000000000     ,
            0.000000000000000     ,
            0.000000000000000     ,
            0.000000000000000     ,
            0.000000000000000     ,
            0.000000000000000     ,
            0.000000000000000     ,
            0.000000000000000     ,
            0.000000000000000     ,
            0.000000000000000     ,
            0.000000000000000     ,
            0.000000000000000     ,
            0.000000000000000     ,
            0.000000000000000     ,
            0.000000000000000     ,
            0.000000000000000     ,
            0.000000000000000     ,
            0.000000000000000     ,
            0.000000000000000     ,
            0.000000000000000     ,
            0.000000000000000     ,
            0.000000000000000     ,
            0.000000000000000     ,
 FFTENS =    0.000000000000000     ,
 KWWFNC =            0,
 KWWKNT =            0,
 WWKNT =    0.000000000000000     ,
            0.000000000000000     ,
            0.000000000000000     ,
            0.000000000000000     ,
            0.000000000000000     ,
            0.000000000000000     ,
            0.000000000000000     ,
            0.000000000000000     ,
            0.000000000000000     ,
            0.000000000000000     ,
            0.000000000000000     ,
            0.000000000000000     ,
            0.000000000000000     ,
            0.000000000000000     ,
            0.000000000000000     ,
            0.000000000000000     ,
            0.000000000000000     ,
            0.000000000000000     ,
            0.000000000000000     ,
            0.000000000000000     ,
            0.000000000000000     ,
            0.000000000000000     ,
            0.000000000000000     ,
            0.000000000000000     ,
            0.000000000000000     ,
            0.000000000000000     ,
            0.000000000000000     ,
            0.000000000000000     ,
            0.000000000000000     ,
            0.000000000000000     ,
            0.000000000000000     ,
            0.000000000000000     ,
            0.000000000000000     ,
            0.000000000000000     ,
            0.000000000000000     ,
            0.000000000000000     ,
            0.000000000000000     ,
            0.000000000000000     ,
            0.000000000000000     ,
            0.000000000000000     ,
            0.000000000000000     ,
            0.000000000000000     ,
            0.000000000000000     ,
            0.000000000000000     ,
            0.000000000000000     ,
            0.000000000000000     ,
            0.000000000000000     ,
            0.000000000000000     ,
            0.000000000000000     ,
            0.000000000000000     ,
            0.000000000000000     ,
            0.000000000000000     ,
            0.000000000000000     ,
            0.000000000000000     ,
            0.000000000000000     ,
            0.000000000000000     ,
            0.000000000000000     ,
            0.000000000000000     ,
            0.000000000000000     ,
            0.000000000000000     ,
            0.000000000000000     ,
            0.000000000000000     ,
            0.000000000000000     ,
            0.000000000000000     ,
 WWTENS =    0.000000000000000     ,
 PPBDRY =    0.000000000000000     ,
             0.000000000000000     ,
             0.000000000000000     ,
             0.000000000000000     ,
             0.000000000000000     ,
             0.000000000000000     ,
             0.000000000000000     ,
             0.000000000000000     ,
             0.000000000000000     ,
             0.000000000000000     ,
             0.000000000000000     ,
             0.000000000000000     ,
             0.000000000000000     ,
             0.000000000000000     ,
             0.000000000000000     ,
             0.000000000000000     ,
             0.000000000000000     ,
             0.000000000000000     ,
             0.000000000000000     ,
             0.000000000000000     ,
             0.000000000000000     ,
             0.000000000000000     ,
             0.000000000000000     ,
             0.000000000000000     ,
             0.000000000000000     ,
             0.000000000000000     ,
             0.000000000000000     ,
             0.000000000000000     ,
             0.000000000000000     ,
             0.000000000000000     ,
             0.000000000000000     ,
             0.000000000000000     ,
             0.000000000000000     ,
             0.000000000000000     ,
             0.000000000000000     ,
             0.000000000000000     ,
             0.000000000000000     ,
             0.000000000000000     ,
             0.000000000000000     ,
             0.000000000000000     ,
             0.000000000000000     ,
             0.000000000000000     ,
             0.000000000000000     ,
             0.000000000000000     ,
             0.000000000000000     ,
             0.000000000000000     ,
             0.000000000000000     ,
             0.000000000000000     ,
             0.000000000000000     ,
             0.000000000000000     ,
             0.000000000000000     ,
             0.000000000000000     ,
             0.000000000000000     ,
             0.000000000000000     ,
             0.000000000000000     ,
             0.000000000000000     ,
             0.000000000000000     ,
             0.000000000000000     ,
             0.000000000000000     ,
             0.000000000000000     ,
             0.000000000000000     ,
             0.000000000000000     ,
             0.000000000000000     ,
             0.000000000000000     ,
 PP2BDRY =    0.000000000000000     ,
              0.000000000000000     ,
              0.000000000000000     ,
              0.000000000000000     ,
              0.000000000000000     ,
              0.000000000000000     ,
              0.000000000000000     ,
              0.000000000000000     ,
              0.000000000000000     ,
              0.000000000000000     ,
              0.000000000000000     ,
              0.000000000000000     ,
              0.000000000000000     ,
              0.000000000000000     ,
              0.000000000000000     ,
              0.000000000000000     ,
              0.000000000000000     ,
              0.000000000000000     ,
              0.000000000000000     ,
              0.000000000000000     ,
              0.000000000000000     ,
              0.000000000000000     ,
              0.000000000000000     ,
              0.000000000000000     ,
              0.000000000000000     ,
              0.000000000000000     ,
              0.000000000000000     ,
              0.000000000000000     ,
              0.000000000000000     ,
              0.000000000000000     ,
              0.000000000000000     ,
              0.000000000000000     ,
              0.000000000000000     ,
              0.000000000000000     ,
              0.000000000000000     ,
              0.000000000000000     ,
              0.000000000000000     ,
              0.000000000000000     ,
              0.000000000000000     ,
              0.000000000000000     ,
              0.000000000000000     ,
              0.000000000000000     ,
              0.000000000000000     ,
              0.000000000000000     ,
              0.000000000000000     ,
              0.000000000000000     ,
              0.000000000000000     ,
              0.000000000000000     ,
              0.000000000000000     ,
              0.000000000000000     ,
              0.000000000000000     ,
              0.000000000000000     ,
              0.000000000000000     ,
              0.000000000000000     ,
              0.000000000000000     ,
              0.000000000000000     ,
              0.000000000000000     ,
              0.000000000000000     ,
              0.000000000000000     ,
              0.000000000000000     ,
              0.000000000000000     ,
              0.000000000000000     ,
              0.000000000000000     ,
              0.000000000000000     ,
 KPPBDRY =            0,
                      0,
                      0,
                      0,
                      0,
                      0,
                      0,
                      0,
                      0,
                      0,
                      0,
                      0,
                      0,
                      0,
                      0,
                      0,
                      0,
                      0,
                      0,
                      0,
                      0,
                      0,
                      0,
                      0,
                      0,
                      0,
                      0,
                      0,
                      0,
                      0,
                      0,
                      0,
                      0,
                      0,
                      0,
                      0,
                      0,
                      0,
                      0,
                      0,
                      0,
                      0,
                      0,
                      0,
                      0,
                      0,
                      0,
                      0,
                      0,
                      0,
                      0,
                      0,
                      0,
                      0,
                      0,
                      0,
                      0,
                      0,
                      0,
                      0,
                      0,
                      0,
                      0,
                      0,
 KPP2BDRY =            0,
                       0,
                       0,
                       0,
                       0,
                       0,
                       0,
                       0,
                       0,
                       0,
                       0,
                       0,
                       0,
                       0,
                       0,
                       0,
                       0,
                       0,
                       0,
                       0,
                       0,
                       0,
                       0,
                       0,
                       0,
                       0,
                       0,
                       0,
                       0,
                       0,
                       0,
                       0,
                       0,
                       0,
                       0,
                       0,
                       0,
                       0,
                       0,
                       0,
                       0,
                       0,
                       0,
                       0,
                       0,
                       0,
                       0,
                       0,
                       0,
                       0,
                       0,
                       0,
                       0,
                       0,
                       0,
                       0,
                       0,
                       0,
                       0,
                       0,
                       0,
                       0,
                       0,
                       0,
 FFBDRY =    0.000000000000000     ,
             0.000000000000000     ,
             0.000000000000000     ,
             0.000000000000000     ,
             0.000000000000000     ,
             0.000000000000000     ,
             0.000000000000000     ,
             0.000000000000000     ,
             0.000000000000000     ,
             0.000000000000000     ,
             0.000000000000000     ,
             0.000000000000000     ,
             0.000000000000000     ,
             0.000000000000000     ,
             0.000000000000000     ,
             0.000000000000000     ,
             0.000000000000000     ,
             0.000000000000000     ,
             0.000000000000000     ,
             0.000000000000000     ,
             0.000000000000000     ,
             0.000000000000000     ,
             0.000000000000000     ,
             0.000000000000000     ,
             0.000000000000000     ,
             0.000000000000000     ,
             0.000000000000000     ,
             0.000000000000000     ,
             0.000000000000000     ,
             0.000000000000000     ,
             0.000000000000000     ,
             0.000000000000000     ,
             0.000000000000000     ,
             0.000000000000000     ,
             0.000000000000000     ,
             0.000000000000000     ,
             0.000000000000000     ,
             0.000000000000000     ,
             0.000000000000000     ,
             0.000000000000000     ,
             0.000000000000000     ,
             0.000000000000000     ,
             0.000000000000000     ,
             0.000000000000000     ,
             0.000000000000000     ,
             0.000000000000000     ,
             0.000000000000000     ,
             0.000000000000000     ,
             0.000000000000000     ,
             0.000000000000000     ,
             0.000000000000000     ,
             0.000000000000000     ,
             0.000000000000000     ,
             0.000000000000000     ,
             0.000000000000000     ,
             0.000000000000000     ,
             0.000000000000000     ,
             0.000000000000000     ,
             0.000000000000000     ,
             0.000000000000000     ,
             0.000000000000000     ,
             0.000000000000000     ,
             0.000000000000000     ,
             0.000000000000000     ,
 FF2BDRY =    0.000000000000000     ,
              0.000000000000000     ,
              0.000000000000000     ,
              0.000000000000000     ,
              0.000000000000000     ,
              0.000000000000000     ,
              0.000000000000000     ,
              0.000000000000000     ,
              0.000000000000000     ,
              0.000000000000000     ,
              0.000000000000000     ,
              0.000000000000000     ,
              0.000000000000000     ,
              0.000000000000000     ,
              0.000000000000000     ,
              0.000000000000000     ,
              0.000000000000000     ,
              0.000000000000000     ,
              0.000000000000000     ,
              0.000000000000000     ,
              0.000000000000000     ,
              0.000000000000000     ,
              0.000000000000000     ,
              0.000000000000000     ,
              0.000000000000000     ,
              0.000000000000000     ,
              0.000000000000000     ,
              0.000000000000000     ,
              0.000000000000000     ,
              0.000000000000000     ,
              0.000000000000000     ,
              0.000000000000000     ,
              0.000000000000000     ,
              0.000000000000000     ,
              0.000000000000000     ,
              0.000000000000000     ,
              0.000000000000000     ,
              0.000000000000000     ,
              0.000000000000000     ,
              0.000000000000000     ,
              0.000000000000000     ,
              0.000000000000000     ,
              0.000000000000000     ,
              0.000000000000000     ,
              0.000000000000000     ,
              0.000000000000000     ,
              0.000000000000000     ,
              0.000000000000000     ,
              0.000000000000000     ,
              0.000000000000000     ,
              0.000000000000000     ,
              0.000000000000000     ,
              0.000000000000000     ,
              0.000000000000000     ,
              0.000000000000000     ,
              0.000000000000000     ,
              0.000000000000000     ,
              0.000000000000000     ,
              0.000000000000000     ,
              0.000000000000000     ,
              0.000000000000000     ,
              0.000000000000000     ,
              0.000000000000000     ,
              0.000000000000000     ,
 KFFBDRY =            0,
                      0,
                      0,
                      0,
                      0,
                      0,
                      0,
                      0,
                      0,
                      0,
                      0,
                      0,
                      0,
                      0,
                      0,
                      0,
                      0,
                      0,
                      0,
                      0,
                      0,
                      0,
                      0,
                      0,
                      0,
                      0,
                      0,
                      0,
                      0,
                      0,
                      0,
                      0,
                      0,
                      0,
                      0,
                      0,
                      0,
                      0,
                      0,
                      0,
                      0,
                      0,
                      0,
                      0,
                      0,
                      0,
                      0,
                      0,
                      0,
                      0,
                      0,
                      0,
                      0,
                      0,
                      0,
                      0,
                      0,
                      0,
                      0,
                      0,
                      0,
                      0,
                      0,
                      0,
 KFF2BDRY =            0,
                       0,
                       0,
                       0,
                       0,
                       0,
                       0,
                       0,
                       0,
                       0,
                       0,
                       0,
                       0,
                       0,
                       0,
                       0,
                       0,
                       0,
                       0,
                       0,
                       0,
                       0,
                       0,
                       0,
                       0,
                       0,
                       0,
                       0,
                       0,
                       0,
                       0,
                       0,
                       0,
                       0,
                       0,
                       0,
                       0,
                       0,
                       0,
                       0,
                       0,
                       0,
                       0,
                       0,
                       0,
                       0,
                       0,
                       0,
                       0,
                       0,
                       0,
                       0,
                       0,
                       0,
                       0,
                       0,
                       0,
                       0,
                       0,
                       0,
                       0,
                       0,
                       0,
                       0,
 WWBDRY =    0.000000000000000     ,
             0.000000000000000     ,
             0.000000000000000     ,
             0.000000000000000     ,
             0.000000000000000     ,
             0.000000000000000     ,
             0.000000000000000     ,
             0.000000000000000     ,
             0.000000000000000     ,
             0.000000000000000     ,
             0.000000000000000     ,
             0.000000000000000     ,
             0.000000000000000     ,
             0.000000000000000     ,
             0.000000000000000     ,
             0.000000000000000     ,
             0.000000000000000     ,
             0.000000000000000     ,
             0.000000000000000     ,
             0.000000000000000     ,
             0.000000000000000     ,
             0.000000000000000     ,
             0.000000000000000     ,
             0.000000000000000     ,
             0.000000000000000     ,
             0.000000000000000     ,
             0.000000000000000     ,
             0.000000000000000     ,
             0.000000000000000     ,
             0.000000000000000     ,
             0.000000000000000     ,
             0.000000000000000     ,
             0.000000000000000     ,
             0.000000000000000     ,
             0.000000000000000     ,
             0.000000000000000     ,
             0.000000000000000     ,
             0.000000000000000     ,
             0.000000000000000     ,
             0.000000000000000     ,
             0.000000000000000     ,
             0.000000000000000     ,
             0.000000000000000     ,
             0.000000000000000     ,
             0.000000000000000     ,
             0.000000000000000     ,
             0.000000000000000     ,
             0.000000000000000     ,
             0.000000000000000     ,
             0.000000000000000     ,
             0.000000000000000     ,
             0.000000000000000     ,
             0.000000000000000     ,
             0.000000000000000     ,
             0.000000000000000     ,
             0.000000000000000     ,
             0.000000000000000     ,
             0.000000000000000     ,
             0.000000000000000     ,
             0.000000000000000     ,
             0.000000000000000     ,
             0.000000000000000     ,
             0.000000000000000     ,
             0.000000000000000     ,
 WW2BDRY =    0.000000000000000     ,
              0.000000000000000     ,
              0.000000000000000     ,
              0.000000000000000     ,
              0.000000000000000     ,
              0.000000000000000     ,
              0.000000000000000     ,
              0.000000000000000     ,
              0.000000000000000     ,
              0.000000000000000     ,
              0.000000000000000     ,
              0.000000000000000     ,
              0.000000000000000     ,
              0.000000000000000     ,
              0.000000000000000     ,
              0.000000000000000     ,
              0.000000000000000     ,
              0.000000000000000     ,
              0.000000000000000     ,
              0.000000000000000     ,
              0.000000000000000     ,
              0.000000000000000     ,
              0.000000000000000     ,
              0.000000000000000     ,
              0.000000000000000     ,
              0.000000000000000     ,
              0.000000000000000     ,
              0.000000000000000     ,
              0.000000000000000     ,
              0.000000000000000     ,
              0.000000000000000     ,
              0.000000000000000     ,
              0.000000000000000     ,
              0.000000000000000     ,
              0.000000000000000     ,
              0.000000000000000     ,
              0.000000000000000     ,
              0.000000000000000     ,
              0.000000000000000     ,
              0.000000000000000     ,
              0.000000000000000     ,
              0.000000000000000     ,
              0.000000000000000     ,
              0.000000000000000     ,
              0.000000000000000     ,
              0.000000000000000     ,
              0.000000000000000     ,
              0.000000000000000     ,
              0.000000000000000     ,
              0.000000000000000     ,
              0.000000000000000     ,
              0.000000000000000     ,
              0.000000000000000     ,
              0.000000000000000     ,
              0.000000000000000     ,
              0.000000000000000     ,
              0.000000000000000     ,
              0.000000000000000     ,
              0.000000000000000     ,
              0.000000000000000     ,
              0.000000000000000     ,
              0.000000000000000     ,
              0.000000000000000     ,
              0.000000000000000     ,
 KWWBDRY =            0,
                      0,
                      0,
                      0,
                      0,
                      0,
                      0,
                      0,
                      0,
                      0,
                      0,
                      0,
                      0,
                      0,
                      0,
                      0,
                      0,
                      0,
                      0,
                      0,
                      0,
                      0,
                      0,
                      0,
                      0,
                      0,
                      0,
                      0,
                      0,
                      0,
                      0,
                      0,
                      0,
                      0,
                      0,
                      0,
                      0,
                      0,
                      0,
                      0,
                      0,
                      0,
                      0,
                      0,
                      0,
                      0,
                      0,
                      0,
                      0,
                      0,
                      0,
                      0,
                      0,
                      0,
                      0,
                      0,
                      0,
                      0,
                      0,
                      0,
                      0,
                      0,
                      0,
                      0,
 KWW2BDRY =            0,
                       0,
                       0,
                       0,
                       0,
                       0,
                       0,
                       0,
                       0,
                       0,
                       0,
                       0,
                       0,
                       0,
                       0,
                       0,
                       0,
                       0,
                       0,
                       0,
                       0,
                       0,
                       0,
                       0,
                       0,
                       0,
                       0,
                       0,
                       0,
                       0,
                       0,
                       0,
                       0,
                       0,
                       0,
                       0,
                       0,
                       0,
                       0,
                       0,
                       0,
                       0,
                       0,
                       0,
                       0,
                       0,
                       0,
                       0,
                       0,
                       0,
                       0,
                       0,
                       0,
                       0,
                       0,
                       0,
                       0,
                       0,
                       0,
                       0,
                       0,
                       0,
                       0,
                       0,
 KEEFNC =            0,
 KEEKNT =            0,
 EEKNT =    0.000000000000000     ,
            0.000000000000000     ,
            0.000000000000000     ,
            0.000000000000000     ,
            0.000000000000000     ,
            0.000000000000000     ,
            0.000000000000000     ,
            0.000000000000000     ,
            0.000000000000000     ,
            0.000000000000000     ,
            0.000000000000000     ,
            0.000000000000000     ,
            0.000000000000000     ,
            0.000000000000000     ,
            0.000000000000000     ,
            0.000000000000000     ,
            0.000000000000000     ,
            0.000000000000000     ,
            0.000000000000000     ,
            0.000000000000000     ,
            0.000000000000000     ,
            0.000000000000000     ,
            0.000000000000000     ,
            0.000000000000000     ,
            0.000000000000000     ,
            0.000000000000000     ,
            0.000000000000000     ,
            0.000000000000000     ,
            0.000000000000000     ,
            0.000000000000000     ,
            0.000000000000000     ,
            0.000000000000000     ,
 EETENS =    5.000000000000000     ,
 EEBDRY =    0.000000000000000     ,
             0.000000000000000     ,
             0.000000000000000     ,
             0.000000000000000     ,
             0.000000000000000     ,
             0.000000000000000     ,
             0.000000000000000     ,
             0.000000000000000     ,
             0.000000000000000     ,
             0.000000000000000     ,
             0.000000000000000     ,
             0.000000000000000     ,
             0.000000000000000     ,
             0.000000000000000     ,
             0.000000000000000     ,
             0.000000000000000     ,
             0.000000000000000     ,
             0.000000000000000     ,
             0.000000000000000     ,
             0.000000000000000     ,
             0.000000000000000     ,
             0.000000000000000     ,
             0.000000000000000     ,
             0.000000000000000     ,
             0.000000000000000     ,
             0.000000000000000     ,
             0.000000000000000     ,
             0.000000000000000     ,
             0.000000000000000     ,
             0.000000000000000     ,
             0.000000000000000     ,
             0.000000000000000     ,
 EE2BDRY =    0.000000000000000     ,
              0.000000000000000     ,
              0.000000000000000     ,
              0.000000000000000     ,
              0.000000000000000     ,
              0.000000000000000     ,
              0.000000000000000     ,
              0.000000000000000     ,
              0.000000000000000     ,
              0.000000000000000     ,
              0.000000000000000     ,
              0.000000000000000     ,
              0.000000000000000     ,
              0.000000000000000     ,
              0.000000000000000     ,
              0.000000000000000     ,
              0.000000000000000     ,
              0.000000000000000     ,
              0.000000000000000     ,
              0.000000000000000     ,
              0.000000000000000     ,
              0.000000000000000     ,
              0.000000000000000     ,
              0.000000000000000     ,
              0.000000000000000     ,
              0.000000000000000     ,
              0.000000000000000     ,
              0.000000000000000     ,
              0.000000000000000     ,
              0.000000000000000     ,
              0.000000000000000     ,
              0.000000000000000     ,
 KEEBDRY =            0,
                      0,
                      0,
                      0,
                      0,
                      0,
                      0,
                      0,
                      0,
                      0,
                      0,
                      0,
                      0,
                      0,
                      0,
                      0,
                      0,
                      0,
                      0,
                      0,
                      0,
                      0,
                      0,
                      0,
                      0,
                      0,
                      0,
                      0,
                      0,
                      0,
                      0,
                      0,
 KEE2BDRY =            0,
                       0,
                       0,
                       0,
                       0,
                       0,
                       0,
                       0,
                       0,
                       0,
                       0,
                       0,
                       0,
                       0,
                       0,
                       0,
                       0,
                       0,
                       0,
                       0,
                       0,
                       0,
                       0,
                       0,
                       0,
                       0,
                       0,
                       0,
                       0,
                       0,
                       0,
                       0
 /
 &CHIOUT
 SAISIL =    0.000000000000000     ,
             0.000000000000000     ,
             0.000000000000000     ,
             0.000000000000000     ,
             0.000000000000000     ,
             0.000000000000000     ,
             0.000000000000000     ,
             0.000000000000000     ,
             0.000000000000000     ,
             0.000000000000000     ,
             0.000000000000000     ,
             0.000000000000000     ,
             0.000000000000000     ,
             0.000000000000000     ,
             0.000000000000000     ,
             0.000000000000000     ,
             0.000000000000000     ,
             0.000000000000000     ,
             0.000000000000000     ,
             0.000000000000000     ,
             0.000000000000000     ,
             0.000000000000000     ,
             0.000000000000000     ,
             0.000000000000000     ,
             0.000000000000000     ,
             0.000000000000000     ,
             0.000000000000000     ,
             0.000000000000000     ,
             0.000000000000000     ,
             0.000000000000000     ,
             0.000000000000000     ,
             0.000000000000000     ,
             0.000000000000000     ,
             0.000000000000000     ,
             0.000000000000000     ,
             0.000000000000000     ,
             0.000000000000000     ,
             0.000000000000000     ,
             0.000000000000000     ,
             0.000000000000000     ,
             0.000000000000000     ,
             0.000000000000000     ,
             0.000000000000000     ,
             0.000000000000000     ,
 SAIMPI =    0.000000000000000     ,
             0.000000000000000     ,
             0.000000000000000     ,
             0.000000000000000     ,
             0.000000000000000     ,
             0.000000000000000     ,
             0.000000000000000     ,
             0.000000000000000     ,
             0.000000000000000     ,
             0.000000000000000     ,
             0.000000000000000     ,
             0.000000000000000     ,
             0.000000000000000     ,
             0.000000000000000     ,
             0.000000000000000     ,
             0.000000000000000     ,
             0.000000000000000     ,
             0.000000000000000     ,
             0.000000000000000     ,
             0.000000000000000     ,
             0.000000000000000     ,
             0.000000000000000     ,
             0.000000000000000     ,
             0.000000000000000     ,
             0.000000000000000     ,
             0.000000000000000     ,
             0.000000000000000     ,
             0.000000000000000     ,
             0.000000000000000     ,
             0.000000000000000     ,
             0.000000000000000     ,
             0.000000000000000     ,
             0.000000000000000     ,
             0.000000000000000     ,
             0.000000000000000     ,
             0.000000000000000     ,
             0.000000000000000     ,
             0.000000000000000     ,
             0.000000000000000     ,
             0.000000000000000     ,
             0.000000000000000     ,
             0.000000000000000     ,
             0.000000000000000     ,
             0.000000000000000     ,
             0.000000000000000     ,
             0.000000000000000     ,
             0.000000000000000     ,
             0.000000000000000     ,
             0.000000000000000     ,
             0.000000000000000     ,
             0.000000000000000     ,
             0.000000000000000     ,
             0.000000000000000     ,
             0.000000000000000     ,
             0.000000000000000     ,
             0.000000000000000     ,
             0.000000000000000     ,
             0.000000000000000     ,
             0.000000000000000     ,
             0.000000000000000     ,
             0.000000000000000     ,
             0.000000000000000     ,
             0.000000000000000     ,
             0.000000000000000     ,
             0.000000000000000     ,
             0.000000000000000     ,
             0.000000000000000     ,
             0.000000000000000     ,
             0.000000000000000     ,
             0.000000000000000     ,
             0.000000000000000     ,
             0.000000000000000     ,
             0.000000000000000     ,
             0.000000000000000     ,
             0.000000000000000     ,
             0.000000000000000     ,
 SAIPR =    0.000000000000000     ,
 SAIIP =    0.000000000000000     
 /
                                            MAG
