  EFITD    01/01/2017    #000001     1ms           3 129 129
 1.765979106E+00 3.324195964E+00 1.765979106E+00 8.726014406E-01 0.000000000E+00
 1.812522192E+00 1.905912808E-08-1.229932490E-01-3.159323618E-02 1.792385008E+00
 5.845844615E+05-1.229932490E-01 0.000000000E+00 1.812522192E+00 0.000000000E+00
 1.905912808E-08 0.000000000E+00-3.159323618E-02 0.000000000E+00 0.000000000E+00
 3.165314475E+00 3.165314475E+00 3.165314475E+00 3.165314475E+00 3.165314475E+00
 3.165314475E+00 3.165314475E+00 3.165314475E+00 3.165314475E+00 3.165314475E+00
 3.165314475E+00 3.165314475E+00 3.165314475E+00 3.165314475E+00 3.165314475E+00
 3.165314475E+00 3.165314475E+00 3.165314475E+00 3.165314475E+00 3.165314475E+00
 3.165314475E+00 3.165314475E+00 3.165314475E+00 3.165314475E+00 3.165314475E+00
 3.165314475E+00 3.165314475E+00 3.165314475E+00 3.165314475E+00 3.165314475E+00
 3.165314475E+00 3.165314475E+00 3.165314475E+00 3.165314475E+00 3.165314475E+00
 3.165314475E+00 3.165314475E+00 3.165314475E+00 3.165314475E+00 3.165314475E+00
 3.165314475E+00 3.165314475E+00 3.165314475E+00 3.165314475E+00 3.165314475E+00
 3.165314475E+00 3.165314475E+00 3.165314475E+00 3.165314475E+00 3.165314475E+00
 3.165314475E+00 3.165314475E+00 3.165314475E+00 3.165314475E+00 3.165314475E+00
 3.165314475E+00 3.165314475E+00 3.165314475E+00 3.165314475E+00 3.165314475E+00
 3.165314475E+00 3.165314475E+00 3.165314475E+00 3.165314475E+00 3.165314475E+00
 3.165314475E+00 3.165314475E+00 3.165314475E+00 3.165314475E+00 3.165314475E+00
 3.165314475E+00 3.165314475E+00 3.165314475E+00 3.165314475E+00 3.165314475E+00
 3.165314475E+00 3.165314475E+00 3.165314475E+00 3.165314475E+00 3.165314475E+00
 3.165314475E+00 3.165314475E+00 3.165314475E+00 3.165314475E+00 3.165314475E+00
 3.165314475E+00 3.165314475E+00 3.165314475E+00 3.165314475E+00 3.165314475E+00
 3.165314475E+00 3.165314475E+00 3.165314475E+00 3.165314475E+00 3.165314475E+00
 3.165314475E+00 3.165314475E+00 3.165314475E+00 3.165314475E+00 3.165314475E+00
 3.165314475E+00 3.165314475E+00 3.165314475E+00 3.165314475E+00 3.165314475E+00
 3.165314475E+00 3.165314475E+00 3.165314475E+00 3.165314475E+00 3.165314475E+00
 3.165314475E+00 3.165314475E+00 3.165314475E+00 3.165314475E+00 3.165314475E+00
 3.165314475E+00 3.165314475E+00 3.165314475E+00 3.165314475E+00 3.165314475E+00
 3.165314475E+00 3.165314475E+00 3.165314475E+00 3.165314475E+00 3.165314475E+00
 3.165314475E+00 3.165314475E+00 3.165314475E+00 3.165314475E+00
 3.005521196E+04 2.982040559E+04 2.958559923E+04 2.935079294E+04 2.911598657E+04
 2.888118020E+04 2.864637391E+04 2.841156754E+04 2.817676117E+04 2.794195489E+04
 2.770714852E+04 2.747234215E+04 2.723753586E+04 2.700272949E+04 2.676792312E+04
 2.653311684E+04 2.629831047E+04 2.606350410E+04 2.582869781E+04 2.559389144E+04
 2.535908507E+04 2.512427870E+04 2.488947242E+04 2.465466605E+04 2.441985968E+04
 2.418505339E+04 2.395024702E+04 2.371544065E+04 2.348063437E+04 2.324582800E+04
 2.301102163E+04 2.277621534E+04 2.254140897E+04 2.230660260E+04 2.207179632E+04
 2.183698995E+04 2.160218358E+04 2.136737721E+04 2.113257092E+04 2.089776455E+04
 2.066295818E+04 2.042815190E+04 2.019334553E+04 1.995853916E+04 1.972373287E+04
 1.948892650E+04 1.925412013E+04 1.901931385E+04 1.878450748E+04 1.854970111E+04
 1.831489482E+04 1.808008845E+04 1.784528208E+04 1.761047571E+04 1.737566943E+04
 1.714086306E+04 1.690605669E+04 1.667125040E+04 1.643644403E+04 1.620163766E+04
 1.596683138E+04 1.573202501E+04 1.549721864E+04 1.526241235E+04 1.502760598E+04
 1.479279961E+04 1.455799332E+04 1.432318696E+04 1.408838059E+04 1.385357430E+04
 1.361876793E+04 1.338396156E+04 1.314915519E+04 1.291434891E+04 1.267954254E+04
 1.244473617E+04 1.220992988E+04 1.197512351E+04 1.174031714E+04 1.150551085E+04
 1.127070449E+04 1.103589812E+04 1.080109183E+04 1.056628546E+04 1.033147909E+04
 1.009667280E+04 9.861866435E+03 9.627060067E+03 9.392253698E+03 9.157447410E+03
 8.922641041E+03 8.687834673E+03 8.453028385E+03 8.218222016E+03 7.983415672E+03
 7.748609335E+03 7.513802991E+03 7.278996646E+03 7.044190302E+03 6.809383957E+03
 6.574577613E+03 6.339771268E+03 6.104964924E+03 5.870158587E+03 5.635352243E+03
 5.400545899E+03 5.165739554E+03 4.930933210E+03 4.696126865E+03 4.461320521E+03
 4.226514184E+03 3.991707840E+03 3.756901495E+03 3.522095151E+03 3.287288806E+03
 3.052482462E+03 2.817676117E+03 2.582869781E+03 2.348063437E+03 2.113257092E+03
 1.878450748E+03 1.643644403E+03 1.408838059E+03 1.174031714E+03 9.392253698E+02
 7.044190302E+02 4.696126865E+02 2.348063437E+02 0.000000000E+00
 0.000000000E+00 0.000000000E+00 0.000000000E+00 0.000000000E+00 0.000000000E+00
 0.000000000E+00 0.000000000E+00 0.000000000E+00 0.000000000E+00 0.000000000E+00
 0.000000000E+00 0.000000000E+00 0.000000000E+00 0.000000000E+00 0.000000000E+00
 0.000000000E+00 0.000000000E+00 0.000000000E+00 0.000000000E+00 0.000000000E+00
 0.000000000E+00 0.000000000E+00 0.000000000E+00 0.000000000E+00 0.000000000E+00
 0.000000000E+00 0.000000000E+00 0.000000000E+00 0.000000000E+00 0.000000000E+00
 0.000000000E+00 0.000000000E+00 0.000000000E+00 0.000000000E+00 0.000000000E+00
 0.000000000E+00 0.000000000E+00 0.000000000E+00 0.000000000E+00 0.000000000E+00
 0.000000000E+00 0.000000000E+00 0.000000000E+00 0.000000000E+00 0.000000000E+00
 0.000000000E+00 0.000000000E+00 0.000000000E+00 0.000000000E+00 0.000000000E+00
 0.000000000E+00 0.000000000E+00 0.000000000E+00 0.000000000E+00 0.000000000E+00
 0.000000000E+00 0.000000000E+00 0.000000000E+00 0.000000000E+00 0.000000000E+00
 0.000000000E+00 0.000000000E+00 0.000000000E+00 0.000000000E+00 0.000000000E+00
 0.000000000E+00 0.000000000E+00 0.000000000E+00 0.000000000E+00 0.000000000E+00
 0.000000000E+00 0.000000000E+00 0.000000000E+00 0.000000000E+00 0.000000000E+00
 0.000000000E+00 0.000000000E+00 0.000000000E+00 0.000000000E+00 0.000000000E+00
 0.000000000E+00 0.000000000E+00 0.000000000E+00 0.000000000E+00 0.000000000E+00
 0.000000000E+00 0.000000000E+00 0.000000000E+00 0.000000000E+00 0.000000000E+00
 0.000000000E+00 0.000000000E+00 0.000000000E+00 0.000000000E+00 0.000000000E+00
 0.000000000E+00 0.000000000E+00 0.000000000E+00 0.000000000E+00 0.000000000E+00
 0.000000000E+00 0.000000000E+00 0.000000000E+00 0.000000000E+00 0.000000000E+00
 0.000000000E+00 0.000000000E+00 0.000000000E+00 0.000000000E+00 0.000000000E+00
 0.000000000E+00 0.000000000E+00 0.000000000E+00 0.000000000E+00 0.000000000E+00
 0.000000000E+00 0.000000000E+00 0.000000000E+00 0.000000000E+00 0.000000000E+00
 0.000000000E+00 0.000000000E+00 0.000000000E+00 0.000000000E+00 0.000000000E+00
 0.000000000E+00 0.000000000E+00 0.000000000E+00 0.000000000E+00
-3.288315951E+05-3.288315951E+05-3.288315951E+05-3.288315951E+05-3.288315951E+05
-3.288315951E+05-3.288315951E+05-3.288315951E+05-3.288315951E+05-3.288315951E+05
-3.288315951E+05-3.288315951E+05-3.288315951E+05-3.288315951E+05-3.288315951E+05
-3.288315951E+05-3.288315951E+05-3.288315951E+05-3.288315951E+05-3.288315951E+05
-3.288315951E+05-3.288315951E+05-3.288315951E+05-3.288315951E+05-3.288315951E+05
-3.288315951E+05-3.288315951E+05-3.288315951E+05-3.288315951E+05-3.288315951E+05
-3.288315951E+05-3.288315951E+05-3.288315951E+05-3.288315951E+05-3.288315951E+05
-3.288315951E+05-3.288315951E+05-3.288315951E+05-3.288315951E+05-3.288315951E+05
-3.288315951E+05-3.288315951E+05-3.288315951E+05-3.288315951E+05-3.288315951E+05
-3.288315951E+05-3.288315951E+05-3.288315951E+05-3.288315951E+05-3.288315951E+05
-3.288315951E+05-3.288315951E+05-3.288315951E+05-3.288315951E+05-3.288315951E+05
-3.288315951E+05-3.288315951E+05-3.288315951E+05-3.288315951E+05-3.288315951E+05
-3.288315951E+05-3.288315951E+05-3.288315951E+05-3.288315951E+05-3.288315951E+05
-3.288315951E+05-3.288315951E+05-3.288315951E+05-3.288315951E+05-3.288315951E+05
-3.288315951E+05-3.288315951E+05-3.288315951E+05-3.288315951E+05-3.288315951E+05
-3.288315951E+05-3.288315951E+05-3.288315951E+05-3.288315951E+05-3.288315951E+05
-3.288315951E+05-3.288315951E+05-3.288315951E+05-3.288315951E+05-3.288315951E+05
-3.288315951E+05-3.288315951E+05-3.288315951E+05-3.288315951E+05-3.288315951E+05
-3.288315951E+05-3.288315951E+05-3.288315951E+05-3.288315951E+05-3.288315951E+05
-3.288315951E+05-3.288315951E+05-3.288315951E+05-3.288315951E+05-3.288315951E+05
-3.288315951E+05-3.288315951E+05-3.288315951E+05-3.288315951E+05-3.288315951E+05
-3.288315951E+05-3.288315951E+05-3.288315951E+05-3.288315951E+05-3.288315951E+05
-3.288315951E+05-3.288315951E+05-3.288315951E+05-3.288315951E+05-3.288315951E+05
-3.288315951E+05-3.288315951E+05-3.288315951E+05-3.288315951E+05-3.288315951E+05
-3.288315951E+05-3.288315951E+05-3.288315951E+05-3.288315951E+05-3.288315951E+05
-3.288315951E+05-3.288315951E+05-3.288315951E+05-3.288315951E+05
-2.086454490E-01-2.166438448E-01-2.248600968E-01-2.332917014E-01-2.419293627E-01
-2.507543739E-01-2.597360100E-01-2.688294340E-01-2.779746002E-01-2.870963063E-01
-2.961049489E-01-3.048970901E-01-3.133548462E-01-3.213433861E-01-3.287953276E-01
-3.333951928E-01-3.337018625E-01-3.284480501E-01-3.190353366E-01-3.106070618E-01
-3.039196069E-01-2.990251473E-01-2.960958639E-01-2.942948919E-01-2.910967846E-01
-2.867030777E-01-2.812581146E-01-2.748486421E-01-2.675159962E-01-2.592679601E-01
-2.500889722E-01-2.399483588E-01-2.288033756E-01-2.165958840E-01-2.032462737E-01
-1.886470488E-01-1.726548008E-01-1.550780726E-01-1.356593312E-01-1.140526637E-01
-8.981045938E-02-6.528811994E-02-4.186070177E-02-1.914476914E-02 3.166336798E-03
 2.531668400E-02 4.750844321E-02 6.991923363E-02 9.271526323E-02 1.160616353E-01
 1.401312665E-01 1.651136050E-01 1.912241649E-01 2.187158815E-01 2.478932948E-01
 2.791303600E-01 3.128910236E-01 3.497455983E-01 3.897537923E-01 4.243669686E-01
 4.542674308E-01 4.791193491E-01 4.984993772E-01 5.140287813E-01 5.250240785E-01
 5.307098087E-01 5.324515232E-01 5.292587892E-01 5.199993197E-01 5.057237826E-01
 4.850335081E-01 4.591816310E-01 4.369207909E-01 4.175853252E-01 4.006604987E-01
 3.857329922E-01 3.724757764E-01 3.606295128E-01 3.499868054E-01 3.403800960E-01
 3.316725845E-01 3.237514413E-01 3.165226917E-01 3.099073443E-01 3.038384182E-01
 2.982586520E-01 2.931187097E-01 2.883757775E-01 2.839924350E-01 2.799357668E-01
 2.761766320E-01 2.726890754E-01 2.694498497E-01 2.664380092E-01 2.636345890E-01
 2.610223263E-01 2.585854320E-01 2.563094005E-01 2.541808499E-01 2.521873839E-01
 2.503174813E-01 2.485604043E-01 2.469061163E-01 2.453452179E-01 2.438688951E-01
 2.424688750E-01 2.411373919E-01 2.398671576E-01 2.386513414E-01 2.374835518E-01
 2.363578237E-01 2.352686086E-01 2.342107646E-01 2.331795499E-01 2.321706163E-01
 2.311800027E-01 2.302041268E-01 2.292397759E-01 2.282840980E-01 2.273345894E-01
 2.263890826E-01 2.254457305E-01 2.245029886E-01 2.235595988E-01 2.226145679E-01
 2.216671491E-01 2.207168203E-01 2.197632585E-01 2.188063244E-01-2.188755257E-01
-2.276557569E-01-2.367520252E-01-2.461807173E-01-2.559522962E-01-2.660664331E-01
-2.765062695E-01-2.872333802E-01-2.981858453E-01-3.092810689E-01-3.204221847E-01
-3.315049510E-01-3.424675542E-01-3.517564413E-01-3.571073058E-01-3.580224628E-01
-3.548251950E-01-3.466613079E-01-3.343395962E-01-3.234198715E-01-3.144842736E-01
-3.074774489E-01-3.024901403E-01-2.987705873E-01-2.939646828E-01-2.882777380E-01
-2.817877518E-01-2.745198508E-01-2.664706887E-01-2.576176972E-01-2.479253050E-01
-2.373502535E-01-2.258429997E-01-2.133438731E-01-1.997774180E-01-1.850473900E-01
-1.690314566E-01-1.515731555E-01-1.324669192E-01-1.114237415E-01-8.797642639E-02
-6.423966624E-02-4.138661213E-02-1.903544909E-02 3.067157873E-03 2.511994723E-02
 4.729498323E-02 6.975181316E-02 9.264705413E-02 1.161423520E-01 1.404120283E-01
 1.656512653E-01 1.920854918E-01 2.199814862E-01 2.496602662E-01 2.815107278E-01
 3.160006328E-01 3.536780377E-01 3.942851196E-01 4.299426197E-01 4.604542202E-01
 4.857416133E-01 5.057847703E-01 5.215015098E-01 5.325046019E-01 5.384488669E-01
 5.399622687E-01 5.363372833E-01 5.268842385E-01 5.119037858E-01 4.903295337E-01
 4.639951978E-01 4.409909058E-01 4.210052461E-01 4.035451220E-01 3.881923920E-01
 3.746040571E-01 3.625029744E-01 3.516659597E-01 3.419126630E-01 3.330963132E-01
 3.250964291E-01 3.178131801E-01 3.111630797E-01 3.050756703E-01 2.994909757E-01
 2.943575208E-01 2.896307789E-01 2.852719487E-01 2.812469735E-01 2.775257658E-01
 2.740815637E-01 2.708904186E-01 2.679307720E-01 2.651830987E-01 2.626296245E-01
 2.602540786E-01 2.580414932E-01 2.559780396E-01 2.540508804E-01 2.522480602E-01
 2.505584051E-01 2.489714432E-01 2.474773400E-01 2.460668472E-01 2.447312606E-01
 2.434623899E-01 2.422525302E-01 2.410944494E-01 2.399813720E-01 2.389069740E-01
 2.378653735E-01 2.368511286E-01 2.358592364E-01 2.348851284E-01 2.339246634E-01
 2.329741286E-01 2.320302291E-01 2.310900781E-01 2.301511835E-01 2.292114377E-01
 2.282690963E-01 2.273227587E-01 2.263713468E-01 2.254140819E-01 2.244504554E-01
 2.234802090E-01 2.225033003E-01 2.215198809E-01-2.285353979E-01-2.380373870E-01
-2.479611663E-01-2.583540168E-01-2.692634388E-01-2.807291322E-01-2.927688452E-01
-3.053593131E-01-3.184238338E-01-3.318432779E-01-3.454890048E-01-3.589309120E-01
-3.675259277E-01-3.732366450E-01-3.752424571E-01-3.729375652E-01-3.667755880E-01
-3.560062988E-01-3.416697237E-01-3.288751720E-01-3.180479270E-01-3.088587033E-01
-3.009790934E-01-2.938298236E-01-2.867039432E-01-2.792923059E-01-2.714554074E-01
-2.631069393E-01-2.541819166E-01-2.446242367E-01-2.343805635E-01-2.233968386E-01
-2.116160753E-01-1.989768332E-01-1.854122031E-01-1.708493646E-01-1.552102452E-01
-1.384145856E-01-1.203892434E-01-1.010974222E-01-8.065596049E-02-5.963470623E-02
-3.851431980E-02-1.737180606E-02 3.836962452E-03 2.519433218E-02 4.679959440E-02
 6.876287262E-02 9.120441394E-02 1.142565115E-01 1.380671794E-01 1.628054375E-01
 1.886685079E-01 2.158916201E-01 2.447616046E-01 2.756360510E-01 3.089692958E-01
 3.453402725E-01 3.845632587E-01 4.189601008E-01 4.483700212E-01 4.727933389E-01
 4.922459213E-01 5.075753440E-01 5.184157223E-01 5.244533219E-01 5.262648344E-01
 5.231923041E-01 5.145973068E-01 5.007131880E-01 4.804478091E-01 4.555497549E-01
 4.338975802E-01 4.151062157E-01 3.986506325E-01 3.841243874E-01 3.712127441E-01
 3.596685265E-01 3.492945792E-01 3.399314434E-01 3.314485628E-01 3.237378776E-01
 3.167090581E-01 3.102859058E-01 3.044035898E-01 2.990065063E-01 2.940466055E-01
 2.894820610E-01 2.852762088E-01 2.813966962E-01 2.778147896E-01 2.745048055E-01
 2.714436484E-01 2.686104229E-01 2.659861168E-01 2.635533288E-01 2.612960505E-01
 2.591994783E-01 2.572498532E-01 2.554343368E-01 2.537408993E-01 2.521582285E-01
 2.506756658E-01 2.492831399E-01 2.479711285E-01 2.467306241E-01 2.455531044E-01
 2.444305270E-01 2.433553118E-01 2.423203399E-01 2.413189585E-01 2.403449752E-01
 2.393926706E-01 2.384567982E-01 2.375325909E-01 2.366157589E-01 2.357024935E-01
 2.347894583E-01 2.338737819E-01 2.329530485E-01 2.320252795E-01 2.310889089E-01
 2.301427696E-01 2.291860531E-01 2.282182912E-01 2.272393158E-01 2.262492292E-01
 2.252483710E-01 2.242372827E-01-2.373818895E-01-2.474647338E-01-2.580597338E-01
-2.692567126E-01-2.811649880E-01-2.939121399E-01-3.076303786E-01-3.223910117E-01
-3.380456048E-01-3.536784845E-01-3.662679969E-01-3.757019781E-01-3.815158703E-01
-3.838478518E-01-3.822291360E-01-3.767490679E-01-3.678874517E-01-3.549276426E-01
-3.400751507E-01-3.269851458E-01-3.154383286E-01-3.050622933E-01-2.955422986E-01
-2.865646992E-01-2.778323330E-01-2.691028130E-01-2.601974178E-01-2.509860125E-01
-2.413700827E-01-2.312706796E-01-2.206207527E-01-2.093604110E-01-1.974341203E-01
-1.847893058E-01-1.713762146E-01-1.571492234E-01-1.420701915E-01-1.261150080E-01
-1.092851214E-01-9.162514230E-02-7.323978504E-02-5.428348419E-02-3.490536089E-02
-1.519953316E-02 4.800089852E-03 2.510396927E-02 4.575223633E-02 6.680554362E-02
 8.834025760E-02 1.104464943E-01 1.332280519E-01 1.568037815E-01 1.813103391E-01
 2.069067664E-01 2.337823942E-01 2.621724014E-01 2.923948300E-01 3.249598707E-01
 3.601984906E-01 3.906200137E-01 4.170971237E-01 4.393691657E-01 4.570515775E-01
 4.714694708E-01 4.819689758E-01 4.879112601E-01 4.904800117E-01 4.888438396E-01
 4.821408936E-01 4.713224434E-01 4.550531957E-01 4.341843535E-01 4.163419039E-01
 4.006448906E-01 3.866480602E-01 3.740775969E-01 3.627349457E-01 3.524636035E-01
 3.431349636E-01 3.346410009E-01 3.268898210E-01 3.198025940E-01 3.133112655E-01
 3.073567588E-01 3.018875252E-01 2.968583583E-01 2.922294122E-01 2.879653904E-01
 2.840348601E-01 2.804096889E-01 2.770645592E-01 2.739765668E-01 2.711248783E-01
 2.684904388E-01 2.660557272E-01 2.638045417E-01 2.617218291E-01 2.597935229E-01
 2.580064269E-01 2.563480983E-01 2.548067665E-01 2.533712584E-01 2.520309417E-01
 2.507756821E-01 2.495958153E-01 2.484821228E-01 2.474258251E-01 2.464185782E-01
 2.454524798E-01 2.445200783E-01 2.436143863E-01 2.427289020E-01 2.418576188E-01
 2.409950463E-01 2.401362223E-01 2.392767222E-01 2.384126652E-01 2.375407156E-01
 2.366580727E-01 2.357624619E-01 2.348521143E-01 2.339257426E-01 2.329825124E-01
 2.320220029E-01 2.310441734E-01 2.300493219E-01 2.290380403E-01 2.280111688E-01
 2.269697617E-01-2.452395847E-01-2.556685498E-01-2.666401027E-01-2.782796219E-01
-2.907563678E-01-3.043023705E-01-3.192544589E-01-3.361868046E-01-3.528416186E-01
-3.659379842E-01-3.756631584E-01-3.823446617E-01-3.841168275E-01-3.827152437E-01
-3.776964277E-01-3.682997101E-01-3.560301844E-01-3.433791485E-01-3.310690874E-01
-3.193394057E-01-3.082681789E-01-2.978017084E-01-2.878186300E-01-2.781686609E-01
-2.686952885E-01-2.592514381E-01-2.497081777E-01-2.399567156E-01-2.299063158E-01
-2.194808119E-01-2.086152985E-01-1.972535614E-01-1.853464282E-01-1.728510298E-01
-1.597310155E-01-1.459577678E-01-1.315127278E-01-1.163907825E-01-1.006042469E-01
-8.418591042E-02-6.718823817E-02-4.967589664E-02-3.171259944E-02-1.334827376E-02
 5.387935922E-03 2.448843479E-02 4.396450698E-02 6.384273385E-02 8.416171379E-02
 1.049693681E-01 1.263206681E-01 1.482754139E-01 1.708954917E-01 1.942406842E-01
 2.183612239E-01 2.432826250E-01 2.689692197E-01 2.952117007E-01 3.212398128E-01
 3.455886353E-01 3.673653328E-01 3.862569863E-01 4.021286718E-01 4.149031251E-01
 4.245229011E-01 4.309375911E-01 4.341012055E-01 4.339766866E-01 4.305542308E-01
 4.239017339E-01 4.143335870E-01 4.029226484E-01 3.912225950E-01 3.799564855E-01
 3.693393309E-01 3.594290050E-01 3.502246654E-01 3.417000387E-01 3.338175788E-01
 3.265353791E-01 3.198107873E-01 3.136023280E-01 3.078706921E-01 3.025791848E-01
 2.976938644E-01 2.931835040E-01 2.890194482E-01 2.851754236E-01 2.816273242E-01
 2.783529983E-01 2.753320390E-01 2.725455809E-01 2.699761281E-01 2.676073781E-01
 2.654240806E-01 2.634118952E-01 2.615572845E-01 2.598474004E-01 2.582700013E-01
 2.568133774E-01 2.554662871E-01 2.542179085E-01 2.530578045E-01 2.519759017E-01
 2.509624721E-01 2.500081356E-01 2.491038711E-01 2.482410278E-01 2.474113534E-01
 2.466070220E-01 2.458206701E-01 2.450454302E-01 2.442749659E-01 2.435035055E-01
 2.427258663E-01 2.419374825E-01 2.411344141E-01 2.403133576E-01 2.394716388E-01
 2.386072017E-01 2.377185879E-01 2.368049028E-01 2.358657789E-01 2.349013274E-01
 2.339120919E-01 2.328989921E-01 2.318632658E-01 2.308064169E-01 2.297301582E-01
-2.521043897E-01-2.625789887E-01-2.735188746E-01-2.850522132E-01-2.973567221E-01
-3.106709276E-01-3.253039142E-01-3.416252745E-01-3.569404788E-01-3.677719946E-01
-3.744417949E-01-3.772320218E-01-3.757724744E-01-3.703982078E-01-3.611464635E-01
-3.509341139E-01-3.404291042E-01-3.297933909E-01-3.191766571E-01-3.086970523E-01
-2.984227227E-01-2.883684246E-01-2.785051591E-01-2.687742944E-01-2.591007009E-01
-2.494030776E-01-2.396011112E-01-2.296196933E-01-2.193908265E-01-2.088540744E-01
-1.979562808E-01-1.866510857E-01-1.748985667E-01-1.626651721E-01-1.499240492E-01
-1.366557465E-01-1.228492458E-01-1.085030790E-01-9.362612602E-02-7.823748019E-02
-6.236475015E-02-4.604057826E-02-2.929795014E-02-1.216555938E-02 5.335537420E-03
 2.319342544E-02 4.140517584E-02 5.997553277E-02 7.891488284E-02 9.823670870E-02
 1.179544758E-01 1.380776251E-01 1.586060610E-01 1.795220555E-01 2.007777830E-01
 2.222756945E-01 2.438386256E-01 2.651723610E-01 2.858486850E-01 3.053642908E-01
 3.232611673E-01 3.391984304E-01 3.529465507E-01 3.643563375E-01 3.733342764E-01
 3.798294965E-01 3.838311547E-01 3.853758347E-01 3.845665768E-01 3.816054050E-01
 3.768313996E-01 3.707227429E-01 3.638066348E-01 3.565283674E-01 3.491968655E-01
 3.420052935E-01 3.350681499E-01 3.284499050E-01 3.221835692E-01 3.162823404E-01
 3.107469403E-01 3.055703137E-01 3.007406638E-01 2.962434454E-01 2.920626597E-01
 2.881817003E-01 2.845838935E-01 2.812528333E-01 2.781725816E-01 2.753277731E-01
 2.727036594E-01 2.702861101E-01 2.680615877E-01 2.660171097E-01 2.641401946E-01
 2.624188116E-01 2.608413225E-01 2.593964316E-01 2.580731389E-01 2.568606970E-01
 2.557485799E-01 2.547264579E-01 2.537841861E-01 2.529118003E-01 2.520995290E-01
 2.513378102E-01 2.506173261E-01 2.499290437E-01 2.492642639E-01 2.486146774E-01
 2.479724283E-01 2.473301724E-01 2.466811372E-01 2.460191814E-01 2.453388379E-01
 2.446353594E-01 2.439047399E-01 2.431437310E-01 2.423498463E-01 2.415213392E-01
 2.406571845E-01 2.397570302E-01 2.388211480E-01 2.378503736E-01 2.368460348E-01
 2.358098782E-01 2.347439975E-01 2.336507554E-01 2.325327157E-01-2.582490160E-01
-2.684795492E-01-2.789652767E-01-2.898034916E-01-3.011417628E-01-3.131821547E-01
-3.261804972E-01-3.404411621E-01-3.530670929E-01-3.608515268E-01-3.640436795E-01
-3.630035355E-01-3.572802903E-01-3.500609603E-01-3.421497396E-01-3.336836644E-01
-3.247995901E-01-3.156226351E-01-3.062615332E-01-2.968027515E-01-2.873058224E-01
-2.778019948E-01-2.682965822E-01-2.587738419E-01-2.492028478E-01-2.395431167E-01
-2.297493330E-01-2.197749160E-01-2.095744705E-01-1.991053540E-01-1.883286036E-01
-1.772095050E-01-1.657179831E-01-1.538289580E-01-1.415227315E-01-1.287854190E-01
-1.156093551E-01-1.019933783E-01-8.794280104E-02-7.346889987E-02-5.858780318E-02
-4.331882013E-02-2.768244613E-02-1.169842894E-02 4.615714204E-03 2.124546606E-02
 3.817927327E-02 5.540774004E-02 7.292212081E-02 9.071214345E-02 1.087631089E-01
 1.270521174E-01 1.455431661E-01 1.641808505E-01 1.828824790E-01 2.015289970E-01
 2.199564710E-01 2.379524005E-01 2.552630776E-01 2.716152606E-01 2.867459205E-01
 3.004270842E-01 3.124780611E-01 3.227671197E-01 3.312086990E-01 3.377608624E-01
 3.424253313E-01 3.452507454E-01 3.463384141E-01 3.458477794E-01 3.439959558E-01
 3.410443913E-01 3.372710574E-01 3.329378227E-01 3.282671430E-01 3.234339188E-01
 3.185685246E-01 3.137645960E-01 3.090873719E-01 3.045808896E-01 3.002736401E-01
 2.961828291E-01 2.923175369E-01 2.886810274E-01 2.852724380E-01 2.820880018E-01
 2.791219365E-01 2.763670796E-01 2.738153481E-01 2.714580631E-01 2.692861678E-01
 2.672903855E-01 2.654613171E-01 2.637894983E-01 2.622654361E-01 2.608796171E-01
 2.596225074E-01 2.584845463E-01 2.574561323E-01 2.565276089E-01 2.556892604E-01
 2.549313057E-01 2.542439092E-01 2.536171928E-01 2.530412728E-01 2.525063020E-01
 2.520025291E-01 2.515203653E-01 2.510504730E-01 2.505838574E-01 2.501119565E-01
 2.496267473E-01 2.491208371E-01 2.485875529E-01 2.480210196E-01 2.474162237E-01
 2.467690569E-01 2.460763442E-01 2.453358476E-01 2.445462482E-01 2.437071135E-01
 2.428188343E-01 2.418825576E-01 2.409000976E-01 2.398738364E-01 2.388066269E-01
 2.377016877E-01 2.365625022E-01 2.353927233E-01-2.642933892E-01-2.741019309E-01
-2.838055880E-01-2.934438560E-01-3.031206042E-01-3.130033859E-01-3.233206599E-01
-3.343663444E-01-3.434993115E-01-3.469414702E-01-3.457409382E-01-3.419922772E-01
-3.371270262E-01-3.313134087E-01-3.247227128E-01-3.175020298E-01-3.097785130E-01
-3.016613972E-01-2.932422857E-01-2.845945588E-01-2.757728329E-01-2.668131965E-01
-2.577345441E-01-2.485408774E-01-2.392242190E-01-2.297676955E-01-2.201484437E-01
-2.103401273E-01-2.003149778E-01-1.900453735E-01-1.795050257E-01-1.686698610E-01
-1.575187009E-01-1.460337863E-01-1.342012083E-01-1.220112513E-01-1.094586175E-01
-9.654251611E-02-8.326653670E-02-6.963829703E-02-5.566883730E-02-4.137182225E-02
-2.676265916E-02-1.185768314E-02 3.326432196E-03 1.877290968E-02 3.446466545E-02
 5.038363048E-02 6.650958495E-02 8.281850140E-02 9.928039041E-02 1.158566453E-01
 1.324969112E-01 1.491355958E-01 1.656883403E-01 1.820490812E-01 1.980887426E-01
 2.136569083E-01 2.285874795E-01 2.427081885E-01 2.558521609E-01 2.678688220E-01
 2.786320880E-01 2.880453460E-01 2.960440134E-01 3.025968751E-01 3.077070663E-01
 3.114129628E-01 3.137885367E-01 3.149420634E-01 3.150117725E-01 3.141575451E-01
 3.125492750E-01 3.103542638E-01 3.077266608E-01 3.048008649E-01 3.016890478E-01
 2.984817172E-01 2.952500079E-01 2.920486192E-01 2.889187801E-01 2.858909166E-01
 2.829869192E-01 2.802219986E-01 2.776061711E-01 2.751454366E-01 2.728426926E-01
 2.706984459E-01 2.687113628E-01 2.668786803E-01 2.651965232E-01 2.636601400E-01
 2.622640735E-01 2.610022820E-01 2.598682271E-01 2.588549280E-01 2.579550000E-01
 2.571606666E-01 2.564637759E-01 2.558558031E-01 2.553278535E-01 2.548706787E-01
 2.544746890E-01 2.541299936E-01 2.538264419E-01 2.535536974E-01 2.533013250E-01
 2.530588954E-01 2.528161138E-01 2.525629561E-01 2.522898199E-01 2.519876705E-01
 2.516481917E-01 2.512639175E-01 2.508283556E-01 2.503360816E-01 2.497828113E-01
 2.491654439E-01 2.484820696E-01 2.477319503E-01 2.469154653E-01 2.460340303E-01
 2.450899897E-01 2.440864942E-01 2.430273590E-01 2.419169179E-01 2.407598806E-01
 2.395611939E-01 2.383259118E-01-2.712574445E-01-2.807113084E-01-2.894901228E-01
-2.975452606E-01-3.049548786E-01-3.118842080E-01-3.185193279E-01-3.250690290E-01
-3.288388184E-01-3.288552747E-01-3.271984065E-01-3.241784007E-01-3.200453910E-01
-3.149935570E-01-3.091801977E-01-3.027360254E-01-2.957710301E-01-2.883777958E-01
-2.806332909E-01-2.725998356E-01-2.643257795E-01-2.558462616E-01-2.471842669E-01
-2.383520276E-01-2.293526963E-01-2.201821590E-01-2.108308433E-01-2.012854088E-01
-1.915302485E-01-1.815487687E-01-1.713244434E-01-1.608416839E-01-1.500865213E-01
-1.390471655E-01-1.277144349E-01-1.160820712E-01-1.041469480E-01-9.190915864E-02
-7.937197549E-02-6.654168546E-02-5.342731498E-02-4.004028401E-02-2.639404647E-02
-1.250378779E-02 1.613743810E-03 1.594020782E-02 3.045539402E-02 4.513666800E-02
 5.995812871E-02 7.488948809E-02 8.989469866E-02 1.049303869E-01 1.199441942E-01
 1.348731872E-01 1.496426085E-01 1.641653052E-01 1.783422612E-01 1.920645858E-01
 2.052171084E-01 2.176833553E-01 2.293512872E-01 2.401190135E-01 2.498997626E-01
 2.586257400E-01 2.662508575E-01 2.727524616E-01 2.781322696E-01 2.824165184E-01
 2.856551871E-01 2.879200263E-01 2.893011394E-01 2.899021240E-01 2.898341663E-01
 2.892098745E-01 2.881377540E-01 2.867179953E-01 2.850398846E-01 2.831806869E-01
 2.812056935E-01 2.791689998E-01 2.771146814E-01 2.750781231E-01 2.730873234E-01
 2.711641022E-01 2.693251625E-01 2.675830012E-01 2.659466753E-01 2.644224226E-01
 2.630141801E-01 2.617239954E-01 2.605523441E-01 2.594983966E-01 2.585602040E-01
 2.577348487E-01 2.570185550E-01 2.564067533E-01 2.558941392E-01 2.554746913E-01
 2.551416921E-01 2.548877269E-01 2.547046932E-01 2.545838038E-01 2.545156053E-01
 2.544900147E-01 2.544963773E-01 2.545235569E-01 2.545600507E-01 2.545941470E-01
 2.546141013E-01 2.546083422E-01 2.545656947E-01 2.544756058E-01 2.543283608E-01
 2.541152945E-01 2.538289680E-01 2.534633144E-01 2.530137479E-01 2.524772278E-01
 2.518522774E-01 2.511389508E-01 2.503387538E-01 2.494545306E-01 2.484902948E-01
 2.474510473E-01 2.463425684E-01 2.451712044E-01 2.439436582E-01 2.426667954E-01
 2.413474717E-01-2.806702228E-01-2.903871495E-01-2.983853866E-01-3.044712457E-01
-3.088740164E-01-3.121035566E-01-3.145204956E-01-3.160821009E-01-3.164466026E-01
-3.154684037E-01-3.132827290E-01-3.100598822E-01-3.059496179E-01-3.010798728E-01
-2.955602984E-01-2.894853085E-01-2.829362157E-01-2.759826332E-01-2.686833815E-01
-2.610871060E-01-2.532327909E-01-2.451503217E-01-2.368611613E-01-2.283792053E-01
-2.197117687E-01-2.108606747E-01-2.018233864E-01-1.925941099E-01-1.831648385E-01
-1.735262910E-01-1.636687440E-01-1.535827393E-01-1.432596869E-01-1.326923558E-01
-1.218752673E-01-1.108049990E-01-9.948039106E-02-8.790267470E-02-7.607551539E-02
-6.400498541E-02-5.169948234E-02-3.916961806E-02-2.642811224E-02-1.348972556E-02
-3.712726535E-04 1.290825501E-02 2.632742933E-02 3.986197876E-02 5.348423387E-02
 6.716244619E-02 8.086001352E-02 9.453467482E-02 1.081377600E-01 1.216136146E-01
 1.348993445E-01 1.479250475E-01 1.606146777E-01 1.728876415E-01 1.846611274E-01
 1.958530172E-01 2.063851611E-01 2.161866777E-01 2.251970021E-01 2.333684559E-01
 2.406682221E-01 2.470796753E-01 2.526030465E-01 2.572554082E-01 2.610699409E-01
 2.640944262E-01 2.663890040E-01 2.680232642E-01 2.690729158E-01 2.696163401E-01
 2.697313871E-01 2.694926848E-01 2.689696529E-01 2.682252358E-01 2.673152905E-01
 2.662884945E-01 2.651866238E-01 2.640450574E-01 2.628934049E-01 2.617561711E-01
 2.606534136E-01 2.596013519E-01 2.586129162E-01 2.576982282E-01 2.568650151E-01
 2.561189529E-01 2.554639545E-01 2.549024027E-01 2.544353277E-01 2.540625524E-01
 2.537827896E-01 2.535937105E-01 2.534919843E-01 2.534732930E-01 2.535323301E-01
 2.536627812E-01 2.538573032E-01 2.541075055E-01 2.544039441E-01 2.547361319E-01
 2.550925969E-01 2.554609719E-01 2.558281496E-01 2.561804832E-01 2.565040453E-01
 2.567849329E-01 2.570095986E-01 2.571651897E-01 2.572398804E-01 2.572231833E-01
 2.571062126E-01 2.568819028E-01 2.565451677E-01 2.560929987E-01 2.555244876E-01
 2.548407912E-01 2.540450110E-01 2.531420115E-01 2.521381804E-01 2.510411318E-01
 2.498593945E-01 2.486020866E-01 2.472786044E-01 2.458983481E-01 2.444704879E-01
-2.950435237E-01-3.072455869E-01-3.149885087E-01-3.182681644E-01-3.166543334E-01
-3.147503895E-01-3.130985464E-01-3.112713561E-01-3.090386277E-01-3.062581909E-01
-3.028706631E-01-2.988756664E-01-2.943046790E-01-2.892033165E-01-2.836218531E-01
-2.776103374E-01-2.712160407E-01-2.644820699E-01-2.574465908E-01-2.501424136E-01
-2.425968300E-01-2.348316493E-01-2.268634148E-01-2.187037762E-01-2.103599994E-01
-2.018355622E-01-1.931308263E-01-1.842437181E-01-1.751704167E-01-1.659059955E-01
-1.564450244E-01-1.467821038E-01-1.369123355E-01-1.268317272E-01-1.165375197E-01
-1.060284607E-01-9.530500650E-02-8.436946697E-02-7.322610047E-02-6.188116312E-02
-5.034292871E-02-3.862169297E-02-2.672978245E-02-1.468158684E-02-2.493632754E-03
 9.815283827E-03 2.222389879E-02 3.470821146E-02 4.724115540E-02 5.979222680E-02
 7.232710205E-02 8.480728952E-02 9.718987326E-02 1.094274187E-01 1.214681143E-01
 1.332562208E-01 1.447328850E-01 1.558373339E-01 1.665084327E-01 1.766865244E-01
 1.863154347E-01 1.953445007E-01 2.037304791E-01 2.114391962E-01 2.184468584E-01
 2.247409521E-01 2.303206903E-01 2.351969760E-01 2.393918912E-01 2.429377024E-01
 2.458754335E-01 2.482530934E-01 2.501236759E-01 2.515430826E-01 2.525681388E-01
 2.532548313E-01 2.536568732E-01 2.538246334E-01 2.538044286E-01 2.536381452E-01
 2.533631241E-01 2.530122412E-01 2.526141344E-01 2.521935066E-01 2.517714785E-01
 2.513659434E-01 2.509919273E-01 2.506619145E-01 2.503861439E-01 2.501728717E-01
 2.500285948E-01 2.499582368E-01 2.499652947E-01 2.500519514E-01 2.502191545E-01
 2.504666595E-01 2.507930436E-01 2.511956929E-01 2.516707582E-01 2.522130925E-01
 2.528161786E-01 2.534720455E-01 2.541711924E-01 2.549025497E-01 2.556534794E-01
 2.564098510E-01 2.571562063E-01 2.578760318E-01 2.585521287E-01 2.591670705E-01
 2.597037144E-01 2.601457298E-01 2.604781013E-01 2.606875921E-01 2.607631300E-01
 2.606961182E-01 2.604806670E-01 2.601137349E-01 2.595951789E-01 2.589277038E-01
 2.581167022E-01 2.571699750E-01 2.560973593E-01 2.549102566E-01 2.536211308E-01
 2.522429945E-01 2.507889363E-01 2.492717184E-01 2.477034642E-01-3.052484769E-01
-3.186913385E-01-3.261244253E-01-3.274286689E-01-3.224427810E-01-3.170417265E-01
-3.123268200E-01-3.079183038E-01-3.035734096E-01-2.991261481E-01-2.944697478E-01
-2.895423089E-01-2.843140368E-01-2.787766367E-01-2.729353386E-01-2.668032778E-01
-2.603976795E-01-2.537372843E-01-2.468406344E-01-2.397249338E-01-2.324053293E-01
-2.248944920E-01-2.172024333E-01-2.093365042E-01-2.013015479E-01-1.931001468E-01
-1.847329631E-01-1.761991179E-01-1.674966034E-01-1.586226895E-01-1.495743297E-01
-1.403485310E-01-1.309426994E-01-1.213549424E-01-1.115843335E-01-1.016311300E-01
-9.149695979E-02-8.118495707E-02-7.069987680E-02-6.004817451E-02-4.923806867E-02
-3.827959333E-02-2.718465007E-02-1.596706980E-02-4.642693824E-03 6.770521167E-03
 1.825237026E-02 2.978024376E-02 4.132895513E-02 5.287056910E-02 6.437425254E-02
 7.580617731E-02 8.712950997E-02 9.830452515E-02 1.092888796E-01 1.200380781E-01
 1.305061463E-01 1.406465160E-01 1.504130959E-01 1.597614842E-01 1.686502607E-01
 1.770422816E-01 1.849058954E-01 1.922160116E-01 1.989549476E-01 2.051130225E-01
 2.106888526E-01 2.156893255E-01 2.201292776E-01 2.240308498E-01 2.274226000E-01
 2.303383874E-01 2.328161284E-01 2.348964851E-01 2.366215896E-01 2.380338571E-01
 2.391749613E-01 2.400850062E-01 2.408018937E-01 2.413608932E-01 2.417943893E-01
 2.421317724E-01 2.423994493E-01 2.426209381E-01 2.428170161E-01 2.430059076E-01
 2.432034847E-01 2.434234707E-01 2.436776361E-01 2.439759790E-01 2.443268841E-01
 2.447372567E-01 2.452126324E-01 2.457572539E-01 2.463741194E-01 2.470649975E-01
 2.478304076E-01 2.486695626E-01 2.495802749E-01 2.505588258E-01 2.515997996E-01
 2.526958937E-01 2.538377145E-01 2.550135968E-01 2.562094722E-01 2.574088436E-01
 2.585929290E-01 2.597409916E-01 2.608308942E-01 2.618398287E-01 2.627451532E-01
 2.635252469E-01 2.641603007E-01 2.646329802E-01 2.649289710E-01 2.650373857E-01
 2.649510733E-01 2.646668270E-01 2.641854958E-01 2.635119521E-01 2.626549095E-01
 2.616265284E-01 2.604418125E-01 2.591178399E-01 2.576728910E-01 2.561255940E-01
 2.544941646E-01 2.527958287E-01 2.510464141E-01-3.092421148E-01-3.225689643E-01
-3.295423956E-01-3.298017825E-01-3.240641022E-01-3.169564586E-01-3.103799077E-01
-3.042268665E-01-2.983359075E-01-2.925745872E-01-2.868410500E-01-2.810608702E-01
-2.751824024E-01-2.691718654E-01-2.630088591E-01-2.566825829E-01-2.501888357E-01
-2.435277035E-01-2.367018198E-01-2.297150868E-01-2.225717618E-01-2.152758224E-01
-2.078305520E-01-2.002383200E-01-1.925004842E-01-1.846174190E-01-1.765886203E-01
-1.684128774E-01-1.600884757E-01-1.516134335E-01-1.429857431E-01-1.342036135E-01
-1.252656954E-01-1.161712985E-01-1.069205822E-01-9.751472648E-02-8.795607729E-02
-7.824826856E-02-6.839632490E-02-5.840674583E-02-4.828757673E-02-3.804847136E-02
-2.770075037E-02-1.725746151E-02-6.733443450E-03 3.854603685E-03 1.448804327E-02
 2.514622586E-02 3.580641867E-02 4.644375439E-02 5.703121069E-02 6.753964128E-02
 7.793787592E-02 8.819290974E-02 9.827019865E-02 1.081340734E-01 1.177482750E-01
 1.270766093E-01 1.360836978E-01 1.447358076E-01 1.530017090E-01 1.608535232E-01
 1.682675270E-01 1.752248387E-01 1.817119854E-01 1.877212864E-01 1.932510522E-01
 1.983055787E-01 2.028949382E-01 2.070345764E-01 2.107447437E-01 2.140497917E-01
 2.169773671E-01 2.195575645E-01 2.218220777E-01 2.238033921E-01 2.255340506E-01
 2.270460297E-01 2.283702228E-01 2.295360521E-01 2.305711855E-01 2.315013617E-01
 2.323503009E-01 2.331396847E-01 2.338891947E-01 2.346165821E-01 2.353377674E-01
 2.360669585E-01 2.368167624E-01 2.375983059E-01 2.384213411E-01 2.392943362E-01
 2.402245491E-01 2.412180825E-01 2.422799013E-01 2.434138296E-01 2.446224968E-01
 2.459072484E-01 2.472679971E-01 2.487030129E-01 2.502086440E-01 2.517789639E-01
 2.534053509E-01 2.550760217E-01 2.567755858E-01 2.584847184E-01 2.601800930E-01
 2.618347263E-01 2.634188342E-01 2.649011212E-01 2.662503247E-01 2.674367127E-01
 2.684333398E-01 2.692169567E-01 2.697686411E-01 2.700742218E-01 2.701246139E-01
 2.699161152E-01 2.694506698E-01 2.687360202E-01 2.677856440E-01 2.666182886E-01
 2.652570302E-01 2.637278704E-01 2.620580990E-01 2.602747051E-01 2.584031178E-01
 2.564663745E-01 2.544847179E-01-3.104653661E-01-3.238358930E-01-3.304000485E-01
-3.299437267E-01-3.226706101E-01-3.143750224E-01-3.066437697E-01-2.993515962E-01
-2.923959964E-01-2.856832255E-01-2.791319925E-01-2.726747680E-01-2.662573691E-01
-2.598375620E-01-2.533832486E-01-2.468705741E-01-2.402821578E-01-2.336055528E-01
-2.268319422E-01-2.199550948E-01-2.129705272E-01-2.058748728E-01-1.986654121E-01
-1.913397478E-01-1.838955915E-01-1.763306541E-01-1.686426118E-01-1.608291299E-01
-1.528879308E-01-1.448169044E-01-1.366142247E-01-1.282784895E-01-1.198088573E-01
-1.112051801E-01-1.024681399E-01-9.359935795E-02-8.460150972E-02-7.547841407E-02
-6.623511744E-02-5.687796425E-02-4.741465858E-02-3.785431773E-02-2.820752147E-02
-1.848635555E-02-8.704453888E-03 1.122964677E-03 1.097906380E-02 2.084536746E-02
 3.070175189E-02 4.052646143E-02 5.029615457E-02 5.998599358E-02 6.956978561E-02
 7.902018582E-02 8.830897111E-02 9.740738629E-02 1.062865622E-01 1.149180060E-01
 1.232741336E-01 1.313288537E-01 1.390581499E-01 1.464406570E-01 1.534581952E-01
 1.600962339E-01 1.663442643E-01 1.721960603E-01 1.776498173E-01 1.827081474E-01
 1.873779586E-01 1.916701918E-01 1.955994591E-01 1.991835814E-01 2.024430670E-01
 2.054005445E-01 2.080801923E-01 2.105071728E-01 2.127071143E-01 2.147056402E-01
 2.165279679E-01 2.181985836E-01 2.197409792E-01 2.211774709E-01 2.225290727E-01
 2.238154258E-01 2.250547736E-01 2.262639727E-01 2.274585309E-01 2.286526606E-01
 2.298593492E-01 2.310904282E-01 2.323566471E-01 2.336677368E-01 2.350324652E-01
 2.364586736E-01 2.379532951E-01 2.395223384E-01 2.411708373E-01 2.429027512E-01
 2.447207888E-01 2.466261571E-01 2.486181822E-01 2.506937865E-01 2.528467740E-01
 2.550668951E-01 2.573387313E-01 2.596405091E-01 2.619431960E-01 2.642104259E-01
 2.663998153E-01 2.684657041E-01 2.703625967E-01 2.720481813E-01 2.734852841E-01
 2.746427817E-01 2.754958650E-01 2.760260863E-01 2.762214893E-01 2.760769687E-01
 2.755949306E-01 2.747861244E-01 2.736703449E-01 2.722764118E-01 2.706408015E-01
 2.688047592E-01 2.668105718E-01 2.646981980E-01 2.625031008E-01 2.602553630E-01
 2.579797144E-01-3.083043961E-01-3.215123891E-01-3.277061532E-01-3.267360268E-01
-3.184804444E-01-3.094488504E-01-3.009757279E-01-2.929411276E-01-2.852769399E-01
-2.779161937E-01-2.707957330E-01-2.638583051E-01-2.570535836E-01-2.503383863E-01
-2.436763585E-01-2.370373344E-01-2.303965463E-01-2.237337942E-01-2.170326557E-01
-2.102797586E-01-2.034641581E-01-1.965768041E-01-1.896101192E-01-1.825576597E-01
-1.754138685E-01-1.681738937E-01-1.608334770E-01-1.533888943E-01-1.458369316E-01
-1.381749064E-01-1.304007016E-01-1.225128259E-01-1.145104796E-01-1.063936278E-01
-9.816307897E-02-8.982055385E-02-8.136875897E-02-7.281144719E-02-6.415347678E-02
-5.540086158E-02-4.656081613E-02-3.764179246E-02-2.865351279E-02-1.960699509E-02
-1.051457240E-02-1.389904040E-03 7.752022403E-03 1.689490262E-02 2.602114379E-02
 3.511191428E-02 4.414722108E-02 5.310601955E-02 6.196636235E-02 7.070558960E-02
 7.930056633E-02 8.772796457E-02 9.596458991E-02 1.039877457E-01 1.117756254E-01
 1.193077256E-01 1.265652514E-01 1.335315224E-01 1.401923316E-01 1.465362652E-01
 1.525549597E-01 1.582432788E-01 1.635994102E-01 1.686248741E-01 1.733244432E-01
 1.777059782E-01 1.817801887E-01 1.855603300E-01 1.890618575E-01 1.923020397E-01
 1.952995660E-01 1.980741567E-01 2.006461839E-01 2.030363263E-01 2.052652617E-01
 2.073534036E-01 2.093206823E-01 2.111863760E-01 2.129689798E-01 2.146861269E-01
 2.163545298E-01 2.179899670E-01 2.196072825E-01 2.212204143E-01 2.228424280E-01
 2.244855710E-01 2.261613230E-01 2.278804507E-01 2.296530633E-01 2.314886539E-01
 2.333961335E-01 2.353838433E-01 2.374595405E-01 2.396303372E-01 2.419025893E-01
 2.442816825E-01 2.467716884E-01 2.493748129E-01 2.520905078E-01 2.549140960E-01
 2.578346232E-01 2.608317433E-01 2.638717595E-01 2.669043560E-01 2.698635240E-01
 2.726752187E-01 2.752680910E-01 2.775806520E-01 2.795630988E-01 2.811762277E-01
 2.823896986E-01 2.831806907E-01 2.835332757E-01 2.834386627E-01 2.828964957E-01
 2.819174041E-01 2.805266983E-01 2.787678389E-01 2.767021377E-01 2.744013376E-01
 2.719358856E-01 2.693662558E-01 2.667402824E-01 2.640942454E-01 2.614550816E-01
-3.022486633E-01-3.148930156E-01-3.207271919E-01-3.193880280E-01-3.116480259E-01
-3.022822016E-01-2.933317905E-01-2.848262873E-01-2.767174006E-01-2.689534172E-01
-2.614826325E-01-2.542553113E-01-2.472250489E-01-2.403495825E-01-2.335911671E-01
-2.269165999E-01-2.202970272E-01-2.137075924E-01-2.071270222E-01-2.005371774E-01
-1.939226201E-01-1.872702083E-01-1.805687439E-01-1.738086621E-01-1.669817862E-01
-1.600811228E-01-1.531007108E-01-1.460355116E-01-1.388813366E-01-1.316348038E-01
-1.242933205E-01-1.168550829E-01-1.093190969E-01-1.016851980E-01-9.395409014E-02
-8.612737770E-02-7.820760384E-02-7.019828601E-02-6.210394930E-02-5.393015643E-02
-4.568353275E-02-3.737178727E-02-2.900372733E-02-2.058926714E-02-1.213942892E-02
-3.666335199E-03 4.816809538E-03 1.329575008E-02 2.175522746E-02 3.017904441E-02
 3.855015277E-02 4.685076588E-02 5.506249817E-02 6.316653370E-02 7.114382568E-02
 7.897532327E-02 8.664222647E-02 9.412626084E-02 1.014099690E-01 1.084770077E-01
 1.153124426E-01 1.219030301E-01 1.282374735E-01 1.343066471E-01 1.401037726E-01
 1.456245501E-01 1.508672262E-01 1.558326038E-01 1.605239969E-01 1.649471214E-01
 1.691099393E-01 1.730224582E-01 1.766964905E-01 1.801453995E-01 1.833838177E-01
 1.864273725E-01 1.892924197E-01 1.919957810E-01 1.945545163E-01 1.969857134E-01
 1.993063179E-01 2.015329815E-01 2.036819516E-01 2.057689900E-01 2.078093134E-01
 2.098175645E-01 2.118078033E-01 2.137935189E-01 2.157876551E-01 2.178026519E-01
 2.198504964E-01 2.219427804E-01 2.240907679E-01 2.263054645E-01 2.285976845E-01
 2.309781249E-01 2.334574259E-01 2.360462198E-01 2.387551652E-01 2.415949341E-01
 2.445761299E-01 2.477090831E-01 2.510033991E-01 2.544670285E-01 2.581042972E-01
 2.619115562E-01 2.658671046E-01 2.699097401E-01 2.739161651E-01 2.777320440E-01
 2.812343460E-01 2.843414146E-01 2.869980473E-01 2.891643624E-01 2.908097144E-01
 2.919094138E-01 2.924430568E-01 2.923940544E-01 2.917505839E-01 2.905090620E-01
 2.886832083E-01 2.863247154E-01 2.835501682E-01 2.805191220E-01 2.773637502E-01
 2.741687048E-01 2.709863208E-01 2.678497090E-01 2.647800936E-01-2.948061221E-01
-3.073105079E-01-3.128457407E-01-3.111773262E-01-3.026495940E-01-2.928965555E-01
-2.836565152E-01-2.748861813E-01-2.665435738E-01-2.585831844E-01-2.509580128E-01
-2.436213833E-01-2.365283711E-01-2.296367937E-01-2.229078450E-01-2.163063969E-01
-2.098010705E-01-2.033641312E-01-1.969712648E-01-1.906012947E-01-1.842358652E-01
-1.778591263E-01-1.714574293E-01-1.650190567E-01-1.585339767E-01-1.519936401E-01
-1.453908119E-01-1.387194342E-01-1.319745195E-01-1.251520797E-01-1.182490643E-01
-1.112633284E-01-1.041936138E-01-9.703954032E-02-8.980160764E-02-8.248120113E-02
-7.508060470E-02-6.760301204E-02-6.005254022E-02-5.243424034E-02-4.475410634E-02
-3.701908040E-02-2.923705286E-02-2.141685708E-02-1.356825669E-02-5.701925396E-03
 2.170583972E-03 1.003688095E-02 1.788379268E-02 2.569743418E-02 3.346329507E-02
 4.116634535E-02 4.879116015E-02 5.632206420E-02 6.374329666E-02 7.103919368E-02
 7.819438677E-02 8.519401352E-02 9.202393579E-02 9.867095914E-02 1.051230502E-01
 1.113695361E-01 1.174012944E-01 1.232109100E-01 1.287928038E-01 1.341433269E-01
 1.392608169E-01 1.441456025E-01 1.487999845E-01 1.532281601E-01 1.574361216E-01
 1.614315216E-01 1.652235100E-01 1.688225527E-01 1.722402407E-01 1.754890949E-01
 1.785823658E-01 1.815338511E-01 1.843577178E-01 1.870683450E-01 1.896801851E-01
 1.922076500E-01 1.946650102E-01 1.970663276E-01 1.994254046E-01 2.017557517E-01
 2.040705816E-01 2.063828158E-01 2.087051099E-01 2.110498959E-01 2.134294389E-01
 2.158559078E-01 2.183414630E-01 2.208983560E-01 2.235390498E-01 2.262763585E-01
 2.291236060E-01 2.320948174E-01 2.352049527E-01 2.384701781E-01 2.419082294E-01
 2.455388705E-01 2.493845362E-01 2.534712863E-01 2.578303708E-01 2.625011985E-01
 2.675384359E-01 2.730396131E-01 2.787764732E-01 2.840212287E-01 2.887273567E-01
 2.928042229E-01 2.962205589E-01 2.990143679E-01 3.011833059E-01 3.026915423E-01
 3.034558829E-01 3.034468539E-01 3.026935761E-01 3.011727625E-01 2.988112503E-01
 2.954505327E-01 2.911666678E-01 2.869476098E-01 2.828307827E-01 2.788418797E-01
 2.749956907E-01 2.712998231E-01 2.677569615E-01-2.849331885E-01-2.972604930E-01
-3.025188305E-01-3.005830118E-01-2.912006597E-01-2.812173346E-01-2.718505345E-01
-2.629961755E-01-2.546102571E-01-2.466456308E-01-2.390535478E-01-2.317855558E-01
-2.247949496E-01-2.180377643E-01-2.114733922E-01-2.050648877E-01-1.987790434E-01
-1.925863044E-01-1.864605714E-01-1.803789511E-01-1.743214649E-01-1.682707630E-01
-1.622118378E-01-1.561317639E-01-1.500194650E-01-1.438655012E-01-1.376618986E-01
-1.314019979E-01-1.250803329E-01-1.186925352E-01-1.122352556E-01-1.057061084E-01
-9.910363127E-02-9.242725099E-02-8.567726564E-02-7.885483197E-02-7.196195712E-02
-6.500149405E-02-5.797713837E-02-5.089342533E-02-4.375572557E-02-3.657023785E-02
-2.934397845E-02-2.208476583E-02-1.480119894E-02-7.502628906E-03-1.991218664E-04
 7.098586991E-03 1.437915059E-02 2.163067847E-02 2.884081862E-02 3.599685183E-02
 4.308580060E-02 5.009455094E-02 5.700998791E-02 6.381914175E-02 7.050934402E-02
 7.706839051E-02 8.348470688E-02 8.974751453E-02 9.584699017E-02 1.017744166E-01
 1.075223201E-01 1.130845865E-01 1.184565562E-01 1.236350967E-01 1.286186423E-01
 1.334072075E-01 1.380023726E-01 1.424072400E-01 1.466263618E-01 1.506656540E-01
 1.545322779E-01 1.582345217E-01 1.617816598E-01 1.651838141E-01 1.684518151E-01
 1.715970603E-01 1.746313860E-01 1.775669488E-01 1.804161189E-01 1.831913876E-01
 1.859052923E-01 1.885703601E-01 1.911990646E-01 1.938038042E-01 1.963968979E-01
 1.989905942E-01 2.015970978E-01 2.042286224E-01 2.068974503E-01 2.096160136E-01
 2.123970056E-01 2.152535064E-01 2.181991435E-01 2.212482834E-01 2.244162798E-01
 2.277197678E-01 2.311770569E-01 2.348086273E-01 2.386378116E-01 2.426917265E-01
 2.470026394E-01 2.516100325E-01 2.565639382E-01 2.619305395E-01 2.678014214E-01
 2.743044896E-01 2.816437060E-01 2.883980354E-01 2.942130930E-01 2.992713302E-01
 3.035941521E-01 3.071832675E-01 3.098709163E-01 3.116582231E-01 3.126720947E-01
 3.128886058E-01 3.122620616E-01 3.105583998E-01 3.077128506E-01 3.037408062E-01
 2.984544951E-01 2.929121376E-01 2.877537400E-01 2.829263628E-01 2.783954059E-01
 2.741358628E-01 2.701270877E-01-2.708647593E-01-2.825193335E-01-2.874649231E-01
-2.853579042E-01-2.769569453E-01-2.670818985E-01-2.577588078E-01-2.490085598E-01
-2.407777828E-01-2.330092790E-01-2.256458356E-01-2.186323369E-01-2.119170883E-01
-2.054525361E-01-1.991955561E-01-1.931074658E-01-1.871538518E-01-1.813043004E-01
-1.755320790E-01-1.698137911E-01-1.641290493E-01-1.584601487E-01-1.527917752E-01
-1.471107394E-01-1.414057377E-01-1.356671454E-01-1.298868360E-01-1.240580349E-01
-1.181751880E-01-1.122338562E-01-1.062306364E-01-1.001630865E-01-9.402967507E-02
-8.782973799E-02-8.156344712E-02-7.523178463E-02-6.883652334E-02-6.238021138E-02
-5.586615839E-02-4.929842303E-02-4.268179923E-02-3.602180146E-02-2.932464675E-02
-2.259723310E-02-1.584711273E-02-9.082459683E-03-2.312030662E-03 4.454881560E-03
 1.120850329E-02 1.793864400E-02 2.463476961E-02 3.128608614E-02 3.788163213E-02
 4.441038109E-02 5.086135210E-02 5.722372778E-02 6.348697749E-02 6.964098462E-02
 7.567617490E-02 8.158364205E-02 8.735526972E-02 9.298384455E-02 9.846315974E-02
 1.037881009E-01 1.089547238E-01 1.139603011E-01 1.188033637E-01 1.234837067E-01
 1.280023901E-01 1.323617048E-01 1.365651305E-01 1.406172707E-01 1.445237800E-01
 1.482912735E-01 1.519272298E-01 1.554398935E-01 1.588381725E-01 1.621315360E-01
 1.653299198E-01 1.684436344E-01 1.714832888E-01 1.744597177E-01 1.773839238E-01
 1.802670326E-01 1.831202675E-01 1.859549243E-01 1.887823780E-01 1.916140948E-01
 1.944616634E-01 1.973368448E-01 2.002516409E-01 2.032183794E-01 2.062498357E-01
 2.093593675E-01 2.125610937E-01 2.158701165E-01 2.193027898E-01 2.228770630E-01
 2.266129137E-01 2.305329036E-01 2.346628872E-01 2.390329474E-01 2.436786090E-01
 2.486424063E-01 2.539758058E-01 2.597412846E-01 2.660137277E-01 2.728793750E-01
 2.804297748E-01 2.883567119E-01 2.953057751E-01 3.013197318E-01 3.064194569E-01
 3.105742304E-01 3.137507460E-01 3.160193888E-01 3.174000764E-01 3.178599968E-01
 3.173103531E-01 3.156581521E-01 3.129079528E-01 3.090040266E-01 3.038380739E-01
 2.974591339E-01 2.914344733E-01 2.858837929E-01 2.807564278E-01 2.760091329E-01
 2.716039184E-01-2.550356904E-01-2.663671657E-01-2.710244084E-01-2.687659241E-01
-2.600277804E-01-2.502353081E-01-2.411655086E-01-2.327509164E-01-2.249123844E-01
-2.175721399E-01-2.106574797E-01-2.041024884E-01-1.978484996E-01-1.918438543E-01
-1.860433430E-01-1.804075281E-01-1.749020744E-01-1.694971245E-01-1.641667423E-01
-1.588884205E-01-1.536426564E-01-1.484125836E-01-1.431836490E-01-1.379433433E-01
-1.326809584E-01-1.273873921E-01-1.220549713E-01-1.166773102E-01-1.112491864E-01
-1.057664404E-01-1.002258904E-01-9.462526520E-02-8.896314607E-02-8.323892280E-02
-7.745275641E-02-7.160554922E-02-6.569891997E-02-5.973518276E-02-5.371732845E-02
-4.764900624E-02-4.153450640E-02-3.537874030E-02-2.918721957E-02-2.296603128E-02
-1.672180940E-02-1.046170181E-02-4.193331759E-03 2.075246908E-03 8.335600427E-03
 1.457897310E-02 2.079635215E-02 2.697853952E-02 3.311623078E-02 3.920009992E-02
 4.522089007E-02 5.116950899E-02 5.703712736E-02 6.281527894E-02 6.849596043E-02
 7.407172995E-02 7.953579995E-02 8.488212456E-02 9.010547841E-02 9.520152488E-02
 1.001668718E-01 1.049991144E-01 1.096968644E-01 1.142597600E-01 1.186884675E-01
 1.229846640E-01 1.271510070E-01 1.311910902E-01 1.351093963E-01 1.389112299E-01
 1.426026507E-01 1.461904045E-01 1.496818459E-01 1.530848658E-01 1.564078227E-01
 1.596594718E-01 1.628489099E-01 1.659855178E-01 1.690789193E-01 1.721389488E-01
 1.751756255E-01 1.781991467E-01 1.812198875E-01 1.842484173E-01 1.872955349E-01
 1.903723089E-01 1.934901491E-01 1.966608863E-01 1.998968848E-01 2.032111754E-01
 2.066176236E-01 2.101311345E-01 2.137679041E-01 2.175457341E-01 2.214844065E-01
 2.256061542E-01 2.299362236E-01 2.345035505E-01 2.393415455E-01 2.444889432E-01
 2.499906194E-01 2.558981633E-01 2.622698752E-01 2.691698383E-01 2.766659621E-01
 2.848405077E-01 2.927459973E-01 2.995489548E-01 3.051745270E-01 3.098061771E-01
 3.134975777E-01 3.162643754E-01 3.180245849E-01 3.186652663E-01 3.183221696E-01
 3.169903431E-01 3.146244848E-01 3.110743360E-01 3.061723678E-01 3.000010261E-01
 2.933408562E-01 2.872510116E-01 2.816856717E-01 2.765908014E-01 2.719151644E-01
-2.362255234E-01-2.471757970E-01-2.515332355E-01-2.491943024E-01-2.397524538E-01
-2.302996199E-01-2.218013536E-01-2.140485364E-01-2.069147132E-01-2.002899248E-01
-1.940814317E-01-1.882121939E-01-1.826183940E-01-1.772469698E-01-1.720535213E-01
-1.670006293E-01-1.620565494E-01-1.571942016E-01-1.523903852E-01-1.476251620E-01
-1.428813710E-01-1.381442375E-01-1.334010519E-01-1.286409129E-01-1.238545072E-01
-1.190339317E-01-1.141725424E-01-1.092648277E-01-1.043063040E-01-9.929342895E-02
-9.422352522E-02-8.909472254E-02-8.390590728E-02-7.865668042E-02-7.334732377E-02
-6.797877098E-02-6.255258343E-02-5.707092852E-02-5.153656038E-02-4.595280081E-02
-4.032352087E-02-3.465312011E-02-2.894650573E-02-2.320906733E-02-1.744664942E-02
-1.166552021E-02-5.872335031E-03-7.409630569E-05 5.721892657E-03 1.150807846E-02
 1.727671380E-02 2.301991916E-02 2.872974859E-02 3.439826078E-02 4.001759335E-02
 4.558003991E-02 5.107812955E-02 5.650470625E-02 6.185300811E-02 6.711674429E-02
 7.229016804E-02 7.736814498E-02 8.234621415E-02 8.722064212E-02 9.198846665E-02
 9.664753166E-02 1.011965111E-01 1.056349197E-01 1.099631167E-01 1.141822986E-01
 1.182944729E-01 1.223024376E-01 1.262097400E-01 1.300206353E-01 1.337400374E-01
 1.373734686E-01 1.409270032E-01 1.444072175E-01 1.478211337E-01 1.511761725E-01
 1.544801073E-01 1.577410234E-01 1.609672860E-01 1.641675150E-01 1.673505654E-01
 1.705255259E-01 1.737017136E-01 1.768886953E-01 1.800963111E-01 1.833347148E-01
 1.866144275E-01 1.899464114E-01 1.933421556E-01 1.968137917E-01 2.003742285E-01
 2.040373112E-01 2.078180251E-01 2.117327239E-01 2.157994065E-01 2.200380417E-01
 2.244709348E-01 2.291231408E-01 2.340229050E-01 2.392021080E-01 2.446966730E-01
 2.505468868E-01 2.567975952E-01 2.634982850E-01 2.707031432E-01 2.784710850E-01
 2.867546796E-01 2.940344296E-01 3.001588367E-01 3.052359847E-01 3.093079700E-01
 3.123726967E-01 3.143687497E-01 3.153585036E-01 3.153966773E-01 3.144651887E-01
 3.124980773E-01 3.093722004E-01 3.050970453E-01 2.996719089E-01 2.930732238E-01
 2.866531904E-01 2.808526975E-01 2.756019373E-01 2.708327268E-01-2.112356937E-01
-2.209414571E-01-2.248578183E-01-2.227164371E-01-2.151397582E-01-2.067837272E-01
-1.994027472E-01-1.928056114E-01-1.867994776E-01-1.812427151E-01-1.760316768E-01
-1.710890186E-01-1.663555456E-01-1.617848058E-01-1.573395037E-01-1.529891202E-01
-1.487082776E-01-1.444756171E-01-1.402729922E-01-1.360848844E-01-1.318979720E-01
-1.277007948E-01-1.234834978E-01-1.192376306E-01-1.149559785E-01-1.106324313E-01
-1.062618691E-01-1.018400773E-01-9.736366144E-02-9.282999009E-02-8.823713913E-02
-8.358384620E-02-7.886947513E-02-7.409398406E-02-6.925789917E-02-6.436229291E-02
-5.940876398E-02-5.439941992E-02-4.933686099E-02-4.422416374E-02-3.906486449E-02
-3.386294155E-02-2.862279525E-02-2.334922669E-02-1.804741192E-02-1.272287411E-02
-7.381451611E-03-2.029262018E-03 3.327337825E-03 8.681795825E-03 1.402741275E-02
 1.935739432E-02 2.466490640E-02 2.994313410E-02 3.518534276E-02 4.038494068E-02
 4.553554350E-02 5.063103814E-02 5.566564604E-02 6.063398389E-02 6.553112253E-02
 7.035263998E-02 7.509467079E-02 7.975394847E-02 8.432784113E-02 8.881437984E-02
 9.321227854E-02 9.752094594E-02 1.017404905E-01 1.058717139E-01 1.099160989E-01
 1.138757933E-01 1.177535825E-01 1.215528599E-01 1.252775918E-01 1.289322781E-01
 1.325219186E-01 1.360519670E-01 1.395282965E-01 1.429571564E-01 1.463451455E-01
 1.496991746E-01 1.530264428E-01 1.563344173E-01 1.596308194E-01 1.629236151E-01
 1.662210200E-01 1.695315051E-01 1.728638159E-01 1.762269996E-01 1.796304469E-01
 1.830839391E-01 1.865977110E-01 1.901825315E-01 1.938497873E-01 1.976115971E-01
 2.014809308E-01 2.054717497E-01 2.095991656E-01 2.138796108E-01 2.183310192E-01
 2.229730194E-01 2.278271235E-01 2.329169155E-01 2.382682500E-01 2.439095029E-01
 2.498719660E-01 2.561906097E-01 2.629055701E-01 2.700649143E-01 2.777315884E-01
 2.853211445E-01 2.917663313E-01 2.971006844E-01 3.012699200E-01 3.044213691E-01
 3.066626621E-01 3.080226101E-01 3.084722917E-01 3.078751795E-01 3.063130171E-01
 3.038288564E-01 3.003944308E-01 2.959219239E-01 2.902120073E-01 2.837439184E-01
 2.779704745E-01 2.728215401E-01 2.681954895E-01-1.817304862E-01-1.896836803E-01
-1.929851210E-01-1.915546999E-01-1.855100772E-01-1.792665119E-01-1.739642600E-01
-1.692279902E-01-1.648589357E-01-1.607439684E-01-1.568114603E-01-1.530122708E-01
-1.493105426E-01-1.456788135E-01-1.420952425E-01-1.385419400E-01-1.350039314E-01
-1.314684798E-01-1.279246308E-01-1.243628980E-01-1.207750379E-01-1.171538842E-01
-1.134932202E-01-1.097876835E-01-1.060326831E-01-1.022243361E-01-9.835941719E-02
-9.443531066E-02-9.044997290E-02-8.640190199E-02-8.229010927E-02-7.811409696E-02
-7.387383827E-02-6.956976124E-02-6.520273434E-02-6.077405437E-02-5.628543521E-02
-5.173899727E-02-4.713725754E-02-4.248311848E-02-3.777985629E-02-3.303110756E-02
-2.824085408E-02-2.341340420E-02-1.855337317E-02-1.366565850E-02-8.755413113E-03
-3.828014970E-03 1.110967307E-03 6.055811656E-03 1.100068329E-02 1.593967862E-02
 2.086687118E-02 2.577636076E-02 3.066232380E-02 3.551906474E-02 4.034106845E-02
 4.512305200E-02 4.986001575E-02 5.454729235E-02 5.918059372E-02 6.375605397E-02
 6.827026887E-02 7.272033023E-02 7.710385501E-02 8.141900850E-02 8.566452197E-02
 8.983970363E-02 9.394444286E-02 9.797920966E-02 1.019450462E-01 1.058435566E-01
 1.096768869E-01 1.134477024E-01 1.171591694E-01 1.208149195E-01 1.244190251E-01
 1.279759668E-01 1.314906082E-01 1.349681591E-01 1.384141562E-01 1.418344330E-01
 1.452350980E-01 1.486225203E-01 1.520033141E-01 1.553843254E-01 1.587726356E-01
 1.621755587E-01 1.656006498E-01 1.690557184E-01 1.725488504E-01 1.760884306E-01
 1.796831774E-01 1.833421809E-01 1.870749455E-01 1.908914346E-01 1.948021228E-01
 1.988180410E-01 2.029508205E-01 2.072127272E-01 2.116166729E-01 2.161762127E-01
 2.209054961E-01 2.258191886E-01 2.309323633E-01 2.362603731E-01 2.418188030E-01
 2.476236585E-01 2.536922277E-01 2.600458121E-01 2.667179268E-01 2.737532511E-01
 2.800563873E-01 2.851637342E-01 2.892191365E-01 2.924019421E-01 2.947705906E-01
 2.963334512E-01 2.970107270E-01 2.968064091E-01 2.958175489E-01 2.940491403E-01
 2.914701180E-01 2.879637096E-01 2.835009947E-01 2.781234225E-01 2.727787765E-01
 2.681216112E-01 2.639604345E-01-1.446576451E-01-1.484441045E-01-1.507039747E-01
-1.512696937E-01-1.503570395E-01-1.485950612E-01-1.464882744E-01-1.442213163E-01
-1.418594231E-01-1.394310461E-01-1.369500092E-01-1.344230404E-01-1.318529861E-01
-1.292404071E-01-1.265844669E-01-1.238834663E-01-1.211351876E-01-1.183371310E-01
-1.154866766E-01-1.125812005E-01-1.096181680E-01-1.065951893E-01-1.035100721E-01
-1.003608560E-01-9.714583410E-02-9.386357143E-02-9.051291996E-02-8.709302392E-02
-8.360332596E-02-8.004357066E-02-7.641380579E-02-7.271438416E-02-6.894596331E-02
-6.510950638E-02-6.120628153E-02-5.723786224E-02-5.320612645E-02-4.911325547E-02
-4.496173128E-02-4.075433412E-02-3.649413619E-02-3.218449530E-02-2.782904458E-02
-2.343168031E-02-1.899654624E-02-1.452801507E-02-1.003066623E-02-5.509260721E-03
-9.687131010E-04 3.585940347E-03 8.149575513E-03 1.271701721E-02 1.728307776E-02
 2.184259785E-02 2.639048810E-02 3.092177157E-02 3.543162684E-02 3.991543019E-02
 4.436879751E-02 4.878762392E-02 5.316812195E-02 5.750685642E-02 6.180077669E-02
 6.604724450E-02 7.024405793E-02 7.438947136E-02 7.848220985E-02 8.252147949E-02
 8.650697228E-02 9.043886654E-02 9.431782310E-02 9.814497665E-02 1.019219227E-01
 1.056507057E-01 1.093337930E-01 1.129740645E-01 1.165747804E-01 1.201395644E-01
 1.236723777E-01 1.271774960E-01 1.306594869E-01 1.341231869E-01 1.375736849E-01
 1.410163010E-01 1.444565758E-01 1.479002547E-01 1.513532798E-01 1.548217834E-01
 1.583120827E-01 1.618306834E-01 1.653842741E-01 1.689797357E-01 1.726241368E-01
 1.763247432E-01 1.800890104E-01 1.839245795E-01 1.878392629E-01 1.918410081E-01
 1.959378528E-01 2.001378366E-01 2.044488859E-01 2.088786282E-01 2.134341477E-01
 2.181216270E-01 2.229458611E-01 2.279095713E-01 2.330124270E-01 2.382495781E-01
 2.436092297E-01 2.490680562E-01 2.545802661E-01 2.600384843E-01 2.651342240E-01
 2.695658000E-01 2.732808570E-01 2.762816802E-01 2.785765287E-01 2.801732651E-01
 2.810783497E-01 2.812974285E-01 2.808368370E-01 2.797054889E-01 2.779171995E-01
 2.754948747E-01 2.724807905E-01 2.689705553E-01 2.652516715E-01 2.616838150E-01
 2.583405653E-01-1.098218098E-01-1.105847809E-01-1.120610429E-01-1.142208455E-01
-1.169454503E-01-1.186529583E-01-1.193610654E-01-1.193962052E-01-1.189593842E-01
-1.181756058E-01-1.171252897E-01-1.158619693E-01-1.144223510E-01-1.128321996E-01
-1.111099298E-01-1.092688769E-01-1.073187953E-01-1.052668629E-01-1.031183957E-01
-1.008773464E-01-9.854667524E-02-9.612862066E-02-9.362490960E-02-9.103690896E-02
-8.836574852E-02-8.561241337E-02-8.277781704E-02-7.986285847E-02-7.686846713E-02
-7.379563944E-02-7.064546754E-02-6.741916333E-02-6.411807814E-02-6.074371950E-02
-5.729776553E-02-5.378207705E-02-5.019870876E-02-4.654991780E-02-4.283817165E-02
-3.906615278E-02-3.523676201E-02-3.135311837E-02-2.741855635E-02-2.343661951E-02
-1.941105068E-02-1.534577852E-02-1.124490076E-02-7.112663816E-03-2.953439710E-03
 1.228300284E-03 5.428014254E-03 9.641120463E-03 1.386302998E-02 1.808918051E-02
 2.231507156E-02 2.653629971E-02 3.074859411E-02 3.494785191E-02 3.913017179E-02
 4.329188745E-02 4.742959855E-02 5.154019921E-02 5.562090467E-02 5.966927421E-02
 6.368323109E-02 6.766107899E-02 7.160151484E-02 7.550363738E-02 7.936695272E-02
 8.319137517E-02 8.697722532E-02 9.072522454E-02 9.443648579E-02 9.811250216E-02
 1.017551334E-01 1.053665880E-01 1.089494095E-01 1.125064537E-01 1.160408705E-01
 1.195560854E-01 1.230557773E-01 1.265438619E-01 1.300244708E-01 1.335019337E-01
 1.369807632E-01 1.404656370E-01 1.439613821E-01 1.474729645E-01 1.510054713E-01
 1.545640958E-01 1.581541251E-01 1.617809219E-01 1.654499001E-01 1.691665005E-01
 1.729361526E-01 1.767642276E-01 1.806559741E-01 1.846164335E-01 1.886503147E-01
 1.927618488E-01 1.969545667E-01 2.012310265E-01 2.055924292E-01 2.100381152E-01
 2.145648710E-01 2.191659731E-01 2.238298328E-01 2.285380091E-01 2.332622075E-01
 2.379596867E-01 2.425667201E-01 2.469925786E-01 2.511251386E-01 2.548579497E-01
 2.581155156E-01 2.608539046E-01 2.630500753E-01 2.646934311E-01 2.657813599E-01
 2.663174274E-01 2.663112592E-01 2.657797265E-01 2.647495233E-01 2.632615778E-01
 2.613777092E-01 2.591876873E-01 2.568063040E-01 2.543472446E-01 2.518930738E-01
-8.160455807E-02-8.103132630E-02-8.206183968E-02-8.474560791E-02-8.867617163E-02
-9.203786416E-02-9.446433664E-02-9.613287922E-02-9.719918650E-02-9.778348458E-02
-9.797640601E-02-9.784598291E-02-9.744351838E-02-9.680802938E-02-9.596948570E-02
-9.495113165E-02-9.377117004E-02-9.244398427E-02-9.098104005E-02-8.939155779E-02
-8.768302040E-02-8.586156115E-02-8.393226337E-02-8.189939383E-02-7.976658624E-02
-7.753698651E-02-7.521336840E-02-7.279822684E-02-7.029385224E-02-6.770239265E-02
-6.502590325E-02-6.226638868E-02-5.942583884E-02-5.650625885E-02-5.350969693E-02
-5.043826787E-02-4.729417512E-02-4.407973073E-02-4.079737271E-02-3.744968050E-02
-3.403938686E-02-3.056938674E-02-2.704274190E-02-2.346268131E-02-1.983259711E-02
-1.615603606E-02-1.243668738E-02-8.678366531E-03-4.884995746E-03-1.060582176E-03
 2.790806739E-03 6.665069614E-03 1.055809899E-02 1.446581015E-02 1.838417091E-02
 2.230923130E-02 2.623715375E-02 3.016424187E-02 3.408696931E-02 3.800200718E-02
 4.190624933E-02 4.579683651E-02 4.967117793E-02 5.352697063E-02 5.736221587E-02
 6.117523313E-02 6.496467048E-02 6.872951294E-02 7.246908643E-02 7.618306041E-02
 7.987144580E-02 8.353459143E-02 8.717317767E-02 9.078820682E-02 9.438099270E-02
 9.795314709E-02 1.015065675E-01 1.050434157E-01 1.085661092E-01 1.120772961E-01
 1.155798419E-01 1.190768094E-01 1.225714404E-01 1.260671361E-01 1.295674392E-01
 1.330760140E-01 1.365966253E-01 1.401331214E-01 1.436894074E-01 1.472694214E-01
 1.508771072E-01 1.545163835E-01 1.581910995E-01 1.619049940E-01 1.656616308E-01
 1.694643279E-01 1.733160652E-01 1.772193656E-01 1.811761491E-01 1.851875383E-01
 1.892536261E-01 1.933731621E-01 1.975431713E-01 2.017584500E-01 2.060109390E-01
 2.102889113E-01 2.145759579E-01 2.188497233E-01 2.230804563E-01 2.272295867E-01
 2.312489961E-01 2.350821707E-01 2.386684254E-01 2.419496439E-01 2.448765646E-01
 2.474118640E-01 2.495300656E-01 2.512160021E-01 2.524632338E-01 2.532730584E-01
 2.536542446E-01 2.536234297E-01 2.532060533E-01 2.524375416E-01 2.513640566E-01
 2.500415637E-01 2.485318137E-01 2.468954181E-01 2.451849315E-01-5.751204272E-02
-5.616580455E-02-5.687197515E-02-5.972504467E-02-6.469001573E-02-6.889397038E-02
-7.229874618E-02-7.501718056E-02-7.714405253E-02-7.876426974E-02-7.995052750E-02
-8.076342582E-02-8.125278203E-02-8.145930109E-02-8.141620022E-02-8.115062999E-02
-8.068485707E-02-8.003722305E-02-7.922291420E-02-7.825457507E-02-7.714279848E-02
-7.589651711E-02-7.452331763E-02-7.302969358E-02-7.142124945E-02-6.970286642E-02
-6.787883757E-02-6.595297786E-02-6.392871480E-02-6.180916344E-02-5.959718924E-02
-5.729546034E-02-5.490649421E-02-5.243269693E-02-4.987640048E-02-4.723989623E-02
-4.452546712E-02-4.173541885E-02-3.887210795E-02-3.593796971E-02-3.293554035E-02
-2.986747663E-02-2.673656874E-02-2.354574769E-02-2.029808637E-02-1.699679538E-02
-1.364521347E-02-1.024679397E-02-6.805087752E-03-3.323723648E-03 1.936135356E-04
 3.743206406E-03 7.321329510E-03 1.092427467E-02 1.454837654E-02 1.819003847E-02
 2.184575768E-02 2.551215047E-02 2.918597577E-02 3.286415847E-02 3.654381049E-02
 4.022225111E-02 4.389702427E-02 4.756591530E-02 5.122696424E-02 5.487847751E-02
 5.851903674E-02 6.214750558E-02 6.576303376E-02 6.936505870E-02 7.295330498E-02
 7.652778101E-02 8.008877402E-02 8.363684260E-02 8.717280794E-02 9.069774255E-02
 9.421295803E-02 9.771999110E-02 1.012205901E-01 1.047166959E-01 1.082104285E-01
 1.117040662E-01 1.152000309E-01 1.187008629E-01 1.222092056E-01 1.257277812E-01
 1.292593653E-01 1.328067675E-01 1.363727942E-01 1.399602268E-01 1.435717781E-01
 1.472100526E-01 1.508775008E-01 1.545763538E-01 1.583085615E-01 1.620757010E-01
 1.658788807E-01 1.697186094E-01 1.735946520E-01 1.775058431E-01 1.814498665E-01
 1.854229834E-01 1.894197180E-01 1.934324680E-01 1.974510670E-01 2.014622715E-01
 2.054492238E-01 2.093909107E-01 2.132617541E-01 2.170314942E-01 2.206656265E-01
 2.241266283E-01 2.273760173E-01 2.303769266E-01 2.330965576E-01 2.355079444E-01
 2.375908456E-01 2.393319450E-01 2.407247060E-01 2.417691585E-01 2.424717821E-01
 2.428454984E-01 2.429096940E-01 2.426900862E-01 2.422181554E-01 2.415298575E-01
 2.406635065E-01 2.396571193E-01 2.385458446E-01-3.771897302E-02-3.593410273E-02
-3.642981457E-02-3.927948210E-02-4.411161142E-02-4.873087862E-02-5.271100716E-02
-5.610132703E-02-5.895680068E-02-6.133222102E-02-6.327916232E-02-6.484437502E-02
-6.606920402E-02-6.698963924E-02-6.763670460E-02-6.803699557E-02-6.821325132E-02
-6.818490319E-02-6.796857167E-02-6.757850110E-02-6.702693505E-02-6.632443374E-02
-6.548014293E-02-6.450201880E-02-6.339701612E-02-6.217124594E-02-6.083010625E-02
-5.937839189E-02-5.782038539E-02-5.615993372E-02-5.440051305E-02-5.254528435E-02
-5.059714172E-02-4.855875657E-02-4.643261951E-02-4.422108050E-02-4.192639088E-02
-3.955074482E-02-3.709632276E-02-3.456533280E-02-3.196004918E-02-2.928284451E-02
-2.653621325E-02-2.372278574E-02-2.084533293E-02-1.790676370E-02-1.491011523E-02
-1.185853932E-02-8.755285135E-03-5.603679661E-03-2.407106578E-03 8.310158991E-04
 4.107257677E-03 7.418199641E-03 1.076045649E-02 1.413069951E-02 1.752567803E-02
 2.094224181E-02 2.437736031E-02 2.782814314E-02 3.129185706E-02 3.476594341E-02
 3.824803246E-02 4.173595685E-02 4.522776301E-02 4.872172021E-02 5.221632867E-02
 5.571032446E-02 5.920268293E-02 6.269262035E-02 6.617959301E-02 6.966329472E-02
 7.314365275E-02 7.662082078E-02 8.009517182E-02 8.356728845E-02 8.703795172E-02
 9.050812901E-02 9.397896036E-02 9.745174362E-02 1.009279193E-01 1.044090495E-01
 1.078968072E-01 1.113929459E-01 1.148992876E-01 1.184176940E-01 1.219500431E-01
 1.254982006E-01 1.290639874E-01 1.326491493E-01 1.362553090E-01 1.398839308E-01
 1.435362573E-01 1.472132556E-01 1.509155458E-01 1.546433105E-01 1.583962056E-01
 1.621732425E-01 1.659726524E-01 1.697917333E-01 1.736266748E-01 1.774723464E-01
 1.813220778E-01 1.851674031E-01 1.889978040E-01 1.928004528E-01 1.965599841E-01
 2.002583527E-01 2.038748295E-01 2.073862127E-01 2.107673295E-01 2.139918600E-01
 2.170334400E-01 2.198669169E-01 2.224695821E-01 2.248221930E-01 2.269097034E-01
 2.287217053E-01 2.302526388E-01 2.315018482E-01 2.324735558E-01 2.331767462E-01
 2.336249520E-01 2.338358665E-01 2.338307205E-01 2.336333746E-01 2.332691591E-01
 2.327635806E-01 2.321410905E-01-2.038590656E-02-1.830027011E-02-1.861437171E-02
-2.141986091E-02-2.622228563E-02-3.107137966E-02-3.540472685E-02-3.923475291E-02
-4.259343011E-02-4.551547622E-02-4.803602946E-02-5.018910974E-02-5.200664553E-02
-5.351794829E-02-5.474951135E-02-5.572502284E-02-5.646550776E-02-5.698954056E-02
-5.731348605E-02-5.745174514E-02-5.741699002E-02-5.722038101E-02-5.687176113E-02
-5.637982874E-02-5.575228752E-02-5.499597551E-02-5.411697667E-02-5.312071465E-02
-5.201203241E-02-5.079525961E-02-4.947426941E-02-4.805252763E-02-4.653313617E-02
-4.491887364E-02-4.321223515E-02-4.141547612E-02-3.953066013E-02-3.755971456E-02
-3.550449227E-02-3.336683745E-02-3.114864832E-02-2.885193068E-02-2.647883479E-02
-2.403167492E-02-2.151293260E-02-1.892524907E-02-1.627140981E-02-1.355432658E-02
-1.077701597E-02-7.942577237E-03-5.054169891E-03-2.114991182E-03 8.717457262E-04
 3.902833173E-03 6.975089789E-03 1.008538070E-02 1.323063698E-02 1.640787414E-02
 1.961421000E-02 2.284688058E-02 2.610325554E-02 2.938085211E-02 3.267734654E-02
 3.599058595E-02 3.931859646E-02 4.265959155E-02 4.601197752E-02 4.937435805E-02
 5.274553636E-02 5.612451642E-02 5.951050211E-02 6.290289488E-02 6.630128961E-02
 6.970546900E-02 7.311539668E-02 7.653120902E-02 7.995320446E-02 8.338183299E-02
 8.681768359E-02 9.026146989E-02 9.371401527E-02 9.717623608E-02 1.006491255E-01
 1.041337286E-01 1.076311265E-01 1.111424130E-01 1.146686616E-01 1.182109052E-01
 1.217700993E-01 1.253470901E-01 1.289425700E-01 1.325570362E-01 1.361907382E-01
 1.398436188E-01 1.435152488E-01 1.472047548E-01 1.509107277E-01 1.546311327E-01
 1.583631982E-01 1.621032984E-01 1.658468192E-01 1.695880267E-01 1.733199123E-01
 1.770340582E-01 1.807205004E-01 1.843676268E-01 1.879621193E-01 1.914889695E-01
 1.949315991E-01 1.982721061E-01 2.014916609E-01 2.045710393E-01 2.074912831E-01
 2.102344041E-01 2.127840883E-01 2.151263250E-01 2.172499134E-01 2.191468263E-01
 2.208124440E-01 2.222456591E-01 2.234488815E-01 2.244279266E-01 2.251918107E-01
 2.257524098E-01 2.261240024E-01 2.263226771E-01 2.263656505E-01 2.262705520E-01
 2.260547304E-01-4.692120474E-03-2.296373556E-03-2.446612343E-03-5.224597321E-03
-1.051982592E-02-1.553917847E-02-2.009674453E-02-2.422122154E-02-2.793206093E-02
-3.125155462E-02-3.420360949E-02-3.681260612E-02-3.910253099E-02-4.109636993E-02
-4.281572577E-02-4.428061020E-02-4.550936536E-02-4.651867425E-02-4.732362914E-02
-4.793783317E-02-4.837351861E-02-4.864167111E-02-4.875215082E-02-4.871380686E-02
-4.853458160E-02-4.822160474E-02-4.778127458E-02-4.721932895E-02-4.654090456E-02
-4.575058645E-02-4.485244924E-02-4.385009028E-02-4.274665817E-02-4.154487998E-02
-4.024708991E-02-3.885526569E-02-3.737107828E-02-3.579596202E-02-3.413120585E-02
-3.237806412E-02-3.053787104E-02-2.861213521E-02-2.660259674E-02-2.451124449E-02
-2.234030107E-02-2.009219419E-02-1.776952587E-02-1.537504279E-02-1.291160758E-02
-1.038217108E-02-7.789746738E-03-5.137386327E-03-2.428159233E-03 3.348676686E-04
 3.148648941E-03 6.010178812E-03 8.916508500E-03 1.186476247E-02 1.485215350E-02
 1.787599644E-02 2.093372092E-02 2.402288228E-02 2.714117126E-02 3.028642261E-02
 3.345662222E-02 3.664991268E-02 3.986459797E-02 4.309914609E-02 4.635219120E-02
 4.962253389E-02 5.290913965E-02 5.621113711E-02 5.952781381E-02 6.285861133E-02
 6.620311857E-02 6.956106453E-02 7.293230899E-02 7.631683222E-02 7.971472386E-02
 8.312616961E-02 8.655143745E-02 8.999086180E-02 9.344482642E-02 9.691374579E-02
 1.003980432E-01 1.038981316E-01 1.074143842E-01 1.109471086E-01 1.144965175E-01
 1.180626950E-01 1.216455562E-01 1.252448079E-01 1.288599027E-01 1.324899857E-01
 1.361338365E-01 1.397898100E-01 1.434557630E-01 1.471289800E-01 1.508060944E-01
 1.544829990E-01 1.581547615E-01 1.618155327E-01 1.654584667E-01 1.690756476E-01
 1.726580339E-01 1.761954352E-01 1.796765295E-01 1.830889332E-01 1.864193388E-01
 1.896537290E-01 1.927776591E-01 1.957766225E-01 1.986364618E-01 2.013438008E-01
 2.038864841E-01 2.062539720E-01 2.084376796E-01 2.104312404E-01 2.122306815E-01
 2.138345252E-01 2.152437899E-01 2.164619232E-01 2.174946476E-01 2.183497183E-01
 2.190366187E-01 2.195661843E-01 2.199501858E-01 2.202008967E-01 2.203306805E-01
 8.467081098E-03 1.103166834E-02 1.099888669E-02 8.286924107E-03 3.238616993E-03
-1.849288139E-03-6.549941486E-03-1.087379554E-02-1.483309114E-02-1.844276019E-02
-2.171952960E-02-2.468110922E-02-2.734552409E-02-2.973059973E-02-3.185358993E-02
-3.373092591E-02-3.537806468E-02-3.680941225E-02-3.803830193E-02-3.907701039E-02
-3.993679890E-02-4.062796803E-02-4.115992105E-02-4.154122751E-02-4.177968605E-02
-4.188238180E-02-4.185573839E-02-4.170556135E-02-4.143707394E-02-4.105494419E-02
-4.056330319E-02-3.996575457E-02-3.926537772E-02-3.846472578E-02-3.756582513E-02
-3.657018321E-02-3.547881983E-02-3.429234060E-02-3.301107316E-02-3.163527507E-02
-3.016538441E-02-2.860221279E-02-2.694703601E-02-2.520157572E-02-2.336790123E-02
-2.144833990E-02-1.944541693E-02-1.736181633E-02-1.520034582E-02-1.296389926E-02
-1.065542575E-02-8.277905388E-03-5.834331627E-03-3.327694687E-03-7.609650597E-04
 1.862923141E-03 4.541087953E-03 7.270713840E-03 1.004906466E-02 1.287349505E-02
 1.574146034E-02 1.865052479E-02 2.159836926E-02 2.458279688E-02 2.760173814E-02
 3.065325495E-02 3.373554337E-02 3.684693571E-02 3.998590096E-02 4.315104503E-02
 4.634110903E-02 4.955496676E-02 5.279162105E-02 5.605019917E-02 5.932994659E-02
 6.263022057E-02 6.595048137E-02 6.929028333E-02 7.264926468E-02 7.602713557E-02
 7.942366524E-02 8.283866771E-02 8.627198614E-02 8.972347505E-02 9.319298176E-02
 9.668032482E-02 1.001852710E-01 1.037075119E-01 1.072466308E-01 1.108020793E-01
 1.143731388E-01 1.179588848E-01 1.215581471E-01 1.251694683E-01 1.287910533E-01
 1.324207215E-01 1.360558499E-01 1.396933207E-01 1.433294627E-01 1.469599877E-01
 1.505799451E-01 1.541836571E-01 1.577646885E-01 1.613158062E-01 1.648289728E-01
 1.682953565E-01 1.717053792E-01 1.750487894E-01 1.783147914E-01 1.814922074E-01
 1.845696864E-01 1.875359500E-01 1.903800583E-01 1.930916991E-01 1.956614623E-01
 1.980810986E-01 2.003437444E-01 2.024441047E-01 2.043785762E-01 2.061453224E-01
 2.077442822E-01 2.091771307E-01 2.104471735E-01 2.115591987E-01 2.125192750E-01
 2.133345183E-01 2.140128356E-01 2.145626563E-01 2.149926786E-01 2.006953013E-02
 2.274794494E-02 2.281635791E-02 2.017482866E-02 1.532711016E-02 1.021558378E-02
 5.426705439E-03 9.701582202E-04-3.162680862E-03-6.982796096E-03-1.050266151E-02
-1.373565665E-02-1.669559576E-02-1.939636080E-02-2.185162715E-02-2.407466496E-02
-2.607820244E-02-2.787433885E-02-2.947449342E-02-3.088938450E-02-3.212902707E-02
-3.320274635E-02-3.411919883E-02-3.488639921E-02-3.551174877E-02-3.600206290E-02
-3.636359520E-02-3.660205732E-02-3.672263111E-02-3.672997300E-02-3.662820742E-02
-3.642090790E-02-3.611106477E-02-3.570103649E-02-3.519248871E-02-3.458632608E-02
-3.388263891E-02-3.308070749E-02-3.217915146E-02-3.117634560E-02-3.007115520E-02
-2.886338558E-02-2.755392794E-02-2.614459289E-02-2.463762383E-02-2.303546241E-02
-2.134070010E-02-1.955608483E-02-1.768449927E-02-1.572889220E-02-1.369223054E-02
-1.157748426E-02-9.387625668E-03-7.125624202E-03-4.794430824E-03-2.396959709E-03
 6.392734121E-05 2.585433686E-03 5.164838640E-03 7.799506348E-03 1.048689273E-02
 1.322455078E-02 1.601013489E-02 1.884140398E-02 2.171622451E-02 2.463257224E-02
 2.758853384E-02 3.058230739E-02 3.361220288E-02 3.667664101E-02 3.977415160E-02
 4.290337092E-02 4.606303807E-02 4.925199057E-02 5.246915861E-02 5.571355933E-02
 5.898428925E-02 6.228051618E-02 6.560147029E-02 6.894643352E-02 7.231472859E-02
 7.570570581E-02 7.911872968E-02 8.255316280E-02 8.600834906E-02 8.948359516E-02
 9.297814964E-02 9.649118061E-02 1.000217515E-01 1.035687958E-01 1.071310847E-01
 1.107071993E-01 1.142954985E-01 1.178940799E-01 1.215007454E-01 1.251129621E-01
 1.287278190E-01 1.323419932E-01 1.359517031E-01 1.395526743E-01 1.431401060E-01
 1.467086433E-01 1.502523550E-01 1.537647314E-01 1.572386866E-01 1.606665911E-01
 1.640403134E-01 1.673513004E-01 1.705906683E-01 1.737493350E-01 1.768181622E-01
 1.797881269E-01 1.826505039E-01 1.853970504E-01 1.880201873E-01 1.905131748E-01
 1.928702586E-01 1.950867889E-01 1.971593130E-01 1.990856270E-01 2.008647849E-01
 2.024970800E-01 2.039839859E-01 2.053280579E-01 2.065328200E-01 2.076026174E-01
 2.085424657E-01 2.093578879E-01 2.100547591E-01 3.077053680E-02 3.362720735E-02
 3.379050532E-02 3.118244911E-02 2.597054349E-02 2.081997200E-02 1.598521631E-02
 1.144822652E-02 7.200608931E-03 3.232815114E-03-4.654538710E-04-3.904888015E-03
-7.096333332E-03-1.005063264E-02-1.277850956E-02-1.529047865E-02-1.759677366E-02
-1.970728971E-02-2.163154016E-02-2.337862403E-02-2.495720525E-02-2.637550065E-02
-2.764127483E-02-2.876184020E-02-2.974406080E-02-3.059435638E-02-3.131870618E-02
-3.192264950E-02-3.241128115E-02-3.278923842E-02-3.306067657E-02-3.322922690E-02
-3.329793126E-02-3.326914183E-02-3.314437273E-02-3.292408516E-02-3.260739056E-02
-3.219168971E-02-3.167240241E-02-3.104342185E-02-3.030046858E-02-2.944186284E-02
-2.846872879E-02-2.738471233E-02-2.619306865E-02-2.489652798E-02-2.349772453E-02
-2.199955015E-02-2.040520470E-02-1.871785894E-02-1.694054930E-02-1.507623454E-02
-1.312788088E-02-1.109848915E-02-8.991051928E-03-6.808514667E-03-4.553759725E-03
-2.229598619E-03 1.612366321E-04 2.616100035E-03 5.132434129E-03 7.707770414E-03
 1.033972958E-02 1.302602177E-02 1.576444664E-02 1.855289348E-02 2.138934104E-02
 2.427185782E-02 2.719860146E-02 3.016781784E-02 3.317783889E-02 3.622707971E-02
 3.931403510E-02 4.243727509E-02 4.559544012E-02 4.878723534E-02 5.201142478E-02
 5.526682411E-02 5.855229362E-02 6.186672914E-02 6.520905274E-02 6.857820177E-02
 7.197311715E-02 7.539273002E-02 7.883594698E-02 8.230163409E-02 8.578859940E-02
 8.929557376E-02 9.282119028E-02 9.636396202E-02 9.992225845E-02 1.034942802E-01
 1.070780321E-01 1.106712974E-01 1.142716051E-01 1.178762058E-01 1.214820387E-01
 1.250857071E-01 1.286834491E-01 1.322711149E-01 1.358441483E-01 1.393975736E-01
 1.429259875E-01 1.464235672E-01 1.498840825E-01 1.533009243E-01 1.566671505E-01
 1.599755466E-01 1.632186959E-01 1.663890762E-01 1.694791624E-01 1.724815426E-01
 1.753890380E-01 1.781948286E-01 1.808925739E-01 1.834765236E-01 1.859416149E-01
 1.882835548E-01 1.904988781E-01 1.925849891E-01 1.945401673E-01 1.963635666E-01
 1.980551782E-01 1.996157825E-01 2.010468844E-01 2.023506348E-01 2.035297463E-01
 2.045874056E-01 2.055271910E-01 3.962497494E-02 4.254736090E-02 4.277623898E-02
 4.023034716E-02 3.520667163E-02 3.008499015E-02 2.524723439E-02 2.067832910E-02
 1.636775138E-02 1.230552860E-02 8.482364572E-03 4.889524399E-03 1.518643475E-03
-1.638431821E-03-4.589741749E-03-7.343254090E-03-9.906865294E-03-1.228837783E-02
-1.449546659E-02-1.653564243E-02-1.841621775E-02-2.014427736E-02-2.172665351E-02
-2.316990742E-02-2.448031467E-02-2.566385322E-02-2.672619400E-02-2.767269082E-02
-2.850836810E-02-2.923790391E-02-2.986560364E-02-3.039536045E-02-3.083059155E-02
-3.117413508E-02-3.142807681E-02-3.159343869E-02-3.166957565E-02-3.165290166E-02
-3.153396779E-02-3.129030931E-02-3.091184673E-02-3.039478222E-02-2.974156209E-02
-2.896801845E-02-2.807887311E-02-2.707561203E-02-2.595965628E-02-2.473386985E-02
-2.340296312E-02-2.197069680E-02-2.043996834E-02-1.881341967E-02-1.709391063E-02
-1.528462485E-02-1.338872795E-02-1.140925027E-02-9.349116680E-03-7.211179470E-03
-4.998200065E-03-2.712838717E-03-3.576628537E-04 2.064841377E-03 4.552264694E-03
 7.102272462E-03 9.712601807E-03 1.238105918E-02 1.510551980E-02 1.788392778E-02
 2.071429630E-02 2.359470691E-02 2.652330730E-02 2.949830756E-02 3.251797667E-02
 3.558063774E-02 3.868466315E-02 4.182847061E-02 4.501051748E-02 4.822929682E-02
 5.148333061E-02 5.477116401E-02 5.809135759E-02 6.144247878E-02 6.482309276E-02
 6.823175073E-02 7.166697890E-02 7.512726433E-02 7.861104089E-02 8.211667369E-02
 8.564244204E-02 8.918652151E-02 9.274696500E-02 9.632168319E-02 9.990842301E-02
 1.035047482E-01 1.071080163E-01 1.107153568E-01 1.143236567E-01 1.179295312E-01
 1.215293167E-01 1.251190510E-01 1.286944645E-01 1.322509758E-01 1.357836934E-01
 1.392874201E-01 1.427566722E-01 1.461857072E-01 1.495685551E-01 1.528990661E-01
 1.561709655E-01 1.593779189E-01 1.625136023E-01 1.655717797E-01 1.685463837E-01
 1.714315950E-01 1.742219186E-01 1.769122559E-01 1.794979638E-01 1.819749061E-01
 1.843394936E-01 1.865887053E-01 1.887201002E-01 1.907318203E-01 1.926225747E-01
 1.943916216E-01 1.960387385E-01 1.975641982E-01 1.989687337E-01 2.002535075E-01
 2.014200872E-01 4.709996792E-02 5.001110574E-02 5.028695980E-02 4.782756101E-02
 4.312838822E-02 3.810135577E-02 3.331672524E-02 2.877062540E-02 2.444824404E-02
 2.033909142E-02 1.643565178E-02 1.273200341E-02 9.222896801E-03 5.903231531E-03
 2.767800334E-03-1.888092065E-04-2.972225679E-03-5.588261188E-03-8.042859612E-03
-1.034203971E-02-1.249184044E-02-1.449827169E-02-1.636727256E-02-1.810467666E-02
-1.971618371E-02-2.120733854E-02-2.258351304E-02-2.384989360E-02-2.501147089E-02
-2.607303083E-02-2.703914745E-02-2.791417554E-02-2.870224513E-02-2.940726507E-02
-3.003295717E-02-3.058298736E-02-3.106138547E-02-3.147377533E-02-3.183085711E-02
-3.200381232E-02-3.199871905E-02-3.181001498E-02-3.141648961E-02-3.093298701E-02
-3.033754205E-02-2.961910660E-02-2.877256126E-02-2.779936513E-02-2.671565350E-02
-2.552543939E-02-2.422930375E-02-2.282789279E-02-2.132358782E-02-1.972096925E-02
-1.802378376E-02-1.623503623E-02-1.435756959E-02-1.239433805E-02-1.034816285E-02
-8.221683437E-03-6.017431709E-03-3.737891088E-03-1.385488684E-03 1.037410299E-03
 3.528492936E-03 6.085489214E-03 8.706173056E-03 1.138836723E-02 1.412994700E-02
 1.692884073E-02 1.978302648E-02 2.269052731E-02 2.564940473E-02 2.865775356E-02
 3.171369711E-02 3.481538415E-02 3.796098598E-02 4.114869439E-02 4.437671802E-02
 4.764327864E-02 5.094660675E-02 5.428493504E-02 5.765649139E-02 6.105949062E-02
 6.449212501E-02 6.795255386E-02 7.143889171E-02 7.494919651E-02 7.848145608E-02
 8.203357385E-02 8.560335486E-02 8.918849005E-02 9.278654116E-02 9.639492483E-02
 1.000108977E-01 1.036315398E-01 1.072537438E-01 1.108741993E-01 1.144893851E-01
 1.180955583E-01 1.216887511E-01 1.252647689E-01 1.288191971E-01 1.323474051E-01
 1.358445631E-01 1.393056626E-01 1.427255420E-01 1.460989210E-01 1.494204349E-01
 1.526846817E-01 1.558862647E-01 1.590198417E-01 1.620801748E-01 1.650621771E-01
 1.679609560E-01 1.707718519E-01 1.734904713E-01 1.761127136E-01 1.786347859E-01
 1.810532182E-01 1.833648663E-01 1.855669151E-01 1.876568771E-01 1.896325938E-01
 1.914922383E-01 1.932343251E-01 1.948577199E-01 1.963616701E-01 1.977458209E-01
 5.381347350E-02 5.672583385E-02 5.703668423E-02 5.467698857E-02 4.982468598E-02
 4.495246949E-02 4.031032643E-02 3.585348981E-02 3.156789691E-02 2.744961402E-02
 2.349812675E-02 1.971348374E-02 1.609523355E-02 1.264210722E-02 9.351995807E-03
 6.222035892E-03 3.248729510E-03 4.280661882E-04-2.244363907E-03-4.773270230E-03
-7.163576378E-03-9.420348260E-03-1.154873487E-02-1.355392039E-02-1.544108673E-02
-1.721538451E-02-1.888191339E-02-2.044570928E-02-2.191173992E-02-2.328490826E-02
-2.457006405E-02-2.577202550E-02-2.689560777E-02-2.794565430E-02-2.892704473E-02
-2.984460484E-02-3.070270536E-02-3.150395420E-02-3.224536155E-02-3.279624211E-02
-3.316710381E-02-3.336440740E-02-3.339524390E-02-3.327638827E-02-3.301008139E-02
-3.259070477E-02-3.200450671E-02-3.122318772E-02-3.036929527E-02-2.941604524E-02
-2.834925683E-02-2.716168679E-02-2.585365496E-02-2.444189962E-02-2.293039454E-02
-2.132004859E-02-1.961264987E-02-1.781211631E-02-1.592149565E-02-1.394313604E-02
-1.187931936E-02-9.732550520E-03-7.505290385E-03-5.199896795E-03-2.818696155E-03
-3.640353518E-04 2.161743790E-03 4.756333235E-03 7.417471748E-03 1.014294756E-02
 1.293059131E-02 1.577826302E-02 1.868383863E-02 2.164520239E-02 2.466024205E-02
 2.772684921E-02 3.084292003E-02 3.400635716E-02 3.721507094E-02 4.046697864E-02
 4.376000280E-02 4.709206791E-02 5.046109518E-02 5.386499681E-02 5.730166868E-02
 6.076898276E-02 6.426477824E-02 6.778685215E-02 7.133294957E-02 7.490075295E-02
 7.848787168E-02 8.209183074E-02 8.571005937E-02 8.933988042E-02 9.297849954E-02
 9.662299480E-02 1.002703077E-01 1.039172358E-01 1.075604251E-01 1.111963669E-01
 1.148213968E-01 1.184316919E-01 1.220232802E-01 1.255920438E-01 1.291337333E-01
 1.326439782E-01 1.361183106E-01 1.395521792E-01 1.429409796E-01 1.462800766E-01
 1.495648298E-01 1.527906205E-01 1.559528742E-01 1.590470832E-01 1.620688229E-01
 1.650137647E-01 1.678776784E-01 1.706564412E-01 1.733460271E-01 1.759425067E-01
 1.784420357E-01 1.808408540E-01 1.831352857E-01 1.853217544E-01 1.873968036E-01
 1.893571462E-01 1.911997155E-01 1.929217455E-01 1.945208561E-01 5.870042667E-02
 6.127570618E-02 6.156808810E-02 5.952684042E-02 5.525136587E-02 5.082611477E-02
 4.644384385E-02 4.212073019E-02 3.788929732E-02 3.377159702E-02 2.978155216E-02
 2.592771273E-02 2.221501456E-02 1.864586681E-02 1.522084597E-02 1.193916385E-02
 8.798996202E-03 5.797724466E-03 2.932119253E-03 1.984827324E-04-2.407238820E-03
-4.889365484E-03-7.252412440E-03-9.501033824E-03-1.163997940E-02-1.367406266E-02
-1.560813950E-02-1.744709748E-02-1.919585571E-02-2.085937910E-02-2.244270717E-02
-2.395100794E-02-2.538966452E-02-2.676441949E-02-2.808161950E-02-2.934865615E-02
-3.057482894E-02-3.177318048E-02-3.281350768E-02-3.368764893E-02-3.439445783E-02
-3.493576993E-02-3.531506374E-02-3.553675971E-02-3.560327347E-02-3.551512436E-02
-3.527230639E-02-3.487768258E-02-3.434601205E-02-3.367687023E-02-3.286171043E-02
-3.188341783E-02-3.070924059E-02-2.947152837E-02-2.813986334E-02-2.669904750E-02
-2.514542693E-02-2.349452718E-02-2.174899262E-02-1.990862140E-02-1.797442019E-02
-1.594986255E-02-1.383764738E-02-1.163986683E-02-9.358674832E-03-6.996583881E-03
-4.556150656E-03-2.039856977E-03 5.498929357E-04 3.210775613E-03 5.940523279E-03
 8.736880797E-03 1.159757117E-02 1.452028304E-02 1.750267210E-02 2.054236941E-02
 2.363699154E-02 2.678415022E-02 2.998146017E-02 3.322654231E-02 3.651702510E-02
 3.985054291E-02 4.322473289E-02 4.663723027E-02 5.008566361E-02 5.356764870E-02
 5.708078257E-02 6.062263682E-02 6.419075054E-02 6.778262337E-02 7.139570757E-02
 7.502740075E-02 7.867503834E-02 8.233588632E-02 8.600713389E-02 8.968588747E-02
 9.336916508E-02 9.705389122E-02 1.007368944E-01 1.044149053E-01 1.080845546E-01
 1.117423772E-01 1.153848160E-01 1.190082260E-01 1.226088810E-01 1.261829859E-01
 1.297266879E-01 1.332360837E-01 1.367072372E-01 1.401361871E-01 1.435189577E-01
 1.468515692E-01 1.501300382E-01 1.533503773E-01 1.565085894E-01 1.596006533E-01
 1.626225072E-01 1.655700196E-01 1.684389584E-01 1.712249658E-01 1.739235197E-01
 1.765299150E-01 1.790392514E-01 1.814464497E-01 1.837462827E-01 1.859334516E-01
 1.880026924E-01 1.899489162E-01 1.917673754E-01 6.340243763E-02 6.570321267E-02
 6.597385054E-02 6.413037530E-02 6.058192935E-02 5.642129994E-02 5.212777976E-02
 4.783055285E-02 4.358907531E-02 3.943532039E-02 3.538789174E-02 3.145800936E-02
 2.765238447E-02 2.397475390E-02 2.042677554E-02 1.700859090E-02 1.371920209E-02
 1.055673740E-02 7.518646879E-03 4.601850472E-03 1.802853457E-03-8.821629990E-04
-3.457270167E-03-5.926735464E-03-8.294979035E-03-1.056654164E-02-1.274606321E-02
-1.483827096E-02-1.684797926E-02-1.878010031E-02-2.063967035E-02-2.243189414E-02
-2.416221437E-02-2.583641501E-02-2.746076651E-02-2.904221433E-02-3.058857279E-02
-3.210856356E-02-3.345994985E-02-3.464451682E-02-3.566389677E-02-3.652011733E-02
-3.721556765E-02-3.775273048E-02-3.813373839E-02-3.836035074E-02-3.843431306E-02
-3.835789854E-02-3.813396943E-02-3.776306063E-02-3.724358233E-02-3.657326635E-02
-3.575268968E-02-3.479471891E-02-3.369401027E-02-3.243270151E-02-3.097510462E-02
-2.946203853E-02-2.785995168E-02-2.615169745E-02-2.433260278E-02-2.241861537E-02
-2.041205608E-02-1.831237104E-02-1.612049545E-02-1.384022385E-02-1.147474702E-02
-9.026726141E-03-6.498715369E-03-3.893057287E-03-1.211962711E-03 1.542321962E-03
 4.367412039E-03 7.260796041E-03 1.021987010E-02 1.324196896E-02 1.632439635E-02
 1.946444940E-02 2.265943433E-02 2.590667428E-02 2.920351087E-02 3.254730148E-02
 3.593541577E-02 3.936523201E-02 4.283413253E-02 4.633949995E-02 4.987871351E-02
 5.344914461E-02 5.704815286E-02 6.067308132E-02 6.432125236E-02 6.798996311E-02
 7.167648092E-02 7.537803908E-02 7.909183279E-02 8.281501634E-02 8.654469932E-02
 9.027794543E-02 9.401177073E-02 9.774314364E-02 1.014689867E-01 1.051861761E-01
 1.088915485E-01 1.125819016E-01 1.162540036E-01 1.199045922E-01 1.235303871E-01
 1.271280894E-01 1.306943888E-01 1.342259633E-01 1.377194754E-01 1.411715681E-01
 1.445788529E-01 1.479378868E-01 1.512451475E-01 1.544969940E-01 1.576896206E-01
 1.608189975E-01 1.638808074E-01 1.668703725E-01 1.697825835E-01 1.726118322E-01
 1.753519620E-01 1.779962592E-01 1.805374744E-01 1.829679181E-01 1.852796224E-01
 1.874645717E-01 1.895149887E-01 7.028690725E-02 7.311521554E-02 7.345193556E-02
 7.122061573E-02 6.672840290E-02 6.206831227E-02 5.753330999E-02 5.309526687E-02
 4.875274433E-02 4.451175238E-02 4.037892527E-02 3.635957842E-02 3.245737493E-02
 2.867445492E-02 2.501166557E-02 2.146878532E-02 1.804471776E-02 1.473765227E-02
 1.154519574E-02 8.464480740E-03 5.492254075E-03 2.624949152E-03-1.412548864E-04
-2.810385542E-03-5.386639361E-03-7.874353109E-03-1.027798299E-02-1.260209133E-02
-1.485134016E-02-1.703049220E-02-1.914441808E-02-2.119811099E-02-2.319670944E-02
-2.514552973E-02-2.705011145E-02-2.891628392E-02-3.075026276E-02-3.255876634E-02
-3.419782290E-02-3.567005357E-02-3.697791790E-02-3.812376490E-02-3.910984310E-02
-3.993826185E-02-4.061093379E-02-4.112957633E-02-4.149576970E-02-4.171099456E-02
-4.177651674E-02-4.169303886E-02-4.146075868E-02-4.107980184E-02-4.055084172E-02
-3.987523344E-02-3.905207092E-02-3.807918813E-02-3.695702510E-02-3.569891446E-02
-3.429855765E-02-3.273623195E-02-3.097319633E-02-2.915931737E-02-2.725819876E-02
-2.525115804E-02-2.313311712E-02-2.092144968E-02-1.861970182E-02-1.622920429E-02
-1.375302531E-02-1.119323722E-02-8.551397743E-03-5.829380948E-03-3.029721746E-03
-1.552544207E-04 2.791046920E-03 5.806114952E-03 8.886855225E-03 1.203019494E-02
 1.523310763E-02 1.849261611E-02 2.180578463E-02 2.516970867E-02 2.858150683E-02
 3.203831600E-02 3.553728784E-02 3.907558749E-02 4.265039194E-02 4.625888867E-02
 4.989827432E-02 5.356575240E-02 5.725853242E-02 6.097382727E-02 6.470885178E-02
 6.846082098E-02 7.222694921E-02 7.600444820E-02 7.979052756E-02 8.358239389E-02
 8.737725178E-02 9.117230512E-02 9.496475848E-02 9.875181994E-02 1.025307050E-01
 1.062986375E-01 1.100528575E-01 1.137906173E-01 1.175091916E-01 1.212058725E-01
 1.248779706E-01 1.285228088E-01 1.321377111E-01 1.357199891E-01 1.392669125E-01
 1.427756846E-01 1.462433855E-01 1.496669206E-01 1.530429426E-01 1.563677573E-01
 1.596372168E-01 1.628465860E-01 1.659904037E-01 1.690623382E-01 1.720550474E-01
 1.749600844E-01 1.777678595E-01 1.804677189E-01 1.830481522E-01 1.854971654E-01
 1.878027729E-01 7.590315137E-02 7.892132087E-02 7.930257481E-02 7.694693888E-02
 7.200538951E-02 6.711623695E-02 6.239362187E-02 5.780622781E-02 5.334257057E-02
 4.899728463E-02 4.476830502E-02 4.065499693E-02 3.665709384E-02 3.277416596E-02
 2.900538621E-02 2.534945046E-02 2.180457633E-02 1.836853627E-02 1.503870546E-02
 1.181211257E-02 8.685488849E-03 5.655312834E-03 2.717849086E-03-1.308185277E-04
-2.894759295E-03-5.578173371E-03-8.185374192E-03-1.072077473E-02-1.318887681E-02
-1.559426074E-02-1.794157481E-02-2.023551676E-02-2.248080384E-02-2.468212130E-02
-2.684404287E-02-2.897094598E-02-3.106704025E-02-3.313696711E-02-3.503723301E-02
-3.677134856E-02-3.834240887E-02-3.975303781E-02-4.100547153E-02-4.210163901E-02
-4.304321587E-02-4.383166263E-02-4.446825113E-02-4.495407169E-02-4.529000941E-02
-4.547671002E-02-4.551461192E-02-4.540404469E-02-4.514531935E-02-4.473868078E-02
-4.418405693E-02-4.348129896E-02-4.263075715E-02-4.163341129E-02-4.048773614E-02
-3.919079325E-02-3.774237856E-02-3.615601716E-02-3.442422945E-02-3.252522252E-02
-3.041706592E-02-2.825937437E-02-2.601467510E-02-2.366895540E-02-2.123548871E-02
-1.871435144E-02-1.610349815E-02-1.340322170E-02-1.061749881E-02-7.750055278E-03
-4.804401728E-03-1.784241142E-03 1.306763068E-03 4.465084425E-03 7.687355044E-03
 1.097032918E-02 1.431083259E-02 1.770572978E-02 2.115190860E-02 2.464627712E-02
 2.818576485E-02 3.176732610E-02 3.538794242E-02 3.904462458E-02 4.273441373E-02
 4.645438232E-02 5.020163426E-02 5.397330633E-02 5.776656791E-02 6.157862212E-02
 6.540670652E-02 6.924809425E-02 7.310009570E-02 7.696005972E-02 8.082537600E-02
 8.469347784E-02 8.856184477E-02 9.242800591E-02 9.628954400E-02 1.001440983E-01
 1.039893685E-01 1.078231156E-01 1.116431685E-01 1.154474140E-01 1.192338038E-01
 1.230003389E-01 1.267450618E-01 1.304660336E-01 1.341613045E-01 1.378288755E-01
 1.414666403E-01 1.450723106E-01 1.486433199E-01 1.521766990E-01 1.556689151E-01
 1.591156791E-01 1.625117029E-01 1.658504236E-01 1.691236973E-01 1.723214893E-01
 1.754316420E-01 1.784397852E-01 1.813295371E-01 1.840830720E-01 1.866820457E-01
 7.987425321E-02 8.291364444E-02 8.330067201E-02 8.094093205E-02 7.634507484E-02
 7.137967400E-02 6.655005346E-02 6.185883793E-02 5.729822975E-02 5.286223360E-02
 4.854649268E-02 4.434776177E-02 4.026341903E-02 3.629110472E-02 3.242848657E-02
 2.867312176E-02 2.502238624E-02 2.147344523E-02 1.802324924E-02 1.466854337E-02
 1.140588377E-02 8.231656439E-03 5.142096429E-03 2.133305299E-03-7.987331367E-04
-3.658139372E-03-6.449126747E-03-9.175991535E-03-1.184310362E-02-1.445489587E-02
-1.701584942E-02-1.953046742E-02-2.200322139E-02-2.443843390E-02-2.684000336E-02
-2.921073952E-02-3.155071992E-02-3.385317561E-02-3.598495496E-02-3.795286914E-02
-3.976082361E-02-4.141140053E-02-4.290652021E-02-4.424772595E-02-4.543630941E-02
-4.647336808E-02-4.735983173E-02-4.809647269E-02-4.868390787E-02-4.912260034E-02
-4.941287396E-02-4.955493775E-02-4.954890493E-02-4.939479013E-02-4.909249739E-02
-4.864185970E-02-4.804268751E-02-4.729468807E-02-4.639717948E-02-4.534933157E-02
-4.415075624E-02-4.280159760E-02-4.129908081E-02-3.963846705E-02-3.781701390E-02
-3.584465325E-02-3.370455029E-02-3.135449650E-02-2.896160343E-02-2.648449749E-02
-2.390173219E-02-2.120732868E-02-1.842069120E-02-1.554630247E-02-1.258676113E-02
-9.547227938E-03-6.432275399E-03-3.245954405E-03 8.161096854E-06 3.326739940E-03
 6.706490280E-03 1.014410112E-02 1.363624461E-02 1.717959642E-02 2.077085582E-02
 2.440675921E-02 2.808408843E-02 3.179967525E-02 3.555040510E-02 3.933321902E-02
 4.314511627E-02 4.698315704E-02 5.084446515E-02 5.472623047E-02 5.862571252E-02
 6.254024276E-02 6.646722789E-02 7.040415342E-02 7.434858719E-02 7.829818299E-02
 8.225068515E-02 8.620393313E-02 9.015586585E-02 9.410452713E-02 9.804806962E-02
 1.019847595E-01 1.059129794E-01 1.098312285E-01 1.137381217E-01 1.176323875E-01
 1.215128536E-01 1.253784321E-01 1.292280958E-01 1.330608371E-01 1.368756164E-01
 1.406712865E-01 1.444464937E-01 1.481995357E-01 1.519281785E-01 1.556294049E-01
 1.592990813E-01 1.629315154E-01 1.665188813E-01 1.700505119E-01 1.735120997E-01
 1.768849748E-01 1.801458483E-01 1.832675328E-01 1.862209213E-01 8.354666721E-02
 8.664570148E-02 8.704621168E-02 8.466051854E-02 7.989331992E-02 7.486536292E-02
 6.997499596E-02 6.521856918E-02 6.059121125E-02 5.608819265E-02 5.170514427E-02
 4.743807582E-02 4.328330002E-02 3.923732813E-02 3.529677371E-02 3.145827831E-02
 2.771845868E-02 2.407387522E-02 2.052101230E-02 1.705627034E-02 1.367596312E-02
 1.037631902E-02 7.153484334E-03 4.003527188E-03 9.224418216E-04-2.093847647E-03
-5.049483871E-03-7.948673542E-03-1.079568568E-02-1.359485233E-02-1.635057391E-02
-1.906733945E-02-2.174978139E-02-2.440281592E-02-2.703198728E-02-2.964428649E-02
-3.225006362E-02-3.471920534E-02-3.704104872E-02-3.921181652E-02-4.123053815E-02
-4.309736691E-02-4.481287686E-02-4.637776567E-02-4.779272571E-02-4.905838742E-02
-5.017529287E-02-5.114388258E-02-5.196448913E-02-5.263733535E-02-5.316253739E-02
-5.354011023E-02-5.376997254E-02-5.385194938E-02-5.378577227E-02-5.357108367E-02
-5.320743485E-02-5.269426527E-02-5.203087378E-02-5.121645024E-02-5.025011534E-02
-4.913082394E-02-4.785705545E-02-4.642709133E-02-4.483974890E-02-4.309482806E-02
-4.119048222E-02-3.912720847E-02-3.692026690E-02-3.456113971E-02-3.202527079E-02
-2.926582217E-02-2.646056855E-02-2.356832761E-02-2.057503810E-02-1.749850474E-02
-1.434395437E-02-1.111578915E-02-7.816947960E-03-4.450120569E-03-1.018507223E-03
 2.474399942E-03 6.024985261E-03 9.629624915E-03 1.328474198E-02 1.698682837E-02
 2.073245209E-02 2.451825815E-02 2.834096988E-02 3.219739139E-02 3.608441081E-02
 3.999900536E-02 4.393824586E-02 4.789930217E-02 5.187944744E-02 5.587606331E-02
 5.988664402E-02 6.390880177E-02 6.794027093E-02 7.197891379E-02 7.602272594E-02
 8.006984241E-02 8.411854445E-02 8.816726622E-02 9.221460164E-02 9.625931242E-02
 1.003003335E-01 1.043367814E-01 1.083679557E-01 1.123933438E-01 1.164126188E-01
 1.204256347E-01 1.244324137E-01 1.284331241E-01 1.324280473E-01 1.364175238E-01
 1.404018805E-01 1.443813145E-01 1.483557390E-01 1.523245416E-01 1.562862515E-01
 1.602380214E-01 1.641748602E-01 1.680884391E-01 1.719652660E-01 1.757840365E-01
 1.795125478E-01 1.831065239E-01 1.865143938E-01 8.667080739E-02 8.980120039E-02
 9.023189923E-02 8.780676059E-02 8.267033498E-02 7.760176586E-02 7.267850159E-02
 6.788493886E-02 6.321743584E-02 5.867197593E-02 5.424429352E-02 4.993005104E-02
 4.572493645E-02 4.162470829E-02 3.762520677E-02 3.372234767E-02 2.991210863E-02
 2.619051268E-02 2.255361250E-02 1.899747660E-02 1.551817648E-02 1.211177662E-02
 8.774326150E-03 5.501851056E-03 2.290348498E-03-8.642185370E-04-3.965925482E-03
-7.018889520E-03-1.002727158E-02-1.299527637E-02-1.592714897E-02-1.882716671E-02
-2.169962576E-02-2.454882666E-02-2.737908735E-02-3.019488369E-02-3.300144232E-02
-3.565854093E-02-3.816708647E-02-4.052733193E-02-4.273945961E-02-4.480370723E-02
-4.672036280E-02-4.848973162E-02-5.011210393E-02-5.158773060E-02-5.291680591E-02
-5.409945492E-02-5.513572588E-02-5.602558542E-02-5.676891567E-02-5.736551410E-02
-5.781509319E-02-5.811728003E-02-5.827161543E-02-5.827755289E-02-5.813445488E-02
-5.784158728E-02-5.739811489E-02-5.680310261E-02-5.605551604E-02-5.515421010E-02
-5.409792312E-02-5.288536245E-02-5.151534147E-02-4.998683474E-02-4.829885368E-02
-4.645082830E-02-4.444259803E-02-4.227054321E-02-3.992867501E-02-3.741309309E-02
-3.473395054E-02-3.187178576E-02-2.877984484E-02-2.564629481E-02-2.243519729E-02
-1.915353461E-02-1.579928619E-02-1.237180890E-02-8.874994749E-03-5.313116298E-03
-1.690485299E-03 1.988782656E-03 5.720759024E-03 9.501671486E-03 1.332787244E-02
 1.719581994E-02 2.110207106E-02 2.504328320E-02 2.901622071E-02 3.301776400E-02
 3.704491705E-02 4.109481588E-02 4.516473471E-02 4.925209250E-02 5.335445806E-02
 5.746955616E-02 6.159527319E-02 6.572966325E-02 6.987095506E-02 7.401755996E-02
 7.816808020E-02 8.232131840E-02 8.647628829E-02 9.063222598E-02 9.478860195E-02
 9.894513402E-02 1.031018021E-01 1.072588579E-01 1.114168422E-01 1.155765934E-01
 1.197392584E-01 1.239062997E-01 1.280794946E-01 1.322609322E-01 1.364529906E-01
 1.406583060E-01 1.448797083E-01 1.491201221E-01 1.533824040E-01 1.576690648E-01
 1.619818094E-01 1.663206756E-01 1.706823085E-01 1.750559441E-01 1.794124300E-01
 1.836762371E-01 1.877182749E-01 8.823289875E-02 9.132384636E-02 9.172263047E-02
 8.933443880E-02 8.466361435E-02 7.960894043E-02 7.467347039E-02 6.986565376E-02
 6.518212548E-02 6.061861597E-02 5.617038167E-02 5.183244381E-02 4.759976027E-02
 4.346733732E-02 3.943029492E-02 3.548389715E-02 3.162355914E-02 2.784483870E-02
 2.414342057E-02 2.051509602E-02 1.695574139E-02 1.346129754E-02 1.002775059E-02
 6.651114296E-03 3.327414439E-03 5.267515630E-05-3.177093360E-03-6.365905390E-03
-9.517807882E-03-1.263688417E-02-1.572724677E-02-1.879300404E-02-2.183815931E-02
-2.486634612E-02-2.788015503E-02-3.087945695E-02-3.385724355E-02-3.668226271E-02
-3.935982994E-02-4.189214475E-02-4.428008951E-02-4.652400359E-02-4.862400477E-02
-5.058011560E-02-5.239230667E-02-5.406050671E-02-5.558459985E-02-5.696441947E-02
-5.819974158E-02-5.929027924E-02-6.023567869E-02-6.103551545E-02-6.168929235E-02
-6.219643724E-02-6.255630070E-02-6.276815432E-02-6.283118785E-02-6.274450701E-02
-6.250713162E-02-6.211799586E-02-6.157594914E-02-6.087975898E-02-6.002812067E-02
-5.901967957E-02-5.785305379E-02-5.652683396E-02-5.503954398E-02-5.338958755E-02
-5.157505066E-02-4.959326904E-02-4.744102618E-02-4.511517869E-02-4.261277747E-02
-3.992735588E-02-3.705165121E-02-3.398748038E-02-3.069379859E-02-2.736458103E-02
-2.395597220E-02-2.045287989E-02-1.687466832E-02-1.322760355E-02-9.517522198E-03
-5.748992479E-03-1.926178707E-03 1.946999460E-03 5.866750596E-03 9.829375351E-03
 1.383126225E-02 1.786890281E-02 2.193891176E-02 2.603804679E-02 3.016322273E-02
 3.431152201E-02 3.848020316E-02 4.266670665E-02 4.686866074E-02 5.108388654E-02
 5.531040467E-02 5.954644107E-02 6.379043511E-02 6.804104852E-02 7.229717550E-02
 7.655795475E-02 8.082278396E-02 8.509133508E-02 8.936357320E-02 9.363977665E-02
 9.792056041E-02 1.022069020E-01 1.065001720E-01 1.108021615E-01 1.151151256E-01
 1.194418179E-01 1.237855370E-01 1.281501805E-01 1.325402985E-01 1.369611667E-01
 1.414188652E-01 1.459203852E-01 1.504737693E-01 1.550883230E-01 1.597749580E-01
 1.645468193E-01 1.694206099E-01 1.744198961E-01 1.795859416E-01 1.849651288E-01
 1.898940986E-01 8.962773541E-02 9.272092980E-02 9.311195259E-02 9.071103757E-02
 8.595236187E-02 8.089390337E-02 7.596514255E-02 7.116587050E-02 6.649130924E-02
 6.193583330E-02 5.749338336E-02 5.315775988E-02 4.892282985E-02 4.478265747E-02
 4.073157354E-02 3.676420086E-02 3.287544964E-02 2.906049594E-02 2.531474930E-02
 2.163381741E-02 1.801347033E-02 1.444960666E-02 1.093822277E-02 7.475385469E-03
 4.057206943E-03 6.798235063E-04-2.660624748E-03-5.968013782E-03-9.246257690E-03
-1.249933764E-02-1.573134701E-02-1.894657156E-02-2.214964769E-02-2.534589373E-02
-2.854204122E-02-3.174791800E-02-3.483525365E-02-3.779243748E-02-4.061446383E-02
-4.329901687E-02-4.584490202E-02-4.825140286E-02-5.051801137E-02-5.264430781E-02
-5.462990360E-02-5.647441008E-02-5.817741959E-02-5.973849249E-02-6.115714794E-02
-6.243285673E-02-6.356503571E-02-6.455304357E-02-6.539617695E-02-6.609366777E-02
-6.664468015E-02-6.704830840E-02-6.730357430E-02-6.740942553E-02-6.736473387E-02
-6.716829497E-02-6.681882820E-02-6.631497737E-02-6.565531321E-02-6.483833505E-02
-6.386246863E-02-6.272605373E-02-6.142731618E-02-5.996432545E-02-5.833493165E-02
-5.653670744E-02-5.456698632E-02-5.242295633E-02-5.010167687E-02-4.759997604E-02
-4.491520047E-02-4.204642696E-02-3.899398453E-02-3.577175446E-02-3.236068443E-02
-2.871186407E-02-2.502888917E-02-2.127495925E-02-1.746038273E-02-1.358709497E-02
-9.658921327E-03-5.679509439E-03-1.652661874E-03 2.417783025E-03 6.527997622E-03
 1.067423772E-02 1.485290610E-02 1.906059069E-02 2.329408456E-02 2.755039432E-02
 3.182674574E-02 3.612058632E-02 4.042958912E-02 4.475165665E-02 4.908492532E-02
 5.342777145E-02 5.777881913E-02 6.213694883E-02 6.650130961E-02 7.087133280E-02
 7.524674916E-02 7.962760850E-02 8.401430365E-02 8.840759814E-02 9.280865831E-02
 9.721909150E-02 1.016409896E-01 1.060769824E-01 1.105302951E-01 1.150048251E-01
 1.195052253E-01 1.240370052E-01 1.286066666E-01 1.332218527E-01 1.378915556E-01
 1.426263826E-01 1.474389127E-01 1.523442174E-01 1.573606185E-01 1.625108886E-01
 1.678241665E-01 1.733389614E-01 1.791070630E-01 1.851542572E-01 1.907731980E-01
 9.067688756E-02 9.372572848E-02 9.417363603E-02 9.169325720E-02 8.650013522E-02
 8.144600772E-02 7.654762760E-02 7.178454818E-02 6.714882807E-02 6.263211707E-02
 5.822601227E-02 5.392239926E-02 4.971364486E-02 4.559267971E-02 4.155300784E-02
 3.758867149E-02 3.369419441E-02 2.986451574E-02 2.609492256E-02 2.238098804E-02
 1.871851396E-02 1.510348153E-02 1.153200798E-02 8.000310303E-03 4.504674125E-03
 1.041427169E-03-2.393083331E-03-5.802510969E-03-9.190529786E-03-1.256085620E-02
-1.591727887E-02-1.926370533E-02-2.260424336E-02-2.594333731E-02-2.928596865E-02
-3.263782677E-02-3.585966807E-02-3.895040640E-02-4.190863006E-02-4.473313385E-02
-4.742294814E-02-4.997726831E-02-5.239538662E-02-5.467664486E-02-5.682040319E-02
-5.882601995E-02-6.069283816E-02-6.242017496E-02-6.400731430E-02-6.545350058E-02
-6.675793342E-02-6.791976342E-02-6.893808864E-02-6.981195088E-02-7.054033304E-02
-7.112215639E-02-7.155627840E-02-7.184149029E-02-7.197651508E-02-7.196000646E-02
-7.179054724E-02-7.146664759E-02-7.098674350E-02-7.034919350E-02-6.955227333E-02
-6.859416552E-02-6.747294609E-02-6.618656711E-02-6.473284136E-02-6.310943743E-02
-6.131389918E-02-5.934368551E-02-5.719622161E-02-5.486897906E-02-5.235965056E-02
-4.966630110E-02-4.678724193E-02-4.372071919E-02-4.046081720E-02-3.700049144E-02
-3.334248482E-02-2.944418670E-02-2.551744190E-02-2.152510703E-02-1.747801309E-02
-1.337835563E-02-9.230370247E-03-5.038197295E-03-8.061353882E-04 3.461615795E-03
 7.761115676E-03 1.208872040E-02 1.644107512E-02 2.081510039E-02 2.520798280E-02
 2.961717161E-02 3.404037747E-02 3.847557333E-02 4.292099674E-02 4.737515409E-02
 5.183682693E-02 5.630508045E-02 6.077927520E-02 6.525908207E-02 6.974450106E-02
 7.423588362E-02 7.873396040E-02 8.323987375E-02 8.775521707E-02 9.228208134E-02
 9.682310948E-02 1.013815641E-01 1.059614044E-01 1.105673817E-01 1.152051546E-01
 1.198814251E-01 1.246041129E-01 1.293825641E-01 1.342278066E-01 1.391528809E-01
 1.441732424E-01 1.493072766E-01 1.545769399E-01 1.600085259E-01 1.656335170E-01
 1.714893042E-01 1.776192896E-01 1.840640122E-01 1.901360601E-01 8.990419875E-02
 9.290553112E-02 9.325620629E-02 9.086373256E-02 8.621539973E-02 8.123536115E-02
 7.640290379E-02 7.171467392E-02 6.715752014E-02 6.271855652E-02 5.838590719E-02
 5.414896423E-02 4.999840501E-02 4.592608390E-02 4.192487388E-02 3.798849834E-02
 3.411137464E-02 3.028847790E-02 2.651522490E-02 2.278737777E-02 1.910096547E-02
 1.545221900E-02 1.183751935E-02 8.253354619E-03 4.696286297E-03 1.162921917E-03
-2.350105583E-03-5.846152181E-03-9.328569300E-03-1.280069993E-02-1.626585890E-02
-1.972728959E-02-2.318809174E-02-2.665113508E-02-3.011906249E-02-3.359479466E-02
-3.693865770E-02-4.015158798E-02-4.323387766E-02-4.618533263E-02-4.900546500E-02
-5.169362457E-02-5.424907277E-02-5.667102112E-02-5.895864815E-02-6.111110609E-02
-6.312752127E-02-6.500699225E-02-6.674858672E-02-6.835133769E-02-6.981423974E-02
-7.113624559E-02-7.231626281E-02-7.335315069E-02-7.424571707E-02-7.499271565E-02
-7.559284392E-02-7.604474001E-02-7.634698130E-02-7.649808144E-02-7.649648881E-02
-7.634058350E-02-7.602867530E-02-7.555899943E-02-7.492971259E-02-7.413888732E-02
-7.318450568E-02-7.206445394E-02-7.077652004E-02-6.931839724E-02-6.768769513E-02
-6.588196018E-02-6.389870043E-02-6.173541427E-02-5.938961362E-02-5.685880634E-02
-5.414038937E-02-5.123143614E-02-4.812835715E-02-4.482740232E-02-4.132540275E-02
-3.761804040E-02-3.371024965E-02-2.955969334E-02-2.538526776E-02-2.114981095E-02
-1.686557712E-02-1.253610967E-02-8.167087541E-03-3.763727375E-03 6.695620634E-04
 5.128941112E-03 9.610963867E-03 1.411250358E-02 1.863072975E-02 2.316310373E-02
 2.770737747E-02 3.226159270E-02 3.682408056E-02 4.139346224E-02 4.596865276E-02
 5.054886760E-02 5.513363325E-02 5.972280176E-02 6.431656973E-02 6.891550157E-02
 7.352055848E-02 7.813313369E-02 8.275509389E-02 8.738883018E-02 9.203731755E-02
 9.670418780E-02 1.013938154E-01 1.061114240E-01 1.108632101E-01 1.156564967E-01
 1.204999191E-01 1.254036465E-01 1.303796525E-01 1.354420338E-01 1.406073830E-01
 1.458952163E-01 1.513284125E-01 1.569336446E-01 1.627416655E-01 1.687873230E-01
 1.751090963E-01 1.817615023E-01 1.881956380E-01 8.884489410E-02 9.177208272E-02
 9.209195002E-02 8.971594555E-02 8.509398872E-02 8.021189778E-02 7.550301128E-02
 7.094851820E-02 6.652581901E-02 6.221551343E-02 5.800164970E-02 5.387131831E-02
 4.981407468E-02 4.582138749E-02 4.188617973E-02 3.800246965E-02 3.416509677E-02
 3.036951471E-02 2.661163513E-02 2.288770904E-02 1.919423667E-02 1.552789794E-02
 1.188549840E-02 8.263928030E-03 4.660127999E-03 1.071066014E-03-2.506282660E-03
-6.074947321E-03-9.637965334E-03-1.319837042E-02-1.675914979E-02-2.032312980E-02
-2.389269708E-02-2.746912193E-02-3.105091973E-02-3.462983575E-02-3.807599677E-02
-4.139371137E-02-4.458439238E-02-4.764815702E-02-5.058452426E-02-5.339272745E-02
-5.607185821E-02-5.862093260E-02-6.103892257E-02-6.332476848E-02-6.547738484E-02
-6.749566006E-02-6.937845575E-02-7.112460385E-02-7.273290369E-02-7.420211950E-02
-7.553097673E-02-7.671815943E-02-7.776230739E-02-7.866201315E-02-7.941581977E-02
-8.002221790E-02-8.047964381E-02-8.078647653E-02-8.094103563E-02-8.094157856E-02
-8.078629849E-02-8.047332057E-02-8.000069967E-02-7.936641684E-02-7.856837658E-02
-7.760440558E-02-7.647225233E-02-7.516959036E-02-7.369402355E-02-7.204309470E-02
-7.021429318E-02-6.820506167E-02-6.601279382E-02-6.363481819E-02-6.106836412E-02
-5.831052322E-02-5.535824291E-02-5.220844374E-02-4.885817062E-02-4.530464184E-02
-4.154569757E-02-3.757794221E-02-3.340752016E-02-2.899221286E-02-2.455873874E-02
-2.007153156E-02-1.554687403E-02-1.099220543E-02-6.411538891E-03-1.808275563E-03
 2.814322007E-03 7.453168901E-03 1.210544226E-02 1.676862647E-02 2.144052577E-02
 2.611926019E-02 3.080325820E-02 3.549125045E-02 4.018226878E-02 4.487564898E-02
 4.957103969E-02 5.426841530E-02 5.896809359E-02 6.367075850E-02 6.837748788E-02
 7.308978720E-02 7.780963055E-02 8.253950850E-02 8.728248708E-02 9.204227727E-02
 9.682331934E-02 1.016308814E-01 1.064711859E-01 1.113515518E-01 1.162805710E-01
 1.212683254E-01 1.263266381E-01 1.314693714E-01 1.367127845E-01 1.420759197E-01
 1.475810271E-01 1.532539654E-01 1.591245117E-01 1.652264461E-01 1.715972489E-01
 1.782852028E-01 1.847924199E-01 8.737558884E-02 9.002795084E-02 9.054029422E-02
 8.798724609E-02 8.300363482E-02 7.830535525E-02 7.382307481E-02 6.949471702E-02
 6.528430906E-02 6.116648110E-02 5.712339854E-02 5.314229390E-02 4.921374748E-02
 4.533056234E-02 4.148703508E-02 3.767848083E-02 3.390091588E-02 3.015084337E-02
 2.642510367E-02 2.272076894E-02 1.903506718E-02 1.536532656E-02 1.170893327E-02
 8.063300920E-03 4.425845552E-03 7.939665045E-04-2.834970779E-03-6.463652242E-03
-1.009483804E-02-1.373139983E-02-1.737639199E-02-2.103319939E-02-2.470585769E-02
-2.839977173E-02-3.212338023E-02-3.574981370E-02-3.926659144E-02-4.266778198E-02
-4.595016989E-02-4.911167638E-02-5.215070068E-02-5.506584136E-02-5.785577784E-02
-6.051921864E-02-6.305487818E-02-6.546146548E-02-6.773767813E-02-6.988219739E-02
-7.189368487E-02-7.377077937E-02-7.551209357E-02-7.711621135E-02-7.858168407E-02
-7.990702857E-02-8.109072351E-02-8.213120738E-02-8.302687527E-02-8.377607663E-02
-8.437711282E-02-8.482823416E-02-8.512763835E-02-8.527346717E-02-8.526380481E-02
-8.509667506E-02-8.477003936E-02-8.428179436E-02-8.362977102E-02-8.281173301E-02
-8.182537764E-02-8.066833618E-02-7.933817674E-02-7.783240669E-02-7.614847502E-02
-7.428377332E-02-7.223563345E-02-7.000132294E-02-6.757803882E-02-6.496290715E-02
-6.215299836E-02-5.914536665E-02-5.593710218E-02-5.252537936E-02-4.890751987E-02
-4.508098884E-02-4.104387826E-02-3.679316736E-02-3.233632532E-02-2.763331070E-02
-2.292656596E-02-1.820641101E-02-1.346644246E-02-8.707934274E-03-3.934099640E-03
 8.517260950E-04 5.646574750E-03 1.044791870E-02 1.525363526E-02 2.006195807E-02
 2.487144142E-02 2.968093820E-02 3.448959216E-02 3.929683742E-02 4.410240572E-02
 4.890633845E-02 5.370900282E-02 5.851111236E-02 6.331375149E-02 6.811840471E-02
 7.292699213E-02 7.774191081E-02 8.256608441E-02 8.740302267E-02 9.225689159E-02
 9.713259827E-02 1.020358943E-01 1.069734965E-01 1.119532346E-01 1.169842362E-01
 1.220771423E-01 1.272443802E-01 1.325004991E-01 1.378625869E-01 1.433507874E-01
 1.489889523E-01 1.548054045E-01 1.608337585E-01 1.671135120E-01 1.736892805E-01
 1.801127065E-01 8.322595389E-02 8.569345346E-02 8.590370207E-02 8.378357867E-02
 7.970365136E-02 7.546308774E-02 7.139251535E-02 6.742312896E-02 6.351840712E-02
 5.965963999E-02 5.583622517E-02 5.204152396E-02 4.827098920E-02 4.452124444E-02
 4.078959388E-02 3.707374545E-02 3.337164407E-02 2.968136818E-02 2.600106268E-02
 2.232889404E-02 1.866302000E-02 1.500156797E-02 1.134262055E-02 7.684204547E-03
 4.024283280E-03 3.607510173E-04-3.308572281E-03-6.985946882E-03-1.067372284E-02
-1.437435857E-02-1.809045825E-02-2.182484428E-02-2.558068771E-02-2.936170533E-02
-3.317233257E-02-3.687503414E-02-4.046764962E-02-4.394775108E-02-4.731315991E-02
-5.056196464E-02-5.369244082E-02-5.670297627E-02-5.959202150E-02-6.235805844E-02
-6.499958305E-02-6.751509359E-02-6.990308429E-02-7.216203978E-02-7.429043175E-02
-7.628671476E-02-7.814932364E-02-7.987667030E-02-8.146714056E-02-8.291909157E-02
-8.423084899E-02-8.540070404E-02-8.642691119E-02-8.730768515E-02-8.804119897E-02
-8.862558119E-02-8.905891346E-02-8.933922850E-02-8.946450785E-02-8.943267958E-02
-8.924161673E-02-8.888913529E-02-8.837299321E-02-8.769088936E-02-8.684046283E-02
-8.581929364E-02-8.462490260E-02-8.325475192E-02-8.170624580E-02-7.997672982E-02
-7.806349066E-02-7.596375407E-02-7.367468499E-02-7.119338886E-02-6.851691716E-02
-6.564227525E-02-6.256642690E-02-5.928628422E-02-5.579866708E-02-5.210019709E-02
-4.818707312E-02-4.405447038E-02-3.969569861E-02-3.509727663E-02-3.024327270E-02
-2.538065369E-02-2.047713755E-02-1.555231633E-02-1.061581227E-02-5.672941863E-03
-7.270678444E-04 4.219406950E-03 9.164614071E-03 1.410703768E-02 1.904543999E-02
 2.397883461E-02 2.890648287E-02 3.382789949E-02 3.874286385E-02 4.365143409E-02
 4.855396233E-02 5.345111229E-02 5.834387903E-02 6.323361177E-02 6.812203920E-02
 7.301130037E-02 7.790397978E-02 8.280314945E-02 8.771241813E-02 9.263598936E-02
 9.757873059E-02 1.025462570E-01 1.075450297E-01 1.125824761E-01 1.176671453E-01
 1.228088990E-01 1.280191694E-01 1.333113227E-01 1.387011858E-01 1.442078784E-01
 1.498551602E-01 1.556736945E-01 1.617046065E-01 1.680010339E-01 1.742011142E-01
 7.776945402E-02 7.940875680E-02 7.950123023E-02 7.798520450E-02 7.517970127E-02
 7.188192165E-02 6.844565858E-02 6.494482612E-02 6.140646729E-02 5.784419180E-02
 5.426583641E-02 5.067624624E-02 4.707851709E-02 4.347462573E-02 3.986578084E-02
 3.625263213E-02 3.263540272E-02 2.901397644E-02 2.538795777E-02 2.175671468E-02
 1.811940957E-02 1.447502291E-02 1.082237194E-02 7.160124734E-03 3.486813462E-03
-1.991539976E-04-3.899481518E-03-7.615969230E-03-1.135049145E-02-1.510496217E-02
-1.888128129E-02-2.268125391E-02-2.650650024E-02-3.035845526E-02-3.423886228E-02
-3.800978814E-02-4.167106590E-02-4.522193755E-02-4.866120590E-02-5.198741953E-02
-5.519899664E-02-5.829429410E-02-6.127164220E-02-6.412936032E-02-6.686576335E-02
-6.947916255E-02-7.196786517E-02-7.433017202E-02-7.656437489E-02-7.866875427E-02
-8.064157613E-02-8.248108933E-02-8.418552232E-02-8.575308103E-02-8.718194556E-02
-8.847026775E-02-8.961616843E-02-9.061773504E-02-9.147301876E-02-9.218003278E-02
-9.273674916E-02-9.314109743E-02-9.339096193E-02-9.348418004E-02-9.341854035E-02
-9.319178090E-02-9.280158828E-02-9.224559568E-02-9.152138292E-02-9.062647507E-02
-8.955834209E-02-8.831439871E-02-8.689200336E-02-8.528845762E-02-8.350100544E-02
-8.152683157E-02-7.936306137E-02-7.700675929E-02-7.445492875E-02-7.170451010E-02
-6.875237487E-02-6.559531495E-02-6.223002148E-02-5.865305922E-02-5.486084859E-02
-5.084970764E-02-4.661613843E-02-4.215773645E-02-3.747661298E-02-3.258608006E-02
-2.744961480E-02-2.232473780E-02-1.720724340E-02-1.209602099E-02-6.991271445E-03
-1.893747340E-03 3.195592031E-03 8.275753342E-03 1.334580658E-02 1.840494689E-02
 2.345253703E-02 2.848813902E-02 3.351153727E-02 3.852275714E-02 4.352208051E-02
 4.851005837E-02 5.348752455E-02 5.845560805E-02 6.341574754E-02 6.836970730E-02
 7.331959478E-02 7.826788101E-02 8.321742313E-02 8.817149015E-02 9.313379074E-02
 9.810850511E-02 1.031003175E-01 1.081144576E-01 1.131567385E-01 1.182336119E-01
 1.233522305E-01 1.285205467E-01 1.337474687E-01 1.390431568E-01 1.444196564E-01
 1.498924122E-01 1.554847324E-01 1.612443216E-01 1.669477053E-01 7.372935382E-02
 7.489650754E-02 7.497246617E-02 7.368533023E-02 7.120574510E-02 6.846532025E-02
 6.551253783E-02 6.240742887E-02 5.919577082E-02 5.590683579E-02 5.255961379E-02
 4.916684288E-02 4.573732122E-02 4.227725135E-02 3.879105122E-02 3.528186324E-02
 3.175188546E-02 2.820259551E-02 2.463490558E-02 2.104927213E-02 1.744577670E-02
 1.382418602E-02 1.018399690E-02 6.524472468E-03 2.844670293E-03-8.565335353E-04
-4.580422173E-03-8.328413708E-03-1.210202721E-02-1.590282188E-02-1.973227125E-02
-2.359147706E-02-2.748049878E-02-3.139674157E-02-3.533101878E-02-3.915501513E-02
-4.287188211E-02-4.648197089E-02-4.998439734E-02-5.337772288E-02-5.666025886E-02
-5.983020529E-02-6.288571451E-02-6.582492030E-02-6.864595072E-02-7.134693211E-02
-7.392599087E-02-7.638125122E-02-7.871083426E-02-8.091285481E-02-8.298541868E-02
-8.492662039E-02-8.673453984E-02-8.840723973E-02-8.994276292E-02-9.133912955E-02
-9.259433451E-02-9.370634476E-02-9.467309715E-02-9.549249569E-02-9.616240945E-02
-9.668067036E-02-9.704507121E-02-9.725336287E-02-9.730325399E-02-9.719240804E-02
-9.691844303E-02-9.647892717E-02-9.587138245E-02-9.509327919E-02-9.414203706E-02
-9.301502341E-02-9.170955237E-02-9.022288357E-02-8.855222041E-02-8.669470896E-02
-8.464743571E-02-8.240742565E-02-7.997163945E-02-7.733696961E-02-7.450023578E-02
-7.145817815E-02-6.820745139E-02-6.474462227E-02-6.106618078E-02-5.716857666E-02
-5.304829631E-02-4.870195090E-02-4.412619337E-02-3.931649900E-02-3.426232517E-02
-2.895327616E-02-2.365963452E-02-1.838023401E-02-1.311482609E-02-7.863744611E-03
-2.627653870E-03 2.592630907E-03 7.796271171E-03 1.298249537E-02 1.815066183E-02
 2.330030054E-02 2.843114063E-02 3.354312657E-02 3.863642762E-02 4.371144280E-02
 4.876880344E-02 5.380937442E-02 5.883425448E-02 6.384477609E-02 6.884250451E-02
 7.382923596E-02 7.880699295E-02 8.377801713E-02 8.874475616E-02 9.370984278E-02
 9.867606257E-02 1.036463047E-01 1.086234877E-01 1.136104462E-01 1.186097653E-01
 1.236235195E-01 1.286528595E-01 1.336973194E-01 1.387535460E-01 1.438127039E-01
 1.488542982E-01 1.538294647E-01 1.586326545E-01 7.052919796E-02 7.162582046E-02
 7.159630300E-02 7.040421658E-02 6.819846861E-02 6.564890912E-02 6.292874440E-02
 6.006527983E-02 5.708353718E-02 5.400489892E-02 5.084642238E-02 4.762131545E-02
 4.433969919E-02 4.100930775E-02 3.763604504E-02 3.422440461E-02 3.077778005E-02
 2.729869531E-02 2.378897581E-02 2.024987695E-02 1.668218160E-02 1.308627535E-02
 9.462204241E-03 5.809720762E-03 2.128318846E-03-1.582739013E-03-5.324403821E-03
-9.097833689E-03-1.290440669E-02-1.674577131E-02-2.062397468E-02-2.454176369E-02
-2.850327879E-02-3.251567718E-02-3.645360860E-02-4.030377225E-02-4.405931336E-02
-4.771606941E-02-5.127102245E-02-5.472165315E-02-5.806566707E-02-6.130087727E-02
-6.442515323E-02-6.743639728E-02-7.033253295E-02-7.311149837E-02-7.577124163E-02
-7.830971749E-02-8.072488361E-02-8.301469794E-02-8.517711526E-02-8.721008460E-02
-8.911154595E-02-9.087942765E-02-9.251164356E-02-9.400609023E-02-9.536064437E-02
-9.657316026E-02-9.764146683E-02-9.856336654E-02-9.933663156E-02-9.995900175E-02
-1.004281841E-01-1.007418498E-01-1.008976295E-01-1.008931180E-01-1.007258664E-01
-1.003933837E-01-9.989313401E-02-9.922253613E-02-9.837896242E-02-9.735973595E-02
-9.616212812E-02-9.478336120E-02-9.322060243E-02-9.147096414E-02-8.953150042E-02
-8.739920482E-02-8.507100687E-02-8.254376803E-02-7.981427661E-02-7.687924167E-02
-7.373528653E-02-7.037894113E-02-6.680663288E-02-6.301467206E-02-5.899921829E-02
-5.475619725E-02-5.028110851E-02-4.556865928E-02-4.061237875E-02-3.540536863E-02
-2.994083171E-02-2.449522040E-02-1.906904581E-02-1.366312439E-02-8.278467422E-03
-2.916165941E-03 2.422713472E-03 7.737212540E-03 1.302653879E-02 1.829009875E-02
 2.352751221E-02 2.873861358E-02 3.392344629E-02 3.908225269E-02 4.421546200E-02
 4.932367738E-02 5.440766161E-02 5.946832173E-02 6.450669119E-02 6.952390828E-02
 7.452118961E-02 7.949979514E-02 8.446098335E-02 8.940595077E-02 9.433575017E-02
 9.925117990E-02 1.041526326E-01 1.090398795E-01 1.139117736E-01 1.187658187E-01
 1.235975343E-01 1.283995181E-01 1.331600159E-01 1.378608268E-01 1.424745313E-01
 1.469621434E-01 1.512744954E-01 6.812185167E-02 6.913165446E-02 6.906480279E-02
 6.788511990E-02 6.575051417E-02 6.329967698E-02 6.070690686E-02 5.798810063E-02
 5.515705600E-02 5.222712942E-02 4.921040013E-02 4.611730293E-02 4.295659479E-02
 3.973548859E-02 3.645984973E-02 3.313439750E-02 2.976288748E-02 2.634826759E-02
 2.289280695E-02 1.939820140E-02 1.586565856E-02 1.229596710E-02 8.689552691E-03
 5.046524039E-03 1.366709881E-03-2.350310591E-03-6.105184322E-03-9.898769157E-03
-1.373213096E-02-1.760656175E-02-2.152363470E-02-2.548531905E-02-2.949416158E-02
-3.355344928E-02-3.752742663E-02-4.141293485E-02-4.520658056E-02-4.890524204E-02
-5.250608799E-02-5.600649927E-02-5.940399634E-02-6.269618975E-02-6.588075014E-02
-6.895538990E-02-7.191785162E-02-7.476590050E-02-7.749731955E-02-8.010990463E-02
-8.260146090E-02-8.496979959E-02-8.721273419E-02-8.932807785E-02-9.131364009E-02
-9.316722402E-02-9.488662309E-02-9.646961877E-02-9.791397731E-02-9.921744914E-02
-1.003777620E-01-1.013926240E-01-1.022597167E-01-1.029766951E-01-1.035411849E-01
-1.039507829E-01-1.042030508E-01-1.042955140E-01-1.042256647E-01-1.039909546E-01
-1.035887956E-01-1.030165583E-01-1.022715696E-01-1.013511138E-01-1.002524250E-01
-9.897269173E-02-9.750905246E-02-9.585859091E-02-9.401833845E-02-9.198526756E-02
-8.975628987E-02-8.732825204E-02-8.469793031E-02-8.186202529E-02-7.881715367E-02
-7.555983839E-02-7.208649469E-02-6.839340878E-02-6.447670536E-02-6.033229714E-02
-5.595581590E-02-5.134254389E-02-4.648740690E-02-4.138512887E-02-3.603040165E-02
-3.041799743E-02-2.482939160E-02-1.926627958E-02-1.373043050E-02-8.223581810E-03
-2.747322943E-03 2.696999948E-03 8.108330280E-03 1.348590481E-02 1.882923264E-02
 2.413806329E-02 2.941235331E-02 3.465223404E-02 3.985798170E-02 4.502998960E-02
 5.016874130E-02 5.527478244E-02 6.034869028E-02 6.539103861E-02 7.040235683E-02
 7.538307858E-02 8.033347843E-02 8.525359206E-02 9.014311299E-02 9.500126040E-02
 9.982660768E-02 1.046168566E-01 1.093685499E-01 1.140766847E-01 1.187342310E-01
 1.233315141E-01 1.278555078E-01 1.322891118E-01 1.366106948E-01 1.407943325E-01
 1.448112033E-01 6.632824782E-02 6.727661667E-02 6.720007237E-02 6.599540997E-02
 6.371930564E-02 6.131431929E-02 5.879627405E-02 5.616732445E-02 5.343528384E-02
 5.060835320E-02 4.769453165E-02 4.470125732E-02 4.163520963E-02 3.850223435E-02
 3.530734748E-02 3.205478332E-02 2.874806260E-02 2.539006712E-02 2.198311156E-02
 1.852900961E-02 1.502913217E-02 1.148445861E-02 7.895620636E-03 4.262940872E-03
 5.864672206E-04-3.133994705E-03-6.898848382E-03-1.070866800E-02-1.456414890E-02
-1.846603837E-02-2.241504191E-02-2.641171958E-02-3.045647370E-02-3.455002397E-02
-3.855627717E-02-4.247406559E-02-4.630166082E-02-5.003692760E-02-5.367750801E-02
-5.722094551E-02-6.066475385E-02-6.400645125E-02-6.724357575E-02-7.037369032E-02
-7.339438378E-02-7.630326806E-02-7.909797624E-02-8.177615894E-02-8.433548080E-02
-8.677361745E-02-8.908825220E-02-9.127707251E-02-9.333776727E-02-9.526802384E-02
-9.706552455E-02-9.872794497E-02-1.002529501E-01-1.016381908E-01-1.028813065E-01
-1.039799141E-01-1.049316142E-01-1.057339824E-01-1.063845718E-01-1.068809066E-01
-1.072204860E-01-1.074007741E-01-1.074192062E-01-1.072731827E-01-1.069600682E-01
-1.064771887E-01-1.058218315E-01-1.049912451E-01-1.039826336E-01-1.027931556E-01
-1.014199273E-01-9.986001446E-02-9.811043159E-02-9.616814091E-02-9.403005031E-02
-9.169300701E-02-8.915379567E-02-8.640913324E-02-8.345566369E-02-8.028995087E-02
-7.690846987E-02-7.330759665E-02-6.948359490E-02-6.543260256E-02-6.115062238E-02
-5.663352599E-02-5.187708576E-02-4.687704179E-02-4.162917962E-02-3.612939300E-02
-3.037371021E-02-2.464852206E-02-1.895673034E-02-1.330112710E-02-7.684158658E-03
-2.107716766E-03 3.426870634E-03 8.918751212E-03 1.436744047E-02 1.977272699E-02
 2.513459765E-02 3.045318021E-02 3.572869798E-02 4.096143160E-02 4.615168388E-02
 5.129974582E-02 5.640585959E-02 6.147017769E-02 6.649271638E-02 7.147329926E-02
 7.641149063E-02 8.130651402E-02 8.615715242E-02 9.096162750E-02 9.571745129E-02
 1.004212470E-01 1.050685353E-01 1.096534877E-01 1.141686498E-01 1.186046580E-01
 1.229500009E-01 1.271908827E-01 1.313113210E-01 1.352935645E-01 1.391188833E-01
 6.451723527E-02 6.542308574E-02 6.529763357E-02 6.410752159E-02 6.198946858E-02
 5.962065106E-02 5.714811934E-02 5.457667519E-02 5.191083558E-02 4.915556573E-02
 4.631598291E-02 4.339710967E-02 4.040369627E-02 3.734010687E-02 3.421025757E-02
 3.101759341E-02 2.776508979E-02 2.445526998E-02 2.109023154E-02 1.767167523E-02
 1.420093585E-02 1.067901098E-02 7.106588381E-03 3.484071433E-03-1.883971347E-04
-3.910911042E-03-7.683772424E-03-1.150745226E-02-1.538252162E-02-1.930951507E-02
-2.328863259E-02-2.731906210E-02-3.139737948E-02-3.551368037E-02-3.954133700E-02
-4.348245794E-02-4.733641758E-02-5.110140114E-02-5.477507973E-02-5.835491218E-02
-6.183828323E-02-6.522256526E-02-6.850514534E-02-7.168343684E-02-7.475488109E-02
-7.771694793E-02-8.056713209E-02-8.330295109E-02-8.592194113E-02-8.842165408E-02
-9.079965379E-02-9.305351340E-02-9.518081147E-02-9.717912966E-02-9.904604874E-02
-1.007791463E-01-1.023759959E-01-1.038341604E-01-1.051511930E-01-1.063246315E-01
-1.073520010E-01-1.082308044E-01-1.089585284E-01-1.095326341E-01-1.099505598E-01
-1.102097165E-01-1.103074871E-01-1.102412258E-01-1.100082535E-01-1.096058596E-01
-1.090312945E-01-1.082817768E-01-1.073544845E-01-1.062465550E-01-1.049550859E-01
-1.034771305E-01-1.018096976E-01-9.994974750E-02-9.789419320E-02-9.563989617E-02
-9.318366407E-02-9.052224887E-02-8.765234453E-02-8.457058435E-02-8.127353983E-02
-7.775771972E-02-7.401957251E-02-7.005549283E-02-6.586183691E-02-6.143495072E-02
-5.677121535E-02-5.186711199E-02-4.671930111E-02-4.132470692E-02-3.568059049E-02
-2.978457843E-02-2.392852840E-02-1.811711946E-02-1.235438337E-02-6.642778036E-03
-9.835787755E-04 4.622663720E-03 1.017581373E-02 1.567596765E-02 2.112334916E-02
 2.651824479E-02 3.186096073E-02 3.715178761E-02 4.239096865E-02 4.757866680E-02
 5.271492984E-02 5.779965110E-02 6.283252449E-02 6.781299295E-02 7.274018823E-02
 7.761286071E-02 8.242929794E-02 8.718723002E-02 9.188372247E-02 9.651505559E-02
 1.010765946E-01 1.055626564E-01 1.099663865E-01 1.142796601E-01 1.184930471E-01
 1.225958589E-01 1.265763268E-01 1.304219287E-01 1.341198572E-01 6.308400242E-02
 6.394651856E-02 6.379666860E-02 6.259953929E-02 6.051531520E-02 5.816624611E-02
 5.572223303E-02 5.318880324E-02 5.056843121E-02 4.786396978E-02 4.507852368E-02
 4.221529683E-02 3.927746588E-02 3.626808041E-02 3.318999224E-02 3.004580722E-02
 2.683785629E-02 2.356818158E-02 2.023853201E-02 1.685036656E-02 1.340486152E-02
 9.902919884E-03 6.345182131E-03 2.732035619E-03-9.363780636E-04-4.660159914E-03
-8.439658262E-03-1.227548851E-02-1.616858330E-02-2.012031022E-02-2.413274139E-02
-2.820929138E-02-3.235625015E-02-3.645001599E-02-4.047659671E-02-4.442827673E-02
-4.829998472E-02-5.208780332E-02-5.578834805E-02-5.939850143E-02-6.291529706E-02
-6.633586456E-02-6.965740339E-02-7.287716706E-02-7.599245394E-02-7.900060045E-02
-8.189897517E-02-8.468497484E-02-8.735601991E-02-8.990955043E-02-9.234302312E-02
-9.465390752E-02-9.683968280E-02-9.889783571E-02-1.008258547E-01-1.026212311E-01
-1.042814532E-01-1.058040048E-01-1.071863626E-01-1.084259937E-01-1.095203519E-01
-1.104668799E-01-1.112629996E-01-1.119061172E-01-1.123936185E-01-1.127228633E-01
-1.128911912E-01-1.128959136E-01-1.127343139E-01-1.124036464E-01-1.119011346E-01
-1.112239691E-01-1.103693066E-01-1.093342688E-01-1.081159411E-01-1.067113679E-01
-1.051175589E-01-1.033314784E-01-1.013500529E-01-9.917016244E-02-9.678864662E-02
-9.420229983E-02-9.140787181E-02-8.840207093E-02-8.518156511E-02-8.174298804E-02
-7.808294750E-02-7.419804053E-02-7.008487722E-02-6.574011680E-02-6.116052179E-02
-5.634303718E-02-5.128490440E-02-4.598382677E-02-4.043820411E-02-3.464744996E-02
-2.861233308E-02-2.263267854E-02-1.671736022E-02-1.086798555E-02-5.084134043E-03
 6.350547187E-04 6.290447378E-03 1.188282416E-02 1.741287272E-02 2.288119306E-02
 2.828829678E-02 3.363459624E-02 3.892038749E-02 4.414582680E-02 4.931090200E-02
 5.441540011E-02 5.945886990E-02 6.444057888E-02 6.935946621E-02 7.421408861E-02
 7.900256126E-02 8.372249377E-02 8.837092070E-02 9.294423262E-02 9.743810741E-02
 1.018474554E-01 1.061663750E-01 1.103881468E-01 1.145052688E-01 1.185095459E-01
 1.223922538E-01 1.261443722E-01 1.297568791E-01 6.203464931E-02 6.287950530E-02
 6.271772046E-02 6.149780291E-02 5.925882582E-02 5.691155265E-02 5.448636643E-02
 5.197945309E-02 4.939177314E-02 4.672469553E-02 4.397986338E-02 4.115910839E-02
 3.826436797E-02 3.529760939E-02 3.226076476E-02 2.915567795E-02 2.598406258E-02
 2.274747116E-02 1.944727348E-02 1.608464218E-02 1.266054454E-02 9.175738008E-03
 5.630768506E-03 2.025969164E-03-1.638541511E-03-5.362865421E-03-9.147337466E-03
-1.299255019E-02-1.689939696E-02-2.086913982E-02-2.490350469E-02-2.900477268E-02
-3.317574133E-02-3.728256932E-02-4.132101151E-02-4.528656728E-02-4.917507112E-02
-5.298273757E-02-5.670608107E-02-6.034182962E-02-6.388686207E-02-6.733816492E-02
-7.069280521E-02-7.394791287E-02-7.710066887E-02-8.014829666E-02-8.308805631E-02
-8.591723935E-02-8.863316428E-02-9.123317320E-02-9.371462764E-02-9.607490550E-02
-9.831139838E-02-1.004215062E-01-1.024026397E-01-1.042522098E-01-1.059676306E-01
-1.075463150E-01-1.089856731E-01-1.102831073E-01-1.114360112E-01-1.124417698E-01
-1.132977514E-01-1.140013122E-01-1.145497906E-01-1.149405048E-01-1.151707517E-01
-1.152378080E-01-1.151389252E-01-1.148713276E-01-1.144322136E-01-1.138187524E-01
-1.130280843E-01-1.120573176E-01-1.109035288E-01-1.095637614E-01-1.080350242E-01
-1.063142940E-01-1.043985080E-01-1.022845724E-01-9.996935560E-02-9.744969336E-02
-9.472238722E-02-9.178420995E-02-8.863190713E-02-8.526220444E-02-8.167181640E-02
-7.785745931E-02-7.381586958E-02-6.954383001E-02-6.503820785E-02-6.029601254E-02
-5.531449176E-02-5.009130668E-02-4.462489260E-02-3.891526685E-02-3.296595491E-02
-2.678877531E-02-2.071743234E-02-1.473401740E-02-8.830761870E-03-3.003853051E-03
 2.748903844E-03 8.428992231E-03 1.403754194E-02 1.957546837E-02 2.504352121E-02
 3.044229358E-02 3.577221354E-02 4.103352615E-02 4.622627105E-02 5.135025638E-02
 5.640502952E-02 6.138984591E-02 6.630363417E-02 7.114496000E-02 7.591198763E-02
 8.060244146E-02 8.521356794E-02 8.974210154E-02 9.418423843E-02 9.853562121E-02
 1.027913413E-01 1.069459668E-01 1.109935974E-01 1.149279565E-01 1.187425220E-01
 1.224306934E-01 1.259859872E-01 6.088206369E-02 6.169458252E-02 6.150672264E-02
 6.028662057E-02 5.816073989E-02 5.582539763E-02 5.341461609E-02 5.092821614E-02
 4.836607614E-02 4.572839269E-02 4.301566454E-02 4.022865211E-02 3.736832222E-02
 3.443578618E-02 3.143223702E-02 2.835889241E-02 2.521694479E-02 2.200752008E-02
 1.873164515E-02 1.539022251E-02 1.198401287E-02 8.513622161E-03 4.979493592E-03
 1.381902776E-03-2.279045240E-03-6.003418395E-03-9.791461367E-03-1.364360227E-02
-1.756046536E-02-2.154288884E-02-2.559194339E-02-2.970893325E-02-3.389533442E-02
-3.801605692E-02-4.206791821E-02-4.604754191E-02-4.995152295E-02-5.377650825E-02
-5.751922369E-02-6.117647586E-02-6.474514441E-02-6.822217366E-02-7.160456403E-02
-7.488936565E-02-7.807367343E-02-8.115462172E-02-8.412938098E-02-8.699515394E-02
-8.974917215E-02-9.238869243E-02-9.491099410E-02-9.731337574E-02-9.959315092E-02
-1.017476480E-01-1.037742036E-01-1.056701630E-01-1.074328743E-01-1.090596907E-01
-1.105479612E-01-1.118950331E-01-1.130982479E-01-1.141549391E-01-1.150624309E-01
-1.158180346E-01-1.164190462E-01-1.168627491E-01-1.171464065E-01-1.172672610E-01
-1.172225381E-01-1.170094380E-01-1.166251377E-01-1.160667900E-01-1.153315197E-01
-1.144164265E-01-1.133185820E-01-1.120350287E-01-1.105627792E-01-1.088988192E-01
-1.070401021E-01-1.049835546E-01-1.027260722E-01-1.002645273E-01-9.759576232E-02
-9.471659995E-02-9.162384144E-02-8.831427308E-02-8.478467072E-02-8.103180502E-02
-7.705244688E-02-7.284336956E-02-6.840134264E-02-6.372310617E-02-5.880529881E-02
-5.364427618E-02-4.823567287E-02-4.257334000E-02-3.664674144E-02-3.043446998E-02
-2.427353198E-02-1.818626269E-02-1.217961512E-02-6.255171729E-03-4.126488274E-04
 5.348859910E-03 1.103042589E-02 1.663310246E-02 2.215784016E-02 2.760543935E-02
 3.297651784E-02 3.827148510E-02 4.349051994E-02 4.863354877E-02 5.370022449E-02
 5.868990523E-02 6.360163307E-02 6.843411171E-02 7.318568651E-02 7.785432482E-02
 8.243760065E-02 8.693268423E-02 9.133633945E-02 9.564493199E-02 9.985445166E-02
 1.039605497E-01 1.079586015E-01 1.118437823E-01 1.156111713E-01 1.192558731E-01
 1.227731547E-01 5.993395142E-02 6.071439159E-02 6.051007096E-02 5.928646420E-02
 5.720653358E-02 5.488281343E-02 5.248592941E-02 5.001844782E-02 4.747914093E-02
 4.486711629E-02 4.218189333E-02 3.942337720E-02 3.659179893E-02 3.368764168E-02
 3.071156464E-02 2.766433318E-02 2.454675860E-02 2.135964766E-02 1.810376255E-02
 1.477979000E-02 1.138831801E-02 7.929819527E-03 4.404642985E-03 8.130076109E-04
-2.844995067E-03-6.569394401E-03-1.036032810E-02-1.421802444E-02-1.814278271E-02
-2.213495898E-02-2.619497511E-02-3.032338399E-02-3.452102391E-02-3.865266883E-02
-4.271552129E-02-4.670674351E-02-5.062340496E-02-5.446249301E-02-5.822094357E-02
-6.189567089E-02-6.548359038E-02-6.898163496E-02-7.238676405E-02-7.569596955E-02
-7.890627762E-02-8.201474950E-02-8.501848048E-02-8.791459797E-02-9.070025906E-02
-9.337264821E-02-9.592897416E-02-9.836646740E-02-1.006823766E-01-1.028739661E-01
-1.049385126E-01-1.068733032E-01-1.086756321E-01-1.103427981E-01-1.118721011E-01
-1.132608408E-01-1.145063133E-01-1.156058116E-01-1.165566181E-01-1.173560096E-01
-1.180012470E-01-1.184895810E-01-1.188182475E-01-1.189844632E-01-1.189854294E-01
-1.188183258E-01-1.184803142E-01-1.179685317E-01-1.172800946E-01-1.164120937E-01
-1.153615967E-01-1.141256483E-01-1.127012659E-01-1.110854416E-01-1.092751438E-01
-1.072673172E-01-1.050588816E-01-1.026467366E-01-1.000277573E-01-9.719880546E-02
-9.415672258E-02-9.089833721E-02-8.742046715E-02-8.371991981E-02-7.979349329E-02
-7.563797243E-02-7.125012023E-02-6.662666265E-02-6.176426627E-02-5.665952405E-02
-5.130900616E-02-4.570955538E-02-3.985937985E-02-3.376151387E-02-2.743407048E-02
-2.122083181E-02-1.510777132E-02-9.089367082E-03-3.162816161E-03 2.673840015E-03
 8.422263738E-03 1.408394394E-02 1.966019672E-02 2.515214001E-02 3.056066730E-02
 3.588642754E-02 4.112980911E-02 4.629092613E-02 5.136960713E-02 5.636538412E-02
 6.127748276E-02 6.610481377E-02 7.084596529E-02 7.549919904E-02 8.006244907E-02
 8.453332674E-02 8.890913178E-02 9.318687215E-02 9.736329394E-02 1.014349243E-01
 1.053981235E-01 1.092491557E-01 1.129842637E-01 1.165997676E-01 1.200921549E-01
 5.927050122E-02 6.004547096E-02 5.983207664E-02 5.859520687E-02 5.638218539E-02
 5.406237709E-02 5.168321792E-02 4.923747806E-02 4.672236084E-02 4.413583475E-02
 4.147658539E-02 3.874391519E-02 3.593761091E-02 3.305781258E-02 3.010490056E-02
 2.707940367E-02 2.398192626E-02 2.081309258E-02 1.757350293E-02 1.426370188E-02
 1.088415326E-02 7.435224528E-03 3.917175971E-03 3.301584429E-04-3.325781420E-03
-7.050684898E-03-1.084465013E-02-1.470777978E-02-1.864010169E-02-2.264145948E-02
-2.671140123E-02-3.084918670E-02-3.505434297E-02-3.919256461E-02-4.326208160E-02
-4.726077839E-02-5.118615793E-02-5.503543861E-02-5.880566002E-02-6.249376262E-02
-6.609664317E-02-6.961118979E-02-7.303430398E-02-7.636291207E-02-7.959397251E-02
-8.272447838E-02-8.575145726E-02-8.867197090E-02-9.148311285E-02-9.418200615E-02
-9.676580065E-02-9.923166949E-02-1.015768076E-01-1.037984267E-01-1.058937533E-01
-1.078600281E-01-1.096944988E-01-1.113944208E-01-1.129570531E-01-1.143796561E-01
-1.156594909E-01-1.167938147E-01-1.177798781E-01-1.186149258E-01-1.192961928E-01
-1.198209045E-01-1.201862708E-01-1.203894910E-01-1.204277449E-01-1.202981980E-01
-1.199979973E-01-1.195242686E-01-1.188741211E-01-1.180446411E-01-1.170328933E-01
-1.158359222E-01-1.144507501E-01-1.128743780E-01-1.111037848E-01-1.091359297E-01
-1.069677519E-01-1.045961721E-01-1.020180937E-01-9.923040548E-02-9.622998190E-02
-9.301368522E-02-8.957836895E-02-8.592087789E-02-8.203804827E-02-7.792670699E-02
-7.358366648E-02-6.900571467E-02-6.418959475E-02-5.913195974E-02-5.382926685E-02
-4.827750199E-02-4.247142084E-02-3.640239177E-02-3.005221353E-02-2.376590334E-02
-1.756894273E-02-1.146933257E-02-5.468432253E-03 4.348128629E-04 6.242214244E-03
 1.195568920E-02 1.757700579E-02 2.310768481E-02 2.854896271E-02 3.390177932E-02
 3.916677360E-02 4.434428328E-02 4.943434452E-02 5.443669272E-02 5.935076338E-02
 6.417569345E-02 6.891032551E-02 7.355321334E-02 7.810263113E-02 8.255658751E-02
 8.691284452E-02 9.116894297E-02 9.532223532E-02 9.936992615E-02 1.033091227E-01
 1.071368883E-01 1.108503089E-01 1.144465635E-01 1.179229974E-01 5.847182276E-02
 5.921425253E-02 5.898567666E-02 5.775595246E-02 5.563734143E-02 5.334473573E-02
 5.099407856E-02 4.857833062E-02 4.609279083E-02 4.353446248E-02 4.090167008E-02
 3.819365619E-02 3.541026093E-02 3.255169563E-02 2.961839036E-02 2.661089114E-02
 2.352978936E-02 2.037567235E-02 1.714908719E-02 1.385051319E-02 1.048034232E-02
 7.038863416E-03 3.526251781E-03-5.743608506E-05-3.712261502E-03-7.438392422E-03
-1.123607436E-02-1.510556690E-02-1.904700738E-02-2.306011610E-02-2.714352994E-02
-3.129324815E-02-3.549888131E-02-3.963567685E-02-4.370498678E-02-4.770553414E-02
-5.163489593E-02-5.549014375E-02-5.926813065E-02-6.296562667E-02-6.657938485E-02
-7.010617340E-02-7.354279305E-02-7.688608376E-02-8.013292816E-02-8.328025106E-02
-8.632501833E-02-8.926423437E-02-9.209493915E-02-9.481420534E-02-9.741913471E-02
-9.990685630E-02-1.022745202E-01-1.045192987E-01-1.066383784E-01-1.086289625E-01
-1.104882627E-01-1.122135025E-01-1.138019073E-01-1.152507082E-01-1.165571365E-01
-1.177184233E-01-1.187317939E-01-1.195944699E-01-1.203036641E-01-1.208565825E-01
-1.212504175E-01-1.214823501E-01-1.215495486E-01-1.214491638E-01-1.211783342E-01
-1.207341767E-01-1.201137939E-01-1.193142690E-01-1.183326649E-01-1.171660281E-01
-1.158113828E-01-1.142657377E-01-1.125260802E-01-1.105893805E-01-1.084525931E-01
-1.061126551E-01-1.035664893E-01-1.008110077E-01-9.784310867E-02-9.465968415E-02
-9.125761721E-02-8.763378894E-02-8.378507982E-02-7.970837471E-02-7.540057074E-02
-7.085859117E-02-6.607941290E-02-6.106012175E-02-5.579803034E-02-5.029093925E-02
-4.453774290E-02-3.853990878E-02-3.230526987E-02-2.585813701E-02-1.955179697E-02
-1.336910041E-02-7.300492084E-03-1.339916594E-03 4.516901754E-03 1.027321012E-02
 1.593157184E-02 2.149403368E-02 2.696221350E-02 3.233734823E-02 3.762032423E-02
 4.281169584E-02 4.791169942E-02 5.292026477E-02 5.783702495E-02 6.266132622E-02
 6.739223955E-02 7.202857339E-02 7.656888964E-02 8.101152294E-02 8.535460369E-02
 8.959608664E-02 9.373378371E-02 9.776540258E-02 1.016885926E-01 1.055009879E-01
 1.092002684E-01 1.127842108E-01 1.162507473E-01 5.772405224E-02 5.841441557E-02
 5.817306258E-02 5.696757659E-02 5.495238035E-02 5.271646918E-02 5.041647904E-02
 4.804536668E-02 4.559755141E-02 4.307087069E-02 4.046488272E-02 3.777992950E-02
 3.501668682E-02 3.217595468E-02 2.925855735E-02 2.626529260E-02 2.319690354E-02
 2.005405922E-02 1.683734030E-02 1.354722598E-02 1.018408210E-02 6.748149000E-03
 3.239529216E-03-3.418255624E-04-3.996130346E-03-7.723787459E-03-1.152541811E-02
-1.540191841E-02-1.935457356E-02-2.338531052E-02-2.749729511E-02-3.169639101E-02
-3.586136264E-02-3.997765521E-02-4.403697686E-02-4.803356227E-02-5.196276575E-02
-5.582047980E-02-5.960288869E-02-6.330635785E-02-6.692738017E-02-7.046254832E-02
-7.390853730E-02-7.726209308E-02-8.052002440E-02-8.367919532E-02-8.673652000E-02
-8.968895736E-02-9.253350647E-02-9.526720219E-02-9.788711204E-02-1.003903296E-01
-1.027739769E-01-1.050351952E-01-1.071711442E-01-1.091789988E-01-1.110559468E-01
-1.127991864E-01-1.144059208E-01-1.158733599E-01-1.171987135E-01-1.183791934E-01
-1.194120087E-01-1.202943634E-01-1.210234558E-01-1.215964755E-01-1.220106033E-01
-1.222630096E-01-1.223508519E-01-1.222712726E-01-1.220214021E-01-1.215983527E-01
-1.209992220E-01-1.202210906E-01-1.192610220E-01-1.181160620E-01-1.167832384E-01
-1.152595631E-01-1.135420311E-01-1.116276203E-01-1.095132959E-01-1.071960056E-01
-1.046726887E-01-1.019402696E-01-9.899566633E-02-9.583578913E-02-9.245754369E-02
-8.885783477E-02-8.503356996E-02-8.098166525E-02-7.669905365E-02-7.218269855E-02
-6.742961583E-02-6.243691007E-02-5.720183266E-02-5.172187039E-02-4.599485324E-02
-4.001900997E-02-3.379264592E-02-2.731230996E-02-2.096108560E-02-1.473255648E-02
-8.620885822E-03-2.621171438E-03 3.270632349E-03 9.057861739E-03 1.474326719E-02
 2.032910188E-02 2.581718273E-02 3.120893188E-02 3.650540647E-02 4.170732149E-02
 4.681506792E-02 5.182872837E-02 5.674809211E-02 6.157266997E-02 6.630171011E-02
 7.093421566E-02 7.546896379E-02 7.990452879E-02 8.423930712E-02 8.847154684E-02
 9.259938030E-02 9.662086098E-02 1.005340040E-01 1.043368288E-01 1.080274063E-01
 1.116039049E-01 1.150646407E-01 5.710957093E-02 5.771819138E-02 5.746392469E-02
 5.632312319E-02 5.431650828E-02 5.219332283E-02 4.997955252E-02 4.766704347E-02
 4.526009930E-02 4.276330721E-02 4.018026619E-02 3.751370434E-02 3.476572542E-02
 3.193799904E-02 2.903188649E-02 2.604851960E-02 2.298884766E-02 1.985366496E-02
 1.664362352E-02 1.335923805E-02 1.000088319E-02 6.568786981E-03 3.063019070E-03
-5.165260453E-04-4.170151942E-03-7.898392278E-03-1.170205501E-02-1.558228302E-02
-1.954063182E-02-2.357915534E-02-2.770045125E-02-3.190750953E-02-3.606922201E-02
-4.018068205E-02-4.423644416E-02-4.823131286E-02-5.216050908E-02-5.601963984E-02
-5.980462192E-02-6.351161155E-02-6.713694745E-02-7.067711080E-02-7.412869527E-02
-7.748838609E-02-8.075294509E-02-8.391919862E-02-8.698402960E-02-8.994436948E-02
-9.279719307E-02-9.553951315E-02-9.816837581E-02-1.006808582E-01-1.030740606E-01
-1.053451086E-01-1.074911445E-01-1.095093278E-01-1.113968327E-01-1.131508411E-01
-1.147685434E-01-1.162471361E-01-1.175838194E-01-1.187757905E-01-1.198202498E-01
-1.207143897E-01-1.214553997E-01-1.220404628E-01-1.224667510E-01-1.227314279E-01
-1.228316435E-01-1.227645378E-01-1.225272349E-01-1.221168449E-01-1.215304627E-01
-1.207651676E-01-1.198180216E-01-1.186860710E-01-1.173663470E-01-1.158558620E-01
-1.141516171E-01-1.122505930E-01-1.101497616E-01-1.078460786E-01-1.053364897E-01
-1.026179293E-01-9.968732588E-02-9.654159871E-02-9.317766481E-02-8.959243881E-02
-8.578283592E-02-8.174577389E-02-7.747817460E-02-7.297696478E-02-6.823907231E-02
-6.326141629E-02-5.804088098E-02-5.257425888E-02-4.685813127E-02-4.088863251E-02
-3.466101654E-02-2.816896127E-02-2.179918548E-02-1.554892740E-02-9.414830537E-03
-3.393444113E-03 2.518507822E-03 8.323996282E-03 1.402563212E-02 1.962564904E-02
 2.512590519E-02 3.052789311E-02 3.583275348E-02 4.104129028E-02 4.615398598E-02
 5.117101719E-02 5.609227094E-02 6.091736146E-02 6.564564765E-02 7.027625331E-02
 7.480808803E-02 7.923987146E-02 8.357015979E-02 8.779737521E-02 9.191983860E-02
 9.593580474E-02 9.984350014E-02 1.036411645E-01 1.073270922E-01 1.108996720E-01
 1.143574378E-01 5.636401015E-02 5.679662058E-02 5.652209542E-02 5.551083801E-02
 5.389354785E-02 5.193004948E-02 4.978120378E-02 4.750293428E-02 4.511735400E-02
 4.263548379E-02 4.006370966E-02 3.740613360E-02 3.466560333E-02 3.184422011E-02
 2.894360896E-02 2.596506889E-02 2.290965957E-02 1.977824926E-02 1.657154174E-02
 1.329008863E-02 9.934292452E-03 6.504403168E-03 3.000508602E-03-5.774803359E-04
-4.229851823E-03-7.957124375E-03-1.176009082E-02-1.563987831E-02-1.959802711E-02
-2.363657549E-02-2.775810544E-02-3.196558925E-02-3.612788334E-02-4.024009192E-02
-4.429676379E-02-4.829269689E-02-5.222310702E-02-5.608359705E-02-5.987008144E-02
-6.357871408E-02-6.720583226E-02-7.074791504E-02-7.420155374E-02-7.756343109E-02
-8.083030564E-02-8.399900043E-02-8.706639395E-02-9.002941359E-02-9.288502970E-02
-9.563025014E-02-9.826211654E-02-1.007776995E-01-1.031740972E-01-1.054484276E-01
-1.075978309E-01-1.096194600E-01-1.115104843E-01-1.132680816E-01-1.148894396E-01
-1.163717488E-01-1.177122058E-01-1.189080057E-01-1.199563430E-01-1.208544094E-01
-1.215993904E-01-1.221884660E-01-1.226188054E-01-1.228875703E-01-1.229919095E-01
-1.229289605E-01-1.226958461E-01-1.222896756E-01-1.217075429E-01-1.209465253E-01
-1.200036878E-01-1.188760747E-01-1.175607181E-01-1.160546325E-01-1.143548169E-01
-1.124582580E-01-1.103619256E-01-1.080627802E-01-1.055577697E-01-1.028438301E-01
-9.991789292E-02-9.677688176E-02-9.341771628E-02-8.983731217E-02-8.603258496E-02
-8.200044840E-02-7.773781317E-02-7.324158018E-02-6.850862654E-02-6.353577685E-02
-5.831974932E-02-5.285706171E-02-4.714387429E-02-4.117575028E-02-3.494732841E-02
-2.845196960E-02-2.207691901E-02-1.582020801E-02-9.679181003E-03-3.650888487E-03
 2.267630155E-03 8.079167677E-03 1.378624631E-02 1.939106560E-02 2.489548051E-02
 3.030099749E-02 3.560877969E-02 4.081965824E-02 4.593414474E-02 5.095244711E-02
 5.587448480E-02 6.069990645E-02 6.542810822E-02 7.005825382E-02 7.458929658E-02
 7.902000400E-02 8.334898452E-02 8.757471687E-02 9.169558299E-02 9.570990234E-02
 9.961596981E-02 1.034120955E-01 1.070966431E-01 1.106680750E-01 1.141249907E-01
 5.692945139E-02 5.753034484E-02 5.727421077E-02 5.613299524E-02 5.423187732E-02
 5.210947822E-02 4.989671147E-02 4.758941929E-02 4.518920726E-02 4.269938520E-02
 4.012302737E-02 3.746266439E-02 3.472034576E-02 3.189774959E-02 2.899627355E-02
 2.601709761E-02 2.296122417E-02 1.982950227E-02 1.662264030E-02 1.334121117E-02
 9.985651934E-03 6.556260854E-03 3.053190080E-03-5.235633541E-04-4.174170534E-03
-7.898989602E-03-1.169859634E-02-1.557384037E-02-1.952595954E-02-2.355683499E-02
-2.766959221E-02-3.187006740E-02-3.603678030E-02-4.015534461E-02-4.421742435E-02
-4.821722704E-02-5.215008995E-02-5.601189612E-02-5.979882334E-02-6.350723258E-02
-6.713361257E-02-7.067455087E-02-7.412671609E-02-7.748684636E-02-8.075174066E-02
-8.391825231E-02-8.698328328E-02-8.994377916E-02-9.279672518E-02-9.553914169E-02
-9.816808084E-02-1.006806232E-01-1.030738739E-01-1.053449606E-01-1.074910275E-01
-1.095092359E-01-1.113967592E-01-1.131507831E-01-1.147684990E-01-1.162471013E-01
-1.175837923E-01-1.187757702E-01-1.198202333E-01-1.207143781E-01-1.214553920E-01
-1.220404570E-01-1.224667481E-01-1.227314260E-01-1.228316444E-01-1.227645398E-01
-1.225272387E-01-1.221168497E-01-1.215304685E-01-1.207651744E-01-1.198180293E-01
-1.186860797E-01-1.173663557E-01-1.158558717E-01-1.141516248E-01-1.122506007E-01
-1.101497665E-01-1.078460805E-01-1.053364859E-01-1.026179197E-01-9.968730750E-02
-9.654156931E-02-9.317762177E-02-8.959237885E-02-8.578275527E-02-8.174566818E-02
-7.747803911E-02-7.297679398E-02-6.823886013E-02-6.326115585E-02-5.804056484E-02
-5.257387871E-02-4.685767799E-02-4.088809635E-02-3.466038676E-02-2.816822646E-02
-2.179833326E-02-1.554794472E-02-9.413703489E-03-3.392158238E-03 2.519967709E-03
 8.325645896E-03 1.402748761E-02 1.962772697E-02 2.512822209E-02 3.053046561E-02
 3.583559813E-02 4.104442293E-02 4.615742182E-02 5.117477053E-02 5.609635484E-02
 6.092178704E-02 6.565042429E-02 7.028138797E-02 7.481358507E-02 7.924573213E-02
 8.357638187E-02 8.780395298E-02 9.192676222E-02 9.594306027E-02 9.985106969E-02
 1.036490251E-01 1.073352159E-01 1.109080287E-01 1.143659919E-01 5.751692903E-02
 5.819588253E-02 5.795294493E-02 5.675893599E-02 5.473074870E-02 5.251779443E-02
 5.023939680E-02 4.788707591E-02 4.545614604E-02 4.294475537E-02 4.035259530E-02
 3.768011156E-02 3.492808868E-02 3.209744183E-02 2.918911307E-02 2.620401679E-02
 2.314300975E-02 2.000687184E-02 1.679629231E-02 1.351185955E-02 1.015405236E-02
 6.723233555E-03 3.219645784E-03-3.565893406E-04-4.005466721E-03-7.727084240E-03
-1.152161226E-02-1.538922948E-02-1.932998737E-02-2.334351640E-02-2.742836281E-02
-3.158043506E-02-3.578925117E-02-3.993001629E-02-4.400404561E-02-4.801003700E-02
-5.194555405E-02-5.580766224E-02-5.959321278E-02-6.329897399E-02-6.692169561E-02
-7.045813986E-02-7.390509739E-02-7.725939524E-02-8.051789957E-02-8.367751603E-02
-8.673518926E-02-8.968790070E-02-9.253266625E-02-9.526653363E-02-9.788657917E-02
-1.003899070E-01-1.027736413E-01-1.050349283E-01-1.071709324E-01-1.091788315E-01
-1.110558153E-01-1.127990830E-01-1.144058405E-01-1.158732970E-01-1.171986651E-01
-1.183791567E-01-1.194119816E-01-1.202943431E-01-1.210234413E-01-1.215964658E-01
-1.220105985E-01-1.222630077E-01-1.223508529E-01-1.222712774E-01-1.220214088E-01
-1.215983623E-01-1.209992346E-01-1.202211051E-01-1.192610385E-01-1.181160803E-01
-1.167832578E-01-1.152595824E-01-1.135420495E-01-1.116276377E-01-1.095133084E-01
-1.071960134E-01-1.046726877E-01-1.019402571E-01-9.899563732E-02-9.583574000E-02
-9.245746874E-02-8.885772752E-02-8.503342306E-02-8.098147038E-02-7.669880124E-02
-7.218237776E-02-6.742921457E-02-6.243641472E-02-5.720122842E-02-5.172114061E-02
-4.599398004E-02-4.001797352E-02-3.379142485E-02-2.731088135E-02-2.095942479E-02
-1.473063707E-02-8.618680073E-03-2.618650006E-03 3.273500121E-03 9.061107670E-03
 1.474692402E-02 2.033320329E-02 2.582176257E-02 3.121402399E-02 3.651104461E-02
 4.171353844E-02 4.682189521E-02 5.183619551E-02 5.675622606E-02 6.158149453E-02
 6.631124521E-02 7.094447647E-02 7.547996018E-02 7.991626425E-02 8.425177854E-02
 8.848474350E-02 9.261328333E-02 9.663544302E-02 1.005492282E-01 1.043526507E-01
 1.080437698E-01 1.116207480E-01 1.150818910E-01 5.820279367E-02 5.891747791E-02
 5.869544433E-02 5.747828053E-02 5.530186840E-02 5.304729487E-02 5.073186632E-02
 4.834636669E-02 4.588717089E-02 4.335203358E-02 4.073979124E-02 3.805005712E-02
 3.528296120E-02 3.243895705E-02 2.951868654E-02 2.652288584E-02 2.345232031E-02
 2.030773916E-02 1.708984172E-02 1.379925429E-02 1.043651322E-02 7.002053839E-03
 3.496205339E-03-8.080814128E-05-3.728859081E-03-7.447897712E-03-1.123791882E-02
-1.509890827E-02-1.903076346E-02-2.303318652E-02-2.710557765E-02-3.124705283E-02
-3.545701244E-02-3.960105954E-02-4.367737084E-02-4.768381127E-02-5.161788567E-02
-5.547682534E-02-5.925768309E-02-6.295740906E-02-6.657290204E-02-7.010104464E-02
-7.353872472E-02-7.688284937E-02-8.013035198E-02-8.327819615E-02-8.632337763E-02
-8.926292374E-02-9.209389206E-02-9.481336927E-02-9.741846837E-02-9.990632536E-02
-1.022740976E-01-1.045189631E-01-1.066381134E-01-1.086287536E-01-1.104880992E-01
-1.122133748E-01-1.138018077E-01-1.152506318E-01-1.165570785E-01-1.177183788E-01
-1.187317610E-01-1.195944457E-01-1.203036477E-01-1.208565718E-01-1.212504117E-01
-1.214823491E-01-1.215495515E-01-1.214491715E-01-1.211783458E-01-1.207341921E-01
-1.201138132E-01-1.193142922E-01-1.183326920E-01-1.171660581E-01-1.158114157E-01
-1.142657715E-01-1.125261141E-01-1.105894134E-01-1.084526221E-01-1.061126774E-01
-1.035665019E-01-1.008110057E-01-9.784308643E-02-9.465963406E-02-9.125753211E-02
-8.763365963E-02-8.378489558E-02-7.970812326E-02-7.540023806E-02-7.085816148E-02
-6.607886832E-02-6.105944226E-02-5.579719369E-02-5.028992099E-02-4.453651603E-02
-3.853844381E-02-3.230353488E-02-2.585609738E-02-1.954941547E-02-1.336633729E-02
-7.297305205E-03-1.336261393E-03 4.521072017E-03 1.027794411E-02 1.593691985E-02
 2.150004744E-02 2.696894534E-02 3.234485105E-02 3.762865044E-02 4.282089690E-02
 4.792182503E-02 5.293136213E-02 5.784913729E-02 6.267449241E-02 6.740649249E-02
 7.204393908E-02 7.658538597E-02 8.102915824E-02 8.537337592E-02 8.961598216E-02
 9.375477622E-02 9.778745262E-02 1.017116455E-01 1.055249760E-01 1.092251086E-01
 1.128098053E-01 1.162769859E-01 5.868346690E-02 5.941021600E-02 5.918869131E-02
 5.798609233E-02 5.595401060E-02 5.369075428E-02 5.135463437E-02 4.894656711E-02
 4.646459526E-02 4.390732948E-02 4.127398563E-02 3.856430551E-02 3.577844461E-02
 3.291685942E-02 2.998020718E-02 2.696926245E-02 2.388485094E-02 2.072779779E-02
 1.749888810E-02 1.419883723E-02 1.082826965E-02 7.387704345E-03 3.877547132E-03
 2.980879731E-04-3.350495127E-03-7.068126337E-03-1.085481597E-02-1.471063884E-02
-1.863571141E-02-2.263017683E-02-2.669421921E-02-3.082814525E-02-3.503257194E-02
-3.917212083E-02-4.324394563E-02-4.724523485E-02-5.117311804E-02-5.502464589E-02
-5.879680364E-02-6.248653514E-02-6.609076625E-02-6.960642253E-02-7.303044329E-02
-7.635978976E-02-7.959145030E-02-8.272244320E-02-8.574981734E-02-8.867065157E-02
-9.148205348E-02-9.418115742E-02-9.676512270E-02-9.923112984E-02-1.015763791E-01
-1.037980873E-01-1.058934874E-01-1.078598192E-01-1.096943364E-01-1.113942950E-01
-1.129569564E-01-1.143795836E-01-1.156594358E-01-1.167937731E-01-1.177798481E-01
-1.186149045E-01-1.192961793E-01-1.198208958E-01-1.201862679E-01-1.203894929E-01
-1.204277517E-01-1.202982086E-01-1.199980128E-01-1.195242899E-01-1.188741482E-01
-1.180446730E-01-1.170329310E-01-1.158359657E-01-1.144507985E-01-1.128744303E-01
-1.111038409E-01-1.091359867E-01-1.069678080E-01-1.045962234E-01-1.020181363E-01
-9.923043352E-02-9.622998761E-02-9.301366114E-02-8.957830531E-02-8.592076290E-02
-8.203786848E-02-7.792644674E-02-7.358330758E-02-6.900523682E-02-6.418897464E-02
-5.913117126E-02-5.382828088E-02-4.827628634E-02-4.246993971E-02-3.640060620E-02
-3.005008087E-02-2.376337736E-02-1.756597361E-02-1.146586685E-02-5.464412811E-03
 4.394463989E-04 6.247525529E-03 1.196174484E-02 1.758387496E-02 2.311543879E-02
 2.855767431E-02 3.391152224E-02 3.917762174E-02 4.435630945E-02 4.944761980E-02
 5.445128511E-02 5.936673622E-02 6.419310428E-02 6.892922453E-02 7.357364125E-02
 7.812461802E-02 8.258015069E-02 8.693798679E-02 9.119565099E-02 9.535047814E-02
 9.939965406E-02 1.033402646E-01 1.071693531E-01 1.108839855E-01 1.144813175E-01
 1.179586759E-01 5.944650360E-02 6.019923026E-02 5.999180502E-02 5.879272061E-02
 5.673502185E-02 5.446125134E-02 5.211158806E-02 4.968621935E-02 4.718436968E-02
 4.460562976E-02 4.194997572E-02 3.921773251E-02 3.640951258E-02 3.352614330E-02
 3.056859391E-02 2.753790936E-02 2.443515250E-02 2.126135728E-02 1.801749098E-02
 1.470442517E-02 1.132291526E-02 7.873584617E-03 4.356915774E-03 7.732445369E-04
-2.877241697E-03-6.594503384E-03-1.037864656E-02-1.422992035E-02-1.814871533E-02
-2.213556584E-02-2.619115562E-02-3.031632624E-02-3.451207807E-02-3.864299515E-02
-4.270595022E-02-4.669778810E-02-5.061533261E-02-5.445540315E-02-5.821483155E-02
-6.189047365E-02-6.547921673E-02-6.897798413E-02-7.238373643E-02-7.569347248E-02
-7.890422822E-02-8.201307514E-02-8.501711850E-02-8.791349498E-02-9.069937000E-02
-9.337193516E-02-9.592840550E-02-9.836601673E-02-1.006820217E-01-1.028736886E-01
-1.049382969E-01-1.068731379E-01-1.086755064E-01-1.103427034E-01-1.118720305E-01
-1.132607886E-01-1.145062766E-01-1.156057855E-01-1.165566007E-01-1.173559980E-01
-1.180012402E-01-1.184895790E-01-1.188182485E-01-1.189844681E-01-1.189854381E-01
-1.188183403E-01-1.184803335E-01-1.179685578E-01-1.172801274E-01-1.164121343E-01
-1.153616461E-01-1.141257073E-01-1.127013326E-01-1.110855171E-01-1.092752279E-01
-1.072674071E-01-1.050589764E-01-1.026468313E-01-1.000278482E-01-9.719888573E-02
-9.415678535E-02-9.089837299E-02-8.742046474E-02-8.371986585E-02-7.979337182E-02
-7.563776489E-02-7.124980525E-02-6.662621566E-02-6.176365921E-02-5.665872541E-02
-5.130798025E-02-4.570826284E-02-3.985777658E-02-3.375955141E-02-2.743169585E-02
-2.121798717E-02-1.510439399E-02-9.085389573E-03-3.158166097E-03 2.679239703E-03
 8.428494645E-03 1.409109183E-02 1.966835137E-02 2.516139425E-02 3.057111690E-02
 3.589816987E-02 4.114294262E-02 4.630554888E-02 5.138581565E-02 5.638327183E-02
 6.129713834E-02 6.612631895E-02 7.086939308E-02 7.552461123E-02 8.008989393E-02
 8.456283637E-02 8.894071972E-02 9.322053087E-02 9.739899276E-02 1.014726056E-01
 1.054377033E-01 1.092905198E-01 1.130272719E-01 1.166442458E-01 1.201379029E-01
 6.048367513E-02 6.124792525E-02 6.108534323E-02 5.986640256E-02 5.766168911E-02
 5.537631921E-02 5.301504639E-02 5.057313918E-02 4.805078055E-02 4.544856150E-02
 4.276738705E-02 4.000841763E-02 3.717300236E-02 3.426261008E-02 3.127876292E-02
 2.822297836E-02 2.509671916E-02 2.190135358E-02 1.863812444E-02 1.530812584E-02
 1.191228708E-02 8.451360907E-03 4.925916563E-03 1.336333994E-03-2.317200334E-03
-6.034698527E-03-9.816378495E-03-1.366267459E-02-1.757425166E-02-2.155201949E-02
-2.559713724E-02-2.971098496E-02-3.389505908E-02-3.801420404E-02-4.206511118E-02
-4.604425810E-02-4.994810200E-02-5.377317512E-02-5.751611492E-02-6.117366439E-02
-6.474265962E-02-6.822001643E-02-7.160271821E-02-7.488780561E-02-7.807236919E-02
-8.115354214E-02-8.412849608E-02-8.699443548E-02-8.974859470E-02-9.238823325E-02
-9.491063327E-02-9.731309528E-02-9.959293719E-02-1.017474875E-01-1.037740856E-01
-1.056700788E-01-1.074328173E-01-1.090596530E-01-1.105479370E-01-1.118950196E-01
-1.130982411E-01-1.141549372E-01-1.150624318E-01-1.158180365E-01-1.164190501E-01
-1.168627540E-01-1.171464113E-01-1.172672688E-01-1.172225488E-01-1.170094525E-01
-1.166251580E-01-1.160668171E-01-1.153315565E-01-1.144164739E-01-1.133186419E-01
-1.120351022E-01-1.105628672E-01-1.088989227E-01-1.070402201E-01-1.049836871E-01
-1.027262173E-01-1.002646821E-01-9.759592286E-02-9.471675962E-02-9.162399328E-02
-8.831440760E-02-8.478477585E-02-8.103186643E-02-7.705244717E-02-7.284328823E-02
-6.840115560E-02-6.372278568E-02-5.880481274E-02-5.364358818E-02-4.823474183E-02
-4.257211951E-02-3.664517986E-02-3.043251004E-02-2.427111053E-02-1.818331049E-02
-1.217605675E-02-6.250925326E-03-4.076262783E-04 5.354753065E-03 1.103729023E-02
 1.664104454E-02 2.216697197E-02 2.761587792E-02 3.298838444E-02 3.828490449E-02
 4.350561890E-02 4.865045535E-02 5.371906596E-02 5.871080673E-02 6.362471482E-02
 6.845948724E-02 7.321345961E-02 7.788458648E-02 8.247042620E-02 8.696812958E-02
 9.137443737E-02 9.568568869E-02 9.989784286E-02 1.040065182E-01 1.080070536E-01
 1.118945844E-01 1.156641504E-01 1.193108155E-01 1.228298050E-01 6.132832281E-02
 6.212861373E-02 6.195602359E-02 6.077745955E-02 5.874059276E-02 5.645664490E-02
 5.408201459E-02 5.162037491E-02 4.907311356E-02 4.644199068E-02 4.372906388E-02
 4.093658217E-02 3.806688701E-02 3.512232577E-02 3.210518014E-02 2.901761006E-02
 2.586161115E-02 2.263898562E-02 1.935132185E-02 1.599998288E-02 1.258610050E-02
 9.110572376E-03 5.574062160E-03 1.976999297E-03-1.680422539E-03-5.398251010E-03
-9.176787580E-03-1.301661133E-02-1.691861937E-02-2.088409033E-02-2.491476946E-02
-2.901294851E-02-3.318141429E-02-3.728628601E-02-4.132325510E-02-4.528774377E-02
-4.917550700E-02-5.298268534E-02-5.670572885E-02-6.034131319E-02-6.388627552E-02
-6.733757111E-02-7.069224361E-02-7.394740649E-02-7.710022884E-02-8.014792664E-02
-8.308775476E-02-8.591700144E-02-8.863298372E-02-9.123304264E-02-9.371453954E-02
-9.607485260E-02-9.831137324E-02-1.004215043E-01-1.024026532E-01-1.042522350E-01
-1.059676635E-01-1.075463518E-01-1.089857109E-01-1.102831441E-01-1.114360451E-01
-1.124417988E-01-1.132977756E-01-1.140013315E-01-1.145498051E-01-1.149405144E-01
-1.151707594E-01-1.152378148E-01-1.151389319E-01-1.148713373E-01-1.144322290E-01
-1.138187756E-01-1.130281191E-01-1.120573659E-01-1.109035936E-01-1.095638456E-01
-1.080351306E-01-1.063144236E-01-1.043986627E-01-1.022847522E-01-9.996956159E-02
-9.744992256E-02-9.472263683E-02-9.178447523E-02-8.863218140E-02-8.526247871E-02
-8.167207916E-02-7.785769606E-02-7.381606242E-02-6.954395747E-02-6.503824422E-02
-6.029592791E-02-5.531425124E-02-5.009087003E-02-4.462421398E-02-3.891429413E-02
-3.296462958E-02-2.678703200E-02-2.071519842E-02-1.473121259E-02-8.827298225E-03
-2.999634482E-03 2.753981562E-03 8.435041554E-03 1.404468345E-02 1.958383085E-02
 2.505324083E-02 3.045351406E-02 3.578508477E-02 4.104820393E-02 4.624291564E-02
 5.136903102E-02 5.642609901E-02 6.141337398E-02 6.632978146E-02 7.117388095E-02
 7.594382731E-02 8.063733150E-02 8.525162254E-02 8.978341278E-02 9.422887119E-02
 9.858360809E-02 1.028426763E-01 1.070006026E-01 1.110514372E-01 1.149888524E-01
 1.188062708E-01 1.224970360E-01 1.260546082E-01 6.255139902E-02 6.338638916E-02
 6.323622199E-02 6.206804893E-02 6.002277005E-02 5.772799600E-02 5.533404502E-02
 5.284513205E-02 5.026413540E-02 4.759438683E-02 4.483948971E-02 4.200313799E-02
 3.908896974E-02 3.610045618E-02 3.304082554E-02 2.991301413E-02 2.671963982E-02
 2.346299146E-02 2.014502900E-02 1.676739061E-02 1.333140403E-02 9.838099335E-03
 6.288222016E-03 2.682244863E-03-9.796230269E-04-4.697431497E-03-8.471492499E-03
-1.230239779E-02-1.619106642E-02-2.013885847E-02-2.414784006E-02-2.822141561E-02
-3.236585671E-02-3.645753206E-02-4.048240970E-02-4.443272735E-02-4.830336408E-02
-5.209035368E-02-5.579026621E-02-5.939994426E-02-6.291638709E-02-6.633669608E-02
-6.965804768E-02-7.287767730E-02-7.599286922E-02-7.900094880E-02-8.189927671E-02
-8.468524331E-02-8.735626439E-02-8.990977703E-02-9.234323530E-02-9.465410723E-02
-9.683987138E-02-9.889801172E-02-1.008260191E-01-1.026213819E-01-1.042815906E-01
-1.058041276E-01-1.071864709E-01-1.084260866E-01-1.095204302E-01-1.104669418E-01
-1.112630470E-01-1.119061520E-01-1.123936407E-01-1.127228749E-01-1.128911951E-01
-1.128959117E-01-1.127343100E-01-1.124036435E-01-1.119011356E-01-1.112239788E-01
-1.103693298E-01-1.093343095E-01-1.081160030E-01-1.067114569E-01-1.051176769E-01
-1.033316312E-01-1.013502434E-01-9.917039358E-02-9.678891934E-02-9.420261452E-02
-9.140822781E-02-8.840246551E-02-8.518199344E-02-8.174344277E-02-7.808341848E-02
-7.419851441E-02-7.008533708E-02-6.574054136E-02-6.116088523E-02-5.634330865E-02
-5.128504744E-02-4.598379872E-02-4.043795566E-02-3.464692482E-02-2.861146694E-02
-2.263139886E-02-1.671558596E-02-1.086562639E-02-5.081090073E-03 6.388935170E-04
 6.295201251E-03 1.188862390E-02 1.741985959E-02 2.288951918E-02 2.829812452E-02
 3.364609824E-02 3.893374575E-02 4.416123224E-02 4.932855315E-02 5.443550182E-02
 5.948163135E-02 6.446621166E-02 6.938818117E-02 7.424609289E-02 7.903805438E-02
 8.376166258E-02 8.841393463E-02 9.299123721E-02 9.748921806E-02 1.019027488E-01
 1.062258830E-01 1.104518462E-01 1.145730756E-01 1.185813072E-01 1.224677433E-01
 1.262232824E-01 1.298388250E-01 6.424040279E-02 6.503875069E-02 6.498857060E-02
 6.375822019E-02 6.154262959E-02 5.922280930E-02 5.679834522E-02 5.426879547E-02
 5.163926687E-02 4.891542191E-02 4.610306034E-02 4.320783278E-02 4.023504420E-02
 3.718953467E-02 3.407562069E-02 3.089707997E-02 2.765716276E-02 2.435861864E-02
 2.100373087E-02 1.759435318E-02 1.413194572E-02 1.061760906E-02 7.052114573E-03
 3.435933230E-03-2.307386314E-04-3.947952995E-03-7.715980380E-03-1.153526819E-02
-1.540637020E-02-1.932980681E-02-2.330576518E-02-2.733341871E-02-3.140932509E-02
-3.552355715E-02-3.954945983E-02-4.348911067E-02-4.734185108E-02-5.110583301E-02
-5.477869536E-02-5.835786746E-02-6.184070719E-02-6.522456331E-02-6.850680325E-02
-7.168482299E-02-7.475605032E-02-7.771794328E-02-8.056798750E-02-8.330369286E-02
-8.592258987E-02-8.842222535E-02-9.080015978E-02-9.305396320E-02-9.518121195E-02
-9.717948556E-02-9.904636499E-02-1.007794258E-01-1.023762406E-01-1.038343712E-01
-1.051513719E-01-1.063247804E-01-1.073521209E-01-1.082308973E-01-1.089585961E-01
-1.095326786E-01-1.099505830E-01-1.102097213E-01-1.103074784E-01-1.102412055E-01
-1.100082265E-01-1.096058296E-01-1.090312684E-01-1.082817594E-01-1.073544806E-01
-1.062465724E-01-1.049551304E-01-1.034772079E-01-1.018098156E-01-9.994991191E-02
-9.789441080E-02-9.564017160E-02-9.318400226E-02-9.052265341E-02-8.765281735E-02
-8.457112593E-02-8.127414833E-02-7.775839089E-02-7.402029891E-02-7.005626371E-02
-6.586263767E-02-6.143576193E-02-5.677201283E-02-5.186786556E-02-4.671997460E-02
-4.132525701E-02-3.568096631E-02-2.978472069E-02-2.392836902E-02-1.811658059E-02
-1.235337681E-02-6.641204620E-03-9.813277660E-04 4.625715271E-03 1.017980150E-02
 1.568104042E-02 2.112966930E-02 2.652598832E-02 3.187031759E-02 3.716296137E-02
 4.240417643E-02 4.759413858E-02 5.273290749E-02 5.782038723E-02 6.285628099E-02
 6.784003840E-02 7.277079552E-02 7.764730326E-02 8.246784557E-02 8.723014366E-02
 9.193124766E-02 9.656741506E-02 1.011339799E-01 1.056252167E-01 1.100342175E-01
 1.143527938E-01 1.185714340E-01 1.226793618E-01 1.266647058E-01 1.305148328E-01
 1.342168232E-01 6.570553373E-02 6.663334343E-02 6.653988171E-02 6.539098001E-02
 6.332948400E-02 6.098363354E-02 5.850945145E-02 5.591701469E-02 5.321538002E-02
 5.041387501E-02 4.752149239E-02 4.454649310E-02 4.149621090E-02 3.837699881E-02
 3.519426094E-02 3.195252702E-02 2.865554343E-02 2.530636487E-02 2.190743987E-02
 1.846068649E-02 1.496755781E-02 1.142909821E-02 7.845990903E-03 4.218599513E-03
 5.470042109E-04-3.168964070E-03-6.929689090E-03-1.073572949E-02-1.458776807E-02
-1.848654094E-02-2.243274278E-02-2.642692154E-02-3.046946572E-02-3.456107868E-02
-3.856564814E-02-4.248198552E-02-4.630834005E-02-5.004255345E-02-5.368224519E-02
-5.722493705E-02-6.066812248E-02-6.400930112E-02-6.724599468E-02-7.037575181E-02
-7.339614837E-02-7.630478603E-02-7.909928861E-02-8.177729907E-02-8.433647576E-02
-8.677448920E-02-8.908901815E-02-9.127774668E-02-9.333836098E-02-9.526854569E-02
-9.706598200E-02-9.872834341E-02-1.002532934E-01-1.016384839E-01-1.028815511E-01
-1.039801142E-01-1.049317709E-01-1.057340994E-01-1.063846511E-01-1.068809531E-01
-1.072205005E-01-1.074007615E-01-1.074191704E-01-1.072731295E-01-1.069600015E-01
-1.064771143E-01-1.058217580E-01-1.049911783E-01-1.039825804E-01-1.027931266E-01
-1.014199302E-01-9.986005895E-02-9.811052636E-02-9.616829681E-02-9.403027632E-02
-9.169331213E-02-8.915418841E-02-8.640962134E-02-8.345625333E-02-8.029064680E-02
-7.690927489E-02-7.330851086E-02-6.948461539E-02-6.543372295E-02-6.115183204E-02
-5.663480944E-02-5.187842221E-02-4.687840416E-02-4.163053386E-02-3.613069743E-02
-3.037491455E-02-2.464956663E-02-1.895754523E-02-1.330163125E-02-7.684258957E-03
-2.107307303E-03 3.427909578E-03 8.920553957E-03 1.437015678E-02 1.977652259E-02
 2.513965533E-02 3.045969996E-02 3.573689769E-02 4.097154725E-02 4.616396972E-02
 5.131447399E-02 5.642331974E-02 6.149067650E-02 6.651657579E-02 7.150085504E-02
 7.644308960E-02 8.134251091E-02 8.619790583E-02 9.100749420E-02 9.576877905E-02
 1.004783663E-01 1.051317493E-01 1.097230575E-01 1.142447795E-01 1.186874782E-01
 1.230395425E-01 1.272870615E-01 1.314139127E-01 1.354021871E-01 1.392329884E-01
 6.776590441E-02 6.876242814E-02 6.870575208E-02 6.755993554E-02 6.547408236E-02
 6.306869747E-02 6.051093943E-02 5.781856249E-02 5.500760971E-02 5.209331428E-02
 4.908915361E-02 4.600653493E-02 4.285486392E-02 3.964177688E-02 3.637341163E-02
 3.305466194E-02 2.968939517E-02 2.628063101E-02 2.283068483E-02 1.934128280E-02
 1.581365296E-02 1.224859762E-02 8.646552333E-03 5.007632445E-03 1.331671725E-03
-2.381746911E-03-6.133267450E-03-9.923745085E-03-1.375424280E-02-1.762604915E-02
-2.154073287E-02-2.550025660E-02-2.950715959E-02-3.356471850E-02-3.753716607E-02
-4.142133001E-02-4.521380224E-02-4.891144545E-02-5.251141297E-02-5.601106982E-02
-5.940792163E-02-6.269956525E-02-6.588365813E-02-6.895790109E-02-7.192002596E-02
-7.476778897E-02-7.749896489E-02-8.011134253E-02-8.260272114E-02-8.497090645E-02
-8.721370787E-02-8.932893480E-02-9.131439366E-02-9.316788494E-02-9.488719997E-02
-9.647011876E-02-9.791440671E-02-9.921781084E-02-1.003780618E-01-1.013928638E-01
-1.022599005E-01-1.029768257E-01-1.035412662E-01-1.039508177E-01-1.042030421E-01
-1.042954676E-01-1.042255854E-01-1.039908472E-01-1.035886670E-01-1.030164162E-01
-1.022714226E-01-1.013509697E-01-1.002522944E-01-9.897258535E-02-9.750898186E-02
-9.585856934E-02-9.401837849E-02-9.198538264E-02-8.975649374E-02-8.732855832E-02
-8.469835264E-02-8.186257645E-02-7.881784544E-02-7.556068142E-02-7.208749768E-02
-6.839457811E-02-6.447804451E-02-6.033380592E-02-5.595749006E-02-5.134437414E-02
-4.648937825E-02-4.138721976E-02-3.603258296E-02-3.042023174E-02-2.483163200E-02
-1.926846882E-02-1.373249982E-02-8.225449806E-03-2.748894569E-03 2.695834633E-03
 8.107697231E-03 1.348594717E-02 1.883011165E-02 2.413995998E-02 2.941546894E-02
 3.465679125E-02 3.986422564E-02 4.503818864E-02 5.017918751E-02 5.528779216E-02
 6.036460413E-02 6.541022167E-02 7.042519777E-02 7.540998872E-02 8.036489045E-02
 8.528995693E-02 9.018489686E-02 9.504893974E-02 9.988066220E-02 1.046777631E-01
 1.094367667E-01 1.141526403E-01 1.188183017E-01 1.234240024E-01 1.279566043E-01
 1.323988629E-01 1.367289555E-01 1.409207267E-01 1.449450954E-01 7.048429904E-02
 7.156579435E-02 7.158953519E-02 7.039954487E-02 6.808294457E-02 6.555882851E-02
 6.285542423E-02 5.999945542E-02 5.702048605E-02 5.394266122E-02 5.078447385E-02
 4.755980318E-02 4.427903914E-02 4.094998385E-02 3.757851445E-02 3.416905697E-02
 3.072492523E-02 2.724856377E-02 2.374172557E-02 2.020560259E-02 1.664092394E-02
 1.304803003E-02 9.426930024E-03 5.777346039E-03 2.098747602E-03-1.609622348E-03
-5.348730212E-03-9.119745909E-03-1.292405618E-02-1.676331522E-02-2.063957335E-02
-2.455557813E-02-2.851546821E-02-3.252639679E-02-3.646300782E-02-4.031199314E-02
-4.406648891E-02-4.772232312E-02-5.127646746E-02-5.472639208E-02-5.806979188E-02
-6.130446998E-02-6.442828607E-02-6.743913342E-02-7.033492722E-02-7.311359786E-02
-7.577308677E-02-7.831134252E-02-8.072631754E-02-8.301596476E-02-8.517823517E-02
-8.721107415E-02-8.911241857E-02-9.088019437E-02-9.251231329E-02-9.400667011E-02
-9.536114001E-02-9.657357630E-02-9.764180725E-02-9.856363443E-02-9.933682981E-02
-9.995913424E-02-1.004282537E-01-1.007418585E-01-1.008975831E-01-1.008930193E-01
-1.007257223E-01-1.003932000E-01-9.989291835E-02-9.922229725E-02-9.837870904E-02
-9.735947870E-02-9.616188102E-02-9.478313702E-02-9.322041617E-02-9.147083175E-02
-8.953143891E-02-8.739923229E-02-8.507114207E-02-8.254403031E-02-7.981468531E-02
-7.687981632E-02-7.373604610E-02-7.037990350E-02-6.680781459E-02-6.301608761E-02
-5.900087969E-02-5.475811290E-02-5.028328296E-02-4.557109194E-02-4.061506344E-02
-3.540829219E-02-2.994397326E-02-2.449854995E-02-1.907252353E-02-1.366669881E-02
-8.282074577E-03-2.919727913E-03 2.419290019E-03 7.734037711E-03 1.302374104E-02
 1.828782625E-02 2.352593437E-02 2.873792297E-02 3.392385953E-02 3.908401244E-02
 4.421883826E-02 4.932896891E-02 5.441519712E-02 5.947846146E-02 6.451982750E-02
 6.954046689E-02 7.454162971E-02 7.952461004E-02 8.449069994E-02 8.944112851E-02
 9.437697959E-02 9.929907975E-02 1.042078448E-01 1.091030635E-01 1.139835967E-01
 1.188469425E-01 1.236885971E-01 1.285011030E-01 1.332726133E-01 1.379847703E-01
 1.426099127E-01 1.471087036E-01 1.514315294E-01 7.347435919E-02 7.472477079E-02
 7.477876805E-02 7.358825724E-02 7.131123077E-02 6.857247689E-02 6.559255850E-02
 6.245942790E-02 5.922434778E-02 5.591708200E-02 5.255596102E-02 4.915290009E-02
 4.571595792E-02 4.225072544E-02 3.876112873E-02 3.524991844E-02 3.171898167E-02
 2.816954879E-02 2.460233525E-02 2.101764106E-02 1.741542289E-02 1.379534785E-02
 1.015683347E-02 6.499079446E-03 2.821093024E-03-8.782897030E-04-4.600383428E-03
-8.346630931E-03-1.211857025E-02-1.591777480E-02-1.974572835E-02-2.360353950E-02
-2.749127139E-02-3.140633044E-02-3.533952923E-02-3.916254976E-02-4.287853929E-02
-4.648784374E-02-4.998957281E-02-5.338228134E-02-5.666427371E-02-5.983374287E-02
-6.288883440E-02-6.582767539E-02-6.864838735E-02-7.134909108E-02-7.392790700E-02
-7.638295488E-02-7.871235088E-02-8.091420585E-02-8.298662215E-02-8.492769098E-02
-8.673548945E-02-8.840807812E-02-8.994349773E-02-9.133976668E-02-9.259487851E-02
-9.370679930E-02-9.467346504E-02-9.549277915E-02-9.616261061E-02-9.668079135E-02
-9.704511376E-02-9.725333096E-02-9.730315051E-02-9.719223783E-02-9.691820996E-02
-9.647863965E-02-9.587104783E-02-9.509290705E-02-9.414163842E-02-9.301461113E-02
-9.170914116E-02-9.022248976E-02-8.855186229E-02-8.669440654E-02-8.464721076E-02
-8.240730128E-02-7.997164032E-02-7.733712154E-02-7.450056566E-02-7.145871315E-02
-6.820821898E-02-6.474564973E-02-6.106749430E-02-5.717020120E-02-5.305025451E-02
-4.870426267E-02-4.412887467E-02-3.931956125E-02-3.426577417E-02-2.895711064E-02
-2.366384549E-02-1.838480301E-02-1.311972420E-02-7.868930694E-03-2.633073297E-03
 2.587048030E-03 7.790611631E-03 1.297686459E-02 1.814518568E-02 2.329512739E-02
 2.842644310E-02 3.353910360E-02 3.863330647E-02 4.370948122E-02 4.876829174E-02
 5.381063766E-02 5.883765453E-02 6.385071364E-02 6.885142134E-02 7.384161668E-02
 7.882336743E-02 8.379896167E-02 8.877089561E-02 9.374185151E-02 9.871466562E-02
 1.036922780E-01 1.086776573E-01 1.136736873E-01 1.186829976E-01 1.237077042E-01
 1.287489881E-01 1.338063945E-01 1.388765572E-01 1.439505766E-01 1.490077781E-01
 1.539988584E-01 1.588173014E-01 7.837570166E-02 8.030833693E-02 8.050311821E-02
 7.890523237E-02 7.572909820E-02 7.221106409E-02 6.866351116E-02 6.509284051E-02
 6.150672177E-02 5.791041900E-02 5.430729620E-02 5.069949327E-02 4.708833845E-02
 4.347459198E-02 3.985859243E-02 3.624035036E-02 3.261960899E-02 2.899588661E-02
 2.536850576E-02 2.173661471E-02 1.809920428E-02 1.445511956E-02 1.080307090E-02
 7.141641692E-03 3.469297179E-03-2.156079367E-04-3.914819538E-03-7.630170840E-03
-1.136356200E-02-1.511692712E-02-1.889218097E-02-2.269114007E-02-2.651543234E-02
-3.036649772E-02-3.424608232E-02-3.801625392E-02-4.167684475E-02-4.522709474E-02
-4.866580392E-02-5.199151726E-02-5.520264863E-02-5.829755064E-02-6.127454894E-02
-6.413195836E-02-6.686808905E-02-6.948124821E-02-7.196973865E-02-7.433185730E-02
-7.656589257E-02-7.867012137E-02-8.064280677E-02-8.248219473E-02-8.418651168E-02
-8.575396110E-02-8.718272156E-02-8.847094318E-02-8.961674579E-02-9.061821569E-02
-9.147340357E-02-9.218032204E-02-9.273694326E-02-9.314119675E-02-9.339096735E-02
-9.348409300E-02-9.341836317E-02-9.319151717E-02-9.280124273E-02-9.224517489E-02
-9.152089501E-02-9.062593011E-02-8.955775245E-02-8.831377879E-02-8.689137000E-02
-8.528783016E-02-8.350040564E-02-8.152628390E-02-7.936259232E-02-7.700639817E-02
-7.445470689E-02-7.170446078E-02-6.875253338E-02-6.559571775E-02-6.223070639E-02
-5.865406433E-02-5.486221212E-02-5.085146729E-02-4.661833038E-02-4.216039464E-02
-3.747976836E-02-3.258975932E-02-2.745383931E-02-2.232952256E-02-1.721259547E-02
-1.210193824E-02-6.997740589E-03-1.900742765E-03 3.188110306E-03 8.267841487E-03
 1.333753897E-02 1.839641816E-02 2.344386440E-02 2.847946436E-02 3.350302963E-02
 3.851461545E-02 4.351453573E-02 4.850337653E-02 5.348200943E-02 5.845160403E-02
 6.341364263E-02 6.836993622E-02 7.332264213E-02 7.827428462E-02 8.322777747E-02
 8.818644985E-02 9.315407475E-02 9.813489940E-02 1.031336827E-01 1.081557270E-01
 1.132069285E-01 1.182938250E-01 1.234236600E-01 1.286044829E-01 1.338453071E-01
 1.391564089E-01 1.445499635E-01 1.500415769E-01 1.556547895E-01 1.614377604E-01
 1.671649592E-01 8.378055695E-02 8.646930317E-02 8.681452221E-02 8.476857081E-02
 8.016024962E-02 7.578774957E-02 7.163045397E-02 6.759647817E-02 6.364403259E-02
 5.974977534E-02 5.589975134E-02 5.208498236E-02 4.829927302E-02 4.453806128E-02
 4.079778169E-02 3.707549176E-02 3.336864342E-02 2.967493663E-02 2.599222303E-02
 2.231844019E-02 1.865156617E-02 1.498958687E-02 1.133047262E-02 7.672161530E-03
 4.012546545E-03 3.494658819E-04-3.319304946E-03-6.996061440E-03-1.068318143E-02
-1.438314542E-02-1.809857421E-02-2.183230358E-02-2.558751413E-02-2.936792992E-02
-3.317799112E-02-3.688016552E-02-4.047229444E-02-4.395195006E-02-4.731695329E-02
-5.056539130E-02-5.369553740E-02-5.670577730E-02-5.959455861E-02-6.236036045E-02
-6.500167567E-02-6.751699957E-02-6.990482344E-02-7.216362893E-02-7.429188493E-02
-7.628804357E-02-7.815053707E-02-7.987777522E-02-8.146814180E-02-8.291999224E-02
-8.423165053E-02-8.540140674E-02-8.642751399E-02-8.730818650E-02-8.804159674E-02
-8.862587277E-02-8.905909644E-02-8.933930084E-02-8.946446790E-02-8.943252668E-02
-8.924135126E-02-8.888875918E-02-8.837251005E-02-8.769030455E-02-8.683978421E-02
-8.581853136E-02-8.462406963E-02-8.325386402E-02-8.170532183E-02-7.997579192E-02
-7.806256417E-02-7.596286782E-02-7.367387107E-02-7.119268277E-02-6.851635769E-02
-6.564190437E-02-6.256628937E-02-5.928642735E-02-5.579914038E-02-5.210105182E-02
-4.818836169E-02-4.405624560E-02-3.969801319E-02-3.510018192E-02-3.024681792E-02
-2.538488478E-02-2.048209601E-02-1.555803764E-02-1.062232457E-02-5.680264372E-03
-7.352089581E-04 4.210451480E-03 9.154863184E-03 1.409652716E-02 1.903422473E-02
 2.396699122E-02 2.889411203E-02 3.381512874E-02 3.872985056E-02 4.363836828E-02
 4.854107002E-02 5.343865847E-02 5.833217162E-02 6.322300473E-02 6.811293659E-02
 7.300416041E-02 7.789931910E-02 8.280154782E-02 8.771452304E-02 9.264252179E-02
 9.759049062E-02 1.025641301E-01 1.075699946E-01 1.126156121E-01 1.177096429E-01
 1.228620686E-01 1.280844588E-01 1.333903296E-01 1.387956799E-01 1.443198316E-01
 1.499867864E-01 1.558275120E-01 1.618835329E-01 1.682084948E-01 1.744371976E-01
 8.654448675E-02 8.946822086E-02 8.987883405E-02 8.769267512E-02 8.323280662E-02
 7.851727309E-02 7.399681871E-02 6.963286614E-02 6.539193560E-02 6.124897640E-02
 5.718564629E-02 5.318843168E-02 4.924717234E-02 4.535401991E-02 4.150272668E-02
 3.768816273E-02 3.390598584E-02 3.015241086E-02 2.642404768E-02 2.271778416E-02
 1.903070127E-02 1.536000930E-02 1.170300084E-02 8.057014211E-03 4.419405527E-03
 7.875261155E-04-2.841296984E-03-6.469780442E-03-1.010070896E-02-1.373697385E-02
-1.738164503E-02-2.103811975E-02-2.471044322E-02-2.840402788E-02-3.212731780E-02
-3.575344780E-02-3.926993995E-02-4.267086463E-02-4.595300710E-02-4.911428902E-02
-5.215310907E-02-5.506806493E-02-5.785783488E-02-6.052112577E-02-6.305665041E-02
-6.546311604E-02-6.773921806E-02-6.988363577E-02-7.189502876E-02-7.377203409E-02
-7.551326232E-02-7.711729557E-02-7.858268357E-02-7.990794162E-02-8.109154719E-02
-8.213193745E-02-8.302750670E-02-8.377660370E-02-8.437752936E-02-8.482853387E-02
-8.512781504E-02-8.527351524E-02-8.526371922E-02-8.509645194E-02-8.476967621E-02
-8.428129050E-02-8.362912780E-02-8.281095429E-02-8.182446991E-02-8.066730892E-02
-7.933704290E-02-7.783118292E-02-7.614718170E-02-7.428243494E-02-7.223427882E-02
-6.999998543E-02-6.757675605E-02-6.496172158E-02-6.215195679E-02-5.914452034E-02
-5.593650654E-02-5.252509396E-02-4.890760788E-02-4.508151649E-02-4.104491461E-02
-3.679478311E-02-3.233859261E-02-2.763630168E-02-2.293035228E-02-1.821106192E-02
-1.347202411E-02-8.714508040E-03-3.941720319E-03 8.430119172E-04 5.636730693E-03
 1.043692076E-02 1.524147388E-02 2.004864101E-02 2.485699583E-02 2.966541391E-02
 3.447306430E-02 3.927940967E-02 4.408421376E-02 4.888755307E-02 5.368983408E-02
 5.849181296E-02 6.329462114E-02 6.809979447E-02 7.290930886E-02 7.772562221E-02
 8.255172422E-02 8.739119601E-02 9.224828172E-02 9.712797356E-02 1.020361138E-01
 1.069795216E-01 1.119661358E-01 1.170052069E-01 1.221075104E-01 1.272856234E-01
 1.325542635E-01 1.379307070E-01 1.434353155E-01 1.490921901E-01 1.549299398E-01
 1.609825160E-01 1.672898020E-01 1.738968449E-01 1.803511506E-01 8.839670455E-02
 9.143127590E-02 9.188780937E-02 8.966652018E-02 8.518937856E-02 8.031339413E-02
 7.559576265E-02 7.102938886E-02 6.659407753E-02 6.227176995E-02 5.804716505E-02
 5.390757738E-02 4.984255096E-02 4.584342902E-02 4.190296523E-02 3.801500104E-02
 3.417421030E-02 3.037590032E-02 2.661585694E-02 2.289022594E-02 1.919542051E-02
 1.552804900E-02 1.188485885E-02 8.262692744E-03 4.658453550E-03 1.069077825E-03
-2.508484463E-03-6.077283252E-03-9.640372811E-03-1.320080076E-02-1.676156562E-02
-2.032550337E-02-2.389500828E-02-2.747135711E-02-3.105307029E-02-3.463189743E-02
-3.807796861E-02-4.139559491E-02-4.458619101E-02-4.764987557E-02-5.058616814E-02
-5.339430258E-02-5.607337009E-02-5.862238684E-02-6.104032362E-02-6.332612011E-02
-6.547868956E-02-6.749691923E-02-6.937966928E-02-7.112577008E-02-7.273401982E-02
-7.420318109E-02-7.553197788E-02-7.671909318E-02-7.776316531E-02-7.866278596E-02
-7.941649742E-02-8.002278965E-02-8.048009854E-02-8.078680303E-02-8.094122296E-02
-8.094161647E-02-8.078617741E-02-8.047303237E-02-8.000023787E-02-7.936577691E-02
-7.856755666E-02-7.760340665E-02-7.647107855E-02-7.516824966E-02-7.369252802E-02
-7.204146077E-02-7.021254223E-02-6.820322010E-02-6.601089345E-02-6.363289655E-02
-6.106646462E-02-5.830869500E-02-5.535654158E-02-5.220693042E-02-4.885691260E-02
-4.530371206E-02-4.154517447E-02-3.757790923E-02-3.340806513E-02-2.899342735E-02
-2.456071753E-02-2.007437147E-02-1.555067283E-02-1.099706079E-02-6.417546802E-03
-1.815528653E-03 2.805736049E-03 7.443169380E-03 1.209395757E-02 1.675559654E-02
 2.142590437E-02 2.610301792E-02 3.078538528E-02 3.547175995E-02 4.016119967E-02
 4.485307012E-02 4.954705331E-02 5.424316085E-02 5.894175201E-02 6.364355668E-02
 6.834970327E-02 7.306175280E-02 7.778173976E-02 8.251222128E-02 8.725633524E-02
 9.201787145E-02 9.680135537E-02 1.016121505E-01 1.064565787E-01 1.113420722E-01
 1.162773466E-01 1.212726184E-01 1.263398623E-01 1.314931110E-01 1.367488102E-01
 1.421262170E-01 1.476478214E-01 1.533397526E-01 1.592320946E-01 1.653589669E-01
 1.717582200E-01 1.784786068E-01 1.850176427E-01 8.979895477E-02 9.297687045E-02
 9.347653302E-02 9.123188975E-02 8.623910952E-02 8.124772861E-02 7.642318876E-02
 7.173883525E-02 6.718269084E-02 6.274299242E-02 5.840865461E-02 5.416958585E-02
 5.001677850E-02 4.594226544E-02 4.193901047E-02 3.800077489E-02 3.412198439E-02
 3.029760614E-02 2.652304212E-02 2.279403756E-02 1.910660439E-02 1.545695831E-02
 1.184146650E-02 8.256605424E-03 4.698926181E-03 1.165027338E-03-2.348466143E-03
-5.844917379E-03-9.327684368E-03-1.280011618E-02-1.626553309E-02-1.972718388E-02
-2.318817327E-02-2.665137531E-02-3.011943725E-02-3.359528334E-02-3.693924338E-02
-4.015225654E-02-4.323461749E-02-4.618613427E-02-4.900632089E-02-5.169452814E-02
-5.425001841E-02-5.667200380E-02-5.895966293E-02-6.111214786E-02-6.312858451E-02
-6.500807086E-02-6.674967356E-02-6.835242442E-02-6.981531719E-02-7.113730322E-02
-7.231728891E-02-7.335413221E-02-7.424663989E-02-7.499356458E-02-7.559360301E-02
-7.604539271E-02-7.634751040E-02-7.649847002E-02-7.649671975E-02-7.634064075E-02
-7.602854348E-02-7.555866481E-02-7.492916337E-02-7.413811383E-02-7.318350124E-02
-7.206321536E-02-7.077504800E-02-6.931669658E-02-6.768577591E-02-6.587983757E-02
-6.389639572E-02-6.173295482E-02-5.938703357E-02-5.685614709E-02-5.413769936E-02
-5.122877167E-02-4.812578232E-02-4.482498891E-02-4.132323054E-02-3.761619700E-02
-3.370883022E-02-2.955880031E-02-2.538501031E-02-2.115030446E-02-1.686694229E-02
-1.253847163E-02-8.170575006E-03-3.768471026E-03 6.634309224E-04 5.121292233E-03
 9.601669977E-03 1.410144239E-02 1.861778657E-02 2.314817362E-02 2.769036819E-02
 3.224242783E-02 3.680270265E-02 4.136983630E-02 4.594276988E-02 5.052074896E-02
 5.510333436E-02 5.969041692E-02 6.428223617E-02 6.887940487E-02 7.348293763E-02
 7.809428596E-02 8.271538128E-02 8.734868479E-02 9.199724837E-02 9.666478737E-02
 1.013557675E-01 1.060755114E-01 1.108303246E-01 1.156276479E-01 1.204762463E-01
 1.253864330E-01 1.303703403E-01 1.354422427E-01 1.406189302E-01 1.459201406E-01
 1.513690069E-01 1.569924844E-01 1.628216443E-01 1.688916903E-01 1.752414836E-01
 1.819260701E-01 1.883914830E-01 8.962503264E-02 9.281611703E-02 9.333505299E-02
 9.109481430E-02 8.640603618E-02 8.139029935E-02 7.651067240E-02 7.176174167E-02
 6.713659639E-02 6.262765861E-02 5.822716874E-02 5.392752600E-02 4.972149594E-02
 4.560231326E-02 4.156371236E-02 3.759991063E-02 3.370556546E-02 2.987571900E-02
 2.610573917E-02 2.239126239E-02 1.872814074E-02 1.511239506E-02 1.154017414E-02
 8.007719571E-03 4.511335743E-03 1.047364617E-03-2.387836320E-03-5.797913690E-03
-9.186537238E-03-1.255742132E-02-1.591435415E-02-1.926124443E-02-2.260220190E-02
-2.594167350E-02-2.928464410E-02-3.263680638E-02-3.585892021E-02-3.894990302E-02
-4.190834631E-02-4.473304768E-02-4.742304011E-02-4.997752111E-02-5.239578478E-02
-5.467717416E-02-5.682105019E-02-5.882677197E-02-6.069368225E-02-6.242109826E-02
-6.400830317E-02-6.545454051E-02-6.675900904E-02-6.792085809E-02-6.893918447E-02
-6.981302872E-02-7.054137248E-02-7.112313597E-02-7.155717530E-02-7.184228109E-02
-7.197717581E-02-7.196051294E-02-7.179087529E-02-7.146677360E-02-7.098664495E-02
-7.034884950E-02-6.955166483E-02-6.859327627E-02-6.747176303E-02-6.618508096E-02
-6.473104747E-02-6.310733620E-02-6.131149688E-02-5.934099463E-02-5.719326177E-02
-5.486577746E-02-5.235624257E-02-4.966273073E-02-4.678356238E-02-4.371699303E-02
-4.045711714E-02-3.699689999E-02-3.333909482E-02-2.944110115E-02-2.551477414E-02
-2.152298036E-02-1.747656011E-02-1.337771831E-02-9.230698580E-03-5.039648933E-03
-8.088742646E-04 3.457420649E-03 7.755291680E-03 1.208109321E-02 1.643147049E-02
 2.080334637E-02 2.519391265E-02 2.960062615E-02 3.402120815E-02 3.845364553E-02
 4.289619344E-02 4.734737974E-02 5.180601132E-02 5.627118305E-02 6.074229022E-02
 6.521904277E-02 6.970148481E-02 7.419001760E-02 7.868542691E-02 8.318891601E-02
 8.770214533E-02 9.222727886E-02 9.676703951E-02 1.013247766E-01 1.059045443E-01
 1.105111937E-01 1.151504966E-01 1.198292748E-01 1.245555786E-01 1.293388983E-01
 1.341904183E-01 1.391233532E-01 1.441533548E-01 1.492990272E-01 1.545825743E-01
 1.600305789E-01 1.656748511E-01 1.715531662E-01 1.777093572E-01 1.841843668E-01
 1.902844385E-01 8.885329063E-02 9.204118356E-02 9.257519536E-02 9.035094712E-02
 8.580650297E-02 8.079067600E-02 7.588743017E-02 7.110919822E-02 6.645184856E-02
 6.191025476E-02 5.747883410E-02 5.315182677E-02 4.892349464E-02 4.478824967E-02
 4.074072440E-02 3.677580073E-02 3.288860955E-02 2.907451310E-02 2.532907700E-02
 2.164803891E-02 1.802727617E-02 1.446277489E-02 1.095060261E-02 7.486882507E-03
 4.067771505E-03 6.894403548E-04-2.651944884E-03-5.960241191E-03-9.239349431E-03
-1.249324216E-02-1.572600790E-02-1.894193041E-02-2.214564639E-02-2.534247588E-02
-2.853915334E-02-3.174551058E-02-3.483328104E-02-3.779085839E-02-4.061324121E-02
-4.329811765E-02-4.584429642E-02-4.825106457E-02-5.051791640E-02-5.264443440E-02
-5.463023165E-02-5.647492022E-02-5.817809308E-02-5.973931056E-02-6.115809145E-02
-6.243390566E-02-6.356616896E-02-6.455423882E-02-6.539741020E-02-6.609491369E-02
-6.664591166E-02-6.704949679E-02-6.730468957E-02-6.741043645E-02-6.736560832E-02
-6.716900038E-02-6.681933167E-02-6.631524652E-02-6.565531640E-02-6.483804221E-02
-6.386185181E-02-6.272508778E-02-6.142597954E-02-5.996260090E-02-5.833280691E-02
-5.653417643E-02-5.456404922E-02-5.241962106E-02-5.009795941E-02-4.759590161E-02
-4.491080419E-02-4.204175400E-02-3.898909146E-02-3.576670945E-02-3.235556805E-02
-2.870676925E-02-2.502392191E-02-2.127023871E-02-1.745604129E-02-1.358327809E-02
-9.655787319E-03-5.677229261E-03-1.651418329E-03 2.417796052E-03 6.526576178E-03
 1.067116909E-02 1.484797008E-02 1.905356194E-02 2.328473389E-02 2.753849185E-02
 3.181206273E-02 3.610289890E-02 4.040868103E-02 4.472732289E-02 4.905697632E-02
 5.339603709E-02 5.774315299E-02 6.209723332E-02 6.645746097E-02 7.082330636E-02
 7.519454453E-02 7.957127596E-02 8.395394968E-02 8.834339161E-02 9.274083683E-02
 9.714796754E-02 1.015669586E-01 1.060005258E-01 1.104519932E-01 1.149253589E-01
 1.194253848E-01 1.239577014E-01 1.285289354E-01 1.331468681E-01 1.378206406E-01
 1.425610168E-01 1.473807557E-01 1.522951222E-01 1.573226634E-01 1.624864130E-01
 1.678158203E-01 1.733497969E-01 1.791406439E-01 1.852144171E-01 1.908572445E-01
 8.787774761E-02 9.114751729E-02 9.170069309E-02 8.946808701E-02 8.452249968E-02
 7.947708417E-02 7.457152550E-02 6.978962154E-02 6.512795443E-02 6.058256561E-02
 5.614907311E-02 5.182288589E-02 4.759935467E-02 4.347386703E-02 3.944190078E-02
 3.549904543E-02 3.164100576E-02 2.786359216E-02 2.416270595E-02 2.053432076E-02
 1.697446507E-02 1.347920430E-02 1.004462564E-02 6.666823095E-03 3.341885524E-03
 6.588545898E-05-3.165130699E-03-6.355150984E-03-9.508204247E-03-1.262836221E-02
-1.571973090E-02-1.878641630E-02-2.183242214E-02-2.486138476E-02-2.787589879E-02
-3.087584046E-02-3.385420703E-02-3.667975229E-02-3.935779738E-02-4.189054718E-02
-4.427888904E-02-4.652316646E-02-4.862350091E-02-5.057991763E-02-5.239238946E-02
-5.406084645E-02-5.558517354E-02-5.696520408E-02-5.820071372E-02-5.929141443E-02
-6.023695101E-02-6.103689726E-02-6.169075413E-02-6.219794709E-02-6.255782477E-02
-6.276965643E-02-6.283262981E-02-6.274584877E-02-6.250833171E-02-6.211901171E-02
-6.157673752E-02-6.088027658E-02-6.002832492E-02-5.901952890E-02-5.785250911E-02
-5.652585863E-02-5.503810550E-02-5.338765797E-02-5.157260756E-02-4.959029683E-02
-4.743751664E-02-4.511113231E-02-4.260820451E-02-3.992227692E-02-3.704609857E-02
-3.398149873E-02-3.068744605E-02-2.735792985E-02-2.394910941E-02-2.044590811E-02
-1.686770621E-02-1.322078641E-02-9.511001933E-03-5.742937934E-03-1.920775596E-03
 1.951548809E-03 5.870227656E-03 9.831546120E-03 1.383187820E-02 1.786770185E-02
 2.193562012E-02 2.603238032E-02 3.015488927E-02 3.430022407E-02 3.846564017E-02
 4.264857842E-02 4.684667086E-02 5.105774641E-02 5.527983741E-02 5.951118663E-02
 6.375025481E-02 6.799573026E-02 7.224653951E-02 7.650185973E-02 8.076113243E-02
 8.502408032E-02 8.929072527E-02 9.356140925E-02 9.783681764E-02 1.021180036E-01
 1.064064207E-01 1.107039517E-01 1.150129469E-01 1.193362610E-01 1.236773022E-01
 1.280400811E-01 1.324292688E-01 1.368502656E-01 1.413092852E-01 1.458134532E-01
 1.503709591E-01 1.549912612E-01 1.596854319E-01 1.644667980E-01 1.693522663E-01
 1.743656694E-01 1.795486944E-01 1.849481860E-01 1.898946692E-01 8.561586517E-02
 8.886160891E-02 8.941650219E-02 8.719690922E-02 8.247758734E-02 7.745801273E-02
 7.256909643E-02 6.780519768E-02 6.316285096E-02 5.863824894E-02 5.422745493E-02
 4.992654083E-02 4.573164585E-02 4.163898560E-02 3.764483865E-02 3.374552401E-02
 2.993737836E-02 2.621673686E-02 2.257991801E-02 1.902321200E-02 1.554287321E-02
 1.213511417E-02 8.796101670E-03 5.521954186E-03 2.308739626E-03-8.475260145E-04
-3.950879819E-03-7.005412457E-03-1.001526785E-02-1.298464119E-02-1.591777364E-02
-1.881894330E-02-2.169245002E-02-2.454260033E-02-2.737371961E-02-3.019029196E-02
-3.299755233E-02-3.565528700E-02-3.816441087E-02-4.052518427E-02-4.273779580E-02
-4.480248897E-02-4.671955652E-02-4.848930706E-02-5.011203372E-02-5.158798891E-02
-5.291736761E-02-5.410029495E-02-5.513681842E-02-5.602690282E-02-5.677042842E-02
-5.736719019E-02-5.781689781E-02-5.811917517E-02-5.827356019E-02-5.827950297E-02
-5.813636318E-02-5.784340390E-02-5.739978741E-02-5.680457678E-02-5.605673623E-02
-5.515511995E-02-5.409846653E-02-5.288548392E-02-5.151498760E-02-4.998595467E-02
-4.829740051E-02-4.644876024E-02-4.443987930E-02-4.226714528E-02-3.992457805E-02
-3.740828705E-02-3.472843619E-02-3.186557625E-02-2.877296677E-02-2.563878948E-02
-2.242712176E-02-1.914496266E-02-1.579030979E-02-1.236253870E-02-8.865560909E-03
-5.303669451E-03-1.681196902E-03 1.997719877E-03 5.729130903E-03 9.509242369E-03
 1.333438543E-02 1.720099734E-02 2.110561522E-02 2.504487748E-02 2.901553107E-02
 3.301444015E-02 3.703859517E-02 4.108512083E-02 4.515128292E-02 4.923449531E-02
 5.333232552E-02 5.744250114E-02 6.156291592E-02 6.569163640E-02 6.982690942E-02
 7.396716991E-02 7.811105038E-02 8.225738971E-02 8.640524518E-02 9.055390287E-02
 9.470289073E-02 9.885199096E-02 1.030012548E-01 1.071510129E-01 1.113018909E-01
 1.154548181E-01 1.196110394E-01 1.237721184E-01 1.279399410E-01 1.321167065E-01
 1.363049052E-01 1.405072874E-01 1.447268000E-01 1.489664787E-01 1.532292887E-01
 1.575178431E-01 1.618339339E-01 1.661776666E-01 1.705457142E-01 1.749272685E-01
 1.792929507E-01 1.835665729E-01 1.876178785E-01 8.264813243E-02 8.583926788E-02
 8.638981741E-02 8.419454669E-02 7.969660076E-02 7.472800286E-02 6.987616341E-02
 6.515266614E-02 6.055273838E-02 5.607187252E-02 5.170615344E-02 4.745217789E-02
 4.330689260E-02 3.926742963E-02 3.533097468E-02 3.149467500E-02 2.775558187E-02
 2.411062007E-02 2.055657467E-02 1.709008969E-02 1.370767340E-02 1.040570660E-02
 7.180453103E-03 4.028069727E-03 9.446154121E-04-2.073940173E-03-5.031709544E-03
-7.932881408E-03-1.078171631E-02-1.358254492E-02-1.633977181E-02-1.905789391E-02
-2.174155411E-02-2.439568070E-02-2.702583077E-02-2.963900840E-02-3.224557624E-02
-3.471543314E-02-3.703792699E-02-3.920929034E-02-4.122856129E-02-4.309590010E-02
-4.481188654E-02-4.637722264E-02-4.779260385E-02-4.905866218E-02-5.017594016E-02
-5.114487773E-02-5.196580604E-02-5.263894559E-02-5.316440922E-02-5.354220827E-02
-5.377225753E-02-5.385437749E-02-5.378829526E-02-5.357364883E-02-5.320998502E-02
-5.269673913E-02-5.203320664E-02-5.121857410E-02-5.025195981E-02-4.913231696E-02
-4.785812420E-02-4.642766328E-02-4.483975286E-02-4.309419528E-02-4.118914790E-02
-3.912511285E-02-3.691735668E-02-3.455736973E-02-3.202060507E-02-2.926023577E-02
-2.645404918E-02-2.356087673E-02-2.056667291E-02-1.748925919E-02-1.433388117E-02
-1.110496065E-02-7.805457954E-03-4.438085163E-03-1.006066231E-03 2.487082063E-03
 6.037718503E-03 9.642192994E-03 1.329690181E-02 1.699830977E-02 2.074295768E-02
 2.452746365E-02 2.834852444E-02 3.220291850E-02 3.608750962E-02 3.999925217E-02
 4.393519609E-02 4.789249277E-02 5.186840008E-02 5.586028757E-02 5.986564174E-02
 6.388207093E-02 6.790731124E-02 7.193923203E-02 7.597584194E-02 8.001529592E-02
 8.405590173E-02 8.809612756E-02 9.213460940E-02 9.617015830E-02 1.002017679E-01
 1.042286182E-01 1.082500847E-01 1.122657340E-01 1.162753292E-01 1.202788191E-01
 1.242763245E-01 1.282681211E-01 1.322545976E-01 1.362362067E-01 1.402133826E-01
 1.441864347E-01 1.481553776E-01 1.521196957E-01 1.560780024E-01 1.600275141E-01
 1.639632804E-01 1.678769734E-01 1.717550469E-01 1.755760582E-01 1.793075608E-01
 1.829049121E-01 1.863160943E-01 7.943471163E-02 8.265631889E-02 8.320660120E-02
 8.101435995E-02 7.620884233E-02 7.126938017E-02 6.648325072E-02 6.182821739E-02
 5.729610095E-02 5.288152671E-02 4.858112363E-02 4.439272790E-02 4.031474108E-02
 3.634570140E-02 3.248403043E-02 2.872790200E-02 2.507518642E-02 2.152343993E-02
 1.806991776E-02 1.471159966E-02 1.144521882E-02 8.267292615E-03 5.174150334E-03
 2.161958527E-03-7.732571171E-04-3.635593233E-03-6.429253160E-03-9.158533655E-03
-1.182781278E-02-1.444153712E-02-1.700420526E-02-1.952033988E-02-2.199443338E-02
-2.443082924E-02-2.683344647E-02-2.920511434E-02-3.154592849E-02-3.384913639E-02
-3.598160123E-02-3.795014664E-02-3.975868891E-02-4.140981864E-02-4.290546306E-02
-4.424717025E-02-4.543623475E-02-4.647375551E-02-4.736066209E-02-4.809772538E-02
-4.868555940E-02-4.912462353E-02-4.941523709E-02-4.955760358E-02-4.955183034E-02
-4.939792597E-02-4.909578797E-02-4.864524312E-02-4.804609559E-02-4.729804674E-02
-4.640040933E-02-4.535234856E-02-4.415347246E-02-4.280392184E-02-4.130092044E-02
-3.963972845E-02-3.781760393E-02-3.584448101E-02-3.370352825E-02-3.135254226E-02
-2.895864148E-02-2.648046059E-02-2.389656358E-02-2.120098339E-02-1.841313857E-02
-1.553752743E-02-1.257676637E-02-9.536035646E-03-6.419929116E-03-3.232520842E-03
 2.259033752E-05 3.342046741E-03 6.722528417E-03 1.016069494E-02 1.365318736E-02
 1.719664971E-02 2.078774828E-02 2.442318581E-02 2.809971001E-02 3.181411861E-02
 3.556326279E-02 3.934405014E-02 4.315344713E-02 4.698848280E-02 5.084625140E-02
 5.472391580E-02 5.861871134E-02 6.252794889E-02 6.644901871E-02 7.037939471E-02
 7.431663852E-02 7.825840375E-02 8.220244178E-02 8.614660602E-02 9.008885780E-02
 9.402727143E-02 9.796003966E-02 1.018854763E-01 1.058020232E-01 1.097082463E-01
 1.136028389E-01 1.174846135E-01 1.213524927E-01 1.252054901E-01 1.290426850E-01
 1.328631817E-01 1.366660578E-01 1.404502832E-01 1.442146181E-01 1.479574726E-01
 1.516767172E-01 1.553694272E-01 1.590315485E-01 1.626574421E-01 1.662393138E-01
 1.697664899E-01 1.732246107E-01 1.765949055E-01 1.798539308E-01 1.829742943E-01
 1.859266557E-01 7.495970587E-02 7.809375202E-02 7.862752446E-02 7.648473788E-02
 7.187775042E-02 6.705918826E-02 6.238929329E-02 5.784073062E-02 5.340348439E-02
 4.907468966E-02 4.485475559E-02 4.074510337E-02 3.674705889E-02 3.286138925E-02
 2.908815540E-02 2.542670820E-02 2.187574506E-02 1.843338728E-02 1.509726003E-02
 1.186456730E-02 8.732159312E-03 5.696590108E-03 2.754167421E-03-9.900627646E-05
-2.866999926E-03-5.554026669E-03-8.164422377E-03-1.070262890E-02-1.317318095E-02
-1.558069396E-02-1.792985202E-02-2.022538815E-02-2.247205404E-02-2.467456693E-02
-2.683753066E-02-2.896534991E-02-3.106225877E-02-3.313292015E-02-3.503385926E-02
-3.676860207E-02-3.834025648E-02-3.975145640E-02-4.100444514E-02-4.210115662E-02
-4.304326916E-02-4.383224347E-02-4.446935025E-02-4.495567651E-02-4.529210301E-02
-4.547926938E-02-4.551760744E-02-4.540743904E-02-4.514906680E-02-4.474272697E-02
-4.418833880E-02-4.348574456E-02-4.263528573E-02-4.163793426E-02-4.049215708E-02
-3.919500897E-02-3.774628016E-02-3.615949092E-02-3.442715814E-02-3.252748700E-02
-3.041854646E-02-2.825995232E-02-2.601423497E-02-2.366738636E-02-2.123268700E-02
-1.871022180E-02-1.609795673E-02-1.339619760E-02-1.060893652E-02-7.739917065E-03
-4.792669674E-03-1.770919551E-03 1.321645455E-03 4.481472200E-03 7.705163973E-03
 1.098944405E-02 1.433110528E-02 1.772697722E-02 2.117391097E-02 2.466877628E-02
 2.820846295E-02 3.178988426E-02 3.540997989E-02 3.906571787E-02 4.275409649E-02
 4.647214508E-02 5.021692548E-02 5.398553279E-02 5.777509664E-02 6.158278242E-02
 6.540579280E-02 6.924136957E-02 7.308679594E-02 7.693939873E-02 8.079655157E-02
 8.465567836E-02 8.851425700E-02 9.236982340E-02 9.621997621E-02 1.000623807E-01
 1.038947728E-01 1.077149621E-01 1.115208333E-01 1.153103478E-01 1.190815356E-01
 1.228324916E-01 1.265613608E-01 1.302663153E-01 1.339455255E-01 1.375971179E-01
 1.412191160E-01 1.448093619E-01 1.483654216E-01 1.518844479E-01 1.553630297E-01
 1.587969825E-01 1.621811089E-01 1.655089168E-01 1.687723077E-01 1.719612641E-01
 1.750636113E-01 1.780649287E-01 1.809487522E-01 1.836971430E-01 1.862916274E-01
 6.935328031E-02 7.224211200E-02 7.274238956E-02 7.075996220E-02 6.665716579E-02
 6.211828280E-02 5.764678144E-02 5.324151996E-02 4.891252475E-02 4.467352600E-02
 4.053588019E-02 3.650778043E-02 3.259468277E-02 2.879987024E-02 2.512492919E-02
 2.157011822E-02 1.813464866E-02 1.481690060E-02 1.161458994E-02 8.524900961E-03
 5.544591659E-03 2.670078152E-03-1.024974433E-04-2.777212975E-03-5.358323779E-03
-7.850230227E-03-1.025745420E-02-1.258462363E-02-1.483646499E-02-1.701780211E-02
-1.913356385E-02-2.118879736E-02-2.318869087E-02-2.513860563E-02-2.704412138E-02
-2.891110323E-02-3.074579782E-02-3.255494985E-02-3.419461007E-02-3.566741762E-02
-3.697584636E-02-3.812225573E-02-3.910890172E-02-3.993789792E-02-4.061115816E-02
-4.113039875E-02-4.149719638E-02-4.171302635E-02-4.177914727E-02-4.169625304E-02
-4.146453156E-02-4.108409773E-02-4.055561352E-02-3.988042226E-02-3.905760558E-02
-3.808498574E-02-3.696299089E-02-3.570494263E-02-3.430453195E-02-3.274202667E-02
-3.097867741E-02-2.916434381E-02-2.726262396E-02-2.525483170E-02-2.313588691E-02
-2.092316330E-02-1.862020898E-02-1.622835913E-02-1.375068849E-02-1.118927866E-02
-8.545698813E-03-5.821837222E-03-3.020245614E-03-1.437777565E-04 2.804570047E-03
 5.821705541E-03 8.904506623E-03 1.204987016E-02 1.525473650E-02 1.851609283E-02
 2.183096520E-02 2.519640808E-02 2.860949723E-02 3.206732389E-02 3.556699244E-02
 3.910561868E-02 4.268032865E-02 4.628825759E-02 4.992654895E-02 5.359235268E-02
 5.728282412E-02 6.099512297E-02 6.472641155E-02 6.847385449E-02 7.223461769E-02
 7.600586849E-02 7.978477559E-02 8.356851059E-02 8.735424913E-02 9.113917338E-02
 9.492047504E-02 9.869535926E-02 1.024610481E-01 1.062147855E-01 1.099538422E-01
 1.136755170E-01 1.173771438E-01 1.210560879E-01 1.247097491E-01 1.283355498E-01
 1.319309311E-01 1.354933292E-01 1.390201561E-01 1.425087562E-01 1.459563645E-01
 1.493600420E-01 1.527165962E-01 1.560224875E-01 1.592737092E-01 1.624656637E-01
 1.655930068E-01 1.686495083E-01 1.716279042E-01 1.745197983E-01 1.773156295E-01
 1.800047386E-01 1.825755889E-01 1.850161321E-01 1.873143113E-01 6.281707689E-02
 6.519961223E-02 6.565969556E-02 6.406777861E-02 6.080589840E-02 5.674906154E-02
 5.246540411E-02 4.815156772E-02 4.388481329E-02 3.970309321E-02 3.562753354E-02
 3.167056152E-02 2.783949582E-02 2.413837044E-02 2.056896495E-02 1.713143787E-02
 1.382474259E-02 1.064691792E-02 7.595298485E-03 4.666673941E-03 1.857411336E-03
-8.364490499E-04-3.419118332E-03-5.895000076E-03-8.268644989E-03-1.054471752E-02
-1.272797347E-02-1.482324782E-02-1.683545386E-02-1.876959434E-02-2.063078747E-02
-2.242431154E-02-2.415567479E-02-2.583071904E-02-2.745576502E-02-2.903780161E-02
-3.058468009E-02-3.210515287E-02-3.345700800E-02-3.464205050E-02-3.566192726E-02
-3.651867634E-02-3.721469300E-02-3.775246240E-02-3.813411604E-02-3.836140972E-02
-3.843608219E-02-3.836039774E-02-3.813720779E-02-3.776703477E-02-3.724827531E-02
-3.657864608E-02-3.575870876E-02-3.480131390E-02-3.370110168E-02-3.244019398E-02
-3.098288723E-02-2.946998545E-02-2.786792306E-02-2.615954088E-02-2.434015415E-02
-2.242570088E-02-2.041849382E-02-1.831797301E-02-1.612506987E-02-1.384357700E-02
-1.147668645E-02-9.027062626E-03-6.497265946E-03-3.889648070E-03-1.206431787E-03
 1.550121497E-03 4.377608956E-03 7.273497852E-03 1.023515977E-02 1.325990193E-02
 1.634499699E-02 1.948770765E-02 2.268530290E-02 2.593506507E-02 2.923429167E-02
 3.258029318E-02 3.597038917E-02 3.940190462E-02 4.287216615E-02 4.637849787E-02
 4.991821810E-02 5.348863508E-02 5.708704362E-02 6.071072065E-02 6.435692140E-02
 6.802287532E-02 7.170578253E-02 7.540281008E-02 7.911108925E-02 8.282771252E-02
 8.654973244E-02 9.027416046E-02 9.399796721E-02 9.771808396E-02 1.014314040E-01
 1.051347870E-01 1.088250657E-01 1.124990467E-01 1.161535221E-01 1.197852734E-01
 1.233910772E-01 1.269677131E-01 1.305119654E-01 1.340206252E-01 1.374904895E-01
 1.409183486E-01 1.443009760E-01 1.476351049E-01 1.509173978E-01 1.541444051E-01
 1.573125137E-01 1.604178869E-01 1.634563944E-01 1.664235332E-01 1.693143548E-01
 1.721233929E-01 1.748446128E-01 1.774713957E-01 1.799965598E-01 1.824124592E-01
 1.847111403E-01 1.868845744E-01 1.889249547E-01 5.896357517E-02 6.205991401E-02
 6.266667064E-02 6.079421342E-02 5.627027097E-02 5.158812363E-02 4.706050927E-02
 4.263595342E-02 3.832565674E-02 3.414308899E-02 3.009813226E-02 2.619713292E-02
 2.244366122E-02 1.883918176E-02 1.538355943E-02 1.207543215E-02 8.912491495E-03
 5.891697096E-03 3.009444662E-03 2.616993284E-04-2.355897646E-03-4.847943154E-03
-7.219203684E-03-9.474561326E-03-1.161897209E-02-1.365743577E-02-1.559497543E-02
-1.743662864E-02-1.918744845E-02-2.085251806E-02-2.243698199E-02-2.394609977E-02
-2.538533449E-02-2.676049758E-02-2.807799440E-02-2.934526605E-02-3.057165306E-02
-3.177023100E-02-3.281082290E-02-3.368528687E-02-3.439249015E-02-3.493427653E-02
-3.531412826E-02-3.553646503E-02-3.560369754E-02-3.551633759E-02-3.527436807E-02
-3.488063835E-02-3.434989208E-02-3.368168711E-02-3.286745795E-02-3.189006989E-02
-3.071675027E-02-2.947982798E-02-2.814886401E-02-2.670863946E-02-2.515548030E-02
-2.350489254E-02-2.175950227E-02-1.991909072E-02-1.798464948E-02-1.595963855E-02
-1.384674573E-02-1.164805407E-02-9.365711320E-03-7.002226245E-03-4.560154731E-03
-2.041980870E-03 5.498856805E-04 3.213112714E-03 5.945420293E-03 8.744537587E-03
 1.160816834E-02 1.453397815E-02 1.751959618E-02 2.056262286E-02 2.366064040E-02
 2.681122254E-02 3.001194164E-02 3.326037278E-02 3.655409461E-02 3.989068781E-02
 4.326773173E-02 4.668280064E-02 5.013345785E-02 5.361725066E-02 5.713170434E-02
 6.067431545E-02 6.424254503E-02 6.783381245E-02 7.144548738E-02 7.507488359E-02
 7.871925187E-02 8.237577310E-02 8.604155294E-02 8.971361588E-02 9.338890161E-02
 9.706426151E-02 1.007364563E-01 1.044021579E-01 1.080579505E-01 1.117003303E-01
 1.153257200E-01 1.189304696E-01 1.225108656E-01 1.260631488E-01 1.295835222E-01
 1.330681620E-01 1.365132365E-01 1.399149140E-01 1.432693725E-01 1.465728054E-01
 1.498214285E-01 1.530114681E-01 1.561391574E-01 1.592007159E-01 1.621923274E-01
 1.651101079E-01 1.679500683E-01 1.707080819E-01 1.733798449E-01 1.759608488E-01
 1.784463664E-01 1.808314615E-01 1.831110229E-01 1.852798351E-01 1.873326825E-01
 1.892644983E-01 1.910705264E-01 5.356491140E-02 5.685818565E-02 5.752402586E-02
 5.544560915E-02 5.093082414E-02 4.589175952E-02 4.108283836E-02 3.649135856E-02
 3.209665664E-02 2.788874991E-02 2.386273823E-02 2.001559167E-02 1.634465551E-02
 1.284702581E-02 9.519330950E-03 6.357697223E-03 3.357793585E-03 5.149069020E-04
-2.175975342E-03-4.720085634E-03-7.122805007E-03-9.389601371E-03-1.152597797E-02
-1.353743141E-02-1.542941916E-02-1.720733451E-02-1.887649033E-02-2.044210980E-02
-2.190932399E-02-2.328317791E-02-2.456864443E-02-2.577064747E-02-2.689409270E-02
-2.794389987E-02-2.892501216E-02-2.984230796E-02-3.070020007E-02-3.150132937E-02
-3.224273063E-02-3.279373566E-02-3.316486293E-02-3.336257753E-02-3.339396945E-02
-3.327580820E-02-3.301032443E-02-3.259188599E-02-3.200672448E-02-3.122652076E-02
-3.037380025E-02-2.942175533E-02-2.835617977E-02-2.716980421E-02-2.586292129E-02
-2.445224235E-02-2.294171385E-02-2.133221799E-02-1.962551674E-02-1.782550320E-02
-1.593520159E-02-1.395693821E-02-1.189297491E-02-9.745799307E-03-7.517857014E-03
-5.211493416E-03-2.829025565E-03-3.727941045E-04 2.154862040E-03 4.751634206E-03
 7.415256860E-03 1.014351012E-02 1.293421255E-02 1.578520792E-02 1.869435215E-02
 2.165950474E-02 2.467852482E-02 2.774927062E-02 3.086960068E-02 3.403737557E-02
 3.725045884E-02 4.050671649E-02 4.380401526E-02 4.714021882E-02 5.051318328E-02
 5.392075083E-02 5.736074297E-02 6.083095228E-02 6.432913438E-02 6.785299811E-02
 7.140019640E-02 7.496831554E-02 7.855486522E-02 8.215726743E-02 8.577284667E-02
 8.939881903E-02 9.303228259E-02 9.667020907E-02 1.003094359E-01 1.039466581E-01
 1.075784298E-01 1.112011531E-01 1.148110884E-01 1.184043518E-01 1.219769238E-01
 1.255246606E-01 1.290433078E-01 1.325285182E-01 1.359758721E-01 1.393809006E-01
 1.427391105E-01 1.460460134E-01 1.492971462E-01 1.524881007E-01 1.556145453E-01
 1.586722373E-01 1.616570432E-01 1.645649390E-01 1.673920146E-01 1.701344664E-01
 1.727885875E-01 1.753507551E-01 1.778174160E-01 1.801850770E-01 1.824502992E-01
 1.846097063E-01 1.866600082E-01 1.885980397E-01 1.904208180E-01 1.921256200E-01
 1.937100693E-01 4.721170303E-02 5.061530080E-02 5.127597500E-02 4.910477172E-02
 4.428776979E-02 3.906432939E-02 3.412043073E-02 2.943719181E-02 2.499807326E-02
 2.079021537E-02 1.680361109E-02 1.303005983E-02 9.462343175E-03 6.093693078E-03
 2.917493441E-03-7.286342620E-05-2.884027075E-03-5.522687311E-03-7.995546526E-03
-1.030928147E-02-1.247050344E-02-1.448572067E-02-1.636130629E-02-1.810347184E-02
-1.971824607E-02-2.121145881E-02-2.258872923E-02-2.385545737E-02-2.501681715E-02
-2.607775205E-02-2.704296975E-02-2.791693808E-02-2.870388205E-02-2.940778866E-02
-3.003244354E-02-3.058156378E-02-3.105921838E-02-3.147106037E-02-3.182780995E-02
-3.200066023E-02-3.199569394E-02-3.180734664E-02-3.141440018E-02-3.093168577E-02
-3.033722107E-02-2.961993666E-02-2.877468870E-02-2.780290899E-02-2.672070306E-02
-2.553205238E-02-2.423750492E-02-2.283767285E-02-2.133490307E-02-1.973374125E-02
-1.803789936E-02-1.625034873E-02-1.437389929E-02-1.241147374E-02-1.036586372E-02
-8.239680894E-03-6.035431739E-03-3.755577031E-03-1.402524141E-03 1.021378274E-03
 3.513830373E-03 6.072571545E-03 8.695381214E-03 1.138008367E-02 1.412455132E-02
 1.692670526E-02 1.978451215E-02 2.269597860E-02 2.565914505E-02 2.867208048E-02
 3.173287726E-02 3.483964838E-02 3.799052452E-02 4.118365125E-02 4.441718575E-02
 4.768929360E-02 5.099814302E-02 5.434189929E-02 5.771871738E-02 6.112673339E-02
 6.456405525E-02 6.802875185E-02 7.151884197E-02 7.503228155E-02 7.856695067E-02
 8.212063980E-02 8.569103502E-02 8.927570368E-02 9.287207898E-02 9.647744547E-02
 1.000889249E-01 1.037034607E-01 1.073178079E-01 1.109285237E-01 1.145319542E-01
 1.181242330E-01 1.217012809E-01 1.252588038E-01 1.287923048E-01 1.322970962E-01
 1.357683155E-01 1.392009549E-01 1.425898888E-01 1.459299113E-01 1.492157757E-01
 1.524422424E-01 1.556041247E-01 1.586963327E-01 1.617139275E-01 1.646521547E-01
 1.675064921E-01 1.702726748E-01 1.729467221E-01 1.755249533E-01 1.780039971E-01
 1.803807915E-01 1.826525783E-01 1.848168993E-01 1.868715822E-01 1.888147413E-01
 1.906447701E-01 1.923603485E-01 1.939604562E-01 1.954443961E-01 1.968118198E-01
 3.967475620E-02 4.312600382E-02 4.374757305E-02 4.151612363E-02 3.629415362E-02
 3.098181451E-02 2.599435231E-02 2.129403138E-02 1.686948811E-02 1.270957948E-02
 8.803511644E-03 5.140933434E-03 1.711883724E-03-1.493291942E-03-4.484004261E-03
-7.269450963E-03-9.858620284E-03-1.226027688E-02-1.448293946E-02-1.653485608E-02
-1.842398091E-02-2.015795603E-02-2.174409615E-02-2.318937925E-02-2.450043958E-02
-2.568356305E-02-2.674468422E-02-2.768938145E-02-2.852286929E-02-2.924998646E-02
-2.987517258E-02-3.040243223E-02-3.083527351E-02-3.117660816E-02-3.142857971E-02
-3.159225389E-02-3.166701775E-02-3.164930605E-02-3.152968128E-02-3.128568189E-02
-3.090722376E-02-3.039049794E-02-2.973793350E-02-2.896534063E-02-2.807741413E-02
-2.707560942E-02-2.596131342E-02-2.473735337E-02-2.340840039E-02-2.197817428E-02
-2.044953003E-02-1.882506664E-02-1.710760004E-02-1.530027052E-02-1.340620048E-02
-1.142837810E-02-9.369687281E-03-7.232941141E-03-5.020864008E-03-2.736081483E-03
-3.811291705E-04 2.041535459E-03 4.529528343E-03 7.080536304E-03 9.692313931E-03
 1.236268076E-02 1.508952085E-02 1.787078218E-02 2.070447726E-02 2.358868164E-02
 2.652153199E-02 2.950122223E-02 3.252599988E-02 3.559416071E-02 3.870404466E-02
 4.185403106E-02 4.504253366E-02 4.826799533E-02 5.152888271E-02 5.482367919E-02
 5.815087733E-02 6.150897078E-02 6.489644387E-02 6.831176076E-02 7.175335327E-02
 7.521960740E-02 7.870884879E-02 8.221932650E-02 8.574919636E-02 8.929650257E-02
 9.285915930E-02 9.643493028E-02 1.000214092E-01 1.036159965E-01 1.072158855E-01
 1.108180327E-01 1.144191470E-01 1.180156695E-01 1.216037597E-01 1.251792834E-01
 1.287378093E-01 1.322746061E-01 1.357846489E-01 1.392626370E-01 1.427030103E-01
 1.460999896E-01 1.494476116E-01 1.527397884E-01 1.559703614E-01 1.591331721E-01
 1.622221394E-01 1.652313319E-01 1.681550515E-01 1.709879008E-01 1.737248604E-01
 1.763613443E-01 1.788932521E-01 1.813170044E-01 1.836295693E-01 1.858284692E-01
 1.879117804E-01 1.898781181E-01 1.917266109E-01 1.934568739E-01 1.950689757E-01
 1.965633999E-01 1.979410150E-01 1.992030463E-01 2.003510518E-01 3.008641557E-02
 3.333223387E-02 3.388400466E-02 3.161395693E-02 2.684784147E-02 2.157734493E-02
 1.660356343E-02 1.194430587E-02 7.590950884E-03 3.532926310E-03-2.413444311E-04
-3.743965324E-03-6.987236452E-03-9.983423235E-03-1.274459350E-02-1.528249973E-02
-1.760849480E-02-1.973347191E-02-2.166782409E-02-2.342141988E-02-2.500359158E-02
-2.642313270E-02-2.768830361E-02-2.880684066E-02-2.978596894E-02-3.063241418E-02
-3.135241393E-02-3.195172422E-02-3.243562063E-02-3.280888975E-02-3.307580928E-02
-3.324010918E-02-3.330490932E-02-3.327262226E-02-3.314480677E-02-3.292195501E-02
-3.260319718E-02-3.218594219E-02-3.166560896E-02-3.103608092E-02-3.029306218E-02
-2.943484948E-02-2.846253795E-02-2.737973947E-02-2.618967082E-02-2.489501997E-02
-2.349837559E-02-2.200258126E-02-2.041078627E-02-1.872610953E-02-1.695153409E-02
-1.508996466E-02-1.314431329E-02-1.111752685E-02-9.012544685E-03-6.832260348E-03
-4.579505819E-03-2.257044423E-03 1.324375027E-04 2.586336674E-03 5.102135020E-03
 7.677399711E-03 1.030978301E-02 1.299702229E-02 1.573693970E-02 1.852744222E-02
 2.136652089E-02 2.425225136E-02 2.718279284E-02 3.015638693E-02 3.317135550E-02
 3.622609781E-02 3.931908669E-02 4.244886393E-02 4.561403595E-02 4.881326725E-02
 5.204527507E-02 5.530882200E-02 5.860270843E-02 6.192576378E-02 6.527683680E-02
 6.865478467E-02 7.205846048E-02 7.548670034E-02 7.893830753E-02 8.241203672E-02
 8.590657564E-02 8.942052575E-02 9.295238098E-02 9.650050527E-02 1.000631089E-01
 1.036382206E-01 1.072236649E-01 1.108170317E-01 1.144156470E-01 1.180165486E-01
 1.216164550E-01 1.252117386E-01 1.287984063E-01 1.323720741E-01 1.359279568E-01
 1.394608591E-01 1.429651757E-01 1.464349066E-01 1.498636775E-01 1.532447837E-01
 1.565712405E-01 1.598358577E-01 1.630313189E-01 1.661502878E-01 1.691855129E-01
 1.721299479E-01 1.749768695E-01 1.777200002E-01 1.803536129E-01 1.828726320E-01
 1.852727143E-01 1.875503125E-01 1.897027081E-01 1.917280345E-01 1.936252637E-01
 1.953941829E-01 1.970353405E-01 1.985499879E-01 1.999399965E-01 2.012077821E-01
 2.023562102E-01 2.033885187E-01 2.043082347E-01 1.960739722E-02 2.277265182E-02
 2.324372178E-02 2.092045414E-02 1.603225215E-02 1.076471717E-02 5.848061667E-03
 1.281828513E-03-2.943829741E-03-6.841233216E-03-1.042434614E-02-1.370810909E-02
-1.670789456E-02-1.943908286E-02-2.191674837E-02-2.415543794E-02-2.616902347E-02
-2.797061359E-02-2.957250876E-02-3.098618825E-02-3.222232022E-02-3.329078550E-02
-3.420071145E-02-3.496050921E-02-3.557791205E-02-3.606001176E-02-3.641329058E-02
-3.664364805E-02-3.675641874E-02-3.675638151E-02-3.664775739E-02-3.643419451E-02
-3.611873828E-02-3.570378588E-02-3.519102684E-02-3.458137759E-02-3.387492875E-02
-3.307095131E-02-3.216804704E-02-3.116456546E-02-3.005933927E-02-2.885213600E-02
-2.754380291E-02-2.613610256E-02-2.463122603E-02-2.303155897E-02-2.133963387E-02
-1.955813733E-02-1.768988837E-02-1.573777083E-02-1.370468562E-02-1.159353621E-02
-9.407228485E-03-7.148665926E-03-4.820734639E-03-2.426285511E-03 3.188089803E-05
 2.551026577E-03 5.128486446E-03 7.761676724E-03 1.044810148E-02 1.318535741E-02
 1.597113784E-02 1.880323564E-02 2.167954562E-02 2.459806634E-02 2.755690102E-02
 3.055425848E-02 3.358845285E-02 3.665790273E-02 3.976112892E-02 4.289675233E-02
 4.606348980E-02 4.926014986E-02 5.248562700E-02 5.573889580E-02 5.901900318E-02
 6.232506065E-02 6.565623467E-02 6.901173666E-02 7.239081101E-02 7.579272243E-02
 7.921674164E-02 8.266212908E-02 8.612811764E-02 8.961389360E-02 9.311857466E-02
 9.664118783E-02 1.001806434E-01 1.037357079E-01 1.073049734E-01 1.108868288E-01
 1.144794229E-01 1.180806272E-01 1.216880025E-01 1.252987560E-01 1.289097058E-01
 1.325172369E-01 1.361172651E-01 1.397052065E-01 1.432759439E-01 1.468238064E-01
 1.503425619E-01 1.538254174E-01 1.572650442E-01 1.606536135E-01 1.639828682E-01
 1.672442078E-01 1.704288074E-01 1.735277562E-01 1.765322157E-01 1.794335971E-01
 1.822237427E-01 1.848951025E-01 1.874409047E-01 1.898553079E-01 1.921335251E-01
 1.942719121E-01 1.962680300E-01 1.981206649E-01 1.998298082E-01 2.013966088E-01
 2.028232813E-01 2.041130019E-01 2.052697616E-01 2.062982239E-01 2.072035639E-01
 2.079913152E-01 2.086672254E-01 7.898339590E-03 1.102377249E-02 1.138892380E-02
 9.006557856E-03 3.667446560E-03-1.582744168E-03-6.395662860E-03-1.081166877E-02
-1.484513423E-02-1.851296579E-02-2.183390917E-02-2.482764752E-02-2.751406543E-02
-2.991269111E-02-3.204230164E-02-3.392066682E-02-3.556440224E-02-3.698890540E-02
-3.820834945E-02-3.923571683E-02-4.008285790E-02-4.076056190E-02-4.127863471E-02
-4.164597614E-02-4.187065331E-02-4.195996826E-02-4.192051774E-02-4.175824364E-02
-4.147847512E-02-4.108595950E-02-4.058488534E-02-3.997889495E-02-3.927109003E-02
-3.846403255E-02-3.755974541E-02-3.655972230E-02-3.546496022E-02-3.427603372E-02
-3.299323207E-02-3.161676821E-02-3.014702959E-02-2.858477227E-02-2.693121162E-02
-2.518800479E-02-2.335715281E-02-2.144091145E-02-1.944173186E-02-1.736222145E-02
-1.520510950E-02-1.297321037E-02-1.066939252E-02-8.296555381E-03-5.857611898E-03
-3.355472625E-03-7.930298158E-04 1.826858739E-03 4.501384839E-03 7.227803645E-03
 1.000344603E-02 1.282572953E-02 1.569216757E-02 1.860037757E-02 2.154808781E-02
 2.453314280E-02 2.755350831E-02 3.060727461E-02 3.369265942E-02 3.680800946E-02
 3.995180115E-02 4.312264022E-02 4.631926024E-02 4.954052002E-02 5.278540003E-02
 5.605299749E-02 5.934252072E-02 6.265328221E-02 6.598468998E-02 6.933623930E-02
 7.270750117E-02 7.609811127E-02 7.950775675E-02 8.293616149E-02 8.638306980E-02
 8.984822897E-02 9.333136918E-02 9.683218191E-02 1.003502962E-01 1.038852497E-01
 1.074364662E-01 1.110032143E-01 1.145845803E-01 1.181794258E-01 1.217863457E-01
 1.254036272E-01 1.290291928E-01 1.326605573E-01 1.362947689E-01 1.399283500E-01
 1.435572454E-01 1.471767638E-01 1.507815231E-01 1.543654113E-01 1.579215474E-01
 1.614422700E-01 1.649191381E-01 1.683429662E-01 1.717038985E-01 1.749915106E-01
 1.781949669E-01 1.813032095E-01 1.843051942E-01 1.871901425E-01 1.899478243E-01
 1.925688249E-01 1.950448048E-01 1.973687313E-01 1.995350600E-01 2.015398731E-01
 2.033809608E-01 2.050578462E-01 2.065717547E-01 2.079255248E-01 2.091234698E-01
 2.101711930E-01 2.110753657E-01 2.118434770E-01 2.124835752E-01 2.130040133E-01
 2.134132147E-01-6.377287525E-03-3.595337108E-03-3.354250482E-03-5.772760636E-03
-1.054025499E-02-1.563852591E-02-2.028519048E-02-2.447666345E-02-2.823497697E-02
-3.158544845E-02-3.455486357E-02-3.717021835E-02-3.945779548E-02-4.144254680E-02
-4.314772485E-02-4.459470571E-02-4.580294717E-02-4.679003658E-02-4.757179337E-02
-4.816240193E-02-4.857455630E-02-4.881960616E-02-4.890769656E-02-4.884789704E-02
-4.864831881E-02-4.831621732E-02-4.785808262E-02-4.727971619E-02-4.658629515E-02
-4.578242632E-02-4.487218973E-02-4.385917547E-02-4.274651350E-02-4.153690270E-02
-4.023264075E-02-3.883566146E-02-3.734758570E-02-3.576979152E-02-3.410350645E-02
-3.234991830E-02-3.051029050E-02-2.858605639E-02-2.657887709E-02-2.449065884E-02
-2.232353859E-02-2.007985536E-02-1.776211977E-02-1.537298537E-02-1.291521973E-02
-1.039167784E-02-7.805276012E-03-5.158969334E-03-2.455730771E-03 3.014681150E-04
 3.109675481E-03 5.965976755E-03 8.867511342E-03 1.181148821E-02 1.479520036E-02
 1.781603793E-02 2.087150034E-02 2.395920649E-02 2.707690447E-02 3.022247893E-02
 3.339395871E-02 3.658952129E-02 3.980749745E-02 4.304637425E-02 4.630479628E-02
 4.958156608E-02 5.287564303E-02 5.618614097E-02 5.951232443E-02 6.285360394E-02
 6.620952943E-02 6.957978260E-02 7.296416850E-02 7.636260511E-02 7.977511187E-02
 8.320179671E-02 8.664284203E-02 9.009848893E-02 9.356901912E-02 9.705473647E-02
 1.005559438E-01 1.040729237E-01 1.076059053E-01 1.111550414E-01 1.147203757E-01
 1.183018017E-01 1.218990292E-01 1.255115360E-01 1.291385214E-01 1.327788480E-01
 1.364309831E-01 1.400929313E-01 1.437621638E-01 1.474355365E-01 1.511092100E-01
 1.547785614E-01 1.584380987E-01 1.620813760E-01 1.657009195E-01 1.692881684E-01
 1.728334468E-01 1.763259617E-01 1.797538643E-01 1.831043624E-01 1.863639139E-01
 1.895184868E-01 1.925538985E-01 1.954562025E-01 1.982121174E-01 2.008094529E-01
 2.032375059E-01 2.054874120E-01 2.075524159E-01 2.094280679E-01 2.111123324E-01
 2.126056203E-01 2.139107323E-01 2.150327284E-01 2.159787110E-01 2.167575417E-01
 2.173794854E-01 2.178558089E-01 2.181983631E-01 2.184191662E-01 2.185300383E-01
-2.210774333E-02-1.956519527E-02-1.947412531E-02-2.193507080E-02-2.669168510E-02
-3.163079736E-02-3.601993184E-02-3.987972179E-02-4.324727064E-02-4.616200881E-02
-4.866317687E-02-5.078820292E-02-5.257174963E-02-5.404526607E-02-5.523688499E-02
-5.617153291E-02-5.687115939E-02-5.735502060E-02-5.763997842E-02-5.774079073E-02
-5.767038089E-02-5.744008047E-02-5.705984393E-02-5.653843586E-02-5.588359176E-02
-5.510215614E-02-5.420019982E-02-5.318311830E-02-5.205571500E-02-5.082227139E-02
-4.948660534E-02-4.805212183E-02-4.652185700E-02-4.489851961E-02-4.318453160E-02
-4.138207156E-02-3.949312313E-02-3.751953049E-02-3.546306024E-02-3.332546693E-02
-3.110855632E-02-2.881423845E-02-2.644456467E-02-2.400174760E-02-2.148816411E-02
-1.890634822E-02-1.625897591E-02-1.354884724E-02-1.077886566E-02-7.952016067E-03
-5.071343006E-03-2.139928726E-03 8.391280247E-04 3.862732656E-03 6.927814846E-03
 1.003134804E-02 1.317036802E-02 1.634199074E-02 1.954342946E-02 2.277200976E-02
 2.602518437E-02 2.930054644E-02 3.259584049E-02 3.590897342E-02 3.923802280E-02
 4.258124427E-02 4.593707681E-02 4.930414753E-02 5.268127325E-02 5.606746203E-02
 5.946191252E-02 6.286401098E-02 6.627332823E-02 6.968961425E-02 7.311279091E-02
 7.654294448E-02 7.998031547E-02 8.342528811E-02 8.687837788E-02 9.034021774E-02
 9.381154280E-02 9.729317384E-02 1.007860002E-01 1.042909551E-01 1.078090016E-01
 1.113410984E-01 1.148881794E-01 1.184511240E-01 1.220307163E-01 1.256276130E-01
 1.292423017E-01 1.328750433E-01 1.365258263E-01 1.401942996E-01 1.438796983E-01
 1.475807680E-01 1.512956673E-01 1.550218701E-01 1.587560468E-01 1.624939410E-01
 1.662302327E-01 1.699583998E-01 1.736705728E-01 1.773574047E-01 1.810079575E-01
 1.846096337E-01 1.881481733E-01 1.916077399E-01 1.949711325E-01 1.982201338E-01
 2.013360050E-01 2.043001023E-01 2.070945593E-01 2.097029884E-01 2.121111113E-01
 2.143072888E-01 2.162829107E-01 2.180326512E-01 2.195546022E-01 2.208502985E-01
 2.219246346E-01 2.227856897E-01 2.234444251E-01 2.239142612E-01 2.242105316E-01
 2.243498318E-01 2.243493173E-01 2.242260169E-01 2.239962351E-01-3.976489880E-02
-3.740197426E-02-3.751856589E-02-4.001218326E-02-4.517137806E-02-4.986464288E-02
-5.384698222E-02-5.721005781E-02-6.001788336E-02-6.233241618E-02-6.421073407E-02
-6.570360193E-02-6.685517721E-02-6.770335424E-02-6.828040396E-02-6.861370602E-02
-6.872646491E-02-6.863836087E-02-6.836611789E-02-6.792398910E-02-6.732416430E-02
-6.657711195E-02-6.569186241E-02-6.467624383E-02-6.353707683E-02-6.228033678E-02
-6.091128706E-02-5.943459058E-02-5.785440136E-02-5.617444188E-02-5.439806733E-02
-5.252832081E-02-5.056798160E-02-4.851960856E-02-4.638558106E-02-4.416813912E-02
-4.186942402E-02-3.949151986E-02-3.703649577E-02-3.450644748E-02-3.190353482E-02
-2.923001396E-02-2.648826040E-02-2.368078292E-02-2.081022869E-02-1.787937967E-02
-1.489114397E-02-1.184854205E-02-8.754690219E-03-5.612780952E-03-2.426062758E-03
 8.021814336E-04 4.068656234E-03 7.370075839E-03 1.070318605E-02 1.406478593E-02
 1.745174888E-02 2.086104330E-02 2.428975172E-02 2.773508993E-02 3.119442305E-02
 3.466528264E-02 3.814537955E-02 4.163261778E-02 4.512510430E-02 4.862115858E-02
 5.211931989E-02 5.561835208E-02 5.911724733E-02 6.261522722E-02 6.611174281E-02
 6.960647195E-02 7.309931534E-02 7.659039066E-02 8.008002557E-02 8.356874820E-02
 8.705727742E-02 9.054651050E-02 9.403751009E-02 9.753149031E-02 1.010297992E-01
 1.045339049E-01 1.080453742E-01 1.115658511E-01 1.150970407E-01 1.186406779E-01
 1.221985055E-01 1.257722420E-01 1.293635489E-01 1.329739919E-01 1.366049995E-01
 1.402578115E-01 1.439334182E-01 1.476324966E-01 1.513553310E-01 1.551017155E-01
 1.588708530E-01 1.626612215E-01 1.664704331E-01 1.702950594E-01 1.741304390E-01
 1.779704617E-01 1.818073248E-01 1.856312809E-01 1.894303823E-01 1.931902483E-01
 1.968938991E-01 2.005217143E-01 2.040515789E-01 2.074593018E-01 2.107193445E-01
 2.138058447E-01 2.166938249E-01 2.193604168E-01 2.217859263E-01 2.239546157E-01
 2.258552007E-01 2.274811061E-01 2.288305426E-01 2.299065063E-01 2.307166800E-01
 2.312732540E-01 2.315925938E-01 2.316946923E-01 2.316023471E-01 2.313400782E-01
 2.309328749E-01 2.304049630E-01 2.297787679E-01-6.127344673E-02-5.959081533E-02
-5.991771378E-02-6.234507938E-02-6.661361222E-02-7.074107662E-02-7.405610885E-02
-7.665752743E-02-7.865402339E-02-8.014015381E-02-8.119456779E-02-8.188125041E-02
-8.225175699E-02-8.234752729E-02-8.220192631E-02-8.184192378E-02-8.128943240E-02
-8.056235990E-02-7.967543204E-02-7.864083660E-02-7.746873002E-02-7.616763689E-02
-7.474476718E-02-7.320626917E-02-7.155743284E-02-6.980285302E-02-6.794656186E-02
-6.599213651E-02-6.394278688E-02-6.180142784E-02-5.957073992E-02-5.725321903E-02
-5.485122085E-02-5.236699873E-02-4.980273816E-02-4.716058967E-02-4.444269881E-02
-4.165123575E-02-3.878842350E-02-3.585656308E-02-3.285805602E-02-2.979542289E-02
-2.667131531E-02-2.348852348E-02-2.024997656E-02-1.695873865E-02-1.361799878E-02
-1.023105817E-02-6.801313374E-03-3.332236735E-03 1.726445002E-04 3.709770998E-03
 7.275575043E-03 1.086650481E-02 1.447904917E-02 1.810976190E-02 2.175528645E-02
 2.541237935E-02 2.907793298E-02 3.274899767E-02 3.642280189E-02 4.009677099E-02
 4.376854467E-02 4.743599180E-02 5.109722401E-02 5.475060612E-02 5.839476550E-02
 6.202859802E-02 6.565127244E-02 6.926223220E-02 7.286119528E-02 7.644815115E-02
 8.002335657E-02 8.358732894E-02 8.714083799E-02 9.068489560E-02 9.422074450E-02
 9.774984569E-02 1.012738632E-01 1.047946506E-01 1.083142339E-01 1.118347940E-01
 1.153586480E-01 1.188882303E-01 1.224260726E-01 1.259747794E-01 1.295370053E-01
 1.331154265E-01 1.367127110E-01 1.403314838E-01 1.439742872E-01 1.476435342E-01
 1.513414501E-01 1.550700117E-01 1.588308632E-01 1.626252219E-01 1.664537602E-01
 1.703164673E-01 1.742124719E-01 1.781398379E-01 1.820953138E-01 1.860740264E-01
 1.900691247E-01 1.940713583E-01 1.980685910E-01 2.020452775E-01 2.059819306E-01
 2.098546676E-01 2.136350149E-01 2.172901731E-01 2.207840217E-01 2.240789518E-01
 2.271383092E-01 2.299288871E-01 2.324228466E-01 2.345987883E-01 2.364420800E-01
 2.379447672E-01 2.391053634E-01 2.399287052E-01 2.404259211E-01 2.406144625E-01
 2.405180342E-01 2.401661610E-01 2.395931229E-01 2.388360637E-01 2.379324752E-01
 2.369175940E-01 2.358224119E-01-8.602699711E-02-8.515189832E-02-8.579016766E-02
-8.800021007E-02-9.160521534E-02-9.475367294E-02-9.692829882E-02-9.833893773E-02
-9.915936179E-02-9.951708117E-02-9.950454457E-02-9.918915739E-02-9.862064443E-02
-9.783618515E-02-9.686394074E-02-9.572549820E-02-9.443758945E-02-9.301330950E-02
-9.146300456E-02-8.979492425E-02-8.801571018E-02-8.613076509E-02-8.414453681E-02
-8.206073776E-02-7.988251666E-02-7.761259330E-02-7.525336592E-02-7.280699647E-02
-7.027547914E-02-6.766069602E-02-6.496446255E-02-6.218856508E-02-5.933479267E-02
-5.640496414E-02-5.340095270E-02-5.032470677E-02-4.717827003E-02-4.396379877E-02
-4.068357804E-02-3.734003501E-02-3.393575021E-02-3.047346451E-02-2.695608339E-02
-2.338667646E-02-1.976847297E-02-1.610485297E-02-1.239933528E-02-8.655560955E-03
-4.877274865E-03-1.068303685E-03 2.767467687E-03 6.626121618E-03 1.050373461E-02
 1.439640503E-02 1.830028133E-02 2.221159100E-02 2.612666824E-02 3.004198241E-02
 3.395416490E-02 3.786003488E-02 4.175662383E-02 4.564119793E-02 4.951127876E-02
 5.336466171E-02 5.719943134E-02 6.101397498E-02 6.480699304E-02 6.857750662E-02
 7.232486223E-02 7.604873407E-02 7.974912319E-02 8.342635415E-02 8.708106980E-02
 9.071422293E-02 9.432706671E-02 9.792114261E-02 1.014982688E-01 1.050605228E-01
 1.086102296E-01 1.121499432E-01 1.156824297E-01 1.192106502E-01 1.227377441E-01
 1.262670111E-01 1.298018902E-01 1.333459403E-01 1.369028230E-01 1.404762781E-01
 1.440700985E-01 1.476881062E-01 1.513341175E-01 1.550119070E-01 1.587251632E-01
 1.624774286E-01 1.662720388E-01 1.701120267E-01 1.740000188E-01 1.779380945E-01
 1.819276126E-01 1.859689850E-01 1.900613975E-01 1.942024458E-01 1.983876812E-01
 2.026100197E-01 2.068589991E-01 2.111198323E-01 2.153722323E-01 2.195890187E-01
 2.237346878E-01 2.277644414E-01 2.316247462E-01 2.352566987E-01 2.386022346E-01
 2.416106922E-01 2.442426926E-01 2.464706686E-01 2.482775342E-01 2.496550690E-01
 2.506027924E-01 2.511275283E-01 2.512436469E-01 2.509738782E-01 2.503504480E-01
 2.494160078E-01 2.482232524E-01 2.468317902E-01 2.453018790E-01 2.436873033E-01
 2.420308799E-01-1.154824716E-01-1.160352023E-01-1.171868973E-01-1.186787239E-01
-1.211885845E-01-1.223397515E-01-1.225146025E-01-1.220987020E-01-1.212830370E-01
-1.201787226E-01-1.188545043E-01-1.173549293E-01-1.157098820E-01-1.139399096E-01
-1.120593785E-01-1.100784394E-01-1.080042934E-01-1.058420566E-01-1.035953468E-01
-1.012667134E-01-9.885794060E-02-9.637027936E-02-9.380461377E-02-9.116159344E-02
-8.844173180E-02-8.564548205E-02-8.277329601E-02-7.982566981E-02-7.680317927E-02
-7.370650833E-02-7.053647089E-02-6.729402866E-02-6.398030609E-02-6.059660230E-02
-5.714440130E-02-5.362538142E-02-5.004142233E-02-4.639461210E-02-4.268725168E-02
-3.892185826E-02-3.510116643E-02-3.122812712E-02-2.730590297E-02-2.333786144E-02
-1.932756429E-02-1.527875374E-02-1.119533545E-02-7.081358606E-03-2.940992635E-03
 1.221498107E-03 5.401782198E-03 9.595490907E-03 1.379824956E-02 1.800570988E-02
 2.221358353E-02 2.641767570E-02 3.061391864E-02 3.479840513E-02 3.896742071E-02
 4.311747432E-02 4.724532837E-02 5.134802526E-02 5.542291240E-02 5.946766410E-02
 6.348030078E-02 6.745920399E-02 7.140312944E-02 7.531121527E-02 7.918298776E-02
 8.301836260E-02 8.681764423E-02 9.058152045E-02 9.431105586E-02 9.800768129E-02
 1.016731798E-01 1.053096786E-01 1.089196246E-01 1.125057748E-01 1.160711749E-01
 1.196191428E-01 1.231532511E-01 1.266773092E-01 1.301953442E-01 1.337115861E-01
 1.372304528E-01 1.407565312E-01 1.442945669E-01 1.478494468E-01 1.514261851E-01
 1.550299068E-01 1.586658312E-01 1.623392493E-01 1.660554977E-01 1.698199255E-01
 1.736378468E-01 1.775144851E-01 1.814548868E-01 1.854638185E-01 1.895456199E-01
 1.937040113E-01 1.979418342E-01 2.022607074E-01 2.066605622E-01 2.111390139E-01
 2.156904996E-01 2.203050551E-01 2.249665511E-01 2.296500324E-01 2.343176551E-01
 2.389127050E-01 2.433529966E-01 2.475321837E-01 2.513418412E-01 2.546999505E-01
 2.575570228E-01 2.598865566E-01 2.616758112E-01 2.629206135E-01 2.636230805E-01
 2.637911598E-01 2.634394955E-01 2.625915940E-01 2.612836648E-01 2.595706202E-01
 2.575333800E-01 2.552798695E-01 2.529248514E-01 2.505578596E-01 2.482326159E-01
-1.526020723E-01-1.568155260E-01-1.587070986E-01-1.581962794E-01-1.557981786E-01
-1.528841436E-01-1.499919672E-01-1.471444914E-01-1.443271575E-01-1.415280419E-01
-1.387377512E-01-1.359483589E-01-1.331528206E-01-1.303446781E-01-1.275179168E-01
-1.246668994E-01-1.217863370E-01-1.188712856E-01-1.159171466E-01-1.129196793E-01
-1.098750046E-01-1.067796118E-01-1.036303629E-01-1.004244946E-01-9.715961828E-02
-9.383371219E-02-9.044512479E-02-8.699256345E-02-8.347509084E-02-7.989211849E-02
-7.624340016E-02-7.252902628E-02-6.874941803E-02-6.490532279E-02-6.099780920E-02
-5.702826276E-02-5.299838178E-02-4.891017313E-02-4.476594673E-02-4.056831048E-02
-3.632016232E-02-3.202468153E-02-2.768531747E-02-2.330577601E-02-1.889000305E-02
-1.444216545E-02-9.966628840E-03-5.467932404E-03-9.507610211E-04 3.580085384E-03
 8.119724949E-03 1.266322913E-02 1.720566006E-02 2.174210894E-02 2.626773580E-02
 3.077781003E-02 3.526775073E-02 3.973316666E-02 4.416989520E-02 4.857404015E-02
 5.294200717E-02 5.727053673E-02 6.155673426E-02 6.579809642E-02 6.999253387E-02
 7.413839004E-02 7.823445518E-02 8.227997650E-02 8.627466357E-02 9.021868942E-02
 9.411268768E-02 9.795774568E-02 1.017553936E-01 1.055075932E-01 1.092167170E-01
 1.128855375E-01 1.165171989E-01 1.201152059E-01 1.236833931E-01 1.272259123E-01
 1.307472084E-01 1.342520017E-01 1.377452710E-01 1.412322367E-01 1.447183494E-01
 1.482092793E-01 1.517109063E-01 1.552293175E-01 1.587708029E-01 1.623418537E-01
 1.659491624E-01 1.695996282E-01 1.733003516E-01 1.770586363E-01 1.808819822E-01
 1.847780690E-01 1.887547313E-01 1.928199072E-01 1.969815722E-01 2.012476211E-01
 2.056257160E-01 2.101230485E-01 2.147460305E-01 2.194998398E-01 2.243878101E-01
 2.294105515E-01 2.345646533E-01 2.398406008E-01 2.452189902E-01 2.506620693E-01
 2.560869301E-01 2.612494688E-01 2.658026682E-01 2.696568425E-01 2.728096543E-01
 2.752684488E-01 2.770409502E-01 2.781340143E-01 2.785536459E-01 2.783057667E-01
 2.773979568E-01 2.758420603E-01 2.736579930E-01 2.708814052E-01 2.675870447E-01
 2.639939119E-01 2.604902230E-01 2.572021197E-01 2.541278128E-01-1.891654946E-01
-1.968223061E-01-1.994302101E-01-1.968243429E-01-1.898934004E-01-1.830408380E-01
-1.771671854E-01-1.719467053E-01-1.671706825E-01-1.627111881E-01-1.584842694E-01
-1.544313303E-01-1.505093144E-01-1.466852200E-01-1.429328724E-01-1.392309410E-01
-1.355616804E-01-1.319100889E-01-1.282633455E-01-1.246104117E-01-1.209417430E-01
-1.172490765E-01-1.135252653E-01-1.097641576E-01-1.059604876E-01-1.021097958E-01
-9.820836086E-02-9.425313804E-02-9.024171450E-02-8.617226463E-02-8.204351619E-02
-7.785471950E-02-7.360562213E-02-6.929644623E-02-6.492787012E-02-6.050101072E-02
-5.601740921E-02-5.147901683E-02-4.688818151E-02-4.224763399E-02-3.756047432E-02
-3.283015566E-02-2.806046790E-02-2.325551787E-02-1.841970774E-02-1.355771077E-02
-8.674443731E-03-3.775036523E-03 1.135201474E-03 6.050817814E-03 1.096625640E-02
 1.587589974E-02 2.077411275E-02 2.565528987E-02 3.051390216E-02 3.534454610E-02
 4.014199302E-02 4.490123737E-02 4.961754439E-02 5.428649643E-02 5.890403599E-02
 6.346650683E-02 6.797068944E-02 7.241383464E-02 7.679368973E-02 8.110852166E-02
 8.535713296E-02 8.953887277E-02 9.365364235E-02 9.770189459E-02 1.016846284E-01
 1.056033784E-01 1.094601988E-01 1.132576484E-01 1.169987631E-01 1.206870389E-01
 1.243263994E-01 1.279211734E-01 1.314760696E-01 1.349961481E-01 1.384867975E-01
 1.419537151E-01 1.454028891E-01 1.488405778E-01 1.522733072E-01 1.557078576E-01
 1.591512686E-01 1.626108362E-01 1.660941317E-01 1.696090110E-01 1.731636375E-01
 1.767665119E-01 1.804265057E-01 1.841528990E-01 1.879554240E-01 1.918443098E-01
 1.958303308E-01 1.999248448E-01 2.041398275E-01 2.084878938E-01 2.129822920E-01
 2.176368684E-01 2.224659989E-01 2.274844823E-01 2.327074198E-01 2.381501382E-01
 2.438282882E-01 2.497584721E-01 2.559602893E-01 2.624624890E-01 2.693150736E-01
 2.757831645E-01 2.811251277E-01 2.854621322E-01 2.888048084E-01 2.912973385E-01
 2.930122786E-01 2.939599111E-01 2.940928574E-01 2.933294346E-01 2.917617027E-01
 2.894215143E-01 2.862859063E-01 2.822687996E-01 2.772352932E-01 2.718320947E-01
 2.671665707E-01 2.630217497E-01 2.592733982E-01-2.189247447E-01-2.281906774E-01
-2.312810480E-01-2.279752698E-01-2.183834229E-01-2.096415491E-01-2.019402932E-01
-1.950251435E-01-1.887203826E-01-1.828913232E-01-1.774355286E-01-1.722743534E-01
-1.673463739E-01-1.626026844E-01-1.580036355E-01-1.535165514E-01-1.491141463E-01
-1.447733865E-01-1.404746707E-01-1.362012207E-01-1.319386283E-01-1.276744962E-01
-1.233981661E-01-1.191004948E-01-1.147736739E-01-1.104110817E-01-1.060071631E-01
-1.015573223E-01-9.705784282E-02-9.250581142E-02-8.789905579E-02-8.323609710E-02
-7.851610463E-02-7.373885922E-02-6.890472258E-02-6.401461006E-02-5.906996730E-02
-5.407274903E-02-4.902539930E-02-4.393083231E-02-3.879241349E-02-3.361393874E-02
-2.839961361E-02-2.315402897E-02-1.788213564E-02-1.258921458E-02-7.280844926E-03
-1.962868383E-03 3.358650490E-03 8.677467053E-03 1.398720324E-02 1.928139740E-02
 2.455355717E-02 2.979721543E-02 3.500598752E-02 4.017363058E-02 4.529410385E-02
 5.036162772E-02 5.537074306E-02 6.031636753E-02 6.519385001E-02 6.999902006E-02
 7.472823342E-02 7.937841139E-02 8.394707471E-02 8.843236933E-02 9.283308628E-02
 9.714867352E-02 1.013792382E-01 1.055255485E-01 1.095890194E-01 1.135716981E-01
 1.174762432E-01 1.213058966E-01 1.250644549E-01 1.287562375E-01 1.323860488E-01
 1.359591470E-01 1.394812061E-01 1.429582870E-01 1.463968054E-01 1.498035061E-01
 1.531854391E-01 1.565499487E-01 1.599046557E-01 1.632574624E-01 1.666165504E-01
 1.699903975E-01 1.733878003E-01 1.768179030E-01 1.802902451E-01 1.838148167E-01
 1.874021227E-01 1.910632721E-01 1.948100724E-01 1.986551434E-01 2.026120506E-01
 2.066954526E-01 2.109212630E-01 2.153068259E-01 2.198710977E-01 2.246348353E-01
 2.296207784E-01 2.348538386E-01 2.403613251E-01 2.461732831E-01 2.523231261E-01
 2.588488845E-01 2.657955493E-01 2.732193567E-01 2.808973044E-01 2.874507279E-01
 2.929277941E-01 2.974005359E-01 3.008263060E-01 3.032230373E-01 3.047324875E-01
 3.053840237E-01 3.051703414E-01 3.039694022E-01 3.017412493E-01 2.985720944E-01
 2.944367607E-01 2.892696949E-01 2.829659543E-01 2.771826217E-01 2.720341408E-01
 2.674195939E-01 2.632492442E-01-2.412243590E-01-2.512108697E-01-2.546069322E-01
-2.511950962E-01-2.418508887E-01-2.323143565E-01-2.236268631E-01-2.156698808E-01
-2.083304294E-01-2.015068754E-01-1.951112509E-01-1.890688206E-01-1.833165119E-01
-1.778010941E-01-1.724774991E-01-1.673074005E-01-1.622580558E-01-1.573013919E-01
-1.524132621E-01-1.475728570E-01-1.427622311E-01-1.379659126E-01-1.331705806E-01
-1.283647989E-01-1.235387951E-01-1.186842674E-01-1.137942352E-01-1.088628950E-01
-1.038855176E-01-9.885834679E-02-9.377852228E-02-8.864401396E-02-8.345356526E-02
-7.820664688E-02-7.290341802E-02-6.754469316E-02-6.213191340E-02-5.666712165E-02
-5.115293925E-02-4.559254460E-02-3.998965053E-02-3.434848272E-02-2.867375492E-02
-2.297064312E-02-1.724475604E-02-1.150210271E-02-5.749056240E-03 7.687438650E-06
 5.761154209E-03 1.150414176E-02 1.722927391E-02 2.292905964E-02 2.859595570E-02
 3.422243403E-02 3.980105120E-02 4.532452092E-02 5.078578747E-02 5.617810006E-02
 6.149508554E-02 6.673081971E-02 7.187989440E-02 7.693748067E-02 8.189938445E-02
 8.676209708E-02 9.152283522E-02 9.617957386E-02 1.007310685E-01 1.051768658E-01
 1.095173113E-01 1.137535365E-01 1.178874456E-01 1.219216924E-01 1.258596452E-01
 1.297053516E-01 1.334634980E-01 1.371393600E-01 1.407387558E-01 1.442680015E-01
 1.477338649E-01 1.511435181E-01 1.545045017E-01 1.578246897E-01 1.611122602E-01
 1.643756771E-01 1.676236774E-01 1.708652677E-01 1.741097313E-01 1.773666512E-01
 1.806459384E-01 1.839578790E-01 1.873131982E-01 1.907231357E-01 1.941995512E-01
 1.977550432E-01 2.014031000E-01 2.051582841E-01 2.090364456E-01 2.130549827E-01
 2.172331409E-01 2.215923656E-01 2.261566906E-01 2.309531638E-01 2.360122898E-01
 2.413684318E-01 2.470601571E-01 2.531304536E-01 2.596268371E-01 2.666013991E-01
 2.741108979E-01 2.821892270E-01 2.897030198E-01 2.960529157E-01 3.012666192E-01
 3.054709782E-01 3.087181874E-01 3.110160050E-01 3.123031037E-01 3.125595660E-01
 3.118569975E-01 3.101867193E-01 3.074957350E-01 3.036620305E-01 2.986149285E-01
 2.923878736E-01 2.859703751E-01 2.801782467E-01 2.749396778E-01 2.701874110E-01
 2.658579761E-01-2.596781876E-01-2.701072282E-01-2.737886076E-01-2.704559003E-01
-2.613707353E-01-2.515055724E-01-2.423122617E-01-2.337623064E-01-2.257835139E-01
-2.183034064E-01-2.112531345E-01-2.045693178E-01-1.981947695E-01-1.920785383E-01
-1.861755939E-01-1.804463401E-01-1.748560798E-01-1.693744914E-01-1.639751304E-01
-1.586349853E-01-1.533340719E-01-1.480550837E-01-1.427830742E-01-1.375051886E-01
-1.322104241E-01-1.268894248E-01-1.215343099E-01-1.161385174E-01-1.106966820E-01
-1.052045241E-01-9.965876624E-02-9.405705204E-02-8.839789284E-02-8.268061185E-02
-7.690530550E-02-7.107280907E-02-6.518466753E-02-5.924311101E-02-5.325103224E-02
-4.721196521E-02-4.113006433E-02-3.501008216E-02-2.885734522E-02-2.267772784E-02
-1.647762084E-02-1.026389784E-02-4.043875526E-03 2.174731140E-03 8.383859382E-03
 1.457515516E-02 2.074003605E-02 2.686975989E-02 3.295549980E-02 3.898842425E-02
 4.495978207E-02 5.086099117E-02 5.668372968E-02 6.242002854E-02 6.806236317E-02
 7.360374362E-02 7.903779984E-02 8.435886138E-02 8.956202948E-02 9.464323917E-02
 9.959931139E-02 1.044279903E-01 1.091279723E-01 1.136989191E-01 1.181414553E-01
 1.224571544E-01 1.266485174E-01 1.307189331E-01 1.346726324E-01 1.385146347E-01
 1.422506876E-01 1.458872048E-01 1.494311998E-01 1.528902200E-01 1.562722845E-01
 1.595858276E-01 1.628396402E-01 1.660428296E-01 1.692047767E-01 1.723351139E-01
 1.754437018E-01 1.785406303E-01 1.816362193E-01 1.847410472E-01 1.878659821E-01
 1.910222397E-01 1.942214562E-01 1.974757824E-01 2.007980062E-01 2.042017020E-01
 2.077014229E-01 2.113129288E-01 2.150534719E-01 2.189421545E-01 2.230003556E-01
 2.272522595E-01 2.317254917E-01 2.364518565E-01 2.414681638E-01 2.468170467E-01
 2.525476061E-01 2.587155737E-01 2.653826478E-01 2.726148074E-01 2.804820614E-01
 2.884271038E-01 2.953666236E-01 3.013056343E-01 3.061210522E-01 3.099190269E-01
 3.128028553E-01 3.147839346E-01 3.158330931E-01 3.157724419E-01 3.146626033E-01
 3.125465477E-01 3.093752507E-01 3.050578484E-01 2.993576977E-01 2.927264888E-01
 2.866549738E-01 2.811090022E-01 2.760352709E-01 2.713829141E-01 2.671045520E-01
-2.761344110E-01-2.871335197E-01-2.911167951E-01-2.878640937E-01-2.777244831E-01
-2.676689499E-01-2.582594550E-01-2.494183105E-01-2.410937367E-01-2.332311247E-01
-2.257754067E-01-2.186730802E-01-2.118735521E-01-2.053299456E-01-1.989994819E-01
-1.928435829E-01-1.868277820E-01-1.809215117E-01-1.750978343E-01-1.693331331E-01
-1.636067989E-01-1.579009258E-01-1.522000246E-01-1.464907560E-01-1.407616985E-01
-1.350031403E-01-1.292068920E-01-1.233661404E-01-1.174753100E-01-1.115299589E-01
-1.055266888E-01-9.946307114E-02-9.333758981E-02-8.714959495E-02-8.089926695E-02
-7.458758722E-02-6.821631435E-02-6.178796523E-02-5.530579776E-02-4.877379419E-02
-4.219664452E-02-3.557972799E-02-2.892909258E-02-2.225142982E-02-1.555404610E-02
-8.844828076E-03-2.132202275E-03 4.574912602E-03 1.126716057E-02 1.793481116E-02
 2.456783109E-02 3.115596381E-02 3.768881795E-02 4.415596334E-02 5.054703425E-02
 5.685183930E-02 6.306047464E-02 6.916344124E-02 7.515176116E-02 8.101709319E-02
 8.675184294E-02 9.234926541E-02 9.780355882E-02 1.031099432E-01 1.082647296E-01
 1.132653640E-01 1.181104643E-01 1.227998305E-01 1.273344420E-01 1.317164296E-01
 1.359490446E-01 1.400365944E-01 1.439843847E-01 1.477986359E-01 1.514864011E-01
 1.550554781E-01 1.585143154E-01 1.618719257E-01 1.651377991E-01 1.683218233E-01
 1.714342081E-01 1.744854311E-01 1.774861779E-01 1.804473091E-01 1.833798332E-01
 1.862948934E-01 1.892037756E-01 1.921179228E-01 1.950489750E-01 1.980088228E-01
 2.010096876E-01 2.040642123E-01 2.071855970E-01 2.103877506E-01 2.136854979E-01
 2.170948204E-01 2.206331781E-01 2.243198998E-01 2.281766969E-01 2.322283130E-01
 2.365033830E-01 2.410355429E-01 2.458648765E-01 2.510397256E-01 2.566187220E-01
 2.626724403E-01 2.692831475E-01 2.765405457E-01 2.844218963E-01 2.915033807E-01
 2.975948229E-01 3.027874165E-01 3.071057703E-01 3.105337125E-01 3.130064962E-01
 3.145484885E-01 3.151992965E-01 3.149294978E-01 3.136627518E-01 3.112672381E-01
 3.076990480E-01 3.029238705E-01 2.968956315E-01 2.908942241E-01 2.853700704E-01
 2.802706750E-01 2.755522599E-01 2.711765837E-01 2.671095616E-01-2.881361225E-01
-2.994298913E-01-3.036746183E-01-3.006395653E-01-2.911241132E-01-2.811439380E-01
-2.717209673E-01-2.628094716E-01-2.543667066E-01-2.463461700E-01-2.386997045E-01
-2.313793554E-01-2.243387903E-01-2.175343019E-01-2.109254389E-01-2.044753343E-01
-1.981508096E-01-1.919223070E-01-1.857637146E-01-1.796521227E-01-1.735675527E-01
-1.674926624E-01-1.614124754E-01-1.553141173E-01-1.491865768E-01-1.430205010E-01
-1.368080156E-01-1.305425714E-01-1.242188232E-01-1.178325236E-01-1.113804528E-01
-1.048603471E-01-9.827086112E-02-9.161153171E-02-8.488275144E-02-7.808575598E-02
-7.122261077E-02-6.429620284E-02-5.731023406E-02-5.026921426E-02-4.317845246E-02
-3.604404637E-02-2.887286797E-02-2.167254377E-02-1.445143024E-02-7.218582385E-03
 1.628597531E-05 7.242849975E-03 1.445023151E-02 2.162706749E-02 2.876158934E-02
 3.584171431E-02 4.285514893E-02 4.978950368E-02 5.663241904E-02 6.337170093E-02
 6.999546391E-02 7.649227996E-02 8.285132908E-02 8.906254853E-02 9.511677815E-02
 1.010058952E-01 1.067229355E-01 1.122622041E-01 1.176193538E-01 1.227914543E-01
 1.277770289E-01 1.325760679E-01 1.371900142E-01 1.416217294E-01 1.458754322E-01
 1.499566175E-01 1.538719614E-01 1.576292064E-01 1.612370479E-01 1.647050032E-01
 1.680432878E-01 1.712626936E-01 1.743744730E-01 1.773902254E-01 1.803218057E-01
 1.831812417E-01 1.859806609E-01 1.887322422E-01 1.914481798E-01 1.941406583E-01
 1.968218545E-01 1.995039491E-01 2.021991607E-01 2.049197926E-01 2.076783023E-01
 2.104873926E-01 2.133601282E-01 2.163100738E-01 2.193514739E-01 2.224994705E-01
 2.257703845E-01 2.291820618E-01 2.327543380E-01 2.365096469E-01 2.404738635E-01
 2.446775223E-01 2.491576336E-01 2.539605787E-01 2.591469402E-01 2.647996156E-01
 2.710349054E-01 2.780153067E-01 2.849258617E-01 2.909982055E-01 2.961100185E-01
 3.004604503E-01 3.040923303E-01 3.070068372E-01 3.091279004E-01 3.102787115E-01
 3.106202086E-01 3.101489625E-01 3.088138121E-01 3.064615377E-01 3.028178349E-01
 2.979141240E-01 2.924027139E-01 2.872796157E-01 2.824904422E-01 2.779977779E-01
 2.737755748E-01 2.698029115E-01 2.660613181E-01-2.973443190E-01-3.088383515E-01
-3.133578114E-01-3.106200287E-01-3.019038345E-01-2.921646189E-01-2.828950585E-01
-2.740991302E-01-2.657343131E-01-2.577541299E-01-2.501108124E-01-2.427571232E-01
-2.356477475E-01-2.287402612E-01-2.219957257E-01-2.153789740E-01-2.088586585E-01
-2.024071293E-01-1.960002032E-01-1.896168667E-01-1.832389596E-01-1.768508456E-01
-1.704391139E-01-1.639922936E-01-1.575006160E-01-1.509557987E-01-1.443508797E-01
-1.376800745E-01-1.309386675E-01-1.241229355E-01-1.172300864E-01-1.102582227E-01
-1.032063173E-01-9.607420580E-02-8.886258240E-02-8.157300349E-02-7.420789603E-02
-6.677056607E-02-5.926520757E-02-5.169690964E-02-4.407166013E-02-3.639634687E-02
-2.867875216E-02-2.092754313E-02-1.315225411E-02-5.363261199E-03 2.428252259E-03
 1.021034090E-02 1.797035515E-02 2.569501167E-02 3.337048054E-02 4.098248649E-02
 4.851642910E-02 5.595751878E-02 6.329092998E-02 7.050196964E-02 7.757625889E-02
 8.449992402E-02 9.125979388E-02 9.784359706E-02 1.042401539E-01 1.104395601E-01
 1.164333516E-01 1.222146426E-01 1.277782465E-01 1.331207572E-01 1.382405962E-01
 1.431380248E-01 1.478151251E-01 1.522757365E-01 1.565253668E-01 1.605710748E-01
 1.644213284E-01 1.680858453E-01 1.715754232E-01 1.749017650E-01 1.780773047E-01
 1.811150366E-01 1.840283617E-01 1.868309396E-01 1.895365610E-01 1.921590442E-01
 1.947121412E-01 1.972094739E-01 1.996644841E-01 2.020904017E-01 2.045002412E-01
 2.069068042E-01 2.093227064E-01 2.117604160E-01 2.142323148E-01 2.167507643E-01
 2.193282005E-01 2.219772336E-01 2.247107784E-01 2.275421982E-01 2.304854873E-01
 2.335554731E-01 2.367680831E-01 2.401406680E-01 2.436924222E-01 2.474449642E-01
 2.514231778E-01 2.556565548E-01 2.601816529E-01 2.650475625E-01 2.703340748E-01
 2.760451567E-01 2.812776386E-01 2.860003119E-01 2.901793743E-01 2.937498235E-01
 2.966423849E-01 2.988865821E-01 3.004995669E-01 3.014591267E-01 3.016991976E-01
 3.011429872E-01 2.998054180E-01 2.976727640E-01 2.946636750E-01 2.906116528E-01
 2.864686606E-01 2.824173076E-01 2.784857628E-01 2.746907145E-01 2.710410881E-01
 2.675405539E-01 2.641890828E-01-3.053358057E-01-3.172726146E-01-3.221180535E-01
-3.196480647E-01-3.103501594E-01-3.008711275E-01-2.919210984E-01-2.834259868E-01
-2.753331618E-01-2.675882942E-01-2.601376302E-01-2.529299287E-01-2.459177570E-01
-2.390582247E-01-2.323132607E-01-2.256495793E-01-2.190384127E-01-2.124551200E-01
-2.058787316E-01-1.992914747E-01-1.926783207E-01-1.860265675E-01-1.793254677E-01
-1.725659246E-01-1.657402227E-01-1.588418330E-01-1.518652518E-01-1.448058871E-01
-1.376599828E-01-1.304245756E-01-1.230974712E-01-1.156772479E-01-1.081632665E-01
-1.005556972E-01-9.285554638E-02-8.506469389E-02-7.718592275E-02-6.922295363E-02
-6.118047340E-02-5.306416025E-02-4.488070443E-02-3.663782288E-02-2.834426752E-02
-2.000982781E-02-1.164532441E-02-3.262594296E-03 5.125534061E-03 1.350527858E-02
 2.186195576E-02 3.018004962E-02 3.844330087E-02 4.663481743E-02 5.473720927E-02
 6.273274834E-02 7.060355389E-02 7.833180244E-02 8.589995850E-02 9.329102466E-02
 1.004888014E-01 1.074781533E-01 1.142452708E-01 1.207779199E-01 1.270656665E-01
 1.331000765E-01 1.388748744E-01 1.443860514E-01 1.496319326E-01 1.546131890E-01
 1.593327927E-01 1.637959302E-01 1.680098665E-01 1.719837629E-01 1.757284801E-01
 1.792563428E-01 1.825808993E-01 1.857166755E-01 1.886789333E-01 1.914834405E-01
 1.941462598E-01 1.966835572E-01 1.991114410E-01 2.014458248E-01 2.037023140E-01
 2.058961327E-01 2.080420574E-01 2.101543876E-01 2.122469328E-01 2.143330158E-01
 2.164254942E-01 2.185367945E-01 2.206789571E-01 2.228636879E-01 2.251024162E-01
 2.274063603E-01 2.297865879E-01 2.322540796E-01 2.348197723E-01 2.374946001E-01
 2.402894913E-01 2.432153076E-01 2.462826813E-01 2.495016461E-01 2.528808703E-01
 2.564260568E-01 2.601364359E-01 2.639967175E-01 2.679591159E-01 2.719179429E-01
 2.757233325E-01 2.792447562E-01 2.823940090E-01 2.851122551E-01 2.873577009E-01
 2.890986804E-01 2.903099434E-01 2.909706961E-01 2.910638682E-01 2.905766570E-01
 2.895031633E-01 2.878515077E-01 2.856608205E-01 2.830289564E-01 2.801083161E-01
 2.770391059E-01 2.739143470E-01 2.707914594E-01 2.677065733E-01 2.646828336E-01
 2.617349846E-01-3.095865858E-01-3.217699374E-01-3.269513977E-01-3.248981451E-01
-3.162745949E-01-3.073118947E-01-2.988856634E-01-2.909090015E-01-2.833086458E-01
-2.760132161E-01-2.689563572E-01-2.620786674E-01-2.553285014E-01-2.486619902E-01
-2.420425461E-01-2.354400941E-01-2.288301857E-01-2.221930948E-01-2.155129716E-01
-2.087770830E-01-2.019751613E-01-1.950988535E-01-1.881412837E-01-1.810967061E-01
-1.739602513E-01-1.667277368E-01-1.593955580E-01-1.519606163E-01-1.444203044E-01
-1.367725140E-01-1.290156795E-01-1.211488277E-01-1.131716494E-01-1.050845670E-01
-9.688881184E-02-8.858649314E-02-8.018066418E-02-7.167538548E-02-6.307577621E-02
-5.438806057E-02-4.561960668E-02-3.677895717E-02-2.787585344E-02-1.892125270E-02
-9.927337211E-03-9.075155916E-04 8.123587149E-03 1.715015120E-02 2.615520041E-02
 3.512066089E-02 4.402744389E-02 5.285555863E-02 6.158425784E-02 7.019222079E-02
 7.865777519E-02 8.695915686E-02 9.507480706E-02 1.029836999E-01 1.106656920E-01
 1.181018880E-01 1.252750019E-01 1.321697059E-01 1.387729519E-01 1.450742487E-01
 1.510658884E-01 1.567430984E-01 1.621041320E-01 1.671502756E-01 1.718857804E-01
 1.763177239E-01 1.804558022E-01 1.843120694E-01 1.879006336E-01 1.912373224E-01
 1.943393379E-01 1.972249080E-01 1.999129504E-01 2.024227616E-01 2.047737353E-01
 2.069851166E-01 2.090758020E-01 2.110641695E-01 2.129679518E-01 2.148041517E-01
 2.165889817E-01 2.183378315E-01 2.200652667E-01 2.217850356E-01 2.235100994E-01
 2.252526669E-01 2.270242302E-01 2.288356151E-01 2.306970129E-01 2.326180088E-01
 2.346076006E-01 2.366741818E-01 2.388255020E-01 2.410685619E-01 2.434094350E-01
 2.458529695E-01 2.484023055E-01 2.510580977E-01 2.538173056E-01 2.566712997E-01
 2.596030540E-01 2.625834007E-01 2.655674320E-01 2.684940577E-01 2.712919789E-01
 2.738901064E-01 2.762258123E-01 2.782478273E-01 2.799156007E-01 2.811976366E-01
 2.820700388E-01 2.825157166E-01 2.825244080E-01 2.820936874E-01 2.812311546E-01
 2.799578420E-01 2.783118982E-01 2.763495827E-01 2.741397216E-01 2.717526033E-01
 2.692502397E-01 2.666824407E-01 2.640872716E-01 2.614931140E-01 2.589208180E-01
-3.104503933E-01-3.227342864E-01-3.282896960E-01-3.268260664E-01-3.195883449E-01
-3.114522273E-01-3.038377983E-01-2.966717482E-01-2.898434157E-01-2.832531435E-01
-2.768160881E-01-2.704628199E-01-2.641383377E-01-2.578002948E-01-2.514169244E-01
-2.449649920E-01-2.384279223E-01-2.317941766E-01-2.250559147E-01-2.182079036E-01
-2.112466713E-01-2.041698494E-01-1.969757009E-01-1.896627830E-01-1.822297311E-01
-1.746751466E-01-1.669975587E-01-1.591954480E-01-1.512673175E-01-1.432117948E-01
-1.350277551E-01-1.267144596E-01-1.182716908E-01-1.096998895E-01-1.010002821E-01
-9.217500063E-02-8.322718579E-02-7.416107963E-02-6.498210365E-02-5.569692567E-02
-4.631351427E-02-3.684118568E-02-2.729064231E-02-1.767400586E-02-8.004845078E-03
 1.701801371E-03 1.142941000E-02 2.115996731E-02 3.087398013E-02 4.055050778E-02
 5.016722285E-02 5.970051090E-02 6.912561584E-02 7.841683863E-02 8.754779590E-02
 9.649174057E-02 1.052219427E-01 1.137121240E-01 1.219369378E-01 1.298724735E-01
 1.374967748E-01 1.447903341E-01 1.517365608E-01 1.583221851E-01 1.645375776E-01
 1.703769802E-01 1.758386258E-01 1.809247399E-01 1.856414326E-01 1.899984843E-01
 1.940090253E-01 1.976891475E-01 2.010574452E-01 2.041345297E-01 2.069425223E-01
 2.095045651E-01 2.118443483E-01 2.139856937E-01 2.159521833E-01 2.177668515E-01
 2.194519370E-01 2.210287017E-01 2.225172914E-01 2.239366594E-01 2.253045222E-01
 2.266373496E-01 2.279503871E-01 2.292576848E-01 2.305721507E-01 2.319055999E-01
 2.332688071E-01 2.346715544E-01 2.361226638E-01 2.376300144E-01 2.392005355E-01
 2.408401650E-01 2.425537599E-01 2.443449535E-01 2.462159238E-01 2.481670615E-01
 2.501964962E-01 2.522994484E-01 2.544673699E-01 2.566868885E-01 2.589386505E-01
 2.611963205E-01 2.634262713E-01 2.655885042E-01 2.676390480E-01 2.695332540E-01
 2.712289438E-01 2.726885880E-01 2.738804179E-01 2.747787986E-01 2.753642949E-01
 2.756237639E-01 2.755506410E-01 2.751455275E-01 2.744169796E-01 2.733822727E-01
 2.720676162E-01 2.705071686E-01 2.687405424E-01 2.668092526E-01 2.647532322E-01
 2.626083975E-01 2.604055025E-01 2.581699966E-01 2.559224348E-01-3.093180105E-01
-3.218644470E-01-3.278802673E-01-3.271393530E-01-3.201722252E-01-3.131806460E-01
-3.068334765E-01-3.009061339E-01-2.952254859E-01-2.896549159E-01-2.840915412E-01
-2.784613211E-01-2.727136187E-01-2.668159576E-01-2.607493806E-01-2.545045997E-01
-2.480789397E-01-2.414739964E-01-2.346938859E-01-2.277439503E-01-2.206298339E-01
-2.133568507E-01-2.059295666E-01-1.983515752E-01-1.906254037E-01-1.827525405E-01
-1.747335396E-01-1.665681902E-01-1.582557303E-01-1.497950777E-01-1.411850757E-01
-1.324247350E-01-1.235134646E-01-1.144512907E-01-1.052390450E-01-9.587854155E-02
-8.637271596E-02-7.672575161E-02-6.694317767E-02-5.703194898E-02-4.700051217E-02
-3.685885879E-02-2.661857393E-02-1.629288181E-02-5.896692784E-03 4.553347177E-03
 1.503880527E-02 2.553941264E-02 3.603302415E-02 4.649559665E-02 5.690119823E-02
 6.722206467E-02 7.742871684E-02 8.749015689E-02 9.737415455E-02 1.070476330E-01
 1.164771568E-01 1.256295144E-01 1.344723851E-01 1.429750537E-01 1.511091626E-01
 1.588494413E-01 1.661743997E-01 1.730669190E-01 1.795147432E-01 1.855108074E-01
 1.910534134E-01 1.961462286E-01 2.007981087E-01 2.050227576E-01 2.088382419E-01
 2.122663881E-01 2.153320935E-01 2.180625948E-01 2.204867301E-01 2.226342282E-01
 2.245350579E-01 2.262188601E-01 2.277144748E-01 2.290495604E-01 2.302503236E-01
 2.313413239E-01 2.323453629E-01 2.332834404E-01 2.341747553E-01 2.350367495E-01
 2.358851742E-01 2.367341724E-01 2.375963707E-01 2.384829700E-01 2.394038272E-01
 2.403675224E-01 2.413814162E-01 2.424516721E-01 2.435832609E-01 2.447799264E-01
 2.460441047E-01 2.473767996E-01 2.487773980E-01 2.502434163E-01 2.517701777E-01
 2.533504173E-01 2.549738400E-01 2.566266754E-01 2.582913202E-01 2.599461991E-01
 2.615660059E-01 2.631224091E-01 2.645852408E-01 2.659239676E-01 2.671091941E-01
 2.681139662E-01 2.689147416E-01 2.694920687E-01 2.698310408E-01 2.699216413E-01
 2.697590416E-01 2.693438712E-01 2.686824067E-01 2.677865695E-01 2.666735849E-01
 2.653651741E-01 2.638862758E-01 2.622634748E-01 2.605234112E-01 2.586914511E-01
 2.567907722E-01 2.548418734E-01 2.528624276E-01-3.031738957E-01-3.154923000E-01
-3.220064841E-01-3.225248342E-01-3.173045756E-01-3.123841240E-01-3.080840234E-01
-3.040304141E-01-2.999881404E-01-2.958002454E-01-2.913666288E-01-2.866301559E-01
-2.815647398E-01-2.761652308E-01-2.704396597E-01-2.644037100E-01-2.580769503E-01
-2.514802893E-01-2.446342878E-01-2.375580413E-01-2.302684733E-01-2.227799277E-01
-2.151039974E-01-2.072495276E-01-1.992227676E-01-1.910276323E-01-1.826660366E-01
-1.741382832E-01-1.654434756E-01-1.565799348E-01-1.475456020E-01-1.383384181E-01
-1.289566724E-01-1.193993087E-01-1.096661955E-01-9.975834442E-02-8.967809887E-02
-7.942927707E-02-6.901727818E-02-5.844916450E-02-4.773371815E-02-3.688148639E-02
-2.590482237E-02-1.481793212E-02-3.636934349E-03 7.620059948E-03 1.893284821E-02
 3.027901911E-02 4.163382637E-02 5.297006808E-02 6.425799185E-02 7.546525000E-02
 8.655693507E-02 9.749572475E-02 1.082421651E-01 1.187551167E-01 1.289923693E-01
 1.389114301E-01 1.484704620E-01 1.576293302E-01 1.663507149E-01 1.746012151E-01
 1.823523941E-01 1.895816882E-01 1.962731411E-01 2.024179097E-01 2.080145219E-01
 2.130688626E-01 2.175938931E-01 2.216091159E-01 2.251398152E-01 2.282161143E-01
 2.308719133E-01 2.331437766E-01 2.350698236E-01 2.366886981E-01 2.380386588E-01
 2.391568184E-01 2.400785537E-01 2.408370742E-01 2.414631484E-01 2.419849549E-01
 2.424280437E-01 2.428153721E-01 2.431674068E-01 2.435022522E-01 2.438358132E-01
 2.441819486E-01 2.445526417E-01 2.449581372E-01 2.454070857E-01 2.459066439E-01
 2.464625700E-01 2.470792758E-01 2.477598601E-01 2.485061022E-01 2.493184238E-01
 2.501958134E-01 2.511357129E-01 2.521338729E-01 2.531841744E-01 2.542784426E-01
 2.554062607E-01 2.565548339E-01 2.577089428E-01 2.588510383E-01 2.599615258E-01
 2.610192596E-01 2.620022244E-01 2.628883382E-01 2.636562996E-01 2.642863777E-01
 2.647611054E-01 2.650658341E-01 2.651891693E-01 2.651232967E-01 2.648642097E-01
 2.644118434E-01 2.637700837E-01 2.629466277E-01 2.619526495E-01 2.608022601E-01
 2.595117881E-01 2.580989404E-01 2.565819554E-01 2.549788313E-01 2.533067088E-01
 2.515814400E-01 2.498173302E-01-2.898294691E-01-3.004387233E-01-3.074029962E-01
-3.105342096E-01-3.103976986E-01-3.094825657E-01-3.084069298E-01-3.070154183E-01
-3.051413456E-01-3.026647699E-01-2.995352625E-01-2.957581559E-01-2.913698590E-01
-2.864204048E-01-2.809639680E-01-2.750540315E-01-2.687409079E-01-2.620704316E-01
-2.550832440E-01-2.478144359E-01-2.402934158E-01-2.325439690E-01-2.245844926E-01
-2.164283752E-01-2.080845134E-01-1.995579166E-01-1.908503751E-01-1.819611606E-01
-1.728877054E-01-1.636262619E-01-1.541725083E-01-1.445220895E-01-1.346710986E-01
-1.246164822E-01-1.143563846E-01-1.038904199E-01-9.321987923E-02-8.234788715E-02
-7.127949292E-02-6.002172393E-02-4.858360387E-02-3.697615254E-02-2.521238653E-02
-1.330733689E-02-1.278103081E-03 1.085604555E-02 2.307351024E-02 3.535014836E-02
 4.765901000E-02 5.997004705E-02 7.224982342E-02 8.446126671E-02 9.656351162E-02
 1.085118912E-01 1.202581385E-01 1.317508412E-01 1.429362040E-01 1.537591125E-01
 1.641644832E-01 1.740988330E-01 1.835119865E-01 1.923587885E-01 2.006007212E-01
 2.082073176E-01 2.151572879E-01 2.214392919E-01 2.270523275E-01 2.320057042E-01
 2.363186065E-01 2.400192468E-01 2.431436604E-01 2.457342155E-01 2.478379279E-01
 2.495047157E-01 2.507856994E-01 2.517316849E-01 2.523918768E-01 2.528128952E-01
 2.530380765E-01 2.531070505E-01 2.530555521E-01 2.529154105E-01 2.527146700E-01
 2.524778004E-01 2.522259657E-01 2.519773031E-01 2.517472196E-01 2.515486657E-01
 2.513923909E-01 2.512871716E-01 2.512400106E-01 2.512562976E-01 2.513399408E-01
 2.514934652E-01 2.517180758E-01 2.520136972E-01 2.523789688E-01 2.528112337E-01
 2.533064835E-01 2.538593042E-01 2.544628003E-01 2.551085329E-01 2.557864702E-01
 2.564849904E-01 2.571909360E-01 2.578897638E-01 2.585657852E-01 2.592025160E-01
 2.597831033E-01 2.602908258E-01 2.607096064E-01 2.610245245E-01 2.612222786E-01
 2.612915815E-01 2.612234933E-01 2.610116620E-01 2.606524871E-01 2.601451940E-01
 2.594918048E-01 2.586970168E-01 2.577679518E-01 2.567138128E-01 2.555454497E-01
 2.542748643E-01 2.529147132E-01 2.514778271E-01 2.499768033E-01 2.484236766E-01
 2.468296839E-01-2.762151828E-01-2.852912521E-01-2.928783691E-01-2.988665669E-01
-3.034580086E-01-3.070169754E-01-3.097863002E-01-3.117062864E-01-3.124348730E-01
-3.117814035E-01-3.098679115E-01-3.068704064E-01-3.029453402E-01-2.982263545E-01
-2.928278368E-01-2.868481815E-01-2.803721313E-01-2.734723326E-01-2.662103532E-01
-2.586373695E-01-2.507947322E-01-2.427145463E-01-2.344203638E-01-2.259280384E-01
-2.172467123E-01-2.083799143E-01-1.993266919E-01-1.900827241E-01-1.806413736E-01
-1.709946376E-01-1.611339862E-01-1.510510897E-01-1.407384241E-01-1.301897775E-01
-1.194006539E-01-1.083685853E-01-9.709335306E-02-8.557711802E-02-7.382447780E-02
-6.184244228E-02-4.964035787E-02-3.722979892E-02-2.462445841E-02-1.184007532E-02
 1.105568905E-03 1.419255249E-02 2.739859612E-02 4.069871675E-02 5.406476024E-02
 6.746483390E-02 8.086267868E-02 9.421703960E-02 1.074811127E-01 1.206021694E-01
 1.335214761E-01 1.461746309E-01 1.584924182E-01 1.704022458E-01 1.818301369E-01
 1.927031812E-01 2.029522547E-01 2.125147712E-01 2.213372515E-01 2.293775268E-01
 2.366064563E-01 2.430090933E-01 2.485852715E-01 2.533495846E-01 2.573307236E-01
 2.605701834E-01 2.631203530E-01 2.650420878E-01 2.664019593E-01 2.672694041E-01
 2.677140384E-01 2.678033498E-01 2.676009149E-01 2.671651771E-01 2.665487517E-01
 2.657981798E-01 2.649540085E-01 2.640511076E-01 2.631191103E-01 2.621829332E-01
 2.612633052E-01 2.603772736E-01 2.595386834E-01 2.587586003E-01 2.580456769E-01
 2.574064742E-01 2.568457262E-01 2.563665526E-01 2.559706364E-01 2.556583527E-01
 2.554288668E-01 2.552802041E-01 2.552092823E-01 2.552119341E-01 2.552829072E-01
 2.554158592E-01 2.556033417E-01 2.558368091E-01 2.561066281E-01 2.564021306E-01
 2.567117035E-01 2.570229244E-01 2.573227556E-01 2.575977912E-01 2.578345458E-01
 2.580197778E-01 2.581408258E-01 2.581859394E-01 2.581445926E-01 2.580077538E-01
 2.577681143E-01 2.574202623E-01 2.569607877E-01 2.563883348E-01 2.557035746E-01
 2.549091077E-01 2.540093073E-01 2.530100923E-01 2.519186500E-01 2.507431370E-01
 2.494923561E-01 2.481754550E-01 2.468016407E-01 2.453799448E-01 2.439190309E-01
-2.672365389E-01-2.763324562E-01-2.848422891E-01-2.927431869E-01-3.001090210E-01
-3.070762629E-01-3.137944022E-01-3.204308093E-01-3.249003066E-01-3.252822878E-01
-3.238809418E-01-3.210671542E-01-3.171000595E-01-3.121798362E-01-3.064683984E-01
-3.001002329E-01-2.931885881E-01-2.858289821E-01-2.781011298E-01-2.700699772E-01
-2.617864038E-01-2.532879779E-01-2.445999913E-01-2.357368393E-01-2.267036854E-01
-2.174982675E-01-2.081127142E-01-1.985352511E-01-1.887517120E-01-1.787468320E-01
-1.685053281E-01-1.580127718E-01-1.472562977E-01-1.362251711E-01-1.249112342E-01
-1.133092368E-01-1.014170618E-01-8.923582182E-02-7.676983700E-02-6.402648091E-02
-5.101591912E-02-3.775077557E-02-2.424578326E-02-1.051749055E-02 3.415905834E-03
 1.753454012E-02 3.181662632E-02 4.623795612E-02 6.077114714E-02 7.538466135E-02
 9.004163522E-02 1.046985888E-01 1.193041221E-01 1.337977467E-01 1.481090792E-01
 1.621576537E-01 1.758536460E-01 1.890997361E-01 2.017941478E-01 2.138347032E-01
 2.251234449E-01 2.355712793E-01 2.451021423E-01 2.536563790E-01 2.611932219E-01
 2.676924313E-01 2.731551408E-01 2.776039187E-01 2.810819522E-01 2.836512154E-01
 2.853895025E-01 2.863864110E-01 2.867385947E-01 2.865448232E-01 2.859014851E-01
 2.848990032E-01 2.836194266E-01 2.821351638E-01 2.805086530E-01 2.787927168E-01
 2.770313197E-01 2.752605320E-01 2.735095527E-01 2.718017034E-01 2.701553311E-01
 2.685846176E-01 2.671002590E-01 2.657100570E-01 2.644193955E-01 2.632316361E-01
 2.621484394E-01 2.611700161E-01 2.602953287E-01 2.595222348E-01 2.588476089E-01
 2.582674201E-01 2.577767844E-01 2.573700104E-01 2.570406147E-01 2.567813478E-01
 2.565842107E-01 2.564404764E-01 2.563407376E-01 2.562749608E-01 2.562325716E-01
 2.562025738E-01 2.561736960E-01 2.561345601E-01 2.560738886E-01 2.559807146E-01
 2.558446117E-01 2.556559088E-01 2.554059019E-01 2.550870361E-01 2.546930579E-01
 2.542191357E-01 2.536619331E-01 2.530196328E-01 2.522919282E-01 2.514799499E-01
 2.505861639E-01 2.496142232E-01 2.485687872E-01 2.474553268E-01 2.462799154E-01
 2.450490211E-01 2.437693169E-01 2.424475010E-01 2.410901526E-01-2.605310291E-01
-2.700753388E-01-2.795524955E-01-2.890099551E-01-2.985500762E-01-3.083297972E-01
-3.185604938E-01-3.295157547E-01-3.394257692E-01-3.432849348E-01-3.427164296E-01
-3.391075494E-01-3.343672873E-01-3.286488941E-01-3.221266742E-01-3.149502625E-01
-3.072491933E-01-2.991350861E-01-2.907020415E-01-2.820260847E-01-2.731645652E-01
-2.641562940E-01-2.550227611E-01-2.457703776E-01-2.363933494E-01-2.268767657E-01
-2.171995310E-01-2.073369009E-01-1.972625565E-01-1.869502003E-01-1.763747668E-01
-1.655133268E-01-1.543457762E-01-1.428553935E-01-1.310292826E-01-1.188587335E-01
-1.063394775E-01-9.347178201E-02-8.026035478E-02-6.671400529E-02-5.284506049E-02
-3.866859157E-02-2.420155977E-02-9.462036216E-03 5.531352088E-03 2.075962384E-02
 3.620322186E-02 5.184134110E-02 6.765081305E-02 8.360456482E-02 9.966967811E-02
 1.158050840E-01 1.319589733E-01 1.480660836E-01 1.640451702E-01 1.797972158E-01
 1.952051028E-01 2.101355948E-01 2.244441266E-01 2.379821836E-01 2.506060554E-01
 2.621853432E-01 2.726098191E-01 2.817941744E-01 2.896809408E-01 2.962421998E-01
 3.014806246E-01 3.054299826E-01 3.081548069E-01 3.097485463E-01 3.103294131E-01
 3.100335643E-01 3.090061803E-01 3.073919528E-01 3.053268464E-01 3.029324361E-01
 3.003131232E-01 2.975557286E-01 2.947306268E-01 2.918936819E-01 2.890884281E-01
 2.863481939E-01 2.836979973E-01 2.811561786E-01 2.787357464E-01 2.764454743E-01
 2.742907905E-01 2.722744708E-01 2.703971911E-01 2.686579601E-01 2.670544443E-01
 2.655832258E-01 2.642399923E-01 2.630196772E-01 2.619165629E-01 2.609243545E-01
 2.600362281E-01 2.592448695E-01 2.585424982E-01 2.579208872E-01 2.573713876E-01
 2.568849520E-01 2.564521813E-01 2.560633655E-01 2.557085620E-01 2.553776769E-01
 2.550605721E-01 2.547471898E-01 2.544276856E-01 2.540925762E-01 2.537328878E-01
 2.533403052E-01 2.529073052E-01 2.524272845E-01 2.518946580E-01 2.513049373E-01
 2.506547802E-01 2.499420087E-01 2.491655948E-01 2.483256187E-01 2.474231946E-01
 2.464603708E-01 2.454400157E-01 2.443656786E-01 2.432414534E-01 2.420718340E-01
 2.408615777E-01 2.396155772E-01 2.383387482E-01-2.546448176E-01-2.646478088E-01
-2.749198782E-01-2.855599425E-01-2.967132903E-01-3.085759676E-01-3.213953488E-01
-3.354649694E-01-3.486429588E-01-3.568995808E-01-3.608379563E-01-3.600172770E-01
-3.548386523E-01-3.476436934E-01-3.397575025E-01-3.312946922E-01-3.223929362E-01
-3.131787399E-01-3.037629877E-01-2.942350531E-01-2.846578511E-01-2.750660603E-01
-2.654681420E-01-2.558510778E-01-2.461862491E-01-2.364351439E-01-2.265541639E-01
-2.164982497E-01-2.062233776E-01-1.956881409E-01-1.848547142E-01-1.736894285E-01
-1.621631932E-01-1.502518714E-01-1.379366915E-01-1.252047039E-01-1.120492181E-01
-9.847010743E-02-8.447380516E-02-7.007281701E-02-5.528462711E-02-4.013005582E-02
-2.463130872E-02-8.810111135E-03 7.313682004E-03 2.372274822E-02 4.040215296E-02
 5.733844786E-02 7.451809806E-02 9.192529173E-02 1.095391186E-01 1.273300378E-01
 1.452555107E-01 1.632547255E-01 1.812425303E-01 1.991032119E-01 2.166857466E-01
 2.338033697E-01 2.502406997E-01 2.657693407E-01 2.801680978E-01 2.932409260E-01
 3.048279545E-01 3.148097254E-01 3.231076187E-01 3.296834482E-01 3.345400513E-01
 3.377233880E-01 3.393254686E-01 3.394859388E-01 3.383888215E-01 3.362510525E-01
 3.333029105E-01 3.297658554E-01 3.258353376E-01 3.216725314E-01 3.174038607E-01
 3.131249552E-01 3.089061292E-01 3.047977808E-01 3.008350177E-01 2.970413881E-01
 2.934317875E-01 2.900146769E-01 2.867937614E-01 2.837692470E-01 2.809387778E-01
 2.782981420E-01 2.758417779E-01 2.735631555E-01 2.714550496E-01 2.695097359E-01
 2.677191254E-01 2.660748615E-01 2.645683745E-01 2.631909267E-01 2.619336313E-01
 2.607874634E-01 2.597432652E-01 2.587917575E-01 2.579235429E-01 2.571291205E-01
 2.563989111E-01 2.557232929E-01 2.550926404E-01 2.544973899E-01 2.539281052E-01
 2.533755601E-01 2.528308331E-01 2.522853963E-01 2.517312169E-01 2.511608548E-01
 2.505675491E-01 2.499453007E-01 2.492889367E-01 2.485941612E-01 2.478575853E-01
 2.470767382E-01 2.462500569E-01 2.453768501E-01 2.444572560E-01 2.434921652E-01
 2.424831456E-01 2.414323470E-01 2.403424047E-01 2.392163361E-01 2.380574419E-01
 2.368692144E-01 2.356552474E-01-2.486103090E-01-2.588763175E-01-2.696094552E-01
-2.809366714E-01-2.930319293E-01-3.061272417E-01-3.205231158E-01-3.365862315E-01
-3.523974089E-01-3.635503437E-01-3.708615798E-01-3.739655488E-01-3.729662815E-01
-3.682986637E-01-3.590446854E-01-3.487825888E-01-3.382142422E-01-3.274926101E-01
-3.167690564E-01-3.061662199E-01-2.957581463E-01-2.855650363E-01-2.755619697E-01
-2.656931530E-01-2.558855058E-01-2.460593753E-01-2.361358968E-01-2.260412760E-01
-2.157087179E-01-2.050788643E-01-1.940995253E-01-1.827252168E-01-1.709168155E-01
-1.586415326E-01-1.458732610E-01-1.325933201E-01-1.187915186E-01-1.044673148E-01
-8.963064418E-02-7.430180648E-02-5.850975764E-02-4.228861651E-02-2.567299809E-02
-8.693482396E-03 8.626541252E-03 2.627214049E-02 4.423643546E-02 6.251904068E-02
 8.112378619E-02 1.000559107E-01 1.193186674E-01 1.389090500E-01 1.588121206E-01
 1.789931117E-01 1.993862155E-01 2.198789042E-01 2.402920290E-01 2.603615861E-01
 2.797396752E-01 2.980346710E-01 3.148778088E-01 3.299708773E-01 3.430957561E-01
 3.541029217E-01 3.628975609E-01 3.694309440E-01 3.736988661E-01 3.757475105E-01
 3.756868680E-01 3.737097490E-01 3.701066676E-01 3.652540760E-01 3.595586709E-01
 3.533844578E-01 3.470115738E-01 3.406358466E-01 3.343867310E-01 3.283464323E-01
 3.225647980E-01 3.170698016E-01 3.118747158E-01 3.069829816E-01 3.023915254E-01
 2.980930224E-01 2.940774524E-01 2.903331578E-01 2.868475654E-01 2.836076724E-01
 2.806003667E-01 2.778126330E-01 2.752316794E-01 2.728450021E-01 2.706404224E-01
 2.686060855E-01 2.667304489E-01 2.650022642E-01 2.634105432E-01 2.619445345E-01
 2.605936938E-01 2.593476623E-01 2.581962468E-01 2.571294174E-01 2.561373047E-01
 2.552102097E-01 2.543386257E-01 2.535132704E-01 2.527251254E-01 2.519654860E-01
 2.512260127E-01 2.504987955E-01 2.497764119E-01 2.490519877E-01 2.483192532E-01
 2.475725933E-01 2.468070884E-01 2.460185421E-01 2.452035029E-01 2.443592648E-01
 2.434838588E-01 2.425760256E-01 2.416351842E-01 2.406613769E-01 2.396552160E-01
 2.386178167E-01 2.375507223E-01 2.364558371E-01 2.353353477E-01 2.341916575E-01
 2.330273127E-01-2.418382737E-01-2.520742981E-01-2.628498396E-01-2.742883321E-01
-2.865549527E-01-2.998740623E-01-3.145669051E-01-3.311627450E-01-3.481763509E-01
-3.615559725E-01-3.718014174E-01-3.783771347E-01-3.809403574E-01-3.799715530E-01
-3.750461808E-01-3.663321867E-01-3.540865853E-01-3.412956767E-01-3.288074900E-01
-3.168757893E-01-3.055967911E-01-2.949266624E-01-2.847473037E-01-2.749092130E-01
-2.652562430E-01-2.556420115E-01-2.459386175E-01-2.360384007E-01-2.258516698E-01
-2.153031480E-01-2.043286561E-01-1.928725864E-01-1.808862839E-01-1.683273484E-01
-1.551598792E-01-1.413557295E-01-1.268968773E-01-1.117788952E-01-9.601501517E-02
-7.963925150E-02-6.270553114E-02-4.527995943E-02-2.742743468E-02-9.198951732E-03
 9.374904109E-03 2.828418290E-02 4.753647095E-02 6.715296061E-02 8.716480194E-02
 1.076099255E-01 1.285300834E-01 1.499676164E-01 1.719611993E-01 1.945393144E-01
 2.177090562E-01 2.414349920E-01 2.655953668E-01 2.898872257E-01 3.136766917E-01
 3.360717721E-01 3.563664785E-01 3.741722138E-01 3.892818208E-01 4.015739768E-01
 4.109704806E-01 4.174189266E-01 4.208890299E-01 4.213802719E-01 4.189456020E-01
 4.137474930E-01 4.061806186E-01 3.970220250E-01 3.872202995E-01 3.774212228E-01
 3.679418418E-01 3.589252457E-01 3.504303449E-01 3.424732050E-01 3.350471356E-01
 3.281332722E-01 3.217064923E-01 3.157388494E-01 3.102015876E-01 3.050663232E-01
 3.003057093E-01 2.958937830E-01 2.918061190E-01 2.880198559E-01 2.845136593E-01
 2.812676290E-01 2.782631956E-01 2.754830044E-01 2.729107915E-01 2.705312728E-01
 2.683300334E-01 2.662934257E-01 2.644084827E-01 2.626628350E-01 2.610446394E-01
 2.595425286E-01 2.581455568E-01 2.568431672E-01 2.556251693E-01 2.544817237E-01
 2.534033393E-01 2.523808788E-01 2.514055764E-01 2.504690579E-01 2.495633689E-01
 2.486810074E-01 2.478149571E-01 2.469587221E-01 2.461063593E-01 2.452525052E-01
 2.443924008E-01 2.435219038E-01 2.426375027E-01 2.417363068E-01 2.408160425E-01
 2.398750308E-01 2.389121586E-01 2.379268428E-01 2.369189866E-01 2.358889305E-01
 2.348374007E-01 2.337654543E-01 2.326744230E-01 2.315658591E-01 2.304414858E-01
-2.340704296E-01-2.439772372E-01-2.543930216E-01-2.654069386E-01-2.771272239E-01
-2.896804949E-01-3.032007165E-01-3.177735142E-01-3.332825229E-01-3.489239189E-01
-3.620998097E-01-3.717157665E-01-3.779017812E-01-3.811976350E-01-3.792926341E-01
-3.742756498E-01-3.657362621E-01-3.529531483E-01-3.380343052E-01-3.245819407E-01
-3.127286956E-01-3.020784399E-01-2.923057866E-01-2.830898697E-01-2.741301647E-01
-2.651847844E-01-2.560768741E-01-2.466779206E-01-2.368904637E-01-2.266361736E-01
-2.158483411E-01-2.044672638E-01-1.924375111E-01-1.797065727E-01-1.662247318E-01
-1.519463785E-01-1.368333712E-01-1.208616665E-01-1.040330885E-01-8.639354087E-02
-6.805055808E-02-4.916156044E-02-2.987578882E-02-1.028524876E-02 9.577696436E-03
 2.972318183E-02 5.018892918E-02 7.103107018E-02 9.231916342E-02 1.141338059E-01
 1.365658171E-01 1.597164151E-01 1.836980743E-01 2.086360227E-01 2.346707304E-01
 2.619629521E-01 2.907074031E-01 3.211900542E-01 3.541711685E-01 3.820752122E-01
 4.071665978E-01 4.287751299E-01 4.453148833E-01 4.593591899E-01 4.700314995E-01
 4.755435730E-01 4.784575993E-01 4.777904820E-01 4.715584630E-01 4.622791136E-01
 4.486998918E-01 4.300447781E-01 4.141752048E-01 3.998695888E-01 3.868934879E-01
 3.750898737E-01 3.643315922E-01 3.545094142E-01 3.455276601E-01 3.373019952E-01
 3.297579542E-01 3.228297428E-01 3.164591789E-01 3.105947466E-01 3.051907386E-01
 3.002065035E-01 2.956057689E-01 2.913560622E-01 2.874281982E-01 2.837958337E-01
 2.804350929E-01 2.773242274E-01 2.744433391E-01 2.717741311E-01 2.692996976E-01
 2.670043385E-01 2.648734098E-01 2.628931873E-01 2.610507563E-01 2.593339178E-01
 2.577311118E-01 2.562313540E-01 2.548241928E-01 2.534996680E-01 2.522482904E-01
 2.510610271E-01 2.499292932E-01 2.488449553E-01 2.478003413E-01 2.467882462E-01
 2.458019507E-01 2.448352333E-01 2.438823881E-01 2.429382363E-01 2.419981337E-01
 2.410579827E-01 2.401142235E-01 2.391638357E-01 2.382043252E-01 2.372337065E-01
 2.362504767E-01 2.352535923E-01 2.342424315E-01 2.332167564E-01 2.321766781E-01
 2.311226087E-01 2.300552242E-01 2.289754162E-01 2.278842582E-01-2.253140695E-01
-2.346574501E-01-2.444211558E-01-2.546531115E-01-2.654018961E-01-2.767092779E-01
-2.885968127E-01-3.010469641E-01-3.139888729E-01-3.273061548E-01-3.408593044E-01
-3.539614697E-01-3.634888744E-01-3.696143017E-01-3.718055798E-01-3.701133745E-01
-3.642577710E-01-3.538337274E-01-3.395656236E-01-3.263649216E-01-3.151829330E-01
-3.056808134E-01-2.975222909E-01-2.900972649E-01-2.826896488E-01-2.750089826E-01
-2.669221576E-01-2.583446813E-01-2.492118177E-01-2.394671592E-01-2.290568930E-01
-2.179264774E-01-2.060184901E-01-1.932711091E-01-1.796170515E-01-1.649830591E-01
-1.492904006E-01-1.324576930E-01-1.144097554E-01-9.510639016E-02-7.466633411E-02
-5.369754773E-02-3.266429998E-02-1.162381082E-02 9.474499325E-03 3.071422322E-02
 5.219327980E-02 7.401861865E-02 9.630567477E-02 1.191801080E-01 1.427810365E-01
 1.672656514E-01 1.928155281E-01 2.196455084E-01 2.480169317E-01 2.782589055E-01
 3.108044406E-01 3.462475234E-01 3.847659508E-01 4.180914239E-01 4.468448429E-01
 4.708564129E-01 4.897010853E-01 5.048548069E-01 5.157393327E-01 5.215876935E-01
 5.236484286E-01 5.210788472E-01 5.127921917E-01 4.997165618E-01 4.805179243E-01
 4.562488505E-01 4.354255079E-01 4.173249306E-01 4.014073104E-01 3.872862591E-01
 3.746739026E-01 3.633471545E-01 3.531281396E-01 3.438721710E-01 3.354598350E-01
 3.277914356E-01 3.207829330E-01 3.143628775E-01 3.084700451E-01 3.030515895E-01
 2.980615788E-01 2.934598220E-01 2.892109257E-01 2.852835288E-01 2.816496692E-01
 2.782842699E-01 2.751647082E-01 2.722704602E-01 2.695828056E-01 2.670845735E-01
 2.647599362E-01 2.625942352E-01 2.605738323E-01 2.586859889E-01 2.569187650E-01
 2.552609355E-01 2.537019239E-01 2.522317499E-01 2.508409909E-01 2.495207455E-01
 2.482626175E-01 2.470587026E-01 2.459015763E-01 2.447842929E-01 2.437003853E-01
 2.426438672E-01 2.416092357E-01 2.405914705E-01 2.395860389E-01 2.385888905E-01
 2.375964548E-01 2.366056323E-01 2.356137798E-01 2.346186991E-01 2.336186126E-01
 2.326121423E-01 2.315982823E-01 2.305763692E-01 2.295460529E-01 2.285072590E-01
 2.274601614E-01 2.264051423E-01 2.253427655E-01-2.157424216E-01-2.243798904E-01
-2.333333857E-01-2.426203423E-01-2.522526220E-01-2.622317566E-01-2.725432366E-01
-2.831512558E-01-2.939962889E-01-3.049973752E-01-3.160583023E-01-3.270746477E-01
-3.379500991E-01-3.478875485E-01-3.531948971E-01-3.546924422E-01-3.518923778E-01
-3.440646330E-01-3.319124503E-01-3.206038441E-01-3.113093866E-01-3.039713403E-01
-2.986782576E-01-2.945109601E-01-2.893189042E-01-2.832889816E-01-2.764932677E-01
-2.689549993E-01-2.606708283E-01-2.516180924E-01-2.417574952E-01-2.310366542E-01
-2.193969783E-01-2.067763491E-01-1.931016177E-01-1.782791033E-01-1.621877645E-01
-1.446711449E-01-1.255222632E-01-1.044486815E-01-8.098106323E-02-5.740678810E-02
-3.468016352E-02-1.243304593E-02 9.583256238E-03 3.156467644E-02 5.368095420E-02
 7.608947858E-02 9.894473460E-02 1.224061337E-01 1.466455231E-01 1.718552092E-01
 1.982572281E-01 2.261144735E-01 2.557440442E-01 2.875323034E-01 3.219488610E-01
 3.595521410E-01 4.001205202E-01 4.357810387E-01 4.662529191E-01 4.915274574E-01
 5.115674104E-01 5.272572807E-01 5.382671630E-01 5.442300032E-01 5.457392329E-01
 5.421476929E-01 5.327438623E-01 5.177856114E-01 4.962510814E-01 4.698887796E-01
 4.468386177E-01 4.268101355E-01 4.092983853E-01 3.938818949E-01 3.802187195E-01
 3.680342324E-01 3.571078174E-01 3.472612538E-01 3.383493838E-01 3.302528867E-01
 3.228727413E-01 3.161260037E-01 3.099425692E-01 3.042626765E-01 2.990349644E-01
 2.942149527E-01 2.897638335E-01 2.856475131E-01 2.818358393E-01 2.783019737E-01
 2.750218780E-01 2.719738978E-01 2.691384170E-01 2.664975646E-01 2.640349811E-01
 2.617356171E-01 2.595855658E-01 2.575719298E-01 2.556826986E-01 2.539066586E-01
 2.522333137E-01 2.506528237E-01 2.491559469E-01 2.477340064E-01 2.463788572E-01
 2.450828582E-01 2.438388596E-01 2.426401845E-01 2.414806250E-01 2.403544287E-01
 2.392562979E-01 2.381813835E-01 2.371252773E-01 2.360840076E-01 2.350540308E-01
 2.340322182E-01 2.330158496E-01 2.320025911E-01 2.309904835E-01 2.299779185E-01
 2.289636185E-01 2.279466125E-01 2.269262119E-01 2.259019807E-01 2.248737137E-01
 2.238414061E-01 2.228052253E-01-2.055956835E-01-2.134644636E-01-2.215518400E-01
-2.298563086E-01-2.383697605E-01-2.470748726E-01-2.559424578E-01-2.649292737E-01
-2.739767960E-01-2.830111549E-01-2.919438690E-01-3.006725195E-01-3.090803516E-01
-3.170342537E-01-3.244332954E-01-3.295456519E-01-3.302620220E-01-3.254333470E-01
-3.161526842E-01-3.073607007E-01-3.003246433E-01-2.950877863E-01-2.918127834E-01
-2.895007465E-01-2.858578638E-01-2.810749958E-01-2.752877706E-01-2.685777028E-01
-2.609837581E-01-2.525121917E-01-2.431430338E-01-2.328363100E-01-2.215400828E-01
-2.091934419E-01-1.957189897E-01-1.810122360E-01-1.649320993E-01-1.472889975E-01
-1.278273814E-01-1.062043340E-01-8.197815320E-02-5.765906680E-02-3.437468900E-02
-1.175250551E-02 1.050599203E-02 3.263968836E-02 5.484801818E-02 7.730784459E-02
 1.001863532E-01 1.236513238E-01 1.478801901E-01 1.730690331E-01 1.994424489E-01
 2.272650650E-01 2.568551497E-01 2.885998755E-01 3.229695178E-01 3.605232471E-01
 4.010558608E-01 4.366517320E-01 4.670778025E-01 4.923087398E-01 5.122853705E-01
 5.279318244E-01 5.389009199E-01 5.448025093E-01 5.462708468E-01 5.426414688E-01
 5.331787849E-01 5.181824919E-01 4.966127359E-01 4.701891960E-01 4.470938372E-01
 4.270182173E-01 4.094570895E-01 3.939889614E-01 3.802719993E-01 3.680317102E-01
 3.570476024E-01 3.471415472E-01 3.381684603E-01 3.300090713E-01 3.225643985E-01
 3.157515340E-01 3.095004021E-01 3.037512780E-01 2.984528384E-01 2.935606506E-01
 2.890359654E-01 2.848447601E-01 2.809569671E-01 2.773458500E-01 2.739874902E-01
 2.708603745E-01 2.679450436E-01 2.652238101E-01 2.626805166E-01 2.603003392E-01
 2.580696206E-01 2.559757272E-01 2.540069408E-01 2.521523533E-01 2.504017908E-01
 2.487457446E-01 2.471753183E-01 2.456821832E-01 2.442585386E-01 2.428970878E-01
 2.415910086E-01 2.403339425E-01 2.391199716E-01 2.379436115E-01 2.367997994E-01
 2.356838835E-01 2.345916152E-01 2.335191389E-01 2.324629834E-01 2.314200464E-01
 2.303875899E-01 2.293632175E-01 2.283448643E-01 2.273307790E-01 2.263195031E-01
 2.253098548E-01 2.243009048E-01 2.232919568E-01 2.222825271E-01 2.212723189E-01
 2.202612045E-01
 2.694912490E+00 2.708595430E+00 2.712402100E+00 2.718725610E+00 2.731642500E+00
 2.735093590E+00 2.741425250E+00 2.747278800E+00 2.754136100E+00 2.760522740E+00
 2.766866130E+00 2.774168380E+00 2.781015530E+00 2.787291900E+00 2.795137040E+00
 2.802071410E+00 2.809112710E+00 2.816455130E+00 2.824141690E+00 2.831517590E+00
 2.838895070E+00 2.846379890E+00 2.854506060E+00 2.861930240E+00 2.869702070E+00
 2.877476170E+00 2.885531770E+00 2.893546090E+00 2.901484940E+00 2.909575720E+00
 2.917718960E+00 2.926100170E+00 2.934422040E+00 2.942667290E+00 2.951114100E+00
 2.959643050E+00 2.968414260E+00 2.977102650E+00 2.985695560E+00 2.994553970E+00
 3.003471370E+00 3.012575620E+00 3.021667670E+00 3.030785480E+00 3.040046550E+00
 3.049371910E+00 3.058771860E+00 3.068431070E+00 3.078065840E+00 3.087730270E+00
 3.097577930E+00 3.107433140E+00 3.117482540E+00 3.127748410E+00 3.137979970E+00
 3.148281530E+00 3.158764110E+00 3.169319810E+00 3.180065170E+00 3.190986210E+00
 3.201943840E+00 3.213018390E+00 3.224244990E+00 3.235597700E+00 3.247121180E+00
 3.258877040E+00 3.270690260E+00 3.282652800E+00 3.294770700E+00 3.307072080E+00
 3.319539020E+00 3.332278080E+00 3.345141260E+00 3.358186110E+00 3.371367360E+00
 3.384799150E+00 3.398446960E+00 3.412357360E+00 3.426478490E+00 3.440869470E+00
 3.455384320E+00 3.470210020E+00 3.485316540E+00 3.500727500E+00 3.516404770E+00
 3.532502240E+00 3.548766970E+00 3.565379850E+00 3.582387300E+00 3.599753420E+00
 3.617505890E+00 3.635764640E+00 3.654338720E+00 3.673281890E+00 3.692824240E+00
 3.712822680E+00 3.733325500E+00 3.754531270E+00 3.776216500E+00 3.798401710E+00
 3.821452010E+00 3.845125810E+00 3.869670660E+00 3.895177480E+00 3.921397250E+00
 3.948737300E+00 3.977227630E+00 4.006879100E+00 4.038188090E+00 4.070967330E+00
 4.105164340E+00 4.141284930E+00 4.178968570E+00 4.219268890E+00 4.261729650E+00
 4.307059620E+00 4.355776500E+00 4.408091460E+00 4.465386630E+00 4.527004840E+00
 4.595729400E+00 4.672592360E+00 4.762157730E+00 4.867572350E+00 4.990278820E+00
 5.145842070E+00 5.369207390E+00 5.755220220E+00 7.325950350E+00
   88    6
 1.299127498E+00 0.000000000E+00 1.300390422E+00 5.194056194E-02 1.304547423E+00
 1.298514049E-01 1.311573911E+00 2.077622478E-01 1.317935871E+00 2.597028097E-01
 1.327892929E+00 3.329336937E-01 1.336005130E+00 3.895542146E-01 1.343829602E+00
 4.414947765E-01 1.354895393E+00 5.194056194E-01 1.362454740E+00 5.713461813E-01
 1.369655914E+00 6.232867433E-01 1.378570182E+00 7.011975862E-01 1.385067998E+00
 7.531381481E-01 1.390046086E+00 7.985493493E-01 1.438266623E+00 7.827592346E-01
 1.465860047E+00 7.716137177E-01 1.507250182E+00 7.563406307E-01 1.534843605E+00
 7.450757180E-01 1.576233741E+00 7.287188362E-01 1.603827164E+00 7.167809795E-01
 1.639297571E+00 7.011975862E-01 1.672810723E+00 6.861065187E-01 1.700404147E+00
 6.728116588E-01 1.741794282E+00 6.525398537E-01 1.769387705E+00 6.377923450E-01
 1.796981129E+00 6.224326171E-01 1.838371264E+00 5.986348966E-01 1.865964688E+00
 5.811395535E-01 1.893558111E+00 5.624461588E-01 1.921151535E+00 5.424955687E-01
 1.951570992E+00 5.194056194E-01 1.982464885E+00 4.934353384E-01 2.010915411E+00
 4.674650575E-01 2.037150288E+00 4.414947765E-01 2.061261741E+00 4.155244955E-01
 2.086712076E+00 3.846662046E-01 2.114305499E+00 3.477456773E-01 2.137697035E+00
 3.116433716E-01 2.155695635E+00 2.802705316E-01 2.179022339E+00 2.337325287E-01
 2.197085770E+00 1.898843822E-01 2.210882482E+00 1.466446871E-01 2.224679194E+00
 8.592466796E-02 2.231165562E+00 2.597028097E-02 2.229329962E+00-5.194056194E-02
 2.221298642E+00-1.038811239E-01 2.208275834E+00-1.558216858E-01 2.190237064E+00
-2.077622478E-01 2.169492347E+00-2.536617266E-01 2.152769885E+00-2.856730907E-01
 2.128102211E+00-3.269274492E-01 2.103135484E+00-3.635839336E-01 2.082832573E+00
-3.895542146E-01 2.059118652E+00-4.179558872E-01 2.031525229E+00-4.473197734E-01
 2.003931805E+00-4.741284093E-01 1.976338382E+00-4.988530434E-01 1.948744958E+00
-5.217308602E-01 1.917321375E+00-5.453759004E-01 1.880937687E+00-5.713461813E-01
 1.852167976E+00-5.898499785E-01 1.824574552E+00-6.068116728E-01 1.795491848E+00
-6.232867433E-01 1.755590994E+00-6.450768135E-01 1.727997570E+00-6.594626487E-01
 1.695435118E+00-6.752273052E-01 1.659014011E+00-6.922611138E-01 1.631420588E+00
-7.049322518E-01 1.590030452E+00-7.225389939E-01 1.562437029E+00-7.343822928E-01
 1.521046894E+00-7.504023026E-01 1.493453470E+00-7.617249982E-01 1.452063335E+00
-7.765926901E-01 1.424469911E+00-7.884403738E-01 1.390089061E+00-7.985619916E-01
 1.383079776E+00-7.430850835E-01 1.375827876E+00-6.752273052E-01 1.369283064E+00
-6.211532722E-01 1.358862645E+00-5.453759004E-01 1.351248148E+00-4.934353384E-01
 1.341689641E+00-4.280005894E-01 1.332336267E+00-3.635839336E-01 1.324772454E+00
-3.116433716E-01 1.314802733E+00-2.337325287E-01 1.308911012E+00-1.817919668E-01
 1.302789661E+00-1.038811239E-01 1.300009646E+00-5.194056194E-02 1.299127498E+00
 0.000000000E+00
 2.276239821E+00 8.125951015E-01 1.255718391E+00 8.125951015E-01 1.255718391E+00
-8.125951015E-01 2.276239821E+00-8.125951015E-01 2.276239821E+00 8.125951015E-01
 2.276239821E+00 8.125951015E-01
    0 1.792385008E+00    0
