  EFITD    07/09/2014    #     1     1ms           3 129 129
 0.170000000E+01 0.320000000E+01 0.170000000E+01 0.840000000E+00 0.000000000E+00
 0.175726300E+01-0.225198794E-03-0.229814965E+00-0.781384213E-01 0.200000000E+01
 0.627927236E+06-0.229814965E+00 0.000000000E+00 0.175726300E+01 0.000000000E+00
-0.225198794E-03 0.000000000E+00-0.781384213E-01 0.000000000E+00 0.000000000E+00
 0.338309981E+01 0.338393864E+01 0.338474032E+01 0.338550605E+01 0.338623688E+01
 0.338693385E+01 0.338759804E+01 0.338823052E+01 0.338883239E+01 0.338940471E+01
 0.338994857E+01 0.339046502E+01 0.339095521E+01 0.339142007E+01 0.339185988E+01
 0.339227558E+01 0.339266902E+01 0.339304172E+01 0.339339499E+01 0.339372999E+01
 0.339404779E+01 0.339434931E+01 0.339463540E+01 0.339490684E+01 0.339516433E+01
 0.339540853E+01 0.339564002E+01 0.339585937E+01 0.339606708E+01 0.339626365E+01
 0.339644952E+01 0.339662511E+01 0.339679081E+01 0.339694701E+01 0.339709405E+01
 0.339723228E+01 0.339736200E+01 0.339748352E+01 0.339759714E+01 0.339770311E+01
 0.339780172E+01 0.339789321E+01 0.339797781E+01 0.339805577E+01 0.339812731E+01
 0.339819264E+01 0.339825198E+01 0.339830551E+01 0.339835343E+01 0.339839594E+01
 0.339843321E+01 0.339846541E+01 0.339849273E+01 0.339851532E+01 0.339853335E+01
 0.339854697E+01 0.339855634E+01 0.339856160E+01 0.339856290E+01 0.339856038E+01
 0.339855419E+01 0.339854445E+01 0.339853130E+01 0.339851487E+01 0.339849529E+01
 0.339847267E+01 0.339844715E+01 0.339841885E+01 0.339838788E+01 0.339835436E+01
 0.339831840E+01 0.339828012E+01 0.339823962E+01 0.339819702E+01 0.339815243E+01
 0.339810595E+01 0.339805768E+01 0.339800774E+01 0.339795623E+01 0.339790325E+01
 0.339784890E+01 0.339779329E+01 0.339773652E+01 0.339767869E+01 0.339761990E+01
 0.339756027E+01 0.339749989E+01 0.339743887E+01 0.339737733E+01 0.339731537E+01
 0.339725312E+01 0.339719070E+01 0.339712824E+01 0.339706588E+01 0.339700378E+01
 0.339694210E+01 0.339688103E+01 0.339682078E+01 0.339676158E+01 0.339670372E+01
 0.339664751E+01 0.339659333E+01 0.339654162E+01 0.339649292E+01 0.339644787E+01
 0.339640723E+01 0.339637189E+01 0.339634293E+01 0.339632163E+01 0.339630945E+01
 0.339630808E+01 0.339631944E+01 0.339634566E+01 0.339638907E+01 0.339645220E+01
 0.339653777E+01 0.339664870E+01 0.339678808E+01 0.339695917E+01 0.339716506E+01
 0.339740813E+01 0.339768896E+01 0.339800480E+01 0.339834842E+01 0.339870769E+01
 0.339906511E+01 0.339940500E+01 0.339971897E+01 0.340000000E+01
 0.917657373E+05 0.900050470E+05 0.882820852E+05 0.865959881E+05 0.849458916E+05
 0.833309317E+05 0.817502445E+05 0.802029656E+05 0.786882319E+05 0.772051790E+05
 0.757529377E+05 0.743306698E+05 0.729374377E+05 0.715724972E+05 0.702356978E+05
 0.689262691E+05 0.676426419E+05 0.663835184E+05 0.651478035E+05 0.639344985E+05
 0.627427267E+05 0.615717023E+05 0.604207174E+05 0.592891293E+05 0.581763512E+05
 0.570818465E+05 0.560051242E+05 0.549457311E+05 0.539032462E+05 0.528772786E+05
 0.518674655E+05 0.508734674E+05 0.498949666E+05 0.489316656E+05 0.479832841E+05
 0.470495567E+05 0.461302339E+05 0.452250802E+05 0.443338723E+05 0.434563977E+05
 0.425924551E+05 0.417418525E+05 0.409044060E+05 0.400799407E+05 0.392682905E+05
 0.384692968E+05 0.376828063E+05 0.369086715E+05 0.361467515E+05 0.353969123E+05
 0.346590249E+05 0.339329645E+05 0.332186104E+05 0.325158465E+05 0.318245617E+05
 0.311446490E+05 0.304760047E+05 0.298185286E+05 0.291721234E+05 0.285366954E+05
 0.279121538E+05 0.272984114E+05 0.266953837E+05 0.261029887E+05 0.255211468E+05
 0.249497805E+05 0.243888147E+05 0.238381766E+05 0.232977958E+05 0.227676041E+05
 0.222475351E+05 0.217375243E+05 0.212375089E+05 0.207474274E+05 0.202672199E+05
 0.197968279E+05 0.193361944E+05 0.188852642E+05 0.184439830E+05 0.180122973E+05
 0.175901544E+05 0.171775021E+05 0.167742887E+05 0.163804623E+05 0.159959710E+05
 0.156207624E+05 0.152547841E+05 0.148979814E+05 0.145502969E+05 0.142116701E+05
 0.138820363E+05 0.135613253E+05 0.132494592E+05 0.129463518E+05 0.126519051E+05
 0.123660058E+05 0.120885206E+05 0.118192913E+05 0.115581287E+05 0.113048056E+05
 0.110590472E+05 0.108205176E+05 0.105888028E+05 0.103633948E+05 0.101436736E+05
 0.992888366E+04 0.971810571E+04 0.951022913E+04 0.930392847E+04 0.909764017E+04
 0.888954438E+04 0.867755926E+04 0.845934230E+04 0.823229643E+04 0.799357491E+04
 0.774007217E+04 0.746841027E+04 0.717492883E+04 0.685573768E+04 0.650699103E+04
 0.612556355E+04 0.571024277E+04 0.526353678E+04 0.479308103E+04 0.431230696E+04
 0.384110542E+04 0.339754076E+04 0.299150176E+04 0.263129038E+04
 0.244882143E+01 0.234147651E+01 0.223779109E+01 0.213714765E+01 0.203931405E+01
 0.194449469E+01 0.185269647E+01 0.176393730E+01 0.167821427E+01 0.159554807E+01
 0.151594107E+01 0.143918342E+01 0.136610425E+01 0.129462583E+01 0.122300977E+01
 0.115694181E+01 0.109581388E+01 0.103845580E+01 0.984711480E+00 0.934098910E+00
 0.886297242E+00 0.841030669E+00 0.798062451E+00 0.757198972E+00 0.718266951E+00
 0.681106710E+00 0.645581457E+00 0.611577988E+00 0.578996836E+00 0.547738964E+00
 0.517720725E+00 0.488869930E+00 0.461117984E+00 0.434399570E+00 0.408667222E+00
 0.383870069E+00 0.359956523E+00 0.336883629E+00 0.314617748E+00 0.293119897E+00
 0.272356383E+00 0.252300565E+00 0.232925931E+00 0.214201254E+00 0.196099362E+00
 0.178600929E+00 0.161689849E+00 0.145344813E+00 0.129543566E+00 0.114267174E+00
 0.995010822E-01 0.852331215E-01 0.714494193E-01 0.581343469E-01 0.452734221E-01
 0.328551311E-01 0.208700689E-01 0.930722305E-02-0.184311595E-02-0.125901157E-01
-0.229438739E-01-0.329144499E-01-0.425093148E-01-0.517351795E-01-0.605988972E-01
-0.691070184E-01-0.772657418E-01-0.850819356E-01-0.925622893E-01-0.997124198E-01
-0.106537021E+00-0.113040620E+00-0.119227393E+00-0.125101016E+00-0.130664827E+00
-0.135922370E+00-0.140877790E+00-0.145534402E+00-0.149893967E+00-0.153957438E+00
-0.157725789E+00-0.161199649E+00-0.164378683E+00-0.167261295E+00-0.169845196E+00
-0.172129205E+00-0.174109552E+00-0.175778114E+00-0.177124338E+00-0.178138262E+00
-0.178805081E+00-0.179105237E+00-0.179015965E+00-0.178509688E+00-0.177548903E+00
-0.176084975E+00-0.174056724E+00-0.171388296E+00-0.167987185E+00-0.163742093E+00
-0.158510708E+00-0.152109385E+00-0.144311085E+00-0.134848650E+00-0.123406076E+00
-0.109599947E+00-0.929704093E-01-0.730010447E-01-0.491222589E-01-0.207133670E-01
 0.128701851E-01 0.522542036E-01 0.980474307E-01 0.150811222E+00 0.211090733E+00
 0.279450238E+00 0.356452208E+00 0.442641016E+00 0.538226385E+00 0.642269456E+00
 0.751475423E+00 0.858918732E+00 0.952385703E+00 0.101841626E+01 0.104237030E+01
 0.100802279E+01 0.942055330E+00 0.859422389E+00 0.753197561E+00
-0.150195033E+07-0.146974657E+07-0.143827195E+07-0.140752643E+07-0.137751006E+07
-0.134822281E+07-0.131966448E+07-0.129183623E+07-0.126473452E+07-0.123836546E+07
-0.121273048E+07-0.118777646E+07-0.116372365E+07-0.114002588E+07-0.111622706E+07
-0.109382950E+07-0.107267924E+07-0.105247222E+07-0.103317007E+07-0.101464884E+07
-0.996826156E+06-0.979631291E+06-0.963003537E+06-0.946893282E+06-0.931256158E+06
-0.916051134E+06-0.901243062E+06-0.886802951E+06-0.872705375E+06-0.858924881E+06
-0.845439963E+06-0.832232100E+06-0.819283680E+06-0.806577872E+06-0.794102520E+06
-0.781844544E+06-0.769790620E+06-0.757929649E+06-0.746252997E+06-0.734750586E+06
-0.723413636E+06-0.712235253E+06-0.701208673E+06-0.690325713E+06-0.679579210E+06
-0.668964111E+06-0.658476282E+06-0.648110217E+06-0.637859924E+06-0.627720321E+06
-0.617687619E+06-0.607758687E+06-0.597929758E+06-0.588196616E+06-0.578555351E+06
-0.569002818E+06-0.559536446E+06-0.550153305E+06-0.540850717E+06-0.531626070E+06
-0.522476521E+06-0.513399270E+06-0.504392182E+06-0.495453329E+06-0.486580749E+06
-0.477772523E+06-0.469026754E+06-0.460341412E+06-0.451714515E+06-0.443144303E+06
-0.434629255E+06-0.426167987E+06-0.417759154E+06-0.409401475E+06-0.401093778E+06
-0.392834869E+06-0.384623272E+06-0.376457754E+06-0.368337611E+06-0.360262375E+06
-0.352231367E+06-0.344244094E+06-0.336300436E+06-0.328400574E+06-0.320544754E+06
-0.312732988E+06-0.304966117E+06-0.297246270E+06-0.289576278E+06-0.281958768E+06
-0.274397830E+06-0.266899050E+06-0.259469094E+06-0.252116212E+06-0.244851589E+06
-0.237689956E+06-0.230650131E+06-0.223755615E+06-0.217035239E+06-0.210524094E+06
-0.204267347E+06-0.198323487E+06-0.192765226E+06-0.187678853E+06-0.183167186E+06
-0.179355710E+06-0.176395772E+06-0.174458765E+06-0.173735931E+06-0.174437921E+06
-0.176786603E+06-0.181002339E+06-0.187304731E+06-0.195903776E+06-0.207010926E+06
-0.220851545E+06-0.237660010E+06-0.257678599E+06-0.281052909E+06-0.307562449E+06
-0.336211685E+06-0.364767626E+06-0.389183712E+06-0.404852537E+06-0.406598968E+06
-0.388696019E+06-0.359953378E+06-0.325360136E+06-0.282605402E+06
-0.116908031E+00-0.121054386E+00-0.125300973E+00-0.129648254E+00-0.134094517E+00
-0.138634981E+00-0.143260910E+00-0.147958910E+00-0.152710596E+00-0.157492668E+00
-0.162277255E+00-0.167032214E+00-0.171721049E+00-0.176302204E+00-0.180759072E+00
-0.184283745E+00-0.186378657E+00-0.186610246E+00-0.185489905E+00-0.184853942E+00
-0.184999298E+00-0.185985358E+00-0.187927273E+00-0.190410540E+00-0.192139036E+00
-0.193232360E+00-0.193778601E+00-0.193834633E+00-0.193432824E+00-0.192587499E+00
-0.191300483E+00-0.189565582E+00-0.187370336E+00-0.184694454E+00-0.181506799E+00
-0.177762208E+00-0.173397466E+00-0.168325167E+00-0.162424520E+00-0.155529951E+00
-0.147424427E+00-0.139350341E+00-0.132042292E+00-0.125322818E+00-0.119057335E+00
-0.113147373E+00-0.107520592E+00-0.102122737E+00-0.969120591E-01-0.918555688E-01
-0.869265143E-01-0.821026327E-01-0.773648969E-01-0.726965749E-01-0.680824788E-01
-0.635083276E-01-0.589601853E-01-0.544240250E-01-0.498926067E-01-0.454581144E-01
-0.411076262E-01-0.368404585E-01-0.326574261E-01-0.285363490E-01-0.244818401E-01
-0.204999082E-01-0.165723384E-01-0.127081932E-01-0.891841907E-02-0.518919013E-02
-0.153497209E-02 0.205994062E-02 0.569698123E-02 0.936946490E-02 0.130722425E-01
 0.168011362E-01 0.205527682E-01 0.243243474E-01 0.281134882E-01 0.319180699E-01
 0.357361297E-01 0.395657814E-01 0.434051525E-01 0.472523350E-01 0.511053462E-01
 0.549620976E-01 0.588203686E-01 0.626777857E-01 0.665318051E-01 0.703796983E-01
 0.742185412E-01 0.780452055E-01 0.818563530E-01 0.856484330E-01 0.894176827E-01
 0.931601304E-01 0.968716024E-01 0.100547734E+00 0.104183983E+00 0.107775649E+00
 0.111317895E+00 0.114805777E+00 0.118234271E+00 0.121598308E+00 0.124892817E+00
 0.128112762E+00 0.131253187E+00 0.134309267E+00 0.137276347E+00 0.140149999E+00
 0.142926062E+00 0.145600692E+00 0.148170401E+00 0.150632100E+00 0.152983128E+00
 0.155221286E+00 0.157344853E+00 0.159352608E+00 0.161243835E+00 0.163018323E+00
 0.164676365E+00 0.166218739E+00 0.167646694E+00 0.168961920E+00 0.170166522E+00
 0.171262983E+00 0.172254129E+00 0.173143084E+00 0.173933234E+00-0.121399567E+00
-0.125831767E+00-0.130397315E+00-0.135103255E+00-0.139954769E+00-0.144953481E+00
-0.150095464E+00-0.155369501E+00-0.160756441E+00-0.166230247E+00-0.171760322E+00
-0.177314014E+00-0.182874292E+00-0.187898850E+00-0.191595711E+00-0.193797124E+00
-0.194626418E+00-0.193793709E+00-0.191598284E+00-0.190018634E+00-0.189283343E+00
-0.189405285E+00-0.190467563E+00-0.192109069E+00-0.193130148E+00-0.193658057E+00
-0.193750732E+00-0.193436325E+00-0.192726534E+00-0.191621900E+00-0.190115426E+00
-0.188195651E+00-0.185847631E+00-0.183051153E+00-0.179777994E+00-0.175989501E+00
-0.171634021E+00-0.166642901E+00-0.160922914E+00-0.154338626E+00-0.146663381E+00
-0.139015002E+00-0.132023773E+00-0.125513866E+00-0.119379372E+00-0.113546544E+00
-0.107960125E+00-0.102577067E+00-0.973629249E-01-0.922895176E-01-0.873332878E-01
-0.824741074E-01-0.776943666E-01-0.729782523E-01-0.683111524E-01-0.636791586E-01
-0.590686772E-01-0.544662067E-01-0.498683304E-01-0.453596832E-01-0.409374826E-01
-0.365981284E-01-0.323378187E-01-0.281424160E-01-0.240131018E-01-0.199509037E-01
-0.159459958E-01-0.120041269E-01-0.813109283E-02-0.432157707E-02-0.586149064E-03
 0.309764097E-02 0.682372807E-02 0.105895802E-01 0.143903888E-01 0.182220116E-01
 0.220809749E-01 0.259643660E-01 0.298696944E-01 0.337947609E-01 0.377375466E-01
 0.416961237E-01 0.456685849E-01 0.496529863E-01 0.536473023E-01 0.576493878E-01
 0.616569479E-01 0.656675114E-01 0.696784093E-01 0.736867562E-01 0.776894346E-01
 0.816830831E-01 0.856640866E-01 0.896285702E-01 0.935723964E-01 0.974911661E-01
 0.101380223E+00 0.105234665E+00 0.109049356E+00 0.112818945E+00 0.116537895E+00
 0.120200510E+00 0.123800971E+00 0.127333379E+00 0.130791801E+00 0.134170321E+00
 0.137463098E+00 0.140664423E+00 0.143768776E+00 0.146770897E+00 0.149665837E+00
 0.152449023E+00 0.155116315E+00 0.157664051E+00 0.160089096E+00 0.162388879E+00
 0.164561421E+00 0.166605356E+00 0.168519938E+00 0.170305047E+00 0.171961173E+00
 0.173489403E+00 0.174891393E+00 0.176169329E+00 0.177325893E+00 0.178364209E+00
 0.179287798E+00 0.180100522E+00 0.180806533E+00-0.125690663E+00-0.130383792E+00
-0.135245404E+00-0.140293292E+00-0.145545541E+00-0.151017725E+00-0.156717937E+00
-0.162640084E+00-0.168759540E+00-0.175037050E+00-0.181430381E+00-0.187791402E+00
-0.192486727E+00-0.196213008E+00-0.198685976E+00-0.199697768E+00-0.199414833E+00
-0.197579794E+00-0.194567238E+00-0.192187082E+00-0.190596706E+00-0.189683850E+00
-0.189322697E+00-0.189246603E+00-0.189115315E+00-0.188790392E+00-0.188217998E+00
-0.187369360E+00-0.186224923E+00-0.184768422E+00-0.182984121E+00-0.180855322E+00
-0.178363489E+00-0.175487683E+00-0.172204232E+00-0.168486694E+00-0.164306378E+00
-0.159634126E+00-0.154445348E+00-0.148735439E+00-0.142581016E+00-0.136295892E+00
-0.130149436E+00-0.124203423E+00-0.118459443E+00-0.112902611E+00-0.107513364E+00
-0.102271558E+00-0.971580147E-01-0.921550271E-01-0.872464216E-01-0.824174119E-01
-0.776543628E-01-0.729445046E-01-0.682756123E-01-0.636356355E-01-0.590122698E-01
-0.543925247E-01-0.497728179E-01-0.452359839E-01-0.407792167E-01-0.363983038E-01
-0.320892461E-01-0.278388652E-01-0.236482041E-01-0.195179972E-01-0.154390411E-01
-0.114165253E-01-0.745564559E-02-0.355182560E-02 0.284115875E-03 0.407371095E-02
 0.790853788E-02 0.117852957E-01 0.156988906E-01 0.196453988E-01 0.236217564E-01
 0.276254802E-01 0.316544618E-01 0.357068210E-01 0.397807976E-01 0.438746706E-01
 0.479866938E-01 0.521150448E-01 0.562577826E-01 0.604128112E-01 0.645778487E-01
 0.687503998E-01 0.729277315E-01 0.771068513E-01 0.812844884E-01 0.854570770E-01
 0.896207430E-01 0.937712929E-01 0.979042075E-01 0.102014639E+00 0.106097411E+00
 0.110147031E+00 0.114157694E+00 0.118123314E+00 0.122037539E+00 0.125893794E+00
 0.129685316E+00 0.133405211E+00 0.137046502E+00 0.140602199E+00 0.144065368E+00
 0.147429204E+00 0.150687112E+00 0.153832783E+00 0.156860281E+00 0.159764114E+00
 0.162539314E+00 0.165181501E+00 0.167686943E+00 0.170052607E+00 0.172276195E+00
 0.174356171E+00 0.176291774E+00 0.178083015E+00 0.179730664E+00 0.181236222E+00
 0.182601886E+00 0.183830496E+00 0.184925482E+00 0.185890799E+00 0.186730858E+00
 0.187450458E+00 0.188054713E+00-0.129703104E+00-0.134604138E+00-0.139702719E+00
-0.145031432E+00-0.150629948E+00-0.156544602E+00-0.162823595E+00-0.169493891E+00
-0.176505207E+00-0.183536940E+00-0.189526059E+00-0.194435827E+00-0.198105485E+00
-0.200587056E+00-0.201718704E+00-0.201535528E+00-0.200210277E+00-0.197493450E+00
-0.194165254E+00-0.191515478E+00-0.189464476E+00-0.187873240E+00-0.186614998E+00
-0.185554868E+00-0.184561169E+00-0.183527017E+00-0.182375980E+00-0.181054941E+00
-0.179525782E+00-0.177759512E+00-0.175732591E+00-0.173424715E+00-0.170817577E+00
-0.167894327E+00-0.164639668E+00-0.161040696E+00-0.157088792E+00-0.152783192E+00
-0.148137134E+00-0.143187195E+00-0.138002288E+00-0.132678479E+00-0.127310614E+00
-0.121966759E+00-0.116685829E+00-0.111486214E+00-0.106373898E+00-0.101347774E+00
-0.964028223E-01-0.915319608E-01-0.867271037E-01-0.819797539E-01-0.772813131E-01
-0.726232129E-01-0.679969150E-01-0.633937695E-01-0.588045955E-01-0.542184177E-01
-0.496267001E-01-0.451108923E-01-0.406569481E-01-0.362641186E-01-0.319333623E-01
-0.276463143E-01-0.234075338E-01-0.192216398E-01-0.150725858E-01-0.109676213E-01
-0.691454179E-02-0.290055583E-02 0.106074390E-02 0.498063942E-02 0.894786443E-02
 0.129534995E-01 0.169934405E-01 0.210653678E-01 0.251676407E-01 0.292989115E-01
 0.334579564E-01 0.376435833E-01 0.418545720E-01 0.460896273E-01 0.503473413E-01
 0.546261586E-01 0.589243459E-01 0.632399621E-01 0.675708310E-01 0.719145145E-01
 0.762682870E-01 0.806291119E-01 0.849936177E-01 0.893580777E-01 0.937183906E-01
 0.980700641E-01 0.102408202E+00 0.106727497E+00 0.111022224E+00 0.115286246E+00
 0.119513021E+00 0.123695624E+00 0.127826770E+00 0.131898851E+00 0.135903988E+00
 0.139834084E+00 0.143680895E+00 0.147436110E+00 0.151091438E+00 0.154638705E+00
 0.158069956E+00 0.161377561E+00 0.164554322E+00 0.167593577E+00 0.170489301E+00
 0.173236194E+00 0.175829765E+00 0.178266398E+00 0.180543400E+00 0.182659038E+00
 0.184612551E+00 0.186404150E+00 0.188034994E+00 0.189507149E+00 0.190823538E+00
 0.191987868E+00 0.193004557E+00 0.193878638E+00 0.194615675E+00 0.195221662E+00
 0.195702931E+00-0.133384487E+00-0.138407892E+00-0.143636120E+00-0.149114042E+00
-0.154902221E+00-0.161083574E+00-0.167778189E+00-0.175190059E+00-0.182524663E+00
-0.188626836E+00-0.193564619E+00-0.197455630E+00-0.199644115E+00-0.200744319E+00
-0.200601944E+00-0.198950616E+00-0.196322572E+00-0.193597139E+00-0.191028768E+00
-0.188699920E+00-0.186633914E+00-0.184804764E+00-0.183159616E+00-0.181633065E+00
-0.180156750E+00-0.178666743E+00-0.177107866E+00-0.175434728E+00-0.173610725E+00
-0.171606349E+00-0.169397584E+00-0.166964695E+00-0.164291490E+00-0.161365047E+00
-0.158175931E+00-0.154718939E+00-0.150994408E+00-0.147010088E+00-0.142783314E+00
-0.138342712E+00-0.133727899E+00-0.128985720E+00-0.124163547E+00-0.119302741E+00
-0.114435162E+00-0.109582924E+00-0.104759919E+00-0.999738080E-01-0.952278038E-01
-0.905220665E-01-0.858547272E-01-0.812226165E-01-0.766217819E-01-0.720478655E-01
-0.674964120E-01-0.629631893E-01-0.584447030E-01-0.539395458E-01-0.494528738E-01
-0.449979605E-01-0.405816939E-01-0.362044912E-01-0.318649052E-01-0.275610010E-01
-0.232907869E-01-0.190523561E-01-0.148439139E-01-0.106637216E-01-0.650988466E-02
-0.237977181E-02 0.173191956E-02 0.583902994E-02 0.996075514E-02 0.141066168E-01
 0.182801550E-01 0.224829442E-01 0.267157145E-01 0.309787257E-01 0.352719202E-01
 0.395949913E-01 0.439474124E-01 0.483284457E-01 0.527371371E-01 0.571723049E-01
 0.616325224E-01 0.661160970E-01 0.706210470E-01 0.751450761E-01 0.796855466E-01
 0.842394525E-01 0.888033909E-01 0.933735352E-01 0.979456087E-01 0.102514859E+00
 0.107076039E+00 0.111623386E+00 0.116150612E+00 0.120650895E+00 0.125116888E+00
 0.129540727E+00 0.133914055E+00 0.138228066E+00 0.142473549E+00 0.146640963E+00
 0.150720514E+00 0.154702255E+00 0.158576200E+00 0.162332446E+00 0.165961308E+00
 0.169453462E+00 0.172800086E+00 0.175993004E+00 0.179024821E+00 0.181889049E+00
 0.184580217E+00 0.187093959E+00 0.189427089E+00 0.191577641E+00 0.193544888E+00
 0.195329338E+00 0.196932693E+00 0.198357802E+00 0.199608570E+00 0.200689871E+00
 0.201607430E+00 0.202367705E+00 0.202977755E+00 0.203445118E+00 0.203777676E+00
-0.136744815E+00-0.141782604E+00-0.146993810E+00-0.152424003E+00-0.158136475E+00
-0.164216209E+00-0.170773286E+00-0.177939313E+00-0.184765459E+00-0.190026864E+00
-0.193838626E+00-0.196301802E+00-0.197287337E+00-0.196914760E+00-0.195198357E+00
-0.193167584E+00-0.191058314E+00-0.188927297E+00-0.186826055E+00-0.184793854E+00
-0.182850998E+00-0.180997550E+00-0.179216849E+00-0.177480867E+00-0.175755443E+00
-0.174004592E+00-0.172193585E+00-0.170290771E+00-0.168268372E+00-0.166102613E+00
-0.163773537E+00-0.161264756E+00-0.158563279E+00-0.155659519E+00-0.152547498E+00
-0.149225266E+00-0.145695483E+00-0.141966050E+00-0.138050576E+00-0.133968353E+00
-0.129743516E+00-0.125403267E+00-0.120975460E+00-0.116486193E+00-0.111958041E+00
-0.107409206E+00-0.102853456E+00-0.983005718E-01-0.937570052E-01-0.892265816E-01
-0.847111377E-01-0.802110726E-01-0.757258122E-01-0.712542142E-01-0.667949459E-01
-0.623468861E-01-0.579095982E-01-0.534838552E-01-0.490719040E-01-0.446768411E-01
-0.403012694E-01-0.359465019E-01-0.316126457E-01-0.272989713E-01-0.230042038E-01
-0.187266798E-01-0.144643815E-01-0.102148568E-01-0.597500363E-02-0.174070138E-02
 0.249362256E-02 0.673501221E-02 0.109909464E-01 0.152678331E-01 0.195703798E-01
 0.239018215E-01 0.282643379E-01 0.326593712E-01 0.370878278E-01 0.415501980E-01
 0.460466259E-01 0.505769460E-01 0.551406992E-01 0.597371351E-01 0.643652031E-01
 0.690235373E-01 0.737104344E-01 0.784238284E-01 0.831612604E-01 0.879198463E-01
 0.926962419E-01 0.974866071E-01 0.102286569E+00 0.107091184E+00 0.111894908E+00
 0.116691560E+00 0.121474298E+00 0.126235603E+00 0.130967263E+00 0.135660383E+00
 0.140305398E+00 0.144892109E+00 0.149409734E+00 0.153846989E+00 0.158192179E+00
 0.162433326E+00 0.166558304E+00 0.170555007E+00 0.174411526E+00 0.178116336E+00
 0.181658499E+00 0.185027852E+00 0.188215201E+00 0.191212496E+00 0.194012979E+00
 0.196611315E+00 0.199003687E+00 0.201187854E+00 0.203163177E+00 0.204930603E+00
 0.206492611E+00 0.207853130E+00 0.209017423E+00 0.209991942E+00 0.210784174E+00
 0.211402464E+00 0.211855842E+00 0.212153843E+00 0.212306337E+00-0.139893878E+00
-0.144842795E+00-0.149886055E+00-0.155058025E+00-0.160411158E+00-0.166017452E+00
-0.171968131E+00-0.178371715E+00-0.184207826E+00-0.188346889E+00-0.190878066E+00
-0.191929495E+00-0.191343254E+00-0.190244121E+00-0.188916302E+00-0.187408385E+00
-0.185768458E+00-0.184039927E+00-0.182259778E+00-0.180456416E+00-0.178647974E+00
-0.176841863E+00-0.175035709E+00-0.173219292E+00-0.171376889E+00-0.169489571E+00
-0.167537153E+00-0.165499671E+00-0.163358392E+00-0.161096444E+00-0.158699181E+00
-0.156154394E+00-0.153452476E+00-0.150586570E+00-0.147552769E+00-0.144350322E+00
-0.140981856E+00-0.137453515E+00-0.133774943E+00-0.129959007E+00-0.126021194E+00
-0.121978700E+00-0.117849329E+00-0.113650385E+00-0.109397751E+00-0.105105274E+00
-0.100784473E+00-0.964445255E-01-0.920924380E-01-0.877333272E-01-0.833707443E-01
-0.790070065E-01-0.746435152E-01-0.702810554E-01-0.659200762E-01-0.615609495E-01
-0.572041930E-01-0.528506116E-01-0.485012913E-01-0.441574123E-01-0.398199561E-01
-0.354894576E-01-0.311658949E-01-0.268486919E-01-0.225367687E-01-0.182285847E-01
-0.139221498E-01-0.961499651E-02-0.530412222E-02-0.985934081E-03 0.334373881E-02
 0.768948568E-02 0.120559884E-01 0.164476400E-01 0.208682692E-01 0.253210383E-01
 0.298084669E-01 0.343325100E-01 0.388946398E-01 0.434959134E-01 0.481370205E-01
 0.528183126E-01 0.575398177E-01 0.623012422E-01 0.671019629E-01 0.719410108E-01
 0.768170471E-01 0.817283339E-01 0.866726988E-01 0.916474950E-01 0.966495564E-01
 0.101675150E+00 0.106719927E+00 0.111778865E+00 0.116846223E+00 0.121915485E+00
 0.126979314E+00 0.132029513E+00 0.137056993E+00 0.142051756E+00 0.147002898E+00
 0.151898629E+00 0.156726323E+00 0.161472601E+00 0.166123435E+00 0.170664305E+00
 0.175080371E+00 0.179356689E+00 0.183478452E+00 0.187431247E+00 0.191201330E+00
 0.194775898E+00 0.198143357E+00 0.201293566E+00 0.204218057E+00 0.206910212E+00
 0.209365399E+00 0.211581053E+00 0.213556707E+00 0.215293963E+00 0.216796414E+00
 0.218069516E+00 0.219120413E+00 0.219957732E+00 0.220591353E+00 0.221032161E+00
 0.221291794E+00 0.221382402E+00 0.221316414E+00-0.143066565E+00-0.147864018E+00
-0.152622615E+00-0.157355962E+00-0.162101025E+00-0.166917790E+00-0.171888081E+00
-0.177116958E+00-0.181674416E+00-0.184229395E+00-0.185152670E+00-0.185183886E+00
-0.184828679E+00-0.184146957E+00-0.183199460E+00-0.182038096E+00-0.180707395E+00
-0.179245169E+00-0.177682575E+00-0.176043875E+00-0.174346254E+00-0.172599937E+00
-0.170808746E+00-0.168971027E+00-0.167080837E+00-0.165129196E+00-0.163105268E+00
-0.160997398E+00-0.158793938E+00-0.156483892E+00-0.154057388E+00-0.151506035E+00
-0.148823193E+00-0.146004180E+00-0.143046455E+00-0.139949741E+00-0.136716116E+00
-0.133350009E+00-0.129858093E+00-0.126249047E+00-0.122533167E+00-0.118721858E+00
-0.114827057E+00-0.110860646E+00-0.106833935E+00-0.102757261E+00-0.986397351E-01
-0.944891183E-01-0.903118235E-01-0.861129980E-01-0.818966633E-01-0.776658863E-01
-0.734229626E-01-0.691695992E-01-0.649070861E-01-0.606364464E-01-0.563585509E-01
-0.520741848E-01-0.477840538E-01-0.434887342E-01-0.391885894E-01-0.348836842E-01
-0.305737245E-01-0.262580262E-01-0.219355085E-01-0.176046964E-01-0.132637252E-01
-0.891034246E-02-0.454191607E-02-0.155458576E-03 0.425231345E-02 0.868487542E-02
 0.131457525E-01 0.176383662E-01 0.221659035E-01 0.267312312E-01 0.313368559E-01
 0.359849176E-01 0.406772017E-01 0.454151561E-01 0.501999069E-01 0.550322675E-01
 0.599127411E-01 0.648415142E-01 0.698184428E-01 0.748430314E-01 0.799144034E-01
 0.850312659E-01 0.901918661E-01 0.953939420E-01 0.100634666E+00 0.105910581E+00
 0.111217534E+00 0.116550603E+00 0.121904016E+00 0.127271078E+00 0.132644089E+00
 0.138014271E+00 0.143371707E+00 0.148705282E+00 0.154002661E+00 0.159250279E+00
 0.164433378E+00 0.169536073E+00 0.174541481E+00 0.179431888E+00 0.184188984E+00
 0.188794133E+00 0.193228706E+00 0.197474440E+00 0.201513821E+00 0.205330475E+00
 0.208909548E+00 0.212238065E+00 0.215305238E+00 0.218102727E+00 0.220624828E+00
 0.222868591E+00 0.224833855E+00 0.226523208E+00 0.227941857E+00 0.229097435E+00
 0.229999744E+00 0.230660445E+00 0.231092714E+00 0.231310886E+00 0.231330097E+00
 0.231165940E+00 0.230834152E+00-0.146642555E+00-0.151314560E+00-0.155738097E+00
-0.159895122E+00-0.163813915E+00-0.167554670E+00-0.171185386E+00-0.174781894E+00
-0.177395763E+00-0.178685105E+00-0.179384526E+00-0.179604251E+00-0.179433117E+00
-0.178940026E+00-0.178180663E+00-0.177201104E+00-0.176039862E+00-0.174729030E+00
-0.173294899E+00-0.171758292E+00-0.170134818E+00-0.168435172E+00-0.166665564E+00
-0.164828284E+00-0.162922388E+00-0.160944431E+00-0.158889206E+00-0.156750427E+00
-0.154521345E+00-0.152195256E+00-0.149765931E+00-0.147227954E+00-0.144576995E+00
-0.141810014E+00-0.138925423E+00-0.135923184E+00-0.132804853E+00-0.129573566E+00
-0.126233939E+00-0.122791908E+00-0.119254484E+00-0.115629457E+00-0.111925060E+00
-0.108149637E+00-0.104311330E+00-0.100417821E+00-0.964761409E-01-0.924925468E-01
-0.884724692E-01-0.844205135E-01-0.803405053E-01-0.762355645E-01-0.721081981E-01
-0.679603980E-01-0.637937370E-01-0.596094531E-01-0.554085159E-01-0.511916689E-01
-0.469594451E-01-0.427121611E-01-0.384498934E-01-0.341724509E-01-0.298793486E-01
-0.255697902E-01-0.212426599E-01-0.168965212E-01-0.125296233E-01-0.813991337E-02
-0.372505807E-02 0.717522547E-03 0.519060557E-02 0.969709978E-02 0.142399684E-01
 0.188221491E-01 0.234464801E-01 0.281156420E-01 0.328321160E-01 0.375981583E-01
 0.424157864E-01 0.472867710E-01 0.522126307E-01 0.571946261E-01 0.622337488E-01
 0.673307072E-01 0.724859054E-01 0.776994150E-01 0.829709408E-01 0.882997772E-01
 0.936847574E-01 0.991241929E-01 0.104615804E+00 0.110156641E+00 0.115742994E+00
 0.121370296E+00 0.127033012E+00 0.132724528E+00 0.138437026E+00 0.144161367E+00
 0.149886967E+00 0.155601696E+00 0.161291785E+00 0.166941772E+00 0.172534492E+00
 0.178051118E+00 0.183471279E+00 0.188773254E+00 0.193934254E+00 0.198930793E+00
 0.203739130E+00 0.208335787E+00 0.212698097E+00 0.216804773E+00 0.220636466E+00
 0.224176282E+00 0.227410239E+00 0.230327640E+00 0.232921347E+00 0.235187948E+00
 0.237127808E+00 0.238744991E+00 0.240047077E+00 0.241044857E+00 0.241751937E+00
 0.242184275E+00 0.242359659E+00 0.242297177E+00 0.242016698E+00 0.241538383E+00
 0.240882260E+00-0.151187085E+00-0.155959024E+00-0.160100076E+00-0.163539713E+00
-0.166361707E+00-0.168752523E+00-0.170845381E+00-0.172628646E+00-0.173983602E+00
-0.174859993E+00-0.175306260E+00-0.175383022E+00-0.175143517E+00-0.174633158E+00
-0.173890774E+00-0.172949669E+00-0.171838354E+00-0.170581028E+00-0.169197886E+00
-0.167705338E+00-0.166116197E+00-0.164439905E+00-0.162682803E+00-0.160848479E+00
-0.158938174E+00-0.156951223E+00-0.154885519E+00-0.152737955E+00-0.150504855E+00
-0.148182339E+00-0.145766662E+00-0.143254486E+00-0.140643105E+00-0.137930629E+00
-0.135116113E+00-0.132199639E+00-0.129182361E+00-0.126066486E+00-0.122855222E+00
-0.119552668E+00-0.116163665E+00-0.112693619E+00-0.109148297E+00-0.105533626E+00
-0.101855495E+00-0.981195897E-01-0.943312504E-01-0.904953735E-01-0.866163489E-01
-0.826980316E-01-0.787437423E-01-0.747562911E-01-0.707380153E-01-0.666908258E-01
-0.626162566E-01-0.585155095E-01-0.543894924E-01-0.502388463E-01-0.460639615E-01
-0.418649829E-01-0.376418072E-01-0.333940764E-01-0.291211695E-01-0.248221975E-01
-0.204960010E-01-0.161411536E-01-0.117559695E-01-0.733851802E-02-0.288664397E-02
 0.160200388E-02 0.612993707E-02 0.106997846E-01 0.153142459E-01 0.199760416E-01
 0.246878685E-01 0.294523581E-01 0.342720433E-01 0.391493324E-01 0.440864881E-01
 0.490856117E-01 0.541486279E-01 0.592772704E-01 0.644730644E-01 0.697373061E-01
 0.750710372E-01 0.804750120E-01 0.859496589E-01 0.914950313E-01 0.971107500E-01
 0.102795934E+00 0.108549119E+00 0.114368163E+00 0.120250133E+00 0.126191182E+00
 0.132186404E+00 0.138229673E+00 0.144313470E+00 0.150428691E+00 0.156564455E+00
 0.162707904E+00 0.168844022E+00 0.174955482E+00 0.181022539E+00 0.187023001E+00
 0.192932302E+00 0.198723693E+00 0.204368580E+00 0.209837014E+00 0.215098314E+00
 0.220121808E+00 0.224877653E+00 0.229337683E+00 0.233476236E+00 0.237270919E+00
 0.240703278E+00 0.243759341E+00 0.246430012E+00 0.248711319E+00 0.250604479E+00
 0.252115793E+00 0.253256358E+00 0.254041608E+00 0.254490699E+00 0.254625784E+00
 0.254471214E+00 0.254052725E+00 0.253396665E+00 0.252529292E+00 0.251476198E+00
-0.157624647E+00-0.163304915E+00-0.167353564E+00-0.169768992E+00-0.170395010E+00
-0.170907026E+00-0.171503621E+00-0.172031077E+00-0.172407503E+00-0.172582575E+00
-0.172535391E+00-0.172265973E+00-0.171785621E+00-0.171110629E+00-0.170258891E+00
-0.169248156E+00-0.168095095E+00-0.166814795E+00-0.165420469E+00-0.163923307E+00
-0.162332422E+00-0.160654872E+00-0.158895760E+00-0.157058391E+00-0.155144488E+00
-0.153154437E+00-0.151087563E+00-0.148942410E+00-0.146717013E+00-0.144409159E+00
-0.142016620E+00-0.139537355E+00-0.136969688E+00-0.134312445E+00-0.131565057E+00
-0.128727632E+00-0.125800990E+00-0.122786660E+00-0.119686854E+00-0.116504394E+00
-0.113242627E+00-0.109905314E+00-0.106496504E+00-0.103020407E+00-0.994812658E-01
-0.958832462E-01-0.922303352E-01-0.885262644E-01-0.847744534E-01-0.809779730E-01
-0.771395284E-01-0.732614563E-01-0.693457350E-01-0.653940009E-01-0.614075703E-01
-0.573874607E-01-0.533344108E-01-0.492488967E-01-0.451311435E-01-0.409811316E-01
-0.367986005E-01-0.325830492E-01-0.283337359E-01-0.240496793E-01-0.197296603E-01
-0.153722277E-01-0.109757064E-01-0.653821009E-02-0.205765802E-02 0.246820420E-02
 0.704177940E-02 0.116655904E-01 0.163422493E-01 0.210744264E-01 0.258648196E-01
 0.307161268E-01 0.356310198E-01 0.406121238E-01 0.456619971E-01 0.507831153E-01
 0.559778538E-01 0.612484724E-01 0.665970954E-01 0.720256907E-01 0.775360427E-01
 0.831297200E-01 0.888080350E-01 0.945719948E-01 0.100422241E+00 0.106358974E+00
 0.112381869E+00 0.118489964E+00 0.124681533E+00 0.130953936E+00 0.137303441E+00
 0.143725011E+00 0.150212068E+00 0.156756219E+00 0.163346953E+00 0.169971318E+00
 0.176613582E+00 0.183254906E+00 0.189873065E+00 0.196442240E+00 0.202932962E+00
 0.209312234E+00 0.215543897E+00 0.221589273E+00 0.227408057E+00 0.232959440E+00
 0.238203368E+00 0.243101852E+00 0.247620225E+00 0.251728276E+00 0.255401222E+00
 0.258620481E+00 0.261374239E+00 0.263657804E+00 0.265473724E+00 0.266831661E+00
 0.267747973E+00 0.268245026E+00 0.268350229E+00 0.268094877E+00 0.267512860E+00
 0.266639381E+00 0.265509764E+00 0.264158441E+00 0.262618171E+00-0.162648052E+00
-0.168784055E+00-0.172719344E+00-0.174410247E+00-0.173798096E+00-0.173020443E+00
-0.172478615E+00-0.172035400E+00-0.171603514E+00-0.171123552E+00-0.170557496E+00
-0.169883466E+00-0.169091094E+00-0.168177699E+00-0.167145410E+00-0.165999136E+00
-0.164745188E+00-0.163390334E+00-0.161941184E+00-0.160403771E+00-0.158783295E+00
-0.157083980E+00-0.155309015E+00-0.153460577E+00-0.151539896E+00-0.149547373E+00
-0.147482717E+00-0.145345106E+00-0.143133355E+00-0.140846075E+00-0.138481831E+00
-0.136039283E+00-0.133517303E+00-0.130915084E+00-0.128232209E+00-0.125468713E+00
-0.122625108E+00-0.119702390E+00-0.116702024E+00-0.113625903E+00-0.110476296E+00
-0.107255778E+00-0.103967148E+00-0.100613351E+00-0.971973917E-01-0.937222591E-01
-0.901908531E-01-0.866059272E-01-0.829700410E-01-0.792855245E-01-0.755544552E-01
-0.717786444E-01-0.679596326E-01-0.640986908E-01-0.601968260E-01-0.562547889E-01
-0.522730826E-01-0.482519700E-01-0.441914801E-01-0.400914131E-01-0.359513439E-01
-0.317706241E-01-0.275483844E-01-0.232835374E-01-0.189747810E-01-0.146206040E-01
-0.102192932E-01-0.576894332E-02-0.126746906E-02 0.328737997E-02 0.789800261E-02
 0.125669274E-01 0.172967931E-01 0.220903283E-01 0.269503323E-01 0.318796559E-01
 0.368811851E-01 0.419578247E-01 0.471124848E-01 0.523480670E-01 0.576674520E-01
 0.630734852E-01 0.685689619E-01 0.741566085E-01 0.798390606E-01 0.856188348E-01
 0.914982935E-01 0.974796008E-01 0.103564666E+00 0.109755075E+00 0.116052001E+00
 0.122456097E+00 0.128967361E+00 0.135584969E+00 0.142307071E+00 0.149130541E+00
 0.156050676E+00 0.163060832E+00 0.170151995E+00 0.177312284E+00 0.184526388E+00
 0.191774962E+00 0.199034007E+00 0.206274315E+00 0.213461063E+00 0.220553682E+00
 0.227506144E+00 0.234267758E+00 0.240784507E+00 0.247000857E+00 0.252861824E+00
 0.258315102E+00 0.263313019E+00 0.267814203E+00 0.271784918E+00 0.275200083E+00
 0.278044036E+00 0.280311050E+00 0.282005587E+00 0.283142237E+00 0.283745225E+00
 0.283847424E+00 0.283488837E+00 0.282714644E+00 0.281573016E+00 0.280112948E+00
 0.278382359E+00 0.276426617E+00 0.274287532E+00-0.165531402E+00-0.171630204E+00
-0.175397072E+00-0.176700136E+00-0.175799910E+00-0.174379685E+00-0.173131405E+00
-0.172016582E+00-0.170977332E+00-0.169966427E+00-0.168947808E+00-0.167895382E+00
-0.166791301E+00-0.165624150E+00-0.164387303E+00-0.163077536E+00-0.161693928E+00
-0.160237014E+00-0.158708139E+00-0.157109002E+00-0.155441315E+00-0.153706580E+00
-0.151905947E+00-0.150040142E+00-0.148109449E+00-0.146113727E+00-0.144052468E+00
-0.141924871E+00-0.139729925E+00-0.137466510E+00-0.135133482E+00-0.132729771E+00
-0.130254450E+00-0.127706813E+00-0.125086421E+00-0.122393144E+00-0.119627186E+00
-0.116789086E+00-0.113879713E+00-0.110900246E+00-0.107852133E+00-0.104737054E+00
-0.101556864E+00-0.983135426E-01-0.950091350E-01-0.916456983E-01-0.882252511E-01
-0.847497284E-01-0.812209432E-01-0.776405558E-01-0.740100499E-01-0.703307153E-01
-0.666036373E-01-0.628296893E-01-0.590095307E-01-0.551436061E-01-0.512321465E-01
-0.472751712E-01-0.432724898E-01-0.392237044E-01-0.351282109E-01-0.309852008E-01
-0.267936633E-01-0.225523872E-01-0.182599637E-01-0.139147911E-01-0.951507897E-02
-0.505885570E-02-0.543975738E-03 0.403187086E-02 0.867114820E-02 0.133764634E-01
 0.181505548E-01 0.229962809E-01 0.279166084E-01 0.329146022E-01 0.379934160E-01
 0.431562833E-01 0.484065101E-01 0.537474682E-01 0.591825881E-01 0.647153522E-01
 0.703492869E-01 0.760879518E-01 0.819349272E-01 0.878937957E-01 0.939681192E-01
 0.100161407E+00 0.106477073E+00 0.112918383E+00 0.119488378E+00 0.126189785E+00
 0.133024887E+00 0.139995372E+00 0.147102123E+00 0.154344955E+00 0.161722280E+00
 0.169230674E+00 0.176864337E+00 0.184614405E+00 0.192468115E+00 0.200407791E+00
 0.208409674E+00 0.216442667E+00 0.224467124E+00 0.232433949E+00 0.240284365E+00
 0.247950737E+00 0.255358655E+00 0.262430162E+00 0.269087584E+00 0.275257280E+00
 0.280872763E+00 0.285876977E+00 0.290223850E+00 0.293879353E+00 0.296822320E+00
 0.299045184E+00 0.300554617E+00 0.301371922E+00 0.301532840E+00 0.301086389E+00
 0.300092475E+00 0.298618363E+00 0.296734538E+00 0.294510715E+00 0.292012652E+00
 0.289300063E+00 0.286425590E+00-0.167547704E+00-0.173668919E+00-0.177285911E+00
-0.178319776E+00-0.176844050E+00-0.174966460E+00-0.173264548E+00-0.171693408E+00
-0.170216708E+00-0.168801532E+00-0.167419648E+00-0.166047923E+00-0.164668110E+00
-0.163266296E+00-0.161832195E+00-0.160358435E+00-0.158839888E+00-0.157273088E+00
-0.155655749E+00-0.153986370E+00-0.152263937E+00-0.150487689E+00-0.148656956E+00
-0.146771045E+00-0.144829176E+00-0.142830451E+00-0.140773855E+00-0.138658275E+00
-0.136482532E+00-0.134245430E+00-0.131945805E+00-0.129582570E+00-0.127154768E+00
-0.124661609E+00-0.122102504E+00-0.119477091E+00-0.116785252E+00-0.114027111E+00
-0.111203037E+00-0.108313622E+00-0.105359666E+00-0.102342141E+00-0.992621595E-01
-0.961209390E-01-0.929197594E-01-0.896599259E-01-0.863427317E-01-0.829694234E-01
-0.795411708E-01-0.760590405E-01-0.725239743E-01-0.689367714E-01-0.652980751E-01
-0.616083628E-01-0.578679388E-01-0.540769294E-01-0.502352795E-01-0.463427509E-01
-0.423989206E-01-0.384031803E-01-0.343547361E-01-0.302526082E-01-0.260956311E-01
-0.218824547E-01-0.176115453E-01-0.132811876E-01-0.888948704E-02-0.443437329E-02
 0.863958841E-04 0.467523013E-02 0.933470158E-02 0.140675398E-01 0.188766268E-01
 0.237649922E-01 0.287358093E-01 0.337923919E-01 0.389381920E-01 0.441767987E-01
 0.495119384E-01 0.549474756E-01 0.604874150E-01 0.661359033E-01 0.718972321E-01
 0.777758390E-01 0.837763082E-01 0.899033686E-01 0.961618880E-01 0.102556863E+00
 0.109093400E+00 0.115776688E+00 0.122611960E+00 0.129604427E+00 0.136759202E+00
 0.144081175E+00 0.151574854E+00 0.159244140E+00 0.167092021E+00 0.175120146E+00
 0.183328258E+00 0.191713402E+00 0.200268866E+00 0.208982741E+00 0.217836025E+00
 0.226800192E+00 0.235834290E+00 0.244881889E+00 0.253868745E+00 0.262702555E+00
 0.271276215E+00 0.279474685E+00 0.287183592E+00 0.294296816E+00 0.300721364E+00
 0.306379641E+00 0.311210091E+00 0.315167298E+00 0.318222281E+00 0.320363398E+00
 0.321597979E+00 0.321954414E+00 0.321483905E+00 0.320260403E+00 0.318377162E+00
 0.315939449E+00 0.313055160E+00 0.309826338E+00 0.306343700E+00 0.302684412E+00
 0.298912151E+00-0.168499493E+00-0.174570688E+00-0.178052935E+00-0.178890428E+00
-0.177038194E+00-0.174864072E+00-0.172853930E+00-0.170965052E+00-0.169174007E+00
-0.167458114E+00-0.165796326E+00-0.164169900E+00-0.162562684E+00-0.160961126E+00
-0.159354096E+00-0.157732604E+00-0.156089474E+00-0.154419018E+00-0.152716726E+00
-0.150978994E+00-0.149202890E+00-0.147385969E+00-0.145526116E+00-0.143621440E+00
-0.141670188E+00-0.139670694E+00-0.137621352E+00-0.135520600E+00-0.133366928E+00
-0.131158885E+00-0.128895105E+00-0.126574325E+00-0.124195409E+00-0.121757372E+00
-0.119259394E+00-0.116700838E+00-0.114081253E+00-0.111400378E+00-0.108658138E+00
-0.105854632E+00-0.102990116E+00-0.100064987E+00-0.970797515E-01-0.940350065E-01
-0.909314064E-01-0.877696361E-01-0.845503829E-01-0.812743104E-01-0.779420339E-01
-0.745540983E-01-0.711109593E-01-0.676129669E-01-0.640603514E-01-0.604532126E-01
-0.567915104E-01-0.530750578E-01-0.493035147E-01-0.454763839E-01-0.415930070E-01
-0.376525615E-01-0.336540588E-01-0.295963418E-01-0.254780835E-01-0.212977859E-01
-0.170537795E-01-0.127442220E-01-0.836709919E-02-0.392022427E-02 0.598761399E-03
 0.519238811E-02 0.986335751E-02 0.146145426E-01 0.194489884E-01 0.243699131E-01
 0.293807103E-01 0.344849527E-01 0.396863964E-01 0.449889880E-01 0.503968720E-01
 0.559144009E-01 0.615461465E-01 0.672969131E-01 0.731717525E-01 0.791759795E-01
 0.853151899E-01 0.915952777E-01 0.980224534E-01 0.104603261E+00 0.111344595E+00
 0.118253708E+00 0.125338223E+00 0.132606124E+00 0.140065747E+00 0.147725733E+00
 0.155594972E+00 0.163682483E+00 0.171997242E+00 0.180547904E+00 0.189342390E+00
 0.198387246E+00 0.207686668E+00 0.217241009E+00 0.227044478E+00 0.237081564E+00
 0.247321591E+00 0.257710784E+00 0.268162261E+00 0.278547745E+00 0.288699847E+00
 0.298431291E+00 0.307561896E+00 0.315936567E+00 0.323429863E+00 0.329943221E+00
 0.335400577E+00 0.339744952E+00 0.342936848E+00 0.344954853E+00 0.345798887E+00
 0.345496608E+00 0.344112691E+00 0.341757563E+00 0.338586629E+00 0.334781588E+00
 0.330520902E+00 0.325957954E+00 0.321214323E+00 0.316382504E+00 0.311531483E+00
-0.168232531E+00-0.174111633E+00-0.177464772E+00-0.178158098E+00-0.176471756E+00
-0.174142771E+00-0.171914472E+00-0.169799071E+00-0.167781068E+00-0.165844175E+00
-0.163972426E+00-0.162150759E+00-0.160365398E+00-0.158604040E+00-0.156855915E+00
-0.155111728E+00-0.153363542E+00-0.151604621E+00-0.149829257E+00-0.148032602E+00
-0.146210508E+00-0.144359386E+00-0.142476089E+00-0.140557813E+00-0.138602019E+00
-0.136606375E+00-0.134568721E+00-0.132487035E+00-0.130359423E+00-0.128184115E+00
-0.125959461E+00-0.123683942E+00-0.121356172E+00-0.118974910E+00-0.116539064E+00
-0.114047700E+00-0.111500038E+00-0.108895453E+00-0.106233472E+00-0.103513760E+00
-0.100736113E+00-0.979004390E-01-0.950067395E-01-0.920550924E-01-0.890456290E-01
-0.859785133E-01-0.828539200E-01-0.796720142E-01-0.764329314E-01-0.731367594E-01
-0.697835219E-01-0.663731634E-01-0.629055366E-01-0.593803905E-01-0.557973613E-01
-0.521559638E-01-0.484555843E-01-0.446954742E-01-0.408747455E-01-0.369923653E-01
-0.330471526E-01-0.290377740E-01-0.249627408E-01-0.208204061E-01-0.166089615E-01
-0.123264348E-01-0.797068740E-02-0.353941125E-02 0.969873777E-03 0.555982323E-02
 0.102332717E-01 0.149932374E-01 0.198429272E-01 0.247857432E-01 0.298252905E-01
 0.349653868E-01 0.402100735E-01 0.455636290E-01 0.510305852E-01 0.566157450E-01
 0.623242045E-01 0.681613772E-01 0.741330216E-01 0.802452732E-01 0.865046796E-01
 0.929182407E-01 0.994934525E-01 0.106238356E+00 0.113161592E+00 0.120272460E+00
 0.127580982E+00 0.135097971E+00 0.142835108E+00 0.150805013E+00 0.159021322E+00
 0.167498759E+00 0.176253192E+00 0.185301659E+00 0.194662352E+00 0.204354493E+00
 0.214398048E+00 0.224813126E+00 0.235618770E+00 0.246830537E+00 0.258455488E+00
 0.270481167E+00 0.282850193E+00 0.295406202E+00 0.307836948E+00 0.319752426E+00
 0.330841758E+00 0.340898502E+00 0.349783066E+00 0.357394659E+00 0.363655943E+00
 0.368504757E+00 0.371889887E+00 0.373769864E+00 0.374115342E+00 0.372917819E+00
 0.370212440E+00 0.366130009E+00 0.360964736E+00 0.355119048E+00 0.348926493E+00
 0.342601040E+00 0.336275336E+00 0.330033662E+00 0.323930388E+00-0.167698143E+00
-0.173544717E+00-0.176793231E+00-0.177356199E+00-0.175357983E+00-0.172848467E+00
-0.170461515E+00-0.168183881E+00-0.166003588E+00-0.163907949E+00-0.161884098E+00
-0.159919457E+00-0.158002084E+00-0.156120904E+00-0.154265835E+00-0.152427828E+00
-0.150598842E+00-0.148771787E+00-0.146940423E+00-0.145099270E+00-0.143243496E+00
-0.141368821E+00-0.139471430E+00-0.137547890E+00-0.135595090E+00-0.133610185E+00
-0.131590552E+00-0.129533769E+00-0.127437580E+00-0.125299892E+00-0.123118760E+00
-0.120892382E+00-0.118619102E+00-0.116297403E+00-0.113925910E+00-0.111503388E+00
-0.109028742E+00-0.106501007E+00-0.103919349E+00-0.101283052E+00-0.985915055E-01
-0.958441994E-01-0.930407031E-01-0.901806527E-01-0.872637346E-01-0.842896682E-01
-0.812581892E-01-0.781690331E-01-0.750219186E-01-0.718165330E-01-0.685525174E-01
-0.652294540E-01-0.618468539E-01-0.584041464E-01-0.549006694E-01-0.513356607E-01
-0.477082501E-01-0.440174529E-01-0.402621630E-01-0.364411477E-01-0.325530422E-01
-0.285963446E-01-0.245694112E-01-0.204704520E-01-0.162975258E-01-0.120485359E-01
-0.772122521E-02-0.331317078E-02 0.117822139E-02 0.575572277E-02 0.104222893E-01
 0.151810692E-01 0.200354126E-01 0.249888820E-01 0.300452646E-01 0.352085874E-01
 0.404831336E-01 0.458734627E-01 0.513844328E-01 0.570212276E-01 0.627893865E-01
 0.686948392E-01 0.747439466E-01 0.809435462E-01 0.873010055E-01 0.938242820E-01
 0.100521993E+00 0.107403497E+00 0.114478983E+00 0.121759579E+00 0.129257476E+00
 0.136986070E+00 0.144960131E+00 0.153196001E+00 0.161711825E+00 0.170527832E+00
 0.179666669E+00 0.189153808E+00 0.199018050E+00 0.209292161E+00 0.220013692E+00
 0.231226084E+00 0.242980221E+00 0.255336769E+00 0.268370063E+00 0.282175520E+00
 0.296887476E+00 0.312748603E+00 0.329181969E+00 0.344353643E+00 0.358144845E+00
 0.370326071E+00 0.380817530E+00 0.389714039E+00 0.397009082E+00 0.402612061E+00
 0.406313335E+00 0.408038638E+00 0.407861341E+00 0.405723013E+00 0.401439805E+00
 0.394613127E+00 0.385434905E+00 0.376392448E+00 0.367580563E+00 0.359064571E+00
 0.350882386E+00 0.343053873E+00 0.335586529E+00-0.166566176E+00-0.172374408E+00
-0.175529522E+00-0.175983235E+00-0.173642991E+00-0.171000225E+00-0.168500731E+00
-0.166110942E+00-0.163820187E+00-0.161617314E+00-0.159490911E+00-0.157429707E+00
-0.155422871E+00-0.153460212E+00-0.151532295E+00-0.149630490E+00-0.147746967E+00
-0.145874668E+00-0.144007247E+00-0.142139004E+00-0.140264814E+00-0.138380054E+00
-0.136480541E+00-0.134562465E+00-0.132622344E+00-0.130656975E+00-0.128663398E+00
-0.126638867E+00-0.124580828E+00-0.122486900E+00-0.120354865E+00-0.118182654E+00
-0.115968345E+00-0.113710153E+00-0.111406429E+00-0.109055655E+00-0.106656434E+00
-0.104207494E+00-0.101707672E+00-0.991559102E-01-0.965512458E-01-0.938928008E-01
-0.911797702E-01-0.884114091E-01-0.855870202E-01-0.827059395E-01-0.797675232E-01
-0.767711337E-01-0.737161265E-01-0.706018371E-01-0.674275690E-01-0.641925821E-01
-0.608960816E-01-0.575372086E-01-0.541150303E-01-0.506285318E-01-0.470766080E-01
-0.434580563E-01-0.397715700E-01-0.360157317E-01-0.321890069E-01-0.282897384E-01
-0.243161405E-01-0.202662926E-01-0.161381337E-01-0.119294560E-01-0.763789842E-02
-0.326093936E-02 0.120411095E-02 0.576011902E-02 0.104101377E-01 0.151574169E-01
 0.200054161E-01 0.249578185E-01 0.300185468E-01 0.351917822E-01 0.404819857E-01
 0.458939224E-01 0.514326905E-01 0.571037534E-01 0.629129775E-01 0.688666758E-01
 0.749716573E-01 0.812352856E-01 0.876655450E-01 0.942711183E-01 0.101061477E+00
 0.108046985E+00 0.115239024E+00 0.122650139E+00 0.130294204E+00 0.138186636E+00
 0.146344631E+00 0.154787468E+00 0.163536868E+00 0.172617443E+00 0.182057252E+00
 0.191888517E+00 0.202148538E+00 0.212880908E+00 0.224137157E+00 0.235979065E+00
 0.248482035E+00 0.261740258E+00 0.275875045E+00 0.291048886E+00 0.307488709E+00
 0.325513297E+00 0.345633297E+00 0.364269451E+00 0.380527708E+00 0.394865601E+00
 0.407335576E+00 0.417940753E+00 0.426257931E+00 0.432289210E+00 0.436353489E+00
 0.438390174E+00 0.438284038E+00 0.435445843E+00 0.429712595E+00 0.421123186E+00
 0.409205214E+00 0.396622636E+00 0.384986791E+00 0.374164869E+00 0.364070264E+00
 0.354640557E+00 0.345824338E+00-0.164259353E+00-0.169860099E+00-0.172912938E+00
-0.173289351E+00-0.171265102E+00-0.168596430E+00-0.166025885E+00-0.163568571E+00
-0.161213848E+00-0.158950289E+00-0.156766519E+00-0.154651572E+00-0.152595099E+00
-0.150587472E+00-0.148619812E+00-0.146683987E+00-0.144772570E+00-0.142878792E+00
-0.140996491E+00-0.139120044E+00-0.137244322E+00-0.135364624E+00-0.133476636E+00
-0.131576380E+00-0.129660177E+00-0.127724608E+00-0.125766491E+00-0.123782851E+00
-0.121770903E+00-0.119728033E+00-0.117651789E+00-0.115539867E+00-0.113390104E+00
-0.111200471E+00-0.108969065E+00-0.106694104E+00-0.104373924E+00-0.102006966E+00
-0.995917754E-01-0.971269898E-01-0.946113334E-01-0.920436067E-01-0.894226769E-01
-0.867474672E-01-0.840169462E-01-0.812301168E-01-0.783860045E-01-0.754836463E-01
-0.725220797E-01-0.695003312E-01-0.664174066E-01-0.632722802E-01-0.600638853E-01
-0.567911054E-01-0.534527650E-01-0.500476222E-01-0.465743601E-01-0.430315802E-01
-0.394177950E-01-0.357314209E-01-0.319707724E-01-0.281340547E-01-0.242193572E-01
-0.202246472E-01-0.161477626E-01-0.119864044E-01-0.773812901E-02-0.340033993E-02
 0.102972176E-02 0.555498757E-02 0.101785730E-01 0.149037903E-01 0.197341632E-01
 0.246734429E-01 0.297256272E-01 0.348949816E-01 0.401860635E-01 0.456037504E-01
 0.511532721E-01 0.568402466E-01 0.626707235E-01 0.686512318E-01 0.747888364E-01
 0.810912033E-01 0.875666746E-01 0.942243566E-01 0.101074222E+00 0.108127230E+00
 0.115395467E+00 0.122892315E+00 0.130632651E+00 0.138633084E+00 0.146912244E+00
 0.155491129E+00 0.164393536E+00 0.173646585E+00 0.183281381E+00 0.193333837E+00
 0.203845733E+00 0.214866069E+00 0.226452826E+00 0.238675269E+00 0.251616965E+00
 0.265379694E+00 0.280088256E+00 0.295895653E+00 0.312986579E+00 0.331574745E+00
 0.351887614E+00 0.373146765E+00 0.391940755E+00 0.408375267E+00 0.422501170E+00
 0.434239718E+00 0.443505897E+00 0.450475907E+00 0.455199111E+00 0.457592325E+00
 0.457431606E+00 0.454482588E+00 0.448756585E+00 0.440113267E+00 0.428280081E+00
 0.413380594E+00 0.399359973E+00 0.386519780E+00 0.374732810E+00 0.363890575E+00
 0.353897851E+00-0.161751754E+00-0.167289342E+00-0.170254289E+00-0.170554057E+00
-0.168348485E+00-0.165617756E+00-0.163019053E+00-0.160541275E+00-0.158170308E+00
-0.155892585E+00-0.153695615E+00-0.151568119E+00-0.149499975E+00-0.147482093E+00
-0.145506268E+00-0.143565055E+00-0.141651656E+00-0.139759843E+00-0.137883876E+00
-0.136018455E+00-0.134158664E+00-0.132299933E+00-0.130438000E+00-0.128568877E+00
-0.126688830E+00-0.124794344E+00-0.122882112E+00-0.120949014E+00-0.118992099E+00
-0.117008577E+00-0.114995806E+00-0.112951284E+00-0.110872640E+00-0.108757628E+00
-0.106604119E+00-0.104410098E+00-0.102173654E+00-0.998929765E-01-0.975663487E-01
-0.951921384E-01-0.927687926E-01-0.902948284E-01-0.877688249E-01-0.851894145E-01
-0.825552735E-01-0.798651132E-01-0.771176696E-01-0.743116949E-01-0.714459472E-01
-0.685191817E-01-0.655301416E-01-0.624775489E-01-0.593600965E-01-0.561764394E-01
-0.529251871E-01-0.496048959E-01-0.462140617E-01-0.427511124E-01-0.392144017E-01
-0.356022016E-01-0.319126958E-01-0.281439727E-01-0.242940186E-01-0.203607103E-01
-0.163418074E-01-0.122349446E-01-0.803762262E-02-0.374719940E-02 0.639120508E-03
 0.512429698E-02 0.971146688E-02 0.144039579E-01 0.192053044E-01 0.241192649E-01
 0.291498420E-01 0.343013051E-01 0.395782161E-01 0.449854588E-01 0.505282722E-01
 0.562122888E-01 0.620435788E-01 0.680286997E-01 0.741747552E-01 0.804894616E-01
 0.869812252E-01 0.936592326E-01 0.100533555E+00 0.107615273E+00 0.114916615E+00
 0.122451134E+00 0.130233906E+00 0.138281769E+00 0.146613609E+00 0.155250712E+00
 0.164217177E+00 0.173540425E+00 0.183251823E+00 0.193387448E+00 0.203989016E+00
 0.215105035E+00 0.226792203E+00 0.239117074E+00 0.252158007E+00 0.266007278E+00
 0.280773106E+00 0.296581064E+00 0.313574043E+00 0.331909897E+00 0.351756481E+00
 0.373318118E+00 0.394207514E+00 0.412324622E+00 0.427479200E+00 0.440131465E+00
 0.450415170E+00 0.458368578E+00 0.463784388E+00 0.466377571E+00 0.466489227E+00
 0.464106448E+00 0.459114885E+00 0.451136128E+00 0.439748388E+00 0.425159181E+00
 0.409333282E+00 0.394936813E+00 0.381854629E+00 0.369950952E+00 0.359097087E+00
-0.158725751E+00-0.164207770E+00-0.167088318E+00-0.167323047E+00-0.164769180E+00
-0.162021799E+00-0.159454067E+00-0.157014824E+00-0.154682923E+00-0.152441233E+00
-0.150275988E+00-0.148176035E+00-0.146132098E+00-0.144136227E+00-0.142181407E+00
-0.140261300E+00-0.138370087E+00-0.136502353E+00-0.134653022E+00-0.132817309E+00
-0.130990688E+00-0.129168865E+00-0.127347762E+00-0.125523499E+00-0.123692382E+00
-0.121850890E+00-0.119995665E+00-0.118123503E+00-0.116231344E+00-0.114316269E+00
-0.112375485E+00-0.110406328E+00-0.108406250E+00-0.106372818E+00-0.104303705E+00
-0.102196687E+00-0.100049639E+00-0.978605250E-01-0.956273944E-01-0.933483767E-01
-0.910216734E-01-0.886455515E-01-0.862183367E-01-0.837384052E-01-0.812041764E-01
-0.786141052E-01-0.759666735E-01-0.732603829E-01-0.704937460E-01-0.676652790E-01
-0.647734939E-01-0.618168906E-01-0.587939498E-01-0.557031255E-01-0.525428379E-01
-0.493114667E-01-0.460073440E-01-0.426287478E-01-0.391738954E-01-0.356409365E-01
-0.320279465E-01-0.283329199E-01-0.245537631E-01-0.206882866E-01-0.167341979E-01
-0.126890929E-01-0.855044677E-02-0.431560472E-02 0.182287432E-04 0.445400135E-02
 0.899482586E-02 0.136439943E-01 0.184049937E-01 0.232815242E-01 0.282775186E-01
 0.333971653E-01 0.386449336E-01 0.440256021E-01 0.495442923E-01 0.552065048E-01
 0.610181622E-01 0.669856575E-01 0.731159089E-01 0.794164239E-01 0.858953718E-01
 0.925616684E-01 0.994250727E-01 0.106496301E+00 0.113787156E+00 0.121310684E+00
 0.129081353E+00 0.137115262E+00 0.145430395E+00 0.154046911E+00 0.162987499E+00
 0.172277784E+00 0.181946825E+00 0.192027693E+00 0.202558153E+00 0.213581460E+00
 0.225147272E+00 0.237312665E+00 0.250143231E+00 0.263714167E+00 0.278111286E+00
 0.293431794E+00 0.309784768E+00 0.327291339E+00 0.346084814E+00 0.366310728E+00
 0.387847241E+00 0.406867469E+00 0.422988173E+00 0.436479754E+00 0.447446749E+00
 0.455882659E+00 0.461631874E+00 0.464850544E+00 0.465675717E+00 0.464061331E+00
 0.459840944E+00 0.452704294E+00 0.442675070E+00 0.429751391E+00 0.413873912E+00
 0.398446284E+00 0.384578359E+00 0.372094562E+00 0.360823447E+00-0.154209883E+00
-0.159377050E+00-0.162133595E+00-0.162371154E+00-0.160333154E+00-0.157751474E+00
-0.155312356E+00-0.152993914E+00-0.150767449E+00-0.148614937E+00-0.146524742E+00
-0.144488666E+00-0.142500323E+00-0.140554275E+00-0.138645595E+00-0.136769641E+00
-0.134921948E+00-0.133098174E+00-0.131294085E+00-0.129505542E+00-0.127728508E+00
-0.125959051E+00-0.124193345E+00-0.122427679E+00-0.120658457E+00-0.118882196E+00
-0.117095535E+00-0.115295226E+00-0.113478136E+00-0.111641247E+00-0.109781649E+00
-0.107896542E+00-0.105983229E+00-0.104039114E+00-0.102061699E+00-0.100048577E+00
-0.979974307E-01-0.959060261E-01-0.937722072E-01-0.915938914E-01-0.893690631E-01
-0.870957686E-01-0.847721093E-01-0.823962354E-01-0.799663397E-01-0.774806511E-01
-0.749374272E-01-0.723349487E-01-0.696715116E-01-0.669454215E-01-0.641549867E-01
-0.612985115E-01-0.583742901E-01-0.553806003E-01-0.523156973E-01-0.491778073E-01
-0.459651219E-01-0.426757914E-01-0.393079191E-01-0.358595548E-01-0.323286886E-01
-0.287132443E-01-0.250110725E-01-0.212199433E-01-0.173375390E-01-0.133614456E-01
-0.928914439E-02-0.511800236E-02-0.845261794E-03 0.353197089E-02 0.801673764E-02
 0.126122425E-01 0.173218666E-01 0.221491857E-01 0.270979883E-01 0.321722974E-01
 0.373763937E-01 0.427148427E-01 0.481925240E-01 0.538146655E-01 0.595868812E-01
 0.655152142E-01 0.716061855E-01 0.778668495E-01 0.843048566E-01 0.909285251E-01
 0.977469230E-01 0.104769961E+00 0.112008501E+00 0.119474477E+00 0.127181036E+00
 0.135142702E+00 0.143375560E+00 0.151897469E+00 0.160728304E+00 0.169890238E+00
 0.179408053E+00 0.189309493E+00 0.199625656E+00 0.210391417E+00 0.221645881E+00
 0.233432845E+00 0.245801268E+00 0.258805731E+00 0.272506920E+00 0.286972235E+00
 0.302276773E+00 0.318505229E+00 0.335755627E+00 0.354146244E+00 0.373833106E+00
 0.393342954E+00 0.409987518E+00 0.423849544E+00 0.434790951E+00 0.443181340E+00
 0.449290570E+00 0.453190279E+00 0.454806935E+00 0.453796299E+00 0.450363668E+00
 0.444617061E+00 0.436485083E+00 0.425746532E+00 0.411899600E+00 0.396150554E+00
 0.382156302E+00 0.369740388E+00 0.358647120E+00-0.149124898E+00-0.153918298E+00
-0.156509313E+00-0.156847452E+00-0.155035443E+00-0.152791033E+00-0.150644243E+00
-0.148547685E+00-0.146489548E+00-0.144468382E+00-0.142484422E+00-0.140537548E+00
-0.138626900E+00-0.136750915E+00-0.134907445E+00-0.133093886E+00-0.131307291E+00
-0.129544460E+00-0.127802022E+00-0.126076487E+00-0.124364305E+00-0.122661895E+00
-0.120965687E+00-0.119272137E+00-0.117577751E+00-0.115879099E+00-0.114172823E+00
-0.112455647E+00-0.110724382E+00-0.108975927E+00-0.107207275E+00-0.105415507E+00
-0.103597798E+00-0.101751409E+00-0.998736907E-01-0.979620753E-01-0.960140767E-01
-0.940272846E-01-0.919993613E-01-0.899280364E-01-0.878111027E-01-0.856464105E-01
-0.834318627E-01-0.811654096E-01-0.788450433E-01-0.764687923E-01-0.740347158E-01
-0.715408985E-01-0.689854452E-01-0.663664748E-01-0.636821157E-01-0.609304999E-01
-0.581097578E-01-0.552180133E-01-0.522533779E-01-0.492139463E-01-0.460977902E-01
-0.429029537E-01-0.396274473E-01-0.362692429E-01-0.328262671E-01-0.292963961E-01
-0.256774488E-01-0.219671801E-01-0.181632741E-01-0.142633361E-01-0.102648847E-01
-0.616534262E-02-0.196202738E-02 0.234785939E-02 0.676724340E-02 0.112991902E-01
 0.159469193E-01 0.207138190E-01 0.256034637E-01 0.306196321E-01 0.357663285E-01
 0.410478052E-01 0.464685881E-01 0.520335054E-01 0.577477189E-01 0.636167593E-01
 0.696465655E-01 0.758435284E-01 0.822145395E-01 0.887670461E-01 0.955091114E-01
 0.102449483E+00 0.109597666E+00 0.116964012E+00 0.124559803E+00 0.132397363E+00
 0.140490158E+00 0.148852924E+00 0.157501788E+00 0.166454402E+00 0.175730075E+00
 0.185349896E+00 0.195336847E+00 0.205715885E+00 0.216513977E+00 0.227760066E+00
 0.239484966E+00 0.251721142E+00 0.264502418E+00 0.277863667E+00 0.291840658E+00
 0.306470522E+00 0.321793921E+00 0.337861888E+00 0.354756466E+00 0.372588053E+00
 0.388597602E+00 0.401616572E+00 0.412005636E+00 0.420215018E+00 0.426390788E+00
 0.430553148E+00 0.432500524E+00 0.432242382E+00 0.430022557E+00 0.425853274E+00
 0.419656089E+00 0.411136911E+00 0.400222851E+00 0.387018202E+00 0.373908646E+00
 0.362541805E+00 0.352435754E+00-0.142930718E+00-0.146841422E+00-0.149163806E+00
-0.149784264E+00-0.149003543E+00-0.147495146E+00-0.145727776E+00-0.143868626E+00
-0.141980034E+00-0.140090974E+00-0.138216609E+00-0.136365150E+00-0.134540839E+00
-0.132745448E+00-0.130979124E+00-0.129240893E+00-0.127528995E+00-0.125841108E+00
-0.124174508E+00-0.122526190E+00-0.120892956E+00-0.119271479E+00-0.117658363E+00
-0.116050177E+00-0.114443487E+00-0.112834885E+00-0.111221001E+00-0.109598521E+00
-0.107964196E+00-0.106314846E+00-0.104647371E+00-0.102958745E+00-0.101246027E+00
-0.995063503E-01-0.977369302E-01-0.959350567E-01-0.940980933E-01-0.922234743E-01
-0.903087004E-01-0.883513354E-01-0.863490014E-01-0.842993754E-01-0.822001840E-01
-0.800491996E-01-0.778442355E-01-0.755831420E-01-0.732638014E-01-0.708841239E-01
-0.684420435E-01-0.659355134E-01-0.633625019E-01-0.607209885E-01-0.580089593E-01
-0.552244031E-01-0.523653073E-01-0.494296534E-01-0.464154127E-01-0.433205421E-01
-0.401429791E-01-0.368806372E-01-0.335314009E-01-0.300931202E-01-0.265636051E-01
-0.229406195E-01-0.192218749E-01-0.154050236E-01-0.114876509E-01-0.746726787E-02
-0.334130205E-02 0.892911425E-03 0.523814009E-02 0.969726508E-02 0.142732931E-01
 0.189693692E-01 0.237887914E-01 0.287350257E-01 0.338117231E-01 0.390227380E-01
 0.443721481E-01 0.498642767E-01 0.555037159E-01 0.612953532E-01 0.672443990E-01
 0.733564176E-01 0.796373596E-01 0.860935976E-01 0.927319636E-01 0.995597886E-01
 0.106584945E+00 0.113815886E+00 0.121261695E+00 0.128932117E+00 0.136837604E+00
 0.144989339E+00 0.153399260E+00 0.162080050E+00 0.171045118E+00 0.180308524E+00
 0.189884860E+00 0.199789044E+00 0.210036016E+00 0.220640289E+00 0.231615312E+00
 0.242972573E+00 0.254720369E+00 0.266862067E+00 0.279393643E+00 0.292299964E+00
 0.305548685E+00 0.319078695E+00 0.332772573E+00 0.346358124E+00 0.359057149E+00
 0.370108782E+00 0.379379938E+00 0.386875249E+00 0.392614556E+00 0.396616858E+00
 0.398897767E+00 0.399470976E+00 0.398352029E+00 0.395563073E+00 0.391138673E+00
 0.385136362E+00 0.377662489E+00 0.368957702E+00 0.359745707E+00 0.350931906E+00
 0.342701583E+00-0.139168452E+00-0.143203552E+00-0.145418344E+00-0.145744751E+00
-0.144385899E+00-0.142692858E+00-0.140948495E+00-0.139164071E+00-0.137361960E+00
-0.135560551E+00-0.133772449E+00-0.132005687E+00-0.130265014E+00-0.128552853E+00
-0.126869955E+00-0.125215860E+00-0.123589220E+00-0.121988033E+00-0.120409816E+00
-0.118851739E+00-0.117310723E+00-0.115783517E+00-0.114266763E+00-0.112757038E+00
-0.111250894E+00-0.109744888E+00-0.108235597E+00-0.106719642E+00-0.105193698E+00
-0.103654497E+00-0.102098845E+00-0.100523613E+00-0.989257485E-01-0.973022714E-01
-0.956502734E-01-0.939669171E-01-0.922494331E-01-0.904951176E-01-0.887013284E-01
-0.868654821E-01-0.849850500E-01-0.830575543E-01-0.810805647E-01-0.790516946E-01
-0.769685974E-01-0.748289630E-01-0.726305147E-01-0.703710057E-01-0.680482162E-01
-0.656599499E-01-0.632040319E-01-0.606783047E-01-0.580806262E-01-0.554088661E-01
-0.526609032E-01-0.498346220E-01-0.469279098E-01-0.439386529E-01-0.408647329E-01
-0.377040232E-01-0.344543844E-01-0.311136602E-01-0.276796725E-01-0.241502161E-01
-0.205230536E-01-0.167959091E-01-0.129664621E-01-0.903234057E-02-0.499111373E-02
-0.840284108E-03 0.342272087E-02 0.780055788E-02 0.122959774E-01 0.169118342E-01
 0.216510980E-01 0.265168659E-01 0.315123746E-01 0.366410136E-01 0.419063397E-01
 0.473120918E-01 0.528622064E-01 0.585608336E-01 0.644123543E-01 0.704213967E-01
 0.765928530E-01 0.829318961E-01 0.894439943E-01 0.961349247E-01 0.103010783E+00
 0.110077988E+00 0.117343280E+00 0.124813709E+00 0.132496612E+00 0.140399564E+00
 0.148530312E+00 0.156896673E+00 0.165506386E+00 0.174366905E+00 0.183485110E+00
 0.192866923E+00 0.202516779E+00 0.212436919E+00 0.222626440E+00 0.233080015E+00
 0.243786151E+00 0.254724781E+00 0.265863841E+00 0.277154265E+00 0.288522427E+00
 0.299858568E+00 0.311000333E+00 0.321717606E+00 0.331726637E+00 0.340758135E+00
 0.348620922E+00 0.355203436E+00 0.360446860E+00 0.364323852E+00 0.366827305E+00
 0.367965788E+00 0.367763232E+00 0.366261903E+00 0.363528882E+00 0.359667146E+00
 0.354832320E+00 0.349250423E+00 0.343210491E+00 0.336998795E+00 0.330823286E+00
-0.135051088E+00-0.139100781E+00-0.141244383E+00-0.141407528E+00-0.139898908E+00
-0.138048242E+00-0.136223289E+00-0.134422105E+00-0.132643038E+00-0.130888587E+00
-0.129162251E+00-0.127466987E+00-0.125804694E+00-0.124176146E+00-0.122581112E+00
-0.121018512E+00-0.119486587E+00-0.117983046E+00-0.116505186E+00-0.115049999E+00
-0.113614255E+00-0.112194570E+00-0.110787463E+00-0.109389398E+00-0.107996819E+00
-0.106606176E+00-0.105213945E+00-0.103816648E+00-0.102410858E+00-0.100993211E+00
-0.995604081E-01-0.981092219E-01-0.966364947E-01-0.951391393E-01-0.936141378E-01
-0.920585393E-01-0.904694572E-01-0.888440658E-01-0.871795976E-01-0.854733392E-01
-0.837226279E-01-0.819248488E-01-0.800774307E-01-0.781778441E-01-0.762235975E-01
-0.742122354E-01-0.721413358E-01-0.700085083E-01-0.678113922E-01-0.655476545E-01
-0.632149887E-01-0.608111130E-01-0.583337686E-01-0.557807184E-01-0.531497449E-01
-0.504386485E-01-0.476452452E-01-0.447673646E-01-0.418028470E-01-0.387495406E-01
-0.356052985E-01-0.323679750E-01-0.290354220E-01-0.256054848E-01-0.220759976E-01
-0.184447783E-01-0.147096241E-01-0.108683052E-01-0.691855924E-02-0.285808478E-02
 0.131546508E-02 0.560448984E-02 0.100114489E-01 0.145388692E-01 0.191893530E-01
 0.239655861E-01 0.288703461E-01 0.339065108E-01 0.390770665E-01 0.443851157E-01
 0.498338855E-01 0.554267339E-01 0.611671561E-01 0.670587888E-01 0.731054124E-01
 0.793109506E-01 0.856794659E-01 0.922151498E-01 0.989223066E-01 0.105805328E+00
 0.112868656E+00 0.120116733E+00 0.127553929E+00 0.135184446E+00 0.143012195E+00
 0.151040626E+00 0.159272512E+00 0.167709666E+00 0.176352583E+00 0.185199964E+00
 0.194248129E+00 0.203490245E+00 0.212915352E+00 0.222507118E+00 0.232242241E+00
 0.242088422E+00 0.252001789E+00 0.261923733E+00 0.271777240E+00 0.281463314E+00
 0.290859129E+00 0.299820922E+00 0.308194625E+00 0.315832824E+00 0.322610559E+00
 0.328433085E+00 0.333235640E+00 0.336979542E+00 0.339648212E+00 0.341244671E+00
 0.341790847E+00 0.341328562E+00 0.339921881E+00 0.337660065E+00 0.334659453E+00
 0.331061092E+00 0.327020617E+00 0.322690802E+00 0.318204135E+00-0.130893786E+00
-0.134932528E+00-0.137027057E+00-0.137089252E+00-0.135149409E+00-0.133205110E+00
-0.131333314E+00-0.129516384E+00-0.127749648E+00-0.126030532E+00-0.124357597E+00
-0.122729796E+00-0.121145998E+00-0.119604737E+00-0.118104117E+00-0.116641813E+00
-0.115215112E+00-0.113820978E+00-0.112456116E+00-0.111117041E+00-0.109800134E+00
-0.108501687E+00-0.107217948E+00-0.105945151E+00-0.104679545E+00-0.103417409E+00
-0.102155074E+00-0.100888927E+00-0.996154234E-01-0.983310881E-01-0.970325202E-01
-0.957163930E-01-0.943794524E-01-0.930185158E-01-0.916304690E-01-0.902122627E-01
-0.887609093E-01-0.872734787E-01-0.857470944E-01-0.841789298E-01-0.825662046E-01
-0.809061814E-01-0.791961628E-01-0.774334891E-01-0.756155362E-01-0.737397138E-01
-0.718034649E-01-0.698042643E-01-0.677396189E-01-0.656070668E-01-0.634041779E-01
-0.611285531E-01-0.587778252E-01-0.563496577E-01-0.538417454E-01-0.512518133E-01
-0.485776161E-01-0.458169367E-01-0.429675854E-01-0.400273975E-01-0.369942315E-01
-0.338659668E-01-0.306405006E-01-0.273157446E-01-0.238896222E-01-0.203600641E-01
-0.167250045E-01-0.129823767E-01-0.913010869E-02-0.516611823E-02-0.108830814E-02
 0.310543878E-02 0.741726480E-02 0.118493422E-01 0.164038782E-01 0.210831194E-01
 0.258893566E-01 0.308249277E-01 0.358922215E-01 0.410936792E-01 0.464317953E-01
 0.519091164E-01 0.575282381E-01 0.632917991E-01 0.692024710E-01 0.752629451E-01
 0.814759118E-01 0.878440343E-01 0.943699129E-01 0.101056038E+00 0.107904732E+00
 0.114918068E+00 0.122097776E+00 0.129445118E+00 0.136960732E+00 0.144644442E+00
 0.152495011E+00 0.160509851E+00 0.168684648E+00 0.177012918E+00 0.185485453E+00
 0.194089657E+00 0.202808741E+00 0.211620764E+00 0.220497522E+00 0.229403272E+00
 0.238293359E+00 0.247112880E+00 0.255795630E+00 0.264263817E+00 0.272429154E+00
 0.280195941E+00 0.287466248E+00 0.294146381E+00 0.300153050E+00 0.305417813E+00
 0.309889295E+00 0.313533693E+00 0.316334393E+00 0.318291433E+00 0.319421181E+00
 0.319756304E+00 0.319345821E+00 0.318254742E+00 0.316562627E+00 0.314360325E+00
 0.311744633E+00 0.308811593E+00 0.305650012E+00-0.125748704E+00-0.129706747E+00
-0.131727805E+00-0.131746146E+00-0.130014774E+00-0.128047528E+00-0.126158974E+00
-0.124345372E+00-0.122602422E+00-0.120926195E+00-0.119313083E+00-0.117759659E+00
-0.116262518E+00-0.114818179E+00-0.113423020E+00-0.112073266E+00-0.110764998E+00
-0.109494180E+00-0.108256696E+00-0.107048378E+00-0.105865046E+00-0.104702532E+00
-0.103556703E+00-0.102423481E+00-0.101298855E+00-0.100178892E+00-0.990597428E-01
-0.979376467E-01-0.968089307E-01-0.956700104E-01-0.945173876E-01-0.933476468E-01
-0.921574515E-01-0.909435396E-01-0.897027182E-01-0.884318587E-01-0.871278913E-01
-0.857878000E-01-0.844086176E-01-0.829874212E-01-0.815213284E-01-0.800074933E-01
-0.784431043E-01-0.768253820E-01-0.751515779E-01-0.734189741E-01-0.716248835E-01
-0.697666507E-01-0.678416531E-01-0.658473029E-01-0.637810484E-01-0.616403760E-01
-0.594228123E-01-0.571259251E-01-0.547473250E-01-0.522846666E-01-0.497356485E-01
-0.470980144E-01-0.443695518E-01-0.415480924E-01-0.386315102E-01-0.356177207E-01
-0.325046785E-01-0.292903755E-01-0.259728383E-01-0.225501253E-01-0.190203237E-01
-0.153815466E-01-0.116319293E-01-0.776962641E-02-0.379280820E-02 0.300342459E-03
 0.451163311E-02 0.884286439E-02 0.132958322E-01 0.178723295E-01 0.225741470E-01
 0.274030728E-01 0.323608915E-01 0.374493806E-01 0.426703060E-01 0.480254144E-01
 0.535164227E-01 0.591450047E-01 0.649127721E-01 0.708212511E-01 0.768718523E-01
 0.830658322E-01 0.894042465E-01 0.958878904E-01 0.102517226E+00 0.109292295E+00
 0.116212607E+00 0.123277010E+00 0.130483532E+00 0.137829185E+00 0.145309742E+00
 0.152919459E+00 0.160650753E+00 0.168493825E+00 0.176436221E+00 0.184462327E+00
 0.192552801E+00 0.200683956E+00 0.208827106E+00 0.216947922E+00 0.225005869E+00
 0.232953847E+00 0.240738178E+00 0.248299139E+00 0.255572227E+00 0.262490222E+00
 0.268985968E+00 0.274995531E+00 0.280461283E+00 0.285334478E+00 0.289577082E+00
 0.293162869E+00 0.296077940E+00 0.298320862E+00 0.299902573E+00 0.300846087E+00
 0.301185930E+00 0.300967159E+00 0.300243766E+00 0.299076382E+00 0.297529332E+00
 0.295667368E+00 0.293552545E+00-0.120333772E+00-0.124200525E+00-0.126161343E+00
-0.126142591E+00-0.124479021E+00-0.122508283E+00-0.120624968E+00-0.118835139E+00
-0.117134438E+00-0.115517992E+00-0.113980706E+00-0.112517363E+00-0.111122682E+00
-0.109791357E+00-0.108518081E+00-0.107297574E+00-0.106124608E+00-0.104994025E+00
-0.103900762E+00-0.102839864E+00-0.101806498E+00-0.100795961E+00-0.998036845E-01
-0.988252398E-01-0.978563332E-01-0.968928058E-01-0.959306280E-01-0.949658943E-01
-0.939948162E-01-0.930137152E-01-0.920190150E-01-0.910072335E-01-0.899749748E-01
-0.889189217E-01-0.878358269E-01-0.867225065E-01-0.855758319E-01-0.843927234E-01
-0.831701435E-01-0.819050914E-01-0.805945984E-01-0.792357232E-01-0.778255504E-01
-0.763611879E-01-0.748397674E-01-0.732584453E-01-0.716144041E-01-0.699048563E-01
-0.681270471E-01-0.662782585E-01-0.643558136E-01-0.623570807E-01-0.602794770E-01
-0.581204721E-01-0.558775918E-01-0.535484201E-01-0.511306014E-01-0.486218425E-01
-0.460199132E-01-0.433226469E-01-0.405279405E-01-0.376337537E-01-0.346381082E-01
-0.315390864E-01-0.283348294E-01-0.250235351E-01-0.216034566E-01-0.180728991E-01
-0.144302184E-01-0.106738183E-01-0.680214874E-02-0.281370401E-02 0.129297860E-02
 0.551931956E-02 0.986669723E-02 0.143364471E-01 0.189298599E-01 0.236481785E-01
 0.284925929E-01 0.334642338E-01 0.385641632E-01 0.437933627E-01 0.491527183E-01
 0.546430012E-01 0.602648437E-01 0.660187099E-01 0.719048600E-01 0.779233058E-01
 0.840737586E-01 0.903555653E-01 0.967676328E-01 0.103308338E+00 0.109975420E+00
 0.116765856E+00 0.123675715E+00 0.130699983E+00 0.137832368E+00 0.145065075E+00
 0.152388545E+00 0.159791168E+00 0.167258970E+00 0.174775268E+00 0.182320317E+00
 0.189870957E+00 0.197400289E+00 0.204877419E+00 0.212267317E+00 0.219530864E+00
 0.226625154E+00 0.233504120E+00 0.240119527E+00 0.246422324E+00 0.252364286E+00
 0.257899803E+00 0.262987641E+00 0.267592518E+00 0.271686370E+00 0.275249267E+00
 0.278269982E+00 0.280746247E+00 0.282684744E+00 0.284100822E+00 0.285017947E+00
 0.285466841E+00 0.285484293E+00 0.285111661E+00 0.284393128E+00 0.283373872E+00
 0.282098311E+00-0.114823935E+00-0.118654608E+00-0.120565619E+00-0.120493227E+00
-0.118508952E+00-0.116522760E+00-0.114664726E+00-0.112920848E+00-0.111285431E+00
-0.109752095E+00-0.108313944E+00-0.106963812E+00-0.105694440E+00-0.104498619E+00
-0.103369284E+00-0.102299579E+00-0.101282898E+00-0.100312908E+00-0.993835553E-01
-0.984890672E-01-0.976239424E-01-0.967829402E-01-0.959610658E-01-0.951535538E-01
-0.943558518E-01-0.935636028E-01-0.927726287E-01-0.919789141E-01-0.911785906E-01
-0.903679220E-01-0.895432906E-01-0.887011837E-01-0.878381815E-01-0.869509454E-01
-0.860362070E-01-0.850907581E-01-0.841114408E-01-0.830951385E-01-0.820387678E-01
-0.809392709E-01-0.797936096E-01-0.785987605E-01-0.773517120E-01-0.760494635E-01
-0.746890259E-01-0.732674254E-01-0.717817069E-01-0.702289408E-01-0.686062287E-01
-0.669107111E-01-0.651395741E-01-0.632900566E-01-0.613594565E-01-0.593451372E-01
-0.572445326E-01-0.550551514E-01-0.527745813E-01-0.504004915E-01-0.479306348E-01
-0.453628495E-01-0.426950595E-01-0.399252749E-01-0.370515916E-01-0.340721904E-01
-0.309853361E-01-0.277893758E-01-0.244827377E-01-0.210639294E-01-0.175315362E-01
-0.138842199E-01-0.101207177E-01-0.623984161E-02-0.224047783E-02 0.187841218E-02
 0.611779057E-02 0.104785406E-01 0.149614628E-01 0.195672699E-01 0.242965799E-01
 0.291499063E-01 0.341276472E-01 0.392300705E-01 0.444572956E-01 0.498092719E-01
 0.552857522E-01 0.608862608E-01 0.666100555E-01 0.724560831E-01 0.784229260E-01
 0.845087403E-01 0.907111837E-01 0.970273316E-01 0.103453580E+00 0.109985537E+00
 0.116617892E+00 0.123344281E+00 0.130157123E+00 0.137047445E+00 0.144004696E+00
 0.151016544E+00 0.158068662E+00 0.165144523E+00 0.172225199E+00 0.179289185E+00
 0.186312278E+00 0.193267521E+00 0.200125253E+00 0.206853291E+00 0.213417286E+00
 0.219781259E+00 0.225908329E+00 0.231761622E+00 0.237305307E+00 0.242505697E+00
 0.247332339E+00 0.251759011E+00 0.255764566E+00 0.259333591E+00 0.262456842E+00
 0.265131468E+00 0.267361027E+00 0.269155276E+00 0.270529769E+00 0.271505233E+00
 0.272106769E+00 0.272362878E+00 0.272304388E+00 0.271963340E+00 0.271371914E+00
-0.108304309E+00-0.112031561E+00-0.113877239E+00-0.113780012E+00-0.111970214E+00
-0.110015804E+00-0.108207061E+00-0.106536304E+00-0.104995618E+00-0.103576067E+00
-0.102268119E+00-0.101062021E+00-0.999480828E-01-0.989168850E-01-0.979594097E-01
-0.970671183E-01-0.962319848E-01-0.954464990E-01-0.947036511E-01-0.939969019E-01
-0.933201489E-01-0.926676874E-01-0.920341722E-01-0.914145807E-01-0.908041776E-01
-0.901984822E-01-0.895932387E-01-0.889843888E-01-0.883680472E-01-0.877404793E-01
-0.870980810E-01-0.864373609E-01-0.857549232E-01-0.850474532E-01-0.843117035E-01
-0.835444809E-01-0.827426344E-01-0.819030442E-01-0.810226106E-01-0.800982442E-01
-0.791268571E-01-0.781053569E-01-0.770306419E-01-0.758996016E-01-0.747091186E-01
-0.734560752E-01-0.721373612E-01-0.707498841E-01-0.692905801E-01-0.677564255E-01
-0.661444477E-01-0.644517363E-01-0.626754522E-01-0.608128369E-01-0.588612197E-01
-0.568180245E-01-0.546807751E-01-0.524470988E-01-0.501147301E-01-0.476815122E-01
-0.451453988E-01-0.425044546E-01-0.397568551E-01-0.369008865E-01-0.339349446E-01
-0.308575336E-01-0.276672652E-01-0.243628568E-01-0.209431305E-01-0.174070123E-01
-0.137535312E-01-0.998181921E-02-0.609111185E-02-0.208074946E-02 0.204982054E-02
 0.630104023E-02 0.106732364E-01 0.151666143E-01 0.197812492E-01 0.245170765E-01
 0.293738786E-01 0.343512694E-01 0.394486756E-01 0.446653141E-01 0.500001653E-01
 0.554519415E-01 0.610190508E-01 0.666995535E-01 0.724911135E-01 0.783909415E-01
 0.843957303E-01 0.905015817E-01 0.967039247E-01 0.102997423E+00 0.109375874E+00
 0.115832098E+00 0.122357820E+00 0.128943539E+00 0.135578401E+00 0.142250066E+00
 0.148944576E+00 0.155646242E+00 0.162337543E+00 0.168999065E+00 0.175609480E+00
 0.182145588E+00 0.188582435E+00 0.194893525E+00 0.201051139E+00 0.207026753E+00
 0.212791576E+00 0.218317165E+00 0.223576110E+00 0.228542753E+00 0.233193882E+00
 0.237509387E+00 0.241472821E+00 0.245071844E+00 0.248298536E+00 0.251149563E+00
 0.253626195E+00 0.255734173E+00 0.257483432E+00 0.258887693E+00 0.259963931E+00
 0.260731753E+00 0.261212716E+00 0.261429623E+00 0.261405839E+00-0.101184189E+00
-0.104786248E+00-0.106567123E+00-0.106455257E+00-0.104790911E+00-0.102897366E+00
-0.101169881E+00-0.996089584E-01-0.982026756E-01-0.969379111E-01-0.958011750E-01
-0.947791427E-01-0.938590200E-01-0.930287659E-01-0.922772033E-01-0.915940519E-01
-0.909699077E-01-0.903961914E-01-0.898650799E-01-0.893694311E-01-0.889027081E-01
-0.884589063E-01-0.880324872E-01-0.876183164E-01-0.872116101E-01-0.868078863E-01
-0.864029219E-01-0.859927159E-01-0.855734563E-01-0.851414908E-01-0.846933025E-01
-0.842254867E-01-0.837347322E-01-0.832178029E-01-0.826715229E-01-0.820927613E-01
-0.814784187E-01-0.808254135E-01-0.801306677E-01-0.793910937E-01-0.786035797E-01
-0.777649794E-01-0.768721053E-01-0.759217286E-01-0.749105849E-01-0.738353855E-01
-0.726928317E-01-0.714796317E-01-0.701925187E-01-0.688282684E-01-0.673837156E-01
-0.658557692E-01-0.642414259E-01-0.625377818E-01-0.607420431E-01-0.588515340E-01
-0.568637040E-01-0.547761317E-01-0.525865294E-01-0.502927447E-01-0.478927623E-01
-0.453847051E-01-0.427668334E-01-0.400375454E-01-0.371953751E-01-0.342389916E-01
-0.311671975E-01-0.279789274E-01-0.246732466E-01-0.212493499E-01-0.177065614E-01
-0.140443339E-01-0.102622501E-01-0.636002380E-02-0.233750244E-02 0.180532910E-02
 0.606834351E-02 0.104512645E-01 0.149536585E-01 0.195749241E-01 0.243142797E-01
 0.291707479E-01 0.341431379E-01 0.392300232E-01 0.444297177E-01 0.497402456E-01
 0.551593087E-01 0.606842478E-01 0.663119994E-01 0.720390468E-01 0.778613658E-01
 0.837743632E-01 0.897728111E-01 0.958507741E-01 0.102001531E+00 0.108217495E+00
 0.114490122E+00 0.120809833E+00 0.127165919E+00 0.133546466E+00 0.139938283E+00
 0.146326843E+00 0.152696250E+00 0.159029234E+00 0.165307181E+00 0.171510216E+00
 0.177617332E+00 0.183606589E+00 0.189455372E+00 0.195140715E+00 0.200639689E+00
 0.205929827E+00 0.210989598E+00 0.215798872E+00 0.220339398E+00 0.224595223E+00
 0.228553074E+00 0.232202658E+00 0.235536876E+00 0.238551942E+00 0.241247403E+00
 0.243626057E+00 0.245693774E+00 0.247459236E+00 0.248933595E+00 0.250130075E+00
 0.251063539E+00 0.251750036E+00 0.252206360E+00-0.936667102E-01-0.971915829E-01
-0.989111763E-01-0.987711687E-01-0.968811048E-01-0.950551692E-01-0.934559816E-01
-0.920580894E-01-0.908420793E-01-0.897881237E-01-0.888769361E-01-0.880904205E-01
-0.874120038E-01-0.868267431E-01-0.863212931E-01-0.858837950E-01-0.855037287E-01
-0.851717546E-01-0.848795589E-01-0.846197110E-01-0.843855348E-01-0.841709969E-01
-0.839706079E-01-0.837793389E-01-0.835925484E-01-0.834059210E-01-0.832154142E-01
-0.830172132E-01-0.828076919E-01-0.825833800E-01-0.823409341E-01-0.820771137E-01
-0.817887597E-01-0.814727763E-01-0.811261153E-01-0.807457612E-01-0.803287180E-01
-0.798719940E-01-0.793725855E-01-0.788274557E-01-0.782335099E-01-0.775875715E-01
-0.768863682E-01-0.761265332E-01-0.753046176E-01-0.744171114E-01-0.734604692E-01
-0.724311393E-01-0.713255921E-01-0.701403474E-01-0.688719979E-01-0.675172284E-01
-0.660728329E-01-0.645357306E-01-0.629029789E-01-0.611717844E-01-0.593395095E-01
-0.574036770E-01-0.553619726E-01-0.532122473E-01-0.509525190E-01-0.485809727E-01
-0.460959603E-01-0.434959991E-01-0.407797703E-01-0.379461167E-01-0.349940407E-01
-0.319227022E-01-0.287314166E-01-0.254196531E-01-0.219870339E-01-0.184333336E-01
-0.147584795E-01-0.109625529E-01-0.704579150E-02-0.300859230E-02 0.114848342E-02
 0.542470417E-02 0.981916051E-02 0.143307556E-01 0.189581938E-01 0.236999664E-01
 0.285543358E-01 0.335193164E-01 0.385926521E-01 0.437717914E-01 0.490538582E-01
 0.544356198E-01 0.599134499E-01 0.654832889E-01 0.711405996E-01 0.768803190E-01
 0.826968067E-01 0.885837904E-01 0.945343091E-01 0.100540654E+00 0.106594312E+00
 0.112685906E+00 0.118805147E+00 0.124940786E+00 0.131080582E+00 0.137211281E+00
 0.143318618E+00 0.149387340E+00 0.155401258E+00 0.161343336E+00 0.167195815E+00
 0.172940379E+00 0.178558356E+00 0.184030966E+00 0.189339599E+00 0.194466114E+00
 0.199393164E+00 0.204104516E+00 0.208585364E+00 0.212822618E+00 0.216805154E+00
 0.220524018E+00 0.223972571E+00 0.227146577E+00 0.230044214E+00 0.232666036E+00
 0.235014859E+00 0.237095597E+00 0.238915057E+00 0.240481682E+00 0.241805290E+00
 0.242896784E+00 0.243767878E+00-0.848484628E-01-0.882087472E-01-0.898510647E-01
-0.897215099E-01-0.880156468E-01-0.863454832E-01-0.849508822E-01-0.837972269E-01
-0.828525827E-01-0.820868102E-01-0.814727502E-01-0.809866185E-01-0.806079165E-01
-0.803191124E-01-0.801052432E-01-0.799535184E-01-0.798529605E-01-0.797940935E-01
-0.797686805E-01-0.797695057E-01-0.797901940E-01-0.798250621E-01-0.798689967E-01
-0.799173531E-01-0.799658711E-01-0.800106060E-01-0.800478699E-01-0.800741834E-01
-0.800862344E-01-0.800808438E-01-0.800549362E-01-0.800055159E-01-0.799296458E-01
-0.798244316E-01-0.796870078E-01-0.795145267E-01-0.793041497E-01-0.790530373E-01
-0.787583346E-01-0.784171443E-01-0.780264750E-01-0.775831654E-01-0.770838550E-01
-0.765249937E-01-0.759028739E-01-0.752136725E-01-0.744534979E-01-0.736184385E-01
-0.727046093E-01-0.717081950E-01-0.706254818E-01-0.694528743E-01-0.681869140E-01
-0.668243004E-01-0.653619110E-01-0.637968151E-01-0.621262791E-01-0.603477652E-01
-0.584589304E-01-0.564576291E-01-0.543419155E-01-0.521100441E-01-0.497604674E-01
-0.472918331E-01-0.447029810E-01-0.419929395E-01-0.391609226E-01-0.362063263E-01
-0.331287254E-01-0.299278711E-01-0.266036887E-01-0.231562768E-01-0.195859066E-01
-0.158930224E-01-0.120782433E-01-0.814236567E-02-0.408636672E-02 0.885905269E-04
 0.438115084E-02 0.878975892E-02 0.133126497E-01 0.179478370E-01 0.226930994E-01
 0.275459650E-01 0.325036923E-01 0.375632502E-01 0.427212935E-01 0.479741375E-01
 0.533177285E-01 0.587476120E-01 0.642588993E-01 0.698462304E-01 0.755037362E-01
 0.812249988E-01 0.870030123E-01 0.928301427E-01 0.986980911E-01 0.104597860E+00
 0.110519723E+00 0.116453207E+00 0.122387078E+00 0.128309345E+00 0.134207278E+00
 0.140067441E+00 0.145875756E+00 0.151617577E+00 0.157277801E+00 0.162841002E+00
 0.168291582E+00 0.173613961E+00 0.178792766E+00 0.183813053E+00 0.188660523E+00
 0.193321740E+00 0.197784345E+00 0.202037245E+00 0.206070776E+00 0.209876847E+00
 0.213449028E+00 0.216782612E+00 0.219874629E+00 0.222723822E+00 0.225330586E+00
 0.227696869E+00 0.229826054E+00 0.231722812E+00 0.233392947E+00 0.234843238E+00
 0.236081276E+00-0.747466360E-01-0.778556005E-01-0.794073270E-01-0.793389972E-01
-0.779741047E-01-0.765878947E-01-0.755280687E-01-0.747470065E-01-0.741922738E-01
-0.738198548E-01-0.735940627E-01-0.734863049E-01-0.734736817E-01-0.735377469E-01
-0.736635064E-01-0.738386408E-01-0.740529112E-01-0.742977058E-01-0.745656930E-01
-0.748505542E-01-0.751467769E-01-0.754494913E-01-0.757543423E-01-0.760573861E-01
-0.763550074E-01-0.766438518E-01-0.769207705E-01-0.771827744E-01-0.774269957E-01
-0.776506565E-01-0.778510416E-01-0.780254767E-01-0.781713107E-01-0.782859018E-01
-0.783666084E-01-0.784107858E-01-0.784157891E-01-0.783789839E-01-0.782977626E-01
-0.781695480E-01-0.779917190E-01-0.777612293E-01-0.774745912E-01-0.771279553E-01
-0.767172026E-01-0.762380305E-01-0.756860316E-01-0.750567696E-01-0.743458570E-01
-0.735490337E-01-0.726622273E-01-0.716815011E-01-0.706030753E-01-0.694233670E-01
-0.681390306E-01-0.667469856E-01-0.652444162E-01-0.636287320E-01-0.618975597E-01
-0.600487543E-01-0.580804112E-01-0.559908674E-01-0.537786924E-01-0.514426806E-01
-0.489818469E-01-0.463954225E-01-0.436828495E-01-0.408437753E-01-0.378780480E-01
-0.347857115E-01-0.315670027E-01-0.282223491E-01-0.247523675E-01-0.211578637E-01
-0.174398330E-01-0.135994615E-01-0.963812825E-02-0.555740911E-02-0.135908078E-02
 0.295487332E-02 0.738225588E-02 0.119206470E-01 0.165673938E-01 0.213195981E-01
 0.261741023E-01 0.311274736E-01 0.361759851E-01 0.413155967E-01 0.465419325E-01
 0.518502577E-01 0.572354529E-01 0.626919888E-01 0.682138986E-01 0.737947517E-01
 0.794276271E-01 0.851050888E-01 0.908191640E-01 0.965613247E-01 0.102322475E+00
 0.108092945E+00 0.113862494E+00 0.119620323E+00 0.125355099E+00 0.131054996E+00
 0.136707748E+00 0.142300718E+00 0.147820987E+00 0.153255454E+00 0.158590957E+00
 0.163814404E+00 0.168912911E+00 0.173873953E+00 0.178685510E+00 0.183336216E+00
 0.187815493E+00 0.192113674E+00 0.196222112E+00 0.200133257E+00 0.203840722E+00
 0.207339309E+00 0.210625025E+00 0.213695065E+00 0.216547776E+00 0.219182612E+00
 0.221600075E+00 0.223801642E+00 0.225789705E+00 0.227567504E+00 0.229139063E+00
-0.633807978E-01-0.661611416E-01-0.676060332E-01-0.676811206E-01-0.664666819E-01
-0.655742083E-01-0.650822521E-01-0.648754794E-01-0.648760010E-01-0.650295164E-01
-0.652976711E-01-0.656527360E-01-0.660741442E-01-0.665462587E-01-0.670569124E-01
-0.675964339E-01-0.681569820E-01-0.687320801E-01-0.693162833E-01-0.699049351E-01
-0.704939863E-01-0.710798579E-01-0.716593347E-01-0.722294827E-01-0.727875830E-01
-0.733310781E-01-0.738575292E-01-0.743645794E-01-0.748499241E-01-0.753112852E-01
-0.757463897E-01-0.761529513E-01-0.765286551E-01-0.768711459E-01-0.771780206E-01
-0.774468280E-01-0.776750808E-01-0.778602961E-01-0.780001010E-01-0.780925037E-01
-0.781366001E-01-0.781295005E-01-0.780672979E-01-0.779455085E-01-0.777592929E-01
-0.775035876E-01-0.771732006E-01-0.767628997E-01-0.762675206E-01-0.756821540E-01
-0.750025590E-01-0.742243899E-01-0.733434109E-01-0.723556217E-01-0.712573642E-01
-0.700454198E-01-0.687170367E-01-0.672696086E-01-0.657007001E-01-0.640081316E-01
-0.621900410E-01-0.602448879E-01-0.581713922E-01-0.559685166E-01-0.536354715E-01
-0.511717151E-01-0.485769427E-01-0.458510761E-01-0.429942555E-01-0.400068337E-01
-0.368893713E-01-0.336426332E-01-0.302675871E-01-0.267654023E-01-0.231374488E-01
-0.193852977E-01-0.155107222E-01-0.115156982E-01-0.740240720E-02-0.317323917E-02
 0.116920348E-02 0.562210030E-02 0.101824061E-01 0.148468425E-01 0.196118886E-01
 0.244737690E-01 0.294284416E-01 0.344715832E-01 0.395985740E-01 0.448044814E-01
 0.500840426E-01 0.554316472E-01 0.608413198E-01 0.663067028E-01 0.718210408E-01
 0.773771670E-01 0.829674918E-01 0.885839956E-01 0.942182265E-01 0.998613028E-01
 0.105503924E+00 0.111136387E+00 0.116748616E+00 0.122330197E+00 0.127870423E+00
 0.133358357E+00 0.138782894E+00 0.144132844E+00 0.149397013E+00 0.154564298E+00
 0.159623786E+00 0.164564849E+00 0.169377239E+00 0.174051184E+00 0.178577466E+00
 0.182947493E+00 0.187153353E+00 0.191187859E+00 0.195044567E+00 0.198717787E+00
 0.202202580E+00 0.205494737E+00 0.208590764E+00 0.211487859E+00 0.214183898E+00
 0.216677429E+00 0.218967678E+00 0.221054576E+00 0.222938789E+00-0.494068129E-01
-0.513927193E-01-0.526692762E-01-0.532336491E-01-0.530112310E-01-0.531824778E-01
-0.536561672E-01-0.542977084E-01-0.550437544E-01-0.558582125E-01-0.567185431E-01
-0.576096833E-01-0.585210156E-01-0.594447265E-01-0.603748544E-01-0.613067071E-01
-0.622364864E-01-0.631610378E-01-0.640776760E-01-0.649840613E-01-0.658781069E-01
-0.667579109E-01-0.676217022E-01-0.684677986E-01-0.692945727E-01-0.701004239E-01
-0.708837549E-01-0.716429513E-01-0.723763642E-01-0.730822938E-01-0.737589752E-01
-0.744045641E-01-0.750171240E-01-0.755946126E-01-0.761348669E-01-0.766355850E-01
-0.770942959E-01-0.775082971E-01-0.778745007E-01-0.781890210E-01-0.784635490E-01
-0.786918664E-01-0.788680647E-01-0.789862279E-01-0.790403240E-01-0.790241878E-01
-0.789315316E-01-0.787559463E-01-0.784908373E-01-0.781291991E-01-0.776693721E-01
-0.771058460E-01-0.764334874E-01-0.756475152E-01-0.747436253E-01-0.737183799E-01
-0.725702385E-01-0.712964967E-01-0.698943603E-01-0.683614067E-01-0.666958115E-01
-0.648963801E-01-0.629620537E-01-0.608919530E-01-0.586854873E-01-0.563423882E-01
-0.538626468E-01-0.512464911E-01-0.484943815E-01-0.456070005E-01-0.425852471E-01
-0.394302352E-01-0.361432914E-01-0.327259538E-01-0.291799706E-01-0.255072992E-01
-0.217101047E-01-0.177907595E-01-0.137518423E-01-0.959613805E-02-0.532663858E-02
-0.946544252E-03 0.354073316E-02 0.813156637E-02 0.128221071E-01 0.176082794E-01
 0.224857718E-01 0.274500286E-01 0.324962398E-01 0.376193314E-01 0.428139547E-01
 0.480744755E-01 0.533949646E-01 0.587691884E-01 0.641906008E-01 0.696523379E-01
 0.751472145E-01 0.806677238E-01 0.862060418E-01 0.917540351E-01 0.973032750E-01
 0.102845057E+00 0.108370427E+00 0.113870212E+00 0.119335063E+00 0.124755497E+00
 0.130121950E+00 0.135424835E+00 0.140654599E+00 0.145801793E+00 0.150857125E+00
 0.155811531E+00 0.160656220E+00 0.165382732E+00 0.169982972E+00 0.174449234E+00
 0.178774219E+00 0.182951031E+00 0.186973163E+00 0.190834473E+00 0.194529147E+00
 0.198051672E+00 0.201396803E+00 0.204559557E+00 0.207535218E+00 0.210319391E+00
 0.212908070E+00 0.215297764E+00 0.217485632E+00-0.328301586E-01-0.333107190E-01
-0.343433412E-01-0.359422778E-01-0.379817453E-01-0.399413079E-01-0.417338376E-01
-0.434173565E-01-0.450251143E-01-0.465752894E-01-0.480786468E-01-0.495419988E-01
-0.509698723E-01-0.523653832E-01-0.537307264E-01-0.550674664E-01-0.563767169E-01
-0.576592551E-01-0.589155959E-01-0.601460424E-01-0.613507181E-01-0.625295898E-01
-0.636824820E-01-0.648090864E-01-0.659089674E-01-0.669815650E-01-0.680261948E-01
-0.690420473E-01-0.700281843E-01-0.709835347E-01-0.719068884E-01-0.727968883E-01
-0.736520213E-01-0.744706067E-01-0.752507836E-01-0.759905015E-01-0.766875212E-01
-0.773394587E-01-0.779439493E-01-0.784991501E-01-0.790174348E-01-0.794923177E-01
-0.799172494E-01-0.802854920E-01-0.805901124E-01-0.808240305E-01-0.809801010E-01
-0.810512189E-01-0.810304454E-01-0.809111937E-01-0.806876149E-01-0.803537661E-01
-0.799037158E-01-0.793314760E-01-0.786307398E-01-0.777942400E-01-0.768325057E-01
-0.757389085E-01-0.745086683E-01-0.731383289E-01-0.716260090E-01-0.699726233E-01
-0.681771807E-01-0.662385818E-01-0.641563210E-01-0.619306341E-01-0.595618926E-01
-0.570506539E-01-0.543977385E-01-0.516041823E-01-0.486712343E-01-0.456003679E-01
-0.423932777E-01-0.390518787E-01-0.355783047E-01-0.319749064E-01-0.282442482E-01
-0.243891042E-01-0.204124538E-01-0.163174779E-01-0.121075547E-01-0.778625730E-02
-0.335735221E-02 0.117520061E-02 0.580724651E-02 0.105344337E-01 0.153522097E-01
 0.202558172E-01 0.252402894E-01 0.303004448E-01 0.354308822E-01 0.406259763E-01
 0.458798728E-01 0.511864861E-01 0.565394970E-01 0.619323527E-01 0.673582690E-01
 0.728102355E-01 0.782810227E-01 0.837631945E-01 0.892491227E-01 0.947310067E-01
 0.100200897E+00 0.105650725E+00 0.111072333E+00 0.116457508E+00 0.121798028E+00
 0.127085695E+00 0.132312378E+00 0.137470056E+00 0.142550854E+00 0.147547074E+00
 0.152451218E+00 0.157256009E+00 0.161954386E+00 0.166539498E+00 0.171004669E+00
 0.175343360E+00 0.179549106E+00 0.183615441E+00 0.187535819E+00 0.191303531E+00
 0.194911645E+00 0.198352964E+00 0.201620042E+00 0.204705259E+00 0.207600976E+00
 0.210299765E+00 0.212794701E+00-0.177880756E-01-0.171737903E-01-0.180160003E-01
-0.203549276E-01-0.239950086E-01-0.273319583E-01-0.302477034E-01-0.328702070E-01
-0.352797957E-01-0.375280276E-01-0.396492247E-01-0.416671044E-01-0.435986145E-01
-0.454562179E-01-0.472493038E-01-0.489850867E-01-0.506691975E-01-0.523060830E-01
-0.538992816E-01-0.554516180E-01-0.569653428E-01-0.584422348E-01-0.598836757E-01
-0.612907066E-01-0.626640691E-01-0.640042370E-01-0.653114394E-01-0.665856769E-01
-0.678267334E-01-0.690341831E-01-0.702073929E-01-0.713455216E-01-0.724475140E-01
-0.735120889E-01-0.745377185E-01-0.755225908E-01-0.764645416E-01-0.773609205E-01
-0.782083179E-01-0.790217866E-01-0.797982040E-01-0.805324106E-01-0.812180139E-01
-0.818478444E-01-0.824142297E-01-0.829091662E-01-0.833245315E-01-0.836523253E-01
-0.838848626E-01-0.840148846E-01-0.840355984E-01-0.839405769E-01-0.837237228E-01
-0.833792702E-01-0.829018688E-01-0.822869034E-01-0.815314702E-01-0.806312545E-01
-0.795813981E-01-0.783765637E-01-0.770105509E-01-0.755030557E-01-0.738467532E-01
-0.720378451E-01-0.700754038E-01-0.679623276E-01-0.656991920E-01-0.632866170E-01
-0.607259555E-01-0.580186088E-01-0.551661416E-01-0.521703992E-01-0.490334550E-01
-0.457576064E-01-0.423453849E-01-0.387995496E-01-0.351230808E-01-0.313191723E-01
-0.273912223E-01-0.233428230E-01-0.191777512E-01-0.148999598E-01-0.105135724E-01
-0.602287910E-02-0.143233429E-02 0.325344457E-02 0.802967695E-02 0.128914189E-01
 0.178335623E-01 0.228508340E-01 0.279377954E-01 0.330888420E-01 0.382982043E-01
 0.435599488E-01 0.488679813E-01 0.542160506E-01 0.595977551E-01 0.650065503E-01
 0.704357602E-01 0.758785899E-01 0.813281418E-01 0.867774346E-01 0.922194249E-01
 0.976470316E-01 0.103053162E+00 0.108430743E+00 0.113772744E+00 0.119072213E+00
 0.124322303E+00 0.129516291E+00 0.134647605E+00 0.139709830E+00 0.144696714E+00
 0.149602155E+00 0.154420178E+00 0.159144886E+00 0.163770395E+00 0.168290744E+00
 0.172699779E+00 0.176991010E+00 0.181157457E+00 0.185191470E+00 0.189084576E+00
 0.192827343E+00 0.196409333E+00 0.199819162E+00 0.203044724E+00 0.206073583E+00
 0.208893517E+00-0.568378304E-02-0.460448705E-02-0.532571821E-02-0.791747583E-02
-0.122732235E-01-0.162734543E-01-0.198774642E-01-0.231659651E-01-0.261988990E-01
-0.290235981E-01-0.316766415E-01-0.341861957E-01-0.365740795E-01-0.388573666E-01
-0.410495715E-01-0.431615128E-01-0.452019399E-01-0.471779904E-01-0.490955274E-01
-0.509593900E-01-0.527735820E-01-0.545414148E-01-0.562656169E-01-0.579484186E-01
-0.595916177E-01-0.611966299E-01-0.627645290E-01-0.642960768E-01-0.657917462E-01
-0.672517382E-01-0.686759934E-01-0.700641989E-01-0.714157913E-01-0.727299556E-01
-0.740056193E-01-0.752414412E-01-0.764357908E-01-0.775867011E-01-0.786917507E-01
-0.797682690E-01-0.808115846E-01-0.818156387E-01-0.827733253E-01-0.836764591E-01
-0.845159178E-01-0.852823014E-01-0.859663711E-01-0.865592648E-01-0.870526170E-01
-0.874386107E-01-0.877099714E-01-0.878599288E-01-0.878821886E-01-0.877709252E-01
-0.875208001E-01-0.871269921E-01-0.865851632E-01-0.858910769E-01-0.850405695E-01
-0.840296796E-01-0.828551120E-01-0.815156573E-01-0.800080527E-01-0.783282188E-01
-0.764715125E-01-0.744653005E-01-0.723019409E-01-0.699796859E-01-0.675028547E-01
-0.648728083E-01-0.620910136E-01-0.591598800E-01-0.560818777E-01-0.528596545E-01
-0.494961648E-01-0.459946049E-01-0.423583986E-01-0.385911955E-01-0.346968518E-01
-0.306794073E-01-0.265430670E-01-0.222921865E-01-0.179312616E-01-0.134649221E-01
-0.889792704E-02-0.423516105E-02 0.518367804E-03 0.535753058E-02 0.102770798E-01
 0.152716519E-01 0.203357705E-01 0.254638496E-01 0.306501982E-01 0.358890251E-01
 0.411744453E-01 0.465004875E-01 0.518611029E-01 0.572501760E-01 0.626615370E-01
 0.680889760E-01 0.735262598E-01 0.789671500E-01 0.844054235E-01 0.898348943E-01
 0.952494370E-01 0.100643010E+00 0.106009680E+00 0.111343644E+00 0.116639248E+00
 0.121891005E+00 0.127093604E+00 0.132241908E+00 0.137330948E+00 0.142355893E+00
 0.147312010E+00 0.152194595E+00 0.156998874E+00 0.161719875E+00 0.166352254E+00
 0.170890075E+00 0.175326537E+00 0.179653654E+00 0.183861897E+00 0.187939836E+00
 0.191873853E+00 0.195648030E+00 0.199244361E+00 0.202643384E+00 0.205825218E+00
 0.382894218E-02 0.510528242E-02 0.445058531E-02 0.179500591E-02-0.244901306E-02
-0.677049310E-02-0.107807800E-01-0.145069165E-01-0.179853005E-01-0.212492971E-01
-0.243280326E-01-0.272462919E-01-0.300248960E-01-0.326812458E-01-0.352298757E-01
-0.376829496E-01-0.400506785E-01-0.423416645E-01-0.445631764E-01-0.467213724E-01
-0.488214767E-01-0.508679222E-01-0.528644640E-01-0.548142710E-01-0.567199995E-01
-0.585838525E-01-0.604076267E-01-0.621927509E-01-0.639403157E-01-0.656510969E-01
-0.673255734E-01-0.689639410E-01-0.705661230E-01-0.721317805E-01-0.736603267E-01
-0.751509574E-01-0.766027281E-01-0.780147641E-01-0.793868390E-01-0.807358646E-01
-0.820561660E-01-0.833409349E-01-0.845815083E-01-0.857676386E-01-0.868885938E-01
-0.879337560E-01-0.888930252E-01-0.897569620E-01-0.905167912E-01-0.911643551E-01
-0.916920571E-01-0.920928102E-01-0.923600027E-01-0.924874805E-01-0.924695424E-01
-0.923009387E-01-0.919768557E-01-0.914928783E-01-0.908450009E-01-0.900296801E-01
-0.890438963E-01-0.878851042E-01-0.865506596E-01-0.850377153E-01-0.833436029E-01
-0.814675198E-01-0.794062463E-01-0.771552204E-01-0.747537443E-01-0.721922421E-01
-0.694691288E-01-0.665905138E-01-0.635588509E-01-0.603766845E-01-0.570476263E-01
-0.535753633E-01-0.499637714E-01-0.462170293E-01-0.423395306E-01-0.383358327E-01
-0.342106208E-01-0.299686888E-01-0.256149294E-01-0.211543284E-01-0.165919612E-01
-0.119329890E-01-0.718265552E-02-0.234628293E-02 0.257073301E-02 0.756292821E-02
 0.126247763E-01 0.177506953E-01 0.229350550E-01 0.281721851E-01 0.334563844E-01
 0.387819305E-01 0.441430912E-01 0.495341371E-01 0.549493550E-01 0.603830636E-01
 0.658296306E-01 0.712834906E-01 0.767391651E-01 0.821912837E-01 0.876346058E-01
 0.930640424E-01 0.984746779E-01 0.103861791E+00 0.109220870E+00 0.114547631E+00
 0.119838021E+00 0.125088221E+00 0.130294632E+00 0.135453850E+00 0.140562620E+00
 0.145617763E+00 0.150616073E+00 0.155554167E+00 0.160428276E+00 0.165233968E+00
 0.169965760E+00 0.174616613E+00 0.179177273E+00 0.183635447E+00 0.187974876E+00
 0.192174507E+00 0.196208174E+00 0.200045417E+00 0.203653728E+00 0.122282970E-01
 0.136735129E-01 0.130790042E-01 0.103781244E-01 0.590059192E-02 0.137465856E-02
-0.288624650E-02-0.690110884E-02-0.106916594E-01-0.142798801E-01-0.176867999E-01
-0.209318181E-01-0.240324110E-01-0.270040843E-01-0.298604647E-01-0.326134599E-01
-0.352734415E-01-0.378494276E-01-0.403492533E-01-0.427797214E-01-0.451467357E-01
-0.474554142E-01-0.497101861E-01-0.519148731E-01-0.540727588E-01-0.561866451E-01
-0.582589006E-01-0.602914988E-01-0.622860508E-01-0.642438303E-01-0.661657940E-01
-0.680525966E-01-0.699046016E-01-0.717218853E-01-0.735042299E-01-0.752510872E-01
-0.769614559E-01-0.786335140E-01-0.802864056E-01-0.819188879E-01-0.835263920E-01
-0.851009442E-01-0.866315821E-01-0.881062504E-01-0.895129670E-01-0.908404454E-01
-0.920782382E-01-0.932166904E-01-0.942468362E-01-0.951603031E-01-0.959492347E-01
-0.966062349E-01-0.971243311E-01-0.974969556E-01-0.977179417E-01-0.977815284E-01
-0.976823720E-01-0.974155627E-01-0.969766543E-01-0.963617016E-01-0.955672929E-01
-0.945905512E-01-0.934290902E-01-0.920810265E-01-0.905450335E-01-0.888202981E-01
-0.869058693E-01-0.848005900E-01-0.825046943E-01-0.800135554E-01-0.773237954E-01
-0.744854926E-01-0.714877589E-01-0.683295885E-01-0.650187744E-01-0.615590953E-01
-0.579544769E-01-0.542099416E-01-0.503306046E-01-0.463216680E-01-0.421883639E-01
-0.379359597E-01-0.335697639E-01-0.290951308E-01-0.245174628E-01-0.198422093E-01
-0.150748631E-01-0.102209548E-01-0.528604611E-02-0.275721592E-03 0.480442044E-02
 0.994877751E-02 0.151517533E-01 0.204077685E-01 0.257112721E-01 0.310567535E-01
 0.364387555E-01 0.418518882E-01 0.472908435E-01 0.527504120E-01 0.582254998E-01
 0.637111479E-01 0.692025519E-01 0.746950834E-01 0.801843122E-01 0.856660290E-01
 0.911362685E-01 0.965913310E-01 0.102027804E+00 0.107442579E+00 0.112832868E+00
 0.118196209E+00 0.123530469E+00 0.128833827E+00 0.134104755E+00 0.139341960E+00
 0.144544312E+00 0.149710721E+00 0.154839959E+00 0.159930394E+00 0.164979600E+00
 0.169983772E+00 0.174936837E+00 0.179829084E+00 0.184645060E+00 0.189360529E+00
 0.193938925E+00 0.198329989E+00 0.202475238E+00 0.195468083E-01 0.211058170E-01
 0.205770012E-01 0.178362636E-01 0.130019173E-01 0.834530278E-02 0.392321917E-02
-0.286048517E-03-0.429598763E-02-0.812120545E-02-0.117766827E-01-0.152771314E-01
-0.186365644E-01-0.218680403E-01-0.249835396E-01-0.279939304E-01-0.309089930E-01
-0.337374777E-01-0.364871805E-01-0.391650253E-01-0.417771454E-01-0.443289619E-01
-0.468252543E-01-0.492702250E-01-0.516675558E-01-0.540204569E-01-0.563317094E-01
-0.586037010E-01-0.608384560E-01-0.630376600E-01-0.652026796E-01-0.673345787E-01
-0.694341327E-01-0.715018467E-01-0.735379901E-01-0.755426878E-01-0.775161635E-01
-0.794593986E-01-0.813929898E-01-0.833131472E-01-0.852129597E-01-0.870809577E-01
-0.889037283E-01-0.906678553E-01-0.923608388E-01-0.939712442E-01-0.954885796E-01
-0.969031375E-01-0.982058537E-01-0.993881945E-01-0.100442072E+00-0.101359784E+00
-0.102133984E+00-0.102757665E+00-0.103224163E+00-0.103527171E+00-0.103660761E+00
-0.103619414E+00-0.103398056E+00-0.102992104E+00-0.102397505E+00-0.101610779E+00
-0.100629063E+00-0.994501564E-01-0.980725670E-01-0.964955232E-01-0.947189151E-01
-0.927432612E-01-0.905696128E-01-0.881987820E-01-0.856313294E-01-0.828684051E-01
-0.799045481E-01-0.767392861E-01-0.734300524E-01-0.699659186E-01-0.663475083E-01
-0.625842564E-01-0.586820172E-01-0.546468401E-01-0.504844798E-01-0.462006563E-01
-0.418010725E-01-0.372914427E-01-0.326774978E-01-0.279649854E-01-0.231596645E-01
-0.182672967E-01-0.132936358E-01-0.824441627E-02-0.312533989E-02 0.205793688E-02
 0.729981639E-02 0.125947731E-01 0.179373670E-01 0.233222573E-01 0.287442163E-01
 0.341981446E-01 0.396790862E-01 0.451822455E-01 0.507030055E-01 0.562369466E-01
 0.617798682E-01 0.673278105E-01 0.728770785E-01 0.784242672E-01 0.839662879E-01
 0.895003952E-01 0.950242151E-01 0.100535772E+00 0.106033516E+00 0.111516346E+00
 0.116983637E+00 0.122435250E+00 0.127871550E+00 0.133293399E+00 0.138702151E+00
 0.144099609E+00 0.149487964E+00 0.154869679E+00 0.160247303E+00 0.165623159E+00
 0.170998804E+00 0.176374046E+00 0.181744957E+00 0.187099261E+00 0.192403746E+00
 0.197572168E+00 0.202457008E+00 0.251161556E-01 0.267121463E-01 0.261924619E-01
 0.234822413E-01 0.189949265E-01 0.142833143E-01 0.975584672E-02 0.541455232E-02
 0.125061576E-02-0.274629885E-02-0.658732657E-02-0.102838869E-01-0.138472867E-01
-0.172884361E-01-0.206176614E-01-0.238445956E-01-0.269781276E-01-0.300263927E-01
-0.329967899E-01-0.358960167E-01-0.387301126E-01-0.415045070E-01-0.442240671E-01
-0.468931441E-01-0.495156162E-01-0.520949279E-01-0.546341241E-01-0.571358812E-01
-0.596025319E-01-0.620360875E-01-0.644382529E-01-0.668104366E-01-0.691537506E-01
-0.714689922E-01-0.737565905E-01-0.760164759E-01-0.782477798E-01-0.804725520E-01
-0.826925574E-01-0.849044581E-01-0.870978774E-01-0.892584531E-01-0.913712837E-01
-0.934225582E-01-0.953997938E-01-0.972916545E-01-0.990877292E-01-0.100778334E+00
-0.102354348E+00-0.103807089E+00-0.105128232E+00-0.106309754E+00-0.107343915E+00
-0.108223255E+00-0.108940603E+00-0.109489100E+00-0.109862224E+00-0.110053828E+00
-0.110058178E+00-0.109869999E+00-0.109484521E+00-0.108897532E+00-0.108105433E+00
-0.107105298E+00-0.105894936E+00-0.104472942E+00-0.102838752E+00-0.100992678E+00
-0.989359027E-01-0.966703941E-01-0.941987996E-01-0.915241778E-01-0.886490158E-01
-0.855749696E-01-0.823027969E-01-0.788286721E-01-0.751598895E-01-0.713542638E-01
-0.674049657E-01-0.633206201E-01-0.591065762E-01-0.547689374E-01-0.503137003E-01
-0.457469137E-01-0.410746355E-01-0.363029275E-01-0.314378415E-01-0.264854040E-01
-0.214515998E-01-0.163423543E-01-0.111635156E-01-0.592083703E-02-0.619960506E-03
 0.473359924E-02 0.101344695E-01 0.155774342E-01 0.210574482E-01 0.265696522E-01
 0.321093883E-01 0.376722171E-01 0.432539349E-01 0.488505945E-01 0.544585256E-01
 0.600743595E-01 0.656950539E-01 0.713179222E-01 0.769406633E-01 0.825613959E-01
 0.881786945E-01 0.937916287E-01 0.993998061E-01 0.105003418E+00 0.110603290E+00
 0.116200934E+00 0.121798610E+00 0.127399388E+00 0.133007223E+00 0.138627033E+00
 0.144264801E+00 0.149927697E+00 0.155624236E+00 0.161364522E+00 0.167160640E+00
 0.173027375E+00 0.178983718E+00 0.185056657E+00 0.191293589E+00 0.197747890E+00
 0.203659475E+00 0.301964086E-01 0.318518457E-01 0.313568899E-01 0.286400765E-01
 0.240576690E-01 0.192939692E-01 0.146991894E-01 0.102708644E-01 0.600199184E-02
 0.188425410E-02-0.209146078E-02-0.593464240E-02-0.965482824E-02-0.132613587E-01
-0.167632064E-01-0.201688673E-01-0.234862978E-01-0.267228879E-01-0.298854578E-01
-0.329802714E-01-0.360130598E-01-0.389890506E-01-0.419129999E-01-0.447892249E-01
-0.476216349E-01-0.504137610E-01-0.531687836E-01-0.558895565E-01-0.585786290E-01
-0.612382646E-01-0.638704581E-01-0.664769495E-01-0.690592367E-01-0.716185847E-01
-0.741560271E-01-0.766723396E-01-0.791679224E-01-0.816685785E-01-0.841734768E-01
-0.866749187E-01-0.891580532E-01-0.916062836E-01-0.940042061E-01-0.963381043E-01
-0.985957070E-01-0.100765883E+00-0.102838362E+00-0.104803498E+00-0.106652095E+00
-0.108375288E+00-0.109964476E+00-0.111411287E+00-0.112707577E+00-0.113845428E+00
-0.114817168E+00-0.115615398E+00-0.116233020E+00-0.116663273E+00-0.116899774E+00
-0.116936565E+00-0.116768158E+00-0.116389590E+00-0.115796481E+00-0.114985093E+00
-0.113952397E+00-0.112696131E+00-0.111214873E+00-0.109508101E+00-0.107576250E+00
-0.105420759E+00-0.103044091E+00-0.100449702E+00-0.976418615E-01-0.946253830E-01
-0.914050187E-01-0.879840079E-01-0.843620872E-01-0.805354229E-01-0.765057040E-01
-0.723506485E-01-0.680608844E-01-0.636459536E-01-0.591115790E-01-0.544642931E-01
-0.497104949E-01-0.448566080E-01-0.399090255E-01-0.348740938E-01-0.297580863E-01
-0.245671780E-01-0.193074204E-01-0.139847175E-01-0.860480535E-02-0.317323497E-02
 0.230464294E-02 0.782369182E-02 0.133790027E-01 0.189659077E-01 0.245799947E-01
 0.302171229E-01 0.358734399E-01 0.415454012E-01 0.472297916E-01 0.529237492E-01
 0.586247934E-01 0.643308551E-01 0.700403118E-01 0.757520270E-01 0.814653948E-01
 0.871803903E-01 0.928976275E-01 0.986184253E-01 0.104344883E+00 0.110079971E+00
 0.115827631E+00 0.121592904E+00 0.127382076E+00 0.133202866E+00 0.139064659E+00
 0.144978811E+00 0.150959065E+00 0.157022137E+00 0.163188596E+00 0.169484229E+00
 0.175942230E+00 0.182606654E+00 0.189536878E+00 0.196762575E+00 0.203473130E+00
 0.347346503E-01 0.364043508E-01 0.359839938E-01 0.332070157E-01 0.282508685E-01
 0.234504776E-01 0.188197264E-01 0.143415745E-01 0.100087311E-01 0.581309746E-02
 0.174610087E-02-0.220095883E-02-0.603666768E-02-0.976933870E-02-0.134069138E-01
-0.169569078E-01-0.204263821E-01-0.238219367E-01-0.271497159E-01-0.304154223E-01
-0.336243346E-01-0.367813306E-01-0.398909088E-01-0.429572128E-01-0.459840531E-01
-0.489749290E-01-0.519330490E-01-0.548613493E-01-0.577625109E-01-0.606389760E-01
-0.634929640E-01-0.663264900E-01-0.691413928E-01-0.719393894E-01-0.747221992E-01
-0.774918476E-01-0.802514210E-01-0.830267414E-01-0.858141209E-01-0.885998680E-01
-0.913657855E-01-0.940945048E-01-0.967707754E-01-0.993812086E-01-0.101913868E+00
-0.104357879E+00-0.106703100E+00-0.108939869E+00-0.111058849E+00-0.113050942E+00
-0.114907241E+00-0.116619015E+00-0.118177711E+00-0.119574968E+00-0.120802634E+00
-0.121852793E+00-0.122717796E+00-0.123390297E+00-0.123863290E+00-0.124130157E+00
-0.124184713E+00-0.124021262E+00-0.123634650E+00-0.123020330E+00-0.122174421E+00
-0.121093779E+00-0.119776065E+00-0.118219810E+00-0.116424492E+00-0.114390598E+00
-0.112119686E+00-0.109614437E+00-0.106878684E+00-0.103917405E+00-0.100736607E+00
-0.973430018E-01-0.937434058E-01-0.899438915E-01-0.859479165E-01-0.817528404E-01
-0.773510672E-01-0.728363074E-01-0.681975704E-01-0.634452164E-01-0.585854229E-01
-0.536251635E-01-0.485712292E-01-0.434303712E-01-0.382092369E-01-0.329143355E-01
-0.275519991E-01-0.221283478E-01-0.166492668E-01-0.111203896E-01-0.554708676E-02
 0.655446596E-04 0.571269089E-02 0.113898322E-01 0.170927544E-01 0.228175625E-01
 0.285606953E-01 0.343189434E-01 0.400894694E-01 0.458698311E-01 0.516580094E-01
 0.574524402E-01 0.632520510E-01 0.690563040E-01 0.748652465E-01 0.806795690E-01
 0.865006735E-01 0.923307540E-01 0.981728912E-01 0.104031165E+00 0.109910791E+00
 0.115818281E+00 0.121761641E+00 0.127750616E+00 0.133796988E+00 0.139914948E+00
 0.146121563E+00 0.152437366E+00 0.158887085E+00 0.165500525E+00 0.172313538E+00
 0.179368844E+00 0.186716148E+00 0.194401963E+00 0.201638439E+00 0.376019448E-01
 0.392799550E-01 0.388059362E-01 0.361049778E-01 0.315772179E-01 0.267993147E-01
 0.221653859E-01 0.176744113E-01 0.133170697E-01 0.908382331E-02 0.496545045E-02
 0.953247576E-03-0.296091381E-02-0.678460170E-02-0.105248649E-01-0.141882789E-01
-0.177809879E-01-0.213087395E-01-0.247769146E-01-0.281905520E-01-0.315543698E-01
-0.348727846E-01-0.381499292E-01-0.413896693E-01-0.445956183E-01-0.477711524E-01
-0.509194238E-01-0.540433734E-01-0.571457422E-01-0.602290803E-01-0.632957535E-01
-0.663479419E-01-0.693876234E-01-0.724165209E-01-0.754359674E-01-0.784465839E-01
-0.814746591E-01-0.845246464E-01-0.875896104E-01-0.906516821E-01-0.936915411E-01
-0.966921259E-01-0.996387020E-01-0.102518383E+00-0.105319629E+00-0.108031788E+00
-0.110644763E+00-0.113148797E+00-0.115534358E+00-0.117792080E+00-0.119912740E+00
-0.121887251E+00-0.123706673E+00-0.125362222E+00-0.126845293E+00-0.128147485E+00
-0.129260633E+00-0.130176834E+00-0.130888495E+00-0.131388368E+00-0.131669601E+00
-0.131725789E+00-0.131551030E+00-0.131139987E+00-0.130487949E+00-0.129590903E+00
-0.128445605E+00-0.127049647E+00-0.125401540E+00-0.123500783E+00-0.121347939E+00
-0.118944706E+00-0.116293990E+00-0.113399963E+00-0.110268117E+00-0.106905286E+00
-0.103319614E+00-0.995203618E-01-0.955172341E-01-0.913189925E-01-0.869313345E-01
-0.823535403E-01-0.775716064E-01-0.726903973E-01-0.676981852E-01-0.626059625E-01
-0.574204072E-01-0.521488967E-01-0.467985665E-01-0.413763929E-01-0.358891014E-01
-0.303431045E-01-0.247444843E-01-0.190989903E-01-0.134120404E-01-0.768871880E-02
-0.193377297E-02 0.384839269E-02 0.965372420E-02 0.154785274E-01 0.213194798E-01
 0.271736445E-01 0.330384879E-01 0.389119009E-01 0.447922239E-01 0.506782778E-01
 0.565694002E-01 0.624654882E-01 0.683670500E-01 0.742752657E-01 0.801920588E-01
 0.861201828E-01 0.920633230E-01 0.980262196E-01 0.104014814E+00 0.110036428E+00
 0.116099976E+00 0.122216220E+00 0.128398086E+00 0.134661022E+00 0.141023436E+00
 0.147507172E+00 0.154138025E+00 0.160946224E+00 0.167966768E+00 0.175239431E+00
 0.182808231E+00 0.190735648E+00 0.198392543E+00 0.401295495E-01 0.417946287E-01
 0.413201411E-01 0.386337253E-01 0.341056071E-01 0.293647358E-01 0.247701589E-01
 0.203110314E-01 0.159730657E-01 0.117438999E-01 0.761314686E-02 0.357205536E-02
-0.386885165E-03-0.427027717E-02-0.808406112E-02-0.118336851E-01-0.155242177E-01
-0.191604205E-01-0.227467962E-01-0.262876183E-01-0.297869521E-01-0.332486689E-01
-0.366764569E-01-0.400738300E-01-0.434441356E-01-0.467905621E-01-0.501161458E-01
-0.534237786E-01-0.567162145E-01-0.599960785E-01-0.632658748E-01-0.665279963E-01
-0.697847345E-01-0.730382812E-01-0.762907018E-01-0.795438050E-01-0.828280072E-01
-0.861433727E-01-0.894752621E-01-0.928024930E-01-0.961056085E-01-0.993680841E-01
-0.102575797E+00-0.105716385E+00-0.108778630E+00-0.111751991E+00-0.114626321E+00
-0.117391701E+00-0.120038372E+00-0.122556695E+00-0.124937136E+00-0.127170272E+00
-0.129246798E+00-0.131157540E+00-0.132893473E+00-0.134445750E+00-0.135805719E+00
-0.136964964E+00-0.137915336E+00-0.138648993E+00-0.139158451E+00-0.139436627E+00
-0.139476902E+00-0.139273175E+00-0.138819935E+00-0.138112323E+00-0.137146214E+00
-0.135918287E+00-0.134426104E+00-0.132668199E+00-0.130644148E+00-0.128354663E+00
-0.125801666E+00-0.122988376E+00-0.119919387E+00-0.116600745E+00-0.113040025E+00
-0.109246362E+00-0.105230425E+00-0.101004174E+00-0.965801264E-01-0.919695833E-01
-0.871795399E-01-0.822092856E-01-0.770439749E-01-0.717946289E-01-0.664500017E-01
-0.610214317E-01-0.555162405E-01-0.499421910E-01-0.443066080E-01-0.386162507E-01
-0.328773935E-01-0.270958897E-01-0.212771991E-01-0.154263968E-01-0.954817449E-02
-0.364683818E-02 0.227369457E-02 0.820989932E-02 0.141586513E-01 0.201172348E-01
 0.260833558E-01 0.320551584E-01 0.380312463E-01 0.440107090E-01 0.499931537E-01
 0.559787454E-01 0.619682533E-01 0.679631085E-01 0.739654711E-01 0.799783128E-01
 0.860055137E-01 0.920519800E-01 0.981237851E-01 0.104228338E+00 0.110374589E+00
 0.116573273E+00 0.122837200E+00 0.129181604E+00 0.135624542E+00 0.142187346E+00
 0.148895100E+00 0.155777105E+00 0.162867230E+00 0.170204007E+00 0.177830280E+00
 0.185801347E+00 0.193546497E+00 0.422957318E-01 0.437902976E-01 0.434980826E-01
 0.406607605E-01 0.358020313E-01 0.311528200E-01 0.266659409E-01 0.223000297E-01
 0.180337991E-01 0.138529140E-01 0.974750929E-02 0.571040205E-02 0.173596436E-02
-0.218053831E-02-0.604332380E-02-0.985630450E-02-0.136232037E-01-0.173476180E-01
-0.210330490E-01-0.246829180E-01-0.283005716E-01-0.318892823E-01-0.354522474E-01
-0.389925872E-01-0.425133435E-01-0.460174787E-01-0.495078759E-01-0.529873400E-01
-0.564586001E-01-0.599243149E-01-0.633870839E-01-0.668494721E-01-0.703140677E-01
-0.737836210E-01-0.772613791E-01-0.807519068E-01-0.842855653E-01-0.878561994E-01
-0.914428249E-01-0.950230110E-01-0.985777770E-01-0.102091297E+00-0.105550104E+00
-0.108942275E+00-0.112256784E+00-0.115483088E+00-0.118610918E+00-0.121630163E+00
-0.124530828E+00-0.127303003E+00-0.129936869E+00-0.132422690E+00-0.134750828E+00
-0.136911752E+00-0.138896056E+00-0.140694479E+00-0.142297930E+00-0.143697513E+00
-0.144884564E+00-0.145850689E+00-0.146587805E+00-0.147088189E+00-0.147344538E+00
-0.147350021E+00-0.147098353E+00-0.146583860E+00-0.145801560E+00-0.144747242E+00
-0.143417546E+00-0.141810056E+00-0.139923385E+00-0.137757265E+00-0.135312638E+00
-0.132591745E+00-0.129598218E+00-0.126337163E+00-0.122815250E+00-0.119040789E+00
-0.115023790E+00-0.110775995E+00-0.106310820E+00-0.101643050E+00-0.967878910E-01
-0.917586269E-01-0.865622044E-01-0.811942796E-01-0.756491194E-01-0.700364980E-01
-0.643480805E-01-0.585955259E-01-0.527871980E-01-0.469298983E-01-0.410298565E-01
-0.350929177E-01-0.291245415E-01-0.231297798E-01-0.171132638E-01-0.110792015E-01
-0.503137961E-02 0.102683418E-02 0.709249035E-02 0.131630599E-01 0.192364401E-01
 0.253109648E-01 0.313854189E-01 0.374590577E-01 0.435316324E-01 0.496034214E-01
 0.556752690E-01 0.617486324E-01 0.678256382E-01 0.739091503E-01 0.800028520E-01
 0.861113433E-01 0.922402587E-01 0.983964089E-01 0.104587951E+00 0.110824598E+00
 0.117117868E+00 0.123481400E+00 0.129931332E+00 0.136486784E+00 0.143170448E+00
 0.150009333E+00 0.157035643E+00 0.164287711E+00 0.171810675E+00 0.179655603E+00
 0.187308531E+00 0.423401641E-01 0.437583278E-01 0.432454804E-01 0.407389586E-01
 0.365536860E-01 0.321833073E-01 0.279207741E-01 0.237280602E-01 0.195883320E-01
 0.154950293E-01 0.114451632E-01 0.743688539E-02 0.346860920E-02-0.461308952E-03
-0.435467655E-02-0.821348762E-02-0.120399117E-01-0.158362699E-01-0.196050079E-01
-0.233486690E-01-0.270698700E-01-0.307712795E-01-0.344556007E-01-0.381255560E-01
-0.417838747E-01-0.454332841E-01-0.490765012E-01-0.527162262E-01-0.563551362E-01
-0.599958772E-01-0.636410495E-01-0.672931805E-01-0.709546645E-01-0.746276295E-01
-0.783136267E-01-0.820419036E-01-0.858195894E-01-0.896346358E-01-0.934632894E-01
-0.972837281E-01-0.101077945E+00-0.104830997E+00-0.108530044E+00-0.112163478E+00
-0.115720340E+00-0.119190013E+00-0.122562067E+00-0.125826190E+00-0.128972154E+00
-0.131989805E+00-0.134869056E+00-0.137599890E+00-0.140172370E+00-0.142576645E+00
-0.144802965E+00-0.146841699E+00-0.148683354E+00-0.150318600E+00-0.151738300E+00
-0.152933547E+00-0.153895702E+00-0.154616443E+00-0.155087816E+00-0.155302298E+00
-0.155252861E+00-0.154933044E+00-0.154337037E+00-0.153459757E+00-0.152296946E+00
-0.150845256E+00-0.149102348E+00-0.147066986E+00-0.144739135E+00-0.142120061E+00
-0.139212417E+00-0.136020345E+00-0.132549557E+00-0.128807423E+00-0.124803045E+00
-0.120547323E+00-0.116053007E+00-0.111334692E+00-0.106408714E+00-0.101292694E+00
-0.960041033E-01-0.905567993E-01-0.849547904E-01-0.791868356E-01-0.732731148E-01
-0.673118953E-01-0.613063805E-01-0.552598734E-01-0.491778849E-01-0.430662412E-01
-0.369304706E-01-0.307756343E-01-0.246063016E-01-0.184265646E-01-0.122400592E-01
-0.604998312E-02 0.140891974E-03 0.633021325E-02 0.125160444E-01 0.186968680E-01
 0.248715913E-01 0.310395580E-01 0.372005635E-01 0.433548755E-01 0.495032604E-01
 0.556470160E-01 0.617880104E-01 0.679287293E-01 0.740723328E-01 0.802227218E-01
 0.863846178E-01 0.925636583E-01 0.987665114E-01 0.105001015E+00 0.111276352E+00
 0.117603271E+00 0.123994384E+00 0.130464577E+00 0.137031620E+00 0.143717114E+00
 0.150548041E+00 0.157559349E+00 0.164798035E+00 0.172324921E+00 0.179725165E+00
 0.415317323E-01 0.424101799E-01 0.418344167E-01 0.397457030E-01 0.364469328E-01
 0.326643787E-01 0.287429028E-01 0.247692241E-01 0.207774663E-01 0.167848102E-01
 0.128008772E-01 0.883128314E-02 0.487926016E-02 0.946497230E-03-0.296637928E-02
-0.685950901E-02-0.107336024E-01-0.145898055E-01-0.184296020E-01-0.222547407E-01
-0.260671796E-01-0.298690424E-01-0.336625849E-01-0.374501681E-01-0.412342374E-01
-0.450173055E-01-0.488019402E-01-0.525907536E-01-0.563863942E-01-0.601915380E-01
-0.640088781E-01-0.678411075E-01-0.716908893E-01-0.755608087E-01-0.794533200E-01
-0.834024792E-01-0.874092594E-01-0.914532360E-01-0.955091957E-01-0.995560544E-01
-0.103576724E+00-0.107557033E+00-0.111484588E+00-0.115347932E+00-0.119136077E+00
-0.122838280E+00-0.126443939E+00-0.129942541E+00-0.133323646E+00-0.136576872E+00
-0.139691896E+00-0.142658451E+00-0.145466336E+00-0.148105417E+00-0.150565640E+00
-0.152837047E+00-0.154909785E+00-0.156774135E+00-0.158420534E+00-0.159839606E+00
-0.161022202E+00-0.161959440E+00-0.162642761E+00-0.163063983E+00-0.163215370E+00
-0.163089707E+00-0.162680379E+00-0.161981459E+00-0.160987804E+00-0.159695153E+00
-0.158100224E+00-0.156200826E+00-0.153995955E+00-0.151485902E+00-0.148672348E+00
-0.145558468E+00-0.142149016E+00-0.138450415E+00-0.134470832E+00-0.130220255E+00
-0.125710546E+00-0.120955488E+00-0.115970800E+00-0.110774081E+00-0.105384543E+00
-0.998221320E-01-0.941048415E-01-0.882427122E-01-0.822273043E-01-0.760459057E-01
-0.698314145E-01-0.635761876E-01-0.572917518E-01-0.509860830E-01-0.446653664E-01
-0.383347492E-01-0.319986729E-01-0.256610262E-01-0.193252203E-01-0.129942282E-01
-0.667060830E-02-0.356518675E-03 0.594627326E-02 0.122363854E-01 0.185128191E-01
 0.247749608E-01 0.310225868E-01 0.372558719E-01 0.434754012E-01 0.496821855E-01
 0.558776803E-01 0.620638078E-01 0.682429832E-01 0.744181438E-01 0.805927816E-01
 0.867709798E-01 0.929574521E-01 0.991575866E-01 0.105377495E+00 0.111624073E+00
 0.117905071E+00 0.124229209E+00 0.130606354E+00 0.137047862E+00 0.143567296E+00
 0.150182167E+00 0.156919052E+00 0.163832531E+00 0.170666388E+00 0.424432739E-01
 0.431935258E-01 0.427012930E-01 0.405489262E-01 0.369458358E-01 0.332730340E-01
 0.295015041E-01 0.256548250E-01 0.217621125E-01 0.178430240E-01 0.139103415E-01
 0.997241108E-02 0.603467359E-02 0.210059455E-02-0.182775669E-02-0.574933182E-02
-0.966385113E-02-0.135716273E-01-0.174734386E-01-0.213704351E-01-0.252640673E-01
-0.291560323E-01-0.330482307E-01-0.369427339E-01-0.408417581E-01-0.447476441E-01
-0.486628426E-01-0.525899043E-01-0.565314742E-01-0.604902926E-01-0.644692019E-01
-0.684711617E-01-0.724992663E-01-0.765567410E-01-0.806468221E-01-0.848056118E-01
-0.890267090E-01-0.932840618E-01-0.975524087E-01-0.101811521E+00-0.106045188E+00
-0.110239841E+00-0.114383344E+00-0.118464272E+00-0.122471548E+00-0.126394280E+00
-0.130221693E+00-0.133943088E+00-0.137547829E+00-0.141025334E+00-0.144365072E+00
-0.147556558E+00-0.150589361E+00-0.153453104E+00-0.156137470E+00-0.158632213E+00
-0.160927171E+00-0.163012280E+00-0.164877598E+00-0.166513331E+00-0.167909866E+00
-0.169057809E+00-0.169948039E+00-0.170571757E+00-0.170920558E+00-0.170986503E+00
-0.170762202E+00-0.170240906E+00-0.169416607E+00-0.168284144E+00-0.166839309E+00
-0.165078960E+00-0.163001136E+00-0.160605160E+00-0.157891754E+00-0.154863136E+00
-0.151523120E+00-0.147877200E+00-0.143932636E+00-0.139698525E+00-0.135185864E+00
-0.130407599E+00-0.125378673E+00-0.120116036E+00-0.114638636E+00-0.108967283E+00
-0.103124190E+00-0.971313729E-01-0.910061182E-01-0.847528719E-01-0.783565649E-01
-0.718518980E-01-0.653370973E-01-0.588159846E-01-0.522927018E-01-0.457712824E-01
-0.392554815E-01-0.327487062E-01-0.262539906E-01-0.197739905E-01-0.133109890E-01
-0.686690695E-02-0.443314651E-03 0.595855667E-02 0.123378052E-01 0.186938508E-01
 0.250264293E-01 0.313355887E-01 0.376216868E-01 0.438853892E-01 0.501276679E-01
 0.563497992E-01 0.625533590E-01 0.687402148E-01 0.749125115E-01 0.810726485E-01
 0.872232431E-01 0.933670743E-01 0.995069985E-01 0.105645822E+00 0.111786107E+00
 0.117929876E+00 0.124078138E+00 0.130230090E+00 0.136381664E+00 0.142522555E+00
 0.148629126E+00 0.154645268E+00 0.160449932E+00 0.431023664E-01 0.440018975E-01
 0.434094387E-01 0.412762609E-01 0.378243388E-01 0.340922562E-01 0.303144440E-01
 0.264937862E-01 0.226365975E-01 0.187509126E-01 0.148441370E-01 0.109222881E-01
 0.698993682E-02 0.305037854E-02-0.894155043E-03-0.484230200E-02-0.879340961E-02
-0.127474057E-01-0.167046966E-01-0.206660868E-01-0.246327144E-01-0.286060007E-01
-0.325876092E-01-0.365794131E-01-0.405834696E-01-0.446019990E-01-0.486373700E-01
-0.526920883E-01-0.567687932E-01-0.608702620E-01-0.649994338E-01-0.691594722E-01
-0.733539183E-01-0.775870573E-01-0.818648100E-01-0.862221443E-01-0.906431843E-01
-0.950989928E-01-0.995650794E-01-0.104022253E+00-0.108455153E+00-0.112850670E+00
-0.117196810E+00-0.121482115E+00-0.125695394E+00-0.129825609E+00-0.133861819E+00
-0.137793158E+00-0.141608819E+00-0.145298042E+00-0.148850117E+00-0.152254375E+00
-0.155500189E+00-0.158576973E+00-0.161474191E+00-0.164181353E+00-0.166688032E+00
-0.168983869E+00-0.171058594E+00-0.172902045E+00-0.174504198E+00-0.175855199E+00
-0.176945413E+00-0.177765471E+00-0.178306338E+00-0.178559387E+00-0.178516484E+00
-0.178170083E+00-0.177513332E+00-0.176540182E+00-0.175245511E+00-0.173625241E+00
-0.171676459E+00-0.169397538E+00-0.166788252E+00-0.163849885E+00-0.160585333E+00
-0.156999196E+00-0.153097865E+00-0.148889594E+00-0.144384567E+00-0.139594954E+00
-0.134534957E+00-0.129220849E+00-0.123671000E+00-0.117905883E+00-0.111948018E+00
-0.105821676E+00-0.995517116E-01-0.931595423E-01-0.866534965E-01-0.800139138E-01
-0.732559739E-01-0.665055896E-01-0.597663761E-01-0.530418527E-01-0.463353230E-01
-0.396497944E-01-0.329879324E-01-0.263520468E-01-0.197441000E-01-0.131657253E-01
-0.661824797E-02-0.102706846E-03 0.638012725E-02 0.128297342E-01 0.192458294E-01
 0.256283484E-01 0.319774326E-01 0.382934129E-01 0.445767907E-01 0.508282153E-01
 0.570484546E-01 0.632383574E-01 0.693988025E-01 0.755306308E-01 0.816345532E-01
 0.877110240E-01 0.937600675E-01 0.997810342E-01 0.105772258E+00 0.111730564E+00
 0.117650540E+00 0.123523461E+00 0.129335652E+00 0.135066084E+00 0.140683197E+00
 0.146142208E+00 0.151386697E+00 0.439617113E-01 0.448641747E-01 0.442629483E-01
 0.421063827E-01 0.386433849E-01 0.348852672E-01 0.310925830E-01 0.272696268E-01
 0.234178838E-01 0.195401737E-01 0.156398447E-01 0.117201553E-01 0.778393403E-02
 0.383343562E-02-0.129688124E-03-0.410436139E-02-0.809003361E-02-0.120866222E-01
-0.160944574E-01-0.201142322E-01-0.241469585E-01-0.281939305E-01-0.322566931E-01
-0.363370155E-01-0.404368695E-01-0.445584108E-01-0.487039635E-01-0.528760050E-01
-0.570771505E-01-0.613101327E-01-0.655777677E-01-0.698828887E-01-0.742281984E-01
-0.786159244E-01-0.830791044E-01-0.876251355E-01-0.922321808E-01-0.968717499E-01
-0.101520903E+00-0.106161725E+00-0.110779668E+00-0.115361971E+00-0.119896716E+00
-0.124372384E+00-0.128777667E+00-0.133101387E+00-0.137332459E+00-0.141459864E+00
-0.145472646E+00-0.149359896E+00-0.153110751E+00-0.156714384E+00-0.160160009E+00
-0.163436869E+00-0.166534244E+00-0.169441445E+00-0.172147827E+00-0.174642786E+00
-0.176915776E+00-0.178956323E+00-0.180754047E+00-0.182298691E+00-0.183580156E+00
-0.184588557E+00-0.185314276E+00-0.185748038E+00-0.185880997E+00-0.185704837E+00
-0.185211880E+00-0.184395209E+00-0.183248798E+00-0.181767641E+00-0.179947888E+00
-0.177786975E+00-0.175283748E+00-0.172438581E+00-0.169253485E+00-0.165732205E+00
-0.161880308E+00-0.157705259E+00-0.153216488E+00-0.148425449E+00-0.143345663E+00
-0.137992764E+00-0.132384527E+00-0.126540890E+00-0.120483956E+00-0.114237933E+00
-0.107828867E+00-0.101283622E+00-0.946262518E-01-0.878684156E-01-0.809938667E-01
-0.740025931E-01-0.670362374E-01-0.600982219E-01-0.531916780E-01-0.463193681E-01
-0.394836281E-01-0.326863854E-01-0.259292091E-01-0.192133616E-01-0.125398431E-01
-0.590942678E-02 0.677312865E-03 0.721997516E-02 0.137183108E-01 0.201721993E-01
 0.265816255E-01 0.329466531E-01 0.392673945E-01 0.455439741E-01 0.517764838E-01
 0.579649272E-01 0.641091487E-01 0.702087439E-01 0.762629423E-01 0.822704580E-01
 0.882292926E-01 0.941364804E-01 0.999877540E-01 0.105777109E+00 0.111496245E+00
 0.117133864E+00 0.122674855E+00 0.128099472E+00 0.133382802E+00 0.138495043E+00
 0.143403102E+00 0.450146972E-01 0.459105726E-01 0.453347214E-01 0.431263320E-01
 0.393758221E-01 0.355902538E-01 0.317861134E-01 0.279557138E-01 0.240994924E-01
 0.202185408E-01 0.163142959E-01 0.123882968E-01 0.844198603E-02 0.447657572E-02
 0.492970808E-03-0.350826554E-02-0.752691887E-02-0.115631142E-01-0.156172983E-01
-0.196902189E-01-0.237829026E-01-0.278966342E-01-0.320329381E-01-0.361935616E-01
-0.403804596E-01-0.445957825E-01-0.488418637E-01-0.531212086E-01-0.574364816E-01
-0.617904901E-01-0.661861615E-01-0.706265131E-01-0.751146168E-01-0.796535858E-01
-0.842812972E-01-0.889968525E-01-0.937721751E-01-0.985790808E-01-0.103395718E+00
-0.108205132E+00-0.112993312E+00-0.117747680E+00-0.122456311E+00-0.127107598E+00
-0.131690114E+00-0.136192552E+00-0.140603691E+00-0.144912384E+00-0.149107544E+00
-0.153178134E+00-0.157113164E+00-0.160901680E+00-0.164532763E+00-0.167995521E+00
-0.171279087E+00-0.174372617E+00-0.177265290E+00-0.179946309E+00-0.182404906E+00
-0.184630352E+00-0.186611971E+00-0.188339161E+00-0.189801425E+00-0.190988414E+00
-0.191889979E+00-0.192496245E+00-0.192797691E+00-0.192785260E+00-0.192450470E+00
-0.191785550E+00-0.190783580E+00-0.189438638E+00-0.187745948E+00-0.185702022E+00
-0.183304802E+00-0.180553784E+00-0.177450129E+00-0.173996773E+00-0.170198513E+00
-0.166062081E+00-0.161596219E+00-0.156811728E+00-0.151721516E+00-0.146340640E+00
-0.140686333E+00-0.134778027E+00-0.128637366E+00-0.122288199E+00-0.115756519E+00
-0.109070232E+00-0.102258247E+00-0.953470466E-01-0.883506704E-01-0.812529941E-01
-0.740489731E-01-0.668880253E-01-0.597733798E-01-0.527077474E-01-0.456930610E-01
-0.387306804E-01-0.318215891E-01-0.249665167E-01-0.181660082E-01-0.114204660E-01
-0.473017820E-02 0.190465668E-02 0.848390593E-02 0.150074776E-01 0.214752929E-01
 0.278872555E-01 0.342432148E-01 0.405429249E-01 0.467859931E-01 0.529718192E-01
 0.590995214E-01 0.651678445E-01 0.711750480E-01 0.771187688E-01 0.829958523E-01
 0.888021486E-01 0.945322690E-01 0.100179302E+00 0.105734497E+00 0.111186945E+00
 0.116523296E+00 0.121727611E+00 0.126781470E+00 0.131664450E+00 0.136355032E+00
 0.454168668E-01 0.463103228E-01 0.456898128E-01 0.435056624E-01 0.399781363E-01
 0.361918965E-01 0.323786829E-01 0.285402536E-01 0.246767912E-01 0.207886394E-01
 0.168762760E-01 0.129402356E-01 0.898102430E-02 0.499904537E-02 0.994542120E-03
-0.303244153E-02-0.708208489E-02-0.111548026E-01-0.152512484E-01-0.193723135E-01
-0.235191222E-01-0.276930249E-01-0.318955913E-01-0.361286039E-01-0.403940514E-01
-0.446941237E-01-0.490312077E-01-0.534078846E-01-0.578269270E-01-0.622912975E-01
-0.668041441E-01-0.713687914E-01-0.759887236E-01-0.806675587E-01-0.854452281E-01
-0.903131634E-01-0.952398471E-01-0.100197843E+00-0.105166279E+00-0.110128931E+00
-0.115072113E+00-0.119983311E+00-0.124850540E+00-0.129662091E+00-0.134406419E+00
-0.139072094E+00-0.143647778E+00-0.148122208E+00-0.152484188E+00-0.156722573E+00
-0.160826268E+00-0.164784216E+00-0.168585392E+00-0.172218801E+00-0.175673463E+00
-0.178938416E+00-0.182002711E+00-0.184855402E+00-0.187485555E+00-0.189882244E+00
-0.192034559E+00-0.193931620E+00-0.195562596E+00-0.196916740E+00-0.197983433E+00
-0.198752250E+00-0.199213041E+00-0.199356038E+00-0.199171978E+00-0.198652251E+00
-0.197789053E+00-0.196575551E+00-0.195006053E+00-0.193076169E+00-0.190782958E+00
-0.188125071E+00-0.185102869E+00-0.181718529E+00-0.177976138E+00-0.173881763E+00
-0.169443525E+00-0.164671645E+00-0.159578489E+00-0.154178609E+00-0.148488766E+00
-0.142527955E+00-0.136317418E+00-0.129880653E+00-0.123243408E+00-0.116433630E+00
-0.109481244E+00-0.102417235E+00-0.952698779E-01-0.880532856E-01-0.807472082E-01
-0.733539085E-01-0.660236194E-01-0.587599048E-01-0.515635532E-01-0.444346509E-01
-0.373731543E-01-0.303790096E-01-0.234521576E-01-0.165925253E-01-0.980002642E-02
-0.307457264E-02 0.358390858E-02 0.101754502E-01 0.167000182E-01 0.231574798E-01
 0.295475677E-01 0.358698383E-01 0.421236236E-01 0.483079743E-01 0.544215934E-01
 0.604627582E-01 0.664292283E-01 0.723181396E-01 0.781258823E-01 0.838479642E-01
 0.894788633E-01 0.950118759E-01 0.100438975E+00 0.105750700E+00 0.110936114E+00
 0.115982861E+00 0.120877367E+00 0.125605217E+00 0.130151691E+00 0.459113976E-01
 0.467851569E-01 0.461537841E-01 0.439645056E-01 0.404757812E-01 0.366857153E-01
 0.328650612E-01 0.290195493E-01 0.251490414E-01 0.212533483E-01 0.173323086E-01
 0.133857747E-01 0.941358591E-02 0.541553308E-02 0.139132485E-02-0.265944375E-02
-0.673731691E-02-0.108429981E-01-0.149773649E-01-0.191414790E-01-0.233365935E-01
-0.275641565E-01-0.318258140E-01-0.361234111E-01-0.404589939E-01-0.448348109E-01
-0.492533174E-01-0.537171818E-01-0.582292970E-01-0.627927981E-01-0.674110872E-01
-0.720878607E-01-0.768271074E-01-0.816329750E-01-0.865463465E-01-0.915505322E-01
-0.966125574E-01-0.101705904E+00-0.106810620E+00-0.111911058E+00-0.116993740E+00
-0.122046158E+00-0.127056255E+00-0.132012221E+00-0.136902402E+00-0.141715261E+00
-0.146439359E+00-0.151063333E+00-0.155575891E+00-0.159965802E+00-0.164221884E+00
-0.168332997E+00-0.172288038E+00-0.176075928E+00-0.179685611E+00-0.183106039E+00
-0.186326172E+00-0.189334965E+00-0.192121366E+00-0.194674312E+00-0.196982723E+00
-0.199035509E+00-0.200821578E+00-0.202329857E+00-0.203549324E+00-0.204469067E+00
-0.205078355E+00-0.205366750E+00-0.205324234E+00-0.204941369E+00-0.204209475E+00
-0.203120815E+00-0.201668791E+00-0.199848123E+00-0.197655019E+00-0.195087326E+00
-0.192144653E+00-0.188828486E+00-0.185142270E+00-0.181091483E+00-0.176683701E+00
-0.171928642E+00-0.166838207E+00-0.161426515E+00-0.155709929E+00-0.149707070E+00
-0.143438839E+00-0.136928420E+00-0.130201287E+00-0.123285189E+00-0.116210094E+00
-0.109007927E+00-0.101711416E+00-0.943493340E-01-0.869324527E-01-0.794316733E-01
-0.718755899E-01-0.644134949E-01-0.570376489E-01-0.497448247E-01-0.425335311E-01
-0.354029125E-01-0.283523358E-01-0.213812516E-01-0.144891619E-01-0.767562782E-02
-0.940290273E-03 0.571710378E-02 0.122966733E-01 0.187983732E-01 0.252219610E-01
 0.315669608E-01 0.378326225E-01 0.440178746E-01 0.501212728E-01 0.561409402E-01
 0.620745016E-01 0.679190115E-01 0.736708774E-01 0.793257806E-01 0.848786009E-01
 0.903233506E-01 0.956531308E-01 0.100860121E+00 0.105935619E+00 0.110870148E+00
 0.115653644E+00 0.120275718E+00 0.124725999E+00 0.465830735E-01 0.474674335E-01
 0.468406074E-01 0.446228060E-01 0.408783696E-01 0.370691074E-01 0.332431738E-01
 0.293929056E-01 0.255175168E-01 0.216162676E-01 0.176884214E-01 0.137332616E-01
 0.975009018E-02 0.573821165E-02 0.169690905E-02-0.237458401E-02-0.647711119E-02
-0.106116191E-01-0.147791796E-01-0.189810079E-01-0.232184777E-01-0.274931325E-01
-0.318066948E-01-0.361610734E-01-0.405583692E-01-0.450008817E-01-0.494911158E-01
-0.540317924E-01-0.586258668E-01-0.632765641E-01-0.679874533E-01-0.727626127E-01
-0.776070137E-01-0.825274435E-01-0.875625520E-01-0.926877587E-01-0.978697946E-01
-0.103083136E+00-0.108308724E+00-0.113531400E+00-0.118737850E+00-0.123915570E+00
-0.129052441E+00-0.134136569E+00-0.139156208E+00-0.144099734E+00-0.148955616E+00
-0.153712412E+00-0.158358749E+00-0.162883323E+00-0.167274882E+00-0.171522223E+00
-0.175614179E+00-0.179539616E+00-0.183287420E+00-0.186846489E+00-0.190205725E+00
-0.193354025E+00-0.196280267E+00-0.198973302E+00-0.201421947E+00-0.203614970E+00
-0.205541096E+00-0.207189001E+00-0.208547341E+00-0.209604782E+00-0.210350076E+00
-0.210772157E+00-0.210860283E+00-0.210604211E+00-0.209994394E+00-0.209022196E+00
-0.207680119E+00-0.205962011E+00-0.203863258E+00-0.201380950E+00-0.198514008E+00
-0.195263297E+00-0.191631704E+00-0.187624202E+00-0.183247907E+00-0.178512118E+00
-0.173428349E+00-0.168010362E+00-0.162274188E+00-0.156238145E+00-0.149922845E+00
-0.143351207E+00-0.136548452E+00-0.129542088E+00-0.122361872E+00-0.115039670E+00
-0.107608973E+00-0.100102941E+00-0.925468843E-01-0.849384192E-01-0.772274562E-01
-0.695974430E-01-0.620564187E-01-0.546077529E-01-0.472524313E-01-0.399902726E-01
-0.328205657E-01-0.257424009E-01-0.187548451E-01-0.118570367E-01-0.504824147E-02
 0.167210960E-02 0.830439107E-02 0.148487566E-01 0.213051124E-01 0.276730890E-01
 0.339520112E-01 0.401408642E-01 0.462382572E-01 0.522423840E-01 0.581509819E-01
 0.639612887E-01 0.696700017E-01 0.752732401E-01 0.807665156E-01 0.861447172E-01
 0.914021143E-01 0.965323888E-01 0.101528700E+00 0.106383792E+00 0.111090139E+00
 0.115640142E+00 0.120026353E+00 0.467040569E-01 0.475673985E-01 0.469184651E-01
 0.447086616E-01 0.411426129E-01 0.373384634E-01 0.335113748E-01 0.296604705E-01
 0.257843401E-01 0.218815572E-01 0.179507567E-01 0.139906701E-01 0.100001296E-01
 0.597804800E-02 0.192338743E-02-0.216487865E-02-0.628780288E-02-0.104464987E-01
-0.146421708E-01-0.188761402E-01-0.231498653E-01-0.274649583E-01-0.318231981E-01
-0.362265405E-01-0.406771258E-01-0.451772837E-01-0.497295369E-01-0.543365995E-01
-0.590013701E-01-0.637269084E-01-0.685163772E-01-0.733728992E-01-0.782992036E-01
-0.833301012E-01-0.884752420E-01-0.937071860E-01-0.989941797E-01-0.104312159E+00
-0.109643052E+00-0.114972178E+00-0.120286384E+00-0.125573181E+00-0.130820409E+00
-0.136016104E+00-0.141148450E+00-0.146205744E+00-0.151176386E+00-0.156048862E+00
-0.160811735E+00-0.165453639E+00-0.169963268E+00-0.174329364E+00-0.178540718E+00
-0.182586151E+00-0.186454514E+00-0.190134673E+00-0.193615500E+00-0.196885864E+00
-0.199934613E+00-0.202750566E+00-0.205322489E+00-0.207639082E+00-0.209688958E+00
-0.211460630E+00-0.212942503E+00-0.214122895E+00-0.214990105E+00-0.215532490E+00
-0.215738629E+00-0.215597518E+00-0.215098778E+00-0.214232889E+00-0.212991455E+00
-0.211367476E+00-0.209355539E+00-0.206952019E+00-0.204155219E+00-0.200965470E+00
-0.197385193E+00-0.193418954E+00-0.189073501E+00-0.184357798E+00-0.179283057E+00
-0.173862757E+00-0.168112667E+00-0.162050862E+00-0.155697734E+00-0.149075997E+00
-0.142210690E+00-0.135129169E+00-0.127861095E+00-0.120438382E+00-0.112895036E+00
-0.105266493E+00-0.975866801E-01-0.898769260E-01-0.821218419E-01-0.742983741E-01
-0.665832710E-01-0.589783207E-01-0.514826365E-01-0.440944359E-01-0.368117478E-01
-0.296326831E-01-0.225555380E-01-0.155788324E-01-0.870132858E-02-0.192204253E-02
 0.475974443E-02 0.113444730E-01 0.178322912E-01 0.242230379E-01 0.305162245E-01
 0.367110149E-01 0.428062046E-01 0.488001984E-01 0.546909897E-01 0.604761404E-01
 0.661527651E-01 0.717175207E-01 0.771666047E-01 0.824957666E-01 0.877003334E-01
 0.927752559E-01 0.977151766E-01 0.102514522E+00 0.107167621E+00 0.111668843E+00
 0.116012755E+00 0.468076848E-01 0.476440792E-01 0.469849336E-01 0.447771589E-01
 0.412839556E-01 0.374892788E-01 0.336674640E-01 0.298226475E-01 0.259523735E-01
 0.220542727E-01 0.181262455E-01 0.141664843E-01 0.101734407E-01 0.614576679E-02
 0.208224749E-02-0.201826422E-02-0.615690460E-02-0.103348472E-01-0.145533419E-01
-0.188137460E-01-0.231175484E-01-0.274663890E-01-0.318620728E-01-0.363065808E-01
-0.408020788E-01-0.453509219E-01-0.499556577E-01-0.546190253E-01-0.593439506E-01
-0.641335360E-01-0.689910436E-01-0.739198794E-01-0.789236036E-01-0.840413795E-01
-0.892764022E-01-0.945971371E-01-0.999722969E-01-0.105378635E+00-0.110798689E+00
-0.116218059E+00-0.121623667E+00-0.127003013E+00-0.132343889E+00-0.137634272E+00
-0.142862282E+00-0.148016152E+00-0.153084220E+00-0.158054914E+00-0.162916743E+00
-0.167658289E+00-0.172268201E+00-0.176735182E+00-0.181047985E+00-0.185195403E+00
-0.189166264E+00-0.192949417E+00-0.196533724E+00-0.199908051E+00-0.203061250E+00
-0.205982144E+00-0.208659505E+00-0.211082026E+00-0.213238289E+00-0.215116720E+00
-0.216705557E+00-0.217992780E+00-0.218966258E+00-0.219613843E+00-0.219923525E+00
-0.219883627E+00-0.219483026E+00-0.218711414E+00-0.217559566E+00-0.216019620E+00
-0.214085333E+00-0.211752353E+00-0.209018463E+00-0.205883556E+00-0.202349694E+00
-0.198421140E+00-0.194104376E+00-0.189408124E+00-0.184343369E+00-0.178923380E+00
-0.173163729E+00-0.167082308E+00-0.160699338E+00-0.154037383E+00-0.147121351E+00
-0.139978493E+00-0.132638407E+00-0.125133025E+00-0.117496571E+00-0.109765318E+00
-0.101976372E+00-0.941619745E-01-0.863313590E-01-0.784435852E-01-0.705515393E-01
-0.627968884E-01-0.551705273E-01-0.476665611E-01-0.402807960E-01-0.330100056E-01
-0.258515817E-01-0.188033693E-01-0.118635913E-01-0.503081481E-02 0.169606145E-02
 0.831781027E-02 0.148348734E-01 0.212473562E-01 0.275550209E-01 0.337572784E-01
 0.398531808E-01 0.458414136E-01 0.517202899E-01 0.574877475E-01 0.631413498E-01
 0.686782925E-01 0.740954182E-01 0.793892402E-01 0.845559785E-01 0.895916083E-01
 0.944919236E-01 0.992526150E-01 0.103869362E+00 0.108337939E+00 0.112654325E+00
 0.470524082E-01 0.478993517E-01 0.472386339E-01 0.450160550E-01 0.413092777E-01
 0.375145141E-01 0.337087583E-01 0.298808620E-01 0.260263686E-01 0.221416515E-01
 0.182238685E-01 0.142708434E-01 0.102808973E-01 0.625268495E-02 0.218505770E-02
-0.192304315E-02-0.607266619E-02-0.102649086E-01-0.145009591E-01-0.187821292E-01
-0.231098768E-01-0.274858227E-01-0.319117646E-01-0.363896858E-01-0.409217637E-01
-0.455103744E-01-0.501580977E-01-0.548677191E-01-0.596422329E-01-0.644848446E-01
-0.693989765E-01-0.743882823E-01-0.794566776E-01-0.846450965E-01-0.899524496E-01
-0.953448509E-01-0.100791520E+00-0.106269818E+00-0.111762683E+00-0.117255862E+00
-0.122736293E+00-0.128191441E+00-0.133609044E+00-0.138977023E+00-0.144283440E+00
-0.149516474E+00-0.154664409E+00-0.159715625E+00-0.164658587E+00-0.169481834E+00
-0.174173977E+00-0.178723688E+00-0.183119693E+00-0.187350764E+00-0.191405714E+00
-0.195273385E+00-0.198942644E+00-0.202402369E+00-0.205641439E+00-0.208648716E+00
-0.211413023E+00-0.213923112E+00-0.216167630E+00-0.218134912E+00-0.219812975E+00
-0.221189555E+00-0.222252180E+00-0.222988278E+00-0.223385335E+00-0.223431095E+00
-0.223113797E+00-0.222422448E+00-0.221347102E+00-0.219879162E+00-0.218011667E+00
-0.215739572E+00-0.213059970E+00-0.209972382E+00-0.206478656E+00-0.202582877E+00
-0.198291367E+00-0.193612698E+00-0.188557705E+00-0.183139512E+00-0.177373549E+00
-0.171277572E+00-0.164871678E+00-0.158178313E+00-0.151222276E+00-0.144030725E+00
-0.136633166E+00-0.129061445E+00-0.121349704E+00-0.113534224E+00-0.105652728E+00
-0.977411819E-01-0.898211821E-01-0.818714109E-01-0.738611192E-01-0.659929984E-01
-0.582606044E-01-0.506593376E-01-0.431854095E-01-0.358355152E-01-0.286067381E-01
-0.214965271E-01-0.145026929E-01-0.762340786E-02-0.857205680E-03 0.579701944E-02
 0.123400144E-01 0.187721686E-01 0.250935158E-01 0.313037358E-01 0.374021570E-01
 0.433877600E-01 0.492591835E-01 0.550147323E-01 0.606523900E-01 0.661698358E-01
 0.715644682E-01 0.768334352E-01 0.819736733E-01 0.869819551E-01 0.918549461E-01
 0.965892711E-01 0.101181588E+00 0.105628668E+00 0.109927483E+00 0.467872428E-01
 0.475969652E-01 0.469219059E-01 0.447157013E-01 0.411602448E-01 0.374040894E-01
 0.336344572E-01 0.298408868E-01 0.260162859E-01 0.221559126E-01 0.182567805E-01
 0.143170427E-01 0.103355168E-01 0.631136249E-02 0.224387718E-02-0.186763109E-02
-0.602392193E-02-0.102258712E-01-0.144745021E-01-0.187710050E-01-0.231167518E-01
-0.275133052E-01-0.319624262E-01-0.364660802E-01-0.410264419E-01-0.456458996E-01
-0.503270599E-01-0.550727520E-01-0.598860333E-01-0.647701964E-01-0.697287793E-01
-0.747655794E-01-0.798846727E-01-0.851280576E-01-0.904911691E-01-0.959388144E-01
-0.101440717E+00-0.106974725E+00-0.112524058E+00-0.118074546E+00-0.123613120E+00
-0.129127200E+00-0.134604477E+00-0.140032821E+00-0.145400244E+00-0.150694880E+00
-0.155904971E+00-0.161018857E+00-0.166024964E+00-0.170911802E+00-0.175667952E+00
-0.180282059E+00-0.184742828E+00-0.189039019E+00-0.193159433E+00-0.197092914E+00
-0.200828338E+00-0.204354608E+00-0.207660642E+00-0.210735365E+00-0.213567691E+00
-0.216146506E+00-0.218460442E+00-0.220497744E+00-0.222246298E+00-0.223693646E+00
-0.224827048E+00-0.225633589E+00-0.226100347E+00-0.226214596E+00-0.225964062E+00
-0.225337194E+00-0.224323465E+00-0.222913682E+00-0.221100294E+00-0.218877677E+00
-0.216242409E+00-0.213193471E+00-0.209732473E+00-0.205863479E+00-0.201592765E+00
-0.196928836E+00-0.191882449E+00-0.186466639E+00-0.180696742E+00-0.174590421E+00
-0.168167680E+00-0.161450880E+00-0.154464740E+00-0.147236340E+00-0.139795110E+00
-0.132172811E+00-0.124403487E+00-0.116523320E+00-0.108570145E+00-0.100581383E+00
-0.925853299E-01-0.845763864E-01-0.764925489E-01-0.685379091E-01-0.607197271E-01
-0.530383927E-01-0.454917009E-01-0.380766155E-01-0.307900034E-01-0.236289397E-01
-0.165908322E-01-0.967346835E-02-0.287502905E-02 0.380591130E-02 0.103703913E-01
 0.168190712E-01 0.231522424E-01 0.293698377E-01 0.354714425E-01 0.414563069E-01
 0.473233593E-01 0.530712234E-01 0.586982371E-01 0.642024765E-01 0.695817841E-01
 0.748338019E-01 0.799560111E-01 0.849457773E-01 0.898004020E-01 0.945171789E-01
 0.990934562E-01 0.103526702E+00 0.107814569E+00 0.463285563E-01 0.470662239E-01
 0.463779155E-01 0.442134922E-01 0.408226627E-01 0.371523600E-01 0.334555693E-01
 0.297222805E-01 0.259443896E-01 0.221188356E-01 0.182449116E-01 0.143228076E-01
 0.103529372E-01 0.633564537E-02 0.227108972E-02-0.184080316E-02-0.600034952E-02
-0.102081079E-01-0.144648749E-01-0.187716800E-01-0.231297819E-01-0.275406658E-01
-0.320060422E-01-0.365278469E-01-0.411082422E-01-0.457496189E-01-0.504545997E-01
-0.552260436E-01-0.600670517E-01-0.649809744E-01-0.699714206E-01-0.750422691E-01
-0.801976816E-01-0.854803106E-01-0.908829794E-01-0.963698087E-01-0.101910925E+00
-0.107484536E+00-0.113074051E+00-0.118665351E+00-0.124245352E+00-0.129801441E+00
-0.135321268E+00-0.140792664E+00-0.146203604E+00-0.151542189E+00-0.156796628E+00
-0.161955232E+00-0.167006401E+00-0.171938619E+00-0.176740446E+00-0.181400511E+00
-0.185907503E+00-0.190250170E+00-0.194417312E+00-0.198397773E+00-0.202180442E+00
-0.205754248E+00-0.209108154E+00-0.212231154E+00-0.215112268E+00-0.217740500E+00
-0.220104420E+00-0.222192234E+00-0.223991744E+00-0.225490353E+00-0.226675127E+00
-0.227532901E+00-0.228050438E+00-0.228214667E+00-0.228012938E+00-0.227433288E+00
-0.226464766E+00-0.225097755E+00-0.223324262E+00-0.221138237E+00-0.218535854E+00
-0.215515745E+00-0.212079142E+00-0.208230105E+00-0.203974958E+00-0.199322213E+00
-0.194282601E+00-0.188869111E+00-0.183097026E+00-0.176983948E+00-0.170549822E+00
-0.163816954E+00-0.156810012E+00-0.149556036E+00-0.142084429E+00-0.134426948E+00
-0.126617675E+00-0.118692955E+00-0.110691119E+00-0.102651267E+00-0.946074750E-01
-0.865691930E-01-0.784900420E-01-0.704271527E-01-0.625258298E-01-0.547762019E-01
-0.471713607E-01-0.397059308E-01-0.323754841E-01-0.251762888E-01-0.181051916E-01
-0.111595554E-01-0.433721873E-02 0.236353274E-02 0.894399023E-02 0.154050425E-01
 0.217471948E-01 0.279705870E-01 0.340750118E-01 0.400599330E-01 0.459245057E-01
 0.516675973E-01 0.572878127E-01 0.627835207E-01 0.681528851E-01 0.733938999E-01
 0.785044278E-01 0.834822434E-01 0.883250807E-01 0.930306835E-01 0.975968590E-01
 0.102021533E+00 0.106302806E+00 0.458231144E-01 0.464389541E-01 0.457346367E-01
 0.436739109E-01 0.402926335E-01 0.367960090E-01 0.332284357E-01 0.295787678E-01
 0.258550915E-01 0.220653461E-01 0.182154152E-01 0.143094056E-01 0.103501083E-01
 0.633935281E-02 0.227825001E-02-0.183264607E-02-0.599323002E-02-0.102037724E-01
-0.144648705E-01-0.187774156E-01-0.231425700E-01-0.275617531E-01-0.320366313E-01
-0.365691132E-01-0.411613473E-01-0.458157213E-01-0.505348646E-01-0.553216516E-01
-0.601792069E-01-0.651109120E-01-0.701204135E-01-0.752116321E-01-0.803887733E-01
-0.856948477E-01-0.911210528E-01-0.966311912E-01-0.102195645E+00-0.107792841E+00
-0.113406301E+00-0.119021932E+00-0.124626640E+00-0.130207791E+00-0.135753010E+00
-0.141250104E+00-0.146687026E+00-0.152051854E+00-0.157332779E+00-0.162518093E+00
-0.167596182E+00-0.172555516E+00-0.177384640E+00-0.182072172E+00-0.186606795E+00
-0.190977250E+00-0.195172334E+00-0.199180896E+00-0.202991836E+00-0.206594100E+00
-0.209976689E+00-0.213128654E+00-0.216039114E+00-0.218697075E+00-0.221091117E+00
-0.223209425E+00-0.225039748E+00-0.226569407E+00-0.227785346E+00-0.228674216E+00
-0.229222609E+00-0.229417279E+00-0.229245356E+00-0.228694615E+00-0.227753811E+00
-0.226413046E+00-0.224664092E+00-0.222500636E+00-0.219918601E+00-0.216916394E+00
-0.213495076E+00-0.209658526E+00-0.205413180E+00-0.200767582E+00-0.195732468E+00
-0.190320810E+00-0.184547862E+00-0.178431195E+00-0.171990721E+00-0.165248713E+00
-0.158229814E+00-0.150961046E+00-0.143471805E+00-0.135793858E+00-0.127961324E+00
-0.120010629E+00-0.111980292E+00-0.103909934E+00-0.958355060E-01-0.877716423E-01
-0.796778327E-01-0.715696757E-01-0.636246633E-01-0.558354587E-01-0.481955715E-01
-0.406993907E-01-0.333421029E-01-0.261196015E-01-0.190284088E-01-0.120656156E-01
-0.522883210E-02 0.148385060E-02 0.807389366E-02 0.145423385E-01 0.208898321E-01
 0.271166501E-01 0.332227200E-01 0.392076429E-01 0.450707178E-01 0.508109657E-01
 0.564271564E-01 0.619178384E-01 0.672813704E-01 0.725159568E-01 0.776196866E-01
 0.825905745E-01 0.874266062E-01 0.921257852E-01 0.966861818E-01 0.101105983E+00
 0.105383543E+00 0.448608645E-01 0.452053144E-01 0.444710981E-01 0.426120055E-01
 0.398428517E-01 0.365890495E-01 0.331137625E-01 0.295085734E-01 0.258097532E-01
 0.220352584E-01 0.181952365E-01 0.142958621E-01 0.103410304E-01 0.633320543E-02
 0.227388403E-02-0.183613439E-02-0.599658277E-02-0.102076222E-01-0.144697742E-01
-0.187838768E-01-0.231510548E-01-0.275727009E-01-0.320504630E-01-0.365862374E-01
-0.411821650E-01-0.458406302E-01-0.505642625E-01-0.553559396E-01-0.602187920E-01
-0.651562101E-01-0.701718511E-01-0.752696480E-01-0.804538193E-01-0.857674905E-01
-0.912013016E-01-0.967189651E-01-0.102290952E+00-0.107895764E+00-0.113516958E+00
-0.119140452E+00-0.124753150E+00-0.130342410E+00-0.135895849E+00-0.141401266E+00
-0.146846609E+00-0.152219949E+00-0.157509470E+00-0.162703462E+00-0.167790303E+00
-0.172758459E+00-0.177596474E+00-0.182292963E+00-0.186836605E+00-0.191216142E+00
-0.195420370E+00-0.199438141E+00-0.203258358E+00-0.206869977E+00-0.210262010E+00
-0.213423534E+00-0.216343706E+00-0.219011525E+00-0.221415578E+00-0.223544043E+00
-0.225384655E+00-0.226924707E+00-0.228151094E+00-0.229050412E+00-0.229609203E+00
-0.229814168E+00-0.229652366E+00-0.229111486E+00-0.228180180E+00-0.226848444E+00
-0.225107972E+00-0.222952370E+00-0.220377478E+00-0.217381628E+00-0.213965821E+00
-0.210133852E+00-0.205892204E+00-0.201249442E+00-0.196216300E+00-0.190805747E+00
-0.185033027E+00-0.178915699E+00-0.172473661E+00-0.165729175E+00-0.158706876E+00
-0.151433774E+00-0.143939264E+00-0.136255111E+00-0.128415441E+00-0.120456690E+00
-0.112417398E+00-0.104337267E+00-0.962526696E-01-0.881797158E-01-0.800804082E-01
-0.719589156E-01-0.640007516E-01-0.561993055E-01-0.485484093E-01-0.410425264E-01
-0.336768015E-01-0.264470421E-01-0.193496777E-01-0.123817112E-01-0.554067539E-02
 0.117540692E-02 0.776805716E-02 0.142383711E-01 0.205870463E-01 0.268144067E-01
 0.329204273E-01 0.389047579E-01 0.447667477E-01 0.505054709E-01 0.561197545E-01
 0.616082084E-01 0.669692575E-01 0.722011775E-01 0.773021331E-01 0.822702195E-01
 0.871035059E-01 0.918000817E-01 0.963581039E-01 0.100775845E+00 0.105051742E+00
 0.457503555E-01 0.463783496E-01 0.456741187E-01 0.435936675E-01 0.403447783E-01
 0.368171905E-01 0.332267389E-01 0.295660792E-01 0.258373959E-01 0.220456335E-01
 0.181952253E-01 0.142895457E-01 0.103309985E-01 0.632120059E-02 0.226114354E-02
-0.184868606E-02-0.600822025E-02-0.102177493E-01-0.144778795E-01-0.187895046E-01
-0.231537856E-01-0.275721381E-01-0.320462238E-01-0.365779461E-01-0.411694477E-01
-0.458231112E-01-0.505415609E-01-0.553276667E-01-0.601845491E-01-0.651155862E-01
-0.701244213E-01-0.752149728E-01-0.803914440E-01-0.856968482E-01-0.911223645E-01
-0.966317979E-01-0.102195536E+00-0.107792007E+00-0.113404735E+00-0.119019630E+00
-0.124623600E+00-0.130204012E+00-0.135748494E+00-0.141244855E+00-0.146681050E+00
-0.152045161E+00-0.157325381E+00-0.162510004E+00-0.167587420E+00-0.172546099E+00
-0.177374592E+00-0.182061518E+00-0.186595562E+00-0.190965469E+00-0.195160038E+00
-0.199168121E+00-0.202978618E+00-0.206580480E+00-0.209962707E+00-0.213114354E+00
-0.216024538E+00-0.218682270E+00-0.221076131E+00-0.223194308E+00-0.225024555E+00
-0.226554193E+00-0.227770173E+00-0.228659149E+00-0.229207718E+00-0.229402635E+00
-0.229231036E+00-0.228680700E+00-0.227740384E+00-0.226400194E+00-0.224651905E+00
-0.222489203E+00-0.219908013E+00-0.216906741E+00-0.213486445E+00-0.209651004E+00
-0.205406848E+00-0.200762518E+00-0.195728744E+00-0.190318493E+00-0.184547014E+00
-0.178431873E+00-0.171992974E+00-0.165252583E+00-0.158235338E+00-0.150968251E+00
-0.143480710E+00-0.135804471E+00-0.127973646E+00-0.120024650E+00-0.111995990E+00
-0.103927284E+00-0.958544959E-01-0.877923416E-01-0.797004802E-01-0.715939317E-01
-0.636505950E-01-0.558631245E-01-0.482250202E-01-0.407306632E-01-0.333752338E-01
-0.261546200E-01-0.190653396E-01-0.121044792E-01-0.526964538E-02 0.144107463E-02
 0.802914552E-02 0.144956123E-01 0.208411253E-01 0.270659638E-01 0.331700588E-01
 0.391530150E-01 0.450141348E-01 0.507524428E-01 0.563667125E-01 0.618554957E-01
 0.672171548E-01 0.724498977E-01 0.775518168E-01 0.825209304E-01 0.873552274E-01
 0.920527146E-01 0.966114655E-01 0.101029670E+00 0.105305685E+00 0.463694174E-01
 0.471233340E-01 0.464369975E-01 0.442644860E-01 0.408004420E-01 0.371184960E-01
 0.334161322E-01 0.296793392E-01 0.259000804E-01 0.220747557E-01 0.182020898E-01
 0.142818436E-01 0.103141409E-01 0.629914191E-02 0.223689066E-02-0.187275284E-02
-0.603014095E-02-0.102358488E-01-0.144906771E-01-0.187956517E-01-0.231520233E-01
-0.275612662E-01-0.320250792E-01-0.365453859E-01-0.411243366E-01-0.457643111E-01
-0.504679218E-01-0.552380184E-01-0.600776939E-01-0.649902916E-01-0.699794144E-01
-0.750489361E-01-0.802030144E-01-0.854843080E-01-0.908856037E-01-0.963710262E-01
-0.101910712E+00-0.107482874E+00-0.113070926E+00-0.118660753E+00-0.124239275E+00
-0.129793883E+00-0.135312233E+00-0.140782159E+00-0.146191643E+00-0.151528789E+00
-0.156781813E+00-0.161939029E+00-0.166988845E+00-0.171919750E+00-0.176720309E+00
-0.181379155E+00-0.185884983E+00-0.190226548E+00-0.194392652E+00-0.198372146E+00
-0.202153924E+00-0.205726917E+00-0.209080094E+00-0.212202450E+00-0.215083009E+00
-0.217710777E+00-0.220074331E+00-0.222161880E+00-0.223961234E+00-0.225459801E+00
-0.226644656E+00-0.227502640E+00-0.228020526E+00-0.228185251E+00-0.227984171E+00
-0.227405331E+00-0.226437787E+00-0.225071928E+00-0.223299764E+00-0.221115247E+00
-0.218514553E+00-0.215496312E+00-0.212061754E+00-0.208214931E+00-0.203962162E+00
-0.199311948E+00-0.194275012E+00-0.188864333E+00-0.183095182E+00-0.176985151E+00
-0.170554172E+00-0.163824535E+00-0.156820897E+00-0.149570279E+00-0.142102067E+00
-0.134447999E+00-0.126642139E+00-0.118720808E+00-0.110722319E+00-0.102685758E+00
-0.946452372E-01-0.866103910E-01-0.785351374E-01-0.704754622E-01-0.625775235E-01
-0.548313982E-01-0.472301517E-01-0.397683926E-01-0.324416818E-01-0.252462781E-01
-0.181790204E-01-0.112372637E-01-0.441883936E-02 0.227797402E-02 0.885447469E-02
 0.153115584E-01 0.216497373E-01 0.278691584E-01 0.339696213E-01 0.399505969E-01
 0.458112473E-01 0.515504471E-01 0.571668083E-01 0.626587068E-01 0.680243137E-01
 0.732616299E-01 0.783685252E-01 0.833427812E-01 0.881821385E-01 0.928843475E-01
 0.974472219E-01 0.101868694E+00 0.106146869E+00 0.468452831E-01 0.476493230E-01
 0.469903350E-01 0.447741492E-01 0.410617646E-01 0.373097615E-01 0.335473471E-01
 0.297594457E-01 0.259398065E-01 0.220841027E-01 0.181894847E-01 0.142541184E-01
 0.102767931E-01 0.625663687E-02 0.219292544E-02-0.191504203E-02-0.606802280E-02
-0.102668820E-01-0.145126260E-01-0.188064252E-01-0.231496295E-01-0.275437792E-01
-0.319906134E-01-0.364920766E-01-0.410503241E-01-0.456677266E-01-0.503468746E-01
-0.550905835E-01-0.599018984E-01-0.647841015E-01-0.697407220E-01-0.747755501E-01
-0.798926560E-01-0.851340497E-01-0.904951127E-01-0.959406551E-01-0.101440416E+00
-0.106972252E+00-0.112519390E+00-0.118067666E+00-0.123604017E+00-0.129115870E+00
-0.134590923E+00-0.140017053E+00-0.145382281E+00-0.150674747E+00-0.155882703E+00
-0.160994495E+00-0.165998560E+00-0.170883413E+00-0.175637644E+00-0.180249907E+00
-0.184708915E+00-0.189003434E+00-0.193122274E+00-0.197054288E+00-0.200788356E+00
-0.204313390E+00-0.207618313E+00-0.210692055E+00-0.213523536E+00-0.216101643E+00
-0.218415020E+00-0.220451917E+00-0.222200230E+00-0.223647512E+00-0.224781032E+00
-0.225587888E+00-0.226055168E+00-0.226170161E+00-0.225920601E+00-0.225294950E+00
-0.224282689E+00-0.222874635E+00-0.221063239E+00-0.218842884E+00-0.216210147E+00
-0.213164008E+00-0.209706074E+00-0.205840396E+00-0.201573240E+00-0.196913098E+00
-0.191870716E+00-0.186459112E+00-0.180693607E+00-0.174591847E+00-0.168173817E+00
-0.161461857E+00-0.154480662E+00-0.147257289E+00-0.139821143E+00-0.132203955E+00
-0.124439738E+00-0.116564645E+00-0.108616476E+00-0.100632635E+00-0.926414828E-01
-0.846376953E-01-0.765591500E-01-0.686097409E-01-0.607968378E-01-0.531208698E-01
-0.455796416E-01-0.381701149E-01-0.308891495E-01-0.237338110E-01-0.167014974E-01
-0.978998576E-02-0.299744689E-02 0.367755511E-02 0.102360691E-01 0.166787656E-01
 0.230059463E-01 0.292175545E-01 0.353131861E-01 0.412921017E-01 0.471532403E-01
 0.528952364E-01 0.585164387E-01 0.640149340E-01 0.693885757E-01 0.746350165E-01
 0.797517483E-01 0.847361473E-01 0.895855252E-01 0.942971859E-01 0.988684873E-01
 0.103296906E+00 0.107580106E+00 0.466696277E-01 0.474793485E-01 0.468107160E-01
 0.446119708E-01 0.411353288E-01 0.373703034E-01 0.335790062E-01 0.297630085E-01
 0.259186420E-01 0.220427438E-01 0.181327799E-01 0.141867729E-01 0.102031746E-01
 0.618073070E-02 0.211836211E-02-0.198493170E-02-0.613014720E-02-0.103183331E-01
-0.145506325E-01-0.188283140E-01-0.231527952E-01-0.275256599E-01-0.319486714E-01
-0.364237827E-01-0.409531432E-01-0.455391048E-01-0.501842256E-01-0.548912728E-01
-0.596632246E-01-0.645032730E-01-0.694148293E-01-0.744015381E-01-0.794673079E-01
-0.846530927E-01-0.899577338E-01-0.953473437E-01-0.100791163E+00-0.106266567E+00
-0.111756503E+00-0.117246727E+00-0.122724186E+00-0.128176352E+00-0.133590974E+00
-0.138955985E+00-0.144259455E+00-0.149489575E+00-0.154634640E+00-0.159683041E+00
-0.164623252E+00-0.169443825E+00-0.174133382E+00-0.178680605E+00-0.183074231E+00
-0.187303043E+00-0.191355863E+00-0.195221545E+00-0.198888965E+00-0.202347010E+00
-0.205584568E+00-0.208590508E+00-0.211353662E+00-0.213862788E+00-0.216106541E+00
-0.218073268E+00-0.219750998E+00-0.221127481E+00-0.222190258E+00-0.222926772E+00
-0.223324525E+00-0.223371275E+00-0.223055278E+00-0.222365553E+00-0.221292166E+00
-0.219826530E+00-0.217961693E+00-0.215692613E+00-0.213016383E+00-0.209932523E+00
-0.206442871E+00-0.202551500E+00-0.198264719E+00-0.193591084E+00-0.188541413E+00
-0.183128812E+00-0.177368689E+00-0.171278777E+00-0.164879147E+00-0.158192217E+00
-0.151242757E+00-0.144057891E+00-0.136667092E+00-0.129102168E+00-0.121397223E+00
-0.113588498E+00-0.105713685E+00-0.978087643E-01-0.898955247E-01-0.819531898E-01
-0.739495591E-01-0.660882964E-01-0.583629374E-01-0.507688667E-01-0.433022807E-01
-0.359598601E-01-0.287386743E-01-0.216361582E-01-0.146501091E-01-0.777868569E-02
-0.102040853E-02 0.562584165E-02 0.121608251E-01 0.185849449E-01 0.248982483E-01
 0.311004289E-01 0.371908291E-01 0.431684436E-01 0.490319252E-01 0.547795933E-01
 0.604094459E-01 0.659191767E-01 0.713061988E-01 0.765676750E-01 0.817005560E-01
 0.867016290E-01 0.915675737E-01 0.962950283E-01 0.100880664E+00 0.105321266E+00
 0.109613817E+00 0.466339882E-01 0.474668104E-01 0.468075304E-01 0.446066914E-01
 0.410859163E-01 0.373077075E-01 0.335040251E-01 0.296749240E-01 0.258182799E-01
 0.219320656E-01 0.180144670E-01 0.140639080E-01 0.100790275E-01 0.605863054E-02
 0.200162977E-02-0.209301266E-02-0.622633803E-02-0.103994361E-01-0.146134824E-01
-0.188697677E-01-0.231697222E-01-0.275149331E-01-0.319071593E-01-0.363483415E-01
-0.408406098E-01-0.453862890E-01-0.499879003E-01-0.546481606E-01-0.593699769E-01
-0.641564359E-01-0.690107869E-01-0.739364254E-01-0.789369033E-01-0.840514161E-01
-0.892830765E-01-0.946003394E-01-0.999719453E-01-0.105374666E+00-0.110791054E+00
-0.116206718E+00-0.121608594E+00-0.126984192E+00-0.132321318E+00-0.137607962E+00
-0.142832257E+00-0.147982450E+00-0.153046894E+00-0.158014028E+00-0.162872378E+00
-0.167610540E+00-0.172217174E+00-0.176680999E+00-0.180990781E+00-0.185135328E+00
-0.189103478E+00-0.192884095E+00-0.196466054E+00-0.199838231E+00-0.202989491E+00
-0.205908669E+00-0.208584547E+00-0.211005829E+00-0.213161108E+00-0.215038821E+00
-0.216627222E+00-0.217914308E+00-0.218887965E+00-0.219536064E+00-0.219846613E+00
-0.219807951E+00-0.219408977E+00-0.218639396E+00-0.217490000E+00-0.215952936E+00
-0.214021970E+00-0.211692756E+00-0.208963076E+00-0.205832816E+00-0.202304028E+00
-0.198380963E+00-0.194070086E+00-0.189380103E+00-0.184321976E+00-0.178908952E+00
-0.173156575E+00-0.167082709E+00-0.160707543E+00-0.154053606E+00-0.147145767E+00
-0.140011237E+00-0.132679570E+00-0.125182652E+00-0.117554657E+00-0.109831814E+00
-0.102051206E+00-0.942451586E-01-0.864232863E-01-0.785451625E-01-0.706612680E-01
-0.629151761E-01-0.552976660E-01-0.478027811E-01-0.404262897E-01-0.331649396E-01
-0.260161018E-01-0.189776033E-01-0.120476500E-01-0.522479264E-02 0.149208640E-02
 0.810377616E-02 0.146107348E-01 0.210130844E-01 0.273106039E-01 0.335027215E-01
 0.395885066E-01 0.455666622E-01 0.514355196E-01 0.571930345E-01 0.628367887E-01
 0.683639964E-01 0.737715186E-01 0.790558876E-01 0.842133416E-01 0.892398746E-01
 0.941312988E-01 0.988833226E-01 0.103491643E+00 0.107952050E+00 0.112260541E+00
 0.467035438E-01 0.475293575E-01 0.469265098E-01 0.446838703E-01 0.409198970E-01
 0.371306085E-01 0.333238386E-01 0.294909230E-01 0.256305973E-01 0.217416791E-01
 0.178230401E-01 0.138736328E-01 0.989249090E-02 0.587870858E-02 0.183140986E-02
-0.225028786E-02-0.636730977E-02-0.105206569E-01-0.147114351E-01-0.189408790E-01
-0.232103714E-01-0.275214594E-01-0.318758653E-01-0.362754967E-01-0.407224524E-01
-0.452190275E-01-0.497677151E-01-0.543712050E-01-0.590323756E-01-0.637542701E-01
-0.685400378E-01-0.733927902E-01-0.783152467E-01-0.833422621E-01-0.884834018E-01
-0.937111986E-01-0.989939341E-01-0.104307570E+00-0.109634050E+00-0.114958710E+00
-0.120268411E+00-0.125550678E+00-0.130793367E+00-0.135984533E+00-0.141112374E+00
-0.146165206E+00-0.151131444E+00-0.155999592E+00-0.160758231E+00-0.165396011E+00
-0.169901642E+00-0.174263886E+00-0.178471548E+00-0.182513466E+00-0.186378508E+00
-0.190055555E+00-0.193533495E+00-0.196801211E+00-0.199847569E+00-0.202661399E+00
-0.205231483E+00-0.207546536E+00-0.209595185E+00-0.211365959E+00-0.212847282E+00
-0.214027487E+00-0.214894895E+00-0.215437884E+00-0.215645056E+00-0.215505427E+00
-0.215008637E+00-0.214145186E+00-0.212906694E+00-0.211286175E+00-0.209278222E+00
-0.206879211E+00-0.204087447E+00-0.200903253E+00-0.197329038E+00-0.193369356E+00
-0.189030936E+00-0.184322722E+00-0.179255901E+00-0.173843923E+00-0.168102527E+00
-0.162049752E+00-0.155705953E+00-0.149093800E+00-0.142238286E+00-0.135166719E+00
-0.127908703E+00-0.120496094E+00-0.112962839E+00-0.105344322E+00-0.976744759E-01
-0.899748616E-01-0.822307763E-01-0.744176549E-01-0.667130268E-01-0.591187521E-01
-0.516339595E-01-0.442568616E-01-0.369854739E-01-0.298178915E-01-0.227523933E-01
-0.157874819E-01-0.892190155E-02-0.215465021E-02 0.451500932E-02 0.110875365E-01
 0.175630987E-01 0.239415543E-01 0.302224348E-01 0.364049245E-01 0.424878397E-01
 0.484696065E-01 0.543482399E-01 0.601213238E-01 0.657859950E-01 0.713389329E-01
 0.767763581E-01 0.820940426E-01 0.872873367E-01 0.923512142E-01 0.972803403E-01
 0.102069164E+00 0.106712037E+00 0.111203347E+00 0.115537686E+00 0.460773436E-01
 0.469292287E-01 0.462881264E-01 0.441025424E-01 0.406182070E-01 0.368452202E-01
 0.330411317E-01 0.292101232E-01 0.253517133E-01 0.214653586E-01 0.175505352E-01
 0.136067451E-01 0.963350505E-02 0.563032428E-02 0.159667530E-02-0.246803624E-02
-0.656450049E-02-0.106935288E-01-0.148560751E-01-0.190532529E-01-0.232863487E-01
-0.275568316E-01-0.318663617E-01-0.362167948E-01-0.406101881E-01-0.450488046E-01
-0.495351196E-01-0.540718297E-01-0.586618710E-01-0.633084535E-01-0.680151351E-01
-0.727859861E-01-0.776259740E-01-0.825418869E-01-0.875723566E-01-0.926927408E-01
-0.978698094E-01-0.103078072E+00-0.108298489E+00-0.113515923E+00-0.118717076E+00
-0.123889463E+00-0.129020986E+00-0.134099769E+00-0.139114087E+00-0.144052336E+00
-0.148903006E+00-0.153654674E+00-0.158295990E+00-0.162815668E+00-0.167202478E+00
-0.171445236E+00-0.175532795E+00-0.179454042E+00-0.183197880E+00-0.186753227E+00
-0.190109006E+00-0.193254129E+00-0.196177495E+00-0.198867972E+00-0.201314395E+00
-0.203505552E+00-0.205430184E+00-0.207076990E+00-0.208434643E+00-0.209491833E+00
-0.210237334E+00-0.210660103E+00-0.210749423E+00-0.210495073E+00-0.209887528E+00
-0.208918172E+00-0.207579523E+00-0.205865442E+00-0.203771323E+00-0.201294257E+00
-0.198433164E+00-0.195188902E+00-0.191564347E+00-0.187564456E+00-0.183196326E+00
-0.178469231E+00-0.173394657E+00-0.167986335E+00-0.162260259E+00-0.156234705E+00
-0.149930243E+00-0.143369739E+00-0.136578362E+00-0.129583559E+00-0.122415023E+00
-0.115104550E+00-0.107685557E+00-0.100191159E+00-0.926467458E-01-0.850503317E-01
-0.773517934E-01-0.697341998E-01-0.622057234E-01-0.547697964E-01-0.474274290E-01
-0.401784440E-01-0.330221235E-01-0.259575456E-01-0.189837616E-01-0.120998923E-01
-0.530518471E-02 0.140094990E-02 0.801890669E-02 0.145488606E-01 0.209907397E-01
 0.273441974E-01 0.336085814E-01 0.397829007E-01 0.458657888E-01 0.518554647E-01
 0.577496909E-01 0.635457310E-01 0.692403088E-01 0.748295703E-01 0.803090544E-01
 0.856736775E-01 0.909177372E-01 0.960349430E-01 0.101018483E+00 0.105861127E+00
 0.110555378E+00 0.115093665E+00 0.119468563E+00 0.456568259E-01 0.465231783E-01
 0.458927616E-01 0.437149792E-01 0.402241526E-01 0.364565615E-01 0.326582746E-01
 0.288325542E-01 0.249793689E-01 0.210987230E-01 0.171906859E-01 0.132553596E-01
 0.929283537E-02 0.530314623E-02 0.128622485E-02-0.275813221E-02-0.683029180E-02
-0.109308039E-01-0.150604151E-01-0.192200766E-01-0.234109486E-01-0.276344023E-01
-0.318920203E-01-0.361855959E-01-0.405171330E-01-0.448888466E-01-0.493031650E-01
-0.537627358E-01-0.582704360E-01-0.628293889E-01-0.674429888E-01-0.721149269E-01
-0.768491894E-01-0.816499236E-01-0.865580242E-01-0.915567116E-01-0.966130523E-01
-0.101700569E+00-0.106799340E+00-0.111893738E+00-0.116970309E+00-0.122016565E+00
-0.127020475E+00-0.131970250E+00-0.136854262E+00-0.141660997E+00-0.146379039E+00
-0.150997051E+00-0.155503765E+00-0.159887972E+00-0.164138515E+00-0.168244278E+00
-0.172194180E+00-0.175977166E+00-0.179582202E+00-0.182998265E+00-0.186214333E+00
-0.189219387E+00-0.192002397E+00-0.194552319E+00-0.196858097E+00-0.198908663E+00
-0.200692948E+00-0.202199902E+00-0.203418527E+00-0.204337936E+00-0.204947424E+00
-0.205236577E+00-0.205195404E+00-0.204814491E+00-0.204085180E+00-0.202999755E+00
-0.201551634E+00-0.199735549E+00-0.197547716E+00-0.194985984E+00-0.192049961E+00
-0.188741125E+00-0.185062908E+00-0.181020773E+00-0.176622272E+00-0.171877096E+00
-0.166797117E+00-0.161396415E+00-0.155691313E+00-0.149700386E+00-0.143444482E+00
-0.136946731E+00-0.130232543E+00-0.123329601E+00-0.116267799E+00-0.109078989E+00
-0.101795845E+00-0.944471854E-01-0.870441233E-01-0.795582009E-01-0.720156226E-01
-0.645675485E-01-0.572061025E-01-0.499279966E-01-0.427317082E-01-0.356163607E-01
-0.285813032E-01-0.216259682E-01-0.147498391E-01-0.795245733E-02-0.123344284E-02
 0.540747934E-02 0.119704512E-01 0.184554514E-01 0.248622625E-01 0.311904343E-01
 0.374392428E-01 0.436076440E-01 0.496942215E-01 0.556971268E-01 0.616140141E-01
 0.674419680E-01 0.731774263E-01 0.788161016E-01 0.843529055E-01 0.897818829E-01
 0.950961678E-01 0.100287973E+00 0.105348630E+00 0.110268697E+00 0.115038142E+00
 0.119646610E+00 0.124083763E+00 0.455285778E-01 0.462787845E-01 0.457817125E-01
 0.434939488E-01 0.397384432E-01 0.359682069E-01 0.321775601E-01 0.283587975E-01
 0.245121571E-01 0.206382435E-01 0.167378539E-01 0.128118625E-01 0.886110752E-02
 0.488629882E-02 0.887951275E-03-0.313365714E-02-0.717850811E-02-0.112468519E-01
-0.153392073E-01-0.194563555E-01-0.235993318E-01-0.277694157E-01-0.319681204E-01
-0.361971839E-01-0.404585606E-01-0.447544141E-01-0.490871117E-01-0.534592203E-01
-0.578735031E-01-0.623329165E-01-0.668406057E-01-0.713998950E-01-0.760142702E-01
-0.806873531E-01-0.854591051E-01-0.903208562E-01-0.952411218E-01-0.100192517E+00
-0.105154207E+00-0.110109994E+00-0.115046220E+00-0.119950395E+00-0.124810564E+00
-0.129615043E+00-0.134352316E+00-0.139010981E+00-0.143579728E+00-0.148047322E+00
-0.152402593E+00-0.156634426E+00-0.160731751E+00-0.164683540E+00-0.168478796E+00
-0.172106546E+00-0.175555842E+00-0.178815746E+00-0.181875334E+00-0.184723688E+00
-0.187349898E+00-0.189743066E+00-0.191892307E+00-0.193786766E+00-0.195415642E+00
-0.196768212E+00-0.197833885E+00-0.198602265E+00-0.199063229E+00-0.199207036E+00
-0.199024452E+00-0.198506891E+00-0.197646571E+00-0.196436682E+00-0.194871547E+00
-0.192946787E+00-0.190659471E+00-0.188008251E+00-0.184993485E+00-0.181617344E+00
-0.177883899E+00-0.173799201E+00-0.169371344E+00-0.164610520E+00-0.159529062E+00
-0.154141479E+00-0.148464488E+00-0.142517031E+00-0.136320293E+00-0.129897708E+00
-0.123274955E+00-0.116479904E+00-0.109542405E+00-0.102493374E+00-0.953610952E-01
-0.881599283E-01-0.808702468E-01-0.734923662E-01-0.661778247E-01-0.589302245E-01
-0.517503463E-01-0.446382577E-01-0.375938957E-01-0.306171871E-01-0.237080532E-01
-0.168664013E-01-0.100921243E-01-0.338511186E-02 0.325473165E-02 0.982746366E-02
 0.163330757E-01 0.227714619E-01 0.291423828E-01 0.354454236E-01 0.416799461E-01
 0.478450319E-01 0.539394156E-01 0.599614068E-01 0.659087985E-01 0.717787604E-01
 0.775677175E-01 0.832712133E-01 0.888837624E-01 0.943986983E-01 0.998080324E-01
 0.105102344E+00 0.110270737E+00 0.115300895E+00 0.120179287E+00 0.124891539E+00
 0.129422971E+00 0.444708275E-01 0.453602393E-01 0.447530321E-01 0.425984052E-01
 0.391315980E-01 0.353839630E-01 0.316025743E-01 0.277909211E-01 0.239498870E-01
 0.200810511E-01 0.161863988E-01 0.122679999E-01 0.832776818E-02 0.436731267E-02
 0.387861464E-03-0.360976432E-02-0.762514715E-02-0.116582537E-01-0.157094083E-01
-0.197792646E-01-0.238687775E-01-0.279791783E-01-0.321119514E-01-0.362688152E-01
-0.404517046E-01-0.446627565E-01-0.489042965E-01-0.531788261E-01-0.574890094E-01
-0.618376558E-01-0.662276969E-01-0.706621558E-01-0.751441110E-01-0.796766841E-01
-0.842978069E-01-0.890064736E-01-0.937746196E-01-0.985741229E-01-0.103383179E+00
-0.108184868E+00-0.112965209E+00-0.117711655E+00-0.122412312E+00-0.127055605E+00
-0.131630139E+00-0.136124639E+00-0.140527915E+00-0.144828853E+00-0.149016396E+00
-0.153079540E+00-0.157007326E+00-0.160788831E+00-0.164413167E+00-0.167869471E+00
-0.171146908E+00-0.174234665E+00-0.177121949E+00-0.179797995E+00-0.182252064E+00
-0.184473457E+00-0.186451529E+00-0.188175706E+00-0.189635524E+00-0.190820664E+00
-0.191721007E+00-0.192326709E+00-0.192628280E+00-0.192616691E+00-0.192283490E+00
-0.191620930E+00-0.190622116E+00-0.189281147E+00-0.187593262E+00-0.185554987E+00
-0.183164270E+00-0.180420609E+00-0.177325163E+00-0.173880858E+00-0.170092475E+00
-0.165966728E+00-0.161512330E+00-0.156740051E+00-0.151662760E+00-0.146295470E+00
-0.140655362E+00-0.134761810E+00-0.128636396E+00-0.122302898E+00-0.115787231E+00
-0.109117218E+00-0.102321696E+00-0.954271316E-01-0.884477488E-01-0.813679613E-01
-0.741810569E-01-0.670375955E-01-0.599408114E-01-0.528934200E-01-0.458973511E-01
-0.389539547E-01-0.320642004E-01-0.252288014E-01-0.184482841E-01-0.117230303E-01
-0.505330593E-02 0.156071423E-02 0.811892297E-02 0.146212554E-01 0.210676612E-01
 0.274580737E-01 0.337923739E-01 0.400703479E-01 0.462916366E-01 0.524556744E-01
 0.585616147E-01 0.646082387E-01 0.705938432E-01 0.765161030E-01 0.823719023E-01
 0.881571313E-01 0.938664420E-01 0.994929650E-01 0.105027995E+00 0.110460666E+00
 0.115777677E+00 0.120963140E+00 0.125998685E+00 0.130863940E+00 0.135537442E+00
 0.437150246E-01 0.446112237E-01 0.440168524E-01 0.418804847E-01 0.384428748E-01
 0.347123619E-01 0.309417911E-01 0.271351695E-01 0.232949161E-01 0.194250039E-01
 0.155298384E-01 0.116135289E-01 0.767954447E-02 0.373060743E-02-0.231295048E-03
-0.420484843E-02-0.818933322E-02-0.121845483E-01-0.161907414E-01-0.202085495E-01
-0.242389478E-01-0.282832079E-01-0.323428621E-01-0.364196749E-01-0.405156189E-01
-0.446328549E-01-0.487737147E-01-0.529406857E-01-0.571363946E-01-0.613635862E-01
-0.656250896E-01-0.699237506E-01-0.742622842E-01-0.786429283E-01-0.830988028E-01
-0.876372090E-01-0.922362835E-01-0.968676079E-01-0.101508301E+00-0.106140492E+00
-0.110749669E+00-0.115323105E+00-0.119848917E+00-0.124315621E+00-0.128711948E+00
-0.133026754E+00-0.137248990E+00-0.141367673E+00-0.145371883E+00-0.149250747E+00
-0.152993435E+00-0.156589159E+00-0.160027164E+00-0.163296730E+00-0.166387170E+00
-0.169287832E+00-0.171988102E+00-0.174477412E+00-0.176745251E+00-0.178781179E+00
-0.180574849E+00-0.182116037E+00-0.183394683E+00-0.184400931E+00-0.185125200E+00
-0.185558246E+00-0.185691258E+00-0.185515949E+00-0.185024671E+00-0.184210535E+00
-0.183067538E+00-0.181590696E+00-0.179776174E+00-0.177621421E+00-0.175125289E+00
-0.172288154E+00-0.169112023E+00-0.165600630E+00-0.161759526E+00-0.157596153E+00
-0.153119913E+00-0.148342222E+00-0.143276562E+00-0.137938515E+00-0.132345801E+00
-0.126518296E+00-0.120478032E+00-0.114249139E+00-0.107857579E+00-0.101330138E+00
-0.946908393E-01-0.879514787E-01-0.810962488E-01-0.741236795E-01-0.671764443E-01
-0.602579699E-01-0.533713898E-01-0.465194653E-01-0.397045270E-01-0.329284932E-01
-0.261929200E-01-0.194990539E-01-0.128478761E-01-0.624013825E-02 0.323608738E-03
 0.684299022E-02 0.133177848E-01 0.197479021E-01 0.261333585E-01 0.324742511E-01
 0.387707270E-01 0.450229469E-01 0.512310401E-01 0.573950486E-01 0.635148565E-01
 0.695900995E-01 0.756200485E-01 0.816034593E-01 0.875383763E-01 0.934218774E-01
 0.992497400E-01 0.105016006E+00 0.110712422E+00 0.116327743E+00 0.121846912E+00
 0.127250240E+00 0.132512880E+00 0.137605098E+00 0.142493870E+00 0.431745276E-01
 0.440402861E-01 0.435161601E-01 0.413577667E-01 0.376874388E-01 0.339770371E-01
 0.302188061E-01 0.264076811E-01 0.225535819E-01 0.186673656E-01 0.147582291E-01
 0.108332626E-01 0.689767012E-02 0.295511837E-02-0.991944732E-03-0.494203468E-02
-0.889443353E-02-0.128490396E-01-0.168062522E-01-0.207668827E-01-0.247320856E-01
-0.287033036E-01-0.326822250E-01-0.366707495E-01-0.406709613E-01-0.446851082E-01
-0.487155852E-01-0.527649244E-01-0.568357898E-01-0.609309829E-01-0.650534658E-01
-0.692064244E-01-0.733934214E-01-0.776187644E-01-0.818883989E-01-0.862373098E-01
-0.906495339E-01-0.950962032E-01-0.995528983E-01-0.104000481E+00-0.108423635E+00
-0.112809286E+00-0.117145483E+00-0.121420805E+00-0.125624101E+00-0.129744375E+00
-0.133770725E+00-0.137692325E+00-0.141498408E+00-0.145178254E+00-0.148721192E+00
-0.152116592E+00-0.155353866E+00-0.158422468E+00-0.161311900E+00-0.164011712E+00
-0.166511514E+00-0.168800987E+00-0.170869900E+00-0.172708128E+00-0.174305685E+00
-0.175652758E+00-0.176739746E+00-0.177557320E+00-0.178096481E+00-0.178348638E+00
-0.178305692E+00-0.177960128E+00-0.177305126E+00-0.176334665E+00-0.175043647E+00
-0.173428015E+00-0.171484872E+00-0.169212603E+00-0.166610989E+00-0.163681313E+00
-0.160426467E+00-0.156851038E+00-0.152961399E+00-0.148765780E+00-0.144274332E+00
-0.139499185E+00-0.134454496E+00-0.129156484E+00-0.123623458E+00-0.117875823E+00
-0.111936021E+00-0.105828241E+00-0.995772548E-01-0.932044436E-01-0.867182394E-01
-0.800992831E-01-0.733614984E-01-0.666317475E-01-0.599136483E-01-0.532107210E-01
-0.465262682E-01-0.398632939E-01-0.332244567E-01-0.266120562E-01-0.200280412E-01
-0.134740279E-01-0.695132138E-02-0.460937322E-03 0.599637940E-02 0.124201373E-01
 0.188100826E-01 0.251661844E-01 0.314886194E-01 0.377777558E-01 0.440341340E-01
 0.502584438E-01 0.564514950E-01 0.626141794E-01 0.687474196E-01 0.748521013E-01
 0.809289804E-01 0.869785573E-01 0.930009020E-01 0.989954122E-01 0.104960469E+00
 0.110892945E+00 0.116787480E+00 0.122635400E+00 0.128423089E+00 0.134129583E+00
 0.139723399E+00 0.145159846E+00 0.150382607E+00 0.418891659E-01 0.427013270E-01
 0.421349394E-01 0.401397977E-01 0.368924276E-01 0.332695617E-01 0.294976477E-01
 0.256383413E-01 0.217304053E-01 0.177965338E-01 0.138504978E-01 0.990093044E-02
 0.595330139E-02 0.201100745E-02-0.192398496E-02-0.585073904E-02-0.976908456E-02
-0.136794375E-01-0.175826719E-01-0.214800255E-01-0.253730296E-01-0.292634545E-01
-0.331532679E-01-0.370446024E-01-0.409397297E-01-0.448410416E-01-0.487510354E-01
-0.526723041E-01-0.566075316E-01-0.605594936E-01-0.645310654E-01-0.685252369E-01
-0.725451307E-01-0.765939987E-01-0.806751027E-01-0.848245980E-01-0.890359793E-01
-0.932832405E-01-0.975412039E-01-0.101789706E+00-0.106012586E+00-0.110196318E+00
-0.114328810E+00-0.118398679E+00-0.122394892E+00-0.126306603E+00-0.130123078E+00
-0.133833664E+00-0.137427769E+00-0.140894854E+00-0.144224432E+00-0.147406063E+00
-0.150429358E+00-0.153283983E+00-0.155959666E+00-0.158446204E+00-0.160733477E+00
-0.162811465E+00-0.164670270E+00-0.166300140E+00-0.167691503E+00-0.168835010E+00
-0.169721579E+00-0.170342453E+00-0.170689267E+00-0.170754118E+00-0.170529654E+00
-0.170009160E+00-0.169186660E+00-0.168057020E+00-0.166616058E+00-0.164860655E+00
-0.162788861E+00-0.160400015E+00-0.157694842E+00-0.154675561E+00-0.151345977E+00
-0.147711572E+00-0.143779585E+00-0.139559085E+00-0.135061032E+00-0.130298333E+00
-0.125285877E+00-0.120040557E+00-0.114581251E+00-0.108928695E+00-0.103105016E+00
-0.971321447E-01-0.910273211E-01-0.847950882E-01-0.784205358E-01-0.719373212E-01
-0.654445321E-01-0.589459816E-01-0.524458107E-01-0.459480531E-01-0.394564625E-01
-0.329744418E-01-0.265050175E-01-0.200508342E-01-0.136141598E-01-0.719689666E-02
-0.800592793E-03 0.557354610E-02 0.119246470E-01 0.182521617E-01 0.245558607E-01
 0.308358294E-01 0.370924653E-01 0.433264759E-01 0.495388775E-01 0.557309917E-01
 0.619044415E-01 0.680611424E-01 0.742032885E-01 0.803333285E-01 0.864539295E-01
 0.925679203E-01 0.986782068E-01 0.104787644E+00 0.110898844E+00 0.117013877E+00
 0.123133800E+00 0.129257860E+00 0.135382039E+00 0.141496089E+00 0.147576446E+00
 0.153567111E+00 0.159347227E+00 0.419382974E-01 0.430390119E-01 0.425415637E-01
 0.403939468E-01 0.368057663E-01 0.328570483E-01 0.288527816E-01 0.248246195E-01
 0.207927073E-01 0.167688850E-01 0.127601345E-01 0.877054827E-02 0.480238413E-02
 0.856659461E-03-0.306648909E-02-0.696757432E-02-0.108476011E-01-0.147079541E-01
-0.185503150E-01-0.223765991E-01-0.261889069E-01-0.299894850E-01-0.337806960E-01
-0.375649947E-01-0.413449085E-01-0.451230230E-01-0.489019704E-01-0.526844202E-01
-0.564730717E-01-0.602706467E-01-0.640798791E-01-0.679034986E-01-0.717442014E-01
-0.756046029E-01-0.794871848E-01-0.834260936E-01-0.874221967E-01-0.914550681E-01
-0.954995876E-01-0.995347499E-01-0.103543527E+00-0.107511798E+00-0.111427214E+00
-0.115278365E+00-0.119054310E+00-0.122744355E+00-0.126337944E+00-0.129824614E+00
-0.133193971E+00-0.136435683E+00-0.139539474E+00-0.142495125E+00-0.145292483E+00
-0.147921463E+00-0.150372059E+00-0.152634359E+00-0.154698561E+00-0.156554993E+00
-0.158194139E+00-0.159606671E+00-0.160783485E+00-0.161715748E+00-0.162394943E+00
-0.162812934E+00-0.162962026E+00-0.162835045E+00-0.162425414E+00-0.161727242E+00
-0.160735417E+00-0.159445708E+00-0.157854860E+00-0.155960699E+00-0.153762239E+00
-0.151259779E+00-0.148455009E+00-0.145351098E+00-0.141952793E+00-0.138266501E+00
-0.134300368E+00-0.130064347E+00-0.125570263E+00-0.120831851E+00-0.115864774E+00
-0.110686562E+00-0.105316350E+00-0.997739880E-01-0.940773632E-01-0.882364387E-01
-0.822428111E-01-0.760836855E-01-0.698920565E-01-0.636601792E-01-0.573996518E-01
-0.511184863E-01-0.448228874E-01-0.385180115E-01-0.322083026E-01-0.258976465E-01
-0.195894467E-01-0.132866639E-01-0.699184002E-02-0.707112327E-03 0.556577650E-02
 0.118254730E-01 0.180710110E-01 0.243018125E-01 0.305176933E-01 0.367188703E-01
 0.429059738E-01 0.490800620E-01 0.552426403E-01 0.613956826E-01 0.675416572E-01
 0.736835558E-01 0.798249255E-01 0.859699047E-01 0.921232622E-01 0.982904409E-01
 0.104477606E+00 0.110691705E+00 0.116940538E+00 0.123232874E+00 0.129578622E+00
 0.135989180E+00 0.142478145E+00 0.149063058E+00 0.155770505E+00 0.162655044E+00
 0.169460827E+00 0.428227002E-01 0.444316069E-01 0.440266141E-01 0.415660244E-01
 0.369169599E-01 0.324171709E-01 0.280681698E-01 0.238098754E-01 0.196198017E-01
 0.154871309E-01 0.114060355E-01 0.737278992E-02 0.338452753E-02-0.561303518E-03
-0.446718045E-02-0.833560847E-02-0.121691588E-01-0.159704760E-01-0.197422714E-01
-0.234873097E-01-0.272083945E-01-0.309083542E-01-0.345900285E-01-0.382562581E-01
-0.419098752E-01-0.455536962E-01-0.491905164E-01-0.528231044E-01-0.564541978E-01
-0.600864952E-01-0.637226438E-01-0.673652119E-01-0.710166298E-01-0.746790558E-01
-0.783540645E-01-0.820710305E-01-0.858370029E-01-0.896398651E-01-0.934559530E-01
-0.972635391E-01-0.101044690E+00-0.104784519E+00-0.108470237E+00-0.112090285E+00
-0.115633753E+00-0.119090075E+00-0.122448873E+00-0.125699886E+00-0.128832940E+00
-0.131837930E+00-0.134704823E+00-0.137423655E+00-0.139984541E+00-0.142377683E+00
-0.144593385E+00-0.146622068E+00-0.148454292E+00-0.150080780E+00-0.151492449E+00
-0.152680442E+00-0.153636173E+00-0.154351369E+00-0.154818125E+00-0.155028964E+00
-0.154976904E+00-0.154655526E+00-0.154059059E+00-0.153182459E+00-0.152021498E+00
-0.150572858E+00-0.148834224E+00-0.146804382E+00-0.144483312E+00-0.141872288E+00
-0.138973969E+00-0.135792491E+00-0.132333558E+00-0.128604520E+00-0.124614453E+00
-0.120374225E+00-0.115896536E+00-0.111195930E+00-0.106288671E+00-0.101192292E+00
-0.959241452E-01-0.904979410E-01-0.849175899E-01-0.791718689E-01-0.732812068E-01
-0.673436730E-01-0.613624980E-01-0.553409934E-01-0.492846905E-01-0.431994334E-01
-0.370907636E-01-0.309637495E-01-0.248229618E-01-0.186724887E-01-0.125159571E-01
-0.635655087E-02-0.197022885E-03 0.596029744E-02 0.121135018E-01 0.182611050E-01
 0.244020511E-01 0.305357244E-01 0.366619649E-01 0.427810883E-01 0.488939125E-01
 0.550017895E-01 0.611066444E-01 0.672110221E-01 0.733181432E-01 0.794319706E-01
 0.855572886E-01 0.916997972E-01 0.978662267E-01 0.104064476E+00 0.110303787E+00
 0.116594966E+00 0.122950675E+00 0.129385852E+00 0.135918307E+00 0.142569679E+00
 0.149366973E+00 0.156345149E+00 0.163551201E+00 0.171045918E+00 0.178415041E+00
 0.416953976E-01 0.434293309E-01 0.430513810E-01 0.404916363E-01 0.360215244E-01
 0.313215082E-01 0.267736227E-01 0.223541038E-01 0.180424631E-01 0.138237891E-01
 0.968726035E-02 0.562473204E-02 0.162973122E-02-0.230318490E-02-0.617881980E-02
-0.100015702E-01-0.137755623E-01-0.175047301E-01-0.211928604E-01-0.248436164E-01
-0.284605514E-01-0.320471150E-01-0.356066571E-01-0.391424296E-01-0.426575883E-01
-0.461551942E-01-0.496382163E-01-0.531095340E-01-0.565719414E-01-0.600281541E-01
-0.634808213E-01-0.669325519E-01-0.703859731E-01-0.738438705E-01-0.773095255E-01
-0.807875402E-01-0.843083223E-01-0.878656123E-01-0.914384739E-01-0.950045799E-01
-0.985450353E-01-0.102044081E+00-0.105488305E+00-0.108865837E+00-0.112165701E+00
-0.115377409E+00-0.118490744E+00-0.121495651E+00-0.124382190E+00-0.127140510E+00
-0.129760844E+00-0.132233517E+00-0.134548946E+00-0.136697658E+00-0.138670307E+00
-0.140457690E+00-0.142050772E+00-0.143440719E+00-0.144618923E+00-0.145577047E+00
-0.146307064E+00-0.146801307E+00-0.147052523E+00-0.147053932E+00-0.146799297E+00
-0.146282988E+00-0.145500063E+00-0.144446347E+00-0.143118515E+00-0.141514178E+00
-0.139631974E+00-0.137471653E+00-0.135034173E+00-0.132321784E+00-0.129338119E+00
-0.126088281E+00-0.122578927E+00-0.118818344E+00-0.114816514E+00-0.110585136E+00
-0.106137567E+00-0.101488511E+00-0.966530555E-01-0.916443058E-01-0.864690538E-01
-0.811226609E-01-0.756003553E-01-0.700112449E-01-0.643470797E-01-0.586195400E-01
-0.528370094E-01-0.470063056E-01-0.411336735E-01-0.352249707E-01-0.292856654E-01
-0.233208136E-01-0.173350458E-01-0.113325644E-01-0.531714481E-02 0.707861325E-03
 0.673952597E-02 0.127753467E-01 0.188132526E-01 0.248516143E-01 0.308892582E-01
 0.369254860E-01 0.429601000E-01 0.489934334E-01 0.550263897E-01 0.610604882E-01
 0.670979213E-01 0.731416210E-01 0.791953404E-01 0.852637513E-01 0.913525602E-01
 0.974686501E-01 0.103620250E+00 0.109817141E+00 0.116070912E+00 0.122395262E+00
 0.128806390E+00 0.135323469E+00 0.141969239E+00 0.148770745E+00 0.155760220E+00
 0.162976012E+00 0.170463263E+00 0.178273031E+00 0.185892064E+00 0.398593079E-01
 0.416313857E-01 0.412654668E-01 0.386791641E-01 0.342243173E-01 0.294442762E-01
 0.248049674E-01 0.203044316E-01 0.159295467E-01 0.116683538E-01 0.751042464E-02
 0.344672343E-02-0.530652842E-03-0.442872873E-02-0.825385553E-02-0.120118620E-01
-0.157081599E-01-0.193478158E-01-0.229356004E-01-0.264760215E-01-0.299733487E-01
-0.334316306E-01-0.368547090E-01-0.402462310E-01-0.436096593E-01-0.469482819E-01
-0.502652214E-01-0.535634443E-01-0.568457694E-01-0.601148778E-01-0.633733223E-01
-0.666235386E-01-0.698678550E-01-0.731084962E-01-0.763475566E-01-0.795868710E-01
-0.828569452E-01-0.861577473E-01-0.894746191E-01-0.927864813E-01-0.960739775E-01
-0.993206623E-01-0.102512477E+00-0.105637115E+00-0.108683410E+00-0.111640878E+00
-0.114499425E+00-0.117249192E+00-0.119880478E+00-0.122383702E+00-0.124749393E+00
-0.126968188E+00-0.129030845E+00-0.130928252E+00-0.132651449E+00-0.134191652E+00
-0.135540274E+00-0.136688964E+00-0.137629636E+00-0.138354512E+00-0.138856169E+00
-0.139127583E+00-0.139162192E+00-0.138953948E+00-0.138497389E+00-0.137787703E+00
-0.136820804E+00-0.135593406E+00-0.134103105E+00-0.132348461E+00-0.130329074E+00
-0.128045673E+00-0.125500194E+00-0.122695863E+00-0.119637275E+00-0.116330472E+00
-0.112783011E+00-0.109004001E+00-0.105004064E+00-0.100795090E+00-0.963894765E-01
-0.917983337E-01-0.870284725E-01-0.820786775E-01-0.769354514E-01-0.717088842E-01
-0.663878953E-01-0.609838259E-01-0.555040186E-01-0.499562569E-01-0.443478848E-01
-0.386856780E-01-0.329759253E-01-0.272244905E-01-0.214368405E-01-0.156180529E-01
-0.977281692E-02-0.390543116E-02 0.198019987E-02 0.788057032E-02 0.137925798E-01
 0.197135426E-01 0.256412008E-01 0.315737402E-01 0.375098118E-01 0.434485580E-01
 0.493896445E-01 0.553332992E-01 0.612803596E-01 0.672323285E-01 0.731914424E-01
 0.791607517E-01 0.851442183E-01 0.911468319E-01 0.971747498E-01 0.103235466E+00
 0.109338015E+00 0.115493211E+00 0.121713946E+00 0.128015527E+00 0.134416082E+00
 0.140937004E+00 0.147603433E+00 0.154444717E+00 0.161494760E+00 0.168792119E+00
 0.176379653E+00 0.184312653E+00 0.192021198E+00 0.376048030E-01 0.394467135E-01
 0.390898744E-01 0.364805583E-01 0.316169116E-01 0.267810678E-01 0.221117801E-01
 0.175883037E-01 0.132017407E-01 0.894292691E-02 0.480276190E-02 0.772475366E-03
-0.315625036E-02-0.699124109E-02-0.107398335E-01-0.144088956E-01-0.180048526E-01
-0.215337138E-01-0.250010976E-01-0.284122549E-01-0.317720913E-01-0.350851880E-01
-0.383558210E-01-0.415879797E-01-0.447853852E-01-0.479515058E-01-0.510895737E-01
-0.542025981E-01-0.572933790E-01-0.603645174E-01-0.634184225E-01-0.664573121E-01
-0.694831961E-01-0.724978241E-01-0.755025508E-01-0.784980116E-01-0.815106221E-01
-0.845447545E-01-0.875933977E-01-0.906387604E-01-0.936616357E-01-0.966450555E-01
-0.995743599E-01-0.102436725E+00-0.105220666E+00-0.107915588E+00-0.110511450E+00
-0.112998553E+00-0.115367427E+00-0.117608768E+00-0.119713417E+00-0.121672354E+00
-0.123476704E+00-0.125117752E+00-0.126586962E+00-0.127876005E+00-0.128976786E+00
-0.129881474E+00-0.130582546E+00-0.131072826E+00-0.131345529E+00-0.131394316E+00
-0.131213347E+00-0.130797339E+00-0.130141635E+00-0.129242267E+00-0.128096029E+00
-0.126700548E+00-0.125054362E+00-0.123156995E+00-0.121009028E+00-0.118612177E+00
-0.115969357E+00-0.113084747E+00-0.109963837E+00-0.106613449E+00-0.103041697E+00
-0.992577755E-01-0.952712650E-01-0.910907444E-01-0.867217002E-01-0.821627939E-01
-0.774017086E-01-0.725420683E-01-0.675723668E-01-0.625035976E-01-0.573424717E-01
-0.520963930E-01-0.467725220E-01-0.413778588E-01-0.359191495E-01-0.304028252E-01
-0.248349831E-01-0.192213841E-01-0.135674528E-01-0.787827607E-02-0.215859825E-02
 0.358718474E-02 0.935503336E-02 0.151412742E-01 0.209426117E-01 0.267561428E-01
 0.325793743E-01 0.384102441E-01 0.442471466E-01 0.500889628E-01 0.559350970E-01
 0.617855193E-01 0.676408162E-01 0.735022515E-01 0.793718372E-01 0.852524192E-01
 0.911477784E-01 0.970627531E-01 0.103003385E+00 0.108977094E+00 0.114992896E+00
 0.121061650E+00 0.127196376E+00 0.133412613E+00 0.139728852E+00 0.146167015E+00
 0.152752964E+00 0.159516988E+00 0.166494130E+00 0.173724199E+00 0.181251238E+00
 0.189137716E+00 0.196755370E+00 0.339202836E-01 0.357232514E-01 0.353538783E-01
 0.327416826E-01 0.281454877E-01 0.233256584E-01 0.186663034E-01 0.141623543E-01
 0.980692838E-02 0.559206340E-02 0.150918998E-02-0.245049628E-02-0.629576228E-02
-0.100351490E-01-0.136768488E-01-0.172286307E-01-0.206978016E-01-0.240911903E-01
-0.274151494E-01-0.306755670E-01-0.338778860E-01-0.370271265E-01-0.401279107E-01
-0.431844882E-01-0.462007606E-01-0.491803050E-01-0.521263962E-01-0.550420266E-01
-0.579299256E-01-0.607925762E-01-0.636322326E-01-0.664509399E-01-0.692505621E-01
-0.720328382E-01-0.747995076E-01-0.775526152E-01-0.802952717E-01-0.830533401E-01
-0.858230437E-01-0.885907034E-01-0.913382314E-01-0.940483659E-01-0.967059430E-01
-0.992976459E-01-0.101811600E+00-0.104236989E+00-0.106563726E+00-0.108782211E+00
-0.110883169E+00-0.112857564E+00-0.114696557E+00-0.116391486E+00-0.117933869E+00
-0.119315419E+00-0.120528058E+00-0.121563949E+00-0.122415522E+00-0.123075509E+00
-0.123536986E+00-0.123793415E+00-0.123838687E+00-0.123667181E+00-0.123273810E+00
-0.122654088E+00-0.121804187E+00-0.120721007E+00-0.119402242E+00-0.117846453E+00
-0.116053137E+00-0.114022799E+00-0.111757008E+00-0.109258454E+00-0.106530971E+00
-0.103579528E+00-0.100410114E+00-0.970293871E-01-0.934440388E-01-0.896599832E-01
-0.856803392E-01-0.815019676E-01-0.771194552E-01-0.726246270E-01-0.680068057E-01
-0.632763611E-01-0.584395189E-01-0.535032900E-01-0.484745013E-01-0.433599368E-01
-0.381662743E-01-0.329000511E-01-0.275676237E-01-0.221751342E-01-0.167284854E-01
-0.112333244E-01-0.569503055E-02-0.118704534E-03 0.549084212E-02 0.111290981E-01
 0.167918643E-01 0.224752678E-01 0.281757769E-01 0.338902191E-01 0.396158019E-01
 0.453501360E-01 0.510912629E-01 0.568376869E-01 0.625884119E-01 0.683429839E-01
 0.741015409E-01 0.798648707E-01 0.856344785E-01 0.914126668E-01 0.972026291E-01
 0.103008562E+00 0.108835798E+00 0.114690969E+00 0.120582202E+00 0.126519358E+00
 0.132514335E+00 0.138581433E+00 0.144737824E+00 0.151004137E+00 0.157405186E+00
 0.163970848E+00 0.170737036E+00 0.177746514E+00 0.185049013E+00 0.192691069E+00
 0.199885917E+00 0.295423159E-01 0.312880340E-01 0.308997294E-01 0.282932409E-01
 0.238330039E-01 0.190522830E-01 0.144339506E-01 0.998571237E-02 0.570061861E-02
 0.157019435E-02-0.241489467E-02-0.626440192E-02-0.998814948E-02-0.135957654E-01
-0.170965000E-01-0.204991077E-01-0.238117792E-01-0.270421127E-01-0.301971100E-01
-0.332831917E-01-0.363062227E-01-0.392715440E-01-0.421840072E-01-0.450480094E-01
-0.478675269E-01-0.506461468E-01-0.533870961E-01-0.560932675E-01-0.587672425E-01
-0.614113119E-01-0.640274930E-01-0.666175445E-01-0.691829801E-01-0.717250776E-01
-0.742448811E-01-0.767431746E-01-0.792203645E-01-0.817023387E-01-0.841881855E-01
-0.866701539E-01-0.891334776E-01-0.915616787E-01-0.939394550E-01-0.962531733E-01
-0.984906328E-01-0.100640765E+00-0.102693359E+00-0.104638829E+00-0.106468040E+00
-0.108172192E+00-0.109742750E+00-0.111171417E+00-0.112450120E+00-0.113571019E+00
-0.114526525E+00-0.115309323E+00-0.115912402E+00-0.116329093E+00-0.116553105E+00
-0.116578571E+00-0.116400096E+00-0.116012801E+00-0.115412387E+00-0.114595183E+00
-0.113558212E+00-0.112299253E+00-0.110816905E+00-0.109110661E+00-0.107180959E+00
-0.105029235E+00-0.102657943E+00-0.100070513E+00-0.972711744E-01-0.942646426E-01
-0.910555613E-01-0.876470838E-01-0.840384739E-01-0.802260286E-01-0.762135457E-01
-0.720763116E-01-0.678054014E-01-0.634103528E-01-0.588969462E-01-0.542717613E-01
-0.495412435E-01-0.447118599E-01-0.397900450E-01-0.347821836E-01-0.296945852E-01
-0.245334582E-01-0.193048839E-01-0.140147926E-01-0.866894261E-02-0.327290244E-02
 0.216796495E-02 0.764851655E-02 0.131638433E-01 0.187092844E-01 0.242804421E-01
 0.298731980E-01 0.354837309E-01 0.411085359E-01 0.467444469E-01 0.523886605E-01
 0.580387641E-01 0.636927659E-01 0.693491305E-01 0.750068176E-01 0.806653260E-01
 0.863247443E-01 0.919858070E-01 0.976499607E-01 0.103319438E+00 0.108997348E+00
 0.114687772E+00 0.120395896E+00 0.126128151E+00 0.131892398E+00 0.137698162E+00
 0.143556937E+00 0.149482593E+00 0.155491971E+00 0.161605750E+00 0.167849812E+00
 0.174257433E+00 0.180872725E+00 0.187755091E+00 0.194934260E+00 0.201600740E+00
 0.247162364E-01 0.264664893E-01 0.260584879E-01 0.234381601E-01 0.186667852E-01
 0.139103968E-01 0.936419596E-02 0.500936353E-02 0.836352728E-03-0.316570587E-02
-0.700847932E-02-0.107038883E-01-0.142636913E-01-0.176991916E-01-0.210210495E-01
-0.242391761E-01-0.273626883E-01-0.303999061E-01-0.333583768E-01-0.362449161E-01
-0.390656570E-01-0.418261025E-01-0.445311774E-01-0.471852780E-01-0.497923178E-01
-0.523557681E-01-0.548786954E-01-0.573637921E-01-0.598134039E-01-0.622295516E-01
-0.646139479E-01-0.669680069E-01-0.692928448E-01-0.715892611E-01-0.738576856E-01
-0.760980460E-01-0.783094661E-01-0.805141173E-01-0.827136614E-01-0.849047075E-01
-0.870769065E-01-0.892160096E-01-0.913072335E-01-0.933368640E-01-0.952924989E-01
-0.971628727E-01-0.989376381E-01-0.100607173E+00-0.102162418E+00-0.103594756E+00
-0.104895927E+00-0.106057980E+00-0.107073251E+00-0.107934361E+00-0.108634224E+00
-0.109166072E+00-0.109523481E+00-0.109700409E+00-0.109691230E+00-0.109490778E+00
-0.109094395E+00-0.108497975E+00-0.107698019E+00-0.106691685E+00-0.105476837E+00
-0.104052090E+00-0.102416870E+00-0.100571461E+00-0.985170073E-01-0.962554175E-01
-0.937892400E-01-0.911214211E-01-0.882543517E-01-0.851892458E-01-0.819263582E-01
-0.784636874E-01-0.748098445E-01-0.710195456E-01-0.670865905E-01-0.630196171E-01
-0.588240560E-01-0.545060691E-01-0.500717081E-01-0.455270742E-01-0.408782757E-01
-0.361314233E-01-0.312926156E-01-0.263679240E-01-0.213633756E-01-0.162849356E-01
-0.111384886E-01-0.592982067E-02-0.664601992E-03 0.465162929E-02 0.100134828E-01
 0.154157312E-01 0.208533251E-01 0.263214089E-01 0.318153370E-01 0.373306912E-01
 0.428632994E-01 0.484092557E-01 0.539649428E-01 0.595270554E-01 0.650926270E-01
 0.706590576E-01 0.762241451E-01 0.817861180E-01 0.873436720E-01 0.928960083E-01
 0.984428759E-01 0.103984616E+00 0.109522213E+00 0.115057342E+00 0.120592433E+00
 0.126130729E+00 0.131676359E+00 0.137234415E+00 0.142811054E+00 0.148413613E+00
 0.154050770E+00 0.159732786E+00 0.165471890E+00 0.171283000E+00 0.177185225E+00
 0.183205650E+00 0.189391730E+00 0.195796878E+00 0.201662078E+00 0.184469431E-01
 0.200996651E-01 0.196516830E-01 0.170382061E-01 0.124874954E-01 0.782024220E-02
 0.338669324E-02-0.827686218E-03-0.483739374E-02-0.865810246E-02-0.123057442E-01
-0.157958295E-01-0.191430112E-01-0.223608433E-01-0.254616778E-01-0.284566547E-01
-0.313557481E-01-0.341678429E-01-0.369008259E-01-0.395616792E-01-0.421565716E-01
-0.446909433E-01-0.471695815E-01-0.495966888E-01-0.519759424E-01-0.543105447E-01
-0.566032674E-01-0.588564884E-01-0.610722218E-01-0.632521437E-01-0.653976116E-01
-0.675096811E-01-0.695891202E-01-0.716364271E-01-0.736518652E-01-0.756355543E-01
-0.775877152E-01-0.795093323E-01-0.814210381E-01-0.833189728E-01-0.851961976E-01
-0.870413192E-01-0.888410478E-01-0.905820818E-01-0.922520150E-01-0.938394920E-01
-0.953340909E-01-0.967261694E-01-0.980067268E-01-0.991672928E-01-0.100199844E+00
-0.101096749E+00-0.101850735E+00-0.102454873E+00-0.102902586E+00-0.103187665E+00
-0.103304285E+00-0.103247047E+00-0.103011006E+00-0.102591714E+00-0.101985257E+00
-0.101188292E+00-0.100198094E+00-0.990125909E-01-0.976303652E-01-0.960505920E-01
-0.942730415E-01-0.922980874E-01-0.901266465E-01-0.877594097E-01-0.851965424E-01
-0.824387213E-01-0.794817854E-01-0.763266711E-01-0.730279720E-01-0.695754418E-01
-0.659700451E-01-0.622210127E-01-0.583342008E-01-0.543156814E-01-0.501712512E-01
-0.459066792E-01-0.415277208E-01-0.370401439E-01-0.324497338E-01-0.277622922E-01
-0.229836313E-01-0.181195646E-01-0.131758964E-01-0.815840854E-02-0.307284789E-02
 0.207508804E-02 0.727976489E-02 0.125356256E-01 0.178372047E-01 0.231791427E-01
 0.285562014E-01 0.339632793E-01 0.393954282E-01 0.448478708E-01 0.503160197E-01
 0.557954976E-01 0.612821587E-01 0.667721118E-01 0.722617443E-01 0.777477481E-01
 0.832271457E-01 0.886973172E-01 0.941560279E-01 0.996014551E-01 0.105032214E+00
 0.110447382E+00 0.115846519E+00 0.121229683E+00 0.126597441E+00 0.131950865E+00
 0.137291518E+00 0.142621416E+00 0.147942960E+00 0.153258823E+00 0.158571755E+00
 0.163884275E+00 0.169198128E+00 0.174513300E+00 0.179826034E+00 0.185124223E+00
 0.190374833E+00 0.195491852E+00 0.200328054E+00 0.110908459E-01 0.125976011E-01
 0.120962667E-01 0.950613173E-02 0.519366642E-02 0.670214498E-03-0.359097666E-02
-0.759814389E-02-0.113750353E-01-0.149455007E-01-0.183320415E-01-0.215551437E-01
-0.246330432E-01-0.275817500E-01-0.304152064E-01-0.331455014E-01-0.357830965E-01
-0.383370386E-01-0.408151526E-01-0.432242077E-01-0.455700606E-01-0.478577758E-01
-0.500917273E-01-0.522756832E-01-0.544128755E-01-0.565060590E-01-0.585575592E-01
-0.605693112E-01-0.625428918E-01-0.644795449E-01-0.663802013E-01-0.682454935E-01
-0.700757660E-01-0.718710792E-01-0.736312018E-01-0.753555737E-01-0.770431826E-01
-0.786921927E-01-0.803218243E-01-0.819307497E-01-0.835143681E-01-0.850647289E-01
-0.865709678E-01-0.880211532E-01-0.894034153E-01-0.907065602E-01-0.919202188E-01
-0.930348059E-01-0.940414208E-01-0.949317545E-01-0.956980137E-01-0.963328671E-01
-0.968294096E-01-0.971811465E-01-0.973819911E-01-0.974262738E-01-0.973087582E-01
-0.970246638E-01-0.965696975E-01-0.959400855E-01-0.951325834E-01-0.941444506E-01
-0.929734917E-01-0.916181215E-01-0.900773152E-01-0.883498654E-01-0.864343647E-01
-0.843291659E-01-0.820341427E-01-0.795458356E-01-0.768618878E-01-0.740296554E-01
-0.710388994E-01-0.678889803E-01-0.645875507E-01-0.611384462E-01-0.575456692E-01
-0.538142682E-01-0.499493897E-01-0.459562754E-01-0.418402039E-01-0.376064950E-01
-0.332605135E-01-0.288076725E-01-0.242534350E-01-0.196033116E-01-0.148628564E-01
-0.100376611E-01-0.513334730E-02-0.155557444E-03 0.489005468E-02 0.999783456E-02
 0.151621381E-01 0.203773434E-01 0.256378632E-01 0.309381580E-01 0.362727503E-01
 0.416362393E-01 0.470233174E-01 0.524287873E-01 0.578475810E-01 0.632747794E-01
 0.687056335E-01 0.741355869E-01 0.795602983E-01 0.849756648E-01 0.903778453E-01
 0.957632827E-01 0.101128724E+00 0.106471239E+00 0.111788232E+00 0.117077450E+00
 0.122336980E+00 0.127565238E+00 0.132760936E+00 0.137923033E+00 0.143050654E+00
 0.148142967E+00 0.153198999E+00 0.158217373E+00 0.163195912E+00 0.168131052E+00
 0.173016952E+00 0.177844123E+00 0.182597329E+00 0.187252539E+00 0.191773391E+00
 0.196109830E+00 0.200203561E+00 0.285710124E-02 0.424875379E-02 0.368467491E-02
 0.111598529E-02-0.335526093E-02-0.769128781E-02-0.116821300E-01-0.153793957E-01
-0.188237480E-01-0.220514227E-01-0.250934021E-01-0.279755728E-01-0.307193439E-01
-0.333423750E-01-0.358592579E-01-0.382820960E-01-0.406209770E-01-0.428843488E-01
-0.450793169E-01-0.472118774E-01-0.492871020E-01-0.513092824E-01-0.532820465E-01
-0.552084494E-01-0.570910470E-01-0.589319539E-01-0.607328901E-01-0.624952178E-01
-0.642199704E-01-0.659078746E-01-0.675593680E-01-0.691746114E-01-0.707534995E-01
-0.722956699E-01-0.738005175E-01-0.752672243E-01-0.766948363E-01-0.780824738E-01
-0.794299112E-01-0.807540852E-01-0.820492690E-01-0.833086429E-01-0.845235973E-01
-0.856839843E-01-0.867791865E-01-0.877986959E-01-0.887325036E-01-0.895712495E-01
-0.903062283E-01-0.909293452E-01-0.914330630E-01-0.918103520E-01-0.920546561E-01
-0.921598763E-01-0.921203683E-01-0.919309451E-01-0.915868739E-01-0.910838580E-01
-0.904180745E-01-0.895862411E-01-0.885855979E-01-0.874133930E-01-0.860669838E-01
-0.845442886E-01-0.828455570E-01-0.809670722E-01-0.789054193E-01-0.766566300E-01
-0.742573203E-01-0.716986261E-01-0.689793435E-01-0.661054819E-01-0.630795823E-01
-0.599042980E-01-0.565833012E-01-0.531203414E-01-0.495193570E-01-0.457845825E-01
-0.419204660E-01-0.379316209E-01-0.338227910E-01-0.295988320E-01-0.252647015E-01
-0.208254528E-01-0.162862304E-01-0.116522666E-01-0.692887690E-02-0.212145570E-02
 0.276452938E-02 0.772354347E-02 0.127499913E-01 0.178382250E-01 0.229825520E-01
 0.281772452E-01 0.334165522E-01 0.386947078E-01 0.440059455E-01 0.493445124E-01
 0.547046841E-01 0.600807818E-01 0.654671908E-01 0.708583805E-01 0.762489257E-01
 0.816335286E-01 0.870070423E-01 0.923644930E-01 0.977011031E-01 0.103012311E+00
 0.108293789E+00 0.113541457E+00 0.118751489E+00 0.123920310E+00 0.129044585E+00
 0.134121189E+00 0.139147159E+00 0.144119618E+00 0.149035669E+00 0.153892239E+00
 0.158685873E+00 0.163412445E+00 0.168066775E+00 0.172642117E+00 0.177129493E+00
 0.181516878E+00 0.185788264E+00 0.189922827E+00 0.193894619E+00 0.197673373E+00
 0.201226751E+00-0.735212202E-02-0.624960571E-02-0.691179428E-02-0.938397062E-02
-0.135074889E-01-0.174601870E-01-0.210050537E-01-0.242287772E-01-0.271973137E-01
-0.299609251E-01-0.325573180E-01-0.350148562E-01-0.373551138E-01-0.395947340E-01
-0.417467436E-01-0.438214796E-01-0.458272437E-01-0.477707714E-01-0.496575706E-01
-0.514921707E-01-0.532783071E-01-0.550190596E-01-0.567169580E-01-0.583740621E-01
-0.599920234E-01-0.615721332E-01-0.631153589E-01-0.646223718E-01-0.660935684E-01
-0.675290849E-01-0.689288080E-01-0.702923800E-01-0.716192011E-01-0.729084276E-01
-0.741589652E-01-0.753694584E-01-0.765382681E-01-0.776634254E-01-0.787425113E-01
-0.797929286E-01-0.808099535E-01-0.817875164E-01-0.827185204E-01-0.835948353E-01
-0.844074336E-01-0.851470125E-01-0.858044304E-01-0.863709176E-01-0.868381894E-01
-0.871984962E-01-0.874446206E-01-0.875698402E-01-0.875678988E-01-0.874329956E-01
-0.871597983E-01-0.867434674E-01-0.861796250E-01-0.854640239E-01-0.845926262E-01
-0.835620634E-01-0.823710167E-01-0.810154143E-01-0.794901989E-01-0.777884947E-01
-0.759407455E-01-0.739378088E-01-0.717756675E-01-0.694542391E-01-0.669783533E-01
-0.643497623E-01-0.615701970E-01-0.586422152E-01-0.555684029E-01-0.523515065E-01
-0.489945636E-01-0.455008455E-01-0.418738466E-01-0.381172846E-01-0.342350825E-01
-0.302313479E-01-0.261103555E-01-0.218765327E-01-0.175344505E-01-0.130888162E-01
-0.854446886E-02-0.390637588E-02 0.820370334E-03 0.563055506E-02 0.105188443E-01
 0.154797881E-01 0.205078245E-01 0.255972839E-01 0.307423949E-01 0.359372904E-01
 0.411760152E-01 0.464525357E-01 0.517607502E-01 0.570945015E-01 0.624475915E-01
 0.678137975E-01 0.731868911E-01 0.785606584E-01 0.839289227E-01 0.892855680E-01
 0.946245644E-01 0.999399929E-01 0.105226070E+00 0.110477173E+00 0.115687855E+00
 0.120852865E+00 0.125967156E+00 0.131025881E+00 0.136024383E+00 0.140958166E+00
 0.145822848E+00 0.150614089E+00 0.155327491E+00 0.159958459E+00 0.164502028E+00
 0.168952636E+00 0.173303848E+00 0.177548028E+00 0.181675981E+00 0.185676590E+00
 0.189536523E+00 0.193240127E+00 0.196769626E+00 0.200105757E+00 0.203228810E+00
-0.198357638E-01-0.193254417E-01-0.201448857E-01-0.223324515E-01-0.256493271E-01
-0.288318069E-01-0.316117519E-01-0.341145018E-01-0.364210417E-01-0.385808159E-01
-0.406256480E-01-0.425770196E-01-0.444500217E-01-0.462556123E-01-0.480019663E-01
-0.496953176E-01-0.513405008E-01-0.529413128E-01-0.545007585E-01-0.560212221E-01
-0.575045892E-01-0.589523346E-01-0.603655862E-01-0.617451721E-01-0.630916555E-01
-0.644053602E-01-0.656863890E-01-0.669346365E-01-0.681497977E-01-0.693313721E-01
-0.704786647E-01-0.715907834E-01-0.726666317E-01-0.737048963E-01-0.747040261E-01
-0.756621946E-01-0.765772330E-01-0.774464966E-01-0.782665914E-01-0.790526902E-01
-0.798016487E-01-0.805083120E-01-0.811662858E-01-0.817684053E-01-0.823070271E-01
-0.827742114E-01-0.831619280E-01-0.834622696E-01-0.836676349E-01-0.837708355E-01
-0.837651328E-01-0.836441425E-01-0.834017960E-01-0.830323334E-01-0.825303710E-01
-0.818911841E-01-0.811115578E-01-0.801867463E-01-0.791109939E-01-0.778770253E-01
-0.765050996E-01-0.749874424E-01-0.733197053E-01-0.715003883E-01-0.695322183E-01
-0.674151433E-01-0.651488893E-01-0.627339178E-01-0.601716037E-01-0.574634404E-01
-0.546110986E-01-0.516165215E-01-0.484818721E-01-0.452095307E-01-0.418021067E-01
-0.382624343E-01-0.345935665E-01-0.307987703E-01-0.268815177E-01-0.228454766E-01
-0.186945017E-01-0.144326276E-01-0.100640627E-01-0.559318563E-02-0.102454282E-02
 0.363715256E-02 0.838702117E-02 0.132200175E-01 0.181309295E-01 0.231143789E-01
 0.281648213E-01 0.332765470E-01 0.384436830E-01 0.436601959E-01 0.489198967E-01
 0.542164464E-01 0.595433648E-01 0.648940407E-01 0.702617457E-01 0.756396494E-01
 0.810208388E-01 0.863983400E-01 0.917651427E-01 0.971142273E-01 0.102438594E+00
 0.107731295E+00 0.112985463E+00 0.118194343E+00 0.123351320E+00 0.128449946E+00
 0.133483955E+00 0.138447274E+00 0.143334025E+00 0.148138508E+00 0.152855170E+00
 0.157478559E+00 0.162003247E+00 0.166423735E+00 0.170734331E+00 0.174929003E+00
 0.179001212E+00 0.182943734E+00 0.186748494E+00 0.190406431E+00 0.193907442E+00
 0.197240441E+00 0.200393579E+00 0.203354633E+00 0.206111553E+00-0.351278217E-01
-0.359186918E-01-0.370194844E-01-0.384292337E-01-0.400610186E-01-0.416944759E-01
-0.432607658E-01-0.447761034E-01-0.462527715E-01-0.476972284E-01-0.491130606E-01
-0.505023804E-01-0.518664774E-01-0.532061484E-01-0.545218748E-01-0.558139235E-01
-0.570824056E-01-0.583273107E-01-0.595485274E-01-0.607458541E-01-0.619190046E-01
-0.630676105E-01-0.641912200E-01-0.652892965E-01-0.663612145E-01-0.674062558E-01
-0.684236044E-01-0.694123403E-01-0.703714334E-01-0.712997358E-01-0.721959737E-01
-0.730587374E-01-0.738864705E-01-0.746774582E-01-0.754298140E-01-0.761414713E-01
-0.768101874E-01-0.774335933E-01-0.780093691E-01-0.785357627E-01-0.790253161E-01
-0.794716432E-01-0.798680838E-01-0.802078159E-01-0.804838854E-01-0.806892431E-01
-0.808168087E-01-0.808595594E-01-0.808106429E-01-0.806635496E-01-0.804124712E-01
-0.800515285E-01-0.795748698E-01-0.789766154E-01-0.782506376E-01-0.773900151E-01
-0.764043179E-01-0.752872037E-01-0.740342923E-01-0.726430519E-01-0.711140263E-01
-0.694458413E-01-0.676369966E-01-0.656865829E-01-0.635944531E-01-0.613605399E-01
-0.589849288E-01-0.564680128E-01-0.538105425E-01-0.510135457E-01-0.480782993E-01
-0.450063232E-01-0.417993689E-01-0.384594135E-01-0.349886567E-01-0.313895179E-01
-0.276646324E-01-0.238168483E-01-0.198492223E-01-0.157650158E-01-0.115676921E-01
-0.726091386E-02-0.284854198E-02 0.166536414E-02 0.627654521E-02 0.109805396E-01
 0.157726801E-01 0.206480900E-01 0.256016788E-01 0.306281376E-01 0.357219356E-01
 0.408773157E-01 0.460882924E-01 0.513486499E-01 0.566519423E-01 0.619914962E-01
 0.673604152E-01 0.727515878E-01 0.781576986E-01 0.835712436E-01 0.889845487E-01
 0.943897939E-01 0.997790406E-01 0.105144264E+00 0.110477388E+00 0.115770326E+00
 0.121015022E+00 0.126203493E+00 0.131327872E+00 0.136380448E+00 0.141353704E+00
 0.146240346E+00 0.151033326E+00 0.155725847E+00 0.160311368E+00 0.164783578E+00
 0.169136363E+00 0.173363752E+00 0.177459850E+00 0.181418752E+00 0.185234453E+00
 0.188900764E+00 0.192411234E+00 0.195759109E+00 0.198937337E+00 0.201938644E+00
 0.204755677E+00 0.207381240E+00 0.209808584E+00-0.510871973E-01-0.534093341E-01
-0.548475739E-01-0.554406491E-01-0.549809738E-01-0.548786857E-01-0.551540703E-01
-0.556429644E-01-0.562677596E-01-0.569833416E-01-0.577611981E-01-0.585821678E-01
-0.594327294E-01-0.603029532E-01-0.611852982E-01-0.620738685E-01-0.629639333E-01
-0.638516045E-01-0.647336130E-01-0.656071491E-01-0.664697453E-01-0.673191882E-01
-0.681534507E-01-0.689706393E-01-0.697689513E-01-0.705466407E-01-0.713019888E-01
-0.720332803E-01-0.727387821E-01-0.734167242E-01-0.740652830E-01-0.746825653E-01
-0.752665933E-01-0.758152891E-01-0.763264587E-01-0.767977725E-01-0.772267361E-01
-0.776106333E-01-0.779463923E-01-0.782302355E-01-0.784742832E-01-0.786734129E-01
-0.788206337E-01-0.789097026E-01-0.789345402E-01-0.788890362E-01-0.787669987E-01
-0.785621346E-01-0.782679890E-01-0.778777430E-01-0.773895532E-01-0.767980330E-01
-0.760981557E-01-0.752852439E-01-0.743550970E-01-0.733043621E-01-0.721314907E-01
-0.708339179E-01-0.694091033E-01-0.678549822E-01-0.661700902E-01-0.643530764E-01
-0.624027538E-01-0.603182137E-01-0.580988652E-01-0.557443693E-01-0.532546268E-01
-0.506297933E-01-0.478702862E-01-0.449767739E-01-0.419501649E-01-0.387916002E-01
-0.355024462E-01-0.320842904E-01-0.285389376E-01-0.248684078E-01-0.210749346E-01
-0.171609638E-01-0.131291529E-01-0.898237134E-02-0.472370124E-02-0.356439590E-03
 0.411589862E-02 0.868957597E-02 0.133606269E-01 0.181248509E-01 0.229778047E-01
 0.279147933E-01 0.329308610E-01 0.380207815E-01 0.431790480E-01 0.483998640E-01
 0.536771346E-01 0.590044590E-01 0.643751250E-01 0.697821058E-01 0.752180596E-01
 0.806753335E-01 0.861459711E-01 0.916217258E-01 0.970940792E-01 0.102554266E+00
 0.107993307E+00 0.113402044E+00 0.118771188E+00 0.124091366E+00 0.129353185E+00
 0.134547282E+00 0.139664398E+00 0.144695433E+00 0.149631517E+00 0.154464060E+00
 0.159184811E+00 0.163785899E+00 0.168259861E+00 0.172599662E+00 0.176798695E+00
 0.180850774E+00 0.184750099E+00 0.188491225E+00 0.192069012E+00 0.195478583E+00
 0.198715286E+00 0.201774669E+00 0.204652489E+00 0.207344750E+00 0.209847774E+00
 0.212158319E+00 0.214273719E+00-0.640159585E-01-0.669497007E-01-0.685840675E-01
-0.688573938E-01-0.679365051E-01-0.669793750E-01-0.663924771E-01-0.660958704E-01
-0.660156832E-01-0.660978205E-01-0.663029269E-01-0.666019933E-01-0.669732272E-01
-0.673999210E-01-0.678690071E-01-0.683700690E-01-0.688946517E-01-0.694357743E-01
-0.699875765E-01-0.705450587E-01-0.711038882E-01-0.716602502E-01-0.722107336E-01
-0.727522409E-01-0.732819170E-01-0.737970905E-01-0.742952277E-01-0.747738926E-01
-0.752307147E-01-0.756633613E-01-0.760695136E-01-0.764468469E-01-0.767930128E-01
-0.771056251E-01-0.773822480E-01-0.776203888E-01-0.778174967E-01-0.779709750E-01
-0.780782241E-01-0.781367688E-01-0.781446217E-01-0.781115048E-01-0.780210175E-01
-0.778698009E-01-0.776535623E-01-0.773675383E-01-0.770067294E-01-0.765660474E-01
-0.760404475E-01-0.754251189E-01-0.747158778E-01-0.739084565E-01-0.729987046E-01
-0.719827112E-01-0.708569083E-01-0.696181660E-01-0.682638217E-01-0.667913862E-01
-0.651985688E-01-0.634833449E-01-0.616439767E-01-0.596789635E-01-0.575870303E-01
-0.553671388E-01-0.530184928E-01-0.505405311E-01-0.479329232E-01-0.451955681E-01
-0.423285934E-01-0.393323518E-01-0.362074165E-01-0.329545774E-01-0.295748371E-01
-0.260694091E-01-0.224397154E-01-0.186873864E-01-0.148142613E-01-0.108223891E-01
-0.671403119E-02-0.249166434E-02 0.184201441E-02 0.628408204E-02 0.108313822E-01
 0.154805167E-01 0.202278348E-01 0.250694219E-01 0.300010864E-01 0.350183452E-01
 0.401164086E-01 0.452901637E-01 0.505341581E-01 0.558425831E-01 0.612092572E-01
 0.666276112E-01 0.720906747E-01 0.775910648E-01 0.831209789E-01 0.886721913E-01
 0.942360561E-01 0.998035153E-01 0.105365116E+00 0.110911036E+00 0.116431116E+00
 0.121914907E+00 0.127351725E+00 0.132730715E+00 0.138040928E+00 0.143271403E+00
 0.148411260E+00 0.153449796E+00 0.158376580E+00 0.163181552E+00 0.167855113E+00
 0.172388211E+00 0.176772413E+00 0.180999959E+00 0.185063811E+00 0.188957668E+00
 0.192675981E+00 0.196213938E+00 0.199567443E+00 0.202733084E+00 0.205708096E+00
 0.208490333E+00 0.211078235E+00 0.213470819E+00 0.215667683E+00 0.217669024E+00
 0.219475675E+00-0.751901188E-01-0.784927923E-01-0.802534765E-01-0.804209291E-01
-0.791023676E-01-0.776999458E-01-0.766164580E-01-0.758020526E-01-0.752096326E-01
-0.747983701E-01-0.745342494E-01-0.743894434E-01-0.743413141E-01-0.743714112E-01
-0.744646067E-01-0.746083922E-01-0.747923248E-01-0.750075932E-01-0.752466818E-01
-0.755031062E-01-0.757712077E-01-0.760459891E-01-0.763229850E-01-0.765981572E-01
-0.768678097E-01-0.771285200E-01-0.773770819E-01-0.776104587E-01-0.778257434E-01
-0.780201260E-01-0.781908659E-01-0.783352686E-01-0.784506672E-01-0.785344074E-01
-0.785838379E-01-0.785963060E-01-0.785691617E-01-0.784997752E-01-0.783855730E-01
-0.782241049E-01-0.780131467E-01-0.777508054E-01-0.774325403E-01-0.770541869E-01
-0.766115778E-01-0.761004566E-01-0.755164927E-01-0.748553358E-01-0.741126842E-01
-0.732843600E-01-0.723663676E-01-0.713548486E-01-0.702461039E-01-0.690366337E-01
-0.677231770E-01-0.663027403E-01-0.647725972E-01-0.631302528E-01-0.613734325E-01
-0.595000865E-01-0.575083899E-01-0.553967359E-01-0.531637307E-01-0.508081929E-01
-0.483291521E-01-0.457258474E-01-0.429977250E-01-0.401444365E-01-0.371658374E-01
-0.340619852E-01-0.308331370E-01-0.274797483E-01-0.240024713E-01-0.204021547E-01
-0.166798438E-01-0.128367820E-01-0.887441293E-02-0.479438452E-02-0.598553398E-03
 0.371100869E-02 0.813200715E-02 0.126619151E-01 0.172979623E-01 0.220371221E-01
 0.268760963E-01 0.318112988E-01 0.368388362E-01 0.419544875E-01 0.471536819E-01
 0.524314744E-01 0.577825214E-01 0.632010548E-01 0.686808556E-01 0.742152291E-01
 0.797969803E-01 0.854183921E-01 0.910712070E-01 0.967466141E-01 0.102435241E+00
 0.108127157E+00 0.113811882E+00 0.119478408E+00 0.125115238E+00 0.130710435E+00
 0.136251684E+00 0.141726380E+00 0.147121724E+00 0.152424833E+00 0.157622872E+00
 0.162703189E+00 0.167653457E+00 0.172461825E+00 0.177117061E+00 0.181608687E+00
 0.185927103E+00 0.190063697E+00 0.194010924E+00 0.197762371E+00 0.201312789E+00
 0.204658102E+00 0.207795391E+00 0.210722857E+00 0.213439764E+00 0.215946376E+00
 0.218243877E+00 0.220334302E+00 0.222220459E+00 0.223905863E+00 0.225394684E+00
-0.849934409E-01-0.885535515E-01-0.904089539E-01-0.905464062E-01-0.888723509E-01
-0.872232697E-01-0.858463679E-01-0.846972812E-01-0.837477702E-01-0.829706461E-01
-0.823408710E-01-0.818361191E-01-0.814368633E-01-0.811262021E-01-0.808895713E-01
-0.807144256E-01-0.805899319E-01-0.805066933E-01-0.804565106E-01-0.804321798E-01
-0.804273217E-01-0.804362405E-01-0.804538056E-01-0.804753534E-01-0.804966053E-01
-0.805135996E-01-0.805226340E-01-0.805202174E-01-0.805030291E-01-0.804678847E-01
-0.804117073E-01-0.803315025E-01-0.802243393E-01-0.800873328E-01-0.799176323E-01
-0.797124119E-01-0.794688651E-01-0.791842014E-01-0.788556419E-01-0.784804063E-01
-0.780556689E-01-0.775784410E-01-0.770452904E-01-0.764525976E-01-0.757966314E-01
-0.750735847E-01-0.742796085E-01-0.734108487E-01-0.724634867E-01-0.714337777E-01
-0.703180809E-01-0.691128757E-01-0.678147803E-01-0.664205726E-01-0.649272095E-01
-0.633318405E-01-0.616318134E-01-0.598246711E-01-0.579081500E-01-0.558801788E-01
-0.537388780E-01-0.514825573E-01-0.491097142E-01-0.466190325E-01-0.440093805E-01
-0.412798102E-01-0.384295557E-01-0.354580321E-01-0.323648341E-01-0.291497356E-01
-0.258126882E-01-0.223538216E-01-0.187734435E-01-0.150720405E-01-0.112502803E-01
-0.730901432E-02-0.324928213E-02 0.927683164E-03 0.522044788E-02 0.962736905E-02
 0.141465839E-01 0.187759971E-01 0.235132665E-01 0.283557854E-01 0.333006636E-01
 0.383447049E-01 0.434843822E-01 0.487158106E-01 0.540347166E-01 0.594364062E-01
 0.649157296E-01 0.704670446E-01 0.760841788E-01 0.817603904E-01 0.874883304E-01
 0.932600055E-01 0.990667442E-01 0.104899168E+00 0.110747169E+00 0.116599898E+00
 0.122445761E+00 0.128272437E+00 0.134066908E+00 0.139815507E+00 0.145504000E+00
 0.151117680E+00 0.156641494E+00 0.162060188E+00 0.167358488E+00 0.172521283E+00
 0.177533838E+00 0.182382006E+00 0.187052446E+00 0.191532828E+00 0.195812031E+00
 0.199880302E+00 0.203729405E+00 0.207352712E+00 0.210745273E+00 0.213903832E+00
 0.216826808E+00 0.219514236E+00 0.221967677E+00 0.224190090E+00 0.226185698E+00
 0.227959826E+00 0.229518740E+00 0.230869492E+00 0.232019762E+00-0.932329543E-01
-0.968603104E-01-0.987890064E-01-0.989366390E-01-0.975068049E-01-0.957623875E-01
-0.942049261E-01-0.928351533E-01-0.916364314E-01-0.905911244E-01-0.896817683E-01
-0.888917276E-01-0.882055676E-01-0.876092171E-01-0.870899902E-01-0.866365234E-01
-0.862386673E-01-0.858873588E-01-0.855744907E-01-0.852927867E-01-0.850356866E-01
-0.847972437E-01-0.845720348E-01-0.843550815E-01-0.841417822E-01-0.839278532E-01
-0.837092788E-01-0.834822677E-01-0.832432155E-01-0.829886731E-01-0.827153190E-01
-0.824199356E-01-0.820993895E-01-0.817506135E-01-0.813705928E-01-0.809563513E-01
-0.805049401E-01-0.800134251E-01-0.794788720E-01-0.788983249E-01-0.782687754E-01
-0.775871198E-01-0.768501214E-01-0.760544347E-01-0.751966357E-01-0.742732493E-01
-0.732807761E-01-0.722157194E-01-0.710746113E-01-0.698540381E-01-0.685506621E-01
-0.671612402E-01-0.656826401E-01-0.641118557E-01-0.624460198E-01-0.606824141E-01
-0.588184755E-01-0.568517996E-01-0.547801423E-01-0.526014206E-01-0.503137127E-01
-0.479152578E-01-0.454044551E-01-0.427798632E-01-0.400401989E-01-0.371843366E-01
-0.342113073E-01-0.311202978E-01-0.279106499E-01-0.245818603E-01-0.211335806E-01
-0.175656176E-01-0.138779346E-01-0.100706535E-01-0.614405727E-02-0.209859460E-02
 0.206511503E-02 0.634627432E-02 0.107438995E-01 0.152568097E-01 0.198836142E-01
 0.246226973E-01 0.294722005E-01 0.344300017E-01 0.394936915E-01 0.446605460E-01
 0.499274958E-01 0.552910919E-01 0.607474673E-01 0.662922946E-01 0.719207401E-01
 0.776274146E-01 0.834063203E-01 0.892507961E-01 0.951534604E-01 0.101106154E+00
 0.107099886E+00 0.113124779E+00 0.119170026E+00 0.125223853E+00 0.131273498E+00
 0.137305205E+00 0.143304243E+00 0.149254949E+00 0.155140809E+00 0.160944570E+00
 0.166648391E+00 0.172234037E+00 0.177683108E+00 0.182977307E+00 0.188098732E+00
 0.193030182E+00 0.197755481E+00 0.202259785E+00 0.206529869E+00 0.210554382E+00
 0.214324059E+00 0.217831876E+00 0.221073140E+00 0.224045526E+00 0.226749037E+00
 0.229185911E+00 0.231360467E+00 0.233278904E+00 0.234949063E+00 0.236380160E+00
 0.237582511E+00 0.238567254E+00 0.239346084E+00-0.100927805E+00-0.104693698E+00
-0.106691639E+00-0.106854723E+00-0.105325654E+00-0.103493945E+00-0.101820920E+00
-0.100302009E+00-0.989268551E-01-0.976839250E-01-0.965611725E-01-0.955465380E-01
-0.946283045E-01-0.937953292E-01-0.930371731E-01-0.923441552E-01-0.917073554E-01
-0.911185825E-01-0.905703243E-01-0.900556870E-01-0.895683327E-01-0.891024166E-01
-0.886525288E-01-0.882136398E-01-0.877810517E-01-0.873503542E-01-0.869173855E-01
-0.864781978E-01-0.860290265E-01-0.855662638E-01-0.850864346E-01-0.845861759E-01
-0.840622183E-01-0.835113697E-01-0.829305004E-01-0.823165300E-01-0.816664138E-01
-0.809771302E-01-0.802456663E-01-0.794690024E-01-0.786440954E-01-0.777678626E-01
-0.768371719E-01-0.758488449E-01-0.747996669E-01-0.736864013E-01-0.725058055E-01
-0.712546483E-01-0.699297273E-01-0.685278858E-01-0.670460285E-01-0.654811360E-01
-0.638302777E-01-0.620906229E-01-0.602594508E-01-0.583341580E-01-0.563122646E-01
-0.541914184E-01-0.519693972E-01-0.496441109E-01-0.472136022E-01-0.446760469E-01
-0.420297536E-01-0.392731634E-01-0.364048495E-01-0.334235159E-01-0.303279973E-01
-0.271172584E-01-0.237903932E-01-0.203466249E-01-0.167853068E-01-0.131059224E-01
-0.930808715E-02-0.539155104E-02-0.135620174E-02 0.279793069E-02 0.707066779E-02
 0.114616750E-01 0.159704522E-01 0.205963217E-01 0.253384143E-01 0.301956523E-01
 0.351667294E-01 0.402500871E-01 0.454438873E-01 0.507459811E-01 0.561538721E-01
 0.616646756E-01 0.672750723E-01 0.729812556E-01 0.787788742E-01 0.846629685E-01
 0.906279006E-01 0.966672797E-01 0.102773882E+00 0.108939569E+00 0.115155201E+00
 0.121410552E+00 0.127694231E+00 0.133993611E+00 0.140294764E+00 0.146582426E+00
 0.152839984E+00 0.159049495E+00 0.165191757E+00 0.171246421E+00 0.177192174E+00
 0.183006974E+00 0.188668354E+00 0.194153789E+00 0.199441107E+00 0.204508939E+00
 0.209337188E+00 0.213907484E+00 0.218203624E+00 0.222211946E+00 0.225921645E+00
 0.229325005E+00 0.232417536E+00 0.235198012E+00 0.237668414E+00 0.239833774E+00
 0.241701934E+00 0.243283228E+00 0.244590095E+00 0.245636667E+00 0.246438318E+00
 0.247011230E+00 0.247371981E+00-0.108105952E+00-0.112041044E+00-0.114098668E+00
-0.114281891E+00-0.112453948E+00-0.110555020E+00-0.108807070E+00-0.107185564E+00
-0.105683607E+00-0.104293484E+00-0.103006829E+00-0.101814963E+00-0.100709156E+00
-0.996808316E-01-0.987216959E-01-0.978238262E-01-0.969797137E-01-0.961822797E-01
-0.954248718E-01-0.947012468E-01-0.940055456E-01-0.933322650E-01-0.926762266E-01
-0.920325463E-01-0.913966052E-01-0.907640214E-01-0.901306240E-01-0.894924292E-01
-0.888456186E-01-0.881865186E-01-0.875115829E-01-0.868173753E-01-0.861005549E-01
-0.853578619E-01-0.845861051E-01-0.837821497E-01-0.829429055E-01-0.820653160E-01
-0.811463472E-01-0.801829770E-01-0.791721851E-01-0.781109453E-01-0.769962207E-01
-0.758249639E-01-0.745941206E-01-0.733006370E-01-0.719414686E-01-0.705135904E-01
-0.690140085E-01-0.674397705E-01-0.657879767E-01-0.640557900E-01-0.622404453E-01
-0.603392577E-01-0.583496294E-01-0.562690562E-01-0.540951312E-01-0.518255493E-01
-0.494581091E-01-0.469907146E-01-0.444213763E-01-0.417482112E-01-0.389694431E-01
-0.360834019E-01-0.330885227E-01-0.299833459E-01-0.267665153E-01-0.234367782E-01
-0.199929845E-01-0.164340865E-01-0.127591391E-01-0.896730010E-02-0.505783217E-02
-0.103010444E-02 0.311640404E-02 0.738209988E-02 0.117672695E-01 0.162720716E-01
 0.208965274E-01 0.256405088E-01 0.305037241E-01 0.354856999E-01 0.405857603E-01
 0.458030016E-01 0.511362631E-01 0.565840920E-01 0.621447033E-01 0.678159329E-01
 0.735951844E-01 0.794793673E-01 0.854648277E-01 0.915472700E-01 0.977216689E-01
 0.103982173E+00 0.110321996E+00 0.116733306E+00 0.123207098E+00 0.129733070E+00
 0.136299488E+00 0.142893065E+00 0.149498837E+00 0.156100064E+00 0.162678160E+00
 0.169212657E+00 0.175681236E+00 0.182059821E+00 0.188322762E+00 0.194443126E+00
 0.200393079E+00 0.206144391E+00 0.211669019E+00 0.216939771E+00 0.221931001E+00
 0.226619303E+00 0.230984167E+00 0.235008550E+00 0.238679342E+00 0.241987708E+00
 0.244929281E+00 0.247504212E+00 0.249717076E+00 0.251576631E+00 0.253095444E+00
 0.254289394E+00 0.255177084E+00 0.255779173E+00 0.256117694E+00 0.256215368E+00
 0.256094975E+00-0.114154617E+00-0.118081191E+00-0.120196828E+00-0.120418533E+00
-0.118941393E+00-0.117053389E+00-0.115258185E+00-0.113565762E+00-0.111971747E+00
-0.110470807E+00-0.109057051E+00-0.107724250E+00-0.106466003E+00-0.105275867E+00
-0.104147449E+00-0.103074478E+00-0.102050848E+00-0.101070651E+00-0.100128195E+00
-0.992180068E-01-0.983348410E-01-0.974736695E-01-0.966296770E-01-0.957982497E-01
-0.949749643E-01-0.941555750E-01-0.933360007E-01-0.925123120E-01-0.916807180E-01
-0.908375540E-01-0.899792697E-01-0.891024170E-01-0.882036395E-01-0.872796616E-01
-0.863272784E-01-0.853433464E-01-0.843247737E-01-0.832685118E-01-0.821715465E-01
-0.810308907E-01-0.798435778E-01-0.786066560E-01-0.773171855E-01-0.759722377E-01
-0.745688959E-01-0.731042591E-01-0.715754464E-01-0.699796029E-01-0.683139065E-01
-0.665755742E-01-0.647618692E-01-0.628701077E-01-0.608976646E-01-0.588419793E-01
-0.567005601E-01-0.544709889E-01-0.521509237E-01-0.497381014E-01-0.472303392E-01
-0.446255361E-01-0.419216726E-01-0.391168110E-01-0.362090950E-01-0.331967488E-01
-0.300780758E-01-0.268514580E-01-0.235153541E-01-0.200682989E-01-0.165089018E-01
-0.128358465E-01-0.904788965E-02-0.514386173E-02-0.112266707E-02 0.301671458E-02
 0.727522576E-02 0.116537278E-01 0.161529961E-01 0.207737132E-01 0.255164608E-01
 0.303817083E-01 0.353697995E-01 0.404809360E-01 0.457151562E-01 0.510723108E-01
 0.565520324E-01 0.621537007E-01 0.678763991E-01 0.737188657E-01 0.796794340E-01
 0.857559649E-01 0.919457674E-01 0.982455067E-01 0.104651099E+00 0.111157592E+00
 0.117759030E+00 0.124448302E+00 0.131216973E+00 0.138055104E+00 0.144951052E+00
 0.151891269E+00 0.158860095E+00 0.165839554E+00 0.172809183E+00 0.179745888E+00
 0.186623879E+00 0.193414684E+00 0.200087301E+00 0.206608500E+00 0.212943301E+00
 0.219055655E+00 0.224909285E+00 0.230468684E+00 0.235700187E+00 0.240573048E+00
 0.245060447E+00 0.249140361E+00 0.252796251E+00 0.256017548E+00 0.258799920E+00
 0.261145331E+00 0.263061891E+00 0.264563507E+00 0.265669317E+00 0.266402944E+00
 0.266791581E+00 0.266864950E+00 0.266654212E+00 0.266190896E+00 0.265505940E+00
-0.120042647E+00-0.124056011E+00-0.126226765E+00-0.126480756E+00-0.124979842E+00
-0.123077671E+00-0.121254124E+00-0.119513600E+00-0.117852724E+00-0.116267611E+00
-0.114754093E+00-0.113307810E+00-0.111924253E+00-0.110598805E+00-0.109326761E+00
-0.108103364E+00-0.106923834E+00-0.105783396E+00-0.104677313E+00-0.103600905E+00
-0.102549574E+00-0.101518814E+00-0.100504228E+00-0.995015307E-01-0.985065533E-01
-0.975152465E-01-0.965236780E-01-0.955280294E-01-0.945245927E-01-0.935097642E-01
-0.924800390E-01-0.914320043E-01-0.903623325E-01-0.892677740E-01-0.881451506E-01
-0.869913477E-01-0.858033079E-01-0.845780242E-01-0.833125331E-01-0.820039098E-01
-0.806492621E-01-0.792457271E-01-0.777904680E-01-0.762806724E-01-0.747135526E-01
-0.730863459E-01-0.713963170E-01-0.696407607E-01-0.678170050E-01-0.659224153E-01
-0.639543975E-01-0.619104023E-01-0.597879283E-01-0.575845253E-01-0.552977970E-01
-0.529254033E-01-0.504650615E-01-0.479145481E-01-0.452716987E-01-0.425344084E-01
-0.397006311E-01-0.367683792E-01-0.337357217E-01-0.306007835E-01-0.273617428E-01
-0.240168301E-01-0.205643256E-01-0.170025576E-01-0.133299003E-01-0.954477214E-02
-0.564563429E-02-0.163098939E-02 0.250061911E-02 0.675060705E-02 0.111203488E-01
 0.156111755E-01 0.202243723E-01 0.249611734E-01 0.298227565E-01 0.348102337E-01
 0.399246406E-01 0.451669224E-01 0.505379155E-01 0.560383254E-01 0.616686992E-01
 0.674293913E-01 0.733205233E-01 0.793419332E-01 0.854931165E-01 0.917731550E-01
 0.981806309E-01 0.104713527E+00 0.111369109E+00 0.118143784E+00 0.125032939E+00
 0.132030756E+00 0.139129994E+00 0.146321744E+00 0.153595152E+00 0.160937121E+00
 0.168331973E+00 0.175761107E+00 0.183202652E+00 0.190631135E+00 0.198017210E+00
 0.205327491E+00 0.212524540E+00 0.219567104E+00 0.226410642E+00 0.233008214E+00
 0.239311730E+00 0.245273498E+00 0.250847964E+00 0.255993464E+00 0.260673822E+00
 0.264859681E+00 0.268529475E+00 0.271670074E+00 0.274277105E+00 0.276354998E+00
 0.277916776E+00 0.278983582E+00 0.279583903E+00 0.279752489E+00 0.279528940E+00
 0.278956049E+00 0.278078006E+00 0.276938643E+00 0.275579897E+00-0.125780083E+00
-0.129966897E+00-0.132174512E+00-0.132454335E+00-0.130624851E+00-0.128699837E+00
-0.126863770E+00-0.125093117E+00-0.123384420E+00-0.121734737E+00-0.120141363E+00
-0.118601669E+00-0.117112950E+00-0.115672320E+00-0.114276667E+00-0.112922646E+00
-0.111606702E+00-0.110325107E+00-0.109074002E+00-0.107849443E+00-0.106647437E+00
-0.105463976E+00-0.104295066E+00-0.103136749E+00-0.101985122E+00-0.100836346E+00
-0.996866605E-01-0.985323826E-01-0.973699156E-01-0.961957474E-01-0.950064500E-01
-0.937986777E-01-0.925691638E-01-0.913147166E-01-0.900322151E-01-0.887186042E-01
-0.873708893E-01-0.859861319E-01-0.845614443E-01-0.830939848E-01-0.815809541E-01
-0.800195911E-01-0.784071705E-01-0.767410002E-01-0.750184204E-01-0.732368026E-01
-0.713935498E-01-0.694860973E-01-0.675119131E-01-0.654685001E-01-0.633533965E-01
-0.611641778E-01-0.588984580E-01-0.565538907E-01-0.541281697E-01-0.516190297E-01
-0.490242464E-01-0.463416361E-01-0.435690553E-01-0.407043991E-01-0.377456004E-01
-0.346906277E-01-0.315374829E-01-0.282841995E-01-0.249288393E-01-0.214694899E-01
-0.179042618E-01-0.142312852E-01-0.104487070E-01-0.655468744E-02-0.254739766E-02
 0.157498358E-02 0.581427218E-02 0.101722808E-01 0.146508203E-01 0.192517008E-01
 0.239767311E-01 0.288277180E-01 0.338064629E-01 0.389147576E-01 0.441543773E-01
 0.495270711E-01 0.550345489E-01 0.606784646E-01 0.664603937E-01 0.723818053E-01
 0.784440269E-01 0.846481995E-01 0.909952230E-01 0.974856880E-01 0.104119793E+00
 0.110897241E+00 0.117817120E+00 0.124877748E+00 0.132076496E+00 0.139409573E+00
 0.146871768E+00 0.154456141E+00 0.162153675E+00 0.169952848E+00 0.177839160E+00
 0.185794593E+00 0.193797006E+00 0.201819503E+00 0.209829795E+00 0.217789617E+00
 0.225654314E+00 0.233372731E+00 0.240887589E+00 0.248136541E+00 0.255054015E+00
 0.261573786E+00 0.267632037E+00 0.273170441E+00 0.278138837E+00 0.282497218E+00
 0.286216963E+00 0.289281468E+00 0.291686352E+00 0.293439418E+00 0.294560405E+00
 0.295080520E+00 0.295041578E+00 0.294494603E+00 0.293497734E+00 0.292113472E+00
 0.290405504E+00 0.288435560E+00 0.286260783E+00-0.130547599E+00-0.134673397E+00
-0.136942036E+00-0.137275217E+00-0.135852579E+00-0.133981227E+00-0.132150667E+00
-0.130366036E+00-0.128624016E+00-0.126923078E+00-0.125262690E+00-0.123642553E+00
-0.122062128E+00-0.120520414E+00-0.119015883E+00-0.117546503E+00-0.116109798E+00
-0.114702928E+00-0.113322764E+00-0.111965960E+00-0.110629015E+00-0.109308327E+00
-0.108000237E+00-0.106701063E+00-0.105407128E+00-0.104114786E+00-0.102820433E+00
-0.101520523E+00-0.100211576E+00-0.988901824E-01-0.975530067E-01-0.961967889E-01
-0.948183438E-01-0.934145600E-01-0.919823969E-01-0.905188818E-01-0.890211062E-01
-0.874862221E-01-0.859114380E-01-0.842940147E-01-0.826312618E-01-0.809205340E-01
-0.791592282E-01-0.773447805E-01-0.754746640E-01-0.735463869E-01-0.715574913E-01
-0.695055519E-01-0.673881751E-01-0.652029985E-01-0.629476901E-01-0.606199484E-01
-0.582175011E-01-0.557381049E-01-0.531795442E-01-0.505396305E-01-0.478162009E-01
-0.450071161E-01-0.421102588E-01-0.391235316E-01-0.360448540E-01-0.328721599E-01
-0.296033940E-01-0.262365092E-01-0.227694619E-01-0.192002088E-01-0.155267024E-01
-0.117468870E-01-0.785869360E-02-0.386003593E-02 0.251194629E-03 0.447713368E-02
 0.881994850E-02 0.132818426E-01 0.178650600E-01 0.225718896E-01 0.274046681E-01
 0.323657834E-01 0.374576764E-01 0.426828414E-01 0.480438256E-01 0.535432261E-01
 0.591836845E-01 0.649678778E-01 0.708985062E-01 0.769782739E-01 0.832098654E-01
 0.895959119E-01 0.961389489E-01 0.102841360E+00 0.109705304E+00 0.116732628E+00
 0.123924750E+00 0.131282511E+00 0.138806004E+00 0.146494339E+00 0.154345374E+00
 0.162355367E+00 0.170518553E+00 0.178826636E+00 0.187268157E+00 0.195827740E+00
 0.204485192E+00 0.213214442E+00 0.221982328E+00 0.230747261E+00 0.239457887E+00
 0.248051954E+00 0.256455797E+00 0.264585021E+00 0.272347026E+00 0.279645637E+00
 0.286387265E+00 0.292487195E+00 0.297874431E+00 0.302494391E+00 0.306309728E+00
 0.309300092E+00 0.311461593E+00 0.312806417E+00 0.313362740E+00 0.313174791E+00
 0.312302652E+00 0.310821171E+00 0.308817231E+00 0.306384984E+00 0.303619457E+00
 0.300609979E+00 0.297435139E+00-0.135320253E+00-0.139470343E+00-0.141775026E+00
-0.142163816E+00-0.140802033E+00-0.138985831E+00-0.137185814E+00-0.135401837E+00
-0.133633776E+00-0.131885570E+00-0.130161710E+00-0.128465766E+00-0.126800001E+00
-0.125165404E+00-0.123561878E+00-0.121988433E+00-0.120443374E+00-0.118924458E+00
-0.117429027E+00-0.115954109E+00-0.114496512E+00-0.113052889E+00-0.111619794E+00
-0.110193730E+00-0.108771180E+00-0.107348635E+00-0.105922617E+00-0.104489695E+00
-0.103046492E+00-0.101589699E+00-0.100116077E+00-0.986224591E-01-0.971057547E-01
-0.955629475E-01-0.939910945E-01-0.923873240E-01-0.907488323E-01-0.890728811E-01
-0.873567935E-01-0.855979504E-01-0.837937866E-01-0.819417875E-01-0.800394852E-01
-0.780844550E-01-0.760743127E-01-0.740067112E-01-0.718793381E-01-0.696899130E-01
-0.674361853E-01-0.651159316E-01-0.627269541E-01-0.602670778E-01-0.577341488E-01
-0.551260319E-01-0.524406080E-01-0.496757718E-01-0.468294290E-01-0.438994932E-01
-0.408838830E-01-0.377805184E-01-0.345873171E-01-0.313021903E-01-0.279230390E-01
-0.244477489E-01-0.208741860E-01-0.172001911E-01-0.134235746E-01-0.954211078E-02
-0.555353175E-02-0.145552105E-02 0.275429284E-02 0.707834348E-02 0.115191336E-01
 0.160792424E-01 0.207613334E-01 0.255681620E-01 0.305025832E-01 0.355675597E-01
 0.407661694E-01 0.461016126E-01 0.515772186E-01 0.571964516E-01 0.629629152E-01
 0.688803543E-01 0.749526556E-01 0.811838436E-01 0.875780723E-01 0.941396104E-01
 0.100872819E+00 0.107782118E+00 0.114871939E+00 0.122146660E+00 0.129610522E+00
 0.137267506E+00 0.145121186E+00 0.153174523E+00 0.161429612E+00 0.169887341E+00
 0.178546958E+00 0.187405524E+00 0.196457201E+00 0.205692348E+00 0.215096368E+00
 0.224648231E+00 0.234318592E+00 0.244067398E+00 0.253840921E+00 0.263568248E+00
 0.273157647E+00 0.282494124E+00 0.291440828E+00 0.299847544E+00 0.307566353E+00
 0.314468218E+00 0.320452760E+00 0.325449582E+00 0.329414910E+00 0.332327501E+00
 0.334185775E+00 0.335006718E+00 0.334826482E+00 0.333702411E+00 0.331715908E+00
 0.328974761E+00 0.325612173E+00 0.321778840E+00 0.317627112E+00 0.313293009E+00
 0.308884840E+00-0.140110417E+00-0.144286963E+00-0.146571151E+00-0.147060003E+00
-0.145519493E+00-0.143826341E+00-0.142085763E+00-0.140296028E+00-0.138485618E+00
-0.136674985E+00-0.134877163E+00-0.133100093E+00-0.131348294E+00-0.129623945E+00
-0.127927582E+00-0.126258563E+00-0.124615394E+00-0.122995958E+00-0.121397680E+00
-0.119817662E+00-0.118252772E+00-0.116699725E+00-0.115155141E+00-0.113615587E+00
-0.112077616E+00-0.110537794E+00-0.108992720E+00-0.107439042E+00-0.105873469E+00
-0.104292780E+00-0.102693829E+00-0.101073546E+00-0.994289417E-01-0.977571069E-01
-0.960552097E-01-0.943204947E-01-0.925502803E-01-0.907419553E-01-0.888929752E-01
-0.870008585E-01-0.850631826E-01-0.830775797E-01-0.810417324E-01-0.789533700E-01
-0.768102641E-01-0.746102247E-01-0.723510965E-01-0.700307548E-01-0.676471020E-01
-0.651980638E-01-0.626815856E-01-0.600956292E-01-0.574381684E-01-0.547071862E-01
-0.519006702E-01-0.490166095E-01-0.460529900E-01-0.430077906E-01-0.398789787E-01
-0.366645055E-01-0.333623015E-01-0.299702712E-01-0.264862878E-01-0.229081875E-01
-0.192337637E-01-0.154607607E-01-0.115868667E-01-0.760970696E-02-0.352683636E-02
 0.664268919E-03 0.496621980E-02 0.938172342E-02 0.139135929E-01 0.185647575E-01
 0.233382741E-01 0.282373385E-01 0.332652980E-01 0.384256649E-01 0.437221301E-01
 0.491585779E-01 0.547391015E-01 0.604680182E-01 0.663498862E-01 0.723895202E-01
 0.785920073E-01 0.849627219E-01 0.915073384E-01 0.982318418E-01 0.105142533E+00
 0.112246031E+00 0.119549258E+00 0.127059425E+00 0.134783989E+00 0.142730593E+00
 0.150906975E+00 0.159320831E+00 0.167979632E+00 0.176890363E+00 0.186059162E+00
 0.195490849E+00 0.205188269E+00 0.215151430E+00 0.225376331E+00 0.235853374E+00
 0.246565182E+00 0.257483517E+00 0.268564808E+00 0.279743440E+00 0.290921482E+00
 0.301953578E+00 0.312630269E+00 0.322681290E+00 0.331831335E+00 0.339871964E+00
 0.346677064E+00 0.352178731E+00 0.356343975E+00 0.359161584E+00 0.360636367E+00
 0.360787979E+00 0.359653089E+00 0.357290848E+00 0.353792563E+00 0.349296838E+00
 0.344008017E+00 0.338198673E+00 0.332158676E+00 0.326114212E+00 0.320201039E+00
-0.144738493E+00-0.148729154E+00-0.151018754E+00-0.151507223E+00-0.150528076E+00
-0.148894579E+00-0.147060426E+00-0.145158019E+00-0.143237787E+00-0.141323649E+00
-0.139428065E+00-0.137557589E+00-0.135715357E+00-0.133902363E+00-0.132118179E+00
-0.130361395E+00-0.128629913E+00-0.126921149E+00-0.125232169E+00-0.123559804E+00
-0.121900727E+00-0.120251512E+00-0.118608688E+00-0.116968770E+00-0.115328291E+00
-0.113683825E+00-0.112031999E+00-0.110369510E+00-0.108693130E+00-0.106999715E+00
-0.105286207E+00-0.103549637E+00-0.101787123E+00-0.999958717E-01-0.981731769E-01
-0.963164149E-01-0.944230426E-01-0.924905938E-01-0.905166750E-01-0.884989609E-01
-0.864351900E-01-0.843231597E-01-0.821607216E-01-0.799457761E-01-0.776762677E-01
-0.753501802E-01-0.729655310E-01-0.705203667E-01-0.680127576E-01-0.654407932E-01
-0.628025769E-01-0.600962211E-01-0.573198423E-01-0.544715558E-01-0.515494711E-01
-0.485516865E-01-0.454762837E-01-0.423213228E-01-0.390848365E-01-0.357648249E-01
-0.323592492E-01-0.288660258E-01-0.252830199E-01-0.216080389E-01-0.178388256E-01
-0.139730504E-01-0.100083038E-01-0.594208761E-02-0.177180663E-02 0.250524148E-02
 0.689187638E-02 0.113910462E-01 0.160058399E-01 0.207394999E-01 0.255954373E-01
 0.305772469E-01 0.356887243E-01 0.409338849E-01 0.463169844E-01 0.518425404E-01
 0.575153578E-01 0.633405540E-01 0.693235890E-01 0.754702953E-01 0.817869124E-01
 0.882801221E-01 0.949570869E-01 0.101825490E+00 0.108893575E+00 0.116170192E+00
 0.123664831E+00 0.131387665E+00 0.139349580E+00 0.147562193E+00 0.156037857E+00
 0.164789645E+00 0.173831285E+00 0.183177063E+00 0.192841635E+00 0.202839765E+00
 0.213185912E+00 0.223893657E+00 0.234974896E+00 0.246438712E+00 0.258289813E+00
 0.270526311E+00 0.283136437E+00 0.296093279E+00 0.309345203E+00 0.322794498E+00
 0.336229657E+00 0.349032352E+00 0.360324597E+00 0.369878419E+00 0.377686598E+00
 0.383766558E+00 0.388136832E+00 0.390813927E+00 0.391812333E+00 0.391146468E+00
 0.388835045E+00 0.384907654E+00 0.379414355E+00 0.372445021E+00 0.364188310E+00
 0.355197203E+00 0.346452019E+00 0.338271320E+00 0.330650644E+00-0.151532867E+00
-0.156235997E+00-0.158639293E+00-0.158655808E+00-0.156650124E+00-0.154325203E+00
-0.152107418E+00-0.149957929E+00-0.147859354E+00-0.145805780E+00-0.143794561E+00
-0.141823684E+00-0.139890980E+00-0.137993936E+00-0.136129688E+00-0.134295076E+00
-0.132486714E+00-0.130701050E+00-0.128934426E+00-0.127183125E+00-0.125443409E+00
-0.123711554E+00-0.121983874E+00-0.120256739E+00-0.118526595E+00-0.116789971E+00
-0.115043490E+00-0.113283873E+00-0.111507945E+00-0.109712632E+00-0.107894967E+00
-0.106052085E+00-0.104181223E+00-0.102279717E+00-0.100345001E+00-0.983746002E-01
-0.963661280E-01-0.943172830E-01-0.922258426E-01-0.900896585E-01-0.879066514E-01
-0.856748051E-01-0.833921606E-01-0.810568108E-01-0.786668939E-01-0.762205872E-01
-0.737161015E-01-0.711516741E-01-0.685255629E-01-0.658360404E-01-0.630813867E-01
-0.602598840E-01-0.573698098E-01-0.544094308E-01-0.513769970E-01-0.482707346E-01
-0.450888405E-01-0.418294754E-01-0.384907574E-01-0.350707556E-01-0.315674829E-01
-0.279788896E-01-0.243028556E-01-0.205371836E-01-0.166795903E-01-0.127276990E-01
-0.867903037E-02-0.453099299E-02-0.280873496E-03 0.407417445E-02 0.853714197E-02
 0.131111779E-01 0.177996031E-01 0.226059258E-01 0.275338591E-01 0.325873399E-01
 0.377705504E-01 0.430879415E-01 0.485442592E-01 0.541445743E-01 0.598943149E-01
 0.657993034E-01 0.718657976E-01 0.781005369E-01 0.845107935E-01 0.911044302E-01
 0.978899644E-01 0.104876640E+00 0.112074507E+00 0.119494510E+00 0.127148583E+00
 0.135049760E+00 0.143212285E+00 0.151651739E+00 0.160385164E+00 0.169431195E+00
 0.178810185E+00 0.188544320E+00 0.198657703E+00 0.209176406E+00 0.220128455E+00
 0.231543743E+00 0.243453842E+00 0.255891730E+00 0.268891481E+00 0.282488053E+00
 0.296717531E+00 0.311618702E+00 0.327238202E+00 0.343646045E+00 0.360966170E+00
 0.377340800E+00 0.390895327E+00 0.401934092E+00 0.410482514E+00 0.416903433E+00
 0.421379012E+00 0.423934309E+00 0.424448939E+00 0.422716022E+00 0.418967534E+00
 0.413283523E+00 0.405605717E+00 0.395716550E+00 0.383275235E+00 0.369914753E+00
 0.358431372E+00 0.348277215E+00 0.339138606E+00-0.157259200E+00-0.162312266E+00
-0.164820178E+00-0.164689239E+00-0.161970202E+00-0.159316579E+00-0.156837846E+00
-0.154481729E+00-0.152221292E+00-0.150038662E+00-0.147921571E+00-0.145860996E+00
-0.143849744E+00-0.141881662E+00-0.139951206E+00-0.138053208E+00-0.136182759E+00
-0.134335143E+00-0.132505811E+00-0.130690366E+00-0.128884556E+00-0.127084275E+00
-0.125285562E+00-0.123484598E+00-0.121677711E+00-0.119861366E+00-0.118032172E+00
-0.116186872E+00-0.114322344E+00-0.112435593E+00-0.110523754E+00-0.108584078E+00
-0.106613938E+00-0.104610818E+00-0.102572308E+00-0.100496105E+00-0.983799995E-01
-0.962218770E-01-0.940197089E-01-0.917715473E-01-0.894755184E-01-0.871298167E-01
-0.847326975E-01-0.822824701E-01-0.797774908E-01-0.772161554E-01-0.745968916E-01
-0.719181519E-01-0.691784055E-01-0.663761311E-01-0.635098092E-01-0.605779144E-01
-0.575789083E-01-0.545112314E-01-0.513732963E-01-0.481634802E-01-0.448801171E-01
-0.415214909E-01-0.380858279E-01-0.345712894E-01-0.309759638E-01-0.272978596E-01
-0.235348968E-01-0.196848991E-01-0.157455854E-01-0.117145608E-01-0.758930742E-02
-0.336717377E-02 0.954635492E-03 0.537907164E-02 0.990925461E-02 0.145484871E-01
 0.193002703E-01 0.241683211E-01 0.291565913E-01 0.342692900E-01 0.395109071E-01
 0.448862416E-01 0.504004324E-01 0.560589936E-01 0.618678545E-01 0.678334051E-01
 0.739625480E-01 0.802627570E-01 0.867421451E-01 0.934095411E-01 0.100274578E+00
 0.107347794E+00 0.114640748E+00 0.122166155E+00 0.129938037E+00 0.137971900E+00
 0.146284937E+00 0.154896258E+00 0.163827155E+00 0.173101401E+00 0.182745590E+00
 0.192789507E+00 0.203266543E+00 0.214214128E+00 0.225674189E+00 0.237693608E+00
 0.250324674E+00 0.263625552E+00 0.277660830E+00 0.292502370E+00 0.308230883E+00
 0.324939059E+00 0.342737489E+00 0.361765447E+00 0.381457365E+00 0.398329688E+00
 0.412502101E+00 0.424154801E+00 0.433178596E+00 0.439617483E+00 0.443828319E+00
 0.445884320E+00 0.445766263E+00 0.443165340E+00 0.437980140E+00 0.430427961E+00
 0.420444934E+00 0.407865314E+00 0.392423969E+00 0.378305255E+00 0.365798149E+00
 0.354647841E+00 0.344627792E+00-0.161213430E+00-0.166402047E+00-0.168980208E+00
-0.168860413E+00-0.166367188E+00-0.163623120E+00-0.161029105E+00-0.158562839E+00
-0.156204768E+00-0.153938351E+00-0.151749882E+00-0.149627949E+00-0.147562861E+00
-0.145546194E+00-0.143570455E+00-0.141628861E+00-0.139715186E+00-0.137823656E+00
-0.135948884E+00-0.134085821E+00-0.132229717E+00-0.130376099E+00-0.128520743E+00
-0.126659658E+00-0.124789070E+00-0.122905401E+00-0.121005266E+00-0.119085451E+00
-0.117142909E+00-0.115174750E+00-0.113178230E+00-0.111150745E+00-0.109089822E+00
-0.106993117E+00-0.104858404E+00-0.102683571E+00-0.100466613E+00-0.982056282E-01
-0.958988066E-01-0.935444274E-01-0.911408501E-01-0.886865068E-01-0.861798953E-01
-0.836195697E-01-0.810041331E-01-0.783322280E-01-0.756025280E-01-0.728137290E-01
-0.699645397E-01-0.670536728E-01-0.640798365E-01-0.610417251E-01-0.579380104E-01
-0.547673334E-01-0.515282951E-01-0.482194488E-01-0.448392913E-01-0.413862550E-01
-0.378586994E-01-0.342549035E-01-0.305730571E-01-0.268112527E-01-0.229674776E-01
-0.190396047E-01-0.150253842E-01-0.109224340E-01-0.672823048E-02-0.244009772E-02
 0.194480326E-02 0.642948662E-02 0.110171549E-01 0.157112134E-01 0.205152866E-01
 0.254332361E-01 0.304691813E-01 0.356275219E-01 0.409129650E-01 0.463305542E-01
 0.518857039E-01 0.575842387E-01 0.634324375E-01 0.694370852E-01 0.756055319E-01
 0.819457611E-01 0.884664684E-01 0.951771531E-01 0.102088224E+00 0.109211125E+00
 0.116558477E+00 0.124144249E+00 0.131983957E+00 0.140094900E+00 0.148496438E+00
 0.157210316E+00 0.166261063E+00 0.175676446E+00 0.185488023E+00 0.195731788E+00
 0.206448921E+00 0.217686662E+00 0.229499285E+00 0.241949156E+00 0.255107821E+00
 0.269057023E+00 0.283889531E+00 0.299709688E+00 0.316633646E+00 0.334789476E+00
 0.354317371E+00 0.375300107E+00 0.394873227E+00 0.411521012E+00 0.425311456E+00
 0.436563147E+00 0.445406392E+00 0.451859494E+00 0.455766498E+00 0.457076191E+00
 0.455968629E+00 0.452421282E+00 0.446299845E+00 0.437295846E+00 0.425230549E+00
 0.410188240E+00 0.394667510E+00 0.380728411E+00 0.368189639E+00 0.356881436E+00
 0.346643650E+00-0.164454714E+00-0.169728019E+00-0.172384825E+00-0.172321975E+00
-0.170003449E+00-0.167262820E+00-0.164642733E+00-0.162144064E+00-0.159753054E+00
-0.157456200E+00-0.155240897E+00-0.153095610E+00-0.151009862E+00-0.148974157E+00
-0.146979869E+00-0.145019146E+00-0.143084811E+00-0.141170294E+00-0.139269557E+00
-0.137377041E+00-0.135487619E+00-0.133596542E+00-0.131699412E+00-0.129792138E+00
-0.127870909E+00-0.125932166E+00-0.123972582E+00-0.121989035E+00-0.119978599E+00
-0.117938523E+00-0.115866224E+00-0.113759271E+00-0.111615380E+00-0.109432407E+00
-0.107208337E+00-0.104941280E+00-0.102629460E+00-0.100271217E+00-0.978649885E-01
-0.954093113E-01-0.929028079E-01-0.903441803E-01-0.877322001E-01-0.850656994E-01
-0.823435608E-01-0.795647070E-01-0.767280907E-01-0.738326841E-01-0.708774681E-01
-0.678614221E-01-0.647835132E-01-0.616426867E-01-0.584378550E-01-0.551678889E-01
-0.518316071E-01-0.484277674E-01-0.449550571E-01-0.414120845E-01-0.377973697E-01
-0.341093362E-01-0.303463022E-01-0.265064720E-01-0.225879276E-01-0.185886200E-01
-0.145063602E-01-0.103388105E-01-0.608347471E-02-0.173768818E-02 0.270139277E-02
 0.723680251E-02 0.118717788E-01 0.166097770E-01 0.214544856E-01 0.264098439E-01
 0.314800626E-01 0.366696463E-01 0.419834199E-01 0.474265588E-01 0.530046238E-01
 0.587236007E-01 0.645899471E-01 0.706106454E-01 0.767932653E-01 0.831460358E-01
 0.896779291E-01 0.963987591E-01 0.103319296E+00 0.110451401E+00 0.117808189E+00
 0.125404212E+00 0.133255691E+00 0.141380781E+00 0.149799899E+00 0.158536111E+00
 0.167615614E+00 0.177068317E+00 0.186928551E+00 0.197235943E+00 0.208036495E+00
 0.219383887E+00 0.231341060E+00 0.243982058E+00 0.257394087E+00 0.271679557E+00
 0.286957676E+00 0.303364845E+00 0.321052947E+00 0.340185068E+00 0.360934836E+00
 0.381892142E+00 0.400318942E+00 0.416225699E+00 0.429299687E+00 0.439807280E+00
 0.448007889E+00 0.453929079E+00 0.457496160E+00 0.458259092E+00 0.456370279E+00
 0.451937693E+00 0.444837141E+00 0.434838894E+00 0.421345206E+00 0.405496591E+00
 0.391057450E+00 0.377941612E+00 0.366014590E+00 0.355148110E+00 0.345222731E+00
-0.167493351E+00-0.172926236E+00-0.175677761E+00-0.175663100E+00-0.173009694E+00
-0.170283248E+00-0.167694755E+00-0.165221861E+00-0.162853045E+00-0.160576454E+00
-0.158380277E+00-0.156253085E+00-0.154184056E+00-0.152163090E+00-0.150180859E+00
-0.148228809E+00-0.146299135E+00-0.144384734E+00-0.142479155E+00-0.140576536E+00
-0.138671549E+00-0.136759339E+00-0.134835471E+00-0.132895884E+00-0.130936843E+00
-0.128954903E+00-0.126946879E+00-0.124909816E+00-0.122840966E+00-0.120737775E+00
-0.118597862E+00-0.116419012E+00-0.114199165E+00-0.111936408E+00-0.109628968E+00
-0.107275205E+00-0.104873607E+00-0.102422780E+00-0.999214460E-01-0.973684286E-01
-0.947626487E-01-0.921031132E-01-0.893889048E-01-0.866191708E-01-0.837931115E-01
-0.809099686E-01-0.779690123E-01-0.749695296E-01-0.719108113E-01-0.687921403E-01
-0.656127793E-01-0.623719590E-01-0.590688671E-01-0.557026368E-01-0.522723364E-01
-0.487769591E-01-0.452154128E-01-0.415865109E-01-0.378889625E-01-0.341213637E-01
-0.302821886E-01-0.263697810E-01-0.223823453E-01-0.183179385E-01-0.141744617E-01
-0.994965135E-02-0.564107057E-02-0.124610007E-02 0.323807156E-02 0.781445829E-02
 0.124862880E-01 0.172570149E-01 0.221303341E-01 0.271101972E-01 0.322008310E-01
 0.374067585E-01 0.427328231E-01 0.481842172E-01 0.537665149E-01 0.594857099E-01
 0.653482597E-01 0.713611373E-01 0.775318909E-01 0.838687138E-01 0.903805263E-01
 0.970770710E-01 0.103969025E+00 0.111068135E+00 0.118387368E+00 0.125941107E+00
 0.133745367E+00 0.141818070E+00 0.150179367E+00 0.158852043E+00 0.167862003E+00
 0.177238889E+00 0.187016850E+00 0.197235513E+00 0.207941238E+00 0.219188739E+00
 0.231043208E+00 0.243583089E+00 0.256903699E+00 0.271121753E+00 0.286380474E+00
 0.302853726E+00 0.320745345E+00 0.340278369E+00 0.361392295E+00 0.380489000E+00
 0.397085873E+00 0.411411107E+00 0.423525050E+00 0.433385327E+00 0.440827143E+00
 0.445910949E+00 0.448735876E+00 0.449226924E+00 0.447190781E+00 0.442294180E+00
 0.434425980E+00 0.423499390E+00 0.409398018E+00 0.395353858E+00 0.382504426E+00
 0.370717346E+00 0.359882309E+00 0.349903041E+00 0.340693790E+00-0.169312030E+00
-0.174820455E+00-0.177658899E+00-0.177739460E+00-0.175354889E+00-0.172718177E+00
-0.170207264E+00-0.167808756E+00-0.165511380E+00-0.163303178E+00-0.161171972E+00
-0.159105775E+00-0.157093101E+00-0.155123166E+00-0.153186008E+00-0.151272537E+00
-0.149374531E+00-0.147484604E+00-0.145596139E+00-0.143703223E+00-0.141800563E+00
-0.139883414E+00-0.137947507E+00-0.135988983E+00-0.134004336E+00-0.131990366E+00
-0.129944138E+00-0.127862953E+00-0.125744319E+00-0.123585934E+00-0.121385674E+00
-0.119141578E+00-0.116851846E+00-0.114514827E+00-0.112129019E+00-0.109693063E+00
-0.107205736E+00-0.104665947E+00-0.102072730E+00-0.994252346E-01-0.967227172E-01
-0.939645299E-01-0.911501082E-01-0.882789584E-01-0.853506432E-01-0.823647680E-01
-0.793209657E-01-0.762188823E-01-0.730581622E-01-0.698384342E-01-0.665592971E-01
-0.632203069E-01-0.598209637E-01-0.563606997E-01-0.528388672E-01-0.492547278E-01
-0.456074418E-01-0.418960578E-01-0.381195033E-01-0.342765754E-01-0.303659317E-01
-0.263860820E-01-0.223353800E-01-0.182120149E-01-0.140140043E-01-0.973918625E-02
-0.538521149E-02-0.949536004E-03 0.357058696E-02 0.817811533E-02 0.128762273E-01
 0.176683311E-01 0.225580770E-01 0.275493696E-01 0.326463831E-01 0.378535793E-01
 0.431757274E-01 0.486179289E-01 0.541856451E-01 0.598847306E-01 0.657214721E-01
 0.717026330E-01 0.778355067E-01 0.841279779E-01 0.905885942E-01 0.972266505E-01
 0.104052287E+00 0.111076605E+00 0.118311802E+00 0.125771336E+00 0.133470112E+00
 0.141424721E+00 0.149653708E+00 0.158177918E+00 0.167020914E+00 0.176209491E+00
 0.185774341E+00 0.195750895E+00 0.206180437E+00 0.217111604E+00 0.228602469E+00
 0.240723556E+00 0.253562396E+00 0.267230791E+00 0.281876960E+00 0.297705993E+00
 0.315007809E+00 0.334189427E+00 0.353190029E+00 0.370066829E+00 0.384508757E+00
 0.397016831E+00 0.407697619E+00 0.416552774E+00 0.423389119E+00 0.427759316E+00
 0.430069087E+00 0.430309275E+00 0.428350345E+00 0.423805191E+00 0.415981073E+00
 0.404957361E+00 0.392381381E+00 0.380768451E+00 0.369981520E+00 0.359926453E+00
 0.350537869E+00 0.341763382E+00 0.333556820E+00-0.170441009E+00-0.176001890E+00
-0.178937558E+00-0.179141579E+00-0.177082971E+00-0.174584092E+00-0.172194825E+00
-0.169918470E+00-0.167741995E+00-0.165651497E+00-0.163632996E+00-0.161672925E+00
-0.159758486E+00-0.157877882E+00-0.156020428E+00-0.154176584E+00-0.152337921E+00
-0.150497041E+00-0.148647478E+00-0.146783583E+00-0.144900410E+00-0.142993612E+00
-0.141059339E+00-0.139094159E+00-0.137094982E+00-0.135059009E+00-0.132983683E+00
-0.130866656E+00-0.128705770E+00-0.126499035E+00-0.124244624E+00-0.121940866E+00
-0.119586247E+00-0.117179403E+00-0.114719125E+00-0.112204357E+00-0.109634193E+00
-0.107007874E+00-0.104324780E+00-0.101584426E+00-0.987864453E-01-0.959305817E-01
-0.930166731E-01-0.900446359E-01-0.870144480E-01-0.839261317E-01-0.807797352E-01
-0.775753156E-01-0.743129211E-01-0.709925746E-01-0.676142573E-01-0.641778941E-01
-0.606833391E-01-0.571303620E-01-0.535186362E-01-0.498477265E-01-0.461170780E-01
-0.423260059E-01-0.384736855E-01-0.345591429E-01-0.305812457E-01-0.265386953E-01
-0.224300187E-01-0.182535612E-01-0.140074797E-01-0.968973615E-02-0.529809183E-02
-0.830101547E-03 0.371689180E-02 0.834576277E-02 0.130596092E-01 0.178617587E-01
 0.227557757E-01 0.277454701E-01 0.328349079E-01 0.380284227E-01 0.433306314E-01
 0.487464515E-01 0.542811231E-01 0.599402336E-01 0.657297485E-01 0.716560465E-01
 0.777259606E-01 0.839468268E-01 0.903265392E-01 0.968736154E-01 0.103597271E+00
 0.110507506E+00 0.117615206E+00 0.124932258E+00 0.132471688E+00 0.140247816E+00
 0.148276447E+00 0.156575090E+00 0.165163216E+00 0.174062580E+00 0.183297596E+00
 0.192895811E+00 0.202888492E+00 0.213311386E+00 0.224205720E+00 0.235619606E+00
 0.247610104E+00 0.260246566E+00 0.273616773E+00 0.287840710E+00 0.303116388E+00
 0.319450802E+00 0.334560694E+00 0.348365032E+00 0.360776593E+00 0.371629670E+00
 0.380748061E+00 0.388205300E+00 0.394043912E+00 0.398207227E+00 0.400528030E+00
 0.400812178E+00 0.399097278E+00 0.395348715E+00 0.389361238E+00 0.380714674E+00
 0.371813250E+00 0.363118515E+00 0.354702096E+00 0.346606673E+00 0.338855380E+00
 0.331458099E+00 0.324415410E+00-0.171400361E+00-0.177111265E+00-0.180167372E+00
-0.180484218E+00-0.178239825E+00-0.175878292E+00-0.173661033E+00-0.171561702E+00
-0.169562418E+00-0.167645139E+00-0.165792378E+00-0.163987803E+00-0.162216602E+00
-0.160465658E+00-0.158723572E+00-0.156980580E+00-0.155228406E+00-0.153460082E+00
-0.151669752E+00-0.149852488E+00-0.148004113E+00-0.146121054E+00-0.144200205E+00
-0.142238829E+00-0.140234472E+00-0.138184904E+00-0.136088070E+00-0.133942070E+00
-0.131745137E+00-0.129495636E+00-0.127192060E+00-0.124833042E+00-0.122417359E+00
-0.119943942E+00-0.117411883E+00-0.114820443E+00-0.112169052E+00-0.109457309E+00
-0.106684977E+00-0.103851975E+00-0.100958364E+00-0.980043343E-01-0.949901854E-01
-0.919163061E-01-0.887831536E-01-0.855912309E-01-0.823410650E-01-0.790331852E-01
-0.756681018E-01-0.722462869E-01-0.687681559E-01-0.652340503E-01-0.616442228E-01
-0.579988224E-01-0.542978814E-01-0.505413036E-01-0.467288525E-01-0.428601410E-01
-0.389346213E-01-0.349515754E-01-0.309101066E-01-0.268091312E-01-0.226473710E-01
-0.184233468E-01-0.141353727E-01-0.978155111E-02-0.535976900E-02-0.867694611E-03
 0.369722482E-02 0.833776490E-02 0.130569256E-01 0.178579329E-01 0.227442407E-01
 0.277195334E-01 0.327877302E-01 0.379529903E-01 0.432197205E-01 0.485925852E-01
 0.540765197E-01 0.596767452E-01 0.653987890E-01 0.712485075E-01 0.772321134E-01
 0.833562070E-01 0.896278128E-01 0.960544201E-01 0.102644029E+00 0.109405203E+00
 0.116347122E+00 0.123479647E+00 0.130813390E+00 0.138359778E+00 0.146131132E+00
 0.154140743E+00 0.162402940E+00 0.170933155E+00 0.179747954E+00 0.188865039E+00
 0.198303152E+00 0.208081850E+00 0.218221002E+00 0.228739787E+00 0.239654685E+00
 0.250975369E+00 0.262695792E+00 0.274773799E+00 0.287085692E+00 0.299362021E+00
 0.311222197E+00 0.322334837E+00 0.332475768E+00 0.341495286E+00 0.349286990E+00
 0.355770308E+00 0.360881071E+00 0.364566564E+00 0.366783645E+00 0.367500101E+00
 0.366701277E+00 0.364408045E+00 0.360719673E+00 0.355883815E+00 0.350285930E+00
 0.344280749E+00 0.338103902E+00 0.331901159E+00 0.325764572E+00 0.319753414E+00
 0.313905774E+00-0.171215627E+00-0.177010699E+00-0.180194559E+00-0.180679846E+00
-0.178709729E+00-0.176575291E+00-0.174598438E+00-0.172747556E+00-0.170996469E+00
-0.169320049E+00-0.167695296E+00-0.166101972E+00-0.164522819E+00-0.162943495E+00
-0.161352334E+00-0.159740001E+00-0.158099129E+00-0.156423947E+00-0.154709947E+00
-0.152953585E+00-0.151152033E+00-0.149302972E+00-0.147404436E+00-0.145454687E+00
-0.143452135E+00-0.141395277E+00-0.139282668E+00-0.137112908E+00-0.134884649E+00
-0.132596605E+00-0.130247575E+00-0.127836469E+00-0.125362330E+00-0.122824359E+00
-0.120221937E+00-0.117554636E+00-0.114822232E+00-0.112024704E+00-0.109162236E+00
-0.106235198E+00-0.103244141E+00-0.100189769E+00-0.970729157E-01-0.938945229E-01
-0.906556064E-01-0.873572299E-01-0.840004758E-01-0.805864187E-01-0.771160990E-01
-0.735905009E-01-0.700105306E-01-0.663769985E-01-0.626906024E-01-0.589519128E-01
-0.551613602E-01-0.513192226E-01-0.474256150E-01-0.434804785E-01-0.394835709E-01
-0.354344565E-01-0.313324979E-01-0.271768478E-01-0.229664411E-01-0.186999896E-01
-0.143759766E-01-0.999265380E-02-0.554803959E-02-0.103991891E-02 0.353415530E-02
 0.817685931E-02 0.128910948E-01 0.176799843E-01 0.225468664E-01 0.274952912E-01
 0.325290163E-01 0.376520045E-01 0.428684221E-01 0.481826405E-01 0.535992384E-01
 0.591230079E-01 0.647589619E-01 0.705123443E-01 0.763886421E-01 0.823936001E-01
 0.885332359E-01 0.948138569E-01 0.101242076E+00 0.107824829E+00 0.114569384E+00
 0.121483352E+00 0.128574686E+00 0.135851672E+00 0.143322894E+00 0.150997181E+00
 0.158883508E+00 0.166990844E+00 0.175327910E+00 0.183902806E+00 0.192722447E+00
 0.201791702E+00 0.211112071E+00 0.220679644E+00 0.230481950E+00 0.240493108E+00
 0.250666650E+00 0.260926024E+00 0.271155426E+00 0.281198641E+00 0.290874074E+00
 0.300001025E+00 0.308420475E+00 0.316002361E+00 0.322643952E+00 0.328265591E+00
 0.332807012E+00 0.336225299E+00 0.338494933E+00 0.339610307E+00 0.339591248E+00
 0.338491592E+00 0.336408482E+00 0.333484859E+00 0.329895456E+00 0.325818739E+00
 0.321412316E+00 0.316803006E+00 0.312087990E+00 0.307340014E+00 0.302612805E+00
-0.169980092E+00-0.175810553E+00-0.179139168E+00-0.179857609E+00-0.178422668E+00
-0.176626860E+00-0.174992142E+00-0.173491562E+00-0.172084747E+00-0.170735635E+00
-0.169413836E+00-0.168094792E+00-0.166759364E+00-0.165393128E+00-0.163985559E+00
-0.162529240E+00-0.161019128E+00-0.159451935E+00-0.157825607E+00-0.156138911E+00
-0.154391112E+00-0.152581732E+00-0.150710372E+00-0.148776604E+00-0.146779894E+00
-0.144719574E+00-0.142594845E+00-0.140404796E+00-0.138148441E+00-0.135824770E+00
-0.133432801E+00-0.130971630E+00-0.128440489E+00-0.125838784E+00-0.123166133E+00
-0.120422398E+00-0.117607696E+00-0.114722408E+00-0.111767177E+00-0.108742891E+00
-0.105650664E+00-0.102491805E+00-0.992677844E-01-0.959801981E-01-0.926307252E-01
-0.892210912E-01-0.857530296E-01-0.822282482E-01-0.786483972E-01-0.750150430E-01
-0.713296444E-01-0.675935338E-01-0.638079008E-01-0.599737786E-01-0.560920324E-01
-0.521633485E-01-0.481882246E-01-0.441669597E-01-0.400996447E-01-0.359861525E-01
-0.318261283E-01-0.276189813E-01-0.233638760E-01-0.190597264E-01-0.147051913E-01
-0.102986721E-01-0.583831342E-02-0.132200628E-02 0.325260599E-02 0.788811928E-02
 0.125873582E-01 0.173533636E-01 0.221893799E-01 0.270988406E-01 0.320853559E-01
 0.371526995E-01 0.423047984E-01 0.475457232E-01 0.528796808E-01 0.583110095E-01
 0.638441753E-01 0.694837692E-01 0.752345061E-01 0.811012230E-01 0.870888757E-01
 0.932025343E-01 0.994473736E-01 0.105828658E+00 0.112351717E+00 0.119021911E+00
 0.125844576E+00 0.132824952E+00 0.139968076E+00 0.147278634E+00 0.154760762E+00
 0.162417762E+00 0.170251726E+00 0.178263010E+00 0.186449519E+00 0.194805739E+00
 0.203321420E+00 0.211979835E+00 0.220755517E+00 0.229611506E+00 0.238496337E+00
 0.247341465E+00 0.256060398E+00 0.264550983E+00 0.272701399E+00 0.280398443E+00
 0.287535424E+00 0.294017650E+00 0.299765186E+00 0.304713772E+00 0.308814971E+00
 0.312036362E+00 0.314362268E+00 0.315795196E+00 0.316357832E+00 0.316094947E+00
 0.315073923E+00 0.313382266E+00 0.311121288E+00 0.308397127E+00 0.305311946E+00
 0.301957773E+00 0.298413604E+00 0.294745036E+00 0.291005296E+00-0.168175021E+00
-0.174104349E+00-0.177612095E+00-0.178613865E+00-0.177303818E+00-0.175962192E+00
-0.174834554E+00-0.173838126E+00-0.172909278E+00-0.171998012E+00-0.171066905E+00
-0.170089272E+00-0.169047122E+00-0.167929190E+00-0.166729188E+00-0.165444349E+00
-0.164074276E+00-0.162620053E+00-0.161083578E+00-0.159467081E+00-0.157772777E+00
-0.156002629E+00-0.154158209E+00-0.152240618E+00-0.150250472E+00-0.148187925E+00
-0.146052729E+00-0.143844313E+00-0.141561877E+00-0.139204491E+00-0.136771199E+00
-0.134261111E+00-0.131673486E+00-0.129007812E+00-0.126263856E+00-0.123441714E+00
-0.120541832E+00-0.117565015E+00-0.114512423E+00-0.111385547E+00-0.108186177E+00
-0.104916354E+00-0.101578324E+00-0.981744780E-01-0.947073002E-01-0.911793098E-01
-0.875930129E-01-0.839508571E-01-0.802551942E-01-0.765082489E-01-0.727120953E-01
-0.688686383E-01-0.649796008E-01-0.610465133E-01-0.570707063E-01-0.530533028E-01
-0.489952114E-01-0.448971171E-01-0.407594722E-01-0.365824854E-01-0.323661104E-01
-0.281100346E-01-0.238136689E-01-0.194761393E-01-0.150962812E-01-0.106726379E-01
-0.620346291E-02-0.168672606E-02 0.287987469E-02 0.749889806E-02 0.121731402E-01
 0.169056124E-01 0.216995173E-01 0.265582232E-01 0.314852397E-01 0.364841936E-01
 0.415588068E-01 0.467128764E-01 0.519502577E-01 0.572748489E-01 0.626905773E-01
 0.682013873E-01 0.738112270E-01 0.795240350E-01 0.853437228E-01 0.912741538E-01
 0.973191154E-01 0.103482281E+00 0.109767164E+00 0.116177047E+00 0.122714904E+00
 0.129383284E+00 0.136184169E+00 0.143118783E+00 0.150187358E+00 0.157388812E+00
 0.164720365E+00 0.172177025E+00 0.179750958E+00 0.187430703E+00 0.195200219E+00
 0.203037773E+00 0.210914717E+00 0.218794270E+00 0.226630534E+00 0.234368073E+00
 0.241942441E+00 0.249281933E+00 0.256310514E+00 0.262951501E+00 0.269131321E+00
 0.274782758E+00 0.279847385E+00 0.284277244E+00 0.288035975E+00 0.291099665E+00
 0.293457581E+00 0.295112834E+00 0.296082847E+00 0.296399338E+00 0.296107440E+00
 0.295263657E+00 0.293932629E+00 0.292183153E+00 0.290084158E+00 0.287701345E+00
 0.285094874E+00 0.282318121E+00 0.279417299E+00-0.164665789E+00-0.170516643E+00
-0.174219627E+00-0.175703257E+00-0.175061313E+00-0.174514006E+00-0.174178763E+00
-0.173917793E+00-0.173644479E+00-0.173301121E+00-0.172851067E+00-0.172273570E+00
-0.171559368E+00-0.170706921E+00-0.169719518E+00-0.168603211E+00-0.167365400E+00
-0.166013873E+00-0.164556171E+00-0.162999167E+00-0.161348808E+00-0.159609971E+00
-0.157786410E+00-0.155880783E+00-0.153894725E+00-0.151828973E+00-0.149683519E+00
-0.147457777E+00-0.145150761E+00-0.142761259E+00-0.140287999E+00-0.137729799E+00
-0.135085697E+00-0.132355057E+00-0.129537659E+00-0.126633752E+00-0.123644092E+00
-0.120569946E+00-0.117413082E+00-0.114175726E+00-0.110860509E+00-0.107470398E+00
-0.104008614E+00-0.100478551E+00-0.968836901E-01-0.932275234E-01-0.895134843E-01
-0.857448896E-01-0.819248946E-01-0.780564599E-01-0.741423297E-01-0.701850196E-01
-0.661868113E-01-0.621497517E-01-0.580756532E-01-0.539660939E-01-0.498224150E-01
-0.456457147E-01-0.414368381E-01-0.371963636E-01-0.329245869E-01-0.286215037E-01
-0.242867941E-01-0.199198088E-01-0.155195601E-01-0.110847182E-01-0.661361438E-02
-0.210425096E-02 0.244568104E-02 0.703877753E-02 0.116778906E-01 0.163660930E-01
 0.211066389E-01 0.259029234E-01 0.307584429E-01 0.356767564E-01 0.406614516E-01
 0.457161134E-01 0.508442979E-01 0.560495089E-01 0.613351774E-01 0.667046426E-01
 0.721611324E-01 0.777077422E-01 0.833474100E-01 0.890828858E-01 0.949166931E-01
 0.100851080E+00 0.106887959E+00 0.113028826E+00 0.119274664E+00 0.125625822E+00
 0.132081859E+00 0.138641359E+00 0.145301696E+00 0.152058756E+00 0.158906598E+00
 0.165837046E+00 0.172839221E+00 0.179899006E+00 0.186998456E+00 0.194115195E+00
 0.201221845E+00 0.208285585E+00 0.215267942E+00 0.222124971E+00 0.228807902E+00
 0.235264337E+00 0.241439921E+00 0.247280336E+00 0.252733394E+00 0.257751016E+00
 0.262290941E+00 0.266318113E+00 0.269805761E+00 0.272736200E+00 0.275101396E+00
 0.276903288E+00 0.278153805E+00 0.278874497E+00 0.279095687E+00 0.278855102E+00
 0.278196041E+00 0.277165267E+00 0.275810847E+00 0.274180208E+00 0.272318576E+00
 0.270267882E+00 0.268066110E+00-0.158625315E+00-0.163855345E+00-0.167737534E+00
-0.170201923E+00-0.171455769E+00-0.172413976E+00-0.173303414E+00-0.174066559E+00
-0.174641831E+00-0.174984992E+00-0.175077531E+00-0.174921549E+00-0.174530622E+00
-0.173923322E+00-0.173119683E+00-0.172139391E+00-0.171000844E+00-0.169720648E+00
-0.168313344E+00-0.166791269E+00-0.165164516E+00-0.163440971E+00-0.161626418E+00
-0.159724719E+00-0.157738035E+00-0.155667095E+00-0.153511485E+00-0.151269946E+00
-0.148940665E+00-0.146521551E+00-0.144010480E+00-0.141405519E+00-0.138705107E+00
-0.135908202E+00-0.133014400E+00-0.130024005E+00-0.126938070E+00-0.123758400E+00
-0.120487519E+00-0.117128604E+00-0.113685393E+00-0.110162073E+00-0.106563148E+00
-0.102893315E+00-0.991573310E-01-0.953599044E-01-0.915055950E-01-0.875987412E-01
-0.836434079E-01-0.796433557E-01-0.756020294E-01-0.715225610E-01-0.674077817E-01
-0.632602402E-01-0.590822200E-01-0.548757532E-01-0.506426270E-01-0.463843808E-01
-0.421022940E-01-0.377973654E-01-0.334702866E-01-0.291214126E-01-0.247507332E-01
-0.203578491E-01-0.159419541E-01-0.115018267E-01-0.703583206E-02-0.254193491E-02
 0.198227528E-02 0.653954800E-02 0.111329249E-01 0.157656844E-01 0.204412809E-01
 0.251632819E-01 0.299353069E-01 0.347609706E-01 0.396438335E-01 0.445873601E-01
 0.495948850E-01 0.546695856E-01 0.598144587E-01 0.650323010E-01 0.703256882E-01
 0.756969539E-01 0.811481628E-01 0.866810784E-01 0.922971229E-01 0.979973259E-01
 0.103782261E+00 0.109651967E+00 0.115605854E+00 0.121642583E+00 0.127759933E+00
 0.133954629E+00 0.140222152E+00 0.146556511E+00 0.152949986E+00 0.159392840E+00
 0.165873003E+00 0.172375751E+00 0.178883372E+00 0.185374884E+00 0.191825810E+00
 0.198208077E+00 0.204490099E+00 0.210637068E+00 0.216611524E+00 0.222374172E+00
 0.227884938E+00 0.233104183E+00 0.237993980E+00 0.242519376E+00 0.246649536E+00
 0.250358742E+00 0.253627195E+00 0.256441626E+00 0.258795695E+00 0.260690165E+00
 0.262132836E+00 0.263138208E+00 0.263726867E+00 0.263924602E+00 0.263761304E+00
 0.263269722E+00 0.262484193E+00 0.261439440E+00 0.260169535E+00 0.258707065E+00
 0.257082541E+00-0.152582852E+00-0.157258481E+00-0.161384653E+00-0.164920391E+00
-0.167939599E+00-0.170575862E+00-0.172918089E+00-0.174943796E+00-0.176526480E+00
-0.177595680E+00-0.178196467E+00-0.178393860E+00-0.178245632E+00-0.177801070E+00
-0.177102245E+00-0.176185186E+00-0.175080711E+00-0.173814978E+00-0.172409846E+00
-0.170883126E+00-0.169248797E+00-0.167517246E+00-0.165695564E+00-0.163787908E+00
-0.161795930E+00-0.159719245E+00-0.157555920E+00-0.155302946E+00-0.152956687E+00
-0.150513277E+00-0.147968972E+00-0.145320443E+00-0.142565017E+00-0.139700871E+00
-0.136727170E+00-0.133644163E+00-0.130453218E+00-0.127156822E+00-0.123758514E+00
-0.120262777E+00-0.116674881E+00-0.113000703E+00-0.109246511E+00-0.105418761E+00
-0.101523893E+00-0.975681684E-01-0.935575269E-01-0.894974985E-01-0.853931476E-01
-0.812490575E-01-0.770693438E-01-0.728576904E-01-0.686173979E-01-0.643514380E-01
-0.600625028E-01-0.557530443E-01-0.514252962E-01-0.470812759E-01-0.427227652E-01
-0.383512731E-01-0.339679860E-01-0.295737131E-01-0.251688334E-01-0.207532507E-01
-0.163263617E-01-0.118870366E-01-0.743361805E-02-0.296393523E-02 0.152466263E-02
 0.603525427E-02 0.105712761E-01 0.151364364E-01 0.197346196E-01 0.243697869E-01
 0.290458828E-01 0.337667515E-01 0.385360699E-01 0.433572962E-01 0.482336329E-01
 0.531680030E-01 0.581630319E-01 0.632210350E-01 0.683440048E-01 0.735335953E-01
 0.787911023E-01 0.841174360E-01 0.895130856E-01 0.949780733E-01 0.100511898E+00
 0.106113463E+00 0.111780996E+00 0.117511946E+00 0.123302871E+00 0.129149300E+00
 0.135045590E+00 0.140984755E+00 0.146958287E+00 0.152955966E+00 0.158965671E+00
 0.164973194E+00 0.170962084E+00 0.176913529E+00 0.182806312E+00 0.188616847E+00
 0.194319347E+00 0.199886119E+00 0.205288005E+00 0.210494966E+00 0.215476790E+00
 0.220203876E+00 0.224648069E+00 0.228783477E+00 0.232587247E+00 0.236040243E+00
 0.239127611E+00 0.241839207E+00 0.244169874E+00 0.246119550E+00 0.247693204E+00
 0.248900600E+00 0.249755884E+00 0.250277013E+00 0.250485069E+00 0.250403483E+00
 0.250057238E+00 0.249472094E+00 0.248673882E+00 0.247687904E+00 0.246538447E+00
-0.148324723E+00-0.153018113E+00-0.157499177E+00-0.161759282E+00-0.165825464E+00
-0.169747859E+00-0.173581460E+00-0.177387952E+00-0.180397378E+00-0.181900618E+00
-0.182748565E+00-0.183078238E+00-0.182985339E+00-0.182543695E+00-0.181812852E+00
-0.180842028E+00-0.179672354E+00-0.178338131E+00-0.176867519E+00-0.175282903E+00
-0.173601165E+00-0.171833998E+00-0.169988344E+00-0.168066992E+00-0.166069281E+00
-0.163991885E+00-0.161829582E+00-0.159575991E+00-0.157224209E+00-0.154767362E+00
-0.152199054E+00-0.149513733E+00-0.146706973E+00-0.143775705E+00-0.140718374E+00
-0.137535061E+00-0.134227522E+00-0.130799176E+00-0.127255008E+00-0.123601389E+00
-0.119845829E+00-0.115996655E+00-0.112062671E+00-0.108052806E+00-0.103975792E+00
-0.998399073E-01-0.956527872E-01-0.914213142E-01-0.871515811E-01-0.828489143E-01
-0.785179438E-01-0.741627035E-01-0.697867488E-01-0.653932755E-01-0.609852287E-01
-0.565653887E-01-0.521364211E-01-0.477008855E-01-0.432611977E-01-0.388195539E-01
-0.343778296E-01-0.299374710E-01-0.254993970E-01-0.210639199E-01-0.166306906E-01
-0.121986670E-01-0.776610427E-02-0.333056723E-02 0.111103097E-02 0.556235995E-02
 0.100275685E-01 0.145111488E-01 0.190177773E-01 0.235521502E-01 0.281188320E-01
 0.327221314E-01 0.373660138E-01 0.420540470E-01 0.467893760E-01 0.515747150E-01
 0.564123514E-01 0.613041518E-01 0.662515669E-01 0.712556317E-01 0.763169571E-01
 0.814357144E-01 0.866116094E-01 0.918438463E-01 0.971310815E-01 0.102471367E+00
 0.107862082E+00 0.113299853E+00 0.118780468E+00 0.124298771E+00 0.129848559E+00
 0.135422466E+00 0.141011843E+00 0.146606648E+00 0.152195332E+00 0.157764754E+00
 0.163300115E+00 0.168784938E+00 0.174201097E+00 0.179528911E+00 0.184747320E+00
 0.189834136E+00 0.194766394E+00 0.199520766E+00 0.204074051E+00 0.208403715E+00
 0.212488444E+00 0.216308694E+00 0.219847217E+00 0.223089521E+00 0.226024260E+00
 0.228643526E+00 0.230943043E+00 0.232922240E+00 0.234584209E+00 0.235935549E+00
 0.236986092E+00 0.237748537E+00 0.238238007E+00 0.238471548E+00 0.238467612E+00
 0.238245535E+00 0.237825054E+00 0.237225868E+00 0.236467273E+00-0.144965603E+00
-0.149834521E+00-0.154686696E+00-0.159539691E+00-0.164431381E+00-0.169419835E+00
-0.174583273E+00-0.180022943E+00-0.185085631E+00-0.187923365E+00-0.189135806E+00
-0.189235485E+00-0.188927480E+00-0.188268428E+00-0.187322539E+00-0.186144638E+00
-0.184781785E+00-0.183274015E+00-0.181654425E+00-0.179948941E+00-0.178176086E+00
-0.176347079E+00-0.174466368E+00-0.172532596E+00-0.170539828E+00-0.168478877E+00
-0.166338562E+00-0.164106797E+00-0.161771479E+00-0.159321165E+00-0.156745575E+00
-0.154035975E+00-0.151185455E+00-0.148189164E+00-0.145044493E+00-0.141751222E+00
-0.138311611E+00-0.134730397E+00-0.131014690E+00-0.127173707E+00-0.123218364E+00
-0.119160738E+00-0.115013452E+00-0.110789059E+00-0.106499508E+00-0.102155738E+00
-0.977674254E-01-0.933428894E-01-0.888891144E-01-0.844118731E-01-0.799159082E-01
-0.754051513E-01-0.708829559E-01-0.663523281E-01-0.618161395E-01-0.572773011E-01
-0.527388750E-01-0.482040984E-01-0.436763052E-01-0.391587545E-01-0.346544054E-01
-0.301656912E-01-0.256943365E-01-0.212412365E-01-0.168063867E-01-0.123888485E-01
-0.798673157E-02-0.359719139E-02 0.783548966E-03 0.516013049E-02 0.953791857E-02
 0.139227803E-01 0.183207959E-01 0.227379509E-01 0.271798684E-01 0.316516205E-01
 0.361576286E-01 0.407016371E-01 0.452867334E-01 0.499153906E-01 0.545895160E-01
 0.593104950E-01 0.640792241E-01 0.688961336E-01 0.737611958E-01 0.786739229E-01
 0.836333522E-01 0.886380218E-01 0.936859355E-01 0.987745195E-01 0.103900570E+00
 0.109060194E+00 0.114248743E+00 0.119460743E+00 0.124689818E+00 0.129928622E+00
 0.135168757E+00 0.140400718E+00 0.145613835E+00 0.150796240E+00 0.155934854E+00
 0.161015417E+00 0.166022539E+00 0.170939817E+00 0.175749988E+00 0.180435143E+00
 0.184976985E+00 0.189357143E+00 0.193557517E+00 0.197560652E+00 0.201350120E+00
 0.204910900E+00 0.208229732E+00 0.211295438E+00 0.214099187E+00 0.216634698E+00
 0.218898377E+00 0.220889367E+00 0.222609525E+00 0.224063321E+00 0.225257660E+00
 0.226201642E+00 0.226906270E+00 0.227384119E+00 0.227648989E+00 0.227715551E+00
 0.227599003E+00 0.227314759E+00 0.226878164E+00-0.141955647E+00-0.147003146E+00
-0.152161911E+00-0.157468766E+00-0.162977735E+00-0.168761653E+00-0.174912383E+00
-0.181538897E+00-0.187850968E+00-0.192361322E+00-0.195293345E+00-0.196484924E+00
-0.196084735E+00-0.194957812E+00-0.193593610E+00-0.192034281E+00-0.190330035E+00
-0.188526383E+00-0.186662368E+00-0.184768291E+00-0.182863830E+00-0.180957412E+00
-0.179047078E+00-0.177122476E+00-0.175167339E+00-0.173161938E+00-0.171085169E+00
-0.168916129E+00-0.166635190E+00-0.164224660E+00-0.161669173E+00-0.158955910E+00
-0.156074773E+00-0.153018551E+00-0.149783130E+00-0.146367728E+00-0.142775127E+00
-0.139011833E+00-0.135088050E+00-0.131017385E+00-0.126816194E+00-0.122502602E+00
-0.118095325E+00-0.113612496E+00-0.109070705E+00-0.104484374E+00-0.998654813E-01
-0.952235850E-01-0.905660415E-01-0.858983448E-01-0.812245173E-01-0.765475157E-01
-0.718696354E-01-0.671929057E-01-0.625194720E-01-0.578519462E-01-0.531936815E-01
-0.485488849E-01-0.439224722E-01-0.393196414E-01-0.347452866E-01-0.302034741E-01
-0.256971253E-01-0.212279072E-01-0.167962366E-01-0.124013067E-01-0.804108087E-02
-0.371223571E-02 0.589921701E-03 0.487149596E-02 0.913989410E-02 0.134034595E-01
 0.176708517E-01 0.219503444E-01 0.262492788E-01 0.305737945E-01 0.349288036E-01
 0.393181023E-01 0.437445280E-01 0.482101120E-01 0.527162066E-01 0.572635808E-01
 0.618524882E-01 0.664827113E-01 0.711535840E-01 0.758640001E-01 0.806124066E-01
 0.853967876E-01 0.902146384E-01 0.950629320E-01 0.999380805E-01 0.104835890E+00
 0.109751517E+00 0.114679412E+00 0.119613282E+00 0.124546033E+00 0.129469740E+00
 0.134375607E+00 0.139253951E+00 0.144094201E+00 0.148884907E+00 0.153613792E+00
 0.158267815E+00 0.162833276E+00 0.167295951E+00 0.171641264E+00 0.175854482E+00
 0.179920953E+00 0.183826347E+00 0.187556931E+00 0.191099833E+00 0.194443306E+00
 0.197576978E+00 0.200492070E+00 0.203181584E+00 0.205640447E+00 0.207865601E+00
 0.209856046E+00 0.211612828E+00 0.213138973E+00 0.214439370E+00 0.215520611E+00
 0.216390800E+00 0.217059326E+00 0.217536625E+00 0.217833933E+00 0.217963049E+00
 0.217936096E+00 0.217765316E+00-0.138925140E+00-0.144077648E+00-0.149418168E+00
-0.154994148E+00-0.160870497E+00-0.167133665E+00-0.173895495E+00-0.181292367E+00
-0.188616713E+00-0.194242683E+00-0.198472984E+00-0.201173845E+00-0.202384852E+00
-0.202267638E+00-0.200484068E+00-0.198355866E+00-0.196142144E+00-0.193898589E+00
-0.191679300E+00-0.189526508E+00-0.187463017E+00-0.185490166E+00-0.183591195E+00
-0.181736933E+00-0.179891497E+00-0.178016998E+00-0.176076871E+00-0.174037810E+00
-0.171870594E+00-0.169550207E+00-0.167055628E+00-0.164369563E+00-0.161478269E+00
-0.158371561E+00-0.155043049E+00-0.151490593E+00-0.147716935E+00-0.143730385E+00
-0.139545327E+00-0.135182174E+00-0.130666450E+00-0.126026842E+00-0.121292591E+00
-0.116490924E+00-0.111645213E+00-0.106774135E+00-0.101891667E+00-0.970076119E-01
-0.921283448E-01-0.872575894E-01-0.823971435E-01-0.775475239E-01-0.727085494E-01
-0.678798999E-01-0.630617033E-01-0.582552021E-01-0.534635061E-01-0.486922584E-01
-0.439496742E-01-0.392453333E-01-0.345881312E-01-0.299848117E-01-0.254396865E-01
-0.209550074E-01-0.165314108E-01-0.121681938E-01-0.786336844E-02-0.361348162E-02
 0.586801364E-03 0.474528859E-02 0.887272403E-02 0.129824150E-01 0.170884838E-01
 0.212035790E-01 0.253375793E-01 0.294975720E-01 0.336884056E-01 0.379132775E-01
 0.421741885E-01 0.464722566E-01 0.508079263E-01 0.551811029E-01 0.595912369E-01
 0.640373732E-01 0.685181750E-01 0.730319316E-01 0.775765515E-01 0.821495479E-01
 0.867480160E-01 0.913686054E-01 0.960074892E-01 0.100660331E+00 0.105322249E+00
 0.109987786E+00 0.114650875E+00 0.119304815E+00 0.123942248E+00 0.128555151E+00
 0.133134829E+00 0.137671934E+00 0.142156491E+00 0.146577946E+00 0.150925235E+00
 0.155186875E+00 0.159351072E+00 0.163405864E+00 0.167339266E+00 0.171139449E+00
 0.174794920E+00 0.178294716E+00 0.181628595E+00 0.184787225E+00 0.187762356E+00
 0.190546980E+00 0.193135459E+00 0.195523627E+00 0.197708859E+00 0.199690099E+00
 0.201467860E+00 0.203044175E+00 0.204422526E+00 0.205607736E+00 0.206605831E+00
 0.207423895E+00 0.208069899E+00 0.208552525E+00 0.208880997E+00 0.209064911E+00
 0.209114070E+00-0.135644930E+00-0.140792258E+00-0.146157621E+00-0.151787437E+00
-0.157743669E+00-0.164110277E+00-0.171007142E+00-0.178631103E+00-0.186435311E+00
-0.192925395E+00-0.198287750E+00-0.202326586E+00-0.204917370E+00-0.206239553E+00
-0.206138334E+00-0.204677447E+00-0.201953065E+00-0.199068356E+00-0.196335725E+00
-0.193846323E+00-0.191630583E+00-0.189664033E+00-0.187891378E+00-0.186243120E+00
-0.184646532E+00-0.183033832E+00-0.181346753E+00-0.179537504E+00-0.177567586E+00
-0.175405939E+00-0.173027220E+00-0.170410530E+00-0.167538639E+00-0.164397712E+00
-0.160977558E+00-0.157272440E+00-0.153282498E+00-0.149015781E+00-0.144490617E+00
-0.139737452E+00-0.134798468E+00-0.129723365E+00-0.124561999E+00-0.119357398E+00
-0.114142214E+00-0.108938667E+00-0.103760298E+00-0.986141375E-01-0.935026054E-01
-0.884249983E-01-0.833785810E-01-0.783593892E-01-0.733628438E-01-0.683842815E-01
-0.634195224E-01-0.584656758E-01-0.535226042E-01-0.485959526E-01-0.437018718E-01
-0.388647594E-01-0.341033666E-01-0.294266890E-01-0.248382223E-01-0.203389533E-01
-0.159286936E-01-0.116066173E-01-0.737137243E-02-0.322083821E-02 0.848620171E-03
 0.484390809E-02 0.877904298E-02 0.126798557E-01 0.165773883E-01 0.204930417E-01
 0.244377596E-01 0.284168689E-01 0.324328833E-01 0.364867896E-01 0.405786664E-01
 0.447080044E-01 0.488738789E-01 0.530750425E-01 0.573099721E-01 0.615768888E-01
 0.658737584E-01 0.701982826E-01 0.745478811E-01 0.789196692E-01 0.833104329E-01
 0.877166011E-01 0.921342180E-01 0.965589157E-01 0.100985888E+00 0.105409865E+00
 0.109825097E+00 0.114225335E+00 0.118603827E+00 0.122953311E+00 0.127266031E+00
 0.131533750E+00 0.135747791E+00 0.139899077E+00 0.143978193E+00 0.147975468E+00
 0.151881061E+00 0.155685070E+00 0.159377653E+00 0.162949151E+00 0.166390233E+00
 0.169692031E+00 0.172846281E+00 0.175845458E+00 0.178682903E+00 0.181352933E+00
 0.183850937E+00 0.186173445E+00 0.188318183E+00 0.190284094E+00 0.192071336E+00
 0.193681258E+00 0.195116345E+00 0.196380148E+00 0.197477191E+00 0.198412866E+00
 0.199193312E+00 0.199825295E+00 0.200316076E+00 0.200673293E+00 0.200904832E+00
-0.132009103E+00-0.137038080E+00-0.142276701E+00-0.147758977E+00-0.153526128E+00
-0.159626341E+00-0.166110714E+00-0.173012703E+00-0.180291409E+00-0.187652338E+00
-0.194138799E+00-0.199349513E+00-0.203335575E+00-0.206299647E+00-0.207392082E+00
-0.207387872E+00-0.206139121E+00-0.203382796E+00-0.199899687E+00-0.197020477E+00
-0.194791248E+00-0.193056717E+00-0.191678416E+00-0.190509879E+00-0.189409573E+00
-0.188264296E+00-0.186993967E+00-0.185543141E+00-0.183871966E+00-0.181949983E+00
-0.179752302E+00-0.177257310E+00-0.174445390E+00-0.171298368E+00-0.167799628E+00
-0.163935010E+00-0.159694842E+00-0.155077794E+00-0.150097597E+00-0.144793366E+00
-0.139239564E+00-0.133539650E+00-0.127793917E+00-0.122072388E+00-0.116413748E+00
-0.110835227E+00-0.105341268E+00-0.999290704E-01-0.945918301E-01-0.893206123E-01
-0.841054037E-01-0.789356938E-01-0.738007718E-01-0.686898522E-01-0.635920778E-01
-0.584963929E-01-0.533911144E-01-0.482621235E-01-0.430808497E-01-0.380800580E-01
-0.331848026E-01-0.284123272E-01-0.238088373E-01-0.192905988E-01-0.148821338E-01
-0.106367426E-01-0.647175098E-02-0.241568532E-02 0.147139997E-02 0.527017837E-02
 0.894310678E-02 0.124673769E-01 0.160904073E-01 0.197750779E-01 0.235149906E-01
 0.273059859E-01 0.311446505E-01 0.350279373E-01 0.389530218E-01 0.429172239E-01
 0.469179526E-01 0.509526565E-01 0.550187786E-01 0.591137129E-01 0.632347628E-01
 0.673791018E-01 0.715437360E-01 0.757254689E-01 0.799208683E-01 0.841262356E-01
 0.883375777E-01 0.925505812E-01 0.967605911E-01 0.100962592E+00 0.105151195E+00
 0.109320629E+00 0.113464740E+00 0.117576992E+00 0.121650488E+00 0.125677984E+00
 0.129651926E+00 0.133564493E+00 0.137407646E+00 0.141173196E+00 0.144852875E+00
 0.148438423E+00 0.151921680E+00 0.155294679E+00 0.158549757E+00 0.161679653E+00
 0.164677612E+00 0.167537486E+00 0.170253825E+00 0.172821956E+00 0.175238054E+00
 0.177499195E+00 0.179603393E+00 0.181549618E+00 0.183337796E+00 0.184968796E+00
 0.186444391E+00 0.187767208E+00 0.188940667E+00 0.189968904E+00 0.190856684E+00
 0.191609317E+00 0.192232559E+00 0.192732521E+00 0.193115578E+00-0.128011044E+00
-0.132831868E+00-0.137832005E+00-0.143030447E+00-0.148446625E+00-0.154097670E+00
-0.159993490E+00-0.166129832E+00-0.172483053E+00-0.179013048E+00-0.185671563E+00
-0.192208682E+00-0.197475177E+00-0.201539628E+00-0.204210971E+00-0.205514080E+00
-0.205352570E+00-0.203584677E+00-0.200486413E+00-0.197880235E+00-0.196125689E+00
-0.195102180E+00-0.194674380E+00-0.194542046E+00-0.194337315E+00-0.193923665E+00
-0.193248034E+00-0.192281384E+00-0.191003464E+00-0.189397068E+00-0.187445318E+00
-0.185130187E+00-0.182431600E+00-0.179326843E+00-0.175790191E+00-0.171792826E+00
-0.167303309E+00-0.162289347E+00-0.156722929E+00-0.150596591E+00-0.143992773E+00
-0.137268258E+00-0.130701582E+00-0.124346564E+00-0.118199618E+00-0.112242004E+00
-0.106450919E+00-0.100803291E+00-0.952771387E-01-0.898519465E-01-0.845086037E-01
-0.792291395E-01-0.739963475E-01-0.687933198E-01-0.636028564E-01-0.584066424E-01
-0.531839805E-01-0.479098884E-01-0.425730692E-01-0.374272172E-01-0.324482410E-01
-0.276372483E-01-0.230037348E-01-0.184980380E-01-0.141351264E-01-0.993616945E-02
-0.585950702E-02-0.192919772E-02 0.182282563E-02 0.542748738E-02 0.884468170E-02
 0.121088157E-01 0.154877574E-01 0.189599355E-01 0.225093192E-01 0.261244874E-01
 0.297969079E-01 0.335198779E-01 0.372879069E-01 0.410963344E-01 0.449410745E-01
 0.488184343E-01 0.527249770E-01 0.566574164E-01 0.606125317E-01 0.645870986E-01
 0.685778316E-01 0.725813357E-01 0.765940655E-01 0.806122902E-01 0.846320638E-01
 0.886492011E-01 0.926592573E-01 0.966575132E-01 0.100638966E+00 0.104598322E+00
 0.108530004E+00 0.112428151E+00 0.116286639E+00 0.120099100E+00 0.123858952E+00
 0.127559436E+00 0.131193661E+00 0.134754655E+00 0.138235429E+00 0.141629039E+00
 0.144928658E+00 0.148127655E+00 0.151219669E+00 0.154198688E+00 0.157059128E+00
 0.159795903E+00 0.162404497E+00 0.164881019E+00 0.167222258E+00 0.169425720E+00
 0.171489659E+00 0.173413088E+00 0.175195785E+00 0.176838278E+00 0.178341824E+00
 0.179708375E+00 0.180940528E+00 0.182041478E+00 0.183014947E+00 0.183865131E+00
 0.184596617E+00 0.185214326E+00 0.185723431E+00-0.123706819E+00-0.128263031E+00
-0.132961889E+00-0.137811278E+00-0.142817236E+00-0.147982233E+00-0.153303086E+00
-0.158769064E+00-0.164361042E+00-0.170052401E+00-0.175811389E+00-0.181603816E+00
-0.187399201E+00-0.192909170E+00-0.196777476E+00-0.199315408E+00-0.200352993E+00
-0.199633094E+00-0.197430886E+00-0.195674396E+00-0.194821923E+00-0.194888707E+00
-0.195965238E+00-0.197573184E+00-0.198541540E+00-0.198997810E+00-0.199001815E+00
-0.198583438E+00-0.197755773E+00-0.196519751E+00-0.194866073E+00-0.192777541E+00
-0.190233182E+00-0.187209981E+00-0.183678919E+00-0.179599875E+00-0.174918016E+00
-0.169559509E+00-0.163423312E+00-0.156361931E+00-0.148130709E+00-0.140023899E+00
-0.132594601E+00-0.125661140E+00-0.119111612E+00-0.112867377E+00-0.106869111E+00
-0.101070180E+00-0.954327684E-01-0.899253296E-01-0.845207645E-01-0.791950463E-01
-0.739261138E-01-0.686929189E-01-0.634745559E-01-0.582494446E-01-0.529946269E-01
-0.476853842E-01-0.423222759E-01-0.371461246E-01-0.321606910E-01-0.273617566E-01
-0.227464665E-01-0.182835234E-01-0.139800173E-01-0.984453244E-02-0.585588405E-02
-0.203200094E-02 0.160691825E-02 0.507078504E-02 0.832922191E-02 0.114383671E-01
 0.146542440E-01 0.179687492E-01 0.213668660E-01 0.248359949E-01 0.283658297E-01
 0.319479741E-01 0.355755230E-01 0.392426942E-01 0.429445327E-01 0.466766779E-01
 0.504351842E-01 0.542163821E-01 0.580167689E-01 0.618329232E-01 0.656614364E-01
 0.694988572E-01 0.733416472E-01 0.771861441E-01 0.810285329E-01 0.848648221E-01
 0.886908262E-01 0.925021533E-01 0.962941976E-01 0.100062137E+00 0.103800937E+00
 0.107505358E+00 0.111169970E+00 0.114789174E+00 0.118357225E+00 0.121868266E+00
 0.125316367E+00 0.128695563E+00 0.131999907E+00 0.135223521E+00 0.138360650E+00
 0.141405722E+00 0.144353410E+00 0.147198685E+00 0.149936881E+00 0.152563746E+00
 0.155075494E+00 0.157468849E+00 0.159741086E+00 0.161890058E+00 0.163914219E+00
 0.165812633E+00 0.167584984E+00 0.169231559E+00 0.170753240E+00 0.172151475E+00
 0.173428246E+00 0.174586031E+00 0.175627759E+00 0.176556759E+00 0.177376713E+00
 0.178091598E+00 0.178705635E+00-0.119178802E+00-0.123443003E+00-0.127815118E+00
-0.132296112E+00-0.136884733E+00-0.141576570E+00-0.146363123E+00-0.151231027E+00
-0.156161660E+00-0.161131190E+00-0.166110929E+00-0.171067698E+00-0.175963829E+00
-0.180756618E+00-0.185416521E+00-0.189313455E+00-0.191680162E+00-0.192106953E+00
-0.191016223E+00-0.190257055E+00-0.190330743E+00-0.191298609E+00-0.193280820E+00
-0.195744102E+00-0.197429053E+00-0.198458790E+00-0.198923550E+00-0.198881887E+00
-0.198367565E+00-0.197395378E+00-0.195965042E+00-0.194064884E+00-0.191676529E+00
-0.188776740E+00-0.185333398E+00-0.181299756E+00-0.176609309E+00-0.171169339E+00
-0.164851375E+00-0.157479484E+00-0.148824167E+00-0.140303722E+00-0.132567705E+00
-0.125431845E+00-0.118756326E+00-0.112438441E+00-0.106402206E+00-0.100590033E+00
-0.949569427E-01-0.894666406E-01-0.840888327E-01-0.787973049E-01-0.735684775E-01
-0.683802371E-01-0.632109252E-01-0.580384282E-01-0.528394081E-01-0.475888731E-01
-0.422866989E-01-0.371749353E-01-0.322557864E-01-0.275255272E-01-0.229819899E-01
-0.185926591E-01-0.143652051E-01-0.103089884E-01-0.640160996E-02-0.266161288E-02
 0.889971694E-03 0.426428055E-02 0.743028534E-02 0.104431319E-01 0.135600695E-01
 0.167723411E-01 0.200648320E-01 0.234248557E-01 0.268420278E-01 0.303078800E-01
 0.338154422E-01 0.373588756E-01 0.409331785E-01 0.445339566E-01 0.481572454E-01
 0.517993742E-01 0.554568597E-01 0.591263235E-01 0.628044264E-01 0.664878168E-01
 0.701730892E-01 0.738567512E-01 0.775351976E-01 0.812046906E-01 0.848613453E-01
 0.885011198E-01 0.921198107E-01 0.957130524E-01 0.992763218E-01 0.102804947E+00
 0.106294119E+00 0.109738914E+00 0.113134312E+00 0.116475224E+00 0.119756527E+00
 0.122973093E+00 0.126119836E+00 0.129191746E+00 0.132183936E+00 0.135091690E+00
 0.137910504E+00 0.140636136E+00 0.143264650E+00 0.145792454E+00 0.148216344E+00
 0.150533535E+00 0.152741690E+00 0.154838943E+00 0.156823920E+00 0.158695741E+00
 0.160454030E+00 0.162098904E+00 0.163630969E+00 0.165051295E+00 0.166361399E+00
 0.167563211E+00 0.168659044E+00 0.169651559E+00 0.170543719E+00 0.171338759E+00
 0.172040134E+00
 0.117742448E+01 0.118273188E+01 0.118777155E+01 0.119402398E+01 0.120050307E+01
 0.120712194E+01 0.121534179E+01 0.122155411E+01 0.122849517E+01 0.123511857E+01
 0.124212590E+01 0.124859732E+01 0.125599328E+01 0.126267178E+01 0.126983385E+01
 0.127678342E+01 0.128422261E+01 0.129144535E+01 0.129865080E+01 0.130591040E+01
 0.131346538E+01 0.132099701E+01 0.132853886E+01 0.133619347E+01 0.134386429E+01
 0.135164450E+01 0.135970614E+01 0.136759380E+01 0.137565206E+01 0.138368599E+01
 0.139195567E+01 0.140036233E+01 0.140880231E+01 0.141722544E+01 0.142586534E+01
 0.143453811E+01 0.144336794E+01 0.145235121E+01 0.146141183E+01 0.147053875E+01
 0.147980126E+01 0.148913900E+01 0.149869273E+01 0.150839936E+01 0.151816356E+01
 0.152805648E+01 0.153807786E+01 0.154827335E+01 0.155860251E+01 0.156911261E+01
 0.157976628E+01 0.159056433E+01 0.160152587E+01 0.161263249E+01 0.162391346E+01
 0.163540976E+01 0.164709379E+01 0.165896451E+01 0.167101785E+01 0.168323123E+01
 0.169567642E+01 0.170833447E+01 0.172125013E+01 0.173438365E+01 0.174773142E+01
 0.176131356E+01 0.177514561E+01 0.178925055E+01 0.180360751E+01 0.181826731E+01
 0.183322097E+01 0.184844103E+01 0.186397756E+01 0.187983983E+01 0.189602666E+01
 0.191254628E+01 0.192946104E+01 0.194672737E+01 0.196436135E+01 0.198242568E+01
 0.200090954E+01 0.201978678E+01 0.203916951E+01 0.205901917E+01 0.207934794E+01
 0.210020811E+01 0.212164036E+01 0.214358612E+01 0.216614959E+01 0.218936917E+01
 0.221322628E+01 0.223777166E+01 0.226311819E+01 0.228916209E+01 0.231603705E+01
 0.234380133E+01 0.237246353E+01 0.240210584E+01 0.243288163E+01 0.246465913E+01
 0.249764620E+01 0.253190814E+01 0.256746871E+01 0.260464697E+01 0.264339503E+01
 0.268375915E+01 0.272610816E+01 0.277042092E+01 0.281707152E+01 0.286640798E+01
 0.291831537E+01 0.297354999E+01 0.303207662E+01 0.309490499E+01 0.316240924E+01
 0.323480556E+01 0.331353101E+01 0.339933618E+01 0.349452965E+01 0.359958726E+01
 0.371815028E+01 0.385399261E+01 0.401235564E+01 0.420164695E+01 0.443490914E+01
 0.473798173E+01 0.516350641E+01 0.590221057E+01 0.106780227E+02
   85    6
 0.125907234E+01 0.000000000E+00 0.126045113E+01 0.750000000E-01 0.126452726E+01
 0.150000000E+00 0.126857112E+01 0.200000000E+00 0.127675657E+01 0.275000000E+00
 0.128331255E+01 0.325000000E+00 0.129156250E+01 0.380122644E+00 0.130325654E+01
 0.450000000E+00 0.131233289E+01 0.500000000E+00 0.132194234E+01 0.550000000E+00
 0.133197359E+01 0.600000000E+00 0.134468750E+01 0.662300543E+00 0.135927968E+01
 0.727961856E+00 0.137309049E+01 0.725000000E+00 0.141109375E+01 0.718503435E+00
 0.145093750E+01 0.708904409E+00 0.148185475E+01 0.700000000E+00 0.151734375E+01
 0.689688018E+00 0.155718750E+01 0.675709819E+00 0.158375000E+01 0.665781676E+00
 0.162076299E+01 0.650000000E+00 0.165015625E+01 0.636925163E+00 0.167671875E+01
 0.623699125E+00 0.171656250E+01 0.602683778E+00 0.174312500E+01 0.587518321E+00
 0.176968750E+01 0.571166174E+00 0.180189802E+01 0.550000000E+00 0.183609375E+01
 0.525910345E+00 0.186265625E+01 0.505664476E+00 0.188921875E+01 0.483916979E+00
 0.191578125E+01 0.460543854E+00 0.194234375E+01 0.435325067E+00 0.196890625E+01
 0.407920914E+00 0.199546875E+01 0.377815956E+00 0.201759704E+01 0.350000000E+00
 0.203588713E+01 0.325000000E+00 0.206187500E+01 0.284554983E+00 0.208112140E+01
 0.250000000E+00 0.210171875E+01 0.205844902E+00 0.211500000E+01 0.170961048E+00
 0.212896373E+01 0.125000000E+00 0.214156250E+01 0.549988300E-01 0.214473564E+01
 0.000000000E+00 0.214156250E+01-0.543806107E-01 0.212879209E+01-0.125000000E+00
 0.211500000E+01-0.170338658E+00 0.210171875E+01-0.205312977E+00 0.208089527E+01
-0.250000000E+00 0.206187500E+01-0.284220321E+00 0.203575462E+01-0.325000000E+00
 0.201753184E+01-0.350000000E+00 0.199546875E+01-0.377860012E+00 0.196890625E+01
-0.408123300E+00 0.194234375E+01-0.435687312E+00 0.191578125E+01-0.461068101E+00
 0.188921875E+01-0.484606292E+00 0.186265625E+01-0.506522571E+00 0.183609375E+01
-0.526942510E+00 0.180365380E+01-0.550000000E+00 0.176968750E+01-0.572543684E+00
 0.174312500E+01-0.589077829E+00 0.171656250E+01-0.604455798E+00 0.167806487E+01
-0.625000000E+00 0.165015625E+01-0.639035625E+00 0.162359375E+01-0.651128869E+00
 0.158375000E+01-0.668043538E+00 0.155718750E+01-0.678155987E+00 0.151734375E+01
-0.692039625E+00 0.149038339E+01-0.700000000E+00 0.145093750E+01-0.711253558E+00
 0.141109375E+01-0.720327177E+00 0.136025209E+01-0.731744586E+00 0.134937811E+01
-0.675000000E+00 0.133805657E+01-0.625000000E+00 0.132748650E+01-0.575000000E+00
 0.131748366E+01-0.525000000E+00 0.130484375E+01-0.458027123E+00 0.129490572E+01
-0.400000000E+00 0.128708156E+01-0.350000000E+00 0.127828125E+01-0.286563494E+00
 0.127110666E+01-0.225000000E+00 0.126500000E+01-0.155748825E+00 0.126154986E+01
-0.100000000E+00 0.125923116E+01-0.250000000E-01 0.125907234E+01 0.000000000E+00
 0.219119676E+01 0.782235570E+00 0.120880324E+01 0.782235570E+00 0.120880324E+01
-0.782235570E+00 0.219119676E+01-0.782235570E+00 0.219119676E+01 0.782235570E+00
 0.219119676E+01 0.782235570E+00
    0 0.170000005E+01    0
 0.000000000E+00 0.665249645E-01 0.943558216E-01 0.115791726E+00 0.133945584E+00
 0.150008523E+00 0.163767741E+00 0.177190263E+00 0.189877500E+00 0.201867615E+00
 0.213108997E+00 0.223921114E+00 0.234360907E+00 0.244318516E+00 0.253942356E+00
 0.263268551E+00 0.272380226E+00 0.281241099E+00 0.289796134E+00 0.298192720E+00
 0.306443548E+00 0.314527697E+00 0.322410881E+00 0.330141663E+00 0.337757733E+00
 0.345257740E+00 0.352663349E+00 0.359927510E+00 0.367066007E+00 0.374141022E+00
 0.381119682E+00 0.388019280E+00 0.394850166E+00 0.401589506E+00 0.408237467E+00
 0.414834820E+00 0.421370072E+00 0.427863863E+00 0.434293169E+00 0.440647596E+00
 0.446948256E+00 0.453215449E+00 0.459430163E+00 0.465613778E+00 0.471766053E+00
 0.477847816E+00 0.483891368E+00 0.489909487E+00 0.495901767E+00 0.501857540E+00
 0.507794890E+00 0.513686454E+00 0.519545325E+00 0.525390710E+00 0.531210977E+00
 0.536999661E+00 0.542783883E+00 0.548549988E+00 0.554274400E+00 0.559989138E+00
 0.565694393E+00 0.571383727E+00 0.577052605E+00 0.582721647E+00 0.588371510E+00
 0.594000272E+00 0.599636695E+00 0.605254184E+00 0.610860657E+00 0.616469933E+00
 0.622080964E+00 0.627672523E+00 0.633263406E+00 0.638860056E+00 0.644446402E+00
 0.650032357E+00 0.655629639E+00 0.661223820E+00 0.666809449E+00 0.672416085E+00
 0.678024088E+00 0.683625009E+00 0.689246362E+00 0.694875024E+00 0.700505301E+00
 0.706150444E+00 0.711816650E+00 0.717479236E+00 0.723162931E+00 0.728864716E+00
 0.734579312E+00 0.740308892E+00 0.746074086E+00 0.751843693E+00 0.757637839E+00
 0.763460233E+00 0.769304677E+00 0.775174667E+00 0.781090438E+00 0.787019864E+00
 0.792986323E+00 0.798989972E+00 0.805020427E+00 0.811109929E+00 0.817240324E+00
 0.823403295E+00 0.829626032E+00 0.835889997E+00 0.842212497E+00 0.848614484E+00
 0.855057451E+00 0.861585997E+00 0.868169566E+00 0.874854887E+00 0.881634881E+00
 0.888489681E+00 0.895463427E+00 0.902546123E+00 0.909795368E+00 0.917160290E+00
 0.924700357E+00 0.932450649E+00 0.940432362E+00 0.948690370E+00 0.957292603E+00
 0.966346614E+00 0.975983817E+00 0.986657157E+00 0.100000000E+01
    0
 &OUT1
 ISHOT =            1
 ITIME =            1
 BETAP0 =   0.5000000000000000     
 RZERO =    1.700000000000000     
 QENP =   0.9499999880790710     
 ENP =    1.000000000000000     
 EMP =    1.000000000000000     
 PLASMA =    627927.2358394854     
 EXPMP2 =   0.3008807554075985        0.3039290258619023      
   0.2895336767739174       -0.1031096562303963       -0.1636719266578257      
  -0.1537306625849860       -0.1388022846965880       -3.1703511941603563E-002 
   0.1170631126267196        0.2171774846137637        0.3123492394123428      
   0.2280356735039238        0.2033199926682897        0.1813368809242540      
   0.1714785370608277        0.3046711431817905        0.2913317291605265      
  -9.9457163832478351E-002  -0.1620072461566434       -0.1523115372880997      
  -0.1327783161364330       -5.6611604438024925E-002  -1.8671614959664160E-002 
   0.1407666524287256        0.2781316386577314        0.3093049241664985      
   0.2312443754530445        0.2067373745638796        0.1804766126276265      
  -0.1459191132755182       -8.4406707573236858E-002  -1.9419987307825459E-002 
   0.1172427394528877        0.1448622124883799        0.2343692173183585      
   0.2882488486563453        0.2228621345639074        0.1989491187886281      
   0.1814358463861505        0.1696827777136824        0.1815147475695275      
   0.2041300322736788        0.2306752282981083        0.2947308457636206      
   0.2732001204924869        0.1413518760803088       -1.8519100244810488E-002 
  -5.1472020772849771E-002  -0.1307352495242178       -0.1515263816765594      
  -0.1599633012274973       -9.3193172748692529E-002   0.2897156049450317      
   0.3043242518103306        0.3005154463131899        0.3035401345849189      
   0.2906938414177778       -9.0373339279943524E-002  -0.1601334409485060      
  -0.1595410687673053        8.7951666259279804E-002   0.1009257628588344      
   2.6526254550903398E-002   3.3484928452450539E-002  -0.1637459801552331      
  -0.1449043017538683       -0.1930972523411067       -0.2287081239727582      
  -0.1789294565180298       -0.1136758888454311       -0.1314798476213542      
   5.2280652688461333E-002  -0.1255380593697502       -3.7574544426725628E-002 
  -2.0421909650646171E-002  -1.0552762323403440E-002
 COILS =  -4.0783938945571419E-002  -2.1876247822771984E-002 
   0.1121712596579703        0.1765290804375760        0.1944269380741767      
  -0.1487253510982280       -0.3143168151595656        0.1857128870247809      
   1.5784758030760793E-002  -4.0975195123666777E-002  -2.1569844239030175E-002 
   0.1131193437677784        0.1746807917913656        0.1909331864118343      
  -0.1498241712594735       -0.3159825648538848        0.1821687468744772      
   2.3920551323564999E-002  -3.1767859477304421E-002  -2.7537571484667300E-002 
   4.8824897716665643E-002   0.1470817941397581        0.1729675987525836      
   0.1832945653686449        1.4110534054750152E-002  -0.2565855217405072      
  -0.2459105223831670       -0.1837555041464052       -0.1480868174331307      
  -2.7474481464481920E-002   4.7354529324569898E-002   0.1457437421461001      
   0.1707926485749266        0.1788063657428420       -3.1216150578897810E-002 
  -0.2571915199651065       -0.2409866076324493       -0.1853689767760311      
  -0.1487895165250642        0.1242229880342208        5.9784126209432541E-002 
   0.1032910705003880        4.7117781269062457E-002  -1.0699097551579264E-002
 BTOR =    2.000000000000000     
 RCENTR =    1.700000000000000     
 BRSP =   -132447.2301025391        -208975.4957885742      
    174717.0971679688         251403.9357299805         192443.5628662109      
   -77653.88084411621        -320796.9474563599         168123.9635620117      
   -20664.42196655273        -133853.0175170898        -208224.2514038086      
    181749.2459716797         245768.2519531250         183455.6607666016      
   -77753.66449737549        -325330.1923599243         160788.3514404297      
   -7494.929656982422         0.000000000000000         0.000000000000000      
    0.000000000000000         0.000000000000000         0.000000000000000      
    0.000000000000000         0.000000000000000         0.000000000000000      
    0.000000000000000         0.000000000000000         0.000000000000000      
    0.000000000000000         0.000000000000000         0.000000000000000      
    0.000000000000000         0.000000000000000         0.000000000000000      
    0.000000000000000         0.000000000000000         0.000000000000000      
    0.000000000000000         0.000000000000000         0.000000000000000      
    0.000000000000000         0.000000000000000         0.000000000000000      
    0.000000000000000         0.000000000000000         0.000000000000000      
    0.000000000000000         0.000000000000000         0.000000000000000      
    0.000000000000000         0.000000000000000         0.000000000000000      
    0.000000000000000         0.000000000000000         0.000000000000000      
    0.000000000000000         0.000000000000000         0.000000000000000      
    0.000000000000000         0.000000000000000         0.000000000000000      
    0.000000000000000         0.000000000000000         0.000000000000000      
    0.000000000000000         0.000000000000000         0.000000000000000      
    0.000000000000000         0.000000000000000         0.000000000000000      
    0.000000000000000         0.000000000000000         0.000000000000000      
    0.000000000000000         0.000000000000000         0.000000000000000      
    0.000000000000000         0.000000000000000         0.000000000000000      
    0.000000000000000         0.000000000000000         0.000000000000000      
    0.000000000000000         0.000000000000000         0.000000000000000      
    0.000000000000000         0.000000000000000         0.000000000000000      
    0.000000000000000         0.000000000000000         0.000000000000000      
    0.000000000000000         0.000000000000000         0.000000000000000      
    0.000000000000000         0.000000000000000         0.000000000000000      
    0.000000000000000         0.000000000000000         0.000000000000000      
    0.000000000000000         0.000000000000000         0.000000000000000      
    0.000000000000000         0.000000000000000         0.000000000000000      
    0.000000000000000         0.000000000000000         0.000000000000000      
    0.000000000000000         0.000000000000000         0.000000000000000      
    0.000000000000000         0.000000000000000         0.000000000000000      
    0.000000000000000         0.000000000000000         0.000000000000000      
    0.000000000000000         0.000000000000000         0.000000000000000      
    0.000000000000000         0.000000000000000         0.000000000000000      
    0.000000000000000         0.000000000000000         0.000000000000000      
    0.000000000000000         0.000000000000000         0.000000000000000      
    0.000000000000000         0.000000000000000         0.000000000000000      
    0.000000000000000         0.000000000000000         0.000000000000000      
    0.000000000000000         0.000000000000000         0.000000000000000      
    0.000000000000000         0.000000000000000         0.000000000000000      
    0.000000000000000         0.000000000000000         0.000000000000000      
    0.000000000000000         0.000000000000000         0.000000000000000      
    0.000000000000000         0.000000000000000         0.000000000000000      
    0.000000000000000         0.000000000000000         0.000000000000000      
    0.000000000000000         0.000000000000000         0.000000000000000      
    0.000000000000000         0.000000000000000         0.000000000000000      
    0.000000000000000         0.000000000000000         0.000000000000000      
    0.000000000000000         0.000000000000000         0.000000000000000      
    0.000000000000000         0.000000000000000         0.000000000000000      
    0.000000000000000         0.000000000000000         0.000000000000000      
    0.000000000000000         0.000000000000000         0.000000000000000      
    0.000000000000000         0.000000000000000         0.000000000000000      
    0.000000000000000         0.000000000000000         0.000000000000000      
    0.000000000000000         0.000000000000000         0.000000000000000      
    0.000000000000000         0.000000000000000         0.000000000000000      
    0.000000000000000         0.000000000000000         0.000000000000000      
    0.000000000000000         0.000000000000000         0.000000000000000      
    0.000000000000000         0.000000000000000         0.000000000000000      
    0.000000000000000         0.000000000000000         0.000000000000000      
    0.000000000000000         0.000000000000000         0.000000000000000      
    0.000000000000000         0.000000000000000         0.000000000000000      
    0.000000000000000         0.000000000000000         0.000000000000000      
    0.000000000000000         0.000000000000000         0.000000000000000      
    0.000000000000000         0.000000000000000         0.000000000000000      
    0.000000000000000         0.000000000000000         0.000000000000000      
    0.000000000000000         0.000000000000000         0.000000000000000      
    0.000000000000000         0.000000000000000         0.000000000000000      
    0.000000000000000         0.000000000000000         0.000000000000000      
    0.000000000000000         0.000000000000000         0.000000000000000      
    0.000000000000000         0.000000000000000         0.000000000000000      
    0.000000000000000         0.000000000000000         0.000000000000000      
    0.000000000000000         0.000000000000000         0.000000000000000      
    0.000000000000000         0.000000000000000         0.000000000000000      
    0.000000000000000         0.000000000000000         0.000000000000000      
    0.000000000000000         0.000000000000000         0.000000000000000      
    0.000000000000000         0.000000000000000         0.000000000000000      
    0.000000000000000         0.000000000000000         0.000000000000000      
    0.000000000000000         0.000000000000000         0.000000000000000      
    0.000000000000000         0.000000000000000         0.000000000000000      
    0.000000000000000         0.000000000000000         0.000000000000000      
    0.000000000000000         0.000000000000000         0.000000000000000      
    0.000000000000000         0.000000000000000         0.000000000000000      
    0.000000000000000         0.000000000000000         0.000000000000000      
    0.000000000000000         0.000000000000000         0.000000000000000      
    0.000000000000000         0.000000000000000         0.000000000000000      
    0.000000000000000         0.000000000000000         0.000000000000000      
    0.000000000000000         0.000000000000000         0.000000000000000      
    0.000000000000000         0.000000000000000         0.000000000000000      
    0.000000000000000         0.000000000000000         0.000000000000000      
    0.000000000000000         0.000000000000000         0.000000000000000      
    0.000000000000000         0.000000000000000         0.000000000000000      
    0.000000000000000         0.000000000000000         0.000000000000000      
    0.000000000000000         0.000000000000000         0.000000000000000      
    0.000000000000000         0.000000000000000         0.000000000000000      
    0.000000000000000         0.000000000000000         0.000000000000000      
    0.000000000000000         0.000000000000000         0.000000000000000      
    0.000000000000000         0.000000000000000         0.000000000000000      
    0.000000000000000         0.000000000000000         0.000000000000000      
    0.000000000000000         0.000000000000000         0.000000000000000      
    0.000000000000000         0.000000000000000         0.000000000000000      
    0.000000000000000         0.000000000000000         0.000000000000000      
    0.000000000000000         0.000000000000000         0.000000000000000      
    0.000000000000000         0.000000000000000         0.000000000000000      
    0.000000000000000         0.000000000000000         0.000000000000000      
    0.000000000000000         0.000000000000000         0.000000000000000      
    0.000000000000000         0.000000000000000         0.000000000000000      
    0.000000000000000         0.000000000000000         0.000000000000000      
    0.000000000000000         0.000000000000000         0.000000000000000      
    0.000000000000000         0.000000000000000         0.000000000000000      
    0.000000000000000         0.000000000000000         0.000000000000000      
    0.000000000000000         0.000000000000000         0.000000000000000      
    0.000000000000000         0.000000000000000         0.000000000000000      
    0.000000000000000         0.000000000000000         0.000000000000000      
    0.000000000000000         0.000000000000000         0.000000000000000      
    0.000000000000000         0.000000000000000         0.000000000000000      
    0.000000000000000         0.000000000000000         0.000000000000000      
    0.000000000000000         0.000000000000000         0.000000000000000      
    0.000000000000000         0.000000000000000         0.000000000000000      
    0.000000000000000         0.000000000000000         0.000000000000000      
    0.000000000000000         0.000000000000000         0.000000000000000      
    0.000000000000000         0.000000000000000         0.000000000000000      
    0.000000000000000         0.000000000000000         0.000000000000000      
    0.000000000000000         0.000000000000000         0.000000000000000      
    0.000000000000000         0.000000000000000         0.000000000000000      
    0.000000000000000         0.000000000000000         0.000000000000000      
    0.000000000000000         0.000000000000000         0.000000000000000      
    0.000000000000000         0.000000000000000         0.000000000000000      
    0.000000000000000         0.000000000000000         0.000000000000000      
    0.000000000000000         0.000000000000000         0.000000000000000      
    0.000000000000000         0.000000000000000         0.000000000000000      
    0.000000000000000         0.000000000000000         0.000000000000000      
    0.000000000000000         0.000000000000000         0.000000000000000      
    0.000000000000000         0.000000000000000         0.000000000000000      
    0.000000000000000         0.000000000000000         0.000000000000000      
    0.000000000000000         0.000000000000000         0.000000000000000      
    0.000000000000000         0.000000000000000         0.000000000000000      
    0.000000000000000         0.000000000000000         0.000000000000000      
    0.000000000000000         0.000000000000000         0.000000000000000      
    0.000000000000000         0.000000000000000         0.000000000000000      
    0.000000000000000         0.000000000000000         0.000000000000000      
    0.000000000000000         0.000000000000000         0.000000000000000      
    0.000000000000000         0.000000000000000         0.000000000000000      
    0.000000000000000         0.000000000000000         0.000000000000000      
    0.000000000000000         0.000000000000000         0.000000000000000      
    0.000000000000000         0.000000000000000         0.000000000000000      
    0.000000000000000         0.000000000000000         0.000000000000000      
    0.000000000000000         0.000000000000000         0.000000000000000      
    0.000000000000000         0.000000000000000         0.000000000000000      
    0.000000000000000         0.000000000000000         0.000000000000000      
    0.000000000000000         0.000000000000000         0.000000000000000      
    0.000000000000000         0.000000000000000         0.000000000000000      
    0.000000000000000         0.000000000000000         0.000000000000000      
    0.000000000000000         0.000000000000000         0.000000000000000      
    0.000000000000000         0.000000000000000         0.000000000000000      
    0.000000000000000         0.000000000000000         0.000000000000000      
    0.000000000000000         0.000000000000000         0.000000000000000      
    0.000000000000000         0.000000000000000         0.000000000000000      
    0.000000000000000         0.000000000000000         0.000000000000000      
    0.000000000000000         0.000000000000000         0.000000000000000      
    0.000000000000000         0.000000000000000         0.000000000000000      
    0.000000000000000         0.000000000000000         0.000000000000000      
    0.000000000000000         0.000000000000000         0.000000000000000      
    0.000000000000000         0.000000000000000         0.000000000000000      
    0.000000000000000         0.000000000000000         0.000000000000000      
    0.000000000000000         0.000000000000000         0.000000000000000      
    0.000000000000000         0.000000000000000         0.000000000000000      
    0.000000000000000         0.000000000000000         0.000000000000000      
    0.000000000000000         0.000000000000000         0.000000000000000      
    0.000000000000000         0.000000000000000         0.000000000000000      
    0.000000000000000         0.000000000000000         0.000000000000000      
    0.000000000000000         0.000000000000000         0.000000000000000      
    0.000000000000000         0.000000000000000         0.000000000000000      
    0.000000000000000         0.000000000000000         0.000000000000000      
    0.000000000000000         0.000000000000000         0.000000000000000      
    0.000000000000000         0.000000000000000         0.000000000000000      
    0.000000000000000         0.000000000000000         0.000000000000000      
    0.000000000000000         0.000000000000000         0.000000000000000      
    0.000000000000000         0.000000000000000         0.000000000000000      
    0.000000000000000         0.000000000000000         0.000000000000000      
    0.000000000000000         0.000000000000000         0.000000000000000      
    0.000000000000000         0.000000000000000         0.000000000000000      
    0.000000000000000         0.000000000000000         0.000000000000000      
    0.000000000000000         0.000000000000000         0.000000000000000      
    0.000000000000000         0.000000000000000         0.000000000000000      
    0.000000000000000         0.000000000000000         0.000000000000000      
    0.000000000000000         0.000000000000000         0.000000000000000      
    0.000000000000000         0.000000000000000         0.000000000000000      
    0.000000000000000         0.000000000000000         0.000000000000000      
    0.000000000000000         0.000000000000000         0.000000000000000      
    0.000000000000000         0.000000000000000         0.000000000000000      
    0.000000000000000         0.000000000000000         0.000000000000000      
    0.000000000000000         0.000000000000000         0.000000000000000      
    0.000000000000000         0.000000000000000         0.000000000000000      
    0.000000000000000         0.000000000000000         0.000000000000000      
    0.000000000000000         0.000000000000000         0.000000000000000      
    0.000000000000000         0.000000000000000         0.000000000000000     
 ICURRT =            2
 RBDRY =    1.259072344501389         1.260451133429845      
    1.264527255578035         1.268571122302465         1.276756568839966      
    1.283312550576447         1.291562500000000         1.303256544894115      
    1.312332888379961         1.321942338600972         1.331973587094874      
    1.344687500000000         1.359279682692523         1.373090493358585      
    1.411093750000000         1.450937500000000         1.481854748657403      
    1.517343750000000         1.557187500000000         1.583750000000000      
    1.620762994113741         1.650156250000000         1.676718750000000      
    1.716562500000000         1.743125000000000         1.769687500000000      
    1.801898022445126         1.836093750000000         1.862656250000000      
    1.889218750000000         1.915781250000000         1.942343750000000      
    1.968906250000000         1.995468750000000         2.017597039786987      
    2.035887127709748         2.061875000000000         2.081121395462850      
    2.101718750000000         2.115000000000000         2.128963734227631      
    2.141562500000000         2.144735637901817         2.141562500000000      
    2.128792088340404         2.115000000000000         2.101718750000000      
    2.080895270237140         2.061875000000000         2.035754616680952      
    2.017531844272208         1.995468750000000         1.968906250000000      
    1.942343750000000         1.915781250000000         1.889218750000000      
    1.862656250000000         1.836093750000000         1.803653802335861      
    1.769687500000000         1.743125000000000         1.716562500000000      
    1.678064870294318         1.650156250000000         1.623593750000000      
    1.583750000000000         1.557187500000000         1.517343750000000      
    1.490383393801038         1.450937500000000         1.411093750000000      
    1.360252089635332         1.349378108408222         1.338056568336446      
    1.327486498576005         1.317483662284018         1.304843750000000      
    1.294905723585852         1.287081562364311         1.278281250000000      
    1.271106663329277         1.265000000000000         1.261549856007034      
    1.259231161919230         1.259072344501389         0.000000000000000      
    0.000000000000000         0.000000000000000         0.000000000000000      
    0.000000000000000         0.000000000000000         0.000000000000000      
    0.000000000000000         0.000000000000000         0.000000000000000      
    0.000000000000000         0.000000000000000         0.000000000000000      
    0.000000000000000         0.000000000000000         0.000000000000000      
    0.000000000000000         0.000000000000000         0.000000000000000      
    0.000000000000000         0.000000000000000         0.000000000000000      
    0.000000000000000         0.000000000000000         0.000000000000000      
    0.000000000000000         0.000000000000000         0.000000000000000      
    0.000000000000000         0.000000000000000         0.000000000000000      
    0.000000000000000         0.000000000000000         0.000000000000000      
    0.000000000000000         0.000000000000000         0.000000000000000      
    0.000000000000000         0.000000000000000         0.000000000000000      
    0.000000000000000         0.000000000000000         0.000000000000000      
    0.000000000000000         0.000000000000000         0.000000000000000      
    0.000000000000000         0.000000000000000         0.000000000000000      
    0.000000000000000         0.000000000000000         0.000000000000000      
    0.000000000000000         0.000000000000000         0.000000000000000      
    0.000000000000000         0.000000000000000         0.000000000000000      
    0.000000000000000         0.000000000000000         0.000000000000000      
    0.000000000000000         0.000000000000000         0.000000000000000      
    0.000000000000000         0.000000000000000         0.000000000000000      
    0.000000000000000         0.000000000000000         0.000000000000000      
    0.000000000000000         0.000000000000000         0.000000000000000      
    0.000000000000000         0.000000000000000         0.000000000000000      
    0.000000000000000         0.000000000000000         0.000000000000000      
    0.000000000000000         0.000000000000000         0.000000000000000      
    0.000000000000000         0.000000000000000         0.000000000000000      
    0.000000000000000         0.000000000000000         0.000000000000000      
    0.000000000000000         0.000000000000000         0.000000000000000      
    0.000000000000000         0.000000000000000         0.000000000000000      
    0.000000000000000         0.000000000000000         0.000000000000000      
    0.000000000000000         0.000000000000000         0.000000000000000      
    0.000000000000000         0.000000000000000         0.000000000000000      
    0.000000000000000         0.000000000000000         0.000000000000000      
    0.000000000000000         0.000000000000000         0.000000000000000      
    0.000000000000000         0.000000000000000         0.000000000000000      
    0.000000000000000         0.000000000000000         0.000000000000000      
    0.000000000000000         0.000000000000000         0.000000000000000      
    0.000000000000000         0.000000000000000         0.000000000000000      
    0.000000000000000         0.000000000000000         0.000000000000000      
    0.000000000000000         0.000000000000000         0.000000000000000      
    0.000000000000000         0.000000000000000         0.000000000000000      
    0.000000000000000         0.000000000000000         0.000000000000000      
    0.000000000000000         0.000000000000000         0.000000000000000      
    0.000000000000000         0.000000000000000         0.000000000000000      
    0.000000000000000         0.000000000000000         0.000000000000000      
    0.000000000000000         0.000000000000000         0.000000000000000      
    0.000000000000000         0.000000000000000         0.000000000000000      
    0.000000000000000         0.000000000000000         0.000000000000000      
    0.000000000000000         0.000000000000000         0.000000000000000      
    0.000000000000000         0.000000000000000         0.000000000000000      
    0.000000000000000         0.000000000000000         0.000000000000000      
    0.000000000000000         0.000000000000000         0.000000000000000      
    0.000000000000000         0.000000000000000         0.000000000000000      
    0.000000000000000         0.000000000000000         0.000000000000000      
    0.000000000000000         0.000000000000000         0.000000000000000      
    0.000000000000000         0.000000000000000         0.000000000000000      
    0.000000000000000         0.000000000000000         0.000000000000000      
    0.000000000000000         0.000000000000000         0.000000000000000      
    0.000000000000000         0.000000000000000         0.000000000000000      
    0.000000000000000         0.000000000000000         0.000000000000000      
    0.000000000000000         0.000000000000000         0.000000000000000      
    0.000000000000000         0.000000000000000         0.000000000000000      
    0.000000000000000         0.000000000000000         0.000000000000000      
    0.000000000000000         0.000000000000000         0.000000000000000      
    0.000000000000000         0.000000000000000         0.000000000000000      
    0.000000000000000         0.000000000000000         0.000000000000000      
    0.000000000000000         0.000000000000000         0.000000000000000      
    0.000000000000000         0.000000000000000         0.000000000000000      
    0.000000000000000         0.000000000000000         0.000000000000000      
    0.000000000000000     
 ZBDRY =    0.000000000000000        7.4999999999999956E-002 
   0.1499999999999999        0.2000000000000000        0.2749999999999999      
   0.3250000000000000        0.3801226442968927        0.4500000000000002      
   0.5000000000000000        0.5499999999999998        0.6000000000000001      
   0.6623005432550734        0.7279618562197324        0.7250000000000001      
   0.7185034352756248        0.7089044085843962        0.7000000000000002      
   0.6896880181844804        0.6757098193685300        0.6657816760234212      
   0.6499999999999999        0.6369251628489153        0.6236991250957205      
   0.6026837779468739        0.5875183206617283        0.5711661738915647      
   0.5499999999999998        0.5259103453938684        0.5056644762422785      
   0.4839169792482819        0.4605438537128591        0.4353250667238472      
   0.4079209135427718        0.3778159557966655        0.3500000000000001      
   0.3250000000000000        0.2845549830119418        0.2500000000000000      
   0.2058449023555826        0.1709610482708891        0.1250000000000000      
   5.4998829984062511E-002    0.000000000000000       -5.4380610736422599E-002 
  -0.1250000000000000       -0.1703386580905468       -0.2053129766422878      
  -0.2500000000000000       -0.2842203211830941       -0.3250000000000000      
  -0.3500000000000001       -0.3778600123908690       -0.4081232996056496      
  -0.4356873120704357       -0.4610681011849033       -0.4846062918246633      
  -0.5065225709053874       -0.5269425103759637       -0.5500000000000000      
  -0.5725436844222264       -0.5890778286700622       -0.6044557975873024      
  -0.6250000000000000       -0.6390356251589454       -0.6511288689661737      
  -0.6680435379813963       -0.6781559871558044       -0.6920396253550055      
  -0.7000000000000001       -0.7112535581028716       -0.7203271766173529      
  -0.7317445859936124       -0.6750000000000000       -0.6250000000000000      
  -0.5750000000000000       -0.5250000000000001       -0.4580271229703562      
  -0.3999999999999999       -0.3500000000000001       -0.2865634943378798      
  -0.2250000000000001       -0.1557488245018236       -0.1000000000000001      
  -2.4999999999999911E-002    0.000000000000000         0.000000000000000      
    0.000000000000000         0.000000000000000         0.000000000000000      
    0.000000000000000         0.000000000000000         0.000000000000000      
    0.000000000000000         0.000000000000000         0.000000000000000      
    0.000000000000000         0.000000000000000         0.000000000000000      
    0.000000000000000         0.000000000000000         0.000000000000000      
    0.000000000000000         0.000000000000000         0.000000000000000      
    0.000000000000000         0.000000000000000         0.000000000000000      
    0.000000000000000         0.000000000000000         0.000000000000000      
    0.000000000000000         0.000000000000000         0.000000000000000      
    0.000000000000000         0.000000000000000         0.000000000000000      
    0.000000000000000         0.000000000000000         0.000000000000000      
    0.000000000000000         0.000000000000000         0.000000000000000      
    0.000000000000000         0.000000000000000         0.000000000000000      
    0.000000000000000         0.000000000000000         0.000000000000000      
    0.000000000000000         0.000000000000000         0.000000000000000      
    0.000000000000000         0.000000000000000         0.000000000000000      
    0.000000000000000         0.000000000000000         0.000000000000000      
    0.000000000000000         0.000000000000000         0.000000000000000      
    0.000000000000000         0.000000000000000         0.000000000000000      
    0.000000000000000         0.000000000000000         0.000000000000000      
    0.000000000000000         0.000000000000000         0.000000000000000      
    0.000000000000000         0.000000000000000         0.000000000000000      
    0.000000000000000         0.000000000000000         0.000000000000000      
    0.000000000000000         0.000000000000000         0.000000000000000      
    0.000000000000000         0.000000000000000         0.000000000000000      
    0.000000000000000         0.000000000000000         0.000000000000000      
    0.000000000000000         0.000000000000000         0.000000000000000      
    0.000000000000000         0.000000000000000         0.000000000000000      
    0.000000000000000         0.000000000000000         0.000000000000000      
    0.000000000000000         0.000000000000000         0.000000000000000      
    0.000000000000000         0.000000000000000         0.000000000000000      
    0.000000000000000         0.000000000000000         0.000000000000000      
    0.000000000000000         0.000000000000000         0.000000000000000      
    0.000000000000000         0.000000000000000         0.000000000000000      
    0.000000000000000         0.000000000000000         0.000000000000000      
    0.000000000000000         0.000000000000000         0.000000000000000      
    0.000000000000000         0.000000000000000         0.000000000000000      
    0.000000000000000         0.000000000000000         0.000000000000000      
    0.000000000000000         0.000000000000000         0.000000000000000      
    0.000000000000000         0.000000000000000         0.000000000000000      
    0.000000000000000         0.000000000000000         0.000000000000000      
    0.000000000000000         0.000000000000000         0.000000000000000      
    0.000000000000000         0.000000000000000         0.000000000000000      
    0.000000000000000         0.000000000000000         0.000000000000000      
    0.000000000000000         0.000000000000000         0.000000000000000      
    0.000000000000000         0.000000000000000         0.000000000000000      
    0.000000000000000         0.000000000000000         0.000000000000000      
    0.000000000000000         0.000000000000000         0.000000000000000      
    0.000000000000000         0.000000000000000         0.000000000000000      
    0.000000000000000         0.000000000000000         0.000000000000000      
    0.000000000000000         0.000000000000000         0.000000000000000      
    0.000000000000000         0.000000000000000         0.000000000000000      
    0.000000000000000         0.000000000000000         0.000000000000000      
    0.000000000000000         0.000000000000000         0.000000000000000      
    0.000000000000000         0.000000000000000         0.000000000000000      
    0.000000000000000         0.000000000000000         0.000000000000000      
    0.000000000000000         0.000000000000000         0.000000000000000      
    0.000000000000000         0.000000000000000         0.000000000000000      
    0.000000000000000         0.000000000000000         0.000000000000000      
    0.000000000000000         0.000000000000000         0.000000000000000      
    0.000000000000000         0.000000000000000         0.000000000000000      
    0.000000000000000         0.000000000000000         0.000000000000000      
    0.000000000000000         0.000000000000000         0.000000000000000      
    0.000000000000000         0.000000000000000         0.000000000000000      
    0.000000000000000         0.000000000000000         0.000000000000000      
    0.000000000000000         0.000000000000000         0.000000000000000      
    0.000000000000000         0.000000000000000         0.000000000000000      
    0.000000000000000         0.000000000000000         0.000000000000000      
    0.000000000000000         0.000000000000000         0.000000000000000      
    0.000000000000000         0.000000000000000         0.000000000000000      
    0.000000000000000         0.000000000000000         0.000000000000000      
    0.000000000000000     
 NBDRY =           85
 FWTSI =    0.000000000000000         0.000000000000000      
    0.000000000000000         0.000000000000000         0.000000000000000      
    0.000000000000000         0.000000000000000         0.000000000000000      
    0.000000000000000         0.000000000000000         0.000000000000000      
    0.000000000000000         0.000000000000000         0.000000000000000      
    0.000000000000000         0.000000000000000         0.000000000000000      
    0.000000000000000         0.000000000000000         0.000000000000000      
    0.000000000000000         0.000000000000000         0.000000000000000      
    0.000000000000000         0.000000000000000         0.000000000000000      
    0.000000000000000         0.000000000000000         0.000000000000000      
    0.000000000000000         0.000000000000000         0.000000000000000      
    0.000000000000000         0.000000000000000         0.000000000000000      
    0.000000000000000         0.000000000000000         0.000000000000000      
    0.000000000000000         0.000000000000000         0.000000000000000      
    0.000000000000000         0.000000000000000         0.000000000000000     
 FWTCUR =    0.000000000000000     
 MXITER =            1
 NXITER =           51
 LIMITR =            5
 XLIM =    2.191196764027539         1.208803235972460      
    1.208803235972460         2.191196764027539         2.191196764027539      
    2.191196764027539         0.000000000000000         0.000000000000000      
    0.000000000000000         0.000000000000000         0.000000000000000      
    0.000000000000000         0.000000000000000         0.000000000000000      
    0.000000000000000         0.000000000000000         0.000000000000000      
    0.000000000000000         0.000000000000000         0.000000000000000      
    0.000000000000000         0.000000000000000         0.000000000000000      
    0.000000000000000         0.000000000000000         0.000000000000000      
    0.000000000000000         0.000000000000000         0.000000000000000      
    0.000000000000000         0.000000000000000         0.000000000000000      
    0.000000000000000         0.000000000000000         0.000000000000000      
    0.000000000000000         0.000000000000000         0.000000000000000      
    0.000000000000000         0.000000000000000         0.000000000000000      
    0.000000000000000         0.000000000000000         0.000000000000000      
    0.000000000000000         0.000000000000000         0.000000000000000      
    0.000000000000000         0.000000000000000         0.000000000000000      
    0.000000000000000         0.000000000000000         0.000000000000000      
    0.000000000000000         0.000000000000000         0.000000000000000      
    0.000000000000000         0.000000000000000         0.000000000000000      
    0.000000000000000         0.000000000000000         0.000000000000000      
    0.000000000000000         0.000000000000000         0.000000000000000      
    0.000000000000000         0.000000000000000         0.000000000000000      
    0.000000000000000         0.000000000000000         0.000000000000000      
    0.000000000000000         0.000000000000000         0.000000000000000      
    0.000000000000000         0.000000000000000         0.000000000000000      
    0.000000000000000         0.000000000000000         0.000000000000000      
    0.000000000000000         0.000000000000000         0.000000000000000      
    0.000000000000000         0.000000000000000         0.000000000000000      
    0.000000000000000         0.000000000000000         0.000000000000000      
    0.000000000000000         0.000000000000000         0.000000000000000      
    0.000000000000000         0.000000000000000         0.000000000000000      
    0.000000000000000         0.000000000000000         0.000000000000000      
    0.000000000000000         0.000000000000000         0.000000000000000      
    0.000000000000000         0.000000000000000         0.000000000000000      
    0.000000000000000         0.000000000000000         0.000000000000000      
    0.000000000000000         0.000000000000000         0.000000000000000      
    0.000000000000000         0.000000000000000         0.000000000000000      
    0.000000000000000         0.000000000000000         0.000000000000000      
    0.000000000000000         0.000000000000000         0.000000000000000      
    0.000000000000000         0.000000000000000         0.000000000000000      
    0.000000000000000         0.000000000000000         0.000000000000000      
    0.000000000000000         0.000000000000000         0.000000000000000      
    0.000000000000000         0.000000000000000         0.000000000000000      
    0.000000000000000         0.000000000000000         0.000000000000000      
    0.000000000000000         0.000000000000000         0.000000000000000      
    0.000000000000000         0.000000000000000         0.000000000000000      
    0.000000000000000         0.000000000000000         0.000000000000000      
    0.000000000000000         0.000000000000000         0.000000000000000      
    0.000000000000000         0.000000000000000         0.000000000000000      
    0.000000000000000         0.000000000000000         0.000000000000000      
    0.000000000000000         0.000000000000000         0.000000000000000      
    0.000000000000000         0.000000000000000         0.000000000000000      
    0.000000000000000         0.000000000000000     
 YLIM =   0.7822355700033236        0.7822355700033236      
  -0.7822355700033229       -0.7822355700033229        0.7822355700033236      
   0.7822355700033236         0.000000000000000         0.000000000000000      
    0.000000000000000         0.000000000000000         0.000000000000000      
    0.000000000000000         0.000000000000000         0.000000000000000      
    0.000000000000000         0.000000000000000         0.000000000000000      
    0.000000000000000         0.000000000000000         0.000000000000000      
    0.000000000000000         0.000000000000000         0.000000000000000      
    0.000000000000000         0.000000000000000         0.000000000000000      
    0.000000000000000         0.000000000000000         0.000000000000000      
    0.000000000000000         0.000000000000000         0.000000000000000      
    0.000000000000000         0.000000000000000         0.000000000000000      
    0.000000000000000         0.000000000000000         0.000000000000000      
    0.000000000000000         0.000000000000000         0.000000000000000      
    0.000000000000000         0.000000000000000         0.000000000000000      
    0.000000000000000         0.000000000000000         0.000000000000000      
    0.000000000000000         0.000000000000000         0.000000000000000      
    0.000000000000000         0.000000000000000         0.000000000000000      
    0.000000000000000         0.000000000000000         0.000000000000000      
    0.000000000000000         0.000000000000000         0.000000000000000      
    0.000000000000000         0.000000000000000         0.000000000000000      
    0.000000000000000         0.000000000000000         0.000000000000000      
    0.000000000000000         0.000000000000000         0.000000000000000      
    0.000000000000000         0.000000000000000         0.000000000000000      
    0.000000000000000         0.000000000000000         0.000000000000000      
    0.000000000000000         0.000000000000000         0.000000000000000      
    0.000000000000000         0.000000000000000         0.000000000000000      
    0.000000000000000         0.000000000000000         0.000000000000000      
    0.000000000000000         0.000000000000000         0.000000000000000      
    0.000000000000000         0.000000000000000         0.000000000000000      
    0.000000000000000         0.000000000000000         0.000000000000000      
    0.000000000000000         0.000000000000000         0.000000000000000      
    0.000000000000000         0.000000000000000         0.000000000000000      
    0.000000000000000         0.000000000000000         0.000000000000000      
    0.000000000000000         0.000000000000000         0.000000000000000      
    0.000000000000000         0.000000000000000         0.000000000000000      
    0.000000000000000         0.000000000000000         0.000000000000000      
    0.000000000000000         0.000000000000000         0.000000000000000      
    0.000000000000000         0.000000000000000         0.000000000000000      
    0.000000000000000         0.000000000000000         0.000000000000000      
    0.000000000000000         0.000000000000000         0.000000000000000      
    0.000000000000000         0.000000000000000         0.000000000000000      
    0.000000000000000         0.000000000000000         0.000000000000000      
    0.000000000000000         0.000000000000000         0.000000000000000      
    0.000000000000000         0.000000000000000         0.000000000000000      
    0.000000000000000         0.000000000000000         0.000000000000000      
    0.000000000000000         0.000000000000000         0.000000000000000      
    0.000000000000000         0.000000000000000         0.000000000000000      
    0.000000000000000         0.000000000000000         0.000000000000000      
    0.000000000000000         0.000000000000000         0.000000000000000      
    0.000000000000000         0.000000000000000         0.000000000000000      
    0.000000000000000         0.000000000000000         0.000000000000000      
    0.000000000000000         0.000000000000000         0.000000000000000      
    0.000000000000000         0.000000000000000     
 ERROR =   1.0000000000000000E-004
 ICONVR =            3
 IBUNMN =            3
 PRESSR =    0.000000000000000         0.000000000000000      
    0.000000000000000         0.000000000000000         0.000000000000000      
    0.000000000000000         0.000000000000000         0.000000000000000      
    0.000000000000000         0.000000000000000         0.000000000000000      
    0.000000000000000         0.000000000000000         0.000000000000000      
    0.000000000000000         0.000000000000000         0.000000000000000      
    0.000000000000000         0.000000000000000         0.000000000000000      
    0.000000000000000         0.000000000000000         0.000000000000000      
    0.000000000000000         0.000000000000000         0.000000000000000      
    0.000000000000000         0.000000000000000         0.000000000000000      
    0.000000000000000         0.000000000000000         0.000000000000000      
    0.000000000000000         0.000000000000000         0.000000000000000      
    0.000000000000000         0.000000000000000         0.000000000000000      
    0.000000000000000         0.000000000000000         0.000000000000000      
    0.000000000000000         0.000000000000000         0.000000000000000      
    0.000000000000000         0.000000000000000         0.000000000000000      
    0.000000000000000         0.000000000000000         0.000000000000000      
    0.000000000000000         0.000000000000000         0.000000000000000      
    0.000000000000000         0.000000000000000         0.000000000000000      
    0.000000000000000         0.000000000000000         0.000000000000000      
    0.000000000000000         0.000000000000000         0.000000000000000      
    0.000000000000000         0.000000000000000         0.000000000000000      
    0.000000000000000         0.000000000000000         0.000000000000000      
    0.000000000000000         0.000000000000000         0.000000000000000      
    0.000000000000000         0.000000000000000         0.000000000000000      
    0.000000000000000         0.000000000000000         0.000000000000000      
    0.000000000000000         0.000000000000000         0.000000000000000      
    0.000000000000000         0.000000000000000         0.000000000000000      
    0.000000000000000         0.000000000000000         0.000000000000000      
    0.000000000000000         0.000000000000000         0.000000000000000      
    0.000000000000000         0.000000000000000         0.000000000000000      
    0.000000000000000         0.000000000000000         0.000000000000000      
    0.000000000000000         0.000000000000000         0.000000000000000      
    0.000000000000000         0.000000000000000         0.000000000000000      
    0.000000000000000         0.000000000000000         0.000000000000000      
    0.000000000000000         0.000000000000000         0.000000000000000      
    0.000000000000000         0.000000000000000         0.000000000000000      
    0.000000000000000         0.000000000000000         0.000000000000000      
    0.000000000000000         0.000000000000000         0.000000000000000      
    0.000000000000000         0.000000000000000         0.000000000000000      
    0.000000000000000         0.000000000000000         0.000000000000000      
    0.000000000000000         0.000000000000000         0.000000000000000      
    0.000000000000000         0.000000000000000         0.000000000000000      
    0.000000000000000         0.000000000000000         0.000000000000000      
    0.000000000000000         0.000000000000000         0.000000000000000      
    0.000000000000000         0.000000000000000         0.000000000000000      
    0.000000000000000         0.000000000000000         0.000000000000000      
    0.000000000000000         0.000000000000000         0.000000000000000      
    0.000000000000000         0.000000000000000         0.000000000000000      
    0.000000000000000         0.000000000000000         0.000000000000000      
    0.000000000000000         0.000000000000000         0.000000000000000      
    0.000000000000000         0.000000000000000         0.000000000000000      
    0.000000000000000         0.000000000000000         0.000000000000000      
    0.000000000000000         0.000000000000000         0.000000000000000      
    0.000000000000000         0.000000000000000         0.000000000000000      
    0.000000000000000         0.000000000000000         0.000000000000000      
    0.000000000000000         0.000000000000000         0.000000000000000      
    0.000000000000000         0.000000000000000         0.000000000000000      
    0.000000000000000         0.000000000000000         0.000000000000000      
    0.000000000000000         0.000000000000000         0.000000000000000      
    0.000000000000000         0.000000000000000         0.000000000000000      
    0.000000000000000         0.000000000000000         0.000000000000000      
    0.000000000000000         0.000000000000000         0.000000000000000      
    0.000000000000000         0.000000000000000         0.000000000000000      
    0.000000000000000         0.000000000000000         0.000000000000000      
    0.000000000000000         0.000000000000000         0.000000000000000      
    0.000000000000000         0.000000000000000         0.000000000000000      
    0.000000000000000     
 RPRESS =    0.000000000000000         0.000000000000000      
    0.000000000000000         0.000000000000000         0.000000000000000      
    0.000000000000000         0.000000000000000         0.000000000000000      
    0.000000000000000         0.000000000000000         0.000000000000000      
    0.000000000000000         0.000000000000000         0.000000000000000      
    0.000000000000000         0.000000000000000         0.000000000000000      
    0.000000000000000         0.000000000000000         0.000000000000000      
    0.000000000000000         0.000000000000000         0.000000000000000      
    0.000000000000000         0.000000000000000         0.000000000000000      
    0.000000000000000         0.000000000000000         0.000000000000000      
    0.000000000000000         0.000000000000000         0.000000000000000      
    0.000000000000000         0.000000000000000         0.000000000000000      
    0.000000000000000         0.000000000000000         0.000000000000000      
    0.000000000000000         0.000000000000000         0.000000000000000      
    0.000000000000000         0.000000000000000         0.000000000000000      
    0.000000000000000         0.000000000000000         0.000000000000000      
    0.000000000000000         0.000000000000000         0.000000000000000      
    0.000000000000000         0.000000000000000         0.000000000000000      
    0.000000000000000         0.000000000000000         0.000000000000000      
    0.000000000000000         0.000000000000000         0.000000000000000      
    0.000000000000000         0.000000000000000         0.000000000000000      
    0.000000000000000         0.000000000000000         0.000000000000000      
    0.000000000000000         0.000000000000000         0.000000000000000      
    0.000000000000000         0.000000000000000         0.000000000000000      
    0.000000000000000         0.000000000000000         0.000000000000000      
    0.000000000000000         0.000000000000000         0.000000000000000      
    0.000000000000000         0.000000000000000         0.000000000000000      
    0.000000000000000         0.000000000000000         0.000000000000000      
    0.000000000000000         0.000000000000000         0.000000000000000      
    0.000000000000000         0.000000000000000         0.000000000000000      
    0.000000000000000         0.000000000000000         0.000000000000000      
    0.000000000000000         0.000000000000000         0.000000000000000      
    0.000000000000000         0.000000000000000         0.000000000000000      
    0.000000000000000         0.000000000000000         0.000000000000000      
    0.000000000000000         0.000000000000000         0.000000000000000      
    0.000000000000000         0.000000000000000         0.000000000000000      
    0.000000000000000         0.000000000000000         0.000000000000000      
    0.000000000000000         0.000000000000000         0.000000000000000      
    0.000000000000000         0.000000000000000         0.000000000000000      
    0.000000000000000         0.000000000000000         0.000000000000000      
    0.000000000000000         0.000000000000000         0.000000000000000      
    0.000000000000000         0.000000000000000         0.000000000000000      
    0.000000000000000         0.000000000000000         0.000000000000000      
    0.000000000000000         0.000000000000000         0.000000000000000      
    0.000000000000000         0.000000000000000         0.000000000000000      
    0.000000000000000         0.000000000000000         0.000000000000000      
    0.000000000000000         0.000000000000000         0.000000000000000      
    0.000000000000000         0.000000000000000         0.000000000000000      
    0.000000000000000         0.000000000000000         0.000000000000000      
    0.000000000000000         0.000000000000000         0.000000000000000      
    0.000000000000000         0.000000000000000         0.000000000000000      
    0.000000000000000         0.000000000000000         0.000000000000000      
    0.000000000000000         0.000000000000000         0.000000000000000      
    0.000000000000000         0.000000000000000         0.000000000000000      
    0.000000000000000         0.000000000000000         0.000000000000000      
    0.000000000000000         0.000000000000000         0.000000000000000      
    0.000000000000000         0.000000000000000         0.000000000000000      
    0.000000000000000         0.000000000000000         0.000000000000000      
    0.000000000000000         0.000000000000000         0.000000000000000      
    0.000000000000000         0.000000000000000         0.000000000000000      
    0.000000000000000         0.000000000000000         0.000000000000000      
    0.000000000000000         0.000000000000000         0.000000000000000      
    0.000000000000000         0.000000000000000         0.000000000000000      
    0.000000000000000         0.000000000000000         0.000000000000000      
    0.000000000000000         0.000000000000000         0.000000000000000      
    0.000000000000000         0.000000000000000         0.000000000000000      
    0.000000000000000         0.000000000000000         0.000000000000000      
    0.000000000000000     
 QPSI =    1.177424483333601         1.182731880768922      
    1.187771548319765         1.194023978305969         1.200503065318033      
    1.207121938782370         1.215341793071165         1.221554111150897      
    1.228495170787237         1.235118574724519         1.242125897803220      
    1.248597321265783         1.255993282071403         1.262671779455435      
    1.269833846023475         1.276783418648476         1.284222611427465      
    1.291445353443695         1.298650798151749         1.305910398534007      
    1.313465377732139         1.320997008523391         1.328538855967358      
    1.336193471654454         1.343864293675984         1.351644499869366      
    1.359706137612447         1.367593804907469         1.375652063097050      
    1.383685988377083         1.391955671543881         1.400362333599720      
    1.408802306314337         1.417225444890789         1.425865340170585      
    1.434538108409718         1.443367936810041         1.452351213754440      
    1.461411834064990         1.470538752664079         1.479801262592440      
    1.489139000957990         1.498692729151900         1.508399358704389      
    1.518163564725744         1.528056483726251         1.538077864029368      
    1.548273351687537         1.558602509296196         1.569112612223038      
    1.579766281673113         1.590564334716033         1.601525869795476      
    1.612632487785984         1.623913455989115         1.635409762503554      
    1.647093793018329         1.658964508484754         1.671017853886920      
    1.683231234726723         1.695676415487622         1.708334474072345      
    1.721250131198101         1.734383650786415         1.747731424925285      
    1.761313559001878         1.775145612860949         1.789250549753281      
    1.803607505227624         1.818267312741098         1.833220967187251      
    1.848441028205359         1.863977560250472         1.879839830666695      
    1.896026658723119         1.912546277518950         1.929461036715666      
    1.946727372906027         1.964361353869358         1.982425684521514      
    2.000909544935134         2.019786776220680         2.039169505984985      
    2.059019165266617         2.079347938350304         2.100208114365431      
    2.121640358363208         2.143586122298434         2.166149589209617      
    2.189369174812268         2.213226280809136         2.237771656029089      
    2.263118192579353         2.289162093893784         2.316037048723875      
    2.343801330431369         2.372463528560929         2.402105838707679      
    2.432881626474490         2.464659128131041         2.497646196869198      
    2.531908138776069         2.567468708053701         2.604646974824628      
    2.643395026081607         2.683759147250761         2.726108157754828      
    2.770420924280756         2.817071517551516         2.866407984336265      
    2.918315366002415         2.973549985069361         3.032076622252331      
    3.094904989391879         3.162409238199465         3.234805559175711      
    3.313531012131450         3.399336175210109         3.494529652362175      
    3.599587261593147         3.718150276470031         3.853992611829927      
    4.012355642764796         4.201646951798875         4.434909137883907      
    4.737981733340230         5.163506407277080         5.902210565286137      
    10.67802270736371     
 PRESSW =    0.000000000000000         0.000000000000000      
    0.000000000000000         0.000000000000000         0.000000000000000      
    0.000000000000000         0.000000000000000         0.000000000000000      
    0.000000000000000         0.000000000000000         0.000000000000000      
    0.000000000000000         0.000000000000000         0.000000000000000      
    0.000000000000000         0.000000000000000         0.000000000000000      
    0.000000000000000         0.000000000000000         0.000000000000000      
    0.000000000000000         0.000000000000000         0.000000000000000      
    0.000000000000000         0.000000000000000         0.000000000000000      
    0.000000000000000         0.000000000000000         0.000000000000000      
    0.000000000000000         0.000000000000000         0.000000000000000      
    0.000000000000000         0.000000000000000         0.000000000000000      
    0.000000000000000         0.000000000000000         0.000000000000000      
    0.000000000000000         0.000000000000000         0.000000000000000      
    0.000000000000000         0.000000000000000         0.000000000000000      
    0.000000000000000         0.000000000000000         0.000000000000000      
    0.000000000000000         0.000000000000000         0.000000000000000      
    0.000000000000000         0.000000000000000         0.000000000000000      
    0.000000000000000         0.000000000000000         0.000000000000000      
    0.000000000000000         0.000000000000000         0.000000000000000      
    0.000000000000000         0.000000000000000         0.000000000000000      
    0.000000000000000         0.000000000000000         0.000000000000000      
    0.000000000000000         0.000000000000000         0.000000000000000      
    0.000000000000000         0.000000000000000         0.000000000000000      
    0.000000000000000         0.000000000000000         0.000000000000000      
    0.000000000000000         0.000000000000000         0.000000000000000      
    0.000000000000000         0.000000000000000         0.000000000000000      
    0.000000000000000         0.000000000000000         0.000000000000000      
    0.000000000000000         0.000000000000000         0.000000000000000      
    0.000000000000000         0.000000000000000         0.000000000000000      
    0.000000000000000         0.000000000000000         0.000000000000000      
    0.000000000000000         0.000000000000000         0.000000000000000      
    0.000000000000000         0.000000000000000         0.000000000000000      
    0.000000000000000         0.000000000000000         0.000000000000000      
    0.000000000000000         0.000000000000000         0.000000000000000      
    0.000000000000000         0.000000000000000         0.000000000000000      
    0.000000000000000         0.000000000000000         0.000000000000000      
    0.000000000000000         0.000000000000000         0.000000000000000      
    0.000000000000000         0.000000000000000         0.000000000000000      
    0.000000000000000         0.000000000000000         0.000000000000000      
    0.000000000000000         0.000000000000000         0.000000000000000      
    0.000000000000000         0.000000000000000         0.000000000000000      
    0.000000000000000         0.000000000000000         0.000000000000000      
    0.000000000000000     
 PRES =    91765.73725319713         90005.04695876573      
    88282.08524697954         86595.98813257016         84945.89161462156      
    83330.93168722000         81750.24448595294         80202.96557113403      
    78688.23191615737         77205.17897063405         75752.93771385400      
    74330.66975902230         72937.43769340680         71572.49720218481      
    70235.69779776561         68926.26912625723         67642.64194787324      
    66383.51839930454         65147.80350607388         63934.49845409163      
    62742.72667723727         61571.70232422044         60420.71741631650      
    59289.12933671186         58176.35115110072         57081.84652207394      
    56005.12424675572         54945.73112449965         53903.24619683457      
    52877.27864958176         51867.46549077186         50873.46744420216      
    49894.96664205062         48931.66562348001         47983.28410219813      
    47049.55674401052         46130.23385863437         45225.08022547211      
    44333.87231581371         43456.39768835450         42592.45507408165      
    41741.85249063044         40904.40604774131         40079.94071125517      
    39268.29053984275         38469.29682945777         37682.80631877311      
    36908.67145831321         36146.75151175128         35396.91230380681      
    34659.02491392144         33932.96452258406         33218.61039759656      
    32515.84653534130         31824.56174730316         31144.64902556489      
    30476.00474856647         29818.52855317579         29172.12339971392      
    28536.69538293343         27912.15382933745         27298.41140890676      
    26695.38371523626         26102.98874955263         25521.14681746823      
    24949.78052419799         24388.81473607069         23838.17664532582      
    23297.79582243723         22767.60405447170         22247.53507199723      
    21737.52432775459         21237.50889081059         20747.42738595241      
    20267.21989142639         19796.82788715570         19336.19443493257      
    18885.26420240385         18443.98300415025         18012.29734899951      
    17590.15442635800         17177.50211942123         16774.28867384950      
    16380.46229958238         15995.97095418705         15620.76244200731      
    15254.78406201004         14897.98135348531         14550.29691649865      
    14211.67011821964         13882.03634554215         13561.32525216592      
    13249.45923332371         12946.35184635962         12651.90513381534      
    12366.00578301167         12088.52060415661         11819.29133452603      
    11558.12870495219         11304.80557286082         11059.04724447247      
    10820.51761079830         10588.80282841849         10363.39484824024      
    10143.67357689003         9928.883655567854         9718.105705984704      
    9510.229130156702         9303.928474062073         9097.640167696753      
    8889.544379151772         8677.559261583316         8459.342295375614      
    8232.296429019076         7993.574908325390         7740.072171279679      
    7468.410265334362         7174.928826910953         6855.737682138424      
    6506.991029807266         6125.563547193892         5710.242769720444      
    5263.536781681154         4793.081025127281         4312.306964346948      
    3841.105422108436         3397.540762285941         2991.501757754672      
    2631.290384441049     
 NQPSI =          129
 NPRESS =            0
 SIGPRE =    0.000000000000000         0.000000000000000      
    0.000000000000000         0.000000000000000         0.000000000000000      
    0.000000000000000         0.000000000000000         0.000000000000000      
    0.000000000000000         0.000000000000000         0.000000000000000      
    0.000000000000000         0.000000000000000         0.000000000000000      
    0.000000000000000         0.000000000000000         0.000000000000000      
    0.000000000000000         0.000000000000000         0.000000000000000      
    0.000000000000000         0.000000000000000         0.000000000000000      
    0.000000000000000         0.000000000000000         0.000000000000000      
    0.000000000000000         0.000000000000000         0.000000000000000      
    0.000000000000000         0.000000000000000         0.000000000000000      
    0.000000000000000         0.000000000000000         0.000000000000000      
    0.000000000000000         0.000000000000000         0.000000000000000      
    0.000000000000000         0.000000000000000         0.000000000000000      
    0.000000000000000         0.000000000000000         0.000000000000000      
    0.000000000000000         0.000000000000000         0.000000000000000      
    0.000000000000000         0.000000000000000         0.000000000000000      
    0.000000000000000         0.000000000000000         0.000000000000000      
    0.000000000000000         0.000000000000000         0.000000000000000      
    0.000000000000000         0.000000000000000         0.000000000000000      
    0.000000000000000         0.000000000000000         0.000000000000000      
    0.000000000000000         0.000000000000000         0.000000000000000      
    0.000000000000000         0.000000000000000         0.000000000000000      
    0.000000000000000         0.000000000000000         0.000000000000000      
    0.000000000000000         0.000000000000000         0.000000000000000      
    0.000000000000000         0.000000000000000         0.000000000000000      
    0.000000000000000         0.000000000000000         0.000000000000000      
    0.000000000000000         0.000000000000000         0.000000000000000      
    0.000000000000000         0.000000000000000         0.000000000000000      
    0.000000000000000         0.000000000000000         0.000000000000000      
    0.000000000000000         0.000000000000000         0.000000000000000      
    0.000000000000000         0.000000000000000         0.000000000000000      
    0.000000000000000         0.000000000000000         0.000000000000000      
    0.000000000000000         0.000000000000000         0.000000000000000      
    0.000000000000000         0.000000000000000         0.000000000000000      
    0.000000000000000         0.000000000000000         0.000000000000000      
    0.000000000000000         0.000000000000000         0.000000000000000      
    0.000000000000000         0.000000000000000         0.000000000000000      
    0.000000000000000         0.000000000000000         0.000000000000000      
    0.000000000000000         0.000000000000000         0.000000000000000      
    0.000000000000000         0.000000000000000         0.000000000000000      
    0.000000000000000         0.000000000000000         0.000000000000000      
    0.000000000000000         0.000000000000000         0.000000000000000      
    0.000000000000000         0.000000000000000         0.000000000000000      
    0.000000000000000         0.000000000000000         0.000000000000000      
    0.000000000000000         0.000000000000000         0.000000000000000      
    0.000000000000000         0.000000000000000         0.000000000000000      
    0.000000000000000         0.000000000000000         0.000000000000000      
    0.000000000000000         0.000000000000000         0.000000000000000      
    0.000000000000000         0.000000000000000         0.000000000000000      
    0.000000000000000         0.000000000000000         0.000000000000000      
    0.000000000000000         0.000000000000000         0.000000000000000      
    0.000000000000000         0.000000000000000         0.000000000000000      
    0.000000000000000         0.000000000000000         0.000000000000000      
    0.000000000000000         0.000000000000000         0.000000000000000      
    0.000000000000000         0.000000000000000         0.000000000000000      
    0.000000000000000         0.000000000000000         0.000000000000000      
    0.000000000000000         0.000000000000000         0.000000000000000      
    0.000000000000000         0.000000000000000         0.000000000000000      
    0.000000000000000         0.000000000000000         0.000000000000000      
    0.000000000000000         0.000000000000000         0.000000000000000      
    0.000000000000000         0.000000000000000         0.000000000000000      
    0.000000000000000         0.000000000000000         0.000000000000000      
    0.000000000000000         0.000000000000000         0.000000000000000      
    0.000000000000000         0.000000000000000         0.000000000000000      
    0.000000000000000         0.000000000000000         0.000000000000000      
    0.000000000000000         0.000000000000000         0.000000000000000      
    0.000000000000000     
 /
 &BASIS
 KPPFNC =            6,
 KPPKNT =            0,
 PPKNT =    0.000000000000000     ,
            0.000000000000000     ,
            0.000000000000000     ,
            0.000000000000000     ,
            0.000000000000000     ,
            0.000000000000000     ,
            0.000000000000000     ,
            0.000000000000000     ,
            0.000000000000000     ,
            0.000000000000000     ,
            0.000000000000000     ,
            0.000000000000000     ,
            0.000000000000000     ,
            0.000000000000000     ,
            0.000000000000000     ,
            0.000000000000000     ,
            0.000000000000000     ,
            0.000000000000000     ,
            0.000000000000000     ,
            0.000000000000000     ,
            0.000000000000000     ,
            0.000000000000000     ,
            0.000000000000000     ,
            0.000000000000000     ,
            0.000000000000000     ,
            0.000000000000000     ,
            0.000000000000000     ,
            0.000000000000000     ,
            0.000000000000000     ,
            0.000000000000000     ,
            0.000000000000000     ,
            0.000000000000000     ,
            0.000000000000000     ,
            0.000000000000000     ,
            0.000000000000000     ,
            0.000000000000000     ,
            0.000000000000000     ,
            0.000000000000000     ,
            0.000000000000000     ,
            0.000000000000000     ,
            0.000000000000000     ,
            0.000000000000000     ,
            0.000000000000000     ,
            0.000000000000000     ,
            0.000000000000000     ,
            0.000000000000000     ,
            0.000000000000000     ,
            0.000000000000000     ,
            0.000000000000000     ,
            0.000000000000000     ,
            0.000000000000000     ,
            0.000000000000000     ,
            0.000000000000000     ,
            0.000000000000000     ,
            0.000000000000000     ,
            0.000000000000000     ,
            0.000000000000000     ,
            0.000000000000000     ,
            0.000000000000000     ,
            0.000000000000000     ,
            0.000000000000000     ,
            0.000000000000000     ,
            0.000000000000000     ,
            0.000000000000000     ,
 PPTENS =    0.000000000000000     ,
 KFFFNC =            6,
 KFFKNT =            0,
 FFKNT =    0.000000000000000     ,
            0.000000000000000     ,
            0.000000000000000     ,
            0.000000000000000     ,
            0.000000000000000     ,
            0.000000000000000     ,
            0.000000000000000     ,
            0.000000000000000     ,
            0.000000000000000     ,
            0.000000000000000     ,
            0.000000000000000     ,
            0.000000000000000     ,
            0.000000000000000     ,
            0.000000000000000     ,
            0.000000000000000     ,
            0.000000000000000     ,
            0.000000000000000     ,
            0.000000000000000     ,
            0.000000000000000     ,
            0.000000000000000     ,
            0.000000000000000     ,
            0.000000000000000     ,
            0.000000000000000     ,
            0.000000000000000     ,
            0.000000000000000     ,
            0.000000000000000     ,
            0.000000000000000     ,
            0.000000000000000     ,
            0.000000000000000     ,
            0.000000000000000     ,
            0.000000000000000     ,
            0.000000000000000     ,
            0.000000000000000     ,
            0.000000000000000     ,
            0.000000000000000     ,
            0.000000000000000     ,
            0.000000000000000     ,
            0.000000000000000     ,
            0.000000000000000     ,
            0.000000000000000     ,
            0.000000000000000     ,
            0.000000000000000     ,
            0.000000000000000     ,
            0.000000000000000     ,
            0.000000000000000     ,
            0.000000000000000     ,
            0.000000000000000     ,
            0.000000000000000     ,
            0.000000000000000     ,
            0.000000000000000     ,
            0.000000000000000     ,
            0.000000000000000     ,
            0.000000000000000     ,
            0.000000000000000     ,
            0.000000000000000     ,
            0.000000000000000     ,
            0.000000000000000     ,
            0.000000000000000     ,
            0.000000000000000     ,
            0.000000000000000     ,
            0.000000000000000     ,
            0.000000000000000     ,
            0.000000000000000     ,
            0.000000000000000     ,
 FFTENS =    0.000000000000000     ,
 KWWFNC =            0,
 KWWKNT =            0,
 WWKNT =    0.000000000000000     ,
            0.000000000000000     ,
            0.000000000000000     ,
            0.000000000000000     ,
            0.000000000000000     ,
            0.000000000000000     ,
            0.000000000000000     ,
            0.000000000000000     ,
            0.000000000000000     ,
            0.000000000000000     ,
            0.000000000000000     ,
            0.000000000000000     ,
            0.000000000000000     ,
            0.000000000000000     ,
            0.000000000000000     ,
            0.000000000000000     ,
            0.000000000000000     ,
            0.000000000000000     ,
            0.000000000000000     ,
            0.000000000000000     ,
            0.000000000000000     ,
            0.000000000000000     ,
            0.000000000000000     ,
            0.000000000000000     ,
            0.000000000000000     ,
            0.000000000000000     ,
            0.000000000000000     ,
            0.000000000000000     ,
            0.000000000000000     ,
            0.000000000000000     ,
            0.000000000000000     ,
            0.000000000000000     ,
            0.000000000000000     ,
            0.000000000000000     ,
            0.000000000000000     ,
            0.000000000000000     ,
            0.000000000000000     ,
            0.000000000000000     ,
            0.000000000000000     ,
            0.000000000000000     ,
            0.000000000000000     ,
            0.000000000000000     ,
            0.000000000000000     ,
            0.000000000000000     ,
            0.000000000000000     ,
            0.000000000000000     ,
            0.000000000000000     ,
            0.000000000000000     ,
            0.000000000000000     ,
            0.000000000000000     ,
            0.000000000000000     ,
            0.000000000000000     ,
            0.000000000000000     ,
            0.000000000000000     ,
            0.000000000000000     ,
            0.000000000000000     ,
            0.000000000000000     ,
            0.000000000000000     ,
            0.000000000000000     ,
            0.000000000000000     ,
            0.000000000000000     ,
            0.000000000000000     ,
            0.000000000000000     ,
            0.000000000000000     ,
 WWTENS =    0.000000000000000     ,
 PPBDRY =    0.000000000000000     ,
             0.000000000000000     ,
             0.000000000000000     ,
             0.000000000000000     ,
             0.000000000000000     ,
             0.000000000000000     ,
             0.000000000000000     ,
             0.000000000000000     ,
             0.000000000000000     ,
             0.000000000000000     ,
             0.000000000000000     ,
             0.000000000000000     ,
             0.000000000000000     ,
             0.000000000000000     ,
             0.000000000000000     ,
             0.000000000000000     ,
             0.000000000000000     ,
             0.000000000000000     ,
             0.000000000000000     ,
             0.000000000000000     ,
             0.000000000000000     ,
             0.000000000000000     ,
             0.000000000000000     ,
             0.000000000000000     ,
             0.000000000000000     ,
             0.000000000000000     ,
             0.000000000000000     ,
             0.000000000000000     ,
             0.000000000000000     ,
             0.000000000000000     ,
             0.000000000000000     ,
             0.000000000000000     ,
             0.000000000000000     ,
             0.000000000000000     ,
             0.000000000000000     ,
             0.000000000000000     ,
             0.000000000000000     ,
             0.000000000000000     ,
             0.000000000000000     ,
             0.000000000000000     ,
             0.000000000000000     ,
             0.000000000000000     ,
             0.000000000000000     ,
             0.000000000000000     ,
             0.000000000000000     ,
             0.000000000000000     ,
             0.000000000000000     ,
             0.000000000000000     ,
             0.000000000000000     ,
             0.000000000000000     ,
             0.000000000000000     ,
             0.000000000000000     ,
             0.000000000000000     ,
             0.000000000000000     ,
             0.000000000000000     ,
             0.000000000000000     ,
             0.000000000000000     ,
             0.000000000000000     ,
             0.000000000000000     ,
             0.000000000000000     ,
             0.000000000000000     ,
             0.000000000000000     ,
             0.000000000000000     ,
             0.000000000000000     ,
 PP2BDRY =    0.000000000000000     ,
              0.000000000000000     ,
              0.000000000000000     ,
              0.000000000000000     ,
              0.000000000000000     ,
              0.000000000000000     ,
              0.000000000000000     ,
              0.000000000000000     ,
              0.000000000000000     ,
              0.000000000000000     ,
              0.000000000000000     ,
              0.000000000000000     ,
              0.000000000000000     ,
              0.000000000000000     ,
              0.000000000000000     ,
              0.000000000000000     ,
              0.000000000000000     ,
              0.000000000000000     ,
              0.000000000000000     ,
              0.000000000000000     ,
              0.000000000000000     ,
              0.000000000000000     ,
              0.000000000000000     ,
              0.000000000000000     ,
              0.000000000000000     ,
              0.000000000000000     ,
              0.000000000000000     ,
              0.000000000000000     ,
              0.000000000000000     ,
              0.000000000000000     ,
              0.000000000000000     ,
              0.000000000000000     ,
              0.000000000000000     ,
              0.000000000000000     ,
              0.000000000000000     ,
              0.000000000000000     ,
              0.000000000000000     ,
              0.000000000000000     ,
              0.000000000000000     ,
              0.000000000000000     ,
              0.000000000000000     ,
              0.000000000000000     ,
              0.000000000000000     ,
              0.000000000000000     ,
              0.000000000000000     ,
              0.000000000000000     ,
              0.000000000000000     ,
              0.000000000000000     ,
              0.000000000000000     ,
              0.000000000000000     ,
              0.000000000000000     ,
              0.000000000000000     ,
              0.000000000000000     ,
              0.000000000000000     ,
              0.000000000000000     ,
              0.000000000000000     ,
              0.000000000000000     ,
              0.000000000000000     ,
              0.000000000000000     ,
              0.000000000000000     ,
              0.000000000000000     ,
              0.000000000000000     ,
              0.000000000000000     ,
              0.000000000000000     ,
 KPPBDRY =            0,
                      0,
                      0,
                      0,
                      0,
                      0,
                      0,
                      0,
                      0,
                      0,
                      0,
                      0,
                      0,
                      0,
                      0,
                      0,
                      0,
                      0,
                      0,
                      0,
                      0,
                      0,
                      0,
                      0,
                      0,
                      0,
                      0,
                      0,
                      0,
                      0,
                      0,
                      0,
                      0,
                      0,
                      0,
                      0,
                      0,
                      0,
                      0,
                      0,
                      0,
                      0,
                      0,
                      0,
                      0,
                      0,
                      0,
                      0,
                      0,
                      0,
                      0,
                      0,
                      0,
                      0,
                      0,
                      0,
                      0,
                      0,
                      0,
                      0,
                      0,
                      0,
                      0,
                      0,
 KPP2BDRY =            0,
                       0,
                       0,
                       0,
                       0,
                       0,
                       0,
                       0,
                       0,
                       0,
                       0,
                       0,
                       0,
                       0,
                       0,
                       0,
                       0,
                       0,
                       0,
                       0,
                       0,
                       0,
                       0,
                       0,
                       0,
                       0,
                       0,
                       0,
                       0,
                       0,
                       0,
                       0,
                       0,
                       0,
                       0,
                       0,
                       0,
                       0,
                       0,
                       0,
                       0,
                       0,
                       0,
                       0,
                       0,
                       0,
                       0,
                       0,
                       0,
                       0,
                       0,
                       0,
                       0,
                       0,
                       0,
                       0,
                       0,
                       0,
                       0,
                       0,
                       0,
                       0,
                       0,
                       0,
 FFBDRY =    0.000000000000000     ,
             0.000000000000000     ,
             0.000000000000000     ,
             0.000000000000000     ,
             0.000000000000000     ,
             0.000000000000000     ,
             0.000000000000000     ,
             0.000000000000000     ,
             0.000000000000000     ,
             0.000000000000000     ,
             0.000000000000000     ,
             0.000000000000000     ,
             0.000000000000000     ,
             0.000000000000000     ,
             0.000000000000000     ,
             0.000000000000000     ,
             0.000000000000000     ,
             0.000000000000000     ,
             0.000000000000000     ,
             0.000000000000000     ,
             0.000000000000000     ,
             0.000000000000000     ,
             0.000000000000000     ,
             0.000000000000000     ,
             0.000000000000000     ,
             0.000000000000000     ,
             0.000000000000000     ,
             0.000000000000000     ,
             0.000000000000000     ,
             0.000000000000000     ,
             0.000000000000000     ,
             0.000000000000000     ,
             0.000000000000000     ,
             0.000000000000000     ,
             0.000000000000000     ,
             0.000000000000000     ,
             0.000000000000000     ,
             0.000000000000000     ,
             0.000000000000000     ,
             0.000000000000000     ,
             0.000000000000000     ,
             0.000000000000000     ,
             0.000000000000000     ,
             0.000000000000000     ,
             0.000000000000000     ,
             0.000000000000000     ,
             0.000000000000000     ,
             0.000000000000000     ,
             0.000000000000000     ,
             0.000000000000000     ,
             0.000000000000000     ,
             0.000000000000000     ,
             0.000000000000000     ,
             0.000000000000000     ,
             0.000000000000000     ,
             0.000000000000000     ,
             0.000000000000000     ,
             0.000000000000000     ,
             0.000000000000000     ,
             0.000000000000000     ,
             0.000000000000000     ,
             0.000000000000000     ,
             0.000000000000000     ,
             0.000000000000000     ,
 FF2BDRY =    0.000000000000000     ,
              0.000000000000000     ,
              0.000000000000000     ,
              0.000000000000000     ,
              0.000000000000000     ,
              0.000000000000000     ,
              0.000000000000000     ,
              0.000000000000000     ,
              0.000000000000000     ,
              0.000000000000000     ,
              0.000000000000000     ,
              0.000000000000000     ,
              0.000000000000000     ,
              0.000000000000000     ,
              0.000000000000000     ,
              0.000000000000000     ,
              0.000000000000000     ,
              0.000000000000000     ,
              0.000000000000000     ,
              0.000000000000000     ,
              0.000000000000000     ,
              0.000000000000000     ,
              0.000000000000000     ,
              0.000000000000000     ,
              0.000000000000000     ,
              0.000000000000000     ,
              0.000000000000000     ,
              0.000000000000000     ,
              0.000000000000000     ,
              0.000000000000000     ,
              0.000000000000000     ,
              0.000000000000000     ,
              0.000000000000000     ,
              0.000000000000000     ,
              0.000000000000000     ,
              0.000000000000000     ,
              0.000000000000000     ,
              0.000000000000000     ,
              0.000000000000000     ,
              0.000000000000000     ,
              0.000000000000000     ,
              0.000000000000000     ,
              0.000000000000000     ,
              0.000000000000000     ,
              0.000000000000000     ,
              0.000000000000000     ,
              0.000000000000000     ,
              0.000000000000000     ,
              0.000000000000000     ,
              0.000000000000000     ,
              0.000000000000000     ,
              0.000000000000000     ,
              0.000000000000000     ,
              0.000000000000000     ,
              0.000000000000000     ,
              0.000000000000000     ,
              0.000000000000000     ,
              0.000000000000000     ,
              0.000000000000000     ,
              0.000000000000000     ,
              0.000000000000000     ,
              0.000000000000000     ,
              0.000000000000000     ,
              0.000000000000000     ,
 KFFBDRY =            0,
                      0,
                      0,
                      0,
                      0,
                      0,
                      0,
                      0,
                      0,
                      0,
                      0,
                      0,
                      0,
                      0,
                      0,
                      0,
                      0,
                      0,
                      0,
                      0,
                      0,
                      0,
                      0,
                      0,
                      0,
                      0,
                      0,
                      0,
                      0,
                      0,
                      0,
                      0,
                      0,
                      0,
                      0,
                      0,
                      0,
                      0,
                      0,
                      0,
                      0,
                      0,
                      0,
                      0,
                      0,
                      0,
                      0,
                      0,
                      0,
                      0,
                      0,
                      0,
                      0,
                      0,
                      0,
                      0,
                      0,
                      0,
                      0,
                      0,
                      0,
                      0,
                      0,
                      0,
 KFF2BDRY =            0,
                       0,
                       0,
                       0,
                       0,
                       0,
                       0,
                       0,
                       0,
                       0,
                       0,
                       0,
                       0,
                       0,
                       0,
                       0,
                       0,
                       0,
                       0,
                       0,
                       0,
                       0,
                       0,
                       0,
                       0,
                       0,
                       0,
                       0,
                       0,
                       0,
                       0,
                       0,
                       0,
                       0,
                       0,
                       0,
                       0,
                       0,
                       0,
                       0,
                       0,
                       0,
                       0,
                       0,
                       0,
                       0,
                       0,
                       0,
                       0,
                       0,
                       0,
                       0,
                       0,
                       0,
                       0,
                       0,
                       0,
                       0,
                       0,
                       0,
                       0,
                       0,
                       0,
                       0,
 WWBDRY =    0.000000000000000     ,
             0.000000000000000     ,
             0.000000000000000     ,
             0.000000000000000     ,
             0.000000000000000     ,
             0.000000000000000     ,
             0.000000000000000     ,
             0.000000000000000     ,
             0.000000000000000     ,
             0.000000000000000     ,
             0.000000000000000     ,
             0.000000000000000     ,
             0.000000000000000     ,
             0.000000000000000     ,
             0.000000000000000     ,
             0.000000000000000     ,
             0.000000000000000     ,
             0.000000000000000     ,
             0.000000000000000     ,
             0.000000000000000     ,
             0.000000000000000     ,
             0.000000000000000     ,
             0.000000000000000     ,
             0.000000000000000     ,
             0.000000000000000     ,
             0.000000000000000     ,
             0.000000000000000     ,
             0.000000000000000     ,
             0.000000000000000     ,
             0.000000000000000     ,
             0.000000000000000     ,
             0.000000000000000     ,
             0.000000000000000     ,
             0.000000000000000     ,
             0.000000000000000     ,
             0.000000000000000     ,
             0.000000000000000     ,
             0.000000000000000     ,
             0.000000000000000     ,
             0.000000000000000     ,
             0.000000000000000     ,
             0.000000000000000     ,
             0.000000000000000     ,
             0.000000000000000     ,
             0.000000000000000     ,
             0.000000000000000     ,
             0.000000000000000     ,
             0.000000000000000     ,
             0.000000000000000     ,
             0.000000000000000     ,
             0.000000000000000     ,
             0.000000000000000     ,
             0.000000000000000     ,
             0.000000000000000     ,
             0.000000000000000     ,
             0.000000000000000     ,
             0.000000000000000     ,
             0.000000000000000     ,
             0.000000000000000     ,
             0.000000000000000     ,
             0.000000000000000     ,
             0.000000000000000     ,
             0.000000000000000     ,
             0.000000000000000     ,
 WW2BDRY =    0.000000000000000     ,
              0.000000000000000     ,
              0.000000000000000     ,
              0.000000000000000     ,
              0.000000000000000     ,
              0.000000000000000     ,
              0.000000000000000     ,
              0.000000000000000     ,
              0.000000000000000     ,
              0.000000000000000     ,
              0.000000000000000     ,
              0.000000000000000     ,
              0.000000000000000     ,
              0.000000000000000     ,
              0.000000000000000     ,
              0.000000000000000     ,
              0.000000000000000     ,
              0.000000000000000     ,
              0.000000000000000     ,
              0.000000000000000     ,
              0.000000000000000     ,
              0.000000000000000     ,
              0.000000000000000     ,
              0.000000000000000     ,
              0.000000000000000     ,
              0.000000000000000     ,
              0.000000000000000     ,
              0.000000000000000     ,
              0.000000000000000     ,
              0.000000000000000     ,
              0.000000000000000     ,
              0.000000000000000     ,
              0.000000000000000     ,
              0.000000000000000     ,
              0.000000000000000     ,
              0.000000000000000     ,
              0.000000000000000     ,
              0.000000000000000     ,
              0.000000000000000     ,
              0.000000000000000     ,
              0.000000000000000     ,
              0.000000000000000     ,
              0.000000000000000     ,
              0.000000000000000     ,
              0.000000000000000     ,
              0.000000000000000     ,
              0.000000000000000     ,
              0.000000000000000     ,
              0.000000000000000     ,
              0.000000000000000     ,
              0.000000000000000     ,
              0.000000000000000     ,
              0.000000000000000     ,
              0.000000000000000     ,
              0.000000000000000     ,
              0.000000000000000     ,
              0.000000000000000     ,
              0.000000000000000     ,
              0.000000000000000     ,
              0.000000000000000     ,
              0.000000000000000     ,
              0.000000000000000     ,
              0.000000000000000     ,
              0.000000000000000     ,
 KWWBDRY =            0,
                      0,
                      0,
                      0,
                      0,
                      0,
                      0,
                      0,
                      0,
                      0,
                      0,
                      0,
                      0,
                      0,
                      0,
                      0,
                      0,
                      0,
                      0,
                      0,
                      0,
                      0,
                      0,
                      0,
                      0,
                      0,
                      0,
                      0,
                      0,
                      0,
                      0,
                      0,
                      0,
                      0,
                      0,
                      0,
                      0,
                      0,
                      0,
                      0,
                      0,
                      0,
                      0,
                      0,
                      0,
                      0,
                      0,
                      0,
                      0,
                      0,
                      0,
                      0,
                      0,
                      0,
                      0,
                      0,
                      0,
                      0,
                      0,
                      0,
                      0,
                      0,
                      0,
                      0,
 KWW2BDRY =            0,
                       0,
                       0,
                       0,
                       0,
                       0,
                       0,
                       0,
                       0,
                       0,
                       0,
                       0,
                       0,
                       0,
                       0,
                       0,
                       0,
                       0,
                       0,
                       0,
                       0,
                       0,
                       0,
                       0,
                       0,
                       0,
                       0,
                       0,
                       0,
                       0,
                       0,
                       0,
                       0,
                       0,
                       0,
                       0,
                       0,
                       0,
                       0,
                       0,
                       0,
                       0,
                       0,
                       0,
                       0,
                       0,
                       0,
                       0,
                       0,
                       0,
                       0,
                       0,
                       0,
                       0,
                       0,
                       0,
                       0,
                       0,
                       0,
                       0,
                       0,
                       0,
                       0,
                       0,
 KEEFNC =            0,
 KEEKNT =            0,
 EEKNT =    0.000000000000000     ,
            0.000000000000000     ,
            0.000000000000000     ,
            0.000000000000000     ,
            0.000000000000000     ,
            0.000000000000000     ,
            0.000000000000000     ,
            0.000000000000000     ,
            0.000000000000000     ,
            0.000000000000000     ,
            0.000000000000000     ,
            0.000000000000000     ,
            0.000000000000000     ,
            0.000000000000000     ,
            0.000000000000000     ,
            0.000000000000000     ,
            0.000000000000000     ,
            0.000000000000000     ,
            0.000000000000000     ,
            0.000000000000000     ,
            0.000000000000000     ,
            0.000000000000000     ,
            0.000000000000000     ,
            0.000000000000000     ,
            0.000000000000000     ,
            0.000000000000000     ,
            0.000000000000000     ,
            0.000000000000000     ,
            0.000000000000000     ,
            0.000000000000000     ,
            0.000000000000000     ,
            0.000000000000000     ,
 EETENS =    5.000000000000000     ,
 EEBDRY =    0.000000000000000     ,
             0.000000000000000     ,
             0.000000000000000     ,
             0.000000000000000     ,
             0.000000000000000     ,
             0.000000000000000     ,
             0.000000000000000     ,
             0.000000000000000     ,
             0.000000000000000     ,
             0.000000000000000     ,
             0.000000000000000     ,
             0.000000000000000     ,
             0.000000000000000     ,
             0.000000000000000     ,
             0.000000000000000     ,
             0.000000000000000     ,
             0.000000000000000     ,
             0.000000000000000     ,
             0.000000000000000     ,
             0.000000000000000     ,
             0.000000000000000     ,
             0.000000000000000     ,
             0.000000000000000     ,
             0.000000000000000     ,
             0.000000000000000     ,
             0.000000000000000     ,
             0.000000000000000     ,
             0.000000000000000     ,
             0.000000000000000     ,
             0.000000000000000     ,
             0.000000000000000     ,
             0.000000000000000     ,
 EE2BDRY =    0.000000000000000     ,
              0.000000000000000     ,
              0.000000000000000     ,
              0.000000000000000     ,
              0.000000000000000     ,
              0.000000000000000     ,
              0.000000000000000     ,
              0.000000000000000     ,
              0.000000000000000     ,
              0.000000000000000     ,
              0.000000000000000     ,
              0.000000000000000     ,
              0.000000000000000     ,
              0.000000000000000     ,
              0.000000000000000     ,
              0.000000000000000     ,
              0.000000000000000     ,
              0.000000000000000     ,
              0.000000000000000     ,
              0.000000000000000     ,
              0.000000000000000     ,
              0.000000000000000     ,
              0.000000000000000     ,
              0.000000000000000     ,
              0.000000000000000     ,
              0.000000000000000     ,
              0.000000000000000     ,
              0.000000000000000     ,
              0.000000000000000     ,
              0.000000000000000     ,
              0.000000000000000     ,
              0.000000000000000     ,
 KEEBDRY =            0,
                      0,
                      0,
                      0,
                      0,
                      0,
                      0,
                      0,
                      0,
                      0,
                      0,
                      0,
                      0,
                      0,
                      0,
                      0,
                      0,
                      0,
                      0,
                      0,
                      0,
                      0,
                      0,
                      0,
                      0,
                      0,
                      0,
                      0,
                      0,
                      0,
                      0,
                      0,
 KEE2BDRY =            0,
                       0,
                       0,
                       0,
                       0,
                       0,
                       0,
                       0,
                       0,
                       0,
                       0,
                       0,
                       0,
                       0,
                       0,
                       0,
                       0,
                       0,
                       0,
                       0,
                       0,
                       0,
                       0,
                       0,
                       0,
                       0,
                       0,
                       0,
                       0,
                       0,
                       0,
                       0
 /
 &CHIOUT
 SAISIL =    0.000000000000000     ,
             0.000000000000000     ,
             0.000000000000000     ,
             0.000000000000000     ,
             0.000000000000000     ,
             0.000000000000000     ,
             0.000000000000000     ,
             0.000000000000000     ,
             0.000000000000000     ,
             0.000000000000000     ,
             0.000000000000000     ,
             0.000000000000000     ,
             0.000000000000000     ,
             0.000000000000000     ,
             0.000000000000000     ,
             0.000000000000000     ,
             0.000000000000000     ,
             0.000000000000000     ,
             0.000000000000000     ,
             0.000000000000000     ,
             0.000000000000000     ,
             0.000000000000000     ,
             0.000000000000000     ,
             0.000000000000000     ,
             0.000000000000000     ,
             0.000000000000000     ,
             0.000000000000000     ,
             0.000000000000000     ,
             0.000000000000000     ,
             0.000000000000000     ,
             0.000000000000000     ,
             0.000000000000000     ,
             0.000000000000000     ,
             0.000000000000000     ,
             0.000000000000000     ,
             0.000000000000000     ,
             0.000000000000000     ,
             0.000000000000000     ,
             0.000000000000000     ,
             0.000000000000000     ,
             0.000000000000000     ,
             0.000000000000000     ,
             0.000000000000000     ,
             0.000000000000000     ,
 SAIMPI =    0.000000000000000     ,
             0.000000000000000     ,
             0.000000000000000     ,
             0.000000000000000     ,
             0.000000000000000     ,
             0.000000000000000     ,
             0.000000000000000     ,
             0.000000000000000     ,
             0.000000000000000     ,
             0.000000000000000     ,
             0.000000000000000     ,
             0.000000000000000     ,
             0.000000000000000     ,
             0.000000000000000     ,
             0.000000000000000     ,
             0.000000000000000     ,
             0.000000000000000     ,
             0.000000000000000     ,
             0.000000000000000     ,
             0.000000000000000     ,
             0.000000000000000     ,
             0.000000000000000     ,
             0.000000000000000     ,
             0.000000000000000     ,
             0.000000000000000     ,
             0.000000000000000     ,
             0.000000000000000     ,
             0.000000000000000     ,
             0.000000000000000     ,
             0.000000000000000     ,
             0.000000000000000     ,
             0.000000000000000     ,
             0.000000000000000     ,
             0.000000000000000     ,
             0.000000000000000     ,
             0.000000000000000     ,
             0.000000000000000     ,
             0.000000000000000     ,
             0.000000000000000     ,
             0.000000000000000     ,
             0.000000000000000     ,
             0.000000000000000     ,
             0.000000000000000     ,
             0.000000000000000     ,
             0.000000000000000     ,
             0.000000000000000     ,
             0.000000000000000     ,
             0.000000000000000     ,
             0.000000000000000     ,
             0.000000000000000     ,
             0.000000000000000     ,
             0.000000000000000     ,
             0.000000000000000     ,
             0.000000000000000     ,
             0.000000000000000     ,
             0.000000000000000     ,
             0.000000000000000     ,
             0.000000000000000     ,
             0.000000000000000     ,
             0.000000000000000     ,
             0.000000000000000     ,
             0.000000000000000     ,
             0.000000000000000     ,
             0.000000000000000     ,
             0.000000000000000     ,
             0.000000000000000     ,
             0.000000000000000     ,
             0.000000000000000     ,
             0.000000000000000     ,
             0.000000000000000     ,
             0.000000000000000     ,
             0.000000000000000     ,
             0.000000000000000     ,
             0.000000000000000     ,
             0.000000000000000     ,
             0.000000000000000     ,
 SAIPR =    0.000000000000000     ,
 SAIIP =    0.000000000000000     
 /
                                            MAG
