  EFITD    07/09/2014    #     1     1ms           3 129 129
 0.170000000E+01 0.320000000E+01 0.170000000E+01 0.840000000E+00 0.000000000E+00
 0.168350585E+01-0.182871426E-03-0.319101098E+00-0.170540888E+00 0.200000000E+01
 0.983571429E+06-0.319101098E+00 0.000000000E+00 0.168350585E+01 0.000000000E+00
-0.182871426E-03 0.000000000E+00-0.170540888E+00 0.000000000E+00 0.000000000E+00
 0.345080995E+01 0.344995646E+01 0.344909676E+01 0.344824083E+01 0.344739159E+01
 0.344654976E+01 0.344571604E+01 0.344489075E+01 0.344407404E+01 0.344326596E+01
 0.344246647E+01 0.344167547E+01 0.344089276E+01 0.344011821E+01 0.343935204E+01
 0.343859404E+01 0.343784351E+01 0.343709988E+01 0.343636268E+01 0.343563151E+01
 0.343490601E+01 0.343418587E+01 0.343347080E+01 0.343276058E+01 0.343205499E+01
 0.343135382E+01 0.343065692E+01 0.342996414E+01 0.342927532E+01 0.342859036E+01
 0.342790913E+01 0.342723154E+01 0.342655750E+01 0.342588692E+01 0.342521974E+01
 0.342455589E+01 0.342389530E+01 0.342323792E+01 0.342258370E+01 0.342193260E+01
 0.342128458E+01 0.342063960E+01 0.341999763E+01 0.341935864E+01 0.341872261E+01
 0.341808951E+01 0.341745932E+01 0.341683203E+01 0.341620762E+01 0.341558609E+01
 0.341496741E+01 0.341435158E+01 0.341373859E+01 0.341312844E+01 0.341252113E+01
 0.341191664E+01 0.341131500E+01 0.341071618E+01 0.341012017E+01 0.340952704E+01
 0.340893705E+01 0.340835074E+01 0.340776893E+01 0.340719261E+01 0.340662282E+01
 0.340606055E+01 0.340550671E+01 0.340496211E+01 0.340442752E+01 0.340390360E+01
 0.340339099E+01 0.340289024E+01 0.340240183E+01 0.340192623E+01 0.340146381E+01
 0.340101491E+01 0.340057983E+01 0.340015881E+01 0.339975206E+01 0.339935974E+01
 0.339898197E+01 0.339861884E+01 0.339827038E+01 0.339793663E+01 0.339761756E+01
 0.339731313E+01 0.339702326E+01 0.339674786E+01 0.339648682E+01 0.339624000E+01
 0.339600727E+01 0.339578850E+01 0.339558355E+01 0.339539231E+01 0.339521469E+01
 0.339505070E+01 0.339490038E+01 0.339476383E+01 0.339464131E+01 0.339453348E+01
 0.339444116E+01 0.339436454E+01 0.339430307E+01 0.339425611E+01 0.339422369E+01
 0.339420734E+01 0.339421003E+01 0.339423535E+01 0.339428713E+01 0.339436959E+01
 0.339448723E+01 0.339464441E+01 0.339484485E+01 0.339509109E+01 0.339538355E+01
 0.339571963E+01 0.339609346E+01 0.339649584E+01 0.339691462E+01 0.339733612E+01
 0.339774712E+01 0.339813636E+01 0.339849563E+01 0.339882073E+01 0.339911135E+01
 0.339937084E+01 0.339960357E+01 0.339981243E+01 0.340000000E+01
 0.147526362E+04 0.196853905E+04 0.244366523E+04 0.290115679E+04 0.334152837E+04
 0.376529462E+04 0.417297010E+04 0.456506973E+04 0.494210756E+04 0.530459858E+04
 0.565306035E+04 0.598799254E+04 0.630995276E+04 0.661938559E+04 0.691638757E+04
 0.720141707E+04 0.747540131E+04 0.773911097E+04 0.799319747E+04 0.823825465E+04
 0.847480498E+04 0.870331844E+04 0.892421887E+04 0.913789010E+04 0.934468174E+04
 0.954491338E+04 0.973887827E+04 0.992684662E+04 0.101090683E+05 0.102857748E+05
 0.104571809E+05 0.106234868E+05 0.107848798E+05 0.109415350E+05 0.110936161E+05
 0.112412775E+05 0.113846645E+05 0.115239136E+05 0.116591540E+05 0.117905079E+05
 0.119180911E+05 0.120420130E+05 0.121623777E+05 0.122792842E+05 0.123928267E+05
 0.125030950E+05 0.126101742E+05 0.127141460E+05 0.128150883E+05 0.129130757E+05
 0.130081795E+05 0.131004678E+05 0.131900060E+05 0.132768566E+05 0.133610799E+05
 0.134427337E+05 0.135218732E+05 0.135985518E+05 0.136728202E+05 0.137447271E+05
 0.138143192E+05 0.138816416E+05 0.139467383E+05 0.140096527E+05 0.140704275E+05
 0.141291055E+05 0.141857289E+05 0.142403390E+05 0.142929755E+05 0.143436760E+05
 0.143924759E+05 0.144394078E+05 0.144845014E+05 0.145277829E+05 0.145692747E+05
 0.146089948E+05 0.146469571E+05 0.146831702E+05 0.147176370E+05 0.147503541E+05
 0.147813105E+05 0.148104869E+05 0.148378541E+05 0.148633712E+05 0.148869841E+05
 0.149086225E+05 0.149281965E+05 0.149455930E+05 0.149606719E+05 0.149732579E+05
 0.149831341E+05 0.149900352E+05 0.149936322E+05 0.149935185E+05 0.149891973E+05
 0.149800552E+05 0.149653303E+05 0.149440891E+05 0.149151833E+05 0.148771831E+05
 0.148283236E+05 0.147664422E+05 0.146888673E+05 0.145923085E+05 0.144727752E+05
 0.143254593E+05 0.141445959E+05 0.139234069E+05 0.136541074E+05 0.133279738E+05
 0.129356551E+05 0.124678462E+05 0.119161971E+05 0.112745994E+05 0.105409967E+05
 0.971922400E+04 0.882014621E+04 0.786213941E+04 0.687055943E+04 0.587537783E+04
 0.490751252E+04 0.399557227E+04 0.316263038E+04 0.242356215E+04 0.178498655E+04
 0.124613887E+04 0.799285694E+03 0.432154604E+03 0.131863587E+03
-0.251757243E+01-0.255708730E+01-0.255319416E+01-0.253338755E+01-0.251220752E+01
-0.248813441E+01-0.246281017E+01-0.243690881E+01-0.241070411E+01-0.238455624E+01
-0.235866592E+01-0.233308695E+01-0.230842318E+01-0.228361475E+01-0.225777254E+01
-0.223417117E+01-0.221255641E+01-0.219233721E+01-0.217347353E+01-0.215573924E+01
-0.213899775E+01-0.212313074E+01-0.210803291E+01-0.209361730E+01-0.207980843E+01
-0.206654069E+01-0.205375709E+01-0.204140854E+01-0.202945192E+01-0.201784711E+01
-0.200655910E+01-0.199555863E+01-0.198481897E+01-0.197431331E+01-0.196401974E+01
-0.195391973E+01-0.194399455E+01-0.193422592E+01-0.192460046E+01-0.191510486E+01
-0.190572544E+01-0.189644992E+01-0.188726857E+01-0.187817221E+01-0.186915133E+01
-0.186019688E+01-0.185130098E+01-0.184245694E+01-0.183365808E+01-0.182489835E+01
-0.181617171E+01-0.180747132E+01-0.179879136E+01-0.179013557E+01-0.178149361E+01
-0.177284103E+01-0.176418490E+01-0.175562367E+01-0.174704757E+01-0.173807119E+01
-0.172801071E+01-0.171586813E+01-0.170098289E+01-0.168304859E+01-0.166207557E+01
-0.163833594E+01-0.161209023E+01-0.158355134E+01-0.155291839E+01-0.152039478E+01
-0.148617008E+01-0.145042027E+01-0.141331071E+01-0.137499866E+01-0.133563494E+01
-0.129536415E+01-0.125432197E+01-0.121263802E+01-0.117043686E+01-0.112783578E+01
-0.108494715E+01-0.104187958E+01-0.998733744E+00-0.955602353E+00-0.912578495E+00
-0.869740783E+00-0.827158943E+00-0.784897819E+00-0.743010159E+00-0.701519514E+00
-0.660445135E+00-0.619781017E+00-0.579485065E+00-0.539500049E+00-0.499675918E+00
-0.459767007E+00-0.419633158E+00-0.379201135E+00-0.337531234E+00-0.293178261E+00
-0.246838203E+00-0.201380608E+00-0.158141359E+00-0.116547413E+00-0.730377105E-01
-0.225889307E-01 0.382679142E-01 0.109833798E+00 0.193045365E+00 0.289263284E+00
 0.398874540E+00 0.520556963E+00 0.651993403E+00 0.788554547E+00 0.922520199E+00
 0.104399988E+01 0.114357041E+01 0.121135236E+01 0.123990613E+01 0.122748952E+01
 0.117879325E+01 0.110036398E+01 0.100351340E+01 0.900435613E+00 0.801769671E+00
 0.718239707E+00 0.645079685E+00 0.578540126E+00 0.520360029E+00
 0.432937438E+06 0.417078265E+06 0.401662510E+06 0.386690161E+06 0.372161246E+06
 0.358075741E+06 0.344433527E+06 0.331235305E+06 0.318478948E+06 0.306168119E+06
 0.294303666E+06 0.282853837E+06 0.271950282E+06 0.261266549E+06 0.250529365E+06
 0.240635477E+06 0.231496095E+06 0.222930244E+06 0.214913396E+06 0.207370871E+06
 0.200254324E+06 0.193521679E+06 0.187135488E+06 0.181064284E+06 0.175280521E+06
 0.169760046E+06 0.164481630E+06 0.159426742E+06 0.154578958E+06 0.149922954E+06
 0.145445242E+06 0.141134245E+06 0.136979313E+06 0.132969964E+06 0.129097370E+06
 0.125353788E+06 0.121731603E+06 0.118223495E+06 0.114823632E+06 0.111526336E+06
 0.108325934E+06 0.105217267E+06 0.102196007E+06 0.992580353E+05 0.963992493E+05
 0.936157413E+05 0.909039990E+05 0.882609321E+05 0.856835800E+05 0.831690321E+05
 0.807144901E+05 0.783173742E+05 0.759753715E+05 0.736862622E+05 0.714479306E+05
 0.692583519E+05 0.671155334E+05 0.650175265E+05 0.629623460E+05 0.609481437E+05
 0.589734085E+05 0.570370070E+05 0.551381388E+05 0.532763123E+05 0.514513070E+05
 0.496629958E+05 0.479108589E+05 0.461936799E+05 0.445098617E+05 0.428575983E+05
 0.412346739E+05 0.396387158E+05 0.380669454E+05 0.365161131E+05 0.349827187E+05
 0.334633027E+05 0.319535913E+05 0.304489855E+05 0.289444958E+05 0.274339240E+05
 0.259103794E+05 0.243664772E+05 0.227929459E+05 0.211783661E+05 0.195113938E+05
 0.177761586E+05 0.159538968E+05 0.140237832E+05 0.119602562E+05 0.972806990E+04
 0.729068321E+04 0.460137794E+04 0.159707081E+04-0.179305760E+04-0.565334725E+04
-0.101002767E+05-0.152739057E+05-0.213290750E+05-0.284815557E+05-0.370005494E+05
-0.471945702E+05-0.594398237E+05-0.742378481E+05-0.921529976E+05-0.113827568E+06
-0.140028236E+06-0.171636888E+06-0.209517576E+06-0.254541138E+06-0.307454648E+06
-0.368591714E+06-0.437539813E+06-0.513065825E+06-0.592539880E+06-0.671609489E+06
-0.744474930E+06-0.804822255E+06-0.846021805E+06-0.862675795E+06-0.852228156E+06
-0.815604146E+06-0.755857717E+06-0.679473618E+06-0.594093955E+06-0.506304020E+06
-0.422242091E+06-0.347778452E+06-0.284864427E+06-0.232599167E+06
-0.134696470E+00-0.140609675E+00-0.146762496E+00-0.153161261E+00-0.159809748E+00
-0.166708256E+00-0.173852740E+00-0.181234190E+00-0.188838479E+00-0.196646730E+00
-0.204636061E+00-0.212780358E+00-0.221050744E+00-0.229415509E+00-0.237874848E+00
-0.245543404E+00-0.251892132E+00-0.256473714E+00-0.259918144E+00-0.264366380E+00
-0.270255036E+00-0.277793163E+00-0.287302324E+00-0.297858097E+00-0.306474264E+00
-0.313453568E+00-0.319020207E+00-0.323321694E+00-0.326445333E+00-0.328433887E+00
-0.329298948E+00-0.329031720E+00-0.327607369E+00-0.324981563E+00-0.321083611E+00
-0.315809150E+00-0.309010850E+00-0.300484149E+00-0.289945859E+00-0.277007624E+00
-0.261160315E+00-0.245291349E+00-0.231104842E+00-0.218180305E+00-0.206195578E+00
-0.194910849E+00-0.184145078E+00-0.173756856E+00-0.163630874E+00-0.153668508E+00
-0.143781017E+00-0.133884251E+00-0.123894103E+00-0.113722136E+00-0.103270908E+00
-0.924286842E-01-0.810636560E-01-0.690193550E-01-0.562693310E-01-0.449517269E-01
-0.348862680E-01-0.261495432E-01-0.188410065E-01-0.125470817E-01-0.743400323E-02
-0.369169328E-02-0.972572608E-03 0.478458618E-03 0.380451220E-03-0.999357521E-03
-0.400954620E-02-0.833262681E-02-0.117668554E-01-0.144774407E-01-0.165919001E-01
-0.182124866E-01-0.194199756E-01-0.202783277E-01-0.208386373E-01-0.211421664E-01
-0.212226189E-01-0.211078421E-01-0.208211064E-01-0.203820757E-01-0.198075505E-01
-0.191120423E-01-0.183082208E-01-0.174072672E-01-0.164191535E-01-0.153528665E-01
-0.142165884E-01-0.130178424E-01-0.117636119E-01-0.104604369E-01-0.911449298E-02
-0.773165497E-02-0.631754851E-02-0.487759065E-02-0.341702132E-02-0.194092682E-02
-0.454256085E-03 0.103816925E-02 0.253165055E-02 0.402161273E-02 0.550360934E-02
 0.697333136E-02 0.842661920E-02 0.985947734E-02 0.112680908E-01 0.126488428E-01
 0.139983335E-01 0.153133976E-01 0.165911222E-01 0.178288631E-01 0.190242580E-01
 0.201752389E-01 0.212800403E-01 0.223372046E-01 0.233455836E-01 0.243043374E-01
 0.252129282E-01 0.260711120E-01 0.268789259E-01 0.276366732E-01 0.283449059E-01
 0.290044041E-01 0.296161552E-01 0.301813306E-01 0.307012627E-01-0.137086643E+00
-0.143289865E+00-0.149779970E+00-0.156570860E+00-0.163673960E+00-0.171096395E+00
-0.178838876E+00-0.186893922E+00-0.195245383E+00-0.203869908E+00-0.212739908E+00
-0.221826796E+00-0.231121380E+00-0.240025629E+00-0.247663652E+00-0.253866349E+00
-0.258797709E+00-0.262163841E+00-0.264343808E+00-0.267620419E+00-0.272326920E+00
-0.278587363E+00-0.286674300E+00-0.295810303E+00-0.303251970E+00-0.309333927E+00
-0.314220848E+00-0.318001481E+00-0.320721194E+00-0.322395434E+00-0.323018984E+00
-0.322573727E+00-0.321031384E+00-0.318349704E+00-0.314466318E+00-0.309293286E+00
-0.302711233E+00-0.294560125E+00-0.284621660E+00-0.272578233E+00-0.257898791E+00
-0.243181118E+00-0.229886745E+00-0.217599155E+00-0.206062994E+00-0.195095923E+00
-0.184556436E+00-0.174328778E+00-0.164313966E+00-0.154423560E+00-0.144574824E+00
-0.134686610E+00-0.124675485E+00-0.114451834E+00-0.103915774E+00-0.929530949E-01
-0.814320019E-01-0.692023705E-01-0.563181267E-01-0.447496684E-01-0.345378724E-01
-0.256949074E-01-0.182191138E-01-0.118738726E-01-0.675112744E-02-0.293280088E-02
-0.256761806E-03 0.110309822E-02 0.976985678E-03-0.556386668E-03-0.376214466E-02
-0.817694457E-02-0.117655534E-01-0.146041859E-01-0.168149432E-01-0.185013080E-01
-0.197480853E-01-0.206237261E-01-0.211833082E-01-0.214713260E-01-0.215240091E-01
-0.213711515E-01-0.210375235E-01-0.205439531E-01-0.199081561E-01-0.191453757E-01
-0.182688798E-01-0.172903505E-01-0.162201919E-01-0.150677754E-01-0.138416363E-01
-0.125496329E-01-0.111990754E-01-0.979683094E-02-0.834940889E-02-0.686302977E-02
-0.534368072E-02-0.379715916E-02-0.222910623E-02-0.645031204E-03 0.949672212E-03
 0.254971686E-02 0.414991974E-02 0.574520563E-02 0.733061602E-02 0.890132279E-02
 0.104526459E-01 0.119800742E-01 0.134792890E-01 0.149461890E-01 0.163769159E-01
 0.177678801E-01 0.191157850E-01 0.204176496E-01 0.216708278E-01 0.228730252E-01
 0.240223106E-01 0.251171238E-01 0.261562785E-01 0.271389594E-01 0.280647159E-01
 0.289334491E-01 0.297453963E-01 0.305011098E-01 0.312014340E-01 0.318474784E-01
 0.324405895E-01 0.329823208E-01 0.334744026E-01-0.138852764E+00-0.145301740E+00
-0.152088768E+00-0.159239889E+00-0.166780651E+00-0.174733012E+00-0.183109886E+00
-0.191907805E+00-0.201102273E+00-0.210652466E+00-0.220514662E+00-0.230526733E+00
-0.238855876E+00-0.246293475E+00-0.252528607E+00-0.257338490E+00-0.260924049E+00
-0.263011599E+00-0.264040909E+00-0.266068172E+00-0.269286625E+00-0.273572472E+00
-0.278734521E+00-0.284227077E+00-0.289314352E+00-0.293717002E+00-0.297342858E+00
-0.300150787E+00-0.302115537E+00-0.303215214E+00-0.303425748E+00-0.302718119E+00
-0.301056803E+00-0.298398833E+00-0.294693312E+00-0.289881522E+00-0.283898282E+00
-0.276676195E+00-0.268157420E+00-0.258329583E+00-0.247368330E+00-0.236000383E+00
-0.224847791E+00-0.214047995E+00-0.203596824E+00-0.193450033E+00-0.183550467E+00
-0.173837225E+00-0.164248753E+00-0.154723382E+00-0.145198611E+00-0.135609629E+00
-0.125887228E+00-0.115955023E+00-0.105725726E+00-0.950960575E-01-0.839399723E-01
-0.721014501E-01-0.596177771E-01-0.484099974E-01-0.385110107E-01-0.299140036E-01
-0.226089315E-01-0.163773493E-01-0.113062695E-01-0.747007354E-02-0.471981524E-02
-0.321718255E-02-0.311930211E-02-0.436455327E-02-0.722468198E-02-0.112578643E-01
-0.144821404E-01-0.169923257E-01-0.189186236E-01-0.203616443E-01-0.213991482E-01
-0.220921070E-01-0.224891038E-01-0.226294249E-01-0.225452659E-01-0.222633389E-01
-0.218060683E-01-0.211924948E-01-0.204389696E-01-0.195596927E-01-0.185671359E-01
-0.174723779E-01-0.162853728E-01-0.150151668E-01-0.136700741E-01-0.122578212E-01
-0.107856648E-01-0.926048919E-02-0.768888592E-02-0.607721901E-02-0.443167718E-02
-0.275831503E-02-0.106308419E-02 0.648144798E-03 0.236956898E-02 0.409544756E-02
 0.582010383E-02 0.753793408E-02 0.924342283E-02 0.109311639E-01 0.125958865E-01
 0.142324851E-01 0.158360533E-01 0.174019189E-01 0.189256802E-01 0.204032424E-01
 0.218308516E-01 0.232051269E-01 0.245230880E-01 0.257821783E-01 0.269802815E-01
 0.281157332E-01 0.291873240E-01 0.301942973E-01 0.311363389E-01 0.320135608E-01
 0.328264790E-01 0.335759854E-01 0.342633163E-01 0.348900165E-01 0.354579014E-01
 0.359690182E-01 0.364256059E-01-0.139863759E+00-0.146481574E+00-0.153484888E+00
-0.160916432E+00-0.168825367E+00-0.177266867E+00-0.186296900E+00-0.195946495E+00
-0.206159033E+00-0.216573272E+00-0.225992266E+00-0.234374537E+00-0.241539471E+00
-0.247546540E+00-0.252215038E+00-0.255586244E+00-0.257856171E+00-0.258744325E+00
-0.259126217E+00-0.260444726E+00-0.262589637E+00-0.265363694E+00-0.268552935E+00
-0.271902245E+00-0.275149980E+00-0.278082451E+00-0.280549609E+00-0.282450109E+00
-0.283713157E+00-0.284285718E+00-0.284124615E+00-0.283191895E+00-0.281452315E+00
-0.278872389E+00-0.275420835E+00-0.271070702E+00-0.265803903E+00-0.259619599E+00
-0.252548585E+00-0.244675033E+00-0.236157455E+00-0.227216599E+00-0.218069351E+00
-0.208869153E+00-0.199700376E+00-0.190598268E+00-0.181567665E+00-0.172595149E+00
-0.163656169E+00-0.154718996E+00-0.145746755E+00-0.136698235E+00-0.127527855E+00
-0.118184868E+00-0.108611550E+00-0.987393689E-01-0.884796950E-01-0.776963198E-01
-0.662987394E-01-0.561625541E-01-0.470623331E-01-0.390579677E-01-0.322409685E-01
-0.262736692E-01-0.213161001E-01-0.175248832E-01-0.145990034E-01-0.127441204E-01
-0.121738371E-01-0.126464082E-01-0.144949214E-01-0.175032569E-01-0.197530955E-01
-0.214640114E-01-0.227462872E-01-0.236673131E-01-0.242757474E-01-0.246098556E-01
-0.247010641E-01-0.245757951E-01-0.242565834E-01-0.237628457E-01-0.231114572E-01
-0.223172039E-01-0.213931498E-01-0.203509375E-01-0.192010384E-01-0.179529622E-01
-0.166154317E-01-0.151965317E-01-0.137038344E-01-0.121445060E-01-0.105253970E-01
-0.885311912E-02-0.713410960E-02-0.537468517E-02-0.358108566E-02-0.175950861E-02
 0.838651797E-04 0.194285468E-02 0.381127013E-02 0.568291306E-02 0.755158437E-02
 0.941110067E-02 0.112553181E-01 0.130781636E-01 0.148736722E-01 0.166360302E-01
 0.183596221E-01 0.200390812E-01 0.216693404E-01 0.232456838E-01 0.247637949E-01
 0.262198020E-01 0.276103173E-01 0.289324697E-01 0.301839289E-01 0.313629209E-01
 0.324682337E-01 0.334992129E-01 0.344557483E-01 0.353382509E-01 0.361476217E-01
 0.368852137E-01 0.375527878E-01 0.381524643E-01 0.386866723E-01 0.391580970E-01
 0.395696279E-01-0.140006098E+00-0.146677481E+00-0.153762821E+00-0.161318888E+00
-0.169417359E+00-0.178152422E+00-0.187657783E+00-0.198159761E+00-0.208759466E+00
-0.218151329E+00-0.226406330E+00-0.233651257E+00-0.239142539E+00-0.243566247E+00
-0.246743269E+00-0.248367785E+00-0.249031610E+00-0.249714872E+00-0.250690416E+00
-0.252031554E+00-0.253736661E+00-0.255738037E+00-0.257926407E+00-0.260169432E+00
-0.262328368E+00-0.264273272E+00-0.265892427E+00-0.267094685E+00-0.267807259E+00
-0.267971978E+00-0.267541768E+00-0.266478032E+00-0.264749095E+00-0.262329727E+00
-0.259201777E+00-0.255355988E+00-0.250795137E+00-0.245538442E+00-0.239626675E+00
-0.233126140E+00-0.226127997E+00-0.218739502E+00-0.211068383E+00-0.203207609E+00
-0.195227229E+00-0.187173754E+00-0.179073685E+00-0.170938103E+00-0.162766803E+00
-0.154551565E+00-0.146278619E+00-0.137930539E+00-0.129487861E+00-0.120930762E+00
-0.112241362E+00-0.103407814E+00-0.944336583E-01-0.853661935E-01-0.763938813E-01
-0.678799896E-01-0.600442956E-01-0.529611282E-01-0.466603654E-01-0.411576670E-01
-0.364639762E-01-0.325887186E-01-0.295404510E-01-0.273257140E-01-0.259444173E-01
-0.253771522E-01-0.255427656E-01-0.261697001E-01-0.268657539E-01-0.274476224E-01
-0.278598349E-01-0.280865701E-01-0.281269200E-01-0.279865245E-01-0.276740113E-01
-0.271992589E-01-0.265724885E-01-0.258037831E-01-0.249028420E-01-0.238788711E-01
-0.227405532E-01-0.214960638E-01-0.201531130E-01-0.187190011E-01-0.172006798E-01
-0.156048151E-01-0.139378491E-01-0.122060584E-01-0.104156084E-01-0.857260350E-02
-0.668313130E-02-0.475330186E-02-0.278928048E-02-0.797313929E-03 0.121625038E-02
 0.324495312E-02 0.528222000E-02 0.732136776E-02 0.935561943E-02 0.113781293E-01
 0.133820173E-01 0.153604131E-01 0.173065087E-01 0.192136182E-01 0.210752443E-01
 0.228851486E-01 0.246374243E-01 0.263265679E-01 0.279475489E-01 0.294958737E-01
 0.309676413E-01 0.323595901E-01 0.336691322E-01 0.348943754E-01 0.360341308E-01
 0.370879067E-01 0.380558894E-01 0.389389099E-01 0.397384004E-01 0.404563401E-01
 0.410951944E-01 0.416578477E-01 0.421475341E-01 0.425677666E-01 0.429222681E-01
-0.139217346E+00-0.145797999E+00-0.152787172E+00-0.160243083E+00-0.168238945E+00
-0.176867695E+00-0.186246625E+00-0.196514430E+00-0.206591973E+00-0.215088671E+00
-0.222122165E+00-0.227794629E+00-0.231949678E+00-0.234711061E+00-0.236084072E+00
-0.237216194E+00-0.238360488E+00-0.239566420E+00-0.240874653E+00-0.242308169E+00
-0.243863881E+00-0.245510783E+00-0.247194263E+00-0.248843466E+00-0.250379335E+00
-0.251721889E+00-0.252795691E+00-0.253533079E+00-0.253875428E+00-0.253773127E+00
-0.253184973E+00-0.252077500E+00-0.250424555E+00-0.248207301E+00-0.245414713E+00
-0.242044569E+00-0.238104828E+00-0.233615125E+00-0.228607870E+00-0.223128217E+00
-0.217232117E+00-0.210982211E+00-0.204442216E+00-0.197671349E+00-0.190720250E+00
-0.183629050E+00-0.176427313E+00-0.169135193E+00-0.161765159E+00-0.154323919E+00
-0.146814342E+00-0.139237434E+00-0.131594486E+00-0.123889702E+00-0.116133783E+00
-0.108349195E+00-0.100577933E+00-0.928911101E-01-0.853933509E-01-0.782080862E-01
-0.714473701E-01-0.651938781E-01-0.595023930E-01-0.544076202E-01-0.499304012E-01
-0.460809978E-01-0.428597546E-01-0.402552418E-01-0.382394739E-01-0.367597359E-01
-0.357290135E-01-0.350254785E-01-0.345151230E-01-0.340846583E-01-0.336551979E-01
-0.331770791E-01-0.326205408E-01-0.319685291E-01-0.312120307E-01-0.303471497E-01
-0.293732668E-01-0.282918634E-01-0.271057622E-01-0.258186349E-01-0.244346827E-01
-0.229584334E-01-0.213946147E-01-0.197480809E-01-0.180237749E-01-0.162267146E-01
-0.143619953E-01-0.124348037E-01-0.104504382E-01-0.841433335E-02-0.633208578E-02
-0.420947993E-02-0.205251159E-02 0.132592259E-03 0.233935884E-02 0.456106189E-02
 0.679072224E-02 0.902111833E-02 0.112448078E-01 0.134541609E-01 0.156414074E-01
 0.177986952E-01 0.199181623E-01 0.219920191E-01 0.240126408E-01 0.259726655E-01
 0.278650966E-01 0.296834055E-01 0.314216297E-01 0.330744646E-01 0.346373433E-01
 0.361065033E-01 0.374790358E-01 0.387529158E-01 0.399270139E-01 0.410010859E-01
 0.419757442E-01 0.428524101E-01 0.436332505E-01 0.443211006E-01 0.449193773E-01
 0.454319852E-01 0.458632206E-01 0.462176750E-01 0.465001429E-01-0.137515619E+00
-0.143858097E+00-0.150567313E+00-0.157690584E+00-0.165285999E+00-0.173424962E+00
-0.182194023E+00-0.191695419E+00-0.200759347E+00-0.208093493E+00-0.213778708E+00
-0.217941403E+00-0.220387569E+00-0.222368222E+00-0.224188928E+00-0.225890160E+00
-0.227511330E+00-0.229085463E+00-0.230636652E+00-0.232177136E+00-0.233705095E+00
-0.235204111E+00-0.236644546E+00-0.237986412E+00-0.239182986E+00-0.240184479E+00
-0.240941226E+00-0.241406114E+00-0.241536208E+00-0.241293692E+00-0.240646369E+00
-0.239567908E+00-0.238038054E+00-0.236042877E+00-0.233575145E+00-0.230634782E+00
-0.227229344E+00-0.223374338E+00-0.219093182E+00-0.214416564E+00-0.209381065E+00
-0.204027064E+00-0.198396209E+00-0.192528902E+00-0.186462227E+00-0.180228627E+00
-0.173855375E+00-0.167364739E+00-0.160774662E+00-0.154099800E+00-0.147352806E+00
-0.140545833E+00-0.133692263E+00-0.126808724E+00-0.119917434E+00-0.113048780E+00
-0.106243693E+00-0.995547667E-01-0.930445595E-01-0.867802598E-01-0.808263047E-01
-0.752382065E-01-0.700595342E-01-0.653215325E-01-0.610438544E-01-0.572352246E-01
-0.538934486E-01-0.510046066E-01-0.485416186E-01-0.464628783E-01-0.447123751E-01
-0.432230501E-01-0.419237867E-01-0.407476139E-01-0.396375650E-01-0.385487272E-01
-0.374474827E-01-0.363095565E-01-0.351179219E-01-0.338609988E-01-0.325312381E-01
-0.311240563E-01-0.296370500E-01-0.280694238E-01-0.264215764E-01-0.246948046E-01
-0.228910936E-01-0.210129707E-01-0.190634071E-01-0.170457542E-01-0.149637067E-01
-0.128212844E-01-0.106228292E-01-0.837301196E-02-0.607684661E-02-0.373970821E-02
-0.136735290E-02 0.103406318E-02 0.345796845E-02 0.589736643E-02 0.834483499E-02
 0.107925369E-01 0.132322442E-01 0.156553784E-01 0.180530684E-01 0.204162274E-01
 0.227356471E-01 0.250021104E-01 0.272065177E-01 0.293400258E-01 0.313941919E-01
 0.333611196E-01 0.352336008E-01 0.370052467E-01 0.386706035E-01 0.402252479E-01
 0.416658577E-01 0.429902554E-01 0.441974226E-01 0.452874849E-01 0.462616679E-01
 0.471222267E-01 0.478723527E-01 0.485160609E-01 0.490580649E-01 0.495036430E-01
 0.498585029E-01 0.501286494E-01 0.503202590E-01-0.135005740E+00-0.140988211E+00
-0.147268372E+00-0.153874484E+00-0.160839929E+00-0.168206245E+00-0.176028956E+00
-0.184386634E+00-0.192194947E+00-0.197922772E+00-0.201959660E+00-0.205114826E+00
-0.207937590E+00-0.210478057E+00-0.212788868E+00-0.214913540E+00-0.216887444E+00
-0.218737999E+00-0.220484307E+00-0.222136584E+00-0.223695793E+00-0.225153809E+00
-0.226494240E+00-0.227693854E+00-0.228724419E+00-0.229554674E+00-0.230152225E+00
-0.230485195E+00-0.230523550E+00-0.230240100E+00-0.229611236E+00-0.228617466E+00
-0.227243827E+00-0.225480225E+00-0.223321721E+00-0.220768764E+00-0.217827325E+00
-0.214508867E+00-0.210830086E+00-0.206812339E+00-0.202480774E+00-0.197863174E+00
-0.192988659E+00-0.187886393E+00-0.182584474E+00-0.177109131E+00-0.171484286E+00
-0.165731494E+00-0.159870210E+00-0.153918333E+00-0.147892966E+00-0.141811360E+00
-0.135691973E+00-0.129555628E+00-0.123426646E+00-0.117333806E+00-0.111310866E+00
-0.105396304E+00-0.996320343E-01-0.940611238E-01-0.887249833E-01-0.836606986E-01
-0.788990345E-01-0.744632316E-01-0.703684020E-01-0.666212255E-01-0.632197284E-01
-0.601530788E-01-0.574015140E-01-0.549366790E-01-0.527227294E-01-0.507184266E-01
-0.488800709E-01-0.471646738E-01-0.455326185E-01-0.439493230E-01-0.423858686E-01
-0.408188625E-01-0.392298698E-01-0.376046803E-01-0.359325721E-01-0.342056486E-01
-0.324182791E-01-0.305666431E-01-0.286483690E-01-0.266622532E-01-0.246080458E-01
-0.224862902E-01-0.202982060E-01-0.180456076E-01-0.157308504E-01-0.133567995E-01
-0.109268162E-01-0.844475963E-02-0.591499845E-02-0.334243062E-02-0.732508495E-03
 0.190873446E-02 0.457465817E-02 0.725799560E-02 0.995084128E-02 0.126446532E-01
 0.153302720E-01 0.179979625E-01 0.206374796E-01 0.232381629E-01 0.257890591E-01
 0.282790731E-01 0.306971423E-01 0.330324316E-01 0.352745394E-01 0.374137080E-01
 0.394410285E-01 0.413486313E-01 0.431298544E-01 0.447793814E-01 0.462933438E-01
 0.476693834E-01 0.489066708E-01 0.500058816E-01 0.509691292E-01 0.517998582E-01
 0.525027048E-01 0.530833298E-01 0.535482339E-01 0.539045640E-01 0.541599194E-01
 0.543221677E-01 0.543992741E-01-0.131858806E+00-0.137405380E+00-0.143169741E+00
-0.149156870E+00-0.155366718E+00-0.161793048E+00-0.168424735E+00-0.175268841E+00
-0.181197148E+00-0.185780270E+00-0.189812335E+00-0.193392651E+00-0.196601652E+00
-0.199500625E+00-0.202137964E+00-0.204552304E+00-0.206774167E+00-0.208826777E+00
-0.210726419E+00-0.212482614E+00-0.214098319E+00-0.215570286E+00-0.216889681E+00
-0.218042950E+00-0.219012881E+00-0.219779769E+00-0.220322596E+00-0.220620124E+00
-0.220651875E+00-0.220398948E+00-0.219844696E+00-0.218975261E+00-0.217779997E+00
-0.216251801E+00-0.214387347E+00-0.212187237E+00-0.209656035E+00-0.206802189E+00
-0.203637784E+00-0.200178157E+00-0.196441344E+00-0.192447421E+00-0.188217777E+00
-0.183774400E+00-0.179139246E+00-0.174333756E+00-0.169378555E+00-0.164293351E+00
-0.159097024E+00-0.153807896E+00-0.148444123E+00-0.143024207E+00-0.137567547E+00
-0.132094991E+00-0.126629309E+00-0.121195483E+00-0.115820709E+00-0.110534023E+00
-0.105365508E+00-0.100345132E+00-0.955013935E-01-0.908599526E-01-0.864424397E-01
-0.822655341E-01-0.783403220E-01-0.746718927E-01-0.712591341E-01-0.680947184E-01
-0.651653159E-01-0.624521076E-01-0.599316576E-01-0.575771456E-01-0.553598610E-01
-0.532507605E-01-0.512218661E-01-0.492473283E-01-0.473040867E-01-0.453721548E-01
-0.434346180E-01-0.414774446E-01-0.394891985E-01-0.374607158E-01-0.353847874E-01
-0.332558678E-01-0.310698225E-01-0.288237149E-01-0.265156343E-01-0.241445583E-01
-0.217102496E-01-0.192131802E-01-0.166544813E-01-0.140359147E-01-0.113598629E-01
-0.862933629E-02-0.584799325E-02-0.302017237E-02-0.150933034E-03 0.275389821E-02
 0.568767954E-02 0.864290845E-02 0.116111846E-01 0.145831875E-01 0.175486761E-01
 0.204965180E-01 0.234147555E-01 0.262907139E-01 0.291111563E-01 0.318624844E-01
 0.345309807E-01 0.371030857E-01 0.395656965E-01 0.419064740E-01 0.441141438E-01
 0.461787757E-01 0.480920301E-01 0.498473589E-01 0.514401546E-01 0.528678399E-01
 0.541298934E-01 0.552278113E-01 0.561650045E-01 0.569466367E-01 0.575794112E-01
 0.580713178E-01 0.584313550E-01 0.586692424E-01 0.587951398E-01 0.588193856E-01
 0.587522649E-01-0.128272356E+00-0.133357889E+00-0.138593997E+00-0.143967887E+00
-0.149450588E+00-0.154991100E+00-0.160506019E+00-0.165851500E+00-0.170827508E+00
-0.175340377E+00-0.179421235E+00-0.183121878E+00-0.186489520E+00-0.189564589E+00
-0.192381129E+00-0.194967373E+00-0.197346163E+00-0.199535230E+00-0.201547371E+00
-0.203390613E+00-0.205068416E+00-0.206579971E+00-0.207920629E+00-0.209082450E+00
-0.210054863E+00-0.210825395E+00-0.211380421E+00-0.211705905E+00-0.211788084E+00
-0.211614089E+00-0.211172471E+00-0.210453658E+00-0.209450309E+00-0.208157600E+00
-0.206573420E+00-0.204698489E+00-0.202536381E+00-0.200093462E+00-0.197378731E+00
-0.194403563E+00-0.191181377E+00-0.187727243E+00-0.184057459E+00-0.180189138E+00
-0.176139828E+00-0.171927215E+00-0.167568917E+00-0.163082387E+00-0.158484914E+00
-0.153793734E+00-0.149026202E+00-0.144200025E+00-0.139333504E+00-0.134445755E+00
-0.129556864E+00-0.124687913E+00-0.119860859E+00-0.115098216E+00-0.110422551E+00
-0.105855824E+00-0.101418634E+00-0.971294422E-01-0.930038614E-01-0.890540505E-01
-0.852882578E-01-0.817105192E-01-0.783205180E-01-0.751136129E-01-0.720810431E-01
-0.692103221E-01-0.664858186E-01-0.638894985E-01-0.614017736E-01-0.590023768E-01
-0.566711772E-01-0.543888627E-01-0.521374486E-01-0.499006027E-01-0.476638070E-01
-0.454143890E-01-0.431414613E-01-0.408358041E-01-0.384897193E-01-0.360968754E-01
-0.336521578E-01-0.311515329E-01-0.285919301E-01-0.259711445E-01-0.232877605E-01
-0.205410970E-01-0.177311721E-01-0.148586883E-01-0.119250351E-01-0.893231091E-02
-0.588336027E-02-0.278182768E-02 0.367775091E-03 0.355999006E-02 0.678832610E-02
 0.100451691E-01 0.133216961E-01 0.166078031E-01 0.198920576E-01 0.231616897E-01
 0.264026365E-01 0.295996522E-01 0.327364941E-01 0.357961886E-01 0.387613720E-01
 0.416146924E-01 0.443392534E-01 0.469190726E-01 0.493395302E-01 0.515877827E-01
 0.536531240E-01 0.555272795E-01 0.572046216E-01 0.586823002E-01 0.599602811E-01
 0.610412890E-01 0.619306524E-01 0.626360558E-01 0.631672103E-01 0.635354610E-01
 0.637533569E-01 0.638342129E-01 0.637916916E-01 0.636394283E-01 0.633907153E-01
-0.124419165E+00-0.129045871E+00-0.133798470E+00-0.138654622E+00-0.143587935E+00
-0.148498132E+00-0.153320756E+00-0.157992047E+00-0.162447383E+00-0.166641099E+00
-0.170554301E+00-0.174188438E+00-0.177555697E+00-0.180672510E+00-0.183556025E+00
-0.186222291E+00-0.188685301E+00-0.190956481E+00-0.193044422E+00-0.194954775E+00
-0.196690273E+00-0.198250860E+00-0.199633929E+00-0.200834647E+00-0.201846357E+00
-0.202661039E+00-0.203269791E+00-0.203663321E+00-0.203832423E+00-0.203768419E+00
-0.203463556E+00-0.202911346E+00-0.202106860E+00-0.201046943E+00-0.199730387E+00
-0.198158023E+00-0.196332754E+00-0.194259528E+00-0.191945241E+00-0.189398581E+00
-0.186629832E+00-0.183650636E+00-0.180473740E+00-0.177112748E+00-0.173581884E+00
-0.169895802E+00-0.166069440E+00-0.162117927E+00-0.158056552E+00-0.153900778E+00
-0.149666294E+00-0.145369089E+00-0.141025533E+00-0.136652425E+00-0.132267001E+00
-0.127886874E+00-0.123529880E+00-0.119213839E+00-0.114956214E+00-0.110773700E+00
-0.106681775E+00-0.102694228E+00-0.988227234E-01-0.950764231E-01-0.914616867E-01
-0.879818760E-01-0.846372670E-01-0.814250794E-01-0.783396256E-01-0.753725762E-01
-0.725133326E-01-0.697494849E-01-0.670673260E-01-0.644523825E-01-0.618899220E-01
-0.593654040E-01-0.568648484E-01-0.543751116E-01-0.518840715E-01-0.493807304E-01
-0.468552525E-01-0.442989520E-01-0.417042473E-01-0.390645965E-01-0.363744233E-01
-0.336290430E-01-0.308245937E-01-0.279579772E-01-0.250268127E-01-0.220294046E-01
-0.189647269E-01-0.158324245E-01-0.126328331E-01-0.936701839E-02-0.603683535E-02
-0.264500938E-02 0.804761525E-03 0.430768306E-02 0.785772142E-02 0.114474445E-01
 0.150678550E-01 0.187082266E-01 0.223559611E-01 0.259964894E-01 0.296132444E-01
 0.331877361E-01 0.366997550E-01 0.401277200E-01 0.434491674E-01 0.466413576E-01
 0.496819588E-01 0.525497537E-01 0.552253211E-01 0.576916506E-01 0.599346665E-01
 0.619436462E-01 0.637115284E-01 0.652351042E-01 0.665150838E-01 0.675560255E-01
 0.683661149E-01 0.689567922E-01 0.693422347E-01 0.695387295E-01 0.695639824E-01
 0.694364235E-01 0.691745658E-01 0.687964607E-01 0.683192734E-01-0.120569128E+00
-0.124805331E+00-0.129150629E+00-0.133585165E+00-0.138084300E+00-0.142543900E+00
-0.146914009E+00-0.151161119E+00-0.155252581E+00-0.159161812E+00-0.162871093E+00
-0.166371605E+00-0.169661598E+00-0.172744018E+00-0.175624434E+00-0.178309466E+00
-0.180805695E+00-0.183118928E+00-0.185253729E+00-0.187213140E+00-0.188998553E+00
-0.190609692E+00-0.192044703E+00-0.193300317E+00-0.194372079E+00-0.195254625E+00
-0.195941985E+00-0.196427911E+00-0.196706189E+00-0.196770952E+00-0.196616962E+00
-0.196239863E+00-0.195636394E+00-0.194804565E+00-0.193743788E+00-0.192454957E+00
-0.190940490E+00-0.189204321E+00-0.187251849E+00-0.185089857E+00-0.182726386E+00
-0.180170601E+00-0.177432632E+00-0.174523423E+00-0.171454581E+00-0.168238246E+00
-0.164886985E+00-0.161413711E+00-0.157831630E+00-0.154154212E+00-0.150395182E+00
-0.146568509E+00-0.142688406E+00-0.138769299E+00-0.134825775E+00-0.130872491E+00
-0.126924029E+00-0.122994712E+00-0.119098365E+00-0.115248044E+00-0.111455751E+00
-0.107732134E+00-0.104086214E+00-0.100525145E+00-0.970540260E-01-0.936757737E-01
-0.903910705E-01-0.871983867E-01-0.840940806E-01-0.810725718E-01-0.781265788E-01
-0.752474093E-01-0.724252830E-01-0.696496686E-01-0.669096138E-01-0.641940491E-01
-0.614920512E-01-0.587930591E-01-0.560870372E-01-0.533645904E-01-0.506170337E-01
-0.478364272E-01-0.450155812E-01-0.421480433E-01-0.392280712E-01-0.362506006E-01
-0.332112119E-01-0.301060997E-01-0.269320497E-01-0.236864258E-01-0.203671697E-01
-0.169728155E-01-0.135025230E-01-0.995613150E-02-0.633423876E-02-0.263830694E-02
 0.112919886E-02 0.496463675E-02 0.886297562E-02 0.128175432E-01 0.168197379E-01
 0.208587136E-01 0.249210586E-01 0.289905043E-01 0.330477138E-01 0.370702207E-01
 0.410325879E-01 0.449068429E-01 0.486632059E-01 0.522710643E-01 0.557000967E-01
 0.589214208E-01 0.619086512E-01 0.646388016E-01 0.670930051E-01 0.692570698E-01
 0.711218887E-01 0.726837206E-01 0.739443304E-01 0.749109543E-01 0.755960386E-01
 0.760167054E-01 0.761939362E-01 0.761515197E-01 0.759148727E-01 0.755098730E-01
 0.749618355E-01 0.742947152E-01 0.735305674E-01-0.116851679E+00-0.120770662E+00
-0.124782891E+00-0.128874946E+00-0.133017409E+00-0.137130508E+00-0.141166445E+00
-0.145101981E+00-0.148916129E+00-0.152590748E+00-0.156111601E+00-0.159468710E+00
-0.162656036E+00-0.165670737E+00-0.168512263E+00-0.171181496E+00-0.173680012E+00
-0.176009506E+00-0.178171359E+00-0.180166343E+00-0.181994439E+00-0.183654751E+00
-0.185145503E+00-0.186464098E+00-0.187607237E+00-0.188571072E+00-0.189351398E+00
-0.189943850E+00-0.190344116E+00-0.190548147E+00-0.190552349E+00-0.190353765E+00
-0.189950232E+00-0.189340509E+00-0.188524378E+00-0.187502713E+00-0.186277522E+00
-0.184851950E+00-0.183230261E+00-0.181417794E+00-0.179420894E+00-0.177246828E+00
-0.174903696E+00-0.172400327E+00-0.169746189E+00-0.166951295E+00-0.164026124E+00
-0.160981550E+00-0.157828787E+00-0.154579336E+00-0.151244952E+00-0.147837591E+00
-0.144369376E+00-0.140852529E+00-0.137299303E+00-0.133721882E+00-0.130132255E+00
-0.126542073E+00-0.122962474E+00-0.119403898E+00-0.115875891E+00-0.112386914E+00
-0.108944158E+00-0.105553397E+00-0.102218859E+00-0.989431479E-01-0.957272097E-01
-0.925703480E-01-0.894702888E-01-0.864232929E-01-0.834243091E-01-0.804671605E-01
-0.775447534E-01-0.746492970E-01-0.717725236E-01-0.689058959E-01-0.660407953E-01
-0.631686841E-01-0.602812378E-01-0.573704471E-01-0.544286927E-01-0.514487929E-01
-0.484240314E-01-0.453481678E-01-0.422154360E-01-0.390205347E-01-0.357586144E-01
-0.324252643E-01-0.290165018E-01-0.255287697E-01-0.219589418E-01-0.183043426E-01
-0.145627833E-01-0.107326201E-01-0.681283853E-02-0.280317254E-02 0.129573489E-02
 0.548211880E-02 0.975281572E-02 0.141029110E-01 0.185252987E-01 0.230101483E-01
 0.275442857E-01 0.321105227E-01 0.366870135E-01 0.412467770E-01 0.457575780E-01
 0.501823757E-01 0.544804547E-01 0.586091676E-01 0.625260067E-01 0.661906296E-01
 0.695665440E-01 0.726223416E-01 0.753325355E-01 0.776781347E-01 0.796470893E-01
 0.812346875E-01 0.824439045E-01 0.832856142E-01 0.837784868E-01 0.839483644E-01
 0.838269730E-01 0.834500213E-01 0.828549692E-01 0.820788768E-01 0.811566855E-01
 0.801200948E-01 0.789970079E-01-0.113285744E+00-0.116936357E+00-0.120675137E+00
-0.124490244E+00-0.128363227E+00-0.132205894E+00-0.135981139E+00-0.139673031E+00
-0.143266307E+00-0.146747266E+00-0.150104259E+00-0.153327925E+00-0.156411161E+00
-0.159348894E+00-0.162137699E+00-0.164775381E+00-0.167260555E+00-0.169592274E+00
-0.171769721E+00-0.173791976E+00-0.175657848E+00-0.177365773E+00-0.178913771E+00
-0.180299458E+00-0.181520087E+00-0.182572635E+00-0.183453911E+00-0.184160676E+00
-0.184689782E+00-0.185038303E+00-0.185203669E+00-0.185183790E+00-0.184977167E+00
-0.184582982E+00-0.184001177E+00-0.183232507E+00-0.182278577E+00-0.181141856E+00
-0.179825670E+00-0.178334188E+00-0.176672383E+00-0.174845984E+00-0.172861428E+00
-0.170725794E+00-0.168446742E+00-0.166032452E+00-0.163491562E+00-0.160833111E+00
-0.158066481E+00-0.155201348E+00-0.152247625E+00-0.149215408E+00-0.146114917E+00
-0.142956425E+00-0.139750182E+00-0.136506321E+00-0.133234750E+00-0.129945040E+00
-0.126646294E+00-0.123347006E+00-0.120054935E+00-0.116776960E+00-0.113518970E+00
-0.110285749E+00-0.107080901E+00-0.103906796E+00-0.100764540E+00-0.976539908E-01
-0.945737983E-01-0.915214746E-01-0.884934950E-01-0.854854188E-01-0.824920266E-01
-0.795074661E-01-0.765254002E-01-0.735391507E-01-0.705418314E-01-0.675264669E-01
-0.644860951E-01-0.614138493E-01-0.583030237E-01-0.551471202E-01-0.519398795E-01
-0.486752998E-01-0.453476436E-01-0.419514375E-01-0.384814665E-01-0.349327658E-01
-0.313006129E-01-0.275805230E-01-0.237682500E-01-0.198597974E-01-0.158514425E-01
-0.117397794E-01-0.752178762E-02-0.319493411E-02 0.124267749E-02 0.579209588E-02
 0.104532263E-01 0.152244209E-01 0.201019157E-01 0.250790678E-01 0.301453408E-01
 0.352850037E-01 0.404755716E-01 0.456861699E-01 0.508762769E-01 0.559956014E-01
 0.609858416E-01 0.657843942E-01 0.703289985E-01 0.745618283E-01 0.784321296E-01
 0.818974426E-01 0.849239543E-01 0.874865541E-01 0.895689950E-01 0.911643842E-01
 0.922760637E-01 0.929187424E-01 0.931194381E-01 0.929174487E-01 0.923624921E-01
 0.915107787E-01 0.904199506E-01 0.891445067E-01 0.877328547E-01 0.862261104E-01
 0.846581321E-01-0.109911007E+00-0.113338519E+00-0.116851549E+00-0.120440189E+00
-0.124093332E+00-0.127717881E+00-0.131284006E+00-0.134779878E+00-0.138193593E+00
-0.141514172E+00-0.144731824E+00-0.147838095E+00-0.150825901E+00-0.153689454E+00
-0.156424110E+00-0.159026164E+00-0.161492629E+00-0.163821016E+00-0.166009137E+00
-0.168054943E+00-0.169956397E+00-0.171711386E+00-0.173317672E+00-0.174772873E+00
-0.176074479E+00-0.177219889E+00-0.178206470E+00-0.179031626E+00-0.179692887E+00
-0.180187985E+00-0.180514948E+00-0.180672175E+00-0.180658516E+00-0.180473334E+00
-0.180116558E+00-0.179588728E+00-0.178891019E+00-0.178025263E+00-0.176993951E+00
-0.175800229E+00-0.174447886E+00-0.172941331E+00-0.171285567E+00-0.169486157E+00
-0.167549189E+00-0.165481233E+00-0.163289298E+00-0.160980782E+00-0.158563426E+00
-0.156045258E+00-0.153434543E+00-0.150739720E+00-0.147969338E+00-0.145131993E+00
-0.142236243E+00-0.139290530E+00-0.136303090E+00-0.133281855E+00-0.130234353E+00
-0.127167607E+00-0.124088031E+00-0.121001339E+00-0.117912453E+00-0.114825434E+00
-0.111743422E+00-0.108668597E+00-0.105602160E+00-0.102544340E+00-0.994944157E-01
-0.964507660E-01-0.934109299E-01-0.903716884E-01-0.873291540E-01-0.842788683E-01
-0.812159028E-01-0.781349569E-01-0.750304519E-01-0.718966162E-01-0.687275606E-01
-0.655173409E-01-0.622600092E-01-0.589496517E-01-0.555804154E-01-0.521465235E-01
-0.486422820E-01-0.450620781E-01-0.414003719E-01-0.376516843E-01-0.338105810E-01
-0.298716570E-01-0.258295206E-01-0.216787823E-01-0.174140494E-01-0.130299323E-01
-0.852106644E-02-0.388215879E-02 0.891929903E-03 0.580604987E-02 0.108645481E-01
 0.160709354E-01 0.214273708E-01 0.269338658E-01 0.325870492E-01 0.383782508E-01
 0.442905682E-01 0.502945957E-01 0.563430318E-01 0.623662177E-01 0.682733696E-01
 0.739629537E-01 0.793372426E-01 0.843120210E-01 0.888190535E-01 0.928045910E-01
 0.962270109E-01 0.990549783E-01 0.101266586E+00 0.102849681E+00 0.103803616E+00
 0.104142711E+00 0.103901254E+00 0.103138220E+00 0.101936848E+00 0.100394572E+00
 0.986070939E-01 0.966566025E-01 0.946081510E-01 0.925111251E-01 0.904022475E-01
-0.106747861E+00-0.109992454E+00-0.113318084E+00-0.116719561E+00-0.120177207E+00
-0.123621841E+00-0.127017687E+00-0.130353743E+00-0.133620292E+00-0.136808206E+00
-0.139909086E+00-0.142915362E+00-0.145820332E+00-0.148618150E+00-0.151303766E+00
-0.153872827E+00-0.156321561E+00-0.158646660E+00-0.160845157E+00-0.162914322E+00
-0.164851574E+00-0.166654418E+00-0.168320398E+00-0.169847072E+00-0.171232017E+00
-0.172472835E+00-0.173567185E+00-0.174512825E+00-0.175307652E+00-0.175949760E+00
-0.176437487E+00-0.176769472E+00-0.176944694E+00-0.176962521E+00-0.176822741E+00
-0.176525592E+00-0.176071783E+00-0.175462508E+00-0.174699457E+00-0.173784824E+00
-0.172721304E+00-0.171512097E+00-0.170160906E+00-0.168671924E+00-0.167049823E+00
-0.165299727E+00-0.163427189E+00-0.161438147E+00-0.159338883E+00-0.157135974E+00
-0.154836239E+00-0.152446679E+00-0.149974415E+00-0.147426622E+00-0.144810454E+00
-0.142132973E+00-0.139401068E+00-0.136621375E+00-0.133800198E+00-0.130943424E+00
-0.128056447E+00-0.125144098E+00-0.122210578E+00-0.119259401E+00-0.116293355E+00
-0.113314465E+00-0.110323988E+00-0.107322403E+00-0.104309429E+00-0.101284056E+00
-0.982445799E-01-0.951886608E-01-0.921133774E-01-0.890152941E-01-0.858905277E-01
-0.827348144E-01-0.795435749E-01-0.763119732E-01-0.730349697E-01-0.697073659E-01
-0.663238407E-01-0.628789767E-01-0.593672776E-01-0.557831767E-01-0.521210361E-01
-0.483751382E-01-0.445396690E-01-0.406086956E-01-0.365761359E-01-0.324357241E-01
-0.281809705E-01-0.238051169E-01-0.193010891E-01-0.146614473E-01-0.987833554E-02
-0.494343479E-02 0.152077377E-03 0.541755176E-02 0.108628642E-01 0.164983609E-01
 0.223347112E-01 0.283825896E-01 0.346520315E-01 0.411511373E-01 0.478833721E-01
 0.548416312E-01 0.619945409E-01 0.692573089E-01 0.764610420E-01 0.833948833E-01
 0.898906299E-01 0.958363847E-01 0.101156289E+00 0.105795399E+00 0.109711410E+00
 0.112870198E+00 0.115243538E+00 0.116808463E+00 0.117548542E+00 0.117458591E+00
 0.116556972E+00 0.114913646E+00 0.112686712E+00 0.110092643E+00 0.107310779E+00
 0.104455983E+00 0.101599275E+00 0.987856079E-01 0.960438220E-01-0.103768597E+00
-0.106854126E+00-0.110022718E+00-0.113269218E+00-0.116580959E+00-0.119880069E+00
-0.123136352E+00-0.126341505E+00-0.129487382E+00-0.132566205E+00-0.135570658E+00
-0.138493961E+00-0.141329908E+00-0.144072874E+00-0.146717796E+00-0.149260133E+00
-0.151695803E+00-0.154021123E+00-0.156232737E+00-0.158327555E+00-0.160302689E+00
-0.162155416E+00-0.163883139E+00-0.165483363E+00-0.166953692E+00-0.168291829E+00
-0.169495582E+00-0.170562889E+00-0.171491842E+00-0.172280709E+00-0.172927967E+00
-0.173432329E+00-0.173792769E+00-0.174008543E+00-0.174079211E+00-0.174004647E+00
-0.173785052E+00-0.173420964E+00-0.172913265E+00-0.172263197E+00-0.171472380E+00
-0.170542830E+00-0.169476991E+00-0.168277751E+00-0.166948453E+00-0.165492896E+00
-0.163915312E+00-0.162220339E+00-0.160412977E+00-0.158498542E+00-0.156482615E+00
-0.154370977E+00-0.152169556E+00-0.149884351E+00-0.147521371E+00-0.145086567E+00
-0.142585756E+00-0.140024555E+00-0.137408314E+00-0.134742046E+00-0.132030367E+00
-0.129277437E+00-0.126486910E+00-0.123661888E+00-0.120804889E+00-0.117917823E+00
-0.115001974E+00-0.112057999E+00-0.109085937E+00-0.106085218E+00-0.103054698E+00
-0.999926833E-01-0.968969739E-01-0.937649033E-01-0.905933841E-01-0.873789519E-01
-0.841178086E-01-0.808058616E-01-0.774387594E-01-0.740119205E-01-0.705205557E-01
-0.669596834E-01-0.633241369E-01-0.596085627E-01-0.558074116E-01-0.519149201E-01
-0.479250833E-01-0.438316190E-01-0.396279212E-01-0.353070043E-01-0.308614352E-01
-0.262832537E-01-0.215638775E-01-0.166939910E-01-0.116634140E-01-0.646094479E-02
-0.107417396E-02 0.451074244E-02 0.103093609E-01 0.163392996E-01 0.226206875E-01
 0.291767656E-01 0.360347298E-01 0.432269995E-01 0.507933176E-01 0.587847551E-01
 0.672733325E-01 0.763894667E-01 0.858215111E-01 0.945798687E-01 0.102599937E+00
 0.109757379E+00 0.116008586E+00 0.121404106E+00 0.125939827E+00 0.129566283E+00
 0.132169800E+00 0.133709714E+00 0.134224987E+00 0.133683499E+00 0.131985493E+00
 0.128915410E+00 0.124576175E+00 0.120308677E+00 0.116163489E+00 0.112175298E+00
 0.108364025E+00 0.104739877E+00 0.101306410E+00-0.100982081E+00-0.103933060E+00
-0.106969864E+00-0.110087259E+00-0.113281221E+00-0.116460334E+00-0.119602107E+00
-0.122700226E+00-0.125747717E+00-0.128737827E+00-0.131664107E+00-0.134520465E+00
-0.137301196E+00-0.140001008E+00-0.142615013E+00-0.145138719E+00-0.147567999E+00
-0.149899061E+00-0.152128409E+00-0.154252801E+00-0.156269220E+00-0.158174839E+00
-0.159966995E+00-0.161643178E+00-0.163201012E+00-0.164638257E+00-0.165952807E+00
-0.167142697E+00-0.168206113E+00-0.169141404E+00-0.169947089E+00-0.170621871E+00
-0.171164646E+00-0.171574502E+00-0.171850725E+00-0.171992795E+00-0.172000383E+00
-0.171873342E+00-0.171611712E+00-0.171215731E+00-0.170685866E+00-0.170022878E+00
-0.169227890E+00-0.168302454E+00-0.167248605E+00-0.166068887E+00-0.164766339E+00
-0.163344446E+00-0.161807097E+00-0.160158540E+00-0.158403325E+00-0.156546239E+00
-0.154592241E+00-0.152546393E+00-0.150413799E+00-0.148199535E+00-0.145908586E+00
-0.143545784E+00-0.141115748E+00-0.138622825E+00-0.136071044E+00-0.133464060E+00
-0.130805117E+00-0.128097011E+00-0.125342062E+00-0.122542091E+00-0.119698408E+00
-0.116811806E+00-0.113882562E+00-0.110910446E+00-0.107894736E+00-0.104834236E+00
-0.101727302E+00-0.985718675E-01-0.953654718E-01-0.921052879E-01-0.887881507E-01
-0.854105805E-01-0.819688054E-01-0.784587768E-01-0.748761812E-01-0.712164450E-01
-0.674747320E-01-0.636459338E-01-0.597246516E-01-0.557051688E-01-0.515814140E-01
-0.473469131E-01-0.429947286E-01-0.385173858E-01-0.339067815E-01-0.291540750E-01
-0.242495542E-01-0.191824739E-01-0.139408572E-01-0.851125106E-02-0.287842046E-02
 0.297503894E-02 0.906920040E-02 0.154274650E-01 0.220774545E-01 0.290522617E-01
 0.363922739E-01 0.441479630E-01 0.523843844E-01 0.611887622E-01 0.706830364E-01
 0.810386553E-01 0.925305144E-01 0.103227708E+00 0.112647500E+00 0.121036073E+00
 0.128421124E+00 0.134803734E+00 0.139955048E+00 0.143875580E+00 0.146736694E+00
 0.148505085E+00 0.149117983E+00 0.148256978E+00 0.145833546E+00 0.141868053E+00
 0.136105125E+00 0.129980905E+00 0.124363853E+00 0.119181785E+00 0.114387454E+00
 0.109946681E+00 0.105831241E+00-0.984011668E-01-0.101243673E+00-0.104170356E+00
-0.107179686E+00-0.110256223E+00-0.113334365E+00-0.116382587E+00-0.119393871E+00
-0.122362113E+00-0.125281367E+00-0.128145882E+00-0.130950149E+00-0.133688935E+00
-0.136357304E+00-0.138950624E+00-0.141464571E+00-0.143895118E+00-0.146238515E+00
-0.148491276E+00-0.150650153E+00-0.152712112E+00-0.154674320E+00-0.156534120E+00
-0.158289023E+00-0.159936695E+00-0.161474949E+00-0.162901746E+00-0.164215186E+00
-0.165413517E+00-0.166495127E+00-0.167458546E+00-0.168302445E+00-0.169025625E+00
-0.169627008E+00-0.170105621E+00-0.170460570E+00-0.170691012E+00-0.170796122E+00
-0.170775058E+00-0.170626939E+00-0.170350875E+00-0.169946121E+00-0.169412254E+00
-0.168749321E+00-0.167957970E+00-0.167039543E+00-0.165996071E+00-0.164830054E+00
-0.163544435E+00-0.162142591E+00-0.160628280E+00-0.159005533E+00-0.157278571E+00
-0.155451750E+00-0.153529495E+00-0.151516234E+00-0.149416334E+00-0.147234040E+00
-0.144973433E+00-0.142638372E+00-0.140232452E+00-0.137758960E+00-0.135220845E+00
-0.132620682E+00-0.129960651E+00-0.127242519E+00-0.124467627E+00-0.121636880E+00
-0.118750752E+00-0.115809283E+00-0.112812090E+00-0.109758377E+00-0.106646948E+00
-0.103476226E+00-0.100244266E+00-0.969487731E-01-0.935871185E-01-0.901563536E-01
-0.866532201E-01-0.830741576E-01-0.794153055E-01-0.756725005E-01-0.718412668E-01
-0.679168000E-01-0.638939420E-01-0.597671480E-01-0.555304420E-01-0.511773619E-01
-0.467008904E-01-0.420933697E-01-0.373463984E-01-0.324507053E-01-0.273959953E-01
-0.221707613E-01-0.167620534E-01-0.111551926E-01-0.533341416E-02 0.722581324E-03
 0.703519892E-02 0.136306831E-01 0.205400703E-01 0.278004341E-01 0.354565174E-01
 0.435628410E-01 0.521863037E-01 0.614089775E-01 0.713299948E-01 0.820641058E-01
 0.937334515E-01 0.105917654E+00 0.116776267E+00 0.126365689E+00 0.134712740E+00
 0.141774327E+00 0.147503962E+00 0.151996031E+00 0.155276508E+00 0.157299880E+00
 0.157944720E+00 0.157083985E+00 0.154723135E+00 0.150785855E+00 0.145124532E+00
 0.137805198E+00 0.130954977E+00 0.124735934E+00 0.119078908E+00 0.113924858E+00
 0.109221917E+00-0.959831991E-01-0.987294747E-01-0.101563584E+00-0.104483607E+00
-0.107478789E+00-0.110476691E+00-0.113449335E+00-0.116391216E+00-0.119296940E+00
-0.122161190E+00-0.124978773E+00-0.127744664E+00-0.130454041E+00-0.133102311E+00
-0.135685121E+00-0.138198369E+00-0.140638201E+00-0.143000999E+00-0.145283378E+00
-0.147482171E+00-0.149594414E+00-0.151617333E+00-0.153548335E+00-0.155384995E+00
-0.157125048E+00-0.158766381E+00-0.160307026E+00-0.161745156E+00-0.163079081E+00
-0.164307236E+00-0.165428176E+00-0.166440565E+00-0.167343154E+00-0.168134760E+00
-0.168814232E+00-0.169380407E+00-0.169832051E+00-0.170167777E+00-0.170385929E+00
-0.170484416E+00-0.170460423E+00-0.170311108E+00-0.170033961E+00-0.169627088E+00
-0.169089456E+00-0.168421204E+00-0.167624193E+00-0.166700012E+00-0.165650702E+00
-0.164478979E+00-0.163188202E+00-0.161781915E+00-0.160263822E+00-0.158637790E+00
-0.156907812E+00-0.155077882E+00-0.153151938E+00-0.151133823E+00-0.149027242E+00
-0.146835716E+00-0.144562543E+00-0.142210758E+00-0.139783106E+00-0.137282016E+00
-0.134709581E+00-0.132067542E+00-0.129357281E+00-0.126579811E+00-0.123735775E+00
-0.120825444E+00-0.117848723E+00-0.114805155E+00-0.111693926E+00-0.108513877E+00
-0.105263509E+00-0.101940995E+00-0.985441863E-01-0.950706178E-01-0.915175127E-01
-0.878817829E-01-0.841600250E-01-0.803485123E-01-0.764431810E-01-0.724396097E-01
-0.683329921E-01-0.641181007E-01-0.597892414E-01-0.553401958E-01-0.507641520E-01
-0.460536186E-01-0.412003209E-01-0.361950758E-01-0.310276388E-01-0.256865196E-01
-0.201587572E-01-0.144296460E-01-0.848239978E-02-0.229774010E-02 0.414660942E-02
 0.108765433E-01 0.179223292E-01 0.253195123E-01 0.331099643E-01 0.413430265E-01
 0.500766051E-01 0.593779332E-01 0.693235538E-01 0.799980531E-01 0.914913868E-01
 0.103913156E+00 0.115975224E+00 0.126544357E+00 0.135517305E+00 0.143141614E+00
 0.149488751E+00 0.154578675E+00 0.158298902E+00 0.160495027E+00 0.161350330E+00
 0.160857172E+00 0.158953209E+00 0.155433693E+00 0.150070492E+00 0.142974887E+00
 0.135205903E+00 0.128200839E+00 0.121897016E+00 0.116220650E+00 0.111101805E+00
-0.937263225E-01-0.963903681E-01-0.991471340E-01-0.101993790E+00-0.104930331E+00
-0.107863968E+00-0.110776621E+00-0.113664425E+00-0.116522531E+00-0.119346083E+00
-0.122130297E+00-0.124870519E+00-0.127562268E+00-0.130201258E+00-0.132783415E+00
-0.135304878E+00-0.137762005E+00-0.140151363E+00-0.142469726E+00-0.144714063E+00
-0.146881537E+00-0.148969487E+00-0.150975427E+00-0.152897034E+00-0.154732144E+00
-0.156478742E+00-0.158134960E+00-0.159699065E+00-0.161169455E+00-0.162544648E+00
-0.163823270E+00-0.165004040E+00-0.166085746E+00-0.167067215E+00-0.167947276E+00
-0.168724704E+00-0.169398155E+00-0.169966077E+00-0.170426597E+00-0.170777385E+00
-0.171011245E+00-0.171121958E+00-0.171103954E+00-0.170952523E+00-0.170663917E+00
-0.170235151E+00-0.169674993E+00-0.168981586E+00-0.168155260E+00-0.167198221E+00
-0.166115049E+00-0.164908912E+00-0.163582948E+00-0.162140714E+00-0.160586170E+00
-0.158923100E+00-0.157155143E+00-0.155285869E+00-0.153318770E+00-0.151257170E+00
-0.149104186E+00-0.146862698E+00-0.144535324E+00-0.142124404E+00-0.139631985E+00
-0.137059809E+00-0.134409311E+00-0.131681609E+00-0.128877504E+00-0.125997478E+00
-0.123041692E+00-0.120009991E+00-0.116901906E+00-0.113716654E+00-0.110453143E+00
-0.107109977E+00-0.103685457E+00-0.100177581E+00-0.965840450E-01-0.929022370E-01
-0.891292327E-01-0.852617836E-01-0.812963012E-01-0.772288368E-01-0.730550540E-01
-0.687701946E-01-0.643690356E-01-0.598458374E-01-0.551942802E-01-0.504073877E-01
-0.454774352E-01-0.403958403E-01-0.351530321E-01-0.297382945E-01-0.241395806E-01
-0.183432905E-01-0.123340079E-01-0.609418707E-02 0.396214925E-03 0.716016789E-02
 0.142240606E-01 0.216182507E-01 0.293776542E-01 0.375423394E-01 0.461580688E-01
 0.552767224E-01 0.649565543E-01 0.752622980E-01 0.862652276E-01 0.980431942E-01
 0.110529826E+00 0.121660525E+00 0.131227910E+00 0.139377113E+00 0.146163801E+00
 0.151583748E+00 0.155552307E+00 0.158152968E+00 0.159458920E+00 0.159444599E+00
 0.158019525E+00 0.155015664E+00 0.150445101E+00 0.144306145E+00 0.136566135E+00
 0.129060099E+00 0.122385994E+00 0.116448546E+00 0.111154735E+00-0.916475581E-01
-0.942494893E-01-0.969433448E-01-0.997291334E-01-0.102593987E+00-0.105474050E+00
-0.108340381E+00-0.111187929E+00-0.114012092E+00-0.116808204E+00-0.119571689E+00
-0.122298141E+00-0.124983348E+00-0.127623303E+00-0.130214206E+00-0.132752457E+00
-0.135234649E+00-0.137657571E+00-0.140018191E+00-0.142313661E+00-0.144541305E+00
-0.146698614E+00-0.148783243E+00-0.150793005E+00-0.152725865E+00-0.154579936E+00
-0.156353475E+00-0.158044874E+00-0.159652659E+00-0.161175475E+00-0.162612081E+00
-0.163961329E+00-0.165222148E+00-0.166393518E+00-0.167474428E+00-0.168463830E+00
-0.169360574E+00-0.170163327E+00-0.170870476E+00-0.171476116E+00-0.171970910E+00
-0.172345780E+00-0.172592353E+00-0.172703424E+00-0.172673368E+00-0.172498502E+00
-0.172177588E+00-0.171709671E+00-0.171094492E+00-0.170332074E+00-0.169441641E+00
-0.168421041E+00-0.167271289E+00-0.165995668E+00-0.164600167E+00-0.163088245E+00
-0.161462967E+00-0.159727648E+00-0.157885880E+00-0.155940935E+00-0.153895826E+00
-0.151753361E+00-0.149516088E+00-0.147186294E+00-0.144766002E+00-0.142256975E+00
-0.139660705E+00-0.136978417E+00-0.134211064E+00-0.131359326E+00-0.128423608E+00
-0.125404039E+00-0.122300471E+00-0.119112479E+00-0.115839358E+00-0.112480126E+00
-0.109033522E+00-0.105498002E+00-0.101871738E+00-0.981526142E-01-0.943382141E-01
-0.904258139E-01-0.864123666E-01-0.822944831E-01-0.780684091E-01-0.737299961E-01
-0.692746661E-01-0.646973695E-01-0.599925343E-01-0.551540065E-01-0.501749801E-01
-0.450479143E-01-0.397644377E-01-0.343152370E-01-0.286899289E-01-0.228769122E-01
-0.168632005E-01-0.106342333E-01-0.417366662E-02 0.253685558E-02 0.951794391E-02
 0.167927145E-01 0.243870404E-01 0.323298009E-01 0.406531432E-01 0.493928107E-01
 0.585886757E-01 0.682857628E-01 0.785362645E-01 0.894032777E-01 0.100970239E+00
 0.112441859E+00 0.122367552E+00 0.130791193E+00 0.137637545E+00 0.143105172E+00
 0.147338840E+00 0.150376405E+00 0.152177435E+00 0.152555500E+00 0.151620558E+00
 0.149430109E+00 0.145944908E+00 0.141044934E+00 0.134458847E+00 0.126836534E+00
 0.120149597E+00 0.114302248E+00 0.109155998E+00-0.896953006E-01-0.922444292E-01
-0.948877981E-01-0.976242808E-01-0.100444815E+00-0.103284074E+00-0.106116644E+00
-0.108937434E+00-0.111741097E+00-0.114522639E+00-0.117277492E+00-0.120001436E+00
-0.122690531E+00-0.125341072E+00-0.127949559E+00-0.130512681E+00-0.133027302E+00
-0.135490456E+00-0.137899341E+00-0.140251316E+00-0.142543895E+00-0.144774749E+00
-0.146941698E+00-0.149042714E+00-0.151075915E+00-0.153039564E+00-0.154932067E+00
-0.156751972E+00-0.158497963E+00-0.160168857E+00-0.161763597E+00-0.163281246E+00
-0.164720972E+00-0.166082035E+00-0.167363758E+00-0.168565494E+00-0.169686567E+00
-0.170726199E+00-0.171682316E+00-0.172544267E+00-0.173300543E+00-0.173939550E+00
-0.174450371E+00-0.174823648E+00-0.175052049E+00-0.175130274E+00-0.175054828E+00
-0.174823628E+00-0.174436051E+00-0.173893335E+00-0.173199428E+00-0.172356982E+00
-0.171368144E+00-0.170234474E+00-0.168982504E+00-0.167607775E+00-0.166110475E+00
-0.164493592E+00-0.162762910E+00-0.160921435E+00-0.158971861E+00-0.156917118E+00
-0.154759693E+00-0.152501781E+00-0.150145401E+00-0.147692332E+00-0.145144125E+00
-0.142502106E+00-0.139767379E+00-0.136940818E+00-0.134023068E+00-0.131014538E+00
-0.127915396E+00-0.124725567E+00-0.121444726E+00-0.118072302E+00-0.114607467E+00
-0.111049144E+00-0.107395991E+00-0.103646407E+00-0.997985157E-01-0.958501620E-01
-0.917988982E-01-0.876419697E-01-0.833762981E-01-0.789984597E-01-0.745046611E-01
-0.698907101E-01-0.651519818E-01-0.602833799E-01-0.552792927E-01-0.501335434E-01
-0.448393353E-01-0.393891913E-01-0.337748895E-01-0.279873953E-01-0.220167932E-01
-0.158522209E-01-0.948181192E-02-0.289265324E-02 0.392923293E-02 0.109988720E-01
 0.183322746E-01 0.259463223E-01 0.338586082E-01 0.420872682E-01 0.506509013E-01
 0.595688201E-01 0.688622210E-01 0.785578761E-01 0.886992625E-01 0.993451340E-01
 0.109006675E+00 0.117052851E+00 0.123677357E+00 0.129122177E+00 0.133465251E+00
 0.136716634E+00 0.138766774E+00 0.139619941E+00 0.139406810E+00 0.138133160E+00
 0.135755882E+00 0.132115582E+00 0.127172191E+00 0.120981223E+00 0.114828626E+00
 0.109602331E+00 0.105041796E+00-0.878582795E-01-0.903696258E-01-0.929745412E-01
-0.956754700E-01-0.984517163E-01-0.101262595E+00-0.104079555E+00-0.106890303E+00
-0.109688103E+00-0.112468004E+00-0.115225825E+00-0.117957795E+00-0.120660416E+00
-0.123330390E+00-0.125964589E+00-0.128560034E+00-0.131113895E+00-0.133623478E+00
-0.136086231E+00-0.138499740E+00-0.140861726E+00-0.143170053E+00-0.145422724E+00
-0.147617881E+00-0.149753808E+00-0.151828932E+00-0.153841825E+00-0.155791202E+00
-0.157675927E+00-0.159495013E+00-0.161247622E+00-0.162933070E+00-0.164550829E+00
-0.166100525E+00-0.167581945E+00-0.168995034E+00-0.170339877E+00-0.171616635E+00
-0.172817538E+00-0.173929208E+00-0.174936781E+00-0.175825620E+00-0.176583586E+00
-0.177201236E+00-0.177671575E+00-0.177989754E+00-0.178152592E+00-0.178158084E+00
-0.178005028E+00-0.177692822E+00-0.177221344E+00-0.176590654E+00-0.175801422E+00
-0.174855905E+00-0.173759912E+00-0.172518349E+00-0.171135183E+00-0.169613169E+00
-0.167980032E+00-0.166229716E+00-0.164362664E+00-0.162384319E+00-0.160296556E+00
-0.158101078E+00-0.155800082E+00-0.153395355E+00-0.150888450E+00-0.148280802E+00
-0.145573669E+00-0.142768123E+00-0.139865056E+00-0.136865167E+00-0.133768946E+00
-0.130576673E+00-0.127288406E+00-0.123903980E+00-0.120423010E+00-0.116844886E+00
-0.113168770E+00-0.109393591E+00-0.105518040E+00-0.101540565E+00-0.974593611E-01
-0.932723623E-01-0.889772325E-01-0.845713532E-01-0.800518102E-01-0.754153794E-01
-0.706585109E-01-0.657773122E-01-0.607675310E-01-0.556245385E-01-0.503433142E-01
-0.449184345E-01-0.393440670E-01-0.336139751E-01-0.277215362E-01-0.216597816E-01
-0.154214660E-01-0.899917884E-02-0.238551112E-02 0.442670042E-02 0.114440279E-01
 0.186719697E-01 0.261142819E-01 0.337720452E-01 0.416423324E-01 0.497162054E-01
 0.579754248E-01 0.663862157E-01 0.748844177E-01 0.833223779E-01 0.912795306E-01
 0.983446422E-01 0.104445044E+00 0.109582331E+00 0.113766295E+00 0.117006266E+00
 0.119309753E+00 0.120683229E+00 0.121134173E+00 0.120673637E+00 0.119319387E+00
 0.117101597E+00 0.114076790E+00 0.110373955E+00 0.106382634E+00 0.102590406E+00
 0.990965126E-01-0.860067533E-01-0.884356169E-01-0.910034531E-01-0.937116827E-01
-0.965424682E-01-0.993836612E-01-0.102213621E+00-0.105032515E+00-0.107838239E+00
-0.110628030E+00-0.113398980E+00-0.116148183E+00-0.118872786E+00-0.121570005E+00
-0.124237141E+00-0.126871584E+00-0.129470825E+00-0.132032457E+00-0.134554184E+00
-0.137033824E+00-0.139469312E+00-0.141858709E+00-0.144200201E+00-0.146492104E+00
-0.148732871E+00-0.150921092E+00-0.153055503E+00-0.155134988E+00-0.157158589E+00
-0.159125512E+00-0.161035135E+00-0.162887025E+00-0.164680951E+00-0.166416907E+00
-0.168095153E+00-0.169716284E+00-0.171281380E+00-0.172787761E+00-0.174220886E+00
-0.175562719E+00-0.176795021E+00-0.177902697E+00-0.178874049E+00-0.179700926E+00
-0.180378340E+00-0.180903718E+00-0.181276023E+00-0.181495012E+00-0.181560653E+00
-0.181472714E+00-0.181230495E+00-0.180832663E+00-0.180277326E+00-0.179562336E+00
-0.178685752E+00-0.177646116E+00-0.176443295E+00-0.175079768E+00-0.173562667E+00
-0.171898944E+00-0.170092261E+00-0.168180967E+00-0.166154203E+00-0.164010867E+00
-0.161756492E+00-0.159392274E+00-0.156919325E+00-0.154339408E+00-0.151653950E+00
-0.148864200E+00-0.145971335E+00-0.142976380E+00-0.139880178E+00-0.136683368E+00
-0.133386389E+00-0.129989486E+00-0.126492714E+00-0.122895938E+00-0.119198829E+00
-0.115400864E+00-0.111501317E+00-0.107499258E+00-0.103393550E+00-0.991828476E-01
-0.948655911E-01-0.904400069E-01-0.859041056E-01-0.812556811E-01-0.764923121E-01
-0.716113649E-01-0.666100004E-01-0.614851861E-01-0.562337146E-01-0.508522319E-01
-0.453372797E-01-0.396853544E-01-0.338929907E-01-0.279568771E-01-0.218740130E-01
-0.156419222E-01-0.925893858E-02-0.272459081E-02 0.395988376E-02 0.107908466E-01
 0.177613171E-01 0.248596708E-01 0.320677947E-01 0.393583868E-01 0.466908775E-01
 0.540051907E-01 0.612128629E-01 0.681888673E-01 0.747792315E-01 0.808377658E-01
 0.862603924E-01 0.909859600E-01 0.949817546E-01 0.982320319E-01 0.100731956E+00
 0.102485149E+00 0.103503524E+00 0.103808893E+00 0.103436467E+00 0.102440840E+00
 0.100905027E+00 0.989500394E-01 0.967309169E-01 0.944012499E-01 0.920724398E-01
-0.843679708E-01-0.867496963E-01-0.892900339E-01-0.919921007E-01-0.948278710E-01
-0.976841252E-01-0.100529241E+00-0.103362770E+00-0.106183948E+00-0.108991286E+00
-0.111782863E+00-0.114556529E+00-0.117310025E+00-0.120041052E+00-0.122747319E+00
-0.125426567E+00-0.128076593E+00-0.130695263E+00-0.133280528E+00-0.135830427E+00
-0.138343101E+00-0.140816798E+00-0.143249880E+00-0.145640828E+00-0.147988252E+00
-0.150290894E+00-0.152547640E+00-0.154757525E+00-0.156919745E+00-0.159033670E+00
-0.161098857E+00-0.163115069E+00-0.165082297E+00-0.167000776E+00-0.168870999E+00
-0.170693674E+00-0.172472464E+00-0.174192815E+00-0.175834332E+00-0.177374887E+00
-0.178795756E+00-0.180082542E+00-0.181225809E+00-0.182220592E+00-0.183065201E+00
-0.183759940E+00-0.184306069E+00-0.184705092E+00-0.184958289E+00-0.185066445E+00
-0.185029682E+00-0.184847349E+00-0.184517941E+00-0.184039022E+00-0.183407149E+00
-0.182617836E+00-0.181665723E+00-0.180545202E+00-0.179251518E+00-0.177782117E+00
-0.176138836E+00-0.174330364E+00-0.172365663E+00-0.170252135E+00-0.168037543E+00
-0.165707377E+00-0.163259700E+00-0.160700091E+00-0.158029597E+00-0.155249261E+00
-0.152360807E+00-0.149365707E+00-0.146265211E+00-0.143060309E+00-0.139751787E+00
-0.136340281E+00-0.132826281E+00-0.129210132E+00-0.125492023E+00-0.121671985E+00
-0.117749882E+00-0.113725414E+00-0.109598118E+00-0.105367369E+00-0.101032388E+00
-0.965922483E-01-0.920458822E-01-0.873920951E-01-0.826295791E-01-0.777569331E-01
-0.727726884E-01-0.676753422E-01-0.624634008E-01-0.571354365E-01-0.516901606E-01
-0.461265176E-01-0.404438074E-01-0.346418407E-01-0.287211394E-01-0.226831913E-01
-0.165307767E-01-0.102683827E-01-0.390273354E-02 0.255653458E-02 0.909601156E-02
 0.156974152E-01 0.223362035E-01 0.289798638E-01 0.355859350E-01 0.421000790E-01
 0.484550800E-01 0.545724100E-01 0.603679601E-01 0.657611879E-01 0.706836436E-01
 0.750831557E-01 0.789237090E-01 0.821833442E-01 0.848520166E-01 0.869302504E-01
 0.884287701E-01 0.893690408E-01 0.897845385E-01 0.897223506E-01 0.892441971E-01
 0.884251618E-01 0.873482374E-01 0.860949249E-01 0.847358437E-01-0.828789195E-01
-0.852287522E-01-0.877485810E-01-0.904432776E-01-0.933081581E-01-0.961729697E-01
-0.990297157E-01-0.101878468E+00-0.104718168E+00-0.107547459E+00-0.110364743E+00
-0.113168246E+00-0.115956076E+00-0.118726280E+00-0.121476880E+00-0.124205903E+00
-0.126911405E+00-0.129591492E+00-0.132244328E+00-0.134868154E+00-0.137461294E+00
-0.140022164E+00-0.142549284E+00-0.145041283E+00-0.147496907E+00-0.149915030E+00
-0.152294660E+00-0.154634951E+00-0.156935218E+00-0.159194946E+00-0.161413813E+00
-0.163591715E+00-0.165728797E+00-0.167825514E+00-0.169882726E+00-0.171901910E+00
-0.173877809E+00-0.175788407E+00-0.177607397E+00-0.179311945E+00-0.180884533E+00
-0.182314226E+00-0.183595994E+00-0.184728906E+00-0.185714343E+00-0.186554628E+00
-0.187252157E+00-0.187808935E+00-0.188226398E+00-0.188505382E+00-0.188646144E+00
-0.188648393E+00-0.188511298E+00-0.188233470E+00-0.187812880E+00-0.187246716E+00
-0.186531200E+00-0.185661354E+00-0.184630781E+00-0.183431591E+00-0.182054856E+00
-0.180491972E+00-0.178736914E+00-0.176790528E+00-0.174664609E+00-0.172372635E+00
-0.169927818E+00-0.167382310E+00-0.164720649E+00-0.161941251E+00-0.159049711E+00
-0.156047830E+00-0.152937380E+00-0.149719501E+00-0.146395149E+00-0.142965300E+00
-0.139430890E+00-0.135792769E+00-0.132051662E+00-0.128208161E+00-0.124262719E+00
-0.120215656E+00-0.116067166E+00-0.111817324E+00-0.107466105E+00-0.103013394E+00
-0.984590022E-01-0.938026916E-01-0.890441980E-01-0.841832626E-01-0.792196704E-01
-0.741532977E-01-0.689841702E-01-0.637125353E-01-0.583389509E-01-0.528643952E-01
-0.472904011E-01-0.416192218E-01-0.358540332E-01-0.299991813E-01-0.240604830E-01
-0.180455891E-01-0.119644223E-01-0.582969495E-02 0.342483630E-03 0.653191972E-02
 0.127135925E-01 0.188569280E-01 0.249252335E-01 0.308755384E-01 0.366591845E-01
 0.422234878E-01 0.475145337E-01 0.524806646E-01 0.570758099E-01 0.612618817E-01
 0.650099794E-01 0.683006612E-01 0.711237452E-01 0.734780230E-01 0.753710938E-01
 0.768193551E-01 0.778480352E-01 0.784910116E-01 0.787900384E-01 0.787929970E-01
 0.785510275E-01 0.781149172E-01 0.775316209E-01-0.815924494E-01-0.839249618E-01
-0.864334509E-01-0.891213140E-01-0.919652073E-01-0.948355649E-01-0.977040773E-01
-0.100569327E+00-0.103429935E+00-0.106284445E+00-0.109131306E+00-0.111968880E+00
-0.114795464E+00-0.117609311E+00-0.120408655E+00-0.123191731E+00-0.125956798E+00
-0.128702148E+00-0.131426126E+00-0.134127139E+00-0.136803666E+00-0.139454269E+00
-0.142077601E+00-0.144672414E+00-0.147237566E+00-0.149772034E+00-0.152274917E+00
-0.154745451E+00-0.157183018E+00-0.159587162E+00-0.161957601E+00-0.164294243E+00
-0.166597208E+00-0.168866821E+00-0.171103580E+00-0.173309663E+00-0.175464389E+00
-0.177538589E+00-0.179505368E+00-0.181343822E+00-0.183041259E+00-0.184592445E+00
-0.185997125E+00-0.187257589E+00-0.188376850E+00-0.189357615E+00-0.190201901E+00
-0.190910946E+00-0.191485285E+00-0.191924882E+00-0.192229260E+00-0.192397628E+00
-0.192428964E+00-0.192322075E+00-0.192075609E+00-0.191688019E+00-0.191157476E+00
-0.190481706E+00-0.189657731E+00-0.188681513E+00-0.187547481E+00-0.186247993E+00
-0.184772883E+00-0.183109683E+00-0.181245322E+00-0.179169931E+00-0.176884116E+00
-0.174405074E+00-0.171755243E+00-0.168954435E+00-0.166051049E+00-0.163033801E+00
-0.159907133E+00-0.156670726E+00-0.153324968E+00-0.149871405E+00-0.146311582E+00
-0.142646963E+00-0.138878856E+00-0.135008420E+00-0.131036681E+00-0.126964545E+00
-0.122792823E+00-0.118522248E+00-0.114153491E+00-0.109687187E+00-0.105123953E+00
-0.100464417E+00-0.957092497E-01-0.908592006E-01-0.859151451E-01-0.808781371E-01
-0.757494740E-01-0.705307737E-01-0.652240662E-01-0.598319029E-01-0.543574852E-01
-0.488048176E-01-0.431788867E-01-0.374858705E-01-0.317333801E-01-0.259307357E-01
-0.200892772E-01-0.142227025E-01-0.834742376E-02-0.248291823E-02 0.334796625E-02
 0.911881151E-02 0.147996211E-01 0.203571068E-01 0.257553665E-01 0.309569989E-01
 0.359246001E-01 0.406224696E-01 0.450182736E-01 0.490844357E-01 0.527991287E-01
 0.561468690E-01 0.591188008E-01 0.617127782E-01 0.639333204E-01 0.657914614E-01
 0.673044556E-01 0.684952556E-01 0.693916659E-01 0.700251128E-01 0.704290698E-01
 0.706373043E-01 0.706822072E-01-0.804252520E-01-0.827478882E-01-0.852499199E-01
-0.879357518E-01-0.907753342E-01-0.936540148E-01-0.965366779E-01-0.994209567E-01
-0.102305327E+00-0.105188264E+00-0.108068215E+00-0.110943597E+00-0.113812802E+00
-0.116674202E+00-0.119526169E+00-0.122367082E+00-0.125195345E+00-0.128009394E+00
-0.130807716E+00-0.133588849E+00-0.136351401E+00-0.139094050E+00-0.141815558E+00
-0.144514775E+00-0.147190647E+00-0.149842223E+00-0.152468663E+00-0.155069249E+00
-0.157643390E+00-0.160190638E+00-0.162710697E+00-0.165203444E+00-0.167668961E+00
-0.170107602E+00-0.172520154E+00-0.174896982E+00-0.177207542E+00-0.179420692E+00
-0.181511730E+00-0.183465716E+00-0.185276932E+00-0.186945685E+00-0.188475042E+00
-0.189868463E+00-0.191128707E+00-0.192257452E+00-0.193255309E+00-0.194122015E+00
-0.194856666E+00-0.195457908E+00-0.195924103E+00-0.196253474E+00-0.196444235E+00
-0.196494690E+00-0.196403303E+00-0.196168724E+00-0.195789778E+00-0.195265411E+00
-0.194594565E+00-0.193775999E+00-0.192808027E+00-0.191688154E+00-0.190412566E+00
-0.188975367E+00-0.187367588E+00-0.185576207E+00-0.183584112E+00-0.181372597E+00
-0.178928283E+00-0.176254510E+00-0.173376968E+00-0.170326250E+00-0.167182233E+00
-0.163923696E+00-0.160548876E+00-0.157064031E+00-0.153471576E+00-0.149773857E+00
-0.145972739E+00-0.142069893E+00-0.138066843E+00-0.133965014E+00-0.129765766E+00
-0.125470417E+00-0.121080263E+00-0.116596606E+00-0.112020774E+00-0.107354152E+00
-0.102598213E+00-0.977545589E-01-0.928249688E-01-0.878114524E-01-0.827163143E-01
-0.775422287E-01-0.722923243E-01-0.669702837E-01-0.615804552E-01-0.561279818E-01
-0.506189448E-01-0.450605255E-01-0.394611810E-01-0.338308336E-01-0.281810678E-01
-0.225253251E-01-0.168790841E-01-0.112600035E-01-0.568800149E-02-0.185235528E-03
 0.522405706E-02 0.105138935E-01 0.156570788E-01 0.206259333E-01 0.253931764E-01
 0.299328907E-01 0.342214737E-01 0.382384882E-01 0.419673490E-01 0.453958202E-01
 0.485163278E-01 0.513261063E-01 0.538271992E-01 0.560263188E-01 0.579345589E-01
 0.595669436E-01 0.609417995E-01 0.620799606E-01 0.630038445E-01 0.637364780E-01
 0.643005684E-01-0.793415693E-01-0.816548202E-01-0.841546439E-01-0.868449173E-01
-0.897179898E-01-0.926110187E-01-0.955111952E-01-0.984177694E-01-0.101329209E+00
-0.104243974E+00-0.107160521E+00-0.110077298E+00-0.112992751E+00-0.115905327E+00
-0.118813484E+00-0.121715702E+00-0.124610486E+00-0.127496383E+00-0.130371983E+00
-0.133235933E+00-0.136086938E+00-0.138923773E+00-0.141745285E+00-0.144550399E+00
-0.147338126E+00-0.150107564E+00-0.152857910E+00-0.155588459E+00-0.158298615E+00
-0.160987893E+00-0.163655923E+00-0.166302445E+00-0.168927274E+00-0.171530226E+00
-0.174111241E+00-0.176642502E+00-0.179089403E+00-0.181423343E+00-0.183626513E+00
-0.185692263E+00-0.187621263E+00-0.189417242E+00-0.191084042E+00-0.192624358E+00
-0.194039396E+00-0.195329050E+00-0.196492159E+00-0.197526710E+00-0.198430154E+00
-0.199199685E+00-0.199832331E+00-0.200325091E+00-0.200675098E+00-0.200879780E+00
-0.200936980E+00-0.200845018E+00-0.200602703E+00-0.200209309E+00-0.199664498E+00
-0.198968179E+00-0.198120365E+00-0.197121036E+00-0.195969993E+00-0.194666590E+00
-0.193209001E+00-0.191593366E+00-0.189812786E+00-0.187855867E+00-0.185705099E+00
-0.183336977E+00-0.180727599E+00-0.177867385E+00-0.174779132E+00-0.171502334E+00
-0.168073995E+00-0.164547173E+00-0.160911728E+00-0.157172339E+00-0.153330401E+00
-0.149387929E+00-0.145346761E+00-0.141208730E+00-0.136975655E+00-0.132649356E+00
-0.128231678E+00-0.123724501E+00-0.119129765E+00-0.114449493E+00-0.109685823E+00
-0.104841049E+00-0.999176608E-01-0.949184050E-01-0.898463384E-01-0.847048975E-01
-0.794979725E-01-0.742299910E-01-0.689060097E-01-0.635318150E-01-0.581140319E-01
-0.526602395E-01-0.471790902E-01-0.416804296E-01-0.361754101E-01-0.306765904E-01
-0.251980094E-01-0.197552210E-01-0.143652730E-01-0.904661265E-02-0.381890251E-02
 0.129726526E-02 0.628075908E-02 0.111103932E-01 0.157654844E-01 0.202264450E-01
 0.244753693E-01 0.284965730E-01 0.322770521E-01 0.358068388E-01 0.390792452E-01
 0.420909919E-01 0.448422226E-01 0.473364075E-01 0.495801344E-01 0.515827931E-01
 0.533561562E-01 0.549138758E-01 0.562709219E-01 0.574430007E-01 0.584459983E-01
-0.783977199E-01-0.807112654E-01-0.832145697E-01-0.859116015E-01-0.887814866E-01
-0.916902867E-01-0.946116333E-01-0.975441177E-01-0.100486217E+00-0.103436402E+00
-0.106393140E+00-0.109354902E+00-0.112320165E+00-0.115287420E+00-0.118255184E+00
-0.121221999E+00-0.124186448E+00-0.127147156E+00-0.130102796E+00-0.133052098E+00
-0.135993849E+00-0.138926900E+00-0.141850167E+00-0.144762637E+00-0.147663367E+00
-0.150551492E+00-0.153426222E+00-0.156286852E+00-0.159132762E+00-0.161963431E+00
-0.164778442E+00-0.167577501E+00-0.170360441E+00-0.173127155E+00-0.175863224E+00
-0.178531779E+00-0.181099971E+00-0.183546176E+00-0.185862049E+00-0.188048275E+00
-0.190109160E+00-0.192048937E+00-0.193870256E+00-0.195573937E+00-0.197159224E+00
-0.198624050E+00-0.199965635E+00-0.201180465E+00-0.202264187E+00-0.203211997E+00
-0.204019093E+00-0.204680991E+00-0.205193740E+00-0.205554010E+00-0.205759071E+00
-0.205806799E+00-0.205695668E+00-0.205424747E+00-0.204993675E+00-0.204402639E+00
-0.203652396E+00-0.202744279E+00-0.201680072E+00-0.200461700E+00-0.199090675E+00
-0.197567521E+00-0.195891720E+00-0.194061561E+00-0.192072569E+00-0.189915639E+00
-0.187574912E+00-0.185025582E+00-0.182235560E+00-0.179178088E+00-0.175858223E+00
-0.172323362E+00-0.168626313E+00-0.164838383E+00-0.160946636E+00-0.156956247E+00
-0.152868760E+00-0.148686456E+00-0.144411532E+00-0.140046262E+00-0.135592969E+00
-0.131054047E+00-0.126431956E+00-0.121729248E+00-0.116948592E+00-0.112092809E+00
-0.107164925E+00-0.102168214E+00-0.971062566E-01-0.919829940E-01-0.868027929E-01
-0.815705111E-01-0.762915690E-01-0.709720242E-01-0.656186501E-01-0.602390139E-01
-0.548415531E-01-0.494356460E-01-0.440316713E-01-0.386410504E-01-0.332762650E-01
-0.279508416E-01-0.226792946E-01-0.174770191E-01-0.123601270E-01-0.734522419E-02
-0.244913054E-02 0.231145012E-02 0.692029500E-02 0.113620442E-01 0.156225777E-01
 0.196893651E-01 0.235517706E-01 0.272012968E-01 0.306317587E-01 0.338393815E-01
 0.368228207E-01 0.395831046E-01 0.421235010E-01 0.444493150E-01 0.465676248E-01
 0.484869698E-01 0.502170067E-01 0.517681564E-01 0.531512619E-01-0.775371709E-01
-0.798557244E-01-0.823661540E-01-0.850735926E-01-0.879480177E-01-0.908760898E-01
-0.938224071E-01-0.967845945E-01-0.997611354E-01-0.102750504E+00-0.105751166E+00
-0.108761592E+00-0.111780266E+00-0.114805699E+00-0.117836438E+00-0.120871070E+00
-0.123908230E+00-0.126946605E+00-0.129984937E+00-0.133022025E+00-0.136056727E+00
-0.139087960E+00-0.142114703E+00-0.145135996E+00-0.148150936E+00-0.151158684E+00
-0.154158456E+00-0.157149530E+00-0.160131237E+00-0.163102979E+00-0.166064243E+00
-0.169014692E+00-0.171954420E+00-0.174880597E+00-0.177758858E+00-0.180552501E+00
-0.183235411E+00-0.185796582E+00-0.188236212E+00-0.190559107E+00-0.192769971E+00
-0.194871547E+00-0.196864457E+00-0.198747453E+00-0.200518189E+00-0.202173003E+00
-0.203706390E+00-0.205111762E+00-0.206382507E+00-0.207512562E+00-0.208496287E+00
-0.209328494E+00-0.210004568E+00-0.210520553E+00-0.210873180E+00-0.211059880E+00
-0.211078781E+00-0.210928703E+00-0.210609142E+00-0.210120255E+00-0.209462841E+00
-0.208638308E+00-0.207648610E+00-0.206496118E+00-0.205183461E+00-0.203713524E+00
-0.202089724E+00-0.200315442E+00-0.198392498E+00-0.196320085E+00-0.194095172E+00
-0.191710703E+00-0.189152100E+00-0.186393759E+00-0.183397753E+00-0.180124953E+00
-0.176567667E+00-0.172775266E+00-0.168813537E+00-0.164768037E+00-0.160624498E+00
-0.156388559E+00-0.152062250E+00-0.147648354E+00-0.143149646E+00-0.138568999E+00
-0.133909344E+00-0.129173661E+00-0.124365010E+00-0.119486589E+00-0.114541780E+00
-0.109534202E+00-0.104467759E+00-0.993466865E-01-0.941755970E-01-0.889595353E-01
-0.837040283E-01-0.784151392E-01-0.730995218E-01-0.677644709E-01-0.624179694E-01
-0.570687269E-01-0.517262066E-01-0.464006374E-01-0.411030046E-01-0.358450162E-01
-0.306390394E-01-0.254980044E-01-0.204352727E-01-0.154644704E-01-0.105992887E-01
-0.585325868E-02-0.123950682E-02 0.322949616E-02 0.754218200E-02 0.116881148E-01
 0.156581930E-01 0.194448138E-01 0.230419942E-01 0.264454429E-01 0.296525825E-01
 0.326625209E-01 0.354759756E-01 0.380951544E-01 0.405235996E-01 0.427660037E-01
 0.448280081E-01 0.467159956E-01 0.484368875E-01-0.767181867E-01-0.790392740E-01
-0.815595499E-01-0.842830248E-01-0.871991603E-01-0.901529531E-01-0.931281609E-01
-0.961240104E-01-0.991389879E-01-0.102171530E+00-0.105220057E+00-0.108282999E+00
-0.111358812E+00-0.114445998E+00-0.117543112E+00-0.120648768E+00-0.123761643E+00
-0.126880478E+00-0.130004078E+00-0.133131309E+00-0.136261100E+00-0.139392435E+00
-0.142524357E+00-0.145655961E+00-0.148786393E+00-0.151914844E+00-0.155040541E+00
-0.158162742E+00-0.161280714E+00-0.164393690E+00-0.167500774E+00-0.170600679E+00
-0.173701748E+00-0.176776463E+00-0.179785357E+00-0.182697453E+00-0.185497846E+00
-0.188185486E+00-0.190765515E+00-0.193243215E+00-0.195621629E+00-0.197901380E+00
-0.200081164E+00-0.202158328E+00-0.204127336E+00-0.205980410E+00-0.207709586E+00
-0.209307221E+00-0.210765846E+00-0.212078433E+00-0.213238508E+00-0.214240223E+00
-0.215078425E+00-0.215748708E+00-0.216247428E+00-0.216571708E+00-0.216719426E+00
-0.216689192E+00-0.216480330E+00-0.216092852E+00-0.215527433E+00-0.214785384E+00
-0.213868617E+00-0.212779604E+00-0.211521329E+00-0.210097262E+00-0.208511312E+00
-0.206767675E+00-0.204870499E+00-0.202823874E+00-0.200632151E+00-0.198297522E+00
-0.195817661E+00-0.193186298E+00-0.190389974E+00-0.187402838E+00-0.184182871E+00
-0.180680398E+00-0.176876858E+00-0.172825261E+00-0.168604073E+00-0.164305799E+00
-0.159916817E+00-0.155443133E+00-0.150887585E+00-0.146253675E+00-0.141544837E+00
-0.136764354E+00-0.131915500E+00-0.127001661E+00-0.122026406E+00-0.116993534E+00
-0.111907111E+00-0.106771497E+00-0.101591381E+00-0.963718137E-01-0.911182448E-01
-0.858365615E-01-0.805331235E-01-0.752147964E-01-0.698889787E-01-0.645636221E-01
-0.592472409E-01-0.539489090E-01-0.486782415E-01-0.434453581E-01-0.382608268E-01
-0.331355856E-01-0.280808432E-01-0.231079584E-01-0.182283008E-01-0.134530980E-01
-0.879327261E-02-0.425927725E-02 0.139066275E-03 0.439271661E-02 0.849354474E-02
 0.124344428E-01 0.162094058E-01 0.198135836E-01 0.232433029E-01 0.264960586E-01
 0.295704788E-01 0.324662644E-01 0.351841094E-01 0.377256078E-01 0.400931512E-01
 0.422898245E-01 0.443193055E-01-0.759877238E-01-0.783184742E-01-0.808522593E-01
-0.835934576E-01-0.865240511E-01-0.895053391E-01-0.925134737E-01-0.955472396E-01
-0.986050147E-01-0.101685101E+00-0.104785786E+00-0.107905387E+00-0.111042286E+00
-0.114194942E+00-0.117361905E+00-0.120541810E+00-0.123733377E+00-0.126935406E+00
-0.130146773E+00-0.133366422E+00-0.136593358E+00-0.139826649E+00-0.143065413E+00
-0.146308816E+00-0.149556067E+00-0.152806414E+00-0.156059133E+00-0.159313534E+00
-0.162568959E+00-0.165824826E+00-0.169080750E+00-0.172336942E+00-0.175590021E+00
-0.178800488E+00-0.181931841E+00-0.184963482E+00-0.187891793E+00-0.190721823E+00
-0.193459488E+00-0.196108326E+00-0.198669175E+00-0.201140976E+00-0.203520249E+00
-0.205799384E+00-0.207969239E+00-0.210020834E+00-0.211945126E+00-0.213733342E+00
-0.215377131E+00-0.216868722E+00-0.218201045E+00-0.219367815E+00-0.220363571E+00
-0.221183695E+00-0.221824402E+00-0.222282720E+00-0.222556448E+00-0.222644118E+00
-0.222544957E+00-0.222258850E+00-0.221786309E+00-0.221128455E+00-0.220286994E+00
-0.219264212E+00-0.218062960E+00-0.216686649E+00-0.215139223E+00-0.213425116E+00
-0.211549175E+00-0.209516578E+00-0.207332706E+00-0.205002730E+00-0.202531316E+00
-0.199922965E+00-0.197177962E+00-0.194290033E+00-0.191245963E+00-0.188018620E+00
-0.184560959E+00-0.180813481E+00-0.176751496E+00-0.172437842E+00-0.167963531E+00
-0.163418739E+00-0.158792786E+00-0.154092394E+00-0.149321777E+00-0.144484020E+00
-0.139582196E+00-0.134619613E+00-0.129599862E+00-0.124526808E+00-0.119404574E+00
-0.114237536E+00-0.109030340E+00-0.103787915E+00-0.985155103E-01-0.932187124E-01
-0.879034773E-01-0.825761496E-01-0.772434791E-01-0.719126310E-01-0.665911870E-01
-0.612871370E-01-0.560088602E-01-0.507650932E-01-0.455648852E-01-0.404175402E-01
-0.353325452E-01-0.303194877E-01-0.253879616E-01-0.205474675E-01-0.158073077E-01
-0.111764819E-01-0.666358711E-02-0.227672499E-02 0.197657890E-02 0.608944193E-02
 0.100556753E-01 0.138698185E-01 0.175271575E-01 0.210237286E-01 0.243563100E-01
 0.275224043E-01 0.305202153E-01 0.333486228E-01 0.360071579E-01 0.384959819E-01
 0.408158705E-01-0.753069588E-01-0.776513074E-01-0.802012069E-01-0.829623589E-01
-0.859050345E-01-0.889168894E-01-0.919624134E-01-0.950389900E-01-0.981446558E-01
-0.101277358E+00-0.104435085E+00-0.107615939E+00-0.110818176E+00-0.114040202E+00
-0.117280565E+00-0.120537940E+00-0.123811115E+00-0.127098973E+00-0.130400483E+00
-0.133714690E+00-0.137040700E+00-0.140377681E+00-0.143724848E+00-0.147081460E+00
-0.150446811E+00-0.153820222E+00-0.157201031E+00-0.160588575E+00-0.163982145E+00
-0.167380897E+00-0.170783580E+00-0.174199190E+00-0.177596716E+00-0.180935662E+00
-0.184188955E+00-0.187348886E+00-0.190419728E+00-0.193408033E+00-0.196318033E+00
-0.199150999E+00-0.201906215E+00-0.204579251E+00-0.207160842E+00-0.209641009E+00
-0.212009478E+00-0.214255925E+00-0.216370219E+00-0.218342673E+00-0.220164239E+00
-0.221826662E+00-0.223322579E+00-0.224645572E+00-0.225790182E+00-0.226751885E+00
-0.227527047E+00-0.228112862E+00-0.228507284E+00-0.228708955E+00-0.228717145E+00
-0.228531699E+00-0.228153001E+00-0.227581949E+00-0.226819950E+00-0.225868921E+00
-0.224731306E+00-0.223410096E+00-0.221908844E+00-0.220231682E+00-0.218383313E+00
-0.216368991E+00-0.214194458E+00-0.211865828E+00-0.209389429E+00-0.206771575E+00
-0.204017941E+00-0.201133504E+00-0.198120893E+00-0.194974208E+00-0.191678935E+00
-0.188204700E+00-0.184496937E+00-0.180486239E+00-0.176150089E+00-0.171570967E+00
-0.166849694E+00-0.162066941E+00-0.157222772E+00-0.152316085E+00-0.147348902E+00
-0.142324267E+00-0.137245837E+00-0.132117605E+00-0.126943764E+00-0.121728669E+00
-0.116476845E+00-0.111193017E+00-0.105882133E+00-0.100549398E+00-0.952002891E-01
-0.898405773E-01-0.844763336E-01-0.791139356E-01-0.737600659E-01-0.684217032E-01
-0.631061066E-01-0.578207919E-01-0.525734992E-01-0.473721538E-01-0.422248189E-01
-0.371396426E-01-0.321248005E-01-0.271884353E-01-0.223385965E-01-0.175831820E-01
-0.129298844E-01-0.838614284E-02-0.395910421E-02 0.344408077E-03 0.451791604E-02
 0.855530169E-02 0.124508161E-01 0.161990861E-01 0.197951212E-01 0.232343267E-01
 0.265125232E-01 0.296259787E-01 0.325714526E-01 0.353462515E-01 0.379482964E-01
-0.746220836E-01-0.769763140E-01-0.795439752E-01-0.823293913E-01-0.853200544E-01
-0.883692164E-01-0.914576871E-01-0.945835464E-01-0.977437732E-01-0.100935450E+00
-0.104156020E+00-0.107403304E+00-0.110675449E+00-0.113970864E+00-0.117288163E+00
-0.120626125E+00-0.123983658E+00-0.127359781E+00-0.130753596E+00-0.134164282E+00
-0.137591080E+00-0.141033286E+00-0.144490237E+00-0.147961311E+00-0.151445919E+00
-0.154943496E+00-0.158453508E+00-0.161975458E+00-0.165508929E+00-0.169053732E+00
-0.172610325E+00-0.176175264E+00-0.179706552E+00-0.183169725E+00-0.186550611E+00
-0.189851352E+00-0.193078923E+00-0.196238413E+00-0.199331723E+00-0.202358558E+00
-0.205313861E+00-0.208187269E+00-0.210967851E+00-0.213644114E+00-0.216204404E+00
-0.218637207E+00-0.220931464E+00-0.223076824E+00-0.225063841E+00-0.226884106E+00
-0.228530311E+00-0.229996269E+00-0.231276873E+00-0.232368036E+00-0.233266592E+00
-0.233970188E+00-0.234477182E+00-0.234786538E+00-0.234897737E+00-0.234810710E+00
-0.234525789E+00-0.234043682E+00-0.233365466E+00-0.232492603E+00-0.231426972E+00
-0.230170916E+00-0.228727291E+00-0.227099520E+00-0.225291646E+00-0.223308365E+00
-0.221155040E+00-0.218837681E+00-0.216362885E+00-0.213737713E+00-0.210969483E+00
-0.208065485E+00-0.205032465E+00-0.201875772E+00-0.198598975E+00-0.195195988E+00
-0.191649296E+00-0.187922029E+00-0.183947608E+00-0.179646498E+00-0.175010247E+00
-0.170144217E+00-0.165229730E+00-0.160246285E+00-0.155202368E+00-0.150102222E+00
-0.144950563E+00-0.139751987E+00-0.134510901E+00-0.129231608E+00-0.123918423E+00
-0.118575758E+00-0.113208173E+00-0.107820414E+00-0.102417428E+00-0.970043768E-01
-0.915866392E-01-0.861698147E-01-0.807597196E-01-0.753623813E-01-0.699840264E-01
-0.646310654E-01-0.593100731E-01-0.540277646E-01-0.487909689E-01-0.436066003E-01
-0.384816292E-01-0.334230545E-01-0.284378779E-01-0.235330835E-01-0.187156226E-01
-0.139924059E-01-0.937030191E-02-0.485614342E-02-0.456737714E-03 0.382112035E-02
 0.797063734E-02 0.119850175E-01 0.158574722E-01 0.195812486E-01 0.231496839E-01
 0.265562878E-01 0.297948556E-01 0.328596087E-01 0.357453583E-01-0.739653557E-01
-0.763390175E-01-0.789274723E-01-0.817349349E-01-0.847488823E-01-0.878374851E-01
-0.909789881E-01-0.941652962E-01-0.973900537E-01-0.100649022E+00-0.103939247E+00
-0.107258548E+00-0.110605225E+00-0.113977896E+00-0.117375400E+00-0.120796737E+00
-0.124241030E+00-0.127707495E+00-0.131195425E+00-0.134704176E+00-0.138233156E+00
-0.141781818E+00-0.145349652E+00-0.148936176E+00-0.152540931E+00-0.156163473E+00
-0.159803353E+00-0.163460090E+00-0.167133064E+00-0.170821242E+00-0.174535302E+00
-0.178242215E+00-0.181901846E+00-0.185491868E+00-0.189010428E+00-0.192464418E+00
-0.195859914E+00-0.199199651E+00-0.202483878E+00-0.205707546E+00-0.208859520E+00
-0.211927891E+00-0.214899986E+00-0.217762798E+00-0.220503380E+00-0.223109237E+00
-0.225568651E+00-0.227870932E+00-0.230006597E+00-0.231967463E+00-0.233746668E+00
-0.235338635E+00-0.236738979E+00-0.237944381E+00-0.238952438E+00-0.239761514E+00
-0.240370586E+00-0.240779118E+00-0.240986951E+00-0.240994223E+00-0.240801311E+00
-0.240408803E+00-0.239817488E+00-0.239028383E+00-0.238042764E+00-0.236862228E+00
-0.235488764E+00-0.233924841E+00-0.232173496E+00-0.230238425E+00-0.228124053E+00
-0.225835593E+00-0.223379059E+00-0.220761251E+00-0.217989665E+00-0.215072347E+00
-0.212017633E+00-0.208833764E+00-0.205528340E+00-0.202107144E+00-0.198573651E+00
-0.194920025E+00-0.191123874E+00-0.187138140E+00-0.182881479E+00-0.178276453E+00
-0.173363695E+00-0.168272698E+00-0.163136444E+00-0.157943616E+00-0.152702103E+00
-0.147417338E+00-0.142093621E+00-0.136734809E+00-0.131344698E+00-0.125927193E+00
-0.120486351E+00-0.115026396E+00-0.109551709E+00-0.104066824E+00-0.985764259E-01
-0.930853473E-01-0.875985648E-01-0.821211958E-01-0.766584919E-01-0.712158311E-01
-0.657987084E-01-0.604127253E-01-0.550635794E-01-0.497570555E-01-0.444990193E-01
-0.392954151E-01-0.341522704E-01-0.290757072E-01-0.240719622E-01-0.191474171E-01
-0.143086374E-01-0.956242072E-02-0.491585029E-02-0.376350041E-03 0.404826539E-02
 0.834975451E-02 0.125194374E-01 0.165482206E-01 0.204266696E-01 0.241451383E-01
 0.276939586E-01 0.310636876E-01 0.342454004E-01-0.731888449E-01-0.755443730E-01
-0.781513038E-01-0.810176752E-01-0.841011261E-01-0.872802590E-01-0.905080994E-01
-0.937754354E-01-0.970780654E-01-0.100413487E+00-0.103779994E+00-0.107176314E+00
-0.110601429E+00-0.114054491E+00-0.117534769E+00-0.121041620E+00-0.124574471E+00
-0.128132804E+00-0.131716149E+00-0.135324080E+00-0.138956203E+00-0.142612156E+00
-0.146291604E+00-0.149994233E+00-0.153719749E+00-0.157467877E+00-0.161238385E+00
-0.165031140E+00-0.168846305E+00-0.172684857E+00-0.176545183E+00-0.180384157E+00
-0.184169757E+00-0.187893123E+00-0.191559708E+00-0.195176505E+00-0.198747264E+00
-0.202272892E+00-0.205749164E+00-0.209164431E+00-0.212505896E+00-0.215759747E+00
-0.218911616E+00-0.221947080E+00-0.224852129E+00-0.227613582E+00-0.230219415E+00
-0.232658993E+00-0.234923210E+00-0.237004529E+00-0.238896946E+00-0.240595875E+00
-0.242097983E+00-0.243401001E+00-0.244503507E+00-0.245404729E+00-0.246104363E+00
-0.246602432E+00-0.246899185E+00-0.246995018E+00-0.246890424E+00-0.246585965E+00
-0.246082264E+00-0.245380011E+00-0.244479997E+00-0.243383157E+00-0.242090639E+00
-0.240603898E+00-0.238924817E+00-0.237055835E+00-0.235000078E+00-0.232761464E+00
-0.230344810E+00-0.227755888E+00-0.225001451E+00-0.222089182E+00-0.219027584E+00
-0.215825769E+00-0.212493140E+00-0.209038891E+00-0.205471332E+00-0.201796483E+00
-0.198016950E+00-0.194120940E+00-0.190078262E+00-0.185825918E+00-0.181265120E+00
-0.176339020E+00-0.171150144E+00-0.165836270E+00-0.160485393E+00-0.155099052E+00
-0.149678996E+00-0.144227243E+00-0.138746498E+00-0.133239977E+00-0.127711213E+00
-0.122163922E+00-0.116601938E+00-0.111029185E+00-0.105449662E+00-0.998674473E-01
-0.942866942E-01-0.887116328E-01-0.831465695E-01-0.775958854E-01-0.720640345E-01
-0.665555433E-01-0.610750122E-01-0.556271206E-01-0.502166378E-01-0.448484417E-01
-0.395275460E-01-0.342591398E-01-0.290486403E-01-0.239017604E-01-0.188245921E-01
-0.138237052E-01-0.890625909E-02-0.408012325E-02 0.646002887E-03 0.526248277E-02
 0.975866683E-02 0.141228706E-01 0.183424320E-01 0.224038717E-01 0.262931713E-01
 0.299961685E-01 0.334990502E-01-0.722685179E-01-0.745537063E-01-0.771743712E-01
-0.801391527E-01-0.834116599E-01-0.867318378E-01-0.900679808E-01-0.934281919E-01
-0.968159556E-01-0.100232720E+00-0.103679042E+00-0.107155063E+00-0.110660731E+00
-0.114195891E+00-0.117760343E+00-0.121353866E+00-0.124976235E+00-0.128627231E+00
-0.132306646E+00-0.136014288E+00-0.139749980E+00-0.143513566E+00-0.147304898E+00
-0.151123843E+00-0.154970262E+00-0.158843988E+00-0.162744779E+00-0.166672194E+00
-0.170625338E+00-0.174617981E+00-0.178617218E+00-0.182583454E+00-0.186498133E+00
-0.190363070E+00-0.194185801E+00-0.197971295E+00-0.201721205E+00-0.205432929E+00
-0.209094760E+00-0.212693147E+00-0.216213224E+00-0.219639305E+00-0.222955463E+00
-0.226146105E+00-0.229196484E+00-0.232093123E+00-0.234824129E+00-0.237379386E+00
-0.239750641E+00-0.241931469E+00-0.243917145E+00-0.245704440E+00-0.247291341E+00
-0.248676785E+00-0.249860388E+00-0.250842175E+00-0.251622397E+00-0.252201423E+00
-0.252579706E+00-0.252757775E+00-0.252736215E+00-0.252515653E+00-0.252096745E+00
-0.251480157E+00-0.250666549E+00-0.249656554E+00-0.248450776E+00-0.247049869E+00
-0.245454663E+00-0.243666347E+00-0.241686609E+00-0.239517783E+00-0.237163048E+00
-0.234626578E+00-0.231913660E+00-0.229030752E+00-0.225985483E+00-0.222786578E+00
-0.219443684E+00-0.215967084E+00-0.212367276E+00-0.208654335E+00-0.204837003E+00
-0.200920971E+00-0.196905888E+00-0.192772141E+00-0.188474376E+00-0.183922958E+00
-0.179007538E+00-0.173736061E+00-0.168270354E+00-0.162776258E+00-0.157252764E+00
-0.151698602E+00-0.146115996E+00-0.140508193E+00-0.134878660E+00-0.129230846E+00
-0.123568144E+00-0.117893902E+00-0.112211445E+00-0.106524093E+00-0.100835175E+00
-0.951480394E-01-0.894660524E-01-0.837926055E-01-0.781311160E-01-0.724850320E-01
-0.668578401E-01-0.612530786E-01-0.556743591E-01-0.501253979E-01-0.446100596E-01
-0.391324184E-01-0.336968369E-01-0.283080687E-01-0.229713863E-01-0.176927376E-01
-0.124789323E-01-0.733785531E-02-0.227870246E-02 0.268777786E-02 0.754906181E-02
 0.122906868E-01 0.168962031E-01 0.213473029E-01 0.256241838E-01 0.297061682E-01
 0.335725463E-01-0.715723034E-01-0.738462713E-01-0.764861676E-01-0.795041769E-01
-0.828819801E-01-0.862874334E-01-0.897083864E-01-0.931511458E-01-0.966192428E-01
-0.100115034E+00-0.103640044E+00-0.107195244E+00-0.110781249E+00-0.114398448E+00
-0.118047082E+00-0.121727301E+00-0.125439197E+00-0.129182830E+00-0.132958243E+00
-0.136765475E+00-0.140604568E+00-0.144475575E+00-0.148378561E+00-0.152313610E+00
-0.156280826E+00-0.160280333E+00-0.164312278E+00-0.168376832E+00-0.172474173E+00
-0.176608191E+00-0.180736027E+00-0.184827159E+00-0.188875877E+00-0.192888897E+00
-0.196872419E+00-0.200829006E+00-0.204758030E+00-0.208648686E+00-0.212486805E+00
-0.216256624E+00-0.219941238E+00-0.223523240E+00-0.226985410E+00-0.230311347E+00
-0.233486004E+00-0.236496101E+00-0.239330409E+00-0.241979895E+00-0.244437718E+00
-0.246699100E+00-0.248761071E+00-0.250622143E+00-0.252281780E+00-0.253739848E+00
-0.254996393E+00-0.256051605E+00-0.256905823E+00-0.257559512E+00-0.258013232E+00
-0.258267610E+00-0.258323326E+00-0.258181091E+00-0.257841629E+00-0.257305662E+00
-0.256573895E+00-0.255647011E+00-0.254525664E+00-0.253210492E+00-0.251702103E+00
-0.250001031E+00-0.248107742E+00-0.246022888E+00-0.243747747E+00-0.241284511E+00
-0.238636431E+00-0.235808019E+00-0.232805168E+00-0.229635196E+00-0.226306804E+00
-0.222829928E+00-0.219215485E+00-0.215474966E+00-0.211619856E+00-0.207660758E+00
-0.203606087E+00-0.199460065E+00-0.195214461E+00-0.190836234E+00-0.186253083E+00
-0.181343061E+00-0.176029301E+00-0.170431187E+00-0.164808881E+00-0.159144575E+00
-0.153448796E+00-0.147727702E+00-0.141985516E+00-0.136225570E+00-0.130450768E+00
-0.124663802E+00-0.118867253E+00-0.113063639E+00-0.107255438E+00-0.101445097E+00
-0.956350365E-01-0.898276492E-01-0.840253017E-01-0.782303376E-01-0.724450843E-01
-0.666718676E-01-0.609130343E-01-0.551709869E-01-0.494482346E-01-0.437474625E-01
-0.380716264E-01-0.324240778E-01-0.268087273E-01-0.212302532E-01-0.156943658E-01
-0.102081354E-01-0.478038866E-02 0.577827491E-03 0.585273568E-02 0.110273226E-01
 0.160809402E-01 0.209891751E-01 0.257241834E-01 0.302556466E-01 0.345523321E-01
-0.711134877E-01-0.734034852E-01-0.760687292E-01-0.791209884E-01-0.824959764E-01
-0.859582407E-01-0.894449207E-01-0.929569094E-01-0.964963971E-01-0.100065222E+00
-0.103664836E+00-0.107296356E+00-0.110960634E+00-0.114658318E+00-0.118389913E+00
-0.122155817E+00-0.125956358E+00-0.129791817E+00-0.133662448E+00-0.137568491E+00
-0.141510185E+00-0.145487779E+00-0.149501539E+00-0.153551760E+00-0.157638782E+00
-0.161763014E+00-0.165924999E+00-0.170125560E+00-0.174366204E+00-0.178632773E+00
-0.182883878E+00-0.187101883E+00-0.191289832E+00-0.195454789E+00-0.199600569E+00
-0.203728075E+00-0.207829141E+00-0.211889094E+00-0.215891518E+00-0.219818461E+00
-0.223651129E+00-0.227370685E+00-0.230959012E+00-0.234399378E+00-0.237676985E+00
-0.240779368E+00-0.243696631E+00-0.246421522E+00-0.248949326E+00-0.251277595E+00
-0.253405343E+00-0.255332096E+00-0.257057590E+00-0.258581788E+00-0.259904852E+00
-0.261027111E+00-0.261949036E+00-0.262671214E+00-0.263194326E+00-0.263519117E+00
-0.263646376E+00-0.263576914E+00-0.263311543E+00-0.262851060E+00-0.262196232E+00
-0.261347787E+00-0.260306406E+00-0.259072717E+00-0.257647294E+00-0.256030651E+00
-0.254223258E+00-0.252225565E+00-0.250037959E+00-0.247660754E+00-0.245094687E+00
-0.242341689E+00-0.239405162E+00-0.236290104E+00-0.233003228E+00-0.229552943E+00
-0.225949233E+00-0.222203408E+00-0.218327716E+00-0.214334774E+00-0.210236769E+00
-0.206044265E+00-0.201764176E+00-0.197396778E+00-0.192919734E+00-0.188277561E+00
-0.183359665E+00-0.178043022E+00-0.172385072E+00-0.166573314E+00-0.160742713E+00
-0.154893653E+00-0.149027380E+00-0.143145441E+00-0.137249487E+00-0.131341189E+00
-0.125422211E+00-0.119494186E+00-0.113558707E+00-0.107617310E+00-0.101671465E+00
-0.957225660E-01-0.897719178E-01-0.838207344E-01-0.778701370E-01-0.719211603E-01
-0.659747670E-01-0.600318745E-01-0.540933970E-01-0.481603075E-01-0.422337263E-01
-0.363150449E-01-0.304060943E-01-0.245093755E-01-0.186283687E-01-0.127679503E-01
-0.693494931E-02-0.113888427E-02 0.460708145E-02 0.102849545E-01 0.158705761E-01
 0.213324256E-01 0.266311909E-01 0.317209787E-01 0.365526341E-01-0.706992473E-01
-0.730028486E-01-0.756929879E-01-0.787807801E-01-0.822152444E-01-0.857284028E-01
-0.892704247E-01-0.928424400E-01-0.964457470E-01-0.100081586E+00-0.103751076E+00
-0.107455190E+00-0.111194761E+00-0.114970501E+00-0.118783018E+00-0.122632845E+00
-0.126520454E+00-0.130446282E+00-0.134410739E+00-0.138414225E+00-0.142457143E+00
-0.146539902E+00-0.150662934E+00-0.154826692E+00-0.159031656E+00-0.163278312E+00
-0.167567071E+00-0.171898005E+00-0.176280167E+00-0.180673211E+00-0.185046417E+00
-0.189394894E+00-0.193725441E+00-0.198043391E+00-0.202350623E+00-0.206643184E+00
-0.210906516E+00-0.215123876E+00-0.219276518E+00-0.223344431E+00-0.227307232E+00
-0.231145066E+00-0.234839428E+00-0.238373856E+00-0.241734488E+00-0.244910436E+00
-0.247893974E+00-0.250680537E+00-0.253268119E+00-0.255655765E+00-0.257842819E+00
-0.259828905E+00-0.261613899E+00-0.263197902E+00-0.264581216E+00-0.265764311E+00
-0.266747802E+00-0.267532419E+00-0.268118980E+00-0.268508363E+00-0.268701483E+00
-0.268699268E+00-0.268502634E+00-0.268112468E+00-0.267529612E+00-0.266754852E+00
-0.265788902E+00-0.264632403E+00-0.263285918E+00-0.261749933E+00-0.260024863E+00
-0.258111056E+00-0.256008807E+00-0.253718365E+00-0.251239981E+00-0.248573816E+00
-0.245720249E+00-0.242681044E+00-0.239459935E+00-0.236062688E+00-0.232497136E+00
-0.228773067E+00-0.224901978E+00-0.220896679E+00-0.216770737E+00-0.212537686E+00
-0.208209925E+00-0.203797061E+00-0.199303093E+00-0.194716209E+00-0.189992040E+00
-0.185032687E+00-0.179690299E+00-0.173936820E+00-0.167970443E+00-0.161989437E+00
-0.155994035E+00-0.149984734E+00-0.143962208E+00-0.137927225E+00-0.131880592E+00
-0.125823108E+00-0.119755523E+00-0.113678505E+00-0.107592613E+00-0.101498269E+00
-0.953957375E-01-0.892851044E-01-0.831662643E-01-0.770389099E-01-0.709025294E-01
-0.647564115E-01-0.585996636E-01-0.524312452E-01-0.462500220E-01-0.400548513E-01
-0.338447069E-01-0.276188630E-01-0.213771603E-01-0.151203939E-01-0.885088347E-02
-0.257332309E-02 0.370392784E-02 0.996685681E-02 0.161927431E-01 0.223457227E-01
 0.283716379E-01 0.341960645E-01 0.397323192E-01-0.703443057E-01-0.726659877E-01
-0.753790000E-01-0.785032843E-01-0.820207892E-01-0.855800665E-01-0.891716568E-01
-0.927978959E-01-0.964595998E-01-0.100157606E+00-0.103892743E+00-0.107665799E+00
-0.111477509E+00-0.115328553E+00-0.119219558E+00-0.123151109E+00-0.127123757E+00
-0.131138034E+00-0.135194462E+00-0.139293560E+00-0.143435858E+00-0.147621900E+00
-0.151852257E+00-0.156127543E+00-0.160448445E+00-0.164815806E+00-0.169230843E+00
-0.173695725E+00-0.178205593E+00-0.182717442E+00-0.187212420E+00-0.191693475E+00
-0.196167130E+00-0.200636445E+00-0.205101213E+00-0.209549075E+00-0.213963236E+00
-0.218324500E+00-0.222611904E+00-0.226803676E+00-0.230878266E+00-0.234815329E+00
-0.238596593E+00-0.242206594E+00-0.245633235E+00-0.248868139E+00-0.251906753E+00
-0.254747182E+00-0.257388276E+00-0.259829197E+00-0.262069423E+00-0.264108712E+00
-0.265947085E+00-0.267584790E+00-0.269022280E+00-0.270260181E+00-0.271299265E+00
-0.272140415E+00-0.272784605E+00-0.273232862E+00-0.273486241E+00-0.273545804E+00
-0.273412586E+00-0.273087582E+00-0.272571722E+00-0.271865860E+00-0.270970760E+00
-0.269887088E+00-0.268615409E+00-0.267156184E+00-0.265509778E+00-0.263676464E+00
-0.261656435E+00-0.259449815E+00-0.257056680E+00-0.254477068E+00-0.251711019E+00
-0.248758535E+00-0.245619835E+00-0.242296870E+00-0.238794108E+00-0.235118510E+00
-0.231279431E+00-0.227288361E+00-0.223158510E+00-0.218904224E+00-0.214540189E+00
-0.210080330E+00-0.205536185E+00-0.200914101E+00-0.196209383E+00-0.191385097E+00
-0.186353517E+00-0.180958886E+00-0.175115360E+00-0.169002095E+00-0.162876315E+00
-0.156737793E+00-0.150586495E+00-0.144422502E+00-0.138245932E+00-0.132056886E+00
-0.125855389E+00-0.119641342E+00-0.113414480E+00-0.107174333E+00-0.100920187E+00
-0.946510525E-01-0.883656291E-01-0.820622776E-01-0.757389908E-01-0.693933689E-01
-0.630225990E-01-0.566234402E-01-0.501922185E-01-0.437248346E-01-0.372167907E-01
-0.306632469E-01-0.240591198E-01-0.173992480E-01-0.106786642E-01-0.389304725E-02
 0.296049955E-02 0.988201954E-02 0.168658128E-01 0.238937195E-01 0.309167428E-01
 0.378081992E-01 0.443516967E-01-0.701625546E-01-0.725112670E-01-0.752547646E-01
-0.784053750E-01-0.818995451E-01-0.854971839E-01-0.891348087E-01-0.928114937E-01
-0.965277672E-01-0.100284236E+00-0.104081536E+00-0.107920312E+00-0.111801197E+00
-0.115724814E+00-0.119691770E+00-0.123702658E+00-0.127758068E+00-0.131858587E+00
-0.136004810E+00-0.140197345E+00-0.144436817E+00-0.148723871E+00-0.153059166E+00
-0.157443360E+00-0.161877062E+00-0.166360709E+00-0.170894296E+00-0.175494538E+00
-0.180125171E+00-0.184752588E+00-0.189370108E+00-0.193983970E+00-0.198598903E+00
-0.203216387E+00-0.207829696E+00-0.212422097E+00-0.216974379E+00-0.221465011E+00
-0.225871095E+00-0.230169511E+00-0.234338061E+00-0.238356530E+00-0.242207613E+00
-0.245877693E+00-0.249357408E+00-0.252641884E+00-0.255729079E+00-0.258617592E+00
-0.261306378E+00-0.263794732E+00-0.266082267E+00-0.268168888E+00-0.270054764E+00
-0.271740301E+00-0.273226113E+00-0.274512992E+00-0.275601877E+00-0.276493823E+00
-0.277189969E+00-0.277691507E+00-0.277999651E+00-0.278115609E+00-0.278040554E+00
-0.277775600E+00-0.277321784E+00-0.276680042E+00-0.275851200E+00-0.274835960E+00
-0.273634899E+00-0.272248466E+00-0.270676983E+00-0.268920655E+00-0.266979580E+00
-0.264853758E+00-0.262543116E+00-0.260047518E+00-0.257366794E+00-0.254500754E+00
-0.251449228E+00-0.248212027E+00-0.244789456E+00-0.241184267E+00-0.237402271E+00
-0.233452175E+00-0.229345292E+00-0.225095086E+00-0.220716531E+00-0.216225270E+00
-0.211636469E+00-0.206963191E+00-0.202213810E+00-0.197387294E+00-0.192452901E+00
-0.187330174E+00-0.181861865E+00-0.175921986E+00-0.169667188E+00-0.163400114E+00
-0.157120310E+00-0.150827416E+00-0.144521086E+00-0.138200912E+00-0.131866364E+00
-0.125516726E+00-0.119151048E+00-0.112768091E+00-0.106366283E+00-0.999436652E-01
-0.934978465E-01-0.870259491E-01-0.805245542E-01-0.739896418E-01-0.674165260E-01
-0.607997829E-01-0.541331714E-01-0.474095441E-01-0.406207458E-01-0.337574960E-01
-0.268092470E-01-0.197640055E-01-0.126080913E-01-0.532578196E-02 0.210126544E-02
 0.969507223E-02 0.174835524E-01 0.255060570E-01 0.338315118E-01 0.425373615E-01
 0.505128628E-01-0.699637272E-01-0.723334765E-01-0.751038481E-01-0.782866806E-01
-0.818273374E-01-0.854655058E-01-0.891468515E-01-0.928713139E-01-0.966393291E-01
-0.100451390E+00-0.104308020E+00-0.108209762E+00-0.112157171E+00-0.116150807E+00
-0.120191242E+00-0.124279058E+00-0.128414854E+00-0.132599248E+00-0.136832887E+00
-0.141116448E+00-0.145450646E+00-0.149836239E+00-0.154274037E+00-0.158764911E+00
-0.163309801E+00-0.167909714E+00-0.172565665E+00-0.177286169E+00-0.182028119E+00
-0.186768253E+00-0.191507690E+00-0.196252355E+00-0.201004821E+00-0.205764093E+00
-0.210515627E+00-0.215240650E+00-0.219917514E+00-0.224522555E+00-0.229031310E+00
-0.233419799E+00-0.237665771E+00-0.241749841E+00-0.245656498E+00-0.249374922E+00
-0.252899451E+00-0.256227720E+00-0.259358050E+00-0.262289151E+00-0.265020103E+00
-0.267550335E+00-0.269879600E+00-0.272007952E+00-0.273935717E+00-0.275663464E+00
-0.277191978E+00-0.278522226E+00-0.279655327E+00-0.280592517E+00-0.281335116E+00
-0.281884494E+00-0.282242039E+00-0.282409122E+00-0.282387070E+00-0.282177133E+00
-0.281780465E+00-0.281198103E+00-0.280430946E+00-0.279479746E+00-0.278345105E+00
-0.277027463E+00-0.275527114E+00-0.273844198E+00-0.271978726E+00-0.269930582E+00
-0.267699549E+00-0.265285323E+00-0.262687539E+00-0.259905790E+00-0.256939656E+00
-0.253788723E+00-0.250452626E+00-0.246931019E+00-0.243224887E+00-0.239338643E+00
-0.235280176E+00-0.231060505E+00-0.226693251E+00-0.222193930E+00-0.217579034E+00
-0.212864833E+00-0.208065715E+00-0.203191634E+00-0.198243586E+00-0.193195588E+00
-0.187970863E+00-0.182410325E+00-0.176362100E+00-0.169968657E+00-0.163562169E+00
-0.157142136E+00-0.150708003E+00-0.144259083E+00-0.137794489E+00-0.131313076E+00
-0.124813379E+00-0.118293561E+00-0.111751352E+00-0.105183997E+00-0.985881856E-01
-0.919599890E-01-0.852947764E-01-0.785871261E-01-0.718307188E-01-0.650182134E-01
-0.581410992E-01-0.511895179E-01-0.441520468E-01-0.370154299E-01-0.297642354E-01
-0.223804072E-01-0.148426559E-01-0.712559475E-02 0.801546659E-03 0.897692384E-02
 0.174492898E-01 0.262830394E-01 0.355647412E-01 0.453373910E-01 0.544166375E-01
-0.697560661E-01-0.721513258E-01-0.749395337E-01-0.781627637E-01-0.817940540E-01
-0.854724808E-01-0.891956819E-01-0.929658117E-01-0.967833216E-01-0.100648661E+00
-0.104562289E+00-0.108524673E+00-0.112536290E+00-0.116597637E+00-0.120709237E+00
-0.124871642E+00-0.129085443E+00-0.133351272E+00-0.137669806E+00-0.142041773E+00
-0.146467954E+00-0.150949196E+00-0.155486426E+00-0.160080698E+00-0.164733299E+00
-0.169446003E+00-0.174221713E+00-0.179053758E+00-0.183901636E+00-0.188753050E+00
-0.193612602E+00-0.198484501E+00-0.203369861E+00-0.208261133E+00-0.213140001E+00
-0.217985237E+00-0.222772918E+00-0.227477600E+00-0.232073705E+00-0.236536948E+00
-0.240845674E+00-0.244982097E+00-0.248933390E+00-0.252692491E+00-0.256256509E+00
-0.259623461E+00-0.262791773E+00-0.265760272E+00-0.268528165E+00-0.271095017E+00
-0.273460724E+00-0.275625491E+00-0.277589806E+00-0.279354407E+00-0.280920255E+00
-0.282288502E+00-0.283460456E+00-0.284437544E+00-0.285221282E+00-0.285813232E+00
-0.286214970E+00-0.286428046E+00-0.286453955E+00-0.286294101E+00-0.285949773E+00
-0.285422119E+00-0.284712127E+00-0.283820611E+00-0.282748205E+00-0.281495357E+00
-0.280062332E+00-0.278449222E+00-0.276655951E+00-0.274682295E+00-0.272527901E+00
-0.270192301E+00-0.267674945E+00-0.264975215E+00-0.262092459E+00-0.259026013E+00
-0.255775229E+00-0.252339499E+00-0.248718273E+00-0.244911420E+00-0.240921820E+00
-0.236756468E+00-0.232426051E+00-0.227944333E+00-0.223327358E+00-0.218592443E+00
-0.213756893E+00-0.208836271E+00-0.203841773E+00-0.198775621E+00-0.193614457E+00
-0.188281679E+00-0.182613185E+00-0.176441700E+00-0.169910859E+00-0.163366190E+00
-0.156807197E+00-0.150233150E+00-0.143643021E+00-0.137035430E+00-0.130408590E+00
-0.123760253E+00-0.117087653E+00-0.110387445E+00-0.103655639E+00-0.968875166E-01
-0.900775420E-01-0.832192467E-01-0.763050964E-01-0.693263291E-01-0.622727604E-01
-0.551325465E-01-0.478918958E-01-0.405347140E-01-0.330421647E-01-0.253921225E-01
-0.175584859E-01-0.951031545E-02-0.121075972E-02 0.738423843E-02 0.163273664E-01
 0.256811520E-01 0.355181354E-01 0.459060280E-01 0.556938623E-01-0.697101147E-01
-0.721289580E-01-0.749533302E-01-0.781957787E-01-0.817948579E-01-0.855067037E-01
-0.892698872E-01-0.930837806E-01-0.969488617E-01-0.100865567E+00-0.104834288E+00
-0.108855398E+00-0.112929273E+00-0.117056321E+00-0.121236990E+00-0.125471786E+00
-0.129761276E+00-0.134106090E+00-0.138506925E+00-0.142964542E+00-0.147479760E+00
-0.152053447E+00-0.156686499E+00-0.161379784E+00-0.166134032E+00-0.170949558E+00
-0.175844902E+00-0.180783218E+00-0.185734444E+00-0.190695704E+00-0.195672319E+00
-0.200666682E+00-0.205678002E+00-0.210691198E+00-0.215686009E+00-0.220638850E+00
-0.225523793E+00-0.230314002E+00-0.234983285E+00-0.239507634E+00-0.243866680E+00
-0.248045041E+00-0.252033501E+00-0.255828263E+00-0.259427003E+00-0.262827832E+00
-0.266029284E+00-0.269030305E+00-0.271830228E+00-0.274428750E+00-0.276825914E+00
-0.279022079E+00-0.281017893E+00-0.282814270E+00-0.284412352E+00-0.285813482E+00
-0.287019165E+00-0.288031032E+00-0.288850805E+00-0.289480251E+00-0.289921149E+00
-0.290175245E+00-0.290244218E+00-0.290129641E+00-0.289832953E+00-0.289355430E+00
-0.288698160E+00-0.287862032E+00-0.286847724E+00-0.285655698E+00-0.284286201E+00
-0.282739279E+00-0.281014780E+00-0.279112376E+00-0.277031582E+00-0.274771777E+00
-0.272332229E+00-0.269712121E+00-0.266910579E+00-0.263926699E+00-0.260759572E+00
-0.257408317E+00-0.253872104E+00-0.250150191E+00-0.246241960E+00-0.242148956E+00
-0.237877313E+00-0.233437446E+00-0.228843332E+00-0.224111597E+00-0.219260405E+00
-0.214308060E+00-0.209271163E+00-0.204161853E+00-0.198982945E+00-0.193711279E+00
-0.188266788E+00-0.182475655E+00-0.176164621E+00-0.169497610E+00-0.162816865E+00
-0.156121820E+00-0.149411494E+00-0.142684456E+00-0.135938782E+00-0.129172003E+00
-0.122381057E+00-0.115562240E+00-0.108711142E+00-0.101822575E+00-0.948904699E-01
-0.879077650E-01-0.808662540E-01-0.737564107E-01-0.665671743E-01-0.592856886E-01
-0.518969891E-01-0.443836237E-01-0.367251986E-01-0.288978378E-01-0.208735531E-01
-0.126195327E-01-0.409738660E-02 0.473756235E-02 0.139367755E-01 0.235585192E-01
 0.336670950E-01 0.443536061E-01 0.546989667E-01-0.696114647E-01-0.720535044E-01
-0.749040699E-01-0.781754843E-01-0.818106922E-01-0.855571847E-01-0.893582194E-01
-0.932139292E-01-0.971248945E-01-0.101091475E+00-0.105113894E+00-0.109192327E+00
-0.113326970E+00-0.117518083E+00-0.121766010E+00-0.126071189E+00-0.130434155E+00
-0.134855537E+00-0.139336060E+00-0.143876535E+00-0.148477857E+00-0.153141000E+00
-0.157867005E+00-0.162656963E+00-0.167511990E+00-0.172433207E+00-0.177432738E+00
-0.182468084E+00-0.187518640E+00-0.192586444E+00-0.197675594E+00-0.202787008E+00
-0.207914735E+00-0.213039552E+00-0.218138872E+00-0.223186951E+00-0.228156205E+00
-0.233018851E+00-0.237748603E+00-0.242322334E+00-0.246721661E+00-0.250934429E+00
-0.254955178E+00-0.258781178E+00-0.262410181E+00-0.265840397E+00-0.269070468E+00
-0.272099455E+00-0.274926814E+00-0.277552377E+00-0.279976327E+00-0.282199178E+00
-0.284221743E+00-0.286045111E+00-0.287670609E+00-0.289099775E+00-0.290334321E+00
-0.291376091E+00-0.292227021E+00-0.292889100E+00-0.293364322E+00-0.293654645E+00
-0.293761949E+00-0.293687993E+00-0.293434380E+00-0.293002528E+00-0.292393641E+00
-0.291608692E+00-0.290648412E+00-0.289513286E+00-0.288203553E+00-0.286719214E+00
-0.285060049E+00-0.283225629E+00-0.281215345E+00-0.279028426E+00-0.276663967E+00
-0.274120961E+00-0.271398322E+00-0.268494916E+00-0.265409594E+00-0.262141216E+00
-0.258688682E+00-0.255050963E+00-0.251227122E+00-0.247216331E+00-0.243019235E+00
-0.238641262E+00-0.234092724E+00-0.229387955E+00-0.224544276E+00-0.219580741E+00
-0.214516620E+00-0.209369397E+00-0.204151798E+00-0.198866515E+00-0.193487921E+00
-0.187928229E+00-0.181998423E+00-0.175531631E+00-0.168731683E+00-0.161919633E+00
-0.155094656E+00-0.148255420E+00-0.141400025E+00-0.134525941E+00-0.127629977E+00
-0.120708269E+00-0.113756243E+00-0.106768560E+00-0.997390217E-01-0.926604616E-01
-0.855246008E-01-0.783218749E-01-0.710412248E-01-0.636698458E-01-0.561928856E-01
-0.485930829E-01-0.408503363E-01-0.329411950E-01-0.248382690E-01-0.165095644E-01
-0.791777725E-02 0.980386598E-03 0.102347316E-01 0.199017192E-01 0.300439634E-01
 0.407421247E-01 0.511625029E-01-0.694486512E-01-0.719327051E-01-0.747790944E-01
-0.781065126E-01-0.818333866E-01-0.856125666E-01-0.894483035E-01-0.933438170E-01
-0.972995471E-01-0.101315367E+00-0.105390980E+00-0.109526128E+00-0.113720693E+00
-0.117974722E+00-0.122288430E+00-0.126662186E+00-0.131096507E+00-0.135592036E+00
-0.140149541E+00-0.144769903E+00-0.149454119E+00-0.154203305E+00-0.159018713E+00
-0.163901744E+00-0.168853969E+00-0.173877076E+00-0.178972048E+00-0.184098486E+00
-0.189244872E+00-0.194414934E+00-0.199611041E+00-0.204832997E+00-0.210067530E+00
-0.215293483E+00-0.220486013E+00-0.225617460E+00-0.230658953E+00-0.235582206E+00
-0.240361354E+00-0.244974749E+00-0.249406686E+00-0.253648844E+00-0.257697798E+00
-0.261550914E+00-0.265206037E+00-0.268661473E+00-0.271915967E+00-0.274968690E+00
-0.277819220E+00-0.280467517E+00-0.282913907E+00-0.285159053E+00-0.287203933E+00
-0.289049809E+00-0.290698200E+00-0.292150842E+00-0.293409657E+00-0.294476710E+00
-0.295354165E+00-0.296044242E+00-0.296549168E+00-0.296871128E+00-0.297012216E+00
-0.296974395E+00-0.296759449E+00-0.296368950E+00-0.295804230E+00-0.295066358E+00
-0.294156129E+00-0.293074054E+00-0.291820368E+00-0.290395037E+00-0.288797771E+00
-0.287028050E+00-0.285085139E+00-0.282968125E+00-0.280675938E+00-0.278207385E+00
-0.275561180E+00-0.272735974E+00-0.269730388E+00-0.266543043E+00-0.263172588E+00
-0.259617732E+00-0.255877274E+00-0.251950124E+00-0.247835324E+00-0.243533028E+00
-0.239048273E+00-0.234391531E+00-0.229577707E+00-0.224624954E+00-0.219553278E+00
-0.214382852E+00-0.209131832E+00-0.203813067E+00-0.198428209E+00-0.192945994E+00
-0.187265586E+00-0.181177527E+00-0.174541305E+00-0.167615755E+00-0.160681395E+00
-0.153737180E+00-0.146781470E+00-0.139811739E+00-0.132824712E+00-0.125816471E+00
-0.118782473E+00-0.111717516E+00-0.104615657E+00-0.974701044E-01-0.902730914E-01
-0.830157210E-01-0.756877867E-01-0.682775580E-01-0.607715235E-01-0.531540823E-01
-0.454071687E-01-0.375097931E-01-0.294374766E-01-0.211615481E-01-0.126482683E-01
-0.385774490E-02 0.525735987E-02 0.147531989E-01 0.246957349E-01 0.351594654E-01
 0.453935920E-01-0.694686985E-01-0.719697731E-01-0.748714750E-01-0.781856189E-01
-0.818600826E-01-0.856568397E-01-0.895228571E-01-0.934576589E-01-0.974593385E-01
-0.101525912E+00-0.105655903E+00-0.109848376E+00-0.114102841E+00-0.118419161E+00
-0.122797476E+00-0.127238149E+00-0.131741724E+00-0.136308898E+00-0.140940507E+00
-0.145637509E+00-0.150400987E+00-0.155232157E+00-0.160132412E+00-0.165103422E+00
-0.170147388E+00-0.175267662E+00-0.180451342E+00-0.185664945E+00-0.190903841E+00
-0.196171560E+00-0.201468901E+00-0.206792932E+00-0.212124984E+00-0.217441914E+00
-0.222716854E+00-0.227920576E+00-0.233023315E+00-0.237996734E+00-0.242815894E+00
-0.247461199E+00-0.251920286E+00-0.256188024E+00-0.260261381E+00-0.264137805E+00
-0.267815226E+00-0.271292038E+00-0.274567086E+00-0.277639648E+00-0.280509415E+00
-0.283176475E+00-0.285641287E+00-0.287904664E+00-0.289967745E+00-0.291831965E+00
-0.293499032E+00-0.294970884E+00-0.296249659E+00-0.297337649E+00-0.298237257E+00
-0.298950946E+00-0.299481189E+00-0.299830414E+00-0.300000949E+00-0.299994973E+00
-0.299814465E+00-0.299461167E+00-0.298936548E+00-0.298241783E+00-0.297377734E+00
-0.296344949E+00-0.295143661E+00-0.293773801E+00-0.292235017E+00-0.290526692E+00
-0.288647976E+00-0.286597813E+00-0.284374975E+00-0.281978091E+00-0.279405684E+00
-0.276656200E+00-0.273728046E+00-0.270619619E+00-0.267329336E+00-0.263855668E+00
-0.260197168E+00-0.256352502E+00-0.252320473E+00-0.248100041E+00-0.243691183E+00
-0.239098966E+00-0.234334374E+00-0.229413146E+00-0.224354424E+00-0.219179202E+00
-0.213908454E+00-0.208560704E+00-0.203148309E+00-0.197670549E+00-0.192086541E+00
-0.186275458E+00-0.180005034E+00-0.173193218E+00-0.166153837E+00-0.159111071E+00
-0.152064541E+00-0.145011244E+00-0.137947424E+00-0.130869014E+00-0.123771630E+00
-0.116650476E+00-0.109500218E+00-0.102314879E+00-0.950877186E-01-0.878111171E-01
-0.804764453E-01-0.730739132E-01-0.655923948E-01-0.580192165E-01-0.503398978E-01
-0.425378197E-01-0.345937881E-01-0.264854257E-01-0.181862792E-01-0.966443019E-02
-0.880227123E-03 0.821749695E-02 0.176973945E-01 0.276481939E-01 0.374638617E-01
-0.694303233E-01-0.719937175E-01-0.749217155E-01-0.782275365E-01-0.818495780E-01
-0.856486552E-01-0.895513936E-01-0.935351545E-01-0.975906893E-01-0.101713523E+00
-0.105901343E+00-0.110152983E+00-0.114467956E+00-0.118846219E+00-0.123288038E+00
-0.127793906E+00-0.132364499E+00-0.137000638E+00-0.141703266E+00-0.146473428E+00
-0.151312252E+00-0.156220917E+00-0.161200599E+00-0.166252355E+00-0.171376856E+00
-0.176592763E+00-0.181861590E+00-0.187159659E+00-0.192487416E+00-0.197847677E+00
-0.203240395E+00-0.208657550E+00-0.214077727E+00-0.219475714E+00-0.224822837E+00
-0.230088616E+00-0.235242772E+00-0.240257336E+00-0.245108762E+00-0.249780031E+00
-0.254262423E+00-0.258552246E+00-0.262646517E+00-0.266542756E+00-0.270238972E+00
-0.273733645E+00-0.277025711E+00-0.280114548E+00-0.282999956E+00-0.285682142E+00
-0.288161697E+00-0.290439575E+00-0.292517071E+00-0.294395794E+00-0.296077635E+00
-0.297564737E+00-0.298859457E+00-0.299964322E+00-0.300881982E+00-0.301615157E+00
-0.302166583E+00-0.302538947E+00-0.302734825E+00-0.302756628E+00-0.302606541E+00
-0.302286486E+00-0.301798076E+00-0.301142599E+00-0.300320991E+00-0.299333838E+00
-0.298181373E+00-0.296863497E+00-0.295379792E+00-0.293729550E+00-0.291911804E+00
-0.289925361E+00-0.287768836E+00-0.285440688E+00-0.282939256E+00-0.280262796E+00
-0.277409510E+00-0.274377589E+00-0.271165235E+00-0.267770702E+00-0.264192323E+00
-0.260428538E+00-0.256477926E+00-0.252339232E+00-0.248011382E+00-0.243494449E+00
-0.238794044E+00-0.233922069E+00-0.228895384E+00-0.223734274E+00-0.218460717E+00
-0.213096310E+00-0.207659513E+00-0.202161318E+00-0.196596384E+00-0.190909097E+00
-0.184949411E+00-0.178468440E+00-0.171486933E+00-0.164347740E+00-0.157221774E+00
-0.150098859E+00-0.142973216E+00-0.135840611E+00-0.128697178E+00-0.121538929E+00
-0.114361537E+00-0.107160221E+00-0.999296704E-01-0.926639865E-01-0.853566213E-01
-0.780003164E-01-0.705870380E-01-0.631079069E-01-0.555531210E-01-0.479118647E-01
-0.401721945E-01-0.323208747E-01-0.243431088E-01-0.162220378E-01-0.793768583E-02
 0.535586971E-03 0.923655633E-02 0.182448088E-01 0.271859443E-01-0.688139692E-01
-0.713285096E-01-0.742342267E-01-0.776700336E-01-0.815782647E-01-0.855137553E-01
-0.895075902E-01-0.935664315E-01-0.976895496E-01-0.101876092E+00-0.106125637E+00
-0.110438144E+00-0.114813869E+00-0.119253290E+00-0.123757060E+00-0.128325979E+00
-0.132960968E+00-0.137663055E+00-0.142433364E+00-0.147273101E+00-0.152183544E+00
-0.157166029E+00-0.162221922E+00-0.167352604E+00-0.172559463E+00-0.177856357E+00
-0.183201469E+00-0.188578418E+00-0.193989361E+00-0.199435797E+00-0.204916948E+00
-0.210418580E+00-0.215917755E+00-0.221387354E+00-0.226797155E+00-0.232115743E+00
-0.237312679E+00-0.242360741E+00-0.247238196E+00-0.251931081E+00-0.256433585E+00
-0.260742293E+00-0.264854289E+00-0.268767160E+00-0.272478988E+00-0.275988330E+00
-0.279294208E+00-0.282396093E+00-0.285293885E+00-0.287987904E+00-0.290478861E+00
-0.292767848E+00-0.294856310E+00-0.296746019E+00-0.298439053E+00-0.299937755E+00
-0.301244704E+00-0.302362668E+00-0.303294560E+00-0.304043371E+00-0.304612114E+00
-0.305003757E+00-0.305221144E+00-0.305266925E+00-0.305143497E+00-0.304852959E+00
-0.304397074E+00-0.303777243E+00-0.302994482E+00-0.302049416E+00-0.300942281E+00
-0.299672949E+00-0.298240936E+00-0.296645444E+00-0.294885389E+00-0.292959443E+00
-0.290866067E+00-0.288603557E+00-0.286170076E+00-0.283563696E+00-0.280782433E+00
-0.277824282E+00-0.274687251E+00-0.271369396E+00-0.267868848E+00-0.264183851E+00
-0.260312782E+00-0.256254189E+00-0.252006810E+00-0.247569594E+00-0.242943040E+00
-0.238133882E+00-0.233155385E+00-0.228025814E+00-0.222766717E+00-0.217401002E+00
-0.211950604E+00-0.206433309E+00-0.200857450E+00-0.195209006E+00-0.189410272E+00
-0.183269585E+00-0.176543393E+00-0.169385196E+00-0.162216897E+00-0.155045707E+00
-0.147873989E+00-0.140701530E+00-0.133526728E+00-0.126347177E+00-0.119159946E+00
-0.111961706E+00-0.104748787E+00-0.975172087E-01-0.902627119E-01-0.829807861E-01
-0.756667220E-01-0.683156890E-01-0.609228545E-01-0.534835668E-01-0.459936327E-01
-0.384497480E-01-0.308501863E-01-0.231959594E-01-0.154929372E-01-0.775618780E-02
-0.203282086E-04 0.763251938E-02 0.150253191E-01-0.684947657E-01-0.709345226E-01
-0.738860458E-01-0.773649544E-01-0.813002230E-01-0.853478275E-01-0.894374990E-01
-0.935768634E-01-0.977709735E-01-0.102022803E+00-0.106334288E+00-0.110706883E+00
-0.115141829E+00-0.119640294E+00-0.124203433E+00-0.128832425E+00-0.133528497E+00
-0.138292926E+00-0.143127058E+00-0.148032303E+00-0.153010150E+00-0.158062161E+00
-0.163189977E+00-0.168395307E+00-0.173679915E+00-0.179049636E+00-0.184464758E+00
-0.189915253E+00-0.195403468E+00-0.200929596E+00-0.206491088E+00-0.212068881E+00
-0.217638370E+00-0.223170750E+00-0.228634536E+00-0.233997691E+00-0.239229931E+00
-0.244305123E+00-0.249203702E+00-0.253914985E+00-0.258434661E+00-0.262759346E+00
-0.266886179E+00-0.270812809E+00-0.274537383E+00-0.278058528E+00-0.281375344E+00
-0.284487384E+00-0.287394644E+00-0.290097541E+00-0.292596905E+00-0.294893950E+00
-0.296990262E+00-0.298887774E+00-0.300588737E+00-0.302095696E+00-0.303411453E+00
-0.304539018E+00-0.305481581E+00-0.306242451E+00-0.306824953E+00-0.307232341E+00
-0.307467726E+00-0.307534000E+00-0.307433772E+00-0.307169314E+00-0.306742529E+00
-0.306154916E+00-0.305407563E+00-0.304501142E+00-0.303435915E+00-0.302211724E+00
-0.300828018E+00-0.299283909E+00-0.297578196E+00-0.295709415E+00-0.293675880E+00
-0.291475723E+00-0.289106942E+00-0.286567435E+00-0.283855041E+00-0.280967576E+00
-0.277902871E+00-0.274658801E+00-0.271233321E+00-0.267624497E+00-0.263830532E+00
-0.259849803E+00-0.255680880E+00-0.251322560E+00-0.246773886E+00-0.242036287E+00
-0.237118246E+00-0.232034835E+00-0.226805981E+00-0.221454583E+00-0.216004368E+00
-0.210477282E+00-0.204889774E+00-0.199246250E+00-0.193518417E+00-0.187598844E+00
-0.181250975E+00-0.174305543E+00-0.167070120E+00-0.159843125E+00-0.152626955E+00
-0.145421155E+00-0.138224289E+00-0.131034546E+00-0.123849934E+00-0.116668364E+00
-0.109487689E+00-0.102305760E+00-0.951204917E-01-0.879299530E-01-0.807324980E-01
-0.735269456E-01-0.663128305E-01-0.590907548E-01-0.518628868E-01-0.446336805E-01
-0.374109299E-01-0.302073469E-01-0.230429412E-01-0.159485359E-01-0.897040096E-02
-0.217418372E-02 0.435741073E-02-0.682230383E-01-0.706584226E-01-0.736261814E-01
-0.771435392E-01-0.811279460E-01-0.852402688E-01-0.893967417E-01-0.936007723E-01
-0.978565763E-01-0.102167491E+00-0.106536150E+00-0.110964703E+00-0.115454990E+00
-0.120008665E+00-0.124627279E+00-0.129312334E+00-0.134065322E+00-0.138887749E+00
-0.143781161E+00-0.148747161E+00-0.153787436E+00-0.158903782E+00-0.164098138E+00
-0.169372603E+00-0.174729374E+00-0.180165020E+00-0.185645026E+00-0.191164025E+00
-0.196723747E+00-0.202323332E+00-0.207956990E+00-0.213602729E+00-0.219234220E+00
-0.224821160E+00-0.230331054E+00-0.235731506E+00-0.240992670E+00-0.246089771E+00
-0.251005701E+00-0.255732698E+00-0.260266881E+00-0.264604916E+00-0.268743992E+00
-0.272681811E+00-0.276416577E+00-0.279946981E+00-0.283272189E+00-0.286391828E+00
-0.289305977E+00-0.292015145E+00-0.294520260E+00-0.296822655E+00-0.298924042E+00
-0.300826500E+00-0.302532448E+00-0.304044623E+00-0.305366036E+00-0.306500006E+00
-0.307450047E+00-0.308219773E+00-0.308812817E+00-0.309232734E+00-0.309482911E+00
-0.309566488E+00-0.309486283E+00-0.309244742E+00-0.308843893E+00-0.308285325E+00
-0.307570182E+00-0.306699155E+00-0.305672499E+00-0.304490047E+00-0.303151236E+00
-0.301655083E+00-0.300000268E+00-0.298185190E+00-0.296208014E+00-0.294066718E+00
-0.291759137E+00-0.289283004E+00-0.286635993E+00-0.283815759E+00-0.280819966E+00
-0.277646331E+00-0.274292651E+00-0.270756838E+00-0.267036945E+00-0.263131203E+00
-0.259038042E+00-0.254756124E+00-0.250284371E+00-0.245622069E+00-0.240772349E+00
-0.235746056E+00-0.230560458E+00-0.225237343E+00-0.219800946E+00-0.214275593E+00
-0.208682711E+00-0.203036345E+00-0.197334668E+00-0.191526688E+00-0.185462229E+00
-0.178870276E+00-0.171740148E+00-0.164449964E+00-0.157192081E+00-0.149959124E+00
-0.142747677E+00-0.135555811E+00-0.128382208E+00-0.121225850E+00-0.114085948E+00
-0.106961957E+00-0.998536509E-01-0.927612433E-01-0.856855471E-01-0.786281921E-01
-0.715919087E-01-0.645809003E-01-0.576013303E-01-0.506619570E-01-0.437749511E-01
-0.369569157E-01-0.302300803E-01-0.236234993E-01-0.171738249E-01-0.109249016E-01
-0.492543294E-02-0.679513733E-01-0.703930935E-01-0.733654739E-01-0.769230094E-01
-0.810360786E-01-0.851960449E-01-0.893998839E-01-0.936531630E-01-0.979588542E-01
-0.102319677E+00-0.106738084E+00-0.111216281E+00-0.115756274E+00-0.120359924E+00
-0.125028990E+00-0.129765171E+00-0.134570130E+00-0.139445527E+00-0.144393036E+00
-0.149414373E+00-0.154511326E+00-0.159685816E+00-0.164940021E+00-0.170276645E+00
-0.175699593E+00-0.181195904E+00-0.186736524E+00-0.192319107E+00-0.197944503E+00
-0.203611318E+00-0.209309441E+00-0.215015288E+00-0.220700981E+00-0.226334933E+00
-0.231883874E+00-0.237315287E+00-0.242599980E+00-0.247714755E+00-0.252645161E+00
-0.257385421E+00-0.261931717E+00-0.266280755E+00-0.270429769E+00-0.274376507E+00
-0.278119222E+00-0.281656657E+00-0.284988036E+00-0.288113052E+00-0.291031852E+00
-0.293745024E+00-0.296253585E+00-0.298558964E+00-0.300662991E+00-0.302567873E+00
-0.304276181E+00-0.305790824E+00-0.307115131E+00-0.308252714E+00-0.309207391E+00
-0.309983101E+00-0.310583796E+00-0.311013340E+00-0.311275409E+00-0.311373394E+00
-0.311310325E+00-0.311088808E+00-0.310710987E+00-0.310178523E+00-0.309492591E+00
-0.308653887E+00-0.307662645E+00-0.306518659E+00-0.305221304E+00-0.303769576E+00
-0.302162088E+00-0.300397089E+00-0.298472596E+00-0.296386433E+00-0.294136277E+00
-0.291719706E+00-0.289134241E+00-0.286377384E+00-0.283446654E+00-0.280339624E+00
-0.277053953E+00-0.273587420E+00-0.269937952E+00-0.266103657E+00-0.262082851E+00
-0.257874088E+00-0.253476187E+00-0.248888259E+00-0.244110243E+00-0.239147971E+00
-0.234015160E+00-0.228731557E+00-0.223320871E+00-0.217808500E+00-0.212218890E+00
-0.206572021E+00-0.200877578E+00-0.195120757E+00-0.189216464E+00-0.182952919E+00
-0.176076057E+00-0.168789138E+00-0.161517205E+00-0.154270602E+00-0.147052743E+00
-0.139864741E+00-0.132707033E+00-0.125579967E+00-0.118484048E+00-0.111420087E+00
-0.104389321E+00-0.973935570E-01-0.904353346E-01-0.835181337E-01-0.766466207E-01
-0.698269499E-01-0.630671212E-01-0.563773959E-01-0.497707585E-01-0.432633885E-01
-0.368750684E-01-0.306294004E-01-0.245536528E-01-0.186780579E-01-0.130344836E-01
-0.679371201E-01-0.703866870E-01-0.733867836E-01-0.769544184E-01-0.810157053E-01
-0.852044510E-01-0.894438272E-01-0.937352305E-01-0.980807892E-01-0.102482667E+00
-0.106942987E+00-0.111463798E+00-0.116047068E+00-0.120694687E+00-0.125408483E+00
-0.130190237E+00-0.135041700E+00-0.139964600E+00-0.144960657E+00-0.150031578E+00
-0.155179050E+00-0.160404694E+00-0.165709957E+00-0.171095835E+00-0.176584296E+00
-0.182138105E+00-0.187735417E+00-0.193376367E+00-0.199061318E+00-0.204788703E+00
-0.210543989E+00-0.216302575E+00-0.222035238E+00-0.227709340E+00-0.233291057E+00
-0.238747949E+00-0.244051652E+00-0.249180689E+00-0.254123239E+00-0.258874551E+00
-0.263430819E+00-0.267788783E+00-0.271945711E+00-0.275899389E+00-0.279648111E+00
-0.283190663E+00-0.286526318E+00-0.289654819E+00-0.292576370E+00-0.295291626E+00
-0.297801674E+00-0.300108027E+00-0.302212607E+00-0.304117734E+00-0.305826100E+00
-0.307340907E+00-0.308665740E+00-0.309804502E+00-0.310761330E+00-0.311540487E+00
-0.312146260E+00-0.312582838E+00-0.312854196E+00-0.312963983E+00-0.312915438E+00
-0.312711320E+00-0.312353870E+00-0.311844797E+00-0.311185280E+00-0.310375991E+00
-0.309417122E+00-0.308308411E+00-0.307049171E+00-0.305638323E+00-0.304074422E+00
-0.302355690E+00-0.300479979E+00-0.298444960E+00-0.296248158E+00-0.293887003E+00
-0.291358871E+00-0.288661126E+00-0.285791155E+00-0.282746405E+00-0.279524416E+00
-0.276122851E+00-0.272539533E+00-0.268772468E+00-0.264819881E+00-0.260680243E+00
-0.256352299E+00-0.251835093E+00-0.247127988E+00-0.242232597E+00-0.237158361E+00
-0.231922234E+00-0.226546567E+00-0.221056852E+00-0.215479242E+00-0.209837532E+00
-0.204148829E+00-0.198415771E+00-0.192598828E+00-0.186564306E+00-0.180039277E+00
-0.172921986E+00-0.165600713E+00-0.158329861E+00-0.151103182E+00-0.143919051E+00
-0.136777565E+00-0.129679565E+00-0.122626355E+00-0.115619669E+00-0.108661729E+00
-0.101755364E+00-0.949041453E-01-0.881125526E-01-0.813861566E-01-0.747318261E-01
-0.681579487E-01-0.616746563E-01-0.552940345E-01-0.490302853E-01-0.428997939E-01
-0.369210439E-01-0.311143221E-01-0.255011736E-01-0.201036159E-01-0.679106653E-01
-0.703749463E-01-0.733903892E-01-0.769751519E-01-0.810423003E-01-0.852546670E-01
-0.895217727E-01-0.938431550E-01-0.982205166E-01-0.102655693E+00-0.107150572E+00
-0.111707053E+00-0.116327021E+00-0.121012339E+00-0.125764837E+00-0.130586324E+00
-0.135478582E+00-0.140443382E+00-0.145482477E+00-0.150597612E+00-0.155790515E+00
-0.161062892E+00-0.166416420E+00-0.171852763E+00-0.177392249E+00-0.182994258E+00
-0.188641200E+00-0.194333727E+00-0.200071393E+00-0.205851982E+00-0.211657259E+00
-0.217461537E+00-0.223234426E+00-0.228942434E+00-0.234551373E+00-0.240029027E+00
-0.245347974E+00-0.250488526E+00-0.255441190E+00-0.260201585E+00-0.264765935E+00
-0.269131007E+00-0.273294097E+00-0.277253022E+00-0.281006105E+00-0.284552168E+00
-0.287890519E+00-0.291020942E+00-0.293943686E+00-0.296659452E+00-0.299169385E+00
-0.301475060E+00-0.303578472E+00-0.305482011E+00-0.307188599E+00-0.308701661E+00
-0.310025039E+00-0.311162927E+00-0.312119772E+00-0.312900182E+00-0.313508790E+00
-0.313950115E+00-0.314228443E+00-0.314347697E+00-0.314311329E+00-0.314122239E+00
-0.313782737E+00-0.313294546E+00-0.312658823E+00-0.311876190E+00-0.310946762E+00
-0.309870197E+00-0.308645735E+00-0.307272220E+00-0.305748135E+00-0.304071632E+00
-0.302240558E+00-0.300252414E+00-0.298104580E+00-0.295794343E+00-0.293318945E+00
-0.290675623E+00-0.287861647E+00-0.284874352E+00-0.281711175E+00-0.278369684E+00
-0.274847612E+00-0.271142887E+00-0.267253659E+00-0.263178335E+00-0.258915605E+00
-0.254464470E+00-0.249824281E+00-0.244994934E+00-0.239981400E+00-0.234797272E+00
-0.229462907E+00-0.224003145E+00-0.218444882E+00-0.212814290E+00-0.207133220E+00
-0.201413430E+00-0.195643584E+00-0.189743639E+00-0.183506569E+00-0.176653393E+00
-0.169353004E+00-0.162081965E+00-0.154854062E+00-0.147675272E+00-0.140548833E+00
-0.133477111E+00-0.126462339E+00-0.119506951E+00-0.112613776E+00-0.105786187E+00
-0.990282246E-01-0.923447275E-01-0.857414586E-01-0.792252304E-01-0.728040233E-01
-0.664870864E-01-0.602850068E-01-0.542097273E-01-0.482744898E-01-0.424936816E-01
-0.368825658E-01-0.314568930E-01-0.262324033E-01-0.678316267E-01-0.703004512E-01
-0.733249312E-01-0.769324411E-01-0.811017637E-01-0.853385061E-01-0.896273743E-01
-0.939721655E-01-0.983744964E-01-0.102836080E+00-0.107358704E+00-0.111944195E+00
-0.116594391E+00-0.121311126E+00-0.126096223E+00-0.130951488E+00-0.135878719E+00
-0.140879706E+00-0.145956232E+00-0.151110087E+00-0.156343065E+00-0.161656977E+00
-0.167053664E+00-0.172535022E+00-0.178117819E+00-0.183761083E+00-0.189451080E+00
-0.195188466E+00-0.200972060E+00-0.206798416E+00-0.212646603E+00-0.218489808E+00
-0.224296620E+00-0.230032861E+00-0.235664108E+00-0.241158473E+00-0.246489529E+00
-0.251639378E+00-0.256600316E+00-0.261368052E+00-0.265938834E+00-0.270309448E+00
-0.274477212E+00-0.278439964E+00-0.282196050E+00-0.285744317E+00-0.289084098E+00
-0.292215206E+00-0.295137919E+00-0.297852974E+00-0.300361551E+00-0.302665267E+00
-0.304766163E+00-0.306666738E+00-0.308370125E+00-0.309879950E+00-0.311200298E+00
-0.312335639E+00-0.313290740E+00-0.314070536E+00-0.314679999E+00-0.315124026E+00
-0.315407258E+00-0.315533901E+00-0.315507610E+00-0.315331416E+00-0.315007686E+00
-0.314538114E+00-0.313923763E+00-0.313165148E+00-0.312262302E+00-0.311214789E+00
-0.310021751E+00-0.308681958E+00-0.307193820E+00-0.305555425E+00-0.303764564E+00
-0.301818738E+00-0.299715160E+00-0.297450983E+00-0.295023326E+00-0.292429311E+00
-0.289666103E+00-0.286730941E+00-0.283621175E+00-0.280334291E+00-0.276867951E+00
-0.273220017E+00-0.269388584E+00-0.265372010E+00-0.261168945E+00-0.256778362E+00
-0.252199585E+00-0.247432305E+00-0.242478265E+00-0.237347327E+00-0.232057410E+00
-0.226632169E+00-0.221098568E+00-0.215484228E+00-0.209814252E+00-0.204106701E+00
-0.198364452E+00-0.192546163E+00-0.186512337E+00-0.179979498E+00-0.172849001E+00
-0.165530625E+00-0.158282204E+00-0.151099256E+00-0.143981496E+00-0.136930193E+00
-0.129947321E+00-0.123035335E+00-0.116197167E+00-0.109436280E+00-0.102756748E+00
-0.961633297E-01-0.896615447E-01-0.832577357E-01-0.769591190E-01-0.707738122E-01
-0.647108330E-01-0.587800562E-01-0.529921211E-01-0.473582782E-01-0.418901737E-01
-0.365995708E-01-0.314980189E-01-0.679387673E-01-0.704224535E-01-0.734638067E-01
-0.770796758E-01-0.812013083E-01-0.854506668E-01-0.897557728E-01-0.941179809E-01
-0.985389522E-01-0.103020454E+00-0.107564307E+00-0.112172355E+00-0.116846435E+00
-0.121588375E+00-0.126399986E+00-0.131283067E+00-0.136239406E+00-0.141270792E+00
-0.146379021E+00-0.151565901E+00-0.156833264E+00-0.162182975E+00-0.167616941E+00
-0.173137129E+00-0.178756434E+00-0.184434823E+00-0.190161696E+00-0.195937480E+00
-0.201760404E+00-0.207625387E+00-0.213509665E+00-0.219385397E+00-0.225220301E+00
-0.230979643E+00-0.236628871E+00-0.242136480E+00-0.247477030E+00-0.252634337E+00
-0.257601905E+00-0.262375454E+00-0.266951243E+00-0.271326072E+00-0.275497271E+00
-0.279462693E+00-0.283220699E+00-0.286770151E+00-0.290110400E+00-0.293241273E+00
-0.296163069E+00-0.298876541E+00-0.301382892E+00-0.303683759E+00-0.305781196E+00
-0.307677878E+00-0.309377076E+00-0.310882603E+00-0.312198765E+00-0.313330294E+00
-0.314282243E+00-0.315059877E+00-0.315668600E+00-0.316113700E+00-0.316400126E+00
-0.316532352E+00-0.316514256E+00-0.316348986E+00-0.316038928E+00-0.315585749E+00
-0.314990431E+00-0.314253320E+00-0.313374252E+00-0.312352681E+00-0.311187662E+00
-0.309877878E+00-0.308421677E+00-0.306817094E+00-0.305061868E+00-0.303153486E+00
-0.301089122E+00-0.298865789E+00-0.296480491E+00-0.293930248E+00-0.291212133E+00
-0.288323302E+00-0.285261030E+00-0.282022740E+00-0.278606033E+00-0.275008721E+00
-0.271228854E+00-0.267264755E+00-0.263115044E+00-0.258778677E+00-0.254254967E+00
-0.249543630E+00-0.244645060E+00-0.239565470E+00-0.234320096E+00-0.228931052E+00
-0.223424872E+00-0.217829913E+00-0.212173390E+00-0.206477499E+00-0.200753018E+00
-0.194983568E+00-0.189075721E+00-0.182798422E+00-0.175885384E+00-0.168580126E+00
-0.161329400E+00-0.154145563E+00-0.147034239E+00-0.139998632E+00-0.133041249E+00
-0.126164607E+00-0.119371541E+00-0.112665346E+00-0.106049859E+00-0.995295090E-01
-0.931093515E-01-0.867950883E-01-0.805930738E-01-0.745103026E-01-0.685543736E-01
-0.627334251E-01-0.570560381E-01-0.515311029E-01-0.461676497E-01-0.409746468E-01
-0.359607710E-01-0.680462517E-01-0.705461581E-01-0.735990958E-01-0.772234609E-01
-0.813306632E-01-0.855881078E-01-0.899037351E-01-0.942771465E-01-0.987102851E-01
-0.103205152E+00-0.107763723E+00-0.112387923E+00-0.117079623E+00-0.121840645E+00
-0.126672773E+00-0.131577772E+00-0.136557397E+00-0.141613405E+00-0.146747571E+00
-0.151961694E+00-0.157257605E+00-0.162637180E+00-0.168102346E+00-0.173655091E+00
-0.179304432E+00-0.185012084E+00-0.190769806E+00-0.196577687E+00-0.202433497E+00
-0.208330348E+00-0.214244272E+00-0.220146558E+00-0.226004202E+00-0.231782038E+00
-0.237445460E+00-0.242963356E+00-0.248311219E+00-0.253474404E+00-0.258447159E+00
-0.263225197E+00-0.267804781E+00-0.272182719E+00-0.276356349E+00-0.280323531E+00
-0.284082635E+00-0.287632529E+00-0.290972573E+00-0.294102601E+00-0.297022918E+00
-0.299734282E+00-0.302237900E+00-0.304535416E+00-0.306628915E+00-0.308521204E+00
-0.310215675E+00-0.311716293E+00-0.313027554E+00-0.314154416E+00-0.315102187E+00
-0.315876535E+00-0.316483199E+00-0.316927713E+00-0.317215446E+00-0.317351406E+00
-0.317339853E+00-0.317184028E+00-0.316886130E+00-0.316447517E+00-0.315868981E+00
-0.315150820E+00-0.314292725E+00-0.313293937E+00-0.312153417E+00-0.310869784E+00
-0.309441332E+00-0.307866054E+00-0.306141663E+00-0.304265603E+00-0.302235094E+00
-0.300047038E+00-0.297698342E+00-0.295185935E+00-0.292506810E+00-0.289658055E+00
-0.286636884E+00-0.283440665E+00-0.280066953E+00-0.276513519E+00-0.272778381E+00
-0.268859834E+00-0.264756478E+00-0.260467254E+00-0.255991472E+00-0.251328841E+00
-0.246479496E+00-0.241446840E+00-0.236243367E+00-0.230889470E+00-0.225410940E+00
-0.219836375E+00-0.214194336E+00-0.208509857E+00-0.202799240E+00-0.197060030E+00
-0.191231894E+00-0.185140027E+00-0.178480897E+00-0.171285226E+00-0.163990587E+00
-0.156788281E+00-0.149674446E+00-0.142648090E+00-0.135709741E+00-0.128860897E+00
-0.122103781E+00-0.115441246E+00-0.108876721E+00-0.102414191E+00-0.960581793E-01
-0.898137311E-01-0.836863876E-01-0.776821511E-01-0.718074329E-01-0.660689837E-01
-0.604738029E-01-0.550290262E-01-0.497417934E-01-0.446190970E-01-0.396676189E-01
-0.680972416E-01-0.705999097E-01-0.736602076E-01-0.772969173E-01-0.814843254E-01
-0.857502147E-01-0.900694109E-01-0.944467181E-01-0.988847661E-01-0.103385972E+00
-0.107952535E+00-0.112586462E+00-0.117289616E+00-0.122063757E+00-0.126910591E+00
-0.131831792E+00-0.136829036E+00-0.141904010E+00-0.147058430E+00-0.152294050E+00
-0.157612672E+00-0.163016151E+00-0.168506404E+00-0.174085416E+00-0.179758630E+00
-0.185489830E+00-0.191272464E+00-0.197106245E+00-0.202988629E+00-0.208910954E+00
-0.214848470E+00-0.220771764E+00-0.226647258E+00-0.232439462E+00-0.238113764E+00
-0.243639428E+00-0.248992777E+00-0.254160461E+00-0.259137145E+00-0.263918536E+00
-0.268500900E+00-0.272881048E+00-0.277056320E+00-0.281024578E+00-0.284784196E+00
-0.288334044E+00-0.291673481E+00-0.294802343E+00-0.297720932E+00-0.300430001E+00
-0.302930748E+00-0.305224797E+00-0.307314307E+00-0.309202153E+00-0.310891821E+00
-0.312387391E+00-0.313693510E+00-0.314815287E+00-0.315758307E+00-0.316528492E+00
-0.317131669E+00-0.317573809E+00-0.317861033E+00-0.317999046E+00-0.317992542E+00
-0.317844848E+00-0.317557903E+00-0.317132557E+00-0.316569041E+00-0.315867373E+00
-0.315027308E+00-0.314048013E+00-0.312928297E+00-0.311666747E+00-0.310261626E+00
-0.308710908E+00-0.307012291E+00-0.305163209E+00-0.303160875E+00-0.301002207E+00
-0.298684008E+00-0.296203131E+00-0.293556503E+00-0.290741158E+00-0.287754258E+00
-0.284593131E+00-0.281255294E+00-0.277738489E+00-0.274040706E+00-0.270160220E+00
-0.266095616E+00-0.261845823E+00-0.257410146E+00-0.252788293E+00-0.247980403E+00
-0.242988250E+00-0.237821751E+00-0.232499573E+00-0.227046603E+00-0.221491348E+00
-0.215863141E+00-0.210188876E+00-0.204488448E+00-0.198766646E+00-0.192985964E+00
-0.187011433E+00-0.180556428E+00-0.173474773E+00-0.166174947E+00-0.158970618E+00
-0.151860465E+00-0.144844127E+00-0.137922149E+00-0.131095856E+00-0.124367244E+00
-0.117738897E+00-0.111213931E+00-0.104795952E+00-0.984890179E-01-0.922976084E-01
-0.862265840E-01-0.802811409E-01-0.744667551E-01-0.687891138E-01-0.632540356E-01
-0.578673756E-01-0.526349205E-01-0.475622724E-01-0.426547270E-01-0.683108585E-01
-0.708317585E-01-0.739024327E-01-0.775389996E-01-0.816805015E-01-0.859387373E-01
-0.902513332E-01-0.946229913E-01-0.990573336E-01-0.103557215E+00-0.108124907E+00
-0.112762300E+00-0.117471061E+00-0.122252741E+00-0.127108849E+00-0.132040890E+00
-0.137050392E+00-0.142138926E+00-0.147308115E+00-0.152559639E+00-0.157895243E+00
-0.163316738E+00-0.168826008E+00-0.174425013E+00-0.180116254E+00-0.185865425E+00
-0.191667126E+00-0.197520724E+00-0.203423488E+00-0.209365197E+00-0.215320594E+00
-0.221259728E+00-0.227148586E+00-0.232951446E+00-0.238633718E+00-0.244164992E+00
-0.249522281E+00-0.254693244E+00-0.259672761E+00-0.264456538E+00-0.269040841E+00
-0.273422479E+00-0.277598794E+00-0.281567646E+00-0.285327406E+00-0.288876945E+00
-0.292215618E+00-0.295343256E+00-0.298260152E+00-0.300967052E+00-0.303465135E+00
-0.305755997E+00-0.307841867E+00-0.309725658E+00-0.311410916E+00-0.312901798E+00
-0.314203041E+00-0.315319867E+00-0.316258062E+00-0.317023542E+00-0.317622313E+00
-0.318061038E+00-0.318346648E+00-0.318485511E+00-0.318482709E+00-0.318341644E+00
-0.318064025E+00-0.317650202E+00-0.317099756E+00-0.316412139E+00-0.315586969E+00
-0.314623572E+00-0.313520696E+00-0.312276879E+00-0.310890396E+00-0.309359217E+00
-0.307681045E+00-0.305853318E+00-0.303873236E+00-0.301737774E+00-0.299443655E+00
-0.296987674E+00-0.294366709E+00-0.291577747E+00-0.288617916E+00-0.285484510E+00
-0.282175019E+00-0.278687160E+00-0.275018907E+00-0.271168516E+00-0.267134561E+00
-0.262915962E+00-0.258512018E+00-0.253922433E+00-0.249147360E+00-0.244187825E+00
-0.239051611E+00-0.233755818E+00-0.228324426E+00-0.222785657E+00-0.217169202E+00
-0.211503064E+00-0.205809364E+00-0.200097221E+00-0.194343606E+00-0.188439808E+00
-0.182129421E+00-0.175166579E+00-0.167871173E+00-0.160672339E+00-0.153569946E+00
-0.146564454E+00-0.139656891E+00-0.132848821E+00-0.126142309E+00-0.119539883E+00
-0.113044502E+00-0.106659522E+00-0.100388665E+00-0.942359866E-01-0.882058328E-01
-0.823027958E-01-0.765316596E-01-0.708973378E-01-0.654048023E-01-0.600590045E-01
-0.548647883E-01-0.498267984E-01-0.449493856E-01-0.685804074E-01-0.711309321E-01
-0.742103276E-01-0.778359490E-01-0.819240577E-01-0.861551010E-01-0.904448053E-01
-0.947980308E-01-0.992189486E-01-0.103709956E+00-0.108272593E+00-0.112908060E+00
-0.117617453E+00-0.122401882E+00-0.127262514E+00-0.132200596E+00-0.137217461E+00
-0.142314527E+00-0.147493301E+00-0.152755372E+00-0.158102415E+00-0.163536185E+00
-0.169058523E+00-0.174671348E+00-0.180375012E+00-0.186136690E+00-0.191951707E+00
-0.197819164E+00-0.203736223E+00-0.209691461E+00-0.215659305E+00-0.221609414E+00
-0.227507476E+00-0.233317613E+00-0.239005266E+00-0.244540276E+00-0.249900170E+00
-0.255073322E+00-0.260054713E+00-0.264840050E+00-0.269425595E+00-0.273808156E+00
-0.277985070E+00-0.281954199E+00-0.285713909E+00-0.289263066E+00-0.292601023E+00
-0.295727602E+00-0.298643088E+00-0.301348213E+00-0.303844143E+00-0.306132446E+00
-0.308215400E+00-0.310095935E+00-0.311777632E+00-0.313264691E+00-0.314561890E+00
-0.315674530E+00-0.316608464E+00-0.317369517E+00-0.317964049E+00-0.318399389E+00
-0.318683135E+00-0.318822169E+00-0.318821874E+00-0.318685713E+00-0.318415217E+00
-0.318010352E+00-0.317470160E+00-0.316793526E+00-0.315979728E+00-0.315028215E+00
-0.313937827E+00-0.312707055E+00-0.311334205E+00-0.309817261E+00-0.308153938E+00
-0.306341687E+00-0.304377712E+00-0.302259020E+00-0.299982302E+00-0.297544313E+00
-0.294941893E+00-0.292171997E+00-0.289231728E+00-0.286118354E+00-0.282829349E+00
-0.279362413E+00-0.275715505E+00-0.271886870E+00-0.267875073E+00-0.263679026E+00
-0.259298020E+00-0.254731755E+00-0.249980375E+00-0.245044627E+00-0.239930769E+00
-0.234654658E+00-0.229239501E+00-0.223713195E+00-0.218105554E+00-0.212445204E+00
-0.206755599E+00-0.201048573E+00-0.195309319E+00-0.189445786E+00-0.183226814E+00
-0.176360989E+00-0.169075534E+00-0.161885527E+00-0.154792106E+00-0.147796634E+00
-0.140900748E+00-0.134106394E+00-0.127415842E+00-0.120831689E+00-0.114356854E+00
-0.107994566E+00-0.101748337E+00-0.956219447E-01-0.896193866E-01-0.837448452E-01
-0.780026362E-01-0.723971528E-01-0.669328030E-01-0.616139405E-01-0.564447917E-01
-0.514293790E-01-0.465714430E-01-0.688592177E-01-0.714568467E-01-0.745447218E-01
-0.781353576E-01-0.822181558E-01-0.863872223E-01-0.906299490E-01-0.949521546E-01
-0.993527542E-01-0.103830463E+00-0.108384556E+00-0.113014838E+00-0.117721532E+00
-0.122505171E+00-0.127366536E+00-0.132306602E+00-0.137326505E+00-0.142427521E+00
-0.147611045E+00-0.152878584E+00-0.158231748E+00-0.163672238E+00-0.169201851E+00
-0.174822470E+00-0.180533135E+00-0.186301941E+00-0.192124614E+00-0.198000081E+00
-0.203925446E+00-0.209888533E+00-0.215863587E+00-0.221820034E+00-0.227723381E+00
-0.233537663E+00-0.239228342E+00-0.244765418E+00-0.250126735E+00-0.255301087E+00
-0.260283499E+00-0.265069675E+00-0.269655875E+00-0.274038904E+00-0.278216096E+00
-0.282185310E+00-0.285944911E+00-0.289493760E+00-0.292831204E+00-0.295957062E+00
-0.298871611E+00-0.301575572E+00-0.304070100E+00-0.306356749E+00-0.308437816E+00
-0.310316244E+00-0.311995625E+00-0.313480181E+00-0.314774697E+00-0.315884525E+00
-0.316815503E+00-0.317573417E+00-0.318164942E+00-0.318597861E+00-0.318880197E+00
-0.319019157E+00-0.319020311E+00-0.318887160E+00-0.318621129E+00-0.318221942E+00
-0.317688300E+00-0.317018699E+00-0.316212119E+00-0.315268009E+00-0.314185331E+00
-0.312962571E+00-0.311598051E+00-0.310089778E+00-0.308435479E+00-0.306632616E+00
-0.304678401E+00-0.302569852E+00-0.300303661E+00-0.297876557E+00-0.295285354E+00
-0.292526991E+00-0.289598551E+00-0.286497292E+00-0.283220674E+00-0.279766387E+00
-0.276132382E+00-0.272316897E+00-0.268318491E+00-0.264136069E+00-0.259768916E+00
-0.255216728E+00-0.250479637E+00-0.245558297E+00-0.240458087E+00-0.235194064E+00
-0.229788919E+00-0.224270306E+00-0.218668057E+00-0.213011112E+00-0.207323639E+00
-0.201618947E+00-0.195886318E+00-0.190042974E+00-0.183873176E+00-0.177068301E+00
-0.169792191E+00-0.162609832E+00-0.155523398E+00-0.148534979E+00-0.141646714E+00
-0.134860878E+00-0.128179937E+00-0.121606583E+00-0.115143750E+00-0.108794616E+00
-0.102562590E+00-0.964512933E-01-0.904645304E-01-0.846062496E-01-0.788804994E-01
-0.732913764E-01-0.678429680E-01-0.625392903E-01-0.573842223E-01-0.523814377E-01
-0.475343366E-01-0.692937649E-01-0.719934994E-01-0.750937594E-01-0.786100273E-01
-0.824736185E-01-0.865483522E-01-0.907498858E-01-0.950491278E-01-0.994350168E-01
-0.103902526E+00-0.108449230E+00-0.113074050E+00-0.117776693E+00-0.122557373E+00
-0.127416652E+00-0.132355355E+00-0.137374506E+00-0.142475295E+00-0.147659054E+00
-0.152927236E+00-0.158281406E+00-0.163723234E+00-0.169254482E+00-0.174877009E+00
-0.180589376E+00-0.186360005E+00-0.192184746E+00-0.198062458E+00-0.203990220E+00
-0.209955589E+00-0.215932748E+00-0.221891040E+00-0.227795909E+00-0.233611359E+00
-0.239302858E+00-0.244840459E+00-0.250202111E+00-0.255376743E+00-0.260359391E+00
-0.265145755E+00-0.269732094E+00-0.274115209E+00-0.278292434E+00-0.282261623E+00
-0.286021140E+00-0.289569846E+00-0.292907083E+00-0.296032669E+00-0.298946876E+00
-0.301650423E+00-0.304144458E+00-0.306430532E+00-0.308510947E+00-0.310388649E+00
-0.312067233E+00-0.313550924E+00-0.314844512E+00-0.315953361E+00-0.316883294E+00
-0.317640095E+00-0.318230556E+00-0.318662620E+00-0.318944454E+00-0.319083373E+00
-0.319085010E+00-0.318952881E+00-0.318688374E+00-0.318291134E+00-0.317759746E+00
-0.317092570E+00-0.316288477E+00-0.315346891E+00-0.314266830E+00-0.313046781E+00
-0.311685075E+00-0.310179723E+00-0.308528461E+00-0.306728754E+00-0.304777819E+00
-0.302672674E+00-0.300410016E+00-0.297986562E+00-0.295399121E+00-0.292644622E+00
-0.289720144E+00-0.286622939E+00-0.283350464E+00-0.279900405E+00-0.276270708E+00
-0.272459609E+00-0.268465663E+00-0.264287774E+00-0.259925223E+00-0.255377702E+00
-0.250645340E+00-0.245728767E+00-0.240633081E+00-0.235373060E+00-0.229971218E+00
-0.224455117E+00-0.218854589E+00-0.213198666E+00-0.207511740E+00-0.201807580E+00
-0.196076693E+00-0.190239251E+00-0.184084570E+00-0.177299896E+00-0.170027317E+00
-0.162847736E+00-0.155763709E+00-0.148777604E+00-0.141891752E+00-0.135108553E+00
-0.128430556E+00-0.121860494E+00-0.115401317E+00-0.109056192E+00-0.102828500E+00
-0.967218175E-01-0.907398883E-01-0.848865891E-01-0.791658853E-01-0.735817809E-01
-0.681382634E-01-0.628392436E-01-0.576884920E-01-0.526895739E-01-0.478457835E-01
-0.690944693E-01-0.717134402E-01-0.748049582E-01-0.783834719E-01-0.823845214E-01
-0.865318690E-01-0.907579531E-01-0.950646601E-01-0.994513125E-01-0.103916687E+00
-0.108459939E+00-0.113080708E+00-0.117779051E+00-0.122555358E+00-0.127410279E+00
-0.132344680E+00-0.137359602E+00-0.142456240E+00-0.147635918E+00-0.152900081E+00
-0.158250283E+00-0.163688182E+00-0.169215530E+00-0.174834174E+00-0.180543025E+00
-0.186310227E+00-0.192131503E+00-0.198005749E+00-0.203930050E+00-0.209892195E+00
-0.215866414E+00-0.221822123E+00-0.227724817E+00-0.233538524E+00-0.239228699E+00
-0.244765337E+00-0.250126276E+00-0.255300300E+00-0.260282429E+00-0.265068361E+00
-0.269654352E+00-0.274037202E+00-0.278214242E+00-0.282183328E+00-0.285942820E+00
-0.289491580E+00-0.292828952E+00-0.295954752E+00-0.298869257E+00-0.301573187E+00
-0.304067695E+00-0.306354336E+00-0.308435405E+00-0.310313844E+00-0.311993246E+00
-0.313477830E+00-0.314772383E+00-0.315882256E+00-0.316813285E+00-0.317571259E+00
-0.318162845E+00-0.318595825E+00-0.318878217E+00-0.319017223E+00-0.319018412E+00
-0.318885286E+00-0.318619272E+00-0.318220097E+00-0.317686463E+00-0.317016873E+00
-0.316210308E+00-0.315266217E+00-0.314183562E+00-0.312960827E+00-0.311596336E+00
-0.310088093E+00-0.308433826E+00-0.306630995E+00-0.304676812E+00-0.302568294E+00
-0.300302134E+00-0.297875056E+00-0.295283877E+00-0.292525533E+00-0.289597105E+00
-0.286495851E+00-0.283219229E+00-0.279764927E+00-0.276130894E+00-0.272315366E+00
-0.268316900E+00-0.264134399E+00-0.259767146E+00-0.255214833E+00-0.250477591E+00
-0.245556072E+00-0.240455656E+00-0.235191400E+00-0.229785998E+00-0.224267103E+00
-0.218664548E+00-0.213007269E+00-0.207319429E+00-0.201614328E+00-0.195881216E+00
-0.190037230E+00-0.183866469E+00-0.177060424E+00-0.169783651E+00-0.162600594E+00
-0.155513416E+00-0.148524207E+00-0.141635104E+00-0.134848383E+00-0.128166514E+00
-0.121592195E+00-0.115128367E+00-0.108778213E+00-0.102545153E+00-0.964328172E-01
-0.904450198E-01-0.845857208E-01-0.788589804E-01-0.732689077E-01-0.678196030E-01
-0.625150952E-01-0.573592763E-01-0.523558325E-01-0.475081758E-01-0.689277205E-01
-0.715089312E-01-0.745933469E-01-0.781958931E-01-0.822566996E-01-0.864434651E-01
-0.906951452E-01-0.950162393E-01-0.994095156E-01-0.103876511E+00-0.108418182E+00
-0.113035281E+00-0.117728553E+00-0.122498814E+00-0.127346986E+00-0.132274107E+00
-0.137281328E+00-0.142369915E+00-0.147541237E+00-0.152796765E+00-0.158138071E+00
-0.163566819E+00-0.169084769E+00-0.174693770E+00-0.180393922E+00-0.186152492E+00
-0.191964802E+00-0.197829896E+00-0.203744894E+00-0.209698308E+00-0.215664538E+00
-0.221613219E+00-0.227510019E+00-0.233319047E+00-0.239005729E+00-0.244539895E+00
-0.249899059E+00-0.255071580E+00-0.260052427E+00-0.264837295E+00-0.269422438E+00
-0.273804654E+00-0.277981276E+00-0.281950156E+00-0.285709659E+00-0.289258644E+00
-0.292596461E+00-0.295722928E+00-0.298638330E+00-0.301343395E+00-0.303839287E+00
-0.306127575E+00-0.308210531E+00-0.310091089E+00-0.311772825E+00-0.313259940E+00
-0.314557209E+00-0.315669932E+00-0.316603964E+00-0.317365127E+00-0.317959777E+00
-0.318395235E+00-0.318679087E+00-0.318818211E+00-0.318817988E+00-0.318681880E+00
-0.318411422E+00-0.318006585E+00-0.317466418E+00-0.316789813E+00-0.315976052E+00
-0.315024584E+00-0.313934246E+00-0.312703530E+00-0.311330741E+00-0.309813862E+00
-0.308150607E+00-0.306338425E+00-0.304374519E+00-0.302255894E+00-0.299979240E+00
-0.297541311E+00-0.294938943E+00-0.292169092E+00-0.289228853E+00-0.286115497E+00
-0.282826490E+00-0.279359531E+00-0.275712574E+00-0.271883861E+00-0.267871953E+00
-0.263675756E+00-0.259294558E+00-0.254728053E+00-0.249976380E+00-0.245040283E+00
-0.239926021E+00-0.234649455E+00-0.229233793E+00-0.223706932E+00-0.218098684E+00
-0.212437670E+00-0.206747333E+00-0.201039485E+00-0.195299245E+00-0.189434385E+00
-0.183213417E+00-0.176345296E+00-0.169058567E+00-0.161867192E+00-0.154772298E+00
-0.147775245E+00-0.140877675E+00-0.134081537E+00-0.127389111E+00-0.120803006E+00
-0.114326152E+00-0.107961794E+00-0.101713464E+00-0.955849556E-01-0.895802890E-01
-0.837036693E-01-0.779594364E-01-0.723520092E-01-0.668858217E-01-0.615652544E-01
-0.563945606E-01-0.513777886E-01-0.465187038E-01-0.687620601E-01-0.713260529E-01
-0.743986485E-01-0.780096589E-01-0.821407480E-01-0.863413066E-01-0.906027418E-01
-0.949301890E-01-0.993261012E-01-0.103792408E+00-0.108330662E+00-0.112942185E+00
-0.117628178E+00-0.122389807E+00-0.127228251E+00-0.132144732E+00-0.137140535E+00
-0.142217017E+00-0.147375610E+00-0.152617831E+00-0.157945276E+00-0.163359631E+00
-0.168862665E+00-0.174456238E+00-0.180142494E+00-0.185887251E+00-0.191685107E+00
-0.197535350E+00-0.203435189E+00-0.209374309E+00-0.215327419E+00-0.221264530E+00
-0.227151603E+00-0.232952897E+00-0.238633800E+00-0.244163887E+00-0.249520150E+00
-0.254690227E+00-0.259668978E+00-0.264452097E+00-0.269035835E+00-0.273416990E+00
-0.277592893E+00-0.281561396E+00-0.285320864E+00-0.288870161E+00-0.292208637E+00
-0.295336118E+00-0.298252895E+00-0.300959709E+00-0.303457739E+00-0.305748578E+00
-0.307834453E+00-0.309718275E+00-0.311403588E+00-0.312894548E+00-0.314195889E+00
-0.315312832E+00-0.316251160E+00-0.317016789E+00-0.317615721E+00-0.318054608E+00
-0.318340370E+00-0.318479365E+00-0.318476671E+00-0.318335692E+00-0.318058139E+00
-0.317644372E+00-0.317093981E+00-0.316406425E+00-0.315581327E+00-0.314618009E+00
-0.313515222E+00-0.312271499E+00-0.310885118E+00-0.309354047E+00-0.307675986E+00
-0.305848373E+00-0.303868406E+00-0.301733058E+00-0.299439048E+00-0.296983169E+00
-0.294362297E+00-0.291573415E+00-0.288613647E+00-0.285480282E+00-0.282170806E+00
-0.278682931E+00-0.275014623E+00-0.271164135E+00-0.267130034E+00-0.262911232E+00
-0.258507021E+00-0.253917098E+00-0.249141608E+00-0.244181573E+00-0.239044778E+00
-0.233748327E+00-0.228316201E+00-0.222776620E+00-0.217159271E+00-0.211492149E+00
-0.205797356E+00-0.200083973E+00-0.194328835E+00-0.188422939E+00-0.182109413E+00
-0.175143306E+00-0.167846089E+00-0.160645250E+00-0.153540661E+00-0.146532789E+00
-0.139622672E+00-0.132811887E+00-0.126102514E+00-0.119497100E+00-0.112998622E+00
-0.106610460E+00-0.100336365E+00-0.941804195E-01-0.881470026E-01-0.822407418E-01
-0.764664588E-01-0.708291069E-01-0.653336996E-01-0.599852302E-01-0.547885851E-01
-0.497484506E-01-0.448692172E-01-0.687600287E-01-0.713185280E-01-0.743890892E-01
-0.779883526E-01-0.820388108E-01-0.862346186E-01-0.904952141E-01-0.948207508E-01
-0.992130469E-01-0.103673817E+00-0.108204638E+00-0.112806974E+00-0.117482210E+00
-0.122231693E+00-0.127056759E+00-0.131958763E+00-0.136939090E+00-0.141999174E+00
-0.147140503E+00-0.152364630E+00-0.157673177E+00-0.163067841E+00-0.168550398E+00
-0.174122710E+00-0.179789794E+00-0.185515557E+00-0.191293458E+00-0.197123109E+00
-0.203001889E+00-0.208921033E+00-0.214855737E+00-0.220776550E+00-0.226649859E+00
-0.232440149E+00-0.238112783E+00-0.243637003E+00-0.248989108E+00-0.254155718E+00
-0.259131475E+00-0.263912068E+00-0.268493747E+00-0.272873308E+00-0.277048080E+00
-0.281015915E+00-0.284775177E+00-0.288324729E+00-0.291663926E+00-0.294792596E+00
-0.297711038E+00-0.300420002E+00-0.302920683E+00-0.305214704E+00-0.307304220E+00
-0.309192104E+00-0.310881840E+00-0.312377505E+00-0.313683743E+00-0.314805662E+00
-0.315748841E+00-0.316519200E+00-0.317122565E+00-0.317564899E+00-0.317852309E+00
-0.317990490E+00-0.317984133E+00-0.317836562E+00-0.317549724E+00-0.317124477E+00
-0.316561062E+00-0.315859504E+00-0.315019556E+00-0.314040389E+00-0.312920809E+00
-0.311659405E+00-0.310254438E+00-0.308703882E+00-0.307005432E+00-0.305156522E+00
-0.303154362E+00-0.300995866E+00-0.298677836E+00-0.296197119E+00-0.293550642E+00
-0.290735430E+00-0.287748643E+00-0.284587601E+00-0.281249817E+00-0.277733024E+00
-0.274035205E+00-0.270154626E+00-0.266089865E+00-0.261839841E+00-0.257403848E+00
-0.252781586E+00-0.247973183E+00-0.242980407E+00-0.237813182E+00-0.232490173E+00
-0.227036269E+00-0.221479972E+00-0.215850607E+00-0.210175055E+00-0.204473183E+00
-0.198749718E+00-0.192966936E+00-0.186989428E+00-0.180530089E+00-0.173444565E+00
-0.166142397E+00-0.158935411E+00-0.151822311E+00-0.144802754E+00-0.137877305E+00
-0.131047310E+00-0.124314785E+00-0.117682338E+00-0.111153113E+00-0.104730746E+00
-0.984193318E-01-0.922233888E-01-0.861478224E-01-0.801978774E-01-0.743790821E-01
-0.686971802E-01-0.631580488E-01-0.577676037E-01-0.525316924E-01-0.474559778E-01
-0.425458135E-01-0.686805465E-01-0.712264997E-01-0.742875416E-01-0.778795657E-01
-0.819345554E-01-0.861241239E-01-0.903771443E-01-0.946943599E-01-0.990772409E-01
-0.103527280E+00-0.108045955E+00-0.112634717E+00-0.117294992E+00-0.122028193E+00
-0.126835729E+00-0.131719023E+00-0.136679517E+00-0.141718691E+00-0.146838063E+00
-0.152039205E+00-0.157323746E+00-0.162693379E+00-0.168149871E+00-0.173695068E+00
-0.179337542E+00-0.185039094E+00-0.190791506E+00-0.196594754E+00-0.202446519E+00
-0.208339805E+00-0.214250583E+00-0.220150096E+00-0.226005304E+00-0.231781013E+00
-0.237442587E+00-0.242958890E+00-0.248305384E+00-0.253467390E+00-0.258439129E+00
-0.263216290E+00-0.267795121E+00-0.272172413E+00-0.276345491E+00-0.280312205E+00
-0.284070915E+00-0.287620481E+00-0.290960255E+00-0.294090069E+00-0.297010221E+00
-0.299721467E+00-0.302225010E+00-0.304522492E+00-0.306615997E+00-0.308508328E+00
-0.310202875E+00-0.311703600E+00-0.313014995E+00-0.314142015E+00-0.315089964E+00
-0.315864503E+00-0.316471370E+00-0.316916096E+00-0.317204038E+00-0.317340197E+00
-0.317328828E+00-0.317173172E+00-0.316875432E+00-0.316436976E+00-0.315858602E+00
-0.315140608E+00-0.314282689E+00-0.313284087E+00-0.312143763E+00-0.310860339E+00
-0.309432105E+00-0.307857058E+00-0.306132905E+00-0.304257091E+00-0.302226830E+00
-0.300039024E+00-0.297690575E+00-0.295178408E+00-0.292499512E+00-0.289650969E+00
-0.286629985E+00-0.283433922E+00-0.280060328E+00-0.276506964E+00-0.272771838E+00
-0.268853235E+00-0.264749745E+00-0.260460296E+00-0.255984185E+00-0.251321111E+00
-0.246471195E+00-0.241437836E+00-0.236233531E+00-0.230878673E+00-0.225399048E+00
-0.219823247E+00-0.214179820E+00-0.208493779E+00-0.202781385E+00-0.197040081E+00
-0.191209224E+00-0.185113382E+00-0.178448896E+00-0.171249236E+00-0.163951634E+00
-0.156745934E+00-0.149628323E+00-0.142597836E+00-0.135655028E+00-0.128801415E+00
-0.122039246E+00-0.115371400E+00-0.108801340E+00-0.102333089E+00-0.959712126E-01
-0.897208071E-01-0.835874705E-01-0.775772682E-01-0.716966811E-01-0.659525349E-01
-0.603519086E-01-0.549020209E-01-0.496100959E-01-0.444832107E-01-0.395281290E-01
-0.685382573E-01-0.710795705E-01-0.741149695E-01-0.777103800E-01-0.818297432E-01
-0.860104656E-01-0.902509176E-01-0.945546565E-01-0.989230173E-01-0.103357370E+00
-0.107859117E+00-0.112429678E+00-0.117070475E+00-0.121782936E+00-0.126568495E+00
-0.131428596E+00-0.136364705E+00-0.141378311E+00-0.146470938E+00-0.151644151E+00
-0.156899559E+00-0.162238830E+00-0.167663697E+00-0.173175972E+00-0.178788137E+00
-0.184460179E+00-0.190181523E+00-0.195952483E+00-0.201771191E+00-0.207632465E+00
-0.213513474E+00-0.219386331E+00-0.225218716E+00-0.230975866E+00-0.236623201E+00
-0.242129185E+00-0.247468347E+00-0.252624461E+00-0.257591000E+00-0.262363662E+00
-0.266938685E+00-0.271312856E+00-0.275483492E+00-0.279448434E+00-0.283206033E+00
-0.286755145E+00-0.290095113E+00-0.293225761E+00-0.296147382E+00-0.298860728E+00
-0.301366996E+00-0.303667825E+00-0.305765266E+00-0.307661990E+00-0.309361266E+00
-0.310866905E+00-0.312183208E+00-0.313314905E+00-0.314267045E+00-0.315044885E+00
-0.315653826E+00-0.316099149E+00-0.316385802E+00-0.316518254E+00-0.316500380E+00
-0.316335328E+00-0.316025486E+00-0.315572526E+00-0.314977431E+00-0.314240550E+00
-0.313361722E+00-0.312340405E+00-0.311175656E+00-0.309866156E+00-0.308410255E+00
-0.306805986E+00-0.305051086E+00-0.303143041E+00-0.301079022E+00-0.298856038E+00
-0.296471089E+00-0.293921191E+00-0.291203411E+00-0.288314898E+00-0.285252920E+00
-0.282014891E+00-0.278598401E+00-0.275001253E+00-0.271221485E+00-0.267257407E+00
-0.263107627E+00-0.258771084E+00-0.254247080E+00-0.249535312E+00-0.244636163E+00
-0.239555841E+00-0.234309584E+00-0.228919498E+00-0.223412112E+00-0.217815771E+00
-0.212157671E+00-0.206459983E+00-0.200733423E+00-0.194961435E+00-0.189050175E+00
-0.182767841E+00-0.175849089E+00-0.168540173E+00-0.161285511E+00-0.154097364E+00
-0.146981324E+00-0.139940588E+00-0.132977671E+00-0.126095104E+00-0.119295743E+00
-0.112582909E+00-0.105960474E+00-0.994329115E-01-0.930053258E-01-0.866834793E-01
-0.804737961E-01-0.743833501E-01-0.684198285E-01-0.625914674E-01-0.569069528E-01
-0.513752860E-01-0.460056123E-01-0.408070155E-01-0.357882863E-01-0.685854389E-01
-0.711106706E-01-0.741482705E-01-0.777146807E-01-0.817344383E-01-0.858955007E-01
-0.901190144E-01-0.944047042E-01-0.987538304E-01-0.103167742E+00-0.107647829E+00
-0.112195505E+00-0.116812192E+00-0.121499318E+00-0.126258316E+00-0.131090628E+00
-0.135997713E+00-0.140981045E+00-0.146042128E+00-0.151182492E+00-0.156403700E+00
-0.161707360E+00-0.167095127E+00-0.172568737E+00-0.178144612E+00-0.183781722E+00
-0.189466358E+00-0.195199065E+00-0.200978563E+00-0.206801321E+00-0.212646339E+00
-0.218486764E+00-0.224291150E+00-0.230025289E+00-0.235654731E+00-0.241147560E+00
-0.246477314E+00-0.251626052E+00-0.256586028E+00-0.261352932E+00-0.265922993E+00
-0.270292985E+00-0.274460213E+00-0.278422503E+00-0.282178195E+00-0.285726128E+00
-0.289065631E+00-0.292196512E+00-0.295119047E+00-0.297833969E+00-0.300342457E+00
-0.302646127E+00-0.304747019E+00-0.306647631E+00-0.308351092E+00-0.309861026E+00
-0.311181516E+00-0.312317026E+00-0.313272322E+00-0.314052333E+00-0.314662028E+00
-0.315106297E+00-0.315389778E+00-0.315516675E+00-0.315490643E+00-0.315314711E+00
-0.314991247E+00-0.314521949E+00-0.313907882E+00-0.313149566E+00-0.312247034E+00
-0.311199855E+00-0.310007171E+00-0.308667752E+00-0.307180010E+00-0.305542030E+00
-0.303751604E+00-0.301806228E+00-0.299703113E+00-0.297439410E+00-0.295012233E+00
-0.292418698E+00-0.289655964E+00-0.286721262E+00-0.283611932E+00-0.280325452E+00
-0.276859471E+00-0.273211840E+00-0.269380639E+00-0.265364213E+00-0.261161195E+00
-0.256770541E+00-0.252191558E+00-0.247423918E+00-0.242469353E+00-0.237337719E+00
-0.232046929E+00-0.226620628E+00-0.221085768E+00-0.215469953E+00-0.209798261E+00
-0.204088713E+00-0.198344104E+00-0.192522809E+00-0.186484756E+00-0.179945915E+00
-0.172810005E+00-0.165487627E+00-0.158234622E+00-0.151046554E+00-0.143923153E+00
-0.136865695E+00-0.129876158E+00-0.122957010E+00-0.116111201E+00-0.109342220E+00
-0.102654174E+00-0.960518669E-01-0.895408747E-01-0.831276085E-01-0.768193664E-01
-0.706243620E-01-0.645517230E-01-0.586114485E-01-0.528143140E-01-0.471717177E-01
-0.416954606E-01-0.363974646E-01-0.312894370E-01-0.685480390E-01-0.710598659E-01
-0.740831096E-01-0.776338734E-01-0.816402561E-01-0.857822203E-01-0.899846486E-01
-0.942477782E-01-0.985729812E-01-0.102961691E+00-0.107415357E+00-0.111935422E+00
-0.116523320E+00-0.121180472E+00-0.125908295E+00-0.130708208E+00-0.135581637E+00
-0.140530029E+00-0.145554844E+00-0.150657566E+00-0.155839688E+00-0.161102709E+00
-0.166448123E+00-0.171877434E+00-0.177410702E+00-0.183007206E+00-0.188649349E+00
-0.194337684E+00-0.200071672E+00-0.205849024E+00-0.211651454E+00-0.217453240E+00
-0.223223962E+00-0.228930106E+00-0.234537459E+00-0.240013779E+00-0.245331609E+00
-0.250471217E+00-0.255423062E+00-0.260182742E+00-0.264746468E+00-0.269110994E+00
-0.273273607E+00-0.277232115E+00-0.280984836E+00-0.284530587E+00-0.287868671E+00
-0.290998872E+00-0.293921435E+00-0.296637061E+00-0.299146895E+00-0.301452511E+00
-0.303555905E+00-0.305459466E+00-0.307166114E+00-0.308679272E+00-0.310002782E+00
-0.311140831E+00-0.312097867E+00-0.312878492E+00-0.313487335E+00-0.313928913E+00
-0.314207509E+00-0.314327043E+00-0.314290967E+00-0.314102180E+00-0.313762995E+00
-0.313275136E+00-0.312639765E+00-0.311857505E+00-0.310928473E+00-0.309852331E+00
-0.308628320E+00-0.307255284E+00-0.305731708E+00-0.304055741E+00-0.302225230E+00
-0.300237674E+00-0.298090449E+00-0.295780840E+00-0.293306084E+00-0.290663412E+00
-0.287850085E+00-0.284863431E+00-0.281700877E+00-0.278359979E+00-0.274838457E+00
-0.271134225E+00-0.267245418E+00-0.263170426E+00-0.258907920E+00-0.254456883E+00
-0.249816644E+00-0.244987078E+00-0.239973147E+00-0.234788434E+00-0.229453280E+00
-0.223992512E+00-0.218433005E+00-0.212800908E+00-0.207118044E+00-0.201396110E+00
-0.195623629E+00-0.189720194E+00-0.183478069E+00-0.176618729E+00-0.169313834E+00
-0.162037902E+00-0.154804587E+00-0.147619808E+00-0.140486774E+00-0.133407836E+00
-0.126385221E+00-0.119421364E+00-0.112519107E+00-0.105681838E+00-0.989136308E-01
-0.922193663E-01-0.856048650E-01-0.790770132E-01-0.726438830E-01-0.663148355E-01
-0.601005909E-01-0.540132465E-01-0.480662199E-01-0.422740925E-01-0.366523369E-01
-0.312169222E-01-0.259838095E-01-0.684059010E-01-0.709442869E-01-0.739138989E-01
-0.774833720E-01-0.815534336E-01-0.856752124E-01-0.898518908E-01-0.940874987E-01
-0.983837357E-01-0.102742239E+00-0.107164574E+00-0.111652237E+00-0.116206657E+00
-0.120829226E+00-0.125521312E+00-0.130284280E+00-0.135119506E+00-0.140028387E+00
-0.145012349E+00-0.150072841E+00-0.155211321E+00-0.160429211E+00-0.165727783E+00
-0.171107884E+00-0.176591296E+00-0.182140684E+00-0.187734144E+00-0.193371719E+00
-0.199053693E+00-0.204778438E+00-0.210531404E+00-0.216287962E+00-0.222018870E+00
-0.227691475E+00-0.233271936E+00-0.238727791E+00-0.244030644E+00-0.249158975E+00
-0.254100912E+00-0.258851678E+00-0.263407459E+00-0.267764985E+00-0.271921520E+00
-0.275874844E+00-0.279623247E+00-0.283165514E+00-0.286500917E+00-0.289629198E+00
-0.292550563E+00-0.295265665E+00-0.297775595E+00-0.300081865E+00-0.302186400E+00
-0.304091521E+00-0.305799921E+00-0.307314798E+00-0.308639738E+00-0.309778642E+00
-0.310735644E+00-0.311515004E+00-0.312121008E+00-0.312557841E+00-0.312829477E+00
-0.312939564E+00-0.312891340E+00-0.312687564E+00-0.312330481E+00-0.311821800E+00
-0.311162704E+00-0.310353868E+00-0.309395485E+00-0.308287296E+00-0.307028616E+00
-0.305618367E+00-0.304055105E+00-0.302337050E+00-0.300462054E+00-0.298427786E+00
-0.296231769E+00-0.293871429E+00-0.291344137E+00-0.288647250E+00-0.285778146E+00
-0.282734265E+00-0.279513133E+00-0.276112402E+00-0.272529881E+00-0.268763559E+00
-0.264811646E+00-0.260672591E+00-0.256345118E+00-0.251828253E+00-0.247121331E+00
-0.242225947E+00-0.237151528E+00-0.231915010E+00-0.226538721E+00-0.221048133E+00
-0.215469374E+00-0.209826206E+00-0.204135696E+00-0.198400406E+00-0.192580579E+00
-0.186542039E+00-0.180011333E+00-0.172888503E+00-0.165562647E+00-0.158286467E+00
-0.151053745E+00-0.143862848E+00-0.136713856E+00-0.129607591E+00-0.122545344E+00
-0.115528837E+00-0.108560293E+00-0.101642547E+00-0.947791942E-01-0.879747461E-01
-0.812348263E-01-0.745663761E-01-0.679778794E-01-0.614795914E-01-0.550837523E-01
-0.488047513E-01-0.426591952E-01-0.366658229E-01-0.308452050E-01-0.252191919E-01
-0.198101155E-01-0.685466182E-01-0.710327665E-01-0.740230356E-01-0.775333549E-01
-0.814918193E-01-0.855806405E-01-0.897254071E-01-0.939274247E-01-0.981888952E-01
-0.102511754E+00-0.106897677E+00-0.111348142E+00-0.115864499E+00-0.120448027E+00
-0.125099978E+00-0.129821612E+00-0.134614213E+00-0.139479116E+00-0.144417713E+00
-0.149431478E+00-0.154521991E+00-0.159690995E+00-0.164940511E+00-0.170273113E+00
-0.175692588E+00-0.181185947E+00-0.186724011E+00-0.192304331E+00-0.197927703E+00
-0.203592685E+00-0.209289191E+00-0.214993621E+00-0.220678094E+00-0.226311017E+00
-0.231859116E+00-0.237289857E+00-0.242574023E+00-0.247688380E+00-0.252618420E+00
-0.257358338E+00-0.261904308E+00-0.266253035E+00-0.270401750E+00-0.274348201E+00
-0.278090640E+00-0.281627815E+00-0.284958949E+00-0.288083739E+00-0.291002334E+00
-0.293715325E+00-0.296223733E+00-0.298528991E+00-0.300632929E+00-0.302537759E+00
-0.304246054E+00-0.305760724E+00-0.307085097E+00-0.308222785E+00-0.309177604E+00
-0.309953492E+00-0.310554400E+00-0.310984191E+00-0.311246539E+00-0.311344835E+00
-0.311282110E+00-0.311060970E+00-0.310683562E+00-0.310151549E+00-0.309466109E+00
-0.308627941E+00-0.307637281E+00-0.306493925E+00-0.305197253E+00-0.303746258E+00
-0.302139557E+00-0.300375398E+00-0.298451798E+00-0.296366578E+00-0.294117414E+00
-0.291701881E+00-0.289117492E+00-0.286361744E+00-0.283432146E+00-0.280326261E+00
-0.277041737E+00-0.273576338E+00-0.269927976E+00-0.266094742E+00-0.262074932E+00
-0.257867079E+00-0.253469979E+00-0.248882717E+00-0.244105209E+00-0.239143266E+00
-0.234010581E+00-0.228726875E+00-0.223315828E+00-0.217802810E+00-0.212212236E+00
-0.206564049E+00-0.200867880E+00-0.195108810E+00-0.189201475E+00-0.182933567E+00
-0.176051349E+00-0.168759875E+00-0.161482780E+00-0.154230297E+00-0.147005776E+00
-0.139810281E+00-0.132644208E+00-0.125507868E+00-0.118401736E+00-0.111326595E+00
-0.104283662E+00-0.972747345E-01-0.903023540E-01-0.833700169E-01-0.764824257E-01
-0.696457935E-01-0.628682085E-01-0.561600556E-01-0.495344850E-01-0.430078916E-01
-0.366003293E-01-0.303357308E-01-0.242417518E-01-0.183490588E-01-0.126899809E-01
-0.686024077E-01-0.710791983E-01-0.740512350E-01-0.775343650E-01-0.814555629E-01
-0.855054088E-01-0.896092310E-01-0.937696386E-01-0.979895525E-01-0.102271033E+00
-0.106615579E+00-0.111024381E+00-0.115498491E+00-0.120038920E+00-0.124646696E+00
-0.129322891E+00-0.134068643E+00-0.138885168E+00-0.143773767E+00-0.148735841E+00
-0.153772905E+00-0.158886613E+00-0.164078781E+00-0.169351407E+00-0.174706603E+00
-0.180141073E+00-0.185620109E+00-0.191138203E+00-0.196697055E+00-0.202295787E+00
-0.207928657E+00-0.213573693E+00-0.219204579E+00-0.224791022E+00-0.230300534E+00
-0.235700715E+00-0.240961700E+00-0.246058686E+00-0.250974516E+00-0.255701384E+00
-0.260235408E+00-0.264573256E+00-0.268712121E+00-0.272649710E+00-0.276384232E+00
-0.279914383E+00-0.283239334E+00-0.286358721E+00-0.289272625E+00-0.291981562E+00
-0.294486467E+00-0.296788676E+00-0.298889908E+00-0.300792246E+00-0.302498112E+00
-0.304010247E+00-0.305331663E+00-0.306465680E+00-0.307415811E+00-0.308185673E+00
-0.308778896E+00-0.309199036E+00-0.309449480E+00-0.309533368E+00-0.309453521E+00
-0.309212384E+00-0.308811990E+00-0.308253930E+00-0.307539349E+00-0.306668944E+00
-0.305642972E+00-0.304461269E+00-0.303123272E+00-0.301628003E+00-0.299974142E+00
-0.298160089E+00-0.296184010E+00-0.294043881E+00-0.291737533E+00-0.289262698E+00
-0.286617042E+00-0.283798213E+00-0.280803867E+00-0.277631710E+00-0.274279525E+00
-0.270745210E+00-0.267026802E+00-0.263122512E+00-0.259030749E+00-0.254750153E+00
-0.250279618E+00-0.245618405E+00-0.240769620E+00-0.235744080E+00-0.230559019E+00
-0.225236192E+00-0.219799800E+00-0.214274132E+00-0.208680579E+00-0.203033146E+00
-0.197329944E+00-0.191519850E+00-0.185452391E+00-0.178856246E+00-0.171721656E+00
-0.164426962E+00-0.157163728E+00-0.149924555E+00-0.142705980E+00-0.135506023E+00
-0.128323310E+00-0.121156768E+00-0.114005556E+00-0.106869077E+00-0.997470625E-01
-0.926396873E-01-0.855477371E-01-0.784728275E-01-0.714176923E-01-0.643865621E-01
-0.573856580E-01-0.504238372E-01-0.435134215E-01-0.366712338E-01-0.299198099E-01
-0.232886145E-01-0.168148261E-01-0.105429259E-01-0.452232938E-02-0.686216097E-01
-0.711063362E-01-0.740422189E-01-0.775042204E-01-0.814579443E-01-0.854540359E-01
-0.895023047E-01-0.936110543E-01-0.977826537E-01-0.102017941E+00-0.106317301E+00
-0.110681078E+00-0.115109707E+00-0.119603757E+00-0.124163933E+00-0.128791067E+00
-0.133486114E+00-0.138250138E+00-0.143084312E+00-0.147989909E+00-0.152968305E+00
-0.158020973E+00-0.163149477E+00-0.168355465E+00-0.173640649E+00-0.179011155E+00
-0.184427084E+00-0.189878200E+00-0.195366836E+00-0.200893205E+00-0.206454806E+00
-0.212032659E+00-0.217602191E+00-0.223134624E+00-0.228598494E+00-0.233961770E+00
-0.239194166E+00-0.244269527E+00-0.249168251E+00-0.253879604E+00-0.258399267E+00
-0.262723867E+00-0.266850552E+00-0.270776982E+00-0.274501312E+00-0.278022181E+00
-0.281338698E+00-0.284450426E+00-0.287357369E+00-0.290059955E+00-0.292559018E+00
-0.294855783E+00-0.296951843E+00-0.298849136E+00-0.300549919E+00-0.302056743E+00
-0.303372412E+00-0.304499941E+00-0.305442519E+00-0.306203459E+00-0.306786086E+00
-0.307193655E+00-0.307429279E+00-0.307495850E+00-0.307395980E+00-0.307131945E+00
-0.306705649E+00-0.306118594E+00-0.305371873E+00-0.304466161E+00-0.303401724E+00
-0.302178406E+00-0.300795660E+00-0.299252600E+00-0.297548028E+00-0.295680482E+00
-0.293648274E+00-0.291449538E+00-0.289082267E+00-0.286544357E+00-0.283833641E+00
-0.280947927E+00-0.277885037E+00-0.274642836E+00-0.271219264E+00-0.267612371E+00
-0.263820344E+00-0.259841539E+00-0.255674503E+00-0.251318008E+00-0.246771070E+00
-0.242035090E+00-0.237118520E+00-0.232036393E+00-0.226808598E+00-0.221457991E+00
-0.216008261E+00-0.210481315E+00-0.204893566E+00-0.199249380E+00-0.193520429E+00
-0.187599195E+00-0.181248896E+00-0.174300129E+00-0.167060865E+00-0.159829259E+00
-0.152607618E+00-0.145395409E+00-0.138191121E+00-0.130992866E+00-0.123798575E+00
-0.116606078E+00-0.109413152E+00-0.102217567E+00-0.950171612E-01-0.878099290E-01
-0.805941563E-01-0.733686017E-01-0.661327520E-01-0.588871789E-01-0.516340457E-01
-0.443778374E-01-0.371264315E-01-0.298926991E-01-0.226969204E-01-0.155703536E-01
-0.855993721E-02-0.173227938E-02 0.482869600E-02-0.689386059E-01-0.714561090E-01
-0.743923754E-01-0.777602934E-01-0.815163557E-01-0.854087997E-01-0.893850664E-01
-0.934369545E-01-0.975586990E-01-0.101747093E+00-0.106000439E+00-0.110317934E+00
-0.114699337E+00-0.119144796E+00-0.123654729E+00-0.128229770E+00-0.132870719E+00
-0.137578514E+00-0.142354215E+00-0.147198982E+00-0.152114060E+00-0.157100758E+00
-0.162160430E+00-0.167294443E+00-0.172504181E+00-0.177803853E+00-0.183151612E+00
-0.188530777E+00-0.193943482E+00-0.199391284E+00-0.204873444E+00-0.210375898E+00
-0.215875745E+00-0.221345916E+00-0.226756223E+00-0.232075276E+00-0.237272645E+00
-0.242321102E+00-0.247198890E+00-0.251891996E+00-0.256394588E+00-0.260703265E+00
-0.264815128E+00-0.268727781E+00-0.272439320E+00-0.275948317E+00-0.279253807E+00
-0.282355276E+00-0.285252636E+00-0.287946217E+00-0.290436743E+00-0.292725316E+00
-0.294813389E+00-0.296702744E+00-0.298395465E+00-0.299893903E+00-0.301200642E+00
-0.302318455E+00-0.303250258E+00-0.303999047E+00-0.304567835E+00-0.304959595E+00
-0.305177172E+00-0.305223219E+00-0.305100135E+00-0.304810024E+00-0.304354652E+00
-0.303735424E+00-0.302953360E+00-0.302009088E+00-0.300902851E+00-0.299634523E+00
-0.298203625E+00-0.296609362E+00-0.294850655E+00-0.292926174E+00-0.290834385E+00
-0.288573580E+00-0.286141923E+00-0.283537481E+00-0.280758264E+00-0.277802261E+00
-0.274667471E+00-0.271351936E+00-0.267853777E+00-0.264171219E+00-0.260302622E+00
-0.256246510E+00-0.252001601E+00-0.247566814E+00-0.242942621E+00-0.238135724E+00
-0.233159346E+00-0.228031705E+00-0.222774305E+00-0.217410007E+00-0.211960705E+00
-0.206444150E+00-0.200868648E+00-0.195220191E+00-0.189421134E+00-0.183279862E+00
-0.176552314E+00-0.169391358E+00-0.162219508E+00-0.155043916E+00-0.147866865E+00
-0.140688053E+00-0.133505783E+00-0.126317553E+00-0.119120331E+00-0.111910680E+00
-0.104684823E+00-0.974386688E-01-0.901678411E-01-0.828677127E-01-0.755334549E-01
-0.681601176E-01-0.607427508E-01-0.532765897E-01-0.457573372E-01-0.381816009E-01
-0.305475920E-01-0.228563037E-01-0.151136630E-01-0.733493508E-02 0.444770540E-03
 0.814212625E-02 0.155774694E-01-0.689832770E-01-0.714872074E-01-0.743962147E-01
-0.777226250E-01-0.814200218E-01-0.852721567E-01-0.892110309E-01-0.932248930E-01
-0.973071494E-01-0.101454248E+00-0.105664301E+00-0.109936380E+00-0.114270156E+00
-0.118665699E+00-0.123123369E+00-0.127643743E+00-0.132227569E+00-0.136875734E+00
-0.141589246E+00-0.146369212E+00-0.151216814E+00-0.156133285E+00-0.161119851E+00
-0.166177613E+00-0.171307277E+00-0.176527865E+00-0.181801098E+00-0.187102937E+00
-0.192433749E+00-0.197796443E+00-0.203191030E+00-0.208609698E+00-0.214031102E+00
-0.219430094E+00-0.224778056E+00-0.230044549E+00-0.235199319E+00-0.240214405E+00
-0.245066251E+00-0.249737807E+00-0.254220312E+00-0.258510087E+00-0.262604171E+00
-0.266500106E+00-0.270195922E+00-0.273690117E+00-0.276981646E+00-0.280069905E+00
-0.282954709E+00-0.285636279E+00-0.288115221E+00-0.290392501E+00-0.292469426E+00
-0.294347615E+00-0.296028968E+00-0.297515638E+00-0.298809988E+00-0.299914552E+00
-0.300831986E+00-0.301565015E+00-0.302116378E+00-0.302488767E+00-0.302684762E+00
-0.302706776E+00-0.302557001E+00-0.302237360E+00-0.301749474E+00-0.301094633E+00
-0.300273780E+00-0.299287505E+00-0.298136047E+00-0.296819312E+00-0.295336886E+00
-0.293688067E+00-0.291871891E+00-0.289887168E+00-0.287732513E+00-0.285406388E+00
-0.282907129E+00-0.280232988E+00-0.277382165E+00-0.274352840E+00-0.271143211E+00
-0.267751517E+00-0.264176077E+00-0.260415316E+00-0.256467794E+00-0.252332232E+00
-0.248007532E+00-0.243493740E+00-0.238796435E+00-0.233927477E+00-0.228903672E+00
-0.223745257E+00-0.218474159E+00-0.213111926E+00-0.207676986E+00-0.202180310E+00
-0.196616590E+00-0.190930372E+00-0.184971908E+00-0.178492045E+00-0.171509738E+00
-0.164368212E+00-0.157239178E+00-0.150112337E+00-0.142981794E+00-0.135843202E+00
-0.128692579E+00-0.121525819E+00-0.114338469E+00-0.107125614E+00-0.998818071E-01
-0.926010024E-01-0.852764968E-01-0.779008675E-01-0.704659066E-01-0.629625495E-01
-0.553807972E-01-0.477096243E-01-0.399368632E-01-0.320490373E-01-0.240310886E-01
-0.158658695E-01-0.753307139E-02 0.993358973E-03 0.975280364E-02 0.188260615E-01
 0.278331588E-01-0.686835411E-01-0.710917824E-01-0.739634123E-01-0.773077725E-01
-0.811485573E-01-0.850413733E-01-0.889820476E-01-0.929785347E-01-0.970325692E-01
-0.101144489E+00-0.105314304E+00-0.109542067E+00-0.113827982E+00-0.118172423E+00
-0.122575924E+00-0.127039162E+00-0.131562939E+00-0.136148176E+00-0.140795895E+00
-0.145507222E+00-0.150283386E+00-0.155125736E+00-0.160035783E+00-0.165015306E+00
-0.170066612E+00-0.175193163E+00-0.180382761E+00-0.185601522E+00-0.190844625E+00
-0.196115706E+00-0.201415672E+00-0.206741762E+00-0.212075453E+00-0.217393684E+00
-0.222669658E+00-0.227874204E+00-0.232977599E+00-0.237951530E+00-0.242771065E+00
-0.247416593E+00-0.251875716E+00-0.256143291E+00-0.260216314E+00-0.264092261E+00
-0.267769087E+00-0.271245211E+00-0.274519499E+00-0.277591249E+00-0.280460172E+00
-0.283126373E+00-0.285590329E+00-0.287852867E+00-0.289915139E+00-0.291778594E+00
-0.293444949E+00-0.294916155E+00-0.296194357E+00-0.297281856E+00-0.298181062E+00
-0.298894445E+00-0.299424484E+00-0.299773611E+00-0.299944161E+00-0.299938317E+00
-0.299758064E+00-0.299405149E+00-0.298881047E+00-0.298186939E+00-0.297323694E+00
-0.296291865E+00-0.295091691E+00-0.293723111E+00-0.292185778E+00-0.290479080E+00
-0.288602172E+00-0.286554003E+00-0.284333345E+00-0.281938830E+00-0.279368980E+00
-0.276622239E+00-0.273697010E+00-0.270591683E+00-0.267304667E+00-0.263834422E+00
-0.260179487E+00-0.256338510E+00-0.252310276E+00-0.248093721E+00-0.243688800E+00
-0.239100551E+00-0.234339911E+00-0.229422568E+00-0.224367608E+00-0.219195967E+00
-0.213928570E+00-0.208583901E+00-0.203174302E+00-0.197699087E+00-0.192117610E+00
-0.186309500E+00-0.180042656E+00-0.173232610E+00-0.166192534E+00-0.159148393E+00
-0.152099701E+00-0.145043340E+00-0.137975433E+00-0.130891789E+00-0.123787893E+00
-0.116658811E+00-0.109499063E+00-0.102302517E+00-0.950622648E-01-0.877705097E-01
-0.804184292E-01-0.729960249E-01-0.654919439E-01-0.578932650E-01-0.501852348E-01
-0.423509324E-01-0.343708259E-01-0.262221559E-01-0.178780292E-01-0.930600941E-02
-0.465815064E-03 0.869451878E-02 0.182446998E-01 0.282748076E-01 0.381697758E-01
-0.686297506E-01-0.710003867E-01-0.738438224E-01-0.771743506E-01-0.809407553E-01
-0.848250825E-01-0.887538259E-01-0.927298923E-01-0.967556836E-01-0.100832790E+00
-0.104962301E+00-0.109145058E+00-0.113381809E+00-0.117673294E+00-0.122020294E+00
-0.126423648E+00-0.130884265E+00-0.135403127E+00-0.139981295E+00-0.144619905E+00
-0.149320180E+00-0.154083434E+00-0.158911095E+00-0.163804722E+00-0.168766021E+00
-0.173796799E+00-0.178898864E+00-0.184031556E+00-0.189183065E+00-0.194357203E+00
-0.199556486E+00-0.204780841E+00-0.210017237E+00-0.215244603E+00-0.220438182E+00
-0.225570389E+00-0.230612408E+00-0.235535993E+00-0.240315304E+00-0.244928697E+00
-0.249360449E+00-0.253602210E+00-0.257650571E+00-0.261502931E+00-0.265157166E+00
-0.268611608E+00-0.271865030E+00-0.274916625E+00-0.277765993E+00-0.280413116E+00
-0.282858336E+00-0.285102335E+00-0.287146107E+00-0.288990928E+00-0.290638328E+00
-0.292090058E+00-0.293348048E+00-0.294414373E+00-0.295291208E+00-0.295980780E+00
-0.296485322E+00-0.296807026E+00-0.296947996E+00-0.296910198E+00-0.296695423E+00
-0.296305253E+00-0.295741024E+00-0.295003814E+00-0.294094424E+00-0.293013374E+00
-0.291760906E+00-0.290336992E+00-0.288741352E+00-0.286973469E+00-0.285032618E+00
-0.282917888E+00-0.280628214E+00-0.278162405E+00-0.275519176E+00-0.272697176E+00
-0.269695024E+00-0.266511334E+00-0.263144749E+00-0.259593967E+00-0.255857771E+00
-0.251935058E+00-0.247824849E+00-0.243527281E+00-0.239047364E+00-0.234395527E+00
-0.229586623E+00-0.224638742E+00-0.219571828E+00-0.214405999E+00-0.209159368E+00
-0.203844764E+00-0.198463875E+00-0.192985722E+00-0.187310026E+00-0.181227892E+00
-0.174596355E+00-0.167672064E+00-0.160738360E+00-0.153794096E+00-0.146837520E+00
-0.139865992E+00-0.132876111E+00-0.125863826E+00-0.118824453E+00-0.111752638E+00
-0.104642276E+00-0.974863993E-01-0.902770528E-01-0.830051342E-01-0.756602136E-01
-0.682303155E-01-0.607016592E-01-0.530583452E-01-0.452819747E-01-0.373511846E-01
-0.292410733E-01-0.209224878E-01-0.123611350E-01-0.351648085E-02 0.565956112E-02
 0.152240199E-01 0.252438761E-01 0.357947681E-01 0.461147039E-01-0.686018303E-01
-0.709449274E-01-0.737608035E-01-0.770659275E-01-0.807942961E-01-0.846546195E-01
-0.885585178E-01-0.925056673E-01-0.964977638E-01-0.100536295E+00-0.104622534E+00
-0.108757595E+00-0.112942498E+00-0.117178217E+00-0.121465715E+00-0.125805971E+00
-0.130199990E+00-0.134648817E+00-0.139153537E+00-0.143715284E+00-0.148335240E+00
-0.153014630E+00-0.157754721E+00-0.162556802E+00-0.167422164E+00-0.172352086E+00
-0.177359363E+00-0.182401595E+00-0.187457825E+00-0.192530098E+00-0.197622677E+00
-0.202736605E+00-0.207866182E+00-0.212992300E+00-0.218092470E+00-0.223141036E+00
-0.228110485E+00-0.232973090E+00-0.237702603E+00-0.242275921E+00-0.246674663E+00
-0.250886653E+00-0.254906419E+00-0.258731263E+00-0.262358971E+00-0.265787783E+00
-0.269016371E+00-0.272043820E+00-0.274869613E+00-0.277493602E+00-0.279915993E+00
-0.282137317E+00-0.284158405E+00-0.285980361E+00-0.287604529E+00-0.289032459E+00
-0.290265874E+00-0.291306629E+00-0.292156672E+00-0.292818000E+00-0.293292617E+00
-0.293582489E+00-0.293689504E+00-0.293615429E+00-0.293361877E+00-0.292930271E+00
-0.292321825E+00-0.291537522E+00-0.290578102E+00-0.289444057E+00-0.288135635E+00
-0.286652847E+00-0.284995481E+00-0.283163118E+00-0.281155153E+00-0.278970823E+00
-0.276609230E+00-0.274069368E+00-0.271350153E+00-0.268450455E+00-0.265369119E+00
-0.262105003E+00-0.258657000E+00-0.255024070E+00-0.251205266E+00-0.247199742E+00
-0.243008135E+00-0.238635854E+00-0.234093170E+00-0.229394362E+00-0.224556684E+00
-0.219599128E+00-0.214540899E+00-0.209399432E+00-0.204187429E+00-0.198907618E+00
-0.193534680E+00-0.187981448E+00-0.182059751E+00-0.175600494E+00-0.168804074E+00
-0.161995006E+00-0.155172389E+00-0.148334799E+00-0.141480231E+00-0.134606036E+00
-0.127708897E+00-0.120784811E+00-0.113829055E+00-0.106836127E+00-0.997996555E-01
-0.927122847E-01-0.855655307E-01-0.783496053E-01-0.710532049E-01-0.636632553E-01
-0.561646065E-01-0.485396656E-01-0.407679600E-01-0.328256213E-01-0.246847860E-01
-0.163129225E-01-0.767211367E-02 0.128163247E-02 0.105989107E-01 0.203370670E-01
 0.305596866E-01 0.413486656E-01 0.518578735E-01-0.685595022E-01-0.708653092E-01
-0.736523915E-01-0.769317064E-01-0.807040867E-01-0.845391332E-01-0.884105636E-01
-0.923219840E-01-0.962746314E-01-0.100269723E+00-0.104308446E+00-0.108391944E+00
-0.112521327E+00-0.116697677E+00-0.120922062E+00-0.125195549E+00-0.129519209E+00
-0.133894131E+00-0.138321418E+00-0.142802198E+00-0.147337617E+00-0.151928837E+00
-0.156577012E+00-0.161283245E+00-0.166048467E+00-0.170873173E+00-0.175776399E+00
-0.180721689E+00-0.185678688E+00-0.190644422E+00-0.195624370E+00-0.200621087E+00
-0.205633950E+00-0.210648070E+00-0.215643290E+00-0.220596116E+00-0.225480703E+00
-0.230270284E+00-0.234938722E+00-0.239462046E+00-0.243819909E+00-0.247996930E+00
-0.251983872E+00-0.255776944E+00-0.259373857E+00-0.262772756E+00-0.265972205E+00
-0.268971179E+00-0.271769035E+00-0.274365497E+00-0.276760628E+00-0.278954807E+00
-0.280948702E+00-0.282743243E+00-0.284339589E+00-0.285739096E+00-0.286943283E+00
-0.287953793E+00-0.288772360E+00-0.289400762E+00-0.289840787E+00-0.290094193E+00
-0.290162667E+00-0.290047792E+00-0.289751018E+00-0.289273629E+00-0.288616724E+00
-0.287781202E+00-0.286767752E+00-0.285576845E+00-0.284208741E+00-0.282663494E+00
-0.280940964E+00-0.279040833E+00-0.276962623E+00-0.274705723E+00-0.272269407E+00
-0.269652865E+00-0.266855225E+00-0.263875586E+00-0.260713039E+00-0.257366701E+00
-0.253835735E+00-0.250119392E+00-0.246217045E+00-0.242130244E+00-0.237865107E+00
-0.233432014E+00-0.228844884E+00-0.224120280E+00-0.219276293E+00-0.214331160E+00
-0.209301427E+00-0.204199204E+00-0.199027337E+00-0.193762988E+00-0.188326751E+00
-0.182545830E+00-0.176244995E+00-0.169583876E+00-0.162908591E+00-0.156218507E+00
-0.149512559E+00-0.142789221E+00-0.136046460E+00-0.129281688E+00-0.122491712E+00
-0.115672685E+00-0.108820042E+00-0.101928427E+00-0.949915908E-01-0.880022732E-01
-0.809520548E-01-0.738311766E-01-0.666283228E-01-0.593303576E-01-0.519220069E-01
-0.443854749E-01-0.366999831E-01-0.288412226E-01-0.207807148E-01-0.124850902E-01
-0.391532260E-02 0.497398990E-02 0.142351290E-01 0.239272772E-01 0.341157363E-01
 0.448930036E-01 0.553262893E-01-0.687019948E-01-0.709882768E-01-0.737490871E-01
-0.769984780E-01-0.806881091E-01-0.844860919E-01-0.883199615E-01-0.921904847E-01
-0.960986222E-01-0.100045436E+00-0.104032045E+00-0.108059590E+00-0.112129218E+00
-0.116242071E+00-0.120399278E+00-0.124601960E+00-0.128851231E+00-0.133148203E+00
-0.137493987E+00-0.141889705E+00-0.146336494E+00-0.150835518E+00-0.155387992E+00
-0.159995226E+00-0.164658736E+00-0.169380505E+00-0.174163634E+00-0.179002135E+00
-0.183855327E+00-0.188710764E+00-0.193573155E+00-0.198446878E+00-0.203333176E+00
-0.208224720E+00-0.213103296E+00-0.217947774E+00-0.222734322E+00-0.227437572E+00
-0.232032014E+00-0.236493414E+00-0.240800156E+00-0.244934475E+00-0.248883541E+00
-0.252640277E+00-0.256201806E+00-0.259566179E+00-0.262731856E+00-0.265697692E+00
-0.268462921E+00-0.271027132E+00-0.273390245E+00-0.275552487E+00-0.277514363E+00
-0.279276630E+00-0.280840266E+00-0.282206438E+00-0.283376468E+00-0.284351798E+00
-0.285133956E+00-0.285724515E+00-0.286125063E+00-0.286337163E+00-0.286362318E+00
-0.286201947E+00-0.285857348E+00-0.285329680E+00-0.284619943E+00-0.283728965E+00
-0.282657390E+00-0.281405679E+00-0.279974110E+00-0.278362785E+00-0.276571643E+00
-0.274600471E+00-0.272448926E+00-0.270116551E+00-0.267602804E+00-0.264907077E+00
-0.262028723E+00-0.258967080E+00-0.255721505E+00-0.252291388E+00-0.248676177E+00
-0.244875746E+00-0.240892993E+00-0.236734903E+00-0.232412128E+00-0.227938379E+00
-0.223329634E+00-0.218603136E+00-0.213776119E+00-0.208864083E+00-0.203878194E+00
-0.198820701E+00-0.193668575E+00-0.188345910E+00-0.182689711E+00-0.176530843E+00
-0.170008214E+00-0.163471500E+00-0.156920136E+00-0.150353308E+00-0.143769899E+00
-0.137168426E+00-0.130546991E+00-0.123903221E+00-0.117234218E+00-0.110536490E+00
-0.103805888E+00-0.970375244E-01-0.902256789E-01-0.833636839E-01-0.764437900E-01
-0.694570024E-01-0.623928830E-01-0.552393118E-01-0.479821938E-01-0.406050998E-01
-0.330888213E-01-0.254108157E-01-0.175445096E-01-0.945842470E-02-0.111508847E-02
 0.753027896E-02 0.165312099E-01 0.259512171E-01 0.358639681E-01 0.463382220E-01
 0.562058448E-01-0.688947319E-01-0.711626208E-01-0.738969717E-01-0.771143798E-01
-0.807465429E-01-0.845043811E-01-0.882967524E-01-0.921219586E-01-0.959809025E-01
-0.998746553E-01-0.103804375E+00-0.107771262E+00-0.111776532E+00-0.115821391E+00
-0.119907025E+00-0.124034598E+00-0.128205244E+00-0.132420079E+00-0.136680199E+00
-0.140986691E+00-0.145340639E+00-0.149743135E+00-0.154195285E+00-0.158698228E+00
-0.163253140E+00-0.167861240E+00-0.172523730E+00-0.177249583E+00-0.181995788E+00
-0.186738971E+00-0.191480306E+00-0.196225868E+00-0.200978370E+00-0.205736959E+00
-0.210487233E+00-0.215210512E+00-0.219885237E+00-0.224487829E+00-0.228993897E+00
-0.233379525E+00-0.237622513E+00-0.241703516E+00-0.245607039E+00-0.249322262E+00
-0.252843507E+00-0.256168427E+00-0.259295375E+00-0.262223089E+00-0.264950678E+00
-0.267477595E+00-0.269803617E+00-0.271928819E+00-0.273853545E+00-0.275578385E+00
-0.277104140E+00-0.278431794E+00-0.279562479E+00-0.280497448E+00-0.281238032E+00
-0.281785617E+00-0.282141603E+00-0.282307372E+00-0.282284264E+00-0.282073544E+00
-0.281676378E+00-0.281093815E+00-0.280326768E+00-0.279376003E+00-0.278242135E+00
-0.276925621E+00-0.275426766E+00-0.273745728E+00-0.271882528E+00-0.269837068E+00
-0.267609142E+00-0.265198459E+00-0.262604666E+00-0.259827365E+00-0.256866147E+00
-0.253720602E+00-0.250390372E+00-0.246875113E+00-0.243175848E+00-0.239297009E+00
-0.235246480E+00-0.231035247E+00-0.226676881E+00-0.222186832E+00-0.217581518E+00
-0.212877134E+00-0.208088006E+00-0.203224052E+00-0.198286299E+00-0.193249097E+00
-0.188036392E+00-0.182490213E+00-0.176456736E+00-0.170073696E+00-0.163677582E+00
-0.157267815E+00-0.150843754E+00-0.144404622E+00-0.137949436E+00-0.131476943E+00
-0.124985561E+00-0.118473327E+00-0.111937836E+00-0.105376183E+00-0.987849004E-01
-0.921598885E-01-0.854963335E-01-0.787886172E-01-0.720302100E-01-0.652135453E-01
-0.583298700E-01-0.513690652E-01-0.443194265E-01-0.371673920E-01-0.298971955E-01
-0.224904121E-01-0.149253412E-01-0.717612930E-02 0.788533867E-03 0.900744677E-02
 0.175301557E-01 0.264220744E-01 0.357711126E-01 0.456209482E-01 0.547695661E-01
-0.690926387E-01-0.713282812E-01-0.740350357E-01-0.772238116E-01-0.808834338E-01
-0.846053139E-01-0.883524085E-01-0.921278104E-01-0.959326744E-01-0.997682734E-01
-0.103635955E+00-0.107537086E+00-0.111473016E+00-0.115445053E+00-0.119454452E+00
-0.123502410E+00-0.127590072E+00-0.131718530E+00-0.135888841E+00-0.140102024E+00
-0.144359079E+00-0.148660981E+00-0.153008690E+00-0.157403127E+00-0.161845135E+00
-0.166335363E+00-0.170873988E+00-0.175477985E+00-0.180111259E+00-0.184740211E+00
-0.189358223E+00-0.193971656E+00-0.198585363E+00-0.203200924E+00-0.207811747E+00
-0.212401184E+00-0.216950110E+00-0.221437075E+00-0.225839258E+00-0.230133609E+00
-0.234297994E+00-0.238312247E+00-0.242159100E+00-0.245824952E+00-0.249300442E+00
-0.252580677E+00-0.255663630E+00-0.258547928E+00-0.261232553E+00-0.263716826E+00
-0.266000380E+00-0.268083143E+00-0.269965302E+00-0.271647283E+00-0.273129716E+00
-0.274413411E+00-0.275499323E+00-0.276388520E+00-0.277082158E+00-0.277581441E+00
-0.277887598E+00-0.278001852E+00-0.277925388E+00-0.277659337E+00-0.277204748E+00
-0.276562573E+00-0.275733653E+00-0.274718707E+00-0.273518327E+00-0.272132978E+00
-0.270562999E+00-0.268808613E+00-0.266869932E+00-0.264746975E+00-0.262439683E+00
-0.259947937E+00-0.257271581E+00-0.254410436E+00-0.251364346E+00-0.248133131E+00
-0.244717129E+00-0.241119148E+00-0.237345018E+00-0.233403441E+00-0.229305701E+00
-0.225065211E+00-0.220696882E+00-0.216216283E+00-0.211638506E+00-0.206976551E+00
-0.202238757E+00-0.197424139E+00-0.192502273E+00-0.187393463E+00-0.181941487E+00
-0.176018142E+00-0.169775781E+00-0.163521377E+00-0.157254384E+00-0.150974357E+00
-0.144680857E+00-0.138373382E+00-0.132051297E+00-0.125713779E+00-0.119359757E+00
-0.112987867E+00-0.106596398E+00-0.100183244E+00-0.937458554E-01-0.872811866E-01
-0.807856386E-01-0.742550007E-01-0.676843849E-01-0.610681541E-01-0.543998421E-01
-0.476720646E-01-0.408764169E-01-0.340033556E-01-0.270420563E-01-0.199802325E-01
-0.128038923E-01-0.549697848E-02 0.195921758E-02 0.958712909E-02 0.174151604E-01
 0.254833138E-01 0.338615982E-01 0.426286578E-01 0.506571871E-01-0.694815220E-01
-0.717018324E-01-0.743835949E-01-0.775397733E-01-0.811275762E-01-0.848033234E-01
-0.885003660E-01-0.922205653E-01-0.959655560E-01-0.997370658E-01-0.103536822E+00
-0.107366484E+00-0.111227612E+00-0.115121647E+00-0.119049914E+00-0.123013629E+00
-0.127013915E+00-0.131051813E+00-0.135128300E+00-0.139244300E+00-0.143400704E+00
-0.147598376E+00-0.151838172E+00-0.156120955E+00-0.160447636E+00-0.164819254E+00
-0.169237202E+00-0.173703806E+00-0.178214241E+00-0.182725597E+00-0.187219181E+00
-0.191698070E+00-0.196168882E+00-0.200634759E+00-0.205095570E+00-0.209539034E+00
-0.213948429E+00-0.218304633E+00-0.222586757E+00-0.226773102E+00-0.230842186E+00
-0.234773722E+00-0.238549490E+00-0.242154060E+00-0.245575351E+00-0.248804987E+00
-0.251838394E+00-0.254673680E+00-0.257309723E+00-0.259745706E+00-0.261981129E+00
-0.264015771E+00-0.265849671E+00-0.267483097E+00-0.268916518E+00-0.270150577E+00
-0.271186061E+00-0.272023871E+00-0.272664995E+00-0.273110474E+00-0.273361382E+00
-0.273418792E+00-0.273283757E+00-0.272957287E+00-0.272440330E+00-0.271733754E+00
-0.270838342E+00-0.269754778E+00-0.268483644E+00-0.267025421E+00-0.265380493E+00
-0.263549151E+00-0.261531609E+00-0.259328008E+00-0.256938445E+00-0.254362974E+00
-0.251601657E+00-0.248654504E+00-0.245521777E+00-0.242205498E+00-0.238710180E+00
-0.235042804E+00-0.231212718E+00-0.227231384E+00-0.223111962E+00-0.218868737E+00
-0.214516320E+00-0.210068567E+00-0.205536950E+00-0.200927782E+00-0.196236434E+00
-0.191426273E+00-0.186410362E+00-0.181033776E+00-0.175208161E+00-0.169109247E+00
-0.162998314E+00-0.156875043E+00-0.150739310E+00-0.144591106E+00-0.138430460E+00
-0.132257377E+00-0.126071780E+00-0.119873461E+00-0.113662036E+00-0.107436909E+00
-0.101197229E+00-0.949418583E-01-0.886693410E-01-0.823778709E-01-0.760652652E-01
-0.697289392E-01-0.633658867E-01-0.569726664E-01-0.505453975E-01-0.440797688E-01
-0.375710679E-01-0.310142385E-01-0.244039829E-01-0.177349307E-01-0.110019161E-01
-0.420043819E-02 0.267254833E-02 0.961718217E-02 0.166277615E-01 0.236859261E-01
 0.307420062E-01 0.376674716E-01 0.442427308E-01-0.699884107E-01-0.721996524E-01
-0.748576952E-01-0.779786106E-01-0.814933269E-01-0.851160467E-01-0.887562351E-01
-0.924137836E-01-0.960912795E-01-0.997912555E-01-0.103516033E+00-0.107267674E+00
-0.111047977E+00-0.114858498E+00-0.118700589E+00-0.122575429E+00-0.126484056E+00
-0.130427398E+00-0.134406298E+00-0.138421533E+00-0.142473835E+00-0.146563903E+00
-0.150692422E+00-0.154860069E+00-0.159067520E+00-0.163315433E+00-0.167604374E+00
-0.171934552E+00-0.176314909E+00-0.180705052E+00-0.185074539E+00-0.189418716E+00
-0.193744469E+00-0.198057177E+00-0.202358767E+00-0.206645312E+00-0.210902308E+00
-0.215113073E+00-0.219258926E+00-0.223319924E+00-0.227275753E+00-0.231106623E+00
-0.234794086E+00-0.238321728E+00-0.241675721E+00-0.244845195E+00-0.247822425E+00
-0.250602826E+00-0.253184380E+00-0.255566150E+00-0.257747500E+00-0.259728074E+00
-0.261507765E+00-0.263086694E+00-0.264465178E+00-0.265643704E+00-0.266622904E+00
-0.267403524E+00-0.267986397E+00-0.268372419E+00-0.268562521E+00-0.268557646E+00
-0.268358727E+00-0.267966671E+00-0.267382337E+00-0.266606529E+00-0.265639980E+00
-0.264483352E+00-0.263137230E+00-0.261602119E+00-0.259878455E+00-0.257966612E+00
-0.255866902E+00-0.253579600E+00-0.251104977E+00-0.248443212E+00-0.245594738E+00
-0.242561399E+00-0.239346992E+00-0.235957322E+00-0.232400237E+00-0.228685517E+00
-0.224824629E+00-0.220830336E+00-0.216716140E+00-0.212495505E+00-0.208180754E+00
-0.203781431E+00-0.199301499E+00-0.194729192E+00-0.190020444E+00-0.185078129E+00
-0.179754948E+00-0.174020283E+00-0.168070175E+00-0.162106142E+00-0.156128339E+00
-0.150137192E+00-0.144133299E+00-0.138117351E+00-0.132090073E+00-0.126052175E+00
-0.120004310E+00-0.113947039E+00-0.107880807E+00-0.101805910E+00-0.957224754E-01
-0.896304444E-01-0.835295551E-01-0.774193350E-01-0.712990980E-01-0.651679515E-01
-0.590248155E-01-0.528684577E-01-0.466975507E-01-0.405107593E-01-0.343068696E-01
-0.280849768E-01-0.218447575E-01-0.155868646E-01-0.931350761E-02-0.302931676E-02
 0.325734565E-02 0.953236659E-02 0.157727807E-01 0.219422683E-01 0.279859272E-01
 0.338282710E-01 0.393813552E-01-0.705627911E-01-0.727549706E-01-0.753896092E-01
-0.784770292E-01-0.819975964E-01-0.855651511E-01-0.891374359E-01-0.927210410E-01
-0.963203767E-01-0.999391691E-01-0.103580449E+00-0.107246634E+00-0.110939644E+00
-0.114661013E+00-0.118411977E+00-0.122193549E+00-0.126006575E+00-0.129851774E+00
-0.133729773E+00-0.137641134E+00-0.141586373E+00-0.145565975E+00-0.149580414E+00
-0.153630164E+00-0.157715719E+00-0.161837623E+00-0.165996532E+00-0.170193365E+00
-0.174429698E+00-0.178690766E+00-0.182935512E+00-0.187146722E+00-0.191327620E+00
-0.195485280E+00-0.199623518E+00-0.203743248E+00-0.207836288E+00-0.211888008E+00
-0.215882045E+00-0.219800503E+00-0.223624652E+00-0.227335719E+00-0.230915648E+00
-0.234347763E+00-0.237617313E+00-0.240711865E+00-0.243621542E+00-0.246339097E+00
-0.248859801E+00-0.251181184E+00-0.253302257E+00-0.255222563E+00-0.256941857E+00
-0.258460118E+00-0.259777525E+00-0.260894424E+00-0.261811300E+00-0.262528760E+00
-0.263047499E+00-0.263368281E+00-0.263491912E+00-0.263419220E+00-0.263151037E+00
-0.262688178E+00-0.262031431E+00-0.261181545E+00-0.260139221E+00-0.258905112E+00
-0.257479813E+00-0.255863863E+00-0.254057754E+00-0.252061966E+00-0.249876905E+00
-0.247502911E+00-0.244940799E+00-0.242192585E+00-0.239261738E+00-0.236153307E+00
-0.232874036E+00-0.229432346E+00-0.225838209E+00-0.222102905E+00-0.218238632E+00
-0.214257945E+00-0.210172956E+00-0.205994152E+00-0.201728368E+00-0.197375811E+00
-0.192914149E+00-0.188288170E+00-0.183387976E+00-0.178090846E+00-0.172452226E+00
-0.166658758E+00-0.160847252E+00-0.155018067E+00-0.149172415E+00-0.143311803E+00
-0.137437831E+00-0.131552111E+00-0.125656238E+00-0.119751767E+00-0.113840201E+00
-0.107922977E+00-0.102001454E+00-0.960769014E-01-0.901504894E-01-0.842232857E-01
-0.782962542E-01-0.723702620E-01-0.664460956E-01-0.605244893E-01-0.546061687E-01
-0.486919164E-01-0.427826629E-01-0.368796144E-01-0.309844266E-01-0.250994394E-01
-0.192279945E-01-0.133748595E-01-0.754679515E-02-0.175330509E-02 0.399239287E-02
 0.967216251E-02 0.152615927E-01 0.207287822E-01 0.260339030E-01 0.311304287E-01
 0.359685035E-01-0.713922978E-01-0.735909233E-01-0.762067337E-01-0.792500226E-01
-0.826892568E-01-0.861763199E-01-0.896606670E-01-0.931525644E-01-0.966589073E-01
-0.100184490E+00-0.103732610E+00-0.107305556E+00-0.110904946E+00-0.114531944E+00
-0.118187407E+00-0.121871978E+00-0.125586152E+00-0.129330321E+00-0.133104804E+00
-0.136909872E+00-0.140745761E+00-0.144612691E+00-0.148510867E+00-0.152440496E+00
-0.156401783E+00-0.160394942E+00-0.164420197E+00-0.168477784E+00-0.172567939E+00
-0.176693853E+00-0.180812595E+00-0.184894190E+00-0.188933330E+00-0.192936786E+00
-0.196910706E+00-0.200857620E+00-0.204776858E+00-0.208657590E+00-0.212485682E+00
-0.216245413E+00-0.219919928E+00-0.223491879E+00-0.226944107E+00-0.230260269E+00
-0.233425369E+00-0.236426171E+00-0.239251482E+00-0.241892288E+00-0.244341757E+00
-0.246595105E+00-0.248649348E+00-0.250502980E+00-0.252155459E+00-0.253606665E+00
-0.254856663E+00-0.255905659E+00-0.256754009E+00-0.257402195E+00-0.257850792E+00
-0.258100449E+00-0.258151863E+00-0.258005765E+00-0.257662899E+00-0.257124008E+00
-0.256389818E+00-0.255461034E+00-0.254338337E+00-0.253022393E+00-0.251513831E+00
-0.249813205E+00-0.247921012E+00-0.245837971E+00-0.243565439E+00-0.241105685E+00
-0.238462025E+00-0.235639030E+00-0.232642635E+00-0.229480183E+00-0.226160382E+00
-0.222693154E+00-0.219089383E+00-0.215360508E+00-0.211517947E+00-0.207572225E+00
-0.203531658E+00-0.199400400E+00-0.195169997E+00-0.190807395E+00-0.186240461E+00
-0.181347900E+00-0.176053218E+00-0.170474535E+00-0.164872686E+00-0.159229566E+00
-0.153555810E+00-0.147857622E+00-0.142139239E+00-0.136403983E+00-0.130654731E+00
-0.124894137E+00-0.119124728E+00-0.113348956E+00-0.107569220E+00-0.101787875E+00
-0.960072335E-01-0.902295673E-01-0.844571080E-01-0.786920503E-01-0.729365597E-01
-0.671927879E-01-0.614628973E-01-0.557490980E-01-0.500537004E-01-0.443791889E-01
-0.387283195E-01-0.331042500E-01-0.275107081E-01-0.219522062E-01-0.164343130E-01
-0.109639881E-01-0.554998807E-02-0.203338999E-03 0.506214308E-02 0.102293375E-01
 0.152774128E-01 0.201816929E-01 0.249139965E-01 0.294436070E-01 0.337388566E-01
-0.724990648E-01-0.747452710E-01-0.773493747E-01-0.803223075E-01-0.836132268E-01
-0.869712158E-01-0.903316301E-01-0.937063303E-01-0.971020107E-01-0.100522006E+00
-0.103968099E+00-0.107441286E+00-0.110942125E+00-0.114470922E+00-0.118027824E+00
-0.121612881E+00-0.125226080E+00-0.128867375E+00-0.132536695E+00-0.136233958E+00
-0.139959080E+00-0.143711976E+00-0.147492563E+00-0.151300755E+00-0.155136455E+00
-0.158999533E+00-0.162889777E+00-0.166806781E+00-0.170749692E+00-0.174731700E+00
-0.178719214E+00-0.182673133E+00-0.186575535E+00-0.190428475E+00-0.194239430E+00
-0.198013268E+00-0.201751589E+00-0.205451699E+00-0.209101874E+00-0.212688587E+00
-0.216197006E+00-0.219611493E+00-0.222916175E+00-0.226095512E+00-0.229134814E+00
-0.232020653E+00-0.234741178E+00-0.237286306E+00-0.239647806E+00-0.241819264E+00
-0.243795960E+00-0.245574659E+00-0.247153340E+00-0.248530934E+00-0.249707046E+00
-0.250681706E+00-0.251455179E+00-0.252027852E+00-0.252400200E+00-0.252572770E+00
-0.252546169E+00-0.252321046E+00-0.251898076E+00-0.251277950E+00-0.250461347E+00
-0.249448922E+00-0.248241310E+00-0.246839208E+00-0.245243509E+00-0.243455465E+00
-0.241476829E+00-0.239310004E+00-0.236958235E+00-0.234425755E+00-0.231717901E+00
-0.228841166E+00-0.225803199E+00-0.222612726E+00-0.219279375E+00-0.215813393E+00
-0.212225224E+00-0.208524864E+00-0.204720965E+00-0.200819128E+00-0.196818731E+00
-0.192699935E+00-0.188417210E+00-0.183881036E+00-0.178982166E+00-0.173729663E+00
-0.168284467E+00-0.162811944E+00-0.157311102E+00-0.151780656E+00-0.146222851E+00
-0.140640958E+00-0.135038457E+00-0.129418801E+00-0.123785373E+00-0.118141497E+00
-0.112490460E+00-0.106835529E+00-0.101179967E+00-0.955270338E-01-0.898799960E-01
-0.842421256E-01-0.786167031E-01-0.730070228E-01-0.674164005E-01-0.618481885E-01
-0.563057984E-01-0.507927349E-01-0.453126430E-01-0.398693720E-01-0.344670592E-01
-0.291102375E-01-0.238039687E-01-0.185540060E-01-0.133669874E-01-0.825065598E-02
-0.321410238E-02 0.173198624E-02 0.657509733E-02 0.113007248E-01 0.158923176E-01
 0.203314103E-01 0.245979905E-01 0.286711275E-01 0.325298289E-01-0.739215704E-01
-0.763035590E-01-0.789087227E-01-0.817468786E-01-0.847801432E-01-0.879198150E-01
-0.911152717E-01-0.943525791E-01-0.976265542E-01-0.100934424E+00-0.104274381E+00
-0.107645104E+00-0.111045544E+00-0.114474827E+00-0.117932201E+00-0.121416997E+00
-0.124928619E+00-0.128466522E+00-0.132030211E+00-0.135619229E+00-0.139233154E+00
-0.142871597E+00-0.146534192E+00-0.150220596E+00-0.153930487E+00-0.157663563E+00
-0.161419562E+00-0.165198323E+00-0.168999969E+00-0.172825411E+00-0.176671840E+00
-0.180496043E+00-0.184266722E+00-0.187975585E+00-0.191628160E+00-0.195231306E+00
-0.198788645E+00-0.202301010E+00-0.205764062E+00-0.209166141E+00-0.212494465E+00
-0.215735252E+00-0.218874178E+00-0.221896869E+00-0.224789364E+00-0.227538535E+00
-0.230132404E+00-0.232560376E+00-0.234813378E+00-0.236883897E+00-0.238765944E+00
-0.240454940E+00-0.241947556E+00-0.243241521E+00-0.244335412E+00-0.245228458E+00
-0.245920358E+00-0.246411144E+00-0.246701076E+00-0.246790564E+00-0.246680123E+00
-0.246370338E+00-0.245861862E+00-0.245155421E+00-0.244251845E+00-0.243152115E+00
-0.241857430E+00-0.240369303E+00-0.238689679E+00-0.236821066E+00-0.234766651E+00
-0.232530414E+00-0.230117221E+00-0.227532890E+00-0.224784199E+00-0.221878846E+00
-0.218825327E+00-0.215632732E+00-0.212310416E+00-0.208867513E+00-0.205312240E+00
-0.201650513E+00-0.197884704E+00-0.194002593E+00-0.189973666E+00-0.185734546E+00
-0.181186969E+00-0.176276603E+00-0.171107147E+00-0.165814759E+00-0.160486414E+00
-0.155123759E+00-0.149728617E+00-0.144303058E+00-0.138849830E+00-0.133372189E+00
-0.127873695E+00-0.122358086E+00-0.116829202E+00-0.111290961E+00-0.105747343E+00
-0.100202388E+00-0.946601933E-01-0.891249147E-01-0.836007631E-01-0.780920027E-01
-0.726029485E-01-0.671379654E-01-0.617014701E-01-0.562979374E-01-0.509319128E-01
-0.456080332E-01-0.403310579E-01-0.351059123E-01-0.299377452E-01-0.248320021E-01
-0.197945145E-01-0.148316059E-01-0.995020966E-02-0.515799693E-02-0.463503023E-03
 0.412375937E-02 0.859321923E-02 0.129332218E-01 0.171310844E-01 0.211732574E-01
 0.250456057E-01 0.287338103E-01 0.322238693E-01-0.751785686E-01-0.776247819E-01
-0.802225685E-01-0.829747076E-01-0.858743484E-01-0.888643542E-01-0.919221982E-01
-0.950356386E-01-0.981958277E-01-0.101396788E+00-0.104634347E+00-0.107905447E+00
-0.111207743E+00-0.114539357E+00-0.117898739E+00-0.121284573E+00-0.124695717E+00
-0.128131166E+00-0.131590021E+00-0.135071468E+00-0.138574768E+00-0.142099238E+00
-0.145644249E+00-0.149209210E+00-0.152793564E+00-0.156396778E+00-0.160018323E+00
-0.163657646E+00-0.167314074E+00-0.170986543E+00-0.174684796E+00-0.178374893E+00
-0.182017262E+00-0.185590353E+00-0.189092674E+00-0.192531050E+00-0.195911374E+00
-0.199236235E+00-0.202505789E+00-0.205714879E+00-0.208852355E+00-0.211906322E+00
-0.214864133E+00-0.217712819E+00-0.220439478E+00-0.223031664E+00-0.225477705E+00
-0.227766959E+00-0.229889980E+00-0.231838618E+00-0.233606038E+00-0.235186683E+00
-0.236576180E+00-0.237771221E+00-0.238769412E+00-0.239569121E+00-0.240169336E+00
-0.240569530E+00-0.240769561E+00-0.240769586E+00-0.240570006E+00-0.240171440E+00
-0.239574717E+00-0.238780893E+00-0.237791296E+00-0.236607575E+00-0.235231778E+00
-0.233666432E+00-0.231914637E+00-0.229980144E+00-0.227867434E+00-0.225581762E+00
-0.223129178E+00-0.220516501E+00-0.217751231E+00-0.214841400E+00-0.211795307E+00
-0.208621138E+00-0.205326402E+00-0.201916776E+00-0.198395513E+00-0.194754217E+00
-0.190970116E+00-0.186995497E+00-0.182748897E+00-0.178155291E+00-0.173258808E+00
-0.168188435E+00-0.163073769E+00-0.157903803E+00-0.152686470E+00-0.147427268E+00
-0.142130568E+00-0.136800295E+00-0.131440309E+00-0.126054572E+00-0.120647196E+00
-0.115222444E+00-0.109784728E+00-0.104338600E+00-0.988887467E-01-0.934399830E-01
-0.879972480E-01-0.825655983E-01-0.771501997E-01-0.717563176E-01-0.663893057E-01
-0.610545947E-01-0.557576819E-01-0.505041225E-01-0.452995252E-01-0.401495523E-01
-0.350599277E-01-0.300364531E-01-0.250850340E-01-0.202117158E-01-0.154227310E-01
-0.107245543E-01-0.612396456E-02-0.162810750E-02 0.275544660E-02 0.701866023E-02
 0.111530116E-01 0.151495155E-01 0.189987937E-01 0.226912044E-01 0.262170339E-01
 0.295667479E-01 0.327312901E-01-0.762424835E-01-0.787050902E-01-0.812894954E-01
-0.839985835E-01-0.868243290E-01-0.897300709E-01-0.926961587E-01-0.957152915E-01
-0.987812714E-01-0.101888890E+00-0.105033887E+00-0.108212788E+00-0.111422731E+00
-0.114661322E+00-0.117926524E+00-0.121216578E+00-0.124529940E+00-0.127865240E+00
-0.131221249E+00-0.134596853E+00-0.137991037E+00-0.141402864E+00-0.144831472E+00
-0.148276053E+00-0.151735854E+00-0.155210161E+00-0.158698304E+00-0.162199662E+00
-0.165713703E+00-0.169240117E+00-0.172779212E+00-0.176326030E+00-0.179838390E+00
-0.183282584E+00-0.186645145E+00-0.189928396E+00-0.193139154E+00-0.196282305E+00
-0.199359597E+00-0.202370630E+00-0.205310253E+00-0.208168091E+00-0.210933222E+00
-0.213594178E+00-0.216139339E+00-0.218557236E+00-0.220836855E+00-0.222967892E+00
-0.224940946E+00-0.226747648E+00-0.228380726E+00-0.229834022E+00-0.231102458E+00
-0.232181968E+00-0.233069405E+00-0.233762437E+00-0.234259439E+00-0.234559396E+00
-0.234661813E+00-0.234566650E+00-0.234274272E+00-0.233785423E+00-0.233101224E+00
-0.232223185E+00-0.231153236E+00-0.229893774E+00-0.228447708E+00-0.226818517E+00
-0.225010293E+00-0.223027777E+00-0.220876367E+00-0.218562097E+00-0.216091573E+00
-0.213471847E+00-0.210710209E+00-0.207813900E+00-0.204789562E+00-0.201642475E+00
-0.198375901E+00-0.194983130E+00-0.191446206E+00-0.187727420E+00-0.183759614E+00
-0.179465186E+00-0.174840950E+00-0.169994056E+00-0.165099424E+00-0.160137267E+00
-0.155116019E+00-0.150039981E+00-0.144913944E+00-0.139742589E+00-0.134530411E+00
-0.129281805E+00-0.124001174E+00-0.118693016E+00-0.113361971E+00-0.108012858E+00
-0.102650686E+00-0.972806629E-01-0.919082006E-01-0.865389094E-01-0.811785938E-01
-0.758332418E-01-0.705090103E-01-0.652122061E-01-0.599492634E-01-0.547267181E-01
-0.495511794E-01-0.444293015E-01-0.393677553E-01-0.343732031E-01-0.294522771E-01
-0.246115643E-01-0.198575981E-01-0.151968588E-01-0.106357812E-01-0.618077050E-02
-0.183822328E-02 0.238544977E-02 0.648380315E-02 0.104503442E-01 0.142785354E-01
 0.179618175E-01 0.214936603E-01 0.248676440E-01 0.280775733E-01 0.311176211E-01
 0.339824972E-01-0.771904630E-01-0.796535407E-01-0.822238412E-01-0.849030402E-01
-0.876866870E-01-0.905362027E-01-0.934367054E-01-0.963840795E-01-0.993741790E-01
-0.102403074E+00-0.105467181E+00-0.108563297E+00-0.111688589E+00-0.114840547E+00
-0.118016945E+00-0.121215793E+00-0.124435305E+00-0.127673867E+00-0.130930010E+00
-0.134202389E+00-0.137489770E+00-0.140791012E+00-0.144105055E+00-0.147430910E+00
-0.150767649E+00-0.154114393E+00-0.157470300E+00-0.160834544E+00-0.164206276E+00
-0.167584532E+00-0.170967983E+00-0.174364499E+00-0.177742033E+00-0.181060564E+00
-0.184293811E+00-0.187434561E+00-0.190487101E+00-0.193457779E+00-0.196350618E+00
-0.199166731E+00-0.201905295E+00-0.204561806E+00-0.207126992E+00-0.209590881E+00
-0.211943224E+00-0.214173731E+00-0.216272316E+00-0.218229335E+00-0.220035791E+00
-0.221683474E+00-0.223165066E+00-0.224474190E+00-0.225605426E+00-0.226554284E+00
-0.227317165E+00-0.227891294E+00-0.228274657E+00-0.228465929E+00-0.228464414E+00
-0.228269996E+00-0.227883099E+00-0.227304665E+00-0.226536146E+00-0.225579508E+00
-0.224437244E+00-0.223112392E+00-0.221608552E+00-0.219929898E+00-0.218081165E+00
-0.216067631E+00-0.213895050E+00-0.211569528E+00-0.209097372E+00-0.206484844E+00
-0.203737500E+00-0.200860325E+00-0.197855433E+00-0.194716350E+00-0.191428037E+00
-0.187959134E+00-0.184254194E+00-0.180245203E+00-0.175915286E+00-0.171350423E+00
-0.166648485E+00-0.161885704E+00-0.157062462E+00-0.152177937E+00-0.147234327E+00
-0.142234814E+00-0.137183181E+00-0.132083543E+00-0.126940214E+00-0.121757671E+00
-0.116540563E+00-0.111293733E+00-0.106022247E+00-0.100731421E+00-0.954268364E-01
-0.901143515E-01-0.848001114E-01-0.794905459E-01-0.741923634E-01-0.689125371E-01
-0.636582835E-01-0.584370331E-01-0.532563939E-01-0.481241072E-01-0.430479977E-01
-0.380359183E-01-0.330956934E-01-0.282350600E-01-0.234616122E-01-0.187827490E-01
-0.142056291E-01-0.973713419E-02-0.538384148E-02-0.115200617E-02 0.295244672E-02
 0.692392309E-02 0.107571556E-01 0.144471981E-01 0.179894231E-01 0.213795257E-01
 0.246135390E-01 0.276878627E-01 0.305993074E-01 0.333451545E-01 0.359232279E-01
-0.780760749E-01-0.805345575E-01-0.830915859E-01-0.857473702E-01-0.885030341E-01
-0.913106044E-01-0.941609526E-01-0.970517247E-01-0.999799376E-01-0.102942567E+00
-0.105936663E+00-0.108959422E+00-0.112008219E+00-0.115080617E+00-0.118174369E+00
-0.121287400E+00-0.124417801E+00-0.127563809E+00-0.130723794E+00-0.133896248E+00
-0.137079772E+00-0.140273064E+00-0.143474914E+00-0.146684189E+00-0.149899829E+00
-0.153120835E+00-0.156346267E+00-0.159575231E+00-0.162806889E+00-0.166040490E+00
-0.169275483E+00-0.172511882E+00-0.175744747E+00-0.178934229E+00-0.182044478E+00
-0.185055638E+00-0.187964399E+00-0.190775724E+00-0.193495308E+00-0.196126484E+00
-0.198669941E+00-0.201124511E+00-0.203486656E+00-0.205748778E+00-0.207901740E+00
-0.209936592E+00-0.211844326E+00-0.213616216E+00-0.215243958E+00-0.216719833E+00
-0.218036824E+00-0.219188696E+00-0.220170037E+00-0.220976276E+00-0.221603676E+00
-0.222049309E+00-0.222311017E+00-0.222387379E+00-0.222277666E+00-0.221981810E+00
-0.221500369E+00-0.220834511E+00-0.219985988E+00-0.218957130E+00-0.217750831E+00
-0.216370539E+00-0.214820231E+00-0.213104360E+00-0.211227780E+00-0.209195670E+00
-0.207013384E+00-0.204686001E+00-0.202218193E+00-0.199614287E+00-0.196873910E+00
-0.193990420E+00-0.190949917E+00-0.187724182E+00-0.184265198E+00-0.180514762E+00
-0.176454022E+00-0.172150480E+00-0.167692992E+00-0.163165358E+00-0.158557876E+00
-0.153877197E+00-0.149127599E+00-0.144312289E+00-0.139434481E+00-0.134497622E+00
-0.129505445E+00-0.124461964E+00-0.119371453E+00-0.114238443E+00-0.109067738E+00
-0.103864433E+00-0.986339349E-01-0.933819941E-01-0.881147212E-01-0.828386067E-01
-0.775605315E-01-0.722877709E-01-0.670279891E-01-0.617892229E-01-0.565798545E-01
-0.514085713E-01-0.462843128E-01-0.412162051E-01-0.362134832E-01-0.312854035E-01
-0.264411487E-01-0.216897285E-01-0.170398795E-01-0.124999690E-01-0.807790606E-02
-0.378106339E-02 0.383786622E-03 0.441051996E-02 0.829369223E-02 0.120285532E-01
 0.156110463E-01 0.190377946E-01 0.223060781E-01 0.254138038E-01 0.283594751E-01
 0.311421615E-01 0.337614749E-01 0.362175522E-01 0.385110468E-01-0.789452482E-01
-0.814012703E-01-0.839468133E-01-0.865834540E-01-0.893050164E-01-0.920783314E-01
-0.948887064E-01-0.977335527E-01-0.100610468E+00-0.103516949E+00-0.106450466E+00
-0.109408518E+00-0.112388678E+00-0.115388616E+00-0.118406118E+00-0.121439089E+00
-0.124485555E+00-0.127543665E+00-0.130611682E+00-0.133687981E+00-0.136771041E+00
-0.139859441E+00-0.142951853E+00-0.146047035E+00-0.149143828E+00-0.152241144E+00
-0.155337962E+00-0.158433311E+00-0.161526256E+00-0.164615851E+00-0.167701049E+00
-0.170780460E+00-0.173861308E+00-0.176915106E+00-0.179902626E+00-0.182793545E+00
-0.185573518E+00-0.188241641E+00-0.190802910E+00-0.193262387E+00-0.195622925E+00
-0.197885010E+00-0.200047238E+00-0.202106897E+00-0.204058475E+00-0.205894240E+00
-0.207606243E+00-0.209186885E+00-0.210628748E+00-0.211924858E+00-0.213068796E+00
-0.214054775E+00-0.214877702E+00-0.215533227E+00-0.216017764E+00-0.216328490E+00
-0.216463337E+00-0.216420971E+00-0.216200768E+00-0.215802795E+00-0.215227777E+00
-0.214477073E+00-0.213552635E+00-0.212456964E+00-0.211193076E+00-0.209764467E+00
-0.208175062E+00-0.206429029E+00-0.204530444E+00-0.202483447E+00-0.200292293E+00
-0.197958650E+00-0.195479769E+00-0.192849028E+00-0.190052127E+00-0.187062097E+00
-0.183836071E+00-0.180326024E+00-0.176519452E+00-0.172474293E+00-0.168267394E+00
-0.163983300E+00-0.159609771E+00-0.155152703E+00-0.150615044E+00-0.146000382E+00
-0.141312248E+00-0.136554045E+00-0.131729185E+00-0.126841199E+00-0.121893815E+00
-0.116891003E+00-0.111837007E+00-0.106736379E+00-0.101594008E+00-0.964151542E-01
-0.912054857E-01-0.859711113E-01-0.807186142E-01-0.754550799E-01-0.701881171E-01
-0.649258700E-01-0.596770187E-01-0.544507653E-01-0.492568032E-01-0.441052677E-01
-0.390066658E-01-0.339717855E-01-0.290115844E-01-0.241370600E-01-0.193591055E-01
-0.146883549E-01-0.101350255E-01-0.570876210E-02-0.141849164E-02 0.272770614E-02
 0.672270638E-02 0.105604208E-01 0.142358508E-01 0.177451105E-01 0.210854207E-01
 0.242550753E-01 0.272533834E-01 0.300805921E-01 0.327377945E-01 0.352268304E-01
 0.375501842E-01 0.397108873E-01 0.417124294E-01-0.798018844E-01-0.822535465E-01
-0.847897582E-01-0.874114249E-01-0.901138240E-01-0.928607675E-01-0.956388562E-01
-0.984460188E-01-0.101280114E+00-0.104138888E+00-0.107020026E+00-0.109921197E+00
-0.112840090E+00-0.115774442E+00-0.118722060E+00-0.121680832E+00-0.124648743E+00
-0.127623873E+00-0.130604404E+00-0.133588620E+00-0.136574906E+00-0.139561747E+00
-0.142547725E+00-0.145531517E+00-0.148511892E+00-0.151487709E+00-0.154457909E+00
-0.157421521E+00-0.160377651E+00-0.163325494E+00-0.166264350E+00-0.169193706E+00
-0.172113477E+00-0.175019533E+00-0.177876943E+00-0.180649497E+00-0.183311687E+00
-0.185852897E+00-0.188273362E+00-0.190577718E+00-0.192770467E+00-0.194854186E+00
-0.196829376E+00-0.198694712E+00-0.200447785E+00-0.202084938E+00-0.203600731E+00
-0.204988653E+00-0.206242127E+00-0.207355133E+00-0.208322098E+00-0.209137906E+00
-0.209798007E+00-0.210298507E+00-0.210636200E+00-0.210808577E+00-0.210813828E+00
-0.210650833E+00-0.210319146E+00-0.209818982E+00-0.209151198E+00-0.208317249E+00
-0.207319111E+00-0.206159144E+00-0.204839961E+00-0.203364494E+00-0.201736225E+00
-0.199958336E+00-0.198032227E+00-0.195956780E+00-0.193728727E+00-0.191340361E+00
-0.188776193E+00-0.186009561E+00-0.183002151E+00-0.179717332E+00-0.176153642E+00
-0.172364794E+00-0.168414798E+00-0.164380518E+00-0.160249355E+00-0.156026785E+00
-0.151714973E+00-0.147316793E+00-0.142835120E+00-0.138272932E+00-0.133633278E+00
-0.128919266E+00-0.124134102E+00-0.119281142E+00-0.114363946E+00-0.109386323E+00
-0.104352388E+00-0.992666015E-01-0.941338233E-01-0.889593611E-01-0.837490226E-01
-0.785091676E-01-0.732467579E-01-0.679694040E-01-0.626854050E-01-0.574037779E-01
-0.521342731E-01-0.468873713E-01-0.416742575E-01-0.365067670E-01-0.313973011E-01
-0.263587080E-01-0.214041310E-01-0.165468232E-01-0.117999360E-01-0.717628776E-02
-0.268812238E-02 0.165312934E-02 0.583707516E-02 0.985456172E-02 0.136978406E-01
 0.173606927E-01 0.208385067E-01 0.241283084E-01 0.272287414E-01 0.301400016E-01
 0.328637279E-01 0.354028564E-01 0.377614470E-01 0.399444895E-01 0.419577041E-01
 0.438073440E-01 0.455000138E-01-0.806676420E-01-0.831155033E-01-0.856453281E-01
-0.882560269E-01-0.909497021E-01-0.936764025E-01-0.964287441E-01-0.992052639E-01
-0.102003881E+00-0.104822404E+00-0.107658575E+00-0.110510107E+00-0.113374710E+00
-0.116250123E+00-0.119134131E+00-0.122024585E+00-0.124919410E+00-0.127816620E+00
-0.130714321E+00-0.133610713E+00-0.136504100E+00-0.139392885E+00-0.142275574E+00
-0.145150778E+00-0.148017209E+00-0.150873687E+00-0.153719135E+00-0.156552583E+00
-0.159373171E+00-0.162180157E+00-0.164972921E+00-0.167750977E+00-0.170513973E+00
-0.173261606E+00-0.175977974E+00-0.178626249E+00-0.181174082E+00-0.183600362E+00
-0.185896984E+00-0.188064600E+00-0.190107350E+00-0.192029288E+00-0.193832922E+00
-0.195518977E+00-0.197086643E+00-0.198533821E+00-0.199857711E+00-0.201054828E+00
-0.202120897E+00-0.203051208E+00-0.203841045E+00-0.204486003E+00-0.204982193E+00
-0.205326340E+00-0.205515779E+00-0.205548449E+00-0.205422886E+00-0.205138213E+00
-0.204694119E+00-0.204090856E+00-0.203329259E+00-0.202410718E+00-0.201337010E+00
-0.200109955E+00-0.198730856E+00-0.197200025E+00-0.195516843E+00-0.193679353E+00
-0.191682545E+00-0.189516584E+00-0.187164646E+00-0.184601042E+00-0.181794073E+00
-0.178720727E+00-0.175392129E+00-0.171858729E+00-0.168170765E+00-0.164391130E+00
-0.160508676E+00-0.156528387E+00-0.152451958E+00-0.148281759E+00-0.144020085E+00
-0.139669305E+00-0.135231850E+00-0.130710220E+00-0.126107003E+00-0.121424884E+00
-0.116666684E+00-0.111835395E+00-0.106934233E+00-0.101966685E+00-0.969365661E-01
-0.918480813E-01-0.867058880E-01-0.815151646E-01-0.762816821E-01-0.710118796E-01
-0.657129406E-01-0.603928672E-01-0.550605512E-01-0.497258342E-01-0.443995544E-01
-0.390935697E-01-0.338207521E-01-0.285949438E-01-0.234308655E-01-0.183439730E-01
-0.133502560E-01-0.846598057E-02-0.370738175E-02 0.909681772E-03 0.537009377E-02
 0.965984662E-02 0.137663864E-01 0.176789176E-01 0.213886527E-01 0.248889947E-01
 0.281756481E-01 0.312466538E-01 0.341023490E-01 0.367452542E-01 0.391798904E-01
 0.414125359E-01 0.434509333E-01 0.453039626E-01 0.469812997E-01 0.484930831E-01
 0.498496066E-01-0.815756686E-01-0.840264730E-01-0.865532576E-01-0.891568444E-01
-0.918308781E-01-0.945415240E-01-0.972742793E-01-0.100026759E+00-0.102796785E+00
-0.105582090E+00-0.108380350E+00-0.111189209E+00-0.114006313E+00-0.116829330E+00
-0.119655973E+00-0.122484014E+00-0.125311297E+00-0.128135752E+00-0.130955398E+00
-0.133768352E+00-0.136572831E+00-0.139367162E+00-0.142149778E+00-0.144919225E+00
-0.147674164E+00-0.150413375E+00-0.153135760E+00-0.155840346E+00-0.158526291E+00
-0.161192889E+00-0.163839570E+00-0.166465895E+00-0.169071533E+00-0.171656203E+00
-0.174218791E+00-0.176730957E+00-0.179158396E+00-0.181472934E+00-0.183657122E+00
-0.185704431E+00-0.187615457E+00-0.189393770E+00-0.191043059E+00-0.192565906E+00
-0.193963445E+00-0.195235535E+00-0.196381011E+00-0.197397885E+00-0.198283632E+00
-0.199035490E+00-0.199650551E+00-0.200125896E+00-0.200458749E+00-0.200646628E+00
-0.200687455E+00-0.200579619E+00-0.200321984E+00-0.199913856E+00-0.199354897E+00
-0.198644993E+00-0.197784126E+00-0.196772238E+00-0.195609085E+00-0.194293862E+00
-0.192824442E+00-0.191196564E+00-0.189402784E+00-0.187430985E+00-0.185262925E+00
-0.182874932E+00-0.180244745E+00-0.177366987E+00-0.174268544E+00-0.170991257E+00
-0.167568815E+00-0.164047103E+00-0.160417675E+00-0.156684998E+00-0.152850610E+00
-0.148916599E+00-0.144884883E+00-0.140757377E+00-0.136535984E+00-0.132222616E+00
-0.127819214E+00-0.123327766E+00-0.118750332E+00-0.114089069E+00-0.109346268E+00
-0.104524396E+00-0.996261407E-01-0.946544739E-01-0.896127089E-01-0.845045736E-01
-0.793342896E-01-0.741066588E-01-0.688271597E-01-0.635020505E-01-0.581384804E-01
-0.527446043E-01-0.473296996E-01-0.419042787E-01-0.364801895E-01-0.310706948E-01
-0.256905167E-01-0.203558316E-01-0.150841978E-01-0.989440015E-02-0.480619883E-02
 0.160023387E-03 0.498370916E-02 0.964465031E-02 0.141235555E-01 0.184026216E-01
 0.224660688E-01 0.263006040E-01 0.298957889E-01 0.332443010E-01 0.363420831E-01
 0.391883822E-01 0.417856805E-01 0.441395185E-01 0.462582123E-01 0.481524711E-01
 0.498349272E-01 0.513196034E-01 0.526213521E-01 0.537553080E-01 0.547363958E-01
-0.825164833E-01-0.849709246E-01-0.874986340E-01-0.900999886E-01-0.927692346E-01
-0.954706757E-01-0.981901860E-01-0.100925319E+00-0.103673691E+00-0.106432842E+00
-0.109200267E+00-0.111973451E+00-0.114749889E+00-0.117527116E+00-0.120302716E+00
-0.123074345E+00-0.125839737E+00-0.128596714E+00-0.131343194E+00-0.134077200E+00
-0.136796857E+00-0.139500406E+00-0.142186204E+00-0.144852727E+00-0.147498578E+00
-0.150122492E+00-0.152723338E+00-0.155300130E+00-0.157852035E+00-0.160378380E+00
-0.162878667E+00-0.165352588E+00-0.167800057E+00-0.170221269E+00-0.172616833E+00
-0.174976131E+00-0.177268508E+00-0.179463191E+00-0.181535840E+00-0.183471759E+00
-0.185265273E+00-0.186916599E+00-0.188428664E+00-0.189804801E+00-0.191047675E+00
-0.192158915E+00-0.193139116E+00-0.193988022E+00-0.194704754E+00-0.195288001E+00
-0.195736181E+00-0.196047583E+00-0.196220484E+00-0.196253255E+00-0.196144412E+00
-0.195892652E+00-0.195496824E+00-0.194955869E+00-0.194268691E+00-0.193433966E+00
-0.192449870E+00-0.191313708E+00-0.190021358E+00-0.188566482E+00-0.186939549E+00
-0.185126998E+00-0.183111541E+00-0.180875490E+00-0.178408560E+00-0.175718370E+00
-0.172833204E+00-0.169783718E+00-0.166638931E+00-0.163380590E+00-0.160007536E+00
-0.156525457E+00-0.152936720E+00-0.149243639E+00-0.145448098E+00-0.141551808E+00
-0.137556341E+00-0.133463184E+00-0.129273763E+00-0.124989469E+00-0.120611685E+00
-0.116141805E+00-0.111581265E+00-0.106931574E+00-0.102194348E+00-0.973713542E-01
-0.924645656E-01-0.874762167E-01-0.824088754E-01-0.772655223E-01-0.720496438E-01
-0.667653381E-01-0.614174353E-01-0.560116343E-01-0.505546548E-01-0.450544047E-01
-0.395201614E-01-0.339627611E-01-0.283947897E-01-0.228307624E-01-0.172872736E-01
-0.117830918E-01-0.633916730E-02-0.978514459E-03 0.427406763E-02 0.939246316E-02
 0.143498998E-01 0.191197718E-01 0.236765609E-01 0.279967679E-01 0.320597641E-01
 0.358484969E-01 0.393500137E-01 0.425558057E-01 0.454619846E-01 0.480693161E-01
 0.503831155E-01 0.524130054E-01 0.541725176E-01 0.556785272E-01 0.569505199E-01
 0.580097230E-01 0.588781669E-01 0.595777678E-01 0.601295267E-01-0.835018803E-01
-0.859614564E-01-0.884950350E-01-0.910996464E-01-0.937778126E-01-0.964770480E-01
-0.991902285E-01-0.101915245E+00-0.104649383E+00-0.107389864E+00-0.110133897E+00
-0.112878711E+00-0.115621582E+00-0.118359849E+00-0.121090929E+00-0.123812325E+00
-0.126521635E+00-0.129216555E+00-0.131894889E+00-0.134554548E+00-0.137193559E+00
-0.139810067E+00-0.142402340E+00-0.144968776E+00-0.147507907E+00-0.150018405E+00
-0.152499091E+00-0.154948941E+00-0.157367101E+00-0.159752893E+00-0.162105835E+00
-0.164425658E+00-0.166712316E+00-0.168965999E+00-0.171187100E+00-0.173377099E+00
-0.175515052E+00-0.177571901E+00-0.179521063E+00-0.181341911E+00-0.183021905E+00
-0.184555813E+00-0.185943288E+00-0.187186500E+00-0.188288356E+00-0.189251490E+00
-0.190077876E+00-0.190768746E+00-0.191324644E+00-0.191745562E+00-0.192031059E+00
-0.192180385E+00-0.192192553E+00-0.192066400E+00-0.191800583E+00-0.191393542E+00
-0.190843400E+00-0.190147776E+00-0.189303529E+00-0.188306375E+00-0.187150424E+00
-0.185827666E+00-0.184327621E+00-0.182637810E+00-0.180745956E+00-0.178644359E+00
-0.176336622E+00-0.173841926E+00-0.171184495E+00-0.168382160E+00-0.165475821E+00
-0.162456267E+00-0.159327682E+00-0.156090056E+00-0.152743982E+00-0.149291036E+00
-0.145732774E+00-0.142070671E+00-0.138306056E+00-0.134440116E+00-0.130473907E+00
-0.126408381E+00-0.122244395E+00-0.117982737E+00-0.113624142E+00-0.109169317E+00
-0.104618967E+00-0.999738200E-01-0.952346678E-01-0.904024040E-01-0.854780758E-01
-0.804629438E-01-0.753585537E-01-0.701668219E-01-0.648901365E-01-0.595314783E-01
-0.540945629E-01-0.485840078E-01-0.430055281E-01-0.373661632E-01-0.316745364E-01
-0.259411476E-01-0.201786958E-01-0.144024215E-01-0.863045095E-02-0.288410731E-02
 0.281186425E-02 0.842923480E-02 0.139364905E-01 0.192993901E-01 0.244819415E-01
 0.294477717E-01 0.341617481E-01 0.385916201E-01 0.427094429E-01 0.464926326E-01
 0.499246283E-01 0.529952279E-01 0.557007066E-01 0.580437982E-01 0.600335753E-01
 0.616852044E-01 0.630195022E-01 0.640621993E-01 0.648428410E-01 0.653933334E-01
 0.657462686E-01 0.659332655E-01 0.659835855E-01-0.845617393E-01-0.870363198E-01
-0.895802637E-01-0.921936343E-01-0.948695501E-01-0.975725866E-01-0.100287396E+00
-0.103010554E+00-0.105738810E+00-0.108468915E+00-0.111197672E+00-0.113921974E+00
-0.116638822E+00-0.119345323E+00-0.122038700E+00-0.124716288E+00-0.127375533E+00
-0.130013995E+00-0.132629350E+00-0.135219393E+00-0.137782038E+00-0.140315325E+00
-0.142817424E+00-0.145286638E+00-0.147721412E+00-0.150120336E+00-0.152482155E+00
-0.154805779E+00-0.157090293E+00-0.159334971E+00-0.161539295E+00-0.163702981E+00
-0.165826010E+00-0.167908681E+00-0.169951709E+00-0.171956420E+00-0.173917016E+00
-0.175811430E+00-0.177613590E+00-0.179300931E+00-0.180856148E+00-0.182268407E+00
-0.183532666E+00-0.184647917E+00-0.185615438E+00-0.186437462E+00-0.187116318E+00
-0.187653968E+00-0.188051827E+00-0.188310720E+00-0.188430901E+00-0.188412068E+00
-0.188253374E+00-0.187953386E+00-0.187510004E+00-0.186920309E+00-0.186180373E+00
-0.185285035E+00-0.184227731E+00-0.183000510E+00-0.181594674E+00-0.180002441E+00
-0.178219447E+00-0.176248612E+00-0.174103085E+00-0.171798476E+00-0.169347090E+00
-0.166793079E+00-0.164123652E+00-0.161337839E+00-0.158440645E+00-0.155433864E+00
-0.152319263E+00-0.149098041E+00-0.145771219E+00-0.142339815E+00-0.138804795E+00
-0.135167026E+00-0.131427254E+00-0.127586090E+00-0.123644008E+00-0.119601352E+00
-0.115458340E+00-0.111215082E+00-0.106871589E+00-0.102427790E+00-0.978835505E-01
-0.932387006E-01-0.884930592E-01-0.836464718E-01-0.786988541E-01-0.736502458E-01
-0.685008777E-01-0.632512534E-01-0.579022511E-01-0.524552475E-01-0.469122712E-01
-0.412761893E-01-0.355509361E-01-0.297417913E-01-0.238557171E-01-0.179017630E-01
-0.118915491E-01-0.583983252E-02 0.234843279E-03 0.630943843E-02 0.123557000E-01
 0.183395590E-01 0.242208541E-01 0.299536955E-01 0.354878035E-01 0.407709682E-01
 0.457523277E-01 0.503857062E-01 0.546321934E-01 0.584615777E-01 0.618527864E-01
 0.647937632E-01 0.672811860E-01 0.693202703E-01 0.709247293E-01 0.721168130E-01
 0.729272129E-01 0.733944884E-01 0.735636280E-01 0.734835224E-01 0.732035784E-01
 0.727702340E-01 0.722242868E-01-0.856780012E-01-0.881693275E-01-0.907299528E-01
-0.933596048E-01-0.960510132E-01-0.987678820E-01-0.101494120E+00-0.104225397E+00
-0.106957611E+00-0.109686834E+00-0.112409365E+00-0.115121729E+00-0.117820644E+00
-0.120502997E+00-0.123165825E+00-0.125806299E+00-0.128421720E+00-0.131009510E+00
-0.133567218E+00-0.136092514E+00-0.138583194E+00-0.141037184E+00-0.143452543E+00
-0.145827466E+00-0.148160291E+00-0.150449506E+00-0.152693754E+00-0.154891842E+00
-0.157042752E+00-0.159145651E+00-0.161199908E+00-0.163205111E+00-0.165161087E+00
-0.167067921E+00-0.168925968E+00-0.170735818E+00-0.172500733E+00-0.174206071E+00
-0.175831499E+00-0.177355112E+00-0.178758404E+00-0.180027150E+00-0.181151990E+00
-0.182127951E+00-0.182953287E+00-0.183628214E+00-0.184153912E+00-0.184531804E+00
-0.184763101E+00-0.184848525E+00-0.184788133E+00-0.184581209E+00-0.184226175E+00
-0.183720529E+00-0.183060787E+00-0.182242478E+00-0.181260404E+00-0.180109382E+00
-0.178785493E+00-0.177287444E+00-0.175618379E+00-0.173787957E+00-0.171806858E+00
-0.169682178E+00-0.167454398E+00-0.165111548E+00-0.162652386E+00-0.160081937E+00
-0.157401374E+00-0.154611852E+00-0.151715082E+00-0.148712532E+00-0.145605462E+00
-0.142394885E+00-0.139081615E+00-0.135666309E+00-0.132149477E+00-0.128531475E+00
-0.124812503E+00-0.120992596E+00-0.117071625E+00-0.113049291E+00-0.108925134E+00
-0.104698533E+00-0.100368713E+00-0.959347560E-01-0.913956070E-01-0.867500921E-01
-0.819969346E-01-0.771347796E-01-0.721622244E-01-0.670778585E-01-0.618803156E-01
-0.565683404E-01-0.511408754E-01-0.455971717E-01-0.399369320E-01-0.341604931E-01
-0.282690596E-01-0.222650014E-01-0.161522336E-01-0.993669968E-02-0.362698892E-02
 0.276487706E-02 0.922244063E-02 0.157235364E-01 0.222387104E-01 0.287293532E-01
 0.351457703E-01 0.414258803E-01 0.474959613E-01 0.532751684E-01 0.586838519E-01
 0.636523749E-01 0.681263113E-01 0.720671514E-01 0.754505194E-01 0.782640010E-01
 0.805056276E-01 0.821832945E-01 0.833150856E-01 0.839303576E-01 0.840712690E-01
 0.837940240E-01 0.831683625E-01 0.822733573E-01 0.811890072E-01 0.799866827E-01
 0.787230877E-01-0.868515679E-01-0.893615539E-01-0.919464077E-01-0.946017769E-01
-0.973282783E-01-0.100071883E+00-0.102822803E+00-0.105575126E+00-0.108323277E+00
-0.111062569E+00-0.113788908E+00-0.116498580E+00-0.119188135E+00-0.121854317E+00
-0.124494032E+00-0.127104321E+00-0.129682358E+00-0.132225440E+00-0.134730989E+00
-0.137196551E+00-0.139619799E+00-0.141998537E+00-0.144330702E+00-0.146614369E+00
-0.148847755E+00-0.151029225E+00-0.153157296E+00-0.155230644E+00-0.157248110E+00
-0.159208710E+00-0.161111643E+00-0.162956307E+00-0.164742309E+00-0.166469494E+00
-0.168137976E+00-0.169748207E+00-0.171301124E+00-0.172793784E+00-0.174211645E+00
-0.175536802E+00-0.176751200E+00-0.177839920E+00-0.178791403E+00-0.179597576E+00
-0.180253460E+00-0.180756446E+00-0.181105440E+00-0.181300129E+00-0.181340414E+00
-0.181226010E+00-0.180956183E+00-0.180529624E+00-0.179944557E+00-0.179199094E+00
-0.178291769E+00-0.177221802E+00-0.175989882E+00-0.174599431E+00-0.173058635E+00
-0.171374911E+00-0.169552322E+00-0.167623397E+00-0.165579373E+00-0.163419756E+00
-0.161149577E+00-0.158770182E+00-0.156282833E+00-0.153689313E+00-0.150991097E+00
-0.148189479E+00-0.145285665E+00-0.142280700E+00-0.139175446E+00-0.135970560E+00
-0.132666495E+00-0.129263509E+00-0.125761663E+00-0.122160823E+00-0.118460657E+00
-0.114660629E+00-0.110759999E+00-0.106757818E+00-0.102652924E+00-0.984439422E-01
-0.941292805E-01-0.897071303E-01-0.851754654E-01-0.805320430E-01-0.757744070E-01
-0.708998939E-01-0.659056439E-01-0.607886175E-01-0.555456213E-01-0.501733449E-01
-0.446684154E-01-0.390274717E-01-0.332472686E-01-0.273248191E-01-0.212575861E-01
-0.150437415E-01-0.868251302E-02-0.217464815E-02 0.447696180E-02 0.112664365E-01
 0.181837434E-01 0.252130597E-01 0.323303948E-01 0.395000231E-01 0.466690235E-01
 0.537592506E-01 0.606584712E-01 0.672221198E-01 0.733029304E-01 0.787891556E-01
 0.836127842E-01 0.877367263E-01 0.911424359E-01 0.938229346E-01 0.957797548E-01
 0.970223199E-01 0.975691014E-01 0.974505307E-01 0.967141430E-01 0.954326323E-01
 0.937136559E-01 0.917011656E-01 0.895483441E-01 0.873745765E-01 0.852512425E-01
-0.880782651E-01-0.906053602E-01-0.932196980E-01-0.959224834E-01-0.986942622E-01
-0.101491235E+00-0.104289202E+00-0.107079732E+00-0.109857677E+00-0.112618839E+00
-0.115359433E+00-0.118075899E+00-0.120764838E+00-0.123422977E+00-0.126047158E+00
-0.128634335E+00-0.131181573E+00-0.133686052E+00-0.136145071E+00-0.138556050E+00
-0.140916534E+00-0.143224199E+00-0.145476851E+00-0.147672436E+00-0.149809039E+00
-0.151884887E+00-0.153898355E+00-0.155847969E+00-0.157732406E+00-0.159550501E+00
-0.161301247E+00-0.162983799E+00-0.164597474E+00-0.166141754E+00-0.167616288E+00
-0.169020883E+00-0.170355491E+00-0.171620132E+00-0.172806882E+00-0.173902403E+00
-0.174891971E+00-0.175761120E+00-0.176497852E+00-0.177092855E+00-0.177539239E+00
-0.177832227E+00-0.177968699E+00-0.177946720E+00-0.177765194E+00-0.177423667E+00
-0.176922218E+00-0.176261224E+00-0.175441814E+00-0.174466853E+00-0.173342780E+00
-0.172075013E+00-0.170667779E+00-0.169124677E+00-0.167469310E+00-0.165697076E+00
-0.163808882E+00-0.161809771E+00-0.159701750E+00-0.157486666E+00-0.155166743E+00
-0.152743834E+00-0.150219559E+00-0.147595410E+00-0.144872693E+00-0.142052523E+00
-0.139135826E+00-0.136123327E+00-0.133015542E+00-0.129812764E+00-0.126515060E+00
-0.123122272E+00-0.119634010E+00-0.116049654E+00-0.112368346E+00-0.108588989E+00
-0.104710238E+00-0.100730496E+00-0.966479059E-01-0.924603377E-01-0.881653829E-01
-0.837603406E-01-0.792422047E-01-0.746076494E-01-0.698530145E-01-0.649742888E-01
-0.599670950E-01-0.548266747E-01-0.495478778E-01-0.441251552E-01-0.385525616E-01
-0.328237699E-01-0.269321046E-01-0.208706021E-01-0.146321075E-01-0.820942256E-02
-0.159552200E-02 0.521613786E-02 0.122311875E-01 0.194537454E-01 0.268855855E-01
 0.345249576E-01 0.423648398E-01 0.503901424E-01 0.585726178E-01 0.668595105E-01
 0.751375724E-01 0.830773374E-01 0.902113329E-01 0.964175094E-01 0.101691123E+00
 0.106040513E+00 0.109474603E+00 0.112001235E+00 0.113627178E+00 0.114359167E+00
 0.114206226E+00 0.113183170E+00 0.111315710E+00 0.108650736E+00 0.105287659E+00
 0.101519539E+00 0.978665675E-01 0.944973008E-01 0.914086706E-01-0.893463349E-01
-0.918677924E-01-0.945168080E-01-0.972943479E-01-0.100176545E+00-0.103063126E+00
-0.105927719E+00-0.108770483E+00-0.111589872E+00-0.114383299E+00-0.117147741E+00
-0.119879999E+00-0.122576813E+00-0.125234933E+00-0.127851155E+00-0.130422346E+00
-0.132945460E+00-0.135417555E+00-0.137835799E+00-0.140197479E+00-0.142500004E+00
-0.144740915E+00-0.146917884E+00-0.149028718E+00-0.151071363E+00-0.153043905E+00
-0.154944570E+00-0.156771726E+00-0.158523885E+00-0.160199693E+00-0.161797934E+00
-0.163317517E+00-0.164757470E+00-0.166116916E+00-0.167395057E+00-0.168591126E+00
-0.169704339E+00-0.170733809E+00-0.171677298E+00-0.172524133E+00-0.173262865E+00
-0.173882036E+00-0.174370941E+00-0.174720437E+00-0.174923402E+00-0.174974740E+00
-0.174871186E+00-0.174610964E+00-0.174193840E+00-0.173621465E+00-0.172897994E+00
-0.172026394E+00-0.171009385E+00-0.169849462E+00-0.168570043E+00-0.167167806E+00
-0.165643512E+00-0.164000345E+00-0.162243750E+00-0.160376802E+00-0.158402298E+00
-0.156323193E+00-0.154142039E+00-0.151861106E+00-0.149482477E+00-0.147008000E+00
-0.144439286E+00-0.141777722E+00-0.139024462E+00-0.136180427E+00-0.133246297E+00
-0.130222514E+00-0.127109267E+00-0.123906497E+00-0.120613886E+00-0.117230860E+00
-0.113756581E+00-0.110189950E+00-0.106529594E+00-0.102773867E+00-0.989208402E-01
-0.949682885E-01-0.909136826E-01-0.867541714E-01-0.824865638E-01-0.781073066E-01
-0.736124583E-01-0.689976587E-01-0.642580936E-01-0.593884539E-01-0.543828905E-01
-0.492349628E-01-0.439375826E-01-0.384829533E-01-0.328625055E-01-0.270668316E-01
-0.210856216E-01-0.149076059E-01-0.852051015E-02-0.191103190E-02 0.493515172E-02
 0.120333346E-01 0.193996829E-01 0.270510893E-01 0.350050062E-01 0.432793337E-01
 0.518925511E-01 0.608645501E-01 0.702193748E-01 0.799934725E-01 0.902519310E-01
 0.100006667E+00 0.108260639E+00 0.115174760E+00 0.120761703E+00 0.125213450E+00
 0.128625960E+00 0.131011696E+00 0.132305829E+00 0.132397567E+00 0.131409350E+00
 0.129382888E+00 0.126286399E+00 0.122003464E+00 0.116352206E+00 0.110199702E+00
 0.105031271E+00 0.100555076E+00 0.966037769E-01-0.908338314E-01-0.933870589E-01
-0.960831182E-01-0.989231951E-01-0.101900507E+00-0.104858286E+00-0.107786827E+00
-0.110685773E+00-0.113553222E+00-0.116386639E+00-0.119183075E+00-0.121939340E+00
-0.124652126E+00-0.127318085E+00-0.129933889E+00-0.132496266E+00-0.135002023E+00
-0.137448067E+00-0.139831418E+00-0.142149215E+00-0.144398725E+00-0.146577345E+00
-0.148682606E+00-0.150712176E+00-0.152663862E+00-0.154535606E+00-0.156325491E+00
-0.158031737E+00-0.159652696E+00-0.161186851E+00-0.162632803E+00-0.163989261E+00
-0.165255022E+00-0.166428947E+00-0.167509919E+00-0.168496800E+00-0.169388358E+00
-0.170183192E+00-0.170879622E+00-0.171471615E+00-0.171949876E+00-0.172305502E+00
-0.172530366E+00-0.172617556E+00-0.172561774E+00-0.172359675E+00-0.172010315E+00
-0.171513160E+00-0.170868506E+00-0.170077101E+00-0.169156470E+00-0.168105123E+00
-0.166924504E+00-0.165618115E+00-0.164191749E+00-0.162649004E+00-0.160993127E+00
-0.159227562E+00-0.157355956E+00-0.155381653E+00-0.153307748E+00-0.151137124E+00
-0.148872410E+00-0.146515969E+00-0.144069902E+00-0.141536044E+00-0.138915956E+00
-0.136210926E+00-0.133421963E+00-0.130549797E+00-0.127594875E+00-0.124557359E+00
-0.121437127E+00-0.118233766E+00-0.114946579E+00-0.111574577E+00-0.108116482E+00
-0.104570721E+00-0.100935424E+00-0.972084155E-01-0.933872090E-01-0.894689912E-01
-0.854506079E-01-0.813285433E-01-0.770988945E-01-0.727573407E-01-0.682991046E-01
-0.637189074E-01-0.590109143E-01-0.541686703E-01-0.491850248E-01-0.440520427E-01
-0.387609020E-01-0.333017744E-01-0.276636879E-01-0.218343704E-01-0.158000726E-01
-0.954537061E-02-0.305294943E-02 0.369662854E-02 0.107251646E-01 0.180570672E-01
 0.257195933E-01 0.337430953E-01 0.421613152E-01 0.510118343E-01 0.603369139E-01
 0.701851580E-01 0.806146615E-01 0.916987430E-01 0.103136125E+00 0.113074793E+00
 0.121577605E+00 0.128739563E+00 0.134501868E+00 0.138887124E+00 0.142084193E+00
 0.144131198E+00 0.145017138E+00 0.144577119E+00 0.142756476E+00 0.139669921E+00
 0.135282765E+00 0.129506190E+00 0.122198586E+00 0.115582976E+00 0.109812272E+00
 0.104750432E+00 0.100276471E+00-0.925819920E-01-0.951930843E-01-0.979504813E-01
-0.100854588E+00-0.103882106E+00-0.106906009E+00-0.109898761E+00-0.112857307E+00
-0.115778455E+00-0.118658850E+00-0.121494994E+00-0.124283295E+00-0.127020119E+00
-0.129701843E+00-0.132324894E+00-0.134885778E+00-0.137381100E+00-0.139807582E+00
-0.142162072E+00-0.144441547E+00-0.146643122E+00-0.148764046E+00-0.150801710E+00
-0.152753643E+00-0.154617513E+00-0.156391129E+00-0.158072437E+00-0.159659523E+00
-0.161150607E+00-0.162544038E+00-0.163838285E+00-0.165031925E+00-0.166123621E+00
-0.167112097E+00-0.167996097E+00-0.168774337E+00-0.169445432E+00-0.170007812E+00
-0.170459592E+00-0.170798408E+00-0.171016742E+00-0.171108827E+00-0.171069439E+00
-0.170894225E+00-0.170579850E+00-0.170123853E+00-0.169534644E+00-0.168810775E+00
-0.167952912E+00-0.166963504E+00-0.165847128E+00-0.164607125E+00-0.163246843E+00
-0.161770010E+00-0.160180710E+00-0.158482866E+00-0.156680262E+00-0.154776604E+00
-0.152775503E+00-0.150680395E+00-0.148494503E+00-0.146220809E+00-0.143862030E+00
-0.141420597E+00-0.138898647E+00-0.136298007E+00-0.133620189E+00-0.130866381E+00
-0.128037450E+00-0.125133931E+00-0.122156035E+00-0.119103644E+00-0.115976317E+00
-0.112773287E+00-0.109493470E+00-0.106135461E+00-0.102697542E+00-0.991776752E-01
-0.955735061E-01-0.918823562E-01-0.881012156E-01-0.842267307E-01-0.802551863E-01
-0.761824831E-01-0.720041079E-01-0.677150962E-01-0.633099853E-01-0.587827582E-01
-0.541267736E-01-0.493346834E-01-0.443983319E-01-0.393086361E-01-0.340554419E-01
-0.286273524E-01-0.230115233E-01-0.171934186E-01-0.111565210E-01-0.488198941E-02
 0.165174101E-02 0.846942063E-02 0.155995046E-01 0.230747162E-01 0.309326249E-01
 0.392161878E-01 0.479741935E-01 0.572615502E-01 0.671394172E-01 0.776752615E-01
 0.889429685E-01 0.100985890E+00 0.112281094E+00 0.122022400E+00 0.130245250E+00
 0.137118249E+00 0.142709932E+00 0.147029301E+00 0.149992750E+00 0.151572332E+00
 0.151863005E+00 0.150852071E+00 0.148467435E+00 0.144544454E+00 0.138987445E+00
 0.131840518E+00 0.124430849E+00 0.117852577E+00 0.112008738E+00 0.106808524E+00
 0.102166267E+00-0.945335970E-01-0.972195727E-01-0.100051519E+00-0.103030170E+00
-0.106123477E+00-0.109220299E+00-0.112284055E+00-0.115309488E+00-0.118292239E+00
-0.121228006E+00-0.124112529E+00-0.126941601E+00-0.129711090E+00-0.132416961E+00
-0.135055299E+00-0.137622320E+00-0.140114384E+00-0.142528002E+00-0.144859835E+00
-0.147106694E+00-0.149265540E+00-0.151333480E+00-0.153307767E+00-0.155185795E+00
-0.156965100E+00-0.158643362E+00-0.160218403E+00-0.161688189E+00-0.163050829E+00
-0.164304575E+00-0.165447814E+00-0.166479062E+00-0.167396948E+00-0.168200194E+00
-0.168887584E+00-0.169457927E+00-0.169910000E+00-0.170242486E+00-0.170453890E+00
-0.170542444E+00-0.170502687E+00-0.170334701E+00-0.170035972E+00-0.169604766E+00
-0.169040298E+00-0.168342963E+00-0.167514817E+00-0.166557705E+00-0.165473927E+00
-0.164266443E+00-0.162938816E+00-0.161494803E+00-0.159938316E+00-0.158273427E+00
-0.156504314E+00-0.154635152E+00-0.152670048E+00-0.150613008E+00-0.148467886E+00
-0.146238347E+00-0.143927819E+00-0.141539463E+00-0.139076140E+00-0.136540390E+00
-0.133934409E+00-0.131260034E+00-0.128518736E+00-0.125711610E+00-0.122839372E+00
-0.119902358E+00-0.116900527E+00-0.113833468E+00-0.110700400E+00-0.107500185E+00
-0.104231335E+00-0.100892017E+00-0.974800608E-01-0.939929659E-01-0.904279011E-01
-0.867817053E-01-0.830508817E-01-0.792315884E-01-0.753196222E-01-0.713103961E-01
-0.671989090E-01-0.629797059E-01-0.586468278E-01-0.541937496E-01-0.496133030E-01
-0.448975827E-01-0.400378319E-01-0.350243031E-01-0.298460890E-01-0.244909161E-01
-0.189448932E-01-0.131922024E-01-0.721472128E-02-0.991557049E-03 0.550152427E-02
 0.122927951E-01 0.194154060E-01 0.269083690E-01 0.348176503E-01 0.431972599E-01
 0.521101010E-01 0.616281794E-01 0.718317002E-01 0.828067920E-01 0.946451612E-01
 0.106596838E+00 0.117206121E+00 0.126477942E+00 0.134245464E+00 0.140649588E+00
 0.145827508E+00 0.149793194E+00 0.152506274E+00 0.153726895E+00 0.153535366E+00
 0.151988387E+00 0.149019282E+00 0.144505298E+00 0.138128118E+00 0.130493208E+00
 0.123600478E+00 0.117403529E+00 0.111830307E+00 0.106812084E+00 0.102284853E+00
-0.966643652E-01-0.994364399E-01-0.102357618E+00-0.105426855E+00-0.108630729E+00
-0.111814953E+00-0.114961191E+00-0.118064613E+00-0.121119844E+00-0.124121649E+00
-0.127064954E+00-0.129944860E+00-0.132756657E+00-0.135495831E+00-0.138158078E+00
-0.140739297E+00-0.143235594E+00-0.145643270E+00-0.147958810E+00-0.150178876E+00
-0.152300293E+00-0.154320037E+00-0.156235236E+00-0.158043156E+00-0.159741208E+00
-0.161326944E+00-0.162798063E+00-0.164152417E+00-0.165388016E+00-0.166503034E+00
-0.167495811E+00-0.168364854E+00-0.169108834E+00-0.169726579E+00-0.170217053E+00
-0.170579342E+00-0.170812616E+00-0.170916096E+00-0.170889006E+00-0.170730511E+00
-0.170439640E+00-0.170016094E+00-0.169459771E+00-0.168771013E+00-0.167950762E+00
-0.167000651E+00-0.165923001E+00-0.164720605E+00-0.163396696E+00-0.161954939E+00
-0.160399364E+00-0.158734262E+00-0.156964111E+00-0.155093509E+00-0.153127111E+00
-0.151069560E+00-0.148925428E+00-0.146699152E+00-0.144394990E+00-0.142016967E+00
-0.139568834E+00-0.137054024E+00-0.134475618E+00-0.131836319E+00-0.129138425E+00
-0.126383812E+00-0.123573922E+00-0.120709754E+00-0.117791865E+00-0.114820372E+00
-0.111794957E+00-0.108714878E+00-0.105578984E+00-0.102385724E+00-0.991331705E-01
-0.958190281E-01-0.924406519E-01-0.889950584E-01-0.854789359E-01-0.818886499E-01
-0.782202440E-01-0.744694359E-01-0.706316054E-01-0.667017766E-01-0.626745901E-01
-0.585442666E-01-0.543045586E-01-0.499486903E-01-0.454692813E-01-0.408582538E-01
-0.361067180E-01-0.312048322E-01-0.261416307E-01-0.209048125E-01-0.154804796E-01
-0.985281117E-02-0.400365294E-02 0.208800282E-02 0.844668496E-02 0.151013081E-01
 0.220863018E-01 0.294430915E-01 0.372220214E-01 0.454847658E-01 0.543070459E-01
 0.637808291E-01 0.740139778E-01 0.851245274E-01 0.970798007E-01 0.107967084E+00
 0.117529331E+00 0.125887221E+00 0.133072218E+00 0.139061184E+00 0.143765908E+00
 0.147217877E+00 0.149469128E+00 0.150479154E+00 0.150144576E+00 0.148287638E+00
 0.144848636E+00 0.139780813E+00 0.133021693E+00 0.126288259E+00 0.120184432E+00
 0.114639287E+00 0.109593645E+00 0.104995808E+00 0.100799692E+00-0.990382215E-01
-0.101918915E+00-0.104947822E+00-0.108123175E+00-0.111421022E+00-0.114706400E+00
-0.117950257E+00-0.121146177E+00-0.124287735E+00-0.127368736E+00-0.130383255E+00
-0.133325661E+00-0.136190635E+00-0.138973175E+00-0.141668595E+00-0.144272504E+00
-0.146780792E+00-0.149189598E+00-0.151495285E+00-0.153694412E+00-0.155783709E+00
-0.157760056E+00-0.159620474E+00-0.161362113E+00-0.162982255E+00-0.164478317E+00
-0.165847861E+00-0.167088607E+00-0.168198451E+00-0.169175480E+00-0.170017988E+00
-0.170724491E+00-0.171293739E+00-0.171724716E+00-0.172016654E+00-0.172169019E+00
-0.172181512E+00-0.172054059E+00-0.171786809E+00-0.171380139E+00-0.170834702E+00
-0.170151531E+00-0.169332057E+00-0.168378160E+00-0.167292213E+00-0.166077106E+00
-0.164736228E+00-0.163273413E+00-0.161692899E+00-0.159999272E+00-0.158197412E+00
-0.156292425E+00-0.154289571E+00-0.152194201E+00-0.150011689E+00-0.147747366E+00
-0.145406452E+00-0.142993999E+00-0.140514829E+00-0.137973479E+00-0.135374150E+00
-0.132720659E+00-0.130016400E+00-0.127264309E+00-0.124466837E+00-0.121625928E+00
-0.118743004E+00-0.115818966E+00-0.112854188E+00-0.109848529E+00-0.106801345E+00
-0.103711508E+00-0.100577430E+00-0.973970840E-01-0.941680364E-01-0.908874693E-01
-0.875522085E-01-0.841587461E-01-0.807032610E-01-0.771816343E-01-0.735894588E-01
-0.699220436E-01-0.661744100E-01-0.623412808E-01-0.584170596E-01-0.543958022E-01
-0.502711758E-01-0.460364074E-01-0.416842184E-01-0.372067436E-01-0.325954322E-01
-0.278409268E-01-0.229329151E-01-0.178599491E-01-0.126092211E-01-0.716628422E-02
-0.151469961E-02 0.436441708E-02 0.104929908E-01 0.168967877E-01 0.236065277E-01
 0.306594895E-01 0.381019371E-01 0.459929833E-01 0.544110497E-01 0.634647393E-01
 0.733076983E-01 0.841557707E-01 0.949132762E-01 0.104547234E+00 0.112891789E+00
 0.120212641E+00 0.126565842E+00 0.131951679E+00 0.136266888E+00 0.139273125E+00
 0.141185387E+00 0.141998186E+00 0.141642062E+00 0.139910673E+00 0.136435260E+00
 0.131257395E+00 0.125251927E+00 0.119754996E+00 0.114693197E+00 0.110015948E+00
 0.105687964E+00 0.101680888E+00 0.979696863E-01-0.101628730E+00-0.104639808E+00
-0.107796978E+00-0.111098404E+00-0.114508707E+00-0.117914150E+00-0.121274393E+00
-0.124580702E+00-0.127825467E+00-0.131001429E+00-0.134101731E+00-0.137119970E+00
-0.140050217E+00-0.142887020E+00-0.145625378E+00-0.148260710E+00-0.150788798E+00
-0.153205738E+00-0.155507878E+00-0.157691770E+00-0.159754126E+00-0.161691786E+00
-0.163501695E+00-0.165180892E+00-0.166726516E+00-0.168135818E+00-0.169406175E+00
-0.170535126E+00-0.171520396E+00-0.172359932E+00-0.173051940E+00-0.173594909E+00
-0.173987647E+00-0.174229300E+00-0.174319374E+00-0.174257746E+00-0.174044679E+00
-0.173680821E+00-0.173167220E+00-0.172505332E+00-0.171697038E+00-0.170744670E+00
-0.169651020E+00-0.168419359E+00-0.167053430E+00-0.165557443E+00-0.163936052E+00
-0.162194314E+00-0.160337646E+00-0.158371771E+00-0.156302660E+00-0.154136476E+00
-0.151879499E+00-0.149538067E+00-0.147118502E+00-0.144627043E+00-0.142069776E+00
-0.139452562E+00-0.136780974E+00-0.134060231E+00-0.131295137E+00-0.128490024E+00
-0.125648707E+00-0.122774438E+00-0.119869876E+00-0.116937064E+00-0.113977412E+00
-0.110991699E+00-0.107980074E+00-0.104942074E+00-0.101876650E+00-0.987821936E-01
-0.956565768E-01-0.924971912E-01-0.893009906E-01-0.860645335E-01-0.827840246E-01
-0.794553528E-01-0.760741258E-01-0.726356979E-01-0.691351920E-01-0.655675146E-01
-0.619273627E-01-0.582092218E-01-0.544073568E-01-0.505157923E-01-0.465282849E-01
-0.424382854E-01-0.382388898E-01-0.339227809E-01-0.294821556E-01-0.249086395E-01
-0.201931850E-01-0.153259504E-01-0.102961555E-01-0.509190937E-02 0.299998070E-03
 0.589435200E-02 0.117078316E-01 0.177594184E-01 0.240709365E-01 0.306678014E-01
 0.375801243E-01 0.448444945E-01 0.525072442E-01 0.606317756E-01 0.693229157E-01
 0.785839437E-01 0.872009864E-01 0.951304817E-01 0.102325553E+00 0.108697596E+00
 0.114152407E+00 0.118728490E+00 0.122447858E+00 0.125279799E+00 0.127134849E+00
 0.127909230E+00 0.127622323E+00 0.126255134E+00 0.123697986E+00 0.119726996E+00
 0.115619272E+00 0.111619527E+00 0.107765270E+00 0.104078640E+00 0.100571407E+00
 0.972483159E-01 0.941091878E-01-0.104407934E+00-0.107567708E+00-0.110876877E+00
-0.114330876E+00-0.117909489E+00-0.121461310E+00-0.124960825E+00-0.128399204E+00
-0.131767414E+00-0.135056916E+00-0.138259787E+00-0.141368795E+00-0.144377433E+00
-0.147279901E+00-0.150071057E+00-0.152746329E+00-0.155301615E+00-0.157733183E+00
-0.160037565E+00-0.162211471E+00-0.164251720E+00-0.166155189E+00-0.167918782E+00
-0.169539424E+00-0.171014070E+00-0.172339729E+00-0.173513504E+00-0.174532640E+00
-0.175394579E+00-0.176097016E+00-0.176637958E+00-0.177015777E+00-0.177229262E+00
-0.177277662E+00-0.177160718E+00-0.176878695E+00-0.176432398E+00-0.175823188E+00
-0.175052981E+00-0.174124259E+00-0.173040059E+00-0.171803975E+00-0.170420140E+00
-0.168893213E+00-0.167228352E+00-0.165431188E+00-0.163507779E+00-0.161464574E+00
-0.159308357E+00-0.157046191E+00-0.154685363E+00-0.152233320E+00-0.149697600E+00
-0.147085763E+00-0.144405323E+00-0.141663664E+00-0.138867970E+00-0.136025141E+00
-0.133141718E+00-0.130223800E+00-0.127276976E+00-0.124306253E+00-0.121315993E+00
-0.118309866E+00-0.115290804E+00-0.112260976E+00-0.109221774E+00-0.106173813E+00
-0.103116943E+00-0.100050279E+00-0.969722371E-01-0.938805845E-01-0.907724971E-01
-0.876446202E-01-0.844931332E-01-0.813138143E-01-0.781021030E-01-0.748531580E-01
-0.715619088E-01-0.682231007E-01-0.648313310E-01-0.613810758E-01-0.578667093E-01
-0.542825126E-01-0.506226748E-01-0.468812856E-01-0.430523203E-01-0.391296181E-01
-0.351068530E-01-0.309775003E-01-0.267347968E-01-0.223716977E-01-0.178808302E-01
-0.132544463E-01-0.848437588E-02-0.356198673E-02 0.152184467E-02 0.677673806E-02
 0.122127717E-01 0.178403671E-01 0.236700313E-01 0.297118307E-01 0.359743327E-01
 0.424624258E-01 0.491725923E-01 0.560820766E-01 0.631247466E-01 0.701569746E-01
 0.769760374E-01 0.834053328E-01 0.893252101E-01 0.946555725E-01 0.993393200E-01
 0.103333063E+00 0.106602122E+00 0.109117894E+00 0.110856860E+00 0.111801305E+00
 0.111942848E+00 0.111291989E+00 0.109900895E+00 0.107900598E+00 0.105495373E+00
 0.102873177E+00 0.100158684E+00 0.974288277E-01 0.947320093E-01 0.920992293E-01
 0.895502479E-01-0.107430509E+00-0.110771166E+00-0.114262118E+00-0.117897077E+00
-0.121649850E+00-0.125375407E+00-0.129042145E+00-0.132638956E+00-0.136154886E+00
-0.139579733E+00-0.142904267E+00-0.146120362E+00-0.149221031E+00-0.152200374E+00
-0.155053447E+00-0.157776086E+00-0.160364712E+00-0.162816142E+00-0.165127419E+00
-0.167295668E+00-0.169317995E+00-0.171191416E+00-0.172912824E+00-0.174478990E+00
-0.175886590E+00-0.177132253E+00-0.178212635E+00-0.179124495E+00-0.179864790E+00
-0.180430765E+00-0.180820043E+00-0.181030712E+00-0.181061401E+00-0.180911347E+00
-0.180580448E+00-0.180069300E+00-0.179379228E+00-0.178512292E+00-0.177471295E+00
-0.176259761E+00-0.174881925E+00-0.173342695E+00-0.171647619E+00-0.169802843E+00
-0.167815060E+00-0.165691461E+00-0.163439680E+00-0.161067738E+00-0.158583981E+00
-0.155997027E+00-0.153315697E+00-0.150548953E+00-0.147705832E+00-0.144795370E+00
-0.141826527E+00-0.138808099E+00-0.135748636E+00-0.132656344E+00-0.129538989E+00
-0.126403803E+00-0.123257383E+00-0.120105608E+00-0.116953556E+00-0.113805433E+00
-0.110664521E+00-0.107533147E+00-0.104412659E+00-0.101303436E+00-0.982049132E-01
-0.951156202E-01-0.920332475E-01-0.889547189E-01-0.858762778E-01-0.827935800E-01
-0.797017893E-01-0.765956731E-01-0.734696925E-01-0.703180859E-01-0.671349439E-01
-0.639142724E-01-0.606500446E-01-0.573362419E-01-0.539668826E-01-0.505360414E-01
-0.470378589E-01-0.434665438E-01-0.398163687E-01-0.360816620E-01-0.322567963E-01
-0.283361770E-01-0.243142324E-01-0.201854093E-01-0.159441761E-01-0.115850409E-01
-0.710258957E-02-0.249155582E-02 0.225306310E-02 0.713582110E-02 0.121605340E-01
 0.173298315E-01 0.226444648E-01 0.281022318E-01 0.336963095E-01 0.394126855E-01
 0.452263521E-01 0.510962637E-01 0.569604721E-01 0.627355168E-01 0.683244162E-01
 0.736306369E-01 0.785691442E-01 0.830702729E-01 0.870788656E-01 0.905520166E-01
 0.934571142E-01 0.957707630E-01 0.974788073E-01 0.985776730E-01 0.990773036E-01
 0.990057194E-01 0.984139621E-01 0.973774185E-01 0.959883798E-01 0.943411323E-01
 0.925188903E-01 0.905885197E-01 0.886011521E-01 0.865949478E-01 0.845979799E-01
-0.110683345E+00-0.114241623E+00-0.117950318E+00-0.121801912E+00-0.125754827E+00
-0.129689245E+00-0.133558099E+00-0.137346052E+00-0.141039306E+00-0.144625259E+00
-0.148092944E+00-0.151433280E+00-0.154639089E+00-0.157704921E+00-0.160626732E+00
-0.163401518E+00-0.166026940E+00-0.168500995E+00-0.170821741E+00-0.172987092E+00
-0.174994674E+00-0.176841749E+00-0.178525188E+00-0.180041497E+00-0.181386880E+00
-0.182557334E+00-0.183548770E+00-0.184357145E+00-0.184978604E+00-0.185409626E+00
-0.185647158E+00-0.185688745E+00-0.185532637E+00-0.185177892E+00-0.184624441E+00
-0.183873144E+00-0.182925823E+00-0.181785265E+00-0.180455215E+00-0.178940341E+00
-0.177246196E+00-0.175379154E+00-0.173346346E+00-0.171155585E+00-0.168815293E+00
-0.166334425E+00-0.163722394E+00-0.160989002E+00-0.158144373E+00-0.155198893E+00
-0.152163140E+00-0.149047831E+00-0.145863746E+00-0.142621664E+00-0.139332274E+00
-0.136006089E+00-0.132653340E+00-0.129283865E+00-0.125906985E+00-0.122531377E+00
-0.119164950E+00-0.115814719E+00-0.112486693E+00-0.109185781E+00-0.105915717E+00
-0.102679009E+00-0.994769208E-01-0.963094819E-01-0.931755255E-01-0.900727580E-01
-0.869978523E-01-0.839465612E-01-0.809138476E-01-0.778940216E-01-0.748808821E-01
-0.718678540E-01-0.688481174E-01-0.658147242E-01-0.627607001E-01-0.596791287E-01
-0.565632199E-01-0.534063610E-01-0.502021536E-01-0.469444371E-01-0.436273029E-01
-0.402450995E-01-0.367924335E-01-0.332641682E-01-0.296554220E-01-0.259615719E-01
-0.221782627E-01-0.183014278E-01-0.143273265E-01-0.102526030E-01-0.607437528E-02
-0.179036661E-02 0.260090835E-02 0.709988071E-02 0.117055621E-01 0.164150413E-01
 0.212227987E-01 0.261197884E-01 0.310922491E-01 0.361202474E-01 0.411760860E-01
 0.462229434E-01 0.512144172E-01 0.560957483E-01 0.608070081E-01 0.652875083E-01
 0.694800010E-01 0.733335965E-01 0.768052356E-01 0.798601785E-01 0.824720864E-01
 0.846231290E-01 0.863043724E-01 0.875165458E-01 0.882711056E-01 0.885912506E-01
 0.885122013E-01 0.880798823E-01 0.873475641E-01 0.863710933E-01 0.852042188E-01
 0.838953153E-01 0.824858488E-01 0.810101796E-01 0.794961132E-01-0.114120753E+00
-0.117933543E+00-0.121903691E+00-0.126019316E+00-0.130249823E+00-0.134441848E+00
-0.138557973E+00-0.142579421E+00-0.146487555E+00-0.150265714E+00-0.153900361E+00
-0.157381555E+00-0.160702779E+00-0.163860327E+00-0.166852511E+00-0.169678884E+00
-0.172339562E+00-0.174834702E+00-0.177164101E+00-0.179326937E+00-0.181321612E+00
-0.183145686E+00-0.184795894E+00-0.186268222E+00-0.187558041E+00-0.188660277E+00
-0.189569608E+00-0.190280680E+00-0.190788323E+00-0.191087770E+00-0.191174855E+00
-0.191046198E+00-0.190699365E+00-0.190132994E+00-0.189346895E+00-0.188342118E+00
-0.187120978E+00-0.185687062E+00-0.184045193E+00-0.182201373E+00-0.180162704E+00
-0.177937285E+00-0.175534108E+00-0.172962938E+00-0.170234205E+00-0.167358894E+00
-0.164348450E+00-0.161214693E+00-0.157969745E+00-0.154625971E+00-0.151195927E+00
-0.147692301E+00-0.144127869E+00-0.140515423E+00-0.136867696E+00-0.133197264E+00
-0.129516428E+00-0.125837070E+00-0.122170498E+00-0.118527270E+00-0.114917016E+00
-0.111348259E+00-0.107828255E+00-0.104362849E+00-0.100956365E+00-0.976115343E-01
-0.943294659E-01-0.911096611E-01-0.879500766E-01-0.848472292E-01-0.817963384E-01
-0.787915007E-01-0.758258840E-01-0.728919347E-01-0.699815845E-01-0.670864490E-01
-0.641980093E-01-0.613077717E-01-0.584074005E-01-0.554888248E-01-0.525443180E-01
-0.495665550E-01-0.465486479E-01-0.434841658E-01-0.403671430E-01-0.371920778E-01
-0.339539289E-01-0.306481100E-01-0.272704889E-01-0.238173922E-01-0.202856212E-01
-0.166724826E-01-0.129758365E-01-0.919417063E-02-0.532670402E-02-0.137352928E-02
 0.266419692E-02 0.678400478E-02 0.109817914E-01 0.152514186E-01 0.195842207E-01
 0.239684258E-01 0.283885161E-01 0.328245907E-01 0.372518511E-01 0.416403854E-01
 0.459554562E-01 0.501584358E-01 0.542083690E-01 0.580639348E-01 0.616854483E-01
 0.650365882E-01 0.680856958E-01 0.708066678E-01 0.731795612E-01 0.751910457E-01
 0.768347969E-01 0.781118503E-01 0.790308520E-01 0.796080519E-01 0.798668382E-01
 0.798366500E-01 0.795512635E-01 0.790466750E-01 0.783589654E-01 0.775225145E-01
 0.765687727E-01 0.755256018E-01 0.744170752E-01-0.117773561E+00-0.121898671E+00
-0.126185736E+00-0.130619186E+00-0.135168974E+00-0.139677141E+00-0.144102785E+00
-0.148417668E+00-0.152592377E+00-0.156601853E+00-0.160428547E+00-0.164062854E+00
-0.167501639E+00-0.170746107E+00-0.173799874E+00-0.176667488E+00-0.179353399E+00
-0.181861259E+00-0.184193490E+00-0.186351026E+00-0.188333207E+00-0.190137781E+00
-0.191761012E+00-0.193197855E+00-0.194442205E+00-0.195487184E+00-0.196325462E+00
-0.196949585E+00-0.197352310E+00-0.197526917E+00-0.197467501E+00-0.197169224E+00
-0.196628538E+00-0.195843353E+00-0.194813167E+00-0.193539143E+00-0.192024140E+00
-0.190272694E+00-0.188290954E+00-0.186086581E+00-0.183668609E+00-0.181047281E+00
-0.178233878E+00-0.175240541E+00-0.172080098E+00-0.168765913E+00-0.165311764E+00
-0.161731737E+00-0.158040162E+00-0.154251564E+00-0.150380636E+00-0.146442224E+00
-0.142451300E+00-0.138422935E+00-0.134372233E+00-0.130314239E+00-0.126263805E+00
-0.122235409E+00-0.118242942E+00-0.114299456E+00-0.110416906E+00-0.106605877E+00
-0.102875341E+00-0.992324340E-01-0.956822891E-01-0.922279210E-01-0.888701804E-01
-0.856077765E-01-0.824373710E-01-0.793537394E-01-0.763499910E-01-0.734178366E-01
-0.705478868E-01-0.677299653E-01-0.649534172E-01-0.622073967E-01-0.594811214E-01
-0.567640859E-01-0.540462286E-01-0.513180556E-01-0.485707228E-01-0.457960844E-01
-0.429867130E-01-0.401359006E-01-0.372376449E-01-0.342866286E-01-0.312781970E-01
-0.282083375E-01-0.250736648E-01-0.218714174E-01-0.185994647E-01-0.152563319E-01
-0.118412432E-01-0.835418714E-02-0.479600887E-02-0.116853178E-02 0.252528674E-02
 0.628116278E-02 0.100932548E-01 0.139538957E-01 0.178532960E-01 0.217792347E-01
 0.257167688E-01 0.296480067E-01 0.335520099E-01 0.374048912E-01 0.411801698E-01
 0.448494103E-01 0.483831172E-01 0.517517989E-01 0.549270847E-01 0.578827779E-01
 0.605957694E-01 0.630467773E-01 0.652209215E-01 0.671081534E-01 0.687035580E-01
 0.700075257E-01 0.710257642E-01 0.717691034E-01 0.722530454E-01 0.724970382E-01
 0.725235061E-01 0.723567257E-01 0.720216823E-01 0.715430365E-01 0.709442957E-01
 0.702472327E-01 0.694715408E-01-0.121627949E+00-0.126148953E+00-0.130820641E+00
-0.135626753E+00-0.140526605E+00-0.145427598E+00-0.150263773E+00-0.154974298E+00
-0.159498003E+00-0.163789500E+00-0.167827773E+00-0.171611312E+00-0.175149200E+00
-0.178454767E+00-0.181542110E+00-0.184424274E+00-0.187112316E+00-0.189614792E+00
-0.191937511E+00-0.194083432E+00-0.196052706E+00-0.197842813E+00-0.199448820E+00
-0.200863714E+00-0.202078828E+00-0.203084304E+00-0.203869597E+00-0.204423977E+00
-0.204737013E+00-0.204799026E+00-0.204601492E+00-0.204137387E+00-0.203401484E+00
-0.202390566E+00-0.201103598E+00-0.199541809E+00-0.197708720E+00-0.195610099E+00
-0.193253845E+00-0.190649812E+00-0.187809585E+00-0.184746217E+00-0.181473942E+00
-0.178007895E+00-0.174363857E+00-0.170558029E+00-0.166606864E+00-0.162526956E+00
-0.158334985E+00-0.154047710E+00-0.149682007E+00-0.145254921E+00-0.140783726E+00
-0.136285956E+00-0.131779402E+00-0.127282041E+00-0.122811892E+00-0.118386784E+00
-0.114024055E+00-0.109740174E+00-0.105550340E+00-0.101468061E+00-0.975047554E-01
-0.936694154E-01-0.899683304E-01-0.864049097E-01-0.829796040E-01-0.796899355E-01
-0.765306383E-01-0.734939049E-01-0.705697289E-01-0.677463238E-01-0.650105917E-01
-0.623486089E-01-0.597460949E-01-0.571888352E-01-0.546630373E-01-0.521556071E-01
-0.496543461E-01-0.471480741E-01-0.446266910E-01-0.420811893E-01-0.395036325E-01
-0.368871107E-01-0.342256853E-01-0.315143287E-01-0.287488681E-01-0.259259357E-01
-0.230429301E-01-0.200979913E-01-0.170899912E-01-0.140185409E-01-0.108840165E-01
-0.768760531E-02-0.443137167E-02-0.111834518E-02 0.224737030E-02 0.566046755E-02
 0.911429004E-02 0.126006755E-01 0.161097992E-01 0.196300321E-01 0.231478352E-01
 0.266477166E-01 0.301122799E-01 0.335223911E-01 0.368574830E-01 0.400959978E-01
 0.432159514E-01 0.461955825E-01 0.490140366E-01 0.516520361E-01 0.540924943E-01
 0.563210458E-01 0.583264769E-01 0.601010509E-01 0.616407213E-01 0.629452271E-01
 0.640180572E-01 0.648662739E-01 0.655001865E-01 0.659328837E-01 0.661796482E-01
 0.662572981E-01 0.661835107E-01 0.659761857E-01 0.656528927E-01 0.652304317E-01
 0.647245156E-01-0.125436713E+00-0.130397941E+00-0.135519024E+00-0.140788938E+00
-0.146180306E+00-0.151646002E+00-0.157111824E+00-0.162452851E+00-0.167485789E+00
-0.172105371E+00-0.176331209E+00-0.180208969E+00-0.183780892E+00-0.187082917E+00
-0.190144906E+00-0.192991141E+00-0.195640697E+00-0.198107694E+00-0.200401472E+00
-0.202526746E+00-0.204483820E+00-0.206268895E+00-0.207874507E+00-0.209290093E+00
-0.210502664E+00-0.211497552E+00-0.212259174E+00-0.212771790E+00-0.213020197E+00
-0.212990361E+00-0.212669955E+00-0.212048812E+00-0.211119295E+00-0.209876576E+00
-0.208318830E+00-0.206447351E+00-0.204266563E+00-0.201783941E+00-0.199009827E+00
-0.195957146E+00-0.192641035E+00-0.189078411E+00-0.185287502E+00-0.181287394E+00
-0.177097616E+00-0.172737805E+00-0.168227478E+00-0.163585904E+00-0.158832097E+00
-0.153984897E+00-0.149063127E+00-0.144085793E+00-0.139072305E+00-0.134042655E+00
-0.129017541E+00-0.124018369E+00-0.119067128E+00-0.114186084E+00-0.109397336E+00
-0.104722219E+00-0.100180649E+00-0.957904253E-01-0.915665982E-01-0.875209124E-01
-0.836613837E-01-0.799920169E-01-0.765126763E-01-0.732191181E-01-0.701031903E-01
-0.671532040E-01-0.643544681E-01-0.616899601E-01-0.591410869E-01-0.566884684E-01
-0.543126771E-01-0.519948718E-01-0.497172921E-01-0.474635976E-01-0.452190645E-01
-0.429706627E-01-0.407070424E-01-0.384184606E-01-0.360966715E-01-0.337348010E-01
-0.313272188E-01-0.288694184E-01-0.263579100E-01-0.237901304E-01-0.211643721E-01
-0.184797310E-01-0.157360735E-01-0.129340235E-01-0.100749661E-01-0.716107080E-02
-0.419532972E-02-0.118161172E-02 0.187527112E-02 0.496948716E-02 0.809410396E-02
 0.112410084E-01 0.144008368E-01 0.175629255E-01 0.207152956E-01 0.238446842E-01
 0.269366376E-01 0.299756742E-01 0.329455258E-01 0.358294516E-01 0.386106159E-01
 0.412725112E-01 0.437994011E-01 0.461767600E-01 0.483916839E-01 0.504332547E-01
 0.522928410E-01 0.539643271E-01 0.554442595E-01 0.567319072E-01 0.578292284E-01
 0.587407444E-01 0.594733205E-01 0.600358655E-01 0.604389642E-01 0.606944683E-01
 0.608150719E-01 0.608138997E-01 0.607041331E-01 0.604986899E-01 0.602099683E-01
-0.128947145E+00-0.134341596E+00-0.139951066E+00-0.145780446E+00-0.151829463E+00
-0.158091851E+00-0.164556240E+00-0.171222877E+00-0.177292397E+00-0.182035849E+00
-0.186253959E+00-0.190057559E+00-0.193521266E+00-0.196700921E+00-0.199639878E+00
-0.202372037E+00-0.204923415E+00-0.207312929E+00-0.209552734E+00-0.211648412E+00
-0.213599164E+00-0.215398192E+00-0.217033323E+00-0.218487890E+00-0.219741812E+00
-0.220772785E+00-0.221557476E+00-0.222072645E+00-0.222296133E+00-0.222207697E+00
-0.221789690E+00-0.221027607E+00-0.219910511E+00-0.218431366E+00-0.216587276E+00
-0.214379637E+00-0.211814162E+00-0.208900785E+00-0.205653393E+00-0.202089392E+00
-0.198229105E+00-0.194095047E+00-0.189711131E+00-0.185101896E+00-0.180291817E+00
-0.175304784E+00-0.170163773E+00-0.164890730E+00-0.159506649E+00-0.154031832E+00
-0.148486270E+00-0.142890116E+00-0.137264198E+00-0.131630502E+00-0.126012560E+00
-0.120435666E+00-0.114926822E+00-0.109514375E+00-0.104227303E+00-0.990942155E-01
-0.941421927E-01-0.893955936E-01-0.848749898E-01-0.805963015E-01-0.765701666E-01
-0.728015336E-01-0.692894623E-01-0.660271321E-01-0.630020842E-01-0.601967375E-01
-0.575892080E-01-0.551544119E-01-0.528653654E-01-0.506945343E-01-0.486150651E-01
-0.466017644E-01-0.446317610E-01-0.426848581E-01-0.407436287E-01-0.387933300E-01
-0.368217061E-01-0.348187362E-01-0.327763688E-01-0.306882653E-01-0.285495691E-01
-0.263567049E-01-0.241072114E-01-0.217996056E-01-0.194332779E-01-0.170084134E-01
-0.145259386E-01-0.119874887E-01-0.939539449E-02-0.675268507E-02-0.406310444E-02
-0.133113892E-02 0.143794760E-02 0.423807446E-02 0.706230531E-02 0.990281487E-02
 0.127508676E-01 0.155968152E-01 0.184301204E-01 0.212394143E-01 0.240125931E-01
 0.267369588E-01 0.293994043E-01 0.319866402E-01 0.344854568E-01 0.368830102E-01
 0.391671197E-01 0.413265624E-01 0.433513500E-01 0.452329771E-01 0.469646272E-01
 0.485413300E-01 0.499600628E-01 0.512197910E-01 0.523214462E-01 0.532678414E-01
 0.540635281E-01 0.547146011E-01 0.552284618E-01 0.556135542E-01 0.558790875E-01
 0.560347614E-01 0.560905078E-01 0.560562589E-01 0.559417502E-01-0.132019817E+00
-0.137821385E+00-0.143907395E+00-0.150303332E+00-0.157038785E+00-0.164150053E+00
-0.171685166E+00-0.179711902E+00-0.187563508E+00-0.193411314E+00-0.197816521E+00
-0.201258493E+00-0.204406750E+00-0.207300242E+00-0.209986189E+00-0.212502856E+00
-0.214880511E+00-0.217141610E+00-0.219300457E+00-0.221362673E+00-0.223324855E+00
-0.225174742E+00-0.226892040E+00-0.228449866E+00-0.229816599E+00-0.230957906E+00
-0.231838666E+00-0.232424657E+00-0.232683898E+00-0.232587664E+00-0.232111223E+00
-0.231234377E+00-0.229941873E+00-0.228223759E+00-0.226075679E+00-0.223499126E+00
-0.220501581E+00-0.217096482E+00-0.213302936E+00-0.209145095E+00-0.204651196E+00
-0.199852299E+00-0.194780876E+00-0.189469407E+00-0.183949191E+00-0.178249489E+00
-0.172397073E+00-0.166416174E+00-0.160328771E+00-0.154155159E+00-0.147914732E+00
-0.141626901E+00-0.135312114E+00-0.128992882E+00-0.122694746E+00-0.116446995E+00
-0.110282969E+00-0.104239689E+00-0.983567071E-01-0.926742214E-01-0.872307975E-01
-0.820611415E-01-0.771943008E-01-0.726524276E-01-0.684500294E-01-0.645935369E-01
-0.610810499E-01-0.579022212E-01-0.550383638E-01-0.524629675E-01-0.501428376E-01
-0.480399541E-01-0.461139029E-01-0.443244647E-01-0.426338574E-01-0.410082791E-01
-0.394186697E-01-0.378408280E-01-0.362551091E-01-0.346459067E-01-0.330010685E-01
-0.313113290E-01-0.295698036E-01-0.277715589E-01-0.259132587E-01-0.239928808E-01
-0.220094941E-01-0.199630874E-01-0.178544413E-01-0.156850345E-01-0.134569799E-01
-0.111729833E-01-0.883632192E-02-0.645083667E-02-0.402093659E-02-0.155161093E-02
 0.951554192E-03 0.348235791E-02 0.603396947E-02 0.859891972E-02 0.111691034E-01
 0.137357970E-01 0.162896954E-01 0.188209728E-01 0.213193689E-01 0.237743022E-01
 0.261750112E-01 0.285107192E-01 0.307708191E-01 0.329450723E-01 0.350238117E-01
 0.369981433E-01 0.388601349E-01 0.406029849E-01 0.422211640E-01 0.437105230E-01
 0.450683633E-01 0.462934652E-01 0.473860748E-01 0.483478492E-01 0.491817622E-01
 0.498919765E-01 0.504836876E-01 0.509629490E-01 0.513364857E-01 0.516115064E-01
 0.517955221E-01 0.518961777E-01 0.519211024E-01-0.134484755E+00-0.140623881E+00
-0.147108639E+00-0.153981511E+00-0.161294347E+00-0.169110697E+00-0.177507654E+00
-0.186575955E+00-0.195528364E+00-0.202898047E+00-0.208886801E+00-0.213321553E+00
-0.216333127E+00-0.218751340E+00-0.221039877E+00-0.223225772E+00-0.225342742E+00
-0.227418069E+00-0.229470234E+00-0.231506161E+00-0.233519059E+00-0.235487827E+00
-0.237378351E+00-0.239146362E+00-0.240741101E+00-0.242109093E+00-0.243197433E+00
-0.243956270E+00-0.244340447E+00-0.244310438E+00-0.243832813E+00-0.242880478E+00
-0.241432869E+00-0.239476231E+00-0.237004022E+00-0.234017431E+00-0.230525902E+00
-0.226547503E+00-0.222108883E+00-0.217244569E+00-0.211995441E+00-0.206406431E+00
-0.200523763E+00-0.194392217E+00-0.188052925E+00-0.181541989E+00-0.174889977E+00
-0.168122157E+00-0.161259292E+00-0.154318774E+00-0.147316020E+00-0.140266023E+00
-0.133185089E+00-0.126092736E+00-0.119013733E+00-0.111980105E+00-0.105032681E+00
-0.982214133E-01-0.916035996E-01-0.852397760E-01-0.791883231E-01-0.735006689E-01
-0.682183523E-01-0.633719165E-01-0.589808271E-01-0.550536057E-01-0.515876906E-01
-0.485688786E-01-0.459705427E-01-0.437532089E-01-0.418654467E-01-0.402469861E-01
-0.388340326E-01-0.375652879E-01-0.363866187E-01-0.352533034E-01-0.341301641E-01
-0.329904973E-01-0.318145879E-01-0.305882517E-01-0.293015830E-01-0.279479491E-01
-0.265232093E-01-0.250251218E-01-0.234528981E-01-0.218068738E-01-0.200882664E-01
-0.182990007E-01-0.164415851E-01-0.145190269E-01-0.125347770E-01-0.104926968E-01
-0.839704134E-02-0.625245512E-02-0.406397571E-02-0.183704232E-02 0.422493580E-03
 0.270835887E-02 0.501385308E-02 0.733184951E-02 0.965480579E-02 0.119747865E-01
 0.142835004E-01 0.165723538E-01 0.188325215E-01 0.210550351E-01 0.232308889E-01
 0.253511599E-01 0.274071393E-01 0.293904724E-01 0.312932997E-01 0.331083961E-01
 0.348293007E-01 0.364504329E-01 0.379671903E-01 0.393760228E-01 0.406744816E-01
 0.418612400E-01 0.429360859E-01 0.438998853E-01 0.447545208E-01 0.455028057E-01
 0.461483796E-01 0.466955892E-01 0.471493612E-01 0.475150706E-01 0.477984114E-01
 0.480052742E-01 0.481416324E-01-0.136191283E+00-0.142558016E+00-0.149308131E+00
-0.156493896E+00-0.164180704E+00-0.172451289E+00-0.181410101E+00-0.191183274E+00
-0.201072702E+00-0.209484271E+00-0.216703999E+00-0.222592412E+00-0.227179150E+00
-0.230612751E+00-0.232554001E+00-0.234280961E+00-0.236033803E+00-0.237851537E+00
-0.239767671E+00-0.241799008E+00-0.243937270E+00-0.246146645E+00-0.248367565E+00
-0.250524006E+00-0.252531811E+00-0.254306346E+00-0.255768232E+00-0.256846661E+00
-0.257480610E+00-0.257618704E+00-0.257218500E+00-0.256245741E+00-0.254673906E+00
-0.252484237E+00-0.249666318E+00-0.246219200E+00-0.242152950E+00-0.237490333E+00
-0.232268036E+00-0.226536629E+00-0.220358384E+00-0.213802689E+00-0.206939856E+00
-0.199835052E+00-0.192543969E+00-0.185110891E+00-0.177568802E+00-0.169940777E+00
-0.162241980E+00-0.154481824E+00-0.146666153E+00-0.138799438E+00-0.130887142E+00
-0.122938502E+00-0.114970051E+00-0.107010234E+00-0.991050769E-01-0.913233311E-01
-0.837563535E-01-0.765073048E-01-0.696731455E-01-0.633317414E-01-0.575393102E-01
-0.523335638E-01-0.477374962E-01-0.437617328E-01-0.404049605E-01-0.376523374E-01
-0.354718503E-01-0.338091536E-01-0.325835259E-01-0.316910629E-01-0.310197933E-01
-0.304694771E-01-0.299627827E-01-0.294454033E-01-0.288811908E-01-0.282469625E-01
-0.275284612E-01-0.267175103E-01-0.258100706E-01-0.248049224E-01-0.237027704E-01
-0.225056348E-01-0.212164379E-01-0.198387239E-01-0.183764737E-01-0.168339830E-01
-0.152157870E-01-0.135266171E-01-0.117713798E-01-0.995515158E-02-0.808318322E-02
-0.616091183E-02-0.419397543E-02-0.218822883E-02-0.149758107E-03 0.191510820E-02
 0.399979310E-02 0.609747200E-02 0.820108218E-02 0.103033423E-01 0.123967827E-01
 0.144737883E-01 0.165266530E-01 0.185476466E-01 0.205290922E-01 0.224634534E-01
 0.243434286E-01 0.261620489E-01 0.279127777E-01 0.295896071E-01 0.311871482E-01
 0.327007116E-01 0.341263750E-01 0.354610346E-01 0.367024398E-01 0.378492077E-01
 0.389008187E-01 0.398575929E-01 0.407206482E-01 0.414918418E-01 0.421736991E-01
 0.427693314E-01 0.432823460E-01 0.437167541E-01 0.440768764E-01 0.443672532E-01
 0.445925586E-01-0.137045171E+00-0.143506644E+00-0.150357530E+00-0.157649067E+00
-0.165445501E+00-0.173830477E+00-0.182920886E+00-0.192907266E+00-0.203254113E+00
-0.212501543E+00-0.220828192E+00-0.228040051E+00-0.234012644E+00-0.238917823E+00
-0.242601171E+00-0.245120405E+00-0.246563014E+00-0.247995102E+00-0.249706664E+00
-0.251764308E+00-0.254164737E+00-0.256837608E+00-0.259668148E+00-0.262516545E+00
-0.265236271E+00-0.267690780E+00-0.269763538E+00-0.271360185E+00-0.272405860E+00
-0.272841031E+00-0.272617678E+00-0.271696505E+00-0.270045324E+00-0.267638616E+00
-0.264458286E+00-0.260495738E+00-0.255755382E+00-0.250259573E+00-0.244054344E+00
-0.237213831E+00-0.229839413E+00-0.222049690E+00-0.213962945E+00-0.205680509E+00
-0.197278313E+00-0.188806766E+00-0.180294955E+00-0.171755845E+00-0.163190892E+00
-0.154593706E+00-0.145952880E+00-0.137254294E+00-0.128483250E+00-0.119626903E+00
-0.110677754E+00-0.101639678E+00-0.925400089E-01-0.834554163E-01-0.745526261E-01
-0.660686990E-01-0.581904900E-01-0.510189901E-01-0.446062303E-01-0.389812287E-01
-0.341615764E-01-0.301581273E-01-0.269759837E-01-0.246124089E-01-0.230503793E-01
-0.222433565E-01-0.220819751E-01-0.223532644E-01-0.227978755E-01-0.232388412E-01
-0.235886078E-01-0.238070142E-01-0.238769163E-01-0.237929635E-01-0.235561432E-01
-0.231709079E-01-0.226435693E-01-0.219813683E-01-0.211919298E-01-0.202829461E-01
-0.192620012E-01-0.181364812E-01-0.169135397E-01-0.156000966E-01-0.142028573E-01
-0.127283440E-01-0.111829327E-01-0.957289348E-02-0.790442989E-02-0.618371723E-02
-0.441693723E-02-0.261030869E-02-0.770112860E-03 0.109728721E-02 0.298543414E-02
 0.488777125E-02 0.679764594E-02 0.870832181E-02 0.106130000E-01 0.125048497E-01
 0.143770480E-01 0.162228280E-01 0.180355352E-01 0.198086888E-01 0.215360496E-01
 0.232116884E-01 0.248300563E-01 0.263860518E-01 0.278750837E-01 0.292931275E-01
 0.306367716E-01 0.319032541E-01 0.330904861E-01 0.341970625E-01 0.352222594E-01
 0.361660173E-01 0.370289131E-01 0.378121193E-01 0.385173539E-01 0.391468227E-01
 0.397031559E-01 0.401893405E-01 0.406086524E-01 0.409645886E-01 0.412608028E-01
-0.137027657E+00-0.143453105E+00-0.150244209E+00-0.157440314E+00-0.165086652E+00
-0.173234177E+00-0.181935777E+00-0.191226479E+00-0.201068434E+00-0.211176460E+00
-0.220619943E+00-0.229010230E+00-0.236400341E+00-0.242991752E+00-0.247960549E+00
-0.252067131E+00-0.255171732E+00-0.257020713E+00-0.258374275E+00-0.260520873E+00
-0.263481697E+00-0.267055766E+00-0.271019321E+00-0.275100051E+00-0.279019236E+00
-0.282553091E+00-0.285547484E+00-0.287899892E+00-0.289539396E+00-0.290413042E+00
-0.290477569E+00-0.289694619E+00-0.288028180E+00-0.285443666E+00-0.281908493E+00
-0.277394454E+00-0.271882749E+00-0.265373293E+00-0.257900856E+00-0.249559721E+00
-0.240527489E+00-0.231049945E+00-0.221364374E+00-0.211634903E+00-0.201949910E+00
-0.192345497E+00-0.182826080E+00-0.173377449E+00-0.163974370E+00-0.154584854E+00
-0.145172468E+00-0.135697479E+00-0.126117288E+00-0.116386377E+00-0.106455809E+00
-0.962719263E-01-0.857726437E-01-0.748718691E-01-0.633554774E-01-0.532728839E-01
-0.440029268E-01-0.357216501E-01-0.288541997E-01-0.226971021E-01-0.174838324E-01
-0.136957467E-01-0.106335752E-01-0.856079477E-02-0.801282915E-02-0.830343273E-02
-0.977007175E-02-0.126210952E-01-0.147203233E-01-0.163975030E-01-0.177146124E-01
-0.187128086E-01-0.194253270E-01-0.198807176E-01-0.201040291E-01-0.201174032E-01
-0.199404735E-01-0.195906903E-01-0.190836068E-01-0.184331383E-01-0.176517955E-01
-0.167508930E-01-0.157407343E-01-0.146307750E-01-0.134297647E-01-0.121458718E-01
-0.107867911E-01-0.935983775E-02-0.787202763E-02-0.633014625E-02-0.474080716E-02
-0.311050037E-02-0.144563152E-02 0.247447905E-03 0.196241898E-02 0.369298236E-02
 0.543285363E-02 0.717576699E-02 0.891548695E-02 0.106458279E-01 0.123606807E-01
 0.140540463E-01 0.157200746E-01 0.173531080E-01 0.189477282E-01 0.204988053E-01
 0.220015456E-01 0.234515396E-01 0.248448052E-01 0.261778269E-01 0.274475885E-01
 0.286515981E-01 0.297879043E-01 0.308551041E-01 0.318523408E-01 0.327792921E-01
 0.336361501E-01 0.344235931E-01 0.351427490E-01 0.357951550E-01 0.363827104E-01
 0.369076282E-01 0.373723844E-01 0.377796672E-01 0.381323274E-01-0.136190869E+00
-0.142474170E+00-0.149082203E+00-0.156039917E+00-0.163372169E+00-0.171101144E+00
-0.179241698E+00-0.187794795E+00-0.196742675E+00-0.206051988E+00-0.215682233E+00
-0.225397429E+00-0.234086283E+00-0.241826754E+00-0.248445937E+00-0.253984145E+00
-0.258366448E+00-0.261476788E+00-0.263609188E+00-0.266566722E+00-0.270723049E+00
-0.275967586E+00-0.282109496E+00-0.288530465E+00-0.294426824E+00-0.299529254E+00
-0.303754869E+00-0.307068697E+00-0.309449606E+00-0.310878240E+00-0.311331723E+00
-0.310781011E+00-0.309189411E+00-0.306511656E+00-0.302693392E+00-0.297671255E+00
-0.291374205E+00-0.283727882E+00-0.274666959E+00-0.264173978E+00-0.252444730E+00
-0.240327980E+00-0.228484795E+00-0.217039265E+00-0.205977282E+00-0.195247106E+00
-0.184785601E+00-0.174526996E+00-0.164405750E+00-0.154356974E+00-0.144315647E+00
-0.134215142E+00-0.123985162E+00-0.113548964E+00-0.102819424E+00-0.916929520E-01
-0.800394129E-01-0.676864074E-01-0.545757562E-01-0.429431653E-01-0.326121784E-01
-0.236218028E-01-0.160810560E-01-0.958353850E-02-0.428105169E-02-0.377131043E-03
 0.247137848E-02 0.403953234E-02 0.403576636E-02 0.271514354E-02-0.281664950E-03
-0.466639132E-02-0.812492908E-02-0.108515064E-01-0.129908575E-01-0.146462831E-01
-0.158945440E-01-0.167950077E-01-0.173949569E-01-0.177328452E-01-0.178404439E-01
-0.177443449E-01-0.174670623E-01-0.170278631E-01-0.164434084E-01-0.157282556E-01
-0.148952566E-01-0.139558767E-01-0.129204525E-01-0.117984020E-01-0.105983958E-01
-0.932849913E-02-0.799628765E-02-0.660894391E-02-0.517333596E-02-0.369608163E-02
-0.218359982E-02-0.642150693E-03 0.922134486E-03 0.250323274E-02 0.409521743E-02
 0.569225421E-02 0.728860451E-02 0.887863567E-02 0.104568373E-01 0.120178430E-01
 0.135564565E-01 0.150676817E-01 0.165467546E-01 0.179891773E-01 0.193907517E-01
 0.207476121E-01 0.220562560E-01 0.233135706E-01 0.245168560E-01 0.256638423E-01
 0.267527006E-01 0.277820487E-01 0.287509484E-01 0.296588982E-01 0.305058176E-01
 0.312920269E-01 0.320182215E-01 0.326854412E-01 0.332950362E-01 0.338486313E-01
 0.343480874E-01 0.347954634E-01 0.351929778E-01-0.134632906E+00-0.140701049E+00
-0.147048967E+00-0.153690919E+00-0.160639247E+00-0.167902789E+00-0.175485014E+00
-0.183382366E+00-0.191583708E+00-0.200071517E+00-0.208824577E+00-0.217821075E+00
-0.227045174E+00-0.236232676E+00-0.244082220E+00-0.250923495E+00-0.256623815E+00
-0.260974618E+00-0.264298717E+00-0.268547790E+00-0.274266352E+00-0.281610193E+00
-0.290896496E+00-0.301066587E+00-0.309392914E+00-0.316229686E+00-0.321758820E+00
-0.326082454E+00-0.329256242E+00-0.331301824E+00-0.332212506E+00-0.331959619E+00
-0.330502935E+00-0.327795259E+00-0.323773294E+00-0.318345751E+00-0.311384908E+00
-0.302716509E+00-0.292100283E+00-0.279184099E+00-0.263383062E+00-0.247780127E+00
-0.233690024E+00-0.220674344E+00-0.208459539E+00-0.196849674E+00-0.185692883E+00
-0.174865180E+00-0.164260746E+00-0.153785179E+00-0.143350288E+00-0.132869670E+00
-0.122254557E+00-0.111409599E+00-0.100228333E+00-0.885884062E-01-0.763472527E-01
-0.633401663E-01-0.496158405E-01-0.373014160E-01-0.264642025E-01-0.170986578E-01
-0.920785233E-02-0.254538806E-02 0.280480913E-02 0.674815005E-02 0.945027204E-02
 0.107395816E-01 0.104266043E-01 0.858465348E-02 0.493930735E-02-0.321050643E-04
-0.411749908E-02-0.739359111E-02-0.999556441E-02-0.120361679E-01-0.136067732E-01
-0.147806805E-01-0.156167199E-01-0.161623986E-01-0.164564268E-01-0.165306758E-01
-0.164116759E-01-0.161217608E-01-0.156799435E-01-0.151025928E-01-0.144039589E-01
-0.135965860E-01-0.126916385E-01-0.116991611E-01-0.106282874E-01-0.948740916E-02
-0.828431268E-02-0.702629016E-02-0.572022997E-02-0.437268957E-02-0.298995387E-02
-0.157808105E-02-0.142937636E-03 0.130977604E-02 0.277450881E-02 0.424584922E-02
 0.571852289E-02 0.718739580E-02 0.864748300E-02 0.100939617E-01 0.115221884E-01
 0.129277183E-01 0.143063278E-01 0.156540370E-01 0.169671333E-01 0.182421942E-01
 0.194761078E-01 0.206660921E-01 0.218097105E-01 0.229048833E-01 0.239498961E-01
 0.249434023E-01 0.258844216E-01 0.267723340E-01 0.276068686E-01 0.283880883E-01
 0.291163706E-01 0.297923853E-01 0.304170690E-01 0.309915977E-01 0.315173585E-01
 0.319959195E-01 0.324290005E-01-0.132468984E+00-0.138277603E+00-0.144323767E+00
-0.150614926E+00-0.157156479E+00-0.163950978E+00-0.170997355E+00-0.178290381E+00
-0.185820533E+00-0.193574365E+00-0.201535267E+00-0.209684330E+00-0.218001023E+00
-0.226463521E+00-0.235067628E+00-0.243230037E+00-0.250242408E+00-0.255757073E+00
-0.260254657E+00-0.265631259E+00-0.272504233E+00-0.281111369E+00-0.291808819E+00
-0.303378253E+00-0.312858129E+00-0.320574238E+00-0.326767342E+00-0.331597568E+00
-0.335161925E+00-0.337508994E+00-0.338648804E+00-0.338562096E+00-0.337211826E+00
-0.334547829E+00-0.330497424E+00-0.324951867E+00-0.317754224E+00-0.308684039E+00
-0.297434638E+00-0.283585214E+00-0.266586251E+00-0.249815775E+00-0.234817875E+00
-0.221147419E+00-0.208463820E+00-0.196513321E+00-0.185103916E+00-0.174085131E+00
-0.163333703E+00-0.152743582E+00-0.142218645E+00-0.131666979E+00-0.120995920E+00
-0.110107317E+00-0.988926613E-01-0.872280802E-01-0.749698345E-01-0.619522475E-01
-0.482189550E-01-0.359082055E-01-0.250739782E-01-0.157149413E-01-0.783987421E-02
-0.119142236E-02 0.414195990E-02 0.805954703E-02 0.107381671E-01 0.120016187E-01
 0.116539679E-01 0.977994275E-02 0.610028812E-02 0.108454918E-02-0.304373742E-02
-0.636613925E-02-0.901789421E-02-0.111117323E-01-0.127389734E-01-0.139728587E-01
-0.148721631E-01-0.154843440E-01-0.158480658E-01-0.159951550E-01-0.159520958E-01
-0.157411709E-01-0.153813356E-01-0.148888915E-01-0.142780099E-01-0.135611423E-01
-0.127493440E-01-0.118525328E-01-0.108796951E-01-0.983905332E-02-0.873820044E-02
-0.758420978E-02-0.638372387E-02-0.514302627E-02-0.386809927E-02-0.256466956E-02
-0.123824365E-02 0.105865630E-03 0.146252033E-02 0.282674544E-02 0.419372288E-02
 0.555879067E-02 0.691744667E-02 0.826535606E-02 0.959836193E-02 0.109124983E-01
 0.122040049E-01 0.134693429E-01 0.147052108E-01 0.159085603E-01 0.170766107E-01
 0.182068621E-01 0.192971060E-01 0.203454334E-01 0.213502403E-01 0.223102292E-01
 0.232244078E-01 0.240920840E-01 0.249128574E-01 0.256866083E-01 0.264134827E-01
 0.270938758E-01 0.277284126E-01 0.283179273E-01 0.288634412E-01 0.293661400E-01
 0.298273505E-01
 0.505266472E+01 0.482337731E+01 0.464348992E+01 0.452164908E+01 0.442489938E+01
 0.434501439E+01 0.427718336E+01 0.421824725E+01 0.416457919E+01 0.411663496E+01
 0.407367288E+01 0.403302398E+01 0.399710513E+01 0.396273674E+01 0.393151158E+01
 0.390200528E+01 0.387468747E+01 0.384923760E+01 0.382504446E+01 0.380270895E+01
 0.378127495E+01 0.376120901E+01 0.374259991E+01 0.372454489E+01 0.370764350E+01
 0.369193767E+01 0.367668333E+01 0.366240529E+01 0.364892607E+01 0.363610656E+01
 0.362389063E+01 0.361238924E+01 0.360153732E+01 0.359117393E+01 0.358132616E+01
 0.357211489E+01 0.356342032E+01 0.355499279E+01 0.354717486E+01 0.353984434E+01
 0.353288547E+01 0.352628380E+01 0.352006901E+01 0.351431316E+01 0.350893758E+01
 0.350380195E+01 0.349907787E+01 0.349464911E+01 0.349063258E+01 0.348685673E+01
 0.348332959E+01 0.348016047E+01 0.347731328E+01 0.347476604E+01 0.347241661E+01
 0.347034550E+01 0.346855415E+01 0.346708914E+01 0.346578585E+01 0.346465197E+01
 0.346377456E+01 0.346327341E+01 0.346320004E+01 0.346359477E+01 0.346457718E+01
 0.346635023E+01 0.346900179E+01 0.347261466E+01 0.347718203E+01 0.348277571E+01
 0.348945594E+01 0.349730044E+01 0.350632375E+01 0.351657792E+01 0.352805823E+01
 0.354083005E+01 0.355491325E+01 0.357038262E+01 0.358723759E+01 0.360550919E+01
 0.362527247E+01 0.364653836E+01 0.366932109E+01 0.369366289E+01 0.371970397E+01
 0.374742155E+01 0.377687046E+01 0.380810137E+01 0.384112287E+01 0.387602630E+01
 0.391309141E+01 0.395212251E+01 0.399315701E+01 0.403637630E+01 0.408191524E+01
 0.412989810E+01 0.418038733E+01 0.423337048E+01 0.428886954E+01 0.434777450E+01
 0.440962636E+01 0.447419462E+01 0.454150960E+01 0.461144665E+01 0.468325522E+01
 0.475636486E+01 0.483004733E+01 0.490489145E+01 0.497944086E+01 0.505300336E+01
 0.512472828E+01 0.519301211E+01 0.525679778E+01 0.531448746E+01 0.536601256E+01
 0.541112935E+01 0.545116090E+01 0.548798585E+01 0.552613631E+01 0.556838711E+01
 0.562018903E+01 0.568748087E+01 0.577564714E+01 0.589395903E+01 0.605254652E+01
 0.627315748E+01 0.659781701E+01 0.716333221E+01 0.101142341E+02
   90    6
 0.113522995E+01 0.000000000E+00 0.113693551E+01 0.100000000E+00 0.114220317E+01
 0.200000000E+00 0.114842270E+01 0.275000000E+00 0.115875000E+01 0.365410982E+00
 0.117112094E+01 0.450000000E+00 0.118434242E+01 0.525000000E+00 0.119859375E+01
 0.594987369E+00 0.121187500E+01 0.652960611E+00 0.123004367E+01 0.725000000E+00
 0.125069237E+01 0.800000000E+00 0.126513781E+01 0.850000000E+00 0.128770796E+01
 0.925000000E+00 0.130484375E+01 0.979894030E+00 0.132893793E+01 0.105000000E+01
 0.135141863E+01 0.111118055E+01 0.135814976E+01 0.112729469E+01 0.141109375E+01
 0.110681958E+01 0.145093750E+01 0.108982258E+01 0.149078125E+01 0.107171746E+01
 0.153597109E+01 0.105000000E+01 0.158375000E+01 0.102562346E+01 0.162359375E+01
 0.100366526E+01 0.166343750E+01 0.980075789E+00 0.170328125E+01 0.954695704E+00
 0.174312500E+01 0.927273145E+00 0.177966415E+01 0.900000000E+00 0.181127278E+01
 0.875000000E+00 0.184937500E+01 0.842572485E+00 0.188921875E+01 0.805966965E+00
 0.192057234E+01 0.775000000E+00 0.195562500E+01 0.738117138E+00 0.198930260E+01
 0.700000000E+00 0.202203125E+01 0.660067024E+00 0.204859375E+01 0.624776968E+00
 0.208291906E+01 0.575000000E+00 0.211336877E+01 0.525000000E+00 0.214047463E+01
 0.475000000E+00 0.216472788E+01 0.425000000E+00 0.218648123E+01 0.375000000E+00
 0.220796875E+01 0.319137412E+00 0.223128427E+01 0.250000000E+00 0.224781250E+01
 0.191214331E+00 0.226238000E+01 0.125000000E+00 0.227299001E+01 0.250000000E-01
 0.226951189E+01-0.750000000E-01 0.225752611E+01-0.150000000E+00 0.223884782E+01
-0.225000000E+00 0.222125000E+01-0.281411451E+00 0.219644449E+01-0.350000000E+00
 0.217579361E+01-0.400000000E+00 0.215276228E+01-0.450000000E+00 0.212708923E+01
-0.500000000E+00 0.209837221E+01-0.550000000E+00 0.206608576E+01-0.600000000E+00
 0.203531250E+01-0.642679006E+00 0.200875000E+01-0.676895697E+00 0.196890625E+01
-0.723775659E+00 0.194234375E+01-0.753153998E+00 0.190250000E+01-0.794052079E+00
 0.187014141E+01-0.825000000E+00 0.183609375E+01-0.855725425E+00 0.179625000E+01
-0.888942036E+00 0.175640625E+01-0.919561538E+00 0.171656250E+01-0.947790980E+00
 0.167671875E+01-0.973889838E+00 0.163687500E+01-0.998138526E+00 0.159703125E+01
-0.102075004E+01 0.155718750E+01-0.104183669E+01 0.151734375E+01-0.106152520E+01
 0.147750000E+01-0.107969519E+01 0.142813650E+01-0.110000000E+01 0.138453125E+01
-0.111786630E+01 0.135761676E+01-0.112907225E+01 0.133140625E+01-0.105815980E+01
 0.131185479E+01-0.100000000E+01 0.129156250E+01-0.936489868E+00 0.127324141E+01
-0.875000000E+00 0.125171875E+01-0.800917359E+00 0.123749645E+01-0.750000000E+00
 0.121774371E+01-0.675000000E+00 0.119989951E+01-0.600000000E+00 0.118531250E+01
-0.530287406E+00 0.117203125E+01-0.456768557E+00 0.115977482E+01-0.375000000E+00
 0.115086502E+01-0.300000000E+00 0.114410422E+01-0.225000000E+00 0.113802390E+01
-0.125000000E+00 0.113535535E+01-0.250000000E-01 0.113522995E+01 0.000000000E+00
 0.228650000E+01 0.115175000E+01 0.111350000E+01 0.115175000E+01 0.111350000E+01
-0.115175000E+01 0.228650000E+01-0.115175000E+01 0.228650000E+01 0.115175000E+01
 0.228650000E+01 0.115175000E+01
    0 0.170000005E+01    0
 0.000000000E+00 0.969548688E-01 0.134804902E+00 0.163840011E+00 0.187918175E+00
 0.208850987E+00 0.227565962E+00 0.244631954E+00 0.260363935E+00 0.275026247E+00
 0.288804459E+00 0.301815049E+00 0.314183397E+00 0.325970688E+00 0.337257995E+00
 0.348101224E+00 0.358532596E+00 0.368617500E+00 0.378357204E+00 0.387802947E+00
 0.396975902E+00 0.405874149E+00 0.414565475E+00 0.423021209E+00 0.431263538E+00
 0.439338238E+00 0.447226818E+00 0.454927427E+00 0.462505603E+00 0.469918901E+00
 0.477178666E+00 0.484323316E+00 0.491351041E+00 0.498239401E+00 0.505015762E+00
 0.511699885E+00 0.518278359E+00 0.524746200E+00 0.531125160E+00 0.537427949E+00
 0.543637960E+00 0.549756785E+00 0.555802547E+00 0.561780234E+00 0.567687324E+00
 0.573512449E+00 0.579270089E+00 0.584978543E+00 0.590623113E+00 0.596194392E+00
 0.601714060E+00 0.607185152E+00 0.612597232E+00 0.617960290E+00 0.623269923E+00
 0.628533605E+00 0.633749798E+00 0.638921106E+00 0.644053052E+00 0.649137981E+00
 0.654180433E+00 0.659186124E+00 0.664156904E+00 0.669088730E+00 0.673986046E+00
 0.678848816E+00 0.683677769E+00 0.688481291E+00 0.693261404E+00 0.698013097E+00
 0.702734261E+00 0.707438202E+00 0.712123924E+00 0.716792526E+00 0.721446604E+00
 0.726082287E+00 0.730704184E+00 0.735322752E+00 0.739932412E+00 0.744531026E+00
 0.749130443E+00 0.753727353E+00 0.758321607E+00 0.762914727E+00 0.767518603E+00
 0.772123991E+00 0.776738173E+00 0.781363216E+00 0.785995846E+00 0.790639079E+00
 0.795309994E+00 0.799993761E+00 0.804691468E+00 0.809415247E+00 0.814161996E+00
 0.818936902E+00 0.823745191E+00 0.828580359E+00 0.833437321E+00 0.838349769E+00
 0.843295931E+00 0.848277398E+00 0.853302972E+00 0.858376771E+00 0.863501235E+00
 0.868673410E+00 0.873879382E+00 0.879153932E+00 0.884466459E+00 0.889823252E+00
 0.895226331E+00 0.900667469E+00 0.906151184E+00 0.911657012E+00 0.917187337E+00
 0.922730883E+00 0.928302055E+00 0.933869721E+00 0.939450707E+00 0.945040242E+00
 0.950644422E+00 0.956279750E+00 0.961963332E+00 0.967729735E+00 0.973577114E+00
 0.979576763E+00 0.985798445E+00 0.992395877E+00 0.100000000E+01
    0
 &OUT1
 ISHOT =            1
 ITIME =            1
 BETAP0 =   0.5000000000000000     
 RZERO =    1.700000000000000     
 QENP =   0.9499999880790710     
 ENP =    1.000000000000000     
 EMP =    1.000000000000000     
 PLASMA =    983571.4285714254     
 EXPMP2 =   0.3551344474982606        0.3483120826947265      
   0.3015212073658069        0.2183248387761757        0.2268298737119442      
  -5.3923731570184062E-002  -0.3043706199474971        4.9865513222485329E-002 
   0.1739121650286693        0.1873096846846461        0.2335160811227564      
   0.2028566003514294        0.2271636986640929        0.2147513696159165      
   0.1911058813600223        0.3507083157549540        0.2966709463417310      
   0.2283902705772789        0.2233702762564112       -9.5213040063794788E-002 
  -0.2950654296374043       -3.8988963414085566E-002   0.1763507402432900      
   0.1350421851583867        0.2122354251448011        0.2340485517628109      
   0.2063104654577025        0.2293889004081092        0.2117984738431691      
  -0.3237927155987401       -0.1375755232302125        0.1082847712823140      
   0.1763207561787751        0.1570717052972400        0.1959437298275475      
   0.2239618543291292        0.2012943842596457        0.2040947463336358      
   0.2145628303821921        0.1892952551186280        0.2128674450656801      
   0.2061932306406632        0.2062255545015214        0.2293196800596558      
   0.2094979662922029        0.1356087278466261        0.1729277446329201      
  -2.1822672364537228E-002  -0.2883140829574172       -8.8079185028949611E-002 
   0.2237678408063833        0.2287693957478837        0.2976243271248317      
   0.3507963932811156        0.3551143820036196        0.3483714670541412      
   0.3026612947225167        0.2206870978026496        0.2304413622399764      
  -7.1569969130044292E-002   0.1038196123328986        0.1312273189633078      
   0.1258720654599107        0.1162278797512593       -9.6047398857602884E-002 
  -3.9358158736508032E-002  -0.1294585795172062       -0.1459545769898886      
  -6.2045496091322420E-002  -0.1581528150263566        0.2097214755219807      
   0.2074404899971133        0.1518299863494031        3.2697369845721982E-002 
   9.0957477445307452E-002   0.1175503605969238     
 COILS =   8.1687184809990113E-002   8.0913036115516701E-002 
   9.1328131943586036E-002   0.1133684574041760        0.2172056493959924      
  -1.5720550096233613E-003  -6.1547122710639869E-002   0.3123483887223183      
   2.3825840011168550E-002   8.1039110495301825E-002   8.1765562050816212E-002 
   8.8967813639729665E-002   0.1164542520686053        0.2244889242867807      
  -9.7104379529539106E-004  -6.4318180872467587E-002   0.3052294600654786      
   3.2455107043640130E-002   9.2362636792984995E-002   9.0775490282363189E-002 
   9.2656652715505675E-002   0.1055756710854610        0.1562341542669144      
   0.2420513799018928        5.0267976986758917E-002  -4.4261852907541817E-002 
  -2.1973809441270312E-002  -2.5865985326544466E-002   1.5333435917035168E-002 
   9.1046027654978975E-002   9.1920557535062258E-002   0.1054314273053299      
   0.1581739418590547        0.2404632158857724        3.4573925879233282E-002 
  -4.5894504092574631E-002  -2.0116009055961871E-002  -2.6070859984968050E-002 
   1.6328079604452428E-002   0.2081763521685909        0.1071094392878102      
   0.1763583881851463        0.1254017659261579        8.0943225498983987E-002
 BTOR =    2.000000000000000     
 RCENTR =    1.700000000000000     
 BRSP =   -41011.36535644531        -39438.36743164063      
   -4372.158081054688        -14513.96655273438         187647.6379394531      
   -115226.7265777588        -170481.5943450928         400843.1471557617      
   -179329.4864807129        -45335.42419433594        -32209.39074707031      
   -15346.54248046875        -8287.582275390625         206511.0074462891      
   -113530.6242218018        -175456.6863403320         374331.9180908203      
   -164682.4688110352         0.000000000000000         0.000000000000000      
    0.000000000000000         0.000000000000000         0.000000000000000      
    0.000000000000000         0.000000000000000         0.000000000000000      
    0.000000000000000         0.000000000000000         0.000000000000000      
    0.000000000000000         0.000000000000000         0.000000000000000      
    0.000000000000000         0.000000000000000         0.000000000000000      
    0.000000000000000         0.000000000000000         0.000000000000000      
    0.000000000000000         0.000000000000000         0.000000000000000      
    0.000000000000000         0.000000000000000         0.000000000000000      
    0.000000000000000         0.000000000000000         0.000000000000000      
    0.000000000000000         0.000000000000000         0.000000000000000      
    0.000000000000000         0.000000000000000         0.000000000000000      
    0.000000000000000         0.000000000000000         0.000000000000000      
    0.000000000000000         0.000000000000000         0.000000000000000      
    0.000000000000000         0.000000000000000         0.000000000000000      
    0.000000000000000         0.000000000000000         0.000000000000000      
    0.000000000000000         0.000000000000000         0.000000000000000      
    0.000000000000000         0.000000000000000         0.000000000000000      
    0.000000000000000         0.000000000000000         0.000000000000000      
    0.000000000000000         0.000000000000000         0.000000000000000      
    0.000000000000000         0.000000000000000         0.000000000000000      
    0.000000000000000         0.000000000000000         0.000000000000000      
    0.000000000000000         0.000000000000000         0.000000000000000      
    0.000000000000000         0.000000000000000         0.000000000000000      
    0.000000000000000         0.000000000000000         0.000000000000000      
    0.000000000000000         0.000000000000000         0.000000000000000      
    0.000000000000000         0.000000000000000         0.000000000000000      
    0.000000000000000         0.000000000000000         0.000000000000000      
    0.000000000000000         0.000000000000000         0.000000000000000      
    0.000000000000000         0.000000000000000         0.000000000000000      
    0.000000000000000         0.000000000000000         0.000000000000000      
    0.000000000000000         0.000000000000000         0.000000000000000      
    0.000000000000000         0.000000000000000         0.000000000000000      
    0.000000000000000         0.000000000000000         0.000000000000000      
    0.000000000000000         0.000000000000000         0.000000000000000      
    0.000000000000000         0.000000000000000         0.000000000000000      
    0.000000000000000         0.000000000000000         0.000000000000000      
    0.000000000000000         0.000000000000000         0.000000000000000      
    0.000000000000000         0.000000000000000         0.000000000000000      
    0.000000000000000         0.000000000000000         0.000000000000000      
    0.000000000000000         0.000000000000000         0.000000000000000      
    0.000000000000000         0.000000000000000         0.000000000000000      
    0.000000000000000         0.000000000000000         0.000000000000000      
    0.000000000000000         0.000000000000000         0.000000000000000      
    0.000000000000000         0.000000000000000         0.000000000000000      
    0.000000000000000         0.000000000000000         0.000000000000000      
    0.000000000000000         0.000000000000000         0.000000000000000      
    0.000000000000000         0.000000000000000         0.000000000000000      
    0.000000000000000         0.000000000000000         0.000000000000000      
    0.000000000000000         0.000000000000000         0.000000000000000      
    0.000000000000000         0.000000000000000         0.000000000000000      
    0.000000000000000         0.000000000000000         0.000000000000000      
    0.000000000000000         0.000000000000000         0.000000000000000      
    0.000000000000000         0.000000000000000         0.000000000000000      
    0.000000000000000         0.000000000000000         0.000000000000000      
    0.000000000000000         0.000000000000000         0.000000000000000      
    0.000000000000000         0.000000000000000         0.000000000000000      
    0.000000000000000         0.000000000000000         0.000000000000000      
    0.000000000000000         0.000000000000000         0.000000000000000      
    0.000000000000000         0.000000000000000         0.000000000000000      
    0.000000000000000         0.000000000000000         0.000000000000000      
    0.000000000000000         0.000000000000000         0.000000000000000      
    0.000000000000000         0.000000000000000         0.000000000000000      
    0.000000000000000         0.000000000000000         0.000000000000000      
    0.000000000000000         0.000000000000000         0.000000000000000      
    0.000000000000000         0.000000000000000         0.000000000000000      
    0.000000000000000         0.000000000000000         0.000000000000000      
    0.000000000000000         0.000000000000000         0.000000000000000      
    0.000000000000000         0.000000000000000         0.000000000000000      
    0.000000000000000         0.000000000000000         0.000000000000000      
    0.000000000000000         0.000000000000000         0.000000000000000      
    0.000000000000000         0.000000000000000         0.000000000000000      
    0.000000000000000         0.000000000000000         0.000000000000000      
    0.000000000000000         0.000000000000000         0.000000000000000      
    0.000000000000000         0.000000000000000         0.000000000000000      
    0.000000000000000         0.000000000000000         0.000000000000000      
    0.000000000000000         0.000000000000000         0.000000000000000      
    0.000000000000000         0.000000000000000         0.000000000000000      
    0.000000000000000         0.000000000000000         0.000000000000000      
    0.000000000000000         0.000000000000000         0.000000000000000      
    0.000000000000000         0.000000000000000         0.000000000000000      
    0.000000000000000         0.000000000000000         0.000000000000000      
    0.000000000000000         0.000000000000000         0.000000000000000      
    0.000000000000000         0.000000000000000         0.000000000000000      
    0.000000000000000         0.000000000000000         0.000000000000000      
    0.000000000000000         0.000000000000000         0.000000000000000      
    0.000000000000000         0.000000000000000         0.000000000000000      
    0.000000000000000         0.000000000000000         0.000000000000000      
    0.000000000000000         0.000000000000000         0.000000000000000      
    0.000000000000000         0.000000000000000         0.000000000000000      
    0.000000000000000         0.000000000000000         0.000000000000000      
    0.000000000000000         0.000000000000000         0.000000000000000      
    0.000000000000000         0.000000000000000         0.000000000000000      
    0.000000000000000         0.000000000000000         0.000000000000000      
    0.000000000000000         0.000000000000000         0.000000000000000      
    0.000000000000000         0.000000000000000         0.000000000000000      
    0.000000000000000         0.000000000000000         0.000000000000000      
    0.000000000000000         0.000000000000000         0.000000000000000      
    0.000000000000000         0.000000000000000         0.000000000000000      
    0.000000000000000         0.000000000000000         0.000000000000000      
    0.000000000000000         0.000000000000000         0.000000000000000      
    0.000000000000000         0.000000000000000         0.000000000000000      
    0.000000000000000         0.000000000000000         0.000000000000000      
    0.000000000000000         0.000000000000000         0.000000000000000      
    0.000000000000000         0.000000000000000         0.000000000000000      
    0.000000000000000         0.000000000000000         0.000000000000000      
    0.000000000000000         0.000000000000000         0.000000000000000      
    0.000000000000000         0.000000000000000         0.000000000000000      
    0.000000000000000         0.000000000000000         0.000000000000000      
    0.000000000000000         0.000000000000000         0.000000000000000      
    0.000000000000000         0.000000000000000         0.000000000000000      
    0.000000000000000         0.000000000000000         0.000000000000000      
    0.000000000000000         0.000000000000000         0.000000000000000      
    0.000000000000000         0.000000000000000         0.000000000000000      
    0.000000000000000         0.000000000000000         0.000000000000000      
    0.000000000000000         0.000000000000000         0.000000000000000      
    0.000000000000000         0.000000000000000         0.000000000000000      
    0.000000000000000         0.000000000000000         0.000000000000000      
    0.000000000000000         0.000000000000000         0.000000000000000      
    0.000000000000000         0.000000000000000         0.000000000000000      
    0.000000000000000         0.000000000000000         0.000000000000000      
    0.000000000000000         0.000000000000000         0.000000000000000      
    0.000000000000000         0.000000000000000         0.000000000000000      
    0.000000000000000         0.000000000000000         0.000000000000000      
    0.000000000000000         0.000000000000000         0.000000000000000      
    0.000000000000000         0.000000000000000         0.000000000000000      
    0.000000000000000         0.000000000000000         0.000000000000000      
    0.000000000000000         0.000000000000000         0.000000000000000      
    0.000000000000000         0.000000000000000         0.000000000000000      
    0.000000000000000         0.000000000000000         0.000000000000000      
    0.000000000000000         0.000000000000000         0.000000000000000      
    0.000000000000000         0.000000000000000         0.000000000000000      
    0.000000000000000         0.000000000000000         0.000000000000000      
    0.000000000000000         0.000000000000000         0.000000000000000      
    0.000000000000000         0.000000000000000         0.000000000000000      
    0.000000000000000         0.000000000000000         0.000000000000000      
    0.000000000000000         0.000000000000000         0.000000000000000      
    0.000000000000000         0.000000000000000         0.000000000000000      
    0.000000000000000         0.000000000000000         0.000000000000000      
    0.000000000000000         0.000000000000000         0.000000000000000      
    0.000000000000000         0.000000000000000         0.000000000000000      
    0.000000000000000         0.000000000000000         0.000000000000000      
    0.000000000000000         0.000000000000000         0.000000000000000      
    0.000000000000000         0.000000000000000         0.000000000000000      
    0.000000000000000         0.000000000000000         0.000000000000000      
    0.000000000000000         0.000000000000000         0.000000000000000      
    0.000000000000000         0.000000000000000         0.000000000000000      
    0.000000000000000         0.000000000000000         0.000000000000000      
    0.000000000000000         0.000000000000000         0.000000000000000      
    0.000000000000000         0.000000000000000         0.000000000000000      
    0.000000000000000         0.000000000000000         0.000000000000000      
    0.000000000000000         0.000000000000000         0.000000000000000      
    0.000000000000000         0.000000000000000         0.000000000000000      
    0.000000000000000         0.000000000000000         0.000000000000000      
    0.000000000000000         0.000000000000000         0.000000000000000      
    0.000000000000000         0.000000000000000         0.000000000000000      
    0.000000000000000         0.000000000000000         0.000000000000000      
    0.000000000000000         0.000000000000000         0.000000000000000      
    0.000000000000000         0.000000000000000         0.000000000000000      
    0.000000000000000         0.000000000000000         0.000000000000000      
    0.000000000000000         0.000000000000000         0.000000000000000      
    0.000000000000000         0.000000000000000         0.000000000000000      
    0.000000000000000         0.000000000000000         0.000000000000000      
    0.000000000000000         0.000000000000000         0.000000000000000      
    0.000000000000000         0.000000000000000         0.000000000000000      
    0.000000000000000         0.000000000000000         0.000000000000000      
    0.000000000000000         0.000000000000000         0.000000000000000      
    0.000000000000000         0.000000000000000         0.000000000000000      
    0.000000000000000         0.000000000000000         0.000000000000000      
    0.000000000000000         0.000000000000000         0.000000000000000      
    0.000000000000000         0.000000000000000         0.000000000000000      
    0.000000000000000         0.000000000000000         0.000000000000000      
    0.000000000000000         0.000000000000000         0.000000000000000      
    0.000000000000000         0.000000000000000         0.000000000000000      
    0.000000000000000         0.000000000000000         0.000000000000000      
    0.000000000000000         0.000000000000000         0.000000000000000      
    0.000000000000000         0.000000000000000         0.000000000000000      
    0.000000000000000         0.000000000000000         0.000000000000000      
    0.000000000000000         0.000000000000000         0.000000000000000      
    0.000000000000000         0.000000000000000         0.000000000000000      
    0.000000000000000         0.000000000000000         0.000000000000000      
    0.000000000000000         0.000000000000000         0.000000000000000      
    0.000000000000000         0.000000000000000         0.000000000000000      
    0.000000000000000         0.000000000000000         0.000000000000000      
    0.000000000000000         0.000000000000000         0.000000000000000      
    0.000000000000000         0.000000000000000         0.000000000000000      
    0.000000000000000         0.000000000000000         0.000000000000000      
    0.000000000000000         0.000000000000000         0.000000000000000      
    0.000000000000000         0.000000000000000         0.000000000000000      
    0.000000000000000         0.000000000000000         0.000000000000000      
    0.000000000000000         0.000000000000000         0.000000000000000      
    0.000000000000000         0.000000000000000         0.000000000000000      
    0.000000000000000         0.000000000000000         0.000000000000000      
    0.000000000000000         0.000000000000000         0.000000000000000      
    0.000000000000000         0.000000000000000         0.000000000000000      
    0.000000000000000         0.000000000000000         0.000000000000000      
    0.000000000000000         0.000000000000000         0.000000000000000      
    0.000000000000000         0.000000000000000         0.000000000000000     
 ICURRT =            2
 RBDRY =    1.135229948602495         1.136935506052016      
    1.142203174137987         1.148422697250929         1.158750000000000      
    1.171120939071063         1.184342423504705         1.198593750000000      
    1.211875000000000         1.230043669892684         1.250692369109098      
    1.265137805245430         1.287707957996346         1.304843750000000      
    1.328937927106255         1.351418627959354         1.358149755918707      
    1.411093750000000         1.450937500000000         1.490781250000000      
    1.535971092828061         1.583750000000000         1.623593750000000      
    1.663437500000000         1.703281250000000         1.743125000000000      
    1.779664149346140         1.811272782220086         1.849375000000000      
    1.889218750000000         1.920572337730371         1.955625000000000      
    1.989302598281014         2.022031250000000         2.048593750000000      
    2.082919057652284         2.113368766361355         2.140474633628392      
    2.164727882228369         2.186481232675086         2.207968750000000      
    2.231284272248559         2.247812500000000         2.262380004266886      
    2.272990013993094         2.269511894497120         2.257526108184329      
    2.238847819480470         2.221250000000000         2.196444489015213      
    2.175793613343890         2.152762276335417         2.127089229034542      
    2.098372213835042         2.066085756573299         2.035312500000000      
    2.008750000000000         1.968906250000000         1.942343750000000      
    1.902500000000000         1.870141405944215         1.836093750000000      
    1.796250000000000         1.756406250000000         1.716562500000000      
    1.676718750000000         1.636875000000000         1.597031250000000      
    1.557187500000000         1.517343750000000         1.477500000000000      
    1.428136501069911         1.384531250000000         1.357616755412423      
    1.331406250000000         1.311854787692429         1.291562500000000      
    1.273241407747799         1.251718750000000         1.237496454285242      
    1.217743709795374         1.199899505610103         1.185312500000000      
    1.172031250000000         1.159774817752776         1.150865019545441      
    1.144104216027563         1.138023903674674         1.135355345954830      
    1.135229948602495         0.000000000000000         0.000000000000000      
    0.000000000000000         0.000000000000000         0.000000000000000      
    0.000000000000000         0.000000000000000         0.000000000000000      
    0.000000000000000         0.000000000000000         0.000000000000000      
    0.000000000000000         0.000000000000000         0.000000000000000      
    0.000000000000000         0.000000000000000         0.000000000000000      
    0.000000000000000         0.000000000000000         0.000000000000000      
    0.000000000000000         0.000000000000000         0.000000000000000      
    0.000000000000000         0.000000000000000         0.000000000000000      
    0.000000000000000         0.000000000000000         0.000000000000000      
    0.000000000000000         0.000000000000000         0.000000000000000      
    0.000000000000000         0.000000000000000         0.000000000000000      
    0.000000000000000         0.000000000000000         0.000000000000000      
    0.000000000000000         0.000000000000000         0.000000000000000      
    0.000000000000000         0.000000000000000         0.000000000000000      
    0.000000000000000         0.000000000000000         0.000000000000000      
    0.000000000000000         0.000000000000000         0.000000000000000      
    0.000000000000000         0.000000000000000         0.000000000000000      
    0.000000000000000         0.000000000000000         0.000000000000000      
    0.000000000000000         0.000000000000000         0.000000000000000      
    0.000000000000000         0.000000000000000         0.000000000000000      
    0.000000000000000         0.000000000000000         0.000000000000000      
    0.000000000000000         0.000000000000000         0.000000000000000      
    0.000000000000000         0.000000000000000         0.000000000000000      
    0.000000000000000         0.000000000000000         0.000000000000000      
    0.000000000000000         0.000000000000000         0.000000000000000      
    0.000000000000000         0.000000000000000         0.000000000000000      
    0.000000000000000         0.000000000000000         0.000000000000000      
    0.000000000000000         0.000000000000000         0.000000000000000      
    0.000000000000000         0.000000000000000         0.000000000000000      
    0.000000000000000         0.000000000000000         0.000000000000000      
    0.000000000000000         0.000000000000000         0.000000000000000      
    0.000000000000000         0.000000000000000         0.000000000000000      
    0.000000000000000         0.000000000000000         0.000000000000000      
    0.000000000000000         0.000000000000000         0.000000000000000      
    0.000000000000000         0.000000000000000         0.000000000000000      
    0.000000000000000         0.000000000000000         0.000000000000000      
    0.000000000000000         0.000000000000000         0.000000000000000      
    0.000000000000000         0.000000000000000         0.000000000000000      
    0.000000000000000         0.000000000000000         0.000000000000000      
    0.000000000000000         0.000000000000000         0.000000000000000      
    0.000000000000000         0.000000000000000         0.000000000000000      
    0.000000000000000         0.000000000000000         0.000000000000000      
    0.000000000000000         0.000000000000000         0.000000000000000      
    0.000000000000000         0.000000000000000         0.000000000000000      
    0.000000000000000         0.000000000000000         0.000000000000000      
    0.000000000000000         0.000000000000000         0.000000000000000      
    0.000000000000000         0.000000000000000         0.000000000000000      
    0.000000000000000         0.000000000000000         0.000000000000000      
    0.000000000000000         0.000000000000000         0.000000000000000      
    0.000000000000000         0.000000000000000         0.000000000000000      
    0.000000000000000         0.000000000000000         0.000000000000000      
    0.000000000000000         0.000000000000000         0.000000000000000      
    0.000000000000000         0.000000000000000         0.000000000000000      
    0.000000000000000         0.000000000000000         0.000000000000000      
    0.000000000000000         0.000000000000000         0.000000000000000      
    0.000000000000000         0.000000000000000         0.000000000000000      
    0.000000000000000         0.000000000000000         0.000000000000000      
    0.000000000000000         0.000000000000000         0.000000000000000      
    0.000000000000000         0.000000000000000         0.000000000000000      
    0.000000000000000         0.000000000000000         0.000000000000000      
    0.000000000000000         0.000000000000000         0.000000000000000      
    0.000000000000000         0.000000000000000         0.000000000000000      
    0.000000000000000         0.000000000000000         0.000000000000000      
    0.000000000000000         0.000000000000000         0.000000000000000      
    0.000000000000000         0.000000000000000         0.000000000000000      
    0.000000000000000         0.000000000000000         0.000000000000000      
    0.000000000000000         0.000000000000000         0.000000000000000      
    0.000000000000000         0.000000000000000         0.000000000000000      
    0.000000000000000         0.000000000000000         0.000000000000000      
    0.000000000000000     
 ZBDRY =    0.000000000000000        0.1000000000000001      
   0.2000000000000000        0.2749999999999999        0.3654109822526711      
   0.4500000000000002        0.5249999999999999        0.5949873693165819      
   0.6529606105916606        0.7250000000000001        0.8000000000000003      
   0.8500000000000001        0.9250000000000003        0.9798940297697476      
    1.050000000000000         1.111180551509214         1.127294685968712      
    1.106819583901063         1.089822575399777         1.071717458064307      
    1.050000000000000         1.025623457906155         1.003665257354944      
   0.9800757887386583        0.9546957041106805        0.9272731452418997      
   0.8999999999999999        0.8750000000000000        0.8425724853787522      
   0.8059669654079434        0.7749999999999999        0.7381171376551886      
   0.7000000000000002        0.6600670240092343        0.6247769681134996      
   0.5750000000000002        0.5249999999999999        0.4750000000000001      
   0.4249999999999998        0.3750000000000000        0.3191374118370220      
   0.2500000000000000        0.1912143307176830        0.1250000000000000      
   2.4999999999999911E-002  -7.4999999999999956E-002  -0.1499999999999999      
  -0.2250000000000001       -0.2814114507486289       -0.3500000000000001      
  -0.3999999999999999       -0.4500000000000000       -0.5000000000000000      
  -0.5500000000000000       -0.6000000000000001       -0.6426790062805999      
  -0.6768956965979944       -0.7237756588885825       -0.7531539983536572      
  -0.7940520787793705       -0.8250000000000001       -0.8557254251051591      
  -0.8889420357838166       -0.9195615381051070       -0.9477909804025894      
  -0.9738898384523491       -0.9981385263732988        -1.020750039072621      
   -1.041836690630588        -1.061525198630678        -1.079695190119819      
   -1.100000000000000        -1.117866302867114        -1.129072245073710      
   -1.058159802995228        -1.000000000000000       -0.9364898675983057      
  -0.8750000000000000       -0.8009173593610932       -0.7500000000000000      
  -0.6750000000000000       -0.6000000000000001       -0.5302874055989104      
  -0.4567685571497868       -0.3750000000000000       -0.3000000000000000      
  -0.2250000000000001       -0.1250000000000000       -2.4999999999999911E-002 
    0.000000000000000         0.000000000000000         0.000000000000000      
    0.000000000000000         0.000000000000000         0.000000000000000      
    0.000000000000000         0.000000000000000         0.000000000000000      
    0.000000000000000         0.000000000000000         0.000000000000000      
    0.000000000000000         0.000000000000000         0.000000000000000      
    0.000000000000000         0.000000000000000         0.000000000000000      
    0.000000000000000         0.000000000000000         0.000000000000000      
    0.000000000000000         0.000000000000000         0.000000000000000      
    0.000000000000000         0.000000000000000         0.000000000000000      
    0.000000000000000         0.000000000000000         0.000000000000000      
    0.000000000000000         0.000000000000000         0.000000000000000      
    0.000000000000000         0.000000000000000         0.000000000000000      
    0.000000000000000         0.000000000000000         0.000000000000000      
    0.000000000000000         0.000000000000000         0.000000000000000      
    0.000000000000000         0.000000000000000         0.000000000000000      
    0.000000000000000         0.000000000000000         0.000000000000000      
    0.000000000000000         0.000000000000000         0.000000000000000      
    0.000000000000000         0.000000000000000         0.000000000000000      
    0.000000000000000         0.000000000000000         0.000000000000000      
    0.000000000000000         0.000000000000000         0.000000000000000      
    0.000000000000000         0.000000000000000         0.000000000000000      
    0.000000000000000         0.000000000000000         0.000000000000000      
    0.000000000000000         0.000000000000000         0.000000000000000      
    0.000000000000000         0.000000000000000         0.000000000000000      
    0.000000000000000         0.000000000000000         0.000000000000000      
    0.000000000000000         0.000000000000000         0.000000000000000      
    0.000000000000000         0.000000000000000         0.000000000000000      
    0.000000000000000         0.000000000000000         0.000000000000000      
    0.000000000000000         0.000000000000000         0.000000000000000      
    0.000000000000000         0.000000000000000         0.000000000000000      
    0.000000000000000         0.000000000000000         0.000000000000000      
    0.000000000000000         0.000000000000000         0.000000000000000      
    0.000000000000000         0.000000000000000         0.000000000000000      
    0.000000000000000         0.000000000000000         0.000000000000000      
    0.000000000000000         0.000000000000000         0.000000000000000      
    0.000000000000000         0.000000000000000         0.000000000000000      
    0.000000000000000         0.000000000000000         0.000000000000000      
    0.000000000000000         0.000000000000000         0.000000000000000      
    0.000000000000000         0.000000000000000         0.000000000000000      
    0.000000000000000         0.000000000000000         0.000000000000000      
    0.000000000000000         0.000000000000000         0.000000000000000      
    0.000000000000000         0.000000000000000         0.000000000000000      
    0.000000000000000         0.000000000000000         0.000000000000000      
    0.000000000000000         0.000000000000000         0.000000000000000      
    0.000000000000000         0.000000000000000         0.000000000000000      
    0.000000000000000         0.000000000000000         0.000000000000000      
    0.000000000000000         0.000000000000000         0.000000000000000      
    0.000000000000000         0.000000000000000         0.000000000000000      
    0.000000000000000         0.000000000000000         0.000000000000000      
    0.000000000000000         0.000000000000000         0.000000000000000      
    0.000000000000000         0.000000000000000         0.000000000000000      
    0.000000000000000         0.000000000000000         0.000000000000000      
    0.000000000000000         0.000000000000000         0.000000000000000      
    0.000000000000000         0.000000000000000         0.000000000000000      
    0.000000000000000         0.000000000000000         0.000000000000000      
    0.000000000000000         0.000000000000000         0.000000000000000      
    0.000000000000000         0.000000000000000         0.000000000000000      
    0.000000000000000         0.000000000000000         0.000000000000000      
    0.000000000000000         0.000000000000000         0.000000000000000      
    0.000000000000000         0.000000000000000         0.000000000000000      
    0.000000000000000         0.000000000000000         0.000000000000000      
    0.000000000000000         0.000000000000000         0.000000000000000      
    0.000000000000000         0.000000000000000         0.000000000000000      
    0.000000000000000         0.000000000000000         0.000000000000000      
    0.000000000000000         0.000000000000000         0.000000000000000      
    0.000000000000000         0.000000000000000         0.000000000000000      
    0.000000000000000         0.000000000000000         0.000000000000000      
    0.000000000000000         0.000000000000000         0.000000000000000      
    0.000000000000000         0.000000000000000         0.000000000000000      
    0.000000000000000         0.000000000000000         0.000000000000000      
    0.000000000000000     
 NBDRY =           90
 FWTSI =    0.000000000000000         0.000000000000000      
    0.000000000000000         0.000000000000000         0.000000000000000      
    0.000000000000000         0.000000000000000         0.000000000000000      
    0.000000000000000         0.000000000000000         0.000000000000000      
    0.000000000000000         0.000000000000000         0.000000000000000      
    0.000000000000000         0.000000000000000         0.000000000000000      
    0.000000000000000         0.000000000000000         0.000000000000000      
    0.000000000000000         0.000000000000000         0.000000000000000      
    0.000000000000000         0.000000000000000         0.000000000000000      
    0.000000000000000         0.000000000000000         0.000000000000000      
    0.000000000000000         0.000000000000000         0.000000000000000      
    0.000000000000000         0.000000000000000         0.000000000000000      
    0.000000000000000         0.000000000000000         0.000000000000000      
    0.000000000000000         0.000000000000000         0.000000000000000      
    0.000000000000000         0.000000000000000         0.000000000000000     
 FWTCUR =    0.000000000000000     
 MXITER =            1
 NXITER =           51
 LIMITR =            5
 XLIM =    2.286500000000000         1.113500000000000      
    1.113500000000000         2.286500000000000         2.286500000000000      
    2.286500000000000         0.000000000000000         0.000000000000000      
    0.000000000000000         0.000000000000000         0.000000000000000      
    0.000000000000000         0.000000000000000         0.000000000000000      
    0.000000000000000         0.000000000000000         0.000000000000000      
    0.000000000000000         0.000000000000000         0.000000000000000      
    0.000000000000000         0.000000000000000         0.000000000000000      
    0.000000000000000         0.000000000000000         0.000000000000000      
    0.000000000000000         0.000000000000000         0.000000000000000      
    0.000000000000000         0.000000000000000         0.000000000000000      
    0.000000000000000         0.000000000000000         0.000000000000000      
    0.000000000000000         0.000000000000000         0.000000000000000      
    0.000000000000000         0.000000000000000         0.000000000000000      
    0.000000000000000         0.000000000000000         0.000000000000000      
    0.000000000000000         0.000000000000000         0.000000000000000      
    0.000000000000000         0.000000000000000         0.000000000000000      
    0.000000000000000         0.000000000000000         0.000000000000000      
    0.000000000000000         0.000000000000000         0.000000000000000      
    0.000000000000000         0.000000000000000         0.000000000000000      
    0.000000000000000         0.000000000000000         0.000000000000000      
    0.000000000000000         0.000000000000000         0.000000000000000      
    0.000000000000000         0.000000000000000         0.000000000000000      
    0.000000000000000         0.000000000000000         0.000000000000000      
    0.000000000000000         0.000000000000000         0.000000000000000      
    0.000000000000000         0.000000000000000         0.000000000000000      
    0.000000000000000         0.000000000000000         0.000000000000000      
    0.000000000000000         0.000000000000000         0.000000000000000      
    0.000000000000000         0.000000000000000         0.000000000000000      
    0.000000000000000         0.000000000000000         0.000000000000000      
    0.000000000000000         0.000000000000000         0.000000000000000      
    0.000000000000000         0.000000000000000         0.000000000000000      
    0.000000000000000         0.000000000000000         0.000000000000000      
    0.000000000000000         0.000000000000000         0.000000000000000      
    0.000000000000000         0.000000000000000         0.000000000000000      
    0.000000000000000         0.000000000000000         0.000000000000000      
    0.000000000000000         0.000000000000000         0.000000000000000      
    0.000000000000000         0.000000000000000         0.000000000000000      
    0.000000000000000         0.000000000000000         0.000000000000000      
    0.000000000000000         0.000000000000000         0.000000000000000      
    0.000000000000000         0.000000000000000         0.000000000000000      
    0.000000000000000         0.000000000000000         0.000000000000000      
    0.000000000000000         0.000000000000000         0.000000000000000      
    0.000000000000000         0.000000000000000         0.000000000000000      
    0.000000000000000         0.000000000000000         0.000000000000000      
    0.000000000000000         0.000000000000000         0.000000000000000      
    0.000000000000000         0.000000000000000         0.000000000000000      
    0.000000000000000         0.000000000000000         0.000000000000000      
    0.000000000000000         0.000000000000000         0.000000000000000      
    0.000000000000000         0.000000000000000         0.000000000000000      
    0.000000000000000         0.000000000000000         0.000000000000000      
    0.000000000000000         0.000000000000000         0.000000000000000      
    0.000000000000000         0.000000000000000         0.000000000000000      
    0.000000000000000         0.000000000000000     
 YLIM =    1.151750000000000         1.151750000000000      
   -1.151750000000000        -1.151750000000000         1.151750000000000      
    1.151750000000000         0.000000000000000         0.000000000000000      
    0.000000000000000         0.000000000000000         0.000000000000000      
    0.000000000000000         0.000000000000000         0.000000000000000      
    0.000000000000000         0.000000000000000         0.000000000000000      
    0.000000000000000         0.000000000000000         0.000000000000000      
    0.000000000000000         0.000000000000000         0.000000000000000      
    0.000000000000000         0.000000000000000         0.000000000000000      
    0.000000000000000         0.000000000000000         0.000000000000000      
    0.000000000000000         0.000000000000000         0.000000000000000      
    0.000000000000000         0.000000000000000         0.000000000000000      
    0.000000000000000         0.000000000000000         0.000000000000000      
    0.000000000000000         0.000000000000000         0.000000000000000      
    0.000000000000000         0.000000000000000         0.000000000000000      
    0.000000000000000         0.000000000000000         0.000000000000000      
    0.000000000000000         0.000000000000000         0.000000000000000      
    0.000000000000000         0.000000000000000         0.000000000000000      
    0.000000000000000         0.000000000000000         0.000000000000000      
    0.000000000000000         0.000000000000000         0.000000000000000      
    0.000000000000000         0.000000000000000         0.000000000000000      
    0.000000000000000         0.000000000000000         0.000000000000000      
    0.000000000000000         0.000000000000000         0.000000000000000      
    0.000000000000000         0.000000000000000         0.000000000000000      
    0.000000000000000         0.000000000000000         0.000000000000000      
    0.000000000000000         0.000000000000000         0.000000000000000      
    0.000000000000000         0.000000000000000         0.000000000000000      
    0.000000000000000         0.000000000000000         0.000000000000000      
    0.000000000000000         0.000000000000000         0.000000000000000      
    0.000000000000000         0.000000000000000         0.000000000000000      
    0.000000000000000         0.000000000000000         0.000000000000000      
    0.000000000000000         0.000000000000000         0.000000000000000      
    0.000000000000000         0.000000000000000         0.000000000000000      
    0.000000000000000         0.000000000000000         0.000000000000000      
    0.000000000000000         0.000000000000000         0.000000000000000      
    0.000000000000000         0.000000000000000         0.000000000000000      
    0.000000000000000         0.000000000000000         0.000000000000000      
    0.000000000000000         0.000000000000000         0.000000000000000      
    0.000000000000000         0.000000000000000         0.000000000000000      
    0.000000000000000         0.000000000000000         0.000000000000000      
    0.000000000000000         0.000000000000000         0.000000000000000      
    0.000000000000000         0.000000000000000         0.000000000000000      
    0.000000000000000         0.000000000000000         0.000000000000000      
    0.000000000000000         0.000000000000000         0.000000000000000      
    0.000000000000000         0.000000000000000         0.000000000000000      
    0.000000000000000         0.000000000000000         0.000000000000000      
    0.000000000000000         0.000000000000000         0.000000000000000      
    0.000000000000000         0.000000000000000         0.000000000000000      
    0.000000000000000         0.000000000000000         0.000000000000000      
    0.000000000000000         0.000000000000000         0.000000000000000      
    0.000000000000000         0.000000000000000         0.000000000000000      
    0.000000000000000         0.000000000000000         0.000000000000000      
    0.000000000000000         0.000000000000000         0.000000000000000      
    0.000000000000000         0.000000000000000     
 ERROR =   1.0000000000000000E-004
 ICONVR =            3
 IBUNMN =            3
 PRESSR =    0.000000000000000         0.000000000000000      
    0.000000000000000         0.000000000000000         0.000000000000000      
    0.000000000000000         0.000000000000000         0.000000000000000      
    0.000000000000000         0.000000000000000         0.000000000000000      
    0.000000000000000         0.000000000000000         0.000000000000000      
    0.000000000000000         0.000000000000000         0.000000000000000      
    0.000000000000000         0.000000000000000         0.000000000000000      
    0.000000000000000         0.000000000000000         0.000000000000000      
    0.000000000000000         0.000000000000000         0.000000000000000      
    0.000000000000000         0.000000000000000         0.000000000000000      
    0.000000000000000         0.000000000000000         0.000000000000000      
    0.000000000000000         0.000000000000000         0.000000000000000      
    0.000000000000000         0.000000000000000         0.000000000000000      
    0.000000000000000         0.000000000000000         0.000000000000000      
    0.000000000000000         0.000000000000000         0.000000000000000      
    0.000000000000000         0.000000000000000         0.000000000000000      
    0.000000000000000         0.000000000000000         0.000000000000000      
    0.000000000000000         0.000000000000000         0.000000000000000      
    0.000000000000000         0.000000000000000         0.000000000000000      
    0.000000000000000         0.000000000000000         0.000000000000000      
    0.000000000000000         0.000000000000000         0.000000000000000      
    0.000000000000000         0.000000000000000         0.000000000000000      
    0.000000000000000         0.000000000000000         0.000000000000000      
    0.000000000000000         0.000000000000000         0.000000000000000      
    0.000000000000000         0.000000000000000         0.000000000000000      
    0.000000000000000         0.000000000000000         0.000000000000000      
    0.000000000000000         0.000000000000000         0.000000000000000      
    0.000000000000000         0.000000000000000         0.000000000000000      
    0.000000000000000         0.000000000000000         0.000000000000000      
    0.000000000000000         0.000000000000000         0.000000000000000      
    0.000000000000000         0.000000000000000         0.000000000000000      
    0.000000000000000         0.000000000000000         0.000000000000000      
    0.000000000000000         0.000000000000000         0.000000000000000      
    0.000000000000000         0.000000000000000         0.000000000000000      
    0.000000000000000         0.000000000000000         0.000000000000000      
    0.000000000000000         0.000000000000000         0.000000000000000      
    0.000000000000000         0.000000000000000         0.000000000000000      
    0.000000000000000         0.000000000000000         0.000000000000000      
    0.000000000000000         0.000000000000000         0.000000000000000      
    0.000000000000000         0.000000000000000         0.000000000000000      
    0.000000000000000         0.000000000000000         0.000000000000000      
    0.000000000000000         0.000000000000000         0.000000000000000      
    0.000000000000000         0.000000000000000         0.000000000000000      
    0.000000000000000         0.000000000000000         0.000000000000000      
    0.000000000000000         0.000000000000000         0.000000000000000      
    0.000000000000000         0.000000000000000         0.000000000000000      
    0.000000000000000         0.000000000000000         0.000000000000000      
    0.000000000000000         0.000000000000000         0.000000000000000      
    0.000000000000000         0.000000000000000         0.000000000000000      
    0.000000000000000         0.000000000000000         0.000000000000000      
    0.000000000000000         0.000000000000000         0.000000000000000      
    0.000000000000000         0.000000000000000         0.000000000000000      
    0.000000000000000         0.000000000000000         0.000000000000000      
    0.000000000000000         0.000000000000000         0.000000000000000      
    0.000000000000000         0.000000000000000         0.000000000000000      
    0.000000000000000         0.000000000000000         0.000000000000000      
    0.000000000000000         0.000000000000000         0.000000000000000      
    0.000000000000000         0.000000000000000         0.000000000000000      
    0.000000000000000         0.000000000000000         0.000000000000000      
    0.000000000000000         0.000000000000000         0.000000000000000      
    0.000000000000000         0.000000000000000         0.000000000000000      
    0.000000000000000         0.000000000000000         0.000000000000000      
    0.000000000000000         0.000000000000000         0.000000000000000      
    0.000000000000000         0.000000000000000         0.000000000000000      
    0.000000000000000         0.000000000000000         0.000000000000000      
    0.000000000000000         0.000000000000000         0.000000000000000      
    0.000000000000000         0.000000000000000         0.000000000000000      
    0.000000000000000     
 RPRESS =    0.000000000000000         0.000000000000000      
    0.000000000000000         0.000000000000000         0.000000000000000      
    0.000000000000000         0.000000000000000         0.000000000000000      
    0.000000000000000         0.000000000000000         0.000000000000000      
    0.000000000000000         0.000000000000000         0.000000000000000      
    0.000000000000000         0.000000000000000         0.000000000000000      
    0.000000000000000         0.000000000000000         0.000000000000000      
    0.000000000000000         0.000000000000000         0.000000000000000      
    0.000000000000000         0.000000000000000         0.000000000000000      
    0.000000000000000         0.000000000000000         0.000000000000000      
    0.000000000000000         0.000000000000000         0.000000000000000      
    0.000000000000000         0.000000000000000         0.000000000000000      
    0.000000000000000         0.000000000000000         0.000000000000000      
    0.000000000000000         0.000000000000000         0.000000000000000      
    0.000000000000000         0.000000000000000         0.000000000000000      
    0.000000000000000         0.000000000000000         0.000000000000000      
    0.000000000000000         0.000000000000000         0.000000000000000      
    0.000000000000000         0.000000000000000         0.000000000000000      
    0.000000000000000         0.000000000000000         0.000000000000000      
    0.000000000000000         0.000000000000000         0.000000000000000      
    0.000000000000000         0.000000000000000         0.000000000000000      
    0.000000000000000         0.000000000000000         0.000000000000000      
    0.000000000000000         0.000000000000000         0.000000000000000      
    0.000000000000000         0.000000000000000         0.000000000000000      
    0.000000000000000         0.000000000000000         0.000000000000000      
    0.000000000000000         0.000000000000000         0.000000000000000      
    0.000000000000000         0.000000000000000         0.000000000000000      
    0.000000000000000         0.000000000000000         0.000000000000000      
    0.000000000000000         0.000000000000000         0.000000000000000      
    0.000000000000000         0.000000000000000         0.000000000000000      
    0.000000000000000         0.000000000000000         0.000000000000000      
    0.000000000000000         0.000000000000000         0.000000000000000      
    0.000000000000000         0.000000000000000         0.000000000000000      
    0.000000000000000         0.000000000000000         0.000000000000000      
    0.000000000000000         0.000000000000000         0.000000000000000      
    0.000000000000000         0.000000000000000         0.000000000000000      
    0.000000000000000         0.000000000000000         0.000000000000000      
    0.000000000000000         0.000000000000000         0.000000000000000      
    0.000000000000000         0.000000000000000         0.000000000000000      
    0.000000000000000         0.000000000000000         0.000000000000000      
    0.000000000000000         0.000000000000000         0.000000000000000      
    0.000000000000000         0.000000000000000         0.000000000000000      
    0.000000000000000         0.000000000000000         0.000000000000000      
    0.000000000000000         0.000000000000000         0.000000000000000      
    0.000000000000000         0.000000000000000         0.000000000000000      
    0.000000000000000         0.000000000000000         0.000000000000000      
    0.000000000000000         0.000000000000000         0.000000000000000      
    0.000000000000000         0.000000000000000         0.000000000000000      
    0.000000000000000         0.000000000000000         0.000000000000000      
    0.000000000000000         0.000000000000000         0.000000000000000      
    0.000000000000000         0.000000000000000         0.000000000000000      
    0.000000000000000         0.000000000000000         0.000000000000000      
    0.000000000000000         0.000000000000000         0.000000000000000      
    0.000000000000000         0.000000000000000         0.000000000000000      
    0.000000000000000         0.000000000000000         0.000000000000000      
    0.000000000000000         0.000000000000000         0.000000000000000      
    0.000000000000000         0.000000000000000         0.000000000000000      
    0.000000000000000         0.000000000000000         0.000000000000000      
    0.000000000000000         0.000000000000000         0.000000000000000      
    0.000000000000000         0.000000000000000         0.000000000000000      
    0.000000000000000         0.000000000000000         0.000000000000000      
    0.000000000000000         0.000000000000000         0.000000000000000      
    0.000000000000000         0.000000000000000         0.000000000000000      
    0.000000000000000         0.000000000000000         0.000000000000000      
    0.000000000000000         0.000000000000000         0.000000000000000      
    0.000000000000000         0.000000000000000         0.000000000000000      
    0.000000000000000         0.000000000000000         0.000000000000000      
    0.000000000000000     
 QPSI =    5.052664723647392         4.823377305145899      
    4.643489924703760         4.521649075271020         4.424899377506712      
    4.345014387871895         4.277183358713300         4.218247247359653      
    4.164579188672259         4.116634959213939         4.073672882395868      
    4.033023984103951         3.997105128972111         3.962736736065655      
    3.931511577856609         3.902005277184765         3.874687466572717      
    3.849237604939909         3.825044457888375         3.802708952403131      
    3.781274946951459         3.761209010705104         3.742599907196358      
    3.724544885776050         3.707643496243471         3.691937668022287      
    3.676683325571299         3.662405294594886         3.648926073031336      
    3.636106563270681         3.623890629624218         3.612389243364044      
    3.601537322156708         3.591173930393672         3.581326163240083      
    3.572114892010727         3.563420316953211         3.554992790747173      
    3.547174859358708         3.539844343993749         3.532885465562644      
    3.526283800153904         3.520069009400155         3.514313160253295      
    3.508937583821373         3.503801951370415         3.499077872839860      
    3.494649113952891         3.490632582150312         3.486856728332909      
    3.483329593916921         3.480160468093025         3.477313275766632      
    3.474766036487709         3.472416607313633         3.470345503674883      
    3.468554152581803         3.467089141579251         3.465785848327827      
    3.464651972176990         3.463774555115702         3.463273408733953      
    3.463200039833749         3.463594771826305         3.464577180862044      
    3.466350232996307         3.469001785499541         3.472614662873049      
    3.477182034127416         3.482775709085409         3.489455942129789      
    3.497300439840365         3.506323745189968         3.516577923323657      
    3.528058225300923         3.540830047001361         3.554913246481980      
    3.570382616335637         3.587237588302352         3.605509193186834      
    3.625272471524820         3.646538363405993         3.669321093042618      
    3.693662889145373         3.719703968138208         3.747421550106957      
    3.776870459529600         3.808101371885206         3.841122874678001      
    3.876026296170257         3.913091410355754         3.952122506560495      
    3.993157009362196         4.036376296038735         4.081915237708206      
    4.129898095266023         4.180387332077884         4.233370480726839      
    4.288869540237778         4.347774498108993         4.409626358015353      
    4.474194620169356         4.541509596119107         4.611446653976862      
    4.683255218908295         4.756364856902238         4.830047329150399      
    4.904891446967766         4.979440856990747         5.053003364439562      
    5.124728282771098         5.193012105247147         5.256797782908886      
    5.314487464293577         5.366012556421638         5.411129348894149      
    5.451160896758774         5.487985854200210         5.526136306103354      
    5.568387107753856         5.620189031445705         5.687480874986881      
    5.775647137113443         5.893959029299782         6.052546519366195      
    6.273157482151962         6.597817005183302         7.163332213990714      
    10.11423414427097     
 PRESSW =    0.000000000000000         0.000000000000000      
    0.000000000000000         0.000000000000000         0.000000000000000      
    0.000000000000000         0.000000000000000         0.000000000000000      
    0.000000000000000         0.000000000000000         0.000000000000000      
    0.000000000000000         0.000000000000000         0.000000000000000      
    0.000000000000000         0.000000000000000         0.000000000000000      
    0.000000000000000         0.000000000000000         0.000000000000000      
    0.000000000000000         0.000000000000000         0.000000000000000      
    0.000000000000000         0.000000000000000         0.000000000000000      
    0.000000000000000         0.000000000000000         0.000000000000000      
    0.000000000000000         0.000000000000000         0.000000000000000      
    0.000000000000000         0.000000000000000         0.000000000000000      
    0.000000000000000         0.000000000000000         0.000000000000000      
    0.000000000000000         0.000000000000000         0.000000000000000      
    0.000000000000000         0.000000000000000         0.000000000000000      
    0.000000000000000         0.000000000000000         0.000000000000000      
    0.000000000000000         0.000000000000000         0.000000000000000      
    0.000000000000000         0.000000000000000         0.000000000000000      
    0.000000000000000         0.000000000000000         0.000000000000000      
    0.000000000000000         0.000000000000000         0.000000000000000      
    0.000000000000000         0.000000000000000         0.000000000000000      
    0.000000000000000         0.000000000000000         0.000000000000000      
    0.000000000000000         0.000000000000000         0.000000000000000      
    0.000000000000000         0.000000000000000         0.000000000000000      
    0.000000000000000         0.000000000000000         0.000000000000000      
    0.000000000000000         0.000000000000000         0.000000000000000      
    0.000000000000000         0.000000000000000         0.000000000000000      
    0.000000000000000         0.000000000000000         0.000000000000000      
    0.000000000000000         0.000000000000000         0.000000000000000      
    0.000000000000000         0.000000000000000         0.000000000000000      
    0.000000000000000         0.000000000000000         0.000000000000000      
    0.000000000000000         0.000000000000000         0.000000000000000      
    0.000000000000000         0.000000000000000         0.000000000000000      
    0.000000000000000         0.000000000000000         0.000000000000000      
    0.000000000000000         0.000000000000000         0.000000000000000      
    0.000000000000000         0.000000000000000         0.000000000000000      
    0.000000000000000         0.000000000000000         0.000000000000000      
    0.000000000000000         0.000000000000000         0.000000000000000      
    0.000000000000000         0.000000000000000         0.000000000000000      
    0.000000000000000         0.000000000000000         0.000000000000000      
    0.000000000000000         0.000000000000000         0.000000000000000      
    0.000000000000000         0.000000000000000         0.000000000000000      
    0.000000000000000         0.000000000000000         0.000000000000000      
    0.000000000000000     
 PRES =    1475.263615737743         1968.539051307329      
    2443.665229536413         2901.156786069962         3341.528365713422      
    3765.294616198021         4172.970102416989         4565.069726041747      
    4942.107561494764         5304.598575255214         5653.060350828464      
    5987.992537939484         6309.952758315931         6619.385588024206      
    6916.387574310404         7201.417074440606         7475.401314800596      
    7739.110972763700         7993.197469149002         8238.254654342409      
    8474.804984930719         8703.318444800119         8924.218869399325      
    9137.890101536588         9344.681738463953         9544.913375872853      
    9738.878272911883         9926.846615923849         10109.06830657735      
    10285.77482210184         10457.18092058386         10623.48681449191      
    10784.87981706202         10941.53497866196         11093.61614373274      
    11241.27754047645         11384.66448426432         11523.91362395746      
    11659.15397654044         11790.50787827952         11918.09107893825      
    12042.01304282807         12162.37772847559         12279.28419265060      
    12392.82672118815         12503.09495133757         12610.17421454486      
    12714.14601064404         12815.08832808858         12913.07574817274      
    13008.17953916277         13100.46784843393         13190.00598404333      
    13276.85662364793         13361.07992898033         13442.73365899751      
    13521.87324121533         13598.55181597313         13672.82024076142      
    13744.72714851175         13814.31922270350         13881.64161217596      
    13946.73834354514         14009.65269367181         14070.42752622393      
    14129.10550309776         14185.72891074811         14240.33902811490      
    14292.97550152581         14343.67600239154         14392.47586816111      
    14439.40777350713         14484.50140381353         14527.78294620671      
    14569.27467075903         14608.99480875326         14646.95710375690      
    14683.17015035996         14717.63697876737         14750.35412677249      
    14781.31053658917         14810.48686622028         14837.85410767959      
    14863.37124575294         14886.98405542571         14908.62251877328      
    14928.19651920858         14945.59296624698         14960.67185048108      
    14973.25787504705         14983.13408418022         14990.03520567886      
    14993.63224805753         14993.51851431217         14989.19726638796      
    14980.05522857366         14965.33025252785         14944.08905524673      
    14915.18328271981         14877.18314486238         14828.32359546288      
    14766.44223627005         14688.86730266016         14592.30847847139      
    14472.77521249202         14325.45930784123         14144.59588488159      
    13923.40687261789         13654.10741983647         13327.97377903974      
    12935.65506954795         12467.84620602280         11916.19709102525      
    11274.59937280985         10540.99665474165         9719.224003081006      
    8820.146209075896         7862.139410899919         6870.559432256750      
    5875.377825666696         4907.512524222220         3995.572272164177      
    3162.630379012946         2423.562151723936         1784.986549004779      
    1246.138872249198         799.2856939271639         432.1546039595938      
    131.8635873770856     
 NQPSI =          129
 NPRESS =            0
 SIGPRE =    0.000000000000000         0.000000000000000      
    0.000000000000000         0.000000000000000         0.000000000000000      
    0.000000000000000         0.000000000000000         0.000000000000000      
    0.000000000000000         0.000000000000000         0.000000000000000      
    0.000000000000000         0.000000000000000         0.000000000000000      
    0.000000000000000         0.000000000000000         0.000000000000000      
    0.000000000000000         0.000000000000000         0.000000000000000      
    0.000000000000000         0.000000000000000         0.000000000000000      
    0.000000000000000         0.000000000000000         0.000000000000000      
    0.000000000000000         0.000000000000000         0.000000000000000      
    0.000000000000000         0.000000000000000         0.000000000000000      
    0.000000000000000         0.000000000000000         0.000000000000000      
    0.000000000000000         0.000000000000000         0.000000000000000      
    0.000000000000000         0.000000000000000         0.000000000000000      
    0.000000000000000         0.000000000000000         0.000000000000000      
    0.000000000000000         0.000000000000000         0.000000000000000      
    0.000000000000000         0.000000000000000         0.000000000000000      
    0.000000000000000         0.000000000000000         0.000000000000000      
    0.000000000000000         0.000000000000000         0.000000000000000      
    0.000000000000000         0.000000000000000         0.000000000000000      
    0.000000000000000         0.000000000000000         0.000000000000000      
    0.000000000000000         0.000000000000000         0.000000000000000      
    0.000000000000000         0.000000000000000         0.000000000000000      
    0.000000000000000         0.000000000000000         0.000000000000000      
    0.000000000000000         0.000000000000000         0.000000000000000      
    0.000000000000000         0.000000000000000         0.000000000000000      
    0.000000000000000         0.000000000000000         0.000000000000000      
    0.000000000000000         0.000000000000000         0.000000000000000      
    0.000000000000000         0.000000000000000         0.000000000000000      
    0.000000000000000         0.000000000000000         0.000000000000000      
    0.000000000000000         0.000000000000000         0.000000000000000      
    0.000000000000000         0.000000000000000         0.000000000000000      
    0.000000000000000         0.000000000000000         0.000000000000000      
    0.000000000000000         0.000000000000000         0.000000000000000      
    0.000000000000000         0.000000000000000         0.000000000000000      
    0.000000000000000         0.000000000000000         0.000000000000000      
    0.000000000000000         0.000000000000000         0.000000000000000      
    0.000000000000000         0.000000000000000         0.000000000000000      
    0.000000000000000         0.000000000000000         0.000000000000000      
    0.000000000000000         0.000000000000000         0.000000000000000      
    0.000000000000000         0.000000000000000         0.000000000000000      
    0.000000000000000         0.000000000000000         0.000000000000000      
    0.000000000000000         0.000000000000000         0.000000000000000      
    0.000000000000000         0.000000000000000         0.000000000000000      
    0.000000000000000         0.000000000000000         0.000000000000000      
    0.000000000000000         0.000000000000000         0.000000000000000      
    0.000000000000000         0.000000000000000         0.000000000000000      
    0.000000000000000         0.000000000000000         0.000000000000000      
    0.000000000000000         0.000000000000000         0.000000000000000      
    0.000000000000000         0.000000000000000         0.000000000000000      
    0.000000000000000         0.000000000000000         0.000000000000000      
    0.000000000000000         0.000000000000000         0.000000000000000      
    0.000000000000000         0.000000000000000         0.000000000000000      
    0.000000000000000         0.000000000000000         0.000000000000000      
    0.000000000000000         0.000000000000000         0.000000000000000      
    0.000000000000000         0.000000000000000         0.000000000000000      
    0.000000000000000         0.000000000000000         0.000000000000000      
    0.000000000000000         0.000000000000000         0.000000000000000      
    0.000000000000000         0.000000000000000         0.000000000000000      
    0.000000000000000         0.000000000000000         0.000000000000000      
    0.000000000000000         0.000000000000000         0.000000000000000      
    0.000000000000000         0.000000000000000         0.000000000000000      
    0.000000000000000         0.000000000000000         0.000000000000000      
    0.000000000000000         0.000000000000000         0.000000000000000      
    0.000000000000000         0.000000000000000         0.000000000000000      
    0.000000000000000         0.000000000000000         0.000000000000000      
    0.000000000000000         0.000000000000000         0.000000000000000      
    0.000000000000000     
 /
 &BASIS
 KPPFNC =            6,
 KPPKNT =            0,
 PPKNT =    0.000000000000000     ,
            0.000000000000000     ,
            0.000000000000000     ,
            0.000000000000000     ,
            0.000000000000000     ,
            0.000000000000000     ,
            0.000000000000000     ,
            0.000000000000000     ,
            0.000000000000000     ,
            0.000000000000000     ,
            0.000000000000000     ,
            0.000000000000000     ,
            0.000000000000000     ,
            0.000000000000000     ,
            0.000000000000000     ,
            0.000000000000000     ,
            0.000000000000000     ,
            0.000000000000000     ,
            0.000000000000000     ,
            0.000000000000000     ,
            0.000000000000000     ,
            0.000000000000000     ,
            0.000000000000000     ,
            0.000000000000000     ,
            0.000000000000000     ,
            0.000000000000000     ,
            0.000000000000000     ,
            0.000000000000000     ,
            0.000000000000000     ,
            0.000000000000000     ,
            0.000000000000000     ,
            0.000000000000000     ,
            0.000000000000000     ,
            0.000000000000000     ,
            0.000000000000000     ,
            0.000000000000000     ,
            0.000000000000000     ,
            0.000000000000000     ,
            0.000000000000000     ,
            0.000000000000000     ,
            0.000000000000000     ,
            0.000000000000000     ,
            0.000000000000000     ,
            0.000000000000000     ,
            0.000000000000000     ,
            0.000000000000000     ,
            0.000000000000000     ,
            0.000000000000000     ,
            0.000000000000000     ,
            0.000000000000000     ,
            0.000000000000000     ,
            0.000000000000000     ,
            0.000000000000000     ,
            0.000000000000000     ,
            0.000000000000000     ,
            0.000000000000000     ,
            0.000000000000000     ,
            0.000000000000000     ,
            0.000000000000000     ,
            0.000000000000000     ,
            0.000000000000000     ,
            0.000000000000000     ,
            0.000000000000000     ,
            0.000000000000000     ,
 PPTENS =    0.000000000000000     ,
 KFFFNC =            6,
 KFFKNT =            0,
 FFKNT =    0.000000000000000     ,
            0.000000000000000     ,
            0.000000000000000     ,
            0.000000000000000     ,
            0.000000000000000     ,
            0.000000000000000     ,
            0.000000000000000     ,
            0.000000000000000     ,
            0.000000000000000     ,
            0.000000000000000     ,
            0.000000000000000     ,
            0.000000000000000     ,
            0.000000000000000     ,
            0.000000000000000     ,
            0.000000000000000     ,
            0.000000000000000     ,
            0.000000000000000     ,
            0.000000000000000     ,
            0.000000000000000     ,
            0.000000000000000     ,
            0.000000000000000     ,
            0.000000000000000     ,
            0.000000000000000     ,
            0.000000000000000     ,
            0.000000000000000     ,
            0.000000000000000     ,
            0.000000000000000     ,
            0.000000000000000     ,
            0.000000000000000     ,
            0.000000000000000     ,
            0.000000000000000     ,
            0.000000000000000     ,
            0.000000000000000     ,
            0.000000000000000     ,
            0.000000000000000     ,
            0.000000000000000     ,
            0.000000000000000     ,
            0.000000000000000     ,
            0.000000000000000     ,
            0.000000000000000     ,
            0.000000000000000     ,
            0.000000000000000     ,
            0.000000000000000     ,
            0.000000000000000     ,
            0.000000000000000     ,
            0.000000000000000     ,
            0.000000000000000     ,
            0.000000000000000     ,
            0.000000000000000     ,
            0.000000000000000     ,
            0.000000000000000     ,
            0.000000000000000     ,
            0.000000000000000     ,
            0.000000000000000     ,
            0.000000000000000     ,
            0.000000000000000     ,
            0.000000000000000     ,
            0.000000000000000     ,
            0.000000000000000     ,
            0.000000000000000     ,
            0.000000000000000     ,
            0.000000000000000     ,
            0.000000000000000     ,
            0.000000000000000     ,
 FFTENS =    0.000000000000000     ,
 KWWFNC =            0,
 KWWKNT =            0,
 WWKNT =    0.000000000000000     ,
            0.000000000000000     ,
            0.000000000000000     ,
            0.000000000000000     ,
            0.000000000000000     ,
            0.000000000000000     ,
            0.000000000000000     ,
            0.000000000000000     ,
            0.000000000000000     ,
            0.000000000000000     ,
            0.000000000000000     ,
            0.000000000000000     ,
            0.000000000000000     ,
            0.000000000000000     ,
            0.000000000000000     ,
            0.000000000000000     ,
            0.000000000000000     ,
            0.000000000000000     ,
            0.000000000000000     ,
            0.000000000000000     ,
            0.000000000000000     ,
            0.000000000000000     ,
            0.000000000000000     ,
            0.000000000000000     ,
            0.000000000000000     ,
            0.000000000000000     ,
            0.000000000000000     ,
            0.000000000000000     ,
            0.000000000000000     ,
            0.000000000000000     ,
            0.000000000000000     ,
            0.000000000000000     ,
            0.000000000000000     ,
            0.000000000000000     ,
            0.000000000000000     ,
            0.000000000000000     ,
            0.000000000000000     ,
            0.000000000000000     ,
            0.000000000000000     ,
            0.000000000000000     ,
            0.000000000000000     ,
            0.000000000000000     ,
            0.000000000000000     ,
            0.000000000000000     ,
            0.000000000000000     ,
            0.000000000000000     ,
            0.000000000000000     ,
            0.000000000000000     ,
            0.000000000000000     ,
            0.000000000000000     ,
            0.000000000000000     ,
            0.000000000000000     ,
            0.000000000000000     ,
            0.000000000000000     ,
            0.000000000000000     ,
            0.000000000000000     ,
            0.000000000000000     ,
            0.000000000000000     ,
            0.000000000000000     ,
            0.000000000000000     ,
            0.000000000000000     ,
            0.000000000000000     ,
            0.000000000000000     ,
            0.000000000000000     ,
 WWTENS =    0.000000000000000     ,
 PPBDRY =    0.000000000000000     ,
             0.000000000000000     ,
             0.000000000000000     ,
             0.000000000000000     ,
             0.000000000000000     ,
             0.000000000000000     ,
             0.000000000000000     ,
             0.000000000000000     ,
             0.000000000000000     ,
             0.000000000000000     ,
             0.000000000000000     ,
             0.000000000000000     ,
             0.000000000000000     ,
             0.000000000000000     ,
             0.000000000000000     ,
             0.000000000000000     ,
             0.000000000000000     ,
             0.000000000000000     ,
             0.000000000000000     ,
             0.000000000000000     ,
             0.000000000000000     ,
             0.000000000000000     ,
             0.000000000000000     ,
             0.000000000000000     ,
             0.000000000000000     ,
             0.000000000000000     ,
             0.000000000000000     ,
             0.000000000000000     ,
             0.000000000000000     ,
             0.000000000000000     ,
             0.000000000000000     ,
             0.000000000000000     ,
             0.000000000000000     ,
             0.000000000000000     ,
             0.000000000000000     ,
             0.000000000000000     ,
             0.000000000000000     ,
             0.000000000000000     ,
             0.000000000000000     ,
             0.000000000000000     ,
             0.000000000000000     ,
             0.000000000000000     ,
             0.000000000000000     ,
             0.000000000000000     ,
             0.000000000000000     ,
             0.000000000000000     ,
             0.000000000000000     ,
             0.000000000000000     ,
             0.000000000000000     ,
             0.000000000000000     ,
             0.000000000000000     ,
             0.000000000000000     ,
             0.000000000000000     ,
             0.000000000000000     ,
             0.000000000000000     ,
             0.000000000000000     ,
             0.000000000000000     ,
             0.000000000000000     ,
             0.000000000000000     ,
             0.000000000000000     ,
             0.000000000000000     ,
             0.000000000000000     ,
             0.000000000000000     ,
             0.000000000000000     ,
 PP2BDRY =    0.000000000000000     ,
              0.000000000000000     ,
              0.000000000000000     ,
              0.000000000000000     ,
              0.000000000000000     ,
              0.000000000000000     ,
              0.000000000000000     ,
              0.000000000000000     ,
              0.000000000000000     ,
              0.000000000000000     ,
              0.000000000000000     ,
              0.000000000000000     ,
              0.000000000000000     ,
              0.000000000000000     ,
              0.000000000000000     ,
              0.000000000000000     ,
              0.000000000000000     ,
              0.000000000000000     ,
              0.000000000000000     ,
              0.000000000000000     ,
              0.000000000000000     ,
              0.000000000000000     ,
              0.000000000000000     ,
              0.000000000000000     ,
              0.000000000000000     ,
              0.000000000000000     ,
              0.000000000000000     ,
              0.000000000000000     ,
              0.000000000000000     ,
              0.000000000000000     ,
              0.000000000000000     ,
              0.000000000000000     ,
              0.000000000000000     ,
              0.000000000000000     ,
              0.000000000000000     ,
              0.000000000000000     ,
              0.000000000000000     ,
              0.000000000000000     ,
              0.000000000000000     ,
              0.000000000000000     ,
              0.000000000000000     ,
              0.000000000000000     ,
              0.000000000000000     ,
              0.000000000000000     ,
              0.000000000000000     ,
              0.000000000000000     ,
              0.000000000000000     ,
              0.000000000000000     ,
              0.000000000000000     ,
              0.000000000000000     ,
              0.000000000000000     ,
              0.000000000000000     ,
              0.000000000000000     ,
              0.000000000000000     ,
              0.000000000000000     ,
              0.000000000000000     ,
              0.000000000000000     ,
              0.000000000000000     ,
              0.000000000000000     ,
              0.000000000000000     ,
              0.000000000000000     ,
              0.000000000000000     ,
              0.000000000000000     ,
              0.000000000000000     ,
 KPPBDRY =            0,
                      0,
                      0,
                      0,
                      0,
                      0,
                      0,
                      0,
                      0,
                      0,
                      0,
                      0,
                      0,
                      0,
                      0,
                      0,
                      0,
                      0,
                      0,
                      0,
                      0,
                      0,
                      0,
                      0,
                      0,
                      0,
                      0,
                      0,
                      0,
                      0,
                      0,
                      0,
                      0,
                      0,
                      0,
                      0,
                      0,
                      0,
                      0,
                      0,
                      0,
                      0,
                      0,
                      0,
                      0,
                      0,
                      0,
                      0,
                      0,
                      0,
                      0,
                      0,
                      0,
                      0,
                      0,
                      0,
                      0,
                      0,
                      0,
                      0,
                      0,
                      0,
                      0,
                      0,
 KPP2BDRY =            0,
                       0,
                       0,
                       0,
                       0,
                       0,
                       0,
                       0,
                       0,
                       0,
                       0,
                       0,
                       0,
                       0,
                       0,
                       0,
                       0,
                       0,
                       0,
                       0,
                       0,
                       0,
                       0,
                       0,
                       0,
                       0,
                       0,
                       0,
                       0,
                       0,
                       0,
                       0,
                       0,
                       0,
                       0,
                       0,
                       0,
                       0,
                       0,
                       0,
                       0,
                       0,
                       0,
                       0,
                       0,
                       0,
                       0,
                       0,
                       0,
                       0,
                       0,
                       0,
                       0,
                       0,
                       0,
                       0,
                       0,
                       0,
                       0,
                       0,
                       0,
                       0,
                       0,
                       0,
 FFBDRY =    0.000000000000000     ,
             0.000000000000000     ,
             0.000000000000000     ,
             0.000000000000000     ,
             0.000000000000000     ,
             0.000000000000000     ,
             0.000000000000000     ,
             0.000000000000000     ,
             0.000000000000000     ,
             0.000000000000000     ,
             0.000000000000000     ,
             0.000000000000000     ,
             0.000000000000000     ,
             0.000000000000000     ,
             0.000000000000000     ,
             0.000000000000000     ,
             0.000000000000000     ,
             0.000000000000000     ,
             0.000000000000000     ,
             0.000000000000000     ,
             0.000000000000000     ,
             0.000000000000000     ,
             0.000000000000000     ,
             0.000000000000000     ,
             0.000000000000000     ,
             0.000000000000000     ,
             0.000000000000000     ,
             0.000000000000000     ,
             0.000000000000000     ,
             0.000000000000000     ,
             0.000000000000000     ,
             0.000000000000000     ,
             0.000000000000000     ,
             0.000000000000000     ,
             0.000000000000000     ,
             0.000000000000000     ,
             0.000000000000000     ,
             0.000000000000000     ,
             0.000000000000000     ,
             0.000000000000000     ,
             0.000000000000000     ,
             0.000000000000000     ,
             0.000000000000000     ,
             0.000000000000000     ,
             0.000000000000000     ,
             0.000000000000000     ,
             0.000000000000000     ,
             0.000000000000000     ,
             0.000000000000000     ,
             0.000000000000000     ,
             0.000000000000000     ,
             0.000000000000000     ,
             0.000000000000000     ,
             0.000000000000000     ,
             0.000000000000000     ,
             0.000000000000000     ,
             0.000000000000000     ,
             0.000000000000000     ,
             0.000000000000000     ,
             0.000000000000000     ,
             0.000000000000000     ,
             0.000000000000000     ,
             0.000000000000000     ,
             0.000000000000000     ,
 FF2BDRY =    0.000000000000000     ,
              0.000000000000000     ,
              0.000000000000000     ,
              0.000000000000000     ,
              0.000000000000000     ,
              0.000000000000000     ,
              0.000000000000000     ,
              0.000000000000000     ,
              0.000000000000000     ,
              0.000000000000000     ,
              0.000000000000000     ,
              0.000000000000000     ,
              0.000000000000000     ,
              0.000000000000000     ,
              0.000000000000000     ,
              0.000000000000000     ,
              0.000000000000000     ,
              0.000000000000000     ,
              0.000000000000000     ,
              0.000000000000000     ,
              0.000000000000000     ,
              0.000000000000000     ,
              0.000000000000000     ,
              0.000000000000000     ,
              0.000000000000000     ,
              0.000000000000000     ,
              0.000000000000000     ,
              0.000000000000000     ,
              0.000000000000000     ,
              0.000000000000000     ,
              0.000000000000000     ,
              0.000000000000000     ,
              0.000000000000000     ,
              0.000000000000000     ,
              0.000000000000000     ,
              0.000000000000000     ,
              0.000000000000000     ,
              0.000000000000000     ,
              0.000000000000000     ,
              0.000000000000000     ,
              0.000000000000000     ,
              0.000000000000000     ,
              0.000000000000000     ,
              0.000000000000000     ,
              0.000000000000000     ,
              0.000000000000000     ,
              0.000000000000000     ,
              0.000000000000000     ,
              0.000000000000000     ,
              0.000000000000000     ,
              0.000000000000000     ,
              0.000000000000000     ,
              0.000000000000000     ,
              0.000000000000000     ,
              0.000000000000000     ,
              0.000000000000000     ,
              0.000000000000000     ,
              0.000000000000000     ,
              0.000000000000000     ,
              0.000000000000000     ,
              0.000000000000000     ,
              0.000000000000000     ,
              0.000000000000000     ,
              0.000000000000000     ,
 KFFBDRY =            0,
                      0,
                      0,
                      0,
                      0,
                      0,
                      0,
                      0,
                      0,
                      0,
                      0,
                      0,
                      0,
                      0,
                      0,
                      0,
                      0,
                      0,
                      0,
                      0,
                      0,
                      0,
                      0,
                      0,
                      0,
                      0,
                      0,
                      0,
                      0,
                      0,
                      0,
                      0,
                      0,
                      0,
                      0,
                      0,
                      0,
                      0,
                      0,
                      0,
                      0,
                      0,
                      0,
                      0,
                      0,
                      0,
                      0,
                      0,
                      0,
                      0,
                      0,
                      0,
                      0,
                      0,
                      0,
                      0,
                      0,
                      0,
                      0,
                      0,
                      0,
                      0,
                      0,
                      0,
 KFF2BDRY =            0,
                       0,
                       0,
                       0,
                       0,
                       0,
                       0,
                       0,
                       0,
                       0,
                       0,
                       0,
                       0,
                       0,
                       0,
                       0,
                       0,
                       0,
                       0,
                       0,
                       0,
                       0,
                       0,
                       0,
                       0,
                       0,
                       0,
                       0,
                       0,
                       0,
                       0,
                       0,
                       0,
                       0,
                       0,
                       0,
                       0,
                       0,
                       0,
                       0,
                       0,
                       0,
                       0,
                       0,
                       0,
                       0,
                       0,
                       0,
                       0,
                       0,
                       0,
                       0,
                       0,
                       0,
                       0,
                       0,
                       0,
                       0,
                       0,
                       0,
                       0,
                       0,
                       0,
                       0,
 WWBDRY =    0.000000000000000     ,
             0.000000000000000     ,
             0.000000000000000     ,
             0.000000000000000     ,
             0.000000000000000     ,
             0.000000000000000     ,
             0.000000000000000     ,
             0.000000000000000     ,
             0.000000000000000     ,
             0.000000000000000     ,
             0.000000000000000     ,
             0.000000000000000     ,
             0.000000000000000     ,
             0.000000000000000     ,
             0.000000000000000     ,
             0.000000000000000     ,
             0.000000000000000     ,
             0.000000000000000     ,
             0.000000000000000     ,
             0.000000000000000     ,
             0.000000000000000     ,
             0.000000000000000     ,
             0.000000000000000     ,
             0.000000000000000     ,
             0.000000000000000     ,
             0.000000000000000     ,
             0.000000000000000     ,
             0.000000000000000     ,
             0.000000000000000     ,
             0.000000000000000     ,
             0.000000000000000     ,
             0.000000000000000     ,
             0.000000000000000     ,
             0.000000000000000     ,
             0.000000000000000     ,
             0.000000000000000     ,
             0.000000000000000     ,
             0.000000000000000     ,
             0.000000000000000     ,
             0.000000000000000     ,
             0.000000000000000     ,
             0.000000000000000     ,
             0.000000000000000     ,
             0.000000000000000     ,
             0.000000000000000     ,
             0.000000000000000     ,
             0.000000000000000     ,
             0.000000000000000     ,
             0.000000000000000     ,
             0.000000000000000     ,
             0.000000000000000     ,
             0.000000000000000     ,
             0.000000000000000     ,
             0.000000000000000     ,
             0.000000000000000     ,
             0.000000000000000     ,
             0.000000000000000     ,
             0.000000000000000     ,
             0.000000000000000     ,
             0.000000000000000     ,
             0.000000000000000     ,
             0.000000000000000     ,
             0.000000000000000     ,
             0.000000000000000     ,
 WW2BDRY =    0.000000000000000     ,
              0.000000000000000     ,
              0.000000000000000     ,
              0.000000000000000     ,
              0.000000000000000     ,
              0.000000000000000     ,
              0.000000000000000     ,
              0.000000000000000     ,
              0.000000000000000     ,
              0.000000000000000     ,
              0.000000000000000     ,
              0.000000000000000     ,
              0.000000000000000     ,
              0.000000000000000     ,
              0.000000000000000     ,
              0.000000000000000     ,
              0.000000000000000     ,
              0.000000000000000     ,
              0.000000000000000     ,
              0.000000000000000     ,
              0.000000000000000     ,
              0.000000000000000     ,
              0.000000000000000     ,
              0.000000000000000     ,
              0.000000000000000     ,
              0.000000000000000     ,
              0.000000000000000     ,
              0.000000000000000     ,
              0.000000000000000     ,
              0.000000000000000     ,
              0.000000000000000     ,
              0.000000000000000     ,
              0.000000000000000     ,
              0.000000000000000     ,
              0.000000000000000     ,
              0.000000000000000     ,
              0.000000000000000     ,
              0.000000000000000     ,
              0.000000000000000     ,
              0.000000000000000     ,
              0.000000000000000     ,
              0.000000000000000     ,
              0.000000000000000     ,
              0.000000000000000     ,
              0.000000000000000     ,
              0.000000000000000     ,
              0.000000000000000     ,
              0.000000000000000     ,
              0.000000000000000     ,
              0.000000000000000     ,
              0.000000000000000     ,
              0.000000000000000     ,
              0.000000000000000     ,
              0.000000000000000     ,
              0.000000000000000     ,
              0.000000000000000     ,
              0.000000000000000     ,
              0.000000000000000     ,
              0.000000000000000     ,
              0.000000000000000     ,
              0.000000000000000     ,
              0.000000000000000     ,
              0.000000000000000     ,
              0.000000000000000     ,
 KWWBDRY =            0,
                      0,
                      0,
                      0,
                      0,
                      0,
                      0,
                      0,
                      0,
                      0,
                      0,
                      0,
                      0,
                      0,
                      0,
                      0,
                      0,
                      0,
                      0,
                      0,
                      0,
                      0,
                      0,
                      0,
                      0,
                      0,
                      0,
                      0,
                      0,
                      0,
                      0,
                      0,
                      0,
                      0,
                      0,
                      0,
                      0,
                      0,
                      0,
                      0,
                      0,
                      0,
                      0,
                      0,
                      0,
                      0,
                      0,
                      0,
                      0,
                      0,
                      0,
                      0,
                      0,
                      0,
                      0,
                      0,
                      0,
                      0,
                      0,
                      0,
                      0,
                      0,
                      0,
                      0,
 KWW2BDRY =            0,
                       0,
                       0,
                       0,
                       0,
                       0,
                       0,
                       0,
                       0,
                       0,
                       0,
                       0,
                       0,
                       0,
                       0,
                       0,
                       0,
                       0,
                       0,
                       0,
                       0,
                       0,
                       0,
                       0,
                       0,
                       0,
                       0,
                       0,
                       0,
                       0,
                       0,
                       0,
                       0,
                       0,
                       0,
                       0,
                       0,
                       0,
                       0,
                       0,
                       0,
                       0,
                       0,
                       0,
                       0,
                       0,
                       0,
                       0,
                       0,
                       0,
                       0,
                       0,
                       0,
                       0,
                       0,
                       0,
                       0,
                       0,
                       0,
                       0,
                       0,
                       0,
                       0,
                       0,
 KEEFNC =            0,
 KEEKNT =            0,
 EEKNT =    0.000000000000000     ,
            0.000000000000000     ,
            0.000000000000000     ,
            0.000000000000000     ,
            0.000000000000000     ,
            0.000000000000000     ,
            0.000000000000000     ,
            0.000000000000000     ,
            0.000000000000000     ,
            0.000000000000000     ,
            0.000000000000000     ,
            0.000000000000000     ,
            0.000000000000000     ,
            0.000000000000000     ,
            0.000000000000000     ,
            0.000000000000000     ,
            0.000000000000000     ,
            0.000000000000000     ,
            0.000000000000000     ,
            0.000000000000000     ,
            0.000000000000000     ,
            0.000000000000000     ,
            0.000000000000000     ,
            0.000000000000000     ,
            0.000000000000000     ,
            0.000000000000000     ,
            0.000000000000000     ,
            0.000000000000000     ,
            0.000000000000000     ,
            0.000000000000000     ,
            0.000000000000000     ,
            0.000000000000000     ,
 EETENS =    5.000000000000000     ,
 EEBDRY =    0.000000000000000     ,
             0.000000000000000     ,
             0.000000000000000     ,
             0.000000000000000     ,
             0.000000000000000     ,
             0.000000000000000     ,
             0.000000000000000     ,
             0.000000000000000     ,
             0.000000000000000     ,
             0.000000000000000     ,
             0.000000000000000     ,
             0.000000000000000     ,
             0.000000000000000     ,
             0.000000000000000     ,
             0.000000000000000     ,
             0.000000000000000     ,
             0.000000000000000     ,
             0.000000000000000     ,
             0.000000000000000     ,
             0.000000000000000     ,
             0.000000000000000     ,
             0.000000000000000     ,
             0.000000000000000     ,
             0.000000000000000     ,
             0.000000000000000     ,
             0.000000000000000     ,
             0.000000000000000     ,
             0.000000000000000     ,
             0.000000000000000     ,
             0.000000000000000     ,
             0.000000000000000     ,
             0.000000000000000     ,
 EE2BDRY =    0.000000000000000     ,
              0.000000000000000     ,
              0.000000000000000     ,
              0.000000000000000     ,
              0.000000000000000     ,
              0.000000000000000     ,
              0.000000000000000     ,
              0.000000000000000     ,
              0.000000000000000     ,
              0.000000000000000     ,
              0.000000000000000     ,
              0.000000000000000     ,
              0.000000000000000     ,
              0.000000000000000     ,
              0.000000000000000     ,
              0.000000000000000     ,
              0.000000000000000     ,
              0.000000000000000     ,
              0.000000000000000     ,
              0.000000000000000     ,
              0.000000000000000     ,
              0.000000000000000     ,
              0.000000000000000     ,
              0.000000000000000     ,
              0.000000000000000     ,
              0.000000000000000     ,
              0.000000000000000     ,
              0.000000000000000     ,
              0.000000000000000     ,
              0.000000000000000     ,
              0.000000000000000     ,
              0.000000000000000     ,
 KEEBDRY =            0,
                      0,
                      0,
                      0,
                      0,
                      0,
                      0,
                      0,
                      0,
                      0,
                      0,
                      0,
                      0,
                      0,
                      0,
                      0,
                      0,
                      0,
                      0,
                      0,
                      0,
                      0,
                      0,
                      0,
                      0,
                      0,
                      0,
                      0,
                      0,
                      0,
                      0,
                      0,
 KEE2BDRY =            0,
                       0,
                       0,
                       0,
                       0,
                       0,
                       0,
                       0,
                       0,
                       0,
                       0,
                       0,
                       0,
                       0,
                       0,
                       0,
                       0,
                       0,
                       0,
                       0,
                       0,
                       0,
                       0,
                       0,
                       0,
                       0,
                       0,
                       0,
                       0,
                       0,
                       0,
                       0
 /
 &CHIOUT
 SAISIL =    0.000000000000000     ,
             0.000000000000000     ,
             0.000000000000000     ,
             0.000000000000000     ,
             0.000000000000000     ,
             0.000000000000000     ,
             0.000000000000000     ,
             0.000000000000000     ,
             0.000000000000000     ,
             0.000000000000000     ,
             0.000000000000000     ,
             0.000000000000000     ,
             0.000000000000000     ,
             0.000000000000000     ,
             0.000000000000000     ,
             0.000000000000000     ,
             0.000000000000000     ,
             0.000000000000000     ,
             0.000000000000000     ,
             0.000000000000000     ,
             0.000000000000000     ,
             0.000000000000000     ,
             0.000000000000000     ,
             0.000000000000000     ,
             0.000000000000000     ,
             0.000000000000000     ,
             0.000000000000000     ,
             0.000000000000000     ,
             0.000000000000000     ,
             0.000000000000000     ,
             0.000000000000000     ,
             0.000000000000000     ,
             0.000000000000000     ,
             0.000000000000000     ,
             0.000000000000000     ,
             0.000000000000000     ,
             0.000000000000000     ,
             0.000000000000000     ,
             0.000000000000000     ,
             0.000000000000000     ,
             0.000000000000000     ,
             0.000000000000000     ,
             0.000000000000000     ,
             0.000000000000000     ,
 SAIMPI =    0.000000000000000     ,
             0.000000000000000     ,
             0.000000000000000     ,
             0.000000000000000     ,
             0.000000000000000     ,
             0.000000000000000     ,
             0.000000000000000     ,
             0.000000000000000     ,
             0.000000000000000     ,
             0.000000000000000     ,
             0.000000000000000     ,
             0.000000000000000     ,
             0.000000000000000     ,
             0.000000000000000     ,
             0.000000000000000     ,
             0.000000000000000     ,
             0.000000000000000     ,
             0.000000000000000     ,
             0.000000000000000     ,
             0.000000000000000     ,
             0.000000000000000     ,
             0.000000000000000     ,
             0.000000000000000     ,
             0.000000000000000     ,
             0.000000000000000     ,
             0.000000000000000     ,
             0.000000000000000     ,
             0.000000000000000     ,
             0.000000000000000     ,
             0.000000000000000     ,
             0.000000000000000     ,
             0.000000000000000     ,
             0.000000000000000     ,
             0.000000000000000     ,
             0.000000000000000     ,
             0.000000000000000     ,
             0.000000000000000     ,
             0.000000000000000     ,
             0.000000000000000     ,
             0.000000000000000     ,
             0.000000000000000     ,
             0.000000000000000     ,
             0.000000000000000     ,
             0.000000000000000     ,
             0.000000000000000     ,
             0.000000000000000     ,
             0.000000000000000     ,
             0.000000000000000     ,
             0.000000000000000     ,
             0.000000000000000     ,
             0.000000000000000     ,
             0.000000000000000     ,
             0.000000000000000     ,
             0.000000000000000     ,
             0.000000000000000     ,
             0.000000000000000     ,
             0.000000000000000     ,
             0.000000000000000     ,
             0.000000000000000     ,
             0.000000000000000     ,
             0.000000000000000     ,
             0.000000000000000     ,
             0.000000000000000     ,
             0.000000000000000     ,
             0.000000000000000     ,
             0.000000000000000     ,
             0.000000000000000     ,
             0.000000000000000     ,
             0.000000000000000     ,
             0.000000000000000     ,
             0.000000000000000     ,
             0.000000000000000     ,
             0.000000000000000     ,
             0.000000000000000     ,
             0.000000000000000     ,
             0.000000000000000     ,
 SAIPR =    0.000000000000000     ,
 SAIIP =    0.000000000000000     
 /
                                            MAG
