  EFITD    01/01/2017    #000001     1ms           3 129 129
 4.000000000E+00 7.529411765E+00 4.000000000E+00 1.976470588E+00 0.000000000E+00
 4.368348894E+00-9.298546635E-05-6.079635388E+00-3.183840393E+00 7.000000000E+00
 8.100000004E+06-6.079635388E+00 0.000000000E+00 4.368348894E+00 0.000000000E+00
-9.298546635E-05 0.000000000E+00-3.183840393E+00 0.000000000E+00 0.000000000E+00
 2.763070133E+01 2.764702245E+01 2.766239865E+01 2.767696276E+01 2.769077904E+01
 2.770388929E+01 2.771633291E+01 2.772814462E+01 2.773935615E+01 2.774999731E+01
 2.776009592E+01 2.776967826E+01 2.777877076E+01 2.778739551E+01 2.779556409E+01
 2.780329753E+01 2.781062900E+01 2.781758651E+01 2.782419434E+01 2.783047416E+01
 2.783644533E+01 2.784212546E+01 2.784753012E+01 2.785267380E+01 2.785756960E+01
 2.786222954E+01 2.786666458E+01 2.787088492E+01 2.787490004E+01 2.787871866E+01
 2.788234902E+01 2.788579871E+01 2.788907479E+01 2.789218402E+01 2.789513275E+01
 2.789792674E+01 2.790057175E+01 2.790307298E+01 2.790543535E+01 2.790766374E+01
 2.790976251E+01 2.791173601E+01 2.791358838E+01 2.791532339E+01 2.791694484E+01
 2.791845609E+01 2.791986079E+01 2.792116205E+01 2.792236292E+01 2.792346653E+01
 2.792447560E+01 2.792539301E+01 2.792622132E+01 2.792696315E+01 2.792762099E+01
 2.792819713E+01 2.792869388E+01 2.792911355E+01 2.792945820E+01 2.792972996E+01
 2.792993082E+01 2.793006275E+01 2.793012740E+01 2.793012691E+01 2.793006489E+01
 2.792994688E+01 2.792978069E+01 2.792957547E+01 2.792934052E+01 2.792908489E+01
 2.792881675E+01 2.792854367E+01 2.792827289E+01 2.792801109E+01 2.792776428E+01
 2.792753814E+01 2.792733794E+01 2.792716829E+01 2.792703348E+01 2.792693738E+01
 2.792688335E+01 2.792687446E+01 2.792691333E+01 2.792700219E+01 2.792714285E+01
 2.792733687E+01 2.792758533E+01 2.792788913E+01 2.792824876E+01 2.792866440E+01
 2.792913595E+01 2.792966309E+01 2.793024525E+01 2.793088167E+01 2.793157146E+01
 2.793231371E+01 2.793310734E+01 2.793395162E+01 2.793484606E+01 2.793579024E+01
 2.793678432E+01 2.793783069E+01 2.793893381E+01 2.794009408E+01 2.794130525E+01
 2.794255940E+01 2.794385366E+01 2.794519716E+01 2.794660894E+01 2.794811238E+01
 2.794973440E+01 2.795150795E+01 2.795347042E+01 2.795566208E+01 2.795812262E+01
 2.796088524E+01 2.796396614E+01 2.796735356E+01 2.797100081E+01 2.797482281E+01
 2.797869916E+01 2.798248831E+01 2.798605616E+01 2.798930013E+01 2.799215975E+01
 2.799462919E+01 2.799673858E+01 2.799851896E+01 2.800000000E+01
 1.128141493E+06 1.105364536E+06 1.083256631E+06 1.061799371E+06 1.040974355E+06
 1.020763180E+06 1.001147444E+06 9.821087383E+05 9.636286749E+05 9.456888427E+05
 9.282707331E+05 9.113564757E+05 8.949261400E+05 8.789638130E+05 8.634659668E+05
 8.484162293E+05 8.337815439E+05 8.195343663E+05 8.056513801E+05 7.921113473E+05
 7.788955879E+05 7.659872950E+05 7.533713091E+05 7.410338845E+05 7.289624895E+05
 7.171456911E+05 7.055730402E+05 6.942349106E+05 6.831223513E+05 6.722270445E+05
 6.615413303E+05 6.510580963E+05 6.407706333E+05 6.306726631E+05 6.207583436E+05
 6.110221661E+05 6.014589231E+05 5.920637219E+05 5.828319357E+05 5.737591925E+05
 5.648413664E+05 5.560744898E+05 5.474548116E+05 5.389788149E+05 5.306431186E+05
 5.224444447E+05 5.143796940E+05 5.064459521E+05 4.986404187E+05 4.909603853E+05
 4.834032403E+05 4.759664870E+05 4.686477441E+05 4.614447281E+05 4.543552415E+05
 4.473771601E+05 4.405084369E+05 4.337470972E+05 4.270912251E+05 4.205389745E+05
 4.140885740E+05 4.077383321E+05 4.014866364E+05 3.953319191E+05 3.892726159E+05
 3.833071231E+05 3.774337394E+05 3.716505977E+05 3.659556768E+05 3.603468563E+05
 3.548219544E+05 3.493787661E+05 3.440150742E+05 3.387286553E+05 3.335172872E+05
 3.283787822E+05 3.233110087E+05 3.183118682E+05 3.133793028E+05 3.085112937E+05
 3.037058600E+05 2.989610589E+05 2.942749904E+05 2.896457804E+05 2.850715667E+05
 2.805504898E+05 2.760806841E+05 2.716602508E+05 2.672872262E+05 2.629595707E+05
 2.586751172E+05 2.544315065E+05 2.502261416E+05 2.460561252E+05 2.419181144E+05
 2.378081720E+05 2.337216700E+05 2.296530824E+05 2.255956252E+05 2.215408984E+05
 2.174785118E+05 2.133954238E+05 2.092750604E+05 2.050964678E+05 2.008334335E+05
 1.964531655E+05 1.919144437E+05 1.871655573E+05 1.821422622E+05 1.767655976E+05
 1.709400206E+05 1.645535040E+05 1.574814087E+05 1.495941408E+05 1.407703495E+05
 1.309194397E+05 1.200132752E+05 1.081189421E+05 9.542189832E+04 8.223297416E+04
 6.897291107E+04 5.612520184E+04 4.415739627E+04 3.344389172E+04 2.422246939E+04
 1.657759462E+04 1.043553387E+04 5.616693000E+03 1.927135431E+03
 2.056502325E+01 1.931382568E+01 1.827761852E+01 1.734781198E+01 1.646582011E+01
 1.563522166E+01 1.484788200E+01 1.409975879E+01 1.338839677E+01 1.271146804E+01
 1.206723640E+01 1.145287143E+01 1.087230291E+01 1.031131997E+01 9.758016240E+00
 9.247441805E+00 8.775058740E+00 8.332774555E+00 7.918895705E+00 7.529773650E+00
 7.162954890E+00 6.816296060E+00 6.487905725E+00 6.176194640E+00 5.879751535E+00
 5.597287605E+00 5.327682920E+00 5.070012325E+00 4.823483035E+00 4.587289035E+00
 4.360645905E+00 4.142980135E+00 3.933807115E+00 3.732527785E+00 3.538676330E+00
 3.351869063E+00 3.171711225E+00 2.997814557E+00 2.829894252E+00 2.667587443E+00
 2.510653807E+00 2.358886096E+00 2.211958759E+00 2.069636604E+00 1.931791281E+00
 1.798241917E+00 1.668737385E+00 1.543101098E+00 1.421201873E+00 1.302916605E+00
 1.188107585E+00 1.076625200E+00 9.683393265E-01 8.631338625E-01 7.609042175E-01
 6.615559160E-01 5.649972020E-01 4.711200515E-01 3.798363100E-01 2.911424978E-01
 2.049472596E-01 1.207731028E-01 3.880569420E-02-3.994018140E-02-1.133000950E-01
-1.781071057E-01-2.321746038E-01-2.745537442E-01-3.054484926E-01-3.257626726E-01
-3.363433829E-01-3.378053385E-01-3.307430389E-01-3.157885476E-01-2.935590368E-01
-2.646630630E-01-2.296776797E-01-1.891555071E-01-1.436352617E-01-9.364197395E-02
-3.967854100E-02 1.775738671E-02 7.817855605E-02 1.411214385E-01 2.061450485E-01
 2.728058522E-01 3.406801734E-01 4.093722115E-01 4.784984015E-01 5.476818515E-01
 6.166013945E-01 6.849633735E-01 7.524871130E-01 8.189695185E-01 8.843246720E-01
 9.484520290E-01 1.011369474E+00 1.073463517E+00 1.135300033E+00 1.196475864E+00
 1.258614574E+00 1.325783407E+00 1.398671229E+00 1.467165682E+00 1.524577257E+00
 1.573319345E+00 1.624006265E+00 1.694913231E+00 1.793014517E+00 1.921333722E+00
 2.086419871E+00 2.295826474E+00 2.553751711E+00 2.862399218E+00 3.218889744E+00
 3.609635540E+00 4.006220995E+00 4.368461510E+00 4.649662255E+00 4.801955480E+00
 4.785217080E+00 4.587559305E+00 4.238999170E+00 3.787402885E+00 3.288661197E+00
 2.822451023E+00 2.398147300E+00 2.008635454E+00 1.657237880E+00
-1.021777611E+06-9.917975225E+05-9.626308947E+05-9.342776963E+05-9.067379841E+05
-8.800117138E+05-8.540986706E+05-8.290001251E+05-8.047122021E+05-7.812415900E+05
-7.585898251E+05-7.366989927E+05-7.158092418E+05-6.953250645E+05-6.747472792E+05
-6.557104066E+05-6.380550598E+05-6.214530915E+05-6.058590394E+05-5.911347073E+05
-5.771919099E+05-5.639533941E+05-5.513508210E+05-5.393274493E+05-5.278327696E+05
-5.168200849E+05-5.062490988E+05-4.960874319E+05-4.863078302E+05-4.768813424E+05
-4.677790227E+05-4.589812852E+05-4.504721319E+05-4.422293571E+05-4.342365707E+05
-4.264809052E+05-4.189484872E+05-4.116253037E+05-4.045020394E+05-3.975651250E+05
-3.908067858E+05-3.842205964E+05-3.777939401E+05-3.715184234E+05-3.653908512E+05
-3.594051438E+05-3.535514460E+05-3.478235112E+05-3.422172389E+05-3.367287919E+05
-3.313534343E+05-3.260856587E+05-3.209208082E+05-3.158549032E+05-3.108844713E+05
-3.060061901E+05-3.012166700E+05-2.965131716E+05-2.918928697E+05-2.873526091E+05
-2.828889234E+05-2.784981106E+05-2.741770870E+05-2.699248339E+05-2.657421752E+05
-2.616315030E+05-2.575994086E+05-2.536537330E+05-2.498002986E+05-2.460421740E+05
-2.423814632E+05-2.388184646E+05-2.353535606E+05-2.319872551E+05-2.287188337E+05
-2.255457335E+05-2.224660182E+05-2.194781983E+05-2.165805618E+05-2.137711863E+05
-2.110485956E+05-2.084109646E+05-2.058565181E+05-2.033843824E+05-2.009946182E+05
-1.986869106E+05-1.964619950E+05-1.943222363E+05-1.922708182E+05-1.903114529E+05
-1.884515402E+05-1.867008455E+05-1.850704358E+05-1.835758238E+05-1.822411281E+05
-1.810944152E+05-1.801689275E+05-1.795106224E+05-1.791850231E+05-1.792692362E+05
-1.798622609E+05-1.810992192E+05-1.831575370E+05-1.862469488E+05-1.906225644E+05
-1.966108821E+05-2.046304903E+05-2.151903240E+05-2.288892809E+05-2.464296664E+05
-2.685748797E+05-2.960190361E+05-3.291828514E+05-3.680835654E+05-4.119752789E+05
-4.588849690E+05-5.052641557E+05-5.462430375E+05-5.762270306E+05-5.897272531E+05
-5.825159977E+05-5.532735131E+05-5.047289375E+05-4.423882340E+05-3.728228228E+05
-3.030150544E+05-2.399679806E+05-1.860370581E+05-1.401347658E+05
-2.497875214E+00-2.608791294E+00-2.724308501E+00-2.844551837E+00-2.969598519E+00
-3.099460872E+00-3.234070281E+00-3.373265954E+00-3.516792210E+00-3.664305860E+00
-3.815390256E+00-3.969570289E+00-4.126321808E+00-4.285070995E+00-4.445841899E+00
-4.592186350E+00-4.714293827E+00-4.803885030E+00-4.872741487E+00-4.960781005E+00
-5.076238453E+00-5.223157127E+00-5.407727255E+00-5.612261035E+00-5.779564717E+00
-5.915453716E+00-6.024236332E+00-6.108749943E+00-6.170677127E+00-6.210846256E+00
-6.229487823E+00-6.226441384E+00-6.201238981E+00-6.153039045E+00-6.080495134E+00
-5.981615895E+00-5.853587164E+00-5.692498824E+00-5.492934976E+00-5.247465738E+00
-4.946348293E+00-4.644914768E+00-4.375828161E+00-4.131048382E+00-3.904421362E+00
-3.691373334E+00-3.488459660E+00-3.292998907E+00-3.102814536E+00-2.916055640E+00
-2.731068244E+00-2.546295934E+00-2.360195513E+00-2.171156758E+00-1.977417860E+00
-1.776970369E+00-1.567455916E+00-1.346084334E+00-1.112366078E+00-9.040621572E-01
-7.179699718E-01-5.554275806E-01-4.181787444E-01-2.989035441E-01-2.005284603E-01
-1.263996455E-01-7.036672908E-02-3.674920767E-02-3.050436418E-02-4.690389035E-02
-9.210147834E-02-1.604822027E-01-2.131373545E-01-2.529822788E-01-2.822668393E-01
-3.027949802E-01-3.159916089E-01-3.229849819E-01-3.246764531E-01-3.217940711E-01
-3.149327651E-01-3.045843953E-01-2.911603601E-01-2.750087529E-01-2.564274763E-01
-2.356743917E-01-2.129752374E-01-1.885298465E-01-1.625171005E-01-1.350988796E-01
-1.064232487E-01-7.662703516E-02-4.583792163E-02-1.417614924E-02 1.824410070E-02
 5.131358962E-02 8.492713038E-02 1.189828867E-01 1.533818408E-01 1.880274060E-01
 2.228251704E-01 2.576827599E-01 2.925097974E-01 3.272179599E-01 3.617211236E-01
 3.959355637E-01 4.297802295E-01 4.631770580E-01 4.960513309E-01 5.283320407E-01
 5.599522740E-01 5.908496036E-01 6.209664365E-01 6.502503499E-01 6.786543928E-01
 7.061373190E-01 7.326637711E-01 7.582043983E-01 7.827359037E-01 8.062410181E-01
 8.287084022E-01 8.501324753E-01 8.705131909E-01 8.898557362E-01 9.081701893E-01
 9.254711355E-01 9.417772446E-01 9.571108274E-01 9.714973824E-01-2.539479009E+00
-2.655742314E+00-2.777499549E+00-2.905016839E+00-3.038513611E+00-3.178128703E+00
-3.323881104E+00-3.475637248E+00-3.633102273E+00-3.795847806E+00-3.963367504E+00
-4.135137893E+00-4.310998259E+00-4.479833802E+00-4.625363056E+00-4.744460601E+00
-4.840204963E+00-4.907162729E+00-4.952432955E+00-5.018553453E+00-5.111807327E+00
-5.234621334E+00-5.392259900E+00-5.569863106E+00-5.714898669E+00-5.833800155E+00
-5.929740963E+00-6.004436844E+00-6.058770215E+00-6.093048590E+00-6.107182486E+00
-6.100834469E+00-6.073471862E+00-6.024294115E+00-5.952115134E+00-5.855259026E+00
-5.731447889E+00-5.577625384E+00-5.389619374E+00-5.161355972E+00-4.882672941E+00
-4.603353952E+00-4.351415048E+00-4.118892875E+00-3.900914096E+00-3.694006923E+00
-3.495485315E+00-3.303160736E+00-3.115171178E+00-2.929863051E+00-2.745700424E+00
-2.561188136E+00-2.374800797E+00-2.184911579E+00-1.989718677E+00-1.787172164E+00
-1.574915686E+00-1.350272473E+00-1.114174211E+00-9.014186627E-01-7.127115059E-01
-5.482529594E-01-4.080004634E-01-2.877611466E-01-1.891489674E-01-1.136018856E-01
-5.824644039E-02-2.614747485E-02-2.029820180E-02-3.930150087E-02-8.783645924E-02
-1.577108882E-01-2.129582533E-01-2.549213553E-01-2.857543100E-01-3.072827446E-01
-3.210027311E-01-3.281218270E-01-3.296117506E-01-3.262576490E-01-3.186990693E-01
-3.074622876E-01-2.929852393E-01-2.756366350E-01-2.557306309E-01-2.335381351E-01
-2.092955878E-01-1.832118625E-01-1.554736933E-01-1.262500202E-01-9.569546533E-02
-6.395314364E-02-3.115694090E-02 2.566635521E-03 3.709695546E-02 7.231805547E-02
 1.081176739E-01 1.443864974E-01 1.810175936E-01 2.179060083E-01 2.549485143E-01
 2.920434860E-01 3.290909196E-01 3.659925323E-01 4.026519945E-01 4.389752260E-01
 4.748707900E-01 5.102503189E-01 5.450290220E-01 5.791261857E-01 6.124657218E-01
 6.449766749E-01 6.765937362E-01 7.072576969E-01 7.369158588E-01 7.655223621E-01
 7.930384426E-01 8.194325932E-01 8.446806195E-01 8.687656246E-01 8.916778541E-01
 9.134144808E-01 9.339792911E-01 9.533822776E-01 9.716391903E-01 9.887710145E-01
 1.004803415E+00 1.019766158E+00 1.033692511E+00-2.568989691E+00-2.689755261E+00
-2.816982785E+00-2.951164559E+00-3.092782320E+00-3.242249788E+00-3.399811330E+00
-3.565405655E+00-3.738579823E+00-3.918576999E+00-4.104586812E+00-4.293596520E+00
-4.451507665E+00-4.593052897E+00-4.712455884E+00-4.805582818E+00-4.876186862E+00
-4.919192770E+00-4.942803280E+00-4.985299898E+00-5.050296540E+00-5.135493797E+00
-5.237282846E+00-5.345249664E+00-5.445328872E+00-5.532193398E+00-5.604097650E+00
-5.660270262E+00-5.700241763E+00-5.723605157E+00-5.729910447E+00-5.718611914E+00
-5.689038566E+00-5.640376523E+00-5.571659776E+00-5.481772490E+00-5.369475244E+00
-5.233486511E+00-5.072708418E+00-4.886914776E+00-4.679482638E+00-4.464348136E+00
-4.253443242E+00-4.049417163E+00-3.852208066E+00-3.660988722E+00-3.474687574E+00
-3.292165049E+00-3.112273556E+00-2.933868969E+00-2.755798367E+00-2.576873600E+00
-2.395833893E+00-2.211296086E+00-2.021688340E+00-1.825159569E+00-1.619459357E+00
-1.401810168E+00-1.172852335E+00-9.665136615E-01-7.833605594E-01-6.232591792E-01
-4.860198843E-01-3.677717996E-01-2.700424501E-01-1.941371009E-01-1.374157180E-01
-1.027278663E-01-9.284321946E-02-1.066668915E-01-1.489951155E-01-2.120160814E-01
-2.607046729E-01-2.967324318E-01-3.223966854E-01-3.394723333E-01-3.493309918E-01
-3.530480839E-01-3.514805625E-01-3.453215720E-01-3.351394001E-01-3.214058846E-01
-3.045175518E-01-2.848115936E-01-2.625781365E-01-2.380697578E-01-2.115089752E-01
-1.830941700E-01-1.530043493E-01-1.214029726E-01-8.844107709E-02-5.425982655E-02
-1.899260584E-02 1.723325869E-02 5.429509104E-02 9.207372055E-02 1.304525672E-01
 1.693169286E-01 2.085534522E-01 2.480497813E-01 2.876943457E-01 3.273763158E-01
 3.669856952E-01 4.064135338E-01 4.455522691E-01 4.842961830E-01 5.225419469E-01
 5.601892374E-01 5.971414381E-01 6.333063485E-01 6.685969343E-01 7.029320592E-01
 7.362371776E-01 7.684449885E-01 7.994959945E-01 8.293389680E-01 8.579313124E-01
 8.852392783E-01 9.112380554E-01 9.359117290E-01 9.592530909E-01 9.812633290E-01
 1.001951589E+00 1.021334435E+00 1.039435230E+00 1.056283431E+00 1.071913852E+00
 1.086365900E+00 1.099682783E+00-2.583909467E+00-2.707722716E+00-2.838901650E+00
-2.978249356E+00-3.126686192E+00-3.285242073E+00-3.454959665E+00-3.636416039E+00
-3.828556166E+00-4.024656191E+00-4.202441833E+00-4.361139457E+00-4.497387051E+00
-4.612290835E+00-4.702488756E+00-4.768750068E+00-4.814723258E+00-4.835189262E+00
-4.846436523E+00-4.875304329E+00-4.919720836E+00-4.975973417E+00-5.040006259E+00
-5.106964064E+00-5.171859538E+00-5.230619408E+00-5.280386298E+00-5.319233401E+00
-5.345817395E+00-5.359133711E+00-5.358365658E+00-5.342795817E+00-5.311758273E+00
-5.264620321E+00-5.200791482E+00-5.119764133E+00-5.021200684E+00-4.905094275E+00
-4.772044496E+00-4.623674220E+00-4.463031206E+00-4.294356531E+00-4.121818303E+00
-3.948370472E+00-3.775645118E+00-3.604335092E+00-3.434552703E+00-3.266063178E+00
-3.098421558E+00-2.931049049E+00-2.763272681E+00-2.594341918E+00-2.423429201E+00
-2.249616498E+00-2.071863779E+00-1.888941348E+00-1.699265746E+00-1.500414168E+00
-1.290772667E+00-1.103469089E+00-9.345076424E-01-7.849351361E-01-6.563580141E-01
-5.428001232E-01-4.470802940E-01-3.719578616E-01-3.121064994E-01-2.711533525E-01
-2.528665041E-01-2.529687070E-01-2.773404050E-01-3.221581893E-01-3.535216617E-01
-3.753069736E-01-3.894595784E-01-3.971674804E-01-3.992881307E-01-3.964957846E-01
-3.893442862E-01-3.782994915E-01-3.637590120E-01-3.460658082E-01-3.255183870E-01
-3.023788111E-01-2.768791801E-01-2.492269769E-01-2.196094934E-01-1.881975392E-01
-1.551485612E-01-1.206092815E-01-8.471793066E-02-4.760614411E-02-9.400575737E-03
 2.977573830E-02 6.980223048E-02 1.105598517E-01 1.519302989E-01 1.937954156E-01
 2.360367582E-01 2.785353229E-01 3.211714325E-01 3.638247839E-01 4.063746574E-01
 4.487002693E-01 4.906812913E-01 5.321984842E-01 5.731344783E-01 6.133746425E-01
 6.528080520E-01 6.913284911E-01 7.288354987E-01 7.652353882E-01 8.004422375E-01
 8.343787898E-01 8.669772520E-01 8.981799482E-01 9.279398209E-01 9.562207413E-01
 9.829976316E-01 1.008256406E+00 1.031993692E+00 1.054216401E+00 1.074941121E+00
 1.094193357E+00 1.112006684E+00 1.128421788E+00 1.143485468E+00 1.157249605E+00
 1.169770141E+00-2.582049201E+00-2.706738588E+00-2.839352537E+00-2.980955823E+00
-3.132886555E+00-3.296897650E+00-3.475473899E+00-3.672820670E+00-3.872204233E+00
-4.049322525E+00-4.205487206E+00-4.343048609E+00-4.448162353E+00-4.533586497E+00
-4.595980670E+00-4.629646591E+00-4.645587776E+00-4.662031139E+00-4.684039197E+00
-4.712955640E+00-4.748721309E+00-4.790036656E+00-4.834816736E+00-4.880538295E+00
-4.924555922E+00-4.964392346E+00-4.997918752E+00-5.023399565E+00-5.039450192E+00
-5.044965495E+00-5.039052360E+00-5.020979726E+00-4.990148839E+00-4.946084299E+00
-4.888446192E+00-4.817065104E+00-4.732002228E+00-4.633633946E+00-4.522749974E+00
-4.400629475E+00-4.269028332E+00-4.130011452E+00-3.985653431E+00-3.837746851E+00
-3.687646118E+00-3.536255718E+00-3.384097904E+00-3.231400631E+00-3.078177035E+00
-2.924287931E+00-2.769488913E+00-2.613466442E+00-2.455868141E+00-2.296333578E+00
-2.134535820E+00-1.970254220E+00-1.803540007E+00-1.635217883E+00-1.468607249E+00
-1.310116766E+00-1.163620163E+00-1.030421673E+00-9.110406331E-01-8.057456855E-01
-7.147226519E-01-6.381310585E-01-5.761155676E-01-5.287856891E-01-4.961342381E-01
-4.778131211E-01-4.723836711E-01-4.750432487E-01-4.788578718E-01-4.805851327E-01
-4.792418361E-01-4.745457769E-01-4.664786785E-01-4.551383684E-01-4.406758879E-01
-4.232647961E-01-4.030851399E-01-3.803149683E-01-3.551259997E-01-3.276817154E-01
-2.981368343E-01-2.666376249E-01-2.333226572E-01-1.983238179E-01-1.617674062E-01
-1.237752799E-01-8.446596437E-02-4.395571222E-02-2.359490920E-03 4.020811626E-02
 8.363210209E-02 1.277963339E-01 1.725829635E-01 2.178719646E-01 2.635408017E-01
 3.094642566E-01 3.555144033E-01 4.015607696E-01 4.474706624E-01 4.931097091E-01
 5.383425503E-01 5.830337495E-01 6.270488465E-01 6.702555748E-01 7.125251945E-01
 7.537338990E-01 7.937642685E-01 8.325067253E-01 8.698609033E-01 9.057369448E-01
 9.400566165E-01 9.727542375E-01 1.003777387E+00 1.033087337E+00 1.060659220E+00
 1.086481932E+00 1.110557731E+00 1.132901625E+00 1.153540491E+00 1.172512027E+00
 1.189863552E+00 1.205650680E+00 1.219935965E+00 1.232787494E+00 1.244277543E+00
-2.562141608E+00-2.684989138E+00-2.815703815E+00-2.955378724E+00-3.105378406E+00
-3.267427427E+00-3.443697697E+00-3.636755333E+00-3.826503175E+00-3.987048141E+00
-4.120561462E+00-4.228927391E+00-4.309220191E+00-4.363727820E+00-4.392534704E+00
-4.416978646E+00-4.441753957E+00-4.467765046E+00-4.495749874E+00-4.526113830E+00
-4.558772507E+00-4.593116997E+00-4.628094403E+00-4.662346173E+00-4.694360133E+00
-4.722608412E+00-4.745651308E+00-4.762198669E+00-4.771133769E+00-4.771512709E+00
-4.762552709E+00-4.743619206E+00-4.714217733E+00-4.673994018E+00-4.622743457E+00
-4.560430145E+00-4.487213381E+00-4.403476233E+00-4.309846732E+00-4.207197240E+00
-4.096607258E+00-3.979284700E+00-3.856458370E+00-3.729271170E+00-3.598701938E+00
-3.465528376E+00-3.330325929E+00-3.193489600E+00-3.055266951E+00-2.915794262E+00
-2.775132803E+00-2.633305517E+00-2.490336412E+00-2.346298057E+00-2.201375851E+00
-2.055961716E+00-1.910791732E+00-1.767115894E+00-1.626776087E+00-1.491946353E+00
-1.364599741E+00-1.246190299E+00-1.137679402E+00-1.039673889E+00-9.525358948E-01
-8.764409091E-01-8.113894818E-01-7.571744343E-01-7.132963745E-01-6.788192731E-01
-6.522013725E-01-6.312861010E-01-6.137020138E-01-5.974441093E-01-5.811156255E-01
-5.638365232E-01-5.450787942E-01-5.245393273E-01-5.020574763E-01-4.775634231E-01
-4.510456443E-01-4.225301749E-01-3.920671961E-01-3.597223615E-01-3.255711781E-01
-2.896954389E-01-2.521810292E-01-2.131166442E-01-1.725931702E-01-1.307034609E-01
-8.754243502E-02-4.320735070E-02 2.201794533E-03 4.858179355E-02 9.582573644E-02
 1.438225257E-01 1.924564361E-01 2.416067449E-01 2.911474743E-01 3.409472570E-01
 3.908693774E-01 4.407720006E-01 4.905086215E-01 5.399287552E-01 5.888788706E-01
 6.372035842E-01 6.847470959E-01 7.313548418E-01 7.768753273E-01 8.211620999E-01
 8.640757893E-01 9.054861384E-01 9.452739853E-01 9.833330696E-01 1.019571644E+00
 1.053913797E+00 1.086300440E+00 1.116689923E+00 1.145058272E+00 1.171398990E+00
 1.195722518E+00 1.218055279E+00 1.238438450E+00 1.256926435E+00 1.273585154E+00
 1.288490202E+00 1.301724947E+00 1.313378632E+00 1.323544551E+00-2.524370597E+00
-2.642585938E+00-2.767960908E+00-2.901388523E+00-3.043947704E+00-3.196952047E+00
-3.361987302E+00-3.540925556E+00-3.711967790E+00-3.851036252E+00-3.959606765E+00
-4.040005869E+00-4.088600905E+00-4.128649780E+00-4.165819945E+00-4.200847092E+00
-4.234447518E+00-4.267218156E+00-4.299588482E+00-4.331765655E+00-4.363692980E+00
-4.395039784E+00-4.425227446E+00-4.453483477E+00-4.478909725E+00-4.500551826E+00
-4.517459582E+00-4.528733041E+00-4.533553091E+00-4.531199366E+00-4.521059491E+00
-4.502633863E+00-4.475539377E+00-4.439514364E+00-4.394425509E+00-4.340276706E+00
-4.277218109E+00-4.205552313E+00-4.125733478E+00-4.038355109E+00-3.944123618E+00
-3.843818123E+00-3.738242079E+00-3.628174815E+00-3.514331931E+00-3.397339657E+00
-3.277724567E+00-3.155916352E+00-3.032260465E+00-2.907037354E+00-2.780486228E+00
-2.652832562E+00-2.524319712E+00-2.395245254E+00-2.266003183E+00-2.137129957E+00
-2.009347006E+00-1.883580784E+00-1.760933047E+00-1.642586863E+00-1.529676342E+00
-1.423177669E+00-1.323855897E+00-1.232258282E+00-1.148727306E+00-1.073412441E+00
-1.006270350E+00-9.470506793E-01-8.952707308E-01-8.501913412E-01-8.108190530E-01
-7.759654417E-01-7.443706389E-01-7.148483089E-01-6.863891748E-01-6.581972479E-01
-6.296764460E-01-6.003960902E-01-5.700539358E-01-5.384443405E-01-5.054332783E-01
-4.709395300E-01-4.349208338E-01-3.973638040E-01-3.582766411E-01-3.176839482E-01
-2.756230516E-01-2.321414602E-01-1.872951763E-01-1.411476196E-01-9.376901921E-02
-4.523615726E-02 4.367635767E-03 5.495229949E-02 1.064207388E-01 1.586684466E-01
 2.115831026E-01 2.650442021E-01 3.189227419E-01 3.730810530E-01 4.273727817E-01
 4.816431142E-01 5.357292706E-01 5.894613113E-01 6.426632974E-01 6.951548180E-01
 7.467528770E-01 7.972741334E-01 8.465374206E-01 8.943664936E-01 9.405929046E-01
 9.850589063E-01 1.027620265E+00 1.068148868E+00 1.106535034E+00 1.142689410E+00
 1.176544368E+00 1.208054906E+00 1.237198918E+00 1.263976917E+00 1.288411172E+00
 1.310544327E+00 1.330437554E+00 1.348168344E+00 1.363828032E+00 1.377519157E+00
 1.389352794E+00 1.399445935E+00 1.407919024E+00-2.470452033E+00-2.581690007E+00
-2.698923682E+00-2.822698176E+00-2.953621758E+00-3.092427543E+00-3.240092955E+00
-3.398019853E+00-3.545975186E+00-3.655419707E+00-3.733561196E+00-3.795423640E+00
-3.851200938E+00-3.901802364E+00-3.948187455E+00-3.991148019E+00-4.031325403E+00
-4.069213298E+00-4.105150358E+00-4.139309273E+00-4.171689539E+00-4.202120617E+00
-4.230277262E+00-4.255706591E+00-4.277862574E+00-4.296143552E+00-4.309927942E+00
-4.318605462E+00-4.321602120E+00-4.318399347E+00-4.308547687E+00-4.291676999E+00
-4.267504280E+00-4.235839922E+00-4.196593301E+00-4.149777049E+00-4.095509639E+00
-4.034014760E+00-3.965616224E+00-3.890727153E+00-3.809832983E+00-3.723469511E+00
-3.632197708E+00-3.536578987E+00-3.437153738E+00-3.334425672E+00-3.228853271E+00
-3.120848221E+00-3.010780086E+00-2.898986162E+00-2.785785417E+00-2.671495482E+00
-2.556452086E+00-2.441029943E+00-2.325663219E+00-2.210863026E+00-2.097226818E+00
-1.985434309E+00-1.876224887E+00-1.770357620E+00-1.668561690E+00-1.571489439E+00
-1.479681204E+00-1.393544165E+00-1.313341734E+00-1.239188269E+00-1.171045201E+00
-1.108717486E+00-1.051852346E+00-9.999452855E-01-9.523596091E-01-9.083634746E-01
-8.671817276E-01-8.280519950E-01-7.902717055E-01-7.532274904E-01-7.164063239E-01
-6.793930987E-01-6.418606237E-01-6.035566857E-01-5.642910591E-01-5.239238273E-01
-4.823555117E-01-4.395190693E-01-3.953735311E-01-3.498990915E-01-3.030933536E-01
-2.549685561E-01-2.055495560E-01-1.548724513E-01-1.029836933E-01-4.993961257E-02
 4.193738716E-03 5.934048410E-02 1.154146258E-01 1.723196051E-01 2.299477755E-01
 2.881798522E-01 3.468843848E-01 4.059173545E-01 4.651219302E-01 5.243285096E-01
 5.833551081E-01 6.420081633E-01 7.000838663E-01 7.573700274E-01 8.136485160E-01
 8.686982464E-01 9.222986561E-01 9.742335599E-01 1.024295246E+00 1.072288649E+00
 1.118035413E+00 1.161377685E+00 1.202181442E+00 1.240339243E+00 1.275772264E+00
 1.308431542E+00 1.338298353E+00 1.365383747E+00 1.389727232E+00 1.411394673E+00
 1.430475531E+00 1.447079578E+00 1.461333240E+00 1.473375771E+00 1.483355436E+00
 1.491425854E+00 1.497742644E+00-2.403189019E+00-2.505876412E+00-2.613307839E+00
-2.725614309E+00-2.842745866E+00-2.964473395E+00-3.090456053E+00-3.220706298E+00
-3.334139355E+00-3.422698956E+00-3.501113896E+00-3.571196869E+00-3.634417827E+00
-3.691896130E+00-3.744514796E+00-3.792977622E+00-3.837838660E+00-3.879516786E+00
-3.918301844E+00-3.954357647E+00-3.987725373E+00-4.018330381E+00-4.045993702E+00
-4.070448379E+00-4.091359516E+00-4.108346311E+00-4.121004288E+00-4.128926021E+00
-4.131719607E+00-4.129024185E+00-4.120522610E+00-4.105951604E+00-4.085109819E+00
-4.057863881E+00-4.024152966E+00-3.983991510E+00-3.937469888E+00-3.884752670E+00
-3.826074048E+00-3.761730262E+00-3.692068916E+00-3.617476316E+00-3.538363372E+00
-3.455151867E+00-3.368262131E+00-3.278103624E+00-3.185068905E+00-3.089531355E+00
-2.991846660E+00-2.892357390E+00-2.791400144E+00-2.689314740E+00-2.586454231E+00
-2.483194998E+00-2.379945318E+00-2.277150807E+00-2.175294752E+00-2.074891751E+00
-1.976473727E+00-1.880569879E+00-1.787682671E+00-1.698263859E+00-1.612693569E+00
-1.531264105E+00-1.454168684E+00-1.381494380E+00-1.313218569E+00-1.249208730E+00
-1.189226270E+00-1.132935622E+00-1.079919690E+00-1.029701666E+00-9.817714563E-01
-9.356132238E-01-8.907301248E-01-8.466631106E-01-8.030026331E-01-7.593936891E-01
-7.155358165E-01-6.711797783E-01-6.261225154E-01-5.802014574E-01-5.332889475E-01
-4.852871388E-01-4.361235568E-01-3.857474062E-01-3.341265462E-01-2.812451552E-01
-2.271019427E-01-1.717089025E-01-1.150905020E-01-5.728327081E-02 1.664266292E-03
 6.169135790E-02 1.227245412E-01 1.846769463E-01 2.474474422E-01 3.109196830E-01
 3.749611242E-01 4.394221021E-01 5.041350860E-01 5.689142215E-01 6.335553160E-01
 6.978364138E-01 7.615191042E-01 8.243506644E-01 8.860671269E-01 9.463972601E-01
 1.005067369E+00 1.061806790E+00 1.116353805E+00 1.168461741E+00 1.217904930E+00
 1.264484247E+00 1.308032002E+00 1.348415933E+00 1.385542158E+00 1.419356964E+00
 1.449847323E+00 1.477040146E+00 1.501000255E+00 1.521827190E+00 1.539650988E+00
 1.554627200E+00 1.566931380E+00 1.576753416E+00 1.584291966E+00 1.589749294E+00
 1.593326690E+00-2.325599953E+00-2.418841329E+00-2.516127726E+00-2.617322671E+00
-2.721698184E+00-2.827905963E+00-2.934037318E+00-3.037216562E+00-3.133621453E+00
-3.221454411E+00-3.301261406E+00-3.373984111E+00-3.440485196E+00-3.501504675E+00
-3.557665874E+00-3.609485135E+00-3.657379067E+00-3.701669293E+00-3.742585528E+00
-3.780268432E+00-3.814773268E+00-3.846075563E+00-3.874079089E+00-3.898626253E+00
-3.919510572E+00-3.936490392E+00-3.949303211E+00-3.957679493E+00-3.961355787E+00
-3.960086311E+00-3.953653035E+00-3.941874162E+00-3.924610970E+00-3.901773008E+00
-3.873321927E+00-3.839273481E+00-3.799698107E+00-3.754719527E+00-3.704511612E+00
-3.649293462E+00-3.589322907E+00-3.524888938E+00-3.456303452E+00-3.383893165E+00
-3.307992257E+00-3.228936554E+00-3.147059244E+00-3.062688889E+00-2.976149201E+00
-2.887760778E+00-2.797844252E+00-2.706724307E+00-2.614734251E+00-2.522219887E+00
-2.429542502E+00-2.337079488E+00-2.245222397E+00-2.154371485E+00-2.064926890E+00
-1.977277279E+00-1.891786412E+00-1.808779797E+00-1.728532036E+00-1.651256320E+00
-1.577096400E+00-1.506121343E+00-1.438323104E+00-1.373617084E+00-1.311845798E+00
-1.252785878E+00-1.196158376E+00-1.141641903E+00-1.088887667E+00-1.037534962E+00
-9.872255889E-01-9.376159621E-01-8.883861005E-01-8.392454107E-01-7.899355640E-01
-7.402310782E-01-6.899382688E-01-6.388932224E-01-5.869592313E-01-5.340240997E-01
-4.799975416E-01-4.248088266E-01-3.684047449E-01-3.107479510E-01-2.518156980E-01
-1.915989367E-01-1.301018055E-01-6.734146239E-02-3.348277185E-03 6.183365293E-02
 1.281456700E-01 1.955134298E-01 2.638455075E-01 3.330317985E-01 4.029417528E-01
 4.734225700E-01 5.442974857E-01 6.153643109E-01 6.863944900E-01 7.571329129E-01
 8.272987931E-01 8.965878314E-01 9.646759158E-01 1.031224378E+00 1.095886741E+00
 1.158316690E+00 1.218176851E+00 1.275147891E+00 1.328937385E+00 1.379288028E+00
 1.425984796E+00 1.468860766E+00 1.507801401E+00 1.542747135E+00 1.573694158E+00
 1.600693277E+00 1.623846870E+00 1.643303991E+00 1.659253849E+00 1.671918051E+00
 1.681542099E+00 1.688386721E+00 1.692719607E+00 1.694807993E+00 1.694912416E+00
-2.239588235E+00-2.322033625E+00-2.409746561E+00-2.502279449E+00-2.599370079E+00
-2.696110176E+00-2.790860083E+00-2.882602170E+00-2.970178148E+00-3.052757473E+00
-3.129998660E+00-3.201934187E+00-3.268793924E+00-3.330885019E+00-3.388526826E+00
-3.442017212E+00-3.491614979E+00-3.537530347E+00-3.579920022E+00-3.618885345E+00
-3.654472764E+00-3.686676271E+00-3.715441999E+00-3.740674358E+00-3.762243795E+00
-3.779995330E+00-3.793757844E+00-3.803353356E+00-3.808606040E+00-3.809350549E+00
-3.805439540E+00-3.796750181E+00-3.783189500E+00-3.764698649E+00-3.741255983E+00
-3.712878807E+00-3.679623934E+00-3.641587145E+00-3.598901116E+00-3.551732548E+00
-3.500278217E+00-3.444760360E+00-3.385421713E+00-3.322520653E+00-3.256326599E+00
-3.187116199E+00-3.115170325E+00-3.040772252E+00-2.964206824E+00-2.885760531E+00
-2.805722425E+00-2.724385370E+00-2.642047466E+00-2.559012972E+00-2.475592581E+00
-2.392102414E+00-2.308861398E+00-2.226187145E+00-2.144390076E+00-2.063766314E+00
-1.984589658E+00-1.907103520E+00-1.831513280E+00-1.757979609E+00-1.686613325E+00
-1.617471956E+00-1.550558263E+00-1.485820810E+00-1.423156639E+00-1.362416013E+00
-1.303409020E+00-1.245913723E+00-1.189685261E+00-1.134465253E+00-1.079990812E+00
-1.026002514E+00-9.722509448E-01-9.185016080E-01-8.645382060E-01-8.101644944E-01
-7.552049647E-01-6.995046597E-01-6.429284022E-01-5.853596853E-01-5.266994082E-01
-4.668646037E-01-4.057872911E-01-3.434134835E-01-2.797024462E-01-2.146262201E-01
-1.481694509E-01-8.032953329E-02-1.111711126E-02 5.944305517E-02 1.313108348E-01
 2.044290599E-01 2.787214444E-01 3.540900889E-01 4.304126109E-01 5.075389675E-01
 5.852881254E-01 6.634448006E-01 7.417566112E-01 8.199321132E-01 8.976402458E-01
 9.745118159E-01 1.050143532E+00 1.124104879E+00 1.195947805E+00 1.265218737E+00
 1.331472116E+00 1.394284407E+00 1.453267580E+00 1.508081306E+00 1.558443321E+00
 1.604137734E+00 1.645021125E+00 1.681026346E+00 1.712163852E+00 1.738520291E+00
 1.760254174E+00 1.777588470E+00 1.790800402E+00 1.800209023E+00 1.806161542E+00
 1.809019592E+00 1.809146545E+00 1.806896738E+00 1.802607070E+00-2.156314743E+00
-2.230120089E+00-2.309828590E+00-2.395115059E+00-2.485584396E+00-2.575453719E+00
-2.663025996E+00-2.747864562E+00-2.829464623E+00-2.907395928E+00-2.981370397E+00
-3.051251945E+00-3.117027336E+00-3.178765224E+00-3.236579120E+00-3.290599336E+00
-3.340953315E+00-3.387752437E+00-3.431083571E+00-3.471004169E+00-3.507539983E+00
-3.540684988E+00-3.570403200E+00-3.596631779E+00-3.619285561E+00-3.638262217E+00
-3.653448197E+00-3.664724833E+00-3.671974295E+00-3.675085628E+00-3.673959950E+00
-3.668515297E+00-3.658690688E+00-3.644449365E+00-3.625781251E+00-3.602704484E+00
-3.575266093E+00-3.543541802E+00-3.507635087E+00-3.467675366E+00-3.423815740E+00
-3.376230234E+00-3.325110702E+00-3.270663859E+00-3.213108280E+00-3.152671878E+00
-3.089589680E+00-3.024102273E+00-2.956454602E+00-2.886895394E+00-2.815676822E+00
-2.743054433E+00-2.669286835E+00-2.594635502E+00-2.519363596E+00-2.443734569E+00
-2.368009664E+00-2.292444601E+00-2.217285567E+00-2.142764448E+00-2.069093794E+00
-1.996461736E+00-1.925027132E+00-1.854915390E+00-1.786215223E+00-1.718976475E+00
-1.653209226E+00-1.588884247E+00-1.525934806E+00-1.464259767E+00-1.403727841E+00
-1.344182721E+00-1.285448843E+00-1.227337359E+00-1.169651987E+00-1.112194410E+00
-1.054768952E+00-9.971864213E-01-9.392670048E-01-8.808423327E-01-8.217567230E-01
-7.618678292E-01-7.010467504E-01-6.391778361E-01-5.761582381E-01-5.118973855E-01
-4.463164288E-01-3.793477766E-01-3.109347469E-01-2.410314215E-01-1.696027427E-01
-9.662489752E-02-2.208606361E-02 5.401244897E-02 1.316545766E-01 2.108073379E-01
 2.914180435E-01 3.734108194E-01 4.566823504E-01 5.410968783E-01 6.264804620E-01
 7.126147208E-01 7.992304653E-01 8.860019092E-01 9.725424819E-01 1.058403614E+00
 1.143077865E+00 1.226007558E+00 1.306599173E+00 1.384242666E+00 1.458333708E+00
 1.528296420E+00 1.593604332E+00 1.653798232E+00 1.708500458E+00 1.757425885E+00
 1.800390067E+00 1.837314801E+00 1.868230909E+00 1.893277577E+00 1.912697180E+00
 1.926824716E+00 1.936071669E+00 1.940905163E+00 1.941824667E+00 1.939338887E+00
 1.933945428E+00 1.926115181E+00 1.916281511E+00-2.079664908E+00-2.147155895E+00
-2.220447881E+00-2.299497229E+00-2.383262203E+00-2.467233913E+00-2.549257752E+00
-2.628933952E+00-2.705942148E+00-2.780001509E+00-2.850891134E+00-2.918459261E+00
-2.982619701E+00-3.043339881E+00-3.100625633E+00-3.154505965E+00-3.205020291E+00
-3.252208003E+00-3.296100997E+00-3.336718378E+00-3.374063402E+00-3.408121963E+00
-3.438862785E+00-3.466238685E+00-3.490188897E+00-3.510642035E+00-3.527519834E+00
-3.540740949E+00-3.550224947E+00-3.555896332E+00-3.557688255E+00-3.555545916E+00
-3.549429456E+00-3.539316496E+00-3.525203992E+00-3.507109442E+00-3.485071737E+00
-3.459151120E+00-3.429428839E+00-3.396006217E+00-3.359003297E+00-3.318557287E+00
-3.274820570E+00-3.227958976E+00-3.178149727E+00-3.125579698E+00-3.070443862E+00
-3.012943798E+00-2.953286630E+00-2.891683994E+00-2.828351269E+00-2.763506699E+00
-2.697370660E+00-2.630164537E+00-2.562109384E+00-2.493424260E+00-2.424324078E+00
-2.355017024E+00-2.285701484E+00-2.216562973E+00-2.147770577E+00-2.079473655E+00
-2.011798740E+00-1.944846788E+00-1.878691137E+00-1.813376064E+00-1.748916282E+00
-1.685297230E+00-1.622476275E+00-1.560384719E+00-1.498930553E+00-1.438001771E+00
-1.377470086E+00-1.317194850E+00-1.257026956E+00-1.196812526E+00-1.136396261E+00
-1.075624313E+00-1.014346652E+00-9.524188800E-01-8.897035615E-01-8.260710851E-01
-7.614001808E-01-6.955781005E-01-6.285006378E-01-5.600719687E-01-4.902044659E-01
-4.188184911E-01-3.458422887E-01-2.712119723E-01-1.948717318E-01-1.167742769E-01
-3.688162597E-02 4.483369669E-02 1.283869233E-01 2.137786475E-01 3.009916000E-01
 3.899863931E-01 4.806960263E-01 5.730188587E-01 6.668098948E-01 7.618701893E-01
 8.579345929E-01 9.546584576E-01 1.051604892E+00 1.148235291E+00 1.243906993E+00
 1.337882147E+00 1.429350112E+00 1.517461953E+00 1.601371470E+00 1.680275291E+00
 1.753446244E+00 1.820257800E+00 1.880200639E+00 1.932894060E+00 1.978094782E+00
 2.015704847E+00 2.045778475E+00 2.068526334E+00 2.084313528E+00 2.093647178E+00
 2.097150995E+00 2.095527635E+00 2.089514533E+00 2.079841318E+00 2.067195839E+00
 2.052201869E+00 2.035408205E+00-2.007857367E+00-2.069915192E+00-2.137957459E+00
-2.211880830E+00-2.291186732E+00-2.370464963E+00-2.447973672E+00-2.523471709E+00
-2.596717248E+00-2.667494796E+00-2.735622671E+00-2.800956961E+00-2.863391399E+00
-2.922853420E+00-2.979297738E+00-3.032699087E+00-3.083044850E+00-3.130328421E+00
-3.174543986E+00-3.215682187E+00-3.253727366E+00-3.288655884E+00-3.320435361E+00
-3.349025085E+00-3.374376983E+00-3.396437320E+00-3.415148742E+00-3.430452709E+00
-3.442292116E+00-3.450613813E+00-3.455371158E+00-3.456526425E+00-3.454052775E+00
-3.447936102E+00-3.438176446E+00-3.424788997E+00-3.407804700E+00-3.387270624E+00
-3.363249725E+00-3.335820576E+00-3.305076576E+00-3.271125055E+00-3.234086306E+00
-3.194092269E+00-3.151285384E+00-3.105817395E+00-3.057848066E+00-3.007544080E+00
-2.955077971E+00-2.900627039E+00-2.844372346E+00-2.786497722E+00-2.727188567E+00
-2.666630633E+00-2.605008620E+00-2.542504598E+00-2.479296003E+00-2.415553722E+00
-2.351439729E+00-2.287104797E+00-2.222686060E+00-2.158304778E+00-2.094064097E+00
-2.030047377E+00-1.966316722E+00-1.902912025E+00-1.839850688E+00-1.777127747E+00
-1.714716669E+00-1.652570663E+00-1.590624450E+00-1.528796450E+00-1.466991221E+00
-1.405102057E+00-1.343013633E+00-1.280604545E+00-1.217749694E+00-1.154322388E+00
-1.090196157E+00-1.025246227E+00-9.593506666E-01-8.923912340E-01-8.242539219E-01
-7.548292997E-01-6.840126298E-01-6.117038835E-01-5.378076437E-01-4.622329794E-01
-3.848933229E-01-3.057064338E-01-2.245944545E-01-1.414841773E-01-5.630757041E-02
 3.099733528E-02 1.204850481E-01 2.122005520E-01 3.061763261E-01 4.024281379E-01
 5.009491646E-01 6.017018494E-01 7.046067538E-01 8.095274334E-01 9.162503286E-01
 1.024459018E+00 1.133703320E+00 1.243366915E+00 1.352642451E+00 1.460529111E+00
 1.565867446E+00 1.667412802E+00 1.763927278E+00 1.854260732E+00 1.937403018E+00
 2.012508177E+00 2.078901448E+00 2.136080354E+00 2.183717927E+00 2.221672421E+00
 2.250004758E+00 2.269000947E+00 2.279190776E+00 2.281347242E+00 2.276449722E+00
 2.265606242E+00 2.249953331E+00 2.230565376E+00 2.208396390E+00 2.184256147E+00
 2.158810929E+00-1.942071803E+00-1.999733957E+00-2.063459322E+00-2.133143319E+00
-2.208639554E+00-2.283990616E+00-2.357759687E+00-2.429784949E+00-2.499870693E+00
-2.567839347E+00-2.633535136E+00-2.696825774E+00-2.757602555E+00-2.815778804E+00
-2.871286896E+00-2.924074704E+00-2.974101403E+00-3.021333761E+00-3.065742516E+00
-3.107299554E+00-3.145975731E+00-3.181739366E+00-3.214555366E+00-3.244385190E+00
-3.271187081E+00-3.294916994E+00-3.315529625E+00-3.332980000E+00-3.347224966E+00
-3.358224839E+00-3.365945107E+00-3.370357888E+00-3.371443493E+00-3.369191460E+00
-3.363601730E+00-3.354685367E+00-3.342465005E+00-3.326975327E+00-3.308263034E+00
-3.286386799E+00-3.261417019E+00-3.233435427E+00-3.202534588E+00-3.168817260E+00
-3.132395654E+00-3.093390724E+00-3.051931211E+00-3.008152736E+00-2.962196869E+00
-2.914210062E+00-2.864342682E+00-2.812747809E+00-2.759580130E+00-2.704994585E+00
-2.649145069E+00-2.592182896E+00-2.534255217E+00-2.475503291E+00-2.416060725E+00
-2.356051726E+00-2.295589282E+00-2.234773534E+00-2.173690264E+00-2.112409619E+00
-2.050985157E+00-1.989453132E+00-1.927832240E+00-1.866123766E+00-1.804311999E+00
-1.742365100E+00-1.680236268E+00-1.617865157E+00-1.555179505E+00-1.492096868E+00
-1.428526406E+00-1.364370641E+00-1.299527125E+00-1.233889944E+00-1.167351050E+00
-1.099801381E+00-1.031131748E+00-9.612334990E-01-8.899989877E-01-8.173218311E-01
-7.430970129E-01-6.672208340E-01-5.895907565E-01-5.101051684E-01-4.286630934E-01
-3.451638923E-01-2.595069821E-01-1.715916439E-01-8.131694195E-02 1.141812405E-02
 1.067141569E-01 2.046704161E-01 3.053831646E-01 4.089429725E-01 5.154304584E-01
 6.249096717E-01 7.374178901E-01 8.529498392E-01 9.714332266E-01 1.092690811E+00
 1.216382319E+00 1.341919889E+00 1.468361304E+00 1.594321670E+00 1.717997818E+00
 1.837373705E+00 1.950508620E+00 2.055729307E+00 2.151678873E+00 2.237287197E+00
 2.311724257E+00 2.374363687E+00 2.424765838E+00 2.462684136E+00 2.488099939E+00
 2.501290923E+00 2.502930251E+00 2.494179795E+00 2.476682101E+00 2.452360720E+00
 2.423105138E+00 2.390537456E+00 2.355940714E+00 2.320287975E+00 2.284301794E+00
-1.883033883E+00-1.937356656E+00-1.997526336E+00-2.063667529E+00-2.134900518E+00
-2.206837653E+00-2.277478959E+00-2.346585420E+00-2.413992794E+00-2.479550909E+00
-2.543124570E+00-2.604594181E+00-2.663855978E+00-2.720821077E+00-2.775414140E+00
-2.827571435E+00-2.877238572E+00-2.924368288E+00-2.968918303E+00-3.010849417E+00
-3.050124019E+00-3.086704886E+00-3.120554599E+00-3.151635064E+00-3.179907701E+00
-3.205333678E+00-3.227874588E+00-3.247493171E+00-3.264154353E+00-3.277826162E+00
-3.288480714E+00-3.296095261E+00-3.300652983E+00-3.302143881E+00-3.300565340E+00
-3.295922669E+00-3.288229528E+00-3.277508163E+00-3.263789694E+00-3.247114115E+00
-3.227530566E+00-3.205097276E+00-3.179881561E+00-3.151959767E+00-3.121416922E+00
-3.088346383E+00-3.052849262E+00-3.015033567E+00-2.975013487E+00-2.932908327E+00
-2.888841578E+00-2.842939657E+00-2.795330898E+00-2.746144161E+00-2.695507604E+00
-2.643547297E+00-2.590385857E+00-2.536140925E+00-2.480923839E+00-2.424838096E+00
-2.367978098E+00-2.310427867E+00-2.252259853E+00-2.193534126E+00-2.134297462E+00
-2.074583015E+00-2.014409929E+00-1.953783516E+00-1.892695396E+00-1.831124086E+00
-1.769035772E+00-1.706385198E+00-1.643116759E+00-1.579165644E+00-1.514459051E+00
-1.448917376E+00-1.382455345E+00-1.314983083E+00-1.246407021E+00-1.176630694E+00
-1.105555356E+00-1.033080431E+00-9.591038015E-01-8.835219134E-01-8.062297426E-01
-7.271205946E-01-6.460857655E-01-5.630140886E-01-4.777913431E-01-3.902995745E-01
-3.004163037E-01-2.080136742E-01-1.129575132E-01-1.510636757E-02 8.568947098E-02
 1.895888888E-01 2.967607302E-01 4.073842754E-01 5.216491635E-01 6.397543067E-01
 7.619049539E-01 8.883063925E-01 1.019151197E+00 1.154593554E+00 1.294695817E+00
 1.439311002E+00 1.587811593E+00 1.738512427E+00 1.888063286E+00 2.032283095E+00
 2.167835203E+00 2.292497655E+00 2.404761902E+00 2.503533500E+00 2.587968208E+00
 2.657383754E+00 2.711214713E+00 2.748999734E+00 2.770407003E+00 2.775327427E+00
 2.764118145E+00 2.738157979E+00 2.700570799E+00 2.655636321E+00 2.606899289E+00
 2.556628108E+00 2.506223419E+00 2.456570001E+00 2.408233902E+00-1.828605871E+00
-1.879798306E+00-1.936980650E+00-2.000197691E+00-2.068979604E+00-2.138224728E+00
-2.206235313E+00-2.272872000E+00-2.337997752E+00-2.401485262E+00-2.463217666E+00
-2.523088894E+00-2.581003668E+00-2.636877077E+00-2.690633802E+00-2.742207089E+00
-2.791537586E+00-2.838572006E+00-2.883261846E+00-2.925562347E+00-2.965431363E+00
-3.002828706E+00-3.037715466E+00-3.070053838E+00-3.099806909E+00-3.126938871E+00
-3.151415192E+00-3.173203087E+00-3.192271958E+00-3.208593963E+00-3.222144548E+00
-3.232902981E+00-3.240852830E+00-3.245982275E+00-3.248284534E+00-3.247758037E+00
-3.244406602E+00-3.238239665E+00-3.229272399E+00-3.217526137E+00-3.203028706E+00
-3.185815120E+00-3.165928144E+00-3.143418799E+00-3.118346630E+00-3.090779671E+00
-3.060794073E+00-3.028473451E+00-2.993907983E+00-2.957193550E+00-2.918430602E+00
-2.877723098E+00-2.835177301E+00-2.790900465E+00-2.744999707E+00-2.697580670E+00
-2.648746267E+00-2.598595438E+00-2.547221949E+00-2.494713210E+00-2.441149152E+00
-2.386601334E+00-2.331131900E+00-2.274792994E+00-2.217626101E+00-2.159661644E+00
-2.100918788E+00-2.041405398E+00-1.981118181E+00-1.920042975E+00-1.858155307E+00
-1.795420893E+00-1.731796369E+00-1.667230060E+00-1.601662753E+00-1.535028500E+00
-1.467255364E+00-1.398266122E+00-1.327978865E+00-1.256307498E+00-1.183162113E+00
-1.108449221E+00-1.032071844E+00-9.539294442E-01-8.739177021E-01-7.919281312E-01
-7.078475145E-01-6.215571803E-01-5.329320880E-01-4.418396997E-01-3.481386588E-01
-2.516771978E-01-1.522912821E-01-4.980240036E-02 5.598502242E-02 1.652867134E-01
 2.783422450E-01 3.954195092E-01 5.168202195E-01 6.428868091E-01 7.740113284E-01
 9.106473406E-01 1.053326607E+00 1.202684196E+00 1.359500071E+00 1.524778369E+00
 1.699937882E+00 1.887553436E+00 2.081447936E+00 2.262022300E+00 2.427990237E+00
 2.576882765E+00 2.707829077E+00 2.821822502E+00 2.918774159E+00 2.997697304E+00
 3.056334032E+00 3.093871956E+00 3.111075117E+00 3.107300446E+00 3.080565871E+00
 3.026596850E+00 2.947424282E+00 2.869588100E+00 2.794083048E+00 2.721589653E+00
 2.652496329E+00 2.586999408E+00 2.525163839E+00-1.779612502E+00-1.828184786E+00
-1.882868718E+00-1.943639222E+00-2.010574782E+00-2.077540667E+00-2.143320418E+00
-2.207852221E+00-2.271023089E+00-2.332726641E+00-2.392863723E+00-2.451342489E+00
-2.508078278E+00-2.562993409E+00-2.616016767E+00-2.667083438E+00-2.716133974E+00
-2.763113866E+00-2.807972792E+00-2.850663975E+00-2.891143662E+00-2.929370541E+00
-2.965305431E+00-2.998911012E+00-3.030151687E+00-3.058993586E+00-3.085404659E+00
-3.109354735E+00-3.130815873E+00-3.149762475E+00-3.166171463E+00-3.180022569E+00
-3.191298353E+00-3.199984244E+00-3.206068556E+00-3.209542281E+00-3.210398984E+00
-3.208634616E+00-3.204247568E+00-3.197238907E+00-3.187613301E+00-3.175380595E+00
-3.160557434E+00-3.143168775E+00-3.123248936E+00-3.100842173E+00-3.076002336E+00
-3.048791626E+00-3.019279684E+00-2.987542644E+00-2.953662043E+00-2.917723549E+00
-2.879815637E+00-2.840028354E+00-2.798452113E+00-2.755176418E+00-2.710288775E+00
-2.663873534E+00-2.616010779E+00-2.566775444E+00-2.516236316E+00-2.464455266E+00
-2.411486475E+00-2.357375961E+00-2.302160911E+00-2.245869556E+00-2.188520828E+00
-2.130124280E+00-2.070680260E+00-2.010180011E+00-1.948605918E+00-1.885931953E+00
-1.822124057E+00-1.757140651E+00-1.690933122E+00-1.623446325E+00-1.554619058E+00
-1.484384489E+00-1.412670510E+00-1.339400001E+00-1.264491000E+00-1.187856742E+00
-1.109405577E+00-1.029040727E+00-9.466598923E-01-8.621546948E-01-7.754099081E-01
-6.863025008E-01-5.947004155E-01-5.004611003E-01-4.034297046E-01-3.034368991E-01
-2.002962425E-01-9.380096537E-02 1.627994881E-02 1.302066099E-01 2.482742716E-01
 3.708209938E-01 4.982375361E-01 6.309804050E-01 7.695895200E-01 9.147129774E-01
 1.067143148E+00 1.227871920E+00 1.398179771E+00 1.579785938E+00 1.775096836E+00
 1.987498926E+00 2.222426580E+00 2.441644219E+00 2.635586693E+00 2.809119687E+00
 2.962783338E+00 3.096590765E+00 3.206002945E+00 3.291021797E+00 3.355031715E+00
 3.397365176E+00 3.416771385E+00 3.406938522E+00 3.366106151E+00 3.294669761E+00
 3.187565943E+00 3.073219718E+00 2.968817426E+00 2.872923122E+00 2.784594788E+00
 2.703149395E+00 2.628022140E+00-1.737407592E+00-1.784187368E+00-1.836825384E+00
-1.895508487E+00-1.959450754E+00-2.024307377E+00-2.088171715E+00-2.150887994E+00
-2.212365337E+00-2.272518464E+00-2.331266455E+00-2.388532385E+00-2.444243355E+00
-2.498330480E+00-2.550728963E+00-2.601378037E+00-2.650220869E+00-2.697204288E+00
-2.742278649E+00-2.785397467E+00-2.826517143E+00-2.865596675E+00-2.902597522E+00
-2.937483352E+00-2.970219887E+00-3.000774979E+00-3.029118439E+00-3.055222112E+00
-3.079059878E+00-3.100607651E+00-3.119843322E+00-3.136746680E+00-3.151299200E+00
-3.163483812E+00-3.173284335E+00-3.180684977E+00-3.185669578E+00-3.188220717E+00
-3.188318882E+00-3.185941866E+00-3.181065738E+00-3.173669437E+00-3.163738486E+00
-3.151268080E+00-3.136265797E+00-3.118753453E+00-3.098767111E+00-3.076351203E+00
-3.051558123E+00-3.024448252E+00-2.995088905E+00-2.963552011E+00-2.929912675E+00
-2.894247961E+00-2.856635823E+00-2.817153730E+00-2.775877525E+00-2.732880531E+00
-2.688232507E+00-2.641998907E+00-2.594240033E+00-2.545010375E+00-2.494358046E+00
-2.442324221E+00-2.388942871E+00-2.334240346E+00-2.278235327E+00-2.220938646E+00
-2.162353365E+00-2.102474812E+00-2.041290724E+00-1.978781528E+00-1.914920550E+00
-1.849674322E+00-1.783002871E+00-1.714860014E+00-1.645193624E+00-1.573945875E+00
-1.501053380E+00-1.426447316E+00-1.350053408E+00-1.271791831E+00-1.191576993E+00
-1.109317163E+00-1.024913957E+00-9.382616498E-01-8.492462782E-01-7.577445260E-01
-6.636223380E-01-5.667332307E-01-4.669162284E-01-3.639933536E-01-2.577665816E-01
-1.480141046E-01-3.448575588E-02 8.310265910E-02 2.050764257E-01 3.318108105E-01
 4.637423731E-01 6.013834846E-01 7.453412003E-01 8.963419139E-01 1.055263667E+00
 1.223177911E+00 1.401400982E+00 1.591549451E+00 1.795577491E+00 2.015748329E+00
 2.254471408E+00 2.503415397E+00 2.726134682E+00 2.923736922E+00 3.096744000E+00
 3.244293633E+00 3.365456376E+00 3.462091720E+00 3.534704808E+00 3.582385514E+00
 3.602720878E+00 3.593186829E+00 3.553882735E+00 3.483289154E+00 3.378475253E+00
 3.240740172E+00 3.112188141E+00 2.996020075E+00 2.890859361E+00 2.795530076E+00
 2.708998702E+00-1.699585136E+00-1.744588577E+00-1.795511675E+00-1.852469784E+00
-1.914973072E+00-1.978157603E+00-2.040342212E+00-2.101454566E+00-2.161431806E+00
-2.220212119E+00-2.277733711E+00-2.333934826E+00-2.388754253E+00-2.442131961E+00
-2.494009741E+00-2.544331612E+00-2.593044172E+00-2.640096806E+00-2.685441672E+00
-2.729033661E+00-2.770830472E+00-2.810792285E+00-2.848881877E+00-2.885064349E+00
-2.919307070E+00-2.951579696E+00-2.981853954E+00-3.010103648E+00-3.036304498E+00
-3.060434104E+00-3.082471673E+00-3.102397752E+00-3.120193835E+00-3.135841785E+00
-3.149323117E+00-3.160617813E+00-3.169703028E+00-3.176550918E+00-3.181125711E+00
-3.183379023E+00-3.183241464E+00-3.180648393E+00-3.175543325E+00-3.167882641E+00
-3.157640822E+00-3.144817752E+00-3.129452747E+00-3.111574060E+00-3.091217110E+00
-3.068430439E+00-3.043275142E+00-3.015814873E+00-2.986115380E+00-2.954244927E+00
-2.920273390E+00-2.884270176E+00-2.846302893E+00-2.806436880E+00-2.764734436E+00
-2.721254098E+00-2.676049891E+00-2.629170837E+00-2.580660363E+00-2.530556078E+00
-2.478889315E+00-2.425685091E+00-2.370961833E+00-2.314731380E+00-2.256998965E+00
-2.197763211E+00-2.137016252E+00-2.074743806E+00-2.010925412E+00-1.945534425E+00
-1.878538308E+00-1.809898737E+00-1.739571709E+00-1.667507642E+00-1.593651426E+00
-1.517942379E+00-1.440314154E+00-1.360694536E+00-1.279005139E+00-1.195160966E+00
-1.109069844E+00-1.020631678E+00-9.297375178E-01-8.362684216E-01-7.400940332E-01
-6.410708880E-01-5.390403374E-01-4.338260473E-01-3.252309772E-01-2.130337041E-01
-9.698397340E-02 2.320273965E-02 1.478518842E-01 2.773379887E-01 4.120946854E-01
 5.526269857E-01 6.995262419E-01 8.534880496E-01 1.015333035E+00 1.186029486E+00
 1.366715040E+00 1.558711788E+00 1.763525953E+00 1.982822810E+00 2.218373788E+00
 2.472339098E+00 2.719206785E+00 2.936531507E+00 3.122259228E+00 3.281280722E+00
 3.415000778E+00 3.523804476E+00 3.605454821E+00 3.656884872E+00 3.681713218E+00
 3.679778757E+00 3.649837514E+00 3.587826370E+00 3.489219496E+00 3.356210912E+00
 3.209758104E+00 3.078307792E+00 2.960610887E+00 2.855198871E+00 2.760679803E+00
-1.666840959E+00-1.710370505E+00-1.759884513E+00-1.815394180E+00-1.877153079E+00
-1.938838201E+00-1.999471997E+00-2.059099228E+00-2.117693423E+00-2.175218967E+00
-2.231632437E+00-2.286885041E+00-2.340924731E+00-2.393698181E+00-2.445152163E+00
-2.495234552E+00-2.543894967E+00-2.591085237E+00-2.636759554E+00-2.680874688E+00
-2.723390024E+00-2.764267504E+00-2.803471593E+00-2.840969290E+00-2.876729979E+00
-2.910725370E+00-2.942929478E+00-2.973318372E+00-3.001870234E+00-3.028564969E+00
-3.053384111E+00-3.076310375E+00-3.097327233E+00-3.116418253E+00-3.133566267E+00
-3.148752111E+00-3.161953268E+00-3.173141777E+00-3.182281965E+00-3.189328122E+00
-3.194074383E+00-3.196400108E+00-3.196190873E+00-3.193346093E+00-3.187782037E+00
-3.179427806E+00-3.168505655E+00-3.154962724E+00-3.138796473E+00-3.120046143E+00
-3.098802145E+00-3.075121567E+00-3.049059283E+00-3.020677669E+00-2.990046425E+00
-2.957230754E+00-2.922292257E+00-2.885290442E+00-2.846282779E+00-2.805323178E+00
-2.762461224E+00-2.717741910E+00-2.671205212E+00-2.622885874E+00-2.572813232E+00
-2.521011139E+00-2.467497869E+00-2.412286073E+00-2.355382846E+00-2.296789639E+00
-2.236502364E+00-2.174511391E+00-2.110801644E+00-2.045352662E+00-1.978138652E+00
-1.909128530E+00-1.838285945E+00-1.765569306E+00-1.690931710E+00-1.614320865E+00
-1.535678910E+00-1.454942185E+00-1.372040888E+00-1.286898641E+00-1.199431915E+00
-1.109549342E+00-1.017150834E+00-9.221265268E-01-8.243555125E-01-7.237043059E-01
-6.200250029E-01-5.131531147E-01-4.029049439E-01-2.890744919E-01-1.714297543E-01
-4.970832210E-02 7.638784830E-02 2.071986358E-01 3.431130502E-01 4.845777467E-01
 6.321067723E-01 7.862924656E-01 9.478171372E-01 1.117464832E+00 1.296132074E+00
 1.484836258E+00 1.684720746E+00 1.897056949E+00 2.123245581E+00 2.364817373E+00
 2.620447607E+00 2.849251128E+00 3.047111258E+00 3.216890256E+00 3.359679037E+00
 3.475382846E+00 3.562314688E+00 3.622116332E+00 3.656225719E+00 3.664125769E+00
 3.644014425E+00 3.592554320E+00 3.509974356E+00 3.396230915E+00 3.250667538E+00
 3.109604177E+00 2.984869893E+00 2.874569852E+00 2.776854289E+00-1.641467547E+00
-1.684442883E+00-1.732917190E+00-1.787063840E+00-1.846226652E+00-1.906183655E+00
-1.965232531E+00-2.023373282E+00-2.080619098E+00-2.136953664E+00-2.192342353E+00
-2.246740404E+00-2.300098173E+00-2.352364155E+00-2.403486826E+00-2.453415709E+00
-2.502102167E+00-2.549499754E+00-2.595564443E+00-2.640254846E+00-2.683532208E+00
-2.725360410E+00-2.765706007E+00-2.804538151E+00-2.841828590E+00-2.877551532E+00
-2.911683648E+00-2.944203875E+00-2.975093456E+00-3.004335571E+00-3.031915300E+00
-3.057819214E+00-3.082035028E+00-3.104551020E+00-3.125355330E+00-3.144434956E+00
-3.161774358E+00-3.177353520E+00-3.191144770E+00-3.202968695E+00-3.212638228E+00
-3.219968648E+00-3.224786527E+00-3.226940531E+00-3.226311394E+00-3.222821373E+00
-3.216447624E+00-3.207168113E+00-3.194974259E+00-3.179864102E+00-3.162256985E+00
-3.142092548E+00-3.119380149E+00-3.094177437E+00-3.066595421E+00-3.036692255E+00
-3.004517348E+00-2.970124493E+00-2.933571665E+00-2.894910331E+00-2.854186724E+00
-2.811442951E+00-2.766716216E+00-2.720038704E+00-2.671437971E+00-2.620936764E+00
-2.568553143E+00-2.514300440E+00-2.458187355E+00-2.400217880E+00-2.340391316E+00
-2.278702375E+00-2.215141038E+00-2.149692559E+00-2.082337600E+00-2.013052075E+00
-1.941807131E+00-1.868569201E+00-1.793299799E+00-1.715955457E+00-1.636487529E+00
-1.554841947E+00-1.470958906E+00-1.384772472E+00-1.296210092E+00-1.205191998E+00
-1.111630478E+00-1.015429020E+00-9.164812966E-01-8.146699502E-01-7.098651887E-01
-6.019231347E-01-4.906839111E-01-3.759694264E-01-2.575808069E-01-1.352954764E-01
-8.863821085E-03 1.219945591E-01 2.575950084E-01 3.982923460E-01 5.444856864E-01
 6.966234054E-01 8.552081390E-01 1.020801724E+00 1.194030394E+00 1.375591282E+00
 1.566262998E+00 1.766925886E+00 1.978601960E+00 2.202528889E+00 2.440346821E+00
 2.676298945E+00 2.881654937E+00 3.057271208E+00 3.201646029E+00 3.318698159E+00
 3.411281293E+00 3.480132576E+00 3.524439272E+00 3.540498289E+00 3.530474541E+00
 3.495494558E+00 3.434769805E+00 3.345912822E+00 3.223540731E+00 3.080509290E+00
 2.955841567E+00 2.847631546E+00 2.753128407E+00-1.621276195E+00-1.664146313E+00
-1.711926055E+00-1.764652214E+00-1.822043417E+00-1.879967616E+00-1.937150084E+00
-1.993687856E+00-2.049574887E+00-2.104768003E+00-2.159212792E+00-2.212851956E+00
-2.265628313E+00-2.317486328E+00-2.368372520E+00-2.418236025E+00-2.467028612E+00
-2.514704880E+00-2.561222298E+00-2.606541199E+00-2.650624747E+00-2.693439015E+00
-2.734952783E+00-2.775137705E+00-2.813968144E+00-2.851421157E+00-2.887476437E+00
-2.922116352E+00-2.955325747E+00-2.987091950E+00-3.017404653E+00-3.046255737E+00
-3.073639039E+00-3.099550143E+00-3.123985927E+00-3.146944260E+00-3.168423516E+00
-3.188422685E+00-3.206835466E+00-3.223451983E+00-3.238041185E+00-3.250366145E+00
-3.260200966E+00-3.267351197E+00-3.271664825E+00-3.273032116E+00-3.271380329E+00
-3.266663947E+00-3.258866597E+00-3.248011181E+00-3.234179743E+00-3.217423748E+00
-3.197784684E+00-3.175299153E+00-3.150495784E+00-3.123267945E+00-3.093606857E+00
-3.061560692E+00-3.027226259E+00-2.990647679E+00-2.951863435E+00-2.910915867E+00
-2.867839001E+00-2.822661611E+00-2.775409276E+00-2.726103485E+00-2.674761794E+00
-2.621397979E+00-2.566022195E+00-2.508640817E+00-2.449256460E+00-2.387867922E+00
-2.324470167E+00-2.259054126E+00-2.191606738E+00-2.122110893E+00-2.050545373E+00
-1.976884717E+00-1.901099223E+00-1.823154767E+00-1.743012630E+00-1.660629313E+00
-1.575956269E+00-1.488939597E+00-1.399519673E+00-1.307630705E+00-1.213200217E+00
-1.116148456E+00-1.016387692E+00-9.138214303E-01-8.083435255E-01-6.998371621E-01
-5.881737686E-01-4.732117891E-01-3.547953963E-01-2.327531372E-01-1.068965598E-01
 2.298109863E-02 1.571060605E-01 2.957248601E-01 4.391047100E-01 5.875331809E-01
 7.413169666E-01 9.007796388E-01 1.066258503E+00 1.238101274E+00 1.416664499E+00
 1.602318548E+00 1.795470789E+00 1.996638707E+00 2.206670234E+00 2.426715568E+00
 2.627286292E+00 2.795875978E+00 2.936305841E+00 3.053352952E+00 3.148546713E+00
 3.222072484E+00 3.271747720E+00 3.297643419E+00 3.302333273E+00 3.285918433E+00
 3.247532507E+00 3.184007230E+00 3.094537057E+00 2.980209221E+00 2.866471264E+00
 2.770891394E+00 2.688301373E+00-1.607745103E+00-1.652165826E+00-1.699733929E+00
-1.750626169E+00-1.804195694E+00-1.859039257E+00-1.914145038E+00-1.969109282E+00
-2.023741932E+00-2.077921235E+00-2.131554275E+00-2.184563372E+00-2.236880354E+00
-2.288443779E+00-2.339197392E+00-2.389089401E+00-2.438071864E+00-2.486100410E+00
-2.533134035E+00-2.579134992E+00-2.624068598E+00-2.667903208E+00-2.710610203E+00
-2.752163870E+00-2.792541439E+00-2.831723031E+00-2.869691709E+00-2.906433406E+00
-2.941937077E+00-2.976194602E+00-3.009200847E+00-3.040953777E+00-3.071454419E+00
-3.100706901E+00-3.128718372E+00-3.155498871E+00-3.181060507E+00-3.205415565E+00
-3.228345492E+00-3.249593152E+00-3.268860233E+00-3.285846912E+00-3.300306306E+00
-3.312049060E+00-3.320936822E+00-3.326875922E+00-3.329806060E+00-3.329687994E+00
-3.326494522E+00-3.320206012E+00-3.310808573E+00-3.298288833E+00-3.282644855E+00
-3.263909329E+00-3.242196579E+00-3.217608606E+00-3.190225788E+00-3.160121835E+00
-3.127790865E+00-3.093102450E+00-3.056053354E+00-3.016729224E+00-2.975149863E+00
-2.931333080E+00-2.885305594E+00-2.837087114E+00-2.786693451E+00-2.734138846E+00
-2.679434848E+00-2.622590140E+00-2.563610727E+00-2.502499729E+00-2.439257088E+00
-2.373879549E+00-2.306360407E+00-2.236689586E+00-2.164853600E+00-2.090835377E+00
-2.014614339E+00-1.936166121E+00-1.855462591E+00-1.772471591E+00-1.687156808E+00
-1.599477559E+00-1.509388575E+00-1.416839725E+00-1.321775749E+00-1.224135930E+00
-1.123853767E+00-1.020856608E+00-9.150652930E-01-8.063937954E-01-6.947488994E-01
-5.800299637E-01-4.621287767E-01-3.409296432E-01-2.163097176E-01-8.813979380E-02
 4.371433963E-02 1.793897115E-01 3.190228637E-01 4.627450345E-01 6.106753340E-01
 7.629111925E-01 9.195151363E-01 1.080496333E+00 1.245784218E+00 1.415188853E+00
 1.588335807E+00 1.764542747E+00 1.942525462E+00 2.119346508E+00 2.286665129E+00
 2.436325091E+00 2.566872794E+00 2.678324750E+00 2.770859654E+00 2.844647056E+00
 2.899820388E+00 2.936492656E+00 2.954797002E+00 2.954937390E+00 2.937251078E+00
 2.902321204E+00 2.851253099E+00 2.786587147E+00 2.716022691E+00 2.649200584E+00
 2.588074220E+00-1.592161998E+00-1.636260183E+00-1.683449123E+00-1.733800198E+00
-1.786923528E+00-1.840729063E+00-1.894653393E+00-1.948543834E+00-2.002257038E+00
-2.055674682E+00-2.108699784E+00-2.161250649E+00-2.213256570E+00-2.264654998E+00
-2.315389777E+00-2.365410004E+00-2.414669193E+00-2.463124908E+00-2.510738336E+00
-2.557474076E+00-2.603299981E+00-2.648187081E+00-2.692109470E+00-2.735044321E+00
-2.776971870E+00-2.817875355E+00-2.857741251E+00-2.896559134E+00-2.934321988E+00
-2.971026151E+00-3.006671720E+00-3.041262610E+00-3.074807075E+00-3.107318001E+00
-3.138813700E+00-3.169318857E+00-3.198866414E+00-3.227347781E+00-3.254482882E+00
-3.279910990E+00-3.303259657E+00-3.324223131E+00-3.342566561E+00-3.358135336E+00
-3.370843150E+00-3.380651947E+00-3.387551477E+00-3.391542649E+00-3.392625348E+00
-3.390790253E+00-3.386013337E+00-3.378252745E+00-3.367450015E+00-3.353535798E+00
-3.336440471E+00-3.316102046E+00-3.292492136E+00-3.265649572E+00-3.235724645E+00
-3.202877215E+00-3.167201320E+00-3.129374580E+00-3.089175203E+00-3.046571197E+00
-3.001647493E+00-2.954409963E+00-2.904864980E+00-2.853031031E+00-2.798921138E+00
-2.742545976E+00-2.683915527E+00-2.623037830E+00-2.559918370E+00-2.494559781E+00
-2.426961833E+00-2.357121500E+00-2.285033146E+00-2.210688302E+00-2.134075767E+00
-2.055181359E+00-1.973987947E+00-1.890475240E+00-1.804619767E+00-1.716394774E+00
-1.625770141E+00-1.532712315E+00-1.437184252E+00-1.339145374E+00-1.238551558E+00
-1.135355186E+00-1.029505242E+00-9.209475214E-01-8.096249819E-01-6.954782810E-01
-5.784465880E-01-4.584687349E-01-3.354848620E-01-2.094386843E-01-8.028059355E-02
 5.202813741E-02 1.875096871E-01 3.261620983E-01 4.679490970E-01 6.127864061E-01
 7.605231084E-01 9.109158984E-01 1.063592560E+00 1.217998533E+00 1.373316163E+00
 1.528341211E+00 1.681307056E+00 1.829722852E+00 1.970524376E+00 2.100801168E+00
 2.218476293E+00 2.322322403E+00 2.411675034E+00 2.486205550E+00 2.545801293E+00
 2.590517041E+00 2.620571853E+00 2.636380983E+00 2.638625188E+00 2.628369320E+00
 2.607241392E+00 2.577622179E+00 2.542566799E+00 2.505102334E+00 2.467421484E+00
-1.578278071E+00-1.622014994E+00-1.668838438E+00-1.718818923E+00-1.771451678E+00
-1.824744450E+00-1.878077714E+00-1.931362642E+00-1.984515017E+00-2.037451798E+00
-2.090095596E+00-2.142376072E+00-2.194229669E+00-2.245598954E+00-2.296431878E+00
-2.346681124E+00-2.396303576E+00-2.445259978E+00-2.493514655E+00-2.541035266E+00
-2.587792670E+00-2.633760861E+00-2.678916936E+00-2.723241033E+00-2.766716390E+00
-2.809329367E+00-2.851069578E+00-2.891930007E+00-2.931907167E+00-2.971001406E+00
-3.009217085E+00-3.046563117E+00-3.083053376E+00-3.118707355E+00-3.153550923E+00
-3.187617215E+00-3.220916656E+00-3.253176493E+00-3.283995947E+00-3.312926032E+00
-3.339587070E+00-3.363692725E+00-3.385068855E+00-3.403636053E+00-3.419380714E+00
-3.432325666E+00-3.442507203E+00-3.449959504E+00-3.454706018E+00-3.456754901E+00
-3.456096988E+00-3.452704590E+00-3.446530541E+00-3.437507042E+00-3.425543911E+00
-3.410526378E+00-3.392316999E+00-3.370764847E+00-3.345727790E+00-3.317106732E+00
-3.284908554E+00-3.249309644E+00-3.210544758E+00-3.168795615E+00-3.124899831E+00
-3.078566846E+00-3.029752363E+00-2.978541390E+00-2.924937628E+00-2.868947355E+00
-2.810589135E+00-2.749877927E+00-2.686825821E+00-2.621441248E+00-2.553729885E+00
-2.483695607E+00-2.411340545E+00-2.336665127E+00-2.259667723E+00-2.180344673E+00
-2.098690065E+00-2.014695723E+00-1.928351273E+00-1.839644052E+00-1.748559283E+00
-1.655080124E+00-1.559187824E+00-1.460861922E+00-1.360080503E+00-1.256820558E+00
-1.151058472E+00-1.042770638E+00-9.319343087E-01-8.185286835E-01-7.025363311E-01
-5.839450458E-01-4.627502392E-01-3.389580091E-01-2.125890912E-01-8.368389918E-02
 4.769102480E-02 1.814348011E-01 3.174017334E-01 4.553879405E-01 5.951143039E-01
 7.362047286E-01 8.781586713E-01 1.020317285E+00 1.161824270E+00 1.301587712E+00
 1.438260285E+00 1.570270261E+00 1.695935021E+00 1.813642177E+00 1.922018409E+00
 2.020012390E+00 2.106892418E+00 2.182204919E+00 2.245732075E+00 2.297465301E+00
 2.337598079E+00 2.366536631E+00 2.384925287E+00 2.393678203E+00 2.393999729E+00
 2.387359369E+00 2.375383934E+00 2.359671516E+00 2.341605683E+00-1.565921013E+00
-1.609348050E+00-1.655876010E+00-1.705595003E+00-1.758414202E+00-1.811405331E+00
-1.864394682E+00-1.917341481E+00-1.970186187E+00-2.022868061E+00-2.075327737E+00
-2.127508595E+00-2.179357581E+00-2.230825514E+00-2.281866976E+00-2.332440227E+00
-2.382507056E+00-2.432032584E+00-2.480985033E+00-2.529335781E+00-2.577059136E+00
-2.624132368E+00-2.670535673E+00-2.716252213E+00-2.761268113E+00-2.805572620E+00
-2.849158156E+00-2.892020537E+00-2.934159161E+00-2.975577265E+00-3.016282347E+00
-3.056286558E+00-3.095607355E+00-3.134268263E+00-3.172300091E+00-3.209742738E+00
-3.246438666E+00-3.281975394E+00-3.315830029E+00-3.347543837E+00-3.376770818E+00
-3.403310109E+00-3.427085500E+00-3.448105343E+00-3.466420772E+00-3.482094010E+00
-3.495180299E+00-3.505719480E+00-3.513733564E+00-3.519226893E+00-3.522187898E+00
-3.522590710E+00-3.520396363E+00-3.515553370E+00-3.507997091E+00-3.497647981E+00
-3.484408457E+00-3.468158226E+00-3.448748722E+00-3.425997201E+00-3.399688188E+00
-3.369592819E+00-3.335518098E+00-3.297419109E+00-3.255527408E+00-3.210197694E+00
-3.161755776E+00-3.111100036E+00-3.057926583E+00-3.002202901E+00-2.944012720E+00
-2.883375087E+00-2.820311491E+00-2.754832531E+00-2.686946832E+00-2.616664390E+00
-2.543995496E+00-2.468949916E+00-2.391536174E+00-2.311761326E+00-2.229630796E+00
-2.145148537E+00-2.058316991E+00-1.969137359E+00-1.877609808E+00-1.783733648E+00
-1.687507705E+00-1.588930674E+00-1.488001586E+00-1.384720388E+00-1.279088666E+00
-1.171110543E+00-1.060793814E+00-9.481513351E-01-8.332027646E-01-7.159767109E-01
-5.965133835E-01-4.748678466E-01-3.511140357E-01-2.253496329E-01-9.770202361E-02
 3.166450475E-02 1.625401159E-01 2.946591452E-01 4.276881005E-01 5.612120318E-01
 6.947198356E-01 8.275898807E-01 9.590788147E-01 1.088318430E+00 1.214327346E+00
 1.336043942E+00 1.452381724E+00 1.562298384E+00 1.664861787E+00 1.759297449E+00
 1.845012429E+00 1.921600798E+00 1.988839767E+00 2.046684105E+00 2.095262981E+00
 2.134879881E+00 2.166013323E+00 2.189313509E+00 2.205587051E+00 2.215762502E+00
 2.220833777E+00 2.221788722E+00 2.219540352E+00-1.556544663E+00-1.599827707E+00
-1.646198014E+00-1.695715848E+00-1.747977675E+00-1.800762359E+00-1.853568781E+00
-1.906350833E+00-1.959062068E+00-2.011655621E+00-2.064085165E+00-2.116305766E+00
-2.168274502E+00-2.219950876E+00-2.271296927E+00-2.322277409E+00-2.372859787E+00
-2.423014143E+00-2.472713309E+00-2.521932659E+00-2.570650295E+00-2.618846860E+00
-2.666505727E+00-2.713612966E+00-2.760157434E+00-2.806130876E+00-2.851528100E+00
-2.896347070E+00-2.940589163E+00-2.984259455E+00-3.027366976E+00-3.069925174E+00
-3.111952321E+00-3.153472078E+00-3.194513935E+00-3.235066035E+00-3.274749669E+00
-3.312997902E+00-3.349275380E+00-3.383168072E+00-3.414439034E+00-3.443009653E+00
-3.468907482E+00-3.492208113E+00-3.512994325E+00-3.531334693E+00-3.547275297E+00
-3.560838846E+00-3.572027278E+00-3.580825207E+00-3.587203452E+00-3.591122251E+00
-3.592533489E+00-3.591382680E+00-3.587609888E+00-3.581150239E+00-3.571933298E+00
-3.559881478E+00-3.544906807E+00-3.526905268E+00-3.505748778E+00-3.481273232E+00
-3.453264338E+00-3.421448509E+00-3.385505093E+00-3.345133143E+00-3.300240869E+00
-3.251163651E+00-3.198478096E+00-3.142668360E+00-3.084524781E+00-3.023832310E+00
-2.960668147E+00-2.895014289E+00-2.826869478E+00-2.756254098E+00-2.683189581E+00
-2.607697260E+00-2.529796745E+00-2.449506115E+00-2.366841976E+00-2.281819851E+00
-2.194454502E+00-2.104760194E+00-2.012751089E+00-1.918441573E+00-1.821846729E+00
-1.722982773E+00-1.621867667E+00-1.518521807E+00-1.412968881E+00-1.305236885E+00
-1.195359361E+00-1.083376893E+00-9.693388925E-01-8.533057318E-01-7.353512944E-01
-6.155659729E-01-4.940602248E-01-3.709687078E-01-2.464550641E-01-1.207174066E-01
 6.005546788E-03 1.334277493E-01 2.612087640E-01 3.889468180E-01 5.161727297E-01
 6.423459596E-01 7.668544393E-01 8.890202511E-01 1.008113042E+00 1.123372113E+00
 1.234036061E+00 1.339376586E+00 1.438731454E+00 1.531532081E+00 1.617323236E+00
 1.695774874E+00 1.766687868E+00 1.829995721E+00 1.885763817E+00 1.934186571E+00
 1.975581738E+00 2.010380274E+00 2.039109689E+00 2.062369899E+00 2.080802270E+00
 2.095055026E+00 2.105750386E+00-1.549110208E+00-1.592340650E+00-1.638629423E+00
-1.688051170E+00-1.740090097E+00-1.792785548E+00-1.845529949E+00-1.898272328E+00
-1.950975552E+00-2.003602821E+00-2.056117916E+00-2.108485608E+00-2.160671970E+00
-2.212644698E+00-2.264373196E+00-2.315828806E+00-2.366984883E+00-2.417816800E+00
-2.468302060E+00-2.518420316E+00-2.568153392E+00-2.617485420E+00-2.666402815E+00
-2.714894397E+00-2.762951485E+00-2.810567956E+00-2.857740476E+00-2.904468523E+00
-2.950754655E+00-2.996604684E+00-3.042027950E+00-3.087037650E+00-3.131651222E+00
-3.175891009E+00-3.219785282E+00-3.263110447E+00-3.305303114E+00-3.345753561E+00
-3.383971875E+00-3.419671449E+00-3.452761035E+00-3.483282043E+00-3.511332133E+00
-3.537012803E+00-3.560403266E+00-3.581552064E+00-3.600478068E+00-3.617175311E+00
-3.631618079E+00-3.643765331E+00-3.653564556E+00-3.660955103E+00-3.665871128E+00
-3.668244113E+00-3.668004437E+00-3.665082652E+00-3.659410104E+00-3.650919167E+00
-3.639542641E+00-3.625212125E+00-3.607854799E+00-3.587388252E+00-3.563712983E+00
-3.536701470E+00-3.506180520E+00-3.471905052E+00-3.433532767E+00-3.390628028E+00
-3.342769963E+00-3.289873506E+00-3.232485307E+00-3.171410060E+00-3.108156354E+00
-3.042279795E+00-2.973752440E+00-2.902678267E+00-2.829094015E+00-2.753037935E+00
-2.674540545E+00-2.593630118E+00-2.510333334E+00-2.424676161E+00-2.336684446E+00
-2.246384349E+00-2.153802688E+00-2.058967482E+00-1.961908321E+00-1.862656938E+00
-1.761247798E+00-1.657718827E+00-1.552112288E+00-1.444475807E+00-1.334863577E+00
-1.223337794E+00-1.109970319E+00-9.948446040E-01-8.780579178E-01-7.597238760E-01
-6.399752955E-01-5.189673971E-01-3.968812991E-01-2.739277805E-01-1.503512039E-01
-2.643338508E-02 9.750281592E-02 2.210906372E-01 3.439178284E-01 4.655270253E-01
 5.854188883E-01 7.030587103E-01 8.178869603E-01 9.293336958E-01 1.036836053E+00
 1.139857356E+00 1.237906002E+00 1.330552327E+00 1.417442268E+00 1.498307293E+00
 1.572970674E+00 1.641350525E+00 1.703459942E+00 1.759404388E+00 1.809376182E+00
 1.853645763E+00 1.892549477E+00 1.926474052E+00 1.955838541E+00 1.981075300E+00
 2.002611737E+00-1.543305360E+00-1.586478264E+00-1.632756150E+00-1.682202618E+00
-1.734684488E+00-1.787423529E+00-1.840198307E+00-1.892993026E+00-1.945778965E+00
-1.998527884E+00-2.051212296E+00-2.103805500E+00-2.156281763E+00-2.208616399E+00
-2.260785844E+00-2.312767853E+00-2.364541539E+00-2.416087466E+00-2.467387787E+00
-2.518426284E+00-2.569188520E+00-2.619661863E+00-2.669835635E+00-2.719701154E+00
-2.769251892E+00-2.818483527E+00-2.867394082E+00-2.915984042E+00-2.964256468E+00
-3.012217096E+00-3.059874569E+00-3.107240396E+00-3.154329149E+00-3.201158287E+00
-3.247686923E+00-3.293423906E+00-3.337705392E+00-3.379965473E+00-3.419851579E+00
-3.457244407E+00-3.492191023E+00-3.524808853E+00-3.555217880E+00-3.583508072E+00
-3.609730527E+00-3.633900999E+00-3.656005633E+00-3.676006876E+00-3.693849813E+00
-3.709468233E+00-3.722785188E+00-3.733715981E+00-3.742172601E+00-3.748066998E+00
-3.751313467E+00-3.751830295E+00-3.749540806E+00-3.744373982E+00-3.736264581E+00
-3.725152534E+00-3.710981182E+00-3.693694466E+00-3.673233113E+00-3.649533138E+00
-3.622525093E+00-3.592120794E+00-3.558193398E+00-3.520551767E+00-3.478901409E+00
-3.432800097E+00-3.381671981E+00-3.325062394E+00-3.263244324E+00-3.197188138E+00
-3.127855662E+00-3.056140861E+00-2.981851532E+00-2.905075358E+00-2.825834137E+00
-2.744164047E+00-2.660098494E+00-2.573672028E+00-2.484919914E+00-2.393878699E+00
-2.300586439E+00-2.205083147E+00-2.107411106E+00-2.007615444E+00-1.905744619E+00
-1.801851109E+00-1.695992226E+00-1.588231052E+00-1.478637554E+00-1.367289846E+00
-1.254275639E+00-1.139693878E+00-1.023656561E+00-9.062907247E-01-7.877406217E-01
-6.681700127E-01-5.477645658E-01-4.267342364E-01-3.053155615E-01-1.837736578E-01
-6.240372072E-02 5.846824612E-02 1.784858117E-01 2.972639474E-01 4.143926367E-01
 5.294424994E-01 6.419724880E-01 7.515394721E-01 8.577092540E-01 9.600683075E-01
 1.058235412E+00 1.151872357E+00 1.240693085E+00 1.324470825E+00 1.403043011E+00
 1.476313957E+00 1.544255320E+00 1.606904349E+00 1.664359996E+00 1.716776884E+00
 1.764357290E+00 1.807341458E+00 1.845996783E+00 1.880606605E+00 1.911459493E+00
-1.540351928E+00-1.583632501E+00-1.629997885E+00-1.679511370E+00-1.731815052E+00
-1.784626331E+00-1.837497774E+00-1.890409042E+00-1.943339264E+00-1.996268545E+00
-2.049177830E+00-2.102048612E+00-2.154862967E+00-2.207603496E+00-2.260253340E+00
-2.312796318E+00-2.365217066E+00-2.417501069E+00-2.469634860E+00-2.521606134E+00
-2.573403867E+00-2.625018466E+00-2.676441833E+00-2.727667571E+00-2.778690934E+00
-2.829509113E+00-2.880121157E+00-2.930528191E+00-2.980733373E+00-3.030742051E+00
-3.080561763E+00-3.130202217E+00-3.179675543E+00-3.228996739E+00-3.277881619E+00
-3.325659540E+00-3.371691444E+00-3.415540722E+00-3.457038776E+00-3.496225639E+00
-3.533234896E+00-3.568205888E+00-3.601241373E+00-3.632397971E+00-3.661690776E+00
-3.689100684E+00-3.714585586E+00-3.738082372E+00-3.759505066E+00-3.778752091E+00
-3.795713619E+00-3.810279239E+00-3.822342201E+00-3.831799826E+00-3.838553833E+00
-3.842511211E+00-3.843584861E+00-3.841694192E+00-3.836765553E+00-3.828732072E+00
-3.817533487E+00-3.803115947E+00-3.785432659E+00-3.764445719E+00-3.740125791E+00
-3.712441736E+00-3.681347590E+00-3.646773791E+00-3.608632675E+00-3.566792363E+00
-3.521027787E+00-3.470955358E+00-3.415959560E+00-3.355266159E+00-3.288578104E+00
-3.216853536E+00-3.141497805E+00-3.063875701E+00-2.983715363E+00-2.901121661E+00
-2.816121063E+00-2.728757749E+00-2.639074893E+00-2.547118262E+00-2.452935892E+00
-2.356578339E+00-2.258099006E+00-2.157554455E+00-2.055004853E+00-1.950514472E+00
-1.844152414E+00-1.735993427E+00-1.626118881E+00-1.514617849E+00-1.401588317E+00
-1.287138511E+00-1.171388322E+00-1.054470811E+00-9.365337844E-01-8.177413642E-01
-6.982755507E-01-5.783376515E-01-4.581495001E-01-3.379543535E-01-2.180172855E-01
-9.862495186E-02 1.991549431E-02 1.372784550E-01 2.531230693E-01 3.670975654E-01
 4.788447593E-01 5.880085356E-01 6.942410336E-01 7.972101946E-01 8.966072066E-01
 9.921534591E-01 1.083606608E+00 1.170765475E+00 1.253473599E+00 1.331621309E+00
 1.405146291E+00 1.474032682E+00 1.538308680E+00 1.598042843E+00 1.653339194E+00
 1.704331411E+00 1.751176419E+00 1.794047794E+00 1.833129405E+00-1.539545902E+00
-1.583026077E+00-1.629545085E+00-1.679184002E+00-1.731429974E+00-1.784355223E+00
-1.837364501E+00-1.890428855E+00-1.943536388E+00-1.996676493E+00-2.049839114E+00
-2.103014273E+00-2.156191873E+00-2.209361586E+00-2.262513008E+00-2.315635635E+00
-2.368719158E+00-2.421753561E+00-2.474729329E+00-2.527637644E+00-2.580470544E+00
-2.633221071E+00-2.685883413E+00-2.738453055E+00-2.790926857E+00-2.843303134E+00
-2.895581788E+00-2.947764352E+00-2.999854001E+00-3.051855563E+00-3.103775372E+00
-3.155620908E+00-3.207400233E+00-3.259052327E+00-3.309992039E+00-3.359519911E+00
-3.407105630E+00-3.452508086E+00-3.495742101E+00-3.536951435E+00-3.576295698E+00
-3.613893943E+00-3.649812343E+00-3.684069481E+00-3.716649118E+00-3.747506727E+00
-3.776559100E+00-3.803693135E+00-3.828784235E+00-3.851708562E+00-3.872342217E+00
-3.890561536E+00-3.906245896E+00-3.919279363E+00-3.929551624E+00-3.936958621E+00
-3.941403161E+00-3.942795333E+00-3.941052842E+00-3.936101163E+00-3.927873755E+00
-3.916312235E+00-3.901366669E+00-3.882995723E+00-3.861166342E+00-3.835851765E+00
-3.807028778E+00-3.774679322E+00-3.738797428E+00-3.699369127E+00-3.656335762E+00
-3.609590547E+00-3.558960889E+00-3.504117240E+00-3.444460188E+00-3.379070965E+00
-3.307227673E+00-3.229676509E+00-3.148177442E+00-3.064520786E+00-2.978384648E+00
-2.889889262E+00-2.799072958E+00-2.705992025E+00-2.610703336E+00-2.513267172E+00
-2.413746879E+00-2.312208997E+00-2.208723496E+00-2.103364108E+00-1.996208883E+00
-1.887340918E+00-1.776849243E+00-1.664829730E+00-1.551386110E+00-1.436631022E+00
-1.320687095E+00-1.203688072E+00-1.085779898E+00-9.671217885E-01-8.478871970E-01
-7.282646320E-01-6.084582591E-01-4.886881952E-01-3.691904075E-01-2.502161268E-01
-1.320306726E-01-1.491163884E-02 1.008536211E-01 2.149712053E-01 3.271445165E-01
 4.370786513E-01 5.444851516E-01 6.490869276E-01 7.506230970E-01 8.488535109E-01
 9.435627707E-01 1.034563530E+00 1.121698980E+00 1.204844404E+00 1.283907813E+00
 1.358829622E+00 1.429581465E+00 1.496164202E+00 1.558605240E+00 1.616955390E+00
 1.671285369E+00 1.721682251E+00 1.768246015E+00-1.540461465E+00-1.584124078E+00
-1.630849860E+00-1.680698155E+00-1.733490320E+00-1.786594969E+00-1.839753093E+00
-1.892974736E+00-1.946260487E+00-1.999611319E+00-2.053027607E+00-2.106508595E+00
-2.160052133E+00-2.213654810E+00-2.267312053E+00-2.321018494E+00-2.374768166E+00
-2.428554907E+00-2.482372534E+00-2.536215120E+00-2.590077237E+00-2.643954120E+00
-2.697841816E+00-2.751737379E+00-2.805638871E+00-2.859545575E+00-2.913458054E+00
-2.967378187E+00-3.021309287E+00-3.075256141E+00-3.129225085E+00-3.183223463E+00
-3.237257863E+00-3.290997943E+00-3.343716828E+00-3.394792083E+00-3.443884376E+00
-3.490957570E+00-3.536154491E+00-3.579654788E+00-3.621597683E+00-3.662063322E+00
-3.701078735E+00-3.738635939E+00-3.774679496E+00-3.809102134E+00-3.841772651E+00
-3.872557362E+00-3.901317761E+00-3.927913614E+00-3.952205988E+00-3.974058699E+00
-3.993339945E+00-4.009923676E+00-4.023690433E+00-4.034527867E+00-4.042331147E+00
-4.047003078E+00-4.048454273E+00-4.046603134E+00-4.041375970E+00-4.032707208E+00
-4.020539493E+00-4.004823975E+00-3.985520446E+00-3.962597262E+00-3.936031424E+00
-3.905808864E+00-3.871924194E+00-3.834377686E+00-3.793169863E+00-3.748305880E+00
-3.699790561E+00-3.647557810E+00-3.591457824E+00-3.531214691E+00-3.466268700E+00
-3.395621193E+00-3.318213517E+00-3.234591546E+00-3.146849118E+00-3.057043972E+00
-2.964854350E+00-2.870409304E+00-2.773764484E+00-2.674991045E+00-2.574161785E+00
-2.471352626E+00-2.366642140E+00-2.260111538E+00-2.151845323E+00-2.041931953E+00
-1.930464924E+00-1.817543443E+00-1.703273379E+00-1.587768052E+00-1.471149058E+00
-1.353547060E+00-1.235102555E+00-1.115966574E+00-9.963012764E-01-8.762804061E-01
-7.560895535E-01-6.359261932E-01-5.159994068E-01-3.965292664E-01-2.777458392E-01
-1.598877638E-01-4.320040883E-02 7.206638256E-02 1.856609078E-01 2.973325096E-01
 4.068346635E-01 5.139281392E-01 6.183840828E-01 7.199869038E-01 8.185368509E-01
 9.138521702E-01 1.005770766E+00 1.094151365E+00 1.178874120E+00 1.259840731E+00
 1.336974087E+00 1.410217526E+00 1.479533797E+00 1.544903815E+00 1.606325344E+00
 1.663811656E+00 1.717390314E+00-1.544244732E+00-1.588257078E+00-1.635262573E+00
-1.685323077E+00-1.738137966E+00-1.791366989E+00-1.844639882E+00-1.897979467E+00
-1.951404194E+00-2.004930215E+00-2.058570115E+00-2.112332828E+00-2.166223740E+00
-2.220245448E+00-2.274398165E+00-2.328680476E+00-2.383089727E+00-2.437622566E+00
-2.492275253E+00-2.547044008E+00-2.601925307E+00-2.656915970E+00-2.712013517E+00
-2.767216108E+00-2.822522774E+00-2.877933475E+00-2.933449143E+00-2.989071773E+00
-3.044804562E+00-3.100652393E+00-3.156623056E+00-3.212731336E+00-3.268900731E+00
-3.324480188E+00-3.378772847E+00-3.431323111E+00-3.482012955E+00-3.530966101E+00
-3.578379131E+00-3.624415064E+00-3.669172609E+00-3.712692147E+00-3.754973833E+00
-3.795950466E+00-3.835496484E+00-3.873473863E+00-3.909736576E+00-3.944132512E+00
-3.976507546E+00-4.006707939E+00-4.034582995E+00-4.059986843E+00-4.082779909E+00
-4.102829769E+00-4.120011751E+00-4.134209165E+00-4.145313268E+00-4.153222967E+00
-4.157844673E+00-4.159091981E+00-4.156885503E+00-4.151152770E+00-4.141828440E+00
-4.128854500E+00-4.112180703E+00-4.091765138E+00-4.067574882E+00-4.039586779E+00
-4.007787790E+00-3.972175103E+00-3.932755657E+00-3.889545708E+00-3.842567754E+00
-3.791842779E+00-3.737391809E+00-3.679219164E+00-3.617206179E+00-3.551103294E+00
-3.480367601E+00-3.403917525E+00-3.320427900E+00-3.230414140E+00-3.136353226E+00
-3.040308886E+00-2.942020011E+00-2.841617844E+00-2.739179369E+00-2.634791493E+00
-2.528541570E+00-2.420516233E+00-2.310803435E+00-2.199494076E+00-2.086683045E+00
-1.972470076E+00-1.856960281E+00-1.740264867E+00-1.622501671E+00-1.503795705E+00
-1.384279672E+00-1.264094425E+00-1.143389330E+00-1.022322539E+00-9.010610998E-01
-7.797809096E-01-6.586664504E-01-5.379103020E-01-4.177124155E-01-2.982791131E-01
-1.798218622E-01-6.255580587E-02 5.330188764E-02 1.675338215E-01 2.799242392E-01
 3.902609055E-01 4.983369041E-01 6.039523208E-01 7.069157171E-01 8.070453738E-01
 9.041702876E-01 9.981309127E-01 1.088779684E+00 1.175981355E+00 1.259613232E+00
 1.339565350E+00 1.415740687E+00 1.488055462E+00 1.556439563E+00 1.620837157E+00
 1.681207438E+00-1.550693531E+00-1.595208478E+00-1.642554674E+00-1.692810211E+00
-1.745490248E+00-1.798735525E+00-1.852016415E+00-1.905370374E+00-1.958842466E+00
-2.012467349E+00-2.066269921E+00-2.120266981E+00-2.174469188E+00-2.228882644E+00
-2.283510179E+00-2.338352354E+00-2.393408202E+00-2.448675784E+00-2.504152736E+00
-2.559836462E+00-2.615724598E+00-2.671815012E+00-2.728106173E+00-2.784597074E+00
-2.841287405E+00-2.898177572E+00-2.955268662E+00-3.012562242E+00-3.070059922E+00
-3.127762090E+00-3.185664094E+00-3.243895529E+00-3.301981985E+00-3.359188329E+00
-3.414942743E+00-3.469014057E+00-3.521478926E+00-3.572542245E+00-3.622393367E+00
-3.671154350E+00-3.718882666E+00-3.765588603E+00-3.811197426E+00-3.855574655E+00
-3.898575136E+00-3.940041199E+00-3.979808484E+00-4.017709129E+00-4.053575599E+00
-4.087243516E+00-4.118554046E+00-4.147355601E+00-4.173505005E+00-4.196867992E+00
-4.217319385E+00-4.234742749E+00-4.249029918E+00-4.260080249E+00-4.267799859E+00
-4.272100911E+00-4.272901091E+00-4.270123219E+00-4.263695117E+00-4.253549893E+00
-4.239626336E+00-4.221869763E+00-4.200232991E+00-4.174677575E+00-4.145175051E+00
-4.111708152E+00-4.074271881E+00-4.032874143E+00-3.987535671E+00-3.938288922E+00
-3.885176274E+00-3.828244426E+00-3.767532424E+00-3.703077567E+00-3.634814788E+00
-3.562493365E+00-3.485545489E+00-3.402749140E+00-3.312563427E+00-3.215809960E+00
-3.115376053E+00-3.013039424E+00-2.908653215E+00-2.802349190E+00-2.694227297E+00
-2.584372388E+00-2.472870187E+00-2.359810217E+00-2.245286148E+00-2.129395815E+00
-2.012241567E+00-1.893930499E+00-1.774574833E+00-1.654292198E+00-1.533205987E+00
-1.411445638E+00-1.289146899E+00-1.166451998E+00-1.043509724E+00-9.204754065E-01
-7.975107480E-01-6.747835275E-01-5.524671590E-01-4.307401140E-01-3.097852180E-01
-1.897888360E-01-7.093999992E-02 4.657051228E-02 1.625510853E-01 2.768101296E-01
 3.891568606E-01 4.994019543E-01 6.073580819E-01 7.128403059E-01 8.156663781E-01
 9.156569785E-01 1.012635957E+00 1.106430688E+00 1.196872611E+00 1.283798080E+00
 1.367049573E+00 1.446477361E+00 1.521941618E+00 1.593314938E+00 1.660485209E+00
-1.559561976E+00-1.604695969E+00-1.652439443E+00-1.702834056E+00-1.755737954E+00
-1.808794815E+00-1.861847432E+00-1.915019742E+00-1.968387308E+00-2.021997367E+00
-2.075878940E+00-2.130049387E+00-2.184518572E+00-2.239291493E+00-2.294370012E+00
-2.349753935E+00-2.405441885E+00-2.461431790E+00-2.517721362E+00-2.574308316E+00
-2.631190655E+00-2.688366829E+00-2.745835812E+00-2.803597215E+00-2.861651330E+00
-2.919999145E+00-2.978642461E+00-3.037584069E+00-3.096828659E+00-3.156385085E+00
-3.216272958E+00-3.276439862E+00-3.336194264E+00-3.394859380E+00-3.452059853E+00
-3.507783264E+00-3.562223615E+00-3.615595471E+00-3.668048540E+00-3.719661085E+00
-3.770458123E+00-3.820365265E+00-3.869243673E+00-3.916940966E+00-3.963289628E+00
-4.008113113E+00-4.051230381E+00-4.092460080E+00-4.131624388E+00-4.168551834E+00
-4.203079554E+00-4.235054779E+00-4.264335455E+00-4.290790455E+00-4.314299042E+00
-4.334750107E+00-4.352040872E+00-4.366075693E+00-4.376764659E+00-4.384022453E+00
-4.387767244E+00-4.387920033E+00-4.384404260E+00-4.377145827E+00-4.366073445E+00
-4.351119507E+00-4.332221212E+00-4.309322057E+00-4.282373617E+00-4.251337487E+00
-4.216187217E+00-4.176910212E+00-4.133509320E+00-4.086003842E+00-4.034429741E+00
-3.978838522E+00-3.919294322E+00-3.855869033E+00-3.788628825E+00-3.717625262E+00
-3.642832302E+00-3.563978779E+00-3.480405949E+00-3.390640080E+00-3.293037099E+00
-3.189255903E+00-3.082425052E+00-2.973823864E+00-2.863504911E+00-2.751494680E+00
-2.637866107E+00-2.522706389E+00-2.406107529E+00-2.288164767E+00-2.168976595E+00
-2.048644880E+00-1.927275102E+00-1.804976396E+00-1.681861855E+00-1.558048695E+00
-1.433658473E+00-1.308817268E+00-1.183655789E+00-1.058309433E+00-9.329182538E-01
-8.076268670E-01-6.825842752E-01-5.579436664E-01-4.338621392E-01-3.105004620E-01
-1.880228157E-01-6.659660853E-02 5.360762594E-02 1.724162228E-01 2.896522394E-01
 4.051351624E-01 5.186804872E-01 6.300991781E-01 7.391971012E-01 8.457745030E-01
 9.496256601E-01 1.050538881E+00 1.148297007E+00 1.242678588E+00 1.333459920E+00
 1.420417997E+00 1.503334424E+00 1.582000205E+00 1.656221193E+00-1.572488681E+00
-1.618861200E+00-1.667112201E+00-1.717246373E+00-1.769312292E+00-1.821519387E+00
-1.873912522E+00-1.926625004E+00-1.979708008E+00-2.033185257E+00-2.087067488E+00
-2.141358752E+00-2.196059242E+00-2.251167098E+00-2.306679239E+00-2.362592042E+00
-2.418901766E+00-2.475604789E+00-2.532697835E+00-2.590178154E+00-2.648043632E+00
-2.706292797E+00-2.764924972E+00-2.823940213E+00-2.883339278E+00-2.943123502E+00
-3.003294533E+00-3.063853611E+00-3.124800233E+00-3.186128662E+00-3.247999593E+00
-3.309929179E+00-3.371185855E+00-3.431249188E+00-3.489976659E+00-3.547520282E+00
-3.604112720E+00-3.659935109E+00-3.715090884E+00-3.769625041E+00-3.823474060E+00
-3.876497127E+00-3.928536047E+00-3.979414508E+00-4.028944396E+00-4.076931493E+00
-4.123180460E+00-4.167499576E+00-4.209704354E+00-4.249620437E+00-4.287085503E+00
-4.321950425E+00-4.354079408E+00-4.383349484E+00-4.409649428E+00-4.432878190E+00
-4.452942970E+00-4.469757251E+00-4.483238893E+00-4.493308410E+00-4.499887615E+00
-4.502898516E+00-4.502262829E+00-4.497901708E+00-4.489736036E+00-4.477687084E+00
-4.461677594E+00-4.441633354E+00-4.417484952E+00-4.389170248E+00-4.356636612E+00
-4.319843837E+00-4.278766713E+00-4.233397664E+00-4.183748742E+00-4.129852927E+00
-4.071764147E+00-4.009555820E+00-3.943316869E+00-3.873144858E+00-3.799131848E+00
-3.721343972E+00-3.639761293E+00-3.554051374E+00-3.463349976E+00-3.365760637E+00
-3.259915521E+00-3.148807064E+00-3.036174710E+00-2.921729816E+00-2.805646873E+00
-2.688044916E+00-2.569019629E+00-2.448663596E+00-2.327070970E+00-2.204337940E+00
-2.080562613E+00-1.955844994E+00-1.830287095E+00-1.703993229E+00-1.577070188E+00
-1.449627533E+00-1.321777772E+00-1.193636514E+00-1.065322573E+00-9.369580454E-01
-8.086683682E-01-6.805823972E-01-5.528325116E-01-4.255547931E-01-2.988893038E-01
-1.729805077E-01-4.797786107E-02 7.596338594E-02 1.986811599E-01 3.200052955E-01
 4.397560385E-01 5.577423726E-01 6.737602447E-01 7.875908266E-01 8.989990287E-01
 1.007732500E+00 1.113521430E+00 1.216079533E+00 1.315106482E+00 1.410292112E+00
 1.501322432E+00 1.587887377E+00 1.669689941E+00-1.588999859E+00-1.637402005E+00
-1.686269365E+00-1.735597356E+00-1.785420990E+00-1.836050639E+00-1.887462367E+00
-1.939553722E+00-1.992265611E+00-2.045561993E+00-2.099418201E+00-2.153815806E+00
-2.208740277E+00-2.264179657E+00-2.320123986E+00-2.376564778E+00-2.433494959E+00
-2.490908659E+00-2.548801129E+00-2.607168786E+00-2.666009091E+00-2.725320570E+00
-2.785102896E+00-2.845356706E+00-2.906083707E+00-2.967286669E+00-3.028969312E+00
-3.091136443E+00-3.153794165E+00-3.216950131E+00-3.280606378E+00-3.344072108E+00
-3.406697373E+00-3.468170065E+00-3.528549749E+00-3.588067325E+00-3.646936152E+00
-3.705289954E+00-3.763197423E+00-3.820618951E+00-3.877414868E+00-3.933423239E+00
-3.988460233E+00-4.042327078E+00-4.094816460E+00-4.145718793E+00-4.194827712E+00
-4.241944833E+00-4.286883302E+00-4.329470644E+00-4.369550115E+00-4.406981464E+00
-4.441640291E+00-4.473416958E+00-4.502214444E+00-4.527946037E+00-4.550532465E+00
-4.569899106E+00-4.585973606E+00-4.598683823E+00-4.607956396E+00-4.613715560E+00
-4.615882799E+00-4.614376670E+00-4.609112961E+00-4.600005248E+00-4.586965503E+00
-4.569905307E+00-4.548737462E+00-4.523378084E+00-4.493748853E+00-4.459779795E+00
-4.421412955E+00-4.378606090E+00-4.331336335E+00-4.279603051E+00-4.223430361E+00
-4.162868435E+00-4.097993171E+00-4.028903801E+00-3.955717362E+00-3.878559225E+00
-3.797545808E+00-3.712756033E+00-3.624138882E+00-3.531238215E+00-3.432821470E+00
-3.326554320E+00-3.212609841E+00-3.095089810E+00-2.976111823E+00-2.855712772E+00
-2.733919206E+00-2.610804969E+00-2.486457976E+00-2.360969146E+00-2.234429376E+00
-2.106928983E+00-1.978558148E+00-1.849407311E+00-1.719567703E+00-1.589131697E+00
-1.458193103E+00-1.326847411E+00-1.195191969E+00-1.063326186E+00-9.313517362E-01
-7.993728274E-01-6.674965614E-01-5.358334248E-01-4.044979637E-01-2.736096869E-01
-1.432942304E-01-1.368487219E-02 1.150755965E-01 2.428325849E-01 3.694169924E-01
 4.946420997E-01 6.183001138E-01 7.401585417E-01 8.599566173E-01 9.774021813E-01
 1.092169552E+00 1.203899033E+00 1.312198834E+00 1.416650065E+00 1.516815262E+00
 1.612250404E+00 1.702519819E+00-1.603911029E+00-1.653725486E+00-1.703150088E+00
-1.752151694E+00-1.800867400E+00-1.850569078E+00-1.901311798E+00-1.952954541E+00
-2.005402533E+00-2.058590965E+00-2.112474048E+00-2.167018165E+00-2.222197871E+00
-2.277993307E+00-2.334388853E+00-2.391371972E+00-2.448932667E+00-2.507063089E+00
-2.565757232E+00-2.625010716E+00-2.684820692E+00-2.745185824E+00-2.806106073E+00
-2.867582873E+00-2.929618918E+00-2.992218392E+00-3.055387051E+00-3.119132684E+00
-3.183466491E+00-3.248406649E+00-3.313672440E+00-3.378527745E+00-3.442481334E+00
-3.505443433E+00-3.567606300E+00-3.629210021E+00-3.690423737E+00-3.751341583E+00
-3.811961952E+00-3.872153193E+00-3.931752036E+00-3.990568991E+00-4.048395909E+00
-4.105013071E+00-4.160196498E+00-4.213724554E+00-4.265383798E+00-4.314973716E+00
-4.362310226E+00-4.407228058E+00-4.449581808E+00-4.489245813E+00-4.526112803E+00
-4.560091607E+00-4.591103806E+00-4.619080476E+00-4.643958273E+00-4.665675286E+00
-4.684167435E+00-4.699366785E+00-4.711201135E+00-4.719594256E+00-4.724465907E+00
-4.725732069E+00-4.723305293E+00-4.717095067E+00-4.707008382E+00-4.692950251E+00
-4.674824504E+00-4.652534140E+00-4.625982001E+00-4.595072307E+00-4.559715283E+00
-4.519832742E+00-4.475362270E+00-4.426260617E+00-4.372508872E+00-4.314116587E+00
-4.251124280E+00-4.183604421E+00-4.111660446E+00-4.035422782E+00-3.955041138E+00
-3.870671305E+00-3.782451812E+00-3.690468208E+00-3.594567122E+00-3.494027803E+00
-3.386909938E+00-3.270866098E+00-3.148847156E+00-3.025542713E+00-2.900706331E+00
-2.774511532E+00-2.647079134E+00-2.518505866E+00-2.388876969E+00-2.258271870E+00
-2.126767031E+00-1.994437384E+00-1.861357281E+00-1.727600855E+00-1.593242417E+00
-1.458356662E+00-1.323018848E+00-1.187304991E+00-1.051292110E+00-9.150585594E-01
-7.786844936E-01-6.422525268E-01-5.058486259E-01-3.695633093E-01-2.334932304E-01
-9.774321965E-02 3.757112161E-02 1.723201820E-01 3.063563690E-01 4.395093362E-01
 5.715803698E-01 7.023360022E-01 8.315010428E-01 9.587514530E-01 1.083707840E+00
 1.205930735E+00 1.324919325E+00 1.440115466E+00 1.550914631E+00 1.656684470E+00
 1.756789992E+00-1.616388499E+00-1.667016216E+00-1.716942148E+00-1.766107522E+00
-1.814589400E+00-1.864101378E+00-1.914656579E+00-1.966168371E+00-2.018568424E+00
-2.071800958E+00-2.125821464E+00-2.180594599E+00-2.236092246E+00-2.292291889E+00
-2.349175585E+00-2.406728916E+00-2.464940490E+00-2.523801470E+00-2.583305248E+00
-2.643447194E+00-2.704224498E+00-2.765636094E+00-2.827682525E+00-2.890365921E+00
-2.953689927E+00-3.017659579E+00-3.082280983E+00-3.147560454E+00-3.213501869E+00
-3.280160296E+00-3.346880866E+00-3.413033802E+00-3.478338967E+00-3.542892299E+00
-3.606940642E+00-3.670692089E+00-3.734270051E+00-3.797719291E+00-3.860930812E+00
-3.923742292E+00-3.985961547E+00-4.047373124E+00-4.107746181E+00-4.166842788E+00
-4.224425689E+00-4.280265536E+00-4.334146663E+00-4.385871906E+00-4.435265979E+00
-4.482177315E+00-4.526478547E+00-4.568065522E+00-4.606854707E+00-4.642780122E+00
-4.675787181E+00-4.705823972E+00-4.732835582E+00-4.756763006E+00-4.777543095E+00
-4.795108590E+00-4.809387660E+00-4.820303803E+00-4.827775947E+00-4.831718386E+00
-4.832041113E+00-4.828650129E+00-4.821447831E+00-4.810333653E+00-4.795204642E+00
-4.775956338E+00-4.752483637E+00-4.724682098E+00-4.692449564E+00-4.655686455E+00
-4.614295712E+00-4.568187308E+00-4.517290923E+00-4.461564219E+00-4.400995607E+00
-4.335609329E+00-4.265468379E+00-4.190674508E+00-4.111365661E+00-4.027709606E+00
-3.939892576E+00-3.848100244E+00-3.752481833E+00-3.653095183E+00-3.549554090E+00
-3.440563383E+00-3.323302871E+00-3.197952335E+00-3.069443651E+00-2.939729301E+00
-2.808860188E+00-2.676894154E+00-2.543890259E+00-2.409906887E+00-2.275001415E+00
-2.139230345E+00-2.002649251E+00-1.865312927E+00-1.727275419E+00-1.588589970E+00
-1.449309079E+00-1.309484547E+00-1.169167601E+00-1.028409144E+00-8.872601594E-01
-7.457723286E-01-6.039989248E-01-4.619960626E-01-3.198244000E-01-1.775514088E-01
-3.525435646E-02 1.069758228E-01 2.490295643E-01 3.907723734E-01 5.320369348E-01
 6.726133647E-01 8.122374749E-01 9.505770729E-01 1.087216931E+00 1.221643932E+00
 1.353235384E+00 1.481255300E+00 1.604864473E+00 1.723148882E+00 1.835166038E+00
-1.626809001E+00-1.678005206E+00-1.728392677E+00-1.777913095E+00-1.826898043E+00
-1.876572492E+00-1.927242971E+00-1.978875507E+00-2.031428271E+00-2.084862561E+00
-2.139144078E+00-2.194243330E+00-2.250135380E+00-2.306799435E+00-2.364218328E+00
-2.422378048E+00-2.481267493E+00-2.540878040E+00-2.601203313E+00-2.662239109E+00
-2.723983100E+00-2.786434882E+00-2.849595809E+00-2.913469041E+00-2.978059538E+00
-3.043374353E+00-3.109423136E+00-3.176220072E+00-3.243789071E+00-3.311949772E+00
-3.379975181E+00-3.447381819E+00-3.514096731E+00-3.580328531E+00-3.646319087E+00
-3.712230253E+00-3.778148919E+00-3.844014453E+00-3.909667709E+00-3.974917940E+00
-4.039545583E+00-4.103310826E+00-4.165962948E+00-4.227249387E+00-4.286924208E+00
-4.344755446E+00-4.400531175E+00-4.454064191E+00-4.505195214E+00-4.553794320E+00
-4.599760554E+00-4.643020534E+00-4.683522505E+00-4.721222616E+00-4.756075233E+00
-4.788031217E+00-4.817038015E+00-4.843039067E+00-4.865973392E+00-4.885775322E+00
-4.902374148E+00-4.915693990E+00-4.925653619E+00-4.932166478E+00-4.935140833E+00
-4.934479975E+00-4.930082541E+00-4.921843158E+00-4.909652966E+00-4.893400448E+00
-4.872972443E+00-4.848255167E+00-4.819135496E+00-4.785502071E+00-4.747246707E+00
-4.704266145E+00-4.656463731E+00-4.603747986E+00-4.546041129E+00-4.483301248E+00
-4.415529060E+00-4.342770469E+00-4.265118951E+00-4.182713943E+00-4.095735305E+00
-4.004392949E+00-3.908909752E+00-3.809493262E+00-3.706278848E+00-3.599165904E+00
-3.487292961E+00-3.368173558E+00-3.239506718E+00-3.106084703E+00-2.971567142E+00
-2.835994010E+00-2.699404293E+00-2.561836651E+00-2.423329235E+00-2.283919657E+00
-2.143644559E+00-2.002539247E+00-1.860637450E+00-1.717970930E+00-1.574569230E+00
-1.430459477E+00-1.285666267E+00-1.140211661E+00-9.941153561E-01-8.473950345E-01
-7.000670004E-01-5.521471452E-01-4.036523676E-01-2.546025797E-01-1.050234809E-01
 4.504965788E-02 1.955668739E-01 3.464566339E-01 4.976165910E-01 6.489012363E-01
 8.001054198E-01 9.509425805E-01 1.101016531E+00 1.249786491E+00 1.396527684E+00
 1.540296081E+00 1.679915808E+00 1.814015073E+00 1.941124415E+00-1.636393542E+00
-1.688124930E+00-1.738972176E+00-1.788880442E+00-1.838116372E+00-1.888086313E+00
-1.939040227E+00-1.990955773E+00-2.043807875E+00-2.097571286E+00-2.152221860E+00
-2.207737528E+00-2.264098563E+00-2.321287817E+00-2.379290738E+00-2.438095272E+00
-2.497691693E+00-2.558072598E+00-2.619232639E+00-2.681168543E+00-2.743878951E+00
-2.807364349E+00-2.871627042E+00-2.936671081E+00-3.002502104E+00-3.069127067E+00
-3.136552908E+00-3.204782979E+00-3.273961561E+00-3.343486685E+00-3.412726771E+00
-3.481392750E+00-3.549582322E+00-3.617547139E+00-3.685493412E+00-3.753542655E+00
-3.821706998E+00-3.889841229E+00-3.957760567E+00-4.025245179E+00-4.092049343E+00
-4.157911660E+00-4.222565268E+00-4.285747626E+00-4.347209409E+00-4.406722237E+00
-4.464084819E+00-4.519127781E+00-4.571716606E+00-4.621752587E+00-4.669172147E+00
-4.713934303E+00-4.756001678E+00-4.795334256E+00-4.831889603E+00-4.865622084E+00
-4.896482328E+00-4.924416794E+00-4.949367313E+00-4.971270580E+00-4.990057844E+00
-5.005654599E+00-5.017980432E+00-5.026948745E+00-5.032466954E+00-5.034436526E+00
-5.032753271E+00-5.027307745E+00-5.017985935E+00-5.004669949E+00-4.987238931E+00
-4.965570187E+00-4.939540340E+00-4.909026716E+00-4.873908728E+00-4.834069495E+00
-4.789397345E+00-4.739787275E+00-4.685143114E+00-4.625378248E+00-4.560416543E+00
-4.490221143E+00-4.414812493E+00-4.334267770E+00-4.248721066E+00-4.158358226E+00
-4.063406621E+00-3.964118215E+00-3.860742234E+00-3.753478322E+00-3.642383779E+00
-3.526890851E+00-3.404997899E+00-3.273283283E+00-3.134970646E+00-2.995648053E+00
-2.855332496E+00-2.714042810E+00-2.571798818E+00-2.428620285E+00-2.284526026E+00
-2.139533132E+00-1.993656078E+00-1.846906039E+00-1.699290316E+00-1.550811744E+00
-1.401468256E+00-1.251252519E+00-1.100151684E+00-9.481472872E-01-7.952153331E-01
-6.413266375E-01-4.864475015E-01-3.305408352E-01-1.735679174E-01-1.549100434E-02
 1.437228546E-01 3.040963175E-01 4.656338090E-01 6.283100208E-01 7.920530364E-01
 9.567191975E-01 1.122054983E+00 1.287638271E+00 1.452788100E+00 1.616433642E+00
 1.776962039E+00 1.932160195E+00 2.079451565E+00-1.645142337E+00-1.697357392E+00
-1.748669748E+00-1.798978741E+00-1.848380242E+00-1.898726319E+00-1.950060310E+00
-2.002360706E+00-2.055612230E+00-2.109798508E+00-2.164903051E+00-2.220909929E+00
-2.277804437E+00-2.335573320E+00-2.394205165E+00-2.453690381E+00-2.514021331E+00
-2.575192282E+00-2.637199416E+00-2.700040833E+00-2.763716437E+00-2.828227914E+00
-2.893578790E+00-2.959774511E+00-3.026822788E+00-3.094734608E+00-3.163527372E+00
-3.233232897E+00-3.303812700E+00-3.374556280E+00-3.444954907E+00-3.514908576E+00
-3.584620302E+00-3.654334082E+00-3.724211773E+00-3.794333520E+00-3.864601758E+00
-3.934840116E+00-4.004833218E+00-4.074333810E+00-4.143072919E+00-4.210771280E+00
-4.277150483E+00-4.341943336E+00-4.404903322E+00-4.465812584E+00-4.524488473E+00
-4.580788412E+00-4.634612783E+00-4.685904404E+00-4.734629171E+00-4.780754763E+00
-4.824247153E+00-4.865070262E+00-4.903185489E+00-4.938551001E+00-4.971121221E+00
-5.000846215E+00-5.027671222E+00-5.051536097E+00-5.072374821E+00-5.090115156E+00
-5.104678295E+00-5.115978630E+00-5.123923635E+00-5.128413904E+00-5.129343311E+00
-5.126599349E+00-5.120063626E+00-5.109612592E+00-5.095118397E+00-5.076449954E+00
-5.053474201E+00-5.026057415E+00-4.994066746E+00-4.957371884E+00-4.915846624E+00
-4.869370655E+00-4.817831316E+00-4.761125251E+00-4.699160030E+00-4.631856266E+00
-4.559146738E+00-4.481011158E+00-4.397501866E+00-4.308740354E+00-4.214912703E+00
-4.116258956E+00-4.013055646E+00-3.905589127E+00-3.794111787E+00-3.678755604E+00
-3.559194170E+00-3.433809085E+00-3.298822965E+00-3.155687701E+00-3.011577010E+00
-2.866493140E+00-2.720440839E+00-2.573425318E+00-2.425450646E+00-2.276518356E+00
-2.126626120E+00-1.975766693E+00-1.823926974E+00-1.671087065E+00-1.517219450E+00
-1.362288207E+00-1.206248257E+00-1.049044654E+00-8.906119222E-01-7.308734840E-01
-5.697411767E-01-4.071149561E-01-2.428828493E-01-7.692128454E-02 9.090402278E-02
 2.607363507E-01 4.327249866E-01 6.070203031E-01 7.837656933E-01 9.630841963E-01
 1.145055504E+00 1.329673754E+00 1.516762131E+00 1.705774386E+00 1.895251684E+00
 2.081437821E+00 2.257923953E+00-1.652459921E+00-1.705089027E+00-1.756818213E+00
-1.807588170E+00-1.857737078E+00-1.908532103E+00-1.960305403E+00-2.013056706E+00
-2.066776421E+00-2.121453542E+00-2.177076501E+00-2.233633749E+00-2.291114397E+00
-2.349508523E+00-2.408807543E+00-2.469004307E+00-2.530093331E+00-2.592070837E+00
-2.654934752E+00-2.718684706E+00-2.783322096E+00-2.848849904E+00-2.915272590E+00
-2.982595809E+00-3.050825589E+00-3.119966638E+00-3.190018336E+00-3.261225611E+00
-3.333090237E+00-3.404961702E+00-3.476502400E+00-3.547775383E+00-3.619028620E+00
-3.690472858E+00-3.762233428E+00-3.834305254E+00-3.906525354E+00-3.978689395E+00
-4.050553749E+00-4.121846284E+00-4.192278298E+00-4.261557138E+00-4.329397902E+00
-4.395534754E+00-4.459730674E+00-4.521785999E+00-4.581545362E+00-4.638902907E+00
-4.693802729E+00-4.746215145E+00-4.796112307E+00-4.843465539E+00-4.888244825E+00
-4.930418231E+00-4.969951305E+00-5.006806455E+00-5.040942350E+00-5.072313221E+00
-5.100868357E+00-5.126551391E+00-5.149299851E+00-5.169044617E+00-5.185709423E+00
-5.199210538E+00-5.209456562E+00-5.216348244E+00-5.219778544E+00-5.219632847E+00
-5.215789367E+00-5.208119790E+00-5.196490024E+00-5.180761309E+00-5.160791399E+00
-5.136436011E+00-5.107550320E+00-5.073990779E+00-5.035616808E+00-4.992292709E+00
-4.943889467E+00-4.890286674E+00-4.831374306E+00-4.767054469E+00-4.697242970E+00
-4.621871175E+00-4.540887347E+00-4.454305960E+00-4.362228842E+00-4.264837517E+00
-4.162381370E+00-4.055158868E+00-3.943489558E+00-3.827670339E+00-3.707894458E+00
-3.584009824E+00-3.454645406E+00-3.315964642E+00-3.168048858E+00-3.019152241E+00
-2.869271322E+00-2.718402691E+00-2.566540670E+00-2.413675493E+00-2.259791834E+00
-2.104867408E+00-1.948871734E+00-1.791765023E+00-1.633496945E+00-1.474005508E+00
-1.313215767E+00-1.151038475E+00-9.873685982E-01-8.220836952E-01-6.550421129E-01
-4.860809708E-01-3.150139070E-01-1.416285325E-01 3.431649810E-02 2.130949049E-01
 3.950169215E-01 5.804345356E-01 7.697486046E-01 9.634193379E-01 1.161983398E+00
 1.366085189E+00 1.576542327E+00 1.794509571E+00 2.022015001E+00 2.261337705E+00
 2.479633727E+00-1.659308814E+00-1.712361187E+00-1.764514783E+00-1.815714297E+00
-1.866252369E+00-1.917504559E+00-1.969756479E+00-2.023005096E+00-2.077243266E+00
-2.132462541E+00-2.188653929E+00-2.245808479E+00-2.303917780E+00-2.362974295E+00
-2.422971687E+00-2.483904977E+00-2.545770657E+00-2.608566887E+00-2.672293415E+00
-2.736951654E+00-2.802544745E+00-2.869077550E+00-2.936556756E+00-3.004990887E+00
-3.074390428E+00-3.144767798E+00-3.216136601E+00-3.288642882E+00-3.361634890E+00
-3.434556850E+00-3.507236460E+00-3.579844994E+00-3.652629143E+00-3.725758497E+00
-3.799316938E+00-3.873195278E+00-3.947203754E+00-4.021108213E+00-4.094638597E+00
-4.167501146E+00-4.239391640E+00-4.310008764E+00-4.379066763E+00-4.446307338E+00
-4.511509999E+00-4.574501318E+00-4.635162223E+00-4.693431734E+00-4.749282317E+00
-4.802689963E+00-4.853630547E+00-4.902079363E+00-4.948010583E+00-4.991396554E+00
-5.032207300E+00-5.070409783E+00-5.105967264E+00-5.138838663E+00-5.168977805E+00
-5.196332875E+00-5.220845606E+00-5.242450812E+00-5.261075676E+00-5.276639394E+00
-5.289052675E+00-5.298217531E+00-5.304027114E+00-5.306365821E+00-5.305109522E+00
-5.300126162E+00-5.291276340E+00-5.278414400E+00-5.261389644E+00-5.240047715E+00
-5.214232277E+00-5.183786821E+00-5.148556543E+00-5.108390397E+00-5.063143095E+00
-5.012677116E+00-4.956864745E+00-4.895589893E+00-4.828749921E+00-4.756257320E+00
-4.678041132E+00-4.594047953E+00-4.504255654E+00-4.408739031E+00-4.307671142E+00
-4.201309160E+00-4.089973041E+00-3.974015197E+00-3.853775621E+00-3.729503909E+00
-3.601155862E+00-3.467508199E+00-3.324689481E+00-3.171990483E+00-3.018291372E+00
-2.863587787E+00-2.707870699E+00-2.551124471E+00-2.393325365E+00-2.234440208E+00
-2.074425110E+00-1.913224266E+00-1.750768566E+00-1.586974137E+00-1.421740694E+00
-1.254949622E+00-1.086461765E+00-9.161148512E-01-7.437204518E-01-5.690603776E-01
-3.918823864E-01-2.118949954E-01-2.876113010E-02 1.579097801E-01 3.485718779E-01
 5.437560955E-01 7.440881489E-01 9.503140551E-01 1.163338146E+00 1.384282251E+00
 1.614580655E+00 1.856129233E+00 2.111478566E+00 2.381890552E+00 2.632346657E+00
-1.665566081E+00-1.718992306E+00-1.771602818E+00-1.823184360E+00-1.873884454E+00
-1.925610140E+00-1.978372592E+00-2.032156775E+00-2.086955158E+00-2.142759391E+00
-2.199561024E+00-2.257352017E+00-2.316125160E+00-2.375874466E+00-2.436595208E+00
-2.498284188E+00-2.560939779E+00-2.624561882E+00-2.689152089E+00-2.754713575E+00
-2.821251225E+00-2.888771665E+00-2.957283518E+00-3.026797965E+00-3.097330179E+00
-3.168902945E+00-3.241555466E+00-3.315239762E+00-3.389265193E+00-3.463200424E+00
-3.537025069E+00-3.610967100E+00-3.685247361E+00-3.760000520E+00-3.835231851E+00
-3.910770871E+00-3.986400401E+00-4.061859239E+00-4.136854032E+00-4.211073215E+00
-4.284201445E+00-4.355933880E+00-4.425989570E+00-4.494124014E+00-4.560140399E+00
-4.623899228E+00-4.685326112E+00-4.744392335E+00-4.801076930E+00-4.855359397E+00
-4.907219408E+00-4.956636327E+00-5.003588548E+00-5.048052858E+00-5.090003931E+00
-5.129413514E+00-5.166249830E+00-5.200476797E+00-5.232053376E+00-5.260932750E+00
-5.287061614E+00-5.310379471E+00-5.330817902E+00-5.348299939E+00-5.362739510E+00
-5.374041008E+00-5.382098981E+00-5.386798060E+00-5.388012988E+00-5.385609038E+00
-5.379442624E+00-5.369362120E+00-5.355209215E+00-5.336820133E+00-5.314027552E+00
-5.286662347E+00-5.254555765E+00-5.217541528E+00-5.175458071E+00-5.128150801E+00
-5.075474256E+00-5.017294170E+00-4.953489495E+00-4.883954140E+00-4.808598680E+00
-4.727351903E+00-4.640162209E+00-4.546997857E+00-4.447901149E+00-4.343034987E+00
-4.232664567E+00-4.117132615E+00-3.996825664E+00-3.872125813E+00-3.743330289E+00
-3.610458663E+00-3.472344739E+00-3.324978782E+00-3.167475042E+00-3.008966597E+00
-2.849447477E+00-2.688901406E+00-2.527300772E+00-2.364605697E+00-2.200763125E+00
-2.035705702E+00-1.869350399E+00-1.701597036E+00-1.532326343E+00-1.361397733E+00
-1.188646581E+00-1.013880967E+00-8.368777500E-01-6.573778555E-01-4.750805420E-01
-2.896364800E-01-1.006392509E-01 9.238509082E-02 2.899909600E-01 4.928293932E-01
 7.016683156E-01 9.174180100E-01 1.141162853E+00 1.374199562E+00 1.618079296E+00
 1.874643459E+00 2.146028803E+00 2.434228734E+00 2.705212559E+00-1.670215453E+00
-1.723993313E+00-1.776944747E+00-1.829014392E+00-1.880531844E+00-1.932784521E+00
-1.986092609E+00-2.040452507E+00-2.095853384E+00-2.152284410E+00-2.209735624E+00
-2.268198519E+00-2.327666217E+00-2.388133603E+00-2.449597343E+00-2.512055809E+00
-2.575509118E+00-2.639959053E+00-2.705408985E+00-2.771863817E+00-2.839329943E+00
-2.907815056E+00-2.977327740E+00-3.047876869E+00-3.119469827E+00-3.192108861E+00
-3.266067073E+00-3.340848078E+00-3.415845661E+00-3.490778370E+00-3.565748592E+00
-3.641001683E+00-3.716723798E+00-3.793016493E+00-3.869785691E+00-3.946834599E+00
-4.023917727E+00-4.100748991E+00-4.177015120E+00-4.252390810E+00-4.326554148E+00
-4.399201766E+00-4.470063062E+00-4.538913434E+00-4.605586336E+00-4.669984127E+00
-4.732070591E+00-4.791826776E+00-4.849234740E+00-4.904277547E+00-4.956938727E+00
-5.007201594E+00-5.055048847E+00-5.100461766E+00-5.143419715E+00-5.183899441E+00
-5.221874300E+00-5.257313581E+00-5.290181686E+00-5.320437323E+00-5.348032786E+00
-5.372912966E+00-5.395014635E+00-5.414265672E+00-5.430584285E+00-5.443878472E+00
-5.454045379E+00-5.460971145E+00-5.464530710E+00-5.464588008E+00-5.460996412E+00
-5.453599510E+00-5.442232285E+00-5.426722417E+00-5.406892177E+00-5.382560313E+00
-5.353544407E+00-5.319663089E+00-5.280738613E+00-5.236599278E+00-5.187081830E+00
-5.132033869E+00-5.071315859E+00-5.004803322E+00-4.932388559E+00-4.853982339E+00
-4.769515272E+00-4.678939031E+00-4.582227361E+00-4.479400025E+00-4.370609561E+00
-4.256131106E+00-4.136332457E+00-4.011635397E+00-3.882462502E+00-3.749150569E+00
-3.611749395E+00-3.469049226E+00-3.316738876E+00-3.154445082E+00-2.991179718E+00
-2.826929121E+00-2.661664731E+00-2.495343103E+00-2.327905642E+00-2.159277744E+00
-1.989367660E+00-1.818065119E+00-1.645239384E+00-1.470736972E+00-1.294378722E+00
-1.115956234E+00-9.352275563E-01-7.519119457E-01-5.656835679E-01-3.761638336E-01
-1.829121890E-01 1.458505277E-02 2.169280952E-01 4.248195964E-01 6.390832775E-01
 8.606849254E-01 1.090754672E+00 1.330607972E+00 1.581760264E+00 1.845927612E+00
 2.125003961E+00 2.421675006E+00 2.708765265E+00-1.674228305E+00-1.728315647E+00
-1.781636847E+00-1.834140382E+00-1.886130528E+00-1.938934311E+00-1.992839020E+00
-2.047828559E+00-2.103884075E+00-2.160989406E+00-2.219131668E+00-2.278301190E+00
-2.338491269E+00-2.399697835E+00-2.461919067E+00-2.525155217E+00-2.589408415E+00
-2.654682538E+00-2.720983051E+00-2.788316985E+00-2.856692908E+00-2.926120739E+00
-2.996611698E+00-3.068178109E+00-3.140832955E+00-3.214589877E+00-3.289651405E+00
-3.365394292E+00-3.441294018E+00-3.517203239E+00-3.593301658E+00-3.669823701E+00
-3.746921711E+00-3.824639325E+00-3.902813329E+00-3.981222513E+00-4.059596006E+00
-4.137625940E+00-4.214982693E+00-4.291331311E+00-4.366347767E+00-4.439734973E+00
-4.511237827E+00-4.580657287E+00-4.647863352E+00-4.712801030E+00-4.775451001E+00
-4.835796969E+00-4.893824343E+00-4.949519676E+00-5.002870140E+00-5.053863023E+00
-5.102485207E+00-5.148722430E+00-5.192558843E+00-5.233976152E+00-5.272953024E+00
-5.309464269E+00-5.343480064E+00-5.374965066E+00-5.403877536E+00-5.430168471E+00
-5.453780628E+00-5.474647585E+00-5.492692897E+00-5.507829290E+00-5.519957863E+00
-5.528967604E+00-5.534735081E+00-5.537124304E+00-5.535986981E+00-5.531163211E+00
-5.522482378E+00-5.509764603E+00-5.492822491E+00-5.471463297E+00-5.445491214E+00
-5.414710048E+00-5.378925913E+00-5.337949957E+00-5.291601082E+00-5.239708576E+00
-5.182114494E+00-5.118675931E+00-5.049267051E+00-4.973780814E+00-4.892130644E+00
-4.804251684E+00-4.710102062E+00-4.609663931E+00-4.502952172E+00-4.390111552E+00
-4.271431023E+00-4.147306868E+00-4.018197492E+00-3.884563568E+00-3.746772216E+00
-3.604869204E+00-3.457474937E+00-3.299802073E+00-3.132838170E+00-2.964983073E+00
-2.796206572E+00-2.626462549E+00-2.455689348E+00-2.283808684E+00-2.110724872E+00
-1.936323630E+00-1.760470589E+00-1.583009085E+00-1.403757358E+00-1.222505070E+00
-1.039009070E+00-8.529882873E-01-6.641176066E-01-4.720204772E-01-2.762600507E-01
-7.632854392E-02 1.283654636E-01 3.385120360E-01 5.549173063E-01 7.785230663E-01
 1.010427658E+00 1.251906039E+00 1.504425171E+00 1.769648342E+00 2.049420277E+00
 2.346118682E+00 2.635092886E+00-1.677438512E+00-1.731668053E+00-1.785489717E+00
-1.838294603E+00-1.890507771E+00-1.943938134E+00-1.998530131E+00-2.054232750E+00
-2.111013940E+00-2.168851147E+00-2.227729373E+00-2.287639316E+00-2.348575881E+00
-2.410537246E+00-2.473524147E+00-2.537539433E+00-2.602587812E+00-2.668675621E+00
-2.735810785E+00-2.804002760E+00-2.873262552E+00-2.943602931E+00-3.015038547E+00
-3.087586256E+00-3.161265204E+00-3.236095931E+00-3.312150228E+00-3.388768285E+00
-3.465523707E+00-3.542388783E+00-3.619583349E+00-3.697316659E+00-3.775714314E+00
-3.854734131E+00-3.934179665E+00-4.013803430E+00-4.093311532E+00-4.172377467E+00
-4.250658995E+00-4.327815388E+00-4.403524714E+00-4.477500559E+00-4.549507994E+00
-4.619378303E+00-4.687022912E+00-4.752414965E+00-4.815539114E+00-4.876382029E+00
-4.934932161E+00-4.991179394E+00-5.045114428E+00-5.096728388E+00-5.146012147E+00
-5.192955881E+00-5.237548371E+00-5.279776304E+00-5.319623657E+00-5.357070876E+00
-5.392094051E+00-5.424664019E+00-5.454745475E+00-5.482295983E+00-5.507264911E+00
-5.529592382E+00-5.549208291E+00-5.566031194E+00-5.579967424E+00-5.590910270E+00
-5.598739399E+00-5.603320432E+00-5.604504997E+00-5.602131081E+00-5.596023903E+00
-5.585997113E+00-5.571854633E+00-5.553392847E+00-5.530403084E+00-5.502674538E+00
-5.469997201E+00-5.432165074E+00-5.388979037E+00-5.340249929E+00-5.285801226E+00
-5.225471574E+00-5.159116980E+00-5.086612811E+00-5.007855496E+00-4.922763981E+00
-4.831280889E+00-4.733373666E+00-4.629035377E+00-4.518288188E+00-4.401276886E+00
-4.278310594E+00-4.149818594E+00-4.016297445E+00-3.878242815E+00-3.736040368E+00
-3.589685260E+00-3.437457921E+00-3.274010489E+00-3.102659286E+00-2.930534179E+00
-2.757585154E+00-2.583750574E+00-2.408951206E+00-2.233090801E+00-2.056056277E+00
-1.877716834E+00-1.697921998E+00-1.516499112E+00-1.333250151E+00-1.147947976E+00
-9.603319261E-01-7.701025653E-01-5.769154317E-01-3.803735377E-01-1.800182879E-01
 2.468155491E-02 2.343433880E-01 4.496874563E-01 6.715575922E-01 9.009470981E-01
 1.139030792E+00 1.387203194E+00 1.647119028E+00 1.920722611E+00 2.210210170E+00
 2.493382251E+00-1.678200522E+00-1.732577545E+00-1.786546509E+00-1.840071291E+00
-1.893388917E+00-1.947675718E+00-2.003124224E+00-2.059666107E+00-2.117262765E+00
-2.175894087E+00-2.235550287E+00-2.296227585E+00-2.357926118E+00-2.420648695E+00
-2.484400180E+00-2.549187084E+00-2.615017351E+00-2.681900185E+00-2.749846071E+00
-2.818866749E+00-2.888975397E+00-2.960186818E+00-3.032518181E+00-3.105990608E+00
-3.180632930E+00-3.256490743E+00-3.333450691E+00-3.410880767E+00-3.488460493E+00
-3.566258309E+00-3.644506876E+00-3.723386190E+00-3.802989221E+00-3.883192304E+00
-3.963778669E+00-4.044477284E+00-4.124973661E+00-4.204925907E+00-4.283982541E+00
-4.361800703E+00-4.438064274E+00-4.512501392E+00-4.584901196E+00-4.655129749E+00
-4.723136188E+00-4.788904332E+00-4.852421063E+00-4.913675723E+00-4.972659709E+00
-5.029366007E+00-5.083788687E+00-5.135922419E+00-5.185762012E+00-5.233301827E+00
-5.278535120E+00-5.321453481E+00-5.362046098E+00-5.400299001E+00-5.436194245E+00
-5.469708985E+00-5.500814621E+00-5.529475576E+00-5.555648388E+00-5.579280407E+00
-5.600308678E+00-5.618658677E+00-5.634243206E+00-5.646961232E+00-5.656697055E+00
-5.663319588E+00-5.666682048E+00-5.666621979E+00-5.662961943E+00-5.655510533E+00
-5.644064133E+00-5.628409091E+00-5.608324507E+00-5.583585179E+00-5.553965152E+00
-5.519241044E+00-5.479195560E+00-5.433620880E+00-5.382321644E+00-5.325117838E+00
-5.261847313E+00-5.192367862E+00-5.116559150E+00-5.034324197E+00-4.945590646E+00
-4.850311878E+00-4.748467682E+00-4.640065033E+00-4.525140205E+00-4.403849572E+00
-4.276531286E+00-4.143653323E+00-4.005751967E+00-3.863353558E+00-3.716846901E+00
-3.566103660E+00-3.408824210E+00-3.239361990E+00-3.064069395E+00-2.888136365E+00
-2.711521763E+00-2.534143294E+00-2.355902967E+00-2.176691787E+00-1.996388742E+00
-1.814858264E+00-1.631947406E+00-1.447483080E+00-1.261269076E+00-1.073082820E+00
-8.826716648E-01-6.897485974E-01-4.939871244E-01-2.950151095E-01-9.240714223E-02
 1.143251851E-01 3.257461713E-01 5.425139361E-01 7.654067928E-01 9.953642918E-01
 1.233554254E+00 1.481484556E+00 1.741179611E+00 2.015256944E+00 2.285796936E+00
-1.677219090E+00-1.731190784E+00-1.785398642E+00-1.839823087E+00-1.894619204E+00
-1.950210580E+00-2.006753702E+00-2.064264075E+00-2.122748440E+00-2.182213949E+00
-2.242668526E+00-2.304120698E+00-2.366579571E+00-2.430054854E+00-2.494556817E+00
-2.560096426E+00-2.626685251E+00-2.694335596E+00-2.763060462E+00-2.832873550E+00
-2.903789121E+00-2.975821727E+00-3.048985592E+00-3.123292961E+00-3.198750461E+00
-3.275645689E+00-3.353464645E+00-3.431667153E+00-3.510047272E+00-3.588747754E+00
-3.667998450E+00-3.747953331E+00-3.828654718E+00-3.909925988E+00-3.991528839E+00
-4.073171103E+00-4.154520811E+00-4.235223806E+00-4.314922619E+00-4.393275513E+00
-4.469975438E+00-4.544768263E+00-4.617470253E+00-4.687984969E+00-4.756285766E+00
-4.822359197E+00-4.886194566E+00-4.947783715E+00-5.007120734E+00-5.064201475E+00
-5.119023092E+00-5.171583684E+00-5.221881683E+00-5.269915363E+00-5.315682303E+00
-5.359178763E+00-5.400398948E+00-5.439334372E+00-5.475972925E+00-5.510298134E+00
-5.542288066E+00-5.571914334E+00-5.599140913E+00-5.623922909E+00-5.646205193E+00
-5.665921107E+00-5.682990973E+00-5.697320772E+00-5.708800966E+00-5.717305390E+00
-5.722690613E+00-5.724795651E+00-5.723442195E+00-5.718435446E+00-5.709565666E+00
-5.696610328E+00-5.679337002E+00-5.657506594E+00-5.630877160E+00-5.599207842E+00
-5.562262879E+00-5.519815363E+00-5.471650752E+00-5.417570156E+00-5.357393041E+00
-5.290959698E+00-5.218133152E+00-5.138800819E+00-5.052875834E+00-4.960298048E+00
-4.861034890E+00-4.755081882E+00-4.642463131E+00-4.523233221E+00-4.397574239E+00
-4.265864255E+00-4.128616006E+00-3.986405943E+00-3.839783701E+00-3.689117135E+00
-3.534034165E+00-3.371309210E+00-3.196097844E+00-3.017333849E+00-2.838236490E+00
-2.658629841E+00-2.478396728E+00-2.297436003E+00-2.115645199E+00-1.932913031E+00
-1.749115849E+00-1.564115513E+00-1.377757718E+00-1.189870433E+00-1.000262269E+00
-8.087207834E-01-6.150106234E-01-4.188715225E-01-2.200160534E-01-1.812700813E-02
 1.871459611E-01 3.961911621E-01 6.094427875E-01 8.273957060E-01 1.050636654E+00
 1.279919481E+00 1.516386040E+00 1.762384226E+00 2.006842024E+00-1.675777437E+00
-1.729368249E+00-1.783760001E+00-1.839089786E+00-1.895369474E+00-1.952247275E+00
-2.009873387E+00-2.068337154E+00-2.127691070E+00-2.187970322E+00-2.249200897E+00
-2.311403740E+00-2.374596969E+00-2.438797055E+00-2.504019654E+00-2.570279997E+00
-2.637593296E+00-2.705974876E+00-2.775440357E+00-2.846005783E+00-2.917687488E+00
-2.990502137E+00-3.064466453E+00-3.139597021E+00-3.215910392E+00-3.293648739E+00
-3.372211333E+00-3.451117464E+00-3.530254979E+00-3.609810574E+00-3.689998835E+00
-3.770952590E+00-3.852645273E+00-3.934872108E+00-4.017372994E+00-4.099836792E+00
-4.181916767E+00-4.263249345E+00-4.343473880E+00-4.422252587E+00-4.499290062E+00
-4.574352424E+00-4.647285603E+00-4.718027651E+00-4.786562408E+00-4.852878093E+00
-4.916966101E+00-4.978820639E+00-5.038438220E+00-5.095817293E+00-5.150957935E+00
-5.203861290E+00-5.254529160E+00-5.302963521E+00-5.349165924E+00-5.393137027E+00
-5.434875803E+00-5.474378979E+00-5.511640138E+00-5.546648974E+00-5.579390217E+00
-5.609842630E+00-5.637977805E+00-5.663758907E+00-5.687139158E+00-5.708060371E+00
-5.726451333E+00-5.742226184E+00-5.755282846E+00-5.765501625E+00-5.772744266E+00
-5.776853193E+00-5.777651300E+00-5.774942489E+00-5.768512817E+00-5.758132432E+00
-5.743558519E+00-5.724538594E+00-5.700814727E+00-5.672128446E+00-5.638224980E+00
-5.598857833E+00-5.553792792E+00-5.502811651E+00-5.445715291E+00-5.382326353E+00
-5.312491388E+00-5.236082508E+00-5.152998835E+00-5.063167394E+00-4.966543986E+00
-4.863113653E+00-4.752891003E+00-4.635920471E+00-4.512279330E+00-4.382191776E+00
-4.246087438E+00-4.104528623E+00-3.958128036E+00-3.807441085E+00-3.652763834E+00
-3.493262929E+00-3.324262931E+00-3.143889644E+00-2.962945797E+00-2.781535792E+00
-2.599675230E+00-2.417332797E+00-2.234450826E+00-2.050954774E+00-1.866757611E+00
-1.681761781E+00-1.495860147E+00-1.308936619E+00-1.120866802E+00-9.315189611E-01
-7.407555192E-01-5.484354090E-01-3.544176424E-01-1.585667361E-01 3.923903781E-02
 2.390949008E-01 4.410492025E-01 6.450690846E-01 8.509778215E-01 1.058326514E+00
 1.266088130E+00 1.471831130E+00 1.670318098E+00-1.675880423E+00-1.729417243E+00
-1.784087256E+00-1.839905097E+00-1.896820193E+00-1.954509985E+00-2.012952147E+00
-2.072205107E+00-2.132317542E+00-2.193328399E+00-2.255269340E+00-2.318166931E+00
-2.382044310E+00-2.446922267E+00-2.512820180E+00-2.579756573E+00-2.647749448E+00
-2.716816709E+00-2.786976376E+00-2.858246821E+00-2.930646837E+00-3.004195823E+00
-3.078913794E+00-3.154821232E+00-3.231938929E+00-3.310424188E+00-3.389649539E+00
-3.469202267E+00-3.549051601E+00-3.629407203E+00-3.710462920E+00-3.792330134E+00
-3.874911765E+00-3.957986215E+00-4.041273891E+00-4.124446951E+00-4.207146298E+00
-4.289001459E+00-4.369651070E+00-4.448763471E+00-4.526056958E+00-4.601319601E+00
-4.674428667E+00-4.745347532E+00-4.814063136E+00-4.880565597E+00-4.944848249E+00
-5.006907275E+00-5.066741415E+00-5.124351540E+00-5.179740230E+00-5.232911474E+00
-5.283870137E+00-5.332621528E+00-5.379170898E+00-5.423522918E+00-5.465681035E+00
-5.505646860E+00-5.543419344E+00-5.578994090E+00-5.612362300E+00-5.643509733E+00
-5.672415615E+00-5.699051230E+00-5.723378367E+00-5.745347845E+00-5.764897426E+00
-5.781950239E+00-5.796412869E+00-5.808173102E+00-5.817099017E+00-5.823038331E+00
-5.825817694E+00-5.825242464E+00-5.821097359E+00-5.813147762E+00-5.801142060E+00
-5.784814843E+00-5.763892042E+00-5.738097492E+00-5.707156736E+00-5.670802718E+00
-5.628780880E+00-5.580853077E+00-5.526801276E+00-5.466430292E+00-5.399570303E+00
-5.326078461E+00-5.245840343E+00-5.158770904E+00-5.064815208E+00-4.963948783E+00
-4.856177985E+00-4.741540055E+00-4.620103222E+00-4.491974428E+00-4.357439601E+00
-4.216992842E+00-4.071251524E+00-3.920863078E+00-3.766377080E+00-3.607975848E+00
-3.444082934E+00-3.268610112E+00-3.085461511E+00-2.902205619E+00-2.718840808E+00
-2.535332412E+00-2.351633287E+00-2.167689952E+00-1.983444894E+00-1.798837668E+00
-1.613806113E+00-1.428287768E+00-1.242221938E+00-1.055552503E+00-8.682318187E-01
-6.802260842E-01-4.915228066E-01-3.021412238E-01-1.121470922E-01 7.832604842E-02
 2.690456714E-01 4.596336260E-01 6.494957761E-01 8.377180794E-01 1.022929612E+00
 1.203186401E+00 1.376039985E+00-1.676718107E+00-1.730378174E+00-1.785292024E+00
-1.841479614E+00-1.898865562E+00-1.957109683E+00-2.016150735E+00-2.076023028E+00
-2.136761442E+00-2.198398104E+00-2.260962079E+00-2.324479682E+00-2.388974920E+00
-2.454470098E+00-2.520986278E+00-2.588543690E+00-2.657162098E+00-2.726861074E+00
-2.797660343E+00-2.869580019E+00-2.942641049E+00-3.016865464E+00-3.092276905E+00
-3.168900736E+00-3.246762691E+00-3.325914699E+00-3.405738048E+00-3.485889725E+00
-3.566405343E+00-3.647502896E+00-3.729354860E+00-3.812043413E+00-3.895417104E+00
-3.979238292E+00-4.063210234E+00-4.146990729E+00-4.230210799E+00-4.312495261E+00
-4.393484050E+00-4.472853373E+00-4.550336659E+00-4.625744864E+00-4.698985888E+00
-4.770037661E+00-4.838888382E+00-4.905529758E+00-4.969956866E+00-5.032167712E+00
-5.092162973E+00-5.149945614E+00-5.205520556E+00-5.258894253E+00-5.310074320E+00
-5.359069088E+00-5.405887103E+00-5.450536736E+00-5.493025487E+00-5.533359477E+00
-5.571542660E+00-5.607576180E+00-5.641457343E+00-5.673178727E+00-5.702726943E+00
-5.730081334E+00-5.755212448E+00-5.778080097E+00-5.798632058E+00-5.816800241E+00
-5.832499037E+00-5.845624623E+00-5.856053354E+00-5.863640230E+00-5.868217736E+00
-5.869595181E+00-5.867558583E+00-5.861871521E+00-5.852276842E+00-5.838499815E+00
-5.820252496E+00-5.797239228E+00-5.769162436E+00-5.735733459E+00-5.696676462E+00
-5.651732664E+00-5.600664462E+00-5.543258765E+00-5.479329398E+00-5.408718940E+00
-5.331299986E+00-5.246976174E+00-5.155682707E+00-5.057386721E+00-4.952087480E+00
-4.839816354E+00-4.720636864E+00-4.594644556E+00-4.461989683E+00-4.323041708E+00
-4.178370572E+00-4.028652130E+00-3.874563015E+00-3.716623134E+00-3.554731571E+00
-3.386002835E+00-3.204472266E+00-3.019397381E+00-2.834671325E+00-2.650183588E+00
-2.465875051E+00-2.281705603E+00-2.097643059E+00-1.913660203E+00-1.729734776E+00
-1.545851035E+00-1.362002450E+00-1.178195398E+00-9.944540961E-01-8.108270597E-01
-6.273955466E-01-4.442845763E-01-2.616773581E-01-7.983406486E-02 1.008840050E-01
 2.799842522E-01 4.568074920E-01 6.304925248E-01 7.999532955E-01 9.638908695E-01
 1.120862414E+00-1.677949297E+00-1.731774153E+00-1.786908123E+00-1.843412825E+00
-1.901265661E+00-1.959937237E+00-2.019442527E+00-2.079808338E+00-2.141059956E+00
-2.203222746E+00-2.266321376E+00-2.330379660E+00-2.395420424E+00-2.461465603E+00
-2.528536396E+00-2.596653498E+00-2.665837273E+00-2.736107953E+00-2.807485882E+00
-2.879991795E+00-2.953647278E+00-3.028475679E+00-3.104503875E+00-3.181766591E+00
-3.260316473E+00-3.340071480E+00-3.420443261E+00-3.501153406E+00-3.582289597E+00
-3.664069362E+00-3.746646439E+00-3.830065356E+00-3.914138641E+00-3.998612316E+00
-4.083174466E+00-4.167470840E+00-4.251124667E+00-4.333757976E+00-4.415013550E+00
-4.494576684E+00-4.572196714E+00-4.647708025E+00-4.721045140E+00-4.792192579E+00
-4.861139643E+00-4.927879474E+00-4.992408584E+00-5.054726624E+00-5.114835958E+00
-5.172741412E+00-5.228449902E+00-5.281970090E+00-5.333311994E+00-5.382486621E+00
-5.429505500E+00-5.474380238E+00-5.517122015E+00-5.557741005E+00-5.596245810E+00
-5.632642613E+00-5.666934513E+00-5.699120465E+00-5.729194228E+00-5.757143034E+00
-5.782946051E+00-5.806573033E+00-5.827979120E+00-5.847104205E+00-5.863872019E+00
-5.878188003E+00-5.889937636E+00-5.898984543E+00-5.905168977E+00-5.908306392E+00
-5.908186873E+00-5.904575028E+00-5.897211203E+00-5.885813904E+00-5.870083815E+00
-5.849709290E+00-5.824373204E+00-5.793761163E+00-5.757568789E+00-5.715515986E+00
-5.667344902E+00-5.612824368E+00-5.551752028E+00-5.483956296E+00-5.409297503E+00
-5.327668706E+00-5.238996252E+00-5.143239934E+00-5.040393008E+00-4.930482234E+00
-4.813567624E+00-4.689742400E+00-4.559132360E+00-4.421956329E+00-4.278684515E+00
-4.129967136E+00-3.976530237E+00-3.819051532E+00-3.657941257E+00-3.492420352E+00
-3.317412097E+00-3.131458865E+00-2.945793113E+00-2.760563366E+00-2.575814638E+00
-2.391559214E+00-2.207801550E+00-2.024547751E+00-1.841810167E+00-1.659610786E+00
-1.477984647E+00-1.296983923E+00-1.116682827E+00-9.371836363E-01-7.586240263E-01
-5.811859568E-01-4.051062419E-01-2.306888493E-01-5.831853041E-02 1.115252225E-01
 2.782561232E-01 4.411747006E-01 5.994728227E-01 7.522544758E-01 8.985750215E-01
-1.679673875E+00-1.733670338E+00-1.789034108E+00-1.845787820E+00-1.903860337E+00
-1.962871289E+00-2.022752360E+00-2.083520963E+00-2.145196825E+00-2.207800639E+00
-2.271353567E+00-2.335876825E+00-2.401391496E+00-2.467918469E+00-2.535478303E+00
-2.604091421E+00-2.673778015E+00-2.744558101E+00-2.816451599E+00-2.889478234E+00
-2.963657268E+00-3.039006837E+00-3.115542289E+00-3.193272130E+00-3.272535402E+00
-3.352868255E+00-3.433752426E+00-3.514982190E+00-3.596689406E+00-3.679088233E+00
-3.762318533E+00-3.846380695E+00-3.931065503E+00-4.016103654E+00-4.101170037E+00
-4.185900343E+00-4.269911795E+00-4.352825201E+00-4.434287278E+00-4.513993124E+00
-4.591708180E+00-4.667290062E+00-4.740693719E+00-4.811905974E+00-4.880917331E+00
-4.947722173E+00-5.012318289E+00-5.074706669E+00-5.134891186E+00-5.192878256E+00
-5.248676520E+00-5.302296559E+00-5.353750483E+00-5.403051624E+00-5.450214087E+00
-5.495252368E+00-5.538180902E+00-5.579013506E+00-5.617762890E+00-5.654439906E+00
-5.689052963E+00-5.721606945E+00-5.752102491E+00-5.780534311E+00-5.806890857E+00
-5.831148061E+00-5.853268390E+00-5.873200534E+00-5.890877273E+00-5.906213542E+00
-5.919104509E+00-5.929423430E+00-5.937019684E+00-5.941716980E+00-5.943311720E+00
-5.941572388E+00-5.936239715E+00-5.927028509E+00-5.913630965E+00-5.895722010E+00
-5.872966342E+00-5.845026837E+00-5.811574162E+00-5.772296072E+00-5.726909545E+00
-5.675165622E+00-5.616846195E+00-5.551766096E+00-5.479774143E+00-5.400753841E+00
-5.314623651E+00-5.221337030E+00-5.120882408E+00-5.013282904E+00-4.898596183E+00
-4.776914151E+00-4.648362779E+00-4.513103170E+00-4.371460606E+00-4.224014815E+00
-4.071492828E+00-3.914653666E+00-3.754136022E+00-3.590120936E+00-3.420547704E+00
-3.238591167E+00-3.051491136E+00-2.865393564E+00-2.680195228E+00-2.495872371E+00
-2.312432493E+00-2.129899001E+00-1.948307200E+00-1.767704915E+00-1.588154977E+00
-1.409738545E+00-1.232559266E+00-1.056748054E+00-8.824685320E-01-7.099230682E-01
-5.393592817E-01-3.710766890E-01-2.054328919E-01-4.284835136E-02 1.161916227E-01
 2.711393932E-01 4.213937392E-01 5.663159474E-01 7.052530693E-01-1.681490193E+00
-1.735660192E+00-1.791223474E+00-1.848204617E+00-1.906518167E+00-1.965813459E+00
-2.026005514E+00-2.087107347E+00-2.149135660E+00-2.212108396E+00-2.276044352E+00
-2.340962826E+00-2.406883449E+00-2.473825985E+00-2.541810314E+00-2.610856260E+00
-2.680983665E+00-2.752212313E+00-2.824561871E+00-2.898051892E+00-2.972701597E+00
-3.048529783E+00-3.125554605E+00-3.203793871E+00-3.283581334E+00-3.364379607E+00
-3.445700133E+00-3.527388999E+00-3.609604828E+00-3.692552822E+00-3.776360969E+00
-3.860982569E+00-3.946195056E+00-4.031715718E+00-4.117208011E+00-4.202299294E+00
-4.286602256E+00-4.369737531E+00-4.451356581E+00-4.531164448E+00-4.608942383E+00
-4.684570073E+00-4.758016185E+00-4.829268473E+00-4.898318489E+00-4.965161619E+00
-5.029796761E+00-5.092226084E+00-5.152454685E+00-5.210490353E+00-5.266343203E+00
-5.320025442E+00-5.371550984E+00-5.420935117E+00-5.468194234E+00-5.513345290E+00
-5.556405570E+00-5.597392105E+00-5.636321232E+00-5.673208025E+00-5.708065622E+00
-5.740904545E+00-5.771731576E+00-5.800549506E+00-5.827352579E+00-5.852122367E+00
-5.874829010E+00-5.895429240E+00-5.913864440E+00-5.930058884E+00-5.943917489E+00
-5.955323817E+00-5.964137442E+00-5.970191604E+00-5.973291136E+00-5.973210799E+00
-5.969694619E+00-5.962456609E+00-5.951183538E+00-5.935539579E+00-5.915173348E+00
-5.889727084E+00-5.858846824E+00-5.822193312E+00-5.779452891E+00-5.730347828E+00
-5.674645520E+00-5.612148183E+00-5.542694231E+00-5.466158663E+00-5.382453196E+00
-5.291526093E+00-5.193361891E+00-5.087981129E+00-4.975439925E+00-4.855829680E+00
-4.729276675E+00-4.595941935E+00-4.456044479E+00-4.310051839E+00-4.158652507E+00
-4.002636623E+00-3.842764567E+00-3.679558594E+00-3.512519895E+00-3.337082223E+00
-3.149736471E+00-2.963180861E+00-2.777659875E+00-2.593285069E+00-2.410122807E+00
-2.228227696E+00-2.047656257E+00-1.868474017E+00-1.690759896E+00-1.514609900E+00
-1.340140656E+00-1.167492976E+00-9.968354873E-01-8.283682788E-01-6.623263469E-01
-4.989825511E-01-3.386496448E-01-1.816807814E-01-2.846783156E-02 1.205631741E-01
 2.649600006E-01 4.042557260E-01 5.379834334E-01-1.683278591E+00-1.737600635E+00
-1.793338317E+00-1.850526540E+00-1.909150060E+00-1.968689669E+00-2.029139887E+00
-2.090517107E+00-2.152836698E+00-2.216115206E+00-2.280370051E+00-2.345619430E+00
-2.411881963E+00-2.479176639E+00-2.547522740E+00-2.616939643E+00-2.687446879E+00
-2.759064078E+00-2.831810907E+00-2.905707092E+00-2.980772437E+00-3.057026804E+00
-3.134490364E+00-3.213183909E+00-3.293408288E+00-3.374594743E+00-3.456286012E+00
-3.538373428E+00-3.621032878E+00-3.704458752E+00-3.788766965E+00-3.873867936E+00
-3.959529257E+00-4.045456722E+00-4.131304044E+00-4.216691740E+00-4.301229146E+00
-4.384537536E+00-4.466273392E+00-4.546151579E+00-4.623968210E+00-4.699622931E+00
-4.773092722E+00-4.844365899E+00-4.913434865E+00-4.980295842E+00-5.044948637E+00
-5.107396407E+00-5.167645276E+00-5.225704197E+00-5.281584504E+00-5.335299781E+00
-5.386865434E+00-5.436298475E+00-5.483617138E+00-5.528840567E+00-5.571988451E+00
-5.613080573E+00-5.652136484E+00-5.689174943E+00-5.724213387E+00-5.757267338E+00
-5.788349470E+00-5.817469218E+00-5.844624277E+00-5.869802439E+00-5.892980451E+00
-5.914122234E+00-5.933177154E+00-5.950078245E+00-5.964740053E+00-5.977056138E+00
-5.986896462E+00-5.994105116E+00-5.998497318E+00-5.999856548E+00-5.997932628E+00
-5.992441431E+00-5.983066450E+00-5.969463488E+00-5.951267887E+00-5.928103380E+00
-5.899593005E+00-5.865371444E+00-5.825097154E+00-5.778463610E+00-5.725209838E+00
-5.665127496E+00-5.598046046E+00-5.523833392E+00-5.442395770E+00-5.353677392E+00
-5.257660006E+00-5.154362425E+00-5.043840011E+00-4.926184340E+00-4.801522663E+00
-4.670017708E+00-4.531866948E+00-4.387407934E+00-4.237259164E+00-4.082206829E+00
-3.923077985E+00-3.760580925E+00-3.594967028E+00-3.424235585E+00-3.241275408E+00
-3.053438832E+00-2.867246602E+00-2.682632972E+00-2.499604393E+00-2.318197373E+00
-2.138465489E+00-1.960476252E+00-1.784311909E+00-1.610071141E+00-1.437871269E+00
-1.267850415E+00-1.100169604E+00-9.350145877E-01-7.725973013E-01-6.131566727E-01
-4.569585622E-01-3.042945033E-01-1.554789331E-01-1.084469161E-02 1.292633862E-01
 2.644966984E-01 3.945126619E-01-1.685242685E+00-1.739714494E+00-1.795615699E+00
-1.852970267E+00-1.911712281E+00-1.971446846E+00-2.032107712E+00-2.093708352E+00
-2.156263762E+00-2.219790046E+00-2.284304216E+00-2.349823945E+00-2.416367388E+00
-2.483953129E+00-2.552600061E+00-2.622327289E+00-2.693154112E+00-2.765100025E+00
-2.838184734E+00-2.912428100E+00-2.987850256E+00-3.064471665E+00-3.142313157E+00
-3.221396202E+00-3.301985763E+00-3.383495817E+00-3.465499815E+00-3.547927842E+00
-3.630966774E+00-3.714800363E+00-3.799531463E+00-3.885035887E+00-3.971072543E+00
-4.057337345E+00-4.143475906E+00-4.229103200E+00-4.313826181E+00-4.397267266E+00
-4.479087917E+00-4.559012241E+00-4.636850129E+00-4.712518046E+00-4.785997622E+00
-4.857277697E+00-4.926351275E+00-4.993215352E+00-5.057870433E+00-5.120320490E+00
-5.180572537E+00-5.238636379E+00-5.294524457E+00-5.348251419E+00-5.399833968E+00
-5.449290494E+00-5.496640800E+00-5.541905813E+00-5.585107275E+00-5.626267333E+00
-5.665408252E+00-5.702551986E+00-5.737719734E+00-5.770931300E+00-5.802205323E+00
-5.831554458E+00-5.858980429E+00-5.884476280E+00-5.908024318E+00-5.929594704E+00
-5.949143801E+00-5.966612545E+00-5.981924011E+00-5.994981196E+00-6.005665395E+00
-6.013832637E+00-6.019308933E+00-6.021887278E+00-6.021325185E+00-6.017343197E+00
-6.009625293E+00-5.997821791E+00-5.981555612E+00-5.960433110E+00-5.934056955E+00
-5.902037589E+00-5.864007253E+00-5.819632465E+00-5.768624933E+00-5.710753777E+00
-5.645841929E+00-5.573751870E+00-5.494385880E+00-5.407685323E+00-5.313630145E+00
-5.212238309E+00-5.103565116E+00-4.987702782E+00-4.864780030E+00-4.734961586E+00
-4.598448216E+00-4.455498527E+00-4.306633650E+00-4.152608072E+00-3.994277392E+00
-3.832455781E+00-3.667685257E+00-3.499316044E+00-3.322126192E+00-3.133987372E+00
-2.947414109E+00-2.762595333E+00-2.579627172E+00-2.398575433E+00-2.219501307E+00
-2.042472363E+00-1.867568022E+00-1.694882260E+00-1.524525580E+00-1.356626285E+00
-1.191331449E+00-1.028807542E+00-8.692406131E-01-7.128359402E-01-5.598169769E-01
-4.104234536E-01-2.649085077E-01-1.235347403E-01 1.343077790E-02 1.457225022E-01
 2.730831823E-01-1.687151378E+00-1.741759900E+00-1.797799155E+00-1.855294917E+00
-1.914160336E+00-1.974049451E+00-2.034874907E+00-2.096648681E+00-2.159386392E+00
-2.223104606E+00-2.287820609E+00-2.353552130E+00-2.420317345E+00-2.488134702E+00
-2.557022860E+00-2.627000750E+00-2.698087518E+00-2.770302502E+00-2.843665351E+00
-2.918195925E+00-2.993914417E+00-3.070841423E+00-3.148997929E+00-3.228405445E+00
-3.309293686E+00-3.391068122E+00-3.473330572E+00-3.556042862E+00-3.639398436E+00
-3.723571397E+00-3.808651092E+00-3.894487253E+00-3.980830746E+00-4.067369271E+00
-4.153741733E+00-4.239558768E+00-4.324425683E+00-4.407966251E+00-4.489846660E+00
-4.569799333E+00-4.647646464E+00-4.723317927E+00-4.796797774E+00-4.868075311E+00
-4.937144064E+00-5.004001553E+00-5.068648961E+00-5.131090821E+00-5.191334884E+00
-5.249391693E+00-5.305274480E+00-5.358998846E+00-5.410582461E+00-5.460044878E+00
-5.507407158E+00-5.552691723E+00-5.595921960E+00-5.637121993E+00-5.676316374E+00
-5.713529691E+00-5.748786381E+00-5.782109907E+00-5.813523756E+00-5.843042228E+00
-5.870671001E+00-5.896407167E+00-5.920237608E+00-5.942137561E+00-5.962069337E+00
-5.979980307E+00-5.995800869E+00-6.009443884E+00-6.020801575E+00-6.029739563E+00
-6.036094012E+00-6.039670649E+00-6.040239272E+00-6.037527574E+00-6.031219087E+00
-6.020958317E+00-6.006360280E+00-5.987017066E+00-5.962510284E+00-5.932428963E+00
-5.896381453E+00-5.854009838E+00-5.805001971E+00-5.749100368E+00-5.686116994E+00
-5.615910763E+00-5.538381475E+00-5.453468908E+00-5.361152191E+00-5.261449093E+00
-5.154415325E+00-5.040144030E+00-4.918765309E+00-4.790445766E+00-4.655388318E+00
-4.513832468E+00-4.366194048E+00-4.213177071E+00-4.055640526E+00-3.894460725E+00
-3.730349063E+00-3.563386497E+00-3.390639363E+00-3.205098419E+00-3.017532911E+00
-2.832228969E+00-2.649149661E+00-2.468298824E+00-2.289705794E+00-2.113419693E+00
-1.939506984E+00-1.768050668E+00-1.599149940E+00-1.432920053E+00-1.269492126E+00
-1.109012812E+00-9.516436637E-01-7.975601462E-01-6.469501265E-01-5.000118370E-01
-3.569511986E-01-2.179785118E-01-8.330453367E-02 4.686398890E-02 1.723291761E-01
-1.688928440E+00-1.743644893E+00-1.799797550E+00-1.857412589E+00-1.916470859E+00
-1.976478107E+00-2.037419651E+00-2.099314300E+00-2.162179513E+00-2.226033232E+00
-2.290893614E+00-2.356778990E+00-2.423707671E+00-2.491698123E+00-2.560768930E+00
-2.630938790E+00-2.702226616E+00-2.774651552E+00-2.848233052E+00-2.922990804E+00
-2.998944922E+00-3.076115828E+00-3.154524471E+00-3.234192183E+00-3.315316011E+00
-3.397299197E+00-3.479768053E+00-3.562709304E+00-3.646319900E+00-3.730765866E+00
-3.816123469E+00-3.902223527E+00-3.988809990E+00-4.075563815E+00-4.162118577E+00
-4.248081542E+00-4.333056930E+00-4.416669929E+00-4.498590896E+00-4.578559419E+00
-4.656408138E+00-4.732077102E+00-4.805551504E+00-4.876821057E+00-4.945879734E+00
-5.012725462E+00-5.077359867E+00-5.139787989E+00-5.200018101E+00-5.258061365E+00
-5.313931615E+00-5.367645188E+00-5.419220529E+00-5.468678082E+00-5.516039936E+00
-5.561329655E+00-5.604571964E+00-5.645792537E+00-5.685017785E+00-5.722274430E+00
-5.757589542E+00-5.790989802E+00-5.822501680E+00-5.852140969E+00-5.879916426E+00
-5.905828227E+00-5.929866740E+00-5.952011136E+00-5.972228221E+00-5.990470173E+00
-6.006673918E+00-6.020760554E+00-6.032628407E+00-6.042149744E+00-6.049174837E+00
-6.053527801E+00-6.054995698E+00-6.053317229E+00-6.048176952E+00-6.039209046E+00
-6.026011513E+00-6.008164739E+00-5.985238068E+00-5.956799524E+00-5.922437653E+00
-5.881773127E+00-5.834472833E+00-5.780260590E+00-5.718925727E+00-5.650326619E+00
-5.574361960E+00-5.490970984E+00-5.400132725E+00-5.301865243E+00-5.196224963E+00
-5.083306021E+00-4.963239734E+00-4.836194123E+00-4.702373655E+00-4.562018782E+00
-4.415468080E+00-4.263363089E+00-4.106547568E+00-3.945927438E+00-3.782308169E+00
-3.616084590E+00-3.445672869E+00-3.263860828E+00-3.075790466E+00-2.890201564E+00
-2.707065907E+00-2.526379679E+00-2.348161752E+00-2.172451114E+00-1.999304734E+00
-1.828796019E+00-1.661013620E+00-1.496060559E+00-1.334053392E+00-1.175121306E+00
-1.019405070E+00-8.670557218E-01-7.182329276E-01-5.731029924E-01-4.318364662E-01
-2.946053697E-01-1.615800575E-01-3.292579895E-02 9.120085127E-02-1.690810678E+00
-1.745639127E+00-1.801888292E+00-1.859581234E+00-1.918662286E+00-1.978729229E+00
-2.039730436E+00-2.101687305E+00-2.164620648E+00-2.228550635E+00-2.293496684E+00
-2.359477608E+00-2.426511914E+00-2.494617874E+00-2.563813799E+00-2.634118040E+00
-2.705549140E+00-2.778125877E+00-2.851867336E+00-2.926792952E+00-3.002922549E+00
-3.080276299E+00-3.158874915E+00-3.238739499E+00-3.320038846E+00-3.402177999E+00
-3.484802801E+00-3.567918525E+00-3.651723765E+00-3.736378131E+00-3.821946345E+00
-3.908246123E+00-3.995015740E+00-4.081930937E+00-4.168621243E+00-4.254691441E+00
-4.339745016E+00-4.423408454E+00-4.505355521E+00-4.585331621E+00-4.663177744E+00
-4.738841146E+00-4.812307604E+00-4.883567139E+00-4.952613996E+00-5.019446450E+00
-5.084066458E+00-5.146479427E+00-5.206693999E+00-5.264721780E+00-5.320577129E+00
-5.374276828E+00-5.425839961E+00-5.475287632E+00-5.522642704E+00-5.567929594E+00
-5.611174035E+00-5.652402940E+00-5.691644039E+00-5.728925797E+00-5.764277201E+00
-5.797727687E+00-5.829305099E+00-5.859026799E+00-5.886903637E+00-5.912937999E+00
-5.937122693E+00-5.959439682E+00-5.979858735E+00-5.998335402E+00-6.014811745E+00
-6.029212911E+00-6.041439125E+00-6.051371374E+00-6.058876246E+00-6.063797212E+00
-6.065939203E+00-6.065053725E+00-6.060829697E+00-6.052894148E+00-6.040826322E+00
-6.024183316E+00-6.002523679E+00-5.975405185E+00-5.942398669E+00-5.903108758E+00
-5.857185329E+00-5.804336075E+00-5.744333722E+00-5.677030151E+00-5.602324155E+00
-5.520155413E+00-5.430503463E+00-5.333387081E+00-5.228863488E+00-5.117027709E+00
-4.998012053E+00-4.871985545E+00-4.739153680E+00-4.599758093E+00-4.454097539E+00
-4.302748936E+00-4.146531743E+00-3.986362597E+00-3.823100875E+00-3.657295048E+00
-3.488125636E+00-3.309727211E+00-3.121398649E+00-2.935698619E+00-2.752592783E+00
-2.572076183E+00-2.394166702E+00-2.218901235E+00-2.046333107E+00-1.876530399E+00
-1.709574666E+00-1.545559847E+00-1.384591263E+00-1.226784546E+00-1.072264461E+00
-9.211635109E-01-7.736203477E-01-6.297778951E-01-4.897812415E-01-3.537752836E-01
-2.219021528E-01-9.429847887E-02 2.890742478E-02-1.692710161E+00-1.747656216E+00
-1.803980559E+00-1.861706765E+00-1.920758124E+00-1.980811809E+00-2.041799433E+00
-2.103748125E+00-2.166683250E+00-2.230626743E+00-2.295598447E+00-2.361616905E+00
-2.428700042E+00-2.496865412E+00-2.566130630E+00-2.636513367E+00-2.708031549E+00
-2.780703408E+00-2.854547507E+00-2.929582857E+00-3.005828891E+00-3.083305453E+00
-3.162032908E+00-3.242032086E+00-3.323449808E+00-3.405694430E+00-3.488425982E+00
-3.571662522E+00-3.655603170E+00-3.740402904E+00-3.826117356E+00-3.912555720E+00
-3.999452083E+00-4.086478447E+00-4.173261511E+00-4.259404296E+00-4.344509880E+00
-4.428205716E+00-4.510168169E+00-4.590146807E+00-4.667988764E+00-4.743646004E+00
-4.817104595E+00-4.888354713E+00-4.957390873E+00-5.024211507E+00-5.088818824E+00
-5.151218461E+00-5.211419352E+00-5.269433395E+00-5.325275239E+00-5.378962071E+00
-5.430513365E+00-5.479950688E+00-5.527297409E+00-5.572578583E+00-5.615820659E+00
-5.657051347E+00-5.696299383E+00-5.733594394E+00-5.768966746E+00-5.802447906E+00
-5.834066242E+00-5.863840376E+00-5.891782478E+00-5.917896382E+00-5.942176412E+00
-5.964606311E+00-5.985157517E+00-6.003787767E+00-6.020442148E+00-6.035046561E+00
-6.047502646E+00-6.057700615E+00-6.065521470E+00-6.070824689E+00-6.073430220E+00
-6.073101215E+00-6.069532097E+00-6.062346890E+00-6.051111449E+00-6.035360878E+00
-6.014634076E+00-5.988485080E+00-5.956473794E+00-5.918193240E+00-5.873281124E+00
-5.821433340E+00-5.762412750E+00-5.696060637E+00-5.622277188E+00-5.541002973E+00
-5.452218325E+00-5.355942738E+00-5.252234129E+00-5.141188221E+00-5.022937924E+00
-4.897652806E+00-4.765538613E+00-4.626836844E+00-4.481830580E+00-4.331042345E+00
-4.175266583E+00-4.015419853E+00-3.852389165E+00-3.686808191E+00-3.518272955E+00
-3.342072966E+00-3.153832047E+00-2.968218962E+00-2.785235784E+00-2.604899837E+00
-2.427242220E+00-2.252306901E+00-2.080149938E+00-1.910838910E+00-1.744452280E+00
-1.581078664E+00-1.420816064E+00-1.263770924E+00-1.110056998E+00-9.597940645E-01
-8.131064127E-01-6.701211496E-01-5.309663078E-01-3.957687864E-01-2.646521556E-01
-1.377343772E-01-1.512547376E-02-1.694640307E+00-1.749733942E+00-1.806115552E+00
-1.863801202E+00-1.922804170E+00-1.982728947E+00-2.043600869E+00-2.105458062E+00
-2.168324282E+00-2.232218577E+00-2.297158018E+00-2.363158862E+00-2.430237096E+00
-2.498408803E+00-2.567690298E+00-2.638098206E+00-2.709649581E+00-2.782361918E+00
-2.856253143E+00-2.931341722E+00-3.007646585E+00-3.085187228E+00-3.163983607E+00
-3.244056263E+00-3.325537697E+00-3.407839230E+00-3.490629495E+00-3.573934010E+00
-3.657951875E+00-3.742835242E+00-3.828633849E+00-3.915152047E+00-4.002121345E+00
-4.089211499E+00-4.176047463E+00-4.262231250E+00-4.347365666E+00-4.431078807E+00
-4.513048545E+00-4.593027067E+00-4.670865168E+00-4.746517467E+00-4.819970109E+00
-4.891213445E+00-4.960242048E+00-5.027054505E+00-5.091653102E+00-5.154043632E+00
-5.214235183E+00-5.272239828E+00-5.328072390E+00-5.381750270E+00-5.433293193E+00
-5.482722959E+00-5.530063286E+00-5.575339557E+00-5.618578669E+00-5.659808775E+00
-5.699059253E+00-5.736360368E+00-5.771743338E+00-5.805240794E+00-5.836881318E+00
-5.866684304E+00-5.894662621E+00-5.920820938E+00-5.945154372E+00-5.967647557E+00
-5.988272783E+00-6.006988952E+00-6.023742466E+00-6.038458685E+00-6.051040916E+00
-6.061386112E+00-6.069384792E+00-6.074906837E+00-6.077782040E+00-6.077781478E+00
-6.074604030E+00-6.067872966E+00-6.057146776E+00-6.041946458E+00-6.021794558E+00
-5.996239394E+00-5.964837481E+00-5.927174400E+00-5.882880997E+00-5.831646209E+00
-5.773226796E+00-5.707455803E+00-5.634235106E+00-5.553505952E+00-5.465249235E+00
-5.369484991E+00-5.266271604E+00-5.155705185E+00-5.037918931E+00-4.913082588E+00
-4.781401805E+00-4.643117672E+00-4.498508058E+00-4.348060745E+00-4.192551457E+00
-4.032892977E+00-3.869983726E+00-3.704496479E+00-3.536228938E+00-3.361115776E+00
-3.173094322E+00-2.987637534E+00-2.804791740E+00-2.624601741E+00-2.447115574E+00
-2.272387009E+00-2.100477337E+00-1.931456025E+00-1.765401027E+00-1.602398647E+00
-1.442543062E+00-1.285935580E+00-1.132683682E+00-9.828998137E-01-8.367000014E-01
-6.942022716E-01-5.555249121E-01-4.207845929E-01-2.900943992E-01-1.635617872E-01
-4.128653655E-02-1.696892481E+00-1.752267052E+00-1.808698886E+00-1.866200327E+00
-1.924765618E+00-1.984381722E+00-2.045037647E+00-2.106732324E+00-2.169471682E+00
-2.233264925E+00-2.298123039E+00-2.364058292E+00-2.431083820E+00-2.499213653E+00
-2.568462458E+00-2.638845661E+00-2.710379266E+00-2.783079939E+00-2.856964925E+00
-2.932052089E+00-3.008359859E+00-3.085907302E+00-3.164713990E+00-3.244800133E+00
-3.326292709E+00-3.408604183E+00-3.491406131E+00-3.574726536E+00-3.658764340E+00
-3.743670572E+00-3.829492819E+00-3.916033747E+00-4.003023953E+00-4.090132360E+00
-4.176983302E+00-4.263178406E+00-4.348320399E+00-4.432037531E+00-4.514008180E+00
-4.593985365E+00-4.671821082E+00-4.747470785E+00-4.820920675E+00-4.892161046E+00
-4.961186549E+00-5.027995731E+00-5.092590976E+00-5.154978076E+00-5.215166179E+00
-5.273167355E+00-5.328996545E+00-5.382671189E+00-5.434211070E+00-5.483638104E+00
-5.530976086E+00-5.576250536E+00-5.619488446E+00-5.660718165E+00-5.699969224E+00
-5.737272180E+00-5.772658444E+00-5.806161074E+00-5.837808709E+00-5.867620977E+00
-5.895610998E+00-5.921783635E+00-5.946134334E+00-5.968647961E+00-5.989297041E+00
-6.008040842E+00-6.024826115E+00-6.039577833E+00-6.052200155E+00-6.062592360E+00
-6.070648318E+00-6.076241459E+00-6.079205002E+00-6.079312817E+00-6.076265448E+00
-6.069686126E+00-6.059130979E+00-6.044116390E+00-6.024158785E+00-5.998803477E+00
-5.967606458E+00-5.930150810E+00-5.886065168E+00-5.835036166E+00-5.776818411E+00
-5.711242101E+00-5.638209633E+00-5.557662489E+00-5.469581813E+00-5.373987798E+00
-5.270938981E+00-5.160531571E+00-5.042898901E+00-4.918210638E+00-4.786672432E+00
-4.648525121E+00-4.504045412E+00-4.353709343E+00-4.198285741E+00-4.038685489E+00
-3.875809761E+00-3.710342278E+00-3.542138992E+00-3.367334159E+00-3.179412711E+00
-2.994024130E+00-2.811232534E+00-2.631094273E+00-2.453664628E+00-2.279001791E+00
-2.107169492E+00-1.938238322E+00-1.772286425E+00-1.609399537E+00-1.449670739E+00
-1.293199772E+00-1.140092151E+00-9.904580058E-01-8.444107383E-01-7.020654951E-01
-5.635374696E-01-4.289400977E-01-2.983831413E-01-1.719707408E-01-4.979944961E-02
-1.698496841E+00-1.754044824E+00-1.810492401E+00-1.867846016E+00-1.926135680E+00
-1.985491045E+00-2.045931709E+00-2.107446663E+00-2.170033116E+00-2.233693993E+00
-2.298435845E+00-2.364267720E+00-2.431200393E+00-2.499246051E+00-2.568417968E+00
-2.638730425E+00-2.710198497E+00-2.782838054E+00-2.856665722E+00-2.931698785E+00
-3.007955225E+00-3.085453644E+00-3.164213323E+00-3.244254104E+00-3.325706627E+00
-3.407982176E+00-3.490749672E+00-3.574034655E+00-3.658035817E+00-3.742904864E+00
-3.828691051E+00-3.915198436E+00-4.002158317E+00-4.089240255E+00-4.176069069E+00
-4.262246655E+00-4.347375723E+00-4.431084291E+00-4.513050134E+00-4.593025343E+00
-4.670860673E+00-4.746510627E+00-4.819961331E+00-4.891203059E+00-4.960230345E+00
-5.027041716E+00-5.091639441E+00-5.154029312E+00-5.214220340E+00-5.272224598E+00
-5.328056908E+00-5.381734633E+00-5.433277478E+00-5.482707244E+00-5.530047648E+00
-5.575324075E+00-5.618563361E+00-5.659793700E+00-5.699044448E+00-5.736345874E+00
-5.771729174E+00-5.805226959E+00-5.836867870E+00-5.866671225E+00-5.894649929E+00
-5.920808634E+00-5.945142455E+00-5.967636028E+00-5.988261642E+00-6.006978179E+00
-6.023732042E+00-6.038448590E+00-6.051031131E+00-6.061376579E+00-6.069375471E+00
-6.074897594E+00-6.077772758E+00-6.077772003E+00-6.074594226E+00-6.067862638E+00
-6.057135751E+00-6.041934580E+00-6.021781653E+00-5.996225326E+00-5.964822018E+00
-5.927157329E+00-5.882862084E+00-5.831625165E+00-5.773203311E+00-5.707429547E+00
-5.634205711E+00-5.553472991E+00-5.465212282E+00-5.369443504E+00-5.266225041E+00
-5.155652963E+00-5.037860432E+00-4.913017132E+00-4.781328695E+00-4.643036172E+00
-4.498417451E+00-4.347960468E+00-4.192441066E+00-4.032772122E+00-3.869852019E+00
-3.704353359E+00-3.536072410E+00-3.360938320E+00-3.172901578E+00-2.987429462E+00
-2.804567856E+00-2.624361348E+00-2.446857838E+00-2.272111117E+00-2.100182513E+00
-1.931141557E+00-1.765066347E+00-1.602043324E+00-1.442166832E+00-1.285538368E+00
-1.132265614E+00-9.824612407E-01-8.362415087E-01-6.937246865E-01-5.550293160E-01
-4.202723228E-01-2.895670419E-01-1.630211780E-01-4.073474472E-02-1.699272441E+00
-1.754864489E+00-1.811290223E+00-1.868553664E+00-1.926692064E+00-1.985880797E+00
-2.046151369E+00-2.107501423E+00-2.169931327E+00-2.233444415E+00-2.298046635E+00
-2.363746029E+00-2.430552363E+00-2.498476875E+00-2.567531986E+00-2.637731183E+00
-2.709088902E+00-2.781620412E+00-2.855341797E+00-2.930269932E+00-3.006422336E+00
-3.083817301E+00-3.162473777E+00-3.242411374E+00-3.323773271E+00-3.405967745E+00
-3.488655349E+00-3.571854201E+00-3.655762624E+00-3.740534707E+00-3.826225229E+00
-3.912642743E+00-3.999520949E+00-4.086531502E+00-4.173300828E+00-4.259431696E+00
-4.344527048E+00-4.428214107E+00-4.510169080E+00-4.590141420E+00-4.667978068E+00
-4.743630871E+00-4.817085741E+00-4.888332817E+00-4.957366458E+00-5.024185077E+00
-5.088790765E+00-5.151189124E+00-5.211389046E+00-5.269402372E+00-5.325243731E+00
-5.378930273E+00-5.430481470E+00-5.479918812E+00-5.527265708E+00-5.572547153E+00
-5.615789617E+00-5.657020770E+00-5.696269367E+00-5.733564980E+00-5.768938010E+00
-5.802419848E+00-5.834038920E+00-5.863813810E+00-5.891756667E+00-5.917871347E+00
-5.942152172E+00-5.964582826E+00-5.985134807E+00-6.003765774E+00-6.020420853E+00
-6.035025924E+00-6.047482610E+00-6.057681102E+00-6.065502345E+00-6.070805758E+00
-6.073411250E+00-6.073081916E+00-6.069512177E+00-6.062326021E+00-6.051089320E+00
-6.035337179E+00-6.014608498E+00-5.988457273E+00-5.956443391E+00-5.918159756E+00
-5.873244094E+00-5.821392241E+00-5.762366962E+00-5.696009500E+00-5.622219967E+00
-5.540938835E+00-5.452146339E+00-5.355861896E+00-5.252143347E+00-5.141086317E+00
-5.022823618E+00-4.897524761E+00-4.765395416E+00-4.626677041E+00-4.481652678E+00
-4.330845240E+00-4.175049326E+00-4.015181630E+00-3.852129008E+00-3.686524587E+00
-3.517960866E+00-3.341715361E+00-3.153446442E+00-2.967804194E+00-2.784790206E+00
-2.604421570E+00-2.426729345E+00-2.251757520E+00-2.079562364E+00-1.910211644E+00
-1.743784070E+00-1.580368569E+00-1.420063488E+00-1.262975652E+00-1.109219237E+00
-9.589144692E-01-8.121861196E-01-6.691617979E-01-5.299700523E-01-3.947383070E-01
-2.635906572E-01-1.366455742E-01-1.401356911E-02-1.699376246E+00-1.754947906E+00
-1.811323312E+00-1.868497756E+00-1.926489429E+00-1.985540844E+00-2.045662076E+00
-2.106855776E+00-2.169126497E+00-2.232480014E+00-2.296923457E+00-2.362465412E+00
-2.429115720E+00-2.496885448E+00-2.565786743E+00-2.635832764E+00-2.707037558E+00
-2.779416047E+00-2.852983945E+00-2.927757799E+00-3.003754837E+00-3.080993021E+00
-3.159491109E+00-3.239268496E+00-3.320489035E+00-3.402557423E+00-3.485120161E+00
-3.568182655E+00-3.651942397E+00-3.736557738E+00-3.822092216E+00-3.908362657E+00
-3.995106735E+00-4.081999726E+00-4.168670771E+00-4.254724304E+00-4.339763560E+00
-4.423414771E+00-4.505351471E+00-4.585318812E+00-4.663157611E+00-4.738814890E+00
-4.812276252E+00-4.883531582E+00-4.952575009E+00-5.019404692E+00-5.084022491E+00
-5.146433716E+00-5.206646990E+00-5.264673841E+00-5.320528570E+00-5.374227920E+00
-5.425790937E+00-5.475238724E+00-5.522594048E+00-5.567881384E+00-5.611126425E+00
-5.652356028E+00-5.691597960E+00-5.728880628E+00-5.764233021E+00-5.797684534E+00
-5.829263051E+00-5.858985855E+00-5.886863856E+00-5.912899380E+00-5.937085237E+00
-5.959403388E+00-5.979823585E+00-5.998301337E+00-6.014778727E+00-6.029180880E+00
-6.041407986E+00-6.051341030E+00-6.058846502E+00-6.063767798E+00-6.065909788E+00
-6.065023961E+00-6.060799158E+00-6.052862447E+00-6.040792994E+00-6.024147953E+00
-6.002485874E+00-5.975364396E+00-5.942354334E+00-5.903060219E+00-5.857131887E+00
-5.804276936E+00-5.744268014E+00-5.676956886E+00-5.602242209E+00-5.520063546E+00
-5.430400318E+00-5.333271147E+00-5.228733099E+00-5.116881102E+00-4.997847308E+00
-4.871800667E+00-4.738946519E+00-4.599526400E+00-4.453839164E+00-4.302462134E+00
-4.146215023E+00-3.986014466E+00-3.822719513E+00-3.656877451E+00-3.487662037E+00
-3.309189379E+00-3.120823651E+00-2.935082464E+00-2.751931596E+00-2.571366262E+00
-2.393404598E+00-2.218083770E+00-2.045457415E+00-1.875593992E+00-1.708575488E+00
-1.544496310E+00-1.383462307E+00-1.225589701E+00-1.071003899E+00-9.198381052E-01
-7.722317085E-01-6.283284213E-01-4.882741459E-01-3.522146082E-01-2.202927671E-01
-9.264607001E-02 3.059639078E-02-1.698805932E+00-1.754313424E+00-1.810604523E+00
-1.867680857E+00-1.925592406E+00-1.984507867E+00-2.044477531E+00-2.105509354E+00
-2.167610602E+00-2.230789104E+00-2.295053464E+00-2.360413138E+00-2.426878588E+00
-2.494461113E+00-2.563172977E+00-2.633027300E+00-2.704037993E+00-2.776219823E+00
-2.849588291E+00-2.924159693E+00-2.999951003E+00-3.076980011E+00-3.155265240E+00
-3.234825932E+00-3.315853475E+00-3.397750259E+00-3.480143330E+00-3.563019552E+00
-3.646574613E+00-3.730972969E+00-3.816289511E+00-3.902353896E+00-3.988909356E+00
-4.075636285E+00-4.162167756E+00-4.248110666E+00-4.333068847E+00-4.416667217E+00
-4.498575820E+00-4.578533976E+00-4.656374035E+00-4.732035770E+00-4.805504205E+00
-4.876768855E+00-4.945823521E+00-5.012666032E+00-5.077297899E+00-5.139724044E+00
-5.199952703E+00-5.257994920E+00-5.313864512E+00-5.367577755E+00-5.419153038E+00
-5.468610804E+00-5.515973066E+00-5.561263405E+00-5.604506508E+00-5.645728050E+00
-5.684954383E+00-5.722212249E+00-5.757528659E+00-5.790930295E+00-5.822443607E+00
-5.852084368E+00-5.879861356E+00-5.905774707E+00-5.929814790E+00-5.951960736E+00
-5.972179333E+00-5.990422757E+00-6.006627917E+00-6.020715870E+00-6.032584925E+00
-6.042107327E+00-6.049133273E+00-6.053486799E+00-6.054954890E+00-6.053276188E+00
-6.048135233E+00-6.039166184E+00-6.025967023E+00-6.008118137E+00-5.985188772E+00
-5.956746876E+00-5.922380936E+00-5.881711546E+00-5.834405459E+00-5.780186414E+00
-5.718843607E+00-5.650235255E+00-5.574259900E+00-5.490856581E+00-5.400004158E+00
-5.301720515E+00-5.196061885E+00-5.083122228E+00-4.963032670E+00-4.835961074E+00
-4.702111754E+00-4.561724985E+00-4.415139618E+00-4.262997636E+00-4.106142934E+00
-3.945481395E+00-3.781817830E+00-3.615544858E+00-3.445066558E+00-3.263155790E+00
-3.075039388E+00-2.889396927E+00-2.706201298E+00-2.525449401E+00-2.347160651E+00
-2.171374558E+00-1.998148595E+00-1.827556634E+00-1.659687930E+00-1.494646137E+00
-1.332548519E+00-1.173525065E+00-1.017717426E+00-8.652775978E-01-7.163662887E-01
-5.711509080E-01-4.298031565E-01-2.924962450E-01-1.594017263E-01-3.068605143E-02
 9.349308435E-02-1.697744051E+00-1.753159675E+00-1.809342623E+00-1.866294491E+00
-1.924060514E+00-1.982821957E+00-2.042625345E+00-2.103479654E+00-2.165393738E+00
-2.228376803E+00-2.292438536E+00-2.357589304E+00-2.423840152E+00-2.491202843E+00
-2.559689874E+00-2.629314461E+00-2.700090574E+00-2.772032883E+00-2.845156772E+00
-2.919478325E+00-2.995014361E+00-3.071782397E+00-3.149800783E+00-3.229088645E+00
-3.309869866E+00-3.391548385E+00-3.473726757E+00-3.556366926E+00-3.639660938E+00
-3.723781193E+00-3.808815527E+00-3.894612332E+00-3.980921741E+00-4.067430774E+00
-4.153777794E+00-4.239572972E+00-4.324421265E+00-4.407946079E+00-4.489813254E+00
-4.569754920E+00-4.647592886E+00-4.723256772E+00-4.796730400E+00-4.868002801E+00
-4.937067427E+00-5.003921642E+00-5.068566453E+00-5.131006356E+00-5.191248947E+00
-5.249304767E+00-5.305186973E+00-5.358911106E+00-5.410494779E+00-5.459957545E+00
-5.507320407E+00-5.552605785E+00-5.595837030E+00-5.637038264E+00-5.676233963E+00
-5.713448772E+00-5.748707070E+00-5.782032302E+00-5.813447895E+00-5.842968208E+00
-5.870598879E+00-5.896336963E+00-5.920169362E+00-5.942071253E+00-5.962004947E+00
-5.979917835E+00-5.995740199E+00-6.009384938E+00-6.020744199E+00-6.029683601E+00
-6.036039253E+00-6.039616781E+00-6.040185985E+00-6.037474442E+00-6.031165664E+00
-6.020904158E+00-6.006304861E+00-5.986959845E+00-5.962450583E+00-5.932366046E+00
-5.896314525E+00-5.853937929E+00-5.804924017E+00-5.749015147E+00-5.686023150E+00
-5.615806707E+00-5.538265387E+00-5.453338790E+00-5.361005816E+00-5.261283942E+00
-5.154228703E+00-5.039932974E+00-4.918526641E+00-4.790176094E+00-4.655084019E+00
-4.513489744E+00-4.365809586E+00-4.212747887E+00-4.055163790E+00-3.893933318E+00
-3.729766857E+00-3.562740520E+00-3.389900221E+00-3.204258226E+00-3.016631466E+00
-2.831257572E+00-2.648100620E+00-2.467165046E+00-2.288480770E+00-2.112097337E+00
-1.938081755E+00-1.766517599E+00-1.597504732E+00-1.431159173E+00-1.267612925E+00
-1.107013637E+00-9.495239939E-01-7.953207062E-01-6.445930148E-01-4.975406248E-01
-3.543710209E-01-2.152961273E-01-8.052835964E-02 4.972388739E-02 1.752611303E-01
-1.696226951E+00-1.751518284E+00-1.807574544E+00-1.864370776E+00-1.921935461E+00
-1.980520396E+00-2.040136271E+00-2.100791363E+00-2.162495341E+00-2.225258300E+00
-2.289090724E+00-2.354003637E+00-2.420008628E+00-2.487117885E+00-2.555344158E+00
-2.624700875E+00-2.695202065E+00-2.766862397E+00-2.839697140E+00-2.913722145E+00
-2.988953999E+00-3.065409888E+00-3.143107834E+00-3.222066729E+00-3.302546073E+00
-3.383957672E+00-3.465875460E+00-3.548229603E+00-3.631205558E+00-3.714985260E+00
-3.799670126E+00-3.885134594E+00-3.971136700E+00-4.057371759E+00-4.143484781E+00
-4.229090295E+00-4.313794829E+00-4.397220451E+00-4.479028235E+00-4.558941960E+00
-4.636771147E+00-4.712431914E+00-4.785905658E+00-4.857180966E+00-4.926250765E+00
-4.993111820E+00-5.057764595E+00-5.120212908E+00-5.180463715E+00-5.238526763E+00
-5.294414433E+00-5.348141318E+00-5.399724100E+00-5.449181129E+00-5.496532191E+00
-5.541798192E+00-5.585000836E+00-5.626162270E+00-5.665304758E+00-5.702450237E+00
-5.737619826E+00-5.770833387E+00-5.802109464E+00-5.831460770E+00-5.858888969E+00
-5.884387125E+00-5.907937489E+00-5.929510220E+00-5.949061680E+00-5.966532789E+00
-5.981846541E+00-5.994905935E+00-6.005592227E+00-6.013761387E+00-6.019239408E+00
-6.021819244E+00-6.021258334E+00-6.017277199E+00-6.009559759E+00-5.997756277E+00
-5.981489614E+00-5.960366065E+00-5.933988205E+00-5.901966397E+00-5.863932709E+00
-5.819553561E+00-5.768540468E+00-5.710662414E+00-5.645742060E+00-5.573641691E+00
-5.494263261E+00-5.407547900E+00-5.313475283E+00-5.212063062E+00-5.103366248E+00
-4.987476806E+00-4.864523109E+00-4.734669630E+00-4.598116866E+00-4.455123385E+00
-4.306210821E+00-4.152133893E+00-3.993748144E+00-3.831867278E+00-3.667031452E+00
-3.498581398E+00-3.321266156E+00-3.133048199E+00-2.946391731E+00-2.761483006E+00
-2.578417146E+00-2.397259743E+00-2.218072047E+00-2.040921976E+00-1.865889338E+00
-1.693068706E+00-1.522571279E+00-1.354526213E+00-1.189081606E+00-1.026405113E+00
-8.666841666E-01-7.101256042E-01-5.569546231E-01-4.074128684E-01-2.617555352E-01
-1.202474066E-01 1.684220482E-02 1.492454870E-01 2.767029680E-01-1.694161195E+00
-1.749307900E+00-1.805196644E+00-1.861827991E+00-1.919250908E+00-1.977638489E+00
-2.037042165E+00-2.097472559E+00-2.158939981E+00-2.221455028E+00-2.285028786E+00
-2.349672764E+00-2.415398976E+00-2.482219978E+00-2.550148811E+00-2.619199117E+00
-2.689385002E+00-2.760721154E+00-2.833222707E+00-2.906905298E+00-2.981785049E+00
-3.057878547E+00-3.135203037E+00-3.213776656E+00-3.293895585E+00-3.374988371E+00
-3.456597907E+00-3.538615391E+00-3.621215333E+00-3.704590400E+00-3.788855150E+00
-3.873918704E+00-3.959547839E+00-4.045447751E+00-4.131271588E+00-4.216639441E+00
-4.301160241E+00-4.384454893E+00-4.466179491E+00-4.546048590E+00-4.623857916E+00
-4.699506707E+00-4.772971693E+00-4.844241033E+00-4.913306956E+00-4.980165589E+00
-5.044816601E+00-5.107263073E+00-5.167511089E+00-5.225569506E+00-5.281449658E+00
-5.335165071E+00-5.386731131E+00-5.436164830E+00-5.483484385E+00-5.528708919E+00
-5.571858120E+00-5.612951773E+00-5.652009390E+00-5.689049766E+00-5.724090264E+00
-5.757146406E+00-5.788230882E+00-5.817353071E+00-5.844510649E+00-5.869691466E+00
-5.892872191E+00-5.914016764E+00-5.933074513E+00-5.949978433E+00-5.964643070E+00
-5.976961965E+00-5.986805060E+00-5.994016368E+00-5.998411070E+00-5.999772645E+00
-5.997850876E+00-5.992361558E+00-5.982988147E+00-5.969386425E+00-5.951191618E+00
-5.928027460E+00-5.899516775E+00-5.865294226E+00-5.825018076E+00-5.778381586E+00
-5.725123648E+00-5.665035668E+00-5.597946835E+00-5.523724745E+00-5.442275322E+00
-5.353542489E+00-5.257507643E+00-5.154189232E+00-5.043642287E+00-4.925958015E+00
-4.801263338E+00-4.669720598E+00-4.531526956E+00-4.387020197E+00-4.236819128E+00
-4.081709979E+00-3.922519612E+00-3.759955352E+00-3.594264994E+00-3.423430057E+00
-3.240332573E+00-3.052413451E+00-2.866125614E+00-2.681405331E+00-2.498259676E+00
-2.316725542E+00-2.136856642E+00-1.958720817E+00-1.782400651E+00-1.607995396E+00
-1.435623057E+00-1.265422664E+00-1.097556355E+00-9.322112432E-01-7.696008770E-01
-6.099660756E-01-4.535748620E-01-3.007211956E-01-1.517221979E-01-6.913586439E-03
 1.333567715E-01 2.687371734E-01 3.988819524E-01-1.691727322E+00-1.746703259E+00
-1.802407627E+00-1.858840763E+00-1.916049588E+00-1.974211405E+00-2.033375889E+00
-2.093553780E+00-2.154755696E+00-2.216992681E+00-2.280276227E+00-2.344618270E+00
-2.410031230E+00-2.476527936E+00-2.544121758E+00-2.612826511E+00-2.682656476E+00
-2.753626419E+00-2.825751455E+00-2.899047026E+00-2.973528731E+00-3.049212072E+00
-3.126112376E+00-3.204244913E+00-3.283939579E+00-3.364656293E+00-3.445906170E+00
-3.527534871E+00-3.609699640E+00-3.692604191E+00-3.776375250E+00-3.860965129E+00
-3.946150547E+00-4.031648227E+00-4.117121182E+00-4.202196363E+00-4.286486109E+00
-4.369610727E+00-4.451221309E+00-4.531022588E+00-4.608795408E+00-4.684419125E+00
-4.757862098E+00-4.829111906E+00-4.898160042E+00-4.965001758E+00-5.029635892E+00
-5.092064537E+00-5.152292731E+00-5.210328263E+00-5.266181229E+00-5.319863779E+00
-5.371389844E+00-5.420774732E+00-5.468034799E+00-5.513186998E+00-5.556248634E+00
-5.597236739E+00-5.636167629E+00-5.673056379E+00-5.707916147E+00-5.740757395E+00
-5.771586945E+00-5.800407510E+00-5.827213392E+00-5.851986126E+00-5.874695870E+00
-5.895299278E+00-5.913737810E+00-5.929935646E+00-5.943797738E+00-5.955207593E+00
-5.964024783E+00-5.970082530E+00-5.973185608E+00-5.973108797E+00-5.969596066E+00
-5.962361409E+00-5.951091535E+00-5.935450561E+00-5.915087062E+00-5.889643161E+00
-5.858764781E+00-5.822112529E+00-5.779372573E+00-5.730266948E+00-5.674562857E+00
-5.612062206E+00-5.542603062E+00-5.466060111E+00-5.382344742E+00-5.291404792E+00
-5.193224448E+00-5.087823806E+00-4.975258574E+00-4.855619729E+00-4.729033124E+00
-4.595659358E+00-4.455717237E+00-4.309674489E+00-4.158219737E+00-4.002142931E+00
-3.842204006E+00-3.678923604E+00-3.511794608E+00-3.336223156E+00-3.148775615E+00
-2.962113722E+00-2.776477481E+00-2.591976664E+00-2.408676825E+00-2.226632161E+00
-2.045899136E+00-1.866543319E+00-1.688643844E+00-1.512297126E+00-1.337620412E+00
-1.164755378E+00-9.938717949E-01-8.251712097E-01-6.588904310E-01-4.953045215E-01
-3.347288388E-01-1.775195689E-01-2.407201409E-02 1.251839945E-01 2.697921320E-01
 4.092812047E-01 5.431799873E-01-1.688974364E+00-1.743735478E+00-1.799251314E+00
-1.855441923E+00-1.912368380E+00-1.970275516E+00-2.029172304E+00-2.089067967E+00
-2.149973470E+00-2.211900246E+00-2.274860174E+00-2.338865636E+00-2.403929323E+00
-2.470064432E+00-2.537284565E+00-2.605603809E+00-2.675036698E+00-2.745598267E+00
-2.817303942E+00-2.890169495E+00-2.964210680E+00-3.039442610E+00-3.115877902E+00
-3.193522716E+00-3.272713362E+00-3.352983646E+00-3.433814588E+00-3.514999532E+00
-3.596668925E+00-3.679035682E+00-3.762238699E+00-3.846277744E+00-3.930943098E+00
-4.015965049E+00-4.101018082E+00-4.185737633E+00-4.269740617E+00-4.352647571E+00
-4.434104958E+00-4.513807510E+00-4.591520376E+00-4.667100806E+00-4.740503416E+00
-4.811714934E+00-4.880725808E+00-4.947530358E+00-5.012126320E+00-5.074514699E+00
-5.134699294E+00-5.192686558E+00-5.248485132E+00-5.302105597E+00-5.353560064E+00
-5.402861902E+00-5.450025218E+00-5.495064545E+00-5.537994300E+00-5.578828357E+00
-5.617579388E+00-5.654258303E+00-5.688873453E+00-5.721429780E+00-5.751927884E+00
-5.780362494E+00-5.806722004E+00-5.830982406E+00-5.853106145E+00-5.873041932E+00
-5.890722489E+00-5.906062788E+00-5.918957960E+00-5.929281279E+00-5.936882126E+00
-5.941584149E+00-5.943183792E+00-5.941449517E+00-5.936122037E+00-5.926916102E+00
-5.913523906E+00-5.895620338E+00-5.872869979E+00-5.844935648E+00-5.811487837E+00
-5.772214184E+00-5.726831416E+00-5.675090361E+00-5.616772601E+00-5.551692656E+00
-5.479698959E+00-5.400674685E+00-5.314537830E+00-5.221241481E+00-5.120773547E+00
-5.013156720E+00-4.898448141E+00-4.776739233E+00-4.648155444E+00-4.512857390E+00
-4.371170278E+00-4.223673816E+00-4.071094821E+00-3.914191986E+00-3.753602995E+00
-3.589505478E+00-3.419822610E+00-3.237724271E+00-3.050526018E+00-2.864314217E+00
-2.678987275E+00-2.494521628E+00-2.310924678E+00-2.128219485E+00-1.946441121E+00
-1.765637312E+00-1.585870860E+00-1.407223122E+00-1.229798177E+00-1.053727637E+00
-8.791761642E-01-7.063475574E-01-5.354913326E-01-3.669094325E-01-2.009624817E-01
-3.807460830E-02 1.212645435E-01 2.765023524E-01 4.270320498E-01 5.722089669E-01
 7.113740166E-01-1.685741893E+00-1.740308295E+00-1.795572986E+00-1.851535350E+00
-1.908242099E+00-1.965869866E+00-2.024468983E+00-2.084050871E+00-2.144627059E+00
-2.206209522E+00-2.268810644E+00-2.332443153E+00-2.397120149E+00-2.462855023E+00
-2.529661628E+00-2.597554226E+00-2.666547660E+00-2.736657315E+00-2.807899391E+00
-2.880291017E+00-2.953850660E+00-3.028598898E+00-3.104560302E+00-3.181767502E+00
-3.260271402E+00-3.339988933E+00-3.420330505E+00-3.501016177E+00-3.582132042E+00
-3.663894716E+00-3.746457337E+00-3.829864280E+00-3.913927837E+00-3.998393819E+00
-4.082950118E+00-4.167242306E+00-4.250893439E+00-4.333525373E+00-4.414780675E+00
-4.494344390E+00-4.571965583E+00-4.647478270E+00-4.720816722E+00-4.791965343E+00
-4.860913415E+00-4.927654098E+00-4.992183925E+00-5.054502508E+00-5.114612307E+00
-5.172518148E+00-5.228226967E+00-5.281747485E+00-5.333089777E+00-5.382264850E+00
-5.429284271E+00-5.474159707E+00-5.516902375E+00-5.557522469E+00-5.596028592E+00
-5.632427003E+00-5.666720764E+00-5.698908886E+00-5.728985091E+00-5.756936687E+00
-5.782742746E+00-5.806373080E+00-5.827782848E+00-5.846911945E+00-5.863684100E+00
-5.878004792E+00-5.889759482E+00-5.898811815E+00-5.905002024E+00-5.908145619E+00
-5.908032670E+00-5.904427781E+00-5.897071319E+00-5.885681772E+00-5.869959801E+00
-5.849593686E+00-5.824266262E+00-5.793663017E+00-5.757479402E+00-5.715435164E+00
-5.667272219E+00-5.612759048E+00-5.551693063E+00-5.483902234E+00-5.409246541E+00
-5.327618616E+00-5.238944340E+00-5.143183003E+00-5.040327377E+00-4.930403621E+00
-4.813471222E+00-4.689622804E+00-4.558983563E+00-4.421771898E+00-4.278457763E+00
-4.129691070E+00-3.976197511E+00-3.818654048E+00-3.657469268E+00-3.491856515E+00
-3.316716612E+00-3.130658782E+00-2.944878278E+00-2.759520352E+00-2.574628465E+00
-2.390213935E+00-2.206280424E+00-2.022833376E+00-1.839884540E+00-1.657455410E+00
-1.475580685E+00-1.294312370E+00-1.113724739E+00-9.339204174E-01-7.550378037E-01
-5.772600274E-01-4.008256426E-01-2.260410353E-01-5.329421099E-02 1.169311286E-01
 2.840433957E-01 4.473366635E-01 6.059952376E-01 7.591146270E-01 9.057411961E-01
-1.682271961E+00-1.736603273E+00-1.791614677E+00-1.847304813E+00-1.903721420E+00
-1.961038151E+00-2.019307255E+00-2.078541284E+00-2.138752756E+00-2.199954536E+00
-2.262159704E+00-2.325381417E+00-2.389632969E+00-2.454927903E+00-2.521280017E+00
-2.588703590E+00-2.657213351E+00-2.726824742E+00-2.797553924E+00-2.869418065E+00
-2.942435535E+00-3.016626234E+00-3.092012000E+00-3.168616570E+00-3.246464399E+00
-3.325608656E+00-3.405429176E+00-3.485580717E+00-3.566096994E+00-3.647195341E+00
-3.729048061E+00-3.811737583E+00-3.895112806E+00-3.978936086E+00-4.062910663E+00
-4.146694336E+00-4.229918087E+00-4.312206696E+00-4.393199942E+00-4.472573916E+00
-4.550061794E+00-4.625474320E+00-4.698719045E+00-4.769773841E+00-4.838626965E+00
-4.905270201E+00-4.969698646E+00-5.031910422E+00-5.091906264E+00-5.149689196E+00
-5.205264216E+00-5.258637874E+00-5.309817805E+00-5.358812457E+00-5.405630414E+00
-5.450280105E+00-5.492769107E+00-5.533103543E+00-5.571287463E+00-5.607322010E+00
-5.641204548E+00-5.672927696E+00-5.702478043E+00-5.729834973E+00-5.754969052E+00
-5.777840111E+00-5.798395928E+00-5.816568471E+00-5.832272111E+00-5.845403122E+00
-5.855837841E+00-5.863431286E+00-5.868016000E+00-5.869401312E+00-5.867373298E+00
-5.861695538E+00-5.852110896E+00-5.838344642E+00-5.820108833E+00-5.797107754E+00
-5.769043751E+00-5.735628066E+00-5.696584692E+00-5.651654613E+00-5.600599975E+00
-5.543207397E+00-5.479290314E+00-5.408690940E+00-5.331281423E+00-5.246964936E+00
-5.155676177E+00-5.057381722E+00-4.952080252E+00-4.839802558E+00-4.720611480E+00
-4.594601907E+00-4.461923433E+00-4.322944977E+00-4.178235997E+00-4.028471864E+00
-3.874328590E+00-3.716325055E+00-3.554356836E+00-3.385525304E+00-3.203876127E+00
-3.018697924E+00-2.833851787E+00-2.649227131E+00-2.464764138E+00-2.280421711E+00
-2.096166693E+00-1.911970817E+00-1.727810833E+00-1.543670064E+00-1.359541132E+00
-1.175429715E+00-9.913595147E-01-8.073787967E-01-6.235688999E-01-4.400553943E-01
-2.570226303E-01-7.473271986E-02 1.064500760E-01 2.860288592E-01 4.633384698E-01
 6.375096949E-01 8.074462021E-01 9.718366320E-01 1.129224268E+00-1.678601552E+00
-1.732677258E+00-1.787424120E+00-1.842808486E+00-1.898860196E+00-1.955830771E+00
-2.013733201E+00-2.072580656E+00-2.132388113E+00-2.193169990E+00-2.254940161E+00
-2.317711994E+00-2.381498727E+00-2.446313592E+00-2.512170076E+00-2.579081996E+00
-2.647063671E+00-2.716129982E+00-2.786296529E+00-2.857579607E+00-2.929996404E+00
-3.003564941E+00-3.078304111E+00-3.154233464E+00-3.231373038E+00-3.309883042E+00
-3.389135599E+00-3.468715203E+00-3.548588545E+00-3.628964706E+00-3.710037979E+00
-3.791920172E+00-3.874515444E+00-3.957602372E+00-4.040901578E+00-4.124085392E+00
-4.206794893E+00-4.288659646E+00-4.369318325E+00-4.448439214E+00-4.525740490E+00
-4.601010071E+00-4.674124911E+00-4.745048329E+00-4.813767383E+00-4.880272304E+00
-4.944556565E+00-5.006616482E+00-5.066450893E+00-5.124060767E+00-5.179448875E+00
-5.232619247E+00-5.283576883E+00-5.332327170E+00-5.378875455E+00-5.423226505E+00
-5.465383828E+00-5.505349091E+00-5.543121362E+00-5.578696244E+00-5.612064997E+00
-5.643213475E+00-5.672120889E+00-5.698758577E+00-5.723088388E+00-5.745061140E+00
-5.764614655E+00-5.781672080E+00-5.796140058E+00-5.807906433E+00-5.816839344E+00
-5.822786544E+00-5.825574724E+00-5.825009356E+00-5.820875181E+00-5.812937636E+00
-5.800945149E+00-5.784632310E+00-5.763725069E+00-5.737947203E+00-5.707024197E+00
-5.670688878E+00-5.628686455E+00-5.580778610E+00-5.526746981E+00-5.466396111E+00
-5.399555751E+00-5.326082646E+00-5.245861891E+00-5.158807972E+00-5.064865356E+00
-4.964008988E+00-4.856244565E+00-4.741608670E+00-4.620168794E+00-4.492031125E+00
-4.357480778E+00-4.217011114E+00-4.071238890E+00-3.920810876E+00-3.766275892E+00
-3.607814882E+00-3.443846126E+00-3.268271826E+00-3.085028781E+00-2.901663834E+00
-2.718173517E+00-2.534521691E+00-2.350659779E+00-2.166532864E+00-1.982081963E+00
-1.797245127E+00-1.611958661E+00-1.426158606E+00-1.239782783E+00-1.052773663E+00
-8.650822818E-01-6.766736864E-01-4.875344634E-01-2.976832770E-01-1.071857996E-01
 8.382381354E-02 2.751113996E-01 4.662956980E-01 6.567772836E-01 8.456336271E-01
 1.031480757E+00 1.212355952E+00 1.385786969E+00-1.674641674E+00-1.728455120E+00
-1.782901298E+00-1.837975826E+00-1.893723585E+00-1.950310876E+00-2.007797085E+00
-2.066209426E+00-2.125567779E+00-2.185887743E+00-2.247182882E+00-2.309465869E+00
-2.372748988E+00-2.437044603E+00-2.502365367E+00-2.568724244E+00-2.636134738E+00
-2.704610937E+00-2.774167491E+00-2.844819707E+00-2.916583435E+00-2.989474915E+00
-3.063510597E+00-3.138706893E+00-3.215080255E+00-3.292876811E+00-3.371497459E+00
-3.450458408E+00-3.529644288E+00-3.609241041E+00-3.689464122E+00-3.770447214E+00
-3.852165650E+00-3.934415175E+00-4.016936194E+00-4.099417954E+00-4.181514032E+00
-4.262861104E+00-4.343098699E+00-4.421889052E+00-4.498936836E+00-4.574008033E+00
-4.646948460E+00-4.717695972E+00-4.786234585E+00-4.852552731E+00-4.916641999E+00
-4.978496770E+00-5.038113711E+00-5.095491466E+00-5.150630248E+00-5.203531355E+00
-5.254196725E+00-5.302628471E+00-5.348828257E+00-5.392796842E+00-5.434533312E+00
-5.474034453E+00-5.511293985E+00-5.546301639E+00-5.579042242E+00-5.609494597E+00
-5.637630392E+00-5.663412830E+00-5.686795175E+00-5.707719294E+00-5.726114054E+00
-5.741893672E+00-5.754956108E+00-5.765181766E+00-5.772432448E+00-5.776550677E+00
-5.777359441E+00-5.774662740E+00-5.768246671E+00-5.757881517E+00-5.743324482E+00
-5.724323139E+00-5.700619560E+00-5.671955214E+00-5.638075272E+00-5.598733082E+00
-5.553694278E+00-5.502740421E+00-5.445672061E+00-5.382311549E+00-5.312504991E+00
-5.236124072E+00-5.153067391E+00-5.063261470E+00-4.966661470E+00-4.863251773E+00
-4.753046350E+00-4.636088858E+00-4.512455759E+00-4.382370181E+00-4.246260844E+00
-4.104689240E+00-3.958267358E+00-3.807550043E+00-3.652832681E+00-3.493281163E+00
-3.324216058E+00-3.143763170E+00-2.962726118E+00-2.781207446E+00-2.599220817E+00
-2.416733132E+00-2.233684808E+00-2.049999402E+00-1.865587932E+00-1.680350798E+00
-1.494178777E+00-1.306953611E+00-1.118548687E+00-9.288299981E-01-7.376576631E-01
-5.448883051E-01-3.503786530E-01-1.539910392E-01 4.439828448E-02 2.448862541E-01
 4.475224246E-01 6.522743003E-01 8.589640415E-01 1.067138907E+00 1.275762252E+00
 1.482379023E+00 1.681700538E+00-1.670830496E+00-1.724472352E+00-1.778623633E+00
-1.833278129E+00-1.888491986E+00-1.944550569E+00-2.001533243E+00-2.059450574E+00
-2.118313046E+00-2.178130735E+00-2.238913561E+00-2.300671563E+00-2.363415125E+00
-2.427154965E+00-2.491902378E+00-2.557669165E+00-2.624467826E+00-2.692311457E+00
-2.761213857E+00-2.831189481E+00-2.902253365E+00-2.974420739E+00-3.047706486E+00
-3.122123510E+00-3.197678904E+00-3.274664429E+00-3.352571164E+00-3.430855540E+00
-3.509307820E+00-3.588069475E+00-3.667371637E+00-3.747369691E+00-3.828108011E+00
-3.909411233E+00-3.991041813E+00-4.072708163E+00-4.154078857E+00-4.234800163E+00
-4.314514865E+00-4.392881498E+00-4.469593107E+00-4.544395601E+00-4.617105246E+00
-4.687625426E+00-4.755929614E+00-4.822004634E+00-4.885840061E+00-4.947427970E+00
-5.006762663E+00-5.063840227E+00-5.118658007E+00-5.171214259E+00-5.221507626E+00
-5.269536501E+00-5.315298674E+00-5.358790464E+00-5.400006231E+00-5.438937606E+00
-5.475572612E+00-5.509894837E+00-5.541882464E+00-5.571507181E+00-5.598733044E+00
-5.623515233E+00-5.645798738E+00-5.665516938E+00-5.682590273E+00-5.696924800E+00
-5.708411078E+00-5.716923039E+00-5.722317409E+00-5.724433279E+00-5.723092457E+00
-5.718100280E+00-5.709247125E+00-5.696310583E+00-5.679058281E+00-5.657251164E+00
-5.630647327E+00-5.599005913E+00-5.562091042E+00-5.519675673E+00-5.471545127E+00
-5.417500244E+00-5.357360216E+00-5.290964949E+00-5.218177080E+00-5.138883540E+00
-5.052996922E+00-4.960456554E+00-4.861229165E+00-4.755309622E+00-4.642721254E+00
-4.523517871E+00-4.397880302E+00-4.266185509E+00-4.128945243E+00-3.986735161E+00
-3.840104354E+00-3.689420388E+00-3.534312711E+00-3.371559970E+00-3.196300645E+00
-3.017465439E+00-2.838282472E+00-2.658573860E+00-2.478220376E+00-2.297118799E+00
-2.115164393E+00-1.932243583E+00-1.748230305E+00-1.562983873E+00-1.376347301E+00
-1.188145724E+00-9.981847540E-01-8.062487632E-01-6.120990206E-01-4.154716598E-01
-2.160754322E-01-1.358904472E-02 1.923422143E-01 4.021113464E-01 6.161576371E-01
 8.349816017E-01 1.059176456E+00 1.289504137E+00 1.527118330E+00 1.774390610E+00
 2.020140202E+00-1.666926192E+00-1.720403752E+00-1.774244564E+00-1.828443659E+00
-1.882969431E+00-1.938452460E+00-1.994895770E+00-2.052286779E+00-2.110624188E+00
-2.169911020E+00-2.230152662E+00-2.291356050E+00-2.353529168E+00-2.416680891E+00
-2.480820908E+00-2.545959720E+00-2.612108626E+00-2.679279754E+00-2.747486145E+00
-2.816741772E+00-2.887061844E+00-2.958462987E+00-3.030964036E+00-3.104587643E+00
-3.179364036E+00-3.255340321E+00-3.332414032E+00-3.409949888E+00-3.487623186E+00
-3.565500255E+00-3.643815073E+00-3.722749669E+00-3.802398954E+00-3.882641509E+00
-3.963261492E+00-4.043988651E+00-4.124509229E+00-4.204481918E+00-4.283555682E+00
-4.361388066E+00-4.437663186E+00-4.512109373E+00-4.584515823E+00-4.654748562E+00
-4.722756745E+00-4.788524520E+00-4.852039023E+00-4.913289963E+00-4.972269008E+00
-5.028969337E+00-5.083385293E+00-5.135511759E+00-5.185343776E+00-5.232875859E+00
-5.278101439E+00-5.321012282E+00-5.361597730E+00-5.399843928E+00-5.435733069E+00
-5.469242480E+00-5.500343582E+00-5.529000972E+00-5.555171283E+00-5.578801985E+00
-5.599830198E+00-5.618181534E+00-5.633768891E+00-5.646491394E+00-5.656233456E+00
-5.662864127E+00-5.666236761E+00-5.666189074E+00-5.662543765E+00-5.655109600E+00
-5.643683100E+00-5.628050749E+00-5.607991704E+00-5.583280919E+00-5.553692399E+00
-5.519002782E+00-5.478994754E+00-5.433460302E+00-5.382203928E+00-5.325045406E+00
-5.261822239E+00-5.192391909E+00-5.116633636E+00-5.034449954E+00-4.945767967E+00
-4.850540412E+00-4.748746461E+00-4.640392332E+00-4.525513448E+00-4.404264883E+00
-4.276983529E+00-4.144136241E+00-4.006258408E+00-3.863875812E+00-3.717377196E+00
-3.566636803E+00-3.409364310E+00-3.239902749E+00-3.064565354E+00-2.888575316E+00
-2.711889174E+00-2.534422345E+00-2.356074494E+00-2.176734242E+00-1.996278060E+00
-1.814567698E+00-1.631447392E+00-1.446741053E+00-1.260249254E+00-1.071745963E+00
-8.809748008E-01-6.876447122E-01-4.914247989E-01-2.919381071E-01-8.875392487E-02
 1.186220409E-01 3.307606691E-01 5.483275344E-01 7.721095316E-01 1.003056326E+00
 1.242348029E+00 1.491508108E+00 1.752581583E+00 2.028212360E+00 2.300304559E+00
-1.662252036E+00-1.715435488E+00-1.768930083E+00-1.822722278E+00-1.876889580E+00
-1.931887488E+00-1.987822718E+00-2.044693334E+00-2.102498743E+00-2.161240612E+00
-2.220922408E+00-2.281549152E+00-2.343126965E+00-2.405663153E+00-2.469165874E+00
-2.533644255E+00-2.599108352E+00-2.665569113E+00-2.733038475E+00-2.801529498E+00
-2.871056346E+00-2.941634580E+00-3.013281387E+00-3.086015931E+00-3.159859372E+00
-3.234834051E+00-3.311022400E+00-3.387764955E+00-3.464630981E+00-3.541589902E+00
-3.618862422E+00-3.696660219E+00-3.775110832E+00-3.854175120E+00-3.933657702E+00
-4.013312180E+00-4.092845473E+00-4.171931889E+00-4.250229752E+00-4.327398876E+00
-4.403117697E+00-4.477100169E+00-4.549111499E+00-4.618983106E+00-4.686626397E+00
-4.752014729E+00-4.815133163E+00-4.875968675E+00-4.934510048E+00-4.990747457E+00
-5.044671892E+00-5.096274691E+00-5.145546979E+00-5.192479145E+00-5.237060163E+00
-5.279276936E+00-5.319113572E+00-5.356550696E+00-5.391564551E+00-5.424126129E+00
-5.454200260E+00-5.481744626E+00-5.506708728E+00-5.529032847E+00-5.548646992E+00
-5.565469877E+00-5.579407986E+00-5.590354785E+00-5.598190057E+00-5.602779635E+00
-5.603975341E+00-5.601615338E+00-5.595525019E+00-5.585518245E+00-5.571399114E+00
-5.552964166E+00-5.530004844E+00-5.502310480E+00-5.469671103E+00-5.431880695E+00
-5.388740155E+00-5.340060208E+00-5.285664152E+00-5.225390422E+00-5.159094696E+00
-5.086652030E+00-5.007958428E+00-4.922932291E+00-4.831515720E+00-4.733675524E+00
-4.629404028E+00-4.518722605E+00-4.401774608E+00-4.278867842E+00-4.150430331E+00
-4.016957722E+00-3.878945024E+00-3.736778037E+00-3.590454920E+00-3.438268507E+00
-3.274875640E+00-3.103512579E+00-2.931365246E+00-2.758381439E+00-2.584497157E+00
-2.409630898E+00-2.233683936E+00-2.056540628E+00-1.878067367E+00-1.698110805E+00
-1.516495134E+00-1.333018943E+00-1.147451442E+00-9.595279967E-01-7.689448418E-01
-5.753527682E-01-3.783495504E-01-1.774707851E-01 2.782124141E-02 2.381512078E-01
 4.542476003E-01 6.769636520E-01 9.073034721E-01 1.146454406E+00 1.395825601E+00
 1.657088889E+00 1.932208469E+00 2.223402860E+00 2.508254145E+00-1.657224182E+00
-1.710071857E+00-1.763200523E+00-1.816592406E+00-1.870346199E+00-1.924880518E+00
-1.980324687E+00-2.036682583E+00-2.093955449E+00-2.152145320E+00-2.211255219E+00
-2.271289118E+00-2.332252055E+00-2.394149921E+00-2.456989594E+00-2.520778865E+00
-2.585526453E+00-2.651241988E+00-2.717936147E+00-2.785620498E+00-2.854307676E+00
-2.924011302E+00-2.994745833E+00-3.066526478E+00-3.139368875E+00-3.213288972E+00
-3.288498134E+00-3.364377379E+00-3.440398677E+00-3.516411217E+00-3.592594915E+00
-3.669186696E+00-3.746341248E+00-3.824104961E+00-3.902316440E+00-3.980755601E+00
-4.059152637E+00-4.137200515E+00-4.214570406E+00-4.290927936E+00-4.365949644E+00
-4.439338904E+00-4.510840905E+00-4.580256858E+00-4.647456839E+00-4.712385932E+00
-4.775025188E+00-4.835358716E+00-4.893372255E+00-4.949052667E+00-5.002387474E+00
-5.053364216E+00-5.101969988E+00-5.148190837E+00-5.192011089E+00-5.233412664E+00
-5.272374442E+00-5.308871405E+00-5.342873869E+00-5.374346702E+00-5.403248340E+00
-5.429529896E+00-5.453134303E+00-5.473995311E+00-5.492036670E+00-5.507171222E+00
-5.519300299E+00-5.528313082E+00-5.534086353E+00-5.536484296E+00-5.535358890E+00
-5.530550428E+00-5.521888545E+00-5.509193578E+00-5.492278381E+00-5.470950325E+00
-5.445013857E+00-5.414272861E+00-5.378533564E+00-5.337607136E+00-5.291312498E+00
-5.239478821E+00-5.181948064E+00-5.118577088E+00-5.049239767E+00-4.973828753E+00
-4.892257002E+00-4.804459175E+00-4.710392797E+00-4.610039421E+00-4.503412980E+00
-4.390656883E+00-4.272058707E+00-4.148013359E+00-4.018978217E+00-3.885413296E+00
-3.747685888E+00-3.605844864E+00-3.458524869E+00-3.300955809E+00-3.134020836E+00
-2.966184999E+00-2.797416617E+00-2.627667770E+00-2.456874727E+00-2.284956936E+00
-2.111816213E+00-1.937335626E+00-1.761377942E+00-1.583783379E+00-1.404366820E+00
-1.222914281E+00-1.039178649E+00-8.528745376E-01-6.636720830E-01-4.711895167E-01
-2.749842021E-01-7.454191042E-02 1.307360018E-01 3.415477437E-01 5.587086710E-01
 7.831710760E-01 1.016045264E+00 1.258619825E+00 1.512377153E+00 1.778997819E+00
 2.060345528E+00 2.358822137E+00 2.649534336E+00-1.651979514E+00-1.704485626E+00
-1.757234088E+00-1.810213932E+00-1.863428140E+00-1.917493146E+00-1.972449866E+00
-2.028296631E+00-2.085035192E+00-2.142667660E+00-2.201196651E+00-2.260625381E+00
-2.320957805E+00-2.382198669E+00-2.444353534E+00-2.507428872E+00-2.571432047E+00
-2.636371333E+00-2.702256030E+00-2.769096313E+00-2.836903361E+00-2.905689110E+00
-2.975466001E+00-3.046246339E+00-3.118040548E+00-3.190853492E+00-3.264964900E+00
-3.339886466E+00-3.415009071E+00-3.490048141E+00-3.565105484E+00-3.640428778E+00
-3.716206757E+00-3.792543322E+00-3.869346876E+00-3.946421788E+00-4.023523731E+00
-4.100367590E+00-4.176640927E+00-4.252019175E+00-4.326181118E+00-4.398823892E+00
-4.469677359E+00-4.538517287E+00-4.605177323E+00-4.669559942E+00-4.731629140E+00
-4.791366336E+00-4.848753954E+00-4.903775466E+00-4.956414652E+00-5.006655178E+00
-5.054479972E+00-5.099870608E+00-5.142806699E+00-5.183265149E+00-5.221219585E+00
-5.256639488E+00-5.289489417E+00-5.319728352E+00-5.347308662E+00-5.372175510E+00
-5.394265844E+00-5.413507715E+00-5.429819565E+00-5.443109567E+00-5.453275117E+00
-5.460202588E+00-5.463767172E+00-5.463833035E+00-5.460253860E+00-5.452873487E+00
-5.441527150E+00-5.426042840E+00-5.406243023E+00-5.381946735E+00-5.352971734E+00
-5.319136844E+00-5.280264415E+00-5.236182862E+00-5.186728933E+00-5.131750167E+00
-5.071106954E+00-5.004674619E+00-4.932345212E+00-4.854029135E+00-4.769656628E+00
-4.679178843E+00-4.582568922E+00-4.479845719E+00-4.371160435E+00-4.256786771E+00
-4.137091189E+00-4.012494328E+00-3.883417952E+00-3.750199028E+00-3.612890652E+00
-3.470298414E+00-3.318136163E+00-3.155915228E+00-2.992714505E+00-2.828519269E+00
-2.663299504E+00-2.497010043E+00-2.329590253E+00-2.160963305E+00-1.991034967E+00
-1.819692258E+00-1.646801475E+00-1.472205937E+00-1.295722999E+00-1.117140481E+00
-9.362123095E-01-7.526532520E-01-5.661325426E-01-3.762661702E-01-1.826075729E-01
 1.536361616E-02 2.182550879E-01 4.267779377E-01 6.417654508E-01 8.641942943E-01
 1.095207027E+00 1.336133252E+00 1.588504441E+00 1.854054559E+00 2.134697096E+00
 2.433144988E+00 2.721955338E+00-1.646302372E+00-1.698426273E+00-1.750777466E+00
-1.803339568E+00-1.856184681E+00-1.909788255E+00-1.964256252E+00-2.019590336E+00
-2.075791917E+00-2.132862505E+00-2.190803787E+00-2.249617990E+00-2.309307828E+00
-2.369876711E+00-2.431328864E+00-2.493669323E+00-2.556904019E+00-2.621039870E+00
-2.686084781E+00-2.752047762E+00-2.818938871E+00-2.886769520E+00-2.955552556E+00
-3.025303056E+00-3.096039698E+00-3.167788410E+00-3.240591433E+00-3.314410788E+00
-3.388555756E+00-3.462592407E+00-3.536499327E+00-3.610506273E+00-3.684836662E+00
-3.759627297E+00-3.834885891E+00-3.910443397E+00-3.986083740E+00-4.061546743E+00
-4.136539986E+00-4.210752698E+00-4.283870309E+00-4.355588579E+00-4.425627139E+00
-4.493741974E+00-4.559736579E+00-4.623471690E+00-4.684872997E+00-4.743912072E+00
-4.800568357E+00-4.854821680E+00-4.906652083E+00-4.956039200E+00-5.002961716E+00
-5.047396709E+00-5.089319084E+00-5.128700842E+00-5.165510397E+00-5.199711942E+00
-5.231264609E+00-5.260121797E+00-5.286230430E+00-5.309530209E+00-5.329952944E+00
-5.347421902E+00-5.361851222E+00-5.373145570E+00-5.381199765E+00-5.385898688E+00
-5.387117395E+00-5.384721448E+00-5.378567571E+00-5.368504487E+00-5.354374156E+00
-5.336013152E+00-5.313254442E+00-5.285929174E+00-5.253868844E+00-5.216907391E+00
-5.174883441E+00-5.127642500E+00-5.075039181E+00-5.016939239E+00-4.953221509E+00
-4.883779803E+00-4.808524465E+00-4.727383934E+00-4.640306259E+00-4.547259158E+00
-4.448284042E+00-4.343542591E+00-4.233298627E+00-4.117893459E+00-3.997712401E+00
-3.873136739E+00-3.744463737E+00-3.611716648E+00-3.473745495E+00-3.326569201E+00
-3.169181492E+00-3.010783574E+00-2.851368509E+00-2.690918724E+00-2.529405093E+00
-2.366785938E+00-2.203006187E+00-2.037996219E+00-1.871670481E+00-1.703926066E+00
-1.534640717E+00-1.363670608E+00-1.190847600E+00-1.015975966E+00-8.388284354E-01
-6.591414408E-01-4.766093575E-01-2.908775001E-01-1.015335707E-01 9.190288238E-02
 2.899935158E-01 4.933974948E-01 7.028919446E-01 9.193976662E-01 1.144011168E+00
 1.378043286E+00 1.623061696E+00 1.880927051E+00 2.153798134E+00 2.443688858E+00
 2.716233514E+00-1.640445504E+00-1.692173356E+00-1.744116659E+00-1.796254398E+00
-1.848686041E+00-1.901825005E+00-1.955802693E+00-2.010623070E+00-2.066286392E+00
-2.122792756E+00-2.180142491E+00-2.238336238E+00-2.297375158E+00-2.357261093E+00
-2.417996620E+00-2.479585188E+00-2.542031214E+00-2.605340066E+00-2.669518159E+00
-2.734573010E+00-2.800513301E+00-2.867348894E+00-2.935090990E+00-3.003752221E+00
-3.073346774E+00-3.143890342E+00-3.215399513E+00-3.288027095E+00-3.361124282E+00
-3.434134137E+00-3.506883660E+00-3.579545384E+00-3.652368346E+00-3.725524227E+00
-3.799098713E+00-3.872984280E+00-3.946992194E+00-4.020889329E+00-4.094406536E+00
-4.167250890E+00-4.239118984E+00-4.309710181E+00-4.378739424E+00-4.445948919E+00
-4.511118716E+00-4.574075640E+00-4.634700833E+00-4.692933431E+00-4.748746151E+00
-4.802115372E+00-4.853017318E+00-4.901427574E+00-4.947320581E+00-4.990668999E+00
-5.031443103E+00-5.069610087E+00-5.105133445E+00-5.137972349E+00-5.168080875E+00
-5.195407402E+00-5.219893896E+00-5.241475424E+00-5.260079438E+00-5.275625367E+00
-5.288024213E+00-5.297178237E+00-5.302980941E+00-5.305317013E+00-5.304062691E+00
-5.299086209E+00-5.290248595E+00-5.277404520E+00-5.260403657E+00-5.239092014E+00
-5.213313625E+00-5.182912252E+00-5.147733478E+00-5.107626453E+00-5.062446156E+00
-5.012055225E+00-4.956326079E+00-4.895142669E+00-4.828402353E+00-4.756017509E+00
-4.677917021E+00-4.594047217E+00-4.504385558E+00-4.409006087E+00-4.308080775E+00
-4.201865498E+00-4.090678796E+00-3.974871881E+00-3.854783795E+00-3.730664291E+00
-3.602473586E+00-3.469005550E+00-3.326417343E+00-3.173873730E+00-3.020328706E+00
-2.865776709E+00-2.710207410E+00-2.553603643E+00-2.395940003E+00-2.237181456E+00
-2.077282060E+00-1.916183643E+00-1.753814613E+00-1.590088347E+00-1.424901576E+00
-1.258132464E+00-1.089638385E+00-9.192533257E-01-7.467848299E-01-5.720103781E-01
-3.946730660E-01-2.144763707E-01-3.107776446E-02 1.559192589E-01 3.469753431E-01
 5.426286062E-01 7.435127828E-01 9.503830029E-01 1.164154149E+00 1.385960620E+00
 1.617252211E+00 1.859944721E+00 2.116614948E+00 2.388538159E+00 2.640351092E+00
-1.634529180E+00-1.685871052E+00-1.737399872E+00-1.789101698E+00-1.840993468E+00
-1.893657327E+00-1.947146120E+00-2.001455269E+00-2.056582890E+00-2.112527006E+00
-2.169285777E+00-2.226857749E+00-2.285242071E+00-2.344438605E+00-2.404448069E+00
-2.465272130E+00-2.526913462E+00-2.589375745E+00-2.652663787E+00-2.716783516E+00
-2.781741927E+00-2.847547178E+00-2.914208318E+00-2.981735211E+00-3.050137583E+00
-3.119423554E+00-3.189595430E+00-3.260902419E+00-3.332849844E+00-3.404787289E+00
-3.476377592E+00-3.547685240E+00-3.618960180E+00-3.690414959E+00-3.762176285E+00
-3.834240379E+00-3.906445229E+00-3.978587413E+00-4.050424174E+00-4.121684194E+00
-4.192079585E+00-4.261318411E+00-4.329116526E+00-4.395208714E+00-4.459358478E+00
-4.521366638E+00-4.581078140E+00-4.638387222E+00-4.693238118E+00-4.745601373E+00
-4.795449473E+00-4.842754029E+00-4.887485356E+00-4.929611773E+00-4.969099098E+00
-5.005909971E+00-5.040003313E+00-5.071333608E+00-5.099850378E+00-5.125497525E+00
-5.148212830E+00-5.167927408E+00-5.184565318E+00-5.198043103E+00-5.208269653E+00
-5.215146065E+00-5.218565630E+00-5.218414120E+00-5.214570118E+00-5.206905694E+00
-5.195287186E+00-5.179576241E+00-5.159631017E+00-5.135307660E+00-5.106461769E+00
-5.072950148E+00-5.034632603E+00-4.991373747E+00-4.943044894E+00-4.889525830E+00
-4.830706724E+00-4.766489838E+00-4.696790998E+00-4.621541550E+00-4.540689680E+00
-4.454249689E+00-4.362322840E+00-4.265089672E+00-4.162798386E+00-4.055746190E+00
-3.944251372E+00-3.828610015E+00-3.709015524E+00-3.585321561E+00-3.456175504E+00
-3.317764819E+00-3.170039009E+00-3.021336221E+00-2.871651593E+00-2.720980183E+00
-2.569314801E+00-2.416644036E+00-2.262950796E+00-2.108210821E+00-1.952391557E+00
-1.795450861E+00-1.637335908E+00-1.477981963E+00-1.317311134E+00-1.155231009E+00
-9.916331590E-01-8.263915311E-01-6.593606179E-01-4.903734599E-01-3.192393783E-01
-1.457414149E-01 3.036659469E-02 2.093634602E-01 3.915647967E-01 5.773282990E-01
 7.670609030E-01 9.612293581E-01 1.160377486E+00 1.365157757E+00 1.576397398E+00
 1.795263920E+00 2.023806613E+00 2.264327989E+00 2.483660961E+00-1.628339719E+00
-1.679263989E+00-1.730369152E+00-1.781637351E+00-1.833129130E+00-1.885332445E+00
-1.938340169E+00-1.992147158E+00-2.046748418E+00-2.102138832E+00-2.158313633E+00
-2.215268598E+00-2.273000354E+00-2.331506461E+00-2.390785503E+00-2.450837152E+00
-2.511662239E+00-2.573262743E+00-2.635641763E+00-2.698803640E+00-2.762753896E+00
-2.827499275E+00-2.893047837E+00-2.959409096E+00-3.026594428E+00-3.094618228E+00
-3.163500922E+00-3.233277096E+00-3.303910012E+00-3.374690040E+00-3.445110234E+00
-3.515073049E+00-3.584783496E+00-3.654486793E+00-3.724345805E+00-3.794441412E+00
-3.864676592E+00-3.934875770E+00-4.004824304E+00-4.074275679E+00-4.142961694E+00
-4.210603842E+00-4.276924410E+00-4.341656941E+00-4.404555540E+00-4.465402854E+00
-4.524016698E+00-4.580254746E+00-4.634017478E+00-4.685247790E+00-4.733911712E+00
-4.779977273E+00-4.823410699E+00-4.864176180E+00-4.902235369E+00-4.937546702E+00
-4.970064836E+00-4.999740108E+00-5.026518010E+00-5.050338646E+00-5.071136291E+00
-5.088838995E+00-5.103368263E+00-5.114638796E+00-5.122558436E+00-5.127028127E+00
-5.127942129E+00-5.125188363E+00-5.118648842E+00-5.108200462E+00-5.093715839E+00
-5.075064390E+00-5.052113459E+00-5.024729846E+00-4.992781149E+00-4.956137481E+00
-4.914673124E+00-4.868268113E+00-4.816810179E+00-4.760196233E+00-4.698334176E+00
-4.631144756E+00-4.558560966E+00-4.480562868E+00-4.397202740E+00-4.308601575E+00
-4.214944695E+00-4.116471117E+00-4.013456249E+00-3.906185401E+00-3.794910320E+00
-3.679763255E+00-3.560424814E+00-3.435297096E+00-3.300615042E+00-3.157700426E+00
-3.013819684E+00-2.868973417E+00-2.723164803E+00-2.576397542E+00-2.428674134E+00
-2.279994386E+00-2.130354209E+00-1.979744437E+00-1.828149829E+00-1.675548194E+00
-1.521909510E+00-1.367195155E+00-1.211357148E+00-1.054337434E+00-8.960672388E-01
-7.364664947E-01-5.754433758E-01-4.128940224E-01-2.487025049E-01-8.274118821E-02
 8.512835582E-02 2.550535812E-01 4.271879372E-01 6.016858613E-01 7.786946181E-01
 9.583407734E-01 1.140706946E+00 1.325789166E+00 1.513410636E+00 1.703021255E+00
 1.893149116E+00 2.080002051E+00 2.257108853E+00-1.622024576E+00-1.672516100E+00
-1.723193073E+00-1.774032346E+00-1.825130141E+00-1.876889522E+00-1.929434313E+00
-1.982758826E+00-2.036853237E+00-2.091708028E+00-2.147314439E+00-2.203664836E+00
-2.260752902E+00-2.318573639E+00-2.377123363E+00-2.436399731E+00-2.496401697E+00
-2.557129473E+00-2.618584493E+00-2.680769489E+00-2.743688396E+00-2.807346425E+00
-2.871750107E+00-2.936907211E+00-3.002826846E+00-3.069519106E+00-3.136993913E+00
-3.205257467E+00-3.274454167E+00-3.343980822E+00-3.413208468E+00-3.481851815E+00
-3.550011488E+00-3.617940147E+00-3.685844235E+00-3.753845675E+00-3.821956421E+00
-3.890031648E+00-3.957887178E+00-4.025303795E+00-4.092036476E+00-4.157824520E+00
-4.222401763E+00-4.285506400E+00-4.346889783E+00-4.406324075E+00-4.463608587E+00
-4.518574292E+00-4.571086926E+00-4.621047898E+00-4.668393572E+00-4.713083084E+00
-4.755079286E+00-4.794342436E+00-4.830830350E+00-4.864497647E+00-4.895295186E+00
-4.923169738E+00-4.948063347E+00-4.969912997E+00-4.988650267E+00-5.004200963E+00
-5.016484941E+00-5.025416069E+00-5.030902054E+00-5.032844808E+00-5.031140567E+00
-5.025680335E+00-5.016350580E+00-5.003033877E+00-4.985609913E+00-4.963956515E+00
-4.937950832E+00-4.907470729E+00-4.872396127E+00-4.832610666E+00-4.788003178E+00
-4.738469104E+00-4.683912781E+00-4.624247881E+00-4.559398776E+00-4.489329406E+00
-4.414060523E+00-4.333669365E+00-4.248289672E+00-4.158106652E+00-4.063346824E+00
-3.964261199E+00-3.861098212E+00-3.754057118E+00-3.643196379E+00-3.527955743E+00
-3.406356044E+00-3.274967469E+00-3.136904293E+00-2.997845190E+00-2.857805583E+00
-2.716802912E+00-2.574855565E+00-2.431981952E+00-2.288199452E+00-2.143523549E+00
-1.997967031E+00-1.851539223E+00-1.704245326E+00-1.556085932E+00-1.407056508E+00
-1.257147050E+00-1.106341838E+00-9.546193390E-01-8.019523114E-01-6.483081691E-01
-4.936496731E-01-3.379361060E-01-1.811250597E-01-2.317511596E-02 1.359502837E-01
 2.962772448E-01 4.578133741E-01 6.205361279E-01 7.843757445E-01 9.491898347E-01
 1.114724858E+00 1.280556782E+00 1.445999933E+00 1.609974664E+00 1.770853669E+00
 1.926403215E+00 2.074022259E+00-1.615687746E+00-1.665754055E+00-1.716002193E+00
-1.766416633E+00-1.817020771E+00-1.868356477E+00-1.920473822E+00-1.973352280E+00
-2.026974392E+00-2.081324426E+00-2.136388742E+00-2.192155925E+00-2.248616617E+00
-2.305763358E+00-2.363590353E+00-2.422093437E+00-2.481269799E+00-2.541118026E+00
-2.601638001E+00-2.662830810E+00-2.724698835E+00-2.787245719E+00-2.850476327E+00
-2.914396994E+00-2.979015510E+00-3.044341622E+00-3.110387693E+00-3.177170812E+00
-3.244718187E+00-3.312843524E+00-3.380820025E+00-3.448168415E+00-3.514820313E+00
-3.580986096E+00-3.646907416E+00-3.712745763E+00-3.778587889E+00-3.844372465E+00
-3.909940753E+00-3.975102489E+00-4.039638691E+00-4.103310109E+00-4.165866702E+00
-4.227056623E+00-4.286634577E+00-4.344369260E+00-4.400049304E+00-4.453488030E+00
-4.504526469E+00-4.553034987E+00-4.598912725E+00-4.642086245E+00-4.682503731E+00
-4.720121528E+00-4.754894253E+00-4.786772961E+00-4.815705409E+00-4.841635289E+00
-4.864501871E+00-4.884239817E+00-4.900778710E+00-4.914043017E+00-4.923951859E+00
-4.930419084E+00-4.933353387E+00-4.932658464E+00-4.928233475E+00-4.919973495E+00
-4.907770203E+00-4.891512648E+00-4.871088188E+00-4.846383682E+00-4.817286527E+00
-4.783686004E+00-4.745474472E+00-4.702549329E+00-4.654814406E+00-4.602178746E+00
-4.544565462E+00-4.481933666E+00-4.414284775E+00-4.341665041E+00-4.264168017E+00
-4.181932869E+00-4.095138992E+00-4.003995621E+00-3.908724836E+00-3.809533547E+00
-3.706556911E+00-3.599696432E+00-3.488098740E+00-3.369298228E+00-3.240960587E+00
-3.107819095E+00-2.973598159E+00-2.838337290E+00-2.702074815E+00-2.564848559E+00
-2.426695803E+00-2.287653093E+00-2.147755870E+00-2.007038120E+00-1.865532003E+00
-1.723267544E+00-1.580272319E+00-1.436571261E+00-1.292186543E+00-1.147137575E+00
-1.001441173E+00-8.551119430E-01-7.081629204E-01-5.606065730E-01-4.124562652E-01
-2.637283106E-01-1.144448100E-01 3.536249381E-02 1.856470033E-01 3.363402746E-01
 4.873426489E-01 6.385107347E-01 7.896407308E-01 9.404463958E-01 1.090530537E+00
 1.239349645E+00 1.386174106E+00 1.530052553E+00 1.669799156E+00 1.804029877E+00
 1.931261707E+00-1.609074281E+00-1.658667273E+00-1.708481493E+00-1.758501844E+00
-1.808764092E+00-1.859747620E+00-1.911504471E+00-1.963999640E+00-2.017204562E+00
-2.071096210E+00-2.125656274E+00-2.180870259E+00-2.236726597E+00-2.293216141E+00
-2.350331646E+00-2.408067529E+00-2.466419665E+00-2.525385243E+00-2.584962693E+00
-2.645151668E+00-2.705952922E+00-2.767368393E+00-2.829401163E+00-2.892055493E+00
-2.955336734E+00-3.019251529E+00-3.083807651E+00-3.149014206E+00-3.214881542E+00
-3.281472944E+00-3.348113196E+00-3.414173257E+00-3.479379754E+00-3.543833448E+00
-3.607781960E+00-3.671432587E+00-3.734908257E+00-3.798252822E+00-3.861356703E+00
-3.924057869E+00-3.986164504E+00-4.047461678E+00-4.107719092E+00-4.166699377E+00
-4.224165976E+00-4.279890143E+00-4.333656808E+00-4.385269392E+00-4.434553016E+00
-4.481356460E+00-4.525552648E+00-4.567037525E+00-4.605727576E+00-4.641556764E+00
-4.674470483E+00-4.704416938E+00-4.731341545E+00-4.755185531E+00-4.775886057E+00
-4.793376155E+00-4.807584304E+00-4.818434450E+00-4.825845808E+00-4.829733157E+00
-4.830006937E+00-4.826573614E+00-4.819336127E+00-4.808194414E+00-4.793046104E+00
-4.773787316E+00-4.750313550E+00-4.722521041E+00-4.690308310E+00-4.653576360E+00
-4.612228673E+00-4.566176191E+00-4.515349835E+00-4.459708274E+00-4.399240753E+00
-4.333972172E+00-4.263965874E+00-4.189323745E+00-4.110183576E+00-4.026712767E+00
-3.939096969E+00-3.847521235E+00-3.752134109E+00-3.652993260E+00-3.549714107E+00
-3.441009852E+00-3.324074043E+00-3.199047493E+00-3.070849542E+00-2.941463247E+00
-2.810939881E+00-2.679337536E+00-2.546715217E+00-2.413131131E+00-2.278642228E+00
-2.143304354E+00-2.007172249E+00-1.870299632E+00-1.732739223E+00-1.594542698E+00
-1.455760717E+00-1.316442966E+00-1.176638280E+00-1.036394891E+00-8.957608529E-01
-7.547846644E-01-6.135162024E-01-4.720080003E-01-3.303170057E-01-1.885069113E-01
-4.665120421E-02 9.516286929E-02 2.368292415E-01 3.782166115E-01 5.191604091E-01
 6.594529152E-01 7.988313326E-01 9.369639264E-01 1.073434785E+00 1.207728780E+00
 1.339219753E+00 1.467166708E+00 1.590723986E+00 1.708969945E+00 1.820953758E+00
-1.602127946E+00-1.651157847E+00-1.700527932E+00-1.750225889E+00-1.800302544E+00
-1.851076008E+00-1.902595253E+00-1.954806417E+00-2.007671521E+00-2.061164446E+00
-2.115266143E+00-2.169962060E+00-2.225240725E+00-2.281092800E+00-2.337510669E+00
-2.394488111E+00-2.452020127E+00-2.510102862E+00-2.568733525E+00-2.627910411E+00
-2.687632783E+00-2.747900933E+00-2.808716138E+00-2.870080570E+00-2.931997135E+00
-2.994469204E+00-3.057499878E+00-3.121090378E+00-3.185236401E+00-3.250134782E+00
-3.315308958E+00-3.380041935E+00-3.443859380E+00-3.506683745E+00-3.568711709E+00
-3.630183103E+00-3.691265830E+00-3.752053268E+00-3.812542143E+00-3.872600360E+00
-3.932064764E+00-3.990746176E+00-4.048436814E+00-4.104917445E+00-4.159964631E+00
-4.213357318E+00-4.264882685E+00-4.314340722E+00-4.361547889E+00-4.406339305E+00
-4.448569952E+00-4.488114381E+00-4.524865495E+00-4.558732221E+00-4.589636180E+00
-4.617508426E+00-4.642285655E+00-4.663906054E+00-4.682305833E+00-4.697417384E+00
-4.709168878E+00-4.717484471E+00-4.722284310E+00-4.723484861E+00-4.720999178E+00
-4.714737235E+00-4.704606602E+00-4.690512875E+00-4.672360504E+00-4.650053049E+00
-4.623493935E+00-4.592588213E+00-4.557247175E+00-4.517393777E+00-4.472966652E+00
-4.423923557E+00-4.370246530E+00-4.311945918E+00-4.249062840E+00-4.181670154E+00
-4.109871410E+00-4.033796941E+00-3.953596105E+00-3.869424210E+00-3.781419048E+00
-3.689665896E+00-3.594008983E+00-3.493728271E+00-3.386888855E+00-3.271153869E+00
-3.149454843E+00-3.026490469E+00-2.902010123E+00-2.776189788E+00-2.649151831E+00
-2.520993990E+00-2.391802145E+00-2.261656033E+00-2.130632194E+00-1.998805384E+00
-1.866249427E+00-1.733037743E+00-1.599243592E+00-1.464940307E+00-1.330201455E+00
-1.195101028E+00-1.059713669E+00-9.241150054E-01-7.883821376E-01-6.525942967E-01
-5.168337835E-01-3.811872061E-01-2.457471136E-01-1.106141137E-01 2.410045124E-02
 1.582711737E-01 2.917544988E-01 4.243838311E-01 5.559637952E-01 6.862637057E-01
 8.150104670E-01 9.418813077E-01 1.066497145E+00 1.188417783E+00 1.307140573E+00
 1.422104444E+00 1.532700941E+00 1.638292961E+00 1.738240188E+00-1.594697277E+00
-1.642933674E+00-1.691827923E+00-1.741384315E+00-1.791592554E+00-1.842447536E+00
-1.893914797E+00-1.945961730E+00-1.998568246E+00-2.051720152E+00-2.105406054E+00
-2.159616185E+00-2.214341846E+00-2.269575208E+00-2.325309276E+00-2.381537772E+00
-2.438255211E+00-2.495456925E+00-2.553139075E+00-2.611298641E+00-2.669933547E+00
-2.729042555E+00-2.788625412E+00-2.848682757E+00-2.909216161E+00-2.970228277E+00
-3.031723098E+00-3.093706882E+00-3.156190926E+00-3.219198832E+00-3.282700197E+00
-3.345992404E+00-3.408433024E+00-3.469721769E+00-3.529925296E+00-3.589274890E+00
-3.647981531E+00-3.706176847E+00-3.763928078E+00-3.821193503E+00-3.877833046E+00
-3.933684772E+00-3.988564985E+00-4.042275186E+00-4.094608523E+00-4.145355859E+00
-4.194311369E+00-4.241277193E+00-4.286067039E+00-4.328508819E+00-4.368446256E+00
-4.405739388E+00-4.440264125E+00-4.471910984E+00-4.500583100E+00-4.526193877E+00
-4.548664158E+00-4.567919457E+00-4.583887557E+00-4.596496567E+00-4.605673340E+00
-4.611342478E+00-4.613425891E+00-4.611842563E+00-4.606508825E+00-4.597338815E+00
-4.584245163E+00-4.567140205E+00-4.545937578E+00-4.520554270E+00-4.490912927E+00
-4.456944567E+00-4.418592299E+00-4.375814945E+00-4.328590610E+00-4.276919565E+00
-4.220826652E+00-4.160362561E+00-4.095603560E+00-4.026648938E+00-3.953615599E+00
-3.876628562E+00-3.795803452E+00-3.711218901E+00-3.622820014E+00-3.530148113E+00
-3.431966724E+00-3.325950973E+00-3.212306743E+00-3.095119089E+00-2.976492080E+00
-2.856464471E+00-2.735063815E+00-2.612365315E+00-2.488458262E+00-2.363434754E+00
-2.237386699E+00-2.110405207E+00-1.982580925E+00-1.854004556E+00-1.724767284E+00
-1.594961103E+00-1.464679109E+00-1.334015690E+00-1.203066701E+00-1.071929623E+00
-9.407037672E-01-8.094905257E-01-6.783937409E-01-5.475202120E-01-4.169803947E-01
-2.868893506E-01-1.573679768E-01-2.854459496E-02 9.944308570E-02 2.264455743E-01
 3.522987671E-01 4.768207139E-01 5.998080224E-01 7.210321002E-01 8.402354500E-01
 9.571284277E-01 1.071387016E+00 1.182652250E+00 1.290532118E+00 1.394606559E+00
 1.494436048E+00 1.589573735E+00 1.679580502E+00-1.587332082E+00-1.634594181E+00
-1.682993303E+00-1.732504147E+00-1.783211370E+00-1.834340519E+00-1.885844755E+00
-1.937780576E+00-1.990165785E+00-2.043005680E+00-2.096299698E+00-2.150044197E+00
-2.204233943E+00-2.258862912E+00-2.313924767E+00-2.369413210E+00-2.425322176E+00
-2.481646123E+00-2.538380033E+00-2.595519604E+00-2.653061290E+00-2.711002358E+00
-2.769341027E+00-2.828076327E+00-2.887208257E+00-2.946737653E+00-3.006666082E+00
-3.066995482E+00-3.127726804E+00-3.188856249E+00-3.250530231E+00-3.312245971E+00
-3.373275236E+00-3.433109744E+00-3.491618137E+00-3.548955839E+00-3.605353420E+00
-3.660988664E+00-3.715962450E+00-3.770317852E+00-3.823989124E+00-3.876835142E+00
-3.928697517E+00-3.979400014E+00-4.028754771E+00-4.076567900E+00-4.122644545E+00
-4.166793434E+00-4.208830561E+00-4.248582054E+00-4.285886076E+00-4.320593849E+00
-4.352569927E+00-4.381691632E+00-4.407847992E+00-4.430938167E+00-4.450869556E+00
-4.467555812E+00-4.480915028E+00-4.490867972E+00-4.497336728E+00-4.500243729E+00
-4.499511098E+00-4.495060493E+00-4.486813437E+00-4.474691859E+00-4.458619316E+00
-4.438522389E+00-4.414332675E+00-4.385988963E+00-4.353439671E+00-4.316645597E+00
-4.275582541E+00-4.230243817E+00-4.180642311E+00-4.126811604E+00-4.068806126E+00
-4.006699510E+00-3.940580601E+00-3.870546691E+00-3.796688988E+00-3.719073260E+00
-3.637674469E+00-3.552155513E+00-3.461643003E+00-3.364236855E+00-3.258625390E+00
-3.147833498E+00-3.035533830E+00-2.921442549E+00-2.805735446E+00-2.688533240E+00
-2.569933282E+00-2.450029880E+00-2.328918873E+00-2.206698021E+00-2.083466862E+00
-1.959326702E+00-1.834380542E+00-1.708733472E+00-1.582492740E+00-1.455768007E+00
-1.328671484E+00-1.201318034E+00-1.073825235E+00-9.463134151E-01-8.189056778E-01
-6.917279552E-01-5.649091092E-01-4.385811062E-01-3.128793362E-01-1.879430579E-01
-6.391607552E-02 5.905238483E-02 1.808065342E-01 3.011826259E-01 4.200073246E-01
 5.370958682E-01 6.522501525E-01 7.652568329E-01 8.758856817E-01 9.838884637E-01
 1.088998633E+00 1.190932218E+00 1.289390228E+00 1.384062838E+00 1.474635440E+00
 1.560796478E+00 1.642246682E+00-1.581892751E+00-1.628600018E+00-1.676589602E+00
-1.725884224E+00-1.776380412E+00-1.827450722E+00-1.878858928E+00-1.930623596E+00
-1.982761539E+00-2.035280955E+00-2.088184039E+00-2.141468969E+00-2.195131444E+00
-2.249165553E+00-2.303564554E+00-2.358321296E+00-2.413428628E+00-2.468879576E+00
-2.524667707E+00-2.580787089E+00-2.637232590E+00-2.693999867E+00-2.751085492E+00
-2.808486965E+00-2.866202812E+00-2.924232551E+00-2.982576839E+00-3.041237730E+00
-3.100219236E+00-3.159529340E+00-3.219185849E+00-3.279113038E+00-3.338609957E+00
-3.397009935E+00-3.453951839E+00-3.509431950E+00-3.563644659E+00-3.616801002E+00
-3.669046967E+00-3.720458203E+00-3.771057536E+00-3.820768562E+00-3.869452075E+00
-3.916955441E+00-3.963111242E+00-4.007743106E+00-4.050670322E+00-4.091711967E+00
-4.130690641E+00-4.167435361E+00-4.201783726E+00-4.233583374E+00-4.262692717E+00
-4.288980977E+00-4.312327765E+00-4.332622242E+00-4.349762001E+00-4.363651668E+00
-4.374201680E+00-4.381327012E+00-4.384946278E+00-4.384980944E+00-4.381354973E+00
-4.373994848E+00-4.362830018E+00-4.347793611E+00-4.328823660E+00-4.305864570E+00
-4.278868889E+00-4.247799139E+00-4.212629841E+00-4.173349329E+00-4.129961226E+00
-4.082485570E+00-4.030958826E+00-3.975432811E+00-3.915971682E+00-3.852647037E+00
-3.785524022E+00-3.714654278E+00-3.640004612E+00-3.561298104E+00-3.477863374E+00
-3.388212238E+00-3.290747610E+00-3.187215430E+00-3.080701415E+00-2.972430608E+00
-2.862460249E+00-2.750820548E+00-2.637587250E+00-2.522850109E+00-2.406703455E+00
-2.289244792E+00-2.170574843E+00-2.050797644E+00-1.930020648E+00-1.808354918E+00
-1.685915216E+00-1.562820188E+00-1.439192507E+00-1.315158985E+00-1.190850617E+00
-1.066402557E+00-9.419540224E-01-8.176481232E-01-6.936316374E-01-5.700547457E-01
-4.470707391E-01-3.248357528E-01-2.035085362E-01-8.325030107E-02 3.577530760E-02
 1.534021027E-01 2.694610790E-01 3.837799673E-01 4.961826306E-01 6.064883399E-01
 7.145110048E-01 8.200584504E-01 9.229318824E-01 1.022925717E+00 1.119827923E+00
 1.213421109E+00 1.303484461E+00 1.389796686E+00 1.472139921E+00 1.550304589E+00
 1.624094940E+00-1.577907297E+00-1.624187325E+00-1.671828773E+00-1.720845995E+00
-1.771167246E+00-1.822040035E+00-1.873233302E+00-1.924752046E+00-1.976599660E+00
-2.028776584E+00-2.081280304E+00-2.134105899E+00-2.187246585E+00-2.240694284E+00
-2.294440158E+00-2.348475023E+00-2.402789636E+00-2.457375045E+00-2.512222724E+00
-2.567324825E+00-2.622674256E+00-2.678264855E+00-2.734091391E+00-2.790149716E+00
-2.846436770E+00-2.902950478E+00-2.959689852E+00-3.016654757E+00-3.073845367E+00
-3.131261102E+00-3.188897057E+00-3.246866804E+00-3.304676864E+00-3.361594062E+00
-3.417059098E+00-3.470853666E+00-3.523059676E+00-3.573880238E+00-3.623500559E+00
-3.672038995E+00-3.719550519E+00-3.766043211E+00-3.811440667E+00-3.855607945E+00
-3.898399696E+00-3.939658325E+00-3.979219612E+00-4.016916061E+00-4.052580543E+00
-4.086049088E+00-4.117163366E+00-4.145772274E+00-4.171733080E+00-4.194911964E+00
-4.215184216E+00-4.232433844E+00-4.246553071E+00-4.257441700E+00-4.265006273E+00
-4.269159477E+00-4.269819482E+00-4.266909672E+00-4.260358525E+00-4.250099809E+00
-4.236073088E+00-4.218224454E+00-4.196507596E+00-4.170884902E+00-4.141328819E+00
-4.107822915E+00-4.070362965E+00-4.028957572E+00-3.983628014E+00-3.934407095E+00
-3.881337406E+00-3.824465085E+00-3.763828460E+00-3.699464249E+00-3.631298356E+00
-3.559074226E+00-3.482208703E+00-3.399460138E+00-3.309326588E+00-3.212749201E+00
-3.112589152E+00-3.010536050E+00-2.906455748E+00-2.800479779E+00-2.692709678E+00
-2.583232584E+00-2.472136761E+00-2.359514406E+00-2.245461918E+00-2.130079945E+00
-2.013473644E+00-1.895752897E+00-1.777032696E+00-1.657433347E+00-1.537080770E+00
-1.416106712E+00-1.294648923E+00-1.172851240E+00-1.050863574E+00-9.288417619E-01
-8.069473041E-01-6.853469509E-01-5.642121572E-01-4.437184125E-01-3.240444670E-01
-2.053714799E-01-8.788213354E-02 2.824025279E-02 1.428125570E-01 2.556525952E-01
 3.665797359E-01 4.754153600E-01 5.819831469E-01 6.861092252E-01 7.876221924E-01
 8.863530738E-01 9.821353207E-01 1.074804904E+00 1.164200659E+00 1.250164964E+00
 1.332544845E+00 1.411193578E+00 1.485972787E+00 1.556755041E+00 1.623426800E+00
-1.575313788E+00-1.621246920E+00-1.668589837E+00-1.717334495E+00-1.767512808E+00
-1.818144158E+00-1.869078524E+00-1.920317433E+00-1.971853282E+00-2.023677678E+00
-2.075781163E+00-2.128153215E+00-2.180782403E+00-2.233656711E+00-2.286763720E+00
-2.340091028E+00-2.393626389E+00-2.447358040E+00-2.501274860E+00-2.555366538E+00
-2.609623718E+00-2.664038123E+00-2.718602624E+00-2.773311311E+00-2.828159532E+00
-2.883143917E+00-2.938262450E+00-2.993514375E+00-3.048900487E+00-3.104423538E+00
-3.160089979E+00-3.215914945E+00-3.271805736E+00-3.327089362E+00-3.381076113E+00
-3.433324947E+00-3.483728706E+00-3.532413769E+00-3.579573927E+00-3.625368053E+00
-3.669891482E+00-3.713182079E+00-3.755238137E+00-3.795991023E+00-3.835314688E+00
-3.873071012E+00-3.909114007E+00-3.943291776E+00-3.975450522E+00-4.005436933E+00
-4.033100797E+00-4.058296747E+00-4.080885713E+00-4.100735795E+00-4.117722901E+00
-4.131730846E+00-4.142651408E+00-4.150384078E+00-4.154835845E+00-4.155920869E+00
-4.153560382E+00-4.147682630E+00-4.138222951E+00-4.125124047E+00-4.108336448E+00
-4.087819017E+00-4.063539626E+00-4.035475856E+00-4.003615363E+00-3.967955939E+00
-3.928505024E+00-3.885279302E+00-3.838301135E+00-3.787590848E+00-3.733170572E+00
-3.675039239E+00-3.613070937E+00-3.547008551E+00-3.476291150E+00-3.399816058E+00
-3.316298414E+00-3.226387062E+00-3.132556891E+00-3.036744205E+00-2.938708241E+00
-2.838579543E+00-2.736437190E+00-2.632369988E+00-2.526467457E+00-2.418818754E+00
-2.309514563E+00-2.198648844E+00-2.086319665E+00-1.972630093E+00-1.857688789E+00
-1.741610547E+00-1.624516870E+00-1.506536452E+00-1.387805609E+00-1.268468653E+00
-1.148678172E+00-1.028595153E+00-9.083889711E-01-7.882371790E-01-6.683250746E-01
-5.488450422E-01-4.299956512E-01-3.119805052E-01-1.950068720E-01-7.928411986E-02
 3.497797650E-02 1.475710297E-01 2.582898270E-01 3.669340667E-01 4.733099441E-01
 5.772315546E-01 6.785220468E-01 7.770144941E-01 8.725525190E-01 9.649906262E-01
 1.054194357E+00 1.140040286E+00 1.222415935E+00 1.301219730E+00 1.376361020E+00
 1.447760298E+00 1.515349614E+00 1.579073244E+00 1.638888590E+00-1.574321582E+00
-1.620040354E+00-1.667136089E+00-1.715634550E+00-1.765409818E+00-1.815779480E+00
-1.866458177E+00-1.917421497E+00-1.968653182E+00-2.020136947E+00-2.071856202E+00
-2.123794051E+00-2.175933403E+00-2.228257110E+00-2.280748177E+00-2.333389999E+00
-2.386166569E+00-2.439062619E+00-2.492063848E+00-2.545157080E+00-2.598330300E+00
-2.651572872E+00-2.704875552E+00-2.758230569E+00-2.811631684E+00-2.865074190E+00
-2.918554926E+00-2.972072130E+00-3.025625376E+00-3.079214973E+00-3.132840902E+00
-3.186499560E+00-3.240287502E+00-3.293747504E+00-3.346161199E+00-3.396922311E+00
-3.445707767E+00-3.492490478E+00-3.537414104E+00-3.580655075E+00-3.622348645E+00
-3.662571759E+00-3.701349182E+00-3.738671225E+00-3.774481229E+00-3.808671632E+00
-3.841111095E+00-3.871666012E+00-3.900198167E+00-3.926567734E+00-3.950636224E+00
-3.972267939E+00-3.991331676E+00-4.007701988E+00-4.021259994E+00-4.031894007E+00
-4.039499815E+00-4.043980880E+00-4.045248476E+00-4.043221702E+00-4.037827585E+00
-4.029001229E+00-4.016686073E+00-4.000833985E+00-3.981405453E+00-3.958369475E+00
-3.931703612E+00-3.901394436E+00-3.867436985E+00-3.829831358E+00-3.788577708E+00
-3.743682682E+00-3.695147889E+00-3.642899986E+00-3.586785622E+00-3.526517376E+00
-3.461515269E+00-3.390762835E+00-3.313254843E+00-3.229674165E+00-3.142118765E+00
-3.052492471E+00-2.960501038E+00-2.866271369E+00-2.769861517E+00-2.671344534E+00
-2.570795410E+00-2.468292390E+00-2.363916664E+00-2.257752329E+00-2.149887028E+00
-2.040412725E+00-1.929426670E+00-1.817032114E+00-1.703339234E+00-1.588465909E+00
-1.472538492E+00-1.355692567E+00-1.238073632E+00-1.119837705E+00-1.001151791E+00
-8.821941940E-01-7.631545871E-01-6.442338281E-01-5.256434400E-01-4.076047333E-01
-2.903475289E-01-1.741084672E-01-5.912892365E-02 5.434744271E-02 1.660774303E-01
 2.758212354E-01 3.833454790E-01 4.884261772E-01 5.908515471E-01 6.904245096E-01
 7.869647892E-01 8.803105401E-01 9.703194660E-01 1.056869388E+00 1.139858313E+00
 1.219204029E+00 1.294843309E+00 1.366730811E+00 1.434837786E+00 1.499150691E+00
 1.559669860E+00 1.616408278E+00 1.669390577E+00-1.574484000E+00-1.619991762E+00
-1.666889594E+00-1.715192745E+00-1.764804453E+00-1.814972959E+00-1.865430597E+00
-1.916152054E+00-1.967113841E+00-2.018292338E+00-2.069663773E+00-2.121204526E+00
-2.172891131E+00-2.224700606E+00-2.276610591E+00-2.328599615E+00-2.380647158E+00
-2.432733960E+00-2.484842037E+00-2.536954920E+00-2.589057669E+00-2.641137030E+00
-2.693181473E+00-2.745181290E+00-2.797128615E+00-2.849017517E+00-2.900843986E+00
-2.952605949E+00-3.004303424E+00-3.055938505E+00-3.107515803E+00-3.159043593E+00
-3.210537124E+00-3.261902087E+00-3.312534206E+00-3.361741174E+00-3.409006181E+00
-3.454099958E+00-3.497042541E+00-3.537976642E+00-3.577058248E+00-3.614402652E+00
-3.650073082E+00-3.684085952E+00-3.716423529E+00-3.747040202E+00-3.775852493E+00
-3.802747510E+00-3.827600814E+00-3.850288797E+00-3.870688047E+00-3.888675480E+00
-3.904131015E+00-3.916939397E+00-3.926990931E+00-3.934182262E+00-3.938416908E+00
-3.939605678E+00-3.937666992E+00-3.932527026E+00-3.924119934E+00-3.912388069E+00
-3.897282273E+00-3.878762046E+00-3.856794738E+00-3.831353666E+00-3.802415502E+00
-3.769963172E+00-3.733991582E+00-3.694482749E+00-3.651372379E+00-3.604551496E+00
-3.553839795E+00-3.498893700E+00-3.439093489E+00-3.373515087E+00-3.301513794E+00
-3.223962145E+00-3.142606663E+00-3.059078361E+00-2.973087048E+00-2.884749625E+00
-2.794106959E+00-2.701217163E+00-2.606139122E+00-2.508935272E+00-2.409671338E+00
-2.308416479E+00-2.205243571E+00-2.100229542E+00-1.993456028E+00-1.885010092E+00
-1.774985115E+00-1.663481748E+00-1.550608929E+00-1.436484924E+00-1.321238405E+00
-1.205009517E+00-1.087950935E+00-9.702288119E-01-8.520236282E-01-7.335308177E-01
-6.149611438E-01-4.965406992E-01-3.785104584E-01-2.611252833E-01-1.446523312E-01
-2.936877487E-02 8.444113893E-02 1.964896745E-01 3.064897381E-01 4.141593976E-01
 5.192266112E-01 6.214339203E-01 7.205428966E-01 8.163381049E-01 9.086304260E-01
 9.972595701E-01 1.082095735E+00 1.163040317E+00 1.240025730E+00 1.313014322E+00
 1.381996525E+00 1.446988311E+00 1.508028154E+00 1.565173653E+00 1.618498056E+00
 1.668086887E+00 1.714034874E+00-1.575853628E+00-1.621181274E+00-1.667940689E+00
-1.716108075E+00-1.765729803E+00-1.815761804E+00-1.866057124E+00-1.916595768E+00
-1.967346929E+00-2.018279297E+00-2.069361451E+00-2.120562328E+00-2.171851488E+00
-2.223199361E+00-2.274577578E+00-2.325959167E+00-2.377318646E+00-2.428632241E+00
-2.479877938E+00-2.531035662E+00-2.582087278E+00-2.633016720E+00-2.683809999E+00
-2.734455372E+00-2.784943247E+00-2.835266397E+00-2.885419920E+00-2.935401354E+00
-2.985210776E+00-3.034850843E+00-3.084326998E+00-3.133647322E+00-3.182822317E+00
-3.231862893E+00-3.280453085E+00-3.327917813E+00-3.373627668E+00-3.417159181E+00
-3.458352878E+00-3.497251543E+00-3.533986904E+00-3.568694754E+00-3.601474500E+00
-3.632380066E+00-3.661424670E+00-3.688587906E+00-3.713826718E+00-3.737077647E+00
-3.758254851E+00-3.777257318E+00-3.793975875E+00-3.808300579E+00-3.820125182E+00
-3.829347568E+00-3.835870212E+00-3.839600858E+00-3.840453143E+00-3.838347233E+00
-3.833210076E+00-3.824975402E+00-3.813583413E+00-3.798980900E+00-3.781121918E+00
-3.759969943E+00-3.735495637E+00-3.707665904E+00-3.676431682E+00-3.641721331E+00
-3.603445331E+00-3.561464922E+00-3.515543585E+00-3.465280814E+00-3.410045010E+00
-3.349083682E+00-3.282201990E+00-3.210452000E+00-3.135196855E+00-3.057656136E+00
-2.977589971E+00-2.895099413E+00-2.810213683E+00-2.722978530E+00-2.633438929E+00
-2.541642469E+00-2.447639242E+00-2.351481990E+00-2.253226599E+00-2.152932343E+00
-2.050662450E+00-1.946484642E+00-1.840471920E+00-1.732703410E+00-1.623265377E+00
-1.512252382E+00-1.399768515E+00-1.285928763E+00-1.170860458E+00-1.054704781E+00
-9.376183087E-01-8.197745246E-01-7.013652606E-01-5.826019333E-01-4.637165124E-01
-3.449620404E-01-2.266125666E-01-1.089623203E-01 7.676034519E-03 1.229742121E-01
 2.365922433E-01 3.481835421E-01 4.574009700E-01 5.639036689E-01 6.673643026E-01
 7.674763338E-01 8.639608692E-01 9.565727604E-01 1.045105586E+00 1.129395382E+00
 1.209322918E+00 1.284814561E+00 1.355841632E+00 1.422418377E+00 1.484598593E+00
 1.542471075E+00 1.596154118E+00 1.645789379E+00 1.691535471E+00 1.733561713E+00
 1.772042445E+00-1.578795329E+00-1.624087839E+00-1.670771903E+00-1.718866414E+00
-1.768240099E+00-1.818185121E+00-1.868400598E+00-1.918841230E+00-1.969467236E+00
-2.020238251E+00-2.071113979E+00-2.122054854E+00-2.173022411E+00-2.223979795E+00
-2.274891953E+00-2.325725885E+00-2.376450763E+00-2.427037946E+00-2.477461218E+00
-2.527696648E+00-2.577722765E+00-2.627520523E+00-2.677073412E+00-2.726367402E+00
-2.775391120E+00-2.824135864E+00-2.872595707E+00-2.920767527E+00-2.968651208E+00
-3.016249755E+00-3.063569348E+00-3.110619502E+00-3.157413082E+00-3.203966386E+00
-3.250216069E+00-3.295655922E+00-3.339626173E+00-3.381570657E+00-3.421147601E+00
-3.458244133E+00-3.492908443E+00-3.525255806E+00-3.555403028E+00-3.583437132E+00
-3.609406890E+00-3.633326486E+00-3.655181096E+00-3.674932567E+00-3.692525655E+00
-3.707894032E+00-3.720961196E+00-3.731643051E+00-3.739852302E+00-3.745501675E+00
-3.748506298E+00-3.748785232E+00-3.746262597E+00-3.740868072E+00-3.732536919E+00
-3.721209301E+00-3.706828307E+00-3.689337260E+00-3.668675992E+00-3.644780404E+00
-3.617579964E+00-3.586983075E+00-3.552857296E+00-3.515003136E+00-3.473114167E+00
-3.426734328E+00-3.375287632E+00-3.318369212E+00-3.256344426E+00-3.190241697E+00
-3.120961016E+00-3.049279640E+00-2.975033910E+00-2.898307593E+00-2.819124949E+00
-2.737523300E+00-2.653537445E+00-2.567203349E+00-2.478557869E+00-2.387639175E+00
-2.294487225E+00-2.199144105E+00-2.101654480E+00-2.002066173E+00-1.900430684E+00
-1.796804023E+00-1.691247530E+00-1.583828908E+00-1.474623412E+00-1.363715205E+00
-1.251198889E+00-1.137181232E+00-1.021783067E+00-9.051413509E-01-7.874113863E-01
-6.687691178E-01-5.494134848E-01-4.295686716E-01-3.094861489E-01-1.894462812E-01
-6.975924399E-02 4.923504033E-02 1.671683010E-01 2.836469738E-01 3.982571687E-01
 5.105716562E-01 6.201587538E-01 7.265927355E-01 8.294651134E-01 9.283960194E-01
 1.023044863E+00 1.113119590E+00 1.198384070E+00 1.278663360E+00 1.353846788E+00
 1.423888852E+00 1.488808009E+00 1.548683329E+00 1.603649100E+00 1.653887434E+00
 1.699619199E+00 1.741093682E+00 1.778577734E+00 1.812345180E+00 1.842667320E+00
-1.582813802E+00-1.628075990E+00-1.674756474E+00-1.722867326E+00-1.772289624E+00
-1.822273528E+00-1.872521051E+00-1.922979109E+00-1.973596316E+00-2.024320728E+00
-2.075101044E+00-2.125887482E+00-2.176632435E+00-2.227290848E+00-2.277820501E+00
-2.328182018E+00-2.378339009E+00-2.428257952E+00-2.477908269E+00-2.527262231E+00
-2.576294940E+00-2.624984363E+00-2.673311316E+00-2.721259485E+00-2.768815518E+00
-2.815969049E+00-2.862712811E+00-2.909042774E+00-2.954958298E+00-3.000462328E+00
-3.045561608E+00-3.090266951E+00-3.134593567E+00-3.178561434E+00-3.222195898E+00
-3.265249182E+00-3.307150746E+00-3.347298599E+00-3.385212537E+00-3.420614361E+00
-3.453417146E+00-3.483662494E+00-3.511446012E+00-3.536866408E+00-3.560000415E+00
-3.580894693E+00-3.599566799E+00-3.616009968E+00-3.630198082E+00-3.642090001E+00
-3.651633390E+00-3.658767964E+00-3.663428327E+00-3.665546425E+00-3.665053179E+00
-3.661879626E+00-3.655957578E+00-3.647219660E+00-3.635598691E+00-3.621025785E+00
-3.603427039E+00-3.582718104E+00-3.558796551E+00-3.531530480E+00-3.500739898E+00
-3.466170594E+00-3.427470621E+00-3.384204246E+00-3.335983964E+00-3.282800745E+00
-3.225264891E+00-3.164174956E+00-3.100869475E+00-3.034952689E+00-2.966405570E+00
-2.895322328E+00-2.821738832E+00-2.745692595E+00-2.667214350E+00-2.586332969E+00
-2.503075928E+00-2.417470259E+00-2.329542973E+00-2.239321547E+00-2.146834447E+00
-2.052111455E+00-1.955184271E+00-1.856087084E+00-1.754857206E+00-1.651535905E+00
-1.546169363E+00-1.438809798E+00-1.329516792E+00-1.218358851E+00-1.105415211E+00
-9.907779266E-01-8.745542613E-01-7.568693874E-01-6.378694145E-01-5.177247377E-01
-3.966336396E-01-2.748260825E-01-1.525675184E-01-3.016248244E-02 9.204240241E-02
 2.136565152E-01 3.342450627E-01 4.533314015E-01 5.704025852E-01 6.849186555E-01
 7.963257783E-01 9.040726267E-01 1.007628708E+00 1.106502928E+00 1.200260568E+00
 1.288537360E+00 1.371049994E+00 1.447603015E+00 1.518092465E+00 1.582506637E+00
 1.640924161E+00 1.693509318E+00 1.740504311E+00 1.782218187E+00 1.819012466E+00
 1.851284071E+00 1.879446870E+00 1.903913665E+00 1.925080471E+00-1.587867170E+00
-1.633106385E+00-1.679871272E+00-1.728106502E+00-1.777865418E+00-1.828039999E+00
-1.878471111E+00-1.929103149E+00-1.979867986E+00-2.030697849E+00-2.081527344E+00
-2.132294502E+00-2.182941348E+00-2.233414167E+00-2.283663355E+00-2.333643336E+00
-2.383312313E+00-2.432632172E+00-2.481568208E+00-2.530089127E+00-2.578166735E+00
-2.625776133E+00-2.672895463E+00-2.719506065E+00-2.765592379E+00-2.811142198E+00
-2.856146569E+00-2.900600086E+00-2.944501044E+00-2.987851651E+00-3.030658381E+00
-3.072932316E+00-3.114689713E+00-3.155952490E+00-3.196749033E+00-3.237050101E+00
-3.276467474E+00-3.314433439E+00-3.350419485E+00-3.384019950E+00-3.415004053E+00
-3.443295989E+00-3.468923023E+00-3.491958923E+00-3.512484183E+00-3.530565343E+00
-3.546246893E+00-3.559550439E+00-3.570477298E+00-3.579011718E+00-3.585124476E+00
-3.588775773E+00-3.589917689E+00-3.588495812E+00-3.584450325E+00-3.577716199E+00
-3.568222591E+00-3.555891042E+00-3.540631934E+00-3.522338652E+00-3.500879045E+00
-3.476083660E+00-3.447731828E+00-3.415544482E+00-3.379203233E+00-3.338431610E+00
-3.293187834E+00-3.243853578E+00-3.191031258E+00-3.135170871E+00-3.076950655E+00
-3.016186896E+00-2.952952199E+00-2.887233331E+00-2.819031997E+00-2.748368717E+00
-2.675264883E+00-2.599741772E+00-2.521819206E+00-2.441515574E+00-2.358847967E+00
-2.273832584E+00-2.186484966E+00-2.096820343E+00-2.004854043E+00-1.910601844E+00
-1.814080443E+00-1.715308048E+00-1.614304995E+00-1.511094550E+00-1.405703856E+00
-1.298165085E+00-1.188516824E+00-1.076805731E+00-9.630885464E-01-8.474344418E-01
-7.299278552E-01-6.106717957E-01-4.897917343E-01-3.674401091E-01-2.438015012E-01
-1.190984538E-01 6.402097495E-03 1.323819972E-01 2.584650198E-01 3.842106597E-01
 5.091096493E-01 6.325827142E-01 7.539845387E-01 8.726148476E-01 9.877378513E-01
 1.098609527E+00 1.204509895E+00 1.304775715E+00 1.398828868E+00 1.486197403E+00
 1.566528762E+00 1.639596558E+00 1.705303007E+00 1.763678669E+00 1.814880178E+00
 1.859185506E+00 1.896985266E+00 1.928768236E+00 1.955099632E+00 1.976592354E+00
 1.993873838E+00 2.007553204E+00 2.018193882E+00-1.594268108E+00-1.639646014E+00
-1.686568546E+00-1.735048124E+00-1.784935044E+00-1.835466656E+00-1.886294176E+00
-1.937317109E+00-1.988440966E+00-2.039575961E+00-2.090639125E+00-2.141554829E+00
-2.192254671E+00-2.242676722E+00-2.292764905E+00-2.342468354E+00-2.391740836E+00
-2.440540360E+00-2.488828811E+00-2.536571698E+00-2.583738057E+00-2.630300216E+00
-2.676233838E+00-2.721517841E+00-2.766134436E+00-2.810069168E+00-2.853311089E+00
-2.895852817E+00-2.937690804E+00-2.978825575E+00-3.019262071E+00-3.059010134E+00
-3.098085035E+00-3.136508282E+00-3.174308631E+00-3.211523576E+00-3.247978860E+00
-3.283256651E+00-3.316837932E+00-3.348270209E+00-3.377214032E+00-3.403472994E+00
-3.426972687E+00-3.447721113E+00-3.465767859E+00-3.481173284E+00-3.493990909E+00
-3.504259217E+00-3.511999075E+00-3.517214129E+00-3.519892130E+00-3.520006688E+00
-3.517518273E+00-3.512374644E+00-3.504510170E+00-3.493843817E+00-3.480275812E+00
-3.463683167E+00-3.443913849E+00-3.420781935E+00-3.394071098E+00-3.363558771E+00
-3.329073080E+00-3.290604412E+00-3.248413896E+00-3.202887582E+00-3.154332269E+00
-3.103530580E+00-3.050218309E+00-2.994371272E+00-2.936063898E+00-2.875314865E+00
-2.812145121E+00-2.746566040E+00-2.678586865E+00-2.608218060E+00-2.535470087E+00
-2.460352792E+00-2.382874854E+00-2.303043444E+00-2.220864219E+00-2.136341384E+00
-2.049477788E+00-1.960275136E+00-1.868734165E+00-1.774854993E+00-1.678637441E+00
-1.580081461E+00-1.479187695E+00-1.375958123E+00-1.270396902E+00-1.162511414E+00
-1.052313554E+00-9.398213351E-01-8.250608800E-01-7.080688675E-01-5.888955679E-01
-4.676085434E-01-3.442971906E-01-2.190782646E-01-9.210258342E-02 3.643690981E-02
 1.662955396E-01 2.971656141E-01 4.286635158E-01 5.603155552E-01 6.915437210E-01
 8.216536714E-01 9.498292501E-01 1.075139727E+00 1.196566463E+00 1.313051869E+00
 1.423564676E+00 1.527166399E+00 1.623062719E+00 1.710632045E+00 1.789434340E+00
 1.859208747E+00 1.919868065E+00 1.971494920E+00 2.014341063E+00 2.048828304E+00
 2.075546621E+00 2.095243062E+00 2.108793046E+00 2.117150358E+00 2.121279787E+00
 2.122088047E+00 2.120370591E+00-1.601248911E+00-1.646712625E+00-1.693896007E+00
-1.742811656E+00-1.793282844E+00-1.844492292E+00-1.896035533E+00-1.947759795E+00
-1.999529761E+00-2.051227469E+00-2.102751731E+00-2.154015391E+00-2.204942469E+00
-2.255465863E+00-2.305525658E+00-2.355067870E+00-2.404043571E+00-2.452408252E+00
-2.500121376E+00-2.547146145E+00-2.593449212E+00-2.639000620E+00-2.683773666E+00
-2.727744905E+00-2.770894184E+00-2.813204626E+00-2.854662801E+00-2.895258771E+00
-2.934986334E+00-2.973843242E+00-3.011831452E+00-3.048957630E+00-3.085233520E+00
-3.120676753E+00-3.155311513E+00-3.189169713E+00-3.222249689E+00-3.254273976E+00
-3.284839125E+00-3.313500603E+00-3.339883928E+00-3.363707665E+00-3.384800811E+00
-3.403085199E+00-3.418546896E+00-3.431207449E+00-3.441101545E+00-3.448261716E+00
-3.452709802E+00-3.454452545E+00-3.453479327E+00-3.449760966E+00-3.443248670E+00
-3.433872991E+00-3.421542062E+00-3.406139815E+00-3.387529038E+00-3.365561943E+00
-3.340105855E+00-3.311079156E+00-3.278512792E+00-3.242601503E+00-3.203600642E+00
-3.161686037E+00-3.117592412E+00-3.071065617E+00-3.022070461E+00-2.970683369E+00
-2.916909534E+00-2.860756512E+00-2.802242190E+00-2.741381138E+00-2.678185235E+00
-2.612662909E+00-2.544819994E+00-2.474660424E+00-2.402186347E+00-2.327398115E+00
-2.250294060E+00-2.170870364E+00-2.089121002E+00-2.005037738E+00-1.918609997E+00
-1.829825097E+00-1.738668210E+00-1.645122535E+00-1.549169471E+00-1.450788863E+00
-1.349959318E+00-1.246658659E+00-1.140864492E+00-1.032554971E+00-9.217098131E-01
-8.083115842E-01-6.923474159E-01-5.738111851E-01-4.527063408E-01-3.290495222E-01
-2.028751956E-01-7.424156421E-02 5.676187709E-02 1.900047309E-01 3.253034226E-01
 4.624055485E-01 6.009699003E-01 7.405411709E-01 8.805184958E-01 1.020118309E+00
 1.158335955E+00 1.293919783E+00 1.425386044E+00 1.551108788E+00 1.669485465E+00
 1.779112418E+00 1.878888383E+00 1.968028598E+00 2.046029312E+00 2.112624745E+00
 2.167756861E+00 2.211563936E+00 2.244387087E+00 2.266791950E+00 2.279599208E+00
 2.283909484E+00 2.281093226E+00 2.272707197E+00 2.260327341E+00 2.245358696E+00
 2.228915313E+00-1.608275962E+00-1.653657356E+00-1.701212783E+00-1.750887319E+00
-1.802596837E+00-1.855027709E+00-1.907802834E+00-1.960680410E+00-2.013474012E+00
-2.066046464E+00-2.118291189E+00-2.170120739E+00-2.221460299E+00-2.272243967E+00
-2.322412545E+00-2.371912205E+00-2.420693592E+00-2.468711421E+00-2.515923936E+00
-2.562292847E+00-2.607783062E+00-2.652362685E+00-2.696002904E+00-2.738677965E+00
-2.780365276E+00-2.821045362E+00-2.860701946E+00-2.899322007E+00-2.936896030E+00
-2.973417971E+00-3.008885581E+00-3.043300662E+00-3.076669318E+00-3.109002458E+00
-3.140316457E+00-3.170634024E+00-3.199985929E+00-3.228253528E+00-3.255154397E+00
-3.280327618E+00-3.303404792E+00-3.324084293E+00-3.342134876E+00-3.357404255E+00
-3.369806976E+00-3.379304692E+00-3.385886145E+00-3.389550774E+00-3.390296833E+00
-3.388113395E+00-3.382974920E+00-3.374838644E+00-3.363646046E+00-3.349329636E+00
-3.331824850E+00-3.311078516E+00-3.287075521E+00-3.259869171E+00-3.229626981E+00
-3.196509473E+00-3.160618375E+00-3.122549866E+00-3.082110851E+00-3.039277265E+00
-2.994126383E+00-2.946665860E+00-2.896903718E+00-2.844858248E+00-2.790542724E+00
-2.733968055E+00-2.675144202E+00-2.614079147E+00-2.550778278E+00-2.485244172E+00
-2.417476460E+00-2.347472061E+00-2.275225085E+00-2.200726832E+00-2.123965733E+00
-2.044927217E+00-1.963593650E+00-1.879944165E+00-1.793954656E+00-1.705597648E+00
-1.614842250E+00-1.521654082E+00-1.425995245E+00-1.327824295E+00-1.227096293E+00
-1.123762882E+00-1.017772479E+00-9.090705744E-01-7.976002220E-01-6.833027590E-01
-5.661188468E-01-4.459899469E-01-3.228603693E-01-1.966800900E-01-6.740854865E-02
 6.498019972E-02 2.004906032E-01 3.390963795E-01 4.807281110E-01 6.252564280E-01
 7.724688792E-01 9.220373279E-01 1.073470656E+00 1.226043778E+00 1.378688995E+00
 1.529836213E+00 1.677236584E+00 1.817997452E+00 1.949172119E+00 2.068520443E+00
 2.174672512E+00 2.266873528E+00 2.344737653E+00 2.408109171E+00 2.457001686E+00
 2.491585891E+00 2.512212706E+00 2.519471217E+00 2.514291217E+00 2.498103535E+00
 2.473035280E+00 2.441936407E+00 2.407841204E+00 2.373112078E+00 2.339156836E+00
-1.614332422E+00-1.658977757E+00-1.706917574E+00-1.758256413E+00-1.812254673E+00
-1.867143906E+00-1.922018399E+00-1.976632581E+00-2.030864144E+00-2.084624008E+00
-2.137837379E+00-2.190437384E+00-2.242362599E+00-2.293555648E+00-2.343962663E+00
-2.393532991E+00-2.442218926E+00-2.489975629E+00-2.536761149E+00-2.582536285E+00
-2.627264706E+00-2.670912811E+00-2.713449849E+00-2.754847878E+00-2.795081785E+00
-2.834129345E+00-2.871971278E+00-2.908591189E+00-2.943975709E+00-2.978114491E+00
-3.011000288E+00-3.042628933E+00-3.072999438E+00-3.102113954E+00-3.129977694E+00
-3.156598660E+00-3.181986890E+00-3.206152304E+00-3.228868075E+00-3.249876620E+00
-3.268880714E+00-3.285583790E+00-3.299742140E+00-3.311169182E+00-3.319728579E+00
-3.325327784E+00-3.327906943E+00-3.327427028E+00-3.323861398E+00-3.317191488E+00
-3.307405343E+00-3.294493176E+00-3.278458574E+00-3.259342674E+00-3.237269296E+00
-3.212345265E+00-3.184654699E+00-3.154283380E+00-3.121667604E+00-3.086696030E+00
-3.049371469E+00-3.009773462E+00-2.967923131E+00-2.923839660E+00-2.877549711E+00
-2.829073340E+00-2.778426843E+00-2.725624792E+00-2.670678909E+00-2.613598090E+00
-2.554388457E+00-2.493053091E+00-2.429591934E+00-2.364001556E+00-2.296275117E+00
-2.226402270E+00-2.154369160E+00-2.080158270E+00-2.003748401E+00-1.925114500E+00
-1.844227528E+00-1.761054313E+00-1.675557349E+00-1.587694584E+00-1.497419181E+00
-1.404679259E+00-1.309417595E+00-1.211571316E+00-1.111071562E+00-1.007843136E+00
-9.018041694E-01-7.928658115E-01-6.809319748E-01-5.658991892E-01-4.476566154E-01
-3.260863278E-01-2.010639637E-01-7.245989534E-02 5.985884897E-02 1.960256534E-01
 3.361700210E-01 4.804114475E-01 6.288508316E-01 7.815585841E-01 9.385580584E-01
 1.099802083E+00 1.265138215E+00 1.434253092E+00 1.606571147E+00 1.781028761E+00
 1.955358123E+00 2.122988116E+00 2.274600869E+00 2.407752689E+00 2.522334251E+00
 2.618496482E+00 2.696401841E+00 2.756191239E+00 2.797984252E+00 2.821899856E+00
 2.828102660E+00 2.816872858E+00 2.788707629E+00 2.744526051E+00 2.686292891E+00
 2.619827189E+00 2.555468889E+00 2.496560473E+00 2.443029531E+00-1.620586562E+00
-1.663623407E+00-1.711996422E+00-1.765826210E+00-1.824144907E+00-1.882571856E+00
-1.940052955E+00-1.996722165E+00-2.052629736E+00-2.107772916E+00-2.162124617E+00
-2.215646065E+00-2.268292944E+00-2.320018536E+00-2.370775502E+00-2.420517027E+00
-2.469197459E+00-2.516772850E+00-2.563201132E+00-2.608442447E+00-2.652459261E+00
-2.695216385E+00-2.736681168E+00-2.776823460E+00-2.815615707E+00-2.853032891E+00
-2.889052634E+00-2.923655111E+00-2.956823059E+00-2.988541749E+00-3.018798821E+00
-3.047584177E+00-3.074889816E+00-3.100709420E+00-3.125038184E+00-3.147872174E+00
-3.169208058E+00-3.189043142E+00-3.207264457E+00-3.223660579E+00-3.238000473E+00
-3.250048961E+00-3.259583242E+00-3.266412374E+00-3.270387482E+00-3.271401664E+00
-3.269384985E+00-3.264295632E+00-3.256122054E+00-3.244892523E+00-3.230691330E+00
-3.213573351E+00-3.193587319E+00-3.170782433E+00-3.145643607E+00-3.118078973E+00
-3.088086981E+00-3.055717935E+00-3.021063217E+00-2.984167219E+00-2.945069104E+00
-2.903810920E+00-2.860426945E+00-2.814946361E+00-2.767395095E+00-2.717795003E+00
-2.666163934E+00-2.612516050E+00-2.556861738E+00-2.499207568E+00-2.439556291E+00
-2.377906782E+00-2.314253927E+00-2.248588579E+00-2.180897426E+00-2.111163048E+00
-2.039363704E+00-1.965473331E+00-1.889461437E+00-1.811292866E+00-1.730927706E+00
-1.648321005E+00-1.563422510E+00-1.476176314E+00-1.386520476E+00-1.294386535E+00
-1.199698964E+00-1.102374529E+00-1.002321565E+00-8.994391363E-01-7.936161069E-01
-6.847300944E-01-5.726463385E-01-4.572164606E-01-3.382771712E-01-2.156489428E-01
-8.913473320E-02 4.148118984E-02 1.764341412E-01 3.159795039E-01 4.603925907E-01
 6.099676587E-01 7.650159748E-01 9.258629088E-01 1.092844637E+00 1.266305918E+00
 1.446602725E+00 1.634118851E+00 1.829320446E+00 2.032920235E+00 2.246200711E+00
 2.449484567E+00 2.622916006E+00 2.769684061E+00 2.890027363E+00 2.987753041E+00
 3.064757110E+00 3.121273976E+00 3.155999809E+00 3.166716213E+00 3.155846516E+00
 3.124207640E+00 3.071154190E+00 2.994356700E+00 2.890183349E+00 2.775878436E+00
 2.680990602E+00 2.599701138E+00 2.528669691E+00-1.634377122E+00-1.677353165E+00
-1.726484736E+00-1.781918938E+00-1.843456625E+00-1.904170308E+00-1.963745102E+00
-2.022288277E+00-2.079837055E+00-2.136398159E+00-2.191956980E+00-2.246485091E+00
-2.299945539E+00-2.352296587E+00-2.403493918E+00-2.453492404E+00-2.502247012E+00
-2.549713678E+00-2.595849694E+00-2.640614098E+00-2.683967922E+00-2.725874273E+00
-2.766298502E+00-2.805208233E+00-2.842573448E+00-2.878366400E+00-2.912561763E+00
-2.945136421E+00-2.976069522E+00-3.005342292E+00-3.032937833E+00-3.058840913E+00
-3.083037525E+00-3.105514317E+00-3.126257918E+00-3.145253855E+00-3.162485113E+00
-3.177930048E+00-3.191558898E+00-3.203187056E+00-3.212626738E+00-3.219695934E+00
-3.224225132E+00-3.226067280E+00-3.225107684E+00-3.221273080E+00-3.214544263E+00
-3.204904512E+00-3.192352219E+00-3.176894998E+00-3.158927931E+00-3.138398854E+00
-3.115322184E+00-3.089757680E+00-3.061812828E+00-3.031546727E+00-2.999010455E+00
-2.964258696E+00-2.927349348E+00-2.888334051E+00-2.847259311E+00-2.804167543E+00
-2.759096263E+00-2.712078062E+00-2.663140864E+00-2.612307823E+00-2.559597406E+00
-2.505023294E+00-2.448594497E+00-2.390315258E+00-2.330185132E+00-2.268198868E+00
-2.204346486E+00-2.138613201E+00-2.070979405E+00-2.001420642E+00-1.929907575E+00
-1.856405852E+00-1.780876063E+00-1.703273542E+00-1.623548161E+00-1.541644067E+00
-1.457499314E+00-1.371045442E+00-1.282206924E+00-1.190900525E+00-1.097034505E+00
-1.000507698E+00-9.012083914E-01-7.990130303E-01-6.937846879E-01-5.853712844E-01
-4.736035217E-01-3.582924839E-01-2.392268999E-01-1.161700096E-01 1.114397820E-02
 1.430138229E-01 2.797755718E-01 4.218071762E-01 5.695333121E-01 7.234302159E-01
 8.840305154E-01 1.051928146E+00 1.227784223E+00 1.412335992E+00 1.606413584E+00
 1.810973114E+00 2.027159366E+00 2.256419859E+00 2.492746970E+00 2.699271095E+00
 2.877231073E+00 3.028505403E+00 3.151911615E+00 3.247887186E+00 3.320178419E+00
 3.369531665E+00 3.395715754E+00 3.395436916E+00 3.367595228E+00 3.314461846E+00
 3.235334835E+00 3.128435388E+00 2.990934306E+00 2.867062345E+00 2.759852612E+00
 2.666588100E+00 2.584851914E+00-1.657095800E+00-1.700940225E+00-1.751189424E+00
-1.807970460E+00-1.870352853E+00-1.932752227E+00-1.994058270E+00-2.054262998E+00
-2.113352900E+00-2.171306486E+00-2.228093896E+00-2.283678372E+00-2.338018176E+00
-2.391068410E+00-2.442782491E+00-2.493113315E+00-2.542014123E+00-2.589439128E+00
-2.635343936E+00-2.679685763E+00-2.722423762E+00-2.763519081E+00-2.802934943E+00
-2.840636662E+00-2.876591801E+00-2.910770035E+00-2.943143228E+00-2.973685337E+00
-3.002372374E+00-3.029182267E+00-3.054094594E+00-3.077090364E+00-3.098151499E+00
-3.117260210E+00-3.134398206E+00-3.149545470E+00-3.162678691E+00-3.173769152E+00
-3.182779842E+00-3.189661487E+00-3.194195762E+00-3.196274505E+00-3.195789921E+00
-3.192646422E+00-3.186765705E+00-3.178083477E+00-3.166816199E+00-3.152915740E+00
-3.136383455E+00-3.117260927E+00-3.095637642E+00-3.071572000E+00-3.045120720E+00
-3.016347513E+00-2.985322660E+00-2.952112257E+00-2.916778776E+00-2.879382577E+00
-2.839981752E+00-2.798630713E+00-2.755379588E+00-2.710273874E+00-2.663353993E+00
-2.614655211E+00-2.564207369E+00-2.512034765E+00-2.458156197E+00-2.402584742E+00
-2.345327900E+00-2.286387513E+00-2.225759762E+00-2.163435269E+00-2.099399095E+00
-2.033630738E+00-1.966104291E+00-1.896788328E+00-1.825646003E+00-1.752634978E+00
-1.677707350E+00-1.600809528E+00-1.521882025E+00-1.440859177E+00-1.357668759E+00
-1.272231487E+00-1.184460401E+00-1.094260075E+00-1.001525668E+00-9.061417666E-01
-8.079809769E-01-7.069022442E-01-6.027488401E-01-4.953459499E-01-3.844978021E-01
-2.699842314E-01-1.515565933E-01-2.893289237E-02 9.820799582E-02 2.302331449E-01
 3.675635532E-01 5.106833403E-01 6.601500880E-01 8.166060639E-01 9.807897221E-01
 1.153546515E+00 1.335837702E+00 1.528746124E+00 1.733478808E+00 1.951368133E+00
 2.183874029E+00 2.431848579E+00 2.664972548E+00 2.867190873E+00 3.039197877E+00
 3.184337921E+00 3.303963803E+00 3.398243504E+00 3.465501985E+00 3.505171900E+00
 3.519132042E+00 3.507118743E+00 3.467686430E+00 3.397547903E+00 3.294788562E+00
 3.160276194E+00 3.020413617E+00 2.896966364E+00 2.787995596E+00 2.691685594E+00
 2.606323244E+00-1.685806144E+00-1.730976848E+00-1.782606785E+00-1.840854152E+00
-1.904410257E+00-1.968418215E+00-2.031374364E+00-2.093184122E+00-2.153793833E+00
-2.213151546E+00-2.271205060E+00-2.327901456E+00-2.383187349E+00-2.437009240E+00
-2.489314209E+00-2.540050248E+00-2.589166801E+00-2.636614943E+00-2.682347624E+00
-2.726319715E+00-2.768488122E+00-2.808811803E+00-2.847251734E+00-2.883771001E+00
-2.918334685E+00-2.950910001E+00-2.981466217E+00-3.009974674E+00-3.036408806E+00
-3.060744003E+00-3.082957439E+00-3.103027936E+00-3.120935535E+00-3.136661033E+00
-3.150185207E+00-3.161487983E+00-3.170547117E+00-3.177336913E+00-3.181826408E+00
-3.183977932E+00-3.183607421E+00-3.180767039E+00-3.175392977E+00-3.167440144E+00
-3.156884221E+00-3.143727147E+00-3.128009653E+00-3.109762334E+00-3.089023034E+00
-3.065842502E+00-3.040283463E+00-3.012411275E+00-2.982293331E+00-2.949999372E+00
-2.915600587E+00-2.879167529E+00-2.840768891E+00-2.800470981E+00-2.758336949E+00
-2.714426071E+00-2.668793085E+00-2.621487637E+00-2.572553810E+00-2.522029777E+00
-2.469947549E+00-2.416332684E+00-2.361204230E+00-2.304574608E+00-2.246449611E+00
-2.186828368E+00-2.125703516E+00-2.063061179E+00-1.998881129E+00-1.933136951E+00
-1.865796106E+00-1.796820091E+00-1.726164513E+00-1.653779145E+00-1.579607942E+00
-1.503588949E+00-1.425654183E+00-1.345729365E+00-1.263733578E+00-1.179578762E+00
-1.093169080E+00-1.004400095E+00-9.131577276E-01-8.193170046E-01-7.227404936E-01
-6.232764113E-01-5.207563355E-01-4.149924122E-01-3.057739709E-01-1.928634185E-01
-7.599121019E-02 4.515029531E-02 1.709143766E-01 3.017092158E-01 4.380092687E-01
 5.803691493E-01 7.294403452E-01 8.859907906E-01 1.050926620E+00 1.225313865E+00
 1.410395363E+00 1.607594926E+00 1.818499384E+00 2.044813318E+00 2.288352125E+00
 2.534180615E+00 2.753318439E+00 2.945853725E+00 3.108456158E+00 3.243919809E+00
 3.354964825E+00 3.441859172E+00 3.503789243E+00 3.535971610E+00 3.539994580E+00
 3.516976700E+00 3.465581315E+00 3.383355972E+00 3.263956396E+00 3.119423147E+00
 2.989548432E+00 2.873400363E+00 2.769536853E+00 2.676582394E+00 2.593255809E+00
-1.719115502E+00-1.765752928E+00-1.819040518E+00-1.879075446E+00-1.945404850E+00
-2.011252304E+00-2.075952147E+00-2.139446884E+00-2.201654300E+00-2.262496750E+00
-2.321900562E+00-2.379795493E+00-2.436114480E+00-2.490793423E+00-2.543771206E+00
-2.594989678E+00-2.644393498E+00-2.691930076E+00-2.737549439E+00-2.781203978E+00
-2.822848368E+00-2.862439457E+00-2.899936011E+00-2.935298848E+00-2.968490669E+00
-2.999476205E+00-3.028222206E+00-3.054697553E+00-3.078873392E+00-3.100723062E+00
-3.120222242E+00-3.137348806E+00-3.152082754E+00-3.164405855E+00-3.174301248E+00
-3.181752891E+00-3.186744700E+00-3.189259546E+00-3.189277780E+00-3.186775103E+00
-3.181719001E+00-3.174100598E+00-3.163911427E+00-3.151150519E+00-3.135828745E+00
-3.117970926E+00-3.097615934E+00-3.074811028E+00-3.049611358E+00-3.022079859E+00
-2.992286212E+00-2.960304534E+00-2.926211889E+00-2.890087219E+00-2.852010029E+00
-2.812059242E+00-2.770311997E+00-2.726842685E+00-2.681722109E+00-2.635016559E+00
-2.586787170E+00-2.537089127E+00-2.485971280E+00-2.433475524E+00-2.379636504E+00
-2.324481309E+00-2.268029376E+00-2.210292271E+00-2.151273813E+00-2.090970068E+00
-2.029369506E+00-1.966453196E+00-1.902195041E+00-1.836561998E+00-1.769514376E+00
-1.701006081E+00-1.630984833E+00-1.559392376E+00-1.486164582E+00-1.411231527E+00
-1.334517435E+00-1.255940537E+00-1.175412794E+00-1.092839485E+00-1.008118611E+00
-9.211401381E-01-8.317850015E-01-7.399238765E-01-6.454156451E-01-5.481055244E-01
-4.478227726E-01-3.443778907E-01-2.375591870E-01-1.271285752E-01-1.281634590E-02
 1.056853170E-01 2.287305041E-01 3.567299385E-01 4.901642660E-01 6.296012587E-01
 7.757182976E-01 9.293318336E-01 1.091435681E+00 1.263248990E+00 1.446270326E+00
 1.642321450E+00 1.853540332E+00 2.082267280E+00 2.327843131E+00 2.552193237E+00
 2.750193019E+00 2.924235070E+00 3.074936418E+00 3.201827399E+00 3.303143355E+00
 3.379501738E+00 3.431929035E+00 3.459610029E+00 3.460478320E+00 3.430987499E+00
 3.369940601E+00 3.276398549E+00 3.149109619E+00 3.022236000E+00 2.907788684E+00
 2.804348507E+00 2.710730458E+00 2.625898674E+00 2.548929387E+00-1.759648327E+00
-1.808339056E+00-1.863670342E+00-1.925729666E+00-1.993614959E+00-2.061442217E+00
-2.128088806E+00-2.193449642E+00-2.257418035E+00-2.319894231E+00-2.380785182E+00
-2.440004368E+00-2.497471433E+00-2.553111909E+00-2.606856775E+00-2.658642029E+00
-2.708408144E+00-2.756099527E+00-2.801663975E+00-2.845052078E+00-2.886216902E+00
-2.925113534E+00-2.961698876E+00-2.995931521E+00-3.027771726E+00-3.057181550E+00
-3.084124933E+00-3.108568061E+00-3.130479563E+00-3.149830779E+00-3.166596055E+00
-3.180752933E+00-3.192282306E+00-3.201168440E+00-3.207398954E+00-3.210964642E+00
-3.211859228E+00-3.210079183E+00-3.205623482E+00-3.198493946E+00-3.188696349E+00
-3.176244371E+00-3.161158843E+00-3.143468811E+00-3.123212526E+00-3.100438004E+00
-3.075202738E+00-3.047572454E+00-3.017620108E+00-2.985424991E+00-2.951071549E+00
-2.914648102E+00-2.876245531E+00-2.835956030E+00-2.793871856E+00-2.750084197E+00
-2.704681954E+00-2.657750621E+00-2.609371388E+00-2.559620039E+00-2.508566195E+00
-2.456272446E+00-2.402793725E+00-2.348176770E+00-2.292459560E+00-2.235671142E+00
-2.177831319E+00-2.118950671E+00-2.059030516E+00-1.998063122E+00-1.936031946E+00
-1.872911968E+00-1.808670084E+00-1.743265545E+00-1.676650415E+00-1.608770019E+00
-1.539563382E+00-1.468963595E+00-1.396898137E+00-1.323289098E+00-1.248053309E+00
-1.171102339E+00-1.092342365E+00-1.011673902E+00-9.289913478E-01-8.441823590E-01
-7.571270281E-01-6.676968127E-01-5.757532205E-01-4.811461907E-01-3.837120949E-01
-2.832713398E-01-1.796254060E-01-7.255325024E-02 3.819315798E-02 1.528943872E-01
 2.718705672E-01 3.954904083E-01 5.241830472E-01 6.584539720E-01 7.989071632E-01
 9.462770345E-01 1.101476719E+00 1.265674966E+00 1.440424703E+00 1.627879411E+00
 1.831088913E+00 2.054340778E+00 2.275821320E+00 2.474964626E+00 2.648461733E+00
 2.801592125E+00 2.935463089E+00 3.050071992E+00 3.143355416E+00 3.210561733E+00
 3.255961437E+00 3.279437121E+00 3.279598358E+00 3.252330680E+00 3.190287369E+00
 3.094288119E+00 2.981736083E+00 2.879214965E+00 2.785256828E+00 2.698848149E+00
 2.619280133E+00 2.545982140E+00 2.478449996E+00-1.806028062E+00-1.857252219E+00
-1.915027973E+00-1.979468042E+00-2.049187421E+00-2.119287640E+00-2.188170992E+00
-2.255660080E+00-2.321624806E+00-2.385944739E+00-2.448508772E+00-2.509215427E+00
-2.567972526E+00-2.624696864E+00-2.679313431E+00-2.731754505E+00-2.781958544E+00
-2.829869121E+00-2.875433783E+00-2.918603059E+00-2.959329689E+00-2.997567981E+00
-3.033273367E+00-3.066402309E+00-3.096912310E+00-3.124762118E+00-3.149912066E+00
-3.172324662E+00-3.191965082E+00-3.208801744E+00-3.222807034E+00-3.233957661E+00
-3.242235352E+00-3.247627125E+00-3.250125617E+00-3.249729334E+00-3.246442754E+00
-3.240276534E+00-3.231247552E+00-3.219379349E+00-3.204702660E+00-3.187256180E+00
-3.167086860E+00-3.144250137E+00-3.118810093E+00-3.090839275E+00-3.060418292E+00
-3.027635001E+00-2.992583671E+00-2.955363997E+00-2.916079920E+00-2.874838574E+00
-2.831748997E+00-2.786920977E+00-2.740463668E+00-2.692484457E+00-2.643087729E+00
-2.592373547E+00-2.540436648E+00-2.487365196E+00-2.433239801E+00-2.378132603E+00
-2.322106425E+00-2.265214087E+00-2.207497813E+00-2.148988974E+00-2.089707781E+00
-2.029663302E+00-1.968853561E+00-1.907265866E+00-1.844877223E+00-1.781654874E+00
-1.717556948E+00-1.652533155E+00-1.586525519E+00-1.519469108E+00-1.451292731E+00
-1.381919588E+00-1.311267828E+00-1.239251002E+00-1.165778413E+00-1.090755320E+00
-1.014082991E+00-9.356586284E-01-8.553751062E-01-7.731205680E-01-6.887778170E-01
-6.022235582E-01-5.133274181E-01-4.219507455E-01-3.279451945E-01-2.311510082E-01
-1.313950026E-01-2.848816188E-02 7.777721761E-02 1.876309492E-01 3.013290979E-01
 4.191590544E-01 5.414458843E-01 6.685604316E-01 8.009300770E-01 9.390536216E-01
 1.083523268E+00 1.235060084E+00 1.394578981E+00 1.563334520E+00 1.743405626E+00
 1.934850216E+00 2.113503150E+00 2.278490040E+00 2.428870541E+00 2.562873755E+00
 2.678617462E+00 2.776860432E+00 2.858033207E+00 2.921517190E+00 2.965524451E+00
 2.987982331E+00 2.989269284E+00 2.969000055E+00 2.924984947E+00 2.852761379E+00
 2.777738857E+00 2.704780913E+00 2.634627640E+00 2.567713492E+00 2.504266752E+00
 2.444376185E+00 2.388032842E+00-1.856884326E+00-1.910878360E+00-1.971546057E+00
-2.038913495E+00-2.112316822E+00-2.185208069E+00-2.256699646E+00-2.326653140E+00
-2.394915164E+00-2.461343837E+00-2.525810223E+00-2.588198893E+00-2.648407981E+00
-2.706348565E+00-2.761943427E+00-2.815125348E+00-2.865835131E+00-2.914019643E+00
-2.959629841E+00-3.002619258E+00-3.042942513E+00-3.080554574E+00-3.115410021E+00
-3.147463026E+00-3.176667471E+00-3.202977415E+00-3.226347900E+00-3.246735679E+00
-3.264100407E+00-3.278405539E+00-3.289619491E+00-3.297716645E+00-3.302678167E+00
-3.304492839E+00-3.303157752E+00-3.298678740E+00-3.291070763E+00-3.280358098E+00
-3.266574619E+00-3.249763787E+00-3.229978735E+00-3.207282303E+00-3.181746923E+00
-3.153454270E+00-3.122494854E+00-3.088967615E+00-3.052979031E+00-3.014642419E+00
-2.974076930E+00-2.931406480E+00-2.886758727E+00-2.840263903E+00-2.792053503E+00
-2.742259175E+00-2.691011269E+00-2.638437636E+00-2.584662173E+00-2.529803488E+00
-2.473973522E+00-2.417276255E+00-2.359806361E+00-2.301648133E+00-2.242874428E+00
-2.183545702E+00-2.123709509E+00-2.063399873E+00-2.002637237E+00-1.941428307E+00
-1.879766519E+00-1.817632353E+00-1.754994127E+00-1.691808815E+00-1.628023044E+00
-1.563574169E+00-1.498391384E+00-1.432396837E+00-1.365506709E+00-1.297632182E+00
-1.228680347E+00-1.158554927E+00-1.087156893E+00-1.014384901E+00-9.401355687E-01
-8.643036028E-01-7.867817583E-01-7.074606649E-01-6.262284949E-01-5.429705182E-01
-4.575685320E-01-3.699001813E-01-2.798381949E-01-1.872495231E-01-9.199444994E-02
 6.074347012E-03 1.071126913E-01 2.112856999E-01 3.187683369E-01 4.297454940E-01
 5.444112219E-01 6.629664288E-01 7.856137224E-01 9.125469478E-01 1.043930098E+00
 1.179853928E+00 1.320241870E+00 1.464634471E+00 1.611708980E+00 1.758600358E+00
 1.901267440E+00 2.036188891E+00 2.160976753E+00 2.274030251E+00 2.374206267E+00
 2.460634536E+00 2.532618137E+00 2.589581182E+00 2.631048911E+00 2.656662187E+00
 2.666247682E+00 2.660007945E+00 2.638974829E+00 2.605749835E+00 2.564392304E+00
 2.518636875E+00 2.470959017E+00 2.422884296E+00 2.375370602E+00 2.329029827E+00
 2.284250309E+00-1.914665041E+00-1.972178954E+00-2.036332360E+00-2.107120061E+00
-2.183663690E+00-2.259761334E+00-2.334314735E+00-2.407145545E+00-2.478071928E+00
-2.546927261E+00-2.613562940E+00-2.677850223E+00-2.739680617E+00-2.798964698E+00
-2.855629838E+00-2.909616880E+00-2.960876626E+00-3.009366270E+00-3.055046322E+00
-3.097877913E+00-3.137820949E+00-3.174832803E+00-3.208867723E+00-3.239876764E+00
-3.267808401E+00-3.292609406E+00-3.314226143E+00-3.332606176E+00-3.347699784E+00
-3.359461819E+00-3.367853331E+00-3.372843183E+00-3.374409439E+00-3.372540609E+00
-3.367236673E+00-3.358509780E+00-3.346384695E+00-3.330899183E+00-3.312103878E+00
-3.290062220E+00-3.264850032E+00-3.236555092E+00-3.205276437E+00-3.171123588E+00
-3.134215731E+00-3.094680739E+00-3.052654115E+00-3.008278048E+00-2.961700194E+00
-2.913072700E+00-2.862550954E+00-2.810292432E+00-2.756455504E+00-2.701198115E+00
-2.644676424E+00-2.587043297E+00-2.528446835E+00-2.469028761E+00-2.408922682E+00
-2.348252534E+00-2.287130956E+00-2.225657683E+00-2.163918303E+00-2.101983001E+00
-2.039905761E+00-1.977723729E+00-1.915456997E+00-1.853108680E+00-1.790665400E+00
-1.728098047E+00-1.665362850E+00-1.602402693E+00-1.539148602E+00-1.475521371E+00
-1.411433206E+00-1.346789377E+00-1.281489779E+00-1.215430373E+00-1.148504467E+00
-1.080603797E+00-1.011619416E+00-9.414423801E-01-8.699642378E-01-7.970773312E-01
-7.226749600E-01-6.466513810E-01-5.689017309E-01-4.893218516E-01-4.078080850E-01
-3.242570655E-01-2.385655535E-01-1.506303672E-01-6.034848797E-02 3.238255225E-02
 1.276638749E-01 2.255938375E-01 3.262656905E-01 4.297638732E-01 5.361582209E-01
 6.454950392E-01 7.577832861E-01 8.729731875E-01 9.909230190E-01 1.111347981E+00
 1.233744450E+00 1.357289614E+00 1.480744656E+00 1.602442616E+00 1.720447428E+00
 1.832831929E+00 1.937897788E+00 2.034252531E+00 2.120792412E+00 2.196657531E+00
 2.261192842E+00 2.313926782E+00 2.354571679E+00 2.383050508E+00 2.399555336E+00
 2.404638043E+00 2.399308800E+00 2.385062361E+00 2.363729985E+00 2.337182846E+00
 2.307071898E+00 2.274722868E+00 2.241148581E+00 2.207103856E+00 2.173143053E+00
-1.978935131E+00-2.040787770E+00-2.109133968E+00-2.183972678E+00-2.263808468E+00
-2.343658907E+00-2.421825935E+00-2.498037129E+00-2.572071765E+00-2.643728745E+00
-2.712833849E+00-2.779244579E+00-2.842851161E+00-2.903573744E+00-2.961357082E+00
-3.016163779E+00-3.067967770E+00-3.116748130E+00-3.162484125E+00-3.205151416E+00
-3.244719408E+00-3.281149772E+00-3.314396080E+00-3.344404213E+00-3.371113578E+00
-3.394458835E+00-3.414372221E+00-3.430785957E+00-3.443634973E+00-3.452859549E+00
-3.458407909E+00-3.460238527E+00-3.458322320E+00-3.452644327E+00-3.443205129E+00
-3.430021799E+00-3.413128518E+00-3.392576731E+00-3.368434860E+00-3.340787950E+00
-3.309736609E+00-3.275396188E+00-3.237895313E+00-3.197374721E+00-3.153985747E+00
-3.107888930E+00-3.059252639E+00-3.008251792E+00-2.955066577E+00-2.899881232E+00
-2.842882959E+00-2.784260783E+00-2.724204329E+00-2.662902505E+00-2.600542203E+00
-2.537306538E+00-2.473373296E+00-2.408912800E+00-2.344085960E+00-2.279042096E+00
-2.213916711E+00-2.148829500E+00-2.083882444E+00-2.019158129E+00-1.954718580E+00
-1.890604438E+00-1.826834593E+00-1.763406452E+00-1.700296626E+00-1.637462135E+00
-1.574842043E+00-1.512359454E+00-1.449923746E+00-1.387432978E+00-1.324776320E+00
-1.261836443E+00-1.198491753E+00-1.134618403E+00-1.070092054E+00-1.004789338E+00
-9.385890309E-01-8.713729401E-01-8.030265426E-01-7.334394001E-01-6.625054035E-01
-5.901228747E-01-5.161946065E-01-4.406278577E-01-3.633343693E-01-2.842304706E-01
-2.032373237E-01-1.202813965E-01-3.529523723E-02 5.178128631E-02 1.409991648E-01
 2.323975992E-01 3.260002408E-01 4.218099374E-01 5.198014154E-01 6.199112415E-01
 7.220241528E-01 8.259547679E-01 9.314238909E-01 1.038029527E+00 1.145215174E+00
 1.252242744E+00 1.358183478E+00 1.461942286E+00 1.562321199E+00 1.658107100E+00
 1.748155344E+00 1.831447815E+00 1.907122225E+00 1.974481871E+00 2.032997221E+00
 2.082308166E+00 2.122231593E+00 2.152776803E+00 2.174166633E+00 2.186857628E+00
 2.191545719E+00 2.189139928E+00 2.180695574E+00 2.167319363E+00 2.150076382E+00
 2.129924927E+00 2.107685932E+00 2.084039109E+00 2.059533877E+00-2.048054187E+00
-2.114909622E+00-2.188291111E+00-2.268074060E+00-2.353357893E+00-2.437783803E+00
-2.520240316E+00-2.600462215E+00-2.678161304E+00-2.753072252E+00-2.824977492E+00
-2.893719817E+00-2.959201644E+00-3.021375034E+00-3.080227895E+00-3.135769916E+00
-3.188020280E+00-3.236997860E+00-3.282713974E+00-3.325167477E+00-3.364341899E+00
-3.400204163E+00-3.432704955E+00-3.461780116E+00-3.487353165E+00-3.509338436E+00
-3.527644817E+00-3.542179684E+00-3.552853129E+00-3.559581888E+00-3.562293082E+00
-3.560927787E+00-3.555443837E+00-3.545818406E+00-3.532049691E+00-3.514158234E+00
-3.492187516E+00-3.466203942E+00-3.436296221E+00-3.402574339E+00-3.365168025E+00
-3.324224875E+00-3.279908354E+00-3.232395629E+00-3.181875394E+00-3.128545877E+00
-3.072613057E+00-3.014288941E+00-2.953790339E+00-2.891337550E+00-2.827153489E+00
-2.761462699E+00-2.694490342E+00-2.626461135E+00-2.557597974E+00-2.488120285E+00
-2.418242012E+00-2.348169174E+00-2.278097304E+00-2.208208316E+00-2.138667671E+00
-2.069621221E+00-2.001192573E+00-1.933480605E+00-1.866557689E+00-1.800468432E+00
-1.735229242E+00-1.670828632E+00-1.607228326E+00-1.544365091E+00-1.482153246E+00
-1.420487660E+00-1.359247153E+00-1.298298059E+00-1.237497830E+00-1.176698458E+00
-1.115749627E+00-1.054501476E+00-9.928069035E-01-9.305234129E-01-8.675145129E-01
-8.036507120E-01-7.388101489E-01-6.728789694E-01-6.057514826E-01-5.373301963E-01
-4.675257835E-01-3.962570580E-01-3.234510298E-01-2.490430954E-01-1.729774280E-01
-9.520766328E-02-1.569795403E-02 6.557550026E-02 1.486223169E-01 2.334350350E-01
 3.199852711E-01 4.082187219E-01 4.980487444E-01 5.893483172E-01 6.819402190E-01
 7.755854768E-01 8.699706206E-01 9.646949791E-01 1.059260422E+00 1.153067066E+00
 1.245418982E+00 1.335542808E+00 1.422618853E+00 1.505820123E+00 1.584352180E+00
 1.657487506E+00 1.724591370E+00 1.785139603E+00 1.838730634E+00 1.885094516E+00
 1.924100741E+00 1.955765315E+00 1.980255723E+00 1.997890879E+00 2.009131765E+00
 2.014559909E+00 2.014843203E+00 2.010693835E+00 2.002825797E+00 1.991919341E+00
 1.978596534E+00 1.963408210E+00 1.946829904E+00-2.124236878E+00-2.197528573E+00
-2.277056382E+00-2.362601226E+00-2.453414353E+00-2.543126101E+00-2.630732656E+00
-2.715850486E+00-2.798001149E+00-2.876756662E+00-2.951815496E+00-3.023019051E+00
-3.090327311E+00-3.153780446E+00-3.213462959E+00-3.269476271E+00-3.321919322E+00
-3.370875491E+00-3.416404518E+00-3.458537542E+00-3.497275164E+00-3.532587485E+00
-3.564415928E+00-3.592676745E+00-3.617265473E+00-3.638062361E+00-3.654938339E+00
-3.667761293E+00-3.676402112E+00-3.680740736E+00-3.680671502E+00-3.676107947E+00
-3.666986865E+00-3.653271651E+00-3.634954516E+00-3.612058093E+00-3.584635958E+00
-3.552772249E+00-3.516580554E+00-3.476201880E+00-3.431802134E+00-3.383569102E+00
-3.331709091E+00-3.276443582E+00-3.218006051E+00-3.156639062E+00-3.092591803E+00
-3.026118195E+00-2.957475565E+00-2.886923646E+00-2.814724086E+00-2.741140066E+00
-2.666435931E+00-2.590876584E+00-2.514726563E+00-2.438248410E+00-2.361700382E+00
-2.285333511E+00-2.209387900E+00-2.134088634E+00-2.059641149E+00-1.986226854E+00
-1.913998852E+00-1.843078278E+00-1.773551385E+00-1.705467676E+00-1.638839142E+00
-1.573640704E+00-1.509811878E+00-1.447259576E+00-1.385861944E+00-1.325472981E+00
-1.265927730E+00-1.207047679E+00-1.148646095E+00-1.090533005E+00-1.032519602E+00
-9.744219291E-01-9.160637846E-01-8.572788814E-01-7.979122776E-01-7.378212432E-01
-6.768756448E-01-6.149579892E-01-5.519632462E-01-4.877985334E-01-4.223828058E-01
-3.556465749E-01-2.875317597E-01-2.179917329E-01-1.469916076E-01-7.450883554E-02
-5.341722710E-04 7.492691759E-02 1.518523475E-01 2.302009071E-01 3.099091020E-01
 3.908872567E-01 4.730148745E-01 5.561352617E-01 6.400495779E-01 7.245106613E-01
 8.092172205E-01 8.938093071E-01 9.778663399E-01 1.060909046E+00 1.142406528E+00
 1.221788966E+00 1.298465418E+00 1.371844994E+00 1.441359091E+00 1.506482345E+00
 1.566750824E+00 1.621776752E+00 1.671259940E+00 1.714996367E+00 1.752884176E+00
 1.784927121E+00 1.811234799E+00 1.832018788E+00 1.847583695E+00 1.858312722E+00
 1.864648360E+00 1.867070052E+00 1.866071438E+00 1.862139787E+00 1.855739539E+00
 1.847300729E+00 1.837212131E+00-2.208354012E+00-2.290559900E+00-2.377643582E+00
-2.469369102E+00-2.564608573E+00-2.660171430E+00-2.754382904E+00-2.846074184E+00
-2.934076343E+00-3.017522776E+00-3.096014702E+00-3.169528111E+00-3.238242901E+00
-3.302421381E+00-3.362341343E+00-3.418261412E+00-3.470402954E+00-3.518940266E+00
-3.563995792E+00-3.605638129E+00-3.643882563E+00-3.678693849E+00-3.709990641E+00
-3.737652025E+00-3.761525174E+00-3.781434239E+00-3.797189655E+00-3.808597534E+00
-3.815468792E+00-3.817627660E+00-3.814919120E+00-3.807215516E+00-3.794422015E+00
-3.776480681E+00-3.753373589E+00-3.725124496E+00-3.691799302E+00-3.653505146E+00
-3.610388343E+00-3.562631020E+00-3.510446926E+00-3.454076396E+00-3.393781099E+00
-3.329838671E+00-3.262537833E+00-3.192174162E+00-3.119046785E+00-3.043456202E+00
-2.965703128E+00-2.886088277E+00-2.804912828E+00-2.722479452E+00-2.639093282E+00
-2.555062491E+00-2.470698472E+00-2.386314513E+00-2.302223557E+00-2.218734339E+00
-2.136146217E+00-2.054742873E+00-1.974785434E+00-1.896505305E+00-1.820097549E+00
-1.745714952E+00-1.673463484E+00-1.603399257E+00-1.535527232E+00-1.469801795E+00
-1.406129219E+00-1.344371950E+00-1.284354534E+00-1.225870872E+00-1.168692314E+00
-1.112576045E+00-1.057273187E+00-1.002536113E+00-9.481245791E-01-8.938105337E-01
-8.393815217E-01-7.846428374E-01-7.294186098E-01-6.735520623E-01-6.169051770E-01
-5.593579784E-01-5.008076299E-01-4.411674633E-01-3.803660833E-01-3.183465968E-01
-2.550660601E-01-1.904951587E-01-1.246181994E-01-5.743340681E-02 1.104642314E-02
 8.079289628E-02 1.517605951E-01 2.238852426E-01 2.970814591E-01 3.712401218E-01
 4.462254162E-01 5.218716714E-01 5.979802018E-01 6.743164642E-01 7.506079228E-01
 8.265431748E-01 9.017729044E-01 9.759131859E-01 1.048551538E+00 1.119255725E+00
 1.187584989E+00 1.253102962E+00 1.315391284E+00 1.374062935E+00 1.428774472E+00
 1.479236570E+00 1.525222621E+00 1.566575188E+00 1.603210277E+00 1.635119226E+00
 1.662368026E+00 1.685093791E+00 1.703498300E+00 1.717838677E+00 1.728415769E+00
 1.735561038E+00 1.739623117E+00 1.740955145E+00 1.739903785E+00 1.736800484E+00
 1.731955159E+00-2.291761343E+00-2.383697260E+00-2.479574162E+00-2.579222655E+00
-2.681975563E+00-2.786675546E+00-2.891670644E+00-2.994420451E+00-3.091328102E+00
-3.180328340E+00-3.261770051E+00-3.336513019E+00-3.405358566E+00-3.468992025E+00
-3.527985835E+00-3.582808382E+00-3.633830602E+00-3.681330558E+00-3.725496479E+00
-3.766429534E+00-3.804147704E+00-3.838591521E+00-3.869632011E+00-3.897081448E+00
-3.920705774E+00-3.940238691E+00-3.955395895E+00-3.965889268E+00-3.971440011E+00
-3.971790370E+00-3.966713824E+00-3.956023502E+00-3.939579189E+00-3.917292507E+00
-3.889130610E+00-3.855118284E+00-3.815338209E+00-3.769929475E+00-3.719084111E+00
-3.663041733E+00-3.602082710E+00-3.536519867E+00-3.466689844E+00-3.392944490E+00
-3.315642923E+00-3.235145345E+00-3.151808393E+00-3.065982774E+00-2.978012742E+00
-2.888237437E+00-2.796993614E+00-2.704619075E+00-2.611456623E+00-2.517857254E+00
-2.424182489E+00-2.330804620E+00-2.238104603E+00-2.146467134E+00-2.056273030E+00
-1.967889179E+00-1.881657292E+00-1.797882201E+00-1.716820856E+00-1.638672977E+00
-1.563573799E+00-1.491589291E+00-1.422713995E+00-1.356871629E+00-1.293918582E+00
-1.233650343E+00-1.175810737E+00-1.120103526E+00-1.066205513E+00-1.013780068E+00
-9.624898909E-01-9.120079449E-01-8.620259917E-01-8.122604581E-01-7.624558621E-01
-7.123861498E-01-6.618545188E-01-6.106921824E-01-5.587565287E-01-5.059290043E-01
-4.521129772E-01-3.972317215E-01-3.412266660E-01-2.840559172E-01-2.256931416E-01
-1.661267771E-01-1.053596062E-01-4.340867128E-02 1.969447239E-02 8.390317736E-02
 1.491548193E-01 2.153696307E-01 2.824492947E-01 3.502753669E-01 4.187076014E-01
 4.875823153E-01 5.567109708E-01 6.258791596E-01 6.948462716E-01 7.633461129E-01
 8.310887394E-01 8.977636919E-01 9.630447928E-01 1.026596395E+00 1.088080893E+00
 1.147167152E+00 1.203539316E+00 1.256905570E+00 1.307006319E+00 1.353621443E+00
 1.396576294E+00 1.435746255E+00 1.471059677E+00 1.502499065E+00 1.530100456E+00
 1.553950887E+00 1.574184068E+00 1.590974397E+00 1.604529666E+00 1.615082922E+00
 1.622884030E+00 1.628191490E+00 1.631264996E+00 1.632359081E+00 1.631718023E+00
-2.366750904E+00-2.467466671E+00-2.572780329E+00-2.682804208E+00-2.797494610E+00
-2.916652534E+00-3.039967809E+00-3.167361318E+00-3.283435095E+00-3.374159087E+00
-3.454855590E+00-3.527625788E+00-3.593884271E+00-3.654691726E+00-3.710874104E+00
-3.763080191E+00-3.811811062E+00-3.857434630E+00-3.900192064E+00-3.940200866E+00
-3.977458519E+00-4.011849320E+00-4.043156033E+00-4.071076354E+00-4.095243087E+00
-4.115246461E+00-4.130656537E+00-4.141044285E+00-4.146000111E+00-4.145149531E+00
-4.138165963E+00-4.124780897E+00-4.104791978E+00-4.078069224E+00-4.044559521E+00
-4.004289340E+00-3.957365448E+00-3.903972839E+00-3.844369907E+00-3.778880252E+00
-3.707881417E+00-3.631791272E+00-3.551053301E+00-3.466121860E+00-3.377449406E+00
-3.285476421E+00-3.190625229E+00-3.093297365E+00-2.993874907E+00-2.892724742E+00
-2.790205426E+00-2.686675377E+00-2.582502084E+00-2.478070669E+00-2.373790937E+00
-2.270101240E+00-2.167467986E+00-2.066379480E+00-1.967333888E+00-1.870822327E+00
-1.777308863E+00-1.687210246E+00-1.600877641E+00-1.518581852E+00-1.440502556E+00
-1.366721366E+00-1.297218447E+00-1.231872731E+00-1.170466113E+00-1.112692388E+00
-1.058171373E+00-1.006467941E+00-9.571144102E-01-9.096338123E-01-8.635611009E-01
-8.184600418E-01-7.739346298E-01-7.296351806E-01-6.852600094E-01-6.405539731E-01
-5.953051186E-01-5.493403884E-01-5.025210768E-01-4.547384800E-01-4.059099582E-01
-3.559755488E-01-3.048951604E-01-2.526463098E-01-1.992223970E-01-1.446314707E-01
-8.889539696E-02-3.204943673E-02 2.585785099E-02 8.476441376E-02 1.445942617E-01
 2.052568291E-01 2.666462051E-01 3.286402862E-01 3.910999637E-01 4.538684221E-01
 5.167706857E-01 5.796135504E-01 6.421860418E-01 7.042605439E-01 7.655947183E-01
 8.259342979E-01 8.850167704E-01 9.425759015E-01 9.983469390E-01 1.052072314E+00
 1.103507574E+00 1.152427234E+00 1.198630323E+00 1.241945298E+00 1.282234172E+00
 1.319395658E+00 1.353367184E+00 1.384125713E+00 1.411687314E+00 1.436105494E+00
 1.457468353E+00 1.475894713E+00 1.491529419E+00 1.504538087E+00 1.515101606E+00
 1.523410665E+00 1.529660631E+00 1.534046942E+00 1.536761187E+00-2.431705963E+00
-2.540442190E+00-2.654924210E+00-2.775650871E+00-2.903177500E+00-3.038169976E+00
-3.181508429E+00-3.334448653E+00-3.484161088E+00-3.595536756E+00-3.679309558E+00
-3.744650145E+00-3.804382071E+00-3.859240058E+00-3.910122046E+00-3.957758397E+00
-4.002730079E+00-4.045471972E+00-4.086266248E+00-4.125231997E+00-4.162318549E+00
-4.197308202E+00-4.229831665E+00-4.259394976E+00-4.285414358E+00-4.307254107E+00
-4.324262876E+00-4.335805271E+00-4.341287089E+00-4.340174375E+00-4.332007289E+00
-4.316410262E+00-4.293099748E+00-4.261890832E+00-4.222702788E+00-4.175563790E+00
-4.120613509E+00-4.058102491E+00-3.988386793E+00-3.911916313E+00-3.829216811E+00
-3.740866502E+00-3.647469451E+00-3.549629545E+00-3.447928003E+00-3.342907327E+00
-3.235062644E+00-3.124840227E+00-3.012642638E+00-2.898838721E+00-2.783777420E+00
-2.667804210E+00-2.551279120E+00-2.434594981E+00-2.318194505E+00-2.202583125E+00
-2.088334444E+00-1.976084324E+00-1.866511273E+00-1.760304209E+00-1.658123447E+00
-1.560562485E+00-1.468117173E+00-1.381164510E+00-1.299949836E+00-1.224579450E+00
-1.155016290E+00-1.091077992E+00-1.032438758E+00-9.786382893E-01-9.291014101E-01
-8.831701016E-01-8.401453655E-01-7.993318098E-01-7.600762749E-01-7.217944036E-01
-6.839837810E-01-6.462259748E-01-6.081813401E-01-5.695801583E-01-5.302125827E-01
-4.899189240E-01-4.485809835E-01-4.061146837E-01-3.624640363E-01-3.175963208E-01
-2.714982990E-01-2.241733442E-01-1.756393010E-01-1.259269599E-01-7.507904149E-02
-2.314958538E-02 2.979632866E-02 8.368259820E-02 1.384219192E-01 1.939154707E-01
 2.500525235E-01 3.067100487E-01 3.637523792E-01 4.210310162E-01 4.783846680E-01
 5.356395795E-01 5.926102824E-01 6.491007726E-01 7.049062511E-01 7.598153691E-01
 8.136130500E-01 8.660837711E-01 9.170152479E-01 9.662024022E-01 1.013451414E+00
 1.058583736E+00 1.101439860E+00 1.141882696E+00 1.179800389E+00 1.215108482E+00
 1.247751329E+00 1.277702666E+00 1.304965367E+00 1.329570350E+00 1.351574729E+00
 1.371059260E+00 1.388125270E+00 1.402891158E+00 1.415488714E+00 1.426059387E+00
 1.434750668E+00 1.441712768E+00 1.447095642E+00-2.483914317E+00-2.599236570E+00
-2.721376407E+00-2.851154585E+00-2.989560853E+00-3.137800197E+00-3.297330536E+00
-3.469867601E+00-3.640286956E+00-3.780430929E+00-3.894147552E+00-3.978098179E+00
-4.034776263E+00-4.080085127E+00-4.122909625E+00-4.163763815E+00-4.203293866E+00
-4.242026760E+00-4.280325257E+00-4.318335053E+00-4.355943607E+00-4.392768335E+00
-4.428181010E+00-4.461361398E+00-4.491366353E+00-4.517200703E+00-4.537878945E+00
-4.552472003E+00-4.560138015E+00-4.560139895E+00-4.551854220E+00-4.534775673E+00
-4.508520858E+00-4.472833376E+00-4.427591363E+00-4.372817163E+00-4.308687125E+00
-4.235538356E+00-4.153867975E+00-4.064319867E+00-3.967656426E+00-3.864715540E+00
-3.756359145E+00-3.643422201E+00-3.526671560E+00-3.406779978E+00-3.284316465E+00
-3.159750414E+00-3.033465647E+00-2.905781248E+00-2.776976327E+00-2.647318015E+00
-2.517092185E+00-2.386637027E+00-2.256378740E+00-2.126866765E+00-1.998800695E+00
-1.873036246E+00-1.750554896E+00-1.632393404E+00-1.519551160E+00-1.412907727E+00
-1.313172415E+00-1.220865307E+00-1.136315910E+00-1.059665509E+00-9.908648022E-01
-9.296643264E-01-8.756010156E-01-8.279909415E-01-7.859446572E-01-7.484208554E-01
-7.143178882E-01-6.825773924E-01-6.522646854E-01-6.226074400E-01-5.929979806E-01
-5.629748866E-01-5.321974533E-01-5.004206098E-01-4.674734012E-01-4.332417038E-01
-3.976548180E-01-3.606752878E-01-3.222912891E-01-2.825109857E-01-2.413584266E-01
-1.988705852E-01-1.550952928E-01-1.100898429E-01-6.392010073E-02-1.666000502E-02
 3.160864678E-02 8.079620551E-02 1.308050372E-01 1.815293115E-01 2.328547646E-01
 2.846584966E-01 3.368088473E-01 3.891654195E-01 4.415792842E-01 4.938934436E-01
 5.459435795E-01 5.975591147E-01 6.485646414E-01 6.987816977E-01 7.480308725E-01
 7.961342137E-01 8.429178597E-01 8.882148296E-01 9.318678508E-01 9.737321331E-01
 1.013677974E+00 1.051593080E+00 1.087384517E+00 1.120980207E+00 1.152329914E+00
 1.181405666E+00 1.208201618E+00 1.232733338E+00 1.255036590E+00 1.275165637E+00
 1.293191179E+00 1.309197978E+00 1.323282347E+00 1.335549534E+00 1.346111167E+00
 1.355082801E+00 1.362581691E+00-2.520812329E+00-2.640565365E+00-2.767796008E+00
-2.903509935E+00-3.048958851E+00-3.205721763E+00-3.375789772E+00-3.561566749E+00
-3.749646334E+00-3.909436734E+00-4.046406436E+00-4.157864496E+00-4.244365196E+00
-4.308745625E+00-4.344490696E+00-4.376107037E+00-4.408198931E+00-4.441517149E+00
-4.476712354E+00-4.514121265E+00-4.553606788E+00-4.594511203E+00-4.635728075E+00
-4.675840410E+00-4.713277630E+00-4.746459297E+00-4.773902591E+00-4.794284556E+00
-4.806464866E+00-4.809483421E+00-4.802547114E+00-4.785015820E+00-4.756394143E+00
-4.716331820E+00-4.664634500E+00-4.601284645E+00-4.526470389E+00-4.440616731E+00
-4.344408440E+00-4.238789127E+00-4.124920819E+00-4.004098417E+00-3.877634450E+00
-3.746746057E+00-3.612474334E+00-3.475648138E+00-3.336885952E+00-3.196621628E+00
-3.055140980E+00-2.912621639E+00-2.769172601E+00-2.624874010E+00-2.479819225E+00
-2.334163845E+00-2.188187114E+00-2.042372144E+00-1.897503779E+00-1.754757605E+00
-1.615698099E+00-1.482092873E+00-1.355602919E+00-1.237560752E+00-1.128926514E+00
-1.030342124E+00-9.421964908E-01-8.646659770E-01-7.977218215E-01-7.411027676E-01
-6.942523751E-01-6.562301946E-01-6.256421653E-01-6.006955875E-01-5.794592985E-01
-5.602044678E-01-5.415969797E-01-5.226994619E-01-5.028875203E-01-4.817603635E-01
-4.590713008E-01-4.346787646E-01-4.085129021E-01-3.805529063E-01-3.508116338E-01
-3.193251610E-01-2.861456861E-01-2.513367585E-01-2.149701143E-01-1.771236258E-01
-1.378800533E-01-9.732633725E-02-5.555328800E-02-1.265553807E-02 3.126832567E-02
 7.611552030E-02 1.217787715E-01 1.681460081E-01 2.151000886E-01 2.625185982E-01
 3.102737492E-01 3.582324263E-01 4.062563870E-01 4.542026860E-01 5.019242912E-01
 5.492709619E-01 5.960903588E-01 6.422293827E-01 6.875357487E-01 7.318597390E-01
 7.750560811E-01 8.169859358E-01 8.575188830E-01 8.965348581E-01 9.339259690E-01
 9.695981066E-01 1.003472305E+00 1.035485784E+00 1.065592646E+00 1.093764180E+00
 1.119988788E+00 1.144271522E+00 1.166633260E+00 1.187109567E+00 1.205749271E+00
 1.222612842E+00 1.237770624E+00 1.251300985E+00 1.263288477E+00 1.273822034E+00
 1.282993274E+00-2.540804620E+00-2.662417165E+00-2.791579170E+00-2.929274585E+00
-3.076733398E+00-3.235554203E+00-3.407970239E+00-3.597624781E+00-3.794234212E+00
-3.969784736E+00-4.127687898E+00-4.264208185E+00-4.376944227E+00-4.469179037E+00
-4.537939596E+00-4.584323679E+00-4.610003167E+00-4.635423640E+00-4.666151480E+00
-4.703477165E+00-4.747361711E+00-4.796494173E+00-4.848726148E+00-4.901440498E+00
-4.951895452E+00-4.997536479E+00-5.036183261E+00-5.066069938E+00-5.085795230E+00
-5.094244603E+00-5.090519228E+00-5.073883798E+00-5.043736479E+00-4.999600534E+00
-4.941138414E+00-4.868190217E+00-4.780839034E+00-4.679502868E+00-4.565041251E+00
-4.438837713E+00-4.302783718E+00-4.159092174E+00-4.009971034E+00-3.857313503E+00
-3.702541071E+00-3.546600952E+00-3.390044562E+00-3.233124075E+00-3.075878264E+00
-2.918200479E+00-2.759890824E+00-2.600698403E+00-2.440359707E+00-2.278641647E+00
-2.115402461E+00-1.950695997E+00-1.784979999E+00-1.619561806E+00-1.457299326E+00
-1.302261673E+00-1.157654402E+00-1.025205746E+00-9.058018331E-01-7.999332847E-01
-7.078946300E-01-6.298649993E-01-5.659250887E-01-5.160211983E-01-4.798542262E-01
-4.566175629E-01-4.444236753E-01-4.396022051E-01-4.376849783E-01-4.356222948E-01
-4.319039529E-01-4.258359673E-01-4.171210012E-01-4.056651956E-01-3.914842652E-01
-3.746540678E-01-3.552829702E-01-3.334958602E-01-3.094247756E-01-2.832034907E-01
-2.549644908E-01-2.248374810E-01-1.929488065E-01-1.594214584E-01-1.243754445E-01
-8.792835039E-02-5.019601622E-02-1.129325180E-02 2.866544955E-02 6.956523228E-02
 1.112902607E-01 1.537231784E-01 1.967446702E-01 2.402331327E-01 2.840644839E-01
 3.281121113E-01 3.722469921E-01 4.163379643E-01 4.602521993E-01 5.038558455E-01
 5.470148460E-01 5.895959322E-01 6.314677697E-01 6.725022096E-01 7.125756507E-01
 7.515704446E-01 7.893762887E-01 8.258916022E-01 8.610247873E-01 8.946953647E-01
 9.268349215E-01 9.573878394E-01 9.863117910E-01 1.013577962E+00 1.039171005E+00
 1.063088733E+00 1.085341553E+00 1.105951687E+00 1.124952169E+00 1.142385715E+00
 1.158303463E+00 1.172763648E+00 1.185830250E+00 1.197571659E+00 1.208059390E+00
-2.543678428E+00-2.664631975E+00-2.792647704E+00-2.928480064E+00-3.072993838E+00
-3.227161237E+00-3.391989157E+00-3.568139909E+00-3.754876327E+00-3.946715992E+00
-4.125796357E+00-4.284648457E+00-4.424273780E+00-4.548520709E+00-4.641571239E+00
-4.717993974E+00-4.775094054E+00-4.807994945E+00-4.831269650E+00-4.869631103E+00
-4.923501902E+00-4.989068911E+00-5.062120368E+00-5.137552949E+00-5.210151815E+00
-5.275730314E+00-5.331402608E+00-5.375246965E+00-5.405932620E+00-5.422465564E+00
-5.424034087E+00-5.409919413E+00-5.379447875E+00-5.331973691E+00-5.266889484E+00
-5.183670500E+00-5.081968144E+00-4.961783327E+00-4.823766832E+00-4.669678278E+00
-4.502829572E+00-4.327802929E+00-4.149023820E+00-3.969557268E+00-3.791059961E+00
-3.614217271E+00-3.439126818E+00-3.265541874E+00-3.093013179E+00-2.920968797E+00
-2.748757539E+00-2.575670704E+00-2.400950763E+00-2.223791100E+00-2.043327574E+00
-1.858616319E+00-1.668569923E+00-1.471689218E+00-1.264272637E+00-1.081581169E+00
-9.129095875E-01-7.612756961E-01-6.339859792E-01-5.189214635E-01-4.200912839E-01
-3.457720349E-01-2.839195001E-01-2.390614538E-01-2.204072299E-01-2.161387452E-01
-2.320591906E-01-2.717498785E-01-2.984373857E-01-3.177936675E-01-3.308822143E-01
-3.384086414E-01-3.409427247E-01-3.389740844E-01-3.329325874E-01-3.231985705E-01
-3.101097157E-01-2.939666519E-01-2.750378943E-01-2.535643164E-01-2.297631828E-01
-2.038317550E-01-1.759505021E-01-1.462859149E-01-1.149929828E-01-8.221735181E-02
-4.809720424E-02-1.276488454E-02 2.365169902E-02 6.102787629E-02 9.924120687E-02
 1.381706466E-01 1.776958830E-01 2.176968318E-01 2.580532997E-01 2.986447931E-01
 3.393505033E-01 3.800494334E-01 4.206206854E-01 4.609439001E-01 5.008998245E-01
 5.403710176E-01 5.792426638E-01 6.174034704E-01 6.547466228E-01 6.911707881E-01
 7.265810956E-01 7.608901060E-01 7.940187003E-01 8.258968728E-01 8.564643992E-01
 8.856713484E-01 9.134784352E-01 9.398571731E-01 9.647898478E-01 9.882693088E-01
 1.010298567E+00 1.030890250E+00 1.050065894E+00 1.067855127E+00 1.084294768E+00
 1.099427856E+00 1.113302650E+00 1.125971631E+00 1.137490521E+00-2.530540246E+00
-2.648796435E+00-2.773306641E+00-2.904547989E+00-3.042993940E+00-3.189064786E+00
-3.343038317E+00-3.504924047E+00-3.674370494E+00-3.850725500E+00-4.033197935E+00
-4.217245907E+00-4.381537661E+00-4.527548825E+00-4.651941567E+00-4.755465201E+00
-4.836656365E+00-4.893260390E+00-4.930885763E+00-4.984083031E+00-5.059990992E+00
-5.156476938E+00-5.269932512E+00-5.388805882E+00-5.498104900E+00-5.592791540E+00
-5.671303715E+00-5.732975410E+00-5.777401644E+00-5.804213030E+00-5.812976933E+00
-5.803147790E+00-5.774039203E+00-5.724806599E+00-5.654437678E+00-5.561753531E+00
-5.445433664E+00-5.304096930E+00-5.136531599E+00-4.942418314E+00-4.725408703E+00
-4.501310965E+00-4.282441088E+00-4.071121154E+00-3.867102943E+00-3.669440266E+00
-3.476977916E+00-3.288515186E+00-3.102860111E+00-2.918838104E+00-2.735278804E+00
-2.550990109E+00-2.364722134E+00-2.175118768E+00-1.980649273E+00-1.779502984E+00
-1.569415447E+00-1.347397334E+00-1.112427632E+00-9.029709071E-01-7.159740620E-01
-5.520942107E-01-4.131948994E-01-2.922692570E-01-1.919195666E-01-1.156395772E-01
-5.751401096E-02-2.140685046E-02-1.232953540E-02-2.588537528E-02-6.825358555E-02
-1.344672304E-01-1.846901520E-01-2.222615624E-01-2.496693091E-01-2.686885988E-01
-2.806383535E-01-2.865386201E-01-2.872019546E-01-2.832894613E-01-2.753477293E-01
-2.638347222E-01-2.491387352E-01-2.315927087E-01-2.114852692E-01-1.890693848E-01
-1.645692290E-01-1.381856864E-01-1.101008001E-01-8.048139424E-02-4.948204083E-02
-1.724749902E-02 1.608527520E-02 5.038547624E-02 8.552709539E-02 1.213878270E-01
 1.578481985E-01 1.947909057E-01 2.321003302E-01 2.696622256E-01 3.073635648E-01
 3.450925379E-01 3.827386735E-01 4.201931089E-01 4.573489597E-01 4.941017985E-01
 5.303502129E-01 5.659964393E-01 6.009470295E-01 6.351135596E-01 6.684133221E-01
 7.007700000E-01 7.321143026E-01 7.623845135E-01 7.915269716E-01 8.194964177E-01
 8.462562522E-01 8.717786358E-01 8.960444725E-01 9.190432637E-01 9.407728119E-01
 9.612388335E-01 9.804544487E-01 9.984395889E-01 1.015220334E+00 1.030828187E+00
 1.045299344E+00 1.058673925E+00 1.070995224E+00-2.503350832E+00-2.617511347E+00
-2.737046525E+00-2.862227607E+00-2.993287469E+00-3.130390311E+00-3.273595488E+00
-3.422825993E+00-3.577857517E+00-3.738341348E+00-3.903855839E+00-4.073965586E+00
-4.248347203E+00-4.421910638E+00-4.569669835E+00-4.697916462E+00-4.804067718E+00
-4.884077185E+00-4.944078433E+00-5.021429683E+00-5.126476227E+00-5.262067089E+00
-5.434063087E+00-5.622721777E+00-5.777241918E+00-5.904195120E+00-6.006950411E+00
-6.087395671E+00-6.146556376E+00-6.184827300E+00-6.202077877E+00-6.197770237E+00
-6.171152758E+00-6.121345642E+00-6.047170580E+00-5.946929379E+00-5.818246940E+00
-5.657883170E+00-5.461370334E+00-5.222159823E+00-4.929371709E+00-4.640404385E+00
-4.379742871E+00-4.139239709E+00-3.913818898E+00-3.699852238E+00-3.494535408E+00
-3.295587521E+00-3.101071172E+00-2.909268169E+00-2.718584352E+00-2.527469354E+00
-2.334342386E+00-2.137517403E+00-1.935123591E+00-1.725021859E+00-1.504729537E+00
-1.271386449E+00-1.025808572E+00-8.045897700E-01-6.088711806E-01-4.385418345E-01
-2.936406544E-01-1.699139967E-01-6.879519565E-02 8.097745639E-03 6.362497240E-02
 9.484111615E-02 9.849219795E-02 7.584671236E-02 2.218703859E-02-5.426557401E-02
-1.154309623E-01-1.626256279E-01-1.981730054E-01-2.240109287E-01-2.417098082E-01
-2.525295178E-01-2.574813846E-01-2.573823402E-01-2.528984028E-01-2.445783801E-01
-2.328796565E-01-2.181878782E-01-2.008320559E-01-1.810961908E-01-1.592283480E-01
-1.354477474E-01-1.099503901E-01-8.291353683E-02-5.449930735E-02-2.485758325E-02
 5.871638464E-03 3.755633702E-02 7.007092448E-02 1.032950046E-01 1.371123883E-01
 1.714103314E-01 2.060789633E-01 2.410108894E-01 2.761009448E-01 3.112460894E-01
 3.463454206E-01 3.813003028E-01 4.160145963E-01 4.503949650E-01 4.843512529E-01
 5.177969176E-01 5.506494998E-01 5.828311167E-01 6.142689470E-01 6.448957055E-01
 6.746500886E-01 7.034771718E-01 7.313287272E-01 7.581634912E-01 7.839473193E-01
 8.086532772E-01 8.322616158E-01 8.547596545E-01 8.761415823E-01 8.964081606E-01
 9.155663516E-01 9.336288822E-01 9.506137500E-01 9.665436883E-01 9.814455964E-01
 9.953499701E-01 1.008290307E+00-2.464379153E+00-2.573598394E+00-2.687370048E+00
-2.805834309E+00-2.929090716E+00-3.057182771E+00-3.190083075E+00-3.327682788E+00
-3.469788949E+00-3.616131385E+00-3.766377060E+00-3.920146317E+00-4.077025279E+00
-4.236571604E+00-4.398676296E+00-4.552117246E+00-4.683265932E+00-4.785400050E+00
-4.867667402E+00-4.966340720E+00-5.093133672E+00-5.252433268E+00-5.450838749E+00
-5.665647366E+00-5.841711657E+00-5.985081539E+00-6.100227111E+00-6.190119842E+00
-6.256558339E+00-6.300441392E+00-6.321951651E+00-6.320727887E+00-6.296079012E+00
-6.247070815E+00-6.172351100E+00-6.069897434E+00-5.936791383E+00-5.768933262E+00
-5.560619637E+00-5.304023801E+00-4.988924590E+00-4.678213415E+00-4.400644938E+00
-4.147946760E+00-3.913795103E+00-3.693485464E+00-3.483466572E+00-3.280964487E+00
-3.083717218E+00-2.889789857E+00-2.697440651E+00-2.505016725E+00-2.310864880E+00
-2.113246907E+00-1.910253981E+00-1.699718778E+00-1.479136879E+00-1.245630243E+00
-9.999269276E-01-7.788113442E-01-5.831946884E-01-4.130381226E-01-2.684785658E-01
-1.450736163E-01-4.433443712E-02 3.201541451E-02 8.702873287E-02 1.176808365E-01
 1.206065358E-01 9.727076102E-02 4.287263967E-02-3.450062281E-02-9.657181669E-02
-1.447410177E-01-1.813326736E-01-2.082843596E-01-2.271656606E-01-2.392354860E-01
-2.455042519E-01-2.467880567E-01-2.437521379E-01-2.369445143E-01-2.268217276E-01
-2.137684822E-01-1.981126765E-01-1.801370164E-01-1.600880127E-01-1.381830504E-01
-1.146159646E-01-8.956147994E-02-6.317876847E-02-3.561431612E-02-7.004239355E-03
 2.252383906E-02 5.284927297E-02 8.385717326E-02 1.154374362E-01 1.474839846E-01
 1.798941890E-01 2.125684487E-01 2.454099122E-01 2.783243153E-01 3.112199399E-01
 3.440076473E-01 3.766010154E-01 4.089165323E-01 4.408738430E-01 4.723960551E-01
 5.034100584E-01 5.338468684E-01 5.636419784E-01 5.927356875E-01 6.210734120E-01
 6.486059767E-01 6.752898314E-01 7.010872448E-01 7.259664113E-01 7.499015089E-01
 7.728726779E-01 7.948659455E-01 8.158730569E-01 8.358912684E-01 8.549230660E-01
 8.729758403E-01 8.900615081E-01 9.061961196E-01 9.213994143E-01 9.356943851E-01
 9.491068210E-01
 3.953232370E+00 3.755061550E+00 3.679788390E+00 3.631570130E+00 3.599871140E+00
 3.576421520E+00 3.557689710E+00 3.539736640E+00 3.526526620E+00 3.513644370E+00
 3.502574550E+00 3.492358580E+00 3.483032280E+00 3.474385650E+00 3.466477870E+00
 3.458942740E+00 3.452363520E+00 3.445746900E+00 3.440131130E+00 3.434708010E+00
 3.429624470E+00 3.425501370E+00 3.421387260E+00 3.417545230E+00 3.414536430E+00
 3.411585270E+00 3.408989050E+00 3.406917560E+00 3.405033040E+00 3.403410410E+00
 3.402253620E+00 3.401322720E+00 3.400609980E+00 3.400127120E+00 3.400164890E+00
 3.400305460E+00 3.400538150E+00 3.401157970E+00 3.402156310E+00 3.403242720E+00
 3.404447120E+00 3.405961940E+00 3.407840550E+00 3.409811690E+00 3.411894050E+00
 3.414267990E+00 3.416940790E+00 3.419718170E+00 3.422693580E+00 3.425858810E+00
 3.429250520E+00 3.432854450E+00 3.436589470E+00 3.440429840E+00 3.444579200E+00
 3.448942490E+00 3.453423590E+00 3.458093730E+00 3.462878240E+00 3.467956250E+00
 3.473238990E+00 3.478615800E+00 3.484121180E+00 3.489756800E+00 3.495660750E+00
 3.501821680E+00 3.508273410E+00 3.515226670E+00 3.522802790E+00 3.531199520E+00
 3.540416840E+00 3.550531360E+00 3.561660660E+00 3.573859230E+00 3.587265620E+00
 3.601877430E+00 3.617717790E+00 3.634862490E+00 3.653416260E+00 3.673398030E+00
 3.694878260E+00 3.717891990E+00 3.742461420E+00 3.768722190E+00 3.796673850E+00
 3.826383840E+00 3.857982410E+00 3.891453020E+00 3.926907070E+00 3.964434010E+00
 4.003993350E+00 4.045932200E+00 4.090173760E+00 4.136759670E+00 4.185931630E+00
 4.237581170E+00 4.292239160E+00 4.349716330E+00 4.410045750E+00 4.473469320E+00
 4.540291260E+00 4.610878830E+00 4.685023950E+00 4.763058840E+00 4.845010430E+00
 4.930080160E+00 5.017595710E+00 5.106920780E+00 5.198248270E+00 5.290197510E+00
 5.382171830E+00 5.472466600E+00 5.559556490E+00 5.641239200E+00 5.715858860E+00
 5.782259550E+00 5.840302310E+00 5.891402330E+00 5.938847180E+00 5.987271910E+00
 6.041962010E+00 6.110774480E+00 6.200740830E+00 6.321554650E+00 6.485475650E+00
 6.715413560E+00 7.054070940E+00 7.644166240E+00 1.051002110E+01
   90    6
 2.671487741E+00 0.000000000E+00 2.675248706E+00 2.352941176E-01 2.687114871E+00
 4.705882353E-01 2.701387294E+00 6.470588235E-01 2.726470588E+00 8.675317788E-01
 2.754770024E+00 1.058823529E+00 2.786469247E+00 1.235294118E+00 2.820220588E+00
 1.397506659E+00 2.851470588E+00 1.531958984E+00 2.895527929E+00 1.705882353E+00
 2.943752447E+00 1.882352941E+00 2.977207435E+00 2.000000000E+00 3.029188518E+00
 2.176470588E+00 3.070220588E+00 2.310591638E+00 3.124741529E+00 2.470588235E+00
 3.179751506E+00 2.619068800E+00 3.195532424E+00 2.657934871E+00 3.320220588E+00
 2.608463153E+00 3.413970588E+00 2.567083059E+00 3.507720588E+00 2.523283812E+00
 3.614637553E+00 2.470588235E+00 3.726470588E+00 2.412176518E+00 3.820220588E+00
 2.359653529E+00 3.913970588E+00 2.303618322E+00 4.007720588E+00 2.243731939E+00
 4.101470588E+00 2.179416760E+00 4.185090188E+00 2.117647059E+00 4.260545624E+00
 2.058823529E+00 4.351470588E+00 1.982746692E+00 4.445220588E+00 1.898109320E+00
 4.521844659E+00 1.823529412E+00 4.601470588E+00 1.741134831E+00 4.685025482E+00
 1.647058824E+00 4.757720588E+00 1.558542113E+00 4.823893835E+00 1.470588235E+00
 4.903315506E+00 1.352941176E+00 4.973521788E+00 1.235294118E+00 5.036032541E+00
 1.117647059E+00 5.092118565E+00 1.000000000E+00 5.142687812E+00 8.823529412E-01
 5.195220588E+00 7.457062706E-01 5.248765059E+00 5.882352941E-01 5.288970588E+00
 4.479709882E-01 5.323598235E+00 2.941176471E-01 5.349629671E+00 5.882352941E-02
 5.341086471E+00-1.764705882E-01 5.311916988E+00-3.529411765E-01 5.266842141E+00
-5.294117647E-01 5.226470588E+00-6.571882212E-01 5.166089153E+00-8.235294118E-01
 5.117890047E+00-9.411764706E-01 5.064533835E+00-1.058823529E+00 5.005267200E+00
-1.176470588E+00 4.939043976E+00-1.294117647E+00 4.864476329E+00-1.411764706E+00
 4.788970588E+00-1.517566019E+00 4.726470588E+00-1.597780941E+00 4.634264282E+00
-1.705882353E+00 4.570220588E+00-1.775374936E+00 4.476470588E+00-1.869770240E+00
 4.400242988E+00-1.941176471E+00 4.320220588E+00-2.012032758E+00 4.226470588E+00
-2.088888315E+00 4.132720588E+00-2.159962896E+00 4.038970588E+00-2.225854638E+00
 3.945220588E+00-2.287173972E+00 3.851470588E+00-2.344556802E+00 3.757720588E+00
-2.398466376E+00 3.663970588E+00-2.449109906E+00 3.570220588E+00-2.496704353E+00
 3.476470588E+00-2.540925224E+00 3.365697624E+00-2.588235294E+00 3.257720588E+00
-2.634622259E+00 3.195821153E+00-2.659727553E+00 3.132720588E+00-2.494204635E+00
 3.085725035E+00-2.352941176E+00 3.038970588E+00-2.204368621E+00 2.996256282E+00
-2.058823529E+00 2.945657341E+00-1.882352941E+00 2.913060941E+00-1.764705882E+00
 2.866406071E+00-1.588235294E+00 2.823808847E+00-1.411764706E+00 2.788970588E+00
-1.248705315E+00 2.757720588E+00-1.079432400E+00 2.727848871E+00-8.823529412E-01
 2.707035882E+00-7.058823529E-01 2.691484306E+00-5.294117647E-01 2.677736894E+00
-2.941176471E-01 2.671774071E+00-5.882352941E-02 2.671487741E+00 0.000000000E+00
 5.380000000E+00 2.710000000E+00 2.620000000E+00 2.710000000E+00 2.620000000E+00
-2.710000000E+00 5.380000000E+00-2.710000000E+00 5.380000000E+00 2.710000000E+00
 5.380000000E+00 2.710000000E+00
    0 7.000000000E+00    0
