&INSTATE
  DENSITY_MODEL = 1 
  MODEL_SHAPE = 2 
  NBDRY = 61 
  USE_INPED = 0 
  NRHO = 101 
  R0 = 4.0 
  A0 = 1.33 
  KAPPA = 2.0 
  DELTA = 0.6 
  B0 = 7.0 
  IP = 8.1 
  N_ION = 2 
  Z_ION = 1 1 
  A_ION = 2 3 
  F_ION = 0.5 0.5 
  N_IMP = 3 
  Z_IMP = 2 4 18 
  A_IMP = 4 9 40 
  F_IMP = 0.0 0.02 0.0005 
  N_MIN = 0 
  Z_MIN = 1 
  A_MIN = 1 
  N_BEAM = 1 
  Z_BEAM = 1 
  A_BEAM = 2 
  N_FUSION = 1 
  Z_FUSION = 2 
  A_FUSION = 4 
  NE_AXIS = 26.24 
  NE_PED = 14.56 
  NE_SEP = 7.28 
  NE_ALPHA = 1.5 
  NE_BETA = 1.1 
  NE_FIT = 1 
  NE_XMID = 0.952724 
  NE_XWID = 0.094552 
  TE_AXIS = -0.021569373072869297 
  TE_PED = 3.274687 
  TE_SEP = 0.075 
  TE_ALPHA = 1.5 
  TE_BETA = 1.5 
  TE_FIT = 1 
  TE_XMID = 0.952724 
  TE_XWID = 0.094552 
  TI_AXIS = -0.021569373072869297 
  TI_PED = 3.274687 
  TI_SEP = 0.075 
  TI_ALPHA = 1.5 
  TI_BETA = 1.5 
  TI_FIT = 1 
  TI_XMID = 0.952724 
  TI_XWID = 0.094552 
  ZEFF_AXIS = 1.7 
  OMEGA_AXIS = 5000.0 
  OMEGA_SEP = 0.0 
  OMEGA_ALPHA = 1.5 
  OMEGA_BETA = 1.5 
  JPAR_AXIS = 1.0 
  JPAR_SEP = 0.05 
  JPAR_ALPHA = 2.0 
  JPAR_BETA = 1.0 
  NBEAM_AXIS = 0.0 
  NBEAM_SEP = 0.0 
  NBEAM_ALPHA = 1.5 
  NBEAM_BETA = 1.5 
  TBEAMI = 20.0 20.0 20.0 20.0 20.0 20.0 20.0 20.0 20.0 20.0 20.0 20.0  
    20.0 20.0 20.0 20.0 20.0 20.0 20.0 20.0 20.0 20.0 20.0 20.0 20.0  
    20.0 20.0 20.0 20.0 20.0 20.0 20.0 20.0 20.0 20.0 20.0 20.0 20.0  
    20.0 20.0 20.0 20.0 20.0 20.0 20.0 20.0 20.0 20.0 20.0 20.0 20.0  
    20.0 20.0 20.0 20.0 20.0 20.0 20.0 20.0 20.0 20.0 20.0 20.0 20.0  
    20.0 20.0 20.0 20.0 20.0 20.0 20.0 20.0 20.0 20.0 20.0 20.0 20.0  
    20.0 20.0 20.0 20.0 20.0 20.0 20.0 20.0 20.0 20.0 20.0 20.0 20.0  
    20.0 20.0 20.0 20.0 20.0 20.0 20.0 20.0 20.0 20.0 20.0 
  BETAN_PED = -1.0 
  XMID = -1.0 
  XWID = -1.0 
  PRESSURE_MODEL = 'full' 
  H98_TARGET = 1.3 
  BETAN_TARGET = 0.34948642466071267 
  BETAN_BEAM_TARGET = 0.0 
  CURRENT_MODEL = 'broad' 
  RHO_JBDRY = 0.85 
  RHO_JPEAK = 0.65 
  JAXIS = 0.6 
  JAXIS_PRIME = 1.0 
  JBDRY_PRIME = -1.0 
  NE = 26.29700715 26.259569 26.21921796 26.17599177 26.12992816  
    26.08106485 26.02943957 25.97509004 25.91805399 25.85836915  
    25.79607324 25.73120399 25.66379913 25.59389638 25.52153347  
    25.44674812 25.36957806 25.29006102 25.20823473 25.1241369  
    25.03780527 24.94927756 24.85859151 24.76578482 24.67089524  
    24.57396049 24.47501829 24.37410637 24.27126245 24.16652427  
    24.05992955 23.95151602 23.84132139 23.72938341 23.61573979  
    23.50042826 23.38348655 23.26495238 23.14486348 23.02325758  
    22.90017239 22.77564566 22.6497151 22.52241845 22.39379342  
    22.26387774 22.13270914 22.00032534 21.86676407 21.73206306  
    21.59626002 21.45939267 21.32149875 21.18261595 21.04278199  
    20.90203457 20.76041139 20.6179501 20.47468835 20.33066373  
    20.1859138 20.04047597 19.89438756 19.74768564 19.60040699  
    19.4525879 19.30426396 19.15546969 19.00623803 18.85659956  
    18.70658132 18.55620507 18.40548469 18.2544223 18.10300248  
    17.9511836 17.79888504 17.64596797 17.49220697 17.33724783  
    17.18054504 17.02126972 16.858174579999996 16.689397669999998  
    16.51218108 16.32247618 16.11440843 15.87959384 15.60635717  
    15.27904067 14.87786104 14.38018836 13.76451827 13.01819378  
    12.148060709999989 11.18933425999999 10.20477403 9.269579145  
    8.448151539 7.776638048 7.260124812 
  TE = -0.021569373072869297 -0.004605572477240999 0.013891675536623987  
    0.03388987484865971 0.05535652933879778 0.07825914288697092  
    0.10256521937311072 0.12824226267715236 0.1552577766790292  
    0.18357926525867133 0.21317423229601165 0.24401018167098423  
    0.2760546172635233 0.30927504295355746 0.34363896262102467  
    0.3791138801458548 0.4156672994079781 0.45326672428732795  
    0.49187965866383887 0.5314736064174409 0.5720160714280659  
    0.6134745575756412 0.6558165687400975 0.6990096088013583  
    0.7430211816393457 0.7878187911339755 0.8333699411651517  
    0.8796421356127638 0.9266028783566772 0.9742196732767191  
    1.0224600242526611 1.0712914351641811 1.1206814098908222  
    1.1705974523119071 1.2210070663064279 1.2718777557528564  
    1.3231770245288692 1.3748723765109048 1.4269313155734957  
    1.4793213455882297 1.532009970422153 1.584964693935307  
    1.6381530199769345 1.6915424523796483 1.7451004949504465  
    1.79879465145691 1.8525924256059747 1.9064613210113277  
    1.9603688411433293 2.0142824892521363 2.0681697682497546  
    2.1219981805291166 2.1757352276867037 2.229348410097458  
    2.282805226263571 2.3360731718172736 2.389119737994383  
    2.4419124092986317 2.4944186599291567 2.5466059483182493  
    2.598441708782914 2.6498933387699517 2.700928179375953  
    2.751513485607325 2.801616380993163 2.8512037883438492  
    2.9002423241569946 2.9486981376445107 2.9965366654292027  
    3.0437222578748266 3.0902176101015058 3.135982895959349  
    3.1809744504838524 3.22514276643633 3.2684294496173876  
    3.3107625950650297 3.3520497713476467 3.3921673879657646  
    3.430944606642656 3.468139050609046 3.5034002472315673  
    3.5362148660599924 3.5658252569520656 3.5911095435974576  
    3.6104079783008785 3.621277840480795 3.620161638941483  
    3.6019692650918023 3.559620641128138 3.4836976963846724  
    3.362539062891258 3.1833561965924524 2.9350764241973892  
    2.613177328673501 2.225269152494421 1.7940610709286802  
    1.353983150505615 0.9414244555737062 0.5838892721079733  
    0.2943333852729736 0.07234499364221861 
  TI = -0.021569373072869297 -0.004605572477240999 0.013891675536623987  
    0.03388987484865971 0.05535652933879778 0.07825914288697092  
    0.10256521937311072 0.12824226267715236 0.1552577766790292  
    0.18357926525867133 0.21317423229601165 0.24401018167098423  
    0.2760546172635233 0.30927504295355746 0.34363896262102467  
    0.3791138801458548 0.4156672994079781 0.45326672428732795  
    0.49187965866383887 0.5314736064174409 0.5720160714280659  
    0.6134745575756412 0.6558165687400975 0.6990096088013583  
    0.7430211816393457 0.7878187911339755 0.8333699411651517  
    0.8796421356127638 0.9266028783566772 0.9742196732767191  
    1.0224600242526611 1.0712914351641811 1.1206814098908222  
    1.1705974523119071 1.2210070663064279 1.2718777557528564  
    1.3231770245288692 1.3748723765109048 1.4269313155734957  
    1.4793213455882297 1.532009970422153 1.584964693935307  
    1.6381530199769345 1.6915424523796483 1.7451004949504465  
    1.79879465145691 1.8525924256059747 1.9064613210113277  
    1.9603688411433293 2.0142824892521363 2.0681697682497546  
    2.1219981805291166 2.1757352276867037 2.229348410097458  
    2.282805226263571 2.3360731718172736 2.389119737994383  
    2.4419124092986317 2.4944186599291567 2.5466059483182493  
    2.598441708782914 2.6498933387699517 2.700928179375953  
    2.751513485607325 2.801616380993163 2.8512037883438492  
    2.9002423241569946 2.9486981376445107 2.9965366654292027  
    3.0437222578748266 3.0902176101015058 3.135982895959349  
    3.1809744504838524 3.22514276643633 3.2684294496173876  
    3.3107625950650297 3.3520497713476467 3.3921673879657646  
    3.430944606642656 3.468139050609046 3.5034002472315673  
    3.5362148660599924 3.5658252569520656 3.5911095435974576  
    3.6104079783008785 3.621277840480795 3.620161638941483  
    3.6019692650918023 3.559620641128138 3.4836976963846724  
    3.362539062891258 3.1833561965924524 2.9350764241973892  
    2.613177328673501 2.225269152494421 1.7940610709286802  
    1.353983150505615 0.9414244555737062 0.5838892721079733  
    0.2943333852729736 0.07234499364221861 
  OMEGA = 5000.0 4992.501875 4978.801804 4961.079526 4940.12016  
    4916.382264 4890.178959 4861.74318 4831.258024 4798.873089  
    4764.714177 4728.889466 4691.493659 4652.610886 4612.316799  
    4570.680145 4527.763951 4483.626454 4438.321832 4391.900796  
    4344.411068 4295.897774 4246.403778 4195.969955 4144.635428  
    4092.437767 4039.413164 3985.596584 3931.021896 3875.721988  
    3819.72887 3763.073767 3705.787199 3647.899055 3589.43866  
    3530.4348369999993 3470.91596 3410.910006 3350.444605 3289.54708  
    3228.244492 3166.5636739999995 3104.531273 3042.173783 2979.517575  
    2916.588934 2853.414088 2790.0192379999994 2726.430588 2662.674375  
    2598.776897 2534.764544 2470.663824 2406.501396 2342.304099  
    2278.098979 2213.913327 2149.774706999999 2085.710992 2021.750397  
    1957.921519 1894.253376 1830.775447 1767.517715 1704.510722  
    1641.785608 1579.374179 1517.308956 1455.623246 1394.3512129999992  
    1333.5279519999992 1273.18958 1213.373329 1154.117653 1095.462349  
    1037.448686 980.1195629 923.5196753 867.6957162 812.6966008  
    758.5737302 705.3812976 653.1766491999995 602.0207127999994  
    551.9785103 503.1197796 455.5197357 409.2600162 364.4298727  
    321.1276991 279.4630303 239.55922 201.557126 165.620359  
    131.94307479999966 100.76217029999968 72.37775876 47.19105135  
    25.78549737 9.151104569 0.0 
  ZEFF = 1.4425858468988 1.4421984012318358 1.4417780609694815  
    1.4413258657840635 1.4408428784016247 1.4403301836650122  
    1.439788887762849 1.4392201172167196 1.4386250180464093  
    1.4380047548080708 1.437360509571915 1.4366934809364762  
    1.4360048829152323 1.4352959438070605 1.434567904975549  
    1.4338220195356297 1.4330595510095145 1.4322817718614265  
    1.4314899619145796 1.430685406714022 1.4298693958514195  
    1.4290432210728412 1.4282081743880237 1.4273655459812542  
    1.426516622213287 1.4256626833488728 1.4248050012987992  
    1.4239448372488523 1.4230834392739051 1.4222220398622902  
    1.4213618533186942 1.4205040732612753 1.419649869993649  
    1.4188003879365332 1.4179567429747864 1.4171200199092522  
    1.416291269884694 1.415471507915899 1.4146617104161017  
    1.4138628129119566 1.4130757077206741 1.4123012419526173  
    1.4115402154102255 1.410793378862886 1.4100614323551244  
    1.4093450237717198 1.4086447476032364 1.4079611438802562  
    1.4072946974080758 1.4066458371961128 1.4060149361041459  
    1.4054023108310554 1.4048082220968132 1.4042328750341369  
    1.4036764199673375 1.403138953304516 1.402620518771956  
    1.4021211088068368 1.4016406662467444 1.4011790861531501  
    1.4007362179157155 1.4003118674062667 1.3999057994335007  
    1.3995177401878949 1.3991473798736518 1.3987943753430336  
    1.3984583528226353 1.3981389105383808 1.3978356213127254  
    1.397548035003719 1.3972756806484117 1.3970180682397906  
    1.3967746899237794 1.3965450203090626 1.396328515586131  
    1.3961246107948375 1.3959327145522733 1.3957521999536433  
    1.3955823900679427 1.3954225355207106 1.3952717808304214  
    1.3951291148330862 1.3949932992923288 1.3948627690360529  
    1.3947354985397518 1.3946088378810464 1.3944793443206434  
    1.3943426915014263 1.3941938515649261 1.3940279318830937  
    1.3938422340359256 1.3936399294241173 1.393434382768849  
    1.3932500305947455 1.3931136681050635 1.393037075342622  
    1.393007572886051 1.3930007775553277 1.393000025705117  
    1.3930000000774223 1.393 
  J_OH = 0.0 0.0 0.0 0.0 0.0 0.0 0.0 0.0 0.0 0.0 0.0 0.0 0.0 0.0 0.0  
    0.0 0.0 0.0 0.0 0.0 0.0 0.0 0.0 0.0 0.0 0.0 0.0 0.0 0.0 0.0 0.0 0.0  
    0.0 0.0 0.0 0.0 0.0 0.0 0.0 0.0 0.0 0.0 0.0 0.0 0.0 0.0 0.0 0.0 0.0  
    0.0 0.0 0.0 0.0 0.0 0.0 0.0 0.0 0.0 0.0 0.0 0.0 0.0 0.0 0.0 0.0 0.0  
    0.0 0.0 0.0 0.0 0.0 0.0 0.0 0.0 0.0 0.0 0.0 0.0 0.0 0.0 0.0 0.0 0.0  
    0.0 0.0 0.0 0.0 0.0 0.0 0.0 0.0 0.0 0.0 0.0 0.0 0.0 0.0 0.0 0.0 0.0  
    0.0 
  J_BS = 0.17941714744120738 0.26912572116181105 0.4188777016684494  
    0.5174593586342218 0.5817536984071925 0.6250490033420979  
    0.6545616948176269 0.6745947495933347 0.6878921266397342  
    0.6963076431442552 0.7011571402295577 0.7034116950677345  
    0.7038055445597955 0.7028873805642231 0.7010317979273634  
    0.698433597182624 0.6951498186705753 0.6912184447111192  
    0.686725994689242 0.6817703300010608 0.676428722497056  
    0.6707569447185304 0.6647930017964894 0.658566285635623  
    0.6521051230994273 0.645437034165836 0.6385856813307732  
    0.6315704217334596 0.6244075729816441 0.6171125094365295  
    0.6097003466088781 0.6021841598602018 0.5945742188009022  
    0.5868804913228662 0.5791139428217935 0.5712845801751077  
    0.5634003920963566 0.5554688362652702 0.5474972833687077  
    0.5394924967645573 0.5314607188660714 0.5234076493187912  
    0.5153387398382774 0.5072590358447773 0.4991731277095841  
    0.49108545058156905 0.4830001668906165 0.47492127892078506  
    0.4668524235108531 0.4587969964668053 0.4507583970264944  
    0.4427396439736732 0.4347437717012234 0.426773568556974  
    0.4188314407968784 0.4109200898035129 0.40304203112176284  
    0.3951994162855351 0.3873942453721538 0.3796283428484305  
    0.3719037200062214 0.3642228084575905 0.3565885099178286  
    0.3490026558758287 0.3414636286051439 0.33396965490252667  
    0.32653347263407917 0.3192010012285956 0.31204242190660886  
    0.30512337424656777 0.29849526557382844 0.2921953764845759  
    0.286249683151342 0.2806806266509406 0.2755124133742085  
    0.2707772651682351 0.2665234855267784 0.26282686789424237  
    0.2598094846745277 0.2576646606795274 0.2566970182169705  
    0.2573816664250087 0.2604480442383461 0.26701535458377157  
    0.2787755210773346 0.2981904723095632 0.32869898112898643  
    0.3748829502995978 0.44229907118755807 0.5362959719331815  
    0.6589954688588908 0.8041164516339616 0.9509860246355198  
    1.0627611689487084 1.0964183467944428 1.024818178669383  
    0.8558009156653339 0.6298838949593968 0.3995200768690388  
    0.19941221234859016 0.018742892339563055 
  J_NB = 0.0 0.0 0.0 0.0 0.0 0.0 0.0 0.0 0.0 0.0 0.0 0.0 0.0 0.0 0.0  
    0.0 0.0 0.0 0.0 0.0 0.0 0.0 0.0 0.0 0.0 0.0 0.0 0.0 0.0 0.0 0.0 0.0  
    0.0 0.0 0.0 0.0 0.0 0.0 0.0 0.0 0.0 0.0 0.0 0.0 0.0 0.0 0.0 0.0 0.0  
    0.0 0.0 0.0 0.0 0.0 0.0 0.0 0.0 0.0 0.0 0.0 0.0 0.0 0.0 0.0 0.0 0.0  
    0.0 0.0 0.0 0.0 0.0 0.0 0.0 0.0 0.0 0.0 0.0 0.0 0.0 0.0 0.0 0.0 0.0  
    0.0 0.0 0.0 0.0 0.0 0.0 0.0 0.0 0.0 0.0 0.0 0.0 0.0 0.0 0.0 0.0 0.0  
    0.0 
  J_EC = 0.0 0.0 0.0 0.0 0.0 0.0 0.0 0.0 0.0 0.0 0.0 0.0 0.0 0.0 0.0  
    0.0 0.0 0.0 0.0 0.0 0.0 0.0 0.0 0.0 0.0 0.0 0.0 0.0 0.0 0.0 0.0 0.0  
    0.0 0.0 0.0 0.0 0.0 0.0 0.0 0.0 0.0 0.0 0.0 0.0 0.0 0.0 0.0 0.0 0.0  
    0.0 0.0 0.0 0.0 0.0 0.0 0.0 0.0 0.0 0.0 0.0 0.0 0.0 0.0 0.0 0.0 0.0  
    0.0 0.0 0.0 0.0 0.0 0.0 0.0 0.0 0.0 0.0 0.0 0.0 0.0 0.0 0.0 0.0 0.0  
    0.0 0.0 0.0 0.0 0.0 0.0 0.0 0.0 0.0 0.0 0.0 0.0 0.0 0.0 0.0 0.0 0.0  
    0.0 
  J_IC = 0.0 0.0 0.0 0.0 0.0 0.0 0.0 0.0 0.0 0.0 0.0 0.0 0.0 0.0 0.0  
    0.0 0.0 0.0 0.0 0.0 0.0 0.0 0.0 0.0 0.0 0.0 0.0 0.0 0.0 0.0 0.0 0.0  
    0.0 0.0 0.0 0.0 0.0 0.0 0.0 0.0 0.0 0.0 0.0 0.0 0.0 0.0 0.0 0.0 0.0  
    0.0 0.0 0.0 0.0 0.0 0.0 0.0 0.0 0.0 0.0 0.0 0.0 0.0 0.0 0.0 0.0 0.0  
    0.0 0.0 0.0 0.0 0.0 0.0 0.0 0.0 0.0 0.0 0.0 0.0 0.0 0.0 0.0 0.0 0.0  
    0.0 0.0 0.0 0.0 0.0 0.0 0.0 0.0 0.0 0.0 0.0 0.0 0.0 0.0 0.0 0.0 0.0  
    0.0 
  J_LH = 0.0 0.0 0.0 0.0 0.0 0.0 0.0 0.0 0.0 0.0 0.0 0.0 0.0 0.0 0.0  
    0.0 0.0 0.0 0.0 0.0 0.0 0.0 0.0 0.0 0.0 0.0 0.0 0.0 0.0 0.0 0.0 0.0  
    0.0 0.0 0.0 0.0 0.0 0.0 0.0 0.0 0.0 0.0 0.0 0.0 0.0 0.0 0.0 0.0 0.0  
    0.0 0.0 0.0 0.0 0.0 0.0 0.0 0.0 0.0 0.0 0.0 0.0 0.0 0.0 0.0 0.0 0.0  
    0.0 0.0 0.0 0.0 0.0 0.0 0.0 0.0 0.0 0.0 0.0 0.0 0.0 0.0 0.0 0.0 0.0  
    0.0 0.0 0.0 0.0 0.0 0.0 0.0 0.0 0.0 0.0 0.0 0.0 0.0 0.0 0.0 0.0 0.0  
    0.0 
  PE_NB = 0.0 0.0 0.0 0.0 0.0 0.0 0.0 0.0 0.0 0.0 0.0 0.0 0.0 0.0 0.0  
    0.0 0.0 0.0 0.0 0.0 0.0 0.0 0.0 0.0 0.0 0.0 0.0 0.0 0.0 0.0 0.0 0.0  
    0.0 0.0 0.0 0.0 0.0 0.0 0.0 0.0 0.0 0.0 0.0 0.0 0.0 0.0 0.0 0.0 0.0  
    0.0 0.0 0.0 0.0 0.0 0.0 0.0 0.0 0.0 0.0 0.0 0.0 0.0 0.0 0.0 0.0 0.0  
    0.0 0.0 0.0 0.0 0.0 0.0 0.0 0.0 0.0 0.0 0.0 0.0 0.0 0.0 0.0 0.0 0.0  
    0.0 0.0 0.0 0.0 0.0 0.0 0.0 0.0 0.0 0.0 0.0 0.0 0.0 0.0 0.0 0.0 0.0  
    0.0 
  PE_EC = 0.0 0.0 0.0 0.0 0.0 0.0 0.0 0.0 0.0 0.0 0.0 0.0 0.0 0.0 0.0  
    0.0 0.0 0.0 0.0 0.0 0.0 0.0 0.0 0.0 0.0 0.0 0.0 0.0 0.0 0.0 0.0 0.0  
    0.0 0.0 0.0 0.0 0.0 0.0 0.0 0.0 0.0 0.0 0.0 0.0 0.0 0.0 0.0 0.0 0.0  
    0.0 0.0 0.0 0.0 0.0 0.0 0.0 0.0 0.0 0.0 0.0 0.0 0.0 0.0 0.0 0.0 0.0  
    0.0 0.0 0.0 0.0 0.0 0.0 0.0 0.0 0.0 0.0 0.0 0.0 0.0 0.0 0.0 0.0 0.0  
    0.0 0.0 0.0 0.0 0.0 0.0 0.0 0.0 0.0 0.0 0.0 0.0 0.0 0.0 0.0 0.0 0.0  
    0.0 
  PE_IC = 0.60691237449646 0.6065752945970482 0.6055651777705651  
    0.6038853864004403 0.6015415037346997 0.5985413029683577  
    0.5948947042948827 0.5906137202588315 0.5857123898309388  
    0.5802067017119631 0.5741145074516152 0.5674554250431498  
    0.5602507337220097 0.5525232607576468 0.5442972610807743  
    0.5355982906333879 0.5264530743655828 0.5168893698312245  
    0.5069358273537752 0.4966218477439399 0.4859774385523686  
    0.47503306983352744 0.463819530381302 0.45236778537321026  
    0.44070883632871166 0.4288735842484608 0.4168926967560267  
    0.4047964800121929 0.39261475611511915 0.3803767466380975  
    0.36811096289109874 0.3558451034235421 0.3436059592145062  
    0.33141932692369896 0.3193099305027009 0.3073013513920281  
    0.2954159674561751 0.2836749007366846 0.2720979740331092  
    0.26070367625410606 0.24950913641639552 0.23853010610842562  
    0.22778095017877853 0.21727464535700552 0.2070227864670115  
    0.19703559985059046 0.18732196358142048 0.17788943401789253  
    0.16874427821663368 0.15989151170748578 0.15133494111496587  
    0.14307721110074334 0.13511985509625854 0.12746334929407013  
    0.12010716937059697 0.11304984942132827 0.10628904260199248  
    0.09982158298525597 0.09364354816190118 0.08775032213773246  
    0.08213665810228356 0.07679674067236714 0.07172424724221489  
    0.06691240810202717 0.06235406501779963 0.058041727996966684  
    0.05396762999634201 0.05012377936072607 0.046502009812083155  
    0.04309402784008419 0.039891457374817044 0.03688588165135654  
    0.03406888220345973 0.03143207494974622 0.028967143360189577  
    0.02666586871347555 0.024520157476686965 0.02252206585779522  
    0.02066382159853642 0.01893784309041661 0.017336755909831945  
    0.015853406879636725 0.014480875773990964 0.013212484791031527  
    0.01204180592391501 0.010962666365160884 0.009969152082082527  
    0.009055609702531664 0.00821664685031386 0.0074471310685718314  
    0.006742187467297586 0.00609719522804225 0.005507783094960975  
    0.0049698239766753395 0.004479428778169186 0.004032939576164349  
    0.0036269222452532624 0.0032581586355930263 0.002923638396281935  
    0.0026205505317284045 0.0023462747714611274 
  PE_LH = 0.0 0.0 0.0 0.0 0.0 0.0 0.0 0.0 0.0 0.0 0.0 0.0 0.0 0.0 0.0  
    0.0 0.0 0.0 0.0 0.0 0.0 0.0 0.0 0.0 0.0 0.0 0.0 0.0 0.0 0.0 0.0 0.0  
    0.0 0.0 0.0 0.0 0.0 0.0 0.0 0.0 0.0 0.0 0.0 0.0 0.0 0.0 0.0 0.0 0.0  
    0.0 0.0 0.0 0.0 0.0 0.0 0.0 0.0 0.0 0.0 0.0 0.0 0.0 0.0 0.0 0.0 0.0  
    0.0 0.0 0.0 0.0 0.0 0.0 0.0 0.0 0.0 0.0 0.0 0.0 0.0 0.0 0.0 0.0 0.0  
    0.0 0.0 0.0 0.0 0.0 0.0 0.0 0.0 0.0 0.0 0.0 0.0 0.0 0.0 0.0 0.0 0.0  
    0.0 
  PE_FUS = 0.6087427207062436 0.6036504756760294 0.5981391913866514  
    0.5922224438545165 0.585914141425416 0.5792285123197783  
    0.5721800936306137 0.5647837177838722 0.5570545005439248  
    0.5490078272539741 0.5406593376726848 0.5320249119141726  
    0.5231206538258231 0.5139628739808629 0.5045680714776776  
    0.4949529143040269 0.4851342186322342 0.47512892720628436  
    0.4649540847825717 0.4546268133936616 0.4441642874711503  
    0.4335837042340846 0.4229022562925128 0.412137098856949  
    0.40130532104630745 0.3904239106668862 0.37950972096267255  
    0.36857943554730294 0.35764953264125193 0.3467362489956778  
    0.3358555414832952 0.325023050832374 0.3142540632991261  
    0.30356347442609743 0.29296575025238863 0.28247489201187687  
    0.2721043998426743 0.2618672383317985 0.2517758029781954  
    0.2418418890691584 0.23207666073017943 0.22249062524793017  
    0.2130936055704194 0.20389471947302315 0.19490235866441138  
    0.1861241727891696 0.1775670559573625 0.169237136263527  
    0.1611397698492922 0.1532795378744079 0.14566024681952366  
    0.13828493383812526 0.13115587500245135 0.12427459619734807  
    0.11764189005414502 0.1112578339966845 0.10512181314532265  
    0.09923254515284709 0.09358810927466249 0.0881859767403489  
    0.08302304489548187 0.07809567148017853 0.07339971299993879  
    0.06893056218021666 0.06468318785737125 0.060652174263475  
    0.05683176115187876 0.05321588226836297 0.04979820306750254  
    0.046572156092366715 0.04353097251451856 0.040667709110500855  
    0.037975268393132644 0.035446408759707795 0.03307374161541334  
    0.03084970885485018 0.028766534351166377 0.026816136671579525  
    0.02498998888391179 0.02327890214388792 0.0216727036353614  
    0.020159769336261207 0.018726364735628602 0.017355748494392295  
    0.016027025055268762 0.014713835396981538 0.013383238173551392  
    0.011995709819806586 0.010508265974858221 0.008884253065704771  
    0.007114285179907856 0.005249256059607087 0.003431331176720025  
    0.001882323690875788 0.0008059788144313075 0.0002447105346190128  
    4.609446045665413e-05 4.345292280206964e-06 1.3216577183409188e-07  
    3.693047706108369e-10 6.584999996157733e-17 
  PE_IONIZATION = 0.0 0.0 0.0 0.0 0.0 0.0 0.0 0.0 0.0 0.0 0.0 0.0 0.0  
    0.0 0.0 0.0 0.0 0.0 0.0 0.0 0.0 0.0 0.0 0.0 0.0 0.0 0.0 0.0 0.0 0.0  
    0.0 0.0 0.0 0.0 0.0 0.0 0.0 0.0 0.0 0.0 0.0 0.0 0.0 0.0 0.0 0.0 0.0  
    0.0 0.0 0.0 0.0 0.0 0.0 0.0 0.0 0.0 0.0 0.0 0.0 0.0 0.0 0.0 0.0 0.0  
    0.0 0.0 0.0 0.0 0.0 0.0 0.0 0.0 0.0 0.0 0.0 0.0 0.0 0.0 0.0 0.0 0.0  
    0.0 0.0 0.0 0.0 0.0 0.0 0.0 0.0 0.0 0.0 0.0 0.0 0.0 0.0 0.0 0.0 0.0  
    0.0 0.0 0.0 
  P_RAD = -0.8050380081925761 -0.8010819903559236 -0.796810305238391  
    -0.7922314765528038 -0.7873541796451656 -0.7821872281550285  
    -0.7767395632968824 -0.7710202392690403 -0.7650384130452417  
    -0.7588033304649876 -0.7523243146600144 -0.7456107541822388  
    -0.7386720914663463 -0.7315178100747912 -0.7241574243469355  
    -0.7166004668251578 -0.7088564788975671 -0.7009349974388077  
    -0.6928455457144101 -0.6845976202486572 -0.676200683984316  
    -0.6676641524900401 -0.6589973850952 -0.6502096738259485  
    -0.641310236366689 -0.6323082030498627 -0.6232126084176506  
    -0.6140323834422353 -0.6047763447068751 -0.5954531878203208  
    -0.5860714760800249 -0.576639634979851 -0.567165941670274  
    -0.5576585216927624 -0.5481253359446399 -0.5385741786160317  
    -0.5290126687639304 -0.5194482439292768 -0.509888155239515  
    -0.5003394623007438 -0.49080902686413963 -0.48130351156166734  
    -0.47182937286046944 -0.4623928603940654 -0.4530000126019618  
    -0.44365665620753925 -0.43436840413538347 -0.42514065455398303  
    -0.4159785910983161 -0.4068871837393951 -0.3978711883008407  
    -0.38893514992626377 -0.38008340590777495 -0.371320086184545  
    -0.3626491193251793 -0.3540742359455607 -0.34559897337263756  
    -0.3372266796819204 -0.3289605207339377 -0.3208034847714659  
    -0.31275838912621207 -0.30482788435993335 -0.2970144620286733  
    -0.28932045745718243 -0.28174805627876764 -0.2742992954850836  
    -0.26697606560109016 -0.25978010786020406 -0.25271300796262974  
    -0.24577618379403615 -0.23897086257452527 -0.2322980453321518  
    -0.2257584507627402 -0.2193524305111374 -0.21307984053028148  
    -0.20693984876728067 -0.2009306513850592 -0.19504904825944108  
    -0.18928982050556234 -0.1836448109303381 -0.1781015716439696  
    -0.1726413914167414 -0.16723642963980156 -0.16184560811394896  
    -0.15640883125663 -0.15083910712861429 -0.14501237944887707  
    -0.13875570823828556 -0.13183647665270132 -0.12395957674734127  
    -0.11478674710090953 -0.10400072612838089 -0.09143716948040645  
    -0.07727739033911764 -0.062214943827764664 -0.047420771022171244  
    -0.03418468885389749 -0.02339084058106235 -0.015209763496597247  
    -0.009182162739955523 -0.0043579646077004834 
  PI_NB = 0.0 0.0 0.0 0.0 0.0 0.0 0.0 0.0 0.0 0.0 0.0 0.0 0.0 0.0 0.0  
    0.0 0.0 0.0 0.0 0.0 0.0 0.0 0.0 0.0 0.0 0.0 0.0 0.0 0.0 0.0 0.0 0.0  
    0.0 0.0 0.0 0.0 0.0 0.0 0.0 0.0 0.0 0.0 0.0 0.0 0.0 0.0 0.0 0.0 0.0  
    0.0 0.0 0.0 0.0 0.0 0.0 0.0 0.0 0.0 0.0 0.0 0.0 0.0 0.0 0.0 0.0 0.0  
    0.0 0.0 0.0 0.0 0.0 0.0 0.0 0.0 0.0 0.0 0.0 0.0 0.0 0.0 0.0 0.0 0.0  
    0.0 0.0 0.0 0.0 0.0 0.0 0.0 0.0 0.0 0.0 0.0 0.0 0.0 0.0 0.0 0.0 0.0  
    0.0 
  PI_IC = 0.16184329986572266 0.1617534118925462 0.16148404740548403  
    0.16103610304011742 0.1604110676625866 0.1596110141248954  
    0.1586385878119687 0.15749699206902174 0.15618997062158366  
    0.15472178712319015 0.1530972019870974 0.1513214466781733  
    0.1494001956592026 0.14733953620203916 0.14514593628820646  
    0.14282621083557012 0.14038748649748872 0.1378371652883265  
    0.13518288729434005 0.1324324927317173 0.12959398361396496  
    0.12667548528894065 0.12368520810168054 0.12063140943285607  
    0.11752235635432311 0.11436628913292288 0.11117138580160713  
    0.10794572800325145 0.1046972682973651 0.10143379910349266  
    0.09816292343762632 0.09489202757961122 0.09162825579053499  
    0.08837848717965306 0.08514931480072024 0.08194702703787415  
    0.07877759132164669 0.07564664019644923 0.07255945974216245  
    0.06952098033442829 0.0665357697110388 0.06360802829558017  
    0.06074158671434094 0.057939905428534805 0.05520607639120306  
    0.05254282662682412 0.049952523621712125 0.04743718240477134  
    0.04499847419110232 0.04263773645532954 0.04035598429732423  
    0.038153922960198226 0.03603196135900228 0.0339902264784187  
    0.03202857849882586 0.030146626512354207 0.02834374469386466  
    0.02661908879606826 0.02497161284317365 0.02340008590339532  
    0.021903108827275617 0.02047913084596457 0.019126465931257306  
    0.017843308827207246 0.016627750671413234 0.01547779413252445  
    0.014391367999024537 0.013366341162860285 0.012400535949888842  
    0.011491740757355784 0.010637721966617879 0.009836235107028411  
    0.009085035254255927 0.00838188665326566 0.00772457156271722  
    0.007110898323593479 0.006538708660449857 0.006005884228745392  
    0.005510352426276378 0.005050091490777763 0.004623134909288519  
    0.004227575167903127 0.003861566873064257 0.003523329277608407  
    0.003211148246377336 0.0029233776973762358 0.002658440555222007  
    0.002414829254008444 0.0021911058267503627 0.001985901618285822  
    0.001797916657946023 0.0016259187274779332 0.00146874215865626  
    0.0013252863937800905 0.0011945143408451163 0.0010754505536438265  
    0.00096717926540087 0.000868842302824807 0.0007796369056751826  
    0.0006988134751275745 0.0006256732723896339 
  PI_LH = 0.0 0.0 0.0 0.0 0.0 0.0 0.0 0.0 0.0 0.0 0.0 0.0 0.0 0.0 0.0  
    0.0 0.0 0.0 0.0 0.0 0.0 0.0 0.0 0.0 0.0 0.0 0.0 0.0 0.0 0.0 0.0 0.0  
    0.0 0.0 0.0 0.0 0.0 0.0 0.0 0.0 0.0 0.0 0.0 0.0 0.0 0.0 0.0 0.0 0.0  
    0.0 0.0 0.0 0.0 0.0 0.0 0.0 0.0 0.0 0.0 0.0 0.0 0.0 0.0 0.0 0.0 0.0  
    0.0 0.0 0.0 0.0 0.0 0.0 0.0 0.0 0.0 0.0 0.0 0.0 0.0 0.0 0.0 0.0 0.0  
    0.0 0.0 0.0 0.0 0.0 0.0 0.0 0.0 0.0 0.0 0.0 0.0 0.0 0.0 0.0 0.0 0.0  
    0.0 
  PI_FUS = 0.17108311822659344 0.16919805781935096 0.16716234485643636  
    0.16498268051521142 0.162665942324775 0.1602191656683377  
    0.15764952675547222 0.15496432317968728 0.15217095659268706  
    0.14927691421226186 0.1462897506878936 0.1432170700710908  
    0.14006650746938476 0.13684571074420487 0.133562322712965  
    0.13022396229924366 0.12683820727482784 0.12341257534574142  
    0.11995450674984447 0.11647134588496667 0.11297032429312906  
    0.10945854308853784 0.10594295556386389 0.10243035046928475  
    0.09892733621955874 0.09544032453949666 0.09197551537355866  
    0.08853888225515276 0.08513615842951451 0.08177282388962143  
    0.07845409276061689 0.07518490235485153 0.07196990268847332  
    0.06881344763350855 0.06571958656257124 0.0626920578450515  
    0.05973428330559666 0.05684936413577917 0.054040078118323204  
    0.05130887843347527 0.04865789354029683 0.046088929197930825  
    0.04360347102828792 0.04120268936229679 0.0388874449356158  
    0.03665829631897251 0.03451550854202884 0.03245906289376374  
    0.030488668163493833 0.02860377282505922 0.026803578165136187  
    0.025087052627759458 0.023452946744580944 0.021899808606481486  
    0.020426000303016667 0.019029714390712615 0.017708990907246227  
    0.016461734332405113 0.015285730812874276 0.014178665040388895  
    0.013138137140161 0.012161678855120693 0.011246769686265576  
    0.010390852035963712 0.00959134593806844 0.008845662796583036  
    0.008151218391670163 0.007505444736075763 0.006905800956908926  
    0.006349782961443342 0.005834931725940069 0.005358840165726321  
    0.0049191583273548375 0.004513596574888239 0.004139926495231385  
    0.0037959787901527173 0.0034796375628177423 0.003188829613936111  
    0.0029215073615515286 0.002675622992270419 0.002449090978133199  
    0.002239735284971436 0.00204521735343321 0.001862942301158926  
    0.0016899463032816926 0.0015227833084767181 0.0013574644498743588  
    0.0011895749835585299 0.0010148144310712897 0.0008303458400798817  
    0.0006373110448968412 0.00044415671843560617 0.0002683874295275895  
    0.00013201239921664928 4.864065793904711e-05 1.2056120490422086e-05  
    1.7379742588451817e-06 1.1590000199835511e-07  
    2.2471791488300554e-09 3.3590846186866786e-12 1.890896166604703e-19 
  PI_IONIZATION = 0.0 0.0 0.0 0.0 0.0 0.0 0.0 0.0 0.0 0.0 0.0 0.0 0.0  
    0.0 0.0 0.0 0.0 0.0 0.0 0.0 0.0 0.0 0.0 0.0 0.0 0.0 0.0 0.0 0.0 0.0  
    0.0 0.0 0.0 0.0 0.0 0.0 0.0 0.0 0.0 0.0 0.0 0.0 0.0 0.0 0.0 0.0 0.0  
    0.0 0.0 0.0 0.0 0.0 0.0 0.0 0.0 0.0 0.0 0.0 0.0 0.0 0.0 0.0 0.0 0.0  
    0.0 0.0 0.0 0.0 0.0 0.0 0.0 0.0 0.0 0.0 0.0 0.0 0.0 0.0 0.0 0.0 0.0  
    0.0 0.0 0.0 0.0 0.0 0.0 0.0 0.0 0.0 0.0 0.0 0.0 0.0 0.0 0.0 0.0 0.0  
    0.0 0.0 0.0 
  PI_CX = 0.0 0.0 0.0 0.0 0.0 0.0 0.0 0.0 0.0 0.0 0.0 0.0 0.0 0.0 0.0  
    0.0 0.0 0.0 0.0 0.0 0.0 0.0 0.0 0.0 0.0 0.0 0.0 0.0 0.0 0.0 0.0 0.0  
    0.0 0.0 0.0 0.0 0.0 0.0 0.0 0.0 0.0 0.0 0.0 0.0 0.0 0.0 0.0 0.0 0.0  
    0.0 0.0 0.0 0.0 0.0 0.0 0.0 0.0 0.0 0.0 0.0 0.0 0.0 0.0 0.0 0.0 0.0  
    0.0 0.0 0.0 0.0 0.0 0.0 0.0 0.0 0.0 0.0 0.0 0.0 0.0 0.0 0.0 0.0 0.0  
    0.0 0.0 0.0 0.0 0.0 0.0 0.0 0.0 0.0 0.0 0.0 0.0 0.0 0.0 0.0 0.0 0.0  
    0.0 
  P_OHM = 0.0 0.0 0.0 0.0 0.0 0.0 0.0 0.0 0.0 0.0 0.0 0.0 0.0 0.0 0.0  
    0.0 0.0 0.0 0.0 0.0 0.0 0.0 0.0 0.0 0.0 0.0 0.0 0.0 0.0 0.0 0.0 0.0  
    0.0 0.0 0.0 0.0 0.0 0.0 0.0 0.0 0.0 0.0 0.0 0.0 0.0 0.0 0.0 0.0 0.0  
    0.0 0.0 0.0 0.0 0.0 0.0 0.0 0.0 0.0 0.0 0.0 0.0 0.0 0.0 0.0 0.0 0.0  
    0.0 0.0 0.0 0.0 0.0 0.0 0.0 0.0 0.0 0.0 0.0 0.0 0.0 0.0 0.0 0.0 0.0  
    0.0 0.0 0.0 0.0 0.0 0.0 0.0 0.0 0.0 0.0 0.0 0.0 0.0 0.0 0.0 0.0 0.0  
    0.0 
  P_EI = 0.0 0.0 0.0 0.0 0.0 0.0 0.0 0.0 0.0 0.0 0.0 0.0 0.0 0.0 0.0  
    0.0 0.0 0.0 0.0 0.0 0.0 0.0 0.0 0.0 0.0 0.0 0.0 0.0 0.0 0.0 0.0 0.0  
    0.0 0.0 0.0 0.0 0.0 0.0 0.0 0.0 0.0 0.0 0.0 0.0 0.0 0.0 0.0 0.0 0.0  
    0.0 0.0 0.0 0.0 0.0 0.0 0.0 0.0 0.0 0.0 0.0 0.0 0.0 0.0 0.0 0.0 0.0  
    0.0 0.0 0.0 0.0 0.0 0.0 0.0 0.0 0.0 0.0 0.0 0.0 0.0 0.0 0.0 0.0 0.0  
    0.0 0.0 0.0 0.0 0.0 0.0 0.0 0.0 0.0 0.0 0.0 0.0 0.0 0.0 0.0 0.0 0.0  
    0.0 
  TORQUE_NB = 0.0 0.0 0.0 0.0 0.0 0.0 0.0 0.0 0.0 0.0 0.0 0.0 0.0 0.0  
    0.0 0.0 0.0 0.0 0.0 0.0 0.0 0.0 0.0 0.0 0.0 0.0 0.0 0.0 0.0 0.0 0.0  
    0.0 0.0 0.0 0.0 0.0 0.0 0.0 0.0 0.0 0.0 0.0 0.0 0.0 0.0 0.0 0.0 0.0  
    0.0 0.0 0.0 0.0 0.0 0.0 0.0 0.0 0.0 0.0 0.0 0.0 0.0 0.0 0.0 0.0 0.0  
    0.0 0.0 0.0 0.0 0.0 0.0 0.0 0.0 0.0 0.0 0.0 0.0 0.0 0.0 0.0 0.0 0.0  
    0.0 0.0 0.0 0.0 0.0 0.0 0.0 0.0 0.0 0.0 0.0 0.0 0.0 0.0 0.0 0.0 0.0  
    0.0 0.0 
  TORQUE_IN = 0.0 0.0 0.0 0.0 0.0 0.0 0.0 0.0 0.0 0.0 0.0 0.0 0.0 0.0  
    0.0 0.0 0.0 0.0 0.0 0.0 0.0 0.0 0.0 0.0 0.0 0.0 0.0 0.0 0.0 0.0 0.0  
    0.0 0.0 0.0 0.0 0.0 0.0 0.0 0.0 0.0 0.0 0.0 0.0 0.0 0.0 0.0 0.0 0.0  
    0.0 0.0 0.0 0.0 0.0 0.0 0.0 0.0 0.0 0.0 0.0 0.0 0.0 0.0 0.0 0.0 0.0  
    0.0 0.0 0.0 0.0 0.0 0.0 0.0 0.0 0.0 0.0 0.0 0.0 0.0 0.0 0.0 0.0 0.0  
    0.0 0.0 0.0 0.0 0.0 0.0 0.0 0.0 0.0 0.0 0.0 0.0 0.0 0.0 0.0 0.0 0.0  
    0.0 0.0 
  SE_NB = 0.0 0.0 0.0 0.0 0.0 0.0 0.0 0.0 0.0 0.0 0.0 0.0 0.0 0.0 0.0  
    0.0 0.0 0.0 0.0 0.0 0.0 0.0 0.0 0.0 0.0 0.0 0.0 0.0 0.0 0.0 0.0 0.0  
    0.0 0.0 0.0 0.0 0.0 0.0 0.0 0.0 0.0 0.0 0.0 0.0 0.0 0.0 0.0 0.0 0.0  
    0.0 0.0 0.0 0.0 0.0 0.0 0.0 0.0 0.0 0.0 0.0 0.0 0.0 0.0 0.0 0.0 0.0  
    0.0 0.0 0.0 0.0 0.0 0.0 0.0 0.0 0.0 0.0 0.0 0.0 0.0 0.0 0.0 0.0 0.0  
    0.0 0.0 0.0 0.0 0.0 0.0 0.0 0.0 0.0 0.0 0.0 0.0 0.0 0.0 0.0 0.0 0.0  
    0.0 
  SE_IONIZATION = 0.0 0.0 0.0 0.0 0.0 0.0 0.0 0.0 0.0 0.0 0.0 0.0 0.0  
    0.0 0.0 0.0 0.0 0.0 0.0 0.0 0.0 0.0 0.0 0.0 0.0 0.0 0.0 0.0 0.0 0.0  
    0.0 0.0 0.0 0.0 0.0 0.0 0.0 0.0 0.0 0.0 0.0 0.0 0.0 0.0 0.0 0.0 0.0  
    0.0 0.0 0.0 0.0 0.0 0.0 0.0 0.0 0.0 0.0 0.0 0.0 0.0 0.0 0.0 0.0 0.0  
    0.0 0.0 0.0 0.0 0.0 0.0 0.0 0.0 0.0 0.0 0.0 0.0 0.0 0.0 0.0 0.0 0.0  
    0.0 0.0 0.0 0.0 0.0 0.0 0.0 0.0 0.0 0.0 0.0 0.0 0.0 0.0 0.0 0.0 0.0  
    0.0 0.0 0.0 
  SI_NB = 0.0 0.0 0.0 0.0 0.0 0.0 0.0 0.0 0.0 0.0 0.0 0.0 0.0 0.0 0.0  
    0.0 0.0 0.0 0.0 0.0 0.0 0.0 0.0 0.0 0.0 0.0 0.0 0.0 0.0 0.0 0.0 0.0  
    0.0 0.0 0.0 0.0 0.0 0.0 0.0 0.0 0.0 0.0 0.0 0.0 0.0 0.0 0.0 0.0 0.0  
    0.0 0.0 0.0 0.0 0.0 0.0 0.0 0.0 0.0 0.0 0.0 0.0 0.0 0.0 0.0 0.0 0.0  
    0.0 0.0 0.0 0.0 0.0 0.0 0.0 0.0 0.0 0.0 0.0 0.0 0.0 0.0 0.0 0.0 0.0  
    0.0 0.0 0.0 0.0 0.0 0.0 0.0 0.0 0.0 0.0 0.0 0.0 0.0 0.0 0.0 0.0 0.0  
    0.0 
  SI_IONIZATION = 0.0 0.0 0.0 0.0 0.0 0.0 0.0 0.0 0.0 0.0 0.0 0.0 0.0  
    0.0 0.0 0.0 0.0 0.0 0.0 0.0 0.0 0.0 0.0 0.0 0.0 0.0 0.0 0.0 0.0 0.0  
    0.0 0.0 0.0 0.0 0.0 0.0 0.0 0.0 0.0 0.0 0.0 0.0 0.0 0.0 0.0 0.0 0.0  
    0.0 0.0 0.0 0.0 0.0 0.0 0.0 0.0 0.0 0.0 0.0 0.0 0.0 0.0 0.0 0.0 0.0  
    0.0 0.0 0.0 0.0 0.0 0.0 0.0 0.0 0.0 0.0 0.0 0.0 0.0 0.0 0.0 0.0 0.0  
    0.0 0.0 0.0 0.0 0.0 0.0 0.0 0.0 0.0 0.0 0.0 0.0 0.0 0.0 0.0 0.0 0.0  
    0.0 0.0 0.0 
  SE_PELLET = 0.0 0.0 0.0 0.0 0.0 0.0 0.0 0.0 0.0 0.0 0.0 0.0 0.0 0.0  
    0.0 0.0 0.0 0.0 0.0 0.0 0.0 0.0 0.0 0.0 0.0 0.0 0.0 0.0 0.0 0.0 0.0  
    0.0 0.0 0.0 0.0 0.0 0.0 0.0 0.0 0.0 0.0 0.0 0.0 0.0 0.0 0.0 0.0 0.0  
    0.0 0.0 0.0 0.0 0.0 0.0 0.0 0.0 0.0 0.0 0.0 0.0 0.0 0.0 0.0 0.0 0.0  
    0.0 0.0 0.0 0.0 0.0 0.0 0.0 0.0 0.0 0.0 0.0 0.0 0.0 0.0 0.0 0.0 0.0  
    0.0 0.0 0.0 0.0 0.0 0.0 0.0 0.0 0.0 0.0 0.0 0.0 0.0 0.0 0.0 0.0 0.0  
    0.0 0.0 
  Q = 0.0 0.0 0.0 0.0 0.0 0.0 0.0 0.0 0.0 0.0 0.0 0.0 0.0 0.0 0.0 0.0  
    0.0 0.0 0.0 0.0 0.0 0.0 0.0 0.0 0.0 0.0 0.0 0.0 0.0 0.0 0.0 0.0 0.0  
    0.0 0.0 0.0 0.0 0.0 0.0 0.0 0.0 0.0 0.0 0.0 0.0 0.0 0.0 0.0 0.0 0.0  
    0.0 0.0 0.0 0.0 0.0 0.0 0.0 0.0 0.0 0.0 0.0 0.0 0.0 0.0 0.0 0.0 0.0  
    0.0 0.0 0.0 0.0 0.0 0.0 0.0 0.0 0.0 0.0 0.0 0.0 0.0 0.0 0.0 0.0 0.0  
    0.0 0.0 0.0 0.0 0.0 0.0 0.0 0.0 0.0 0.0 0.0 0.0 0.0 0.0 0.0 0.0 0.0 
  PSIPOL = 0.0 0.0 0.0 0.0 0.0 0.0 0.0 0.0 0.0 0.0 0.0 0.0 0.0 0.0 0.0  
    0.0 0.0 0.0 0.0 0.0 0.0 0.0 0.0 0.0 0.0 0.0 0.0 0.0 0.0 0.0 0.0 0.0  
    0.0 0.0 0.0 0.0 0.0 0.0 0.0 0.0 0.0 0.0 0.0 0.0 0.0 0.0 0.0 0.0 0.0  
    0.0 0.0 0.0 0.0 0.0 0.0 0.0 0.0 0.0 0.0 0.0 0.0 0.0 0.0 0.0 0.0 0.0  
    0.0 0.0 0.0 0.0 0.0 0.0 0.0 0.0 0.0 0.0 0.0 0.0 0.0 0.0 0.0 0.0 0.0  
    0.0 0.0 0.0 0.0 0.0 0.0 0.0 0.0 0.0 0.0 0.0 0.0 0.0 0.0 0.0 0.0 0.0  
    0.0 
  PSI = 0.0 0.0 0.0 0.0 0.0 0.0 0.0 0.0 0.0 0.0 0.0 0.0 0.0 0.0 0.0 0.0  
    0.0 0.0 0.0 0.0 0.0 0.0 0.0 0.0 0.0 0.0 0.0 0.0 0.0 0.0 0.0 0.0 0.0  
    0.0 0.0 0.0 0.0 0.0 0.0 0.0 0.0 0.0 0.0 0.0 0.0 0.0 0.0 0.0 0.0 0.0  
    0.0 0.0 0.0 0.0 0.0 0.0 0.0 0.0 0.0 0.0 0.0 0.0 0.0 0.0 0.0 0.0 0.0  
    0.0 0.0 0.0 0.0 0.0 0.0 0.0 0.0 0.0 0.0 0.0 0.0 0.0 0.0 0.0 0.0 0.0  
    0.0 0.0 0.0 0.0 0.0 0.0 0.0 0.0 0.0 0.0 0.0 0.0 0.0 0.0 0.0 0.0 0.0 
  DENSITY_BEAM = 0.0 0.0 0.0 0.0 0.0 0.0 0.0 0.0 0.0 0.0 0.0 0.0 0.0  
    0.0 0.0 0.0 0.0 0.0 0.0 0.0 0.0 0.0 0.0 0.0 0.0 0.0 0.0 0.0 0.0 0.0  
    0.0 0.0 0.0 0.0 0.0 0.0 0.0 0.0 0.0 0.0 0.0 0.0 0.0 0.0 0.0 0.0 0.0  
    0.0 0.0 0.0 0.0 0.0 0.0 0.0 0.0 0.0 0.0 0.0 0.0 0.0 0.0 0.0 0.0 0.0  
    0.0 0.0 0.0 0.0 0.0 0.0 0.0 0.0 0.0 0.0 0.0 0.0 0.0 0.0 0.0 0.0 0.0  
    0.0 0.0 0.0 0.0 0.0 0.0 0.0 0.0 0.0 0.0 0.0 0.0 0.0 0.0 0.0 0.0 0.0  
    0.0 0.0 0.0 
  WBEAM = 0.0 0.0 0.0 0.0 0.0 0.0 0.0 0.0 0.0 0.0 0.0 0.0 0.0 0.0 0.0  
    0.0 0.0 0.0 0.0 0.0 0.0 0.0 0.0 0.0 0.0 0.0 0.0 0.0 0.0 0.0 0.0 0.0  
    0.0 0.0 0.0 0.0 0.0 0.0 0.0 0.0 0.0 0.0 0.0 0.0 0.0 0.0 0.0 0.0 0.0  
    0.0 0.0 0.0 0.0 0.0 0.0 0.0 0.0 0.0 0.0 0.0 0.0 0.0 0.0 0.0 0.0 0.0  
    0.0 0.0 0.0 0.0 0.0 0.0 0.0 0.0 0.0 0.0 0.0 0.0 0.0 0.0 0.0 0.0 0.0  
    0.0 0.0 0.0 0.0 0.0 0.0 0.0 0.0 0.0 0.0 0.0 0.0 0.0 0.0 0.0 0.0 0.0  
    0.0 
  TBEAM = 0.0 0.0 0.0 0.0 0.0 0.0 0.0 0.0 0.0 0.0 0.0 0.0 0.0 0.0 0.0  
    0.0 0.0 0.0 0.0 0.0 0.0 0.0 0.0 0.0 0.0 0.0 0.0 0.0 0.0 0.0 0.0 0.0  
    0.0 0.0 0.0 0.0 0.0 0.0 0.0 0.0 0.0 0.0 0.0 0.0 0.0 0.0 0.0 0.0 0.0  
    0.0 0.0 0.0 0.0 0.0 0.0 0.0 0.0 0.0 0.0 0.0 0.0 0.0 0.0 0.0 0.0 0.0  
    0.0 0.0 0.0 0.0 0.0 0.0 0.0 0.0 0.0 0.0 0.0 0.0 0.0 0.0 0.0 0.0 0.0  
    0.0 0.0 0.0 0.0 0.0 0.0 0.0 0.0 0.0 0.0 0.0 0.0 0.0 0.0 0.0 0.0 0.0  
    0.0 
  DENSITY_ALPHA = 0.0 0.0 0.0 0.0 0.0 0.0 0.0 0.0 0.0 0.0 0.0 0.0 0.0  
    0.0 0.0 0.0 0.0 0.0 0.0 0.0 0.0 0.0 0.0 0.0 0.0 0.0 0.0 0.0 0.0 0.0  
    0.0 0.0 0.0 0.0 0.0 0.0 0.0 0.0 0.0 0.0 0.0 0.0 0.0 0.0 0.0 0.0 0.0  
    0.0 0.0 0.0 0.0 0.0 0.0 0.0 0.0 0.0 0.0 0.0 0.0 0.0 0.0 0.0 0.0 0.0  
    0.0 0.0 0.0 0.0 0.0 0.0 0.0 0.0 0.0 0.0 0.0 0.0 0.0 0.0 0.0 0.0 0.0  
    0.0 0.0 0.0 0.0 0.0 0.0 0.0 0.0 0.0 0.0 0.0 0.0 0.0 0.0 0.0 0.0 0.0  
    0.0 0.0 0.0 
  WALPHA = 0.0 0.0 0.0 0.0 0.0 0.0 0.0 0.0 0.0 0.0 0.0 0.0 0.0 0.0 0.0  
    0.0 0.0 0.0 0.0 0.0 0.0 0.0 0.0 0.0 0.0 0.0 0.0 0.0 0.0 0.0 0.0 0.0  
    0.0 0.0 0.0 0.0 0.0 0.0 0.0 0.0 0.0 0.0 0.0 0.0 0.0 0.0 0.0 0.0 0.0  
    0.0 0.0 0.0 0.0 0.0 0.0 0.0 0.0 0.0 0.0 0.0 0.0 0.0 0.0 0.0 0.0 0.0  
    0.0 0.0 0.0 0.0 0.0 0.0 0.0 0.0 0.0 0.0 0.0 0.0 0.0 0.0 0.0 0.0 0.0  
    0.0 0.0 0.0 0.0 0.0 0.0 0.0 0.0 0.0 0.0 0.0 0.0 0.0 0.0 0.0 0.0 0.0  
    0.0 
  TALPHA = 0.0 0.0 0.0 0.0 0.0 0.0 0.0 0.0 0.0 0.0 0.0 0.0 0.0 0.0 0.0  
    0.0 0.0 0.0 0.0 0.0 0.0 0.0 0.0 0.0 0.0 0.0 0.0 0.0 0.0 0.0 0.0 0.0  
    0.0 0.0 0.0 0.0 0.0 0.0 0.0 0.0 0.0 0.0 0.0 0.0 0.0 0.0 0.0 0.0 0.0  
    0.0 0.0 0.0 0.0 0.0 0.0 0.0 0.0 0.0 0.0 0.0 0.0 0.0 0.0 0.0 0.0 0.0  
    0.0 0.0 0.0 0.0 0.0 0.0 0.0 0.0 0.0 0.0 0.0 0.0 0.0 0.0 0.0 0.0 0.0  
    0.0 0.0 0.0 0.0 0.0 0.0 0.0 0.0 0.0 0.0 0.0 0.0 0.0 0.0 0.0 0.0 0.0  
    0.0 
  CHIE = 0.0 0.0 0.0 0.0 0.0 0.0 0.0 0.0 0.0 0.0 0.0 0.0 0.0 0.0 0.0  
    0.0 0.0 0.0 0.0 0.0 0.0 0.0 0.0 0.0 0.0 0.0 0.0 0.0 0.0 0.0 0.0 0.0  
    0.0 0.0 0.0 0.0 0.0 0.0 0.0 0.0 0.0 0.0 0.0 0.0 0.0 0.0 0.0 0.0 0.0  
    0.0 0.0 0.0 0.0 0.0 0.0 0.0 0.0 0.0 0.0 0.0 0.0 0.0 0.0 0.0 0.0 0.0  
    0.0 0.0 0.0 0.0 0.0 0.0 0.0 0.0 0.0 0.0 0.0 0.0 0.0 0.0 0.0 0.0 0.0  
    0.0 0.0 0.0 0.0 0.0 0.0 0.0 0.0 0.0 0.0 0.0 0.0 0.0 0.0 0.0 0.0 0.0  
    0.0 
  CHII = 0.0 0.0 0.0 0.0 0.0 0.0 0.0 0.0 0.0 0.0 0.0 0.0 0.0 0.0 0.0  
    0.0 0.0 0.0 0.0 0.0 0.0 0.0 0.0 0.0 0.0 0.0 0.0 0.0 0.0 0.0 0.0 0.0  
    0.0 0.0 0.0 0.0 0.0 0.0 0.0 0.0 0.0 0.0 0.0 0.0 0.0 0.0 0.0 0.0 0.0  
    0.0 0.0 0.0 0.0 0.0 0.0 0.0 0.0 0.0 0.0 0.0 0.0 0.0 0.0 0.0 0.0 0.0  
    0.0 0.0 0.0 0.0 0.0 0.0 0.0 0.0 0.0 0.0 0.0 0.0 0.0 0.0 0.0 0.0 0.0  
    0.0 0.0 0.0 0.0 0.0 0.0 0.0 0.0 0.0 0.0 0.0 0.0 0.0 0.0 0.0 0.0 0.0  
    0.0 
  P_EQ = 0.0 0.0 0.0 0.0 0.0 0.0 0.0 0.0 0.0 0.0 0.0 0.0 0.0 0.0 0.0  
    0.0 0.0 0.0 0.0 0.0 0.0 0.0 0.0 0.0 0.0 0.0 0.0 0.0 0.0 0.0 0.0 0.0  
    0.0 0.0 0.0 0.0 0.0 0.0 0.0 0.0 0.0 0.0 0.0 0.0 0.0 0.0 0.0 0.0 0.0  
    0.0 0.0 0.0 0.0 0.0 0.0 0.0 0.0 0.0 0.0 0.0 0.0 0.0 0.0 0.0 0.0 0.0  
    0.0 0.0 0.0 0.0 0.0 0.0 0.0 0.0 0.0 0.0 0.0 0.0 0.0 0.0 0.0 0.0 0.0  
    0.0 0.0 0.0 0.0 0.0 0.0 0.0 0.0 0.0 0.0 0.0 0.0 0.0 0.0 0.0 0.0 0.0  
    0.0 
  J_TOT = 0.6734326171874999 0.6804442451531918 0.6876585874736856  
    0.6950658353898782 0.7026561801426661 0.710419812972946  
    0.7183469251216146 0.7264277078295687 0.7346523523377047  
    0.7430110498869196 0.7514939917181098 0.7600913690721721  
    0.7687933731900033 0.7775901953125 0.7864720266805586  
    0.7954290585350762 0.8044514821169492 0.8135294886670743  
    0.8226532694263483 0.8318130156356678 0.8409989185359296  
    0.85020116936803 0.8594099593728663 0.8686154797913346  
    0.8778079218643318 0.8869774768327547 0.8961143359374999  
    0.9052086904194638 0.9142507315195436 0.9232306504786355  
    0.9321386385376366 0.940964886937443 0.9496995869189518  
    0.9583329297230597 0.9668551065906633 0.9752563087626591  
    0.983526727479944 0.9916565539834147 0.9996359795139678  
    1.0074551953125 1.0151043926199077 1.0225737626770879  
    1.029853496724937 1.0369337860043524 1.04380482175623  
    1.0504567952214667 1.0568798976409592 1.063064320255604  
    1.0690002543062982 1.074677891033938 1.0800874216794207  
    1.0852190374836423 1.0900629296875 1.09460928953189  
    1.0988483082577092 1.1027701771058542 1.1063650873172222  
    1.1096232301327091 1.1125347967932122 1.1150899785396275  
    1.1172789666128526 1.1190919522537834 1.1205191267033168  
    1.1215506812023495 1.1221768069917786 1.1223876953124998  
    1.1168872654457287 1.1011101730684174 1.0761427140150714  
    1.0430711841201945 1.0029818792182912 0.9569610951438656  
    0.9060951277314225 0.8514702728154662 0.7941728262305011  
    0.7352890838110315 0.6759053413915619 0.6171078948065968  
    0.5599830398906405 0.5056170724781972 0.4550962884037717  
    0.4095069835018682 0.3699354536069917 0.33746799455364546  
    0.31319090217633455 0.2981904723095632 0.32869898112898643  
    0.3748829502995978 0.44229907118755807 0.5362959719331815  
    0.6589954688588908 0.8041164516339616 0.9509860246355198  
    1.0627611689487084 1.0964183467944428 1.024818178669383  
    0.8558009156653339 0.6298838949593968 0.3995200768690388  
    0.19941221234859016 0.018742892339563055 
  RBDRY = 5.33 5.318342593343686 5.283498094361539 5.225848266676087  
    5.146024733863454 5.044902059253285 4.923588164029888  
    4.783412188615895 4.62590993033165 4.452807016878383 4.266  
    4.0675355764653025 3.859588164029888 3.644436078060192  
    3.4244365698335666 3.202 3.1463908575416086 3.091390980484952  
    3.037602958992528 2.9856161058836745 2.936 2.889298245780404  
    2.8460225174170874 2.8066469528460263 2.771602958992528  
    2.7412744851866786 2.7159938165341364 2.6960379333309783  
    2.6816254764096152 2.6729143516640788 2.67 2.6729143516640783  
    2.6816254764096152 2.6960379333309783 2.715993816534136  
    2.7412744851866786 2.7716029589925277 2.806646952846026  
    2.8460225174170874 2.889298245780404 2.936 2.985616105883674  
    3.0376029589925277 3.091390980484952 3.1463908575416077  
    3.2020000000000004 3.4244365698335653 3.64443607806019  
    3.8595881640298875 4.067535576465302 4.265999999999998  
    4.452807016878382 4.625909930331649 4.783412188615894  
    4.923588164029888 5.044902059253285 5.146024733863454  
    5.225848266676087 5.283498094361539 5.318342593343686 5.33 
  ZBDRY = 0.0 0.23535113765686597 0.4652724865098506 0.6905906201336312  
    0.9102913102803188 1.1231657674595437 1.3279956054538342  
    1.5236213693222256 1.7089805745491784 1.8831339788886716  
    2.0452858176211626 2.194800069633431 2.3312135259246296  
    2.454245888084394 2.5638068553907556 2.66 2.5169520006434856  
    2.3666218923483946 2.2094269832145708 2.045820686161913  
    1.8762930788893706 1.701371539188396 1.521621722665165  
    1.3376493633547748 1.1501037994334113 0.9596850412410337  
    0.7671584243735222 0.5733871841793019 0.37941544064214977  
    0.18674733587679238 0.0 -0.18674733587679165 -0.3794154406421486  
    -0.5733871841793005 -0.7671584243735206 -0.9596850412410403  
    -1.1501037994334022 -1.3376493633547701 -1.521621722665163  
    -1.7013715391883915 -1.876293078889371 -2.0458206861619135  
    -2.209426983214567 -2.366621892348393 -2.5169520006434807 -2.66  
    -2.5638068553907565 -2.4542458880843947 -2.33121352592463  
    -2.1948000696334318 -2.045285817621164 -1.8831339788886723  
    -1.7089805745491797 -1.5236213693222267 -1.3279956054538342  
    -1.1231657674595437 -0.9102913102803188 -0.6905906201336312  
    -0.4652724865098506 -0.23535113765686597 0.0 
  NLIM = 5 
  RLIM = 5.38 2.62 2.62 5.38 5.38 
  ZLIM = 2.71 2.71 -2.71 -2.71 2.71 
  RHO = 0.0 0.01 0.02 0.03 0.04 0.05 0.06 0.07 0.08 0.09 0.1 0.11 0.12  
    0.13 0.14 0.15 0.16 0.17 0.18 0.19 0.2 0.21 0.22 0.23 0.24 0.25  
    0.26 0.27 0.28 0.29 0.3 0.31 0.32 0.33 0.34 0.35 0.36 0.37 0.38  
    0.39 0.4 0.41 0.42 0.43 0.44 0.45 0.46 0.47 0.48 0.49 0.5 0.51 0.52  
    0.53 0.54 0.55 0.56 0.57 0.58 0.59 0.6 0.61 0.62 0.63 0.64 0.65  
    0.66 0.67 0.68 0.69 0.7 0.71 0.72 0.73 0.74 0.75 0.76 0.77 0.78  
    0.79 0.8 0.81 0.82 0.83 0.84 0.85 0.86 0.87 0.88 0.89 0.9 0.91 0.92  
    0.93 0.94 0.95 0.96 0.97 0.98 0.99 1.0 
  MODEL_PROFILE_NE = 'ped' 
  MODEL_PROFILE_TE = 'ped' 
  MODEL_PROFILE_TI = 'ped' 
  MODEL_PROFILE_DENSITY_BEAM = 'parab' 
  MODEL_PROFILE_J_TOT = 'parab' 
  MODEL_PROFILE_OMEGA = 'parab' 
  MODEL_PROFILE_ZEFF = 'const' 
  MODEL_PROFILE_TBEAMI = 'const' 
  MODEL_PROFILE_DENSITY_ALPHA = 'zero' 
  MODEL_PROFILE_WALPHA = 'zero' 
  MODEL_PROFILE_WBEAM = 'derived' 
  J_TOT_AXIS = 1.0 
  J_TOT_SEP = 0.05 
  J_TOT_ALPHA = 2.0 
  J_TOT_BETA = 1.0 
  DENSITY_BEAM_AXIS = 0.0 
  DENSITY_BEAM_SEP = 0.0 
  DENSITY_BEAM_ALPHA = 1.5 
  DENSITY_BEAM_BETA = 1.5 
  TBEAMI_AXIS = 20.0 
  DENSITY_ION_0 = 11.326307071606724 11.315269273581462  
    11.303392474667497 11.290675518714115 11.277116789078963  
    11.262714244410205 11.2474654608497 11.231367660038181  
    11.214417751934223 11.196612366158833 11.177947883879579  
    11.158420481940183 11.138026165342158 11.116760799543892  
    11.094620156529375 11.071599944223555 11.047695853137784  
    11.0229035909354 10.997218922169264 10.97063769924236  
    10.943155923609808 10.914769765228622 10.885475620342635  
    10.855270127013219 10.82415024410867 10.792113258138713  
    10.75915683684421 10.72527907418207 10.690478520967199  
    10.654754237209533 10.618105813647393 10.580533421443654  
    10.542037835384846 10.50262049451863 10.462283500295769  
    10.421029673676424 10.378862575484419 10.335786528304912  
    10.291806649978017 10.246928869932338 10.201159939817654  
    10.154507474374627 10.106979929582883 10.058586641780352  
    10.009337807005021 9.95924450511452 9.908318689134429  
    9.856573175957909 9.804021646047783 9.750678626603792  
    9.69655946698559 9.641680332115492 9.586058184286541  
    9.529710726293764 9.47265640754182 9.414914370397694  
    9.356504424399487 9.297446987431986 9.237763069155772  
    9.177474203915805 9.116602421907677 9.05517015280944  
    8.993200208409153 8.930715666863131 8.867739810222144  
    8.804295990607026 8.74040749194252 8.676097321266212  
    8.611387937818696 8.546300862155006 8.48085610738607  
    8.415071360263592 8.34896077749419 8.282533208758148  
    8.215789566684776 8.148718898771666 8.081292611134476  
    8.013455794220484 7.945114424062138 7.876116337215234  
    7.806223049280967 7.735068238540596 7.662096827459864  
    7.586476392079971 7.506970048863774 7.421757790994572  
    7.328193660569276 7.222494296272466 7.099379853969899  
    6.951750118661109 6.770600383245171 6.545574645152041  
    6.266748537206001 5.928159793423337 5.532751229884444  
    5.096534331229295 4.6482359308695465 4.222289696742176  
    3.848132917434139 3.5422586305629578 3.3069868518659997 
  DENSITY_ION_1 = 11.326307071606724 11.315269273581462  
    11.303392474667497 11.290675518714115 11.277116789078963  
    11.262714244410205 11.2474654608497 11.231367660038181  
    11.214417751934223 11.196612366158833 11.177947883879579  
    11.158420481940183 11.138026165342158 11.116760799543892  
    11.094620156529375 11.071599944223555 11.047695853137784  
    11.0229035909354 10.997218922169264 10.97063769924236  
    10.943155923609808 10.914769765228622 10.885475620342635  
    10.855270127013219 10.82415024410867 10.792113258138713  
    10.75915683684421 10.72527907418207 10.690478520967199  
    10.654754237209533 10.618105813647393 10.580533421443654  
    10.542037835384846 10.50262049451863 10.462283500295769  
    10.421029673676424 10.378862575484419 10.335786528304912  
    10.291806649978017 10.246928869932338 10.201159939817654  
    10.154507474374627 10.106979929582883 10.058586641780352  
    10.009337807005021 9.95924450511452 9.908318689134429  
    9.856573175957909 9.804021646047783 9.750678626603792  
    9.69655946698559 9.641680332115492 9.586058184286541  
    9.529710726293764 9.47265640754182 9.414914370397694  
    9.356504424399487 9.297446987431986 9.237763069155772  
    9.177474203915805 9.116602421907677 9.05517015280944  
    8.993200208409153 8.930715666863131 8.867739810222144  
    8.804295990607026 8.74040749194252 8.676097321266212  
    8.611387937818696 8.546300862155006 8.48085610738607  
    8.415071360263592 8.34896077749419 8.282533208758148  
    8.215789566684776 8.148718898771666 8.081292611134476  
    8.013455794220484 7.945114424062138 7.876116337215234  
    7.806223049280967 7.735068238540596 7.662096827459864  
    7.586476392079971 7.506970048863774 7.421757790994572  
    7.328193660569276 7.222494296272466 7.099379853969899  
    6.951750118661109 6.770600383245171 6.545574645152041  
    6.266748537206001 5.928159793423337 5.532751229884444  
    5.096534331229295 4.6482359308695465 4.222289696742176  
    3.848132917434139 3.5422586305629578 3.3069868518659997 
  DENSITY_IMP_0 = 0.6519796852182762 0.6459644059185375  
    0.6394613061125036 0.6324887325208841 0.6250654878010355  
    0.6172107947647947 0.6089442632852999 0.6002858531818203  
    0.5912558405107775 0.5818747816661667 0.5721634769404208  
    0.562142935504819 0.5518343383728437 0.5412590015461072  
    0.5304383390556271 0.5193938244364451 0.5081469531922157  
    0.49671920367459865 0.4851319973457368 0.4734066587076379  
    0.46156437687519136 0.449626163351379 0.43761281246236344  
    0.42554485849678114 0.41344253771132955 0.40132574505628854  
    0.38921399425079073 0.3771263773529303 0.3650815250077983  
    0.35309756777546797 0.3411920963776073 0.32938212566634567  
    0.31768405776015335 0.30611364873636865 0.2946859740492321  
    0.2834153987535768 0.27231554804058095 0.26139928078508906  
    0.2506786651619838 0.24016495775766147 0.22986858382734698  
    0.21979912375537142 0.20996529846711848 0.2003749621946482  
    0.19103509580497913 0.1819518054554805 0.17313032413557108  
    0.16457501641209157 0.15628938783721547 0.14827609722620919  
    0.1405369721244092 0.1330730290695077 0.12588449633845988  
    0.11897083893123442 0.11233078890318153 0.1059623762373062  
    0.09986296374551337 0.09402928311801556 0.08845747426922825  
    0.0831431250991964 0.07808131399232335 0.07326665152555892  
    0.06869332517084564 0.06435514215686983 0.06024557372285516  
    0.05635779784297619 0.05268474183748008 0.04921912252878729  
    0.04595348484630197 0.04288023742499569 0.03999168387393008  
    0.03728004912140681 0.034737498800809535 0.03235614889185311  
    0.0301280629552236 0.028045231028335192 0.026099524585523448  
    0.02428261611451479 0.02258585077286237 0.0210000493497667  
    0.019515216439031847 0.01812011891940468 0.01680169373013453  
    0.015544246605027382 0.014328433076226957 0.013130108995428623  
    0.011919379295724716 0.010660697847533962 0.009315836965100759  
    0.007852906523891003 0.006265320474829701 0.00460115282795851  
    0.0029895347789982638 0.0016274733666633442 0.0006904235205507912  
    0.00020742420070102497 3.8639795452921495e-05  
    3.6038053244165204e-06 1.0858036081532455e-07 3.01042235009598e-10  
    5.334715144662964e-17 
  DENSITY_IMP_1 = 0.525940143 0.52519138 0.5243843592 0.5235198354  
    0.5225985632 0.521621297 0.5205887914 0.5195018008000001  
    0.5183610798 0.5171673830000001 0.5159214648 0.5146240798  
    0.5132759826000001 0.5118779276000001 0.5104306694 0.5089349624  
    0.5073915612 0.5058012204 0.5041646946 0.502482738 0.5007561054  
    0.4989855512 0.4971718302 0.4953156964 0.49341790480000003  
    0.49147920980000004 0.48950036580000006 0.4874821274 0.485425249  
    0.4833304854 0.481198591 0.4790303204 0.4768264278  
    0.47458766820000003 0.4723147958 0.4700085652 0.46766973100000003  
    0.4652990476 0.46289726960000005 0.4604651516 0.4580034478  
    0.4555129132 0.452994302 0.450448369 0.44787586840000004  
    0.44527755480000003 0.4426541828 0.44000650680000003 0.4373352814  
    0.4346412612 0.4319252004 0.4291878534 0.426429975 0.423652319  
    0.42085563980000007 0.41804069140000005 0.41520822780000005  
    0.41235900200000003 0.409493767 0.4066132746 0.40371827600000004  
    0.4008095194 0.3978877512 0.3949537128 0.3920081398 0.389051758  
    0.3860852792 0.38310939380000003 0.3801247606 0.3771319912  
    0.37413162640000003 0.3711241014 0.3681096938 0.36508844600000007  
    0.36206004960000004 0.359023672 0.35597770079999996 0.3529193594  
    0.34984413940000003 0.3467449566 0.34361090079999995  
    0.34042539439999997 0.3371634915999999 0.33378795339999995  
    0.33024362160000004 0.32644952359999996 0.32228816860000004  
    0.3175918768 0.31212714340000003 0.30558081340000004 0.2975572208  
    0.2876037672 0.2752903654 0.2603638756 0.24296121419999978  
    0.2237866851999998 0.2040954806 0.1853915829 0.16896303078  
    0.15553276096 0.14520249624 
  DENSITY_IMP_2 = 0.013148503575 0.0131297845 0.013109608980000001  
    0.013087995885 0.01306496408 0.013040532425000001 0.013014719785  
    0.012987545020000001 0.012959026995000001 0.012929184575  
    0.01289803662 0.012865601995 0.012831899565 0.01279694819  
    0.012760766735000002 0.012723374059999999 0.01268478903  
    0.01264503051 0.012604117365 0.01256206845 0.012518902635  
    0.01247463878 0.012429295755 0.01238289241 0.01233544762  
    0.012286980245 0.012237509145 0.012187053185 0.012135631224999999  
    0.012083262135 0.012029964775 0.01197575801 0.011920660695000002  
    0.011864691705000001 0.011807869895 0.01175021413  
    0.011691743275000001 0.011632476190000001 0.011572431740000002  
    0.01151162879 0.011450086195 0.01138782283 0.011324857550000001  
    0.011261209225 0.011196896710000001 0.011131938870000002  
    0.011066354569999999 0.01100016267 0.010933382035 0.01086603153  
    0.01079813001 0.010729696335 0.010660749375 0.010591307975  
    0.010521390995000001 0.010451017285000001 0.010380205695  
    0.01030897505 0.010237344175000001 0.010165331865  
    0.010092956900000002 0.010020237985 0.009947193779999999  
    0.009873842820000001 0.009800203495 0.009726293950000001  
    0.00965213198 0.009577734845 0.009503119015 0.00942829978  
    0.009353290660000001 0.009278102535 0.009202742345  
    0.009127211150000002 0.00905150124 0.0089755918 0.00889944252  
    0.008822983985000001 0.008746103485000002 0.008668623915  
    0.00859027252 0.00851063486 0.008429087289999998  
    0.008344698834999999 0.00825609054 0.00816123809 0.008057204215  
    0.00793979692 0.007803178585000001 0.007639520335 0.00743893052  
    0.00719009418 0.006882259135 0.006509096890000001  
    0.006074030354999994 0.005594667129999995 0.005102387014999999  
    0.0046347895725 0.0042240757695 0.003888319024 0.003630062406 
  DENSITY_TH = 23.843682475006723 23.81482411758146 23.783740223627497  
    23.750447601234114 23.714962593238962 23.677301113010202  
    23.6374786961697 23.595510519078182 23.551411451174218  
    23.505196081558832 23.456878746119582 23.406473581180187  
    23.353994551222158 23.29945547642389 23.24287008824938  
    23.184252049343556 23.123615009697783 23.060972636455396  
    22.996338653649264 22.929726863642358 22.86115123212981  
    22.79062588378862 22.71816517910263 22.643783701333216  
    22.56749637834867 22.489318451378715 22.409265542884214  
    22.32735370630207 22.243599447167195 22.158019789729533  
    22.07063227944739 21.981455046963653 21.890506817024846  
    21.79780699767863 21.70337564033577 21.607233525436424  
    21.50940217328442 21.40990386118491 21.308761666458018  
    21.205999478012338 21.101641997457655 20.995714808534625  
    20.888244317182885 20.779257823980352 20.66878347492502  
    20.556850309354523 20.443488239774428 20.32872803779791  
    20.21260134336778 20.09514064316379 19.976379236505586  
    19.85635124303549 19.735091589286544 19.612635918493762  
    19.48902063478182 19.364282825717698 19.238460246039487  
    19.111591235031984 18.98371472375577 18.854870139395807  
    18.725097390707678 18.594436714529436 18.46292868696915  
    18.33061403150313 18.197533537462146 18.06372783100703  
    17.929237136902522 17.79410089370621 17.658357240098695  
    17.522042252715007 17.38518881570607 17.24782497358359  
    17.10997148993419 16.97163822355815 16.832818747164776  
    16.693482292371666 16.553561890174475 16.412936547940483  
    16.271404941782137 16.128646304295234 15.984162488320965  
    15.837192625260597 15.686587927539863 15.53062968299997  
    15.366768242943774 15.19125645267457 14.998652073249277  
    14.781180964112467 14.528005866889899 14.224573477581108  
    13.85246223828517 13.390544304512042 12.818659233726  
    12.124820032703337 11.315228127844438 10.42265743898929  
    9.505708369149545 8.634609369762176 7.869453049998138  
    7.243938341410957 6.762806262377999 
  NI = 22.652614143213448 22.630538547162924 22.606784949334994  
    22.58135103742823 22.554233578157927 22.52542848882041  
    22.4949309216994 22.462735320076362 22.428835503868445  
    22.393224732317666 22.355895767759158 22.316840963880367  
    22.276052330684315 22.233521599087783 22.18924031305875  
    22.14319988844711 22.095391706275567 22.0458071818708  
    21.994437844338528 21.94127539848472 21.886311847219616  
    21.829539530457243 21.77095124068527 21.710540254026437  
    21.64830048821734 21.584226516277425 21.51831367368842  
    21.45055814836414 21.380957041934398 21.309508474419065  
    21.236211627294786 21.16106684288731 21.084075670769693  
    21.00524098903726 20.924567000591537 20.842059347352848  
    20.757725150968838 20.671573056609823 20.583613299956035  
    20.493857739864676 20.402319879635307 20.309014948749255  
    20.213959859165765 20.117173283560703 20.018675614010043  
    19.91848901022904 19.816637378268858 19.713146351915817  
    19.608043292095566 19.501357253207583 19.39311893397118  
    19.283360664230983 19.172116368573082 19.05942145258753  
    18.94531281508364 18.82982874079539 18.713008848798975  
    18.59489397486397 18.475526138311544 18.35494840783161  
    18.233204843815354 18.11034030561888 17.986400416818306  
    17.861431333726262 17.735479620444288 17.60859198121405  
    17.48081498388504 17.352194642532424 17.222775875637392  
    17.09260172431001 16.96171221477214 16.830142720527185  
    16.69792155498838 16.565066417516295 16.431579133369553  
    16.29743779754333 16.16258522226895 16.026911588440967  
    15.890228848124275 15.752232674430468 15.612446098561934  
    15.470136477081192 15.324193654919728 15.172952784159943  
    15.013940097727549 14.843515581989143 14.656387321138553  
    14.444988592544933 14.198759707939798 13.903500237322218  
    13.541200766490341 13.091149290304083 12.533497074412002  
    11.856319586846674 11.065502459768888 10.19306866245859  
    9.296471861739093 8.444579393484352 7.696265834868278  
    7.0845172611259155 6.613973703731999 
  NZ = 1.1910683317932764 1.1842855704185375 1.1769552742925036  
    1.1690965638058841 1.1607290150810357 1.1518726241897947  
    1.1425477744702999 1.1327751990018204 1.1225759473057775  
    1.1119713492411667 1.1009829783604208 1.089632617299819  
    1.0779422205378437 1.0659338773361073 1.0536297751906272  
    1.041052160896445 1.0282233034222157 1.0151654545845987  
    1.0019008093107369 0.9884514651576378 0.9748393849101914  
    0.961086353331379 0.9472139384173633 0.9332434473067812  
    0.9191958901313296 0.9050919351012886 0.8909518691957907  
    0.8767955579379304 0.8626424052327983 0.848511315310468  
    0.8344206521526072 0.8203882040763456 0.8064311462551533  
    0.7925660086413687 0.7788086397442321 0.7651741780835768  
    0.751677022315581 0.738330804575089 0.7251483665019839  
    0.7121417381476615 0.699322117822347 0.6866998597853713  
    0.6742844580171186 0.6620845404196481 0.6501078609149792  
    0.6383612991254806 0.6268508615055711 0.6155816858820916  
    0.6045580512722155 0.5937833899562092 0.5832603025344092  
    0.5729905788045077 0.56297522071346 0.5532144659062344  
    0.5437078196981816 0.5344540849223062 0.5254513972405134  
    0.5166972601680155 0.5081885854442283 0.49992173156419645  
    0.4918925468923234 0.4840964089105589 0.4765282701508456  
    0.46918269777686983 0.46205391701785514 0.4551358497929762  
    0.44842215301748006 0.44190625117378735 0.43558136446130197  
    0.4294405284049957 0.42347660093393014 0.4176822530564068  
    0.4120499349458096 0.40657180604185317 0.4012396137952236  
    0.3960444948283352 0.39097666790552343 0.38602495949951476  
    0.38117609365786237 0.3764136298647667 0.3717163897590318  
    0.36705614817940463 0.36239427262013446 0.35767689884002735  
    0.35282814521622696 0.3477408706854286 0.34226475211072477  
    0.336192371567534 0.3292461589501008 0.321073240258891  
    0.3112614717948297 0.29939501420795855 0.2851621593139983  
    0.2685004458566634 0.24972566807555055 0.22958877653070084  
    0.2092365074104529 0.1900299762778244 0.17318721512986082  
    0.15942108028504223 0.14883255864600006 
  DENSITY_HE = 0.6519796852182762 0.6459644059185375 0.6394613061125036  
    0.6324887325208841 0.6250654878010355 0.6172107947647947  
    0.6089442632852999 0.6002858531818203 0.5912558405107775  
    0.5818747816661667 0.5721634769404208 0.562142935504819  
    0.5518343383728437 0.5412590015461072 0.5304383390556271  
    0.5193938244364451 0.5081469531922157 0.49671920367459865  
    0.4851319973457368 0.4734066587076379 0.46156437687519136  
    0.449626163351379 0.43761281246236344 0.42554485849678114  
    0.41344253771132955 0.40132574505628854 0.38921399425079073  
    0.3771263773529303 0.3650815250077983 0.35309756777546797  
    0.3411920963776073 0.32938212566634567 0.31768405776015335  
    0.30611364873636865 0.2946859740492321 0.2834153987535768  
    0.27231554804058095 0.26139928078508906 0.2506786651619838  
    0.24016495775766147 0.22986858382734698 0.21979912375537142  
    0.20996529846711848 0.2003749621946482 0.19103509580497913  
    0.1819518054554805 0.17313032413557108 0.16457501641209157  
    0.15628938783721547 0.14827609722620919 0.1405369721244092  
    0.1330730290695077 0.12588449633845988 0.11897083893123442  
    0.11233078890318153 0.1059623762373062 0.09986296374551337  
    0.09402928311801556 0.08845747426922825 0.0831431250991964  
    0.07808131399232335 0.07326665152555892 0.06869332517084564  
    0.06435514215686983 0.06024557372285516 0.05635779784297619  
    0.05268474183748008 0.04921912252878729 0.04595348484630197  
    0.04288023742499569 0.03999168387393008 0.03728004912140681  
    0.034737498800809535 0.03235614889185311 0.0301280629552236  
    0.028045231028335192 0.026099524585523448 0.02428261611451479  
    0.02258585077286237 0.0210000493497667 0.019515216439031847  
    0.01812011891940468 0.01680169373013453 0.015544246605027382  
    0.014328433076226957 0.013130108995428623 0.011919379295724716  
    0.010660697847533962 0.009315836965100759 0.007852906523891003  
    0.006265320474829701 0.00460115282795851 0.0029895347789982638  
    0.0016274733666633442 0.0006904235205507912 0.00020742420070102497  
    3.8639795452921495e-05 3.6038053244165204e-06  
    1.0858036081532455e-07 3.01042235009598e-10 5.334715144662964e-17 
  BETAN_TH_TARGET = 0.34948642466071267 
  BETAN_TH = 0.7698046001012213 
  PMHD = -1732.5681915256525 -369.4552373045206 1112.7890432752451  
    2710.5852526523745 4420.30273210809 6238.263408897693  
    8160.745584824801 10183.987656694322 12304.191787070644  
    14517.527511284417 16820.135285181288 19208.12999691635  
    21677.604414582962 24224.63257985331 26845.27318064689  
    29535.572845656836 32291.56943392743 35109.29525547135  
    37984.78026138057 40914.05516336212 43893.15462401108  
    46918.12026249905 49985.003768454895 53089.8698007524  
    56228.79914553016 59397.89150688169 62593.26848072835  
    65811.07646855964 69047.48948228608 72298.71205005741  
    75560.98189781491 78830.57279008304 82103.79715851744  
    85377.00898964061 88646.60620707303 91909.03348554946  
    95160.78475525652 98398.40568450268 101618.49623921869  
    104817.71307281328 107992.77180991661 111140.44963892506  
    114257.58720403197 117341.09112997464 120387.93585358685  
    123395.16593184501 126359.89792455384 129279.32223771255  
    132150.70505194366 134971.38999785122 137738.79966604584  
    140450.4373238905 143103.88842767949 145696.8214878682  
    148226.98980050025 150692.2322012165 153090.47414451133  
    155419.7281228156 157678.09462292818 159863.76205100698  
    161975.0070429834 164010.1932222426 165967.77085135184  
    167846.2739983308 169644.31761796834 171360.5917821958  
    172993.85356396768 174542.9142070361 176006.62008805654  
    177383.82383817964 178673.34069225742 179873.8829685947  
    180983.9614464505 182001.73700873827 182924.79764658466  
    183749.8228558929 184472.08122779266 185084.67529130727  
    185577.41366758646 185935.12764573743 186135.1697756398  
    186143.72199993517 185910.3956816894 185360.44765117156  
    184383.81278659977 182820.21060897256 180440.16158249334  
    176923.54791827942 171841.57487872607 164656.23957080278  
    154764.14856899012 141623.4225262019 124993.89942944783  
    105256.45217914943 83643.83685280885 62114.719221769505  
    42753.63301297113 27002.416361848376 15263.334174157386  
    7082.533470109495 1625.211152792676 
/

&INMETRIC
  IP = 8100000.004 
  BCENTR = 7.0 
  RMAJOR = 3.9611902035547963 3.9612141645851398 3.9612856312707714  
    3.9614040621517566 3.961569449682628 3.961780836227298  
    3.962037662185382 3.96233908814858 3.9626839865689867  
    3.9630715495677546 3.963500579649602 3.963969891273436  
    3.9644786707774538 3.965025457092646 3.9656092760056536  
    3.966229121841106 3.9668835303765038 3.967570914705398  
    3.9682901942894926 3.9690398968002247 3.969818122769971  
    3.9706234630940385 3.9714543666773845 3.9723090916502413  
    3.9731858401674467 3.9740828330854754 3.9749982319106163  
    3.9759302377771353 3.9768769518102918 3.977836508514649  
    3.9788069438918114 3.9797864442441298 3.9807731670148683  
    3.9817653230397494 3.982760882818966 3.983757825855739  
    3.9847543953734226 3.9857489821156844 3.986740162571704  
    3.9877265726915088 3.988706983705146 3.9896802545350925  
    3.9906453285881662 3.9916012489567367 3.992547106181321  
    3.9934820836041314 3.9944054188584097 3.995316389466603  
    3.9962143556424605 3.9970986974728513 3.997968869482689  
    3.9988243435438706 3.9996646501778783 4.000489350721681  
    4.001298030836489 4.002090337958192 4.002865911241912  
    4.003624459717299 4.004365678324644 4.0050893257361295  
    4.005795155959778 4.006482975119846 4.007152569558296  
    4.007803757941489 4.008436387781289 4.009050353349513  
    4.009645641830593 4.010222089741308 4.010779603074935  
    4.011318813702279 4.011839721929431 4.012342996786494  
    4.012828810384889 4.013297774275905 4.013750238623848  
    4.014186527606629 4.014607010267272 4.015011790134782  
    4.01540085960526 4.015774103994292 4.016130912935605  
    4.016470978084498 4.016792602715851 4.01709363899259  
    4.017371026663495 4.017621207450411 4.017840201594288  
    4.0180168340202655 4.018140269011523 4.018194338804035  
    4.018158928895248 4.018014474151572 4.017727052033731  
    4.0172639138134185 4.016607814781398 4.015776113285205  
    4.014795070639133 4.013691529080674 4.0125161312658815  
    4.011339937936812 4.010253735193639 
  AMINOR = 1.3386327708705645 
  KAPPA = 1.9182319169640016 1.917426852079394 1.9150116574255711  
    1.9132804660513572 1.9109155332234409 1.9079365069920922  
    1.9045112590923092 1.9005942661586908 1.8963171447653258  
    1.89174368458692 1.886940570535749 1.8819993766163787  
    1.8769881132398691 1.871962194193387 1.8670023215568474  
    1.8621399715251936 1.857377791403485 1.8527176664598088  
    1.848150198323301 1.8436564852593722 1.8392250638564898  
    1.8348552232783804 1.8305487950566193 1.8263055464960232  
    1.8221244730984971 1.8180043784236415 1.8139469030655875  
    1.8099527081793934 1.806023196726803 1.802159733585473  
    1.798363310846104 1.7946355507654324 1.7909773522534504  
    1.787390350285639 1.7838765193995199 1.7804369375131104  
    1.777072815509651 1.7737847169847218 1.7705734818069612  
    1.7674395731359618 1.7643830839604258 1.7614045047668412  
    1.75850363994207 1.755680709294737 1.7529356614376341  
    1.7502683071002838 1.7476787435741294 1.7451667050797723  
    1.7427321521106074 1.7403750195222287 1.738095081360069  
    1.735892402597883 1.7337668234536199 1.7317182844746422  
    1.7297469007553188 1.7278525013421575 1.7260353360698835  
    1.7242954272493494 1.7226328551880805 1.721047946154191  
    1.7195408186220449 1.7181120489560466 1.716761838496496  
    1.715490143018228 1.7142976837160682 1.7131858158096172  
    1.7121560911833476 1.711205935287763 1.7103454659927717  
    1.709598265765724 1.7089827522626981 1.7085265412046404  
    1.7082576972718133 1.7082049016983551 1.7084008517818678  
    1.708878615346368 1.7096723444036868 1.7108197547688921  
    1.7123597066861513 1.714333445552139 1.7167874770889362  
    1.719768613777974 1.7233334985545359 1.7275376245924483  
    1.7324452627199953 1.73812590403376 1.7446636695505162  
    1.7521141320066453 1.7604802957155847 1.769746438038974  
    1.779869963559069 1.7907298534595286 1.8021760788075873  
    1.8140497203908403 1.8262873816976677 1.8389798452097128  
    1.8525473936098977 1.8678329485968266 1.8863068360249442  
    1.9108644403987987 1.9503415483017974 
  DELTA = 0.0 0.0034960968291202644 0.006800106759153446  
    0.010092879861149845 0.013383276993219633 0.016657254717360168  
    0.01991491584603095 0.02315644731435293 0.026380420131683256  
    0.02958853355539919 0.032779757627175894 0.035954938312475676  
    0.0391180362001785 0.04226885625309244 0.04541015448471089  
    0.048544252333087116 0.05167234852099877 0.05479359367047993  
    0.05790838621489058 0.06101639839086495 0.06411624695525935  
    0.06720971492031894 0.07029727260725323 0.07337880584456836  
    0.07645431190296616 0.07952382150826755 0.08258743265491666  
    0.08564529960292369 0.08869768227397042 0.09174492683255285  
    0.09478696169622713 0.09782365292447448 0.10085476184988758  
    0.10388122771245734 0.10690380219375614 0.10992272409728884  
    0.1129376967606736 0.11594865715521988 0.11895530974242635  
    0.12195756424969507 0.1249554597809319 0.12794880629806815  
    0.13093811885338716 0.1339233538834614 0.13690496544425657  
    0.13988370166106878 0.14285968602413188 0.14583408086028604  
    0.14880742349205003 0.1517805511885664 0.15475474041499596  
    0.15774656534879528 0.16075140651392683 0.16376127224961906  
    0.1667772585170613 0.1698008341414555 0.17283318449025747  
    0.17587716994423463 0.1789345518692633 0.18200726780596319  
    0.18509669525068045 0.18820419079637873 0.19133040180179384  
    0.19447642503912976 0.19764502403004078 0.20083834522546165  
    0.20406098349707463 0.20731575936066746 0.21061010300834804  
    0.21396485670768856 0.2173989925970803 0.22093651804203965  
    0.2246007801099525 0.22842227553264285 0.23242880331852084  
    0.23665163986371263 0.24112839514195758 0.24589729067453242  
    0.2509963237692398 0.25647579116761604 0.2623774299623886  
    0.2687667575527931 0.27570929892528107 0.28326714468026465  
    0.2915134513292557 0.3005389542570575 0.31042876735257  
    0.3212404418378797 0.33296613909684136 0.34561355877698713  
    0.3591391049978964 0.3734176093879447 0.38833782400936073  
    0.40367422920077156 0.4192791723780712 0.4351903258880741  
    0.4515813257499752 0.46892123671068414 0.48806033031801277  
    0.5098422288201314 0.5369088712679515 
  NRHO = 101 
  RHOB = 1.8381425240625457 
  RHO = 0.0 0.01 0.02 0.03 0.04 0.05 0.06 0.07 0.08 0.09 0.1 0.11 0.12  
    0.13 0.14 0.15 0.16 0.17000000000000004 0.18 0.19 0.2 0.21 0.22  
    0.23 0.24 0.25 0.26 0.27 0.28 0.29 0.3 0.31 0.32 0.33  
    0.3400000000000001 0.35 0.36 0.37 0.38 0.39 0.4 0.41 0.42 0.43 0.44  
    0.45 0.46 0.47 0.48 0.48999999999999994 0.5 0.51 0.52 0.53 0.54  
    0.55 0.56 0.57 0.58 0.59 0.6 0.61 0.62 0.63 0.64 0.65 0.66 0.67  
    0.6800000000000002 0.69 0.7 0.71 0.72 0.73 0.74 0.75 0.76 0.77 0.78  
    0.79 0.8 0.81 0.82 0.83 0.84 0.85 0.86 0.87 0.88 0.89 0.9 0.91 0.92  
    0.93 0.94 0.95 0.96 0.97 0.9799999999999999 0.99 1.0 
  VOLP = 0.0 2.8047404488867165 5.609649267503114 8.414889473302143  
    11.220621135399053 14.026988236033823 16.83412894199999  
    19.642162548810134 22.451190230951013 25.261305043136673  
    28.072568611133335 30.885036800422107 33.69874589169434  
    36.513693082290374 39.32988186228598 42.14728643219047  
    44.96582266070713 47.78539613560294 50.60590209240401  
    53.42718055200525 56.24903943862997 59.07128094993175  
    61.893664960220434 64.71591251985225 67.5377213279609  
    70.35875661383072 73.17866267955704 75.99704300542972  
    78.81348423341899 81.62753661480502 84.4387260509632  
    87.24660772240087 90.05069497023322 92.85038120096365  
    95.64497929938007 98.43396000095565 101.21694847617341  
    103.9935462908844 106.7633075122916 109.52577275059464  
    112.28050527106436 115.02706548687314 117.7650036982268  
    120.49386796142032 123.21321312672247 125.92258350744285  
    128.6215127025263 131.30956276432428 133.9862596065263  
    136.6511322406922 139.30373382892628 141.94358031829253  
    144.57020351394547 147.1831182336632 149.78184939158282  
    152.36592193540946 154.93482031055623 157.48806048765385  
    160.02514731247896 162.5455446590481 165.0487408494728  
    167.53425501553738 170.00157200239153 172.45008683248705  
    174.87918348612462 177.28838312015395 179.67665579174255  
    182.0428033338984 184.38458393657902 186.6983146302884  
    188.982059725045 191.2333064387449 193.44851897663372  
    195.62518187045671 197.7599655798576 199.849434036185  
    201.89012481703367 203.87807416275015 205.80942191934113  
    207.67911586694646 209.4818359167216 211.21146427806568  
    212.8607225049294 214.4227727590239 215.88358858105556  
    217.2244836920744 218.43631961522303 219.51336579798414  
    220.43696851594697 221.17807042868864 221.7046995873492  
    221.9860363902593 222.01889661623548 221.83787478673642  
    221.51296545385912 221.11816583723538 220.66614578637794  
    220.05553496926453 219.23893157208965 217.39633944647596  
    214.0402287082505 
  IPOL = 1.0149193083398438 1.014916731963921 1.0149089885768652  
    1.0148960353478766 1.0148778022633302 1.0148541944441505  
    1.0148250953921818 1.014790371326304 1.0147498777845465  
    1.0147034663811534 1.0146509957938994 1.0145923423123124  
    1.0145274074491275 1.0144561361160696 1.0143785270058356  
    1.0142945830816443 1.0142042876226012 1.01410763022418  
    1.0140045877939166 1.0138951406615901 1.013779303106134  
    1.0136570663646305 1.0135284689626702 1.0133935337966613  
    1.013252306728842 1.013104822718871 1.0129511461739604  
    1.0127913326343618 1.01262544908079 1.012453570918857  
    1.0122757739558423 1.0120921310890523 1.0119027219044745  
    1.011707686821472 1.0115071787526038 1.011301253677086  
    1.0110898910081598 1.0108730951171565 1.0106508785988075  
    1.010423255484791 1.0101902454730083 1.0099518724169085  
    1.009708165377114 1.0094591655351046 1.009204910681903  
    1.0089454542525225 1.0086808507898832 1.008411164754798  
    1.008136466579523 1.0078568358046236 1.0075723611486276  
    1.007283136953316 1.0069892701595262 1.0066908686059364  
    1.0063880615198406 1.0060809766925742 1.005769755478311  
    1.00545455366334 1.0051355273284113 1.0048128499579647  
    1.0044867062312743 1.0041572843807294 1.0038247902087547  
    1.0034894356032935 1.0031514514893292 1.0028110592447539  
    1.0024688431440167 1.0021264891560264 1.0017867734818675  
    1.0014527834019809 1.001127453253294 1.0008134927323533  
    1.0005133302106395 1.0002290668434193 0.9999624568494567  
    0.9997148702994803 0.9994872828588728 0.9992802806639729  
    0.9990940784320577 0.9989285608403196 0.9987833440832006  
    0.998657877285387 0.9985515754701211 0.9984640212956071  
    0.9983952130112687 0.9983459048506994 0.9983150331443105  
    0.99830148049091 0.9983087348945603 0.998343013550961  
    0.9984111793802595 0.9985195517776272 0.9986711928208402  
    0.9988620656106714 0.9990785920437177 0.9992990942001063  
    0.9995015065635355 0.9996718211019904 0.9998078029477016  
    0.9999147225404779 0.999996189826896 
  G11 = 0.0 3.492898426584145 6.983919703651702 10.472618956403428  
    13.958724763454518 17.439248457750004 20.9115444579346  
    24.372974724279928 27.819891545946746 31.249909594470353  
    34.664331245853084 38.059966346194926 41.43516818806409  
    44.79853957145764 48.15525439806053 51.50446684308452  
    54.85194789568813 58.1959286525073 61.52185262028254  
    64.85809879231311 68.18301407525934 71.48011222258002  
    74.77602565422136 78.07049872774357 81.35596451467805  
    84.63720225847845 87.91936463841877 91.18937328005792  
    94.46310295333619 97.73415144854751 101.00093684497378  
    104.26712958178408 107.534048626363 110.80111097568772  
    114.06936730910519 117.33948714214623 120.61207834646227  
    123.88775119013611 127.16710274882139 130.45059266518481  
    133.73875011589269 137.0321929556114 140.33157751495034  
    143.6382231488739 146.95215188496013 150.27211675393102  
    153.6007429576646 156.94064729788582 160.2870683556592  
    163.6455225790053 167.01421269540026 170.39430618808603  
    173.7865676340266 177.19170746117675 180.6110373505911  
    184.04247511112163 187.4926117685931 190.95576108242906  
    194.43483774140046 197.9337213872689 201.4508310949044  
    204.98604587062286 208.5414070720037 212.1179346339885  
    215.7165459841309 219.3393434407385 222.98940323412606  
    226.67105787397867 230.39696032976988 234.1827901394748  
    238.03891490060104 241.9779002041261 246.01452142540063  
    250.16224634581582 254.43705334164613 258.85676636127357  
    263.44109237128805 268.2133498855073 273.19909085865993  
    278.4293496668149 283.9385855221957 289.76829839579864  
    295.96832960749816 302.592708642847 309.71804983681847  
    317.43845651666766 325.79534327795136 334.76853013704994  
    344.35917363371294 354.59574955691807 365.4612316064679  
    376.918143480754 388.9019568928313 401.39836427519333  
    414.57569751057736 428.83293203961574 445.21170019766197  
    465.51847303628523 493.6166513078436 536.5343681578794  
    614.9642330380045 
  G22 = 0.0 0.02255489243523468 0.045099497576046386  
    0.06763276547564372 0.09015471462541667 0.11264769887451109  
    0.13509627624663315 0.15748486336452533 0.179791288382285  
    0.20200149479922738 0.22412503396589872 0.24614253927844634  
    0.26804447054016883 0.2898873931011947 0.3117060518272987  
    0.3334959505023297 0.35529496703721275 0.37709233359392863  
    0.3987944167195222 0.4205854495175145 0.44232536580012294  
    0.46390766114707055 0.48550532040027927 0.5071167735075754  
    0.528692941045483 0.5502648699068642 0.5718661216950971  
    0.5934114872433427 0.6150041854219152 0.6366023615173435  
    0.6581955006704251 0.679807785120216 0.7014478259878695  
    0.7231110399118187 0.7448030362539382 0.7665285503480588  
    0.7882932787375209 0.8101026658330508 0.8319616847208444  
    0.8538742968433053 0.8758451832318567 0.8978795731933974  
    0.9199829037159927 0.9421650093169188 0.9644272217368053  
    0.9867625653211444 1.0091893996641652 1.0317262909781102  
    1.054343084541977 1.0770772608045995 1.09991839258039  
    1.122875378923957 1.1459545418192185 1.1691618275433968  
    1.1925072972436874 1.2159785705887358 1.23962034877638  
    1.2633965137807728 1.287327699515459 1.3114408465263674  
    1.3357268563138653 1.360186613053177 1.3848350487389312  
    1.4096797854323464 1.4347279529213373 1.4599957808922746  
    1.4855031048450835 1.5112792580115548 1.5374066317607729  
    1.5639779662649909 1.5910626156533425 1.6187417105808215  
    1.647103557031778 1.6762362301666696 1.7062383909916226  
    1.737221266858867 1.7693092159540849 1.8026473723128167  
    1.8373976463655584 1.8737503545054113 1.9119175377974746  
    1.9521525495708538 1.9947550914591916 2.0400535376088373  
    2.088461003604011 2.1404689220224835 2.1962421779831236  
    2.255496092142639 2.3179545336703367 2.383348714870347  
    2.4509561175814034 2.5197888950903433 2.589019739375834  
    2.658932966158744 2.7319711194699714 2.812420930484819  
    2.908055239705353 3.030615321431392 3.2059704306416963  
    3.476767128959802 3.9853824672048184 
  G33 = 1.019691009068606 1.0196832131426146 1.019660342572312  
    1.0196229249182822 1.019571303734586 1.0195068044630413  
    1.0194303127537863 1.0193432785033683 1.0192473336226109  
    1.0191437869419369 1.0190346234518897 1.018921334951253  
    1.0188055302343628 1.0186894054490137 1.0185743285802837  
    1.0184620011059142 1.0183550428989427 1.01825567132623  
    1.0181658323042004 1.0180881185953672 1.0180251515826753  
    1.017979169682503 1.0179526581266358 1.0179482802180322  
    1.017968586758099 1.0180161925981523 1.0180935658447068  
    1.01820336376099 1.0183480635970024 1.0185302462404189  
    1.0187524421598138 1.0190165201652222 1.0193245910469655  
    1.019679771862385 1.020085648988118 1.020543874959136  
    1.0210544742934207 1.0216177039637997 1.0222342689969084  
    1.0229049523635556 1.0236302825639576 1.0244107903640818  
    1.0252470707350974 1.026139704785586 1.0270892078458267  
    1.0280961519907028 1.0291611851993017 1.0302847065275467  
    1.031467393682222 1.0327098778079877 1.034012595474882  
    1.0353762525661523 1.0368014271377741 1.038288811776876  
    1.0398390067782735 1.0414526161671345 1.043130507383319  
    1.0448733186304713 1.0466817670469974 1.0485568173237954  
    1.050499260806558 1.0525097019829268 1.0545889511490754  
    1.0567383672038084 1.0589593473284382 1.0612524589309853  
    1.0636210681721114 1.0660681146422288 1.0686013565197572  
    1.0712362365315709 1.0739777959264394 1.0768343524868467  
    1.0798199532154378 1.0829429154614576 1.0862162301391254  
    1.0896536256077942 1.0932692060798093 1.0970800611544995  
    1.1011030256870298 1.1053616264052086 1.1098810702523183  
    1.1146910328633604 1.119827503186771 1.1253242571490605  
    1.131252789679212 1.1377089106219453 1.1447421492719057  
    1.1523857771225456 1.1607379254222205 1.1699526540811187  
    1.1802051185771512 1.1916744287108865 1.2044063681775654  
    1.2182569601835016 1.2328950517684434 1.2479610558177319  
    1.2634262938191572 1.27991260157671 1.297748490739351  
    1.3219615518489722 1.356142134111941 
  GRADRHO = 1.1415944051262488 1.0911605548539787 1.0911041366971845  
    1.09103278029206 1.0910640890782022 1.0910226458194252  
    1.0908856115778414 1.090656897031081 1.0902759258988755  
    1.0897545132408304 1.0891435214658138 1.0884037189873605  
    1.0875395255789497 1.0866701431438708 1.0858411480910701  
    1.0850433903980428 1.0843362927804796 1.083691430981347  
    1.0829763042035696 1.0824432614226285 1.081892020505044  
    1.0811979613639988 1.080573805969677 1.080011529888225  
    1.0794557656811603 1.078937704917842 1.0784859069691486  
    1.0780179763459135 1.0776280492408454 1.0772751337038964  
    1.0769492503047986 1.076668433881928 1.0764374114137665  
    1.0762511108364237 1.0761135276415175 1.0760257243701066  
    1.0759873027798075 1.075998230693453 1.0760583440226341  
    1.0761673854294367 1.0763251337810926 1.0765317105962027  
    1.0767876447706777 1.0770955842682788 1.0774535019539555  
    1.0778548774473578 1.0783073195653314 1.07881793689833  
    1.0793682171869787 1.0799752776725642 1.0806311629583942  
    1.0813378155975597 1.082096063401616 1.082906327901119  
    1.0837708195118894 1.0846817370461563 1.0856567168981295  
    1.0866775213097313 1.087751092177608 1.0888867070091857  
    1.0900782734880385 1.0913230821621178 1.092624889489272  
    1.0939857568649756 1.0954077123429227 1.0968940071177073  
    1.0984476101100171 1.1000709090712089 1.101774912255923  
    1.10358132088311 1.1055014132106338 1.107547274072265  
    1.1097423792061039 1.1121010947754968 1.114639989023304  
    1.1173801838459447 1.120341499040607 1.123545745964454  
    1.127017388694171 1.1307858542376976 1.1348826148433049  
    1.1393426240230937 1.1442130510917932 1.14954124029629  
    1.15540886354313 1.1619284392053888 1.1691452753285456  
    1.1771216110318974 1.1859814007250025 1.195866824417446  
    1.2069921071371803 1.2195493219251174 1.2335270155299918  
    1.2487982118722531 1.2650859610102516 1.28183283493071  
    1.2993279253434797 1.3179330119588948 1.3414226734505623  
    1.3645092386381004 1.3978507142513203 
  AREA = 0.0 3.0715387560182243 6.1399573712196345 9.207075015495995  
    12.271510660729524 15.332156864237284 18.38899723442925  
    21.441498145647984 24.48973755507914 27.53393632643203  
    30.574304155657522 33.611188452601 36.64521891557031  
    39.67678673276803 42.70624951698765 45.73387382332018  
    48.759742542658145 51.783716141994375 54.805942969053596  
    57.826453294674096 60.844694584300996 63.86137903846423  
    66.87648109608818 69.89005614363447 72.90193641604687  
    75.91234366417446 78.9210236276845 81.92814868483798  
    84.93365576566431 87.93747991677046 90.9396279757389  
    93.94009100734513 96.93881171384542 99.9357463029464  
    102.93084989425645 105.92406399196484 108.91532885574887  
    111.90458051898179 114.89175298142223 117.87678066404904  
    120.85959285347892 123.84012119378431 126.81829210327214  
    129.79402779497875 132.76724613629716 135.73787755665847  
    138.70585717668828 141.6710873184136 144.63348504456872  
    147.59300015005664 150.54951102493754 153.50297971532012  
    156.4532873123243 159.40039075543854 162.3441708086135  
    165.2845860229008 168.2215300154344 171.15492828250513  
    174.08472080503014 177.01082070915493 179.93313904993437  
    182.85161163200732 185.76617830861088 188.67677123626711  
    191.58330975339916 194.4857021493279 197.38387695143845  
    200.27782456072245 203.1676578326488 206.0537504041909  
    208.93655325042096 211.81664846165407 214.6947094162181  
    217.57144137597234 220.44766933810507 223.32429368119978  
    226.2023002298994 229.08279841979657 231.96704084650187  
    234.85641205880242 237.75252580250432 240.65718309638933  
    243.57252664163235 246.50095909522088 249.4453126122785  
    252.40882942151373 255.39520555999798 258.4075920880765  
    261.4477601271401 264.5165125956928 267.61289146388293  
    270.7323510808791 273.8670619839675 277.00767243351584  
    280.1481311111032 283.29363537612153 286.4673245937565  
    289.7176893169535 293.1367621326495 296.92222716538436  
    301.7451730595929 
  RMINOR = 0.0 0.01313738471204351 0.026285551773497673  
    0.0394418027477943 0.052613955861007256 0.06580766915730063  
    0.07902642952570327 0.09227591731788398 0.10555925661083543  
    0.11887984185337297 0.13224001946219577 0.14564045985155682  
    0.15908207732549706 0.17256454898813867 0.18608509112810157  
    0.1996415843966619 0.21323236389461542 0.22685543455933233  
    0.24051097061395765 0.2541992018717707 0.2679177536801267  
    0.28166935889334255 0.29545321778806644 0.30926890809467644  
    0.32311505457941525 0.33699215558968354 0.35089830862838123  
    0.3648335939557916 0.3787969435649938 0.39278724493134454  
    0.40680374396893515 0.42084553342669695 0.4349115471935012  
    0.4490006845495249 0.46311172052886596 0.47724352046565977  
    0.4913949400867388 0.5055648325626119 0.5197520157615978  
    0.5339553403842909 0.5481736781249222 0.5624058851622273  
    0.5766508619450834 0.5909074468754647 0.6051745068123302  
    0.6194509534385646 0.6337357450401495 0.6480276831481786  
    0.66232565594405 0.6766286944736233 0.6909355020759986  
    0.7052451897267318 0.7195564552197937 0.7338684007990406  
    0.7481797232034539 0.7624895050495328 0.7767965128849257  
    0.7910996313499037 0.8053978556735542 0.8196899975751211  
    0.8339748837294503 0.8482513967772864 0.8625183759355817  
    0.8767747258183833 0.891019238023691 0.9052506450909357  
    0.9194677240504245 0.93366917934917 0.9478512820706118  
    0.9620096764496722 0.9761386405040469 0.9902314017679572  
    1.004280389492466 1.0182773329650934 1.032213433457393  
    1.046079180088191 1.0598646761476374 1.073559377463782  
    1.0871521361103615 1.10063143557275 1.1139850729194216  
    1.1272004146604804 1.1402635569633301 1.1531606401810597  
    1.1658767588302212 1.1783966860051733 1.1907053490302313  
    1.2027889544967838 1.2146436947483972 1.226266099990026  
    1.2376578052022267 1.2488348419686817 1.2598090521326362  
    1.2705936622360623 1.2812003072307279 1.2916381583997947  
    1.3018793238066226 1.3118534428889377 1.3214537251464542  
    1.330503323965971 1.3386327708705645 
  SHIFT = -0.03880979644520366 -0.03878583541486025  
    -0.03871436872922862 -0.038595937848243445 -0.03843055031737208  
    -0.03821916377270185 -0.037962337814617886 -0.037660911851419954  
    -0.03731601343101332 -0.03692845043224535 -0.036499420350398104  
    -0.03603010872656398 -0.03552132922254625 -0.0349745429073538  
    -0.034390723994346395 -0.033770878158894124 -0.033116469623496236  
    -0.03242908529460209 -0.03170980571050741 -0.03096010319977527  
    -0.030181877230028853 -0.029376536905961537 -0.028545633322615505  
    -0.027690908349758736 -0.026814159832553308 -0.025917166914524614  
    -0.025001768089383702 -0.02406976222286472 -0.02312304818970823  
    -0.022163491485351017 -0.021193056108188557 -0.02021355575587025  
    -0.019226832985131725 -0.018234676960250606 -0.017239117181034214  
    -0.01624217414426088 -0.015245604626577425 -0.014251017884315598  
    -0.013259837428296173 -0.012273427308491236 -0.01129301629485413  
    -0.010319745464907548 -0.00935467141183377 -0.008398751043263264  
    -0.007452893818678863 -0.006517916395868628 -0.005594581141590282  
    -0.0046836105333971645 -0.003785644357539475 -0.002901302527148708  
    -0.002031130517310853 -0.0011756564561293814  
    -0.00033534982212168885 0.0004893507216809923 0.0012980308364891613  
    0.0020903379581920234 0.0028659112419120447 0.003624459717299189  
    0.004365678324644406 0.005089325736129524 0.00579515595977842  
    0.0064829751198463015 0.007152569558296129 0.007803757941489131  
    0.008436387781289412 0.00905035334951343 0.009645641830593021  
    0.010222089741308338 0.010779603074935196 0.011318813702279051  
    0.011839721929431057 0.012342996786493643 0.012828810384888811  
    0.013297774275905283 0.013750238623847721 0.014186527606629085  
    0.01460701026727218 0.015011790134781933 0.015400859605260386  
    0.0157741039942918 0.01613091293560487 0.016470978084497823  
    0.016792602715851146 0.01709363899259042 0.017371026663495215  
    0.017621207450410736 0.017840201594287564 0.01801683402026555  
    0.018140269011523102 0.01819433880403487 0.018158928895248394  
    0.018014474151572202 0.017727052033730928 0.01726391381341852  
    0.01660781478139839 0.015776113285205007 0.014795070639133101  
    0.013691529080674059 0.01251613126588147 0.011339937936812206  
    0.010253735193638924 
  PMHD = 18071.97934 18135.29472851004 18325.36807094047  
    18642.5838691948 19087.55590297655 19661.078133398034  
    20364.064080268436 21197.469684817082 22162.172883081068  
    23258.876890246927 24487.934094814125 25849.192153583455  
    27341.99877290974 28964.94128619962 30715.715782869993  
    32591.33396635066 34588.33460959033 36702.861915719084  
    38931.032744006276 41268.6604010862 43710.64837218793  
    46252.379838808985 48888.21852341704 51612.25290415297  
    54418.06470052839 57299.281639137844 60248.77345098689  
    63259.569632238614 66324.32196402882 69435.4362965351  
    72585.25650661309 75766.45374940286 78971.60482044952  
    82190.98492625299 85413.86314946806 88633.60182725599  
    91847.62829553598 95052.38594082475 98244.24671075353  
    101419.82759343262 104575.69307095061 107708.48812651147  
    110814.9019044894 113891.67555240117 116935.6040995045  
    119943.56333573743 122912.49563133396 125839.38834960938  
    128721.31174848092 131555.43746784996 134338.96155914385  
    137069.220409438 139743.57133880546 142359.51814500996  
    144914.5824284273 147406.44570580107 149832.81386764403  
    152191.5169290939 154480.48568813223 156697.71182139232  
    158841.29420420548 160909.4331124333 162900.40435976457  
    164812.5764499291 166644.41717305654 168394.49879698874  
    170061.42040763813 171643.7220649006 173139.90267865668  
    174548.4996640047 175868.1677593562 177097.5906656562  
    178235.36549551456 179279.84122516803 180228.8844607698  
    181079.57614292472 181827.7360498802 182467.21222717318  
    182988.84929901653 183378.92701752292 183616.8180984603  
    183671.6136603759 183497.05369961422 183024.14968480368  
    182151.16905908415 180728.91549772606 178542.59077813991  
    175289.0598918811 170556.56027413177 163818.62360125032  
    154465.71107180632 141917.5217050634 125849.43250946455  
    106533.70330136352 85103.3287830112 63500.43787589921  
    43882.22863260813 27814.42159553945 15801.379993674696  
    7420.604167161386 1855.9738707267916 
  QMHD = 5.113194111465954 5.109467404303407 5.098366019506196  
    5.080125150362552 5.055135369800507 5.0239402181249195  
    4.987230793325559 4.945836128660096 4.900708667242559  
    4.852899150625899 4.803523240034603 4.7537121868344725  
    4.704541749102795 4.656953527262927 4.611649676223507  
    4.568895263829406 4.528319715791517 4.48886242311259  
    4.449885355497484 4.411512449103259 4.373834280291704  
    4.336934333109712 4.300830636985191 4.265473227248027  
    4.230784101176465 4.196786666876044 4.16350127150466  
    4.13092250389444 4.099052398784511 4.067894062284119  
    4.037453633279531 4.007738740286043 3.9787558358901958  
    3.950509454478421 3.9230058347088703 3.8962554639234903  
    3.870266113765841 3.8450391468982317 3.820581239800953  
    3.7968979634755975 3.773991228490335 3.7518667389735123  
    3.7305252919584313 3.7099730572045693 3.690210792940415  
    3.671239916426598 3.65306873354741 3.6356927303689837  
    3.6191202283779345 3.603352782031184 3.5883906091910887  
    3.574242011276636 3.5609058735489545 3.5483884377211057  
    3.536694781284815 3.5258268860485473 3.5157933180171512  
    3.506596627814142 3.4982468937635582 3.490747223812625  
    3.484098577158827 3.478320947155795 3.4734365929771944  
    3.4694586171028545 3.46633785941457 3.464018554542305  
    3.462707042456015 3.463051606068015 3.466084602611512  
    3.4728542462601752 3.4840494893023353 3.5003480667402265  
    3.5222158142134563 3.5501071032347387 3.584464150016754  
    3.6256214718390734 3.6739261204731775 3.729737154967157  
    3.79336568170706 3.865141673205988 3.945399653162104  
    4.034420997224465 4.1325734508105745 4.240205918855645  
    4.358071577755539 4.485955106410134 4.622471381314402  
    4.763228745648574 4.904876656509224 5.043881024533447  
    5.174277805920412 5.288448040557026 5.381961477310679  
    5.4563197088955935 5.523087215920315 5.605032454823366  
    5.730013846570776 5.929190254080182 6.253027076761789  
    6.803957630190943 7.978898232050573 
  ER = 0.0 0.0 0.0 0.0 0.0 0.0 0.0 0.0 0.0 0.0 0.0 0.0 0.0 0.0 0.0 0.0  
    0.0 0.0 0.0 0.0 0.0 0.0 0.0 0.0 0.0 0.0 0.0 0.0 0.0 0.0 0.0 0.0 0.0  
    0.0 0.0 0.0 0.0 0.0 0.0 0.0 0.0 0.0 0.0 0.0 0.0 0.0 0.0 0.0 0.0 0.0  
    0.0 0.0 0.0 0.0 0.0 0.0 0.0 0.0 0.0 0.0 0.0 0.0 0.0 0.0 0.0 0.0 0.0  
    0.0 0.0 0.0 0.0 0.0 0.0 0.0 0.0 0.0 0.0 0.0 0.0 0.0 0.0 0.0 0.0 0.0  
    0.0 0.0 0.0 0.0 0.0 0.0 0.0 0.0 0.0 0.0 0.0 0.0 0.0 0.0 0.0 0.0 0.0 
  NC1 = 0.9985000662105492 0.9282792723003879 0.901675839502728  
    0.8823138067876758 0.8666387571015064 0.8532822826883556  
    0.8415494942979722 0.8310311073313383 0.8214606456547737  
    0.8126555228443024 0.8044837487956764 0.7968456174224259  
    0.7896655552372533 0.7828837284248729 0.7764522244249152  
    0.7703340249265664 0.7644990981602859 0.7589214551082204  
    0.7535783196307161 0.748450528428972 0.7435213000065727  
    0.7387738598852727 0.7341953319272206 0.7297744180066572  
    0.7255012654759821 0.7213663250705215 0.7173616126738793  
    0.7134796178501712 0.7097136021037954 0.7060576599063106  
    0.7025061188230612 0.6990534685075313 0.6956948979603327  
    0.6924265393381267 0.6892452271788186 0.6861467349657201  
    0.6831262501538885 0.6801795257490831 0.6773029280710099  
    0.6744932061657792 0.6717471544996583 0.6690618751167126  
    0.6664346512173166 0.6638629822339885 0.6613445316091392  
    0.6588771031652394 0.6564587039109895 0.6540873693910598  
    0.6517613616965705 0.649478981252714 0.6472386909982204  
    0.6450389781495331 0.642878505340791 0.6407559874640039  
    0.6386701592157025 0.6366198820287328 0.6346040841662876  
    0.6326217826097372 0.6306719754367192 0.6287538168746958  
    0.626866475807515 0.6250089590439164 0.623180625650828  
    0.6213809084045525 0.6196092234007061 0.6178646511297194  
    0.6161477896793212 0.6144560511592865 0.6127869634533414  
    0.6111430473927755 0.6095228359137683 0.6079266247371276  
    0.6063569171931913 0.6048145646814131 0.6033018942809464  
    0.6018210841170907 0.6003747922792739 0.5989657261022899  
    0.5975967258119933 0.5962723652277344 0.5949964558433756  
    0.5937737538231771 0.5926117234532021 0.591516281340487  
    0.5905009040881187 0.5895825558930774 0.5887772473640405  
    0.5881108558665566 0.5876149232995744 0.5873277863903813  
    0.587306016210796 0.5876059211234859 0.5882386984860165  
    0.5891527839307993 0.5902183373645932 0.591255004495168  
    0.5921604587665474 0.5929080495023294 0.5935003345361946  
    0.5941236304709482 0.5951470086496702 
  HFAC1 = 1.0000000000002487 0.9966826885245508 0.9933612846448279  
    0.9900366675389389 0.9867070784537988 0.9833715231614077  
    0.9800294320791646 0.9766798576321043 0.9733225065889801  
    0.9699569329184814 0.9665831747737003 0.9632014588961946  
    0.9598121086726608 0.9564158705470679 0.953013850827417  
    0.949607141929306 0.9461969946647438 0.942784501787892  
    0.9393701872677487 0.9359547848545443 0.932539593852275  
    0.9291245153203991 0.9257104410786527 0.9222981798625803  
    0.9188887126105858 0.9154825565435375 0.9120807511145952  
    0.9086839260076102 0.905292860970304 0.9019084209290898  
    0.898531295849271 0.8951619457486568 0.8918009672023725  
    0.8884494060337329 0.8851085186159989 0.8817786206948506  
    0.878459358920952 0.8751505189081169 0.8718521450622118  
    0.8685643311250665 0.8652870588348995 0.8620203613922113  
    0.8587642781840552 0.8555188973624895 0.8522842774882976  
    0.849060494919183 0.8458476830744839 0.8426458852364702  
    0.8394552857075829 0.8362759836037881 0.8331081170483827  
    0.8299518282620465 0.8268073059201826 0.823674716357343  
    0.8205542535931056 0.8174460614106529 0.8143504363024914  
    0.8112675851243283 0.8081977027474684 0.805141112484772  
    0.8020980807253414 0.7990688033248136 0.7960536378688934  
    0.7930529931542027 0.7900671926145749 0.7870962789323971  
    0.7841422126325921 0.7812061108818411 0.7782916117124652  
    0.7754068609675517 0.7725550593052269 0.7697414181587523  
    0.7669730839760123 0.7642552151280971 0.7615951747978065  
    0.7590000998997279 0.7564776869506453 0.7540367035126705  
    0.7516856797357344 0.7494358617452712 0.7472984385514067  
    0.7452864491549724 0.7434157311371024 0.7417005349188383  
    0.7401679257987632 0.738850522021766 0.7377654291838055  
    0.7369208133263223 0.736339963460625 0.7360636173696402  
    0.7361338468725099 0.7365890732167935 0.7374220725027849  
    0.7385621780488355 0.7398877724803146 0.7412943110568775  
    0.7428052051430969 0.7446723046552475 0.7470406255478967  
    0.7516941802877709 0.7598502519260201 
  HFAC2 = 1.0000000000000018 0.9933818478192556 0.9867883816588596  
    0.980221234680167 0.973676871396475 0.9671533055455698  
    0.9606494232182252 0.9541634269478867 0.9476947821394628  
    0.9412426954207168 0.9348073003247519 0.9283890615484657  
    0.9219886375867123 0.9156074478449211 0.9092475340428836  
    0.9029109466645312 0.8966000215491224 0.8903167465086432  
    0.8840620463436211 0.8778372257874903 0.8716445472056666  
    0.8654836952033677 0.8593561652997748 0.8532632929260704  
    0.8472066927234094 0.841187120467172 0.8352062284635589  
    0.829264934647668 0.8233643904002568 0.817505880591457  
    0.8116903553782486 0.8059183301399262 0.8001905554582781  
    0.7945085541955299 0.7888742004580522 0.7832876778327511  
    0.7777479766111633 0.772254343176843 0.7668064743220583  
    0.7614041617397057 0.7560469968632925 0.7507346583514177  
    0.7454668418880982 0.7402433160941324 0.735063805949686  
    0.7299280637228794 0.7248359351039996 0.7197871151912534  
    0.7147815273511663 0.7098189604308522 0.7048992591483673  
    0.7000222718396323 0.6951879258679605 0.6903961093957949  
    0.6856467419772105 0.6809396749050077 0.6762749848840173  
    0.6716526150367903 0.6670724801317676 0.6625347052938021  
    0.6580393151675982 0.6535861622902155 0.6491753931800828  
    0.6448073022321625 0.6404820608566091 0.6361992956437644  
    0.6319614679220268 0.6277692795365757 0.6236265540066487  
    0.619544254682013 0.6155256512075307 0.6115768733900137  
    0.6077074355582396 0.6039234201853338 0.6002340678810363  
    0.5966483639577391 0.5931758813504872 0.5898274878465606  
    0.5866137285394855 0.5835490143704063 0.5806474882593252  
    0.5779255968733438 0.5754040297151819 0.5731010260550702  
    0.5710537173683949 0.5693080392561408 0.567888788919174  
    0.5668148546542987 0.566128528873662 0.5658952604354243  
    0.5661906669939258 0.5670850405242744 0.5685731696191564  
    0.5705491257927693 0.572813374403606 0.5751604992612235  
    0.5775717753828522 0.5803343747084646 0.5836299056393041  
    0.5896549329560826 0.6000960282456629 
  PSI = 0.0 0.00023622285846563036 0.0009458825217457212  
    0.0021319723041854756 0.0037994069480613195 0.00595489375491785  
    0.008606761146666768 0.01176474094257211 0.015439610862712153  
    0.019642898647715824 0.02438629588245384 0.029681221677838786  
    0.035538746520485893 0.04196867874734233 0.048979086184651674  
    0.05657720987413916 0.06476999847076276 0.07356465320454451  
    0.08296999408745385 0.0929950215668524 0.10364689406035821  
    0.1149365529854005 0.12687158560346437 0.1394608625676059  
    0.15271182111931136 0.16663369731533906 0.18123361696470405  
    0.19652005722356572 0.21250074761386614 0.22918304787288152  
    0.24657447354924844 0.26468234074983005 0.28351352380198663  
    0.30307471259521934 0.32337235811912396 0.34441261000432366  
    0.3662012898734447 0.38874389280146626 0.41204557230583516  
    0.4361111118314942 0.46094492227517136 0.4865510106294056  
    0.5129329666379212 0.5400939270404528 0.5680365361925463  
    0.5967631417491026 0.6262755431317724 0.656574844205227  
    0.6876618660823552 0.7195369621761997 0.7521995336476961  
    0.7856490758334181 0.8198837579660802 0.8549019647187963  
    0.8907006696647106 0.9272769820496203 0.9646268806265046  
    1.0027457963162325 1.0416288058344656 1.0812700410832052  
    1.121662925283583 1.162800426777348 1.2046746596552393  
    1.2472768629899065 1.2905977202684231 1.3346280298391733  
    1.3793577720860495 1.4247716678860338 1.4708434156746826  
    1.5175310089956957 1.5647791191998162 1.6125210825505962  
    1.6606807082407329 1.7091750344994425 1.7579145704137216  
    1.8068055535661798 1.8557516187713379 1.904654710317092  
    1.9534165340368408 2.0019402014397496 2.050130844092005  
    2.097897559909239 2.145153600417748 2.19181779084706  
    2.237812470009768 2.283066237770877 2.3275241015330037  
    2.3711662419784942 2.4140146597066323 2.456118654997442  
    2.4975595773279915 2.5384663822150144 2.5790038277828846  
    2.619339551654683 2.659587178601499 2.6997301996607552  
    2.73957278109335 2.7787351897270387 2.8166296442475183  
    2.8523879571481765 2.8844476084646864 
  VOL = 0.0 0.025906618592296086 0.10358025006100116 0.2330009065118045  
    0.4141326585860059 0.6469158701298892 0.9313163827360289  
    1.2672973022399814 1.6548472186965903 2.093984043583932  
    2.5847325157631045 3.1271323091253778 3.7212696109955723  
    4.367203460406836 5.064953768446374 5.814547196181884  
    6.615982473469936 7.469219188159259 8.374305585776721  
    9.331257687159015 10.339921599673708 11.4005366113589  
    12.513038589977432 13.677478099848216 14.89376247155798  
    16.161968477647626 17.481986570250115 18.853839372703163  
    20.27748647606728 21.752862015805196 23.279922968696553  
    24.85861983567699 26.488876465795563 28.170613245426495  
    29.90374137286544 31.688161218220195 33.52376528725333  
    35.410438602901564 37.34805804180459 39.33649301744647  
    41.37560502025697 43.46524766134688 45.605266019830324  
    47.7954951958185 50.035759844716324 52.32588772856676  
    54.66569516684538 57.054973239647516 59.493521694979236  
    61.98113936946766 64.5175807923323 67.10264494968503  
    69.73606372433298 72.41761930427711 75.14702527719822  
    77.92404205708016 80.74838285317813 83.61975812677565  
    86.53789133885941 89.50247748745326 92.51319241460637  
    95.56972136590387 98.671738634788 101.81890549812428  
    105.01086986161359 108.24726579090782 111.52770935952856  
    114.85180212358551 118.21912408589385 121.62920214247093  
    125.0814993764223 128.5754559136792 132.11044725448323  
    135.6857843085267 139.30073556159311 142.9545021990912  
    146.64622164585182 150.37496298677587 154.13972434137548  
    157.93941947566145 161.77286715024024 165.63878824008071  
    169.53578284935713 173.4623041468654 177.41664574344225  
    181.39678515942205 185.40043939001163 189.42526431406608  
    193.46860499829984 197.52743048403687 201.59814937708535  
    205.676437467783 209.75758123634904 213.83717565910712  
    217.9113928012486 221.97789428249956 226.03566971186902  
    230.08237419090636 234.11304164450485 238.11909125556474  
    242.10875365402265 
  GR2I = 0.06366142025549659 0.06366098779939972 0.063659767629035  
    0.06365779270702118 0.06365504998884922 0.063651648278257  
    0.06364761945895576 0.0636430567113572 0.06363805705045195  
    0.06363269130475763 0.06362708042834425 0.06362131172508098  
    0.06361547859057518 0.06360971523345747 0.06360409992259447  
    0.0635987340213928 0.0635937747913754 0.06358935226222218  
    0.06358558272328696 0.06358261951266067 0.0635806178239602  
    0.06357971183673505 0.06358004991780758 0.06358179029969369  
    0.06358508446264784 0.06359008938564639 0.06359695248071723  
    0.06360583229481248 0.06361687712628453 0.06363024130285326  
    0.06364607364840015 0.06366448785288048 0.06368561870760725  
    0.06370965524053587 0.06373680071089474 0.0637671450652377  
    0.06380069383890666 0.0638374694248194 0.06387751763046161  
    0.06392088754625341 0.06396761408289048 0.0640177328023831  
    0.06407128272825616 0.06412830217416321 0.06418882570261228  
    0.06425289093435799 0.06432054008977862 0.06439180087716165  
    0.06446671729556186 0.0645453303651161 0.06462767036905662  
    0.06471378300533066 0.06480370584264517 0.06489748490144077  
    0.06499515961808697 0.06509676948201479 0.06520237017444841  
    0.06531200379537508 0.06542571666103966 0.06554357019811567  
    0.06566561711038797 0.0657918983566608 0.0659224634960862  
    0.06605739431155691 0.06619678619933159 0.06634068522490469  
    0.06648927835262458 0.06664270921558368 0.06680145083552569  
    0.06696649624673987 0.06713817760700903 0.06731700666292784  
    0.06750386504888196 0.06769928389673638 0.067904077066514  
    0.06811909816921227 0.06834523113164098 0.06858353820487087  
    0.06883506562165978 0.06910126697655991 0.06938369395881067  
    0.0696841909060967 0.07000500167803647 0.07034819062616374  
    0.07071803212382813 0.07112052415411409 0.0715590495101141  
    0.07203561824868204 0.07255596722768026 0.07312964542889078  
    0.07376779795980996 0.07448204129540487 0.07527594078385554  
    0.07614077796473756 0.07705592861702643 0.07799864635441053  
    0.07896659413197207 0.07999826701115578 0.08111351509273368  
    0.08262736429404482 0.08476631128562485 
  BP2 = -3.185363084412529e-11 5.033105761498291e-05  
    0.00020214493461878646 0.0004579668216564414 0.0008219800542832445  
    0.0012996990960019161 0.0018978996513823176 0.002624233425947864  
    0.003486799420969078 0.004493877319568185 0.005653239383839548  
    0.006971790116480747 0.008455306167562071 0.010107925932139494  
    0.011932587454047905 0.013933280790297431 0.01611658275007244  
    0.018491302740308413 0.021067357338374393 0.023852730149606316  
    0.026854228584539896 0.0300772438832837 0.03352982424353712  
    0.037219271013334776 0.04115419993668468 0.04534125190826188  
    0.04978828405123181 0.054502097671075944 0.05949049447532673  
    0.06476046701255456 0.07031915678925316 0.07617345011854582  
    0.08233001753691838 0.08879552396165735 0.09557644959538436  
    0.10267858575268463 0.11010740699509824 0.11786824272471819  
    0.1259659277045131 0.13440480362626772 0.14318888353046333  
    0.15232162829563833 0.1618060930331069 0.17164456175844123  
    0.18183904177969623 0.19239081101284938 0.20330025310453692  
    0.21456770827964533 0.22619219418263725 0.23817213294407935  
    0.2505059307253745 0.2631896224013204 0.2762203702785868  
    0.28959296874461415 0.30330213728156963 0.3173413115020196  
    0.33170338121792753 0.346380123988979 0.361361817549259  
    0.376639156561275 0.39220203290006594 0.4080363765283508  
    0.42412527315157433 0.4404538701150642 0.4570214225462692  
    0.47383202448766326 0.49081848663649197 0.5077853296790451  
    0.5244137825855404 0.5403636874021913 0.5553426529195349  
    0.5690822833481732 0.58137074804619 0.5920194739082305  
    0.6008663996680852 0.6078127035596239 0.6127928129373004  
    0.6157759329053221 0.6167847122530006 0.6158782362756341  
    0.613158864997196 0.6087670165343866 0.6028791699539156  
    0.5956477581811441 0.5872456101726797 0.5780403770743092  
    0.5686877056850008 0.5601237395120577 0.5531178300192323  
    0.5482821520957586 0.5466322785952116 0.5493210928751395  
    0.5569316416247574 0.5690758187398615 0.5836983953650403  
    0.5967684518831717 0.6041527363986745 0.6013482985249112  
    0.5861995517518466 0.5464692892298331 0.47721739738538815 
/



















